# iotrace init pid=84296 dump_dir=/Users/user/asahi_re/public/agx-re/experiments/EXP-0042-graphics-code-selection/raw/run_ba_p0/maps max_struct=65536 max_map=4194304 dump_atexit=0 n_dump_sel=0 only_conn=0x0
OPEN class=IOSurfaceRoot type=0 -> conn=1c03 ret=0x0
CALL seq=1 fn=Method conn=1c03 class=IOSurfaceRoot sel=13(0xd) inScalarCnt=0 inStructCnt=0
RET  seq=1 conn=1c03 sel=13(0xd) ret=0x0 outStructCnt=40
  OUT.struct len=40
  OUT 000000: ff3f 0000 7f00 0000 0080 0000 0000 0000 
  OUT 000010: 0040 0000 0000 0000 0040 0000 0000 0000 
  OUT 000020: 0000 0100 0000 0000                     
MEMENTRY size=0x40000 offset=0x10271c000 perm=0x400001 parent=0x0 -> handle=0x1a03 ret=0x0
CALL seq=2 fn=Method conn=1c03 class=IOSurfaceRoot sel=44(0x2c) inScalarCnt=1 inStructCnt=0 inScalars=[0x506]
RET  seq=2 conn=1c03 sel=44(0x2c) ret=0xe00002f0 outStructCnt=0
OPEN class=AGXAcceleratorG16G type=1048581 -> conn=2c03 ret=0x0
CALL seq=3 fn=Struct conn=2c03 class=AGXAcceleratorG16G sel=2(0x2) inScalarCnt=0 inStructCnt=0
RET  seq=3 conn=2c03 sel=2(0x2) ret=0x0 outStructCnt=536
  OUT.struct len=536
  OUT 000000: 0000 6802 0100 0000 0800 0000 0800 0000 
  OUT 000010: 0000 0000 8000 0000 0000 0000 0400 0000 
  OUT 000020: 0800 0000 0c00 0000 1000 0000 1400 0000 
  OUT 000030: 1800 0000 1c00 0000 2000 0000 2400 0000 
  OUT 000040: 2800 0000 2c00 0000 3000 0000 3400 0000 
  OUT 000050: 3800 0000 3c00 0000 4000 0000 4400 0000 
  OUT 000060: 4800 0000 4c00 0000 5000 0000 5400 0000 
  OUT 000070: 5800 0000 5c00 0000 6000 0000 6400 0000 
  OUT 000080: 6800 0000 6c00 0000 7000 0000 7400 0000 
  OUT 000090: 7800 0000 7c00 0000 8000 0000 8400 0000 
  OUT 0000a0: 8800 0000 8c00 0000 9000 0000 9400 0000 
  OUT 0000b0: 9800 0000 9c00 0000 a000 0000 a400 0000 
  OUT 0000c0: a800 0000 ac00 0000 b000 0000 b400 0000 
  OUT 0000d0: b800 0000 bc00 0000 c000 0000 c400 0000 
  OUT 0000e0: c800 0000 cc00 0000 d000 0000 d400 0000 
  OUT 0000f0: d800 0000 dc00 0000 e000 0000 e400 0000 
  OUT 000100: e800 0000 ec00 0000 f000 0000 f400 0000 
  OUT 000110: f800 0000 fc00 0000 0001 0000 0401 0000 
  OUT 000120: 0801 0000 0c01 0000 1001 0000 1401 0000 
  OUT 000130: 1801 0000 1c01 0000 2001 0000 2401 0000 
  OUT 000140: 2801 0000 2c01 0000 3001 0000 3401 0000 
  OUT 000150: 3801 0000 3c01 0000 4001 0000 4401 0000 
  OUT 000160: 4801 0000 4c01 0000 5001 0000 5401 0000 
  OUT 000170: 5801 0000 5c01 0000 6001 0000 6401 0000 
  OUT 000180: 6801 0000 6c01 0000 7001 0000 7401 0000 
  OUT 000190: 7801 0000 7c01 0000 8001 0000 8401 0000 
  OUT 0001a0: 8801 0000 8c01 0000 9001 0000 9401 0000 
  OUT 0001b0: 9801 0000 9c01 0000 a001 0000 a401 0000 
  OUT 0001c0: a801 0000 ac01 0000 b001 0000 b401 0000 
  OUT 0001d0: b801 0000 bc01 0000 c001 0000 c401 0000 
  OUT 0001e0: c801 0000 cc01 0000 d001 0000 d401 0000 
  OUT 0001f0: d801 0000 dc01 0000 e001 0000 e401 0000 
  OUT 000200: e801 0000 ec01 0000 f001 0000 f401 0000 
  OUT 000210: f801 0000 fc01 0000                     
CALL seq=4 fn=Struct conn=2c03 class=AGXAcceleratorG16G sel=0(0x0) inScalarCnt=0 inStructCnt=0
RET  seq=4 conn=2c03 sel=0(0x0) ret=0x0 outStructCnt=64
  OUT.struct len=64
  OUT 000000: 4043 0000 0000 0000 0000 0000 0000 0000 
  OUT 000010: 0000 0000 0000 0000 0200 0000 0000 0000 
  OUT 000020: 00c0 c2f5 0200 0000 0000 5238 0200 0000 
  OUT 000030: 0000 0000 0000 0000 0000 0000 0000 0000 
CALL seq=5 fn=Struct conn=2c03 class=AGXAcceleratorG16G sel=5(0x5) inScalarCnt=0 inStructCnt=0
RET  seq=5 conn=2c03 sel=5(0x5) ret=0x0 outStructCnt=32
  OUT.struct len=32
  OUT 000000: ef97 a72a 0000 0000 0040 ce06 0100 0000 
  OUT 000010: 0000 7602 0100 0000 0040 0000 0000 0000 
CALL seq=6 fn=Method conn=1c03 class=IOSurfaceRoot sel=32(0x20) inScalarCnt=0 inStructCnt=0
RET  seq=6 conn=1c03 sel=32(0x20) ret=0x0 outScalars=[0x10264c000]
CALL seq=7 fn=Struct conn=2c03 class=AGXAcceleratorG16G sel=258(0x102) inScalarCnt=0 inStructCnt=0
RET  seq=7 conn=2c03 sel=258(0x102) ret=0x0 outStructCnt=456
  OUT.struct len=456
  OUT 000000: 0000 0000 0000 0000 0000 0000 0000 0000 
  OUT 000010: 0000 0000 0000 0000 0000 0000 0000 0000 
  OUT 000020: 0000 0000 0000 0000 0000 0000 0000 0000 
  OUT 000030: 0000 0000 0000 0000 0000 0000 0000 0000 
  OUT 000040: 0000 0000 0000 0000 0000 0000 0000 0000 
  OUT 000050: 0000 0000 0000 0000 0000 0000 0000 0000 
  OUT 000060: 0000 0000 0000 0000 0000 0000 0000 0000 
  OUT 000070: 0000 0000 0000 0000 0000 0000 0000 0000 
  OUT 000080: 0000 0000 0000 0000 0000 0000 0000 0000 
  OUT 000090: 0000 0000 0000 0000 0000 0000 0000 0000 
  OUT 0000a0: 0000 0000 0000 0000 0000 0000 0000 0000 
  OUT 0000b0: 0000 0000 0000 0000 0000 0000 0000 0000 
  OUT 0000c0: 0000 0000 0000 0000 4a75 6c20 3331 2032 
  OUT 0000d0: 3032 3620 3232 3a34 333a 3233 0000 0000 
  OUT 0000e0: 0000 0000 0000 0000 7265 6c65 6173 6520 
  OUT 0000f0: 6665 6e64 6572 5f73 6372 6174 6368 5f72 
  OUT 000100: 616d 5f72 6574 656e 7469 6f6e 0000 0000 
  OUT 000110: 0000 0000 0000 0000 0000 0000 0000 0000 
  OUT 000120: 0000 0000 0000 0000 0000 0000 0000 0000 
  OUT 000130: 0000 0000 0000 0000 0000 0000 0000 0000 
  OUT 000140: 0000 0000 0000 0000 0000 0000 0000 0000 
  OUT 000150: 0000 0000 0000 0000 0000 0000 0000 0000 
  OUT 000160: 0000 0000 0000 0000 0000 0000 0000 0000 
  OUT 000170: 0000 0000 0000 0000 0000 0000 0000 0000 
  OUT 000180: 0000 0000 0000 0000 0000 0000 0000 0000 
  OUT 000190: 0000 0000 0000 0000 0000 0000 0000 0000 
  OUT 0001a0: 0000 0000 0000 0000 4a37 3733 6741 5000 
  OUT 0001b0: 0000 0000 0000 0000 0000 0000 0000 0000 
  OUT 0001c0: 0000 0000 0000 0000                     
CALL seq=8 fn=Struct conn=2c03 class=AGXAcceleratorG16G sel=256(0x100) inScalarCnt=0 inStructCnt=0
RET  seq=8 conn=2c03 sel=256(0x100) ret=0x0 outStructCnt=152
  OUT.struct len=152
  OUT 000000: 0000 0000 0000 0000 0000 0000 0000 0000 
  OUT 000010: ff03 0000 0000 0000 0000 0000 0000 0000 
  OUT 000020: 1b00 0000 0400 0000 0000 0000 0000 0000 
  OUT 000030: 0a00 0000 0400 0000 0400 0000 0400 0000 
  OUT 000040: 0000 0000 0a00 0000 0200 0000 0300 0000 
  OUT 000050: 0300 0000 0200 0000 0300 0000 0300 0000 
  OUT 000060: 1000 0000 0100 0000 0100 0000 0100 0000 
  OUT 000070: 0100 0000 0a00 0000 0a00 0000 0000 0000 
  OUT 000080: 0000 0000 0001 0100 0000 0000 0000 0300 
  OUT 000090: 0000 0000 0000 0000                     
CALL seq=9 fn=Method conn=2c03 class=AGXAcceleratorG16G sel=9(0x9) inScalarCnt=0 inStructCnt=104
  IN.struct len=104
  IN 000000: 0000 0000 0000 0000 0100 0100 0100 0000 
  IN 000010: 0101 0001 3004 0000 0000 0000 0000 0000 
  IN 000020: 0000 0000 0000 0000 0000 0000 0000 0000 
  IN 000030: 0000 0000 0000 0000 0000 0000 0000 0000 
  IN 000040: 0000 0000 0000 0000 0000 0100 0000 0000 
  IN 000050: 0000 0000 0000 0000 0000 0008 1800 0000 
  IN 000060: 0000 0000 0000 0000                     
RET  seq=9 conn=2c03 sel=9(0x9) ret=0x0 outStructCnt=88
  OUT.struct len=88
  OUT 000000: 0000 0000 0001 0000 00c0 ce06 0100 0000 
  OUT 000010: c000 7602 0100 0000 0000 0000 0000 0000 
  OUT 000020: 0000 0000 0100 0000 0000 0100 0000 0000 
  OUT 000030: f197 a72a 0000 0000 5b1d 5400 0000 0000 
  OUT 000040: 0000 0000 0000 0000 0000 0000 0000 0000 
  OUT 000050: 0000 0100 0000 0000                     
CALL seq=10 fn=Struct conn=2c03 class=AGXAcceleratorG16G sel=261(0x105) inScalarCnt=0 inStructCnt=72
  IN.struct len=72
  IN 000000: 0b00 0000 0000 0000 0000 0000 0000 0000 
  IN 000010: 0000 0000 0000 0000 0000 0000 0000 0000 
  IN 000020: 0000 0000 0000 0000 0000 0000 0000 0000 
  IN 000030: 0000 0000 0000 0000 0000 0000 0000 0000 
  IN 000040: 0000 0000 0000 0000                     
RET  seq=10 conn=2c03 sel=261(0x105) ret=0x0 outStructCnt=72
  OUT.struct len=72
  OUT 000000: 0b00 0000 0000 0000 0000 0000 0000 0000 
  OUT 000010: 0000 0000 0000 0000 0000 0000 0000 0000 
  OUT 000020: 0000 0000 0000 0000 0000 0000 0000 0000 
  OUT 000030: 0200 0000 0000 0000 0000 0000 0000 0000 
  OUT 000040: 0000 0000 0000 0000                     
CALL seq=11 fn=Method conn=2c03 class=AGXAcceleratorG16G sel=9(0x9) inScalarCnt=0 inStructCnt=104
  IN.struct len=104
  IN 000000: 0000 0000 0000 0000 0100 0100 0100 0000 
  IN 000010: 0101 0001 7004 0000 0000 0000 0000 0000 
  IN 000020: 0000 0000 0000 0000 0000 0000 0000 0000 
  IN 000030: 0100 0000 0000 0000 0000 0000 0000 0000 
  IN 000040: 0000 0000 0000 0000 0038 0000 0000 0000 
  IN 000050: 0000 0000 0000 0000 0000 0058 1800 0000 
  IN 000060: 0000 0000 0000 0000                     
RET  seq=11 conn=2c03 sel=9(0x9) ret=0x0 outStructCnt=88
  OUT.struct len=88
  OUT 000000: 0000 0000 6f00 0000 00c0 cf06 0100 0000 
  OUT 000010: 8001 7602 0100 0000 0000 0000 0000 0000 
  OUT 000020: 0000 0000 0200 0000 0040 0000 0000 0000 
  OUT 000030: f397 a72a 0000 0000 5d1d 5400 0000 0000 
  OUT 000040: 0000 0000 0000 0000 0000 0000 0000 0000 
  OUT 000050: 0040 0000 0000 0000                     
CALL seq=12 fn=Method conn=2c03 class=AGXAcceleratorG16G sel=9(0x9) inScalarCnt=0 inStructCnt=104
  IN.struct len=104
  IN 000000: 0000 0000 0000 0000 0100 0100 0100 0000 
  IN 000010: 0101 0001 7004 0000 0000 0000 0000 0000 
  IN 000020: 0000 0000 0000 0000 0000 0000 0000 0000 
  IN 000030: 0100 0000 0000 0000 0000 0000 0000 0000 
  IN 000040: 0000 0000 0000 0000 0000 0200 0000 0000 
  IN 000050: 0000 0000 0000 0000 0000 0000 0000 0000 
  IN 000060: 8849 d808 0100 0000                     
RET  seq=12 conn=2c03 sel=9(0x9) ret=0x0 outStructCnt=88
  OUT.struct len=88
  OUT 000000: 0080 0100 0001 0000 0040 d206 0100 0000 
  OUT 000010: 4002 7602 0100 0000 0000 0000 0000 0000 
  OUT 000020: 0000 0000 0300 0000 0000 0200 0000 0000 
  OUT 000030: 0b98 a72a 0000 0000 601d 5400 0000 0000 
  OUT 000040: 0000 0000 0000 0000 0000 0000 0000 0000 
  OUT 000050: 0000 0200 0000 0000                     
CALL seq=13 fn=Method conn=2c03 class=AGXAcceleratorG16G sel=9(0x9) inScalarCnt=0 inStructCnt=104
  IN.struct len=104
  IN 000000: 8000 0000 0000 0000 0100 0100 0100 0000 
  IN 000010: 0101 0001 300c 0000 0000 0000 0000 0000 
  IN 000020: 0000 0000 0000 0000 0000 0000 0000 0000 
  IN 000030: 0000 0000 0000 0000 0040 d206 0100 0000 
  IN 000040: 0040 d206 0100 0000 0000 0200 0000 0000 
  IN 000050: 0300 0000 0000 0000 0000 0000 1800 0000 
  IN 000060: 4055 d808 0100 0000                     
RET  seq=13 conn=2c03 sel=9(0x9) ret=0x0 outStructCnt=88
  OUT.struct len=88
  OUT 000000: 0080 0100 0001 0000 0000 0000 0000 0000 
  OUT 000010: 0003 7602 0100 0000 0000 0000 0000 0000 
  OUT 000020: 0000 0000 0400 0000 0000 0200 0000 0000 
  OUT 000030: 0c98 a72a 0000 0000 601d 5400 0000 0000 
  OUT 000040: 0000 0000 0000 0000 0000 0000 0000 0000 
  OUT 000050: 0000 0200 0000 0000                     
CALL seq=14 fn=Method conn=2c03 class=AGXAcceleratorG16G sel=9(0x9) inScalarCnt=0 inStructCnt=104
  IN.struct len=104
  IN 000000: 0000 0000 0000 0000 0100 0100 0100 0000 
  IN 000010: 0101 0001 3004 0000 0000 0000 0000 0000 
  IN 000020: 0000 0000 0000 0000 0000 0000 0000 0000 
  IN 000030: 0000 0000 0000 0000 0000 0000 0000 0000 
  IN 000040: 0000 0000 0000 0000 0000 0100 0000 0000 
  IN 000050: 0000 0000 0000 0000 0000 0008 1800 0000 
  IN 000060: 0000 0000 0000 0000                     
RET  seq=14 conn=2c03 sel=9(0x9) ret=0x0 outStructCnt=88
  OUT.struct len=88
  OUT 000000: 0000 0400 0001 0000 0040 d406 0100 0000 
  OUT 000010: c003 7602 0100 0000 0000 0000 0000 0000 
  OUT 000020: 0000 0000 0500 0000 0000 0100 0000 0000 
  OUT 000030: 0d98 a72a 0000 0000 611d 5400 0000 0000 
  OUT 000040: 0000 0000 0000 0000 0000 0000 0000 0000 
  OUT 000050: 0000 0100 0000 0000                     
CALL seq=15 fn=Method conn=2c03 class=AGXAcceleratorG16G sel=9(0x9) inScalarCnt=0 inStructCnt=104
  IN.struct len=104
  IN 000000: 0000 0000 0000 0000 0100 0100 0100 0000 
  IN 000010: 0101 0001 3084 0000 0000 0000 0000 0000 
  IN 000020: 0000 0000 0000 0000 0000 0000 0000 0000 
  IN 000030: 0000 0000 0000 0000 0000 0000 0000 0000 
  IN 000040: 0000 0000 0000 0000 0000 0100 0000 0000 
  IN 000050: 0000 0000 0000 0000 0000 0038 1800 0000 
  IN 000060: 0000 0000 0000 0000                     
RET  seq=15 conn=2c03 sel=9(0x9) ret=0x0 outStructCnt=88
  OUT.struct len=88
  OUT 000000: 0000 0000 0000 0000 0040 d506 0100 0000 
  OUT 000010: 8004 7602 0100 0000 0000 0000 0000 0000 
  OUT 000020: 0000 0000 0600 0000 0000 0100 0000 0000 
  OUT 000030: 0e98 a72a 0000 0000 621d 5400 0000 0000 
  OUT 000040: 0000 0000 0000 0000 0000 0000 0000 0000 
  OUT 000050: 0000 0100 0000 0000                     
CALL seq=16 fn=Method conn=2c03 class=AGXAcceleratorG16G sel=9(0x9) inScalarCnt=0 inStructCnt=104
  IN.struct len=104
  IN 000000: 8000 0000 0000 0000 0100 0100 0100 0000 
  IN 000010: 0101 0001 300c 0000 0000 0000 0000 0000 
  IN 000020: 0000 0000 0000 0000 0000 0000 0000 0000 
  IN 000030: 0000 0000 0000 0000 0042 d206 0100 0000 
  IN 000040: 0040 d206 0100 0000 0000 0200 0000 0000 
  IN 000050: 0300 0000 0000 0000 0000 0000 0000 0000 
  IN 000060: 8849 d808 0100 0000                     
RET  seq=16 conn=2c03 sel=9(0x9) ret=0x0 outStructCnt=88
  OUT.struct len=88
  OUT 000000: 0082 0100 0001 0000 0000 0000 0000 0000 
  OUT 000010: 4005 7602 0100 0000 0000 0000 0000 0000 
  OUT 000020: 0000 0000 0700 0000 0000 0200 0000 0000 
  OUT 000030: 0f98 a72a 0000 0000 601d 5400 0000 0000 
  OUT 000040: 0000 0000 0000 0000 0000 0000 0000 0000 
  OUT 000050: 00fe 0100 0000 0000                     
CALL seq=17 fn=Method conn=2c03 class=AGXAcceleratorG16G sel=9(0x9) inScalarCnt=0 inStructCnt=104
  IN.struct len=104
  IN 000000: 8000 0000 0000 0000 0100 0100 0100 0000 
  IN 000010: 0101 0001 300c 0000 0000 0000 0000 0000 
  IN 000020: 0000 0000 0000 0000 0000 0000 0000 0000 
  IN 000030: 0000 0000 0000 0000 0043 d206 0100 0000 
  IN 000040: 0040 d206 0100 0000 0000 0200 0000 0000 
  IN 000050: 0300 0000 0000 0000 0000 0000 0000 0000 
  IN 000060: 8849 d808 0100 0000                     
RET  seq=17 conn=2c03 sel=9(0x9) ret=0x0 outStructCnt=88
  OUT.struct len=88
  OUT 000000: 0083 0100 0001 0000 0000 0000 0000 0000 
  OUT 000010: 0006 7602 0100 0000 0000 0000 0000 0000 
  OUT 000020: 0000 0000 0800 0000 0000 0200 0000 0000 
  OUT 000030: 1098 a72a 0000 0000 601d 5400 0000 0000 
  OUT 000040: 0000 0000 0000 0000 0000 0000 0000 0000 
  OUT 000050: 00fd 0100 0000 0000                     
CALL seq=18 fn=Method conn=2c03 class=AGXAcceleratorG16G sel=9(0x9) inScalarCnt=0 inStructCnt=104
  IN.struct len=104
  IN 000000: 8000 0000 0000 0000 0100 0100 0100 0000 
  IN 000010: 0101 0001 300c 0000 0000 0000 0000 0000 
  IN 000020: 0000 0000 0000 0000 0000 0000 0000 0000 
  IN 000030: 0000 0000 0000 0000 0044 d206 0100 0000 
  IN 000040: 0040 d206 0100 0000 0000 0200 0000 0000 
  IN 000050: 0300 0000 0000 0000 0000 0000 0000 0000 
  IN 000060: 5800 a5f5 0100 0000                     
RET  seq=18 conn=2c03 sel=9(0x9) ret=0x0 outStructCnt=88
  OUT.struct len=88
  OUT 000000: 0084 0100 0001 0000 0000 0000 0000 0000 
  OUT 000010: c006 7602 0100 0000 0000 0000 0000 0000 
  OUT 000020: 0000 0000 0900 0000 0000 0200 0000 0000 
  OUT 000030: 1198 a72a 0000 0000 601d 5400 0000 0000 
  OUT 000040: 0000 0000 0000 0000 0000 0000 0000 0000 
  OUT 000050: 00fc 0100 0000 0000                     
CALL seq=19 fn=Method conn=2c03 class=AGXAcceleratorG16G sel=9(0x9) inScalarCnt=0 inStructCnt=104
  IN.struct len=104
  IN 000000: 0000 0000 0000 0000 0100 0100 0100 0000 
  IN 000010: 0101 0001 7004 0000 0000 0000 0000 0000 
  IN 000020: 0000 0000 0000 0000 0000 0000 0000 0000 
  IN 000030: 0100 0000 0000 0000 0000 0000 0000 0000 
  IN 000040: 0000 0000 0000 0000 0040 0000 0000 0000 
  IN 000050: 0000 0000 0000 0000 0000 0000 0000 0000 
  IN 000060: 5800 a5f5 0100 0000                     
RET  seq=19 conn=2c03 sel=9(0x9) ret=0x0 outStructCnt=88
  OUT.struct len=88
  OUT 000000: 0080 0500 0001 0000 0040 d606 0100 0000 
  OUT 000010: 8007 7602 0100 0000 0000 0000 0000 0000 
  OUT 000020: 0000 0000 0a00 0000 0040 0000 0000 0000 
  OUT 000030: 1298 a72a 0000 0000 631d 5400 0000 0000 
  OUT 000040: 0000 0000 0000 0000 0000 0000 0000 0000 
  OUT 000050: 0040 0000 0000 0000                     
CALL seq=20 fn=Method conn=2c03 class=AGXAcceleratorG16G sel=9(0x9) inScalarCnt=0 inStructCnt=104
  IN.struct len=104
  IN 000000: 8000 0000 0000 0000 0100 0100 0100 0000 
  IN 000010: 0101 0001 300c 0000 0000 0000 0000 0000 
  IN 000020: 0000 0000 0000 0000 0000 0000 0000 0000 
  IN 000030: 0000 0000 0000 0000 0045 d206 0100 0000 
  IN 000040: 0040 d206 0100 0000 0000 0200 0000 0000 
  IN 000050: 0300 0000 0000 0000 0000 0000 1800 0000 
  IN 000060: 4055 d808 0100 0000                     
RET  seq=20 conn=2c03 sel=9(0x9) ret=0x0 outStructCnt=88
  OUT.struct len=88
  OUT 000000: 0085 0100 0001 0000 0000 0000 0000 0000 
  OUT 000010: 4008 7602 0100 0000 0000 0000 0000 0000 
  OUT 000020: 0000 0000 0b00 0000 0000 0200 0000 0000 
  OUT 000030: 1398 a72a 0000 0000 601d 5400 0000 0000 
  OUT 000040: 0000 0000 0000 0000 0000 0000 0000 0000 
  OUT 000050: 00fb 0100 0000 0000                     
CALL seq=21 fn=Method conn=2c03 class=AGXAcceleratorG16G sel=9(0x9) inScalarCnt=0 inStructCnt=104
  IN.struct len=104
  IN 000000: 8000 0000 0000 0000 0100 0100 0100 0000 
  IN 000010: 0101 0001 300c 0000 0000 0000 0000 0000 
  IN 000020: 0000 0000 0000 0000 0000 0000 0000 0000 
  IN 000030: 0000 0000 0000 0000 0047 d206 0100 0000 
  IN 000040: 0040 d206 0100 0000 0000 0200 0000 0000 
  IN 000050: 0300 0000 0000 0000 0000 0000 1800 0000 
  IN 000060: b81c 48b3 0800 0000                     
RET  seq=21 conn=2c03 sel=9(0x9) ret=0x0 outStructCnt=88
  OUT.struct len=88
  OUT 000000: 0087 0100 0001 0000 0000 0000 0000 0000 
  OUT 000010: 0009 7602 0100 0000 0000 0000 0000 0000 
  OUT 000020: 0000 0000 0c00 0000 0000 0200 0000 0000 
  OUT 000030: 1498 a72a 0000 0000 601d 5400 0000 0000 
  OUT 000040: 0000 0000 0000 0000 0000 0000 0000 0000 
  OUT 000050: 00f9 0100 0000 0000                     
CALL seq=22 fn=Method conn=2c03 class=AGXAcceleratorG16G sel=9(0x9) inScalarCnt=0 inStructCnt=104
  IN.struct len=104
  IN 000000: 8000 0000 0000 0000 0100 0100 0100 0000 
  IN 000010: 0101 0001 300c 0000 0000 0000 0000 0000 
  IN 000020: 0000 0000 0000 0000 0000 0000 0000 0000 
  IN 000030: 0000 0000 0000 0000 0049 d206 0100 0000 
  IN 000040: 0040 d206 0100 0000 0000 0200 0000 0000 
  IN 000050: 0300 0000 0000 0000 0000 0000 1800 0000 
  IN 000060: b81c 48b3 0800 0000                     
RET  seq=22 conn=2c03 sel=9(0x9) ret=0x0 outStructCnt=88
  OUT.struct len=88
  OUT 000000: 0089 0100 0001 0000 0000 0000 0000 0000 
  OUT 000010: c009 7602 0100 0000 0000 0000 0000 0000 
  OUT 000020: 0000 0000 0d00 0000 0000 0200 0000 0000 
  OUT 000030: 1598 a72a 0000 0000 601d 5400 0000 0000 
  OUT 000040: 0000 0000 0000 0000 0000 0000 0000 0000 
  OUT 000050: 00f7 0100 0000 0000                     
CALL seq=23 fn=Method conn=2c03 class=AGXAcceleratorG16G sel=7(0x7) inScalarCnt=0 inStructCnt=1040
  IN.struct len=1040
  IN 000000: 2f55 7365 7273 2f75 7365 722f 6173 6168 
  IN 000010: 695f 7265 2f70 7562 6c69 632f 6167 782d 
  IN 000020: 7265 2f65 7870 6572 696d 656e 7473 2f45 
  IN 000030: 5850 2d30 3034 322d 6772 6170 6869 6373 
  IN 000040: 2d63 6f64 652d 7365 6c65 6374 696f 6e2f 
  IN 000050: 6275 696c 642f 6d75 6c74 6970 6970 6500 
  IN 000060: 0000 0000 0000 0000 0000 0000 0000 0000 
  IN 000070: 0000 0000 0000 0000 0000 0000 0000 0000 
  IN 000080: 0000 0000 0000 0000 0000 0000 0000 0000 
  IN 000090: 0000 0000 0000 0000 0000 0000 0000 0000 
  IN 0000a0: 0000 0000 0000 0000 0000 0000 0000 0000 
  IN 0000b0: 0000 0000 0000 0000 0000 0000 0000 0000 
  IN 0000c0: 0000 0000 0000 0000 0000 0000 0000 0000 
  IN 0000d0: 0000 0000 0000 0000 0000 0000 0000 0000 
  IN 0000e0: 0000 0000 0000 0000 0000 0000 0000 0000 
  IN 0000f0: 0000 0000 0000 0000 0000 0000 0000 0000 
  IN 000100: 0000 0000 0000 0000 0000 0000 0000 0000 
  IN 000110: 0000 0000 0000 0000 0000 0000 0000 0000 
  IN 000120: 0000 0000 0000 0000 0000 0000 0000 0000 
  IN 000130: 0000 0000 0000 0000 0000 0000 0000 0000 
  IN 000140: 0000 0000 0000 0000 0000 0000 0000 0000 
  IN 000150: 0000 0000 0000 0000 0000 0000 0000 0000 
  IN 000160: 0000 0000 0000 0000 0000 0000 0000 0000 
  IN 000170: 0000 0000 0000 0000 0000 0000 0000 0000 
  IN 000180: 0000 0000 0000 0000 0000 0000 0000 0000 
  IN 000190: 0000 0000 0000 0000 0000 0000 0000 0000 
  IN 0001a0: 0000 0000 0000 0000 0000 0000 0000 0000 
  IN 0001b0: 0000 0000 0000 0000 0000 0000 0000 0000 
  IN 0001c0: 0000 0000 0000 0000 0000 0000 0000 0000 
  IN 0001d0: 0000 0000 0000 0000 0000 0000 0000 0000 
  IN 0001e0: 0000 0000 0000 0000 0000 0000 0000 0000 
  IN 0001f0: 0000 0000 0000 0000 0000 0000 0000 0000 
  IN 000200: 0000 0000 0000 0000 0000 0000 0000 0000 
  IN 000210: 0000 0000 0000 0000 0000 0000 0000 0000 
  IN 000220: 0000 0000 0000 0000 0000 0000 0000 0000 
  IN 000230: 0000 0000 0000 0000 0000 0000 0000 0000 
  IN 000240: 0000 0000 0000 0000 0000 0000 0000 0000 
  IN 000250: 0000 0000 0000 0000 0000 0000 0000 0000 
  IN 000260: 0000 0000 0000 0000 0000 0000 0000 0000 
  IN 000270: 0000 0000 0000 0000 0000 0000 0000 0000 
  IN 000280: 0000 0000 0000 0000 0000 0000 0000 0000 
  IN 000290: 0000 0000 0000 0000 0000 0000 0000 0000 
  IN 0002a0: 0000 0000 0000 0000 0000 0000 0000 0000 
  IN 0002b0: 0000 0000 0000 0000 0000 0000 0000 0000 
  IN 0002c0: 0000 0000 0000 0000 0000 0000 0000 0000 
  IN 0002d0: 0000 0000 0000 0000 0000 0000 0000 0000 
  IN 0002e0: 0000 0000 0000 0000 0000 0000 0000 0000 
  IN 0002f0: 0000 0000 0000 0000 0000 0000 0000 0000 
  IN 000300: 0000 0000 0000 0000 0000 0000 0000 0000 
  IN 000310: 0000 0000 0000 0000 0000 0000 0000 0000 
  IN 000320: 0000 0000 0000 0000 0000 0000 0000 0000 
  IN 000330: 0000 0000 0000 0000 0000 0000 0000 0000 
  IN 000340: 0000 0000 0000 0000 0000 0000 0000 0000 
  IN 000350: 0000 0000 0000 0000 0000 0000 0000 0000 
  IN 000360: 0000 0000 0000 0000 0000 0000 0000 0000 
  IN 000370: 0000 0000 0000 0000 0000 0000 0000 0000 
  IN 000380: 0000 0000 0000 0000 0000 0000 0000 0000 
  IN 000390: 0000 0000 0000 0000 0000 0000 0000 0000 
  IN 0003a0: 2f55 7365 7273 2f75 7365 722f 6173 6168 
  IN 0003b0: 695f 7265 2f70 7562 6c69 632f 6167 782d 
  IN 0003c0: 7265 2f65 7870 6572 696d 656e 7473 2f45 
  IN 0003d0: 5850 2d30 3034 322d 6772 6170 6869 6373 
  IN 0003e0: 2d63 6f64 652d 7365 6c65 6374 696f 6e2f 
  IN 0003f0: 6275 696c 642f 6d75 6c74 6970 6970 6500 
  IN 000400: 0200 0000 0000 0000 ffff ffff 0100 0000 
RET  seq=23 conn=2c03 sel=7(0x7) ret=0x0 outStructCnt=16
  OUT.struct len=16
  OUT 000000: 0100 0000 0000 0000 1698 a72a 0000 0000 
CALL seq=24 fn=Method conn=2c03 class=AGXAcceleratorG16G sel=16(0x10) inScalarCnt=2 inStructCnt=0 inScalars=[0x100,0x28]
RET  seq=24 conn=2c03 sel=16(0x10) ret=0x0 outStructCnt=16
  OUT.struct len=16
  OUT 000000: 0080 d606 0100 0000 0100 0000 0000 0000 
CALL seq=25 fn=Method conn=2c03 class=AGXAcceleratorG16G sel=28(0x1c) inScalarCnt=2 inStructCnt=0 inScalars=[0x1,0x1]
RET  seq=25 conn=2c03 sel=28(0x1c) ret=0x0
CALL seq=26 fn=Method conn=2c03 class=AGXAcceleratorG16G sel=9(0x9) inScalarCnt=0 inStructCnt=104
  IN.struct len=104
  IN 000000: 8000 0000 0000 0000 0100 0100 0100 0000 
  IN 000010: 0101 0001 300c 0000 0000 0000 0000 0000 
  IN 000020: 0000 0000 0000 0000 0000 0000 0000 0000 
  IN 000030: 0000 0000 0000 0000 004a d206 0100 0000 
  IN 000040: 0040 d206 0100 0000 0000 0200 0000 0000 
  IN 000050: 0300 0000 0000 0000 0000 0000 1800 0000 
  IN 000060: 3025 48b3 0800 0000                     
RET  seq=26 conn=2c03 sel=9(0x9) ret=0x0 outStructCnt=88
  OUT.struct len=88
  OUT 000000: 008a 0100 0001 0000 0000 0000 0000 0000 
  OUT 000010: 800a 7602 0100 0000 0000 0000 0000 0000 
  OUT 000020: 0000 0000 0e00 0000 0000 0200 0000 0000 
  OUT 000030: 1998 a72a 0000 0000 601d 5400 0000 0000 
  OUT 000040: 0000 0000 0000 0000 0000 0000 0000 0000 
  OUT 000050: 00f6 0100 0000 0000                     
CALL seq=27 fn=Method conn=2c03 class=AGXAcceleratorG16G sel=9(0x9) inScalarCnt=0 inStructCnt=104
  IN.struct len=104
  IN 000000: 8000 0000 0000 0000 0100 0100 0100 0000 
  IN 000010: 0101 0001 300c 0000 0000 0000 0000 0000 
  IN 000020: 0000 0000 0000 0000 0000 0000 0000 0000 
  IN 000030: 0000 0000 0000 0000 004b d206 0100 0000 
  IN 000040: 0040 d206 0100 0000 0000 0200 0000 0000 
  IN 000050: 0300 0000 0000 0000 0000 0000 1800 0000 
  IN 000060: 5028 48b3 0800 0000                     
RET  seq=27 conn=2c03 sel=9(0x9) ret=0x0 outStructCnt=88
  OUT.struct len=88
  OUT 000000: 008b 0100 0001 0000 0000 0000 0000 0000 
  OUT 000010: 400b 7602 0100 0000 0000 0000 0000 0000 
  OUT 000020: 0000 0000 0f00 0000 0000 0200 0000 0000 
  OUT 000030: 1a98 a72a 0000 0000 601d 5400 0000 0000 
  OUT 000040: 0000 0000 0000 0000 0000 0000 0000 0000 
  OUT 000050: 00f5 0100 0000 0000                     
CALL seq=28 fn=Method conn=2c03 class=AGXAcceleratorG16G sel=9(0x9) inScalarCnt=0 inStructCnt=104
  IN.struct len=104
  IN 000000: 8000 0000 0000 0000 0100 0100 0100 0000 
  IN 000010: 0101 0001 300c 0000 0000 0000 0000 0000 
  IN 000020: 0000 0000 0000 0000 0000 0000 0000 0000 
  IN 000030: 0000 0000 0000 0000 004c d206 0100 0000 
  IN 000040: 0040 d206 0100 0000 0000 0200 0000 0000 
  IN 000050: 0300 0000 0000 0000 0000 0000 1800 0000 
  IN 000060: 702b 48b3 0800 0000                     
RET  seq=28 conn=2c03 sel=9(0x9) ret=0x0 outStructCnt=88
  OUT.struct len=88
  OUT 000000: 008c 0100 0001 0000 0000 0000 0000 0000 
  OUT 000010: 000c 7602 0100 0000 0000 0000 0000 0000 
  OUT 000020: 0000 0000 1000 0000 0000 0200 0000 0000 
  OUT 000030: 1b98 a72a 0000 0000 601d 5400 0000 0000 
  OUT 000040: 0000 0000 0000 0000 0000 0000 0000 0000 
  OUT 000050: 00f4 0100 0000 0000                     
CALL seq=29 fn=Method conn=2c03 class=AGXAcceleratorG16G sel=9(0x9) inScalarCnt=0 inStructCnt=104
  IN.struct len=104
  IN 000000: 8000 0000 0000 0000 0100 0100 0100 0000 
  IN 000010: 0101 0001 300c 0000 0000 0000 0000 0000 
  IN 000020: 0000 0000 0000 0000 0000 0000 0000 0000 
  IN 000030: 0000 0000 0000 0000 005c d206 0100 0000 
  IN 000040: 0040 d206 0100 0000 0000 0200 0000 0000 
  IN 000050: 0300 0000 0000 0000 0000 0000 1800 0000 
  IN 000060: 902e 48b3 0800 0000                     
RET  seq=29 conn=2c03 sel=9(0x9) ret=0x0 outStructCnt=88
  OUT.struct len=88
  OUT 000000: 009c 0100 0001 0000 0000 0000 0000 0000 
  OUT 000010: c00c 7602 0100 0000 0000 0000 0000 0000 
  OUT 000020: 0000 0000 1100 0000 0000 0200 0000 0000 
  OUT 000030: 1c98 a72a 0000 0000 601d 5400 0000 0000 
  OUT 000040: 0000 0000 0000 0000 0000 0000 0000 0000 
  OUT 000050: 00e4 0100 0000 0000                     
CALL seq=30 fn=Method conn=2c03 class=AGXAcceleratorG16G sel=9(0x9) inScalarCnt=0 inStructCnt=104
  IN.struct len=104
  IN 000000: 8000 0000 0000 0000 0100 0100 0100 0000 
  IN 000010: 0101 0001 300c 0000 0000 0000 0000 0000 
  IN 000020: 0000 0000 0000 0000 0000 0000 0000 0000 
  IN 000030: 0000 0000 0000 0000 005d d206 0100 0000 
  IN 000040: 0040 d206 0100 0000 0000 0200 0000 0000 
  IN 000050: 0300 0000 0000 0000 0000 0000 1800 0000 
  IN 000060: 9831 48b3 0800 0000                     
RET  seq=30 conn=2c03 sel=9(0x9) ret=0x0 outStructCnt=88
  OUT.struct len=88
  OUT 000000: 009d 0100 0001 0000 0000 0000 0000 0000 
  OUT 000010: 800d 7602 0100 0000 0000 0000 0000 0000 
  OUT 000020: 0000 0000 1200 0000 0000 0200 0000 0000 
  OUT 000030: 1d98 a72a 0000 0000 601d 5400 0000 0000 
  OUT 000040: 0000 0000 0000 0000 0000 0000 0000 0000 
  OUT 000050: 00e3 0100 0000 0000                     
CALL seq=31 fn=Method conn=2c03 class=AGXAcceleratorG16G sel=9(0x9) inScalarCnt=0 inStructCnt=104
  IN.struct len=104
  IN 000000: 8000 0000 0000 0000 0100 0100 0100 0000 
  IN 000010: 0101 0001 300c 0000 0000 0000 0000 0000 
  IN 000020: 0000 0000 0000 0000 0000 0000 0000 0000 
  IN 000030: 0000 0000 0000 0000 005e d206 0100 0000 
  IN 000040: 0040 d206 0100 0000 0000 0200 0000 0000 
  IN 000050: 0300 0000 0000 0000 0000 0000 1800 0000 
  IN 000060: a034 48b3 0800 0000                     
RET  seq=31 conn=2c03 sel=9(0x9) ret=0x0 outStructCnt=88
  OUT.struct len=88
  OUT 000000: 009e 0100 0001 0000 0000 0000 0000 0000 
  OUT 000010: 400e 7602 0100 0000 0000 0000 0000 0000 
  OUT 000020: 0000 0000 1300 0000 0000 0200 0000 0000 
  OUT 000030: 1e98 a72a 0000 0000 601d 5400 0000 0000 
  OUT 000040: 0000 0000 0000 0000 0000 0000 0000 0000 
  OUT 000050: 00e2 0100 0000 0000                     
CALL seq=32 fn=Method conn=2c03 class=AGXAcceleratorG16G sel=9(0x9) inScalarCnt=0 inStructCnt=104
  IN.struct len=104
  IN 000000: 8000 0000 0000 0000 0100 0100 0100 0000 
  IN 000010: 0101 0001 300c 0000 0000 0000 0000 0000 
  IN 000020: 0000 0000 0000 0000 0000 0000 0000 0000 
  IN 000030: 0000 0000 0000 0000 005f d206 0100 0000 
  IN 000040: 0040 d206 0100 0000 0000 0200 0000 0000 
  IN 000050: 0300 0000 0000 0000 0000 0000 1800 0000 
  IN 000060: a837 48b3 0800 0000                     
RET  seq=32 conn=2c03 sel=9(0x9) ret=0x0 outStructCnt=88
  OUT.struct len=88
  OUT 000000: 009f 0100 0001 0000 0000 0000 0000 0000 
  OUT 000010: 000f 7602 0100 0000 0000 0000 0000 0000 
  OUT 000020: 0000 0000 1400 0000 0000 0200 0000 0000 
  OUT 000030: 1f98 a72a 0000 0000 601d 5400 0000 0000 
  OUT 000040: 0000 0000 0000 0000 0000 0000 0000 0000 
  OUT 000050: 00e1 0100 0000 0000                     
CALL seq=33 fn=Method conn=2c03 class=AGXAcceleratorG16G sel=9(0x9) inScalarCnt=0 inStructCnt=104
  IN.struct len=104
  IN 000000: 8000 0000 0000 0000 0100 0100 0100 0000 
  IN 000010: 0101 0001 300c 0000 0000 0000 0000 0000 
  IN 000020: 0000 0000 0000 0000 0000 0000 0000 0000 
  IN 000030: 0000 0000 0000 0000 0067 d206 0100 0000 
  IN 000040: 0040 d206 0100 0000 0000 0200 0000 0000 
  IN 000050: 0300 0000 0000 0000 0000 0000 1800 0000 
  IN 000060: b03a 48b3 0800 0000                     
RET  seq=33 conn=2c03 sel=9(0x9) ret=0x0 outStructCnt=88
  OUT.struct len=88
  OUT 000000: 00a7 0100 0001 0000 0000 0000 0000 0000 
  OUT 000010: c00f 7602 0100 0000 0000 0000 0000 0000 
  OUT 000020: 0000 0000 1500 0000 0000 0200 0000 0000 
  OUT 000030: 2098 a72a 0000 0000 601d 5400 0000 0000 
  OUT 000040: 0000 0000 0000 0000 0000 0000 0000 0000 
  OUT 000050: 00d9 0100 0000 0000                     
CALL seq=34 fn=Method conn=2c03 class=AGXAcceleratorG16G sel=9(0x9) inScalarCnt=0 inStructCnt=104
  IN.struct len=104
  IN 000000: 8000 0000 0000 0000 0100 0100 0100 0000 
  IN 000010: 0101 0001 300c 0000 0000 0000 0000 0000 
  IN 000020: 0000 0000 0000 0000 0000 0000 0000 0000 
  IN 000030: 0000 0000 0000 0000 0068 d206 0100 0000 
  IN 000040: 0040 d206 0100 0000 0000 0200 0000 0000 
  IN 000050: 0300 0000 0000 0000 0000 0000 1800 0000 
  IN 000060: 8849 d808 0100 0000                     
RET  seq=34 conn=2c03 sel=9(0x9) ret=0x0 outStructCnt=88
  OUT.struct len=88
  OUT 000000: 00a8 0100 0001 0000 0000 0000 0000 0000 
  OUT 000010: 8010 7602 0100 0000 0000 0000 0000 0000 
  OUT 000020: 0000 0000 1600 0000 0000 0200 0000 0000 
  OUT 000030: 2198 a72a 0000 0000 601d 5400 0000 0000 
  OUT 000040: 0000 0000 0000 0000 0000 0000 0000 0000 
  OUT 000050: 00d8 0100 0000 0000                     
CALL seq=35 fn=Method conn=2c03 class=AGXAcceleratorG16G sel=9(0x9) inScalarCnt=0 inStructCnt=104
  IN.struct len=104
  IN 000000: 0000 0000 0000 0000 0100 0100 0100 0000 
  IN 000010: 0101 0001 7004 0000 0000 0000 0000 0000 
  IN 000020: 0000 0000 0000 0000 0000 0000 0000 0000 
  IN 000030: 0100 0000 0000 0000 0000 0000 0000 0000 
  IN 000040: 0000 0000 0000 0000 0000 0200 0000 0000 
  IN 000050: 0000 0000 0000 0000 0000 0000 0000 0000 
  IN 000060: 8849 d808 0100 0000                     
RET  seq=35 conn=2c03 sel=9(0x9) ret=0x0 outStructCnt=88
  OUT.struct len=88
  OUT 000000: 0000 0600 0001 0000 00c0 d606 0100 0000 
  OUT 000010: 4011 7602 0100 0000 0000 0000 0000 0000 
  OUT 000020: 0000 0000 1700 0000 0000 0200 0000 0000 
  OUT 000030: 2298 a72a 0000 0000 661d 5400 0000 0000 
  OUT 000040: 0000 0000 0000 0000 0000 0000 0000 0000 
  OUT 000050: 0000 0200 0000 0000                     
CALL seq=36 fn=Method conn=2c03 class=AGXAcceleratorG16G sel=9(0x9) inScalarCnt=0 inStructCnt=104
  IN.struct len=104
  IN 000000: 8000 0000 0000 0000 0100 0100 0100 0000 
  IN 000010: 0101 0001 300c 0000 0000 0000 0000 0000 
  IN 000020: 0000 0000 0000 0000 0000 0000 0000 0000 
  IN 000030: 0000 0000 0000 0000 00c0 d606 0100 0000 
  IN 000040: 00c0 d606 0100 0000 0000 0200 0000 0000 
  IN 000050: 1700 0000 0000 0000 0000 0000 1800 0000 
  IN 000060: 0000 48b3 0800 0000                     
RET  seq=36 conn=2c03 sel=9(0x9) ret=0x0 outStructCnt=88
  OUT.struct len=88
  OUT 000000: 0000 0600 0001 0000 0000 0000 0000 0000 
  OUT 000010: 0012 7602 0100 0000 0000 0000 0000 0000 
  OUT 000020: 0000 0000 1800 0000 0000 0200 0000 0000 
  OUT 000030: 2398 a72a 0000 0000 661d 5400 0000 0000 
  OUT 000040: 0000 0000 0000 0000 0000 0000 0000 0000 
  OUT 000050: 0000 0200 0000 0000                     
CALL seq=37 fn=Struct conn=2c03 class=AGXAcceleratorG16G sel=6(0x6) inScalarCnt=0 inStructCnt=0
RET  seq=37 conn=2c03 sel=6(0x6) ret=0x0 outStructCnt=16
  OUT.struct len=16
  OUT 000000: 2498 a72a 0000 0000 2498 a72b 0000 0000 
CALL seq=38 fn=Method conn=2c03 class=AGXAcceleratorG16G sel=14(0xe) inScalarCnt=2 inStructCnt=0 inScalars=[0x4000,0x0]
RET  seq=38 conn=2c03 sel=14(0xe) ret=0x0 outStructCnt=16
  OUT.struct len=16
  OUT 000000: 00c0 d806 0100 0000 0040 0000 0100 0000 
CALL seq=39 fn=Method conn=2c03 class=AGXAcceleratorG16G sel=14(0xe) inScalarCnt=2 inStructCnt=0 inScalars=[0x4000,0x1]
RET  seq=39 conn=2c03 sel=14(0xe) ret=0x0 outStructCnt=16
  OUT.struct len=16
  OUT 000000: 0000 d906 0100 0000 0040 0000 0200 0000 
CALL seq=40 fn=Method conn=2c03 class=AGXAcceleratorG16G sel=9(0x9) inScalarCnt=0 inStructCnt=104
  IN.struct len=104
  IN 000000: 0000 0000 0000 0000 0100 0100 0100 0000 
  IN 000010: 0101 0001 3004 0000 0000 0000 0000 0000 
  IN 000020: 0000 0000 0000 0000 0000 0000 0000 0000 
  IN 000030: 0000 0000 0000 0000 0000 0000 0000 0000 
  IN 000040: 0000 0000 0000 0000 0040 0700 0000 0000 
  IN 000050: 0000 0000 0000 0000 0000 0008 1800 0000 
  IN 000060: 0000 0000 0000 0000                     
RET  seq=40 conn=2c03 sel=9(0x9) ret=0x0 outStructCnt=88
  OUT.struct len=88
  OUT 000000: 0080 0800 0001 0000 0040 d906 0100 0000 
  OUT 000010: c012 7602 0100 0000 0000 0000 0000 0000 
  OUT 000020: 0000 0000 1900 0000 0040 0700 0000 0000 
  OUT 000030: 2498 a72b 0000 0000 671d 5400 0000 0000 
  OUT 000040: 0000 0000 0000 0000 0000 0000 0000 0000 
  OUT 000050: 0040 0700 0000 0000                     
CALL seq=41 fn=Method conn=2c03 class=AGXAcceleratorG16G sel=9(0x9) inScalarCnt=0 inStructCnt=104
  IN.struct len=104
  IN 000000: 0000 0000 0000 0000 0080 0100 0100 0000 
  IN 000010: 0101 0001 30c4 0000 0000 0000 0000 0000 
  IN 000020: 0000 0000 0000 0000 0000 0000 0000 0000 
  IN 000030: 0000 0000 0000 0000 0000 0000 0000 0000 
  IN 000040: 0000 0000 0000 0000 0080 0000 0000 0000 
  IN 000050: 0000 0000 0000 0000 0000 0038 0000 0000 
  IN 000060: 0000 0000 0000 0000                     
RET  seq=41 conn=2c03 sel=9(0x9) ret=0x0 outStructCnt=88
  OUT.struct len=88
  OUT 000000: 0080 0100 0000 0000 0080 e006 0100 0000 
  OUT 000010: 8013 7602 0100 0000 0000 0000 0000 0000 
  OUT 000020: 0000 0000 1a00 0000 0080 0000 0000 0000 
  OUT 000030: 2598 a72b 0000 0000 681d 5400 0000 0000 
  OUT 000040: 0000 0000 0000 0000 0000 0000 0000 0000 
  OUT 000050: 0080 0000 0000 0000                     
CALL seq=42 fn=Method conn=2c03 class=AGXAcceleratorG16G sel=9(0x9) inScalarCnt=0 inStructCnt=104
  IN.struct len=104
  IN 000000: 0000 0000 0000 0000 0080 0100 0100 0000 
  IN 000010: 0101 0001 30c4 0000 0000 0000 0000 0000 
  IN 000020: 0000 0000 0000 0000 0000 0000 0000 0000 
  IN 000030: 0000 0000 0000 0000 0000 0000 0000 0000 
  IN 000040: 0000 0000 0000 0000 0080 0000 0000 0000 
  IN 000050: 0000 0000 0000 0000 0000 0038 0000 0000 
  IN 000060: 0000 0000 0000 0000                     
RET  seq=42 conn=2c03 sel=9(0x9) ret=0x0 outStructCnt=88
  OUT.struct len=88
  OUT 000000: 0080 0200 0000 0000 0000 e106 0100 0000 
  OUT 000010: 4014 7602 0100 0000 0000 0000 0000 0000 
  OUT 000020: 0000 0000 1b00 0000 0080 0000 0000 0000 
  OUT 000030: 2698 a72b 0000 0000 691d 5400 0000 0000 
  OUT 000040: 0000 0000 0000 0000 0000 0000 0000 0000 
  OUT 000050: 0080 0000 0000 0000                     
CALL seq=43 fn=Method conn=2c03 class=AGXAcceleratorG16G sel=9(0x9) inScalarCnt=0 inStructCnt=104
  IN.struct len=104
  IN 000000: 0000 0000 0000 0000 0080 0100 0100 0000 
  IN 000010: 0101 0001 30c4 0000 0000 0000 0000 0000 
  IN 000020: 0000 0000 0000 0000 0000 0000 0000 0000 
  IN 000030: 0000 0000 0000 0000 0000 0000 0000 0000 
  IN 000040: 0000 0000 0000 0000 0080 0000 0000 0000 
  IN 000050: 0000 0000 0000 0000 0000 0038 0000 0000 
  IN 000060: 0000 0000 0000 0000                     
RET  seq=43 conn=2c03 sel=9(0x9) ret=0x0 outStructCnt=88
  OUT.struct len=88
  OUT 000000: 0080 0300 0000 0000 0080 e106 0100 0000 
  OUT 000010: 0015 7602 0100 0000 0000 0000 0000 0000 
  OUT 000020: 0000 0000 1c00 0000 0080 0000 0000 0000 
  OUT 000030: 2798 a72b 0000 0000 6a1d 5400 0000 0000 
  OUT 000040: 0000 0000 0000 0000 0000 0000 0000 0000 
  OUT 000050: 0080 0000 0000 0000                     
CALL seq=44 fn=Method conn=2c03 class=AGXAcceleratorG16G sel=9(0x9) inScalarCnt=0 inStructCnt=104
  IN.struct len=104
  IN 000000: 0000 0000 0000 0000 0080 0100 0100 0000 
  IN 000010: 0101 0001 3044 0000 0000 0000 0000 0000 
  IN 000020: 0000 0000 0000 0000 0000 0000 0000 0000 
  IN 000030: 0000 0000 0000 0000 0000 0000 0000 0000 
  IN 000040: 0000 0000 0000 0000 0080 0000 0000 0000 
  IN 000050: 0000 0000 0000 0000 0000 0008 4800 0000 
  IN 000060: 0000 0000 0000 0000                     
RET  seq=44 conn=2c03 sel=9(0x9) ret=0x0 outStructCnt=88
  OUT.struct len=88
  OUT 000000: 0000 1000 0001 0000 0000 e206 0100 0000 
  OUT 000010: c015 7602 0100 0000 0000 0000 0000 0000 
  OUT 000020: 0000 0000 1d00 0000 0080 0000 0000 0000 
  OUT 000030: 2a98 a72b 0000 0000 6b1d 5400 0000 0000 
  OUT 000040: 0000 0000 0000 0000 0000 0000 0000 0000 
  OUT 000050: 0080 0000 0000 0000                     
CALL seq=45 fn=Method conn=2c03 class=AGXAcceleratorG16G sel=9(0x9) inScalarCnt=0 inStructCnt=104
  IN.struct len=104
  IN 000000: 0000 0000 0000 0000 0080 0100 0100 0000 
  IN 000010: 0101 0001 3044 0000 0000 0000 0000 0000 
  IN 000020: 0000 0000 0000 0000 0000 0000 0000 0000 
  IN 000030: 0000 0000 0000 0000 0000 0000 0000 0000 
  IN 000040: 0000 0000 0000 0000 0080 0000 0000 0000 
  IN 000050: 0000 0000 0000 0000 0000 0008 0000 0000 
  IN 000060: 0000 0000 0000 0000                     
RET  seq=45 conn=2c03 sel=9(0x9) ret=0x0 outStructCnt=88
  OUT.struct len=88
  OUT 000000: 0000 1100 0001 0000 0080 e206 0100 0000 
  OUT 000010: 8016 7602 0100 0000 0000 0000 0000 0000 
  OUT 000020: 0000 0000 1e00 0000 0080 0000 0000 0000 
  OUT 000030: 2b98 a72b 0000 0000 6c1d 5400 0000 0000 
  OUT 000040: 0000 0000 0000 0000 0000 0000 0000 0000 
  OUT 000050: 0080 0000 0000 0000                     
CALL seq=46 fn=Method conn=2c03 class=AGXAcceleratorG16G sel=9(0x9) inScalarCnt=0 inStructCnt=104
  IN.struct len=104
  IN 000000: 0000 0000 0000 0000 0080 0100 0100 0000 
  IN 000010: 0101 0001 3044 0000 0000 0000 0000 0000 
  IN 000020: 0000 0000 0000 0000 0000 0000 0000 0000 
  IN 000030: 0000 0000 0000 0000 0000 0000 0000 0000 
  IN 000040: 0000 0000 0000 0000 0080 0000 0000 0000 
  IN 000050: 0000 0000 0000 0000 0000 0018 0000 0000 
  IN 000060: 0000 0000 0000 0000                     
RET  seq=46 conn=2c03 sel=9(0x9) ret=0x0 outStructCnt=88
  OUT.struct len=88
  OUT 000000: 0000 1200 0001 0000 0000 e306 0100 0000 
  OUT 000010: 4017 7602 0100 0000 0000 0000 0000 0000 
  OUT 000020: 0000 0000 1f00 0000 0080 0000 0000 0000 
  OUT 000030: 2c98 a72b 0000 0000 6d1d 5400 0000 0000 
  OUT 000040: 0000 0000 0000 0000 0000 0000 0000 0000 
  OUT 000050: 0080 0000 0000 0000                     
CALL seq=47 fn=Method conn=2c03 class=AGXAcceleratorG16G sel=9(0x9) inScalarCnt=0 inStructCnt=104
  IN.struct len=104
  IN 000000: 0000 0000 0000 0000 0080 0100 0100 0000 
  IN 000010: 0101 0001 3044 0000 0000 0000 0000 0000 
  IN 000020: 0000 0000 0000 0000 0000 0000 0000 0000 
  IN 000030: 0000 0000 0000 0000 0000 0000 0000 0000 
  IN 000040: 0000 0000 0000 0000 0080 0000 0000 0000 
  IN 000050: 0000 0000 0000 0000 0000 0018 0000 0000 
  IN 000060: 0000 0000 0000 0000                     
RET  seq=47 conn=2c03 sel=9(0x9) ret=0x0 outStructCnt=88
  OUT.struct len=88
  OUT 000000: 0000 1300 0001 0000 0080 e306 0100 0000 
  OUT 000010: 0018 7602 0100 0000 0000 0000 0000 0000 
  OUT 000020: 0000 0000 2000 0000 0080 0000 0000 0000 
  OUT 000030: 2d98 a72b 0000 0000 6e1d 5400 0000 0000 
  OUT 000040: 0000 0000 0000 0000 0000 0000 0000 0000 
  OUT 000050: 0080 0000 0000 0000                     
CALL seq=48 fn=Method conn=2c03 class=AGXAcceleratorG16G sel=9(0x9) inScalarCnt=0 inStructCnt=104
  IN.struct len=104
  IN 000000: 0000 0000 0000 0000 0000 0100 0100 0000 
  IN 000010: 0101 0001 3044 0000 0000 0000 0000 0000 
  IN 000020: 0000 0000 0000 0000 0000 0000 0000 0000 
  IN 000030: 0000 0000 0000 0000 0000 0000 0000 0000 
  IN 000040: 0000 0000 0000 0000 0000 1000 0000 0000 
  IN 000050: 0000 0000 0000 0000 0000 0018 0000 0000 
  IN 000060: 0000 0000 0000 0000                     
RET  seq=48 conn=2c03 sel=9(0x9) ret=0x0 outStructCnt=88
  OUT.struct len=88
  OUT 000000: 0000 1400 0001 0000 0000 e406 0100 0000 
  OUT 000010: c018 7602 0100 0000 0000 0000 0000 0000 
  OUT 000020: 0000 0000 2100 0000 0000 1000 0000 0000 
  OUT 000030: 3098 a72b 0000 0000 6f1d 5400 0000 0000 
  OUT 000040: 0000 0000 0000 0000 0000 0000 0000 0000 
  OUT 000050: 0000 1000 0000 0000                     
CALL seq=49 fn=Method conn=2c03 class=AGXAcceleratorG16G sel=9(0x9) inScalarCnt=0 inStructCnt=104
  IN.struct len=104
  IN 000000: 0000 0000 0000 0000 0080 0100 0100 0000 
  IN 000010: 0101 0001 30c4 0000 0000 0000 0000 0000 
  IN 000020: 0000 0000 0000 0000 0000 0000 0000 0000 
  IN 000030: 0000 0000 0000 0000 0000 0000 0000 0000 
  IN 000040: 0000 0000 0000 0000 0080 0000 0000 0000 
  IN 000050: 0000 0000 0000 0000 0000 0038 0000 0000 
  IN 000060: 0000 0000 0000 0000                     
RET  seq=49 conn=2c03 sel=9(0x9) ret=0x0 outStructCnt=88
  OUT.struct len=88
  OUT 000000: 0080 0400 0000 0000 0000 f406 0100 0000 
  OUT 000010: 8019 7602 0100 0000 0000 0000 0000 0000 
  OUT 000020: 0000 0000 2200 0000 0080 0000 0000 0000 
  OUT 000030: 3198 a72b 0000 0000 701d 5400 0000 0000 
  OUT 000040: 0000 0000 0000 0000 0000 0000 0000 0000 
  OUT 000050: 0080 0000 0000 0000                     
CALL seq=50 fn=Method conn=2c03 class=AGXAcceleratorG16G sel=9(0x9) inScalarCnt=0 inStructCnt=104
  IN.struct len=104
  IN 000000: 0000 0000 0000 0000 0080 0100 0100 0000 
  IN 000010: 0101 0001 3044 0000 0000 0000 0000 0000 
  IN 000020: 0000 0000 0000 0000 0000 0000 0000 0000 
  IN 000030: 0000 0000 0000 0000 0000 0000 0000 0000 
  IN 000040: 0000 0000 0000 0000 0080 0000 0000 0000 
  IN 000050: 0000 0000 0000 0000 0000 0018 0000 0000 
  IN 000060: 0000 0000 0000 0000                     
RET  seq=50 conn=2c03 sel=9(0x9) ret=0x0 outStructCnt=88
  OUT.struct len=88
  OUT 000000: 0080 2400 0001 0000 0080 f406 0100 0000 
  OUT 000010: 401a 7602 0100 0000 0000 0000 0000 0000 
  OUT 000020: 0000 0000 2300 0000 0080 0000 0000 0000 
  OUT 000030: 3298 a72b 0000 0000 711d 5400 0000 0000 
  OUT 000040: 0000 0000 0000 0000 0000 0000 0000 0000 
  OUT 000050: 0080 0000 0000 0000                     
CALL seq=51 fn=Method conn=2c03 class=AGXAcceleratorG16G sel=9(0x9) inScalarCnt=0 inStructCnt=104
  IN.struct len=104
  IN 000000: 0000 0000 0000 0000 0080 0100 0100 0000 
  IN 000010: 0101 0001 3044 0000 0000 0000 0000 0000 
  IN 000020: 0000 0000 0000 0000 0000 0000 0000 0000 
  IN 000030: 0000 0000 0000 0000 0000 0000 0000 0000 
  IN 000040: 0000 0000 0000 0000 0080 0000 0000 0000 
  IN 000050: 0000 0000 0000 0000 0000 0008 0000 0000 
  IN 000060: 0000 0000 0000 0000                     
RET  seq=51 conn=2c03 sel=9(0x9) ret=0x0 outStructCnt=88
  OUT.struct len=88
  OUT 000000: 0080 2500 0001 0000 0000 f506 0100 0000 
  OUT 000010: 001b 7602 0100 0000 0000 0000 0000 0000 
  OUT 000020: 0000 0000 2400 0000 0080 0000 0000 0000 
  OUT 000030: 3398 a72b 0000 0000 721d 5400 0000 0000 
  OUT 000040: 0000 0000 0000 0000 0000 0000 0000 0000 
  OUT 000050: 0080 0000 0000 0000                     
CALL seq=52 fn=Method conn=2c03 class=AGXAcceleratorG16G sel=9(0x9) inScalarCnt=0 inStructCnt=104
  IN.struct len=104
  IN 000000: 0000 0000 0000 0000 0080 0100 0100 0000 
  IN 000010: 0101 0001 3044 0000 0000 0000 0000 0000 
  IN 000020: 0000 0000 0000 0000 0000 0000 0000 0000 
  IN 000030: 0000 0000 0000 0000 0000 0000 0000 0000 
  IN 000040: 0000 0000 0000 0000 0080 0000 0000 0000 
  IN 000050: 0000 0000 0000 0000 0000 0008 0000 0000 
  IN 000060: 0000 0000 0000 0000                     
RET  seq=52 conn=2c03 sel=9(0x9) ret=0x0 outStructCnt=88
  OUT.struct len=88
  OUT 000000: 0080 2600 0001 0000 0080 f506 0100 0000 
  OUT 000010: c01b 7602 0100 0000 0000 0000 0000 0000 
  OUT 000020: 0000 0000 2500 0000 0080 0000 0000 0000 
  OUT 000030: 3498 a72b 0000 0000 731d 5400 0000 0000 
  OUT 000040: 0000 0000 0000 0000 0000 0000 0000 0000 
  OUT 000050: 0080 0000 0000 0000                     
CALL seq=53 fn=Method conn=2c03 class=AGXAcceleratorG16G sel=9(0x9) inScalarCnt=0 inStructCnt=104
  IN.struct len=104
  IN 000000: 0000 0000 0000 0000 0080 0100 0100 0000 
  IN 000010: 0101 0001 3044 0000 0000 0000 0000 0000 
  IN 000020: 0000 0000 0000 0000 0000 0000 0000 0000 
  IN 000030: 0000 0000 0000 0000 0000 0000 0000 0000 
  IN 000040: 0000 0000 0000 0000 0080 0000 0000 0000 
  IN 000050: 0000 0000 0000 0000 0000 0008 0000 0000 
  IN 000060: 0000 0000 0000 0000                     
RET  seq=53 conn=2c03 sel=9(0x9) ret=0x0 outStructCnt=88
  OUT.struct len=88
  OUT 000000: 0080 2700 0001 0000 0000 f606 0100 0000 
  OUT 000010: 801c 7602 0100 0000 0000 0000 0000 0000 
  OUT 000020: 0000 0000 2600 0000 0080 0000 0000 0000 
  OUT 000030: 3598 a72b 0000 0000 741d 5400 0000 0000 
  OUT 000040: 0000 0000 0000 0000 0000 0000 0000 0000 
  OUT 000050: 0080 0000 0000 0000                     
CALL seq=54 fn=Method conn=2c03 class=AGXAcceleratorG16G sel=9(0x9) inScalarCnt=0 inStructCnt=104
  IN.struct len=104
  IN 000000: 0000 0000 0000 0000 0080 0100 0100 0000 
  IN 000010: 0101 0001 3044 0000 0000 0000 0000 0000 
  IN 000020: 0000 0000 0000 0000 0000 0000 0000 0000 
  IN 000030: 0000 0000 0000 0000 0000 0000 0000 0000 
  IN 000040: 0000 0000 0000 0000 0080 0000 0000 0000 
  IN 000050: 0000 0000 0000 0000 0000 0008 0000 0000 
  IN 000060: 0000 0000 0000 0000                     
RET  seq=54 conn=2c03 sel=9(0x9) ret=0x0 outStructCnt=88
  OUT.struct len=88
  OUT 000000: 0080 2800 0001 0000 0080 f606 0100 0000 
  OUT 000010: 401d 7602 0100 0000 0000 0000 0000 0000 
  OUT 000020: 0000 0000 2700 0000 0080 0000 0000 0000 
  OUT 000030: 3698 a72b 0000 0000 751d 5400 0000 0000 
  OUT 000040: 0000 0000 0000 0000 0000 0000 0000 0000 
  OUT 000050: 0080 0000 0000 0000                     
CALL seq=55 fn=Method conn=2c03 class=AGXAcceleratorG16G sel=9(0x9) inScalarCnt=0 inStructCnt=104
  IN.struct len=104
  IN 000000: 0000 0000 0000 0000 0080 0100 0100 0000 
  IN 000010: 0101 0001 30c4 0000 0000 0000 0000 0000 
  IN 000020: 0000 0000 0000 0000 0000 0000 0000 0000 
  IN 000030: 0000 0000 0000 0000 0000 0000 0000 0000 
  IN 000040: 0000 0000 0000 0000 0080 0000 0000 0000 
  IN 000050: 0000 0000 0000 0000 0000 0048 0000 0000 
  IN 000060: 0000 0000 0000 0000                     
RET  seq=55 conn=2c03 sel=9(0x9) ret=0x0 outStructCnt=88
  OUT.struct len=88
  OUT 000000: 0080 0500 0000 0000 0000 f706 0100 0000 
  OUT 000010: 001e 7602 0100 0000 0000 0000 0000 0000 
  OUT 000020: 0000 0000 2800 0000 0080 0000 0000 0000 
  OUT 000030: 3798 a72b 0000 0000 761d 5400 0000 0000 
  OUT 000040: 0000 0000 0000 0000 0000 0000 0000 0000 
  OUT 000050: 0080 0000 0000 0000                     
CALL seq=56 fn=Method conn=2c03 class=AGXAcceleratorG16G sel=9(0x9) inScalarCnt=0 inStructCnt=104
  IN.struct len=104
  IN 000000: 0000 0000 0000 0000 e088 0100 0100 0000 
  IN 000010: 0101 0001 30c4 0000 0000 0000 0000 0000 
  IN 000020: 0000 0000 0000 0000 0000 0000 0000 0000 
  IN 000030: 0000 0000 0000 0000 0000 0000 0000 0000 
  IN 000040: 0000 0000 0000 0000 e088 0000 0000 0000 
  IN 000050: 0000 0000 0000 0000 0000 0048 0000 0000 
  IN 000060: 0000 0000 0000 0000                     
RET  seq=56 conn=2c03 sel=9(0x9) ret=0x0 outStructCnt=88
  OUT.struct len=88
  OUT 000000: 0080 0600 0000 0000 0080 f706 0100 0000 
  OUT 000010: c01e 7602 0100 0000 0000 0000 0000 0000 
  OUT 000020: 0000 0000 2900 0000 00c0 0000 0000 0000 
  OUT 000030: 3898 a72b 0000 0000 771d 5400 0000 0000 
  OUT 000040: 0000 0000 0000 0000 0000 0000 0000 0000 
  OUT 000050: 00c0 0000 0000 0000                     
CALL seq=57 fn=Method conn=2c03 class=AGXAcceleratorG16G sel=9(0x9) inScalarCnt=0 inStructCnt=104
  IN.struct len=104
  IN 000000: 0000 0000 0000 0000 0000 0100 0100 0000 
  IN 000010: 0101 0001 3044 0000 0000 0000 0000 0000 
  IN 000020: 0000 0000 0000 0000 0000 0000 0000 0000 
  IN 000030: 0000 0000 0000 0000 0000 0000 0000 0000 
  IN 000040: 0000 0000 0000 0000 0000 0c00 0000 0000 
  IN 000050: 0000 0000 0000 0000 0000 0008 0000 0000 
  IN 000060: 0000 0000 0000 0000                     
RET  seq=57 conn=2c03 sel=9(0x9) ret=0x0 outStructCnt=88
  OUT.struct len=88
  OUT 000000: 0080 2900 0001 0000 0040 f806 0100 0000 
  OUT 000010: 801f 7602 0100 0000 0000 0000 0000 0000 
  OUT 000020: 0000 0000 2a00 0000 0000 0c00 0000 0000 
  OUT 000030: 3998 a72b 0000 0000 781d 5400 0000 0000 
  OUT 000040: 0000 0000 0000 0000 0000 0000 0000 0000 
  OUT 000050: 0000 0c00 0000 0000                     
BODUMP begin reason=sigusr1 n_bo=40
BODUMP handle=0 gpu_va=0x10000000000 cpu=0x106cec000 size=0x10000 read=0x10000 -> /Users/user/asahi_re/public/agx-re/experiments/EXP-0042-graphics-code-selection/raw/run_ba_p0/maps/dump00/bo_sigusr1_h0_va10000000000_cpu106cec000_sz10000.hex
BODUMP handle=0 gpu_va=0x6f00000000 cpu=0x106cfc000 size=0x3800 read=0x3800 -> /Users/user/asahi_re/public/agx-re/experiments/EXP-0042-graphics-code-selection/raw/run_ba_p0/maps/dump00/bo_sigusr1_h0_va6f00000000_cpu106cfc000_sz3800.hex
BODUMP handle=0 gpu_va=0x10000018000 cpu=0x106d24000 size=0x20000 read=0x20000 -> /Users/user/asahi_re/public/agx-re/experiments/EXP-0042-graphics-code-selection/raw/run_ba_p0/maps/dump00/bo_sigusr1_h0_va10000018000_cpu106d24000_sz20000.hex
BODUMP handle=0 gpu_va=0x10000040000 cpu=0x106d44000 size=0x10000 read=0x10000 -> /Users/user/asahi_re/public/agx-re/experiments/EXP-0042-graphics-code-selection/raw/run_ba_p0/maps/dump00/bo_sigusr1_h0_va10000040000_cpu106d44000_sz10000.hex
BODUMP handle=0 gpu_va=0x0 cpu=0x106d54000 size=0x10000 read=0x10000 -> /Users/user/asahi_re/public/agx-re/experiments/EXP-0042-graphics-code-selection/raw/run_ba_p0/maps/dump00/bo_sigusr1_h0_va0_cpu106d54000_sz10000.hex
BODUMP handle=0 gpu_va=0x10000018200 cpu=0x106d24200 size=0x20000 read=0x20000 -> /Users/user/asahi_re/public/agx-re/experiments/EXP-0042-graphics-code-selection/raw/run_ba_p0/maps/dump00/bo_sigusr1_h0_va10000018200_cpu106d24200_sz20000.hex
BODUMP handle=0 gpu_va=0x10000018300 cpu=0x106d24300 size=0x20000 read=0x20000 -> /Users/user/asahi_re/public/agx-re/experiments/EXP-0042-graphics-code-selection/raw/run_ba_p0/maps/dump00/bo_sigusr1_h0_va10000018300_cpu106d24300_sz20000.hex
BODUMP handle=0 gpu_va=0x10000018400 cpu=0x106d24400 size=0x20000 read=0x20000 -> /Users/user/asahi_re/public/agx-re/experiments/EXP-0042-graphics-code-selection/raw/run_ba_p0/maps/dump00/bo_sigusr1_h0_va10000018400_cpu106d24400_sz20000.hex
BODUMP handle=0 gpu_va=0x10000058000 cpu=0x106d64000 size=0x4000 read=0x4000 -> /Users/user/asahi_re/public/agx-re/experiments/EXP-0042-graphics-code-selection/raw/run_ba_p0/maps/dump00/bo_sigusr1_h0_va10000058000_cpu106d64000_sz4000.hex
BODUMP handle=0 gpu_va=0x10000018500 cpu=0x106d24500 size=0x20000 read=0x20000 -> /Users/user/asahi_re/public/agx-re/experiments/EXP-0042-graphics-code-selection/raw/run_ba_p0/maps/dump00/bo_sigusr1_h0_va10000018500_cpu106d24500_sz20000.hex
BODUMP handle=0 gpu_va=0x10000018700 cpu=0x106d24700 size=0x20000 read=0x20000 -> /Users/user/asahi_re/public/agx-re/experiments/EXP-0042-graphics-code-selection/raw/run_ba_p0/maps/dump00/bo_sigusr1_h0_va10000018700_cpu106d24700_sz20000.hex
BODUMP handle=0 gpu_va=0x10000018900 cpu=0x106d24900 size=0x20000 read=0x20000 -> /Users/user/asahi_re/public/agx-re/experiments/EXP-0042-graphics-code-selection/raw/run_ba_p0/maps/dump00/bo_sigusr1_h0_va10000018900_cpu106d24900_sz20000.hex
BODUMP handle=0 gpu_va=0x10000018a00 cpu=0x106d24a00 size=0x20000 read=0x20000 -> /Users/user/asahi_re/public/agx-re/experiments/EXP-0042-graphics-code-selection/raw/run_ba_p0/maps/dump00/bo_sigusr1_h0_va10000018a00_cpu106d24a00_sz20000.hex
BODUMP handle=0 gpu_va=0x10000018b00 cpu=0x106d24b00 size=0x20000 read=0x20000 -> /Users/user/asahi_re/public/agx-re/experiments/EXP-0042-graphics-code-selection/raw/run_ba_p0/maps/dump00/bo_sigusr1_h0_va10000018b00_cpu106d24b00_sz20000.hex
BODUMP handle=0 gpu_va=0x10000018c00 cpu=0x106d24c00 size=0x20000 read=0x20000 -> /Users/user/asahi_re/public/agx-re/experiments/EXP-0042-graphics-code-selection/raw/run_ba_p0/maps/dump00/bo_sigusr1_h0_va10000018c00_cpu106d24c00_sz20000.hex
BODUMP handle=0 gpu_va=0x10000019c00 cpu=0x106d25c00 size=0x20000 read=0x20000 -> /Users/user/asahi_re/public/agx-re/experiments/EXP-0042-graphics-code-selection/raw/run_ba_p0/maps/dump00/bo_sigusr1_h0_va10000019c00_cpu106d25c00_sz20000.hex
BODUMP handle=0 gpu_va=0x10000019d00 cpu=0x106d25d00 size=0x20000 read=0x20000 -> /Users/user/asahi_re/public/agx-re/experiments/EXP-0042-graphics-code-selection/raw/run_ba_p0/maps/dump00/bo_sigusr1_h0_va10000019d00_cpu106d25d00_sz20000.hex
BODUMP handle=0 gpu_va=0x10000019e00 cpu=0x106d25e00 size=0x20000 read=0x20000 -> /Users/user/asahi_re/public/agx-re/experiments/EXP-0042-graphics-code-selection/raw/run_ba_p0/maps/dump00/bo_sigusr1_h0_va10000019e00_cpu106d25e00_sz20000.hex
BODUMP handle=0 gpu_va=0x10000019f00 cpu=0x106d25f00 size=0x20000 read=0x20000 -> /Users/user/asahi_re/public/agx-re/experiments/EXP-0042-graphics-code-selection/raw/run_ba_p0/maps/dump00/bo_sigusr1_h0_va10000019f00_cpu106d25f00_sz20000.hex
BODUMP handle=0 gpu_va=0x1000001a700 cpu=0x106d26700 size=0x20000 read=0x20000 -> /Users/user/asahi_re/public/agx-re/experiments/EXP-0042-graphics-code-selection/raw/run_ba_p0/maps/dump00/bo_sigusr1_h0_va1000001a700_cpu106d26700_sz20000.hex
BODUMP handle=0 gpu_va=0x1000001a800 cpu=0x106d26800 size=0x20000 read=0x20000 -> /Users/user/asahi_re/public/agx-re/experiments/EXP-0042-graphics-code-selection/raw/run_ba_p0/maps/dump00/bo_sigusr1_h0_va1000001a800_cpu106d26800_sz20000.hex
BODUMP handle=0 gpu_va=0x10000060000 cpu=0x106d6c000 size=0x20000 read=0x20000 -> /Users/user/asahi_re/public/agx-re/experiments/EXP-0042-graphics-code-selection/raw/run_ba_p0/maps/dump00/bo_sigusr1_h0_va10000060000_cpu106d6c000_sz20000.hex
BODUMP handle=0 gpu_va=0x10000088000 cpu=0x106d94000 size=0x74000 read=0x74000 -> /Users/user/asahi_re/public/agx-re/experiments/EXP-0042-graphics-code-selection/raw/run_ba_p0/maps/dump00/bo_sigusr1_h0_va10000088000_cpu106d94000_sz74000.hex
BODUMP handle=0 gpu_va=0x18000 cpu=0x106e08000 size=0x8000 read=0x8000 -> /Users/user/asahi_re/public/agx-re/experiments/EXP-0042-graphics-code-selection/raw/run_ba_p0/maps/dump00/bo_sigusr1_h0_va18000_cpu106e08000_sz8000.hex
BODUMP handle=0 gpu_va=0x28000 cpu=0x106e10000 size=0x8000 read=0x8000 -> /Users/user/asahi_re/public/agx-re/experiments/EXP-0042-graphics-code-selection/raw/run_ba_p0/maps/dump00/bo_sigusr1_h0_va28000_cpu106e10000_sz8000.hex
BODUMP handle=0 gpu_va=0x38000 cpu=0x106e18000 size=0x8000 read=0x8000 -> /Users/user/asahi_re/public/agx-re/experiments/EXP-0042-graphics-code-selection/raw/run_ba_p0/maps/dump00/bo_sigusr1_h0_va38000_cpu106e18000_sz8000.hex
BODUMP handle=0 gpu_va=0x10000100000 cpu=0x106e20000 size=0x8000 read=0x8000 -> /Users/user/asahi_re/public/agx-re/experiments/EXP-0042-graphics-code-selection/raw/run_ba_p0/maps/dump00/bo_sigusr1_h0_va10000100000_cpu106e20000_sz8000.hex
BODUMP handle=0 gpu_va=0x10000110000 cpu=0x106e28000 size=0x8000 read=0x8000 -> /Users/user/asahi_re/public/agx-re/experiments/EXP-0042-graphics-code-selection/raw/run_ba_p0/maps/dump00/bo_sigusr1_h0_va10000110000_cpu106e28000_sz8000.hex
BODUMP handle=0 gpu_va=0x10000120000 cpu=0x106e30000 size=0x8000 read=0x8000 -> /Users/user/asahi_re/public/agx-re/experiments/EXP-0042-graphics-code-selection/raw/run_ba_p0/maps/dump00/bo_sigusr1_h0_va10000120000_cpu106e30000_sz8000.hex
BODUMP handle=0 gpu_va=0x10000130000 cpu=0x106e38000 size=0x8000 read=0x8000 -> /Users/user/asahi_re/public/agx-re/experiments/EXP-0042-graphics-code-selection/raw/run_ba_p0/maps/dump00/bo_sigusr1_h0_va10000130000_cpu106e38000_sz8000.hex
BODUMP handle=0 gpu_va=0x10000140000 cpu=0x106e40000 size=0x100000 read=0x100000 -> /Users/user/asahi_re/public/agx-re/experiments/EXP-0042-graphics-code-selection/raw/run_ba_p0/maps/dump00/bo_sigusr1_h0_va10000140000_cpu106e40000_sz100000.hex
BODUMP handle=0 gpu_va=0x48000 cpu=0x106f40000 size=0x8000 read=0x8000 -> /Users/user/asahi_re/public/agx-re/experiments/EXP-0042-graphics-code-selection/raw/run_ba_p0/maps/dump00/bo_sigusr1_h0_va48000_cpu106f40000_sz8000.hex
BODUMP handle=0 gpu_va=0x10000248000 cpu=0x106f48000 size=0x8000 read=0x8000 -> /Users/user/asahi_re/public/agx-re/experiments/EXP-0042-graphics-code-selection/raw/run_ba_p0/maps/dump00/bo_sigusr1_h0_va10000248000_cpu106f48000_sz8000.hex
BODUMP handle=0 gpu_va=0x10000258000 cpu=0x106f50000 size=0x8000 read=0x8000 -> /Users/user/asahi_re/public/agx-re/experiments/EXP-0042-graphics-code-selection/raw/run_ba_p0/maps/dump00/bo_sigusr1_h0_va10000258000_cpu106f50000_sz8000.hex
BODUMP handle=0 gpu_va=0x10000268000 cpu=0x106f58000 size=0x8000 read=0x8000 -> /Users/user/asahi_re/public/agx-re/experiments/EXP-0042-graphics-code-selection/raw/run_ba_p0/maps/dump00/bo_sigusr1_h0_va10000268000_cpu106f58000_sz8000.hex
BODUMP handle=0 gpu_va=0x10000278000 cpu=0x106f60000 size=0x8000 read=0x8000 -> /Users/user/asahi_re/public/agx-re/experiments/EXP-0042-graphics-code-selection/raw/run_ba_p0/maps/dump00/bo_sigusr1_h0_va10000278000_cpu106f60000_sz8000.hex
BODUMP handle=0 gpu_va=0x10000288000 cpu=0x106f68000 size=0x8000 read=0x8000 -> /Users/user/asahi_re/public/agx-re/experiments/EXP-0042-graphics-code-selection/raw/run_ba_p0/maps/dump00/bo_sigusr1_h0_va10000288000_cpu106f68000_sz8000.hex
BODUMP handle=0 gpu_va=0x58000 cpu=0x106f70000 size=0x8000 read=0x8000 -> /Users/user/asahi_re/public/agx-re/experiments/EXP-0042-graphics-code-selection/raw/run_ba_p0/maps/dump00/bo_sigusr1_h0_va58000_cpu106f70000_sz8000.hex
BODUMP handle=0 gpu_va=0x68000 cpu=0x106f78000 size=0x88e0 read=0x88e0 -> /Users/user/asahi_re/public/agx-re/experiments/EXP-0042-graphics-code-selection/raw/run_ba_p0/maps/dump00/bo_sigusr1_h0_va68000_cpu106f78000_sz88e0.hex
BODUMP handle=0 gpu_va=0x10000298000 cpu=0x106f84000 size=0xc0000 read=0xc0000 -> /Users/user/asahi_re/public/agx-re/experiments/EXP-0042-graphics-code-selection/raw/run_ba_p0/maps/dump00/bo_sigusr1_h0_va10000298000_cpu106f84000_szc0000.hex
BODUMP end reason=sigusr1
MAPDUMP reason=sigusr1 seq=57 conn=0 memType=0x00005e15 addr=0x106ce4000 size=0x4000 read=0x4000 -> /Users/user/asahi_re/public/agx-re/experiments/EXP-0042-graphics-code-selection/raw/run_ba_p0/maps/dump00/map_seq000057_conn0_type00005e15_at106ce4000_sz4000.hex
MAPDUMP reason=sigusr1 seq=57 conn=0 memType=0x00005e15 addr=0x102760000 size=0x4000 read=0x4000 -> /Users/user/asahi_re/public/agx-re/experiments/EXP-0042-graphics-code-selection/raw/run_ba_p0/maps/dump00/map_seq000057_conn0_type00005e15_at102760000_sz4000.hex
BODUMP begin reason=sigusr1 n_bo=40
BODUMP handle=0 gpu_va=0x10000000000 cpu=0x106cec000 size=0x10000 read=0x10000 -> /Users/user/asahi_re/public/agx-re/experiments/EXP-0042-graphics-code-selection/raw/run_ba_p0/maps/dump01/bo_sigusr1_h0_va10000000000_cpu106cec000_sz10000.hex
BODUMP handle=0 gpu_va=0x6f00000000 cpu=0x106cfc000 size=0x3800 read=0x3800 -> /Users/user/asahi_re/public/agx-re/experiments/EXP-0042-graphics-code-selection/raw/run_ba_p0/maps/dump01/bo_sigusr1_h0_va6f00000000_cpu106cfc000_sz3800.hex
BODUMP handle=0 gpu_va=0x10000018000 cpu=0x106d24000 size=0x20000 read=0x20000 -> /Users/user/asahi_re/public/agx-re/experiments/EXP-0042-graphics-code-selection/raw/run_ba_p0/maps/dump01/bo_sigusr1_h0_va10000018000_cpu106d24000_sz20000.hex
BODUMP handle=0 gpu_va=0x10000040000 cpu=0x106d44000 size=0x10000 read=0x10000 -> /Users/user/asahi_re/public/agx-re/experiments/EXP-0042-graphics-code-selection/raw/run_ba_p0/maps/dump01/bo_sigusr1_h0_va10000040000_cpu106d44000_sz10000.hex
BODUMP handle=0 gpu_va=0x0 cpu=0x106d54000 size=0x10000 read=0x10000 -> /Users/user/asahi_re/public/agx-re/experiments/EXP-0042-graphics-code-selection/raw/run_ba_p0/maps/dump01/bo_sigusr1_h0_va0_cpu106d54000_sz10000.hex
BODUMP handle=0 gpu_va=0x10000018200 cpu=0x106d24200 size=0x20000 read=0x20000 -> /Users/user/asahi_re/public/agx-re/experiments/EXP-0042-graphics-code-selection/raw/run_ba_p0/maps/dump01/bo_sigusr1_h0_va10000018200_cpu106d24200_sz20000.hex
BODUMP handle=0 gpu_va=0x10000018300 cpu=0x106d24300 size=0x20000 read=0x20000 -> /Users/user/asahi_re/public/agx-re/experiments/EXP-0042-graphics-code-selection/raw/run_ba_p0/maps/dump01/bo_sigusr1_h0_va10000018300_cpu106d24300_sz20000.hex
BODUMP handle=0 gpu_va=0x10000018400 cpu=0x106d24400 size=0x20000 read=0x20000 -> /Users/user/asahi_re/public/agx-re/experiments/EXP-0042-graphics-code-selection/raw/run_ba_p0/maps/dump01/bo_sigusr1_h0_va10000018400_cpu106d24400_sz20000.hex
BODUMP handle=0 gpu_va=0x10000058000 cpu=0x106d64000 size=0x4000 read=0x4000 -> /Users/user/asahi_re/public/agx-re/experiments/EXP-0042-graphics-code-selection/raw/run_ba_p0/maps/dump01/bo_sigusr1_h0_va10000058000_cpu106d64000_sz4000.hex
BODUMP handle=0 gpu_va=0x10000018500 cpu=0x106d24500 size=0x20000 read=0x20000 -> /Users/user/asahi_re/public/agx-re/experiments/EXP-0042-graphics-code-selection/raw/run_ba_p0/maps/dump01/bo_sigusr1_h0_va10000018500_cpu106d24500_sz20000.hex
BODUMP handle=0 gpu_va=0x10000018700 cpu=0x106d24700 size=0x20000 read=0x20000 -> /Users/user/asahi_re/public/agx-re/experiments/EXP-0042-graphics-code-selection/raw/run_ba_p0/maps/dump01/bo_sigusr1_h0_va10000018700_cpu106d24700_sz20000.hex
BODUMP handle=0 gpu_va=0x10000018900 cpu=0x106d24900 size=0x20000 read=0x20000 -> /Users/user/asahi_re/public/agx-re/experiments/EXP-0042-graphics-code-selection/raw/run_ba_p0/maps/dump01/bo_sigusr1_h0_va10000018900_cpu106d24900_sz20000.hex
BODUMP handle=0 gpu_va=0x10000018a00 cpu=0x106d24a00 size=0x20000 read=0x20000 -> /Users/user/asahi_re/public/agx-re/experiments/EXP-0042-graphics-code-selection/raw/run_ba_p0/maps/dump01/bo_sigusr1_h0_va10000018a00_cpu106d24a00_sz20000.hex
BODUMP handle=0 gpu_va=0x10000018b00 cpu=0x106d24b00 size=0x20000 read=0x20000 -> /Users/user/asahi_re/public/agx-re/experiments/EXP-0042-graphics-code-selection/raw/run_ba_p0/maps/dump01/bo_sigusr1_h0_va10000018b00_cpu106d24b00_sz20000.hex
BODUMP handle=0 gpu_va=0x10000018c00 cpu=0x106d24c00 size=0x20000 read=0x20000 -> /Users/user/asahi_re/public/agx-re/experiments/EXP-0042-graphics-code-selection/raw/run_ba_p0/maps/dump01/bo_sigusr1_h0_va10000018c00_cpu106d24c00_sz20000.hex
BODUMP handle=0 gpu_va=0x10000019c00 cpu=0x106d25c00 size=0x20000 read=0x20000 -> /Users/user/asahi_re/public/agx-re/experiments/EXP-0042-graphics-code-selection/raw/run_ba_p0/maps/dump01/bo_sigusr1_h0_va10000019c00_cpu106d25c00_sz20000.hex
BODUMP handle=0 gpu_va=0x10000019d00 cpu=0x106d25d00 size=0x20000 read=0x20000 -> /Users/user/asahi_re/public/agx-re/experiments/EXP-0042-graphics-code-selection/raw/run_ba_p0/maps/dump01/bo_sigusr1_h0_va10000019d00_cpu106d25d00_sz20000.hex
BODUMP handle=0 gpu_va=0x10000019e00 cpu=0x106d25e00 size=0x20000 read=0x20000 -> /Users/user/asahi_re/public/agx-re/experiments/EXP-0042-graphics-code-selection/raw/run_ba_p0/maps/dump01/bo_sigusr1_h0_va10000019e00_cpu106d25e00_sz20000.hex
BODUMP handle=0 gpu_va=0x10000019f00 cpu=0x106d25f00 size=0x20000 read=0x20000 -> /Users/user/asahi_re/public/agx-re/experiments/EXP-0042-graphics-code-selection/raw/run_ba_p0/maps/dump01/bo_sigusr1_h0_va10000019f00_cpu106d25f00_sz20000.hex
BODUMP handle=0 gpu_va=0x1000001a700 cpu=0x106d26700 size=0x20000 read=0x20000 -> /Users/user/asahi_re/public/agx-re/experiments/EXP-0042-graphics-code-selection/raw/run_ba_p0/maps/dump01/bo_sigusr1_h0_va1000001a700_cpu106d26700_sz20000.hex
BODUMP handle=0 gpu_va=0x1000001a800 cpu=0x106d26800 size=0x20000 read=0x20000 -> /Users/user/asahi_re/public/agx-re/experiments/EXP-0042-graphics-code-selection/raw/run_ba_p0/maps/dump01/bo_sigusr1_h0_va1000001a800_cpu106d26800_sz20000.hex
BODUMP handle=0 gpu_va=0x10000060000 cpu=0x106d6c000 size=0x20000 read=0x20000 -> /Users/user/asahi_re/public/agx-re/experiments/EXP-0042-graphics-code-selection/raw/run_ba_p0/maps/dump01/bo_sigusr1_h0_va10000060000_cpu106d6c000_sz20000.hex
BODUMP handle=0 gpu_va=0x10000088000 cpu=0x106d94000 size=0x74000 read=0x74000 -> /Users/user/asahi_re/public/agx-re/experiments/EXP-0042-graphics-code-selection/raw/run_ba_p0/maps/dump01/bo_sigusr1_h0_va10000088000_cpu106d94000_sz74000.hex
BODUMP handle=0 gpu_va=0x18000 cpu=0x106e08000 size=0x8000 read=0x8000 -> /Users/user/asahi_re/public/agx-re/experiments/EXP-0042-graphics-code-selection/raw/run_ba_p0/maps/dump01/bo_sigusr1_h0_va18000_cpu106e08000_sz8000.hex
BODUMP handle=0 gpu_va=0x28000 cpu=0x106e10000 size=0x8000 read=0x8000 -> /Users/user/asahi_re/public/agx-re/experiments/EXP-0042-graphics-code-selection/raw/run_ba_p0/maps/dump01/bo_sigusr1_h0_va28000_cpu106e10000_sz8000.hex
BODUMP handle=0 gpu_va=0x38000 cpu=0x106e18000 size=0x8000 read=0x8000 -> /Users/user/asahi_re/public/agx-re/experiments/EXP-0042-graphics-code-selection/raw/run_ba_p0/maps/dump01/bo_sigusr1_h0_va38000_cpu106e18000_sz8000.hex
BODUMP handle=0 gpu_va=0x10000100000 cpu=0x106e20000 size=0x8000 read=0x8000 -> /Users/user/asahi_re/public/agx-re/experiments/EXP-0042-graphics-code-selection/raw/run_ba_p0/maps/dump01/bo_sigusr1_h0_va10000100000_cpu106e20000_sz8000.hex
BODUMP handle=0 gpu_va=0x10000110000 cpu=0x106e28000 size=0x8000 read=0x8000 -> /Users/user/asahi_re/public/agx-re/experiments/EXP-0042-graphics-code-selection/raw/run_ba_p0/maps/dump01/bo_sigusr1_h0_va10000110000_cpu106e28000_sz8000.hex
BODUMP handle=0 gpu_va=0x10000120000 cpu=0x106e30000 size=0x8000 read=0x8000 -> /Users/user/asahi_re/public/agx-re/experiments/EXP-0042-graphics-code-selection/raw/run_ba_p0/maps/dump01/bo_sigusr1_h0_va10000120000_cpu106e30000_sz8000.hex
BODUMP handle=0 gpu_va=0x10000130000 cpu=0x106e38000 size=0x8000 read=0x8000 -> /Users/user/asahi_re/public/agx-re/experiments/EXP-0042-graphics-code-selection/raw/run_ba_p0/maps/dump01/bo_sigusr1_h0_va10000130000_cpu106e38000_sz8000.hex
BODUMP handle=0 gpu_va=0x10000140000 cpu=0x106e40000 size=0x100000 read=0x100000 -> /Users/user/asahi_re/public/agx-re/experiments/EXP-0042-graphics-code-selection/raw/run_ba_p0/maps/dump01/bo_sigusr1_h0_va10000140000_cpu106e40000_sz100000.hex
BODUMP handle=0 gpu_va=0x48000 cpu=0x106f40000 size=0x8000 read=0x8000 -> /Users/user/asahi_re/public/agx-re/experiments/EXP-0042-graphics-code-selection/raw/run_ba_p0/maps/dump01/bo_sigusr1_h0_va48000_cpu106f40000_sz8000.hex
BODUMP handle=0 gpu_va=0x10000248000 cpu=0x106f48000 size=0x8000 read=0x8000 -> /Users/user/asahi_re/public/agx-re/experiments/EXP-0042-graphics-code-selection/raw/run_ba_p0/maps/dump01/bo_sigusr1_h0_va10000248000_cpu106f48000_sz8000.hex
BODUMP handle=0 gpu_va=0x10000258000 cpu=0x106f50000 size=0x8000 read=0x8000 -> /Users/user/asahi_re/public/agx-re/experiments/EXP-0042-graphics-code-selection/raw/run_ba_p0/maps/dump01/bo_sigusr1_h0_va10000258000_cpu106f50000_sz8000.hex
BODUMP handle=0 gpu_va=0x10000268000 cpu=0x106f58000 size=0x8000 read=0x8000 -> /Users/user/asahi_re/public/agx-re/experiments/EXP-0042-graphics-code-selection/raw/run_ba_p0/maps/dump01/bo_sigusr1_h0_va10000268000_cpu106f58000_sz8000.hex
BODUMP handle=0 gpu_va=0x10000278000 cpu=0x106f60000 size=0x8000 read=0x8000 -> /Users/user/asahi_re/public/agx-re/experiments/EXP-0042-graphics-code-selection/raw/run_ba_p0/maps/dump01/bo_sigusr1_h0_va10000278000_cpu106f60000_sz8000.hex
BODUMP handle=0 gpu_va=0x10000288000 cpu=0x106f68000 size=0x8000 read=0x8000 -> /Users/user/asahi_re/public/agx-re/experiments/EXP-0042-graphics-code-selection/raw/run_ba_p0/maps/dump01/bo_sigusr1_h0_va10000288000_cpu106f68000_sz8000.hex
BODUMP handle=0 gpu_va=0x58000 cpu=0x106f70000 size=0x8000 read=0x8000 -> /Users/user/asahi_re/public/agx-re/experiments/EXP-0042-graphics-code-selection/raw/run_ba_p0/maps/dump01/bo_sigusr1_h0_va58000_cpu106f70000_sz8000.hex
BODUMP handle=0 gpu_va=0x68000 cpu=0x106f78000 size=0x88e0 read=0x88e0 -> /Users/user/asahi_re/public/agx-re/experiments/EXP-0042-graphics-code-selection/raw/run_ba_p0/maps/dump01/bo_sigusr1_h0_va68000_cpu106f78000_sz88e0.hex
BODUMP handle=0 gpu_va=0x10000298000 cpu=0x106f84000 size=0xc0000 read=0xc0000 -> /Users/user/asahi_re/public/agx-re/experiments/EXP-0042-graphics-code-selection/raw/run_ba_p0/maps/dump01/bo_sigusr1_h0_va10000298000_cpu106f84000_szc0000.hex
BODUMP end reason=sigusr1
MAPDUMP reason=sigusr1 seq=57 conn=0 memType=0x00005e15 addr=0x106ce4000 size=0x4000 read=0x4000 -> /Users/user/asahi_re/public/agx-re/experiments/EXP-0042-graphics-code-selection/raw/run_ba_p0/maps/dump01/map_seq000057_conn0_type00005e15_at106ce4000_sz4000.hex
MAPDUMP reason=sigusr1 seq=57 conn=0 memType=0x00005e15 addr=0x102760000 size=0x4000 read=0x4000 -> /Users/user/asahi_re/public/agx-re/experiments/EXP-0042-graphics-code-selection/raw/run_ba_p0/maps/dump01/map_seq000057_conn0_type00005e15_at102760000_sz4000.hex
BODUMP begin reason=sigusr1 n_bo=40
BODUMP handle=0 gpu_va=0x10000000000 cpu=0x106cec000 size=0x10000 read=0x10000 -> /Users/user/asahi_re/public/agx-re/experiments/EXP-0042-graphics-code-selection/raw/run_ba_p0/maps/dump02/bo_sigusr1_h0_va10000000000_cpu106cec000_sz10000.hex
BODUMP handle=0 gpu_va=0x6f00000000 cpu=0x106cfc000 size=0x3800 read=0x3800 -> /Users/user/asahi_re/public/agx-re/experiments/EXP-0042-graphics-code-selection/raw/run_ba_p0/maps/dump02/bo_sigusr1_h0_va6f00000000_cpu106cfc000_sz3800.hex
BODUMP handle=0 gpu_va=0x10000018000 cpu=0x106d24000 size=0x20000 read=0x20000 -> /Users/user/asahi_re/public/agx-re/experiments/EXP-0042-graphics-code-selection/raw/run_ba_p0/maps/dump02/bo_sigusr1_h0_va10000018000_cpu106d24000_sz20000.hex
BODUMP handle=0 gpu_va=0x10000040000 cpu=0x106d44000 size=0x10000 read=0x10000 -> /Users/user/asahi_re/public/agx-re/experiments/EXP-0042-graphics-code-selection/raw/run_ba_p0/maps/dump02/bo_sigusr1_h0_va10000040000_cpu106d44000_sz10000.hex
BODUMP handle=0 gpu_va=0x0 cpu=0x106d54000 size=0x10000 read=0x10000 -> /Users/user/asahi_re/public/agx-re/experiments/EXP-0042-graphics-code-selection/raw/run_ba_p0/maps/dump02/bo_sigusr1_h0_va0_cpu106d54000_sz10000.hex
BODUMP handle=0 gpu_va=0x10000018200 cpu=0x106d24200 size=0x20000 read=0x20000 -> /Users/user/asahi_re/public/agx-re/experiments/EXP-0042-graphics-code-selection/raw/run_ba_p0/maps/dump02/bo_sigusr1_h0_va10000018200_cpu106d24200_sz20000.hex
BODUMP handle=0 gpu_va=0x10000018300 cpu=0x106d24300 size=0x20000 read=0x20000 -> /Users/user/asahi_re/public/agx-re/experiments/EXP-0042-graphics-code-selection/raw/run_ba_p0/maps/dump02/bo_sigusr1_h0_va10000018300_cpu106d24300_sz20000.hex
BODUMP handle=0 gpu_va=0x10000018400 cpu=0x106d24400 size=0x20000 read=0x20000 -> /Users/user/asahi_re/public/agx-re/experiments/EXP-0042-graphics-code-selection/raw/run_ba_p0/maps/dump02/bo_sigusr1_h0_va10000018400_cpu106d24400_sz20000.hex
BODUMP handle=0 gpu_va=0x10000058000 cpu=0x106d64000 size=0x4000 read=0x4000 -> /Users/user/asahi_re/public/agx-re/experiments/EXP-0042-graphics-code-selection/raw/run_ba_p0/maps/dump02/bo_sigusr1_h0_va10000058000_cpu106d64000_sz4000.hex
BODUMP handle=0 gpu_va=0x10000018500 cpu=0x106d24500 size=0x20000 read=0x20000 -> /Users/user/asahi_re/public/agx-re/experiments/EXP-0042-graphics-code-selection/raw/run_ba_p0/maps/dump02/bo_sigusr1_h0_va10000018500_cpu106d24500_sz20000.hex
BODUMP handle=0 gpu_va=0x10000018700 cpu=0x106d24700 size=0x20000 read=0x20000 -> /Users/user/asahi_re/public/agx-re/experiments/EXP-0042-graphics-code-selection/raw/run_ba_p0/maps/dump02/bo_sigusr1_h0_va10000018700_cpu106d24700_sz20000.hex
BODUMP handle=0 gpu_va=0x10000018900 cpu=0x106d24900 size=0x20000 read=0x20000 -> /Users/user/asahi_re/public/agx-re/experiments/EXP-0042-graphics-code-selection/raw/run_ba_p0/maps/dump02/bo_sigusr1_h0_va10000018900_cpu106d24900_sz20000.hex
BODUMP handle=0 gpu_va=0x10000018a00 cpu=0x106d24a00 size=0x20000 read=0x20000 -> /Users/user/asahi_re/public/agx-re/experiments/EXP-0042-graphics-code-selection/raw/run_ba_p0/maps/dump02/bo_sigusr1_h0_va10000018a00_cpu106d24a00_sz20000.hex
BODUMP handle=0 gpu_va=0x10000018b00 cpu=0x106d24b00 size=0x20000 read=0x20000 -> /Users/user/asahi_re/public/agx-re/experiments/EXP-0042-graphics-code-selection/raw/run_ba_p0/maps/dump02/bo_sigusr1_h0_va10000018b00_cpu106d24b00_sz20000.hex
BODUMP handle=0 gpu_va=0x10000018c00 cpu=0x106d24c00 size=0x20000 read=0x20000 -> /Users/user/asahi_re/public/agx-re/experiments/EXP-0042-graphics-code-selection/raw/run_ba_p0/maps/dump02/bo_sigusr1_h0_va10000018c00_cpu106d24c00_sz20000.hex
BODUMP handle=0 gpu_va=0x10000019c00 cpu=0x106d25c00 size=0x20000 read=0x20000 -> /Users/user/asahi_re/public/agx-re/experiments/EXP-0042-graphics-code-selection/raw/run_ba_p0/maps/dump02/bo_sigusr1_h0_va10000019c00_cpu106d25c00_sz20000.hex
BODUMP handle=0 gpu_va=0x10000019d00 cpu=0x106d25d00 size=0x20000 read=0x20000 -> /Users/user/asahi_re/public/agx-re/experiments/EXP-0042-graphics-code-selection/raw/run_ba_p0/maps/dump02/bo_sigusr1_h0_va10000019d00_cpu106d25d00_sz20000.hex
BODUMP handle=0 gpu_va=0x10000019e00 cpu=0x106d25e00 size=0x20000 read=0x20000 -> /Users/user/asahi_re/public/agx-re/experiments/EXP-0042-graphics-code-selection/raw/run_ba_p0/maps/dump02/bo_sigusr1_h0_va10000019e00_cpu106d25e00_sz20000.hex
BODUMP handle=0 gpu_va=0x10000019f00 cpu=0x106d25f00 size=0x20000 read=0x20000 -> /Users/user/asahi_re/public/agx-re/experiments/EXP-0042-graphics-code-selection/raw/run_ba_p0/maps/dump02/bo_sigusr1_h0_va10000019f00_cpu106d25f00_sz20000.hex
BODUMP handle=0 gpu_va=0x1000001a700 cpu=0x106d26700 size=0x20000 read=0x20000 -> /Users/user/asahi_re/public/agx-re/experiments/EXP-0042-graphics-code-selection/raw/run_ba_p0/maps/dump02/bo_sigusr1_h0_va1000001a700_cpu106d26700_sz20000.hex
BODUMP handle=0 gpu_va=0x1000001a800 cpu=0x106d26800 size=0x20000 read=0x20000 -> /Users/user/asahi_re/public/agx-re/experiments/EXP-0042-graphics-code-selection/raw/run_ba_p0/maps/dump02/bo_sigusr1_h0_va1000001a800_cpu106d26800_sz20000.hex
BODUMP handle=0 gpu_va=0x10000060000 cpu=0x106d6c000 size=0x20000 read=0x20000 -> /Users/user/asahi_re/public/agx-re/experiments/EXP-0042-graphics-code-selection/raw/run_ba_p0/maps/dump02/bo_sigusr1_h0_va10000060000_cpu106d6c000_sz20000.hex
BODUMP handle=0 gpu_va=0x10000088000 cpu=0x106d94000 size=0x74000 read=0x74000 -> /Users/user/asahi_re/public/agx-re/experiments/EXP-0042-graphics-code-selection/raw/run_ba_p0/maps/dump02/bo_sigusr1_h0_va10000088000_cpu106d94000_sz74000.hex
BODUMP handle=0 gpu_va=0x18000 cpu=0x106e08000 size=0x8000 read=0x8000 -> /Users/user/asahi_re/public/agx-re/experiments/EXP-0042-graphics-code-selection/raw/run_ba_p0/maps/dump02/bo_sigusr1_h0_va18000_cpu106e08000_sz8000.hex
BODUMP handle=0 gpu_va=0x28000 cpu=0x106e10000 size=0x8000 read=0x8000 -> /Users/user/asahi_re/public/agx-re/experiments/EXP-0042-graphics-code-selection/raw/run_ba_p0/maps/dump02/bo_sigusr1_h0_va28000_cpu106e10000_sz8000.hex
BODUMP handle=0 gpu_va=0x38000 cpu=0x106e18000 size=0x8000 read=0x8000 -> /Users/user/asahi_re/public/agx-re/experiments/EXP-0042-graphics-code-selection/raw/run_ba_p0/maps/dump02/bo_sigusr1_h0_va38000_cpu106e18000_sz8000.hex
BODUMP handle=0 gpu_va=0x10000100000 cpu=0x106e20000 size=0x8000 read=0x8000 -> /Users/user/asahi_re/public/agx-re/experiments/EXP-0042-graphics-code-selection/raw/run_ba_p0/maps/dump02/bo_sigusr1_h0_va10000100000_cpu106e20000_sz8000.hex
BODUMP handle=0 gpu_va=0x10000110000 cpu=0x106e28000 size=0x8000 read=0x8000 -> /Users/user/asahi_re/public/agx-re/experiments/EXP-0042-graphics-code-selection/raw/run_ba_p0/maps/dump02/bo_sigusr1_h0_va10000110000_cpu106e28000_sz8000.hex
BODUMP handle=0 gpu_va=0x10000120000 cpu=0x106e30000 size=0x8000 read=0x8000 -> /Users/user/asahi_re/public/agx-re/experiments/EXP-0042-graphics-code-selection/raw/run_ba_p0/maps/dump02/bo_sigusr1_h0_va10000120000_cpu106e30000_sz8000.hex
BODUMP handle=0 gpu_va=0x10000130000 cpu=0x106e38000 size=0x8000 read=0x8000 -> /Users/user/asahi_re/public/agx-re/experiments/EXP-0042-graphics-code-selection/raw/run_ba_p0/maps/dump02/bo_sigusr1_h0_va10000130000_cpu106e38000_sz8000.hex
BODUMP handle=0 gpu_va=0x10000140000 cpu=0x106e40000 size=0x100000 read=0x100000 -> /Users/user/asahi_re/public/agx-re/experiments/EXP-0042-graphics-code-selection/raw/run_ba_p0/maps/dump02/bo_sigusr1_h0_va10000140000_cpu106e40000_sz100000.hex
BODUMP handle=0 gpu_va=0x48000 cpu=0x106f40000 size=0x8000 read=0x8000 -> /Users/user/asahi_re/public/agx-re/experiments/EXP-0042-graphics-code-selection/raw/run_ba_p0/maps/dump02/bo_sigusr1_h0_va48000_cpu106f40000_sz8000.hex
BODUMP handle=0 gpu_va=0x10000248000 cpu=0x106f48000 size=0x8000 read=0x8000 -> /Users/user/asahi_re/public/agx-re/experiments/EXP-0042-graphics-code-selection/raw/run_ba_p0/maps/dump02/bo_sigusr1_h0_va10000248000_cpu106f48000_sz8000.hex
BODUMP handle=0 gpu_va=0x10000258000 cpu=0x106f50000 size=0x8000 read=0x8000 -> /Users/user/asahi_re/public/agx-re/experiments/EXP-0042-graphics-code-selection/raw/run_ba_p0/maps/dump02/bo_sigusr1_h0_va10000258000_cpu106f50000_sz8000.hex
BODUMP handle=0 gpu_va=0x10000268000 cpu=0x106f58000 size=0x8000 read=0x8000 -> /Users/user/asahi_re/public/agx-re/experiments/EXP-0042-graphics-code-selection/raw/run_ba_p0/maps/dump02/bo_sigusr1_h0_va10000268000_cpu106f58000_sz8000.hex
BODUMP handle=0 gpu_va=0x10000278000 cpu=0x106f60000 size=0x8000 read=0x8000 -> /Users/user/asahi_re/public/agx-re/experiments/EXP-0042-graphics-code-selection/raw/run_ba_p0/maps/dump02/bo_sigusr1_h0_va10000278000_cpu106f60000_sz8000.hex
BODUMP handle=0 gpu_va=0x10000288000 cpu=0x106f68000 size=0x8000 read=0x8000 -> /Users/user/asahi_re/public/agx-re/experiments/EXP-0042-graphics-code-selection/raw/run_ba_p0/maps/dump02/bo_sigusr1_h0_va10000288000_cpu106f68000_sz8000.hex
BODUMP handle=0 gpu_va=0x58000 cpu=0x106f70000 size=0x8000 read=0x8000 -> /Users/user/asahi_re/public/agx-re/experiments/EXP-0042-graphics-code-selection/raw/run_ba_p0/maps/dump02/bo_sigusr1_h0_va58000_cpu106f70000_sz8000.hex
BODUMP handle=0 gpu_va=0x68000 cpu=0x106f78000 size=0x88e0 read=0x88e0 -> /Users/user/asahi_re/public/agx-re/experiments/EXP-0042-graphics-code-selection/raw/run_ba_p0/maps/dump02/bo_sigusr1_h0_va68000_cpu106f78000_sz88e0.hex
BODUMP handle=0 gpu_va=0x10000298000 cpu=0x106f84000 size=0xc0000 read=0xc0000 -> /Users/user/asahi_re/public/agx-re/experiments/EXP-0042-graphics-code-selection/raw/run_ba_p0/maps/dump02/bo_sigusr1_h0_va10000298000_cpu106f84000_szc0000.hex
BODUMP end reason=sigusr1
MAPDUMP reason=sigusr1 seq=57 conn=0 memType=0x00005e15 addr=0x106ce4000 size=0x4000 read=0x4000 -> /Users/user/asahi_re/public/agx-re/experiments/EXP-0042-graphics-code-selection/raw/run_ba_p0/maps/dump02/map_seq000057_conn0_type00005e15_at106ce4000_sz4000.hex
MAPDUMP reason=sigusr1 seq=57 conn=0 memType=0x00005e15 addr=0x102760000 size=0x4000 read=0x4000 -> /Users/user/asahi_re/public/agx-re/experiments/EXP-0042-graphics-code-selection/raw/run_ba_p0/maps/dump02/map_seq000057_conn0_type00005e15_at102760000_sz4000.hex
BODUMP begin reason=sigusr1 n_bo=40
BODUMP handle=0 gpu_va=0x10000000000 cpu=0x106cec000 size=0x10000 read=0x10000 -> /Users/user/asahi_re/public/agx-re/experiments/EXP-0042-graphics-code-selection/raw/run_ba_p0/maps/dump03/bo_sigusr1_h0_va10000000000_cpu106cec000_sz10000.hex
BODUMP handle=0 gpu_va=0x6f00000000 cpu=0x106cfc000 size=0x3800 read=0x3800 -> /Users/user/asahi_re/public/agx-re/experiments/EXP-0042-graphics-code-selection/raw/run_ba_p0/maps/dump03/bo_sigusr1_h0_va6f00000000_cpu106cfc000_sz3800.hex
BODUMP handle=0 gpu_va=0x10000018000 cpu=0x106d24000 size=0x20000 read=0x20000 -> /Users/user/asahi_re/public/agx-re/experiments/EXP-0042-graphics-code-selection/raw/run_ba_p0/maps/dump03/bo_sigusr1_h0_va10000018000_cpu106d24000_sz20000.hex
BODUMP handle=0 gpu_va=0x10000040000 cpu=0x106d44000 size=0x10000 read=0x10000 -> /Users/user/asahi_re/public/agx-re/experiments/EXP-0042-graphics-code-selection/raw/run_ba_p0/maps/dump03/bo_sigusr1_h0_va10000040000_cpu106d44000_sz10000.hex
BODUMP handle=0 gpu_va=0x0 cpu=0x106d54000 size=0x10000 read=0x10000 -> /Users/user/asahi_re/public/agx-re/experiments/EXP-0042-graphics-code-selection/raw/run_ba_p0/maps/dump03/bo_sigusr1_h0_va0_cpu106d54000_sz10000.hex
BODUMP handle=0 gpu_va=0x10000018200 cpu=0x106d24200 size=0x20000 read=0x20000 -> /Users/user/asahi_re/public/agx-re/experiments/EXP-0042-graphics-code-selection/raw/run_ba_p0/maps/dump03/bo_sigusr1_h0_va10000018200_cpu106d24200_sz20000.hex
BODUMP handle=0 gpu_va=0x10000018300 cpu=0x106d24300 size=0x20000 read=0x20000 -> /Users/user/asahi_re/public/agx-re/experiments/EXP-0042-graphics-code-selection/raw/run_ba_p0/maps/dump03/bo_sigusr1_h0_va10000018300_cpu106d24300_sz20000.hex
BODUMP handle=0 gpu_va=0x10000018400 cpu=0x106d24400 size=0x20000 read=0x20000 -> /Users/user/asahi_re/public/agx-re/experiments/EXP-0042-graphics-code-selection/raw/run_ba_p0/maps/dump03/bo_sigusr1_h0_va10000018400_cpu106d24400_sz20000.hex
BODUMP handle=0 gpu_va=0x10000058000 cpu=0x106d64000 size=0x4000 read=0x4000 -> /Users/user/asahi_re/public/agx-re/experiments/EXP-0042-graphics-code-selection/raw/run_ba_p0/maps/dump03/bo_sigusr1_h0_va10000058000_cpu106d64000_sz4000.hex
BODUMP handle=0 gpu_va=0x10000018500 cpu=0x106d24500 size=0x20000 read=0x20000 -> /Users/user/asahi_re/public/agx-re/experiments/EXP-0042-graphics-code-selection/raw/run_ba_p0/maps/dump03/bo_sigusr1_h0_va10000018500_cpu106d24500_sz20000.hex
BODUMP handle=0 gpu_va=0x10000018700 cpu=0x106d24700 size=0x20000 read=0x20000 -> /Users/user/asahi_re/public/agx-re/experiments/EXP-0042-graphics-code-selection/raw/run_ba_p0/maps/dump03/bo_sigusr1_h0_va10000018700_cpu106d24700_sz20000.hex
BODUMP handle=0 gpu_va=0x10000018900 cpu=0x106d24900 size=0x20000 read=0x20000 -> /Users/user/asahi_re/public/agx-re/experiments/EXP-0042-graphics-code-selection/raw/run_ba_p0/maps/dump03/bo_sigusr1_h0_va10000018900_cpu106d24900_sz20000.hex
BODUMP handle=0 gpu_va=0x10000018a00 cpu=0x106d24a00 size=0x20000 read=0x20000 -> /Users/user/asahi_re/public/agx-re/experiments/EXP-0042-graphics-code-selection/raw/run_ba_p0/maps/dump03/bo_sigusr1_h0_va10000018a00_cpu106d24a00_sz20000.hex
BODUMP handle=0 gpu_va=0x10000018b00 cpu=0x106d24b00 size=0x20000 read=0x20000 -> /Users/user/asahi_re/public/agx-re/experiments/EXP-0042-graphics-code-selection/raw/run_ba_p0/maps/dump03/bo_sigusr1_h0_va10000018b00_cpu106d24b00_sz20000.hex
BODUMP handle=0 gpu_va=0x10000018c00 cpu=0x106d24c00 size=0x20000 read=0x20000 -> /Users/user/asahi_re/public/agx-re/experiments/EXP-0042-graphics-code-selection/raw/run_ba_p0/maps/dump03/bo_sigusr1_h0_va10000018c00_cpu106d24c00_sz20000.hex
BODUMP handle=0 gpu_va=0x10000019c00 cpu=0x106d25c00 size=0x20000 read=0x20000 -> /Users/user/asahi_re/public/agx-re/experiments/EXP-0042-graphics-code-selection/raw/run_ba_p0/maps/dump03/bo_sigusr1_h0_va10000019c00_cpu106d25c00_sz20000.hex
BODUMP handle=0 gpu_va=0x10000019d00 cpu=0x106d25d00 size=0x20000 read=0x20000 -> /Users/user/asahi_re/public/agx-re/experiments/EXP-0042-graphics-code-selection/raw/run_ba_p0/maps/dump03/bo_sigusr1_h0_va10000019d00_cpu106d25d00_sz20000.hex
BODUMP handle=0 gpu_va=0x10000019e00 cpu=0x106d25e00 size=0x20000 read=0x20000 -> /Users/user/asahi_re/public/agx-re/experiments/EXP-0042-graphics-code-selection/raw/run_ba_p0/maps/dump03/bo_sigusr1_h0_va10000019e00_cpu106d25e00_sz20000.hex
BODUMP handle=0 gpu_va=0x10000019f00 cpu=0x106d25f00 size=0x20000 read=0x20000 -> /Users/user/asahi_re/public/agx-re/experiments/EXP-0042-graphics-code-selection/raw/run_ba_p0/maps/dump03/bo_sigusr1_h0_va10000019f00_cpu106d25f00_sz20000.hex
BODUMP handle=0 gpu_va=0x1000001a700 cpu=0x106d26700 size=0x20000 read=0x20000 -> /Users/user/asahi_re/public/agx-re/experiments/EXP-0042-graphics-code-selection/raw/run_ba_p0/maps/dump03/bo_sigusr1_h0_va1000001a700_cpu106d26700_sz20000.hex
BODUMP handle=0 gpu_va=0x1000001a800 cpu=0x106d26800 size=0x20000 read=0x20000 -> /Users/user/asahi_re/public/agx-re/experiments/EXP-0042-graphics-code-selection/raw/run_ba_p0/maps/dump03/bo_sigusr1_h0_va1000001a800_cpu106d26800_sz20000.hex
BODUMP handle=0 gpu_va=0x10000060000 cpu=0x106d6c000 size=0x20000 read=0x20000 -> /Users/user/asahi_re/public/agx-re/experiments/EXP-0042-graphics-code-selection/raw/run_ba_p0/maps/dump03/bo_sigusr1_h0_va10000060000_cpu106d6c000_sz20000.hex
BODUMP handle=0 gpu_va=0x10000088000 cpu=0x106d94000 size=0x74000 read=0x74000 -> /Users/user/asahi_re/public/agx-re/experiments/EXP-0042-graphics-code-selection/raw/run_ba_p0/maps/dump03/bo_sigusr1_h0_va10000088000_cpu106d94000_sz74000.hex
BODUMP handle=0 gpu_va=0x18000 cpu=0x106e08000 size=0x8000 read=0x8000 -> /Users/user/asahi_re/public/agx-re/experiments/EXP-0042-graphics-code-selection/raw/run_ba_p0/maps/dump03/bo_sigusr1_h0_va18000_cpu106e08000_sz8000.hex
BODUMP handle=0 gpu_va=0x28000 cpu=0x106e10000 size=0x8000 read=0x8000 -> /Users/user/asahi_re/public/agx-re/experiments/EXP-0042-graphics-code-selection/raw/run_ba_p0/maps/dump03/bo_sigusr1_h0_va28000_cpu106e10000_sz8000.hex
BODUMP handle=0 gpu_va=0x38000 cpu=0x106e18000 size=0x8000 read=0x8000 -> /Users/user/asahi_re/public/agx-re/experiments/EXP-0042-graphics-code-selection/raw/run_ba_p0/maps/dump03/bo_sigusr1_h0_va38000_cpu106e18000_sz8000.hex
BODUMP handle=0 gpu_va=0x10000100000 cpu=0x106e20000 size=0x8000 read=0x8000 -> /Users/user/asahi_re/public/agx-re/experiments/EXP-0042-graphics-code-selection/raw/run_ba_p0/maps/dump03/bo_sigusr1_h0_va10000100000_cpu106e20000_sz8000.hex
BODUMP handle=0 gpu_va=0x10000110000 cpu=0x106e28000 size=0x8000 read=0x8000 -> /Users/user/asahi_re/public/agx-re/experiments/EXP-0042-graphics-code-selection/raw/run_ba_p0/maps/dump03/bo_sigusr1_h0_va10000110000_cpu106e28000_sz8000.hex
BODUMP handle=0 gpu_va=0x10000120000 cpu=0x106e30000 size=0x8000 read=0x8000 -> /Users/user/asahi_re/public/agx-re/experiments/EXP-0042-graphics-code-selection/raw/run_ba_p0/maps/dump03/bo_sigusr1_h0_va10000120000_cpu106e30000_sz8000.hex
BODUMP handle=0 gpu_va=0x10000130000 cpu=0x106e38000 size=0x8000 read=0x8000 -> /Users/user/asahi_re/public/agx-re/experiments/EXP-0042-graphics-code-selection/raw/run_ba_p0/maps/dump03/bo_sigusr1_h0_va10000130000_cpu106e38000_sz8000.hex
BODUMP handle=0 gpu_va=0x10000140000 cpu=0x106e40000 size=0x100000 read=0x100000 -> /Users/user/asahi_re/public/agx-re/experiments/EXP-0042-graphics-code-selection/raw/run_ba_p0/maps/dump03/bo_sigusr1_h0_va10000140000_cpu106e40000_sz100000.hex
BODUMP handle=0 gpu_va=0x48000 cpu=0x106f40000 size=0x8000 read=0x8000 -> /Users/user/asahi_re/public/agx-re/experiments/EXP-0042-graphics-code-selection/raw/run_ba_p0/maps/dump03/bo_sigusr1_h0_va48000_cpu106f40000_sz8000.hex
BODUMP handle=0 gpu_va=0x10000248000 cpu=0x106f48000 size=0x8000 read=0x8000 -> /Users/user/asahi_re/public/agx-re/experiments/EXP-0042-graphics-code-selection/raw/run_ba_p0/maps/dump03/bo_sigusr1_h0_va10000248000_cpu106f48000_sz8000.hex
BODUMP handle=0 gpu_va=0x10000258000 cpu=0x106f50000 size=0x8000 read=0x8000 -> /Users/user/asahi_re/public/agx-re/experiments/EXP-0042-graphics-code-selection/raw/run_ba_p0/maps/dump03/bo_sigusr1_h0_va10000258000_cpu106f50000_sz8000.hex
BODUMP handle=0 gpu_va=0x10000268000 cpu=0x106f58000 size=0x8000 read=0x8000 -> /Users/user/asahi_re/public/agx-re/experiments/EXP-0042-graphics-code-selection/raw/run_ba_p0/maps/dump03/bo_sigusr1_h0_va10000268000_cpu106f58000_sz8000.hex
BODUMP handle=0 gpu_va=0x10000278000 cpu=0x106f60000 size=0x8000 read=0x8000 -> /Users/user/asahi_re/public/agx-re/experiments/EXP-0042-graphics-code-selection/raw/run_ba_p0/maps/dump03/bo_sigusr1_h0_va10000278000_cpu106f60000_sz8000.hex
BODUMP handle=0 gpu_va=0x10000288000 cpu=0x106f68000 size=0x8000 read=0x8000 -> /Users/user/asahi_re/public/agx-re/experiments/EXP-0042-graphics-code-selection/raw/run_ba_p0/maps/dump03/bo_sigusr1_h0_va10000288000_cpu106f68000_sz8000.hex
BODUMP handle=0 gpu_va=0x58000 cpu=0x106f70000 size=0x8000 read=0x8000 -> /Users/user/asahi_re/public/agx-re/experiments/EXP-0042-graphics-code-selection/raw/run_ba_p0/maps/dump03/bo_sigusr1_h0_va58000_cpu106f70000_sz8000.hex
BODUMP handle=0 gpu_va=0x68000 cpu=0x106f78000 size=0x88e0 read=0x88e0 -> /Users/user/asahi_re/public/agx-re/experiments/EXP-0042-graphics-code-selection/raw/run_ba_p0/maps/dump03/bo_sigusr1_h0_va68000_cpu106f78000_sz88e0.hex
BODUMP handle=0 gpu_va=0x10000298000 cpu=0x106f84000 size=0xc0000 read=0xc0000 -> /Users/user/asahi_re/public/agx-re/experiments/EXP-0042-graphics-code-selection/raw/run_ba_p0/maps/dump03/bo_sigusr1_h0_va10000298000_cpu106f84000_szc0000.hex
BODUMP end reason=sigusr1
MAPDUMP reason=sigusr1 seq=57 conn=0 memType=0x00005e15 addr=0x106ce4000 size=0x4000 read=0x4000 -> /Users/user/asahi_re/public/agx-re/experiments/EXP-0042-graphics-code-selection/raw/run_ba_p0/maps/dump03/map_seq000057_conn0_type00005e15_at106ce4000_sz4000.hex
MAPDUMP reason=sigusr1 seq=57 conn=0 memType=0x00005e15 addr=0x102760000 size=0x4000 read=0x4000 -> /Users/user/asahi_re/public/agx-re/experiments/EXP-0042-graphics-code-selection/raw/run_ba_p0/maps/dump03/map_seq000057_conn0_type00005e15_at102760000_sz4000.hex
BODUMP begin reason=sigusr1 n_bo=40
BODUMP handle=0 gpu_va=0x10000000000 cpu=0x106cec000 size=0x10000 read=0x10000 -> /Users/user/asahi_re/public/agx-re/experiments/EXP-0042-graphics-code-selection/raw/run_ba_p0/maps/dump04/bo_sigusr1_h0_va10000000000_cpu106cec000_sz10000.hex
BODUMP handle=0 gpu_va=0x6f00000000 cpu=0x106cfc000 size=0x3800 read=0x3800 -> /Users/user/asahi_re/public/agx-re/experiments/EXP-0042-graphics-code-selection/raw/run_ba_p0/maps/dump04/bo_sigusr1_h0_va6f00000000_cpu106cfc000_sz3800.hex
BODUMP handle=0 gpu_va=0x10000018000 cpu=0x106d24000 size=0x20000 read=0x20000 -> /Users/user/asahi_re/public/agx-re/experiments/EXP-0042-graphics-code-selection/raw/run_ba_p0/maps/dump04/bo_sigusr1_h0_va10000018000_cpu106d24000_sz20000.hex
BODUMP handle=0 gpu_va=0x10000040000 cpu=0x106d44000 size=0x10000 read=0x10000 -> /Users/user/asahi_re/public/agx-re/experiments/EXP-0042-graphics-code-selection/raw/run_ba_p0/maps/dump04/bo_sigusr1_h0_va10000040000_cpu106d44000_sz10000.hex
BODUMP handle=0 gpu_va=0x0 cpu=0x106d54000 size=0x10000 read=0x10000 -> /Users/user/asahi_re/public/agx-re/experiments/EXP-0042-graphics-code-selection/raw/run_ba_p0/maps/dump04/bo_sigusr1_h0_va0_cpu106d54000_sz10000.hex
BODUMP handle=0 gpu_va=0x10000018200 cpu=0x106d24200 size=0x20000 read=0x20000 -> /Users/user/asahi_re/public/agx-re/experiments/EXP-0042-graphics-code-selection/raw/run_ba_p0/maps/dump04/bo_sigusr1_h0_va10000018200_cpu106d24200_sz20000.hex
BODUMP handle=0 gpu_va=0x10000018300 cpu=0x106d24300 size=0x20000 read=0x20000 -> /Users/user/asahi_re/public/agx-re/experiments/EXP-0042-graphics-code-selection/raw/run_ba_p0/maps/dump04/bo_sigusr1_h0_va10000018300_cpu106d24300_sz20000.hex
BODUMP handle=0 gpu_va=0x10000018400 cpu=0x106d24400 size=0x20000 read=0x20000 -> /Users/user/asahi_re/public/agx-re/experiments/EXP-0042-graphics-code-selection/raw/run_ba_p0/maps/dump04/bo_sigusr1_h0_va10000018400_cpu106d24400_sz20000.hex
BODUMP handle=0 gpu_va=0x10000058000 cpu=0x106d64000 size=0x4000 read=0x4000 -> /Users/user/asahi_re/public/agx-re/experiments/EXP-0042-graphics-code-selection/raw/run_ba_p0/maps/dump04/bo_sigusr1_h0_va10000058000_cpu106d64000_sz4000.hex
BODUMP handle=0 gpu_va=0x10000018500 cpu=0x106d24500 size=0x20000 read=0x20000 -> /Users/user/asahi_re/public/agx-re/experiments/EXP-0042-graphics-code-selection/raw/run_ba_p0/maps/dump04/bo_sigusr1_h0_va10000018500_cpu106d24500_sz20000.hex
BODUMP handle=0 gpu_va=0x10000018700 cpu=0x106d24700 size=0x20000 read=0x20000 -> /Users/user/asahi_re/public/agx-re/experiments/EXP-0042-graphics-code-selection/raw/run_ba_p0/maps/dump04/bo_sigusr1_h0_va10000018700_cpu106d24700_sz20000.hex
BODUMP handle=0 gpu_va=0x10000018900 cpu=0x106d24900 size=0x20000 read=0x20000 -> /Users/user/asahi_re/public/agx-re/experiments/EXP-0042-graphics-code-selection/raw/run_ba_p0/maps/dump04/bo_sigusr1_h0_va10000018900_cpu106d24900_sz20000.hex
BODUMP handle=0 gpu_va=0x10000018a00 cpu=0x106d24a00 size=0x20000 read=0x20000 -> /Users/user/asahi_re/public/agx-re/experiments/EXP-0042-graphics-code-selection/raw/run_ba_p0/maps/dump04/bo_sigusr1_h0_va10000018a00_cpu106d24a00_sz20000.hex
BODUMP handle=0 gpu_va=0x10000018b00 cpu=0x106d24b00 size=0x20000 read=0x20000 -> /Users/user/asahi_re/public/agx-re/experiments/EXP-0042-graphics-code-selection/raw/run_ba_p0/maps/dump04/bo_sigusr1_h0_va10000018b00_cpu106d24b00_sz20000.hex
BODUMP handle=0 gpu_va=0x10000018c00 cpu=0x106d24c00 size=0x20000 read=0x20000 -> /Users/user/asahi_re/public/agx-re/experiments/EXP-0042-graphics-code-selection/raw/run_ba_p0/maps/dump04/bo_sigusr1_h0_va10000018c00_cpu106d24c00_sz20000.hex
BODUMP handle=0 gpu_va=0x10000019c00 cpu=0x106d25c00 size=0x20000 read=0x20000 -> /Users/user/asahi_re/public/agx-re/experiments/EXP-0042-graphics-code-selection/raw/run_ba_p0/maps/dump04/bo_sigusr1_h0_va10000019c00_cpu106d25c00_sz20000.hex
BODUMP handle=0 gpu_va=0x10000019d00 cpu=0x106d25d00 size=0x20000 read=0x20000 -> /Users/user/asahi_re/public/agx-re/experiments/EXP-0042-graphics-code-selection/raw/run_ba_p0/maps/dump04/bo_sigusr1_h0_va10000019d00_cpu106d25d00_sz20000.hex
BODUMP handle=0 gpu_va=0x10000019e00 cpu=0x106d25e00 size=0x20000 read=0x20000 -> /Users/user/asahi_re/public/agx-re/experiments/EXP-0042-graphics-code-selection/raw/run_ba_p0/maps/dump04/bo_sigusr1_h0_va10000019e00_cpu106d25e00_sz20000.hex
BODUMP handle=0 gpu_va=0x10000019f00 cpu=0x106d25f00 size=0x20000 read=0x20000 -> /Users/user/asahi_re/public/agx-re/experiments/EXP-0042-graphics-code-selection/raw/run_ba_p0/maps/dump04/bo_sigusr1_h0_va10000019f00_cpu106d25f00_sz20000.hex
BODUMP handle=0 gpu_va=0x1000001a700 cpu=0x106d26700 size=0x20000 read=0x20000 -> /Users/user/asahi_re/public/agx-re/experiments/EXP-0042-graphics-code-selection/raw/run_ba_p0/maps/dump04/bo_sigusr1_h0_va1000001a700_cpu106d26700_sz20000.hex
BODUMP handle=0 gpu_va=0x1000001a800 cpu=0x106d26800 size=0x20000 read=0x20000 -> /Users/user/asahi_re/public/agx-re/experiments/EXP-0042-graphics-code-selection/raw/run_ba_p0/maps/dump04/bo_sigusr1_h0_va1000001a800_cpu106d26800_sz20000.hex
BODUMP handle=0 gpu_va=0x10000060000 cpu=0x106d6c000 size=0x20000 read=0x20000 -> /Users/user/asahi_re/public/agx-re/experiments/EXP-0042-graphics-code-selection/raw/run_ba_p0/maps/dump04/bo_sigusr1_h0_va10000060000_cpu106d6c000_sz20000.hex
BODUMP handle=0 gpu_va=0x10000088000 cpu=0x106d94000 size=0x74000 read=0x74000 -> /Users/user/asahi_re/public/agx-re/experiments/EXP-0042-graphics-code-selection/raw/run_ba_p0/maps/dump04/bo_sigusr1_h0_va10000088000_cpu106d94000_sz74000.hex
BODUMP handle=0 gpu_va=0x18000 cpu=0x106e08000 size=0x8000 read=0x8000 -> /Users/user/asahi_re/public/agx-re/experiments/EXP-0042-graphics-code-selection/raw/run_ba_p0/maps/dump04/bo_sigusr1_h0_va18000_cpu106e08000_sz8000.hex
BODUMP handle=0 gpu_va=0x28000 cpu=0x106e10000 size=0x8000 read=0x8000 -> /Users/user/asahi_re/public/agx-re/experiments/EXP-0042-graphics-code-selection/raw/run_ba_p0/maps/dump04/bo_sigusr1_h0_va28000_cpu106e10000_sz8000.hex
BODUMP handle=0 gpu_va=0x38000 cpu=0x106e18000 size=0x8000 read=0x8000 -> /Users/user/asahi_re/public/agx-re/experiments/EXP-0042-graphics-code-selection/raw/run_ba_p0/maps/dump04/bo_sigusr1_h0_va38000_cpu106e18000_sz8000.hex
BODUMP handle=0 gpu_va=0x10000100000 cpu=0x106e20000 size=0x8000 read=0x8000 -> /Users/user/asahi_re/public/agx-re/experiments/EXP-0042-graphics-code-selection/raw/run_ba_p0/maps/dump04/bo_sigusr1_h0_va10000100000_cpu106e20000_sz8000.hex
BODUMP handle=0 gpu_va=0x10000110000 cpu=0x106e28000 size=0x8000 read=0x8000 -> /Users/user/asahi_re/public/agx-re/experiments/EXP-0042-graphics-code-selection/raw/run_ba_p0/maps/dump04/bo_sigusr1_h0_va10000110000_cpu106e28000_sz8000.hex
BODUMP handle=0 gpu_va=0x10000120000 cpu=0x106e30000 size=0x8000 read=0x8000 -> /Users/user/asahi_re/public/agx-re/experiments/EXP-0042-graphics-code-selection/raw/run_ba_p0/maps/dump04/bo_sigusr1_h0_va10000120000_cpu106e30000_sz8000.hex
BODUMP handle=0 gpu_va=0x10000130000 cpu=0x106e38000 size=0x8000 read=0x8000 -> /Users/user/asahi_re/public/agx-re/experiments/EXP-0042-graphics-code-selection/raw/run_ba_p0/maps/dump04/bo_sigusr1_h0_va10000130000_cpu106e38000_sz8000.hex
BODUMP handle=0 gpu_va=0x10000140000 cpu=0x106e40000 size=0x100000 read=0x100000 -> /Users/user/asahi_re/public/agx-re/experiments/EXP-0042-graphics-code-selection/raw/run_ba_p0/maps/dump04/bo_sigusr1_h0_va10000140000_cpu106e40000_sz100000.hex
BODUMP handle=0 gpu_va=0x48000 cpu=0x106f40000 size=0x8000 read=0x8000 -> /Users/user/asahi_re/public/agx-re/experiments/EXP-0042-graphics-code-selection/raw/run_ba_p0/maps/dump04/bo_sigusr1_h0_va48000_cpu106f40000_sz8000.hex
BODUMP handle=0 gpu_va=0x10000248000 cpu=0x106f48000 size=0x8000 read=0x8000 -> /Users/user/asahi_re/public/agx-re/experiments/EXP-0042-graphics-code-selection/raw/run_ba_p0/maps/dump04/bo_sigusr1_h0_va10000248000_cpu106f48000_sz8000.hex
BODUMP handle=0 gpu_va=0x10000258000 cpu=0x106f50000 size=0x8000 read=0x8000 -> /Users/user/asahi_re/public/agx-re/experiments/EXP-0042-graphics-code-selection/raw/run_ba_p0/maps/dump04/bo_sigusr1_h0_va10000258000_cpu106f50000_sz8000.hex
BODUMP handle=0 gpu_va=0x10000268000 cpu=0x106f58000 size=0x8000 read=0x8000 -> /Users/user/asahi_re/public/agx-re/experiments/EXP-0042-graphics-code-selection/raw/run_ba_p0/maps/dump04/bo_sigusr1_h0_va10000268000_cpu106f58000_sz8000.hex
BODUMP handle=0 gpu_va=0x10000278000 cpu=0x106f60000 size=0x8000 read=0x8000 -> /Users/user/asahi_re/public/agx-re/experiments/EXP-0042-graphics-code-selection/raw/run_ba_p0/maps/dump04/bo_sigusr1_h0_va10000278000_cpu106f60000_sz8000.hex
BODUMP handle=0 gpu_va=0x10000288000 cpu=0x106f68000 size=0x8000 read=0x8000 -> /Users/user/asahi_re/public/agx-re/experiments/EXP-0042-graphics-code-selection/raw/run_ba_p0/maps/dump04/bo_sigusr1_h0_va10000288000_cpu106f68000_sz8000.hex
BODUMP handle=0 gpu_va=0x58000 cpu=0x106f70000 size=0x8000 read=0x8000 -> /Users/user/asahi_re/public/agx-re/experiments/EXP-0042-graphics-code-selection/raw/run_ba_p0/maps/dump04/bo_sigusr1_h0_va58000_cpu106f70000_sz8000.hex
BODUMP handle=0 gpu_va=0x68000 cpu=0x106f78000 size=0x88e0 read=0x88e0 -> /Users/user/asahi_re/public/agx-re/experiments/EXP-0042-graphics-code-selection/raw/run_ba_p0/maps/dump04/bo_sigusr1_h0_va68000_cpu106f78000_sz88e0.hex
BODUMP handle=0 gpu_va=0x10000298000 cpu=0x106f84000 size=0xc0000 read=0xc0000 -> /Users/user/asahi_re/public/agx-re/experiments/EXP-0042-graphics-code-selection/raw/run_ba_p0/maps/dump04/bo_sigusr1_h0_va10000298000_cpu106f84000_szc0000.hex
BODUMP end reason=sigusr1
MAPDUMP reason=sigusr1 seq=57 conn=0 memType=0x00005e15 addr=0x106ce4000 size=0x4000 read=0x4000 -> /Users/user/asahi_re/public/agx-re/experiments/EXP-0042-graphics-code-selection/raw/run_ba_p0/maps/dump04/map_seq000057_conn0_type00005e15_at106ce4000_sz4000.hex
MAPDUMP reason=sigusr1 seq=57 conn=0 memType=0x00005e15 addr=0x102760000 size=0x4000 read=0x4000 -> /Users/user/asahi_re/public/agx-re/experiments/EXP-0042-graphics-code-selection/raw/run_ba_p0/maps/dump04/map_seq000057_conn0_type00005e15_at102760000_sz4000.hex
BODUMP begin reason=sigusr1 n_bo=40
BODUMP handle=0 gpu_va=0x10000000000 cpu=0x106cec000 size=0x10000 read=0x10000 -> /Users/user/asahi_re/public/agx-re/experiments/EXP-0042-graphics-code-selection/raw/run_ba_p0/maps/dump05/bo_sigusr1_h0_va10000000000_cpu106cec000_sz10000.hex
BODUMP handle=0 gpu_va=0x6f00000000 cpu=0x106cfc000 size=0x3800 read=0x3800 -> /Users/user/asahi_re/public/agx-re/experiments/EXP-0042-graphics-code-selection/raw/run_ba_p0/maps/dump05/bo_sigusr1_h0_va6f00000000_cpu106cfc000_sz3800.hex
BODUMP handle=0 gpu_va=0x10000018000 cpu=0x106d24000 size=0x20000 read=0x20000 -> /Users/user/asahi_re/public/agx-re/experiments/EXP-0042-graphics-code-selection/raw/run_ba_p0/maps/dump05/bo_sigusr1_h0_va10000018000_cpu106d24000_sz20000.hex
BODUMP handle=0 gpu_va=0x10000040000 cpu=0x106d44000 size=0x10000 read=0x10000 -> /Users/user/asahi_re/public/agx-re/experiments/EXP-0042-graphics-code-selection/raw/run_ba_p0/maps/dump05/bo_sigusr1_h0_va10000040000_cpu106d44000_sz10000.hex
BODUMP handle=0 gpu_va=0x0 cpu=0x106d54000 size=0x10000 read=0x10000 -> /Users/user/asahi_re/public/agx-re/experiments/EXP-0042-graphics-code-selection/raw/run_ba_p0/maps/dump05/bo_sigusr1_h0_va0_cpu106d54000_sz10000.hex
BODUMP handle=0 gpu_va=0x10000018200 cpu=0x106d24200 size=0x20000 read=0x20000 -> /Users/user/asahi_re/public/agx-re/experiments/EXP-0042-graphics-code-selection/raw/run_ba_p0/maps/dump05/bo_sigusr1_h0_va10000018200_cpu106d24200_sz20000.hex
BODUMP handle=0 gpu_va=0x10000018300 cpu=0x106d24300 size=0x20000 read=0x20000 -> /Users/user/asahi_re/public/agx-re/experiments/EXP-0042-graphics-code-selection/raw/run_ba_p0/maps/dump05/bo_sigusr1_h0_va10000018300_cpu106d24300_sz20000.hex
BODUMP handle=0 gpu_va=0x10000018400 cpu=0x106d24400 size=0x20000 read=0x20000 -> /Users/user/asahi_re/public/agx-re/experiments/EXP-0042-graphics-code-selection/raw/run_ba_p0/maps/dump05/bo_sigusr1_h0_va10000018400_cpu106d24400_sz20000.hex
BODUMP handle=0 gpu_va=0x10000058000 cpu=0x106d64000 size=0x4000 read=0x4000 -> /Users/user/asahi_re/public/agx-re/experiments/EXP-0042-graphics-code-selection/raw/run_ba_p0/maps/dump05/bo_sigusr1_h0_va10000058000_cpu106d64000_sz4000.hex
BODUMP handle=0 gpu_va=0x10000018500 cpu=0x106d24500 size=0x20000 read=0x20000 -> /Users/user/asahi_re/public/agx-re/experiments/EXP-0042-graphics-code-selection/raw/run_ba_p0/maps/dump05/bo_sigusr1_h0_va10000018500_cpu106d24500_sz20000.hex
BODUMP handle=0 gpu_va=0x10000018700 cpu=0x106d24700 size=0x20000 read=0x20000 -> /Users/user/asahi_re/public/agx-re/experiments/EXP-0042-graphics-code-selection/raw/run_ba_p0/maps/dump05/bo_sigusr1_h0_va10000018700_cpu106d24700_sz20000.hex
BODUMP handle=0 gpu_va=0x10000018900 cpu=0x106d24900 size=0x20000 read=0x20000 -> /Users/user/asahi_re/public/agx-re/experiments/EXP-0042-graphics-code-selection/raw/run_ba_p0/maps/dump05/bo_sigusr1_h0_va10000018900_cpu106d24900_sz20000.hex
BODUMP handle=0 gpu_va=0x10000018a00 cpu=0x106d24a00 size=0x20000 read=0x20000 -> /Users/user/asahi_re/public/agx-re/experiments/EXP-0042-graphics-code-selection/raw/run_ba_p0/maps/dump05/bo_sigusr1_h0_va10000018a00_cpu106d24a00_sz20000.hex
BODUMP handle=0 gpu_va=0x10000018b00 cpu=0x106d24b00 size=0x20000 read=0x20000 -> /Users/user/asahi_re/public/agx-re/experiments/EXP-0042-graphics-code-selection/raw/run_ba_p0/maps/dump05/bo_sigusr1_h0_va10000018b00_cpu106d24b00_sz20000.hex
BODUMP handle=0 gpu_va=0x10000018c00 cpu=0x106d24c00 size=0x20000 read=0x20000 -> /Users/user/asahi_re/public/agx-re/experiments/EXP-0042-graphics-code-selection/raw/run_ba_p0/maps/dump05/bo_sigusr1_h0_va10000018c00_cpu106d24c00_sz20000.hex
BODUMP handle=0 gpu_va=0x10000019c00 cpu=0x106d25c00 size=0x20000 read=0x20000 -> /Users/user/asahi_re/public/agx-re/experiments/EXP-0042-graphics-code-selection/raw/run_ba_p0/maps/dump05/bo_sigusr1_h0_va10000019c00_cpu106d25c00_sz20000.hex
BODUMP handle=0 gpu_va=0x10000019d00 cpu=0x106d25d00 size=0x20000 read=0x20000 -> /Users/user/asahi_re/public/agx-re/experiments/EXP-0042-graphics-code-selection/raw/run_ba_p0/maps/dump05/bo_sigusr1_h0_va10000019d00_cpu106d25d00_sz20000.hex
BODUMP handle=0 gpu_va=0x10000019e00 cpu=0x106d25e00 size=0x20000 read=0x20000 -> /Users/user/asahi_re/public/agx-re/experiments/EXP-0042-graphics-code-selection/raw/run_ba_p0/maps/dump05/bo_sigusr1_h0_va10000019e00_cpu106d25e00_sz20000.hex
BODUMP handle=0 gpu_va=0x10000019f00 cpu=0x106d25f00 size=0x20000 read=0x20000 -> /Users/user/asahi_re/public/agx-re/experiments/EXP-0042-graphics-code-selection/raw/run_ba_p0/maps/dump05/bo_sigusr1_h0_va10000019f00_cpu106d25f00_sz20000.hex
BODUMP handle=0 gpu_va=0x1000001a700 cpu=0x106d26700 size=0x20000 read=0x20000 -> /Users/user/asahi_re/public/agx-re/experiments/EXP-0042-graphics-code-selection/raw/run_ba_p0/maps/dump05/bo_sigusr1_h0_va1000001a700_cpu106d26700_sz20000.hex
BODUMP handle=0 gpu_va=0x1000001a800 cpu=0x106d26800 size=0x20000 read=0x20000 -> /Users/user/asahi_re/public/agx-re/experiments/EXP-0042-graphics-code-selection/raw/run_ba_p0/maps/dump05/bo_sigusr1_h0_va1000001a800_cpu106d26800_sz20000.hex
BODUMP handle=0 gpu_va=0x10000060000 cpu=0x106d6c000 size=0x20000 read=0x20000 -> /Users/user/asahi_re/public/agx-re/experiments/EXP-0042-graphics-code-selection/raw/run_ba_p0/maps/dump05/bo_sigusr1_h0_va10000060000_cpu106d6c000_sz20000.hex
BODUMP handle=0 gpu_va=0x10000088000 cpu=0x106d94000 size=0x74000 read=0x74000 -> /Users/user/asahi_re/public/agx-re/experiments/EXP-0042-graphics-code-selection/raw/run_ba_p0/maps/dump05/bo_sigusr1_h0_va10000088000_cpu106d94000_sz74000.hex
BODUMP handle=0 gpu_va=0x18000 cpu=0x106e08000 size=0x8000 read=0x8000 -> /Users/user/asahi_re/public/agx-re/experiments/EXP-0042-graphics-code-selection/raw/run_ba_p0/maps/dump05/bo_sigusr1_h0_va18000_cpu106e08000_sz8000.hex
BODUMP handle=0 gpu_va=0x28000 cpu=0x106e10000 size=0x8000 read=0x8000 -> /Users/user/asahi_re/public/agx-re/experiments/EXP-0042-graphics-code-selection/raw/run_ba_p0/maps/dump05/bo_sigusr1_h0_va28000_cpu106e10000_sz8000.hex
BODUMP handle=0 gpu_va=0x38000 cpu=0x106e18000 size=0x8000 read=0x8000 -> /Users/user/asahi_re/public/agx-re/experiments/EXP-0042-graphics-code-selection/raw/run_ba_p0/maps/dump05/bo_sigusr1_h0_va38000_cpu106e18000_sz8000.hex
BODUMP handle=0 gpu_va=0x10000100000 cpu=0x106e20000 size=0x8000 read=0x8000 -> /Users/user/asahi_re/public/agx-re/experiments/EXP-0042-graphics-code-selection/raw/run_ba_p0/maps/dump05/bo_sigusr1_h0_va10000100000_cpu106e20000_sz8000.hex
BODUMP handle=0 gpu_va=0x10000110000 cpu=0x106e28000 size=0x8000 read=0x8000 -> /Users/user/asahi_re/public/agx-re/experiments/EXP-0042-graphics-code-selection/raw/run_ba_p0/maps/dump05/bo_sigusr1_h0_va10000110000_cpu106e28000_sz8000.hex
BODUMP handle=0 gpu_va=0x10000120000 cpu=0x106e30000 size=0x8000 read=0x8000 -> /Users/user/asahi_re/public/agx-re/experiments/EXP-0042-graphics-code-selection/raw/run_ba_p0/maps/dump05/bo_sigusr1_h0_va10000120000_cpu106e30000_sz8000.hex
BODUMP handle=0 gpu_va=0x10000130000 cpu=0x106e38000 size=0x8000 read=0x8000 -> /Users/user/asahi_re/public/agx-re/experiments/EXP-0042-graphics-code-selection/raw/run_ba_p0/maps/dump05/bo_sigusr1_h0_va10000130000_cpu106e38000_sz8000.hex
BODUMP handle=0 gpu_va=0x10000140000 cpu=0x106e40000 size=0x100000 read=0x100000 -> /Users/user/asahi_re/public/agx-re/experiments/EXP-0042-graphics-code-selection/raw/run_ba_p0/maps/dump05/bo_sigusr1_h0_va10000140000_cpu106e40000_sz100000.hex
BODUMP handle=0 gpu_va=0x48000 cpu=0x106f40000 size=0x8000 read=0x8000 -> /Users/user/asahi_re/public/agx-re/experiments/EXP-0042-graphics-code-selection/raw/run_ba_p0/maps/dump05/bo_sigusr1_h0_va48000_cpu106f40000_sz8000.hex
BODUMP handle=0 gpu_va=0x10000248000 cpu=0x106f48000 size=0x8000 read=0x8000 -> /Users/user/asahi_re/public/agx-re/experiments/EXP-0042-graphics-code-selection/raw/run_ba_p0/maps/dump05/bo_sigusr1_h0_va10000248000_cpu106f48000_sz8000.hex
BODUMP handle=0 gpu_va=0x10000258000 cpu=0x106f50000 size=0x8000 read=0x8000 -> /Users/user/asahi_re/public/agx-re/experiments/EXP-0042-graphics-code-selection/raw/run_ba_p0/maps/dump05/bo_sigusr1_h0_va10000258000_cpu106f50000_sz8000.hex
BODUMP handle=0 gpu_va=0x10000268000 cpu=0x106f58000 size=0x8000 read=0x8000 -> /Users/user/asahi_re/public/agx-re/experiments/EXP-0042-graphics-code-selection/raw/run_ba_p0/maps/dump05/bo_sigusr1_h0_va10000268000_cpu106f58000_sz8000.hex
BODUMP handle=0 gpu_va=0x10000278000 cpu=0x106f60000 size=0x8000 read=0x8000 -> /Users/user/asahi_re/public/agx-re/experiments/EXP-0042-graphics-code-selection/raw/run_ba_p0/maps/dump05/bo_sigusr1_h0_va10000278000_cpu106f60000_sz8000.hex
BODUMP handle=0 gpu_va=0x10000288000 cpu=0x106f68000 size=0x8000 read=0x8000 -> /Users/user/asahi_re/public/agx-re/experiments/EXP-0042-graphics-code-selection/raw/run_ba_p0/maps/dump05/bo_sigusr1_h0_va10000288000_cpu106f68000_sz8000.hex
BODUMP handle=0 gpu_va=0x58000 cpu=0x106f70000 size=0x8000 read=0x8000 -> /Users/user/asahi_re/public/agx-re/experiments/EXP-0042-graphics-code-selection/raw/run_ba_p0/maps/dump05/bo_sigusr1_h0_va58000_cpu106f70000_sz8000.hex
BODUMP handle=0 gpu_va=0x68000 cpu=0x106f78000 size=0x88e0 read=0x88e0 -> /Users/user/asahi_re/public/agx-re/experiments/EXP-0042-graphics-code-selection/raw/run_ba_p0/maps/dump05/bo_sigusr1_h0_va68000_cpu106f78000_sz88e0.hex
BODUMP handle=0 gpu_va=0x10000298000 cpu=0x106f84000 size=0xc0000 read=0xc0000 -> /Users/user/asahi_re/public/agx-re/experiments/EXP-0042-graphics-code-selection/raw/run_ba_p0/maps/dump05/bo_sigusr1_h0_va10000298000_cpu106f84000_szc0000.hex
BODUMP end reason=sigusr1
MAPDUMP reason=sigusr1 seq=57 conn=0 memType=0x00005e15 addr=0x106ce4000 size=0x4000 read=0x4000 -> /Users/user/asahi_re/public/agx-re/experiments/EXP-0042-graphics-code-selection/raw/run_ba_p0/maps/dump05/map_seq000057_conn0_type00005e15_at106ce4000_sz4000.hex
MAPDUMP reason=sigusr1 seq=57 conn=0 memType=0x00005e15 addr=0x102760000 size=0x4000 read=0x4000 -> /Users/user/asahi_re/public/agx-re/experiments/EXP-0042-graphics-code-selection/raw/run_ba_p0/maps/dump05/map_seq000057_conn0_type00005e15_at102760000_sz4000.hex
BODUMP begin reason=sigusr1 n_bo=40
BODUMP handle=0 gpu_va=0x10000000000 cpu=0x106cec000 size=0x10000 read=0x10000 -> /Users/user/asahi_re/public/agx-re/experiments/EXP-0042-graphics-code-selection/raw/run_ba_p0/maps/dump06/bo_sigusr1_h0_va10000000000_cpu106cec000_sz10000.hex
BODUMP handle=0 gpu_va=0x6f00000000 cpu=0x106cfc000 size=0x3800 read=0x3800 -> /Users/user/asahi_re/public/agx-re/experiments/EXP-0042-graphics-code-selection/raw/run_ba_p0/maps/dump06/bo_sigusr1_h0_va6f00000000_cpu106cfc000_sz3800.hex
BODUMP handle=0 gpu_va=0x10000018000 cpu=0x106d24000 size=0x20000 read=0x20000 -> /Users/user/asahi_re/public/agx-re/experiments/EXP-0042-graphics-code-selection/raw/run_ba_p0/maps/dump06/bo_sigusr1_h0_va10000018000_cpu106d24000_sz20000.hex
BODUMP handle=0 gpu_va=0x10000040000 cpu=0x106d44000 size=0x10000 read=0x10000 -> /Users/user/asahi_re/public/agx-re/experiments/EXP-0042-graphics-code-selection/raw/run_ba_p0/maps/dump06/bo_sigusr1_h0_va10000040000_cpu106d44000_sz10000.hex
BODUMP handle=0 gpu_va=0x0 cpu=0x106d54000 size=0x10000 read=0x10000 -> /Users/user/asahi_re/public/agx-re/experiments/EXP-0042-graphics-code-selection/raw/run_ba_p0/maps/dump06/bo_sigusr1_h0_va0_cpu106d54000_sz10000.hex
BODUMP handle=0 gpu_va=0x10000018200 cpu=0x106d24200 size=0x20000 read=0x20000 -> /Users/user/asahi_re/public/agx-re/experiments/EXP-0042-graphics-code-selection/raw/run_ba_p0/maps/dump06/bo_sigusr1_h0_va10000018200_cpu106d24200_sz20000.hex
BODUMP handle=0 gpu_va=0x10000018300 cpu=0x106d24300 size=0x20000 read=0x20000 -> /Users/user/asahi_re/public/agx-re/experiments/EXP-0042-graphics-code-selection/raw/run_ba_p0/maps/dump06/bo_sigusr1_h0_va10000018300_cpu106d24300_sz20000.hex
BODUMP handle=0 gpu_va=0x10000018400 cpu=0x106d24400 size=0x20000 read=0x20000 -> /Users/user/asahi_re/public/agx-re/experiments/EXP-0042-graphics-code-selection/raw/run_ba_p0/maps/dump06/bo_sigusr1_h0_va10000018400_cpu106d24400_sz20000.hex
BODUMP handle=0 gpu_va=0x10000058000 cpu=0x106d64000 size=0x4000 read=0x4000 -> /Users/user/asahi_re/public/agx-re/experiments/EXP-0042-graphics-code-selection/raw/run_ba_p0/maps/dump06/bo_sigusr1_h0_va10000058000_cpu106d64000_sz4000.hex
BODUMP handle=0 gpu_va=0x10000018500 cpu=0x106d24500 size=0x20000 read=0x20000 -> /Users/user/asahi_re/public/agx-re/experiments/EXP-0042-graphics-code-selection/raw/run_ba_p0/maps/dump06/bo_sigusr1_h0_va10000018500_cpu106d24500_sz20000.hex
BODUMP handle=0 gpu_va=0x10000018700 cpu=0x106d24700 size=0x20000 read=0x20000 -> /Users/user/asahi_re/public/agx-re/experiments/EXP-0042-graphics-code-selection/raw/run_ba_p0/maps/dump06/bo_sigusr1_h0_va10000018700_cpu106d24700_sz20000.hex
BODUMP handle=0 gpu_va=0x10000018900 cpu=0x106d24900 size=0x20000 read=0x20000 -> /Users/user/asahi_re/public/agx-re/experiments/EXP-0042-graphics-code-selection/raw/run_ba_p0/maps/dump06/bo_sigusr1_h0_va10000018900_cpu106d24900_sz20000.hex
BODUMP handle=0 gpu_va=0x10000018a00 cpu=0x106d24a00 size=0x20000 read=0x20000 -> /Users/user/asahi_re/public/agx-re/experiments/EXP-0042-graphics-code-selection/raw/run_ba_p0/maps/dump06/bo_sigusr1_h0_va10000018a00_cpu106d24a00_sz20000.hex
BODUMP handle=0 gpu_va=0x10000018b00 cpu=0x106d24b00 size=0x20000 read=0x20000 -> /Users/user/asahi_re/public/agx-re/experiments/EXP-0042-graphics-code-selection/raw/run_ba_p0/maps/dump06/bo_sigusr1_h0_va10000018b00_cpu106d24b00_sz20000.hex
BODUMP handle=0 gpu_va=0x10000018c00 cpu=0x106d24c00 size=0x20000 read=0x20000 -> /Users/user/asahi_re/public/agx-re/experiments/EXP-0042-graphics-code-selection/raw/run_ba_p0/maps/dump06/bo_sigusr1_h0_va10000018c00_cpu106d24c00_sz20000.hex
BODUMP handle=0 gpu_va=0x10000019c00 cpu=0x106d25c00 size=0x20000 read=0x20000 -> /Users/user/asahi_re/public/agx-re/experiments/EXP-0042-graphics-code-selection/raw/run_ba_p0/maps/dump06/bo_sigusr1_h0_va10000019c00_cpu106d25c00_sz20000.hex
BODUMP handle=0 gpu_va=0x10000019d00 cpu=0x106d25d00 size=0x20000 read=0x20000 -> /Users/user/asahi_re/public/agx-re/experiments/EXP-0042-graphics-code-selection/raw/run_ba_p0/maps/dump06/bo_sigusr1_h0_va10000019d00_cpu106d25d00_sz20000.hex
BODUMP handle=0 gpu_va=0x10000019e00 cpu=0x106d25e00 size=0x20000 read=0x20000 -> /Users/user/asahi_re/public/agx-re/experiments/EXP-0042-graphics-code-selection/raw/run_ba_p0/maps/dump06/bo_sigusr1_h0_va10000019e00_cpu106d25e00_sz20000.hex
BODUMP handle=0 gpu_va=0x10000019f00 cpu=0x106d25f00 size=0x20000 read=0x20000 -> /Users/user/asahi_re/public/agx-re/experiments/EXP-0042-graphics-code-selection/raw/run_ba_p0/maps/dump06/bo_sigusr1_h0_va10000019f00_cpu106d25f00_sz20000.hex
BODUMP handle=0 gpu_va=0x1000001a700 cpu=0x106d26700 size=0x20000 read=0x20000 -> /Users/user/asahi_re/public/agx-re/experiments/EXP-0042-graphics-code-selection/raw/run_ba_p0/maps/dump06/bo_sigusr1_h0_va1000001a700_cpu106d26700_sz20000.hex
BODUMP handle=0 gpu_va=0x1000001a800 cpu=0x106d26800 size=0x20000 read=0x20000 -> /Users/user/asahi_re/public/agx-re/experiments/EXP-0042-graphics-code-selection/raw/run_ba_p0/maps/dump06/bo_sigusr1_h0_va1000001a800_cpu106d26800_sz20000.hex
BODUMP handle=0 gpu_va=0x10000060000 cpu=0x106d6c000 size=0x20000 read=0x20000 -> /Users/user/asahi_re/public/agx-re/experiments/EXP-0042-graphics-code-selection/raw/run_ba_p0/maps/dump06/bo_sigusr1_h0_va10000060000_cpu106d6c000_sz20000.hex
BODUMP handle=0 gpu_va=0x10000088000 cpu=0x106d94000 size=0x74000 read=0x74000 -> /Users/user/asahi_re/public/agx-re/experiments/EXP-0042-graphics-code-selection/raw/run_ba_p0/maps/dump06/bo_sigusr1_h0_va10000088000_cpu106d94000_sz74000.hex
BODUMP handle=0 gpu_va=0x18000 cpu=0x106e08000 size=0x8000 read=0x8000 -> /Users/user/asahi_re/public/agx-re/experiments/EXP-0042-graphics-code-selection/raw/run_ba_p0/maps/dump06/bo_sigusr1_h0_va18000_cpu106e08000_sz8000.hex
BODUMP handle=0 gpu_va=0x28000 cpu=0x106e10000 size=0x8000 read=0x8000 -> /Users/user/asahi_re/public/agx-re/experiments/EXP-0042-graphics-code-selection/raw/run_ba_p0/maps/dump06/bo_sigusr1_h0_va28000_cpu106e10000_sz8000.hex
BODUMP handle=0 gpu_va=0x38000 cpu=0x106e18000 size=0x8000 read=0x8000 -> /Users/user/asahi_re/public/agx-re/experiments/EXP-0042-graphics-code-selection/raw/run_ba_p0/maps/dump06/bo_sigusr1_h0_va38000_cpu106e18000_sz8000.hex
BODUMP handle=0 gpu_va=0x10000100000 cpu=0x106e20000 size=0x8000 read=0x8000 -> /Users/user/asahi_re/public/agx-re/experiments/EXP-0042-graphics-code-selection/raw/run_ba_p0/maps/dump06/bo_sigusr1_h0_va10000100000_cpu106e20000_sz8000.hex
BODUMP handle=0 gpu_va=0x10000110000 cpu=0x106e28000 size=0x8000 read=0x8000 -> /Users/user/asahi_re/public/agx-re/experiments/EXP-0042-graphics-code-selection/raw/run_ba_p0/maps/dump06/bo_sigusr1_h0_va10000110000_cpu106e28000_sz8000.hex
BODUMP handle=0 gpu_va=0x10000120000 cpu=0x106e30000 size=0x8000 read=0x8000 -> /Users/user/asahi_re/public/agx-re/experiments/EXP-0042-graphics-code-selection/raw/run_ba_p0/maps/dump06/bo_sigusr1_h0_va10000120000_cpu106e30000_sz8000.hex
BODUMP handle=0 gpu_va=0x10000130000 cpu=0x106e38000 size=0x8000 read=0x8000 -> /Users/user/asahi_re/public/agx-re/experiments/EXP-0042-graphics-code-selection/raw/run_ba_p0/maps/dump06/bo_sigusr1_h0_va10000130000_cpu106e38000_sz8000.hex
BODUMP handle=0 gpu_va=0x10000140000 cpu=0x106e40000 size=0x100000 read=0x100000 -> /Users/user/asahi_re/public/agx-re/experiments/EXP-0042-graphics-code-selection/raw/run_ba_p0/maps/dump06/bo_sigusr1_h0_va10000140000_cpu106e40000_sz100000.hex
BODUMP handle=0 gpu_va=0x48000 cpu=0x106f40000 size=0x8000 read=0x8000 -> /Users/user/asahi_re/public/agx-re/experiments/EXP-0042-graphics-code-selection/raw/run_ba_p0/maps/dump06/bo_sigusr1_h0_va48000_cpu106f40000_sz8000.hex
BODUMP handle=0 gpu_va=0x10000248000 cpu=0x106f48000 size=0x8000 read=0x8000 -> /Users/user/asahi_re/public/agx-re/experiments/EXP-0042-graphics-code-selection/raw/run_ba_p0/maps/dump06/bo_sigusr1_h0_va10000248000_cpu106f48000_sz8000.hex
BODUMP handle=0 gpu_va=0x10000258000 cpu=0x106f50000 size=0x8000 read=0x8000 -> /Users/user/asahi_re/public/agx-re/experiments/EXP-0042-graphics-code-selection/raw/run_ba_p0/maps/dump06/bo_sigusr1_h0_va10000258000_cpu106f50000_sz8000.hex
BODUMP handle=0 gpu_va=0x10000268000 cpu=0x106f58000 size=0x8000 read=0x8000 -> /Users/user/asahi_re/public/agx-re/experiments/EXP-0042-graphics-code-selection/raw/run_ba_p0/maps/dump06/bo_sigusr1_h0_va10000268000_cpu106f58000_sz8000.hex
BODUMP handle=0 gpu_va=0x10000278000 cpu=0x106f60000 size=0x8000 read=0x8000 -> /Users/user/asahi_re/public/agx-re/experiments/EXP-0042-graphics-code-selection/raw/run_ba_p0/maps/dump06/bo_sigusr1_h0_va10000278000_cpu106f60000_sz8000.hex
BODUMP handle=0 gpu_va=0x10000288000 cpu=0x106f68000 size=0x8000 read=0x8000 -> /Users/user/asahi_re/public/agx-re/experiments/EXP-0042-graphics-code-selection/raw/run_ba_p0/maps/dump06/bo_sigusr1_h0_va10000288000_cpu106f68000_sz8000.hex
BODUMP handle=0 gpu_va=0x58000 cpu=0x106f70000 size=0x8000 read=0x8000 -> /Users/user/asahi_re/public/agx-re/experiments/EXP-0042-graphics-code-selection/raw/run_ba_p0/maps/dump06/bo_sigusr1_h0_va58000_cpu106f70000_sz8000.hex
BODUMP handle=0 gpu_va=0x68000 cpu=0x106f78000 size=0x88e0 read=0x88e0 -> /Users/user/asahi_re/public/agx-re/experiments/EXP-0042-graphics-code-selection/raw/run_ba_p0/maps/dump06/bo_sigusr1_h0_va68000_cpu106f78000_sz88e0.hex
BODUMP handle=0 gpu_va=0x10000298000 cpu=0x106f84000 size=0xc0000 read=0xc0000 -> /Users/user/asahi_re/public/agx-re/experiments/EXP-0042-graphics-code-selection/raw/run_ba_p0/maps/dump06/bo_sigusr1_h0_va10000298000_cpu106f84000_szc0000.hex
BODUMP end reason=sigusr1
MAPDUMP reason=sigusr1 seq=57 conn=0 memType=0x00005e15 addr=0x106ce4000 size=0x4000 read=0x4000 -> /Users/user/asahi_re/public/agx-re/experiments/EXP-0042-graphics-code-selection/raw/run_ba_p0/maps/dump06/map_seq000057_conn0_type00005e15_at106ce4000_sz4000.hex
MAPDUMP reason=sigusr1 seq=57 conn=0 memType=0x00005e15 addr=0x102760000 size=0x4000 read=0x4000 -> /Users/user/asahi_re/public/agx-re/experiments/EXP-0042-graphics-code-selection/raw/run_ba_p0/maps/dump06/map_seq000057_conn0_type00005e15_at102760000_sz4000.hex
BODUMP begin reason=sigusr1 n_bo=40
BODUMP handle=0 gpu_va=0x10000000000 cpu=0x106cec000 size=0x10000 read=0x10000 -> /Users/user/asahi_re/public/agx-re/experiments/EXP-0042-graphics-code-selection/raw/run_ba_p0/maps/dump07/bo_sigusr1_h0_va10000000000_cpu106cec000_sz10000.hex
BODUMP handle=0 gpu_va=0x6f00000000 cpu=0x106cfc000 size=0x3800 read=0x3800 -> /Users/user/asahi_re/public/agx-re/experiments/EXP-0042-graphics-code-selection/raw/run_ba_p0/maps/dump07/bo_sigusr1_h0_va6f00000000_cpu106cfc000_sz3800.hex
BODUMP handle=0 gpu_va=0x10000018000 cpu=0x106d24000 size=0x20000 read=0x20000 -> /Users/user/asahi_re/public/agx-re/experiments/EXP-0042-graphics-code-selection/raw/run_ba_p0/maps/dump07/bo_sigusr1_h0_va10000018000_cpu106d24000_sz20000.hex
BODUMP handle=0 gpu_va=0x10000040000 cpu=0x106d44000 size=0x10000 read=0x10000 -> /Users/user/asahi_re/public/agx-re/experiments/EXP-0042-graphics-code-selection/raw/run_ba_p0/maps/dump07/bo_sigusr1_h0_va10000040000_cpu106d44000_sz10000.hex
BODUMP handle=0 gpu_va=0x0 cpu=0x106d54000 size=0x10000 read=0x10000 -> /Users/user/asahi_re/public/agx-re/experiments/EXP-0042-graphics-code-selection/raw/run_ba_p0/maps/dump07/bo_sigusr1_h0_va0_cpu106d54000_sz10000.hex
BODUMP handle=0 gpu_va=0x10000018200 cpu=0x106d24200 size=0x20000 read=0x20000 -> /Users/user/asahi_re/public/agx-re/experiments/EXP-0042-graphics-code-selection/raw/run_ba_p0/maps/dump07/bo_sigusr1_h0_va10000018200_cpu106d24200_sz20000.hex
BODUMP handle=0 gpu_va=0x10000018300 cpu=0x106d24300 size=0x20000 read=0x20000 -> /Users/user/asahi_re/public/agx-re/experiments/EXP-0042-graphics-code-selection/raw/run_ba_p0/maps/dump07/bo_sigusr1_h0_va10000018300_cpu106d24300_sz20000.hex
BODUMP handle=0 gpu_va=0x10000018400 cpu=0x106d24400 size=0x20000 read=0x20000 -> /Users/user/asahi_re/public/agx-re/experiments/EXP-0042-graphics-code-selection/raw/run_ba_p0/maps/dump07/bo_sigusr1_h0_va10000018400_cpu106d24400_sz20000.hex
BODUMP handle=0 gpu_va=0x10000058000 cpu=0x106d64000 size=0x4000 read=0x4000 -> /Users/user/asahi_re/public/agx-re/experiments/EXP-0042-graphics-code-selection/raw/run_ba_p0/maps/dump07/bo_sigusr1_h0_va10000058000_cpu106d64000_sz4000.hex
BODUMP handle=0 gpu_va=0x10000018500 cpu=0x106d24500 size=0x20000 read=0x20000 -> /Users/user/asahi_re/public/agx-re/experiments/EXP-0042-graphics-code-selection/raw/run_ba_p0/maps/dump07/bo_sigusr1_h0_va10000018500_cpu106d24500_sz20000.hex
BODUMP handle=0 gpu_va=0x10000018700 cpu=0x106d24700 size=0x20000 read=0x20000 -> /Users/user/asahi_re/public/agx-re/experiments/EXP-0042-graphics-code-selection/raw/run_ba_p0/maps/dump07/bo_sigusr1_h0_va10000018700_cpu106d24700_sz20000.hex
BODUMP handle=0 gpu_va=0x10000018900 cpu=0x106d24900 size=0x20000 read=0x20000 -> /Users/user/asahi_re/public/agx-re/experiments/EXP-0042-graphics-code-selection/raw/run_ba_p0/maps/dump07/bo_sigusr1_h0_va10000018900_cpu106d24900_sz20000.hex
BODUMP handle=0 gpu_va=0x10000018a00 cpu=0x106d24a00 size=0x20000 read=0x20000 -> /Users/user/asahi_re/public/agx-re/experiments/EXP-0042-graphics-code-selection/raw/run_ba_p0/maps/dump07/bo_sigusr1_h0_va10000018a00_cpu106d24a00_sz20000.hex
BODUMP handle=0 gpu_va=0x10000018b00 cpu=0x106d24b00 size=0x20000 read=0x20000 -> /Users/user/asahi_re/public/agx-re/experiments/EXP-0042-graphics-code-selection/raw/run_ba_p0/maps/dump07/bo_sigusr1_h0_va10000018b00_cpu106d24b00_sz20000.hex
BODUMP handle=0 gpu_va=0x10000018c00 cpu=0x106d24c00 size=0x20000 read=0x20000 -> /Users/user/asahi_re/public/agx-re/experiments/EXP-0042-graphics-code-selection/raw/run_ba_p0/maps/dump07/bo_sigusr1_h0_va10000018c00_cpu106d24c00_sz20000.hex
BODUMP handle=0 gpu_va=0x10000019c00 cpu=0x106d25c00 size=0x20000 read=0x20000 -> /Users/user/asahi_re/public/agx-re/experiments/EXP-0042-graphics-code-selection/raw/run_ba_p0/maps/dump07/bo_sigusr1_h0_va10000019c00_cpu106d25c00_sz20000.hex
BODUMP handle=0 gpu_va=0x10000019d00 cpu=0x106d25d00 size=0x20000 read=0x20000 -> /Users/user/asahi_re/public/agx-re/experiments/EXP-0042-graphics-code-selection/raw/run_ba_p0/maps/dump07/bo_sigusr1_h0_va10000019d00_cpu106d25d00_sz20000.hex
BODUMP handle=0 gpu_va=0x10000019e00 cpu=0x106d25e00 size=0x20000 read=0x20000 -> /Users/user/asahi_re/public/agx-re/experiments/EXP-0042-graphics-code-selection/raw/run_ba_p0/maps/dump07/bo_sigusr1_h0_va10000019e00_cpu106d25e00_sz20000.hex
BODUMP handle=0 gpu_va=0x10000019f00 cpu=0x106d25f00 size=0x20000 read=0x20000 -> /Users/user/asahi_re/public/agx-re/experiments/EXP-0042-graphics-code-selection/raw/run_ba_p0/maps/dump07/bo_sigusr1_h0_va10000019f00_cpu106d25f00_sz20000.hex
BODUMP handle=0 gpu_va=0x1000001a700 cpu=0x106d26700 size=0x20000 read=0x20000 -> /Users/user/asahi_re/public/agx-re/experiments/EXP-0042-graphics-code-selection/raw/run_ba_p0/maps/dump07/bo_sigusr1_h0_va1000001a700_cpu106d26700_sz20000.hex
BODUMP handle=0 gpu_va=0x1000001a800 cpu=0x106d26800 size=0x20000 read=0x20000 -> /Users/user/asahi_re/public/agx-re/experiments/EXP-0042-graphics-code-selection/raw/run_ba_p0/maps/dump07/bo_sigusr1_h0_va1000001a800_cpu106d26800_sz20000.hex
BODUMP handle=0 gpu_va=0x10000060000 cpu=0x106d6c000 size=0x20000 read=0x20000 -> /Users/user/asahi_re/public/agx-re/experiments/EXP-0042-graphics-code-selection/raw/run_ba_p0/maps/dump07/bo_sigusr1_h0_va10000060000_cpu106d6c000_sz20000.hex
BODUMP handle=0 gpu_va=0x10000088000 cpu=0x106d94000 size=0x74000 read=0x74000 -> /Users/user/asahi_re/public/agx-re/experiments/EXP-0042-graphics-code-selection/raw/run_ba_p0/maps/dump07/bo_sigusr1_h0_va10000088000_cpu106d94000_sz74000.hex
BODUMP handle=0 gpu_va=0x18000 cpu=0x106e08000 size=0x8000 read=0x8000 -> /Users/user/asahi_re/public/agx-re/experiments/EXP-0042-graphics-code-selection/raw/run_ba_p0/maps/dump07/bo_sigusr1_h0_va18000_cpu106e08000_sz8000.hex
BODUMP handle=0 gpu_va=0x28000 cpu=0x106e10000 size=0x8000 read=0x8000 -> /Users/user/asahi_re/public/agx-re/experiments/EXP-0042-graphics-code-selection/raw/run_ba_p0/maps/dump07/bo_sigusr1_h0_va28000_cpu106e10000_sz8000.hex
BODUMP handle=0 gpu_va=0x38000 cpu=0x106e18000 size=0x8000 read=0x8000 -> /Users/user/asahi_re/public/agx-re/experiments/EXP-0042-graphics-code-selection/raw/run_ba_p0/maps/dump07/bo_sigusr1_h0_va38000_cpu106e18000_sz8000.hex
BODUMP handle=0 gpu_va=0x10000100000 cpu=0x106e20000 size=0x8000 read=0x8000 -> /Users/user/asahi_re/public/agx-re/experiments/EXP-0042-graphics-code-selection/raw/run_ba_p0/maps/dump07/bo_sigusr1_h0_va10000100000_cpu106e20000_sz8000.hex
BODUMP handle=0 gpu_va=0x10000110000 cpu=0x106e28000 size=0x8000 read=0x8000 -> /Users/user/asahi_re/public/agx-re/experiments/EXP-0042-graphics-code-selection/raw/run_ba_p0/maps/dump07/bo_sigusr1_h0_va10000110000_cpu106e28000_sz8000.hex
BODUMP handle=0 gpu_va=0x10000120000 cpu=0x106e30000 size=0x8000 read=0x8000 -> /Users/user/asahi_re/public/agx-re/experiments/EXP-0042-graphics-code-selection/raw/run_ba_p0/maps/dump07/bo_sigusr1_h0_va10000120000_cpu106e30000_sz8000.hex
BODUMP handle=0 gpu_va=0x10000130000 cpu=0x106e38000 size=0x8000 read=0x8000 -> /Users/user/asahi_re/public/agx-re/experiments/EXP-0042-graphics-code-selection/raw/run_ba_p0/maps/dump07/bo_sigusr1_h0_va10000130000_cpu106e38000_sz8000.hex
BODUMP handle=0 gpu_va=0x10000140000 cpu=0x106e40000 size=0x100000 read=0x100000 -> /Users/user/asahi_re/public/agx-re/experiments/EXP-0042-graphics-code-selection/raw/run_ba_p0/maps/dump07/bo_sigusr1_h0_va10000140000_cpu106e40000_sz100000.hex
BODUMP handle=0 gpu_va=0x48000 cpu=0x106f40000 size=0x8000 read=0x8000 -> /Users/user/asahi_re/public/agx-re/experiments/EXP-0042-graphics-code-selection/raw/run_ba_p0/maps/dump07/bo_sigusr1_h0_va48000_cpu106f40000_sz8000.hex
BODUMP handle=0 gpu_va=0x10000248000 cpu=0x106f48000 size=0x8000 read=0x8000 -> /Users/user/asahi_re/public/agx-re/experiments/EXP-0042-graphics-code-selection/raw/run_ba_p0/maps/dump07/bo_sigusr1_h0_va10000248000_cpu106f48000_sz8000.hex
BODUMP handle=0 gpu_va=0x10000258000 cpu=0x106f50000 size=0x8000 read=0x8000 -> /Users/user/asahi_re/public/agx-re/experiments/EXP-0042-graphics-code-selection/raw/run_ba_p0/maps/dump07/bo_sigusr1_h0_va10000258000_cpu106f50000_sz8000.hex
BODUMP handle=0 gpu_va=0x10000268000 cpu=0x106f58000 size=0x8000 read=0x8000 -> /Users/user/asahi_re/public/agx-re/experiments/EXP-0042-graphics-code-selection/raw/run_ba_p0/maps/dump07/bo_sigusr1_h0_va10000268000_cpu106f58000_sz8000.hex
BODUMP handle=0 gpu_va=0x10000278000 cpu=0x106f60000 size=0x8000 read=0x8000 -> /Users/user/asahi_re/public/agx-re/experiments/EXP-0042-graphics-code-selection/raw/run_ba_p0/maps/dump07/bo_sigusr1_h0_va10000278000_cpu106f60000_sz8000.hex
BODUMP handle=0 gpu_va=0x10000288000 cpu=0x106f68000 size=0x8000 read=0x8000 -> /Users/user/asahi_re/public/agx-re/experiments/EXP-0042-graphics-code-selection/raw/run_ba_p0/maps/dump07/bo_sigusr1_h0_va10000288000_cpu106f68000_sz8000.hex
BODUMP handle=0 gpu_va=0x58000 cpu=0x106f70000 size=0x8000 read=0x8000 -> /Users/user/asahi_re/public/agx-re/experiments/EXP-0042-graphics-code-selection/raw/run_ba_p0/maps/dump07/bo_sigusr1_h0_va58000_cpu106f70000_sz8000.hex
BODUMP handle=0 gpu_va=0x68000 cpu=0x106f78000 size=0x88e0 read=0x88e0 -> /Users/user/asahi_re/public/agx-re/experiments/EXP-0042-graphics-code-selection/raw/run_ba_p0/maps/dump07/bo_sigusr1_h0_va68000_cpu106f78000_sz88e0.hex
BODUMP handle=0 gpu_va=0x10000298000 cpu=0x106f84000 size=0xc0000 read=0xc0000 -> /Users/user/asahi_re/public/agx-re/experiments/EXP-0042-graphics-code-selection/raw/run_ba_p0/maps/dump07/bo_sigusr1_h0_va10000298000_cpu106f84000_szc0000.hex
BODUMP end reason=sigusr1
MAPDUMP reason=sigusr1 seq=57 conn=0 memType=0x00005e15 addr=0x106ce4000 size=0x4000 read=0x4000 -> /Users/user/asahi_re/public/agx-re/experiments/EXP-0042-graphics-code-selection/raw/run_ba_p0/maps/dump07/map_seq000057_conn0_type00005e15_at106ce4000_sz4000.hex
MAPDUMP reason=sigusr1 seq=57 conn=0 memType=0x00005e15 addr=0x102760000 size=0x4000 read=0x4000 -> /Users/user/asahi_re/public/agx-re/experiments/EXP-0042-graphics-code-selection/raw/run_ba_p0/maps/dump07/map_seq000057_conn0_type00005e15_at102760000_sz4000.hex
CALL seq=58 fn=Method conn=2c03 class=AGXAcceleratorG16G sel=8(0x8) inScalarCnt=1 inStructCnt=0 inScalars=[0x1]
CALL seq=59 fn=Method conn=2c03 class=AGXAcceleratorG16G sel=17(0x11) inScalarCnt=1 inStructCnt=0 inScalars=[0x1]
RET  seq=59 conn=2c03 sel=17(0x11) ret=0x0
RET  seq=59 conn=2c03 sel=8(0x8) ret=0x0
CALL seq=60 fn=Scalar conn=2c03 class=AGXAcceleratorG16G sel=15(0xf) inScalarCnt=1 inStructCnt=0 inScalars=[0x2]
RET  seq=60 conn=2c03 sel=15(0xf) ret=0x0
CALL seq=61 fn=Scalar conn=2c03 class=AGXAcceleratorG16G sel=15(0xf) inScalarCnt=1 inStructCnt=0 inScalars=[0x1]
RET  seq=61 conn=2c03 sel=15(0xf) ret=0x0
