# BODUMP reason=sigusr1 handle=0 gpu_va=0x10000080000 cpu=0x103170000 size=0x20000 read=0x20000
00000000: 00000100 00010101 02000300 02010301 
00000010: 00020102 00030103 02020302 02030303 
00000020: 04000500 04010501 06000700 06010701 
00000030: 04020502 04030503 06020702 06030703 
00000040: 00040104 00050105 02040304 02050305 
00000050: 00060106 00070107 02060306 02070307 
00000060: 04040504 04050505 06040704 06050705 
00000070: 04060506 04070507 06060706 06070707 
00000080: 08000900 08010901 0a000b00 0a010b01 
00000090: 08020902 08030903 0a020b02 0a030b03 
000000a0: 0c000d00 0c010d01 0e000f00 0e010f01 
000000b0: 0c020d02 0c030d03 0e020f02 0e030f03 
000000c0: 08040904 08050905 0a040b04 0a050b05 
000000d0: 08060906 08070907 0a060b06 0a070b07 
000000e0: 0c040d04 0c050d05 0e040f04 0e050f05 
000000f0: 0c060d06 0c070d07 0e060f06 0e070f07 
00000100: 00080108 00090109 02080308 02090309 
00000110: 000a010a 000b010b 020a030a 020b030b 
00000120: 04080508 04090509 06080708 06090709 
00000130: 040a050a 040b050b 060a070a 060b070b 
00000140: 000c010c 000d010d 020c030c 020d030d 
00000150: 000e010e 000f010f 020e030e 020f030f 
00000160: 040c050c 040d050d 060c070c 060d070d 
00000170: 040e050e 040f050f 060e070e 060f070f 
00000180: 08080908 08090909 0a080b08 0a090b09 
00000190: 080a090a 080b090b 0a0a0b0a 0a0b0b0b 
000001a0: 0c080d08 0c090d09 0e080f08 0e090f09 
000001b0: 0c0a0d0a 0c0b0d0b 0e0a0f0a 0e0b0f0b 
000001c0: 080c090c 080d090d 0a0c0b0c 0a0d0b0d 
000001d0: 080e090e 080f090f 0a0e0b0e 0a0f0b0f 
000001e0: 0c0c0d0c 0c0d0d0d 0e0c0f0c 0e0d0f0d 
000001f0: 0c0e0d0e 0c0f0d0f 0e0e0f0e 0e0f0f0f 
00000200: 10001100 10011101 12001300 12011301 
00000210: 10021102 10031103 12021302 12031303 
00000220: 14001500 14011501 16001700 16011701 
00000230: 14021502 14031503 16021702 16031703 
00000240: 10041104 10051105 12041304 12051305 
00000250: 10061106 10071107 12061306 12071307 
00000260: 14041504 14051505 16041704 16051705 
00000270: 14061506 14071507 16061706 16071707 
00000280: 18001900 18011901 1a001b00 1a011b01 
00000290: 18021902 18031903 1a021b02 1a031b03 
000002a0: 1c001d00 1c011d01 1e001f00 1e011f01 
000002b0: 1c021d02 1c031d03 1e021f02 1e031f03 
000002c0: 18041904 18051905 1a041b04 1a051b05 
000002d0: 18061906 18071907 1a061b06 1a071b07 
000002e0: 1c041d04 1c051d05 1e041f04 1e051f05 
000002f0: 1c061d06 1c071d07 1e061f06 1e071f07 
00000300: 10081108 10091109 12081308 12091309 
00000310: 100a110a 100b110b 120a130a 120b130b 
00000320: 14081508 14091509 16081708 16091709 
00000330: 140a150a 140b150b 160a170a 160b170b 
00000340: 100c110c 100d110d 120c130c 120d130d 
00000350: 100e110e 100f110f 120e130e 120f130f 
00000360: 140c150c 140d150d 160c170c 160d170d 
00000370: 140e150e 140f150f 160e170e 160f170f 
00000380: 18081908 18091909 1a081b08 1a091b09 
00000390: 180a190a 180b190b 1a0a1b0a 1a0b1b0b 
000003a0: 1c081d08 1c091d09 1e081f08 1e091f09 
000003b0: 1c0a1d0a 1c0b1d0b 1e0a1f0a 1e0b1f0b 
000003c0: 180c190c 180d190d 1a0c1b0c 1a0d1b0d 
000003d0: 180e190e 180f190f 1a0e1b0e 1a0f1b0f 
000003e0: 1c0c1d0c 1c0d1d0d 1e0c1f0c 1e0d1f0d 
000003f0: 1c0e1d0e 1c0f1d0f 1e0e1f0e 1e0f1f0f 
00000400: 00100110 00110111 02100310 02110311 
00000410: 00120112 00130113 02120312 02130313 
00000420: 04100510 04110511 06100710 06110711 
00000430: 04120512 04130513 06120712 06130713 
00000440: 00140114 00150115 02140314 02150315 
00000450: 00160116 00170117 02160316 02170317 
00000460: 04140514 04150515 06140714 06150715 
00000470: 04160516 04170517 06160716 06170717 
00000480: 08100910 08110911 0a100b10 0a110b11 
00000490: 08120912 08130913 0a120b12 0a130b13 
000004a0: 0c100d10 0c110d11 0e100f10 0e110f11 
000004b0: 0c120d12 0c130d13 0e120f12 0e130f13 
000004c0: 08140914 08150915 0a140b14 0a150b15 
000004d0: 08160916 08170917 0a160b16 0a170b17 
000004e0: 0c140d14 0c150d15 0e140f14 0e150f15 
000004f0: 0c160d16 0c170d17 0e160f16 0e170f17 
00000500: 00180118 00190119 02180318 02190319 
00000510: 001a011a 001b011b 021a031a 021b031b 
00000520: 04180518 04190519 06180718 06190719 
00000530: 041a051a 041b051b 061a071a 061b071b 
00000540: 001c011c 001d011d 021c031c 021d031d 
00000550: 001e011e 001f011f 021e031e 021f031f 
00000560: 041c051c 041d051d 061c071c 061d071d 
00000570: 041e051e 041f051f 061e071e 061f071f 
00000580: 08180918 08190919 0a180b18 0a190b19 
00000590: 081a091a 081b091b 0a1a0b1a 0a1b0b1b 
000005a0: 0c180d18 0c190d19 0e180f18 0e190f19 
000005b0: 0c1a0d1a 0c1b0d1b 0e1a0f1a 0e1b0f1b 
000005c0: 081c091c 081d091d 0a1c0b1c 0a1d0b1d 
000005d0: 081e091e 081f091f 0a1e0b1e 0a1f0b1f 
000005e0: 0c1c0d1c 0c1d0d1d 0e1c0f1c 0e1d0f1d 
000005f0: 0c1e0d1e 0c1f0d1f 0e1e0f1e 0e1f0f1f 
00000600: 10101110 10111111 12101310 12111311 
00000610: 10121112 10131113 12121312 12131313 
00000620: 14101510 14111511 16101710 16111711 
00000630: 14121512 14131513 16121712 16131713 
00000640: 10141114 10151115 12141314 12151315 
00000650: 10161116 10171117 12161316 12171317 
00000660: 14141514 14151515 16141714 16151715 
00000670: 14161516 14171517 16161716 16171717 
00000680: 18101910 18111911 1a101b10 1a111b11 
00000690: 18121912 18131913 1a121b12 1a131b13 
000006a0: 1c101d10 1c111d11 1e101f10 1e111f11 
000006b0: 1c121d12 1c131d13 1e121f12 1e131f13 
000006c0: 18141914 18151915 1a141b14 1a151b15 
000006d0: 18161916 18171917 1a161b16 1a171b17 
000006e0: 1c141d14 1c151d15 1e141f14 1e151f15 
000006f0: 1c161d16 1c171d17 1e161f16 1e171f17 
00000700: 10181118 10191119 12181318 12191319 
00000710: 101a111a 101b111b 121a131a 121b131b 
00000720: 14181518 14191519 16181718 16191719 
00000730: 141a151a 141b151b 161a171a 161b171b 
00000740: 101c111c 101d111d 121c131c 121d131d 
00000750: 101e111e 101f111f 121e131e 121f131f 
00000760: 141c151c 141d151d 161c171c 161d171d 
00000770: 141e151e 141f151f 161e171e 161f171f 
00000780: 18181918 18191919 1a181b18 1a191b19 
00000790: 181a191a 181b191b 1a1a1b1a 1a1b1b1b 
000007a0: 1c181d18 1c191d19 1e181f18 1e191f19 
000007b0: 1c1a1d1a 1c1b1d1b 1e1a1f1a 1e1b1f1b 
000007c0: 181c191c 181d191d 1a1c1b1c 1a1d1b1d 
000007d0: 181e191e 181f191f 1a1e1b1e 1a1f1b1f 
000007e0: 1c1c1d1c 1c1d1d1d 1e1c1f1c 1e1d1f1d 
000007f0: 1c1e1d1e 1c1f1d1f 1e1e1f1e 1e1f1f1f 
00000800: 20002100 20012101 22002300 22012301 
00000810: 20022102 20032103 22022302 22032303 
00000820: 24002500 24012501 26002700 26012701 
00000830: 24022502 24032503 26022702 26032703 
00000840: 20042104 20052105 22042304 22052305 
00000850: 20062106 20072107 22062306 22072307 
00000860: 24042504 24052505 26042704 26052705 
00000870: 24062506 24072507 26062706 26072707 
00000880: 28002900 28012901 2a002b00 2a012b01 
00000890: 28022902 28032903 2a022b02 2a032b03 
000008a0: 2c002d00 2c012d01 2e002f00 2e012f01 
000008b0: 2c022d02 2c032d03 2e022f02 2e032f03 
000008c0: 28042904 28052905 2a042b04 2a052b05 
000008d0: 28062906 28072907 2a062b06 2a072b07 
000008e0: 2c042d04 2c052d05 2e042f04 2e052f05 
000008f0: 2c062d06 2c072d07 2e062f06 2e072f07 
00000900: 20082108 20092109 22082308 22092309 
00000910: 200a210a 200b210b 220a230a 220b230b 
00000920: 24082508 24092509 26082708 26092709 
00000930: 240a250a 240b250b 260a270a 260b270b 
00000940: 200c210c 200d210d 220c230c 220d230d 
00000950: 200e210e 200f210f 220e230e 220f230f 
00000960: 240c250c 240d250d 260c270c 260d270d 
00000970: 240e250e 240f250f 260e270e 260f270f 
00000980: 28082908 28092909 2a082b08 2a092b09 
00000990: 280a290a 280b290b 2a0a2b0a 2a0b2b0b 
000009a0: 2c082d08 2c092d09 2e082f08 2e092f09 
000009b0: 2c0a2d0a 2c0b2d0b 2e0a2f0a 2e0b2f0b 
000009c0: 280c290c 280d290d 2a0c2b0c 2a0d2b0d 
000009d0: 280e290e 280f290f 2a0e2b0e 2a0f2b0f 
000009e0: 2c0c2d0c 2c0d2d0d 2e0c2f0c 2e0d2f0d 
000009f0: 2c0e2d0e 2c0f2d0f 2e0e2f0e 2e0f2f0f 
00000a00: 30003100 30013101 32003300 32013301 
00000a10: 30023102 30033103 32023302 32033303 
00000a20: 34003500 34013501 36003700 36013701 
00000a30: 34023502 34033503 36023702 36033703 
00000a40: 30043104 30053105 32043304 32053305 
00000a50: 30063106 30073107 32063306 32073307 
00000a60: 34043504 34053505 36043704 36053705 
00000a70: 34063506 34073507 36063706 36073707 
00000a80: 38003900 38013901 3a003b00 3a013b01 
00000a90: 38023902 38033903 3a023b02 3a033b03 
00000aa0: 3c003d00 3c013d01 3e003f00 3e013f01 
00000ab0: 3c023d02 3c033d03 3e023f02 3e033f03 
00000ac0: 38043904 38053905 3a043b04 3a053b05 
00000ad0: 38063906 38073907 3a063b06 3a073b07 
00000ae0: 3c043d04 3c053d05 3e043f04 3e053f05 
00000af0: 3c063d06 3c073d07 3e063f06 3e073f07 
00000b00: 30083108 30093109 32083308 32093309 
00000b10: 300a310a 300b310b 320a330a 320b330b 
00000b20: 34083508 34093509 36083708 36093709 
00000b30: 340a350a 340b350b 360a370a 360b370b 
00000b40: 300c310c 300d310d 320c330c 320d330d 
00000b50: 300e310e 300f310f 320e330e 320f330f 
00000b60: 340c350c 340d350d 360c370c 360d370d 
00000b70: 340e350e 340f350f 360e370e 360f370f 
00000b80: 38083908 38093909 3a083b08 3a093b09 
00000b90: 380a390a 380b390b 3a0a3b0a 3a0b3b0b 
00000ba0: 3c083d08 3c093d09 3e083f08 3e093f09 
00000bb0: 3c0a3d0a 3c0b3d0b 3e0a3f0a 3e0b3f0b 
00000bc0: 380c390c 380d390d 3a0c3b0c 3a0d3b0d 
00000bd0: 380e390e 380f390f 3a0e3b0e 3a0f3b0f 
00000be0: 3c0c3d0c 3c0d3d0d 3e0c3f0c 3e0d3f0d 
00000bf0: 3c0e3d0e 3c0f3d0f 3e0e3f0e 3e0f3f0f 
00000c00: 20102110 20112111 22102310 22112311 
00000c10: 20122112 20132113 22122312 22132313 
00000c20: 24102510 24112511 26102710 26112711 
00000c30: 24122512 24132513 26122712 26132713 
00000c40: 20142114 20152115 22142314 22152315 
00000c50: 20162116 20172117 22162316 22172317 
00000c60: 24142514 24152515 26142714 26152715 
00000c70: 24162516 24172517 26162716 26172717 
00000c80: 28102910 28112911 2a102b10 2a112b11 
00000c90: 28122912 28132913 2a122b12 2a132b13 
00000ca0: 2c102d10 2c112d11 2e102f10 2e112f11 
00000cb0: 2c122d12 2c132d13 2e122f12 2e132f13 
00000cc0: 28142914 28152915 2a142b14 2a152b15 
00000cd0: 28162916 28172917 2a162b16 2a172b17 
00000ce0: 2c142d14 2c152d15 2e142f14 2e152f15 
00000cf0: 2c162d16 2c172d17 2e162f16 2e172f17 
00000d00: 20182118 20192119 22182318 22192319 
00000d10: 201a211a 201b211b 221a231a 221b231b 
00000d20: 24182518 24192519 26182718 26192719 
00000d30: 241a251a 241b251b 261a271a 261b271b 
00000d40: 201c211c 201d211d 221c231c 221d231d 
00000d50: 201e211e 201f211f 221e231e 221f231f 
00000d60: 241c251c 241d251d 261c271c 261d271d 
00000d70: 241e251e 241f251f 261e271e 261f271f 
00000d80: 28182918 28192919 2a182b18 2a192b19 
00000d90: 281a291a 281b291b 2a1a2b1a 2a1b2b1b 
00000da0: 2c182d18 2c192d19 2e182f18 2e192f19 
00000db0: 2c1a2d1a 2c1b2d1b 2e1a2f1a 2e1b2f1b 
00000dc0: 281c291c 281d291d 2a1c2b1c 2a1d2b1d 
00000dd0: 281e291e 281f291f 2a1e2b1e 2a1f2b1f 
00000de0: 2c1c2d1c 2c1d2d1d 2e1c2f1c 2e1d2f1d 
00000df0: 2c1e2d1e 2c1f2d1f 2e1e2f1e 2e1f2f1f 
00000e00: 30103110 30113111 32103310 32113311 
00000e10: 30123112 30133113 32123312 32133313 
00000e20: 34103510 34113511 36103710 36113711 
00000e30: 34123512 34133513 36123712 36133713 
00000e40: 30143114 30153115 32143314 32153315 
00000e50: 30163116 30173117 32163316 32173317 
00000e60: 34143514 34153515 36143714 36153715 
00000e70: 34163516 34173517 36163716 36173717 
00000e80: 38103910 38113911 3a103b10 3a113b11 
00000e90: 38123912 38133913 3a123b12 3a133b13 
00000ea0: 3c103d10 3c113d11 3e103f10 3e113f11 
00000eb0: 3c123d12 3c133d13 3e123f12 3e133f13 
00000ec0: 38143914 38153915 3a143b14 3a153b15 
00000ed0: 38163916 38173917 3a163b16 3a173b17 
00000ee0: 3c143d14 3c153d15 3e143f14 3e153f15 
00000ef0: 3c163d16 3c173d17 3e163f16 3e173f17 
00000f00: 30183118 30193119 32183318 32193319 
00000f10: 301a311a 301b311b 321a331a 321b331b 
00000f20: 34183518 34193519 36183718 36193719 
00000f30: 341a351a 341b351b 361a371a 361b371b 
00000f40: 301c311c 301d311d 321c331c 321d331d 
00000f50: 301e311e 301f311f 321e331e 321f331f 
00000f60: 341c351c 341d351d 361c371c 361d371d 
00000f70: 341e351e 341f351f 361e371e 361f371f 
00000f80: 38183918 38193919 3a183b18 3a193b19 
00000f90: 381a391a 381b391b 3a1a3b1a 3a1b3b1b 
00000fa0: 3c183d18 3c193d19 3e183f18 3e193f19 
00000fb0: 3c1a3d1a 3c1b3d1b 3e1a3f1a 3e1b3f1b 
00000fc0: 381c391c 381d391d 3a1c3b1c 3a1d3b1d 
00000fd0: 381e391e 381f391f 3a1e3b1e 3a1f3b1f 
00000fe0: 3c1c3d1c 3c1d3d1d 3e1c3f1c 3e1d3f1d 
00000ff0: 3c1e3d1e 3c1f3d1f 3e1e3f1e 3e1f3f1f 
00001000: 00200120 00210121 02200320 02210321 
00001010: 00220122 00230123 02220322 02230323 
00001020: 04200520 04210521 06200720 06210721 
00001030: 04220522 04230523 06220722 06230723 
00001040: 00240124 00250125 02240324 02250325 
00001050: 00260126 00270127 02260326 02270327 
00001060: 04240524 04250525 06240724 06250725 
00001070: 04260526 04270527 06260726 06270727 
00001080: 08200920 08210921 0a200b20 0a210b21 
00001090: 08220922 08230923 0a220b22 0a230b23 
000010a0: 0c200d20 0c210d21 0e200f20 0e210f21 
000010b0: 0c220d22 0c230d23 0e220f22 0e230f23 
000010c0: 08240924 08250925 0a240b24 0a250b25 
000010d0: 08260926 08270927 0a260b26 0a270b27 
000010e0: 0c240d24 0c250d25 0e240f24 0e250f25 
000010f0: 0c260d26 0c270d27 0e260f26 0e270f27 
00001100: 00280128 00290129 02280328 02290329 
00001110: 002a012a 002b012b 022a032a 022b032b 
00001120: 04280528 04290529 06280728 06290729 
00001130: 042a052a 042b052b 062a072a 062b072b 
00001140: 002c012c 002d012d 022c032c 022d032d 
00001150: 002e012e 002f012f 022e032e 022f032f 
00001160: 042c052c 042d052d 062c072c 062d072d 
00001170: 042e052e 042f052f 062e072e 062f072f 
00001180: 08280928 08290929 0a280b28 0a290b29 
00001190: 082a092a 082b092b 0a2a0b2a 0a2b0b2b 
000011a0: 0c280d28 0c290d29 0e280f28 0e290f29 
000011b0: 0c2a0d2a 0c2b0d2b 0e2a0f2a 0e2b0f2b 
000011c0: 082c092c 082d092d 0a2c0b2c 0a2d0b2d 
000011d0: 082e092e 082f092f 0a2e0b2e 0a2f0b2f 
000011e0: 0c2c0d2c 0c2d0d2d 0e2c0f2c 0e2d0f2d 
000011f0: 0c2e0d2e 0c2f0d2f 0e2e0f2e 0e2f0f2f 
00001200: 10201120 10211121 12201320 12211321 
00001210: 10221122 10231123 12221322 12231323 
00001220: 14201520 14211521 16201720 16211721 
00001230: 14221522 14231523 16221722 16231723 
00001240: 10241124 10251125 12241324 12251325 
00001250: 10261126 10271127 12261326 12271327 
00001260: 14241524 14251525 16241724 16251725 
00001270: 14261526 14271527 16261726 16271727 
00001280: 18201920 18211921 1a201b20 1a211b21 
00001290: 18221922 18231923 1a221b22 1a231b23 
000012a0: 1c201d20 1c211d21 1e201f20 1e211f21 
000012b0: 1c221d22 1c231d23 1e221f22 1e231f23 
000012c0: 18241924 18251925 1a241b24 1a251b25 
000012d0: 18261926 18271927 1a261b26 1a271b27 
000012e0: 1c241d24 1c251d25 1e241f24 1e251f25 
000012f0: 1c261d26 1c271d27 1e261f26 1e271f27 
00001300: 10281128 10291129 12281328 12291329 
00001310: 102a112a 102b112b 122a132a 122b132b 
00001320: 14281528 14291529 16281728 16291729 
00001330: 142a152a 142b152b 162a172a 162b172b 
00001340: 102c112c 102d112d 122c132c 122d132d 
00001350: 102e112e 102f112f 122e132e 122f132f 
00001360: 142c152c 142d152d 162c172c 162d172d 
00001370: 142e152e 142f152f 162e172e 162f172f 
00001380: 18281928 18291929 1a281b28 1a291b29 
00001390: 182a192a 182b192b 1a2a1b2a 1a2b1b2b 
000013a0: 1c281d28 1c291d29 1e281f28 1e291f29 
000013b0: 1c2a1d2a 1c2b1d2b 1e2a1f2a 1e2b1f2b 
000013c0: 182c192c 182d192d 1a2c1b2c 1a2d1b2d 
000013d0: 182e192e 182f192f 1a2e1b2e 1a2f1b2f 
000013e0: 1c2c1d2c 1c2d1d2d 1e2c1f2c 1e2d1f2d 
000013f0: 1c2e1d2e 1c2f1d2f 1e2e1f2e 1e2f1f2f 
00001400: 00300130 00310131 02300330 02310331 
00001410: 00320132 00330133 02320332 02330333 
00001420: 04300530 04310531 06300730 06310731 
00001430: 04320532 04330533 06320732 06330733 
00001440: 00340134 00350135 02340334 02350335 
00001450: 00360136 00370137 02360336 02370337 
00001460: 04340534 04350535 06340734 06350735 
00001470: 04360536 04370537 06360736 06370737 
00001480: 08300930 08310931 0a300b30 0a310b31 
00001490: 08320932 08330933 0a320b32 0a330b33 
000014a0: 0c300d30 0c310d31 0e300f30 0e310f31 
000014b0: 0c320d32 0c330d33 0e320f32 0e330f33 
000014c0: 08340934 08350935 0a340b34 0a350b35 
000014d0: 08360936 08370937 0a360b36 0a370b37 
000014e0: 0c340d34 0c350d35 0e340f34 0e350f35 
000014f0: 0c360d36 0c370d37 0e360f36 0e370f37 
00001500: 00380138 00390139 02380338 02390339 
00001510: 003a013a 003b013b 023a033a 023b033b 
00001520: 04380538 04390539 06380738 06390739 
00001530: 043a053a 043b053b 063a073a 063b073b 
00001540: 003c013c 003d013d 023c033c 023d033d 
00001550: 003e013e 003f013f 023e033e 023f033f 
00001560: 043c053c 043d053d 063c073c 063d073d 
00001570: 043e053e 043f053f 063e073e 063f073f 
00001580: 08380938 08390939 0a380b38 0a390b39 
00001590: 083a093a 083b093b 0a3a0b3a 0a3b0b3b 
000015a0: 0c380d38 0c390d39 0e380f38 0e390f39 
000015b0: 0c3a0d3a 0c3b0d3b 0e3a0f3a 0e3b0f3b 
000015c0: 083c093c 083d093d 0a3c0b3c 0a3d0b3d 
000015d0: 083e093e 083f093f 0a3e0b3e 0a3f0b3f 
000015e0: 0c3c0d3c 0c3d0d3d 0e3c0f3c 0e3d0f3d 
000015f0: 0c3e0d3e 0c3f0d3f 0e3e0f3e 0e3f0f3f 
00001600: 10301130 10311131 12301330 12311331 
00001610: 10321132 10331133 12321332 12331333 
00001620: 14301530 14311531 16301730 16311731 
00001630: 14321532 14331533 16321732 16331733 
00001640: 10341134 10351135 12341334 12351335 
00001650: 10361136 10371137 12361336 12371337 
00001660: 14341534 14351535 16341734 16351735 
00001670: 14361536 14371537 16361736 16371737 
00001680: 18301930 18311931 1a301b30 1a311b31 
00001690: 18321932 18331933 1a321b32 1a331b33 
000016a0: 1c301d30 1c311d31 1e301f30 1e311f31 
000016b0: 1c321d32 1c331d33 1e321f32 1e331f33 
000016c0: 18341934 18351935 1a341b34 1a351b35 
000016d0: 18361936 18371937 1a361b36 1a371b37 
000016e0: 1c341d34 1c351d35 1e341f34 1e351f35 
000016f0: 1c361d36 1c371d37 1e361f36 1e371f37 
00001700: 10381138 10391139 12381338 12391339 
00001710: 103a113a 103b113b 123a133a 123b133b 
00001720: 14381538 14391539 16381738 16391739 
00001730: 143a153a 143b153b 163a173a 163b173b 
00001740: 103c113c 103d113d 123c133c 123d133d 
00001750: 103e113e 103f113f 123e133e 123f133f 
00001760: 143c153c 143d153d 163c173c 163d173d 
00001770: 143e153e 143f153f 163e173e 163f173f 
00001780: 18381938 18391939 1a381b38 1a391b39 
00001790: 183a193a 183b193b 1a3a1b3a 1a3b1b3b 
000017a0: 1c381d38 1c391d39 1e381f38 1e391f39 
000017b0: 1c3a1d3a 1c3b1d3b 1e3a1f3a 1e3b1f3b 
000017c0: 183c193c 183d193d 1a3c1b3c 1a3d1b3d 
000017d0: 183e193e 183f193f 1a3e1b3e 1a3f1b3f 
000017e0: 1c3c1d3c 1c3d1d3d 1e3c1f3c 1e3d1f3d 
000017f0: 1c3e1d3e 1c3f1d3f 1e3e1f3e 1e3f1f3f 
00001800: 20202120 20212121 22202320 22212321 
00001810: 20222122 20232123 22222322 22232323 
00001820: 24202520 24212521 26202720 26212721 
00001830: 24222522 24232523 26222722 26232723 
00001840: 20242124 20252125 22242324 22252325 
00001850: 20262126 20272127 22262326 22272327 
00001860: 24242524 24252525 26242724 26252725 
00001870: 24262526 24272527 26262726 26272727 
00001880: 28202920 28212921 2a202b20 2a212b21 
00001890: 28222922 28232923 2a222b22 2a232b23 
000018a0: 2c202d20 2c212d21 2e202f20 2e212f21 
000018b0: 2c222d22 2c232d23 2e222f22 2e232f23 
000018c0: 28242924 28252925 2a242b24 2a252b25 
000018d0: 28262926 28272927 2a262b26 2a272b27 
000018e0: 2c242d24 2c252d25 2e242f24 2e252f25 
000018f0: 2c262d26 2c272d27 2e262f26 2e272f27 
00001900: 20282128 20292129 22282328 22292329 
00001910: 202a212a 202b212b 222a232a 222b232b 
00001920: 24282528 24292529 26282728 26292729 
00001930: 242a252a 242b252b 262a272a 262b272b 
00001940: 202c212c 202d212d 222c232c 222d232d 
00001950: 202e212e 202f212f 222e232e 222f232f 
00001960: 242c252c 242d252d 262c272c 262d272d 
00001970: 242e252e 242f252f 262e272e 262f272f 
00001980: 28282928 28292929 2a282b28 2a292b29 
00001990: 282a292a 282b292b 2a2a2b2a 2a2b2b2b 
000019a0: 2c282d28 2c292d29 2e282f28 2e292f29 
000019b0: 2c2a2d2a 2c2b2d2b 2e2a2f2a 2e2b2f2b 
000019c0: 282c292c 282d292d 2a2c2b2c 2a2d2b2d 
000019d0: 282e292e 282f292f 2a2e2b2e 2a2f2b2f 
000019e0: 2c2c2d2c 2c2d2d2d 2e2c2f2c 2e2d2f2d 
000019f0: 2c2e2d2e 2c2f2d2f 2e2e2f2e 2e2f2f2f 
00001a00: 30203120 30213121 32203320 32213321 
00001a10: 30223122 30233123 32223322 32233323 
00001a20: 34203520 34213521 36203720 36213721 
00001a30: 34223522 34233523 36223722 36233723 
00001a40: 30243124 30253125 32243324 32253325 
00001a50: 30263126 30273127 32263326 32273327 
00001a60: 34243524 34253525 36243724 36253725 
00001a70: 34263526 34273527 36263726 36273727 
00001a80: 38203920 38213921 3a203b20 3a213b21 
00001a90: 38223922 38233923 3a223b22 3a233b23 
00001aa0: 3c203d20 3c213d21 3e203f20 3e213f21 
00001ab0: 3c223d22 3c233d23 3e223f22 3e233f23 
00001ac0: 38243924 38253925 3a243b24 3a253b25 
00001ad0: 38263926 38273927 3a263b26 3a273b27 
00001ae0: 3c243d24 3c253d25 3e243f24 3e253f25 
00001af0: 3c263d26 3c273d27 3e263f26 3e273f27 
00001b00: 30283128 30293129 32283328 32293329 
00001b10: 302a312a 302b312b 322a332a 322b332b 
00001b20: 34283528 34293529 36283728 36293729 
00001b30: 342a352a 342b352b 362a372a 362b372b 
00001b40: 302c312c 302d312d 322c332c 322d332d 
00001b50: 302e312e 302f312f 322e332e 322f332f 
00001b60: 342c352c 342d352d 362c372c 362d372d 
00001b70: 342e352e 342f352f 362e372e 362f372f 
00001b80: 38283928 38293929 3a283b28 3a293b29 
00001b90: 382a392a 382b392b 3a2a3b2a 3a2b3b2b 
00001ba0: 3c283d28 3c293d29 3e283f28 3e293f29 
00001bb0: 3c2a3d2a 3c2b3d2b 3e2a3f2a 3e2b3f2b 
00001bc0: 382c392c 382d392d 3a2c3b2c 3a2d3b2d 
00001bd0: 382e392e 382f392f 3a2e3b2e 3a2f3b2f 
00001be0: 3c2c3d2c 3c2d3d2d 3e2c3f2c 3e2d3f2d 
00001bf0: 3c2e3d2e 3c2f3d2f 3e2e3f2e 3e2f3f2f 
00001c00: 20302130 20312131 22302330 22312331 
00001c10: 20322132 20332133 22322332 22332333 
00001c20: 24302530 24312531 26302730 26312731 
00001c30: 24322532 24332533 26322732 26332733 
00001c40: 20342134 20352135 22342334 22352335 
00001c50: 20362136 20372137 22362336 22372337 
00001c60: 24342534 24352535 26342734 26352735 
00001c70: 24362536 24372537 26362736 26372737 
00001c80: 28302930 28312931 2a302b30 2a312b31 
00001c90: 28322932 28332933 2a322b32 2a332b33 
00001ca0: 2c302d30 2c312d31 2e302f30 2e312f31 
00001cb0: 2c322d32 2c332d33 2e322f32 2e332f33 
00001cc0: 28342934 28352935 2a342b34 2a352b35 
00001cd0: 28362936 28372937 2a362b36 2a372b37 
00001ce0: 2c342d34 2c352d35 2e342f34 2e352f35 
00001cf0: 2c362d36 2c372d37 2e362f36 2e372f37 
00001d00: 20382138 20392139 22382338 22392339 
00001d10: 203a213a 203b213b 223a233a 223b233b 
00001d20: 24382538 24392539 26382738 26392739 
00001d30: 243a253a 243b253b 263a273a 263b273b 
00001d40: 203c213c 203d213d 223c233c 223d233d 
00001d50: 203e213e 203f213f 223e233e 223f233f 
00001d60: 243c253c 243d253d 263c273c 263d273d 
00001d70: 243e253e 243f253f 263e273e 263f273f 
00001d80: 28382938 28392939 2a382b38 2a392b39 
00001d90: 283a293a 283b293b 2a3a2b3a 2a3b2b3b 
00001da0: 2c382d38 2c392d39 2e382f38 2e392f39 
00001db0: 2c3a2d3a 2c3b2d3b 2e3a2f3a 2e3b2f3b 
00001dc0: 283c293c 283d293d 2a3c2b3c 2a3d2b3d 
00001dd0: 283e293e 283f293f 2a3e2b3e 2a3f2b3f 
00001de0: 2c3c2d3c 2c3d2d3d 2e3c2f3c 2e3d2f3d 
00001df0: 2c3e2d3e 2c3f2d3f 2e3e2f3e 2e3f2f3f 
00001e00: 30303130 30313131 32303330 32313331 
00001e10: 30323132 30333133 32323332 32333333 
00001e20: 34303530 34313531 36303730 36313731 
00001e30: 34323532 34333533 36323732 36333733 
00001e40: 30343134 30353135 32343334 32353335 
00001e50: 30363136 30373137 32363336 32373337 
00001e60: 34343534 34353535 36343734 36353735 
00001e70: 34363536 34373537 36363736 36373737 
00001e80: 38303930 38313931 3a303b30 3a313b31 
00001e90: 38323932 38333933 3a323b32 3a333b33 
00001ea0: 3c303d30 3c313d31 3e303f30 3e313f31 
00001eb0: 3c323d32 3c333d33 3e323f32 3e333f33 
00001ec0: 38343934 38353935 3a343b34 3a353b35 
00001ed0: 38363936 38373937 3a363b36 3a373b37 
00001ee0: 3c343d34 3c353d35 3e343f34 3e353f35 
00001ef0: 3c363d36 3c373d37 3e363f36 3e373f37 
00001f00: 30383138 30393139 32383338 32393339 
00001f10: 303a313a 303b313b 323a333a 323b333b 
00001f20: 34383538 34393539 36383738 36393739 
00001f30: 343a353a 343b353b 363a373a 363b373b 
00001f40: 303c313c 303d313d 323c333c 323d333d 
00001f50: 303e313e 303f313f 323e333e 323f333f 
00001f60: 343c353c 343d353d 363c373c 363d373d 
00001f70: 343e353e 343f353f 363e373e 363f373f 
00001f80: 38383938 38393939 3a383b38 3a393b39 
00001f90: 383a393a 383b393b 3a3a3b3a 3a3b3b3b 
00001fa0: 3c383d38 3c393d39 3e383f38 3e393f39 
00001fb0: 3c3a3d3a 3c3b3d3b 3e3a3f3a 3e3b3f3b 
00001fc0: 383c393c 383d393d 3a3c3b3c 3a3d3b3d 
00001fd0: 383e393e 383f393f 3a3e3b3e 3a3f3b3f 
00001fe0: 3c3c3d3c 3c3d3d3d 3e3c3f3c 3e3d3f3d 
00001ff0: 3c3e3d3e 3c3f3d3f 3e3e3f3e 3e3f3f3f 
00002000: 40004100 40014101 42004300 42014301 
00002010: 40024102 40034103 42024302 42034303 
00002020: 44004500 44014501 46004700 46014701 
00002030: 44024502 44034503 46024702 46034703 
00002040: 40044104 40054105 42044304 42054305 
00002050: 40064106 40074107 42064306 42074307 
00002060: 44044504 44054505 46044704 46054705 
00002070: 44064506 44074507 46064706 46074707 
00002080: 48004900 48014901 4a004b00 4a014b01 
00002090: 48024902 48034903 4a024b02 4a034b03 
000020a0: 4c004d00 4c014d01 4e004f00 4e014f01 
000020b0: 4c024d02 4c034d03 4e024f02 4e034f03 
000020c0: 48044904 48054905 4a044b04 4a054b05 
000020d0: 48064906 48074907 4a064b06 4a074b07 
000020e0: 4c044d04 4c054d05 4e044f04 4e054f05 
000020f0: 4c064d06 4c074d07 4e064f06 4e074f07 
00002100: 40084108 40094109 42084308 42094309 
00002110: 400a410a 400b410b 420a430a 420b430b 
00002120: 44084508 44094509 46084708 46094709 
00002130: 440a450a 440b450b 460a470a 460b470b 
00002140: 400c410c 400d410d 420c430c 420d430d 
00002150: 400e410e 400f410f 420e430e 420f430f 
00002160: 440c450c 440d450d 460c470c 460d470d 
00002170: 440e450e 440f450f 460e470e 460f470f 
00002180: 48084908 48094909 4a084b08 4a094b09 
00002190: 480a490a 480b490b 4a0a4b0a 4a0b4b0b 
000021a0: 4c084d08 4c094d09 4e084f08 4e094f09 
000021b0: 4c0a4d0a 4c0b4d0b 4e0a4f0a 4e0b4f0b 
000021c0: 480c490c 480d490d 4a0c4b0c 4a0d4b0d 
000021d0: 480e490e 480f490f 4a0e4b0e 4a0f4b0f 
000021e0: 4c0c4d0c 4c0d4d0d 4e0c4f0c 4e0d4f0d 
000021f0: 4c0e4d0e 4c0f4d0f 4e0e4f0e 4e0f4f0f 
00002200: 50005100 50015101 52005300 52015301 
00002210: 50025102 50035103 52025302 52035303 
00002220: 54005500 54015501 56005700 56015701 
00002230: 54025502 54035503 56025702 56035703 
00002240: 50045104 50055105 52045304 52055305 
00002250: 50065106 50075107 52065306 52075307 
00002260: 54045504 54055505 56045704 56055705 
00002270: 54065506 54075507 56065706 56075707 
00002280: 58005900 58015901 5a005b00 5a015b01 
00002290: 58025902 58035903 5a025b02 5a035b03 
000022a0: 5c005d00 5c015d01 5e005f00 5e015f01 
000022b0: 5c025d02 5c035d03 5e025f02 5e035f03 
000022c0: 58045904 58055905 5a045b04 5a055b05 
000022d0: 58065906 58075907 5a065b06 5a075b07 
000022e0: 5c045d04 5c055d05 5e045f04 5e055f05 
000022f0: 5c065d06 5c075d07 5e065f06 5e075f07 
00002300: 50085108 50095109 52085308 52095309 
00002310: 500a510a 500b510b 520a530a 520b530b 
00002320: 54085508 54095509 56085708 56095709 
00002330: 540a550a 540b550b 560a570a 560b570b 
00002340: 500c510c 500d510d 520c530c 520d530d 
00002350: 500e510e 500f510f 520e530e 520f530f 
00002360: 540c550c 540d550d 560c570c 560d570d 
00002370: 540e550e 540f550f 560e570e 560f570f 
00002380: 58085908 58095909 5a085b08 5a095b09 
00002390: 580a590a 580b590b 5a0a5b0a 5a0b5b0b 
000023a0: 5c085d08 5c095d09 5e085f08 5e095f09 
000023b0: 5c0a5d0a 5c0b5d0b 5e0a5f0a 5e0b5f0b 
000023c0: 580c590c 580d590d 5a0c5b0c 5a0d5b0d 
000023d0: 580e590e 580f590f 5a0e5b0e 5a0f5b0f 
000023e0: 5c0c5d0c 5c0d5d0d 5e0c5f0c 5e0d5f0d 
000023f0: 5c0e5d0e 5c0f5d0f 5e0e5f0e 5e0f5f0f 
00002400: 40104110 40114111 42104310 42114311 
00002410: 40124112 40134113 42124312 42134313 
00002420: 44104510 44114511 46104710 46114711 
00002430: 44124512 44134513 46124712 46134713 
00002440: 40144114 40154115 42144314 42154315 
00002450: 40164116 40174117 42164316 42174317 
00002460: 44144514 44154515 46144714 46154715 
00002470: 44164516 44174517 46164716 46174717 
00002480: 48104910 48114911 4a104b10 4a114b11 
00002490: 48124912 48134913 4a124b12 4a134b13 
000024a0: 4c104d10 4c114d11 4e104f10 4e114f11 
000024b0: 4c124d12 4c134d13 4e124f12 4e134f13 
000024c0: 48144914 48154915 4a144b14 4a154b15 
000024d0: 48164916 48174917 4a164b16 4a174b17 
000024e0: 4c144d14 4c154d15 4e144f14 4e154f15 
000024f0: 4c164d16 4c174d17 4e164f16 4e174f17 
00002500: 40184118 40194119 42184318 42194319 
00002510: 401a411a 401b411b 421a431a 421b431b 
00002520: 44184518 44194519 46184718 46194719 
00002530: 441a451a 441b451b 461a471a 461b471b 
00002540: 401c411c 401d411d 421c431c 421d431d 
00002550: 401e411e 401f411f 421e431e 421f431f 
00002560: 441c451c 441d451d 461c471c 461d471d 
00002570: 441e451e 441f451f 461e471e 461f471f 
00002580: 48184918 48194919 4a184b18 4a194b19 
00002590: 481a491a 481b491b 4a1a4b1a 4a1b4b1b 
000025a0: 4c184d18 4c194d19 4e184f18 4e194f19 
000025b0: 4c1a4d1a 4c1b4d1b 4e1a4f1a 4e1b4f1b 
000025c0: 481c491c 481d491d 4a1c4b1c 4a1d4b1d 
000025d0: 481e491e 481f491f 4a1e4b1e 4a1f4b1f 
000025e0: 4c1c4d1c 4c1d4d1d 4e1c4f1c 4e1d4f1d 
000025f0: 4c1e4d1e 4c1f4d1f 4e1e4f1e 4e1f4f1f 
00002600: 50105110 50115111 52105310 52115311 
00002610: 50125112 50135113 52125312 52135313 
00002620: 54105510 54115511 56105710 56115711 
00002630: 54125512 54135513 56125712 56135713 
00002640: 50145114 50155115 52145314 52155315 
00002650: 50165116 50175117 52165316 52175317 
00002660: 54145514 54155515 56145714 56155715 
00002670: 54165516 54175517 56165716 56175717 
00002680: 58105910 58115911 5a105b10 5a115b11 
00002690: 58125912 58135913 5a125b12 5a135b13 
000026a0: 5c105d10 5c115d11 5e105f10 5e115f11 
000026b0: 5c125d12 5c135d13 5e125f12 5e135f13 
000026c0: 58145914 58155915 5a145b14 5a155b15 
000026d0: 58165916 58175917 5a165b16 5a175b17 
000026e0: 5c145d14 5c155d15 5e145f14 5e155f15 
000026f0: 5c165d16 5c175d17 5e165f16 5e175f17 
00002700: 50185118 50195119 52185318 52195319 
00002710: 501a511a 501b511b 521a531a 521b531b 
00002720: 54185518 54195519 56185718 56195719 
00002730: 541a551a 541b551b 561a571a 561b571b 
00002740: 501c511c 501d511d 521c531c 521d531d 
00002750: 501e511e 501f511f 521e531e 521f531f 
00002760: 541c551c 541d551d 561c571c 561d571d 
00002770: 541e551e 541f551f 561e571e 561f571f 
00002780: 58185918 58195919 5a185b18 5a195b19 
00002790: 581a591a 581b591b 5a1a5b1a 5a1b5b1b 
000027a0: 5c185d18 5c195d19 5e185f18 5e195f19 
000027b0: 5c1a5d1a 5c1b5d1b 5e1a5f1a 5e1b5f1b 
000027c0: 581c591c 581d591d 5a1c5b1c 5a1d5b1d 
000027d0: 581e591e 581f591f 5a1e5b1e 5a1f5b1f 
000027e0: 5c1c5d1c 5c1d5d1d 5e1c5f1c 5e1d5f1d 
000027f0: 5c1e5d1e 5c1f5d1f 5e1e5f1e 5e1f5f1f 
00002800: 60006100 60016101 62006300 62016301 
00002810: 60026102 60036103 62026302 62036303 
00002820: 64006500 64016501 66006700 66016701 
00002830: 64026502 64036503 66026702 66036703 
00002840: 60046104 60056105 62046304 62056305 
00002850: 60066106 60076107 62066306 62076307 
00002860: 64046504 64056505 66046704 66056705 
00002870: 64066506 64076507 66066706 66076707 
00002880: 68006900 68016901 6a006b00 6a016b01 
00002890: 68026902 68036903 6a026b02 6a036b03 
000028a0: 6c006d00 6c016d01 6e006f00 6e016f01 
000028b0: 6c026d02 6c036d03 6e026f02 6e036f03 
000028c0: 68046904 68056905 6a046b04 6a056b05 
000028d0: 68066906 68076907 6a066b06 6a076b07 
000028e0: 6c046d04 6c056d05 6e046f04 6e056f05 
000028f0: 6c066d06 6c076d07 6e066f06 6e076f07 
00002900: 60086108 60096109 62086308 62096309 
00002910: 600a610a 600b610b 620a630a 620b630b 
00002920: 64086508 64096509 66086708 66096709 
00002930: 640a650a 640b650b 660a670a 660b670b 
00002940: 600c610c 600d610d 620c630c 620d630d 
00002950: 600e610e 600f610f 620e630e 620f630f 
00002960: 640c650c 640d650d 660c670c 660d670d 
00002970: 640e650e 640f650f 660e670e 660f670f 
00002980: 68086908 68096909 6a086b08 6a096b09 
00002990: 680a690a 680b690b 6a0a6b0a 6a0b6b0b 
000029a0: 6c086d08 6c096d09 6e086f08 6e096f09 
000029b0: 6c0a6d0a 6c0b6d0b 6e0a6f0a 6e0b6f0b 
000029c0: 680c690c 680d690d 6a0c6b0c 6a0d6b0d 
000029d0: 680e690e 680f690f 6a0e6b0e 6a0f6b0f 
000029e0: 6c0c6d0c 6c0d6d0d 6e0c6f0c 6e0d6f0d 
000029f0: 6c0e6d0e 6c0f6d0f 6e0e6f0e 6e0f6f0f 
00002a00: 70007100 70017101 72007300 72017301 
00002a10: 70027102 70037103 72027302 72037303 
00002a20: 74007500 74017501 76007700 76017701 
00002a30: 74027502 74037503 76027702 76037703 
00002a40: 70047104 70057105 72047304 72057305 
00002a50: 70067106 70077107 72067306 72077307 
00002a60: 74047504 74057505 76047704 76057705 
00002a70: 74067506 74077507 76067706 76077707 
00002a80: 78007900 78017901 7a007b00 7a017b01 
00002a90: 78027902 78037903 7a027b02 7a037b03 
00002aa0: 7c007d00 7c017d01 7e007f00 7e017f01 
00002ab0: 7c027d02 7c037d03 7e027f02 7e037f03 
00002ac0: 78047904 78057905 7a047b04 7a057b05 
00002ad0: 78067906 78077907 7a067b06 7a077b07 
00002ae0: 7c047d04 7c057d05 7e047f04 7e057f05 
00002af0: 7c067d06 7c077d07 7e067f06 7e077f07 
00002b00: 70087108 70097109 72087308 72097309 
00002b10: 700a710a 700b710b 720a730a 720b730b 
00002b20: 74087508 74097509 76087708 76097709 
00002b30: 740a750a 740b750b 760a770a 760b770b 
00002b40: 700c710c 700d710d 720c730c 720d730d 
00002b50: 700e710e 700f710f 720e730e 720f730f 
00002b60: 740c750c 740d750d 760c770c 760d770d 
00002b70: 740e750e 740f750f 760e770e 760f770f 
00002b80: 78087908 78097909 7a087b08 7a097b09 
00002b90: 780a790a 780b790b 7a0a7b0a 7a0b7b0b 
00002ba0: 7c087d08 7c097d09 7e087f08 7e097f09 
00002bb0: 7c0a7d0a 7c0b7d0b 7e0a7f0a 7e0b7f0b 
00002bc0: 780c790c 780d790d 7a0c7b0c 7a0d7b0d 
00002bd0: 780e790e 780f790f 7a0e7b0e 7a0f7b0f 
00002be0: 7c0c7d0c 7c0d7d0d 7e0c7f0c 7e0d7f0d 
00002bf0: 7c0e7d0e 7c0f7d0f 7e0e7f0e 7e0f7f0f 
00002c00: 60106110 60116111 62106310 62116311 
00002c10: 60126112 60136113 62126312 62136313 
00002c20: 64106510 64116511 66106710 66116711 
00002c30: 64126512 64136513 66126712 66136713 
00002c40: 60146114 60156115 62146314 62156315 
00002c50: 60166116 60176117 62166316 62176317 
00002c60: 64146514 64156515 66146714 66156715 
00002c70: 64166516 64176517 66166716 66176717 
00002c80: 68106910 68116911 6a106b10 6a116b11 
00002c90: 68126912 68136913 6a126b12 6a136b13 
00002ca0: 6c106d10 6c116d11 6e106f10 6e116f11 
00002cb0: 6c126d12 6c136d13 6e126f12 6e136f13 
00002cc0: 68146914 68156915 6a146b14 6a156b15 
00002cd0: 68166916 68176917 6a166b16 6a176b17 
00002ce0: 6c146d14 6c156d15 6e146f14 6e156f15 
00002cf0: 6c166d16 6c176d17 6e166f16 6e176f17 
00002d00: 60186118 60196119 62186318 62196319 
00002d10: 601a611a 601b611b 621a631a 621b631b 
00002d20: 64186518 64196519 66186718 66196719 
00002d30: 641a651a 641b651b 661a671a 661b671b 
00002d40: 601c611c 601d611d 621c631c 621d631d 
00002d50: 601e611e 601f611f 621e631e 621f631f 
00002d60: 641c651c 641d651d 661c671c 661d671d 
00002d70: 641e651e 641f651f 661e671e 661f671f 
00002d80: 68186918 68196919 6a186b18 6a196b19 
00002d90: 681a691a 681b691b 6a1a6b1a 6a1b6b1b 
00002da0: 6c186d18 6c196d19 6e186f18 6e196f19 
00002db0: 6c1a6d1a 6c1b6d1b 6e1a6f1a 6e1b6f1b 
00002dc0: 681c691c 681d691d 6a1c6b1c 6a1d6b1d 
00002dd0: 681e691e 681f691f 6a1e6b1e 6a1f6b1f 
00002de0: 6c1c6d1c 6c1d6d1d 6e1c6f1c 6e1d6f1d 
00002df0: 6c1e6d1e 6c1f6d1f 6e1e6f1e 6e1f6f1f 
00002e00: 70107110 70117111 72107310 72117311 
00002e10: 70127112 70137113 72127312 72137313 
00002e20: 74107510 74117511 76107710 76117711 
00002e30: 74127512 74137513 76127712 76137713 
00002e40: 70147114 70157115 72147314 72157315 
00002e50: 70167116 70177117 72167316 72177317 
00002e60: 74147514 74157515 76147714 76157715 
00002e70: 74167516 74177517 76167716 76177717 
00002e80: 78107910 78117911 7a107b10 7a117b11 
00002e90: 78127912 78137913 7a127b12 7a137b13 
00002ea0: 7c107d10 7c117d11 7e107f10 7e117f11 
00002eb0: 7c127d12 7c137d13 7e127f12 7e137f13 
00002ec0: 78147914 78157915 7a147b14 7a157b15 
00002ed0: 78167916 78177917 7a167b16 7a177b17 
00002ee0: 7c147d14 7c157d15 7e147f14 7e157f15 
00002ef0: 7c167d16 7c177d17 7e167f16 7e177f17 
00002f00: 70187118 70197119 72187318 72197319 
00002f10: 701a711a 701b711b 721a731a 721b731b 
00002f20: 74187518 74197519 76187718 76197719 
00002f30: 741a751a 741b751b 761a771a 761b771b 
00002f40: 701c711c 701d711d 721c731c 721d731d 
00002f50: 701e711e 701f711f 721e731e 721f731f 
00002f60: 741c751c 741d751d 761c771c 761d771d 
00002f70: 741e751e 741f751f 761e771e 761f771f 
00002f80: 78187918 78197919 7a187b18 7a197b19 
00002f90: 781a791a 781b791b 7a1a7b1a 7a1b7b1b 
00002fa0: 7c187d18 7c197d19 7e187f18 7e197f19 
00002fb0: 7c1a7d1a 7c1b7d1b 7e1a7f1a 7e1b7f1b 
00002fc0: 781c791c 781d791d 7a1c7b1c 7a1d7b1d 
00002fd0: 781e791e 781f791f 7a1e7b1e 7a1f7b1f 
00002fe0: 7c1c7d1c 7c1d7d1d 7e1c7f1c 7e1d7f1d 
00002ff0: 7c1e7d1e 7c1f7d1f 7e1e7f1e 7e1f7f1f 
00003000: 40204120 40214121 42204320 42214321 
00003010: 40224122 40234123 42224322 42234323 
00003020: 44204520 44214521 46204720 46214721 
00003030: 44224522 44234523 46224722 46234723 
00003040: 40244124 40254125 42244324 42254325 
00003050: 40264126 40274127 42264326 42274327 
00003060: 44244524 44254525 46244724 46254725 
00003070: 44264526 44274527 46264726 46274727 
00003080: 48204920 48214921 4a204b20 4a214b21 
00003090: 48224922 48234923 4a224b22 4a234b23 
000030a0: 4c204d20 4c214d21 4e204f20 4e214f21 
000030b0: 4c224d22 4c234d23 4e224f22 4e234f23 
000030c0: 48244924 48254925 4a244b24 4a254b25 
000030d0: 48264926 48274927 4a264b26 4a274b27 
000030e0: 4c244d24 4c254d25 4e244f24 4e254f25 
000030f0: 4c264d26 4c274d27 4e264f26 4e274f27 
00003100: 40284128 40294129 42284328 42294329 
00003110: 402a412a 402b412b 422a432a 422b432b 
00003120: 44284528 44294529 46284728 46294729 
00003130: 442a452a 442b452b 462a472a 462b472b 
00003140: 402c412c 402d412d 422c432c 422d432d 
00003150: 402e412e 402f412f 422e432e 422f432f 
00003160: 442c452c 442d452d 462c472c 462d472d 
00003170: 442e452e 442f452f 462e472e 462f472f 
00003180: 48284928 48294929 4a284b28 4a294b29 
00003190: 482a492a 482b492b 4a2a4b2a 4a2b4b2b 
000031a0: 4c284d28 4c294d29 4e284f28 4e294f29 
000031b0: 4c2a4d2a 4c2b4d2b 4e2a4f2a 4e2b4f2b 
000031c0: 482c492c 482d492d 4a2c4b2c 4a2d4b2d 
000031d0: 482e492e 482f492f 4a2e4b2e 4a2f4b2f 
000031e0: 4c2c4d2c 4c2d4d2d 4e2c4f2c 4e2d4f2d 
000031f0: 4c2e4d2e 4c2f4d2f 4e2e4f2e 4e2f4f2f 
00003200: 50205120 50215121 52205320 52215321 
00003210: 50225122 50235123 52225322 52235323 
00003220: 54205520 54215521 56205720 56215721 
00003230: 54225522 54235523 56225722 56235723 
00003240: 50245124 50255125 52245324 52255325 
00003250: 50265126 50275127 52265326 52275327 
00003260: 54245524 54255525 56245724 56255725 
00003270: 54265526 54275527 56265726 56275727 
00003280: 58205920 58215921 5a205b20 5a215b21 
00003290: 58225922 58235923 5a225b22 5a235b23 
000032a0: 5c205d20 5c215d21 5e205f20 5e215f21 
000032b0: 5c225d22 5c235d23 5e225f22 5e235f23 
000032c0: 58245924 58255925 5a245b24 5a255b25 
000032d0: 58265926 58275927 5a265b26 5a275b27 
000032e0: 5c245d24 5c255d25 5e245f24 5e255f25 
000032f0: 5c265d26 5c275d27 5e265f26 5e275f27 
00003300: 50285128 50295129 52285328 52295329 
00003310: 502a512a 502b512b 522a532a 522b532b 
00003320: 54285528 54295529 56285728 56295729 
00003330: 542a552a 542b552b 562a572a 562b572b 
00003340: 502c512c 502d512d 522c532c 522d532d 
00003350: 502e512e 502f512f 522e532e 522f532f 
00003360: 542c552c 542d552d 562c572c 562d572d 
00003370: 542e552e 542f552f 562e572e 562f572f 
00003380: 58285928 58295929 5a285b28 5a295b29 
00003390: 582a592a 582b592b 5a2a5b2a 5a2b5b2b 
000033a0: 5c285d28 5c295d29 5e285f28 5e295f29 
000033b0: 5c2a5d2a 5c2b5d2b 5e2a5f2a 5e2b5f2b 
000033c0: 582c592c 582d592d 5a2c5b2c 5a2d5b2d 
000033d0: 582e592e 582f592f 5a2e5b2e 5a2f5b2f 
000033e0: 5c2c5d2c 5c2d5d2d 5e2c5f2c 5e2d5f2d 
000033f0: 5c2e5d2e 5c2f5d2f 5e2e5f2e 5e2f5f2f 
00003400: 40304130 40314131 42304330 42314331 
00003410: 40324132 40334133 42324332 42334333 
00003420: 44304530 44314531 46304730 46314731 
00003430: 44324532 44334533 46324732 46334733 
00003440: 40344134 40354135 42344334 42354335 
00003450: 40364136 40374137 42364336 42374337 
00003460: 44344534 44354535 46344734 46354735 
00003470: 44364536 44374537 46364736 46374737 
00003480: 48304930 48314931 4a304b30 4a314b31 
00003490: 48324932 48334933 4a324b32 4a334b33 
000034a0: 4c304d30 4c314d31 4e304f30 4e314f31 
000034b0: 4c324d32 4c334d33 4e324f32 4e334f33 
000034c0: 48344934 48354935 4a344b34 4a354b35 
000034d0: 48364936 48374937 4a364b36 4a374b37 
000034e0: 4c344d34 4c354d35 4e344f34 4e354f35 
000034f0: 4c364d36 4c374d37 4e364f36 4e374f37 
00003500: 40384138 40394139 42384338 42394339 
00003510: 403a413a 403b413b 423a433a 423b433b 
00003520: 44384538 44394539 46384738 46394739 
00003530: 443a453a 443b453b 463a473a 463b473b 
00003540: 403c413c 403d413d 423c433c 423d433d 
00003550: 403e413e 403f413f 423e433e 423f433f 
00003560: 443c453c 443d453d 463c473c 463d473d 
00003570: 443e453e 443f453f 463e473e 463f473f 
00003580: 48384938 48394939 4a384b38 4a394b39 
00003590: 483a493a 483b493b 4a3a4b3a 4a3b4b3b 
000035a0: 4c384d38 4c394d39 4e384f38 4e394f39 
000035b0: 4c3a4d3a 4c3b4d3b 4e3a4f3a 4e3b4f3b 
000035c0: 483c493c 483d493d 4a3c4b3c 4a3d4b3d 
000035d0: 483e493e 483f493f 4a3e4b3e 4a3f4b3f 
000035e0: 4c3c4d3c 4c3d4d3d 4e3c4f3c 4e3d4f3d 
000035f0: 4c3e4d3e 4c3f4d3f 4e3e4f3e 4e3f4f3f 
00003600: 50305130 50315131 52305330 52315331 
00003610: 50325132 50335133 52325332 52335333 
00003620: 54305530 54315531 56305730 56315731 
00003630: 54325532 54335533 56325732 56335733 
00003640: 50345134 50355135 52345334 52355335 
00003650: 50365136 50375137 52365336 52375337 
00003660: 54345534 54355535 56345734 56355735 
00003670: 54365536 54375537 56365736 56375737 
00003680: 58305930 58315931 5a305b30 5a315b31 
00003690: 58325932 58335933 5a325b32 5a335b33 
000036a0: 5c305d30 5c315d31 5e305f30 5e315f31 
000036b0: 5c325d32 5c335d33 5e325f32 5e335f33 
000036c0: 58345934 58355935 5a345b34 5a355b35 
000036d0: 58365936 58375937 5a365b36 5a375b37 
000036e0: 5c345d34 5c355d35 5e345f34 5e355f35 
000036f0: 5c365d36 5c375d37 5e365f36 5e375f37 
00003700: 50385138 50395139 52385338 52395339 
00003710: 503a513a 503b513b 523a533a 523b533b 
00003720: 54385538 54395539 56385738 56395739 
00003730: 543a553a 543b553b 563a573a 563b573b 
00003740: 503c513c 503d513d 523c533c 523d533d 
00003750: 503e513e 503f513f 523e533e 523f533f 
00003760: 543c553c 543d553d 563c573c 563d573d 
00003770: 543e553e 543f553f 563e573e 563f573f 
00003780: 58385938 58395939 5a385b38 5a395b39 
00003790: 583a593a 583b593b 5a3a5b3a 5a3b5b3b 
000037a0: 5c385d38 5c395d39 5e385f38 5e395f39 
000037b0: 5c3a5d3a 5c3b5d3b 5e3a5f3a 5e3b5f3b 
000037c0: 583c593c 583d593d 5a3c5b3c 5a3d5b3d 
000037d0: 583e593e 583f593f 5a3e5b3e 5a3f5b3f 
000037e0: 5c3c5d3c 5c3d5d3d 5e3c5f3c 5e3d5f3d 
000037f0: 5c3e5d3e 5c3f5d3f 5e3e5f3e 5e3f5f3f 
00003800: 60206120 60216121 62206320 62216321 
00003810: 60226122 60236123 62226322 62236323 
00003820: 64206520 64216521 66206720 66216721 
00003830: 64226522 64236523 66226722 66236723 
00003840: 60246124 60256125 62246324 62256325 
00003850: 60266126 60276127 62266326 62276327 
00003860: 64246524 64256525 66246724 66256725 
00003870: 64266526 64276527 66266726 66276727 
00003880: 68206920 68216921 6a206b20 6a216b21 
00003890: 68226922 68236923 6a226b22 6a236b23 
000038a0: 6c206d20 6c216d21 6e206f20 6e216f21 
000038b0: 6c226d22 6c236d23 6e226f22 6e236f23 
000038c0: 68246924 68256925 6a246b24 6a256b25 
000038d0: 68266926 68276927 6a266b26 6a276b27 
000038e0: 6c246d24 6c256d25 6e246f24 6e256f25 
000038f0: 6c266d26 6c276d27 6e266f26 6e276f27 
00003900: 60286128 60296129 62286328 62296329 
00003910: 602a612a 602b612b 622a632a 622b632b 
00003920: 64286528 64296529 66286728 66296729 
00003930: 642a652a 642b652b 662a672a 662b672b 
00003940: 602c612c 602d612d 622c632c 622d632d 
00003950: 602e612e 602f612f 622e632e 622f632f 
00003960: 642c652c 642d652d 662c672c 662d672d 
00003970: 642e652e 642f652f 662e672e 662f672f 
00003980: 68286928 68296929 6a286b28 6a296b29 
00003990: 682a692a 682b692b 6a2a6b2a 6a2b6b2b 
000039a0: 6c286d28 6c296d29 6e286f28 6e296f29 
000039b0: 6c2a6d2a 6c2b6d2b 6e2a6f2a 6e2b6f2b 
000039c0: 682c692c 682d692d 6a2c6b2c 6a2d6b2d 
000039d0: 682e692e 682f692f 6a2e6b2e 6a2f6b2f 
000039e0: 6c2c6d2c 6c2d6d2d 6e2c6f2c 6e2d6f2d 
000039f0: 6c2e6d2e 6c2f6d2f 6e2e6f2e 6e2f6f2f 
00003a00: 70207120 70217121 72207320 72217321 
00003a10: 70227122 70237123 72227322 72237323 
00003a20: 74207520 74217521 76207720 76217721 
00003a30: 74227522 74237523 76227722 76237723 
00003a40: 70247124 70257125 72247324 72257325 
00003a50: 70267126 70277127 72267326 72277327 
00003a60: 74247524 74257525 76247724 76257725 
00003a70: 74267526 74277527 76267726 76277727 
00003a80: 78207920 78217921 7a207b20 7a217b21 
00003a90: 78227922 78237923 7a227b22 7a237b23 
00003aa0: 7c207d20 7c217d21 7e207f20 7e217f21 
00003ab0: 7c227d22 7c237d23 7e227f22 7e237f23 
00003ac0: 78247924 78257925 7a247b24 7a257b25 
00003ad0: 78267926 78277927 7a267b26 7a277b27 
00003ae0: 7c247d24 7c257d25 7e247f24 7e257f25 
00003af0: 7c267d26 7c277d27 7e267f26 7e277f27 
00003b00: 70287128 70297129 72287328 72297329 
00003b10: 702a712a 702b712b 722a732a 722b732b 
00003b20: 74287528 74297529 76287728 76297729 
00003b30: 742a752a 742b752b 762a772a 762b772b 
00003b40: 702c712c 702d712d 722c732c 722d732d 
00003b50: 702e712e 702f712f 722e732e 722f732f 
00003b60: 742c752c 742d752d 762c772c 762d772d 
00003b70: 742e752e 742f752f 762e772e 762f772f 
00003b80: 78287928 78297929 7a287b28 7a297b29 
00003b90: 782a792a 782b792b 7a2a7b2a 7a2b7b2b 
00003ba0: 7c287d28 7c297d29 7e287f28 7e297f29 
00003bb0: 7c2a7d2a 7c2b7d2b 7e2a7f2a 7e2b7f2b 
00003bc0: 782c792c 782d792d 7a2c7b2c 7a2d7b2d 
00003bd0: 782e792e 782f792f 7a2e7b2e 7a2f7b2f 
00003be0: 7c2c7d2c 7c2d7d2d 7e2c7f2c 7e2d7f2d 
00003bf0: 7c2e7d2e 7c2f7d2f 7e2e7f2e 7e2f7f2f 
00003c00: 60306130 60316131 62306330 62316331 
00003c10: 60326132 60336133 62326332 62336333 
00003c20: 64306530 64316531 66306730 66316731 
00003c30: 64326532 64336533 66326732 66336733 
00003c40: 60346134 60356135 62346334 62356335 
00003c50: 60366136 60376137 62366336 62376337 
00003c60: 64346534 64356535 66346734 66356735 
00003c70: 64366536 64376537 66366736 66376737 
00003c80: 68306930 68316931 6a306b30 6a316b31 
00003c90: 68326932 68336933 6a326b32 6a336b33 
00003ca0: 6c306d30 6c316d31 6e306f30 6e316f31 
00003cb0: 6c326d32 6c336d33 6e326f32 6e336f33 
00003cc0: 68346934 68356935 6a346b34 6a356b35 
00003cd0: 68366936 68376937 6a366b36 6a376b37 
00003ce0: 6c346d34 6c356d35 6e346f34 6e356f35 
00003cf0: 6c366d36 6c376d37 6e366f36 6e376f37 
00003d00: 60386138 60396139 62386338 62396339 
00003d10: 603a613a 603b613b 623a633a 623b633b 
00003d20: 64386538 64396539 66386738 66396739 
00003d30: 643a653a 643b653b 663a673a 663b673b 
00003d40: 603c613c 603d613d 623c633c 623d633d 
00003d50: 603e613e 603f613f 623e633e 623f633f 
00003d60: 643c653c 643d653d 663c673c 663d673d 
00003d70: 643e653e 643f653f 663e673e 663f673f 
00003d80: 68386938 68396939 6a386b38 6a396b39 
00003d90: 683a693a 683b693b 6a3a6b3a 6a3b6b3b 
00003da0: 6c386d38 6c396d39 6e386f38 6e396f39 
00003db0: 6c3a6d3a 6c3b6d3b 6e3a6f3a 6e3b6f3b 
00003dc0: 683c693c 683d693d 6a3c6b3c 6a3d6b3d 
00003dd0: 683e693e 683f693f 6a3e6b3e 6a3f6b3f 
00003de0: 6c3c6d3c 6c3d6d3d 6e3c6f3c 6e3d6f3d 
00003df0: 6c3e6d3e 6c3f6d3f 6e3e6f3e 6e3f6f3f 
00003e00: 70307130 70317131 72307330 72317331 
00003e10: 70327132 70337133 72327332 72337333 
00003e20: 74307530 74317531 76307730 76317731 
00003e30: 74327532 74337533 76327732 76337733 
00003e40: 70347134 70357135 72347334 72357335 
00003e50: 70367136 70377137 72367336 72377337 
00003e60: 74347534 74357535 76347734 76357735 
00003e70: 74367536 74377537 76367736 76377737 
00003e80: 78307930 78317931 7a307b30 7a317b31 
00003e90: 78327932 78337933 7a327b32 7a337b33 
00003ea0: 7c307d30 7c317d31 7e307f30 7e317f31 
00003eb0: 7c327d32 7c337d33 7e327f32 7e337f33 
00003ec0: 78347934 78357935 7a347b34 7a357b35 
00003ed0: 78367936 78377937 7a367b36 7a377b37 
00003ee0: 7c347d34 7c357d35 7e347f34 7e357f35 
00003ef0: 7c367d36 7c377d37 7e367f36 7e377f37 
00003f00: 70387138 70397139 72387338 72397339 
00003f10: 703a713a 703b713b 723a733a 723b733b 
00003f20: 74387538 74397539 76387738 76397739 
00003f30: 743a753a 743b753b 763a773a 763b773b 
00003f40: 703c713c 703d713d 723c733c 723d733d 
00003f50: 703e713e 703f713f 723e733e 723f733f 
00003f60: 743c753c 743d753d 763c773c 763d773d 
00003f70: 743e753e 743f753f 763e773e 763f773f 
00003f80: 78387938 78397939 7a387b38 7a397b39 
00003f90: 783a793a 783b793b 7a3a7b3a 7a3b7b3b 
00003fa0: 7c387d38 7c397d39 7e387f38 7e397f39 
00003fb0: 7c3a7d3a 7c3b7d3b 7e3a7f3a 7e3b7f3b 
00003fc0: 783c793c 783d793d 7a3c7b3c 7a3d7b3d 
00003fd0: 783e793e 783f793f 7a3e7b3e 7a3f7b3f 
00003fe0: 7c3c7d3c 7c3d7d3d 7e3c7f3c 7e3d7f3d 
00003ff0: 7c3e7d3e 7c3f7d3f 7e3e7f3e 7e3f7f3f 
00004000: 80008100 80018101 82008300 82018301 
00004010: 80028102 80038103 82028302 82038303 
00004020: 84008500 84018501 86008700 86018701 
00004030: 84028502 84038503 86028702 86038703 
00004040: 80048104 80058105 82048304 82058305 
00004050: 80068106 80078107 82068306 82078307 
00004060: 84048504 84058505 86048704 86058705 
00004070: 84068506 84078507 86068706 86078707 
00004080: 88008900 88018901 8a008b00 8a018b01 
00004090: 88028902 88038903 8a028b02 8a038b03 
000040a0: 8c008d00 8c018d01 8e008f00 8e018f01 
000040b0: 8c028d02 8c038d03 8e028f02 8e038f03 
000040c0: 88048904 88058905 8a048b04 8a058b05 
000040d0: 88068906 88078907 8a068b06 8a078b07 
000040e0: 8c048d04 8c058d05 8e048f04 8e058f05 
000040f0: 8c068d06 8c078d07 8e068f06 8e078f07 
00004100: 80088108 80098109 82088308 82098309 
00004110: 800a810a 800b810b 820a830a 820b830b 
00004120: 84088508 84098509 86088708 86098709 
00004130: 840a850a 840b850b 860a870a 860b870b 
00004140: 800c810c 800d810d 820c830c 820d830d 
00004150: 800e810e 800f810f 820e830e 820f830f 
00004160: 840c850c 840d850d 860c870c 860d870d 
00004170: 840e850e 840f850f 860e870e 860f870f 
00004180: 88088908 88098909 8a088b08 8a098b09 
00004190: 880a890a 880b890b 8a0a8b0a 8a0b8b0b 
000041a0: 8c088d08 8c098d09 8e088f08 8e098f09 
000041b0: 8c0a8d0a 8c0b8d0b 8e0a8f0a 8e0b8f0b 
000041c0: 880c890c 880d890d 8a0c8b0c 8a0d8b0d 
000041d0: 880e890e 880f890f 8a0e8b0e 8a0f8b0f 
000041e0: 8c0c8d0c 8c0d8d0d 8e0c8f0c 8e0d8f0d 
000041f0: 8c0e8d0e 8c0f8d0f 8e0e8f0e 8e0f8f0f 
00004200: 90009100 90019101 92009300 92019301 
00004210: 90029102 90039103 92029302 92039303 
00004220: 94009500 94019501 96009700 96019701 
00004230: 94029502 94039503 96029702 96039703 
00004240: 90049104 90059105 92049304 92059305 
00004250: 90069106 90079107 92069306 92079307 
00004260: 94049504 94059505 96049704 96059705 
00004270: 94069506 94079507 96069706 96079707 
00004280: 98009900 98019901 9a009b00 9a019b01 
00004290: 98029902 98039903 9a029b02 9a039b03 
000042a0: 9c009d00 9c019d01 9e009f00 9e019f01 
000042b0: 9c029d02 9c039d03 9e029f02 9e039f03 
000042c0: 98049904 98059905 9a049b04 9a059b05 
000042d0: 98069906 98079907 9a069b06 9a079b07 
000042e0: 9c049d04 9c059d05 9e049f04 9e059f05 
000042f0: 9c069d06 9c079d07 9e069f06 9e079f07 
00004300: 90089108 90099109 92089308 92099309 
00004310: 900a910a 900b910b 920a930a 920b930b 
00004320: 94089508 94099509 96089708 96099709 
00004330: 940a950a 940b950b 960a970a 960b970b 
00004340: 900c910c 900d910d 920c930c 920d930d 
00004350: 900e910e 900f910f 920e930e 920f930f 
00004360: 940c950c 940d950d 960c970c 960d970d 
00004370: 940e950e 940f950f 960e970e 960f970f 
00004380: 98089908 98099909 9a089b08 9a099b09 
00004390: 980a990a 980b990b 9a0a9b0a 9a0b9b0b 
000043a0: 9c089d08 9c099d09 9e089f08 9e099f09 
000043b0: 9c0a9d0a 9c0b9d0b 9e0a9f0a 9e0b9f0b 
000043c0: 980c990c 980d990d 9a0c9b0c 9a0d9b0d 
000043d0: 980e990e 980f990f 9a0e9b0e 9a0f9b0f 
000043e0: 9c0c9d0c 9c0d9d0d 9e0c9f0c 9e0d9f0d 
000043f0: 9c0e9d0e 9c0f9d0f 9e0e9f0e 9e0f9f0f 
00004400: 80108110 80118111 82108310 82118311 
00004410: 80128112 80138113 82128312 82138313 
00004420: 84108510 84118511 86108710 86118711 
00004430: 84128512 84138513 86128712 86138713 
00004440: 80148114 80158115 82148314 82158315 
00004450: 80168116 80178117 82168316 82178317 
00004460: 84148514 84158515 86148714 86158715 
00004470: 84168516 84178517 86168716 86178717 
00004480: 88108910 88118911 8a108b10 8a118b11 
00004490: 88128912 88138913 8a128b12 8a138b13 
000044a0: 8c108d10 8c118d11 8e108f10 8e118f11 
000044b0: 8c128d12 8c138d13 8e128f12 8e138f13 
000044c0: 88148914 88158915 8a148b14 8a158b15 
000044d0: 88168916 88178917 8a168b16 8a178b17 
000044e0: 8c148d14 8c158d15 8e148f14 8e158f15 
000044f0: 8c168d16 8c178d17 8e168f16 8e178f17 
00004500: 80188118 80198119 82188318 82198319 
00004510: 801a811a 801b811b 821a831a 821b831b 
00004520: 84188518 84198519 86188718 86198719 
00004530: 841a851a 841b851b 861a871a 861b871b 
00004540: 801c811c 801d811d 821c831c 821d831d 
00004550: 801e811e 801f811f 821e831e 821f831f 
00004560: 841c851c 841d851d 861c871c 861d871d 
00004570: 841e851e 841f851f 861e871e 861f871f 
00004580: 88188918 88198919 8a188b18 8a198b19 
00004590: 881a891a 881b891b 8a1a8b1a 8a1b8b1b 
000045a0: 8c188d18 8c198d19 8e188f18 8e198f19 
000045b0: 8c1a8d1a 8c1b8d1b 8e1a8f1a 8e1b8f1b 
000045c0: 881c891c 881d891d 8a1c8b1c 8a1d8b1d 
000045d0: 881e891e 881f891f 8a1e8b1e 8a1f8b1f 
000045e0: 8c1c8d1c 8c1d8d1d 8e1c8f1c 8e1d8f1d 
000045f0: 8c1e8d1e 8c1f8d1f 8e1e8f1e 8e1f8f1f 
00004600: 90109110 90119111 92109310 92119311 
00004610: 90129112 90139113 92129312 92139313 
00004620: 94109510 94119511 96109710 96119711 
00004630: 94129512 94139513 96129712 96139713 
00004640: 90149114 90159115 92149314 92159315 
00004650: 90169116 90179117 92169316 92179317 
00004660: 94149514 94159515 96149714 96159715 
00004670: 94169516 94179517 96169716 96179717 
00004680: 98109910 98119911 9a109b10 9a119b11 
00004690: 98129912 98139913 9a129b12 9a139b13 
000046a0: 9c109d10 9c119d11 9e109f10 9e119f11 
000046b0: 9c129d12 9c139d13 9e129f12 9e139f13 
000046c0: 98149914 98159915 9a149b14 9a159b15 
000046d0: 98169916 98179917 9a169b16 9a179b17 
000046e0: 9c149d14 9c159d15 9e149f14 9e159f15 
000046f0: 9c169d16 9c179d17 9e169f16 9e179f17 
00004700: 90189118 90199119 92189318 92199319 
00004710: 901a911a 901b911b 921a931a 921b931b 
00004720: 94189518 94199519 96189718 96199719 
00004730: 941a951a 941b951b 961a971a 961b971b 
00004740: 901c911c 901d911d 921c931c 921d931d 
00004750: 901e911e 901f911f 921e931e 921f931f 
00004760: 941c951c 941d951d 961c971c 961d971d 
00004770: 941e951e 941f951f 961e971e 961f971f 
00004780: 98189918 98199919 9a189b18 9a199b19 
00004790: 981a991a 981b991b 9a1a9b1a 9a1b9b1b 
000047a0: 9c189d18 9c199d19 9e189f18 9e199f19 
000047b0: 9c1a9d1a 9c1b9d1b 9e1a9f1a 9e1b9f1b 
000047c0: 981c991c 981d991d 9a1c9b1c 9a1d9b1d 
000047d0: 981e991e 981f991f 9a1e9b1e 9a1f9b1f 
000047e0: 9c1c9d1c 9c1d9d1d 9e1c9f1c 9e1d9f1d 
000047f0: 9c1e9d1e 9c1f9d1f 9e1e9f1e 9e1f9f1f 
00004800: a000a100 a001a101 a200a300 a201a301 
00004810: a002a102 a003a103 a202a302 a203a303 
00004820: a400a500 a401a501 a600a700 a601a701 
00004830: a402a502 a403a503 a602a702 a603a703 
00004840: a004a104 a005a105 a204a304 a205a305 
00004850: a006a106 a007a107 a206a306 a207a307 
00004860: a404a504 a405a505 a604a704 a605a705 
00004870: a406a506 a407a507 a606a706 a607a707 
00004880: a800a900 a801a901 aa00ab00 aa01ab01 
00004890: a802a902 a803a903 aa02ab02 aa03ab03 
000048a0: ac00ad00 ac01ad01 ae00af00 ae01af01 
000048b0: ac02ad02 ac03ad03 ae02af02 ae03af03 
000048c0: a804a904 a805a905 aa04ab04 aa05ab05 
000048d0: a806a906 a807a907 aa06ab06 aa07ab07 
000048e0: ac04ad04 ac05ad05 ae04af04 ae05af05 
000048f0: ac06ad06 ac07ad07 ae06af06 ae07af07 
00004900: a008a108 a009a109 a208a308 a209a309 
00004910: a00aa10a a00ba10b a20aa30a a20ba30b 
00004920: a408a508 a409a509 a608a708 a609a709 
00004930: a40aa50a a40ba50b a60aa70a a60ba70b 
00004940: a00ca10c a00da10d a20ca30c a20da30d 
00004950: a00ea10e a00fa10f a20ea30e a20fa30f 
00004960: a40ca50c a40da50d a60ca70c a60da70d 
00004970: a40ea50e a40fa50f a60ea70e a60fa70f 
00004980: a808a908 a809a909 aa08ab08 aa09ab09 
00004990: a80aa90a a80ba90b aa0aab0a aa0bab0b 
000049a0: ac08ad08 ac09ad09 ae08af08 ae09af09 
000049b0: ac0aad0a ac0bad0b ae0aaf0a ae0baf0b 
000049c0: a80ca90c a80da90d aa0cab0c aa0dab0d 
000049d0: a80ea90e a80fa90f aa0eab0e aa0fab0f 
000049e0: ac0cad0c ac0dad0d ae0caf0c ae0daf0d 
000049f0: ac0ead0e ac0fad0f ae0eaf0e ae0faf0f 
00004a00: b000b100 b001b101 b200b300 b201b301 
00004a10: b002b102 b003b103 b202b302 b203b303 
00004a20: b400b500 b401b501 b600b700 b601b701 
00004a30: b402b502 b403b503 b602b702 b603b703 
00004a40: b004b104 b005b105 b204b304 b205b305 
00004a50: b006b106 b007b107 b206b306 b207b307 
00004a60: b404b504 b405b505 b604b704 b605b705 
00004a70: b406b506 b407b507 b606b706 b607b707 
00004a80: b800b900 b801b901 ba00bb00 ba01bb01 
00004a90: b802b902 b803b903 ba02bb02 ba03bb03 
00004aa0: bc00bd00 bc01bd01 be00bf00 be01bf01 
00004ab0: bc02bd02 bc03bd03 be02bf02 be03bf03 
00004ac0: b804b904 b805b905 ba04bb04 ba05bb05 
00004ad0: b806b906 b807b907 ba06bb06 ba07bb07 
00004ae0: bc04bd04 bc05bd05 be04bf04 be05bf05 
00004af0: bc06bd06 bc07bd07 be06bf06 be07bf07 
00004b00: b008b108 b009b109 b208b308 b209b309 
00004b10: b00ab10a b00bb10b b20ab30a b20bb30b 
00004b20: b408b508 b409b509 b608b708 b609b709 
00004b30: b40ab50a b40bb50b b60ab70a b60bb70b 
00004b40: b00cb10c b00db10d b20cb30c b20db30d 
00004b50: b00eb10e b00fb10f b20eb30e b20fb30f 
00004b60: b40cb50c b40db50d b60cb70c b60db70d 
00004b70: b40eb50e b40fb50f b60eb70e b60fb70f 
00004b80: b808b908 b809b909 ba08bb08 ba09bb09 
00004b90: b80ab90a b80bb90b ba0abb0a ba0bbb0b 
00004ba0: bc08bd08 bc09bd09 be08bf08 be09bf09 
00004bb0: bc0abd0a bc0bbd0b be0abf0a be0bbf0b 
00004bc0: b80cb90c b80db90d ba0cbb0c ba0dbb0d 
00004bd0: b80eb90e b80fb90f ba0ebb0e ba0fbb0f 
00004be0: bc0cbd0c bc0dbd0d be0cbf0c be0dbf0d 
00004bf0: bc0ebd0e bc0fbd0f be0ebf0e be0fbf0f 
00004c00: a010a110 a011a111 a210a310 a211a311 
00004c10: a012a112 a013a113 a212a312 a213a313 
00004c20: a410a510 a411a511 a610a710 a611a711 
00004c30: a412a512 a413a513 a612a712 a613a713 
00004c40: a014a114 a015a115 a214a314 a215a315 
00004c50: a016a116 a017a117 a216a316 a217a317 
00004c60: a414a514 a415a515 a614a714 a615a715 
00004c70: a416a516 a417a517 a616a716 a617a717 
00004c80: a810a910 a811a911 aa10ab10 aa11ab11 
00004c90: a812a912 a813a913 aa12ab12 aa13ab13 
00004ca0: ac10ad10 ac11ad11 ae10af10 ae11af11 
00004cb0: ac12ad12 ac13ad13 ae12af12 ae13af13 
00004cc0: a814a914 a815a915 aa14ab14 aa15ab15 
00004cd0: a816a916 a817a917 aa16ab16 aa17ab17 
00004ce0: ac14ad14 ac15ad15 ae14af14 ae15af15 
00004cf0: ac16ad16 ac17ad17 ae16af16 ae17af17 
00004d00: a018a118 a019a119 a218a318 a219a319 
00004d10: a01aa11a a01ba11b a21aa31a a21ba31b 
00004d20: a418a518 a419a519 a618a718 a619a719 
00004d30: a41aa51a a41ba51b a61aa71a a61ba71b 
00004d40: a01ca11c a01da11d a21ca31c a21da31d 
00004d50: a01ea11e a01fa11f a21ea31e a21fa31f 
00004d60: a41ca51c a41da51d a61ca71c a61da71d 
00004d70: a41ea51e a41fa51f a61ea71e a61fa71f 
00004d80: a818a918 a819a919 aa18ab18 aa19ab19 
00004d90: a81aa91a a81ba91b aa1aab1a aa1bab1b 
00004da0: ac18ad18 ac19ad19 ae18af18 ae19af19 
00004db0: ac1aad1a ac1bad1b ae1aaf1a ae1baf1b 
00004dc0: a81ca91c a81da91d aa1cab1c aa1dab1d 
00004dd0: a81ea91e a81fa91f aa1eab1e aa1fab1f 
00004de0: ac1cad1c ac1dad1d ae1caf1c ae1daf1d 
00004df0: ac1ead1e ac1fad1f ae1eaf1e ae1faf1f 
00004e00: b010b110 b011b111 b210b310 b211b311 
00004e10: b012b112 b013b113 b212b312 b213b313 
00004e20: b410b510 b411b511 b610b710 b611b711 
00004e30: b412b512 b413b513 b612b712 b613b713 
00004e40: b014b114 b015b115 b214b314 b215b315 
00004e50: b016b116 b017b117 b216b316 b217b317 
00004e60: b414b514 b415b515 b614b714 b615b715 
00004e70: b416b516 b417b517 b616b716 b617b717 
00004e80: b810b910 b811b911 ba10bb10 ba11bb11 
00004e90: b812b912 b813b913 ba12bb12 ba13bb13 
00004ea0: bc10bd10 bc11bd11 be10bf10 be11bf11 
00004eb0: bc12bd12 bc13bd13 be12bf12 be13bf13 
00004ec0: b814b914 b815b915 ba14bb14 ba15bb15 
00004ed0: b816b916 b817b917 ba16bb16 ba17bb17 
00004ee0: bc14bd14 bc15bd15 be14bf14 be15bf15 
00004ef0: bc16bd16 bc17bd17 be16bf16 be17bf17 
00004f00: b018b118 b019b119 b218b318 b219b319 
00004f10: b01ab11a b01bb11b b21ab31a b21bb31b 
00004f20: b418b518 b419b519 b618b718 b619b719 
00004f30: b41ab51a b41bb51b b61ab71a b61bb71b 
00004f40: b01cb11c b01db11d b21cb31c b21db31d 
00004f50: b01eb11e b01fb11f b21eb31e b21fb31f 
00004f60: b41cb51c b41db51d b61cb71c b61db71d 
00004f70: b41eb51e b41fb51f b61eb71e b61fb71f 
00004f80: b818b918 b819b919 ba18bb18 ba19bb19 
00004f90: b81ab91a b81bb91b ba1abb1a ba1bbb1b 
00004fa0: bc18bd18 bc19bd19 be18bf18 be19bf19 
00004fb0: bc1abd1a bc1bbd1b be1abf1a be1bbf1b 
00004fc0: b81cb91c b81db91d ba1cbb1c ba1dbb1d 
00004fd0: b81eb91e b81fb91f ba1ebb1e ba1fbb1f 
00004fe0: bc1cbd1c bc1dbd1d be1cbf1c be1dbf1d 
00004ff0: bc1ebd1e bc1fbd1f be1ebf1e be1fbf1f 
00005000: 80208120 80218121 82208320 82218321 
00005010: 80228122 80238123 82228322 82238323 
00005020: 84208520 84218521 86208720 86218721 
00005030: 84228522 84238523 86228722 86238723 
00005040: 80248124 80258125 82248324 82258325 
00005050: 80268126 80278127 82268326 82278327 
00005060: 84248524 84258525 86248724 86258725 
00005070: 84268526 84278527 86268726 86278727 
00005080: 88208920 88218921 8a208b20 8a218b21 
00005090: 88228922 88238923 8a228b22 8a238b23 
000050a0: 8c208d20 8c218d21 8e208f20 8e218f21 
000050b0: 8c228d22 8c238d23 8e228f22 8e238f23 
000050c0: 88248924 88258925 8a248b24 8a258b25 
000050d0: 88268926 88278927 8a268b26 8a278b27 
000050e0: 8c248d24 8c258d25 8e248f24 8e258f25 
000050f0: 8c268d26 8c278d27 8e268f26 8e278f27 
00005100: 80288128 80298129 82288328 82298329 
00005110: 802a812a 802b812b 822a832a 822b832b 
00005120: 84288528 84298529 86288728 86298729 
00005130: 842a852a 842b852b 862a872a 862b872b 
00005140: 802c812c 802d812d 822c832c 822d832d 
00005150: 802e812e 802f812f 822e832e 822f832f 
00005160: 842c852c 842d852d 862c872c 862d872d 
00005170: 842e852e 842f852f 862e872e 862f872f 
00005180: 88288928 88298929 8a288b28 8a298b29 
00005190: 882a892a 882b892b 8a2a8b2a 8a2b8b2b 
000051a0: 8c288d28 8c298d29 8e288f28 8e298f29 
000051b0: 8c2a8d2a 8c2b8d2b 8e2a8f2a 8e2b8f2b 
000051c0: 882c892c 882d892d 8a2c8b2c 8a2d8b2d 
000051d0: 882e892e 882f892f 8a2e8b2e 8a2f8b2f 
000051e0: 8c2c8d2c 8c2d8d2d 8e2c8f2c 8e2d8f2d 
000051f0: 8c2e8d2e 8c2f8d2f 8e2e8f2e 8e2f8f2f 
00005200: 90209120 90219121 92209320 92219321 
00005210: 90229122 90239123 92229322 92239323 
00005220: 94209520 94219521 96209720 96219721 
00005230: 94229522 94239523 96229722 96239723 
00005240: 90249124 90259125 92249324 92259325 
00005250: 90269126 90279127 92269326 92279327 
00005260: 94249524 94259525 96249724 96259725 
00005270: 94269526 94279527 96269726 96279727 
00005280: 98209920 98219921 9a209b20 9a219b21 
00005290: 98229922 98239923 9a229b22 9a239b23 
000052a0: 9c209d20 9c219d21 9e209f20 9e219f21 
000052b0: 9c229d22 9c239d23 9e229f22 9e239f23 
000052c0: 98249924 98259925 9a249b24 9a259b25 
000052d0: 98269926 98279927 9a269b26 9a279b27 
000052e0: 9c249d24 9c259d25 9e249f24 9e259f25 
000052f0: 9c269d26 9c279d27 9e269f26 9e279f27 
00005300: 90289128 90299129 92289328 92299329 
00005310: 902a912a 902b912b 922a932a 922b932b 
00005320: 94289528 94299529 96289728 96299729 
00005330: 942a952a 942b952b 962a972a 962b972b 
00005340: 902c912c 902d912d 922c932c 922d932d 
00005350: 902e912e 902f912f 922e932e 922f932f 
00005360: 942c952c 942d952d 962c972c 962d972d 
00005370: 942e952e 942f952f 962e972e 962f972f 
00005380: 98289928 98299929 9a289b28 9a299b29 
00005390: 982a992a 982b992b 9a2a9b2a 9a2b9b2b 
000053a0: 9c289d28 9c299d29 9e289f28 9e299f29 
000053b0: 9c2a9d2a 9c2b9d2b 9e2a9f2a 9e2b9f2b 
000053c0: 982c992c 982d992d 9a2c9b2c 9a2d9b2d 
000053d0: 982e992e 982f992f 9a2e9b2e 9a2f9b2f 
000053e0: 9c2c9d2c 9c2d9d2d 9e2c9f2c 9e2d9f2d 
000053f0: 9c2e9d2e 9c2f9d2f 9e2e9f2e 9e2f9f2f 
00005400: 80308130 80318131 82308330 82318331 
00005410: 80328132 80338133 82328332 82338333 
00005420: 84308530 84318531 86308730 86318731 
00005430: 84328532 84338533 86328732 86338733 
00005440: 80348134 80358135 82348334 82358335 
00005450: 80368136 80378137 82368336 82378337 
00005460: 84348534 84358535 86348734 86358735 
00005470: 84368536 84378537 86368736 86378737 
00005480: 88308930 88318931 8a308b30 8a318b31 
00005490: 88328932 88338933 8a328b32 8a338b33 
000054a0: 8c308d30 8c318d31 8e308f30 8e318f31 
000054b0: 8c328d32 8c338d33 8e328f32 8e338f33 
000054c0: 88348934 88358935 8a348b34 8a358b35 
000054d0: 88368936 88378937 8a368b36 8a378b37 
000054e0: 8c348d34 8c358d35 8e348f34 8e358f35 
000054f0: 8c368d36 8c378d37 8e368f36 8e378f37 
00005500: 80388138 80398139 82388338 82398339 
00005510: 803a813a 803b813b 823a833a 823b833b 
00005520: 84388538 84398539 86388738 86398739 
00005530: 843a853a 843b853b 863a873a 863b873b 
00005540: 803c813c 803d813d 823c833c 823d833d 
00005550: 803e813e 803f813f 823e833e 823f833f 
00005560: 843c853c 843d853d 863c873c 863d873d 
00005570: 843e853e 843f853f 863e873e 863f873f 
00005580: 88388938 88398939 8a388b38 8a398b39 
00005590: 883a893a 883b893b 8a3a8b3a 8a3b8b3b 
000055a0: 8c388d38 8c398d39 8e388f38 8e398f39 
000055b0: 8c3a8d3a 8c3b8d3b 8e3a8f3a 8e3b8f3b 
000055c0: 883c893c 883d893d 8a3c8b3c 8a3d8b3d 
000055d0: 883e893e 883f893f 8a3e8b3e 8a3f8b3f 
000055e0: 8c3c8d3c 8c3d8d3d 8e3c8f3c 8e3d8f3d 
000055f0: 8c3e8d3e 8c3f8d3f 8e3e8f3e 8e3f8f3f 
00005600: 90309130 90319131 92309330 92319331 
00005610: 90329132 90339133 92329332 92339333 
00005620: 94309530 94319531 96309730 96319731 
00005630: 94329532 94339533 96329732 96339733 
00005640: 90349134 90359135 92349334 92359335 
00005650: 90369136 90379137 92369336 92379337 
00005660: 94349534 94359535 96349734 96359735 
00005670: 94369536 94379537 96369736 96379737 
00005680: 98309930 98319931 9a309b30 9a319b31 
00005690: 98329932 98339933 9a329b32 9a339b33 
000056a0: 9c309d30 9c319d31 9e309f30 9e319f31 
000056b0: 9c329d32 9c339d33 9e329f32 9e339f33 
000056c0: 98349934 98359935 9a349b34 9a359b35 
000056d0: 98369936 98379937 9a369b36 9a379b37 
000056e0: 9c349d34 9c359d35 9e349f34 9e359f35 
000056f0: 9c369d36 9c379d37 9e369f36 9e379f37 
00005700: 90389138 90399139 92389338 92399339 
00005710: 903a913a 903b913b 923a933a 923b933b 
00005720: 94389538 94399539 96389738 96399739 
00005730: 943a953a 943b953b 963a973a 963b973b 
00005740: 903c913c 903d913d 923c933c 923d933d 
00005750: 903e913e 903f913f 923e933e 923f933f 
00005760: 943c953c 943d953d 963c973c 963d973d 
00005770: 943e953e 943f953f 963e973e 963f973f 
00005780: 98389938 98399939 9a389b38 9a399b39 
00005790: 983a993a 983b993b 9a3a9b3a 9a3b9b3b 
000057a0: 9c389d38 9c399d39 9e389f38 9e399f39 
000057b0: 9c3a9d3a 9c3b9d3b 9e3a9f3a 9e3b9f3b 
000057c0: 983c993c 983d993d 9a3c9b3c 9a3d9b3d 
000057d0: 983e993e 983f993f 9a3e9b3e 9a3f9b3f 
000057e0: 9c3c9d3c 9c3d9d3d 9e3c9f3c 9e3d9f3d 
000057f0: 9c3e9d3e 9c3f9d3f 9e3e9f3e 9e3f9f3f 
00005800: a020a120 a021a121 a220a320 a221a321 
00005810: a022a122 a023a123 a222a322 a223a323 
00005820: a420a520 a421a521 a620a720 a621a721 
00005830: a422a522 a423a523 a622a722 a623a723 
00005840: a024a124 a025a125 a224a324 a225a325 
00005850: a026a126 a027a127 a226a326 a227a327 
00005860: a424a524 a425a525 a624a724 a625a725 
00005870: a426a526 a427a527 a626a726 a627a727 
00005880: a820a920 a821a921 aa20ab20 aa21ab21 
00005890: a822a922 a823a923 aa22ab22 aa23ab23 
000058a0: ac20ad20 ac21ad21 ae20af20 ae21af21 
000058b0: ac22ad22 ac23ad23 ae22af22 ae23af23 
000058c0: a824a924 a825a925 aa24ab24 aa25ab25 
000058d0: a826a926 a827a927 aa26ab26 aa27ab27 
000058e0: ac24ad24 ac25ad25 ae24af24 ae25af25 
000058f0: ac26ad26 ac27ad27 ae26af26 ae27af27 
00005900: a028a128 a029a129 a228a328 a229a329 
00005910: a02aa12a a02ba12b a22aa32a a22ba32b 
00005920: a428a528 a429a529 a628a728 a629a729 
00005930: a42aa52a a42ba52b a62aa72a a62ba72b 
00005940: a02ca12c a02da12d a22ca32c a22da32d 
00005950: a02ea12e a02fa12f a22ea32e a22fa32f 
00005960: a42ca52c a42da52d a62ca72c a62da72d 
00005970: a42ea52e a42fa52f a62ea72e a62fa72f 
00005980: a828a928 a829a929 aa28ab28 aa29ab29 
00005990: a82aa92a a82ba92b aa2aab2a aa2bab2b 
000059a0: ac28ad28 ac29ad29 ae28af28 ae29af29 
000059b0: ac2aad2a ac2bad2b ae2aaf2a ae2baf2b 
000059c0: a82ca92c a82da92d aa2cab2c aa2dab2d 
000059d0: a82ea92e a82fa92f aa2eab2e aa2fab2f 
000059e0: ac2cad2c ac2dad2d ae2caf2c ae2daf2d 
000059f0: ac2ead2e ac2fad2f ae2eaf2e ae2faf2f 
00005a00: b020b120 b021b121 b220b320 b221b321 
00005a10: b022b122 b023b123 b222b322 b223b323 
00005a20: b420b520 b421b521 b620b720 b621b721 
00005a30: b422b522 b423b523 b622b722 b623b723 
00005a40: b024b124 b025b125 b224b324 b225b325 
00005a50: b026b126 b027b127 b226b326 b227b327 
00005a60: b424b524 b425b525 b624b724 b625b725 
00005a70: b426b526 b427b527 b626b726 b627b727 
00005a80: b820b920 b821b921 ba20bb20 ba21bb21 
00005a90: b822b922 b823b923 ba22bb22 ba23bb23 
00005aa0: bc20bd20 bc21bd21 be20bf20 be21bf21 
00005ab0: bc22bd22 bc23bd23 be22bf22 be23bf23 
00005ac0: b824b924 b825b925 ba24bb24 ba25bb25 
00005ad0: b826b926 b827b927 ba26bb26 ba27bb27 
00005ae0: bc24bd24 bc25bd25 be24bf24 be25bf25 
00005af0: bc26bd26 bc27bd27 be26bf26 be27bf27 
00005b00: b028b128 b029b129 b228b328 b229b329 
00005b10: b02ab12a b02bb12b b22ab32a b22bb32b 
00005b20: b428b528 b429b529 b628b728 b629b729 
00005b30: b42ab52a b42bb52b b62ab72a b62bb72b 
00005b40: b02cb12c b02db12d b22cb32c b22db32d 
00005b50: b02eb12e b02fb12f b22eb32e b22fb32f 
00005b60: b42cb52c b42db52d b62cb72c b62db72d 
00005b70: b42eb52e b42fb52f b62eb72e b62fb72f 
00005b80: b828b928 b829b929 ba28bb28 ba29bb29 
00005b90: b82ab92a b82bb92b ba2abb2a ba2bbb2b 
00005ba0: bc28bd28 bc29bd29 be28bf28 be29bf29 
00005bb0: bc2abd2a bc2bbd2b be2abf2a be2bbf2b 
00005bc0: b82cb92c b82db92d ba2cbb2c ba2dbb2d 
00005bd0: b82eb92e b82fb92f ba2ebb2e ba2fbb2f 
00005be0: bc2cbd2c bc2dbd2d be2cbf2c be2dbf2d 
00005bf0: bc2ebd2e bc2fbd2f be2ebf2e be2fbf2f 
00005c00: a030a130 a031a131 a230a330 a231a331 
00005c10: a032a132 a033a133 a232a332 a233a333 
00005c20: a430a530 a431a531 a630a730 a631a731 
00005c30: a432a532 a433a533 a632a732 a633a733 
00005c40: a034a134 a035a135 a234a334 a235a335 
00005c50: a036a136 a037a137 a236a336 a237a337 
00005c60: a434a534 a435a535 a634a734 a635a735 
00005c70: a436a536 a437a537 a636a736 a637a737 
00005c80: a830a930 a831a931 aa30ab30 aa31ab31 
00005c90: a832a932 a833a933 aa32ab32 aa33ab33 
00005ca0: ac30ad30 ac31ad31 ae30af30 ae31af31 
00005cb0: ac32ad32 ac33ad33 ae32af32 ae33af33 
00005cc0: a834a934 a835a935 aa34ab34 aa35ab35 
00005cd0: a836a936 a837a937 aa36ab36 aa37ab37 
00005ce0: ac34ad34 ac35ad35 ae34af34 ae35af35 
00005cf0: ac36ad36 ac37ad37 ae36af36 ae37af37 
00005d00: a038a138 a039a139 a238a338 a239a339 
00005d10: a03aa13a a03ba13b a23aa33a a23ba33b 
00005d20: a438a538 a439a539 a638a738 a639a739 
00005d30: a43aa53a a43ba53b a63aa73a a63ba73b 
00005d40: a03ca13c a03da13d a23ca33c a23da33d 
00005d50: a03ea13e a03fa13f a23ea33e a23fa33f 
00005d60: a43ca53c a43da53d a63ca73c a63da73d 
00005d70: a43ea53e a43fa53f a63ea73e a63fa73f 
00005d80: a838a938 a839a939 aa38ab38 aa39ab39 
00005d90: a83aa93a a83ba93b aa3aab3a aa3bab3b 
00005da0: ac38ad38 ac39ad39 ae38af38 ae39af39 
00005db0: ac3aad3a ac3bad3b ae3aaf3a ae3baf3b 
00005dc0: a83ca93c a83da93d aa3cab3c aa3dab3d 
00005dd0: a83ea93e a83fa93f aa3eab3e aa3fab3f 
00005de0: ac3cad3c ac3dad3d ae3caf3c ae3daf3d 
00005df0: ac3ead3e ac3fad3f ae3eaf3e ae3faf3f 
00005e00: b030b130 b031b131 b230b330 b231b331 
00005e10: b032b132 b033b133 b232b332 b233b333 
00005e20: b430b530 b431b531 b630b730 b631b731 
00005e30: b432b532 b433b533 b632b732 b633b733 
00005e40: b034b134 b035b135 b234b334 b235b335 
00005e50: b036b136 b037b137 b236b336 b237b337 
00005e60: b434b534 b435b535 b634b734 b635b735 
00005e70: b436b536 b437b537 b636b736 b637b737 
00005e80: b830b930 b831b931 ba30bb30 ba31bb31 
00005e90: b832b932 b833b933 ba32bb32 ba33bb33 
00005ea0: bc30bd30 bc31bd31 be30bf30 be31bf31 
00005eb0: bc32bd32 bc33bd33 be32bf32 be33bf33 
00005ec0: b834b934 b835b935 ba34bb34 ba35bb35 
00005ed0: b836b936 b837b937 ba36bb36 ba37bb37 
00005ee0: bc34bd34 bc35bd35 be34bf34 be35bf35 
00005ef0: bc36bd36 bc37bd37 be36bf36 be37bf37 
00005f00: b038b138 b039b139 b238b338 b239b339 
00005f10: b03ab13a b03bb13b b23ab33a b23bb33b 
00005f20: b438b538 b439b539 b638b738 b639b739 
00005f30: b43ab53a b43bb53b b63ab73a b63bb73b 
00005f40: b03cb13c b03db13d b23cb33c b23db33d 
00005f50: b03eb13e b03fb13f b23eb33e b23fb33f 
00005f60: b43cb53c b43db53d b63cb73c b63db73d 
00005f70: b43eb53e b43fb53f b63eb73e b63fb73f 
00005f80: b838b938 b839b939 ba38bb38 ba39bb39 
00005f90: b83ab93a b83bb93b ba3abb3a ba3bbb3b 
00005fa0: bc38bd38 bc39bd39 be38bf38 be39bf39 
00005fb0: bc3abd3a bc3bbd3b be3abf3a be3bbf3b 
00005fc0: b83cb93c b83db93d ba3cbb3c ba3dbb3d 
00005fd0: b83eb93e b83fb93f ba3ebb3e ba3fbb3f 
00005fe0: bc3cbd3c bc3dbd3d be3cbf3c be3dbf3d 
00005ff0: bc3ebd3e bc3fbd3f be3ebf3e be3fbf3f 
00006000: c000c100 c001c101 c200c300 c201c301 
00006010: c002c102 c003c103 c202c302 c203c303 
00006020: c400c500 c401c501 c600c700 c601c701 
00006030: c402c502 c403c503 c602c702 c603c703 
00006040: c004c104 c005c105 c204c304 c205c305 
00006050: c006c106 c007c107 c206c306 c207c307 
00006060: c404c504 c405c505 c604c704 c605c705 
00006070: c406c506 c407c507 c606c706 c607c707 
00006080: c800c900 c801c901 ca00cb00 ca01cb01 
00006090: c802c902 c803c903 ca02cb02 ca03cb03 
000060a0: cc00cd00 cc01cd01 ce00cf00 ce01cf01 
000060b0: cc02cd02 cc03cd03 ce02cf02 ce03cf03 
000060c0: c804c904 c805c905 ca04cb04 ca05cb05 
000060d0: c806c906 c807c907 ca06cb06 ca07cb07 
000060e0: cc04cd04 cc05cd05 ce04cf04 ce05cf05 
000060f0: cc06cd06 cc07cd07 ce06cf06 ce07cf07 
00006100: c008c108 c009c109 c208c308 c209c309 
00006110: c00ac10a c00bc10b c20ac30a c20bc30b 
00006120: c408c508 c409c509 c608c708 c609c709 
00006130: c40ac50a c40bc50b c60ac70a c60bc70b 
00006140: c00cc10c c00dc10d c20cc30c c20dc30d 
00006150: c00ec10e c00fc10f c20ec30e c20fc30f 
00006160: c40cc50c c40dc50d c60cc70c c60dc70d 
00006170: c40ec50e c40fc50f c60ec70e c60fc70f 
00006180: c808c908 c809c909 ca08cb08 ca09cb09 
00006190: c80ac90a c80bc90b ca0acb0a ca0bcb0b 
000061a0: cc08cd08 cc09cd09 ce08cf08 ce09cf09 
000061b0: cc0acd0a cc0bcd0b ce0acf0a ce0bcf0b 
000061c0: c80cc90c c80dc90d ca0ccb0c ca0dcb0d 
000061d0: c80ec90e c80fc90f ca0ecb0e ca0fcb0f 
000061e0: cc0ccd0c cc0dcd0d ce0ccf0c ce0dcf0d 
000061f0: cc0ecd0e cc0fcd0f ce0ecf0e ce0fcf0f 
00006200: d000d100 d001d101 d200d300 d201d301 
00006210: d002d102 d003d103 d202d302 d203d303 
00006220: d400d500 d401d501 d600d700 d601d701 
00006230: d402d502 d403d503 d602d702 d603d703 
00006240: d004d104 d005d105 d204d304 d205d305 
00006250: d006d106 d007d107 d206d306 d207d307 
00006260: d404d504 d405d505 d604d704 d605d705 
00006270: d406d506 d407d507 d606d706 d607d707 
00006280: d800d900 d801d901 da00db00 da01db01 
00006290: d802d902 d803d903 da02db02 da03db03 
000062a0: dc00dd00 dc01dd01 de00df00 de01df01 
000062b0: dc02dd02 dc03dd03 de02df02 de03df03 
000062c0: d804d904 d805d905 da04db04 da05db05 
000062d0: d806d906 d807d907 da06db06 da07db07 
000062e0: dc04dd04 dc05dd05 de04df04 de05df05 
000062f0: dc06dd06 dc07dd07 de06df06 de07df07 
00006300: d008d108 d009d109 d208d308 d209d309 
00006310: d00ad10a d00bd10b d20ad30a d20bd30b 
00006320: d408d508 d409d509 d608d708 d609d709 
00006330: d40ad50a d40bd50b d60ad70a d60bd70b 
00006340: d00cd10c d00dd10d d20cd30c d20dd30d 
00006350: d00ed10e d00fd10f d20ed30e d20fd30f 
00006360: d40cd50c d40dd50d d60cd70c d60dd70d 
00006370: d40ed50e d40fd50f d60ed70e d60fd70f 
00006380: d808d908 d809d909 da08db08 da09db09 
00006390: d80ad90a d80bd90b da0adb0a da0bdb0b 
000063a0: dc08dd08 dc09dd09 de08df08 de09df09 
000063b0: dc0add0a dc0bdd0b de0adf0a de0bdf0b 
000063c0: d80cd90c d80dd90d da0cdb0c da0ddb0d 
000063d0: d80ed90e d80fd90f da0edb0e da0fdb0f 
000063e0: dc0cdd0c dc0ddd0d de0cdf0c de0ddf0d 
000063f0: dc0edd0e dc0fdd0f de0edf0e de0fdf0f 
00006400: c010c110 c011c111 c210c310 c211c311 
00006410: c012c112 c013c113 c212c312 c213c313 
00006420: c410c510 c411c511 c610c710 c611c711 
00006430: c412c512 c413c513 c612c712 c613c713 
00006440: c014c114 c015c115 c214c314 c215c315 
00006450: c016c116 c017c117 c216c316 c217c317 
00006460: c414c514 c415c515 c614c714 c615c715 
00006470: c416c516 c417c517 c616c716 c617c717 
00006480: c810c910 c811c911 ca10cb10 ca11cb11 
00006490: c812c912 c813c913 ca12cb12 ca13cb13 
000064a0: cc10cd10 cc11cd11 ce10cf10 ce11cf11 
000064b0: cc12cd12 cc13cd13 ce12cf12 ce13cf13 
000064c0: c814c914 c815c915 ca14cb14 ca15cb15 
000064d0: c816c916 c817c917 ca16cb16 ca17cb17 
000064e0: cc14cd14 cc15cd15 ce14cf14 ce15cf15 
000064f0: cc16cd16 cc17cd17 ce16cf16 ce17cf17 
00006500: c018c118 c019c119 c218c318 c219c319 
00006510: c01ac11a c01bc11b c21ac31a c21bc31b 
00006520: c418c518 c419c519 c618c718 c619c719 
00006530: c41ac51a c41bc51b c61ac71a c61bc71b 
00006540: c01cc11c c01dc11d c21cc31c c21dc31d 
00006550: c01ec11e c01fc11f c21ec31e c21fc31f 
00006560: c41cc51c c41dc51d c61cc71c c61dc71d 
00006570: c41ec51e c41fc51f c61ec71e c61fc71f 
00006580: c818c918 c819c919 ca18cb18 ca19cb19 
00006590: c81ac91a c81bc91b ca1acb1a ca1bcb1b 
000065a0: cc18cd18 cc19cd19 ce18cf18 ce19cf19 
000065b0: cc1acd1a cc1bcd1b ce1acf1a ce1bcf1b 
000065c0: c81cc91c c81dc91d ca1ccb1c ca1dcb1d 
000065d0: c81ec91e c81fc91f ca1ecb1e ca1fcb1f 
000065e0: cc1ccd1c cc1dcd1d ce1ccf1c ce1dcf1d 
000065f0: cc1ecd1e cc1fcd1f ce1ecf1e ce1fcf1f 
00006600: d010d110 d011d111 d210d310 d211d311 
00006610: d012d112 d013d113 d212d312 d213d313 
00006620: d410d510 d411d511 d610d710 d611d711 
00006630: d412d512 d413d513 d612d712 d613d713 
00006640: d014d114 d015d115 d214d314 d215d315 
00006650: d016d116 d017d117 d216d316 d217d317 
00006660: d414d514 d415d515 d614d714 d615d715 
00006670: d416d516 d417d517 d616d716 d617d717 
00006680: d810d910 d811d911 da10db10 da11db11 
00006690: d812d912 d813d913 da12db12 da13db13 
000066a0: dc10dd10 dc11dd11 de10df10 de11df11 
000066b0: dc12dd12 dc13dd13 de12df12 de13df13 
000066c0: d814d914 d815d915 da14db14 da15db15 
000066d0: d816d916 d817d917 da16db16 da17db17 
000066e0: dc14dd14 dc15dd15 de14df14 de15df15 
000066f0: dc16dd16 dc17dd17 de16df16 de17df17 
00006700: d018d118 d019d119 d218d318 d219d319 
00006710: d01ad11a d01bd11b d21ad31a d21bd31b 
00006720: d418d518 d419d519 d618d718 d619d719 
00006730: d41ad51a d41bd51b d61ad71a d61bd71b 
00006740: d01cd11c d01dd11d d21cd31c d21dd31d 
00006750: d01ed11e d01fd11f d21ed31e d21fd31f 
00006760: d41cd51c d41dd51d d61cd71c d61dd71d 
00006770: d41ed51e d41fd51f d61ed71e d61fd71f 
00006780: d818d918 d819d919 da18db18 da19db19 
00006790: d81ad91a d81bd91b da1adb1a da1bdb1b 
000067a0: dc18dd18 dc19dd19 de18df18 de19df19 
000067b0: dc1add1a dc1bdd1b de1adf1a de1bdf1b 
000067c0: d81cd91c d81dd91d da1cdb1c da1ddb1d 
000067d0: d81ed91e d81fd91f da1edb1e da1fdb1f 
000067e0: dc1cdd1c dc1ddd1d de1cdf1c de1ddf1d 
000067f0: dc1edd1e dc1fdd1f de1edf1e de1fdf1f 
00006800: e000e100 e001e101 e200e300 e201e301 
00006810: e002e102 e003e103 e202e302 e203e303 
00006820: e400e500 e401e501 e600e700 e601e701 
00006830: e402e502 e403e503 e602e702 e603e703 
00006840: e004e104 e005e105 e204e304 e205e305 
00006850: e006e106 e007e107 e206e306 e207e307 
00006860: e404e504 e405e505 e604e704 e605e705 
00006870: e406e506 e407e507 e606e706 e607e707 
00006880: e800e900 e801e901 ea00eb00 ea01eb01 
00006890: e802e902 e803e903 ea02eb02 ea03eb03 
000068a0: ec00ed00 ec01ed01 ee00ef00 ee01ef01 
000068b0: ec02ed02 ec03ed03 ee02ef02 ee03ef03 
000068c0: e804e904 e805e905 ea04eb04 ea05eb05 
000068d0: e806e906 e807e907 ea06eb06 ea07eb07 
000068e0: ec04ed04 ec05ed05 ee04ef04 ee05ef05 
000068f0: ec06ed06 ec07ed07 ee06ef06 ee07ef07 
00006900: e008e108 e009e109 e208e308 e209e309 
00006910: e00ae10a e00be10b e20ae30a e20be30b 
00006920: e408e508 e409e509 e608e708 e609e709 
00006930: e40ae50a e40be50b e60ae70a e60be70b 
00006940: e00ce10c e00de10d e20ce30c e20de30d 
00006950: e00ee10e e00fe10f e20ee30e e20fe30f 
00006960: e40ce50c e40de50d e60ce70c e60de70d 
00006970: e40ee50e e40fe50f e60ee70e e60fe70f 
00006980: e808e908 e809e909 ea08eb08 ea09eb09 
00006990: e80ae90a e80be90b ea0aeb0a ea0beb0b 
000069a0: ec08ed08 ec09ed09 ee08ef08 ee09ef09 
000069b0: ec0aed0a ec0bed0b ee0aef0a ee0bef0b 
000069c0: e80ce90c e80de90d ea0ceb0c ea0deb0d 
000069d0: e80ee90e e80fe90f ea0eeb0e ea0feb0f 
000069e0: ec0ced0c ec0ded0d ee0cef0c ee0def0d 
000069f0: ec0eed0e ec0fed0f ee0eef0e ee0fef0f 
00006a00: f000f100 f001f101 f200f300 f201f301 
00006a10: f002f102 f003f103 f202f302 f203f303 
00006a20: f400f500 f401f501 f600f700 f601f701 
00006a30: f402f502 f403f503 f602f702 f603f703 
00006a40: f004f104 f005f105 f204f304 f205f305 
00006a50: f006f106 f007f107 f206f306 f207f307 
00006a60: f404f504 f405f505 f604f704 f605f705 
00006a70: f406f506 f407f507 f606f706 f607f707 
00006a80: f800f900 f801f901 fa00fb00 fa01fb01 
00006a90: f802f902 f803f903 fa02fb02 fa03fb03 
00006aa0: fc00fd00 fc01fd01 fe00ff00 fe01ff01 
00006ab0: fc02fd02 fc03fd03 fe02ff02 fe03ff03 
00006ac0: f804f904 f805f905 fa04fb04 fa05fb05 
00006ad0: f806f906 f807f907 fa06fb06 fa07fb07 
00006ae0: fc04fd04 fc05fd05 fe04ff04 fe05ff05 
00006af0: fc06fd06 fc07fd07 fe06ff06 fe07ff07 
00006b00: f008f108 f009f109 f208f308 f209f309 
00006b10: f00af10a f00bf10b f20af30a f20bf30b 
00006b20: f408f508 f409f509 f608f708 f609f709 
00006b30: f40af50a f40bf50b f60af70a f60bf70b 
00006b40: f00cf10c f00df10d f20cf30c f20df30d 
00006b50: f00ef10e f00ff10f f20ef30e f20ff30f 
00006b60: f40cf50c f40df50d f60cf70c f60df70d 
00006b70: f40ef50e f40ff50f f60ef70e f60ff70f 
00006b80: f808f908 f809f909 fa08fb08 fa09fb09 
00006b90: f80af90a f80bf90b fa0afb0a fa0bfb0b 
00006ba0: fc08fd08 fc09fd09 fe08ff08 fe09ff09 
00006bb0: fc0afd0a fc0bfd0b fe0aff0a fe0bff0b 
00006bc0: f80cf90c f80df90d fa0cfb0c fa0dfb0d 
00006bd0: f80ef90e f80ff90f fa0efb0e fa0ffb0f 
00006be0: fc0cfd0c fc0dfd0d fe0cff0c fe0dff0d 
00006bf0: fc0efd0e fc0ffd0f fe0eff0e fe0fff0f 
00006c00: e010e110 e011e111 e210e310 e211e311 
00006c10: e012e112 e013e113 e212e312 e213e313 
00006c20: e410e510 e411e511 e610e710 e611e711 
00006c30: e412e512 e413e513 e612e712 e613e713 
00006c40: e014e114 e015e115 e214e314 e215e315 
00006c50: e016e116 e017e117 e216e316 e217e317 
00006c60: e414e514 e415e515 e614e714 e615e715 
00006c70: e416e516 e417e517 e616e716 e617e717 
00006c80: e810e910 e811e911 ea10eb10 ea11eb11 
00006c90: e812e912 e813e913 ea12eb12 ea13eb13 
00006ca0: ec10ed10 ec11ed11 ee10ef10 ee11ef11 
00006cb0: ec12ed12 ec13ed13 ee12ef12 ee13ef13 
00006cc0: e814e914 e815e915 ea14eb14 ea15eb15 
00006cd0: e816e916 e817e917 ea16eb16 ea17eb17 
00006ce0: ec14ed14 ec15ed15 ee14ef14 ee15ef15 
00006cf0: ec16ed16 ec17ed17 ee16ef16 ee17ef17 
00006d00: e018e118 e019e119 e218e318 e219e319 
00006d10: e01ae11a e01be11b e21ae31a e21be31b 
00006d20: e418e518 e419e519 e618e718 e619e719 
00006d30: e41ae51a e41be51b e61ae71a e61be71b 
00006d40: e01ce11c e01de11d e21ce31c e21de31d 
00006d50: e01ee11e e01fe11f e21ee31e e21fe31f 
00006d60: e41ce51c e41de51d e61ce71c e61de71d 
00006d70: e41ee51e e41fe51f e61ee71e e61fe71f 
00006d80: e818e918 e819e919 ea18eb18 ea19eb19 
00006d90: e81ae91a e81be91b ea1aeb1a ea1beb1b 
00006da0: ec18ed18 ec19ed19 ee18ef18 ee19ef19 
00006db0: ec1aed1a ec1bed1b ee1aef1a ee1bef1b 
00006dc0: e81ce91c e81de91d ea1ceb1c ea1deb1d 
00006dd0: e81ee91e e81fe91f ea1eeb1e ea1feb1f 
00006de0: ec1ced1c ec1ded1d ee1cef1c ee1def1d 
00006df0: ec1eed1e ec1fed1f ee1eef1e ee1fef1f 
00006e00: f010f110 f011f111 f210f310 f211f311 
00006e10: f012f112 f013f113 f212f312 f213f313 
00006e20: f410f510 f411f511 f610f710 f611f711 
00006e30: f412f512 f413f513 f612f712 f613f713 
00006e40: f014f114 f015f115 f214f314 f215f315 
00006e50: f016f116 f017f117 f216f316 f217f317 
00006e60: f414f514 f415f515 f614f714 f615f715 
00006e70: f416f516 f417f517 f616f716 f617f717 
00006e80: f810f910 f811f911 fa10fb10 fa11fb11 
00006e90: f812f912 f813f913 fa12fb12 fa13fb13 
00006ea0: fc10fd10 fc11fd11 fe10ff10 fe11ff11 
00006eb0: fc12fd12 fc13fd13 fe12ff12 fe13ff13 
00006ec0: f814f914 f815f915 fa14fb14 fa15fb15 
00006ed0: f816f916 f817f917 fa16fb16 fa17fb17 
00006ee0: fc14fd14 fc15fd15 fe14ff14 fe15ff15 
00006ef0: fc16fd16 fc17fd17 fe16ff16 fe17ff17 
00006f00: f018f118 f019f119 f218f318 f219f319 
00006f10: f01af11a f01bf11b f21af31a f21bf31b 
00006f20: f418f518 f419f519 f618f718 f619f719 
00006f30: f41af51a f41bf51b f61af71a f61bf71b 
00006f40: f01cf11c f01df11d f21cf31c f21df31d 
00006f50: f01ef11e f01ff11f f21ef31e f21ff31f 
00006f60: f41cf51c f41df51d f61cf71c f61df71d 
00006f70: f41ef51e f41ff51f f61ef71e f61ff71f 
00006f80: f818f918 f819f919 fa18fb18 fa19fb19 
00006f90: f81af91a f81bf91b fa1afb1a fa1bfb1b 
00006fa0: fc18fd18 fc19fd19 fe18ff18 fe19ff19 
00006fb0: fc1afd1a fc1bfd1b fe1aff1a fe1bff1b 
00006fc0: f81cf91c f81df91d fa1cfb1c fa1dfb1d 
00006fd0: f81ef91e f81ff91f fa1efb1e fa1ffb1f 
00006fe0: fc1cfd1c fc1dfd1d fe1cff1c fe1dff1d 
00006ff0: fc1efd1e fc1ffd1f fe1eff1e fe1fff1f 
00007000: c020c120 c021c121 c220c320 c221c321 
00007010: c022c122 c023c123 c222c322 c223c323 
00007020: c420c520 c421c521 c620c720 c621c721 
00007030: c422c522 c423c523 c622c722 c623c723 
00007040: c024c124 c025c125 c224c324 c225c325 
00007050: c026c126 c027c127 c226c326 c227c327 
00007060: c424c524 c425c525 c624c724 c625c725 
00007070: c426c526 c427c527 c626c726 c627c727 
00007080: c820c920 c821c921 ca20cb20 ca21cb21 
00007090: c822c922 c823c923 ca22cb22 ca23cb23 
000070a0: cc20cd20 cc21cd21 ce20cf20 ce21cf21 
000070b0: cc22cd22 cc23cd23 ce22cf22 ce23cf23 
000070c0: c824c924 c825c925 ca24cb24 ca25cb25 
000070d0: c826c926 c827c927 ca26cb26 ca27cb27 
000070e0: cc24cd24 cc25cd25 ce24cf24 ce25cf25 
000070f0: cc26cd26 cc27cd27 ce26cf26 ce27cf27 
00007100: c028c128 c029c129 c228c328 c229c329 
00007110: c02ac12a c02bc12b c22ac32a c22bc32b 
00007120: c428c528 c429c529 c628c728 c629c729 
00007130: c42ac52a c42bc52b c62ac72a c62bc72b 
00007140: c02cc12c c02dc12d c22cc32c c22dc32d 
00007150: c02ec12e c02fc12f c22ec32e c22fc32f 
00007160: c42cc52c c42dc52d c62cc72c c62dc72d 
00007170: c42ec52e c42fc52f c62ec72e c62fc72f 
00007180: c828c928 c829c929 ca28cb28 ca29cb29 
00007190: c82ac92a c82bc92b ca2acb2a ca2bcb2b 
000071a0: cc28cd28 cc29cd29 ce28cf28 ce29cf29 
000071b0: cc2acd2a cc2bcd2b ce2acf2a ce2bcf2b 
000071c0: c82cc92c c82dc92d ca2ccb2c ca2dcb2d 
000071d0: c82ec92e c82fc92f ca2ecb2e ca2fcb2f 
000071e0: cc2ccd2c cc2dcd2d ce2ccf2c ce2dcf2d 
000071f0: cc2ecd2e cc2fcd2f ce2ecf2e ce2fcf2f 
00007200: d020d120 d021d121 d220d320 d221d321 
00007210: d022d122 d023d123 d222d322 d223d323 
00007220: d420d520 d421d521 d620d720 d621d721 
00007230: d422d522 d423d523 d622d722 d623d723 
00007240: d024d124 d025d125 d224d324 d225d325 
00007250: d026d126 d027d127 d226d326 d227d327 
00007260: d424d524 d425d525 d624d724 d625d725 
00007270: d426d526 d427d527 d626d726 d627d727 
00007280: d820d920 d821d921 da20db20 da21db21 
00007290: d822d922 d823d923 da22db22 da23db23 
000072a0: dc20dd20 dc21dd21 de20df20 de21df21 
000072b0: dc22dd22 dc23dd23 de22df22 de23df23 
000072c0: d824d924 d825d925 da24db24 da25db25 
000072d0: d826d926 d827d927 da26db26 da27db27 
000072e0: dc24dd24 dc25dd25 de24df24 de25df25 
000072f0: dc26dd26 dc27dd27 de26df26 de27df27 
00007300: d028d128 d029d129 d228d328 d229d329 
00007310: d02ad12a d02bd12b d22ad32a d22bd32b 
00007320: d428d528 d429d529 d628d728 d629d729 
00007330: d42ad52a d42bd52b d62ad72a d62bd72b 
00007340: d02cd12c d02dd12d d22cd32c d22dd32d 
00007350: d02ed12e d02fd12f d22ed32e d22fd32f 
00007360: d42cd52c d42dd52d d62cd72c d62dd72d 
00007370: d42ed52e d42fd52f d62ed72e d62fd72f 
00007380: d828d928 d829d929 da28db28 da29db29 
00007390: d82ad92a d82bd92b da2adb2a da2bdb2b 
000073a0: dc28dd28 dc29dd29 de28df28 de29df29 
000073b0: dc2add2a dc2bdd2b de2adf2a de2bdf2b 
000073c0: d82cd92c d82dd92d da2cdb2c da2ddb2d 
000073d0: d82ed92e d82fd92f da2edb2e da2fdb2f 
000073e0: dc2cdd2c dc2ddd2d de2cdf2c de2ddf2d 
000073f0: dc2edd2e dc2fdd2f de2edf2e de2fdf2f 
00007400: c030c130 c031c131 c230c330 c231c331 
00007410: c032c132 c033c133 c232c332 c233c333 
00007420: c430c530 c431c531 c630c730 c631c731 
00007430: c432c532 c433c533 c632c732 c633c733 
00007440: c034c134 c035c135 c234c334 c235c335 
00007450: c036c136 c037c137 c236c336 c237c337 
00007460: c434c534 c435c535 c634c734 c635c735 
00007470: c436c536 c437c537 c636c736 c637c737 
00007480: c830c930 c831c931 ca30cb30 ca31cb31 
00007490: c832c932 c833c933 ca32cb32 ca33cb33 
000074a0: cc30cd30 cc31cd31 ce30cf30 ce31cf31 
000074b0: cc32cd32 cc33cd33 ce32cf32 ce33cf33 
000074c0: c834c934 c835c935 ca34cb34 ca35cb35 
000074d0: c836c936 c837c937 ca36cb36 ca37cb37 
000074e0: cc34cd34 cc35cd35 ce34cf34 ce35cf35 
000074f0: cc36cd36 cc37cd37 ce36cf36 ce37cf37 
00007500: c038c138 c039c139 c238c338 c239c339 
00007510: c03ac13a c03bc13b c23ac33a c23bc33b 
00007520: c438c538 c439c539 c638c738 c639c739 
00007530: c43ac53a c43bc53b c63ac73a c63bc73b 
00007540: c03cc13c c03dc13d c23cc33c c23dc33d 
00007550: c03ec13e c03fc13f c23ec33e c23fc33f 
00007560: c43cc53c c43dc53d c63cc73c c63dc73d 
00007570: c43ec53e c43fc53f c63ec73e c63fc73f 
00007580: c838c938 c839c939 ca38cb38 ca39cb39 
00007590: c83ac93a c83bc93b ca3acb3a ca3bcb3b 
000075a0: cc38cd38 cc39cd39 ce38cf38 ce39cf39 
000075b0: cc3acd3a cc3bcd3b ce3acf3a ce3bcf3b 
000075c0: c83cc93c c83dc93d ca3ccb3c ca3dcb3d 
000075d0: c83ec93e c83fc93f ca3ecb3e ca3fcb3f 
000075e0: cc3ccd3c cc3dcd3d ce3ccf3c ce3dcf3d 
000075f0: cc3ecd3e cc3fcd3f ce3ecf3e ce3fcf3f 
00007600: d030d130 d031d131 d230d330 d231d331 
00007610: d032d132 d033d133 d232d332 d233d333 
00007620: d430d530 d431d531 d630d730 d631d731 
00007630: d432d532 d433d533 d632d732 d633d733 
00007640: d034d134 d035d135 d234d334 d235d335 
00007650: d036d136 d037d137 d236d336 d237d337 
00007660: d434d534 d435d535 d634d734 d635d735 
00007670: d436d536 d437d537 d636d736 d637d737 
00007680: d830d930 d831d931 da30db30 da31db31 
00007690: d832d932 d833d933 da32db32 da33db33 
000076a0: dc30dd30 dc31dd31 de30df30 de31df31 
000076b0: dc32dd32 dc33dd33 de32df32 de33df33 
000076c0: d834d934 d835d935 da34db34 da35db35 
000076d0: d836d936 d837d937 da36db36 da37db37 
000076e0: dc34dd34 dc35dd35 de34df34 de35df35 
000076f0: dc36dd36 dc37dd37 de36df36 de37df37 
00007700: d038d138 d039d139 d238d338 d239d339 
00007710: d03ad13a d03bd13b d23ad33a d23bd33b 
00007720: d438d538 d439d539 d638d738 d639d739 
00007730: d43ad53a d43bd53b d63ad73a d63bd73b 
00007740: d03cd13c d03dd13d d23cd33c d23dd33d 
00007750: d03ed13e d03fd13f d23ed33e d23fd33f 
00007760: d43cd53c d43dd53d d63cd73c d63dd73d 
00007770: d43ed53e d43fd53f d63ed73e d63fd73f 
00007780: d838d938 d839d939 da38db38 da39db39 
00007790: d83ad93a d83bd93b da3adb3a da3bdb3b 
000077a0: dc38dd38 dc39dd39 de38df38 de39df39 
000077b0: dc3add3a dc3bdd3b de3adf3a de3bdf3b 
000077c0: d83cd93c d83dd93d da3cdb3c da3ddb3d 
000077d0: d83ed93e d83fd93f da3edb3e da3fdb3f 
000077e0: dc3cdd3c dc3ddd3d de3cdf3c de3ddf3d 
000077f0: dc3edd3e dc3fdd3f de3edf3e de3fdf3f 
00007800: e020e120 e021e121 e220e320 e221e321 
00007810: e022e122 e023e123 e222e322 e223e323 
00007820: e420e520 e421e521 e620e720 e621e721 
00007830: e422e522 e423e523 e622e722 e623e723 
00007840: e024e124 e025e125 e224e324 e225e325 
00007850: e026e126 e027e127 e226e326 e227e327 
00007860: e424e524 e425e525 e624e724 e625e725 
00007870: e426e526 e427e527 e626e726 e627e727 
00007880: e820e920 e821e921 ea20eb20 ea21eb21 
00007890: e822e922 e823e923 ea22eb22 ea23eb23 
000078a0: ec20ed20 ec21ed21 ee20ef20 ee21ef21 
000078b0: ec22ed22 ec23ed23 ee22ef22 ee23ef23 
000078c0: e824e924 e825e925 ea24eb24 ea25eb25 
000078d0: e826e926 e827e927 ea26eb26 ea27eb27 
000078e0: ec24ed24 ec25ed25 ee24ef24 ee25ef25 
000078f0: ec26ed26 ec27ed27 ee26ef26 ee27ef27 
00007900: e028e128 e029e129 e228e328 e229e329 
00007910: e02ae12a e02be12b e22ae32a e22be32b 
00007920: e428e528 e429e529 e628e728 e629e729 
00007930: e42ae52a e42be52b e62ae72a e62be72b 
00007940: e02ce12c e02de12d e22ce32c e22de32d 
00007950: e02ee12e e02fe12f e22ee32e e22fe32f 
00007960: e42ce52c e42de52d e62ce72c e62de72d 
00007970: e42ee52e e42fe52f e62ee72e e62fe72f 
00007980: e828e928 e829e929 ea28eb28 ea29eb29 
00007990: e82ae92a e82be92b ea2aeb2a ea2beb2b 
000079a0: ec28ed28 ec29ed29 ee28ef28 ee29ef29 
000079b0: ec2aed2a ec2bed2b ee2aef2a ee2bef2b 
000079c0: e82ce92c e82de92d ea2ceb2c ea2deb2d 
000079d0: e82ee92e e82fe92f ea2eeb2e ea2feb2f 
000079e0: ec2ced2c ec2ded2d ee2cef2c ee2def2d 
000079f0: ec2eed2e ec2fed2f ee2eef2e ee2fef2f 
00007a00: f020f120 f021f121 f220f320 f221f321 
00007a10: f022f122 f023f123 f222f322 f223f323 
00007a20: f420f520 f421f521 f620f720 f621f721 
00007a30: f422f522 f423f523 f622f722 f623f723 
00007a40: f024f124 f025f125 f224f324 f225f325 
00007a50: f026f126 f027f127 f226f326 f227f327 
00007a60: f424f524 f425f525 f624f724 f625f725 
00007a70: f426f526 f427f527 f626f726 f627f727 
00007a80: f820f920 f821f921 fa20fb20 fa21fb21 
00007a90: f822f922 f823f923 fa22fb22 fa23fb23 
00007aa0: fc20fd20 fc21fd21 fe20ff20 fe21ff21 
00007ab0: fc22fd22 fc23fd23 fe22ff22 fe23ff23 
00007ac0: f824f924 f825f925 fa24fb24 fa25fb25 
00007ad0: f826f926 f827f927 fa26fb26 fa27fb27 
00007ae0: fc24fd24 fc25fd25 fe24ff24 fe25ff25 
00007af0: fc26fd26 fc27fd27 fe26ff26 fe27ff27 
00007b00: f028f128 f029f129 f228f328 f229f329 
00007b10: f02af12a f02bf12b f22af32a f22bf32b 
00007b20: f428f528 f429f529 f628f728 f629f729 
00007b30: f42af52a f42bf52b f62af72a f62bf72b 
00007b40: f02cf12c f02df12d f22cf32c f22df32d 
00007b50: f02ef12e f02ff12f f22ef32e f22ff32f 
00007b60: f42cf52c f42df52d f62cf72c f62df72d 
00007b70: f42ef52e f42ff52f f62ef72e f62ff72f 
00007b80: f828f928 f829f929 fa28fb28 fa29fb29 
00007b90: f82af92a f82bf92b fa2afb2a fa2bfb2b 
00007ba0: fc28fd28 fc29fd29 fe28ff28 fe29ff29 
00007bb0: fc2afd2a fc2bfd2b fe2aff2a fe2bff2b 
00007bc0: f82cf92c f82df92d fa2cfb2c fa2dfb2d 
00007bd0: f82ef92e f82ff92f fa2efb2e fa2ffb2f 
00007be0: fc2cfd2c fc2dfd2d fe2cff2c fe2dff2d 
00007bf0: fc2efd2e fc2ffd2f fe2eff2e fe2fff2f 
00007c00: e030e130 e031e131 e230e330 e231e331 
00007c10: e032e132 e033e133 e232e332 e233e333 
00007c20: e430e530 e431e531 e630e730 e631e731 
00007c30: e432e532 e433e533 e632e732 e633e733 
00007c40: e034e134 e035e135 e234e334 e235e335 
00007c50: e036e136 e037e137 e236e336 e237e337 
00007c60: e434e534 e435e535 e634e734 e635e735 
00007c70: e436e536 e437e537 e636e736 e637e737 
00007c80: e830e930 e831e931 ea30eb30 ea31eb31 
00007c90: e832e932 e833e933 ea32eb32 ea33eb33 
00007ca0: ec30ed30 ec31ed31 ee30ef30 ee31ef31 
00007cb0: ec32ed32 ec33ed33 ee32ef32 ee33ef33 
00007cc0: e834e934 e835e935 ea34eb34 ea35eb35 
00007cd0: e836e936 e837e937 ea36eb36 ea37eb37 
00007ce0: ec34ed34 ec35ed35 ee34ef34 ee35ef35 
00007cf0: ec36ed36 ec37ed37 ee36ef36 ee37ef37 
00007d00: e038e138 e039e139 e238e338 e239e339 
00007d10: e03ae13a e03be13b e23ae33a e23be33b 
00007d20: e438e538 e439e539 e638e738 e639e739 
00007d30: e43ae53a e43be53b e63ae73a e63be73b 
00007d40: e03ce13c e03de13d e23ce33c e23de33d 
00007d50: e03ee13e e03fe13f e23ee33e e23fe33f 
00007d60: e43ce53c e43de53d e63ce73c e63de73d 
00007d70: e43ee53e e43fe53f e63ee73e e63fe73f 
00007d80: e838e938 e839e939 ea38eb38 ea39eb39 
00007d90: e83ae93a e83be93b ea3aeb3a ea3beb3b 
00007da0: ec38ed38 ec39ed39 ee38ef38 ee39ef39 
00007db0: ec3aed3a ec3bed3b ee3aef3a ee3bef3b 
00007dc0: e83ce93c e83de93d ea3ceb3c ea3deb3d 
00007dd0: e83ee93e e83fe93f ea3eeb3e ea3feb3f 
00007de0: ec3ced3c ec3ded3d ee3cef3c ee3def3d 
00007df0: ec3eed3e ec3fed3f ee3eef3e ee3fef3f 
00007e00: f030f130 f031f131 f230f330 f231f331 
00007e10: f032f132 f033f133 f232f332 f233f333 
00007e20: f430f530 f431f531 f630f730 f631f731 
00007e30: f432f532 f433f533 f632f732 f633f733 
00007e40: f034f134 f035f135 f234f334 f235f335 
00007e50: f036f136 f037f137 f236f336 f237f337 
00007e60: f434f534 f435f535 f634f734 f635f735 
00007e70: f436f536 f437f537 f636f736 f637f737 
00007e80: f830f930 f831f931 fa30fb30 fa31fb31 
00007e90: f832f932 f833f933 fa32fb32 fa33fb33 
00007ea0: fc30fd30 fc31fd31 fe30ff30 fe31ff31 
00007eb0: fc32fd32 fc33fd33 fe32ff32 fe33ff33 
00007ec0: f834f934 f835f935 fa34fb34 fa35fb35 
00007ed0: f836f936 f837f937 fa36fb36 fa37fb37 
00007ee0: fc34fd34 fc35fd35 fe34ff34 fe35ff35 
00007ef0: fc36fd36 fc37fd37 fe36ff36 fe37ff37 
00007f00: f038f138 f039f139 f238f338 f239f339 
00007f10: f03af13a f03bf13b f23af33a f23bf33b 
00007f20: f438f538 f439f539 f638f738 f639f739 
00007f30: f43af53a f43bf53b f63af73a f63bf73b 
00007f40: f03cf13c f03df13d f23cf33c f23df33d 
00007f50: f03ef13e f03ff13f f23ef33e f23ff33f 
00007f60: f43cf53c f43df53d f63cf73c f63df73d 
00007f70: f43ef53e f43ff53f f63ef73e f63ff73f 
00007f80: f838f938 f839f939 fa38fb38 fa39fb39 
00007f90: f83af93a f83bf93b fa3afb3a fa3bfb3b 
00007fa0: fc38fd38 fc39fd39 fe38ff38 fe39ff39 
00007fb0: fc3afd3a fc3bfd3b fe3aff3a fe3bff3b 
00007fc0: f83cf93c f83df93d fa3cfb3c fa3dfb3d 
00007fd0: f83ef93e f83ff93f fa3efb3e fa3ffb3f 
00007fe0: fc3cfd3c fc3dfd3d fe3cff3c fe3dff3d 
00007ff0: fc3efd3e fc3ffd3f fe3eff3e fe3fff3f 
00008000: 00400140 00410141 02400340 02410341 
00008010: 00420142 00430143 02420342 02430343 
00008020: 04400540 04410541 06400740 06410741 
00008030: 04420542 04430543 06420742 06430743 
00008040: 00440144 00450145 02440344 02450345 
00008050: 00460146 00470147 02460346 02470347 
00008060: 04440544 04450545 06440744 06450745 
00008070: 04460546 04470547 06460746 06470747 
00008080: 08400940 08410941 0a400b40 0a410b41 
00008090: 08420942 08430943 0a420b42 0a430b43 
000080a0: 0c400d40 0c410d41 0e400f40 0e410f41 
000080b0: 0c420d42 0c430d43 0e420f42 0e430f43 
000080c0: 08440944 08450945 0a440b44 0a450b45 
000080d0: 08460946 08470947 0a460b46 0a470b47 
000080e0: 0c440d44 0c450d45 0e440f44 0e450f45 
000080f0: 0c460d46 0c470d47 0e460f46 0e470f47 
00008100: 00480148 00490149 02480348 02490349 
00008110: 004a014a 004b014b 024a034a 024b034b 
00008120: 04480548 04490549 06480748 06490749 
00008130: 044a054a 044b054b 064a074a 064b074b 
00008140: 004c014c 004d014d 024c034c 024d034d 
00008150: 004e014e 004f014f 024e034e 024f034f 
00008160: 044c054c 044d054d 064c074c 064d074d 
00008170: 044e054e 044f054f 064e074e 064f074f 
00008180: 08480948 08490949 0a480b48 0a490b49 
00008190: 084a094a 084b094b 0a4a0b4a 0a4b0b4b 
000081a0: 0c480d48 0c490d49 0e480f48 0e490f49 
000081b0: 0c4a0d4a 0c4b0d4b 0e4a0f4a 0e4b0f4b 
000081c0: 084c094c 084d094d 0a4c0b4c 0a4d0b4d 
000081d0: 084e094e 084f094f 0a4e0b4e 0a4f0b4f 
000081e0: 0c4c0d4c 0c4d0d4d 0e4c0f4c 0e4d0f4d 
000081f0: 0c4e0d4e 0c4f0d4f 0e4e0f4e 0e4f0f4f 
00008200: 10401140 10411141 12401340 12411341 
00008210: 10421142 10431143 12421342 12431343 
00008220: 14401540 14411541 16401740 16411741 
00008230: 14421542 14431543 16421742 16431743 
00008240: 10441144 10451145 12441344 12451345 
00008250: 10461146 10471147 12461346 12471347 
00008260: 14441544 14451545 16441744 16451745 
00008270: 14461546 14471547 16461746 16471747 
00008280: 18401940 18411941 1a401b40 1a411b41 
00008290: 18421942 18431943 1a421b42 1a431b43 
000082a0: 1c401d40 1c411d41 1e401f40 1e411f41 
000082b0: 1c421d42 1c431d43 1e421f42 1e431f43 
000082c0: 18441944 18451945 1a441b44 1a451b45 
000082d0: 18461946 18471947 1a461b46 1a471b47 
000082e0: 1c441d44 1c451d45 1e441f44 1e451f45 
000082f0: 1c461d46 1c471d47 1e461f46 1e471f47 
00008300: 10481148 10491149 12481348 12491349 
00008310: 104a114a 104b114b 124a134a 124b134b 
00008320: 14481548 14491549 16481748 16491749 
00008330: 144a154a 144b154b 164a174a 164b174b 
00008340: 104c114c 104d114d 124c134c 124d134d 
00008350: 104e114e 104f114f 124e134e 124f134f 
00008360: 144c154c 144d154d 164c174c 164d174d 
00008370: 144e154e 144f154f 164e174e 164f174f 
00008380: 18481948 18491949 1a481b48 1a491b49 
00008390: 184a194a 184b194b 1a4a1b4a 1a4b1b4b 
000083a0: 1c481d48 1c491d49 1e481f48 1e491f49 
000083b0: 1c4a1d4a 1c4b1d4b 1e4a1f4a 1e4b1f4b 
000083c0: 184c194c 184d194d 1a4c1b4c 1a4d1b4d 
000083d0: 184e194e 184f194f 1a4e1b4e 1a4f1b4f 
000083e0: 1c4c1d4c 1c4d1d4d 1e4c1f4c 1e4d1f4d 
000083f0: 1c4e1d4e 1c4f1d4f 1e4e1f4e 1e4f1f4f 
00008400: 00500150 00510151 02500350 02510351 
00008410: 00520152 00530153 02520352 02530353 
00008420: 04500550 04510551 06500750 06510751 
00008430: 04520552 04530553 06520752 06530753 
00008440: 00540154 00550155 02540354 02550355 
00008450: 00560156 00570157 02560356 02570357 
00008460: 04540554 04550555 06540754 06550755 
00008470: 04560556 04570557 06560756 06570757 
00008480: 08500950 08510951 0a500b50 0a510b51 
00008490: 08520952 08530953 0a520b52 0a530b53 
000084a0: 0c500d50 0c510d51 0e500f50 0e510f51 
000084b0: 0c520d52 0c530d53 0e520f52 0e530f53 
000084c0: 08540954 08550955 0a540b54 0a550b55 
000084d0: 08560956 08570957 0a560b56 0a570b57 
000084e0: 0c540d54 0c550d55 0e540f54 0e550f55 
000084f0: 0c560d56 0c570d57 0e560f56 0e570f57 
00008500: 00580158 00590159 02580358 02590359 
00008510: 005a015a 005b015b 025a035a 025b035b 
00008520: 04580558 04590559 06580758 06590759 
00008530: 045a055a 045b055b 065a075a 065b075b 
00008540: 005c015c 005d015d 025c035c 025d035d 
00008550: 005e015e 005f015f 025e035e 025f035f 
00008560: 045c055c 045d055d 065c075c 065d075d 
00008570: 045e055e 045f055f 065e075e 065f075f 
00008580: 08580958 08590959 0a580b58 0a590b59 
00008590: 085a095a 085b095b 0a5a0b5a 0a5b0b5b 
000085a0: 0c580d58 0c590d59 0e580f58 0e590f59 
000085b0: 0c5a0d5a 0c5b0d5b 0e5a0f5a 0e5b0f5b 
000085c0: 085c095c 085d095d 0a5c0b5c 0a5d0b5d 
000085d0: 085e095e 085f095f 0a5e0b5e 0a5f0b5f 
000085e0: 0c5c0d5c 0c5d0d5d 0e5c0f5c 0e5d0f5d 
000085f0: 0c5e0d5e 0c5f0d5f 0e5e0f5e 0e5f0f5f 
00008600: 10501150 10511151 12501350 12511351 
00008610: 10521152 10531153 12521352 12531353 
00008620: 14501550 14511551 16501750 16511751 
00008630: 14521552 14531553 16521752 16531753 
00008640: 10541154 10551155 12541354 12551355 
00008650: 10561156 10571157 12561356 12571357 
00008660: 14541554 14551555 16541754 16551755 
00008670: 14561556 14571557 16561756 16571757 
00008680: 18501950 18511951 1a501b50 1a511b51 
00008690: 18521952 18531953 1a521b52 1a531b53 
000086a0: 1c501d50 1c511d51 1e501f50 1e511f51 
000086b0: 1c521d52 1c531d53 1e521f52 1e531f53 
000086c0: 18541954 18551955 1a541b54 1a551b55 
000086d0: 18561956 18571957 1a561b56 1a571b57 
000086e0: 1c541d54 1c551d55 1e541f54 1e551f55 
000086f0: 1c561d56 1c571d57 1e561f56 1e571f57 
00008700: 10581158 10591159 12581358 12591359 
00008710: 105a115a 105b115b 125a135a 125b135b 
00008720: 14581558 14591559 16581758 16591759 
00008730: 145a155a 145b155b 165a175a 165b175b 
00008740: 105c115c 105d115d 125c135c 125d135d 
00008750: 105e115e 105f115f 125e135e 125f135f 
00008760: 145c155c 145d155d 165c175c 165d175d 
00008770: 145e155e 145f155f 165e175e 165f175f 
00008780: 18581958 18591959 1a581b58 1a591b59 
00008790: 185a195a 185b195b 1a5a1b5a 1a5b1b5b 
000087a0: 1c581d58 1c591d59 1e581f58 1e591f59 
000087b0: 1c5a1d5a 1c5b1d5b 1e5a1f5a 1e5b1f5b 
000087c0: 185c195c 185d195d 1a5c1b5c 1a5d1b5d 
000087d0: 185e195e 185f195f 1a5e1b5e 1a5f1b5f 
000087e0: 1c5c1d5c 1c5d1d5d 1e5c1f5c 1e5d1f5d 
000087f0: 1c5e1d5e 1c5f1d5f 1e5e1f5e 1e5f1f5f 
00008800: 20402140 20412141 22402340 22412341 
00008810: 20422142 20432143 22422342 22432343 
00008820: 24402540 24412541 26402740 26412741 
00008830: 24422542 24432543 26422742 26432743 
00008840: 20442144 20452145 22442344 22452345 
00008850: 20462146 20472147 22462346 22472347 
00008860: 24442544 24452545 26442744 26452745 
00008870: 24462546 24472547 26462746 26472747 
00008880: 28402940 28412941 2a402b40 2a412b41 
00008890: 28422942 28432943 2a422b42 2a432b43 
000088a0: 2c402d40 2c412d41 2e402f40 2e412f41 
000088b0: 2c422d42 2c432d43 2e422f42 2e432f43 
000088c0: 28442944 28452945 2a442b44 2a452b45 
000088d0: 28462946 28472947 2a462b46 2a472b47 
000088e0: 2c442d44 2c452d45 2e442f44 2e452f45 
000088f0: 2c462d46 2c472d47 2e462f46 2e472f47 
00008900: 20482148 20492149 22482348 22492349 
00008910: 204a214a 204b214b 224a234a 224b234b 
00008920: 24482548 24492549 26482748 26492749 
00008930: 244a254a 244b254b 264a274a 264b274b 
00008940: 204c214c 204d214d 224c234c 224d234d 
00008950: 204e214e 204f214f 224e234e 224f234f 
00008960: 244c254c 244d254d 264c274c 264d274d 
00008970: 244e254e 244f254f 264e274e 264f274f 
00008980: 28482948 28492949 2a482b48 2a492b49 
00008990: 284a294a 284b294b 2a4a2b4a 2a4b2b4b 
000089a0: 2c482d48 2c492d49 2e482f48 2e492f49 
000089b0: 2c4a2d4a 2c4b2d4b 2e4a2f4a 2e4b2f4b 
000089c0: 284c294c 284d294d 2a4c2b4c 2a4d2b4d 
000089d0: 284e294e 284f294f 2a4e2b4e 2a4f2b4f 
000089e0: 2c4c2d4c 2c4d2d4d 2e4c2f4c 2e4d2f4d 
000089f0: 2c4e2d4e 2c4f2d4f 2e4e2f4e 2e4f2f4f 
00008a00: 30403140 30413141 32403340 32413341 
00008a10: 30423142 30433143 32423342 32433343 
00008a20: 34403540 34413541 36403740 36413741 
00008a30: 34423542 34433543 36423742 36433743 
00008a40: 30443144 30453145 32443344 32453345 
00008a50: 30463146 30473147 32463346 32473347 
00008a60: 34443544 34453545 36443744 36453745 
00008a70: 34463546 34473547 36463746 36473747 
00008a80: 38403940 38413941 3a403b40 3a413b41 
00008a90: 38423942 38433943 3a423b42 3a433b43 
00008aa0: 3c403d40 3c413d41 3e403f40 3e413f41 
00008ab0: 3c423d42 3c433d43 3e423f42 3e433f43 
00008ac0: 38443944 38453945 3a443b44 3a453b45 
00008ad0: 38463946 38473947 3a463b46 3a473b47 
00008ae0: 3c443d44 3c453d45 3e443f44 3e453f45 
00008af0: 3c463d46 3c473d47 3e463f46 3e473f47 
00008b00: 30483148 30493149 32483348 32493349 
00008b10: 304a314a 304b314b 324a334a 324b334b 
00008b20: 34483548 34493549 36483748 36493749 
00008b30: 344a354a 344b354b 364a374a 364b374b 
00008b40: 304c314c 304d314d 324c334c 324d334d 
00008b50: 304e314e 304f314f 324e334e 324f334f 
00008b60: 344c354c 344d354d 364c374c 364d374d 
00008b70: 344e354e 344f354f 364e374e 364f374f 
00008b80: 38483948 38493949 3a483b48 3a493b49 
00008b90: 384a394a 384b394b 3a4a3b4a 3a4b3b4b 
00008ba0: 3c483d48 3c493d49 3e483f48 3e493f49 
00008bb0: 3c4a3d4a 3c4b3d4b 3e4a3f4a 3e4b3f4b 
00008bc0: 384c394c 384d394d 3a4c3b4c 3a4d3b4d 
00008bd0: 384e394e 384f394f 3a4e3b4e 3a4f3b4f 
00008be0: 3c4c3d4c 3c4d3d4d 3e4c3f4c 3e4d3f4d 
00008bf0: 3c4e3d4e 3c4f3d4f 3e4e3f4e 3e4f3f4f 
00008c00: 20502150 20512151 22502350 22512351 
00008c10: 20522152 20532153 22522352 22532353 
00008c20: 24502550 24512551 26502750 26512751 
00008c30: 24522552 24532553 26522752 26532753 
00008c40: 20542154 20552155 22542354 22552355 
00008c50: 20562156 20572157 22562356 22572357 
00008c60: 24542554 24552555 26542754 26552755 
00008c70: 24562556 24572557 26562756 26572757 
00008c80: 28502950 28512951 2a502b50 2a512b51 
00008c90: 28522952 28532953 2a522b52 2a532b53 
00008ca0: 2c502d50 2c512d51 2e502f50 2e512f51 
00008cb0: 2c522d52 2c532d53 2e522f52 2e532f53 
00008cc0: 28542954 28552955 2a542b54 2a552b55 
00008cd0: 28562956 28572957 2a562b56 2a572b57 
00008ce0: 2c542d54 2c552d55 2e542f54 2e552f55 
00008cf0: 2c562d56 2c572d57 2e562f56 2e572f57 
00008d00: 20582158 20592159 22582358 22592359 
00008d10: 205a215a 205b215b 225a235a 225b235b 
00008d20: 24582558 24592559 26582758 26592759 
00008d30: 245a255a 245b255b 265a275a 265b275b 
00008d40: 205c215c 205d215d 225c235c 225d235d 
00008d50: 205e215e 205f215f 225e235e 225f235f 
00008d60: 245c255c 245d255d 265c275c 265d275d 
00008d70: 245e255e 245f255f 265e275e 265f275f 
00008d80: 28582958 28592959 2a582b58 2a592b59 
00008d90: 285a295a 285b295b 2a5a2b5a 2a5b2b5b 
00008da0: 2c582d58 2c592d59 2e582f58 2e592f59 
00008db0: 2c5a2d5a 2c5b2d5b 2e5a2f5a 2e5b2f5b 
00008dc0: 285c295c 285d295d 2a5c2b5c 2a5d2b5d 
00008dd0: 285e295e 285f295f 2a5e2b5e 2a5f2b5f 
00008de0: 2c5c2d5c 2c5d2d5d 2e5c2f5c 2e5d2f5d 
00008df0: 2c5e2d5e 2c5f2d5f 2e5e2f5e 2e5f2f5f 
00008e00: 30503150 30513151 32503350 32513351 
00008e10: 30523152 30533153 32523352 32533353 
00008e20: 34503550 34513551 36503750 36513751 
00008e30: 34523552 34533553 36523752 36533753 
00008e40: 30543154 30553155 32543354 32553355 
00008e50: 30563156 30573157 32563356 32573357 
00008e60: 34543554 34553555 36543754 36553755 
00008e70: 34563556 34573557 36563756 36573757 
00008e80: 38503950 38513951 3a503b50 3a513b51 
00008e90: 38523952 38533953 3a523b52 3a533b53 
00008ea0: 3c503d50 3c513d51 3e503f50 3e513f51 
00008eb0: 3c523d52 3c533d53 3e523f52 3e533f53 
00008ec0: 38543954 38553955 3a543b54 3a553b55 
00008ed0: 38563956 38573957 3a563b56 3a573b57 
00008ee0: 3c543d54 3c553d55 3e543f54 3e553f55 
00008ef0: 3c563d56 3c573d57 3e563f56 3e573f57 
00008f00: 30583158 30593159 32583358 32593359 
00008f10: 305a315a 305b315b 325a335a 325b335b 
00008f20: 34583558 34593559 36583758 36593759 
00008f30: 345a355a 345b355b 365a375a 365b375b 
00008f40: 305c315c 305d315d 325c335c 325d335d 
00008f50: 305e315e 305f315f 325e335e 325f335f 
00008f60: 345c355c 345d355d 365c375c 365d375d 
00008f70: 345e355e 345f355f 365e375e 365f375f 
00008f80: 38583958 38593959 3a583b58 3a593b59 
00008f90: 385a395a 385b395b 3a5a3b5a 3a5b3b5b 
00008fa0: 3c583d58 3c593d59 3e583f58 3e593f59 
00008fb0: 3c5a3d5a 3c5b3d5b 3e5a3f5a 3e5b3f5b 
00008fc0: 385c395c 385d395d 3a5c3b5c 3a5d3b5d 
00008fd0: 385e395e 385f395f 3a5e3b5e 3a5f3b5f 
00008fe0: 3c5c3d5c 3c5d3d5d 3e5c3f5c 3e5d3f5d 
00008ff0: 3c5e3d5e 3c5f3d5f 3e5e3f5e 3e5f3f5f 
00009000: 00600160 00610161 02600360 02610361 
00009010: 00620162 00630163 02620362 02630363 
00009020: 04600560 04610561 06600760 06610761 
00009030: 04620562 04630563 06620762 06630763 
00009040: 00640164 00650165 02640364 02650365 
00009050: 00660166 00670167 02660366 02670367 
00009060: 04640564 04650565 06640764 06650765 
00009070: 04660566 04670567 06660766 06670767 
00009080: 08600960 08610961 0a600b60 0a610b61 
00009090: 08620962 08630963 0a620b62 0a630b63 
000090a0: 0c600d60 0c610d61 0e600f60 0e610f61 
000090b0: 0c620d62 0c630d63 0e620f62 0e630f63 
000090c0: 08640964 08650965 0a640b64 0a650b65 
000090d0: 08660966 08670967 0a660b66 0a670b67 
000090e0: 0c640d64 0c650d65 0e640f64 0e650f65 
000090f0: 0c660d66 0c670d67 0e660f66 0e670f67 
00009100: 00680168 00690169 02680368 02690369 
00009110: 006a016a 006b016b 026a036a 026b036b 
00009120: 04680568 04690569 06680768 06690769 
00009130: 046a056a 046b056b 066a076a 066b076b 
00009140: 006c016c 006d016d 026c036c 026d036d 
00009150: 006e016e 006f016f 026e036e 026f036f 
00009160: 046c056c 046d056d 066c076c 066d076d 
00009170: 046e056e 046f056f 066e076e 066f076f 
00009180: 08680968 08690969 0a680b68 0a690b69 
00009190: 086a096a 086b096b 0a6a0b6a 0a6b0b6b 
000091a0: 0c680d68 0c690d69 0e680f68 0e690f69 
000091b0: 0c6a0d6a 0c6b0d6b 0e6a0f6a 0e6b0f6b 
000091c0: 086c096c 086d096d 0a6c0b6c 0a6d0b6d 
000091d0: 086e096e 086f096f 0a6e0b6e 0a6f0b6f 
000091e0: 0c6c0d6c 0c6d0d6d 0e6c0f6c 0e6d0f6d 
000091f0: 0c6e0d6e 0c6f0d6f 0e6e0f6e 0e6f0f6f 
00009200: 10601160 10611161 12601360 12611361 
00009210: 10621162 10631163 12621362 12631363 
00009220: 14601560 14611561 16601760 16611761 
00009230: 14621562 14631563 16621762 16631763 
00009240: 10641164 10651165 12641364 12651365 
00009250: 10661166 10671167 12661366 12671367 
00009260: 14641564 14651565 16641764 16651765 
00009270: 14661566 14671567 16661766 16671767 
00009280: 18601960 18611961 1a601b60 1a611b61 
00009290: 18621962 18631963 1a621b62 1a631b63 
000092a0: 1c601d60 1c611d61 1e601f60 1e611f61 
000092b0: 1c621d62 1c631d63 1e621f62 1e631f63 
000092c0: 18641964 18651965 1a641b64 1a651b65 
000092d0: 18661966 18671967 1a661b66 1a671b67 
000092e0: 1c641d64 1c651d65 1e641f64 1e651f65 
000092f0: 1c661d66 1c671d67 1e661f66 1e671f67 
00009300: 10681168 10691169 12681368 12691369 
00009310: 106a116a 106b116b 126a136a 126b136b 
00009320: 14681568 14691569 16681768 16691769 
00009330: 146a156a 146b156b 166a176a 166b176b 
00009340: 106c116c 106d116d 126c136c 126d136d 
00009350: 106e116e 106f116f 126e136e 126f136f 
00009360: 146c156c 146d156d 166c176c 166d176d 
00009370: 146e156e 146f156f 166e176e 166f176f 
00009380: 18681968 18691969 1a681b68 1a691b69 
00009390: 186a196a 186b196b 1a6a1b6a 1a6b1b6b 
000093a0: 1c681d68 1c691d69 1e681f68 1e691f69 
000093b0: 1c6a1d6a 1c6b1d6b 1e6a1f6a 1e6b1f6b 
000093c0: 186c196c 186d196d 1a6c1b6c 1a6d1b6d 
000093d0: 186e196e 186f196f 1a6e1b6e 1a6f1b6f 
000093e0: 1c6c1d6c 1c6d1d6d 1e6c1f6c 1e6d1f6d 
000093f0: 1c6e1d6e 1c6f1d6f 1e6e1f6e 1e6f1f6f 
00009400: 00700170 00710171 02700370 02710371 
00009410: 00720172 00730173 02720372 02730373 
00009420: 04700570 04710571 06700770 06710771 
00009430: 04720572 04730573 06720772 06730773 
00009440: 00740174 00750175 02740374 02750375 
00009450: 00760176 00770177 02760376 02770377 
00009460: 04740574 04750575 06740774 06750775 
00009470: 04760576 04770577 06760776 06770777 
00009480: 08700970 08710971 0a700b70 0a710b71 
00009490: 08720972 08730973 0a720b72 0a730b73 
000094a0: 0c700d70 0c710d71 0e700f70 0e710f71 
000094b0: 0c720d72 0c730d73 0e720f72 0e730f73 
000094c0: 08740974 08750975 0a740b74 0a750b75 
000094d0: 08760976 08770977 0a760b76 0a770b77 
000094e0: 0c740d74 0c750d75 0e740f74 0e750f75 
000094f0: 0c760d76 0c770d77 0e760f76 0e770f77 
00009500: 00780178 00790179 02780378 02790379 
00009510: 007a017a 007b017b 027a037a 027b037b 
00009520: 04780578 04790579 06780778 06790779 
00009530: 047a057a 047b057b 067a077a 067b077b 
00009540: 007c017c 007d017d 027c037c 027d037d 
00009550: 007e017e 007f017f 027e037e 027f037f 
00009560: 047c057c 047d057d 067c077c 067d077d 
00009570: 047e057e 047f057f 067e077e 067f077f 
00009580: 08780978 08790979 0a780b78 0a790b79 
00009590: 087a097a 087b097b 0a7a0b7a 0a7b0b7b 
000095a0: 0c780d78 0c790d79 0e780f78 0e790f79 
000095b0: 0c7a0d7a 0c7b0d7b 0e7a0f7a 0e7b0f7b 
000095c0: 087c097c 087d097d 0a7c0b7c 0a7d0b7d 
000095d0: 087e097e 087f097f 0a7e0b7e 0a7f0b7f 
000095e0: 0c7c0d7c 0c7d0d7d 0e7c0f7c 0e7d0f7d 
000095f0: 0c7e0d7e 0c7f0d7f 0e7e0f7e 0e7f0f7f 
00009600: 10701170 10711171 12701370 12711371 
00009610: 10721172 10731173 12721372 12731373 
00009620: 14701570 14711571 16701770 16711771 
00009630: 14721572 14731573 16721772 16731773 
00009640: 10741174 10751175 12741374 12751375 
00009650: 10761176 10771177 12761376 12771377 
00009660: 14741574 14751575 16741774 16751775 
00009670: 14761576 14771577 16761776 16771777 
00009680: 18701970 18711971 1a701b70 1a711b71 
00009690: 18721972 18731973 1a721b72 1a731b73 
000096a0: 1c701d70 1c711d71 1e701f70 1e711f71 
000096b0: 1c721d72 1c731d73 1e721f72 1e731f73 
000096c0: 18741974 18751975 1a741b74 1a751b75 
000096d0: 18761976 18771977 1a761b76 1a771b77 
000096e0: 1c741d74 1c751d75 1e741f74 1e751f75 
000096f0: 1c761d76 1c771d77 1e761f76 1e771f77 
00009700: 10781178 10791179 12781378 12791379 
00009710: 107a117a 107b117b 127a137a 127b137b 
00009720: 14781578 14791579 16781778 16791779 
00009730: 147a157a 147b157b 167a177a 167b177b 
00009740: 107c117c 107d117d 127c137c 127d137d 
00009750: 107e117e 107f117f 127e137e 127f137f 
00009760: 147c157c 147d157d 167c177c 167d177d 
00009770: 147e157e 147f157f 167e177e 167f177f 
00009780: 18781978 18791979 1a781b78 1a791b79 
00009790: 187a197a 187b197b 1a7a1b7a 1a7b1b7b 
000097a0: 1c781d78 1c791d79 1e781f78 1e791f79 
000097b0: 1c7a1d7a 1c7b1d7b 1e7a1f7a 1e7b1f7b 
000097c0: 187c197c 187d197d 1a7c1b7c 1a7d1b7d 
000097d0: 187e197e 187f197f 1a7e1b7e 1a7f1b7f 
000097e0: 1c7c1d7c 1c7d1d7d 1e7c1f7c 1e7d1f7d 
000097f0: 1c7e1d7e 1c7f1d7f 1e7e1f7e 1e7f1f7f 
00009800: 20602160 20612161 22602360 22612361 
00009810: 20622162 20632163 22622362 22632363 
00009820: 24602560 24612561 26602760 26612761 
00009830: 24622562 24632563 26622762 26632763 
00009840: 20642164 20652165 22642364 22652365 
00009850: 20662166 20672167 22662366 22672367 
00009860: 24642564 24652565 26642764 26652765 
00009870: 24662566 24672567 26662766 26672767 
00009880: 28602960 28612961 2a602b60 2a612b61 
00009890: 28622962 28632963 2a622b62 2a632b63 
000098a0: 2c602d60 2c612d61 2e602f60 2e612f61 
000098b0: 2c622d62 2c632d63 2e622f62 2e632f63 
000098c0: 28642964 28652965 2a642b64 2a652b65 
000098d0: 28662966 28672967 2a662b66 2a672b67 
000098e0: 2c642d64 2c652d65 2e642f64 2e652f65 
000098f0: 2c662d66 2c672d67 2e662f66 2e672f67 
00009900: 20682168 20692169 22682368 22692369 
00009910: 206a216a 206b216b 226a236a 226b236b 
00009920: 24682568 24692569 26682768 26692769 
00009930: 246a256a 246b256b 266a276a 266b276b 
00009940: 206c216c 206d216d 226c236c 226d236d 
00009950: 206e216e 206f216f 226e236e 226f236f 
00009960: 246c256c 246d256d 266c276c 266d276d 
00009970: 246e256e 246f256f 266e276e 266f276f 
00009980: 28682968 28692969 2a682b68 2a692b69 
00009990: 286a296a 286b296b 2a6a2b6a 2a6b2b6b 
000099a0: 2c682d68 2c692d69 2e682f68 2e692f69 
000099b0: 2c6a2d6a 2c6b2d6b 2e6a2f6a 2e6b2f6b 
000099c0: 286c296c 286d296d 2a6c2b6c 2a6d2b6d 
000099d0: 286e296e 286f296f 2a6e2b6e 2a6f2b6f 
000099e0: 2c6c2d6c 2c6d2d6d 2e6c2f6c 2e6d2f6d 
000099f0: 2c6e2d6e 2c6f2d6f 2e6e2f6e 2e6f2f6f 
00009a00: 30603160 30613161 32603360 32613361 
00009a10: 30623162 30633163 32623362 32633363 
00009a20: 34603560 34613561 36603760 36613761 
00009a30: 34623562 34633563 36623762 36633763 
00009a40: 30643164 30653165 32643364 32653365 
00009a50: 30663166 30673167 32663366 32673367 
00009a60: 34643564 34653565 36643764 36653765 
00009a70: 34663566 34673567 36663766 36673767 
00009a80: 38603960 38613961 3a603b60 3a613b61 
00009a90: 38623962 38633963 3a623b62 3a633b63 
00009aa0: 3c603d60 3c613d61 3e603f60 3e613f61 
00009ab0: 3c623d62 3c633d63 3e623f62 3e633f63 
00009ac0: 38643964 38653965 3a643b64 3a653b65 
00009ad0: 38663966 38673967 3a663b66 3a673b67 
00009ae0: 3c643d64 3c653d65 3e643f64 3e653f65 
00009af0: 3c663d66 3c673d67 3e663f66 3e673f67 
00009b00: 30683168 30693169 32683368 32693369 
00009b10: 306a316a 306b316b 326a336a 326b336b 
00009b20: 34683568 34693569 36683768 36693769 
00009b30: 346a356a 346b356b 366a376a 366b376b 
00009b40: 306c316c 306d316d 326c336c 326d336d 
00009b50: 306e316e 306f316f 326e336e 326f336f 
00009b60: 346c356c 346d356d 366c376c 366d376d 
00009b70: 346e356e 346f356f 366e376e 366f376f 
00009b80: 38683968 38693969 3a683b68 3a693b69 
00009b90: 386a396a 386b396b 3a6a3b6a 3a6b3b6b 
00009ba0: 3c683d68 3c693d69 3e683f68 3e693f69 
00009bb0: 3c6a3d6a 3c6b3d6b 3e6a3f6a 3e6b3f6b 
00009bc0: 386c396c 386d396d 3a6c3b6c 3a6d3b6d 
00009bd0: 386e396e 386f396f 3a6e3b6e 3a6f3b6f 
00009be0: 3c6c3d6c 3c6d3d6d 3e6c3f6c 3e6d3f6d 
00009bf0: 3c6e3d6e 3c6f3d6f 3e6e3f6e 3e6f3f6f 
00009c00: 20702170 20712171 22702370 22712371 
00009c10: 20722172 20732173 22722372 22732373 
00009c20: 24702570 24712571 26702770 26712771 
00009c30: 24722572 24732573 26722772 26732773 
00009c40: 20742174 20752175 22742374 22752375 
00009c50: 20762176 20772177 22762376 22772377 
00009c60: 24742574 24752575 26742774 26752775 
00009c70: 24762576 24772577 26762776 26772777 
00009c80: 28702970 28712971 2a702b70 2a712b71 
00009c90: 28722972 28732973 2a722b72 2a732b73 
00009ca0: 2c702d70 2c712d71 2e702f70 2e712f71 
00009cb0: 2c722d72 2c732d73 2e722f72 2e732f73 
00009cc0: 28742974 28752975 2a742b74 2a752b75 
00009cd0: 28762976 28772977 2a762b76 2a772b77 
00009ce0: 2c742d74 2c752d75 2e742f74 2e752f75 
00009cf0: 2c762d76 2c772d77 2e762f76 2e772f77 
00009d00: 20782178 20792179 22782378 22792379 
00009d10: 207a217a 207b217b 227a237a 227b237b 
00009d20: 24782578 24792579 26782778 26792779 
00009d30: 247a257a 247b257b 267a277a 267b277b 
00009d40: 207c217c 207d217d 227c237c 227d237d 
00009d50: 207e217e 207f217f 227e237e 227f237f 
00009d60: 247c257c 247d257d 267c277c 267d277d 
00009d70: 247e257e 247f257f 267e277e 267f277f 
00009d80: 28782978 28792979 2a782b78 2a792b79 
00009d90: 287a297a 287b297b 2a7a2b7a 2a7b2b7b 
00009da0: 2c782d78 2c792d79 2e782f78 2e792f79 
00009db0: 2c7a2d7a 2c7b2d7b 2e7a2f7a 2e7b2f7b 
00009dc0: 287c297c 287d297d 2a7c2b7c 2a7d2b7d 
00009dd0: 287e297e 287f297f 2a7e2b7e 2a7f2b7f 
00009de0: 2c7c2d7c 2c7d2d7d 2e7c2f7c 2e7d2f7d 
00009df0: 2c7e2d7e 2c7f2d7f 2e7e2f7e 2e7f2f7f 
00009e00: 30703170 30713171 32703370 32713371 
00009e10: 30723172 30733173 32723372 32733373 
00009e20: 34703570 34713571 36703770 36713771 
00009e30: 34723572 34733573 36723772 36733773 
00009e40: 30743174 30753175 32743374 32753375 
00009e50: 30763176 30773177 32763376 32773377 
00009e60: 34743574 34753575 36743774 36753775 
00009e70: 34763576 34773577 36763776 36773777 
00009e80: 38703970 38713971 3a703b70 3a713b71 
00009e90: 38723972 38733973 3a723b72 3a733b73 
00009ea0: 3c703d70 3c713d71 3e703f70 3e713f71 
00009eb0: 3c723d72 3c733d73 3e723f72 3e733f73 
00009ec0: 38743974 38753975 3a743b74 3a753b75 
00009ed0: 38763976 38773977 3a763b76 3a773b77 
00009ee0: 3c743d74 3c753d75 3e743f74 3e753f75 
00009ef0: 3c763d76 3c773d77 3e763f76 3e773f77 
00009f00: 30783178 30793179 32783378 32793379 
00009f10: 307a317a 307b317b 327a337a 327b337b 
00009f20: 34783578 34793579 36783778 36793779 
00009f30: 347a357a 347b357b 367a377a 367b377b 
00009f40: 307c317c 307d317d 327c337c 327d337d 
00009f50: 307e317e 307f317f 327e337e 327f337f 
00009f60: 347c357c 347d357d 367c377c 367d377d 
00009f70: 347e357e 347f357f 367e377e 367f377f 
00009f80: 38783978 38793979 3a783b78 3a793b79 
00009f90: 387a397a 387b397b 3a7a3b7a 3a7b3b7b 
00009fa0: 3c783d78 3c793d79 3e783f78 3e793f79 
00009fb0: 3c7a3d7a 3c7b3d7b 3e7a3f7a 3e7b3f7b 
00009fc0: 387c397c 387d397d 3a7c3b7c 3a7d3b7d 
00009fd0: 387e397e 387f397f 3a7e3b7e 3a7f3b7f 
00009fe0: 3c7c3d7c 3c7d3d7d 3e7c3f7c 3e7d3f7d 
00009ff0: 3c7e3d7e 3c7f3d7f 3e7e3f7e 3e7f3f7f 
0000a000: 40404140 40414141 42404340 42414341 
0000a010: 40424142 40434143 42424342 42434343 
0000a020: 44404540 44414541 46404740 46414741 
0000a030: 44424542 44434543 46424742 46434743 
0000a040: 40444144 40454145 42444344 42454345 
0000a050: 40464146 40474147 42464346 42474347 
0000a060: 44444544 44454545 46444744 46454745 
0000a070: 44464546 44474547 46464746 46474747 
0000a080: 48404940 48414941 4a404b40 4a414b41 
0000a090: 48424942 48434943 4a424b42 4a434b43 
0000a0a0: 4c404d40 4c414d41 4e404f40 4e414f41 
0000a0b0: 4c424d42 4c434d43 4e424f42 4e434f43 
0000a0c0: 48444944 48454945 4a444b44 4a454b45 
0000a0d0: 48464946 48474947 4a464b46 4a474b47 
0000a0e0: 4c444d44 4c454d45 4e444f44 4e454f45 
0000a0f0: 4c464d46 4c474d47 4e464f46 4e474f47 
0000a100: 40484148 40494149 42484348 42494349 
0000a110: 404a414a 404b414b 424a434a 424b434b 
0000a120: 44484548 44494549 46484748 46494749 
0000a130: 444a454a 444b454b 464a474a 464b474b 
0000a140: 404c414c 404d414d 424c434c 424d434d 
0000a150: 404e414e 404f414f 424e434e 424f434f 
0000a160: 444c454c 444d454d 464c474c 464d474d 
0000a170: 444e454e 444f454f 464e474e 464f474f 
0000a180: 48484948 48494949 4a484b48 4a494b49 
0000a190: 484a494a 484b494b 4a4a4b4a 4a4b4b4b 
0000a1a0: 4c484d48 4c494d49 4e484f48 4e494f49 
0000a1b0: 4c4a4d4a 4c4b4d4b 4e4a4f4a 4e4b4f4b 
0000a1c0: 484c494c 484d494d 4a4c4b4c 4a4d4b4d 
0000a1d0: 484e494e 484f494f 4a4e4b4e 4a4f4b4f 
0000a1e0: 4c4c4d4c 4c4d4d4d 4e4c4f4c 4e4d4f4d 
0000a1f0: 4c4e4d4e 4c4f4d4f 4e4e4f4e 4e4f4f4f 
0000a200: 50405140 50415141 52405340 52415341 
0000a210: 50425142 50435143 52425342 52435343 
0000a220: 54405540 54415541 56405740 56415741 
0000a230: 54425542 54435543 56425742 56435743 
0000a240: 50445144 50455145 52445344 52455345 
0000a250: 50465146 50475147 52465346 52475347 
0000a260: 54445544 54455545 56445744 56455745 
0000a270: 54465546 54475547 56465746 56475747 
0000a280: 58405940 58415941 5a405b40 5a415b41 
0000a290: 58425942 58435943 5a425b42 5a435b43 
0000a2a0: 5c405d40 5c415d41 5e405f40 5e415f41 
0000a2b0: 5c425d42 5c435d43 5e425f42 5e435f43 
0000a2c0: 58445944 58455945 5a445b44 5a455b45 
0000a2d0: 58465946 58475947 5a465b46 5a475b47 
0000a2e0: 5c445d44 5c455d45 5e445f44 5e455f45 
0000a2f0: 5c465d46 5c475d47 5e465f46 5e475f47 
0000a300: 50485148 50495149 52485348 52495349 
0000a310: 504a514a 504b514b 524a534a 524b534b 
0000a320: 54485548 54495549 56485748 56495749 
0000a330: 544a554a 544b554b 564a574a 564b574b 
0000a340: 504c514c 504d514d 524c534c 524d534d 
0000a350: 504e514e 504f514f 524e534e 524f534f 
0000a360: 544c554c 544d554d 564c574c 564d574d 
0000a370: 544e554e 544f554f 564e574e 564f574f 
0000a380: 58485948 58495949 5a485b48 5a495b49 
0000a390: 584a594a 584b594b 5a4a5b4a 5a4b5b4b 
0000a3a0: 5c485d48 5c495d49 5e485f48 5e495f49 
0000a3b0: 5c4a5d4a 5c4b5d4b 5e4a5f4a 5e4b5f4b 
0000a3c0: 584c594c 584d594d 5a4c5b4c 5a4d5b4d 
0000a3d0: 584e594e 584f594f 5a4e5b4e 5a4f5b4f 
0000a3e0: 5c4c5d4c 5c4d5d4d 5e4c5f4c 5e4d5f4d 
0000a3f0: 5c4e5d4e 5c4f5d4f 5e4e5f4e 5e4f5f4f 
0000a400: 40504150 40514151 42504350 42514351 
0000a410: 40524152 40534153 42524352 42534353 
0000a420: 44504550 44514551 46504750 46514751 
0000a430: 44524552 44534553 46524752 46534753 
0000a440: 40544154 40554155 42544354 42554355 
0000a450: 40564156 40574157 42564356 42574357 
0000a460: 44544554 44554555 46544754 46554755 
0000a470: 44564556 44574557 46564756 46574757 
0000a480: 48504950 48514951 4a504b50 4a514b51 
0000a490: 48524952 48534953 4a524b52 4a534b53 
0000a4a0: 4c504d50 4c514d51 4e504f50 4e514f51 
0000a4b0: 4c524d52 4c534d53 4e524f52 4e534f53 
0000a4c0: 48544954 48554955 4a544b54 4a554b55 
0000a4d0: 48564956 48574957 4a564b56 4a574b57 
0000a4e0: 4c544d54 4c554d55 4e544f54 4e554f55 
0000a4f0: 4c564d56 4c574d57 4e564f56 4e574f57 
0000a500: 40584158 40594159 42584358 42594359 
0000a510: 405a415a 405b415b 425a435a 425b435b 
0000a520: 44584558 44594559 46584758 46594759 
0000a530: 445a455a 445b455b 465a475a 465b475b 
0000a540: 405c415c 405d415d 425c435c 425d435d 
0000a550: 405e415e 405f415f 425e435e 425f435f 
0000a560: 445c455c 445d455d 465c475c 465d475d 
0000a570: 445e455e 445f455f 465e475e 465f475f 
0000a580: 48584958 48594959 4a584b58 4a594b59 
0000a590: 485a495a 485b495b 4a5a4b5a 4a5b4b5b 
0000a5a0: 4c584d58 4c594d59 4e584f58 4e594f59 
0000a5b0: 4c5a4d5a 4c5b4d5b 4e5a4f5a 4e5b4f5b 
0000a5c0: 485c495c 485d495d 4a5c4b5c 4a5d4b5d 
0000a5d0: 485e495e 485f495f 4a5e4b5e 4a5f4b5f 
0000a5e0: 4c5c4d5c 4c5d4d5d 4e5c4f5c 4e5d4f5d 
0000a5f0: 4c5e4d5e 4c5f4d5f 4e5e4f5e 4e5f4f5f 
0000a600: 50505150 50515151 52505350 52515351 
0000a610: 50525152 50535153 52525352 52535353 
0000a620: 54505550 54515551 56505750 56515751 
0000a630: 54525552 54535553 56525752 56535753 
0000a640: 50545154 50555155 52545354 52555355 
0000a650: 50565156 50575157 52565356 52575357 
0000a660: 54545554 54555555 56545754 56555755 
0000a670: 54565556 54575557 56565756 56575757 
0000a680: 58505950 58515951 5a505b50 5a515b51 
0000a690: 58525952 58535953 5a525b52 5a535b53 
0000a6a0: 5c505d50 5c515d51 5e505f50 5e515f51 
0000a6b0: 5c525d52 5c535d53 5e525f52 5e535f53 
0000a6c0: 58545954 58555955 5a545b54 5a555b55 
0000a6d0: 58565956 58575957 5a565b56 5a575b57 
0000a6e0: 5c545d54 5c555d55 5e545f54 5e555f55 
0000a6f0: 5c565d56 5c575d57 5e565f56 5e575f57 
0000a700: 50585158 50595159 52585358 52595359 
0000a710: 505a515a 505b515b 525a535a 525b535b 
0000a720: 54585558 54595559 56585758 56595759 
0000a730: 545a555a 545b555b 565a575a 565b575b 
0000a740: 505c515c 505d515d 525c535c 525d535d 
0000a750: 505e515e 505f515f 525e535e 525f535f 
0000a760: 545c555c 545d555d 565c575c 565d575d 
0000a770: 545e555e 545f555f 565e575e 565f575f 
0000a780: 58585958 58595959 5a585b58 5a595b59 
0000a790: 585a595a 585b595b 5a5a5b5a 5a5b5b5b 
0000a7a0: 5c585d58 5c595d59 5e585f58 5e595f59 
0000a7b0: 5c5a5d5a 5c5b5d5b 5e5a5f5a 5e5b5f5b 
0000a7c0: 585c595c 585d595d 5a5c5b5c 5a5d5b5d 
0000a7d0: 585e595e 585f595f 5a5e5b5e 5a5f5b5f 
0000a7e0: 5c5c5d5c 5c5d5d5d 5e5c5f5c 5e5d5f5d 
0000a7f0: 5c5e5d5e 5c5f5d5f 5e5e5f5e 5e5f5f5f 
0000a800: 60406140 60416141 62406340 62416341 
0000a810: 60426142 60436143 62426342 62436343 
0000a820: 64406540 64416541 66406740 66416741 
0000a830: 64426542 64436543 66426742 66436743 
0000a840: 60446144 60456145 62446344 62456345 
0000a850: 60466146 60476147 62466346 62476347 
0000a860: 64446544 64456545 66446744 66456745 
0000a870: 64466546 64476547 66466746 66476747 
0000a880: 68406940 68416941 6a406b40 6a416b41 
0000a890: 68426942 68436943 6a426b42 6a436b43 
0000a8a0: 6c406d40 6c416d41 6e406f40 6e416f41 
0000a8b0: 6c426d42 6c436d43 6e426f42 6e436f43 
0000a8c0: 68446944 68456945 6a446b44 6a456b45 
0000a8d0: 68466946 68476947 6a466b46 6a476b47 
0000a8e0: 6c446d44 6c456d45 6e446f44 6e456f45 
0000a8f0: 6c466d46 6c476d47 6e466f46 6e476f47 
0000a900: 60486148 60496149 62486348 62496349 
0000a910: 604a614a 604b614b 624a634a 624b634b 
0000a920: 64486548 64496549 66486748 66496749 
0000a930: 644a654a 644b654b 664a674a 664b674b 
0000a940: 604c614c 604d614d 624c634c 624d634d 
0000a950: 604e614e 604f614f 624e634e 624f634f 
0000a960: 644c654c 644d654d 664c674c 664d674d 
0000a970: 644e654e 644f654f 664e674e 664f674f 
0000a980: 68486948 68496949 6a486b48 6a496b49 
0000a990: 684a694a 684b694b 6a4a6b4a 6a4b6b4b 
0000a9a0: 6c486d48 6c496d49 6e486f48 6e496f49 
0000a9b0: 6c4a6d4a 6c4b6d4b 6e4a6f4a 6e4b6f4b 
0000a9c0: 684c694c 684d694d 6a4c6b4c 6a4d6b4d 
0000a9d0: 684e694e 684f694f 6a4e6b4e 6a4f6b4f 
0000a9e0: 6c4c6d4c 6c4d6d4d 6e4c6f4c 6e4d6f4d 
0000a9f0: 6c4e6d4e 6c4f6d4f 6e4e6f4e 6e4f6f4f 
0000aa00: 70407140 70417141 72407340 72417341 
0000aa10: 70427142 70437143 72427342 72437343 
0000aa20: 74407540 74417541 76407740 76417741 
0000aa30: 74427542 74437543 76427742 76437743 
0000aa40: 70447144 70457145 72447344 72457345 
0000aa50: 70467146 70477147 72467346 72477347 
0000aa60: 74447544 74457545 76447744 76457745 
0000aa70: 74467546 74477547 76467746 76477747 
0000aa80: 78407940 78417941 7a407b40 7a417b41 
0000aa90: 78427942 78437943 7a427b42 7a437b43 
0000aaa0: 7c407d40 7c417d41 7e407f40 7e417f41 
0000aab0: 7c427d42 7c437d43 7e427f42 7e437f43 
0000aac0: 78447944 78457945 7a447b44 7a457b45 
0000aad0: 78467946 78477947 7a467b46 7a477b47 
0000aae0: 7c447d44 7c457d45 7e447f44 7e457f45 
0000aaf0: 7c467d46 7c477d47 7e467f46 7e477f47 
0000ab00: 70487148 70497149 72487348 72497349 
0000ab10: 704a714a 704b714b 724a734a 724b734b 
0000ab20: 74487548 74497549 76487748 76497749 
0000ab30: 744a754a 744b754b 764a774a 764b774b 
0000ab40: 704c714c 704d714d 724c734c 724d734d 
0000ab50: 704e714e 704f714f 724e734e 724f734f 
0000ab60: 744c754c 744d754d 764c774c 764d774d 
0000ab70: 744e754e 744f754f 764e774e 764f774f 
0000ab80: 78487948 78497949 7a487b48 7a497b49 
0000ab90: 784a794a 784b794b 7a4a7b4a 7a4b7b4b 
0000aba0: 7c487d48 7c497d49 7e487f48 7e497f49 
0000abb0: 7c4a7d4a 7c4b7d4b 7e4a7f4a 7e4b7f4b 
0000abc0: 784c794c 784d794d 7a4c7b4c 7a4d7b4d 
0000abd0: 784e794e 784f794f 7a4e7b4e 7a4f7b4f 
0000abe0: 7c4c7d4c 7c4d7d4d 7e4c7f4c 7e4d7f4d 
0000abf0: 7c4e7d4e 7c4f7d4f 7e4e7f4e 7e4f7f4f 
0000ac00: 60506150 60516151 62506350 62516351 
0000ac10: 60526152 60536153 62526352 62536353 
0000ac20: 64506550 64516551 66506750 66516751 
0000ac30: 64526552 64536553 66526752 66536753 
0000ac40: 60546154 60556155 62546354 62556355 
0000ac50: 60566156 60576157 62566356 62576357 
0000ac60: 64546554 64556555 66546754 66556755 
0000ac70: 64566556 64576557 66566756 66576757 
0000ac80: 68506950 68516951 6a506b50 6a516b51 
0000ac90: 68526952 68536953 6a526b52 6a536b53 
0000aca0: 6c506d50 6c516d51 6e506f50 6e516f51 
0000acb0: 6c526d52 6c536d53 6e526f52 6e536f53 
0000acc0: 68546954 68556955 6a546b54 6a556b55 
0000acd0: 68566956 68576957 6a566b56 6a576b57 
0000ace0: 6c546d54 6c556d55 6e546f54 6e556f55 
0000acf0: 6c566d56 6c576d57 6e566f56 6e576f57 
0000ad00: 60586158 60596159 62586358 62596359 
0000ad10: 605a615a 605b615b 625a635a 625b635b 
0000ad20: 64586558 64596559 66586758 66596759 
0000ad30: 645a655a 645b655b 665a675a 665b675b 
0000ad40: 605c615c 605d615d 625c635c 625d635d 
0000ad50: 605e615e 605f615f 625e635e 625f635f 
0000ad60: 645c655c 645d655d 665c675c 665d675d 
0000ad70: 645e655e 645f655f 665e675e 665f675f 
0000ad80: 68586958 68596959 6a586b58 6a596b59 
0000ad90: 685a695a 685b695b 6a5a6b5a 6a5b6b5b 
0000ada0: 6c586d58 6c596d59 6e586f58 6e596f59 
0000adb0: 6c5a6d5a 6c5b6d5b 6e5a6f5a 6e5b6f5b 
0000adc0: 685c695c 685d695d 6a5c6b5c 6a5d6b5d 
0000add0: 685e695e 685f695f 6a5e6b5e 6a5f6b5f 
0000ade0: 6c5c6d5c 6c5d6d5d 6e5c6f5c 6e5d6f5d 
0000adf0: 6c5e6d5e 6c5f6d5f 6e5e6f5e 6e5f6f5f 
0000ae00: 70507150 70517151 72507350 72517351 
0000ae10: 70527152 70537153 72527352 72537353 
0000ae20: 74507550 74517551 76507750 76517751 
0000ae30: 74527552 74537553 76527752 76537753 
0000ae40: 70547154 70557155 72547354 72557355 
0000ae50: 70567156 70577157 72567356 72577357 
0000ae60: 74547554 74557555 76547754 76557755 
0000ae70: 74567556 74577557 76567756 76577757 
0000ae80: 78507950 78517951 7a507b50 7a517b51 
0000ae90: 78527952 78537953 7a527b52 7a537b53 
0000aea0: 7c507d50 7c517d51 7e507f50 7e517f51 
0000aeb0: 7c527d52 7c537d53 7e527f52 7e537f53 
0000aec0: 78547954 78557955 7a547b54 7a557b55 
0000aed0: 78567956 78577957 7a567b56 7a577b57 
0000aee0: 7c547d54 7c557d55 7e547f54 7e557f55 
0000aef0: 7c567d56 7c577d57 7e567f56 7e577f57 
0000af00: 70587158 70597159 72587358 72597359 
0000af10: 705a715a 705b715b 725a735a 725b735b 
0000af20: 74587558 74597559 76587758 76597759 
0000af30: 745a755a 745b755b 765a775a 765b775b 
0000af40: 705c715c 705d715d 725c735c 725d735d 
0000af50: 705e715e 705f715f 725e735e 725f735f 
0000af60: 745c755c 745d755d 765c775c 765d775d 
0000af70: 745e755e 745f755f 765e775e 765f775f 
0000af80: 78587958 78597959 7a587b58 7a597b59 
0000af90: 785a795a 785b795b 7a5a7b5a 7a5b7b5b 
0000afa0: 7c587d58 7c597d59 7e587f58 7e597f59 
0000afb0: 7c5a7d5a 7c5b7d5b 7e5a7f5a 7e5b7f5b 
0000afc0: 785c795c 785d795d 7a5c7b5c 7a5d7b5d 
0000afd0: 785e795e 785f795f 7a5e7b5e 7a5f7b5f 
0000afe0: 7c5c7d5c 7c5d7d5d 7e5c7f5c 7e5d7f5d 
0000aff0: 7c5e7d5e 7c5f7d5f 7e5e7f5e 7e5f7f5f 
0000b000: 40604160 40614161 42604360 42614361 
0000b010: 40624162 40634163 42624362 42634363 
0000b020: 44604560 44614561 46604760 46614761 
0000b030: 44624562 44634563 46624762 46634763 
0000b040: 40644164 40654165 42644364 42654365 
0000b050: 40664166 40674167 42664366 42674367 
0000b060: 44644564 44654565 46644764 46654765 
0000b070: 44664566 44674567 46664766 46674767 
0000b080: 48604960 48614961 4a604b60 4a614b61 
0000b090: 48624962 48634963 4a624b62 4a634b63 
0000b0a0: 4c604d60 4c614d61 4e604f60 4e614f61 
0000b0b0: 4c624d62 4c634d63 4e624f62 4e634f63 
0000b0c0: 48644964 48654965 4a644b64 4a654b65 
0000b0d0: 48664966 48674967 4a664b66 4a674b67 
0000b0e0: 4c644d64 4c654d65 4e644f64 4e654f65 
0000b0f0: 4c664d66 4c674d67 4e664f66 4e674f67 
0000b100: 40684168 40694169 42684368 42694369 
0000b110: 406a416a 406b416b 426a436a 426b436b 
0000b120: 44684568 44694569 46684768 46694769 
0000b130: 446a456a 446b456b 466a476a 466b476b 
0000b140: 406c416c 406d416d 426c436c 426d436d 
0000b150: 406e416e 406f416f 426e436e 426f436f 
0000b160: 446c456c 446d456d 466c476c 466d476d 
0000b170: 446e456e 446f456f 466e476e 466f476f 
0000b180: 48684968 48694969 4a684b68 4a694b69 
0000b190: 486a496a 486b496b 4a6a4b6a 4a6b4b6b 
0000b1a0: 4c684d68 4c694d69 4e684f68 4e694f69 
0000b1b0: 4c6a4d6a 4c6b4d6b 4e6a4f6a 4e6b4f6b 
0000b1c0: 486c496c 486d496d 4a6c4b6c 4a6d4b6d 
0000b1d0: 486e496e 486f496f 4a6e4b6e 4a6f4b6f 
0000b1e0: 4c6c4d6c 4c6d4d6d 4e6c4f6c 4e6d4f6d 
0000b1f0: 4c6e4d6e 4c6f4d6f 4e6e4f6e 4e6f4f6f 
0000b200: 50605160 50615161 52605360 52615361 
0000b210: 50625162 50635163 52625362 52635363 
0000b220: 54605560 54615561 56605760 56615761 
0000b230: 54625562 54635563 56625762 56635763 
0000b240: 50645164 50655165 52645364 52655365 
0000b250: 50665166 50675167 52665366 52675367 
0000b260: 54645564 54655565 56645764 56655765 
0000b270: 54665566 54675567 56665766 56675767 
0000b280: 58605960 58615961 5a605b60 5a615b61 
0000b290: 58625962 58635963 5a625b62 5a635b63 
0000b2a0: 5c605d60 5c615d61 5e605f60 5e615f61 
0000b2b0: 5c625d62 5c635d63 5e625f62 5e635f63 
0000b2c0: 58645964 58655965 5a645b64 5a655b65 
0000b2d0: 58665966 58675967 5a665b66 5a675b67 
0000b2e0: 5c645d64 5c655d65 5e645f64 5e655f65 
0000b2f0: 5c665d66 5c675d67 5e665f66 5e675f67 
0000b300: 50685168 50695169 52685368 52695369 
0000b310: 506a516a 506b516b 526a536a 526b536b 
0000b320: 54685568 54695569 56685768 56695769 
0000b330: 546a556a 546b556b 566a576a 566b576b 
0000b340: 506c516c 506d516d 526c536c 526d536d 
0000b350: 506e516e 506f516f 526e536e 526f536f 
0000b360: 546c556c 546d556d 566c576c 566d576d 
0000b370: 546e556e 546f556f 566e576e 566f576f 
0000b380: 58685968 58695969 5a685b68 5a695b69 
0000b390: 586a596a 586b596b 5a6a5b6a 5a6b5b6b 
0000b3a0: 5c685d68 5c695d69 5e685f68 5e695f69 
0000b3b0: 5c6a5d6a 5c6b5d6b 5e6a5f6a 5e6b5f6b 
0000b3c0: 586c596c 586d596d 5a6c5b6c 5a6d5b6d 
0000b3d0: 586e596e 586f596f 5a6e5b6e 5a6f5b6f 
0000b3e0: 5c6c5d6c 5c6d5d6d 5e6c5f6c 5e6d5f6d 
0000b3f0: 5c6e5d6e 5c6f5d6f 5e6e5f6e 5e6f5f6f 
0000b400: 40704170 40714171 42704370 42714371 
0000b410: 40724172 40734173 42724372 42734373 
0000b420: 44704570 44714571 46704770 46714771 
0000b430: 44724572 44734573 46724772 46734773 
0000b440: 40744174 40754175 42744374 42754375 
0000b450: 40764176 40774177 42764376 42774377 
0000b460: 44744574 44754575 46744774 46754775 
0000b470: 44764576 44774577 46764776 46774777 
0000b480: 48704970 48714971 4a704b70 4a714b71 
0000b490: 48724972 48734973 4a724b72 4a734b73 
0000b4a0: 4c704d70 4c714d71 4e704f70 4e714f71 
0000b4b0: 4c724d72 4c734d73 4e724f72 4e734f73 
0000b4c0: 48744974 48754975 4a744b74 4a754b75 
0000b4d0: 48764976 48774977 4a764b76 4a774b77 
0000b4e0: 4c744d74 4c754d75 4e744f74 4e754f75 
0000b4f0: 4c764d76 4c774d77 4e764f76 4e774f77 
0000b500: 40784178 40794179 42784378 42794379 
0000b510: 407a417a 407b417b 427a437a 427b437b 
0000b520: 44784578 44794579 46784778 46794779 
0000b530: 447a457a 447b457b 467a477a 467b477b 
0000b540: 407c417c 407d417d 427c437c 427d437d 
0000b550: 407e417e 407f417f 427e437e 427f437f 
0000b560: 447c457c 447d457d 467c477c 467d477d 
0000b570: 447e457e 447f457f 467e477e 467f477f 
0000b580: 48784978 48794979 4a784b78 4a794b79 
0000b590: 487a497a 487b497b 4a7a4b7a 4a7b4b7b 
0000b5a0: 4c784d78 4c794d79 4e784f78 4e794f79 
0000b5b0: 4c7a4d7a 4c7b4d7b 4e7a4f7a 4e7b4f7b 
0000b5c0: 487c497c 487d497d 4a7c4b7c 4a7d4b7d 
0000b5d0: 487e497e 487f497f 4a7e4b7e 4a7f4b7f 
0000b5e0: 4c7c4d7c 4c7d4d7d 4e7c4f7c 4e7d4f7d 
0000b5f0: 4c7e4d7e 4c7f4d7f 4e7e4f7e 4e7f4f7f 
0000b600: 50705170 50715171 52705370 52715371 
0000b610: 50725172 50735173 52725372 52735373 
0000b620: 54705570 54715571 56705770 56715771 
0000b630: 54725572 54735573 56725772 56735773 
0000b640: 50745174 50755175 52745374 52755375 
0000b650: 50765176 50775177 52765376 52775377 
0000b660: 54745574 54755575 56745774 56755775 
0000b670: 54765576 54775577 56765776 56775777 
0000b680: 58705970 58715971 5a705b70 5a715b71 
0000b690: 58725972 58735973 5a725b72 5a735b73 
0000b6a0: 5c705d70 5c715d71 5e705f70 5e715f71 
0000b6b0: 5c725d72 5c735d73 5e725f72 5e735f73 
0000b6c0: 58745974 58755975 5a745b74 5a755b75 
0000b6d0: 58765976 58775977 5a765b76 5a775b77 
0000b6e0: 5c745d74 5c755d75 5e745f74 5e755f75 
0000b6f0: 5c765d76 5c775d77 5e765f76 5e775f77 
0000b700: 50785178 50795179 52785378 52795379 
0000b710: 507a517a 507b517b 527a537a 527b537b 
0000b720: 54785578 54795579 56785778 56795779 
0000b730: 547a557a 547b557b 567a577a 567b577b 
0000b740: 507c517c 507d517d 527c537c 527d537d 
0000b750: 507e517e 507f517f 527e537e 527f537f 
0000b760: 547c557c 547d557d 567c577c 567d577d 
0000b770: 547e557e 547f557f 567e577e 567f577f 
0000b780: 58785978 58795979 5a785b78 5a795b79 
0000b790: 587a597a 587b597b 5a7a5b7a 5a7b5b7b 
0000b7a0: 5c785d78 5c795d79 5e785f78 5e795f79 
0000b7b0: 5c7a5d7a 5c7b5d7b 5e7a5f7a 5e7b5f7b 
0000b7c0: 587c597c 587d597d 5a7c5b7c 5a7d5b7d 
0000b7d0: 587e597e 587f597f 5a7e5b7e 5a7f5b7f 
0000b7e0: 5c7c5d7c 5c7d5d7d 5e7c5f7c 5e7d5f7d 
0000b7f0: 5c7e5d7e 5c7f5d7f 5e7e5f7e 5e7f5f7f 
0000b800: 60606160 60616161 62606360 62616361 
0000b810: 60626162 60636163 62626362 62636363 
0000b820: 64606560 64616561 66606760 66616761 
0000b830: 64626562 64636563 66626762 66636763 
0000b840: 60646164 60656165 62646364 62656365 
0000b850: 60666166 60676167 62666366 62676367 
0000b860: 64646564 64656565 66646764 66656765 
0000b870: 64666566 64676567 66666766 66676767 
0000b880: 68606960 68616961 6a606b60 6a616b61 
0000b890: 68626962 68636963 6a626b62 6a636b63 
0000b8a0: 6c606d60 6c616d61 6e606f60 6e616f61 
0000b8b0: 6c626d62 6c636d63 6e626f62 6e636f63 
0000b8c0: 68646964 68656965 6a646b64 6a656b65 
0000b8d0: 68666966 68676967 6a666b66 6a676b67 
0000b8e0: 6c646d64 6c656d65 6e646f64 6e656f65 
0000b8f0: 6c666d66 6c676d67 6e666f66 6e676f67 
0000b900: 60686168 60696169 62686368 62696369 
0000b910: 606a616a 606b616b 626a636a 626b636b 
0000b920: 64686568 64696569 66686768 66696769 
0000b930: 646a656a 646b656b 666a676a 666b676b 
0000b940: 606c616c 606d616d 626c636c 626d636d 
0000b950: 606e616e 606f616f 626e636e 626f636f 
0000b960: 646c656c 646d656d 666c676c 666d676d 
0000b970: 646e656e 646f656f 666e676e 666f676f 
0000b980: 68686968 68696969 6a686b68 6a696b69 
0000b990: 686a696a 686b696b 6a6a6b6a 6a6b6b6b 
0000b9a0: 6c686d68 6c696d69 6e686f68 6e696f69 
0000b9b0: 6c6a6d6a 6c6b6d6b 6e6a6f6a 6e6b6f6b 
0000b9c0: 686c696c 686d696d 6a6c6b6c 6a6d6b6d 
0000b9d0: 686e696e 686f696f 6a6e6b6e 6a6f6b6f 
0000b9e0: 6c6c6d6c 6c6d6d6d 6e6c6f6c 6e6d6f6d 
0000b9f0: 6c6e6d6e 6c6f6d6f 6e6e6f6e 6e6f6f6f 
0000ba00: 70607160 70617161 72607360 72617361 
0000ba10: 70627162 70637163 72627362 72637363 
0000ba20: 74607560 74617561 76607760 76617761 
0000ba30: 74627562 74637563 76627762 76637763 
0000ba40: 70647164 70657165 72647364 72657365 
0000ba50: 70667166 70677167 72667366 72677367 
0000ba60: 74647564 74657565 76647764 76657765 
0000ba70: 74667566 74677567 76667766 76677767 
0000ba80: 78607960 78617961 7a607b60 7a617b61 
0000ba90: 78627962 78637963 7a627b62 7a637b63 
0000baa0: 7c607d60 7c617d61 7e607f60 7e617f61 
0000bab0: 7c627d62 7c637d63 7e627f62 7e637f63 
0000bac0: 78647964 78657965 7a647b64 7a657b65 
0000bad0: 78667966 78677967 7a667b66 7a677b67 
0000bae0: 7c647d64 7c657d65 7e647f64 7e657f65 
0000baf0: 7c667d66 7c677d67 7e667f66 7e677f67 
0000bb00: 70687168 70697169 72687368 72697369 
0000bb10: 706a716a 706b716b 726a736a 726b736b 
0000bb20: 74687568 74697569 76687768 76697769 
0000bb30: 746a756a 746b756b 766a776a 766b776b 
0000bb40: 706c716c 706d716d 726c736c 726d736d 
0000bb50: 706e716e 706f716f 726e736e 726f736f 
0000bb60: 746c756c 746d756d 766c776c 766d776d 
0000bb70: 746e756e 746f756f 766e776e 766f776f 
0000bb80: 78687968 78697969 7a687b68 7a697b69 
0000bb90: 786a796a 786b796b 7a6a7b6a 7a6b7b6b 
0000bba0: 7c687d68 7c697d69 7e687f68 7e697f69 
0000bbb0: 7c6a7d6a 7c6b7d6b 7e6a7f6a 7e6b7f6b 
0000bbc0: 786c796c 786d796d 7a6c7b6c 7a6d7b6d 
0000bbd0: 786e796e 786f796f 7a6e7b6e 7a6f7b6f 
0000bbe0: 7c6c7d6c 7c6d7d6d 7e6c7f6c 7e6d7f6d 
0000bbf0: 7c6e7d6e 7c6f7d6f 7e6e7f6e 7e6f7f6f 
0000bc00: 60706170 60716171 62706370 62716371 
0000bc10: 60726172 60736173 62726372 62736373 
0000bc20: 64706570 64716571 66706770 66716771 
0000bc30: 64726572 64736573 66726772 66736773 
0000bc40: 60746174 60756175 62746374 62756375 
0000bc50: 60766176 60776177 62766376 62776377 
0000bc60: 64746574 64756575 66746774 66756775 
0000bc70: 64766576 64776577 66766776 66776777 
0000bc80: 68706970 68716971 6a706b70 6a716b71 
0000bc90: 68726972 68736973 6a726b72 6a736b73 
0000bca0: 6c706d70 6c716d71 6e706f70 6e716f71 
0000bcb0: 6c726d72 6c736d73 6e726f72 6e736f73 
0000bcc0: 68746974 68756975 6a746b74 6a756b75 
0000bcd0: 68766976 68776977 6a766b76 6a776b77 
0000bce0: 6c746d74 6c756d75 6e746f74 6e756f75 
0000bcf0: 6c766d76 6c776d77 6e766f76 6e776f77 
0000bd00: 60786178 60796179 62786378 62796379 
0000bd10: 607a617a 607b617b 627a637a 627b637b 
0000bd20: 64786578 64796579 66786778 66796779 
0000bd30: 647a657a 647b657b 667a677a 667b677b 
0000bd40: 607c617c 607d617d 627c637c 627d637d 
0000bd50: 607e617e 607f617f 627e637e 627f637f 
0000bd60: 647c657c 647d657d 667c677c 667d677d 
0000bd70: 647e657e 647f657f 667e677e 667f677f 
0000bd80: 68786978 68796979 6a786b78 6a796b79 
0000bd90: 687a697a 687b697b 6a7a6b7a 6a7b6b7b 
0000bda0: 6c786d78 6c796d79 6e786f78 6e796f79 
0000bdb0: 6c7a6d7a 6c7b6d7b 6e7a6f7a 6e7b6f7b 
0000bdc0: 687c697c 687d697d 6a7c6b7c 6a7d6b7d 
0000bdd0: 687e697e 687f697f 6a7e6b7e 6a7f6b7f 
0000bde0: 6c7c6d7c 6c7d6d7d 6e7c6f7c 6e7d6f7d 
0000bdf0: 6c7e6d7e 6c7f6d7f 6e7e6f7e 6e7f6f7f 
0000be00: 70707170 70717171 72707370 72717371 
0000be10: 70727172 70737173 72727372 72737373 
0000be20: 74707570 74717571 76707770 76717771 
0000be30: 74727572 74737573 76727772 76737773 
0000be40: 70747174 70757175 72747374 72757375 
0000be50: 70767176 70777177 72767376 72777377 
0000be60: 74747574 74757575 76747774 76757775 
0000be70: 74767576 74777577 76767776 76777777 
0000be80: 78707970 78717971 7a707b70 7a717b71 
0000be90: 78727972 78737973 7a727b72 7a737b73 
0000bea0: 7c707d70 7c717d71 7e707f70 7e717f71 
0000beb0: 7c727d72 7c737d73 7e727f72 7e737f73 
0000bec0: 78747974 78757975 7a747b74 7a757b75 
0000bed0: 78767976 78777977 7a767b76 7a777b77 
0000bee0: 7c747d74 7c757d75 7e747f74 7e757f75 
0000bef0: 7c767d76 7c777d77 7e767f76 7e777f77 
0000bf00: 70787178 70797179 72787378 72797379 
0000bf10: 707a717a 707b717b 727a737a 727b737b 
0000bf20: 74787578 74797579 76787778 76797779 
0000bf30: 747a757a 747b757b 767a777a 767b777b 
0000bf40: 707c717c 707d717d 727c737c 727d737d 
0000bf50: 707e717e 707f717f 727e737e 727f737f 
0000bf60: 747c757c 747d757d 767c777c 767d777d 
0000bf70: 747e757e 747f757f 767e777e 767f777f 
0000bf80: 78787978 78797979 7a787b78 7a797b79 
0000bf90: 787a797a 787b797b 7a7a7b7a 7a7b7b7b 
0000bfa0: 7c787d78 7c797d79 7e787f78 7e797f79 
0000bfb0: 7c7a7d7a 7c7b7d7b 7e7a7f7a 7e7b7f7b 
0000bfc0: 787c797c 787d797d 7a7c7b7c 7a7d7b7d 
0000bfd0: 787e797e 787f797f 7a7e7b7e 7a7f7b7f 
0000bfe0: 7c7c7d7c 7c7d7d7d 7e7c7f7c 7e7d7f7d 
0000bff0: 7c7e7d7e 7c7f7d7f 7e7e7f7e 7e7f7f7f 
0000c000: 80408140 80418141 82408340 82418341 
0000c010: 80428142 80438143 82428342 82438343 
0000c020: 84408540 84418541 86408740 86418741 
0000c030: 84428542 84438543 86428742 86438743 
0000c040: 80448144 80458145 82448344 82458345 
0000c050: 80468146 80478147 82468346 82478347 
0000c060: 84448544 84458545 86448744 86458745 
0000c070: 84468546 84478547 86468746 86478747 
0000c080: 88408940 88418941 8a408b40 8a418b41 
0000c090: 88428942 88438943 8a428b42 8a438b43 
0000c0a0: 8c408d40 8c418d41 8e408f40 8e418f41 
0000c0b0: 8c428d42 8c438d43 8e428f42 8e438f43 
0000c0c0: 88448944 88458945 8a448b44 8a458b45 
0000c0d0: 88468946 88478947 8a468b46 8a478b47 
0000c0e0: 8c448d44 8c458d45 8e448f44 8e458f45 
0000c0f0: 8c468d46 8c478d47 8e468f46 8e478f47 
0000c100: 80488148 80498149 82488348 82498349 
0000c110: 804a814a 804b814b 824a834a 824b834b 
0000c120: 84488548 84498549 86488748 86498749 
0000c130: 844a854a 844b854b 864a874a 864b874b 
0000c140: 804c814c 804d814d 824c834c 824d834d 
0000c150: 804e814e 804f814f 824e834e 824f834f 
0000c160: 844c854c 844d854d 864c874c 864d874d 
0000c170: 844e854e 844f854f 864e874e 864f874f 
0000c180: 88488948 88498949 8a488b48 8a498b49 
0000c190: 884a894a 884b894b 8a4a8b4a 8a4b8b4b 
0000c1a0: 8c488d48 8c498d49 8e488f48 8e498f49 
0000c1b0: 8c4a8d4a 8c4b8d4b 8e4a8f4a 8e4b8f4b 
0000c1c0: 884c894c 884d894d 8a4c8b4c 8a4d8b4d 
0000c1d0: 884e894e 884f894f 8a4e8b4e 8a4f8b4f 
0000c1e0: 8c4c8d4c 8c4d8d4d 8e4c8f4c 8e4d8f4d 
0000c1f0: 8c4e8d4e 8c4f8d4f 8e4e8f4e 8e4f8f4f 
0000c200: 90409140 90419141 92409340 92419341 
0000c210: 90429142 90439143 92429342 92439343 
0000c220: 94409540 94419541 96409740 96419741 
0000c230: 94429542 94439543 96429742 96439743 
0000c240: 90449144 90459145 92449344 92459345 
0000c250: 90469146 90479147 92469346 92479347 
0000c260: 94449544 94459545 96449744 96459745 
0000c270: 94469546 94479547 96469746 96479747 
0000c280: 98409940 98419941 9a409b40 9a419b41 
0000c290: 98429942 98439943 9a429b42 9a439b43 
0000c2a0: 9c409d40 9c419d41 9e409f40 9e419f41 
0000c2b0: 9c429d42 9c439d43 9e429f42 9e439f43 
0000c2c0: 98449944 98459945 9a449b44 9a459b45 
0000c2d0: 98469946 98479947 9a469b46 9a479b47 
0000c2e0: 9c449d44 9c459d45 9e449f44 9e459f45 
0000c2f0: 9c469d46 9c479d47 9e469f46 9e479f47 
0000c300: 90489148 90499149 92489348 92499349 
0000c310: 904a914a 904b914b 924a934a 924b934b 
0000c320: 94489548 94499549 96489748 96499749 
0000c330: 944a954a 944b954b 964a974a 964b974b 
0000c340: 904c914c 904d914d 924c934c 924d934d 
0000c350: 904e914e 904f914f 924e934e 924f934f 
0000c360: 944c954c 944d954d 964c974c 964d974d 
0000c370: 944e954e 944f954f 964e974e 964f974f 
0000c380: 98489948 98499949 9a489b48 9a499b49 
0000c390: 984a994a 984b994b 9a4a9b4a 9a4b9b4b 
0000c3a0: 9c489d48 9c499d49 9e489f48 9e499f49 
0000c3b0: 9c4a9d4a 9c4b9d4b 9e4a9f4a 9e4b9f4b 
0000c3c0: 984c994c 984d994d 9a4c9b4c 9a4d9b4d 
0000c3d0: 984e994e 984f994f 9a4e9b4e 9a4f9b4f 
0000c3e0: 9c4c9d4c 9c4d9d4d 9e4c9f4c 9e4d9f4d 
0000c3f0: 9c4e9d4e 9c4f9d4f 9e4e9f4e 9e4f9f4f 
0000c400: 80508150 80518151 82508350 82518351 
0000c410: 80528152 80538153 82528352 82538353 
0000c420: 84508550 84518551 86508750 86518751 
0000c430: 84528552 84538553 86528752 86538753 
0000c440: 80548154 80558155 82548354 82558355 
0000c450: 80568156 80578157 82568356 82578357 
0000c460: 84548554 84558555 86548754 86558755 
0000c470: 84568556 84578557 86568756 86578757 
0000c480: 88508950 88518951 8a508b50 8a518b51 
0000c490: 88528952 88538953 8a528b52 8a538b53 
0000c4a0: 8c508d50 8c518d51 8e508f50 8e518f51 
0000c4b0: 8c528d52 8c538d53 8e528f52 8e538f53 
0000c4c0: 88548954 88558955 8a548b54 8a558b55 
0000c4d0: 88568956 88578957 8a568b56 8a578b57 
0000c4e0: 8c548d54 8c558d55 8e548f54 8e558f55 
0000c4f0: 8c568d56 8c578d57 8e568f56 8e578f57 
0000c500: 80588158 80598159 82588358 82598359 
0000c510: 805a815a 805b815b 825a835a 825b835b 
0000c520: 84588558 84598559 86588758 86598759 
0000c530: 845a855a 845b855b 865a875a 865b875b 
0000c540: 805c815c 805d815d 825c835c 825d835d 
0000c550: 805e815e 805f815f 825e835e 825f835f 
0000c560: 845c855c 845d855d 865c875c 865d875d 
0000c570: 845e855e 845f855f 865e875e 865f875f 
0000c580: 88588958 88598959 8a588b58 8a598b59 
0000c590: 885a895a 885b895b 8a5a8b5a 8a5b8b5b 
0000c5a0: 8c588d58 8c598d59 8e588f58 8e598f59 
0000c5b0: 8c5a8d5a 8c5b8d5b 8e5a8f5a 8e5b8f5b 
0000c5c0: 885c895c 885d895d 8a5c8b5c 8a5d8b5d 
0000c5d0: 885e895e 885f895f 8a5e8b5e 8a5f8b5f 
0000c5e0: 8c5c8d5c 8c5d8d5d 8e5c8f5c 8e5d8f5d 
0000c5f0: 8c5e8d5e 8c5f8d5f 8e5e8f5e 8e5f8f5f 
0000c600: 90509150 90519151 92509350 92519351 
0000c610: 90529152 90539153 92529352 92539353 
0000c620: 94509550 94519551 96509750 96519751 
0000c630: 94529552 94539553 96529752 96539753 
0000c640: 90549154 90559155 92549354 92559355 
0000c650: 90569156 90579157 92569356 92579357 
0000c660: 94549554 94559555 96549754 96559755 
0000c670: 94569556 94579557 96569756 96579757 
0000c680: 98509950 98519951 9a509b50 9a519b51 
0000c690: 98529952 98539953 9a529b52 9a539b53 
0000c6a0: 9c509d50 9c519d51 9e509f50 9e519f51 
0000c6b0: 9c529d52 9c539d53 9e529f52 9e539f53 
0000c6c0: 98549954 98559955 9a549b54 9a559b55 
0000c6d0: 98569956 98579957 9a569b56 9a579b57 
0000c6e0: 9c549d54 9c559d55 9e549f54 9e559f55 
0000c6f0: 9c569d56 9c579d57 9e569f56 9e579f57 
0000c700: 90589158 90599159 92589358 92599359 
0000c710: 905a915a 905b915b 925a935a 925b935b 
0000c720: 94589558 94599559 96589758 96599759 
0000c730: 945a955a 945b955b 965a975a 965b975b 
0000c740: 905c915c 905d915d 925c935c 925d935d 
0000c750: 905e915e 905f915f 925e935e 925f935f 
0000c760: 945c955c 945d955d 965c975c 965d975d 
0000c770: 945e955e 945f955f 965e975e 965f975f 
0000c780: 98589958 98599959 9a589b58 9a599b59 
0000c790: 985a995a 985b995b 9a5a9b5a 9a5b9b5b 
0000c7a0: 9c589d58 9c599d59 9e589f58 9e599f59 
0000c7b0: 9c5a9d5a 9c5b9d5b 9e5a9f5a 9e5b9f5b 
0000c7c0: 985c995c 985d995d 9a5c9b5c 9a5d9b5d 
0000c7d0: 985e995e 985f995f 9a5e9b5e 9a5f9b5f 
0000c7e0: 9c5c9d5c 9c5d9d5d 9e5c9f5c 9e5d9f5d 
0000c7f0: 9c5e9d5e 9c5f9d5f 9e5e9f5e 9e5f9f5f 
0000c800: a040a140 a041a141 a240a340 a241a341 
0000c810: a042a142 a043a143 a242a342 a243a343 
0000c820: a440a540 a441a541 a640a740 a641a741 
0000c830: a442a542 a443a543 a642a742 a643a743 
0000c840: a044a144 a045a145 a244a344 a245a345 
0000c850: a046a146 a047a147 a246a346 a247a347 
0000c860: a444a544 a445a545 a644a744 a645a745 
0000c870: a446a546 a447a547 a646a746 a647a747 
0000c880: a840a940 a841a941 aa40ab40 aa41ab41 
0000c890: a842a942 a843a943 aa42ab42 aa43ab43 
0000c8a0: ac40ad40 ac41ad41 ae40af40 ae41af41 
0000c8b0: ac42ad42 ac43ad43 ae42af42 ae43af43 
0000c8c0: a844a944 a845a945 aa44ab44 aa45ab45 
0000c8d0: a846a946 a847a947 aa46ab46 aa47ab47 
0000c8e0: ac44ad44 ac45ad45 ae44af44 ae45af45 
0000c8f0: ac46ad46 ac47ad47 ae46af46 ae47af47 
0000c900: a048a148 a049a149 a248a348 a249a349 
0000c910: a04aa14a a04ba14b a24aa34a a24ba34b 
0000c920: a448a548 a449a549 a648a748 a649a749 
0000c930: a44aa54a a44ba54b a64aa74a a64ba74b 
0000c940: a04ca14c a04da14d a24ca34c a24da34d 
0000c950: a04ea14e a04fa14f a24ea34e a24fa34f 
0000c960: a44ca54c a44da54d a64ca74c a64da74d 
0000c970: a44ea54e a44fa54f a64ea74e a64fa74f 
0000c980: a848a948 a849a949 aa48ab48 aa49ab49 
0000c990: a84aa94a a84ba94b aa4aab4a aa4bab4b 
0000c9a0: ac48ad48 ac49ad49 ae48af48 ae49af49 
0000c9b0: ac4aad4a ac4bad4b ae4aaf4a ae4baf4b 
0000c9c0: a84ca94c a84da94d aa4cab4c aa4dab4d 
0000c9d0: a84ea94e a84fa94f aa4eab4e aa4fab4f 
0000c9e0: ac4cad4c ac4dad4d ae4caf4c ae4daf4d 
0000c9f0: ac4ead4e ac4fad4f ae4eaf4e ae4faf4f 
0000ca00: b040b140 b041b141 b240b340 b241b341 
0000ca10: b042b142 b043b143 b242b342 b243b343 
0000ca20: b440b540 b441b541 b640b740 b641b741 
0000ca30: b442b542 b443b543 b642b742 b643b743 
0000ca40: b044b144 b045b145 b244b344 b245b345 
0000ca50: b046b146 b047b147 b246b346 b247b347 
0000ca60: b444b544 b445b545 b644b744 b645b745 
0000ca70: b446b546 b447b547 b646b746 b647b747 
0000ca80: b840b940 b841b941 ba40bb40 ba41bb41 
0000ca90: b842b942 b843b943 ba42bb42 ba43bb43 
0000caa0: bc40bd40 bc41bd41 be40bf40 be41bf41 
0000cab0: bc42bd42 bc43bd43 be42bf42 be43bf43 
0000cac0: b844b944 b845b945 ba44bb44 ba45bb45 
0000cad0: b846b946 b847b947 ba46bb46 ba47bb47 
0000cae0: bc44bd44 bc45bd45 be44bf44 be45bf45 
0000caf0: bc46bd46 bc47bd47 be46bf46 be47bf47 
0000cb00: b048b148 b049b149 b248b348 b249b349 
0000cb10: b04ab14a b04bb14b b24ab34a b24bb34b 
0000cb20: b448b548 b449b549 b648b748 b649b749 
0000cb30: b44ab54a b44bb54b b64ab74a b64bb74b 
0000cb40: b04cb14c b04db14d b24cb34c b24db34d 
0000cb50: b04eb14e b04fb14f b24eb34e b24fb34f 
0000cb60: b44cb54c b44db54d b64cb74c b64db74d 
0000cb70: b44eb54e b44fb54f b64eb74e b64fb74f 
0000cb80: b848b948 b849b949 ba48bb48 ba49bb49 
0000cb90: b84ab94a b84bb94b ba4abb4a ba4bbb4b 
0000cba0: bc48bd48 bc49bd49 be48bf48 be49bf49 
0000cbb0: bc4abd4a bc4bbd4b be4abf4a be4bbf4b 
0000cbc0: b84cb94c b84db94d ba4cbb4c ba4dbb4d 
0000cbd0: b84eb94e b84fb94f ba4ebb4e ba4fbb4f 
0000cbe0: bc4cbd4c bc4dbd4d be4cbf4c be4dbf4d 
0000cbf0: bc4ebd4e bc4fbd4f be4ebf4e be4fbf4f 
0000cc00: a050a150 a051a151 a250a350 a251a351 
0000cc10: a052a152 a053a153 a252a352 a253a353 
0000cc20: a450a550 a451a551 a650a750 a651a751 
0000cc30: a452a552 a453a553 a652a752 a653a753 
0000cc40: a054a154 a055a155 a254a354 a255a355 
0000cc50: a056a156 a057a157 a256a356 a257a357 
0000cc60: a454a554 a455a555 a654a754 a655a755 
0000cc70: a456a556 a457a557 a656a756 a657a757 
0000cc80: a850a950 a851a951 aa50ab50 aa51ab51 
0000cc90: a852a952 a853a953 aa52ab52 aa53ab53 
0000cca0: ac50ad50 ac51ad51 ae50af50 ae51af51 
0000ccb0: ac52ad52 ac53ad53 ae52af52 ae53af53 
0000ccc0: a854a954 a855a955 aa54ab54 aa55ab55 
0000ccd0: a856a956 a857a957 aa56ab56 aa57ab57 
0000cce0: ac54ad54 ac55ad55 ae54af54 ae55af55 
0000ccf0: ac56ad56 ac57ad57 ae56af56 ae57af57 
0000cd00: a058a158 a059a159 a258a358 a259a359 
0000cd10: a05aa15a a05ba15b a25aa35a a25ba35b 
0000cd20: a458a558 a459a559 a658a758 a659a759 
0000cd30: a45aa55a a45ba55b a65aa75a a65ba75b 
0000cd40: a05ca15c a05da15d a25ca35c a25da35d 
0000cd50: a05ea15e a05fa15f a25ea35e a25fa35f 
0000cd60: a45ca55c a45da55d a65ca75c a65da75d 
0000cd70: a45ea55e a45fa55f a65ea75e a65fa75f 
0000cd80: a858a958 a859a959 aa58ab58 aa59ab59 
0000cd90: a85aa95a a85ba95b aa5aab5a aa5bab5b 
0000cda0: ac58ad58 ac59ad59 ae58af58 ae59af59 
0000cdb0: ac5aad5a ac5bad5b ae5aaf5a ae5baf5b 
0000cdc0: a85ca95c a85da95d aa5cab5c aa5dab5d 
0000cdd0: a85ea95e a85fa95f aa5eab5e aa5fab5f 
0000cde0: ac5cad5c ac5dad5d ae5caf5c ae5daf5d 
0000cdf0: ac5ead5e ac5fad5f ae5eaf5e ae5faf5f 
0000ce00: b050b150 b051b151 b250b350 b251b351 
0000ce10: b052b152 b053b153 b252b352 b253b353 
0000ce20: b450b550 b451b551 b650b750 b651b751 
0000ce30: b452b552 b453b553 b652b752 b653b753 
0000ce40: b054b154 b055b155 b254b354 b255b355 
0000ce50: b056b156 b057b157 b256b356 b257b357 
0000ce60: b454b554 b455b555 b654b754 b655b755 
0000ce70: b456b556 b457b557 b656b756 b657b757 
0000ce80: b850b950 b851b951 ba50bb50 ba51bb51 
0000ce90: b852b952 b853b953 ba52bb52 ba53bb53 
0000cea0: bc50bd50 bc51bd51 be50bf50 be51bf51 
0000ceb0: bc52bd52 bc53bd53 be52bf52 be53bf53 
0000cec0: b854b954 b855b955 ba54bb54 ba55bb55 
0000ced0: b856b956 b857b957 ba56bb56 ba57bb57 
0000cee0: bc54bd54 bc55bd55 be54bf54 be55bf55 
0000cef0: bc56bd56 bc57bd57 be56bf56 be57bf57 
0000cf00: b058b158 b059b159 b258b358 b259b359 
0000cf10: b05ab15a b05bb15b b25ab35a b25bb35b 
0000cf20: b458b558 b459b559 b658b758 b659b759 
0000cf30: b45ab55a b45bb55b b65ab75a b65bb75b 
0000cf40: b05cb15c b05db15d b25cb35c b25db35d 
0000cf50: b05eb15e b05fb15f b25eb35e b25fb35f 
0000cf60: b45cb55c b45db55d b65cb75c b65db75d 
0000cf70: b45eb55e b45fb55f b65eb75e b65fb75f 
0000cf80: b858b958 b859b959 ba58bb58 ba59bb59 
0000cf90: b85ab95a b85bb95b ba5abb5a ba5bbb5b 
0000cfa0: bc58bd58 bc59bd59 be58bf58 be59bf59 
0000cfb0: bc5abd5a bc5bbd5b be5abf5a be5bbf5b 
0000cfc0: b85cb95c b85db95d ba5cbb5c ba5dbb5d 
0000cfd0: b85eb95e b85fb95f ba5ebb5e ba5fbb5f 
0000cfe0: bc5cbd5c bc5dbd5d be5cbf5c be5dbf5d 
0000cff0: bc5ebd5e bc5fbd5f be5ebf5e be5fbf5f 
0000d000: 80608160 80618161 82608360 82618361 
0000d010: 80628162 80638163 82628362 82638363 
0000d020: 84608560 84618561 86608760 86618761 
0000d030: 84628562 84638563 86628762 86638763 
0000d040: 80648164 80658165 82648364 82658365 
0000d050: 80668166 80678167 82668366 82678367 
0000d060: 84648564 84658565 86648764 86658765 
0000d070: 84668566 84678567 86668766 86678767 
0000d080: 88608960 88618961 8a608b60 8a618b61 
0000d090: 88628962 88638963 8a628b62 8a638b63 
0000d0a0: 8c608d60 8c618d61 8e608f60 8e618f61 
0000d0b0: 8c628d62 8c638d63 8e628f62 8e638f63 
0000d0c0: 88648964 88658965 8a648b64 8a658b65 
0000d0d0: 88668966 88678967 8a668b66 8a678b67 
0000d0e0: 8c648d64 8c658d65 8e648f64 8e658f65 
0000d0f0: 8c668d66 8c678d67 8e668f66 8e678f67 
0000d100: 80688168 80698169 82688368 82698369 
0000d110: 806a816a 806b816b 826a836a 826b836b 
0000d120: 84688568 84698569 86688768 86698769 
0000d130: 846a856a 846b856b 866a876a 866b876b 
0000d140: 806c816c 806d816d 826c836c 826d836d 
0000d150: 806e816e 806f816f 826e836e 826f836f 
0000d160: 846c856c 846d856d 866c876c 866d876d 
0000d170: 846e856e 846f856f 866e876e 866f876f 
0000d180: 88688968 88698969 8a688b68 8a698b69 
0000d190: 886a896a 886b896b 8a6a8b6a 8a6b8b6b 
0000d1a0: 8c688d68 8c698d69 8e688f68 8e698f69 
0000d1b0: 8c6a8d6a 8c6b8d6b 8e6a8f6a 8e6b8f6b 
0000d1c0: 886c896c 886d896d 8a6c8b6c 8a6d8b6d 
0000d1d0: 886e896e 886f896f 8a6e8b6e 8a6f8b6f 
0000d1e0: 8c6c8d6c 8c6d8d6d 8e6c8f6c 8e6d8f6d 
0000d1f0: 8c6e8d6e 8c6f8d6f 8e6e8f6e 8e6f8f6f 
0000d200: 90609160 90619161 92609360 92619361 
0000d210: 90629162 90639163 92629362 92639363 
0000d220: 94609560 94619561 96609760 96619761 
0000d230: 94629562 94639563 96629762 96639763 
0000d240: 90649164 90659165 92649364 92659365 
0000d250: 90669166 90679167 92669366 92679367 
0000d260: 94649564 94659565 96649764 96659765 
0000d270: 94669566 94679567 96669766 96679767 
0000d280: 98609960 98619961 9a609b60 9a619b61 
0000d290: 98629962 98639963 9a629b62 9a639b63 
0000d2a0: 9c609d60 9c619d61 9e609f60 9e619f61 
0000d2b0: 9c629d62 9c639d63 9e629f62 9e639f63 
0000d2c0: 98649964 98659965 9a649b64 9a659b65 
0000d2d0: 98669966 98679967 9a669b66 9a679b67 
0000d2e0: 9c649d64 9c659d65 9e649f64 9e659f65 
0000d2f0: 9c669d66 9c679d67 9e669f66 9e679f67 
0000d300: 90689168 90699169 92689368 92699369 
0000d310: 906a916a 906b916b 926a936a 926b936b 
0000d320: 94689568 94699569 96689768 96699769 
0000d330: 946a956a 946b956b 966a976a 966b976b 
0000d340: 906c916c 906d916d 926c936c 926d936d 
0000d350: 906e916e 906f916f 926e936e 926f936f 
0000d360: 946c956c 946d956d 966c976c 966d976d 
0000d370: 946e956e 946f956f 966e976e 966f976f 
0000d380: 98689968 98699969 9a689b68 9a699b69 
0000d390: 986a996a 986b996b 9a6a9b6a 9a6b9b6b 
0000d3a0: 9c689d68 9c699d69 9e689f68 9e699f69 
0000d3b0: 9c6a9d6a 9c6b9d6b 9e6a9f6a 9e6b9f6b 
0000d3c0: 986c996c 986d996d 9a6c9b6c 9a6d9b6d 
0000d3d0: 986e996e 986f996f 9a6e9b6e 9a6f9b6f 
0000d3e0: 9c6c9d6c 9c6d9d6d 9e6c9f6c 9e6d9f6d 
0000d3f0: 9c6e9d6e 9c6f9d6f 9e6e9f6e 9e6f9f6f 
0000d400: 80708170 80718171 82708370 82718371 
0000d410: 80728172 80738173 82728372 82738373 
0000d420: 84708570 84718571 86708770 86718771 
0000d430: 84728572 84738573 86728772 86738773 
0000d440: 80748174 80758175 82748374 82758375 
0000d450: 80768176 80778177 82768376 82778377 
0000d460: 84748574 84758575 86748774 86758775 
0000d470: 84768576 84778577 86768776 86778777 
0000d480: 88708970 88718971 8a708b70 8a718b71 
0000d490: 88728972 88738973 8a728b72 8a738b73 
0000d4a0: 8c708d70 8c718d71 8e708f70 8e718f71 
0000d4b0: 8c728d72 8c738d73 8e728f72 8e738f73 
0000d4c0: 88748974 88758975 8a748b74 8a758b75 
0000d4d0: 88768976 88778977 8a768b76 8a778b77 
0000d4e0: 8c748d74 8c758d75 8e748f74 8e758f75 
0000d4f0: 8c768d76 8c778d77 8e768f76 8e778f77 
0000d500: 80788178 80798179 82788378 82798379 
0000d510: 807a817a 807b817b 827a837a 827b837b 
0000d520: 84788578 84798579 86788778 86798779 
0000d530: 847a857a 847b857b 867a877a 867b877b 
0000d540: 807c817c 807d817d 827c837c 827d837d 
0000d550: 807e817e 807f817f 827e837e 827f837f 
0000d560: 847c857c 847d857d 867c877c 867d877d 
0000d570: 847e857e 847f857f 867e877e 867f877f 
0000d580: 88788978 88798979 8a788b78 8a798b79 
0000d590: 887a897a 887b897b 8a7a8b7a 8a7b8b7b 
0000d5a0: 8c788d78 8c798d79 8e788f78 8e798f79 
0000d5b0: 8c7a8d7a 8c7b8d7b 8e7a8f7a 8e7b8f7b 
0000d5c0: 887c897c 887d897d 8a7c8b7c 8a7d8b7d 
0000d5d0: 887e897e 887f897f 8a7e8b7e 8a7f8b7f 
0000d5e0: 8c7c8d7c 8c7d8d7d 8e7c8f7c 8e7d8f7d 
0000d5f0: 8c7e8d7e 8c7f8d7f 8e7e8f7e 8e7f8f7f 
0000d600: 90709170 90719171 92709370 92719371 
0000d610: 90729172 90739173 92729372 92739373 
0000d620: 94709570 94719571 96709770 96719771 
0000d630: 94729572 94739573 96729772 96739773 
0000d640: 90749174 90759175 92749374 92759375 
0000d650: 90769176 90779177 92769376 92779377 
0000d660: 94749574 94759575 96749774 96759775 
0000d670: 94769576 94779577 96769776 96779777 
0000d680: 98709970 98719971 9a709b70 9a719b71 
0000d690: 98729972 98739973 9a729b72 9a739b73 
0000d6a0: 9c709d70 9c719d71 9e709f70 9e719f71 
0000d6b0: 9c729d72 9c739d73 9e729f72 9e739f73 
0000d6c0: 98749974 98759975 9a749b74 9a759b75 
0000d6d0: 98769976 98779977 9a769b76 9a779b77 
0000d6e0: 9c749d74 9c759d75 9e749f74 9e759f75 
0000d6f0: 9c769d76 9c779d77 9e769f76 9e779f77 
0000d700: 90789178 90799179 92789378 92799379 
0000d710: 907a917a 907b917b 927a937a 927b937b 
0000d720: 94789578 94799579 96789778 96799779 
0000d730: 947a957a 947b957b 967a977a 967b977b 
0000d740: 907c917c 907d917d 927c937c 927d937d 
0000d750: 907e917e 907f917f 927e937e 927f937f 
0000d760: 947c957c 947d957d 967c977c 967d977d 
0000d770: 947e957e 947f957f 967e977e 967f977f 
0000d780: 98789978 98799979 9a789b78 9a799b79 
0000d790: 987a997a 987b997b 9a7a9b7a 9a7b9b7b 
0000d7a0: 9c789d78 9c799d79 9e789f78 9e799f79 
0000d7b0: 9c7a9d7a 9c7b9d7b 9e7a9f7a 9e7b9f7b 
0000d7c0: 987c997c 987d997d 9a7c9b7c 9a7d9b7d 
0000d7d0: 987e997e 987f997f 9a7e9b7e 9a7f9b7f 
0000d7e0: 9c7c9d7c 9c7d9d7d 9e7c9f7c 9e7d9f7d 
0000d7f0: 9c7e9d7e 9c7f9d7f 9e7e9f7e 9e7f9f7f 
0000d800: a060a160 a061a161 a260a360 a261a361 
0000d810: a062a162 a063a163 a262a362 a263a363 
0000d820: a460a560 a461a561 a660a760 a661a761 
0000d830: a462a562 a463a563 a662a762 a663a763 
0000d840: a064a164 a065a165 a264a364 a265a365 
0000d850: a066a166 a067a167 a266a366 a267a367 
0000d860: a464a564 a465a565 a664a764 a665a765 
0000d870: a466a566 a467a567 a666a766 a667a767 
0000d880: a860a960 a861a961 aa60ab60 aa61ab61 
0000d890: a862a962 a863a963 aa62ab62 aa63ab63 
0000d8a0: ac60ad60 ac61ad61 ae60af60 ae61af61 
0000d8b0: ac62ad62 ac63ad63 ae62af62 ae63af63 
0000d8c0: a864a964 a865a965 aa64ab64 aa65ab65 
0000d8d0: a866a966 a867a967 aa66ab66 aa67ab67 
0000d8e0: ac64ad64 ac65ad65 ae64af64 ae65af65 
0000d8f0: ac66ad66 ac67ad67 ae66af66 ae67af67 
0000d900: a068a168 a069a169 a268a368 a269a369 
0000d910: a06aa16a a06ba16b a26aa36a a26ba36b 
0000d920: a468a568 a469a569 a668a768 a669a769 
0000d930: a46aa56a a46ba56b a66aa76a a66ba76b 
0000d940: a06ca16c a06da16d a26ca36c a26da36d 
0000d950: a06ea16e a06fa16f a26ea36e a26fa36f 
0000d960: a46ca56c a46da56d a66ca76c a66da76d 
0000d970: a46ea56e a46fa56f a66ea76e a66fa76f 
0000d980: a868a968 a869a969 aa68ab68 aa69ab69 
0000d990: a86aa96a a86ba96b aa6aab6a aa6bab6b 
0000d9a0: ac68ad68 ac69ad69 ae68af68 ae69af69 
0000d9b0: ac6aad6a ac6bad6b ae6aaf6a ae6baf6b 
0000d9c0: a86ca96c a86da96d aa6cab6c aa6dab6d 
0000d9d0: a86ea96e a86fa96f aa6eab6e aa6fab6f 
0000d9e0: ac6cad6c ac6dad6d ae6caf6c ae6daf6d 
0000d9f0: ac6ead6e ac6fad6f ae6eaf6e ae6faf6f 
0000da00: b060b160 b061b161 b260b360 b261b361 
0000da10: b062b162 b063b163 b262b362 b263b363 
0000da20: b460b560 b461b561 b660b760 b661b761 
0000da30: b462b562 b463b563 b662b762 b663b763 
0000da40: b064b164 b065b165 b264b364 b265b365 
0000da50: b066b166 b067b167 b266b366 b267b367 
0000da60: b464b564 b465b565 b664b764 b665b765 
0000da70: b466b566 b467b567 b666b766 b667b767 
0000da80: b860b960 b861b961 ba60bb60 ba61bb61 
0000da90: b862b962 b863b963 ba62bb62 ba63bb63 
0000daa0: bc60bd60 bc61bd61 be60bf60 be61bf61 
0000dab0: bc62bd62 bc63bd63 be62bf62 be63bf63 
0000dac0: b864b964 b865b965 ba64bb64 ba65bb65 
0000dad0: b866b966 b867b967 ba66bb66 ba67bb67 
0000dae0: bc64bd64 bc65bd65 be64bf64 be65bf65 
0000daf0: bc66bd66 bc67bd67 be66bf66 be67bf67 
0000db00: b068b168 b069b169 b268b368 b269b369 
0000db10: b06ab16a b06bb16b b26ab36a b26bb36b 
0000db20: b468b568 b469b569 b668b768 b669b769 
0000db30: b46ab56a b46bb56b b66ab76a b66bb76b 
0000db40: b06cb16c b06db16d b26cb36c b26db36d 
0000db50: b06eb16e b06fb16f b26eb36e b26fb36f 
0000db60: b46cb56c b46db56d b66cb76c b66db76d 
0000db70: b46eb56e b46fb56f b66eb76e b66fb76f 
0000db80: b868b968 b869b969 ba68bb68 ba69bb69 
0000db90: b86ab96a b86bb96b ba6abb6a ba6bbb6b 
0000dba0: bc68bd68 bc69bd69 be68bf68 be69bf69 
0000dbb0: bc6abd6a bc6bbd6b be6abf6a be6bbf6b 
0000dbc0: b86cb96c b86db96d ba6cbb6c ba6dbb6d 
0000dbd0: b86eb96e b86fb96f ba6ebb6e ba6fbb6f 
0000dbe0: bc6cbd6c bc6dbd6d be6cbf6c be6dbf6d 
0000dbf0: bc6ebd6e bc6fbd6f be6ebf6e be6fbf6f 
0000dc00: a070a170 a071a171 a270a370 a271a371 
0000dc10: a072a172 a073a173 a272a372 a273a373 
0000dc20: a470a570 a471a571 a670a770 a671a771 
0000dc30: a472a572 a473a573 a672a772 a673a773 
0000dc40: a074a174 a075a175 a274a374 a275a375 
0000dc50: a076a176 a077a177 a276a376 a277a377 
0000dc60: a474a574 a475a575 a674a774 a675a775 
0000dc70: a476a576 a477a577 a676a776 a677a777 
0000dc80: a870a970 a871a971 aa70ab70 aa71ab71 
0000dc90: a872a972 a873a973 aa72ab72 aa73ab73 
0000dca0: ac70ad70 ac71ad71 ae70af70 ae71af71 
0000dcb0: ac72ad72 ac73ad73 ae72af72 ae73af73 
0000dcc0: a874a974 a875a975 aa74ab74 aa75ab75 
0000dcd0: a876a976 a877a977 aa76ab76 aa77ab77 
0000dce0: ac74ad74 ac75ad75 ae74af74 ae75af75 
0000dcf0: ac76ad76 ac77ad77 ae76af76 ae77af77 
0000dd00: a078a178 a079a179 a278a378 a279a379 
0000dd10: a07aa17a a07ba17b a27aa37a a27ba37b 
0000dd20: a478a578 a479a579 a678a778 a679a779 
0000dd30: a47aa57a a47ba57b a67aa77a a67ba77b 
0000dd40: a07ca17c a07da17d a27ca37c a27da37d 
0000dd50: a07ea17e a07fa17f a27ea37e a27fa37f 
0000dd60: a47ca57c a47da57d a67ca77c a67da77d 
0000dd70: a47ea57e a47fa57f a67ea77e a67fa77f 
0000dd80: a878a978 a879a979 aa78ab78 aa79ab79 
0000dd90: a87aa97a a87ba97b aa7aab7a aa7bab7b 
0000dda0: ac78ad78 ac79ad79 ae78af78 ae79af79 
0000ddb0: ac7aad7a ac7bad7b ae7aaf7a ae7baf7b 
0000ddc0: a87ca97c a87da97d aa7cab7c aa7dab7d 
0000ddd0: a87ea97e a87fa97f aa7eab7e aa7fab7f 
0000dde0: ac7cad7c ac7dad7d ae7caf7c ae7daf7d 
0000ddf0: ac7ead7e ac7fad7f ae7eaf7e ae7faf7f 
0000de00: b070b170 b071b171 b270b370 b271b371 
0000de10: b072b172 b073b173 b272b372 b273b373 
0000de20: b470b570 b471b571 b670b770 b671b771 
0000de30: b472b572 b473b573 b672b772 b673b773 
0000de40: b074b174 b075b175 b274b374 b275b375 
0000de50: b076b176 b077b177 b276b376 b277b377 
0000de60: b474b574 b475b575 b674b774 b675b775 
0000de70: b476b576 b477b577 b676b776 b677b777 
0000de80: b870b970 b871b971 ba70bb70 ba71bb71 
0000de90: b872b972 b873b973 ba72bb72 ba73bb73 
0000dea0: bc70bd70 bc71bd71 be70bf70 be71bf71 
0000deb0: bc72bd72 bc73bd73 be72bf72 be73bf73 
0000dec0: b874b974 b875b975 ba74bb74 ba75bb75 
0000ded0: b876b976 b877b977 ba76bb76 ba77bb77 
0000dee0: bc74bd74 bc75bd75 be74bf74 be75bf75 
0000def0: bc76bd76 bc77bd77 be76bf76 be77bf77 
0000df00: b078b178 b079b179 b278b378 b279b379 
0000df10: b07ab17a b07bb17b b27ab37a b27bb37b 
0000df20: b478b578 b479b579 b678b778 b679b779 
0000df30: b47ab57a b47bb57b b67ab77a b67bb77b 
0000df40: b07cb17c b07db17d b27cb37c b27db37d 
0000df50: b07eb17e b07fb17f b27eb37e b27fb37f 
0000df60: b47cb57c b47db57d b67cb77c b67db77d 
0000df70: b47eb57e b47fb57f b67eb77e b67fb77f 
0000df80: b878b978 b879b979 ba78bb78 ba79bb79 
0000df90: b87ab97a b87bb97b ba7abb7a ba7bbb7b 
0000dfa0: bc78bd78 bc79bd79 be78bf78 be79bf79 
0000dfb0: bc7abd7a bc7bbd7b be7abf7a be7bbf7b 
0000dfc0: b87cb97c b87db97d ba7cbb7c ba7dbb7d 
0000dfd0: b87eb97e b87fb97f ba7ebb7e ba7fbb7f 
0000dfe0: bc7cbd7c bc7dbd7d be7cbf7c be7dbf7d 
0000dff0: bc7ebd7e bc7fbd7f be7ebf7e be7fbf7f 
0000e000: c040c140 c041c141 c240c340 c241c341 
0000e010: c042c142 c043c143 c242c342 c243c343 
0000e020: c440c540 c441c541 c640c740 c641c741 
0000e030: c442c542 c443c543 c642c742 c643c743 
0000e040: c044c144 c045c145 c244c344 c245c345 
0000e050: c046c146 c047c147 c246c346 c247c347 
0000e060: c444c544 c445c545 c644c744 c645c745 
0000e070: c446c546 c447c547 c646c746 c647c747 
0000e080: c840c940 c841c941 ca40cb40 ca41cb41 
0000e090: c842c942 c843c943 ca42cb42 ca43cb43 
0000e0a0: cc40cd40 cc41cd41 ce40cf40 ce41cf41 
0000e0b0: cc42cd42 cc43cd43 ce42cf42 ce43cf43 
0000e0c0: c844c944 c845c945 ca44cb44 ca45cb45 
0000e0d0: c846c946 c847c947 ca46cb46 ca47cb47 
0000e0e0: cc44cd44 cc45cd45 ce44cf44 ce45cf45 
0000e0f0: cc46cd46 cc47cd47 ce46cf46 ce47cf47 
0000e100: c048c148 c049c149 c248c348 c249c349 
0000e110: c04ac14a c04bc14b c24ac34a c24bc34b 
0000e120: c448c548 c449c549 c648c748 c649c749 
0000e130: c44ac54a c44bc54b c64ac74a c64bc74b 
0000e140: c04cc14c c04dc14d c24cc34c c24dc34d 
0000e150: c04ec14e c04fc14f c24ec34e c24fc34f 
0000e160: c44cc54c c44dc54d c64cc74c c64dc74d 
0000e170: c44ec54e c44fc54f c64ec74e c64fc74f 
0000e180: c848c948 c849c949 ca48cb48 ca49cb49 
0000e190: c84ac94a c84bc94b ca4acb4a ca4bcb4b 
0000e1a0: cc48cd48 cc49cd49 ce48cf48 ce49cf49 
0000e1b0: cc4acd4a cc4bcd4b ce4acf4a ce4bcf4b 
0000e1c0: c84cc94c c84dc94d ca4ccb4c ca4dcb4d 
0000e1d0: c84ec94e c84fc94f ca4ecb4e ca4fcb4f 
0000e1e0: cc4ccd4c cc4dcd4d ce4ccf4c ce4dcf4d 
0000e1f0: cc4ecd4e cc4fcd4f ce4ecf4e ce4fcf4f 
0000e200: d040d140 d041d141 d240d340 d241d341 
0000e210: d042d142 d043d143 d242d342 d243d343 
0000e220: d440d540 d441d541 d640d740 d641d741 
0000e230: d442d542 d443d543 d642d742 d643d743 
0000e240: d044d144 d045d145 d244d344 d245d345 
0000e250: d046d146 d047d147 d246d346 d247d347 
0000e260: d444d544 d445d545 d644d744 d645d745 
0000e270: d446d546 d447d547 d646d746 d647d747 
0000e280: d840d940 d841d941 da40db40 da41db41 
0000e290: d842d942 d843d943 da42db42 da43db43 
0000e2a0: dc40dd40 dc41dd41 de40df40 de41df41 
0000e2b0: dc42dd42 dc43dd43 de42df42 de43df43 
0000e2c0: d844d944 d845d945 da44db44 da45db45 
0000e2d0: d846d946 d847d947 da46db46 da47db47 
0000e2e0: dc44dd44 dc45dd45 de44df44 de45df45 
0000e2f0: dc46dd46 dc47dd47 de46df46 de47df47 
0000e300: d048d148 d049d149 d248d348 d249d349 
0000e310: d04ad14a d04bd14b d24ad34a d24bd34b 
0000e320: d448d548 d449d549 d648d748 d649d749 
0000e330: d44ad54a d44bd54b d64ad74a d64bd74b 
0000e340: d04cd14c d04dd14d d24cd34c d24dd34d 
0000e350: d04ed14e d04fd14f d24ed34e d24fd34f 
0000e360: d44cd54c d44dd54d d64cd74c d64dd74d 
0000e370: d44ed54e d44fd54f d64ed74e d64fd74f 
0000e380: d848d948 d849d949 da48db48 da49db49 
0000e390: d84ad94a d84bd94b da4adb4a da4bdb4b 
0000e3a0: dc48dd48 dc49dd49 de48df48 de49df49 
0000e3b0: dc4add4a dc4bdd4b de4adf4a de4bdf4b 
0000e3c0: d84cd94c d84dd94d da4cdb4c da4ddb4d 
0000e3d0: d84ed94e d84fd94f da4edb4e da4fdb4f 
0000e3e0: dc4cdd4c dc4ddd4d de4cdf4c de4ddf4d 
0000e3f0: dc4edd4e dc4fdd4f de4edf4e de4fdf4f 
0000e400: c050c150 c051c151 c250c350 c251c351 
0000e410: c052c152 c053c153 c252c352 c253c353 
0000e420: c450c550 c451c551 c650c750 c651c751 
0000e430: c452c552 c453c553 c652c752 c653c753 
0000e440: c054c154 c055c155 c254c354 c255c355 
0000e450: c056c156 c057c157 c256c356 c257c357 
0000e460: c454c554 c455c555 c654c754 c655c755 
0000e470: c456c556 c457c557 c656c756 c657c757 
0000e480: c850c950 c851c951 ca50cb50 ca51cb51 
0000e490: c852c952 c853c953 ca52cb52 ca53cb53 
0000e4a0: cc50cd50 cc51cd51 ce50cf50 ce51cf51 
0000e4b0: cc52cd52 cc53cd53 ce52cf52 ce53cf53 
0000e4c0: c854c954 c855c955 ca54cb54 ca55cb55 
0000e4d0: c856c956 c857c957 ca56cb56 ca57cb57 
0000e4e0: cc54cd54 cc55cd55 ce54cf54 ce55cf55 
0000e4f0: cc56cd56 cc57cd57 ce56cf56 ce57cf57 
0000e500: c058c158 c059c159 c258c358 c259c359 
0000e510: c05ac15a c05bc15b c25ac35a c25bc35b 
0000e520: c458c558 c459c559 c658c758 c659c759 
0000e530: c45ac55a c45bc55b c65ac75a c65bc75b 
0000e540: c05cc15c c05dc15d c25cc35c c25dc35d 
0000e550: c05ec15e c05fc15f c25ec35e c25fc35f 
0000e560: c45cc55c c45dc55d c65cc75c c65dc75d 
0000e570: c45ec55e c45fc55f c65ec75e c65fc75f 
0000e580: c858c958 c859c959 ca58cb58 ca59cb59 
0000e590: c85ac95a c85bc95b ca5acb5a ca5bcb5b 
0000e5a0: cc58cd58 cc59cd59 ce58cf58 ce59cf59 
0000e5b0: cc5acd5a cc5bcd5b ce5acf5a ce5bcf5b 
0000e5c0: c85cc95c c85dc95d ca5ccb5c ca5dcb5d 
0000e5d0: c85ec95e c85fc95f ca5ecb5e ca5fcb5f 
0000e5e0: cc5ccd5c cc5dcd5d ce5ccf5c ce5dcf5d 
0000e5f0: cc5ecd5e cc5fcd5f ce5ecf5e ce5fcf5f 
0000e600: d050d150 d051d151 d250d350 d251d351 
0000e610: d052d152 d053d153 d252d352 d253d353 
0000e620: d450d550 d451d551 d650d750 d651d751 
0000e630: d452d552 d453d553 d652d752 d653d753 
0000e640: d054d154 d055d155 d254d354 d255d355 
0000e650: d056d156 d057d157 d256d356 d257d357 
0000e660: d454d554 d455d555 d654d754 d655d755 
0000e670: d456d556 d457d557 d656d756 d657d757 
0000e680: d850d950 d851d951 da50db50 da51db51 
0000e690: d852d952 d853d953 da52db52 da53db53 
0000e6a0: dc50dd50 dc51dd51 de50df50 de51df51 
0000e6b0: dc52dd52 dc53dd53 de52df52 de53df53 
0000e6c0: d854d954 d855d955 da54db54 da55db55 
0000e6d0: d856d956 d857d957 da56db56 da57db57 
0000e6e0: dc54dd54 dc55dd55 de54df54 de55df55 
0000e6f0: dc56dd56 dc57dd57 de56df56 de57df57 
0000e700: d058d158 d059d159 d258d358 d259d359 
0000e710: d05ad15a d05bd15b d25ad35a d25bd35b 
0000e720: d458d558 d459d559 d658d758 d659d759 
0000e730: d45ad55a d45bd55b d65ad75a d65bd75b 
0000e740: d05cd15c d05dd15d d25cd35c d25dd35d 
0000e750: d05ed15e d05fd15f d25ed35e d25fd35f 
0000e760: d45cd55c d45dd55d d65cd75c d65dd75d 
0000e770: d45ed55e d45fd55f d65ed75e d65fd75f 
0000e780: d858d958 d859d959 da58db58 da59db59 
0000e790: d85ad95a d85bd95b da5adb5a da5bdb5b 
0000e7a0: dc58dd58 dc59dd59 de58df58 de59df59 
0000e7b0: dc5add5a dc5bdd5b de5adf5a de5bdf5b 
0000e7c0: d85cd95c d85dd95d da5cdb5c da5ddb5d 
0000e7d0: d85ed95e d85fd95f da5edb5e da5fdb5f 
0000e7e0: dc5cdd5c dc5ddd5d de5cdf5c de5ddf5d 
0000e7f0: dc5edd5e dc5fdd5f de5edf5e de5fdf5f 
0000e800: e040e140 e041e141 e240e340 e241e341 
0000e810: e042e142 e043e143 e242e342 e243e343 
0000e820: e440e540 e441e541 e640e740 e641e741 
0000e830: e442e542 e443e543 e642e742 e643e743 
0000e840: e044e144 e045e145 e244e344 e245e345 
0000e850: e046e146 e047e147 e246e346 e247e347 
0000e860: e444e544 e445e545 e644e744 e645e745 
0000e870: e446e546 e447e547 e646e746 e647e747 
0000e880: e840e940 e841e941 ea40eb40 ea41eb41 
0000e890: e842e942 e843e943 ea42eb42 ea43eb43 
0000e8a0: ec40ed40 ec41ed41 ee40ef40 ee41ef41 
0000e8b0: ec42ed42 ec43ed43 ee42ef42 ee43ef43 
0000e8c0: e844e944 e845e945 ea44eb44 ea45eb45 
0000e8d0: e846e946 e847e947 ea46eb46 ea47eb47 
0000e8e0: ec44ed44 ec45ed45 ee44ef44 ee45ef45 
0000e8f0: ec46ed46 ec47ed47 ee46ef46 ee47ef47 
0000e900: e048e148 e049e149 e248e348 e249e349 
0000e910: e04ae14a e04be14b e24ae34a e24be34b 
0000e920: e448e548 e449e549 e648e748 e649e749 
0000e930: e44ae54a e44be54b e64ae74a e64be74b 
0000e940: e04ce14c e04de14d e24ce34c e24de34d 
0000e950: e04ee14e e04fe14f e24ee34e e24fe34f 
0000e960: e44ce54c e44de54d e64ce74c e64de74d 
0000e970: e44ee54e e44fe54f e64ee74e e64fe74f 
0000e980: e848e948 e849e949 ea48eb48 ea49eb49 
0000e990: e84ae94a e84be94b ea4aeb4a ea4beb4b 
0000e9a0: ec48ed48 ec49ed49 ee48ef48 ee49ef49 
0000e9b0: ec4aed4a ec4bed4b ee4aef4a ee4bef4b 
0000e9c0: e84ce94c e84de94d ea4ceb4c ea4deb4d 
0000e9d0: e84ee94e e84fe94f ea4eeb4e ea4feb4f 
0000e9e0: ec4ced4c ec4ded4d ee4cef4c ee4def4d 
0000e9f0: ec4eed4e ec4fed4f ee4eef4e ee4fef4f 
0000ea00: f040f140 f041f141 f240f340 f241f341 
0000ea10: f042f142 f043f143 f242f342 f243f343 
0000ea20: f440f540 f441f541 f640f740 f641f741 
0000ea30: f442f542 f443f543 f642f742 f643f743 
0000ea40: f044f144 f045f145 f244f344 f245f345 
0000ea50: f046f146 f047f147 f246f346 f247f347 
0000ea60: f444f544 f445f545 f644f744 f645f745 
0000ea70: f446f546 f447f547 f646f746 f647f747 
0000ea80: f840f940 f841f941 fa40fb40 fa41fb41 
0000ea90: f842f942 f843f943 fa42fb42 fa43fb43 
0000eaa0: fc40fd40 fc41fd41 fe40ff40 fe41ff41 
0000eab0: fc42fd42 fc43fd43 fe42ff42 fe43ff43 
0000eac0: f844f944 f845f945 fa44fb44 fa45fb45 
0000ead0: f846f946 f847f947 fa46fb46 fa47fb47 
0000eae0: fc44fd44 fc45fd45 fe44ff44 fe45ff45 
0000eaf0: fc46fd46 fc47fd47 fe46ff46 fe47ff47 
0000eb00: f048f148 f049f149 f248f348 f249f349 
0000eb10: f04af14a f04bf14b f24af34a f24bf34b 
0000eb20: f448f548 f449f549 f648f748 f649f749 
0000eb30: f44af54a f44bf54b f64af74a f64bf74b 
0000eb40: f04cf14c f04df14d f24cf34c f24df34d 
0000eb50: f04ef14e f04ff14f f24ef34e f24ff34f 
0000eb60: f44cf54c f44df54d f64cf74c f64df74d 
0000eb70: f44ef54e f44ff54f f64ef74e f64ff74f 
0000eb80: f848f948 f849f949 fa48fb48 fa49fb49 
0000eb90: f84af94a f84bf94b fa4afb4a fa4bfb4b 
0000eba0: fc48fd48 fc49fd49 fe48ff48 fe49ff49 
0000ebb0: fc4afd4a fc4bfd4b fe4aff4a fe4bff4b 
0000ebc0: f84cf94c f84df94d fa4cfb4c fa4dfb4d 
0000ebd0: f84ef94e f84ff94f fa4efb4e fa4ffb4f 
0000ebe0: fc4cfd4c fc4dfd4d fe4cff4c fe4dff4d 
0000ebf0: fc4efd4e fc4ffd4f fe4eff4e fe4fff4f 
0000ec00: e050e150 e051e151 e250e350 e251e351 
0000ec10: e052e152 e053e153 e252e352 e253e353 
0000ec20: e450e550 e451e551 e650e750 e651e751 
0000ec30: e452e552 e453e553 e652e752 e653e753 
0000ec40: e054e154 e055e155 e254e354 e255e355 
0000ec50: e056e156 e057e157 e256e356 e257e357 
0000ec60: e454e554 e455e555 e654e754 e655e755 
0000ec70: e456e556 e457e557 e656e756 e657e757 
0000ec80: e850e950 e851e951 ea50eb50 ea51eb51 
0000ec90: e852e952 e853e953 ea52eb52 ea53eb53 
0000eca0: ec50ed50 ec51ed51 ee50ef50 ee51ef51 
0000ecb0: ec52ed52 ec53ed53 ee52ef52 ee53ef53 
0000ecc0: e854e954 e855e955 ea54eb54 ea55eb55 
0000ecd0: e856e956 e857e957 ea56eb56 ea57eb57 
0000ece0: ec54ed54 ec55ed55 ee54ef54 ee55ef55 
0000ecf0: ec56ed56 ec57ed57 ee56ef56 ee57ef57 
0000ed00: e058e158 e059e159 e258e358 e259e359 
0000ed10: e05ae15a e05be15b e25ae35a e25be35b 
0000ed20: e458e558 e459e559 e658e758 e659e759 
0000ed30: e45ae55a e45be55b e65ae75a e65be75b 
0000ed40: e05ce15c e05de15d e25ce35c e25de35d 
0000ed50: e05ee15e e05fe15f e25ee35e e25fe35f 
0000ed60: e45ce55c e45de55d e65ce75c e65de75d 
0000ed70: e45ee55e e45fe55f e65ee75e e65fe75f 
0000ed80: e858e958 e859e959 ea58eb58 ea59eb59 
0000ed90: e85ae95a e85be95b ea5aeb5a ea5beb5b 
0000eda0: ec58ed58 ec59ed59 ee58ef58 ee59ef59 
0000edb0: ec5aed5a ec5bed5b ee5aef5a ee5bef5b 
0000edc0: e85ce95c e85de95d ea5ceb5c ea5deb5d 
0000edd0: e85ee95e e85fe95f ea5eeb5e ea5feb5f 
0000ede0: ec5ced5c ec5ded5d ee5cef5c ee5def5d 
0000edf0: ec5eed5e ec5fed5f ee5eef5e ee5fef5f 
0000ee00: f050f150 f051f151 f250f350 f251f351 
0000ee10: f052f152 f053f153 f252f352 f253f353 
0000ee20: f450f550 f451f551 f650f750 f651f751 
0000ee30: f452f552 f453f553 f652f752 f653f753 
0000ee40: f054f154 f055f155 f254f354 f255f355 
0000ee50: f056f156 f057f157 f256f356 f257f357 
0000ee60: f454f554 f455f555 f654f754 f655f755 
0000ee70: f456f556 f457f557 f656f756 f657f757 
0000ee80: f850f950 f851f951 fa50fb50 fa51fb51 
0000ee90: f852f952 f853f953 fa52fb52 fa53fb53 
0000eea0: fc50fd50 fc51fd51 fe50ff50 fe51ff51 
0000eeb0: fc52fd52 fc53fd53 fe52ff52 fe53ff53 
0000eec0: f854f954 f855f955 fa54fb54 fa55fb55 
0000eed0: f856f956 f857f957 fa56fb56 fa57fb57 
0000eee0: fc54fd54 fc55fd55 fe54ff54 fe55ff55 
0000eef0: fc56fd56 fc57fd57 fe56ff56 fe57ff57 
0000ef00: f058f158 f059f159 f258f358 f259f359 
0000ef10: f05af15a f05bf15b f25af35a f25bf35b 
0000ef20: f458f558 f459f559 f658f758 f659f759 
0000ef30: f45af55a f45bf55b f65af75a f65bf75b 
0000ef40: f05cf15c f05df15d f25cf35c f25df35d 
0000ef50: f05ef15e f05ff15f f25ef35e f25ff35f 
0000ef60: f45cf55c f45df55d f65cf75c f65df75d 
0000ef70: f45ef55e f45ff55f f65ef75e f65ff75f 
0000ef80: f858f958 f859f959 fa58fb58 fa59fb59 
0000ef90: f85af95a f85bf95b fa5afb5a fa5bfb5b 
0000efa0: fc58fd58 fc59fd59 fe58ff58 fe59ff59 
0000efb0: fc5afd5a fc5bfd5b fe5aff5a fe5bff5b 
0000efc0: f85cf95c f85df95d fa5cfb5c fa5dfb5d 
0000efd0: f85ef95e f85ff95f fa5efb5e fa5ffb5f 
0000efe0: fc5cfd5c fc5dfd5d fe5cff5c fe5dff5d 
0000eff0: fc5efd5e fc5ffd5f fe5eff5e fe5fff5f 
0000f000: c060c160 c061c161 c260c360 c261c361 
0000f010: c062c162 c063c163 c262c362 c263c363 
0000f020: c460c560 c461c561 c660c760 c661c761 
0000f030: c462c562 c463c563 c662c762 c663c763 
0000f040: c064c164 c065c165 c264c364 c265c365 
0000f050: c066c166 c067c167 c266c366 c267c367 
0000f060: c464c564 c465c565 c664c764 c665c765 
0000f070: c466c566 c467c567 c666c766 c667c767 
0000f080: c860c960 c861c961 ca60cb60 ca61cb61 
0000f090: c862c962 c863c963 ca62cb62 ca63cb63 
0000f0a0: cc60cd60 cc61cd61 ce60cf60 ce61cf61 
0000f0b0: cc62cd62 cc63cd63 ce62cf62 ce63cf63 
0000f0c0: c864c964 c865c965 ca64cb64 ca65cb65 
0000f0d0: c866c966 c867c967 ca66cb66 ca67cb67 
0000f0e0: cc64cd64 cc65cd65 ce64cf64 ce65cf65 
0000f0f0: cc66cd66 cc67cd67 ce66cf66 ce67cf67 
0000f100: c068c168 c069c169 c268c368 c269c369 
0000f110: c06ac16a c06bc16b c26ac36a c26bc36b 
0000f120: c468c568 c469c569 c668c768 c669c769 
0000f130: c46ac56a c46bc56b c66ac76a c66bc76b 
0000f140: c06cc16c c06dc16d c26cc36c c26dc36d 
0000f150: c06ec16e c06fc16f c26ec36e c26fc36f 
0000f160: c46cc56c c46dc56d c66cc76c c66dc76d 
0000f170: c46ec56e c46fc56f c66ec76e c66fc76f 
0000f180: c868c968 c869c969 ca68cb68 ca69cb69 
0000f190: c86ac96a c86bc96b ca6acb6a ca6bcb6b 
0000f1a0: cc68cd68 cc69cd69 ce68cf68 ce69cf69 
0000f1b0: cc6acd6a cc6bcd6b ce6acf6a ce6bcf6b 
0000f1c0: c86cc96c c86dc96d ca6ccb6c ca6dcb6d 
0000f1d0: c86ec96e c86fc96f ca6ecb6e ca6fcb6f 
0000f1e0: cc6ccd6c cc6dcd6d ce6ccf6c ce6dcf6d 
0000f1f0: cc6ecd6e cc6fcd6f ce6ecf6e ce6fcf6f 
0000f200: d060d160 d061d161 d260d360 d261d361 
0000f210: d062d162 d063d163 d262d362 d263d363 
0000f220: d460d560 d461d561 d660d760 d661d761 
0000f230: d462d562 d463d563 d662d762 d663d763 
0000f240: d064d164 d065d165 d264d364 d265d365 
0000f250: d066d166 d067d167 d266d366 d267d367 
0000f260: d464d564 d465d565 d664d764 d665d765 
0000f270: d466d566 d467d567 d666d766 d667d767 
0000f280: d860d960 d861d961 da60db60 da61db61 
0000f290: d862d962 d863d963 da62db62 da63db63 
0000f2a0: dc60dd60 dc61dd61 de60df60 de61df61 
0000f2b0: dc62dd62 dc63dd63 de62df62 de63df63 
0000f2c0: d864d964 d865d965 da64db64 da65db65 
0000f2d0: d866d966 d867d967 da66db66 da67db67 
0000f2e0: dc64dd64 dc65dd65 de64df64 de65df65 
0000f2f0: dc66dd66 dc67dd67 de66df66 de67df67 
0000f300: d068d168 d069d169 d268d368 d269d369 
0000f310: d06ad16a d06bd16b d26ad36a d26bd36b 
0000f320: d468d568 d469d569 d668d768 d669d769 
0000f330: d46ad56a d46bd56b d66ad76a d66bd76b 
0000f340: d06cd16c d06dd16d d26cd36c d26dd36d 
0000f350: d06ed16e d06fd16f d26ed36e d26fd36f 
0000f360: d46cd56c d46dd56d d66cd76c d66dd76d 
0000f370: d46ed56e d46fd56f d66ed76e d66fd76f 
0000f380: d868d968 d869d969 da68db68 da69db69 
0000f390: d86ad96a d86bd96b da6adb6a da6bdb6b 
0000f3a0: dc68dd68 dc69dd69 de68df68 de69df69 
0000f3b0: dc6add6a dc6bdd6b de6adf6a de6bdf6b 
0000f3c0: d86cd96c d86dd96d da6cdb6c da6ddb6d 
0000f3d0: d86ed96e d86fd96f da6edb6e da6fdb6f 
0000f3e0: dc6cdd6c dc6ddd6d de6cdf6c de6ddf6d 
0000f3f0: dc6edd6e dc6fdd6f de6edf6e de6fdf6f 
0000f400: c070c170 c071c171 c270c370 c271c371 
0000f410: c072c172 c073c173 c272c372 c273c373 
0000f420: c470c570 c471c571 c670c770 c671c771 
0000f430: c472c572 c473c573 c672c772 c673c773 
0000f440: c074c174 c075c175 c274c374 c275c375 
0000f450: c076c176 c077c177 c276c376 c277c377 
0000f460: c474c574 c475c575 c674c774 c675c775 
0000f470: c476c576 c477c577 c676c776 c677c777 
0000f480: c870c970 c871c971 ca70cb70 ca71cb71 
0000f490: c872c972 c873c973 ca72cb72 ca73cb73 
0000f4a0: cc70cd70 cc71cd71 ce70cf70 ce71cf71 
0000f4b0: cc72cd72 cc73cd73 ce72cf72 ce73cf73 
0000f4c0: c874c974 c875c975 ca74cb74 ca75cb75 
0000f4d0: c876c976 c877c977 ca76cb76 ca77cb77 
0000f4e0: cc74cd74 cc75cd75 ce74cf74 ce75cf75 
0000f4f0: cc76cd76 cc77cd77 ce76cf76 ce77cf77 
0000f500: c078c178 c079c179 c278c378 c279c379 
0000f510: c07ac17a c07bc17b c27ac37a c27bc37b 
0000f520: c478c578 c479c579 c678c778 c679c779 
0000f530: c47ac57a c47bc57b c67ac77a c67bc77b 
0000f540: c07cc17c c07dc17d c27cc37c c27dc37d 
0000f550: c07ec17e c07fc17f c27ec37e c27fc37f 
0000f560: c47cc57c c47dc57d c67cc77c c67dc77d 
0000f570: c47ec57e c47fc57f c67ec77e c67fc77f 
0000f580: c878c978 c879c979 ca78cb78 ca79cb79 
0000f590: c87ac97a c87bc97b ca7acb7a ca7bcb7b 
0000f5a0: cc78cd78 cc79cd79 ce78cf78 ce79cf79 
0000f5b0: cc7acd7a cc7bcd7b ce7acf7a ce7bcf7b 
0000f5c0: c87cc97c c87dc97d ca7ccb7c ca7dcb7d 
0000f5d0: c87ec97e c87fc97f ca7ecb7e ca7fcb7f 
0000f5e0: cc7ccd7c cc7dcd7d ce7ccf7c ce7dcf7d 
0000f5f0: cc7ecd7e cc7fcd7f ce7ecf7e ce7fcf7f 
0000f600: d070d170 d071d171 d270d370 d271d371 
0000f610: d072d172 d073d173 d272d372 d273d373 
0000f620: d470d570 d471d571 d670d770 d671d771 
0000f630: d472d572 d473d573 d672d772 d673d773 
0000f640: d074d174 d075d175 d274d374 d275d375 
0000f650: d076d176 d077d177 d276d376 d277d377 
0000f660: d474d574 d475d575 d674d774 d675d775 
0000f670: d476d576 d477d577 d676d776 d677d777 
0000f680: d870d970 d871d971 da70db70 da71db71 
0000f690: d872d972 d873d973 da72db72 da73db73 
0000f6a0: dc70dd70 dc71dd71 de70df70 de71df71 
0000f6b0: dc72dd72 dc73dd73 de72df72 de73df73 
0000f6c0: d874d974 d875d975 da74db74 da75db75 
0000f6d0: d876d976 d877d977 da76db76 da77db77 
0000f6e0: dc74dd74 dc75dd75 de74df74 de75df75 
0000f6f0: dc76dd76 dc77dd77 de76df76 de77df77 
0000f700: d078d178 d079d179 d278d378 d279d379 
0000f710: d07ad17a d07bd17b d27ad37a d27bd37b 
0000f720: d478d578 d479d579 d678d778 d679d779 
0000f730: d47ad57a d47bd57b d67ad77a d67bd77b 
0000f740: d07cd17c d07dd17d d27cd37c d27dd37d 
0000f750: d07ed17e d07fd17f d27ed37e d27fd37f 
0000f760: d47cd57c d47dd57d d67cd77c d67dd77d 
0000f770: d47ed57e d47fd57f d67ed77e d67fd77f 
0000f780: d878d978 d879d979 da78db78 da79db79 
0000f790: d87ad97a d87bd97b da7adb7a da7bdb7b 
0000f7a0: dc78dd78 dc79dd79 de78df78 de79df79 
0000f7b0: dc7add7a dc7bdd7b de7adf7a de7bdf7b 
0000f7c0: d87cd97c d87dd97d da7cdb7c da7ddb7d 
0000f7d0: d87ed97e d87fd97f da7edb7e da7fdb7f 
0000f7e0: dc7cdd7c dc7ddd7d de7cdf7c de7ddf7d 
0000f7f0: dc7edd7e dc7fdd7f de7edf7e de7fdf7f 
0000f800: e060e160 e061e161 e260e360 e261e361 
0000f810: e062e162 e063e163 e262e362 e263e363 
0000f820: e460e560 e461e561 e660e760 e661e761 
0000f830: e462e562 e463e563 e662e762 e663e763 
0000f840: e064e164 e065e165 e264e364 e265e365 
0000f850: e066e166 e067e167 e266e366 e267e367 
0000f860: e464e564 e465e565 e664e764 e665e765 
0000f870: e466e566 e467e567 e666e766 e667e767 
0000f880: e860e960 e861e961 ea60eb60 ea61eb61 
0000f890: e862e962 e863e963 ea62eb62 ea63eb63 
0000f8a0: ec60ed60 ec61ed61 ee60ef60 ee61ef61 
0000f8b0: ec62ed62 ec63ed63 ee62ef62 ee63ef63 
0000f8c0: e864e964 e865e965 ea64eb64 ea65eb65 
0000f8d0: e866e966 e867e967 ea66eb66 ea67eb67 
0000f8e0: ec64ed64 ec65ed65 ee64ef64 ee65ef65 
0000f8f0: ec66ed66 ec67ed67 ee66ef66 ee67ef67 
0000f900: e068e168 e069e169 e268e368 e269e369 
0000f910: e06ae16a e06be16b e26ae36a e26be36b 
0000f920: e468e568 e469e569 e668e768 e669e769 
0000f930: e46ae56a e46be56b e66ae76a e66be76b 
0000f940: e06ce16c e06de16d e26ce36c e26de36d 
0000f950: e06ee16e e06fe16f e26ee36e e26fe36f 
0000f960: e46ce56c e46de56d e66ce76c e66de76d 
0000f970: e46ee56e e46fe56f e66ee76e e66fe76f 
0000f980: e868e968 e869e969 ea68eb68 ea69eb69 
0000f990: e86ae96a e86be96b ea6aeb6a ea6beb6b 
0000f9a0: ec68ed68 ec69ed69 ee68ef68 ee69ef69 
0000f9b0: ec6aed6a ec6bed6b ee6aef6a ee6bef6b 
0000f9c0: e86ce96c e86de96d ea6ceb6c ea6deb6d 
0000f9d0: e86ee96e e86fe96f ea6eeb6e ea6feb6f 
0000f9e0: ec6ced6c ec6ded6d ee6cef6c ee6def6d 
0000f9f0: ec6eed6e ec6fed6f ee6eef6e ee6fef6f 
0000fa00: f060f160 f061f161 f260f360 f261f361 
0000fa10: f062f162 f063f163 f262f362 f263f363 
0000fa20: f460f560 f461f561 f660f760 f661f761 
0000fa30: f462f562 f463f563 f662f762 f663f763 
0000fa40: f064f164 f065f165 f264f364 f265f365 
0000fa50: f066f166 f067f167 f266f366 f267f367 
0000fa60: f464f564 f465f565 f664f764 f665f765 
0000fa70: f466f566 f467f567 f666f766 f667f767 
0000fa80: f860f960 f861f961 fa60fb60 fa61fb61 
0000fa90: f862f962 f863f963 fa62fb62 fa63fb63 
0000faa0: fc60fd60 fc61fd61 fe60ff60 fe61ff61 
0000fab0: fc62fd62 fc63fd63 fe62ff62 fe63ff63 
0000fac0: f864f964 f865f965 fa64fb64 fa65fb65 
0000fad0: f866f966 f867f967 fa66fb66 fa67fb67 
0000fae0: fc64fd64 fc65fd65 fe64ff64 fe65ff65 
0000faf0: fc66fd66 fc67fd67 fe66ff66 fe67ff67 
0000fb00: f068f168 f069f169 f268f368 f269f369 
0000fb10: f06af16a f06bf16b f26af36a f26bf36b 
0000fb20: f468f568 f469f569 f668f768 f669f769 
0000fb30: f46af56a f46bf56b f66af76a f66bf76b 
0000fb40: f06cf16c f06df16d f26cf36c f26df36d 
0000fb50: f06ef16e f06ff16f f26ef36e f26ff36f 
0000fb60: f46cf56c f46df56d f66cf76c f66df76d 
0000fb70: f46ef56e f46ff56f f66ef76e f66ff76f 
0000fb80: f868f968 f869f969 fa68fb68 fa69fb69 
0000fb90: f86af96a f86bf96b fa6afb6a fa6bfb6b 
0000fba0: fc68fd68 fc69fd69 fe68ff68 fe69ff69 
0000fbb0: fc6afd6a fc6bfd6b fe6aff6a fe6bff6b 
0000fbc0: f86cf96c f86df96d fa6cfb6c fa6dfb6d 
0000fbd0: f86ef96e f86ff96f fa6efb6e fa6ffb6f 
0000fbe0: fc6cfd6c fc6dfd6d fe6cff6c fe6dff6d 
0000fbf0: fc6efd6e fc6ffd6f fe6eff6e fe6fff6f 
0000fc00: e070e170 e071e171 e270e370 e271e371 
0000fc10: e072e172 e073e173 e272e372 e273e373 
0000fc20: e470e570 e471e571 e670e770 e671e771 
0000fc30: e472e572 e473e573 e672e772 e673e773 
0000fc40: e074e174 e075e175 e274e374 e275e375 
0000fc50: e076e176 e077e177 e276e376 e277e377 
0000fc60: e474e574 e475e575 e674e774 e675e775 
0000fc70: e476e576 e477e577 e676e776 e677e777 
0000fc80: e870e970 e871e971 ea70eb70 ea71eb71 
0000fc90: e872e972 e873e973 ea72eb72 ea73eb73 
0000fca0: ec70ed70 ec71ed71 ee70ef70 ee71ef71 
0000fcb0: ec72ed72 ec73ed73 ee72ef72 ee73ef73 
0000fcc0: e874e974 e875e975 ea74eb74 ea75eb75 
0000fcd0: e876e976 e877e977 ea76eb76 ea77eb77 
0000fce0: ec74ed74 ec75ed75 ee74ef74 ee75ef75 
0000fcf0: ec76ed76 ec77ed77 ee76ef76 ee77ef77 
0000fd00: e078e178 e079e179 e278e378 e279e379 
0000fd10: e07ae17a e07be17b e27ae37a e27be37b 
0000fd20: e478e578 e479e579 e678e778 e679e779 
0000fd30: e47ae57a e47be57b e67ae77a e67be77b 
0000fd40: e07ce17c e07de17d e27ce37c e27de37d 
0000fd50: e07ee17e e07fe17f e27ee37e e27fe37f 
0000fd60: e47ce57c e47de57d e67ce77c e67de77d 
0000fd70: e47ee57e e47fe57f e67ee77e e67fe77f 
0000fd80: e878e978 e879e979 ea78eb78 ea79eb79 
0000fd90: e87ae97a e87be97b ea7aeb7a ea7beb7b 
0000fda0: ec78ed78 ec79ed79 ee78ef78 ee79ef79 
0000fdb0: ec7aed7a ec7bed7b ee7aef7a ee7bef7b 
0000fdc0: e87ce97c e87de97d ea7ceb7c ea7deb7d 
0000fdd0: e87ee97e e87fe97f ea7eeb7e ea7feb7f 
0000fde0: ec7ced7c ec7ded7d ee7cef7c ee7def7d 
0000fdf0: ec7eed7e ec7fed7f ee7eef7e ee7fef7f 
0000fe00: f070f170 f071f171 f270f370 f271f371 
0000fe10: f072f172 f073f173 f272f372 f273f373 
0000fe20: f470f570 f471f571 f670f770 f671f771 
0000fe30: f472f572 f473f573 f672f772 f673f773 
0000fe40: f074f174 f075f175 f274f374 f275f375 
0000fe50: f076f176 f077f177 f276f376 f277f377 
0000fe60: f474f574 f475f575 f674f774 f675f775 
0000fe70: f476f576 f477f577 f676f776 f677f777 
0000fe80: f870f970 f871f971 fa70fb70 fa71fb71 
0000fe90: f872f972 f873f973 fa72fb72 fa73fb73 
0000fea0: fc70fd70 fc71fd71 fe70ff70 fe71ff71 
0000feb0: fc72fd72 fc73fd73 fe72ff72 fe73ff73 
0000fec0: f874f974 f875f975 fa74fb74 fa75fb75 
0000fed0: f876f976 f877f977 fa76fb76 fa77fb77 
0000fee0: fc74fd74 fc75fd75 fe74ff74 fe75ff75 
0000fef0: fc76fd76 fc77fd77 fe76ff76 fe77ff77 
0000ff00: f078f178 f079f179 f278f378 f279f379 
0000ff10: f07af17a f07bf17b f27af37a f27bf37b 
0000ff20: f478f578 f479f579 f678f778 f679f779 
0000ff30: f47af57a f47bf57b f67af77a f67bf77b 
0000ff40: f07cf17c f07df17d f27cf37c f27df37d 
0000ff50: f07ef17e f07ff17f f27ef37e f27ff37f 
0000ff60: f47cf57c f47df57d f67cf77c f67df77d 
0000ff70: f47ef57e f47ff57f f67ef77e f67ff77f 
0000ff80: f878f978 f879f979 fa78fb78 fa79fb79 
0000ff90: f87af97a f87bf97b fa7afb7a fa7bfb7b 
0000ffa0: fc78fd78 fc79fd79 fe78ff78 fe79ff79 
0000ffb0: fc7afd7a fc7bfd7b fe7aff7a fe7bff7b 
0000ffc0: f87cf97c f87df97d fa7cfb7c fa7dfb7d 
0000ffd0: f87ef97e f87ff97f fa7efb7e fa7ffb7f 
0000ffe0: fc7cfd7c fc7dfd7d fe7cff7c fe7dff7d 
0000fff0: fc7efd7e fc7ffd7f fe7eff7e fe7fff7f 
00010000: 00800180 00810181 02800380 02810381 
00010010: 00820182 00830183 02820382 02830383 
00010020: 04800580 04810581 06800780 06810781 
00010030: 04820582 04830583 06820782 06830783 
00010040: 00840184 00850185 02840384 02850385 
00010050: 00860186 00870187 02860386 02870387 
00010060: 04840584 04850585 06840784 06850785 
00010070: 04860586 04870587 06860786 06870787 
00010080: 08800980 08810981 0a800b80 0a810b81 
00010090: 08820982 08830983 0a820b82 0a830b83 
000100a0: 0c800d80 0c810d81 0e800f80 0e810f81 
000100b0: 0c820d82 0c830d83 0e820f82 0e830f83 
000100c0: 08840984 08850985 0a840b84 0a850b85 
000100d0: 08860986 08870987 0a860b86 0a870b87 
000100e0: 0c840d84 0c850d85 0e840f84 0e850f85 
000100f0: 0c860d86 0c870d87 0e860f86 0e870f87 
00010100: 00880188 00890189 02880388 02890389 
00010110: 008a018a 008b018b 028a038a 028b038b 
00010120: 04880588 04890589 06880788 06890789 
00010130: 048a058a 048b058b 068a078a 068b078b 
00010140: 008c018c 008d018d 028c038c 028d038d 
00010150: 008e018e 008f018f 028e038e 028f038f 
00010160: 048c058c 048d058d 068c078c 068d078d 
00010170: 048e058e 048f058f 068e078e 068f078f 
00010180: 08880988 08890989 0a880b88 0a890b89 
00010190: 088a098a 088b098b 0a8a0b8a 0a8b0b8b 
000101a0: 0c880d88 0c890d89 0e880f88 0e890f89 
000101b0: 0c8a0d8a 0c8b0d8b 0e8a0f8a 0e8b0f8b 
000101c0: 088c098c 088d098d 0a8c0b8c 0a8d0b8d 
000101d0: 088e098e 088f098f 0a8e0b8e 0a8f0b8f 
000101e0: 0c8c0d8c 0c8d0d8d 0e8c0f8c 0e8d0f8d 
000101f0: 0c8e0d8e 0c8f0d8f 0e8e0f8e 0e8f0f8f 
00010200: 10801180 10811181 12801380 12811381 
00010210: 10821182 10831183 12821382 12831383 
00010220: 14801580 14811581 16801780 16811781 
00010230: 14821582 14831583 16821782 16831783 
00010240: 10841184 10851185 12841384 12851385 
00010250: 10861186 10871187 12861386 12871387 
00010260: 14841584 14851585 16841784 16851785 
00010270: 14861586 14871587 16861786 16871787 
00010280: 18801980 18811981 1a801b80 1a811b81 
00010290: 18821982 18831983 1a821b82 1a831b83 
000102a0: 1c801d80 1c811d81 1e801f80 1e811f81 
000102b0: 1c821d82 1c831d83 1e821f82 1e831f83 
000102c0: 18841984 18851985 1a841b84 1a851b85 
000102d0: 18861986 18871987 1a861b86 1a871b87 
000102e0: 1c841d84 1c851d85 1e841f84 1e851f85 
000102f0: 1c861d86 1c871d87 1e861f86 1e871f87 
00010300: 10881188 10891189 12881388 12891389 
00010310: 108a118a 108b118b 128a138a 128b138b 
00010320: 14881588 14891589 16881788 16891789 
00010330: 148a158a 148b158b 168a178a 168b178b 
00010340: 108c118c 108d118d 128c138c 128d138d 
00010350: 108e118e 108f118f 128e138e 128f138f 
00010360: 148c158c 148d158d 168c178c 168d178d 
00010370: 148e158e 148f158f 168e178e 168f178f 
00010380: 18881988 18891989 1a881b88 1a891b89 
00010390: 188a198a 188b198b 1a8a1b8a 1a8b1b8b 
000103a0: 1c881d88 1c891d89 1e881f88 1e891f89 
000103b0: 1c8a1d8a 1c8b1d8b 1e8a1f8a 1e8b1f8b 
000103c0: 188c198c 188d198d 1a8c1b8c 1a8d1b8d 
000103d0: 188e198e 188f198f 1a8e1b8e 1a8f1b8f 
000103e0: 1c8c1d8c 1c8d1d8d 1e8c1f8c 1e8d1f8d 
000103f0: 1c8e1d8e 1c8f1d8f 1e8e1f8e 1e8f1f8f 
00010400: 00900190 00910191 02900390 02910391 
00010410: 00920192 00930193 02920392 02930393 
00010420: 04900590 04910591 06900790 06910791 
00010430: 04920592 04930593 06920792 06930793 
00010440: 00940194 00950195 02940394 02950395 
00010450: 00960196 00970197 02960396 02970397 
00010460: 04940594 04950595 06940794 06950795 
00010470: 04960596 04970597 06960796 06970797 
00010480: 08900990 08910991 0a900b90 0a910b91 
00010490: 08920992 08930993 0a920b92 0a930b93 
000104a0: 0c900d90 0c910d91 0e900f90 0e910f91 
000104b0: 0c920d92 0c930d93 0e920f92 0e930f93 
000104c0: 08940994 08950995 0a940b94 0a950b95 
000104d0: 08960996 08970997 0a960b96 0a970b97 
000104e0: 0c940d94 0c950d95 0e940f94 0e950f95 
000104f0: 0c960d96 0c970d97 0e960f96 0e970f97 
00010500: 00980198 00990199 02980398 02990399 
00010510: 009a019a 009b019b 029a039a 029b039b 
00010520: 04980598 04990599 06980798 06990799 
00010530: 049a059a 049b059b 069a079a 069b079b 
00010540: 009c019c 009d019d 029c039c 029d039d 
00010550: 009e019e 009f019f 029e039e 029f039f 
00010560: 049c059c 049d059d 069c079c 069d079d 
00010570: 049e059e 049f059f 069e079e 069f079f 
00010580: 08980998 08990999 0a980b98 0a990b99 
00010590: 089a099a 089b099b 0a9a0b9a 0a9b0b9b 
000105a0: 0c980d98 0c990d99 0e980f98 0e990f99 
000105b0: 0c9a0d9a 0c9b0d9b 0e9a0f9a 0e9b0f9b 
000105c0: 089c099c 089d099d 0a9c0b9c 0a9d0b9d 
000105d0: 089e099e 089f099f 0a9e0b9e 0a9f0b9f 
000105e0: 0c9c0d9c 0c9d0d9d 0e9c0f9c 0e9d0f9d 
000105f0: 0c9e0d9e 0c9f0d9f 0e9e0f9e 0e9f0f9f 
00010600: 10901190 10911191 12901390 12911391 
00010610: 10921192 10931193 12921392 12931393 
00010620: 14901590 14911591 16901790 16911791 
00010630: 14921592 14931593 16921792 16931793 
00010640: 10941194 10951195 12941394 12951395 
00010650: 10961196 10971197 12961396 12971397 
00010660: 14941594 14951595 16941794 16951795 
00010670: 14961596 14971597 16961796 16971797 
00010680: 18901990 18911991 1a901b90 1a911b91 
00010690: 18921992 18931993 1a921b92 1a931b93 
000106a0: 1c901d90 1c911d91 1e901f90 1e911f91 
000106b0: 1c921d92 1c931d93 1e921f92 1e931f93 
000106c0: 18941994 18951995 1a941b94 1a951b95 
000106d0: 18961996 18971997 1a961b96 1a971b97 
000106e0: 1c941d94 1c951d95 1e941f94 1e951f95 
000106f0: 1c961d96 1c971d97 1e961f96 1e971f97 
00010700: 10981198 10991199 12981398 12991399 
00010710: 109a119a 109b119b 129a139a 129b139b 
00010720: 14981598 14991599 16981798 16991799 
00010730: 149a159a 149b159b 169a179a 169b179b 
00010740: 109c119c 109d119d 129c139c 129d139d 
00010750: 109e119e 109f119f 129e139e 129f139f 
00010760: 149c159c 149d159d 169c179c 169d179d 
00010770: 149e159e 149f159f 169e179e 169f179f 
00010780: 18981998 18991999 1a981b98 1a991b99 
00010790: 189a199a 189b199b 1a9a1b9a 1a9b1b9b 
000107a0: 1c981d98 1c991d99 1e981f98 1e991f99 
000107b0: 1c9a1d9a 1c9b1d9b 1e9a1f9a 1e9b1f9b 
000107c0: 189c199c 189d199d 1a9c1b9c 1a9d1b9d 
000107d0: 189e199e 189f199f 1a9e1b9e 1a9f1b9f 
000107e0: 1c9c1d9c 1c9d1d9d 1e9c1f9c 1e9d1f9d 
000107f0: 1c9e1d9e 1c9f1d9f 1e9e1f9e 1e9f1f9f 
00010800: 20802180 20812181 22802380 22812381 
00010810: 20822182 20832183 22822382 22832383 
00010820: 24802580 24812581 26802780 26812781 
00010830: 24822582 24832583 26822782 26832783 
00010840: 20842184 20852185 22842384 22852385 
00010850: 20862186 20872187 22862386 22872387 
00010860: 24842584 24852585 26842784 26852785 
00010870: 24862586 24872587 26862786 26872787 
00010880: 28802980 28812981 2a802b80 2a812b81 
00010890: 28822982 28832983 2a822b82 2a832b83 
000108a0: 2c802d80 2c812d81 2e802f80 2e812f81 
000108b0: 2c822d82 2c832d83 2e822f82 2e832f83 
000108c0: 28842984 28852985 2a842b84 2a852b85 
000108d0: 28862986 28872987 2a862b86 2a872b87 
000108e0: 2c842d84 2c852d85 2e842f84 2e852f85 
000108f0: 2c862d86 2c872d87 2e862f86 2e872f87 
00010900: 20882188 20892189 22882388 22892389 
00010910: 208a218a 208b218b 228a238a 228b238b 
00010920: 24882588 24892589 26882788 26892789 
00010930: 248a258a 248b258b 268a278a 268b278b 
00010940: 208c218c 208d218d 228c238c 228d238d 
00010950: 208e218e 208f218f 228e238e 228f238f 
00010960: 248c258c 248d258d 268c278c 268d278d 
00010970: 248e258e 248f258f 268e278e 268f278f 
00010980: 28882988 28892989 2a882b88 2a892b89 
00010990: 288a298a 288b298b 2a8a2b8a 2a8b2b8b 
000109a0: 2c882d88 2c892d89 2e882f88 2e892f89 
000109b0: 2c8a2d8a 2c8b2d8b 2e8a2f8a 2e8b2f8b 
000109c0: 288c298c 288d298d 2a8c2b8c 2a8d2b8d 
000109d0: 288e298e 288f298f 2a8e2b8e 2a8f2b8f 
000109e0: 2c8c2d8c 2c8d2d8d 2e8c2f8c 2e8d2f8d 
000109f0: 2c8e2d8e 2c8f2d8f 2e8e2f8e 2e8f2f8f 
00010a00: 30803180 30813181 32803380 32813381 
00010a10: 30823182 30833183 32823382 32833383 
00010a20: 34803580 34813581 36803780 36813781 
00010a30: 34823582 34833583 36823782 36833783 
00010a40: 30843184 30853185 32843384 32853385 
00010a50: 30863186 30873187 32863386 32873387 
00010a60: 34843584 34853585 36843784 36853785 
00010a70: 34863586 34873587 36863786 36873787 
00010a80: 38803980 38813981 3a803b80 3a813b81 
00010a90: 38823982 38833983 3a823b82 3a833b83 
00010aa0: 3c803d80 3c813d81 3e803f80 3e813f81 
00010ab0: 3c823d82 3c833d83 3e823f82 3e833f83 
00010ac0: 38843984 38853985 3a843b84 3a853b85 
00010ad0: 38863986 38873987 3a863b86 3a873b87 
00010ae0: 3c843d84 3c853d85 3e843f84 3e853f85 
00010af0: 3c863d86 3c873d87 3e863f86 3e873f87 
00010b00: 30883188 30893189 32883388 32893389 
00010b10: 308a318a 308b318b 328a338a 328b338b 
00010b20: 34883588 34893589 36883788 36893789 
00010b30: 348a358a 348b358b 368a378a 368b378b 
00010b40: 308c318c 308d318d 328c338c 328d338d 
00010b50: 308e318e 308f318f 328e338e 328f338f 
00010b60: 348c358c 348d358d 368c378c 368d378d 
00010b70: 348e358e 348f358f 368e378e 368f378f 
00010b80: 38883988 38893989 3a883b88 3a893b89 
00010b90: 388a398a 388b398b 3a8a3b8a 3a8b3b8b 
00010ba0: 3c883d88 3c893d89 3e883f88 3e893f89 
00010bb0: 3c8a3d8a 3c8b3d8b 3e8a3f8a 3e8b3f8b 
00010bc0: 388c398c 388d398d 3a8c3b8c 3a8d3b8d 
00010bd0: 388e398e 388f398f 3a8e3b8e 3a8f3b8f 
00010be0: 3c8c3d8c 3c8d3d8d 3e8c3f8c 3e8d3f8d 
00010bf0: 3c8e3d8e 3c8f3d8f 3e8e3f8e 3e8f3f8f 
00010c00: 20902190 20912191 22902390 22912391 
00010c10: 20922192 20932193 22922392 22932393 
00010c20: 24902590 24912591 26902790 26912791 
00010c30: 24922592 24932593 26922792 26932793 
00010c40: 20942194 20952195 22942394 22952395 
00010c50: 20962196 20972197 22962396 22972397 
00010c60: 24942594 24952595 26942794 26952795 
00010c70: 24962596 24972597 26962796 26972797 
00010c80: 28902990 28912991 2a902b90 2a912b91 
00010c90: 28922992 28932993 2a922b92 2a932b93 
00010ca0: 2c902d90 2c912d91 2e902f90 2e912f91 
00010cb0: 2c922d92 2c932d93 2e922f92 2e932f93 
00010cc0: 28942994 28952995 2a942b94 2a952b95 
00010cd0: 28962996 28972997 2a962b96 2a972b97 
00010ce0: 2c942d94 2c952d95 2e942f94 2e952f95 
00010cf0: 2c962d96 2c972d97 2e962f96 2e972f97 
00010d00: 20982198 20992199 22982398 22992399 
00010d10: 209a219a 209b219b 229a239a 229b239b 
00010d20: 24982598 24992599 26982798 26992799 
00010d30: 249a259a 249b259b 269a279a 269b279b 
00010d40: 209c219c 209d219d 229c239c 229d239d 
00010d50: 209e219e 209f219f 229e239e 229f239f 
00010d60: 249c259c 249d259d 269c279c 269d279d 
00010d70: 249e259e 249f259f 269e279e 269f279f 
00010d80: 28982998 28992999 2a982b98 2a992b99 
00010d90: 289a299a 289b299b 2a9a2b9a 2a9b2b9b 
00010da0: 2c982d98 2c992d99 2e982f98 2e992f99 
00010db0: 2c9a2d9a 2c9b2d9b 2e9a2f9a 2e9b2f9b 
00010dc0: 289c299c 289d299d 2a9c2b9c 2a9d2b9d 
00010dd0: 289e299e 289f299f 2a9e2b9e 2a9f2b9f 
00010de0: 2c9c2d9c 2c9d2d9d 2e9c2f9c 2e9d2f9d 
00010df0: 2c9e2d9e 2c9f2d9f 2e9e2f9e 2e9f2f9f 
00010e00: 30903190 30913191 32903390 32913391 
00010e10: 30923192 30933193 32923392 32933393 
00010e20: 34903590 34913591 36903790 36913791 
00010e30: 34923592 34933593 36923792 36933793 
00010e40: 30943194 30953195 32943394 32953395 
00010e50: 30963196 30973197 32963396 32973397 
00010e60: 34943594 34953595 36943794 36953795 
00010e70: 34963596 34973597 36963796 36973797 
00010e80: 38903990 38913991 3a903b90 3a913b91 
00010e90: 38923992 38933993 3a923b92 3a933b93 
00010ea0: 3c903d90 3c913d91 3e903f90 3e913f91 
00010eb0: 3c923d92 3c933d93 3e923f92 3e933f93 
00010ec0: 38943994 38953995 3a943b94 3a953b95 
00010ed0: 38963996 38973997 3a963b96 3a973b97 
00010ee0: 3c943d94 3c953d95 3e943f94 3e953f95 
00010ef0: 3c963d96 3c973d97 3e963f96 3e973f97 
00010f00: 30983198 30993199 32983398 32993399 
00010f10: 309a319a 309b319b 329a339a 329b339b 
00010f20: 34983598 34993599 36983798 36993799 
00010f30: 349a359a 349b359b 369a379a 369b379b 
00010f40: 309c319c 309d319d 329c339c 329d339d 
00010f50: 309e319e 309f319f 329e339e 329f339f 
00010f60: 349c359c 349d359d 369c379c 369d379d 
00010f70: 349e359e 349f359f 369e379e 369f379f 
00010f80: 38983998 38993999 3a983b98 3a993b99 
00010f90: 389a399a 389b399b 3a9a3b9a 3a9b3b9b 
00010fa0: 3c983d98 3c993d99 3e983f98 3e993f99 
00010fb0: 3c9a3d9a 3c9b3d9b 3e9a3f9a 3e9b3f9b 
00010fc0: 389c399c 389d399d 3a9c3b9c 3a9d3b9d 
00010fd0: 389e399e 389f399f 3a9e3b9e 3a9f3b9f 
00010fe0: 3c9c3d9c 3c9d3d9d 3e9c3f9c 3e9d3f9d 
00010ff0: 3c9e3d9e 3c9f3d9f 3e9e3f9e 3e9f3f9f 
00011000: 00a001a0 00a101a1 02a003a0 02a103a1 
00011010: 00a201a2 00a301a3 02a203a2 02a303a3 
00011020: 04a005a0 04a105a1 06a007a0 06a107a1 
00011030: 04a205a2 04a305a3 06a207a2 06a307a3 
00011040: 00a401a4 00a501a5 02a403a4 02a503a5 
00011050: 00a601a6 00a701a7 02a603a6 02a703a7 
00011060: 04a405a4 04a505a5 06a407a4 06a507a5 
00011070: 04a605a6 04a705a7 06a607a6 06a707a7 
00011080: 08a009a0 08a109a1 0aa00ba0 0aa10ba1 
00011090: 08a209a2 08a309a3 0aa20ba2 0aa30ba3 
000110a0: 0ca00da0 0ca10da1 0ea00fa0 0ea10fa1 
000110b0: 0ca20da2 0ca30da3 0ea20fa2 0ea30fa3 
000110c0: 08a409a4 08a509a5 0aa40ba4 0aa50ba5 
000110d0: 08a609a6 08a709a7 0aa60ba6 0aa70ba7 
000110e0: 0ca40da4 0ca50da5 0ea40fa4 0ea50fa5 
000110f0: 0ca60da6 0ca70da7 0ea60fa6 0ea70fa7 
00011100: 00a801a8 00a901a9 02a803a8 02a903a9 
00011110: 00aa01aa 00ab01ab 02aa03aa 02ab03ab 
00011120: 04a805a8 04a905a9 06a807a8 06a907a9 
00011130: 04aa05aa 04ab05ab 06aa07aa 06ab07ab 
00011140: 00ac01ac 00ad01ad 02ac03ac 02ad03ad 
00011150: 00ae01ae 00af01af 02ae03ae 02af03af 
00011160: 04ac05ac 04ad05ad 06ac07ac 06ad07ad 
00011170: 04ae05ae 04af05af 06ae07ae 06af07af 
00011180: 08a809a8 08a909a9 0aa80ba8 0aa90ba9 
00011190: 08aa09aa 08ab09ab 0aaa0baa 0aab0bab 
000111a0: 0ca80da8 0ca90da9 0ea80fa8 0ea90fa9 
000111b0: 0caa0daa 0cab0dab 0eaa0faa 0eab0fab 
000111c0: 08ac09ac 08ad09ad 0aac0bac 0aad0bad 
000111d0: 08ae09ae 08af09af 0aae0bae 0aaf0baf 
000111e0: 0cac0dac 0cad0dad 0eac0fac 0ead0fad 
000111f0: 0cae0dae 0caf0daf 0eae0fae 0eaf0faf 
00011200: 10a011a0 10a111a1 12a013a0 12a113a1 
00011210: 10a211a2 10a311a3 12a213a2 12a313a3 
00011220: 14a015a0 14a115a1 16a017a0 16a117a1 
00011230: 14a215a2 14a315a3 16a217a2 16a317a3 
00011240: 10a411a4 10a511a5 12a413a4 12a513a5 
00011250: 10a611a6 10a711a7 12a613a6 12a713a7 
00011260: 14a415a4 14a515a5 16a417a4 16a517a5 
00011270: 14a615a6 14a715a7 16a617a6 16a717a7 
00011280: 18a019a0 18a119a1 1aa01ba0 1aa11ba1 
00011290: 18a219a2 18a319a3 1aa21ba2 1aa31ba3 
000112a0: 1ca01da0 1ca11da1 1ea01fa0 1ea11fa1 
000112b0: 1ca21da2 1ca31da3 1ea21fa2 1ea31fa3 
000112c0: 18a419a4 18a519a5 1aa41ba4 1aa51ba5 
000112d0: 18a619a6 18a719a7 1aa61ba6 1aa71ba7 
000112e0: 1ca41da4 1ca51da5 1ea41fa4 1ea51fa5 
000112f0: 1ca61da6 1ca71da7 1ea61fa6 1ea71fa7 
00011300: 10a811a8 10a911a9 12a813a8 12a913a9 
00011310: 10aa11aa 10ab11ab 12aa13aa 12ab13ab 
00011320: 14a815a8 14a915a9 16a817a8 16a917a9 
00011330: 14aa15aa 14ab15ab 16aa17aa 16ab17ab 
00011340: 10ac11ac 10ad11ad 12ac13ac 12ad13ad 
00011350: 10ae11ae 10af11af 12ae13ae 12af13af 
00011360: 14ac15ac 14ad15ad 16ac17ac 16ad17ad 
00011370: 14ae15ae 14af15af 16ae17ae 16af17af 
00011380: 18a819a8 18a919a9 1aa81ba8 1aa91ba9 
00011390: 18aa19aa 18ab19ab 1aaa1baa 1aab1bab 
000113a0: 1ca81da8 1ca91da9 1ea81fa8 1ea91fa9 
000113b0: 1caa1daa 1cab1dab 1eaa1faa 1eab1fab 
000113c0: 18ac19ac 18ad19ad 1aac1bac 1aad1bad 
000113d0: 18ae19ae 18af19af 1aae1bae 1aaf1baf 
000113e0: 1cac1dac 1cad1dad 1eac1fac 1ead1fad 
000113f0: 1cae1dae 1caf1daf 1eae1fae 1eaf1faf 
00011400: 00b001b0 00b101b1 02b003b0 02b103b1 
00011410: 00b201b2 00b301b3 02b203b2 02b303b3 
00011420: 04b005b0 04b105b1 06b007b0 06b107b1 
00011430: 04b205b2 04b305b3 06b207b2 06b307b3 
00011440: 00b401b4 00b501b5 02b403b4 02b503b5 
00011450: 00b601b6 00b701b7 02b603b6 02b703b7 
00011460: 04b405b4 04b505b5 06b407b4 06b507b5 
00011470: 04b605b6 04b705b7 06b607b6 06b707b7 
00011480: 08b009b0 08b109b1 0ab00bb0 0ab10bb1 
00011490: 08b209b2 08b309b3 0ab20bb2 0ab30bb3 
000114a0: 0cb00db0 0cb10db1 0eb00fb0 0eb10fb1 
000114b0: 0cb20db2 0cb30db3 0eb20fb2 0eb30fb3 
000114c0: 08b409b4 08b509b5 0ab40bb4 0ab50bb5 
000114d0: 08b609b6 08b709b7 0ab60bb6 0ab70bb7 
000114e0: 0cb40db4 0cb50db5 0eb40fb4 0eb50fb5 
000114f0: 0cb60db6 0cb70db7 0eb60fb6 0eb70fb7 
00011500: 00b801b8 00b901b9 02b803b8 02b903b9 
00011510: 00ba01ba 00bb01bb 02ba03ba 02bb03bb 
00011520: 04b805b8 04b905b9 06b807b8 06b907b9 
00011530: 04ba05ba 04bb05bb 06ba07ba 06bb07bb 
00011540: 00bc01bc 00bd01bd 02bc03bc 02bd03bd 
00011550: 00be01be 00bf01bf 02be03be 02bf03bf 
00011560: 04bc05bc 04bd05bd 06bc07bc 06bd07bd 
00011570: 04be05be 04bf05bf 06be07be 06bf07bf 
00011580: 08b809b8 08b909b9 0ab80bb8 0ab90bb9 
00011590: 08ba09ba 08bb09bb 0aba0bba 0abb0bbb 
000115a0: 0cb80db8 0cb90db9 0eb80fb8 0eb90fb9 
000115b0: 0cba0dba 0cbb0dbb 0eba0fba 0ebb0fbb 
000115c0: 08bc09bc 08bd09bd 0abc0bbc 0abd0bbd 
000115d0: 08be09be 08bf09bf 0abe0bbe 0abf0bbf 
000115e0: 0cbc0dbc 0cbd0dbd 0ebc0fbc 0ebd0fbd 
000115f0: 0cbe0dbe 0cbf0dbf 0ebe0fbe 0ebf0fbf 
00011600: 10b011b0 10b111b1 12b013b0 12b113b1 
00011610: 10b211b2 10b311b3 12b213b2 12b313b3 
00011620: 14b015b0 14b115b1 16b017b0 16b117b1 
00011630: 14b215b2 14b315b3 16b217b2 16b317b3 
00011640: 10b411b4 10b511b5 12b413b4 12b513b5 
00011650: 10b611b6 10b711b7 12b613b6 12b713b7 
00011660: 14b415b4 14b515b5 16b417b4 16b517b5 
00011670: 14b615b6 14b715b7 16b617b6 16b717b7 
00011680: 18b019b0 18b119b1 1ab01bb0 1ab11bb1 
00011690: 18b219b2 18b319b3 1ab21bb2 1ab31bb3 
000116a0: 1cb01db0 1cb11db1 1eb01fb0 1eb11fb1 
000116b0: 1cb21db2 1cb31db3 1eb21fb2 1eb31fb3 
000116c0: 18b419b4 18b519b5 1ab41bb4 1ab51bb5 
000116d0: 18b619b6 18b719b7 1ab61bb6 1ab71bb7 
000116e0: 1cb41db4 1cb51db5 1eb41fb4 1eb51fb5 
000116f0: 1cb61db6 1cb71db7 1eb61fb6 1eb71fb7 
00011700: 10b811b8 10b911b9 12b813b8 12b913b9 
00011710: 10ba11ba 10bb11bb 12ba13ba 12bb13bb 
00011720: 14b815b8 14b915b9 16b817b8 16b917b9 
00011730: 14ba15ba 14bb15bb 16ba17ba 16bb17bb 
00011740: 10bc11bc 10bd11bd 12bc13bc 12bd13bd 
00011750: 10be11be 10bf11bf 12be13be 12bf13bf 
00011760: 14bc15bc 14bd15bd 16bc17bc 16bd17bd 
00011770: 14be15be 14bf15bf 16be17be 16bf17bf 
00011780: 18b819b8 18b919b9 1ab81bb8 1ab91bb9 
00011790: 18ba19ba 18bb19bb 1aba1bba 1abb1bbb 
000117a0: 1cb81db8 1cb91db9 1eb81fb8 1eb91fb9 
000117b0: 1cba1dba 1cbb1dbb 1eba1fba 1ebb1fbb 
000117c0: 18bc19bc 18bd19bd 1abc1bbc 1abd1bbd 
000117d0: 18be19be 18bf19bf 1abe1bbe 1abf1bbf 
000117e0: 1cbc1dbc 1cbd1dbd 1ebc1fbc 1ebd1fbd 
000117f0: 1cbe1dbe 1cbf1dbf 1ebe1fbe 1ebf1fbf 
00011800: 20a021a0 20a121a1 22a023a0 22a123a1 
00011810: 20a221a2 20a321a3 22a223a2 22a323a3 
00011820: 24a025a0 24a125a1 26a027a0 26a127a1 
00011830: 24a225a2 24a325a3 26a227a2 26a327a3 
00011840: 20a421a4 20a521a5 22a423a4 22a523a5 
00011850: 20a621a6 20a721a7 22a623a6 22a723a7 
00011860: 24a425a4 24a525a5 26a427a4 26a527a5 
00011870: 24a625a6 24a725a7 26a627a6 26a727a7 
00011880: 28a029a0 28a129a1 2aa02ba0 2aa12ba1 
00011890: 28a229a2 28a329a3 2aa22ba2 2aa32ba3 
000118a0: 2ca02da0 2ca12da1 2ea02fa0 2ea12fa1 
000118b0: 2ca22da2 2ca32da3 2ea22fa2 2ea32fa3 
000118c0: 28a429a4 28a529a5 2aa42ba4 2aa52ba5 
000118d0: 28a629a6 28a729a7 2aa62ba6 2aa72ba7 
000118e0: 2ca42da4 2ca52da5 2ea42fa4 2ea52fa5 
000118f0: 2ca62da6 2ca72da7 2ea62fa6 2ea72fa7 
00011900: 20a821a8 20a921a9 22a823a8 22a923a9 
00011910: 20aa21aa 20ab21ab 22aa23aa 22ab23ab 
00011920: 24a825a8 24a925a9 26a827a8 26a927a9 
00011930: 24aa25aa 24ab25ab 26aa27aa 26ab27ab 
00011940: 20ac21ac 20ad21ad 22ac23ac 22ad23ad 
00011950: 20ae21ae 20af21af 22ae23ae 22af23af 
00011960: 24ac25ac 24ad25ad 26ac27ac 26ad27ad 
00011970: 24ae25ae 24af25af 26ae27ae 26af27af 
00011980: 28a829a8 28a929a9 2aa82ba8 2aa92ba9 
00011990: 28aa29aa 28ab29ab 2aaa2baa 2aab2bab 
000119a0: 2ca82da8 2ca92da9 2ea82fa8 2ea92fa9 
000119b0: 2caa2daa 2cab2dab 2eaa2faa 2eab2fab 
000119c0: 28ac29ac 28ad29ad 2aac2bac 2aad2bad 
000119d0: 28ae29ae 28af29af 2aae2bae 2aaf2baf 
000119e0: 2cac2dac 2cad2dad 2eac2fac 2ead2fad 
000119f0: 2cae2dae 2caf2daf 2eae2fae 2eaf2faf 
00011a00: 30a031a0 30a131a1 32a033a0 32a133a1 
00011a10: 30a231a2 30a331a3 32a233a2 32a333a3 
00011a20: 34a035a0 34a135a1 36a037a0 36a137a1 
00011a30: 34a235a2 34a335a3 36a237a2 36a337a3 
00011a40: 30a431a4 30a531a5 32a433a4 32a533a5 
00011a50: 30a631a6 30a731a7 32a633a6 32a733a7 
00011a60: 34a435a4 34a535a5 36a437a4 36a537a5 
00011a70: 34a635a6 34a735a7 36a637a6 36a737a7 
00011a80: 38a039a0 38a139a1 3aa03ba0 3aa13ba1 
00011a90: 38a239a2 38a339a3 3aa23ba2 3aa33ba3 
00011aa0: 3ca03da0 3ca13da1 3ea03fa0 3ea13fa1 
00011ab0: 3ca23da2 3ca33da3 3ea23fa2 3ea33fa3 
00011ac0: 38a439a4 38a539a5 3aa43ba4 3aa53ba5 
00011ad0: 38a639a6 38a739a7 3aa63ba6 3aa73ba7 
00011ae0: 3ca43da4 3ca53da5 3ea43fa4 3ea53fa5 
00011af0: 3ca63da6 3ca73da7 3ea63fa6 3ea73fa7 
00011b00: 30a831a8 30a931a9 32a833a8 32a933a9 
00011b10: 30aa31aa 30ab31ab 32aa33aa 32ab33ab 
00011b20: 34a835a8 34a935a9 36a837a8 36a937a9 
00011b30: 34aa35aa 34ab35ab 36aa37aa 36ab37ab 
00011b40: 30ac31ac 30ad31ad 32ac33ac 32ad33ad 
00011b50: 30ae31ae 30af31af 32ae33ae 32af33af 
00011b60: 34ac35ac 34ad35ad 36ac37ac 36ad37ad 
00011b70: 34ae35ae 34af35af 36ae37ae 36af37af 
00011b80: 38a839a8 38a939a9 3aa83ba8 3aa93ba9 
00011b90: 38aa39aa 38ab39ab 3aaa3baa 3aab3bab 
00011ba0: 3ca83da8 3ca93da9 3ea83fa8 3ea93fa9 
00011bb0: 3caa3daa 3cab3dab 3eaa3faa 3eab3fab 
00011bc0: 38ac39ac 38ad39ad 3aac3bac 3aad3bad 
00011bd0: 38ae39ae 38af39af 3aae3bae 3aaf3baf 
00011be0: 3cac3dac 3cad3dad 3eac3fac 3ead3fad 
00011bf0: 3cae3dae 3caf3daf 3eae3fae 3eaf3faf 
00011c00: 20b021b0 20b121b1 22b023b0 22b123b1 
00011c10: 20b221b2 20b321b3 22b223b2 22b323b3 
00011c20: 24b025b0 24b125b1 26b027b0 26b127b1 
00011c30: 24b225b2 24b325b3 26b227b2 26b327b3 
00011c40: 20b421b4 20b521b5 22b423b4 22b523b5 
00011c50: 20b621b6 20b721b7 22b623b6 22b723b7 
00011c60: 24b425b4 24b525b5 26b427b4 26b527b5 
00011c70: 24b625b6 24b725b7 26b627b6 26b727b7 
00011c80: 28b029b0 28b129b1 2ab02bb0 2ab12bb1 
00011c90: 28b229b2 28b329b3 2ab22bb2 2ab32bb3 
00011ca0: 2cb02db0 2cb12db1 2eb02fb0 2eb12fb1 
00011cb0: 2cb22db2 2cb32db3 2eb22fb2 2eb32fb3 
00011cc0: 28b429b4 28b529b5 2ab42bb4 2ab52bb5 
00011cd0: 28b629b6 28b729b7 2ab62bb6 2ab72bb7 
00011ce0: 2cb42db4 2cb52db5 2eb42fb4 2eb52fb5 
00011cf0: 2cb62db6 2cb72db7 2eb62fb6 2eb72fb7 
00011d00: 20b821b8 20b921b9 22b823b8 22b923b9 
00011d10: 20ba21ba 20bb21bb 22ba23ba 22bb23bb 
00011d20: 24b825b8 24b925b9 26b827b8 26b927b9 
00011d30: 24ba25ba 24bb25bb 26ba27ba 26bb27bb 
00011d40: 20bc21bc 20bd21bd 22bc23bc 22bd23bd 
00011d50: 20be21be 20bf21bf 22be23be 22bf23bf 
00011d60: 24bc25bc 24bd25bd 26bc27bc 26bd27bd 
00011d70: 24be25be 24bf25bf 26be27be 26bf27bf 
00011d80: 28b829b8 28b929b9 2ab82bb8 2ab92bb9 
00011d90: 28ba29ba 28bb29bb 2aba2bba 2abb2bbb 
00011da0: 2cb82db8 2cb92db9 2eb82fb8 2eb92fb9 
00011db0: 2cba2dba 2cbb2dbb 2eba2fba 2ebb2fbb 
00011dc0: 28bc29bc 28bd29bd 2abc2bbc 2abd2bbd 
00011dd0: 28be29be 28bf29bf 2abe2bbe 2abf2bbf 
00011de0: 2cbc2dbc 2cbd2dbd 2ebc2fbc 2ebd2fbd 
00011df0: 2cbe2dbe 2cbf2dbf 2ebe2fbe 2ebf2fbf 
00011e00: 30b031b0 30b131b1 32b033b0 32b133b1 
00011e10: 30b231b2 30b331b3 32b233b2 32b333b3 
00011e20: 34b035b0 34b135b1 36b037b0 36b137b1 
00011e30: 34b235b2 34b335b3 36b237b2 36b337b3 
00011e40: 30b431b4 30b531b5 32b433b4 32b533b5 
00011e50: 30b631b6 30b731b7 32b633b6 32b733b7 
00011e60: 34b435b4 34b535b5 36b437b4 36b537b5 
00011e70: 34b635b6 34b735b7 36b637b6 36b737b7 
00011e80: 38b039b0 38b139b1 3ab03bb0 3ab13bb1 
00011e90: 38b239b2 38b339b3 3ab23bb2 3ab33bb3 
00011ea0: 3cb03db0 3cb13db1 3eb03fb0 3eb13fb1 
00011eb0: 3cb23db2 3cb33db3 3eb23fb2 3eb33fb3 
00011ec0: 38b439b4 38b539b5 3ab43bb4 3ab53bb5 
00011ed0: 38b639b6 38b739b7 3ab63bb6 3ab73bb7 
00011ee0: 3cb43db4 3cb53db5 3eb43fb4 3eb53fb5 
00011ef0: 3cb63db6 3cb73db7 3eb63fb6 3eb73fb7 
00011f00: 30b831b8 30b931b9 32b833b8 32b933b9 
00011f10: 30ba31ba 30bb31bb 32ba33ba 32bb33bb 
00011f20: 34b835b8 34b935b9 36b837b8 36b937b9 
00011f30: 34ba35ba 34bb35bb 36ba37ba 36bb37bb 
00011f40: 30bc31bc 30bd31bd 32bc33bc 32bd33bd 
00011f50: 30be31be 30bf31bf 32be33be 32bf33bf 
00011f60: 34bc35bc 34bd35bd 36bc37bc 36bd37bd 
00011f70: 34be35be 34bf35bf 36be37be 36bf37bf 
00011f80: 38b839b8 38b939b9 3ab83bb8 3ab93bb9 
00011f90: 38ba39ba 38bb39bb 3aba3bba 3abb3bbb 
00011fa0: 3cb83db8 3cb93db9 3eb83fb8 3eb93fb9 
00011fb0: 3cba3dba 3cbb3dbb 3eba3fba 3ebb3fbb 
00011fc0: 38bc39bc 38bd39bd 3abc3bbc 3abd3bbd 
00011fd0: 38be39be 38bf39bf 3abe3bbe 3abf3bbf 
00011fe0: 3cbc3dbc 3cbd3dbd 3ebc3fbc 3ebd3fbd 
00011ff0: 3cbe3dbe 3cbf3dbf 3ebe3fbe 3ebf3fbf 
00012000: 40804180 40814181 42804380 42814381 
00012010: 40824182 40834183 42824382 42834383 
00012020: 44804580 44814581 46804780 46814781 
00012030: 44824582 44834583 46824782 46834783 
00012040: 40844184 40854185 42844384 42854385 
00012050: 40864186 40874187 42864386 42874387 
00012060: 44844584 44854585 46844784 46854785 
00012070: 44864586 44874587 46864786 46874787 
00012080: 48804980 48814981 4a804b80 4a814b81 
00012090: 48824982 48834983 4a824b82 4a834b83 
000120a0: 4c804d80 4c814d81 4e804f80 4e814f81 
000120b0: 4c824d82 4c834d83 4e824f82 4e834f83 
000120c0: 48844984 48854985 4a844b84 4a854b85 
000120d0: 48864986 48874987 4a864b86 4a874b87 
000120e0: 4c844d84 4c854d85 4e844f84 4e854f85 
000120f0: 4c864d86 4c874d87 4e864f86 4e874f87 
00012100: 40884188 40894189 42884388 42894389 
00012110: 408a418a 408b418b 428a438a 428b438b 
00012120: 44884588 44894589 46884788 46894789 
00012130: 448a458a 448b458b 468a478a 468b478b 
00012140: 408c418c 408d418d 428c438c 428d438d 
00012150: 408e418e 408f418f 428e438e 428f438f 
00012160: 448c458c 448d458d 468c478c 468d478d 
00012170: 448e458e 448f458f 468e478e 468f478f 
00012180: 48884988 48894989 4a884b88 4a894b89 
00012190: 488a498a 488b498b 4a8a4b8a 4a8b4b8b 
000121a0: 4c884d88 4c894d89 4e884f88 4e894f89 
000121b0: 4c8a4d8a 4c8b4d8b 4e8a4f8a 4e8b4f8b 
000121c0: 488c498c 488d498d 4a8c4b8c 4a8d4b8d 
000121d0: 488e498e 488f498f 4a8e4b8e 4a8f4b8f 
000121e0: 4c8c4d8c 4c8d4d8d 4e8c4f8c 4e8d4f8d 
000121f0: 4c8e4d8e 4c8f4d8f 4e8e4f8e 4e8f4f8f 
00012200: 50805180 50815181 52805380 52815381 
00012210: 50825182 50835183 52825382 52835383 
00012220: 54805580 54815581 56805780 56815781 
00012230: 54825582 54835583 56825782 56835783 
00012240: 50845184 50855185 52845384 52855385 
00012250: 50865186 50875187 52865386 52875387 
00012260: 54845584 54855585 56845784 56855785 
00012270: 54865586 54875587 56865786 56875787 
00012280: 58805980 58815981 5a805b80 5a815b81 
00012290: 58825982 58835983 5a825b82 5a835b83 
000122a0: 5c805d80 5c815d81 5e805f80 5e815f81 
000122b0: 5c825d82 5c835d83 5e825f82 5e835f83 
000122c0: 58845984 58855985 5a845b84 5a855b85 
000122d0: 58865986 58875987 5a865b86 5a875b87 
000122e0: 5c845d84 5c855d85 5e845f84 5e855f85 
000122f0: 5c865d86 5c875d87 5e865f86 5e875f87 
00012300: 50885188 50895189 52885388 52895389 
00012310: 508a518a 508b518b 528a538a 528b538b 
00012320: 54885588 54895589 56885788 56895789 
00012330: 548a558a 548b558b 568a578a 568b578b 
00012340: 508c518c 508d518d 528c538c 528d538d 
00012350: 508e518e 508f518f 528e538e 528f538f 
00012360: 548c558c 548d558d 568c578c 568d578d 
00012370: 548e558e 548f558f 568e578e 568f578f 
00012380: 58885988 58895989 5a885b88 5a895b89 
00012390: 588a598a 588b598b 5a8a5b8a 5a8b5b8b 
000123a0: 5c885d88 5c895d89 5e885f88 5e895f89 
000123b0: 5c8a5d8a 5c8b5d8b 5e8a5f8a 5e8b5f8b 
000123c0: 588c598c 588d598d 5a8c5b8c 5a8d5b8d 
000123d0: 588e598e 588f598f 5a8e5b8e 5a8f5b8f 
000123e0: 5c8c5d8c 5c8d5d8d 5e8c5f8c 5e8d5f8d 
000123f0: 5c8e5d8e 5c8f5d8f 5e8e5f8e 5e8f5f8f 
00012400: 40904190 40914191 42904390 42914391 
00012410: 40924192 40934193 42924392 42934393 
00012420: 44904590 44914591 46904790 46914791 
00012430: 44924592 44934593 46924792 46934793 
00012440: 40944194 40954195 42944394 42954395 
00012450: 40964196 40974197 42964396 42974397 
00012460: 44944594 44954595 46944794 46954795 
00012470: 44964596 44974597 46964796 46974797 
00012480: 48904990 48914991 4a904b90 4a914b91 
00012490: 48924992 48934993 4a924b92 4a934b93 
000124a0: 4c904d90 4c914d91 4e904f90 4e914f91 
000124b0: 4c924d92 4c934d93 4e924f92 4e934f93 
000124c0: 48944994 48954995 4a944b94 4a954b95 
000124d0: 48964996 48974997 4a964b96 4a974b97 
000124e0: 4c944d94 4c954d95 4e944f94 4e954f95 
000124f0: 4c964d96 4c974d97 4e964f96 4e974f97 
00012500: 40984198 40994199 42984398 42994399 
00012510: 409a419a 409b419b 429a439a 429b439b 
00012520: 44984598 44994599 46984798 46994799 
00012530: 449a459a 449b459b 469a479a 469b479b 
00012540: 409c419c 409d419d 429c439c 429d439d 
00012550: 409e419e 409f419f 429e439e 429f439f 
00012560: 449c459c 449d459d 469c479c 469d479d 
00012570: 449e459e 449f459f 469e479e 469f479f 
00012580: 48984998 48994999 4a984b98 4a994b99 
00012590: 489a499a 489b499b 4a9a4b9a 4a9b4b9b 
000125a0: 4c984d98 4c994d99 4e984f98 4e994f99 
000125b0: 4c9a4d9a 4c9b4d9b 4e9a4f9a 4e9b4f9b 
000125c0: 489c499c 489d499d 4a9c4b9c 4a9d4b9d 
000125d0: 489e499e 489f499f 4a9e4b9e 4a9f4b9f 
000125e0: 4c9c4d9c 4c9d4d9d 4e9c4f9c 4e9d4f9d 
000125f0: 4c9e4d9e 4c9f4d9f 4e9e4f9e 4e9f4f9f 
00012600: 50905190 50915191 52905390 52915391 
00012610: 50925192 50935193 52925392 52935393 
00012620: 54905590 54915591 56905790 56915791 
00012630: 54925592 54935593 56925792 56935793 
00012640: 50945194 50955195 52945394 52955395 
00012650: 50965196 50975197 52965396 52975397 
00012660: 54945594 54955595 56945794 56955795 
00012670: 54965596 54975597 56965796 56975797 
00012680: 58905990 58915991 5a905b90 5a915b91 
00012690: 58925992 58935993 5a925b92 5a935b93 
000126a0: 5c905d90 5c915d91 5e905f90 5e915f91 
000126b0: 5c925d92 5c935d93 5e925f92 5e935f93 
000126c0: 58945994 58955995 5a945b94 5a955b95 
000126d0: 58965996 58975997 5a965b96 5a975b97 
000126e0: 5c945d94 5c955d95 5e945f94 5e955f95 
000126f0: 5c965d96 5c975d97 5e965f96 5e975f97 
00012700: 50985198 50995199 52985398 52995399 
00012710: 509a519a 509b519b 529a539a 529b539b 
00012720: 54985598 54995599 56985798 56995799 
00012730: 549a559a 549b559b 569a579a 569b579b 
00012740: 509c519c 509d519d 529c539c 529d539d 
00012750: 509e519e 509f519f 529e539e 529f539f 
00012760: 549c559c 549d559d 569c579c 569d579d 
00012770: 549e559e 549f559f 569e579e 569f579f 
00012780: 58985998 58995999 5a985b98 5a995b99 
00012790: 589a599a 589b599b 5a9a5b9a 5a9b5b9b 
000127a0: 5c985d98 5c995d99 5e985f98 5e995f99 
000127b0: 5c9a5d9a 5c9b5d9b 5e9a5f9a 5e9b5f9b 
000127c0: 589c599c 589d599d 5a9c5b9c 5a9d5b9d 
000127d0: 589e599e 589f599f 5a9e5b9e 5a9f5b9f 
000127e0: 5c9c5d9c 5c9d5d9d 5e9c5f9c 5e9d5f9d 
000127f0: 5c9e5d9e 5c9f5d9f 5e9e5f9e 5e9f5f9f 
00012800: 60806180 60816181 62806380 62816381 
00012810: 60826182 60836183 62826382 62836383 
00012820: 64806580 64816581 66806780 66816781 
00012830: 64826582 64836583 66826782 66836783 
00012840: 60846184 60856185 62846384 62856385 
00012850: 60866186 60876187 62866386 62876387 
00012860: 64846584 64856585 66846784 66856785 
00012870: 64866586 64876587 66866786 66876787 
00012880: 68806980 68816981 6a806b80 6a816b81 
00012890: 68826982 68836983 6a826b82 6a836b83 
000128a0: 6c806d80 6c816d81 6e806f80 6e816f81 
000128b0: 6c826d82 6c836d83 6e826f82 6e836f83 
000128c0: 68846984 68856985 6a846b84 6a856b85 
000128d0: 68866986 68876987 6a866b86 6a876b87 
000128e0: 6c846d84 6c856d85 6e846f84 6e856f85 
000128f0: 6c866d86 6c876d87 6e866f86 6e876f87 
00012900: 60886188 60896189 62886388 62896389 
00012910: 608a618a 608b618b 628a638a 628b638b 
00012920: 64886588 64896589 66886788 66896789 
00012930: 648a658a 648b658b 668a678a 668b678b 
00012940: 608c618c 608d618d 628c638c 628d638d 
00012950: 608e618e 608f618f 628e638e 628f638f 
00012960: 648c658c 648d658d 668c678c 668d678d 
00012970: 648e658e 648f658f 668e678e 668f678f 
00012980: 68886988 68896989 6a886b88 6a896b89 
00012990: 688a698a 688b698b 6a8a6b8a 6a8b6b8b 
000129a0: 6c886d88 6c896d89 6e886f88 6e896f89 
000129b0: 6c8a6d8a 6c8b6d8b 6e8a6f8a 6e8b6f8b 
000129c0: 688c698c 688d698d 6a8c6b8c 6a8d6b8d 
000129d0: 688e698e 688f698f 6a8e6b8e 6a8f6b8f 
000129e0: 6c8c6d8c 6c8d6d8d 6e8c6f8c 6e8d6f8d 
000129f0: 6c8e6d8e 6c8f6d8f 6e8e6f8e 6e8f6f8f 
00012a00: 70807180 70817181 72807380 72817381 
00012a10: 70827182 70837183 72827382 72837383 
00012a20: 74807580 74817581 76807780 76817781 
00012a30: 74827582 74837583 76827782 76837783 
00012a40: 70847184 70857185 72847384 72857385 
00012a50: 70867186 70877187 72867386 72877387 
00012a60: 74847584 74857585 76847784 76857785 
00012a70: 74867586 74877587 76867786 76877787 
00012a80: 78807980 78817981 7a807b80 7a817b81 
00012a90: 78827982 78837983 7a827b82 7a837b83 
00012aa0: 7c807d80 7c817d81 7e807f80 7e817f81 
00012ab0: 7c827d82 7c837d83 7e827f82 7e837f83 
00012ac0: 78847984 78857985 7a847b84 7a857b85 
00012ad0: 78867986 78877987 7a867b86 7a877b87 
00012ae0: 7c847d84 7c857d85 7e847f84 7e857f85 
00012af0: 7c867d86 7c877d87 7e867f86 7e877f87 
00012b00: 70887188 70897189 72887388 72897389 
00012b10: 708a718a 708b718b 728a738a 728b738b 
00012b20: 74887588 74897589 76887788 76897789 
00012b30: 748a758a 748b758b 768a778a 768b778b 
00012b40: 708c718c 708d718d 728c738c 728d738d 
00012b50: 708e718e 708f718f 728e738e 728f738f 
00012b60: 748c758c 748d758d 768c778c 768d778d 
00012b70: 748e758e 748f758f 768e778e 768f778f 
00012b80: 78887988 78897989 7a887b88 7a897b89 
00012b90: 788a798a 788b798b 7a8a7b8a 7a8b7b8b 
00012ba0: 7c887d88 7c897d89 7e887f88 7e897f89 
00012bb0: 7c8a7d8a 7c8b7d8b 7e8a7f8a 7e8b7f8b 
00012bc0: 788c798c 788d798d 7a8c7b8c 7a8d7b8d 
00012bd0: 788e798e 788f798f 7a8e7b8e 7a8f7b8f 
00012be0: 7c8c7d8c 7c8d7d8d 7e8c7f8c 7e8d7f8d 
00012bf0: 7c8e7d8e 7c8f7d8f 7e8e7f8e 7e8f7f8f 
00012c00: 60906190 60916191 62906390 62916391 
00012c10: 60926192 60936193 62926392 62936393 
00012c20: 64906590 64916591 66906790 66916791 
00012c30: 64926592 64936593 66926792 66936793 
00012c40: 60946194 60956195 62946394 62956395 
00012c50: 60966196 60976197 62966396 62976397 
00012c60: 64946594 64956595 66946794 66956795 
00012c70: 64966596 64976597 66966796 66976797 
00012c80: 68906990 68916991 6a906b90 6a916b91 
00012c90: 68926992 68936993 6a926b92 6a936b93 
00012ca0: 6c906d90 6c916d91 6e906f90 6e916f91 
00012cb0: 6c926d92 6c936d93 6e926f92 6e936f93 
00012cc0: 68946994 68956995 6a946b94 6a956b95 
00012cd0: 68966996 68976997 6a966b96 6a976b97 
00012ce0: 6c946d94 6c956d95 6e946f94 6e956f95 
00012cf0: 6c966d96 6c976d97 6e966f96 6e976f97 
00012d00: 60986198 60996199 62986398 62996399 
00012d10: 609a619a 609b619b 629a639a 629b639b 
00012d20: 64986598 64996599 66986798 66996799 
00012d30: 649a659a 649b659b 669a679a 669b679b 
00012d40: 609c619c 609d619d 629c639c 629d639d 
00012d50: 609e619e 609f619f 629e639e 629f639f 
00012d60: 649c659c 649d659d 669c679c 669d679d 
00012d70: 649e659e 649f659f 669e679e 669f679f 
00012d80: 68986998 68996999 6a986b98 6a996b99 
00012d90: 689a699a 689b699b 6a9a6b9a 6a9b6b9b 
00012da0: 6c986d98 6c996d99 6e986f98 6e996f99 
00012db0: 6c9a6d9a 6c9b6d9b 6e9a6f9a 6e9b6f9b 
00012dc0: 689c699c 689d699d 6a9c6b9c 6a9d6b9d 
00012dd0: 689e699e 689f699f 6a9e6b9e 6a9f6b9f 
00012de0: 6c9c6d9c 6c9d6d9d 6e9c6f9c 6e9d6f9d 
00012df0: 6c9e6d9e 6c9f6d9f 6e9e6f9e 6e9f6f9f 
00012e00: 70907190 70917191 72907390 72917391 
00012e10: 70927192 70937193 72927392 72937393 
00012e20: 74907590 74917591 76907790 76917791 
00012e30: 74927592 74937593 76927792 76937793 
00012e40: 70947194 70957195 72947394 72957395 
00012e50: 70967196 70977197 72967396 72977397 
00012e60: 74947594 74957595 76947794 76957795 
00012e70: 74967596 74977597 76967796 76977797 
00012e80: 78907990 78917991 7a907b90 7a917b91 
00012e90: 78927992 78937993 7a927b92 7a937b93 
00012ea0: 7c907d90 7c917d91 7e907f90 7e917f91 
00012eb0: 7c927d92 7c937d93 7e927f92 7e937f93 
00012ec0: 78947994 78957995 7a947b94 7a957b95 
00012ed0: 78967996 78977997 7a967b96 7a977b97 
00012ee0: 7c947d94 7c957d95 7e947f94 7e957f95 
00012ef0: 7c967d96 7c977d97 7e967f96 7e977f97 
00012f00: 70987198 70997199 72987398 72997399 
00012f10: 709a719a 709b719b 729a739a 729b739b 
00012f20: 74987598 74997599 76987798 76997799 
00012f30: 749a759a 749b759b 769a779a 769b779b 
00012f40: 709c719c 709d719d 729c739c 729d739d 
00012f50: 709e719e 709f719f 729e739e 729f739f 
00012f60: 749c759c 749d759d 769c779c 769d779d 
00012f70: 749e759e 749f759f 769e779e 769f779f 
00012f80: 78987998 78997999 7a987b98 7a997b99 
00012f90: 789a799a 789b799b 7a9a7b9a 7a9b7b9b 
00012fa0: 7c987d98 7c997d99 7e987f98 7e997f99 
00012fb0: 7c9a7d9a 7c9b7d9b 7e9a7f9a 7e9b7f9b 
00012fc0: 789c799c 789d799d 7a9c7b9c 7a9d7b9d 
00012fd0: 789e799e 789f799f 7a9e7b9e 7a9f7b9f 
00012fe0: 7c9c7d9c 7c9d7d9d 7e9c7f9c 7e9d7f9d 
00012ff0: 7c9e7d9e 7c9f7d9f 7e9e7f9e 7e9f7f9f 
00013000: 40a041a0 40a141a1 42a043a0 42a143a1 
00013010: 40a241a2 40a341a3 42a243a2 42a343a3 
00013020: 44a045a0 44a145a1 46a047a0 46a147a1 
00013030: 44a245a2 44a345a3 46a247a2 46a347a3 
00013040: 40a441a4 40a541a5 42a443a4 42a543a5 
00013050: 40a641a6 40a741a7 42a643a6 42a743a7 
00013060: 44a445a4 44a545a5 46a447a4 46a547a5 
00013070: 44a645a6 44a745a7 46a647a6 46a747a7 
00013080: 48a049a0 48a149a1 4aa04ba0 4aa14ba1 
00013090: 48a249a2 48a349a3 4aa24ba2 4aa34ba3 
000130a0: 4ca04da0 4ca14da1 4ea04fa0 4ea14fa1 
000130b0: 4ca24da2 4ca34da3 4ea24fa2 4ea34fa3 
000130c0: 48a449a4 48a549a5 4aa44ba4 4aa54ba5 
000130d0: 48a649a6 48a749a7 4aa64ba6 4aa74ba7 
000130e0: 4ca44da4 4ca54da5 4ea44fa4 4ea54fa5 
000130f0: 4ca64da6 4ca74da7 4ea64fa6 4ea74fa7 
00013100: 40a841a8 40a941a9 42a843a8 42a943a9 
00013110: 40aa41aa 40ab41ab 42aa43aa 42ab43ab 
00013120: 44a845a8 44a945a9 46a847a8 46a947a9 
00013130: 44aa45aa 44ab45ab 46aa47aa 46ab47ab 
00013140: 40ac41ac 40ad41ad 42ac43ac 42ad43ad 
00013150: 40ae41ae 40af41af 42ae43ae 42af43af 
00013160: 44ac45ac 44ad45ad 46ac47ac 46ad47ad 
00013170: 44ae45ae 44af45af 46ae47ae 46af47af 
00013180: 48a849a8 48a949a9 4aa84ba8 4aa94ba9 
00013190: 48aa49aa 48ab49ab 4aaa4baa 4aab4bab 
000131a0: 4ca84da8 4ca94da9 4ea84fa8 4ea94fa9 
000131b0: 4caa4daa 4cab4dab 4eaa4faa 4eab4fab 
000131c0: 48ac49ac 48ad49ad 4aac4bac 4aad4bad 
000131d0: 48ae49ae 48af49af 4aae4bae 4aaf4baf 
000131e0: 4cac4dac 4cad4dad 4eac4fac 4ead4fad 
000131f0: 4cae4dae 4caf4daf 4eae4fae 4eaf4faf 
00013200: 50a051a0 50a151a1 52a053a0 52a153a1 
00013210: 50a251a2 50a351a3 52a253a2 52a353a3 
00013220: 54a055a0 54a155a1 56a057a0 56a157a1 
00013230: 54a255a2 54a355a3 56a257a2 56a357a3 
00013240: 50a451a4 50a551a5 52a453a4 52a553a5 
00013250: 50a651a6 50a751a7 52a653a6 52a753a7 
00013260: 54a455a4 54a555a5 56a457a4 56a557a5 
00013270: 54a655a6 54a755a7 56a657a6 56a757a7 
00013280: 58a059a0 58a159a1 5aa05ba0 5aa15ba1 
00013290: 58a259a2 58a359a3 5aa25ba2 5aa35ba3 
000132a0: 5ca05da0 5ca15da1 5ea05fa0 5ea15fa1 
000132b0: 5ca25da2 5ca35da3 5ea25fa2 5ea35fa3 
000132c0: 58a459a4 58a559a5 5aa45ba4 5aa55ba5 
000132d0: 58a659a6 58a759a7 5aa65ba6 5aa75ba7 
000132e0: 5ca45da4 5ca55da5 5ea45fa4 5ea55fa5 
000132f0: 5ca65da6 5ca75da7 5ea65fa6 5ea75fa7 
00013300: 50a851a8 50a951a9 52a853a8 52a953a9 
00013310: 50aa51aa 50ab51ab 52aa53aa 52ab53ab 
00013320: 54a855a8 54a955a9 56a857a8 56a957a9 
00013330: 54aa55aa 54ab55ab 56aa57aa 56ab57ab 
00013340: 50ac51ac 50ad51ad 52ac53ac 52ad53ad 
00013350: 50ae51ae 50af51af 52ae53ae 52af53af 
00013360: 54ac55ac 54ad55ad 56ac57ac 56ad57ad 
00013370: 54ae55ae 54af55af 56ae57ae 56af57af 
00013380: 58a859a8 58a959a9 5aa85ba8 5aa95ba9 
00013390: 58aa59aa 58ab59ab 5aaa5baa 5aab5bab 
000133a0: 5ca85da8 5ca95da9 5ea85fa8 5ea95fa9 
000133b0: 5caa5daa 5cab5dab 5eaa5faa 5eab5fab 
000133c0: 58ac59ac 58ad59ad 5aac5bac 5aad5bad 
000133d0: 58ae59ae 58af59af 5aae5bae 5aaf5baf 
000133e0: 5cac5dac 5cad5dad 5eac5fac 5ead5fad 
000133f0: 5cae5dae 5caf5daf 5eae5fae 5eaf5faf 
00013400: 40b041b0 40b141b1 42b043b0 42b143b1 
00013410: 40b241b2 40b341b3 42b243b2 42b343b3 
00013420: 44b045b0 44b145b1 46b047b0 46b147b1 
00013430: 44b245b2 44b345b3 46b247b2 46b347b3 
00013440: 40b441b4 40b541b5 42b443b4 42b543b5 
00013450: 40b641b6 40b741b7 42b643b6 42b743b7 
00013460: 44b445b4 44b545b5 46b447b4 46b547b5 
00013470: 44b645b6 44b745b7 46b647b6 46b747b7 
00013480: 48b049b0 48b149b1 4ab04bb0 4ab14bb1 
00013490: 48b249b2 48b349b3 4ab24bb2 4ab34bb3 
000134a0: 4cb04db0 4cb14db1 4eb04fb0 4eb14fb1 
000134b0: 4cb24db2 4cb34db3 4eb24fb2 4eb34fb3 
000134c0: 48b449b4 48b549b5 4ab44bb4 4ab54bb5 
000134d0: 48b649b6 48b749b7 4ab64bb6 4ab74bb7 
000134e0: 4cb44db4 4cb54db5 4eb44fb4 4eb54fb5 
000134f0: 4cb64db6 4cb74db7 4eb64fb6 4eb74fb7 
00013500: 40b841b8 40b941b9 42b843b8 42b943b9 
00013510: 40ba41ba 40bb41bb 42ba43ba 42bb43bb 
00013520: 44b845b8 44b945b9 46b847b8 46b947b9 
00013530: 44ba45ba 44bb45bb 46ba47ba 46bb47bb 
00013540: 40bc41bc 40bd41bd 42bc43bc 42bd43bd 
00013550: 40be41be 40bf41bf 42be43be 42bf43bf 
00013560: 44bc45bc 44bd45bd 46bc47bc 46bd47bd 
00013570: 44be45be 44bf45bf 46be47be 46bf47bf 
00013580: 48b849b8 48b949b9 4ab84bb8 4ab94bb9 
00013590: 48ba49ba 48bb49bb 4aba4bba 4abb4bbb 
000135a0: 4cb84db8 4cb94db9 4eb84fb8 4eb94fb9 
000135b0: 4cba4dba 4cbb4dbb 4eba4fba 4ebb4fbb 
000135c0: 48bc49bc 48bd49bd 4abc4bbc 4abd4bbd 
000135d0: 48be49be 48bf49bf 4abe4bbe 4abf4bbf 
000135e0: 4cbc4dbc 4cbd4dbd 4ebc4fbc 4ebd4fbd 
000135f0: 4cbe4dbe 4cbf4dbf 4ebe4fbe 4ebf4fbf 
00013600: 50b051b0 50b151b1 52b053b0 52b153b1 
00013610: 50b251b2 50b351b3 52b253b2 52b353b3 
00013620: 54b055b0 54b155b1 56b057b0 56b157b1 
00013630: 54b255b2 54b355b3 56b257b2 56b357b3 
00013640: 50b451b4 50b551b5 52b453b4 52b553b5 
00013650: 50b651b6 50b751b7 52b653b6 52b753b7 
00013660: 54b455b4 54b555b5 56b457b4 56b557b5 
00013670: 54b655b6 54b755b7 56b657b6 56b757b7 
00013680: 58b059b0 58b159b1 5ab05bb0 5ab15bb1 
00013690: 58b259b2 58b359b3 5ab25bb2 5ab35bb3 
000136a0: 5cb05db0 5cb15db1 5eb05fb0 5eb15fb1 
000136b0: 5cb25db2 5cb35db3 5eb25fb2 5eb35fb3 
000136c0: 58b459b4 58b559b5 5ab45bb4 5ab55bb5 
000136d0: 58b659b6 58b759b7 5ab65bb6 5ab75bb7 
000136e0: 5cb45db4 5cb55db5 5eb45fb4 5eb55fb5 
000136f0: 5cb65db6 5cb75db7 5eb65fb6 5eb75fb7 
00013700: 50b851b8 50b951b9 52b853b8 52b953b9 
00013710: 50ba51ba 50bb51bb 52ba53ba 52bb53bb 
00013720: 54b855b8 54b955b9 56b857b8 56b957b9 
00013730: 54ba55ba 54bb55bb 56ba57ba 56bb57bb 
00013740: 50bc51bc 50bd51bd 52bc53bc 52bd53bd 
00013750: 50be51be 50bf51bf 52be53be 52bf53bf 
00013760: 54bc55bc 54bd55bd 56bc57bc 56bd57bd 
00013770: 54be55be 54bf55bf 56be57be 56bf57bf 
00013780: 58b859b8 58b959b9 5ab85bb8 5ab95bb9 
00013790: 58ba59ba 58bb59bb 5aba5bba 5abb5bbb 
000137a0: 5cb85db8 5cb95db9 5eb85fb8 5eb95fb9 
000137b0: 5cba5dba 5cbb5dbb 5eba5fba 5ebb5fbb 
000137c0: 58bc59bc 58bd59bd 5abc5bbc 5abd5bbd 
000137d0: 58be59be 58bf59bf 5abe5bbe 5abf5bbf 
000137e0: 5cbc5dbc 5cbd5dbd 5ebc5fbc 5ebd5fbd 
000137f0: 5cbe5dbe 5cbf5dbf 5ebe5fbe 5ebf5fbf 
00013800: 60a061a0 60a161a1 62a063a0 62a163a1 
00013810: 60a261a2 60a361a3 62a263a2 62a363a3 
00013820: 64a065a0 64a165a1 66a067a0 66a167a1 
00013830: 64a265a2 64a365a3 66a267a2 66a367a3 
00013840: 60a461a4 60a561a5 62a463a4 62a563a5 
00013850: 60a661a6 60a761a7 62a663a6 62a763a7 
00013860: 64a465a4 64a565a5 66a467a4 66a567a5 
00013870: 64a665a6 64a765a7 66a667a6 66a767a7 
00013880: 68a069a0 68a169a1 6aa06ba0 6aa16ba1 
00013890: 68a269a2 68a369a3 6aa26ba2 6aa36ba3 
000138a0: 6ca06da0 6ca16da1 6ea06fa0 6ea16fa1 
000138b0: 6ca26da2 6ca36da3 6ea26fa2 6ea36fa3 
000138c0: 68a469a4 68a569a5 6aa46ba4 6aa56ba5 
000138d0: 68a669a6 68a769a7 6aa66ba6 6aa76ba7 
000138e0: 6ca46da4 6ca56da5 6ea46fa4 6ea56fa5 
000138f0: 6ca66da6 6ca76da7 6ea66fa6 6ea76fa7 
00013900: 60a861a8 60a961a9 62a863a8 62a963a9 
00013910: 60aa61aa 60ab61ab 62aa63aa 62ab63ab 
00013920: 64a865a8 64a965a9 66a867a8 66a967a9 
00013930: 64aa65aa 64ab65ab 66aa67aa 66ab67ab 
00013940: 60ac61ac 60ad61ad 62ac63ac 62ad63ad 
00013950: 60ae61ae 60af61af 62ae63ae 62af63af 
00013960: 64ac65ac 64ad65ad 66ac67ac 66ad67ad 
00013970: 64ae65ae 64af65af 66ae67ae 66af67af 
00013980: 68a869a8 68a969a9 6aa86ba8 6aa96ba9 
00013990: 68aa69aa 68ab69ab 6aaa6baa 6aab6bab 
000139a0: 6ca86da8 6ca96da9 6ea86fa8 6ea96fa9 
000139b0: 6caa6daa 6cab6dab 6eaa6faa 6eab6fab 
000139c0: 68ac69ac 68ad69ad 6aac6bac 6aad6bad 
000139d0: 68ae69ae 68af69af 6aae6bae 6aaf6baf 
000139e0: 6cac6dac 6cad6dad 6eac6fac 6ead6fad 
000139f0: 6cae6dae 6caf6daf 6eae6fae 6eaf6faf 
00013a00: 70a071a0 70a171a1 72a073a0 72a173a1 
00013a10: 70a271a2 70a371a3 72a273a2 72a373a3 
00013a20: 74a075a0 74a175a1 76a077a0 76a177a1 
00013a30: 74a275a2 74a375a3 76a277a2 76a377a3 
00013a40: 70a471a4 70a571a5 72a473a4 72a573a5 
00013a50: 70a671a6 70a771a7 72a673a6 72a773a7 
00013a60: 74a475a4 74a575a5 76a477a4 76a577a5 
00013a70: 74a675a6 74a775a7 76a677a6 76a777a7 
00013a80: 78a079a0 78a179a1 7aa07ba0 7aa17ba1 
00013a90: 78a279a2 78a379a3 7aa27ba2 7aa37ba3 
00013aa0: 7ca07da0 7ca17da1 7ea07fa0 7ea17fa1 
00013ab0: 7ca27da2 7ca37da3 7ea27fa2 7ea37fa3 
00013ac0: 78a479a4 78a579a5 7aa47ba4 7aa57ba5 
00013ad0: 78a679a6 78a779a7 7aa67ba6 7aa77ba7 
00013ae0: 7ca47da4 7ca57da5 7ea47fa4 7ea57fa5 
00013af0: 7ca67da6 7ca77da7 7ea67fa6 7ea77fa7 
00013b00: 70a871a8 70a971a9 72a873a8 72a973a9 
00013b10: 70aa71aa 70ab71ab 72aa73aa 72ab73ab 
00013b20: 74a875a8 74a975a9 76a877a8 76a977a9 
00013b30: 74aa75aa 74ab75ab 76aa77aa 76ab77ab 
00013b40: 70ac71ac 70ad71ad 72ac73ac 72ad73ad 
00013b50: 70ae71ae 70af71af 72ae73ae 72af73af 
00013b60: 74ac75ac 74ad75ad 76ac77ac 76ad77ad 
00013b70: 74ae75ae 74af75af 76ae77ae 76af77af 
00013b80: 78a879a8 78a979a9 7aa87ba8 7aa97ba9 
00013b90: 78aa79aa 78ab79ab 7aaa7baa 7aab7bab 
00013ba0: 7ca87da8 7ca97da9 7ea87fa8 7ea97fa9 
00013bb0: 7caa7daa 7cab7dab 7eaa7faa 7eab7fab 
00013bc0: 78ac79ac 78ad79ad 7aac7bac 7aad7bad 
00013bd0: 78ae79ae 78af79af 7aae7bae 7aaf7baf 
00013be0: 7cac7dac 7cad7dad 7eac7fac 7ead7fad 
00013bf0: 7cae7dae 7caf7daf 7eae7fae 7eaf7faf 
00013c00: 60b061b0 60b161b1 62b063b0 62b163b1 
00013c10: 60b261b2 60b361b3 62b263b2 62b363b3 
00013c20: 64b065b0 64b165b1 66b067b0 66b167b1 
00013c30: 64b265b2 64b365b3 66b267b2 66b367b3 
00013c40: 60b461b4 60b561b5 62b463b4 62b563b5 
00013c50: 60b661b6 60b761b7 62b663b6 62b763b7 
00013c60: 64b465b4 64b565b5 66b467b4 66b567b5 
00013c70: 64b665b6 64b765b7 66b667b6 66b767b7 
00013c80: 68b069b0 68b169b1 6ab06bb0 6ab16bb1 
00013c90: 68b269b2 68b369b3 6ab26bb2 6ab36bb3 
00013ca0: 6cb06db0 6cb16db1 6eb06fb0 6eb16fb1 
00013cb0: 6cb26db2 6cb36db3 6eb26fb2 6eb36fb3 
00013cc0: 68b469b4 68b569b5 6ab46bb4 6ab56bb5 
00013cd0: 68b669b6 68b769b7 6ab66bb6 6ab76bb7 
00013ce0: 6cb46db4 6cb56db5 6eb46fb4 6eb56fb5 
00013cf0: 6cb66db6 6cb76db7 6eb66fb6 6eb76fb7 
00013d00: 60b861b8 60b961b9 62b863b8 62b963b9 
00013d10: 60ba61ba 60bb61bb 62ba63ba 62bb63bb 
00013d20: 64b865b8 64b965b9 66b867b8 66b967b9 
00013d30: 64ba65ba 64bb65bb 66ba67ba 66bb67bb 
00013d40: 60bc61bc 60bd61bd 62bc63bc 62bd63bd 
00013d50: 60be61be 60bf61bf 62be63be 62bf63bf 
00013d60: 64bc65bc 64bd65bd 66bc67bc 66bd67bd 
00013d70: 64be65be 64bf65bf 66be67be 66bf67bf 
00013d80: 68b869b8 68b969b9 6ab86bb8 6ab96bb9 
00013d90: 68ba69ba 68bb69bb 6aba6bba 6abb6bbb 
00013da0: 6cb86db8 6cb96db9 6eb86fb8 6eb96fb9 
00013db0: 6cba6dba 6cbb6dbb 6eba6fba 6ebb6fbb 
00013dc0: 68bc69bc 68bd69bd 6abc6bbc 6abd6bbd 
00013dd0: 68be69be 68bf69bf 6abe6bbe 6abf6bbf 
00013de0: 6cbc6dbc 6cbd6dbd 6ebc6fbc 6ebd6fbd 
00013df0: 6cbe6dbe 6cbf6dbf 6ebe6fbe 6ebf6fbf 
00013e00: 70b071b0 70b171b1 72b073b0 72b173b1 
00013e10: 70b271b2 70b371b3 72b273b2 72b373b3 
00013e20: 74b075b0 74b175b1 76b077b0 76b177b1 
00013e30: 74b275b2 74b375b3 76b277b2 76b377b3 
00013e40: 70b471b4 70b571b5 72b473b4 72b573b5 
00013e50: 70b671b6 70b771b7 72b673b6 72b773b7 
00013e60: 74b475b4 74b575b5 76b477b4 76b577b5 
00013e70: 74b675b6 74b775b7 76b677b6 76b777b7 
00013e80: 78b079b0 78b179b1 7ab07bb0 7ab17bb1 
00013e90: 78b279b2 78b379b3 7ab27bb2 7ab37bb3 
00013ea0: 7cb07db0 7cb17db1 7eb07fb0 7eb17fb1 
00013eb0: 7cb27db2 7cb37db3 7eb27fb2 7eb37fb3 
00013ec0: 78b479b4 78b579b5 7ab47bb4 7ab57bb5 
00013ed0: 78b679b6 78b779b7 7ab67bb6 7ab77bb7 
00013ee0: 7cb47db4 7cb57db5 7eb47fb4 7eb57fb5 
00013ef0: 7cb67db6 7cb77db7 7eb67fb6 7eb77fb7 
00013f00: 70b871b8 70b971b9 72b873b8 72b973b9 
00013f10: 70ba71ba 70bb71bb 72ba73ba 72bb73bb 
00013f20: 74b875b8 74b975b9 76b877b8 76b977b9 
00013f30: 74ba75ba 74bb75bb 76ba77ba 76bb77bb 
00013f40: 70bc71bc 70bd71bd 72bc73bc 72bd73bd 
00013f50: 70be71be 70bf71bf 72be73be 72bf73bf 
00013f60: 74bc75bc 74bd75bd 76bc77bc 76bd77bd 
00013f70: 74be75be 74bf75bf 76be77be 76bf77bf 
00013f80: 78b879b8 78b979b9 7ab87bb8 7ab97bb9 
00013f90: 78ba79ba 78bb79bb 7aba7bba 7abb7bbb 
00013fa0: 7cb87db8 7cb97db9 7eb87fb8 7eb97fb9 
00013fb0: 7cba7dba 7cbb7dbb 7eba7fba 7ebb7fbb 
00013fc0: 78bc79bc 78bd79bd 7abc7bbc 7abd7bbd 
00013fd0: 78be79be 78bf79bf 7abe7bbe 7abf7bbf 
00013fe0: 7cbc7dbc 7cbd7dbd 7ebc7fbc 7ebd7fbd 
00013ff0: 7cbe7dbe 7cbf7dbf 7ebe7fbe 7ebf7fbf 
00014000: 80808180 80818181 82808380 82818381 
00014010: 80828182 80838183 82828382 82838383 
00014020: 84808580 84818581 86808780 86818781 
00014030: 84828582 84838583 86828782 86838783 
00014040: 80848184 80858185 82848384 82858385 
00014050: 80868186 80878187 82868386 82878387 
00014060: 84848584 84858585 86848784 86858785 
00014070: 84868586 84878587 86868786 86878787 
00014080: 88808980 88818981 8a808b80 8a818b81 
00014090: 88828982 88838983 8a828b82 8a838b83 
000140a0: 8c808d80 8c818d81 8e808f80 8e818f81 
000140b0: 8c828d82 8c838d83 8e828f82 8e838f83 
000140c0: 88848984 88858985 8a848b84 8a858b85 
000140d0: 88868986 88878987 8a868b86 8a878b87 
000140e0: 8c848d84 8c858d85 8e848f84 8e858f85 
000140f0: 8c868d86 8c878d87 8e868f86 8e878f87 
00014100: 80888188 80898189 82888388 82898389 
00014110: 808a818a 808b818b 828a838a 828b838b 
00014120: 84888588 84898589 86888788 86898789 
00014130: 848a858a 848b858b 868a878a 868b878b 
00014140: 808c818c 808d818d 828c838c 828d838d 
00014150: 808e818e 808f818f 828e838e 828f838f 
00014160: 848c858c 848d858d 868c878c 868d878d 
00014170: 848e858e 848f858f 868e878e 868f878f 
00014180: 88888988 88898989 8a888b88 8a898b89 
00014190: 888a898a 888b898b 8a8a8b8a 8a8b8b8b 
000141a0: 8c888d88 8c898d89 8e888f88 8e898f89 
000141b0: 8c8a8d8a 8c8b8d8b 8e8a8f8a 8e8b8f8b 
000141c0: 888c898c 888d898d 8a8c8b8c 8a8d8b8d 
000141d0: 888e898e 888f898f 8a8e8b8e 8a8f8b8f 
000141e0: 8c8c8d8c 8c8d8d8d 8e8c8f8c 8e8d8f8d 
000141f0: 8c8e8d8e 8c8f8d8f 8e8e8f8e 8e8f8f8f 
00014200: 90809180 90819181 92809380 92819381 
00014210: 90829182 90839183 92829382 92839383 
00014220: 94809580 94819581 96809780 96819781 
00014230: 94829582 94839583 96829782 96839783 
00014240: 90849184 90859185 92849384 92859385 
00014250: 90869186 90879187 92869386 92879387 
00014260: 94849584 94859585 96849784 96859785 
00014270: 94869586 94879587 96869786 96879787 
00014280: 98809980 98819981 9a809b80 9a819b81 
00014290: 98829982 98839983 9a829b82 9a839b83 
000142a0: 9c809d80 9c819d81 9e809f80 9e819f81 
000142b0: 9c829d82 9c839d83 9e829f82 9e839f83 
000142c0: 98849984 98859985 9a849b84 9a859b85 
000142d0: 98869986 98879987 9a869b86 9a879b87 
000142e0: 9c849d84 9c859d85 9e849f84 9e859f85 
000142f0: 9c869d86 9c879d87 9e869f86 9e879f87 
00014300: 90889188 90899189 92889388 92899389 
00014310: 908a918a 908b918b 928a938a 928b938b 
00014320: 94889588 94899589 96889788 96899789 
00014330: 948a958a 948b958b 968a978a 968b978b 
00014340: 908c918c 908d918d 928c938c 928d938d 
00014350: 908e918e 908f918f 928e938e 928f938f 
00014360: 948c958c 948d958d 968c978c 968d978d 
00014370: 948e958e 948f958f 968e978e 968f978f 
00014380: 98889988 98899989 9a889b88 9a899b89 
00014390: 988a998a 988b998b 9a8a9b8a 9a8b9b8b 
000143a0: 9c889d88 9c899d89 9e889f88 9e899f89 
000143b0: 9c8a9d8a 9c8b9d8b 9e8a9f8a 9e8b9f8b 
000143c0: 988c998c 988d998d 9a8c9b8c 9a8d9b8d 
000143d0: 988e998e 988f998f 9a8e9b8e 9a8f9b8f 
000143e0: 9c8c9d8c 9c8d9d8d 9e8c9f8c 9e8d9f8d 
000143f0: 9c8e9d8e 9c8f9d8f 9e8e9f8e 9e8f9f8f 
00014400: 80908190 80918191 82908390 82918391 
00014410: 80928192 80938193 82928392 82938393 
00014420: 84908590 84918591 86908790 86918791 
00014430: 84928592 84938593 86928792 86938793 
00014440: 80948194 80958195 82948394 82958395 
00014450: 80968196 80978197 82968396 82978397 
00014460: 84948594 84958595 86948794 86958795 
00014470: 84968596 84978597 86968796 86978797 
00014480: 88908990 88918991 8a908b90 8a918b91 
00014490: 88928992 88938993 8a928b92 8a938b93 
000144a0: 8c908d90 8c918d91 8e908f90 8e918f91 
000144b0: 8c928d92 8c938d93 8e928f92 8e938f93 
000144c0: 88948994 88958995 8a948b94 8a958b95 
000144d0: 88968996 88978997 8a968b96 8a978b97 
000144e0: 8c948d94 8c958d95 8e948f94 8e958f95 
000144f0: 8c968d96 8c978d97 8e968f96 8e978f97 
00014500: 80988198 80998199 82988398 82998399 
00014510: 809a819a 809b819b 829a839a 829b839b 
00014520: 84988598 84998599 86988798 86998799 
00014530: 849a859a 849b859b 869a879a 869b879b 
00014540: 809c819c 809d819d 829c839c 829d839d 
00014550: 809e819e 809f819f 829e839e 829f839f 
00014560: 849c859c 849d859d 869c879c 869d879d 
00014570: 849e859e 849f859f 869e879e 869f879f 
00014580: 88988998 88998999 8a988b98 8a998b99 
00014590: 889a899a 889b899b 8a9a8b9a 8a9b8b9b 
000145a0: 8c988d98 8c998d99 8e988f98 8e998f99 
000145b0: 8c9a8d9a 8c9b8d9b 8e9a8f9a 8e9b8f9b 
000145c0: 889c899c 889d899d 8a9c8b9c 8a9d8b9d 
000145d0: 889e899e 889f899f 8a9e8b9e 8a9f8b9f 
000145e0: 8c9c8d9c 8c9d8d9d 8e9c8f9c 8e9d8f9d 
000145f0: 8c9e8d9e 8c9f8d9f 8e9e8f9e 8e9f8f9f 
00014600: 90909190 90919191 92909390 92919391 
00014610: 90929192 90939193 92929392 92939393 
00014620: 94909590 94919591 96909790 96919791 
00014630: 94929592 94939593 96929792 96939793 
00014640: 90949194 90959195 92949394 92959395 
00014650: 90969196 90979197 92969396 92979397 
00014660: 94949594 94959595 96949794 96959795 
00014670: 94969596 94979597 96969796 96979797 
00014680: 98909990 98919991 9a909b90 9a919b91 
00014690: 98929992 98939993 9a929b92 9a939b93 
000146a0: 9c909d90 9c919d91 9e909f90 9e919f91 
000146b0: 9c929d92 9c939d93 9e929f92 9e939f93 
000146c0: 98949994 98959995 9a949b94 9a959b95 
000146d0: 98969996 98979997 9a969b96 9a979b97 
000146e0: 9c949d94 9c959d95 9e949f94 9e959f95 
000146f0: 9c969d96 9c979d97 9e969f96 9e979f97 
00014700: 90989198 90999199 92989398 92999399 
00014710: 909a919a 909b919b 929a939a 929b939b 
00014720: 94989598 94999599 96989798 96999799 
00014730: 949a959a 949b959b 969a979a 969b979b 
00014740: 909c919c 909d919d 929c939c 929d939d 
00014750: 909e919e 909f919f 929e939e 929f939f 
00014760: 949c959c 949d959d 969c979c 969d979d 
00014770: 949e959e 949f959f 969e979e 969f979f 
00014780: 98989998 98999999 9a989b98 9a999b99 
00014790: 989a999a 989b999b 9a9a9b9a 9a9b9b9b 
000147a0: 9c989d98 9c999d99 9e989f98 9e999f99 
000147b0: 9c9a9d9a 9c9b9d9b 9e9a9f9a 9e9b9f9b 
000147c0: 989c999c 989d999d 9a9c9b9c 9a9d9b9d 
000147d0: 989e999e 989f999f 9a9e9b9e 9a9f9b9f 
000147e0: 9c9c9d9c 9c9d9d9d 9e9c9f9c 9e9d9f9d 
000147f0: 9c9e9d9e 9c9f9d9f 9e9e9f9e 9e9f9f9f 
00014800: a080a180 a081a181 a280a380 a281a381 
00014810: a082a182 a083a183 a282a382 a283a383 
00014820: a480a580 a481a581 a680a780 a681a781 
00014830: a482a582 a483a583 a682a782 a683a783 
00014840: a084a184 a085a185 a284a384 a285a385 
00014850: a086a186 a087a187 a286a386 a287a387 
00014860: a484a584 a485a585 a684a784 a685a785 
00014870: a486a586 a487a587 a686a786 a687a787 
00014880: a880a980 a881a981 aa80ab80 aa81ab81 
00014890: a882a982 a883a983 aa82ab82 aa83ab83 
000148a0: ac80ad80 ac81ad81 ae80af80 ae81af81 
000148b0: ac82ad82 ac83ad83 ae82af82 ae83af83 
000148c0: a884a984 a885a985 aa84ab84 aa85ab85 
000148d0: a886a986 a887a987 aa86ab86 aa87ab87 
000148e0: ac84ad84 ac85ad85 ae84af84 ae85af85 
000148f0: ac86ad86 ac87ad87 ae86af86 ae87af87 
00014900: a088a188 a089a189 a288a388 a289a389 
00014910: a08aa18a a08ba18b a28aa38a a28ba38b 
00014920: a488a588 a489a589 a688a788 a689a789 
00014930: a48aa58a a48ba58b a68aa78a a68ba78b 
00014940: a08ca18c a08da18d a28ca38c a28da38d 
00014950: a08ea18e a08fa18f a28ea38e a28fa38f 
00014960: a48ca58c a48da58d a68ca78c a68da78d 
00014970: a48ea58e a48fa58f a68ea78e a68fa78f 
00014980: a888a988 a889a989 aa88ab88 aa89ab89 
00014990: a88aa98a a88ba98b aa8aab8a aa8bab8b 
000149a0: ac88ad88 ac89ad89 ae88af88 ae89af89 
000149b0: ac8aad8a ac8bad8b ae8aaf8a ae8baf8b 
000149c0: a88ca98c a88da98d aa8cab8c aa8dab8d 
000149d0: a88ea98e a88fa98f aa8eab8e aa8fab8f 
000149e0: ac8cad8c ac8dad8d ae8caf8c ae8daf8d 
000149f0: ac8ead8e ac8fad8f ae8eaf8e ae8faf8f 
00014a00: b080b180 b081b181 b280b380 b281b381 
00014a10: b082b182 b083b183 b282b382 b283b383 
00014a20: b480b580 b481b581 b680b780 b681b781 
00014a30: b482b582 b483b583 b682b782 b683b783 
00014a40: b084b184 b085b185 b284b384 b285b385 
00014a50: b086b186 b087b187 b286b386 b287b387 
00014a60: b484b584 b485b585 b684b784 b685b785 
00014a70: b486b586 b487b587 b686b786 b687b787 
00014a80: b880b980 b881b981 ba80bb80 ba81bb81 
00014a90: b882b982 b883b983 ba82bb82 ba83bb83 
00014aa0: bc80bd80 bc81bd81 be80bf80 be81bf81 
00014ab0: bc82bd82 bc83bd83 be82bf82 be83bf83 
00014ac0: b884b984 b885b985 ba84bb84 ba85bb85 
00014ad0: b886b986 b887b987 ba86bb86 ba87bb87 
00014ae0: bc84bd84 bc85bd85 be84bf84 be85bf85 
00014af0: bc86bd86 bc87bd87 be86bf86 be87bf87 
00014b00: b088b188 b089b189 b288b388 b289b389 
00014b10: b08ab18a b08bb18b b28ab38a b28bb38b 
00014b20: b488b588 b489b589 b688b788 b689b789 
00014b30: b48ab58a b48bb58b b68ab78a b68bb78b 
00014b40: b08cb18c b08db18d b28cb38c b28db38d 
00014b50: b08eb18e b08fb18f b28eb38e b28fb38f 
00014b60: b48cb58c b48db58d b68cb78c b68db78d 
00014b70: b48eb58e b48fb58f b68eb78e b68fb78f 
00014b80: b888b988 b889b989 ba88bb88 ba89bb89 
00014b90: b88ab98a b88bb98b ba8abb8a ba8bbb8b 
00014ba0: bc88bd88 bc89bd89 be88bf88 be89bf89 
00014bb0: bc8abd8a bc8bbd8b be8abf8a be8bbf8b 
00014bc0: b88cb98c b88db98d ba8cbb8c ba8dbb8d 
00014bd0: b88eb98e b88fb98f ba8ebb8e ba8fbb8f 
00014be0: bc8cbd8c bc8dbd8d be8cbf8c be8dbf8d 
00014bf0: bc8ebd8e bc8fbd8f be8ebf8e be8fbf8f 
00014c00: a090a190 a091a191 a290a390 a291a391 
00014c10: a092a192 a093a193 a292a392 a293a393 
00014c20: a490a590 a491a591 a690a790 a691a791 
00014c30: a492a592 a493a593 a692a792 a693a793 
00014c40: a094a194 a095a195 a294a394 a295a395 
00014c50: a096a196 a097a197 a296a396 a297a397 
00014c60: a494a594 a495a595 a694a794 a695a795 
00014c70: a496a596 a497a597 a696a796 a697a797 
00014c80: a890a990 a891a991 aa90ab90 aa91ab91 
00014c90: a892a992 a893a993 aa92ab92 aa93ab93 
00014ca0: ac90ad90 ac91ad91 ae90af90 ae91af91 
00014cb0: ac92ad92 ac93ad93 ae92af92 ae93af93 
00014cc0: a894a994 a895a995 aa94ab94 aa95ab95 
00014cd0: a896a996 a897a997 aa96ab96 aa97ab97 
00014ce0: ac94ad94 ac95ad95 ae94af94 ae95af95 
00014cf0: ac96ad96 ac97ad97 ae96af96 ae97af97 
00014d00: a098a198 a099a199 a298a398 a299a399 
00014d10: a09aa19a a09ba19b a29aa39a a29ba39b 
00014d20: a498a598 a499a599 a698a798 a699a799 
00014d30: a49aa59a a49ba59b a69aa79a a69ba79b 
00014d40: a09ca19c a09da19d a29ca39c a29da39d 
00014d50: a09ea19e a09fa19f a29ea39e a29fa39f 
00014d60: a49ca59c a49da59d a69ca79c a69da79d 
00014d70: a49ea59e a49fa59f a69ea79e a69fa79f 
00014d80: a898a998 a899a999 aa98ab98 aa99ab99 
00014d90: a89aa99a a89ba99b aa9aab9a aa9bab9b 
00014da0: ac98ad98 ac99ad99 ae98af98 ae99af99 
00014db0: ac9aad9a ac9bad9b ae9aaf9a ae9baf9b 
00014dc0: a89ca99c a89da99d aa9cab9c aa9dab9d 
00014dd0: a89ea99e a89fa99f aa9eab9e aa9fab9f 
00014de0: ac9cad9c ac9dad9d ae9caf9c ae9daf9d 
00014df0: ac9ead9e ac9fad9f ae9eaf9e ae9faf9f 
00014e00: b090b190 b091b191 b290b390 b291b391 
00014e10: b092b192 b093b193 b292b392 b293b393 
00014e20: b490b590 b491b591 b690b790 b691b791 
00014e30: b492b592 b493b593 b692b792 b693b793 
00014e40: b094b194 b095b195 b294b394 b295b395 
00014e50: b096b196 b097b197 b296b396 b297b397 
00014e60: b494b594 b495b595 b694b794 b695b795 
00014e70: b496b596 b497b597 b696b796 b697b797 
00014e80: b890b990 b891b991 ba90bb90 ba91bb91 
00014e90: b892b992 b893b993 ba92bb92 ba93bb93 
00014ea0: bc90bd90 bc91bd91 be90bf90 be91bf91 
00014eb0: bc92bd92 bc93bd93 be92bf92 be93bf93 
00014ec0: b894b994 b895b995 ba94bb94 ba95bb95 
00014ed0: b896b996 b897b997 ba96bb96 ba97bb97 
00014ee0: bc94bd94 bc95bd95 be94bf94 be95bf95 
00014ef0: bc96bd96 bc97bd97 be96bf96 be97bf97 
00014f00: b098b198 b099b199 b298b398 b299b399 
00014f10: b09ab19a b09bb19b b29ab39a b29bb39b 
00014f20: b498b598 b499b599 b698b798 b699b799 
00014f30: b49ab59a b49bb59b b69ab79a b69bb79b 
00014f40: b09cb19c b09db19d b29cb39c b29db39d 
00014f50: b09eb19e b09fb19f b29eb39e b29fb39f 
00014f60: b49cb59c b49db59d b69cb79c b69db79d 
00014f70: b49eb59e b49fb59f b69eb79e b69fb79f 
00014f80: b898b998 b899b999 ba98bb98 ba99bb99 
00014f90: b89ab99a b89bb99b ba9abb9a ba9bbb9b 
00014fa0: bc98bd98 bc99bd99 be98bf98 be99bf99 
00014fb0: bc9abd9a bc9bbd9b be9abf9a be9bbf9b 
00014fc0: b89cb99c b89db99d ba9cbb9c ba9dbb9d 
00014fd0: b89eb99e b89fb99f ba9ebb9e ba9fbb9f 
00014fe0: bc9cbd9c bc9dbd9d be9cbf9c be9dbf9d 
00014ff0: bc9ebd9e bc9fbd9f be9ebf9e be9fbf9f 
00015000: 80a081a0 80a181a1 82a083a0 82a183a1 
00015010: 80a281a2 80a381a3 82a283a2 82a383a3 
00015020: 84a085a0 84a185a1 86a087a0 86a187a1 
00015030: 84a285a2 84a385a3 86a287a2 86a387a3 
00015040: 80a481a4 80a581a5 82a483a4 82a583a5 
00015050: 80a681a6 80a781a7 82a683a6 82a783a7 
00015060: 84a485a4 84a585a5 86a487a4 86a587a5 
00015070: 84a685a6 84a785a7 86a687a6 86a787a7 
00015080: 88a089a0 88a189a1 8aa08ba0 8aa18ba1 
00015090: 88a289a2 88a389a3 8aa28ba2 8aa38ba3 
000150a0: 8ca08da0 8ca18da1 8ea08fa0 8ea18fa1 
000150b0: 8ca28da2 8ca38da3 8ea28fa2 8ea38fa3 
000150c0: 88a489a4 88a589a5 8aa48ba4 8aa58ba5 
000150d0: 88a689a6 88a789a7 8aa68ba6 8aa78ba7 
000150e0: 8ca48da4 8ca58da5 8ea48fa4 8ea58fa5 
000150f0: 8ca68da6 8ca78da7 8ea68fa6 8ea78fa7 
00015100: 80a881a8 80a981a9 82a883a8 82a983a9 
00015110: 80aa81aa 80ab81ab 82aa83aa 82ab83ab 
00015120: 84a885a8 84a985a9 86a887a8 86a987a9 
00015130: 84aa85aa 84ab85ab 86aa87aa 86ab87ab 
00015140: 80ac81ac 80ad81ad 82ac83ac 82ad83ad 
00015150: 80ae81ae 80af81af 82ae83ae 82af83af 
00015160: 84ac85ac 84ad85ad 86ac87ac 86ad87ad 
00015170: 84ae85ae 84af85af 86ae87ae 86af87af 
00015180: 88a889a8 88a989a9 8aa88ba8 8aa98ba9 
00015190: 88aa89aa 88ab89ab 8aaa8baa 8aab8bab 
000151a0: 8ca88da8 8ca98da9 8ea88fa8 8ea98fa9 
000151b0: 8caa8daa 8cab8dab 8eaa8faa 8eab8fab 
000151c0: 88ac89ac 88ad89ad 8aac8bac 8aad8bad 
000151d0: 88ae89ae 88af89af 8aae8bae 8aaf8baf 
000151e0: 8cac8dac 8cad8dad 8eac8fac 8ead8fad 
000151f0: 8cae8dae 8caf8daf 8eae8fae 8eaf8faf 
00015200: 90a091a0 90a191a1 92a093a0 92a193a1 
00015210: 90a291a2 90a391a3 92a293a2 92a393a3 
00015220: 94a095a0 94a195a1 96a097a0 96a197a1 
00015230: 94a295a2 94a395a3 96a297a2 96a397a3 
00015240: 90a491a4 90a591a5 92a493a4 92a593a5 
00015250: 90a691a6 90a791a7 92a693a6 92a793a7 
00015260: 94a495a4 94a595a5 96a497a4 96a597a5 
00015270: 94a695a6 94a795a7 96a697a6 96a797a7 
00015280: 98a099a0 98a199a1 9aa09ba0 9aa19ba1 
00015290: 98a299a2 98a399a3 9aa29ba2 9aa39ba3 
000152a0: 9ca09da0 9ca19da1 9ea09fa0 9ea19fa1 
000152b0: 9ca29da2 9ca39da3 9ea29fa2 9ea39fa3 
000152c0: 98a499a4 98a599a5 9aa49ba4 9aa59ba5 
000152d0: 98a699a6 98a799a7 9aa69ba6 9aa79ba7 
000152e0: 9ca49da4 9ca59da5 9ea49fa4 9ea59fa5 
000152f0: 9ca69da6 9ca79da7 9ea69fa6 9ea79fa7 
00015300: 90a891a8 90a991a9 92a893a8 92a993a9 
00015310: 90aa91aa 90ab91ab 92aa93aa 92ab93ab 
00015320: 94a895a8 94a995a9 96a897a8 96a997a9 
00015330: 94aa95aa 94ab95ab 96aa97aa 96ab97ab 
00015340: 90ac91ac 90ad91ad 92ac93ac 92ad93ad 
00015350: 90ae91ae 90af91af 92ae93ae 92af93af 
00015360: 94ac95ac 94ad95ad 96ac97ac 96ad97ad 
00015370: 94ae95ae 94af95af 96ae97ae 96af97af 
00015380: 98a899a8 98a999a9 9aa89ba8 9aa99ba9 
00015390: 98aa99aa 98ab99ab 9aaa9baa 9aab9bab 
000153a0: 9ca89da8 9ca99da9 9ea89fa8 9ea99fa9 
000153b0: 9caa9daa 9cab9dab 9eaa9faa 9eab9fab 
000153c0: 98ac99ac 98ad99ad 9aac9bac 9aad9bad 
000153d0: 98ae99ae 98af99af 9aae9bae 9aaf9baf 
000153e0: 9cac9dac 9cad9dad 9eac9fac 9ead9fad 
000153f0: 9cae9dae 9caf9daf 9eae9fae 9eaf9faf 
00015400: 80b081b0 80b181b1 82b083b0 82b183b1 
00015410: 80b281b2 80b381b3 82b283b2 82b383b3 
00015420: 84b085b0 84b185b1 86b087b0 86b187b1 
00015430: 84b285b2 84b385b3 86b287b2 86b387b3 
00015440: 80b481b4 80b581b5 82b483b4 82b583b5 
00015450: 80b681b6 80b781b7 82b683b6 82b783b7 
00015460: 84b485b4 84b585b5 86b487b4 86b587b5 
00015470: 84b685b6 84b785b7 86b687b6 86b787b7 
00015480: 88b089b0 88b189b1 8ab08bb0 8ab18bb1 
00015490: 88b289b2 88b389b3 8ab28bb2 8ab38bb3 
000154a0: 8cb08db0 8cb18db1 8eb08fb0 8eb18fb1 
000154b0: 8cb28db2 8cb38db3 8eb28fb2 8eb38fb3 
000154c0: 88b489b4 88b589b5 8ab48bb4 8ab58bb5 
000154d0: 88b689b6 88b789b7 8ab68bb6 8ab78bb7 
000154e0: 8cb48db4 8cb58db5 8eb48fb4 8eb58fb5 
000154f0: 8cb68db6 8cb78db7 8eb68fb6 8eb78fb7 
00015500: 80b881b8 80b981b9 82b883b8 82b983b9 
00015510: 80ba81ba 80bb81bb 82ba83ba 82bb83bb 
00015520: 84b885b8 84b985b9 86b887b8 86b987b9 
00015530: 84ba85ba 84bb85bb 86ba87ba 86bb87bb 
00015540: 80bc81bc 80bd81bd 82bc83bc 82bd83bd 
00015550: 80be81be 80bf81bf 82be83be 82bf83bf 
00015560: 84bc85bc 84bd85bd 86bc87bc 86bd87bd 
00015570: 84be85be 84bf85bf 86be87be 86bf87bf 
00015580: 88b889b8 88b989b9 8ab88bb8 8ab98bb9 
00015590: 88ba89ba 88bb89bb 8aba8bba 8abb8bbb 
000155a0: 8cb88db8 8cb98db9 8eb88fb8 8eb98fb9 
000155b0: 8cba8dba 8cbb8dbb 8eba8fba 8ebb8fbb 
000155c0: 88bc89bc 88bd89bd 8abc8bbc 8abd8bbd 
000155d0: 88be89be 88bf89bf 8abe8bbe 8abf8bbf 
000155e0: 8cbc8dbc 8cbd8dbd 8ebc8fbc 8ebd8fbd 
000155f0: 8cbe8dbe 8cbf8dbf 8ebe8fbe 8ebf8fbf 
00015600: 90b091b0 90b191b1 92b093b0 92b193b1 
00015610: 90b291b2 90b391b3 92b293b2 92b393b3 
00015620: 94b095b0 94b195b1 96b097b0 96b197b1 
00015630: 94b295b2 94b395b3 96b297b2 96b397b3 
00015640: 90b491b4 90b591b5 92b493b4 92b593b5 
00015650: 90b691b6 90b791b7 92b693b6 92b793b7 
00015660: 94b495b4 94b595b5 96b497b4 96b597b5 
00015670: 94b695b6 94b795b7 96b697b6 96b797b7 
00015680: 98b099b0 98b199b1 9ab09bb0 9ab19bb1 
00015690: 98b299b2 98b399b3 9ab29bb2 9ab39bb3 
000156a0: 9cb09db0 9cb19db1 9eb09fb0 9eb19fb1 
000156b0: 9cb29db2 9cb39db3 9eb29fb2 9eb39fb3 
000156c0: 98b499b4 98b599b5 9ab49bb4 9ab59bb5 
000156d0: 98b699b6 98b799b7 9ab69bb6 9ab79bb7 
000156e0: 9cb49db4 9cb59db5 9eb49fb4 9eb59fb5 
000156f0: 9cb69db6 9cb79db7 9eb69fb6 9eb79fb7 
00015700: 90b891b8 90b991b9 92b893b8 92b993b9 
00015710: 90ba91ba 90bb91bb 92ba93ba 92bb93bb 
00015720: 94b895b8 94b995b9 96b897b8 96b997b9 
00015730: 94ba95ba 94bb95bb 96ba97ba 96bb97bb 
00015740: 90bc91bc 90bd91bd 92bc93bc 92bd93bd 
00015750: 90be91be 90bf91bf 92be93be 92bf93bf 
00015760: 94bc95bc 94bd95bd 96bc97bc 96bd97bd 
00015770: 94be95be 94bf95bf 96be97be 96bf97bf 
00015780: 98b899b8 98b999b9 9ab89bb8 9ab99bb9 
00015790: 98ba99ba 98bb99bb 9aba9bba 9abb9bbb 
000157a0: 9cb89db8 9cb99db9 9eb89fb8 9eb99fb9 
000157b0: 9cba9dba 9cbb9dbb 9eba9fba 9ebb9fbb 
000157c0: 98bc99bc 98bd99bd 9abc9bbc 9abd9bbd 
000157d0: 98be99be 98bf99bf 9abe9bbe 9abf9bbf 
000157e0: 9cbc9dbc 9cbd9dbd 9ebc9fbc 9ebd9fbd 
000157f0: 9cbe9dbe 9cbf9dbf 9ebe9fbe 9ebf9fbf 
00015800: a0a0a1a0 a0a1a1a1 a2a0a3a0 a2a1a3a1 
00015810: a0a2a1a2 a0a3a1a3 a2a2a3a2 a2a3a3a3 
00015820: a4a0a5a0 a4a1a5a1 a6a0a7a0 a6a1a7a1 
00015830: a4a2a5a2 a4a3a5a3 a6a2a7a2 a6a3a7a3 
00015840: a0a4a1a4 a0a5a1a5 a2a4a3a4 a2a5a3a5 
00015850: a0a6a1a6 a0a7a1a7 a2a6a3a6 a2a7a3a7 
00015860: a4a4a5a4 a4a5a5a5 a6a4a7a4 a6a5a7a5 
00015870: a4a6a5a6 a4a7a5a7 a6a6a7a6 a6a7a7a7 
00015880: a8a0a9a0 a8a1a9a1 aaa0aba0 aaa1aba1 
00015890: a8a2a9a2 a8a3a9a3 aaa2aba2 aaa3aba3 
000158a0: aca0ada0 aca1ada1 aea0afa0 aea1afa1 
000158b0: aca2ada2 aca3ada3 aea2afa2 aea3afa3 
000158c0: a8a4a9a4 a8a5a9a5 aaa4aba4 aaa5aba5 
000158d0: a8a6a9a6 a8a7a9a7 aaa6aba6 aaa7aba7 
000158e0: aca4ada4 aca5ada5 aea4afa4 aea5afa5 
000158f0: aca6ada6 aca7ada7 aea6afa6 aea7afa7 
00015900: a0a8a1a8 a0a9a1a9 a2a8a3a8 a2a9a3a9 
00015910: a0aaa1aa a0aba1ab a2aaa3aa a2aba3ab 
00015920: a4a8a5a8 a4a9a5a9 a6a8a7a8 a6a9a7a9 
00015930: a4aaa5aa a4aba5ab a6aaa7aa a6aba7ab 
00015940: a0aca1ac a0ada1ad a2aca3ac a2ada3ad 
00015950: a0aea1ae a0afa1af a2aea3ae a2afa3af 
00015960: a4aca5ac a4ada5ad a6aca7ac a6ada7ad 
00015970: a4aea5ae a4afa5af a6aea7ae a6afa7af 
00015980: a8a8a9a8 a8a9a9a9 aaa8aba8 aaa9aba9 
00015990: a8aaa9aa a8aba9ab aaaaabaa aaababab 
000159a0: aca8ada8 aca9ada9 aea8afa8 aea9afa9 
000159b0: acaaadaa acabadab aeaaafaa aeabafab 
000159c0: a8aca9ac a8ada9ad aaacabac aaadabad 
000159d0: a8aea9ae a8afa9af aaaeabae aaafabaf 
000159e0: acacadac acadadad aeacafac aeadafad 
000159f0: acaeadae acafadaf aeaeafae aeafafaf 
00015a00: b0a0b1a0 b0a1b1a1 b2a0b3a0 b2a1b3a1 
00015a10: b0a2b1a2 b0a3b1a3 b2a2b3a2 b2a3b3a3 
00015a20: b4a0b5a0 b4a1b5a1 b6a0b7a0 b6a1b7a1 
00015a30: b4a2b5a2 b4a3b5a3 b6a2b7a2 b6a3b7a3 
00015a40: b0a4b1a4 b0a5b1a5 b2a4b3a4 b2a5b3a5 
00015a50: b0a6b1a6 b0a7b1a7 b2a6b3a6 b2a7b3a7 
00015a60: b4a4b5a4 b4a5b5a5 b6a4b7a4 b6a5b7a5 
00015a70: b4a6b5a6 b4a7b5a7 b6a6b7a6 b6a7b7a7 
00015a80: b8a0b9a0 b8a1b9a1 baa0bba0 baa1bba1 
00015a90: b8a2b9a2 b8a3b9a3 baa2bba2 baa3bba3 
00015aa0: bca0bda0 bca1bda1 bea0bfa0 bea1bfa1 
00015ab0: bca2bda2 bca3bda3 bea2bfa2 bea3bfa3 
00015ac0: b8a4b9a4 b8a5b9a5 baa4bba4 baa5bba5 
00015ad0: b8a6b9a6 b8a7b9a7 baa6bba6 baa7bba7 
00015ae0: bca4bda4 bca5bda5 bea4bfa4 bea5bfa5 
00015af0: bca6bda6 bca7bda7 bea6bfa6 bea7bfa7 
00015b00: b0a8b1a8 b0a9b1a9 b2a8b3a8 b2a9b3a9 
00015b10: b0aab1aa b0abb1ab b2aab3aa b2abb3ab 
00015b20: b4a8b5a8 b4a9b5a9 b6a8b7a8 b6a9b7a9 
00015b30: b4aab5aa b4abb5ab b6aab7aa b6abb7ab 
00015b40: b0acb1ac b0adb1ad b2acb3ac b2adb3ad 
00015b50: b0aeb1ae b0afb1af b2aeb3ae b2afb3af 
00015b60: b4acb5ac b4adb5ad b6acb7ac b6adb7ad 
00015b70: b4aeb5ae b4afb5af b6aeb7ae b6afb7af 
00015b80: b8a8b9a8 b8a9b9a9 baa8bba8 baa9bba9 
00015b90: b8aab9aa b8abb9ab baaabbaa baabbbab 
00015ba0: bca8bda8 bca9bda9 bea8bfa8 bea9bfa9 
00015bb0: bcaabdaa bcabbdab beaabfaa beabbfab 
00015bc0: b8acb9ac b8adb9ad baacbbac baadbbad 
00015bd0: b8aeb9ae b8afb9af baaebbae baafbbaf 
00015be0: bcacbdac bcadbdad beacbfac beadbfad 
00015bf0: bcaebdae bcafbdaf beaebfae beafbfaf 
00015c00: a0b0a1b0 a0b1a1b1 a2b0a3b0 a2b1a3b1 
00015c10: a0b2a1b2 a0b3a1b3 a2b2a3b2 a2b3a3b3 
00015c20: a4b0a5b0 a4b1a5b1 a6b0a7b0 a6b1a7b1 
00015c30: a4b2a5b2 a4b3a5b3 a6b2a7b2 a6b3a7b3 
00015c40: a0b4a1b4 a0b5a1b5 a2b4a3b4 a2b5a3b5 
00015c50: a0b6a1b6 a0b7a1b7 a2b6a3b6 a2b7a3b7 
00015c60: a4b4a5b4 a4b5a5b5 a6b4a7b4 a6b5a7b5 
00015c70: a4b6a5b6 a4b7a5b7 a6b6a7b6 a6b7a7b7 
00015c80: a8b0a9b0 a8b1a9b1 aab0abb0 aab1abb1 
00015c90: a8b2a9b2 a8b3a9b3 aab2abb2 aab3abb3 
00015ca0: acb0adb0 acb1adb1 aeb0afb0 aeb1afb1 
00015cb0: acb2adb2 acb3adb3 aeb2afb2 aeb3afb3 
00015cc0: a8b4a9b4 a8b5a9b5 aab4abb4 aab5abb5 
00015cd0: a8b6a9b6 a8b7a9b7 aab6abb6 aab7abb7 
00015ce0: acb4adb4 acb5adb5 aeb4afb4 aeb5afb5 
00015cf0: acb6adb6 acb7adb7 aeb6afb6 aeb7afb7 
00015d00: a0b8a1b8 a0b9a1b9 a2b8a3b8 a2b9a3b9 
00015d10: a0baa1ba a0bba1bb a2baa3ba a2bba3bb 
00015d20: a4b8a5b8 a4b9a5b9 a6b8a7b8 a6b9a7b9 
00015d30: a4baa5ba a4bba5bb a6baa7ba a6bba7bb 
00015d40: a0bca1bc a0bda1bd a2bca3bc a2bda3bd 
00015d50: a0bea1be a0bfa1bf a2bea3be a2bfa3bf 
00015d60: a4bca5bc a4bda5bd a6bca7bc a6bda7bd 
00015d70: a4bea5be a4bfa5bf a6bea7be a6bfa7bf 
00015d80: a8b8a9b8 a8b9a9b9 aab8abb8 aab9abb9 
00015d90: a8baa9ba a8bba9bb aabaabba aabbabbb 
00015da0: acb8adb8 acb9adb9 aeb8afb8 aeb9afb9 
00015db0: acbaadba acbbadbb aebaafba aebbafbb 
00015dc0: a8bca9bc a8bda9bd aabcabbc aabdabbd 
00015dd0: a8bea9be a8bfa9bf aabeabbe aabfabbf 
00015de0: acbcadbc acbdadbd aebcafbc aebdafbd 
00015df0: acbeadbe acbfadbf aebeafbe aebfafbf 
00015e00: b0b0b1b0 b0b1b1b1 b2b0b3b0 b2b1b3b1 
00015e10: b0b2b1b2 b0b3b1b3 b2b2b3b2 b2b3b3b3 
00015e20: b4b0b5b0 b4b1b5b1 b6b0b7b0 b6b1b7b1 
00015e30: b4b2b5b2 b4b3b5b3 b6b2b7b2 b6b3b7b3 
00015e40: b0b4b1b4 b0b5b1b5 b2b4b3b4 b2b5b3b5 
00015e50: b0b6b1b6 b0b7b1b7 b2b6b3b6 b2b7b3b7 
00015e60: b4b4b5b4 b4b5b5b5 b6b4b7b4 b6b5b7b5 
00015e70: b4b6b5b6 b4b7b5b7 b6b6b7b6 b6b7b7b7 
00015e80: b8b0b9b0 b8b1b9b1 bab0bbb0 bab1bbb1 
00015e90: b8b2b9b2 b8b3b9b3 bab2bbb2 bab3bbb3 
00015ea0: bcb0bdb0 bcb1bdb1 beb0bfb0 beb1bfb1 
00015eb0: bcb2bdb2 bcb3bdb3 beb2bfb2 beb3bfb3 
00015ec0: b8b4b9b4 b8b5b9b5 bab4bbb4 bab5bbb5 
00015ed0: b8b6b9b6 b8b7b9b7 bab6bbb6 bab7bbb7 
00015ee0: bcb4bdb4 bcb5bdb5 beb4bfb4 beb5bfb5 
00015ef0: bcb6bdb6 bcb7bdb7 beb6bfb6 beb7bfb7 
00015f00: b0b8b1b8 b0b9b1b9 b2b8b3b8 b2b9b3b9 
00015f10: b0bab1ba b0bbb1bb b2bab3ba b2bbb3bb 
00015f20: b4b8b5b8 b4b9b5b9 b6b8b7b8 b6b9b7b9 
00015f30: b4bab5ba b4bbb5bb b6bab7ba b6bbb7bb 
00015f40: b0bcb1bc b0bdb1bd b2bcb3bc b2bdb3bd 
00015f50: b0beb1be b0bfb1bf b2beb3be b2bfb3bf 
00015f60: b4bcb5bc b4bdb5bd b6bcb7bc b6bdb7bd 
00015f70: b4beb5be b4bfb5bf b6beb7be b6bfb7bf 
00015f80: b8b8b9b8 b8b9b9b9 bab8bbb8 bab9bbb9 
00015f90: b8bab9ba b8bbb9bb bababbba babbbbbb 
00015fa0: bcb8bdb8 bcb9bdb9 beb8bfb8 beb9bfb9 
00015fb0: bcbabdba bcbbbdbb bebabfba bebbbfbb 
00015fc0: b8bcb9bc b8bdb9bd babcbbbc babdbbbd 
00015fd0: b8beb9be b8bfb9bf babebbbe babfbbbf 
00015fe0: bcbcbdbc bcbdbdbd bebcbfbc bebdbfbd 
00015ff0: bcbebdbe bcbfbdbf bebebfbe bebfbfbf 
00016000: c080c180 c081c181 c280c380 c281c381 
00016010: c082c182 c083c183 c282c382 c283c383 
00016020: c480c580 c481c581 c680c780 c681c781 
00016030: c482c582 c483c583 c682c782 c683c783 
00016040: c084c184 c085c185 c284c384 c285c385 
00016050: c086c186 c087c187 c286c386 c287c387 
00016060: c484c584 c485c585 c684c784 c685c785 
00016070: c486c586 c487c587 c686c786 c687c787 
00016080: c880c980 c881c981 ca80cb80 ca81cb81 
00016090: c882c982 c883c983 ca82cb82 ca83cb83 
000160a0: cc80cd80 cc81cd81 ce80cf80 ce81cf81 
000160b0: cc82cd82 cc83cd83 ce82cf82 ce83cf83 
000160c0: c884c984 c885c985 ca84cb84 ca85cb85 
000160d0: c886c986 c887c987 ca86cb86 ca87cb87 
000160e0: cc84cd84 cc85cd85 ce84cf84 ce85cf85 
000160f0: cc86cd86 cc87cd87 ce86cf86 ce87cf87 
00016100: c088c188 c089c189 c288c388 c289c389 
00016110: c08ac18a c08bc18b c28ac38a c28bc38b 
00016120: c488c588 c489c589 c688c788 c689c789 
00016130: c48ac58a c48bc58b c68ac78a c68bc78b 
00016140: c08cc18c c08dc18d c28cc38c c28dc38d 
00016150: c08ec18e c08fc18f c28ec38e c28fc38f 
00016160: c48cc58c c48dc58d c68cc78c c68dc78d 
00016170: c48ec58e c48fc58f c68ec78e c68fc78f 
00016180: c888c988 c889c989 ca88cb88 ca89cb89 
00016190: c88ac98a c88bc98b ca8acb8a ca8bcb8b 
000161a0: cc88cd88 cc89cd89 ce88cf88 ce89cf89 
000161b0: cc8acd8a cc8bcd8b ce8acf8a ce8bcf8b 
000161c0: c88cc98c c88dc98d ca8ccb8c ca8dcb8d 
000161d0: c88ec98e c88fc98f ca8ecb8e ca8fcb8f 
000161e0: cc8ccd8c cc8dcd8d ce8ccf8c ce8dcf8d 
000161f0: cc8ecd8e cc8fcd8f ce8ecf8e ce8fcf8f 
00016200: d080d180 d081d181 d280d380 d281d381 
00016210: d082d182 d083d183 d282d382 d283d383 
00016220: d480d580 d481d581 d680d780 d681d781 
00016230: d482d582 d483d583 d682d782 d683d783 
00016240: d084d184 d085d185 d284d384 d285d385 
00016250: d086d186 d087d187 d286d386 d287d387 
00016260: d484d584 d485d585 d684d784 d685d785 
00016270: d486d586 d487d587 d686d786 d687d787 
00016280: d880d980 d881d981 da80db80 da81db81 
00016290: d882d982 d883d983 da82db82 da83db83 
000162a0: dc80dd80 dc81dd81 de80df80 de81df81 
000162b0: dc82dd82 dc83dd83 de82df82 de83df83 
000162c0: d884d984 d885d985 da84db84 da85db85 
000162d0: d886d986 d887d987 da86db86 da87db87 
000162e0: dc84dd84 dc85dd85 de84df84 de85df85 
000162f0: dc86dd86 dc87dd87 de86df86 de87df87 
00016300: d088d188 d089d189 d288d388 d289d389 
00016310: d08ad18a d08bd18b d28ad38a d28bd38b 
00016320: d488d588 d489d589 d688d788 d689d789 
00016330: d48ad58a d48bd58b d68ad78a d68bd78b 
00016340: d08cd18c d08dd18d d28cd38c d28dd38d 
00016350: d08ed18e d08fd18f d28ed38e d28fd38f 
00016360: d48cd58c d48dd58d d68cd78c d68dd78d 
00016370: d48ed58e d48fd58f d68ed78e d68fd78f 
00016380: d888d988 d889d989 da88db88 da89db89 
00016390: d88ad98a d88bd98b da8adb8a da8bdb8b 
000163a0: dc88dd88 dc89dd89 de88df88 de89df89 
000163b0: dc8add8a dc8bdd8b de8adf8a de8bdf8b 
000163c0: d88cd98c d88dd98d da8cdb8c da8ddb8d 
000163d0: d88ed98e d88fd98f da8edb8e da8fdb8f 
000163e0: dc8cdd8c dc8ddd8d de8cdf8c de8ddf8d 
000163f0: dc8edd8e dc8fdd8f de8edf8e de8fdf8f 
00016400: c090c190 c091c191 c290c390 c291c391 
00016410: c092c192 c093c193 c292c392 c293c393 
00016420: c490c590 c491c591 c690c790 c691c791 
00016430: c492c592 c493c593 c692c792 c693c793 
00016440: c094c194 c095c195 c294c394 c295c395 
00016450: c096c196 c097c197 c296c396 c297c397 
00016460: c494c594 c495c595 c694c794 c695c795 
00016470: c496c596 c497c597 c696c796 c697c797 
00016480: c890c990 c891c991 ca90cb90 ca91cb91 
00016490: c892c992 c893c993 ca92cb92 ca93cb93 
000164a0: cc90cd90 cc91cd91 ce90cf90 ce91cf91 
000164b0: cc92cd92 cc93cd93 ce92cf92 ce93cf93 
000164c0: c894c994 c895c995 ca94cb94 ca95cb95 
000164d0: c896c996 c897c997 ca96cb96 ca97cb97 
000164e0: cc94cd94 cc95cd95 ce94cf94 ce95cf95 
000164f0: cc96cd96 cc97cd97 ce96cf96 ce97cf97 
00016500: c098c198 c099c199 c298c398 c299c399 
00016510: c09ac19a c09bc19b c29ac39a c29bc39b 
00016520: c498c598 c499c599 c698c798 c699c799 
00016530: c49ac59a c49bc59b c69ac79a c69bc79b 
00016540: c09cc19c c09dc19d c29cc39c c29dc39d 
00016550: c09ec19e c09fc19f c29ec39e c29fc39f 
00016560: c49cc59c c49dc59d c69cc79c c69dc79d 
00016570: c49ec59e c49fc59f c69ec79e c69fc79f 
00016580: c898c998 c899c999 ca98cb98 ca99cb99 
00016590: c89ac99a c89bc99b ca9acb9a ca9bcb9b 
000165a0: cc98cd98 cc99cd99 ce98cf98 ce99cf99 
000165b0: cc9acd9a cc9bcd9b ce9acf9a ce9bcf9b 
000165c0: c89cc99c c89dc99d ca9ccb9c ca9dcb9d 
000165d0: c89ec99e c89fc99f ca9ecb9e ca9fcb9f 
000165e0: cc9ccd9c cc9dcd9d ce9ccf9c ce9dcf9d 
000165f0: cc9ecd9e cc9fcd9f ce9ecf9e ce9fcf9f 
00016600: d090d190 d091d191 d290d390 d291d391 
00016610: d092d192 d093d193 d292d392 d293d393 
00016620: d490d590 d491d591 d690d790 d691d791 
00016630: d492d592 d493d593 d692d792 d693d793 
00016640: d094d194 d095d195 d294d394 d295d395 
00016650: d096d196 d097d197 d296d396 d297d397 
00016660: d494d594 d495d595 d694d794 d695d795 
00016670: d496d596 d497d597 d696d796 d697d797 
00016680: d890d990 d891d991 da90db90 da91db91 
00016690: d892d992 d893d993 da92db92 da93db93 
000166a0: dc90dd90 dc91dd91 de90df90 de91df91 
000166b0: dc92dd92 dc93dd93 de92df92 de93df93 
000166c0: d894d994 d895d995 da94db94 da95db95 
000166d0: d896d996 d897d997 da96db96 da97db97 
000166e0: dc94dd94 dc95dd95 de94df94 de95df95 
000166f0: dc96dd96 dc97dd97 de96df96 de97df97 
00016700: d098d198 d099d199 d298d398 d299d399 
00016710: d09ad19a d09bd19b d29ad39a d29bd39b 
00016720: d498d598 d499d599 d698d798 d699d799 
00016730: d49ad59a d49bd59b d69ad79a d69bd79b 
00016740: d09cd19c d09dd19d d29cd39c d29dd39d 
00016750: d09ed19e d09fd19f d29ed39e d29fd39f 
00016760: d49cd59c d49dd59d d69cd79c d69dd79d 
00016770: d49ed59e d49fd59f d69ed79e d69fd79f 
00016780: d898d998 d899d999 da98db98 da99db99 
00016790: d89ad99a d89bd99b da9adb9a da9bdb9b 
000167a0: dc98dd98 dc99dd99 de98df98 de99df99 
000167b0: dc9add9a dc9bdd9b de9adf9a de9bdf9b 
000167c0: d89cd99c d89dd99d da9cdb9c da9ddb9d 
000167d0: d89ed99e d89fd99f da9edb9e da9fdb9f 
000167e0: dc9cdd9c dc9ddd9d de9cdf9c de9ddf9d 
000167f0: dc9edd9e dc9fdd9f de9edf9e de9fdf9f 
00016800: e080e180 e081e181 e280e380 e281e381 
00016810: e082e182 e083e183 e282e382 e283e383 
00016820: e480e580 e481e581 e680e780 e681e781 
00016830: e482e582 e483e583 e682e782 e683e783 
00016840: e084e184 e085e185 e284e384 e285e385 
00016850: e086e186 e087e187 e286e386 e287e387 
00016860: e484e584 e485e585 e684e784 e685e785 
00016870: e486e586 e487e587 e686e786 e687e787 
00016880: e880e980 e881e981 ea80eb80 ea81eb81 
00016890: e882e982 e883e983 ea82eb82 ea83eb83 
000168a0: ec80ed80 ec81ed81 ee80ef80 ee81ef81 
000168b0: ec82ed82 ec83ed83 ee82ef82 ee83ef83 
000168c0: e884e984 e885e985 ea84eb84 ea85eb85 
000168d0: e886e986 e887e987 ea86eb86 ea87eb87 
000168e0: ec84ed84 ec85ed85 ee84ef84 ee85ef85 
000168f0: ec86ed86 ec87ed87 ee86ef86 ee87ef87 
00016900: e088e188 e089e189 e288e388 e289e389 
00016910: e08ae18a e08be18b e28ae38a e28be38b 
00016920: e488e588 e489e589 e688e788 e689e789 
00016930: e48ae58a e48be58b e68ae78a e68be78b 
00016940: e08ce18c e08de18d e28ce38c e28de38d 
00016950: e08ee18e e08fe18f e28ee38e e28fe38f 
00016960: e48ce58c e48de58d e68ce78c e68de78d 
00016970: e48ee58e e48fe58f e68ee78e e68fe78f 
00016980: e888e988 e889e989 ea88eb88 ea89eb89 
00016990: e88ae98a e88be98b ea8aeb8a ea8beb8b 
000169a0: ec88ed88 ec89ed89 ee88ef88 ee89ef89 
000169b0: ec8aed8a ec8bed8b ee8aef8a ee8bef8b 
000169c0: e88ce98c e88de98d ea8ceb8c ea8deb8d 
000169d0: e88ee98e e88fe98f ea8eeb8e ea8feb8f 
000169e0: ec8ced8c ec8ded8d ee8cef8c ee8def8d 
000169f0: ec8eed8e ec8fed8f ee8eef8e ee8fef8f 
00016a00: f080f180 f081f181 f280f380 f281f381 
00016a10: f082f182 f083f183 f282f382 f283f383 
00016a20: f480f580 f481f581 f680f780 f681f781 
00016a30: f482f582 f483f583 f682f782 f683f783 
00016a40: f084f184 f085f185 f284f384 f285f385 
00016a50: f086f186 f087f187 f286f386 f287f387 
00016a60: f484f584 f485f585 f684f784 f685f785 
00016a70: f486f586 f487f587 f686f786 f687f787 
00016a80: f880f980 f881f981 fa80fb80 fa81fb81 
00016a90: f882f982 f883f983 fa82fb82 fa83fb83 
00016aa0: fc80fd80 fc81fd81 fe80ff80 fe81ff81 
00016ab0: fc82fd82 fc83fd83 fe82ff82 fe83ff83 
00016ac0: f884f984 f885f985 fa84fb84 fa85fb85 
00016ad0: f886f986 f887f987 fa86fb86 fa87fb87 
00016ae0: fc84fd84 fc85fd85 fe84ff84 fe85ff85 
00016af0: fc86fd86 fc87fd87 fe86ff86 fe87ff87 
00016b00: f088f188 f089f189 f288f388 f289f389 
00016b10: f08af18a f08bf18b f28af38a f28bf38b 
00016b20: f488f588 f489f589 f688f788 f689f789 
00016b30: f48af58a f48bf58b f68af78a f68bf78b 
00016b40: f08cf18c f08df18d f28cf38c f28df38d 
00016b50: f08ef18e f08ff18f f28ef38e f28ff38f 
00016b60: f48cf58c f48df58d f68cf78c f68df78d 
00016b70: f48ef58e f48ff58f f68ef78e f68ff78f 
00016b80: f888f988 f889f989 fa88fb88 fa89fb89 
00016b90: f88af98a f88bf98b fa8afb8a fa8bfb8b 
00016ba0: fc88fd88 fc89fd89 fe88ff88 fe89ff89 
00016bb0: fc8afd8a fc8bfd8b fe8aff8a fe8bff8b 
00016bc0: f88cf98c f88df98d fa8cfb8c fa8dfb8d 
00016bd0: f88ef98e f88ff98f fa8efb8e fa8ffb8f 
00016be0: fc8cfd8c fc8dfd8d fe8cff8c fe8dff8d 
00016bf0: fc8efd8e fc8ffd8f fe8eff8e fe8fff8f 
00016c00: e090e190 e091e191 e290e390 e291e391 
00016c10: e092e192 e093e193 e292e392 e293e393 
00016c20: e490e590 e491e591 e690e790 e691e791 
00016c30: e492e592 e493e593 e692e792 e693e793 
00016c40: e094e194 e095e195 e294e394 e295e395 
00016c50: e096e196 e097e197 e296e396 e297e397 
00016c60: e494e594 e495e595 e694e794 e695e795 
00016c70: e496e596 e497e597 e696e796 e697e797 
00016c80: e890e990 e891e991 ea90eb90 ea91eb91 
00016c90: e892e992 e893e993 ea92eb92 ea93eb93 
00016ca0: ec90ed90 ec91ed91 ee90ef90 ee91ef91 
00016cb0: ec92ed92 ec93ed93 ee92ef92 ee93ef93 
00016cc0: e894e994 e895e995 ea94eb94 ea95eb95 
00016cd0: e896e996 e897e997 ea96eb96 ea97eb97 
00016ce0: ec94ed94 ec95ed95 ee94ef94 ee95ef95 
00016cf0: ec96ed96 ec97ed97 ee96ef96 ee97ef97 
00016d00: e098e198 e099e199 e298e398 e299e399 
00016d10: e09ae19a e09be19b e29ae39a e29be39b 
00016d20: e498e598 e499e599 e698e798 e699e799 
00016d30: e49ae59a e49be59b e69ae79a e69be79b 
00016d40: e09ce19c e09de19d e29ce39c e29de39d 
00016d50: e09ee19e e09fe19f e29ee39e e29fe39f 
00016d60: e49ce59c e49de59d e69ce79c e69de79d 
00016d70: e49ee59e e49fe59f e69ee79e e69fe79f 
00016d80: e898e998 e899e999 ea98eb98 ea99eb99 
00016d90: e89ae99a e89be99b ea9aeb9a ea9beb9b 
00016da0: ec98ed98 ec99ed99 ee98ef98 ee99ef99 
00016db0: ec9aed9a ec9bed9b ee9aef9a ee9bef9b 
00016dc0: e89ce99c e89de99d ea9ceb9c ea9deb9d 
00016dd0: e89ee99e e89fe99f ea9eeb9e ea9feb9f 
00016de0: ec9ced9c ec9ded9d ee9cef9c ee9def9d 
00016df0: ec9eed9e ec9fed9f ee9eef9e ee9fef9f 
00016e00: f090f190 f091f191 f290f390 f291f391 
00016e10: f092f192 f093f193 f292f392 f293f393 
00016e20: f490f590 f491f591 f690f790 f691f791 
00016e30: f492f592 f493f593 f692f792 f693f793 
00016e40: f094f194 f095f195 f294f394 f295f395 
00016e50: f096f196 f097f197 f296f396 f297f397 
00016e60: f494f594 f495f595 f694f794 f695f795 
00016e70: f496f596 f497f597 f696f796 f697f797 
00016e80: f890f990 f891f991 fa90fb90 fa91fb91 
00016e90: f892f992 f893f993 fa92fb92 fa93fb93 
00016ea0: fc90fd90 fc91fd91 fe90ff90 fe91ff91 
00016eb0: fc92fd92 fc93fd93 fe92ff92 fe93ff93 
00016ec0: f894f994 f895f995 fa94fb94 fa95fb95 
00016ed0: f896f996 f897f997 fa96fb96 fa97fb97 
00016ee0: fc94fd94 fc95fd95 fe94ff94 fe95ff95 
00016ef0: fc96fd96 fc97fd97 fe96ff96 fe97ff97 
00016f00: f098f198 f099f199 f298f398 f299f399 
00016f10: f09af19a f09bf19b f29af39a f29bf39b 
00016f20: f498f598 f499f599 f698f798 f699f799 
00016f30: f49af59a f49bf59b f69af79a f69bf79b 
00016f40: f09cf19c f09df19d f29cf39c f29df39d 
00016f50: f09ef19e f09ff19f f29ef39e f29ff39f 
00016f60: f49cf59c f49df59d f69cf79c f69df79d 
00016f70: f49ef59e f49ff59f f69ef79e f69ff79f 
00016f80: f898f998 f899f999 fa98fb98 fa99fb99 
00016f90: f89af99a f89bf99b fa9afb9a fa9bfb9b 
00016fa0: fc98fd98 fc99fd99 fe98ff98 fe99ff99 
00016fb0: fc9afd9a fc9bfd9b fe9aff9a fe9bff9b 
00016fc0: f89cf99c f89df99d fa9cfb9c fa9dfb9d 
00016fd0: f89ef99e f89ff99f fa9efb9e fa9ffb9f 
00016fe0: fc9cfd9c fc9dfd9d fe9cff9c fe9dff9d 
00016ff0: fc9efd9e fc9ffd9f fe9eff9e fe9fff9f 
00017000: c0a0c1a0 c0a1c1a1 c2a0c3a0 c2a1c3a1 
00017010: c0a2c1a2 c0a3c1a3 c2a2c3a2 c2a3c3a3 
00017020: c4a0c5a0 c4a1c5a1 c6a0c7a0 c6a1c7a1 
00017030: c4a2c5a2 c4a3c5a3 c6a2c7a2 c6a3c7a3 
00017040: c0a4c1a4 c0a5c1a5 c2a4c3a4 c2a5c3a5 
00017050: c0a6c1a6 c0a7c1a7 c2a6c3a6 c2a7c3a7 
00017060: c4a4c5a4 c4a5c5a5 c6a4c7a4 c6a5c7a5 
00017070: c4a6c5a6 c4a7c5a7 c6a6c7a6 c6a7c7a7 
00017080: c8a0c9a0 c8a1c9a1 caa0cba0 caa1cba1 
00017090: c8a2c9a2 c8a3c9a3 caa2cba2 caa3cba3 
000170a0: cca0cda0 cca1cda1 cea0cfa0 cea1cfa1 
000170b0: cca2cda2 cca3cda3 cea2cfa2 cea3cfa3 
000170c0: c8a4c9a4 c8a5c9a5 caa4cba4 caa5cba5 
000170d0: c8a6c9a6 c8a7c9a7 caa6cba6 caa7cba7 
000170e0: cca4cda4 cca5cda5 cea4cfa4 cea5cfa5 
000170f0: cca6cda6 cca7cda7 cea6cfa6 cea7cfa7 
00017100: c0a8c1a8 c0a9c1a9 c2a8c3a8 c2a9c3a9 
00017110: c0aac1aa c0abc1ab c2aac3aa c2abc3ab 
00017120: c4a8c5a8 c4a9c5a9 c6a8c7a8 c6a9c7a9 
00017130: c4aac5aa c4abc5ab c6aac7aa c6abc7ab 
00017140: c0acc1ac c0adc1ad c2acc3ac c2adc3ad 
00017150: c0aec1ae c0afc1af c2aec3ae c2afc3af 
00017160: c4acc5ac c4adc5ad c6acc7ac c6adc7ad 
00017170: c4aec5ae c4afc5af c6aec7ae c6afc7af 
00017180: c8a8c9a8 c8a9c9a9 caa8cba8 caa9cba9 
00017190: c8aac9aa c8abc9ab caaacbaa caabcbab 
000171a0: cca8cda8 cca9cda9 cea8cfa8 cea9cfa9 
000171b0: ccaacdaa ccabcdab ceaacfaa ceabcfab 
000171c0: c8acc9ac c8adc9ad caaccbac caadcbad 
000171d0: c8aec9ae c8afc9af caaecbae caafcbaf 
000171e0: ccaccdac ccadcdad ceaccfac ceadcfad 
000171f0: ccaecdae ccafcdaf ceaecfae ceafcfaf 
00017200: d0a0d1a0 d0a1d1a1 d2a0d3a0 d2a1d3a1 
00017210: d0a2d1a2 d0a3d1a3 d2a2d3a2 d2a3d3a3 
00017220: d4a0d5a0 d4a1d5a1 d6a0d7a0 d6a1d7a1 
00017230: d4a2d5a2 d4a3d5a3 d6a2d7a2 d6a3d7a3 
00017240: d0a4d1a4 d0a5d1a5 d2a4d3a4 d2a5d3a5 
00017250: d0a6d1a6 d0a7d1a7 d2a6d3a6 d2a7d3a7 
00017260: d4a4d5a4 d4a5d5a5 d6a4d7a4 d6a5d7a5 
00017270: d4a6d5a6 d4a7d5a7 d6a6d7a6 d6a7d7a7 
00017280: d8a0d9a0 d8a1d9a1 daa0dba0 daa1dba1 
00017290: d8a2d9a2 d8a3d9a3 daa2dba2 daa3dba3 
000172a0: dca0dda0 dca1dda1 dea0dfa0 dea1dfa1 
000172b0: dca2dda2 dca3dda3 dea2dfa2 dea3dfa3 
000172c0: d8a4d9a4 d8a5d9a5 daa4dba4 daa5dba5 
000172d0: d8a6d9a6 d8a7d9a7 daa6dba6 daa7dba7 
000172e0: dca4dda4 dca5dda5 dea4dfa4 dea5dfa5 
000172f0: dca6dda6 dca7dda7 dea6dfa6 dea7dfa7 
00017300: d0a8d1a8 d0a9d1a9 d2a8d3a8 d2a9d3a9 
00017310: d0aad1aa d0abd1ab d2aad3aa d2abd3ab 
00017320: d4a8d5a8 d4a9d5a9 d6a8d7a8 d6a9d7a9 
00017330: d4aad5aa d4abd5ab d6aad7aa d6abd7ab 
00017340: d0acd1ac d0add1ad d2acd3ac d2add3ad 
00017350: d0aed1ae d0afd1af d2aed3ae d2afd3af 
00017360: d4acd5ac d4add5ad d6acd7ac d6add7ad 
00017370: d4aed5ae d4afd5af d6aed7ae d6afd7af 
00017380: d8a8d9a8 d8a9d9a9 daa8dba8 daa9dba9 
00017390: d8aad9aa d8abd9ab daaadbaa daabdbab 
000173a0: dca8dda8 dca9dda9 dea8dfa8 dea9dfa9 
000173b0: dcaaddaa dcabddab deaadfaa deabdfab 
000173c0: d8acd9ac d8add9ad daacdbac daaddbad 
000173d0: d8aed9ae d8afd9af daaedbae daafdbaf 
000173e0: dcacddac dcadddad deacdfac deaddfad 
000173f0: dcaeddae dcafddaf deaedfae deafdfaf 
00017400: c0b0c1b0 c0b1c1b1 c2b0c3b0 c2b1c3b1 
00017410: c0b2c1b2 c0b3c1b3 c2b2c3b2 c2b3c3b3 
00017420: c4b0c5b0 c4b1c5b1 c6b0c7b0 c6b1c7b1 
00017430: c4b2c5b2 c4b3c5b3 c6b2c7b2 c6b3c7b3 
00017440: c0b4c1b4 c0b5c1b5 c2b4c3b4 c2b5c3b5 
00017450: c0b6c1b6 c0b7c1b7 c2b6c3b6 c2b7c3b7 
00017460: c4b4c5b4 c4b5c5b5 c6b4c7b4 c6b5c7b5 
00017470: c4b6c5b6 c4b7c5b7 c6b6c7b6 c6b7c7b7 
00017480: c8b0c9b0 c8b1c9b1 cab0cbb0 cab1cbb1 
00017490: c8b2c9b2 c8b3c9b3 cab2cbb2 cab3cbb3 
000174a0: ccb0cdb0 ccb1cdb1 ceb0cfb0 ceb1cfb1 
000174b0: ccb2cdb2 ccb3cdb3 ceb2cfb2 ceb3cfb3 
000174c0: c8b4c9b4 c8b5c9b5 cab4cbb4 cab5cbb5 
000174d0: c8b6c9b6 c8b7c9b7 cab6cbb6 cab7cbb7 
000174e0: ccb4cdb4 ccb5cdb5 ceb4cfb4 ceb5cfb5 
000174f0: ccb6cdb6 ccb7cdb7 ceb6cfb6 ceb7cfb7 
00017500: c0b8c1b8 c0b9c1b9 c2b8c3b8 c2b9c3b9 
00017510: c0bac1ba c0bbc1bb c2bac3ba c2bbc3bb 
00017520: c4b8c5b8 c4b9c5b9 c6b8c7b8 c6b9c7b9 
00017530: c4bac5ba c4bbc5bb c6bac7ba c6bbc7bb 
00017540: c0bcc1bc c0bdc1bd c2bcc3bc c2bdc3bd 
00017550: c0bec1be c0bfc1bf c2bec3be c2bfc3bf 
00017560: c4bcc5bc c4bdc5bd c6bcc7bc c6bdc7bd 
00017570: c4bec5be c4bfc5bf c6bec7be c6bfc7bf 
00017580: c8b8c9b8 c8b9c9b9 cab8cbb8 cab9cbb9 
00017590: c8bac9ba c8bbc9bb cabacbba cabbcbbb 
000175a0: ccb8cdb8 ccb9cdb9 ceb8cfb8 ceb9cfb9 
000175b0: ccbacdba ccbbcdbb cebacfba cebbcfbb 
000175c0: c8bcc9bc c8bdc9bd cabccbbc cabdcbbd 
000175d0: c8bec9be c8bfc9bf cabecbbe cabfcbbf 
000175e0: ccbccdbc ccbdcdbd cebccfbc cebdcfbd 
000175f0: ccbecdbe ccbfcdbf cebecfbe cebfcfbf 
00017600: d0b0d1b0 d0b1d1b1 d2b0d3b0 d2b1d3b1 
00017610: d0b2d1b2 d0b3d1b3 d2b2d3b2 d2b3d3b3 
00017620: d4b0d5b0 d4b1d5b1 d6b0d7b0 d6b1d7b1 
00017630: d4b2d5b2 d4b3d5b3 d6b2d7b2 d6b3d7b3 
00017640: d0b4d1b4 d0b5d1b5 d2b4d3b4 d2b5d3b5 
00017650: d0b6d1b6 d0b7d1b7 d2b6d3b6 d2b7d3b7 
00017660: d4b4d5b4 d4b5d5b5 d6b4d7b4 d6b5d7b5 
00017670: d4b6d5b6 d4b7d5b7 d6b6d7b6 d6b7d7b7 
00017680: d8b0d9b0 d8b1d9b1 dab0dbb0 dab1dbb1 
00017690: d8b2d9b2 d8b3d9b3 dab2dbb2 dab3dbb3 
000176a0: dcb0ddb0 dcb1ddb1 deb0dfb0 deb1dfb1 
000176b0: dcb2ddb2 dcb3ddb3 deb2dfb2 deb3dfb3 
000176c0: d8b4d9b4 d8b5d9b5 dab4dbb4 dab5dbb5 
000176d0: d8b6d9b6 d8b7d9b7 dab6dbb6 dab7dbb7 
000176e0: dcb4ddb4 dcb5ddb5 deb4dfb4 deb5dfb5 
000176f0: dcb6ddb6 dcb7ddb7 deb6dfb6 deb7dfb7 
00017700: d0b8d1b8 d0b9d1b9 d2b8d3b8 d2b9d3b9 
00017710: d0bad1ba d0bbd1bb d2bad3ba d2bbd3bb 
00017720: d4b8d5b8 d4b9d5b9 d6b8d7b8 d6b9d7b9 
00017730: d4bad5ba d4bbd5bb d6bad7ba d6bbd7bb 
00017740: d0bcd1bc d0bdd1bd d2bcd3bc d2bdd3bd 
00017750: d0bed1be d0bfd1bf d2bed3be d2bfd3bf 
00017760: d4bcd5bc d4bdd5bd d6bcd7bc d6bdd7bd 
00017770: d4bed5be d4bfd5bf d6bed7be d6bfd7bf 
00017780: d8b8d9b8 d8b9d9b9 dab8dbb8 dab9dbb9 
00017790: d8bad9ba d8bbd9bb dabadbba dabbdbbb 
000177a0: dcb8ddb8 dcb9ddb9 deb8dfb8 deb9dfb9 
000177b0: dcbaddba dcbbddbb debadfba debbdfbb 
000177c0: d8bcd9bc d8bdd9bd dabcdbbc dabddbbd 
000177d0: d8bed9be d8bfd9bf dabedbbe dabfdbbf 
000177e0: dcbcddbc dcbdddbd debcdfbc debddfbd 
000177f0: dcbeddbe dcbfddbf debedfbe debfdfbf 
00017800: e0a0e1a0 e0a1e1a1 e2a0e3a0 e2a1e3a1 
00017810: e0a2e1a2 e0a3e1a3 e2a2e3a2 e2a3e3a3 
00017820: e4a0e5a0 e4a1e5a1 e6a0e7a0 e6a1e7a1 
00017830: e4a2e5a2 e4a3e5a3 e6a2e7a2 e6a3e7a3 
00017840: e0a4e1a4 e0a5e1a5 e2a4e3a4 e2a5e3a5 
00017850: e0a6e1a6 e0a7e1a7 e2a6e3a6 e2a7e3a7 
00017860: e4a4e5a4 e4a5e5a5 e6a4e7a4 e6a5e7a5 
00017870: e4a6e5a6 e4a7e5a7 e6a6e7a6 e6a7e7a7 
00017880: e8a0e9a0 e8a1e9a1 eaa0eba0 eaa1eba1 
00017890: e8a2e9a2 e8a3e9a3 eaa2eba2 eaa3eba3 
000178a0: eca0eda0 eca1eda1 eea0efa0 eea1efa1 
000178b0: eca2eda2 eca3eda3 eea2efa2 eea3efa3 
000178c0: e8a4e9a4 e8a5e9a5 eaa4eba4 eaa5eba5 
000178d0: e8a6e9a6 e8a7e9a7 eaa6eba6 eaa7eba7 
000178e0: eca4eda4 eca5eda5 eea4efa4 eea5efa5 
000178f0: eca6eda6 eca7eda7 eea6efa6 eea7efa7 
00017900: e0a8e1a8 e0a9e1a9 e2a8e3a8 e2a9e3a9 
00017910: e0aae1aa e0abe1ab e2aae3aa e2abe3ab 
00017920: e4a8e5a8 e4a9e5a9 e6a8e7a8 e6a9e7a9 
00017930: e4aae5aa e4abe5ab e6aae7aa e6abe7ab 
00017940: e0ace1ac e0ade1ad e2ace3ac e2ade3ad 
00017950: e0aee1ae e0afe1af e2aee3ae e2afe3af 
00017960: e4ace5ac e4ade5ad e6ace7ac e6ade7ad 
00017970: e4aee5ae e4afe5af e6aee7ae e6afe7af 
00017980: e8a8e9a8 e8a9e9a9 eaa8eba8 eaa9eba9 
00017990: e8aae9aa e8abe9ab eaaaebaa eaabebab 
000179a0: eca8eda8 eca9eda9 eea8efa8 eea9efa9 
000179b0: ecaaedaa ecabedab eeaaefaa eeabefab 
000179c0: e8ace9ac e8ade9ad eaacebac eaadebad 
000179d0: e8aee9ae e8afe9af eaaeebae eaafebaf 
000179e0: ecacedac ecadedad eeacefac eeadefad 
000179f0: ecaeedae ecafedaf eeaeefae eeafefaf 
00017a00: f0a0f1a0 f0a1f1a1 f2a0f3a0 f2a1f3a1 
00017a10: f0a2f1a2 f0a3f1a3 f2a2f3a2 f2a3f3a3 
00017a20: f4a0f5a0 f4a1f5a1 f6a0f7a0 f6a1f7a1 
00017a30: f4a2f5a2 f4a3f5a3 f6a2f7a2 f6a3f7a3 
00017a40: f0a4f1a4 f0a5f1a5 f2a4f3a4 f2a5f3a5 
00017a50: f0a6f1a6 f0a7f1a7 f2a6f3a6 f2a7f3a7 
00017a60: f4a4f5a4 f4a5f5a5 f6a4f7a4 f6a5f7a5 
00017a70: f4a6f5a6 f4a7f5a7 f6a6f7a6 f6a7f7a7 
00017a80: f8a0f9a0 f8a1f9a1 faa0fba0 faa1fba1 
00017a90: f8a2f9a2 f8a3f9a3 faa2fba2 faa3fba3 
00017aa0: fca0fda0 fca1fda1 fea0ffa0 fea1ffa1 
00017ab0: fca2fda2 fca3fda3 fea2ffa2 fea3ffa3 
00017ac0: f8a4f9a4 f8a5f9a5 faa4fba4 faa5fba5 
00017ad0: f8a6f9a6 f8a7f9a7 faa6fba6 faa7fba7 
00017ae0: fca4fda4 fca5fda5 fea4ffa4 fea5ffa5 
00017af0: fca6fda6 fca7fda7 fea6ffa6 fea7ffa7 
00017b00: f0a8f1a8 f0a9f1a9 f2a8f3a8 f2a9f3a9 
00017b10: f0aaf1aa f0abf1ab f2aaf3aa f2abf3ab 
00017b20: f4a8f5a8 f4a9f5a9 f6a8f7a8 f6a9f7a9 
00017b30: f4aaf5aa f4abf5ab f6aaf7aa f6abf7ab 
00017b40: f0acf1ac f0adf1ad f2acf3ac f2adf3ad 
00017b50: f0aef1ae f0aff1af f2aef3ae f2aff3af 
00017b60: f4acf5ac f4adf5ad f6acf7ac f6adf7ad 
00017b70: f4aef5ae f4aff5af f6aef7ae f6aff7af 
00017b80: f8a8f9a8 f8a9f9a9 faa8fba8 faa9fba9 
00017b90: f8aaf9aa f8abf9ab faaafbaa faabfbab 
00017ba0: fca8fda8 fca9fda9 fea8ffa8 fea9ffa9 
00017bb0: fcaafdaa fcabfdab feaaffaa feabffab 
00017bc0: f8acf9ac f8adf9ad faacfbac faadfbad 
00017bd0: f8aef9ae f8aff9af faaefbae faaffbaf 
00017be0: fcacfdac fcadfdad feacffac feadffad 
00017bf0: fcaefdae fcaffdaf feaeffae feafffaf 
00017c00: e0b0e1b0 e0b1e1b1 e2b0e3b0 e2b1e3b1 
00017c10: e0b2e1b2 e0b3e1b3 e2b2e3b2 e2b3e3b3 
00017c20: e4b0e5b0 e4b1e5b1 e6b0e7b0 e6b1e7b1 
00017c30: e4b2e5b2 e4b3e5b3 e6b2e7b2 e6b3e7b3 
00017c40: e0b4e1b4 e0b5e1b5 e2b4e3b4 e2b5e3b5 
00017c50: e0b6e1b6 e0b7e1b7 e2b6e3b6 e2b7e3b7 
00017c60: e4b4e5b4 e4b5e5b5 e6b4e7b4 e6b5e7b5 
00017c70: e4b6e5b6 e4b7e5b7 e6b6e7b6 e6b7e7b7 
00017c80: e8b0e9b0 e8b1e9b1 eab0ebb0 eab1ebb1 
00017c90: e8b2e9b2 e8b3e9b3 eab2ebb2 eab3ebb3 
00017ca0: ecb0edb0 ecb1edb1 eeb0efb0 eeb1efb1 
00017cb0: ecb2edb2 ecb3edb3 eeb2efb2 eeb3efb3 
00017cc0: e8b4e9b4 e8b5e9b5 eab4ebb4 eab5ebb5 
00017cd0: e8b6e9b6 e8b7e9b7 eab6ebb6 eab7ebb7 
00017ce0: ecb4edb4 ecb5edb5 eeb4efb4 eeb5efb5 
00017cf0: ecb6edb6 ecb7edb7 eeb6efb6 eeb7efb7 
00017d00: e0b8e1b8 e0b9e1b9 e2b8e3b8 e2b9e3b9 
00017d10: e0bae1ba e0bbe1bb e2bae3ba e2bbe3bb 
00017d20: e4b8e5b8 e4b9e5b9 e6b8e7b8 e6b9e7b9 
00017d30: e4bae5ba e4bbe5bb e6bae7ba e6bbe7bb 
00017d40: e0bce1bc e0bde1bd e2bce3bc e2bde3bd 
00017d50: e0bee1be e0bfe1bf e2bee3be e2bfe3bf 
00017d60: e4bce5bc e4bde5bd e6bce7bc e6bde7bd 
00017d70: e4bee5be e4bfe5bf e6bee7be e6bfe7bf 
00017d80: e8b8e9b8 e8b9e9b9 eab8ebb8 eab9ebb9 
00017d90: e8bae9ba e8bbe9bb eabaebba eabbebbb 
00017da0: ecb8edb8 ecb9edb9 eeb8efb8 eeb9efb9 
00017db0: ecbaedba ecbbedbb eebaefba eebbefbb 
00017dc0: e8bce9bc e8bde9bd eabcebbc eabdebbd 
00017dd0: e8bee9be e8bfe9bf eabeebbe eabfebbf 
00017de0: ecbcedbc ecbdedbd eebcefbc eebdefbd 
00017df0: ecbeedbe ecbfedbf eebeefbe eebfefbf 
00017e00: f0b0f1b0 f0b1f1b1 f2b0f3b0 f2b1f3b1 
00017e10: f0b2f1b2 f0b3f1b3 f2b2f3b2 f2b3f3b3 
00017e20: f4b0f5b0 f4b1f5b1 f6b0f7b0 f6b1f7b1 
00017e30: f4b2f5b2 f4b3f5b3 f6b2f7b2 f6b3f7b3 
00017e40: f0b4f1b4 f0b5f1b5 f2b4f3b4 f2b5f3b5 
00017e50: f0b6f1b6 f0b7f1b7 f2b6f3b6 f2b7f3b7 
00017e60: f4b4f5b4 f4b5f5b5 f6b4f7b4 f6b5f7b5 
00017e70: f4b6f5b6 f4b7f5b7 f6b6f7b6 f6b7f7b7 
00017e80: f8b0f9b0 f8b1f9b1 fab0fbb0 fab1fbb1 
00017e90: f8b2f9b2 f8b3f9b3 fab2fbb2 fab3fbb3 
00017ea0: fcb0fdb0 fcb1fdb1 feb0ffb0 feb1ffb1 
00017eb0: fcb2fdb2 fcb3fdb3 feb2ffb2 feb3ffb3 
00017ec0: f8b4f9b4 f8b5f9b5 fab4fbb4 fab5fbb5 
00017ed0: f8b6f9b6 f8b7f9b7 fab6fbb6 fab7fbb7 
00017ee0: fcb4fdb4 fcb5fdb5 feb4ffb4 feb5ffb5 
00017ef0: fcb6fdb6 fcb7fdb7 feb6ffb6 feb7ffb7 
00017f00: f0b8f1b8 f0b9f1b9 f2b8f3b8 f2b9f3b9 
00017f10: f0baf1ba f0bbf1bb f2baf3ba f2bbf3bb 
00017f20: f4b8f5b8 f4b9f5b9 f6b8f7b8 f6b9f7b9 
00017f30: f4baf5ba f4bbf5bb f6baf7ba f6bbf7bb 
00017f40: f0bcf1bc f0bdf1bd f2bcf3bc f2bdf3bd 
00017f50: f0bef1be f0bff1bf f2bef3be f2bff3bf 
00017f60: f4bcf5bc f4bdf5bd f6bcf7bc f6bdf7bd 
00017f70: f4bef5be f4bff5bf f6bef7be f6bff7bf 
00017f80: f8b8f9b8 f8b9f9b9 fab8fbb8 fab9fbb9 
00017f90: f8baf9ba f8bbf9bb fabafbba fabbfbbb 
00017fa0: fcb8fdb8 fcb9fdb9 feb8ffb8 feb9ffb9 
00017fb0: fcbafdba fcbbfdbb febaffba febbffbb 
00017fc0: f8bcf9bc f8bdf9bd fabcfbbc fabdfbbd 
00017fd0: f8bef9be f8bff9bf fabefbbe fabffbbf 
00017fe0: fcbcfdbc fcbdfdbd febcffbc febdffbd 
00017ff0: fcbefdbe fcbffdbf febeffbe febfffbf 
00018000: 00c001c0 00c101c1 02c003c0 02c103c1 
00018010: 00c201c2 00c301c3 02c203c2 02c303c3 
00018020: 04c005c0 04c105c1 06c007c0 06c107c1 
00018030: 04c205c2 04c305c3 06c207c2 06c307c3 
00018040: 00c401c4 00c501c5 02c403c4 02c503c5 
00018050: 00c601c6 00c701c7 02c603c6 02c703c7 
00018060: 04c405c4 04c505c5 06c407c4 06c507c5 
00018070: 04c605c6 04c705c7 06c607c6 06c707c7 
00018080: 08c009c0 08c109c1 0ac00bc0 0ac10bc1 
00018090: 08c209c2 08c309c3 0ac20bc2 0ac30bc3 
000180a0: 0cc00dc0 0cc10dc1 0ec00fc0 0ec10fc1 
000180b0: 0cc20dc2 0cc30dc3 0ec20fc2 0ec30fc3 
000180c0: 08c409c4 08c509c5 0ac40bc4 0ac50bc5 
000180d0: 08c609c6 08c709c7 0ac60bc6 0ac70bc7 
000180e0: 0cc40dc4 0cc50dc5 0ec40fc4 0ec50fc5 
000180f0: 0cc60dc6 0cc70dc7 0ec60fc6 0ec70fc7 
00018100: 00c801c8 00c901c9 02c803c8 02c903c9 
00018110: 00ca01ca 00cb01cb 02ca03ca 02cb03cb 
00018120: 04c805c8 04c905c9 06c807c8 06c907c9 
00018130: 04ca05ca 04cb05cb 06ca07ca 06cb07cb 
00018140: 00cc01cc 00cd01cd 02cc03cc 02cd03cd 
00018150: 00ce01ce 00cf01cf 02ce03ce 02cf03cf 
00018160: 04cc05cc 04cd05cd 06cc07cc 06cd07cd 
00018170: 04ce05ce 04cf05cf 06ce07ce 06cf07cf 
00018180: 08c809c8 08c909c9 0ac80bc8 0ac90bc9 
00018190: 08ca09ca 08cb09cb 0aca0bca 0acb0bcb 
000181a0: 0cc80dc8 0cc90dc9 0ec80fc8 0ec90fc9 
000181b0: 0cca0dca 0ccb0dcb 0eca0fca 0ecb0fcb 
000181c0: 08cc09cc 08cd09cd 0acc0bcc 0acd0bcd 
000181d0: 08ce09ce 08cf09cf 0ace0bce 0acf0bcf 
000181e0: 0ccc0dcc 0ccd0dcd 0ecc0fcc 0ecd0fcd 
000181f0: 0cce0dce 0ccf0dcf 0ece0fce 0ecf0fcf 
00018200: 10c011c0 10c111c1 12c013c0 12c113c1 
00018210: 10c211c2 10c311c3 12c213c2 12c313c3 
00018220: 14c015c0 14c115c1 16c017c0 16c117c1 
00018230: 14c215c2 14c315c3 16c217c2 16c317c3 
00018240: 10c411c4 10c511c5 12c413c4 12c513c5 
00018250: 10c611c6 10c711c7 12c613c6 12c713c7 
00018260: 14c415c4 14c515c5 16c417c4 16c517c5 
00018270: 14c615c6 14c715c7 16c617c6 16c717c7 
00018280: 18c019c0 18c119c1 1ac01bc0 1ac11bc1 
00018290: 18c219c2 18c319c3 1ac21bc2 1ac31bc3 
000182a0: 1cc01dc0 1cc11dc1 1ec01fc0 1ec11fc1 
000182b0: 1cc21dc2 1cc31dc3 1ec21fc2 1ec31fc3 
000182c0: 18c419c4 18c519c5 1ac41bc4 1ac51bc5 
000182d0: 18c619c6 18c719c7 1ac61bc6 1ac71bc7 
000182e0: 1cc41dc4 1cc51dc5 1ec41fc4 1ec51fc5 
000182f0: 1cc61dc6 1cc71dc7 1ec61fc6 1ec71fc7 
00018300: 10c811c8 10c911c9 12c813c8 12c913c9 
00018310: 10ca11ca 10cb11cb 12ca13ca 12cb13cb 
00018320: 14c815c8 14c915c9 16c817c8 16c917c9 
00018330: 14ca15ca 14cb15cb 16ca17ca 16cb17cb 
00018340: 10cc11cc 10cd11cd 12cc13cc 12cd13cd 
00018350: 10ce11ce 10cf11cf 12ce13ce 12cf13cf 
00018360: 14cc15cc 14cd15cd 16cc17cc 16cd17cd 
00018370: 14ce15ce 14cf15cf 16ce17ce 16cf17cf 
00018380: 18c819c8 18c919c9 1ac81bc8 1ac91bc9 
00018390: 18ca19ca 18cb19cb 1aca1bca 1acb1bcb 
000183a0: 1cc81dc8 1cc91dc9 1ec81fc8 1ec91fc9 
000183b0: 1cca1dca 1ccb1dcb 1eca1fca 1ecb1fcb 
000183c0: 18cc19cc 18cd19cd 1acc1bcc 1acd1bcd 
000183d0: 18ce19ce 18cf19cf 1ace1bce 1acf1bcf 
000183e0: 1ccc1dcc 1ccd1dcd 1ecc1fcc 1ecd1fcd 
000183f0: 1cce1dce 1ccf1dcf 1ece1fce 1ecf1fcf 
00018400: 00d001d0 00d101d1 02d003d0 02d103d1 
00018410: 00d201d2 00d301d3 02d203d2 02d303d3 
00018420: 04d005d0 04d105d1 06d007d0 06d107d1 
00018430: 04d205d2 04d305d3 06d207d2 06d307d3 
00018440: 00d401d4 00d501d5 02d403d4 02d503d5 
00018450: 00d601d6 00d701d7 02d603d6 02d703d7 
00018460: 04d405d4 04d505d5 06d407d4 06d507d5 
00018470: 04d605d6 04d705d7 06d607d6 06d707d7 
00018480: 08d009d0 08d109d1 0ad00bd0 0ad10bd1 
00018490: 08d209d2 08d309d3 0ad20bd2 0ad30bd3 
000184a0: 0cd00dd0 0cd10dd1 0ed00fd0 0ed10fd1 
000184b0: 0cd20dd2 0cd30dd3 0ed20fd2 0ed30fd3 
000184c0: 08d409d4 08d509d5 0ad40bd4 0ad50bd5 
000184d0: 08d609d6 08d709d7 0ad60bd6 0ad70bd7 
000184e0: 0cd40dd4 0cd50dd5 0ed40fd4 0ed50fd5 
000184f0: 0cd60dd6 0cd70dd7 0ed60fd6 0ed70fd7 
00018500: 00d801d8 00d901d9 02d803d8 02d903d9 
00018510: 00da01da 00db01db 02da03da 02db03db 
00018520: 04d805d8 04d905d9 06d807d8 06d907d9 
00018530: 04da05da 04db05db 06da07da 06db07db 
00018540: 00dc01dc 00dd01dd 02dc03dc 02dd03dd 
00018550: 00de01de 00df01df 02de03de 02df03df 
00018560: 04dc05dc 04dd05dd 06dc07dc 06dd07dd 
00018570: 04de05de 04df05df 06de07de 06df07df 
00018580: 08d809d8 08d909d9 0ad80bd8 0ad90bd9 
00018590: 08da09da 08db09db 0ada0bda 0adb0bdb 
000185a0: 0cd80dd8 0cd90dd9 0ed80fd8 0ed90fd9 
000185b0: 0cda0dda 0cdb0ddb 0eda0fda 0edb0fdb 
000185c0: 08dc09dc 08dd09dd 0adc0bdc 0add0bdd 
000185d0: 08de09de 08df09df 0ade0bde 0adf0bdf 
000185e0: 0cdc0ddc 0cdd0ddd 0edc0fdc 0edd0fdd 
000185f0: 0cde0dde 0cdf0ddf 0ede0fde 0edf0fdf 
00018600: 10d011d0 10d111d1 12d013d0 12d113d1 
00018610: 10d211d2 10d311d3 12d213d2 12d313d3 
00018620: 14d015d0 14d115d1 16d017d0 16d117d1 
00018630: 14d215d2 14d315d3 16d217d2 16d317d3 
00018640: 10d411d4 10d511d5 12d413d4 12d513d5 
00018650: 10d611d6 10d711d7 12d613d6 12d713d7 
00018660: 14d415d4 14d515d5 16d417d4 16d517d5 
00018670: 14d615d6 14d715d7 16d617d6 16d717d7 
00018680: 18d019d0 18d119d1 1ad01bd0 1ad11bd1 
00018690: 18d219d2 18d319d3 1ad21bd2 1ad31bd3 
000186a0: 1cd01dd0 1cd11dd1 1ed01fd0 1ed11fd1 
000186b0: 1cd21dd2 1cd31dd3 1ed21fd2 1ed31fd3 
000186c0: 18d419d4 18d519d5 1ad41bd4 1ad51bd5 
000186d0: 18d619d6 18d719d7 1ad61bd6 1ad71bd7 
000186e0: 1cd41dd4 1cd51dd5 1ed41fd4 1ed51fd5 
000186f0: 1cd61dd6 1cd71dd7 1ed61fd6 1ed71fd7 
00018700: 10d811d8 10d911d9 12d813d8 12d913d9 
00018710: 10da11da 10db11db 12da13da 12db13db 
00018720: 14d815d8 14d915d9 16d817d8 16d917d9 
00018730: 14da15da 14db15db 16da17da 16db17db 
00018740: 10dc11dc 10dd11dd 12dc13dc 12dd13dd 
00018750: 10de11de 10df11df 12de13de 12df13df 
00018760: 14dc15dc 14dd15dd 16dc17dc 16dd17dd 
00018770: 14de15de 14df15df 16de17de 16df17df 
00018780: 18d819d8 18d919d9 1ad81bd8 1ad91bd9 
00018790: 18da19da 18db19db 1ada1bda 1adb1bdb 
000187a0: 1cd81dd8 1cd91dd9 1ed81fd8 1ed91fd9 
000187b0: 1cda1dda 1cdb1ddb 1eda1fda 1edb1fdb 
000187c0: 18dc19dc 18dd19dd 1adc1bdc 1add1bdd 
000187d0: 18de19de 18df19df 1ade1bde 1adf1bdf 
000187e0: 1cdc1ddc 1cdd1ddd 1edc1fdc 1edd1fdd 
000187f0: 1cde1dde 1cdf1ddf 1ede1fde 1edf1fdf 
00018800: 20c021c0 20c121c1 22c023c0 22c123c1 
00018810: 20c221c2 20c321c3 22c223c2 22c323c3 
00018820: 24c025c0 24c125c1 26c027c0 26c127c1 
00018830: 24c225c2 24c325c3 26c227c2 26c327c3 
00018840: 20c421c4 20c521c5 22c423c4 22c523c5 
00018850: 20c621c6 20c721c7 22c623c6 22c723c7 
00018860: 24c425c4 24c525c5 26c427c4 26c527c5 
00018870: 24c625c6 24c725c7 26c627c6 26c727c7 
00018880: 28c029c0 28c129c1 2ac02bc0 2ac12bc1 
00018890: 28c229c2 28c329c3 2ac22bc2 2ac32bc3 
000188a0: 2cc02dc0 2cc12dc1 2ec02fc0 2ec12fc1 
000188b0: 2cc22dc2 2cc32dc3 2ec22fc2 2ec32fc3 
000188c0: 28c429c4 28c529c5 2ac42bc4 2ac52bc5 
000188d0: 28c629c6 28c729c7 2ac62bc6 2ac72bc7 
000188e0: 2cc42dc4 2cc52dc5 2ec42fc4 2ec52fc5 
000188f0: 2cc62dc6 2cc72dc7 2ec62fc6 2ec72fc7 
00018900: 20c821c8 20c921c9 22c823c8 22c923c9 
00018910: 20ca21ca 20cb21cb 22ca23ca 22cb23cb 
00018920: 24c825c8 24c925c9 26c827c8 26c927c9 
00018930: 24ca25ca 24cb25cb 26ca27ca 26cb27cb 
00018940: 20cc21cc 20cd21cd 22cc23cc 22cd23cd 
00018950: 20ce21ce 20cf21cf 22ce23ce 22cf23cf 
00018960: 24cc25cc 24cd25cd 26cc27cc 26cd27cd 
00018970: 24ce25ce 24cf25cf 26ce27ce 26cf27cf 
00018980: 28c829c8 28c929c9 2ac82bc8 2ac92bc9 
00018990: 28ca29ca 28cb29cb 2aca2bca 2acb2bcb 
000189a0: 2cc82dc8 2cc92dc9 2ec82fc8 2ec92fc9 
000189b0: 2cca2dca 2ccb2dcb 2eca2fca 2ecb2fcb 
000189c0: 28cc29cc 28cd29cd 2acc2bcc 2acd2bcd 
000189d0: 28ce29ce 28cf29cf 2ace2bce 2acf2bcf 
000189e0: 2ccc2dcc 2ccd2dcd 2ecc2fcc 2ecd2fcd 
000189f0: 2cce2dce 2ccf2dcf 2ece2fce 2ecf2fcf 
00018a00: 30c031c0 30c131c1 32c033c0 32c133c1 
00018a10: 30c231c2 30c331c3 32c233c2 32c333c3 
00018a20: 34c035c0 34c135c1 36c037c0 36c137c1 
00018a30: 34c235c2 34c335c3 36c237c2 36c337c3 
00018a40: 30c431c4 30c531c5 32c433c4 32c533c5 
00018a50: 30c631c6 30c731c7 32c633c6 32c733c7 
00018a60: 34c435c4 34c535c5 36c437c4 36c537c5 
00018a70: 34c635c6 34c735c7 36c637c6 36c737c7 
00018a80: 38c039c0 38c139c1 3ac03bc0 3ac13bc1 
00018a90: 38c239c2 38c339c3 3ac23bc2 3ac33bc3 
00018aa0: 3cc03dc0 3cc13dc1 3ec03fc0 3ec13fc1 
00018ab0: 3cc23dc2 3cc33dc3 3ec23fc2 3ec33fc3 
00018ac0: 38c439c4 38c539c5 3ac43bc4 3ac53bc5 
00018ad0: 38c639c6 38c739c7 3ac63bc6 3ac73bc7 
00018ae0: 3cc43dc4 3cc53dc5 3ec43fc4 3ec53fc5 
00018af0: 3cc63dc6 3cc73dc7 3ec63fc6 3ec73fc7 
00018b00: 30c831c8 30c931c9 32c833c8 32c933c9 
00018b10: 30ca31ca 30cb31cb 32ca33ca 32cb33cb 
00018b20: 34c835c8 34c935c9 36c837c8 36c937c9 
00018b30: 34ca35ca 34cb35cb 36ca37ca 36cb37cb 
00018b40: 30cc31cc 30cd31cd 32cc33cc 32cd33cd 
00018b50: 30ce31ce 30cf31cf 32ce33ce 32cf33cf 
00018b60: 34cc35cc 34cd35cd 36cc37cc 36cd37cd 
00018b70: 34ce35ce 34cf35cf 36ce37ce 36cf37cf 
00018b80: 38c839c8 38c939c9 3ac83bc8 3ac93bc9 
00018b90: 38ca39ca 38cb39cb 3aca3bca 3acb3bcb 
00018ba0: 3cc83dc8 3cc93dc9 3ec83fc8 3ec93fc9 
00018bb0: 3cca3dca 3ccb3dcb 3eca3fca 3ecb3fcb 
00018bc0: 38cc39cc 38cd39cd 3acc3bcc 3acd3bcd 
00018bd0: 38ce39ce 38cf39cf 3ace3bce 3acf3bcf 
00018be0: 3ccc3dcc 3ccd3dcd 3ecc3fcc 3ecd3fcd 
00018bf0: 3cce3dce 3ccf3dcf 3ece3fce 3ecf3fcf 
00018c00: 20d021d0 20d121d1 22d023d0 22d123d1 
00018c10: 20d221d2 20d321d3 22d223d2 22d323d3 
00018c20: 24d025d0 24d125d1 26d027d0 26d127d1 
00018c30: 24d225d2 24d325d3 26d227d2 26d327d3 
00018c40: 20d421d4 20d521d5 22d423d4 22d523d5 
00018c50: 20d621d6 20d721d7 22d623d6 22d723d7 
00018c60: 24d425d4 24d525d5 26d427d4 26d527d5 
00018c70: 24d625d6 24d725d7 26d627d6 26d727d7 
00018c80: 28d029d0 28d129d1 2ad02bd0 2ad12bd1 
00018c90: 28d229d2 28d329d3 2ad22bd2 2ad32bd3 
00018ca0: 2cd02dd0 2cd12dd1 2ed02fd0 2ed12fd1 
00018cb0: 2cd22dd2 2cd32dd3 2ed22fd2 2ed32fd3 
00018cc0: 28d429d4 28d529d5 2ad42bd4 2ad52bd5 
00018cd0: 28d629d6 28d729d7 2ad62bd6 2ad72bd7 
00018ce0: 2cd42dd4 2cd52dd5 2ed42fd4 2ed52fd5 
00018cf0: 2cd62dd6 2cd72dd7 2ed62fd6 2ed72fd7 
00018d00: 20d821d8 20d921d9 22d823d8 22d923d9 
00018d10: 20da21da 20db21db 22da23da 22db23db 
00018d20: 24d825d8 24d925d9 26d827d8 26d927d9 
00018d30: 24da25da 24db25db 26da27da 26db27db 
00018d40: 20dc21dc 20dd21dd 22dc23dc 22dd23dd 
00018d50: 20de21de 20df21df 22de23de 22df23df 
00018d60: 24dc25dc 24dd25dd 26dc27dc 26dd27dd 
00018d70: 24de25de 24df25df 26de27de 26df27df 
00018d80: 28d829d8 28d929d9 2ad82bd8 2ad92bd9 
00018d90: 28da29da 28db29db 2ada2bda 2adb2bdb 
00018da0: 2cd82dd8 2cd92dd9 2ed82fd8 2ed92fd9 
00018db0: 2cda2dda 2cdb2ddb 2eda2fda 2edb2fdb 
00018dc0: 28dc29dc 28dd29dd 2adc2bdc 2add2bdd 
00018dd0: 28de29de 28df29df 2ade2bde 2adf2bdf 
00018de0: 2cdc2ddc 2cdd2ddd 2edc2fdc 2edd2fdd 
00018df0: 2cde2dde 2cdf2ddf 2ede2fde 2edf2fdf 
00018e00: 30d031d0 30d131d1 32d033d0 32d133d1 
00018e10: 30d231d2 30d331d3 32d233d2 32d333d3 
00018e20: 34d035d0 34d135d1 36d037d0 36d137d1 
00018e30: 34d235d2 34d335d3 36d237d2 36d337d3 
00018e40: 30d431d4 30d531d5 32d433d4 32d533d5 
00018e50: 30d631d6 30d731d7 32d633d6 32d733d7 
00018e60: 34d435d4 34d535d5 36d437d4 36d537d5 
00018e70: 34d635d6 34d735d7 36d637d6 36d737d7 
00018e80: 38d039d0 38d139d1 3ad03bd0 3ad13bd1 
00018e90: 38d239d2 38d339d3 3ad23bd2 3ad33bd3 
00018ea0: 3cd03dd0 3cd13dd1 3ed03fd0 3ed13fd1 
00018eb0: 3cd23dd2 3cd33dd3 3ed23fd2 3ed33fd3 
00018ec0: 38d439d4 38d539d5 3ad43bd4 3ad53bd5 
00018ed0: 38d639d6 38d739d7 3ad63bd6 3ad73bd7 
00018ee0: 3cd43dd4 3cd53dd5 3ed43fd4 3ed53fd5 
00018ef0: 3cd63dd6 3cd73dd7 3ed63fd6 3ed73fd7 
00018f00: 30d831d8 30d931d9 32d833d8 32d933d9 
00018f10: 30da31da 30db31db 32da33da 32db33db 
00018f20: 34d835d8 34d935d9 36d837d8 36d937d9 
00018f30: 34da35da 34db35db 36da37da 36db37db 
00018f40: 30dc31dc 30dd31dd 32dc33dc 32dd33dd 
00018f50: 30de31de 30df31df 32de33de 32df33df 
00018f60: 34dc35dc 34dd35dd 36dc37dc 36dd37dd 
00018f70: 34de35de 34df35df 36de37de 36df37df 
00018f80: 38d839d8 38d939d9 3ad83bd8 3ad93bd9 
00018f90: 38da39da 38db39db 3ada3bda 3adb3bdb 
00018fa0: 3cd83dd8 3cd93dd9 3ed83fd8 3ed93fd9 
00018fb0: 3cda3dda 3cdb3ddb 3eda3fda 3edb3fdb 
00018fc0: 38dc39dc 38dd39dd 3adc3bdc 3add3bdd 
00018fd0: 38de39de 38df39df 3ade3bde 3adf3bdf 
00018fe0: 3cdc3ddc 3cdd3ddd 3edc3fdc 3edd3fdd 
00018ff0: 3cde3dde 3cdf3ddf 3ede3fde 3edf3fdf 
00019000: 00e001e0 00e101e1 02e003e0 02e103e1 
00019010: 00e201e2 00e301e3 02e203e2 02e303e3 
00019020: 04e005e0 04e105e1 06e007e0 06e107e1 
00019030: 04e205e2 04e305e3 06e207e2 06e307e3 
00019040: 00e401e4 00e501e5 02e403e4 02e503e5 
00019050: 00e601e6 00e701e7 02e603e6 02e703e7 
00019060: 04e405e4 04e505e5 06e407e4 06e507e5 
00019070: 04e605e6 04e705e7 06e607e6 06e707e7 
00019080: 08e009e0 08e109e1 0ae00be0 0ae10be1 
00019090: 08e209e2 08e309e3 0ae20be2 0ae30be3 
000190a0: 0ce00de0 0ce10de1 0ee00fe0 0ee10fe1 
000190b0: 0ce20de2 0ce30de3 0ee20fe2 0ee30fe3 
000190c0: 08e409e4 08e509e5 0ae40be4 0ae50be5 
000190d0: 08e609e6 08e709e7 0ae60be6 0ae70be7 
000190e0: 0ce40de4 0ce50de5 0ee40fe4 0ee50fe5 
000190f0: 0ce60de6 0ce70de7 0ee60fe6 0ee70fe7 
00019100: 00e801e8 00e901e9 02e803e8 02e903e9 
00019110: 00ea01ea 00eb01eb 02ea03ea 02eb03eb 
00019120: 04e805e8 04e905e9 06e807e8 06e907e9 
00019130: 04ea05ea 04eb05eb 06ea07ea 06eb07eb 
00019140: 00ec01ec 00ed01ed 02ec03ec 02ed03ed 
00019150: 00ee01ee 00ef01ef 02ee03ee 02ef03ef 
00019160: 04ec05ec 04ed05ed 06ec07ec 06ed07ed 
00019170: 04ee05ee 04ef05ef 06ee07ee 06ef07ef 
00019180: 08e809e8 08e909e9 0ae80be8 0ae90be9 
00019190: 08ea09ea 08eb09eb 0aea0bea 0aeb0beb 
000191a0: 0ce80de8 0ce90de9 0ee80fe8 0ee90fe9 
000191b0: 0cea0dea 0ceb0deb 0eea0fea 0eeb0feb 
000191c0: 08ec09ec 08ed09ed 0aec0bec 0aed0bed 
000191d0: 08ee09ee 08ef09ef 0aee0bee 0aef0bef 
000191e0: 0cec0dec 0ced0ded 0eec0fec 0eed0fed 
000191f0: 0cee0dee 0cef0def 0eee0fee 0eef0fef 
00019200: 10e011e0 10e111e1 12e013e0 12e113e1 
00019210: 10e211e2 10e311e3 12e213e2 12e313e3 
00019220: 14e015e0 14e115e1 16e017e0 16e117e1 
00019230: 14e215e2 14e315e3 16e217e2 16e317e3 
00019240: 10e411e4 10e511e5 12e413e4 12e513e5 
00019250: 10e611e6 10e711e7 12e613e6 12e713e7 
00019260: 14e415e4 14e515e5 16e417e4 16e517e5 
00019270: 14e615e6 14e715e7 16e617e6 16e717e7 
00019280: 18e019e0 18e119e1 1ae01be0 1ae11be1 
00019290: 18e219e2 18e319e3 1ae21be2 1ae31be3 
000192a0: 1ce01de0 1ce11de1 1ee01fe0 1ee11fe1 
000192b0: 1ce21de2 1ce31de3 1ee21fe2 1ee31fe3 
000192c0: 18e419e4 18e519e5 1ae41be4 1ae51be5 
000192d0: 18e619e6 18e719e7 1ae61be6 1ae71be7 
000192e0: 1ce41de4 1ce51de5 1ee41fe4 1ee51fe5 
000192f0: 1ce61de6 1ce71de7 1ee61fe6 1ee71fe7 
00019300: 10e811e8 10e911e9 12e813e8 12e913e9 
00019310: 10ea11ea 10eb11eb 12ea13ea 12eb13eb 
00019320: 14e815e8 14e915e9 16e817e8 16e917e9 
00019330: 14ea15ea 14eb15eb 16ea17ea 16eb17eb 
00019340: 10ec11ec 10ed11ed 12ec13ec 12ed13ed 
00019350: 10ee11ee 10ef11ef 12ee13ee 12ef13ef 
00019360: 14ec15ec 14ed15ed 16ec17ec 16ed17ed 
00019370: 14ee15ee 14ef15ef 16ee17ee 16ef17ef 
00019380: 18e819e8 18e919e9 1ae81be8 1ae91be9 
00019390: 18ea19ea 18eb19eb 1aea1bea 1aeb1beb 
000193a0: 1ce81de8 1ce91de9 1ee81fe8 1ee91fe9 
000193b0: 1cea1dea 1ceb1deb 1eea1fea 1eeb1feb 
000193c0: 18ec19ec 18ed19ed 1aec1bec 1aed1bed 
000193d0: 18ee19ee 18ef19ef 1aee1bee 1aef1bef 
000193e0: 1cec1dec 1ced1ded 1eec1fec 1eed1fed 
000193f0: 1cee1dee 1cef1def 1eee1fee 1eef1fef 
00019400: 00f001f0 00f101f1 02f003f0 02f103f1 
00019410: 00f201f2 00f301f3 02f203f2 02f303f3 
00019420: 04f005f0 04f105f1 06f007f0 06f107f1 
00019430: 04f205f2 04f305f3 06f207f2 06f307f3 
00019440: 00f401f4 00f501f5 02f403f4 02f503f5 
00019450: 00f601f6 00f701f7 02f603f6 02f703f7 
00019460: 04f405f4 04f505f5 06f407f4 06f507f5 
00019470: 04f605f6 04f705f7 06f607f6 06f707f7 
00019480: 08f009f0 08f109f1 0af00bf0 0af10bf1 
00019490: 08f209f2 08f309f3 0af20bf2 0af30bf3 
000194a0: 0cf00df0 0cf10df1 0ef00ff0 0ef10ff1 
000194b0: 0cf20df2 0cf30df3 0ef20ff2 0ef30ff3 
000194c0: 08f409f4 08f509f5 0af40bf4 0af50bf5 
000194d0: 08f609f6 08f709f7 0af60bf6 0af70bf7 
000194e0: 0cf40df4 0cf50df5 0ef40ff4 0ef50ff5 
000194f0: 0cf60df6 0cf70df7 0ef60ff6 0ef70ff7 
00019500: 00f801f8 00f901f9 02f803f8 02f903f9 
00019510: 00fa01fa 00fb01fb 02fa03fa 02fb03fb 
00019520: 04f805f8 04f905f9 06f807f8 06f907f9 
00019530: 04fa05fa 04fb05fb 06fa07fa 06fb07fb 
00019540: 00fc01fc 00fd01fd 02fc03fc 02fd03fd 
00019550: 00fe01fe 00ff01ff 02fe03fe 02ff03ff 
00019560: 04fc05fc 04fd05fd 06fc07fc 06fd07fd 
00019570: 04fe05fe 04ff05ff 06fe07fe 06ff07ff 
00019580: 08f809f8 08f909f9 0af80bf8 0af90bf9 
00019590: 08fa09fa 08fb09fb 0afa0bfa 0afb0bfb 
000195a0: 0cf80df8 0cf90df9 0ef80ff8 0ef90ff9 
000195b0: 0cfa0dfa 0cfb0dfb 0efa0ffa 0efb0ffb 
000195c0: 08fc09fc 08fd09fd 0afc0bfc 0afd0bfd 
000195d0: 08fe09fe 08ff09ff 0afe0bfe 0aff0bff 
000195e0: 0cfc0dfc 0cfd0dfd 0efc0ffc 0efd0ffd 
000195f0: 0cfe0dfe 0cff0dff 0efe0ffe 0eff0fff 
00019600: 10f011f0 10f111f1 12f013f0 12f113f1 
00019610: 10f211f2 10f311f3 12f213f2 12f313f3 
00019620: 14f015f0 14f115f1 16f017f0 16f117f1 
00019630: 14f215f2 14f315f3 16f217f2 16f317f3 
00019640: 10f411f4 10f511f5 12f413f4 12f513f5 
00019650: 10f611f6 10f711f7 12f613f6 12f713f7 
00019660: 14f415f4 14f515f5 16f417f4 16f517f5 
00019670: 14f615f6 14f715f7 16f617f6 16f717f7 
00019680: 18f019f0 18f119f1 1af01bf0 1af11bf1 
00019690: 18f219f2 18f319f3 1af21bf2 1af31bf3 
000196a0: 1cf01df0 1cf11df1 1ef01ff0 1ef11ff1 
000196b0: 1cf21df2 1cf31df3 1ef21ff2 1ef31ff3 
000196c0: 18f419f4 18f519f5 1af41bf4 1af51bf5 
000196d0: 18f619f6 18f719f7 1af61bf6 1af71bf7 
000196e0: 1cf41df4 1cf51df5 1ef41ff4 1ef51ff5 
000196f0: 1cf61df6 1cf71df7 1ef61ff6 1ef71ff7 
00019700: 10f811f8 10f911f9 12f813f8 12f913f9 
00019710: 10fa11fa 10fb11fb 12fa13fa 12fb13fb 
00019720: 14f815f8 14f915f9 16f817f8 16f917f9 
00019730: 14fa15fa 14fb15fb 16fa17fa 16fb17fb 
00019740: 10fc11fc 10fd11fd 12fc13fc 12fd13fd 
00019750: 10fe11fe 10ff11ff 12fe13fe 12ff13ff 
00019760: 14fc15fc 14fd15fd 16fc17fc 16fd17fd 
00019770: 14fe15fe 14ff15ff 16fe17fe 16ff17ff 
00019780: 18f819f8 18f919f9 1af81bf8 1af91bf9 
00019790: 18fa19fa 18fb19fb 1afa1bfa 1afb1bfb 
000197a0: 1cf81df8 1cf91df9 1ef81ff8 1ef91ff9 
000197b0: 1cfa1dfa 1cfb1dfb 1efa1ffa 1efb1ffb 
000197c0: 18fc19fc 18fd19fd 1afc1bfc 1afd1bfd 
000197d0: 18fe19fe 18ff19ff 1afe1bfe 1aff1bff 
000197e0: 1cfc1dfc 1cfd1dfd 1efc1ffc 1efd1ffd 
000197f0: 1cfe1dfe 1cff1dff 1efe1ffe 1eff1fff 
00019800: 20e021e0 20e121e1 22e023e0 22e123e1 
00019810: 20e221e2 20e321e3 22e223e2 22e323e3 
00019820: 24e025e0 24e125e1 26e027e0 26e127e1 
00019830: 24e225e2 24e325e3 26e227e2 26e327e3 
00019840: 20e421e4 20e521e5 22e423e4 22e523e5 
00019850: 20e621e6 20e721e7 22e623e6 22e723e7 
00019860: 24e425e4 24e525e5 26e427e4 26e527e5 
00019870: 24e625e6 24e725e7 26e627e6 26e727e7 
00019880: 28e029e0 28e129e1 2ae02be0 2ae12be1 
00019890: 28e229e2 28e329e3 2ae22be2 2ae32be3 
000198a0: 2ce02de0 2ce12de1 2ee02fe0 2ee12fe1 
000198b0: 2ce22de2 2ce32de3 2ee22fe2 2ee32fe3 
000198c0: 28e429e4 28e529e5 2ae42be4 2ae52be5 
000198d0: 28e629e6 28e729e7 2ae62be6 2ae72be7 
000198e0: 2ce42de4 2ce52de5 2ee42fe4 2ee52fe5 
000198f0: 2ce62de6 2ce72de7 2ee62fe6 2ee72fe7 
00019900: 20e821e8 20e921e9 22e823e8 22e923e9 
00019910: 20ea21ea 20eb21eb 22ea23ea 22eb23eb 
00019920: 24e825e8 24e925e9 26e827e8 26e927e9 
00019930: 24ea25ea 24eb25eb 26ea27ea 26eb27eb 
00019940: 20ec21ec 20ed21ed 22ec23ec 22ed23ed 
00019950: 20ee21ee 20ef21ef 22ee23ee 22ef23ef 
00019960: 24ec25ec 24ed25ed 26ec27ec 26ed27ed 
00019970: 24ee25ee 24ef25ef 26ee27ee 26ef27ef 
00019980: 28e829e8 28e929e9 2ae82be8 2ae92be9 
00019990: 28ea29ea 28eb29eb 2aea2bea 2aeb2beb 
000199a0: 2ce82de8 2ce92de9 2ee82fe8 2ee92fe9 
000199b0: 2cea2dea 2ceb2deb 2eea2fea 2eeb2feb 
000199c0: 28ec29ec 28ed29ed 2aec2bec 2aed2bed 
000199d0: 28ee29ee 28ef29ef 2aee2bee 2aef2bef 
000199e0: 2cec2dec 2ced2ded 2eec2fec 2eed2fed 
000199f0: 2cee2dee 2cef2def 2eee2fee 2eef2fef 
00019a00: 30e031e0 30e131e1 32e033e0 32e133e1 
00019a10: 30e231e2 30e331e3 32e233e2 32e333e3 
00019a20: 34e035e0 34e135e1 36e037e0 36e137e1 
00019a30: 34e235e2 34e335e3 36e237e2 36e337e3 
00019a40: 30e431e4 30e531e5 32e433e4 32e533e5 
00019a50: 30e631e6 30e731e7 32e633e6 32e733e7 
00019a60: 34e435e4 34e535e5 36e437e4 36e537e5 
00019a70: 34e635e6 34e735e7 36e637e6 36e737e7 
00019a80: 38e039e0 38e139e1 3ae03be0 3ae13be1 
00019a90: 38e239e2 38e339e3 3ae23be2 3ae33be3 
00019aa0: 3ce03de0 3ce13de1 3ee03fe0 3ee13fe1 
00019ab0: 3ce23de2 3ce33de3 3ee23fe2 3ee33fe3 
00019ac0: 38e439e4 38e539e5 3ae43be4 3ae53be5 
00019ad0: 38e639e6 38e739e7 3ae63be6 3ae73be7 
00019ae0: 3ce43de4 3ce53de5 3ee43fe4 3ee53fe5 
00019af0: 3ce63de6 3ce73de7 3ee63fe6 3ee73fe7 
00019b00: 30e831e8 30e931e9 32e833e8 32e933e9 
00019b10: 30ea31ea 30eb31eb 32ea33ea 32eb33eb 
00019b20: 34e835e8 34e935e9 36e837e8 36e937e9 
00019b30: 34ea35ea 34eb35eb 36ea37ea 36eb37eb 
00019b40: 30ec31ec 30ed31ed 32ec33ec 32ed33ed 
00019b50: 30ee31ee 30ef31ef 32ee33ee 32ef33ef 
00019b60: 34ec35ec 34ed35ed 36ec37ec 36ed37ed 
00019b70: 34ee35ee 34ef35ef 36ee37ee 36ef37ef 
00019b80: 38e839e8 38e939e9 3ae83be8 3ae93be9 
00019b90: 38ea39ea 38eb39eb 3aea3bea 3aeb3beb 
00019ba0: 3ce83de8 3ce93de9 3ee83fe8 3ee93fe9 
00019bb0: 3cea3dea 3ceb3deb 3eea3fea 3eeb3feb 
00019bc0: 38ec39ec 38ed39ed 3aec3bec 3aed3bed 
00019bd0: 38ee39ee 38ef39ef 3aee3bee 3aef3bef 
00019be0: 3cec3dec 3ced3ded 3eec3fec 3eed3fed 
00019bf0: 3cee3dee 3cef3def 3eee3fee 3eef3fef 
00019c00: 20f021f0 20f121f1 22f023f0 22f123f1 
00019c10: 20f221f2 20f321f3 22f223f2 22f323f3 
00019c20: 24f025f0 24f125f1 26f027f0 26f127f1 
00019c30: 24f225f2 24f325f3 26f227f2 26f327f3 
00019c40: 20f421f4 20f521f5 22f423f4 22f523f5 
00019c50: 20f621f6 20f721f7 22f623f6 22f723f7 
00019c60: 24f425f4 24f525f5 26f427f4 26f527f5 
00019c70: 24f625f6 24f725f7 26f627f6 26f727f7 
00019c80: 28f029f0 28f129f1 2af02bf0 2af12bf1 
00019c90: 28f229f2 28f329f3 2af22bf2 2af32bf3 
00019ca0: 2cf02df0 2cf12df1 2ef02ff0 2ef12ff1 
00019cb0: 2cf22df2 2cf32df3 2ef22ff2 2ef32ff3 
00019cc0: 28f429f4 28f529f5 2af42bf4 2af52bf5 
00019cd0: 28f629f6 28f729f7 2af62bf6 2af72bf7 
00019ce0: 2cf42df4 2cf52df5 2ef42ff4 2ef52ff5 
00019cf0: 2cf62df6 2cf72df7 2ef62ff6 2ef72ff7 
00019d00: 20f821f8 20f921f9 22f823f8 22f923f9 
00019d10: 20fa21fa 20fb21fb 22fa23fa 22fb23fb 
00019d20: 24f825f8 24f925f9 26f827f8 26f927f9 
00019d30: 24fa25fa 24fb25fb 26fa27fa 26fb27fb 
00019d40: 20fc21fc 20fd21fd 22fc23fc 22fd23fd 
00019d50: 20fe21fe 20ff21ff 22fe23fe 22ff23ff 
00019d60: 24fc25fc 24fd25fd 26fc27fc 26fd27fd 
00019d70: 24fe25fe 24ff25ff 26fe27fe 26ff27ff 
00019d80: 28f829f8 28f929f9 2af82bf8 2af92bf9 
00019d90: 28fa29fa 28fb29fb 2afa2bfa 2afb2bfb 
00019da0: 2cf82df8 2cf92df9 2ef82ff8 2ef92ff9 
00019db0: 2cfa2dfa 2cfb2dfb 2efa2ffa 2efb2ffb 
00019dc0: 28fc29fc 28fd29fd 2afc2bfc 2afd2bfd 
00019dd0: 28fe29fe 28ff29ff 2afe2bfe 2aff2bff 
00019de0: 2cfc2dfc 2cfd2dfd 2efc2ffc 2efd2ffd 
00019df0: 2cfe2dfe 2cff2dff 2efe2ffe 2eff2fff 
00019e00: 30f031f0 30f131f1 32f033f0 32f133f1 
00019e10: 30f231f2 30f331f3 32f233f2 32f333f3 
00019e20: 34f035f0 34f135f1 36f037f0 36f137f1 
00019e30: 34f235f2 34f335f3 36f237f2 36f337f3 
00019e40: 30f431f4 30f531f5 32f433f4 32f533f5 
00019e50: 30f631f6 30f731f7 32f633f6 32f733f7 
00019e60: 34f435f4 34f535f5 36f437f4 36f537f5 
00019e70: 34f635f6 34f735f7 36f637f6 36f737f7 
00019e80: 38f039f0 38f139f1 3af03bf0 3af13bf1 
00019e90: 38f239f2 38f339f3 3af23bf2 3af33bf3 
00019ea0: 3cf03df0 3cf13df1 3ef03ff0 3ef13ff1 
00019eb0: 3cf23df2 3cf33df3 3ef23ff2 3ef33ff3 
00019ec0: 38f439f4 38f539f5 3af43bf4 3af53bf5 
00019ed0: 38f639f6 38f739f7 3af63bf6 3af73bf7 
00019ee0: 3cf43df4 3cf53df5 3ef43ff4 3ef53ff5 
00019ef0: 3cf63df6 3cf73df7 3ef63ff6 3ef73ff7 
00019f00: 30f831f8 30f931f9 32f833f8 32f933f9 
00019f10: 30fa31fa 30fb31fb 32fa33fa 32fb33fb 
00019f20: 34f835f8 34f935f9 36f837f8 36f937f9 
00019f30: 34fa35fa 34fb35fb 36fa37fa 36fb37fb 
00019f40: 30fc31fc 30fd31fd 32fc33fc 32fd33fd 
00019f50: 30fe31fe 30ff31ff 32fe33fe 32ff33ff 
00019f60: 34fc35fc 34fd35fd 36fc37fc 36fd37fd 
00019f70: 34fe35fe 34ff35ff 36fe37fe 36ff37ff 
00019f80: 38f839f8 38f939f9 3af83bf8 3af93bf9 
00019f90: 38fa39fa 38fb39fb 3afa3bfa 3afb3bfb 
00019fa0: 3cf83df8 3cf93df9 3ef83ff8 3ef93ff9 
00019fb0: 3cfa3dfa 3cfb3dfb 3efa3ffa 3efb3ffb 
00019fc0: 38fc39fc 38fd39fd 3afc3bfc 3afd3bfd 
00019fd0: 38fe39fe 38ff39ff 3afe3bfe 3aff3bff 
00019fe0: 3cfc3dfc 3cfd3dfd 3efc3ffc 3efd3ffd 
00019ff0: 3cfe3dfe 3cff3dff 3efe3ffe 3eff3fff 
0001a000: 40c041c0 40c141c1 42c043c0 42c143c1 
0001a010: 40c241c2 40c341c3 42c243c2 42c343c3 
0001a020: 44c045c0 44c145c1 46c047c0 46c147c1 
0001a030: 44c245c2 44c345c3 46c247c2 46c347c3 
0001a040: 40c441c4 40c541c5 42c443c4 42c543c5 
0001a050: 40c641c6 40c741c7 42c643c6 42c743c7 
0001a060: 44c445c4 44c545c5 46c447c4 46c547c5 
0001a070: 44c645c6 44c745c7 46c647c6 46c747c7 
0001a080: 48c049c0 48c149c1 4ac04bc0 4ac14bc1 
0001a090: 48c249c2 48c349c3 4ac24bc2 4ac34bc3 
0001a0a0: 4cc04dc0 4cc14dc1 4ec04fc0 4ec14fc1 
0001a0b0: 4cc24dc2 4cc34dc3 4ec24fc2 4ec34fc3 
0001a0c0: 48c449c4 48c549c5 4ac44bc4 4ac54bc5 
0001a0d0: 48c649c6 48c749c7 4ac64bc6 4ac74bc7 
0001a0e0: 4cc44dc4 4cc54dc5 4ec44fc4 4ec54fc5 
0001a0f0: 4cc64dc6 4cc74dc7 4ec64fc6 4ec74fc7 
0001a100: 40c841c8 40c941c9 42c843c8 42c943c9 
0001a110: 40ca41ca 40cb41cb 42ca43ca 42cb43cb 
0001a120: 44c845c8 44c945c9 46c847c8 46c947c9 
0001a130: 44ca45ca 44cb45cb 46ca47ca 46cb47cb 
0001a140: 40cc41cc 40cd41cd 42cc43cc 42cd43cd 
0001a150: 40ce41ce 40cf41cf 42ce43ce 42cf43cf 
0001a160: 44cc45cc 44cd45cd 46cc47cc 46cd47cd 
0001a170: 44ce45ce 44cf45cf 46ce47ce 46cf47cf 
0001a180: 48c849c8 48c949c9 4ac84bc8 4ac94bc9 
0001a190: 48ca49ca 48cb49cb 4aca4bca 4acb4bcb 
0001a1a0: 4cc84dc8 4cc94dc9 4ec84fc8 4ec94fc9 
0001a1b0: 4cca4dca 4ccb4dcb 4eca4fca 4ecb4fcb 
0001a1c0: 48cc49cc 48cd49cd 4acc4bcc 4acd4bcd 
0001a1d0: 48ce49ce 48cf49cf 4ace4bce 4acf4bcf 
0001a1e0: 4ccc4dcc 4ccd4dcd 4ecc4fcc 4ecd4fcd 
0001a1f0: 4cce4dce 4ccf4dcf 4ece4fce 4ecf4fcf 
0001a200: 50c051c0 50c151c1 52c053c0 52c153c1 
0001a210: 50c251c2 50c351c3 52c253c2 52c353c3 
0001a220: 54c055c0 54c155c1 56c057c0 56c157c1 
0001a230: 54c255c2 54c355c3 56c257c2 56c357c3 
0001a240: 50c451c4 50c551c5 52c453c4 52c553c5 
0001a250: 50c651c6 50c751c7 52c653c6 52c753c7 
0001a260: 54c455c4 54c555c5 56c457c4 56c557c5 
0001a270: 54c655c6 54c755c7 56c657c6 56c757c7 
0001a280: 58c059c0 58c159c1 5ac05bc0 5ac15bc1 
0001a290: 58c259c2 58c359c3 5ac25bc2 5ac35bc3 
0001a2a0: 5cc05dc0 5cc15dc1 5ec05fc0 5ec15fc1 
0001a2b0: 5cc25dc2 5cc35dc3 5ec25fc2 5ec35fc3 
0001a2c0: 58c459c4 58c559c5 5ac45bc4 5ac55bc5 
0001a2d0: 58c659c6 58c759c7 5ac65bc6 5ac75bc7 
0001a2e0: 5cc45dc4 5cc55dc5 5ec45fc4 5ec55fc5 
0001a2f0: 5cc65dc6 5cc75dc7 5ec65fc6 5ec75fc7 
0001a300: 50c851c8 50c951c9 52c853c8 52c953c9 
0001a310: 50ca51ca 50cb51cb 52ca53ca 52cb53cb 
0001a320: 54c855c8 54c955c9 56c857c8 56c957c9 
0001a330: 54ca55ca 54cb55cb 56ca57ca 56cb57cb 
0001a340: 50cc51cc 50cd51cd 52cc53cc 52cd53cd 
0001a350: 50ce51ce 50cf51cf 52ce53ce 52cf53cf 
0001a360: 54cc55cc 54cd55cd 56cc57cc 56cd57cd 
0001a370: 54ce55ce 54cf55cf 56ce57ce 56cf57cf 
0001a380: 58c859c8 58c959c9 5ac85bc8 5ac95bc9 
0001a390: 58ca59ca 58cb59cb 5aca5bca 5acb5bcb 
0001a3a0: 5cc85dc8 5cc95dc9 5ec85fc8 5ec95fc9 
0001a3b0: 5cca5dca 5ccb5dcb 5eca5fca 5ecb5fcb 
0001a3c0: 58cc59cc 58cd59cd 5acc5bcc 5acd5bcd 
0001a3d0: 58ce59ce 58cf59cf 5ace5bce 5acf5bcf 
0001a3e0: 5ccc5dcc 5ccd5dcd 5ecc5fcc 5ecd5fcd 
0001a3f0: 5cce5dce 5ccf5dcf 5ece5fce 5ecf5fcf 
0001a400: 40d041d0 40d141d1 42d043d0 42d143d1 
0001a410: 40d241d2 40d341d3 42d243d2 42d343d3 
0001a420: 44d045d0 44d145d1 46d047d0 46d147d1 
0001a430: 44d245d2 44d345d3 46d247d2 46d347d3 
0001a440: 40d441d4 40d541d5 42d443d4 42d543d5 
0001a450: 40d641d6 40d741d7 42d643d6 42d743d7 
0001a460: 44d445d4 44d545d5 46d447d4 46d547d5 
0001a470: 44d645d6 44d745d7 46d647d6 46d747d7 
0001a480: 48d049d0 48d149d1 4ad04bd0 4ad14bd1 
0001a490: 48d249d2 48d349d3 4ad24bd2 4ad34bd3 
0001a4a0: 4cd04dd0 4cd14dd1 4ed04fd0 4ed14fd1 
0001a4b0: 4cd24dd2 4cd34dd3 4ed24fd2 4ed34fd3 
0001a4c0: 48d449d4 48d549d5 4ad44bd4 4ad54bd5 
0001a4d0: 48d649d6 48d749d7 4ad64bd6 4ad74bd7 
0001a4e0: 4cd44dd4 4cd54dd5 4ed44fd4 4ed54fd5 
0001a4f0: 4cd64dd6 4cd74dd7 4ed64fd6 4ed74fd7 
0001a500: 40d841d8 40d941d9 42d843d8 42d943d9 
0001a510: 40da41da 40db41db 42da43da 42db43db 
0001a520: 44d845d8 44d945d9 46d847d8 46d947d9 
0001a530: 44da45da 44db45db 46da47da 46db47db 
0001a540: 40dc41dc 40dd41dd 42dc43dc 42dd43dd 
0001a550: 40de41de 40df41df 42de43de 42df43df 
0001a560: 44dc45dc 44dd45dd 46dc47dc 46dd47dd 
0001a570: 44de45de 44df45df 46de47de 46df47df 
0001a580: 48d849d8 48d949d9 4ad84bd8 4ad94bd9 
0001a590: 48da49da 48db49db 4ada4bda 4adb4bdb 
0001a5a0: 4cd84dd8 4cd94dd9 4ed84fd8 4ed94fd9 
0001a5b0: 4cda4dda 4cdb4ddb 4eda4fda 4edb4fdb 
0001a5c0: 48dc49dc 48dd49dd 4adc4bdc 4add4bdd 
0001a5d0: 48de49de 48df49df 4ade4bde 4adf4bdf 
0001a5e0: 4cdc4ddc 4cdd4ddd 4edc4fdc 4edd4fdd 
0001a5f0: 4cde4dde 4cdf4ddf 4ede4fde 4edf4fdf 
0001a600: 50d051d0 50d151d1 52d053d0 52d153d1 
0001a610: 50d251d2 50d351d3 52d253d2 52d353d3 
0001a620: 54d055d0 54d155d1 56d057d0 56d157d1 
0001a630: 54d255d2 54d355d3 56d257d2 56d357d3 
0001a640: 50d451d4 50d551d5 52d453d4 52d553d5 
0001a650: 50d651d6 50d751d7 52d653d6 52d753d7 
0001a660: 54d455d4 54d555d5 56d457d4 56d557d5 
0001a670: 54d655d6 54d755d7 56d657d6 56d757d7 
0001a680: 58d059d0 58d159d1 5ad05bd0 5ad15bd1 
0001a690: 58d259d2 58d359d3 5ad25bd2 5ad35bd3 
0001a6a0: 5cd05dd0 5cd15dd1 5ed05fd0 5ed15fd1 
0001a6b0: 5cd25dd2 5cd35dd3 5ed25fd2 5ed35fd3 
0001a6c0: 58d459d4 58d559d5 5ad45bd4 5ad55bd5 
0001a6d0: 58d659d6 58d759d7 5ad65bd6 5ad75bd7 
0001a6e0: 5cd45dd4 5cd55dd5 5ed45fd4 5ed55fd5 
0001a6f0: 5cd65dd6 5cd75dd7 5ed65fd6 5ed75fd7 
0001a700: 50d851d8 50d951d9 52d853d8 52d953d9 
0001a710: 50da51da 50db51db 52da53da 52db53db 
0001a720: 54d855d8 54d955d9 56d857d8 56d957d9 
0001a730: 54da55da 54db55db 56da57da 56db57db 
0001a740: 50dc51dc 50dd51dd 52dc53dc 52dd53dd 
0001a750: 50de51de 50df51df 52de53de 52df53df 
0001a760: 54dc55dc 54dd55dd 56dc57dc 56dd57dd 
0001a770: 54de55de 54df55df 56de57de 56df57df 
0001a780: 58d859d8 58d959d9 5ad85bd8 5ad95bd9 
0001a790: 58da59da 58db59db 5ada5bda 5adb5bdb 
0001a7a0: 5cd85dd8 5cd95dd9 5ed85fd8 5ed95fd9 
0001a7b0: 5cda5dda 5cdb5ddb 5eda5fda 5edb5fdb 
0001a7c0: 58dc59dc 58dd59dd 5adc5bdc 5add5bdd 
0001a7d0: 58de59de 58df59df 5ade5bde 5adf5bdf 
0001a7e0: 5cdc5ddc 5cdd5ddd 5edc5fdc 5edd5fdd 
0001a7f0: 5cde5dde 5cdf5ddf 5ede5fde 5edf5fdf 
0001a800: 60c061c0 60c161c1 62c063c0 62c163c1 
0001a810: 60c261c2 60c361c3 62c263c2 62c363c3 
0001a820: 64c065c0 64c165c1 66c067c0 66c167c1 
0001a830: 64c265c2 64c365c3 66c267c2 66c367c3 
0001a840: 60c461c4 60c561c5 62c463c4 62c563c5 
0001a850: 60c661c6 60c761c7 62c663c6 62c763c7 
0001a860: 64c465c4 64c565c5 66c467c4 66c567c5 
0001a870: 64c665c6 64c765c7 66c667c6 66c767c7 
0001a880: 68c069c0 68c169c1 6ac06bc0 6ac16bc1 
0001a890: 68c269c2 68c369c3 6ac26bc2 6ac36bc3 
0001a8a0: 6cc06dc0 6cc16dc1 6ec06fc0 6ec16fc1 
0001a8b0: 6cc26dc2 6cc36dc3 6ec26fc2 6ec36fc3 
0001a8c0: 68c469c4 68c569c5 6ac46bc4 6ac56bc5 
0001a8d0: 68c669c6 68c769c7 6ac66bc6 6ac76bc7 
0001a8e0: 6cc46dc4 6cc56dc5 6ec46fc4 6ec56fc5 
0001a8f0: 6cc66dc6 6cc76dc7 6ec66fc6 6ec76fc7 
0001a900: 60c861c8 60c961c9 62c863c8 62c963c9 
0001a910: 60ca61ca 60cb61cb 62ca63ca 62cb63cb 
0001a920: 64c865c8 64c965c9 66c867c8 66c967c9 
0001a930: 64ca65ca 64cb65cb 66ca67ca 66cb67cb 
0001a940: 60cc61cc 60cd61cd 62cc63cc 62cd63cd 
0001a950: 60ce61ce 60cf61cf 62ce63ce 62cf63cf 
0001a960: 64cc65cc 64cd65cd 66cc67cc 66cd67cd 
0001a970: 64ce65ce 64cf65cf 66ce67ce 66cf67cf 
0001a980: 68c869c8 68c969c9 6ac86bc8 6ac96bc9 
0001a990: 68ca69ca 68cb69cb 6aca6bca 6acb6bcb 
0001a9a0: 6cc86dc8 6cc96dc9 6ec86fc8 6ec96fc9 
0001a9b0: 6cca6dca 6ccb6dcb 6eca6fca 6ecb6fcb 
0001a9c0: 68cc69cc 68cd69cd 6acc6bcc 6acd6bcd 
0001a9d0: 68ce69ce 68cf69cf 6ace6bce 6acf6bcf 
0001a9e0: 6ccc6dcc 6ccd6dcd 6ecc6fcc 6ecd6fcd 
0001a9f0: 6cce6dce 6ccf6dcf 6ece6fce 6ecf6fcf 
0001aa00: 70c071c0 70c171c1 72c073c0 72c173c1 
0001aa10: 70c271c2 70c371c3 72c273c2 72c373c3 
0001aa20: 74c075c0 74c175c1 76c077c0 76c177c1 
0001aa30: 74c275c2 74c375c3 76c277c2 76c377c3 
0001aa40: 70c471c4 70c571c5 72c473c4 72c573c5 
0001aa50: 70c671c6 70c771c7 72c673c6 72c773c7 
0001aa60: 74c475c4 74c575c5 76c477c4 76c577c5 
0001aa70: 74c675c6 74c775c7 76c677c6 76c777c7 
0001aa80: 78c079c0 78c179c1 7ac07bc0 7ac17bc1 
0001aa90: 78c279c2 78c379c3 7ac27bc2 7ac37bc3 
0001aaa0: 7cc07dc0 7cc17dc1 7ec07fc0 7ec17fc1 
0001aab0: 7cc27dc2 7cc37dc3 7ec27fc2 7ec37fc3 
0001aac0: 78c479c4 78c579c5 7ac47bc4 7ac57bc5 
0001aad0: 78c679c6 78c779c7 7ac67bc6 7ac77bc7 
0001aae0: 7cc47dc4 7cc57dc5 7ec47fc4 7ec57fc5 
0001aaf0: 7cc67dc6 7cc77dc7 7ec67fc6 7ec77fc7 
0001ab00: 70c871c8 70c971c9 72c873c8 72c973c9 
0001ab10: 70ca71ca 70cb71cb 72ca73ca 72cb73cb 
0001ab20: 74c875c8 74c975c9 76c877c8 76c977c9 
0001ab30: 74ca75ca 74cb75cb 76ca77ca 76cb77cb 
0001ab40: 70cc71cc 70cd71cd 72cc73cc 72cd73cd 
0001ab50: 70ce71ce 70cf71cf 72ce73ce 72cf73cf 
0001ab60: 74cc75cc 74cd75cd 76cc77cc 76cd77cd 
0001ab70: 74ce75ce 74cf75cf 76ce77ce 76cf77cf 
0001ab80: 78c879c8 78c979c9 7ac87bc8 7ac97bc9 
0001ab90: 78ca79ca 78cb79cb 7aca7bca 7acb7bcb 
0001aba0: 7cc87dc8 7cc97dc9 7ec87fc8 7ec97fc9 
0001abb0: 7cca7dca 7ccb7dcb 7eca7fca 7ecb7fcb 
0001abc0: 78cc79cc 78cd79cd 7acc7bcc 7acd7bcd 
0001abd0: 78ce79ce 78cf79cf 7ace7bce 7acf7bcf 
0001abe0: 7ccc7dcc 7ccd7dcd 7ecc7fcc 7ecd7fcd 
0001abf0: 7cce7dce 7ccf7dcf 7ece7fce 7ecf7fcf 
0001ac00: 60d061d0 60d161d1 62d063d0 62d163d1 
0001ac10: 60d261d2 60d361d3 62d263d2 62d363d3 
0001ac20: 64d065d0 64d165d1 66d067d0 66d167d1 
0001ac30: 64d265d2 64d365d3 66d267d2 66d367d3 
0001ac40: 60d461d4 60d561d5 62d463d4 62d563d5 
0001ac50: 60d661d6 60d761d7 62d663d6 62d763d7 
0001ac60: 64d465d4 64d565d5 66d467d4 66d567d5 
0001ac70: 64d665d6 64d765d7 66d667d6 66d767d7 
0001ac80: 68d069d0 68d169d1 6ad06bd0 6ad16bd1 
0001ac90: 68d269d2 68d369d3 6ad26bd2 6ad36bd3 
0001aca0: 6cd06dd0 6cd16dd1 6ed06fd0 6ed16fd1 
0001acb0: 6cd26dd2 6cd36dd3 6ed26fd2 6ed36fd3 
0001acc0: 68d469d4 68d569d5 6ad46bd4 6ad56bd5 
0001acd0: 68d669d6 68d769d7 6ad66bd6 6ad76bd7 
0001ace0: 6cd46dd4 6cd56dd5 6ed46fd4 6ed56fd5 
0001acf0: 6cd66dd6 6cd76dd7 6ed66fd6 6ed76fd7 
0001ad00: 60d861d8 60d961d9 62d863d8 62d963d9 
0001ad10: 60da61da 60db61db 62da63da 62db63db 
0001ad20: 64d865d8 64d965d9 66d867d8 66d967d9 
0001ad30: 64da65da 64db65db 66da67da 66db67db 
0001ad40: 60dc61dc 60dd61dd 62dc63dc 62dd63dd 
0001ad50: 60de61de 60df61df 62de63de 62df63df 
0001ad60: 64dc65dc 64dd65dd 66dc67dc 66dd67dd 
0001ad70: 64de65de 64df65df 66de67de 66df67df 
0001ad80: 68d869d8 68d969d9 6ad86bd8 6ad96bd9 
0001ad90: 68da69da 68db69db 6ada6bda 6adb6bdb 
0001ada0: 6cd86dd8 6cd96dd9 6ed86fd8 6ed96fd9 
0001adb0: 6cda6dda 6cdb6ddb 6eda6fda 6edb6fdb 
0001adc0: 68dc69dc 68dd69dd 6adc6bdc 6add6bdd 
0001add0: 68de69de 68df69df 6ade6bde 6adf6bdf 
0001ade0: 6cdc6ddc 6cdd6ddd 6edc6fdc 6edd6fdd 
0001adf0: 6cde6dde 6cdf6ddf 6ede6fde 6edf6fdf 
0001ae00: 70d071d0 70d171d1 72d073d0 72d173d1 
0001ae10: 70d271d2 70d371d3 72d273d2 72d373d3 
0001ae20: 74d075d0 74d175d1 76d077d0 76d177d1 
0001ae30: 74d275d2 74d375d3 76d277d2 76d377d3 
0001ae40: 70d471d4 70d571d5 72d473d4 72d573d5 
0001ae50: 70d671d6 70d771d7 72d673d6 72d773d7 
0001ae60: 74d475d4 74d575d5 76d477d4 76d577d5 
0001ae70: 74d675d6 74d775d7 76d677d6 76d777d7 
0001ae80: 78d079d0 78d179d1 7ad07bd0 7ad17bd1 
0001ae90: 78d279d2 78d379d3 7ad27bd2 7ad37bd3 
0001aea0: 7cd07dd0 7cd17dd1 7ed07fd0 7ed17fd1 
0001aeb0: 7cd27dd2 7cd37dd3 7ed27fd2 7ed37fd3 
0001aec0: 78d479d4 78d579d5 7ad47bd4 7ad57bd5 
0001aed0: 78d679d6 78d779d7 7ad67bd6 7ad77bd7 
0001aee0: 7cd47dd4 7cd57dd5 7ed47fd4 7ed57fd5 
0001aef0: 7cd67dd6 7cd77dd7 7ed67fd6 7ed77fd7 
0001af00: 70d871d8 70d971d9 72d873d8 72d973d9 
0001af10: 70da71da 70db71db 72da73da 72db73db 
0001af20: 74d875d8 74d975d9 76d877d8 76d977d9 
0001af30: 74da75da 74db75db 76da77da 76db77db 
0001af40: 70dc71dc 70dd71dd 72dc73dc 72dd73dd 
0001af50: 70de71de 70df71df 72de73de 72df73df 
0001af60: 74dc75dc 74dd75dd 76dc77dc 76dd77dd 
0001af70: 74de75de 74df75df 76de77de 76df77df 
0001af80: 78d879d8 78d979d9 7ad87bd8 7ad97bd9 
0001af90: 78da79da 78db79db 7ada7bda 7adb7bdb 
0001afa0: 7cd87dd8 7cd97dd9 7ed87fd8 7ed97fd9 
0001afb0: 7cda7dda 7cdb7ddb 7eda7fda 7edb7fdb 
0001afc0: 78dc79dc 78dd79dd 7adc7bdc 7add7bdd 
0001afd0: 78de79de 78df79df 7ade7bde 7adf7bdf 
0001afe0: 7cdc7ddc 7cdd7ddd 7edc7fdc 7edd7fdd 
0001aff0: 7cde7dde 7cdf7ddf 7ede7fde 7edf7fdf 
0001b000: 40e041e0 40e141e1 42e043e0 42e143e1 
0001b010: 40e241e2 40e341e3 42e243e2 42e343e3 
0001b020: 44e045e0 44e145e1 46e047e0 46e147e1 
0001b030: 44e245e2 44e345e3 46e247e2 46e347e3 
0001b040: 40e441e4 40e541e5 42e443e4 42e543e5 
0001b050: 40e641e6 40e741e7 42e643e6 42e743e7 
0001b060: 44e445e4 44e545e5 46e447e4 46e547e5 
0001b070: 44e645e6 44e745e7 46e647e6 46e747e7 
0001b080: 48e049e0 48e149e1 4ae04be0 4ae14be1 
0001b090: 48e249e2 48e349e3 4ae24be2 4ae34be3 
0001b0a0: 4ce04de0 4ce14de1 4ee04fe0 4ee14fe1 
0001b0b0: 4ce24de2 4ce34de3 4ee24fe2 4ee34fe3 
0001b0c0: 48e449e4 48e549e5 4ae44be4 4ae54be5 
0001b0d0: 48e649e6 48e749e7 4ae64be6 4ae74be7 
0001b0e0: 4ce44de4 4ce54de5 4ee44fe4 4ee54fe5 
0001b0f0: 4ce64de6 4ce74de7 4ee64fe6 4ee74fe7 
0001b100: 40e841e8 40e941e9 42e843e8 42e943e9 
0001b110: 40ea41ea 40eb41eb 42ea43ea 42eb43eb 
0001b120: 44e845e8 44e945e9 46e847e8 46e947e9 
0001b130: 44ea45ea 44eb45eb 46ea47ea 46eb47eb 
0001b140: 40ec41ec 40ed41ed 42ec43ec 42ed43ed 
0001b150: 40ee41ee 40ef41ef 42ee43ee 42ef43ef 
0001b160: 44ec45ec 44ed45ed 46ec47ec 46ed47ed 
0001b170: 44ee45ee 44ef45ef 46ee47ee 46ef47ef 
0001b180: 48e849e8 48e949e9 4ae84be8 4ae94be9 
0001b190: 48ea49ea 48eb49eb 4aea4bea 4aeb4beb 
0001b1a0: 4ce84de8 4ce94de9 4ee84fe8 4ee94fe9 
0001b1b0: 4cea4dea 4ceb4deb 4eea4fea 4eeb4feb 
0001b1c0: 48ec49ec 48ed49ed 4aec4bec 4aed4bed 
0001b1d0: 48ee49ee 48ef49ef 4aee4bee 4aef4bef 
0001b1e0: 4cec4dec 4ced4ded 4eec4fec 4eed4fed 
0001b1f0: 4cee4dee 4cef4def 4eee4fee 4eef4fef 
0001b200: 50e051e0 50e151e1 52e053e0 52e153e1 
0001b210: 50e251e2 50e351e3 52e253e2 52e353e3 
0001b220: 54e055e0 54e155e1 56e057e0 56e157e1 
0001b230: 54e255e2 54e355e3 56e257e2 56e357e3 
0001b240: 50e451e4 50e551e5 52e453e4 52e553e5 
0001b250: 50e651e6 50e751e7 52e653e6 52e753e7 
0001b260: 54e455e4 54e555e5 56e457e4 56e557e5 
0001b270: 54e655e6 54e755e7 56e657e6 56e757e7 
0001b280: 58e059e0 58e159e1 5ae05be0 5ae15be1 
0001b290: 58e259e2 58e359e3 5ae25be2 5ae35be3 
0001b2a0: 5ce05de0 5ce15de1 5ee05fe0 5ee15fe1 
0001b2b0: 5ce25de2 5ce35de3 5ee25fe2 5ee35fe3 
0001b2c0: 58e459e4 58e559e5 5ae45be4 5ae55be5 
0001b2d0: 58e659e6 58e759e7 5ae65be6 5ae75be7 
0001b2e0: 5ce45de4 5ce55de5 5ee45fe4 5ee55fe5 
0001b2f0: 5ce65de6 5ce75de7 5ee65fe6 5ee75fe7 
0001b300: 50e851e8 50e951e9 52e853e8 52e953e9 
0001b310: 50ea51ea 50eb51eb 52ea53ea 52eb53eb 
0001b320: 54e855e8 54e955e9 56e857e8 56e957e9 
0001b330: 54ea55ea 54eb55eb 56ea57ea 56eb57eb 
0001b340: 50ec51ec 50ed51ed 52ec53ec 52ed53ed 
0001b350: 50ee51ee 50ef51ef 52ee53ee 52ef53ef 
0001b360: 54ec55ec 54ed55ed 56ec57ec 56ed57ed 
0001b370: 54ee55ee 54ef55ef 56ee57ee 56ef57ef 
0001b380: 58e859e8 58e959e9 5ae85be8 5ae95be9 
0001b390: 58ea59ea 58eb59eb 5aea5bea 5aeb5beb 
0001b3a0: 5ce85de8 5ce95de9 5ee85fe8 5ee95fe9 
0001b3b0: 5cea5dea 5ceb5deb 5eea5fea 5eeb5feb 
0001b3c0: 58ec59ec 58ed59ed 5aec5bec 5aed5bed 
0001b3d0: 58ee59ee 58ef59ef 5aee5bee 5aef5bef 
0001b3e0: 5cec5dec 5ced5ded 5eec5fec 5eed5fed 
0001b3f0: 5cee5dee 5cef5def 5eee5fee 5eef5fef 
0001b400: 40f041f0 40f141f1 42f043f0 42f143f1 
0001b410: 40f241f2 40f341f3 42f243f2 42f343f3 
0001b420: 44f045f0 44f145f1 46f047f0 46f147f1 
0001b430: 44f245f2 44f345f3 46f247f2 46f347f3 
0001b440: 40f441f4 40f541f5 42f443f4 42f543f5 
0001b450: 40f641f6 40f741f7 42f643f6 42f743f7 
0001b460: 44f445f4 44f545f5 46f447f4 46f547f5 
0001b470: 44f645f6 44f745f7 46f647f6 46f747f7 
0001b480: 48f049f0 48f149f1 4af04bf0 4af14bf1 
0001b490: 48f249f2 48f349f3 4af24bf2 4af34bf3 
0001b4a0: 4cf04df0 4cf14df1 4ef04ff0 4ef14ff1 
0001b4b0: 4cf24df2 4cf34df3 4ef24ff2 4ef34ff3 
0001b4c0: 48f449f4 48f549f5 4af44bf4 4af54bf5 
0001b4d0: 48f649f6 48f749f7 4af64bf6 4af74bf7 
0001b4e0: 4cf44df4 4cf54df5 4ef44ff4 4ef54ff5 
0001b4f0: 4cf64df6 4cf74df7 4ef64ff6 4ef74ff7 
0001b500: 40f841f8 40f941f9 42f843f8 42f943f9 
0001b510: 40fa41fa 40fb41fb 42fa43fa 42fb43fb 
0001b520: 44f845f8 44f945f9 46f847f8 46f947f9 
0001b530: 44fa45fa 44fb45fb 46fa47fa 46fb47fb 
0001b540: 40fc41fc 40fd41fd 42fc43fc 42fd43fd 
0001b550: 40fe41fe 40ff41ff 42fe43fe 42ff43ff 
0001b560: 44fc45fc 44fd45fd 46fc47fc 46fd47fd 
0001b570: 44fe45fe 44ff45ff 46fe47fe 46ff47ff 
0001b580: 48f849f8 48f949f9 4af84bf8 4af94bf9 
0001b590: 48fa49fa 48fb49fb 4afa4bfa 4afb4bfb 
0001b5a0: 4cf84df8 4cf94df9 4ef84ff8 4ef94ff9 
0001b5b0: 4cfa4dfa 4cfb4dfb 4efa4ffa 4efb4ffb 
0001b5c0: 48fc49fc 48fd49fd 4afc4bfc 4afd4bfd 
0001b5d0: 48fe49fe 48ff49ff 4afe4bfe 4aff4bff 
0001b5e0: 4cfc4dfc 4cfd4dfd 4efc4ffc 4efd4ffd 
0001b5f0: 4cfe4dfe 4cff4dff 4efe4ffe 4eff4fff 
0001b600: 50f051f0 50f151f1 52f053f0 52f153f1 
0001b610: 50f251f2 50f351f3 52f253f2 52f353f3 
0001b620: 54f055f0 54f155f1 56f057f0 56f157f1 
0001b630: 54f255f2 54f355f3 56f257f2 56f357f3 
0001b640: 50f451f4 50f551f5 52f453f4 52f553f5 
0001b650: 50f651f6 50f751f7 52f653f6 52f753f7 
0001b660: 54f455f4 54f555f5 56f457f4 56f557f5 
0001b670: 54f655f6 54f755f7 56f657f6 56f757f7 
0001b680: 58f059f0 58f159f1 5af05bf0 5af15bf1 
0001b690: 58f259f2 58f359f3 5af25bf2 5af35bf3 
0001b6a0: 5cf05df0 5cf15df1 5ef05ff0 5ef15ff1 
0001b6b0: 5cf25df2 5cf35df3 5ef25ff2 5ef35ff3 
0001b6c0: 58f459f4 58f559f5 5af45bf4 5af55bf5 
0001b6d0: 58f659f6 58f759f7 5af65bf6 5af75bf7 
0001b6e0: 5cf45df4 5cf55df5 5ef45ff4 5ef55ff5 
0001b6f0: 5cf65df6 5cf75df7 5ef65ff6 5ef75ff7 
0001b700: 50f851f8 50f951f9 52f853f8 52f953f9 
0001b710: 50fa51fa 50fb51fb 52fa53fa 52fb53fb 
0001b720: 54f855f8 54f955f9 56f857f8 56f957f9 
0001b730: 54fa55fa 54fb55fb 56fa57fa 56fb57fb 
0001b740: 50fc51fc 50fd51fd 52fc53fc 52fd53fd 
0001b750: 50fe51fe 50ff51ff 52fe53fe 52ff53ff 
0001b760: 54fc55fc 54fd55fd 56fc57fc 56fd57fd 
0001b770: 54fe55fe 54ff55ff 56fe57fe 56ff57ff 
0001b780: 58f859f8 58f959f9 5af85bf8 5af95bf9 
0001b790: 58fa59fa 58fb59fb 5afa5bfa 5afb5bfb 
0001b7a0: 5cf85df8 5cf95df9 5ef85ff8 5ef95ff9 
0001b7b0: 5cfa5dfa 5cfb5dfb 5efa5ffa 5efb5ffb 
0001b7c0: 58fc59fc 58fd59fd 5afc5bfc 5afd5bfd 
0001b7d0: 58fe59fe 58ff59ff 5afe5bfe 5aff5bff 
0001b7e0: 5cfc5dfc 5cfd5dfd 5efc5ffc 5efd5ffd 
0001b7f0: 5cfe5dfe 5cff5dff 5efe5ffe 5eff5fff 
0001b800: 60e061e0 60e161e1 62e063e0 62e163e1 
0001b810: 60e261e2 60e361e3 62e263e2 62e363e3 
0001b820: 64e065e0 64e165e1 66e067e0 66e167e1 
0001b830: 64e265e2 64e365e3 66e267e2 66e367e3 
0001b840: 60e461e4 60e561e5 62e463e4 62e563e5 
0001b850: 60e661e6 60e761e7 62e663e6 62e763e7 
0001b860: 64e465e4 64e565e5 66e467e4 66e567e5 
0001b870: 64e665e6 64e765e7 66e667e6 66e767e7 
0001b880: 68e069e0 68e169e1 6ae06be0 6ae16be1 
0001b890: 68e269e2 68e369e3 6ae26be2 6ae36be3 
0001b8a0: 6ce06de0 6ce16de1 6ee06fe0 6ee16fe1 
0001b8b0: 6ce26de2 6ce36de3 6ee26fe2 6ee36fe3 
0001b8c0: 68e469e4 68e569e5 6ae46be4 6ae56be5 
0001b8d0: 68e669e6 68e769e7 6ae66be6 6ae76be7 
0001b8e0: 6ce46de4 6ce56de5 6ee46fe4 6ee56fe5 
0001b8f0: 6ce66de6 6ce76de7 6ee66fe6 6ee76fe7 
0001b900: 60e861e8 60e961e9 62e863e8 62e963e9 
0001b910: 60ea61ea 60eb61eb 62ea63ea 62eb63eb 
0001b920: 64e865e8 64e965e9 66e867e8 66e967e9 
0001b930: 64ea65ea 64eb65eb 66ea67ea 66eb67eb 
0001b940: 60ec61ec 60ed61ed 62ec63ec 62ed63ed 
0001b950: 60ee61ee 60ef61ef 62ee63ee 62ef63ef 
0001b960: 64ec65ec 64ed65ed 66ec67ec 66ed67ed 
0001b970: 64ee65ee 64ef65ef 66ee67ee 66ef67ef 
0001b980: 68e869e8 68e969e9 6ae86be8 6ae96be9 
0001b990: 68ea69ea 68eb69eb 6aea6bea 6aeb6beb 
0001b9a0: 6ce86de8 6ce96de9 6ee86fe8 6ee96fe9 
0001b9b0: 6cea6dea 6ceb6deb 6eea6fea 6eeb6feb 
0001b9c0: 68ec69ec 68ed69ed 6aec6bec 6aed6bed 
0001b9d0: 68ee69ee 68ef69ef 6aee6bee 6aef6bef 
0001b9e0: 6cec6dec 6ced6ded 6eec6fec 6eed6fed 
0001b9f0: 6cee6dee 6cef6def 6eee6fee 6eef6fef 
0001ba00: 70e071e0 70e171e1 72e073e0 72e173e1 
0001ba10: 70e271e2 70e371e3 72e273e2 72e373e3 
0001ba20: 74e075e0 74e175e1 76e077e0 76e177e1 
0001ba30: 74e275e2 74e375e3 76e277e2 76e377e3 
0001ba40: 70e471e4 70e571e5 72e473e4 72e573e5 
0001ba50: 70e671e6 70e771e7 72e673e6 72e773e7 
0001ba60: 74e475e4 74e575e5 76e477e4 76e577e5 
0001ba70: 74e675e6 74e775e7 76e677e6 76e777e7 
0001ba80: 78e079e0 78e179e1 7ae07be0 7ae17be1 
0001ba90: 78e279e2 78e379e3 7ae27be2 7ae37be3 
0001baa0: 7ce07de0 7ce17de1 7ee07fe0 7ee17fe1 
0001bab0: 7ce27de2 7ce37de3 7ee27fe2 7ee37fe3 
0001bac0: 78e479e4 78e579e5 7ae47be4 7ae57be5 
0001bad0: 78e679e6 78e779e7 7ae67be6 7ae77be7 
0001bae0: 7ce47de4 7ce57de5 7ee47fe4 7ee57fe5 
0001baf0: 7ce67de6 7ce77de7 7ee67fe6 7ee77fe7 
0001bb00: 70e871e8 70e971e9 72e873e8 72e973e9 
0001bb10: 70ea71ea 70eb71eb 72ea73ea 72eb73eb 
0001bb20: 74e875e8 74e975e9 76e877e8 76e977e9 
0001bb30: 74ea75ea 74eb75eb 76ea77ea 76eb77eb 
0001bb40: 70ec71ec 70ed71ed 72ec73ec 72ed73ed 
0001bb50: 70ee71ee 70ef71ef 72ee73ee 72ef73ef 
0001bb60: 74ec75ec 74ed75ed 76ec77ec 76ed77ed 
0001bb70: 74ee75ee 74ef75ef 76ee77ee 76ef77ef 
0001bb80: 78e879e8 78e979e9 7ae87be8 7ae97be9 
0001bb90: 78ea79ea 78eb79eb 7aea7bea 7aeb7beb 
0001bba0: 7ce87de8 7ce97de9 7ee87fe8 7ee97fe9 
0001bbb0: 7cea7dea 7ceb7deb 7eea7fea 7eeb7feb 
0001bbc0: 78ec79ec 78ed79ed 7aec7bec 7aed7bed 
0001bbd0: 78ee79ee 78ef79ef 7aee7bee 7aef7bef 
0001bbe0: 7cec7dec 7ced7ded 7eec7fec 7eed7fed 
0001bbf0: 7cee7dee 7cef7def 7eee7fee 7eef7fef 
0001bc00: 60f061f0 60f161f1 62f063f0 62f163f1 
0001bc10: 60f261f2 60f361f3 62f263f2 62f363f3 
0001bc20: 64f065f0 64f165f1 66f067f0 66f167f1 
0001bc30: 64f265f2 64f365f3 66f267f2 66f367f3 
0001bc40: 60f461f4 60f561f5 62f463f4 62f563f5 
0001bc50: 60f661f6 60f761f7 62f663f6 62f763f7 
0001bc60: 64f465f4 64f565f5 66f467f4 66f567f5 
0001bc70: 64f665f6 64f765f7 66f667f6 66f767f7 
0001bc80: 68f069f0 68f169f1 6af06bf0 6af16bf1 
0001bc90: 68f269f2 68f369f3 6af26bf2 6af36bf3 
0001bca0: 6cf06df0 6cf16df1 6ef06ff0 6ef16ff1 
0001bcb0: 6cf26df2 6cf36df3 6ef26ff2 6ef36ff3 
0001bcc0: 68f469f4 68f569f5 6af46bf4 6af56bf5 
0001bcd0: 68f669f6 68f769f7 6af66bf6 6af76bf7 
0001bce0: 6cf46df4 6cf56df5 6ef46ff4 6ef56ff5 
0001bcf0: 6cf66df6 6cf76df7 6ef66ff6 6ef76ff7 
0001bd00: 60f861f8 60f961f9 62f863f8 62f963f9 
0001bd10: 60fa61fa 60fb61fb 62fa63fa 62fb63fb 
0001bd20: 64f865f8 64f965f9 66f867f8 66f967f9 
0001bd30: 64fa65fa 64fb65fb 66fa67fa 66fb67fb 
0001bd40: 60fc61fc 60fd61fd 62fc63fc 62fd63fd 
0001bd50: 60fe61fe 60ff61ff 62fe63fe 62ff63ff 
0001bd60: 64fc65fc 64fd65fd 66fc67fc 66fd67fd 
0001bd70: 64fe65fe 64ff65ff 66fe67fe 66ff67ff 
0001bd80: 68f869f8 68f969f9 6af86bf8 6af96bf9 
0001bd90: 68fa69fa 68fb69fb 6afa6bfa 6afb6bfb 
0001bda0: 6cf86df8 6cf96df9 6ef86ff8 6ef96ff9 
0001bdb0: 6cfa6dfa 6cfb6dfb 6efa6ffa 6efb6ffb 
0001bdc0: 68fc69fc 68fd69fd 6afc6bfc 6afd6bfd 
0001bdd0: 68fe69fe 68ff69ff 6afe6bfe 6aff6bff 
0001bde0: 6cfc6dfc 6cfd6dfd 6efc6ffc 6efd6ffd 
0001bdf0: 6cfe6dfe 6cff6dff 6efe6ffe 6eff6fff 
0001be00: 70f071f0 70f171f1 72f073f0 72f173f1 
0001be10: 70f271f2 70f371f3 72f273f2 72f373f3 
0001be20: 74f075f0 74f175f1 76f077f0 76f177f1 
0001be30: 74f275f2 74f375f3 76f277f2 76f377f3 
0001be40: 70f471f4 70f571f5 72f473f4 72f573f5 
0001be50: 70f671f6 70f771f7 72f673f6 72f773f7 
0001be60: 74f475f4 74f575f5 76f477f4 76f577f5 
0001be70: 74f675f6 74f775f7 76f677f6 76f777f7 
0001be80: 78f079f0 78f179f1 7af07bf0 7af17bf1 
0001be90: 78f279f2 78f379f3 7af27bf2 7af37bf3 
0001bea0: 7cf07df0 7cf17df1 7ef07ff0 7ef17ff1 
0001beb0: 7cf27df2 7cf37df3 7ef27ff2 7ef37ff3 
0001bec0: 78f479f4 78f579f5 7af47bf4 7af57bf5 
0001bed0: 78f679f6 78f779f7 7af67bf6 7af77bf7 
0001bee0: 7cf47df4 7cf57df5 7ef47ff4 7ef57ff5 
0001bef0: 7cf67df6 7cf77df7 7ef67ff6 7ef77ff7 
0001bf00: 70f871f8 70f971f9 72f873f8 72f973f9 
0001bf10: 70fa71fa 70fb71fb 72fa73fa 72fb73fb 
0001bf20: 74f875f8 74f975f9 76f877f8 76f977f9 
0001bf30: 74fa75fa 74fb75fb 76fa77fa 76fb77fb 
0001bf40: 70fc71fc 70fd71fd 72fc73fc 72fd73fd 
0001bf50: 70fe71fe 70ff71ff 72fe73fe 72ff73ff 
0001bf60: 74fc75fc 74fd75fd 76fc77fc 76fd77fd 
0001bf70: 74fe75fe 74ff75ff 76fe77fe 76ff77ff 
0001bf80: 78f879f8 78f979f9 7af87bf8 7af97bf9 
0001bf90: 78fa79fa 78fb79fb 7afa7bfa 7afb7bfb 
0001bfa0: 7cf87df8 7cf97df9 7ef87ff8 7ef97ff9 
0001bfb0: 7cfa7dfa 7cfb7dfb 7efa7ffa 7efb7ffb 
0001bfc0: 78fc79fc 78fd79fd 7afc7bfc 7afd7bfd 
0001bfd0: 78fe79fe 78ff79ff 7afe7bfe 7aff7bff 
0001bfe0: 7cfc7dfc 7cfd7dfd 7efc7ffc 7efd7ffd 
0001bff0: 7cfe7dfe 7cff7dff 7efe7ffe 7eff7fff 
0001c000: 80c081c0 80c181c1 82c083c0 82c183c1 
0001c010: 80c281c2 80c381c3 82c283c2 82c383c3 
0001c020: 84c085c0 84c185c1 86c087c0 86c187c1 
0001c030: 84c285c2 84c385c3 86c287c2 86c387c3 
0001c040: 80c481c4 80c581c5 82c483c4 82c583c5 
0001c050: 80c681c6 80c781c7 82c683c6 82c783c7 
0001c060: 84c485c4 84c585c5 86c487c4 86c587c5 
0001c070: 84c685c6 84c785c7 86c687c6 86c787c7 
0001c080: 88c089c0 88c189c1 8ac08bc0 8ac18bc1 
0001c090: 88c289c2 88c389c3 8ac28bc2 8ac38bc3 
0001c0a0: 8cc08dc0 8cc18dc1 8ec08fc0 8ec18fc1 
0001c0b0: 8cc28dc2 8cc38dc3 8ec28fc2 8ec38fc3 
0001c0c0: 88c489c4 88c589c5 8ac48bc4 8ac58bc5 
0001c0d0: 88c689c6 88c789c7 8ac68bc6 8ac78bc7 
0001c0e0: 8cc48dc4 8cc58dc5 8ec48fc4 8ec58fc5 
0001c0f0: 8cc68dc6 8cc78dc7 8ec68fc6 8ec78fc7 
0001c100: 80c881c8 80c981c9 82c883c8 82c983c9 
0001c110: 80ca81ca 80cb81cb 82ca83ca 82cb83cb 
0001c120: 84c885c8 84c985c9 86c887c8 86c987c9 
0001c130: 84ca85ca 84cb85cb 86ca87ca 86cb87cb 
0001c140: 80cc81cc 80cd81cd 82cc83cc 82cd83cd 
0001c150: 80ce81ce 80cf81cf 82ce83ce 82cf83cf 
0001c160: 84cc85cc 84cd85cd 86cc87cc 86cd87cd 
0001c170: 84ce85ce 84cf85cf 86ce87ce 86cf87cf 
0001c180: 88c889c8 88c989c9 8ac88bc8 8ac98bc9 
0001c190: 88ca89ca 88cb89cb 8aca8bca 8acb8bcb 
0001c1a0: 8cc88dc8 8cc98dc9 8ec88fc8 8ec98fc9 
0001c1b0: 8cca8dca 8ccb8dcb 8eca8fca 8ecb8fcb 
0001c1c0: 88cc89cc 88cd89cd 8acc8bcc 8acd8bcd 
0001c1d0: 88ce89ce 88cf89cf 8ace8bce 8acf8bcf 
0001c1e0: 8ccc8dcc 8ccd8dcd 8ecc8fcc 8ecd8fcd 
0001c1f0: 8cce8dce 8ccf8dcf 8ece8fce 8ecf8fcf 
0001c200: 90c091c0 90c191c1 92c093c0 92c193c1 
0001c210: 90c291c2 90c391c3 92c293c2 92c393c3 
0001c220: 94c095c0 94c195c1 96c097c0 96c197c1 
0001c230: 94c295c2 94c395c3 96c297c2 96c397c3 
0001c240: 90c491c4 90c591c5 92c493c4 92c593c5 
0001c250: 90c691c6 90c791c7 92c693c6 92c793c7 
0001c260: 94c495c4 94c595c5 96c497c4 96c597c5 
0001c270: 94c695c6 94c795c7 96c697c6 96c797c7 
0001c280: 98c099c0 98c199c1 9ac09bc0 9ac19bc1 
0001c290: 98c299c2 98c399c3 9ac29bc2 9ac39bc3 
0001c2a0: 9cc09dc0 9cc19dc1 9ec09fc0 9ec19fc1 
0001c2b0: 9cc29dc2 9cc39dc3 9ec29fc2 9ec39fc3 
0001c2c0: 98c499c4 98c599c5 9ac49bc4 9ac59bc5 
0001c2d0: 98c699c6 98c799c7 9ac69bc6 9ac79bc7 
0001c2e0: 9cc49dc4 9cc59dc5 9ec49fc4 9ec59fc5 
0001c2f0: 9cc69dc6 9cc79dc7 9ec69fc6 9ec79fc7 
0001c300: 90c891c8 90c991c9 92c893c8 92c993c9 
0001c310: 90ca91ca 90cb91cb 92ca93ca 92cb93cb 
0001c320: 94c895c8 94c995c9 96c897c8 96c997c9 
0001c330: 94ca95ca 94cb95cb 96ca97ca 96cb97cb 
0001c340: 90cc91cc 90cd91cd 92cc93cc 92cd93cd 
0001c350: 90ce91ce 90cf91cf 92ce93ce 92cf93cf 
0001c360: 94cc95cc 94cd95cd 96cc97cc 96cd97cd 
0001c370: 94ce95ce 94cf95cf 96ce97ce 96cf97cf 
0001c380: 98c899c8 98c999c9 9ac89bc8 9ac99bc9 
0001c390: 98ca99ca 98cb99cb 9aca9bca 9acb9bcb 
0001c3a0: 9cc89dc8 9cc99dc9 9ec89fc8 9ec99fc9 
0001c3b0: 9cca9dca 9ccb9dcb 9eca9fca 9ecb9fcb 
0001c3c0: 98cc99cc 98cd99cd 9acc9bcc 9acd9bcd 
0001c3d0: 98ce99ce 98cf99cf 9ace9bce 9acf9bcf 
0001c3e0: 9ccc9dcc 9ccd9dcd 9ecc9fcc 9ecd9fcd 
0001c3f0: 9cce9dce 9ccf9dcf 9ece9fce 9ecf9fcf 
0001c400: 80d081d0 80d181d1 82d083d0 82d183d1 
0001c410: 80d281d2 80d381d3 82d283d2 82d383d3 
0001c420: 84d085d0 84d185d1 86d087d0 86d187d1 
0001c430: 84d285d2 84d385d3 86d287d2 86d387d3 
0001c440: 80d481d4 80d581d5 82d483d4 82d583d5 
0001c450: 80d681d6 80d781d7 82d683d6 82d783d7 
0001c460: 84d485d4 84d585d5 86d487d4 86d587d5 
0001c470: 84d685d6 84d785d7 86d687d6 86d787d7 
0001c480: 88d089d0 88d189d1 8ad08bd0 8ad18bd1 
0001c490: 88d289d2 88d389d3 8ad28bd2 8ad38bd3 
0001c4a0: 8cd08dd0 8cd18dd1 8ed08fd0 8ed18fd1 
0001c4b0: 8cd28dd2 8cd38dd3 8ed28fd2 8ed38fd3 
0001c4c0: 88d489d4 88d589d5 8ad48bd4 8ad58bd5 
0001c4d0: 88d689d6 88d789d7 8ad68bd6 8ad78bd7 
0001c4e0: 8cd48dd4 8cd58dd5 8ed48fd4 8ed58fd5 
0001c4f0: 8cd68dd6 8cd78dd7 8ed68fd6 8ed78fd7 
0001c500: 80d881d8 80d981d9 82d883d8 82d983d9 
0001c510: 80da81da 80db81db 82da83da 82db83db 
0001c520: 84d885d8 84d985d9 86d887d8 86d987d9 
0001c530: 84da85da 84db85db 86da87da 86db87db 
0001c540: 80dc81dc 80dd81dd 82dc83dc 82dd83dd 
0001c550: 80de81de 80df81df 82de83de 82df83df 
0001c560: 84dc85dc 84dd85dd 86dc87dc 86dd87dd 
0001c570: 84de85de 84df85df 86de87de 86df87df 
0001c580: 88d889d8 88d989d9 8ad88bd8 8ad98bd9 
0001c590: 88da89da 88db89db 8ada8bda 8adb8bdb 
0001c5a0: 8cd88dd8 8cd98dd9 8ed88fd8 8ed98fd9 
0001c5b0: 8cda8dda 8cdb8ddb 8eda8fda 8edb8fdb 
0001c5c0: 88dc89dc 88dd89dd 8adc8bdc 8add8bdd 
0001c5d0: 88de89de 88df89df 8ade8bde 8adf8bdf 
0001c5e0: 8cdc8ddc 8cdd8ddd 8edc8fdc 8edd8fdd 
0001c5f0: 8cde8dde 8cdf8ddf 8ede8fde 8edf8fdf 
0001c600: 90d091d0 90d191d1 92d093d0 92d193d1 
0001c610: 90d291d2 90d391d3 92d293d2 92d393d3 
0001c620: 94d095d0 94d195d1 96d097d0 96d197d1 
0001c630: 94d295d2 94d395d3 96d297d2 96d397d3 
0001c640: 90d491d4 90d591d5 92d493d4 92d593d5 
0001c650: 90d691d6 90d791d7 92d693d6 92d793d7 
0001c660: 94d495d4 94d595d5 96d497d4 96d597d5 
0001c670: 94d695d6 94d795d7 96d697d6 96d797d7 
0001c680: 98d099d0 98d199d1 9ad09bd0 9ad19bd1 
0001c690: 98d299d2 98d399d3 9ad29bd2 9ad39bd3 
0001c6a0: 9cd09dd0 9cd19dd1 9ed09fd0 9ed19fd1 
0001c6b0: 9cd29dd2 9cd39dd3 9ed29fd2 9ed39fd3 
0001c6c0: 98d499d4 98d599d5 9ad49bd4 9ad59bd5 
0001c6d0: 98d699d6 98d799d7 9ad69bd6 9ad79bd7 
0001c6e0: 9cd49dd4 9cd59dd5 9ed49fd4 9ed59fd5 
0001c6f0: 9cd69dd6 9cd79dd7 9ed69fd6 9ed79fd7 
0001c700: 90d891d8 90d991d9 92d893d8 92d993d9 
0001c710: 90da91da 90db91db 92da93da 92db93db 
0001c720: 94d895d8 94d995d9 96d897d8 96d997d9 
0001c730: 94da95da 94db95db 96da97da 96db97db 
0001c740: 90dc91dc 90dd91dd 92dc93dc 92dd93dd 
0001c750: 90de91de 90df91df 92de93de 92df93df 
0001c760: 94dc95dc 94dd95dd 96dc97dc 96dd97dd 
0001c770: 94de95de 94df95df 96de97de 96df97df 
0001c780: 98d899d8 98d999d9 9ad89bd8 9ad99bd9 
0001c790: 98da99da 98db99db 9ada9bda 9adb9bdb 
0001c7a0: 9cd89dd8 9cd99dd9 9ed89fd8 9ed99fd9 
0001c7b0: 9cda9dda 9cdb9ddb 9eda9fda 9edb9fdb 
0001c7c0: 98dc99dc 98dd99dd 9adc9bdc 9add9bdd 
0001c7d0: 98de99de 98df99df 9ade9bde 9adf9bdf 
0001c7e0: 9cdc9ddc 9cdd9ddd 9edc9fdc 9edd9fdd 
0001c7f0: 9cde9dde 9cdf9ddf 9ede9fde 9edf9fdf 
0001c800: a0c0a1c0 a0c1a1c1 a2c0a3c0 a2c1a3c1 
0001c810: a0c2a1c2 a0c3a1c3 a2c2a3c2 a2c3a3c3 
0001c820: a4c0a5c0 a4c1a5c1 a6c0a7c0 a6c1a7c1 
0001c830: a4c2a5c2 a4c3a5c3 a6c2a7c2 a6c3a7c3 
0001c840: a0c4a1c4 a0c5a1c5 a2c4a3c4 a2c5a3c5 
0001c850: a0c6a1c6 a0c7a1c7 a2c6a3c6 a2c7a3c7 
0001c860: a4c4a5c4 a4c5a5c5 a6c4a7c4 a6c5a7c5 
0001c870: a4c6a5c6 a4c7a5c7 a6c6a7c6 a6c7a7c7 
0001c880: a8c0a9c0 a8c1a9c1 aac0abc0 aac1abc1 
0001c890: a8c2a9c2 a8c3a9c3 aac2abc2 aac3abc3 
0001c8a0: acc0adc0 acc1adc1 aec0afc0 aec1afc1 
0001c8b0: acc2adc2 acc3adc3 aec2afc2 aec3afc3 
0001c8c0: a8c4a9c4 a8c5a9c5 aac4abc4 aac5abc5 
0001c8d0: a8c6a9c6 a8c7a9c7 aac6abc6 aac7abc7 
0001c8e0: acc4adc4 acc5adc5 aec4afc4 aec5afc5 
0001c8f0: acc6adc6 acc7adc7 aec6afc6 aec7afc7 
0001c900: a0c8a1c8 a0c9a1c9 a2c8a3c8 a2c9a3c9 
0001c910: a0caa1ca a0cba1cb a2caa3ca a2cba3cb 
0001c920: a4c8a5c8 a4c9a5c9 a6c8a7c8 a6c9a7c9 
0001c930: a4caa5ca a4cba5cb a6caa7ca a6cba7cb 
0001c940: a0cca1cc a0cda1cd a2cca3cc a2cda3cd 
0001c950: a0cea1ce a0cfa1cf a2cea3ce a2cfa3cf 
0001c960: a4cca5cc a4cda5cd a6cca7cc a6cda7cd 
0001c970: a4cea5ce a4cfa5cf a6cea7ce a6cfa7cf 
0001c980: a8c8a9c8 a8c9a9c9 aac8abc8 aac9abc9 
0001c990: a8caa9ca a8cba9cb aacaabca aacbabcb 
0001c9a0: acc8adc8 acc9adc9 aec8afc8 aec9afc9 
0001c9b0: accaadca accbadcb aecaafca aecbafcb 
0001c9c0: a8cca9cc a8cda9cd aaccabcc aacdabcd 
0001c9d0: a8cea9ce a8cfa9cf aaceabce aacfabcf 
0001c9e0: acccadcc accdadcd aeccafcc aecdafcd 
0001c9f0: acceadce accfadcf aeceafce aecfafcf 
0001ca00: b0c0b1c0 b0c1b1c1 b2c0b3c0 b2c1b3c1 
0001ca10: b0c2b1c2 b0c3b1c3 b2c2b3c2 b2c3b3c3 
0001ca20: b4c0b5c0 b4c1b5c1 b6c0b7c0 b6c1b7c1 
0001ca30: b4c2b5c2 b4c3b5c3 b6c2b7c2 b6c3b7c3 
0001ca40: b0c4b1c4 b0c5b1c5 b2c4b3c4 b2c5b3c5 
0001ca50: b0c6b1c6 b0c7b1c7 b2c6b3c6 b2c7b3c7 
0001ca60: b4c4b5c4 b4c5b5c5 b6c4b7c4 b6c5b7c5 
0001ca70: b4c6b5c6 b4c7b5c7 b6c6b7c6 b6c7b7c7 
0001ca80: b8c0b9c0 b8c1b9c1 bac0bbc0 bac1bbc1 
0001ca90: b8c2b9c2 b8c3b9c3 bac2bbc2 bac3bbc3 
0001caa0: bcc0bdc0 bcc1bdc1 bec0bfc0 bec1bfc1 
0001cab0: bcc2bdc2 bcc3bdc3 bec2bfc2 bec3bfc3 
0001cac0: b8c4b9c4 b8c5b9c5 bac4bbc4 bac5bbc5 
0001cad0: b8c6b9c6 b8c7b9c7 bac6bbc6 bac7bbc7 
0001cae0: bcc4bdc4 bcc5bdc5 bec4bfc4 bec5bfc5 
0001caf0: bcc6bdc6 bcc7bdc7 bec6bfc6 bec7bfc7 
0001cb00: b0c8b1c8 b0c9b1c9 b2c8b3c8 b2c9b3c9 
0001cb10: b0cab1ca b0cbb1cb b2cab3ca b2cbb3cb 
0001cb20: b4c8b5c8 b4c9b5c9 b6c8b7c8 b6c9b7c9 
0001cb30: b4cab5ca b4cbb5cb b6cab7ca b6cbb7cb 
0001cb40: b0ccb1cc b0cdb1cd b2ccb3cc b2cdb3cd 
0001cb50: b0ceb1ce b0cfb1cf b2ceb3ce b2cfb3cf 
0001cb60: b4ccb5cc b4cdb5cd b6ccb7cc b6cdb7cd 
0001cb70: b4ceb5ce b4cfb5cf b6ceb7ce b6cfb7cf 
0001cb80: b8c8b9c8 b8c9b9c9 bac8bbc8 bac9bbc9 
0001cb90: b8cab9ca b8cbb9cb bacabbca bacbbbcb 
0001cba0: bcc8bdc8 bcc9bdc9 bec8bfc8 bec9bfc9 
0001cbb0: bccabdca bccbbdcb becabfca becbbfcb 
0001cbc0: b8ccb9cc b8cdb9cd baccbbcc bacdbbcd 
0001cbd0: b8ceb9ce b8cfb9cf bacebbce bacfbbcf 
0001cbe0: bcccbdcc bccdbdcd beccbfcc becdbfcd 
0001cbf0: bccebdce bccfbdcf becebfce becfbfcf 
0001cc00: a0d0a1d0 a0d1a1d1 a2d0a3d0 a2d1a3d1 
0001cc10: a0d2a1d2 a0d3a1d3 a2d2a3d2 a2d3a3d3 
0001cc20: a4d0a5d0 a4d1a5d1 a6d0a7d0 a6d1a7d1 
0001cc30: a4d2a5d2 a4d3a5d3 a6d2a7d2 a6d3a7d3 
0001cc40: a0d4a1d4 a0d5a1d5 a2d4a3d4 a2d5a3d5 
0001cc50: a0d6a1d6 a0d7a1d7 a2d6a3d6 a2d7a3d7 
0001cc60: a4d4a5d4 a4d5a5d5 a6d4a7d4 a6d5a7d5 
0001cc70: a4d6a5d6 a4d7a5d7 a6d6a7d6 a6d7a7d7 
0001cc80: a8d0a9d0 a8d1a9d1 aad0abd0 aad1abd1 
0001cc90: a8d2a9d2 a8d3a9d3 aad2abd2 aad3abd3 
0001cca0: acd0add0 acd1add1 aed0afd0 aed1afd1 
0001ccb0: acd2add2 acd3add3 aed2afd2 aed3afd3 
0001ccc0: a8d4a9d4 a8d5a9d5 aad4abd4 aad5abd5 
0001ccd0: a8d6a9d6 a8d7a9d7 aad6abd6 aad7abd7 
0001cce0: acd4add4 acd5add5 aed4afd4 aed5afd5 
0001ccf0: acd6add6 acd7add7 aed6afd6 aed7afd7 
0001cd00: a0d8a1d8 a0d9a1d9 a2d8a3d8 a2d9a3d9 
0001cd10: a0daa1da a0dba1db a2daa3da a2dba3db 
0001cd20: a4d8a5d8 a4d9a5d9 a6d8a7d8 a6d9a7d9 
0001cd30: a4daa5da a4dba5db a6daa7da a6dba7db 
0001cd40: a0dca1dc a0dda1dd a2dca3dc a2dda3dd 
0001cd50: a0dea1de a0dfa1df a2dea3de a2dfa3df 
0001cd60: a4dca5dc a4dda5dd a6dca7dc a6dda7dd 
0001cd70: a4dea5de a4dfa5df a6dea7de a6dfa7df 
0001cd80: a8d8a9d8 a8d9a9d9 aad8abd8 aad9abd9 
0001cd90: a8daa9da a8dba9db aadaabda aadbabdb 
0001cda0: acd8add8 acd9add9 aed8afd8 aed9afd9 
0001cdb0: acdaadda acdbaddb aedaafda aedbafdb 
0001cdc0: a8dca9dc a8dda9dd aadcabdc aaddabdd 
0001cdd0: a8dea9de a8dfa9df aadeabde aadfabdf 
0001cde0: acdcaddc acddaddd aedcafdc aeddafdd 
0001cdf0: acdeadde acdfaddf aedeafde aedfafdf 
0001ce00: b0d0b1d0 b0d1b1d1 b2d0b3d0 b2d1b3d1 
0001ce10: b0d2b1d2 b0d3b1d3 b2d2b3d2 b2d3b3d3 
0001ce20: b4d0b5d0 b4d1b5d1 b6d0b7d0 b6d1b7d1 
0001ce30: b4d2b5d2 b4d3b5d3 b6d2b7d2 b6d3b7d3 
0001ce40: b0d4b1d4 b0d5b1d5 b2d4b3d4 b2d5b3d5 
0001ce50: b0d6b1d6 b0d7b1d7 b2d6b3d6 b2d7b3d7 
0001ce60: b4d4b5d4 b4d5b5d5 b6d4b7d4 b6d5b7d5 
0001ce70: b4d6b5d6 b4d7b5d7 b6d6b7d6 b6d7b7d7 
0001ce80: b8d0b9d0 b8d1b9d1 bad0bbd0 bad1bbd1 
0001ce90: b8d2b9d2 b8d3b9d3 bad2bbd2 bad3bbd3 
0001cea0: bcd0bdd0 bcd1bdd1 bed0bfd0 bed1bfd1 
0001ceb0: bcd2bdd2 bcd3bdd3 bed2bfd2 bed3bfd3 
0001cec0: b8d4b9d4 b8d5b9d5 bad4bbd4 bad5bbd5 
0001ced0: b8d6b9d6 b8d7b9d7 bad6bbd6 bad7bbd7 
0001cee0: bcd4bdd4 bcd5bdd5 bed4bfd4 bed5bfd5 
0001cef0: bcd6bdd6 bcd7bdd7 bed6bfd6 bed7bfd7 
0001cf00: b0d8b1d8 b0d9b1d9 b2d8b3d8 b2d9b3d9 
0001cf10: b0dab1da b0dbb1db b2dab3da b2dbb3db 
0001cf20: b4d8b5d8 b4d9b5d9 b6d8b7d8 b6d9b7d9 
0001cf30: b4dab5da b4dbb5db b6dab7da b6dbb7db 
0001cf40: b0dcb1dc b0ddb1dd b2dcb3dc b2ddb3dd 
0001cf50: b0deb1de b0dfb1df b2deb3de b2dfb3df 
0001cf60: b4dcb5dc b4ddb5dd b6dcb7dc b6ddb7dd 
0001cf70: b4deb5de b4dfb5df b6deb7de b6dfb7df 
0001cf80: b8d8b9d8 b8d9b9d9 bad8bbd8 bad9bbd9 
0001cf90: b8dab9da b8dbb9db badabbda badbbbdb 
0001cfa0: bcd8bdd8 bcd9bdd9 bed8bfd8 bed9bfd9 
0001cfb0: bcdabdda bcdbbddb bedabfda bedbbfdb 
0001cfc0: b8dcb9dc b8ddb9dd badcbbdc baddbbdd 
0001cfd0: b8deb9de b8dfb9df badebbde badfbbdf 
0001cfe0: bcdcbddc bcddbddd bedcbfdc beddbfdd 
0001cff0: bcdebdde bcdfbddf bedebfde bedfbfdf 
0001d000: 80e081e0 80e181e1 82e083e0 82e183e1 
0001d010: 80e281e2 80e381e3 82e283e2 82e383e3 
0001d020: 84e085e0 84e185e1 86e087e0 86e187e1 
0001d030: 84e285e2 84e385e3 86e287e2 86e387e3 
0001d040: 80e481e4 80e581e5 82e483e4 82e583e5 
0001d050: 80e681e6 80e781e7 82e683e6 82e783e7 
0001d060: 84e485e4 84e585e5 86e487e4 86e587e5 
0001d070: 84e685e6 84e785e7 86e687e6 86e787e7 
0001d080: 88e089e0 88e189e1 8ae08be0 8ae18be1 
0001d090: 88e289e2 88e389e3 8ae28be2 8ae38be3 
0001d0a0: 8ce08de0 8ce18de1 8ee08fe0 8ee18fe1 
0001d0b0: 8ce28de2 8ce38de3 8ee28fe2 8ee38fe3 
0001d0c0: 88e489e4 88e589e5 8ae48be4 8ae58be5 
0001d0d0: 88e689e6 88e789e7 8ae68be6 8ae78be7 
0001d0e0: 8ce48de4 8ce58de5 8ee48fe4 8ee58fe5 
0001d0f0: 8ce68de6 8ce78de7 8ee68fe6 8ee78fe7 
0001d100: 80e881e8 80e981e9 82e883e8 82e983e9 
0001d110: 80ea81ea 80eb81eb 82ea83ea 82eb83eb 
0001d120: 84e885e8 84e985e9 86e887e8 86e987e9 
0001d130: 84ea85ea 84eb85eb 86ea87ea 86eb87eb 
0001d140: 80ec81ec 80ed81ed 82ec83ec 82ed83ed 
0001d150: 80ee81ee 80ef81ef 82ee83ee 82ef83ef 
0001d160: 84ec85ec 84ed85ed 86ec87ec 86ed87ed 
0001d170: 84ee85ee 84ef85ef 86ee87ee 86ef87ef 
0001d180: 88e889e8 88e989e9 8ae88be8 8ae98be9 
0001d190: 88ea89ea 88eb89eb 8aea8bea 8aeb8beb 
0001d1a0: 8ce88de8 8ce98de9 8ee88fe8 8ee98fe9 
0001d1b0: 8cea8dea 8ceb8deb 8eea8fea 8eeb8feb 
0001d1c0: 88ec89ec 88ed89ed 8aec8bec 8aed8bed 
0001d1d0: 88ee89ee 88ef89ef 8aee8bee 8aef8bef 
0001d1e0: 8cec8dec 8ced8ded 8eec8fec 8eed8fed 
0001d1f0: 8cee8dee 8cef8def 8eee8fee 8eef8fef 
0001d200: 90e091e0 90e191e1 92e093e0 92e193e1 
0001d210: 90e291e2 90e391e3 92e293e2 92e393e3 
0001d220: 94e095e0 94e195e1 96e097e0 96e197e1 
0001d230: 94e295e2 94e395e3 96e297e2 96e397e3 
0001d240: 90e491e4 90e591e5 92e493e4 92e593e5 
0001d250: 90e691e6 90e791e7 92e693e6 92e793e7 
0001d260: 94e495e4 94e595e5 96e497e4 96e597e5 
0001d270: 94e695e6 94e795e7 96e697e6 96e797e7 
0001d280: 98e099e0 98e199e1 9ae09be0 9ae19be1 
0001d290: 98e299e2 98e399e3 9ae29be2 9ae39be3 
0001d2a0: 9ce09de0 9ce19de1 9ee09fe0 9ee19fe1 
0001d2b0: 9ce29de2 9ce39de3 9ee29fe2 9ee39fe3 
0001d2c0: 98e499e4 98e599e5 9ae49be4 9ae59be5 
0001d2d0: 98e699e6 98e799e7 9ae69be6 9ae79be7 
0001d2e0: 9ce49de4 9ce59de5 9ee49fe4 9ee59fe5 
0001d2f0: 9ce69de6 9ce79de7 9ee69fe6 9ee79fe7 
0001d300: 90e891e8 90e991e9 92e893e8 92e993e9 
0001d310: 90ea91ea 90eb91eb 92ea93ea 92eb93eb 
0001d320: 94e895e8 94e995e9 96e897e8 96e997e9 
0001d330: 94ea95ea 94eb95eb 96ea97ea 96eb97eb 
0001d340: 90ec91ec 90ed91ed 92ec93ec 92ed93ed 
0001d350: 90ee91ee 90ef91ef 92ee93ee 92ef93ef 
0001d360: 94ec95ec 94ed95ed 96ec97ec 96ed97ed 
0001d370: 94ee95ee 94ef95ef 96ee97ee 96ef97ef 
0001d380: 98e899e8 98e999e9 9ae89be8 9ae99be9 
0001d390: 98ea99ea 98eb99eb 9aea9bea 9aeb9beb 
0001d3a0: 9ce89de8 9ce99de9 9ee89fe8 9ee99fe9 
0001d3b0: 9cea9dea 9ceb9deb 9eea9fea 9eeb9feb 
0001d3c0: 98ec99ec 98ed99ed 9aec9bec 9aed9bed 
0001d3d0: 98ee99ee 98ef99ef 9aee9bee 9aef9bef 
0001d3e0: 9cec9dec 9ced9ded 9eec9fec 9eed9fed 
0001d3f0: 9cee9dee 9cef9def 9eee9fee 9eef9fef 
0001d400: 80f081f0 80f181f1 82f083f0 82f183f1 
0001d410: 80f281f2 80f381f3 82f283f2 82f383f3 
0001d420: 84f085f0 84f185f1 86f087f0 86f187f1 
0001d430: 84f285f2 84f385f3 86f287f2 86f387f3 
0001d440: 80f481f4 80f581f5 82f483f4 82f583f5 
0001d450: 80f681f6 80f781f7 82f683f6 82f783f7 
0001d460: 84f485f4 84f585f5 86f487f4 86f587f5 
0001d470: 84f685f6 84f785f7 86f687f6 86f787f7 
0001d480: 88f089f0 88f189f1 8af08bf0 8af18bf1 
0001d490: 88f289f2 88f389f3 8af28bf2 8af38bf3 
0001d4a0: 8cf08df0 8cf18df1 8ef08ff0 8ef18ff1 
0001d4b0: 8cf28df2 8cf38df3 8ef28ff2 8ef38ff3 
0001d4c0: 88f489f4 88f589f5 8af48bf4 8af58bf5 
0001d4d0: 88f689f6 88f789f7 8af68bf6 8af78bf7 
0001d4e0: 8cf48df4 8cf58df5 8ef48ff4 8ef58ff5 
0001d4f0: 8cf68df6 8cf78df7 8ef68ff6 8ef78ff7 
0001d500: 80f881f8 80f981f9 82f883f8 82f983f9 
0001d510: 80fa81fa 80fb81fb 82fa83fa 82fb83fb 
0001d520: 84f885f8 84f985f9 86f887f8 86f987f9 
0001d530: 84fa85fa 84fb85fb 86fa87fa 86fb87fb 
0001d540: 80fc81fc 80fd81fd 82fc83fc 82fd83fd 
0001d550: 80fe81fe 80ff81ff 82fe83fe 82ff83ff 
0001d560: 84fc85fc 84fd85fd 86fc87fc 86fd87fd 
0001d570: 84fe85fe 84ff85ff 86fe87fe 86ff87ff 
0001d580: 88f889f8 88f989f9 8af88bf8 8af98bf9 
0001d590: 88fa89fa 88fb89fb 8afa8bfa 8afb8bfb 
0001d5a0: 8cf88df8 8cf98df9 8ef88ff8 8ef98ff9 
0001d5b0: 8cfa8dfa 8cfb8dfb 8efa8ffa 8efb8ffb 
0001d5c0: 88fc89fc 88fd89fd 8afc8bfc 8afd8bfd 
0001d5d0: 88fe89fe 88ff89ff 8afe8bfe 8aff8bff 
0001d5e0: 8cfc8dfc 8cfd8dfd 8efc8ffc 8efd8ffd 
0001d5f0: 8cfe8dfe 8cff8dff 8efe8ffe 8eff8fff 
0001d600: 90f091f0 90f191f1 92f093f0 92f193f1 
0001d610: 90f291f2 90f391f3 92f293f2 92f393f3 
0001d620: 94f095f0 94f195f1 96f097f0 96f197f1 
0001d630: 94f295f2 94f395f3 96f297f2 96f397f3 
0001d640: 90f491f4 90f591f5 92f493f4 92f593f5 
0001d650: 90f691f6 90f791f7 92f693f6 92f793f7 
0001d660: 94f495f4 94f595f5 96f497f4 96f597f5 
0001d670: 94f695f6 94f795f7 96f697f6 96f797f7 
0001d680: 98f099f0 98f199f1 9af09bf0 9af19bf1 
0001d690: 98f299f2 98f399f3 9af29bf2 9af39bf3 
0001d6a0: 9cf09df0 9cf19df1 9ef09ff0 9ef19ff1 
0001d6b0: 9cf29df2 9cf39df3 9ef29ff2 9ef39ff3 
0001d6c0: 98f499f4 98f599f5 9af49bf4 9af59bf5 
0001d6d0: 98f699f6 98f799f7 9af69bf6 9af79bf7 
0001d6e0: 9cf49df4 9cf59df5 9ef49ff4 9ef59ff5 
0001d6f0: 9cf69df6 9cf79df7 9ef69ff6 9ef79ff7 
0001d700: 90f891f8 90f991f9 92f893f8 92f993f9 
0001d710: 90fa91fa 90fb91fb 92fa93fa 92fb93fb 
0001d720: 94f895f8 94f995f9 96f897f8 96f997f9 
0001d730: 94fa95fa 94fb95fb 96fa97fa 96fb97fb 
0001d740: 90fc91fc 90fd91fd 92fc93fc 92fd93fd 
0001d750: 90fe91fe 90ff91ff 92fe93fe 92ff93ff 
0001d760: 94fc95fc 94fd95fd 96fc97fc 96fd97fd 
0001d770: 94fe95fe 94ff95ff 96fe97fe 96ff97ff 
0001d780: 98f899f8 98f999f9 9af89bf8 9af99bf9 
0001d790: 98fa99fa 98fb99fb 9afa9bfa 9afb9bfb 
0001d7a0: 9cf89df8 9cf99df9 9ef89ff8 9ef99ff9 
0001d7b0: 9cfa9dfa 9cfb9dfb 9efa9ffa 9efb9ffb 
0001d7c0: 98fc99fc 98fd99fd 9afc9bfc 9afd9bfd 
0001d7d0: 98fe99fe 98ff99ff 9afe9bfe 9aff9bff 
0001d7e0: 9cfc9dfc 9cfd9dfd 9efc9ffc 9efd9ffd 
0001d7f0: 9cfe9dfe 9cff9dff 9efe9ffe 9eff9fff 
0001d800: a0e0a1e0 a0e1a1e1 a2e0a3e0 a2e1a3e1 
0001d810: a0e2a1e2 a0e3a1e3 a2e2a3e2 a2e3a3e3 
0001d820: a4e0a5e0 a4e1a5e1 a6e0a7e0 a6e1a7e1 
0001d830: a4e2a5e2 a4e3a5e3 a6e2a7e2 a6e3a7e3 
0001d840: a0e4a1e4 a0e5a1e5 a2e4a3e4 a2e5a3e5 
0001d850: a0e6a1e6 a0e7a1e7 a2e6a3e6 a2e7a3e7 
0001d860: a4e4a5e4 a4e5a5e5 a6e4a7e4 a6e5a7e5 
0001d870: a4e6a5e6 a4e7a5e7 a6e6a7e6 a6e7a7e7 
0001d880: a8e0a9e0 a8e1a9e1 aae0abe0 aae1abe1 
0001d890: a8e2a9e2 a8e3a9e3 aae2abe2 aae3abe3 
0001d8a0: ace0ade0 ace1ade1 aee0afe0 aee1afe1 
0001d8b0: ace2ade2 ace3ade3 aee2afe2 aee3afe3 
0001d8c0: a8e4a9e4 a8e5a9e5 aae4abe4 aae5abe5 
0001d8d0: a8e6a9e6 a8e7a9e7 aae6abe6 aae7abe7 
0001d8e0: ace4ade4 ace5ade5 aee4afe4 aee5afe5 
0001d8f0: ace6ade6 ace7ade7 aee6afe6 aee7afe7 
0001d900: a0e8a1e8 a0e9a1e9 a2e8a3e8 a2e9a3e9 
0001d910: a0eaa1ea a0eba1eb a2eaa3ea a2eba3eb 
0001d920: a4e8a5e8 a4e9a5e9 a6e8a7e8 a6e9a7e9 
0001d930: a4eaa5ea a4eba5eb a6eaa7ea a6eba7eb 
0001d940: a0eca1ec a0eda1ed a2eca3ec a2eda3ed 
0001d950: a0eea1ee a0efa1ef a2eea3ee a2efa3ef 
0001d960: a4eca5ec a4eda5ed a6eca7ec a6eda7ed 
0001d970: a4eea5ee a4efa5ef a6eea7ee a6efa7ef 
0001d980: a8e8a9e8 a8e9a9e9 aae8abe8 aae9abe9 
0001d990: a8eaa9ea a8eba9eb aaeaabea aaebabeb 
0001d9a0: ace8ade8 ace9ade9 aee8afe8 aee9afe9 
0001d9b0: aceaadea acebadeb aeeaafea aeebafeb 
0001d9c0: a8eca9ec a8eda9ed aaecabec aaedabed 
0001d9d0: a8eea9ee a8efa9ef aaeeabee aaefabef 
0001d9e0: acecadec acedaded aeecafec aeedafed 
0001d9f0: aceeadee acefadef aeeeafee aeefafef 
0001da00: b0e0b1e0 b0e1b1e1 b2e0b3e0 b2e1b3e1 
0001da10: b0e2b1e2 b0e3b1e3 b2e2b3e2 b2e3b3e3 
0001da20: b4e0b5e0 b4e1b5e1 b6e0b7e0 b6e1b7e1 
0001da30: b4e2b5e2 b4e3b5e3 b6e2b7e2 b6e3b7e3 
0001da40: b0e4b1e4 b0e5b1e5 b2e4b3e4 b2e5b3e5 
0001da50: b0e6b1e6 b0e7b1e7 b2e6b3e6 b2e7b3e7 
0001da60: b4e4b5e4 b4e5b5e5 b6e4b7e4 b6e5b7e5 
0001da70: b4e6b5e6 b4e7b5e7 b6e6b7e6 b6e7b7e7 
0001da80: b8e0b9e0 b8e1b9e1 bae0bbe0 bae1bbe1 
0001da90: b8e2b9e2 b8e3b9e3 bae2bbe2 bae3bbe3 
0001daa0: bce0bde0 bce1bde1 bee0bfe0 bee1bfe1 
0001dab0: bce2bde2 bce3bde3 bee2bfe2 bee3bfe3 
0001dac0: b8e4b9e4 b8e5b9e5 bae4bbe4 bae5bbe5 
0001dad0: b8e6b9e6 b8e7b9e7 bae6bbe6 bae7bbe7 
0001dae0: bce4bde4 bce5bde5 bee4bfe4 bee5bfe5 
0001daf0: bce6bde6 bce7bde7 bee6bfe6 bee7bfe7 
0001db00: b0e8b1e8 b0e9b1e9 b2e8b3e8 b2e9b3e9 
0001db10: b0eab1ea b0ebb1eb b2eab3ea b2ebb3eb 
0001db20: b4e8b5e8 b4e9b5e9 b6e8b7e8 b6e9b7e9 
0001db30: b4eab5ea b4ebb5eb b6eab7ea b6ebb7eb 
0001db40: b0ecb1ec b0edb1ed b2ecb3ec b2edb3ed 
0001db50: b0eeb1ee b0efb1ef b2eeb3ee b2efb3ef 
0001db60: b4ecb5ec b4edb5ed b6ecb7ec b6edb7ed 
0001db70: b4eeb5ee b4efb5ef b6eeb7ee b6efb7ef 
0001db80: b8e8b9e8 b8e9b9e9 bae8bbe8 bae9bbe9 
0001db90: b8eab9ea b8ebb9eb baeabbea baebbbeb 
0001dba0: bce8bde8 bce9bde9 bee8bfe8 bee9bfe9 
0001dbb0: bceabdea bcebbdeb beeabfea beebbfeb 
0001dbc0: b8ecb9ec b8edb9ed baecbbec baedbbed 
0001dbd0: b8eeb9ee b8efb9ef baeebbee baefbbef 
0001dbe0: bcecbdec bcedbded beecbfec beedbfed 
0001dbf0: bceebdee bcefbdef beeebfee beefbfef 
0001dc00: a0f0a1f0 a0f1a1f1 a2f0a3f0 a2f1a3f1 
0001dc10: a0f2a1f2 a0f3a1f3 a2f2a3f2 a2f3a3f3 
0001dc20: a4f0a5f0 a4f1a5f1 a6f0a7f0 a6f1a7f1 
0001dc30: a4f2a5f2 a4f3a5f3 a6f2a7f2 a6f3a7f3 
0001dc40: a0f4a1f4 a0f5a1f5 a2f4a3f4 a2f5a3f5 
0001dc50: a0f6a1f6 a0f7a1f7 a2f6a3f6 a2f7a3f7 
0001dc60: a4f4a5f4 a4f5a5f5 a6f4a7f4 a6f5a7f5 
0001dc70: a4f6a5f6 a4f7a5f7 a6f6a7f6 a6f7a7f7 
0001dc80: a8f0a9f0 a8f1a9f1 aaf0abf0 aaf1abf1 
0001dc90: a8f2a9f2 a8f3a9f3 aaf2abf2 aaf3abf3 
0001dca0: acf0adf0 acf1adf1 aef0aff0 aef1aff1 
0001dcb0: acf2adf2 acf3adf3 aef2aff2 aef3aff3 
0001dcc0: a8f4a9f4 a8f5a9f5 aaf4abf4 aaf5abf5 
0001dcd0: a8f6a9f6 a8f7a9f7 aaf6abf6 aaf7abf7 
0001dce0: acf4adf4 acf5adf5 aef4aff4 aef5aff5 
0001dcf0: acf6adf6 acf7adf7 aef6aff6 aef7aff7 
0001dd00: a0f8a1f8 a0f9a1f9 a2f8a3f8 a2f9a3f9 
0001dd10: a0faa1fa a0fba1fb a2faa3fa a2fba3fb 
0001dd20: a4f8a5f8 a4f9a5f9 a6f8a7f8 a6f9a7f9 
0001dd30: a4faa5fa a4fba5fb a6faa7fa a6fba7fb 
0001dd40: a0fca1fc a0fda1fd a2fca3fc a2fda3fd 
0001dd50: a0fea1fe a0ffa1ff a2fea3fe a2ffa3ff 
0001dd60: a4fca5fc a4fda5fd a6fca7fc a6fda7fd 
0001dd70: a4fea5fe a4ffa5ff a6fea7fe a6ffa7ff 
0001dd80: a8f8a9f8 a8f9a9f9 aaf8abf8 aaf9abf9 
0001dd90: a8faa9fa a8fba9fb aafaabfa aafbabfb 
0001dda0: acf8adf8 acf9adf9 aef8aff8 aef9aff9 
0001ddb0: acfaadfa acfbadfb aefaaffa aefbaffb 
0001ddc0: a8fca9fc a8fda9fd aafcabfc aafdabfd 
0001ddd0: a8fea9fe a8ffa9ff aafeabfe aaffabff 
0001dde0: acfcadfc acfdadfd aefcaffc aefdaffd 
0001ddf0: acfeadfe acffadff aefeaffe aeffafff 
0001de00: b0f0b1f0 b0f1b1f1 b2f0b3f0 b2f1b3f1 
0001de10: b0f2b1f2 b0f3b1f3 b2f2b3f2 b2f3b3f3 
0001de20: b4f0b5f0 b4f1b5f1 b6f0b7f0 b6f1b7f1 
0001de30: b4f2b5f2 b4f3b5f3 b6f2b7f2 b6f3b7f3 
0001de40: b0f4b1f4 b0f5b1f5 b2f4b3f4 b2f5b3f5 
0001de50: b0f6b1f6 b0f7b1f7 b2f6b3f6 b2f7b3f7 
0001de60: b4f4b5f4 b4f5b5f5 b6f4b7f4 b6f5b7f5 
0001de70: b4f6b5f6 b4f7b5f7 b6f6b7f6 b6f7b7f7 
0001de80: b8f0b9f0 b8f1b9f1 baf0bbf0 baf1bbf1 
0001de90: b8f2b9f2 b8f3b9f3 baf2bbf2 baf3bbf3 
0001dea0: bcf0bdf0 bcf1bdf1 bef0bff0 bef1bff1 
0001deb0: bcf2bdf2 bcf3bdf3 bef2bff2 bef3bff3 
0001dec0: b8f4b9f4 b8f5b9f5 baf4bbf4 baf5bbf5 
0001ded0: b8f6b9f6 b8f7b9f7 baf6bbf6 baf7bbf7 
0001dee0: bcf4bdf4 bcf5bdf5 bef4bff4 bef5bff5 
0001def0: bcf6bdf6 bcf7bdf7 bef6bff6 bef7bff7 
0001df00: b0f8b1f8 b0f9b1f9 b2f8b3f8 b2f9b3f9 
0001df10: b0fab1fa b0fbb1fb b2fab3fa b2fbb3fb 
0001df20: b4f8b5f8 b4f9b5f9 b6f8b7f8 b6f9b7f9 
0001df30: b4fab5fa b4fbb5fb b6fab7fa b6fbb7fb 
0001df40: b0fcb1fc b0fdb1fd b2fcb3fc b2fdb3fd 
0001df50: b0feb1fe b0ffb1ff b2feb3fe b2ffb3ff 
0001df60: b4fcb5fc b4fdb5fd b6fcb7fc b6fdb7fd 
0001df70: b4feb5fe b4ffb5ff b6feb7fe b6ffb7ff 
0001df80: b8f8b9f8 b8f9b9f9 baf8bbf8 baf9bbf9 
0001df90: b8fab9fa b8fbb9fb bafabbfa bafbbbfb 
0001dfa0: bcf8bdf8 bcf9bdf9 bef8bff8 bef9bff9 
0001dfb0: bcfabdfa bcfbbdfb befabffa befbbffb 
0001dfc0: b8fcb9fc b8fdb9fd bafcbbfc bafdbbfd 
0001dfd0: b8feb9fe b8ffb9ff bafebbfe baffbbff 
0001dfe0: bcfcbdfc bcfdbdfd befcbffc befdbffd 
0001dff0: bcfebdfe bcffbdff befebffe beffbfff 
0001e000: c0c0c1c0 c0c1c1c1 c2c0c3c0 c2c1c3c1 
0001e010: c0c2c1c2 c0c3c1c3 c2c2c3c2 c2c3c3c3 
0001e020: c4c0c5c0 c4c1c5c1 c6c0c7c0 c6c1c7c1 
0001e030: c4c2c5c2 c4c3c5c3 c6c2c7c2 c6c3c7c3 
0001e040: c0c4c1c4 c0c5c1c5 c2c4c3c4 c2c5c3c5 
0001e050: c0c6c1c6 c0c7c1c7 c2c6c3c6 c2c7c3c7 
0001e060: c4c4c5c4 c4c5c5c5 c6c4c7c4 c6c5c7c5 
0001e070: c4c6c5c6 c4c7c5c7 c6c6c7c6 c6c7c7c7 
0001e080: c8c0c9c0 c8c1c9c1 cac0cbc0 cac1cbc1 
0001e090: c8c2c9c2 c8c3c9c3 cac2cbc2 cac3cbc3 
0001e0a0: ccc0cdc0 ccc1cdc1 cec0cfc0 cec1cfc1 
0001e0b0: ccc2cdc2 ccc3cdc3 cec2cfc2 cec3cfc3 
0001e0c0: c8c4c9c4 c8c5c9c5 cac4cbc4 cac5cbc5 
0001e0d0: c8c6c9c6 c8c7c9c7 cac6cbc6 cac7cbc7 
0001e0e0: ccc4cdc4 ccc5cdc5 cec4cfc4 cec5cfc5 
0001e0f0: ccc6cdc6 ccc7cdc7 cec6cfc6 cec7cfc7 
0001e100: c0c8c1c8 c0c9c1c9 c2c8c3c8 c2c9c3c9 
0001e110: c0cac1ca c0cbc1cb c2cac3ca c2cbc3cb 
0001e120: c4c8c5c8 c4c9c5c9 c6c8c7c8 c6c9c7c9 
0001e130: c4cac5ca c4cbc5cb c6cac7ca c6cbc7cb 
0001e140: c0ccc1cc c0cdc1cd c2ccc3cc c2cdc3cd 
0001e150: c0cec1ce c0cfc1cf c2cec3ce c2cfc3cf 
0001e160: c4ccc5cc c4cdc5cd c6ccc7cc c6cdc7cd 
0001e170: c4cec5ce c4cfc5cf c6cec7ce c6cfc7cf 
0001e180: c8c8c9c8 c8c9c9c9 cac8cbc8 cac9cbc9 
0001e190: c8cac9ca c8cbc9cb cacacbca cacbcbcb 
0001e1a0: ccc8cdc8 ccc9cdc9 cec8cfc8 cec9cfc9 
0001e1b0: cccacdca cccbcdcb cecacfca cecbcfcb 
0001e1c0: c8ccc9cc c8cdc9cd cacccbcc cacdcbcd 
0001e1d0: c8cec9ce c8cfc9cf cacecbce cacfcbcf 
0001e1e0: cccccdcc cccdcdcd cecccfcc cecdcfcd 
0001e1f0: cccecdce cccfcdcf cececfce cecfcfcf 
0001e200: d0c0d1c0 d0c1d1c1 d2c0d3c0 d2c1d3c1 
0001e210: d0c2d1c2 d0c3d1c3 d2c2d3c2 d2c3d3c3 
0001e220: d4c0d5c0 d4c1d5c1 d6c0d7c0 d6c1d7c1 
0001e230: d4c2d5c2 d4c3d5c3 d6c2d7c2 d6c3d7c3 
0001e240: d0c4d1c4 d0c5d1c5 d2c4d3c4 d2c5d3c5 
0001e250: d0c6d1c6 d0c7d1c7 d2c6d3c6 d2c7d3c7 
0001e260: d4c4d5c4 d4c5d5c5 d6c4d7c4 d6c5d7c5 
0001e270: d4c6d5c6 d4c7d5c7 d6c6d7c6 d6c7d7c7 
0001e280: d8c0d9c0 d8c1d9c1 dac0dbc0 dac1dbc1 
0001e290: d8c2d9c2 d8c3d9c3 dac2dbc2 dac3dbc3 
0001e2a0: dcc0ddc0 dcc1ddc1 dec0dfc0 dec1dfc1 
0001e2b0: dcc2ddc2 dcc3ddc3 dec2dfc2 dec3dfc3 
0001e2c0: d8c4d9c4 d8c5d9c5 dac4dbc4 dac5dbc5 
0001e2d0: d8c6d9c6 d8c7d9c7 dac6dbc6 dac7dbc7 
0001e2e0: dcc4ddc4 dcc5ddc5 dec4dfc4 dec5dfc5 
0001e2f0: dcc6ddc6 dcc7ddc7 dec6dfc6 dec7dfc7 
0001e300: d0c8d1c8 d0c9d1c9 d2c8d3c8 d2c9d3c9 
0001e310: d0cad1ca d0cbd1cb d2cad3ca d2cbd3cb 
0001e320: d4c8d5c8 d4c9d5c9 d6c8d7c8 d6c9d7c9 
0001e330: d4cad5ca d4cbd5cb d6cad7ca d6cbd7cb 
0001e340: d0ccd1cc d0cdd1cd d2ccd3cc d2cdd3cd 
0001e350: d0ced1ce d0cfd1cf d2ced3ce d2cfd3cf 
0001e360: d4ccd5cc d4cdd5cd d6ccd7cc d6cdd7cd 
0001e370: d4ced5ce d4cfd5cf d6ced7ce d6cfd7cf 
0001e380: d8c8d9c8 d8c9d9c9 dac8dbc8 dac9dbc9 
0001e390: d8cad9ca d8cbd9cb dacadbca dacbdbcb 
0001e3a0: dcc8ddc8 dcc9ddc9 dec8dfc8 dec9dfc9 
0001e3b0: dccaddca dccbddcb decadfca decbdfcb 
0001e3c0: d8ccd9cc d8cdd9cd daccdbcc dacddbcd 
0001e3d0: d8ced9ce d8cfd9cf dacedbce dacfdbcf 
0001e3e0: dcccddcc dccdddcd deccdfcc decddfcd 
0001e3f0: dcceddce dccfddcf decedfce decfdfcf 
0001e400: c0d0c1d0 c0d1c1d1 c2d0c3d0 c2d1c3d1 
0001e410: c0d2c1d2 c0d3c1d3 c2d2c3d2 c2d3c3d3 
0001e420: c4d0c5d0 c4d1c5d1 c6d0c7d0 c6d1c7d1 
0001e430: c4d2c5d2 c4d3c5d3 c6d2c7d2 c6d3c7d3 
0001e440: c0d4c1d4 c0d5c1d5 c2d4c3d4 c2d5c3d5 
0001e450: c0d6c1d6 c0d7c1d7 c2d6c3d6 c2d7c3d7 
0001e460: c4d4c5d4 c4d5c5d5 c6d4c7d4 c6d5c7d5 
0001e470: c4d6c5d6 c4d7c5d7 c6d6c7d6 c6d7c7d7 
0001e480: c8d0c9d0 c8d1c9d1 cad0cbd0 cad1cbd1 
0001e490: c8d2c9d2 c8d3c9d3 cad2cbd2 cad3cbd3 
0001e4a0: ccd0cdd0 ccd1cdd1 ced0cfd0 ced1cfd1 
0001e4b0: ccd2cdd2 ccd3cdd3 ced2cfd2 ced3cfd3 
0001e4c0: c8d4c9d4 c8d5c9d5 cad4cbd4 cad5cbd5 
0001e4d0: c8d6c9d6 c8d7c9d7 cad6cbd6 cad7cbd7 
0001e4e0: ccd4cdd4 ccd5cdd5 ced4cfd4 ced5cfd5 
0001e4f0: ccd6cdd6 ccd7cdd7 ced6cfd6 ced7cfd7 
0001e500: c0d8c1d8 c0d9c1d9 c2d8c3d8 c2d9c3d9 
0001e510: c0dac1da c0dbc1db c2dac3da c2dbc3db 
0001e520: c4d8c5d8 c4d9c5d9 c6d8c7d8 c6d9c7d9 
0001e530: c4dac5da c4dbc5db c6dac7da c6dbc7db 
0001e540: c0dcc1dc c0ddc1dd c2dcc3dc c2ddc3dd 
0001e550: c0dec1de c0dfc1df c2dec3de c2dfc3df 
0001e560: c4dcc5dc c4ddc5dd c6dcc7dc c6ddc7dd 
0001e570: c4dec5de c4dfc5df c6dec7de c6dfc7df 
0001e580: c8d8c9d8 c8d9c9d9 cad8cbd8 cad9cbd9 
0001e590: c8dac9da c8dbc9db cadacbda cadbcbdb 
0001e5a0: ccd8cdd8 ccd9cdd9 ced8cfd8 ced9cfd9 
0001e5b0: ccdacdda ccdbcddb cedacfda cedbcfdb 
0001e5c0: c8dcc9dc c8ddc9dd cadccbdc caddcbdd 
0001e5d0: c8dec9de c8dfc9df cadecbde cadfcbdf 
0001e5e0: ccdccddc ccddcddd cedccfdc ceddcfdd 
0001e5f0: ccdecdde ccdfcddf cedecfde cedfcfdf 
0001e600: d0d0d1d0 d0d1d1d1 d2d0d3d0 d2d1d3d1 
0001e610: d0d2d1d2 d0d3d1d3 d2d2d3d2 d2d3d3d3 
0001e620: d4d0d5d0 d4d1d5d1 d6d0d7d0 d6d1d7d1 
0001e630: d4d2d5d2 d4d3d5d3 d6d2d7d2 d6d3d7d3 
0001e640: d0d4d1d4 d0d5d1d5 d2d4d3d4 d2d5d3d5 
0001e650: d0d6d1d6 d0d7d1d7 d2d6d3d6 d2d7d3d7 
0001e660: d4d4d5d4 d4d5d5d5 d6d4d7d4 d6d5d7d5 
0001e670: d4d6d5d6 d4d7d5d7 d6d6d7d6 d6d7d7d7 
0001e680: d8d0d9d0 d8d1d9d1 dad0dbd0 dad1dbd1 
0001e690: d8d2d9d2 d8d3d9d3 dad2dbd2 dad3dbd3 
0001e6a0: dcd0ddd0 dcd1ddd1 ded0dfd0 ded1dfd1 
0001e6b0: dcd2ddd2 dcd3ddd3 ded2dfd2 ded3dfd3 
0001e6c0: d8d4d9d4 d8d5d9d5 dad4dbd4 dad5dbd5 
0001e6d0: d8d6d9d6 d8d7d9d7 dad6dbd6 dad7dbd7 
0001e6e0: dcd4ddd4 dcd5ddd5 ded4dfd4 ded5dfd5 
0001e6f0: dcd6ddd6 dcd7ddd7 ded6dfd6 ded7dfd7 
0001e700: d0d8d1d8 d0d9d1d9 d2d8d3d8 d2d9d3d9 
0001e710: d0dad1da d0dbd1db d2dad3da d2dbd3db 
0001e720: d4d8d5d8 d4d9d5d9 d6d8d7d8 d6d9d7d9 
0001e730: d4dad5da d4dbd5db d6dad7da d6dbd7db 
0001e740: d0dcd1dc d0ddd1dd d2dcd3dc d2ddd3dd 
0001e750: d0ded1de d0dfd1df d2ded3de d2dfd3df 
0001e760: d4dcd5dc d4ddd5dd d6dcd7dc d6ddd7dd 
0001e770: d4ded5de d4dfd5df d6ded7de d6dfd7df 
0001e780: d8d8d9d8 d8d9d9d9 dad8dbd8 dad9dbd9 
0001e790: d8dad9da d8dbd9db dadadbda dadbdbdb 
0001e7a0: dcd8ddd8 dcd9ddd9 ded8dfd8 ded9dfd9 
0001e7b0: dcdaddda dcdbdddb dedadfda dedbdfdb 
0001e7c0: d8dcd9dc d8ddd9dd dadcdbdc dadddbdd 
0001e7d0: d8ded9de d8dfd9df dadedbde dadfdbdf 
0001e7e0: dcdcdddc dcdddddd dedcdfdc dedddfdd 
0001e7f0: dcdeddde dcdfdddf dededfde dedfdfdf 
0001e800: e0c0e1c0 e0c1e1c1 e2c0e3c0 e2c1e3c1 
0001e810: e0c2e1c2 e0c3e1c3 e2c2e3c2 e2c3e3c3 
0001e820: e4c0e5c0 e4c1e5c1 e6c0e7c0 e6c1e7c1 
0001e830: e4c2e5c2 e4c3e5c3 e6c2e7c2 e6c3e7c3 
0001e840: e0c4e1c4 e0c5e1c5 e2c4e3c4 e2c5e3c5 
0001e850: e0c6e1c6 e0c7e1c7 e2c6e3c6 e2c7e3c7 
0001e860: e4c4e5c4 e4c5e5c5 e6c4e7c4 e6c5e7c5 
0001e870: e4c6e5c6 e4c7e5c7 e6c6e7c6 e6c7e7c7 
0001e880: e8c0e9c0 e8c1e9c1 eac0ebc0 eac1ebc1 
0001e890: e8c2e9c2 e8c3e9c3 eac2ebc2 eac3ebc3 
0001e8a0: ecc0edc0 ecc1edc1 eec0efc0 eec1efc1 
0001e8b0: ecc2edc2 ecc3edc3 eec2efc2 eec3efc3 
0001e8c0: e8c4e9c4 e8c5e9c5 eac4ebc4 eac5ebc5 
0001e8d0: e8c6e9c6 e8c7e9c7 eac6ebc6 eac7ebc7 
0001e8e0: ecc4edc4 ecc5edc5 eec4efc4 eec5efc5 
0001e8f0: ecc6edc6 ecc7edc7 eec6efc6 eec7efc7 
0001e900: e0c8e1c8 e0c9e1c9 e2c8e3c8 e2c9e3c9 
0001e910: e0cae1ca e0cbe1cb e2cae3ca e2cbe3cb 
0001e920: e4c8e5c8 e4c9e5c9 e6c8e7c8 e6c9e7c9 
0001e930: e4cae5ca e4cbe5cb e6cae7ca e6cbe7cb 
0001e940: e0cce1cc e0cde1cd e2cce3cc e2cde3cd 
0001e950: e0cee1ce e0cfe1cf e2cee3ce e2cfe3cf 
0001e960: e4cce5cc e4cde5cd e6cce7cc e6cde7cd 
0001e970: e4cee5ce e4cfe5cf e6cee7ce e6cfe7cf 
0001e980: e8c8e9c8 e8c9e9c9 eac8ebc8 eac9ebc9 
0001e990: e8cae9ca e8cbe9cb eacaebca eacbebcb 
0001e9a0: ecc8edc8 ecc9edc9 eec8efc8 eec9efc9 
0001e9b0: eccaedca eccbedcb eecaefca eecbefcb 
0001e9c0: e8cce9cc e8cde9cd eaccebcc eacdebcd 
0001e9d0: e8cee9ce e8cfe9cf eaceebce eacfebcf 
0001e9e0: ecccedcc eccdedcd eeccefcc eecdefcd 
0001e9f0: ecceedce eccfedcf eeceefce eecfefcf 
0001ea00: f0c0f1c0 f0c1f1c1 f2c0f3c0 f2c1f3c1 
0001ea10: f0c2f1c2 f0c3f1c3 f2c2f3c2 f2c3f3c3 
0001ea20: f4c0f5c0 f4c1f5c1 f6c0f7c0 f6c1f7c1 
0001ea30: f4c2f5c2 f4c3f5c3 f6c2f7c2 f6c3f7c3 
0001ea40: f0c4f1c4 f0c5f1c5 f2c4f3c4 f2c5f3c5 
0001ea50: f0c6f1c6 f0c7f1c7 f2c6f3c6 f2c7f3c7 
0001ea60: f4c4f5c4 f4c5f5c5 f6c4f7c4 f6c5f7c5 
0001ea70: f4c6f5c6 f4c7f5c7 f6c6f7c6 f6c7f7c7 
0001ea80: f8c0f9c0 f8c1f9c1 fac0fbc0 fac1fbc1 
0001ea90: f8c2f9c2 f8c3f9c3 fac2fbc2 fac3fbc3 
0001eaa0: fcc0fdc0 fcc1fdc1 fec0ffc0 fec1ffc1 
0001eab0: fcc2fdc2 fcc3fdc3 fec2ffc2 fec3ffc3 
0001eac0: f8c4f9c4 f8c5f9c5 fac4fbc4 fac5fbc5 
0001ead0: f8c6f9c6 f8c7f9c7 fac6fbc6 fac7fbc7 
0001eae0: fcc4fdc4 fcc5fdc5 fec4ffc4 fec5ffc5 
0001eaf0: fcc6fdc6 fcc7fdc7 fec6ffc6 fec7ffc7 
0001eb00: f0c8f1c8 f0c9f1c9 f2c8f3c8 f2c9f3c9 
0001eb10: f0caf1ca f0cbf1cb f2caf3ca f2cbf3cb 
0001eb20: f4c8f5c8 f4c9f5c9 f6c8f7c8 f6c9f7c9 
0001eb30: f4caf5ca f4cbf5cb f6caf7ca f6cbf7cb 
0001eb40: f0ccf1cc f0cdf1cd f2ccf3cc f2cdf3cd 
0001eb50: f0cef1ce f0cff1cf f2cef3ce f2cff3cf 
0001eb60: f4ccf5cc f4cdf5cd f6ccf7cc f6cdf7cd 
0001eb70: f4cef5ce f4cff5cf f6cef7ce f6cff7cf 
0001eb80: f8c8f9c8 f8c9f9c9 fac8fbc8 fac9fbc9 
0001eb90: f8caf9ca f8cbf9cb facafbca facbfbcb 
0001eba0: fcc8fdc8 fcc9fdc9 fec8ffc8 fec9ffc9 
0001ebb0: fccafdca fccbfdcb fecaffca fecbffcb 
0001ebc0: f8ccf9cc f8cdf9cd faccfbcc facdfbcd 
0001ebd0: f8cef9ce f8cff9cf facefbce facffbcf 
0001ebe0: fcccfdcc fccdfdcd feccffcc fecdffcd 
0001ebf0: fccefdce fccffdcf feceffce fecfffcf 
0001ec00: e0d0e1d0 e0d1e1d1 e2d0e3d0 e2d1e3d1 
0001ec10: e0d2e1d2 e0d3e1d3 e2d2e3d2 e2d3e3d3 
0001ec20: e4d0e5d0 e4d1e5d1 e6d0e7d0 e6d1e7d1 
0001ec30: e4d2e5d2 e4d3e5d3 e6d2e7d2 e6d3e7d3 
0001ec40: e0d4e1d4 e0d5e1d5 e2d4e3d4 e2d5e3d5 
0001ec50: e0d6e1d6 e0d7e1d7 e2d6e3d6 e2d7e3d7 
0001ec60: e4d4e5d4 e4d5e5d5 e6d4e7d4 e6d5e7d5 
0001ec70: e4d6e5d6 e4d7e5d7 e6d6e7d6 e6d7e7d7 
0001ec80: e8d0e9d0 e8d1e9d1 ead0ebd0 ead1ebd1 
0001ec90: e8d2e9d2 e8d3e9d3 ead2ebd2 ead3ebd3 
0001eca0: ecd0edd0 ecd1edd1 eed0efd0 eed1efd1 
0001ecb0: ecd2edd2 ecd3edd3 eed2efd2 eed3efd3 
0001ecc0: e8d4e9d4 e8d5e9d5 ead4ebd4 ead5ebd5 
0001ecd0: e8d6e9d6 e8d7e9d7 ead6ebd6 ead7ebd7 
0001ece0: ecd4edd4 ecd5edd5 eed4efd4 eed5efd5 
0001ecf0: ecd6edd6 ecd7edd7 eed6efd6 eed7efd7 
0001ed00: e0d8e1d8 e0d9e1d9 e2d8e3d8 e2d9e3d9 
0001ed10: e0dae1da e0dbe1db e2dae3da e2dbe3db 
0001ed20: e4d8e5d8 e4d9e5d9 e6d8e7d8 e6d9e7d9 
0001ed30: e4dae5da e4dbe5db e6dae7da e6dbe7db 
0001ed40: e0dce1dc e0dde1dd e2dce3dc e2dde3dd 
0001ed50: e0dee1de e0dfe1df e2dee3de e2dfe3df 
0001ed60: e4dce5dc e4dde5dd e6dce7dc e6dde7dd 
0001ed70: e4dee5de e4dfe5df e6dee7de e6dfe7df 
0001ed80: e8d8e9d8 e8d9e9d9 ead8ebd8 ead9ebd9 
0001ed90: e8dae9da e8dbe9db eadaebda eadbebdb 
0001eda0: ecd8edd8 ecd9edd9 eed8efd8 eed9efd9 
0001edb0: ecdaedda ecdbeddb eedaefda eedbefdb 
0001edc0: e8dce9dc e8dde9dd eadcebdc eaddebdd 
0001edd0: e8dee9de e8dfe9df eadeebde eadfebdf 
0001ede0: ecdceddc ecddeddd eedcefdc eeddefdd 
0001edf0: ecdeedde ecdfeddf eedeefde eedfefdf 
0001ee00: f0d0f1d0 f0d1f1d1 f2d0f3d0 f2d1f3d1 
0001ee10: f0d2f1d2 f0d3f1d3 f2d2f3d2 f2d3f3d3 
0001ee20: f4d0f5d0 f4d1f5d1 f6d0f7d0 f6d1f7d1 
0001ee30: f4d2f5d2 f4d3f5d3 f6d2f7d2 f6d3f7d3 
0001ee40: f0d4f1d4 f0d5f1d5 f2d4f3d4 f2d5f3d5 
0001ee50: f0d6f1d6 f0d7f1d7 f2d6f3d6 f2d7f3d7 
0001ee60: f4d4f5d4 f4d5f5d5 f6d4f7d4 f6d5f7d5 
0001ee70: f4d6f5d6 f4d7f5d7 f6d6f7d6 f6d7f7d7 
0001ee80: f8d0f9d0 f8d1f9d1 fad0fbd0 fad1fbd1 
0001ee90: f8d2f9d2 f8d3f9d3 fad2fbd2 fad3fbd3 
0001eea0: fcd0fdd0 fcd1fdd1 fed0ffd0 fed1ffd1 
0001eeb0: fcd2fdd2 fcd3fdd3 fed2ffd2 fed3ffd3 
0001eec0: f8d4f9d4 f8d5f9d5 fad4fbd4 fad5fbd5 
0001eed0: f8d6f9d6 f8d7f9d7 fad6fbd6 fad7fbd7 
0001eee0: fcd4fdd4 fcd5fdd5 fed4ffd4 fed5ffd5 
0001eef0: fcd6fdd6 fcd7fdd7 fed6ffd6 fed7ffd7 
0001ef00: f0d8f1d8 f0d9f1d9 f2d8f3d8 f2d9f3d9 
0001ef10: f0daf1da f0dbf1db f2daf3da f2dbf3db 
0001ef20: f4d8f5d8 f4d9f5d9 f6d8f7d8 f6d9f7d9 
0001ef30: f4daf5da f4dbf5db f6daf7da f6dbf7db 
0001ef40: f0dcf1dc f0ddf1dd f2dcf3dc f2ddf3dd 
0001ef50: f0def1de f0dff1df f2def3de f2dff3df 
0001ef60: f4dcf5dc f4ddf5dd f6dcf7dc f6ddf7dd 
0001ef70: f4def5de f4dff5df f6def7de f6dff7df 
0001ef80: f8d8f9d8 f8d9f9d9 fad8fbd8 fad9fbd9 
0001ef90: f8daf9da f8dbf9db fadafbda fadbfbdb 
0001efa0: fcd8fdd8 fcd9fdd9 fed8ffd8 fed9ffd9 
0001efb0: fcdafdda fcdbfddb fedaffda fedbffdb 
0001efc0: f8dcf9dc f8ddf9dd fadcfbdc faddfbdd 
0001efd0: f8def9de f8dff9df fadefbde fadffbdf 
0001efe0: fcdcfddc fcddfddd fedcffdc feddffdd 
0001eff0: fcdefdde fcdffddf fedeffde fedfffdf 
0001f000: c0e0c1e0 c0e1c1e1 c2e0c3e0 c2e1c3e1 
0001f010: c0e2c1e2 c0e3c1e3 c2e2c3e2 c2e3c3e3 
0001f020: c4e0c5e0 c4e1c5e1 c6e0c7e0 c6e1c7e1 
0001f030: c4e2c5e2 c4e3c5e3 c6e2c7e2 c6e3c7e3 
0001f040: c0e4c1e4 c0e5c1e5 c2e4c3e4 c2e5c3e5 
0001f050: c0e6c1e6 c0e7c1e7 c2e6c3e6 c2e7c3e7 
0001f060: c4e4c5e4 c4e5c5e5 c6e4c7e4 c6e5c7e5 
0001f070: c4e6c5e6 c4e7c5e7 c6e6c7e6 c6e7c7e7 
0001f080: c8e0c9e0 c8e1c9e1 cae0cbe0 cae1cbe1 
0001f090: c8e2c9e2 c8e3c9e3 cae2cbe2 cae3cbe3 
0001f0a0: cce0cde0 cce1cde1 cee0cfe0 cee1cfe1 
0001f0b0: cce2cde2 cce3cde3 cee2cfe2 cee3cfe3 
0001f0c0: c8e4c9e4 c8e5c9e5 cae4cbe4 cae5cbe5 
0001f0d0: c8e6c9e6 c8e7c9e7 cae6cbe6 cae7cbe7 
0001f0e0: cce4cde4 cce5cde5 cee4cfe4 cee5cfe5 
0001f0f0: cce6cde6 cce7cde7 cee6cfe6 cee7cfe7 
0001f100: c0e8c1e8 c0e9c1e9 c2e8c3e8 c2e9c3e9 
0001f110: c0eac1ea c0ebc1eb c2eac3ea c2ebc3eb 
0001f120: c4e8c5e8 c4e9c5e9 c6e8c7e8 c6e9c7e9 
0001f130: c4eac5ea c4ebc5eb c6eac7ea c6ebc7eb 
0001f140: c0ecc1ec c0edc1ed c2ecc3ec c2edc3ed 
0001f150: c0eec1ee c0efc1ef c2eec3ee c2efc3ef 
0001f160: c4ecc5ec c4edc5ed c6ecc7ec c6edc7ed 
0001f170: c4eec5ee c4efc5ef c6eec7ee c6efc7ef 
0001f180: c8e8c9e8 c8e9c9e9 cae8cbe8 cae9cbe9 
0001f190: c8eac9ea c8ebc9eb caeacbea caebcbeb 
0001f1a0: cce8cde8 cce9cde9 cee8cfe8 cee9cfe9 
0001f1b0: cceacdea ccebcdeb ceeacfea ceebcfeb 
0001f1c0: c8ecc9ec c8edc9ed caeccbec caedcbed 
0001f1d0: c8eec9ee c8efc9ef caeecbee caefcbef 
0001f1e0: cceccdec ccedcded ceeccfec ceedcfed 
0001f1f0: cceecdee ccefcdef ceeecfee ceefcfef 
0001f200: d0e0d1e0 d0e1d1e1 d2e0d3e0 d2e1d3e1 
0001f210: d0e2d1e2 d0e3d1e3 d2e2d3e2 d2e3d3e3 
0001f220: d4e0d5e0 d4e1d5e1 d6e0d7e0 d6e1d7e1 
0001f230: d4e2d5e2 d4e3d5e3 d6e2d7e2 d6e3d7e3 
0001f240: d0e4d1e4 d0e5d1e5 d2e4d3e4 d2e5d3e5 
0001f250: d0e6d1e6 d0e7d1e7 d2e6d3e6 d2e7d3e7 
0001f260: d4e4d5e4 d4e5d5e5 d6e4d7e4 d6e5d7e5 
0001f270: d4e6d5e6 d4e7d5e7 d6e6d7e6 d6e7d7e7 
0001f280: d8e0d9e0 d8e1d9e1 dae0dbe0 dae1dbe1 
0001f290: d8e2d9e2 d8e3d9e3 dae2dbe2 dae3dbe3 
0001f2a0: dce0dde0 dce1dde1 dee0dfe0 dee1dfe1 
0001f2b0: dce2dde2 dce3dde3 dee2dfe2 dee3dfe3 
0001f2c0: d8e4d9e4 d8e5d9e5 dae4dbe4 dae5dbe5 
0001f2d0: d8e6d9e6 d8e7d9e7 dae6dbe6 dae7dbe7 
0001f2e0: dce4dde4 dce5dde5 dee4dfe4 dee5dfe5 
0001f2f0: dce6dde6 dce7dde7 dee6dfe6 dee7dfe7 
0001f300: d0e8d1e8 d0e9d1e9 d2e8d3e8 d2e9d3e9 
0001f310: d0ead1ea d0ebd1eb d2ead3ea d2ebd3eb 
0001f320: d4e8d5e8 d4e9d5e9 d6e8d7e8 d6e9d7e9 
0001f330: d4ead5ea d4ebd5eb d6ead7ea d6ebd7eb 
0001f340: d0ecd1ec d0edd1ed d2ecd3ec d2edd3ed 
0001f350: d0eed1ee d0efd1ef d2eed3ee d2efd3ef 
0001f360: d4ecd5ec d4edd5ed d6ecd7ec d6edd7ed 
0001f370: d4eed5ee d4efd5ef d6eed7ee d6efd7ef 
0001f380: d8e8d9e8 d8e9d9e9 dae8dbe8 dae9dbe9 
0001f390: d8ead9ea d8ebd9eb daeadbea daebdbeb 
0001f3a0: dce8dde8 dce9dde9 dee8dfe8 dee9dfe9 
0001f3b0: dceaddea dcebddeb deeadfea deebdfeb 
0001f3c0: d8ecd9ec d8edd9ed daecdbec daeddbed 
0001f3d0: d8eed9ee d8efd9ef daeedbee daefdbef 
0001f3e0: dcecddec dceddded deecdfec deeddfed 
0001f3f0: dceeddee dcefddef deeedfee deefdfef 
0001f400: c0f0c1f0 c0f1c1f1 c2f0c3f0 c2f1c3f1 
0001f410: c0f2c1f2 c0f3c1f3 c2f2c3f2 c2f3c3f3 
0001f420: c4f0c5f0 c4f1c5f1 c6f0c7f0 c6f1c7f1 
0001f430: c4f2c5f2 c4f3c5f3 c6f2c7f2 c6f3c7f3 
0001f440: c0f4c1f4 c0f5c1f5 c2f4c3f4 c2f5c3f5 
0001f450: c0f6c1f6 c0f7c1f7 c2f6c3f6 c2f7c3f7 
0001f460: c4f4c5f4 c4f5c5f5 c6f4c7f4 c6f5c7f5 
0001f470: c4f6c5f6 c4f7c5f7 c6f6c7f6 c6f7c7f7 
0001f480: c8f0c9f0 c8f1c9f1 caf0cbf0 caf1cbf1 
0001f490: c8f2c9f2 c8f3c9f3 caf2cbf2 caf3cbf3 
0001f4a0: ccf0cdf0 ccf1cdf1 cef0cff0 cef1cff1 
0001f4b0: ccf2cdf2 ccf3cdf3 cef2cff2 cef3cff3 
0001f4c0: c8f4c9f4 c8f5c9f5 caf4cbf4 caf5cbf5 
0001f4d0: c8f6c9f6 c8f7c9f7 caf6cbf6 caf7cbf7 
0001f4e0: ccf4cdf4 ccf5cdf5 cef4cff4 cef5cff5 
0001f4f0: ccf6cdf6 ccf7cdf7 cef6cff6 cef7cff7 
0001f500: c0f8c1f8 c0f9c1f9 c2f8c3f8 c2f9c3f9 
0001f510: c0fac1fa c0fbc1fb c2fac3fa c2fbc3fb 
0001f520: c4f8c5f8 c4f9c5f9 c6f8c7f8 c6f9c7f9 
0001f530: c4fac5fa c4fbc5fb c6fac7fa c6fbc7fb 
0001f540: c0fcc1fc c0fdc1fd c2fcc3fc c2fdc3fd 
0001f550: c0fec1fe c0ffc1ff c2fec3fe c2ffc3ff 
0001f560: c4fcc5fc c4fdc5fd c6fcc7fc c6fdc7fd 
0001f570: c4fec5fe c4ffc5ff c6fec7fe c6ffc7ff 
0001f580: c8f8c9f8 c8f9c9f9 caf8cbf8 caf9cbf9 
0001f590: c8fac9fa c8fbc9fb cafacbfa cafbcbfb 
0001f5a0: ccf8cdf8 ccf9cdf9 cef8cff8 cef9cff9 
0001f5b0: ccfacdfa ccfbcdfb cefacffa cefbcffb 
0001f5c0: c8fcc9fc c8fdc9fd cafccbfc cafdcbfd 
0001f5d0: c8fec9fe c8ffc9ff cafecbfe caffcbff 
0001f5e0: ccfccdfc ccfdcdfd cefccffc cefdcffd 
0001f5f0: ccfecdfe ccffcdff cefecffe ceffcfff 
0001f600: d0f0d1f0 d0f1d1f1 d2f0d3f0 d2f1d3f1 
0001f610: d0f2d1f2 d0f3d1f3 d2f2d3f2 d2f3d3f3 
0001f620: d4f0d5f0 d4f1d5f1 d6f0d7f0 d6f1d7f1 
0001f630: d4f2d5f2 d4f3d5f3 d6f2d7f2 d6f3d7f3 
0001f640: d0f4d1f4 d0f5d1f5 d2f4d3f4 d2f5d3f5 
0001f650: d0f6d1f6 d0f7d1f7 d2f6d3f6 d2f7d3f7 
0001f660: d4f4d5f4 d4f5d5f5 d6f4d7f4 d6f5d7f5 
0001f670: d4f6d5f6 d4f7d5f7 d6f6d7f6 d6f7d7f7 
0001f680: d8f0d9f0 d8f1d9f1 daf0dbf0 daf1dbf1 
0001f690: d8f2d9f2 d8f3d9f3 daf2dbf2 daf3dbf3 
0001f6a0: dcf0ddf0 dcf1ddf1 def0dff0 def1dff1 
0001f6b0: dcf2ddf2 dcf3ddf3 def2dff2 def3dff3 
0001f6c0: d8f4d9f4 d8f5d9f5 daf4dbf4 daf5dbf5 
0001f6d0: d8f6d9f6 d8f7d9f7 daf6dbf6 daf7dbf7 
0001f6e0: dcf4ddf4 dcf5ddf5 def4dff4 def5dff5 
0001f6f0: dcf6ddf6 dcf7ddf7 def6dff6 def7dff7 
0001f700: d0f8d1f8 d0f9d1f9 d2f8d3f8 d2f9d3f9 
0001f710: d0fad1fa d0fbd1fb d2fad3fa d2fbd3fb 
0001f720: d4f8d5f8 d4f9d5f9 d6f8d7f8 d6f9d7f9 
0001f730: d4fad5fa d4fbd5fb d6fad7fa d6fbd7fb 
0001f740: d0fcd1fc d0fdd1fd d2fcd3fc d2fdd3fd 
0001f750: d0fed1fe d0ffd1ff d2fed3fe d2ffd3ff 
0001f760: d4fcd5fc d4fdd5fd d6fcd7fc d6fdd7fd 
0001f770: d4fed5fe d4ffd5ff d6fed7fe d6ffd7ff 
0001f780: d8f8d9f8 d8f9d9f9 daf8dbf8 daf9dbf9 
0001f790: d8fad9fa d8fbd9fb dafadbfa dafbdbfb 
0001f7a0: dcf8ddf8 dcf9ddf9 def8dff8 def9dff9 
0001f7b0: dcfaddfa dcfbddfb defadffa defbdffb 
0001f7c0: d8fcd9fc d8fdd9fd dafcdbfc dafddbfd 
0001f7d0: d8fed9fe d8ffd9ff dafedbfe daffdbff 
0001f7e0: dcfcddfc dcfdddfd defcdffc defddffd 
0001f7f0: dcfeddfe dcffddff defedffe deffdfff 
0001f800: e0e0e1e0 e0e1e1e1 e2e0e3e0 e2e1e3e1 
0001f810: e0e2e1e2 e0e3e1e3 e2e2e3e2 e2e3e3e3 
0001f820: e4e0e5e0 e4e1e5e1 e6e0e7e0 e6e1e7e1 
0001f830: e4e2e5e2 e4e3e5e3 e6e2e7e2 e6e3e7e3 
0001f840: e0e4e1e4 e0e5e1e5 e2e4e3e4 e2e5e3e5 
0001f850: e0e6e1e6 e0e7e1e7 e2e6e3e6 e2e7e3e7 
0001f860: e4e4e5e4 e4e5e5e5 e6e4e7e4 e6e5e7e5 
0001f870: e4e6e5e6 e4e7e5e7 e6e6e7e6 e6e7e7e7 
0001f880: e8e0e9e0 e8e1e9e1 eae0ebe0 eae1ebe1 
0001f890: e8e2e9e2 e8e3e9e3 eae2ebe2 eae3ebe3 
0001f8a0: ece0ede0 ece1ede1 eee0efe0 eee1efe1 
0001f8b0: ece2ede2 ece3ede3 eee2efe2 eee3efe3 
0001f8c0: e8e4e9e4 e8e5e9e5 eae4ebe4 eae5ebe5 
0001f8d0: e8e6e9e6 e8e7e9e7 eae6ebe6 eae7ebe7 
0001f8e0: ece4ede4 ece5ede5 eee4efe4 eee5efe5 
0001f8f0: ece6ede6 ece7ede7 eee6efe6 eee7efe7 
0001f900: e0e8e1e8 e0e9e1e9 e2e8e3e8 e2e9e3e9 
0001f910: e0eae1ea e0ebe1eb e2eae3ea e2ebe3eb 
0001f920: e4e8e5e8 e4e9e5e9 e6e8e7e8 e6e9e7e9 
0001f930: e4eae5ea e4ebe5eb e6eae7ea e6ebe7eb 
0001f940: e0ece1ec e0ede1ed e2ece3ec e2ede3ed 
0001f950: e0eee1ee e0efe1ef e2eee3ee e2efe3ef 
0001f960: e4ece5ec e4ede5ed e6ece7ec e6ede7ed 
0001f970: e4eee5ee e4efe5ef e6eee7ee e6efe7ef 
0001f980: e8e8e9e8 e8e9e9e9 eae8ebe8 eae9ebe9 
0001f990: e8eae9ea e8ebe9eb eaeaebea eaebebeb 
0001f9a0: ece8ede8 ece9ede9 eee8efe8 eee9efe9 
0001f9b0: eceaedea ecebedeb eeeaefea eeebefeb 
0001f9c0: e8ece9ec e8ede9ed eaecebec eaedebed 
0001f9d0: e8eee9ee e8efe9ef eaeeebee eaefebef 
0001f9e0: ececedec ecededed eeecefec eeedefed 
0001f9f0: eceeedee ecefedef eeeeefee eeefefef 
0001fa00: f0e0f1e0 f0e1f1e1 f2e0f3e0 f2e1f3e1 
0001fa10: f0e2f1e2 f0e3f1e3 f2e2f3e2 f2e3f3e3 
0001fa20: f4e0f5e0 f4e1f5e1 f6e0f7e0 f6e1f7e1 
0001fa30: f4e2f5e2 f4e3f5e3 f6e2f7e2 f6e3f7e3 
0001fa40: f0e4f1e4 f0e5f1e5 f2e4f3e4 f2e5f3e5 
0001fa50: f0e6f1e6 f0e7f1e7 f2e6f3e6 f2e7f3e7 
0001fa60: f4e4f5e4 f4e5f5e5 f6e4f7e4 f6e5f7e5 
0001fa70: f4e6f5e6 f4e7f5e7 f6e6f7e6 f6e7f7e7 
0001fa80: f8e0f9e0 f8e1f9e1 fae0fbe0 fae1fbe1 
0001fa90: f8e2f9e2 f8e3f9e3 fae2fbe2 fae3fbe3 
0001faa0: fce0fde0 fce1fde1 fee0ffe0 fee1ffe1 
0001fab0: fce2fde2 fce3fde3 fee2ffe2 fee3ffe3 
0001fac0: f8e4f9e4 f8e5f9e5 fae4fbe4 fae5fbe5 
0001fad0: f8e6f9e6 f8e7f9e7 fae6fbe6 fae7fbe7 
0001fae0: fce4fde4 fce5fde5 fee4ffe4 fee5ffe5 
0001faf0: fce6fde6 fce7fde7 fee6ffe6 fee7ffe7 
0001fb00: f0e8f1e8 f0e9f1e9 f2e8f3e8 f2e9f3e9 
0001fb10: f0eaf1ea f0ebf1eb f2eaf3ea f2ebf3eb 
0001fb20: f4e8f5e8 f4e9f5e9 f6e8f7e8 f6e9f7e9 
0001fb30: f4eaf5ea f4ebf5eb f6eaf7ea f6ebf7eb 
0001fb40: f0ecf1ec f0edf1ed f2ecf3ec f2edf3ed 
0001fb50: f0eef1ee f0eff1ef f2eef3ee f2eff3ef 
0001fb60: f4ecf5ec f4edf5ed f6ecf7ec f6edf7ed 
0001fb70: f4eef5ee f4eff5ef f6eef7ee f6eff7ef 
0001fb80: f8e8f9e8 f8e9f9e9 fae8fbe8 fae9fbe9 
0001fb90: f8eaf9ea f8ebf9eb faeafbea faebfbeb 
0001fba0: fce8fde8 fce9fde9 fee8ffe8 fee9ffe9 
0001fbb0: fceafdea fcebfdeb feeaffea feebffeb 
0001fbc0: f8ecf9ec f8edf9ed faecfbec faedfbed 
0001fbd0: f8eef9ee f8eff9ef faeefbee faeffbef 
0001fbe0: fcecfdec fcedfded feecffec feedffed 
0001fbf0: fceefdee fceffdef feeeffee feefffef 
0001fc00: e0f0e1f0 e0f1e1f1 e2f0e3f0 e2f1e3f1 
0001fc10: e0f2e1f2 e0f3e1f3 e2f2e3f2 e2f3e3f3 
0001fc20: e4f0e5f0 e4f1e5f1 e6f0e7f0 e6f1e7f1 
0001fc30: e4f2e5f2 e4f3e5f3 e6f2e7f2 e6f3e7f3 
0001fc40: e0f4e1f4 e0f5e1f5 e2f4e3f4 e2f5e3f5 
0001fc50: e0f6e1f6 e0f7e1f7 e2f6e3f6 e2f7e3f7 
0001fc60: e4f4e5f4 e4f5e5f5 e6f4e7f4 e6f5e7f5 
0001fc70: e4f6e5f6 e4f7e5f7 e6f6e7f6 e6f7e7f7 
0001fc80: e8f0e9f0 e8f1e9f1 eaf0ebf0 eaf1ebf1 
0001fc90: e8f2e9f2 e8f3e9f3 eaf2ebf2 eaf3ebf3 
0001fca0: ecf0edf0 ecf1edf1 eef0eff0 eef1eff1 
0001fcb0: ecf2edf2 ecf3edf3 eef2eff2 eef3eff3 
0001fcc0: e8f4e9f4 e8f5e9f5 eaf4ebf4 eaf5ebf5 
0001fcd0: e8f6e9f6 e8f7e9f7 eaf6ebf6 eaf7ebf7 
0001fce0: ecf4edf4 ecf5edf5 eef4eff4 eef5eff5 
0001fcf0: ecf6edf6 ecf7edf7 eef6eff6 eef7eff7 
0001fd00: e0f8e1f8 e0f9e1f9 e2f8e3f8 e2f9e3f9 
0001fd10: e0fae1fa e0fbe1fb e2fae3fa e2fbe3fb 
0001fd20: e4f8e5f8 e4f9e5f9 e6f8e7f8 e6f9e7f9 
0001fd30: e4fae5fa e4fbe5fb e6fae7fa e6fbe7fb 
0001fd40: e0fce1fc e0fde1fd e2fce3fc e2fde3fd 
0001fd50: e0fee1fe e0ffe1ff e2fee3fe e2ffe3ff 
0001fd60: e4fce5fc e4fde5fd e6fce7fc e6fde7fd 
0001fd70: e4fee5fe e4ffe5ff e6fee7fe e6ffe7ff 
0001fd80: e8f8e9f8 e8f9e9f9 eaf8ebf8 eaf9ebf9 
0001fd90: e8fae9fa e8fbe9fb eafaebfa eafbebfb 
0001fda0: ecf8edf8 ecf9edf9 eef8eff8 eef9eff9 
0001fdb0: ecfaedfa ecfbedfb eefaeffa eefbeffb 
0001fdc0: e8fce9fc e8fde9fd eafcebfc eafdebfd 
0001fdd0: e8fee9fe e8ffe9ff eafeebfe eaffebff 
0001fde0: ecfcedfc ecfdedfd eefceffc eefdeffd 
0001fdf0: ecfeedfe ecffedff eefeeffe eeffefff 
0001fe00: f0f0f1f0 f0f1f1f1 f2f0f3f0 f2f1f3f1 
0001fe10: f0f2f1f2 f0f3f1f3 f2f2f3f2 f2f3f3f3 
0001fe20: f4f0f5f0 f4f1f5f1 f6f0f7f0 f6f1f7f1 
0001fe30: f4f2f5f2 f4f3f5f3 f6f2f7f2 f6f3f7f3 
0001fe40: f0f4f1f4 f0f5f1f5 f2f4f3f4 f2f5f3f5 
0001fe50: f0f6f1f6 f0f7f1f7 f2f6f3f6 f2f7f3f7 
0001fe60: f4f4f5f4 f4f5f5f5 f6f4f7f4 f6f5f7f5 
0001fe70: f4f6f5f6 f4f7f5f7 f6f6f7f6 f6f7f7f7 
0001fe80: f8f0f9f0 f8f1f9f1 faf0fbf0 faf1fbf1 
0001fe90: f8f2f9f2 f8f3f9f3 faf2fbf2 faf3fbf3 
0001fea0: fcf0fdf0 fcf1fdf1 fef0fff0 fef1fff1 
0001feb0: fcf2fdf2 fcf3fdf3 fef2fff2 fef3fff3 
0001fec0: f8f4f9f4 f8f5f9f5 faf4fbf4 faf5fbf5 
0001fed0: f8f6f9f6 f8f7f9f7 faf6fbf6 faf7fbf7 
0001fee0: fcf4fdf4 fcf5fdf5 fef4fff4 fef5fff5 
0001fef0: fcf6fdf6 fcf7fdf7 fef6fff6 fef7fff7 
0001ff00: f0f8f1f8 f0f9f1f9 f2f8f3f8 f2f9f3f9 
0001ff10: f0faf1fa f0fbf1fb f2faf3fa f2fbf3fb 
0001ff20: f4f8f5f8 f4f9f5f9 f6f8f7f8 f6f9f7f9 
0001ff30: f4faf5fa f4fbf5fb f6faf7fa f6fbf7fb 
0001ff40: f0fcf1fc f0fdf1fd f2fcf3fc f2fdf3fd 
0001ff50: f0fef1fe f0fff1ff f2fef3fe f2fff3ff 
0001ff60: f4fcf5fc f4fdf5fd f6fcf7fc f6fdf7fd 
0001ff70: f4fef5fe f4fff5ff f6fef7fe f6fff7ff 
0001ff80: f8f8f9f8 f8f9f9f9 faf8fbf8 faf9fbf9 
0001ff90: f8faf9fa f8fbf9fb fafafbfa fafbfbfb 
0001ffa0: fcf8fdf8 fcf9fdf9 fef8fff8 fef9fff9 
0001ffb0: fcfafdfa fcfbfdfb fefafffa fefbfffb 
0001ffc0: f8fcf9fc f8fdf9fd fafcfbfc fafdfbfd 
0001ffd0: f8fef9fe f8fff9ff fafefbfe fafffbff 
0001ffe0: fcfcfdfc fcfdfdfd fefcfffc fefdfffd 
0001fff0: fcfefdfe fcfffdff fefefffe feffffff 
