# BODUMP reason=sigusr1 handle=0 gpu_va=0x10000000000 cpu=0x10050c000 size=0x10000 read=0x10000
00000000: 40030000 00000000 00000000 00000000 
00000010: 00000000 00000000 00000000 00000000 
00000020: 00000000 00000000 00000000 00000000 
00000030: 00000000 00000000 00000000 00000000 
00000040: 06000600 06000600 06000600 06000600 
00000050: 06000600 06000600 06000600 06000600 
00000060: 06000600 06000600 06000600 06000600 
00000070: 06000600 06000600 06000600 06000600 
00000080: 06000600 06000600 06000600 06000600 
00000090: 06000600 06000600 06000600 06000600 
000000a0: 06000600 06000600 06000600 06000600 
000000b0: 06000600 06000600 06000600 06000600 
000000c0: 06000600 06000600 06000600 06000600 
000000d0: 06000600 06000600 06000600 06000600 
000000e0: 06000600 06000600 06000600 06000600 
000000f0: 06000600 06000600 06000600 06000600 
00000100: 0f005460 00000000 00000600 06000600 
00000110: 0f005450 00000000 00000600 06000600 
00000120: 0f005440 00000000 00000600 06000600 
00000130: 0f005430 00000000 00000600 06000600 
00000140: 0f005420 00000000 00000600 06000600 
00000150: 0f005410 00000000 00000600 06000600 
00000160: f703aa00 8f025401 06000600 06000600 
00000170: f703aa00 8f025401 06000600 06000600 
00000180: 06000600 06000600 06000600 06000600 
00000190: 06000600 06000600 06000600 06000600 
000001a0: 06000600 06000600 06000600 06000600 
000001b0: 06000600 06000600 06000600 06000600 
000001c0: 06000600 06000600 06000600 06000600 
000001d0: 06000600 06000600 06000600 06000600 
000001e0: 06000600 06000600 06000600 06000600 
000001f0: 06000600 06000600 06000600 06000600 
00000200: 0f005460 00000000 00000600 06000600 
00000210: 0f005450 00000000 00000600 06000600 
00000220: 0f005440 00000000 00000600 06000600 
00000230: 0f005430 00000000 00000600 06000600 
00000240: 0f005420 00000000 00000600 06000600 
00000250: 0f005410 00000000 00000600 06000600 
00000260: f703aa00 8f025401 06000600 06000600 
00000270: f703aa00 8f025401 06000600 06000600 
00000280: 06000600 06000600 06000600 06000600 
00000290: 06000600 06000600 06000600 06000600 
000002a0: 06000600 06000600 06000600 06000600 
000002b0: 06000600 06000600 06000600 06000600 
000002c0: 06000600 06000600 06000600 06000600 
000002d0: 06000600 06000600 06000600 06000600 
000002e0: 06000600 06000600 06000600 06000600 
000002f0: 06000600 06000600 06000600 06000600 
00000300: 06000600 06000600 06000600 06000600 
00000310: 06000600 06000600 06000600 06000600 
00000320: 06000600 06000600 06000600 06000600 
00000330: 06000600 06000600 06000600 06000600 
00000340: 40010000 00000000 00000000 00000000 
00000350: 00000000 00000000 00000000 00000000 
00000360: 00000000 00000000 00000000 00000000 
00000370: 00000000 00000000 00000000 00000000 
00000380: 03000700 02000000 60000e00 00000600 
00000390: 06000600 06000600 06000600 06000600 
000003a0: 06000600 06000600 06000600 06000600 
000003b0: 06000600 06000600 06000600 06000600 
000003c0: 0cdd1006 9f115404 030000e8 16059f01 
000003d0: 54020202 108c1104 9f015400 02041088 
000003e0: 11046700 54040082 20005109 00404600 
000003f0: 67005402 00812000 11080040 46006700 
00000400: 44000080 20005108 00404600 0b052f00 
00000410: 42000088 00001b02 29242b01 2f004240 
00000420: 00040000 3c80233e 0000000c 40605746 
00000430: 54000040 4a005716 54022040 48005726 
00000440: 54044040 49005786 54066040 4b000e00 
00000450: 00000000 00000000 00000000 00000000 
00000460: 00000000 00000000 00000000 00000000 
00000470: 00000000 00000000 00000000 00000000 
00000480: c0000000 00000000 00000000 00000000 
00000490: 00000000 00000000 00000000 00000000 
000004a0: 00000000 00000000 00000000 00000000 
000004b0: 00000000 00000000 00000000 00000000 
000004c0: 0e000000 06000600 06000600 06000600 
000004d0: 06000600 06000600 06000600 06000600 
000004e0: 06000600 06000600 06000600 06000600 
000004f0: 06000600 06000600 06000600 06000600 
00000500: 04841106 01000000 9f115400 031e0000 
00000510: 14040b00 29048702 54010300 57145400 
00000520: 00010702 54010300 0e000000 00000000 
00000530: 00000000 00000000 00000000 00000000 
00000540: c0000000 00000000 00000000 00000000 
00000550: 00000000 00000000 00000000 00000000 
00000560: 00000000 00000000 00000000 00000000 
00000570: 00000000 00000000 00000000 00000000 
00000580: 0e000000 06000600 06000600 06000600 
00000590: 06000600 06000600 06000600 06000600 
000005a0: 06000600 06000600 06000600 06000600 
000005b0: 06000600 06000600 06000600 06000600 
000005c0: 2cdd1006 1b000000 9f115400 02021088 
000005d0: 1104e700 54020002 21001102 00901100 
000005e0: e7005402 00002100 11020090 11000e00 
000005f0: 00000000 00000000 00000000 00000000 
00000600: 40080000 00000000 00000000 00000000 
00000610: 00000000 00000000 00000000 00000000 
00000620: 00000000 00000000 00000000 00000000 
00000630: 00000000 00000000 00000000 00000000 
00000640: 03000700 02000000 60000e00 00000600 
00000650: 06000600 06000600 06000600 06000600 
00000660: 06000600 06000600 06000600 06000600 
00000670: 06000600 06000600 06000600 06000600 
00000680: 0ca01006 0a0c3200 84200f05 54010f01 
00000690: 54740700 00000000 5ca01006 53002021 
000006a0: 9f00540c 0214c000 60200200 67005408 
000006b0: 01062000 61810540 42006700 54000106 
000006c0: 20001700 00404200 67005414 01862000 
000006d0: 4d400440 42000a08 2b800600 07c20200 
000006e0: 0f055401 0f01546e 00000000 00006ca0 
000006f0: 10466300 20619f01 540a0318 30e81605 
00000700: 9f01540a 02002888 14046700 54100185 
00000710: 20004d81 03404200 67105418 00000000 
00000720: 5d050040 22009f00 560a0230 40005022 
00000730: 0a009f00 540c0234 44045022 0a009f00 
00000740: 540e0238 48045022 0a000311 09001312 
00000750: 09000f04 24196710 540a0000 00005701 
00000760: 00402200 67005400 00000000 59050240 
00000770: 22000f06 24010000 9f005601 03004000 
00000780: 00200a00 b3000001 9f005412 02020800 
00000790: 00220a00 93000001 67205418 000b2000 
000007a0: 5909ff5f 48006700 44220009 20001908 
000007b0: ff5f4800 1f01541c 032c0408 11019f01 
000007c0: 541c0238 54281305 9f00561c 033070e0 
000007d0: e02f2a00 9f105420 024454ac 68222a00 
000007e0: 0a822580 22800500 20829a8f 258d2280 
000007f0: 05002082 1a822590 22800500 8001a700 
00000800: 54180344 9000f013 05000a80 25820283 
00000810: 05002081 428f258b 22800500 80138a80 
00000820: 25908203 05008001 1a8d258f 02880500 
00000830: 2081e219 2e170500 0a8d258b 82080500 
00000840: 80039f00 541c0338 48045022 0a001a8b 
00000850: 250f0281 05002080 a7075418 032a8420 
00000860: 0a0b250d 80030500 1a902582 02910500 
00000870: 2080a707 541c0338 ac208a90 25808003 
00000880: 0500af00 54180330 10482000 1a902582 
00000890: 06010708 02911a90 05808603 07088211 
000008a0: e91d0919 0f05541a a7000420 033c6800 
000008b0: f0100501 02216d92 22800400 20811a92 
000008c0: 039e2680 16028020 8f045422 0f015408 
000008d0: 05000000 00000b92 679f1002 00000000 
000008e0: 0a212b80 06000702 00000f05 64010f01 
000008f0: 548c0100 00000000 9f00543a 02000a04 
00000900: 10200a00 9f005438 02200a00 10200a00 
00000910: 9f005436 02200000 10200a00 6700542c 
00000920: 001d2000 5909ff5f 48006700 5426001c 
00000930: 20001908 ff5f4800 67004420 001b2000 
00000940: 5908ff5f 48009f01 54340240 48081104 
00000950: 9f005630 0358d0a4 e9232a00 9f10542a 
00000960: 024cd0a4 e9232a00 9f205424 0340d0a4 
00000970: e9232a00 a7005430 0364ba04 f0100500 
00000980: a7005424 0364b800 f0130501 a700542e 
00000990: 0358a204 f0100500 a7005428 0258a000 
000009a0: f0130501 a700542c 034c8a04 f0100500 
000009b0: a7005422 024c8800 f0130501 9f00542a 
000009c0: 03000a04 00200a00 9f005426 03200a04 
000009d0: 00200a00 9f005427 03200204 00200a00 
000009e0: 9f005420 0360e800 d0240a00 9f005432 
000009f0: 0354c004 00220a00 9f00542a 035ce000 
00000a00: d0240a00 9ab525a1 8d300700 9f005426 
00000a10: 034cb804 00220a00 220b7525 220f0500 
00000a20: 80329f00 5430034e b0040022 0a0002b5 
00000a30: 75218624 0700200e 9f005424 0358d800 
00000a40: d0240a00 0a8d7529 220f0500 802642b5 
00000a50: 25ab852e 07000ab5 752b240e 0700328f 
00000a60: 7523220f 05008030 8ab525a5 8d2c0700 
00000a70: 12357d25 86260700 200e0f04 04190f01 
00000a80: 541e0100 00000000 1f015408 03200600 
00000a90: 11014308 2e900200 00000000 27055411 
00000aa0: 03105004 1f015408 03000600 11014308 
00000ab0: 2e800200 00000000 27055408 03105004 
00000ac0: 8a902580 26900702 82112700 54200302 
00000ad0: 44009012 04001f01 54110304 06001101 
00000ae0: 9f005425 03000a04 00200a00 83102e82 
00000af0: 0e000000 00004280 25802690 07028208 
00000b00: 27055413 03225004 27005426 03022000 
00000b10: 90120400 9f005411 03200a04 00200a00 
00000b20: 42822580 26900702 82132700 54220302 
00000b30: 20009012 04009f01 54080300 9a001505 
00000b40: 9f005424 03200204 00200a00 9f015413 
00000b50: 03208200 15059f00 54210322 20040022 
00000b60: 0a009f01 54110304 8a001505 9f005420 
00000b70: 034a4c04 00220a00 9f005422 03484404 
00000b80: 00220a00 020b6592 210e1500 0a0d6588 
00000b90: 290e0500 120f6590 210e1500 0f060401 
00000ba0: 00002aa0 64a00d00 1aa065a0 22810d00 
00000bb0: 20801aa2 65a42982 150022a2 658006a1 
00000bc0: 1f0202a0 42a27524 02a21500 80240aa8 
00000bd0: 22140400 23006000 0f055421 0f0154da 
00000be0: 01000000 00002380 77ff1c02 00000000 
00000bf0: 238277ff 18020000 000032a4 658006a1 
00000c00: 1f0202a0 0aa46580 86211702 82200224 
00000c10: 6d8206a2 0f028226 22246d82 86220702 
00000c20: 822102a8 75200601 07088223 52287d24 
00000c30: 06030708 8220332a 77ff1402 00000000 
00000c40: 9f015422 03049c04 11049f00 54200344 
00000c50: 42001024 0200a700 54240342 0400c011 
00000c60: 01009f01 54230308 9c041104 9f005420 
00000c70: 03464200 10240200 9f015420 03489040 
00000c80: 16051f01 54250344 80001705 a7005420 
00000c90: 03420400 c0110100 0aa46580 06801f02 
00000ca0: 02901224 6d820682 0f028221 22a66580 
00000cb0: 06081f02 02139f01 54200340 80401605 
00000cc0: 32266582 06110f02 82241f01 54210346 
00000cd0: 80001705 9f006420 03449800 00220a00 
00000ce0: 12a06580 06001f02 02100a20 6d820602 
00000cf0: 0f028222 9f005428 02408400 00260a00 
00000d00: 43004001 67004422 00142000 5909ff5f 
00000d10: 48009f00 56200344 54a86022 2a00a700 
00000d20: 54200344 9000f013 05000221 6e170500 
00000d30: 9f005420 0340a000 50260a00 222a7dfe 
00000d40: 06901602 00a6a707 54200340 ac205aa6 
00000d50: 65808626 1f020280 9f005422 03569204 
00000d60: 00200a00 2a266d82 06110f02 02823921 
00000d70: 691912a7 059d00a5 03009f00 54250344 
00000d80: 94000026 0a0002a7 059d802b 030082a7 
00000d90: 059d8024 030002a7 679d029c 030000a6 
00000da0: 22a7659d 22800300 20819227 1d1d8025 
00000db0: 0300eb20 09000f06 04010000 1a242b80 
00000dc0: 06000702 02008f04 54020f00 54defaff 
00000dd0: ffffff00 0f060402 00008300 00010300 
00000de0: 00011300 0001e700 540a0200 00005700 
00000df0: 00900800 e7005400 02000000 59810090 
00000e00: 08000f06 04010000 0e000000 00000000 
00000e10: 00000000 00000000 00000000 00000000 
00000e20: 00000000 00000000 00000000 00000000 
00000e30: 00000000 00000000 00000000 00000000 
00000e40: 00140000 00000000 00000000 00000000 
00000e50: 00000000 00000000 00000000 00000000 
00000e60: 00000000 00000000 00000000 00000000 
00000e70: 00000000 00000000 00000000 00000000 
00000e80: 03000700 02000000 60000e00 00000600 
00000e90: 06000600 06000600 06000600 06000600 
00000ea0: 06000600 06000600 06000600 06000600 
00000eb0: 06000600 06000600 06000600 06000600 
00000ec0: 0cdd1006 9f105412 0200e000 702a0200 
00000ed0: 67005400 09000000 57010040 22006700 
00000ee0: 540a0900 00001700 02402200 6700441c 
00000ef0: 09000000 11000440 22000a81 228017c2 
00000f00: 0f055401 0f015402 05000000 00000a01 
00000f10: 2b800600 07020000 0f155401 0f0154e4 
00000f20: 04000000 0000a707 54220338 8e202707 
00000f30: 54000344 96080200 a7075418 03048e20 
00000f40: 1f015400 033802a8 1505af00 54120330 
00000f50: 02482000 1f015414 03000628 110102a3 
00000f60: 27118514 0002a707 54160300 ac60a993 
00000f70: 21a32707 54000328 96080200 d9953619 
00000f80: 81220208 19937117 a7075416 03008e20 
00000f90: 99133e1b 80229913 2c0e1002 a9153c17 
00000fa0: 00089913 38152707 54140324 b4480300 
00000fb0: 9f015416 030050b0 160d9f00 5420032c 
00000fc0: 0a04e020 0a009f00 54000330 0814d12b 
00000fd0: 2a00aa9d 35212281 05002080 42802581 
00000fe0: 22818500 20800280 35018615 87008008 
00000ff0: 02002d80 26800702 22811f01 5400032c 
00001000: 00281705 9f005400 03000804 d0220a00 
00001010: a707542c 0314ac20 1f015400 033802a8 
00001020: 1505021d 3f03811c 05001983 252d8000 
00001030: 9f005400 03003000 50260200 2707542e 
00001040: 0304b408 0200a707 542a0318 ac209f01 
00001050: 54000300 30681601 9f01540a 0300baac 
00001060: 1105a707 5426031c ac201983 252b8000 
00001070: 27076432 0304b408 02009f01 54020202 
00001080: 28881104 69832527 80002707 54340318 
00001090: b4080200 9f01540c 02643a28 15016700 
000010a0: 541e0185 20005909 00404800 9f015400 
000010b0: 0300d0a8 1305a707 54280320 ac206700 
000010c0: 54220181 20009908 00404800 9f01540a 
000010d0: 02643668 14011983 25298000 67005416 
000010e0: 01862000 99080040 48002707 54300304 
000010f0: b4080200 9f015402 02020088 11046700 
00001100: 540e0180 20001909 00404800 9f015400 
00001110: 02603a28 15016700 541a0185 20001909 
00001120: 00404800 67005412 01812000 d9080040 
00001130: 48009f01 540a0260 34681401 67005400 
00001140: 01802000 d9080040 48006700 440a0185 
00001150: 20005908 00404800 a7075436 0264ac20 
00001160: a707542e 025cac20 9ba167bf 10020080 
00001170: 0000a707 54320364 ac20792f 6d081002 
00001180: c9376d08 100279ad 742f0008 f9a17533 
00001190: 80009b99 67bf1082 00000000 f2af07bf 
000011a0: 85220200 a7075432 0364ac20 722f7f3f 
000011b0: 86240200 802029ab 74390008 a7075422 
000011c0: 0368ac20 0b9167bf 10020040 000099a1 
000011d0: 75338000 a7075420 0340ac20 d2a507b3 
000011e0: 84160200 b9232d08 1002c225 3f33851c 
000011f0: 020019a7 74170008 29a17521 8000a707 
00001200: 54200360 ac20b2a3 07a58612 0280800e 
00001210: a701541c 035c2078 62007b83 27bf1002 
00001220: 00000000 92233f25 86140200 8010a707 
00001230: 540e031c ac20a921 2d081002 a7075410 
00001240: 0338ac60 e9a93415 0008a701 54120324 
00001250: 20786200 09a1750f 8000a701 540e0330 
00001260: 20786200 629d2721 84020240 19112d08 
00001270: 0002a701 54100318 20786200 691f392d 
00001280: a707540e 031cac60 190d3803 a707540c 
00001290: 0324ac60 92832181 26a00202 a0a0a707 
000012a0: 54100320 ac609283 21a12380 03028012 
000012b0: 00000100 a90f2d08 0002690d 2d080002 
000012c0: 79122883 89110d08 00022707 540e031c 
000012d0: b4480300 921d3f21 860a0200 8000091b 
000012e0: 392b9913 19290901 3815a707 540a031c 
000012f0: ac604281 218126a0 0202a0a0 79173927 
00001300: 428121a1 23800302 80080000 0100790f 
00001310: 380d1203 2f0b830a 03028002 00000100 
00001320: 528f2181 26a00202 a0a02707 54020204 
00001330: b4080200 b28f21a1 23800302 800a0000 
00001340: 01006908 28815913 38118916 288f1a8b 
00001350: 218126a0 0202a0a0 27075410 0320b448 
00001360: 03001a8b 21a12380 03028003 00000100 
00001370: 27075412 0318b448 03006902 2c8b0800 
00001380: 2707540c 0318b448 0300a707 54140324 
00001390: ac60a707 54100320 ac60a707 540c0318 
000013a0: ac600201 2f0b8314 03028000 00000100 
000013b0: 27075400 0300b408 0200720f 2f0b8310 
000013c0: 0302800e 00000100 2707540e 021cb408 
000013d0: 0200520b 2f0b830c 0302800a 00000100 
000013e0: 27075410 0214b408 02007302 09018300 
000013f0: 0901e700 540e0200 00005901 00a00800 
00001400: 0f060401 00000f04 04190f01 54140e00 
00001410: 00000000 0a012282 07020f05 54010f01 
00001420: 54820500 00000000 a7175422 03388e20 
00001430: 27075400 03449608 0200a707 54180304 
00001440: 8e201f01 54000338 02a81505 af005412 
00001450: 03300248 20001f01 54140300 06281101 
00001460: 02a32711 85140002 a7075416 0300ac60 
00001470: a99321a3 27075400 03289608 0200d995 
00001480: 36198122 02081993 7117a707 54160300 
00001490: 8e209913 3e1b8022 99132c0e 1002a915 
000014a0: 3c170008 99133815 27075414 0324b448 
000014b0: 03009f01 54160300 50b0160d 9f005420 
000014c0: 032c0a04 e0200a00 9f005400 03300814 
000014d0: d12b2a00 aa9d3521 22810500 20804280 
000014e0: 25812281 85002080 02803501 86158700 
000014f0: 80080200 2d802680 07022281 1f015400 
00001500: 032c0028 17059f00 54000300 0804d022 
00001510: 0a00a707 54300314 ac201f01 54000338 
00001520: 02a81505 021d3f03 811c0500 19832531 
00001530: 80009f00 54000300 30005026 02002707 
00001540: 54360304 b4080200 9f01540a 03003068 
00001550: 16019f01 54000314 daac1105 a707542e 
00001560: 0318ac20 a707542c 031cac20 1983252f 
00001570: 82000000 60000000 27075434 0304b408 
00001580: 02006983 252d8000 9f015402 02020088 
00001590: 11042707 54380318 b4080200 67005422 
000015a0: 01802000 59090040 48009f01 54000268 
000015b0: 3a281501 9f01540c 0314e0a8 1305a707 
000015c0: 542a0320 ac206700 54260181 20001908 
000015d0: 00404800 9f01540a 02683468 14016700 
000015e0: 541a0180 20001908 00404800 9f015400 
000015f0: 02023088 11041983 252b8000 67005412 
00001600: 01862000 99080040 48002707 54320304 
00001610: b4080200 9f015402 02643a28 15016700 
00001620: 541e0185 2000d908 00404800 67005416 
00001630: 01802000 d9080040 48009f01 54000264 
00001640: 34681401 6700540a 01812000 d9080040 
00001650: 48006700 540e0180 20005908 00404800 
00001660: 67004400 02000000 19010040 2200a707 
00001670: 5436026c ac20dba5 67bf1002 00800000 
00001680: a707543a 0374ac20 f9376d08 1002b9b1 
00001690: 743f0008 f9a1753b 8000a707 54340368 
000016a0: ac2012b7 67bf8526 0220a707 54380370 
000016b0: ac203b9d 67bf1002 00000000 22377f3f 
000016c0: 85280200 a7075426 034cac20 b9356d08 
000016d0: 10024b95 67bf1082 00000000 a9af7437 
000016e0: 0008a707 54280350 ac20b9a1 75278000 
000016f0: a7015426 03482078 6200d939 6d081002 
00001700: 22b547b7 861e0280 801ad9ad 343b0008 
00001710: 49a17529 8000a707 5426034c ac60f235 
00001720: 3f378620 0200801c e29b07a9 86160200 
00001730: 8012b21b 3f298618 02008014 a707541a 
00001740: 0364ac20 99272d08 0002a701 5414033c 
00001750: 20786200 cb8d27bf 10020000 00000923 
00001760: 7931a707 54180330 ac20d91b 2d081002 
00001770: 99213813 d9ab341b 0008a701 5416032c 
00001780: 20786200 f9a13519 8000a707 54140328 
00001790: ac60629b 271f8510 02404293 218126a0 
000017a0: 0202a0a0 a701540c 03182078 62004293 
000017b0: 21a12380 03028008 00000100 a9152d08 
000017c0: 0002a707 5410032c ac60b908 2813c925 
000017d0: 392f2707 5416032c b4480300 a9193815 
000017e0: 89112d08 0002a707 540c0318 ac60c91d 
000017f0: 392da707 5416032c ac60721b 3f1f840a 
00001800: 02005919 3811890d 2d080002 428b2181 
00001810: 26a00202 a0a06213 2f0b8316 03028012 
00001820: 00000100 428b21a1 23800302 80080000 
00001830: 01002707 540c0218 b4080200 990f392b 
00001840: 7908288b 89133811 2707540e 031cb448 
00001850: 03004291 218126a0 0202a0a0 92952181 
00001860: 26a00202 a0a04291 21a12380 03028008 
00001870: 00000100 929521a1 23800302 80120000 
00001880: 0100a707 5418031c ac607908 28912707 
00001890: 540e031c b4480300 99122895 27075412 
000018a0: 0324b448 0300520b 2f0b8318 0302800a 
000018b0: 00000100 2707540a 0314b408 0200a707 
000018c0: 54160324 ac60a707 5412031c ac602700 
000018d0: 540c0318 2c00f011 01007215 2f0b8316 
000018e0: 03028014 00000100 2707540e 031cb408 
000018f0: 02008211 2f0b8312 03028010 00000100 
00001900: 27075410 0320b408 02006b0d 2f150002 
00001910: 00000000 2700540e 031c2c00 f0110100 
00001920: 9f015408 03144800 1701ab01 2f170002 
00001930: 00400000 a700540a 03101400 d0119100 
00001940: 9f015400 03204800 17017b0f 2f150002 
00001950: 00000000 a7005400 03001400 d0119100 
00001960: 8b032f17 00020000 00009f01 540c0318 
00001970: 50a81705 9f015402 031c40a8 17059f01 
00001980: 540e0218 28a81705 9f015410 020400a8 
00001990: 1705e700 540e0200 00005901 00a00800 
000019a0: 0f040419 0f016474 08000000 00000201 
000019b0: 2d822680 07022081 1a030380 26810702 
000019c0: 80000f15 54210f01 54520800 00000000 
000019d0: 67004412 09000000 57850440 2200a707 
000019e0: 54000238 8c20a707 561a0324 8e209f01 
000019f0: 54140328 70a81705 a7075414 0328ac20 
00001a00: 9f015412 032c48a8 1705a707 54120324 
00001a10: ac201f01 54160200 388c1104 1f01541c 
00001a20: 0200408c 11041f01 541e021c 06281101 
00001a30: 220d6591 26810700 20801f01 54200220 
00001a40: 04281101 420b050f 86240700 20803b00 
00001a50: 60000f05 541a1219 67120726 170a0018 
00001a60: 00000001 29836501 80009f00 54220344 
00001a70: 30005026 02002707 54280348 b4080200 
00001a80: 9f01542c 03443068 16012983 651b8200 
00001a90: 00006000 00009f01 54220358 a2ac1105 
00001aa0: 2707544a 0348b408 02009f01 542a0294 
00001ab0: 3a281501 9f015424 02028888 11046700 
00001ac0: 543e0191 20005909 00404800 9f015422 
00001ad0: 02943468 14016700 54360195 20001908 
00001ae0: 00404800 67005442 01922000 19080040 
00001af0: 48006700 443a0191 20009908 00404800 
00001b00: 19836515 80002707 54480344 b4080200 
00001b10: 19836513 82000000 60000000 27075454 
00001b20: 0344b408 02009f01 54220358 20a91305 
00001b30: 9f01542c 02a83a28 15019f01 542a0202 
00001b40: 88881104 67005422 01912000 d9080040 
00001b50: 48009f01 543202a8 34681401 6700542e 
00001b60: 01962000 d9080040 48006700 542a0195 
00001b70: 20001909 00404800 67004432 01992000 
00001b80: 59080040 4800a707 54280250 ac203bc1 
00001b90: a7bf1002 00800000 a7075446 038cac20 
00001ba0: 49296d08 1002a707 544a0394 ac206981 
00001bb0: b4290008 4bb967bf 10220000 000079a1 
00001bc0: b5478000 a7075446 0350ac20 42cd67cf 
00001bd0: 86440200 8040a701 54280350 20786200 
00001be0: 094bad08 1002099b b4410008 29a1b547 
00001bf0: 8000a707 54460350 ac6042c1 67c5863c 
00001c00: 02608038 a7015428 03502078 6200f24d 
00001c10: 7f4f8542 0200c947 6d080002 e93f6901 
00001c20: a7075428 0350ac60 e93d7839 2f00543e 
00001c30: 03789240 0200b241 7f45853a 02004929 
00001c40: 6d080002 b937691b 49377829 d9bd64bf 
00001c50: 00082f00 54380350 92400200 b23b6fa1 
00001c60: 863e0002 803c2f00 5436036c b0400200 
00001c70: e9a964b9 00082707 5436036c b4080200 
00001c80: 423d6fa1 85380002 2f005438 0350b040 
00001c90: 02004b37 6a97a707 54360350 8e202707 
00001ca0: 54380370 b4080200 a7075452 031c8e20 
00001cb0: 2707543c 036c9608 02005b39 aa1da707 
00001cc0: 54380394 8e201f01 543e0350 f0a81505 
00001cd0: af005450 03a40048 20001f01 5440037c 
00001ce0: 06281101 2707543a 03709408 0200e2b7 
00001cf0: 67118640 0002803e a707543c 0378ac60 
00001d00: a707544e 03208e20 1951a1b7 1f015440 
00001d10: 0394e8a8 15052707 543a0284 96080200 
00001d20: 1f01545a 03800628 1101af00 544c039c 
00001d30: 00482000 f2b96711 865a0002 8040b9c3 
00001d40: 66538136 0208a707 5456037c ac6009d1 
00001d50: b13df9cd 61b9e9d1 76378040 27075436 
00001d60: 037c9608 0200e93d 4c0e1002 a7075444 
00001d70: 03748e20 c93f664f 81380208 d9cdb157 
00001d80: a7075440 036c8c20 c94d735a 2943bc45 
00001d90: 0008c939 6c0e1002 e93d7845 093fbc41 
00001da0: 00082707 543c0378 b4480300 c9397841 
00001db0: 27075438 0370b448 03009f01 543a0274 
00001dc0: f0b0160d 9f015436 026ce0b0 160d9f00 
00001dd0: 54440274 3804e020 0a009f00 5440026c 
00001de0: 4004e020 0a00a707 54480390 ac20a707 
00001df0: 545603a8 ac20fba5 67bf1002 00200000 
00001e00: c949ad08 1002a707 5448037c ac20abb1 
00001e10: a7bf1002 00000000 f9957459 0008a707 
00001e20: 545403a8 ac20b957 ad081002 c9a1b549 
00001e30: 80004993 b4570008 22bf67d9 852c02a0 
00001e40: 69a17555 8000a701 54240348 20786200 
00001e50: 82c967ad 85340240 a7015430 03602078 
00001e60: 6200a707 54240348 ac60a707 54300360 
00001e70: ac606249 7f2d8632 0200802e 123f7f59 
00001e80: 852a0200 29256d08 00027923 69151931 
00001e90: 6d080002 292f7825 592d6913 2f00542c 
00001ea0: 03489240 0200192b 78232f00 542a0344 
00001eb0: 92400200 79a564ad 0008222f 6fa1852c 
00001ec0: 000269a3 64ab0008 2f005424 0348b040 
00001ed0: 0400122d 6fa1852a 00022f00 54220344 
00001ee0: b0400400 2707542c 0348b408 02002707 
00001ef0: 54220344 b4080200 9f015424 033cb0a8 
00001f00: 15054b25 aa179f01 542a0340 88a81505 
00001f10: a7075424 03908e20 fb2b6a1d a707542c 
00001f20: 037c8e20 2707542e 03489608 02002707 
00001f30: 54220358 96080200 1f01542e 0390b8a8 
00001f40: 150599d1 41a51f01 5456035c 06281101 
00001f50: 1f015422 037c88a8 150552a5 67118656 
00001f60: 0002802e 1f015430 03440628 1101a707 
00001f70: 542a0354 ac6072ad 67118630 00028022 
00001f80: 27075422 03649608 020029b3 76538124 
00001f90: 0208a707 5430035c ac60a9d1 712b79cd 
00001fa0: 61ad2951 7b342707 542a035c 96080200 
00001fb0: 29256c0e 1002a707 54340344 8c2069af 
00001fc0: 764f812c 020879cd b131a707 54300354 
00001fd0: 8c20694d 7b4e9933 7c350008 692d6c0e 
00001fe0: 10022925 7833792f 7c310008 27075424 
00001ff0: 0348b448 0300692d 782f2707 542c0358 
00002000: b4480300 9f015422 034490b0 160d9f01 
00002010: 542a0254 b0b0160d 9f005432 02443804 
00002020: e0200a00 9f00542e 02544004 e0200a00 
00002030: 9f005442 03704014 d22b2a00 9f005438 
00002040: 03783834 d22b2a00 22a9b545 22810500 
00002050: 208002cb b5412281 05002080 e28065c3 
00002060: 22818500 2080ea80 65b92281 85002080 
00002070: e2807543 85408700 c2807539 86448700 
00002080: 803dca3c 6d802680 07022281 c2386d80 
00002090: 26800702 22811f01 5436036c e4281705 
000020a0: 1f01543c 0374e028 17059f00 54340348 
000020b0: 38a4d12b 2a004229 6f8f2280 0500803c 
000020c0: 224b6f91 22800500 80369f00 542c0358 
000020d0: 4084d12b 2a008ac9 75332281 05002080 
000020e0: 828065b5 22818500 20807abf 752f2281 
000020f0: 05002080 82807535 85318700 728065ad 
00002100: 22818500 20808230 6d802680 07022281 
00002110: 6280752d 862f8700 802e1f01 54220344 
00002120: c0281705 722c6d80 26800702 22816249 
00002130: 6f0f2280 05008022 1f015430 0354b828 
00002140: 17051f01 542a0358 a0a81305 123f6f11 
00002150: 22800500 80306288 67802681 0702022a 
00002160: 1f015422 034490a8 13059f00 542e0314 
00002170: b000d024 0a006208 67802681 07020222 
00002180: 9f00542c 0318b000 d0240a00 a707542e 
00002190: 025cac20 a707542c 0258ac20 e700542e 
000021a0: 02132000 510000a0 1900e700 542c0213 
000021b0: 20005140 00a01900 e700542a 02132000 
000021c0: 518000a0 1900e700 54220213 200051c0 
000021d0: 00a01900 e7005428 02132000 510001a0 
000021e0: 1900e700 54240213 20005140 01a01900 
000021f0: 9f015426 03029888 15040a27 23030600 
00002200: 07000000 8f045422 0f00544e f8ffffff 
00002210: ff000f06 04020000 0f060402 00000f06 
00002220: 04010000 0e000000 00000000 00000000 
00002230: 00000000 00000000 00000000 00000000 
00002240: c0000000 00000000 00000000 00000000 
00002250: 00000000 00000000 00000000 00000000 
00002260: 00000000 00000000 00000000 00000000 
00002270: 00000000 00000000 00000000 00000000 
00002280: 03000700 02000000 20000e00 00000600 
00002290: 06000600 06000600 06000600 06000600 
000022a0: 06000600 06000600 06000600 06000600 
000022b0: 06000600 06000600 06000600 06000600 
000022c0: 0ca01006 a7105402 00000e00 f0803100 
000022d0: 0b012787 50020000 00000d80 0ca09000 
000022e0: 17010000 00000100 e7105402 02002100 
000022f0: 11000090 11000e00 00000000 00000000 
00002300: 80020000 00000000 00000000 00000000 
00002310: 00000000 00000000 00000000 00000000 
00002320: 00000000 00000000 00000000 00000000 
00002330: 00000000 00000000 00000000 00000000 
00002340: 0c880927 60000080 1c8a0827 67205404 
00002350: 00000000 19000140 22005b85 27870228 
00002360: 00000000 0a0b2b80 06000702 00004b04 
00002370: 01045b06 01040f05 54016700 54040000 
00002380: 00001900 00402200 0f042419 67005404 
00002390: 02000000 59040040 22001f21 540a0308 
000023a0: 06281101 6b860104 9f015406 031418a8 
000023b0: 17050f06 24010000 67004400 00000000 
000023c0: 41040640 22001f11 5402030c 10a81105 
000023d0: 9f015402 02020888 15040300 00010283 
000023e0: 36010540 7b060904 02012ea0 05028b04 
000023f0: 09049b02 0904ab00 09040e00 00000600 
00002400: 020d2580 26818702 20802b09 270b820a 
00002410: 00000000 1a050380 26800702 80000f05 
00002420: 54010c80 02600000 00001c80 02600000 
00002430: 0000e700 54000600 00005900 00900000 
00002440: 0f040419 0f0154f8 00000000 00000b14 
00002450: 01083b12 01080a0f 22118502 5ce10200 
00002460: 02000000 1c0be700 54060700 00005100 
00002470: 00900000 e7006400 07000000 51600090 
00002480: 00000f05 54010c95 02ac0000 080fe700 
00002490: 540a0000 00001100 00900800 0f062401 
000024a0: 00006700 54000100 00005181 00400200 
000024b0: 0a0f3201 84c00f05 54010c97 02ac0000 
000024c0: 080fe700 540a0000 00005101 00900800 
000024d0: 0f062401 00000a05 2b800600 07020000 
000024e0: 0f055421 0f015458 00000000 00006700 
000024f0: 44000100 00005901 03400200 9f005600 
00002500: 03044000 d02f2200 9f015402 030800a8 
00002510: 17040203 25052281 05022080 9f015400 
00002520: 02001888 17010480 06000008 0100e700 
00002530: 54000600 00005900 00900000 0f060402 
00002540: 00000e00 00000000 00000000 00000000 
00002550: 00000000 00000000 00000000 00000000 
00002560: 00000000 00000000 00000000 00000000 
00002570: 00000000 00000000 00000000 00000000 
00002580: c02b0000 00000000 00000000 00000000 
00002590: 00000000 00000000 00000000 00000000 
000025a0: 00000000 00000000 00000000 00000000 
000025b0: 00000000 00000000 00000000 00000000 
000025c0: 0c8c0927 60000080 1c8e0827 5c880847 
000025d0: 6c8a0847 67405404 05000000 19000140 
000025e0: 22006710 54060200 00001904 00402200 
000025f0: 67205400 00000000 5d840240 22006700 
00002600: 440c0500 0000a104 03402200 1f11540a 
00002610: 030c0628 11014b06 09049f01 540a0014 
00002620: 20a81705 6b000944 7b020904 020c2980 
00002630: 26801762 22b00300 20018b04 09049b01 
00002640: 0f004200 00006000 0e000000 06000600 
00002650: 06000600 06000600 06000600 06000600 
00002660: 06000600 06000600 06000600 06000600 
00002670: 06000600 06000600 06000600 06000600 
00002680: 0b19271b 820a0000 00000a01 2b800600 
00002690: 07020000 0f055401 0ca01006 9f115410 
000026a0: 032800a8 17040291 25172681 07022080 
000026b0: 0f042419 0ca01006 9f115410 031000a8 
000026c0: 17040291 250b2681 07022080 0f062401 
000026d0: 00009f00 54020320 4070d02b 08009f01 
000026e0: 54020308 08a81704 0a032505 22810502 
000026f0: 20809f01 54040202 18881701 67005406 
00002700: 01062000 51010040 a2005200 0f802636 
00002710: 07022238 0b072f35 00020080 00009f01 
00002720: 54000200 28a81705 0a122381 06008002 
00002730: 0000e700 54000106 20005101 00902800 
00002740: 0f055401 0f0154ba 29000000 00006700 
00002750: 54000100 00005901 08400200 67005414 
00002760: 07000000 11800840 02009f00 561e0204 
00002770: 4000d02b 2a00e710 5414010f 20001180 
00002780: 04901000 67005402 07000000 51010940 
00002790: 0200e700 5602010f 200051a0 04901000 
000027a0: 67004400 01000000 59010540 02005b00 
000027b0: 0000bc01 6b000000 9f005602 03044000 
000027c0: d02b2a00 dc03cc06 ec079f01 54000308 
000027d0: 78a81304 9f015404 030808a8 17041281 
000027e0: 25052281 05022080 32852505 22810502 
000027f0: 20809f01 54020204 18881701 9f015406 
00002800: 030c1888 17017b00 20006b00 20009c09 
00002810: 0f05541a 27020422 03180a00 f0100100 
00002820: 27005420 03180800 f0100100 27005422 
00002830: 031c0810 f1140900 9f016424 02088054 
00002840: 11059f01 54200200 80501505 e7005414 
00002850: 12000000 11400490 08006700 54281000 
00002860: 00005101 00402200 9f015628 025050a8 
00002870: 1705e700 54281200 00001160 04900800 
00002880: 67005414 10000000 51810040 22009f01 
00002890: 56280228 a0a81705 e7005428 12000000 
000028a0: 11800490 08006700 54141000 00005101 
000028b0: 01402200 9f015628 0228a0a8 1705e700 
000028c0: 54281200 000011a0 04900800 67005414 
000028d0: 10000000 51810140 22009f01 56280228 
000028e0: a0a81705 e7005428 12000000 11c00490 
000028f0: 08006700 54141000 00005101 02402200 
00002900: 9f015628 0228a0a8 1705e700 54281200 
00002910: 000011e0 04900800 67005414 10000000 
00002920: 51810240 22009f01 56280228 a0a81705 
00002930: e7005428 12000000 11010590 08006700 
00002940: 54141000 00005105 03402200 1a8d659c 
00002950: 22810502 2080128f 65802281 05022080 
00002960: 1a8f0380 86230702 80229f01 5420030e 
00002970: 308c1104 6221350d 22810500 20809f01 
00002980: 54220218 38881705 9f015614 0228a0a8 
00002990: 17056b20 09007b22 09008f04 54020f00 
000029a0: 5476feff ffffff00 0f062402 00006700 
000029b0: 54000100 00005901 07400200 67005424 
000029c0: 01000000 19000a40 02009f00 560c0204 
000029d0: 4004d02b 2a006700 54000106 20004701 
000029e0: 00404200 9f105404 024c4020 d12b2a00 
000029f0: 6700540e 018f2000 11801240 42006700 
00002a00: 44040182 20005900 03404200 f2802580 
00002a10: 22810fc2 22809f01 5408033c 08441205 
00002a20: 43082f8f 10020000 00000a88 23840200 
00002a30: 17020200 a7005402 03040800 c0110100 
00002a40: 0f055401 0f0154da 02000000 00000a88 
00002a50: 23820200 07020200 0f055401 0f01548e 
00002a60: 00000000 00000a08 2b800200 17020200 
00002a70: 0f055401 b2802722 26801e02 208a9b00 
00002a80: 20000f04 04190f01 545e0000 00000000 
00002a90: a7005408 03023a00 c0101100 53822783 
00002aa0: 00020000 00009f01 54080314 20001705 
00002ab0: 0a882382 02000702 02000f05 54019208 
00002ac0: 2f802681 17022280 bb1c2900 0f040419 
00002ad0: 92082f82 22821702 2283bb1c 29000f06 
00002ae0: 04010000 0f060401 00000f04 04190f01 
00002af0: 542a0200 00000000 0a882382 02001702 
00002b00: 02000f05 54010f01 546e0000 00000000 
00002b10: a7005408 03023a00 c0101100 53822787 
00002b20: 00020000 00009f01 54080314 20001705 
00002b30: 52882780 26840702 22805288 27862683 
00002b40: 0702820a 52882782 26810702 820a5288 
00002b50: 27822685 1702820a 52882784 26820702 
00002b60: 820a9208 2f842686 1702820a bc842200 
00002b70: 00000000 0f040419 0f01549a 01000000 
00002b80: 00000a08 2b840200 07020200 0f055401 
00002b90: 0f015432 01000000 0000a700 54080302 
00002ba0: 3a00c010 1100b382 278f0002 00000000 
00002bb0: 9f015408 032c2000 17050a88 23860200 
00002bc0: 07020200 0f055401 0f01546e 00000000 
00002bd0: 00000a88 23820200 07020200 0f055401 
00002be0: 92082f80 228a1702 2287bb00 20000f04 
00002bf0: 04190f01 543e0000 00000000 0a882384 
00002c00: 02000702 02000f05 54019208 2f822684 
00002c10: 07022280 bb002000 0f040419 92082f84 
00002c20: 22881702 2281bb00 20000f06 04010000 
00002c30: 0f060401 00000f04 04190f01 54820000 
00002c40: 00000000 0a882388 02000702 02000f05 
00002c50: 54019208 2f862285 17022282 bb002000 
00002c60: 0f040419 0f015452 00000000 00000a88 
00002c70: 23880200 17020200 bb002000 0f055421 
00002c80: 0f015430 00000000 00000a88 238a0200 
00002c90: 07020200 9b182900 0f055421 92082f8a 
00002ca0: 26830702 2280bb00 20000f06 04010000 
00002cb0: 0f060401 00000f06 04010000 0f060401 
00002cc0: 00000f04 04190f01 54460000 00000000 
00002cd0: a7005408 03023a00 c0101100 53822783 
00002ce0: 00020000 00009f01 54080314 20001705 
00002cf0: 52882782 26820702 22809208 2f802681 
00002d00: 1702820a bc882200 00000000 0f060401 
00002d10: 00000f06 04010000 0f060401 00000f04 
00002d20: 04190f01 54f60300 00000000 0a882388 
00002d30: 02000702 02000f05 54010f01 543e0200 
00002d40: 00000000 0a882386 02000702 02000f05 
00002d50: 54010f01 54140100 00000000 a7005408 
00002d60: 03023a00 c0101100 5382278f 00020000 
00002d70: 00009f01 54080314 20001705 0a882384 
00002d80: 02001702 02000f05 54010f01 545c0000 
00002d90: 00000000 0a882382 02001702 02000f05 
00002da0: 54010f01 54300000 00000000 0a882380 
00002db0: 02001702 02009c87 22000000 00000f05 
00002dc0: 54219208 2f802684 17022280 0f060401 
00002dd0: 00000f04 04199208 2f842288 07022281 
00002de0: 0f060401 00000f04 04190f01 54760000 
00002df0: 00000000 0a882386 02001702 02000f05 
00002e00: 54019208 2f862285 07022282 0f040419 
00002e10: 0f01544a 00000000 00000a88 23880200 
00002e20: 07020200 0f055421 0f01542c 00000000 
00002e30: 00000a88 23880200 17020200 9b182900 
00002e40: 0f055421 92082f88 26831702 22800f06 
00002e50: 04010000 0f060401 00000f06 04010000 
00002e60: 0f060401 00000f04 04190f01 54080100 
00002e70: 00000000 0a082b86 02001702 02000f05 
00002e80: 54010f01 54640000 00000000 a7005408 
00002e90: 03023a00 c0101100 53822787 00020000 
00002ea0: 00009f01 54080314 20001705 52882780 
00002eb0: 26840702 22805288 27842683 1702820a 
00002ec0: 52882782 26810702 820a5288 27822685 
00002ed0: 1702820a 92082f84 26820702 820abc85 
00002ee0: 22000000 00000f04 04190f01 54820000 
00002ef0: 00000000 a7005408 03023a00 c0101100 
00002f00: 5382278f 00020000 00009f01 54080314 
00002f10: 20001705 52882780 26870702 22805288 
00002f20: 27802684 1702820a 52882788 26830702 
00002f30: 820a5288 27822688 1702820a 52882784 
00002f40: 26810702 820a5288 27842685 1702820a 
00002f50: 52882786 26820702 820a9208 2f862686 
00002f60: 1702820a bc822200 00000000 0f060401 
00002f70: 00000f06 04010000 0f040419 0f015496 
00002f80: 01000000 00000a88 23880200 17020200 
00002f90: 0f055401 a7005412 03023a00 d0101100 
00002fa0: bc892200 00000000 0f040419 0f015460 
00002fb0: 01000000 00000a88 238a0200 07020200 
00002fc0: 0f055401 0f01545a 00000000 0000a700 
00002fd0: 54080302 3a00c010 11005382 27870002 
00002fe0: 00000000 9f015408 03142000 17055288 
00002ff0: 27802684 07022280 52882784 26830702 
00003000: 820a5288 27822681 0702820a 92082f82 
00003010: 26821702 820abc86 22000000 00000f04 
00003020: 04190f01 54e40000 00000000 0a082b8a 
00003030: 06000702 0200bb00 20009b00 20000f05 
00003040: 54010f01 54be0000 00000000 a7005408 
00003050: 03023a00 c0101100 53822787 00020000 
00003060: 00009f01 54080314 20001705 0a882384 
00003070: 02000702 02000f05 54010f01 543e0000 
00003080: 00000000 0a882382 02000702 02000f05 
00003090: 54019208 2f802684 17022287 bb1a2900 
000030a0: 0f040419 92082f82 22801702 2281bb1a 
000030b0: 29000f06 04010000 0f040419 0f01543e 
000030c0: 00000000 00000a88 23860200 07020200 
000030d0: 0f055401 92082f84 22851702 2282bb1a 
000030e0: 29000f04 04199208 0f862286 17022283 
000030f0: bb1a0900 0f060401 00000f06 04010000 
00003100: 0f060401 00000f06 04010000 0f060401 
00003110: 00000f06 04010000 0f060401 00001f21 
00003120: 54180308 06281101 a705540a 03304e04 
00003130: 1f01541a 033e2888 15041f01 540a030c 
00003140: 06281101 c2192f80 26a00702 801aa705 
00003150: 541a0314 4e041f01 54180300 60001504 
00003160: cb192f9f 10020000 00001f01 541a033e 
00003170: 68881504 27005418 03026000 d0120400 
00003180: 520b2f80 26a00702 801a9f11 54200300 
00003190: 388c1014 1f01540a 03002800 15049f00 
000031a0: 541c0308 8204d020 0a005b0b 2f9f1002 
000031b0: 00000000 c2052f80 20811402 2700541a 
000031c0: 03022800 d0120400 9f00540a 03308200 
000031d0: d0240a00 9f005404 03381804 d0220a00 
000031e0: d2872780 20811402 9f00540a 03146804 
000031f0: d0220a00 a7005408 03021e00 c0102100 
00003200: f2052580 26810702 2080a700 540f0302 
00003210: 1800c010 01001a0b 0b802681 0702801e 
00003220: 27005403 03063800 c0110100 f30e2e87 
00003230: 1e020000 00001302 2f2c1002 00000000 
00003240: 52882780 26821702 22809f01 54020204 
00003250: 0c001705 52082f80 26810702 820a1300 
00003260: 20010f05 54210f01 54fa0200 00000000 
00003270: 0a9922c0 07020f05 54010f01 54aa0000 
00003280: 00000000 0a992288 07020f05 54010f01 
00003290: 54320000 00000000 0a992284 07020f05 
000032a0: 5401b219 2f822681 07022080 0f040419 
000032b0: b2192f84 26820702 20800f06 04010000 
000032c0: 0f040419 0f01545a 00000000 00000a99 
000032d0: 22900702 0f055401 b2192f88 26830702 
000032e0: 20800f04 04190f01 54320000 00000000 
000032f0: 0a9922a0 07020f05 5401b219 2f902684 
00003300: 07022080 0f040419 b2192fa0 26850702 
00003310: 20800f06 04010000 0f060401 00000f06 
00003320: 04010000 0f040419 0f0154aa 00000000 
00003330: 00001a99 32fe1602 0f055401 0f015432 
00003340: 00000000 00000a99 32800702 0f055401 
00003350: b2192fc0 26860702 20800f04 0419b219 
00003360: 3f802687 07022080 0f060401 00000f04 
00003370: 04190f01 545a0000 00000000 0a992227 
00003380: 07020f05 5401b219 2f2a2688 14022080 
00003390: 0f040419 0f015432 00000000 00000a99 
000033a0: 22290702 0f055401 b2192f27 26890702 
000033b0: 20800f04 0419b219 2f29268a 07022080 
000033c0: 0f060401 00000f06 04010000 0f060401 
000033d0: 00000f06 04010000 22052f80 86060702 
000033e0: 801a0a85 22c00702 0f055401 0f0154aa 
000033f0: 00000000 00000a85 22880702 0f055401 
00003400: 0f015432 00000000 00000a85 22840702 
00003410: 0f055401 92052f82 26810702 20800f04 
00003420: 04199205 2f842682 07022080 0f060401 
00003430: 00000f04 04190f01 545a0000 00000000 
00003440: 0a852290 07020f05 54019205 2f882683 
00003450: 07022080 0f040419 0f015432 00000000 
00003460: 00000a85 22a00702 0f055401 92052f90 
00003470: 26840702 20800f04 04199205 2fa02685 
00003480: 07022080 0f060401 00000f06 04010000 
00003490: 0f060401 00000f04 04190f01 54aa0000 
000034a0: 00000000 1a8532fe 16020f05 54010f01 
000034b0: 54320000 00000000 0a853280 07020f05 
000034c0: 54019205 2fc02686 07022080 0f040419 
000034d0: 92053f80 26870702 20800f06 04010000 
000034e0: 0f040419 0f01545a 00000000 00000a85 
000034f0: 22270702 0f055401 92052f2a 26881402 
00003500: 20800f04 04190f01 54320000 00000000 
00003510: 0a852229 07020f05 54019205 2f272689 
00003520: 07022080 0f040419 92052f29 268a0702 
00003530: 20800f06 04010000 0f060401 00000f06 
00003540: 04010000 0f060401 00005b00 00009f01 
00003550: 541f0200 38001414 14810600 60000000 
00003560: 0f062401 00002b00 0000e700 54040106 
00003570: 20002700 00901000 e7005404 01062000 
00003580: 67200090 10006700 44200106 20000100 
00003590: 00404200 32972580 26810702 20802297 
000035a0: 258a2681 07028006 72930580 86040702 
000035b0: 20800a93 65822681 07022080 2b932685 
000035c0: 02020000 00004293 253f2680 06022081 
000035d0: 7a932586 26810702 2080d293 25802681 
000035e0: 17020088 ca932582 26811702 800f1a93 
000035f0: 65842681 1702009a 12936586 26811702 
00003600: 80083320 27a21a08 00000000 3a932588 
00003610: 26810702 00223398 37060a08 00000000 
00003620: 42052580 26811702 8007ea97 05848606 
00003630: 07022080 42932582 25810702 7a972588 
00003640: 26810702 20803293 25882681 17022080 
00003650: e2930582 820f1502 20807306 2f880608 
00003660: 00000000 3b932681 12020000 0000c398 
00003670: 370e1a08 00000000 7a872582 26810702 
00003680: 8023da97 25808618 17022080 7a970584 
00003690: 24801702 1a876582 26810702 20804398 
000036a0: 37080a08 00000000 c2932582 22810502 
000036b0: 80234297 25822480 0702f297 25868618 
000036c0: 17022080 3a072d82 26810702 801a330e 
000036d0: 241ed297 25882681 17022080 33062f1c 
000036e0: 12080000 0000d213 25822080 05023297 
000036f0: 25802581 0702c297 25868607 07022080 
00003700: 331c3406 2a052d80 26811702 20802306 
00003710: 2f1a1208 00000000 23043f22 0e080000 
00003720: 00002304 2f0e1208 00000000 23203f04 
00003730: 1e080000 00002304 2c083318 3f041a08 
00003740: 00000000 231a3404 ca172582 86061702 
00003750: 20802318 34042304 0f181608 00006000 
00003760: 23202f30 00220000 00002304 2f811c02 
00003770: 00000000 9f015404 02ee1000 15041a04 
00003780: 2b800600 0f020200 e7005404 01062000 
00003790: 41000090 10000f05 54010f01 54c21800 
000037a0: 00000000 67004420 01062000 4d410040 
000037b0: 4200231e 3fff1802 00000000 23002001 
000037c0: a7005407 03080c00 c0110100 a7005406 
000037d0: 03020400 c0102100 a7005423 02002c00 
000037e0: c0100100 9f015427 037e5000 11042286 
000037f0: 25822681 07022280 2700541f 020e2400 
00003800: c0110100 32060f80 26820702 8204a700 
00003810: 5424024e 3800c010 01002320 2f2e1002 
00003820: 00800000 a7005426 03460600 c0101100 
00003830: 9f015420 03087c00 1705a700 54040346 
00003840: 0a00c010 1100f320 2fbf1c02 00000000 
00003850: a7005425 03460e00 c0101100 03266ebf 
00003860: 1e020000 0000a700 54050346 1000c011 
00003870: 01001322 6e831602 00000000 27005422 
00003880: 034c3000 c0110100 03002f2c 00020000 
00003890: 00002700 54040308 3400c011 01009f01 
000038a0: 540003ee 00001504 27005425 034a3800 
000038b0: c0110100 9f015400 03440000 17052700 
000038c0: 5422030a 3c00c011 01009f01 54000300 
000038d0: 10001705 a7005404 02042800 f0110100 
000038e0: 9f015400 03009400 17059f01 54050246 
000038f0: 90001705 9f015402 02008800 1705a215 
00003900: 2d802680 0702a080 03042fc1 00020000 
00003910: 00009f01 54040328 84001615 13802781 
00003920: 1c020000 00009f01 54000308 00001705 
00003930: 9f015403 02400c00 17059f01 54040200 
00003940: 7c001705 0a872282 0702e700 54020106 
00003950: 20000700 00901000 0f055401 0f015466 
00003960: 00000000 00000a07 2b800600 17020000 
00003970: 0f055401 03022e87 0a020000 00009f01 
00003980: 54050208 00001504 e7005405 01062000 
00003990: 01100090 10000f04 04190302 2e870a02 
000039a0: 00000000 9f015405 02040000 1504e700 
000039b0: 54050106 20000110 00901000 0f060401 
000039c0: 00000f04 04192302 0e870e02 00000000 
000039d0: e7005405 01062000 01100090 10000f06 
000039e0: 04010000 a7005400 03020e00 c0102100 
000039f0: 12802582 26810702 22801300 20011200 
00003a00: 2f802682 07028202 0a832282 07020f05 
00003a10: 54010f01 54660000 00000000 0a032b80 
00003a20: 06001702 00000f05 54010304 2e990a02 
00003a30: 00000000 9f015402 02200000 1504e700 
00003a40: 54020106 20000110 00901000 0f040419 
00003a50: 03042e99 0a020000 00009f01 54020210 
00003a60: 00001504 e7005402 01062000 01100090 
00003a70: 10000f06 04010000 0f040419 13040e99 
00003a80: 0a020000 0000e700 54020106 20000110 
00003a90: 00901000 0f060401 0000a700 54030302 
00003aa0: 1400c011 21000282 25822681 0f022280 
00003ab0: 03002001 02022f80 26820f02 82000a81 
00003ac0: 22820702 0f055401 0f015466 00000000 
00003ad0: 00000a01 2b800600 17020000 0f055401 
00003ae0: 03022ee1 02020000 00009f01 54020280 
00003af0: 00001504 e7005402 01062000 01100090 
00003b00: 10000f04 04190302 2ee10202 00000000 
00003b10: 9f015402 02400000 1504e700 54020106 
00003b20: 20000110 00901000 0f060401 00000f04 
00003b30: 04191302 0ee10202 00000000 e7005402 
00003b40: 01062000 01100090 10000f06 04010000 
00003b50: 0a8b2282 07020f05 54010f01 545c0000 
00003b60: 00000000 0a0b2b80 06001702 00000f05 
00003b70: 54012302 0f2a0402 00000000 e7005405 
00003b80: 01062000 01100090 10000f04 04190302 
00003b90: 2f2a0002 00000000 9f015405 0200ac00 
00003ba0: 1701e700 54050106 20000110 00901000 
00003bb0: 0f060401 00000f04 04190302 2f2a0002 
00003bc0: 00000000 9f015405 02000100 1504e700 
00003bd0: 54050106 20000110 00901000 0f060401 
00003be0: 00001a0e 2b800600 07020200 0f055401 
00003bf0: 0f01548e 00000000 00001384 07240802 
00003c00: 00000000 13040e87 16020000 0000e700 
00003c10: 54020106 20000910 00901000 0a97228a 
00003c20: 07020f05 54010f01 54360000 00000000 
00003c30: 0a172b80 06000702 00000f05 54011302 
00003c40: 0f22120a 00000000 e7005402 01062100 
00003c50: 41100090 10000f06 04010000 0f040419 
00003c60: 13040f22 08020000 0000e700 54020106 
00003c70: 21004110 00901000 0f060401 00000f04 
00003c80: 04190f01 54d41300 00000000 1a1e2b80 
00003c90: 06000702 02000f05 54010f01 54080100 
00003ca0: 00000000 13840724 1a0a0000 00001384 
00003cb0: 06871602 00000000 e7005402 01062000 
00003cc0: 09100090 10000a93 22820702 0f055401 
00003cd0: 0f015466 00000000 00000a13 2b800600 
00003ce0: 17020000 0f055401 13040f20 1a0a0000 
00003cf0: 00001304 0e8f1602 00000000 e7005402 
00003d00: 01062100 49100090 10000f04 04191302 
00003d10: 0f200002 00000000 13040e8f 16020000 
00003d20: 0000e700 54020106 21004910 00901000 
00003d30: 0f060401 00000f04 04190f01 54620000 
00003d40: 00000000 0a132a82 17020f05 54011302 
00003d50: 0f200002 00000000 13020f89 0e0a0000 
00003d60: 0000e700 54020106 21004910 00901000 
00003d70: 0f040419 13020f89 0e0a0000 00001304 
00003d80: 0f201a0a 00000000 e7005402 01062100 
00003d90: 49100090 10000f06 04010000 0f060401 
00003da0: 00000f04 04190f01 54aa1200 00000000 
00003db0: 031c2f81 18020000 00001a00 2b800600 
00003dc0: 07020200 0f055401 0f0154fa 01000000 
00003dd0: 00000304 2e871202 00000000 13840724 
00003de0: 08020000 00009f01 54030202 00041104 
00003df0: e7005402 01062000 09100090 10000a93 
00003e00: 22840702 0f055401 0f0154fa 00000000 
00003e10: 00000a93 22820702 0f055401 0f015470 
00003e20: 00000000 00000a13 2b800600 17020000 
00003e30: 0f055401 03022e9f 0a020000 00001304 
00003e40: 0f220802 00000000 9f015403 02100000 
00003e50: 1504e700 54020106 21004910 00901000 
00003e60: 0f040419 13020f22 120a0000 00001302 
00003e70: 0e9f0e02 00000000 e7005402 01062100 
00003e80: 49100090 10000f06 04010000 0f040419 
00003e90: 0f01546c 00000000 00000a13 2a821702 
00003ea0: 0f055401 03022e9f 0a020000 00001304 
00003eb0: 0f220802 00000000 9f015403 02200000 
00003ec0: 1504e700 54020106 21004910 00901000 
00003ed0: 0f040419 13000f99 160a0000 00001304 
00003ee0: 0f220802 00000000 e7005402 01062100 
00003ef0: 49100090 10000f06 04010000 0f060401 
00003f00: 00000f04 04190f01 54b60000 00000000 
00003f10: 0a932284 17020f05 54011304 0f220802 
00003f20: 00000000 13020e9f 0e020000 0000e700 
00003f30: 54020106 21004910 00901000 0f040419 
00003f40: 0f015476 00000000 00000a13 2a860702 
00003f50: 0f055401 03022e9f 0a020000 00001302 
00003f60: 0f22120a 00000000 9f015403 02100000 
00003f70: 1504e700 54020106 21004910 00901000 
00003f80: 0f040419 03022e9f 0a020000 00001302 
00003f90: 0f22120a 00000000 9f015403 02200000 
00003fa0: 1504e700 54020106 21004910 00901000 
00003fb0: 0f060401 00000f06 04010000 0f060401 
00003fc0: 00000f04 04190f01 54841000 00000000 
00003fd0: 0a172b80 06000702 00000f05 54010f01 
00003fe0: 542c0300 00000000 03042e87 12020000 
00003ff0: 00001384 07241a0a 00000000 9f015403 
00004000: 02020000 1504e700 54020106 20000910 
00004010: 00901000 0a932286 07020f05 54010f01 
00004020: 54a20100 00000000 0a932282 17020f05 
00004030: 54010f01 54c40000 00000000 0a932282 
00004040: 07020f05 54010f01 547a0000 00000000 
00004050: 0a132b80 06001702 00000f05 54010302 
00004060: 2ebf0a02 00000000 13040f20 1a0a0000 
00004070: 00009f01 54030220 00001504 e7005402 
00004080: 01062100 49100090 10000f04 04190302 
00004090: 2ebf0a02 00000000 13040f20 1a0a0000 
000040a0: 00009f01 54030210 00001504 e7005402 
000040b0: 01062100 49100090 10000f06 04010000 
000040c0: 0f040419 03022ebf 0a020000 00001304 
000040d0: 0f201a0a 00000000 9f015403 02300000 
000040e0: 1504e700 54020106 21004910 00901000 
000040f0: 0f060401 00000f04 04190f01 54c00000 
00004100: 00000000 0a932284 07020f05 54010302 
00004110: 2ebf0a02 00000000 9f015403 02500000 
00004120: 15041302 0f200002 00000000 e7005402 
00004130: 01062100 49100090 10000f04 04190f01 
00004140: 54760000 00000000 0a132a84 17020f05 
00004150: 54010302 2ebf0a02 00000000 13020f20 
00004160: 00020000 00009f01 54030210 00001504 
00004170: e7005402 01062100 49100090 10000f04 
00004180: 04190302 2ebf0a02 00000000 13020f20 
00004190: 00020000 00009f01 54030230 00001504 
000041a0: e7005402 01062100 49100090 10000f06 
000041b0: 04010000 0f060401 00000f06 04010000 
000041c0: 0f040419 0f015440 01000000 00000a93 
000041d0: 22880702 0f055401 0f01546c 00000000 
000041e0: 00000a13 2a861702 0f055401 03022ebf 
000041f0: 0a020000 00001304 0f201a0a 00000000 
00004200: 9f015403 02400000 1504e700 54020106 
00004210: 21004910 00901000 0f040419 13040f20 
00004220: 1a0a0000 00001302 0ebf0e02 00000000 
00004230: e7005402 01062100 49100090 10000f06 
00004240: 04010000 0f040419 0f0154b6 00000000 
00004250: 00000a93 22881702 0f055401 03022ebf 
00004260: 0a020000 00001302 0f200002 00000000 
00004270: 9f015403 02200000 1504e700 54020106 
00004280: 21004910 00901000 0f040419 0f01546c 
00004290: 00000000 00000a13 2a8a0702 0f055401 
000042a0: 03022ebf 0a020000 00001302 0f200002 
000042b0: 00000000 9f015403 02400000 1504e700 
000042c0: 54020106 21004910 00901000 0f040419 
000042d0: 13020f20 00020000 00001302 0ebf0e02 
000042e0: 00000000 e7005402 01062100 49100090 
000042f0: 10000f06 04010000 0f060401 00000f06 
00004300: 04010000 0f060401 00000f04 04190f01 
00004310: 54360d00 00000000 1a1c2b80 06000702 
00004320: 02000f05 54010f01 54d20000 00000000 
00004330: 03042e87 12020000 00001384 07240802 
00004340: 00000000 9f015403 02040004 1104e700 
00004350: 54020106 20000910 00901000 0a932282 
00004360: 07020f05 54010f01 54660000 00000000 
00004370: 0a132b80 06001702 00000f05 54011302 
00004380: 0f22120a 00000000 13020e8d 1e020000 
00004390: 0000e700 54020106 21004910 00901000 
000043a0: 0f040419 13040f22 08020000 00001302 
000043b0: 0e8d1e02 00000000 e7005402 01062100 
000043c0: 49100090 10000f06 04010000 0f040419 
000043d0: 13000f8b 060a0000 00001304 0f220802 
000043e0: 00000000 e7005402 01062100 49100090 
000043f0: 10000f06 04010000 0f040419 0f015442 
00004400: 0c000000 0000031a 2f811802 00000000 
00004410: 1a002b80 06000702 02000f05 54010f01 
00004420: 54e20200 00000000 03042e87 12020000 
00004430: 00001384 07241a0a 00000000 9f015403 
00004440: 02040000 1504e700 54020106 20000910 
00004450: 00901000 0a932284 17020f05 54010f01 
00004460: 544e0100 00000000 0a932282 17020f05 
00004470: 54010f01 54c40000 00000000 0a932282 
00004480: 07020f05 54010f01 547a0000 00000000 
00004490: 0a132b80 06001702 00000f05 54010302 
000044a0: 2ebd1a02 00000000 13020f20 00020000 
000044b0: 00009f01 54030220 00001504 e7005402 
000044c0: 01062100 49100090 10000f04 04190302 
000044d0: 2ebd1a02 00000000 13020f20 00020000 
000044e0: 00009f01 54030210 00001504 e7005402 
000044f0: 01062100 49100090 10000f06 04010000 
00004500: 0f040419 03022ebd 1a020000 00001302 
00004510: 0f200002 00000000 9f015403 02300000 
00004520: 1504e700 54020106 21004910 00901000 
00004530: 0f060401 00000f04 04190f01 546c0000 
00004540: 00000000 0a132a84 07020f05 54010302 
00004550: 2ebd1a02 00000000 9f015403 02400000 
00004560: 15041304 0f201a0a 00000000 e7005402 
00004570: 01062100 49100090 10000f04 04191304 
00004580: 0f201a0a 00000000 13020ebd 1e020000 
00004590: 0000e700 54020106 21004910 00901000 
000045a0: 0f060401 00000f06 04010000 0f040419 
000045b0: 0f01544a 01000000 00000a93 22861702 
000045c0: 0f055401 0f015476 00000000 00000a13 
000045d0: 2a860702 0f055401 03022ebd 1a020000 
000045e0: 00001304 0f201a0a 00000000 9f015403 
000045f0: 02200000 1504e700 54020106 21004910 
00004600: 00901000 0f040419 03022ebd 1a020000 
00004610: 00001302 0f200002 00000000 9f015403 
00004620: 02400000 1504e700 54020106 21004910 
00004630: 00901000 0f060401 00000f04 04190f01 
00004640: 54b60000 00000000 0a932288 07020f05 
00004650: 54011302 0f200002 00000000 13020ebd 
00004660: 1e020000 0000e700 54020106 21004910 
00004670: 00901000 0f040419 0f015476 00000000 
00004680: 00000a13 2a881702 0f055401 03022ebd 
00004690: 1a020000 00001304 0f201a0a 00000000 
000046a0: 9f015403 02100000 1504e700 54020106 
000046b0: 21004910 00901000 0f040419 03022ebd 
000046c0: 1a020000 00001304 0f201a0a 00000000 
000046d0: 9f015403 02300000 1504e700 54020106 
000046e0: 21004910 00901000 0f060401 00000f06 
000046f0: 04010000 0f060401 00000f06 04010000 
00004700: 0f040419 0f015434 09000000 00001a0e 
00004710: 2b800600 0f020200 0f055401 0f0154ba 
00004720: 01000000 00000304 2e871202 00000000 
00004730: 13840724 08020000 00009f01 54030206 
00004740: 00001504 e7005402 01062000 09100090 
00004750: 10000a93 22821702 0f055401 0f0154ba 
00004760: 00000000 00000a93 22820702 0f055401 
00004770: 0f015470 00000000 00000a13 2b800600 
00004780: 17020000 0f055401 03022e9d 0a020000 
00004790: 00001304 0f220802 00000000 9f015403 
000047a0: 02100000 1504e700 54020106 21004910 
000047b0: 00901000 0f040419 13020f22 120a0000 
000047c0: 00001302 0e9d0e02 00000000 e7005402 
000047d0: 01062100 49100090 10000f06 04010000 
000047e0: 0f040419 03022e9d 0a020000 00001304 
000047f0: 0f220802 00000000 9f015403 02200000 
00004800: 1504e700 54020106 21004910 00901000 
00004810: 0f060401 00000f04 04190f01 54b60000 
00004820: 00000000 0a932284 07020f05 54010302 
00004830: 2e9d0a02 00000000 9f015403 02200000 
00004840: 15041302 0f22120a 00000000 e7005402 
00004850: 01062100 49100090 10000f04 04190f01 
00004860: 546c0000 00000000 0a132a84 17020f05 
00004870: 54011304 0f220802 00000000 13020e9d 
00004880: 0e020000 0000e700 54020106 21004910 
00004890: 00901000 0f040419 03022e9d 0a020000 
000048a0: 00001302 0f22120a 00000000 9f015403 
000048b0: 02100000 1504e700 54020106 21004910 
000048c0: 00901000 0f060401 00000f06 04010000 
000048d0: 0f060401 00000f04 04190f01 54580700 
000048e0: 00000000 03082f81 10020000 00001a00 
000048f0: 2b800600 07020200 0f055401 0f015498 
00004900: 02000000 00000304 2e871202 00000000 
00004910: 13840724 1a0a0000 00009f01 54030206 
00004920: 00001504 e7005402 01062000 09100090 
00004930: 10000a93 22841702 0f055401 0f01544e 
00004940: 01000000 00000a93 22821702 0f055401 
00004950: 0f0154c4 00000000 00000a93 22820702 
00004960: 0f055401 0f01547a 00000000 00000a13 
00004970: 2b800600 17020000 0f055401 03022ebd 
00004980: 0a020000 00001302 0f200002 00000000 
00004990: 9f015403 02200000 1504e700 54020106 
000049a0: 21004910 00901000 0f040419 03022ebd 
000049b0: 0a020000 00001302 0f200002 00000000 
000049c0: 9f015403 02100000 1504e700 54020106 
000049d0: 21004910 00901000 0f060401 00000f04 
000049e0: 04190302 2ebd0a02 00000000 13020f20 
000049f0: 00020000 00009f01 54030230 00001504 
00004a00: e7005402 01062100 49100090 10000f06 
00004a10: 04010000 0f040419 0f01546c 00000000 
00004a20: 00000a13 2a840702 0f055401 03022ebd 
00004a30: 0a020000 00009f01 54030240 00001504 
00004a40: 13020f20 00020000 0000e700 54020106 
00004a50: 21004910 00901000 0f040419 13040f20 
00004a60: 1a0a0000 00001302 0ebd0e02 00000000 
00004a70: e7005402 01062100 49100090 10000f06 
00004a80: 04010000 0f060401 00000f04 04190f01 
00004a90: 54000100 00000000 0a932286 17020f05 
00004aa0: 54010f01 54760000 00000000 0a132a86 
00004ab0: 07020f05 54010302 2ebd0a02 00000000 
00004ac0: 13040f20 1a0a0000 00009f01 54030220 
00004ad0: 00001504 e7005402 01062100 49100090 
00004ae0: 10000f04 04190302 2ebd0a02 00000000 
00004af0: 13040f20 1a0a0000 00009f01 54030230 
00004b00: 00001504 e7005402 01062100 49100090 
00004b10: 10000f06 04010000 0f040419 0f01546c 
00004b20: 00000000 00000a13 2a880702 0f055401 
00004b30: 13020f20 00020000 00001302 0ebd0e02 
00004b40: 00000000 e7005402 01062100 49100090 
00004b50: 10000f04 04190302 2ebd0a02 00000000 
00004b60: 13040f20 1a0a0000 00009f01 54030210 
00004b70: 00001504 e7005402 01062100 49100090 
00004b80: 10000f06 04010000 0f060401 00000f06 
00004b90: 04010000 0f040419 0f015494 04000000 
00004ba0: 00001a1a 2b800600 07020200 0f055401 
00004bb0: 0f01547e 00000000 00000304 2e871202 
00004bc0: 00000000 13840724 08020000 00009f01 
00004bd0: 54030208 00001504 e7005402 01062000 
00004be0: 09100090 10000a13 2b800600 17020000 
00004bf0: 0f055401 13020f22 120a0000 0000e700 
00004c00: 54020106 21004110 00901000 0f040419 
00004c10: 13040f22 08020000 0000e700 54020106 
00004c20: 21004110 00901000 0f060401 00000f04 
00004c30: 04190f01 54f40300 00000000 1a182b80 
00004c40: 06000702 02000f05 54010f01 54700100 
00004c50: 00000000 03042e87 12020000 00001384 
00004c60: 07241a0a 00000000 9f015403 02080000 
00004c70: 1504e700 54020106 20000910 00901000 
00004c80: 0a932282 17020f05 54010f01 54ba0000 
00004c90: 00000000 0a932282 07020f05 54010f01 
00004ca0: 54700000 00000000 0a132b80 06001702 
00004cb0: 00000f05 54010302 2e9b1a02 00000000 
00004cc0: 13020f20 00020000 00009f01 54030210 
00004cd0: 00001504 e7005402 01062100 49100090 
00004ce0: 10000f04 04191304 0f201a0a 00000000 
00004cf0: 13020e9b 1e020000 0000e700 54020106 
00004d00: 21004910 00901000 0f060401 00000f04 
00004d10: 04190302 2e9b1a02 00000000 13040f20 
00004d20: 1a0a0000 00009f01 54030210 00001504 
00004d30: e7005402 01062100 49100090 10000f06 
00004d40: 04010000 0f040419 0f01546c 00000000 
00004d50: 00000a13 2a840702 0f055401 03022e9b 
00004d60: 1a020000 00009f01 54030220 00001504 
00004d70: 13020f20 00020000 0000e700 54020106 
00004d80: 21004910 00901000 0f040419 13020f20 
00004d90: 00020000 00001302 0e9b1e02 00000000 
00004da0: e7005402 01062100 49100090 10000f06 
00004db0: 04010000 0f060401 00000f04 04190f01 
00004dc0: 54620200 00000000 03182f81 18020000 
00004dd0: 00001a00 2b800600 07020200 0f055401 
00004de0: 0f01543a 02000000 00000304 2e871202 
00004df0: 00000000 13840724 08020000 00009f01 
00004e00: 5403020a 00041104 e7005402 01062000 
00004e10: 09100090 10000a93 22840702 0f055401 
00004e20: 0f015404 01000000 00000a93 22820702 
00004e30: 0f055401 0f01547a 00000000 00000a13 
00004e40: 2b800600 17020000 0f055401 03022e9b 
00004e50: 0a020000 00001302 0f22120a 00000000 
00004e60: 9f015403 02100000 1504e700 54020106 
00004e70: 21004910 00901000 0f040419 03022e9b 
00004e80: 0a020000 00001304 0f220802 00000000 
00004e90: 9f015403 02100000 1504e700 54020106 
00004ea0: 21004910 00901000 0f060401 00000f04 
00004eb0: 04190f01 546c0000 00000000 0a132a82 
00004ec0: 17020f05 54010302 2e9b0a02 00000000 
00004ed0: 13020f22 120a0000 00009f01 54030220 
00004ee0: 00001504 e7005402 01062100 49100090 
00004ef0: 10000f04 04191300 0f9d160a 00000000 
00004f00: 13020f22 120a0000 0000e700 54020106 
00004f10: 21004910 00901000 0f060401 00000f06 
00004f20: 04010000 0f040419 0f0154ec 00000000 
00004f30: 00000a93 22860702 0f055401 0f01546c 
00004f40: 00000000 00000a13 2a841702 0f055401 
00004f50: 13020f22 120a0000 00001302 0e9b0e02 
00004f60: 00000000 e7005402 01062100 49100090 
00004f70: 10000f04 04190302 2e9b0a02 00000000 
00004f80: 13040f22 08020000 00009f01 54030220 
00004f90: 00001504 e7005402 01062100 49100090 
00004fa0: 10000f06 04010000 0f040419 0f015462 
00004fb0: 00000000 00000a13 2a861702 0f055401 
00004fc0: 13040f22 08020000 00001300 0f9d160a 
00004fd0: 00000000 e7005402 01062100 49100090 
00004fe0: 10000f04 04191304 0f220802 00000000 
00004ff0: 13020e9b 0e020000 0000e700 54020106 
00005000: 21004910 00901000 0f060401 00000f06 
00005010: 04010000 0f060401 00000f06 04010000 
00005020: 0f060401 00000f06 04010000 0f060401 
00005030: 00000f06 04010000 0f060401 00000f06 
00005040: 04010000 0f062401 00000f06 24010000 
00005050: 0f062401 00000f06 24010000 0f062401 
00005060: 00006700 54000100 00005901 03400200 
00005070: 9f005604 02044000 d02f2a00 67005406 
00005080: 07000000 51810140 02006700 54000102 
00005090: 20001980 00404200 3b072f2e 00020080 
000050a0: 00005b01 2f3d0022 00000000 9f015400 
000050b0: 021418a8 1705e700 54000102 20005120 
000050c0: 00901000 67004400 07000000 51010240 
000050d0: 02000b01 2f330002 00800000 1b032f3b 
000050e0: 00020000 00009f01 54000204 00a81705 
000050f0: e7005400 01022100 51400090 10000f06 
00005100: 04010000 0e000000 00000000 00000000 
00005110: 00000000 00000000 00000000 00000000 
00005120: 00000000 00000000 00000000 00000000 
00005130: 00000000 00000000 00000000 00000000 
00005140: 80ae0000 00000000 00000000 00000000 
00005150: 00000000 00000000 00000000 00000000 
00005160: 00000000 00000000 00000000 00000000 
00005170: 00000000 00000000 00000000 00000000 
00005180: 00000000 00000000 00000000 00000000 
00005190: 00000000 00000000 00000000 00000000 
000051a0: 00000000 00000000 00000000 00000000 
000051b0: 00000000 00000000 00000000 00000000 
000051c0: 00000000 00000000 00000000 00000000 
000051d0: 00000000 00000000 00000000 00000000 
000051e0: 00000000 00000000 00000000 00000000 
000051f0: 00000000 00000000 00000000 00000000 
00005200: 00000000 00000000 00000000 00000000 
00005210: 00000000 00000000 00000000 00000000 
00005220: 00000000 00000000 00000000 00000000 
00005230: 00000000 00000000 00000000 00000000 
00005240: 00000000 00000000 00000000 00000000 
00005250: 00000000 00000000 00000000 00000000 
00005260: 00000000 00000000 00000000 00000000 
00005270: 00000000 00000000 00000000 00000000 
00005280: 00000000 00000000 00000000 00000000 
00005290: 00000000 00000000 00000000 00000000 
000052a0: 00000000 00000000 00000000 00000000 
000052b0: 00000000 00000000 00000000 00000000 
000052c0: 00000000 00000000 00000000 00000000 
000052d0: 00000000 00000000 00000000 00000000 
000052e0: 00000000 00000000 00000000 00000000 
000052f0: 00000000 00000000 00000000 00000000 
00005300: 00000000 00000000 00000000 00000000 
00005310: 00000000 00000000 00000000 00000000 
00005320: 00000000 00000000 00000000 00000000 
00005330: 00000000 00000000 00000000 00000000 
00005340: 00000000 00000000 00000000 00000000 
00005350: 00000000 00000000 00000000 00000000 
00005360: 00000000 00000000 00000000 00000000 
00005370: 00000000 00000000 00000000 00000000 
00005380: 00000000 00000000 00000000 00000000 
00005390: 00000000 00000000 00000000 00000000 
000053a0: 00000000 00000000 00000000 00000000 
000053b0: 00000000 00000000 00000000 00000000 
000053c0: 00000000 00000000 00000000 00000000 
000053d0: 00000000 00000000 00000000 00000000 
000053e0: 00000000 00000000 00000000 00000000 
000053f0: 00000000 00000000 00000000 00000000 
00005400: 00000000 00000000 00000000 00000000 
00005410: 00000000 00000000 00000000 00000000 
00005420: 00000000 00000000 00000000 00000000 
00005430: 00000000 00000000 00000000 00000000 
00005440: 00000000 00000000 00000000 00000000 
00005450: 00000000 00000000 00000000 00000000 
00005460: 00000000 00000000 00000000 00000000 
00005470: 00000000 00000000 00000000 00000000 
00005480: 00000000 00000000 00000000 00000000 
00005490: 00000000 00000000 00000000 00000000 
000054a0: 00000000 00000000 00000000 00000000 
000054b0: 00000000 00000000 00000000 00000000 
000054c0: 00000000 00000000 00000000 00000000 
000054d0: 00000000 00000000 00000000 00000000 
000054e0: 00000000 00000000 00000000 00000000 
000054f0: 00000000 00000000 00000000 00000000 
00005500: 00000000 00000000 00000000 00000000 
00005510: 00000000 00000000 00000000 00000000 
00005520: 00000000 00000000 00000000 00000000 
00005530: 00000000 00000000 00000000 00000000 
00005540: 00000000 00000000 00000000 00000000 
00005550: 00000000 00000000 00000000 00000000 
00005560: 00000000 00000000 00000000 00000000 
00005570: 00000000 00000000 00000000 00000000 
00005580: 00000000 00000000 00000000 00000000 
00005590: 00000000 00000000 00000000 00000000 
000055a0: 00000000 00000000 00000000 00000000 
000055b0: 00000000 00000000 00000000 00000000 
000055c0: 00000000 00000000 00000000 00000000 
000055d0: 00000000 00000000 00000000 00000000 
000055e0: 00000000 00000000 00000000 00000000 
000055f0: 00000000 00000000 00000000 00000000 
00005600: 00000000 00000000 00000000 00000000 
00005610: 00000000 00000000 00000000 00000000 
00005620: 00000000 00000000 00000000 00000000 
00005630: 00000000 00000000 00000000 00000000 
00005640: 00000000 00000000 00000000 00000000 
00005650: 00000000 00000000 00000000 00000000 
00005660: 00000000 00000000 00000000 00000000 
00005670: 00000000 00000000 00000000 00000000 
00005680: 00000000 00000000 00000000 00000000 
00005690: 00000000 00000000 00000000 00000000 
000056a0: 00000000 00000000 00000000 00000000 
000056b0: 00000000 00000000 00000000 00000000 
000056c0: 00000000 00000000 00000000 00000000 
000056d0: 00000000 00000000 00000000 00000000 
000056e0: 00000000 00000000 00000000 00000000 
000056f0: 00000000 00000000 00000000 00000000 
00005700: 00000000 00000000 00000000 00000000 
00005710: 00000000 00000000 00000000 00000000 
00005720: 00000000 00000000 00000000 00000000 
00005730: 00000000 00000000 00000000 00000000 
00005740: 00000000 00000000 00000000 00000000 
00005750: 00000000 00000000 00000000 00000000 
00005760: 00000000 00000000 00000000 00000000 
00005770: 00000000 00000000 00000000 00000000 
00005780: 00000000 00000000 00000000 00000000 
00005790: 00000000 00000000 00000000 00000000 
000057a0: 00000000 00000000 00000000 00000000 
000057b0: 00000000 00000000 00000000 00000000 
000057c0: 00000000 00000000 00000000 00000000 
000057d0: 00000000 00000000 00000000 00000000 
000057e0: 00000000 00000000 00000000 00000000 
000057f0: 00000000 00000000 00000000 00000000 
00005800: 00000000 00000000 00000000 00000000 
00005810: 00000000 00000000 00000000 00000000 
00005820: 00000000 00000000 00000000 00000000 
00005830: 00000000 00000000 00000000 00000000 
00005840: 00000000 00000000 00000000 00000000 
00005850: 00000000 00000000 00000000 00000000 
00005860: 00000000 00000000 00000000 00000000 
00005870: 00000000 00000000 00000000 00000000 
00005880: 00000000 00000000 00000000 00000000 
00005890: 00000000 00000000 00000000 00000000 
000058a0: 00000000 00000000 00000000 00000000 
000058b0: 00000000 00000000 00000000 00000000 
000058c0: 00000000 00000000 00000000 00000000 
000058d0: 00000000 00000000 00000000 00000000 
000058e0: 00000000 00000000 00000000 00000000 
000058f0: 00000000 00000000 00000000 00000000 
00005900: 00000000 00000000 00000000 00000000 
00005910: 00000000 00000000 00000000 00000000 
00005920: 00000000 00000000 00000000 00000000 
00005930: 00000000 00000000 00000000 00000000 
00005940: 00000000 00000000 00000000 00000000 
00005950: 00000000 00000000 00000000 00000000 
00005960: 00000000 00000000 00000000 00000000 
00005970: 00000000 00000000 00000000 00000000 
00005980: 00000000 00000000 00000000 00000000 
00005990: 00000000 00000000 00000000 00000000 
000059a0: 00000000 00000000 00000000 00000000 
000059b0: 00000000 00000000 00000000 00000000 
000059c0: 00000000 00000000 00000000 00000000 
000059d0: 00000000 00000000 00000000 00000000 
000059e0: 00000000 00000000 00000000 00000000 
000059f0: 00000000 00000000 00000000 00000000 
00005a00: 00000000 00000000 00000000 00000000 
00005a10: 00000000 00000000 00000000 00000000 
00005a20: 00000000 00000000 00000000 00000000 
00005a30: 00000000 00000000 00000000 00000000 
00005a40: 00000000 00000000 00000000 00000000 
00005a50: 00000000 00000000 00000000 00000000 
00005a60: 00000000 00000000 00000000 00000000 
00005a70: 00000000 00000000 00000000 00000000 
00005a80: 00000000 00000000 00000000 00000000 
00005a90: 00000000 00000000 00000000 00000000 
00005aa0: 00000000 00000000 00000000 00000000 
00005ab0: 00000000 00000000 00000000 00000000 
00005ac0: 00000000 00000000 00000000 00000000 
00005ad0: 00000000 00000000 00000000 00000000 
00005ae0: 00000000 00000000 00000000 00000000 
00005af0: 00000000 00000000 00000000 00000000 
00005b00: 00000000 00000000 00000000 00000000 
00005b10: 00000000 00000000 00000000 00000000 
00005b20: 00000000 00000000 00000000 00000000 
00005b30: 00000000 00000000 00000000 00000000 
00005b40: 00000000 00000000 00000000 00000000 
00005b50: 00000000 00000000 00000000 00000000 
00005b60: 00000000 00000000 00000000 00000000 
00005b70: 00000000 00000000 00000000 00000000 
00005b80: 00000000 00000000 00000000 00000000 
00005b90: 00000000 00000000 00000000 00000000 
00005ba0: 00000000 00000000 00000000 00000000 
00005bb0: 00000000 00000000 00000000 00000000 
00005bc0: 00000000 00000000 00000000 00000000 
00005bd0: 00000000 00000000 00000000 00000000 
00005be0: 00000000 00000000 00000000 00000000 
00005bf0: 00000000 00000000 00000000 00000000 
00005c00: 00000000 00000000 00000000 00000000 
00005c10: 00000000 00000000 00000000 00000000 
00005c20: 00000000 00000000 00000000 00000000 
00005c30: 00000000 00000000 00000000 00000000 
00005c40: 00000000 00000000 00000000 00000000 
00005c50: 00000000 00000000 00000000 00000000 
00005c60: 00000000 00000000 00000000 00000000 
00005c70: 00000000 00000000 00000000 00000000 
00005c80: 00000000 00000000 00000000 00000000 
00005c90: 00000000 00000000 00000000 00000000 
00005ca0: 00000000 00000000 00000000 00000000 
00005cb0: 00000000 00000000 00000000 00000000 
00005cc0: 00000000 00000000 00000000 00000000 
00005cd0: 00000000 00000000 00000000 00000000 
00005ce0: 00000000 00000000 00000000 00000000 
00005cf0: 00000000 00000000 00000000 00000000 
00005d00: 00000000 00000000 00000000 00000000 
00005d10: 00000000 00000000 00000000 00000000 
00005d20: 00000000 00000000 00000000 00000000 
00005d30: 00000000 00000000 00000000 00000000 
00005d40: 00000000 00000000 00000000 00000000 
00005d50: 00000000 00000000 00000000 00000000 
00005d60: 00000000 00000000 00000000 00000000 
00005d70: 00000000 00000000 00000000 00000000 
00005d80: 00000000 00000000 00000000 00000000 
00005d90: 00000000 00000000 00000000 00000000 
00005da0: 00000000 00000000 00000000 00000000 
00005db0: 00000000 00000000 00000000 00000000 
00005dc0: 00000000 00000000 00000000 00000000 
00005dd0: 00000000 00000000 00000000 00000000 
00005de0: 00000000 00000000 00000000 00000000 
00005df0: 00000000 00000000 00000000 00000000 
00005e00: 00000000 00000000 00000000 00000000 
00005e10: 00000000 00000000 00000000 00000000 
00005e20: 00000000 00000000 00000000 00000000 
00005e30: 00000000 00000000 00000000 00000000 
00005e40: 00000000 00000000 00000000 00000000 
00005e50: 00000000 00000000 00000000 00000000 
00005e60: 00000000 00000000 00000000 00000000 
00005e70: 00000000 00000000 00000000 00000000 
00005e80: 00000000 00000000 00000000 00000000 
00005e90: 00000000 00000000 00000000 00000000 
00005ea0: 00000000 00000000 00000000 00000000 
00005eb0: 00000000 00000000 00000000 00000000 
00005ec0: 00000000 00000000 00000000 00000000 
00005ed0: 00000000 00000000 00000000 00000000 
00005ee0: 00000000 00000000 00000000 00000000 
00005ef0: 00000000 00000000 00000000 00000000 
00005f00: 00000000 00000000 00000000 00000000 
00005f10: 00000000 00000000 00000000 00000000 
00005f20: 00000000 00000000 00000000 00000000 
00005f30: 00000000 00000000 00000000 00000000 
00005f40: 00000000 00000000 00000000 00000000 
00005f50: 00000000 00000000 00000000 00000000 
00005f60: 00000000 00000000 00000000 00000000 
00005f70: 00000000 00000000 00000000 00000000 
00005f80: 00000000 00000000 00000000 00000000 
00005f90: 00000000 00000000 00000000 00000000 
00005fa0: 00000000 00000000 00000000 00000000 
00005fb0: 00000000 00000000 00000000 00000000 
00005fc0: 00000000 00000000 00000000 00000000 
00005fd0: 00000000 00000000 00000000 00000000 
00005fe0: 00000000 00000000 00000000 00000000 
00005ff0: 00000000 00000000 00000000 00000000 
00006000: 00000000 00000000 00000000 00000000 
00006010: 00000000 00000000 00000000 00000000 
00006020: 00000000 00000000 00000000 00000000 
00006030: 00000000 00000000 00000000 00000000 
00006040: 00000000 00000000 00000000 00000000 
00006050: 00000000 00000000 00000000 00000000 
00006060: 00000000 00000000 00000000 00000000 
00006070: 00000000 00000000 00000000 00000000 
00006080: 00000000 00000000 00000000 00000000 
00006090: 00000000 00000000 00000000 00000000 
000060a0: 00000000 00000000 00000000 00000000 
000060b0: 00000000 00000000 00000000 00000000 
000060c0: 00000000 00000000 00000000 00000000 
000060d0: 00000000 00000000 00000000 00000000 
000060e0: 00000000 00000000 00000000 00000000 
000060f0: 00000000 00000000 00000000 00000000 
00006100: 00000000 00000000 00000000 00000000 
00006110: 00000000 00000000 00000000 00000000 
00006120: 00000000 00000000 00000000 00000000 
00006130: 00000000 00000000 00000000 00000000 
00006140: 00000000 00000000 00000000 00000000 
00006150: 00000000 00000000 00000000 00000000 
00006160: 00000000 00000000 00000000 00000000 
00006170: 00000000 00000000 00000000 00000000 
00006180: 00000000 00000000 00000000 00000000 
00006190: 00000000 00000000 00000000 00000000 
000061a0: 00000000 00000000 00000000 00000000 
000061b0: 00000000 00000000 00000000 00000000 
000061c0: 00000000 00000000 00000000 00000000 
000061d0: 00000000 00000000 00000000 00000000 
000061e0: 00000000 00000000 00000000 00000000 
000061f0: 00000000 00000000 00000000 00000000 
00006200: 00000000 00000000 00000000 00000000 
00006210: 00000000 00000000 00000000 00000000 
00006220: 00000000 00000000 00000000 00000000 
00006230: 00000000 00000000 00000000 00000000 
00006240: 00000000 00000000 00000000 00000000 
00006250: 00000000 00000000 00000000 00000000 
00006260: 00000000 00000000 00000000 00000000 
00006270: 00000000 00000000 00000000 00000000 
00006280: 00000000 00000000 00000000 00000000 
00006290: 00000000 00000000 00000000 00000000 
000062a0: 00000000 00000000 00000000 00000000 
000062b0: 00000000 00000000 00000000 00000000 
000062c0: 00000000 00000000 00000000 00000000 
000062d0: 00000000 00000000 00000000 00000000 
000062e0: 00000000 00000000 00000000 00000000 
000062f0: 00000000 00000000 00000000 00000000 
00006300: 00000000 00000000 00000000 00000000 
00006310: 00000000 00000000 00000000 00000000 
00006320: 00000000 00000000 00000000 00000000 
00006330: 00000000 00000000 00000000 00000000 
00006340: 00000000 00000000 00000000 00000000 
00006350: 00000000 00000000 00000000 00000000 
00006360: 00000000 00000000 00000000 00000000 
00006370: 00000000 00000000 00000000 00000000 
00006380: 00000000 00000000 00000000 00000000 
00006390: 00000000 00000000 00000000 00000000 
000063a0: 00000000 00000000 00000000 00000000 
000063b0: 00000000 00000000 00000000 00000000 
000063c0: 00000000 00000000 00000000 00000000 
000063d0: 00000000 00000000 00000000 00000000 
000063e0: 00000000 00000000 00000000 00000000 
000063f0: 00000000 00000000 00000000 00000000 
00006400: 00000000 00000000 00000000 00000000 
00006410: 00000000 00000000 00000000 00000000 
00006420: 00000000 00000000 00000000 00000000 
00006430: 00000000 00000000 00000000 00000000 
00006440: 00000000 00000000 00000000 00000000 
00006450: 00000000 00000000 00000000 00000000 
00006460: 00000000 00000000 00000000 00000000 
00006470: 00000000 00000000 00000000 00000000 
00006480: 00000000 00000000 00000000 00000000 
00006490: 00000000 00000000 00000000 00000000 
000064a0: 00000000 00000000 00000000 00000000 
000064b0: 00000000 00000000 00000000 00000000 
000064c0: 00000000 00000000 00000000 00000000 
000064d0: 00000000 00000000 00000000 00000000 
000064e0: 00000000 00000000 00000000 00000000 
000064f0: 00000000 00000000 00000000 00000000 
00006500: 00000000 00000000 00000000 00000000 
00006510: 00000000 00000000 00000000 00000000 
00006520: 00000000 00000000 00000000 00000000 
00006530: 00000000 00000000 00000000 00000000 
00006540: 00000000 00000000 00000000 00000000 
00006550: 00000000 00000000 00000000 00000000 
00006560: 00000000 00000000 00000000 00000000 
00006570: 00000000 00000000 00000000 00000000 
00006580: 00000000 00000000 00000000 00000000 
00006590: 00000000 00000000 00000000 00000000 
000065a0: 00000000 00000000 00000000 00000000 
000065b0: 00000000 00000000 00000000 00000000 
000065c0: 00000000 00000000 00000000 00000000 
000065d0: 00000000 00000000 00000000 00000000 
000065e0: 00000000 00000000 00000000 00000000 
000065f0: 00000000 00000000 00000000 00000000 
00006600: 00000000 00000000 00000000 00000000 
00006610: 00000000 00000000 00000000 00000000 
00006620: 00000000 00000000 00000000 00000000 
00006630: 00000000 00000000 00000000 00000000 
00006640: 00000000 00000000 00000000 00000000 
00006650: 00000000 00000000 00000000 00000000 
00006660: 00000000 00000000 00000000 00000000 
00006670: 00000000 00000000 00000000 00000000 
00006680: 00000000 00000000 00000000 00000000 
00006690: 00000000 00000000 00000000 00000000 
000066a0: 00000000 00000000 00000000 00000000 
000066b0: 00000000 00000000 00000000 00000000 
000066c0: 00000000 00000000 00000000 00000000 
000066d0: 00000000 00000000 00000000 00000000 
000066e0: 00000000 00000000 00000000 00000000 
000066f0: 00000000 00000000 00000000 00000000 
00006700: 00000000 00000000 00000000 00000000 
00006710: 00000000 00000000 00000000 00000000 
00006720: 00000000 00000000 00000000 00000000 
00006730: 00000000 00000000 00000000 00000000 
00006740: 00000000 00000000 00000000 00000000 
00006750: 00000000 00000000 00000000 00000000 
00006760: 00000000 00000000 00000000 00000000 
00006770: 00000000 00000000 00000000 00000000 
00006780: 00000000 00000000 00000000 00000000 
00006790: 00000000 00000000 00000000 00000000 
000067a0: 00000000 00000000 00000000 00000000 
000067b0: 00000000 00000000 00000000 00000000 
000067c0: 00000000 00000000 00000000 00000000 
000067d0: 00000000 00000000 00000000 00000000 
000067e0: 00000000 00000000 00000000 00000000 
000067f0: 00000000 00000000 00000000 00000000 
00006800: 00000000 00000000 00000000 00000000 
00006810: 00000000 00000000 00000000 00000000 
00006820: 00000000 00000000 00000000 00000000 
00006830: 00000000 00000000 00000000 00000000 
00006840: 00000000 00000000 00000000 00000000 
00006850: 00000000 00000000 00000000 00000000 
00006860: 00000000 00000000 00000000 00000000 
00006870: 00000000 00000000 00000000 00000000 
00006880: 00000000 00000000 00000000 00000000 
00006890: 00000000 00000000 00000000 00000000 
000068a0: 00000000 00000000 00000000 00000000 
000068b0: 00000000 00000000 00000000 00000000 
000068c0: 00000000 00000000 00000000 00000000 
000068d0: 00000000 00000000 00000000 00000000 
000068e0: 00000000 00000000 00000000 00000000 
000068f0: 00000000 00000000 00000000 00000000 
00006900: 00000000 00000000 00000000 00000000 
00006910: 00000000 00000000 00000000 00000000 
00006920: 00000000 00000000 00000000 00000000 
00006930: 00000000 00000000 00000000 00000000 
00006940: 00000000 00000000 00000000 00000000 
00006950: 00000000 00000000 00000000 00000000 
00006960: 00000000 00000000 00000000 00000000 
00006970: 00000000 00000000 00000000 00000000 
00006980: 00000000 00000000 00000000 00000000 
00006990: 00000000 00000000 00000000 00000000 
000069a0: 00000000 00000000 00000000 00000000 
000069b0: 00000000 00000000 00000000 00000000 
000069c0: 00000000 00000000 00000000 00000000 
000069d0: 00000000 00000000 00000000 00000000 
000069e0: 00000000 00000000 00000000 00000000 
000069f0: 00000000 00000000 00000000 00000000 
00006a00: 00000000 00000000 00000000 00000000 
00006a10: 00000000 00000000 00000000 00000000 
00006a20: 00000000 00000000 00000000 00000000 
00006a30: 00000000 00000000 00000000 00000000 
00006a40: 00000000 00000000 00000000 00000000 
00006a50: 00000000 00000000 00000000 00000000 
00006a60: 00000000 00000000 00000000 00000000 
00006a70: 00000000 00000000 00000000 00000000 
00006a80: 00000000 00000000 00000000 00000000 
00006a90: 00000000 00000000 00000000 00000000 
00006aa0: 00000000 00000000 00000000 00000000 
00006ab0: 00000000 00000000 00000000 00000000 
00006ac0: 00000000 00000000 00000000 00000000 
00006ad0: 00000000 00000000 00000000 00000000 
00006ae0: 00000000 00000000 00000000 00000000 
00006af0: 00000000 00000000 00000000 00000000 
00006b00: 00000000 00000000 00000000 00000000 
00006b10: 00000000 00000000 00000000 00000000 
00006b20: 00000000 00000000 00000000 00000000 
00006b30: 00000000 00000000 00000000 00000000 
00006b40: 00000000 00000000 00000000 00000000 
00006b50: 00000000 00000000 00000000 00000000 
00006b60: 00000000 00000000 00000000 00000000 
00006b70: 00000000 00000000 00000000 00000000 
00006b80: 00000000 00000000 00000000 00000000 
00006b90: 00000000 00000000 00000000 00000000 
00006ba0: 00000000 00000000 00000000 00000000 
00006bb0: 00000000 00000000 00000000 00000000 
00006bc0: 00000000 00000000 00000000 00000000 
00006bd0: 00000000 00000000 00000000 00000000 
00006be0: 00000000 00000000 00000000 00000000 
00006bf0: 00000000 00000000 00000000 00000000 
00006c00: 00000000 00000000 00000000 00000000 
00006c10: 00000000 00000000 00000000 00000000 
00006c20: 00000000 00000000 00000000 00000000 
00006c30: 00000000 00000000 00000000 00000000 
00006c40: 00000000 00000000 00000000 00000000 
00006c50: 00000000 00000000 00000000 00000000 
00006c60: 00000000 00000000 00000000 00000000 
00006c70: 00000000 00000000 00000000 00000000 
00006c80: 00000000 00000000 00000000 00000000 
00006c90: 00000000 00000000 00000000 00000000 
00006ca0: 00000000 00000000 00000000 00000000 
00006cb0: 00000000 00000000 00000000 00000000 
00006cc0: 00000000 00000000 00000000 00000000 
00006cd0: 00000000 00000000 00000000 00000000 
00006ce0: 00000000 00000000 00000000 00000000 
00006cf0: 00000000 00000000 00000000 00000000 
00006d00: 00000000 00000000 00000000 00000000 
00006d10: 00000000 00000000 00000000 00000000 
00006d20: 00000000 00000000 00000000 00000000 
00006d30: 00000000 00000000 00000000 00000000 
00006d40: 00000000 00000000 00000000 00000000 
00006d50: 00000000 00000000 00000000 00000000 
00006d60: 00000000 00000000 00000000 00000000 
00006d70: 00000000 00000000 00000000 00000000 
00006d80: 00000000 00000000 00000000 00000000 
00006d90: 00000000 00000000 00000000 00000000 
00006da0: 00000000 00000000 00000000 00000000 
00006db0: 00000000 00000000 00000000 00000000 
00006dc0: 00000000 00000000 00000000 00000000 
00006dd0: 00000000 00000000 00000000 00000000 
00006de0: 00000000 00000000 00000000 00000000 
00006df0: 00000000 00000000 00000000 00000000 
00006e00: 00000000 00000000 00000000 00000000 
00006e10: 00000000 00000000 00000000 00000000 
00006e20: 00000000 00000000 00000000 00000000 
00006e30: 00000000 00000000 00000000 00000000 
00006e40: 00000000 00000000 00000000 00000000 
00006e50: 00000000 00000000 00000000 00000000 
00006e60: 00000000 00000000 00000000 00000000 
00006e70: 00000000 00000000 00000000 00000000 
00006e80: 00000000 00000000 00000000 00000000 
00006e90: 00000000 00000000 00000000 00000000 
00006ea0: 00000000 00000000 00000000 00000000 
00006eb0: 00000000 00000000 00000000 00000000 
00006ec0: 00000000 00000000 00000000 00000000 
00006ed0: 00000000 00000000 00000000 00000000 
00006ee0: 00000000 00000000 00000000 00000000 
00006ef0: 00000000 00000000 00000000 00000000 
00006f00: 00000000 00000000 00000000 00000000 
00006f10: 00000000 00000000 00000000 00000000 
00006f20: 00000000 00000000 00000000 00000000 
00006f30: 00000000 00000000 00000000 00000000 
00006f40: 00000000 00000000 00000000 00000000 
00006f50: 00000000 00000000 00000000 00000000 
00006f60: 00000000 00000000 00000000 00000000 
00006f70: 00000000 00000000 00000000 00000000 
00006f80: 00000000 00000000 00000000 00000000 
00006f90: 00000000 00000000 00000000 00000000 
00006fa0: 00000000 00000000 00000000 00000000 
00006fb0: 00000000 00000000 00000000 00000000 
00006fc0: 00000000 00000000 00000000 00000000 
00006fd0: 00000000 00000000 00000000 00000000 
00006fe0: 00000000 00000000 00000000 00000000 
00006ff0: 00000000 00000000 00000000 00000000 
00007000: 00000000 00000000 00000000 00000000 
00007010: 00000000 00000000 00000000 00000000 
00007020: 00000000 00000000 00000000 00000000 
00007030: 00000000 00000000 00000000 00000000 
00007040: 00000000 00000000 00000000 00000000 
00007050: 00000000 00000000 00000000 00000000 
00007060: 00000000 00000000 00000000 00000000 
00007070: 00000000 00000000 00000000 00000000 
00007080: 00000000 00000000 00000000 00000000 
00007090: 00000000 00000000 00000000 00000000 
000070a0: 00000000 00000000 00000000 00000000 
000070b0: 00000000 00000000 00000000 00000000 
000070c0: 00000000 00000000 00000000 00000000 
000070d0: 00000000 00000000 00000000 00000000 
000070e0: 00000000 00000000 00000000 00000000 
000070f0: 00000000 00000000 00000000 00000000 
00007100: 00000000 00000000 00000000 00000000 
00007110: 00000000 00000000 00000000 00000000 
00007120: 00000000 00000000 00000000 00000000 
00007130: 00000000 00000000 00000000 00000000 
00007140: 00000000 00000000 00000000 00000000 
00007150: 00000000 00000000 00000000 00000000 
00007160: 00000000 00000000 00000000 00000000 
00007170: 00000000 00000000 00000000 00000000 
00007180: 00000000 00000000 00000000 00000000 
00007190: 00000000 00000000 00000000 00000000 
000071a0: 00000000 00000000 00000000 00000000 
000071b0: 00000000 00000000 00000000 00000000 
000071c0: 00000000 00000000 00000000 00000000 
000071d0: 00000000 00000000 00000000 00000000 
000071e0: 00000000 00000000 00000000 00000000 
000071f0: 00000000 00000000 00000000 00000000 
00007200: 00000000 00000000 00000000 00000000 
00007210: 00000000 00000000 00000000 00000000 
00007220: 00000000 00000000 00000000 00000000 
00007230: 00000000 00000000 00000000 00000000 
00007240: 00000000 00000000 00000000 00000000 
00007250: 00000000 00000000 00000000 00000000 
00007260: 00000000 00000000 00000000 00000000 
00007270: 00000000 00000000 00000000 00000000 
00007280: 00000000 00000000 00000000 00000000 
00007290: 00000000 00000000 00000000 00000000 
000072a0: 00000000 00000000 00000000 00000000 
000072b0: 00000000 00000000 00000000 00000000 
000072c0: 00000000 00000000 00000000 00000000 
000072d0: 00000000 00000000 00000000 00000000 
000072e0: 00000000 00000000 00000000 00000000 
000072f0: 00000000 00000000 00000000 00000000 
00007300: 00000000 00000000 00000000 00000000 
00007310: 00000000 00000000 00000000 00000000 
00007320: 00000000 00000000 00000000 00000000 
00007330: 00000000 00000000 00000000 00000000 
00007340: 00000000 00000000 00000000 00000000 
00007350: 00000000 00000000 00000000 00000000 
00007360: 00000000 00000000 00000000 00000000 
00007370: 00000000 00000000 00000000 00000000 
00007380: 00000000 00000000 00000000 00000000 
00007390: 00000000 00000000 00000000 00000000 
000073a0: 00000000 00000000 00000000 00000000 
000073b0: 00000000 00000000 00000000 00000000 
000073c0: 00000000 00000000 00000000 00000000 
000073d0: 00000000 00000000 00000000 00000000 
000073e0: 00000000 00000000 00000000 00000000 
000073f0: 00000000 00000000 00000000 00000000 
00007400: 00000000 00000000 00000000 00000000 
00007410: 00000000 00000000 00000000 00000000 
00007420: 00000000 00000000 00000000 00000000 
00007430: 00000000 00000000 00000000 00000000 
00007440: 00000000 00000000 00000000 00000000 
00007450: 00000000 00000000 00000000 00000000 
00007460: 00000000 00000000 00000000 00000000 
00007470: 00000000 00000000 00000000 00000000 
00007480: 00000000 00000000 00000000 00000000 
00007490: 00000000 00000000 00000000 00000000 
000074a0: 00000000 00000000 00000000 00000000 
000074b0: 00000000 00000000 00000000 00000000 
000074c0: 00000000 00000000 00000000 00000000 
000074d0: 00000000 00000000 00000000 00000000 
000074e0: 00000000 00000000 00000000 00000000 
000074f0: 00000000 00000000 00000000 00000000 
00007500: 00000000 00000000 00000000 00000000 
00007510: 00000000 00000000 00000000 00000000 
00007520: 00000000 00000000 00000000 00000000 
00007530: 00000000 00000000 00000000 00000000 
00007540: 00000000 00000000 00000000 00000000 
00007550: 00000000 00000000 00000000 00000000 
00007560: 00000000 00000000 00000000 00000000 
00007570: 00000000 00000000 00000000 00000000 
00007580: 00000000 00000000 00000000 00000000 
00007590: 00000000 00000000 00000000 00000000 
000075a0: 00000000 00000000 00000000 00000000 
000075b0: 00000000 00000000 00000000 00000000 
000075c0: 00000000 00000000 00000000 00000000 
000075d0: 00000000 00000000 00000000 00000000 
000075e0: 00000000 00000000 00000000 00000000 
000075f0: 00000000 00000000 00000000 00000000 
00007600: 00000000 00000000 00000000 00000000 
00007610: 00000000 00000000 00000000 00000000 
00007620: 00000000 00000000 00000000 00000000 
00007630: 00000000 00000000 00000000 00000000 
00007640: 00000000 00000000 00000000 00000000 
00007650: 00000000 00000000 00000000 00000000 
00007660: 00000000 00000000 00000000 00000000 
00007670: 00000000 00000000 00000000 00000000 
00007680: 00000000 00000000 00000000 00000000 
00007690: 00000000 00000000 00000000 00000000 
000076a0: 00000000 00000000 00000000 00000000 
000076b0: 00000000 00000000 00000000 00000000 
000076c0: 00000000 00000000 00000000 00000000 
000076d0: 00000000 00000000 00000000 00000000 
000076e0: 00000000 00000000 00000000 00000000 
000076f0: 00000000 00000000 00000000 00000000 
00007700: 00000000 00000000 00000000 00000000 
00007710: 00000000 00000000 00000000 00000000 
00007720: 00000000 00000000 00000000 00000000 
00007730: 00000000 00000000 00000000 00000000 
00007740: 00000000 00000000 00000000 00000000 
00007750: 00000000 00000000 00000000 00000000 
00007760: 00000000 00000000 00000000 00000000 
00007770: 00000000 00000000 00000000 00000000 
00007780: 00000000 00000000 00000000 00000000 
00007790: 00000000 00000000 00000000 00000000 
000077a0: 00000000 00000000 00000000 00000000 
000077b0: 00000000 00000000 00000000 00000000 
000077c0: 00000000 00000000 00000000 00000000 
000077d0: 00000000 00000000 00000000 00000000 
000077e0: 00000000 00000000 00000000 00000000 
000077f0: 00000000 00000000 00000000 00000000 
00007800: 00000000 00000000 00000000 00000000 
00007810: 00000000 00000000 00000000 00000000 
00007820: 00000000 00000000 00000000 00000000 
00007830: 00000000 00000000 00000000 00000000 
00007840: 00000000 00000000 00000000 00000000 
00007850: 00000000 00000000 00000000 00000000 
00007860: 00000000 00000000 00000000 00000000 
00007870: 00000000 00000000 00000000 00000000 
00007880: 00000000 00000000 00000000 00000000 
00007890: 00000000 00000000 00000000 00000000 
000078a0: 00000000 00000000 00000000 00000000 
000078b0: 00000000 00000000 00000000 00000000 
000078c0: 00000000 00000000 00000000 00000000 
000078d0: 00000000 00000000 00000000 00000000 
000078e0: 00000000 00000000 00000000 00000000 
000078f0: 00000000 00000000 00000000 00000000 
00007900: 00000000 00000000 00000000 00000000 
00007910: 00000000 00000000 00000000 00000000 
00007920: 00000000 00000000 00000000 00000000 
00007930: 00000000 00000000 00000000 00000000 
00007940: 00000000 00000000 00000000 00000000 
00007950: 00000000 00000000 00000000 00000000 
00007960: 00000000 00000000 00000000 00000000 
00007970: 00000000 00000000 00000000 00000000 
00007980: 00000000 00000000 00000000 00000000 
00007990: 00000000 00000000 00000000 00000000 
000079a0: 00000000 00000000 00000000 00000000 
000079b0: 00000000 00000000 00000000 00000000 
000079c0: 00000000 00000000 00000000 00000000 
000079d0: 00000000 00000000 00000000 00000000 
000079e0: 00000000 00000000 00000000 00000000 
000079f0: 00000000 00000000 00000000 00000000 
00007a00: 00000000 00000000 00000000 00000000 
00007a10: 00000000 00000000 00000000 00000000 
00007a20: 00000000 00000000 00000000 00000000 
00007a30: 00000000 00000000 00000000 00000000 
00007a40: 00000000 00000000 00000000 00000000 
00007a50: 00000000 00000000 00000000 00000000 
00007a60: 00000000 00000000 00000000 00000000 
00007a70: 00000000 00000000 00000000 00000000 
00007a80: 00000000 00000000 00000000 00000000 
00007a90: 00000000 00000000 00000000 00000000 
00007aa0: 00000000 00000000 00000000 00000000 
00007ab0: 00000000 00000000 00000000 00000000 
00007ac0: 00000000 00000000 00000000 00000000 
00007ad0: 00000000 00000000 00000000 00000000 
00007ae0: 00000000 00000000 00000000 00000000 
00007af0: 00000000 00000000 00000000 00000000 
00007b00: 00000000 00000000 00000000 00000000 
00007b10: 00000000 00000000 00000000 00000000 
00007b20: 00000000 00000000 00000000 00000000 
00007b30: 00000000 00000000 00000000 00000000 
00007b40: 00000000 00000000 00000000 00000000 
00007b50: 00000000 00000000 00000000 00000000 
00007b60: 00000000 00000000 00000000 00000000 
00007b70: 00000000 00000000 00000000 00000000 
00007b80: 00000000 00000000 00000000 00000000 
00007b90: 00000000 00000000 00000000 00000000 
00007ba0: 00000000 00000000 00000000 00000000 
00007bb0: 00000000 00000000 00000000 00000000 
00007bc0: 00000000 00000000 00000000 00000000 
00007bd0: 00000000 00000000 00000000 00000000 
00007be0: 00000000 00000000 00000000 00000000 
00007bf0: 00000000 00000000 00000000 00000000 
00007c00: 00000000 00000000 00000000 00000000 
00007c10: 00000000 00000000 00000000 00000000 
00007c20: 00000000 00000000 00000000 00000000 
00007c30: 00000000 00000000 00000000 00000000 
00007c40: 00000000 00000000 00000000 00000000 
00007c50: 00000000 00000000 00000000 00000000 
00007c60: 00000000 00000000 00000000 00000000 
00007c70: 00000000 00000000 00000000 00000000 
00007c80: 00000000 00000000 00000000 00000000 
00007c90: 00000000 00000000 00000000 00000000 
00007ca0: 00000000 00000000 00000000 00000000 
00007cb0: 00000000 00000000 00000000 00000000 
00007cc0: 00000000 00000000 00000000 00000000 
00007cd0: 00000000 00000000 00000000 00000000 
00007ce0: 00000000 00000000 00000000 00000000 
00007cf0: 00000000 00000000 00000000 00000000 
00007d00: 00000000 00000000 00000000 00000000 
00007d10: 00000000 00000000 00000000 00000000 
00007d20: 00000000 00000000 00000000 00000000 
00007d30: 00000000 00000000 00000000 00000000 
00007d40: 00000000 00000000 00000000 00000000 
00007d50: 00000000 00000000 00000000 00000000 
00007d60: 00000000 00000000 00000000 00000000 
00007d70: 00000000 00000000 00000000 00000000 
00007d80: 00000000 00000000 00000000 00000000 
00007d90: 00000000 00000000 00000000 00000000 
00007da0: 00000000 00000000 00000000 00000000 
00007db0: 00000000 00000000 00000000 00000000 
00007dc0: 00000000 00000000 00000000 00000000 
00007dd0: 00000000 00000000 00000000 00000000 
00007de0: 00000000 00000000 00000000 00000000 
00007df0: 00000000 00000000 00000000 00000000 
00007e00: 00000000 00000000 00000000 00000000 
00007e10: 00000000 00000000 00000000 00000000 
00007e20: 00000000 00000000 00000000 00000000 
00007e30: 00000000 00000000 00000000 00000000 
00007e40: 00000000 00000000 00000000 00000000 
00007e50: 00000000 00000000 00000000 00000000 
00007e60: 00000000 00000000 00000000 00000000 
00007e70: 00000000 00000000 00000000 00000000 
00007e80: 00000000 00000000 00000000 00000000 
00007e90: 00000000 00000000 00000000 00000000 
00007ea0: 00000000 00000000 00000000 00000000 
00007eb0: 00000000 00000000 00000000 00000000 
00007ec0: 00000000 00000000 00000000 00000000 
00007ed0: 00000000 00000000 00000000 00000000 
00007ee0: 00000000 00000000 00000000 00000000 
00007ef0: 00000000 00000000 00000000 00000000 
00007f00: 00000000 00000000 00000000 00000000 
00007f10: 00000000 00000000 00000000 00000000 
00007f20: 00000000 00000000 00000000 00000000 
00007f30: 00000000 00000000 00000000 00000000 
00007f40: 00000000 00000000 00000000 00000000 
00007f50: 00000000 00000000 00000000 00000000 
00007f60: 00000000 00000000 00000000 00000000 
00007f70: 00000000 00000000 00000000 00000000 
00007f80: 00000000 00000000 00000000 00000000 
00007f90: 00000000 00000000 00000000 00000000 
00007fa0: 00000000 00000000 00000000 00000000 
00007fb0: 00000000 00000000 00000000 00000000 
00007fc0: 00000000 00000000 00000000 00000000 
00007fd0: 00000000 00000000 00000000 00000000 
00007fe0: 00000000 00000000 00000000 00000000 
00007ff0: 00000000 00000000 00000000 00000000 
00008000: 00000000 00000000 00000000 00000000 
00008010: 00000000 00000000 00000000 00000000 
00008020: 00000000 00000000 00000000 00000000 
00008030: 00000000 00000000 00000000 00000000 
00008040: 00000000 00000000 00000000 00000000 
00008050: 00000000 00000000 00000000 00000000 
00008060: 00000000 00000000 00000000 00000000 
00008070: 00000000 00000000 00000000 00000000 
00008080: 00000000 00000000 00000000 00000000 
00008090: 00000000 00000000 00000000 00000000 
000080a0: 00000000 00000000 00000000 00000000 
000080b0: 00000000 00000000 00000000 00000000 
000080c0: 00000000 00000000 00000000 00000000 
000080d0: 00000000 00000000 00000000 00000000 
000080e0: 00000000 00000000 00000000 00000000 
000080f0: 00000000 00000000 00000000 00000000 
00008100: 00000000 00000000 00000000 00000000 
00008110: 00000000 00000000 00000000 00000000 
00008120: 00000000 00000000 00000000 00000000 
00008130: 00000000 00000000 00000000 00000000 
00008140: 00000000 00000000 00000000 00000000 
00008150: 00000000 00000000 00000000 00000000 
00008160: 00000000 00000000 00000000 00000000 
00008170: 00000000 00000000 00000000 00000000 
00008180: 00000000 00000000 00000000 00000000 
00008190: 00000000 00000000 00000000 00000000 
000081a0: 00000000 00000000 00000000 00000000 
000081b0: 00000000 00000000 00000000 00000000 
000081c0: 00000000 00000000 00000000 00000000 
000081d0: 00000000 00000000 00000000 00000000 
000081e0: 00000000 00000000 00000000 00000000 
000081f0: 00000000 00000000 00000000 00000000 
00008200: 00000000 00000000 00000000 00000000 
00008210: 00000000 00000000 00000000 00000000 
00008220: 00000000 00000000 00000000 00000000 
00008230: 00000000 00000000 00000000 00000000 
00008240: 00000000 00000000 00000000 00000000 
00008250: 00000000 00000000 00000000 00000000 
00008260: 00000000 00000000 00000000 00000000 
00008270: 00000000 00000000 00000000 00000000 
00008280: 00000000 00000000 00000000 00000000 
00008290: 00000000 00000000 00000000 00000000 
000082a0: 00000000 00000000 00000000 00000000 
000082b0: 00000000 00000000 00000000 00000000 
000082c0: 00000000 00000000 00000000 00000000 
000082d0: 00000000 00000000 00000000 00000000 
000082e0: 00000000 00000000 00000000 00000000 
000082f0: 00000000 00000000 00000000 00000000 
00008300: 00000000 00000000 00000000 00000000 
00008310: 00000000 00000000 00000000 00000000 
00008320: 00000000 00000000 00000000 00000000 
00008330: 00000000 00000000 00000000 00000000 
00008340: 00000000 00000000 00000000 00000000 
00008350: 00000000 00000000 00000000 00000000 
00008360: 00000000 00000000 00000000 00000000 
00008370: 00000000 00000000 00000000 00000000 
00008380: 00000000 00000000 00000000 00000000 
00008390: 00000000 00000000 00000000 00000000 
000083a0: 00000000 00000000 00000000 00000000 
000083b0: 00000000 00000000 00000000 00000000 
000083c0: 00000000 00000000 00000000 00000000 
000083d0: 00000000 00000000 00000000 00000000 
000083e0: 00000000 00000000 00000000 00000000 
000083f0: 00000000 00000000 00000000 00000000 
00008400: 00000000 00000000 00000000 00000000 
00008410: 00000000 00000000 00000000 00000000 
00008420: 00000000 00000000 00000000 00000000 
00008430: 00000000 00000000 00000000 00000000 
00008440: 00000000 00000000 00000000 00000000 
00008450: 00000000 00000000 00000000 00000000 
00008460: 00000000 00000000 00000000 00000000 
00008470: 00000000 00000000 00000000 00000000 
00008480: 00000000 00000000 00000000 00000000 
00008490: 00000000 00000000 00000000 00000000 
000084a0: 00000000 00000000 00000000 00000000 
000084b0: 00000000 00000000 00000000 00000000 
000084c0: 00000000 00000000 00000000 00000000 
000084d0: 00000000 00000000 00000000 00000000 
000084e0: 00000000 00000000 00000000 00000000 
000084f0: 00000000 00000000 00000000 00000000 
00008500: 00000000 00000000 00000000 00000000 
00008510: 00000000 00000000 00000000 00000000 
00008520: 00000000 00000000 00000000 00000000 
00008530: 00000000 00000000 00000000 00000000 
00008540: 00000000 00000000 00000000 00000000 
00008550: 00000000 00000000 00000000 00000000 
00008560: 00000000 00000000 00000000 00000000 
00008570: 00000000 00000000 00000000 00000000 
00008580: 00000000 00000000 00000000 00000000 
00008590: 00000000 00000000 00000000 00000000 
000085a0: 00000000 00000000 00000000 00000000 
000085b0: 00000000 00000000 00000000 00000000 
000085c0: 00000000 00000000 00000000 00000000 
000085d0: 00000000 00000000 00000000 00000000 
000085e0: 00000000 00000000 00000000 00000000 
000085f0: 00000000 00000000 00000000 00000000 
00008600: 00000000 00000000 00000000 00000000 
00008610: 00000000 00000000 00000000 00000000 
00008620: 00000000 00000000 00000000 00000000 
00008630: 00000000 00000000 00000000 00000000 
00008640: 00000000 00000000 00000000 00000000 
00008650: 00000000 00000000 00000000 00000000 
00008660: 00000000 00000000 00000000 00000000 
00008670: 00000000 00000000 00000000 00000000 
00008680: 00000000 00000000 00000000 00000000 
00008690: 00000000 00000000 00000000 00000000 
000086a0: 00000000 00000000 00000000 00000000 
000086b0: 00000000 00000000 00000000 00000000 
000086c0: 00000000 00000000 00000000 00000000 
000086d0: 00000000 00000000 00000000 00000000 
000086e0: 00000000 00000000 00000000 00000000 
000086f0: 00000000 00000000 00000000 00000000 
00008700: 00000000 00000000 00000000 00000000 
00008710: 00000000 00000000 00000000 00000000 
00008720: 00000000 00000000 00000000 00000000 
00008730: 00000000 00000000 00000000 00000000 
00008740: 00000000 00000000 00000000 00000000 
00008750: 00000000 00000000 00000000 00000000 
00008760: 00000000 00000000 00000000 00000000 
00008770: 00000000 00000000 00000000 00000000 
00008780: 00000000 00000000 00000000 00000000 
00008790: 00000000 00000000 00000000 00000000 
000087a0: 00000000 00000000 00000000 00000000 
000087b0: 00000000 00000000 00000000 00000000 
000087c0: 00000000 00000000 00000000 00000000 
000087d0: 00000000 00000000 00000000 00000000 
000087e0: 00000000 00000000 00000000 00000000 
000087f0: 00000000 00000000 00000000 00000000 
00008800: 00000000 00000000 00000000 00000000 
00008810: 00000000 00000000 00000000 00000000 
00008820: 00000000 00000000 00000000 00000000 
00008830: 00000000 00000000 00000000 00000000 
00008840: 00000000 00000000 00000000 00000000 
00008850: 00000000 00000000 00000000 00000000 
00008860: 00000000 00000000 00000000 00000000 
00008870: 00000000 00000000 00000000 00000000 
00008880: 00000000 00000000 00000000 00000000 
00008890: 00000000 00000000 00000000 00000000 
000088a0: 00000000 00000000 00000000 00000000 
000088b0: 00000000 00000000 00000000 00000000 
000088c0: 00000000 00000000 00000000 00000000 
000088d0: 00000000 00000000 00000000 00000000 
000088e0: 00000000 00000000 00000000 00000000 
000088f0: 00000000 00000000 00000000 00000000 
00008900: 00000000 00000000 00000000 00000000 
00008910: 00000000 00000000 00000000 00000000 
00008920: 00000000 00000000 00000000 00000000 
00008930: 00000000 00000000 00000000 00000000 
00008940: 00000000 00000000 00000000 00000000 
00008950: 00000000 00000000 00000000 00000000 
00008960: 00000000 00000000 00000000 00000000 
00008970: 00000000 00000000 00000000 00000000 
00008980: 00000000 00000000 00000000 00000000 
00008990: 00000000 00000000 00000000 00000000 
000089a0: 00000000 00000000 00000000 00000000 
000089b0: 00000000 00000000 00000000 00000000 
000089c0: 00000000 00000000 00000000 00000000 
000089d0: 00000000 00000000 00000000 00000000 
000089e0: 00000000 00000000 00000000 00000000 
000089f0: 00000000 00000000 00000000 00000000 
00008a00: 00000000 00000000 00000000 00000000 
00008a10: 00000000 00000000 00000000 00000000 
00008a20: 00000000 00000000 00000000 00000000 
00008a30: 00000000 00000000 00000000 00000000 
00008a40: 00000000 00000000 00000000 00000000 
00008a50: 00000000 00000000 00000000 00000000 
00008a60: 00000000 00000000 00000000 00000000 
00008a70: 00000000 00000000 00000000 00000000 
00008a80: 00000000 00000000 00000000 00000000 
00008a90: 00000000 00000000 00000000 00000000 
00008aa0: 00000000 00000000 00000000 00000000 
00008ab0: 00000000 00000000 00000000 00000000 
00008ac0: 00000000 00000000 00000000 00000000 
00008ad0: 00000000 00000000 00000000 00000000 
00008ae0: 00000000 00000000 00000000 00000000 
00008af0: 00000000 00000000 00000000 00000000 
00008b00: 00000000 00000000 00000000 00000000 
00008b10: 00000000 00000000 00000000 00000000 
00008b20: 00000000 00000000 00000000 00000000 
00008b30: 00000000 00000000 00000000 00000000 
00008b40: 00000000 00000000 00000000 00000000 
00008b50: 00000000 00000000 00000000 00000000 
00008b60: 00000000 00000000 00000000 00000000 
00008b70: 00000000 00000000 00000000 00000000 
00008b80: 00000000 00000000 00000000 00000000 
00008b90: 00000000 00000000 00000000 00000000 
00008ba0: 00000000 00000000 00000000 00000000 
00008bb0: 00000000 00000000 00000000 00000000 
00008bc0: 00000000 00000000 00000000 00000000 
00008bd0: 00000000 00000000 00000000 00000000 
00008be0: 00000000 00000000 00000000 00000000 
00008bf0: 00000000 00000000 00000000 00000000 
00008c00: 00000000 00000000 00000000 00000000 
00008c10: 00000000 00000000 00000000 00000000 
00008c20: 00000000 00000000 00000000 00000000 
00008c30: 00000000 00000000 00000000 00000000 
00008c40: 00000000 00000000 00000000 00000000 
00008c50: 00000000 00000000 00000000 00000000 
00008c60: 00000000 00000000 00000000 00000000 
00008c70: 00000000 00000000 00000000 00000000 
00008c80: 00000000 00000000 00000000 00000000 
00008c90: 00000000 00000000 00000000 00000000 
00008ca0: 00000000 00000000 00000000 00000000 
00008cb0: 00000000 00000000 00000000 00000000 
00008cc0: 00000000 00000000 00000000 00000000 
00008cd0: 00000000 00000000 00000000 00000000 
00008ce0: 00000000 00000000 00000000 00000000 
00008cf0: 00000000 00000000 00000000 00000000 
00008d00: 00000000 00000000 00000000 00000000 
00008d10: 00000000 00000000 00000000 00000000 
00008d20: 00000000 00000000 00000000 00000000 
00008d30: 00000000 00000000 00000000 00000000 
00008d40: 00000000 00000000 00000000 00000000 
00008d50: 00000000 00000000 00000000 00000000 
00008d60: 00000000 00000000 00000000 00000000 
00008d70: 00000000 00000000 00000000 00000000 
00008d80: 00000000 00000000 00000000 00000000 
00008d90: 00000000 00000000 00000000 00000000 
00008da0: 00000000 00000000 00000000 00000000 
00008db0: 00000000 00000000 00000000 00000000 
00008dc0: 00000000 00000000 00000000 00000000 
00008dd0: 00000000 00000000 00000000 00000000 
00008de0: 00000000 00000000 00000000 00000000 
00008df0: 00000000 00000000 00000000 00000000 
00008e00: 00000000 00000000 00000000 00000000 
00008e10: 00000000 00000000 00000000 00000000 
00008e20: 00000000 00000000 00000000 00000000 
00008e30: 00000000 00000000 00000000 00000000 
00008e40: 00000000 00000000 00000000 00000000 
00008e50: 00000000 00000000 00000000 00000000 
00008e60: 00000000 00000000 00000000 00000000 
00008e70: 00000000 00000000 00000000 00000000 
00008e80: 00000000 00000000 00000000 00000000 
00008e90: 00000000 00000000 00000000 00000000 
00008ea0: 00000000 00000000 00000000 00000000 
00008eb0: 00000000 00000000 00000000 00000000 
00008ec0: 00000000 00000000 00000000 00000000 
00008ed0: 00000000 00000000 00000000 00000000 
00008ee0: 00000000 00000000 00000000 00000000 
00008ef0: 00000000 00000000 00000000 00000000 
00008f00: 00000000 00000000 00000000 00000000 
00008f10: 00000000 00000000 00000000 00000000 
00008f20: 00000000 00000000 00000000 00000000 
00008f30: 00000000 00000000 00000000 00000000 
00008f40: 00000000 00000000 00000000 00000000 
00008f50: 00000000 00000000 00000000 00000000 
00008f60: 00000000 00000000 00000000 00000000 
00008f70: 00000000 00000000 00000000 00000000 
00008f80: 00000000 00000000 00000000 00000000 
00008f90: 00000000 00000000 00000000 00000000 
00008fa0: 00000000 00000000 00000000 00000000 
00008fb0: 00000000 00000000 00000000 00000000 
00008fc0: 00000000 00000000 00000000 00000000 
00008fd0: 00000000 00000000 00000000 00000000 
00008fe0: 00000000 00000000 00000000 00000000 
00008ff0: 00000000 00000000 00000000 00000000 
00009000: 00000000 00000000 00000000 00000000 
00009010: 00000000 00000000 00000000 00000000 
00009020: 00000000 00000000 00000000 00000000 
00009030: 00000000 00000000 00000000 00000000 
00009040: 00000000 00000000 00000000 00000000 
00009050: 00000000 00000000 00000000 00000000 
00009060: 00000000 00000000 00000000 00000000 
00009070: 00000000 00000000 00000000 00000000 
00009080: 00000000 00000000 00000000 00000000 
00009090: 00000000 00000000 00000000 00000000 
000090a0: 00000000 00000000 00000000 00000000 
000090b0: 00000000 00000000 00000000 00000000 
000090c0: 00000000 00000000 00000000 00000000 
000090d0: 00000000 00000000 00000000 00000000 
000090e0: 00000000 00000000 00000000 00000000 
000090f0: 00000000 00000000 00000000 00000000 
00009100: 00000000 00000000 00000000 00000000 
00009110: 00000000 00000000 00000000 00000000 
00009120: 00000000 00000000 00000000 00000000 
00009130: 00000000 00000000 00000000 00000000 
00009140: 00000000 00000000 00000000 00000000 
00009150: 00000000 00000000 00000000 00000000 
00009160: 00000000 00000000 00000000 00000000 
00009170: 00000000 00000000 00000000 00000000 
00009180: 00000000 00000000 00000000 00000000 
00009190: 00000000 00000000 00000000 00000000 
000091a0: 00000000 00000000 00000000 00000000 
000091b0: 00000000 00000000 00000000 00000000 
000091c0: 00000000 00000000 00000000 00000000 
000091d0: 00000000 00000000 00000000 00000000 
000091e0: 00000000 00000000 00000000 00000000 
000091f0: 00000000 00000000 00000000 00000000 
00009200: 00000000 00000000 00000000 00000000 
00009210: 00000000 00000000 00000000 00000000 
00009220: 00000000 00000000 00000000 00000000 
00009230: 00000000 00000000 00000000 00000000 
00009240: 00000000 00000000 00000000 00000000 
00009250: 00000000 00000000 00000000 00000000 
00009260: 00000000 00000000 00000000 00000000 
00009270: 00000000 00000000 00000000 00000000 
00009280: 00000000 00000000 00000000 00000000 
00009290: 00000000 00000000 00000000 00000000 
000092a0: 00000000 00000000 00000000 00000000 
000092b0: 00000000 00000000 00000000 00000000 
000092c0: 00000000 00000000 00000000 00000000 
000092d0: 00000000 00000000 00000000 00000000 
000092e0: 00000000 00000000 00000000 00000000 
000092f0: 00000000 00000000 00000000 00000000 
00009300: 00000000 00000000 00000000 00000000 
00009310: 00000000 00000000 00000000 00000000 
00009320: 00000000 00000000 00000000 00000000 
00009330: 00000000 00000000 00000000 00000000 
00009340: 00000000 00000000 00000000 00000000 
00009350: 00000000 00000000 00000000 00000000 
00009360: 00000000 00000000 00000000 00000000 
00009370: 00000000 00000000 00000000 00000000 
00009380: 00000000 00000000 00000000 00000000 
00009390: 00000000 00000000 00000000 00000000 
000093a0: 00000000 00000000 00000000 00000000 
000093b0: 00000000 00000000 00000000 00000000 
000093c0: 00000000 00000000 00000000 00000000 
000093d0: 00000000 00000000 00000000 00000000 
000093e0: 00000000 00000000 00000000 00000000 
000093f0: 00000000 00000000 00000000 00000000 
00009400: 00000000 00000000 00000000 00000000 
00009410: 00000000 00000000 00000000 00000000 
00009420: 00000000 00000000 00000000 00000000 
00009430: 00000000 00000000 00000000 00000000 
00009440: 00000000 00000000 00000000 00000000 
00009450: 00000000 00000000 00000000 00000000 
00009460: 00000000 00000000 00000000 00000000 
00009470: 00000000 00000000 00000000 00000000 
00009480: 00000000 00000000 00000000 00000000 
00009490: 00000000 00000000 00000000 00000000 
000094a0: 00000000 00000000 00000000 00000000 
000094b0: 00000000 00000000 00000000 00000000 
000094c0: 00000000 00000000 00000000 00000000 
000094d0: 00000000 00000000 00000000 00000000 
000094e0: 00000000 00000000 00000000 00000000 
000094f0: 00000000 00000000 00000000 00000000 
00009500: 00000000 00000000 00000000 00000000 
00009510: 00000000 00000000 00000000 00000000 
00009520: 00000000 00000000 00000000 00000000 
00009530: 00000000 00000000 00000000 00000000 
00009540: 00000000 00000000 00000000 00000000 
00009550: 00000000 00000000 00000000 00000000 
00009560: 00000000 00000000 00000000 00000000 
00009570: 00000000 00000000 00000000 00000000 
00009580: 00000000 00000000 00000000 00000000 
00009590: 00000000 00000000 00000000 00000000 
000095a0: 00000000 00000000 00000000 00000000 
000095b0: 00000000 00000000 00000000 00000000 
000095c0: 00000000 00000000 00000000 00000000 
000095d0: 00000000 00000000 00000000 00000000 
000095e0: 00000000 00000000 00000000 00000000 
000095f0: 00000000 00000000 00000000 00000000 
00009600: 00000000 00000000 00000000 00000000 
00009610: 00000000 00000000 00000000 00000000 
00009620: 00000000 00000000 00000000 00000000 
00009630: 00000000 00000000 00000000 00000000 
00009640: 00000000 00000000 00000000 00000000 
00009650: 00000000 00000000 00000000 00000000 
00009660: 00000000 00000000 00000000 00000000 
00009670: 00000000 00000000 00000000 00000000 
00009680: 00000000 00000000 00000000 00000000 
00009690: 00000000 00000000 00000000 00000000 
000096a0: 00000000 00000000 00000000 00000000 
000096b0: 00000000 00000000 00000000 00000000 
000096c0: 00000000 00000000 00000000 00000000 
000096d0: 00000000 00000000 00000000 00000000 
000096e0: 00000000 00000000 00000000 00000000 
000096f0: 00000000 00000000 00000000 00000000 
00009700: 00000000 00000000 00000000 00000000 
00009710: 00000000 00000000 00000000 00000000 
00009720: 00000000 00000000 00000000 00000000 
00009730: 00000000 00000000 00000000 00000000 
00009740: 00000000 00000000 00000000 00000000 
00009750: 00000000 00000000 00000000 00000000 
00009760: 00000000 00000000 00000000 00000000 
00009770: 00000000 00000000 00000000 00000000 
00009780: 00000000 00000000 00000000 00000000 
00009790: 00000000 00000000 00000000 00000000 
000097a0: 00000000 00000000 00000000 00000000 
000097b0: 00000000 00000000 00000000 00000000 
000097c0: 00000000 00000000 00000000 00000000 
000097d0: 00000000 00000000 00000000 00000000 
000097e0: 00000000 00000000 00000000 00000000 
000097f0: 00000000 00000000 00000000 00000000 
00009800: 00000000 00000000 00000000 00000000 
00009810: 00000000 00000000 00000000 00000000 
00009820: 00000000 00000000 00000000 00000000 
00009830: 00000000 00000000 00000000 00000000 
00009840: 00000000 00000000 00000000 00000000 
00009850: 00000000 00000000 00000000 00000000 
00009860: 00000000 00000000 00000000 00000000 
00009870: 00000000 00000000 00000000 00000000 
00009880: 00000000 00000000 00000000 00000000 
00009890: 00000000 00000000 00000000 00000000 
000098a0: 00000000 00000000 00000000 00000000 
000098b0: 00000000 00000000 00000000 00000000 
000098c0: 00000000 00000000 00000000 00000000 
000098d0: 00000000 00000000 00000000 00000000 
000098e0: 00000000 00000000 00000000 00000000 
000098f0: 00000000 00000000 00000000 00000000 
00009900: 00000000 00000000 00000000 00000000 
00009910: 00000000 00000000 00000000 00000000 
00009920: 00000000 00000000 00000000 00000000 
00009930: 00000000 00000000 00000000 00000000 
00009940: 00000000 00000000 00000000 00000000 
00009950: 00000000 00000000 00000000 00000000 
00009960: 00000000 00000000 00000000 00000000 
00009970: 00000000 00000000 00000000 00000000 
00009980: 00000000 00000000 00000000 00000000 
00009990: 00000000 00000000 00000000 00000000 
000099a0: 00000000 00000000 00000000 00000000 
000099b0: 00000000 00000000 00000000 00000000 
000099c0: 00000000 00000000 00000000 00000000 
000099d0: 00000000 00000000 00000000 00000000 
000099e0: 00000000 00000000 00000000 00000000 
000099f0: 00000000 00000000 00000000 00000000 
00009a00: 00000000 00000000 00000000 00000000 
00009a10: 00000000 00000000 00000000 00000000 
00009a20: 00000000 00000000 00000000 00000000 
00009a30: 00000000 00000000 00000000 00000000 
00009a40: 00000000 00000000 00000000 00000000 
00009a50: 00000000 00000000 00000000 00000000 
00009a60: 00000000 00000000 00000000 00000000 
00009a70: 00000000 00000000 00000000 00000000 
00009a80: 00000000 00000000 00000000 00000000 
00009a90: 00000000 00000000 00000000 00000000 
00009aa0: 00000000 00000000 00000000 00000000 
00009ab0: 00000000 00000000 00000000 00000000 
00009ac0: 00000000 00000000 00000000 00000000 
00009ad0: 00000000 00000000 00000000 00000000 
00009ae0: 00000000 00000000 00000000 00000000 
00009af0: 00000000 00000000 00000000 00000000 
00009b00: 00000000 00000000 00000000 00000000 
00009b10: 00000000 00000000 00000000 00000000 
00009b20: 00000000 00000000 00000000 00000000 
00009b30: 00000000 00000000 00000000 00000000 
00009b40: 00000000 00000000 00000000 00000000 
00009b50: 00000000 00000000 00000000 00000000 
00009b60: 00000000 00000000 00000000 00000000 
00009b70: 00000000 00000000 00000000 00000000 
00009b80: 00000000 00000000 00000000 00000000 
00009b90: 00000000 00000000 00000000 00000000 
00009ba0: 00000000 00000000 00000000 00000000 
00009bb0: 00000000 00000000 00000000 00000000 
00009bc0: 00000000 00000000 00000000 00000000 
00009bd0: 00000000 00000000 00000000 00000000 
00009be0: 00000000 00000000 00000000 00000000 
00009bf0: 00000000 00000000 00000000 00000000 
00009c00: 00000000 00000000 00000000 00000000 
00009c10: 00000000 00000000 00000000 00000000 
00009c20: 00000000 00000000 00000000 00000000 
00009c30: 00000000 00000000 00000000 00000000 
00009c40: 00000000 00000000 00000000 00000000 
00009c50: 00000000 00000000 00000000 00000000 
00009c60: 00000000 00000000 00000000 00000000 
00009c70: 00000000 00000000 00000000 00000000 
00009c80: 00000000 00000000 00000000 00000000 
00009c90: 00000000 00000000 00000000 00000000 
00009ca0: 00000000 00000000 00000000 00000000 
00009cb0: 00000000 00000000 00000000 00000000 
00009cc0: 00000000 00000000 00000000 00000000 
00009cd0: 00000000 00000000 00000000 00000000 
00009ce0: 00000000 00000000 00000000 00000000 
00009cf0: 00000000 00000000 00000000 00000000 
00009d00: 00000000 00000000 00000000 00000000 
00009d10: 00000000 00000000 00000000 00000000 
00009d20: 00000000 00000000 00000000 00000000 
00009d30: 00000000 00000000 00000000 00000000 
00009d40: 00000000 00000000 00000000 00000000 
00009d50: 00000000 00000000 00000000 00000000 
00009d60: 00000000 00000000 00000000 00000000 
00009d70: 00000000 00000000 00000000 00000000 
00009d80: 00000000 00000000 00000000 00000000 
00009d90: 00000000 00000000 00000000 00000000 
00009da0: 00000000 00000000 00000000 00000000 
00009db0: 00000000 00000000 00000000 00000000 
00009dc0: 00000000 00000000 00000000 00000000 
00009dd0: 00000000 00000000 00000000 00000000 
00009de0: 00000000 00000000 00000000 00000000 
00009df0: 00000000 00000000 00000000 00000000 
00009e00: 00000000 00000000 00000000 00000000 
00009e10: 00000000 00000000 00000000 00000000 
00009e20: 00000000 00000000 00000000 00000000 
00009e30: 00000000 00000000 00000000 00000000 
00009e40: 00000000 00000000 00000000 00000000 
00009e50: 00000000 00000000 00000000 00000000 
00009e60: 00000000 00000000 00000000 00000000 
00009e70: 00000000 00000000 00000000 00000000 
00009e80: 00000000 00000000 00000000 00000000 
00009e90: 00000000 00000000 00000000 00000000 
00009ea0: 00000000 00000000 00000000 00000000 
00009eb0: 00000000 00000000 00000000 00000000 
00009ec0: 00000000 00000000 00000000 00000000 
00009ed0: 00000000 00000000 00000000 00000000 
00009ee0: 00000000 00000000 00000000 00000000 
00009ef0: 00000000 00000000 00000000 00000000 
00009f00: 00000000 00000000 00000000 00000000 
00009f10: 00000000 00000000 00000000 00000000 
00009f20: 00000000 00000000 00000000 00000000 
00009f30: 00000000 00000000 00000000 00000000 
00009f40: 00000000 00000000 00000000 00000000 
00009f50: 00000000 00000000 00000000 00000000 
00009f60: 00000000 00000000 00000000 00000000 
00009f70: 00000000 00000000 00000000 00000000 
00009f80: 00000000 00000000 00000000 00000000 
00009f90: 00000000 00000000 00000000 00000000 
00009fa0: 00000000 00000000 00000000 00000000 
00009fb0: 00000000 00000000 00000000 00000000 
00009fc0: 00000000 00000000 00000000 00000000 
00009fd0: 00000000 00000000 00000000 00000000 
00009fe0: 00000000 00000000 00000000 00000000 
00009ff0: 00000000 00000000 00000000 00000000 
0000a000: 00000000 00000000 00000000 00000000 
0000a010: 00000000 00000000 00000000 00000000 
0000a020: 00000000 00000000 00000000 00000000 
0000a030: 00000000 00000000 00000000 00000000 
0000a040: 00000000 00000000 00000000 00000000 
0000a050: 00000000 00000000 00000000 00000000 
0000a060: 00000000 00000000 00000000 00000000 
0000a070: 00000000 00000000 00000000 00000000 
0000a080: 00000000 00000000 00000000 00000000 
0000a090: 00000000 00000000 00000000 00000000 
0000a0a0: 00000000 00000000 00000000 00000000 
0000a0b0: 00000000 00000000 00000000 00000000 
0000a0c0: 00000000 00000000 00000000 00000000 
0000a0d0: 00000000 00000000 00000000 00000000 
0000a0e0: 00000000 00000000 00000000 00000000 
0000a0f0: 00000000 00000000 00000000 00000000 
0000a100: 00000000 00000000 00000000 00000000 
0000a110: 00000000 00000000 00000000 00000000 
0000a120: 00000000 00000000 00000000 00000000 
0000a130: 00000000 00000000 00000000 00000000 
0000a140: 00000000 00000000 00000000 00000000 
0000a150: 00000000 00000000 00000000 00000000 
0000a160: 00000000 00000000 00000000 00000000 
0000a170: 00000000 00000000 00000000 00000000 
0000a180: 00000000 00000000 00000000 00000000 
0000a190: 00000000 00000000 00000000 00000000 
0000a1a0: 00000000 00000000 00000000 00000000 
0000a1b0: 00000000 00000000 00000000 00000000 
0000a1c0: 00000000 00000000 00000000 00000000 
0000a1d0: 00000000 00000000 00000000 00000000 
0000a1e0: 00000000 00000000 00000000 00000000 
0000a1f0: 00000000 00000000 00000000 00000000 
0000a200: 00000000 00000000 00000000 00000000 
0000a210: 00000000 00000000 00000000 00000000 
0000a220: 00000000 00000000 00000000 00000000 
0000a230: 00000000 00000000 00000000 00000000 
0000a240: 00000000 00000000 00000000 00000000 
0000a250: 00000000 00000000 00000000 00000000 
0000a260: 00000000 00000000 00000000 00000000 
0000a270: 00000000 00000000 00000000 00000000 
0000a280: 00000000 00000000 00000000 00000000 
0000a290: 00000000 00000000 00000000 00000000 
0000a2a0: 00000000 00000000 00000000 00000000 
0000a2b0: 00000000 00000000 00000000 00000000 
0000a2c0: 00000000 00000000 00000000 00000000 
0000a2d0: 00000000 00000000 00000000 00000000 
0000a2e0: 00000000 00000000 00000000 00000000 
0000a2f0: 00000000 00000000 00000000 00000000 
0000a300: 00000000 00000000 00000000 00000000 
0000a310: 00000000 00000000 00000000 00000000 
0000a320: 00000000 00000000 00000000 00000000 
0000a330: 00000000 00000000 00000000 00000000 
0000a340: 00000000 00000000 00000000 00000000 
0000a350: 00000000 00000000 00000000 00000000 
0000a360: 00000000 00000000 00000000 00000000 
0000a370: 00000000 00000000 00000000 00000000 
0000a380: 00000000 00000000 00000000 00000000 
0000a390: 00000000 00000000 00000000 00000000 
0000a3a0: 00000000 00000000 00000000 00000000 
0000a3b0: 00000000 00000000 00000000 00000000 
0000a3c0: 00000000 00000000 00000000 00000000 
0000a3d0: 00000000 00000000 00000000 00000000 
0000a3e0: 00000000 00000000 00000000 00000000 
0000a3f0: 00000000 00000000 00000000 00000000 
0000a400: 00000000 00000000 00000000 00000000 
0000a410: 00000000 00000000 00000000 00000000 
0000a420: 00000000 00000000 00000000 00000000 
0000a430: 00000000 00000000 00000000 00000000 
0000a440: 00000000 00000000 00000000 00000000 
0000a450: 00000000 00000000 00000000 00000000 
0000a460: 00000000 00000000 00000000 00000000 
0000a470: 00000000 00000000 00000000 00000000 
0000a480: 00000000 00000000 00000000 00000000 
0000a490: 00000000 00000000 00000000 00000000 
0000a4a0: 00000000 00000000 00000000 00000000 
0000a4b0: 00000000 00000000 00000000 00000000 
0000a4c0: 00000000 00000000 00000000 00000000 
0000a4d0: 00000000 00000000 00000000 00000000 
0000a4e0: 00000000 00000000 00000000 00000000 
0000a4f0: 00000000 00000000 00000000 00000000 
0000a500: 00000000 00000000 00000000 00000000 
0000a510: 00000000 00000000 00000000 00000000 
0000a520: 00000000 00000000 00000000 00000000 
0000a530: 00000000 00000000 00000000 00000000 
0000a540: 00000000 00000000 00000000 00000000 
0000a550: 00000000 00000000 00000000 00000000 
0000a560: 00000000 00000000 00000000 00000000 
0000a570: 00000000 00000000 00000000 00000000 
0000a580: 00000000 00000000 00000000 00000000 
0000a590: 00000000 00000000 00000000 00000000 
0000a5a0: 00000000 00000000 00000000 00000000 
0000a5b0: 00000000 00000000 00000000 00000000 
0000a5c0: 00000000 00000000 00000000 00000000 
0000a5d0: 00000000 00000000 00000000 00000000 
0000a5e0: 00000000 00000000 00000000 00000000 
0000a5f0: 00000000 00000000 00000000 00000000 
0000a600: 00000000 00000000 00000000 00000000 
0000a610: 00000000 00000000 00000000 00000000 
0000a620: 00000000 00000000 00000000 00000000 
0000a630: 00000000 00000000 00000000 00000000 
0000a640: 00000000 00000000 00000000 00000000 
0000a650: 00000000 00000000 00000000 00000000 
0000a660: 00000000 00000000 00000000 00000000 
0000a670: 00000000 00000000 00000000 00000000 
0000a680: 00000000 00000000 00000000 00000000 
0000a690: 00000000 00000000 00000000 00000000 
0000a6a0: 00000000 00000000 00000000 00000000 
0000a6b0: 00000000 00000000 00000000 00000000 
0000a6c0: 00000000 00000000 00000000 00000000 
0000a6d0: 00000000 00000000 00000000 00000000 
0000a6e0: 00000000 00000000 00000000 00000000 
0000a6f0: 00000000 00000000 00000000 00000000 
0000a700: 00000000 00000000 00000000 00000000 
0000a710: 00000000 00000000 00000000 00000000 
0000a720: 00000000 00000000 00000000 00000000 
0000a730: 00000000 00000000 00000000 00000000 
0000a740: 00000000 00000000 00000000 00000000 
0000a750: 00000000 00000000 00000000 00000000 
0000a760: 00000000 00000000 00000000 00000000 
0000a770: 00000000 00000000 00000000 00000000 
0000a780: 00000000 00000000 00000000 00000000 
0000a790: 00000000 00000000 00000000 00000000 
0000a7a0: 00000000 00000000 00000000 00000000 
0000a7b0: 00000000 00000000 00000000 00000000 
0000a7c0: 00000000 00000000 00000000 00000000 
0000a7d0: 00000000 00000000 00000000 00000000 
0000a7e0: 00000000 00000000 00000000 00000000 
0000a7f0: 00000000 00000000 00000000 00000000 
0000a800: 00000000 00000000 00000000 00000000 
0000a810: 00000000 00000000 00000000 00000000 
0000a820: 00000000 00000000 00000000 00000000 
0000a830: 00000000 00000000 00000000 00000000 
0000a840: 00000000 00000000 00000000 00000000 
0000a850: 00000000 00000000 00000000 00000000 
0000a860: 00000000 00000000 00000000 00000000 
0000a870: 00000000 00000000 00000000 00000000 
0000a880: 00000000 00000000 00000000 00000000 
0000a890: 00000000 00000000 00000000 00000000 
0000a8a0: 00000000 00000000 00000000 00000000 
0000a8b0: 00000000 00000000 00000000 00000000 
0000a8c0: 00000000 00000000 00000000 00000000 
0000a8d0: 00000000 00000000 00000000 00000000 
0000a8e0: 00000000 00000000 00000000 00000000 
0000a8f0: 00000000 00000000 00000000 00000000 
0000a900: 00000000 00000000 00000000 00000000 
0000a910: 00000000 00000000 00000000 00000000 
0000a920: 00000000 00000000 00000000 00000000 
0000a930: 00000000 00000000 00000000 00000000 
0000a940: 00000000 00000000 00000000 00000000 
0000a950: 00000000 00000000 00000000 00000000 
0000a960: 00000000 00000000 00000000 00000000 
0000a970: 00000000 00000000 00000000 00000000 
0000a980: 00000000 00000000 00000000 00000000 
0000a990: 00000000 00000000 00000000 00000000 
0000a9a0: 00000000 00000000 00000000 00000000 
0000a9b0: 00000000 00000000 00000000 00000000 
0000a9c0: 00000000 00000000 00000000 00000000 
0000a9d0: 00000000 00000000 00000000 00000000 
0000a9e0: 00000000 00000000 00000000 00000000 
0000a9f0: 00000000 00000000 00000000 00000000 
0000aa00: 00000000 00000000 00000000 00000000 
0000aa10: 00000000 00000000 00000000 00000000 
0000aa20: 00000000 00000000 00000000 00000000 
0000aa30: 00000000 00000000 00000000 00000000 
0000aa40: 00000000 00000000 00000000 00000000 
0000aa50: 00000000 00000000 00000000 00000000 
0000aa60: 00000000 00000000 00000000 00000000 
0000aa70: 00000000 00000000 00000000 00000000 
0000aa80: 00000000 00000000 00000000 00000000 
0000aa90: 00000000 00000000 00000000 00000000 
0000aaa0: 00000000 00000000 00000000 00000000 
0000aab0: 00000000 00000000 00000000 00000000 
0000aac0: 00000000 00000000 00000000 00000000 
0000aad0: 00000000 00000000 00000000 00000000 
0000aae0: 00000000 00000000 00000000 00000000 
0000aaf0: 00000000 00000000 00000000 00000000 
0000ab00: 00000000 00000000 00000000 00000000 
0000ab10: 00000000 00000000 00000000 00000000 
0000ab20: 00000000 00000000 00000000 00000000 
0000ab30: 00000000 00000000 00000000 00000000 
0000ab40: 00000000 00000000 00000000 00000000 
0000ab50: 00000000 00000000 00000000 00000000 
0000ab60: 00000000 00000000 00000000 00000000 
0000ab70: 00000000 00000000 00000000 00000000 
0000ab80: 00000000 00000000 00000000 00000000 
0000ab90: 00000000 00000000 00000000 00000000 
0000aba0: 00000000 00000000 00000000 00000000 
0000abb0: 00000000 00000000 00000000 00000000 
0000abc0: 00000000 00000000 00000000 00000000 
0000abd0: 00000000 00000000 00000000 00000000 
0000abe0: 00000000 00000000 00000000 00000000 
0000abf0: 00000000 00000000 00000000 00000000 
0000ac00: 00000000 00000000 00000000 00000000 
0000ac10: 00000000 00000000 00000000 00000000 
0000ac20: 00000000 00000000 00000000 00000000 
0000ac30: 00000000 00000000 00000000 00000000 
0000ac40: 00000000 00000000 00000000 00000000 
0000ac50: 00000000 00000000 00000000 00000000 
0000ac60: 00000000 00000000 00000000 00000000 
0000ac70: 00000000 00000000 00000000 00000000 
0000ac80: 00000000 00000000 00000000 00000000 
0000ac90: 00000000 00000000 00000000 00000000 
0000aca0: 00000000 00000000 00000000 00000000 
0000acb0: 00000000 00000000 00000000 00000000 
0000acc0: 00000000 00000000 00000000 00000000 
0000acd0: 00000000 00000000 00000000 00000000 
0000ace0: 00000000 00000000 00000000 00000000 
0000acf0: 00000000 00000000 00000000 00000000 
0000ad00: 00000000 00000000 00000000 00000000 
0000ad10: 00000000 00000000 00000000 00000000 
0000ad20: 00000000 00000000 00000000 00000000 
0000ad30: 00000000 00000000 00000000 00000000 
0000ad40: 00000000 00000000 00000000 00000000 
0000ad50: 00000000 00000000 00000000 00000000 
0000ad60: 00000000 00000000 00000000 00000000 
0000ad70: 00000000 00000000 00000000 00000000 
0000ad80: 00000000 00000000 00000000 00000000 
0000ad90: 00000000 00000000 00000000 00000000 
0000ada0: 00000000 00000000 00000000 00000000 
0000adb0: 00000000 00000000 00000000 00000000 
0000adc0: 00000000 00000000 00000000 00000000 
0000add0: 00000000 00000000 00000000 00000000 
0000ade0: 00000000 00000000 00000000 00000000 
0000adf0: 00000000 00000000 00000000 00000000 
0000ae00: 00000000 00000000 00000000 00000000 
0000ae10: 00000000 00000000 00000000 00000000 
0000ae20: 00000000 00000000 00000000 00000000 
0000ae30: 00000000 00000000 00000000 00000000 
0000ae40: 00000000 00000000 00000000 00000000 
0000ae50: 00000000 00000000 00000000 00000000 
0000ae60: 00000000 00000000 00000000 00000000 
0000ae70: 00000000 00000000 00000000 00000000 
0000ae80: 00000000 00000000 00000000 00000000 
0000ae90: 00000000 00000000 00000000 00000000 
0000aea0: 00000000 00000000 00000000 00000000 
0000aeb0: 00000000 00000000 00000000 00000000 
0000aec0: 00000000 00000000 00000000 00000000 
0000aed0: 00000000 00000000 00000000 00000000 
0000aee0: 00000000 00000000 00000000 00000000 
0000aef0: 00000000 00000000 00000000 00000000 
0000af00: 00000000 00000000 00000000 00000000 
0000af10: 00000000 00000000 00000000 00000000 
0000af20: 00000000 00000000 00000000 00000000 
0000af30: 00000000 00000000 00000000 00000000 
0000af40: 00000000 00000000 00000000 00000000 
0000af50: 00000000 00000000 00000000 00000000 
0000af60: 00000000 00000000 00000000 00000000 
0000af70: 00000000 00000000 00000000 00000000 
0000af80: 00000000 00000000 00000000 00000000 
0000af90: 00000000 00000000 00000000 00000000 
0000afa0: 00000000 00000000 00000000 00000000 
0000afb0: 00000000 00000000 00000000 00000000 
0000afc0: 00000000 00000000 00000000 00000000 
0000afd0: 00000000 00000000 00000000 00000000 
0000afe0: 00000000 00000000 00000000 00000000 
0000aff0: 00000000 00000000 00000000 00000000 
0000b000: 00000000 00000000 00000000 00000000 
0000b010: 00000000 00000000 00000000 00000000 
0000b020: 00000000 00000000 00000000 00000000 
0000b030: 00000000 00000000 00000000 00000000 
0000b040: 00000000 00000000 00000000 00000000 
0000b050: 00000000 00000000 00000000 00000000 
0000b060: 00000000 00000000 00000000 00000000 
0000b070: 00000000 00000000 00000000 00000000 
0000b080: 00000000 00000000 00000000 00000000 
0000b090: 00000000 00000000 00000000 00000000 
0000b0a0: 00000000 00000000 00000000 00000000 
0000b0b0: 00000000 00000000 00000000 00000000 
0000b0c0: 00000000 00000000 00000000 00000000 
0000b0d0: 00000000 00000000 00000000 00000000 
0000b0e0: 00000000 00000000 00000000 00000000 
0000b0f0: 00000000 00000000 00000000 00000000 
0000b100: 00000000 00000000 00000000 00000000 
0000b110: 00000000 00000000 00000000 00000000 
0000b120: 00000000 00000000 00000000 00000000 
0000b130: 00000000 00000000 00000000 00000000 
0000b140: 00000000 00000000 00000000 00000000 
0000b150: 00000000 00000000 00000000 00000000 
0000b160: 00000000 00000000 00000000 00000000 
0000b170: 00000000 00000000 00000000 00000000 
0000b180: 00000000 00000000 00000000 00000000 
0000b190: 00000000 00000000 00000000 00000000 
0000b1a0: 00000000 00000000 00000000 00000000 
0000b1b0: 00000000 00000000 00000000 00000000 
0000b1c0: 00000000 00000000 00000000 00000000 
0000b1d0: 00000000 00000000 00000000 00000000 
0000b1e0: 00000000 00000000 00000000 00000000 
0000b1f0: 00000000 00000000 00000000 00000000 
0000b200: 00000000 00000000 00000000 00000000 
0000b210: 00000000 00000000 00000000 00000000 
0000b220: 00000000 00000000 00000000 00000000 
0000b230: 00000000 00000000 00000000 00000000 
0000b240: 00000000 00000000 00000000 00000000 
0000b250: 00000000 00000000 00000000 00000000 
0000b260: 00000000 00000000 00000000 00000000 
0000b270: 00000000 00000000 00000000 00000000 
0000b280: 00000000 00000000 00000000 00000000 
0000b290: 00000000 00000000 00000000 00000000 
0000b2a0: 00000000 00000000 00000000 00000000 
0000b2b0: 00000000 00000000 00000000 00000000 
0000b2c0: 00000000 00000000 00000000 00000000 
0000b2d0: 00000000 00000000 00000000 00000000 
0000b2e0: 00000000 00000000 00000000 00000000 
0000b2f0: 00000000 00000000 00000000 00000000 
0000b300: 00000000 00000000 00000000 00000000 
0000b310: 00000000 00000000 00000000 00000000 
0000b320: 00000000 00000000 00000000 00000000 
0000b330: 00000000 00000000 00000000 00000000 
0000b340: 00000000 00000000 00000000 00000000 
0000b350: 00000000 00000000 00000000 00000000 
0000b360: 00000000 00000000 00000000 00000000 
0000b370: 00000000 00000000 00000000 00000000 
0000b380: 00000000 00000000 00000000 00000000 
0000b390: 00000000 00000000 00000000 00000000 
0000b3a0: 00000000 00000000 00000000 00000000 
0000b3b0: 00000000 00000000 00000000 00000000 
0000b3c0: 00000000 00000000 00000000 00000000 
0000b3d0: 00000000 00000000 00000000 00000000 
0000b3e0: 00000000 00000000 00000000 00000000 
0000b3f0: 00000000 00000000 00000000 00000000 
0000b400: 00000000 00000000 00000000 00000000 
0000b410: 00000000 00000000 00000000 00000000 
0000b420: 00000000 00000000 00000000 00000000 
0000b430: 00000000 00000000 00000000 00000000 
0000b440: 00000000 00000000 00000000 00000000 
0000b450: 00000000 00000000 00000000 00000000 
0000b460: 00000000 00000000 00000000 00000000 
0000b470: 00000000 00000000 00000000 00000000 
0000b480: 00000000 00000000 00000000 00000000 
0000b490: 00000000 00000000 00000000 00000000 
0000b4a0: 00000000 00000000 00000000 00000000 
0000b4b0: 00000000 00000000 00000000 00000000 
0000b4c0: 00000000 00000000 00000000 00000000 
0000b4d0: 00000000 00000000 00000000 00000000 
0000b4e0: 00000000 00000000 00000000 00000000 
0000b4f0: 00000000 00000000 00000000 00000000 
0000b500: 00000000 00000000 00000000 00000000 
0000b510: 00000000 00000000 00000000 00000000 
0000b520: 00000000 00000000 00000000 00000000 
0000b530: 00000000 00000000 00000000 00000000 
0000b540: 00000000 00000000 00000000 00000000 
0000b550: 00000000 00000000 00000000 00000000 
0000b560: 00000000 00000000 00000000 00000000 
0000b570: 00000000 00000000 00000000 00000000 
0000b580: 00000000 00000000 00000000 00000000 
0000b590: 00000000 00000000 00000000 00000000 
0000b5a0: 00000000 00000000 00000000 00000000 
0000b5b0: 00000000 00000000 00000000 00000000 
0000b5c0: 00000000 00000000 00000000 00000000 
0000b5d0: 00000000 00000000 00000000 00000000 
0000b5e0: 00000000 00000000 00000000 00000000 
0000b5f0: 00000000 00000000 00000000 00000000 
0000b600: 00000000 00000000 00000000 00000000 
0000b610: 00000000 00000000 00000000 00000000 
0000b620: 00000000 00000000 00000000 00000000 
0000b630: 00000000 00000000 00000000 00000000 
0000b640: 00000000 00000000 00000000 00000000 
0000b650: 00000000 00000000 00000000 00000000 
0000b660: 00000000 00000000 00000000 00000000 
0000b670: 00000000 00000000 00000000 00000000 
0000b680: 00000000 00000000 00000000 00000000 
0000b690: 00000000 00000000 00000000 00000000 
0000b6a0: 00000000 00000000 00000000 00000000 
0000b6b0: 00000000 00000000 00000000 00000000 
0000b6c0: 00000000 00000000 00000000 00000000 
0000b6d0: 00000000 00000000 00000000 00000000 
0000b6e0: 00000000 00000000 00000000 00000000 
0000b6f0: 00000000 00000000 00000000 00000000 
0000b700: 00000000 00000000 00000000 00000000 
0000b710: 00000000 00000000 00000000 00000000 
0000b720: 00000000 00000000 00000000 00000000 
0000b730: 00000000 00000000 00000000 00000000 
0000b740: 00000000 00000000 00000000 00000000 
0000b750: 00000000 00000000 00000000 00000000 
0000b760: 00000000 00000000 00000000 00000000 
0000b770: 00000000 00000000 00000000 00000000 
0000b780: 00000000 00000000 00000000 00000000 
0000b790: 00000000 00000000 00000000 00000000 
0000b7a0: 00000000 00000000 00000000 00000000 
0000b7b0: 00000000 00000000 00000000 00000000 
0000b7c0: 00000000 00000000 00000000 00000000 
0000b7d0: 00000000 00000000 00000000 00000000 
0000b7e0: 00000000 00000000 00000000 00000000 
0000b7f0: 00000000 00000000 00000000 00000000 
0000b800: 00000000 00000000 00000000 00000000 
0000b810: 00000000 00000000 00000000 00000000 
0000b820: 00000000 00000000 00000000 00000000 
0000b830: 00000000 00000000 00000000 00000000 
0000b840: 00000000 00000000 00000000 00000000 
0000b850: 00000000 00000000 00000000 00000000 
0000b860: 00000000 00000000 00000000 00000000 
0000b870: 00000000 00000000 00000000 00000000 
0000b880: 00000000 00000000 00000000 00000000 
0000b890: 00000000 00000000 00000000 00000000 
0000b8a0: 00000000 00000000 00000000 00000000 
0000b8b0: 00000000 00000000 00000000 00000000 
0000b8c0: 00000000 00000000 00000000 00000000 
0000b8d0: 00000000 00000000 00000000 00000000 
0000b8e0: 00000000 00000000 00000000 00000000 
0000b8f0: 00000000 00000000 00000000 00000000 
0000b900: 00000000 00000000 00000000 00000000 
0000b910: 00000000 00000000 00000000 00000000 
0000b920: 00000000 00000000 00000000 00000000 
0000b930: 00000000 00000000 00000000 00000000 
0000b940: 00000000 00000000 00000000 00000000 
0000b950: 00000000 00000000 00000000 00000000 
0000b960: 00000000 00000000 00000000 00000000 
0000b970: 00000000 00000000 00000000 00000000 
0000b980: 00000000 00000000 00000000 00000000 
0000b990: 00000000 00000000 00000000 00000000 
0000b9a0: 00000000 00000000 00000000 00000000 
0000b9b0: 00000000 00000000 00000000 00000000 
0000b9c0: 00000000 00000000 00000000 00000000 
0000b9d0: 00000000 00000000 00000000 00000000 
0000b9e0: 00000000 00000000 00000000 00000000 
0000b9f0: 00000000 00000000 00000000 00000000 
0000ba00: 00000000 00000000 00000000 00000000 
0000ba10: 00000000 00000000 00000000 00000000 
0000ba20: 00000000 00000000 00000000 00000000 
0000ba30: 00000000 00000000 00000000 00000000 
0000ba40: 00000000 00000000 00000000 00000000 
0000ba50: 00000000 00000000 00000000 00000000 
0000ba60: 00000000 00000000 00000000 00000000 
0000ba70: 00000000 00000000 00000000 00000000 
0000ba80: 00000000 00000000 00000000 00000000 
0000ba90: 00000000 00000000 00000000 00000000 
0000baa0: 00000000 00000000 00000000 00000000 
0000bab0: 00000000 00000000 00000000 00000000 
0000bac0: 00000000 00000000 00000000 00000000 
0000bad0: 00000000 00000000 00000000 00000000 
0000bae0: 00000000 00000000 00000000 00000000 
0000baf0: 00000000 00000000 00000000 00000000 
0000bb00: 00000000 00000000 00000000 00000000 
0000bb10: 00000000 00000000 00000000 00000000 
0000bb20: 00000000 00000000 00000000 00000000 
0000bb30: 00000000 00000000 00000000 00000000 
0000bb40: 00000000 00000000 00000000 00000000 
0000bb50: 00000000 00000000 00000000 00000000 
0000bb60: 00000000 00000000 00000000 00000000 
0000bb70: 00000000 00000000 00000000 00000000 
0000bb80: 00000000 00000000 00000000 00000000 
0000bb90: 00000000 00000000 00000000 00000000 
0000bba0: 00000000 00000000 00000000 00000000 
0000bbb0: 00000000 00000000 00000000 00000000 
0000bbc0: 00000000 00000000 00000000 00000000 
0000bbd0: 00000000 00000000 00000000 00000000 
0000bbe0: 00000000 00000000 00000000 00000000 
0000bbf0: 00000000 00000000 00000000 00000000 
0000bc00: 00000000 00000000 00000000 00000000 
0000bc10: 00000000 00000000 00000000 00000000 
0000bc20: 00000000 00000000 00000000 00000000 
0000bc30: 00000000 00000000 00000000 00000000 
0000bc40: 00000000 00000000 00000000 00000000 
0000bc50: 00000000 00000000 00000000 00000000 
0000bc60: 00000000 00000000 00000000 00000000 
0000bc70: 00000000 00000000 00000000 00000000 
0000bc80: 00000000 00000000 00000000 00000000 
0000bc90: 00000000 00000000 00000000 00000000 
0000bca0: 00000000 00000000 00000000 00000000 
0000bcb0: 00000000 00000000 00000000 00000000 
0000bcc0: 00000000 00000000 00000000 00000000 
0000bcd0: 00000000 00000000 00000000 00000000 
0000bce0: 00000000 00000000 00000000 00000000 
0000bcf0: 00000000 00000000 00000000 00000000 
0000bd00: 00000000 00000000 00000000 00000000 
0000bd10: 00000000 00000000 00000000 00000000 
0000bd20: 00000000 00000000 00000000 00000000 
0000bd30: 00000000 00000000 00000000 00000000 
0000bd40: 00000000 00000000 00000000 00000000 
0000bd50: 00000000 00000000 00000000 00000000 
0000bd60: 00000000 00000000 00000000 00000000 
0000bd70: 00000000 00000000 00000000 00000000 
0000bd80: 00000000 00000000 00000000 00000000 
0000bd90: 00000000 00000000 00000000 00000000 
0000bda0: 00000000 00000000 00000000 00000000 
0000bdb0: 00000000 00000000 00000000 00000000 
0000bdc0: 00000000 00000000 00000000 00000000 
0000bdd0: 00000000 00000000 00000000 00000000 
0000bde0: 00000000 00000000 00000000 00000000 
0000bdf0: 00000000 00000000 00000000 00000000 
0000be00: 00000000 00000000 00000000 00000000 
0000be10: 00000000 00000000 00000000 00000000 
0000be20: 00000000 00000000 00000000 00000000 
0000be30: 00000000 00000000 00000000 00000000 
0000be40: 00000000 00000000 00000000 00000000 
0000be50: 00000000 00000000 00000000 00000000 
0000be60: 00000000 00000000 00000000 00000000 
0000be70: 00000000 00000000 00000000 00000000 
0000be80: 00000000 00000000 00000000 00000000 
0000be90: 00000000 00000000 00000000 00000000 
0000bea0: 00000000 00000000 00000000 00000000 
0000beb0: 00000000 00000000 00000000 00000000 
0000bec0: 00000000 00000000 00000000 00000000 
0000bed0: 00000000 00000000 00000000 00000000 
0000bee0: 00000000 00000000 00000000 00000000 
0000bef0: 00000000 00000000 00000000 00000000 
0000bf00: 00000000 00000000 00000000 00000000 
0000bf10: 00000000 00000000 00000000 00000000 
0000bf20: 00000000 00000000 00000000 00000000 
0000bf30: 00000000 00000000 00000000 00000000 
0000bf40: 00000000 00000000 00000000 00000000 
0000bf50: 00000000 00000000 00000000 00000000 
0000bf60: 00000000 00000000 00000000 00000000 
0000bf70: 00000000 00000000 00000000 00000000 
0000bf80: 00000000 00000000 00000000 00000000 
0000bf90: 00000000 00000000 00000000 00000000 
0000bfa0: 00000000 00000000 00000000 00000000 
0000bfb0: 00000000 00000000 00000000 00000000 
0000bfc0: 00000000 00000000 00000000 00000000 
0000bfd0: 00000000 00000000 00000000 00000000 
0000bfe0: 00000000 00000000 00000000 00000000 
0000bff0: 00000000 00000000 00000000 00000000 
0000c000: 00000000 00000000 00000000 00000000 
0000c010: 00000000 00000000 00000000 00000000 
0000c020: 00000000 00000000 00000000 00000000 
0000c030: 00000000 00000000 00000000 00000000 
0000c040: 00000000 00000000 00000000 00000000 
0000c050: 00000000 00000000 00000000 00000000 
0000c060: 00000000 00000000 00000000 00000000 
0000c070: 00000000 00000000 00000000 00000000 
0000c080: 00000000 00000000 00000000 00000000 
0000c090: 00000000 00000000 00000000 00000000 
0000c0a0: 00000000 00000000 00000000 00000000 
0000c0b0: 00000000 00000000 00000000 00000000 
0000c0c0: 00000000 00000000 00000000 00000000 
0000c0d0: 00000000 00000000 00000000 00000000 
0000c0e0: 00000000 00000000 00000000 00000000 
0000c0f0: 00000000 00000000 00000000 00000000 
0000c100: 00000000 00000000 00000000 00000000 
0000c110: 00000000 00000000 00000000 00000000 
0000c120: 00000000 00000000 00000000 00000000 
0000c130: 00000000 00000000 00000000 00000000 
0000c140: 00000000 00000000 00000000 00000000 
0000c150: 00000000 00000000 00000000 00000000 
0000c160: 00000000 00000000 00000000 00000000 
0000c170: 00000000 00000000 00000000 00000000 
0000c180: 00000000 00000000 00000000 00000000 
0000c190: 00000000 00000000 00000000 00000000 
0000c1a0: 00000000 00000000 00000000 00000000 
0000c1b0: 00000000 00000000 00000000 00000000 
0000c1c0: 00000000 00000000 00000000 00000000 
0000c1d0: 00000000 00000000 00000000 00000000 
0000c1e0: 00000000 00000000 00000000 00000000 
0000c1f0: 00000000 00000000 00000000 00000000 
0000c200: 00000000 00000000 00000000 00000000 
0000c210: 00000000 00000000 00000000 00000000 
0000c220: 00000000 00000000 00000000 00000000 
0000c230: 00000000 00000000 00000000 00000000 
0000c240: 00000000 00000000 00000000 00000000 
0000c250: 00000000 00000000 00000000 00000000 
0000c260: 00000000 00000000 00000000 00000000 
0000c270: 00000000 00000000 00000000 00000000 
0000c280: 00000000 00000000 00000000 00000000 
0000c290: 00000000 00000000 00000000 00000000 
0000c2a0: 00000000 00000000 00000000 00000000 
0000c2b0: 00000000 00000000 00000000 00000000 
0000c2c0: 00000000 00000000 00000000 00000000 
0000c2d0: 00000000 00000000 00000000 00000000 
0000c2e0: 00000000 00000000 00000000 00000000 
0000c2f0: 00000000 00000000 00000000 00000000 
0000c300: 00000000 00000000 00000000 00000000 
0000c310: 00000000 00000000 00000000 00000000 
0000c320: 00000000 00000000 00000000 00000000 
0000c330: 00000000 00000000 00000000 00000000 
0000c340: 00000000 00000000 00000000 00000000 
0000c350: 00000000 00000000 00000000 00000000 
0000c360: 00000000 00000000 00000000 00000000 
0000c370: 00000000 00000000 00000000 00000000 
0000c380: 00000000 00000000 00000000 00000000 
0000c390: 00000000 00000000 00000000 00000000 
0000c3a0: 00000000 00000000 00000000 00000000 
0000c3b0: 00000000 00000000 00000000 00000000 
0000c3c0: 00000000 00000000 00000000 00000000 
0000c3d0: 00000000 00000000 00000000 00000000 
0000c3e0: 00000000 00000000 00000000 00000000 
0000c3f0: 00000000 00000000 00000000 00000000 
0000c400: 00000000 00000000 00000000 00000000 
0000c410: 00000000 00000000 00000000 00000000 
0000c420: 00000000 00000000 00000000 00000000 
0000c430: 00000000 00000000 00000000 00000000 
0000c440: 00000000 00000000 00000000 00000000 
0000c450: 00000000 00000000 00000000 00000000 
0000c460: 00000000 00000000 00000000 00000000 
0000c470: 00000000 00000000 00000000 00000000 
0000c480: 00000000 00000000 00000000 00000000 
0000c490: 00000000 00000000 00000000 00000000 
0000c4a0: 00000000 00000000 00000000 00000000 
0000c4b0: 00000000 00000000 00000000 00000000 
0000c4c0: 00000000 00000000 00000000 00000000 
0000c4d0: 00000000 00000000 00000000 00000000 
0000c4e0: 00000000 00000000 00000000 00000000 
0000c4f0: 00000000 00000000 00000000 00000000 
0000c500: 00000000 00000000 00000000 00000000 
0000c510: 00000000 00000000 00000000 00000000 
0000c520: 00000000 00000000 00000000 00000000 
0000c530: 00000000 00000000 00000000 00000000 
0000c540: 00000000 00000000 00000000 00000000 
0000c550: 00000000 00000000 00000000 00000000 
0000c560: 00000000 00000000 00000000 00000000 
0000c570: 00000000 00000000 00000000 00000000 
0000c580: 00000000 00000000 00000000 00000000 
0000c590: 00000000 00000000 00000000 00000000 
0000c5a0: 00000000 00000000 00000000 00000000 
0000c5b0: 00000000 00000000 00000000 00000000 
0000c5c0: 00000000 00000000 00000000 00000000 
0000c5d0: 00000000 00000000 00000000 00000000 
0000c5e0: 00000000 00000000 00000000 00000000 
0000c5f0: 00000000 00000000 00000000 00000000 
0000c600: 00000000 00000000 00000000 00000000 
0000c610: 00000000 00000000 00000000 00000000 
0000c620: 00000000 00000000 00000000 00000000 
0000c630: 00000000 00000000 00000000 00000000 
0000c640: 00000000 00000000 00000000 00000000 
0000c650: 00000000 00000000 00000000 00000000 
0000c660: 00000000 00000000 00000000 00000000 
0000c670: 00000000 00000000 00000000 00000000 
0000c680: 00000000 00000000 00000000 00000000 
0000c690: 00000000 00000000 00000000 00000000 
0000c6a0: 00000000 00000000 00000000 00000000 
0000c6b0: 00000000 00000000 00000000 00000000 
0000c6c0: 00000000 00000000 00000000 00000000 
0000c6d0: 00000000 00000000 00000000 00000000 
0000c6e0: 00000000 00000000 00000000 00000000 
0000c6f0: 00000000 00000000 00000000 00000000 
0000c700: 00000000 00000000 00000000 00000000 
0000c710: 00000000 00000000 00000000 00000000 
0000c720: 00000000 00000000 00000000 00000000 
0000c730: 00000000 00000000 00000000 00000000 
0000c740: 00000000 00000000 00000000 00000000 
0000c750: 00000000 00000000 00000000 00000000 
0000c760: 00000000 00000000 00000000 00000000 
0000c770: 00000000 00000000 00000000 00000000 
0000c780: 00000000 00000000 00000000 00000000 
0000c790: 00000000 00000000 00000000 00000000 
0000c7a0: 00000000 00000000 00000000 00000000 
0000c7b0: 00000000 00000000 00000000 00000000 
0000c7c0: 00000000 00000000 00000000 00000000 
0000c7d0: 00000000 00000000 00000000 00000000 
0000c7e0: 00000000 00000000 00000000 00000000 
0000c7f0: 00000000 00000000 00000000 00000000 
0000c800: 00000000 00000000 00000000 00000000 
0000c810: 00000000 00000000 00000000 00000000 
0000c820: 00000000 00000000 00000000 00000000 
0000c830: 00000000 00000000 00000000 00000000 
0000c840: 00000000 00000000 00000000 00000000 
0000c850: 00000000 00000000 00000000 00000000 
0000c860: 00000000 00000000 00000000 00000000 
0000c870: 00000000 00000000 00000000 00000000 
0000c880: 00000000 00000000 00000000 00000000 
0000c890: 00000000 00000000 00000000 00000000 
0000c8a0: 00000000 00000000 00000000 00000000 
0000c8b0: 00000000 00000000 00000000 00000000 
0000c8c0: 00000000 00000000 00000000 00000000 
0000c8d0: 00000000 00000000 00000000 00000000 
0000c8e0: 00000000 00000000 00000000 00000000 
0000c8f0: 00000000 00000000 00000000 00000000 
0000c900: 00000000 00000000 00000000 00000000 
0000c910: 00000000 00000000 00000000 00000000 
0000c920: 00000000 00000000 00000000 00000000 
0000c930: 00000000 00000000 00000000 00000000 
0000c940: 00000000 00000000 00000000 00000000 
0000c950: 00000000 00000000 00000000 00000000 
0000c960: 00000000 00000000 00000000 00000000 
0000c970: 00000000 00000000 00000000 00000000 
0000c980: 00000000 00000000 00000000 00000000 
0000c990: 00000000 00000000 00000000 00000000 
0000c9a0: 00000000 00000000 00000000 00000000 
0000c9b0: 00000000 00000000 00000000 00000000 
0000c9c0: 00000000 00000000 00000000 00000000 
0000c9d0: 00000000 00000000 00000000 00000000 
0000c9e0: 00000000 00000000 00000000 00000000 
0000c9f0: 00000000 00000000 00000000 00000000 
0000ca00: 00000000 00000000 00000000 00000000 
0000ca10: 00000000 00000000 00000000 00000000 
0000ca20: 00000000 00000000 00000000 00000000 
0000ca30: 00000000 00000000 00000000 00000000 
0000ca40: 00000000 00000000 00000000 00000000 
0000ca50: 00000000 00000000 00000000 00000000 
0000ca60: 00000000 00000000 00000000 00000000 
0000ca70: 00000000 00000000 00000000 00000000 
0000ca80: 00000000 00000000 00000000 00000000 
0000ca90: 00000000 00000000 00000000 00000000 
0000caa0: 00000000 00000000 00000000 00000000 
0000cab0: 00000000 00000000 00000000 00000000 
0000cac0: 00000000 00000000 00000000 00000000 
0000cad0: 00000000 00000000 00000000 00000000 
0000cae0: 00000000 00000000 00000000 00000000 
0000caf0: 00000000 00000000 00000000 00000000 
0000cb00: 00000000 00000000 00000000 00000000 
0000cb10: 00000000 00000000 00000000 00000000 
0000cb20: 00000000 00000000 00000000 00000000 
0000cb30: 00000000 00000000 00000000 00000000 
0000cb40: 00000000 00000000 00000000 00000000 
0000cb50: 00000000 00000000 00000000 00000000 
0000cb60: 00000000 00000000 00000000 00000000 
0000cb70: 00000000 00000000 00000000 00000000 
0000cb80: 00000000 00000000 00000000 00000000 
0000cb90: 00000000 00000000 00000000 00000000 
0000cba0: 00000000 00000000 00000000 00000000 
0000cbb0: 00000000 00000000 00000000 00000000 
0000cbc0: 00000000 00000000 00000000 00000000 
0000cbd0: 00000000 00000000 00000000 00000000 
0000cbe0: 00000000 00000000 00000000 00000000 
0000cbf0: 00000000 00000000 00000000 00000000 
0000cc00: 00000000 00000000 00000000 00000000 
0000cc10: 00000000 00000000 00000000 00000000 
0000cc20: 00000000 00000000 00000000 00000000 
0000cc30: 00000000 00000000 00000000 00000000 
0000cc40: 00000000 00000000 00000000 00000000 
0000cc50: 00000000 00000000 00000000 00000000 
0000cc60: 00000000 00000000 00000000 00000000 
0000cc70: 00000000 00000000 00000000 00000000 
0000cc80: 00000000 00000000 00000000 00000000 
0000cc90: 00000000 00000000 00000000 00000000 
0000cca0: 00000000 00000000 00000000 00000000 
0000ccb0: 00000000 00000000 00000000 00000000 
0000ccc0: 00000000 00000000 00000000 00000000 
0000ccd0: 00000000 00000000 00000000 00000000 
0000cce0: 00000000 00000000 00000000 00000000 
0000ccf0: 00000000 00000000 00000000 00000000 
0000cd00: 00000000 00000000 00000000 00000000 
0000cd10: 00000000 00000000 00000000 00000000 
0000cd20: 00000000 00000000 00000000 00000000 
0000cd30: 00000000 00000000 00000000 00000000 
0000cd40: 00000000 00000000 00000000 00000000 
0000cd50: 00000000 00000000 00000000 00000000 
0000cd60: 00000000 00000000 00000000 00000000 
0000cd70: 00000000 00000000 00000000 00000000 
0000cd80: 00000000 00000000 00000000 00000000 
0000cd90: 00000000 00000000 00000000 00000000 
0000cda0: 00000000 00000000 00000000 00000000 
0000cdb0: 00000000 00000000 00000000 00000000 
0000cdc0: 00000000 00000000 00000000 00000000 
0000cdd0: 00000000 00000000 00000000 00000000 
0000cde0: 00000000 00000000 00000000 00000000 
0000cdf0: 00000000 00000000 00000000 00000000 
0000ce00: 00000000 00000000 00000000 00000000 
0000ce10: 00000000 00000000 00000000 00000000 
0000ce20: 00000000 00000000 00000000 00000000 
0000ce30: 00000000 00000000 00000000 00000000 
0000ce40: 00000000 00000000 00000000 00000000 
0000ce50: 00000000 00000000 00000000 00000000 
0000ce60: 00000000 00000000 00000000 00000000 
0000ce70: 00000000 00000000 00000000 00000000 
0000ce80: 00000000 00000000 00000000 00000000 
0000ce90: 00000000 00000000 00000000 00000000 
0000cea0: 00000000 00000000 00000000 00000000 
0000ceb0: 00000000 00000000 00000000 00000000 
0000cec0: 00000000 00000000 00000000 00000000 
0000ced0: 00000000 00000000 00000000 00000000 
0000cee0: 00000000 00000000 00000000 00000000 
0000cef0: 00000000 00000000 00000000 00000000 
0000cf00: 00000000 00000000 00000000 00000000 
0000cf10: 00000000 00000000 00000000 00000000 
0000cf20: 00000000 00000000 00000000 00000000 
0000cf30: 00000000 00000000 00000000 00000000 
0000cf40: 00000000 00000000 00000000 00000000 
0000cf50: 00000000 00000000 00000000 00000000 
0000cf60: 00000000 00000000 00000000 00000000 
0000cf70: 00000000 00000000 00000000 00000000 
0000cf80: 00000000 00000000 00000000 00000000 
0000cf90: 00000000 00000000 00000000 00000000 
0000cfa0: 00000000 00000000 00000000 00000000 
0000cfb0: 00000000 00000000 00000000 00000000 
0000cfc0: 00000000 00000000 00000000 00000000 
0000cfd0: 00000000 00000000 00000000 00000000 
0000cfe0: 00000000 00000000 00000000 00000000 
0000cff0: 00000000 00000000 00000000 00000000 
0000d000: 00000000 00000000 00000000 00000000 
0000d010: 00000000 00000000 00000000 00000000 
0000d020: 00000000 00000000 00000000 00000000 
0000d030: 00000000 00000000 00000000 00000000 
0000d040: 00000000 00000000 00000000 00000000 
0000d050: 00000000 00000000 00000000 00000000 
0000d060: 00000000 00000000 00000000 00000000 
0000d070: 00000000 00000000 00000000 00000000 
0000d080: 00000000 00000000 00000000 00000000 
0000d090: 00000000 00000000 00000000 00000000 
0000d0a0: 00000000 00000000 00000000 00000000 
0000d0b0: 00000000 00000000 00000000 00000000 
0000d0c0: 00000000 00000000 00000000 00000000 
0000d0d0: 00000000 00000000 00000000 00000000 
0000d0e0: 00000000 00000000 00000000 00000000 
0000d0f0: 00000000 00000000 00000000 00000000 
0000d100: 00000000 00000000 00000000 00000000 
0000d110: 00000000 00000000 00000000 00000000 
0000d120: 00000000 00000000 00000000 00000000 
0000d130: 00000000 00000000 00000000 00000000 
0000d140: 00000000 00000000 00000000 00000000 
0000d150: 00000000 00000000 00000000 00000000 
0000d160: 00000000 00000000 00000000 00000000 
0000d170: 00000000 00000000 00000000 00000000 
0000d180: 00000000 00000000 00000000 00000000 
0000d190: 00000000 00000000 00000000 00000000 
0000d1a0: 00000000 00000000 00000000 00000000 
0000d1b0: 00000000 00000000 00000000 00000000 
0000d1c0: 00000000 00000000 00000000 00000000 
0000d1d0: 00000000 00000000 00000000 00000000 
0000d1e0: 00000000 00000000 00000000 00000000 
0000d1f0: 00000000 00000000 00000000 00000000 
0000d200: 00000000 00000000 00000000 00000000 
0000d210: 00000000 00000000 00000000 00000000 
0000d220: 00000000 00000000 00000000 00000000 
0000d230: 00000000 00000000 00000000 00000000 
0000d240: 00000000 00000000 00000000 00000000 
0000d250: 00000000 00000000 00000000 00000000 
0000d260: 00000000 00000000 00000000 00000000 
0000d270: 00000000 00000000 00000000 00000000 
0000d280: 00000000 00000000 00000000 00000000 
0000d290: 00000000 00000000 00000000 00000000 
0000d2a0: 00000000 00000000 00000000 00000000 
0000d2b0: 00000000 00000000 00000000 00000000 
0000d2c0: 00000000 00000000 00000000 00000000 
0000d2d0: 00000000 00000000 00000000 00000000 
0000d2e0: 00000000 00000000 00000000 00000000 
0000d2f0: 00000000 00000000 00000000 00000000 
0000d300: 00000000 00000000 00000000 00000000 
0000d310: 00000000 00000000 00000000 00000000 
0000d320: 00000000 00000000 00000000 00000000 
0000d330: 00000000 00000000 00000000 00000000 
0000d340: 00000000 00000000 00000000 00000000 
0000d350: 00000000 00000000 00000000 00000000 
0000d360: 00000000 00000000 00000000 00000000 
0000d370: 00000000 00000000 00000000 00000000 
0000d380: 00000000 00000000 00000000 00000000 
0000d390: 00000000 00000000 00000000 00000000 
0000d3a0: 00000000 00000000 00000000 00000000 
0000d3b0: 00000000 00000000 00000000 00000000 
0000d3c0: 00000000 00000000 00000000 00000000 
0000d3d0: 00000000 00000000 00000000 00000000 
0000d3e0: 00000000 00000000 00000000 00000000 
0000d3f0: 00000000 00000000 00000000 00000000 
0000d400: 00000000 00000000 00000000 00000000 
0000d410: 00000000 00000000 00000000 00000000 
0000d420: 00000000 00000000 00000000 00000000 
0000d430: 00000000 00000000 00000000 00000000 
0000d440: 00000000 00000000 00000000 00000000 
0000d450: 00000000 00000000 00000000 00000000 
0000d460: 00000000 00000000 00000000 00000000 
0000d470: 00000000 00000000 00000000 00000000 
0000d480: 00000000 00000000 00000000 00000000 
0000d490: 00000000 00000000 00000000 00000000 
0000d4a0: 00000000 00000000 00000000 00000000 
0000d4b0: 00000000 00000000 00000000 00000000 
0000d4c0: 00000000 00000000 00000000 00000000 
0000d4d0: 00000000 00000000 00000000 00000000 
0000d4e0: 00000000 00000000 00000000 00000000 
0000d4f0: 00000000 00000000 00000000 00000000 
0000d500: 00000000 00000000 00000000 00000000 
0000d510: 00000000 00000000 00000000 00000000 
0000d520: 00000000 00000000 00000000 00000000 
0000d530: 00000000 00000000 00000000 00000000 
0000d540: 00000000 00000000 00000000 00000000 
0000d550: 00000000 00000000 00000000 00000000 
0000d560: 00000000 00000000 00000000 00000000 
0000d570: 00000000 00000000 00000000 00000000 
0000d580: 00000000 00000000 00000000 00000000 
0000d590: 00000000 00000000 00000000 00000000 
0000d5a0: 00000000 00000000 00000000 00000000 
0000d5b0: 00000000 00000000 00000000 00000000 
0000d5c0: 00000000 00000000 00000000 00000000 
0000d5d0: 00000000 00000000 00000000 00000000 
0000d5e0: 00000000 00000000 00000000 00000000 
0000d5f0: 00000000 00000000 00000000 00000000 
0000d600: 00000000 00000000 00000000 00000000 
0000d610: 00000000 00000000 00000000 00000000 
0000d620: 00000000 00000000 00000000 00000000 
0000d630: 00000000 00000000 00000000 00000000 
0000d640: 00000000 00000000 00000000 00000000 
0000d650: 00000000 00000000 00000000 00000000 
0000d660: 00000000 00000000 00000000 00000000 
0000d670: 00000000 00000000 00000000 00000000 
0000d680: 00000000 00000000 00000000 00000000 
0000d690: 00000000 00000000 00000000 00000000 
0000d6a0: 00000000 00000000 00000000 00000000 
0000d6b0: 00000000 00000000 00000000 00000000 
0000d6c0: 00000000 00000000 00000000 00000000 
0000d6d0: 00000000 00000000 00000000 00000000 
0000d6e0: 00000000 00000000 00000000 00000000 
0000d6f0: 00000000 00000000 00000000 00000000 
0000d700: 00000000 00000000 00000000 00000000 
0000d710: 00000000 00000000 00000000 00000000 
0000d720: 00000000 00000000 00000000 00000000 
0000d730: 00000000 00000000 00000000 00000000 
0000d740: 00000000 00000000 00000000 00000000 
0000d750: 00000000 00000000 00000000 00000000 
0000d760: 00000000 00000000 00000000 00000000 
0000d770: 00000000 00000000 00000000 00000000 
0000d780: 00000000 00000000 00000000 00000000 
0000d790: 00000000 00000000 00000000 00000000 
0000d7a0: 00000000 00000000 00000000 00000000 
0000d7b0: 00000000 00000000 00000000 00000000 
0000d7c0: 00000000 00000000 00000000 00000000 
0000d7d0: 00000000 00000000 00000000 00000000 
0000d7e0: 00000000 00000000 00000000 00000000 
0000d7f0: 00000000 00000000 00000000 00000000 
0000d800: 00000000 00000000 00000000 00000000 
0000d810: 00000000 00000000 00000000 00000000 
0000d820: 00000000 00000000 00000000 00000000 
0000d830: 00000000 00000000 00000000 00000000 
0000d840: 00000000 00000000 00000000 00000000 
0000d850: 00000000 00000000 00000000 00000000 
0000d860: 00000000 00000000 00000000 00000000 
0000d870: 00000000 00000000 00000000 00000000 
0000d880: 00000000 00000000 00000000 00000000 
0000d890: 00000000 00000000 00000000 00000000 
0000d8a0: 00000000 00000000 00000000 00000000 
0000d8b0: 00000000 00000000 00000000 00000000 
0000d8c0: 00000000 00000000 00000000 00000000 
0000d8d0: 00000000 00000000 00000000 00000000 
0000d8e0: 00000000 00000000 00000000 00000000 
0000d8f0: 00000000 00000000 00000000 00000000 
0000d900: 00000000 00000000 00000000 00000000 
0000d910: 00000000 00000000 00000000 00000000 
0000d920: 00000000 00000000 00000000 00000000 
0000d930: 00000000 00000000 00000000 00000000 
0000d940: 00000000 00000000 00000000 00000000 
0000d950: 00000000 00000000 00000000 00000000 
0000d960: 00000000 00000000 00000000 00000000 
0000d970: 00000000 00000000 00000000 00000000 
0000d980: 00000000 00000000 00000000 00000000 
0000d990: 00000000 00000000 00000000 00000000 
0000d9a0: 00000000 00000000 00000000 00000000 
0000d9b0: 00000000 00000000 00000000 00000000 
0000d9c0: 00000000 00000000 00000000 00000000 
0000d9d0: 00000000 00000000 00000000 00000000 
0000d9e0: 00000000 00000000 00000000 00000000 
0000d9f0: 00000000 00000000 00000000 00000000 
0000da00: 00000000 00000000 00000000 00000000 
0000da10: 00000000 00000000 00000000 00000000 
0000da20: 00000000 00000000 00000000 00000000 
0000da30: 00000000 00000000 00000000 00000000 
0000da40: 00000000 00000000 00000000 00000000 
0000da50: 00000000 00000000 00000000 00000000 
0000da60: 00000000 00000000 00000000 00000000 
0000da70: 00000000 00000000 00000000 00000000 
0000da80: 00000000 00000000 00000000 00000000 
0000da90: 00000000 00000000 00000000 00000000 
0000daa0: 00000000 00000000 00000000 00000000 
0000dab0: 00000000 00000000 00000000 00000000 
0000dac0: 00000000 00000000 00000000 00000000 
0000dad0: 00000000 00000000 00000000 00000000 
0000dae0: 00000000 00000000 00000000 00000000 
0000daf0: 00000000 00000000 00000000 00000000 
0000db00: 00000000 00000000 00000000 00000000 
0000db10: 00000000 00000000 00000000 00000000 
0000db20: 00000000 00000000 00000000 00000000 
0000db30: 00000000 00000000 00000000 00000000 
0000db40: 00000000 00000000 00000000 00000000 
0000db50: 00000000 00000000 00000000 00000000 
0000db60: 00000000 00000000 00000000 00000000 
0000db70: 00000000 00000000 00000000 00000000 
0000db80: 00000000 00000000 00000000 00000000 
0000db90: 00000000 00000000 00000000 00000000 
0000dba0: 00000000 00000000 00000000 00000000 
0000dbb0: 00000000 00000000 00000000 00000000 
0000dbc0: 00000000 00000000 00000000 00000000 
0000dbd0: 00000000 00000000 00000000 00000000 
0000dbe0: 00000000 00000000 00000000 00000000 
0000dbf0: 00000000 00000000 00000000 00000000 
0000dc00: 00000000 00000000 00000000 00000000 
0000dc10: 00000000 00000000 00000000 00000000 
0000dc20: 00000000 00000000 00000000 00000000 
0000dc30: 00000000 00000000 00000000 00000000 
0000dc40: 00000000 00000000 00000000 00000000 
0000dc50: 00000000 00000000 00000000 00000000 
0000dc60: 00000000 00000000 00000000 00000000 
0000dc70: 00000000 00000000 00000000 00000000 
0000dc80: 00000000 00000000 00000000 00000000 
0000dc90: 00000000 00000000 00000000 00000000 
0000dca0: 00000000 00000000 00000000 00000000 
0000dcb0: 00000000 00000000 00000000 00000000 
0000dcc0: 00000000 00000000 00000000 00000000 
0000dcd0: 00000000 00000000 00000000 00000000 
0000dce0: 00000000 00000000 00000000 00000000 
0000dcf0: 00000000 00000000 00000000 00000000 
0000dd00: 00000000 00000000 00000000 00000000 
0000dd10: 00000000 00000000 00000000 00000000 
0000dd20: 00000000 00000000 00000000 00000000 
0000dd30: 00000000 00000000 00000000 00000000 
0000dd40: 00000000 00000000 00000000 00000000 
0000dd50: 00000000 00000000 00000000 00000000 
0000dd60: 00000000 00000000 00000000 00000000 
0000dd70: 00000000 00000000 00000000 00000000 
0000dd80: 00000000 00000000 00000000 00000000 
0000dd90: 00000000 00000000 00000000 00000000 
0000dda0: 00000000 00000000 00000000 00000000 
0000ddb0: 00000000 00000000 00000000 00000000 
0000ddc0: 00000000 00000000 00000000 00000000 
0000ddd0: 00000000 00000000 00000000 00000000 
0000dde0: 00000000 00000000 00000000 00000000 
0000ddf0: 00000000 00000000 00000000 00000000 
0000de00: 00000000 00000000 00000000 00000000 
0000de10: 00000000 00000000 00000000 00000000 
0000de20: 00000000 00000000 00000000 00000000 
0000de30: 00000000 00000000 00000000 00000000 
0000de40: 00000000 00000000 00000000 00000000 
0000de50: 00000000 00000000 00000000 00000000 
0000de60: 00000000 00000000 00000000 00000000 
0000de70: 00000000 00000000 00000000 00000000 
0000de80: 00000000 00000000 00000000 00000000 
0000de90: 00000000 00000000 00000000 00000000 
0000dea0: 00000000 00000000 00000000 00000000 
0000deb0: 00000000 00000000 00000000 00000000 
0000dec0: 00000000 00000000 00000000 00000000 
0000ded0: 00000000 00000000 00000000 00000000 
0000dee0: 00000000 00000000 00000000 00000000 
0000def0: 00000000 00000000 00000000 00000000 
0000df00: 00000000 00000000 00000000 00000000 
0000df10: 00000000 00000000 00000000 00000000 
0000df20: 00000000 00000000 00000000 00000000 
0000df30: 00000000 00000000 00000000 00000000 
0000df40: 00000000 00000000 00000000 00000000 
0000df50: 00000000 00000000 00000000 00000000 
0000df60: 00000000 00000000 00000000 00000000 
0000df70: 00000000 00000000 00000000 00000000 
0000df80: 00000000 00000000 00000000 00000000 
0000df90: 00000000 00000000 00000000 00000000 
0000dfa0: 00000000 00000000 00000000 00000000 
0000dfb0: 00000000 00000000 00000000 00000000 
0000dfc0: 00000000 00000000 00000000 00000000 
0000dfd0: 00000000 00000000 00000000 00000000 
0000dfe0: 00000000 00000000 00000000 00000000 
0000dff0: 00000000 00000000 00000000 00000000 
0000e000: 00000000 00000000 00000000 00000000 
0000e010: 00000000 00000000 00000000 00000000 
0000e020: 00000000 00000000 00000000 00000000 
0000e030: 00000000 00000000 00000000 00000000 
0000e040: 00000000 00000000 00000000 00000000 
0000e050: 00000000 00000000 00000000 00000000 
0000e060: 00000000 00000000 00000000 00000000 
0000e070: 00000000 00000000 00000000 00000000 
0000e080: 00000000 00000000 00000000 00000000 
0000e090: 00000000 00000000 00000000 00000000 
0000e0a0: 00000000 00000000 00000000 00000000 
0000e0b0: 00000000 00000000 00000000 00000000 
0000e0c0: 00000000 00000000 00000000 00000000 
0000e0d0: 00000000 00000000 00000000 00000000 
0000e0e0: 00000000 00000000 00000000 00000000 
0000e0f0: 00000000 00000000 00000000 00000000 
0000e100: 00000000 00000000 00000000 00000000 
0000e110: 00000000 00000000 00000000 00000000 
0000e120: 00000000 00000000 00000000 00000000 
0000e130: 00000000 00000000 00000000 00000000 
0000e140: 00000000 00000000 00000000 00000000 
0000e150: 00000000 00000000 00000000 00000000 
0000e160: 00000000 00000000 00000000 00000000 
0000e170: 00000000 00000000 00000000 00000000 
0000e180: 00000000 00000000 00000000 00000000 
0000e190: 00000000 00000000 00000000 00000000 
0000e1a0: 00000000 00000000 00000000 00000000 
0000e1b0: 00000000 00000000 00000000 00000000 
0000e1c0: 00000000 00000000 00000000 00000000 
0000e1d0: 00000000 00000000 00000000 00000000 
0000e1e0: 00000000 00000000 00000000 00000000 
0000e1f0: 00000000 00000000 00000000 00000000 
0000e200: 00000000 00000000 00000000 00000000 
0000e210: 00000000 00000000 00000000 00000000 
0000e220: 00000000 00000000 00000000 00000000 
0000e230: 00000000 00000000 00000000 00000000 
0000e240: 00000000 00000000 00000000 00000000 
0000e250: 00000000 00000000 00000000 00000000 
0000e260: 00000000 00000000 00000000 00000000 
0000e270: 00000000 00000000 00000000 00000000 
0000e280: 00000000 00000000 00000000 00000000 
0000e290: 00000000 00000000 00000000 00000000 
0000e2a0: 00000000 00000000 00000000 00000000 
0000e2b0: 00000000 00000000 00000000 00000000 
0000e2c0: 00000000 00000000 00000000 00000000 
0000e2d0: 00000000 00000000 00000000 00000000 
0000e2e0: 00000000 00000000 00000000 00000000 
0000e2f0: 00000000 00000000 00000000 00000000 
0000e300: 00000000 00000000 00000000 00000000 
0000e310: 00000000 00000000 00000000 00000000 
0000e320: 00000000 00000000 00000000 00000000 
0000e330: 00000000 00000000 00000000 00000000 
0000e340: 00000000 00000000 00000000 00000000 
0000e350: 00000000 00000000 00000000 00000000 
0000e360: 00000000 00000000 00000000 00000000 
0000e370: 00000000 00000000 00000000 00000000 
0000e380: 00000000 00000000 00000000 00000000 
0000e390: 00000000 00000000 00000000 00000000 
0000e3a0: 00000000 00000000 00000000 00000000 
0000e3b0: 00000000 00000000 00000000 00000000 
0000e3c0: 00000000 00000000 00000000 00000000 
0000e3d0: 00000000 00000000 00000000 00000000 
0000e3e0: 00000000 00000000 00000000 00000000 
0000e3f0: 00000000 00000000 00000000 00000000 
0000e400: 00000000 00000000 00000000 00000000 
0000e410: 00000000 00000000 00000000 00000000 
0000e420: 00000000 00000000 00000000 00000000 
0000e430: 00000000 00000000 00000000 00000000 
0000e440: 00000000 00000000 00000000 00000000 
0000e450: 00000000 00000000 00000000 00000000 
0000e460: 00000000 00000000 00000000 00000000 
0000e470: 00000000 00000000 00000000 00000000 
0000e480: 00000000 00000000 00000000 00000000 
0000e490: 00000000 00000000 00000000 00000000 
0000e4a0: 00000000 00000000 00000000 00000000 
0000e4b0: 00000000 00000000 00000000 00000000 
0000e4c0: 00000000 00000000 00000000 00000000 
0000e4d0: 00000000 00000000 00000000 00000000 
0000e4e0: 00000000 00000000 00000000 00000000 
0000e4f0: 00000000 00000000 00000000 00000000 
0000e500: 00000000 00000000 00000000 00000000 
0000e510: 00000000 00000000 00000000 00000000 
0000e520: 00000000 00000000 00000000 00000000 
0000e530: 00000000 00000000 00000000 00000000 
0000e540: 00000000 00000000 00000000 00000000 
0000e550: 00000000 00000000 00000000 00000000 
0000e560: 00000000 00000000 00000000 00000000 
0000e570: 00000000 00000000 00000000 00000000 
0000e580: 00000000 00000000 00000000 00000000 
0000e590: 00000000 00000000 00000000 00000000 
0000e5a0: 00000000 00000000 00000000 00000000 
0000e5b0: 00000000 00000000 00000000 00000000 
0000e5c0: 00000000 00000000 00000000 00000000 
0000e5d0: 00000000 00000000 00000000 00000000 
0000e5e0: 00000000 00000000 00000000 00000000 
0000e5f0: 00000000 00000000 00000000 00000000 
0000e600: 00000000 00000000 00000000 00000000 
0000e610: 00000000 00000000 00000000 00000000 
0000e620: 00000000 00000000 00000000 00000000 
0000e630: 00000000 00000000 00000000 00000000 
0000e640: 00000000 00000000 00000000 00000000 
0000e650: 00000000 00000000 00000000 00000000 
0000e660: 00000000 00000000 00000000 00000000 
0000e670: 00000000 00000000 00000000 00000000 
0000e680: 00000000 00000000 00000000 00000000 
0000e690: 00000000 00000000 00000000 00000000 
0000e6a0: 00000000 00000000 00000000 00000000 
0000e6b0: 00000000 00000000 00000000 00000000 
0000e6c0: 00000000 00000000 00000000 00000000 
0000e6d0: 00000000 00000000 00000000 00000000 
0000e6e0: 00000000 00000000 00000000 00000000 
0000e6f0: 00000000 00000000 00000000 00000000 
0000e700: 00000000 00000000 00000000 00000000 
0000e710: 00000000 00000000 00000000 00000000 
0000e720: 00000000 00000000 00000000 00000000 
0000e730: 00000000 00000000 00000000 00000000 
0000e740: 00000000 00000000 00000000 00000000 
0000e750: 00000000 00000000 00000000 00000000 
0000e760: 00000000 00000000 00000000 00000000 
0000e770: 00000000 00000000 00000000 00000000 
0000e780: 00000000 00000000 00000000 00000000 
0000e790: 00000000 00000000 00000000 00000000 
0000e7a0: 00000000 00000000 00000000 00000000 
0000e7b0: 00000000 00000000 00000000 00000000 
0000e7c0: 00000000 00000000 00000000 00000000 
0000e7d0: 00000000 00000000 00000000 00000000 
0000e7e0: 00000000 00000000 00000000 00000000 
0000e7f0: 00000000 00000000 00000000 00000000 
0000e800: 00000000 00000000 00000000 00000000 
0000e810: 00000000 00000000 00000000 00000000 
0000e820: 00000000 00000000 00000000 00000000 
0000e830: 00000000 00000000 00000000 00000000 
0000e840: 00000000 00000000 00000000 00000000 
0000e850: 00000000 00000000 00000000 00000000 
0000e860: 00000000 00000000 00000000 00000000 
0000e870: 00000000 00000000 00000000 00000000 
0000e880: 00000000 00000000 00000000 00000000 
0000e890: 00000000 00000000 00000000 00000000 
0000e8a0: 00000000 00000000 00000000 00000000 
0000e8b0: 00000000 00000000 00000000 00000000 
0000e8c0: 00000000 00000000 00000000 00000000 
0000e8d0: 00000000 00000000 00000000 00000000 
0000e8e0: 00000000 00000000 00000000 00000000 
0000e8f0: 00000000 00000000 00000000 00000000 
0000e900: 00000000 00000000 00000000 00000000 
0000e910: 00000000 00000000 00000000 00000000 
0000e920: 00000000 00000000 00000000 00000000 
0000e930: 00000000 00000000 00000000 00000000 
0000e940: 00000000 00000000 00000000 00000000 
0000e950: 00000000 00000000 00000000 00000000 
0000e960: 00000000 00000000 00000000 00000000 
0000e970: 00000000 00000000 00000000 00000000 
0000e980: 00000000 00000000 00000000 00000000 
0000e990: 00000000 00000000 00000000 00000000 
0000e9a0: 00000000 00000000 00000000 00000000 
0000e9b0: 00000000 00000000 00000000 00000000 
0000e9c0: 00000000 00000000 00000000 00000000 
0000e9d0: 00000000 00000000 00000000 00000000 
0000e9e0: 00000000 00000000 00000000 00000000 
0000e9f0: 00000000 00000000 00000000 00000000 
0000ea00: 00000000 00000000 00000000 00000000 
0000ea10: 00000000 00000000 00000000 00000000 
0000ea20: 00000000 00000000 00000000 00000000 
0000ea30: 00000000 00000000 00000000 00000000 
0000ea40: 00000000 00000000 00000000 00000000 
0000ea50: 00000000 00000000 00000000 00000000 
0000ea60: 00000000 00000000 00000000 00000000 
0000ea70: 00000000 00000000 00000000 00000000 
0000ea80: 00000000 00000000 00000000 00000000 
0000ea90: 00000000 00000000 00000000 00000000 
0000eaa0: 00000000 00000000 00000000 00000000 
0000eab0: 00000000 00000000 00000000 00000000 
0000eac0: 00000000 00000000 00000000 00000000 
0000ead0: 00000000 00000000 00000000 00000000 
0000eae0: 00000000 00000000 00000000 00000000 
0000eaf0: 00000000 00000000 00000000 00000000 
0000eb00: 00000000 00000000 00000000 00000000 
0000eb10: 00000000 00000000 00000000 00000000 
0000eb20: 00000000 00000000 00000000 00000000 
0000eb30: 00000000 00000000 00000000 00000000 
0000eb40: 00000000 00000000 00000000 00000000 
0000eb50: 00000000 00000000 00000000 00000000 
0000eb60: 00000000 00000000 00000000 00000000 
0000eb70: 00000000 00000000 00000000 00000000 
0000eb80: 00000000 00000000 00000000 00000000 
0000eb90: 00000000 00000000 00000000 00000000 
0000eba0: 00000000 00000000 00000000 00000000 
0000ebb0: 00000000 00000000 00000000 00000000 
0000ebc0: 00000000 00000000 00000000 00000000 
0000ebd0: 00000000 00000000 00000000 00000000 
0000ebe0: 00000000 00000000 00000000 00000000 
0000ebf0: 00000000 00000000 00000000 00000000 
0000ec00: 00000000 00000000 00000000 00000000 
0000ec10: 00000000 00000000 00000000 00000000 
0000ec20: 00000000 00000000 00000000 00000000 
0000ec30: 00000000 00000000 00000000 00000000 
0000ec40: 00000000 00000000 00000000 00000000 
0000ec50: 00000000 00000000 00000000 00000000 
0000ec60: 00000000 00000000 00000000 00000000 
0000ec70: 00000000 00000000 00000000 00000000 
0000ec80: 00000000 00000000 00000000 00000000 
0000ec90: 00000000 00000000 00000000 00000000 
0000eca0: 00000000 00000000 00000000 00000000 
0000ecb0: 00000000 00000000 00000000 00000000 
0000ecc0: 00000000 00000000 00000000 00000000 
0000ecd0: 00000000 00000000 00000000 00000000 
0000ece0: 00000000 00000000 00000000 00000000 
0000ecf0: 00000000 00000000 00000000 00000000 
0000ed00: 00000000 00000000 00000000 00000000 
0000ed10: 00000000 00000000 00000000 00000000 
0000ed20: 00000000 00000000 00000000 00000000 
0000ed30: 00000000 00000000 00000000 00000000 
0000ed40: 00000000 00000000 00000000 00000000 
0000ed50: 00000000 00000000 00000000 00000000 
0000ed60: 00000000 00000000 00000000 00000000 
0000ed70: 00000000 00000000 00000000 00000000 
0000ed80: 00000000 00000000 00000000 00000000 
0000ed90: 00000000 00000000 00000000 00000000 
0000eda0: 00000000 00000000 00000000 00000000 
0000edb0: 00000000 00000000 00000000 00000000 
0000edc0: 00000000 00000000 00000000 00000000 
0000edd0: 00000000 00000000 00000000 00000000 
0000ede0: 00000000 00000000 00000000 00000000 
0000edf0: 00000000 00000000 00000000 00000000 
0000ee00: 00000000 00000000 00000000 00000000 
0000ee10: 00000000 00000000 00000000 00000000 
0000ee20: 00000000 00000000 00000000 00000000 
0000ee30: 00000000 00000000 00000000 00000000 
0000ee40: 00000000 00000000 00000000 00000000 
0000ee50: 00000000 00000000 00000000 00000000 
0000ee60: 00000000 00000000 00000000 00000000 
0000ee70: 00000000 00000000 00000000 00000000 
0000ee80: 00000000 00000000 00000000 00000000 
0000ee90: 00000000 00000000 00000000 00000000 
0000eea0: 00000000 00000000 00000000 00000000 
0000eeb0: 00000000 00000000 00000000 00000000 
0000eec0: 00000000 00000000 00000000 00000000 
0000eed0: 00000000 00000000 00000000 00000000 
0000eee0: 00000000 00000000 00000000 00000000 
0000eef0: 00000000 00000000 00000000 00000000 
0000ef00: 00000000 00000000 00000000 00000000 
0000ef10: 00000000 00000000 00000000 00000000 
0000ef20: 00000000 00000000 00000000 00000000 
0000ef30: 00000000 00000000 00000000 00000000 
0000ef40: 00000000 00000000 00000000 00000000 
0000ef50: 00000000 00000000 00000000 00000000 
0000ef60: 00000000 00000000 00000000 00000000 
0000ef70: 00000000 00000000 00000000 00000000 
0000ef80: 00000000 00000000 00000000 00000000 
0000ef90: 00000000 00000000 00000000 00000000 
0000efa0: 00000000 00000000 00000000 00000000 
0000efb0: 00000000 00000000 00000000 00000000 
0000efc0: 00000000 00000000 00000000 00000000 
0000efd0: 00000000 00000000 00000000 00000000 
0000efe0: 00000000 00000000 00000000 00000000 
0000eff0: 00000000 00000000 00000000 00000000 
0000f000: 00000000 00000000 00000000 00000000 
0000f010: 00000000 00000000 00000000 00000000 
0000f020: 00000000 00000000 00000000 00000000 
0000f030: 00000000 00000000 00000000 00000000 
0000f040: 00000000 00000000 00000000 00000000 
0000f050: 00000000 00000000 00000000 00000000 
0000f060: 00000000 00000000 00000000 00000000 
0000f070: 00000000 00000000 00000000 00000000 
0000f080: 00000000 00000000 00000000 00000000 
0000f090: 00000000 00000000 00000000 00000000 
0000f0a0: 00000000 00000000 00000000 00000000 
0000f0b0: 00000000 00000000 00000000 00000000 
0000f0c0: 00000000 00000000 00000000 00000000 
0000f0d0: 00000000 00000000 00000000 00000000 
0000f0e0: 00000000 00000000 00000000 00000000 
0000f0f0: 00000000 00000000 00000000 00000000 
0000f100: 00000000 00000000 00000000 00000000 
0000f110: 00000000 00000000 00000000 00000000 
0000f120: 00000000 00000000 00000000 00000000 
0000f130: 00000000 00000000 00000000 00000000 
0000f140: 00000000 00000000 00000000 00000000 
0000f150: 00000000 00000000 00000000 00000000 
0000f160: 00000000 00000000 00000000 00000000 
0000f170: 00000000 00000000 00000000 00000000 
0000f180: 00000000 00000000 00000000 00000000 
0000f190: 00000000 00000000 00000000 00000000 
0000f1a0: 00000000 00000000 00000000 00000000 
0000f1b0: 00000000 00000000 00000000 00000000 
0000f1c0: 00000000 00000000 00000000 00000000 
0000f1d0: 00000000 00000000 00000000 00000000 
0000f1e0: 00000000 00000000 00000000 00000000 
0000f1f0: 00000000 00000000 00000000 00000000 
0000f200: 00000000 00000000 00000000 00000000 
0000f210: 00000000 00000000 00000000 00000000 
0000f220: 00000000 00000000 00000000 00000000 
0000f230: 00000000 00000000 00000000 00000000 
0000f240: 00000000 00000000 00000000 00000000 
0000f250: 00000000 00000000 00000000 00000000 
0000f260: 00000000 00000000 00000000 00000000 
0000f270: 00000000 00000000 00000000 00000000 
0000f280: 00000000 00000000 00000000 00000000 
0000f290: 00000000 00000000 00000000 00000000 
0000f2a0: 00000000 00000000 00000000 00000000 
0000f2b0: 00000000 00000000 00000000 00000000 
0000f2c0: 00000000 00000000 00000000 00000000 
0000f2d0: 00000000 00000000 00000000 00000000 
0000f2e0: 00000000 00000000 00000000 00000000 
0000f2f0: 00000000 00000000 00000000 00000000 
0000f300: 00000000 00000000 00000000 00000000 
0000f310: 00000000 00000000 00000000 00000000 
0000f320: 00000000 00000000 00000000 00000000 
0000f330: 00000000 00000000 00000000 00000000 
0000f340: 00000000 00000000 00000000 00000000 
0000f350: 00000000 00000000 00000000 00000000 
0000f360: 00000000 00000000 00000000 00000000 
0000f370: 00000000 00000000 00000000 00000000 
0000f380: 00000000 00000000 00000000 00000000 
0000f390: 00000000 00000000 00000000 00000000 
0000f3a0: 00000000 00000000 00000000 00000000 
0000f3b0: 00000000 00000000 00000000 00000000 
0000f3c0: 00000000 00000000 00000000 00000000 
0000f3d0: 00000000 00000000 00000000 00000000 
0000f3e0: 00000000 00000000 00000000 00000000 
0000f3f0: 00000000 00000000 00000000 00000000 
0000f400: 00000000 00000000 00000000 00000000 
0000f410: 00000000 00000000 00000000 00000000 
0000f420: 00000000 00000000 00000000 00000000 
0000f430: 00000000 00000000 00000000 00000000 
0000f440: 00000000 00000000 00000000 00000000 
0000f450: 00000000 00000000 00000000 00000000 
0000f460: 00000000 00000000 00000000 00000000 
0000f470: 00000000 00000000 00000000 00000000 
0000f480: 00000000 00000000 00000000 00000000 
0000f490: 00000000 00000000 00000000 00000000 
0000f4a0: 00000000 00000000 00000000 00000000 
0000f4b0: 00000000 00000000 00000000 00000000 
0000f4c0: 00000000 00000000 00000000 00000000 
0000f4d0: 00000000 00000000 00000000 00000000 
0000f4e0: 00000000 00000000 00000000 00000000 
0000f4f0: 00000000 00000000 00000000 00000000 
0000f500: 00000000 00000000 00000000 00000000 
0000f510: 00000000 00000000 00000000 00000000 
0000f520: 00000000 00000000 00000000 00000000 
0000f530: 00000000 00000000 00000000 00000000 
0000f540: 00000000 00000000 00000000 00000000 
0000f550: 00000000 00000000 00000000 00000000 
0000f560: 00000000 00000000 00000000 00000000 
0000f570: 00000000 00000000 00000000 00000000 
0000f580: 00000000 00000000 00000000 00000000 
0000f590: 00000000 00000000 00000000 00000000 
0000f5a0: 00000000 00000000 00000000 00000000 
0000f5b0: 00000000 00000000 00000000 00000000 
0000f5c0: 00000000 00000000 00000000 00000000 
0000f5d0: 00000000 00000000 00000000 00000000 
0000f5e0: 00000000 00000000 00000000 00000000 
0000f5f0: 00000000 00000000 00000000 00000000 
0000f600: 00000000 00000000 00000000 00000000 
0000f610: 00000000 00000000 00000000 00000000 
0000f620: 00000000 00000000 00000000 00000000 
0000f630: 00000000 00000000 00000000 00000000 
0000f640: 00000000 00000000 00000000 00000000 
0000f650: 00000000 00000000 00000000 00000000 
0000f660: 00000000 00000000 00000000 00000000 
0000f670: 00000000 00000000 00000000 00000000 
0000f680: 00000000 00000000 00000000 00000000 
0000f690: 00000000 00000000 00000000 00000000 
0000f6a0: 00000000 00000000 00000000 00000000 
0000f6b0: 00000000 00000000 00000000 00000000 
0000f6c0: 00000000 00000000 00000000 00000000 
0000f6d0: 00000000 00000000 00000000 00000000 
0000f6e0: 00000000 00000000 00000000 00000000 
0000f6f0: 00000000 00000000 00000000 00000000 
0000f700: 00000000 00000000 00000000 00000000 
0000f710: 00000000 00000000 00000000 00000000 
0000f720: 00000000 00000000 00000000 00000000 
0000f730: 00000000 00000000 00000000 00000000 
0000f740: 00000000 00000000 00000000 00000000 
0000f750: 00000000 00000000 00000000 00000000 
0000f760: 00000000 00000000 00000000 00000000 
0000f770: 00000000 00000000 00000000 00000000 
0000f780: 00000000 00000000 00000000 00000000 
0000f790: 00000000 00000000 00000000 00000000 
0000f7a0: 00000000 00000000 00000000 00000000 
0000f7b0: 00000000 00000000 00000000 00000000 
0000f7c0: 00000000 00000000 00000000 00000000 
0000f7d0: 00000000 00000000 00000000 00000000 
0000f7e0: 00000000 00000000 00000000 00000000 
0000f7f0: 00000000 00000000 00000000 00000000 
0000f800: 00000000 00000000 00000000 00000000 
0000f810: 00000000 00000000 00000000 00000000 
0000f820: 00000000 00000000 00000000 00000000 
0000f830: 00000000 00000000 00000000 00000000 
0000f840: 00000000 00000000 00000000 00000000 
0000f850: 00000000 00000000 00000000 00000000 
0000f860: 00000000 00000000 00000000 00000000 
0000f870: 00000000 00000000 00000000 00000000 
0000f880: 00000000 00000000 00000000 00000000 
0000f890: 00000000 00000000 00000000 00000000 
0000f8a0: 00000000 00000000 00000000 00000000 
0000f8b0: 00000000 00000000 00000000 00000000 
0000f8c0: 00000000 00000000 00000000 00000000 
0000f8d0: 00000000 00000000 00000000 00000000 
0000f8e0: 00000000 00000000 00000000 00000000 
0000f8f0: 00000000 00000000 00000000 00000000 
0000f900: 00000000 00000000 00000000 00000000 
0000f910: 00000000 00000000 00000000 00000000 
0000f920: 00000000 00000000 00000000 00000000 
0000f930: 00000000 00000000 00000000 00000000 
0000f940: 00000000 00000000 00000000 00000000 
0000f950: 00000000 00000000 00000000 00000000 
0000f960: 00000000 00000000 00000000 00000000 
0000f970: 00000000 00000000 00000000 00000000 
0000f980: 00000000 00000000 00000000 00000000 
0000f990: 00000000 00000000 00000000 00000000 
0000f9a0: 00000000 00000000 00000000 00000000 
0000f9b0: 00000000 00000000 00000000 00000000 
0000f9c0: 00000000 00000000 00000000 00000000 
0000f9d0: 00000000 00000000 00000000 00000000 
0000f9e0: 00000000 00000000 00000000 00000000 
0000f9f0: 00000000 00000000 00000000 00000000 
0000fa00: 00000000 00000000 00000000 00000000 
0000fa10: 00000000 00000000 00000000 00000000 
0000fa20: 00000000 00000000 00000000 00000000 
0000fa30: 00000000 00000000 00000000 00000000 
0000fa40: 00000000 00000000 00000000 00000000 
0000fa50: 00000000 00000000 00000000 00000000 
0000fa60: 00000000 00000000 00000000 00000000 
0000fa70: 00000000 00000000 00000000 00000000 
0000fa80: 00000000 00000000 00000000 00000000 
0000fa90: 00000000 00000000 00000000 00000000 
0000faa0: 00000000 00000000 00000000 00000000 
0000fab0: 00000000 00000000 00000000 00000000 
0000fac0: 00000000 00000000 00000000 00000000 
0000fad0: 00000000 00000000 00000000 00000000 
0000fae0: 00000000 00000000 00000000 00000000 
0000faf0: 00000000 00000000 00000000 00000000 
0000fb00: 00000000 00000000 00000000 00000000 
0000fb10: 00000000 00000000 00000000 00000000 
0000fb20: 00000000 00000000 00000000 00000000 
0000fb30: 00000000 00000000 00000000 00000000 
0000fb40: 00000000 00000000 00000000 00000000 
0000fb50: 00000000 00000000 00000000 00000000 
0000fb60: 00000000 00000000 00000000 00000000 
0000fb70: 00000000 00000000 00000000 00000000 
0000fb80: 00000000 00000000 00000000 00000000 
0000fb90: 00000000 00000000 00000000 00000000 
0000fba0: 00000000 00000000 00000000 00000000 
0000fbb0: 00000000 00000000 00000000 00000000 
0000fbc0: 00000000 00000000 00000000 00000000 
0000fbd0: 00000000 00000000 00000000 00000000 
0000fbe0: 00000000 00000000 00000000 00000000 
0000fbf0: 00000000 00000000 00000000 00000000 
0000fc00: 00000000 00000000 00000000 00000000 
0000fc10: 00000000 00000000 00000000 00000000 
0000fc20: 00000000 00000000 00000000 00000000 
0000fc30: 00000000 00000000 00000000 00000000 
0000fc40: 00000000 00000000 00000000 00000000 
0000fc50: 00000000 00000000 00000000 00000000 
0000fc60: 00000000 00000000 00000000 00000000 
0000fc70: 00000000 00000000 00000000 00000000 
0000fc80: 00000000 00000000 00000000 00000000 
0000fc90: 00000000 00000000 00000000 00000000 
0000fca0: 00000000 00000000 00000000 00000000 
0000fcb0: 00000000 00000000 00000000 00000000 
0000fcc0: 00000000 00000000 00000000 00000000 
0000fcd0: 00000000 00000000 00000000 00000000 
0000fce0: 00000000 00000000 00000000 00000000 
0000fcf0: 00000000 00000000 00000000 00000000 
0000fd00: 00000000 00000000 00000000 00000000 
0000fd10: 00000000 00000000 00000000 00000000 
0000fd20: 00000000 00000000 00000000 00000000 
0000fd30: 00000000 00000000 00000000 00000000 
0000fd40: 00000000 00000000 00000000 00000000 
0000fd50: 00000000 00000000 00000000 00000000 
0000fd60: 00000000 00000000 00000000 00000000 
0000fd70: 00000000 00000000 00000000 00000000 
0000fd80: 00000000 00000000 00000000 00000000 
0000fd90: 00000000 00000000 00000000 00000000 
0000fda0: 00000000 00000000 00000000 00000000 
0000fdb0: 00000000 00000000 00000000 00000000 
0000fdc0: 00000000 00000000 00000000 00000000 
0000fdd0: 00000000 00000000 00000000 00000000 
0000fde0: 00000000 00000000 00000000 00000000 
0000fdf0: 00000000 00000000 00000000 00000000 
0000fe00: 00000000 00000000 00000000 00000000 
0000fe10: 00000000 00000000 00000000 00000000 
0000fe20: 00000000 00000000 00000000 00000000 
0000fe30: 00000000 00000000 00000000 00000000 
0000fe40: 00000000 00000000 00000000 00000000 
0000fe50: 00000000 00000000 00000000 00000000 
0000fe60: 00000000 00000000 00000000 00000000 
0000fe70: 00000000 00000000 00000000 00000000 
0000fe80: 00000000 00000000 00000000 00000000 
0000fe90: 00000000 00000000 00000000 00000000 
0000fea0: 00000000 00000000 00000000 00000000 
0000feb0: 00000000 00000000 00000000 00000000 
0000fec0: 00000000 00000000 00000000 00000000 
0000fed0: 00000000 00000000 00000000 00000000 
0000fee0: 00000000 00000000 00000000 00000000 
0000fef0: 00000000 00000000 00000000 00000000 
0000ff00: 00000000 00000000 00000000 00000000 
0000ff10: 00000000 00000000 00000000 00000000 
0000ff20: 00000000 00000000 00000000 00000000 
0000ff30: 00000000 00000000 00000000 00000000 
0000ff40: 00000000 00000000 00000000 00000000 
0000ff50: 00000000 00000000 00000000 00000000 
0000ff60: 00000000 00000000 00000000 00000000 
0000ff70: 00000000 00000000 00000000 00000000 
0000ff80: 00000000 00000000 00000000 00000000 
0000ff90: 00000000 00000000 00000000 00000000 
0000ffa0: 00000000 00000000 00000000 00000000 
0000ffb0: 00000000 00000000 00000000 00000000 
0000ffc0: 00000000 00000000 00000000 00000000 
0000ffd0: 00000000 00000000 00000000 00000000 
0000ffe0: 00000000 00000000 00000000 00000000 
0000fff0: 00000000 00000000 00000000 00000000 
