# BODUMP reason=sigusr1 handle=0 gpu_va=0x10000000000 cpu=0x1025a8000 size=0x10000 read=0x10000
00000000: 40030000 00000000 00000000 00000000 
00000010: 00000000 00000000 00000000 00000000 
00000020: 00000000 00000000 00000000 00000000 
00000030: 00000000 00000000 00000000 00000000 
00000040: 06000600 06000600 06000600 06000600 
00000050: 06000600 06000600 06000600 06000600 
00000060: 06000600 06000600 06000600 06000600 
00000070: 06000600 06000600 06000600 06000600 
00000080: 06000600 06000600 06000600 06000600 
00000090: 06000600 06000600 06000600 06000600 
000000a0: 06000600 06000600 06000600 06000600 
000000b0: 06000600 06000600 06000600 06000600 
000000c0: 06000600 06000600 06000600 06000600 
000000d0: 06000600 06000600 06000600 06000600 
000000e0: 06000600 06000600 06000600 06000600 
000000f0: 06000600 06000600 06000600 06000600 
00000100: 0f0054a0 00000000 00000600 06000600 
00000110: 0f005490 00000000 00000600 06000600 
00000120: 0f005480 00000000 00000600 06000600 
00000130: 0f005470 00000000 00000600 06000600 
00000140: 0f005460 00000000 00000600 06000600 
00000150: 0f005450 00000000 00000600 06000600 
00000160: 0f005440 00000000 00000600 06000600 
00000170: 0f005430 00000000 00000600 06000600 
00000180: 0f005420 00000000 00000600 06000600 
00000190: 0f005410 00000000 00000600 06000600 
000001a0: f703aa00 8f025401 06000600 06000600 
000001b0: f703aa00 8f025401 06000600 06000600 
000001c0: 06000600 06000600 06000600 06000600 
000001d0: 06000600 06000600 06000600 06000600 
000001e0: 06000600 06000600 06000600 06000600 
000001f0: 06000600 06000600 06000600 06000600 
00000200: 0f0054a0 00000000 00000600 06000600 
00000210: 0f005490 00000000 00000600 06000600 
00000220: 0f005480 00000000 00000600 06000600 
00000230: 0f005470 00000000 00000600 06000600 
00000240: 0f005460 00000000 00000600 06000600 
00000250: 0f005450 00000000 00000600 06000600 
00000260: 0f005440 00000000 00000600 06000600 
00000270: 0f005430 00000000 00000600 06000600 
00000280: 0f005420 00000000 00000600 06000600 
00000290: 0f005410 00000000 00000600 06000600 
000002a0: f703aa00 8f025401 06000600 06000600 
000002b0: f703aa00 8f025401 06000600 06000600 
000002c0: 06000600 06000600 06000600 06000600 
000002d0: 06000600 06000600 06000600 06000600 
000002e0: 06000600 06000600 06000600 06000600 
000002f0: 06000600 06000600 06000600 06000600 
00000300: 06000600 06000600 06000600 06000600 
00000310: 06000600 06000600 06000600 06000600 
00000320: 06000600 06000600 06000600 06000600 
00000330: 06000600 06000600 06000600 06000600 
00000340: 40010000 00000000 00000000 00000000 
00000350: 00000000 00000000 00000000 00000000 
00000360: 00000000 00000000 00000000 00000000 
00000370: 00000000 00000000 00000000 00000000 
00000380: 0e000000 06000600 06000600 06000600 
00000390: 06000600 06000600 06000600 06000600 
000003a0: 06000600 06000600 06000600 06000600 
000003b0: 06000600 06000600 06000600 06000600 
000003c0: 2f0d5400 03000402 1000af00 54040300 
000003d0: 02482001 2f055400 03020002 10002f05 
000003e0: 54080304 00021000 2f055402 03060002 
000003f0: 10000901 2f850001 00002f05 54060308 
00000400: 00021000 49092f85 00020000 97045400 
00000410: 020020d0 45c21903 2f850003 00002907 
00000420: 3f050004 00009704 54010204 10d045c2 
00000430: 87025400 06008702 540c0800 e7065400 
00000440: 0000014e 00000000 0702540c 02000e00 
00000450: 00000000 00000000 00000000 00000000 
00000460: 00000000 00000000 00000000 00000000 
00000470: 00000000 00000000 00000000 00000000 
00000480: 80000000 00000000 00000000 00000000 
00000490: 00000000 00000000 00000000 00000000 
000004a0: 00000000 00000000 00000000 00000000 
000004b0: 00000000 00000000 00000000 00000000 
000004c0: 05050000 0c000000 1f010100 05050000 
000004d0: 0c000000 1f010100 05050000 0c000000 
000004e0: 1f010100 00000000 00000000 00000000 
000004f0: 00000000 00000000 00000000 00000000 
00000500: 80040000 00000000 00000000 00000000 
00000510: 00000000 00000000 00000000 00000000 
00000520: 00000000 00000000 00000000 00000000 
00000530: 00000000 00000000 00000000 00000000 
00000540: 0e000000 06000600 06000600 06000600 
00000550: 06000600 06000600 06000600 06000600 
00000560: 06000600 06000600 06000600 06000600 
00000570: 06000600 06000600 06000600 06000600 
00000580: 43000600 04000000 00010485 10060a00 
00000590: 2b800600 07220200 0f055401 0f0154d8 
000005a0: 01000000 00006702 54010000 0000040d 
000005b0: 02400000 04821006 0a002d80 26800fc2 
000005c0: 22810a00 22000c20 33000000 0f055401 
000005d0: 0f0154bc 00000000 00006702 54060000 
000005e0: 0000240d 00c00800 538637ff 10020080 
000005f0: 0000820a 2d82a2ff 15022080 538637ff 
00000600: 18020000 00005a86 25022203 05022080 
00000610: 7a0a2d82 a2ff1502 20809f01 540a0320 
00000620: 2e001505 5a862502 22030d02 2080530a 
00000630: 2a869f01 540b031e 2e001505 a700540e 
00000640: 03142000 c0100100 530a2f86 1c000000 
00000650: 0000a700 540d0316 2000c010 01006310 
00000660: 3a06330e 3f061800 00000000 3a0c3c0e 
00000670: 04003206 3c0c1400 32063c06 0c00e702 
00000680: 540a0000 00002403 00300200 0f060401 
00000690: 0000bf03 5406030c 10039f01 540a0202 
000006a0: 18001504 57035401 14340f15 54017300 
000006b0: 01086b00 0000d706 54860600 0f060401 
000006c0: 00000a0a 3a000400 0f255401 0f0154a2 
000006d0: 00000000 00009f01 54280240 00001500 
000006e0: 3b004000 9f015424 02600000 15001c81 
000006f0: 42000000 00009f01 54200280 00001500 
00000700: fc029f01 541c02a0 00001500 dc039f01 
00000710: 541802c0 00001500 bc049f01 541402e0 
00000720: 00001500 9c059f01 54100200 01001500 
00000730: 7c069f01 540c0220 01001500 5c07d706 
00000740: 54931600 d7065491 1600d706 548f1600 
00000750: d706548d 1600d706 548b1600 d7065489 
00000760: 1600d706 54871600 d7065485 16000f06 
00000770: 04010000 0f060401 00004300 00018f02 
00000780: 54000600 06000600 06000600 06000600 
00000790: 06000600 06000600 06000600 06000600 
000007a0: 06000600 06000600 06000600 06000600 
000007b0: 06000600 06000600 06000600 06000600 
000007c0: 04a71006 0a802380 06000722 02004300 
000007d0: 00010f05 54010481 06000000 0000e702 
000007e0: 54010000 00000483 00100000 0f060401 
000007f0: 00002a80 22821502 0f055405 0f0154f4 
00000800: 00000000 00003c9c 1006a710 5402030c 
00000810: 0e00f010 31003b07 2f871002 00000000 
00000820: 03002001 a707540a 030cac20 82802380 
00000830: 26061702 2280a707 54020304 ac207280 
00000840: 27802604 17022206 62012780 22041702 
00000850: 80103201 27802204 1702800e 590b2e09 
00000860: 210a0202 19032e09 210a0202 890b180d 
00000870: 79031807 5b000000 1c80023e 0000000c 
00000880: e7025410 00000000 44030130 0200e702 
00000890: 540e0000 00004483 01300200 e702540a 
000008a0: 00000000 44020230 0200e702 54020000 
000008b0: 00004482 02300200 e702540a 00000000 
000008c0: 44020330 0200e702 54020000 00004482 
000008d0: 03300200 e702540a 00000000 44030430 
000008e0: 0200e702 54020000 80004483 04300200 
000008f0: 0f060401 00000f05 54010482 06000000 
00000900: 00000480 02000400 0000e702 54000000 
00000910: 0000b403 00100000 0f060401 00000704 
00000920: 54610900 6f035400 00100700 54008100 
00000930: 00000f05 541a8f10 544afcff ffffff00 
00000940: 0f060402 00000700 540081ff 1f000e00 
00000950: 00000000 00000000 00000000 00000000 
00000960: 00000000 00000000 00000000 00000000 
00000970: 00000000 00000000 00000000 00000000 
00000980: 80020000 00000000 00000000 00000000 
00000990: 00000000 00000000 00000000 00000000 
000009a0: 00000000 00000000 00000000 00000000 
000009b0: 00000000 00000000 00000000 00000000 
000009c0: 0e000000 06000600 06000600 06000600 
000009d0: 06000600 06000600 06000600 06000600 
000009e0: 06000600 06000600 06000600 06000600 
000009f0: 06000600 06000600 06000600 06000600 
00000a00: 43000600 04000000 000104a7 10060a00 
00000a10: 22821522 07045444 0a000f05 54016702 
00000a20: 54000000 8000440d 00c00800 0b0029c4 
00000a30: 57165400 00004800 0f060401 00004300 
00000a40: 00018f12 54000600 06000600 06000600 
00000a50: 06000600 06000600 06000600 06000600 
00000a60: 06000600 06000600 06000600 06000600 
00000a70: 06000600 06000600 06000600 06000600 
00000a80: 0ce01006 14e11006 13000001 ac814200 
00000a90: 00001000 7c834200 00002000 4c854200 
00000aa0: 00003000 1c874200 00004000 ec890200 
00000ab0: 00005000 bc8b0200 00006000 8c8d0200 
00000ac0: 00007000 d48f4200 00000000 5cff0200 
00000ad0: 1e0c0700 6c017c01 e7105403 00000000 
00000ae0: 21000090 0800e700 54340000 00006108 
00000af0: 00900800 e7005435 00000000 61100090 
00000b00: 0800e700 542e0000 00006118 00900800 
00000b10: e700542f 00000000 61200090 0800e700 
00000b20: 54280000 00006128 00900800 e7005429 
00000b30: 00000000 61300090 0800e700 54220000 
00000b40: 00006138 00900800 e7005423 00000000 
00000b50: 61400090 0800e700 541c0000 00006148 
00000b60: 00900800 e700541d 00000000 61500090 
00000b70: 0800e700 54160000 00006158 00900800 
00000b80: e7005417 00000000 61600090 0800e700 
00000b90: 54100000 00002168 00900800 e7005411 
00000ba0: 00000000 61700090 0800e700 543a0000 
00000bb0: 00002179 00900800 e702540a 00000000 
00000bc0: 5c000010 00000704 54610900 6f035400 
00000bd0: 00104300 00010700 54008100 00000f05 
00000be0: 541a8f10 541efeff ffffff00 0f060402 
00000bf0: 00000700 540081ff 1f000e00 00000000 
00000c00: 40010000 00000000 00000000 00000000 
00000c10: 00000000 00000000 00000000 00000000 
00000c20: 00000000 00000000 00000000 00000000 
00000c30: 00000000 00000000 00000000 00000000 
00000c40: 03000700 02000000 60000e00 00000600 
00000c50: 06000600 06000600 06000600 06000600 
00000c60: 06000600 06000600 06000600 06000600 
00000c70: 06000600 06000600 06000600 06000600 
00000c80: 0cdd1006 9f115404 030000e8 16059f01 
00000c90: 54020202 108c1104 9f015400 02041088 
00000ca0: 11046700 54040082 20005109 00404600 
00000cb0: 67005402 00812000 11080040 46006700 
00000cc0: 44000080 20005108 00404600 0b052f00 
00000cd0: 42000088 00001b02 29242b01 2f004240 
00000ce0: 00040000 3c80233e 0000000c 40605746 
00000cf0: 54000040 4a005716 54022040 48005726 
00000d00: 54044040 49005786 54066040 4b000e00 
00000d10: 00000000 00000000 00000000 00000000 
00000d20: 00000000 00000000 00000000 00000000 
00000d30: 00000000 00000000 00000000 00000000 
00000d40: c0000000 00000000 00000000 00000000 
00000d50: 00000000 00000000 00000000 00000000 
00000d60: 00000000 00000000 00000000 00000000 
00000d70: 00000000 00000000 00000000 00000000 
00000d80: 0e000000 06000600 06000600 06000600 
00000d90: 06000600 06000600 06000600 06000600 
00000da0: 06000600 06000600 06000600 06000600 
00000db0: 06000600 06000600 06000600 06000600 
00000dc0: 04841106 01000000 9f115400 031e0000 
00000dd0: 14040b00 29048702 54010300 57145400 
00000de0: 00010702 54010300 0e000000 00000000 
00000df0: 00000000 00000000 00000000 00000000 
00000e00: c0000000 00000000 00000000 00000000 
00000e10: 00000000 00000000 00000000 00000000 
00000e20: 00000000 00000000 00000000 00000000 
00000e30: 00000000 00000000 00000000 00000000 
00000e40: 0e000000 06000600 06000600 06000600 
00000e50: 06000600 06000600 06000600 06000600 
00000e60: 06000600 06000600 06000600 06000600 
00000e70: 06000600 06000600 06000600 06000600 
00000e80: 2cdd1006 1b000000 9f115400 02021088 
00000e90: 1104e700 54020002 21001102 00901100 
00000ea0: e7005402 00002100 11020090 11000e00 
00000eb0: 00000000 00000000 00000000 00000000 
00000ec0: 40080000 00000000 00000000 00000000 
00000ed0: 00000000 00000000 00000000 00000000 
00000ee0: 00000000 00000000 00000000 00000000 
00000ef0: 00000000 00000000 00000000 00000000 
00000f00: 03000700 02000000 60000e00 00000600 
00000f10: 06000600 06000600 06000600 06000600 
00000f20: 06000600 06000600 06000600 06000600 
00000f30: 06000600 06000600 06000600 06000600 
00000f40: 0ca01006 0a0c3200 84200f05 54010f01 
00000f50: 54740700 00000000 5ca01006 53002021 
00000f60: 9f00540c 0214c000 60200200 67005408 
00000f70: 01062000 61810540 42006700 54000106 
00000f80: 20001700 00404200 67005414 01862000 
00000f90: 4d400440 42000a08 2b800600 07c20200 
00000fa0: 0f055401 0f01546e 00000000 00006ca0 
00000fb0: 10466300 20619f01 540a0318 30e81605 
00000fc0: 9f01540a 02002888 14046700 54100185 
00000fd0: 20004d81 03404200 67105418 00000000 
00000fe0: 5d050040 22009f00 560a0230 40005022 
00000ff0: 0a009f00 540c0234 44045022 0a009f00 
00001000: 540e0238 48045022 0a000311 09001312 
00001010: 09000f04 24196710 540a0000 00005701 
00001020: 00402200 67005400 00000000 59050240 
00001030: 22000f06 24010000 9f005601 03004000 
00001040: 00200a00 b3000001 9f005412 02020800 
00001050: 00220a00 93000001 67205418 000b2000 
00001060: 5909ff5f 48006700 44220009 20001908 
00001070: ff5f4800 1f01541c 032c0408 11019f01 
00001080: 541c0238 54281305 9f00561c 033070e0 
00001090: e02f2a00 9f105420 024454ac 68222a00 
000010a0: 0a822580 22800500 20829a8f 258d2280 
000010b0: 05002082 1a822590 22800500 8001a700 
000010c0: 54180344 9000f013 05000a80 25820283 
000010d0: 05002081 428f258b 22800500 80138a80 
000010e0: 25908203 05008001 1a8d258f 02880500 
000010f0: 2081e219 2e170500 0a8d258b 82080500 
00001100: 80039f00 541c0338 48045022 0a001a8b 
00001110: 250f0281 05002080 a7075418 032a8420 
00001120: 0a0b250d 80030500 1a902582 02910500 
00001130: 2080a707 541c0338 ac208a90 25808003 
00001140: 0500af00 54180330 10482000 1a902582 
00001150: 06010708 02911a90 05808603 07088211 
00001160: e91d0919 0f05541a a7000420 033c6800 
00001170: f0100501 02216d92 22800400 20811a92 
00001180: 039e2680 16028020 8f045422 0f015408 
00001190: 05000000 00000b92 679f1002 00000000 
000011a0: 0a212b80 06000702 00000f05 64010f01 
000011b0: 548c0100 00000000 9f00543a 02000a04 
000011c0: 10200a00 9f005438 02200a00 10200a00 
000011d0: 9f005436 02200000 10200a00 6700542c 
000011e0: 001d2000 5909ff5f 48006700 5426001c 
000011f0: 20001908 ff5f4800 67004420 001b2000 
00001200: 5908ff5f 48009f01 54340240 48081104 
00001210: 9f005630 0358d0a4 e9232a00 9f10542a 
00001220: 024cd0a4 e9232a00 9f205424 0340d0a4 
00001230: e9232a00 a7005430 0364ba04 f0100500 
00001240: a7005424 0364b800 f0130501 a700542e 
00001250: 0358a204 f0100500 a7005428 0258a000 
00001260: f0130501 a700542c 034c8a04 f0100500 
00001270: a7005422 024c8800 f0130501 9f00542a 
00001280: 03000a04 00200a00 9f005426 03200a04 
00001290: 00200a00 9f005427 03200204 00200a00 
000012a0: 9f005420 0360e800 d0240a00 9f005432 
000012b0: 0354c004 00220a00 9f00542a 035ce000 
000012c0: d0240a00 9ab525a1 8d300700 9f005426 
000012d0: 034cb804 00220a00 220b7525 220f0500 
000012e0: 80329f00 5430034e b0040022 0a0002b5 
000012f0: 75218624 0700200e 9f005424 0358d800 
00001300: d0240a00 0a8d7529 220f0500 802642b5 
00001310: 25ab852e 07000ab5 752b240e 0700328f 
00001320: 7523220f 05008030 8ab525a5 8d2c0700 
00001330: 12357d25 86260700 200e0f04 04190f01 
00001340: 541e0100 00000000 1f015408 03200600 
00001350: 11014308 2e900200 00000000 27055411 
00001360: 03105004 1f015408 03000600 11014308 
00001370: 2e800200 00000000 27055408 03105004 
00001380: 8a902580 26900702 82112700 54200302 
00001390: 44009012 04001f01 54110304 06001101 
000013a0: 9f005425 03000a04 00200a00 83102e82 
000013b0: 0e000000 00004280 25802690 07028208 
000013c0: 27055413 03225004 27005426 03022000 
000013d0: 90120400 9f005411 03200a04 00200a00 
000013e0: 42822580 26900702 82132700 54220302 
000013f0: 20009012 04009f01 54080300 9a001505 
00001400: 9f005424 03200204 00200a00 9f015413 
00001410: 03208200 15059f00 54210322 20040022 
00001420: 0a009f01 54110304 8a001505 9f005420 
00001430: 034a4c04 00220a00 9f005422 03484404 
00001440: 00220a00 020b6592 210e1500 0a0d6588 
00001450: 290e0500 120f6590 210e1500 0f060401 
00001460: 00002aa0 64a00d00 1aa065a0 22810d00 
00001470: 20801aa2 65a42982 150022a2 658006a1 
00001480: 1f0202a0 42a27524 02a21500 80240aa8 
00001490: 22140400 23006000 0f055421 0f0154da 
000014a0: 01000000 00002380 77ff1c02 00000000 
000014b0: 238277ff 18020000 000032a4 658006a1 
000014c0: 1f0202a0 0aa46580 86211702 82200224 
000014d0: 6d8206a2 0f028226 22246d82 86220702 
000014e0: 822102a8 75200601 07088223 52287d24 
000014f0: 06030708 8220332a 77ff1402 00000000 
00001500: 9f015422 03049c04 11049f00 54200344 
00001510: 42001024 0200a700 54240342 0400c011 
00001520: 01009f01 54230308 9c041104 9f005420 
00001530: 03464200 10240200 9f015420 03489040 
00001540: 16051f01 54250344 80001705 a7005420 
00001550: 03420400 c0110100 0aa46580 06801f02 
00001560: 02901224 6d820682 0f028221 22a66580 
00001570: 06081f02 02139f01 54200340 80401605 
00001580: 32266582 06110f02 82241f01 54210346 
00001590: 80001705 9f006420 03449800 00220a00 
000015a0: 12a06580 06001f02 02100a20 6d820602 
000015b0: 0f028222 9f005428 02408400 00260a00 
000015c0: 43004001 67004422 00142000 5909ff5f 
000015d0: 48009f00 56200344 54a86022 2a00a700 
000015e0: 54200344 9000f013 05000221 6e170500 
000015f0: 9f005420 0340a000 50260a00 222a7dfe 
00001600: 06901602 00a6a707 54200340 ac205aa6 
00001610: 65808626 1f020280 9f005422 03569204 
00001620: 00200a00 2a266d82 06110f02 02823921 
00001630: 691912a7 059d00a5 03009f00 54250344 
00001640: 94000026 0a0002a7 059d802b 030082a7 
00001650: 059d8024 030002a7 679d029c 030000a6 
00001660: 22a7659d 22800300 20819227 1d1d8025 
00001670: 0300eb20 09000f06 04010000 1a242b80 
00001680: 06000702 02008f04 54020f00 54defaff 
00001690: ffffff00 0f060402 00008300 00010300 
000016a0: 00011300 0001e700 540a0200 00005700 
000016b0: 00900800 e7005400 02000000 59810090 
000016c0: 08000f06 04010000 0e000000 00000000 
000016d0: 00000000 00000000 00000000 00000000 
000016e0: 00000000 00000000 00000000 00000000 
000016f0: 00000000 00000000 00000000 00000000 
00001700: 00140000 00000000 00000000 00000000 
00001710: 00000000 00000000 00000000 00000000 
00001720: 00000000 00000000 00000000 00000000 
00001730: 00000000 00000000 00000000 00000000 
00001740: 03000700 02000000 60000e00 00000600 
00001750: 06000600 06000600 06000600 06000600 
00001760: 06000600 06000600 06000600 06000600 
00001770: 06000600 06000600 06000600 06000600 
00001780: 0cdd1006 9f105412 0200e000 702a0200 
00001790: 67005400 09000000 57010040 22006700 
000017a0: 540a0900 00001700 02402200 6700441c 
000017b0: 09000000 11000440 22000a81 228017c2 
000017c0: 0f055401 0f015402 05000000 00000a01 
000017d0: 2b800600 07020000 0f155401 0f0154e4 
000017e0: 04000000 0000a707 54220338 8e202707 
000017f0: 54000344 96080200 a7075418 03048e20 
00001800: 1f015400 033802a8 1505af00 54120330 
00001810: 02482000 1f015414 03000628 110102a3 
00001820: 27118514 0002a707 54160300 ac60a993 
00001830: 21a32707 54000328 96080200 d9953619 
00001840: 81220208 19937117 a7075416 03008e20 
00001850: 99133e1b 80229913 2c0e1002 a9153c17 
00001860: 00089913 38152707 54140324 b4480300 
00001870: 9f015416 030050b0 160d9f00 5420032c 
00001880: 0a04e020 0a009f00 54000330 0814d12b 
00001890: 2a00aa9d 35212281 05002080 42802581 
000018a0: 22818500 20800280 35018615 87008008 
000018b0: 02002d80 26800702 22811f01 5400032c 
000018c0: 00281705 9f005400 03000804 d0220a00 
000018d0: a707542c 0314ac20 1f015400 033802a8 
000018e0: 1505021d 3f03811c 05001983 252d8000 
000018f0: 9f005400 03003000 50260200 2707542e 
00001900: 0304b408 0200a707 542a0318 ac209f01 
00001910: 54000300 30681601 9f01540a 0300baac 
00001920: 1105a707 5426031c ac201983 252b8000 
00001930: 27076432 0304b408 02009f01 54020202 
00001940: 28881104 69832527 80002707 54340318 
00001950: b4080200 9f01540c 02643a28 15016700 
00001960: 541e0185 20005909 00404800 9f015400 
00001970: 0300d0a8 1305a707 54280320 ac206700 
00001980: 54220181 20009908 00404800 9f01540a 
00001990: 02643668 14011983 25298000 67005416 
000019a0: 01862000 99080040 48002707 54300304 
000019b0: b4080200 9f015402 02020088 11046700 
000019c0: 540e0180 20001909 00404800 9f015400 
000019d0: 02603a28 15016700 541a0185 20001909 
000019e0: 00404800 67005412 01812000 d9080040 
000019f0: 48009f01 540a0260 34681401 67005400 
00001a00: 01802000 d9080040 48006700 440a0185 
00001a10: 20005908 00404800 a7075436 0264ac20 
00001a20: a707542e 025cac20 9ba167bf 10020080 
00001a30: 0000a707 54320364 ac20792f 6d081002 
00001a40: c9376d08 100279ad 742f0008 f9a17533 
00001a50: 80009b99 67bf1082 00000000 f2af07bf 
00001a60: 85220200 a7075432 0364ac20 722f7f3f 
00001a70: 86240200 802029ab 74390008 a7075422 
00001a80: 0368ac20 0b9167bf 10020040 000099a1 
00001a90: 75338000 a7075420 0340ac20 d2a507b3 
00001aa0: 84160200 b9232d08 1002c225 3f33851c 
00001ab0: 020019a7 74170008 29a17521 8000a707 
00001ac0: 54200360 ac20b2a3 07a58612 0280800e 
00001ad0: a701541c 035c2078 62007b83 27bf1002 
00001ae0: 00000000 92233f25 86140200 8010a707 
00001af0: 540e031c ac20a921 2d081002 a7075410 
00001b00: 0338ac60 e9a93415 0008a701 54120324 
00001b10: 20786200 09a1750f 8000a701 540e0330 
00001b20: 20786200 629d2721 84020240 19112d08 
00001b30: 0002a701 54100318 20786200 691f392d 
00001b40: a707540e 031cac60 190d3803 a707540c 
00001b50: 0324ac60 92832181 26a00202 a0a0a707 
00001b60: 54100320 ac609283 21a12380 03028012 
00001b70: 00000100 a90f2d08 0002690d 2d080002 
00001b80: 79122883 89110d08 00022707 540e031c 
00001b90: b4480300 921d3f21 860a0200 8000091b 
00001ba0: 392b9913 19290901 3815a707 540a031c 
00001bb0: ac604281 218126a0 0202a0a0 79173927 
00001bc0: 428121a1 23800302 80080000 0100790f 
00001bd0: 380d1203 2f0b830a 03028002 00000100 
00001be0: 528f2181 26a00202 a0a02707 54020204 
00001bf0: b4080200 b28f21a1 23800302 800a0000 
00001c00: 01006908 28815913 38118916 288f1a8b 
00001c10: 218126a0 0202a0a0 27075410 0320b448 
00001c20: 03001a8b 21a12380 03028003 00000100 
00001c30: 27075412 0318b448 03006902 2c8b0800 
00001c40: 2707540c 0318b448 0300a707 54140324 
00001c50: ac60a707 54100320 ac60a707 540c0318 
00001c60: ac600201 2f0b8314 03028000 00000100 
00001c70: 27075400 0300b408 0200720f 2f0b8310 
00001c80: 0302800e 00000100 2707540e 021cb408 
00001c90: 0200520b 2f0b830c 0302800a 00000100 
00001ca0: 27075410 0214b408 02007302 09018300 
00001cb0: 0901e700 540e0200 00005901 00a00800 
00001cc0: 0f060401 00000f04 04190f01 54140e00 
00001cd0: 00000000 0a012282 07020f05 54010f01 
00001ce0: 54820500 00000000 a7175422 03388e20 
00001cf0: 27075400 03449608 0200a707 54180304 
00001d00: 8e201f01 54000338 02a81505 af005412 
00001d10: 03300248 20001f01 54140300 06281101 
00001d20: 02a32711 85140002 a7075416 0300ac60 
00001d30: a99321a3 27075400 03289608 0200d995 
00001d40: 36198122 02081993 7117a707 54160300 
00001d50: 8e209913 3e1b8022 99132c0e 1002a915 
00001d60: 3c170008 99133815 27075414 0324b448 
00001d70: 03009f01 54160300 50b0160d 9f005420 
00001d80: 032c0a04 e0200a00 9f005400 03300814 
00001d90: d12b2a00 aa9d3521 22810500 20804280 
00001da0: 25812281 85002080 02803501 86158700 
00001db0: 80080200 2d802680 07022281 1f015400 
00001dc0: 032c0028 17059f00 54000300 0804d022 
00001dd0: 0a00a707 54300314 ac201f01 54000338 
00001de0: 02a81505 021d3f03 811c0500 19832531 
00001df0: 80009f00 54000300 30005026 02002707 
00001e00: 54360304 b4080200 9f01540a 03003068 
00001e10: 16019f01 54000314 daac1105 a707542e 
00001e20: 0318ac20 a707542c 031cac20 1983252f 
00001e30: 82000000 60000000 27075434 0304b408 
00001e40: 02006983 252d8000 9f015402 02020088 
00001e50: 11042707 54380318 b4080200 67005422 
00001e60: 01802000 59090040 48009f01 54000268 
00001e70: 3a281501 9f01540c 0314e0a8 1305a707 
00001e80: 542a0320 ac206700 54260181 20001908 
00001e90: 00404800 9f01540a 02683468 14016700 
00001ea0: 541a0180 20001908 00404800 9f015400 
00001eb0: 02023088 11041983 252b8000 67005412 
00001ec0: 01862000 99080040 48002707 54320304 
00001ed0: b4080200 9f015402 02643a28 15016700 
00001ee0: 541e0185 2000d908 00404800 67005416 
00001ef0: 01802000 d9080040 48009f01 54000264 
00001f00: 34681401 6700540a 01812000 d9080040 
00001f10: 48006700 540e0180 20005908 00404800 
00001f20: 67004400 02000000 19010040 2200a707 
00001f30: 5436026c ac20dba5 67bf1002 00800000 
00001f40: a707543a 0374ac20 f9376d08 1002b9b1 
00001f50: 743f0008 f9a1753b 8000a707 54340368 
00001f60: ac2012b7 67bf8526 0220a707 54380370 
00001f70: ac203b9d 67bf1002 00000000 22377f3f 
00001f80: 85280200 a7075426 034cac20 b9356d08 
00001f90: 10024b95 67bf1082 00000000 a9af7437 
00001fa0: 0008a707 54280350 ac20b9a1 75278000 
00001fb0: a7015426 03482078 6200d939 6d081002 
00001fc0: 22b547b7 861e0280 801ad9ad 343b0008 
00001fd0: 49a17529 8000a707 5426034c ac60f235 
00001fe0: 3f378620 0200801c e29b07a9 86160200 
00001ff0: 8012b21b 3f298618 02008014 a707541a 
00002000: 0364ac20 99272d08 0002a701 5414033c 
00002010: 20786200 cb8d27bf 10020000 00000923 
00002020: 7931a707 54180330 ac20d91b 2d081002 
00002030: 99213813 d9ab341b 0008a701 5416032c 
00002040: 20786200 f9a13519 8000a707 54140328 
00002050: ac60629b 271f8510 02404293 218126a0 
00002060: 0202a0a0 a701540c 03182078 62004293 
00002070: 21a12380 03028008 00000100 a9152d08 
00002080: 0002a707 5410032c ac60b908 2813c925 
00002090: 392f2707 5416032c b4480300 a9193815 
000020a0: 89112d08 0002a707 540c0318 ac60c91d 
000020b0: 392da707 5416032c ac60721b 3f1f840a 
000020c0: 02005919 3811890d 2d080002 428b2181 
000020d0: 26a00202 a0a06213 2f0b8316 03028012 
000020e0: 00000100 428b21a1 23800302 80080000 
000020f0: 01002707 540c0218 b4080200 990f392b 
00002100: 7908288b 89133811 2707540e 031cb448 
00002110: 03004291 218126a0 0202a0a0 92952181 
00002120: 26a00202 a0a04291 21a12380 03028008 
00002130: 00000100 929521a1 23800302 80120000 
00002140: 0100a707 5418031c ac607908 28912707 
00002150: 540e031c b4480300 99122895 27075412 
00002160: 0324b448 0300520b 2f0b8318 0302800a 
00002170: 00000100 2707540a 0314b408 0200a707 
00002180: 54160324 ac60a707 5412031c ac602700 
00002190: 540c0318 2c00f011 01007215 2f0b8316 
000021a0: 03028014 00000100 2707540e 031cb408 
000021b0: 02008211 2f0b8312 03028010 00000100 
000021c0: 27075410 0320b408 02006b0d 2f150002 
000021d0: 00000000 2700540e 031c2c00 f0110100 
000021e0: 9f015408 03144800 1701ab01 2f170002 
000021f0: 00400000 a700540a 03101400 d0119100 
00002200: 9f015400 03204800 17017b0f 2f150002 
00002210: 00000000 a7005400 03001400 d0119100 
00002220: 8b032f17 00020000 00009f01 540c0318 
00002230: 50a81705 9f015402 031c40a8 17059f01 
00002240: 540e0218 28a81705 9f015410 020400a8 
00002250: 1705e700 540e0200 00005901 00a00800 
00002260: 0f040419 0f016474 08000000 00000201 
00002270: 2d822680 07022081 1a030380 26810702 
00002280: 80000f15 54210f01 54520800 00000000 
00002290: 67004412 09000000 57850440 2200a707 
000022a0: 54000238 8c20a707 561a0324 8e209f01 
000022b0: 54140328 70a81705 a7075414 0328ac20 
000022c0: 9f015412 032c48a8 1705a707 54120324 
000022d0: ac201f01 54160200 388c1104 1f01541c 
000022e0: 0200408c 11041f01 541e021c 06281101 
000022f0: 220d6591 26810700 20801f01 54200220 
00002300: 04281101 420b050f 86240700 20803b00 
00002310: 60000f05 541a1219 67120726 170a0018 
00002320: 00000001 29836501 80009f00 54220344 
00002330: 30005026 02002707 54280348 b4080200 
00002340: 9f01542c 03443068 16012983 651b8200 
00002350: 00006000 00009f01 54220358 a2ac1105 
00002360: 2707544a 0348b408 02009f01 542a0294 
00002370: 3a281501 9f015424 02028888 11046700 
00002380: 543e0191 20005909 00404800 9f015422 
00002390: 02943468 14016700 54360195 20001908 
000023a0: 00404800 67005442 01922000 19080040 
000023b0: 48006700 443a0191 20009908 00404800 
000023c0: 19836515 80002707 54480344 b4080200 
000023d0: 19836513 82000000 60000000 27075454 
000023e0: 0344b408 02009f01 54220358 20a91305 
000023f0: 9f01542c 02a83a28 15019f01 542a0202 
00002400: 88881104 67005422 01912000 d9080040 
00002410: 48009f01 543202a8 34681401 6700542e 
00002420: 01962000 d9080040 48006700 542a0195 
00002430: 20001909 00404800 67004432 01992000 
00002440: 59080040 4800a707 54280250 ac203bc1 
00002450: a7bf1002 00800000 a7075446 038cac20 
00002460: 49296d08 1002a707 544a0394 ac206981 
00002470: b4290008 4bb967bf 10220000 000079a1 
00002480: b5478000 a7075446 0350ac20 42cd67cf 
00002490: 86440200 8040a701 54280350 20786200 
000024a0: 094bad08 1002099b b4410008 29a1b547 
000024b0: 8000a707 54460350 ac6042c1 67c5863c 
000024c0: 02608038 a7015428 03502078 6200f24d 
000024d0: 7f4f8542 0200c947 6d080002 e93f6901 
000024e0: a7075428 0350ac60 e93d7839 2f00543e 
000024f0: 03789240 0200b241 7f45853a 02004929 
00002500: 6d080002 b937691b 49377829 d9bd64bf 
00002510: 00082f00 54380350 92400200 b23b6fa1 
00002520: 863e0002 803c2f00 5436036c b0400200 
00002530: e9a964b9 00082707 5436036c b4080200 
00002540: 423d6fa1 85380002 2f005438 0350b040 
00002550: 02004b37 6a97a707 54360350 8e202707 
00002560: 54380370 b4080200 a7075452 031c8e20 
00002570: 2707543c 036c9608 02005b39 aa1da707 
00002580: 54380394 8e201f01 543e0350 f0a81505 
00002590: af005450 03a40048 20001f01 5440037c 
000025a0: 06281101 2707543a 03709408 0200e2b7 
000025b0: 67118640 0002803e a707543c 0378ac60 
000025c0: a707544e 03208e20 1951a1b7 1f015440 
000025d0: 0394e8a8 15052707 543a0284 96080200 
000025e0: 1f01545a 03800628 1101af00 544c039c 
000025f0: 00482000 f2b96711 865a0002 8040b9c3 
00002600: 66538136 0208a707 5456037c ac6009d1 
00002610: b13df9cd 61b9e9d1 76378040 27075436 
00002620: 037c9608 0200e93d 4c0e1002 a7075444 
00002630: 03748e20 c93f664f 81380208 d9cdb157 
00002640: a7075440 036c8c20 c94d735a 2943bc45 
00002650: 0008c939 6c0e1002 e93d7845 093fbc41 
00002660: 00082707 543c0378 b4480300 c9397841 
00002670: 27075438 0370b448 03009f01 543a0274 
00002680: f0b0160d 9f015436 026ce0b0 160d9f00 
00002690: 54440274 3804e020 0a009f00 5440026c 
000026a0: 4004e020 0a00a707 54480390 ac20a707 
000026b0: 545603a8 ac20fba5 67bf1002 00200000 
000026c0: c949ad08 1002a707 5448037c ac20abb1 
000026d0: a7bf1002 00000000 f9957459 0008a707 
000026e0: 545403a8 ac20b957 ad081002 c9a1b549 
000026f0: 80004993 b4570008 22bf67d9 852c02a0 
00002700: 69a17555 8000a701 54240348 20786200 
00002710: 82c967ad 85340240 a7015430 03602078 
00002720: 6200a707 54240348 ac60a707 54300360 
00002730: ac606249 7f2d8632 0200802e 123f7f59 
00002740: 852a0200 29256d08 00027923 69151931 
00002750: 6d080002 292f7825 592d6913 2f00542c 
00002760: 03489240 0200192b 78232f00 542a0344 
00002770: 92400200 79a564ad 0008222f 6fa1852c 
00002780: 000269a3 64ab0008 2f005424 0348b040 
00002790: 0400122d 6fa1852a 00022f00 54220344 
000027a0: b0400400 2707542c 0348b408 02002707 
000027b0: 54220344 b4080200 9f015424 033cb0a8 
000027c0: 15054b25 aa179f01 542a0340 88a81505 
000027d0: a7075424 03908e20 fb2b6a1d a707542c 
000027e0: 037c8e20 2707542e 03489608 02002707 
000027f0: 54220358 96080200 1f01542e 0390b8a8 
00002800: 150599d1 41a51f01 5456035c 06281101 
00002810: 1f015422 037c88a8 150552a5 67118656 
00002820: 0002802e 1f015430 03440628 1101a707 
00002830: 542a0354 ac6072ad 67118630 00028022 
00002840: 27075422 03649608 020029b3 76538124 
00002850: 0208a707 5430035c ac60a9d1 712b79cd 
00002860: 61ad2951 7b342707 542a035c 96080200 
00002870: 29256c0e 1002a707 54340344 8c2069af 
00002880: 764f812c 020879cd b131a707 54300354 
00002890: 8c20694d 7b4e9933 7c350008 692d6c0e 
000028a0: 10022925 7833792f 7c310008 27075424 
000028b0: 0348b448 0300692d 782f2707 542c0358 
000028c0: b4480300 9f015422 034490b0 160d9f01 
000028d0: 542a0254 b0b0160d 9f005432 02443804 
000028e0: e0200a00 9f00542e 02544004 e0200a00 
000028f0: 9f005442 03704014 d22b2a00 9f005438 
00002900: 03783834 d22b2a00 22a9b545 22810500 
00002910: 208002cb b5412281 05002080 e28065c3 
00002920: 22818500 2080ea80 65b92281 85002080 
00002930: e2807543 85408700 c2807539 86448700 
00002940: 803dca3c 6d802680 07022281 c2386d80 
00002950: 26800702 22811f01 5436036c e4281705 
00002960: 1f01543c 0374e028 17059f00 54340348 
00002970: 38a4d12b 2a004229 6f8f2280 0500803c 
00002980: 224b6f91 22800500 80369f00 542c0358 
00002990: 4084d12b 2a008ac9 75332281 05002080 
000029a0: 828065b5 22818500 20807abf 752f2281 
000029b0: 05002080 82807535 85318700 728065ad 
000029c0: 22818500 20808230 6d802680 07022281 
000029d0: 6280752d 862f8700 802e1f01 54220344 
000029e0: c0281705 722c6d80 26800702 22816249 
000029f0: 6f0f2280 05008022 1f015430 0354b828 
00002a00: 17051f01 542a0358 a0a81305 123f6f11 
00002a10: 22800500 80306288 67802681 0702022a 
00002a20: 1f015422 034490a8 13059f00 542e0314 
00002a30: b000d024 0a006208 67802681 07020222 
00002a40: 9f00542c 0318b000 d0240a00 a707542e 
00002a50: 025cac20 a707542c 0258ac20 e700542e 
00002a60: 02132000 510000a0 1900e700 542c0213 
00002a70: 20005140 00a01900 e700542a 02132000 
00002a80: 518000a0 1900e700 54220213 200051c0 
00002a90: 00a01900 e7005428 02132000 510001a0 
00002aa0: 1900e700 54240213 20005140 01a01900 
00002ab0: 9f015426 03029888 15040a27 23030600 
00002ac0: 07000000 8f045422 0f00544e f8ffffff 
00002ad0: ff000f06 04020000 0f060402 00000f06 
00002ae0: 04010000 0e000000 00000000 00000000 
00002af0: 00000000 00000000 00000000 00000000 
00002b00: c0000000 00000000 00000000 00000000 
00002b10: 00000000 00000000 00000000 00000000 
00002b20: 00000000 00000000 00000000 00000000 
00002b30: 00000000 00000000 00000000 00000000 
00002b40: 0e000000 06000600 06000600 06000600 
00002b50: 06000600 06000600 06000600 06000600 
00002b60: 06000600 06000600 06000600 06000600 
00002b70: 06000600 06000600 06000600 06000600 
00002b80: 970c5400 020818d0 05c89704 54010210 
00002b90: 28d005c8 e7065400 0000014e 00000000 
00002ba0: 0e000000 00000000 00000000 00000000 
00002bb0: 00000000 00000000 00000000 00000000 
00002bc0: 00010000 00000000 00000000 00000000 
00002bd0: 00000000 00000000 00000000 00000000 
00002be0: 00000000 00000000 00000000 00000000 
00002bf0: 00000000 00000000 00000000 00000000 
00002c00: 03000700 02000000 20000e00 00000600 
00002c10: 06000600 06000600 06000600 06000600 
00002c20: 06000600 06000600 06000600 06000600 
00002c30: 06000600 06000600 06000600 06000600 
00002c40: 1ca01006 0ca11026 a7175402 0304ac20 
00002c50: a7275400 0300ac20 19a13403 800009a1 
00002c60: 34018000 29092683 21108200 190b3603 
00002c70: 21128200 0981260d 81044202 19012e0f 
00002c80: 81024202 05800cb8 b0000000 01000000 
00002c90: 01009714 54000200 08d045c2 97045401 
00002ca0: 020818d0 45c2e706 54000000 014e0000 
00002cb0: 00000e00 00000000 00000000 00000000 
00002cc0: c0000000 00000000 00000000 00000000 
00002cd0: 00000000 00000000 00000000 00000000 
00002ce0: 00000000 00000000 00000000 00000000 
00002cf0: 00000000 00000000 00000000 00000000 
00002d00: 1c9c1006 24a81406 0c9d1026 24a91026 
00002d10: 9f105400 00041400 50060b00 9f205402 
00002d20: 00001000 50060b00 97055404 00080000 
00002d30: d0401000 57105400 00000080 a8750000 
00002d40: 0e000000 00000000 00000000 00000000 
00002d50: 00000000 00000000 00000000 00000000 
00002d60: 00000000 00000000 00000000 00000000 
00002d70: 00000000 00000000 00000000 00000000 
00002d80: 80860000 00000000 00000000 00000000 
00002d90: 00000000 00000000 00000000 00000000 
00002da0: 00000000 00000000 00000000 00000000 
00002db0: 00000000 00000000 00000000 00000000 
00002dc0: 67004400 01000000 59810940 02001380 
00002dd0: 21c00b00 3f010800 00000000 13002001 
00002de0: 1b813403 a7005406 03042200 f0100100 
00002df0: 2b8337ff 10020000 00002b05 3c070a85 
00002e00: 23800600 07020000 0f055421 0f0154c6 
00002e10: 85000000 00000f05 541a1f01 04060308 
00002e20: 06281101 3b072e85 02000000 00002705 
00002e30: 5406030c 5c043205 278025a0 07025b07 
00002e40: 279f1002 00000000 2700540a 03022800 
00002e50: d0120400 6b8b2283 0a0d2b80 06000702 
00002e60: 00000f05 54210f01 54924200 00000000 
00002e70: 428b2501 26800600 20816b8b 27090002 
00002e80: 00006000 1a0d0b8b 26810700 80081b0b 
00002e90: 13030f05 54010f01 545c4200 00000000 
00002ea0: 6700540e 01032000 51810040 46006700 
00002eb0: 440c0103 20001180 0a404600 a7005611 
00002ec0: 031c2200 e0108100 438e37ff 18020000 
00002ed0: 00009f00 54100310 70010022 0200a700 
00002ee0: 5408031c 6000e011 11009f01 540f0320 
00002ef0: 44001615 9f015410 031e2040 16050a90 
00002f00: 232e0200 170a0200 0f055401 0f0154c8 
00002f10: 1f000000 00000a90 23120200 170a0200 
00002f20: 0f055401 0f015430 0f000000 00000a90 
00002f30: 33f00200 07020200 0f055401 0f015414 
00002f40: 07000000 00000a90 33d40200 07020200 
00002f50: 0f055401 0f015432 03000000 00000a90 
00002f60: 33c80200 07020200 0f055401 0f015488 
00002f70: 01000000 00000a90 33c40200 07020200 
00002f80: 0f055401 0f01546c 00000000 00000a10 
00002f90: 3bc00600 07020200 0f055401 0f01544e 
00002fa0: 00000000 00008c9c 102644a8 10267c9d 
00002fb0: 104664a9 15460020 00009f20 54100010 
00002fc0: 40009016 0b009f40 5412001a 38009016 
00002fd0: 0b009705 54140018 0000d0c4 10005720 
00002fe0: 54100060 2090a875 04000f06 04010000 
00002ff0: 0f040419 0f0154fa 00000000 00000a90 
00003000: 33c60200 07020200 0f055401 0f01546c 
00003010: 00000000 00000a10 3bc40600 07020200 
00003020: 0f055401 0f01544e 00000000 00008c9c 
00003030: 104644a8 10467c9d 106664a9 15660020 
00003040: 00009f40 54080010 40009046 0b009f80 
00003050: 540a001a 38009046 0b009705 540c0018 
00003060: 0000d0d0 10005740 54080060 2090a875 
00003070: 04000f06 04010000 0f040419 0f01546c 
00003080: 00000000 00000a10 3bc60600 07020200 
00003090: 0f055401 0f01544e 00000000 00008c9c 
000030a0: 104644a8 10467c9d 106664a9 15660020 
000030b0: 00009f40 54000010 40009046 0b009f80 
000030c0: 5402001a 38009046 0b009705 54040018 
000030d0: 0000d0d0 10005740 54000060 2090a875 
000030e0: 04000f06 04010000 0f060401 00000f06 
000030f0: 04010000 0f040419 0f015488 01000000 
00003100: 00000a90 33cc0200 07020200 0f055401 
00003110: 0f01546c 00000000 00000a10 3bc80600 
00003120: 07020200 0f055401 0f01544e 00000000 
00003130: 00008c9c 104644a8 10467c9d 106664a9 
00003140: 15660020 00009f40 54100010 40009046 
00003150: 0b009f80 5412001a 38009046 0b009705 
00003160: 54140018 0000d0d0 10005740 54100060 
00003170: 2090a855 04000f06 04010000 0f040419 
00003180: 0f0154fa 00000000 00000a90 33d00200 
00003190: 07020200 0f055401 0f01546c 00000000 
000031a0: 00000a10 3bcc0600 07020200 0f055401 
000031b0: 0f01544e 00000000 00008c9c 104644a8 
000031c0: 10467c9d 106664a9 15660020 00009f40 
000031d0: 54080010 40009046 0b009f80 540a001a 
000031e0: 38009046 0b009705 540c0018 0000d0d0 
000031f0: 10005740 54080060 2090a855 04000f06 
00003200: 04010000 0f040419 0f01546c 00000000 
00003210: 00000a10 3bd00600 07020200 0f055401 
00003220: 0f01544e 00000000 00008c9c 104644a8 
00003230: 10467c9d 106664a9 15660020 00009f40 
00003240: 54000010 40009046 0b009f80 5402001a 
00003250: 38009046 0b009705 54040018 0000d0d0 
00003260: 10005740 54000060 2090a895 04000f06 
00003270: 04010000 0f060401 00000f06 04010000 
00003280: 0f060401 00000f04 04190f01 54c00300 
00003290: 00000000 0a9033e0 02000702 02000f05 
000032a0: 54010f01 54880100 00000000 0a9033d8 
000032b0: 02000702 02000f05 54010f01 546c0000 
000032c0: 00000000 0a103bd4 06000702 02000f05 
000032d0: 54010f01 544e0000 00000000 8c9c1046 
000032e0: 44a81046 7c9d1066 64a91566 00200000 
000032f0: 9f405410 00104000 90460b00 9f805412 
00003300: 001a3800 90460b00 97055414 00180000 
00003310: d0d01000 57405410 00602090 a8950400 
00003320: 0f060401 00000f04 04190f01 54fa0000 
00003330: 00000000 0a9033dc 02000702 02000f05 
00003340: 54010f01 546c0000 00000000 0a103bd8 
00003350: 06000702 02000f05 54010f01 544e0000 
00003360: 00000000 8c9c1046 44a81046 7c9d1066 
00003370: 64a91566 00200000 9f405408 00104000 
00003380: 90460b00 9f80540a 001a3800 90460b00 
00003390: 9705540c 00180000 d0d01000 57405408 
000033a0: 00602090 a8150400 0f060401 00000f04 
000033b0: 04190f01 546c0000 00000000 0a103bdc 
000033c0: 06000702 02000f05 54010f01 544e0000 
000033d0: 00000000 8c9c1046 44a81046 7c9d1066 
000033e0: 64a91566 00200000 9f405400 00104000 
000033f0: 90460b00 9f805402 001a3800 90460b00 
00003400: 97055404 00180000 d0d01000 57405400 
00003410: 00602090 a8150400 0f060401 00000f06 
00003420: 04010000 0f060401 00000f04 04190f01 
00003430: 54160200 00000000 0a9033e8 02000702 
00003440: 02000f05 54010f01 54fa0000 00000000 
00003450: 0a9033e4 02000702 02000f05 54010f01 
00003460: 546c0000 00000000 0a103be0 06000702 
00003470: 02000f05 54010f01 544e0000 00000000 
00003480: 8c9c1046 44a81046 7c9d1066 64a91566 
00003490: 00200000 9f405418 00104000 90460b00 
000034a0: 9f80541a 001a3800 90460b00 9705541c 
000034b0: 00180000 d0d01000 57405418 00602090 
000034c0: a8350400 0f060401 00000f04 04190f01 
000034d0: 546c0000 00000000 0a103be4 06000702 
000034e0: 02000f05 54010f01 544e0000 00000000 
000034f0: 8c9c1046 44a81046 7c9d1066 64a91566 
00003500: 00200000 9f405410 00104000 90460b00 
00003510: 9f805412 001a3800 90460b00 97055414 
00003520: 00180000 d0d01000 57405410 00602090 
00003530: a8350400 0f060401 00000f06 04010000 
00003540: 0f040419 0f0154fa 00000000 00000a90 
00003550: 33ec0200 07020200 0f055401 0f01546c 
00003560: 00000000 00000a10 3be80600 07020200 
00003570: 0f055401 0f01544e 00000000 00008c9c 
00003580: 104644a8 10467c9d 106664a9 15660020 
00003590: 00009f40 54080010 40009046 0b009f80 
000035a0: 540a001a 38009046 0b009705 540c0018 
000035b0: 0000d0d0 10005740 54080060 2090a815 
000035c0: 04000f06 04010000 0f040419 0f01546c 
000035d0: 00000000 00000a10 3bec0600 07020200 
000035e0: 0f055401 0f01544e 00000000 00008c9c 
000035f0: 104644a8 10467c9d 106664a9 15660020 
00003600: 00009f40 54000010 40009046 0b009f80 
00003610: 5402001a 38009046 0b009705 54040018 
00003620: 0000d0d0 10005740 54000060 2090a815 
00003630: 04000f06 04010000 0f060401 00000f06 
00003640: 04010000 0f060401 00000f06 04010000 
00003650: 0f040419 0f0154fa 07000000 00000a90 
00003660: 230c0200 070a0200 0f055401 0f0154c8 
00003670: 03000000 00000a90 33fc0200 07020200 
00003680: 0f055401 0f015488 01000000 00000a90 
00003690: 33f40200 07020200 0f055401 0f01546c 
000036a0: 00000000 00000a10 3bf00600 07020200 
000036b0: 0f055401 0f01544e 00000000 00008c9c 
000036c0: 104644a8 10467c9d 106664a9 15660020 
000036d0: 00009f40 54100010 40009046 0b009f80 
000036e0: 5412001a 38009046 0b009705 54140018 
000036f0: 0000d0d0 10005740 54100060 2090a815 
00003700: 04000f06 04010000 0f040419 0f0154fa 
00003710: 00000000 00000a90 33f80200 07020200 
00003720: 0f055401 0f01546c 00000000 00000a10 
00003730: 3bf40600 07020200 0f055401 0f01544e 
00003740: 00000000 00008c9c 104644a8 10467c9d 
00003750: 106664a9 15660020 00009f40 54080010 
00003760: 40009046 0b009f80 540a001a 38009046 
00003770: 0b009705 540c0018 0000d0d0 10005740 
00003780: 54080060 2090a815 04000f06 04010000 
00003790: 0f040419 0f01546c 00000000 00000a10 
000037a0: 3bf80600 07020200 0f055401 0f01544e 
000037b0: 00000000 00008c9c 104644a8 10467c9d 
000037c0: 106664a9 15660020 00009f40 54000010 
000037d0: 40009046 0b009f80 5402001a 38009046 
000037e0: 0b009705 54040018 0000d0d0 10005740 
000037f0: 54000060 2090a815 04000f06 04010000 
00003800: 0f060401 00000f06 04010000 0f040419 
00003810: 0f01541e 02000000 00000a90 230a0200 
00003820: 070a0200 0f055401 0f015402 01000000 
00003830: 00001a90 33fe0200 16020200 0f055401 
00003840: 0f01546c 00000000 00000a10 3bfc0600 
00003850: 07020200 0f055401 0f01544e 00000000 
00003860: 00008c9c 104644a8 10467c9d 106664a9 
00003870: 15660020 00009f40 54180010 40009046 
00003880: 0b009f80 541a001a 38009046 0b009705 
00003890: 541c0018 0000d0d0 10005740 54180060 
000038a0: 2090a835 04000f06 04010000 0f040419 
000038b0: 0f015474 00000000 00004480 22000400 
000038c0: 00000a10 3b080600 07080200 0f055401 
000038d0: 0f01544e 00000000 00008c9c 104644a8 
000038e0: 10467c9d 106664a9 15660020 00009f40 
000038f0: 54100010 40009046 0b009f80 5412001a 
00003900: 38009046 0b009705 54140018 0000d0d0 
00003910: 10005740 54100060 2090a815 04000f06 
00003920: 04010000 0f060401 00000f04 04190f01 
00003930: 54fa0000 00000000 0a90230a 0200170a 
00003940: 02000f05 54010f01 546c0000 00000000 
00003950: 0a102b0a 0600070a 02000f05 54010f01 
00003960: 544e0000 00000000 8c9c1046 44a81046 
00003970: 7c9d1066 64a91566 00200000 9f405408 
00003980: 00104000 90460b00 9f80540a 001a3800 
00003990: 90460b00 9705540c 00180000 d0d01000 
000039a0: 57405408 00602090 a8750400 0f060401 
000039b0: 00000f04 04190f01 546c0000 00000000 
000039c0: 0a102b0a 0600170a 02000f05 54010f01 
000039d0: 544e0000 00000000 8c9c1046 44a81046 
000039e0: 7c9d1066 64a91566 00200000 9f405400 
000039f0: 00104000 90460b00 9f805402 001a3800 
00003a00: 90460b00 97055404 00180000 d0d01000 
00003a10: 57405400 00602090 a8750400 0f060401 
00003a20: 00000f06 04010000 0f060401 00000f06 
00003a30: 04010000 0f040419 0f015410 04000000 
00003a40: 00000a90 230e0200 170a0200 0f055401 
00003a50: 0f015498 01000000 00000a90 230c0200 
00003a60: 170a0200 0f055401 0f01546c 00000000 
00003a70: 00000a10 2b0c0600 070a0200 0f055401 
00003a80: 0f01544e 00000000 00008c9c 104644a8 
00003a90: 10467c9d 106664a9 15660020 00009f40 
00003aa0: 54100010 40009046 0b009f80 5412001a 
00003ab0: 38009046 0b009705 54140018 0000d0d0 
00003ac0: 10005740 54100060 2090a875 04000f06 
00003ad0: 04010000 0f040419 0f01540a 01000000 
00003ae0: 00000a90 230e0200 070a0200 0f055401 
00003af0: 0f01546c 00000000 00000a10 2b0c0600 
00003b00: 170a0200 0f055401 0f01544e 00000000 
00003b10: 00008c9c 104644a8 10467c9d 106664a9 
00003b20: 15660020 00009f40 54080010 40009046 
00003b30: 0b009f80 540a001a 38009046 0b009705 
00003b40: 540c0018 0000d0d0 10005740 54080060 
00003b50: 2090a815 04000f06 04010000 0f040419 
00003b60: 0f01547c 00000000 00000a10 2b0e0600 
00003b70: 070a0200 0f055401 0f01545e 00000000 
00003b80: 00008c9c 104694a8 10467c9d 106664a9 
00003b90: 15660020 000044c3 10869f40 54000024 
00003ba0: 40009046 0b009f80 5402001a 38009046 
00003bb0: 0b009705 55040010 1000f0d0 00009705 
00003bc0: 54060018 0000d0d0 10005740 54000060 
00003bd0: 20902875 04000f06 04010000 0f060401 
00003be0: 00000f06 04010000 0f040419 0f015456 
00003bf0: 02000000 00000a90 23100200 170a0200 
00003c00: 0f055401 0f01541a 01000000 00000a90 
00003c10: 23100200 070a0200 0f055401 0f01547c 
00003c20: 00000000 00000a10 2b0e0600 170a0200 
00003c30: 0f055401 0f01545e 00000000 00008c9c 
00003c40: 104694a8 10467c9d 106664a9 15660020 
00003c50: 000044c3 10869f40 54100024 40009046 
00003c60: 0b009f80 5412001a 38009046 0b009705 
00003c70: 55140010 1000f0d0 00009705 54160018 
00003c80: 0000d0d0 10005740 54100060 20902875 
00003c90: 04000f06 04010000 0f040419 0f01547c 
00003ca0: 00000000 00000a10 2b100600 070a0200 
00003cb0: 0f055401 0f01545e 00000000 00008c9c 
00003cc0: 104694a8 10467c9d 106664a9 15660020 
00003cd0: 000044c3 10869f40 54080024 40009046 
00003ce0: 0b009f80 540a001a 38009046 0b009705 
00003cf0: 550c0010 1000f0d0 00009705 540e0018 
00003d00: 0000d0d0 10005740 54080060 20902875 
00003d10: 04000f06 04010000 0f060401 00000f04 
00003d20: 04190f01 541a0100 00000000 0a902312 
00003d30: 0200070a 02000f05 54010f01 547c0000 
00003d40: 00000000 0a102b10 0600170a 02000f05 
00003d50: 54010f01 545e0000 00000000 8c9c1046 
00003d60: 94a81046 7c9d1066 64a91566 00200000 
00003d70: 44c31086 9f405400 00244000 90460b00 
00003d80: 9f805402 001a3800 90460b00 97055504 
00003d90: 00101000 f0d00000 97055406 00180000 
00003da0: d0d01000 57405400 00602090 28550400 
00003db0: 0f060401 00000f04 04190f01 547c0000 
00003dc0: 00000000 0a102b12 0600070a 02000f05 
00003dd0: 54010f01 545e0000 00000000 8c9c1046 
00003de0: 94a81046 7c9d1066 64a91566 00200000 
00003df0: 44c31086 9f405418 00244000 90460b00 
00003e00: 9f80541a 001a3800 90460b00 9705551c 
00003e10: 00101000 f0d00000 9705541e 00180000 
00003e20: d0d01000 57405418 00602090 28550400 
00003e30: 0f060401 00000f06 04010000 0f060401 
00003e40: 00000f06 04010000 0f060401 00000f06 
00003e50: 04010000 0f040419 0f015476 10000000 
00003e60: 00000a90 23200200 170a0200 0f055401 
00003e70: 0f015482 08000000 00000a90 231a0200 
00003e80: 070a0200 0f055401 0f015430 04000000 
00003e90: 00000a90 23160200 070a0200 0f055401 
00003ea0: 0f0154b8 01000000 00000a90 23140200 
00003eb0: 070a0200 0f055401 0f01547c 00000000 
00003ec0: 00000a10 2b120600 170a0200 0f055401 
00003ed0: 0f01545e 00000000 00008c9c 104694a8 
00003ee0: 10467c9d 106664a9 15660020 000044c3 
00003ef0: 10869f40 54100024 40009046 0b009f80 
00003f00: 5412001a 38009046 0b009705 55140010 
00003f10: 1000f0d0 00009705 54160018 0000d0d0 
00003f20: 10005740 54100060 20902895 04000f06 
00003f30: 04010000 0f040419 0f01541a 01000000 
00003f40: 00000a90 23140200 170a0200 0f055401 
00003f50: 0f01547c 00000000 00000a10 2b140600 
00003f60: 070a0200 0f055401 0f01545e 00000000 
00003f70: 00008c9c 104694a8 10467c9d 106664a9 
00003f80: 15660020 000044c3 10869f40 54080024 
00003f90: 40009046 0b009f80 540a001a 38009046 
00003fa0: 0b009705 550c0010 1000f0d0 00009705 
00003fb0: 540e0018 0000d0d0 10005740 54080060 
00003fc0: 20902895 04000f06 04010000 0f040419 
00003fd0: 0f01547c 00000000 00000a10 2b140600 
00003fe0: 170a0200 0f055401 0f01545e 00000000 
00003ff0: 00008c9c 104694a8 10467c9d 106664a9 
00004000: 15660020 000044c3 10869f40 54000024 
00004010: 40009046 0b009f80 5402001a 38009046 
00004020: 0b009705 55040010 1000f0d0 00009705 
00004030: 54060018 0000d0d0 10005740 54000060 
00004040: 20902815 04000f06 04010000 0f060401 
00004050: 00000f06 04010000 0f040419 0f015456 
00004060: 02000000 00000a90 23180200 070a0200 
00004070: 0f055401 0f01541a 01000000 00000a90 
00004080: 23160200 170a0200 0f055401 0f01547c 
00004090: 00000000 00000a10 2b160600 070a0200 
000040a0: 0f055401 0f01545e 00000000 00008c9c 
000040b0: 104694a8 10467c9d 106664a9 15660020 
000040c0: 000044c3 10869f40 54180024 40009046 
000040d0: 0b009f80 541a001a 38009046 0b009705 
000040e0: 551c0010 1000f0d0 00009705 541e0018 
000040f0: 0000d0d0 10005740 54180060 20902815 
00004100: 04000f06 04010000 0f040419 0f01547c 
00004110: 00000000 00000a10 2b160600 170a0200 
00004120: 0f055401 0f01545e 00000000 00008c9c 
00004130: 104694a8 10467c9d 106664a9 15660020 
00004140: 000044c3 10869f40 54100024 40009046 
00004150: 0b009f80 5412001a 38009046 0b009705 
00004160: 55140010 1000f0d0 00009705 54160018 
00004170: 0000d0d0 10005740 54100060 20902835 
00004180: 04000f06 04010000 0f060401 00000f04 
00004190: 04190f01 541a0100 00000000 0a902318 
000041a0: 0200170a 02000f05 54010f01 547c0000 
000041b0: 00000000 0a102b18 0600070a 02000f05 
000041c0: 54010f01 545e0000 00000000 8c9c1046 
000041d0: 94a81046 7c9d1066 64a91566 00200000 
000041e0: 44c31086 9f405408 00244000 90460b00 
000041f0: 9f80540a 001a3800 90460b00 9705550c 
00004200: 00101000 f0d00000 9705540e 00180000 
00004210: d0d01000 57405408 00602090 28350400 
00004220: 0f060401 00000f04 04190f01 547c0000 
00004230: 00000000 0a102b18 0600170a 02000f05 
00004240: 54010f01 545e0000 00000000 8c9c1046 
00004250: 94a81046 7c9d1066 64a91566 00200000 
00004260: 44c31086 9f405400 00244000 90460b00 
00004270: 9f805402 001a3800 90460b00 97055504 
00004280: 00101000 f0d00000 97055406 00180000 
00004290: d0d01000 57405400 00602090 28150400 
000042a0: 0f060401 00000f06 04010000 0f060401 
000042b0: 00000f06 04010000 0f040419 0f015430 
000042c0: 04000000 00000a90 231c0200 170a0200 
000042d0: 0f055401 0f0154b8 01000000 00000a90 
000042e0: 231a0200 170a0200 0f055401 0f01547c 
000042f0: 00000000 00000a10 2b1a0600 070a0200 
00004300: 0f055401 0f01545e 00000000 00008c9c 
00004310: 104694a8 10467c9d 106664a9 15660020 
00004320: 000044c3 10869f40 54100024 40009046 
00004330: 0b009f80 5412001a 38009046 0b009705 
00004340: 55140010 1000f0d0 00009705 54160018 
00004350: 0000d0d0 10005740 54100060 20902815 
00004360: 04000f06 04010000 0f040419 0f01541a 
00004370: 01000000 00000a90 231c0200 070a0200 
00004380: 0f055401 0f01547c 00000000 00000a10 
00004390: 2b1a0600 170a0200 0f055401 0f01545e 
000043a0: 00000000 00008c9c 104694a8 10467c9d 
000043b0: 106664a9 15660020 000044c3 10869f40 
000043c0: 54080024 40009046 0b009f80 540a001a 
000043d0: 38009046 0b009705 550c0010 1000f0d0 
000043e0: 00009705 540e0018 0000d0d0 10005740 
000043f0: 54080060 20902815 04000f06 04010000 
00004400: 0f040419 0f01547c 00000000 00000a10 
00004410: 2b1c0600 070a0200 0f055401 0f01545e 
00004420: 00000000 00008c9c 104694a8 10467c9d 
00004430: 106664a9 15660020 000044c3 10869f40 
00004440: 54000024 40009046 0b009f80 5402001a 
00004450: 38009046 0b009705 55040010 1000f0d0 
00004460: 00009705 54060018 0000d0d0 10005740 
00004470: 54000060 20902815 04000f06 04010000 
00004480: 0f060401 00000f06 04010000 0f040419 
00004490: 0f015456 02000000 00000a90 231e0200 
000044a0: 170a0200 0f055401 0f01541a 01000000 
000044b0: 00000a90 231e0200 070a0200 0f055401 
000044c0: 0f01547c 00000000 00000a10 2b1c0600 
000044d0: 170a0200 0f055401 0f01545e 00000000 
000044e0: 00008c9c 104694a8 10467c9d 106664a9 
000044f0: 15660020 000044c3 10869f40 54100024 
00004500: 40009046 0b009f80 5412001a 38009046 
00004510: 0b009705 55140010 1000f0d0 00009705 
00004520: 54160018 0000d0d0 10005740 54100060 
00004530: 20902815 04000f06 04010000 0f040419 
00004540: 0f01547c 00000000 00000a10 2b1e0600 
00004550: 070a0200 0f055401 0f01545e 00000000 
00004560: 00008c9c 104694a8 10467c9d 106664a9 
00004570: 15660020 000044c3 10869f40 54080024 
00004580: 40009046 0b009f80 540a001a 38009046 
00004590: 0b009705 550c0010 1000f0d0 00009705 
000045a0: 540e0018 0000d0d0 10005740 54080060 
000045b0: 20902835 04000f06 04010000 0f060401 
000045c0: 00000f04 04190f01 541a0100 00000000 
000045d0: 0a902320 0200070a 02000f05 54010f01 
000045e0: 547c0000 00000000 0a102b1e 0600170a 
000045f0: 02000f05 54010f01 545e0000 00000000 
00004600: 8c9c1046 94a81046 7c9d1066 64a91566 
00004610: 00200000 44c31086 9f405400 00244000 
00004620: 90460b00 9f805402 001a3800 90460b00 
00004630: 97055504 00101000 f0d00000 97055406 
00004640: 00180000 d0d01000 57405400 00602090 
00004650: 28150400 0f060401 00000f04 04190f01 
00004660: 547c0000 00000000 0a102b20 0600070a 
00004670: 02000f05 54010f01 545e0000 00000000 
00004680: 8c9c1046 94a81046 7c9d1066 64a91566 
00004690: 00200000 44c31086 9f405410 00244000 
000046a0: 90460b00 9f805412 001a3800 90460b00 
000046b0: 97055514 00101000 f0d00000 97055416 
000046c0: 00180000 d0d01000 57405410 00602090 
000046d0: 28750400 0f060401 00000f06 04010000 
000046e0: 0f060401 00000f06 04010000 0f060401 
000046f0: 00000f04 04190f01 54d20700 00000000 
00004700: 0a902328 0200070a 02000f05 54010f01 
00004710: 54f00300 00000000 0a902324 0200070a 
00004720: 02000f05 54010f01 54b80100 00000000 
00004730: 0a902322 0200070a 02000f05 54010f01 
00004740: 547c0000 00000000 0a102b20 0600170a 
00004750: 02000f05 54010f01 545e0000 00000000 
00004760: 8c9c1046 94a81046 7c9d1066 64a91566 
00004770: 00200000 44c31086 9f405408 00244000 
00004780: 90460b00 9f80540a 001a3800 90460b00 
00004790: 9705550c 00101000 f0d00000 9705540e 
000047a0: 00180000 d0d01000 57405408 00602090 
000047b0: 28750400 0f060401 00000f04 04190f01 
000047c0: 541a0100 00000000 0a902322 0200170a 
000047d0: 02000f05 54010f01 547c0000 00000000 
000047e0: 0a102b22 0600070a 02000f05 54010f01 
000047f0: 545e0000 00000000 8c9c1046 94a81046 
00004800: 7c9d1066 64a91566 00200000 44c31086 
00004810: 9f405400 00244000 90460b00 9f805402 
00004820: 001a3800 90460b00 97055504 00101000 
00004830: f0d00000 97055406 00180000 d0d01000 
00004840: 57405400 00602090 28750400 0f060401 
00004850: 00000f04 04190f01 547c0000 00000000 
00004860: 0a102b22 0600170a 02000f05 54010f01 
00004870: 545e0000 00000000 8c9c1046 94a81046 
00004880: 7c9d1066 64a91566 00200000 44c31086 
00004890: 9f405410 00244000 90460b00 9f805412 
000048a0: 001a3800 90460b00 97055514 00101000 
000048b0: f0d00000 97055416 00180000 d0d01000 
000048c0: 57405410 00602090 28150400 0f060401 
000048d0: 00000f06 04010000 0f060401 00000f04 
000048e0: 04190f01 54160200 00000000 0a902326 
000048f0: 0200070a 02000f05 54010f01 54fa0000 
00004900: 00000000 0a902324 0200170a 02000f05 
00004910: 54010f01 546c0000 00000000 0a102b24 
00004920: 0600070a 02000f05 54010f01 544e0000 
00004930: 00000000 8c9c1046 44a81046 7c9d1066 
00004940: 64a91566 00200000 9f405420 00104000 
00004950: 90460b00 9f805422 001a3800 90460b00 
00004960: 97055426 00180000 d0d01000 57405420 
00004970: 00602090 28720400 0f060401 00000f04 
00004980: 04190f01 546c0000 00000000 0a102b24 
00004990: 0600170a 02000f05 54010f01 544e0000 
000049a0: 00000000 8c9c1046 44a81046 7c9d1066 
000049b0: 64a91566 00200000 9f405418 00104000 
000049c0: 90460b00 9f80541a 001a3800 90460b00 
000049d0: 9705541e 00180000 d0d01000 57405418 
000049e0: 00602090 28720400 0f060401 00000f06 
000049f0: 04010000 0f040419 0f0154fa 00000000 
00004a00: 00000a90 23260200 170a0200 0f055401 
00004a10: 0f01546c 00000000 00000a10 2b260600 
00004a20: 070a0200 0f055401 0f01544e 00000000 
00004a30: 00008c9c 104644a8 10467c9d 106664a9 
00004a40: 15660020 00009f40 54080010 40009046 
00004a50: 0b009f80 540a001a 38009046 0b009705 
00004a60: 540e0018 0000d0d0 10005740 54080060 
00004a70: 20902872 04000f06 04010000 0f040419 
00004a80: 0f01546c 00000000 00000a10 2b260600 
00004a90: 170a0200 0f055401 0f01544e 00000000 
00004aa0: 00008c9c 104644a8 10467c9d 106664a9 
00004ab0: 15660020 00009f40 54000010 40009046 
00004ac0: 0b009f80 5402001a 38009046 0b009705 
00004ad0: 54060018 0000d0d0 10005740 54000060 
00004ae0: 20902852 04000f06 04010000 0f060401 
00004af0: 00000f06 04010000 0f060401 00000f04 
00004b00: 04190f01 54c00300 00000000 0a90232a 
00004b10: 0200170a 02000f05 54010f01 54880100 
00004b20: 00000000 0a902328 0200170a 02000f05 
00004b30: 54010f01 546c0000 00000000 0a102b28 
00004b40: 0600070a 02000f05 54010f01 544e0000 
00004b50: 00000000 8c9c1046 44a81046 7c9d1066 
00004b60: 64a91566 00200000 9f405410 00104000 
00004b70: 90460b00 9f805412 001a3800 90460b00 
00004b80: 97055416 00180000 d0d01000 57405410 
00004b90: 00602090 28520400 0f060401 00000f04 
00004ba0: 04190f01 54fa0000 00000000 0a90232a 
00004bb0: 0200070a 02000f05 54010f01 546c0000 
00004bc0: 00000000 0a102b28 0600170a 02000f05 
00004bd0: 54010f01 544e0000 00000000 8c9c1046 
00004be0: 44a81046 7c9d1066 64a91566 00200000 
00004bf0: 9f405408 00104000 90460b00 9f80540a 
00004c00: 001a3800 90460b00 9705540e 00180000 
00004c10: d0d01000 57405408 00602090 28920400 
00004c20: 0f060401 00000f04 04190f01 546c0000 
00004c30: 00000000 0a102b2a 0600070a 02000f05 
00004c40: 54010f01 544e0000 00000000 8c9c1046 
00004c50: 44a81046 7c9d1066 64a91566 00200000 
00004c60: 9f405400 00104000 90460b00 9f805402 
00004c70: 001a3800 90460b00 97055406 00180000 
00004c80: d0d01000 57405400 00602090 28920400 
00004c90: 0f060401 00000f06 04010000 0f060401 
00004ca0: 00000f04 04190f01 54160200 00000000 
00004cb0: 0a90232c 0200170a 02000f05 54010f01 
00004cc0: 54fa0000 00000000 0a90232c 0200070a 
00004cd0: 02000f05 54010f01 546c0000 00000000 
00004ce0: 0a102b2a 0600170a 02000f05 54010f01 
00004cf0: 544e0000 00000000 8c9c1046 44a81046 
00004d00: 7c9d1066 64a91566 00200000 9f405410 
00004d10: 00104000 90460b00 9f805412 001a3800 
00004d20: 90460b00 97055416 00180000 d0d01000 
00004d30: 57405410 00602090 28120400 0f060401 
00004d40: 00000f04 04190f01 546c0000 00000000 
00004d50: 0a102b2c 0600070a 02000f05 54010f01 
00004d60: 544e0000 00000000 8c9c1046 44a81046 
00004d70: 7c9d1066 64a91566 00200000 9f405408 
00004d80: 00104000 90460b00 9f80540a 001a3800 
00004d90: 90460b00 9705540e 00180000 d0d01000 
00004da0: 57405408 00602090 28120400 0f060401 
00004db0: 00000f06 04010000 0f040419 0f0154fa 
00004dc0: 00000000 00000a90 232e0200 070a0200 
00004dd0: 0f055401 0f01546c 00000000 00000a10 
00004de0: 2b2c0600 170a0200 0f055401 0f01544e 
00004df0: 00000000 00008c9c 104644a8 10467c9d 
00004e00: 106664a9 15660020 00009f40 54000010 
00004e10: 40009046 0b009f80 5402001a 38009046 
00004e20: 0b009705 54060018 0000d0d0 10005740 
00004e30: 54000060 20902832 04000f06 04010000 
00004e40: 0f040419 0f01546c 00000000 00000a10 
00004e50: 2b2e0600 070a0200 0f055401 0f01544e 
00004e60: 00000000 00008c9c 104644a8 10467c9d 
00004e70: 106664a9 15660020 00009f40 54180010 
00004e80: 40009046 0b009f80 541a001a 38009046 
00004e90: 0b009705 541e0018 0000d0d0 10005740 
00004ea0: 54180060 20902832 04000f06 04010000 
00004eb0: 0f060401 00000f06 04010000 0f060401 
00004ec0: 00000f06 04010000 0f060401 00000f06 
00004ed0: 04010000 0f040419 0f015414 22000000 
00004ee0: 00007c90 22020800 20080a90 330e0200 
00004ef0: 07080200 0f055401 0f0154b8 0f000000 
00004f00: 00000a90 233c0200 070a0200 0f055401 
00004f10: 0f015430 07000000 00000a90 23340200 
00004f20: 170a0200 0f055401 0f015432 03000000 
00004f30: 00000a90 23320200 070a0200 0f055401 
00004f40: 0f015488 01000000 00000a90 23300200 
00004f50: 070a0200 0f055401 0f01546c 00000000 
00004f60: 00000a10 2b2e0600 170a0200 0f055401 
00004f70: 0f01544e 00000000 00008c9c 104644a8 
00004f80: 10467c9d 106664a9 15660020 00009f40 
00004f90: 54100010 40009046 0b009f80 5412001a 
00004fa0: 38009046 0b009705 54160018 0000d0d0 
00004fb0: 10005740 54100060 20902812 04000f06 
00004fc0: 04010000 0f040419 0f0154fa 00000000 
00004fd0: 00000a90 23300200 170a0200 0f055401 
00004fe0: 0f01546c 00000000 00000a10 2b300600 
00004ff0: 070a0200 0f055401 0f01544e 00000000 
00005000: 00008c9c 104644a8 10467c9d 106664a9 
00005010: 15660020 00009f40 54080010 40009046 
00005020: 0b009f80 540a001a 38009046 0b009705 
00005030: 540e0018 0000d0d0 10005740 54080060 
00005040: 20902812 04000f06 04010000 0f040419 
00005050: 0f01546c 00000000 00000a10 2b300600 
00005060: 170a0200 0f055401 0f01544e 00000000 
00005070: 00008c9c 104644a8 10467c9d 106664a9 
00005080: 15660020 00009f40 54000010 40009046 
00005090: 0b009f80 5402001a 38009046 0b009705 
000050a0: 54060018 0000d0d0 10005740 54000060 
000050b0: 20902812 04000f06 04010000 0f060401 
000050c0: 00000f06 04010000 0f040419 0f015488 
000050d0: 01000000 00000a90 23320200 170a0200 
000050e0: 0f055401 0f01546c 00000000 00000a10 
000050f0: 2b320600 070a0200 0f055401 0f01544e 
00005100: 00000000 00008c9c 104644a8 10467c9d 
00005110: 106664a9 15660020 00009f40 54100010 
00005120: 40009046 0b009f80 5412001a 38009046 
00005130: 0b009705 54160018 0000d0d0 10005740 
00005140: 54100060 20902812 04000f06 04010000 
00005150: 0f040419 0f0154fa 00000000 00000a90 
00005160: 23340200 070a0200 0f055401 0f01546c 
00005170: 00000000 00000a10 2b320600 170a0200 
00005180: 0f055401 0f01544e 00000000 00008c9c 
00005190: 104644a8 10467c9d 106664a9 15660020 
000051a0: 00009f40 54080010 40009046 0b009f80 
000051b0: 540a001a 38009046 0b009705 540e0018 
000051c0: 0000d0d0 10005740 54080060 20902812 
000051d0: 04000f06 04010000 0f040419 0f01546c 
000051e0: 00000000 00000a10 2b340600 070a0200 
000051f0: 0f055401 0f01544e 00000000 00008c9c 
00005200: 104644a8 10467c9d 106664a9 15660020 
00005210: 00009f40 54000010 40009046 0b009f80 
00005220: 5402001a 38009046 0b009705 54060018 
00005230: 0000d0d0 10005740 54000060 20902832 
00005240: 04000f06 04010000 0f060401 00000f06 
00005250: 04010000 0f060401 00000f04 04190f01 
00005260: 54dc0300 00000000 0a902338 0200070a 
00005270: 02000f05 54010f01 54880100 00000000 
00005280: 0a902336 0200070a 02000f05 54010f01 
00005290: 546c0000 00000000 0a102b34 0600170a 
000052a0: 02000f05 54010f01 544e0000 00000000 
000052b0: 8c9c1046 44a81046 7c9d1066 64a91566 
000052c0: 00200000 9f405410 00104000 90460b00 
000052d0: 9f805412 001a3800 90460b00 97055416 
000052e0: 00180000 d0d01000 57405410 00602090 
000052f0: 28120400 0f060401 00000f04 04190f01 
00005300: 54fa0000 00000000 0a902336 0200170a 
00005310: 02000f05 54010f01 546c0000 00000000 
00005320: 0a102b36 0600070a 02000f05 54010f01 
00005330: 544e0000 00000000 8c9c1046 44a81046 
00005340: 7c9d1066 64a91566 00200000 9f405408 
00005350: 00104000 90460b00 9f80540a 001a3800 
00005360: 90460b00 9705540e 00180000 d0d01000 
00005370: 57405408 00602090 28720400 0f060401 
00005380: 00000f04 04190f01 546c0000 00000000 
00005390: 0a102b36 0600170a 02000f05 54010f01 
000053a0: 544e0000 00000000 8c9c1046 44a81046 
000053b0: 7c9d1066 64a91566 00200000 9f405400 
000053c0: 00104000 90460b00 9f805402 001a3800 
000053d0: 90460b00 97055406 00180000 d0d01000 
000053e0: 57405400 00602090 28720400 0f060401 
000053f0: 00000f06 04010000 0f060401 00000f04 
00005400: 04190f01 54320200 00000000 0a90233a 
00005410: 0200070a 02000f05 54010f01 54fa0000 
00005420: 00000000 0a902338 0200170a 02000f05 
00005430: 54010f01 546c0000 00000000 0a102b38 
00005440: 0600070a 02000f05 54010f01 544e0000 
00005450: 00000000 8c9c1046 44a81046 7c9d1066 
00005460: 64a91566 00200000 9f405410 00104000 
00005470: 90460b00 9f805412 001a3800 90460b00 
00005480: 97055416 00180000 d0d01000 57405410 
00005490: 00602090 28720400 0f060401 00000f04 
000054a0: 04190f01 546c0000 00000000 0a102b38 
000054b0: 0600170a 02000f05 54010f01 544e0000 
000054c0: 00000000 8c9c1046 44a81046 7c9d1066 
000054d0: 64a91566 00200000 9f405408 00104000 
000054e0: 90460b00 9f80540a 001a3800 90460b00 
000054f0: 9705540e 00180000 d0d01000 57405408 
00005500: 00602090 28120400 0f060401 00000f06 
00005510: 04010000 0f040419 0f015416 01000000 
00005520: 00000a90 233a0200 170a0200 0f055401 
00005530: 0f01547a 00000000 00000a10 2b3a0600 
00005540: 070a0200 0f055401 0f01545c 00000000 
00005550: 00009c9c 104674a8 14468c9d 106644a9 
00005560: 106674c3 10869f40 5400001e 48009046 
00005570: 0b009f80 54020010 40009046 0b007300 
00005580: 20019715 54060018 0000d0d0 10002b0f 
00005590: 2f004200 00480000 57405400 00602090 
000055a0: 28760400 0f060401 00000f04 04190f01 
000055b0: 547a0000 00000000 0a102b3a 0600170a 
000055c0: 02000f05 54010f01 545c0000 00000000 
000055d0: 9c9c1046 74a81446 8c9d1066 44a91066 
000055e0: 74c31086 9f405410 001e4800 90460b00 
000055f0: 9f805412 00104000 90460b00 73002001 
00005600: 97155416 00180000 d0d01000 ab0f2f00 
00005610: 42000048 00005740 54100060 20902876 
00005620: 04000f06 04010000 0f060401 00000f06 
00005630: 04010000 0f060401 00000f06 04010000 
00005640: 0f040419 0f015466 08000000 00000a90 
00005650: 23420200 170a0200 0f055401 0f015422 
00005660: 04000000 00000a90 233e0200 170a0200 
00005670: 0f055401 0f0154b2 01000000 00000a90 
00005680: 233c0200 170a0200 0f055401 0f01547a 
00005690: 00000000 00000a10 2b3c0600 070a0200 
000056a0: 0f055401 0f01545c 00000000 00009c9c 
000056b0: 104674a8 14468c9d 106644a9 106674c3 
000056c0: 10869f40 5408001e 48009046 0b009f80 
000056d0: 540a0010 40009046 0b007300 20019715 
000056e0: 540e0018 0000d0d0 10006b0f 2f004200 
000056f0: 00480000 57405408 00602090 28760400 
00005700: 0f060401 00000f04 04190f01 54160100 
00005710: 00000000 0a90233e 0200070a 02000f05 
00005720: 54010f01 547a0000 00000000 0a102b3c 
00005730: 0600170a 02000f05 54010f01 545c0000 
00005740: 00000000 9c9c1046 74a81446 8c9d1066 
00005750: 44a91066 74c31086 9f405400 001e4800 
00005760: 90460b00 9f805402 00104000 90460b00 
00005770: 73002001 97155406 00180000 d0d01000 
00005780: 2b0f2f00 42000048 00005740 54000060 
00005790: 20902856 04000f06 04010000 0f040419 
000057a0: 0f01547a 00000000 00000a10 2b3e0600 
000057b0: 070a0200 0f055401 0f01545c 00000000 
000057c0: 00009c9c 104674a8 14468c9d 106644a9 
000057d0: 106674c3 10869f40 5418001e 48009046 
000057e0: 0b009f80 541a0010 40009046 0b007300 
000057f0: 20019715 541e0018 0000d0d0 1000eb0f 
00005800: 2f004200 00480000 57405418 00602090 
00005810: 28560400 0f060401 00000f06 04010000 
00005820: 0f060401 00000f04 04190f01 544e0200 
00005830: 00000000 0a902340 0200170a 02000f05 
00005840: 54010f01 54160100 00000000 0a902340 
00005850: 0200070a 02000f05 54010f01 547a0000 
00005860: 00000000 0a102b3e 0600170a 02000f05 
00005870: 54010f01 545c0000 00000000 9c9c1046 
00005880: 74a81446 8c9d1066 44a91066 74c31086 
00005890: 9f405410 001e4800 90460b00 9f805412 
000058a0: 00104000 90460b00 73002001 97155416 
000058b0: 00180000 d0d01000 ab0f2f00 42000048 
000058c0: 00005740 54100060 20902896 04000f06 
000058d0: 04010000 0f040419 0f01547a 00000000 
000058e0: 00000a10 2b400600 070a0200 0f055401 
000058f0: 0f01545c 00000000 00009c9c 104674a8 
00005900: 14468c9d 106644a9 106674c3 10869f40 
00005910: 5408001e 48009046 0b009f80 540a0010 
00005920: 40009046 0b007300 20019715 540e0018 
00005930: 0000d0d0 10006b0f 2f004200 00480000 
00005940: 57405408 00602090 28960400 0f060401 
00005950: 00000f06 04010000 0f040419 0f015416 
00005960: 01000000 00000a90 23420200 070a0200 
00005970: 0f055401 0f01547a 00000000 00000a10 
00005980: 2b400600 170a0200 0f055401 0f01545c 
00005990: 00000000 00009c9c 104674a8 14468c9d 
000059a0: 106644a9 106674c3 10869f40 5400001e 
000059b0: 48009046 0b009f80 54020010 40009046 
000059c0: 0b007300 20019715 54060018 0000d0d0 
000059d0: 10002b0f 2f004200 00480000 57405400 
000059e0: 00602090 28160400 0f060401 00000f04 
000059f0: 04190f01 547a0000 00000000 0a102b42 
00005a00: 0600070a 02000f05 54010f01 545c0000 
00005a10: 00000000 9c9c1046 74a81446 8c9d1066 
00005a20: 44a91066 74c31086 9f405410 001e4800 
00005a30: 90460b00 9f805412 00104000 90460b00 
00005a40: 73002001 97155416 00180000 d0d01000 
00005a50: ab0f2f00 42000048 00005740 54100060 
00005a60: 20902816 04000f06 04010000 0f060401 
00005a70: 00000f06 04010000 0f060401 00000f04 
00005a80: 04190f01 54220400 00000000 0a902346 
00005a90: 0200070a 02000f05 54010f01 54b20100 
00005aa0: 00000000 0a902344 0200070a 02000f05 
00005ab0: 54010f01 547a0000 00000000 0a102b42 
00005ac0: 0600170a 02000f05 54010f01 545c0000 
00005ad0: 00000000 9c9c1046 74a81446 8c9d1066 
00005ae0: 44a91066 74c31086 9f405408 001e4800 
00005af0: 90460b00 9f80540a 00104000 90460b00 
00005b00: 73002001 9715540e 00180000 d0d01000 
00005b10: 6b0f2f00 42000048 00005740 54080060 
00005b20: 20902836 04000f06 04010000 0f040419 
00005b30: 0f015416 01000000 00000a90 23440200 
00005b40: 170a0200 0f055401 0f01547a 00000000 
00005b50: 00000a10 2b440600 070a0200 0f055401 
00005b60: 0f01545c 00000000 00009c9c 104674a8 
00005b70: 14468c9d 106644a9 106674c3 10869f40 
00005b80: 5400001e 48009046 0b009f80 54020010 
00005b90: 40009046 0b007300 20019715 54060018 
00005ba0: 0000d0d0 10002b0f 2f004200 00480000 
00005bb0: 57405400 00602090 28360400 0f060401 
00005bc0: 00000f04 04190f01 547a0000 00000000 
00005bd0: 0a102b44 0600170a 02000f05 54010f01 
00005be0: 545c0000 00000000 9c9c1046 74a81446 
00005bf0: 8c9d1066 44a91066 74c31086 9f405418 
00005c00: 001e4800 90460b00 9f80541a 00104000 
00005c10: 90460b00 73002001 9715541e 00180000 
00005c20: d0d01000 eb0f2f00 42000048 00005740 
00005c30: 54180060 20902816 04000f06 04010000 
00005c40: 0f060401 00000f06 04010000 0f040419 
00005c50: 0f01544e 02000000 00000a90 23480200 
00005c60: 070a0200 0f055401 0f015416 01000000 
00005c70: 00000a90 23460200 170a0200 0f055401 
00005c80: 0f01547a 00000000 00000a10 2b460600 
00005c90: 070a0200 0f055401 0f01545c 00000000 
00005ca0: 00009c9c 104674a8 14468c9d 106644a9 
00005cb0: 106674c3 10869f40 5410001e 48009046 
00005cc0: 0b009f80 54120010 40009046 0b007300 
00005cd0: 20019715 54160018 0000d0d0 1000ab0f 
00005ce0: 2f004200 00480000 57405410 00602090 
00005cf0: 28160400 0f060401 00000f04 04190f01 
00005d00: 547a0000 00000000 0a102b46 0600170a 
00005d10: 02000f05 54010f01 545c0000 00000000 
00005d20: 9c9c1046 74a81446 8c9d1066 44a91066 
00005d30: 74c31086 9f405408 001e4800 90460b00 
00005d40: 9f80540a 00104000 90460b00 73002001 
00005d50: 9715540e 00180000 d0d01000 6b0f2f00 
00005d60: 42000048 00005740 54080060 20902816 
00005d70: 04000f06 04010000 0f060401 00000f04 
00005d80: 04190f01 54160100 00000000 0a902348 
00005d90: 0200170a 02000f05 54010f01 547a0000 
00005da0: 00000000 0a102b48 0600070a 02000f05 
00005db0: 54010f01 545c0000 00000000 9c9c1046 
00005dc0: 74a81446 8c9d1066 44a91066 74c31086 
00005dd0: 9f405400 001e4800 90460b00 9f805402 
00005de0: 00104000 90460b00 73002001 97155406 
00005df0: 00180000 d0d01000 2b0f2f00 42000048 
00005e00: 00005740 54000060 20902816 04000f06 
00005e10: 04010000 0f040419 0f01547a 00000000 
00005e20: 00000a10 2b480600 170a0200 0f055401 
00005e30: 0f01545c 00000000 00009c9c 104674a8 
00005e40: 14468c9d 106644a9 106674c3 10869f40 
00005e50: 5410001e 48009046 0b009f80 54120010 
00005e60: 40009046 0b007300 20019715 54160018 
00005e70: 0000d0d0 1000ab0f 2f004200 00480000 
00005e80: 57405410 00602090 28160400 0f060401 
00005e90: 00000f06 04010000 0f060401 00000f06 
00005ea0: 04010000 0f060401 00000f06 04010000 
00005eb0: 0f040419 0f015432 12000000 00000a90 
00005ec0: 330e0200 17080200 0f055401 0f0154fe 
00005ed0: 08000000 000044ec 22000a00 00000a90 
00005ee0: 33080200 07080200 0f055401 0f015464 
00005ef0: 04000000 00007c9c 22020800 20010a90 
00005f00: 330e0200 07080200 0f055401 0f0154ca 
00005f10: 01000000 00007c94 22020800 c0000a90 
00005f20: 330e0200 07080200 0f055401 0f015482 
00005f30: 00000000 00004490 22000800 00000a10 
00005f40: 3b080600 07080200 0f055401 0f01545c 
00005f50: 00000000 00009c9c 104674a8 14468c9d 
00005f60: 106644a9 106674c3 10869f40 5408001e 
00005f70: 48009046 0b009f80 540a0010 40009046 
00005f80: 0b007300 20019715 540e0018 0000d0d0 
00005f90: 10006b0f 2f004200 00480000 57405408 
00005fa0: 00602090 28360400 0f060401 00000f04 
00005fb0: 04190f01 541e0100 00000000 0a90238e 
00005fc0: 02001708 02000f05 54010f01 54820000 
00005fd0: 00000000 44942200 08000000 0a103b08 
00005fe0: 06000708 02000f05 54010f01 545c0000 
00005ff0: 00000000 9c9c1046 74a81446 8c9d1066 
00006000: 44a91066 74c31086 9f405400 001e4800 
00006010: 90460b00 9f805402 00104000 90460b00 
00006020: 73002001 97155406 00180000 d0d01000 
00006030: 2b0f2f00 42000048 00005740 54000060 
00006040: 20902816 04000f06 04010000 0f040419 
00006050: 0f01547a 00000000 00000a10 3b0e0600 
00006060: 17080200 0f055401 0f01545c 00000000 
00006070: 00009c9c 104674a8 14468c9d 106644a9 
00006080: 106674c3 10869f40 5418001e 48009046 
00006090: 0b009f80 541a0010 40009046 0b007300 
000060a0: 20019715 541e0018 0000d0d0 1000eb0f 
000060b0: 2f004200 00480000 57405418 00602090 
000060c0: 28760400 0f060401 00000f06 04010000 
000060d0: 0f060401 00000f04 04190f01 54700200 
000060e0: 00000000 0a90330e 02001708 02000f05 
000060f0: 54010f01 54260100 00000000 44a02200 
00006100: 08000000 0a902388 02000708 02000f05 
00006110: 54010f01 54820000 00000000 449c2200 
00006120: 08000000 0a103b08 06000708 02000f05 
00006130: 54010f01 545c0000 00000000 9c9c1046 
00006140: 74a81446 8c9d1066 44a91066 74c31086 
00006150: 9f405410 001e4800 90460b00 9f805412 
00006160: 00104000 90460b00 73002001 97155416 
00006170: 00180000 d0d01000 ab0f2f00 42000048 
00006180: 00005740 54100060 20902876 04000f06 
00006190: 04010000 0f040419 0f01547a 00000000 
000061a0: 00000a10 3b080600 07080200 0f055401 
000061b0: 0f01545c 00000000 00009c9c 104674a8 
000061c0: 14468c9d 106644a9 106674c3 10869f40 
000061d0: 5418001e 48009046 0b009f80 541a0010 
000061e0: 40009046 0b007300 20019715 541e0018 
000061f0: 0000d0d0 1000eb0f 2f004200 00480000 
00006200: 57405418 00602090 28760400 0f060401 
00006210: 00000f06 04010000 0f040419 0f015428 
00006220: 01000000 000044e8 22000a00 00000a90 
00006230: 23880200 07080200 0f055401 0f015482 
00006240: 00000000 000044a4 22000800 00000a10 
00006250: 3b080600 07080200 0f055401 0f01545c 
00006260: 00000000 00009c9c 104674a8 14468c9d 
00006270: 106644a9 106674c3 10869f40 5408001e 
00006280: 48009046 0b009f80 540a0010 40009046 
00006290: 0b007300 20019715 540e0018 0000d0d0 
000062a0: 10006b0f 2f004200 00480000 57405408 
000062b0: 00602090 28160400 0f060401 00000f04 
000062c0: 04190f01 547c0000 00000000 0a103b08 
000062d0: 06000708 02000f05 54010f01 545e0000 
000062e0: 00000000 8c9c1046 94a81046 7c9d1066 
000062f0: 64a91566 00200000 44c31086 9f405400 
00006300: 00244000 90460b00 9f805402 001a3800 
00006310: 90460b00 97055504 00101000 f0d00000 
00006320: 97055406 00180000 d0d01000 57405400 
00006330: 00602090 28700400 0f060401 00000f06 
00006340: 04010000 0f060401 00000f06 04010000 
00006350: 0f040419 0f015470 04000000 00007cf4 
00006360: 22020a00 e0070a90 330e0200 07080200 
00006370: 0f055401 0f0154d0 01000000 00007cee 
00006380: 22020a00 80070a90 330e0200 07080200 
00006390: 0f055401 0f015484 00000000 000044ec 
000063a0: 22000a00 00000a10 3b080600 07080200 
000063b0: 0f055401 0f01545e 00000000 00008c9c 
000063c0: 104694a8 10467c9d 106664a9 15660020 
000063d0: 000044c3 10869f40 54100024 40009046 
000063e0: 0b009f80 5412001a 38009046 0b009705 
000063f0: 55140010 1000f0d0 00009705 54160018 
00006400: 0000d0d0 10005740 54100060 20902870 
00006410: 04000f06 04010000 0f040419 0f015422 
00006420: 01000000 00000a90 238e0200 17080200 
00006430: 0f055401 0f015484 00000000 000044ee 
00006440: 22000a00 00000a10 3b080600 07080200 
00006450: 0f055401 0f01545e 00000000 00008c9c 
00006460: 104694a8 10467c9d 106664a9 15660020 
00006470: 000044c3 10869f40 54080024 40009046 
00006480: 0b009f80 540a001a 38009046 0b009705 
00006490: 550c0010 1000f0d0 00009705 540e0018 
000064a0: 0000d0d0 10005740 54080060 20902870 
000064b0: 04000f06 04010000 0f040419 0f01547c 
000064c0: 00000000 00000a10 3b0e0600 17080200 
000064d0: 0f055401 0f01545e 00000000 00008c9c 
000064e0: 104694a8 10467c9d 106664a9 15660020 
000064f0: 000044c3 10869f40 54000024 40009046 
00006500: 0b009f80 5402001a 38009046 0b009705 
00006510: 55040010 1000f0d0 00009705 54060018 
00006520: 0000d0d0 10005740 54000060 20902850 
00006530: 04000f06 04010000 0f060401 00000f06 
00006540: 04010000 0f040419 0f015476 02000000 
00006550: 00000a90 330e0200 17080200 0f055401 
00006560: 0f01542a 01000000 000044f8 22000a00 
00006570: 00000a90 23880200 07080200 0f055401 
00006580: 0f015484 00000000 000044f4 22000a00 
00006590: 00000a10 3b080600 07080200 0f055401 
000065a0: 0f01545e 00000000 00008c9c 104694a8 
000065b0: 10467c9d 106664a9 15660020 000044c3 
000065c0: 10869f40 54100024 40009046 0b009f80 
000065d0: 5412001a 38009046 0b009705 55140010 
000065e0: 1000f0d0 00009705 54160018 0000d0d0 
000065f0: 10005740 54100060 20902850 04000f06 
00006600: 04010000 0f040419 0f01547c 00000000 
00006610: 00000a10 3b080600 07080200 0f055401 
00006620: 0f01545e 00000000 00008c9c 104694a8 
00006630: 10467c9d 106664a9 15660020 000044c3 
00006640: 10869f40 54080024 40009046 0b009f80 
00006650: 540a001a 38009046 0b009705 550c0010 
00006660: 1000f0d0 00009705 540e0018 0000d0d0 
00006670: 10005740 54080060 20902890 04000f06 
00006680: 04010000 0f060401 00000f04 04190f01 
00006690: 542a0100 00000000 44802200 0c000000 
000066a0: 0a902388 02000708 02000f05 54010f01 
000066b0: 54840000 00000000 44fc2200 0a000000 
000066c0: 0a103b08 06000708 02000f05 54010f01 
000066d0: 545e0000 00000000 8c9c1046 94a81046 
000066e0: 7c9d1066 64a91566 00200000 44c31086 
000066f0: 9f405400 00244000 90460b00 9f805402 
00006700: 001a3800 90460b00 97055504 00101000 
00006710: f0d00000 97055406 00180000 d0d01000 
00006720: 57405400 00602090 28900400 0f060401 
00006730: 00000f04 04190f01 547c0000 00000000 
00006740: 0a103b08 06000708 02000f05 54010f01 
00006750: 545e0000 00000000 8c9c1046 94a81046 
00006760: 7c9d1066 64a91566 00200000 44c31086 
00006770: 9f405418 00244000 90460b00 9f80541a 
00006780: 001a3800 90460b00 9705551c 00101000 
00006790: f0d00000 9705541e 00180000 d0d01000 
000067a0: 57405418 00602090 28100400 0f060401 
000067b0: 00000f06 04010000 0f060401 00000f06 
000067c0: 04010000 0f060401 00000f04 04190f01 
000067d0: 54120900 00000000 7ca02202 0c006009 
000067e0: 0a90330e 02000708 02000f05 54010f01 
000067f0: 54780400 00000000 44902200 0c000000 
00006800: 0a903308 02000708 02000f05 54010f01 
00006810: 54d80100 00000000 44882200 0c000000 
00006820: 0a903308 02000708 02000f05 54010f01 
00006830: 54840000 00000000 44842200 0c000000 
00006840: 0a103b08 06000708 02000f05 54010f01 
00006850: 545e0000 00000000 8c9c1046 94a81046 
00006860: 7c9d1066 64a91566 00200000 44c31086 
00006870: 9f405410 00244000 90460b00 9f805412 
00006880: 001a3800 90460b00 97055514 00101000 
00006890: f0d00000 97055416 00180000 d0d01000 
000068a0: 57405410 00602090 28100400 0f060401 
000068b0: 00000f04 04190f01 542a0100 00000000 
000068c0: 448c2200 0c000000 0a902388 02000708 
000068d0: 02000f05 54010f01 54840000 00000000 
000068e0: 44882200 0c000000 0a103b08 06000708 
000068f0: 02000f05 54010f01 545e0000 00000000 
00006900: 8c9c1046 94a81046 7c9d1066 64a91566 
00006910: 00200000 44c31086 9f405408 00244000 
00006920: 90460b00 9f80540a 001a3800 90460b00 
00006930: 9705550c 00101000 f0d00000 9705540e 
00006940: 00180000 d0d01000 57405408 00602090 
00006950: 28300400 0f060401 00000f04 04190f01 
00006960: 547c0000 00000000 0a103b08 06000708 
00006970: 02000f05 54010f01 545e0000 00000000 
00006980: 8c9c1046 94a81046 7c9d1066 64a91566 
00006990: 00200000 44c31086 9f405400 00244000 
000069a0: 90460b00 9f805402 001a3800 90460b00 
000069b0: 97055504 00101000 f0d00000 97055406 
000069c0: 00180000 d0d01000 57405400 00602090 
000069d0: 28300400 0f060401 00000f06 04010000 
000069e0: 0f060401 00000f04 04190f01 54760200 
000069f0: 00000000 7c982202 0c00e008 0a90330e 
00006a00: 02000708 02000f05 54010f01 542a0100 
00006a10: 00000000 44942200 0c000000 0a902388 
00006a20: 02000708 02000f05 54010f01 54840000 
00006a30: 00000000 44902200 0c000000 0a103b08 
00006a40: 06000708 02000f05 54010f01 545e0000 
00006a50: 00000000 8c9c1046 94a81046 7c9d1066 
00006a60: 64a91566 00200000 44c31086 9f405418 
00006a70: 00244000 90460b00 9f80541a 001a3800 
00006a80: 90460b00 9705551c 00101000 f0d00000 
00006a90: 9705541e 00180000 d0d01000 57405418 
00006aa0: 00602090 28100400 0f060401 00000f04 
00006ab0: 04190f01 547c0000 00000000 0a103b08 
00006ac0: 06000708 02000f05 54010f01 545e0000 
00006ad0: 00000000 8c9c1046 94a81046 7c9d1066 
00006ae0: 64a91566 00200000 44c31086 9f405410 
00006af0: 00244000 90460b00 9f805412 001a3800 
00006b00: 90460b00 97055514 00101000 f0d00000 
00006b10: 97055416 00180000 d0d01000 57405410 
00006b20: 00602090 28100400 0f060401 00000f06 
00006b30: 04010000 0f040419 0f015422 01000000 
00006b40: 00000a90 238e0200 17080200 0f055401 
00006b50: 0f015484 00000000 00004498 22000c00 
00006b60: 00000a10 3b080600 07080200 0f055401 
00006b70: 0f01545e 00000000 00008c9c 104694a8 
00006b80: 10467c9d 106664a9 15660020 000044c3 
00006b90: 10869f40 54080024 40009046 0b009f80 
00006ba0: 540a001a 38009046 0b009705 550c0010 
00006bb0: 1000f0d0 00009705 540e0018 0000d0d0 
00006bc0: 10005740 54080060 20902810 04000f06 
00006bd0: 04010000 0f040419 0f01547c 00000000 
00006be0: 00000a10 3b0e0600 17080200 0f055401 
00006bf0: 0f01545e 00000000 00008c9c 104694a8 
00006c00: 10467c9d 106664a9 15660020 000044c3 
00006c10: 10869f40 54000024 40009046 0b009f80 
00006c20: 5402001a 38009046 0b009705 55040010 
00006c30: 1000f0d0 00009705 54060018 0000d0d0 
00006c40: 10005740 54000060 20902810 04000f06 
00006c50: 04010000 0f060401 00000f06 04010000 
00006c60: 0f060401 00000f04 04190f01 54700400 
00006c70: 00000000 0a90330e 02001708 02000f05 
00006c80: 54010f01 54d80100 00000000 44a42200 
00006c90: 0c000000 0a903308 02000708 02000f05 
00006ca0: 54010f01 54840000 00000000 44a02200 
00006cb0: 0c000000 0a103b08 06000708 02000f05 
00006cc0: 54010f01 545e0000 00000000 8c9c1046 
00006cd0: 94a81046 7c9d1066 64a91566 00200000 
00006ce0: 44c31086 9f405410 00244000 90460b00 
00006cf0: 9f805412 001a3800 90460b00 97055514 
00006d00: 00101000 f0d00000 97055416 00180000 
00006d10: d0d01000 57405410 00602090 28100400 
00006d20: 0f060401 00000f04 04190f01 542a0100 
00006d30: 00000000 44a82200 0c000000 0a902388 
00006d40: 02000708 02000f05 54010f01 54840000 
00006d50: 00000000 44a42200 0c000000 0a103b08 
00006d60: 06000708 02000f05 54010f01 545e0000 
00006d70: 00000000 8c9c1046 94a81046 7c9d1066 
00006d80: 64a91566 00200000 44c31086 9f405408 
00006d90: 00244000 90460b00 9f80540a 001a3800 
00006da0: 90460b00 9705550c 00101000 f0d00000 
00006db0: 9705540e 00180000 d0d01000 57405408 
00006dc0: 00602090 28300400 0f060401 00000f04 
00006dd0: 04190f01 547c0000 00000000 0a103b08 
00006de0: 06000708 02000f05 54010f01 545e0000 
00006df0: 00000000 8c9c1046 94a81046 7c9d1066 
00006e00: 64a91566 00200000 44c31086 9f405400 
00006e10: 00244000 90460b00 9f805402 001a3800 
00006e20: 90460b00 97055504 00101000 f0d00000 
00006e30: 97055406 00180000 d0d01000 57405400 
00006e40: 00602090 28100400 0f060401 00000f06 
00006e50: 04010000 0f060401 00000f04 04190f01 
00006e60: 54760200 00000000 7cb42202 0c00c009 
00006e70: 0a90330e 02000708 02000f05 54010f01 
00006e80: 542a0100 00000000 44b02200 0c000000 
00006e90: 0a902388 02000708 02000f05 54010f01 
00006ea0: 54840000 00000000 44ac2200 0c000000 
00006eb0: 0a103b08 06000708 02000f05 54010f01 
00006ec0: 545e0000 00000000 8c9c1046 94a81046 
00006ed0: 7c9d1066 64a91566 00200000 44c31086 
00006ee0: 9f405418 00244000 90460b00 9f80541a 
00006ef0: 001a3800 90460b00 9705551c 00101000 
00006f00: f0d00000 9705541e 00180000 d0d01000 
00006f10: 57405418 00602090 28700400 0f060401 
00006f20: 00000f04 04190f01 547c0000 00000000 
00006f30: 0a103b08 06000708 02000f05 54010f01 
00006f40: 545e0000 00000000 8c9c1046 94a81046 
00006f50: 7c9d1066 64a91566 00200000 44c31086 
00006f60: 9f405410 00244000 90460b00 9f805412 
00006f70: 001a3800 90460b00 97055514 00101000 
00006f80: f0d00000 97055416 00180000 d0d01000 
00006f90: 57405410 00602090 28700400 0f060401 
00006fa0: 00000f06 04010000 0f040419 0f015422 
00006fb0: 01000000 00000a90 238e0200 17080200 
00006fc0: 0f055401 0f015484 00000000 000044b4 
00006fd0: 22000c00 00000a10 3b080600 07080200 
00006fe0: 0f055401 0f01545e 00000000 00008c9c 
00006ff0: 104694a8 10467c9d 106664a9 15660020 
00007000: 000044c3 10869f40 54000024 40009046 
00007010: 0b009f80 5402001a 38009046 0b009705 
00007020: 55040010 1000f0d0 00009705 54060018 
00007030: 0000d0d0 10005740 54000060 20902870 
00007040: 04000f06 04010000 0f040419 0f01547c 
00007050: 00000000 00000a10 3b0e0600 17080200 
00007060: 0f055401 0f01545e 00000000 00008c9c 
00007070: 104694a8 10467c9d 106664a9 15660020 
00007080: 000044c3 10869f40 54080024 40009046 
00007090: 0b009f80 540a001a 38009046 0b009705 
000070a0: 550c0010 1000f0d0 00009705 540e0018 
000070b0: 0000d0d0 10005740 54080060 20902810 
000070c0: 04000f06 04010000 0f060401 00000f06 
000070d0: 04010000 0f060401 00000f06 04010000 
000070e0: 0f060401 00000f06 04010000 0f060401 
000070f0: 00000f06 04010000 0f060401 00009f11 
00007100: 540c0310 18881104 7b0d279f 10020000 
00007110: 00002700 54100302 3800d012 04007b83 
00007120: 22912b0b 3b052a0f 2b800600 07020000 
00007130: 0a052380 06000702 00000f05 54250f01 
00007140: 547a4200 00000000 92912501 26800600 
00007150: 20817b91 27090002 00006000 3a0f0b91 
00007160: 26810700 80121b03 1b110f05 54050f01 
00007170: 54444200 00000000 6700540a 01032000 
00007180: 51810440 46006700 44060183 20005180 
00007190: 0e404600 a700560f 03142200 e0108100 
000071a0: 438a37ff 18020000 00009f00 540e0310 
000071b0: 70010022 0200a700 54080314 6000e011 
000071c0: 11009f01 540a031c 3c001615 9f015408 
000071d0: 03142040 16052a88 232e0200 170a0200 
000071e0: 0f055405 0f0154c4 1f000000 00002a88 
000071f0: 23120200 170a0200 0f055405 0f01542c 
00007200: 0f000000 00002a88 33f00200 07020200 
00007210: 0f055405 0f015414 07000000 00002a88 
00007220: 33d40200 07020200 0f055405 0f015432 
00007230: 03000000 00002a88 33c80200 07020200 
00007240: 0f055405 0f015488 01000000 00002a88 
00007250: 33c40200 07020200 0f055405 0f01546c 
00007260: 00000000 00002a08 3bc00600 07020200 
00007270: 0f055405 0f01544e 00000000 00007c9c 
00007280: 102684a8 10265c9d 102634a9 15260040 
00007290: 00009f20 54100020 38009006 0b009f00 
000072a0: 5412000e 28009006 0b009705 5414000c 
000072b0: 0000d0c0 10005710 541000c0 a080a875 
000072c0: 04000f06 04010000 0f040419 0f0154fa 
000072d0: 00000000 00002a88 33c60200 07020200 
000072e0: 0f055405 0f01546c 00000000 00002a08 
000072f0: 3bc40600 07020200 0f055405 0f01544e 
00007300: 00000000 00007c9c 102684a8 10265c9d 
00007310: 102634a9 15260040 00009f20 54080020 
00007320: 38009046 0b009f00 540a000e 28009046 
00007330: 0b009705 540c000c 0000d0d0 10005740 
00007340: 540800c0 a0a0a875 04000f06 04010000 
00007350: 0f040419 0f01546c 00000000 00002a08 
00007360: 3bc60600 07020200 0f055405 0f01544e 
00007370: 00000000 00007c9c 102684a8 10265c9d 
00007380: 102634a9 15260040 00009f20 54000020 
00007390: 38009056 0b009f00 5402000e 28009056 
000073a0: 0b009705 5404000c 0000d0d4 10005780 
000073b0: 540000c0 a0b0a875 04000f06 04010000 
000073c0: 0f060401 00000f06 04010000 0f040419 
000073d0: 0f015488 01000000 00002a88 33cc0200 
000073e0: 07020200 0f055405 0f01546c 00000000 
000073f0: 00002a08 3bc80600 07020200 0f055405 
00007400: 0f01544e 00000000 00007c9c 102684a8 
00007410: 10265c9d 102634a9 15260040 00009f20 
00007420: 54100020 38009086 0b009f00 5412000e 
00007430: 28009086 0b009705 5414000c 0000d0e0 
00007440: 10005700 551000c0 a0d0a855 04000f06 
00007450: 04010000 0f040419 0f0154fa 00000000 
00007460: 00002a88 33d00200 07020200 0f055405 
00007470: 0f01546c 00000000 00002a08 3bcc0600 
00007480: 07020200 0f055405 0f01544e 00000000 
00007490: 00007c9c 102684a8 10265c9d 102634a9 
000074a0: 15260040 00009f20 54080020 38009096 
000074b0: 0b009f00 540a000e 28009096 0b009705 
000074c0: 540c000c 0000d0e4 10005700 560800c0 
000074d0: a0d0a855 04000f06 04010000 0f040419 
000074e0: 0f01546c 00000000 00002a08 3bd00600 
000074f0: 07020200 0f055405 0f01544e 00000000 
00007500: 00007c9c 102684a8 10265c9d 102634a9 
00007510: 15260040 00009f20 54000020 38009096 
00007520: 0b009f00 5402000e 28009096 0b009705 
00007530: 5404000c 0000d0e4 10005700 560000c0 
00007540: a0d0a895 04000f06 04010000 0f060401 
00007550: 00000f06 04010000 0f060401 00000f04 
00007560: 04190f01 54c00300 00000000 2a8833e0 
00007570: 02000702 02000f05 54050f01 54880100 
00007580: 00000000 2a8833d8 02000702 02000f05 
00007590: 54050f01 546c0000 00000000 2a083bd4 
000075a0: 06000702 02000f05 54050f01 544e0000 
000075b0: 00000000 7c9c1026 84a81026 5c9d1026 
000075c0: 34a91526 00400000 9f205410 00203800 
000075d0: 90960b00 9f005412 000e2800 90960b00 
000075e0: 97055414 000c0000 d0e41000 57005610 
000075f0: 00c0a0d0 a8950400 0f060401 00000f04 
00007600: 04190f01 54fa0000 00000000 2a8833dc 
00007610: 02000702 02000f05 54050f01 546c0000 
00007620: 00000000 2a083bd8 06000702 02000f05 
00007630: 54050f01 544e0000 00000000 7c9c1026 
00007640: 84a81026 5c9d1026 34a91526 00400000 
00007650: 9f205408 00203800 90960b00 9f00540a 
00007660: 000e2800 90960b00 9705540c 000c0000 
00007670: d0e41000 57005608 00c0a0d0 a8150400 
00007680: 0f060401 00000f04 04190f01 546c0000 
00007690: 00000000 2a083bdc 06000702 02000f05 
000076a0: 54050f01 544e0000 00000000 7c9c1026 
000076b0: 84a81026 5c9d1026 34a91526 00400000 
000076c0: 9f205400 00203800 90960b00 9f005402 
000076d0: 000e2800 90960b00 97055404 000c0000 
000076e0: d0e41000 57005600 00c0a0d0 a8150400 
000076f0: 0f060401 00000f06 04010000 0f060401 
00007700: 00000f04 04190f01 54160200 00000000 
00007710: 2a8833e8 02000702 02000f05 54050f01 
00007720: 54fa0000 00000000 2a8833e4 02000702 
00007730: 02000f05 54050f01 546c0000 00000000 
00007740: 2a083be0 06000702 02000f05 54050f01 
00007750: 544e0000 00000000 7c9c1026 84a81026 
00007760: 5c9d1026 34a91526 00400000 9f205418 
00007770: 00203800 90960b00 9f00541a 000e2800 
00007780: 90960b00 9705541c 000c0000 d0e41000 
00007790: 57005618 00c0a0d0 a8350400 0f060401 
000077a0: 00000f04 04190f01 546c0000 00000000 
000077b0: 2a083be4 06000702 02000f05 54050f01 
000077c0: 544e0000 00000000 7c9c1026 84a81026 
000077d0: 5c9d1026 34a91526 00400000 9f205410 
000077e0: 00203800 90960b00 9f005412 000e2800 
000077f0: 90960b00 97055414 000c0000 d0e41000 
00007800: 57005610 00c0a0d0 a8350400 0f060401 
00007810: 00000f06 04010000 0f040419 0f0154fa 
00007820: 00000000 00002a88 33ec0200 07020200 
00007830: 0f055405 0f01546c 00000000 00002a08 
00007840: 3be80600 07020200 0f055405 0f01544e 
00007850: 00000000 00007c9c 102684a8 10265c9d 
00007860: 102634a9 15260040 00009f20 54080020 
00007870: 38009096 0b009f00 540a000e 28009096 
00007880: 0b009705 540c000c 0000d0e4 10005700 
00007890: 560800c0 a0d0a815 04000f06 04010000 
000078a0: 0f040419 0f01546c 00000000 00002a08 
000078b0: 3bec0600 07020200 0f055405 0f01544e 
000078c0: 00000000 00007c9c 102684a8 10265c9d 
000078d0: 102634a9 15260040 00009f20 54000020 
000078e0: 38009096 0b009f00 5402000e 28009096 
000078f0: 0b009705 5404000c 0000d0e4 10005700 
00007900: 560000c0 a0d0a815 04000f06 04010000 
00007910: 0f060401 00000f06 04010000 0f060401 
00007920: 00000f06 04010000 0f040419 0f0154f6 
00007930: 07000000 00002a88 230c0200 070a0200 
00007940: 0f055405 0f0154c4 03000000 00002a88 
00007950: 33fc0200 07020200 0f055405 0f015488 
00007960: 01000000 00002a88 33f40200 07020200 
00007970: 0f055405 0f01546c 00000000 00002a08 
00007980: 3bf00600 07020200 0f055405 0f01544e 
00007990: 00000000 00007c9c 102684a8 10265c9d 
000079a0: 102634a9 15260040 00009f20 54100020 
000079b0: 38009096 0b009f00 5412000e 28009096 
000079c0: 0b009705 5414000c 0000d0e4 10005700 
000079d0: 561000c0 a0d0a815 04000f06 04010000 
000079e0: 0f040419 0f0154fa 00000000 00002a88 
000079f0: 33f80200 07020200 0f055405 0f01546c 
00007a00: 00000000 00002a08 3bf40600 07020200 
00007a10: 0f055405 0f01544e 00000000 00007c9c 
00007a20: 102684a8 10265c9d 102634a9 15260040 
00007a30: 00009f20 54080020 38009096 0b009f00 
00007a40: 540a000e 28009096 0b009705 540c000c 
00007a50: 0000d0e4 10005700 560800c0 a0d0a815 
00007a60: 04000f06 04010000 0f040419 0f01546c 
00007a70: 00000000 00002a08 3bf80600 07020200 
00007a80: 0f055405 0f01544e 00000000 00007c9c 
00007a90: 102684a8 10265c9d 102634a9 15260040 
00007aa0: 00009f20 54000020 38009096 0b009f00 
00007ab0: 5402000e 28009096 0b009705 5404000c 
00007ac0: 0000d0e4 10005700 560000c0 a0d0a815 
00007ad0: 04000f06 04010000 0f060401 00000f06 
00007ae0: 04010000 0f040419 0f01541a 02000000 
00007af0: 00002a88 230a0200 070a0200 0f055405 
00007b00: 0f0154fe 00000000 00003a88 33fe0200 
00007b10: 16020200 0f055405 0f01546c 00000000 
00007b20: 00002a08 3bfc0600 07020200 0f055405 
00007b30: 0f01544e 00000000 00007c9c 102684a8 
00007b40: 10265c9d 102634a9 15260040 00009f20 
00007b50: 54180020 38009096 0b009f00 541a000e 
00007b60: 28009096 0b009705 541c000c 0000d0e4 
00007b70: 10005700 561800c0 a0d0a835 04000f06 
00007b80: 04010000 0f040419 0f015470 00000000 
00007b90: 00003480 26000440 00002a08 3b060600 
00007ba0: 17080200 0f055405 0f01544a 00000000 
00007bb0: 00007c9c 102684a8 10265c9d 102634a9 
00007bc0: 14269f20 54100020 38009096 0b009f00 
00007bd0: 5412000e 28009096 0b009705 5414000c 
00007be0: 0000d0e4 10005700 561000c0 a0d0a815 
00007bf0: 04000f06 04010000 0f060401 00000f04 
00007c00: 04190f01 54fa0000 00000000 2a88230a 
00007c10: 0200170a 02000f05 54050f01 546c0000 
00007c20: 00000000 2a082b0a 0600070a 02000f05 
00007c30: 54050f01 544e0000 00000000 7c9c1026 
00007c40: 84a81026 5c9d1026 34a91526 00400000 
00007c50: 9f205408 00203800 90960b00 9f00540a 
00007c60: 000e2800 90960b00 9705540c 000c0000 
00007c70: d0e41000 57005608 00c0a0d0 a8750400 
00007c80: 0f060401 00000f04 04190f01 546c0000 
00007c90: 00000000 2a082b0a 0600170a 02000f05 
00007ca0: 54050f01 544e0000 00000000 7c9c1026 
00007cb0: 84a81026 5c9d1026 34a91526 00400000 
00007cc0: 9f205400 00203800 90960b00 9f005402 
00007cd0: 000e2800 90960b00 97055404 000c0000 
00007ce0: d0e41000 57005600 00c0a0d0 a8750400 
00007cf0: 0f060401 00000f06 04010000 0f060401 
00007d00: 00000f06 04010000 0f040419 0f015410 
00007d10: 04000000 00002a88 230e0200 170a0200 
00007d20: 0f055405 0f015498 01000000 00002a88 
00007d30: 230c0200 170a0200 0f055405 0f01546c 
00007d40: 00000000 00002a08 2b0c0600 070a0200 
00007d50: 0f055405 0f01544e 00000000 00007c9c 
00007d60: 102684a8 10265c9d 102634a9 15260040 
00007d70: 00009f20 54100020 38009096 0b009f00 
00007d80: 5412000e 28009096 0b009705 5414000c 
00007d90: 0000d0e4 10005700 561000c0 a0d0a875 
00007da0: 04000f06 04010000 0f040419 0f01540a 
00007db0: 01000000 00002a88 230e0200 070a0200 
00007dc0: 0f055405 0f01546c 00000000 00002a08 
00007dd0: 2b0c0600 170a0200 0f055405 0f01544e 
00007de0: 00000000 00007c9c 102684a8 10265c9d 
00007df0: 102634a9 15260040 00009f20 54080020 
00007e00: 38009096 0b009f00 540a000e 28009096 
00007e10: 0b009705 540c000c 0000d0e4 10005700 
00007e20: 560800c0 a0d0a815 04000f06 04010000 
00007e30: 0f040419 0f01547c 00000000 00002a08 
00007e40: 2b0e0600 070a0200 0f055405 0f01545e 
00007e50: 00000000 00007c9c 102684a8 10265c9d 
00007e60: 102644a9 102634c3 15260040 00009f20 
00007e70: 54000020 38009096 0b009f00 54020010 
00007e80: 28009096 0b009705 5404000e 1000f0e4 
00007e90: 00009705 5406000c 0000d0e4 10005700 
00007ea0: 560000c0 a0d02875 04000f06 04010000 
00007eb0: 0f060401 00000f06 04010000 0f040419 
00007ec0: 0f015456 02000000 00002a88 23100200 
00007ed0: 170a0200 0f055405 0f01541a 01000000 
00007ee0: 00002a88 23100200 070a0200 0f055405 
00007ef0: 0f01547c 00000000 00002a08 2b0e0600 
00007f00: 170a0200 0f055405 0f01545e 00000000 
00007f10: 00007c9c 102684a8 10265c9d 102644a9 
00007f20: 102634c3 15260040 00009f20 54100020 
00007f30: 38009096 0b009f00 54120010 28009096 
00007f40: 0b009705 5414000e 1000f0e4 00009705 
00007f50: 5416000c 0000d0e4 10005700 561000c0 
00007f60: a0d02875 04000f06 04010000 0f040419 
00007f70: 0f01547c 00000000 00002a08 2b100600 
00007f80: 070a0200 0f055405 0f01545e 00000000 
00007f90: 00007c9c 102684a8 10265c9d 102644a9 
00007fa0: 102634c3 15260040 00009f20 54080020 
00007fb0: 38009096 0b009f00 540a0010 28009096 
00007fc0: 0b009705 540c000e 1000f0e4 00009705 
00007fd0: 540e000c 0000d0e4 10005700 560800c0 
00007fe0: a0d02875 04000f06 04010000 0f060401 
00007ff0: 00000f04 04190f01 541a0100 00000000 
00008000: 2a882312 0200070a 02000f05 54050f01 
00008010: 547c0000 00000000 2a082b10 0600170a 
00008020: 02000f05 54050f01 545e0000 00000000 
00008030: 7c9c1026 84a81026 5c9d1026 44a91026 
00008040: 34c31526 00400000 9f205400 00203800 
00008050: 90960b00 9f005402 00102800 90960b00 
00008060: 97055404 000e1000 f0e40000 97055406 
00008070: 000c0000 d0e41000 57005600 00c0a0d0 
00008080: 28550400 0f060401 00000f04 04190f01 
00008090: 547c0000 00000000 2a082b12 0600070a 
000080a0: 02000f05 54050f01 545e0000 00000000 
000080b0: 7c9c1026 84a81026 5c9d1026 44a91026 
000080c0: 34c31526 00400000 9f205418 00203800 
000080d0: 90960b00 9f00541a 00102800 90960b00 
000080e0: 9705541c 000e1000 f0e40000 9705541e 
000080f0: 000c0000 d0e41000 57005618 00c0a0d0 
00008100: 28550400 0f060401 00000f06 04010000 
00008110: 0f060401 00000f06 04010000 0f060401 
00008120: 00000f06 04010000 0f040419 0f015476 
00008130: 10000000 00002a88 23200200 170a0200 
00008140: 0f055405 0f015482 08000000 00002a88 
00008150: 231a0200 070a0200 0f055405 0f015430 
00008160: 04000000 00002a88 23160200 070a0200 
00008170: 0f055405 0f0154b8 01000000 00002a88 
00008180: 23140200 070a0200 0f055405 0f01547c 
00008190: 00000000 00002a08 2b120600 170a0200 
000081a0: 0f055405 0f01545e 00000000 00007c9c 
000081b0: 102684a8 10265c9d 102644a9 102634c3 
000081c0: 15260040 00009f20 54100020 38009096 
000081d0: 0b009f00 54120010 28009096 0b009705 
000081e0: 5414000e 1000f0e4 00009705 5416000c 
000081f0: 0000d0e4 10005700 561000c0 a0d02895 
00008200: 04000f06 04010000 0f040419 0f01541a 
00008210: 01000000 00002a88 23140200 170a0200 
00008220: 0f055405 0f01547c 00000000 00002a08 
00008230: 2b140600 070a0200 0f055405 0f01545e 
00008240: 00000000 00007c9c 102684a8 10265c9d 
00008250: 102644a9 102634c3 15260040 00009f20 
00008260: 54080020 38009096 0b009f00 540a0010 
00008270: 28009096 0b009705 540c000e 1000f0e4 
00008280: 00009705 540e000c 0000d0e4 10005700 
00008290: 560800c0 a0d02895 04000f06 04010000 
000082a0: 0f040419 0f01547c 00000000 00002a08 
000082b0: 2b140600 170a0200 0f055405 0f01545e 
000082c0: 00000000 00007c9c 102684a8 10265c9d 
000082d0: 102644a9 102634c3 15260040 00009f20 
000082e0: 54000020 38009096 0b009f00 54020010 
000082f0: 28009096 0b009705 5404000e 1000f0e4 
00008300: 00009705 5406000c 0000d0e4 10005700 
00008310: 560000c0 a0d02815 04000f06 04010000 
00008320: 0f060401 00000f06 04010000 0f040419 
00008330: 0f015456 02000000 00002a88 23180200 
00008340: 070a0200 0f055405 0f01541a 01000000 
00008350: 00002a88 23160200 170a0200 0f055405 
00008360: 0f01547c 00000000 00002a08 2b160600 
00008370: 070a0200 0f055405 0f01545e 00000000 
00008380: 00007c9c 102684a8 10265c9d 102644a9 
00008390: 102634c3 15260040 00009f20 54180020 
000083a0: 38009096 0b009f00 541a0010 28009096 
000083b0: 0b009705 541c000e 1000f0e4 00009705 
000083c0: 541e000c 0000d0e4 10005700 561800c0 
000083d0: a0d02815 04000f06 04010000 0f040419 
000083e0: 0f01547c 00000000 00002a08 2b160600 
000083f0: 170a0200 0f055405 0f01545e 00000000 
00008400: 00007c9c 102684a8 10265c9d 102644a9 
00008410: 102634c3 15260040 00009f20 54100020 
00008420: 38009096 0b009f00 54120010 28009096 
00008430: 0b009705 5414000e 1000f0e4 00009705 
00008440: 5416000c 0000d0e4 10005700 561000c0 
00008450: a0d02835 04000f06 04010000 0f060401 
00008460: 00000f04 04190f01 541a0100 00000000 
00008470: 2a882318 0200170a 02000f05 54050f01 
00008480: 547c0000 00000000 2a082b18 0600070a 
00008490: 02000f05 54050f01 545e0000 00000000 
000084a0: 7c9c1026 84a81026 5c9d1026 44a91026 
000084b0: 34c31526 00400000 9f205408 00203800 
000084c0: 90960b00 9f00540a 00102800 90960b00 
000084d0: 9705540c 000e1000 f0e40000 9705540e 
000084e0: 000c0000 d0e41000 57005608 00c0a0d0 
000084f0: 28350400 0f060401 00000f04 04190f01 
00008500: 547c0000 00000000 2a082b18 0600170a 
00008510: 02000f05 54050f01 545e0000 00000000 
00008520: 7c9c1026 84a81026 5c9d1026 44a91026 
00008530: 34c31526 00400000 9f205400 00203800 
00008540: 90960b00 9f005402 00102800 90960b00 
00008550: 97055404 000e1000 f0e40000 97055406 
00008560: 000c0000 d0e41000 57005600 00c0a0d0 
00008570: 28150400 0f060401 00000f06 04010000 
00008580: 0f060401 00000f06 04010000 0f040419 
00008590: 0f015430 04000000 00002a88 231c0200 
000085a0: 170a0200 0f055405 0f0154b8 01000000 
000085b0: 00002a88 231a0200 170a0200 0f055405 
000085c0: 0f01547c 00000000 00002a08 2b1a0600 
000085d0: 070a0200 0f055405 0f01545e 00000000 
000085e0: 00007c9c 102684a8 10265c9d 102644a9 
000085f0: 102634c3 15260040 00009f20 54100020 
00008600: 38009096 0b009f00 54120010 28009096 
00008610: 0b009705 5414000e 1000f0e4 00009705 
00008620: 5416000c 0000d0e4 10005700 561000c0 
00008630: a0d02815 04000f06 04010000 0f040419 
00008640: 0f01541a 01000000 00002a88 231c0200 
00008650: 070a0200 0f055405 0f01547c 00000000 
00008660: 00002a08 2b1a0600 170a0200 0f055405 
00008670: 0f01545e 00000000 00007c9c 102684a8 
00008680: 10265c9d 102644a9 102634c3 15260040 
00008690: 00009f20 54080020 38009096 0b009f00 
000086a0: 540a0010 28009096 0b009705 540c000e 
000086b0: 1000f0e4 00009705 540e000c 0000d0e4 
000086c0: 10005700 560800c0 a0d02815 04000f06 
000086d0: 04010000 0f040419 0f01547c 00000000 
000086e0: 00002a08 2b1c0600 070a0200 0f055405 
000086f0: 0f01545e 00000000 00007c9c 102684a8 
00008700: 10265c9d 102644a9 102634c3 15260040 
00008710: 00009f20 54000020 38009096 0b009f00 
00008720: 54020010 28009096 0b009705 5404000e 
00008730: 1000f0e4 00009705 5406000c 0000d0e4 
00008740: 10005700 560000c0 a0d02815 04000f06 
00008750: 04010000 0f060401 00000f06 04010000 
00008760: 0f040419 0f015456 02000000 00002a88 
00008770: 231e0200 170a0200 0f055405 0f01541a 
00008780: 01000000 00002a88 231e0200 070a0200 
00008790: 0f055405 0f01547c 00000000 00002a08 
000087a0: 2b1c0600 170a0200 0f055405 0f01545e 
000087b0: 00000000 00007c9c 102684a8 10265c9d 
000087c0: 102644a9 102634c3 15260040 00009f20 
000087d0: 54100020 38009096 0b009f00 54120010 
000087e0: 28009096 0b009705 5414000e 1000f0e4 
000087f0: 00009705 5416000c 0000d0e4 10005700 
00008800: 561000c0 a0d02815 04000f06 04010000 
00008810: 0f040419 0f01547c 00000000 00002a08 
00008820: 2b1e0600 070a0200 0f055405 0f01545e 
00008830: 00000000 00007c9c 102684a8 10265c9d 
00008840: 102644a9 102634c3 15260040 00009f20 
00008850: 54080020 38009096 0b009f00 540a0010 
00008860: 28009096 0b009705 540c000e 1000f0e4 
00008870: 00009705 540e000c 0000d0e4 10005700 
00008880: 560800c0 a0d02835 04000f06 04010000 
00008890: 0f060401 00000f04 04190f01 541a0100 
000088a0: 00000000 2a882320 0200070a 02000f05 
000088b0: 54050f01 547c0000 00000000 2a082b1e 
000088c0: 0600170a 02000f05 54050f01 545e0000 
000088d0: 00000000 7c9c1026 84a81026 5c9d1026 
000088e0: 44a91026 34c31526 00400000 9f205400 
000088f0: 00203800 90960b00 9f005402 00102800 
00008900: 90960b00 97055404 000e1000 f0e40000 
00008910: 97055406 000c0000 d0e41000 57005600 
00008920: 00c0a0d0 28150400 0f060401 00000f04 
00008930: 04190f01 547c0000 00000000 2a082b20 
00008940: 0600070a 02000f05 54050f01 545e0000 
00008950: 00000000 7c9c1026 84a81026 5c9d1026 
00008960: 44a91026 34c31526 00400000 9f205410 
00008970: 00203800 90960b00 9f005412 00102800 
00008980: 90960b00 97055414 000e1000 f0e40000 
00008990: 97055416 000c0000 d0e41000 57005610 
000089a0: 00c0a0d0 28750400 0f060401 00000f06 
000089b0: 04010000 0f060401 00000f06 04010000 
000089c0: 0f060401 00000f04 04190f01 54d20700 
000089d0: 00000000 2a882328 0200070a 02000f05 
000089e0: 54050f01 54f00300 00000000 2a882324 
000089f0: 0200070a 02000f05 54050f01 54b80100 
00008a00: 00000000 2a882322 0200070a 02000f05 
00008a10: 54050f01 547c0000 00000000 2a082b20 
00008a20: 0600170a 02000f05 54050f01 545e0000 
00008a30: 00000000 7c9c1026 84a81026 5c9d1026 
00008a40: 44a91026 34c31526 00400000 9f205408 
00008a50: 00203800 90960b00 9f00540a 00102800 
00008a60: 90960b00 9705540c 000e1000 f0e40000 
00008a70: 9705540e 000c0000 d0e41000 57005608 
00008a80: 00c0a0d0 28750400 0f060401 00000f04 
00008a90: 04190f01 541a0100 00000000 2a882322 
00008aa0: 0200170a 02000f05 54050f01 547c0000 
00008ab0: 00000000 2a082b22 0600070a 02000f05 
00008ac0: 54050f01 545e0000 00000000 7c9c1026 
00008ad0: 84a81026 5c9d1026 44a91026 34c31526 
00008ae0: 00400000 9f205400 00203800 90960b00 
00008af0: 9f005402 00102800 90960b00 97055404 
00008b00: 000e1000 f0e40000 97055406 000c0000 
00008b10: d0e41000 57005600 00c0a0d0 28750400 
00008b20: 0f060401 00000f04 04190f01 547c0000 
00008b30: 00000000 2a082b22 0600170a 02000f05 
00008b40: 54050f01 545e0000 00000000 7c9c1026 
00008b50: 84a81026 5c9d1026 44a91026 34c31526 
00008b60: 00400000 9f205410 00203800 90960b00 
00008b70: 9f005412 00102800 90960b00 97055414 
00008b80: 000e1000 f0e40000 97055416 000c0000 
00008b90: d0e41000 57005610 00c0a0d0 28150400 
00008ba0: 0f060401 00000f06 04010000 0f060401 
00008bb0: 00000f04 04190f01 54160200 00000000 
00008bc0: 2a882326 0200070a 02000f05 54050f01 
00008bd0: 54fa0000 00000000 2a882324 0200170a 
00008be0: 02000f05 54050f01 546c0000 00000000 
00008bf0: 2a082b24 0600070a 02000f05 54050f01 
00008c00: 544e0000 00000000 7c9c1026 84a81026 
00008c10: 5c9d1026 34a91526 00400000 9f205420 
00008c20: 00203800 90960b00 9f005422 000e2800 
00008c30: 90960b00 97055426 000c0000 d0e41000 
00008c40: 57005620 00c0a0d0 28720400 0f060401 
00008c50: 00000f04 04190f01 546c0000 00000000 
00008c60: 2a082b24 0600170a 02000f05 54050f01 
00008c70: 544e0000 00000000 7c9c1026 84a81026 
00008c80: 5c9d1026 34a91526 00400000 9f205418 
00008c90: 00203800 90960b00 9f00541a 000e2800 
00008ca0: 90960b00 9705541e 000c0000 d0e41000 
00008cb0: 57005618 00c0a0d0 28720400 0f060401 
00008cc0: 00000f06 04010000 0f040419 0f0154fa 
00008cd0: 00000000 00002a88 23260200 170a0200 
00008ce0: 0f055405 0f01546c 00000000 00002a08 
00008cf0: 2b260600 070a0200 0f055405 0f01544e 
00008d00: 00000000 00007c9c 102684a8 10265c9d 
00008d10: 102634a9 15260040 00009f20 54080020 
00008d20: 38009096 0b009f00 540a000e 28009096 
00008d30: 0b009705 540e000c 0000d0e4 10005700 
00008d40: 560800c0 a0d02872 04000f06 04010000 
00008d50: 0f040419 0f01546c 00000000 00002a08 
00008d60: 2b260600 170a0200 0f055405 0f01544e 
00008d70: 00000000 00007c9c 102684a8 10265c9d 
00008d80: 102634a9 15260040 00009f20 54000020 
00008d90: 38009096 0b009f00 5402000e 28009096 
00008da0: 0b009705 5406000c 0000d0e4 10005700 
00008db0: 560000c0 a0d02852 04000f06 04010000 
00008dc0: 0f060401 00000f06 04010000 0f060401 
00008dd0: 00000f04 04190f01 54c00300 00000000 
00008de0: 2a88232a 0200170a 02000f05 54050f01 
00008df0: 54880100 00000000 2a882328 0200170a 
00008e00: 02000f05 54050f01 546c0000 00000000 
00008e10: 2a082b28 0600070a 02000f05 54050f01 
00008e20: 544e0000 00000000 7c9c1026 84a81026 
00008e30: 5c9d1026 34a91526 00400000 9f205410 
00008e40: 00203800 90960b00 9f005412 000e2800 
00008e50: 90960b00 97055416 000c0000 d0e41000 
00008e60: 57005610 00c0a0d0 28520400 0f060401 
00008e70: 00000f04 04190f01 54fa0000 00000000 
00008e80: 2a88232a 0200070a 02000f05 54050f01 
00008e90: 546c0000 00000000 2a082b28 0600170a 
00008ea0: 02000f05 54050f01 544e0000 00000000 
00008eb0: 7c9c1026 84a81026 5c9d1026 34a91526 
00008ec0: 00400000 9f205408 00203800 90960b00 
00008ed0: 9f00540a 000e2800 90960b00 9705540e 
00008ee0: 000c0000 d0e41000 57005608 00c0a0d0 
00008ef0: 28920400 0f060401 00000f04 04190f01 
00008f00: 546c0000 00000000 2a082b2a 0600070a 
00008f10: 02000f05 54050f01 544e0000 00000000 
00008f20: 7c9c1026 84a81026 5c9d1026 34a91526 
00008f30: 00400000 9f205400 00203800 90960b00 
00008f40: 9f005402 000e2800 90960b00 97055406 
00008f50: 000c0000 d0e41000 57005600 00c0a0d0 
00008f60: 28920400 0f060401 00000f06 04010000 
00008f70: 0f060401 00000f04 04190f01 54160200 
00008f80: 00000000 2a88232c 0200170a 02000f05 
00008f90: 54050f01 54fa0000 00000000 2a88232c 
00008fa0: 0200070a 02000f05 54050f01 546c0000 
00008fb0: 00000000 2a082b2a 0600170a 02000f05 
00008fc0: 54050f01 544e0000 00000000 7c9c1026 
00008fd0: 84a81026 5c9d1026 34a91526 00400000 
00008fe0: 9f205410 00203800 90960b00 9f005412 
00008ff0: 000e2800 90960b00 97055416 000c0000 
00009000: d0e41000 57005610 00c0a0d0 28120400 
00009010: 0f060401 00000f04 04190f01 546c0000 
00009020: 00000000 2a082b2c 0600070a 02000f05 
00009030: 54050f01 544e0000 00000000 7c9c1026 
00009040: 84a81026 5c9d1026 34a91526 00400000 
00009050: 9f205408 00203800 90960b00 9f00540a 
00009060: 000e2800 90960b00 9705540e 000c0000 
00009070: d0e41000 57005608 00c0a0d0 28120400 
00009080: 0f060401 00000f06 04010000 0f040419 
00009090: 0f0154fa 00000000 00002a88 232e0200 
000090a0: 070a0200 0f055405 0f01546c 00000000 
000090b0: 00002a08 2b2c0600 170a0200 0f055405 
000090c0: 0f01544e 00000000 00007c9c 102684a8 
000090d0: 10265c9d 102634a9 15260040 00009f20 
000090e0: 54000020 38009096 0b009f00 5402000e 
000090f0: 28009096 0b009705 5406000c 0000d0e4 
00009100: 10005700 560000c0 a0d02832 04000f06 
00009110: 04010000 0f040419 0f01546c 00000000 
00009120: 00002a08 2b2e0600 070a0200 0f055405 
00009130: 0f01544e 00000000 00007c9c 102684a8 
00009140: 10265c9d 102634a9 15260040 00009f20 
00009150: 54180020 38009096 0b009f00 541a000e 
00009160: 28009096 0b009705 541e000c 0000d0e4 
00009170: 10005700 561800c0 a0d02832 04000f06 
00009180: 04010000 0f060401 00000f06 04010000 
00009190: 0f060401 00000f06 04010000 0f060401 
000091a0: 00000f06 04010000 0f040419 0f015400 
000091b0: 22000000 00005c90 22020800 20082a88 
000091c0: 330a0200 07080200 0f055405 0f0154f8 
000091d0: 0f000000 00002a88 233c0200 070a0200 
000091e0: 0f055405 0f015438 07000000 00002a88 
000091f0: 23340200 170a0200 0f055405 0f015432 
00009200: 03000000 00002a88 23320200 070a0200 
00009210: 0f055405 0f015488 01000000 00002a88 
00009220: 23300200 070a0200 0f055405 0f01546c 
00009230: 00000000 00002a08 2b2e0600 170a0200 
00009240: 0f055405 0f01544e 00000000 00007c9c 
00009250: 102684a8 10265c9d 102634a9 15260040 
00009260: 00009f20 54100020 38009096 0b009f00 
00009270: 5412000e 28009096 0b009705 5416000c 
00009280: 0000d0e4 10005700 561000c0 a0d02812 
00009290: 04000f06 04010000 0f040419 0f0154fa 
000092a0: 00000000 00002a88 23300200 170a0200 
000092b0: 0f055405 0f01546c 00000000 00002a08 
000092c0: 2b300600 070a0200 0f055405 0f01544e 
000092d0: 00000000 00007c9c 102684a8 10265c9d 
000092e0: 102634a9 15260040 00009f20 54080020 
000092f0: 38009096 0b009f00 540a000e 28009096 
00009300: 0b009705 540e000c 0000d0e4 10005700 
00009310: 560800c0 a0d02812 04000f06 04010000 
00009320: 0f040419 0f01546c 00000000 00002a08 
00009330: 2b300600 170a0200 0f055405 0f01544e 
00009340: 00000000 00007c9c 102684a8 10265c9d 
00009350: 102634a9 15260040 00009f20 54000020 
00009360: 38009096 0b009f00 5402000e 28009096 
00009370: 0b009705 5406000c 0000d0e4 10005700 
00009380: 560000c0 a0d02812 04000f06 04010000 
00009390: 0f060401 00000f06 04010000 0f040419 
000093a0: 0f015488 01000000 00002a88 23320200 
000093b0: 170a0200 0f055405 0f01546c 00000000 
000093c0: 00002a08 2b320600 070a0200 0f055405 
000093d0: 0f01544e 00000000 00007c9c 102684a8 
000093e0: 10265c9d 102634a9 15260040 00009f20 
000093f0: 54100020 38009096 0b009f00 5412000e 
00009400: 28009096 0b009705 5416000c 0000d0e4 
00009410: 10005700 561000c0 a0d02812 04000f06 
00009420: 04010000 0f040419 0f0154fa 00000000 
00009430: 00002a88 23340200 070a0200 0f055405 
00009440: 0f01546c 00000000 00002a08 2b320600 
00009450: 170a0200 0f055405 0f01544e 00000000 
00009460: 00007c9c 102684a8 10265c9d 102634a9 
00009470: 15260040 00009f20 54080020 38009096 
00009480: 0b009f00 540a000e 28009096 0b009705 
00009490: 540e000c 0000d0e4 10005700 560800c0 
000094a0: a0d02812 04000f06 04010000 0f040419 
000094b0: 0f01546c 00000000 00002a08 2b340600 
000094c0: 070a0200 0f055405 0f01544e 00000000 
000094d0: 00007c9c 102684a8 10265c9d 102634a9 
000094e0: 15260040 00009f20 54000020 38009096 
000094f0: 0b009f00 5402000e 28009096 0b009705 
00009500: 5406000c 0000d0e4 10005700 560000c0 
00009510: a0d02832 04000f06 04010000 0f060401 
00009520: 00000f06 04010000 0f060401 00000f04 
00009530: 04190f01 54e40300 00000000 2a882338 
00009540: 0200070a 02000f05 54050f01 54880100 
00009550: 00000000 2a882336 0200070a 02000f05 
00009560: 54050f01 546c0000 00000000 2a082b34 
00009570: 0600170a 02000f05 54050f01 544e0000 
00009580: 00000000 7c9c1026 84a81026 5c9d1026 
00009590: 34a91526 00400000 9f205410 00203800 
000095a0: 90960b00 9f005412 000e2800 90960b00 
000095b0: 97055416 000c0000 d0e41000 57005610 
000095c0: 00c0a0d0 28120400 0f060401 00000f04 
000095d0: 04190f01 54fa0000 00000000 2a882336 
000095e0: 0200170a 02000f05 54050f01 546c0000 
000095f0: 00000000 2a082b36 0600070a 02000f05 
00009600: 54050f01 544e0000 00000000 7c9c1026 
00009610: 84a81026 5c9d1026 34a91526 00400000 
00009620: 9f205408 00203800 90960b00 9f00540a 
00009630: 000e2800 90960b00 9705540e 000c0000 
00009640: d0e41000 57005608 00c0a0d0 28720400 
00009650: 0f060401 00000f04 04190f01 546c0000 
00009660: 00000000 2a082b36 0600170a 02000f05 
00009670: 54050f01 544e0000 00000000 7c9c1026 
00009680: 84a81026 5c9d1026 34a91526 00400000 
00009690: 9f205400 00203800 90960b00 9f005402 
000096a0: 000e2800 90960b00 97055406 000c0000 
000096b0: d0e41000 57005600 00c0a0d0 28720400 
000096c0: 0f060401 00000f06 04010000 0f060401 
000096d0: 00000f04 04190f01 543a0200 00000000 
000096e0: 2a88233a 0200070a 02000f05 54050f01 
000096f0: 54fa0000 00000000 2a882338 0200170a 
00009700: 02000f05 54050f01 546c0000 00000000 
00009710: 2a082b38 0600070a 02000f05 54050f01 
00009720: 544e0000 00000000 7c9c1026 84a81026 
00009730: 5c9d1026 34a91526 00400000 9f205410 
00009740: 00203800 90960b00 9f005412 000e2800 
00009750: 90960b00 97055416 000c0000 d0e41000 
00009760: 57005610 00c0a0d0 28720400 0f060401 
00009770: 00000f04 04190f01 546c0000 00000000 
00009780: 2a082b38 0600170a 02000f05 54050f01 
00009790: 544e0000 00000000 7c9c1026 84a81026 
000097a0: 5c9d1026 34a91526 00400000 9f205408 
000097b0: 00203800 90960b00 9f00540a 000e2800 
000097c0: 90960b00 9705540e 000c0000 d0e41000 
000097d0: 57005608 00c0a0d0 28120400 0f060401 
000097e0: 00000f06 04010000 0f040419 0f01541e 
000097f0: 01000000 00002a88 233a0200 170a0200 
00009800: 0f055405 0f01547e 00000000 00002a08 
00009810: 2b3a0600 070a0200 0f055405 0f015460 
00009820: 00000000 00008c9c 102644a8 10267c9d 
00009830: 102634a9 15260040 000054c3 10269f20 
00009840: 54000010 40009096 0b009f00 5402000e 
00009850: 38009096 0b005300 20019705 5406000c 
00009860: 0000d0e4 10002b0b 2f004200 00140000 
00009870: 57005600 00c0a0d0 28760400 0f060401 
00009880: 00000f04 04190f01 547e0000 00000000 
00009890: 2a082b3a 0600170a 02000f05 54050f01 
000098a0: 54600000 00000000 8c9c1026 44a81026 
000098b0: 7c9d1026 34a91526 00400000 54c31026 
000098c0: 9f205410 00104000 90960b00 9f005412 
000098d0: 000e3800 90960b00 53002001 97055416 
000098e0: 000c0000 d0e41000 ab0b2f00 42000014 
000098f0: 00005700 561000c0 a0d02876 04000f06 
00009900: 04010000 0f060401 00000f06 04010000 
00009910: 0f060401 00000f06 04010000 0f040419 
00009920: 0f01549e 08000000 00002a88 23420200 
00009930: 170a0200 0f055405 0f01543e 04000000 
00009940: 00002a88 233e0200 170a0200 0f055405 
00009950: 0f0154be 01000000 00002a88 233c0200 
00009960: 170a0200 0f055405 0f01547e 00000000 
00009970: 00002a08 2b3c0600 070a0200 0f055405 
00009980: 0f015460 00000000 00008c9c 102644a8 
00009990: 10267c9d 102634a9 15260040 000054c3 
000099a0: 10269f20 54080010 40009096 0b009f00 
000099b0: 540a000e 38009096 0b005300 20019705 
000099c0: 540e000c 0000d0e4 10006b0b 2f004200 
000099d0: 00140000 57005608 00c0a0d0 28760400 
000099e0: 0f060401 00000f04 04190f01 541e0100 
000099f0: 00000000 2a88233e 0200070a 02000f05 
00009a00: 54050f01 547e0000 00000000 2a082b3c 
00009a10: 0600170a 02000f05 54050f01 54600000 
00009a20: 00000000 8c9c1026 44a81026 7c9d1026 
00009a30: 34a91526 00400000 54c31026 9f205400 
00009a40: 00104000 90960b00 9f005402 000e3800 
00009a50: 90960b00 53002001 97055406 000c0000 
00009a60: d0e41000 2b0b2f00 42000014 00005700 
00009a70: 560000c0 a0d02856 04000f06 04010000 
00009a80: 0f040419 0f01547e 00000000 00002a08 
00009a90: 2b3e0600 070a0200 0f055405 0f015460 
00009aa0: 00000000 00008c9c 102644a8 10267c9d 
00009ab0: 102634a9 15260040 000054c3 10269f20 
00009ac0: 54180010 40009096 0b009f00 541a000e 
00009ad0: 38009096 0b005300 20019705 541e000c 
00009ae0: 0000d0e4 1000eb0b 2f004200 00140000 
00009af0: 57005618 00c0a0d0 28560400 0f060401 
00009b00: 00000f06 04010000 0f060401 00000f04 
00009b10: 04190f01 545e0200 00000000 2a882340 
00009b20: 0200170a 02000f05 54050f01 541e0100 
00009b30: 00000000 2a882340 0200070a 02000f05 
00009b40: 54050f01 547e0000 00000000 2a082b3e 
00009b50: 0600170a 02000f05 54050f01 54600000 
00009b60: 00000000 8c9c1026 44a81026 7c9d1026 
00009b70: 34a91526 00400000 54c31026 9f205410 
00009b80: 00104000 90960b00 9f005412 000e3800 
00009b90: 90960b00 53002001 97055416 000c0000 
00009ba0: d0e41000 ab0b2f00 42000014 00005700 
00009bb0: 561000c0 a0d02896 04000f06 04010000 
00009bc0: 0f040419 0f01547e 00000000 00002a08 
00009bd0: 2b400600 070a0200 0f055405 0f015460 
00009be0: 00000000 00008c9c 102644a8 10267c9d 
00009bf0: 102634a9 15260040 000054c3 10269f20 
00009c00: 54080010 40009096 0b009f00 540a000e 
00009c10: 38009096 0b005300 20019705 540e000c 
00009c20: 0000d0e4 10006b0b 2f004200 00140000 
00009c30: 57005608 00c0a0d0 28960400 0f060401 
00009c40: 00000f06 04010000 0f040419 0f01541e 
00009c50: 01000000 00002a88 23420200 070a0200 
00009c60: 0f055405 0f01547e 00000000 00002a08 
00009c70: 2b400600 170a0200 0f055405 0f015460 
00009c80: 00000000 00008c9c 102644a8 10267c9d 
00009c90: 102634a9 15260040 000054c3 10269f20 
00009ca0: 54000010 40009096 0b009f00 5402000e 
00009cb0: 38009096 0b005300 20019705 5406000c 
00009cc0: 0000d0e4 10002b0b 2f004200 00140000 
00009cd0: 57005600 00c0a0d0 28160400 0f060401 
00009ce0: 00000f04 04190f01 547e0000 00000000 
00009cf0: 2a082b42 0600070a 02000f05 54050f01 
00009d00: 54600000 00000000 8c9c1026 44a81026 
00009d10: 7c9d1026 34a91526 00400000 54c31026 
00009d20: 9f205410 00104000 90960b00 9f005412 
00009d30: 000e3800 90960b00 53002001 97055416 
00009d40: 000c0000 d0e41000 ab0b2f00 42000014 
00009d50: 00005700 561000c0 a0d02816 04000f06 
00009d60: 04010000 0f060401 00000f06 04010000 
00009d70: 0f060401 00000f04 04190f01 543e0400 
00009d80: 00000000 2a882346 0200070a 02000f05 
00009d90: 54050f01 54be0100 00000000 2a882344 
00009da0: 0200070a 02000f05 54050f01 547e0000 
00009db0: 00000000 2a082b42 0600170a 02000f05 
00009dc0: 54050f01 54600000 00000000 8c9c1026 
00009dd0: 44a81026 7c9d1026 34a91526 00400000 
00009de0: 54c31026 9f205408 00104000 90960b00 
00009df0: 9f00540a 000e3800 90960b00 53002001 
00009e00: 9705540e 000c0000 d0e41000 6b0b2f00 
00009e10: 42000014 00005700 560800c0 a0d02836 
00009e20: 04000f06 04010000 0f040419 0f01541e 
00009e30: 01000000 00002a88 23440200 170a0200 
00009e40: 0f055405 0f01547e 00000000 00002a08 
00009e50: 2b440600 070a0200 0f055405 0f015460 
00009e60: 00000000 00008c9c 102644a8 10267c9d 
00009e70: 102634a9 15260040 000054c3 10269f20 
00009e80: 54000010 40009096 0b009f00 5402000e 
00009e90: 38009096 0b005300 20019705 5406000c 
00009ea0: 0000d0e4 10002b0b 2f004200 00140000 
00009eb0: 57005600 00c0a0d0 28360400 0f060401 
00009ec0: 00000f04 04190f01 547e0000 00000000 
00009ed0: 2a082b44 0600170a 02000f05 54050f01 
00009ee0: 54600000 00000000 8c9c1026 44a81026 
00009ef0: 7c9d1026 34a91526 00400000 54c31026 
00009f00: 9f205418 00104000 90960b00 9f00541a 
00009f10: 000e3800 90960b00 53002001 9705541e 
00009f20: 000c0000 d0e41000 eb0b2f00 42000014 
00009f30: 00005700 561800c0 a0d02816 04000f06 
00009f40: 04010000 0f060401 00000f06 04010000 
00009f50: 0f040419 0f01545e 02000000 00002a88 
00009f60: 23480200 070a0200 0f055405 0f01541e 
00009f70: 01000000 00002a88 23460200 170a0200 
00009f80: 0f055405 0f01547e 00000000 00002a08 
00009f90: 2b460600 070a0200 0f055405 0f015460 
00009fa0: 00000000 00008c9c 102644a8 10267c9d 
00009fb0: 102634a9 15260040 000054c3 10269f20 
00009fc0: 54100010 40009096 0b009f00 5412000e 
00009fd0: 38009096 0b005300 20019705 5416000c 
00009fe0: 0000d0e4 1000ab0b 2f004200 00140000 
00009ff0: 57005610 00c0a0d0 28160400 0f060401 
0000a000: 00000f04 04190f01 547e0000 00000000 
0000a010: 2a082b46 0600170a 02000f05 54050f01 
0000a020: 54600000 00000000 8c9c1026 44a81026 
0000a030: 7c9d1026 34a91526 00400000 54c31026 
0000a040: 9f205408 00104000 90960b00 9f00540a 
0000a050: 000e3800 90960b00 53002001 9705540e 
0000a060: 000c0000 d0e41000 6b0b2f00 42000014 
0000a070: 00005700 560800c0 a0d02816 04000f06 
0000a080: 04010000 0f060401 00000f04 04190f01 
0000a090: 541e0100 00000000 2a882348 0200170a 
0000a0a0: 02000f05 54050f01 547e0000 00000000 
0000a0b0: 2a082b48 0600070a 02000f05 54050f01 
0000a0c0: 54600000 00000000 8c9c1026 44a81026 
0000a0d0: 7c9d1026 34a91526 00400000 54c31026 
0000a0e0: 9f205400 00104000 90960b00 9f005402 
0000a0f0: 000e3800 90960b00 53002001 97055406 
0000a100: 000c0000 d0e41000 2b0b2f00 42000014 
0000a110: 00005700 560000c0 a0d02816 04000f06 
0000a120: 04010000 0f040419 0f01547e 00000000 
0000a130: 00002a08 2b480600 170a0200 0f055405 
0000a140: 0f015460 00000000 00008c9c 102644a8 
0000a150: 10267c9d 102634a9 15260040 000054c3 
0000a160: 10269f20 54100010 40009096 0b009f00 
0000a170: 5412000e 38009096 0b005300 20019705 
0000a180: 5416000c 0000d0e4 1000ab0b 2f004200 
0000a190: 00140000 57005610 00c0a0d0 28160400 
0000a1a0: 0f060401 00000f06 04010000 0f060401 
0000a1b0: 00000f06 04010000 0f060401 00000f06 
0000a1c0: 04010000 0f040419 0f0154de 11000000 
0000a1d0: 00002a88 330a0200 17080200 0f055405 
0000a1e0: 0f0154de 08000000 000034ec 26000a40 
0000a1f0: 00002a88 33060200 17080200 0f055405 
0000a200: 0f015460 04000000 00005c9c 22020800 
0000a210: 20012a88 330a0200 07080200 0f055405 
0000a220: 0f0154ca 01000000 00005c94 22020800 
0000a230: c0002a88 330a0200 07080200 0f055405 
0000a240: 0f015482 00000000 00003490 26000800 
0000a250: 00002a08 3b060600 17080200 0f055405 
0000a260: 0f01545c 00000000 00008c9c 102644a8 
0000a270: 10267c9d 102634a9 142654c3 10269f20 
0000a280: 54080010 40009096 0b009f00 540a000e 
0000a290: 38009096 0b005300 20019705 540e000c 
0000a2a0: 0000d0e4 10006b0b 2f004200 00140000 
0000a2b0: 57005608 00c0a0d0 28360400 0f060401 
0000a2c0: 00000f04 04190f01 541e0100 00000000 
0000a2d0: 2a88238a 02001708 02000f05 54050f01 
0000a2e0: 54820000 00000000 34942600 08000000 
0000a2f0: 2a083b06 06001708 02000f05 54050f01 
0000a300: 545c0000 00000000 8c9c1026 44a81026 
0000a310: 7c9d1026 34a91426 54c31026 9f205400 
0000a320: 00104000 90960b00 9f005402 000e3800 
0000a330: 90960b00 53002001 97055406 000c0000 
0000a340: d0e41000 2b0b2f00 42000014 00005700 
0000a350: 560000c0 a0d02816 04000f06 04010000 
0000a360: 0f040419 0f01547a 00000000 00002a08 
0000a370: 3b0a0600 17080200 0f055405 0f01545c 
0000a380: 00000000 00008c9c 102644a8 10267c9d 
0000a390: 102634a9 142654c3 10269f20 54180010 
0000a3a0: 40009096 0b009f00 541a000e 38009096 
0000a3b0: 0b005300 20019705 541e000c 0000d0e4 
0000a3c0: 1000eb0b 2f004200 00140000 57005618 
0000a3d0: 00c0a0d0 28760400 0f060401 00000f06 
0000a3e0: 04010000 0f060401 00000f04 04190f01 
0000a3f0: 546c0200 00000000 2a88330a 02001708 
0000a400: 02000f05 54050f01 54260100 00000000 
0000a410: 34a02600 08000000 2a882386 02001708 
0000a420: 02000f05 54050f01 54820000 00000000 
0000a430: 349c2600 08000000 2a083b06 06001708 
0000a440: 02000f05 54050f01 545c0000 00000000 
0000a450: 8c9c1026 44a81026 7c9d1026 34a91426 
0000a460: 54c31026 9f205410 00104000 90960b00 
0000a470: 9f005412 000e3800 90960b00 53002001 
0000a480: 97055416 000c0000 d0e41000 ab0b2f00 
0000a490: 42000014 00005700 561000c0 a0d02876 
0000a4a0: 04000f06 04010000 0f040419 0f01547a 
0000a4b0: 00000000 00002a08 3b060600 17080200 
0000a4c0: 0f055405 0f01545c 00000000 00008c9c 
0000a4d0: 102644a8 10267c9d 102634a9 142654c3 
0000a4e0: 10269f20 54180010 40009096 0b009f00 
0000a4f0: 541a000e 38009096 0b005300 20019705 
0000a500: 541e000c 0000d0e4 1000eb0b 2f004200 
0000a510: 00140000 57005618 00c0a0d0 28760400 
0000a520: 0f060401 00000f06 04010000 0f040419 
0000a530: 0f015424 01000000 000034e8 26000a00 
0000a540: 00002a88 23860200 17080200 0f055405 
0000a550: 0f015482 00000000 000034a4 26000800 
0000a560: 00002a08 3b060600 17080200 0f055405 
0000a570: 0f01545c 00000000 00008c9c 102644a8 
0000a580: 10267c9d 102634a9 142654c3 10269f20 
0000a590: 54080010 40009096 0b009f00 540a000e 
0000a5a0: 38009096 0b005300 20019705 540e000c 
0000a5b0: 0000d0e4 10006b0b 2f004200 00140000 
0000a5c0: 57005608 00c0a0d0 28160400 0f060401 
0000a5d0: 00000f04 04190f01 54780000 00000000 
0000a5e0: 2a083b06 06001708 02000f05 54050f01 
0000a5f0: 545a0000 00000000 7c9c1026 84a81026 
0000a600: 5c9d1026 44a91026 34c31426 9f205400 
0000a610: 00203800 90960b00 9f005402 00102800 
0000a620: 90960b00 97055404 000e1000 f0e40000 
0000a630: 97055406 000c0000 d0e41000 57005600 
0000a640: 00c0a0d0 28700400 0f060401 00000f06 
0000a650: 04010000 0f060401 00000f06 04010000 
0000a660: 0f040419 0f015454 04000000 00005cf4 
0000a670: 22020a00 e0072a88 330a0200 07080200 
0000a680: 0f055405 0f0154c4 01000000 00005cee 
0000a690: 22020a00 80072a88 330a0200 07080200 
0000a6a0: 0f055405 0f015480 00000000 000034ec 
0000a6b0: 26000a00 00002a08 3b060600 17080200 
0000a6c0: 0f055405 0f01545a 00000000 00007c9c 
0000a6d0: 102684a8 10265c9d 102644a9 102634c3 
0000a6e0: 14269f20 54100020 38009096 0b009f00 
0000a6f0: 54120010 28009096 0b009705 5414000e 
0000a700: 1000f0e4 00009705 5416000c 0000d0e4 
0000a710: 10005700 561000c0 a0d02870 04000f06 
0000a720: 04010000 0f040419 0f01541a 01000000 
0000a730: 00002a88 238a0200 17080200 0f055405 
0000a740: 0f015480 00000000 000034ee 26000a00 
0000a750: 00002a08 3b060600 17080200 0f055405 
0000a760: 0f01545a 00000000 00007c9c 102684a8 
0000a770: 10265c9d 102644a9 102634c3 14269f20 
0000a780: 54080020 38009096 0b009f00 540a0010 
0000a790: 28009096 0b009705 540c000e 1000f0e4 
0000a7a0: 00009705 540e000c 0000d0e4 10005700 
0000a7b0: 560800c0 a0d02870 04000f06 04010000 
0000a7c0: 0f040419 0f015478 00000000 00002a08 
0000a7d0: 3b0a0600 17080200 0f055405 0f01545a 
0000a7e0: 00000000 00007c9c 102684a8 10265c9d 
0000a7f0: 102644a9 102634c3 14269f20 54000020 
0000a800: 38009096 0b009f00 54020010 28009096 
0000a810: 0b009705 5404000e 1000f0e4 00009705 
0000a820: 5406000c 0000d0e4 10005700 560000c0 
0000a830: a0d02850 04000f06 04010000 0f060401 
0000a840: 00000f06 04010000 0f040419 0f015466 
0000a850: 02000000 00002a88 330a0200 17080200 
0000a860: 0f055405 0f015422 01000000 000034f8 
0000a870: 26000a00 00002a88 23860200 17080200 
0000a880: 0f055405 0f015480 00000000 000034f4 
0000a890: 26000a00 00002a08 3b060600 17080200 
0000a8a0: 0f055405 0f01545a 00000000 00007c9c 
0000a8b0: 102684a8 10265c9d 102644a9 102634c3 
0000a8c0: 14269f20 54100020 38009096 0b009f00 
0000a8d0: 54120010 28009096 0b009705 5414000e 
0000a8e0: 1000f0e4 00009705 5416000c 0000d0e4 
0000a8f0: 10005700 561000c0 a0d02850 04000f06 
0000a900: 04010000 0f040419 0f015478 00000000 
0000a910: 00002a08 3b060600 17080200 0f055405 
0000a920: 0f01545a 00000000 00007c9c 102684a8 
0000a930: 10265c9d 102644a9 102634c3 14269f20 
0000a940: 54080020 38009096 0b009f00 540a0010 
0000a950: 28009096 0b009705 540c000e 1000f0e4 
0000a960: 00009705 540e000c 0000d0e4 10005700 
0000a970: 560800c0 a0d02890 04000f06 04010000 
0000a980: 0f060401 00000f04 04190f01 54220100 
0000a990: 00000000 34802600 0c000000 2a882386 
0000a9a0: 02001708 02000f05 54050f01 54800000 
0000a9b0: 00000000 34fc2600 0a000000 2a083b06 
0000a9c0: 06001708 02000f05 54050f01 545a0000 
0000a9d0: 00000000 7c9c1026 84a81026 5c9d1026 
0000a9e0: 44a91026 34c31426 9f205400 00203800 
0000a9f0: 90960b00 9f005402 00102800 90960b00 
0000aa00: 97055404 000e1000 f0e40000 97055406 
0000aa10: 000c0000 d0e41000 57005600 00c0a0d0 
0000aa20: 28900400 0f060401 00000f04 04190f01 
0000aa30: 54780000 00000000 2a083b06 06001708 
0000aa40: 02000f05 54050f01 545a0000 00000000 
0000aa50: 7c9c1026 84a81026 5c9d1026 44a91026 
0000aa60: 34c31426 9f205418 00203800 90960b00 
0000aa70: 9f00541a 00102800 90960b00 9705541c 
0000aa80: 000e1000 f0e40000 9705541e 000c0000 
0000aa90: d0e41000 57005618 00c0a0d0 28100400 
0000aaa0: 0f060401 00000f06 04010000 0f060401 
0000aab0: 00000f06 04010000 0f060401 00000f04 
0000aac0: 04190f01 54de0800 00000000 5ca02202 
0000aad0: 0c006009 2a88330a 02000708 02000f05 
0000aae0: 54050f01 545c0400 00000000 34902600 
0000aaf0: 0c400000 2a883306 02001708 02000f05 
0000ab00: 54050f01 54cc0100 00000000 34882600 
0000ab10: 0c000000 2a883306 02001708 02000f05 
0000ab20: 54050f01 54800000 00000000 34842600 
0000ab30: 0c000000 2a083b06 06001708 02000f05 
0000ab40: 54050f01 545a0000 00000000 7c9c1026 
0000ab50: 84a81026 5c9d1026 44a91026 34c31426 
0000ab60: 9f205410 00203800 90960b00 9f005412 
0000ab70: 00102800 90960b00 97055414 000e1000 
0000ab80: f0e40000 97055416 000c0000 d0e41000 
0000ab90: 57005610 00c0a0d0 28100400 0f060401 
0000aba0: 00000f04 04190f01 54220100 00000000 
0000abb0: 348c2600 0c000000 2a882386 02001708 
0000abc0: 02000f05 54050f01 54800000 00000000 
0000abd0: 34882600 0c000000 2a083b06 06001708 
0000abe0: 02000f05 54050f01 545a0000 00000000 
0000abf0: 7c9c1026 84a81026 5c9d1026 44a91026 
0000ac00: 34c31426 9f205408 00203800 90960b00 
0000ac10: 9f00540a 00102800 90960b00 9705540c 
0000ac20: 000e1000 f0e40000 9705540e 000c0000 
0000ac30: d0e41000 57005608 00c0a0d0 28300400 
0000ac40: 0f060401 00000f04 04190f01 54780000 
0000ac50: 00000000 2a083b06 06001708 02000f05 
0000ac60: 54050f01 545a0000 00000000 7c9c1026 
0000ac70: 84a81026 5c9d1026 44a91026 34c31426 
0000ac80: 9f205400 00203800 90960b00 9f005402 
0000ac90: 00102800 90960b00 97055404 000e1000 
0000aca0: f0e40000 97055406 000c0000 d0e41000 
0000acb0: 57005600 00c0a0d0 28300400 0f060401 
0000acc0: 00000f06 04010000 0f060401 00000f04 
0000acd0: 04190f01 54660200 00000000 5c982202 
0000ace0: 0c00e008 2a88330a 02000708 02000f05 
0000acf0: 54050f01 54220100 00000000 34942600 
0000ad00: 0c000000 2a882386 02001708 02000f05 
0000ad10: 54050f01 54800000 00000000 34902600 
0000ad20: 0c000000 2a083b06 06001708 02000f05 
0000ad30: 54050f01 545a0000 00000000 7c9c1026 
0000ad40: 84a81026 5c9d1026 44a91026 34c31426 
0000ad50: 9f205418 00203800 90960b00 9f00541a 
0000ad60: 00102800 90960b00 9705541c 000e1000 
0000ad70: f0e40000 9705541e 000c0000 d0e41000 
0000ad80: 57005618 00c0a0d0 28100400 0f060401 
0000ad90: 00000f04 04190f01 54780000 00000000 
0000ada0: 2a083b06 06001708 02000f05 54050f01 
0000adb0: 545a0000 00000000 7c9c1026 84a81026 
0000adc0: 5c9d1026 44a91026 34c31426 9f205410 
0000add0: 00203800 90960b00 9f005412 00102800 
0000ade0: 90960b00 97055414 000e1000 f0e40000 
0000adf0: 97055416 000c0000 d0e41000 57005610 
0000ae00: 00c0a0d0 28100400 0f060401 00000f06 
0000ae10: 04010000 0f040419 0f01541a 01000000 
0000ae20: 00002a88 238a0200 17080200 0f055405 
0000ae30: 0f015480 00000000 00003498 26000c00 
0000ae40: 00002a08 3b060600 17080200 0f055405 
0000ae50: 0f01545a 00000000 00007c9c 102684a8 
0000ae60: 10265c9d 102644a9 102634c3 14269f20 
0000ae70: 54080020 38009096 0b009f00 540a0010 
0000ae80: 28009096 0b009705 540c000e 1000f0e4 
0000ae90: 00009705 540e000c 0000d0e4 10005700 
0000aea0: 560800c0 a0d02810 04000f06 04010000 
0000aeb0: 0f040419 0f015478 00000000 00002a08 
0000aec0: 3b0a0600 17080200 0f055405 0f01545a 
0000aed0: 00000000 00007c9c 102684a8 10265c9d 
0000aee0: 102644a9 102634c3 14269f20 54000020 
0000aef0: 38009096 0b009f00 54020010 28009096 
0000af00: 0b009705 5404000e 1000f0e4 00009705 
0000af10: 5406000c 0000d0e4 10005700 560000c0 
0000af20: a0d02810 04000f06 04010000 0f060401 
0000af30: 00000f06 04010000 0f060401 00000f04 
0000af40: 04190f01 54580400 00000000 2a88330a 
0000af50: 02001708 02000f05 54050f01 54cc0100 
0000af60: 00000000 34a42600 0c400000 2a883306 
0000af70: 02001708 02000f05 54050f01 54800000 
0000af80: 00000000 34a02600 0c000000 2a083b06 
0000af90: 06001708 02000f05 54050f01 545a0000 
0000afa0: 00000000 7c9c1026 84a81026 5c9d1026 
0000afb0: 44a91026 34c31426 9f205410 00203800 
0000afc0: 90960b00 9f005412 00102800 90960b00 
0000afd0: 97055414 000e1000 f0e40000 97055416 
0000afe0: 000c0000 d0e41000 57005610 00c0a0d0 
0000aff0: 28100400 0f060401 00000f04 04190f01 
0000b000: 54220100 00000000 34a82600 0c000000 
0000b010: 2a882386 02001708 02000f05 54050f01 
0000b020: 54800000 00000000 34a42600 0c000000 
0000b030: 2a083b06 06001708 02000f05 54050f01 
0000b040: 545a0000 00000000 7c9c1026 84a81026 
0000b050: 5c9d1026 44a91026 34c31426 9f205408 
0000b060: 00203800 90960b00 9f00540a 00102800 
0000b070: 90960b00 9705540c 000e1000 f0e40000 
0000b080: 9705540e 000c0000 d0e41000 57005608 
0000b090: 00c0a0d0 28300400 0f060401 00000f04 
0000b0a0: 04190f01 54780000 00000000 2a083b06 
0000b0b0: 06001708 02000f05 54050f01 545a0000 
0000b0c0: 00000000 7c9c1026 84a81026 5c9d1026 
0000b0d0: 44a91026 34c31426 9f205400 00203800 
0000b0e0: 90960b00 9f005402 00102800 90960b00 
0000b0f0: 97055404 000e1000 f0e40000 97055406 
0000b100: 000c0000 d0e41000 57005600 00c0a0d0 
0000b110: 28100400 0f060401 00000f06 04010000 
0000b120: 0f060401 00000f04 04190f01 546a0200 
0000b130: 00000000 5cb42202 0c00c009 2a88330a 
0000b140: 02000708 02000f05 54050f01 54220100 
0000b150: 00000000 34b02600 0c400000 2a882386 
0000b160: 02001708 02000f05 54050f01 54800000 
0000b170: 00000000 34ac2600 0c000000 2a083b06 
0000b180: 06001708 02000f05 54050f01 545a0000 
0000b190: 00000000 7c9c1026 84a81026 5c9d1026 
0000b1a0: 44a91026 34c31426 9f205410 00203800 
0000b1b0: 90960b00 9f005412 00102800 90960b00 
0000b1c0: 97055414 000e1000 f0e40000 97055416 
0000b1d0: 000c0000 d0e41000 57005610 00c0a0d0 
0000b1e0: 28700400 0f060401 00000f04 04190f01 
0000b1f0: 54780000 00000000 2a083b06 06001708 
0000b200: 02000f05 54050f01 545a0000 00000000 
0000b210: 7c9c1026 84a81026 5c9d1026 44a91026 
0000b220: 34c31426 9f205408 00203800 90960b00 
0000b230: 9f00540a 00102800 90960b00 9705540c 
0000b240: 000e1000 f0e40000 9705540e 000c0000 
0000b250: d0e41000 57005608 00c0a0d0 28700400 
0000b260: 0f060401 00000f06 04010000 0f040419 
0000b270: 0f01541e 01000000 00002a88 238a0200 
0000b280: 17080200 0f055405 0f015480 00000000 
0000b290: 000034b4 26000c40 00002a08 3b060600 
0000b2a0: 17080200 0f055405 0f01545a 00000000 
0000b2b0: 00007c9c 102684a8 10265c9d 102644a9 
0000b2c0: 102634c3 14269f20 54000020 38009096 
0000b2d0: 0b009f00 54020010 28009096 0b009705 
0000b2e0: 5404000e 1000f0e4 00009705 5406000c 
0000b2f0: 0000d0e4 10005700 560000c0 a0d02870 
0000b300: 04000f06 04010000 0f040419 0f01547c 
0000b310: 00000000 00002a08 3b0a0600 17080200 
0000b320: 0f055405 0f01545e 00000000 00007c9c 
0000b330: 102684a8 10265c9d 102644a9 102634c3 
0000b340: 15260040 00009f20 54100020 38009096 
0000b350: 0b009f00 54120010 28009096 0b009705 
0000b360: 5414000e 1000f0e4 00009705 5416000c 
0000b370: 0000d0e4 10005700 561000c0 a0902810 
0000b380: 04000f06 04010000 0f060401 00000f06 
0000b390: 04010000 0f060401 00000f06 04010000 
0000b3a0: 0f060401 00000f06 04010000 0f060401 
0000b3b0: 00000f06 04010000 0f060401 00008ff4 
0000b3c0: 55220f00 54587aff ffffff00 0f060402 
0000b3d0: 00000f06 04010000 0e000000 00000000 
0000b3e0: 00000000 00000000 00000000 00000000 
0000b3f0: 00000000 00000000 00000000 00000000 
0000b400: c01a0000 00000000 00000000 00000000 
0000b410: 00000000 00000000 00000000 00000000 
0000b420: 00000000 00000000 00000000 00000000 
0000b430: 00000000 00000000 00000000 00000000 
0000b440: 7c880927 60000080 8c8a0827 67205400 
0000b450: 07000000 17801f40 22006700 54080700 
0000b460: 00005d80 10402200 6700541e 07000000 
0000b470: 91000140 22006700 54230700 0000a100 
0000b480: 05402200 6700541c 07000000 91800140 
0000b490: 22006700 54220700 0000a180 21402200 
0000b4a0: 67005418 07000000 69a12140 22006700 
0000b4b0: 541a0700 00005101 00402200 67005419 
0000b4c0: 07000000 61010940 22006700 54160700 
0000b4d0: 0000d100 22402200 67005412 07000000 
0000b4e0: e7802240 22006700 54140700 0000d100 
0000b4f0: 28402200 6700440e 07000000 27052340 
0000b500: 22000c80 42000000 0006db00 0924eb02 
0000b510: 0904fb04 09040b06 49049b0b 0fa14040 
0000b520: 00000000 ab0d1f21 40000000 00008b08 
0000b530: 09046b9e 01644b1e 09041222 29822280 
0000b540: 0d0220b0 7b9c0104 03222f8f 10020000 
0000b550: 00005b1c 09049f01 54000300 00081404 
0000b560: a7005604 03302200 c0100100 1a1b2980 
0000b570: 26801702 20b09f01 54160000 00881404 
0000b580: 02182980 26801f02 22b02700 54180030 
0000b590: 7000f011 01000a04 39fe26b0 16022080 
0000b5a0: a7805404 03242200 c0100100 1b164904 
0000b5b0: 2b155fff 50020000 00009f01 54060300 
0000b5c0: 48081414 a7005408 03262200 c0100100 
0000b5d0: 9f015404 03001008 14143b07 4fbd4002 
0000b5e0: 00000000 4b054fbd 40020000 00009f01 
0000b5f0: 54060300 4c081414 9f015404 03002008 
0000b600: 1414a700 5509031c 2200c010 01005b07 
0000b610: 4fbd4002 00000000 6b054fbd 40020000 
0000b620: 00009f01 54060300 38081414 a7005408 
0000b630: 031e2200 c0100100 9f015404 03002408 
0000b640: 14147b07 4fbd4002 00000000 8b054fbd 
0000b650: 40020000 00009f01 54060300 3c081414 
0000b660: 9f015404 03002008 14149b07 4fbd4002 
0000b670: 00000000 ab054fbd 40020000 0000bb02 
0000b680: 4904cb01 4f004200 00006000 0e000000 
0000b690: 06000600 06000600 06000600 06000600 
0000b6a0: 06000600 06000600 06000600 06000600 
0000b6b0: 06000600 06000600 06000600 06000600 
0000b6c0: 0a362381 06008002 00000f05 54212ce1 
0000b6d0: 02000200 00000ca1 02ac0200 080f1c0b 
0000b6e0: e7005404 00000000 510100a0 08000f06 
0000b6f0: 24010000 0a362381 06008802 00000cdd 
0000b700: 10060f05 54019f11 541a0318 00a81704 
0000b710: 421b050f 26810702 20800f04 24190f01 
0000b720: 54400000 00000000 67005402 02000000 
0000b730: 59010040 02001f01 56060304 06281101 
0000b740: 9f11541a 030400a8 17059f01 5400030c 
0000b750: 10a81705 421b1501 26810700 20800f06 
0000b760: 24010000 0a382381 06008002 00000f05 
0000b770: 54010f01 546c0000 00000000 67005404 
0000b780: 00000000 59811040 02009f00 5606020c 
0000b790: 6820d02b 2a006700 54000003 20005981 
0000b7a0: 02404200 2b012f47 00020080 00000b03 
0000b7b0: 2f470002 00000000 1b050f13 020a0000 
0000b7c0: 00002b01 0f15020a 00000000 0b100108 
0000b7d0: e7005400 00032100 5d8000a0 10000f06 
0000b7e0: 24010000 67005404 00000000 59810f40 
0000b7f0: 02006700 54140000 00001180 0e400200 
0000b800: 9f005600 030c6820 d02b2a00 9f01540a 
0000b810: 030000a8 1704020b 25012281 05022080 
0000b820: 9f01540c 02000888 17016710 5416050a 
0000b830: 20005101 00406200 0b172753 00020080 
0000b840: 00002a01 2b510600 07020000 0f055405 
0000b850: 0f01549a 04000000 00006700 54100000 
0000b860: 00005981 22400200 0c031c01 2c019f00 
0000b870: 56120224 6880d02b 2a003c03 7c018c01 
0000b880: 0f055401 0f01545a 03000000 0000bb17 
0000b890: 2f490002 00000000 bb171717 82080000 
0000b8a0: 0000e700 5416050a 20005100 00a01800 
0000b8b0: 67005416 00000000 59811040 02009f00 
0000b8c0: 56200230 68b0d02b 2a006700 54160010 
0000b8d0: 20005981 02404200 bb172f45 00020080 
0000b8e0: 0000cb19 2f450002 00000000 bb170f19 
0000b8f0: 020a0000 0000cb19 0f19020a 00000000 
0000b900: 2a382381 06008802 0000e700 54160010 
0000b910: 210059a0 00a01000 0f055425 e7005400 
0000b920: 050a2000 572000a0 1800e700 540e050a 
0000b930: 210059a0 00a01800 67005402 00092000 
0000b940: 5d810440 4200e700 56020009 20005d00 
0000b950: 00a01000 0f062401 00006700 540e0000 
0000b960: 00005101 0e400200 2b1a0108 1b1c0108 
0000b970: 0b1e0108 e7005604 05072000 51a000a0 
0000b980: 1800e700 54020507 200051e0 00a01800 
0000b990: e7005400 05072000 510001a0 18006700 
0000b9a0: 54000089 20005d01 03404200 27005606 
0000b9b0: 03042c00 f011b100 27005402 03085800 
0000b9c0: f0110100 23002f40 00020000 00009f01 
0000b9d0: 54000308 18881705 9f015402 020008a8 
0000b9e0: 1705e700 54020507 210051c0 00a01800 
0000b9f0: 67005404 00000000 59811b40 02009f00 
0000ba00: 5600020c 6820d02b 2a001b20 0108e700 
0000ba10: 54020000 21005180 04a01000 67005404 
0000ba20: 00000000 59812d40 02009f00 5600020c 
0000ba30: 6820d02b 2a001b22 0108e700 54020000 
0000ba40: 21005100 00a01000 67005400 00000000 
0000ba50: 57812d40 02009f00 56000204 6800d02b 
0000ba60: 2a006700 54020000 00005181 0b400200 
0000ba70: 6700540e 00002000 11000040 42002a03 
0000ba80: 2b800600 07c20000 0f155425 0f0154b2 
0000ba90: 00000000 00009f00 5402030c 6820d02b 
0000baa0: 2a009f01 54000300 00a81704 9f015404 
0000bab0: 030008a8 17041201 25012281 05022080 
0000bac0: 32052501 22810502 20809f01 54020204 
0000bad0: 08881701 9f015406 020c0888 17018b00 
0000bae0: 00000f05 541ae700 240e0208 20001100 
0000baf0: 00a01900 67005414 00000000 51810b40 
0000bb00: 02006700 54120008 20001180 00406600 
0000bb10: 9f015410 02024088 15042a11 321505c0 
0000bb20: 9f11540e 022438a8 17058f04 54060f00 
0000bb30: 54b8ffff ffffff00 0f062402 00000f06 
0000bb40: 24010000 67005404 00000000 59811540 
0000bb50: 02009f00 5600020c 6820d02b 2a006700 
0000bb60: 54040000 20004981 00404200 9f015402 
0000bb70: 037e3888 15041b03 2ebf1202 00000000 
0000bb80: 12032f43 25800702 a7005406 02043800 
0000bb90: c0100100 23042fff 10020080 00002304 
0000bba0: 2e831e02 00000000 9f015404 03080804 
0000bbb0: 12151203 2d802680 0702a080 9f015403 
0000bbc0: 020c1400 17059f01 54020208 08001705 
0000bbd0: e7005402 00002100 492000a0 10000f04 
0000bbe0: 24190f01 54080100 00000000 67005418 
0000bbf0: 00092000 61010640 4200c318 2f8f1002 
0000bc00: 00800000 9f015418 03006008 1404bb17 
0000bc10: 2f490002 00000000 9f015416 022c60a8 
0000bc20: 1605e700 5416050a 20005100 00a01800 
0000bc30: 67005416 00092000 61410640 42002a16 
0000bc40: 2b800600 07c20200 0f055425 e7005400 
0000bc50: 050a2000 572000a0 1800e700 540e050a 
0000bc60: 210059a0 00a01800 67005402 00092000 
0000bc70: 5d810440 4200e700 56020009 20005d00 
0000bc80: 00a01000 0f062401 00006700 54000089 
0000bc90: 20005d01 03404200 67005406 00000000 
0000bca0: 11000e40 02002700 560e0304 2c00f011 
0000bcb0: b1002700 54020308 5800f011 01000300 
0000bcc0: 2f400002 00000000 9f015400 03003888 
0000bcd0: 17059f01 54020200 08a81705 e7105402 
0000bce0: 05032100 514001a0 18000f06 24020000 
0000bcf0: 0f055421 0f015476 11000000 00006700 
0000bd00: 54040000 00005981 2b400200 9f005600 
0000bd10: 020c6820 d02b2a00 67005400 00802000 
0000bd20: 59010040 42002b01 27030208 00800000 
0000bd30: 0a052b80 06000702 00000f05 54210f01 
0000bd40: 54261100 00000000 6700541f 00000000 
0000bd50: 61812140 2200231e 27910802 00800000 
0000bd60: 0a042b80 06000702 02000f05 54210f01 
0000bd70: 54f61000 00000000 0a252380 06008702 
0000bd80: 00002b00 0000ab00 0000bb00 00009b00 
0000bd90: 00000b00 40000f05 54210f01 54de0000 
0000bda0: 00000000 3b242108 8b000000 0f05541a 
0000bdb0: 1f01240e 030c0628 11017b0f 2e070200 
0000bdc0: 00000000 2705540e 021c5c04 67004418 
0000bdd0: 01072000 51092440 4600a700 56180330 
0000bde0: 1400f011 31001f01 541e0330 06001101 
0000bdf0: 2700541c 03023800 d0120400 729e2780 
0000be00: 06941702 0290729e 27820696 0702820e 
0000be10: 3b1d3b07 729e2782 06921702 820e2a87 
0000be20: 23800600 07020000 9f01540e 03023888 
0000be30: 1504829e 2780068e 07028210 a29e0780 
0000be40: 068e1702 8214b29e 0782068e 07028216 
0000be50: 921e0f82 860e1702 82129f01 54200230 
0000be60: 80a81705 8f045426 0f005448 ffffffff 
0000be70: ff000f06 04020000 0f060401 00003b84 
0000be80: 2100f300 00007b05 07000200 00006000 
0000be90: 8b060100 eb000000 0f055421 0f015446 
0000bea0: 0d000000 00006700 44220000 00005705 
0000beb0: 32402200 0ba3278f 10020080 00001f01 
0000bec0: 54020340 98881500 a7005406 03000a04 
0000bed0: f0100500 2700544c 02089a30 f0160900 
0000bee0: 8ba7278f 10020000 0000a700 54060320 
0000bef0: 0a00f012 05001f01 543e034c 80281300 
0000bf00: 27015402 03481210 f9100900 27005436 
0000bf10: 0220fa04 f0100500 27005440 02089a30 
0000bf20: f0160900 ab036f8f 10020000 00001f01 
0000bf30: 54020340 a0881500 a700540e 03680804 
0000bf40: f0100500 27015406 03501230 f9100900 
0000bf50: 27005430 03209800 f0130100 27005448 
0000bf60: 0208a270 f0160900 3b07af8f 10020000 
0000bf70: 0000a700 5442028c 0a00f012 05002701 
0000bf80: 543a0348 2210f910 09002701 54060250 
0000bf90: 2230f910 09002701 542c0248 3210f910 
0000bfa0: 09002701 54320250 3230f910 09002701 
0000bfb0: 542a0248 4210f910 09002701 541c0250 
0000bfc0: 4230f910 09002701 542e0248 5210f910 
0000bfd0: 09002701 54180250 5230f910 09002701 
0000bfe0: 54100248 6210f910 09002700 543c0300 
0000bff0: fa04f010 05002700 54000300 9800f013 
0000c000: 01002701 540e0250 6230f910 0900c2bf 
0000c010: 4780824c 0702803c 27015402 02487010 
0000c020: f1150900 22bf8780 82000702 20802701 
0000c030: 54000250 7030f115 09001f01 54260350 
0000c040: 80281300 b2bf4780 81400702 27005428 
0000c050: 028c9804 f0100500 eb3b6f8f 10020000 
0000c060: 00001f01 543a0340 a8881500 27005424 
0000c070: 0368a200 f0120100 823f4f80 20800702 
0000c080: a700543e 0378e804 f0100500 3b072f8f 
0000c090: 10020000 00002700 54220368 9804f011 
0000c0a0: 0500a2a7 67808224 07022080 a7005424 
0000c0b0: 030ce800 f0120500 ab355c45 27005442 
0000c0c0: 0308a210 f2160900 12a76780 81480702 
0000c0d0: 27005448 0308aaf0 f1160900 db235c39 
0000c0e0: 27005440 0208aa20 f1160900 2b2d6f8f 
0000c0f0: 10020000 00002700 5422038c a000f013 
0000c100: 01001f01 54460340 b0881500 42a74780 
0000c110: 81420702 a700543e 02481805 f0100500 
0000c120: 1f015438 03548028 13006227 6f808222 
0000c130: 07022080 27005422 0378e204 f0100500 
0000c140: 3b336f8f 10020000 00002700 54420278 
0000c150: a800f013 01008b2d 5c31a700 543c034c 
0000c160: 1801f012 050062b9 67808248 07028022 
0000c170: 27005422 030caa00 f0120100 92b96780 
0000c180: 82420702 20802700 54420208 b2f0f116 
0000c190: 09009b35 5c332700 54480208 b2e0f116 
0000c1a0: 0900ab2b 6f8f1002 00000000 2700542a 
0000c1b0: 030ce004 f0110500 1f015406 0340b888 
0000c1c0: 15006b3b 5c2da700 543c0368 1804f010 
0000c1d0: 05001f01 543a0358 80281300 52b94780 
0000c1e0: 81400702 2700543e 0348ea04 f0100500 
0000c1f0: 12396f80 20800702 27005424 0348b000 
0000c200: f0130100 cb315c23 27005430 034cb200 
0000c210: f0120100 12bb6780 82420702 803e2700 
0000c220: 54440208 bae0f116 090022bb 67802080 
0000c230: 0702eb1d 2f8f1002 00000000 9b335c25 
0000c240: a7005406 02381800 f0120500 2b2f6f8f 
0000c250: 10020000 00002700 543e034c e804f011 
0000c260: 05001f01 54260340 c0881500 6b2d7c23 
0000c270: a7005442 03489800 f0100500 1f01543c 
0000c280: 035c8028 130012bb 47808248 0702803e 
0000c290: 2700542e 0368f204 f0100500 823b6f80 
0000c2a0: 20800702 27005434 0368b800 f0130100 
0000c2b0: cb395c31 2700543e 0308ba30 f0160900 
0000c2c0: 32bd2780 82440702 802e2700 542e0238 
0000c2d0: ba00f012 010082bd 67808234 07022080 
0000c2e0: 2700543a 0208c210 f2160900 9b335c31 
0000c2f0: 2700541c 0338f004 f0110500 cb192f8f 
0000c300: 10020000 00008b2d 5c07a700 54260330 
0000c310: 9a00f012 05001f01 542c0360 80281300 
0000c320: e2bd0780 813e0702 27005406 0348b204 
0000c330: f0100500 723d6f80 20800702 27005424 
0000c340: 0348c000 f0130100 7b395c2f 27005434 
0000c350: 0308c230 f1160900 32ad6780 823a0702 
0000c360: 80062700 54060330 b204f010 050022ad 
0000c370: 67802080 07022700 54180330 c000f013 
0000c380: 01002b33 5c253b31 5c2732ad 27808134 
0000c390: 07028b11 2f8f1002 00000000 622d6f80 
0000c3a0: 82180702 20801f01 54180340 c8881500 
0000c3b0: 6b2f5c2d a7005432 03206200 f0100500 
0000c3c0: 1f015430 03648028 13007b29 7c372700 
0000c3d0: 54280320 c204f010 05005b2f 7c2b2700 
0000c3e0: 54320308 ca90f116 09005b2b 7c232700 
0000c3f0: 54100320 c800f013 0100eb2b 3c1d1b24 
0000c400: 4108eb1d 1c0732b1 27808232 07028028 
0000c410: 82b12780 20800702 7b0f2f8f 10020000 
0000c420: 00002b25 5c112700 5428031c ca00f012 
0000c430: 01008b03 2f8f1002 00000000 a700542a 
0000c440: 031c6000 f0120500 1f015402 0340d088 
0000c450: 15003b27 5c07a700 54180320 0a00f010 
0000c460: 050032b1 27808228 07022080 27005428 
0000c470: 0308ca50 f1160900 3b2d1c07 2700540e 
0000c480: 031cc004 f0110500 1f01542c 03688028 
0000c490: 13002700 542a0208 d2c0f016 09000b01 
0000c4a0: 2f8f1002 00000000 27005418 0220d200 
0000c4b0: f0120100 72312f80 81280702 27005410 
0000c4c0: 0320b004 f0110500 7b1d1c0f a7005402 
0000c4d0: 03000a00 f0120500 e2ad2780 82180702 
0000c4e0: 20802700 54180300 d200f012 010082ad 
0000c4f0: 2780812a 07022b25 5c1d3b27 5c112700 
0000c500: 54100308 d010f017 090012ad 27808218 
0000c510: 07022080 22a12790 02921402 20804b07 
0000c520: 5c031f01 54020340 12a81505 27005406 
0000c530: 0300b004 f0110500 02832790 02961402 
0000c540: 20809f01 5414032c 50a81705 1f015404 
0000c550: 030402a8 15059f01 54000328 48a81705 
0000c560: 322d2f80 81100702 02852790 20801402 
0000c570: 5b0f5c07 1f015400 030802a8 15053221 
0000c580: 2d902281 14022080 33002001 32032f90 
0000c590: 21821402 1b000000 72052f90 22831402 
0000c5a0: 80062b00 20000201 4f902284 1402800e 
0000c5b0: 7b000000 8b000000 3b000000 2b000000 
0000c5c0: eb000600 00000000 60000f05 541a1f01 
0000c5d0: 24000344 06281101 0b012e23 02000000 
0000c5e0: 00002705 542c0200 5c046700 44000116 
0000c5f0: 20005109 24404600 a7005632 03001400 
0000c600: f0113100 9f015400 0300b088 10142700 
0000c610: 542e0374 c800f011 0400ab01 2fbd0002 
0000c620: 00000000 27015400 034c5024 f1100d00 
0000c630: 0aa12282 17022701 54120354 5040f112 
0000c640: 0d000b01 2eaf0200 00000000 9b132eaf 
0000c650: 02000000 0000ab82 01000f05 54010f01 
0000c660: 54de0100 00000000 0aa12282 07020f05 
0000c670: 54010f01 54ee0000 00000000 0aa12380 
0000c680: 06001702 0000bb80 2100cb82 21000f05 
0000c690: 54010f01 54c80000 00000000 27015416 
0000c6a0: 03040a00 f8100900 27015414 02040690 
0000c6b0: f8100900 cb172f83 10020000 00007314 
0000c6c0: 63922700 54160330 0600f010 0100bb9f 
0000c6d0: 77ff1002 00000000 7b2f6f83 00020000 
0000c6e0: 00008b01 67831002 00000000 7b2f7c37 
0000c6f0: bb173c31 722f6d80 26800702 20818b93 
0000c700: 67831002 00000000 f2b30584 852e0702 
0000c710: 27025418 03300400 f0110100 72b36784 
0000c720: 26830702 00b2ab15 2f870002 00000000 
0000c730: b2b32784 84000702 ab157c31 c2b32784 
0000c740: 24800702 92b32784 85340702 a2332f84 
0000c750: 26800702 20809b2e 69000f06 04010000 
0000c760: 0f040419 0f0154d2 00000000 00002701 
0000c770: 54160304 0a00f810 09002701 54140204 
0000c780: 0690f810 0900cb17 2f831002 00000000 
0000c790: 73146392 27005416 03300400 f0100100 
0000c7a0: bb9f77ff 10020000 00007b2f 6f830002 
0000c7b0: 00000000 8b816783 10020000 00007b2f 
0000c7c0: 7c37bb17 3c31722f 6d802680 07022081 
0000c7d0: 8b936783 10020000 0000f2b3 0582812e 
0000c7e0: 040272b3 65822241 04022080 27025418 
0000c7f0: 03300400 f0110100 9f01542e 0264ba28 
0000c800: 150dab15 2f870002 00000000 b2b32782 
0000c810: 80000402 ab157c31 c2b32782 20800402 
0000c820: 92b32782 81340402 a2332f82 22800402 
0000c830: 20809b2e 69000f06 04010000 0f040419 
0000c840: 0f0154b0 02000000 00000aa1 22840702 
0000c850: 0f055401 0f01547a 01000000 00009f01 
0000c860: 54160310 b8881504 72816782 06960602 
0000c870: 2080c281 27822680 06022080 a2b32782 
0000c880: 862e0702 208072b3 67828618 07022080 
0000c890: b2932782 24800602 82936782 26800602 
0000c8a0: 2080b2b3 27822480 0702cb15 2c81b233 
0000c8b0: 67828630 07022080 ab992787 10020000 
0000c8c0: 00002701 5418035c 0ec0f014 09009f01 
0000c8d0: 54140328 b8881705 bb172c13 c2156d80 
0000c8e0: 26800702 20812701 5414036c 0eb0f810 
0000c8f0: 0900cb19 2f811002 00000000 ab176f87 
0000c900: 10020000 00002700 54160330 0400f010 
0000c910: 01007bb5 6687120a 00000000 ab152f81 
0000c920: 10020000 00009f01 5430035c d8ac1305 
0000c930: 2700542e 03280400 f0100100 9f015434 
0000c940: 0368d888 1705bb17 3c38ba35 6d802680 
0000c950: 07022081 82316d80 26800702 2081ab2f 
0000c960: 6fb61208 00000000 83367f30 08000000 
0000c970: 000072b3 67842682 07022081 82b36580 
0000c980: 20801402 27025418 03300400 f0110100 
0000c990: f31e1c30 27025430 03280400 f0110100 
0000c9a0: 72b36780 00b21402 b2b32780 80001402 
0000c9b0: c2b32780 20801402 92b30780 81341402 
0000c9c0: a2332f80 82301402 20809b2e 69000f04 
0000c9d0: 04190f01 54180100 00000000 0a212384 
0000c9e0: 06000702 0000bb80 2100cb82 21000f05 
0000c9f0: 54010f01 54f20000 00000000 9f015414 
0000ca00: 033ec804 1104ab15 2f9f1002 00000000 
0000ca10: 27005434 03025000 d0120400 9f01543e 
0000ca20: 0320b888 15047c81 42000000 0000c2bf 
0000ca30: 6780223a 07022080 c28127b5 06be0600 
0000ca40: 2080b281 27b506b8 06002080 a2b32784 
0000ca50: 82180502 2080b2b3 27842080 05028293 
0000ca60: 67b5863e 06002080 c2933735 86380600 
0000ca70: 2080a2b3 67848230 05022080 0b013c15 
0000ca80: a2332f84 82180502 2080bb01 3c170b13 
0000ca90: 3c35b217 2d802680 07022081 9b812495 
0000caa0: 0b012e8f 120a0000 00009213 2d802680 
0000cab0: 07022081 ab013c15 b3002001 0a152d80 
0000cac0: 26800702 0092cb00 2000f31e 1f001208 
0000cad0: 00000000 93002001 ab000000 9c814200 
0000cae0: 00000000 0f060401 00000f06 04010000 
0000caf0: 0f060401 0000ab9d 67bf1002 00000000 
0000cb00: 1f015444 0340d08c 1104a700 543e022c 
0000cb10: 1205f010 05001f01 54380368 82281101 
0000cb20: 2700542e 022ce204 f0100500 a7005436 
0000cb30: 02241201 f0120500 2700542c 0302b000 
0000cb40: d0120400 27005400 032cd004 f0110500 
0000cb50: 27005416 0224e204 f0100500 1b2d7b23 
0000cb60: 27005430 0330d0f4 f1150d00 c2b92780 
0000cb70: 82000702 20802700 54000324 d004f011 
0000cb80: 05000a23 23800600 07020000 27005412 
0000cb90: 0328d0b0 f1170d00 a2b92780 82300702 
0000cba0: 802e7b19 3c0f8b15 3c1102b9 27802080 
0000cbb0: 0702a239 2f808212 07028016 2b013c05 
0000cbc0: 3b153c07 9f01541c 036470a8 17058f04 
0000cbd0: 54220f00 54fcf9ff ffffff00 0f060402 
0000cbe0: 00000f06 04010000 0a9d2290 14020f05 
0000cbf0: 54010f01 54ea0000 00000000 0b8f073d 
0000cc00: 00020000 00001b00 00009b85 273d0002 
0000cc10: 00000000 ab000000 0f05541a 1f01041c 
0000cc20: 03384428 13012701 5404030c 4420f014 
0000cc30: 0900b29d 26901502 27005418 03745800 
0000cc40: f0130400 2701540e 03204670 f0140900 
0000cc50: bb052313 0b1f77ff 10020000 00000a9d 
0000cc60: 22901402 bb172e99 02000000 0000a700 
0000cc70: 54100220 4400f011 0100bb17 3c21a700 
0000cc80: 5406030c 4400f011 0100f217 0d802680 
0000cc90: 07022081 0b8f6699 02000000 0000bb05 
0000cca0: 36190200 00000000 0b213c01 9b173c13 
0000ccb0: 8f045402 0f005468 ffffffff ff000f06 
0000ccc0: 04020000 2b120900 3b150f00 02000000 
0000ccd0: 60007b00 09008b02 0900ec11 0f062401 
0000cce0: 00006700 54160000 00005981 10400200 
0000ccf0: 9f005600 023068b0 d02f2a00 67005402 
0000cd00: 00002000 51810840 42009f01 5412033e 
0000cd10: 70041104 9b132f9f 10020000 00002700 
0000cd20: 54140302 4800d012 04002700 54120374 
0000cd30: 7004f011 0400b295 2780223a 07022080 
0000cd40: ab853215 bb073217 ab153c17 9f015412 
0000cd50: 032408e9 16019215 2f802580 0702929d 
0000cd60: 27902080 15029b05 34139b13 2f3d0002 
0000cd70: 00000000 921d0f80 25800702 1b032f55 
0000cd80: 00020080 00009f01 54020204 48a81705 
0000cd90: e7005402 00002000 512002a0 10006700 
0000cda0: 54120000 20005101 04404200 1b0f3a05 
0000cdb0: bb1f37ff 10020000 00002b11 3a071b03 
0000cdc0: 3c171b03 3c05229e 25a02680 0e022081 
0000cdd0: 2a832580 86040702 20802203 2d802680 
0000cde0: 07022081 12042f80 26830f02 22822300 
0000cdf0: 2001329e 37808602 0e028004 221e2dc0 
0000ce00: 26810e02 20802700 5402020c 7600f010 
0000ce10: 01007207 05828604 17022080 2b93273f 
0000ce20: 00020080 00008b13 2f4b0002 00000000 
0000ce30: 220e2f80 86040702 223e9f01 54020320 
0000ce40: 08a81705 22072f82 253e0702 9f015402 
0000ce50: 020410a8 1705e700 54020000 21005100 
0000ce60: 01a01000 0f062402 00000f06 24010000 
0000ce70: 67004400 00000000 51010f40 02001208 
0000ce80: 0f80264c 0702224e e7005602 05002100 
0000ce90: 110100a0 18000e00 00000000 00000000 
0000cea0: 00000000 00000000 00000000 00000000 
0000ceb0: 00000000 00000000 00000000 00000000 
0000cec0: 80010000 00000000 00000000 00000000 
0000ced0: 00000000 00000000 00000000 00000000 
0000cee0: 00000000 00000000 00000000 00000000 
0000cef0: 00000000 00000000 00000000 00000000 
0000cf00: 03000700 02000000 60000e00 00000600 
0000cf10: 06000600 06000600 06000600 06000600 
0000cf20: 06000600 06000600 06000600 06000600 
0000cf30: 06000600 06000600 06000600 06000600 
0000cf40: 0cdd1006 9f105400 02008000 702a0200 
0000cf50: 67005404 00000000 59010140 22006700 
0000cf60: 560a0200 00005181 00402200 0a0b2380 
0000cf70: 060007c2 00000f05 54210f01 54ba0000 
0000cf80: 00000000 6700540c 00000000 59010040 
0000cf90: 22006700 56100600 00005981 0f402200 
0000cfa0: 67005414 02000000 51050040 22006700 
0000cfb0: 44000000 00001704 02402200 9f005610 
0000cfc0: 03284880 d02f2a00 9f015410 031842a8 
0000cfd0: 15056291 350d2281 05002080 9f01540c 
0000cfe0: 03183888 17054211 25112281 05002080 
0000cff0: 9f01540c 03e03188 15049f01 540c0310 
0000d000: 30881705 6b0d1fff 10020000 00001f01 
0000d010: 540e0218 10881701 e710540a 00000000 
0000d020: 510100a0 0800e700 540e0200 00005901 
0000d030: 00a00800 0f060401 00000e00 00000000 
0000d040: 802f0000 00000000 00000000 00000000 
0000d050: 00000000 00000000 00000000 00000000 
0000d060: 00000000 00000000 00000000 00000000 
0000d070: 00000000 00000000 00000000 00000000 
0000d080: 00000000 00000000 00000000 00000000 
0000d090: 00000000 00000000 00000000 00000000 
0000d0a0: 00000000 00000000 00000000 00000000 
0000d0b0: 00000000 00000000 00000000 00000000 
0000d0c0: 00000000 00000000 00000000 00000000 
0000d0d0: 00000000 00000000 00000000 00000000 
0000d0e0: 00000000 00000000 00000000 00000000 
0000d0f0: 00000000 00000000 00000000 00000000 
0000d100: 00000000 00000000 00000000 00000000 
0000d110: 00000000 00000000 00000000 00000000 
0000d120: 00000000 00000000 00000000 00000000 
0000d130: 00000000 00000000 00000000 00000000 
0000d140: 00000000 00000000 00000000 00000000 
0000d150: 00000000 00000000 00000000 00000000 
0000d160: 00000000 00000000 00000000 00000000 
0000d170: 00000000 00000000 00000000 00000000 
0000d180: 00000000 00000000 00000000 00000000 
0000d190: 00000000 00000000 00000000 00000000 
0000d1a0: 00000000 00000000 00000000 00000000 
0000d1b0: 00000000 00000000 00000000 00000000 
0000d1c0: 00000000 00000000 00000000 00000000 
0000d1d0: 00000000 00000000 00000000 00000000 
0000d1e0: 00000000 00000000 00000000 00000000 
0000d1f0: 00000000 00000000 00000000 00000000 
0000d200: 00000000 00000000 00000000 00000000 
0000d210: 00000000 00000000 00000000 00000000 
0000d220: 00000000 00000000 00000000 00000000 
0000d230: 00000000 00000000 00000000 00000000 
0000d240: 00000000 00000000 00000000 00000000 
0000d250: 00000000 00000000 00000000 00000000 
0000d260: 00000000 00000000 00000000 00000000 
0000d270: 00000000 00000000 00000000 00000000 
0000d280: 00000000 00000000 00000000 00000000 
0000d290: 00000000 00000000 00000000 00000000 
0000d2a0: 00000000 00000000 00000000 00000000 
0000d2b0: 00000000 00000000 00000000 00000000 
0000d2c0: 00000000 00000000 00000000 00000000 
0000d2d0: 00000000 00000000 00000000 00000000 
0000d2e0: 00000000 00000000 00000000 00000000 
0000d2f0: 00000000 00000000 00000000 00000000 
0000d300: 00000000 00000000 00000000 00000000 
0000d310: 00000000 00000000 00000000 00000000 
0000d320: 00000000 00000000 00000000 00000000 
0000d330: 00000000 00000000 00000000 00000000 
0000d340: 00000000 00000000 00000000 00000000 
0000d350: 00000000 00000000 00000000 00000000 
0000d360: 00000000 00000000 00000000 00000000 
0000d370: 00000000 00000000 00000000 00000000 
0000d380: 00000000 00000000 00000000 00000000 
0000d390: 00000000 00000000 00000000 00000000 
0000d3a0: 00000000 00000000 00000000 00000000 
0000d3b0: 00000000 00000000 00000000 00000000 
0000d3c0: 00000000 00000000 00000000 00000000 
0000d3d0: 00000000 00000000 00000000 00000000 
0000d3e0: 00000000 00000000 00000000 00000000 
0000d3f0: 00000000 00000000 00000000 00000000 
0000d400: 00000000 00000000 00000000 00000000 
0000d410: 00000000 00000000 00000000 00000000 
0000d420: 00000000 00000000 00000000 00000000 
0000d430: 00000000 00000000 00000000 00000000 
0000d440: 00000000 00000000 00000000 00000000 
0000d450: 00000000 00000000 00000000 00000000 
0000d460: 00000000 00000000 00000000 00000000 
0000d470: 00000000 00000000 00000000 00000000 
0000d480: 00000000 00000000 00000000 00000000 
0000d490: 00000000 00000000 00000000 00000000 
0000d4a0: 00000000 00000000 00000000 00000000 
0000d4b0: 00000000 00000000 00000000 00000000 
0000d4c0: 00000000 00000000 00000000 00000000 
0000d4d0: 00000000 00000000 00000000 00000000 
0000d4e0: 00000000 00000000 00000000 00000000 
0000d4f0: 00000000 00000000 00000000 00000000 
0000d500: 00000000 00000000 00000000 00000000 
0000d510: 00000000 00000000 00000000 00000000 
0000d520: 00000000 00000000 00000000 00000000 
0000d530: 00000000 00000000 00000000 00000000 
0000d540: 00000000 00000000 00000000 00000000 
0000d550: 00000000 00000000 00000000 00000000 
0000d560: 00000000 00000000 00000000 00000000 
0000d570: 00000000 00000000 00000000 00000000 
0000d580: 00000000 00000000 00000000 00000000 
0000d590: 00000000 00000000 00000000 00000000 
0000d5a0: 00000000 00000000 00000000 00000000 
0000d5b0: 00000000 00000000 00000000 00000000 
0000d5c0: 00000000 00000000 00000000 00000000 
0000d5d0: 00000000 00000000 00000000 00000000 
0000d5e0: 00000000 00000000 00000000 00000000 
0000d5f0: 00000000 00000000 00000000 00000000 
0000d600: 00000000 00000000 00000000 00000000 
0000d610: 00000000 00000000 00000000 00000000 
0000d620: 00000000 00000000 00000000 00000000 
0000d630: 00000000 00000000 00000000 00000000 
0000d640: 00000000 00000000 00000000 00000000 
0000d650: 00000000 00000000 00000000 00000000 
0000d660: 00000000 00000000 00000000 00000000 
0000d670: 00000000 00000000 00000000 00000000 
0000d680: 00000000 00000000 00000000 00000000 
0000d690: 00000000 00000000 00000000 00000000 
0000d6a0: 00000000 00000000 00000000 00000000 
0000d6b0: 00000000 00000000 00000000 00000000 
0000d6c0: 00000000 00000000 00000000 00000000 
0000d6d0: 00000000 00000000 00000000 00000000 
0000d6e0: 00000000 00000000 00000000 00000000 
0000d6f0: 00000000 00000000 00000000 00000000 
0000d700: 00000000 00000000 00000000 00000000 
0000d710: 00000000 00000000 00000000 00000000 
0000d720: 00000000 00000000 00000000 00000000 
0000d730: 00000000 00000000 00000000 00000000 
0000d740: 00000000 00000000 00000000 00000000 
0000d750: 00000000 00000000 00000000 00000000 
0000d760: 00000000 00000000 00000000 00000000 
0000d770: 00000000 00000000 00000000 00000000 
0000d780: 00000000 00000000 00000000 00000000 
0000d790: 00000000 00000000 00000000 00000000 
0000d7a0: 00000000 00000000 00000000 00000000 
0000d7b0: 00000000 00000000 00000000 00000000 
0000d7c0: 00000000 00000000 00000000 00000000 
0000d7d0: 00000000 00000000 00000000 00000000 
0000d7e0: 00000000 00000000 00000000 00000000 
0000d7f0: 00000000 00000000 00000000 00000000 
0000d800: 00000000 00000000 00000000 00000000 
0000d810: 00000000 00000000 00000000 00000000 
0000d820: 00000000 00000000 00000000 00000000 
0000d830: 00000000 00000000 00000000 00000000 
0000d840: 00000000 00000000 00000000 00000000 
0000d850: 00000000 00000000 00000000 00000000 
0000d860: 00000000 00000000 00000000 00000000 
0000d870: 00000000 00000000 00000000 00000000 
0000d880: 00000000 00000000 00000000 00000000 
0000d890: 00000000 00000000 00000000 00000000 
0000d8a0: 00000000 00000000 00000000 00000000 
0000d8b0: 00000000 00000000 00000000 00000000 
0000d8c0: 00000000 00000000 00000000 00000000 
0000d8d0: 00000000 00000000 00000000 00000000 
0000d8e0: 00000000 00000000 00000000 00000000 
0000d8f0: 00000000 00000000 00000000 00000000 
0000d900: 00000000 00000000 00000000 00000000 
0000d910: 00000000 00000000 00000000 00000000 
0000d920: 00000000 00000000 00000000 00000000 
0000d930: 00000000 00000000 00000000 00000000 
0000d940: 00000000 00000000 00000000 00000000 
0000d950: 00000000 00000000 00000000 00000000 
0000d960: 00000000 00000000 00000000 00000000 
0000d970: 00000000 00000000 00000000 00000000 
0000d980: 00000000 00000000 00000000 00000000 
0000d990: 00000000 00000000 00000000 00000000 
0000d9a0: 00000000 00000000 00000000 00000000 
0000d9b0: 00000000 00000000 00000000 00000000 
0000d9c0: 00000000 00000000 00000000 00000000 
0000d9d0: 00000000 00000000 00000000 00000000 
0000d9e0: 00000000 00000000 00000000 00000000 
0000d9f0: 00000000 00000000 00000000 00000000 
0000da00: 00000000 00000000 00000000 00000000 
0000da10: 00000000 00000000 00000000 00000000 
0000da20: 00000000 00000000 00000000 00000000 
0000da30: 00000000 00000000 00000000 00000000 
0000da40: 00000000 00000000 00000000 00000000 
0000da50: 00000000 00000000 00000000 00000000 
0000da60: 00000000 00000000 00000000 00000000 
0000da70: 00000000 00000000 00000000 00000000 
0000da80: 00000000 00000000 00000000 00000000 
0000da90: 00000000 00000000 00000000 00000000 
0000daa0: 00000000 00000000 00000000 00000000 
0000dab0: 00000000 00000000 00000000 00000000 
0000dac0: 00000000 00000000 00000000 00000000 
0000dad0: 00000000 00000000 00000000 00000000 
0000dae0: 00000000 00000000 00000000 00000000 
0000daf0: 00000000 00000000 00000000 00000000 
0000db00: 00000000 00000000 00000000 00000000 
0000db10: 00000000 00000000 00000000 00000000 
0000db20: 00000000 00000000 00000000 00000000 
0000db30: 00000000 00000000 00000000 00000000 
0000db40: 00000000 00000000 00000000 00000000 
0000db50: 00000000 00000000 00000000 00000000 
0000db60: 00000000 00000000 00000000 00000000 
0000db70: 00000000 00000000 00000000 00000000 
0000db80: 00000000 00000000 00000000 00000000 
0000db90: 00000000 00000000 00000000 00000000 
0000dba0: 00000000 00000000 00000000 00000000 
0000dbb0: 00000000 00000000 00000000 00000000 
0000dbc0: 00000000 00000000 00000000 00000000 
0000dbd0: 00000000 00000000 00000000 00000000 
0000dbe0: 00000000 00000000 00000000 00000000 
0000dbf0: 00000000 00000000 00000000 00000000 
0000dc00: 00000000 00000000 00000000 00000000 
0000dc10: 00000000 00000000 00000000 00000000 
0000dc20: 00000000 00000000 00000000 00000000 
0000dc30: 00000000 00000000 00000000 00000000 
0000dc40: 00000000 00000000 00000000 00000000 
0000dc50: 00000000 00000000 00000000 00000000 
0000dc60: 00000000 00000000 00000000 00000000 
0000dc70: 00000000 00000000 00000000 00000000 
0000dc80: 00000000 00000000 00000000 00000000 
0000dc90: 00000000 00000000 00000000 00000000 
0000dca0: 00000000 00000000 00000000 00000000 
0000dcb0: 00000000 00000000 00000000 00000000 
0000dcc0: 00000000 00000000 00000000 00000000 
0000dcd0: 00000000 00000000 00000000 00000000 
0000dce0: 00000000 00000000 00000000 00000000 
0000dcf0: 00000000 00000000 00000000 00000000 
0000dd00: 00000000 00000000 00000000 00000000 
0000dd10: 00000000 00000000 00000000 00000000 
0000dd20: 00000000 00000000 00000000 00000000 
0000dd30: 00000000 00000000 00000000 00000000 
0000dd40: 00000000 00000000 00000000 00000000 
0000dd50: 00000000 00000000 00000000 00000000 
0000dd60: 00000000 00000000 00000000 00000000 
0000dd70: 00000000 00000000 00000000 00000000 
0000dd80: 00000000 00000000 00000000 00000000 
0000dd90: 00000000 00000000 00000000 00000000 
0000dda0: 00000000 00000000 00000000 00000000 
0000ddb0: 00000000 00000000 00000000 00000000 
0000ddc0: 00000000 00000000 00000000 00000000 
0000ddd0: 00000000 00000000 00000000 00000000 
0000dde0: 00000000 00000000 00000000 00000000 
0000ddf0: 00000000 00000000 00000000 00000000 
0000de00: 00000000 00000000 00000000 00000000 
0000de10: 00000000 00000000 00000000 00000000 
0000de20: 00000000 00000000 00000000 00000000 
0000de30: 00000000 00000000 00000000 00000000 
0000de40: 00000000 00000000 00000000 00000000 
0000de50: 00000000 00000000 00000000 00000000 
0000de60: 00000000 00000000 00000000 00000000 
0000de70: 00000000 00000000 00000000 00000000 
0000de80: 00000000 00000000 00000000 00000000 
0000de90: 00000000 00000000 00000000 00000000 
0000dea0: 00000000 00000000 00000000 00000000 
0000deb0: 00000000 00000000 00000000 00000000 
0000dec0: 00000000 00000000 00000000 00000000 
0000ded0: 00000000 00000000 00000000 00000000 
0000dee0: 00000000 00000000 00000000 00000000 
0000def0: 00000000 00000000 00000000 00000000 
0000df00: 00000000 00000000 00000000 00000000 
0000df10: 00000000 00000000 00000000 00000000 
0000df20: 00000000 00000000 00000000 00000000 
0000df30: 00000000 00000000 00000000 00000000 
0000df40: 00000000 00000000 00000000 00000000 
0000df50: 00000000 00000000 00000000 00000000 
0000df60: 00000000 00000000 00000000 00000000 
0000df70: 00000000 00000000 00000000 00000000 
0000df80: 00000000 00000000 00000000 00000000 
0000df90: 00000000 00000000 00000000 00000000 
0000dfa0: 00000000 00000000 00000000 00000000 
0000dfb0: 00000000 00000000 00000000 00000000 
0000dfc0: 00000000 00000000 00000000 00000000 
0000dfd0: 00000000 00000000 00000000 00000000 
0000dfe0: 00000000 00000000 00000000 00000000 
0000dff0: 00000000 00000000 00000000 00000000 
0000e000: 00000000 00000000 00000000 00000000 
0000e010: 00000000 00000000 00000000 00000000 
0000e020: 00000000 00000000 00000000 00000000 
0000e030: 00000000 00000000 00000000 00000000 
0000e040: 00000000 00000000 00000000 00000000 
0000e050: 00000000 00000000 00000000 00000000 
0000e060: 00000000 00000000 00000000 00000000 
0000e070: 00000000 00000000 00000000 00000000 
0000e080: 00000000 00000000 00000000 00000000 
0000e090: 00000000 00000000 00000000 00000000 
0000e0a0: 00000000 00000000 00000000 00000000 
0000e0b0: 00000000 00000000 00000000 00000000 
0000e0c0: 00000000 00000000 00000000 00000000 
0000e0d0: 00000000 00000000 00000000 00000000 
0000e0e0: 00000000 00000000 00000000 00000000 
0000e0f0: 00000000 00000000 00000000 00000000 
0000e100: 00000000 00000000 00000000 00000000 
0000e110: 00000000 00000000 00000000 00000000 
0000e120: 00000000 00000000 00000000 00000000 
0000e130: 00000000 00000000 00000000 00000000 
0000e140: 00000000 00000000 00000000 00000000 
0000e150: 00000000 00000000 00000000 00000000 
0000e160: 00000000 00000000 00000000 00000000 
0000e170: 00000000 00000000 00000000 00000000 
0000e180: 00000000 00000000 00000000 00000000 
0000e190: 00000000 00000000 00000000 00000000 
0000e1a0: 00000000 00000000 00000000 00000000 
0000e1b0: 00000000 00000000 00000000 00000000 
0000e1c0: 00000000 00000000 00000000 00000000 
0000e1d0: 00000000 00000000 00000000 00000000 
0000e1e0: 00000000 00000000 00000000 00000000 
0000e1f0: 00000000 00000000 00000000 00000000 
0000e200: 00000000 00000000 00000000 00000000 
0000e210: 00000000 00000000 00000000 00000000 
0000e220: 00000000 00000000 00000000 00000000 
0000e230: 00000000 00000000 00000000 00000000 
0000e240: 00000000 00000000 00000000 00000000 
0000e250: 00000000 00000000 00000000 00000000 
0000e260: 00000000 00000000 00000000 00000000 
0000e270: 00000000 00000000 00000000 00000000 
0000e280: 00000000 00000000 00000000 00000000 
0000e290: 00000000 00000000 00000000 00000000 
0000e2a0: 00000000 00000000 00000000 00000000 
0000e2b0: 00000000 00000000 00000000 00000000 
0000e2c0: 00000000 00000000 00000000 00000000 
0000e2d0: 00000000 00000000 00000000 00000000 
0000e2e0: 00000000 00000000 00000000 00000000 
0000e2f0: 00000000 00000000 00000000 00000000 
0000e300: 00000000 00000000 00000000 00000000 
0000e310: 00000000 00000000 00000000 00000000 
0000e320: 00000000 00000000 00000000 00000000 
0000e330: 00000000 00000000 00000000 00000000 
0000e340: 00000000 00000000 00000000 00000000 
0000e350: 00000000 00000000 00000000 00000000 
0000e360: 00000000 00000000 00000000 00000000 
0000e370: 00000000 00000000 00000000 00000000 
0000e380: 00000000 00000000 00000000 00000000 
0000e390: 00000000 00000000 00000000 00000000 
0000e3a0: 00000000 00000000 00000000 00000000 
0000e3b0: 00000000 00000000 00000000 00000000 
0000e3c0: 00000000 00000000 00000000 00000000 
0000e3d0: 00000000 00000000 00000000 00000000 
0000e3e0: 00000000 00000000 00000000 00000000 
0000e3f0: 00000000 00000000 00000000 00000000 
0000e400: 00000000 00000000 00000000 00000000 
0000e410: 00000000 00000000 00000000 00000000 
0000e420: 00000000 00000000 00000000 00000000 
0000e430: 00000000 00000000 00000000 00000000 
0000e440: 00000000 00000000 00000000 00000000 
0000e450: 00000000 00000000 00000000 00000000 
0000e460: 00000000 00000000 00000000 00000000 
0000e470: 00000000 00000000 00000000 00000000 
0000e480: 00000000 00000000 00000000 00000000 
0000e490: 00000000 00000000 00000000 00000000 
0000e4a0: 00000000 00000000 00000000 00000000 
0000e4b0: 00000000 00000000 00000000 00000000 
0000e4c0: 00000000 00000000 00000000 00000000 
0000e4d0: 00000000 00000000 00000000 00000000 
0000e4e0: 00000000 00000000 00000000 00000000 
0000e4f0: 00000000 00000000 00000000 00000000 
0000e500: 00000000 00000000 00000000 00000000 
0000e510: 00000000 00000000 00000000 00000000 
0000e520: 00000000 00000000 00000000 00000000 
0000e530: 00000000 00000000 00000000 00000000 
0000e540: 00000000 00000000 00000000 00000000 
0000e550: 00000000 00000000 00000000 00000000 
0000e560: 00000000 00000000 00000000 00000000 
0000e570: 00000000 00000000 00000000 00000000 
0000e580: 00000000 00000000 00000000 00000000 
0000e590: 00000000 00000000 00000000 00000000 
0000e5a0: 00000000 00000000 00000000 00000000 
0000e5b0: 00000000 00000000 00000000 00000000 
0000e5c0: 00000000 00000000 00000000 00000000 
0000e5d0: 00000000 00000000 00000000 00000000 
0000e5e0: 00000000 00000000 00000000 00000000 
0000e5f0: 00000000 00000000 00000000 00000000 
0000e600: 00000000 00000000 00000000 00000000 
0000e610: 00000000 00000000 00000000 00000000 
0000e620: 00000000 00000000 00000000 00000000 
0000e630: 00000000 00000000 00000000 00000000 
0000e640: 00000000 00000000 00000000 00000000 
0000e650: 00000000 00000000 00000000 00000000 
0000e660: 00000000 00000000 00000000 00000000 
0000e670: 00000000 00000000 00000000 00000000 
0000e680: 00000000 00000000 00000000 00000000 
0000e690: 00000000 00000000 00000000 00000000 
0000e6a0: 00000000 00000000 00000000 00000000 
0000e6b0: 00000000 00000000 00000000 00000000 
0000e6c0: 00000000 00000000 00000000 00000000 
0000e6d0: 00000000 00000000 00000000 00000000 
0000e6e0: 00000000 00000000 00000000 00000000 
0000e6f0: 00000000 00000000 00000000 00000000 
0000e700: 00000000 00000000 00000000 00000000 
0000e710: 00000000 00000000 00000000 00000000 
0000e720: 00000000 00000000 00000000 00000000 
0000e730: 00000000 00000000 00000000 00000000 
0000e740: 00000000 00000000 00000000 00000000 
0000e750: 00000000 00000000 00000000 00000000 
0000e760: 00000000 00000000 00000000 00000000 
0000e770: 00000000 00000000 00000000 00000000 
0000e780: 00000000 00000000 00000000 00000000 
0000e790: 00000000 00000000 00000000 00000000 
0000e7a0: 00000000 00000000 00000000 00000000 
0000e7b0: 00000000 00000000 00000000 00000000 
0000e7c0: 00000000 00000000 00000000 00000000 
0000e7d0: 00000000 00000000 00000000 00000000 
0000e7e0: 00000000 00000000 00000000 00000000 
0000e7f0: 00000000 00000000 00000000 00000000 
0000e800: 00000000 00000000 00000000 00000000 
0000e810: 00000000 00000000 00000000 00000000 
0000e820: 00000000 00000000 00000000 00000000 
0000e830: 00000000 00000000 00000000 00000000 
0000e840: 00000000 00000000 00000000 00000000 
0000e850: 00000000 00000000 00000000 00000000 
0000e860: 00000000 00000000 00000000 00000000 
0000e870: 00000000 00000000 00000000 00000000 
0000e880: 00000000 00000000 00000000 00000000 
0000e890: 00000000 00000000 00000000 00000000 
0000e8a0: 00000000 00000000 00000000 00000000 
0000e8b0: 00000000 00000000 00000000 00000000 
0000e8c0: 00000000 00000000 00000000 00000000 
0000e8d0: 00000000 00000000 00000000 00000000 
0000e8e0: 00000000 00000000 00000000 00000000 
0000e8f0: 00000000 00000000 00000000 00000000 
0000e900: 00000000 00000000 00000000 00000000 
0000e910: 00000000 00000000 00000000 00000000 
0000e920: 00000000 00000000 00000000 00000000 
0000e930: 00000000 00000000 00000000 00000000 
0000e940: 00000000 00000000 00000000 00000000 
0000e950: 00000000 00000000 00000000 00000000 
0000e960: 00000000 00000000 00000000 00000000 
0000e970: 00000000 00000000 00000000 00000000 
0000e980: 00000000 00000000 00000000 00000000 
0000e990: 00000000 00000000 00000000 00000000 
0000e9a0: 00000000 00000000 00000000 00000000 
0000e9b0: 00000000 00000000 00000000 00000000 
0000e9c0: 00000000 00000000 00000000 00000000 
0000e9d0: 00000000 00000000 00000000 00000000 
0000e9e0: 00000000 00000000 00000000 00000000 
0000e9f0: 00000000 00000000 00000000 00000000 
0000ea00: 00000000 00000000 00000000 00000000 
0000ea10: 00000000 00000000 00000000 00000000 
0000ea20: 00000000 00000000 00000000 00000000 
0000ea30: 00000000 00000000 00000000 00000000 
0000ea40: 00000000 00000000 00000000 00000000 
0000ea50: 00000000 00000000 00000000 00000000 
0000ea60: 00000000 00000000 00000000 00000000 
0000ea70: 00000000 00000000 00000000 00000000 
0000ea80: 00000000 00000000 00000000 00000000 
0000ea90: 00000000 00000000 00000000 00000000 
0000eaa0: 00000000 00000000 00000000 00000000 
0000eab0: 00000000 00000000 00000000 00000000 
0000eac0: 00000000 00000000 00000000 00000000 
0000ead0: 00000000 00000000 00000000 00000000 
0000eae0: 00000000 00000000 00000000 00000000 
0000eaf0: 00000000 00000000 00000000 00000000 
0000eb00: 00000000 00000000 00000000 00000000 
0000eb10: 00000000 00000000 00000000 00000000 
0000eb20: 00000000 00000000 00000000 00000000 
0000eb30: 00000000 00000000 00000000 00000000 
0000eb40: 00000000 00000000 00000000 00000000 
0000eb50: 00000000 00000000 00000000 00000000 
0000eb60: 00000000 00000000 00000000 00000000 
0000eb70: 00000000 00000000 00000000 00000000 
0000eb80: 00000000 00000000 00000000 00000000 
0000eb90: 00000000 00000000 00000000 00000000 
0000eba0: 00000000 00000000 00000000 00000000 
0000ebb0: 00000000 00000000 00000000 00000000 
0000ebc0: 00000000 00000000 00000000 00000000 
0000ebd0: 00000000 00000000 00000000 00000000 
0000ebe0: 00000000 00000000 00000000 00000000 
0000ebf0: 00000000 00000000 00000000 00000000 
0000ec00: 00000000 00000000 00000000 00000000 
0000ec10: 00000000 00000000 00000000 00000000 
0000ec20: 00000000 00000000 00000000 00000000 
0000ec30: 00000000 00000000 00000000 00000000 
0000ec40: 00000000 00000000 00000000 00000000 
0000ec50: 00000000 00000000 00000000 00000000 
0000ec60: 00000000 00000000 00000000 00000000 
0000ec70: 00000000 00000000 00000000 00000000 
0000ec80: 00000000 00000000 00000000 00000000 
0000ec90: 00000000 00000000 00000000 00000000 
0000eca0: 00000000 00000000 00000000 00000000 
0000ecb0: 00000000 00000000 00000000 00000000 
0000ecc0: 00000000 00000000 00000000 00000000 
0000ecd0: 00000000 00000000 00000000 00000000 
0000ece0: 00000000 00000000 00000000 00000000 
0000ecf0: 00000000 00000000 00000000 00000000 
0000ed00: 00000000 00000000 00000000 00000000 
0000ed10: 00000000 00000000 00000000 00000000 
0000ed20: 00000000 00000000 00000000 00000000 
0000ed30: 00000000 00000000 00000000 00000000 
0000ed40: 00000000 00000000 00000000 00000000 
0000ed50: 00000000 00000000 00000000 00000000 
0000ed60: 00000000 00000000 00000000 00000000 
0000ed70: 00000000 00000000 00000000 00000000 
0000ed80: 00000000 00000000 00000000 00000000 
0000ed90: 00000000 00000000 00000000 00000000 
0000eda0: 00000000 00000000 00000000 00000000 
0000edb0: 00000000 00000000 00000000 00000000 
0000edc0: 00000000 00000000 00000000 00000000 
0000edd0: 00000000 00000000 00000000 00000000 
0000ede0: 00000000 00000000 00000000 00000000 
0000edf0: 00000000 00000000 00000000 00000000 
0000ee00: 00000000 00000000 00000000 00000000 
0000ee10: 00000000 00000000 00000000 00000000 
0000ee20: 00000000 00000000 00000000 00000000 
0000ee30: 00000000 00000000 00000000 00000000 
0000ee40: 00000000 00000000 00000000 00000000 
0000ee50: 00000000 00000000 00000000 00000000 
0000ee60: 00000000 00000000 00000000 00000000 
0000ee70: 00000000 00000000 00000000 00000000 
0000ee80: 00000000 00000000 00000000 00000000 
0000ee90: 00000000 00000000 00000000 00000000 
0000eea0: 00000000 00000000 00000000 00000000 
0000eeb0: 00000000 00000000 00000000 00000000 
0000eec0: 00000000 00000000 00000000 00000000 
0000eed0: 00000000 00000000 00000000 00000000 
0000eee0: 00000000 00000000 00000000 00000000 
0000eef0: 00000000 00000000 00000000 00000000 
0000ef00: 00000000 00000000 00000000 00000000 
0000ef10: 00000000 00000000 00000000 00000000 
0000ef20: 00000000 00000000 00000000 00000000 
0000ef30: 00000000 00000000 00000000 00000000 
0000ef40: 00000000 00000000 00000000 00000000 
0000ef50: 00000000 00000000 00000000 00000000 
0000ef60: 00000000 00000000 00000000 00000000 
0000ef70: 00000000 00000000 00000000 00000000 
0000ef80: 00000000 00000000 00000000 00000000 
0000ef90: 00000000 00000000 00000000 00000000 
0000efa0: 00000000 00000000 00000000 00000000 
0000efb0: 00000000 00000000 00000000 00000000 
0000efc0: 00000000 00000000 00000000 00000000 
0000efd0: 00000000 00000000 00000000 00000000 
0000efe0: 00000000 00000000 00000000 00000000 
0000eff0: 00000000 00000000 00000000 00000000 
0000f000: 00000000 00000000 00000000 00000000 
0000f010: 00000000 00000000 00000000 00000000 
0000f020: 00000000 00000000 00000000 00000000 
0000f030: 00000000 00000000 00000000 00000000 
0000f040: 00000000 00000000 00000000 00000000 
0000f050: 00000000 00000000 00000000 00000000 
0000f060: 00000000 00000000 00000000 00000000 
0000f070: 00000000 00000000 00000000 00000000 
0000f080: 00000000 00000000 00000000 00000000 
0000f090: 00000000 00000000 00000000 00000000 
0000f0a0: 00000000 00000000 00000000 00000000 
0000f0b0: 00000000 00000000 00000000 00000000 
0000f0c0: 00000000 00000000 00000000 00000000 
0000f0d0: 00000000 00000000 00000000 00000000 
0000f0e0: 00000000 00000000 00000000 00000000 
0000f0f0: 00000000 00000000 00000000 00000000 
0000f100: 00000000 00000000 00000000 00000000 
0000f110: 00000000 00000000 00000000 00000000 
0000f120: 00000000 00000000 00000000 00000000 
0000f130: 00000000 00000000 00000000 00000000 
0000f140: 00000000 00000000 00000000 00000000 
0000f150: 00000000 00000000 00000000 00000000 
0000f160: 00000000 00000000 00000000 00000000 
0000f170: 00000000 00000000 00000000 00000000 
0000f180: 00000000 00000000 00000000 00000000 
0000f190: 00000000 00000000 00000000 00000000 
0000f1a0: 00000000 00000000 00000000 00000000 
0000f1b0: 00000000 00000000 00000000 00000000 
0000f1c0: 00000000 00000000 00000000 00000000 
0000f1d0: 00000000 00000000 00000000 00000000 
0000f1e0: 00000000 00000000 00000000 00000000 
0000f1f0: 00000000 00000000 00000000 00000000 
0000f200: 00000000 00000000 00000000 00000000 
0000f210: 00000000 00000000 00000000 00000000 
0000f220: 00000000 00000000 00000000 00000000 
0000f230: 00000000 00000000 00000000 00000000 
0000f240: 00000000 00000000 00000000 00000000 
0000f250: 00000000 00000000 00000000 00000000 
0000f260: 00000000 00000000 00000000 00000000 
0000f270: 00000000 00000000 00000000 00000000 
0000f280: 00000000 00000000 00000000 00000000 
0000f290: 00000000 00000000 00000000 00000000 
0000f2a0: 00000000 00000000 00000000 00000000 
0000f2b0: 00000000 00000000 00000000 00000000 
0000f2c0: 00000000 00000000 00000000 00000000 
0000f2d0: 00000000 00000000 00000000 00000000 
0000f2e0: 00000000 00000000 00000000 00000000 
0000f2f0: 00000000 00000000 00000000 00000000 
0000f300: 00000000 00000000 00000000 00000000 
0000f310: 00000000 00000000 00000000 00000000 
0000f320: 00000000 00000000 00000000 00000000 
0000f330: 00000000 00000000 00000000 00000000 
0000f340: 00000000 00000000 00000000 00000000 
0000f350: 00000000 00000000 00000000 00000000 
0000f360: 00000000 00000000 00000000 00000000 
0000f370: 00000000 00000000 00000000 00000000 
0000f380: 00000000 00000000 00000000 00000000 
0000f390: 00000000 00000000 00000000 00000000 
0000f3a0: 00000000 00000000 00000000 00000000 
0000f3b0: 00000000 00000000 00000000 00000000 
0000f3c0: 00000000 00000000 00000000 00000000 
0000f3d0: 00000000 00000000 00000000 00000000 
0000f3e0: 00000000 00000000 00000000 00000000 
0000f3f0: 00000000 00000000 00000000 00000000 
0000f400: 00000000 00000000 00000000 00000000 
0000f410: 00000000 00000000 00000000 00000000 
0000f420: 00000000 00000000 00000000 00000000 
0000f430: 00000000 00000000 00000000 00000000 
0000f440: 00000000 00000000 00000000 00000000 
0000f450: 00000000 00000000 00000000 00000000 
0000f460: 00000000 00000000 00000000 00000000 
0000f470: 00000000 00000000 00000000 00000000 
0000f480: 00000000 00000000 00000000 00000000 
0000f490: 00000000 00000000 00000000 00000000 
0000f4a0: 00000000 00000000 00000000 00000000 
0000f4b0: 00000000 00000000 00000000 00000000 
0000f4c0: 00000000 00000000 00000000 00000000 
0000f4d0: 00000000 00000000 00000000 00000000 
0000f4e0: 00000000 00000000 00000000 00000000 
0000f4f0: 00000000 00000000 00000000 00000000 
0000f500: 00000000 00000000 00000000 00000000 
0000f510: 00000000 00000000 00000000 00000000 
0000f520: 00000000 00000000 00000000 00000000 
0000f530: 00000000 00000000 00000000 00000000 
0000f540: 00000000 00000000 00000000 00000000 
0000f550: 00000000 00000000 00000000 00000000 
0000f560: 00000000 00000000 00000000 00000000 
0000f570: 00000000 00000000 00000000 00000000 
0000f580: 00000000 00000000 00000000 00000000 
0000f590: 00000000 00000000 00000000 00000000 
0000f5a0: 00000000 00000000 00000000 00000000 
0000f5b0: 00000000 00000000 00000000 00000000 
0000f5c0: 00000000 00000000 00000000 00000000 
0000f5d0: 00000000 00000000 00000000 00000000 
0000f5e0: 00000000 00000000 00000000 00000000 
0000f5f0: 00000000 00000000 00000000 00000000 
0000f600: 00000000 00000000 00000000 00000000 
0000f610: 00000000 00000000 00000000 00000000 
0000f620: 00000000 00000000 00000000 00000000 
0000f630: 00000000 00000000 00000000 00000000 
0000f640: 00000000 00000000 00000000 00000000 
0000f650: 00000000 00000000 00000000 00000000 
0000f660: 00000000 00000000 00000000 00000000 
0000f670: 00000000 00000000 00000000 00000000 
0000f680: 00000000 00000000 00000000 00000000 
0000f690: 00000000 00000000 00000000 00000000 
0000f6a0: 00000000 00000000 00000000 00000000 
0000f6b0: 00000000 00000000 00000000 00000000 
0000f6c0: 00000000 00000000 00000000 00000000 
0000f6d0: 00000000 00000000 00000000 00000000 
0000f6e0: 00000000 00000000 00000000 00000000 
0000f6f0: 00000000 00000000 00000000 00000000 
0000f700: 00000000 00000000 00000000 00000000 
0000f710: 00000000 00000000 00000000 00000000 
0000f720: 00000000 00000000 00000000 00000000 
0000f730: 00000000 00000000 00000000 00000000 
0000f740: 00000000 00000000 00000000 00000000 
0000f750: 00000000 00000000 00000000 00000000 
0000f760: 00000000 00000000 00000000 00000000 
0000f770: 00000000 00000000 00000000 00000000 
0000f780: 00000000 00000000 00000000 00000000 
0000f790: 00000000 00000000 00000000 00000000 
0000f7a0: 00000000 00000000 00000000 00000000 
0000f7b0: 00000000 00000000 00000000 00000000 
0000f7c0: 00000000 00000000 00000000 00000000 
0000f7d0: 00000000 00000000 00000000 00000000 
0000f7e0: 00000000 00000000 00000000 00000000 
0000f7f0: 00000000 00000000 00000000 00000000 
0000f800: 00000000 00000000 00000000 00000000 
0000f810: 00000000 00000000 00000000 00000000 
0000f820: 00000000 00000000 00000000 00000000 
0000f830: 00000000 00000000 00000000 00000000 
0000f840: 00000000 00000000 00000000 00000000 
0000f850: 00000000 00000000 00000000 00000000 
0000f860: 00000000 00000000 00000000 00000000 
0000f870: 00000000 00000000 00000000 00000000 
0000f880: 00000000 00000000 00000000 00000000 
0000f890: 00000000 00000000 00000000 00000000 
0000f8a0: 00000000 00000000 00000000 00000000 
0000f8b0: 00000000 00000000 00000000 00000000 
0000f8c0: 00000000 00000000 00000000 00000000 
0000f8d0: 00000000 00000000 00000000 00000000 
0000f8e0: 00000000 00000000 00000000 00000000 
0000f8f0: 00000000 00000000 00000000 00000000 
0000f900: 00000000 00000000 00000000 00000000 
0000f910: 00000000 00000000 00000000 00000000 
0000f920: 00000000 00000000 00000000 00000000 
0000f930: 00000000 00000000 00000000 00000000 
0000f940: 00000000 00000000 00000000 00000000 
0000f950: 00000000 00000000 00000000 00000000 
0000f960: 00000000 00000000 00000000 00000000 
0000f970: 00000000 00000000 00000000 00000000 
0000f980: 00000000 00000000 00000000 00000000 
0000f990: 00000000 00000000 00000000 00000000 
0000f9a0: 00000000 00000000 00000000 00000000 
0000f9b0: 00000000 00000000 00000000 00000000 
0000f9c0: 00000000 00000000 00000000 00000000 
0000f9d0: 00000000 00000000 00000000 00000000 
0000f9e0: 00000000 00000000 00000000 00000000 
0000f9f0: 00000000 00000000 00000000 00000000 
0000fa00: 00000000 00000000 00000000 00000000 
0000fa10: 00000000 00000000 00000000 00000000 
0000fa20: 00000000 00000000 00000000 00000000 
0000fa30: 00000000 00000000 00000000 00000000 
0000fa40: 00000000 00000000 00000000 00000000 
0000fa50: 00000000 00000000 00000000 00000000 
0000fa60: 00000000 00000000 00000000 00000000 
0000fa70: 00000000 00000000 00000000 00000000 
0000fa80: 00000000 00000000 00000000 00000000 
0000fa90: 00000000 00000000 00000000 00000000 
0000faa0: 00000000 00000000 00000000 00000000 
0000fab0: 00000000 00000000 00000000 00000000 
0000fac0: 00000000 00000000 00000000 00000000 
0000fad0: 00000000 00000000 00000000 00000000 
0000fae0: 00000000 00000000 00000000 00000000 
0000faf0: 00000000 00000000 00000000 00000000 
0000fb00: 00000000 00000000 00000000 00000000 
0000fb10: 00000000 00000000 00000000 00000000 
0000fb20: 00000000 00000000 00000000 00000000 
0000fb30: 00000000 00000000 00000000 00000000 
0000fb40: 00000000 00000000 00000000 00000000 
0000fb50: 00000000 00000000 00000000 00000000 
0000fb60: 00000000 00000000 00000000 00000000 
0000fb70: 00000000 00000000 00000000 00000000 
0000fb80: 00000000 00000000 00000000 00000000 
0000fb90: 00000000 00000000 00000000 00000000 
0000fba0: 00000000 00000000 00000000 00000000 
0000fbb0: 00000000 00000000 00000000 00000000 
0000fbc0: 00000000 00000000 00000000 00000000 
0000fbd0: 00000000 00000000 00000000 00000000 
0000fbe0: 00000000 00000000 00000000 00000000 
0000fbf0: 00000000 00000000 00000000 00000000 
0000fc00: 00000000 00000000 00000000 00000000 
0000fc10: 00000000 00000000 00000000 00000000 
0000fc20: 00000000 00000000 00000000 00000000 
0000fc30: 00000000 00000000 00000000 00000000 
0000fc40: 00000000 00000000 00000000 00000000 
0000fc50: 00000000 00000000 00000000 00000000 
0000fc60: 00000000 00000000 00000000 00000000 
0000fc70: 00000000 00000000 00000000 00000000 
0000fc80: 00000000 00000000 00000000 00000000 
0000fc90: 00000000 00000000 00000000 00000000 
0000fca0: 00000000 00000000 00000000 00000000 
0000fcb0: 00000000 00000000 00000000 00000000 
0000fcc0: 00000000 00000000 00000000 00000000 
0000fcd0: 00000000 00000000 00000000 00000000 
0000fce0: 00000000 00000000 00000000 00000000 
0000fcf0: 00000000 00000000 00000000 00000000 
0000fd00: 00000000 00000000 00000000 00000000 
0000fd10: 00000000 00000000 00000000 00000000 
0000fd20: 00000000 00000000 00000000 00000000 
0000fd30: 00000000 00000000 00000000 00000000 
0000fd40: 00000000 00000000 00000000 00000000 
0000fd50: 00000000 00000000 00000000 00000000 
0000fd60: 00000000 00000000 00000000 00000000 
0000fd70: 00000000 00000000 00000000 00000000 
0000fd80: 00000000 00000000 00000000 00000000 
0000fd90: 00000000 00000000 00000000 00000000 
0000fda0: 00000000 00000000 00000000 00000000 
0000fdb0: 00000000 00000000 00000000 00000000 
0000fdc0: 00000000 00000000 00000000 00000000 
0000fdd0: 00000000 00000000 00000000 00000000 
0000fde0: 00000000 00000000 00000000 00000000 
0000fdf0: 00000000 00000000 00000000 00000000 
0000fe00: 00000000 00000000 00000000 00000000 
0000fe10: 00000000 00000000 00000000 00000000 
0000fe20: 00000000 00000000 00000000 00000000 
0000fe30: 00000000 00000000 00000000 00000000 
0000fe40: 00000000 00000000 00000000 00000000 
0000fe50: 00000000 00000000 00000000 00000000 
0000fe60: 00000000 00000000 00000000 00000000 
0000fe70: 00000000 00000000 00000000 00000000 
0000fe80: 00000000 00000000 00000000 00000000 
0000fe90: 00000000 00000000 00000000 00000000 
0000fea0: 00000000 00000000 00000000 00000000 
0000feb0: 00000000 00000000 00000000 00000000 
0000fec0: 00000000 00000000 00000000 00000000 
0000fed0: 00000000 00000000 00000000 00000000 
0000fee0: 00000000 00000000 00000000 00000000 
0000fef0: 00000000 00000000 00000000 00000000 
0000ff00: 00000000 00000000 00000000 00000000 
0000ff10: 00000000 00000000 00000000 00000000 
0000ff20: 00000000 00000000 00000000 00000000 
0000ff30: 00000000 00000000 00000000 00000000 
0000ff40: 00000000 00000000 00000000 00000000 
0000ff50: 00000000 00000000 00000000 00000000 
0000ff60: 00000000 00000000 00000000 00000000 
0000ff70: 00000000 00000000 00000000 00000000 
0000ff80: 00000000 00000000 00000000 00000000 
0000ff90: 00000000 00000000 00000000 00000000 
0000ffa0: 00000000 00000000 00000000 00000000 
0000ffb0: 00000000 00000000 00000000 00000000 
0000ffc0: 00000000 00000000 00000000 00000000 
0000ffd0: 00000000 00000000 00000000 00000000 
0000ffe0: 00000000 00000000 00000000 00000000 
0000fff0: 00000000 00000000 00000000 00000000 
