==============================================================================
falu2_ext.ctrl   tested=128  in_both=128
  carrier: SYNTH+LIFTED:k_sat_add@falu2_ext[32:40]  bytes(anchor-ish): 09011c0500000082
  baseline regs: [1065353216, 1069547520, 0, 1056964608, 1088421888, 1091567616, 1093664768, 1095761920, 1048576000, 1099956224, 1102053376, 1104150528, 1106247680, 1061158912, 0, 0]
  outcomes run1: {'wrong_value': 64, 'ok': 16, 'silent_zero': 48}
     0 0x00 wrong_value  rel=[]               wr=[(0, 1065353216, 3735928559), (1, 1069547520, 3735928559), (2, 0, 3735928559), (3, 1056964608, 3735928559), (4, 1088421888, 3735928559), (5, 1091567616, 3735928559), (6, 1093664768, 3735928559), (7, 1095761920, 3735928559), (8, 1048576000, 3735928559)] 
     1 0x01 ok           rel=[]               wr=[]                                       
     2 0x02 ok           rel=[]               wr=[]                                       
     3 0x03 wrong_value  rel=[]               wr=[(0, 1065353216, 3735928559), (1, 1069547520, 3735928559), (2, 0, 3735928559), (3, 1056964608, 3735928559), (4, 1088421888, 3735928559), (5, 1091567616, 3735928559), (6, 1093664768, 3735928559), (7, 1095761920, 3735928559), (8, 1048576000, 3735928559)] 
     4 0x04 wrong_value  rel=[]               wr=[(0, 1065353216, 3735928559), (1, 1069547520, 3735928559), (2, 0, 3735928559), (3, 1056964608, 3735928559), (4, 1088421888, 3735928559), (5, 1091567616, 3735928559), (6, 1093664768, 3735928559), (7, 1095761920, 3735928559), (8, 1048576000, 3735928559)] 
     5 0x05 ok           rel=[]               wr=[]                                       
     6 0x06 ok           rel=[]               wr=[]                                       
     7 0x07 wrong_value  rel=[]               wr=[(0, 1065353216, 3735928559), (1, 1069547520, 3735928559), (2, 0, 3735928559), (3, 1056964608, 3735928559), (4, 1088421888, 3735928559), (5, 1091567616, 3735928559), (6, 1093664768, 3735928559), (7, 1095761920, 3735928559), (8, 1048576000, 3735928559)] 
     8 0x08 wrong_value  rel=[]               wr=[(0, 1065353216, 3735928559), (1, 1069547520, 3735928559), (2, 0, 3735928559), (3, 1056964608, 3735928559), (4, 1088421888, 3735928559), (5, 1091567616, 3735928559), (6, 1093664768, 3735928559), (7, 1095761920, 3735928559), (8, 1048576000, 3735928559)] 
     9 0x09 ok           rel=[]               wr=[]                                       
    10 0x0a ok           rel=[]               wr=[]                                       
    11 0x0b wrong_value  rel=[]               wr=[(0, 1065353216, 3735928559), (1, 1069547520, 3735928559), (2, 0, 3735928559), (3, 1056964608, 3735928559), (4, 1088421888, 3735928559), (5, 1091567616, 3735928559), (6, 1093664768, 3735928559), (7, 1095761920, 3735928559), (8, 1048576000, 3735928559)] 
    12 0x0c wrong_value  rel=[]               wr=[(0, 1065353216, 3735928559), (1, 1069547520, 3735928559), (2, 0, 3735928559), (3, 1056964608, 3735928559), (4, 1088421888, 3735928559), (5, 1091567616, 3735928559), (6, 1093664768, 3735928559), (7, 1095761920, 3735928559), (8, 1048576000, 3735928559)] 
    13 0x0d ok           rel=[]               wr=[]                                       
    14 0x0e ok           rel=[]               wr=[]                                       
    15 0x0f wrong_value  rel=[]               wr=[(0, 1065353216, 3735928559), (1, 1069547520, 3735928559), (2, 0, 3735928559), (3, 1056964608, 3735928559), (4, 1088421888, 3735928559), (5, 1091567616, 3735928559), (6, 1093664768, 3735928559), (7, 1095761920, 3735928559), (8, 1048576000, 3735928559)] 
    16 0x10 wrong_value  rel=[]               wr=[(0, 1065353216, 3735928559), (1, 1069547520, 3735928559), (2, 0, 3735928559), (3, 1056964608, 3735928559), (4, 1088421888, 3735928559), (5, 1091567616, 3735928559), (6, 1093664768, 3735928559), (7, 1095761920, 3735928559), (8, 1048576000, 3735928559)] 
    17 0x11 ok           rel=[]               wr=[]                                       
    18 0x12 ok           rel=[]               wr=[]                                       
    19 0x13 wrong_value  rel=[]               wr=[(0, 1065353216, 3735928559), (1, 1069547520, 3735928559), (2, 0, 3735928559), (3, 1056964608, 3735928559), (4, 1088421888, 3735928559), (5, 1091567616, 3735928559), (6, 1093664768, 3735928559), (7, 1095761920, 3735928559), (8, 1048576000, 3735928559)] 
    20 0x14 wrong_value  rel=[]               wr=[(0, 1065353216, 3735928559), (1, 1069547520, 3735928559), (2, 0, 3735928559), (3, 1056964608, 3735928559), (4, 1088421888, 3735928559), (5, 1091567616, 3735928559), (6, 1093664768, 3735928559), (7, 1095761920, 3735928559), (8, 1048576000, 3735928559)] 
    21 0x15 ok           rel=[]               wr=[]                                       
    22 0x16 ok           rel=[]               wr=[]                                       
    23 0x17 wrong_value  rel=[]               wr=[(0, 1065353216, 3735928559), (1, 1069547520, 3735928559), (2, 0, 3735928559), (3, 1056964608, 3735928559), (4, 1088421888, 3735928559), (5, 1091567616, 3735928559), (6, 1093664768, 3735928559), (7, 1095761920, 3735928559), (8, 1048576000, 3735928559)] 
    24 0x18 wrong_value  rel=[]               wr=[(0, 1065353216, 3735928559), (1, 1069547520, 3735928559), (2, 0, 3735928559), (3, 1056964608, 3735928559), (4, 1088421888, 3735928559), (5, 1091567616, 3735928559), (6, 1093664768, 3735928559), (7, 1095761920, 3735928559), (8, 1048576000, 3735928559)] 
    25 0x19 ok           rel=[]               wr=[]                                       
    26 0x1a ok           rel=[]               wr=[]                                       
    27 0x1b wrong_value  rel=[]               wr=[(0, 1065353216, 3735928559), (1, 1069547520, 3735928559), (2, 0, 3735928559), (3, 1056964608, 3735928559), (4, 1088421888, 3735928559), (5, 1091567616, 3735928559), (6, 1093664768, 3735928559), (7, 1095761920, 3735928559), (8, 1048576000, 3735928559)] 
    28 0x1c wrong_value  rel=[]               wr=[(0, 1065353216, 3735928559), (1, 1069547520, 3735928559), (2, 0, 3735928559), (3, 1056964608, 3735928559), (4, 1088421888, 3735928559), (5, 1091567616, 3735928559), (6, 1093664768, 3735928559), (7, 1095761920, 3735928559), (8, 1048576000, 3735928559)] 
    29 0x1d ok           rel=[]               wr=[]                                       
    30 0x1e ok           rel=[]               wr=[]                                       
    31 0x1f wrong_value  rel=[]               wr=[(0, 1065353216, 3735928559), (1, 1069547520, 3735928559), (2, 0, 3735928559), (3, 1056964608, 3735928559), (4, 1088421888, 3735928559), (5, 1091567616, 3735928559), (6, 1093664768, 3735928559), (7, 1095761920, 3735928559), (8, 1048576000, 3735928559)] 
    32 0x20 wrong_value  rel=[]               wr=[(0, 1065353216, 3735928559), (1, 1069547520, 3735928559), (2, 0, 3735928559), (3, 1056964608, 3735928559), (4, 1088421888, 3735928559), (5, 1091567616, 3735928559), (6, 1093664768, 3735928559), (7, 1095761920, 3735928559), (8, 1048576000, 3735928559)] 
    33 0x21 silent_zero  rel=[0]              wr=[]                                       
    34 0x22 silent_zero  rel=[0]              wr=[]                                       
    35 0x23 wrong_value  rel=[]               wr=[(0, 1065353216, 3735928559), (1, 1069547520, 3735928559), (2, 0, 3735928559), (3, 1056964608, 3735928559), (4, 1088421888, 3735928559), (5, 1091567616, 3735928559), (6, 1093664768, 3735928559), (7, 1095761920, 3735928559), (8, 1048576000, 3735928559)] 
    36 0x24 wrong_value  rel=[]               wr=[(0, 1065353216, 3735928559), (1, 1069547520, 3735928559), (2, 0, 3735928559), (3, 1056964608, 3735928559), (4, 1088421888, 3735928559), (5, 1091567616, 3735928559), (6, 1093664768, 3735928559), (7, 1095761920, 3735928559), (8, 1048576000, 3735928559)] 
    37 0x25 silent_zero  rel=[0]              wr=[]                                       
    38 0x26 silent_zero  rel=[0]              wr=[]                                       
    39 0x27 wrong_value  rel=[]               wr=[(0, 1065353216, 3735928559), (1, 1069547520, 3735928559), (2, 0, 3735928559), (3, 1056964608, 3735928559), (4, 1088421888, 3735928559), (5, 1091567616, 3735928559), (6, 1093664768, 3735928559), (7, 1095761920, 3735928559), (8, 1048576000, 3735928559)] 
    40 0x28 wrong_value  rel=[]               wr=[(0, 1065353216, 3735928559), (1, 1069547520, 3735928559), (2, 0, 3735928559), (3, 1056964608, 3735928559), (4, 1088421888, 3735928559), (5, 1091567616, 3735928559), (6, 1093664768, 3735928559), (7, 1095761920, 3735928559), (8, 1048576000, 3735928559)] 
    41 0x29 silent_zero  rel=[0]              wr=[]                                       
    42 0x2a silent_zero  rel=[0]              wr=[]                                       
    43 0x2b wrong_value  rel=[]               wr=[(0, 1065353216, 3735928559), (1, 1069547520, 3735928559), (2, 0, 3735928559), (3, 1056964608, 3735928559), (4, 1088421888, 3735928559), (5, 1091567616, 3735928559), (6, 1093664768, 3735928559), (7, 1095761920, 3735928559), (8, 1048576000, 3735928559)] 
    44 0x2c wrong_value  rel=[]               wr=[(0, 1065353216, 3735928559), (1, 1069547520, 3735928559), (2, 0, 3735928559), (3, 1056964608, 3735928559), (4, 1088421888, 3735928559), (5, 1091567616, 3735928559), (6, 1093664768, 3735928559), (7, 1095761920, 3735928559), (8, 1048576000, 3735928559)] 
    45 0x2d silent_zero  rel=[0]              wr=[]                                       
    46 0x2e silent_zero  rel=[0]              wr=[]                                       
    47 0x2f wrong_value  rel=[]               wr=[(0, 1065353216, 3735928559), (1, 1069547520, 3735928559), (2, 0, 3735928559), (3, 1056964608, 3735928559), (4, 1088421888, 3735928559), (5, 1091567616, 3735928559), (6, 1093664768, 3735928559), (7, 1095761920, 3735928559), (8, 1048576000, 3735928559)] 
    48 0x30 wrong_value  rel=[]               wr=[(0, 1065353216, 3735928559), (1, 1069547520, 3735928559), (2, 0, 3735928559), (3, 1056964608, 3735928559), (4, 1088421888, 3735928559), (5, 1091567616, 3735928559), (6, 1093664768, 3735928559), (7, 1095761920, 3735928559), (8, 1048576000, 3735928559)] 
    49 0x31 silent_zero  rel=[0]              wr=[]                                       
    50 0x32 silent_zero  rel=[0]              wr=[]                                       
    51 0x33 wrong_value  rel=[]               wr=[(0, 1065353216, 3735928559), (1, 1069547520, 3735928559), (2, 0, 3735928559), (3, 1056964608, 3735928559), (4, 1088421888, 3735928559), (5, 1091567616, 3735928559), (6, 1093664768, 3735928559), (7, 1095761920, 3735928559), (8, 1048576000, 3735928559)] 
    52 0x34 wrong_value  rel=[]               wr=[(0, 1065353216, 3735928559), (1, 1069547520, 3735928559), (2, 0, 3735928559), (3, 1056964608, 3735928559), (4, 1088421888, 3735928559), (5, 1091567616, 3735928559), (6, 1093664768, 3735928559), (7, 1095761920, 3735928559), (8, 1048576000, 3735928559)] 
    53 0x35 silent_zero  rel=[0]              wr=[]                                       
    54 0x36 silent_zero  rel=[0]              wr=[]                                       
    55 0x37 wrong_value  rel=[]               wr=[(0, 1065353216, 3735928559), (1, 1069547520, 3735928559), (2, 0, 3735928559), (3, 1056964608, 3735928559), (4, 1088421888, 3735928559), (5, 1091567616, 3735928559), (6, 1093664768, 3735928559), (7, 1095761920, 3735928559), (8, 1048576000, 3735928559)] 
    56 0x38 wrong_value  rel=[]               wr=[(0, 1065353216, 3735928559), (1, 1069547520, 3735928559), (2, 0, 3735928559), (3, 1056964608, 3735928559), (4, 1088421888, 3735928559), (5, 1091567616, 3735928559), (6, 1093664768, 3735928559), (7, 1095761920, 3735928559), (8, 1048576000, 3735928559)] 
    57 0x39 silent_zero  rel=[0]              wr=[]                                       
    58 0x3a silent_zero  rel=[0]              wr=[]                                       
    59 0x3b wrong_value  rel=[]               wr=[(0, 1065353216, 3735928559), (1, 1069547520, 3735928559), (2, 0, 3735928559), (3, 1056964608, 3735928559), (4, 1088421888, 3735928559), (5, 1091567616, 3735928559), (6, 1093664768, 3735928559), (7, 1095761920, 3735928559), (8, 1048576000, 3735928559)] 
    60 0x3c wrong_value  rel=[]               wr=[(0, 1065353216, 3735928559), (1, 1069547520, 3735928559), (2, 0, 3735928559), (3, 1056964608, 3735928559), (4, 1088421888, 3735928559), (5, 1091567616, 3735928559), (6, 1093664768, 3735928559), (7, 1095761920, 3735928559), (8, 1048576000, 3735928559)] 
    61 0x3d silent_zero  rel=[0]              wr=[]                                       
    62 0x3e silent_zero  rel=[0]              wr=[]                                       
    63 0x3f wrong_value  rel=[]               wr=[(0, 1065353216, 3735928559), (1, 1069547520, 3735928559), (2, 0, 3735928559), (3, 1056964608, 3735928559), (4, 1088421888, 3735928559), (5, 1091567616, 3735928559), (6, 1093664768, 3735928559), (7, 1095761920, 3735928559), (8, 1048576000, 3735928559)] 
    64 0x40 wrong_value  rel=[]               wr=[(0, 1065353216, 3735928559), (1, 1069547520, 3735928559), (2, 0, 3735928559), (3, 1056964608, 3735928559), (4, 1088421888, 3735928559), (5, 1091567616, 3735928559), (6, 1093664768, 3735928559), (7, 1095761920, 3735928559), (8, 1048576000, 3735928559)] 
    65 0x41 silent_zero  rel=[0]              wr=[]                                       
    66 0x42 silent_zero  rel=[0]              wr=[]                                       
    67 0x43 wrong_value  rel=[]               wr=[(0, 1065353216, 3735928559), (1, 1069547520, 3735928559), (2, 0, 3735928559), (3, 1056964608, 3735928559), (4, 1088421888, 3735928559), (5, 1091567616, 3735928559), (6, 1093664768, 3735928559), (7, 1095761920, 3735928559), (8, 1048576000, 3735928559)] 
    68 0x44 wrong_value  rel=[]               wr=[(0, 1065353216, 3735928559), (1, 1069547520, 3735928559), (2, 0, 3735928559), (3, 1056964608, 3735928559), (4, 1088421888, 3735928559), (5, 1091567616, 3735928559), (6, 1093664768, 3735928559), (7, 1095761920, 3735928559), (8, 1048576000, 3735928559), (9, 1099956224, 3735928559), (10, 1102053376, 3735928559), (11, 1104150528, 3735928559), (12, 1106247680, 3735928559), (13, 1061158912, 3735928559), (14, 0, 3735928559), (15, 0, 3735928559)] DISAGREE/1RUN
    69 0x45 silent_zero  rel=[0]              wr=[]                                       
    70 0x46 silent_zero  rel=[0]              wr=[]                                       
    71 0x47 wrong_value  rel=[]               wr=[(0, 1065353216, 3735928559), (1, 1069547520, 3735928559), (2, 0, 3735928559), (3, 1056964608, 3735928559), (4, 1088421888, 3735928559), (5, 1091567616, 3735928559), (6, 1093664768, 3735928559), (7, 1095761920, 3735928559), (8, 1048576000, 3735928559)] 
    72 0x48 wrong_value  rel=[]               wr=[(0, 1065353216, 3735928559), (1, 1069547520, 3735928559), (2, 0, 3735928559), (3, 1056964608, 3735928559), (4, 1088421888, 3735928559), (5, 1091567616, 3735928559), (6, 1093664768, 3735928559), (7, 1095761920, 3735928559), (8, 1048576000, 3735928559)] 
    73 0x49 silent_zero  rel=[0]              wr=[]                                       
    74 0x4a silent_zero  rel=[0]              wr=[]                                       
    75 0x4b wrong_value  rel=[]               wr=[(0, 1065353216, 3735928559), (1, 1069547520, 3735928559), (2, 0, 3735928559), (3, 1056964608, 3735928559), (4, 1088421888, 3735928559), (5, 1091567616, 3735928559), (6, 1093664768, 3735928559), (7, 1095761920, 3735928559), (8, 1048576000, 3735928559)] 
    76 0x4c wrong_value  rel=[]               wr=[(0, 1065353216, 3735928559), (1, 1069547520, 3735928559), (2, 0, 3735928559), (3, 1056964608, 3735928559), (4, 1088421888, 3735928559), (5, 1091567616, 3735928559), (6, 1093664768, 3735928559), (7, 1095761920, 3735928559), (8, 1048576000, 3735928559)] 
    77 0x4d silent_zero  rel=[0]              wr=[]                                       
    78 0x4e silent_zero  rel=[0]              wr=[]                                       
    79 0x4f wrong_value  rel=[]               wr=[(0, 1065353216, 3735928559), (1, 1069547520, 3735928559), (2, 0, 3735928559), (3, 1056964608, 3735928559), (4, 1088421888, 3735928559), (5, 1091567616, 3735928559), (6, 1093664768, 3735928559), (7, 1095761920, 3735928559), (8, 1048576000, 3735928559)] 
    80 0x50 wrong_value  rel=[]               wr=[(0, 1065353216, 3735928559), (1, 1069547520, 3735928559), (2, 0, 3735928559), (3, 1056964608, 3735928559), (4, 1088421888, 3735928559), (5, 1091567616, 3735928559), (6, 1093664768, 3735928559), (7, 1095761920, 3735928559), (8, 1048576000, 3735928559)] 
    81 0x51 silent_zero  rel=[0]              wr=[]                                       
    82 0x52 silent_zero  rel=[0]              wr=[]                                       
    83 0x53 wrong_value  rel=[]               wr=[(0, 1065353216, 3735928559), (1, 1069547520, 3735928559), (2, 0, 3735928559), (3, 1056964608, 3735928559), (4, 1088421888, 3735928559), (5, 1091567616, 3735928559), (6, 1093664768, 3735928559), (7, 1095761920, 3735928559), (8, 1048576000, 3735928559)] 
    84 0x54 wrong_value  rel=[]               wr=[(0, 1065353216, 3735928559), (1, 1069547520, 3735928559), (2, 0, 3735928559), (3, 1056964608, 3735928559), (4, 1088421888, 3735928559), (5, 1091567616, 3735928559), (6, 1093664768, 3735928559), (7, 1095761920, 3735928559), (8, 1048576000, 3735928559)] 
    85 0x55 silent_zero  rel=[0]              wr=[]                                       
    86 0x56 silent_zero  rel=[0]              wr=[]                                       
    87 0x57 wrong_value  rel=[]               wr=[(0, 1065353216, 3735928559), (1, 1069547520, 3735928559), (2, 0, 3735928559), (3, 1056964608, 3735928559), (4, 1088421888, 3735928559), (5, 1091567616, 3735928559), (6, 1093664768, 3735928559), (7, 1095761920, 3735928559), (8, 1048576000, 3735928559)] 
    88 0x58 wrong_value  rel=[]               wr=[(0, 1065353216, 3735928559), (1, 1069547520, 3735928559), (2, 0, 3735928559), (3, 1056964608, 3735928559), (4, 1088421888, 3735928559), (5, 1091567616, 3735928559), (6, 1093664768, 3735928559), (7, 1095761920, 3735928559), (8, 1048576000, 3735928559)] 
    89 0x59 silent_zero  rel=[0]              wr=[]                                       
    90 0x5a silent_zero  rel=[0]              wr=[]                                       
    91 0x5b wrong_value  rel=[]               wr=[(0, 1065353216, 3735928559), (1, 1069547520, 3735928559), (2, 0, 3735928559), (3, 1056964608, 3735928559), (4, 1088421888, 3735928559), (5, 1091567616, 3735928559), (6, 1093664768, 3735928559), (7, 1095761920, 3735928559), (8, 1048576000, 3735928559)] 
    92 0x5c wrong_value  rel=[]               wr=[(0, 1065353216, 3735928559), (1, 1069547520, 3735928559), (2, 0, 3735928559), (3, 1056964608, 3735928559), (4, 1088421888, 3735928559), (5, 1091567616, 3735928559), (6, 1093664768, 3735928559), (7, 1095761920, 3735928559), (8, 1048576000, 3735928559)] 
    93 0x5d silent_zero  rel=[0]              wr=[]                                       
    94 0x5e silent_zero  rel=[0]              wr=[]                                       
    95 0x5f wrong_value  rel=[]               wr=[(0, 1065353216, 3735928559), (1, 1069547520, 3735928559), (2, 0, 3735928559), (3, 1056964608, 3735928559), (4, 1088421888, 3735928559), (5, 1091567616, 3735928559), (6, 1093664768, 3735928559), (7, 1095761920, 3735928559), (8, 1048576000, 3735928559)] 
    96 0x60 wrong_value  rel=[]               wr=[(0, 1065353216, 3735928559), (1, 1069547520, 3735928559), (2, 0, 3735928559), (3, 1056964608, 3735928559), (4, 1088421888, 3735928559), (5, 1091567616, 3735928559), (6, 1093664768, 3735928559), (7, 1095761920, 3735928559), (8, 1048576000, 3735928559)] 
    97 0x61 silent_zero  rel=[0]              wr=[]                                       
    98 0x62 silent_zero  rel=[0]              wr=[]                                       
    99 0x63 wrong_value  rel=[]               wr=[(0, 1065353216, 3735928559), (1, 1069547520, 3735928559), (2, 0, 3735928559), (3, 1056964608, 3735928559), (4, 1088421888, 3735928559), (5, 1091567616, 3735928559), (6, 1093664768, 3735928559), (7, 1095761920, 3735928559), (8, 1048576000, 3735928559)] 
   100 0x64 wrong_value  rel=[]               wr=[(0, 1065353216, 3735928559), (1, 1069547520, 3735928559), (2, 0, 3735928559), (3, 1056964608, 3735928559), (4, 1088421888, 3735928559), (5, 1091567616, 3735928559), (6, 1093664768, 3735928559), (7, 1095761920, 3735928559), (8, 1048576000, 3735928559)] 
   101 0x65 silent_zero  rel=[0]              wr=[]                                       
   102 0x66 silent_zero  rel=[0]              wr=[]                                       
   103 0x67 wrong_value  rel=[]               wr=[(0, 1065353216, 3735928559), (1, 1069547520, 3735928559), (2, 0, 3735928559), (3, 1056964608, 3735928559), (4, 1088421888, 3735928559), (5, 1091567616, 3735928559), (6, 1093664768, 3735928559), (7, 1095761920, 3735928559), (8, 1048576000, 3735928559)] 
   104 0x68 wrong_value  rel=[]               wr=[(0, 1065353216, 3735928559), (1, 1069547520, 3735928559), (2, 0, 3735928559), (3, 1056964608, 3735928559), (4, 1088421888, 3735928559), (5, 1091567616, 3735928559), (6, 1093664768, 3735928559), (7, 1095761920, 3735928559), (8, 1048576000, 3735928559)] 
   105 0x69 silent_zero  rel=[0]              wr=[]                                       
   106 0x6a silent_zero  rel=[0]              wr=[]                                       
   107 0x6b wrong_value  rel=[]               wr=[(0, 1065353216, 3735928559), (1, 1069547520, 3735928559), (2, 0, 3735928559), (3, 1056964608, 3735928559), (4, 1088421888, 3735928559), (5, 1091567616, 3735928559), (6, 1093664768, 3735928559), (7, 1095761920, 3735928559), (8, 1048576000, 3735928559)] 
   108 0x6c wrong_value  rel=[]               wr=[(0, 1065353216, 3735928559), (1, 1069547520, 3735928559), (2, 0, 3735928559), (3, 1056964608, 3735928559), (4, 1088421888, 3735928559), (5, 1091567616, 3735928559), (6, 1093664768, 3735928559), (7, 1095761920, 3735928559), (8, 1048576000, 3735928559)] 
   109 0x6d silent_zero  rel=[0]              wr=[]                                       
   110 0x6e silent_zero  rel=[0]              wr=[]                                       
   111 0x6f wrong_value  rel=[]               wr=[(0, 1065353216, 3735928559), (1, 1069547520, 3735928559), (2, 0, 3735928559), (3, 1056964608, 3735928559), (4, 1088421888, 3735928559), (5, 1091567616, 3735928559), (6, 1093664768, 3735928559), (7, 1095761920, 3735928559), (8, 1048576000, 3735928559)] 
   112 0x70 wrong_value  rel=[]               wr=[(0, 1065353216, 3735928559), (1, 1069547520, 3735928559), (2, 0, 3735928559), (3, 1056964608, 3735928559), (4, 1088421888, 3735928559), (5, 1091567616, 3735928559), (6, 1093664768, 3735928559), (7, 1095761920, 3735928559), (8, 1048576000, 3735928559)] 
   113 0x71 silent_zero  rel=[0]              wr=[]                                       
   114 0x72 silent_zero  rel=[0]              wr=[]                                       
   115 0x73 wrong_value  rel=[]               wr=[(0, 1065353216, 3735928559), (1, 1069547520, 3735928559), (2, 0, 3735928559), (3, 1056964608, 3735928559), (4, 1088421888, 3735928559), (5, 1091567616, 3735928559), (6, 1093664768, 3735928559), (7, 1095761920, 3735928559), (8, 1048576000, 3735928559)] 
   116 0x74 wrong_value  rel=[]               wr=[(0, 1065353216, 3735928559), (1, 1069547520, 3735928559), (2, 0, 3735928559), (3, 1056964608, 3735928559), (4, 1088421888, 3735928559), (5, 1091567616, 3735928559), (6, 1093664768, 3735928559), (7, 1095761920, 3735928559), (8, 1048576000, 3735928559)] 
   117 0x75 silent_zero  rel=[0]              wr=[]                                       
   118 0x76 silent_zero  rel=[0]              wr=[]                                       
   119 0x77 wrong_value  rel=[]               wr=[(0, 1065353216, 3735928559), (1, 1069547520, 3735928559), (2, 0, 3735928559), (3, 1056964608, 3735928559), (4, 1088421888, 3735928559), (5, 1091567616, 3735928559), (6, 1093664768, 3735928559), (7, 1095761920, 3735928559), (8, 1048576000, 3735928559)] 
   120 0x78 wrong_value  rel=[]               wr=[(0, 1065353216, 3735928559), (1, 1069547520, 3735928559), (2, 0, 3735928559), (3, 1056964608, 3735928559), (4, 1088421888, 3735928559), (5, 1091567616, 3735928559), (6, 1093664768, 3735928559), (7, 1095761920, 3735928559), (8, 1048576000, 3735928559)] 
   121 0x79 silent_zero  rel=[0]              wr=[]                                       
   122 0x7a silent_zero  rel=[0]              wr=[]                                       
   123 0x7b wrong_value  rel=[]               wr=[(0, 1065353216, 3735928559), (1, 1069547520, 3735928559), (2, 0, 3735928559), (3, 1056964608, 3735928559), (4, 1088421888, 3735928559), (5, 1091567616, 3735928559), (6, 1093664768, 3735928559), (7, 1095761920, 3735928559), (8, 1048576000, 3735928559)] 
   124 0x7c wrong_value  rel=[]               wr=[(0, 1065353216, 3735928559), (1, 1069547520, 3735928559), (2, 0, 3735928559), (3, 1056964608, 3735928559), (4, 1088421888, 3735928559), (5, 1091567616, 3735928559), (6, 1093664768, 3735928559), (7, 1095761920, 3735928559), (8, 1048576000, 3735928559)] 
   125 0x7d silent_zero  rel=[0]              wr=[]                                       
   126 0x7e silent_zero  rel=[0]              wr=[]                                       
   127 0x7f wrong_value  rel=[]               wr=[(0, 1065353216, 3735928559), (1, 1069547520, 3735928559), (2, 0, 3735928559), (3, 1056964608, 3735928559), (4, 1088421888, 3735928559), (5, 1091567616, 3735928559), (6, 1093664768, 3735928559), (7, 1095761920, 3735928559), (8, 1048576000, 3735928559)] 
==============================================================================
falu3.op   tested=256  in_both=256
  carrier: SYNTH+LIFTED:k_fma@falu3[56:64]  bytes(anchor-ish): 09010005810802c0
  baseline regs: [1102053376, 1069547520, 0, 1056964608, 0, 1091567616, 1093664768, 1095761920, 1048576000, 1099956224, 1102053376, 1104150528, 1106247680, 1061158912, 0, 0]
  outcomes run1: {'wrong_value': 214, 'fault': 32, 'ok': 4, 'silent_zero': 6}
     0 0x00 wrong_value  rel=[]               wr=[(0, 1102053376, 1090519040), (2, 0, 1077936128), (4, 0, 1088421888)] 
     1 0x01 wrong_value  rel=[]               wr=[(0, 1102053376, 1097859072), (2, 0, 1077936128), (4, 0, 1088421888)] 
     2 0x02 wrong_value  rel=[]               wr=[(0, 1102053376, 1101004800), (2, 0, 1077936128), (4, 0, 1088421888)] 
     3 0x03 wrong_value  rel=[]               wr=[(0, 1102053376, 1105199104), (2, 0, 1077936128), (4, 0, 1088421888)] 
     4 0x04 wrong_value  rel=[]               wr=[(0, 1102053376, 3225419776), (2, 0, 1077936128), (4, 0, 1088421888)] 
     5 0x05 wrong_value  rel=[0]              wr=[(2, 0, 1077936128), (4, 0, 1088421888)] 
     6 0x06 wrong_value  rel=[]               wr=[(2, 0, 1077936128)]                     
     7 0x07 fault        NO-DUMP
     8 0x08 wrong_value  rel=[]               wr=[(0, 1102053376, 1090519040), (2, 0, 1077936128), (4, 0, 1088421888)] 
     9 0x09 wrong_value  rel=[]               wr=[(0, 1102053376, 1097859072), (2, 0, 1077936128), (4, 0, 1088421888)] 
    10 0x0a wrong_value  rel=[]               wr=[(0, 1102053376, 1101004800), (2, 0, 1077936128), (4, 0, 1088421888)] 
    11 0x0b wrong_value  rel=[]               wr=[(0, 1102053376, 1105199104), (2, 0, 1077936128), (4, 0, 1088421888)] 
    12 0x0c wrong_value  rel=[]               wr=[(0, 1102053376, 3225419776), (2, 0, 1077936128), (4, 0, 1088421888)] 
    13 0x0d wrong_value  rel=[0]              wr=[(2, 0, 1077936128), (4, 0, 1088421888)] 
    14 0x0e wrong_value  rel=[]               wr=[(2, 0, 1077936128)]                     
    15 0x0f fault        NO-DUMP
    16 0x10 wrong_value  rel=[]               wr=[(0, 1102053376, 1090519040), (4, 0, 1088421888)] 
    17 0x11 wrong_value  rel=[]               wr=[(0, 1102053376, 1097859072), (4, 0, 1088421888)] 
    18 0x12 wrong_value  rel=[]               wr=[(0, 1102053376, 1101004800), (4, 0, 1088421888)] 
    19 0x13 wrong_value  rel=[]               wr=[(0, 1102053376, 1105199104), (4, 0, 1088421888)] 
    20 0x14 wrong_value  rel=[]               wr=[(0, 1102053376, 3225419776), (4, 0, 1088421888)] 
    21 0x15 wrong_value  rel=[0]              wr=[(4, 0, 1088421888)]                     
    22 0x16 ok           rel=[]               wr=[]                                       
    23 0x17 fault        NO-DUMP
    24 0x18 wrong_value  rel=[]               wr=[(0, 1102053376, 1090519040), (4, 0, 1088421888)] 
    25 0x19 wrong_value  rel=[]               wr=[(0, 1102053376, 1097859072), (4, 0, 1088421888)] 
    26 0x1a wrong_value  rel=[]               wr=[(0, 1102053376, 1101004800), (4, 0, 1088421888)] 
    27 0x1b wrong_value  rel=[]               wr=[(0, 1102053376, 1105199104), (4, 0, 1088421888)] 
    28 0x1c wrong_value  rel=[]               wr=[(0, 1102053376, 3225419776), (4, 0, 1088421888)] 
    29 0x1d wrong_value  rel=[0]              wr=[(4, 0, 1088421888)]                     
    30 0x1e ok           rel=[]               wr=[]                                       
    31 0x1f fault        NO-DUMP
    32 0x20 wrong_value  rel=[]               wr=[(0, 1102053376, 1090519040), (2, 0, 1077936128), (4, 0, 1088421888)] 
    33 0x21 wrong_value  rel=[]               wr=[(0, 1102053376, 1097859072), (2, 0, 1077936128), (4, 0, 1088421888)] 
    34 0x22 wrong_value  rel=[]               wr=[(0, 1102053376, 1101004800), (2, 0, 1077936128), (4, 0, 1088421888)] 
    35 0x23 wrong_value  rel=[]               wr=[(0, 1102053376, 1105199104), (2, 0, 1077936128), (4, 0, 1088421888)] 
    36 0x24 wrong_value  rel=[]               wr=[(0, 1102053376, 3225419776), (2, 0, 1077936128), (4, 0, 1088421888)] 
    37 0x25 wrong_value  rel=[0]              wr=[(2, 0, 1077936128), (4, 0, 1088421888)] 
    38 0x26 wrong_value  rel=[]               wr=[(2, 0, 1077936128)]                     
    39 0x27 fault        NO-DUMP
    40 0x28 wrong_value  rel=[]               wr=[(0, 1102053376, 1090519040), (2, 0, 1077936128), (4, 0, 1088421888)] 
    41 0x29 wrong_value  rel=[]               wr=[(0, 1102053376, 1097859072), (2, 0, 1077936128), (4, 0, 1088421888)] 
    42 0x2a wrong_value  rel=[]               wr=[(0, 1102053376, 1101004800), (2, 0, 1077936128), (4, 0, 1088421888)] 
    43 0x2b wrong_value  rel=[]               wr=[(0, 1102053376, 1105199104), (2, 0, 1077936128), (4, 0, 1088421888)] 
    44 0x2c wrong_value  rel=[]               wr=[(0, 1102053376, 3225419776), (2, 0, 1077936128), (4, 0, 1088421888)] 
    45 0x2d wrong_value  rel=[0]              wr=[(2, 0, 1077936128), (4, 0, 1088421888)] 
    46 0x2e wrong_value  rel=[]               wr=[(2, 0, 1077936128)]                     
    47 0x2f fault        NO-DUMP
    48 0x30 wrong_value  rel=[]               wr=[(0, 1102053376, 1090519040), (4, 0, 1088421888)] 
    49 0x31 wrong_value  rel=[]               wr=[(0, 1102053376, 1097859072), (4, 0, 1088421888)] 
    50 0x32 wrong_value  rel=[]               wr=[(0, 1102053376, 1101004800), (4, 0, 1088421888)] 
    51 0x33 wrong_value  rel=[]               wr=[(0, 1102053376, 1105199104), (4, 0, 1088421888)] 
    52 0x34 wrong_value  rel=[]               wr=[(0, 1102053376, 3225419776), (4, 0, 1088421888)] 
    53 0x35 wrong_value  rel=[0]              wr=[(4, 0, 1088421888)]                     
    54 0x36 ok           rel=[]               wr=[]                                       
    55 0x37 fault        NO-DUMP
    56 0x38 wrong_value  rel=[]               wr=[(0, 1102053376, 1090519040), (4, 0, 1088421888)] 
    57 0x39 wrong_value  rel=[]               wr=[(0, 1102053376, 1097859072), (4, 0, 1088421888)] 
    58 0x3a wrong_value  rel=[]               wr=[(0, 1102053376, 1101004800), (4, 0, 1088421888)] 
    59 0x3b wrong_value  rel=[]               wr=[(0, 1102053376, 1105199104), (4, 0, 1088421888)] 
    60 0x3c wrong_value  rel=[]               wr=[(0, 1102053376, 3225419776), (4, 0, 1088421888)] 
    61 0x3d wrong_value  rel=[0]              wr=[(4, 0, 1088421888)]                     
    62 0x3e ok           rel=[]               wr=[]                                       
    63 0x3f fault        NO-DUMP
    64 0x40 wrong_value  rel=[]               wr=[(0, 1102053376, 1084227584), (2, 0, 1077936128), (4, 0, 1088421888)] 
    65 0x41 wrong_value  rel=[]               wr=[(0, 1102053376, 1084227584), (2, 0, 1077936128), (4, 0, 1088421888)] 
    66 0x42 wrong_value  rel=[]               wr=[(0, 1102053376, 1084227584), (2, 0, 1077936128), (4, 0, 1088421888)] 
    67 0x43 wrong_value  rel=[]               wr=[(0, 1102053376, 1084227584), (2, 0, 1077936128), (4, 0, 1088421888)] 
    68 0x44 wrong_value  rel=[]               wr=[(0, 1102053376, 1084227584), (2, 0, 1077936128), (4, 0, 1088421888)] 
    69 0x45 wrong_value  rel=[]               wr=[(0, 1102053376, 1084227584), (2, 0, 1077936128), (4, 0, 1088421888)] 
    70 0x46 wrong_value  rel=[]               wr=[(0, 1102053376, 1084227584), (2, 0, 1077936128)] 
    71 0x47 fault        NO-DUMP
    72 0x48 wrong_value  rel=[0]              wr=[(2, 0, 1077936128), (4, 0, 1088421888)] 
    73 0x49 wrong_value  rel=[0]              wr=[(2, 0, 1077936128), (4, 0, 1088421888)] 
    74 0x4a wrong_value  rel=[0]              wr=[(2, 0, 1077936128), (4, 0, 1088421888)] 
    75 0x4b wrong_value  rel=[0]              wr=[(2, 0, 1077936128), (4, 0, 1088421888)] 
    76 0x4c wrong_value  rel=[]               wr=[(0, 1102053376, 1084227584), (2, 0, 1077936128), (4, 0, 1088421888)] 
    77 0x4d wrong_value  rel=[]               wr=[(0, 1102053376, 1084227584), (2, 0, 1077936128), (4, 0, 1088421888)] 
    78 0x4e wrong_value  rel=[0]              wr=[(2, 0, 1077936128)]                     
    79 0x4f fault        NO-DUMP
    80 0x50 wrong_value  rel=[]               wr=[(0, 1102053376, 1084227584), (4, 0, 1088421888)] 
    81 0x51 wrong_value  rel=[]               wr=[(0, 1102053376, 1084227584), (4, 0, 1088421888)] 
    82 0x52 wrong_value  rel=[]               wr=[(0, 1102053376, 1084227584), (4, 0, 1088421888)] 
    83 0x53 wrong_value  rel=[]               wr=[(0, 1102053376, 1084227584), (4, 0, 1088421888)] 
    84 0x54 wrong_value  rel=[]               wr=[(0, 1102053376, 1084227584), (4, 0, 1088421888)] 
    85 0x55 wrong_value  rel=[]               wr=[(0, 1102053376, 1084227584), (4, 0, 1088421888)] 
    86 0x56 wrong_value  rel=[]               wr=[(0, 1102053376, 1084227584)]            
    87 0x57 fault        NO-DUMP
    88 0x58 wrong_value  rel=[0]              wr=[(4, 0, 1088421888)]                     
    89 0x59 wrong_value  rel=[0]              wr=[(4, 0, 1088421888)]                     
    90 0x5a wrong_value  rel=[0]              wr=[(4, 0, 1088421888)]                     
    91 0x5b wrong_value  rel=[0]              wr=[(4, 0, 1088421888)]                     
    92 0x5c wrong_value  rel=[]               wr=[(0, 1102053376, 1084227584), (4, 0, 1088421888)] 
    93 0x5d wrong_value  rel=[]               wr=[(0, 1102053376, 1084227584), (4, 0, 1088421888)] 
    94 0x5e silent_zero  rel=[0]              wr=[]                                       
    95 0x5f fault        NO-DUMP
    96 0x60 wrong_value  rel=[]               wr=[(0, 1102053376, 1084227584), (2, 0, 1077936128), (4, 0, 1088421888)] 
    97 0x61 wrong_value  rel=[]               wr=[(0, 1102053376, 1084227584), (2, 0, 1077936128), (4, 0, 1088421888)] 
    98 0x62 wrong_value  rel=[]               wr=[(0, 1102053376, 1084227584), (2, 0, 1077936128), (4, 0, 1088421888)] 
    99 0x63 wrong_value  rel=[]               wr=[(0, 1102053376, 1084227584), (2, 0, 1077936128), (4, 0, 1088421888)] 
   100 0x64 wrong_value  rel=[]               wr=[(0, 1102053376, 1084227584), (2, 0, 1077936128), (4, 0, 1088421888)] 
   101 0x65 wrong_value  rel=[]               wr=[(0, 1102053376, 1084227584), (2, 0, 1077936128), (4, 0, 1088421888)] 
   102 0x66 wrong_value  rel=[]               wr=[(0, 1102053376, 1084227584), (2, 0, 1077936128)] 
   103 0x67 fault        NO-DUMP
   104 0x68 wrong_value  rel=[0]              wr=[(2, 0, 1077936128), (4, 0, 1088421888)] 
   105 0x69 wrong_value  rel=[0]              wr=[(2, 0, 1077936128), (4, 0, 1088421888)] 
   106 0x6a wrong_value  rel=[0]              wr=[(2, 0, 1077936128), (4, 0, 1088421888)] 
   107 0x6b wrong_value  rel=[0]              wr=[(2, 0, 1077936128), (4, 0, 1088421888)] 
   108 0x6c wrong_value  rel=[]               wr=[(0, 1102053376, 1084227584), (2, 0, 1077936128), (4, 0, 1088421888)] 
   109 0x6d wrong_value  rel=[]               wr=[(0, 1102053376, 1084227584), (2, 0, 1077936128), (4, 0, 1088421888)] 
   110 0x6e wrong_value  rel=[0]              wr=[(2, 0, 1077936128)]                     
   111 0x6f fault        NO-DUMP
   112 0x70 wrong_value  rel=[]               wr=[(0, 1102053376, 1084227584), (4, 0, 1088421888)] 
   113 0x71 wrong_value  rel=[]               wr=[(0, 1102053376, 1084227584), (4, 0, 1088421888)] 
   114 0x72 wrong_value  rel=[]               wr=[(0, 1102053376, 1084227584), (4, 0, 1088421888)] 
   115 0x73 wrong_value  rel=[]               wr=[(0, 1102053376, 1084227584), (4, 0, 1088421888)] 
   116 0x74 wrong_value  rel=[]               wr=[(0, 1102053376, 1084227584), (4, 0, 1088421888)] 
   117 0x75 wrong_value  rel=[]               wr=[(0, 1102053376, 1084227584), (4, 0, 1088421888)] 
   118 0x76 wrong_value  rel=[]               wr=[(0, 1102053376, 1084227584)]            
   119 0x77 fault        NO-DUMP
   120 0x78 wrong_value  rel=[0]              wr=[(4, 0, 1088421888)]                     
   121 0x79 wrong_value  rel=[0]              wr=[(4, 0, 1088421888)]                     
   122 0x7a wrong_value  rel=[0]              wr=[(4, 0, 1088421888)]                     
   123 0x7b wrong_value  rel=[0]              wr=[(4, 0, 1088421888)]                     
   124 0x7c wrong_value  rel=[]               wr=[(0, 1102053376, 1084227584), (4, 0, 1088421888)] 
   125 0x7d wrong_value  rel=[]               wr=[(0, 1102053376, 1084227584), (4, 0, 1088421888)] 
   126 0x7e silent_zero  rel=[0]              wr=[]                                       
   127 0x7f fault        NO-DUMP
   128 0x80 wrong_value  rel=[]               wr=[(0, 1102053376, 1084227584), (2, 0, 1077936128), (4, 0, 1088421888)] 
   129 0x81 wrong_value  rel=[]               wr=[(0, 1102053376, 1084227584), (2, 0, 1077936128), (4, 0, 1088421888)] 
   130 0x82 wrong_value  rel=[]               wr=[(0, 1102053376, 1084227584), (2, 0, 1077936128), (4, 0, 1088421888)] 
   131 0x83 wrong_value  rel=[]               wr=[(0, 1102053376, 1084227584), (2, 0, 1077936128), (4, 0, 1088421888)] 
   132 0x84 wrong_value  rel=[]               wr=[(0, 1102053376, 1084227584), (2, 0, 1077936128), (4, 0, 1088421888)] 
   133 0x85 wrong_value  rel=[]               wr=[(0, 1102053376, 1084227584), (2, 0, 1077936128), (4, 0, 1088421888)] 
   134 0x86 wrong_value  rel=[]               wr=[(0, 1102053376, 1084227584), (2, 0, 1077936128)] 
   135 0x87 fault        NO-DUMP
   136 0x88 wrong_value  rel=[0]              wr=[(2, 0, 1077936128), (4, 0, 1088421888)] 
   137 0x89 wrong_value  rel=[0]              wr=[(2, 0, 1077936128), (4, 0, 1088421888)] 
   138 0x8a wrong_value  rel=[0]              wr=[(2, 0, 1077936128), (4, 0, 1088421888)] 
   139 0x8b wrong_value  rel=[0]              wr=[(2, 0, 1077936128), (4, 0, 1088421888)] 
   140 0x8c wrong_value  rel=[]               wr=[(0, 1102053376, 1084227584), (2, 0, 1077936128), (4, 0, 1088421888)] 
   141 0x8d wrong_value  rel=[]               wr=[(0, 1102053376, 1084227584), (2, 0, 1077936128), (4, 0, 1088421888)] 
   142 0x8e wrong_value  rel=[0]              wr=[(2, 0, 1077936128)]                     
   143 0x8f fault        NO-DUMP
   144 0x90 wrong_value  rel=[]               wr=[(0, 1102053376, 1084227584), (4, 0, 1088421888)] 
   145 0x91 wrong_value  rel=[]               wr=[(0, 1102053376, 1084227584), (4, 0, 1088421888)] 
   146 0x92 wrong_value  rel=[]               wr=[(0, 1102053376, 1084227584), (4, 0, 1088421888)] 
   147 0x93 wrong_value  rel=[]               wr=[(0, 1102053376, 1084227584), (4, 0, 1088421888)] 
   148 0x94 wrong_value  rel=[]               wr=[(0, 1102053376, 1084227584), (4, 0, 1088421888)] 
   149 0x95 wrong_value  rel=[]               wr=[(0, 1102053376, 3735928559), (1, 1069547520, 3735928559), (2, 0, 3735928559), (3, 1056964608, 3735928559), (4, 0, 3735928559), (5, 1091567616, 3735928559), (6, 1093664768, 3735928559), (7, 1095761920, 3735928559), (8, 1048576000, 3735928559), (9, 1099956224, 3735928559), (10, 1102053376, 3735928559), (11, 1104150528, 3735928559), (12, 1106247680, 3735928559), (13, 1061158912, 3735928559), (14, 0, 3735928559), (15, 0, 3735928559)] DISAGREE/1RUN
   150 0x96 wrong_value  rel=[]               wr=[(0, 1102053376, 1084227584)]            
   151 0x97 fault        NO-DUMP
   152 0x98 wrong_value  rel=[0]              wr=[(4, 0, 1088421888)]                     
   153 0x99 wrong_value  rel=[0]              wr=[(4, 0, 1088421888)]                     
   154 0x9a wrong_value  rel=[0]              wr=[(4, 0, 1088421888)]                     
   155 0x9b wrong_value  rel=[0]              wr=[(4, 0, 1088421888)]                     
   156 0x9c wrong_value  rel=[]               wr=[(0, 1102053376, 1084227584), (4, 0, 1088421888)] 
   157 0x9d wrong_value  rel=[]               wr=[(0, 1102053376, 1084227584), (4, 0, 1088421888)] 
   158 0x9e silent_zero  rel=[0]              wr=[]                                       
   159 0x9f fault        NO-DUMP
   160 0xa0 wrong_value  rel=[]               wr=[(0, 1102053376, 1084227584), (2, 0, 1077936128), (4, 0, 1088421888)] 
   161 0xa1 wrong_value  rel=[]               wr=[(0, 1102053376, 1084227584), (2, 0, 1077936128), (4, 0, 1088421888)] 
   162 0xa2 wrong_value  rel=[]               wr=[(0, 1102053376, 1084227584), (2, 0, 1077936128), (4, 0, 1088421888)] 
   163 0xa3 wrong_value  rel=[]               wr=[(0, 1102053376, 1084227584), (2, 0, 1077936128), (4, 0, 1088421888)] 
   164 0xa4 wrong_value  rel=[]               wr=[(0, 1102053376, 1084227584), (2, 0, 1077936128), (4, 0, 1088421888)] 
   165 0xa5 wrong_value  rel=[]               wr=[(0, 1102053376, 1084227584), (2, 0, 1077936128), (4, 0, 1088421888)] 
   166 0xa6 wrong_value  rel=[]               wr=[(0, 1102053376, 1084227584), (2, 0, 1077936128)] 
   167 0xa7 fault        NO-DUMP
   168 0xa8 wrong_value  rel=[0]              wr=[(2, 0, 1077936128), (4, 0, 1088421888)] 
   169 0xa9 wrong_value  rel=[0]              wr=[(2, 0, 1077936128), (4, 0, 1088421888)] 
   170 0xaa wrong_value  rel=[0]              wr=[(2, 0, 1077936128), (4, 0, 1088421888)] 
   171 0xab wrong_value  rel=[0]              wr=[(2, 0, 1077936128), (4, 0, 1088421888)] 
   172 0xac wrong_value  rel=[]               wr=[(0, 1102053376, 1084227584), (2, 0, 1077936128), (4, 0, 1088421888)] 
   173 0xad wrong_value  rel=[]               wr=[(0, 1102053376, 1084227584), (2, 0, 1077936128), (4, 0, 1088421888)] 
   174 0xae wrong_value  rel=[0]              wr=[(2, 0, 1077936128)]                     
   175 0xaf fault        NO-DUMP
   176 0xb0 wrong_value  rel=[]               wr=[(0, 1102053376, 1084227584), (4, 0, 1088421888)] 
   177 0xb1 wrong_value  rel=[]               wr=[(0, 1102053376, 1084227584), (4, 0, 1088421888)] 
   178 0xb2 wrong_value  rel=[]               wr=[(0, 1102053376, 1084227584), (4, 0, 1088421888)] 
   179 0xb3 wrong_value  rel=[]               wr=[(0, 1102053376, 1084227584), (4, 0, 1088421888)] 
   180 0xb4 wrong_value  rel=[]               wr=[(0, 1102053376, 1084227584), (4, 0, 1088421888)] 
   181 0xb5 wrong_value  rel=[]               wr=[(0, 1102053376, 1084227584), (4, 0, 1088421888)] 
   182 0xb6 wrong_value  rel=[]               wr=[(0, 1102053376, 1084227584)]            
   183 0xb7 fault        NO-DUMP
   184 0xb8 wrong_value  rel=[0]              wr=[(4, 0, 1088421888)]                     
   185 0xb9 wrong_value  rel=[0]              wr=[(4, 0, 1088421888)]                     
   186 0xba wrong_value  rel=[0]              wr=[(4, 0, 1088421888)]                     
   187 0xbb wrong_value  rel=[0]              wr=[(4, 0, 1088421888)]                     
   188 0xbc wrong_value  rel=[]               wr=[(0, 1102053376, 1084227584), (4, 0, 1088421888)] 
   189 0xbd wrong_value  rel=[]               wr=[(0, 1102053376, 1084227584), (4, 0, 1088421888)] 
   190 0xbe silent_zero  rel=[0]              wr=[]                                       
   191 0xbf fault        NO-DUMP
   192 0xc0 wrong_value  rel=[]               wr=[(0, 1102053376, 1084227584), (2, 0, 1077936128), (4, 0, 1088421888)] 
   193 0xc1 wrong_value  rel=[]               wr=[(0, 1102053376, 1084227584), (2, 0, 1077936128), (4, 0, 1088421888)] 
   194 0xc2 wrong_value  rel=[]               wr=[(0, 1102053376, 1084227584), (2, 0, 1077936128), (4, 0, 1088421888)] 
   195 0xc3 wrong_value  rel=[]               wr=[(0, 1102053376, 1084227584), (2, 0, 1077936128), (4, 0, 1088421888)] 
   196 0xc4 wrong_value  rel=[]               wr=[(0, 1102053376, 1084227584), (2, 0, 1077936128), (4, 0, 1088421888)] 
   197 0xc5 wrong_value  rel=[]               wr=[(0, 1102053376, 1084227584), (2, 0, 1077936128), (4, 0, 1088421888)] 
   198 0xc6 wrong_value  rel=[]               wr=[(0, 1102053376, 1084227584), (2, 0, 1077936128)] 
   199 0xc7 fault        NO-DUMP
   200 0xc8 wrong_value  rel=[0]              wr=[(2, 0, 1077936128), (4, 0, 1088421888)] 
   201 0xc9 wrong_value  rel=[0]              wr=[(2, 0, 1077936128), (4, 0, 1088421888)] 
   202 0xca wrong_value  rel=[0]              wr=[(2, 0, 1077936128), (4, 0, 1088421888)] 
   203 0xcb wrong_value  rel=[0]              wr=[(2, 0, 1077936128), (4, 0, 1088421888)] 
   204 0xcc wrong_value  rel=[]               wr=[(0, 1102053376, 1084227584), (2, 0, 1077936128), (4, 0, 1088421888)] 
   205 0xcd wrong_value  rel=[]               wr=[(0, 1102053376, 1084227584), (2, 0, 1077936128), (4, 0, 1088421888)] 
   206 0xce wrong_value  rel=[0]              wr=[(2, 0, 1077936128)]                     
   207 0xcf fault        NO-DUMP
   208 0xd0 wrong_value  rel=[]               wr=[(0, 1102053376, 1084227584), (4, 0, 1088421888)] 
   209 0xd1 wrong_value  rel=[]               wr=[(0, 1102053376, 1084227584), (4, 0, 1088421888)] 
   210 0xd2 wrong_value  rel=[]               wr=[(0, 1102053376, 1084227584), (4, 0, 1088421888)] 
   211 0xd3 wrong_value  rel=[]               wr=[(0, 1102053376, 1084227584), (4, 0, 1088421888)] 
   212 0xd4 wrong_value  rel=[]               wr=[(0, 1102053376, 1084227584), (4, 0, 1088421888)] 
   213 0xd5 wrong_value  rel=[]               wr=[(0, 1102053376, 1084227584), (4, 0, 1088421888)] 
   214 0xd6 wrong_value  rel=[]               wr=[(0, 1102053376, 1084227584)]            
   215 0xd7 fault        NO-DUMP
   216 0xd8 wrong_value  rel=[0]              wr=[(4, 0, 1088421888)]                     
   217 0xd9 wrong_value  rel=[0]              wr=[(4, 0, 1088421888)]                     
   218 0xda wrong_value  rel=[0]              wr=[(4, 0, 1088421888)]                     
   219 0xdb wrong_value  rel=[0]              wr=[(4, 0, 1088421888)]                     
   220 0xdc wrong_value  rel=[]               wr=[(0, 1102053376, 1084227584), (4, 0, 1088421888)] 
   221 0xdd wrong_value  rel=[]               wr=[(0, 1102053376, 1084227584), (4, 0, 1088421888)] 
   222 0xde silent_zero  rel=[0]              wr=[]                                       
   223 0xdf fault        NO-DUMP
   224 0xe0 wrong_value  rel=[]               wr=[(0, 1102053376, 1084227584), (2, 0, 1077936128), (4, 0, 1088421888)] 
   225 0xe1 wrong_value  rel=[]               wr=[(0, 1102053376, 1084227584), (2, 0, 1077936128), (4, 0, 1088421888)] 
   226 0xe2 wrong_value  rel=[]               wr=[(0, 1102053376, 1084227584), (2, 0, 1077936128), (4, 0, 1088421888)] 
   227 0xe3 wrong_value  rel=[]               wr=[(0, 1102053376, 1084227584), (2, 0, 1077936128), (4, 0, 1088421888)] 
   228 0xe4 wrong_value  rel=[]               wr=[(0, 1102053376, 1084227584), (2, 0, 1077936128), (4, 0, 1088421888)] 
   229 0xe5 wrong_value  rel=[]               wr=[(0, 1102053376, 1084227584), (2, 0, 1077936128), (4, 0, 1088421888)] 
   230 0xe6 wrong_value  rel=[]               wr=[(0, 1102053376, 1084227584), (2, 0, 1077936128)] 
   231 0xe7 fault        NO-DUMP
   232 0xe8 wrong_value  rel=[0]              wr=[(2, 0, 1077936128), (4, 0, 1088421888)] 
   233 0xe9 wrong_value  rel=[0]              wr=[(2, 0, 1077936128), (4, 0, 1088421888)] 
   234 0xea wrong_value  rel=[0]              wr=[(2, 0, 1077936128), (4, 0, 1088421888)] 
   235 0xeb wrong_value  rel=[0]              wr=[(2, 0, 1077936128), (4, 0, 1088421888)] 
   236 0xec wrong_value  rel=[]               wr=[(0, 1102053376, 1084227584), (2, 0, 1077936128), (4, 0, 1088421888)] 
   237 0xed wrong_value  rel=[]               wr=[(0, 1102053376, 1084227584), (2, 0, 1077936128), (4, 0, 1088421888)] 
   238 0xee wrong_value  rel=[0]              wr=[(2, 0, 1077936128)]                     
   239 0xef fault        NO-DUMP
   240 0xf0 wrong_value  rel=[]               wr=[(0, 1102053376, 1084227584), (4, 0, 1088421888)] 
   241 0xf1 wrong_value  rel=[]               wr=[(0, 1102053376, 1084227584), (4, 0, 1088421888)] 
   242 0xf2 wrong_value  rel=[]               wr=[(0, 1102053376, 1084227584), (4, 0, 1088421888)] 
   243 0xf3 wrong_value  rel=[]               wr=[(0, 1102053376, 1084227584), (4, 0, 1088421888)] 
   244 0xf4 wrong_value  rel=[]               wr=[(0, 1102053376, 1084227584), (4, 0, 1088421888)] 
   245 0xf5 wrong_value  rel=[]               wr=[(0, 1102053376, 1084227584), (4, 0, 1088421888)] 
   246 0xf6 wrong_value  rel=[]               wr=[(0, 1102053376, 1084227584)]            
   247 0xf7 fault        NO-DUMP
   248 0xf8 wrong_value  rel=[0]              wr=[(4, 0, 1088421888)]                     
   249 0xf9 wrong_value  rel=[0]              wr=[(4, 0, 1088421888)]                     
   250 0xfa wrong_value  rel=[0]              wr=[(4, 0, 1088421888)]                     
   251 0xfb wrong_value  rel=[0]              wr=[(4, 0, 1088421888)]                     
   252 0xfc wrong_value  rel=[]               wr=[(0, 1102053376, 1084227584), (4, 0, 1088421888)] 
   253 0xfd wrong_value  rel=[]               wr=[(0, 1102053376, 1084227584), (4, 0, 1088421888)] 
   254 0xfe silent_zero  rel=[0]              wr=[]                                       
   255 0xff fault        NO-DUMP
==============================================================================
falu3_ext.op   tested=256  in_both=256
  carrier: SYNTH+LIFTED:k_sat_fma@falu3_ext[56:66]  bytes(anchor-ish): 09010005820802000082
  baseline regs: [1065353216, 1069547520, 0, 1056964608, 0, 1091567616, 1093664768, 1095761920, 1048576000, 1099956224, 1102053376, 1104150528, 1106247680, 1061158912, 0, 0]
  outcomes run1: {'wrong_value': 214, 'fault': 32, 'ok': 4, 'silent_zero': 6}
     0 0x00 wrong_value  rel=[]               wr=[(0, 1065353216, 1090519040), (2, 0, 1077936128), (4, 0, 1088421888), (8, 1048576000, 1088421888)] 
     1 0x01 wrong_value  rel=[]               wr=[(0, 1065353216, 1097859072), (2, 0, 1077936128), (4, 0, 1088421888), (8, 1048576000, 1088421888)] 
     2 0x02 wrong_value  rel=[]               wr=[(0, 1065353216, 1101004800), (2, 0, 1077936128), (4, 0, 1088421888), (8, 1048576000, 1088421888)] 
     3 0x03 wrong_value  rel=[]               wr=[(0, 1065353216, 1105199104), (2, 0, 1077936128), (4, 0, 1088421888), (8, 1048576000, 1088421888)] 
     4 0x04 wrong_value  rel=[]               wr=[(0, 1065353216, 3225419776), (2, 0, 1077936128), (4, 0, 1088421888)] 
     5 0x05 wrong_value  rel=[0]              wr=[(2, 0, 1077936128), (4, 0, 1088421888)] 
     6 0x06 wrong_value  rel=[]               wr=[(2, 0, 1077936128)]                     
     7 0x07 fault        NO-DUMP
     8 0x08 wrong_value  rel=[]               wr=[(0, 1065353216, 1090519040), (2, 0, 1077936128), (4, 0, 1088421888), (8, 1048576000, 1088421888)] 
     9 0x09 wrong_value  rel=[]               wr=[(0, 1065353216, 1097859072), (2, 0, 1077936128), (4, 0, 1088421888), (8, 1048576000, 1088421888)] 
    10 0x0a wrong_value  rel=[]               wr=[(0, 1065353216, 1101004800), (2, 0, 1077936128), (4, 0, 1088421888), (8, 1048576000, 1088421888)] 
    11 0x0b wrong_value  rel=[]               wr=[(0, 1065353216, 1105199104), (2, 0, 1077936128), (4, 0, 1088421888), (8, 1048576000, 1088421888)] 
    12 0x0c wrong_value  rel=[]               wr=[(0, 1065353216, 3225419776), (2, 0, 1077936128), (4, 0, 1088421888)] 
    13 0x0d wrong_value  rel=[0]              wr=[(2, 0, 1077936128), (4, 0, 1088421888)] 
    14 0x0e wrong_value  rel=[]               wr=[(2, 0, 1077936128)]                     
    15 0x0f fault        NO-DUMP
    16 0x10 wrong_value  rel=[]               wr=[(0, 1065353216, 1090519040), (4, 0, 1088421888), (8, 1048576000, 1088421888)] 
    17 0x11 wrong_value  rel=[]               wr=[(0, 1065353216, 1097859072), (4, 0, 1088421888), (8, 1048576000, 1088421888)] 
    18 0x12 wrong_value  rel=[]               wr=[(0, 1065353216, 1101004800), (4, 0, 1088421888), (8, 1048576000, 1088421888)] 
    19 0x13 wrong_value  rel=[]               wr=[(0, 1065353216, 1105199104), (4, 0, 1088421888), (8, 1048576000, 1088421888)] 
    20 0x14 wrong_value  rel=[]               wr=[(0, 1065353216, 3225419776), (4, 0, 1088421888)] 
    21 0x15 wrong_value  rel=[0]              wr=[(4, 0, 1088421888)]                     
    22 0x16 ok           rel=[]               wr=[]                                       
    23 0x17 fault        NO-DUMP
    24 0x18 wrong_value  rel=[]               wr=[(0, 1065353216, 1090519040), (4, 0, 1088421888), (8, 1048576000, 1088421888)] 
    25 0x19 wrong_value  rel=[]               wr=[(0, 1065353216, 1097859072), (4, 0, 1088421888), (8, 1048576000, 1088421888)] 
    26 0x1a wrong_value  rel=[]               wr=[(0, 1065353216, 1101004800), (4, 0, 1088421888), (8, 1048576000, 1088421888)] 
    27 0x1b wrong_value  rel=[]               wr=[(0, 1065353216, 1105199104), (4, 0, 1088421888), (8, 1048576000, 1088421888)] 
    28 0x1c wrong_value  rel=[]               wr=[(0, 1065353216, 3225419776), (4, 0, 1088421888)] 
    29 0x1d wrong_value  rel=[0]              wr=[(4, 0, 1088421888)]                     
    30 0x1e ok           rel=[]               wr=[]                                       
    31 0x1f wrong_value  rel=[]               wr=[(4, 0, 1088421888)]                     
    32 0x20 wrong_value  rel=[]               wr=[(0, 1065353216, 1090519040), (2, 0, 1077936128), (4, 0, 1088421888), (8, 1048576000, 1088421888)] 
    33 0x21 wrong_value  rel=[]               wr=[(0, 1065353216, 1097859072), (2, 0, 1077936128), (4, 0, 1088421888), (8, 1048576000, 1088421888)] 
    34 0x22 wrong_value  rel=[]               wr=[(0, 1065353216, 1101004800), (2, 0, 1077936128), (4, 0, 1088421888), (8, 1048576000, 1088421888)] 
    35 0x23 wrong_value  rel=[]               wr=[(0, 1065353216, 1105199104), (2, 0, 1077936128), (4, 0, 1088421888), (8, 1048576000, 1088421888)] 
    36 0x24 wrong_value  rel=[]               wr=[(0, 1065353216, 3225419776), (2, 0, 1077936128), (4, 0, 1088421888)] 
    37 0x25 wrong_value  rel=[0]              wr=[(2, 0, 1077936128), (4, 0, 1088421888)] 
    38 0x26 wrong_value  rel=[]               wr=[(2, 0, 1077936128)]                     
    39 0x27 fault        NO-DUMP
    40 0x28 wrong_value  rel=[]               wr=[(0, 1065353216, 1090519040), (2, 0, 1077936128), (4, 0, 1088421888), (8, 1048576000, 1088421888)] 
    41 0x29 wrong_value  rel=[]               wr=[(0, 1065353216, 1097859072), (2, 0, 1077936128), (4, 0, 1088421888), (8, 1048576000, 1088421888)] 
    42 0x2a wrong_value  rel=[]               wr=[(0, 1065353216, 1101004800), (2, 0, 1077936128), (4, 0, 1088421888), (8, 1048576000, 1088421888)] 
    43 0x2b wrong_value  rel=[]               wr=[(0, 1065353216, 1105199104), (2, 0, 1077936128), (4, 0, 1088421888), (8, 1048576000, 1088421888)] 
    44 0x2c wrong_value  rel=[]               wr=[(0, 1065353216, 3225419776), (2, 0, 1077936128), (4, 0, 1088421888)] 
    45 0x2d wrong_value  rel=[0]              wr=[(2, 0, 1077936128), (4, 0, 1088421888)] 
    46 0x2e wrong_value  rel=[]               wr=[(2, 0, 1077936128)]                     
    47 0x2f fault        NO-DUMP
    48 0x30 wrong_value  rel=[]               wr=[(0, 1065353216, 1090519040), (4, 0, 1088421888), (8, 1048576000, 1088421888)] 
    49 0x31 wrong_value  rel=[]               wr=[(0, 1065353216, 1097859072), (4, 0, 1088421888), (8, 1048576000, 1088421888)] 
    50 0x32 wrong_value  rel=[]               wr=[(0, 1065353216, 1101004800), (4, 0, 1088421888), (8, 1048576000, 1088421888)] 
    51 0x33 wrong_value  rel=[]               wr=[(0, 1065353216, 1105199104), (4, 0, 1088421888), (8, 1048576000, 1088421888)] 
    52 0x34 wrong_value  rel=[]               wr=[(0, 1065353216, 3225419776), (4, 0, 1088421888)] 
    53 0x35 wrong_value  rel=[0]              wr=[(4, 0, 1088421888)]                     
    54 0x36 ok           rel=[]               wr=[]                                       
    55 0x37 fault        NO-DUMP
    56 0x38 wrong_value  rel=[]               wr=[(0, 1065353216, 1090519040), (4, 0, 1088421888), (8, 1048576000, 1088421888)] 
    57 0x39 wrong_value  rel=[]               wr=[(0, 1065353216, 1097859072), (4, 0, 1088421888), (8, 1048576000, 1088421888)] 
    58 0x3a wrong_value  rel=[]               wr=[(0, 1065353216, 1101004800), (4, 0, 1088421888), (8, 1048576000, 1088421888)] 
    59 0x3b wrong_value  rel=[]               wr=[(0, 1065353216, 1105199104), (4, 0, 1088421888), (8, 1048576000, 1088421888)] 
    60 0x3c wrong_value  rel=[]               wr=[(0, 1065353216, 3225419776), (4, 0, 1088421888)] 
    61 0x3d wrong_value  rel=[0]              wr=[(4, 0, 1088421888)]                     
    62 0x3e ok           rel=[]               wr=[]                                       
    63 0x3f fault        NO-DUMP
    64 0x40 wrong_value  rel=[]               wr=[(0, 1065353216, 1084227584), (2, 0, 1077936128), (4, 0, 1088421888), (8, 1048576000, 1088421888)] 
    65 0x41 wrong_value  rel=[]               wr=[(0, 1065353216, 1084227584), (2, 0, 1077936128), (4, 0, 1088421888), (8, 1048576000, 1088421888)] 
    66 0x42 wrong_value  rel=[]               wr=[(0, 1065353216, 1084227584), (2, 0, 1077936128), (4, 0, 1088421888), (8, 1048576000, 1088421888)] 
    67 0x43 wrong_value  rel=[]               wr=[(0, 1065353216, 1084227584), (2, 0, 1077936128), (4, 0, 1088421888), (8, 1048576000, 1088421888)] 
    68 0x44 wrong_value  rel=[]               wr=[(0, 1065353216, 1084227584), (2, 0, 1077936128), (4, 0, 1088421888)] 
    69 0x45 wrong_value  rel=[]               wr=[(0, 1065353216, 1084227584), (2, 0, 1077936128), (4, 0, 1088421888)] 
    70 0x46 wrong_value  rel=[]               wr=[(0, 1065353216, 1084227584), (2, 0, 1077936128)] 
    71 0x47 fault        NO-DUMP
    72 0x48 wrong_value  rel=[0]              wr=[(2, 0, 1077936128), (4, 0, 1088421888), (8, 1048576000, 1088421888)] 
    73 0x49 wrong_value  rel=[0]              wr=[(2, 0, 1077936128), (4, 0, 1088421888), (8, 1048576000, 1088421888)] 
    74 0x4a wrong_value  rel=[0]              wr=[(2, 0, 1077936128), (4, 0, 1088421888), (8, 1048576000, 1088421888)] 
    75 0x4b wrong_value  rel=[0]              wr=[(2, 0, 1077936128), (4, 0, 1088421888), (8, 1048576000, 1088421888)] 
    76 0x4c wrong_value  rel=[]               wr=[(0, 1065353216, 1084227584), (2, 0, 1077936128), (4, 0, 1088421888)] 
    77 0x4d wrong_value  rel=[]               wr=[(0, 1065353216, 1084227584), (2, 0, 1077936128), (4, 0, 1088421888)] 
    78 0x4e wrong_value  rel=[0]              wr=[(2, 0, 1077936128)]                     
    79 0x4f fault        NO-DUMP
    80 0x50 wrong_value  rel=[]               wr=[(0, 1065353216, 1084227584), (4, 0, 1088421888), (8, 1048576000, 1088421888)] 
    81 0x51 wrong_value  rel=[]               wr=[(0, 1065353216, 1084227584), (4, 0, 1088421888), (8, 1048576000, 1088421888)] 
    82 0x52 wrong_value  rel=[]               wr=[(0, 1065353216, 1084227584), (4, 0, 1088421888), (8, 1048576000, 1088421888)] 
    83 0x53 wrong_value  rel=[]               wr=[(0, 1065353216, 1084227584), (4, 0, 1088421888), (8, 1048576000, 1088421888)] 
    84 0x54 wrong_value  rel=[]               wr=[(0, 1065353216, 1084227584), (4, 0, 1088421888)] 
    85 0x55 wrong_value  rel=[]               wr=[(0, 1065353216, 1084227584), (4, 0, 1088421888)] 
    86 0x56 wrong_value  rel=[]               wr=[(0, 1065353216, 1084227584)]            
    87 0x57 fault        NO-DUMP
    88 0x58 wrong_value  rel=[0]              wr=[(4, 0, 1088421888), (8, 1048576000, 1088421888)] 
    89 0x59 wrong_value  rel=[0]              wr=[(4, 0, 1088421888), (8, 1048576000, 1088421888)] 
    90 0x5a wrong_value  rel=[0]              wr=[(4, 0, 1088421888), (8, 1048576000, 1088421888)] 
    91 0x5b wrong_value  rel=[0]              wr=[(4, 0, 1088421888), (8, 1048576000, 1088421888)] 
    92 0x5c wrong_value  rel=[]               wr=[(0, 1065353216, 1084227584), (4, 0, 1088421888)] 
    93 0x5d wrong_value  rel=[]               wr=[(0, 1065353216, 1084227584), (4, 0, 1088421888)] 
    94 0x5e silent_zero  rel=[0]              wr=[]                                       
    95 0x5f fault        NO-DUMP
    96 0x60 wrong_value  rel=[]               wr=[(0, 1065353216, 1084227584), (2, 0, 1077936128), (4, 0, 1088421888), (8, 1048576000, 1088421888)] 
    97 0x61 wrong_value  rel=[]               wr=[(0, 1065353216, 1084227584), (2, 0, 1077936128), (4, 0, 1088421888), (8, 1048576000, 1088421888)] 
    98 0x62 wrong_value  rel=[]               wr=[(0, 1065353216, 1084227584), (2, 0, 1077936128), (4, 0, 1088421888), (8, 1048576000, 1088421888)] 
    99 0x63 wrong_value  rel=[]               wr=[(0, 1065353216, 1084227584), (2, 0, 1077936128), (4, 0, 1088421888), (8, 1048576000, 1088421888)] 
   100 0x64 wrong_value  rel=[]               wr=[(0, 1065353216, 1084227584), (2, 0, 1077936128), (4, 0, 1088421888)] 
   101 0x65 wrong_value  rel=[]               wr=[(0, 1065353216, 1084227584), (2, 0, 1077936128), (4, 0, 1088421888)] 
   102 0x66 wrong_value  rel=[]               wr=[(0, 1065353216, 1084227584), (2, 0, 1077936128)] 
   103 0x67 fault        NO-DUMP
   104 0x68 wrong_value  rel=[0]              wr=[(2, 0, 1077936128), (4, 0, 1088421888), (8, 1048576000, 1088421888)] 
   105 0x69 wrong_value  rel=[0]              wr=[(2, 0, 1077936128), (4, 0, 1088421888), (8, 1048576000, 1088421888)] 
   106 0x6a wrong_value  rel=[0]              wr=[(2, 0, 1077936128), (4, 0, 1088421888), (8, 1048576000, 1088421888)] 
   107 0x6b wrong_value  rel=[0]              wr=[(2, 0, 1077936128), (4, 0, 1088421888), (8, 1048576000, 1088421888)] 
   108 0x6c wrong_value  rel=[]               wr=[(0, 1065353216, 1084227584), (2, 0, 1077936128), (4, 0, 1088421888)] 
   109 0x6d wrong_value  rel=[]               wr=[(0, 1065353216, 1084227584), (2, 0, 1077936128), (4, 0, 1088421888)] 
   110 0x6e wrong_value  rel=[0]              wr=[(2, 0, 1077936128)]                     
   111 0x6f fault        NO-DUMP
   112 0x70 wrong_value  rel=[]               wr=[(0, 1065353216, 1084227584), (4, 0, 1088421888), (8, 1048576000, 1088421888)] 
   113 0x71 wrong_value  rel=[]               wr=[(0, 1065353216, 1084227584), (4, 0, 1088421888), (8, 1048576000, 1088421888)] 
   114 0x72 wrong_value  rel=[]               wr=[(0, 1065353216, 1084227584), (4, 0, 1088421888), (8, 1048576000, 1088421888)] 
   115 0x73 wrong_value  rel=[]               wr=[(0, 1065353216, 1084227584), (4, 0, 1088421888), (8, 1048576000, 1088421888)] 
   116 0x74 wrong_value  rel=[]               wr=[(0, 1065353216, 1084227584), (4, 0, 1088421888)] 
   117 0x75 wrong_value  rel=[]               wr=[(0, 1065353216, 1084227584), (4, 0, 1088421888)] 
   118 0x76 wrong_value  rel=[]               wr=[(0, 1065353216, 1084227584)]            
   119 0x77 fault        NO-DUMP
   120 0x78 wrong_value  rel=[0]              wr=[(4, 0, 1088421888), (8, 1048576000, 1088421888)] 
   121 0x79 wrong_value  rel=[0]              wr=[(4, 0, 1088421888), (8, 1048576000, 1088421888)] 
   122 0x7a wrong_value  rel=[0]              wr=[(4, 0, 1088421888), (8, 1048576000, 1088421888)] 
   123 0x7b wrong_value  rel=[0]              wr=[(4, 0, 1088421888), (8, 1048576000, 1088421888)] 
   124 0x7c wrong_value  rel=[]               wr=[(0, 1065353216, 1084227584), (4, 0, 1088421888)] 
   125 0x7d wrong_value  rel=[]               wr=[(0, 1065353216, 1084227584), (4, 0, 1088421888)] 
   126 0x7e silent_zero  rel=[0]              wr=[]                                       
   127 0x7f fault        NO-DUMP
   128 0x80 wrong_value  rel=[]               wr=[(0, 1065353216, 1084227584), (2, 0, 1077936128), (4, 0, 1088421888), (8, 1048576000, 1088421888)] 
   129 0x81 wrong_value  rel=[]               wr=[(0, 1065353216, 1084227584), (2, 0, 1077936128), (4, 0, 1088421888), (8, 1048576000, 1088421888)] 
   130 0x82 wrong_value  rel=[]               wr=[(0, 1065353216, 1084227584), (2, 0, 1077936128), (4, 0, 1088421888), (8, 1048576000, 1088421888)] 
   131 0x83 wrong_value  rel=[]               wr=[(0, 1065353216, 1084227584), (2, 0, 1077936128), (4, 0, 1088421888), (8, 1048576000, 1088421888)] 
   132 0x84 wrong_value  rel=[]               wr=[(0, 1065353216, 1084227584), (2, 0, 1077936128), (4, 0, 1088421888)] 
   133 0x85 wrong_value  rel=[]               wr=[(0, 1065353216, 1084227584), (2, 0, 1077936128), (4, 0, 1088421888)] 
   134 0x86 wrong_value  rel=[]               wr=[(0, 1065353216, 1084227584), (2, 0, 1077936128)] 
   135 0x87 fault        NO-DUMP
   136 0x88 wrong_value  rel=[0]              wr=[(2, 0, 1077936128), (4, 0, 1088421888), (8, 1048576000, 1088421888)] 
   137 0x89 wrong_value  rel=[0]              wr=[(2, 0, 1077936128), (4, 0, 1088421888), (8, 1048576000, 1088421888)] 
   138 0x8a wrong_value  rel=[0]              wr=[(2, 0, 1077936128), (4, 0, 1088421888), (8, 1048576000, 1088421888)] 
   139 0x8b wrong_value  rel=[0]              wr=[(2, 0, 1077936128), (4, 0, 1088421888), (8, 1048576000, 1088421888)] 
   140 0x8c wrong_value  rel=[]               wr=[(0, 1065353216, 1084227584), (2, 0, 1077936128), (4, 0, 1088421888)] 
   141 0x8d wrong_value  rel=[]               wr=[(0, 1065353216, 1084227584), (2, 0, 1077936128), (4, 0, 1088421888)] 
   142 0x8e wrong_value  rel=[0]              wr=[(2, 0, 1077936128)]                     
   143 0x8f fault        NO-DUMP
   144 0x90 wrong_value  rel=[]               wr=[(0, 1065353216, 1084227584), (4, 0, 1088421888), (8, 1048576000, 1088421888)] 
   145 0x91 fault        NO-DUMP
   146 0x92 wrong_value  rel=[]               wr=[(0, 1065353216, 1084227584), (4, 0, 1088421888), (8, 1048576000, 1088421888)] 
   147 0x93 wrong_value  rel=[]               wr=[(0, 1065353216, 1084227584), (4, 0, 1088421888), (8, 1048576000, 1088421888)] 
   148 0x94 wrong_value  rel=[]               wr=[(0, 1065353216, 1084227584), (4, 0, 1088421888)] 
   149 0x95 wrong_value  rel=[]               wr=[(0, 1065353216, 1084227584), (4, 0, 1088421888)] 
   150 0x96 wrong_value  rel=[]               wr=[(0, 1065353216, 1084227584)]            
   151 0x97 fault        NO-DUMP
   152 0x98 wrong_value  rel=[0]              wr=[(4, 0, 1088421888), (8, 1048576000, 1088421888)] 
   153 0x99 wrong_value  rel=[0]              wr=[(4, 0, 1088421888), (8, 1048576000, 1088421888)] 
   154 0x9a wrong_value  rel=[0]              wr=[(4, 0, 1088421888), (8, 1048576000, 1088421888)] 
   155 0x9b wrong_value  rel=[0]              wr=[(4, 0, 1088421888), (8, 1048576000, 1088421888)] 
   156 0x9c wrong_value  rel=[]               wr=[(0, 1065353216, 1084227584), (4, 0, 1088421888)] 
   157 0x9d wrong_value  rel=[]               wr=[(0, 1065353216, 1084227584), (4, 0, 1088421888)] 
   158 0x9e silent_zero  rel=[0]              wr=[]                                       
   159 0x9f fault        NO-DUMP
   160 0xa0 wrong_value  rel=[]               wr=[(0, 1065353216, 1084227584), (2, 0, 1077936128), (4, 0, 1088421888), (8, 1048576000, 1088421888)] 
   161 0xa1 wrong_value  rel=[]               wr=[(0, 1065353216, 1084227584), (2, 0, 1077936128), (4, 0, 1088421888), (8, 1048576000, 1088421888)] 
   162 0xa2 wrong_value  rel=[]               wr=[(0, 1065353216, 1084227584), (2, 0, 1077936128), (4, 0, 1088421888), (8, 1048576000, 1088421888)] 
   163 0xa3 wrong_value  rel=[]               wr=[(0, 1065353216, 1084227584), (2, 0, 1077936128), (4, 0, 1088421888), (8, 1048576000, 1088421888)] 
   164 0xa4 wrong_value  rel=[]               wr=[(0, 1065353216, 1084227584), (2, 0, 1077936128), (4, 0, 1088421888)] 
   165 0xa5 wrong_value  rel=[]               wr=[(0, 1065353216, 1084227584), (2, 0, 1077936128), (4, 0, 1088421888)] 
   166 0xa6 wrong_value  rel=[]               wr=[(0, 1065353216, 1084227584), (2, 0, 1077936128)] 
   167 0xa7 fault        NO-DUMP
   168 0xa8 wrong_value  rel=[0]              wr=[(2, 0, 1077936128), (4, 0, 1088421888), (8, 1048576000, 1088421888)] 
   169 0xa9 wrong_value  rel=[0]              wr=[(2, 0, 1077936128), (4, 0, 1088421888), (8, 1048576000, 1088421888)] 
   170 0xaa wrong_value  rel=[0]              wr=[(2, 0, 1077936128), (4, 0, 1088421888), (8, 1048576000, 1088421888)] 
   171 0xab wrong_value  rel=[0]              wr=[(2, 0, 1077936128), (4, 0, 1088421888), (8, 1048576000, 1088421888)] 
   172 0xac wrong_value  rel=[]               wr=[(0, 1065353216, 1084227584), (2, 0, 1077936128), (4, 0, 1088421888)] 
   173 0xad wrong_value  rel=[]               wr=[(0, 1065353216, 1084227584), (2, 0, 1077936128), (4, 0, 1088421888)] 
   174 0xae wrong_value  rel=[0]              wr=[(2, 0, 1077936128)]                     
   175 0xaf fault        NO-DUMP
   176 0xb0 wrong_value  rel=[]               wr=[(0, 1065353216, 1084227584), (4, 0, 1088421888), (8, 1048576000, 1088421888)] 
   177 0xb1 wrong_value  rel=[]               wr=[(0, 1065353216, 1084227584), (4, 0, 1088421888), (8, 1048576000, 1088421888)] 
   178 0xb2 wrong_value  rel=[]               wr=[(0, 1065353216, 1084227584), (4, 0, 1088421888), (8, 1048576000, 1088421888)] 
   179 0xb3 wrong_value  rel=[]               wr=[(0, 1065353216, 1084227584), (4, 0, 1088421888), (8, 1048576000, 1088421888)] 
   180 0xb4 wrong_value  rel=[]               wr=[(0, 1065353216, 1084227584), (4, 0, 1088421888)] 
   181 0xb5 wrong_value  rel=[]               wr=[(0, 1065353216, 1084227584), (4, 0, 1088421888)] 
   182 0xb6 wrong_value  rel=[]               wr=[(0, 1065353216, 1084227584)]            
   183 0xb7 fault        NO-DUMP
   184 0xb8 wrong_value  rel=[0]              wr=[(4, 0, 1088421888), (8, 1048576000, 1088421888)] 
   185 0xb9 wrong_value  rel=[0]              wr=[(4, 0, 1088421888), (8, 1048576000, 1088421888)] 
   186 0xba wrong_value  rel=[0]              wr=[(4, 0, 1088421888), (8, 1048576000, 1088421888)] 
   187 0xbb wrong_value  rel=[0]              wr=[(4, 0, 1088421888), (8, 1048576000, 1088421888)] 
   188 0xbc wrong_value  rel=[]               wr=[(0, 1065353216, 1084227584), (4, 0, 1088421888)] 
   189 0xbd wrong_value  rel=[]               wr=[(0, 1065353216, 1084227584), (4, 0, 1088421888)] 
   190 0xbe silent_zero  rel=[0]              wr=[]                                       
   191 0xbf fault        NO-DUMP
   192 0xc0 wrong_value  rel=[]               wr=[(0, 1065353216, 1084227584), (2, 0, 1077936128), (4, 0, 1088421888), (8, 1048576000, 1088421888)] 
   193 0xc1 wrong_value  rel=[]               wr=[(0, 1065353216, 1084227584), (2, 0, 1077936128), (4, 0, 1088421888), (8, 1048576000, 1088421888)] 
   194 0xc2 wrong_value  rel=[]               wr=[(0, 1065353216, 1084227584), (2, 0, 1077936128), (4, 0, 1088421888), (8, 1048576000, 1088421888)] 
   195 0xc3 wrong_value  rel=[]               wr=[(0, 1065353216, 1084227584), (2, 0, 1077936128), (4, 0, 1088421888), (8, 1048576000, 1088421888)] 
   196 0xc4 wrong_value  rel=[]               wr=[(0, 1065353216, 1084227584), (2, 0, 1077936128), (4, 0, 1088421888)] 
   197 0xc5 wrong_value  rel=[]               wr=[(0, 1065353216, 1084227584), (2, 0, 1077936128), (4, 0, 1088421888)] 
   198 0xc6 wrong_value  rel=[]               wr=[(0, 1065353216, 1084227584), (2, 0, 1077936128)] 
   199 0xc7 fault        NO-DUMP
   200 0xc8 wrong_value  rel=[0]              wr=[(2, 0, 1077936128), (4, 0, 1088421888), (8, 1048576000, 1088421888)] 
   201 0xc9 wrong_value  rel=[0]              wr=[(2, 0, 1077936128), (4, 0, 1088421888), (8, 1048576000, 1088421888)] 
   202 0xca wrong_value  rel=[0]              wr=[(2, 0, 1077936128), (4, 0, 1088421888), (8, 1048576000, 1088421888)] 
   203 0xcb wrong_value  rel=[0]              wr=[(2, 0, 1077936128), (4, 0, 1088421888), (8, 1048576000, 1088421888)] 
   204 0xcc wrong_value  rel=[]               wr=[(0, 1065353216, 1084227584), (2, 0, 1077936128), (4, 0, 1088421888)] 
   205 0xcd wrong_value  rel=[]               wr=[(0, 1065353216, 1084227584), (2, 0, 1077936128), (4, 0, 1088421888)] 
   206 0xce wrong_value  rel=[0]              wr=[(2, 0, 1077936128)]                     
   207 0xcf fault        NO-DUMP
   208 0xd0 wrong_value  rel=[]               wr=[(0, 1065353216, 1084227584), (4, 0, 1088421888), (8, 1048576000, 1088421888)] 
   209 0xd1 wrong_value  rel=[]               wr=[(0, 1065353216, 1084227584), (4, 0, 1088421888), (8, 1048576000, 1088421888)] 
   210 0xd2 wrong_value  rel=[]               wr=[(0, 1065353216, 1084227584), (4, 0, 1088421888), (8, 1048576000, 1088421888)] 
   211 0xd3 wrong_value  rel=[]               wr=[(0, 1065353216, 1084227584), (4, 0, 1088421888), (8, 1048576000, 1088421888)] 
   212 0xd4 wrong_value  rel=[]               wr=[(0, 1065353216, 1084227584), (4, 0, 1088421888)] 
   213 0xd5 wrong_value  rel=[]               wr=[(0, 1065353216, 1084227584), (4, 0, 1088421888)] 
   214 0xd6 wrong_value  rel=[]               wr=[(0, 1065353216, 1084227584)]            
   215 0xd7 fault        NO-DUMP
   216 0xd8 wrong_value  rel=[0]              wr=[(4, 0, 1088421888), (8, 1048576000, 1088421888)] 
   217 0xd9 wrong_value  rel=[0]              wr=[(4, 0, 1088421888), (8, 1048576000, 1088421888)] 
   218 0xda wrong_value  rel=[0]              wr=[(4, 0, 1088421888), (8, 1048576000, 1088421888)] 
   219 0xdb wrong_value  rel=[0]              wr=[(4, 0, 1088421888), (8, 1048576000, 1088421888)] 
   220 0xdc wrong_value  rel=[]               wr=[(0, 1065353216, 1084227584), (4, 0, 1088421888)] 
   221 0xdd wrong_value  rel=[]               wr=[(0, 1065353216, 1084227584), (4, 0, 1088421888)] 
   222 0xde silent_zero  rel=[0]              wr=[]                                       
   223 0xdf fault        NO-DUMP
   224 0xe0 wrong_value  rel=[]               wr=[(0, 1065353216, 1084227584), (2, 0, 1077936128), (4, 0, 1088421888), (8, 1048576000, 1088421888)] 
   225 0xe1 wrong_value  rel=[]               wr=[(0, 1065353216, 1084227584), (2, 0, 1077936128), (4, 0, 1088421888), (8, 1048576000, 1088421888)] 
   226 0xe2 wrong_value  rel=[]               wr=[(0, 1065353216, 1084227584), (2, 0, 1077936128), (4, 0, 1088421888), (8, 1048576000, 1088421888)] 
   227 0xe3 wrong_value  rel=[]               wr=[(0, 1065353216, 1084227584), (2, 0, 1077936128), (4, 0, 1088421888), (8, 1048576000, 1088421888)] 
   228 0xe4 wrong_value  rel=[]               wr=[(0, 1065353216, 1084227584), (2, 0, 1077936128), (4, 0, 1088421888)] 
   229 0xe5 wrong_value  rel=[]               wr=[(0, 1065353216, 1084227584), (2, 0, 1077936128), (4, 0, 1088421888)] 
   230 0xe6 wrong_value  rel=[]               wr=[(0, 1065353216, 1084227584), (2, 0, 1077936128)] 
   231 0xe7 fault        NO-DUMP
   232 0xe8 wrong_value  rel=[0]              wr=[(2, 0, 1077936128), (4, 0, 1088421888), (8, 1048576000, 1088421888)] 
   233 0xe9 wrong_value  rel=[0]              wr=[(2, 0, 1077936128), (4, 0, 1088421888), (8, 1048576000, 1088421888)] 
   234 0xea wrong_value  rel=[0]              wr=[(2, 0, 1077936128), (4, 0, 1088421888), (8, 1048576000, 1088421888)] 
   235 0xeb wrong_value  rel=[0]              wr=[(2, 0, 1077936128), (4, 0, 1088421888), (8, 1048576000, 1088421888)] 
   236 0xec wrong_value  rel=[]               wr=[(0, 1065353216, 1084227584), (2, 0, 1077936128), (4, 0, 1088421888)] 
   237 0xed wrong_value  rel=[]               wr=[(0, 1065353216, 1084227584), (2, 0, 1077936128), (4, 0, 1088421888)] 
   238 0xee wrong_value  rel=[0]              wr=[(2, 0, 1077936128)]                     
   239 0xef fault        NO-DUMP
   240 0xf0 wrong_value  rel=[]               wr=[(0, 1065353216, 1084227584), (4, 0, 1088421888), (8, 1048576000, 1088421888)] 
   241 0xf1 wrong_value  rel=[]               wr=[(0, 1065353216, 1084227584), (4, 0, 1088421888), (8, 1048576000, 1088421888)] 
   242 0xf2 wrong_value  rel=[]               wr=[(0, 1065353216, 1084227584), (4, 0, 1088421888), (8, 1048576000, 1088421888)] 
   243 0xf3 wrong_value  rel=[]               wr=[(0, 1065353216, 1084227584), (4, 0, 1088421888), (8, 1048576000, 1088421888)] 
   244 0xf4 wrong_value  rel=[]               wr=[(0, 1065353216, 1084227584), (4, 0, 1088421888)] 
   245 0xf5 wrong_value  rel=[]               wr=[(0, 1065353216, 1084227584), (4, 0, 1088421888)] 
   246 0xf6 wrong_value  rel=[]               wr=[(0, 1065353216, 1084227584)]            
   247 0xf7 fault        NO-DUMP
   248 0xf8 wrong_value  rel=[0]              wr=[(4, 0, 1088421888), (8, 1048576000, 1088421888)] 
   249 0xf9 wrong_value  rel=[0]              wr=[(4, 0, 1088421888), (8, 1048576000, 1088421888)] 
   250 0xfa wrong_value  rel=[0]              wr=[(4, 0, 1088421888), (8, 1048576000, 1088421888)] 
   251 0xfb wrong_value  rel=[0]              wr=[(4, 0, 1088421888), (8, 1048576000, 1088421888)] DISAGREE/1RUN
   252 0xfc wrong_value  rel=[]               wr=[(0, 1065353216, 1084227584), (4, 0, 1088421888)] DISAGREE/1RUN
   253 0xfd wrong_value  rel=[]               wr=[(0, 1065353216, 1084227584), (4, 0, 1088421888)] 
   254 0xfe silent_zero  rel=[0]              wr=[]                                       
   255 0xff fault        NO-DUMP
==============================================================================
half_pack.src   tested=256  in_both=256
  carrier: SYNTH+LIFTED:k_half2@half_pack[32:42]  bytes(anchor-ish): 10021c0400c018030005
  baseline regs: [10, 55, 0, 47, 58, 65, 71, 83, 94, 101, 113, 119, 125, 127, 3, 0]
  outcomes run1: {'wrong_value': 10, 'ok': 222, 'silent_zero': 24}
     0 0x00 wrong_value  rel=[]               wr=[(0, 10, 3735928559), (1, 55, 3735928559), (2, 0, 3735928559), (3, 47, 3735928559), (4, 58, 3735928559), (5, 65, 3735928559), (6, 71, 3735928559), (7, 83, 3735928559), (8, 94, 3735928559), (9, 101, 3735928559), (10, 113, 3735928559), (11, 119, 3735928559), (12, 125, 3735928559), (13, 127, 3735928559), (14, 3, 3735928559), (15, 0, 3735928559)] DISAGREE/1RUN
     1 0x01 ok           rel=[]               wr=[]                                       
     2 0x02 ok           rel=[]               wr=[]                                       
     3 0x03 ok           rel=[]               wr=[]                                       
     4 0x04 ok           rel=[]               wr=[]                                       
     5 0x05 ok           rel=[]               wr=[]                                       
     6 0x06 wrong_value  rel=[0]              wr=[(1, 55, 655415)]                        
     7 0x07 ok           rel=[]               wr=[]                                       
     8 0x08 ok           rel=[]               wr=[]                                       
     9 0x09 ok           rel=[]               wr=[]                                       
    10 0x0a ok           rel=[]               wr=[]                                       
    11 0x0b ok           rel=[]               wr=[]                                       
    12 0x0c ok           rel=[]               wr=[]                                       
    13 0x0d ok           rel=[]               wr=[]                                       
    14 0x0e wrong_value  rel=[0]              wr=[(1, 55, 655415)]                        
    15 0x0f ok           rel=[]               wr=[]                                       
    16 0x10 ok           rel=[]               wr=[]                                       
    17 0x11 ok           rel=[]               wr=[]                                       
    18 0x12 ok           rel=[]               wr=[]                                       
    19 0x13 ok           rel=[]               wr=[]                                       
    20 0x14 ok           rel=[]               wr=[]                                       
    21 0x15 ok           rel=[]               wr=[]                                       
    22 0x16 wrong_value  rel=[0]              wr=[(1, 55, 655415)]                        
    23 0x17 ok           rel=[]               wr=[]                                       
    24 0x18 ok           rel=[]               wr=[]                                       
    25 0x19 ok           rel=[]               wr=[]                                       
    26 0x1a ok           rel=[]               wr=[]                                       
    27 0x1b ok           rel=[]               wr=[]                                       
    28 0x1c ok           rel=[]               wr=[]                                       
    29 0x1d ok           rel=[]               wr=[]                                       
    30 0x1e wrong_value  rel=[0]              wr=[(1, 55, 655415)]                        
    31 0x1f ok           rel=[]               wr=[]                                       
    32 0x20 ok           rel=[]               wr=[]                                       
    33 0x21 ok           rel=[]               wr=[]                                       
    34 0x22 ok           rel=[]               wr=[]                                       
    35 0x23 ok           rel=[]               wr=[]                                       
    36 0x24 ok           rel=[]               wr=[]                                       
    37 0x25 ok           rel=[]               wr=[]                                       
    38 0x26 wrong_value  rel=[0]              wr=[(1, 55, 655415)]                        
    39 0x27 ok           rel=[]               wr=[]                                       
    40 0x28 ok           rel=[]               wr=[]                                       
    41 0x29 ok           rel=[]               wr=[]                                       
    42 0x2a ok           rel=[]               wr=[]                                       
    43 0x2b ok           rel=[]               wr=[]                                       
    44 0x2c ok           rel=[]               wr=[]                                       
    45 0x2d ok           rel=[]               wr=[]                                       
    46 0x2e wrong_value  rel=[0]              wr=[(1, 55, 655415)]                        
    47 0x2f ok           rel=[]               wr=[]                                       
    48 0x30 ok           rel=[]               wr=[]                                       
    49 0x31 ok           rel=[]               wr=[]                                       
    50 0x32 ok           rel=[]               wr=[]                                       
    51 0x33 ok           rel=[]               wr=[]                                       
    52 0x34 ok           rel=[]               wr=[]                                       
    53 0x35 ok           rel=[]               wr=[]                                       
    54 0x36 wrong_value  rel=[0]              wr=[(1, 55, 655415)]                        
    55 0x37 ok           rel=[]               wr=[]                                       
    56 0x38 ok           rel=[]               wr=[]                                       
    57 0x39 ok           rel=[]               wr=[]                                       
    58 0x3a ok           rel=[]               wr=[]                                       
    59 0x3b ok           rel=[]               wr=[]                                       
    60 0x3c ok           rel=[]               wr=[]                                       
    61 0x3d ok           rel=[]               wr=[]                                       
    62 0x3e wrong_value  rel=[0]              wr=[(1, 55, 655415)]                        
    63 0x3f ok           rel=[]               wr=[]                                       
    64 0x40 ok           rel=[]               wr=[]                                       
    65 0x41 ok           rel=[]               wr=[]                                       
    66 0x42 ok           rel=[]               wr=[]                                       
    67 0x43 ok           rel=[]               wr=[]                                       
    68 0x44 ok           rel=[]               wr=[]                                       
    69 0x45 ok           rel=[]               wr=[]                                       
    70 0x46 silent_zero  rel=[0]              wr=[]                                       
    71 0x47 ok           rel=[]               wr=[]                                       
    72 0x48 ok           rel=[]               wr=[]                                       
    73 0x49 ok           rel=[]               wr=[]                                       
    74 0x4a ok           rel=[]               wr=[]                                       
    75 0x4b ok           rel=[]               wr=[]                                       
    76 0x4c ok           rel=[]               wr=[]                                       
    77 0x4d ok           rel=[]               wr=[]                                       
    78 0x4e silent_zero  rel=[0]              wr=[]                                       
    79 0x4f ok           rel=[]               wr=[]                                       
    80 0x50 ok           rel=[]               wr=[]                                       
    81 0x51 ok           rel=[]               wr=[]                                       
    82 0x52 ok           rel=[]               wr=[]                                       
    83 0x53 ok           rel=[]               wr=[]                                       
    84 0x54 ok           rel=[]               wr=[]                                       
    85 0x55 ok           rel=[]               wr=[]                                       
    86 0x56 silent_zero  rel=[0]              wr=[]                                       
    87 0x57 ok           rel=[]               wr=[]                                       
    88 0x58 ok           rel=[]               wr=[]                                       
    89 0x59 ok           rel=[]               wr=[]                                       
    90 0x5a ok           rel=[]               wr=[]                                       
    91 0x5b ok           rel=[]               wr=[]                                       
    92 0x5c ok           rel=[]               wr=[]                                       
    93 0x5d ok           rel=[]               wr=[]                                       
    94 0x5e silent_zero  rel=[0]              wr=[]                                       
    95 0x5f ok           rel=[]               wr=[]                                       
    96 0x60 ok           rel=[]               wr=[]                                       
    97 0x61 ok           rel=[]               wr=[]                                       
    98 0x62 ok           rel=[]               wr=[]                                       
    99 0x63 ok           rel=[]               wr=[]                                       
   100 0x64 ok           rel=[]               wr=[]                                       
   101 0x65 ok           rel=[]               wr=[]                                       
   102 0x66 silent_zero  rel=[0]              wr=[]                                       
   103 0x67 ok           rel=[]               wr=[]                                       
   104 0x68 ok           rel=[]               wr=[]                                       
   105 0x69 ok           rel=[]               wr=[]                                       
   106 0x6a ok           rel=[]               wr=[]                                       
   107 0x6b ok           rel=[]               wr=[]                                       
   108 0x6c ok           rel=[]               wr=[]                                       
   109 0x6d ok           rel=[]               wr=[]                                       
   110 0x6e silent_zero  rel=[0]              wr=[]                                       
   111 0x6f ok           rel=[]               wr=[]                                       
   112 0x70 ok           rel=[]               wr=[]                                       
   113 0x71 ok           rel=[]               wr=[]                                       
   114 0x72 ok           rel=[]               wr=[]                                       
   115 0x73 ok           rel=[]               wr=[]                                       
   116 0x74 ok           rel=[]               wr=[]                                       
   117 0x75 ok           rel=[]               wr=[]                                       
   118 0x76 silent_zero  rel=[0]              wr=[]                                       
   119 0x77 ok           rel=[]               wr=[]                                       
   120 0x78 ok           rel=[]               wr=[]                                       
   121 0x79 ok           rel=[]               wr=[]                                       
   122 0x7a ok           rel=[]               wr=[]                                       
   123 0x7b ok           rel=[]               wr=[]                                       
   124 0x7c ok           rel=[]               wr=[]                                       
   125 0x7d ok           rel=[]               wr=[]                                       
   126 0x7e silent_zero  rel=[0]              wr=[]                                       
   127 0x7f ok           rel=[]               wr=[]                                       
   128 0x80 ok           rel=[]               wr=[]                                       
   129 0x81 ok           rel=[]               wr=[]                                       
   130 0x82 ok           rel=[]               wr=[]                                       
   131 0x83 ok           rel=[]               wr=[]                                       
   132 0x84 ok           rel=[]               wr=[]                                       
   133 0x85 ok           rel=[]               wr=[]                                       
   134 0x86 silent_zero  rel=[0]              wr=[]                                       
   135 0x87 ok           rel=[]               wr=[]                                       
   136 0x88 ok           rel=[]               wr=[]                                       
   137 0x89 ok           rel=[]               wr=[]                                       
   138 0x8a ok           rel=[]               wr=[]                                       
   139 0x8b ok           rel=[]               wr=[]                                       
   140 0x8c ok           rel=[]               wr=[]                                       
   141 0x8d wrong_value  rel=[]               wr=[(0, 10, 3735928559), (1, 55, 3735928559), (2, 0, 3735928559), (3, 47, 3735928559), (4, 58, 3735928559), (5, 65, 3735928559), (6, 71, 3735928559), (7, 83, 3735928559), (8, 94, 3735928559), (9, 101, 3735928559), (10, 113, 3735928559), (11, 119, 3735928559), (12, 125, 3735928559), (13, 127, 3735928559), (14, 3, 3735928559), (15, 0, 3735928559)] DISAGREE/1RUN
   142 0x8e silent_zero  rel=[0]              wr=[]                                       
   143 0x8f ok           rel=[]               wr=[]                                       
   144 0x90 ok           rel=[]               wr=[]                                       
   145 0x91 ok           rel=[]               wr=[]                                       
   146 0x92 ok           rel=[]               wr=[]                                       
   147 0x93 ok           rel=[]               wr=[]                                       
   148 0x94 ok           rel=[]               wr=[]                                       
   149 0x95 ok           rel=[]               wr=[]                                       
   150 0x96 silent_zero  rel=[0]              wr=[]                                       
   151 0x97 ok           rel=[]               wr=[]                                       
   152 0x98 ok           rel=[]               wr=[]                                       
   153 0x99 ok           rel=[]               wr=[]                                       
   154 0x9a ok           rel=[]               wr=[]                                       
   155 0x9b ok           rel=[]               wr=[]                                       
   156 0x9c ok           rel=[]               wr=[]                                       
   157 0x9d ok           rel=[]               wr=[]                                       
   158 0x9e silent_zero  rel=[0]              wr=[]                                       
   159 0x9f ok           rel=[]               wr=[]                                       
   160 0xa0 ok           rel=[]               wr=[]                                       
   161 0xa1 ok           rel=[]               wr=[]                                       
   162 0xa2 ok           rel=[]               wr=[]                                       
   163 0xa3 ok           rel=[]               wr=[]                                       
   164 0xa4 ok           rel=[]               wr=[]                                       
   165 0xa5 ok           rel=[]               wr=[]                                       
   166 0xa6 silent_zero  rel=[0]              wr=[]                                       
   167 0xa7 ok           rel=[]               wr=[]                                       
   168 0xa8 ok           rel=[]               wr=[]                                       
   169 0xa9 ok           rel=[]               wr=[]                                       
   170 0xaa ok           rel=[]               wr=[]                                       
   171 0xab ok           rel=[]               wr=[]                                       
   172 0xac ok           rel=[]               wr=[]                                       
   173 0xad ok           rel=[]               wr=[]                                       
   174 0xae silent_zero  rel=[0]              wr=[]                                       
   175 0xaf ok           rel=[]               wr=[]                                       
   176 0xb0 ok           rel=[]               wr=[]                                       
   177 0xb1 ok           rel=[]               wr=[]                                       
   178 0xb2 ok           rel=[]               wr=[]                                       
   179 0xb3 ok           rel=[]               wr=[]                                       
   180 0xb4 ok           rel=[]               wr=[]                                       
   181 0xb5 ok           rel=[]               wr=[]                                       
   182 0xb6 silent_zero  rel=[0]              wr=[]                                       
   183 0xb7 ok           rel=[]               wr=[]                                       
   184 0xb8 ok           rel=[]               wr=[]                                       
   185 0xb9 ok           rel=[]               wr=[]                                       
   186 0xba ok           rel=[]               wr=[]                                       
   187 0xbb ok           rel=[]               wr=[]                                       
   188 0xbc ok           rel=[]               wr=[]                                       
   189 0xbd ok           rel=[]               wr=[]                                       
   190 0xbe silent_zero  rel=[0]              wr=[]                                       
   191 0xbf ok           rel=[]               wr=[]                                       
   192 0xc0 ok           rel=[]               wr=[]                                       
   193 0xc1 ok           rel=[]               wr=[]                                       
   194 0xc2 ok           rel=[]               wr=[]                                       
   195 0xc3 ok           rel=[]               wr=[]                                       
   196 0xc4 ok           rel=[]               wr=[]                                       
   197 0xc5 ok           rel=[]               wr=[]                                       
   198 0xc6 silent_zero  rel=[0]              wr=[]                                       
   199 0xc7 ok           rel=[]               wr=[]                                       
   200 0xc8 ok           rel=[]               wr=[]                                       
   201 0xc9 ok           rel=[]               wr=[]                                       
   202 0xca ok           rel=[]               wr=[]                                       
   203 0xcb ok           rel=[]               wr=[]                                       
   204 0xcc ok           rel=[]               wr=[]                                       
   205 0xcd ok           rel=[]               wr=[]                                       
   206 0xce silent_zero  rel=[0]              wr=[]                                       
   207 0xcf ok           rel=[]               wr=[]                                       
   208 0xd0 ok           rel=[]               wr=[]                                       
   209 0xd1 ok           rel=[]               wr=[]                                       
   210 0xd2 ok           rel=[]               wr=[]                                       
   211 0xd3 ok           rel=[]               wr=[]                                       
   212 0xd4 ok           rel=[]               wr=[]                                       
   213 0xd5 ok           rel=[]               wr=[]                                       
   214 0xd6 silent_zero  rel=[0]              wr=[]                                       
   215 0xd7 ok           rel=[]               wr=[]                                       
   216 0xd8 ok           rel=[]               wr=[]                                       
   217 0xd9 ok           rel=[]               wr=[]                                       
   218 0xda ok           rel=[]               wr=[]                                       
   219 0xdb ok           rel=[]               wr=[]                                       
   220 0xdc ok           rel=[]               wr=[]                                       
   221 0xdd ok           rel=[]               wr=[]                                       
   222 0xde silent_zero  rel=[0]              wr=[]                                       
   223 0xdf ok           rel=[]               wr=[]                                       
   224 0xe0 ok           rel=[]               wr=[]                                       
   225 0xe1 ok           rel=[]               wr=[]                                       
   226 0xe2 ok           rel=[]               wr=[]                                       
   227 0xe3 ok           rel=[]               wr=[]                                       
   228 0xe4 ok           rel=[]               wr=[]                                       
   229 0xe5 ok           rel=[]               wr=[]                                       
   230 0xe6 silent_zero  rel=[0]              wr=[]                                       
   231 0xe7 ok           rel=[]               wr=[]                                       
   232 0xe8 ok           rel=[]               wr=[]                                       
   233 0xe9 ok           rel=[]               wr=[]                                       
   234 0xea ok           rel=[]               wr=[]                                       
   235 0xeb ok           rel=[]               wr=[]                                       
   236 0xec ok           rel=[]               wr=[]                                       
   237 0xed ok           rel=[]               wr=[]                                       
   238 0xee silent_zero  rel=[0]              wr=[]                                       
   239 0xef ok           rel=[]               wr=[]                                       
   240 0xf0 ok           rel=[]               wr=[]                                       
   241 0xf1 ok           rel=[]               wr=[]                                       
   242 0xf2 ok           rel=[]               wr=[]                                       
   243 0xf3 ok           rel=[]               wr=[]                                       
   244 0xf4 ok           rel=[]               wr=[]                                       
   245 0xf5 ok           rel=[]               wr=[]                                       
   246 0xf6 silent_zero  rel=[0]              wr=[]                                       
   247 0xf7 ok           rel=[]               wr=[]                                       
   248 0xf8 ok           rel=[]               wr=[]                                       
   249 0xf9 ok           rel=[]               wr=[]                                       
   250 0xfa ok           rel=[]               wr=[]                                       
   251 0xfb ok           rel=[]               wr=[]                                       
   252 0xfc ok           rel=[]               wr=[]                                       
   253 0xfd ok           rel=[]               wr=[]                                       
   254 0xfe silent_zero  rel=[0]              wr=[]                                       
   255 0xff ok           rel=[]               wr=[]                                       
==============================================================================
imad.srcC_desc   tested=256  in_both=256
  carrier: SYNTH+LIFTED:k_imad@imad[32:44]  bytes(anchor-ish): 9f00560002080000d02e0a00
  baseline regs: [341, 21, 0, 47, 58, 65, 71, 83, 94, 101, 113, 119, 125, 127, 3, 0]
  outcomes run1: {'wrong_value': 88, 'fault': 64, 'ok': 4, 'silent_zero': 100}
     0 0x00 wrong_value  rel=[]               wr=[(0, 341, 50772)]                        
     1 0x01 wrong_value  rel=[]               wr=[(0, 341, 50432)]                        
     2 0x02 wrong_value  rel=[]               wr=[(0, 341, 50432)]                        
     3 0x03 fault        NO-DUMP
     4 0x04 wrong_value  rel=[]               wr=[(0, 341, 50772)]                        
     5 0x05 wrong_value  rel=[]               wr=[(0, 341, 50432)]                        
     6 0x06 wrong_value  rel=[]               wr=[(0, 341, 50432)]                        
     7 0x07 fault        NO-DUMP
     8 0x08 ok           rel=[]               wr=[]                                       
     9 0x09 wrong_value  rel=[]               wr=[(0, 341, 1)]                            
    10 0x0a wrong_value  rel=[]               wr=[(0, 341, 1)]                            
    11 0x0b fault        NO-DUMP
    12 0x0c ok           rel=[]               wr=[]                                       
    13 0x0d wrong_value  rel=[]               wr=[(0, 341, 1)]                            
    14 0x0e wrong_value  rel=[]               wr=[(0, 341, 1)]                            
    15 0x0f fault        NO-DUMP
    16 0x10 wrong_value  rel=[]               wr=[(0, 341, 596)]                          
    17 0x11 wrong_value  rel=[]               wr=[(0, 341, 256)]                          
    18 0x12 wrong_value  rel=[]               wr=[(0, 341, 256)]                          
    19 0x13 fault        NO-DUMP
    20 0x14 wrong_value  rel=[]               wr=[(0, 341, 596)]                          
    21 0x15 wrong_value  rel=[]               wr=[(0, 341, 256)]                          
    22 0x16 wrong_value  rel=[]               wr=[(0, 341, 256)]                          
    23 0x17 fault        NO-DUMP
    24 0x18 wrong_value  rel=[]               wr=[(0, 341, 340)]                          
    25 0x19 silent_zero  rel=[0]              wr=[]                                       
    26 0x1a silent_zero  rel=[0]              wr=[]                                       
    27 0x1b fault        NO-DUMP
    28 0x1c wrong_value  rel=[]               wr=[(0, 341, 340)]                          
    29 0x1d silent_zero  rel=[0]              wr=[]                                       
    30 0x1e silent_zero  rel=[0]              wr=[]                                       
    31 0x1f fault        NO-DUMP
    32 0x20 wrong_value  rel=[]               wr=[(0, 341, 340)]                          
    33 0x21 silent_zero  rel=[0]              wr=[]                                       
    34 0x22 silent_zero  rel=[0]              wr=[]                                       
    35 0x23 fault        NO-DUMP
    36 0x24 wrong_value  rel=[]               wr=[(0, 341, 340)]                          
    37 0x25 silent_zero  rel=[0]              wr=[]                                       
    38 0x26 silent_zero  rel=[0]              wr=[]                                       
    39 0x27 fault        NO-DUMP
    40 0x28 wrong_value  rel=[]               wr=[(0, 341, 340)]                          
    41 0x29 silent_zero  rel=[0]              wr=[]                                       
    42 0x2a silent_zero  rel=[0]              wr=[]                                       
    43 0x2b fault        NO-DUMP
    44 0x2c wrong_value  rel=[]               wr=[(0, 341, 340)]                          
    45 0x2d silent_zero  rel=[0]              wr=[]                                       
    46 0x2e silent_zero  rel=[0]              wr=[]                                       
    47 0x2f fault        NO-DUMP
    48 0x30 wrong_value  rel=[]               wr=[(0, 341, 340)]                          
    49 0x31 silent_zero  rel=[0]              wr=[]                                       
    50 0x32 silent_zero  rel=[0]              wr=[]                                       
    51 0x33 fault        NO-DUMP
    52 0x34 wrong_value  rel=[]               wr=[(0, 341, 340)]                          
    53 0x35 silent_zero  rel=[0]              wr=[]                                       
    54 0x36 silent_zero  rel=[0]              wr=[]                                       
    55 0x37 fault        NO-DUMP
    56 0x38 wrong_value  rel=[]               wr=[(0, 341, 340)]                          
    57 0x39 silent_zero  rel=[0]              wr=[]                                       
    58 0x3a silent_zero  rel=[0]              wr=[]                                       
    59 0x3b fault        NO-DUMP
    60 0x3c wrong_value  rel=[]               wr=[(0, 341, 340)]                          
    61 0x3d silent_zero  rel=[0]              wr=[]                                       
    62 0x3e silent_zero  rel=[0]              wr=[]                                       
    63 0x3f fault        NO-DUMP
    64 0x40 wrong_value  rel=[]               wr=[(0, 341, 340)]                          
    65 0x41 silent_zero  rel=[0]              wr=[]                                       
    66 0x42 silent_zero  rel=[0]              wr=[]                                       
    67 0x43 fault        NO-DUMP
    68 0x44 wrong_value  rel=[]               wr=[(0, 341, 340)]                          
    69 0x45 silent_zero  rel=[0]              wr=[]                                       
    70 0x46 silent_zero  rel=[0]              wr=[]                                       
    71 0x47 fault        NO-DUMP
    72 0x48 wrong_value  rel=[]               wr=[(0, 341, 340)]                          
    73 0x49 silent_zero  rel=[0]              wr=[]                                       
    74 0x4a silent_zero  rel=[0]              wr=[]                                       
    75 0x4b fault        NO-DUMP
    76 0x4c wrong_value  rel=[]               wr=[(0, 341, 340)]                          
    77 0x4d silent_zero  rel=[0]              wr=[]                                       
    78 0x4e silent_zero  rel=[0]              wr=[]                                       
    79 0x4f fault        NO-DUMP
    80 0x50 wrong_value  rel=[]               wr=[(0, 341, 340)]                          
    81 0x51 silent_zero  rel=[0]              wr=[]                                       
    82 0x52 silent_zero  rel=[0]              wr=[]                                       
    83 0x53 fault        NO-DUMP
    84 0x54 wrong_value  rel=[]               wr=[(0, 341, 340)]                          
    85 0x55 silent_zero  rel=[0]              wr=[]                                       
    86 0x56 silent_zero  rel=[0]              wr=[]                                       
    87 0x57 fault        NO-DUMP
    88 0x58 wrong_value  rel=[]               wr=[(0, 341, 340)]                          
    89 0x59 silent_zero  rel=[0]              wr=[]                                       
    90 0x5a silent_zero  rel=[0]              wr=[]                                       
    91 0x5b fault        NO-DUMP
    92 0x5c wrong_value  rel=[]               wr=[(0, 341, 340)]                          
    93 0x5d silent_zero  rel=[0]              wr=[]                                       
    94 0x5e silent_zero  rel=[0]              wr=[]                                       
    95 0x5f fault        NO-DUMP
    96 0x60 ok           rel=[]               wr=[]                                       
    97 0x61 wrong_value  rel=[]               wr=[(0, 341, 1)]                            
    98 0x62 wrong_value  rel=[]               wr=[(0, 341, 1)]                            
    99 0x63 fault        NO-DUMP
   100 0x64 ok           rel=[]               wr=[]                                       
   101 0x65 wrong_value  rel=[]               wr=[(0, 341, 1)]                            
   102 0x66 wrong_value  rel=[]               wr=[(0, 341, 1)]                            
   103 0x67 fault        NO-DUMP
   104 0x68 wrong_value  rel=[]               wr=[(0, 341, 16596)]                        
   105 0x69 wrong_value  rel=[]               wr=[(0, 341, 16256)]                        
   106 0x6a wrong_value  rel=[]               wr=[(0, 341, 16256)]                        
   107 0x6b fault        NO-DUMP
   108 0x6c wrong_value  rel=[]               wr=[(0, 341, 16596)]                        
   109 0x6d wrong_value  rel=[]               wr=[(0, 341, 16256)]                        
   110 0x6e wrong_value  rel=[]               wr=[(0, 341, 16256)]                        
   111 0x6f fault        NO-DUMP
   112 0x70 wrong_value  rel=[]               wr=[(0, 341, 49385)]                        
   113 0x71 wrong_value  rel=[]               wr=[(0, 341, 49045)]                        
   114 0x72 wrong_value  rel=[]               wr=[(0, 341, 49045)]                        
   115 0x73 fault        NO-DUMP
   116 0x74 wrong_value  rel=[]               wr=[(0, 341, 49385)]                        
   117 0x75 wrong_value  rel=[]               wr=[(0, 341, 49045)]                        
   118 0x76 wrong_value  rel=[]               wr=[(0, 341, 49045)]                        
   119 0x77 fault        NO-DUMP
   120 0x78 wrong_value  rel=[]               wr=[(0, 341, 46378)]                        
   121 0x79 wrong_value  rel=[]               wr=[(0, 341, 46038)]                        
   122 0x7a wrong_value  rel=[]               wr=[(0, 341, 46038)]                        
   123 0x7b fault        NO-DUMP
   124 0x7c wrong_value  rel=[]               wr=[(0, 341, 46378)]                        
   125 0x7d wrong_value  rel=[]               wr=[(0, 341, 46038)]                        
   126 0x7e wrong_value  rel=[]               wr=[(0, 341, 46038)]                        
   127 0x7f fault        NO-DUMP
   128 0x80 wrong_value  rel=[]               wr=[(0, 341, 340)]                          
   129 0x81 silent_zero  rel=[0]              wr=[]                                       
   130 0x82 silent_zero  rel=[0]              wr=[]                                       
   131 0x83 fault        NO-DUMP
   132 0x84 wrong_value  rel=[]               wr=[(0, 341, 340)]                          
   133 0x85 silent_zero  rel=[0]              wr=[]                                       
   134 0x86 silent_zero  rel=[0]              wr=[]                                       
   135 0x87 fault        NO-DUMP
   136 0x88 wrong_value  rel=[]               wr=[(0, 341, 340)]                          
   137 0x89 silent_zero  rel=[0]              wr=[]                                       
   138 0x8a silent_zero  rel=[0]              wr=[]                                       
   139 0x8b fault        NO-DUMP
   140 0x8c wrong_value  rel=[]               wr=[(0, 341, 340)]                          
   141 0x8d silent_zero  rel=[0]              wr=[]                                       
   142 0x8e silent_zero  rel=[0]              wr=[]                                       
   143 0x8f fault        NO-DUMP
   144 0x90 wrong_value  rel=[]               wr=[(0, 341, 340)]                          
   145 0x91 silent_zero  rel=[0]              wr=[]                                       
   146 0x92 silent_zero  rel=[0]              wr=[]                                       
   147 0x93 fault        NO-DUMP
   148 0x94 wrong_value  rel=[]               wr=[(0, 341, 340)]                          
   149 0x95 silent_zero  rel=[0]              wr=[]                                       DISAGREE/1RUN
   150 0x96 silent_zero  rel=[0]              wr=[]                                       
   151 0x97 fault        NO-DUMP
   152 0x98 wrong_value  rel=[]               wr=[(0, 341, 340)]                          
   153 0x99 silent_zero  rel=[0]              wr=[]                                       
   154 0x9a silent_zero  rel=[0]              wr=[]                                       
   155 0x9b fault        NO-DUMP
   156 0x9c wrong_value  rel=[]               wr=[(0, 341, 340)]                          
   157 0x9d silent_zero  rel=[0]              wr=[]                                       
   158 0x9e silent_zero  rel=[0]              wr=[]                                       
   159 0x9f fault        NO-DUMP
   160 0xa0 wrong_value  rel=[]               wr=[(0, 341, 340)]                          
   161 0xa1 silent_zero  rel=[0]              wr=[]                                       
   162 0xa2 silent_zero  rel=[0]              wr=[]                                       
   163 0xa3 fault        NO-DUMP
   164 0xa4 wrong_value  rel=[]               wr=[(0, 341, 340)]                          
   165 0xa5 silent_zero  rel=[0]              wr=[]                                       
   166 0xa6 silent_zero  rel=[0]              wr=[]                                       
   167 0xa7 fault        NO-DUMP
   168 0xa8 wrong_value  rel=[]               wr=[(0, 341, 340)]                          
   169 0xa9 silent_zero  rel=[0]              wr=[]                                       
   170 0xaa silent_zero  rel=[0]              wr=[]                                       
   171 0xab fault        NO-DUMP
   172 0xac wrong_value  rel=[]               wr=[(0, 341, 340)]                          
   173 0xad silent_zero  rel=[0]              wr=[]                                       
   174 0xae silent_zero  rel=[0]              wr=[]                                       
   175 0xaf fault        NO-DUMP
   176 0xb0 wrong_value  rel=[]               wr=[(0, 341, 340)]                          
   177 0xb1 silent_zero  rel=[0]              wr=[]                                       
   178 0xb2 silent_zero  rel=[0]              wr=[]                                       
   179 0xb3 fault        NO-DUMP
   180 0xb4 wrong_value  rel=[]               wr=[(0, 341, 340)]                          
   181 0xb5 silent_zero  rel=[0]              wr=[]                                       
   182 0xb6 silent_zero  rel=[0]              wr=[]                                       
   183 0xb7 fault        NO-DUMP
   184 0xb8 wrong_value  rel=[]               wr=[(0, 341, 340)]                          
   185 0xb9 silent_zero  rel=[0]              wr=[]                                       
   186 0xba silent_zero  rel=[0]              wr=[]                                       
   187 0xbb fault        NO-DUMP
   188 0xbc wrong_value  rel=[]               wr=[(0, 341, 340)]                          
   189 0xbd silent_zero  rel=[0]              wr=[]                                       
   190 0xbe silent_zero  rel=[0]              wr=[]                                       
   191 0xbf fault        NO-DUMP
   192 0xc0 wrong_value  rel=[]               wr=[(0, 341, 340)]                          
   193 0xc1 silent_zero  rel=[0]              wr=[]                                       
   194 0xc2 silent_zero  rel=[0]              wr=[]                                       
   195 0xc3 fault        NO-DUMP
   196 0xc4 wrong_value  rel=[]               wr=[(0, 341, 340)]                          
   197 0xc5 silent_zero  rel=[0]              wr=[]                                       
   198 0xc6 silent_zero  rel=[0]              wr=[]                                       
   199 0xc7 fault        NO-DUMP
   200 0xc8 wrong_value  rel=[]               wr=[(0, 341, 340)]                          
   201 0xc9 silent_zero  rel=[0]              wr=[]                                       
   202 0xca silent_zero  rel=[0]              wr=[]                                       
   203 0xcb fault        NO-DUMP
   204 0xcc wrong_value  rel=[]               wr=[(0, 341, 340)]                          
   205 0xcd silent_zero  rel=[0]              wr=[]                                       
   206 0xce silent_zero  rel=[0]              wr=[]                                       
   207 0xcf fault        NO-DUMP
   208 0xd0 wrong_value  rel=[]               wr=[(0, 341, 340)]                          
   209 0xd1 silent_zero  rel=[0]              wr=[]                                       
   210 0xd2 silent_zero  rel=[0]              wr=[]                                       
   211 0xd3 fault        NO-DUMP
   212 0xd4 wrong_value  rel=[]               wr=[(0, 341, 340)]                          
   213 0xd5 silent_zero  rel=[0]              wr=[]                                       
   214 0xd6 silent_zero  rel=[0]              wr=[]                                       
   215 0xd7 fault        NO-DUMP
   216 0xd8 wrong_value  rel=[]               wr=[(0, 341, 340)]                          
   217 0xd9 silent_zero  rel=[0]              wr=[]                                       
   218 0xda silent_zero  rel=[0]              wr=[]                                       
   219 0xdb fault        NO-DUMP
   220 0xdc wrong_value  rel=[]               wr=[(0, 341, 340)]                          
   221 0xdd silent_zero  rel=[0]              wr=[]                                       
   222 0xde silent_zero  rel=[0]              wr=[]                                       
   223 0xdf fault        NO-DUMP
   224 0xe0 wrong_value  rel=[]               wr=[(0, 341, 340)]                          
   225 0xe1 silent_zero  rel=[0]              wr=[]                                       
   226 0xe2 silent_zero  rel=[0]              wr=[]                                       
   227 0xe3 fault        NO-DUMP
   228 0xe4 wrong_value  rel=[]               wr=[(0, 341, 340)]                          
   229 0xe5 silent_zero  rel=[0]              wr=[]                                       
   230 0xe6 silent_zero  rel=[0]              wr=[]                                       
   231 0xe7 fault        NO-DUMP
   232 0xe8 wrong_value  rel=[]               wr=[(0, 341, 340)]                          DISAGREE/1RUN
   233 0xe9 silent_zero  rel=[0]              wr=[]                                       
   234 0xea silent_zero  rel=[0]              wr=[]                                       
   235 0xeb fault        NO-DUMP
   236 0xec wrong_value  rel=[]               wr=[(0, 341, 340)]                          
   237 0xed silent_zero  rel=[0]              wr=[]                                       
   238 0xee silent_zero  rel=[0]              wr=[]                                       
   239 0xef fault        NO-DUMP
   240 0xf0 wrong_value  rel=[]               wr=[(0, 341, 340)]                          
   241 0xf1 silent_zero  rel=[0]              wr=[]                                       
   242 0xf2 silent_zero  rel=[0]              wr=[]                                       
   243 0xf3 fault        NO-DUMP
   244 0xf4 wrong_value  rel=[]               wr=[(0, 341, 340)]                          
   245 0xf5 silent_zero  rel=[0]              wr=[]                                       
   246 0xf6 silent_zero  rel=[0]              wr=[]                                       
   247 0xf7 fault        NO-DUMP
   248 0xf8 wrong_value  rel=[]               wr=[(0, 341, 340)]                          
   249 0xf9 silent_zero  rel=[0]              wr=[]                                       
   250 0xfa silent_zero  rel=[0]              wr=[]                                       
   251 0xfb fault        NO-DUMP
   252 0xfc wrong_value  rel=[]               wr=[(0, 341, 340)]                          DISAGREE/1RUN
   253 0xfd silent_zero  rel=[0]              wr=[]                                       
   254 0xfe silent_zero  rel=[0]              wr=[]                                       
   255 0xff fault        NO-DUMP
==============================================================================
iminmax.srcB   tested=256  in_both=256
  carrier: SYNTH+LIFTED:k_imin@iminmax[32:38]  bytes(anchor-ish): 02011e050700
  baseline regs: [10, 21, 0, 47, 58, 65, 71, 83, 94, 101, 113, 119, 125, 127, 3, 0]
  outcomes run1: {'ok': 32, 'silent_zero': 32, 'wrong_value': 192}
     0 0x00 ok           rel=[]               wr=[]                                       
     1 0x01 silent_zero  rel=[0]              wr=[]                                       
     2 0x02 wrong_value  rel=[0]              wr=[(2, 0, 34)]                             
     3 0x03 wrong_value  rel=[0]              wr=[(2, 0, 34)]                             
     4 0x04 wrong_value  rel=[0]              wr=[(2, 0, 34)]                             
     5 0x05 wrong_value  rel=[0]              wr=[(2, 0, 34)]                             
     6 0x06 wrong_value  rel=[0]              wr=[(2, 0, 34)]                             
     7 0x07 wrong_value  rel=[0]              wr=[(2, 0, 34)]                             
     8 0x08 ok           rel=[]               wr=[]                                       
     9 0x09 silent_zero  rel=[0]              wr=[]                                       
    10 0x0a wrong_value  rel=[0]              wr=[(2, 0, 34)]                             
    11 0x0b wrong_value  rel=[0]              wr=[(2, 0, 34)]                             
    12 0x0c wrong_value  rel=[0]              wr=[(2, 0, 34)]                             
    13 0x0d wrong_value  rel=[0]              wr=[(2, 0, 34)]                             
    14 0x0e wrong_value  rel=[0]              wr=[(2, 0, 34)]                             
    15 0x0f wrong_value  rel=[0]              wr=[(2, 0, 34)]                             
    16 0x10 silent_zero  rel=[0]              wr=[]                                       
    17 0x11 ok           rel=[]               wr=[]                                       
    18 0x12 wrong_value  rel=[0]              wr=[(2, 0, 34)]                             
    19 0x13 wrong_value  rel=[]               wr=[(2, 0, 34)]                             
    20 0x14 wrong_value  rel=[0]              wr=[(2, 0, 34)]                             
    21 0x15 wrong_value  rel=[]               wr=[(2, 0, 34)]                             
    22 0x16 wrong_value  rel=[0]              wr=[(2, 0, 34)]                             
    23 0x17 wrong_value  rel=[]               wr=[(2, 0, 34)]                             
    24 0x18 silent_zero  rel=[0]              wr=[]                                       
    25 0x19 ok           rel=[]               wr=[]                                       
    26 0x1a wrong_value  rel=[0]              wr=[(2, 0, 34)]                             
    27 0x1b wrong_value  rel=[]               wr=[(2, 0, 34)]                             
    28 0x1c wrong_value  rel=[0]              wr=[(2, 0, 34)]                             
    29 0x1d wrong_value  rel=[]               wr=[(2, 0, 34)]                             
    30 0x1e wrong_value  rel=[0]              wr=[(2, 0, 34)]                             
    31 0x1f wrong_value  rel=[]               wr=[(2, 0, 34)]                             
    32 0x20 ok           rel=[]               wr=[]                                       
    33 0x21 silent_zero  rel=[0]              wr=[]                                       
    34 0x22 wrong_value  rel=[0]              wr=[(2, 0, 34)]                             
    35 0x23 wrong_value  rel=[0]              wr=[(2, 0, 34)]                             
    36 0x24 wrong_value  rel=[0]              wr=[(2, 0, 34)]                             
    37 0x25 wrong_value  rel=[0]              wr=[(2, 0, 34)]                             
    38 0x26 wrong_value  rel=[0]              wr=[(2, 0, 34)]                             
    39 0x27 wrong_value  rel=[0]              wr=[(2, 0, 34)]                             
    40 0x28 ok           rel=[]               wr=[]                                       
    41 0x29 silent_zero  rel=[0]              wr=[]                                       
    42 0x2a wrong_value  rel=[0]              wr=[(2, 0, 34)]                             
    43 0x2b wrong_value  rel=[0]              wr=[(2, 0, 34)]                             
    44 0x2c wrong_value  rel=[0]              wr=[(2, 0, 34)]                             
    45 0x2d wrong_value  rel=[0]              wr=[(2, 0, 34)]                             
    46 0x2e wrong_value  rel=[0]              wr=[(2, 0, 34)]                             
    47 0x2f wrong_value  rel=[0]              wr=[(2, 0, 34)]                             
    48 0x30 silent_zero  rel=[0]              wr=[]                                       
    49 0x31 ok           rel=[]               wr=[]                                       
    50 0x32 wrong_value  rel=[0]              wr=[(2, 0, 34)]                             
    51 0x33 wrong_value  rel=[]               wr=[(2, 0, 34)]                             
    52 0x34 wrong_value  rel=[0]              wr=[(2, 0, 34)]                             
    53 0x35 wrong_value  rel=[]               wr=[(2, 0, 34)]                             
    54 0x36 wrong_value  rel=[0]              wr=[(2, 0, 34)]                             
    55 0x37 wrong_value  rel=[]               wr=[(2, 0, 34)]                             
    56 0x38 silent_zero  rel=[0]              wr=[]                                       
    57 0x39 ok           rel=[]               wr=[]                                       
    58 0x3a wrong_value  rel=[0]              wr=[(2, 0, 34)]                             
    59 0x3b wrong_value  rel=[]               wr=[(2, 0, 34)]                             
    60 0x3c wrong_value  rel=[0]              wr=[(2, 0, 34)]                             
    61 0x3d wrong_value  rel=[]               wr=[(2, 0, 34)]                             
    62 0x3e wrong_value  rel=[0]              wr=[(2, 0, 34)]                             
    63 0x3f wrong_value  rel=[]               wr=[(2, 0, 34)]                             
    64 0x40 ok           rel=[]               wr=[]                                       
    65 0x41 silent_zero  rel=[0]              wr=[]                                       
    66 0x42 wrong_value  rel=[0]              wr=[(2, 0, 34)]                             
    67 0x43 wrong_value  rel=[0]              wr=[(2, 0, 34)]                             
    68 0x44 wrong_value  rel=[0]              wr=[(2, 0, 34)]                             
    69 0x45 wrong_value  rel=[0]              wr=[(2, 0, 34)]                             
    70 0x46 wrong_value  rel=[0]              wr=[(2, 0, 34)]                             
    71 0x47 wrong_value  rel=[0]              wr=[(2, 0, 34)]                             
    72 0x48 ok           rel=[]               wr=[]                                       
    73 0x49 silent_zero  rel=[0]              wr=[]                                       
    74 0x4a wrong_value  rel=[0]              wr=[(2, 0, 34)]                             
    75 0x4b wrong_value  rel=[0]              wr=[(2, 0, 34)]                             
    76 0x4c wrong_value  rel=[0]              wr=[(2, 0, 34)]                             
    77 0x4d wrong_value  rel=[0]              wr=[(2, 0, 34)]                             
    78 0x4e wrong_value  rel=[0]              wr=[(2, 0, 34)]                             
    79 0x4f wrong_value  rel=[0]              wr=[(2, 0, 34)]                             
    80 0x50 silent_zero  rel=[0]              wr=[]                                       
    81 0x51 ok           rel=[]               wr=[]                                       
    82 0x52 wrong_value  rel=[0]              wr=[(2, 0, 34)]                             
    83 0x53 wrong_value  rel=[]               wr=[(2, 0, 34)]                             
    84 0x54 wrong_value  rel=[0]              wr=[(2, 0, 34)]                             
    85 0x55 wrong_value  rel=[]               wr=[(2, 0, 34)]                             
    86 0x56 wrong_value  rel=[0]              wr=[(2, 0, 34)]                             
    87 0x57 wrong_value  rel=[]               wr=[(2, 0, 34)]                             
    88 0x58 silent_zero  rel=[0]              wr=[]                                       
    89 0x59 ok           rel=[]               wr=[]                                       
    90 0x5a wrong_value  rel=[0]              wr=[(2, 0, 34)]                             
    91 0x5b wrong_value  rel=[]               wr=[(2, 0, 34)]                             
    92 0x5c wrong_value  rel=[0]              wr=[(2, 0, 34)]                             
    93 0x5d wrong_value  rel=[]               wr=[(2, 0, 34)]                             
    94 0x5e wrong_value  rel=[0]              wr=[(2, 0, 34)]                             
    95 0x5f wrong_value  rel=[]               wr=[(2, 0, 34)]                             
    96 0x60 ok           rel=[]               wr=[]                                       
    97 0x61 silent_zero  rel=[0]              wr=[]                                       
    98 0x62 wrong_value  rel=[0]              wr=[(2, 0, 34)]                             
    99 0x63 wrong_value  rel=[0]              wr=[(2, 0, 34)]                             
   100 0x64 wrong_value  rel=[0]              wr=[(2, 0, 34)]                             
   101 0x65 wrong_value  rel=[0]              wr=[(2, 0, 34)]                             
   102 0x66 wrong_value  rel=[0]              wr=[(2, 0, 34)]                             
   103 0x67 wrong_value  rel=[0]              wr=[(2, 0, 34)]                             
   104 0x68 ok           rel=[]               wr=[]                                       
   105 0x69 silent_zero  rel=[0]              wr=[]                                       
   106 0x6a wrong_value  rel=[0]              wr=[(2, 0, 34)]                             
   107 0x6b wrong_value  rel=[0]              wr=[(2, 0, 34)]                             
   108 0x6c wrong_value  rel=[0]              wr=[(2, 0, 34)]                             
   109 0x6d wrong_value  rel=[0]              wr=[(2, 0, 34)]                             
   110 0x6e wrong_value  rel=[0]              wr=[(2, 0, 34)]                             
   111 0x6f wrong_value  rel=[0]              wr=[(2, 0, 34)]                             
   112 0x70 silent_zero  rel=[0]              wr=[]                                       
   113 0x71 ok           rel=[]               wr=[]                                       
   114 0x72 wrong_value  rel=[0]              wr=[(2, 0, 34)]                             
   115 0x73 wrong_value  rel=[]               wr=[(2, 0, 34)]                             
   116 0x74 wrong_value  rel=[0]              wr=[(2, 0, 34)]                             
   117 0x75 wrong_value  rel=[]               wr=[(2, 0, 34)]                             
   118 0x76 wrong_value  rel=[0]              wr=[(2, 0, 34)]                             
   119 0x77 wrong_value  rel=[]               wr=[(2, 0, 34)]                             
   120 0x78 silent_zero  rel=[0]              wr=[]                                       
   121 0x79 ok           rel=[]               wr=[]                                       
   122 0x7a wrong_value  rel=[0]              wr=[(2, 0, 34)]                             
   123 0x7b wrong_value  rel=[]               wr=[(2, 0, 34)]                             
   124 0x7c wrong_value  rel=[0]              wr=[(2, 0, 34)]                             
   125 0x7d wrong_value  rel=[]               wr=[(2, 0, 34)]                             
   126 0x7e wrong_value  rel=[0]              wr=[(2, 0, 34)]                             
   127 0x7f wrong_value  rel=[]               wr=[(2, 0, 34)]                             
   128 0x80 ok           rel=[]               wr=[]                                       
   129 0x81 silent_zero  rel=[0]              wr=[]                                       
   130 0x82 wrong_value  rel=[0]              wr=[(2, 0, 34)]                             
   131 0x83 wrong_value  rel=[0]              wr=[(2, 0, 34)]                             
   132 0x84 wrong_value  rel=[0]              wr=[(2, 0, 34)]                             
   133 0x85 wrong_value  rel=[0]              wr=[(2, 0, 34)]                             
   134 0x86 wrong_value  rel=[0]              wr=[(2, 0, 34)]                             
   135 0x87 wrong_value  rel=[0]              wr=[(2, 0, 34)]                             
   136 0x88 ok           rel=[]               wr=[]                                       
   137 0x89 silent_zero  rel=[0]              wr=[]                                       
   138 0x8a wrong_value  rel=[0]              wr=[(2, 0, 34)]                             
   139 0x8b wrong_value  rel=[0]              wr=[(2, 0, 34)]                             
   140 0x8c wrong_value  rel=[0]              wr=[(2, 0, 34)]                             
   141 0x8d wrong_value  rel=[0]              wr=[(2, 0, 34)]                             
   142 0x8e wrong_value  rel=[0]              wr=[(2, 0, 34)]                             
   143 0x8f wrong_value  rel=[0]              wr=[(2, 0, 34)]                             
   144 0x90 silent_zero  rel=[0]              wr=[]                                       
   145 0x91 ok           rel=[]               wr=[]                                       
   146 0x92 wrong_value  rel=[0]              wr=[(2, 0, 34)]                             
   147 0x93 wrong_value  rel=[]               wr=[(2, 0, 34)]                             
   148 0x94 wrong_value  rel=[0]              wr=[(2, 0, 34)]                             
   149 0x95 wrong_value  rel=[]               wr=[(2, 0, 34)]                             
   150 0x96 wrong_value  rel=[0]              wr=[(2, 0, 34)]                             
   151 0x97 wrong_value  rel=[]               wr=[(2, 0, 34)]                             
   152 0x98 silent_zero  rel=[0]              wr=[]                                       
   153 0x99 ok           rel=[]               wr=[]                                       
   154 0x9a wrong_value  rel=[0]              wr=[(2, 0, 34)]                             
   155 0x9b wrong_value  rel=[]               wr=[(2, 0, 34)]                             
   156 0x9c wrong_value  rel=[0]              wr=[(2, 0, 34)]                             
   157 0x9d wrong_value  rel=[]               wr=[(2, 0, 34)]                             
   158 0x9e wrong_value  rel=[0]              wr=[(2, 0, 34)]                             
   159 0x9f wrong_value  rel=[]               wr=[(2, 0, 34)]                             
   160 0xa0 ok           rel=[]               wr=[]                                       
   161 0xa1 silent_zero  rel=[0]              wr=[]                                       
   162 0xa2 wrong_value  rel=[0]              wr=[(2, 0, 34)]                             
   163 0xa3 wrong_value  rel=[0]              wr=[(2, 0, 34)]                             
   164 0xa4 wrong_value  rel=[0]              wr=[(2, 0, 34)]                             
   165 0xa5 wrong_value  rel=[0]              wr=[(2, 0, 34)]                             
   166 0xa6 wrong_value  rel=[0]              wr=[(2, 0, 34)]                             
   167 0xa7 wrong_value  rel=[0]              wr=[(2, 0, 34)]                             
   168 0xa8 ok           rel=[]               wr=[]                                       
   169 0xa9 silent_zero  rel=[0]              wr=[]                                       
   170 0xaa wrong_value  rel=[0]              wr=[(2, 0, 34)]                             
   171 0xab wrong_value  rel=[0]              wr=[(2, 0, 34)]                             
   172 0xac wrong_value  rel=[0]              wr=[(2, 0, 34)]                             
   173 0xad wrong_value  rel=[0]              wr=[(2, 0, 34)]                             
   174 0xae wrong_value  rel=[0]              wr=[(2, 0, 34)]                             
   175 0xaf wrong_value  rel=[0]              wr=[(2, 0, 34)]                             
   176 0xb0 silent_zero  rel=[0]              wr=[]                                       
   177 0xb1 ok           rel=[]               wr=[]                                       
   178 0xb2 wrong_value  rel=[0]              wr=[(2, 0, 34)]                             
   179 0xb3 wrong_value  rel=[]               wr=[(2, 0, 34)]                             
   180 0xb4 wrong_value  rel=[0]              wr=[(2, 0, 34)]                             
   181 0xb5 wrong_value  rel=[]               wr=[(2, 0, 34)]                             
   182 0xb6 wrong_value  rel=[0]              wr=[(2, 0, 34)]                             
   183 0xb7 wrong_value  rel=[]               wr=[(2, 0, 34)]                             
   184 0xb8 silent_zero  rel=[0]              wr=[]                                       
   185 0xb9 ok           rel=[]               wr=[]                                       
   186 0xba wrong_value  rel=[0]              wr=[(2, 0, 34)]                             
   187 0xbb wrong_value  rel=[]               wr=[(2, 0, 34)]                             
   188 0xbc wrong_value  rel=[0]              wr=[(2, 0, 34)]                             
   189 0xbd wrong_value  rel=[]               wr=[(2, 0, 34)]                             
   190 0xbe wrong_value  rel=[0]              wr=[(2, 0, 34)]                             
   191 0xbf wrong_value  rel=[]               wr=[(2, 0, 34)]                             
   192 0xc0 ok           rel=[]               wr=[]                                       
   193 0xc1 silent_zero  rel=[0]              wr=[]                                       
   194 0xc2 wrong_value  rel=[0]              wr=[(2, 0, 34)]                             
   195 0xc3 wrong_value  rel=[0]              wr=[(2, 0, 34)]                             
   196 0xc4 wrong_value  rel=[0]              wr=[(2, 0, 34)]                             
   197 0xc5 wrong_value  rel=[0]              wr=[(2, 0, 34)]                             
   198 0xc6 wrong_value  rel=[0]              wr=[(2, 0, 34)]                             
   199 0xc7 wrong_value  rel=[0]              wr=[(2, 0, 34)]                             
   200 0xc8 ok           rel=[]               wr=[]                                       
   201 0xc9 silent_zero  rel=[0]              wr=[]                                       
   202 0xca wrong_value  rel=[0]              wr=[(2, 0, 34)]                             
   203 0xcb wrong_value  rel=[0]              wr=[(2, 0, 34)]                             
   204 0xcc wrong_value  rel=[0]              wr=[(2, 0, 34)]                             
   205 0xcd wrong_value  rel=[0]              wr=[(2, 0, 34)]                             
   206 0xce wrong_value  rel=[0]              wr=[(2, 0, 34)]                             
   207 0xcf wrong_value  rel=[0]              wr=[(2, 0, 34)]                             
   208 0xd0 silent_zero  rel=[0]              wr=[]                                       
   209 0xd1 ok           rel=[]               wr=[]                                       
   210 0xd2 wrong_value  rel=[0]              wr=[(2, 0, 34)]                             
   211 0xd3 wrong_value  rel=[]               wr=[(2, 0, 34)]                             
   212 0xd4 wrong_value  rel=[0]              wr=[(2, 0, 34)]                             
   213 0xd5 wrong_value  rel=[]               wr=[(2, 0, 34)]                             
   214 0xd6 wrong_value  rel=[0]              wr=[(2, 0, 34)]                             
   215 0xd7 wrong_value  rel=[]               wr=[(2, 0, 34)]                             
   216 0xd8 silent_zero  rel=[0]              wr=[]                                       
   217 0xd9 ok           rel=[]               wr=[]                                       
   218 0xda wrong_value  rel=[0]              wr=[(2, 0, 34)]                             
   219 0xdb wrong_value  rel=[]               wr=[(2, 0, 34)]                             
   220 0xdc wrong_value  rel=[0]              wr=[(2, 0, 34)]                             
   221 0xdd wrong_value  rel=[]               wr=[(2, 0, 34)]                             
   222 0xde wrong_value  rel=[0]              wr=[(2, 0, 34)]                             
   223 0xdf wrong_value  rel=[]               wr=[(2, 0, 34)]                             
   224 0xe0 ok           rel=[]               wr=[]                                       
   225 0xe1 silent_zero  rel=[0]              wr=[]                                       
   226 0xe2 wrong_value  rel=[0]              wr=[(2, 0, 34)]                             
   227 0xe3 wrong_value  rel=[0]              wr=[(2, 0, 34)]                             
   228 0xe4 wrong_value  rel=[0]              wr=[(2, 0, 34)]                             
   229 0xe5 wrong_value  rel=[0]              wr=[(2, 0, 34)]                             
   230 0xe6 wrong_value  rel=[0]              wr=[(2, 0, 34)]                             
   231 0xe7 wrong_value  rel=[0]              wr=[(2, 0, 34)]                             
   232 0xe8 ok           rel=[]               wr=[]                                       
   233 0xe9 silent_zero  rel=[0]              wr=[]                                       
   234 0xea wrong_value  rel=[0]              wr=[(2, 0, 34)]                             
   235 0xeb wrong_value  rel=[0]              wr=[(2, 0, 34)]                             
   236 0xec wrong_value  rel=[0]              wr=[(2, 0, 34)]                             
   237 0xed wrong_value  rel=[0]              wr=[(2, 0, 34)]                             
   238 0xee wrong_value  rel=[0]              wr=[(2, 0, 34)]                             
   239 0xef wrong_value  rel=[0]              wr=[(2, 0, 34)]                             
   240 0xf0 silent_zero  rel=[0]              wr=[]                                       
   241 0xf1 ok           rel=[]               wr=[]                                       
   242 0xf2 wrong_value  rel=[0]              wr=[(2, 0, 34)]                             
   243 0xf3 wrong_value  rel=[]               wr=[(2, 0, 34)]                             
   244 0xf4 wrong_value  rel=[0]              wr=[(2, 0, 34)]                             
   245 0xf5 wrong_value  rel=[]               wr=[(2, 0, 34)]                             
   246 0xf6 wrong_value  rel=[0]              wr=[(2, 0, 34)]                             
   247 0xf7 wrong_value  rel=[]               wr=[(2, 0, 34)]                             
   248 0xf8 silent_zero  rel=[0]              wr=[]                                       
   249 0xf9 ok           rel=[]               wr=[]                                       
   250 0xfa wrong_value  rel=[0]              wr=[(2, 0, 34)]                             
   251 0xfb wrong_value  rel=[]               wr=[(2, 0, 34)]                             
   252 0xfc wrong_value  rel=[0]              wr=[(2, 0, 34)]                             
   253 0xfd wrong_value  rel=[]               wr=[(2, 0, 34)]                             
   254 0xfe wrong_value  rel=[0]              wr=[(2, 0, 34)]                             
   255 0xff wrong_value  rel=[]               wr=[(2, 0, 34)]                             
==============================================================================
isel8.cmp_mode   tested=256  in_both=256
  carrier: SYNTH+LIFTED:k_rsqrt@isel8[18:32]  bytes(anchor-ish): 2981250b00c27281270900040202
  baseline regs: [1084227584, 1069547520, 0, 1056964608, 1088421888, 1091567616, 1093664768, 0, 1048576000, 1099956224, 1102053376, 1104150528, 1106247680, 1061158912, 0, 0]
  outcomes run1: {'wrong_value': 128, 'ok': 128}
     0 0x00 wrong_value  rel=[]               wr=[(7, 0, 1095761920)]                     
     1 0x01 ok           rel=[]               wr=[]                                       
     2 0x02 ok           rel=[]               wr=[]                                       
     3 0x03 wrong_value  rel=[]               wr=[(0, 1084227584, 3735928559), (1, 1069547520, 3735928559), (2, 0, 3735928559), (3, 1056964608, 3735928559), (4, 1088421888, 3735928559), (5, 1091567616, 3735928559), (6, 1093664768, 3735928559), (7, 0, 3735928559), (8, 1048576000, 3735928559)] 
     4 0x04 wrong_value  rel=[]               wr=[(7, 0, 1095761920)]                     
     5 0x05 ok           rel=[]               wr=[]                                       
     6 0x06 ok           rel=[]               wr=[]                                       
     7 0x07 wrong_value  rel=[]               wr=[(0, 1084227584, 3735928559), (1, 1069547520, 3735928559), (2, 0, 3735928559), (3, 1056964608, 3735928559), (4, 1088421888, 3735928559), (5, 1091567616, 3735928559), (6, 1093664768, 3735928559), (7, 0, 3735928559), (8, 1048576000, 3735928559)] 
     8 0x08 wrong_value  rel=[]               wr=[(7, 0, 1095761920)]                     
     9 0x09 ok           rel=[]               wr=[]                                       
    10 0x0a ok           rel=[]               wr=[]                                       
    11 0x0b wrong_value  rel=[]               wr=[(0, 1084227584, 3735928559), (1, 1069547520, 3735928559), (2, 0, 3735928559), (3, 1056964608, 3735928559), (4, 1088421888, 3735928559), (5, 1091567616, 3735928559), (6, 1093664768, 3735928559), (7, 0, 3735928559), (8, 1048576000, 3735928559)] 
    12 0x0c wrong_value  rel=[]               wr=[(7, 0, 1095761920)]                     
    13 0x0d ok           rel=[]               wr=[]                                       
    14 0x0e ok           rel=[]               wr=[]                                       
    15 0x0f wrong_value  rel=[]               wr=[(0, 1084227584, 3735928559), (1, 1069547520, 3735928559), (2, 0, 3735928559), (3, 1056964608, 3735928559), (4, 1088421888, 3735928559), (5, 1091567616, 3735928559), (6, 1093664768, 3735928559), (7, 0, 3735928559), (8, 1048576000, 3735928559)] 
    16 0x10 wrong_value  rel=[]               wr=[(7, 0, 1095761920)]                     
    17 0x11 ok           rel=[]               wr=[]                                       
    18 0x12 ok           rel=[]               wr=[]                                       
    19 0x13 wrong_value  rel=[]               wr=[(0, 1084227584, 3735928559), (1, 1069547520, 3735928559), (2, 0, 3735928559), (3, 1056964608, 3735928559), (4, 1088421888, 3735928559), (5, 1091567616, 3735928559), (6, 1093664768, 3735928559), (7, 0, 3735928559), (8, 1048576000, 3735928559)] 
    20 0x14 wrong_value  rel=[]               wr=[(7, 0, 1095761920)]                     
    21 0x15 ok           rel=[]               wr=[]                                       
    22 0x16 ok           rel=[]               wr=[]                                       
    23 0x17 wrong_value  rel=[]               wr=[(0, 1084227584, 3735928559), (1, 1069547520, 3735928559), (2, 0, 3735928559), (3, 1056964608, 3735928559), (4, 1088421888, 3735928559), (5, 1091567616, 3735928559), (6, 1093664768, 3735928559), (7, 0, 3735928559), (8, 1048576000, 3735928559)] 
    24 0x18 wrong_value  rel=[]               wr=[(7, 0, 1095761920)]                     
    25 0x19 ok           rel=[]               wr=[]                                       
    26 0x1a ok           rel=[]               wr=[]                                       
    27 0x1b wrong_value  rel=[]               wr=[(0, 1084227584, 3735928559), (1, 1069547520, 3735928559), (2, 0, 3735928559), (3, 1056964608, 3735928559), (4, 1088421888, 3735928559), (5, 1091567616, 3735928559), (6, 1093664768, 3735928559), (7, 0, 3735928559), (8, 1048576000, 3735928559)] 
    28 0x1c wrong_value  rel=[]               wr=[(7, 0, 1095761920)]                     
    29 0x1d ok           rel=[]               wr=[]                                       
    30 0x1e ok           rel=[]               wr=[]                                       
    31 0x1f wrong_value  rel=[]               wr=[(0, 1084227584, 3735928559), (1, 1069547520, 3735928559), (2, 0, 3735928559), (3, 1056964608, 3735928559), (4, 1088421888, 3735928559), (5, 1091567616, 3735928559), (6, 1093664768, 3735928559), (7, 0, 3735928559), (8, 1048576000, 3735928559)] 
    32 0x20 wrong_value  rel=[]               wr=[(7, 0, 1095761920)]                     
    33 0x21 ok           rel=[]               wr=[]                                       
    34 0x22 ok           rel=[]               wr=[]                                       
    35 0x23 wrong_value  rel=[]               wr=[(0, 1084227584, 3735928559), (1, 1069547520, 3735928559), (2, 0, 3735928559), (3, 1056964608, 3735928559), (4, 1088421888, 3735928559), (5, 1091567616, 3735928559), (6, 1093664768, 3735928559), (7, 0, 3735928559), (8, 1048576000, 3735928559)] 
    36 0x24 wrong_value  rel=[]               wr=[(7, 0, 1095761920)]                     
    37 0x25 ok           rel=[]               wr=[]                                       
    38 0x26 ok           rel=[]               wr=[]                                       
    39 0x27 wrong_value  rel=[]               wr=[(0, 1084227584, 3735928559), (1, 1069547520, 3735928559), (2, 0, 3735928559), (3, 1056964608, 3735928559), (4, 1088421888, 3735928559), (5, 1091567616, 3735928559), (6, 1093664768, 3735928559), (7, 0, 3735928559), (8, 1048576000, 3735928559)] 
    40 0x28 wrong_value  rel=[]               wr=[(7, 0, 1095761920)]                     
    41 0x29 ok           rel=[]               wr=[]                                       
    42 0x2a ok           rel=[]               wr=[]                                       
    43 0x2b wrong_value  rel=[]               wr=[(0, 1084227584, 3735928559), (1, 1069547520, 3735928559), (2, 0, 3735928559), (3, 1056964608, 3735928559), (4, 1088421888, 3735928559), (5, 1091567616, 3735928559), (6, 1093664768, 3735928559), (7, 0, 3735928559), (8, 1048576000, 3735928559)] 
    44 0x2c wrong_value  rel=[]               wr=[(7, 0, 1095761920)]                     
    45 0x2d ok           rel=[]               wr=[]                                       
    46 0x2e ok           rel=[]               wr=[]                                       
    47 0x2f wrong_value  rel=[]               wr=[(0, 1084227584, 3735928559), (1, 1069547520, 3735928559), (2, 0, 3735928559), (3, 1056964608, 3735928559), (4, 1088421888, 3735928559), (5, 1091567616, 3735928559), (6, 1093664768, 3735928559), (7, 0, 3735928559), (8, 1048576000, 3735928559)] 
    48 0x30 wrong_value  rel=[]               wr=[(7, 0, 1095761920)]                     
    49 0x31 ok           rel=[]               wr=[]                                       
    50 0x32 ok           rel=[]               wr=[]                                       
    51 0x33 wrong_value  rel=[]               wr=[(0, 1084227584, 3735928559), (1, 1069547520, 3735928559), (2, 0, 3735928559), (3, 1056964608, 3735928559), (4, 1088421888, 3735928559), (5, 1091567616, 3735928559), (6, 1093664768, 3735928559), (7, 0, 3735928559), (8, 1048576000, 3735928559)] 
    52 0x34 wrong_value  rel=[]               wr=[(7, 0, 1095761920)]                     
    53 0x35 ok           rel=[]               wr=[]                                       
    54 0x36 ok           rel=[]               wr=[]                                       
    55 0x37 wrong_value  rel=[]               wr=[(0, 1084227584, 3735928559), (1, 1069547520, 3735928559), (2, 0, 3735928559), (3, 1056964608, 3735928559), (4, 1088421888, 3735928559), (5, 1091567616, 3735928559), (6, 1093664768, 3735928559), (7, 0, 3735928559), (8, 1048576000, 3735928559)] 
    56 0x38 wrong_value  rel=[]               wr=[(7, 0, 1095761920)]                     
    57 0x39 ok           rel=[]               wr=[]                                       
    58 0x3a ok           rel=[]               wr=[]                                       
    59 0x3b wrong_value  rel=[]               wr=[(0, 1084227584, 3735928559), (1, 1069547520, 3735928559), (2, 0, 3735928559), (3, 1056964608, 3735928559), (4, 1088421888, 3735928559), (5, 1091567616, 3735928559), (6, 1093664768, 3735928559), (7, 0, 3735928559), (8, 1048576000, 3735928559)] 
    60 0x3c wrong_value  rel=[]               wr=[(7, 0, 1095761920)]                     
    61 0x3d ok           rel=[]               wr=[]                                       
    62 0x3e ok           rel=[]               wr=[]                                       
    63 0x3f wrong_value  rel=[]               wr=[(0, 1084227584, 3735928559), (1, 1069547520, 3735928559), (2, 0, 3735928559), (3, 1056964608, 3735928559), (4, 1088421888, 3735928559), (5, 1091567616, 3735928559), (6, 1093664768, 3735928559), (7, 0, 3735928559), (8, 1048576000, 3735928559)] 
    64 0x40 wrong_value  rel=[]               wr=[(7, 0, 1095761920)]                     
    65 0x41 ok           rel=[]               wr=[]                                       
    66 0x42 ok           rel=[]               wr=[]                                       
    67 0x43 wrong_value  rel=[]               wr=[(0, 1084227584, 3735928559), (1, 1069547520, 3735928559), (2, 0, 3735928559), (3, 1056964608, 3735928559), (4, 1088421888, 3735928559), (5, 1091567616, 3735928559), (6, 1093664768, 3735928559), (7, 0, 3735928559), (8, 1048576000, 3735928559)] 
    68 0x44 wrong_value  rel=[]               wr=[(7, 0, 1095761920)]                     
    69 0x45 ok           rel=[]               wr=[]                                       
    70 0x46 ok           rel=[]               wr=[]                                       
    71 0x47 wrong_value  rel=[]               wr=[(0, 1084227584, 3735928559), (1, 1069547520, 3735928559), (2, 0, 3735928559), (3, 1056964608, 3735928559), (4, 1088421888, 3735928559), (5, 1091567616, 3735928559), (6, 1093664768, 3735928559), (7, 0, 3735928559), (8, 1048576000, 3735928559)] 
    72 0x48 wrong_value  rel=[]               wr=[(7, 0, 1095761920)]                     
    73 0x49 ok           rel=[]               wr=[]                                       
    74 0x4a ok           rel=[]               wr=[]                                       
    75 0x4b wrong_value  rel=[]               wr=[(0, 1084227584, 3735928559), (1, 1069547520, 3735928559), (2, 0, 3735928559), (3, 1056964608, 3735928559), (4, 1088421888, 3735928559), (5, 1091567616, 3735928559), (6, 1093664768, 3735928559), (7, 0, 3735928559), (8, 1048576000, 3735928559)] 
    76 0x4c wrong_value  rel=[]               wr=[(7, 0, 1095761920)]                     
    77 0x4d ok           rel=[]               wr=[]                                       
    78 0x4e ok           rel=[]               wr=[]                                       
    79 0x4f wrong_value  rel=[]               wr=[(0, 1084227584, 3735928559), (1, 1069547520, 3735928559), (2, 0, 3735928559), (3, 1056964608, 3735928559), (4, 1088421888, 3735928559), (5, 1091567616, 3735928559), (6, 1093664768, 3735928559), (7, 0, 3735928559), (8, 1048576000, 3735928559)] 
    80 0x50 wrong_value  rel=[]               wr=[(7, 0, 1095761920)]                     
    81 0x51 ok           rel=[]               wr=[]                                       
    82 0x52 ok           rel=[]               wr=[]                                       
    83 0x53 wrong_value  rel=[]               wr=[(0, 1084227584, 3735928559), (1, 1069547520, 3735928559), (2, 0, 3735928559), (3, 1056964608, 3735928559), (4, 1088421888, 3735928559), (5, 1091567616, 3735928559), (6, 1093664768, 3735928559), (7, 0, 3735928559), (8, 1048576000, 3735928559)] 
    84 0x54 wrong_value  rel=[]               wr=[(7, 0, 1095761920)]                     
    85 0x55 ok           rel=[]               wr=[]                                       
    86 0x56 ok           rel=[]               wr=[]                                       
    87 0x57 wrong_value  rel=[]               wr=[(0, 1084227584, 3735928559), (1, 1069547520, 3735928559), (2, 0, 3735928559), (3, 1056964608, 3735928559), (4, 1088421888, 3735928559), (5, 1091567616, 3735928559), (6, 1093664768, 3735928559), (7, 0, 3735928559), (8, 1048576000, 3735928559)] 
    88 0x58 wrong_value  rel=[]               wr=[(7, 0, 1095761920)]                     
    89 0x59 ok           rel=[]               wr=[]                                       
    90 0x5a ok           rel=[]               wr=[]                                       
    91 0x5b wrong_value  rel=[]               wr=[(0, 1084227584, 3735928559), (1, 1069547520, 3735928559), (2, 0, 3735928559), (3, 1056964608, 3735928559), (4, 1088421888, 3735928559), (5, 1091567616, 3735928559), (6, 1093664768, 3735928559), (7, 0, 3735928559), (8, 1048576000, 3735928559)] 
    92 0x5c wrong_value  rel=[]               wr=[(7, 0, 1095761920)]                     
    93 0x5d ok           rel=[]               wr=[]                                       
    94 0x5e ok           rel=[]               wr=[]                                       
    95 0x5f wrong_value  rel=[]               wr=[(0, 1084227584, 3735928559), (1, 1069547520, 3735928559), (2, 0, 3735928559), (3, 1056964608, 3735928559), (4, 1088421888, 3735928559), (5, 1091567616, 3735928559), (6, 1093664768, 3735928559), (7, 0, 3735928559), (8, 1048576000, 3735928559)] 
    96 0x60 wrong_value  rel=[]               wr=[(7, 0, 1095761920)]                     
    97 0x61 ok           rel=[]               wr=[]                                       
    98 0x62 ok           rel=[]               wr=[]                                       
    99 0x63 wrong_value  rel=[]               wr=[(0, 1084227584, 3735928559), (1, 1069547520, 3735928559), (2, 0, 3735928559), (3, 1056964608, 3735928559), (4, 1088421888, 3735928559), (5, 1091567616, 3735928559), (6, 1093664768, 3735928559), (7, 0, 3735928559), (8, 1048576000, 3735928559)] 
   100 0x64 wrong_value  rel=[]               wr=[(7, 0, 1095761920)]                     
   101 0x65 ok           rel=[]               wr=[]                                       
   102 0x66 ok           rel=[]               wr=[]                                       
   103 0x67 wrong_value  rel=[]               wr=[(0, 1084227584, 3735928559), (1, 1069547520, 3735928559), (2, 0, 3735928559), (3, 1056964608, 3735928559), (4, 1088421888, 3735928559), (5, 1091567616, 3735928559), (6, 1093664768, 3735928559), (7, 0, 3735928559), (8, 1048576000, 3735928559)] 
   104 0x68 wrong_value  rel=[]               wr=[(7, 0, 1095761920)]                     
   105 0x69 ok           rel=[]               wr=[]                                       
   106 0x6a ok           rel=[]               wr=[]                                       
   107 0x6b wrong_value  rel=[]               wr=[(0, 1084227584, 3735928559), (1, 1069547520, 3735928559), (2, 0, 3735928559), (3, 1056964608, 3735928559), (4, 1088421888, 3735928559), (5, 1091567616, 3735928559), (6, 1093664768, 3735928559), (7, 0, 3735928559), (8, 1048576000, 3735928559)] 
   108 0x6c wrong_value  rel=[]               wr=[(7, 0, 1095761920)]                     
   109 0x6d ok           rel=[]               wr=[]                                       
   110 0x6e ok           rel=[]               wr=[]                                       
   111 0x6f wrong_value  rel=[]               wr=[(0, 1084227584, 3735928559), (1, 1069547520, 3735928559), (2, 0, 3735928559), (3, 1056964608, 3735928559), (4, 1088421888, 3735928559), (5, 1091567616, 3735928559), (6, 1093664768, 3735928559), (7, 0, 3735928559), (8, 1048576000, 3735928559)] 
   112 0x70 wrong_value  rel=[]               wr=[(7, 0, 1095761920)]                     
   113 0x71 ok           rel=[]               wr=[]                                       
   114 0x72 ok           rel=[]               wr=[]                                       
   115 0x73 wrong_value  rel=[]               wr=[(0, 1084227584, 3735928559), (1, 1069547520, 3735928559), (2, 0, 3735928559), (3, 1056964608, 3735928559), (4, 1088421888, 3735928559), (5, 1091567616, 3735928559), (6, 1093664768, 3735928559), (7, 0, 3735928559), (8, 1048576000, 3735928559)] 
   116 0x74 wrong_value  rel=[]               wr=[(7, 0, 1095761920)]                     
   117 0x75 ok           rel=[]               wr=[]                                       
   118 0x76 ok           rel=[]               wr=[]                                       
   119 0x77 wrong_value  rel=[]               wr=[(0, 1084227584, 3735928559), (1, 1069547520, 3735928559), (2, 0, 3735928559), (3, 1056964608, 3735928559), (4, 1088421888, 3735928559), (5, 1091567616, 3735928559), (6, 1093664768, 3735928559), (7, 0, 3735928559), (8, 1048576000, 3735928559)] 
   120 0x78 wrong_value  rel=[]               wr=[(7, 0, 1095761920)]                     
   121 0x79 ok           rel=[]               wr=[]                                       
   122 0x7a ok           rel=[]               wr=[]                                       
   123 0x7b wrong_value  rel=[]               wr=[(0, 1084227584, 3735928559), (1, 1069547520, 3735928559), (2, 0, 3735928559), (3, 1056964608, 3735928559), (4, 1088421888, 3735928559), (5, 1091567616, 3735928559), (6, 1093664768, 3735928559), (7, 0, 3735928559), (8, 1048576000, 3735928559)] 
   124 0x7c wrong_value  rel=[]               wr=[(7, 0, 1095761920)]                     
   125 0x7d ok           rel=[]               wr=[]                                       
   126 0x7e ok           rel=[]               wr=[]                                       
   127 0x7f wrong_value  rel=[]               wr=[(0, 1084227584, 3735928559), (1, 1069547520, 3735928559), (2, 0, 3735928559), (3, 1056964608, 3735928559), (4, 1088421888, 3735928559), (5, 1091567616, 3735928559), (6, 1093664768, 3735928559), (7, 0, 3735928559), (8, 1048576000, 3735928559)] 
   128 0x80 wrong_value  rel=[]               wr=[(7, 0, 1095761920)]                     
   129 0x81 ok           rel=[]               wr=[]                                       
   130 0x82 ok           rel=[]               wr=[]                                       
   131 0x83 wrong_value  rel=[]               wr=[(0, 1084227584, 3735928559), (1, 1069547520, 3735928559), (2, 0, 3735928559), (3, 1056964608, 3735928559), (4, 1088421888, 3735928559), (5, 1091567616, 3735928559), (6, 1093664768, 3735928559), (7, 0, 3735928559), (8, 1048576000, 3735928559)] 
   132 0x84 wrong_value  rel=[]               wr=[(7, 0, 1095761920)]                     
   133 0x85 ok           rel=[]               wr=[]                                       
   134 0x86 ok           rel=[]               wr=[]                                       
   135 0x87 wrong_value  rel=[]               wr=[(0, 1084227584, 3735928559), (1, 1069547520, 3735928559), (2, 0, 3735928559), (3, 1056964608, 3735928559), (4, 1088421888, 3735928559), (5, 1091567616, 3735928559), (6, 1093664768, 3735928559), (7, 0, 3735928559), (8, 1048576000, 3735928559)] 
   136 0x88 wrong_value  rel=[]               wr=[(7, 0, 1095761920)]                     
   137 0x89 ok           rel=[]               wr=[]                                       
   138 0x8a ok           rel=[]               wr=[]                                       
   139 0x8b wrong_value  rel=[]               wr=[(0, 1084227584, 3735928559), (1, 1069547520, 3735928559), (2, 0, 3735928559), (3, 1056964608, 3735928559), (4, 1088421888, 3735928559), (5, 1091567616, 3735928559), (6, 1093664768, 3735928559), (7, 0, 3735928559), (8, 1048576000, 3735928559)] 
   140 0x8c wrong_value  rel=[]               wr=[(7, 0, 1095761920)]                     
   141 0x8d ok           rel=[]               wr=[]                                       
   142 0x8e ok           rel=[]               wr=[]                                       
   143 0x8f wrong_value  rel=[]               wr=[(0, 1084227584, 3735928559), (1, 1069547520, 3735928559), (2, 0, 3735928559), (3, 1056964608, 3735928559), (4, 1088421888, 3735928559), (5, 1091567616, 3735928559), (6, 1093664768, 3735928559), (7, 0, 3735928559), (8, 1048576000, 3735928559)] 
   144 0x90 wrong_value  rel=[]               wr=[(7, 0, 1095761920)]                     
   145 0x91 ok           rel=[]               wr=[]                                       
   146 0x92 ok           rel=[]               wr=[]                                       
   147 0x93 wrong_value  rel=[]               wr=[(0, 1084227584, 3735928559), (1, 1069547520, 3735928559), (2, 0, 3735928559), (3, 1056964608, 3735928559), (4, 1088421888, 3735928559), (5, 1091567616, 3735928559), (6, 1093664768, 3735928559), (7, 0, 3735928559), (8, 1048576000, 3735928559)] 
   148 0x94 wrong_value  rel=[]               wr=[(7, 0, 1095761920)]                     
   149 0x95 ok           rel=[]               wr=[]                                       
   150 0x96 ok           rel=[]               wr=[]                                       
   151 0x97 wrong_value  rel=[]               wr=[(0, 1084227584, 3735928559), (1, 1069547520, 3735928559), (2, 0, 3735928559), (3, 1056964608, 3735928559), (4, 1088421888, 3735928559), (5, 1091567616, 3735928559), (6, 1093664768, 3735928559), (7, 0, 3735928559), (8, 1048576000, 3735928559)] 
   152 0x98 wrong_value  rel=[]               wr=[(7, 0, 1095761920)]                     
   153 0x99 ok           rel=[]               wr=[]                                       
   154 0x9a ok           rel=[]               wr=[]                                       
   155 0x9b wrong_value  rel=[]               wr=[(0, 1084227584, 3735928559), (1, 1069547520, 3735928559), (2, 0, 3735928559), (3, 1056964608, 3735928559), (4, 1088421888, 3735928559), (5, 1091567616, 3735928559), (6, 1093664768, 3735928559), (7, 0, 3735928559), (8, 1048576000, 3735928559)] 
   156 0x9c wrong_value  rel=[]               wr=[(7, 0, 1095761920)]                     
   157 0x9d ok           rel=[]               wr=[]                                       
   158 0x9e ok           rel=[]               wr=[]                                       
   159 0x9f wrong_value  rel=[]               wr=[(0, 1084227584, 3735928559), (1, 1069547520, 3735928559), (2, 0, 3735928559), (3, 1056964608, 3735928559), (4, 1088421888, 3735928559), (5, 1091567616, 3735928559), (6, 1093664768, 3735928559), (7, 0, 3735928559), (8, 1048576000, 3735928559)] 
   160 0xa0 wrong_value  rel=[]               wr=[(7, 0, 1095761920)]                     
   161 0xa1 ok           rel=[]               wr=[]                                       
   162 0xa2 ok           rel=[]               wr=[]                                       
   163 0xa3 wrong_value  rel=[]               wr=[(0, 1084227584, 3735928559), (1, 1069547520, 3735928559), (2, 0, 3735928559), (3, 1056964608, 3735928559), (4, 1088421888, 3735928559), (5, 1091567616, 3735928559), (6, 1093664768, 3735928559), (7, 0, 3735928559), (8, 1048576000, 3735928559)] 
   164 0xa4 wrong_value  rel=[]               wr=[(7, 0, 1095761920)]                     
   165 0xa5 ok           rel=[]               wr=[]                                       
   166 0xa6 ok           rel=[]               wr=[]                                       
   167 0xa7 wrong_value  rel=[]               wr=[(0, 1084227584, 3735928559), (1, 1069547520, 3735928559), (2, 0, 3735928559), (3, 1056964608, 3735928559), (4, 1088421888, 3735928559), (5, 1091567616, 3735928559), (6, 1093664768, 3735928559), (7, 0, 3735928559), (8, 1048576000, 3735928559)] 
   168 0xa8 wrong_value  rel=[]               wr=[(7, 0, 1095761920)]                     
   169 0xa9 ok           rel=[]               wr=[]                                       
   170 0xaa ok           rel=[]               wr=[]                                       
   171 0xab wrong_value  rel=[]               wr=[(0, 1084227584, 3735928559), (1, 1069547520, 3735928559), (2, 0, 3735928559), (3, 1056964608, 3735928559), (4, 1088421888, 3735928559), (5, 1091567616, 3735928559), (6, 1093664768, 3735928559), (7, 0, 3735928559), (8, 1048576000, 3735928559)] 
   172 0xac wrong_value  rel=[]               wr=[(7, 0, 1095761920)]                     
   173 0xad ok           rel=[]               wr=[]                                       
   174 0xae ok           rel=[]               wr=[]                                       
   175 0xaf wrong_value  rel=[]               wr=[(0, 1084227584, 3735928559), (1, 1069547520, 3735928559), (2, 0, 3735928559), (3, 1056964608, 3735928559), (4, 1088421888, 3735928559), (5, 1091567616, 3735928559), (6, 1093664768, 3735928559), (7, 0, 3735928559), (8, 1048576000, 3735928559)] 
   176 0xb0 wrong_value  rel=[]               wr=[(7, 0, 1095761920)]                     
   177 0xb1 ok           rel=[]               wr=[]                                       
   178 0xb2 ok           rel=[]               wr=[]                                       
   179 0xb3 wrong_value  rel=[]               wr=[(0, 1084227584, 3735928559), (1, 1069547520, 3735928559), (2, 0, 3735928559), (3, 1056964608, 3735928559), (4, 1088421888, 3735928559), (5, 1091567616, 3735928559), (6, 1093664768, 3735928559), (7, 0, 3735928559), (8, 1048576000, 3735928559)] 
   180 0xb4 wrong_value  rel=[]               wr=[(7, 0, 1095761920)]                     
   181 0xb5 ok           rel=[]               wr=[]                                       
   182 0xb6 ok           rel=[]               wr=[]                                       
   183 0xb7 wrong_value  rel=[]               wr=[(0, 1084227584, 3735928559), (1, 1069547520, 3735928559), (2, 0, 3735928559), (3, 1056964608, 3735928559), (4, 1088421888, 3735928559), (5, 1091567616, 3735928559), (6, 1093664768, 3735928559), (7, 0, 3735928559), (8, 1048576000, 3735928559)] 
   184 0xb8 wrong_value  rel=[]               wr=[(7, 0, 1095761920)]                     
   185 0xb9 ok           rel=[]               wr=[]                                       
   186 0xba ok           rel=[]               wr=[]                                       
   187 0xbb wrong_value  rel=[]               wr=[(0, 1084227584, 3735928559), (1, 1069547520, 3735928559), (2, 0, 3735928559), (3, 1056964608, 3735928559), (4, 1088421888, 3735928559), (5, 1091567616, 3735928559), (6, 1093664768, 3735928559), (7, 0, 3735928559), (8, 1048576000, 3735928559)] 
   188 0xbc wrong_value  rel=[]               wr=[(7, 0, 1095761920)]                     
   189 0xbd ok           rel=[]               wr=[]                                       
   190 0xbe ok           rel=[]               wr=[]                                       
   191 0xbf wrong_value  rel=[]               wr=[(0, 1084227584, 3735928559), (1, 1069547520, 3735928559), (2, 0, 3735928559), (3, 1056964608, 3735928559), (4, 1088421888, 3735928559), (5, 1091567616, 3735928559), (6, 1093664768, 3735928559), (7, 0, 3735928559), (8, 1048576000, 3735928559)] 
   192 0xc0 wrong_value  rel=[]               wr=[(7, 0, 1095761920)]                     
   193 0xc1 ok           rel=[]               wr=[]                                       
   194 0xc2 ok           rel=[]               wr=[]                                       
   195 0xc3 wrong_value  rel=[]               wr=[(0, 1084227584, 3735928559), (1, 1069547520, 3735928559), (2, 0, 3735928559), (3, 1056964608, 3735928559), (4, 1088421888, 3735928559), (5, 1091567616, 3735928559), (6, 1093664768, 3735928559), (7, 0, 3735928559), (8, 1048576000, 3735928559)] 
   196 0xc4 wrong_value  rel=[]               wr=[(7, 0, 1095761920)]                     
   197 0xc5 ok           rel=[]               wr=[]                                       
   198 0xc6 ok           rel=[]               wr=[]                                       
   199 0xc7 wrong_value  rel=[]               wr=[(0, 1084227584, 3735928559), (1, 1069547520, 3735928559), (2, 0, 3735928559), (3, 1056964608, 3735928559), (4, 1088421888, 3735928559), (5, 1091567616, 3735928559), (6, 1093664768, 3735928559), (7, 0, 3735928559), (8, 1048576000, 3735928559)] 
   200 0xc8 wrong_value  rel=[]               wr=[(7, 0, 1095761920)]                     
   201 0xc9 ok           rel=[]               wr=[]                                       
   202 0xca ok           rel=[]               wr=[]                                       
   203 0xcb wrong_value  rel=[]               wr=[(0, 1084227584, 3735928559), (1, 1069547520, 3735928559), (2, 0, 3735928559), (3, 1056964608, 3735928559), (4, 1088421888, 3735928559), (5, 1091567616, 3735928559), (6, 1093664768, 3735928559), (7, 0, 3735928559), (8, 1048576000, 3735928559)] 
   204 0xcc wrong_value  rel=[]               wr=[(7, 0, 1095761920)]                     
   205 0xcd ok           rel=[]               wr=[]                                       
   206 0xce ok           rel=[]               wr=[]                                       
   207 0xcf wrong_value  rel=[]               wr=[(0, 1084227584, 3735928559), (1, 1069547520, 3735928559), (2, 0, 3735928559), (3, 1056964608, 3735928559), (4, 1088421888, 3735928559), (5, 1091567616, 3735928559), (6, 1093664768, 3735928559), (7, 0, 3735928559), (8, 1048576000, 3735928559)] 
   208 0xd0 wrong_value  rel=[]               wr=[(7, 0, 1095761920)]                     
   209 0xd1 ok           rel=[]               wr=[]                                       
   210 0xd2 ok           rel=[]               wr=[]                                       
   211 0xd3 wrong_value  rel=[]               wr=[(0, 1084227584, 3735928559), (1, 1069547520, 3735928559), (2, 0, 3735928559), (3, 1056964608, 3735928559), (4, 1088421888, 3735928559), (5, 1091567616, 3735928559), (6, 1093664768, 3735928559), (7, 0, 3735928559), (8, 1048576000, 3735928559)] 
   212 0xd4 wrong_value  rel=[]               wr=[(7, 0, 1095761920)]                     
   213 0xd5 ok           rel=[]               wr=[]                                       
   214 0xd6 ok           rel=[]               wr=[]                                       
   215 0xd7 wrong_value  rel=[]               wr=[(0, 1084227584, 3735928559), (1, 1069547520, 3735928559), (2, 0, 3735928559), (3, 1056964608, 3735928559), (4, 1088421888, 3735928559), (5, 1091567616, 3735928559), (6, 1093664768, 3735928559), (7, 0, 3735928559), (8, 1048576000, 3735928559)] 
   216 0xd8 wrong_value  rel=[]               wr=[(7, 0, 1095761920)]                     
   217 0xd9 ok           rel=[]               wr=[]                                       
   218 0xda ok           rel=[]               wr=[]                                       
   219 0xdb wrong_value  rel=[]               wr=[(0, 1084227584, 3735928559), (1, 1069547520, 3735928559), (2, 0, 3735928559), (3, 1056964608, 3735928559), (4, 1088421888, 3735928559), (5, 1091567616, 3735928559), (6, 1093664768, 3735928559), (7, 0, 3735928559), (8, 1048576000, 3735928559)] 
   220 0xdc wrong_value  rel=[]               wr=[(7, 0, 1095761920)]                     
   221 0xdd ok           rel=[]               wr=[]                                       
   222 0xde ok           rel=[]               wr=[]                                       
   223 0xdf wrong_value  rel=[]               wr=[(0, 1084227584, 3735928559), (1, 1069547520, 3735928559), (2, 0, 3735928559), (3, 1056964608, 3735928559), (4, 1088421888, 3735928559), (5, 1091567616, 3735928559), (6, 1093664768, 3735928559), (7, 0, 3735928559), (8, 1048576000, 3735928559)] 
   224 0xe0 wrong_value  rel=[]               wr=[(7, 0, 1095761920)]                     
   225 0xe1 ok           rel=[]               wr=[]                                       
   226 0xe2 ok           rel=[]               wr=[]                                       
   227 0xe3 wrong_value  rel=[]               wr=[(0, 1084227584, 3735928559), (1, 1069547520, 3735928559), (2, 0, 3735928559), (3, 1056964608, 3735928559), (4, 1088421888, 3735928559), (5, 1091567616, 3735928559), (6, 1093664768, 3735928559), (7, 0, 3735928559), (8, 1048576000, 3735928559)] 
   228 0xe4 wrong_value  rel=[]               wr=[(7, 0, 1095761920)]                     
   229 0xe5 ok           rel=[]               wr=[]                                       
   230 0xe6 ok           rel=[]               wr=[]                                       
   231 0xe7 wrong_value  rel=[]               wr=[(0, 1084227584, 3735928559), (1, 1069547520, 3735928559), (2, 0, 3735928559), (3, 1056964608, 3735928559), (4, 1088421888, 3735928559), (5, 1091567616, 3735928559), (6, 1093664768, 3735928559), (7, 0, 3735928559), (8, 1048576000, 3735928559)] 
   232 0xe8 wrong_value  rel=[]               wr=[(7, 0, 1095761920)]                     
   233 0xe9 ok           rel=[]               wr=[]                                       
   234 0xea ok           rel=[]               wr=[]                                       
   235 0xeb wrong_value  rel=[]               wr=[(0, 1084227584, 3735928559), (1, 1069547520, 3735928559), (2, 0, 3735928559), (3, 1056964608, 3735928559), (4, 1088421888, 3735928559), (5, 1091567616, 3735928559), (6, 1093664768, 3735928559), (7, 0, 3735928559), (8, 1048576000, 3735928559)] 
   236 0xec wrong_value  rel=[]               wr=[(7, 0, 1095761920)]                     
   237 0xed ok           rel=[]               wr=[]                                       
   238 0xee ok           rel=[]               wr=[]                                       
   239 0xef wrong_value  rel=[]               wr=[(0, 1084227584, 3735928559), (1, 1069547520, 3735928559), (2, 0, 3735928559), (3, 1056964608, 3735928559), (4, 1088421888, 3735928559), (5, 1091567616, 3735928559), (6, 1093664768, 3735928559), (7, 0, 3735928559), (8, 1048576000, 3735928559)] 
   240 0xf0 wrong_value  rel=[]               wr=[(7, 0, 1095761920)]                     
   241 0xf1 ok           rel=[]               wr=[]                                       
   242 0xf2 ok           rel=[]               wr=[]                                       
   243 0xf3 wrong_value  rel=[]               wr=[(0, 1084227584, 3735928559), (1, 1069547520, 3735928559), (2, 0, 3735928559), (3, 1056964608, 3735928559), (4, 1088421888, 3735928559), (5, 1091567616, 3735928559), (6, 1093664768, 3735928559), (7, 0, 3735928559), (8, 1048576000, 3735928559)] 
   244 0xf4 wrong_value  rel=[]               wr=[(7, 0, 1095761920)]                     
   245 0xf5 ok           rel=[]               wr=[]                                       
   246 0xf6 ok           rel=[]               wr=[]                                       
   247 0xf7 wrong_value  rel=[]               wr=[(0, 1084227584, 3735928559), (1, 1069547520, 3735928559), (2, 0, 3735928559), (3, 1056964608, 3735928559), (4, 1088421888, 3735928559), (5, 1091567616, 3735928559), (6, 1093664768, 3735928559), (7, 0, 3735928559), (8, 1048576000, 3735928559)] 
   248 0xf8 wrong_value  rel=[]               wr=[(7, 0, 1095761920)]                     
   249 0xf9 ok           rel=[]               wr=[]                                       
   250 0xfa ok           rel=[]               wr=[]                                       
   251 0xfb wrong_value  rel=[]               wr=[(0, 1084227584, 3735928559), (1, 1069547520, 3735928559), (2, 0, 3735928559), (3, 1056964608, 3735928559), (4, 1088421888, 3735928559), (5, 1091567616, 3735928559), (6, 1093664768, 3735928559), (7, 0, 3735928559), (8, 1048576000, 3735928559)] 
   252 0xfc wrong_value  rel=[]               wr=[(7, 0, 1095761920)]                     
   253 0xfd ok           rel=[]               wr=[]                                       
   254 0xfe ok           rel=[]               wr=[]                                       
   255 0xff wrong_value  rel=[]               wr=[(0, 1084227584, 3735928559), (1, 1069547520, 3735928559), (2, 0, 3735928559), (3, 1056964608, 3735928559), (4, 1088421888, 3735928559), (5, 1091567616, 3735928559), (6, 1093664768, 3735928559), (7, 0, 3735928559), (8, 1048576000, 3735928559)] 
