atomic_mem	addr_desc_hi	hardware-run	G17P	EXP-0168	100.000% agreement over 36 shared values, 15 moved vs 0 disagreements (infx), ladder and falsifier passed in every run
atomic_mem	amode	untested	M4	EXP-0141	db.json documents 0x11 vs 0x01 at byte+1 as the form selector and byte+2 as `amode`; byte+2 has no observable role here. | WITHHELD 2026-08-30 on DEF-0190-1, the TENTH cannot-fail check found in this corpus. `audit.py`'s INERT buckets have **no detection-power conjunct**: `moved` is derived from the hash of `observed`, so an arm whose observable NEVER VARIES returns `moved = 0` BY CONSTRUCTION, and `classify()` reads that as 'the field is inert'. `INERT-MULTI` is not withheld, so such a field keeps emitter-grade status. Measured across the corpus: **8 arms record no observation at all, and 128 arms (80,138 field records) record exactly ONE distinct `observed` payload across every case.** 21 INERT-* fields rest entirely on such arms; this is one of the 5 that were emitter-grade. It is the eighth finding inverted -- there, a promotion gate could not fail; here, an INERTNESS gate cannot fail. The measurement is not refuted: the field may well be inert. But an arm that cannot vary its observable cannot establish inertness either, and that is the same error this corpus has now made ten different ways. REMEDY, needing no hardware and already IN the corpus: the `_detect`, `__ladder_L_*` and `_live_control` records -- discarded by the same underscore filter -- consumed as a GATE on INERT verdicts rather than as measurements.
atomic_mem	amode_hi	hardware-run	M4	EXP-0141	Was `tokenization-only`. The two carriers accept DIFFERENT value sets, so the byte's meaning is form-dependent; not root-caused.
atomic_mem	base_slot	untested	M4	EXP-0141	db.json calls it 'a base-register-table slot, NOT the Metal buffer index'; with one bound target the slot is unobservable. Tested with ONE atomic target buffer only. | WITHHELD 2026-08-30 on DEF-0190-1, the TENTH cannot-fail check found in this corpus. `audit.py`'s INERT buckets have **no detection-power conjunct**: `moved` is derived from the hash of `observed`, so an arm whose observable NEVER VARIES returns `moved = 0` BY CONSTRUCTION, and `classify()` reads that as 'the field is inert'. `INERT-MULTI` is not withheld, so such a field keeps emitter-grade status. Measured across the corpus: **8 arms record no observation at all, and 128 arms (80,138 field records) record exactly ONE distinct `observed` payload across every case.** 21 INERT-* fields rest entirely on such arms; this is one of the 5 that were emitter-grade. It is the eighth finding inverted -- there, a promotion gate could not fail; here, an INERTNESS gate cannot fail. The measurement is not refuted: the field may well be inert. But an arm that cannot vary its observable cannot establish inertness either, and that is the same error this corpus has now made ten different ways. REMEDY, needing no hardware and already IN the corpus: the `_detect`, `__ladder_L_*` and `_live_control` records -- discarded by the same underscore filter -- consumed as a GATE on INERT verdicts rather than as measurements.
atomic_mem	idx_off	hardware-run	M4	EXP-0141	Was `tokenization-only`.
atomic_mem	index_reg	hardware-run	M4	EXP-0141	FIRST-ORDER db_defects RESULT: db.json says 'the actual RMW operand register is implicit (supplied by the preceding op / amode)' and DOC-02 ranks it a MISSING field. It is not implicit; see db_defects.atomic_operand_register. OPERAND-REGISTER SPLIT (EXP-0141, HW): the RMW operand register IS encoded in the instruction. operand_register_index = (byte+5 >> 7) | ((byte+6 & 0x3F) << 1), relative to the register the compiler's own encoding selects.
atomic_mem	oper_reg_hi	hardware-run	M4	EXP-0141	Same db_defect: modelled `tokenization-only`, 'framing only, no value semantics'. OPERAND-REGISTER SPLIT (EXP-0141, HW): proven at all four constructible indices -- 0 -> a[0]=7, 1 -> a[1]=1007, 2 -> a[2]=2007, 3 -> a[3]=3007 -- each with the redirected register's later reader zeroed (the same register-release contract EXP-0086/0089/0099 document for the ALU families). RESIDUAL UNKNOWN: with byte+5 = 0x80, byte+6 values 0x30 and 0x31 restore the BASELINE operand instead of selecting index 97/99, and they are the only two addendum cases whose acceptance disagreed between run21 and run22.
atomic_mem	oper_reg_lo	hardware-run	M4	EXP-0141	FIRST-ORDER db_defects RESULT: db.json says 'the actual RMW operand register is implicit (supplied by the preceding op / amode)' and DOC-02 ranks it a MISSING field. It is not implicit; see db_defects.atomic_operand_register. OPERAND-REGISTER SPLIT (EXP-0141, HW): the RMW operand register IS encoded in the instruction. operand_register_index = (byte+5 >> 7) | ((byte+6 & 0x3F) << 1), relative to the register the compiler's own encoding selects.
atomic_mem	ret_desc	hardware-run	M4	EXP-0141	Was `corpus-correlation`.
atomic_mem	ret_flag	hardware-run	M4	EXP-0141	Was `corpus-correlation` (byte+7 bit0 = discard/no-writeback).
atomic_mem	rsv10	hardware-run	M4	EXP-0141	Was `tokenization-only`; the name is wrong.
atomic_mem	rsv11	hardware-run	M4	EXP-0141	Was `tokenization-only`; the name is wrong.
atomic_mem	rsv3	untested	M4	EXP-0141	Was `tokenization-only`. | WITHHELD 2026-08-30 on DEF-0190-1, the TENTH cannot-fail check found in this corpus. `audit.py`'s INERT buckets have **no detection-power conjunct**: `moved` is derived from the hash of `observed`, so an arm whose observable NEVER VARIES returns `moved = 0` BY CONSTRUCTION, and `classify()` reads that as 'the field is inert'. `INERT-MULTI` is not withheld, so such a field keeps emitter-grade status. Measured across the corpus: **8 arms record no observation at all, and 128 arms (80,138 field records) record exactly ONE distinct `observed` payload across every case.** 21 INERT-* fields rest entirely on such arms; this is one of the 5 that were emitter-grade. It is the eighth finding inverted -- there, a promotion gate could not fail; here, an INERTNESS gate cannot fail. The measurement is not refuted: the field may well be inert. But an arm that cannot vary its observable cannot establish inertness either, and that is the same error this corpus has now made ten different ways. REMEDY, needing no hardware and already IN the corpus: the `_detect`, `__ladder_L_*` and `_live_control` records -- discarded by the same underscore filter -- consumed as a GATE on INERT verdicts rather than as measurements.
atomic_rmw	addr_desc_hi	untested	M4	EXP-0141	EXP-0164 withheld: 4 values dispatched, 1 carrier(s) tested, 0 observations moved. Never moved anything on the ONE carrier tried, so the probe could not have shown liveness either way (the EXP-0155 samp_extra failure mode). Needs a second, structurally different carrier.
atomic_rmw	amode	untested	M4	EXP-0141	EXP-0164 withheld: 256 values dispatched, 1 carrier(s) tested, 0 observations moved. Never moved anything on the ONE carrier tried, so the probe could not have shown liveness either way (the EXP-0155 samp_extra failure mode). Needs a second, structurally different carrier.
atomic_rmw	amode_hi	hardware-run	M4	EXP-0141	Was `tokenization-only`. The two carriers accept DIFFERENT value sets, so the byte's meaning is form-dependent; not root-caused. Swept in the atomic_rmw (byte+1 == 0x11) form itself, addendum runs 21/22.
atomic_rmw	base_slot	untested	M4	EXP-0141	EXP-0164 withheld: 256 values dispatched, 1 carrier(s) tested, 0 observations moved. Never moved anything on the ONE carrier tried, so the probe could not have shown liveness either way (the EXP-0155 samp_extra failure mode). Needs a second, structurally different carrier.
atomic_rmw	idx_off	hardware-run	M4	EXP-0141	Was `tokenization-only`. Swept in the atomic_rmw (byte+1 == 0x11) form itself, addendum runs 21/22.
atomic_rmw	index_reg	hardware-run	M4	EXP-0141	FIRST-ORDER db_defects RESULT: db.json says 'the actual RMW operand register is implicit (supplied by the preceding op / amode)' and DOC-02 ranks it a MISSING field. It is not implicit; see db_defects.atomic_operand_register. Swept in the atomic_rmw (byte+1 == 0x11) form itself, addendum runs 21/22. OPERAND-REGISTER SPLIT (EXP-0141, HW): the RMW operand register IS encoded in the instruction. operand_register_index = (byte+5 >> 7) | ((byte+6 & 0x3F) << 1), relative to the register the compiler's own encoding selects.
atomic_rmw	op_msb	untested	G17P	EXP-0156	EXP-0164 withheld: 2 values dispatched, 1 carrier(s) tested, 0 observations moved. Never moved anything on the ONE carrier tried, so the probe could not have shown liveness either way (the EXP-0155 samp_extra failure mode). Needs a second, structurally different carrier.
atomic_rmw	oper_reg_hi	hardware-run	M4	EXP-0141	Same db_defect: modelled `tokenization-only`, 'framing only, no value semantics'. Swept in the atomic_rmw (byte+1 == 0x11) form itself, addendum runs 21/22. OPERAND-REGISTER SPLIT (EXP-0141, HW): proven at all four constructible indices -- 0 -> a[0]=7, 1 -> a[1]=1007, 2 -> a[2]=2007, 3 -> a[3]=3007 -- each with the redirected register's later reader zeroed (the same register-release contract EXP-0086/0089/0099 document for the ALU families). RESIDUAL UNKNOWN: with byte+5 = 0x80, byte+6 values 0x30 and 0x31 restore the BASELINE operand instead of selecting index 97/99, and they are the only two addendum cases whose acceptance disagreed between run21 and run22.
atomic_rmw	oper_reg_lo	hardware-run	M4	EXP-0141	FIRST-ORDER db_defects RESULT: db.json says 'the actual RMW operand register is implicit (supplied by the preceding op / amode)' and DOC-02 ranks it a MISSING field. It is not implicit; see db_defects.atomic_operand_register. Swept in the atomic_rmw (byte+1 == 0x11) form itself, addendum runs 21/22. OPERAND-REGISTER SPLIT (EXP-0141, HW): the RMW operand register IS encoded in the instruction. operand_register_index = (byte+5 >> 7) | ((byte+6 & 0x3F) << 1), relative to the register the compiler's own encoding selects.
atomic_rmw	per_lane	untested	G17P	EXP-0156	EXP-0164 withheld: 2 values dispatched, 1 carrier(s) tested, 0 observations moved. Never moved anything on the ONE carrier tried, so the probe could not have shown liveness either way (the EXP-0155 samp_extra failure mode). Needs a second, structurally different carrier.
atomic_rmw	ret_desc	hardware-run	M4	EXP-0141	Was `corpus-correlation`. Swept in the atomic_rmw (byte+1 == 0x11) form itself, addendum runs 21/22.
atomic_rmw	ret_flag	hardware-run	M4	EXP-0141	Was `corpus-correlation` (byte+7 bit0 = discard/no-writeback). Swept in the atomic_rmw (byte+1 == 0x11) form itself, addendum runs 21/22.
atomic_rmw	rsv10	hardware-run	M4	EXP-0141	Was `tokenization-only`; the name is wrong. Swept in the atomic_rmw (byte+1 == 0x11) form itself, addendum runs 21/22.
atomic_rmw	rsv11	hardware-run	M4	EXP-0141	Was `tokenization-only`; the name is wrong. Swept in the atomic_rmw (byte+1 == 0x11) form itself, addendum runs 21/22.
atomic_rmw	rsv3	untested	M4	EXP-0141	EXP-0164 withheld: 256 values dispatched, 1 carrier(s) tested, 0 observations moved. Never moved anything on the ONE carrier tried, so the probe could not have shown liveness either way (the EXP-0155 samp_extra failure mode). Needs a second, structurally different carrier.
atomic_tg	amode	untested	M4	EXP-0141	EXP-0164 withheld: 256 values dispatched, 1 carrier(s) tested, 0 observations moved. Never moved anything on the ONE carrier tried, so the probe could not have shown liveness either way (the EXP-0155 samp_extra failure mode). Needs a second, structurally different carrier.
atomic_tg	data_desc	hardware-run	M4	EXP-0141	Was `corpus-correlation`.
atomic_tg	op_desc	untested	G17P	EXP-0156	EXP-0164 withheld: 254 values dispatched, 1 carrier(s) tested, 16 observations moved, but the movement does not reproduce across the two gated runs at >=99% per-value agreement with movement >= 2x the disagreement count. Needs a third gated run.
atomic_tg	ret_desc	untested	M4	EXP-0141	EXP-0164 withheld: 256 values dispatched, 1 carrier(s) tested, 0 observations moved. Never moved anything on the ONE carrier tried, so the probe could not have shown liveness either way (the EXP-0155 samp_extra failure mode). Needs a second, structurally different carrier.
atomic_tg	rsv10lo	untested	G17P	EXP-0156	EXP-0164 withheld: 64 values dispatched, 1 carrier(s) tested, 7 observations moved, but the movement does not reproduce across the two gated runs at >=99% per-value agreement with movement >= 2x the disagreement count. Needs a third gated run.
atomic_tg	rsv4	hardware-run	M4	EXP-0141	Was `tokenization-only`; the name is wrong.
atomic_tg	rsv6	hardware-run	M4	EXP-0141	Was `tokenization-only`.
atomic_tg	rsv9	hardware-run	M4	EXP-0141	Was `tokenization-only`; the name is wrong.
atomic_tg	xop_desc	hardware-run	M4	EXP-0141	Was `tokenization-only`.
b_alu10_lo6	_instruction	corpus-correlation	M4	EXP-0148	Descriptor ADDED by EXP-0148 from corpus A/B evidence (STRUCTURAL). No hardware sweep was run for this instruction -- EXP-0148 was a modelling dispatch and says so explicitly. Every field here is corpus-derived and must be swept before anything is emitted. the 0x?b 10-byte class; closes length_rule_gaps.b_alu10
b_alu10_lo6	dst	corpus-correlation	M4	EXP-0148	Not swept. Do not emit.
b_alu10_lo6	ext8	corpus-correlation	M4	EXP-0148	Not swept. Do not emit.
b_alu10_lo6	ext9	corpus-correlation	M4	EXP-0148	Not swept. Do not emit.
b_alu10_lo6	modA	corpus-correlation	M4	EXP-0148	Not swept. Do not emit.
b_alu10_lo6	modB	corpus-correlation	M4	EXP-0148	Not swept. Do not emit.
b_alu10_lo6	opsel_hi	corpus-correlation	M4	EXP-0148	Not swept. Do not emit.
b_alu10_lo6	outmod	corpus-correlation	M4	EXP-0148	Not swept. Do not emit.
b_alu10_lo6	srcA	corpus-correlation	M4	EXP-0148	Not swept. Do not emit.
b_alu10_lo6	src_flag	corpus-correlation	M4	EXP-0148	Not swept. Do not emit.
b_alu10_lo6	src_reg	corpus-correlation	M4	EXP-0148	Not swept. Do not emit.
b_alu10_lo6	z6	corpus-correlation	M4	EXP-0148	Not swept. Do not emit.
b_alu10_loe	ext8	single-template-inference	G17P	EXP-0171	DENSE-INERT: 0 of 256 sub-values moved, on 3 admitted carriers [FRAME,NAT,SYNTH | k_and], every one with its byte0 falsifier PROVEN non-ok and its liveness ladder PROVEN live ({"1": 6, "3": 6, "5": 2}). 256 distinct encodings, cross-run agreement 1.0. The carriers differ in the dimension this field would control (as z6.) but share ONE compiler-emitted anchor, so 'any value works' is still a statement about one template. NOT promoted: emitter grade asserts the implementer may CHOOSE the value, and 'emit what the compiler emitted' is a captured-template dependency. A successor needs a SECOND anchor of this instruction.
b_alu10_loe	ext9	single-template-inference	G17P	EXP-0171	DENSE-INERT: 0 of 256 sub-values moved, on 3 admitted carriers [FRAME,NAT,SYNTH | k_and], every one with its byte0 falsifier PROVEN non-ok and its liveness ladder PROVEN live ({"1": 6, "3": 6, "5": 2}). 256 distinct encodings, cross-run agreement 1.0. The carriers differ in the dimension this field would control (as z6.) but share ONE compiler-emitted anchor, so 'any value works' is still a statement about one template. NOT promoted: emitter grade asserts the implementer may CHOOSE the value, and 'emit what the compiler emitted' is a captured-template dependency. A successor needs a SECOND anchor of this instruction.
b_alu10_loe	modA	untested	G17P	EXP-0171	EXP-0189 withheld (UNVERIFIABLE): 0 values dispatched over 0 arm(s), 0 observations moved, re-derived from raw under EXP-0164's frozen thresholds (>=2 gated runs, moved>=1 in both, >=99% per-value agreement, moved >= 2x disagreements). Reason: no-field-records.
b_alu10_loe	modB	untested	G17P	EXP-0171	EXP-0189 withheld (UNVERIFIABLE): 0 values dispatched over 0 arm(s), 0 observations moved, re-derived from raw under EXP-0164's frozen thresholds (>=2 gated runs, moved>=1 in both, >=99% per-value agreement, moved >= 2x disagreements). Reason: no-field-records.
b_alu10_loe	outmod	untested	G17P	EXP-0171	EXP-0189 withheld (UNVERIFIABLE): 0 values dispatched over 0 arm(s), 0 observations moved, re-derived from raw under EXP-0164's frozen thresholds (>=2 gated runs, moved>=1 in both, >=99% per-value agreement, moved >= 2x disagreements). Reason: no-field-records.
b_alu10_loe	srcA	untested	G17P	EXP-0171	EXP-0189 withheld (UNVERIFIABLE): 0 values dispatched over 0 arm(s), 0 observations moved, re-derived from raw under EXP-0164's frozen thresholds (>=2 gated runs, moved>=1 in both, >=99% per-value agreement, moved >= 2x disagreements). Reason: no-field-records.
b_alu10_loe	src_flag	untested	G17P	EXP-0171	EXP-0189 withheld (UNVERIFIABLE): 0 values dispatched over 0 arm(s), 0 observations moved, re-derived from raw under EXP-0164's frozen thresholds (>=2 gated runs, moved>=1 in both, >=99% per-value agreement, moved >= 2x disagreements). Reason: no-field-records.
b_alu10_loe	src_reg	untested	G17P	EXP-0171	EXP-0189 withheld (UNVERIFIABLE): 0 values dispatched over 0 arm(s), 0 observations moved, re-derived from raw under EXP-0164's frozen thresholds (>=2 gated runs, moved>=1 in both, >=99% per-value agreement, moved >= 2x disagreements). Reason: no-field-records.
b_alu10_loe	z6	single-template-inference	G17P	EXP-0171	DENSE-INERT: 0 of 256 sub-values moved, on 3 admitted carriers [FRAME,NAT,SYNTH | k_and], every one with its byte0 falsifier PROVEN non-ok and its liveness ladder PROVEN live ({"1": 6, "3": 6, "5": 2}). 256 distinct encodings, cross-run agreement 1.0. The carriers differ in the dimension this field would control (instruction FRAMING and the consumer. FRAME places a 6B falu2i then a 2B mov_imm immediately after the block, so a trailing byte that were a length/framing bit would lose both markers; NAT/SYNTH differ in the consumer.) but share ONE compiler-emitted anchor, so 'any value works' is still a statement about one template. NOT promoted: emitter grade asserts the implementer may CHOOSE the value, and 'emit what the compiler emitted' is a captured-template dependency. A successor needs a SECOND anchor of this instruction.
b_alu10_lof	ext8	single-template-inference	G17P	EXP-0171	DENSE-INERT: 0 of 256 sub-values moved, on 3 admitted carriers [FRAME,NAT,SYNTH | k_and], every one with its byte0 falsifier PROVEN non-ok and its liveness ladder PROVEN live ({"1": 6, "3": 6, "5": 2}). 256 distinct encodings, cross-run agreement 1.0. The carriers differ in the dimension this field would control (as z6.) but share ONE compiler-emitted anchor, so 'any value works' is still a statement about one template. NOT promoted: emitter grade asserts the implementer may CHOOSE the value, and 'emit what the compiler emitted' is a captured-template dependency. A successor needs a SECOND anchor of this instruction.
b_alu10_lof	ext9	single-template-inference	G17P	EXP-0171	DENSE-INERT: 0 of 256 sub-values moved, on 3 admitted carriers [FRAME,NAT,SYNTH | k_and], every one with its byte0 falsifier PROVEN non-ok and its liveness ladder PROVEN live ({"1": 6, "3": 6, "5": 2}). 256 distinct encodings, cross-run agreement 1.0. The carriers differ in the dimension this field would control (as z6.) but share ONE compiler-emitted anchor, so 'any value works' is still a statement about one template. NOT promoted: emitter grade asserts the implementer may CHOOSE the value, and 'emit what the compiler emitted' is a captured-template dependency. A successor needs a SECOND anchor of this instruction.
b_alu10_lof	modA	untested	G17P	EXP-0171	EXP-0189 withheld (UNVERIFIABLE): 0 values dispatched over 0 arm(s), 0 observations moved, re-derived from raw under EXP-0164's frozen thresholds (>=2 gated runs, moved>=1 in both, >=99% per-value agreement, moved >= 2x disagreements). Reason: no-field-records.
b_alu10_lof	modB	untested	G17P	EXP-0171	EXP-0189 withheld (UNVERIFIABLE): 0 values dispatched over 0 arm(s), 0 observations moved, re-derived from raw under EXP-0164's frozen thresholds (>=2 gated runs, moved>=1 in both, >=99% per-value agreement, moved >= 2x disagreements). Reason: no-field-records.
b_alu10_lof	outmod	untested	G17P	EXP-0171	EXP-0189 withheld (UNVERIFIABLE): 0 values dispatched over 0 arm(s), 0 observations moved, re-derived from raw under EXP-0164's frozen thresholds (>=2 gated runs, moved>=1 in both, >=99% per-value agreement, moved >= 2x disagreements). Reason: no-field-records.
b_alu10_lof	srcA	untested	G17P	EXP-0171	EXP-0189 withheld (UNVERIFIABLE): 0 values dispatched over 0 arm(s), 0 observations moved, re-derived from raw under EXP-0164's frozen thresholds (>=2 gated runs, moved>=1 in both, >=99% per-value agreement, moved >= 2x disagreements). Reason: no-field-records.
b_alu10_lof	src_flag	untested	G17P	EXP-0171	EXP-0189 withheld (UNVERIFIABLE): 0 values dispatched over 0 arm(s), 0 observations moved, re-derived from raw under EXP-0164's frozen thresholds (>=2 gated runs, moved>=1 in both, >=99% per-value agreement, moved >= 2x disagreements). Reason: no-field-records.
b_alu10_lof	src_reg	untested	G17P	EXP-0171	EXP-0189 withheld (UNVERIFIABLE): 0 values dispatched over 0 arm(s), 0 observations moved, re-derived from raw under EXP-0164's frozen thresholds (>=2 gated runs, moved>=1 in both, >=99% per-value agreement, moved >= 2x disagreements). Reason: no-field-records.
b_alu10_lof	z6	single-template-inference	G17P	EXP-0171	DENSE-INERT: 0 of 256 sub-values moved, on 3 admitted carriers [FRAME,NAT,SYNTH | k_and], every one with its byte0 falsifier PROVEN non-ok and its liveness ladder PROVEN live ({"1": 6, "3": 6, "5": 2}). 256 distinct encodings, cross-run agreement 1.0. The carriers differ in the dimension this field would control (instruction FRAMING and the consumer. FRAME places a 6B falu2i then a 2B mov_imm immediately after the block, so a trailing byte that were a length/framing bit would lose both markers; NAT/SYNTH differ in the consumer.) but share ONE compiler-emitted anchor, so 'any value works' is still a statement about one template. NOT promoted: emitter grade asserts the implementer may CHOOSE the value, and 'emit what the compiler emitted' is a captured-template dependency. A successor needs a SECOND anchor of this instruction.
b_alu14_c83	fmt10	tokenization-only	M4+A18	EXP-0036|EXP-M4-12|EXP-M4-13	Operand/format bit TYPES resolved; the exact arithmetic is NOT resolved (needs splice).
b_alu14_c83	fmt4	tokenization-only	M4+A18	EXP-0036|EXP-M4-12|EXP-M4-13	Operand/format bit TYPES resolved; the exact arithmetic is NOT resolved (needs splice).
b_alu14_c83	fmt6	tokenization-only	M4+A18	EXP-0036|EXP-M4-12|EXP-M4-13	Operand/format bit TYPES resolved; the exact arithmetic is NOT resolved (needs splice).
b_alu14_c83	form	tokenization-only	M4+A18	EXP-0036|EXP-M4-12|EXP-M4-13	Operand/format bit TYPES resolved; the exact arithmetic is NOT resolved (needs splice).
b_alu14_c83	reg_a	tokenization-only	M4+A18	EXP-0036|EXP-M4-12|EXP-M4-13	Operand/format bit TYPES resolved; the exact arithmetic is NOT resolved (needs splice).
b_alu14_c83	reg_b	tokenization-only	M4+A18	EXP-0036|EXP-M4-12|EXP-M4-13	Operand/format bit TYPES resolved; the exact arithmetic is NOT resolved (needs splice).
b_alu14_c83	rsv11	tokenization-only	M4+A18	EXP-0036|EXP-M4-12|EXP-M4-13	Operand/format bit TYPES resolved; the exact arithmetic is NOT resolved (needs splice).
b_alu14_c83	rsv8	tokenization-only	M4+A18	EXP-0036|EXP-M4-12|EXP-M4-13	Operand/format bit TYPES resolved; the exact arithmetic is NOT resolved (needs splice).
b_alu14_c83	rsv9	tokenization-only	M4+A18	EXP-0036|EXP-M4-12|EXP-M4-13	Operand/format bit TYPES resolved; the exact arithmetic is NOT resolved (needs splice).
b_alu14_c83	srcB_reg	tokenization-only	M4+A18	EXP-0036|EXP-M4-12|EXP-M4-13	Operand/format bit TYPES resolved; the exact arithmetic is NOT resolved (needs splice).
b_alu14_c83	srcU_desc	tokenization-only	M4+A18	EXP-0036|EXP-M4-12|EXP-M4-13	Operand/format bit TYPES resolved; the exact arithmetic is NOT resolved (needs splice).
b_alu14_c83	srcU_reg	tokenization-only	M4+A18	EXP-0036|EXP-M4-12|EXP-M4-13	Operand/format bit TYPES resolved; the exact arithmetic is NOT resolved (needs splice).
b_alu14_c83	src_lo	tokenization-only	M4+A18	EXP-0036|EXP-M4-12|EXP-M4-13	Operand/format bit TYPES resolved; the exact arithmetic is NOT resolved (needs splice).
b_alu14_prep2	dst	tokenization-only	M4+A18	EXP-0036|EXP-M4-12|EXP-M4-13	byte+1 == (dst<<1)|1 is a SEMANTIC invariant used to separate genuine prep words from trailing data words.
b_alu14_prep2	sel	tokenization-only	M4+A18	EXP-0036|EXP-M4-12|EXP-M4-13	byte+1 == (dst<<1)|1 is a SEMANTIC invariant used to separate genuine prep words from trailing data words.
bf_add_dst	_instruction	hardware-run	G17P	EXP-0156	EXP-0181 refresh from corpus-correlation: EXP-0156 scored the UNMUTATED instruction against a host-computed EXACT bf16 bit pattern on every lane in both gated runs (out = bf16(a+b), 0x40103fc0), settled the ROUNDING MODE with a pre-registered two-oracle tie probe (RNE matched, truncate failed), and proved the op-select BY VALUE (byte+2 0x1c->0x1d turns a+b into a*b, matching the MUL oracle while its paired control failed the ADD oracle) plus byte+5 bit3 = a-b. Identity and semantics are hardware facts, not corpus fits.
bf_add_dst	dst	hardware-run	G17P	EXP-0156	86 values reclassified `no_store` (EXP-0140 §8 rule: invalid_run in BOTH gated runs with every trial STATUS OK)
bf_add_dst	srcB	hardware-run	G17P	EXP-0156	190 values reclassified `no_store` (EXP-0140 §8 rule: invalid_run in BOTH gated runs with every trial STATUS OK)
bf_alu	opsel	hardware-run	G17P	EXP-0169	moved on 1 of 1 ladder-passing carriers
bf_alu	srcA	hardware-run	G17P	EXP-0169	moved on 1 of 1 ladder-passing carriers
bf_alu	srcB	hardware-run	G17P	EXP-0169	moved on 1 of 1 ladder-passing carriers
bf_alu	tail	hardware-run	G17P	EXP-0169	moved on 1 of 1 ladder-passing carriers
bf_alu8_var	dst	tokenization-only	M4+A18	EXP-0036|EXP-M4-12|EXP-M4-13	Role-typed from the bf_add_dst layout; the byte+1/byte+2 op-select value map and the per-bit tail map need a splice.
bf_alu8_var	form	tokenization-only	M4+A18	EXP-0036|EXP-M4-12|EXP-M4-13	Role-typed from the bf_add_dst layout; the byte+1/byte+2 op-select value map and the per-bit tail map need a splice.
bf_alu8_var	opsel	tokenization-only	M4+A18	EXP-0036|EXP-M4-12|EXP-M4-13	Role-typed from the bf_add_dst layout; the byte+1/byte+2 op-select value map and the per-bit tail map need a splice.
bf_alu8_var	srcA	tokenization-only	M4+A18	EXP-0036|EXP-M4-12|EXP-M4-13	Role-typed from the bf_add_dst layout; the byte+1/byte+2 op-select value map and the per-bit tail map need a splice.
bf_alu8_var	srcB	tokenization-only	M4+A18	EXP-0036|EXP-M4-12|EXP-M4-13	Role-typed from the bf_add_dst layout; the byte+1/byte+2 op-select value map and the per-bit tail map need a splice.
bf_alu8_var	tail	tokenization-only	M4+A18	EXP-0036|EXP-M4-12|EXP-M4-13	Role-typed from the bf_add_dst layout; the byte+1/byte+2 op-select value map and the per-bit tail map need a splice.
bf_fma_dst	_instruction	hardware-run	G17P	EXP-0156|EXP-0171	EXP-0181 refresh from corpus-correlation: Same instrument as bf_add_dst: EXP-0156's unmutated bf_fma carrier reproduced the host-computed exact bf16 pattern for out = bf16(a*b+c) (0x3f803f40) on every lane in both gated runs, with the 10-byte fma form separated from the 8-byte add by a pre-registered byte+2 control that broke as predicted.
bf_fma_dst	dst	hardware-run	G17P	EXP-0156	81 values reclassified `no_store` (EXP-0140 §8 rule: invalid_run in BOTH gated runs with every trial STATUS OK)
bf_fma_dst	srcB	hardware-run	G17P	EXP-0156	128 values reclassified `no_store` (EXP-0140 §8 rule: invalid_run in BOTH gated runs with every trial STATUS OK)
bf_fma_dst	tail	hardware-run	G17P	EXP-0171	MOVED 50 of 50 on NAT:k_bffma@bf_fma_dst+46; cross-run agreement 1.0000 (50 agree / 0 disagree); 3 admitted carriers [FRAME,NAT,SYNTH | k_bffma]; accept-set size 0 = []; outcomes {"silent_zero": 49, "wrong_value": 1} The accept-set is empty BY CONSTRUCTION: this field spans 4 bytes, its anchor composite value 0x81c00010 is not a member of the FIELD-SWEEP-PROTOCOL 3.3 sample set, so no sampled value can reproduce the baseline. The per-byte DENSE accept counts are {"6": 4, "7": 8, "8": 32, "9": 32}.
call	b6	hardware-run	G17P	EXP-0179	CORRECTED BY THE EXPERIMENT ITSELF, 2026-08-30. EXP-0179 first reported `b6` INERT across 0..255 on both GENERATED carriers; its independent second method (arm S, mutating the real compiler-emitted call inside our own compiled `c_frame.metal`) shows BIT 1 IS LOAD-BEARING and must be set. The generated leaf callee is BLIND to that dimension -- the same failure shape as `ret.scoreboard`, and caught by a second method rather than by argument. An emitter must set bit 1. This is why a single carrier family, however dense the sweep, cannot establish inertness: FIELD-SWEEP-PROTOCOL requires carriers differing in the dimension the field controls, and two generated carriers that share a leaf callee do not differ in it.
call	offset	isolated-byte-diff	A18	EXP-0035|EXP-0179-g17p-call	EXP-0189 citation repair: the records supporting this row live in EXP-0179-g17p-call; the original citation EXP-0035 has no per-value records for it. Both are kept -- the stale one is where the claim came from, the new one is where the evidence is.
call	tail	untested	G17P	EXP-0179	WITHHELD 2026-08-30 by the orchestrator on EXP-0189's eighth cannot-fail finding. This row was promoted through `EXP-0179/analysis/analyze.py:140-142`, whose promotion gate has **no `moved >= 1` conjunct** -- `len(moved)` sits only in the right arm of an `or` whose left arm is `disagreements == 0`, so a perfectly reproducible, perfectly INERT field passes. EXP-0189 proved it constructively rather than by argument: a synthetic DEAD-CODE carrier fed to the unmodified pipeline yields `{"label":"hardware-run","movement":0,"range":"0..255 dense (all 256 values), 2 carriers"}` -- **byte-for-byte the string published for this field**. Its sibling `call.b6` rode the same branch and was caught only because an independent second method (arm S, mutating the real compiler-emitted call) refuted it; `call.tail` never got a second method. The measurement may well be right -- inert is a plausible reading -- but it is indistinguishable from dead code under the gate that produced it, and that is not evidence. Needs a second method or a re-run under a gate with the missing conjunct.
call_indirect	_instruction	isolated-byte-diff	A18	EXP-0035	EXP-0189: every CITED directory (EXP-0035-function-abi) has no per-value records for this descriptor. Bytes matching it DO appear in EXP-0146-m4-emit-int-misc, so the claim is probably recoverable by re-citation rather than false -- but that is a successor re-derivation, not a relabel. Left as-is and flagged.
carry_gen	b5	hardware-run	G17P	EXP-0161	A_CARRY_INPLACE: accepted set is [1, 5, 9, 129] (no mask rule fits) | A_CARRY_SYNTH: accepted set is [1, 5, 129] (no mask rule fits)
carry_gen	cmpmode	hardware-run	G17P	EXP-0161	A_CARRY_INPLACE: accepted set fits (v & 0xA7) == 0x22 (8 of 256 values) | A_CARRY_SYNTH: accepted set fits (v & 0xA7) == 0x22 (8 of 256 values)
carry_gen	dst	hardware-run	G17P	EXP-0161	A_CARRY_INPLACE: accepted set fits (v & 0x0F) == 0x03 (1 of 16 values) | A_CARRY_SYNTH: accepted set fits (v & 0x0F) == 0x03 (1 of 16 values)
carry_gen	srcA	hardware-run	G17P	EXP-0161	A_CARRY_INPLACE: accepted set fits (v & 0x7F) == 0x01 (2 of 256 values)
carry_gen	srcB	hardware-run	G17P	EXP-0161	A_CARRY_INPLACE: accepted set fits (v & 0x7F) == 0x03 (2 of 256 values) | A_CARRY_SYNTH: accepted set fits (v & 0x7F) == 0x03 (2 of 256 values) | A_CARRY_SYNTH.srcB: released register map -> reg=(v>>1)&0x3F, fit 22/22
compute_fence_scoped	kind	tokenization-only	M4+A18	EXP-0036|EXP-M4-12|EXP-M4-13	0x87 high-scope fence variants; operand VALUE maps are partial.
compute_fence_scoped	mask	tokenization-only	M4+A18	EXP-0036|EXP-M4-12|EXP-M4-13	0x87 high-scope fence variants; operand VALUE maps are partial.
compute_fence_scoped	scope	tokenization-only	M4+A18	EXP-0036|EXP-M4-12|EXP-M4-13	0x87 high-scope fence variants; operand VALUE maps are partial.
coord_madf	b1	tokenization-only	M4+A18	EXP-0036|EXP-M4-12|EXP-M4-13	Body kept raw.
coord_madf	body	tokenization-only	M4+A18	EXP-0036|EXP-M4-12|EXP-M4-13	Body kept raw.
coord_madf	mark	tokenization-only	M4+A18	EXP-0036|EXP-M4-12|EXP-M4-13	Body kept raw.
coord_madf	srcA	tokenization-only	M4+A18	EXP-0036|EXP-M4-12|EXP-M4-13	Body kept raw.
copysign	operands	untested	G17P	EXP-0184	EXP-0189 withheld (UNSTABLE): 256 values dispatched over 3 arm(s), 443 observations moved, re-derived from raw under EXP-0164's frozen thresholds (>=2 gated runs, moved>=1 in both, >=99% per-value agreement, moved >= 2x disagreements).
cubearray_coord_const	b3	tokenization-only	M4+A18	EXP-0036|EXP-M4-12|EXP-M4-13	⚠ BOUNDED NEGATIVE, not an untested field (EXP-0187). **31 constructs authored and compiled across 12 cube / cube-array shapes** — sample, array, nearest, LOD, gradientcube, bias, both gathers, depth-cube-array compare, half, read, dynamic index — with **0 signature hits and 0 walk hits**. Treat this opcode as UNBUILDABLE FROM MSL rather than as a field awaiting a sweep; a successor needs a different provocation route, not a bigger sweep.
cvt_bf16	_instruction	hardware-run	G17P	EXP-0162|EXP-0144	EXP-0181 refresh from corpus-correlation: EXP-0162 ran 31 host-oracle SEMANTIC VECTORS on the unmutated cvt_bf16 in c_f2bf and established float32->bfloat16 round-to-nearest-EVEN by REFUTING three named alternatives (TIES_DOWN, TRUNC, RNA) with tie vectors, plus f32 denormal flush-to-zero. That is the conversion this descriptor names, measured, not correlated.
cvt_bf16	b5	hardware-run	G17P	EXP-0162	outcomes {'wrong_value': 16, 'ok': 152, 'silent_zero': 88}. detection power: 31 semantic vectors on the UNMUTATED instruction, each with a host-computed oracle; the sweep separates ok / wrong_value / silent_zero / not_written (poisoned read-back) and 71 of 1816 cases fault, so the instrument demonstrably distinguishes all five outcome classes.
cvt_bf16	b7	hardware-run	G17P	EXP-0162	outcomes {'ok': 128, 'wrong_value': 128}. detection power: 31 semantic vectors on the UNMUTATED instruction, each with a host-computed oracle; the sweep separates ok / wrong_value / silent_zero / not_written (poisoned read-back) and 71 of 1816 cases fault, so the instrument demonstrably distinguishes all five outcome classes.
cvt_bf16	dir	hardware-run	G17P	EXP-0162	outcomes {'wrong_value': 160, 'ok': 32, 'silent_zero': 64}. detection power: 31 semantic vectors on the UNMUTATED instruction, each with a host-computed oracle; the sweep separates ok / wrong_value / silent_zero / not_written (poisoned read-back) and 71 of 1816 cases fault, so the instrument demonstrably distinguishes all five outcome classes.
cvt_bf16	dst	hardware-run	G17P	EXP-0162	EXP-0144 reported this field `untested` because it gave byte0 only a bounded 24-value probe. Sweeping ONLY the high nibble covers the field exhaustively without touching the length. Outcomes: {'ok': 8, 'wrong_value': 8}. detection power: 31 semantic vectors on the UNMUTATED instruction, each with a host-computed oracle; the sweep separates ok / wrong_value / silent_zero / not_written (poisoned read-back) and 71 of 1816 cases fault, so the instrument demonstrably distinguishes all five outcome classes.
cvt_bf16	fmt	isolated-byte-diff	G17P	EXP-0162|EXP-0183	CREATED by EXP-0183 when the 8-bit `match` pin [32,8,1] was narrowed to [32,1,1]. The old pin demanded byte+4 == 0x01, and **0x01 is a value the hardware REJECTS** (`wrong_value` in EXP-0162's dense sweep) -- so the HW-validated anchor `01 01 14 81 05 02 40 00`, which our own GPU executed correctly, did not decode as cvt_bf16 at all; it fell through to the least-specific `bf_alu8_var`. Single gated run, hence `isolated-byte-diff` rather than `hardware-run`.
cvt_bf16	opsel	hardware-run	G17P	EXP-0162	outcomes {'wrong_value': 132, 'ok': 40, 'silent_zero': 52, 'fault': 32}. detection power: 31 semantic vectors on the UNMUTATED instruction, each with a host-computed oracle; the sweep separates ok / wrong_value / silent_zero / not_written (poisoned read-back) and 71 of 1816 cases fault, so the instrument demonstrably distinguishes all five outcome classes.
cvt_bf16	srcw	hardware-run	G17P	EXP-0162	outcomes {'silent_zero': 236, 'ok': 2, 'wrong_value': 18}. detection power: 31 semantic vectors on the UNMUTATED instruction, each with a host-computed oracle; the sweep separates ok / wrong_value / silent_zero / not_written (poisoned read-back) and 71 of 1816 cases fault, so the instrument demonstrably distinguishes all five outcome classes.
cvt_f2h	_instruction	hardware-run	M4+A18	EXP-0013|EXP-0144|EXP-0168	EXP-0181 refresh from corpus-correlation: The oldest and plainest case in the set: EXP-0013 read back half(3.5), half(65504) and half(0.1) as the EXACT IEEE fp16 values from hardware -- the instruction's whole documented semantics, confirmed by value. EXP-0144 then swept five of its bytes dense 0..255 (6555 cases) and EXP-0168 re-measured byte+2 on G17P at 99.609% cross-run agreement with 221 of 256 values moving. Its anchor 110114810402 decodes back to cvt_f2h.
cvt_f2h	b1	hardware-run	M4	EXP-0144	Derived from the rv01 REVALIDATION only. Compared against the contaminated run03/run05 on 256 measurements: 0 overturned by the majority vote (0.00%); where they disagree the revalidation wins.
cvt_f2h	b4	hardware-run	M4	EXP-0144	Derived from the rv01 REVALIDATION only. Compared against the contaminated run03/run05 on 256 measurements: 0 overturned by the majority vote (0.00%); where they disagree the revalidation wins.
cvt_f2h	op	hardware-run	G17P	EXP-0168	99.609% agreement over 256 shared values, 221 moved vs 1 disagreements (221.00x), ladder and falsifier passed in every run
cvt_f2h	src	isolated-byte-diff	M4	EXP-0144	Derived from the rv01 REVALIDATION only. Compared against the contaminated run03/run05 on 256 measurements: 0 overturned by the majority vote (0.00%); where they disagree the revalidation wins.
cvt_f2h	tail	isolated-byte-diff	M4	EXP-0144	Derived from the rv01 REVALIDATION only. Compared against the contaminated run03/run05 on 256 measurements: 0 overturned by the majority vote (0.00%); where they disagree the revalidation wins.
cvt_f2h_dst	_instruction	hardware-run	G17P	EXP-0162|EXP-0144	EXP-0181 refresh from corpus-correlation: EXP-0162's five semantic vectors match IEEE fp16 round-to-nearest-even EXACTLY on the unmutated cvt_f2h_dst, and all six of its bytes were swept dense 0..255 (1325 cases) with the outcome classes separated (86 fault, 115 silent zero). This is the same fp32->fp16 narrowing EXP-0013 validated for the byte0==0x11 sibling, executing here at a DIFFERENT destination nibble -- which is the generalisation the descriptor exists to make.
cvt_f2h_dst	dhalf	hardware-run	G17P	EXP-0162	outcomes {'wrong_value': 140, 'silent_zero': 114, 'ok': 2}. detection power: 5 semantic vectors match IEEE RNE fp16 exactly on the unmutated instruction; 86 of 1304 cases fault and 115 silently zero, so the instrument separates the outcome classes.
cvt_f2h_dst	dst	hardware-run	G17P	EXP-0162	EXP-0144 reported this field `untested` because it gave byte0 only a bounded 24-value probe. Sweeping ONLY the high nibble covers the field exhaustively without touching the length. Outcomes: {'wrong_value': 15, 'ok': 1}. detection power: 5 semantic vectors match IEEE RNE fp16 exactly on the unmutated instruction; 86 of 1304 cases fault and 115 silently zero, so the instrument separates the outcome classes.
cvt_f2h_dst	opsel	hardware-run	G17P	EXP-0162	outcomes {'wrong_value': 216, 'ok': 8, 'fault': 32}. detection power: 5 semantic vectors match IEEE RNE fp16 exactly on the unmutated instruction; 86 of 1304 cases fault and 115 silently zero, so the instrument separates the outcome classes.
cvt_f2h_dst	src	hardware-run	G17P	EXP-0162	outcomes {'fault': 53, 'ok': 77, 'wrong_value': 126}. detection power: 5 semantic vectors match IEEE RNE fp16 exactly on the unmutated instruction; 86 of 1304 cases fault and 115 silently zero, so the instrument separates the outcome classes.
cvt_f2h_dst	srcfmt	hardware-run	G17P	EXP-0162	outcomes {'wrong_value': 254, 'ok': 2}. detection power: 5 semantic vectors match IEEE RNE fp16 exactly on the unmutated instruction; 86 of 1304 cases fault and 115 silently zero, so the instrument separates the outcome classes.
cvt_f2h_dst	tail	hardware-run	G17P	EXP-0162	outcomes {'wrong_value': 200, 'ok': 56}. detection power: 5 semantic vectors match IEEE RNE fp16 exactly on the unmutated instruction; 86 of 1304 cases fault and 115 silently zero, so the instrument separates the outcome classes.
cvt_f2i	b9	single-template-inference	G17P	EXP-0184	0 of 5 arms moved, on 5 carriers with 1 distinct baseline field values, every arm's control firing
cvt_f2i	cvtop	hardware-run	M4	EXP-0144	Derived from the rv01 REVALIDATION only. Compared against the contaminated run03/run05 on 256 measurements: 0 overturned by the majority vote (0.00%); where they disagree the revalidation wins.
cvt_f2i	dst	hardware-run	G17P	EXP-0168	100.000% agreement over 256 shared values, 190 moved vs 0 disagreements (infx), ladder and falsifier passed in every run
cvt_f2i	dst_class	hardware-run	M4	EXP-0144	Derived from the rv01 REVALIDATION only. Compared against the contaminated run03/run05 on 256 measurements: 0 overturned by the majority vote (0.00%); where they disagree the revalidation wins.
cvt_f2i	mode	hardware-run	M4	EXP-0144	Derived from the rv01 REVALIDATION only. Compared against the contaminated run03/run05 on 256 measurements: 0 overturned by the majority vote (0.00%); where they disagree the revalidation wins.
cvt_f2i	signflag	hardware-run	M4	EXP-0144	Derived from the rv01 REVALIDATION only. Compared against the contaminated run03/run05 on 256 measurements: 0 overturned by the majority vote (0.00%); where they disagree the revalidation wins.
cvt_f2i	src	hardware-run	M4	EXP-0144	Derived from the rv01 REVALIDATION only. Compared against the contaminated run03/run05 on 256 measurements: 0 overturned by the majority vote (0.00%); where they disagree the revalidation wins.
cvt_f2i	src_class	hardware-run	M4	EXP-0144	Derived from the rv01 REVALIDATION only. Compared against the contaminated run03/run05 on 256 measurements: 0 overturned by the majority vote (0.00%); where they disagree the revalidation wins.
cvt_i2f	_instruction	hardware-run	M4+A18	EXP-0013|EXP-0144	EXP-0181 refresh from corpus-correlation: EXP-0013 read float(-3) and float(1000000) back exactly AND proved the descriptor's own sign-flag semantics by value: splicing byte+7 0x60->0x20 converts -1 as UNSIGNED (4294967295 -> ~4.29e9) on hardware. EXP-0144 then swept all six bytes dense 0..255 (5475 cases) under revalidation. Anchor a707561802008e60 decodes back to cvt_i2f.
cvt_i2f	cvtop	hardware-run	M4	EXP-0144	Derived from the rv01 REVALIDATION only. Compared against the contaminated run03/run05 on 256 measurements: 0 overturned by the majority vote (0.00%); where they disagree the revalidation wins.
cvt_i2f	dst	hardware-run	M4	EXP-0144	Derived from the rv01 REVALIDATION only. Compared against the contaminated run03/run05 on 255 measurements: 1 overturned by the majority vote (0.39%); where they disagree the revalidation wins.
cvt_i2f	mode	hardware-run	M4	EXP-0144	Derived from the rv01 REVALIDATION only. Compared against the contaminated run03/run05 on 256 measurements: 0 overturned by the majority vote (0.00%); where they disagree the revalidation wins.
cvt_i2f	signflag	hardware-run	M4	EXP-0144	Derived from the rv01 REVALIDATION only. Compared against the contaminated run03/run05 on 256 measurements: 0 overturned by the majority vote (0.00%); where they disagree the revalidation wins.
cvt_i2f	src	hardware-run	M4	EXP-0144	Derived from the rv01 REVALIDATION only. Compared against the contaminated run03/run05 on 256 measurements: 0 overturned by the majority vote (0.00%); where they disagree the revalidation wins.
cvt_i2f	src_class	hardware-run	M4	EXP-0144	Derived from the rv01 REVALIDATION only. Compared against the contaminated run03/run05 on 256 measurements: 0 overturned by the majority vote (0.00%); where they disagree the revalidation wins.
cvt_i2f_src	cvtop	hardware-run	M4	EXP-0144	Derived from the rv01 REVALIDATION only. Compared against the contaminated run03/run05 on 256 measurements: 0 overturned by the majority vote (0.00%); where they disagree the revalidation wins.
cvt_i2f_src	dst_desc	untested	M4	EXP-0144	EXP-0164 withheld: 256 values dispatched, 1 carrier(s) tested, 184 observations moved, but the movement does not reproduce across the two gated runs at >=99% per-value agreement with movement >= 2x the disagreement count. Needs a third gated run.
cvt_i2f_src	signflag	hardware-run	M4	EXP-0144	Derived from the rv01 REVALIDATION only. Compared against the contaminated run03/run05 on 256 measurements: 0 overturned by the majority vote (0.00%); where they disagree the revalidation wins.
cvt_i2f_src	src	hardware-run	M4	EXP-0144	Derived from the rv01 REVALIDATION only. Compared against the contaminated run03/run05 on 256 measurements: 0 overturned by the majority vote (0.00%); where they disagree the revalidation wins.
cvt_i2f_src	src_cache	untested	M4	EXP-0144	EXP-0164 withheld: 256 values dispatched, 1 carrier(s) tested, 0 observations moved. Never moved anything on the ONE carrier tried, so the probe could not have shown liveness either way (the EXP-0155 samp_extra failure mode). Needs a second, structurally different carrier.
cvt_i2f_src	src_class	hardware-run	M4	EXP-0144	Derived from the rv01 REVALIDATION only. Compared against the contaminated run03/run05 on 256 measurements: 0 overturned by the majority vote (0.00%); where they disagree the revalidation wins.
dev_scoreboard_fence	scope_flag	corpus-correlation	M4	EXP-0141	NOT PROMOTED. No own-MSL kernel we could compile emits `80 02 00 xx`, so the instruction had to be SYNTHESISED into the load/ALU/store program, which has no scoreboard/ordering observable. What IS newly established: the instruction can be emitted from scratch and every value of the byte is accepted without fault.
device_load	access_desc	untested	M4	EXP-0141	EXP-0164 withheld: 256 values dispatched, 1 carrier(s) tested, 0 observations moved. Never moved anything on the ONE carrier tried, so the probe could not have shown liveness either way (the EXP-0155 samp_extra failure mode). Needs a second, structurally different carrier.
device_load	addr_mode	untested	M4	EXP-0141	EXP-0164 withheld: 256 values dispatched, 1 carrier(s) tested, 0 observations moved. Never moved anything on the ONE carrier tried, so the probe could not have shown liveness either way (the EXP-0155 samp_extra failure mode). Needs a second, structurally different carrier.
device_load	base_slot	hardware-run	M4	EXP-0010|EXP-0083|EXP-0141-m4-emit-mem	31 base slots are simultaneously usable via the direct-binding API; that is a binding-path capacity, not proof of a hardware ceiling. | EXP-0189 citation repair: the records supporting this row live in EXP-0141-m4-emit-mem; the original citation EXP-0083, EXP-0010 has no per-value records for it. Both are kept -- the stale one is where the claim came from, the new one is where the evidence is.
device_load	elem_size	hardware-run	M4	EXP-0141	Extends EXP-0082 (canonical codes plus 23 raw values) to the full byte.
device_load	idx_off	hardware-run	M4	EXP-0082|EXP-0100|EXP-0141-m4-emit-mem	Unsigned 11-bit, no internal holes. The LOAD offset unit is a FIXED 4 bytes, independent of elem_size (neither element units nor byte units). | EXP-0189 citation repair: the records supporting this row live in EXP-0141-m4-emit-mem; the original citation EXP-0082, EXP-0100 has no per-value records for it. Both are kept -- the stale one is where the claim came from, the new one is where the evidence is.
device_load	index_reg	hardware-run	M4	EXP-0141	Adds the bit-7 mirror, which no prior experiment reports, and re-confirms the r95/r96 fault boundary (EXP-M4-10) with 3-of-3 fault reproduction.
device_load	ld_format	hardware-run	M4	EXP-0141	First execution of SYNTHESISED ld_format codes; EXP-M4-13 located the field by compile-only byte-diff and never ran one.
device_load	ldform_hi11	hardware-run	M4	EXP-0141	Was `untested` with range `none`. EXP-0082's 6-value probe found 3 inert and 2 'undecodable'; the dense sweep resolves it to a clean low-3-bits-must-be-zero rule.
device_load	reserved13	untested	M4	EXP-0141	EXP-0164 withheld: 256 values dispatched, 1 carrier(s) tested, 0 observations moved. Never moved anything on the ONE carrier tried, so the probe could not have shown liveness either way (the EXP-0155 samp_extra failure mode). Needs a second, structurally different carrier.
device_load	reserved7	untested	M4	EXP-0141	EXP-0164 withheld: 256 values dispatched, 1 carrier(s) tested, 0 observations moved. Never moved anything on the ONE carrier tried, so the probe could not have shown liveness either way (the EXP-0155 samp_extra failure mode). Needs a second, structurally different carrier.
device_load	space	hardware-run	M4	EXP-0141	Was `isolated-byte-diff` over 2 of 256 values (0x00 device, 0x02 threadgroup).
device_store	access_desc	hardware-run	G17P	EXP-0169	no observable effect over the swept range on 2 structurally different ladder-passing carriers
device_store	addr_mode	hardware-run	G17P	EXP-0169	no observable effect over the swept range on 2 structurally different ladder-passing carriers
device_store	base_slot	hardware-run	G17P	EXP-0169	moved on 2 of 2 ladder-passing carriers
device_store	elem_size	hardware-run	G17P	EXP-0169	moved on 2 of 2 ladder-passing carriers
device_store	extmode	hardware-run	M4	EXP-0141	The 0xC0 alternative is now characterised rather than merely observed. Its MEANING is still unknown; only that it is accepted.
device_store	idx_off	hardware-run	G17P	EXP-0169	moved on 2 of 2 ladder-passing carriers
device_store	index_reg	hardware-run	G17P	EXP-0169	moved on 2 of 2 ladder-passing carriers
device_store	reserved13	hardware-run	G17P	EXP-0169	no observable effect over the swept range on 2 structurally different ladder-passing carriers
device_store	reserved7	hardware-run	G17P	EXP-0169	no observable effect over the swept range on 2 structurally different ladder-passing carriers
device_store	space	hardware-run	G17P	EXP-0169	moved on 2 of 2 ladder-passing carriers
device_store	st_desc_hi	hardware-run	G17P	EXP-0169	moved on 2 of 2 ladder-passing carriers
device_store	st_format	hardware-run	G17P	EXP-0169	moved on 2 of 2 ladder-passing carriers
device_store	st_format_ext	hardware-run	G17P	EXP-0169	moved on 2 of 2 ladder-passing carriers
falu2	ctrl	hardware-run	G17P	EXP-0169	moved on 2 of 2 ladder-passing carriers
falu2	dst	hardware-run	G17P	EXP-0168	100.000% agreement over 16 shared values, 15 moved vs 0 disagreements (infx), ladder and falsifier passed in every run
falu2	mod_hi	hardware-run	G17P	EXP-0169	moved on 2 of 2 ladder-passing carriers
falu2	opflags	hardware-run	G17P	EXP-0169	moved on 2 of 2 ladder-passing carriers
falu2	opsel	hardware-run	G17P	EXP-0169	moved on 2 of 2 ladder-passing carriers
falu2	srcA_class	hardware-run	G17P	EXP-0169	moved on 2 of 2 ladder-passing carriers
falu2	srcA_reg	hardware-run	G17P	EXP-0169	moved on 2 of 2 ladder-passing carriers
falu2	srcA_reg_top	hardware-run	G17P	EXP-0169	moved on 2 of 2 ladder-passing carriers
falu2	srcA_size	hardware-run	G17P	EXP-0169	moved on 2 of 2 ladder-passing carriers
falu2	srcB_class	hardware-run	G17P	EXP-0169	moved on 2 of 2 ladder-passing carriers
falu2	srcB_imm	hardware-run	G17P	EXP-0169	moved on 2 of 2 ladder-passing carriers
falu2	srcB_neg	hardware-run	G17P	EXP-0169	moved on 2 of 2 ladder-passing carriers
falu2	srcB_reg	hardware-run	G17P	EXP-0169	moved on 2 of 2 ladder-passing carriers
falu2	srcB_reg_top	hardware-run	G17P	EXP-0169	moved on 2 of 2 ladder-passing carriers
falu2	srcB_size	hardware-run	G17P	EXP-0169	moved on 2 of 2 ladder-passing carriers
falu2_ext	ctrl	untested	G17P	EXP-0160	EXP-0189 withheld (UNSTABLE): 128 values dispatched over 1 arm(s), 137 observations moved, re-derived from raw under EXP-0164's frozen thresholds (>=2 gated runs, moved>=1 in both, >=99% per-value agreement, moved >= 2x disagreements).
falu2_ext	dst	hardware-run	G17P	EXP-0154	carrier SYNTH+LIFTED:k_sat_add@falu2_ext[32:40]; outcomes {'ok': 1, 'wrong_value': 12, 'silent_zero': 1}; ok at {0x0}
falu2_ext	ext_tail	isolated-byte-diff	M4	EXP-0138	sweep not dense over the encodable range
falu2_ext	mod_hi	hardware-run	M4	EXP-0138	8/16 pre-registered predictions REFUTED; the label rests on the observed value->behaviour map, which is complete and reproduced in both runs
falu2_ext	mod_lo	hardware-run	G17P	EXP-0154	carrier SYNTH+LIFTED:k_sat_add@falu2_ext[32:40]; outcomes {'ok': 2, 'wrong_value': 6}; ok at {0x0-0x1}
falu2_ext	srcA_reg	hardware-run	G17P	EXP-0154	carrier SYNTH+LIFTED:k_sat_add@falu2_ext[32:40]; outcomes {'ok': 18, 'silent_zero': 8}; ok at {0x0, 0x2, 0xf-0x11, 0x1f-0x21, 0x2a, 0x30, 0x3f-0x40, 0x50, 0x55, 0x60, 0x70, 0x7e-0x7f}
falu2_ext	srcA_size	untested	G17P	EXP-0154	EXP-0164 withheld: 2 values dispatched, 1 carrier(s) tested, 0 observations moved. Never moved anything on the ONE carrier tried, so the probe could not have shown liveness either way (the EXP-0155 samp_extra failure mode). Needs a second, structurally different carrier.
falu2_ext	srcB_imm	untested	G17P	EXP-0154	EXP-0164 withheld: 2 values dispatched, 1 carrier(s) tested, 0 observations moved. Never moved anything on the ONE carrier tried, so the probe could not have shown liveness either way (the EXP-0155 samp_extra failure mode). Needs a second, structurally different carrier.
falu2_ext	srcB_neg	hardware-run	M4	EXP-0138|EXP-0154|EXP-0194	EXP-0194 found the second carrier this row's own note asked for -- it was already committed. EXP-0138 `raw/m4_20260828_run01|run05|run06/sweep.jsonl`: bytes `6901040501000080` vs `6901040501080080` differ in EXACTLY ONE BIT, bit 43, which is this field (start=43,width=1); `w0` moves 8.0 -> 2.0 with both sentinels holding, identical in all three runs. Critically the host oracle PREDICTED 8.0 AND 2.0 SEPARATELY and matched both -- a discriminating oracle, which is the exact gate the 46 AMBIGUOUS rows fail (their oracle is constant while the field varies, so it predicts the instruction's effect, not the field's). Orchestrator re-derived all three runs from raw before merging. **TARGET IS M4/G16G, NOT the G17P documentation target** -- this adds to the target-blindness debt EXP-0193 named. The instruction stays BLOCKED on srcA_size, ctrl and srcB_imm, so the emittable-instruction headline does not move.
falu2_ext	srcB_reg	hardware-run	G17P	EXP-0154	carrier SYNTH+LIFTED:k_sat_add@falu2_ext[32:40]; outcomes {'wrong_value': 25, 'ok': 1}; ok at {0x2}
falu2_ext	srcB_size	hardware-run	G17P	EXP-0154	carrier SYNTH+LIFTED:k_sat_add@falu2_ext[32:40]; outcomes {'wrong_value': 1, 'ok': 1}; ok at {0x1}
falu2_srcmod10	ctrl	untested	G17P	EXP-0154	carrier SYNTH+LIFTED:k_abs_add@falu2_srcmod10[32:42]; outcomes {'ok': 24, 'wrong_value': 32, 'silent_zero': 72}; ok at {0x0-0x2, 0x4-0x6, 0x8-0xa, 0xc-0xe, 0x10-0x12, 0x14-0x16, 0x18-0x1a, 0x1c-0x1e}
falu2_srcmod10	dst	hardware-run	G17P	EXP-0154	carrier SYNTH+LIFTED:k_abs_add@falu2_srcmod10[32:42]; outcomes {'ok': 1, 'wrong_value': 12, 'silent_zero': 1}; ok at {0x0}
falu2_srcmod10	ext_srcmod	isolated-byte-diff	M4	EXP-0138	sweep not dense over the encodable range
falu2_srcmod10	mod_hi	hardware-run	M4	EXP-0138	8/16 pre-registered predictions REFUTED; the label rests on the observed value->behaviour map, which is complete and reproduced in both runs
falu2_srcmod10	mod_lo	hardware-run	G17P	EXP-0154	carrier SYNTH+LIFTED:k_abs_add@falu2_srcmod10[32:42]; outcomes {'ok': 1, 'wrong_value': 7}; ok at {0x0}
falu2_srcmod10	srcA_reg	hardware-run	G17P	EXP-0154	carrier SYNTH+LIFTED:k_abs_add@falu2_srcmod10[32:42]; outcomes {'ok': 2, 'wrong_value': 24}; ok at {0x0, 0x40}
falu2_srcmod10	srcA_size	hardware-run	G17P	EXP-0154	carrier SYNTH+LIFTED:k_abs_add@falu2_srcmod10[32:42]; outcomes {'wrong_value': 1, 'ok': 1}; ok at {0x1}
falu2_srcmod10	srcB_imm	hardware-run	G17P	EXP-0154	carrier SYNTH+LIFTED:k_abs_add@falu2_srcmod10[32:42]; outcomes {'ok': 1, 'wrong_value': 1}; ok at {0x0}
falu2_srcmod10	srcB_neg	hardware-run	G17P	EXP-0154	carrier SYNTH+LIFTED:k_abs_add@falu2_srcmod10[32:42]; outcomes {'ok': 1, 'wrong_value': 1}; ok at {0x0}
falu2_srcmod10	srcB_reg	hardware-run	G17P	EXP-0154	carrier SYNTH+LIFTED:k_abs_add@falu2_srcmod10[32:42]; outcomes {'wrong_value': 25, 'ok': 1}; ok at {0x2}
falu2_srcmod10	srcB_size	hardware-run	G17P	EXP-0154	carrier SYNTH+LIFTED:k_abs_add@falu2_srcmod10[32:42]; outcomes {'wrong_value': 1, 'ok': 1}; ok at {0x1}
falu2_uni	ctrl_lo	hardware-run	G17P	EXP-0169	moved on 1 of 1 ladder-passing carriers
falu2_uni	dst	hardware-run	G17P	EXP-0169|EXP-0183	RULING SUPPLIED. The row read `untested` only because EXP-0169 deferred it by coordinator directive ('`dst` -> EXP-0168'), and EXP-0168's committed field_verdicts.json contains NO falu2_uni.dst row -- the ruling was never made, and it is one of the 22 one-field-away blockers. Re-derived by EXP-0183 from EXP-0169's raw sweep.jsonl directly, not from its analysis. EXP-0169's ladder and falsifier both passed on this arm. CAVEAT: one carrier only, and the `__falsifier_byte0` step (byte0 -> 0x00) changes the opcode nibble as well as the field, so it is a weak falsifier here -- as it was for the half family (DEF-0180-B).
falu2_uni	mods	hardware-run	G17P	EXP-0169	moved on 1 of 1 ladder-passing carriers
falu2_uni	opflags	hardware-run	G17P	EXP-0169	moved on 1 of 1 ladder-passing carriers
falu2_uni	opsel	hardware-run	G17P	EXP-0169	moved on 1 of 1 ladder-passing carriers
falu2_uni	srcA_reg	hardware-run	G17P	EXP-0169	moved on 1 of 1 ladder-passing carriers
falu2_uni	srcA_size	hardware-run	G17P	EXP-0169	moved on 1 of 1 ladder-passing carriers
falu2_uni	usrc	hardware-run	G17P	EXP-0169	moved on 1 of 1 ladder-passing carriers
falu2i	ctrl_lo	untested	G17P	EXP-0169	248 of 256 values disagreed with the HOST-COMPUTED oracle; see reproduction.json
falu2i	dst	hardware-run	G17P	EXP-0168	100.000% agreement over 16 shared values, 15 moved vs 0 disagreements (infx), ladder and falsifier passed in every run
falu2i	imm_exp	hardware-run	G17P	EXP-0169	moved on 1 of 1 ladder-passing carriers
falu2i	imm_flag	hardware-run	G17P	EXP-0169|EXP-0190	RESTORED 2026-08-30: this row returns via the committed CITATION REPAIRS, not the indexer fix -- it buckets STABLE-LIVE under the defective index too. Its previous note claimed it was "inert on the ONE carrier that had detection power", which is FALSE: 512 common per-value keys at 100.00% cross-run agreement, 0 disagreements, 7 moved in each of two gated runs, all movement in the non-fault class.
falu2i	imm_mant	hardware-run	G17P	EXP-0169	moved on 1 of 1 ladder-passing carriers
falu2i	imm_sign	hardware-run	G17P	EXP-0169	moved on 1 of 1 ladder-passing carriers
falu2i	mods	untested	G17P	EXP-0169	480 of 512 values disagreed with the HOST-COMPUTED oracle; see reproduction.json
falu2i	opflags	untested	G17P	EXP-0169	24 of 32 values disagreed with the HOST-COMPUTED oracle; see reproduction.json
falu2i	opsel	hardware-run	G17P	EXP-0169	moved on 1 of 1 ladder-passing carriers
falu2i	srcA_reg	hardware-run	G17P	EXP-0169	moved on 1 of 1 ladder-passing carriers
falu2i	srcA_reg_top	untested	G17P	EXP-0169	inert on the ONE carrier that had detection power; a second, structurally different carrier is required before this can be called inert (EXP-0164's own rule)
falu2i	srcA_size	hardware-run	G17P	EXP-0169	moved on 1 of 1 ladder-passing carriers
falu3	_instruction	hardware-run	G16G+G17P	EXP-0138|EXP-0154|EXP-0160	EXP-0181 refresh from corpus-correlation: EXP-0138 HW-VALIDATED the OPERAND-SLOT model against a host oracle over 1809+2321 cases and corrected db.json's names by measurement (byte0 high nibble is the destination, byte+1/+3/+5 the sources, byte+4 the length-selecting control that re-lengths the instruction on 192 of 256 values); EXP-0160 then mapped byte+2 densely on G17P in two seed sets. Anchor 09011e0581080200 decodes back to falu3. This is a three-source float ALU proven by moving its operands and predicting the result.
falu3	ctrl_len	hardware-run	M4	EXP-0138	60/64 pre-registered predictions REFUTED; the label rests on the observed value->behaviour map, which is complete and reproduced in both runs FIELD RENAME (EXP-0138 H-FALU3-LAYOUT, HW, 1809+2321 cases): db.json's old names put the destination in a source slot. byte0 high nibble is the DESTINATION; byte+1 is the FIRST source descriptor; byte+3 the SECOND; byte+5 the THIRD; byte+4 is a CONTROL byte whose low 2 bits are the 0x09-group LENGTH selector. Same bits, same sweep -- name only.
falu3	dst	hardware-run	M4	EXP-0138	2/16 pre-registered predictions REFUTED; the label rests on the observed value->behaviour map, which is complete and reproduced in both runs FIELD RENAME (EXP-0138 H-FALU3-LAYOUT, HW, 1809+2321 cases): db.json's old names put the destination in a source slot. byte0 high nibble is the DESTINATION; byte+1 is the FIRST source descriptor; byte+3 the SECOND; byte+5 the THIRD; byte+4 is a CONTROL byte whose low 2 bits are the 0x09-group LENGTH selector. Same bits, same sweep -- name only.
falu3	op	untested	G17P	EXP-0160	EXP-0189 withheld (UNSTABLE): 256 values dispatched over 1 arm(s), 428 observations moved, re-derived from raw under EXP-0164's frozen thresholds (>=2 gated runs, moved>=1 in both, >=99% per-value agreement, moved >= 2x disagreements).
falu3	srcA	hardware-run	G17P	EXP-0154	carrier SYNTH+LIFTED:k_fma@falu3[56:64]; outcomes {'wrong_value': 251, 'ok': 2}; ok at {0x5, 0x85}
falu3	srcB	hardware-run	G17P	EXP-0160	carrier SYNTH+LIFTED:k_fma@falu3[56:64]; outcomes(seed set 1) {'wrong_value': 254, 'ok': 2}; anchor value 0x05; P1=True P2=True P3=True model=M1 MASK
falu3	srcC	hardware-run	G17P	EXP-0154	carrier SYNTH+LIFTED:k_fma@falu3[56:64]; outcomes {'wrong_value': 251, 'ok': 4}; ok at {0x8-0x9, 0x88-0x89}
falu3_ext	_instruction	hardware-run	G16G+G17P	EXP-0138|EXP-0154|EXP-0160	EXP-0181 refresh from corpus-correlation: EXP-0138's operand-slot rename is recorded as applying to falu3_ext verbatim, its own baselines reproduced their oracle 3/3, EXP-0154 ran a saturate-fma carrier and EXP-0160 mapped byte+2 densely on G17P. Anchor 09011e05820802000080 decodes back to falu3_ext at length 10.
falu3_ext	ctrl_len	hardware-run	M4	EXP-0138	60/64 pre-registered predictions REFUTED; the label rests on the observed value->behaviour map, which is complete and reproduced in both runs FIELD RENAME (EXP-0138 H-FALU3-LAYOUT, HW, 1809+2321 cases): db.json's old names put the destination in a source slot. byte0 high nibble is the DESTINATION; byte+1 is the FIRST source descriptor; byte+3 the SECOND; byte+5 the THIRD; byte+4 is a CONTROL byte whose low 2 bits are the 0x09-group LENGTH selector. Same bits, same sweep -- name only.
falu3_ext	dst	hardware-run	M4	EXP-0138	2/16 pre-registered predictions REFUTED; the label rests on the observed value->behaviour map, which is complete and reproduced in both runs FIELD RENAME (EXP-0138 H-FALU3-LAYOUT, HW, 1809+2321 cases): db.json's old names put the destination in a source slot. byte0 high nibble is the DESTINATION; byte+1 is the FIRST source descriptor; byte+3 the SECOND; byte+5 the THIRD; byte+4 is a CONTROL byte whose low 2 bits are the 0x09-group LENGTH selector. Same bits, same sweep -- name only.
falu3_ext	ext	isolated-byte-diff	M4	EXP-0138	sweep not dense over the encodable range
falu3_ext	op	untested	G17P	EXP-0160	EXP-0189 withheld (UNSTABLE): 256 values dispatched over 1 arm(s), 450 observations moved, re-derived from raw under EXP-0164's frozen thresholds (>=2 gated runs, moved>=1 in both, >=99% per-value agreement, moved >= 2x disagreements).
falu3_ext	srcA	hardware-run	G17P	EXP-0154	carrier SYNTH+LIFTED:k_sat_fma@falu3_ext[56:66]; outcomes {'wrong_value': 254, 'ok': 2}; ok at {0x5, 0x85}
falu3_ext	srcB	hardware-run	G17P	EXP-0160	carrier SYNTH+LIFTED:k_sat_fma@falu3_ext[56:66]; outcomes(seed set 1) {'wrong_value': 254, 'ok': 2}; anchor value 0x05; P1=True P2=True P3=False model=M1 MASK
falu3_ext	srcC	hardware-run	G17P	EXP-0154	carrier SYNTH+LIFTED:k_sat_fma@falu3_ext[56:66]; outcomes {'wrong_value': 252, 'ok': 4}; ok at {0x8-0x9, 0x88-0x89}
falu3_srcmod12	ctrl	untested	G17P	EXP-0154	carrier SYNTH+LIFTED:k_fma_abs@falu3_srcmod12[56:68]; outcomes {'ok': 12, 'wrong_value': 116}; ok at {0x0-0x1, 0x3-0x4, 0x8-0x9, 0xb-0xc, 0x10, 0x14, 0x18, 0x1c}
falu3_srcmod12	dst	hardware-run	G17P	EXP-0154	carrier SYNTH+LIFTED:k_fma_abs@falu3_srcmod12[56:68]; outcomes {'ok': 1, 'wrong_value': 11, 'silent_zero': 2}; ok at {0x0}
falu3_srcmod12	ext_srcmod	isolated-byte-diff	M4	EXP-0138	sweep not dense over the encodable range
falu3_srcmod12	mod_hi	hardware-run	M4	EXP-0138	14/16 pre-registered predictions REFUTED; the label rests on the observed value->behaviour map, which is complete and reproduced in both runs
falu3_srcmod12	mod_lo	hardware-run	G17P	EXP-0154	carrier SYNTH+LIFTED:k_fma_abs@falu3_srcmod12[56:68]; outcomes {'ok': 2, 'wrong_value': 6}; ok at {0x0-0x1}
falu3_srcmod12	opsel	untested	G17P	EXP-0154	carrier SYNTH+LIFTED:k_fma_abs@falu3_srcmod12[56:68]; outcomes {'wrong_value': 6, 'ok': 1}; ok at {0x6}
falu3_srcmod12	srcA_reg	hardware-run	G17P	EXP-0154	carrier SYNTH+LIFTED:k_fma_abs@falu3_srcmod12[56:68]; outcomes {'ok': 2, 'wrong_value': 24}; ok at {0x0, 0x40}
falu3_srcmod12	srcA_size	hardware-run	G17P	EXP-0154	carrier SYNTH+LIFTED:k_fma_abs@falu3_srcmod12[56:68]; outcomes {'wrong_value': 1, 'ok': 1}; ok at {0x1}
falu3_srcmod12	srcB_imm	hardware-run	G17P	EXP-0154	carrier SYNTH+LIFTED:k_fma_abs@falu3_srcmod12[56:68]; outcomes {'wrong_value': 1, 'ok': 1}; ok at {0x1}
falu3_srcmod12	srcB_neg	hardware-run	G17P	EXP-0154	carrier SYNTH+LIFTED:k_fma_abs@falu3_srcmod12[56:68]; outcomes {'wrong_value': 1, 'ok': 1}; ok at {0x1}
falu3_srcmod12	srcB_reg	hardware-run	G17P	EXP-0154	carrier SYNTH+LIFTED:k_fma_abs@falu3_srcmod12[56:68]; outcomes {'wrong_value': 25, 'ok': 1}; ok at {0x2}
falu3_srcmod12	srcB_size	hardware-run	G17P	EXP-0154	carrier SYNTH+LIFTED:k_fma_abs@falu3_srcmod12[56:68]; outcomes {'wrong_value': 1, 'ok': 1}; ok at {0x1}
falu_acc	cache	hardware-run	G17P	EXP-0168	100.000% agreement over 28 shared values, 28 moved vs 0 disagreements (infx), ladder and falsifier passed in every run
falu_acc	dst	hardware-run	G17P	EXP-0154	carrier SYNTH+LIFTED:k_sum@falu_acc[252:256]; outcomes {'ok': 1, 'wrong_value': 12, 'silent_zero': 1}; ok at {0x0}
falu_acc	op	hardware-run	G17P	EXP-0154	carrier SYNTH+LIFTED:k_sum@falu_acc[252:256]; outcomes {'ok': 1, 'wrong_value': 1}; ok at {0x0}
falu_acc	srcA	hardware-run	G17P	EXP-0154	carrier SYNTH+LIFTED:k_sum@falu_acc[252:256]; outcomes {'wrong_value': 254, 'ok': 2}; ok at {0x1, 0x81}
falu_acc	srcB	hardware-run	G17P	EXP-0154	carrier SYNTH+LIFTED:k_sum@falu_acc[252:256]; outcomes {'wrong_value': 251, 'ok': 2}; ok at {0x17, 0x97}
falu_srcmod12b	ctrl	hardware-run	M4	EXP-0089|EXP-0119|EXP-0138-m4-emit-falu	The hang requires the loop context. One negative data point, not an exhaustive sweep of the interaction space. | EXP-0189 citation repair: the records supporting this row live in EXP-0138-m4-emit-falu; the original citation EXP-0119, EXP-0089 has no per-value records for it. Both are kept -- the stale one is where the claim came from, the new one is where the evidence is.
falu_srcmod12b	dst	hardware-run	M4	EXP-0138	2/16 pre-registered predictions REFUTED; the label rests on the observed value->behaviour map, which is complete and reproduced in both runs
falu_srcmod12b	ext_srcmod	tokenization-only	M4+A18	EXP-0036|EXP-M4-12|EXP-M4-13	48-bit 3rd-source + modifier region; values need splice.
falu_srcmod12b	mod_hi	untested	M4	EXP-0138	EXP-0164 withheld: 16 values dispatched, 1 carrier(s) tested, 0 observations moved. Never moved anything on the ONE carrier tried, so the probe could not have shown liveness either way (the EXP-0155 samp_extra failure mode). Needs a second, structurally different carrier.
falu_srcmod12b	mod_lo	untested	M4	EXP-0138	EXP-0164 withheld: 8 values dispatched, 1 carrier(s) tested, 0 observations moved. Never moved anything on the ONE carrier tried, so the probe could not have shown liveness either way (the EXP-0155 samp_extra failure mode). Needs a second, structurally different carrier.
falu_srcmod12b	opsel	hardware-run	M4	EXP-0119|EXP-0138-m4-emit-falu	A field this project's own tooling modelled as an innocuous `mod` byte is, for at least one value, an out-of-spec encoding with a blast radius WIDER than the instruction's own operands. | EXP-0189 citation repair: the records supporting this row live in EXP-0138-m4-emit-falu; the original citation EXP-0119 has no per-value records for it. Both are kept -- the stale one is where the claim came from, the new one is where the evidence is.
falu_srcmod12b	srcB_imm	untested	M4	EXP-0138	EXP-0164 withheld: 2 values dispatched, 1 carrier(s) tested, 0 observations moved. Never moved anything on the ONE carrier tried, so the probe could not have shown liveness either way (the EXP-0155 samp_extra failure mode). Needs a second, structurally different carrier.
falu_srcmod12b	srcB_neg	untested	M4	EXP-0138	EXP-0164 withheld: 2 values dispatched, 1 carrier(s) tested, 0 observations moved. Never moved anything on the ONE carrier tried, so the probe could not have shown liveness either way (the EXP-0155 samp_extra failure mode). Needs a second, structurally different carrier.
frag_color_pack	conv_scale	untested	A18	EXP-M4-14	EXP-0189 withheld (UNVERIFIABLE): 0 values dispatched over 0 arm(s), 0 observations moved, re-derived from raw under EXP-0164's frozen thresholds (>=2 gated runs, moved>=1 in both, >=99% per-value agreement, moved >= 2x disagreements). Reason: no-raw.
frag_color_pack	dst	hardware-run	G17P	EXP-0168	An emitter MUST keep this field below 0xC0.
frag_color_pack	fmt_class	untested	G17P	EXP-0155	WITHHELD 2026-08-30 by EXP-0193, applying EXP-0192's UNCHANGED pre-registered criterion to the full 337-arm STABLE-LIVE population. **Case C: 1 distinct VALID payload(s) across 255 LEGAL values** -- values ran legally and were indistinguishable. `moved_total` equals the hard-class cell count EXACTLY, and cross-run agreement is 100%: a perfectly reproducible hazard map, not a semantic. **THIS IS THE SHARPEST INSTANCE IN THE CORPUS: the 'movement' was OUR OWN DISASSEMBLER, not the hardware.** All 512 records carry ONE identical `observed` payload. The two moved cells are both value 86 with `outcome: undecodable` and the note 're-decodes as `pack_convert`' -- while `status: OK`, the sentinel is written, and the pixel readback is BYTE-IDENTICAL to the other 255 values. A tokenizer disagreement promoted an 8-bit field with 255 legal values to emitter grade.
frag_color_pack	src_gate_select	untested	A18	EXP-M4-14	EXP-0189 withheld (UNVERIFIABLE): 0 values dispatched over 0 arm(s), 0 observations moved, re-derived from raw under EXP-0164's frozen thresholds (>=2 gated runs, moved>=1 in both, >=99% per-value agreement, moved >= 2x disagreements). Reason: no-raw.
frag_color_pack	src_present_mask	hardware-run	A18	EXP-0168-g17p-dst-resweep|EXP-M4-14	RETRACTION: the 24-bit fmt_word is NOT an inert attachment-format constant. byte+7 == 0xff hard-faults the GPU. | EXP-0189 citation repair: the records supporting this row live in EXP-0168-g17p-dst-resweep; the original citation EXP-M4-14 has no per-value records for it. Both are kept -- the stale one is where the claim came from, the new one is where the evidence is.
frag_color_store	flags	hardware-run	G17P	EXP-0155	[orchestrator: representative arm re-pointed from fcs@iter0 to fcs@pack0, where the field is demonstrably live (128/128 of 256 moved, 100.0% cross-run agreement); the original arm showed it inert.]
frag_color_store	rt_index	isolated-byte-diff	A18	EXP-0029|EXP-0163-g17p-inert-liveness	EXP-0189 citation repair: the records supporting this row live in EXP-0163-g17p-inert-liveness; the original citation EXP-0029 has no per-value records for it. Both are kept -- the stale one is where the claim came from, the new one is where the evidence is.
frag_color_store	src	isolated-byte-diff	A18	EXP-0029|EXP-0163-g17p-inert-liveness	EXP-0189 citation repair: the records supporting this row live in EXP-0163-g17p-inert-liveness; the original citation EXP-0029 has no per-value records for it. Both are kept -- the stale one is where the claim came from, the new one is where the evidence is.
frag_color_store	store_mode	single-template-inference	G17P	EXP-0163	INERT-ROBUST over the stated envelope: every value executed on 8 arms across 7 structurally different carriers (cent4, ibhalf, layer, mrt3, tileread, tilerw2, vflat), each of which PASSED the strict detection profile, and none moved any observed surface. This bounds the field; it does NOT establish that it is a don't-care outside this envelope. LABEL NOTE: carried as `single-template-inference`, NOT `hardware-run`, even though the hardware evidence is a full dense sweep -- because `hardware-run` is emitter-grade and an emitter here must reuse the compiler-observed value, which is a captured-template dependency. The measurement is not downgraded; see `hardware_evidence`.
frag_depth_store	_instruction	corpus-correlation	A18	EXP-0029|EXP-0155	EXP-0181 refresh from corpus-correlation: KEEP AS IS, and this is the clearest example of why field labels must not gate the instruction. All three of its declared fields are `hardware-run` and its baselines are ok 11/11 -- yet the one thing the descriptor claims, 'write the shader [[depth]] output to the tile depth buffer', HAS NEVER BEEN OBSERVED. db.json says so itself: 'Not individually splice-validated (agxrender has no depth attachment to read back)'. The sweeps were scored against a COLOUR probe. Fields live proves the bytes were exercised; it does not prove this is the depth store.
frag_sample_submit	_instruction	corpus-correlation	G17P	EXP-0162|EXP-0091	Descriptor split out of `vary_store` by EXP-0162 (G17P, HW). Selected by byte+1 bit1 == 0. Fields provisional beyond the selector; nothing here has been swept, so do not emit.
frag_sample_submit	b1	corpus-correlation	G17P	EXP-0162	Not swept. Do not emit.
frag_sample_submit	b2	corpus-correlation	G17P	EXP-0162	Not swept. Do not emit.
frag_sample_submit	body	corpus-correlation	G17P	EXP-0162	Not swept. Do not emit.
frag_tile_setup	access	single-template-inference	G17P	EXP-0163	INERT-ROBUST over the stated envelope: every value executed on 8 arms across 5 structurally different carriers (ibmrt, layer, mrt3, tileread, tilerw2), each of which PASSED the strict detection profile, and none moved any observed surface. This bounds the field; it does NOT establish that it is a don't-care outside this envelope. LABEL NOTE: carried as `single-template-inference`, NOT `hardware-run`, even though the hardware evidence is a full dense sweep -- because `hardware-run` is emitter-grade and an emitter here must reuse the compiler-observed value, which is a captured-template dependency. The measurement is not downgraded; see `hardware_evidence`.
frag_tile_setup	b5	single-template-inference	G17P	EXP-0163	INERT-ROBUST over the stated envelope: every value executed on 8 arms across 5 structurally different carriers (ibmrt, layer, mrt3, tileread, tilerw2), each of which PASSED the strict detection profile, and none moved any observed surface. This bounds the field; it does NOT establish that it is a don't-care outside this envelope. LABEL NOTE: carried as `single-template-inference`, NOT `hardware-run`, even though the hardware evidence is a full dense sweep -- because `hardware-run` is emitter-grade and an emitter here must reuse the compiler-observed value, which is a captured-template dependency. The measurement is not downgraded; see `hardware_evidence`.
frag_tile_setup	sel	single-template-inference	G17P	EXP-0163	INERT-ROBUST over the stated envelope: every value executed on 8 arms across 5 structurally different carriers (ibmrt, layer, mrt3, tileread, tilerw2), each of which PASSED the strict detection profile, and none moved any observed surface. This bounds the field; it does NOT establish that it is a don't-care outside this envelope. LABEL NOTE: carried as `single-template-inference`, NOT `hardware-run`, even though the hardware evidence is a full dense sweep -- because `hardware-run` is emitter-grade and an emitter here must reuse the compiler-observed value, which is a captured-template dependency. The measurement is not downgraded; see `hardware_evidence`.
frame_marker	_instruction	corpus-correlation	A18	EXP-0035|EXP-0030	CORRECTION (EXP-0035): this is the GENERIC call/frame marker, not a mesh-emit op. Mesh set_vertex/set_index/set_primitive lower to ordinary 0xe7/0xd7 stores.
frame_marker_compact	_instruction	tokenization-only	M4+A18	EXP-0036|EXP-M4-12|EXP-M4-13|EXP-0172	EXP-0181 refresh from tokenization-only: KEEP AS IS. EXP-0148 records this descriptor as one of three UNRESOLVED CONTINUATION-WORD CANDIDATES -- it may not be a standalone instruction at all -- and validate_labels.py already reports it in that informational set. EXP-0172 showed byte+1 is live (152 of 256 values move, identically in run01 and run03) and that b1 = 3 and b1 = 7 HANG the device on four of five carriers. Live bytes in an unresolved continuation word are not an instruction; its semantics remain unknown and `tokenization-only` states that correctly.
frame_marker_compact	b1	hardware-run	G17P	EXP-0172	LIVE: 152 of 256 values change the observation, identically in run01 and run03. b1 = 0x00 is the 4-byte spill_frame_marker, a different instruction. HAZARD: b1 = 3 and b1 = 7 hang the device on four of five carriers.
frame_prologue	_instruction	corpus-correlation	A18	EXP-M4-14|EXP-0038|EXP-0035	EXP-0189 DOWNGRADE from `hardware-run`: every cited directory (EXP-M4-14-a18-splice, EXP-0038-pack-carry-frame, EXP-0035-function-abi) has NO per-value records for this descriptor, and no other directory contains bytes matching it. An emitter-grade INSTRUCTION label asserts the descriptor itself was established on hardware; nothing in the committed corpus supports that here.
frame_prologue	frame_size	untested	A18	EXP-M4-14	EXP-0189 withheld (UNVERIFIABLE): 0 values dispatched over 0 arm(s), 0 observations moved, re-derived from raw under EXP-0164's frozen thresholds (>=2 gated runs, moved>=1 in both, >=99% per-value agreement, moved >= 2x disagreements). Reason: no-raw.
frame_prologue	marker	untested	A18	EXP-M4-14	EXP-0189 withheld (UNVERIFIABLE): 0 values dispatched over 0 arm(s), 0 observations moved, re-derived from raw under EXP-0164's frozen thresholds (>=2 gated runs, moved>=1 in both, >=99% per-value agreement, moved >= 2x disagreements). Reason: no-raw.
frame_prologue	subop	untested	A18	EXP-M4-14	EXP-0189 withheld (UNVERIFIABLE): 0 values dispatched over 0 arm(s), 0 observations moved, re-derived from raw under EXP-0164's frozen thresholds (>=2 gated runs, moved>=1 in both, >=99% per-value agreement, moved >= 2x disagreements). Reason: no-raw.
fspecial	dst	hardware-run	G17P	EXP-0161|EXP-0165	NAME MOVED BY DEF-0161-1: byte+3 is the DESTINATION register, packed reg = v >> 1. Accept rule (the values that leave the result where the baseline put it) is exactly (v & 0xFE) == 0x00 -- an exhaustive search over all 256 candidate masks returns that one and no other. Destination map from the 16-register dump: 28/28 fit, 0 misfits, in BOTH gated runs (v = 0..29 -> r0..r14; v = 12/13 write r6, whose seed already equals rsqrt(seed[r0]), so the write is invisible -- a seed aliasing artefact, not a misfit). 20/20 GENERATED `r_i = rsqrt(r_j)` encodings pass. Bit 0 is HW-tested don't-care and is NOT the project-standard is32 bit (the compiler's own f32 rsqrt encodes byte+3 = 0x00). v >= 192 names r96+, outside the 96-GPR file: 45 of those 64 values gave a genuine kIOGPUCommandBufferCallbackErrorHang, 19 were only ever observed as innocent victims, and none ever worked. NEVER EMIT v >= 192. (EXP-0165 analysis/rederive_def1_fspecial.py, def1_summary.py, rederive_gen03.py.)
fspecial	fn_hi	hardware-run	G17P	EXP-0161|EXP-0165	POSITION UNCHANGED. HW-CONFIRMED BY COMPUTED VALUE on G17P: with all other bytes held, fn_hi=0 computes log2 and fn_hi=1 computes exp2 at fnclass 2 -- so the enum is confirmed by the value the SFU produced, not by a byte pattern.
fspecial	fnclass	hardware-run	G17P	EXP-0161|EXP-0165	POSITION UNCHANGED. Map measured BY COMPUTED VALUE. fn_hi=1 (0xaf): class&3 = 1 -> rsqrt, 2 -> exp2, 3 -> rsqrt, 0 -> +inf for every input. fn_hi=0 (0x2f): 0 -> rint, 1 -> rsqrt, 2 -> log2, 3 -> NaN for 11 of 12 positive-finite inputs. Bit 3 is a DON'T-CARE (v and v+8 identical in all 8 pairs, three carriers). Bit 2 is NOT: live at class&3 = 0 on both datapaths (4/12 store nothing) and at class&3 = 1 on 0x2f (5/13 FAULT); inert elsewhere. This CORRECTS EXP-0161's db_defects DEF-0161-3, which generalised 'only the low two bits are live' from the 0xaf carrier alone (EXP-0165 analysis/rederive_def3_fnclass.py).
fspecial	fnsel	hardware-run	G17P	EXP-0161|EXP-0165	POSITION UNCHANGED. Accepted set fits (v & 0x99) == 0x90, 16 of 256, IDENTICAL in all three carriers.
fspecial	precsel	hardware-run	G17P	EXP-0161|EXP-0165	POSITION UNCHANGED. (v & 0x64) == 0x40, 32 of 256, in the two natural carriers; the synthesized carrier is looser ((v & 0x60) == 0x40, bit 2 don't-care, 64 of 256). Emit the tighter rule.
fspecial	roundmode	hardware-run	G17P	EXP-0161|EXP-0165	POSITION UNCHANGED. DEF-0161-4, re-derived in EXP-0165 with an explicit math.isnan test rather than a tolerance compare: on the rsqrt (0xaf) and log2 (0x2f) datapaths byte+8 has exactly ONE live bit -- bit 0 -- and setting it returns NaN in ALL 12 output lanes for EVERY input. 128/128 odd values all-NaN and 128/128 even values bit-matching the baseline, in two carriers x two gated runs, with no exceptions. **DO NOT EMIT bit 0.** The 0/2/4/6 round-mode enum is a claim about the DIRECT ROUND family only; on these two datapaths 2/4/6 are indistinguishable from 0, and the round-family arm (D4_FSPEC_FLOOR) was built but never run.
fspecial	sched_flag	hardware-run	G17P	EXP-0161|EXP-0165	POSITION UNCHANGED. HW-TESTED INERT over the whole exercised range: every value reproduces the unmutated result exactly. All 256 values accepted in both carriers. Role UNKNOWN -- any value is safe, but do not synthesize a meaning for it.
fspecial	src	hardware-run	G17P	EXP-0161|EXP-0165	NAME MOVED BY DEF-0161-1: byte+5 is the SOURCE register, packed reg = v >> 2 (bits 0-1 don't-care). Accept rule is exactly (v & 0xFC) == 0x00, the unique separating mask over all 256 candidates. Source map from the 16-register dump: 60/60 fit, 0 misfits, in BOTH gated runs (v = 0..59 -> r0..r14), each source identified twice over -- the computed rsqrt matches that register's seed AND that register is released to zero (56/56 where src != dst). Reaches r0..r63; r15..r63 executed without fault but are unverifiable in this carrier. 20/20 GENERATED encodings pass.
fspecial	src_cache	hardware-run	G17P	EXP-0161|EXP-0165	POSITION UNCHANGED. CARRIER-DEPENDENT: accepted set is (v & 0x02) == 0x02 (128 of 256) in D_FSPEC_INPLACE, where the operand comes straight from a device_load, and fully inert (256 of 256) in D3_FSPEC_SYNTH. Do not assume inert.
fspecial	src_class	hardware-run	G17P	EXP-0161|EXP-0165	POSITION UNCHANGED. Accepted set fits (v & 0x02) == 0x02, 128 of 256, identically in both carriers: exactly one live bit, and clearing it makes the instruction silently write zero.
fspecial	src_ext	hardware-run	G17P	EXP-0161|EXP-0165	NAME MOVED BY DEF-0161-1. This entry now labels byte+1's high nibble, which db.json called `dst` until EXP-0165. HW-TESTED INERT over the whole exercised range: every value reproduces the unmutated result exactly. All 16 values give a 16-register dump byte-identical to the baseline in both gated runs, and the result always lands in the same register, so this nibble is NOT the destination and NOT a source extension. The name is historical: a db.json field cannot be renamed without editing validation.json in the same commit. An emitter may write any value; 0 is what the compiler writes.
fspecial_est	b4	isolated-byte-diff	G17P	EXP-0161	PASSED THROUGH from EXP-0161 unchanged. E2_FSPEC_EST_RCP: accepted set fits (v & 0x03) == 0x00 (62 of 66 values) | E_FSPEC_EST: accepted set fits (v & 0x03) == 0x00 (64 of 256 values).
fspecial_est	b5	hardware-run	G17P	EXP-0161	PASSED THROUGH from EXP-0161 unchanged. Accepted set fits (v & 0xE0) == 0xC0 in both carriers (24 of 203 / 32 of 256).
fspecial_est	dst	hardware-run	G17P	EXP-0161	PASSED THROUGH from EXP-0161 unchanged; the fspecial_est descriptor is untouched by the EXP-0165 repair and EXP-0165 did not re-derive it.
fspecial_est	srcA	untested	G17P	EXP-0171	EXP-0189 withheld (UNSTABLE): 256 values dispatched over 4 arm(s), 1 observations moved, re-derived from raw under EXP-0164's frozen thresholds (>=2 gated runs, moved>=1 in both, >=99% per-value agreement, moved >= 2x disagreements). Reason: no-field-records.
fspecial_est	subop	hardware-run	G17P	EXP-0138-m4-emit-falu|EXP-0154-g17p-emit-alu|EXP-0161-g17p-carry-fspecial|EXP-0171	MOVED 255 of 256 on SYNTH:k_rsqrt@fspecial_est+18; cross-run agreement 1.0000 (256 agree / 0 disagree); 2 admitted carriers [FRAME,SYNTH | k_rsqrt]; accept-set size 1 = [15]; outcomes {"ok": 1, "silent_zero": 124, "wrong_value": 131} CAVEAT (EXP-0166 6.2): a SINGLETON accept-set establishes 'every other value breaks THIS carrier', NOT an operand/sub-op map -- and for a sub-op selector a non-ok outcome may simply mean 'a different function', not 'invalid'. | EXP-0189 citation repair: the records supporting this row live in EXP-0138-m4-emit-falu, EXP-0154-g17p-emit-alu, EXP-0161-g17p-carry-fspecial; the original citation EXP-0171 has no per-value records for it. Both are kept -- the stale one is where the claim came from, the new one is where the evidence is.
funary	mod	corpus-correlation	A18	EXP-0013	Own-shader byte-diff; no synthesized value was executed.
get_sr	dst	hardware-run	G17P	EXP-0168	100.000% agreement over 16 shared values, 15 moved vs 0 disagreements (infx), ladder and falsifier passed in every run
get_sr	dst_hi	untested	G17P	EXP-0168	EXP-0189 withheld (INERT-SINGLE): 8 values dispatched over 1 arm(s), 0 observations moved, re-derived from raw under EXP-0164's frozen thresholds (>=2 gated runs, moved>=1 in both, >=99% per-value agreement, moved >= 2x disagreements).
get_sr	form	untested	G17P	EXP-0178|EXP-0172	ORCHESTRATOR RULING WITHDRAWN 2026-08-30 by EXP-0189's closing audit. I promoted this to `isolated-byte-diff`, overriding EXP-0172's eight-arm decline, on one carrier's movement. **Two of the three grounds I gave were wrong.** (1) `isolated-byte-diff` requires the field to have run WITH THE PREDICTED EFFECT; all 12 records are `oracle: null` / `foreign: true` and score the UNMUTATED BASELINE as `wrong_value`, so no predicted effect was ever established. (2) EXP-0178 filed no verdict for this field at all -- it referred it explicitly for ruling. (3) My 'eight arms that cannot express it' rebuttal was FACTUALLY WRONG about EXP-0172, which recorded `spanned: true` on the datapath-width dimension in BOTH flip directions -- so those arms could express it. The movement is real (the audit buckets it STABLE-LIVE) but that is not the same as the label, and `get_sr` loses emittable status by an independent second route (`dst_hi`) regardless.
h_alu_hi	ctrl	untested	M4		Layout inherited from the HW-anchored half_alu / falu2 families; not independently exercised in the high-half form.
h_alu_hi	dst	hardware-run	G17P	EXP-0156	102 values reclassified `no_store` (EXP-0140 §8 rule: invalid_run in BOTH gated runs with every trial STATUS OK); half classification {'both': 103, 'hi_changed': 92, 'neither': 1, 'no_store': 60} (cross-run agree=False)
h_alu_hi	mods	untested	M4		Layout inherited from the HW-anchored half_alu / falu2 families; not independently exercised in the high-half form.
h_alu_hi	opflags	hardware-run	G17P	EXP-0156	96 values reclassified `no_store` (EXP-0140 §8 rule: invalid_run in BOTH gated runs with every trial STATUS OK); half classification {'hi_changed': 240, 'neither': 16} (cross-run agree=True)
h_alu_hi	opsel	hardware-run	G17P	EXP-0156	96 values reclassified `no_store` (EXP-0140 §8 rule: invalid_run in BOTH gated runs with every trial STATUS OK); half classification {'hi_changed': 240, 'neither': 16} (cross-run agree=True)
h_alu_hi	srcA	hardware-run	G17P	EXP-0156	half classification {'both': 4, 'hi_changed': 250, 'neither': 2} (cross-run agree=True)
h_alu_hi	srcB	hardware-run	G17P	EXP-0156	half classification {'both': 4, 'hi_changed': 250, 'neither': 2} (cross-run agree=True)
h_alu_hi_ext	dst	untested	M4		Layout inherited from the HW-anchored half_alu / falu2 families; not independently exercised in the high-half form.
h_alu_hi_ext	ext	untested	M4		Layout inherited from the HW-anchored half_alu / falu2 families; not independently exercised in the high-half form.
h_alu_hi_ext	opflags	untested	M4		Layout inherited from the HW-anchored half_alu / falu2 families; not independently exercised in the high-half form.
h_alu_hi_ext	srcA	untested	M4		Layout inherited from the HW-anchored half_alu / falu2 families; not independently exercised in the high-half form.
h_alu_hi_ext	srcB	untested	M4		Layout inherited from the HW-anchored half_alu / falu2 families; not independently exercised in the high-half form.
h_alu_hi_ext	srcC	untested	M4		Layout inherited from the HW-anchored half_alu / falu2 families; not independently exercised in the high-half form.
h_alu_hi_ext	tail	untested	M4		Layout inherited from the HW-anchored half_alu / falu2 families; not independently exercised in the high-half form.
h_coord_hi	_instruction	isolated-byte-diff	G17P	EXP-M4-13|EXP-0157	EXP-0181 refresh from corpus-correlation: EXP-0157 executed it in two independent half-precision carriers and showed every byte is load-bearing on the carrier's host oracle -- `srcA` is a real source-register field (240 of 255 values return a DIFFERENT non-zero result), `opsel` accepts (v & 0xd7) == 0x06 in BOTH carriers. But no claim the descriptor makes was proven BY VALUE: the 'writes the HIGH 16-bit half' semantics was demonstrated for the sibling `h_alu_hi` (EXP-0156 H-3), not for this descriptor, and 0x26-vs-0x2e (mul vs fma) was never separated by an oracle. Ran with the predicted effect at the compiler's own operand values; that is R2, not R1.
h_coord_hi	ctrl	hardware-run	G17P	EXP-0157	accepted set: (value & 0xff) == 0x04 | outcomes not_written=128, ok=1, silent_zero=36, wrong_value=90 | carrier h3mix, anchor +60, 2 agreeing captures (gate RSH)  ALSO: accepted set: (value & 0x7b) == 0x00 | outcomes fault=62, not_written=24, ok=3, silent_zero=36, wrong_value=84 | carrier h4fma, anchor +52, 2 agreeing captures (gate RSH)
h_coord_hi	dst	hardware-run	G17P	EXP-0157	outcomes not_written=1, silent_zero=14 | carrier h3mix, anchor +60, 2 agreeing captures (gate RSH)  ALSO: outcomes not_written=1, silent_zero=14 | carrier h4fma, anchor +52, 2 agreeing captures (gate RSH)
h_coord_hi	mods	hardware-run	G17P	EXP-0157	accepted set: (value & 0xff) == 0x01 | outcomes ok=1, wrong_value=254 | carrier h3mix, anchor +60, 2 agreeing captures (gate RSH)  ALSO: accepted set: (value & 0xff) == 0x88 | outcomes ok=1, silent_zero=12, wrong_value=242 | carrier h4fma, anchor +52, 2 agreeing captures (gate RSH)
h_coord_hi	opsel	hardware-run	G17P	EXP-0157	accepted set: (value & 0xd7) == 0x06 | outcomes not_written=160, ok=3, silent_zero=80, wrong_value=12 | carrier h3mix, anchor +60, 2 agreeing captures (gate RSH) | byte+2 op-select. (v & 0xd7) == 0x06 in BOTH half carriers -- the one cross-carrier constant in this instruction. Faults on 76-80 of 256 values.  ALSO: accepted set: (value & 0xd7) == 0x06 | outcomes fault=79, not_written=1, ok=3, silent_zero=87, wrong_value=4 | carrier h4fma, anchor +52, 2 agreeing captures (gate RSH) | byte+2 op-select. (v & 0xd7) == 0x06 in BOTH half carriers -- the one cross-carrier constant in this instruction. Faults on 76-80 of 256 values.
h_coord_hi	srcA	hardware-run	G17P	EXP-0157	accepted set: (value & 0xff) == 0x86 | outcomes ok=1, silent_zero=4, wrong_value=250 | carrier h3mix, anchor +60, 2 agreeing captures (gate RSH) | A real source-register field: 240 of 255 values return a DIFFERENT non-zero result. Only the compiler's own value (up to bit 7) reproduces the oracle, so it is pinned in this carrier.  ALSO: accepted set: (value & 0xff) == 0x87 | outcomes ok=1, silent_zero=14, wrong_value=240 | carrier h4fma, anchor +52, 2 agreeing captures (gate RSH) | A real source-register field: 240 of 255 values return a DIFFERENT non-zero result. Only the compiler's own value (up to bit 7) reproduces the oracle, so it is pinned in this carrier.
h_coord_hi	srcB	hardware-run	G17P	EXP-0157	accepted set: (value & 0xff) == 0x02 | outcomes ok=1, wrong_value=254 | carrier h3mix, anchor +60, 2 agreeing captures (gate RSH) | Same shape as srcA: 254 of 255 values return a different result.  ALSO: accepted set: (value & 0xff) == 0x04 | outcomes ok=1, wrong_value=254 | carrier h4fma, anchor +52, 2 agreeing captures (gate RSH) | Same shape as srcA: 254 of 255 values return a different result.
h_coord_hi_ext	_instruction	isolated-byte-diff	G17P	EXP-M4-13|EXP-0157	EXP-0181 refresh from corpus-correlation: Same reasoning as h_coord_hi, one rung weaker: EXP-0157 reached it in a SINGLE carrier. Its bytes are live on that carrier's oracle (`ext` faults on 128 of 233 values, `srcC` accepts one value) and its anchor 5880269081030022 decodes back to the descriptor, but one carrier cannot separate an inert field from a carrier that cannot see it -- the EXP-0155 lesson -- and nothing about the extended 3-source form was proven by value.
h_coord_hi_ext	dst	hardware-run	G17P	EXP-0157	outcomes not_written=1, silent_zero=14 | carrier h3mix, anchor +40, 2 agreeing captures (gate RSH)
h_coord_hi_ext	ext	untested	G17P	EXP-0157	EXP-0189 withheld (UNSTABLE): 255 values dispatched over 1 arm(s), 232 observations moved, re-derived from raw under EXP-0164's frozen thresholds (>=2 gated runs, moved>=1 in both, >=99% per-value agreement, moved >= 2x disagreements).
h_coord_hi_ext	opsel	hardware-run	G17P	EXP-0157	accepted set: (value & 0xff) == 0x06 | outcomes ok=1, silent_zero=236, wrong_value=18 | carrier h3mix, anchor +40, 2 agreeing captures (gate RSH)
h_coord_hi_ext	srcA	hardware-run	G17P	EXP-0157	accepted set: (value & 0xff) == 0x00 | outcomes ok=1, wrong_value=254 | carrier h3mix, anchor +40, 2 agreeing captures (gate RSH)
h_coord_hi_ext	srcB	untested	G17P	EXP-0157	EXP-0189 withheld (UNSTABLE): 255 values dispatched over 1 arm(s), 274 observations moved, re-derived from raw under EXP-0164's frozen thresholds (>=2 gated runs, moved>=1 in both, >=99% per-value agreement, moved >= 2x disagreements).
h_coord_hi_ext	srcC	hardware-run	G17P	EXP-0157	accepted set: (value & 0xff) == 0x83 | outcomes ok=1, wrong_value=252 | carrier h3mix, anchor +40, 2 agreeing captures (gate RSH)
h_coord_hi_ext	tail	untested	G17P	EXP-0157	EXP-0189 withheld (UNSTABLE): 584 values dispatched over 1 arm(s), 413 observations moved, re-derived from raw under EXP-0164's frozen thresholds (>=2 gated runs, moved>=1 in both, >=99% per-value agreement, moved >= 2x disagreements).
half_alu	ctrl	hardware-run	G17P	EXP-0169|EXP-0183	RENAMED FROM `srcB`, span unchanged (bits 32..39). The label and counts are EXP-0169's. The NAME changed because the operand role is REFUTED: EXP-0180's seed instructions carry byte+4 = 0x00 = h0 = r0's LOW half, which is non-zero in all 32,670 observed pre-vectors, and the observed result is exactly fp16(h[byte+1] + h[byte+3]) in 228,690 checks per run with zero mismatches -- byte+4 does not enter the arithmetic. Its low two bits are the measured LENGTH selector.
half_alu	dst	hardware-run	G17P	EXP-0138-m4-emit-falu|EXP-0180|EXP-0183	MOVED: bits 8..15 -> bits 4..7 (DEF-0180-1). The old row described byte+1, which is a SOURCE; its evidence is carried over to the new `srcA` row below, NOT to this one. COUNT CAVEAT, stated so the owner can choose: the 16-of-16 figure is from the DSTNIB arm, which varied this same byte0 on an 8-byte instance of the family; only 14 of 16 were dispatched in the 6-byte form itself. A conservative owner may prefer 14/14/16, which would set the THIN flag. | EXP-0189 citation repair: the records supporting this row live in EXP-0138-m4-emit-falu; the original citation EXP-0180, EXP-0183 has no per-value records for it. Both are kept -- the stale one is where the claim came from, the new one is where the evidence is.
half_alu	opflags	hardware-run	G17P	EXP-0169	moved on 1 of 1 ladder-passing carriers
half_alu	opsel	hardware-run	G17P	EXP-0169	moved on 1 of 1 ladder-passing carriers
half_alu	srcA	hardware-run	G17P	EXP-0169|EXP-0180|EXP-0183	RENAMED + RE-ROLED, span unchanged (bits 8..15). This is the row formerly filed as `half_alu.dst`; byte+1 is a SOURCE half-register descriptor h=(reg<<1)|is_high, not the destination. Its `untested` label was a DEFERRAL ('another experiment owns this field's verdict -> EXP-0168'), and EXP-0168's committed field_verdicts.json contains no such row, so the ruling was never made. Re-derived from EXP-0169's raw by EXP-0183.
half_alu	srcB	hardware-run	G17P	EXP-0169|EXP-0183	RENAMED, span unchanged (bits 24..31). This is the row formerly filed as `half_alu.srcA`; the name `srcA` moved to byte+1 to match the low-nibble-8 sibling `h_alu_hi`. Evidence and label are EXP-0169's, unchanged.
half_alu	src_modifier	hardware-run	G17P	EXP-0169	unchanged span; start/width added so merge_verdicts' DEF-0166-2 span guard can see this row.
half_alu_ext8	b4	isolated-byte-diff	G17P	EXP-0180|EXP-0183	RENAMED FROM `srcB_desc`, span unchanged (bits 32..39), and its RANGE TEXT WITHDRAWN. The committed text -- '0x01 required in the add+saturate instance; carries the fma srcA-negate (byte+7 0xc0 -> 0xc8)' -- is refuted twice over: '0x01 required' is a LENGTH requirement, and byte+7 is a different field entirely (DEF-0180-6, citation defect).
half_alu_ext8	b7_hi	hardware-run	G17P	EXP-0180|EXP-0183	RENAMED FROM `op_valid_marker`, span unchanged (bit 63), and its ENUM DELETED. The committed claim -- 'every byte+7 value without bit7 set nulls the op; required op-valid marker' -- is REFUTED. The op IS nullable from byte+7, but by instruction bit 60 (b7_mid bit 2), not bit 63.
half_alu_ext8	b7_mid	hardware-run	G17P	EXP-0180|EXP-0183	RANGE TEXT EXTENDED with the op-nulling rule. This is the control that `op_valid_marker` (bit 63) was wrongly believed to be.
half_alu_ext8	dst	hardware-run	G17P	EXP-0180|EXP-0183	MOVED: bits 8..15 -> bits 4..7 (DEF-0180-1). The old `dst` row's evidence describes byte+1 and is carried to `srcA`.
half_alu_ext8	mul_suppress	hardware-run	G17P	EXP-0180|EXP-0183	RENAMED FROM `saturate`, span unchanged (bit 57), and its ENUM DELETED. The committed enum -- '1 = output-clamp/saturate ON (clamps to [0,1])' -- is REFUTED at value level: a clamp to [0,1] cannot change 0.125, and this bit changes it to 0.46875. The bit suppresses the multiply term of the fma.
half_alu_ext8	opflags	hardware-run	G17P	EXP-0180|EXP-0183	range text extended with the measured fault wall.
half_alu_ext8	opsel	isolated-byte-diff	G17P	EXP-0180|EXP-0183	ENCODABLE RANGE CORRECTED from 8 to 3 (DEF-0180-2, re-derived EXP-0183 over the measured 32-cell length map).
half_alu_ext8	rsv6	hardware-run	G17P	EXP-0180|EXP-0183	RANGE TEXT WITHDRAWN AND REPLACED. The committed text -- 'byte+6 swept 0x00..0xc0, every value kept the result, fully INERT/reserved' (EXP-M4-14, which has no committed raw tree at all) -- is REFUTED. Its role is UNKNOWN; it reads inert only on the E8_ADD arm, whose base writes nothing at all and which therefore has no detection power.
half_alu_ext8	srcA	hardware-run	G17P	EXP-0180|EXP-0183	RENAMED + RE-ROLED, span unchanged (bits 8..15). Formerly `half_alu_ext8.dst`; byte+1 is a SOURCE, not the destination.
half_alu_ext8	srcB	hardware-run	G17P	EXP-0180|EXP-0183	RENAMED FROM `srcA`, span unchanged (bits 24..31). Label and counts are EXP-0180's, unchanged; only the name moved, because byte+1 took the name `srcA` to match `h_alu_hi`.
half_alu_ext8	srcC	hardware-run	G17P	EXP-0180|EXP-0183	RENAMED FROM `b5`, span unchanged (bits 40..47), and RETYPED mod -> reg. The committed text 'largely inert (bits3/4 null in this instance)' is withdrawn.
half_alu_fma12	_instruction	hardware-run	A18	EXP-M4-14	LENGTH-RULE DEFECT FLAGGED: a fixed 'always 12B for byte0==0x10' rule is WRONG. Own-MSL plain half fma is only 8B, and 121/126 corpus instances embed a real op-leader byte (0x9f iadd, 0xa8, 0x54, 0xe7) inside `ext`.
half_alu_fma12	dst	untested	G17P	EXP-0180|EXP-0183	EXP-0189 withheld (UNVERIFIABLE): 0 values dispatched over 0 arm(s), 0 observations moved, re-derived from raw under EXP-0164's frozen thresholds (>=2 gated runs, moved>=1 in both, >=99% per-value agreement, moved >= 2x disagreements). Reason: field-named-but-unstructured.
half_alu_fma12	ext	untested	G17P	EXP-0180|EXP-0183	RANGE TEXT CORRECTED. What its first byte does is MEASURED: byte+4's low two bits are the length selector and this 12-byte form is reachable only at (opsel 6, m 3), re-derived by EXP-0183 over 32 of 32 cells with zero ambiguity. EXP-0180 REFUTED ITS OWN DEF-0180-3: half_alu_fma12 really is 12 bytes there, so the earlier 'this descriptor OVER-CONSUMES the following instruction's leader' claim is WITHDRAWN. The residue is that bits 34..95 are unmodelled, which is why the descriptor keeps `emit_unsafe`.
half_alu_fma12	opsel	isolated-byte-diff	G17P	EXP-0180|EXP-0183	ENCODABLE RANGE CORRECTED from 8 to 1. NOT folded into `match` even though one legal value normally means it should be (falu2_uni.uni_mode, EXP-0175): folding [16,3,6] MEASURABLY REGRESSES the corpus -- 841 -> 835 clean files, +748 leftover bytes, half_alu_fma12 firings 7 -> 0. That is the same G17P-measurement-versus-M4-corpus disagreement EXP-0182 measured for the length rule, and it sits inside EXP-0180's own stated bound. The folded variant is committed as EXP-0183 work/cand_final_plus_fold; the decision is the db owner's.
half_alu_fma12	srcA	hardware-run	G17P	EXP-0180|EXP-0183	RENAMED + RE-ROLED, span unchanged (bits 8..15). Formerly `half_alu_fma12.dst`.
half_alu_fma12	srcB	hardware-run	G17P	EXP-0180|EXP-0183	RENAMED FROM `srcA`, span unchanged (bits 24..31).
half_compact4	_instruction	corpus-correlation	M4	EXP-0148	Descriptor ADDED by EXP-0148 from corpus A/B evidence (STRUCTURAL). No hardware sweep was run for this instruction -- EXP-0148 was a modelling dispatch and says so explicitly. Every field here is corpus-derived and must be swept before anything is emitted. fp16 sibling of falu_compact4; required by length patch L3
half_compact4	dst	corpus-correlation	M4	EXP-0148	Not swept. Do not emit.
half_compact4	operand	corpus-correlation	M4	EXP-0148	Not swept. Do not emit.
half_compact4	opmode	corpus-correlation	M4	EXP-0148	Not swept. Do not emit.
half_compact4	opsel	corpus-correlation	M4	EXP-0148	Not swept. Do not emit.
half_pack	b3	untested	G17P	EXP-0154	EXP-0164 withheld: 256 values dispatched, 1 carrier(s) tested, 86 observations moved, but the movement does not reproduce across the two gated runs at >=99% per-value agreement with movement >= 2x the disagreement count. Needs a third gated run.
half_pack	dstlo	untested	G17P	EXP-0154	EXP-0164 withheld: 256 values dispatched, 1 carrier(s) tested, 88 observations moved, but the movement does not reproduce across the two gated runs at >=99% per-value agreement with movement >= 2x the disagreement count. Needs a third gated run.
half_pack	src	hardware-run	G17P	EXP-0160	carrier SYNTH+LIFTED:k_half2@half_pack[32:42]; outcomes(seed set 1) {'ok': 224, 'wrong_value': 8, 'silent_zero': 24}; anchor value 0x18; P1=True P2=True P3=True model=M2 CLASS TABLE
hminmax	_instruction	hardware-run	G17P	EXP-0156	EXP-0181 refresh from corpus-correlation: EXP-0156's h_max carrier reproduced the host-computed exact fp16 max(a,b) pattern (0x40003c00), and byte+4's low bit 0->1 turned max into min -- matching the host MIN oracle while FAILING the MAX oracle, exactly as pre-registered. Every modelled field was measured; the accepted sets were identical in both gated runs.
hminmax	dst	hardware-run	G17P	EXP-0156	148 values reclassified `no_store` (EXP-0140 §8 rule: invalid_run in BOTH gated runs with every trial STATUS OK)
iadd2	addsub	untested	M4	EXP-0146|EXP-0166	EXP-0189 withheld (UNSTABLE): 2 values dispatched over 1 arm(s), 20 observations moved, re-derived from raw under EXP-0164's frozen thresholds (>=2 gated runs, moved>=1 in both, >=99% per-value agreement, moved >= 2x disagreements).
iadd2	b2_bit0	hardware-run	G17P	EXP-0154	carrier SYNTH+LIFTED:k_u32add@iadd2[32:42]; outcomes {'ok': 2}; ok at {0x0-0x1}
iadd2	b2_fmt	single-template-inference	G17P	EXP-0171	DENSE-INERT: 0 of 64 sub-values moved, on 3 admitted carriers [FRAME,NAT,SYNTH | k_u32add], every one with its byte0 falsifier PROVEN non-ok and its liveness ladder PROVEN live ({"3": 4, "5": 4}). 64 distinct encodings, cross-run agreement 1.0. The carriers differ in the dimension this field would control (the store-enable/format byte, plus the consumer dimension.) but share ONE compiler-emitted anchor, so 'any value works' is still a statement about one template. NOT promoted: emitter grade asserts the implementer may CHOOSE the value, and 'emit what the compiler emitted' is a captured-template dependency. A successor needs a SECOND anchor of this instruction.
iadd2	lenbit	hardware-run	M4	EXP-0139	reproducibly FAULT (5/5 attempts, healthy baselines) at 1 values: 0
iadd2	opc_tail	hardware-run	M4	EXP-0146|EXP-0166	64-bit form only, carrier `k_u64sub` (`1f 01 56 00 02 08 00 50 17 05`). Dense 0..255, both gated runs agreeing on every value. Accept-set is exactly the 64 values with (v & 0x11) == 0x11; the other 192 give 16 silent zeros and 176 wrong values. This is a SECOND carrier for a field EXP-0139 established on the 32-bit form, and the accept-set is carrier-scoped: do not read it as a global rule.
iadd2	opc_tail2	hardware-run	M4	EXP-0146|EXP-0166	64-bit form only, carrier `k_u64sub`. Dense 0..255, both gated runs agreeing on every value. Accept-set is exactly the 64 values with (v & 0x05) == 0x05; the other 192 all return a wrong value (no silent zeros). Second carrier for EXP-0139's 32-bit result; the accept-set is carrier-scoped.
iadd2	srcA	hardware-run	G17P	EXP-0139-m4-emit-ialu|EXP-0146-m4-emit-int-misc|EXP-0154-g17p-emit-alu|EXP-0171	MOVED 252 of 256 on NAT:k_u32add@iadd2+32; cross-run agreement 1.0000 (256 agree / 0 disagree); 3 admitted carriers [FRAME,NAT,SYNTH | k_u32add]; accept-set size 4 = [168, 172, 184, 188]; outcomes {"fault": 64, "ok": 4, "wrong_value": 188} | EXP-0189 citation repair: the records supporting this row live in EXP-0139-m4-emit-ialu, EXP-0146-m4-emit-int-misc, EXP-0154-g17p-emit-alu; the original citation EXP-0171 has no per-value records for it. Both are kept -- the stale one is where the claim came from, the new one is where the evidence is.
iadd2	srcB_ext	hardware-run	G17P	EXP-0154	carrier SYNTH+LIFTED:k_u32add@iadd2[32:42]; outcomes {'ok': 4, 'wrong_value': 124}; ok at {0x0-0x3}
iadd2	srcB_imm	untested	M4	EXP-0146|EXP-0166	EXP-0189 withheld (UNSTABLE): 256 values dispatched over 1 arm(s), 85 observations moved, re-derived from raw under EXP-0164's frozen thresholds (>=2 gated runs, moved>=1 in both, >=99% per-value agreement, moved >= 2x disagreements).
iadd2	srcB_imm_hi	hardware-run	G17P	EXP-0154	carrier SYNTH+LIFTED:k_u32add@iadd2[32:42]; outcomes {'ok': 1, 'wrong_value': 1}; ok at {0x0}
iadd2	srcB_reg_hi	untested	M4	EXP-0146|EXP-0166	EXP-0189 withheld (UNSTABLE): 128 values dispatched over 1 arm(s), 193 observations moved, re-derived from raw under EXP-0164's frozen thresholds (>=2 gated runs, moved>=1 in both, >=99% per-value agreement, moved >= 2x disagreements).
iadd2	store_en	hardware-run	G17P	EXP-0154	carrier SYNTH+LIFTED:k_u32add@iadd2[32:42]; outcomes {'ok': 2}; ok at {0x0-0x1}
ibfe	b11hi	hardware-run	M4	EXP-0139	second independent carrier IBFE_SH AGREES (hardware-run over 0..63 dense (all 64 values))
ibfe	b2_bit0	single-template-inference	G17P	EXP-0171	DENSE-INERT: 0 of 2 sub-values moved, on 3 admitted carriers [NAT,SYNTH | k_bfe,k_bfe_s], every one with its byte0 falsifier PROVEN non-ok and its liveness ladder PROVEN live ({"3": 4, "10": 78}). 2 distinct encodings, cross-run agreement 1.0. The carriers DO differ in the dimension this field would control (as b2_fmt.), across 2 INDEPENDENT compiler-emitted anchors of this instruction (not one template), so an emitter may choose ANY value of this field. Labelled isolated-byte-diff, not hardware-run: the field was proven ACCEPTED at every encoding, never proven to SELECT anything. EXP-0175 review, accepted by orchestrator 2026-08-30: NOT emitter-grade. `sign_ext` clears the mechanical bar but its ROLE IS UNKNOWN -- EXP-0171 disproved the named one -- and emitter-grade asserts an implementer may CHOOSE the value. `b2_bit0` is weaker than EXP-0171 stated: on byte+2 the SYNTH carrier moves 0 of 256, so it has no detection power there; discounting it leaves ONE carrier style, below EXP-0171's own >=2-styles criterion. ibfe therefore does NOT close.
ibfe	b2_fmt	hardware-run	M4	EXP-0139	second independent carrier IBFE_SH AGREES (hardware-run over 0..63 dense (all 64 values))
ibfe	b4	hardware-run	M4	EXP-0139	3/256 values excluded as not reproducible (sibling-GPU contamination class, see RESULTS.md §3); 126 values return a silent zero; second independent carrier IBFE_SH AGREES (hardware-run over 0..255 dense (all 256 values))
ibfe	b5	hardware-run	G17P	EXP-0154	carrier SYNTH+LIFTED:k_bfe@ibfe[18:30]; outcomes {'ok': 179, 'wrong_value': 43, 'silent_zero': 3}; ok at {179 values}
ibfe	b6_bit0	hardware-run	G17P	EXP-0161	C2_IBFE_SHR_X: accepted set fits (v & 0x01) == 0x00 (1 of 2 values) | C_IBFE_BFE: accepted set fits (v & 0x01) == 0x00 (1 of 2 values)
ibfe	b7	hardware-run	M4	EXP-0139	128 values return a silent zero; second independent carrier IBFE_SH DIFFERS (isolated-byte-diff over 0..255 dense (all 256 values))
ibfe	dst	hardware-run	G17P	EXP-0154	carrier SYNTH+LIFTED:k_bfe@ibfe[18:30]; outcomes {'ok': 161, 'silent_zero': 28, 'fault': 10}; ok at {161 values}
ibfe	lenhi	isolated-byte-diff	M4	EXP-0139	1/128 values excluded as not reproducible (sibling-GPU contamination class, see RESULTS.md §3); 32 values return a silent zero; second independent carrier IBFE_SH AGREES (isolated-byte-diff over 0..127 dense (all 128 values))
ibfe	offset	hardware-run	G17P	EXP-0161	C_IBFE_BFE: accepted set fits (v & 0x3F) == 0x04 (1 of 64 values) | C_IBFE_SHR: accepted set fits (v & 0x3F) == 0x05 (1 of 64 values) | C_IBFE_SYNTH: accepted set fits (v & 0x3F) == 0x04 (1 of 64 values)
ibfe	sign_ext	single-template-inference	G17P	EXP-0171	DENSE-INERT: 0 of 2 sub-values moved, on 3 admitted carriers [NAT,SYNTH | k_bfe,k_bfe_s], every one with its byte0 falsifier PROVEN non-ok and its liveness ladder PROVEN live ({"3": 4, "10": 78}). 2 distinct encodings, cross-run agreement 1.0. The carriers DO differ in the dimension this field would control (signed vs unsigned extract. k_bfe (unsigned) and k_bfe_s (signed) are compiler-chosen anchors on either side of exactly this bit.), across 2 INDEPENDENT compiler-emitted anchors of this instruction (not one template), so an emitter may choose ANY value of this field. Labelled isolated-byte-diff, not hardware-run: the field was proven ACCEPTED at every encoding, never proven to SELECT anything. EXP-0175 review, accepted by orchestrator 2026-08-30: NOT emitter-grade. `sign_ext` clears the mechanical bar but its ROLE IS UNKNOWN -- EXP-0171 disproved the named one -- and emitter-grade asserts an implementer may CHOOSE the value. `b2_bit0` is weaker than EXP-0171 stated: on byte+2 the SYNTH carrier moves 0 of 256, so it has no detection power there; discounting it leaves ONE carrier style, below EXP-0171's own >=2-styles criterion. ibfe therefore does NOT close.
ibfe	srcA	hardware-run	G17P	EXP-0139-m4-emit-ialu|EXP-0154-g17p-emit-alu|EXP-0171	MOVED 192 of 256 on NAT:k_bfe@ibfe+18; cross-run agreement 1.0000 (256 agree / 0 disagree); 3 admitted carriers [NAT,SYNTH | k_bfe,k_bfe_s]; accept-set size 64; outcomes {"ok": 64, "wrong_value": 192} | EXP-0189 citation repair: the records supporting this row live in EXP-0139-m4-emit-ialu, EXP-0154-g17p-emit-alu; the original citation EXP-0171 has no per-value records for it. Both are kept -- the stale one is where the claim came from, the new one is where the evidence is.
ibfe	srcC_flags	isolated-byte-diff	M4	EXP-0139	64 values return a silent zero; second independent carrier IBFE_SH DIFFERS (hardware-run over 0..255 dense (all 256 values))
ibfe	store_en	hardware-run	G17P	EXP-0161	C2_IBFE_SHR_X: accepted set fits (v & 0x01) == 0x01 (1 of 2 values)
ibfe	width	hardware-run	G17P	EXP-0161	C_IBFE_SHR: accepted set is [0, 27, 28, 29, 30, 31, 32, 59, 60, 61, 62, 63] (no mask rule fits) | C_IBFE_SYNTH: accepted set is [6, 7, 8, 9, 38, 39, 40, 41] (no mask rule fits) | C_IBFE_BFE: accepted set fits (v & 0x1F) == 0x08 (2 of 64 values)
ibfe	width_lo	isolated-byte-diff	M4	EXP-0139	2 values return a silent zero; second independent carrier IBFE_SH AGREES (isolated-byte-diff over 0..15 dense (all 16 values))
ibfins	_instruction	corpus-correlation	M4	EXP-M4-13|EXP-0033	insert_bits has NO dedicated op in MSL lowering (mask + shift + combine); this is the shl/insert mirror of the extract family.
ibfins	b10	untested	G17P	EXP-0154	carrier SYNTH+LIFTED:k_rot_var@ibfins[42:54]; outcomes {'wrong_value': 179, 'ok': 61}; ok at {61 values}
ibfins	b4	hardware-run	M4	EXP-0139	128 values return a silent zero
ibfins	b6hi	untested	G17P	EXP-0154	carrier SYNTH+LIFTED:k_rot_var@ibfins[42:54]; outcomes {'wrong_value': 80, 'ok': 48}; ok at {48 values}
ibfins	b7	untested	G17P	EXP-0154	carrier SYNTH+LIFTED:k_rot_var@ibfins[42:54]; outcomes {'ok': 2, 'wrong_value': 183}; ok at {0x0, 0x4}
ibfins	cache	untested	G17P	EXP-0154	EXP-0164 withheld: 2 values dispatched, 1 carrier(s) tested, 0 observations moved. Never moved anything on the ONE carrier tried, so the probe could not have shown liveness either way (the EXP-0155 samp_extra failure mode). Needs a second, structurally different carrier.
ibfins	dst	hardware-run	G17P	EXP-0154	carrier SYNTH+LIFTED:k_rot_var@ibfins[42:54]; outcomes {'ok': 2, 'wrong_value': 190, 'fault': 4}; ok at {0x0-0x1}
ibfins	form	isolated-byte-diff	M4	EXP-0139	160 values return a silent zero
ibfins	mask_hi	untested	G17P	EXP-0154	EXP-0164 withheld: 2 values dispatched, 1 carrier(s) tested, 0 observations moved. Never moved anything on the ONE carrier tried, so the probe could not have shown liveness either way (the EXP-0155 samp_extra failure mode). Needs a second, structurally different carrier.
ibfins	mask_imm	untested	G17P	EXP-0154	EXP-0164 withheld: 256 values dispatched, 1 carrier(s) tested, 0 observations moved. Never moved anything on the ONE carrier tried, so the probe could not have shown liveness either way (the EXP-0155 samp_extra failure mode). Needs a second, structurally different carrier.
ibfins	srcC	isolated-byte-diff	M4	EXP-0139	64 values return a silent zero
ibitcount	cache	untested	G17P	EXP-0169	inert on the ONE carrier that had detection power; a second, structurally different carrier is required before this can be called inert (EXP-0164's own rule)
ibitcount	dst	untested	G17P	EXP-0169	another experiment owns this field's verdict (coordinator directive 2026-08-30): `dst` -> EXP-0168, `get_sr.form` -> EXP-0172. The raw is committed and attributable; the ruling is theirs.
ibitcount	fn_hi	hardware-run	G17P	EXP-0169	moved on 1 of 1 ladder-passing carriers
ibitcount	form	hardware-run	G17P	EXP-0169	moved on 1 of 1 ladder-passing carriers
ibitcount	op_enable	hardware-run	G17P	EXP-0169	moved on 1 of 1 ladder-passing carriers
ibitcount	src	hardware-run	G17P	EXP-0169	moved on 1 of 1 ladder-passing carriers
ibitcount	srcdesc	hardware-run	G17P	EXP-0169	moved on 1 of 1 ladder-passing carriers
ibitcount	tail	hardware-run	G17P	EXP-0169	moved on 1 of 1 ladder-passing carriers
icmp_pred	cond	untested	M4	EXP-0090|EXP-0112	EXP-0189 withheld (UNSTABLE): 256 values dispatched over 1 arm(s), 291 observations moved, re-derived from raw under EXP-0164's frozen thresholds (>=2 gated runs, moved>=1 in both, >=99% per-value agreement, moved >= 2x disagreements). Reason: no-field-records.
icmp_pred	dst_pred	hardware-run	M4+A18	EXP-0104|EXP-0115|EXP-0139-m4-emit-ialu|RT-ISA-FIX	There is NO predicate register file to allocate: the compiler emits dst_pred=0 in 0/18+ compiled instances and any nonzero value silently corrupts the branch outcome. A driver must always emit 0. | EXP-0189 citation repair: the records supporting this row live in EXP-0139-m4-emit-ialu; the original citation EXP-0104, EXP-0115, RT-ISA-FIX has no per-value records for it. Both are kept -- the stale one is where the claim came from, the new one is where the evidence is.
icmp_pred	neg	untested	M4	EXP-0139	EXP-0164 withheld: 2 values dispatched, 1 carrier(s) tested, 0 observations moved. Never moved anything on the ONE carrier tried, so the probe could not have shown liveness either way (the EXP-0155 samp_extra failure mode). Needs a second, structurally different carrier.
icmp_pred	srcA	untested	M4	EXP-0139	TESTED-BUT-UNEXPLAINED: 1 of 128 values reproduce the carrier's correct result (15); no <=4-bit rule explains the partition, so the field's SEMANTICS are not established and an emitter must not choose an arbitrary value. Full per-value observations are in raw/*/sweep.jsonl.
icmp_pred	srcB	untested	M4	EXP-0139	3/256 values excluded as not reproducible (sibling-GPU contamination class, see RESULTS.md §3); TESTED-BUT-UNEXPLAINED: 2 of 256 values reproduce the carrier's correct result (5,133); no <=4-bit rule explains the partition, so the field's SEMANTICS are not established and an emitter must not choose an arbitrary value. Full per-value observations are in raw/*/sweep.jsonl.
icmpsel	dst	isolated-byte-diff	M4	EXP-0139	15 values return a silent zero
icmpsel	dst_full	untested	M4	EXP-0139	252 values return a silent zero; TESTED-BUT-UNEXPLAINED: 4 of 256 values reproduce the carrier's correct result (2-3,130-131); no <=4-bit rule explains the partition, so the field's SEMANTICS are not established and an emitter must not choose an arbitrary value. Full per-value observations are in raw/*/sweep.jsonl.
icmpsel	fmt	isolated-byte-diff	M4	EXP-0139	12 values return a silent zero
icmpsel	mark0	isolated-byte-diff	M4	EXP-0139	16 values return a silent zero
icmpsel	sel_operand	tokenization-only	M4+A18	EXP-0036|EXP-M4-12|EXP-M4-13	The byte that varies most corpus-wide; register-select variation needs a splice.
if_push	scope	single-template-inference	G17P	EXP-0184	0 of 10 arms moved, on 2 carriers with 1 distinct baseline field values, every arm's control firing ⚠ THE BASIS OF THIS DECLINE IS NOW KNOWN TO BE CARRIER-LIMITED (EXP-0188). EXP-0184 measured 0/256 across 10 occurrences at nesting depth 1-3 with every control firing, and stated its own limitation: the loop-iteration (`0x1a`) region kind was never reached, every push its compiler emitted being `0f 05 54 01`. EXP-0188 BUILT that carrier — six loop carriers all emit `scope_kind == 0x1a`, four emit both `0x54` and `0x56` — and **the field MOVES there: at four `0x1a` occurrences, 0x00 and 0x54 FAULT while 0x56 and 0xFF are correct**, consistent with bit 1 being live. So db.json's `0x54`/`0x56` nesting-parity claim is a REAL SEMANTIC, not an annotation. Not promoted because EXP-0188 never reached a gated pair (device wedge) and this is calibration only — but the field is NOT a don't-care, and the sixth `single-template-inference` decline of the day to be overturned by a carrier differing in the dimension the field controls.
if_push	scope_kind	hardware-run	M4	EXP-0140	256/256 values executed (0 skipped by the hang budget); 242 comparable across the two gated runs (pairs where either side failed its integrity check or was skipped are excluded), 242 of those identical
if_push_pred	pred	untested	M4	EXP-0115	EXP-0189 withheld (UNVERIFIABLE): 0 values dispatched over 0 arm(s), 0 observations moved, re-derived from raw under EXP-0164's frozen thresholds (>=2 gated runs, moved>=1 in both, >=99% per-value agreement, moved >= 2x disagreements). Reason: no-field-records.
if_push_pred	scope	untested	M4	EXP-0140	EXP-0164 withheld: 256 values dispatched, 1 carrier(s) tested, 0 observations moved. Never moved anything on the ONE carrier tried, so the probe could not have shown liveness either way (the EXP-0155 samp_extra failure mode). Needs a second, structurally different carrier.
ilogic	dst	untested	G17P	EXP-0171|EXP-0175	EXP-0189 withheld (UNSTABLE): 16 values dispatched over 1 arm(s), 158 observations moved, re-derived from raw under EXP-0164's frozen thresholds (>=2 gated runs, moved>=1 in both, >=99% per-value agreement, moved >= 2x disagreements). Reason: no-field-records.
ilogic	lut_a_free	untested	G17P	EXP-0171	EXP-0189 withheld (UNSTABLE): 8 values dispatched over 2 arm(s), 111 observations moved, re-derived from raw under EXP-0164's frozen thresholds (>=2 gated runs, moved>=1 in both, >=99% per-value agreement, moved >= 2x disagreements). Reason: no-field-records.
ilogic	lut_a_sel	untested	G17P	EXP-0171	EXP-0189 withheld (UNSTABLE): 4 values dispatched over 2 arm(s), 1378 observations moved, re-derived from raw under EXP-0164's frozen thresholds (>=2 gated runs, moved>=1 in both, >=99% per-value agreement, moved >= 2x disagreements). Reason: no-field-records.
ilogic	lut_a_z	hardware-run	G17P	EXP-0146-m4-emit-int-misc|EXP-0154-g17p-emit-alu|EXP-0171	MOVED 7 of 8 on NAT:k_and@ilogic+32; cross-run agreement 1.0000 (8 agree / 0 disagree); 7 admitted carriers [FRAME,NAT,SYNTH | k_and,k_andn,k_nand,k_or,k_xor]; accept-set size 1 = [0]; outcomes {"ok": 1, "silent_zero": 7} CAVEAT (EXP-0166 6.2): a SINGLETON accept-set establishes 'every other value breaks THIS carrier', NOT an operand/sub-op map -- and for a sub-op selector a non-ok outcome may simply mean 'a different function', not 'invalid'. | EXP-0189 citation repair: the records supporting this row live in EXP-0146-m4-emit-int-misc, EXP-0154-g17p-emit-alu; the original citation EXP-0171 has no per-value records for it. Both are kept -- the stale one is where the claim came from, the new one is where the evidence is.
ilogic	lut_b	hardware-run	G17P	EXP-0154	carrier SYNTH+LIFTED:k_and@ilogic[32:42]; outcomes {'ok': 16, 'wrong_value': 171, 'silent_zero': 63}; ok at {0x0, 0x8, 0x20, 0x28, 0x40, 0x48, 0x60, 0x68, 0x80, 0x88, 0xa0, 0xa8, 0xc0, 0xc8, 0xe0, 0xe8}
ilogic	op_base	hardware-run	G17P	EXP-0154	carrier SYNTH+LIFTED:k_and@ilogic[32:42]; outcomes {'wrong_value': 1, 'ok': 1}; ok at {0x1}
ilogic	outmod	hardware-run	G17P	EXP-0146-m4-emit-int-misc|EXP-0154-g17p-emit-alu|EXP-0171	MOVED 128 of 256 on NAT:k_and@ilogic+32; cross-run agreement 1.0000 (256 agree / 0 disagree); 7 admitted carriers [FRAME,NAT,SYNTH | k_and,k_andn,k_nand,k_or,k_xor]; accept-set size 128; outcomes {"ok": 128, "silent_zero": 128} | EXP-0189 citation repair: the records supporting this row live in EXP-0146-m4-emit-int-misc, EXP-0154-g17p-emit-alu; the original citation EXP-0171 has no per-value records for it. Both are kept -- the stale one is where the claim came from, the new one is where the evidence is.
ilogic	srcA	hardware-run	G17P	EXP-0154	carrier SYNTH+LIFTED:k_and@ilogic[32:42]; outcomes {'wrong_value': 248, 'ok': 4}; ok at {0x4-0x5, 0x84-0x85}
ilogic	srcB	hardware-run	G17P	EXP-0154	carrier SYNTH+LIFTED:k_and@ilogic[32:42]; outcomes {'ok': 3, 'silent_zero': 218, 'wrong_value': 32}; ok at {0x0-0x1, 0x81}
ilogic	z6	single-template-inference	G17P	EXP-0171	DENSE-INERT: 0 of 256 sub-values moved, on 3 admitted carriers [FRAME,NAT,SYNTH | k_and], every one with its byte0 falsifier PROVEN non-ok and its liveness ladder PROVEN live ({"1": 6, "3": 6, "5": 2}). 256 distinct encodings, cross-run agreement 1.0. The carriers differ in the dimension this field would control (instruction FRAMING and the consumer. FRAME places a 6B falu2i then a 2B mov_imm immediately after the block, so a trailing byte that were a length/framing bit would lose both markers; NAT/SYNTH differ in the consumer.) but share ONE compiler-emitted anchor, so 'any value works' is still a statement about one template. NOT promoted: emitter grade asserts the implementer may CHOOSE the value, and 'emit what the compiler emitted' is a captured-template dependency. A successor needs a SECOND anchor of this instruction.
ilogic	z8	single-template-inference	G17P	EXP-0171	DENSE-INERT: 0 of 256 sub-values moved, on 3 admitted carriers [FRAME,NAT,SYNTH | k_and], every one with its byte0 falsifier PROVEN non-ok and its liveness ladder PROVEN live ({"1": 6, "3": 6, "5": 2}). 256 distinct encodings, cross-run agreement 1.0. The carriers differ in the dimension this field would control (as z6.) but share ONE compiler-emitted anchor, so 'any value works' is still a statement about one template. NOT promoted: emitter grade asserts the implementer may CHOOSE the value, and 'emit what the compiler emitted' is a captured-template dependency. A successor needs a SECOND anchor of this instruction.
ilogic	z9	single-template-inference	G17P	EXP-0171	DENSE-INERT: 0 of 256 sub-values moved, on 3 admitted carriers [FRAME,NAT,SYNTH | k_and], every one with its byte0 falsifier PROVEN non-ok and its liveness ladder PROVEN live ({"1": 6, "3": 6, "5": 2}). 256 distinct encodings, cross-run agreement 1.0. The carriers differ in the dimension this field would control (as z6.) but share ONE compiler-emitted anchor, so 'any value works' is still a statement about one template. NOT promoted: emitter grade asserts the implementer may CHOOSE the value, and 'emit what the compiler emitted' is a captured-template dependency. A successor needs a SECOND anchor of this instruction.
imad	b0bit7	hardware-run	G17P	EXP-0154	carrier SYNTH+LIFTED:k_imad@imad[32:44]; outcomes {'wrong_value': 1, 'ok': 1}; ok at {0x1}
imad	b11	untested	M4	EXP-0139	EXP-0164 withheld: 256 values dispatched, 1 carrier(s) tested, 0 observations moved. Never moved anything on the ONE carrier tried, so the probe could not have shown liveness either way (the EXP-0155 samp_extra failure mode). Needs a second, structurally different carrier.
imad	b1hi	untested	M4	EXP-0139	EXP-0164 withheld: 128 values dispatched, 1 carrier(s) tested, 0 observations moved. Never moved anything on the ONE carrier tried, so the probe could not have shown liveness either way (the EXP-0155 samp_extra failure mode). Needs a second, structurally different carrier.
imad	b2_bit0	untested	G17P	EXP-0154	EXP-0164 withheld: 2 values dispatched, 1 carrier(s) tested, 0 observations moved. Never moved anything on the ONE carrier tried, so the probe could not have shown liveness either way (the EXP-0155 samp_extra failure mode). Needs a second, structurally different carrier.
imad	b2_fmt	untested	M4	EXP-0139	EXP-0164 withheld: 64 values dispatched, 1 carrier(s) tested, 0 observations moved. Never moved anything on the ONE carrier tried, so the probe could not have shown liveness either way (the EXP-0155 samp_extra failure mode). Needs a second, structurally different carrier.
imad	b9	isolated-byte-diff	M4	EXP-0139	64 values return a silent zero
imad	dst	hardware-run	G17P	EXP-0154	carrier SYNTH+LIFTED:k_imad@imad[32:44]; outcomes {'ok': 2, 'wrong_value': 28, 'silent_zero': 162, 'fault': 2}; ok at {0x0-0x1}
imad	lenbit	hardware-run	G17P	EXP-0154	carrier SYNTH+LIFTED:k_imad@imad[32:44]; outcomes {'ok': 1, 'wrong_value': 1}; ok at {0x0}
imad	mulsel	hardware-run	G17P	EXP-0154	carrier SYNTH+LIFTED:k_imad@imad[32:44]; outcomes {'ok': 8, 'wrong_value': 244, 'silent_zero': 4}; ok at {0x0, 0x10, 0x40, 0x50, 0x80, 0x90, 0xc0, 0xd0}
imad	opmode	hardware-run	M4	EXP-0139	128 values return a silent zero
imad	srcB	hardware-run	G17P	EXP-0154|EXP-0160|EXP-0165	NAME MOVED BY DEF-0160-6: this entry now labels byte+6, which EXP-0154 swept under the name `srcC_lo` and labelled from its ok-set alone without identifying a role. The role is now identified: byte+6 is a MULTIPLICAND REGISTER SELECTOR, reg = v >> 3; bit 0 = 1 makes that source read 0; bits 1 and 2 are inert. EXP-0154's ok-set {0x0, 0x2, 0x4, 0x6} is exactly the four values naming r0. Re-derived in EXP-0165 by solving r0 = m*(seed[a]*seed[b]) + A with BOTH multiplicands free and requiring one solution to satisfy both seed sets: byte+6 = 0x10 pins r2 UNIQUELY, and 0x00/0x02/0x04 -> r0, 0x08 -> r1, 0x20 -> r4, 0x40 -> r8 all contain the predicted register (10 of 11 probed values; the eleventh, 0xFF -> r31, lies outside the 16 seeded registers and is unmeasurable). **db.json modelled NO first multiplicand at all before this.**
imad	srcC_lo	hardware-run	G17P	EXP-0154	NAME MOVED BY DEF-0160-6: this entry now labels byte+5, which EXP-0154 swept under the name `srcB`. The label is unchanged and the sweep is unchanged -- only which byte the name points at. **ROLE UNRESOLVED**: in the EXP-0160 anchor byte+5 = 0x08 while the second multiplicand is demonstrably r2, which the project-standard (reg<<1)|size packing would read as r4, so either the packing here is reg<<2 or the second multiplicand is selected elsewhere. It is NOT the low half of an immediate addend -- there is no immediate addend (DEF-0160-3). Do not emit a register number here.
imad	store_en	untested	G17P	EXP-0154	EXP-0164 withheld: 2 values dispatched, 1 carrier(s) tested, 0 observations moved. Never moved anything on the ONE carrier tried, so the probe could not have shown liveness either way (the EXP-0155 samp_extra failure mode). Needs a second, structurally different carrier.
imageblock_load	_instruction	corpus-correlation	A18	EXP-O2D	EXP-0189 DOWNGRADE from `isolated-byte-diff`: every cited directory (EXP-O2D-compute-frag-tail) has NO per-value records for this descriptor, and no other directory contains bytes matching it. An emitter-grade INSTRUCTION label asserts the descriptor itself was established on hardware; nothing in the committed corpus supports that here.
imageblock_load	slice_off	untested	A18	EXP-O2D	EXP-0189 withheld (UNVERIFIABLE): 0 values dispatched over 0 arm(s), 0 observations moved, re-derived from raw under EXP-0164's frozen thresholds (>=2 gated runs, moved>=1 in both, >=99% per-value agreement, moved >= 2x disagreements). Reason: no-field-records.
imageblock_store	b4	single-template-inference	G17P	EXP-0163	INERT-ROBUST over the stated envelope: every value executed on 3 arms across 3 structurally different carriers (atoff4, ibms4, ibsamp), each of which PASSED the strict detection profile, and none moved any observed surface. This bounds the field; it does NOT establish that it is a don't-care outside this envelope. LABEL NOTE: carried as `single-template-inference`, NOT `hardware-run`, even though the hardware evidence is a full dense sweep -- because `hardware-run` is emitter-grade and an emitter here must reuse the compiler-observed value, which is a captured-template dependency. The measurement is not downgraded; see `hardware_evidence`.
imageblock_store	slice_off	untested	A18	EXP-O2D	EXP-0189 withheld (UNVERIFIABLE): 0 values dispatched over 0 arm(s), 0 observations moved, re-derived from raw under EXP-0164's frozen thresholds (>=2 gated runs, moved>=1 in both, >=99% per-value agreement, moved >= 2x disagreements). Reason: no-field-records.
imageblock_store	src	untested	G17P	EXP-0172	EXP-0189 withheld (UNSTABLE): 256 values dispatched over 2 arm(s), 111 observations moved, re-derived from raw under EXP-0164's frozen thresholds (>=2 gated runs, moved>=1 in both, >=99% per-value agreement, moved >= 2x disagreements).
iminmax	dst	hardware-run	G17P	EXP-0154	carrier SYNTH+LIFTED:k_imin@iminmax[32:38]; outcomes {'ok': 1, 'wrong_value': 12, 'silent_zero': 1}; ok at {0x0}
iminmax	dst_full	hardware-run	G17P	EXP-0160|EXP-0165	NAME MOVED BY DEF-0160-2: this entry now labels byte+5, which EXP-0160 swept under the name `srcB`. **It is NOT a register selector**: bits 3, 5, 6 and 7 are INERT (0 of 512 flip-pairs differ each, re-measured in EXP-0165) and no value->register model fits (reg = v>>1 and reg = v>>2 each explain only 32 of 256 cases). Its live bits are 0, 1, 2 and 4 and its anchor value 0xc0 is falu2's standard `mods` default, so it is the SOURCE-CLASS / MODIFIER byte. The name `dst_full` is historical and wrong; a db.json field cannot be renamed without editing validation.json in the same commit.
iminmax	fmt	isolated-byte-diff	M4	EXP-0139	12 values return a silent zero
iminmax	sel	hardware-run	G17P	EXP-0154	carrier SYNTH+LIFTED:k_imin@iminmax[32:38]; outcomes {'wrong_value': 6, 'ok': 2}; ok at {0x5, 0x7}
iminmax	selhi	isolated-byte-diff	M4	EXP-0139	12 values return a silent zero
iminmax	srcA	hardware-run	G17P	EXP-0154|EXP-0160|EXP-0165	NAME MOVED BY DEF-0160-2 (a 3-cycle over byte+1/+3/+5). byte+1 is the FIRST source descriptor, (reg<<1)|size -- the falu2 slot layout. Identified in EXP-0165 from EXP-0160's anchor `02 01 1e 05 07 00`, which computes imin(r0, r2) -> r0 in BOTH seed sets (10 and 7) with byte+1 = 0x01 naming r0. The dense sweep behind the label is EXP-0154's byte+1 sweep; the ROLE is EXP-0160/EXP-0165.
iminmax	srcB	hardware-run	G17P	EXP-0154|EXP-0160|EXP-0165	NAME MOVED BY DEF-0160-2. byte+3 is the SECOND source descriptor, (reg<<1)|size. Identified by a RELEASED-REGISTER observation: at the anchor value 0x05 the register it names (r2) comes back zeroed in both seed sets, which is release-on-read and identifies it as an operand. **WARNING TO THE MERGER: validation.json's existing `iminmax.srcB` row carries EXP-0160's byte+5 sweep. That evidence now belongs to `iminmax.dst_full`; this row replaces it.**
int_alu_ehi	b5	tokenization-only	M4+A18	EXP-0036|EXP-M4-12|EXP-M4-13	Located by role only, from committed permissively licensed Dawn/Tint std140 shaders - NOT own-MSL single-toggle. Our own MSL emits 0x9f (iadd) for equivalent integer address math, so this form could not be reproduced.
int_alu_ehi	flags	tokenization-only	M4+A18	EXP-0036|EXP-M4-12|EXP-M4-13	Located by role only, from committed permissively licensed Dawn/Tint std140 shaders - NOT own-MSL single-toggle. Our own MSL emits 0x9f (iadd) for equivalent integer address math, so this form could not be reproduced.
int_alu_ehi	opmode	tokenization-only	M4+A18	EXP-0036|EXP-M4-12|EXP-M4-13	Located by role only, from committed permissively licensed Dawn/Tint std140 shaders - NOT own-MSL single-toggle. Our own MSL emits 0x9f (iadd) for equivalent integer address math, so this form could not be reproduced.
int_alu_ehi	srcB	tokenization-only	M4+A18	EXP-0036|EXP-M4-12|EXP-M4-13	Located by role only, from committed permissively licensed Dawn/Tint std140 shaders - NOT own-MSL single-toggle. Our own MSL emits 0x9f (iadd) for equivalent integer address math, so this form could not be reproduced.
int_alu_ehi	srcC	tokenization-only	M4+A18	EXP-0036|EXP-M4-12|EXP-M4-13	Located by role only, from committed permissively licensed Dawn/Tint std140 shaders - NOT own-MSL single-toggle. Our own MSL emits 0x9f (iadd) for equivalent integer address math, so this form could not be reproduced.
int_alu_ehi	srcdesc	tokenization-only	M4+A18	EXP-0036|EXP-M4-12|EXP-M4-13	Located by role only, from committed permissively licensed Dawn/Tint std140 shaders - NOT own-MSL single-toggle. Our own MSL emits 0x9f (iadd) for equivalent integer address math, so this form could not be reproduced.
irotate	_instruction	hardware-run	G16G+G17P	EXP-0033|EXP-0146|EXP-0154|EXP-0172	EXP-0181 refresh from corpus-correlation: EXP-0033 read the rotate result back exactly from hardware for both a constant and a variable amount -- the documented semantics, by value -- and the single-op immediate form was separated from the multi-op dynamic lowering by byte-diff. EXP-0146/0154 then swept it densely on both targets and EXP-0172 showed byte+2 is ASYMMETRIC over its two legal values on three arms. Anchor 2701560002006c00f0150900 decodes back to irotate.
irotate	b2	hardware-run	G17P	EXP-0172	LIVE over its two legal values, and ASYMMETRIC: 0x56 -> 0x54 changes the observation on all three arms whose baseline is 0x56; 0x54 -> 0x56 changes nothing on either arm whose baseline is 0x54. Both directions were tested. The modelled 8-bit width is a fiction (DEF-0172-1).
irotate	operands	untested	M4	EXP-0146|EXP-0166	EXP-0189 withheld (UNSTABLE): 1276 values dispatched over 1 arm(s), 2365 observations moved, re-derived from raw under EXP-0164's frozen thresholds (>=2 gated runs, moved>=1 in both, >=99% per-value agreement, moved >= 2x disagreements).
irotate	tail	isolated-byte-diff	M4	EXP-0146|EXP-0166	⚠ MARGINAL COVERAGE ONLY. 32-bit raw field swept BYTE-WISE — bytes +8..+11, each over all 256 values with the others at their compiled value (1024 of 2^32 combinations); neither `max` nor `max-1` was encoded, so §3.3's w>8 bar is not met (A6). Per-byte accept-sets (M4): +8 (v&0xb7)==0xb0; +9 (v&0x12)==0x10; +10 (v&0xfd)==0x09; +11 (v&0x01)==0x00. EXP-0154 left +8 and +10 `untested` on G17P; this M4 row is the only evidence for them.
isel10	cc	hardware-run	G17P	EXP-0154	carrier SYNTH+LIFTED:k_isel@isel10[32:62]; outcomes {'wrong_value': 144, 'ok': 16, 'silent_zero': 96}; ok at {0x5, 0x7, 0xd, 0xf, 0x15, 0x17, 0x1d, 0x1f, 0x85, 0x87, 0x8d, 0x8f, 0x95, 0x97, 0x9d, 0x9f}
isel10	cmpA	hardware-run	G17P	EXP-0154	carrier SYNTH+LIFTED:k_isel@isel10[32:62]; outcomes {'ok': 204, 'silent_zero': 8, 'wrong_value': 44}; ok at {204 values}
isel10	cmpB	hardware-run	G17P	EXP-0154	carrier SYNTH+LIFTED:k_isel@isel10[32:62]; outcomes {'wrong_value': 252, 'ok': 4}; ok at {0x4-0x5, 0x84-0x85}
isel10	cmp_mode	hardware-run	G17P	EXP-0154	carrier SYNTH+LIFTED:k_isel@isel10[32:62]; outcomes {'wrong_value': 252, 'ok': 4}; ok at {0x82, 0x8a, 0x92, 0x9a}
isel10	dst	hardware-run	G17P	EXP-0154	carrier SYNTH+LIFTED:k_isel@isel10[32:62]; outcomes {'ok': 1, 'wrong_value': 12, 'silent_zero': 1}; ok at {0x0}
isel10	flags	hardware-run	G17P	EXP-0154	carrier SYNTH+LIFTED:k_isel@isel10[32:62]; outcomes {'ok': 32, 'wrong_value': 208, 'silent_zero': 16}; ok at {32 values}
isel10	opsel	isolated-byte-diff	M4	EXP-0139	12 values return a silent zero
isel10	selFalse	hardware-run	G17P	EXP-0154	carrier SYNTH+LIFTED:k_isel@isel10[32:62]; outcomes {'wrong_value': 252, 'ok': 4}; ok at {0x6-0x7, 0x86-0x87}
isel10	selFalse_file	isolated-byte-diff	M4	EXP-0139	3/256 values excluded as not reproducible (sibling-GPU contamination class, see RESULTS.md §3); reproducibly FAULT (5/5 attempts, healthy baselines) at 61 values: 64-78,80,82-95,192-211,213-223
isel10	selTrue	hardware-run	G17P	EXP-0154	carrier SYNTH+LIFTED:k_isel@isel10[32:62]; outcomes {'wrong_value': 252, 'ok': 4}; ok at {0x8-0x9, 0x88-0x89}
isel10_c	cmpA	untested	M4	EXP-0139	1/256 values excluded as not reproducible (sibling-GPU contamination class, see RESULTS.md §3); TESTED-BUT-UNEXPLAINED: 115 of 256 values reproduce the carrier's correct result (14,16-129); no <=4-bit rule explains the partition, so the field's SEMANTICS are not established and an emitter must not choose an arbitrary value. Full per-value observations are in raw/*/sweep.jsonl.
isel10_c	cmpB	untested	M4	EXP-0139	3/256 values excluded as not reproducible (sibling-GPU contamination class, see RESULTS.md §3); TESTED-BUT-UNEXPLAINED: 20 of 256 values reproduce the carrier's correct result (0-3,8-11,14-15,128-131,136-139,142-143); no <=4-bit rule explains the partition, so the field's SEMANTICS are not established and an emitter must not choose an arbitrary value. Full per-value observations are in raw/*/sweep.jsonl.
isel10_c	cmp_mode	untested	M4	EXP-0139	1/256 values excluded as not reproducible (sibling-GPU contamination class, see RESULTS.md §3); 64 values return a silent zero; TESTED-BUT-UNEXPLAINED: 20 of 256 values reproduce the carrier's correct result (2,10,18,26,34,42,50,58,98,106,114,122,162,170,178,186,226,234,242,250); no <=4-bit rule explains the partition, so the field's SEMANTICS are not established and an emitter must not choose an arbitrary value. Full per-value observations are in raw/*/sweep.jsonl.
isel10_c	flags	untested	M4	EXP-0139	EXP-0164 withheld: 256 values dispatched, 1 carrier(s) tested, 201 observations moved, but the movement does not reproduce across the two gated runs at >=99% per-value agreement with movement >= 2x the disagreement count. Needs a third gated run.
isel10_c	selFalse	untested	M4	EXP-0139	EXP-0164 withheld: 256 values dispatched, 1 carrier(s) tested, 13 observations moved, but the movement does not reproduce across the two gated runs at >=99% per-value agreement with movement >= 2x the disagreement count. Needs a third gated run.
isel10_c	selFalse_file	untested	M4	EXP-0139	EXP-0164 withheld: 256 values dispatched, 1 carrier(s) tested, 68 observations moved, but the movement does not reproduce across the two gated runs at >=99% per-value agreement with movement >= 2x the disagreement count. Needs a third gated run.
isel10_c	selTrue	untested	M4	EXP-0139	2/256 values excluded as not reproducible (sibling-GPU contamination class, see RESULTS.md §3); TESTED-BUT-UNEXPLAINED: 138 of 256 values reproduce the carrier's correct result (0-2,4-6,8-10,12,15,129-255); no <=4-bit rule explains the partition, so the field's SEMANTICS are not established and an emitter must not choose an arbitrary value. Full per-value observations are in raw/*/sweep.jsonl.
isel8	cc	hardware-run	G17P	EXP-0154	carrier SYNTH+LIFTED:k_rsqrt@isel8[18:32]; outcomes {'ok': 64, 'wrong_value': 192}; ok at {64 values}
isel8	cmpA	untested	G17P	EXP-0154	EXP-0164 withheld: 256 values dispatched, 1 carrier(s) tested, 1 observations moved, but the movement does not reproduce across the two gated runs at >=99% per-value agreement with movement >= 2x the disagreement count. Needs a third gated run.
isel8	cmpB	untested	G17P	EXP-0154	EXP-0164 withheld: 256 values dispatched, 1 carrier(s) tested, 0 observations moved. Never moved anything on the ONE carrier tried, so the probe could not have shown liveness either way (the EXP-0155 samp_extra failure mode). Needs a second, structurally different carrier.
isel8	cmp_mode	hardware-run	G17P	EXP-0160	carrier SYNTH+LIFTED:k_rsqrt@isel8[18:32]; outcomes(seed set 1) {'wrong_value': 128, 'ok': 128}; anchor value 0x82; P1=True P2=True P3=True model=M2 CLASS TABLE
isel8	dst	hardware-run	G17P	EXP-0154	carrier SYNTH+LIFTED:k_rsqrt@isel8[18:32]; outcomes {'wrong_value': 13, 'ok': 1}; ok at {0x7}
isel8	flags	hardware-run	G17P	EXP-0154	carrier SYNTH+LIFTED:k_rsqrt@isel8[18:32]; outcomes {'ok': 128, 'wrong_value': 128}; ok at {128 values}
isel8	opsel	isolated-byte-diff	M4	EXP-0139	12 values return a silent zero
isel8	selTrue	hardware-run	G17P	EXP-0154	carrier SYNTH+LIFTED:k_rsqrt@isel8[18:32]; outcomes {'wrong_value': 52, 'ok': 201}; ok at {201 values}
isel_reg	cmpA	hardware-run	G17P	EXP-0154	carrier SYNTH+LIFTED:k_rsqrt@isel_reg[80:100]; outcomes {'ok': 228, 'silent_zero': 22}; ok at {228 values}
isel_reg	cmpB	untested	G17P	EXP-0154	carrier SYNTH+LIFTED:k_rsqrt@isel_reg[80:100]; outcomes {'wrong_value': 254, 'ok': 1}; ok at {0xf}
isel_reg	cmp_mode	untested	G17P	EXP-0154	carrier SYNTH+LIFTED:k_rsqrt@isel_reg[80:100]; outcomes {'wrong_value': 250, 'ok': 4}; ok at {0x82, 0x8a, 0x92, 0x9a}
isel_reg	dst	hardware-run	G17P	EXP-0154	carrier SYNTH+LIFTED:k_rsqrt@isel_reg[80:100]; outcomes {'wrong_value': 12, 'ok': 1, 'silent_zero': 1}; ok at {0x4}
isel_reg	selFalse	hardware-run	G17P	EXP-0154	carrier SYNTH+LIFTED:k_rsqrt@isel_reg[80:100]; outcomes {'wrong_value': 252, 'ok': 4}; ok at {0x4-0x5, 0x84-0x85}
isel_reg	selFalse_file	isolated-byte-diff	M4	EXP-0139	1/256 values excluded as not reproducible (sibling-GPU contamination class, see RESULTS.md §3)
isel_reg	selTrue	hardware-run	G17P	EXP-0154	carrier SYNTH+LIFTED:k_rsqrt@isel_reg[80:100]; outcomes {'wrong_value': 252, 'ok': 4}; ok at {0x6-0x7, 0x86-0x87}
isel_reg8	cmpA	untested	M4	EXP-0139	2/256 values excluded as not reproducible (sibling-GPU contamination class, see RESULTS.md §3); TESTED-BUT-UNEXPLAINED: 2 of 256 values reproduce the carrier's correct result (1,129); no <=4-bit rule explains the partition, so the field's SEMANTICS are not established and an emitter must not choose an arbitrary value. Full per-value observations are in raw/*/sweep.jsonl.
isel_reg8	cmpB	untested	M4	EXP-0139	4/256 values excluded as not reproducible (sibling-GPU contamination class, see RESULTS.md §3); TESTED-BUT-UNEXPLAINED: 122 of 256 values reproduce the carrier's correct result (8-129); no <=4-bit rule explains the partition, so the field's SEMANTICS are not established and an emitter must not choose an arbitrary value. Full per-value observations are in raw/*/sweep.jsonl.
isel_reg8	cmp_mode	untested	M4	EXP-0139	128 values return a silent zero; TESTED-BUT-UNEXPLAINED: 4 of 256 values reproduce the carrier's correct result (1,17,129,145); no <=4-bit rule explains the partition, so the field's SEMANTICS are not established and an emitter must not choose an arbitrary value. Full per-value observations are in raw/*/sweep.jsonl.
isel_reg8	flags	untested	M4	EXP-0139	5/256 values excluded as not reproducible (sibling-GPU contamination class, see RESULTS.md §3); TESTED-BUT-UNEXPLAINED: 54 of 256 values reproduce the carrier's correct result (0,2,4,6,10,12,14,32,34,38,42,44,46,64,66,68,70,74,76,78,96,98,100,102,106,108,110,130,132,134,138,140,142,160,162,164,166,170,172,174,192,194,196,198,202,204,206,224,226,228,230,234,236,238); no <=4-bit rule explains the partition, so the field's SEMANTICS are not established and an emitter must not choose an arbitrary value. Full per-value observations are in raw/*/sweep.jsonl.
isel_reg8	selTrue	untested	M4	EXP-0139	2/256 values excluded as not reproducible (sibling-GPU contamination class, see RESULTS.md §3); TESTED-BUT-UNEXPLAINED: 2 of 256 values reproduce the carrier's correct result (4,132); no <=4-bit rule explains the partition, so the field's SEMANTICS are not established and an emitter must not choose an arbitrary value. Full per-value observations are in raw/*/sweep.jsonl.
ishift	form	isolated-byte-diff	M4	EXP-0139	64 values return a silent zero
ishift	op8	isolated-byte-diff	M4	EXP-0139	64 values return a silent zero
ishift	opB	hardware-run	G17P	EXP-0154	carrier SYNTH+LIFTED:k_ashr@ishift[18:28]; outcomes {'ok': 4, 'wrong_value': 52, 'silent_zero': 199}; ok at {0x0-0x3}
ishift	pad9	untested	M4	EXP-0139	EXP-0164 withheld: 256 values dispatched, 1 carrier(s) tested, 0 observations moved. Never moved anything on the ONE carrier tried, so the probe could not have shown liveness either way (the EXP-0155 samp_extra failure mode). Needs a second, structurally different carrier.
ishift	shamt	hardware-run	M4	EXP-0139	128 values return a silent zero
ishift	srcA	hardware-run	G17P	EXP-0154	carrier SYNTH+LIFTED:k_ashr@ishift[18:28]; outcomes {'ok': 2, 'wrong_value': 28, 'silent_zero': 162, 'fault': 6}; ok at {0x0-0x1}
ishift	src_cache	untested	M4	EXP-0139	EXP-0164 withheld: 256 values dispatched, 1 carrier(s) tested, 257 observations moved, but the movement does not reproduce across the two gated runs at >=99% per-value agreement with movement >= 2x the disagreement count. Needs a third gated run.
ishift	src_class	hardware-run	M4	EXP-0139	128 values return a silent zero
iter	b9	single-template-inference	G17P	EXP-0163	INERT-ROBUST over the stated envelope: every value executed on 6 arms across 6 structurally different carriers (atoff1, cent4, mrt3, vflat, vhalf, vmany), each of which PASSED the strict detection profile, and none moved any observed surface. This bounds the field; it does NOT establish that it is a don't-care outside this envelope. LABEL NOTE: carried as `single-template-inference`, NOT `hardware-run`, even though the hardware evidence is a full dense sweep -- because `hardware-run` is emitter-grade and an emitter here must reuse the compiler-observed value, which is a captured-template dependency. The measurement is not downgraded; see `hardware_evidence`.
iter	dst	isolated-byte-diff	G17P	EXP-0155	swept 195/256 of the frozen value set in both runs (incomplete: a hang/deadline budget stopped it); the values that did run agree across both runs
iter	grp	hardware-run	G17P	EXP-0155	[orchestrator: representative arm re-pointed from iter@frag0W to iter@frag1, where the field is demonstrably live (255/255 of 256 moved, 100.0% cross-run agreement); the original arm showed it inert.]
iter	mode	isolated-byte-diff	A18	EXP-0029|EXP-0155-g17p-emit-tex-frag|EXP-0163-g17p-inert-liveness	Perspective-correct interpolation is a MULTI-INSTRUCTION lowering, not a mode bit. | EXP-0189 citation repair: the records supporting this row live in EXP-0155-g17p-emit-tex-frag, EXP-0163-g17p-inert-liveness; the original citation EXP-0029 has no per-value records for it. Both are kept -- the stale one is where the claim came from, the new one is where the evidence is.
iter	src_slot	isolated-byte-diff	A18	EXP-0029|EXP-0163-g17p-inert-liveness	EXP-0189 citation repair: the records supporting this row live in EXP-0163-g17p-inert-liveness; the original citation EXP-0029 has no per-value records for it. Both are kept -- the stale one is where the claim came from, the new one is where the evidence is.
iter_at	_instruction	isolated-byte-diff	G17P	EXP-0163|EXP-0168|EXP-0029	ORCHESTRATOR REFRESH 2026-08-30 from corpus-correlation (A18, EXP-0029), applying the same rule EXP-0181 used for the other 30 stale descriptor labels: `corpus-correlation` asserts nothing was executed, and this instruction has been DISPATCHED on G17P repeatedly. EXP-0163 ran it in a CONTROLLED experiment -- `k_cent.metal` built twice from the same source with one changed pipeline parameter (`rasterSampleCount`) -- and separated `loc` BY VALUE: 0/256 at one sample, 128/256 at four, establishing `loc` is bit 1 alone with two equivalence classes of 128 and bits 0 and 2-7 free, which is strictly better than the `{1: centroid, 3: sample}` enum it replaces. EXP-0168 additionally dispatched `grp` on two carriers. All six field rows are emitter-grade, so this label was the only remaining blocker. ⚠ CORRECTED 2026-08-30 by EXP-0189: over-labelled as `hardware-run`. There are 10,398 dispatch records but only 10 carry an oracle (0.1%), there are zero generated encodings, and the rationale I wrote was rule 5 restated in words rather than measured. `isolated-byte-diff` is the honest label; the instruction stays emittable either way.
iter_at	dst	isolated-byte-diff	G17P	EXP-0155	swept 195/256 of the frozen value set in both runs (incomplete: a hang/deadline budget stopped it); the values that did run agree across both runs
iter_at	grp	isolated-byte-diff	G17P	EXP-0168|EXP-0181|EXP-0183	RE-SPANNED by EXP-0181 (bits 0..7 -> bit 7) and RE-DERIVED from EXP-0168's raw by EXP-0183. EXP-0168 filed `untested` on a '5 of 256' sweep; against the field's REAL encodable range of 2 the same raw is a DENSE 2-of-2 sweep reproducible in three runs. NOT recommended for `hardware-run`: r_i8s's own baseline record says 'baseline vs HOST oracle: MISMATCH', so only one of the two carriers has a valid oracle, and EXP-0168's ladder clause (`iter_at.loc`) was not met. The two out-of-descriptor byte0 values dispatched (0x00, 0x01) HUNG the device on both carriers in all three runs -- a hardware fact about the 254 illegal byte0 values, not about this field.
iter_at	loc	hardware-run	G17P	EXP-0163	LIVE: moved the observation on 7 arm(s) across atoff4, cent4, ms4cent, ms4out. Inert on atoff1, cent1 -- i.e. the EXP-0155 null was CARRIER-LIMITED, not a property of the silicon.
iter_flat	_instruction	isolated-byte-diff	G17P	EXP-0029|EXP-0155	EXP-0181 refresh from corpus-correlation: EXP-0029 gave a real behavioural proof with a paired negative control: the [[flat]] fragment renders a CONSTANT colour (the provoking-vertex value) at all 16 pixels while the interpolated variants show a gradient, and four 6-byte 0x1f ops tokenize interp_flat to zero leftover. EXP-0155 reproduced its baselines on G17P 23/23 and showed the bytes are live against four DISTINCT authored flat values. What is missing for R1 is a per-value oracle: the sweeps score movement against the baseline, so no `sel` value was shown to fetch a PREDICTED varying.
iter_flat	b4	hardware-run	G17P	EXP-0155	[orchestrator: representative arm re-pointed from iter_flat@flat1 to iter_flat@flat0, where the field is demonstrably live (254/254 of 256 moved, 100.0% cross-run agreement); the original arm showed it inert.]
iter_flat	b5	isolated-byte-diff	G17P	EXP-0155	1/256 values disagree between the two gated runs; validated at points, not over a range [orchestrator: representative arm re-pointed from iter_flat@flat1 to iter_flat@flat0, where the field is demonstrably live (192/192 of 256 moved, 100.0% cross-run agreement); the original arm showed it inert.]
iter_flat	sel	isolated-byte-diff	G17P	EXP-0155	swept 127/256 of the frozen value set in both runs (incomplete: a hang/deadline budget stopped it); the values that did run agree across both runs [orchestrator: representative arm re-pointed from iter_flat@flat1 to iter_flat@flat0, where the field is demonstrably live (126/126 of 126 moved, 100.0% cross-run agreement); the original arm showed it inert.]
iunary	b1	untested	A18	EXP-M4-14	EXP-0189 withheld (UNVERIFIABLE): 0 values dispatched over 0 arm(s), 0 observations moved, re-derived from raw under EXP-0164's frozen thresholds (>=2 gated runs, moved>=1 in both, >=99% per-value agreement, moved >= 2x disagreements). Reason: no-raw.
iunary	dst	hardware-run	M4	EXP-0139	1/272 values excluded as not reproducible (sibling-GPU contamination class, see RESULTS.md §3); reproducibly FAULT (5/5 attempts, healthy baselines) at 63 values: 192-241,243-255; 3 values return a silent zero
iunary	opsel	untested	A18	EXP-M4-14	EXP-0189 withheld (UNVERIFIABLE): 0 values dispatched over 0 arm(s), 0 observations moved, re-derived from raw under EXP-0164's frozen thresholds (>=2 gated runs, moved>=1 in both, >=99% per-value agreement, moved >= 2x disagreements). Reason: no-raw.
iunary	src	hardware-run	M4	EXP-0139	197 values return a silent zero
iunary	srcdesc	isolated-byte-diff	M4	EXP-0139	64 values return a silent zero
jump	branch_ctrl	untested	G17P	EXP-0156	EXP-0164 withheld: 254 values dispatched, 1 carrier(s) tested, 0 observations moved. Never moved anything on the ONE carrier tried, so the probe could not have shown liveness either way (the EXP-0155 samp_extra failure mode). Needs a second, structurally different carrier.
jump	link	untested	M4	EXP-0140	EXP-0164 withheld: 256 values dispatched, 1 carrier(s) tested, 0 observations moved. Never moved anything on the ONE carrier tried, so the probe could not have shown liveness either way (the EXP-0155 samp_extra failure mode). Needs a second, structurally different carrier.
jump	offset	untested	M4	EXP-0115|EXP-0010	EXP-0189 withheld (UNVERIFIABLE): 0 values dispatched over 0 arm(s), 0 observations moved, re-derived from raw under EXP-0164's frozen thresholds (>=2 gated runs, moved>=1 in both, >=99% per-value agreement, moved >= 2x disagreements). Reason: field-named-but-unstructured.
jump_cond	cf_scope	untested	G17P	EXP-0156	EXP-0164 withheld: 256 values dispatched, 1 carrier(s) tested, 0 observations moved. Never moved anything on the ONE carrier tried, so the probe could not have shown liveness either way (the EXP-0155 samp_extra failure mode). Needs a second, structurally different carrier.
jump_cond	offset	untested	G17P	EXP-0156	27 values reclassified `no_store` (EXP-0140 §8 rule: invalid_run in BOTH gated runs with every trial STATUS OK) | WITHHELD 2026-08-30 on EXP-0192, the PRE-REGISTERED successor to EXP-0191's post-hoc finding. `audit.py`'s `sig_of()` gives `ok` and `fault` different signatures, so `moved` COUNTS A FAULT AS MOVEMENT. This row is **Case C: fewer than two distinct VALID payloads (V=1) but 36 LEGAL values** -- multiple values ran legally and were INDISTINGUISHABLE. That is an inertness observation which the fault signature re-scored as movement; absent the defect it would have been INERT-SINGLE, already in the WITHHOLD set. Cross-run agreement is 100% and does not help: `moved` is precisely the ok/fault transition count, and a perfectly reproducible fault wall is a perfectly reproducible HAZARD MAP, not a semantic. The fault wall remains a first-class fact and a real legal-set bound. Case C says the PROMOTION is unsupported, not that the field is inert -- a single valid payload can also mean the arm lacked detection power.
jump_cond	reserved	untested	G17P	EXP-0156	EXP-0164 withheld: 256 values dispatched, 1 carrier(s) tested, 0 observations moved. Never moved anything on the ONE carrier tried, so the probe could not have shown liveness either way (the EXP-0155 samp_extra failure mode). Needs a second, structurally different carrier.
link_save_restore	_instruction	corpus-correlation	A18	EXP-M4-14|EXP-0035|EXP-0038	EXP-0189 DOWNGRADE from `hardware-run`: every cited directory (EXP-M4-14-a18-splice, EXP-0035-function-abi, EXP-0038-pack-carry-frame) has NO per-value records for this descriptor, and no other directory contains bytes matching it. An emitter-grade INSTRUCTION label asserts the descriptor itself was established on hardware; nothing in the committed corpus supports that here.
link_save_restore	b3	untested	A18	EXP-M4-14	EXP-0189 withheld (UNVERIFIABLE): 0 values dispatched over 0 arm(s), 0 observations moved, re-derived from raw under EXP-0164's frozen thresholds (>=2 gated runs, moved>=1 in both, >=99% per-value agreement, moved >= 2x disagreements). Reason: no-raw.
link_save_restore	dir_offset	untested	A18	EXP-M4-14	EXP-0189 withheld (UNVERIFIABLE): 0 values dispatched over 0 arm(s), 0 observations moved, re-derived from raw under EXP-0164's frozen thresholds (>=2 gated runs, moved>=1 in both, >=99% per-value agreement, moved >= 2x disagreements). Reason: no-raw.
link_save_restore	reserved7	untested	A18	EXP-M4-14	EXP-0189 withheld (UNVERIFIABLE): 0 values dispatched over 0 arm(s), 0 observations moved, re-derived from raw under EXP-0164's frozen thresholds (>=2 gated runs, moved>=1 in both, >=99% per-value agreement, moved >= 2x disagreements). Reason: no-raw.
matrix_mac	a_desc	untested	A18	EXP-O2C	EXP-0189 withheld (UNVERIFIABLE): 0 values dispatched over 0 arm(s), 0 observations moved, re-derived from raw under EXP-0164's frozen thresholds (>=2 gated runs, moved>=1 in both, >=99% per-value agreement, moved >= 2x disagreements). Reason: no-field-records.
matrix_mac	a_reg	untested	A18	EXP-O2C|RT-10-isa-pass2	EXP-0189 withheld (UNVERIFIABLE): 0 values dispatched over 0 arm(s), 0 observations moved, re-derived from raw under EXP-0164's frozen thresholds (>=2 gated runs, moved>=1 in both, >=99% per-value agreement, moved >= 2x disagreements). Reason: no-field-records.
matrix_mac	acc_en	untested	A18	EXP-O2C	EXP-0189 withheld (UNVERIFIABLE): 0 values dispatched over 0 arm(s), 0 observations moved, re-derived from raw under EXP-0164's frozen thresholds (>=2 gated runs, moved>=1 in both, >=99% per-value agreement, moved >= 2x disagreements). Reason: no-field-records.
matrix_mac	b11_rsv	untested	M4	EXP-0147	EXP-0164 withheld: 32 values dispatched, 1 carrier(s) tested, 0 observations moved. Never moved anything on the ONE carrier tried, so the probe could not have shown liveness either way (the EXP-0155 samp_extra failure mode). Needs a second, structurally different carrier.
matrix_mac	b_reg	untested	A18	EXP-O2C|RT-10-isa-pass2	EXP-0189 withheld (UNVERIFIABLE): 0 values dispatched over 0 arm(s), 0 observations moved, re-derived from raw under EXP-0164's frozen thresholds (>=2 gated runs, moved>=1 in both, >=99% per-value agreement, moved >= 2x disagreements). Reason: no-field-records.
matrix_mac	c_neg_all	hardware-run	M4	EXP-0147	Documented A*B+C iff (b11hi & 3)==0 (32/128); bits 2-6 don't-care. The two low bits are ACCUMULATOR SIGN controls resolved per tile row: bit0 -> rows 0-3 use -C; bit1 -> all 8 rows use -C; both -> rows 0-3 +C, rows 4-7 -C. So the matrix unit performs A*B-C (multiply-subtract) and a half-tile variant, which simdgroup_multiply_accumulate never emits. FIELD-MODEL CORRECTION (EXP-0147, HW, dense 128 x2 runs): two of the seven bits are SEMANTIC accumulator-sign controls, not padding -- bit0 of the old field (byte+11 bit1) makes rows 0-3 use -C, bit1 (byte+11 bit2) makes ALL rows use -C, and both set cancel back to +C. Correct a*b+c requires both clear (32 of 128 values). The matrix unit therefore computes A*B - C, a mode Metal's simdgroup_multiply_accumulate never emits.
matrix_mac	c_neg_half	hardware-run	M4	EXP-0147	Documented A*B+C iff (b11hi & 3)==0 (32/128); bits 2-6 don't-care. The two low bits are ACCUMULATOR SIGN controls resolved per tile row: bit0 -> rows 0-3 use -C; bit1 -> all 8 rows use -C; both -> rows 0-3 +C, rows 4-7 -C. So the matrix unit performs A*B-C (multiply-subtract) and a half-tile variant, which simdgroup_multiply_accumulate never emits. FIELD-MODEL CORRECTION (EXP-0147, HW, dense 128 x2 runs): two of the seven bits are SEMANTIC accumulator-sign controls, not padding -- bit0 of the old field (byte+11 bit1) makes rows 0-3 use -C, bit1 (byte+11 bit2) makes ALL rows use -C, and both set cancel back to +C. Correct a*b+c requires both clear (32 of 128 values). The matrix unit therefore computes A*B - C, a mode Metal's simdgroup_multiply_accumulate never emits.
matrix_mac	c_src	untested	A18	EXP-O2C	EXP-0189 withheld (UNVERIFIABLE): 0 values dispatched over 0 arm(s), 0 observations moved, re-derived from raw under EXP-0164's frozen thresholds (>=2 gated runs, moved>=1 in both, >=99% per-value agreement, moved >= 2x disagreements). Reason: no-field-records.
matrix_mac	dst	untested	A18	EXP-O2C	EXP-0189 withheld (UNVERIFIABLE): 0 values dispatched over 0 arm(s), 0 observations moved, re-derived from raw under EXP-0164's frozen thresholds (>=2 gated runs, moved>=1 in both, >=99% per-value agreement, moved >= 2x disagreements). Reason: no-field-records.
matrix_mac	dst_desc_lo	untested	M4	EXP-0147	EXP-0164 withheld: 64 values dispatched, 1 carrier(s) tested, 0 observations moved. Never moved anything on the ONE carrier tried, so the probe could not have shown liveness either way (the EXP-0155 samp_extra failure mode). Needs a second, structurally different carrier.
matrix_mac	dst_en	hardware-run	M4	EXP-0147	Correct A*B+C iff bit6==1 and bit7==0 (0x40-0x7f, 64/64). Bits 0-5 don't-care. 0x00-0x3f and 0x80-0xbf give a SILENT ZERO; 0xc0-0xff give a wrong value. Verified as an exact set identity over all 256 values in both runs. FIELD-MODEL CORRECTION (EXP-0147, HW, dense 256 x2 runs): the hardware rule is simple -- correct A*B+C iff bit6 == 1 and bit7 == 0 (0x40..0x7f, 64/64 values); bits 0-5 are don't-care; 0x00-0x3f and 0x80-0xbf give a SILENT ZERO and 0xc0-0xff a wrong value. The field was typed `raw` with no semantics.
matrix_mac	dtype	untested	A18	EXP-O2C	EXP-0189 withheld (UNVERIFIABLE): 0 values dispatched over 0 arm(s), 0 observations moved, re-derived from raw under EXP-0164's frozen thresholds (>=2 gated runs, moved>=1 in both, >=99% per-value agreement, moved >= 2x disagreements). Reason: no-field-records.
matrix_mac	mode	untested	A18	EXP-O2C	EXP-0189 withheld (UNVERIFIABLE): 0 values dispatched over 0 arm(s), 0 observations moved, re-derived from raw under EXP-0164's frozen thresholds (>=2 gated runs, moved>=1 in both, >=99% per-value agreement, moved >= 2x disagreements). Reason: no-field-records.
matrix_mac	op_enable	untested	A18	EXP-O2C|RT-10-isa-pass2	EXP-0189 withheld (UNVERIFIABLE): 0 values dispatched over 0 arm(s), 0 observations moved, re-derived from raw under EXP-0164's frozen thresholds (>=2 gated runs, moved>=1 in both, >=99% per-value agreement, moved >= 2x disagreements). Reason: no-field-records.
matrix_mac	pad4	untested	A18	EXP-O2C	EXP-0189 withheld (UNVERIFIABLE): 0 values dispatched over 0 arm(s), 0 observations moved, re-derived from raw under EXP-0164's frozen thresholds (>=2 gated runs, moved>=1 in both, >=99% per-value agreement, moved >= 2x disagreements). Reason: no-field-records.
mem_fence	b5	corpus-correlation	M4	EXP-0141	NOT PROMOTED, same reason.
mem_fence	memclass	corpus-correlation	M4	EXP-0141	NOT PROMOTED, same reason as mem_fence.sub: no ordering observable.
mem_fence	sub	corpus-correlation	M4	EXP-0141	NOT PROMOTED. This carrier has no memory-ORDERING observable (a single 8-lane threadgroup with a trailing barrier), so a pass bounds acceptance and dataflow inertness only, not the fence's semantics. Recorded so nobody re-probes it blindly.
mesh_out_src	sel	tokenization-only	M4+A18	EXP-0036|EXP-M4-12|EXP-M4-13	⚠ A CARRIER NOW EXISTS. Prior censuses recorded 0 occurrences across 24 carriers and the field was declined on that measured basis — but **all 24 were COMPUTE kernels and this op is MESH-STAGE ONLY**. EXP-0187 emitted it on a `mesh_wide` mesh-stage program with one walk-confirmed occurrence: the first carrier ever found. The 'no carrier exists' reading was the census's blind spot, not the hardware's. Sweepable by a successor.
mov_imm	_instruction	hardware-run	G16G+G17P	EXP-0031|EXP-0140|EXP-0153|EXP-0167|EXP-0168	EXP-0181 refresh from corpus-correlation: The strongest case in the set and the reason the orchestrator refused to gate on these labels. EXP-0031 proved the semantics by value on hardware (splicing byte+1 0x20->0x21/0x40/0x11 changes the output to 33/64/17 -- the literal, not an SR read); EXP-0140 swept dst 16/16 against a host oracle with four 12-register aliasing scans; EXP-0128/0140 corrected the immediate to SEVEN bits by measurement against a POISONED read-back and found the imm7==12 tokenization hole; and EXP-0167 ran 196,114 assembler-GENERATED mov_imm instances inside 233 zero-copied programs whose 01_results.jsonl was BYTE-IDENTICAL across two isolated gated runs. `corpus-correlation` is flatly wrong for this descriptor.
mov_imm	dst	hardware-run	M4	EXP-0140	all 16 values executed with a host-computed oracle; four 12-register aliasing scans confirm no second register changes; 16/16 values reproduced identically across both gated runs
mov_imm	imm_top	hardware-run	G17P	EXP-0168	100.000% agreement over 6 shared values, 5 moved vs 0 disagreements (infx), ladder and falsifier passed in every run
mov_zext16	_instruction	hardware-run	G17P	EXP-0013|EXP-0161|EXP-0165	EXP-0181 refresh from corpus-correlation: EXP-0161 (independently re-derived by EXP-0165) measured the documented semantics directly -- r[n] = r[n] & 0xFFFF, in place, on the register named by byte0's HIGH nibble -- in a synthesized carrier judged by a full 16-register dump, and GENERATED 16 encodings of which 11 pass a host-computed prediction (the 5 failures are exactly the 0xB..0xF no-op nibbles, recorded). It also REFUTED the previous operand model (byte+1 is HW-tested inert over all 256 values).
mov_zext16	extend	hardware-run	G17P	EXP-0161|EXP-0165	FIELD NARROWED BY DEF-0161-2. The dense byte+3 sweep accepts exactly the 32 values with (v & 0x07) == 0x01 and no others, so byte+3's LOW 3 BITS are the zero-extend companion discriminator and are now part of `match`; the remaining 5 bits are HW-tested free. The old 8-bit `extend` verdict is not translated across unchanged -- 3 of its 8 bits became match bits.
mov_zext16	src_flag	hardware-run	G17P	EXP-0161|EXP-0165	FIELD MERGED BY DEF-0161-2: the old `src_reg` (bits 0-6) and `src_flag` (bit 7) are one inert byte, and db.json's name budget (a new field name hard-fails validate_labels.py without a validation.json edit) forced the merge onto this name. HW-TESTED INERT over the whole exercised range: every value reproduces the unmutated result exactly. In every one of the 129 exercised values, in all four gated sweeps, the 16-register dump is identical to the baseline -- in a carrier where the instruction is demonstrably live (its byte0 := 0x00 falsifier fires as `wrong_value`) and where fifteen device_loads and a sentinel store separate the source from the instruction, so ALU forwarding cannot explain it. This CLOSES EXP-0146's open question as '(a) byte+1 is not a source-register selector'. It is also NOT a flag; the name is historical. EXP-0146's own carrier is dead: its byte0 := 0x00 falsifier scores `ok` there.
mov_zext16	src_reg	hardware-run	G17P	EXP-0146-m4-emit-int-misc|EXP-0161|EXP-0165	NAME RE-POINTED BY DEF-0161-2: this entry now labels byte0's HIGH NIBBLE, the ONE register the instruction uses as both source and destination (r[n] = r[n] & 0xFFFF). db.json modelled that nibble as part of a fixed match (byte0 == 0x13) until EXP-0165. Measured: byte0 = 0xN3 narrows r[N] AND NOTHING ELSE for N = 0..10 -- 11/11 fits, 0 misfits, in both gated runs -- and N = 0xB..0xF execute as a NO-OP (no register changes at all), confirmed 4 independent times each. No byte0 whose LOW nibble is not 3 ever performs the narrow (all 16 low-nibble buckets checked). GENERATED: 11 of 16 `r[n] = r[n] & 0xFFFF` encodings pass a host-computed 16-register prediction; the 5 failures are exactly the no-op nibbles. ONE ANOMALY, recorded not smoothed: nibble 0x8 narrowed correctly in 4 of 5 observations and was a no-op once (gen03). The INERTNESS evidence that used to sit under this name (byte+1 bits 0-6) has moved to `mov_zext16.src_flag`, which now covers all of byte+1. (EXP-0165 analysis/rederive_def2_zext.py.) | EXP-0189 citation repair: the records supporting this row live in EXP-0146-m4-emit-int-misc; the original citation EXP-0161, EXP-0165 has no per-value records for it. Both are kept -- the stale one is where the claim came from, the new one is where the evidence is.
mov_zext16	subform	hardware-run	G17P	EXP-0161|EXP-0165	POSITION UNCHANGED. Accepted set fits (v & 0xC7) == 0x00, exactly 8 of 256, IDENTICALLY in both register forms. NOT folded into `match`: doing so was measured (EXP-0165 work/cand2) and it steals 70 firings from `frame_marker`, whose 8-bit byte0 match would lose the specificity tie-break.
n2_op10	dst	isolated-byte-diff	M4	EXP-0146|EXP-0166	Dense 0..15. Only 0x3 — the carrier's own compiled value — reproduces; the other 15 give 14 wrong values and 1 silent zero, both gated runs agreeing on every value. CAPPED at isolated-byte-diff by A7: `dst` is typed `reg`, and a singleton accept-set establishes 'every other value breaks this carrier', NOT 'value N selects register N'. A register-granularity carrier (16-register dump) is required before an emitter may choose a destination through this field. `n2_op10` has 230 live occurrences on G17P (EXP-0157 census), so a G17P re-sweep is strictly better than this row.
n2_op10	immword	tokenization-only	M4+A18	EXP-0036|EXP-M4-12|EXP-M4-13	Length/framing token. Value bits deliberately NOT decoded (clean-room rule 5: no SFU range-reduction / marshalling recipe).
n2_op10	opdesc	tokenization-only	M4+A18	EXP-0036|EXP-M4-12|EXP-M4-13	Length/framing token. Value bits deliberately NOT decoded (clean-room rule 5: no SFU range-reduction / marshalling recipe).
n2_op10	opsel	tokenization-only	M4+A18	EXP-0036|EXP-M4-12|EXP-M4-13	Length/framing token. Value bits deliberately NOT decoded (clean-room rule 5: no SFU range-reduction / marshalling recipe).
n2_op10	src	tokenization-only	M4+A18	EXP-0036|EXP-M4-12|EXP-M4-13	Length/framing token. Value bits deliberately NOT decoded (clean-room rule 5: no SFU range-reduction / marshalling recipe).
n2_op6	_instruction	corpus-correlation	M4	EXP-M4-13|EXP-0146|EXP-0157	EXP-0181 refresh from corpus-correlation: KEEP AS IS. This descriptor is not one instruction: db.json's own committed text calls it 'a genuine catch-all bucket (write-mask helper + compact select + fcmp-mask + SFU range-reduction select)' whose 'per-sub-op value maps are mixed and needs-splice'. EXP-0157 measured a DIFFERENT accepted mask for `opsel` in each carrier instance and EXP-0146/0157 recorded `dst` as PINNED ('no value other than the compiler's own reproduces the oracle'). A bucket has no semantics to confirm, so no execution can raise its instruction-level label; the fields being hardware-run says the BYTES are live in each sub-family, not that the descriptor names an operation.
n2_op6	dst	hardware-run	G17P	EXP-0157	outcomes not_written=1, silent_zero=1, wrong_value=13 | carrier sfumix, anchor +60, 2 agreeing captures (gate RSH) | PINNED: no value other than the compiler's own reproduces the oracle.  ALSO: outcomes silent_zero=15 | carrier sfusin, anchor +68, 2 agreeing captures (gate RSH) | PINNED: no value other than the compiler's own reproduces the oracle.  ALSO: outcomes silent_zero=15 | carrier u64eq, anchor +50, 2 agreeing captures (gate RSH) | PINNED: no value other than the compiler's own reproduces the oracle.
n2_op6	imm_sel	hardware-run	G17P	EXP-0157	accepted set: (value & 0x7e) == 0x10 | outcomes ok=3, wrong_value=252 | carrier sfumix, anchor +60, 2 agreeing captures (gate RSH) | byte+6. In the fast::sin carrier 240 of 255 values ZERO the range-reduced row while leaving the others correct, and (v & 0x7e) == 0x00 zeroes every row -- so it selects which reduced result survives. The accepted set is (v & 0x7e) == 0x06 here and differs per carrier instance.  ALSO: accepted set: (value & 0x7e) == 0x06 | outcomes ok=3, silent_zero=244, wrong_value=8 | carrier sfusin, anchor +68, 2 agreeing captures (gate RSH) | byte+6. In the fast::sin carrier 240 of 255 values ZERO the range-reduced row while leaving the others correct, and (v & 0x7e) == 0x00 zeroes every row -- so it selects which reduced result survives. The accepted set is (v & 0x7e) == 0x06 here and differs per carrier instance.  ALSO: outcomes ok=3, silent_zero=120, wrong_value=132 | carrier u64eq, anchor +50, 2 agreeing captures (gate RSH) | byte+6. In the fast::sin carrier 240 of 255 values ZERO the range-reduced row while leaving the others correct, and (v & 0x7e) == 0x00 zeroes every row -- so it selects which reduced result survives. The accepted set is (v & 0x7e) == 0x06 here and differs per carrier instance.
n2_op6	opA	hardware-run	G17P	EXP-0157	outcomes ok=17, wrong_value=238 | carrier sfumix, anchor +60, 2 agreeing captures (gate RSH)  ALSO: accepted set: (value & 0xff) == 0x83 | outcomes ok=1, wrong_value=254 | carrier sfusin, anchor +68, 2 agreeing captures (gate RSH)  ALSO: outcomes ok=117, silent_zero=138 | carrier u64eq, anchor +50, 2 agreeing captures (gate RSH)
n2_op6	opB	hardware-run	G17P	EXP-0157	outcomes fault=64, wrong_value=191 | carrier sfumix, anchor +60, 2 agreeing captures (gate RSH)  ALSO: outcomes fault=108, ok=5, silent_zero=72, wrong_value=50 | carrier sfusin, anchor +68, 2 agreeing captures (gate RSH)  ALSO: accepted set: (value & 0xa6) == 0x26 | outcomes not_written=127, ok=15, silent_zero=96, wrong_value=16 | carrier u64eq, anchor +50, 2 agreeing captures (gate RSH)
n2_op6	opsel	hardware-run	G17P	EXP-0157	accepted set: (value & 0xcf) == 0x03 | outcomes fault=128, ok=3, wrong_value=124 | carrier sfumix, anchor +60, 2 agreeing captures (gate RSH) | byte+2, strongly constrained and the only field in the family that FAULTS on half its range in the SFU carriers. The accepted mask differs per carrier instance. Output-shape analysis in the fast::sin carrier resolves the rejected values: bit 1 SET (60 values) makes the SFU produce nothing; (v & 0xd7) == 0x13 (4 values) sign-flips one row; 122 values drop the quadrant correction for the range-reduced row. So in this lowering opsel is part of the SFU argument-reduction control, not a generic select.  ALSO: accepted set: (value & 0xd7) == 0x03 | outcomes ok=3, silent_zero=60, wrong_value=192 | carrier sfusin, anchor +68, 2 agreeing captures (gate RSH) | byte+2, strongly constrained and the only field in the family that FAULTS on half its range in the SFU carriers. The accepted mask differs per carrier instance. Output-shape analysis in the fast::sin carrier resolves the rejected values: bit 1 SET (60 values) makes the SFU produce nothing; (v & 0xd7) == 0x13 (4 values) sign-flips one row; 122 values drop the quadrant correction for the range-reduced row. So in this lowering opsel is part of the SFU argument-reduction control, not a generic select.  ALSO: accepted set: (value & 0xd5) == 0x05 | outcomes not_written=128, ok=7, silent_zero=116, wrong_value=4 | carrier u64eq, anchor +50, 2 agreeing captures (gate RSH) | byte+2, strongly constrained and the only field in the family that FAULTS on half its range in the SFU carriers. The accepted mask differs per carrier instance. Output-shape analysis in the fast::sin carrier resolves the rejected values: bit 1 SET (60 values) makes the SFU produce nothing; (v & 0xd7) == 0x13 (4 values) sign-flips one row; 122 values drop the quadrant correction for the range-reduced row. So in this lowering opsel is part of the SFU argument-reduction control, not a generic select.
n2_op6	src_desc	hardware-run	G17P	EXP-0157	accepted set: (value & 0x7e) == 0x08 | outcomes ok=3, wrong_value=252 | carrier sfumix, anchor +60, 2 agreeing captures (gate RSH)  ALSO: accepted set: (value & 0x7e) == 0x04 | outcomes ok=3, silent_zero=2, wrong_value=250 | carrier sfusin, anchor +68, 2 agreeing captures (gate RSH)  ALSO: accepted set: (value & 0x7e) == 0x00 | outcomes ok=3, wrong_value=252 | carrier u64eq, anchor +50, 2 agreeing captures (gate RSH)
n2_op8	body	tokenization-only	M4+A18	EXP-0036|EXP-M4-12|EXP-M4-13	Length/framing token. Value bits deliberately NOT decoded (clean-room rule 5: no SFU range-reduction / marshalling recipe).
n2_op8	dst	tokenization-only	M4+A18	EXP-0036|EXP-M4-12|EXP-M4-13	Length/framing token. Value bits deliberately NOT decoded (clean-room rule 5: no SFU range-reduction / marshalling recipe).
n2_op8	opsel	hardware-run	M4	EXP-0146|EXP-0166	Dense 0..255, 254 comparable (2 innocent-victim), one value (0x87) disagreed across the gated runs. Accept-set is the singleton {0x49}: 91 silent zeros, 152 wrong values, 10 faults. ⚠ TARGET NOTE: `n2_op8` has NO CARRIER ON G17P — EXP-0157 found zero occurrences across 59 own-MSL programs in two provocation rounds, including 20 SFU-family programs. This M4/G16G row is the only hardware evidence for the field and G17P can neither confirm nor refute it. Clean-room rule 5 respected: only the accept/reject envelope is recorded, never the SFU range-reduction recipe.
n2_op8	srcA_desc	hardware-run	M4	EXP-0146|EXP-0166	Dense 0..255, one value (0x00) disagreed across the gated runs. Accept-set is the singleton {0xc2}: 224 silent zeros and 31 wrong values. ⚠ Same target note as `n2_op8.opsel`: no carrier exists on G17P. ⚠ A7-adjacent caution: this is a source DESCRIPTOR with a singleton accept-set, so it is typed `raw` and escapes A7's literal scope, but the same limitation applies — 'only 0xc2 works here' is not a source-operand map. Clean-room rule 5 respected.
n3_mov	_instruction	hardware-run	G17P	EXP-0174|EXP-0175	EXP-0181 refresh from corpus-correlation: The second end-to-end generated instruction in the corpus. EXP-0174 built every byte from the descriptor's bit geometry with ZERO bytes copied from any compiled shader, ran 840 generated 32-bit register copies over ALL 240 ordered (dst, src) pairs in both instruction orders and both register plans, and scored each against a full host-computed 16-register prediction: 0 failures. Its own analysis/field_verdicts.json already records `n3_mov._instruction: hardware-run (generated)`. The descriptor defect that blocked the merge (DEF-0174-1, byte+1 modelled one bit off) was re-derived and LANDED by EXP-0175.
n3_mov	companion	hardware-run	G17P	EXP-0174	db.json calls this a 'companion / second-operand descriptor' whose value 0x01 with subform 0x00 is 'the ZERO-EXTEND high-half-zero companion'. That reading is superseded for the MOVE sub-form: 0x01 does not zero anything, it selects the high half as the destination. PARTIAL REFUTATION of this experiment's frozen H4, recorded: H4 said byte+3 >= 2 must not write; measured, 0x20/0x40/0x80 write exactly like 0x00 and 0x08/0x10 write zero. The X/b3hi falsifier caught it.
n3_mov	dst	hardware-run	G17P	EXP-0174	CORRECTS EXP-0168, which reported 'a write whose 4-bit destination nibble is 15 is discarded, and the slot reads 0'. That experiment's read-back path used r15 as its device_store index register and emitted mov_imm(15, 0) immediately before EVERY store, including the one whose data_reg was 15, so r15 was zeroed one instruction before it was read and could not read anything else. Here, in the register plan whose index register is r7, r15 both holds its mov_imm seed (121) and is written correctly by dst = 15. The blind slot of each plan is excluded explicitly and is covered by the other plan.
n3_mov	srcA_reg	hardware-run	G17P	EXP-0174	DB DEFECT DEF-0174-1. db.json declares srcA_reg = bits 0..6 of byte+1 (instruction bits 8..14) and srcA_uni = bit 7. Measured, the register field is byte+1 bits 1..7 and bit 0 is the source-half select -- the modelled field is shifted by one bit, so an emitter following db.json writes the register number into the wrong bits and gets r[S/2] with a half-select it did not intend. Source registers 16..63 read as 0 in this carrier (192 of 192 cases, both plans, both runs); that is a property of a carrier that allocates 16 GPRs, not a property of the field.
n3_mov	subform	hardware-run	G17P	EXP-0174	PARTIAL REFUTATION OF THIS EXPERIMENT'S OWN FROZEN MODEL, recorded rather than smoothed: PRE_REGISTRATION.md H3 froze the move mask as (b2 & 0x03) == 1 and (b2 & 0xE0) == 0, i.e. 8 values. The 65536-case cross-product shows bit 5 is FREE, so the mask is (b2 & 0xC0) == 0 and there are 16 move values. The X/b2hi falsifier caught it independently: byte+2 = 0x21 moves, and it was pre-registered as a value that must not. Bits 2 and 4 are don't-care for the move. The generation arms used byte+2 = 0x01, which is inside both the frozen and the corrected mask, so no generated result depends on this correction.
n3_sample_read	b1	untested	M4	EXP-0147	EXP-0164 withheld: 256 values dispatched, 1 carrier(s) tested, 0 observations moved. Never moved anything on the ONE carrier tried, so the probe could not have shown liveness either way (the EXP-0155 samp_extra failure mode). Needs a second, structurally different carrier.
n3_sample_read	b3	untested	M4	EXP-0147	EXP-0164 withheld: 256 values dispatched, 1 carrier(s) tested, 0 observations moved. Never moved anything on the ONE carrier tried, so the probe could not have shown liveness either way (the EXP-0155 samp_extra failure mode). Needs a second, structurally different carrier.
n3_sample_read	tail	untested	M4	EXP-0147	48-bit field swept per byte (6x256) plus structured whole-field values. Bytes 1-5 are FULLY INERT (256/256 each); only byte 0 matters, where 53 values fault with 'Caused GPU Hang Error'. Intra-run 1603/1603 stable; 12 cross-run misses are load-related. | WITHHELD 2026-08-30 on EXP-0192, the PRE-REGISTERED successor to EXP-0191's post-hoc finding. `audit.py`'s `sig_of()` gives `ok` and `fault` different signatures, so `moved` COUNTS A FAULT AS MOVEMENT. This row is **Case C: fewer than two distinct VALID payloads (V=1) but 1522 LEGAL values** -- multiple values ran legally and were INDISTINGUISHABLE. That is an inertness observation which the fault signature re-scored as movement; absent the defect it would have been INERT-SINGLE, already in the WITHHOLD set. Cross-run agreement is 100% and does not help: `moved` is precisely the ok/fault transition count, and a perfectly reproducible fault wall is a perfectly reproducible HAZARD MAP, not a semantic. The fault wall remains a first-class fact and a real legal-set bound. Case C says the PROMOTION is unsupported, not that the field is inert -- a single valid payload can also mean the arm lacked detection power.
n4_cf_word	b3	tokenization-only	M4+A18	EXP-0036|EXP-M4-12|EXP-M4-13	Length/framing token. Value bits deliberately NOT decoded (clean-room rule 5: no SFU range-reduction / marshalling recipe).
n4_rt_word	dst	tokenization-only	G17P	EXP-0187	Label held at `tokenization-only` ONLY because the gated PAIR did not complete — EXP-0187 lost its second run to the device wedge and its summary script is hard-coded so it cannot promote. The FAULT RULE is nonetheless established and an emitter must respect it. NOTE FOR ANY SUCCESSOR: the strongest control available (`if_push.scope_kind` at off+4, the only same-program-point control) did NOT fire, and neither did 96 whole-word liveness probes on the two MATCH bytes — while `dst` bit 2 was faulting the GPU. A liveness probe built on match bytes returns a confident FALSE NEGATIVE here. EXP-0187, one gated pair from a verdict.
op04_len8	_instruction	hardware-run	A18	EXP-M4-14|EXP-M4-13	LENGTH-RULE DEFECT FLAGGED: the fixed 8-byte length for byte0==0x04 is a CANDIDATE OVER-CONSUMER of a following instruction leader. | EMITTABLE VETO (orchestrator, 2026-08-30): the declared 8-byte length is REFUTED ON HARDWARE. EXP-0157 measured the consumed length directly with a register-witness probe (2304 measurements, both controls passing, one proving it can detect a 6-byte length): all six patterns from our own G17P compiles consume TWELVE bytes. The corrected rule was not applied to the decoder because it regresses the corpus gate (823 clean files, -10; 390568 leftover bytes, +1964; own firings 55 -> 1). Until that conflict is resolved an emitter MUST NOT emit this descriptor -- emitting 8 bytes would desynchronise every instruction after it.
op04_len8	body	tokenization-only	A18	EXP-M4-14|EXP-M4-13	The 6-byte body is HETEROGENEOUS: audited over the full corpus this token fires 205x on own compute kernels + 618x on third-party, and byte+2 spans real op-leader bytes {0x00,0x9f,0x1b,0x02,0xe7,0x20,0x80,0x62,0x72,0x52,0x39,...}. Typing it would fabricate a coherence the data contradicts.
op04_len8	dst	tokenization-only	A18	EXP-M4-14|EXP-M4-13	The 6-byte body is HETEROGENEOUS: audited over the full corpus this token fires 205x on own compute kernels + 618x on third-party, and byte+2 spans real op-leader bytes {0x00,0x9f,0x1b,0x02,0xe7,0x20,0x80,0x62,0x72,0x52,0x39,...}. Typing it would fabricate a coherence the data contradicts.
op04_len8	mode	tokenization-only	A18	EXP-M4-14|EXP-M4-13	The 6-byte body is HETEROGENEOUS: audited over the full corpus this token fires 205x on own compute kernels + 618x on third-party, and byte+2 spans real op-leader bytes {0x00,0x9f,0x1b,0x02,0xe7,0x20,0x80,0x62,0x72,0x52,0x39,...}. Typing it would fabricate a coherence the data contradicts.
operand_word	b0	tokenization-only	M4+A18	EXP-0036|EXP-M4-12|EXP-M4-13	Length/framing token. Value bits deliberately NOT decoded (clean-room rule 5: no SFU range-reduction / marshalling recipe).
operand_word	b1	tokenization-only	M4+A18	EXP-0036|EXP-M4-12|EXP-M4-13	Length/framing token. Value bits deliberately NOT decoded (clean-room rule 5: no SFU range-reduction / marshalling recipe).
operand_word_x2_h5	b0	tokenization-only	M4+A18	EXP-0036|EXP-M4-12|EXP-M4-13	Length/framing token. Value bits deliberately NOT decoded (clean-room rule 5: no SFU range-reduction / marshalling recipe).
operand_word_x2_h5	b1	tokenization-only	M4+A18	EXP-0036|EXP-M4-12|EXP-M4-13	Length/framing token. Value bits deliberately NOT decoded (clean-room rule 5: no SFU range-reduction / marshalling recipe).
operand_word_x2_h6	b0	tokenization-only	M4+A18	EXP-0036|EXP-M4-12|EXP-M4-13	Length/framing token. Value bits deliberately NOT decoded (clean-room rule 5: no SFU range-reduction / marshalling recipe).
operand_word_x2_h6	b1	tokenization-only	M4+A18	EXP-0036|EXP-M4-12|EXP-M4-13	Length/framing token. Value bits deliberately NOT decoded (clean-room rule 5: no SFU range-reduction / marshalling recipe).
operand_word_x2_h7	b0	tokenization-only	M4+A18	EXP-0036|EXP-M4-12|EXP-M4-13	Length/framing token. Value bits deliberately NOT decoded (clean-room rule 5: no SFU range-reduction / marshalling recipe).
operand_word_x2_h7	b1	tokenization-only	M4+A18	EXP-0036|EXP-M4-12|EXP-M4-13	Length/framing token. Value bits deliberately NOT decoded (clean-room rule 5: no SFU range-reduction / marshalling recipe).
pack_convert	_instruction	hardware-run	M4+A18	EXP-0033|EXP-0144|EXP-0168	EXP-0181 refresh from corpus-correlation: EXP-0033 read pack_float_to_unorm2x16 back exactly over four float2 inputs. EXP-0144 then measured the OPERAND MODEL and corrected db.json by hardware: byte+3 is the DESTINATION (the old name `src` would have sent an emitter's result to the wrong register), the sources are byte+5 (reg<<2) and byte+6 (reg<<3), and byte+9 is the FORMAT selector (0x4x snorm2x16 / 0x8x unorm2x16 / 0xcx unorm 8-bit). A correction of that kind is only possible from execution. EXP-0168 re-measured byte+7 on G17P at 100.000% agreement.
pack_convert	b7	hardware-run	G17P	EXP-0168	100.000% agreement over 256 shared values, 188 moved vs 0 disagreements (infx), ladder and falsifier passed in every run
pack_convert	cvt_enable	hardware-run	M4	EXP-0144	Derived from the rv01 REVALIDATION only. Compared against the contaminated run03/run05 on 2312 measurements: 2 overturned by the majority vote (0.09%); where they disagree the revalidation wins. FIELD-MODEL CORRECTION (EXP-0144, HW): the former 40-bit raw `fmt_word` is five located bytes -- byte+5 = lane-0 SOURCE register (reg<<2, bits 0-1 don't-care); byte+6 = lane-1 SOURCE register (reg<<3, bits 1-2 don't-care, bit0 = 0); byte+7 rule (v & 0xfb) == 0x50, recovered by the rv01 revalidation where run03 lost it to two genuine hangs; byte+8 = conversion enable (bits 2 and 6 both set); byte+9 = FORMAT selector (bits 2-3 don't-care). Without this split an emitter following db.json cannot choose the pack format or either source register.
pack_convert	dst	hardware-run	M4	EXP-0144	Derived from the rv01 REVALIDATION only. Compared against the contaminated run03/run05 on 500 measurements: 5 overturned by the majority vote (1.00%); where they disagree the revalidation wins. OPERAND-ROLE CORRECTION (EXP-0144, HW): byte+3 is the DESTINATION register (reg<<1, bit0 don't-care) -- sweeping it redirects the result into 6 distinct observed registers, an identical map to cvt_i2f/cvt_f2i `dst`. Same bits, same sweep; the NAME was wrong.
pack_convert	fmt_sel	hardware-run	M4	EXP-0144	Derived from the rv01 REVALIDATION only. Compared against the contaminated run03/run05 on 2312 measurements: 2 overturned by the majority vote (0.09%); where they disagree the revalidation wins. FIELD-MODEL CORRECTION (EXP-0144, HW): the former 40-bit raw `fmt_word` is five located bytes -- byte+5 = lane-0 SOURCE register (reg<<2, bits 0-1 don't-care); byte+6 = lane-1 SOURCE register (reg<<3, bits 1-2 don't-care, bit0 = 0); byte+7 rule (v & 0xfb) == 0x50, recovered by the rv01 revalidation where run03 lost it to two genuine hangs; byte+8 = conversion enable (bits 2 and 6 both set); byte+9 = FORMAT selector (bits 2-3 don't-care). Without this split an emitter following db.json cannot choose the pack format or either source register.
pack_convert	mode	hardware-run	M4	EXP-0144	Derived from the rv01 REVALIDATION only. Compared against the contaminated run03/run05 on 512 measurements: 0 overturned by the majority vote (0.00%); where they disagree the revalidation wins.
pack_convert	src_desc	hardware-run	M4	EXP-0144	Derived from the rv01 REVALIDATION only. Compared against the contaminated run03/run05 on 512 measurements: 0 overturned by the majority vote (0.00%); where they disagree the revalidation wins.
pack_convert	src_lane0	hardware-run	M4	EXP-0144	Derived from the rv01 REVALIDATION only. Compared against the contaminated run03/run05 on 2312 measurements: 2 overturned by the majority vote (0.09%); where they disagree the revalidation wins. FIELD-MODEL CORRECTION (EXP-0144, HW): the former 40-bit raw `fmt_word` is five located bytes -- byte+5 = lane-0 SOURCE register (reg<<2, bits 0-1 don't-care); byte+6 = lane-1 SOURCE register (reg<<3, bits 1-2 don't-care, bit0 = 0); byte+7 rule (v & 0xfb) == 0x50, recovered by the rv01 revalidation where run03 lost it to two genuine hangs; byte+8 = conversion enable (bits 2 and 6 both set); byte+9 = FORMAT selector (bits 2-3 don't-care). Without this split an emitter following db.json cannot choose the pack format or either source register.
pack_convert	src_lane1	hardware-run	M4	EXP-0144	Derived from the rv01 REVALIDATION only. Compared against the contaminated run03/run05 on 2312 measurements: 2 overturned by the majority vote (0.09%); where they disagree the revalidation wins. FIELD-MODEL CORRECTION (EXP-0144, HW): the former 40-bit raw `fmt_word` is five located bytes -- byte+5 = lane-0 SOURCE register (reg<<2, bits 0-1 don't-care); byte+6 = lane-1 SOURCE register (reg<<3, bits 1-2 don't-care, bit0 = 0); byte+7 rule (v & 0xfb) == 0x50, recovered by the rv01 revalidation where run03 lost it to two genuine hangs; byte+8 = conversion enable (bits 2 and 6 both set); byte+9 = FORMAT selector (bits 2-3 don't-care). Without this split an emitter following db.json cannot choose the pack format or either source register.
packed_half2_hi	dst	hardware-run	G17P	EXP-0162	EXP-0144 reported this field `untested` because it gave byte0 only a bounded 24-value probe. Sweeping ONLY the high nibble covers the field exhaustively without touching the length. Outcomes: {'wrong_value': 15, 'not_written': 1}. detection power: the MODE-A synthesis is scored against a host oracle that PREDICTS THE HIGH LANE ONLY; 212 of 1304 cases fault and one dst value leaves the read-back word at its 0xDEADBEEF poison, which is a strictly stronger observation than a zero.
packed_half2_hi	mods	untested	M4	EXP-0144	NOT COVERED by the revalidation, same MTLCompilerService collapse (raw/m4_20260828_rv01__packed_half2_hi/NOT_RUN.md). This is also the one instrument that could not be provoked from any MSL shape tried, so it is only reachable by a synthesised encoding; in the contaminated run03 that synthesis executed and computed the packed-half2 multiply for the HIGH LANE ONLY, which is worth re-testing but is not admissible here.
packed_half2_hi	srcA	untested	G17P	EXP-0162	EXP-0164 withheld: 256 values dispatched, 1 carrier(s) tested, 0 observations moved. Never moved anything on the ONE carrier tried, so the probe could not have shown liveness either way (the EXP-0155 samp_extra failure mode). Needs a second, structurally different carrier.
packed_half2_hi	srcB	untested	G17P	EXP-0162	EXP-0164 withheld: 256 values dispatched, 1 carrier(s) tested, 0 observations moved. Never moved anything on the ONE carrier tried, so the probe could not have shown liveness either way (the EXP-0155 samp_extra failure mode). Needs a second, structurally different carrier.
pad_operand	hi	tokenization-only	M4+A18	EXP-0036|EXP-M4-12|EXP-M4-13	Length/framing token. Value bits deliberately NOT decoded (clean-room rule 5: no SFU range-reduction / marshalling recipe).
pad_operand	word	tokenization-only	M4+A18	EXP-0036|EXP-M4-12|EXP-M4-13	Length/framing token. Value bits deliberately NOT decoded (clean-room rule 5: no SFU range-reduction / marshalling recipe).
pixel_order	b5	hardware-run	M4	EXP-0147	Fully splice-inert: all 256 values correct on BOTH the acquire and the release member.
pixel_order	flags	hardware-run	M4	EXP-0147	ACQUIRE: correct iff bit0==0 AND (v & 0x0e)!=0 (112/256). RELEASE: correct iff (v & 0x0f)>=2 (224/256). byte+4 is therefore a REAL field with a large legal set, NOT the constant 0x06 that db.json's match clause pins it to - see db_defects.
pixel_order	scope	hardware-run	M4	EXP-0147	ACQUIRE member: correct iff bit4==1 AND (bit6 XOR bit7)==1 (64/256, baseline 0x50). RELEASE member: correct iff bit4==1 AND bit7==1 (64/256, baseline 0xd0). Low nibble don't-care in both. This settles db.json's open note 'scope {0x50,0xd0}, bit7 differs' with the full accepted set.
pop_reconverge	reserved	untested	G17P	EXP-0156	WITHHELD 2026-08-30 on DEF-0190-1, the TENTH cannot-fail check found in this corpus. `audit.py`'s INERT buckets have **no detection-power conjunct**: `moved` is derived from the hash of `observed`, so an arm whose observable NEVER VARIES returns `moved = 0` BY CONSTRUCTION, and `classify()` reads that as 'the field is inert'. `INERT-MULTI` is not withheld, so such a field keeps emitter-grade status. Measured across the corpus: **8 arms record no observation at all, and 128 arms (80,138 field records) record exactly ONE distinct `observed` payload across every case.** 21 INERT-* fields rest entirely on such arms; this is one of the 5 that were emitter-grade. It is the eighth finding inverted -- there, a promotion gate could not fail; here, an INERTNESS gate cannot fail. The measurement is not refuted: the field may well be inert. But an arm that cannot vary its observable cannot establish inertness either, and that is the same error this corpus has now made ten different ways. REMEDY, needing no hardware and already IN the corpus: the `_detect`, `__ladder_L_*` and `_live_control` records -- discarded by the same underscore filter -- consumed as a GATE on INERT verdicts rather than as measurements.
pop_reconverge	scope	untested	M4	EXP-0140	256/256 values executed (0 skipped by the hang budget); 256 comparable across the two gated runs (pairs where either side failed its integrity check or was skipped are excluded), 256 of those identical | WITHHELD 2026-08-30 for CONSISTENCY, on EXP-0191's detection gate. It fails the STRICT (arm-level) join exactly as the five fields withheld under DEF-0190-1 did: **512 valid observations per arm, ONE distinct payload, and no control of any kind at arm level.** It passes only at the looser CARRIER join, so EXP-0191's frozen trigger did not fire and that experiment correctly declined to bend its own rule. The decision to apply the strict join here is the orchestrator's, and it is made for consistency: the five already withheld were withheld on precisely this criterion, and leaving this one because a looser join rescues it would make the standard depend on which join happened to be written down. **EXP-0191 also establishes that DEF-0190-1's enumeration (8 arms with no observation, 128 with exactly one) is an UNDERCOUNT** -- `blind_arm_scan.py` requires ZERO empty observations, so arms mixing empty and single-valued records fall through both buckets. This is one of them.
pop_reconverge	scope_kind	hardware-run	M4	EXP-0140	256/256 values executed (0 skipped by the hang budget); 256 comparable across the two gated runs (pairs where either side failed its integrity check or was skipped are excluded), 256 of those identical
psel	_instruction	hardware-run	M4	EXP-0010|EXP-0140	EXP-0181 refresh from corpus-correlation: EXP-0010 E3 validated the grid-predicate select's BEHAVIOUR on hardware, and EXP-0140 swept `flag`, `mode` and `sel` at 256 values x 2 dispatch shapes with byte+3 matching the host-computed oracle 512/512 -- the same immediate model it proved for `sel`. The predicate select is confirmed by value, not by co-variation.
psel	flag	hardware-run	M4	EXP-0140	512/512 comparable values reproduced identically across both gated runs (of 512 swept)
psel	mode	hardware-run	M4	EXP-0140	511/511 comparable values reproduced identically across both gated runs (of 512 swept)
psel	sel	hardware-run	M4	EXP-0140	512/512 comparable values reproduced identically across both gated runs (of 512 swept)
ray_move	b3	untested	A18	EXP-M4-14	EXP-0189 withheld (INERT-SINGLE): 255 values dispatched over 1 arm(s), 0 observations moved, re-derived from raw under EXP-0164's frozen thresholds (>=2 gated runs, moved>=1 in both, >=99% per-value agreement, moved >= 2x disagreements). Reason: no-raw.
ray_move_copy6	optype	untested	G17P	EXP-0157	outcomes fault=64, ok=191 | carrier rq_cdist, anchor +108, 2 agreeing captures (gate RSH) | WITHHELD 2026-08-30 by EXP-0193, applying EXP-0192's UNCHANGED pre-registered criterion to the full 337-arm STABLE-LIVE population. **Case C: 1 distinct VALID payload(s) across 191 LEGAL values** -- values ran legally and were indistinguishable. `moved_total` equals the hard-class cell count EXACTLY, and cross-run agreement is 100%: a perfectly reproducible hazard map, not a semantic.
reg_move_c0	_instruction	hardware-run	M4	EXP-0087|EXP-0090|EXP-0101|EXP-0113	RETRACTION / HARD NEGATIVE: the five reg_move_* descriptors are ONE instruction with a single 8-bit byte+2 field, and NONE of them is a general GPR-to-GPR move. The readback is independent of the producer's VALUE and of the producer's FAMILY, depends only on src_reg, is register-pair-quantized (reg and reg^1 read identically) and varies with the kernel's buffer signature - the signature of a fixed per-kernel PRELOADED/UNIFORM-FILE slot. The 0x00000100 seen on failure is that slot's content, not a sentinel. byte+2 values 0x26 and 0x0F are NONDETERMINISTIC across runs. AS OF 2026-08-28 NO VALIDATED GPR-TO-GPR MOVE EXISTS ON APPLE9.
reg_move_c0	dst	untested	G17P	EXP-0169	another experiment owns this field's verdict (coordinator directive 2026-08-30): `dst` -> EXP-0168, `get_sr.form` -> EXP-0172. The raw is committed and attributable; the ruling is theirs.
reg_move_c0	op_desc	untested	G17P	EXP-0169	no (arm,carrier) passed its liveness ladder, so neither a live nor an inert reading is supportable from this run
reg_move_c0	src_class	untested	G17P	EXP-0169	no (arm,carrier) passed its liveness ladder, so neither a live nor an inert reading is supportable from this run
reg_move_c0	src_flag	untested	G17P	EXP-0169	no (arm,carrier) passed its liveness ladder, so neither a live nor an inert reading is supportable from this run
reg_move_c0	src_reg	untested	G17P	EXP-0169	no (arm,carrier) passed its liveness ladder, so neither a live nor an inert reading is supportable from this run
reg_move_c1	_instruction	hardware-run	M4	EXP-0087|EXP-0090|EXP-0101|EXP-0113	RETRACTION / HARD NEGATIVE: the five reg_move_* descriptors are ONE instruction with a single 8-bit byte+2 field, and NONE of them is a general GPR-to-GPR move. The readback is independent of the producer's VALUE and of the producer's FAMILY, depends only on src_reg, is register-pair-quantized (reg and reg^1 read identically) and varies with the kernel's buffer signature - the signature of a fixed per-kernel PRELOADED/UNIFORM-FILE slot. The 0x00000100 seen on failure is that slot's content, not a sentinel. byte+2 values 0x26 and 0x0F are NONDETERMINISTIC across runs. AS OF 2026-08-28 NO VALIDATED GPR-TO-GPR MOVE EXISTS ON APPLE9.
reg_move_c1	dst	untested	G17P	EXP-0169	another experiment owns this field's verdict (coordinator directive 2026-08-30): `dst` -> EXP-0168, `get_sr.form` -> EXP-0172. The raw is committed and attributable; the ruling is theirs.
reg_move_c1	op_desc	untested	G17P	EXP-0169	no (arm,carrier) passed its liveness ladder, so neither a live nor an inert reading is supportable from this run
reg_move_c1	src_class	untested	G17P	EXP-0169	no (arm,carrier) passed its liveness ladder, so neither a live nor an inert reading is supportable from this run
reg_move_c1	src_flag	untested	G17P	EXP-0169	no (arm,carrier) passed its liveness ladder, so neither a live nor an inert reading is supportable from this run
reg_move_c1	src_reg	untested	G17P	EXP-0169	no (arm,carrier) passed its liveness ladder, so neither a live nor an inert reading is supportable from this run
reg_move_c2var	dst	untested	G17P	EXP-0169	another experiment owns this field's verdict (coordinator directive 2026-08-30): `dst` -> EXP-0168, `get_sr.form` -> EXP-0172. The raw is committed and attributable; the ruling is theirs.
reg_move_c2var	op_desc	untested	G17P	EXP-0169	no (arm,carrier) passed its liveness ladder, so neither a live nor an inert reading is supportable from this run
reg_move_c2var	src_flag	untested	G17P	EXP-0169	no (arm,carrier) passed its liveness ladder, so neither a live nor an inert reading is supportable from this run
reg_move_c2var	src_reg	untested	G17P	EXP-0169	no (arm,carrier) passed its liveness ladder, so neither a live nor an inert reading is supportable from this run
reg_move_c2var	subform	untested	G17P	EXP-0169	no (arm,carrier) passed its liveness ladder, so neither a live nor an inert reading is supportable from this run
reg_move_c9	_instruction	hardware-run	M4	EXP-0087|EXP-0090|EXP-0101|EXP-0113	RETRACTION / HARD NEGATIVE: the five reg_move_* descriptors are ONE instruction with a single 8-bit byte+2 field, and NONE of them is a general GPR-to-GPR move. The readback is independent of the producer's VALUE and of the producer's FAMILY, depends only on src_reg, is register-pair-quantized (reg and reg^1 read identically) and varies with the kernel's buffer signature - the signature of a fixed per-kernel PRELOADED/UNIFORM-FILE slot. The 0x00000100 seen on failure is that slot's content, not a sentinel. byte+2 values 0x26 and 0x0F are NONDETERMINISTIC across runs. AS OF 2026-08-28 NO VALIDATED GPR-TO-GPR MOVE EXISTS ON APPLE9.
reg_move_c9	dst	untested	G17P	EXP-0169	another experiment owns this field's verdict (coordinator directive 2026-08-30): `dst` -> EXP-0168, `get_sr.form` -> EXP-0172. The raw is committed and attributable; the ruling is theirs.
reg_move_c9	op_desc	untested	G17P	EXP-0169	no (arm,carrier) passed its liveness ladder, so neither a live nor an inert reading is supportable from this run
reg_move_c9	src_class	untested	G17P	EXP-0169	no (arm,carrier) passed its liveness ladder, so neither a live nor an inert reading is supportable from this run
reg_move_c9	src_flag	untested	G17P	EXP-0169	no (arm,carrier) passed its liveness ladder, so neither a live nor an inert reading is supportable from this run
reg_move_c9	src_reg	untested	G17P	EXP-0169	no (arm,carrier) passed its liveness ladder, so neither a live nor an inert reading is supportable from this run
reg_move_cb	_instruction	hardware-run	M4	EXP-0087|EXP-0090|EXP-0101|EXP-0113	RETRACTION / HARD NEGATIVE: the five reg_move_* descriptors are ONE instruction with a single 8-bit byte+2 field, and NONE of them is a general GPR-to-GPR move. The readback is independent of the producer's VALUE and of the producer's FAMILY, depends only on src_reg, is register-pair-quantized (reg and reg^1 read identically) and varies with the kernel's buffer signature - the signature of a fixed per-kernel PRELOADED/UNIFORM-FILE slot. The 0x00000100 seen on failure is that slot's content, not a sentinel. byte+2 values 0x26 and 0x0F are NONDETERMINISTIC across runs. AS OF 2026-08-28 NO VALIDATED GPR-TO-GPR MOVE EXISTS ON APPLE9.
reg_move_cb	b3	hardware-run	G17P	EXP-0169	moved on 2 of 2 ladder-passing carriers
reg_move_cb	dst	hardware-run	G17P	EXP-0169|EXP-0183	RULING SUPPLIED, same reason as falu2_uni.dst: deferred to EXP-0168, which never filed a row. Re-derived by EXP-0183 from EXP-0169's raw.
reg_move_cb	form	hardware-run	G17P	EXP-0169|EXP-0181|EXP-0183	RE-SPANNED by EXP-0181 (bits 16..23 -> 20..23) and RE-DERIVED from EXP-0169's raw by EXP-0183. The old row's counts (256 dispatched / 256 distinct / encodable 256) counted 240 values that encode a DIFFERENT instruction, because this descriptor's own match pins byte+2's low nibble to 0xb. Honest counts are 16/16/16. The corpus emits only form 1, 2 and 3.
reg_move_cb	src	hardware-run	G17P	EXP-0169	moved on 2 of 2 ladder-passing carriers
ret	linkmode	hardware-run	G17P	EXP-0156|EXP-0179|EXP-0192	EXP-0192: survived the fault-as-movement criterion as Case A, but ONLY because a second arm exists. Its twin `ret_luse.linkmode` has identical label, range and bucket and NO second arm anywhere in the corpus -- the two were never equally supported.
ret	scoreboard	corpus-correlation	G17P	EXP-0179	DECLINED, as pre-registered (PRE_REGISTRATION H6 / section 9). The mechanical gate reports `promotable` because agreement is 1.0 and there are no disagreements -- but FIELD-SWEEP-PROTOCOL's own clause says a NEVER-MOVING field is promotable only if the carriers differ IN THE DIMENSION THE FIELD CONTROLS. `ret.scoreboard` is an execution/scoreboard WAIT mask; the dimension it controls is memory/execution ORDERING, and neither carrier differs in that dimension -- both return from a leaf callee with no outstanding asynchronous operation to wait on. Zero movement here therefore means 'this carrier cannot ask the question', not 'the field is inert'. Three prior experiments declined this family and EXP-0172 declined it in advance for the adjacent reason. Arm O is the construction that could settle it and had not yet run when this was written.
ret_luse	_instruction	hardware-run	G17P	EXP-0035|EXP-0156	EXP-0181 refresh from corpus-correlation: EXP-0156 tested this descriptor's ENTIRE identity claim as a pre-registered control: byte+2 0x54 -> 0x56 with expect_match=True, and it matched in both gated runs -- so ret_luse really is the HW-VALIDATED `ret` (EXP-0035) with one byte changed, at the same accepted sets for both of its fields (linkmode v&0x07==0x04, tail the same 12 values). An identity claim confirmed by a pre-registered hardware control is exactly what this label is for.
ret_luse	linkmode	untested	G17P	EXP-0156	WITHHELD 2026-08-30 on EXP-0192, the PRE-REGISTERED successor to EXP-0191's post-hoc finding. `audit.py`'s `sig_of()` gives `ok` and `fault` different signatures, so `moved` COUNTS A FAULT AS MOVEMENT. This row is **Case C: fewer than two distinct VALID payloads (V=1) but 32 LEGAL values** -- multiple values ran legally and were INDISTINGUISHABLE. That is an inertness observation which the fault signature re-scored as movement; absent the defect it would have been INERT-SINGLE, already in the WITHHOLD set. Cross-run agreement is 100% and does not help: `moved` is precisely the ok/fault transition count, and a perfectly reproducible fault wall is a perfectly reproducible HAZARD MAP, not a semantic. The fault wall remains a first-class fact and a real legal-set bound. Case C says the PROMOTION is unsupported, not that the field is inert -- a single valid payload can also mean the arm lacked detection power.
ret_luse	tail	hardware-run	G17P	EXP-0156	2 values skipped as known-hang exclusions
rt_intersect	_instruction	corpus-correlation	A18	EXP-0023|RT-5-isa-tex-simd-mat-rt-frag-falsify	EXP-0189 DOWNGRADE from `hardware-run`: every cited directory (EXP-0023-raytracing, RT-5-isa-tex-simd-mat-rt-frag-falsify) has NO per-value records for this descriptor, and no other directory contains bytes matching it. An emitter-grade INSTRUCTION label asserts the descriptor itself was established on hardware; nothing in the committed corpus supports that here.
rt_intersect	as_type	corpus-correlation	A18	RT-10-isa-pass2|EXP-O2C	RETRACTION: rt_intersect operand SUB-FIELDS are byte-diff correlations, NOT splice-validated. RT-5/RT-10 found every documented sub-field splice-INERT on the single-primitive intersection_query path. The earlier 'EXP-O2C 0x8b->0x1b HW-validated end-to-end' note is retracted; primitive-vs-instance dispatch is STRUCTURAL (kernel shape), not a spliceable field.
rt_intersect	b5	untested	M4		RETRACTION: rt_intersect operand SUB-FIELDS are byte-diff correlations, NOT splice-validated. RT-5/RT-10 found every documented sub-field splice-INERT on the single-primitive intersection_query path. The earlier 'EXP-O2C 0x8b->0x1b HW-validated end-to-end' note is retracted; primitive-vs-instance dispatch is STRUCTURAL (kernel shape), not a spliceable field.
rt_intersect	b7	untested	M4		RETRACTION: rt_intersect operand SUB-FIELDS are byte-diff correlations, NOT splice-validated. RT-5/RT-10 found every documented sub-field splice-INERT on the single-primitive intersection_query path. The earlier 'EXP-O2C 0x8b->0x1b HW-validated end-to-end' note is retracted; primitive-vs-instance dispatch is STRUCTURAL (kernel shape), not a spliceable field.
rt_intersect	dst	corpus-correlation	A18	RT-5-isa-tex-simd-mat-rt-frag-falsify	RETRACTION: rt_intersect operand SUB-FIELDS are byte-diff correlations, NOT splice-validated. RT-5/RT-10 found every documented sub-field splice-INERT on the single-primitive intersection_query path. The earlier 'EXP-O2C 0x8b->0x1b HW-validated end-to-end' note is retracted; primitive-vs-instance dispatch is STRUCTURAL (kernel shape), not a spliceable field.
rt_intersect	mode	corpus-correlation	A18	RT-5-isa-tex-simd-mat-rt-frag-falsify|EXP-O2C	RETRACTION: rt_intersect operand SUB-FIELDS are byte-diff correlations, NOT splice-validated. RT-5/RT-10 found every documented sub-field splice-INERT on the single-primitive intersection_query path. The earlier 'EXP-O2C 0x8b->0x1b HW-validated end-to-end' note is retracted; primitive-vs-instance dispatch is STRUCTURAL (kernel shape), not a spliceable field.
rt_intersect	ray_param	corpus-correlation	A18	EXP-O2C	RETRACTION: rt_intersect operand SUB-FIELDS are byte-diff correlations, NOT splice-validated. RT-5/RT-10 found every documented sub-field splice-INERT on the single-primitive intersection_query path. The earlier 'EXP-O2C 0x8b->0x1b HW-validated end-to-end' note is retracted; primitive-vs-instance dispatch is STRUCTURAL (kernel shape), not a spliceable field.
rt_query_traverse	dst	untested	G17P	EXP-0184	EXP-0189 withheld (UNSTABLE): 16 values dispatched over 70 arm(s), 1318 observations moved, re-derived from raw under EXP-0164's frozen thresholds (>=2 gated runs, moved>=1 in both, >=99% per-value agreement, moved >= 2x disagreements).
rt_query_traverse	opA	untested	A18	EXP-M4-14	EXP-0189 withheld (UNVERIFIABLE): 0 values dispatched over 0 arm(s), 0 observations moved, re-derived from raw under EXP-0164's frozen thresholds (>=2 gated runs, moved>=1 in both, >=99% per-value agreement, moved >= 2x disagreements). Reason: no-raw.
rt_query_traverse	opB	untested	A18	EXP-M4-14	EXP-0189 withheld (UNSTABLE): 15 values dispatched over 93 arm(s), 1290 observations moved, re-derived from raw under EXP-0164's frozen thresholds (>=2 gated runs, moved>=1 in both, >=99% per-value agreement, moved >= 2x disagreements). Reason: no-raw.
rt_query_traverse	sel	untested	A18	EXP-M4-14	EXP-0189 withheld (UNVERIFIABLE): 0 values dispatched over 0 arm(s), 0 observations moved, re-derived from raw under EXP-0164's frozen thresholds (>=2 gated runs, moved>=1 in both, >=99% per-value agreement, moved >= 2x disagreements). Reason: no-raw.
rt_query_traverse2	b5	tokenization-only	M4+A18	EXP-0036|EXP-M4-12|EXP-M4-13	Length anchored over the own-MSL corpus; operand roles located by byte-diff only. Per clean-room rule 5 the traversal arithmetic is not reconstructed.
rt_query_traverse2	b6	tokenization-only	M4+A18	EXP-0036|EXP-M4-12|EXP-M4-13	Length anchored over the own-MSL corpus; operand roles located by byte-diff only. Per clean-room rule 5 the traversal arithmetic is not reconstructed.
rt_query_traverse2	b7	tokenization-only	M4+A18	EXP-0036|EXP-M4-12|EXP-M4-13	Length anchored over the own-MSL corpus; operand roles located by byte-diff only. Per clean-room rule 5 the traversal arithmetic is not reconstructed.
rt_query_traverse2	dst	tokenization-only	M4+A18	EXP-0036|EXP-M4-12|EXP-M4-13	Length anchored over the own-MSL corpus; operand roles located by byte-diff only. Per clean-room rule 5 the traversal arithmetic is not reconstructed.
rt_query_traverse2	getter	tokenization-only	M4+A18	EXP-0036|EXP-M4-12|EXP-M4-13	Length anchored over the own-MSL corpus; operand roles located by byte-diff only. Per clean-room rule 5 the traversal arithmetic is not reconstructed.
rt_query_traverse2	sel	tokenization-only	M4+A18	EXP-0036|EXP-M4-12|EXP-M4-13	Length anchored over the own-MSL corpus; operand roles located by byte-diff only. Per clean-room rule 5 the traversal arithmetic is not reconstructed.
rt_ray_mem_ldidx	idx_dst	tokenization-only	M4+A18	EXP-0036|EXP-M4-12|EXP-M4-13	Length anchored over the own-MSL corpus; operand roles located by byte-diff only. Per clean-room rule 5 the traversal arithmetic is not reconstructed.
rt_ray_mem_ldidx	idx_hi	tokenization-only	M4+A18	EXP-0036|EXP-M4-12|EXP-M4-13	Length anchored over the own-MSL corpus; operand roles located by byte-diff only. Per clean-room rule 5 the traversal arithmetic is not reconstructed.
rt_ray_mem_ldidx	idx_lo	tokenization-only	M4+A18	EXP-0036|EXP-M4-12|EXP-M4-13	Length anchored over the own-MSL corpus; operand roles located by byte-diff only. Per clean-room rule 5 the traversal arithmetic is not reconstructed.
rt_ray_mem_ldidx	marker	tokenization-only	M4+A18	EXP-0036|EXP-M4-12|EXP-M4-13	Length anchored over the own-MSL corpus; operand roles located by byte-diff only. Per clean-room rule 5 the traversal arithmetic is not reconstructed.
rt_ray_mem_ldidx	rsv11	tokenization-only	M4+A18	EXP-0036|EXP-M4-12|EXP-M4-13	Length anchored over the own-MSL corpus; operand roles located by byte-diff only. Per clean-room rule 5 the traversal arithmetic is not reconstructed.
rt_ray_mem_ldidx	rsv4	tokenization-only	M4+A18	EXP-0036|EXP-M4-12|EXP-M4-13	Length anchored over the own-MSL corpus; operand roles located by byte-diff only. Per clean-room rule 5 the traversal arithmetic is not reconstructed.
rt_ray_mem_ldidx	scale	tokenization-only	M4+A18	EXP-0036|EXP-M4-12|EXP-M4-13	Length anchored over the own-MSL corpus; operand roles located by byte-diff only. Per clean-room rule 5 the traversal arithmetic is not reconstructed.
rt_ray_mem_ldidx	wtype	tokenization-only	M4+A18	EXP-0036|EXP-M4-12|EXP-M4-13	Length anchored over the own-MSL corpus; operand roles located by byte-diff only. Per clean-room rule 5 the traversal arithmetic is not reconstructed.
rt_ray_mem_short	reg	tokenization-only	M4+A18	EXP-0036|EXP-M4-12|EXP-M4-13	Length anchored over the own-MSL corpus; operand roles located by byte-diff only. Per clean-room rule 5 the traversal arithmetic is not reconstructed.
rt_ray_mem_short	rsv4	tokenization-only	M4+A18	EXP-0036|EXP-M4-12|EXP-M4-13	Length anchored over the own-MSL corpus; operand roles located by byte-diff only. Per clean-room rule 5 the traversal arithmetic is not reconstructed.
rt_ray_mem_short	rsv5	tokenization-only	M4+A18	EXP-0036|EXP-M4-12|EXP-M4-13	Length anchored over the own-MSL corpus; operand roles located by byte-diff only. Per clean-room rule 5 the traversal arithmetic is not reconstructed.
rt_transform_test	dst	tokenization-only	M4+A18	EXP-0036|EXP-M4-12|EXP-M4-13	Length anchored over the own-MSL corpus; operand roles located by byte-diff only. Per clean-room rule 5 the traversal arithmetic is not reconstructed.
rt_transform_test	mark2	tokenization-only	M4+A18	EXP-0036|EXP-M4-12|EXP-M4-13	Length anchored over the own-MSL corpus; operand roles located by byte-diff only. Per clean-room rule 5 the traversal arithmetic is not reconstructed.
rt_transform_test	opA	tokenization-only	M4+A18	EXP-0036|EXP-M4-12|EXP-M4-13	Length anchored over the own-MSL corpus; operand roles located by byte-diff only. Per clean-room rule 5 the traversal arithmetic is not reconstructed.
rt_transform_test	opAflags	tokenization-only	M4+A18	EXP-0036|EXP-M4-12|EXP-M4-13	Length anchored over the own-MSL corpus; operand roles located by byte-diff only. Per clean-room rule 5 the traversal arithmetic is not reconstructed.
rt_transform_test	opAmod	tokenization-only	M4+A18	EXP-0036|EXP-M4-12|EXP-M4-13	Length anchored over the own-MSL corpus; operand roles located by byte-diff only. Per clean-room rule 5 the traversal arithmetic is not reconstructed.
rt_transform_test	opB	tokenization-only	M4+A18	EXP-0036|EXP-M4-12|EXP-M4-13	Length anchored over the own-MSL corpus; operand roles located by byte-diff only. Per clean-room rule 5 the traversal arithmetic is not reconstructed.
rt_transform_test	src	tokenization-only	M4+A18	EXP-0036|EXP-M4-12|EXP-M4-13	Length anchored over the own-MSL corpus; operand roles located by byte-diff only. Per clean-room rule 5 the traversal arithmetic is not reconstructed.
rtq_dualsrc	b3	tokenization-only	M4+A18	EXP-0036|EXP-M4-12|EXP-M4-13	Length anchored over the own-MSL corpus; operand roles located by byte-diff only. Per clean-room rule 5 the traversal arithmetic is not reconstructed.
rtq_dualsrc	opA	tokenization-only	M4+A18	EXP-0036|EXP-M4-12|EXP-M4-13	Length anchored over the own-MSL corpus; operand roles located by byte-diff only. Per clean-room rule 5 the traversal arithmetic is not reconstructed.
rtq_dualsrc	opB	tokenization-only	M4+A18	EXP-0036|EXP-M4-12|EXP-M4-13	Length anchored over the own-MSL corpus; operand roles located by byte-diff only. Per clean-room rule 5 the traversal arithmetic is not reconstructed.
rtq_state_move	_instruction	isolated-byte-diff	G17P	EXP-M4-13|EXP-0157	EXP-0181 refresh from corpus-correlation: EXP-0157 closed the acceleration-structure testbed gap and ran this instruction in three intersection-query carriers whose host oracles it reproduces exactly (k_rq_prim returns all eight authored quantities exactly). `src` behaves like a real register read in rq_cdist -- only 39 of 256 values reproduce the oracle and 212 return a DIFFERENT value. But the descriptor calls itself a MOVE, and no (src -> dst) pair was chosen and predicted: `dst` reproduces the oracle at 13 of 15 nibbles, which is not what a move into a named GPR should look like.
rtq_state_move	dst	hardware-run	G17P	EXP-0157	outcomes ok=13, silent_zero=1, wrong_value=1 | carrier rq_cdist, anchor +1534, 2 agreeing captures (gate RSH)  ALSO: outcomes ok=14, silent_zero=1 | carrier rq_mtype, anchor +1556, 2 agreeing captures (gate RSH)  ALSO: outcomes ok=13, silent_zero=2 | carrier rq_all, anchor +142, 2 agreeing captures (gate B2)
rtq_state_move	src	hardware-run	G17P	EXP-0157	outcomes ok=39, silent_zero=4, wrong_value=212 | carrier rq_cdist, anchor +1534, 2 agreeing captures (gate RSH) | byte+1 IS a per-instance operand in rq_cdist -- only 39 of 256 values reproduce the oracle and 212 return a DIFFERENT value, the signature of a real register read. In rq_mtype and bb_commit the same field is almost entirely inert, so the claim is carrier-scoped.  ALSO: outcomes ok=251, silent_zero=4 | carrier rq_mtype, anchor +1556, 2 agreeing captures (gate RSH) | byte+1 IS a per-instance operand in rq_cdist -- only 39 of 256 values reproduce the oracle and 212 return a DIFFERENT value, the signature of a real register read. In rq_mtype and bb_commit the same field is almost entirely inert, so the claim is carrier-scoped.  ALSO: outcomes ok=251, silent_zero=4 | carrier rq_all, anchor +142, 2 agreeing captures (gate B2) | byte+1 IS a per-instance operand in rq_cdist -- only 39 of 256 values reproduce the oracle and 212 return a DIFFERENT value, the signature of a real register read. In rq_mtype and bb_commit the same field is almost entirely inert, so the claim is carrier-scoped.
scoreboard_fence	scope	tokenization-only	M4+A18	EXP-0036|EXP-M4-12|EXP-M4-13	byte+2 in {0x00,0x02} is the length discriminator against the 6-byte 0x07-family forms.
sel	_instruction	hardware-run	M4	EXP-0010|EXP-0140	EXP-0181 refresh from corpus-correlation: EXP-0010 E3 validated the select on hardware (a compare-immediate splice flips the CHOSEN value with no jump). EXP-0140 then refuted db.json's own field model by measurement -- `body` is not one opaque 24-bit field but three located bytes, and byte+3 is the predicate-FALSE OPERAND whose value appears in the output (255 of 128 values >= 0x80 and 1 of 128 < 0x80 matched their host-computed oracle exactly). Anchor 16c2a0c8 decodes back to sel.
sel	b1	hardware-run	M4	EXP-0140	db.json models `body` as one opaque 24-bit raw field; it is three located byte-fields. 255/128 byte+3 values >=0x80 and 1/128 values <0x80 matched their host-computed oracle exactly. FIELD-MODEL CORRECTION (EXP-0140, HW): `body` is not an opaque 24-bit field. byte+3 is the predicate-FALSE operand (bit7 = immediate flag, value = the byte itself; 255 immediate matches vs 1 in the register region); byte+1 and byte+2 are operand/predicate source selectors with distinct outcome classes over their full 256-value range. Same bits, same sweep; only the field boundary changed.
sel	b2	hardware-run	M4	EXP-0140	db.json models `body` as one opaque 24-bit raw field; it is three located byte-fields. 255/128 byte+3 values >=0x80 and 1/128 values <0x80 matched their host-computed oracle exactly. FIELD-MODEL CORRECTION (EXP-0140, HW): `body` is not an opaque 24-bit field. byte+3 is the predicate-FALSE operand (bit7 = immediate flag, value = the byte itself; 255 immediate matches vs 1 in the register region); byte+1 and byte+2 are operand/predicate source selectors with distinct outcome classes over their full 256-value range. Same bits, same sweep; only the field boundary changed.
sel	selFalse	hardware-run	M4	EXP-0140	db.json models `body` as one opaque 24-bit raw field; it is three located byte-fields. 255/128 byte+3 values >=0x80 and 1/128 values <0x80 matched their host-computed oracle exactly. FIELD-MODEL CORRECTION (EXP-0140, HW): `body` is not an opaque 24-bit field. byte+3 is the predicate-FALSE operand (bit7 = immediate flag, value = the byte itself; 255 immediate matches vs 1 in the register region); byte+1 and byte+2 are operand/predicate source selectors with distinct outcome classes over their full 256-value range. Same bits, same sweep; only the field boundary changed.
sfu_marker	_instruction	tokenization-only	G16G+G17P	EXP-0036|EXP-M4-12|EXP-M4-13|EXP-0146|EXP-0157	EXP-0181 refresh from tokenization-only: KEEP AS IS -- and note that its two fields are `hardware-run` on BOTH targets, which is exactly the trap. EXP-0146 REFUTED the descriptor's old byte-invariance claim and EXP-0157 reproduced the mapping in three independent carriers; setting byte+0 to 0x00 flips the SIGN of fast::sin on exactly the rows needing range reduction, so at least one bit is a quadrant/sign control. But db.json states the conclusion itself: 'the exact micro-op is NOT-YET-CHARACTERIZED' (clean-room rule 5 keeps the adjacent coefficient words raw). Framing right, semantics unknown -- the definition of tokenization-only.
sfu_marker	b0_hi	hardware-run	G16G+G17P	EXP-0146|EXP-0157|EXP-0165	NEW FIELD, added to db.json by EXP-0165. The descriptor previously claimed a byte-INVARIANT token with ZERO fields, so no evidence about it could be recorded at all. Measured: byte+0 accepts only (v & 0xF7) == 0x06 (2 of 256) -- 62 values return a WRONG value and 192 silently zero -- so within this 5-bit field only its bit 0 (byte bit 3) is free and bits 4-7 of the byte must be 0. Setting byte+0 to 0x00 FLIPS THE SIGN of fast::sin on exactly the rows whose argument requires range reduction (|x| > pi/2), leaving the small-argument rows correct: at least one live bit is a quadrant/sign control.
sfu_marker	b1_hi	hardware-run	G16G+G17P	EXP-0146|EXP-0157|EXP-0165	NEW FIELD, added to db.json by EXP-0165. byte+1 accepts only (v & 0x13) == 0x02 (32 of 256), so bits 2, 3, 5, 6 and 7 of the byte are free and bit 4 (this field's bit 2) must be 0. Both bytes of this 'byte-invariant marker' are load-bearing.
shift_amt_move	_instruction	isolated-byte-diff	G17P	EXP-M4-13|EXP-0146|EXP-0154|EXP-0168	EXP-0181 refresh from corpus-correlation: Executed on both targets in a rotate-by-variable carrier, with the accepted sets identical across gated runs, and EXP-0181's re-scoring of the NARROWED `kind` shows a clean 16-of-16 dense map (G17P accepts kind 1 and 3; M4 also accepts 0 and 2). But its role -- 'stages a shift/rotate amount' -- is INHERITED from reg_move_c0's layout, never proven, and in the only carrier that reaches it `dst` reproduces the oracle at 1 of 16 values and `src_reg` at 2 of 128. No operand is shown to be choosable, so an emitter cannot yet stage an ARBITRARY amount.
shift_amt_move	dst	hardware-run	G17P	EXP-0154	carrier SYNTH+LIFTED:k_rot_var@shift_amt_move[76:80]; outcomes {'ok': 1, 'wrong_value': 14, 'silent_zero': 1}; ok at {0x0}
shift_amt_move	kind	hardware-run	G17P	EXP-0146|EXP-0154|EXP-0181	**NOT RE-DERIVED BY EXP-0183** -- carried through verbatim from EXP-0181's analysis/orphaned_validation_rows.json so the re-span is not lost, and flagged as such. Its span moved (16..23 -> 20..23) and the CURRENT row carries no start/width, so merge_verdicts' span guard CANNOT protect it: its recorded 'ok at {0x14, 0x1c, 0x34, 0x3c}' mixes two value spaces (0x14 and 0x34 are not legal under this descriptor's match at all). Target should be G16G+G17P, and G17P's accept set is a strict SUBSET of M4's -- worth stating rather than merging.
shift_amt_move	op_desc	hardware-run	G17P	EXP-0154	carrier SYNTH+LIFTED:k_rot_var@shift_amt_move[76:80]; outcomes {'wrong_value': 252, 'ok': 4}; ok at {0x4-0x5, 0x84-0x85}
shift_amt_move	src_flag	untested	G17P	EXP-0168	EXP-0189 withheld (INERT-SINGLE): 2 values dispatched over 1 arm(s), 0 observations moved, re-derived from raw under EXP-0164's frozen thresholds (>=2 gated runs, moved>=1 in both, >=99% per-value agreement, moved >= 2x disagreements).
shift_amt_move	src_reg	hardware-run	G17P	EXP-0154	carrier SYNTH+LIFTED:k_rot_var@shift_amt_move[76:80]; outcomes {'ok': 2, 'wrong_value': 123}; ok at {0x0-0x1}
simd_ballot	cache	single-template-inference	G17P	EXP-0172	INERT across 256 values x 6 arms, including `deadsrc`, where every operand is loaded, used ONCE and dead immediately after -- the last-use dimension in which all four of EXP-0163's carriers were identical. Stronger negative, same label: NOT emitter-grade (rule 8).
simd_ballot	dst	isolated-byte-diff	G17P	EXP-0155	swept 195/256 of the frozen value set in both runs (incomplete: a hang/deadline budget stopped it); the values that did run agree across both runs
simd_ballot	form_sig	isolated-byte-diff	G17P	EXP-0155	swept 35/65 of the frozen value set in both runs (incomplete: a hang/deadline budget stopped it); the values that did run agree across both runs
simd_ballot	pred	untested	A18	RT-ISA-FIX|RT-10-isa-pass2	EXP-0189 withheld (UNVERIFIABLE): 0 values dispatched over 0 arm(s), 0 observations moved, re-derived from raw under EXP-0164's frozen thresholds (>=2 gated runs, moved>=1 in both, >=99% per-value agreement, moved >= 2x disagreements). Reason: no-field-records.
simd_reduce	dst	isolated-byte-diff	G17P	EXP-0155	swept 195/256 of the frozen value set in both runs (incomplete: a hang/deadline budget stopped it); the values that did run agree across both runs
simd_reduce	dtype	untested	A18	EXP-0018|RT-ISA-FIX	EXP-0189 withheld (UNVERIFIABLE): 0 values dispatched over 0 arm(s), 0 observations moved, re-derived from raw under EXP-0164's frozen thresholds (>=2 gated runs, moved>=1 in both, >=99% per-value agreement, moved >= 2x disagreements). Reason: no-field-records.
simd_reduce	op	untested	A18	EXP-0018|EXP-O2D	EXP-0189 withheld (UNVERIFIABLE): 0 values dispatched over 0 arm(s), 0 observations moved, re-derived from raw under EXP-0164's frozen thresholds (>=2 gated runs, moved>=1 in both, >=99% per-value agreement, moved >= 2x disagreements). Reason: no-field-records.
simd_shuffle	cache	single-template-inference	G17P	EXP-0172	INERT, but the claim covers TWO VALUES OF ONE BIT, not the byte: byte+2 is 0x54 in every occurrence and db.json models only bit 17 of it. Reconfirmed on the new last-use carrier. NOT emitter-grade (rule 8).
simd_shuffle	dir	untested	A18	EXP-0018	EXP-0189 withheld (UNVERIFIABLE): 0 values dispatched over 0 arm(s), 0 observations moved, re-derived from raw under EXP-0164's frozen thresholds (>=2 gated runs, moved>=1 in both, >=99% per-value agreement, moved >= 2x disagreements). Reason: no-field-records.
simd_shuffle	dst	isolated-byte-diff	G17P	EXP-0155	1/195 values disagree between the two gated runs; validated at points, not over a range
simd_shuffle	lane	hardware-run	M4	EXP-0104|EXP-0115|EXP-0163-g17p-inert-liveness|EXP-0172-g17p-onefield-tail	Out-of-range behaviour is NOT uniform across the family and NOT a wraparound: dynamic simd_shuffle aliases idx>=32 as (idx & 0x1C); the STATIC single-instruction form instead returns a HARD ZERO; simd_shuffle_xor and quad_shuffle hard-zero in both forms. | EXP-0189 citation repair: the records supporting this row live in EXP-0163-g17p-inert-liveness, EXP-0172-g17p-onefield-tail; the original citation EXP-0104, EXP-0115 has no per-value records for it. Both are kept -- the stale one is where the claim came from, the new one is where the evidence is.
simd_shuffle	mode	isolated-byte-diff	A18	EXP-0018|EXP-0163-g17p-inert-liveness|EXP-0172-g17p-onefield-tail|EXP-O2D	EXP-0189 citation repair: the records supporting this row live in EXP-0163-g17p-inert-liveness, EXP-0172-g17p-onefield-tail; the original citation EXP-0018, EXP-O2D has no per-value records for it. Both are kept -- the stale one is where the claim came from, the new one is where the evidence is.
simd_shuffle	rsv9	hardware-run	G17P	EXP-0163	LIVE: moved the observation on 2 arm(s) across stype. Inert on sball, scache, sdiv, stype -- i.e. the EXP-0155 null was CARRIER-LIMITED, not a property of the silicon.
spill_frame_marker	_instruction	hardware-run	A18	EXP-M4-14|EXP-0041	EXP-0041 found this exact word ABSENT from all nine retained M4 own mains including 208-576 B declared scratch, so it is NOT a universal spill marker. | EXP-0189: every CITED directory (EXP-M4-14-a18-splice, EXP-0041-scratch-helper-abi) has no per-value records for this descriptor. Bytes matching it DO appear in EXP-0156-g17p-emit-cf-mem, so the claim is probably recoverable by re-citation rather than false -- but that is a successor re-derivation, not a relabel. Left as-is and flagged.
spill_frame_marker	b1	untested	A18	EXP-M4-14	EXP-0189 withheld (UNVERIFIABLE): 0 values dispatched over 0 arm(s), 0 observations moved, re-derived from raw under EXP-0164's frozen thresholds (>=2 gated runs, moved>=1 in both, >=99% per-value agreement, moved >= 2x disagreements). Reason: no-raw.
spill_frame_marker	b2	untested	A18	EXP-M4-14	EXP-0189 withheld (UNVERIFIABLE): 0 values dispatched over 0 arm(s), 0 observations moved, re-derived from raw under EXP-0164's frozen thresholds (>=2 gated runs, moved>=1 in both, >=99% per-value agreement, moved >= 2x disagreements). Reason: no-raw.
spill_frame_marker	b3	untested	A18	EXP-M4-14	EXP-0189 withheld (UNVERIFIABLE): 0 values dispatched over 0 arm(s), 0 observations moved, re-derived from raw under EXP-0164's frozen thresholds (>=2 gated runs, moved>=1 in both, >=99% per-value agreement, moved >= 2x disagreements). Reason: no-raw.
sr_read_wide	_instruction	isolated-byte-diff	G17P	EXP-M4-13|EXP-0157	EXP-0181 refresh from corpus-correlation: It executed inside carriers with exact host oracles and its bytes are load-bearing (`width` faults on 32 of 256; `sel` accepts (v & 0x87) == 0x01). But TWO of the descriptor's own documented field roles were REFUTED or unobservable by the same experiment: `sel` is 'load-bearing but NOT the property selector' (16 different values return the same result), and byte+7's documented CANDIDATE-vs-COMMITTED selector 'is not observable here' (255/255 inert). `dst` is PINNED in all three carriers -- 'an emitter cannot choose the destination'. A descriptor whose two identifying claims are unconfirmed must not carry the top label.
sr_read_wide	dst	hardware-run	G17P	EXP-0157	outcomes silent_zero=15 | carrier rq_cdist, anchor +328, 2 agreeing captures (gate RSH) | Destination nibble. PINNED in all three carriers: no value other than the compiler's own reproduces the getter's result, because the following code reads exactly that register. An emitter cannot choose the destination from this evidence.  ALSO: outcomes silent_zero=15 | carrier rq_cprim, anchor +328, 2 agreeing captures (gate RSH) | Destination nibble. PINNED in all three carriers: no value other than the compiler's own reproduces the getter's result, because the following code reads exactly that register. An emitter cannot choose the destination from this evidence.  ALSO: outcomes silent_zero=15 | carrier rq_all, anchor +808, 2 agreeing captures (gate B2) | Destination nibble. PINNED in all three carriers: no value other than the compiler's own reproduces the getter's result, because the following code reads exactly that register. An emitter cannot choose the destination from this evidence.
sr_read_wide	marshal	hardware-run	G17P	EXP-0157	outcomes ok=82 | carrier rq_cdist, anchor +328, 2 agreeing captures (gate RSH) | HW-TESTED INERT, both constituent bytes dense. | HW-TESTED INERT in this carrier: every value reproduced the carrier's oracle exactly. Inert here does NOT mean don't-care in general.  ALSO: outcomes ok=82 | carrier rq_cprim, anchor +328, 2 agreeing captures (gate RSH) | HW-TESTED INERT, both constituent bytes dense. | HW-TESTED INERT in this carrier: every value reproduced the carrier's oracle exactly. Inert here does NOT mean don't-care in general.  ALSO: outcomes ok=82 | carrier rq_all, anchor +808, 2 agreeing captures (gate B2) | HW-TESTED INERT, both constituent bytes dense. | HW-TESTED INERT in this carrier: every value reproduced the carrier's oracle exactly. Inert here does NOT mean don't-care in general. [orchestrator: every swept value returned the correct oracle on all 3 carriers ['rq_all', 'rq_cdist', 'rq_cprim']; emitter-grade only within that envelope.]
sr_read_wide	operand	hardware-run	G17P	EXP-0157	outcomes ok=255 | carrier rq_cdist, anchor +328, 2 agreeing captures (gate RSH) | HW-TESTED INERT across all 256 values in both candidate-getter carriers. | HW-TESTED INERT in this carrier: every value reproduced the carrier's oracle exactly. Inert here does NOT mean don't-care in general.  ALSO: outcomes ok=255 | carrier rq_cprim, anchor +328, 2 agreeing captures (gate RSH) | HW-TESTED INERT across all 256 values in both candidate-getter carriers. | HW-TESTED INERT in this carrier: every value reproduced the carrier's oracle exactly. Inert here does NOT mean don't-care in general.  ALSO: outcomes ok=255 | carrier rq_all, anchor +808, 2 agreeing captures (gate B2) | HW-TESTED INERT across all 256 values in both candidate-getter carriers. | HW-TESTED INERT in this carrier: every value reproduced the carrier's oracle exactly. Inert here does NOT mean don't-care in general. [orchestrator: every swept value returned the correct oracle on all 3 carriers ['rq_all', 'rq_cdist', 'rq_cprim']; emitter-grade only within that envelope.]
sr_read_wide	phase	hardware-run	G17P	EXP-0157	outcomes ok=255 | carrier rq_cdist, anchor +328, 2 agreeing captures (gate RSH) | HW-TESTED INERT across all 256 values in both candidate-getter carriers. db.json reads byte+7 0x80 as the CANDIDATE-vs-COMMITTED selector; that is not observable here. | HW-TESTED INERT in this carrier: every value reproduced the carrier's oracle exactly. Inert here does NOT mean don't-care in general.  ALSO: outcomes ok=255 | carrier rq_cprim, anchor +328, 2 agreeing captures (gate RSH) | HW-TESTED INERT across all 256 values in both candidate-getter carriers. db.json reads byte+7 0x80 as the CANDIDATE-vs-COMMITTED selector; that is not observable here. | HW-TESTED INERT in this carrier: every value reproduced the carrier's oracle exactly. Inert here does NOT mean don't-care in general.  ALSO: outcomes ok=255 | carrier rq_all, anchor +808, 2 agreeing captures (gate B2) | HW-TESTED INERT across all 256 values in both candidate-getter carriers. db.json reads byte+7 0x80 as the CANDIDATE-vs-COMMITTED selector; that is not observable here. | HW-TESTED INERT in this carrier: every value reproduced the carrier's oracle exactly. Inert here does NOT mean don't-care in general. [orchestrator: every swept value returned the correct oracle on all 3 carriers ['rq_all', 'rq_cdist', 'rq_cprim']; emitter-grade only within that envelope.]
sr_read_wide	sel	hardware-run	G17P	EXP-0157	accepted set: (value & 0x87) == 0x01 | outcomes ok=15, silent_zero=112 | carrier rq_cdist, anchor +328, 2 agreeing captures (gate RSH) | byte+1 bits 0-6. Load-bearing but NOT the property selector: the low three bits must be 0b001 and bits 3-6 are don't-care, so 16 different values all return the correct property. Differential compilation locates the actual ray-query property selector at rt_ray_mem byte+10 (0xc4 barycentric.x / 0xc6 barycentric.y / 0xc8 triangle distance).  ALSO: accepted set: (value & 0x87) == 0x01 | outcomes ok=15, silent_zero=112 | carrier rq_cprim, anchor +328, 2 agreeing captures (gate RSH) | byte+1 bits 0-6. Load-bearing but NOT the property selector: the low three bits must be 0b001 and bits 3-6 are don't-care, so 16 different values all return the correct property. Differential compilation locates the actual ray-query property selector at rt_ray_mem byte+10 (0xc4 barycentric.x / 0xc6 barycentric.y / 0xc8 triangle distance).  ALSO: accepted set: (value & 0x87) == 0x01 | outcomes ok=15, silent_zero=112 | carrier rq_all, anchor +808, 2 agreeing captures (gate B2) | byte+1 bits 0-6. Load-bearing but NOT the property selector: the low three bits must be 0b001 and bits 3-6 are don't-care, so 16 different values all return the correct property. Differential compilation locates the actual ray-query property selector at rt_ray_mem byte+10 (0xc4 barycentric.x / 0xc6 barycentric.y / 0xc8 triangle distance).
sr_read_wide	width	hardware-run	G17P	EXP-0157	accepted set: (value & 0xce) == 0x06 | outcomes fault=32, ok=7, silent_zero=216 | carrier rq_cdist, anchor +328, 2 agreeing captures (gate RSH) | byte+2. Load-bearing: only a masked subset reproduces the result and 32 of 256 values FAULT. The constraint shared by both carriers is (v & 0x8e) == 0x06; bit 6 varies per instance.  ALSO: accepted set: (value & 0xce) == 0x46 | outcomes fault=32, ok=7, silent_zero=216 | carrier rq_cprim, anchor +328, 2 agreeing captures (gate RSH) | byte+2. Load-bearing: only a masked subset reproduces the result and 32 of 256 values FAULT. The constraint shared by both carriers is (v & 0x8e) == 0x06; bit 6 varies per instance.  ALSO: accepted set: (value & 0xcf) == 0x46 | outcomes fault=16, ok=3, silent_zero=236 | carrier rq_all, anchor +808, 2 agreeing captures (gate B2) | byte+2. Load-bearing: only a masked subset reproduces the result and 32 of 256 values FAULT. The constraint shared by both carriers is (v & 0x8e) == 0x06; bit 6 varies per instance.
stop	reserved	untested	A18	EXP-0003|EXP-0010|EXP-0168-g17p-dst-resweep	The 'end-of-program flags/scope' hypothesis is DISPROVEN. True end-of-program is out of band (the metadata code length). A driver emits 0x000000. | EXP-0189 citation repair: the records supporting this row live in EXP-0168-g17p-dst-resweep; the original citation EXP-0003, EXP-0010 has no per-value records for it. Both are kept -- the stale one is where the claim came from, the new one is where the evidence is. | WITHHELD 2026-08-30 on DEF-0190-1, the TENTH cannot-fail check found in this corpus. `audit.py`'s INERT buckets have **no detection-power conjunct**: `moved` is derived from the hash of `observed`, so an arm whose observable NEVER VARIES returns `moved = 0` BY CONSTRUCTION, and `classify()` reads that as 'the field is inert'. `INERT-MULTI` is not withheld, so such a field keeps emitter-grade status. Measured across the corpus: **8 arms record no observation at all, and 128 arms (80,138 field records) record exactly ONE distinct `observed` payload across every case.** 21 INERT-* fields rest entirely on such arms; this is one of the 5 that were emitter-grade. It is the eighth finding inverted -- there, a promotion gate could not fail; here, an INERTNESS gate cannot fail. The measurement is not refuted: the field may well be inert. But an arm that cannot vary its observable cannot establish inertness either, and that is the same error this corpus has now made ten different ways. REMEDY, needing no hardware and already IN the corpus: the `_detect`, `__ladder_L_*` and `_live_control` records -- discarded by the same underscore filter -- consumed as a GATE on INERT verdicts rather than as measurements.
tex_addr_setup	_instruction	corpus-correlation	A18	EXP-M4-14	EXP-0189 DOWNGRADE from `hardware-run`: every cited directory (EXP-M4-14-a18-splice) has NO per-value records for this descriptor, and no other directory contains bytes matching it. An emitter-grade INSTRUCTION label asserts the descriptor itself was established on hardware; nothing in the committed corpus supports that here.
tex_addr_setup	cache	untested	A18	EXP-M4-14	EXP-0189 withheld (UNVERIFIABLE): 0 values dispatched over 0 arm(s), 0 observations moved, re-derived from raw under EXP-0164's frozen thresholds (>=2 gated runs, moved>=1 in both, >=99% per-value agreement, moved >= 2x disagreements). Reason: no-raw.
tex_addr_setup	form	untested	A18	EXP-M4-14	EXP-0189 withheld (UNVERIFIABLE): 0 values dispatched over 0 arm(s), 0 observations moved, re-derived from raw under EXP-0164's frozen thresholds (>=2 gated runs, moved>=1 in both, >=99% per-value agreement, moved >= 2x disagreements). Reason: no-raw.
tex_addr_setup	op_cnt	untested	A18	EXP-M4-14	EXP-0189 withheld (UNVERIFIABLE): 0 values dispatched over 0 arm(s), 0 observations moved, re-derived from raw under EXP-0164's frozen thresholds (>=2 gated runs, moved>=1 in both, >=99% per-value agreement, moved >= 2x disagreements). Reason: no-raw.
tex_addr_setup	op_desc9	untested	A18	EXP-M4-14	EXP-0189 withheld (UNVERIFIABLE): 0 values dispatched over 0 arm(s), 0 observations moved, re-derived from raw under EXP-0164's frozen thresholds (>=2 gated runs, moved>=1 in both, >=99% per-value agreement, moved >= 2x disagreements). Reason: no-raw.
tex_addr_setup	op_hi	untested	A18	EXP-M4-14	EXP-0189 withheld (UNVERIFIABLE): 0 values dispatched over 0 arm(s), 0 observations moved, re-derived from raw under EXP-0164's frozen thresholds (>=2 gated runs, moved>=1 in both, >=99% per-value agreement, moved >= 2x disagreements). Reason: no-raw.
tex_addr_setup	op_mode	untested	A18	EXP-M4-14	EXP-0189 withheld (UNVERIFIABLE): 0 values dispatched over 0 arm(s), 0 observations moved, re-derived from raw under EXP-0164's frozen thresholds (>=2 gated runs, moved>=1 in both, >=99% per-value agreement, moved >= 2x disagreements). Reason: no-raw.
tex_addr_setup	op_reg	untested	A18	EXP-M4-14	EXP-0189 withheld (UNVERIFIABLE): 0 values dispatched over 0 arm(s), 0 observations moved, re-derived from raw under EXP-0164's frozen thresholds (>=2 gated runs, moved>=1 in both, >=99% per-value agreement, moved >= 2x disagreements). Reason: no-raw.
tex_addr_setup	op_reg2	untested	A18	EXP-M4-14	EXP-0189 withheld (UNVERIFIABLE): 0 values dispatched over 0 arm(s), 0 observations moved, re-derived from raw under EXP-0164's frozen thresholds (>=2 gated runs, moved>=1 in both, >=99% per-value agreement, moved >= 2x disagreements). Reason: no-raw.
tex_addr_setup	rsv11	untested	A18	EXP-M4-14	EXP-0189 withheld (UNVERIFIABLE): 0 values dispatched over 0 arm(s), 0 observations moved, re-derived from raw under EXP-0164's frozen thresholds (>=2 gated runs, moved>=1 in both, >=99% per-value agreement, moved >= 2x disagreements). Reason: no-raw.
tex_addr_setup	rsv6	untested	A18	EXP-M4-14	EXP-0189 withheld (UNVERIFIABLE): 0 values dispatched over 0 arm(s), 0 observations moved, re-derived from raw under EXP-0164's frozen thresholds (>=2 gated runs, moved>=1 in both, >=99% per-value agreement, moved >= 2x disagreements). Reason: no-raw.
tex_addr_setup	src_desc	untested	A18	EXP-M4-14	EXP-0189 withheld (UNVERIFIABLE): 0 values dispatched over 0 arm(s), 0 observations moved, re-derived from raw under EXP-0164's frozen thresholds (>=2 gated runs, moved>=1 in both, >=99% per-value agreement, moved >= 2x disagreements). Reason: no-raw.
tex_coord_setup	_instruction	corpus-correlation	M4	EXP-M4-13	The mnemonic is a MISNOMER: the same encoding also serves vertex attribute-fetch address setup and float-classify (isnan/isnormal/frexp/modf) ALU.
tex_coord_setup	b5	hardware-run	G17P	EXP-0163	LIVE: moved the observation on 8 arm(s) across bits, fclass, ms4out, sball, vhalf, vsrc. Inert on fclass -- i.e. the EXP-0155 null was CARRIER-LIMITED, not a property of the silicon.
tex_coord_setup	b6	hardware-run	G17P	EXP-0163	LIVE: moved the observation on 4 arm(s) across ms4out, vhalf, vsrc. Inert on bits, fclass, sball -- i.e. the EXP-0155 null was CARRIER-LIMITED, not a property of the silicon.
tex_coord_setup	b8	hardware-run	G17P	EXP-0163	LIVE: moved the observation on 4 arm(s) across ms4out, vhalf, vsrc. Inert on bits, fclass, sball -- i.e. the EXP-0155 null was CARRIER-LIMITED, not a property of the silicon.
tex_coord_setup	b9	single-template-inference	G17P	EXP-0163	INERT-ROBUST over the stated envelope: every value executed on 9 arms across 6 structurally different carriers (bits, fclass, ms4out, sball, vhalf, vsrc), each of which PASSED the strict detection profile, and none moved any observed surface. This bounds the field; it does NOT establish that it is a don't-care outside this envelope. LABEL NOTE: carried as `single-template-inference`, NOT `hardware-run`, even though the hardware evidence is a full dense sweep -- because `hardware-run` is emitter-grade and an emitter here must reuse the compiler-observed value, which is a captured-template dependency. The measurement is not downgraded; see `hardware_evidence`.
tex_coord_setup	idx	hardware-run	G17P	EXP-0163	LIVE: moved the observation on 1 arm(s) across vsrc. Inert on bits, fclass, ms4out, sball, vhalf, vsrc -- i.e. the EXP-0155 null was CARRIER-LIMITED, not a property of the silicon.
tex_deriv	axis	isolated-byte-diff	A18	EXP-0016|EXP-0172-g17p-onefield-tail	Fine-vs-coarse derivative decode is an open follow-up. | EXP-0189 citation repair: the records supporting this row live in EXP-0172-g17p-onefield-tail; the original citation EXP-0016 has no per-value records for it. Both are kept -- the stale one is where the claim came from, the new one is where the evidence is.
tex_deriv	dstsrc	untested	G17P	EXP-0172	EXP-0189 withheld (UNSTABLE): 65 values dispatched over 4 arm(s), 198 observations moved, re-derived from raw under EXP-0164's frozen thresholds (>=2 gated runs, moved>=1 in both, >=99% per-value agreement, moved >= 2x disagreements).
tex_sample	chain	hardware-run	G17P	EXP-0155	[orchestrator: representative arm re-pointed from tex_sample@t1_0 to tex_sample@lo_1, where the field is demonstrably live (15/15 of 16 moved, 100.0% cross-run agreement); the original arm showed it inert.]
tex_sample	comp_flags	hardware-run	G17P	EXP-0155	[orchestrator: representative arm re-pointed from tex_sample@t1_0 to tex_sample@lo_1, where the field is demonstrably live (14/14 of 16 moved, 100.0% cross-run agreement); the original arm showed it inert.]
tex_sample	coord	hardware-run	G17P	EXP-0172	LIVE. An operand byte (reg << 1) | is32: the moved set is reproduced with ZERO exceptions by (v & 1) and ((v >> 1) mod 16) in {6, 8, 10, 14}. Pointing the coordinate at a register the program does not keep live yields a SILENT unchanged result, never a fault. EXP-0155's 73-93 % cross-run instability is resolved: on derivative-free carriers the per-value partition is 100 % reproducible across runs.
tex_sample	kind	hardware-run	G17P	EXP-0155	[orchestrator: representative arm re-pointed from tex_sample@t1_0 to tex_sample@lo_1, where the field is demonstrably live (15/15 of 16 moved, 100.0% cross-run agreement); the original arm showed it inert.]
tex_sample	lod_present	hardware-run	G17P	EXP-0155	[orchestrator: representative arm re-pointed from tex_sample@t1_0 to tex_sample@lo_0, where the field is demonstrably live (128/128 of 256 moved, 100.0% cross-run agreement); the original arm showed it inert.]
tex_sample	mode	untested	A18	RT-5-isa-tex-simd-mat-rt-frag-falsify|EXP-0016	EXP-0189 withheld (UNSTABLE): 2 values dispatched over 1 arm(s), 2 observations moved, re-derived from raw under EXP-0164's frozen thresholds (>=2 gated runs, moved>=1 in both, >=99% per-value agreement, moved >= 2x disagreements). Reason: no-field-records.
tex_sample	result_desc	isolated-byte-diff	A18	EXP-0034|EXP-0172-g17p-onefield-tail	EXP-0189 citation repair: the records supporting this row live in EXP-0172-g17p-onefield-tail; the original citation EXP-0034 has no per-value records for it. Both are kept -- the stale one is where the claim came from, the new one is where the evidence is.
tex_sample	result_sel	hardware-run	G17P	EXP-0155	[orchestrator: representative arm re-pointed from tex_sample@t1_0 to tex_sample@t1_2, where the field is demonstrably live (252/252 of 256 moved, 100.0% cross-run agreement); the original arm showed it inert.]
tex_sample	samp_extra	hardware-run	G17P	EXP-0155	[orchestrator: representative arm re-pointed from tex_sample@t1_0 to tex_sample@lo_1, where the field is demonstrably live (128/128 of 256 moved, 100.0% cross-run agreement); the original arm showed it inert.]
tex_sample	samp_slot_offset	isolated-byte-diff	M4+A18	EXP-0016|EXP-0034|EXP-0106|EXP-0172-g17p-onefield-tail	Gather offset is a signed [-8,7] per-axis field, HW-confirmed affine and alias-free at all 12 boundary/corner points, and accepts a genuinely dynamic per-lane offset (EXP-0106). | EXP-0189 citation repair: the records supporting this row live in EXP-0172-g17p-onefield-tail; the original citation EXP-0016, EXP-0034, EXP-0106 has no per-value records for it. Both are kept -- the stale one is where the claim came from, the new one is where the evidence is.
tex_sample	tex_slot	hardware-run	M4	EXP-0016|EXP-0114|EXP-0172-g17p-onefield-tail	RETRACTION: op+4 is NOT a stable per-texture binding index. Textures declared at MSL indices 5/50/100 produce op4 sequence [0,128,0] - it names a short-lived compiler-assigned register/uniform slot. Field is 4 bits (upper nibble); the lower nibble is PROVABLY INERT. All 14 unpopulated nibble values are a deterministic SILENT ZERO - never a fault, never an alias. The real 0..127 binding-index selector lives in a still-UNDECODED preceding pointer-load. | EXP-0189 citation repair: the records supporting this row live in EXP-0172-g17p-onefield-tail; the original citation EXP-0114, EXP-0016 has no per-value records for it. Both are kept -- the stale one is where the claim came from, the new one is where the evidence is.
tex_sample	tex_type	hardware-run	G17P	EXP-0155	[orchestrator: representative arm re-pointed from tex_sample@t1_0 to tex_sample@lo_2, where the field is demonstrably live (254/254 of 256 moved, 100.0% cross-run agreement); the original arm showed it inert.]
tex_sample	variant	hardware-run	M4+A18	EXP-0016|EXP-0034|EXP-0172-g17p-onefield-tail|EXP-M4-10	EXP-0189 citation repair: the records supporting this row live in EXP-0172-g17p-onefield-tail; the original citation EXP-0016, EXP-0034, EXP-M4-10 has no per-value records for it. Both are kept -- the stale one is where the claim came from, the new one is where the evidence is.
tex_write	amode	untested	G17P	EXP-0163	STILL-UNDERPOWERED: swept densely on 6 arms but only 2 distinct carrier(s) with proven detection power (the pre-registered bar is 3), so NOT promoted. Reported as unreached, not as inert.
tex_write	coord_pack	isolated-byte-diff	G17P	EXP-0155	2/256 values disagree between the two gated runs; validated at points, not over a range
tex_write	rsv11	untested	G17P	EXP-0163	STILL-UNDERPOWERED: swept densely on 6 arms but only 2 distinct carrier(s) with proven detection power (the pre-registered bar is 3), so NOT promoted. Reported as unreached, not as inert.
tg_addr_compute	_instruction	hardware-run	A18	EXP-M4-14	EMITTABLE VETO: byte0's HIGH nibble and byte+1 are HW-proven LIVE operand selectors (splicing them corrupts the tile dataflow) but neither is modelled as a field - db.json's match (0,8,0x1c) OVER-FITS the r1 form. An emitter must fill bytes this descriptor does not expose, and the value->register map is not a clean linear index (EXP-M4-14).
tg_addr_compute	b3	untested	G17P	EXP-0156	EXP-0164 withheld: 256 values dispatched, 1 carrier(s) tested, 0 observations moved. Never moved anything on the ONE carrier tried, so the probe could not have shown liveness either way (the EXP-0155 samp_extra failure mode). Needs a second, structurally different carrier.
tg_addr_compute	b4	untested	G17P	EXP-0156	EXP-0164 withheld: 256 values dispatched, 1 carrier(s) tested, 0 observations moved. Never moved anything on the ONE carrier tried, so the probe could not have shown liveness either way (the EXP-0155 samp_extra failure mode). Needs a second, structurally different carrier.
tg_addr_compute	b5	untested	G17P	EXP-0156	EXP-0164 withheld: 256 values dispatched, 1 carrier(s) tested, 0 observations moved. Never moved anything on the ONE carrier tried, so the probe could not have shown liveness either way (the EXP-0155 samp_extra failure mode). Needs a second, structurally different carrier.
tg_atomic_prep10	_instruction	corpus-correlation	M4	EXP-0148	Descriptor ADDED by EXP-0148 from corpus A/B evidence (STRUCTURAL). No hardware sweep was run for this instruction -- EXP-0148 was a modelling dispatch and says so explicitly. Every field here is corpus-derived and must be swept before anything is emitted. corrected 10-byte replacement for the deleted 8-byte tg_atomic_prep (L4)
tg_atomic_prep10	body	corpus-correlation	M4	EXP-0148	Not swept. Do not emit.
tg_atomic_prep10	dst	corpus-correlation	M4	EXP-0148	Not swept. Do not emit.
tg_atomic_prep10	tail	corpus-correlation	M4	EXP-0148	Not swept. Do not emit.
threadgroup_barrier	b5	untested	M4	EXP-0141	EXP-0164 withheld: 256 values dispatched, 1 carrier(s) tested, 0 observations moved. Never moved anything on the ONE carrier tried, so the probe could not have shown liveness either way (the EXP-0155 samp_extra failure mode). Needs a second, structurally different carrier.
threadgroup_barrier	flags	untested	M4	EXP-0141	EXP-0164 withheld: 256 values dispatched, 1 carrier(s) tested, 0 observations moved. Never moved anything on the ONE carrier tried, so the probe could not have shown liveness either way (the EXP-0155 samp_extra failure mode). Needs a second, structurally different carrier.
threadgroup_barrier	mem_scope	untested	M4	EXP-0141	EXP-0164 withheld: 256 values dispatched, 1 carrier(s) tested, 256 observations moved, but the movement does not reproduce across the two gated runs at >=99% per-value agreement with movement >= 2x the disagreement count. Needs a third gated run.
threadgroup_barrier	sub	untested	M4	EXP-0141	EXP-0164 withheld: 256 values dispatched, 1 carrier(s) tested, 260 observations moved, but the movement does not reproduce across the two gated runs at >=99% per-value agreement with movement >= 2x the disagreement count. Needs a third gated run.
tile_read	b2	untested	G17P	EXP-0178	gate failed: moved_over_disagree
tile_read	b4	untested	G17P	EXP-0178	gate failed: moved_over_disagree
tile_read	b6_hi	untested	G17P	EXP-0178	gate failed: moved_over_disagree
tile_read	b7	untested	G17P	EXP-0178	gate failed: min_agree_pct
tile_read	tail	untested	G17P	EXP-0178	gate failed: min_agree_pct
tile_read_mrt	b4	untested	G17P	EXP-0178	gate failed: moved_over_disagree
tile_read_mrt	b6_hi	untested	G17P	EXP-0178	gate failed: moved_over_disagree
uniform_mov	_instruction	hardware-run	G16G+G17P	EXP-0020|EXP-0140|EXP-0168	EXP-0181 refresh from corpus-correlation: EXP-0140 proved the documented semantics by value: 128 of 128 immediate-region `usrc` values matched their host-computed oracle exactly and 8 of 8 mapped uniform indices returned the BOUND MAGIC CONSTANT -- i.e. byte+1 really does select the uniform read. EXP-0168 then re-measured `dst` on G17P against a fixed 16-GPR dump and a host-known seed table (214 movements, 224 distinct byte strings, 100.000% agreement) after showing EXP-0140's earlier dst arm could not have returned any other answer.
uniform_mov	dst	hardware-run	G17P	EXP-0168	100.000% agreement over 224 shared values, 214 moved vs 0 disagreements (infx), ladder and falsifier passed in every run
uniform_mov	usrc	hardware-run	M4	EXP-0140	128/128 immediate-region values matched their host-computed oracle exactly; 8/8 mapped uniform indices returned the bound magic constant
unpack_convert	cache	untested	M4	EXP-0144	EXP-0164 withheld: 256 values dispatched, 1 carrier(s) tested, 128 observations moved, but the movement does not reproduce across the two gated runs at >=99% per-value agreement with movement >= 2x the disagreement count. Needs a third gated run.
unpack_convert	dst	hardware-run	G17P	EXP-0168	100.000% agreement over 256 shared values, 188 moved vs 0 disagreements (infx), ladder and falsifier passed in every run
unpack_convert	fmt_sel	untested	M4	EXP-0144	EXP-0164 withheld: 16 values dispatched, 2 carrier(s) tested, 156 observations moved, but the movement does not reproduce across the two gated runs at >=99% per-value agreement with movement >= 2x the disagreement count. Needs a third gated run.
unpack_convert	inert4	hardware-run	M4	EXP-0144	Derived from the rv01 REVALIDATION only. Compared against the contaminated run03/run05 on 960 measurements: 2 overturned by the majority vote (0.21%); where they disagree the revalidation wins. FIELD-MODEL CORRECTION (EXP-0144, HW): the former 32-bit raw `convert_desc` is four located bytes -- byte+3 = DESTINATION register (3 distinct registers observed); byte+4 COMPLETELY INERT over all 256 values; byte+5 = SOURCE register (reg<<3, bits 0-2 don't-care); byte+6 = opcode/descriptor (bits 0,2 == 0,1 exactly). Neither operand register was reachable from db.json before this split.
unpack_convert	opdesc	untested	M4	EXP-0144	EXP-0164 withheld: 256 values dispatched, 2 carrier(s) tested, 262 observations moved, but the movement does not reproduce across the two gated runs at >=99% per-value agreement with movement >= 2x the disagreement count. Needs a third gated run.
unpack_convert	size	untested	M4	EXP-0144	EXP-0164 withheld: 16 values dispatched, 2 carrier(s) tested, 192 observations moved, but the movement does not reproduce across the two gated runs at >=99% per-value agreement with movement >= 2x the disagreement count. Needs a third gated run.
unpack_convert	src	untested	M4	EXP-0144	EXP-0164 withheld: 256 values dispatched, 2 carrier(s) tested, 99 observations moved, but the movement does not reproduce across the two gated runs at >=99% per-value agreement with movement >= 2x the disagreement count. Needs a third gated run.
unpack_convert	src_class	untested	M4	EXP-0144	EXP-0164 withheld: 256 values dispatched, 1 carrier(s) tested, 323 observations moved, but the movement does not reproduce across the two gated runs at >=99% per-value agreement with movement >= 2x the disagreement count. Needs a third gated run.
vary_slot	_instruction	corpus-correlation	G17P	EXP-M4-13|EXP-0155|EXP-0172	EXP-0181 refresh from corpus-correlation: KEEP AS IS, because the descriptor's documented semantics has been REFUTED on hardware. db.json says byte+3 is 'the varying slot (monotone, tracks the store slot)'. EXP-0172 (DEF-0172-3) measured it: `slot` is live 'only bit 2 and only on one of four carriers -- all 128 values with bit 2 set move the observation, all 128 with it clear do not, and the other seven bits, INCLUDING BITS 5-6 WHERE THE COMPILER ENCODES THE VARYING INDEX, did nothing on any carrier'. Both fields are `hardware-run` and the instruction's role is nonetheless unestablished. Promoting it would certify a slot selector that does not select.
vary_slot	slot	hardware-run	G17P	EXP-0172	LIVE, but only bit 2 and only on one of four carriers. All 128 values with bit 2 set move the observation; all 128 with it clear do not; the other seven bits -- including bits 5-6, where the COMPILER encodes the varying index -- did nothing on any carrier (DEF-0172-3). An implementer should treat vary_store.out_slot as the slot lever, per EXP-0155.
vary_store	_instruction	isolated-byte-diff	A18	EXP-0037|EXP-0029	MIS-TOKENIZATION FLAGGED: this descriptor currently also swallows the 6-byte fragment kill/target-mask op (byte0=0x57, byte+2=0x54) as an 8-byte vertex vary_store. A proper split is a pending DB change (EXP-0091).
vary_store	b5_tag	untested	G17P	EXP-0155	EXP-0164 withheld: 128 values dispatched, 1 carrier(s) tested, 128 observations moved, but the movement does not reproduce across the two gated runs at >=99% per-value agreement with movement >= 2x the disagreement count. Needs a third gated run.
vary_store	b7	single-template-inference	G17P	EXP-0163	INERT-ROBUST over the stated envelope: every value executed on 9 arms across 5 structurally different carriers (vclip, vflat, vhalf, vmany, vsrc), each of which PASSED the strict detection profile, and none moved any observed surface. This bounds the field; it does NOT establish that it is a don't-care outside this envelope. LABEL NOTE: carried as `single-template-inference`, NOT `hardware-run`, even though the hardware evidence is a full dense sweep -- because `hardware-run` is emitter-grade and an emitter here must reuse the compiler-observed value, which is a captured-template dependency. The measurement is not downgraded; see `hardware_evidence`.
vary_store	hint1	untested	G17P	EXP-0155	EXP-0164 withheld: 256 values dispatched, 1 carrier(s) tested, 259 observations moved, but the movement does not reproduce across the two gated runs at >=99% per-value agreement with movement >= 2x the disagreement count. Needs a third gated run.
vary_store	hint2	single-template-inference	G17P	EXP-0163	INERT-ROBUST over the stated envelope: every value executed on 9 arms across 5 structurally different carriers (vclip, vflat, vhalf, vmany, vsrc), each of which PASSED the strict detection profile, and none moved any observed surface. This bounds the field; it does NOT establish that it is a don't-care outside this envelope. LABEL NOTE: carried as `single-template-inference`, NOT `hardware-run`, even though the hardware evidence is a full dense sweep -- because `hardware-run` is emitter-grade and an emitter here must reuse the compiler-observed value, which is a captured-template dependency. The measurement is not downgraded; see `hardware_evidence`.
vary_store	hint6	hardware-run	G17P	EXP-0163	LIVE: moved the observation on 7 arm(s) across vflat, vhalf, vmany, vsrc. Inert on vclip, vmany -- i.e. the EXP-0155 null was CARRIER-LIMITED, not a property of the silicon.
vary_store	out_slot	isolated-byte-diff	A18	EXP-0037|EXP-0163-g17p-inert-liveness|EXP-0168-g17p-dst-resweep	Position vs varying is the SLOT RANGE, not a distinct opcode. | EXP-0189 citation repair: the records supporting this row live in EXP-0163-g17p-inert-liveness, EXP-0168-g17p-dst-resweep; the original citation EXP-0037 has no per-value records for it. Both are kept -- the stale one is where the claim came from, the new one is where the evidence is.
vary_store	src	isolated-byte-diff	A18	EXP-0037|EXP-0163-g17p-inert-liveness|EXP-0168-g17p-dst-resweep	EXP-0189 citation repair: the records supporting this row live in EXP-0163-g17p-inert-liveness, EXP-0168-g17p-dst-resweep; the original citation EXP-0037 has no per-value records for it. Both are kept -- the stale one is where the claim came from, the new one is where the evidence is.
vtx_coord_xform	_instruction	isolated-byte-diff	M4	EXP-M4-13|EXP-0147	EXP-0181 refresh from corpus-correlation: EXP-0147 dispatched it in a real vertex carrier and produced a clean, reproducible signature: `mode` is correct exactly when (mode & 0xf3) is in {0x22, 0xe2} (8 of 256) and 240 of 256 values SUPPRESS THE DRAW ENTIRELY, confirmed twice with a healthy device in between. That proves the instruction is load-bearing for the vertex position, which is the descriptor's headline claim. It does not establish the semantics: the operand bytes are left raw by design (clean-room rule 5, the coordinate-select sequence is not reconstructed), so no coordinate was chosen and no position predicted.
vtx_coord_xform	mode	hardware-run	M4	EXP-0147	Correct exactly when (mode & 0xf3) in {0x22,0xe2} (8/256, baseline 0x22). 240 of 256 values SUPPRESS THE DRAW ENTIRELY (no_draw, confirmed twice with a healthy device in between); 8 give a wrong pixel.
vtx_coord_xform	operand	untested	M4	EXP-0147	40-bit field swept per byte (5x256) plus structured whole-field values. Bytes 0 and 4 are FULLY INERT (256/256 each); byte 3 is fault-prone (17 faults); bytes 1-2 mix correct with no_draw. Intra-run 1339/1339 stable. | WITHHELD 2026-08-30 by EXP-0193, applying EXP-0192's UNCHANGED pre-registered criterion to the full 337-arm STABLE-LIVE population. **Case C: 1 distinct VALID payload(s) across 817 LEGAL values** -- values ran legally and were indistinguishable. `moved_total` equals the hard-class cell count EXACTLY, and cross-run agreement is 100%: a perfectly reproducible hazard map, not a semantic.
vtx_coord_xform	sel	isolated-byte-diff	M4	EXP-0147	91 of 256 correct, 143 no_draw, 19 genuine 'Caused GPU Hang Error' faults, 1 wrong value. Intra-run 255/256 stable.
vtx_out_pos	dst	untested	G17P	EXP-0168	EXP-0189 withheld (UNSTABLE): 16 values dispatched over 3 arm(s), 5 observations moved, re-derived from raw under EXP-0164's frozen thresholds (>=2 gated runs, moved>=1 in both, >=99% per-value agreement, moved >= 2x disagreements).
