atomic_mem	addr_desc_hi	hardware-run	G17P	EXP-0168	100.000% agreement over 36 shared values, 15 moved vs 0 disagreements (infx), ladder and falsifier passed in every run
atomic_mem	amode_hi	hardware-run	M4	EXP-0141	Was `tokenization-only`. The two carriers accept DIFFERENT value sets, so the byte's meaning is form-dependent; not root-caused.
atomic_mem	idx_off	hardware-run	M4	EXP-0141	Was `tokenization-only`.
atomic_mem	index_reg	hardware-run	M4	EXP-0141	FIRST-ORDER db_defects RESULT: db.json says 'the actual RMW operand register is implicit (supplied by the preceding op / amode)' and DOC-02 ranks it a MISSING field. It is not implicit; see db_defects.atomic_operand_register. OPERAND-REGISTER SPLIT (EXP-0141, HW): the RMW operand register IS encoded in the instruction. operand_register_index = (byte+5 >> 7) | ((byte+6 & 0x3F) << 1), relative to the register the compiler's own encoding selects.
atomic_mem	oper_reg_hi	hardware-run	M4	EXP-0141	Same db_defect: modelled `tokenization-only`, 'framing only, no value semantics'. OPERAND-REGISTER SPLIT (EXP-0141, HW): proven at all four constructible indices -- 0 -> a[0]=7, 1 -> a[1]=1007, 2 -> a[2]=2007, 3 -> a[3]=3007 -- each with the redirected register's later reader zeroed (the same register-release contract EXP-0086/0089/0099 document for the ALU families). RESIDUAL UNKNOWN: with byte+5 = 0x80, byte+6 values 0x30 and 0x31 restore the BASELINE operand instead of selecting index 97/99, and they are the only two addendum cases whose acceptance disagreed between run21 and run22.
atomic_mem	oper_reg_lo	hardware-run	M4	EXP-0141	FIRST-ORDER db_defects RESULT: db.json says 'the actual RMW operand register is implicit (supplied by the preceding op / amode)' and DOC-02 ranks it a MISSING field. It is not implicit; see db_defects.atomic_operand_register. OPERAND-REGISTER SPLIT (EXP-0141, HW): the RMW operand register IS encoded in the instruction. operand_register_index = (byte+5 >> 7) | ((byte+6 & 0x3F) << 1), relative to the register the compiler's own encoding selects.
atomic_mem	ret_desc	hardware-run	M4	EXP-0141	Was `corpus-correlation`.
atomic_mem	ret_flag	hardware-run	M4	EXP-0141	Was `corpus-correlation` (byte+7 bit0 = discard/no-writeback).
atomic_mem	rsv10	hardware-run	M4	EXP-0141	Was `tokenization-only`; the name is wrong.
atomic_mem	rsv11	hardware-run	M4	EXP-0141	Was `tokenization-only`; the name is wrong.
atomic_rmw	amode_hi	hardware-run	M4	EXP-0141	Was `tokenization-only`. The two carriers accept DIFFERENT value sets, so the byte's meaning is form-dependent; not root-caused. Swept in the atomic_rmw (byte+1 == 0x11) form itself, addendum runs 21/22.
atomic_rmw	idx_off	hardware-run	M4	EXP-0141	Was `tokenization-only`. Swept in the atomic_rmw (byte+1 == 0x11) form itself, addendum runs 21/22.
atomic_rmw	index_reg	hardware-run	M4	EXP-0141	FIRST-ORDER db_defects RESULT: db.json says 'the actual RMW operand register is implicit (supplied by the preceding op / amode)' and DOC-02 ranks it a MISSING field. It is not implicit; see db_defects.atomic_operand_register. Swept in the atomic_rmw (byte+1 == 0x11) form itself, addendum runs 21/22. OPERAND-REGISTER SPLIT (EXP-0141, HW): the RMW operand register IS encoded in the instruction. operand_register_index = (byte+5 >> 7) | ((byte+6 & 0x3F) << 1), relative to the register the compiler's own encoding selects.
atomic_rmw	oper_reg_hi	hardware-run	M4	EXP-0141	Same db_defect: modelled `tokenization-only`, 'framing only, no value semantics'. Swept in the atomic_rmw (byte+1 == 0x11) form itself, addendum runs 21/22. OPERAND-REGISTER SPLIT (EXP-0141, HW): proven at all four constructible indices -- 0 -> a[0]=7, 1 -> a[1]=1007, 2 -> a[2]=2007, 3 -> a[3]=3007 -- each with the redirected register's later reader zeroed (the same register-release contract EXP-0086/0089/0099 document for the ALU families). RESIDUAL UNKNOWN: with byte+5 = 0x80, byte+6 values 0x30 and 0x31 restore the BASELINE operand instead of selecting index 97/99, and they are the only two addendum cases whose acceptance disagreed between run21 and run22.
atomic_rmw	oper_reg_lo	hardware-run	M4	EXP-0141	FIRST-ORDER db_defects RESULT: db.json says 'the actual RMW operand register is implicit (supplied by the preceding op / amode)' and DOC-02 ranks it a MISSING field. It is not implicit; see db_defects.atomic_operand_register. Swept in the atomic_rmw (byte+1 == 0x11) form itself, addendum runs 21/22. OPERAND-REGISTER SPLIT (EXP-0141, HW): the RMW operand register IS encoded in the instruction. operand_register_index = (byte+5 >> 7) | ((byte+6 & 0x3F) << 1), relative to the register the compiler's own encoding selects.
atomic_rmw	ret_desc	hardware-run	M4	EXP-0141	Was `corpus-correlation`. Swept in the atomic_rmw (byte+1 == 0x11) form itself, addendum runs 21/22.
atomic_rmw	ret_flag	hardware-run	M4	EXP-0141	Was `corpus-correlation` (byte+7 bit0 = discard/no-writeback). Swept in the atomic_rmw (byte+1 == 0x11) form itself, addendum runs 21/22.
atomic_rmw	rsv10	hardware-run	M4	EXP-0141	Was `tokenization-only`; the name is wrong. Swept in the atomic_rmw (byte+1 == 0x11) form itself, addendum runs 21/22.
atomic_rmw	rsv11	hardware-run	M4	EXP-0141	Was `tokenization-only`; the name is wrong. Swept in the atomic_rmw (byte+1 == 0x11) form itself, addendum runs 21/22.
atomic_tg	data_desc	hardware-run	M4	EXP-0141	Was `corpus-correlation`.
atomic_tg	rsv4	hardware-run	M4	EXP-0141	Was `tokenization-only`; the name is wrong.
atomic_tg	rsv6	hardware-run	M4	EXP-0141	Was `tokenization-only`.
atomic_tg	rsv9	hardware-run	M4	EXP-0141	Was `tokenization-only`; the name is wrong.
atomic_tg	xop_desc	hardware-run	M4	EXP-0141	Was `tokenization-only`.
bf_add_dst	dst	hardware-run	G17P	EXP-0156	86 values reclassified `no_store` (EXP-0140 §8 rule: invalid_run in BOTH gated runs with every trial STATUS OK)
bf_add_dst	srcB	hardware-run	G17P	EXP-0156	190 values reclassified `no_store` (EXP-0140 §8 rule: invalid_run in BOTH gated runs with every trial STATUS OK)
bf_alu	opsel	hardware-run	G17P	EXP-0169	moved on 1 of 1 ladder-passing carriers
bf_alu	srcA	hardware-run	G17P	EXP-0169	moved on 1 of 1 ladder-passing carriers
bf_alu	srcB	hardware-run	G17P	EXP-0169	moved on 1 of 1 ladder-passing carriers
bf_alu	tail	hardware-run	G17P	EXP-0169	moved on 1 of 1 ladder-passing carriers
bf_fma_dst	dst	hardware-run	G17P	EXP-0156	81 values reclassified `no_store` (EXP-0140 §8 rule: invalid_run in BOTH gated runs with every trial STATUS OK)
bf_fma_dst	srcB	hardware-run	G17P	EXP-0156	128 values reclassified `no_store` (EXP-0140 §8 rule: invalid_run in BOTH gated runs with every trial STATUS OK)
bf_fma_dst	tail	hardware-run	G17P	EXP-0171	MOVED 50 of 50 on NAT:k_bffma@bf_fma_dst+46; cross-run agreement 1.0000 (50 agree / 0 disagree); 3 admitted carriers [FRAME,NAT,SYNTH | k_bffma]; accept-set size 0 = []; outcomes {"silent_zero": 49, "wrong_value": 1} The accept-set is empty BY CONSTRUCTION: this field spans 4 bytes, its anchor composite value 0x81c00010 is not a member of the FIELD-SWEEP-PROTOCOL 3.3 sample set, so no sampled value can reproduce the baseline. The per-byte DENSE accept counts are {"6": 4, "7": 8, "8": 32, "9": 32}.
call	b6	hardware-run	G17P	EXP-0179	CORRECTED BY THE EXPERIMENT ITSELF, 2026-08-30. EXP-0179 first reported `b6` INERT across 0..255 on both GENERATED carriers; its independent second method (arm S, mutating the real compiler-emitted call inside our own compiled `c_frame.metal`) shows BIT 1 IS LOAD-BEARING and must be set. The generated leaf callee is BLIND to that dimension -- the same failure shape as `ret.scoreboard`, and caught by a second method rather than by argument. An emitter must set bit 1. This is why a single carrier family, however dense the sweep, cannot establish inertness: FIELD-SWEEP-PROTOCOL requires carriers differing in the dimension the field controls, and two generated carriers that share a leaf callee do not differ in it.
call	offset	isolated-byte-diff	A18	EXP-0035|EXP-0179-g17p-call	EXP-0189 citation repair: the records supporting this row live in EXP-0179-g17p-call; the original citation EXP-0035 has no per-value records for it. Both are kept -- the stale one is where the claim came from, the new one is where the evidence is.
carry_gen	b5	hardware-run	G17P	EXP-0161	A_CARRY_INPLACE: accepted set is [1, 5, 9, 129] (no mask rule fits) | A_CARRY_SYNTH: accepted set is [1, 5, 129] (no mask rule fits)
carry_gen	cmpmode	hardware-run	G17P	EXP-0161	A_CARRY_INPLACE: accepted set fits (v & 0xA7) == 0x22 (8 of 256 values) | A_CARRY_SYNTH: accepted set fits (v & 0xA7) == 0x22 (8 of 256 values)
carry_gen	dst	hardware-run	G17P	EXP-0161	A_CARRY_INPLACE: accepted set fits (v & 0x0F) == 0x03 (1 of 16 values) | A_CARRY_SYNTH: accepted set fits (v & 0x0F) == 0x03 (1 of 16 values)
carry_gen	srcA	hardware-run	G17P	EXP-0161	A_CARRY_INPLACE: accepted set fits (v & 0x7F) == 0x01 (2 of 256 values)
carry_gen	srcB	hardware-run	G17P	EXP-0161	A_CARRY_INPLACE: accepted set fits (v & 0x7F) == 0x03 (2 of 256 values) | A_CARRY_SYNTH: accepted set fits (v & 0x7F) == 0x03 (2 of 256 values) | A_CARRY_SYNTH.srcB: released register map -> reg=(v>>1)&0x3F, fit 22/22
cvt_bf16	b5	hardware-run	G17P	EXP-0162	outcomes {'wrong_value': 16, 'ok': 152, 'silent_zero': 88}. detection power: 31 semantic vectors on the UNMUTATED instruction, each with a host-computed oracle; the sweep separates ok / wrong_value / silent_zero / not_written (poisoned read-back) and 71 of 1816 cases fault, so the instrument demonstrably distinguishes all five outcome classes.
cvt_bf16	b7	hardware-run	G17P	EXP-0162	outcomes {'ok': 128, 'wrong_value': 128}. detection power: 31 semantic vectors on the UNMUTATED instruction, each with a host-computed oracle; the sweep separates ok / wrong_value / silent_zero / not_written (poisoned read-back) and 71 of 1816 cases fault, so the instrument demonstrably distinguishes all five outcome classes.
cvt_bf16	dir	hardware-run	G17P	EXP-0162	outcomes {'wrong_value': 160, 'ok': 32, 'silent_zero': 64}. detection power: 31 semantic vectors on the UNMUTATED instruction, each with a host-computed oracle; the sweep separates ok / wrong_value / silent_zero / not_written (poisoned read-back) and 71 of 1816 cases fault, so the instrument demonstrably distinguishes all five outcome classes.
cvt_bf16	dst	hardware-run	G17P	EXP-0162	EXP-0144 reported this field `untested` because it gave byte0 only a bounded 24-value probe. Sweeping ONLY the high nibble covers the field exhaustively without touching the length. Outcomes: {'ok': 8, 'wrong_value': 8}. detection power: 31 semantic vectors on the UNMUTATED instruction, each with a host-computed oracle; the sweep separates ok / wrong_value / silent_zero / not_written (poisoned read-back) and 71 of 1816 cases fault, so the instrument demonstrably distinguishes all five outcome classes.
cvt_bf16	fmt	isolated-byte-diff	G17P	EXP-0162|EXP-0183	CREATED by EXP-0183 when the 8-bit `match` pin [32,8,1] was narrowed to [32,1,1]. The old pin demanded byte+4 == 0x01, and **0x01 is a value the hardware REJECTS** (`wrong_value` in EXP-0162's dense sweep) -- so the HW-validated anchor `01 01 14 81 05 02 40 00`, which our own GPU executed correctly, did not decode as cvt_bf16 at all; it fell through to the least-specific `bf_alu8_var`. Single gated run, hence `isolated-byte-diff` rather than `hardware-run`.
cvt_bf16	opsel	hardware-run	G17P	EXP-0162	outcomes {'wrong_value': 132, 'ok': 40, 'silent_zero': 52, 'fault': 32}. detection power: 31 semantic vectors on the UNMUTATED instruction, each with a host-computed oracle; the sweep separates ok / wrong_value / silent_zero / not_written (poisoned read-back) and 71 of 1816 cases fault, so the instrument demonstrably distinguishes all five outcome classes.
cvt_bf16	srcw	hardware-run	G17P	EXP-0162	outcomes {'silent_zero': 236, 'ok': 2, 'wrong_value': 18}. detection power: 31 semantic vectors on the UNMUTATED instruction, each with a host-computed oracle; the sweep separates ok / wrong_value / silent_zero / not_written (poisoned read-back) and 71 of 1816 cases fault, so the instrument demonstrably distinguishes all five outcome classes.
cvt_f2h	b1	hardware-run	M4	EXP-0144	Derived from the rv01 REVALIDATION only. Compared against the contaminated run03/run05 on 256 measurements: 0 overturned by the majority vote (0.00%); where they disagree the revalidation wins.
cvt_f2h	b4	hardware-run	M4	EXP-0144	Derived from the rv01 REVALIDATION only. Compared against the contaminated run03/run05 on 256 measurements: 0 overturned by the majority vote (0.00%); where they disagree the revalidation wins.
cvt_f2h	op	hardware-run	G17P	EXP-0168	99.609% agreement over 256 shared values, 221 moved vs 1 disagreements (221.00x), ladder and falsifier passed in every run
cvt_f2h	src	isolated-byte-diff	M4	EXP-0144	Derived from the rv01 REVALIDATION only. Compared against the contaminated run03/run05 on 256 measurements: 0 overturned by the majority vote (0.00%); where they disagree the revalidation wins.
cvt_f2h	tail	isolated-byte-diff	M4	EXP-0144	Derived from the rv01 REVALIDATION only. Compared against the contaminated run03/run05 on 256 measurements: 0 overturned by the majority vote (0.00%); where they disagree the revalidation wins.
cvt_f2h_dst	dhalf	hardware-run	G17P	EXP-0162	outcomes {'wrong_value': 140, 'silent_zero': 114, 'ok': 2}. detection power: 5 semantic vectors match IEEE RNE fp16 exactly on the unmutated instruction; 86 of 1304 cases fault and 115 silently zero, so the instrument separates the outcome classes.
cvt_f2h_dst	dst	hardware-run	G17P	EXP-0162	EXP-0144 reported this field `untested` because it gave byte0 only a bounded 24-value probe. Sweeping ONLY the high nibble covers the field exhaustively without touching the length. Outcomes: {'wrong_value': 15, 'ok': 1}. detection power: 5 semantic vectors match IEEE RNE fp16 exactly on the unmutated instruction; 86 of 1304 cases fault and 115 silently zero, so the instrument separates the outcome classes.
cvt_f2h_dst	opsel	hardware-run	G17P	EXP-0162	outcomes {'wrong_value': 216, 'ok': 8, 'fault': 32}. detection power: 5 semantic vectors match IEEE RNE fp16 exactly on the unmutated instruction; 86 of 1304 cases fault and 115 silently zero, so the instrument separates the outcome classes.
cvt_f2h_dst	src	hardware-run	G17P	EXP-0162	outcomes {'fault': 53, 'ok': 77, 'wrong_value': 126}. detection power: 5 semantic vectors match IEEE RNE fp16 exactly on the unmutated instruction; 86 of 1304 cases fault and 115 silently zero, so the instrument separates the outcome classes.
cvt_f2h_dst	srcfmt	hardware-run	G17P	EXP-0162	outcomes {'wrong_value': 254, 'ok': 2}. detection power: 5 semantic vectors match IEEE RNE fp16 exactly on the unmutated instruction; 86 of 1304 cases fault and 115 silently zero, so the instrument separates the outcome classes.
cvt_f2h_dst	tail	hardware-run	G17P	EXP-0162	outcomes {'wrong_value': 200, 'ok': 56}. detection power: 5 semantic vectors match IEEE RNE fp16 exactly on the unmutated instruction; 86 of 1304 cases fault and 115 silently zero, so the instrument separates the outcome classes.
cvt_f2i	cvtop	hardware-run	M4	EXP-0144	Derived from the rv01 REVALIDATION only. Compared against the contaminated run03/run05 on 256 measurements: 0 overturned by the majority vote (0.00%); where they disagree the revalidation wins.
cvt_f2i	dst	hardware-run	G17P	EXP-0168	100.000% agreement over 256 shared values, 190 moved vs 0 disagreements (infx), ladder and falsifier passed in every run
cvt_f2i	dst_class	hardware-run	M4	EXP-0144	Derived from the rv01 REVALIDATION only. Compared against the contaminated run03/run05 on 256 measurements: 0 overturned by the majority vote (0.00%); where they disagree the revalidation wins.
cvt_f2i	mode	hardware-run	M4	EXP-0144	Derived from the rv01 REVALIDATION only. Compared against the contaminated run03/run05 on 256 measurements: 0 overturned by the majority vote (0.00%); where they disagree the revalidation wins.
cvt_f2i	signflag	hardware-run	M4	EXP-0144	Derived from the rv01 REVALIDATION only. Compared against the contaminated run03/run05 on 256 measurements: 0 overturned by the majority vote (0.00%); where they disagree the revalidation wins.
cvt_f2i	src	hardware-run	M4	EXP-0144	Derived from the rv01 REVALIDATION only. Compared against the contaminated run03/run05 on 256 measurements: 0 overturned by the majority vote (0.00%); where they disagree the revalidation wins.
cvt_f2i	src_class	hardware-run	M4	EXP-0144	Derived from the rv01 REVALIDATION only. Compared against the contaminated run03/run05 on 256 measurements: 0 overturned by the majority vote (0.00%); where they disagree the revalidation wins.
cvt_i2f	cvtop	hardware-run	M4	EXP-0144	Derived from the rv01 REVALIDATION only. Compared against the contaminated run03/run05 on 256 measurements: 0 overturned by the majority vote (0.00%); where they disagree the revalidation wins.
cvt_i2f	dst	hardware-run	M4	EXP-0144	Derived from the rv01 REVALIDATION only. Compared against the contaminated run03/run05 on 255 measurements: 1 overturned by the majority vote (0.39%); where they disagree the revalidation wins.
cvt_i2f	mode	hardware-run	M4	EXP-0144	Derived from the rv01 REVALIDATION only. Compared against the contaminated run03/run05 on 256 measurements: 0 overturned by the majority vote (0.00%); where they disagree the revalidation wins.
cvt_i2f	signflag	hardware-run	M4	EXP-0144	Derived from the rv01 REVALIDATION only. Compared against the contaminated run03/run05 on 256 measurements: 0 overturned by the majority vote (0.00%); where they disagree the revalidation wins.
cvt_i2f	src	hardware-run	M4	EXP-0144	Derived from the rv01 REVALIDATION only. Compared against the contaminated run03/run05 on 256 measurements: 0 overturned by the majority vote (0.00%); where they disagree the revalidation wins.
cvt_i2f	src_class	hardware-run	M4	EXP-0144	Derived from the rv01 REVALIDATION only. Compared against the contaminated run03/run05 on 256 measurements: 0 overturned by the majority vote (0.00%); where they disagree the revalidation wins.
cvt_i2f_src	cvtop	hardware-run	M4	EXP-0144	Derived from the rv01 REVALIDATION only. Compared against the contaminated run03/run05 on 256 measurements: 0 overturned by the majority vote (0.00%); where they disagree the revalidation wins.
cvt_i2f_src	signflag	hardware-run	M4	EXP-0144	Derived from the rv01 REVALIDATION only. Compared against the contaminated run03/run05 on 256 measurements: 0 overturned by the majority vote (0.00%); where they disagree the revalidation wins.
cvt_i2f_src	src	hardware-run	M4	EXP-0144	Derived from the rv01 REVALIDATION only. Compared against the contaminated run03/run05 on 256 measurements: 0 overturned by the majority vote (0.00%); where they disagree the revalidation wins.
cvt_i2f_src	src_class	hardware-run	M4	EXP-0144	Derived from the rv01 REVALIDATION only. Compared against the contaminated run03/run05 on 256 measurements: 0 overturned by the majority vote (0.00%); where they disagree the revalidation wins.
device_load	base_slot	hardware-run	M4	EXP-0010|EXP-0083|EXP-0141-m4-emit-mem	31 base slots are simultaneously usable via the direct-binding API; that is a binding-path capacity, not proof of a hardware ceiling. | EXP-0189 citation repair: the records supporting this row live in EXP-0141-m4-emit-mem; the original citation EXP-0083, EXP-0010 has no per-value records for it. Both are kept -- the stale one is where the claim came from, the new one is where the evidence is.
device_load	elem_size	hardware-run	M4	EXP-0141	Extends EXP-0082 (canonical codes plus 23 raw values) to the full byte.
device_load	idx_off	hardware-run	M4	EXP-0082|EXP-0100|EXP-0141-m4-emit-mem	Unsigned 11-bit, no internal holes. The LOAD offset unit is a FIXED 4 bytes, independent of elem_size (neither element units nor byte units). | EXP-0189 citation repair: the records supporting this row live in EXP-0141-m4-emit-mem; the original citation EXP-0082, EXP-0100 has no per-value records for it. Both are kept -- the stale one is where the claim came from, the new one is where the evidence is.
device_load	index_reg	hardware-run	M4	EXP-0141	Adds the bit-7 mirror, which no prior experiment reports, and re-confirms the r95/r96 fault boundary (EXP-M4-10) with 3-of-3 fault reproduction.
device_load	ld_format	hardware-run	M4	EXP-0141	First execution of SYNTHESISED ld_format codes; EXP-M4-13 located the field by compile-only byte-diff and never ran one.
device_load	ldform_hi11	hardware-run	M4	EXP-0141	Was `untested` with range `none`. EXP-0082's 6-value probe found 3 inert and 2 'undecodable'; the dense sweep resolves it to a clean low-3-bits-must-be-zero rule.
device_load	space	hardware-run	M4	EXP-0141	Was `isolated-byte-diff` over 2 of 256 values (0x00 device, 0x02 threadgroup).
device_store	access_desc	hardware-run	G17P	EXP-0169	no observable effect over the swept range on 2 structurally different ladder-passing carriers
device_store	addr_mode	hardware-run	G17P	EXP-0169	no observable effect over the swept range on 2 structurally different ladder-passing carriers
device_store	base_slot	hardware-run	G17P	EXP-0169	moved on 2 of 2 ladder-passing carriers
device_store	elem_size	hardware-run	G17P	EXP-0169	moved on 2 of 2 ladder-passing carriers
device_store	extmode	hardware-run	M4	EXP-0141	The 0xC0 alternative is now characterised rather than merely observed. Its MEANING is still unknown; only that it is accepted.
device_store	idx_off	hardware-run	G17P	EXP-0169	moved on 2 of 2 ladder-passing carriers
device_store	index_reg	hardware-run	G17P	EXP-0169	moved on 2 of 2 ladder-passing carriers
device_store	reserved13	hardware-run	G17P	EXP-0169	no observable effect over the swept range on 2 structurally different ladder-passing carriers
device_store	reserved7	hardware-run	G17P	EXP-0169	no observable effect over the swept range on 2 structurally different ladder-passing carriers
device_store	space	hardware-run	G17P	EXP-0169	moved on 2 of 2 ladder-passing carriers
device_store	st_desc_hi	hardware-run	G17P	EXP-0169	moved on 2 of 2 ladder-passing carriers
device_store	st_format	hardware-run	G17P	EXP-0169	moved on 2 of 2 ladder-passing carriers
device_store	st_format_ext	hardware-run	G17P	EXP-0169	moved on 2 of 2 ladder-passing carriers
falu2	ctrl	hardware-run	G17P	EXP-0169	moved on 2 of 2 ladder-passing carriers
falu2	dst	hardware-run	G17P	EXP-0168	100.000% agreement over 16 shared values, 15 moved vs 0 disagreements (infx), ladder and falsifier passed in every run
falu2	mod_hi	hardware-run	G17P	EXP-0169	moved on 2 of 2 ladder-passing carriers
falu2	opflags	hardware-run	G17P	EXP-0169	moved on 2 of 2 ladder-passing carriers
falu2	opsel	hardware-run	G17P	EXP-0169	moved on 2 of 2 ladder-passing carriers
falu2	srcA_class	hardware-run	G17P	EXP-0169	moved on 2 of 2 ladder-passing carriers
falu2	srcA_reg	hardware-run	G17P	EXP-0169	moved on 2 of 2 ladder-passing carriers
falu2	srcA_reg_top	hardware-run	G17P	EXP-0169	moved on 2 of 2 ladder-passing carriers
falu2	srcA_size	hardware-run	G17P	EXP-0169	moved on 2 of 2 ladder-passing carriers
falu2	srcB_class	hardware-run	G17P	EXP-0169	moved on 2 of 2 ladder-passing carriers
falu2	srcB_imm	hardware-run	G17P	EXP-0169	moved on 2 of 2 ladder-passing carriers
falu2	srcB_neg	hardware-run	G17P	EXP-0169	moved on 2 of 2 ladder-passing carriers
falu2	srcB_reg	hardware-run	G17P	EXP-0169	moved on 2 of 2 ladder-passing carriers
falu2	srcB_reg_top	hardware-run	G17P	EXP-0169	moved on 2 of 2 ladder-passing carriers
falu2	srcB_size	hardware-run	G17P	EXP-0169	moved on 2 of 2 ladder-passing carriers
falu2_ext	dst	hardware-run	G17P	EXP-0154	carrier SYNTH+LIFTED:k_sat_add@falu2_ext[32:40]; outcomes {'ok': 1, 'wrong_value': 12, 'silent_zero': 1}; ok at {0x0}
falu2_ext	ext_tail	isolated-byte-diff	M4	EXP-0138	sweep not dense over the encodable range
falu2_ext	mod_hi	hardware-run	M4	EXP-0138	8/16 pre-registered predictions REFUTED; the label rests on the observed value->behaviour map, which is complete and reproduced in both runs
falu2_ext	mod_lo	hardware-run	G17P	EXP-0154	carrier SYNTH+LIFTED:k_sat_add@falu2_ext[32:40]; outcomes {'ok': 2, 'wrong_value': 6}; ok at {0x0-0x1}
falu2_ext	srcA_reg	hardware-run	G17P	EXP-0154	carrier SYNTH+LIFTED:k_sat_add@falu2_ext[32:40]; outcomes {'ok': 18, 'silent_zero': 8}; ok at {0x0, 0x2, 0xf-0x11, 0x1f-0x21, 0x2a, 0x30, 0x3f-0x40, 0x50, 0x55, 0x60, 0x70, 0x7e-0x7f}
falu2_ext	srcB_neg	hardware-run	M4	EXP-0138|EXP-0154|EXP-0194	EXP-0194 found the second carrier this row's own note asked for -- it was already committed. EXP-0138 `raw/m4_20260828_run01|run05|run06/sweep.jsonl`: bytes `6901040501000080` vs `6901040501080080` differ in EXACTLY ONE BIT, bit 43, which is this field (start=43,width=1); `w0` moves 8.0 -> 2.0 with both sentinels holding, identical in all three runs. Critically the host oracle PREDICTED 8.0 AND 2.0 SEPARATELY and matched both -- a discriminating oracle, which is the exact gate the 46 AMBIGUOUS rows fail (their oracle is constant while the field varies, so it predicts the instruction's effect, not the field's). Orchestrator re-derived all three runs from raw before merging. **TARGET IS M4/G16G, NOT the G17P documentation target** -- this adds to the target-blindness debt EXP-0193 named. The instruction stays BLOCKED on srcA_size, ctrl and srcB_imm, so the emittable-instruction headline does not move.
falu2_ext	srcB_reg	hardware-run	G17P	EXP-0154	carrier SYNTH+LIFTED:k_sat_add@falu2_ext[32:40]; outcomes {'wrong_value': 25, 'ok': 1}; ok at {0x2}
falu2_ext	srcB_size	hardware-run	G17P	EXP-0154	carrier SYNTH+LIFTED:k_sat_add@falu2_ext[32:40]; outcomes {'wrong_value': 1, 'ok': 1}; ok at {0x1}
falu2_srcmod10	dst	hardware-run	G17P	EXP-0154	carrier SYNTH+LIFTED:k_abs_add@falu2_srcmod10[32:42]; outcomes {'ok': 1, 'wrong_value': 12, 'silent_zero': 1}; ok at {0x0}
falu2_srcmod10	ext_srcmod	isolated-byte-diff	M4	EXP-0138	sweep not dense over the encodable range
falu2_srcmod10	mod_hi	hardware-run	M4	EXP-0138	8/16 pre-registered predictions REFUTED; the label rests on the observed value->behaviour map, which is complete and reproduced in both runs
falu2_srcmod10	mod_lo	hardware-run	G17P	EXP-0154	carrier SYNTH+LIFTED:k_abs_add@falu2_srcmod10[32:42]; outcomes {'ok': 1, 'wrong_value': 7}; ok at {0x0}
falu2_srcmod10	srcA_reg	hardware-run	G17P	EXP-0154	carrier SYNTH+LIFTED:k_abs_add@falu2_srcmod10[32:42]; outcomes {'ok': 2, 'wrong_value': 24}; ok at {0x0, 0x40}
falu2_srcmod10	srcA_size	hardware-run	G17P	EXP-0154	carrier SYNTH+LIFTED:k_abs_add@falu2_srcmod10[32:42]; outcomes {'wrong_value': 1, 'ok': 1}; ok at {0x1}
falu2_srcmod10	srcB_imm	hardware-run	G17P	EXP-0154	carrier SYNTH+LIFTED:k_abs_add@falu2_srcmod10[32:42]; outcomes {'ok': 1, 'wrong_value': 1}; ok at {0x0}
falu2_srcmod10	srcB_neg	hardware-run	G17P	EXP-0154	carrier SYNTH+LIFTED:k_abs_add@falu2_srcmod10[32:42]; outcomes {'ok': 1, 'wrong_value': 1}; ok at {0x0}
falu2_srcmod10	srcB_reg	hardware-run	G17P	EXP-0154	carrier SYNTH+LIFTED:k_abs_add@falu2_srcmod10[32:42]; outcomes {'wrong_value': 25, 'ok': 1}; ok at {0x2}
falu2_srcmod10	srcB_size	hardware-run	G17P	EXP-0154	carrier SYNTH+LIFTED:k_abs_add@falu2_srcmod10[32:42]; outcomes {'wrong_value': 1, 'ok': 1}; ok at {0x1}
falu2_uni	ctrl_lo	hardware-run	G17P	EXP-0169	moved on 1 of 1 ladder-passing carriers
falu2_uni	dst	hardware-run	G17P	EXP-0169|EXP-0183	RULING SUPPLIED. The row read `untested` only because EXP-0169 deferred it by coordinator directive ('`dst` -> EXP-0168'), and EXP-0168's committed field_verdicts.json contains NO falu2_uni.dst row -- the ruling was never made, and it is one of the 22 one-field-away blockers. Re-derived by EXP-0183 from EXP-0169's raw sweep.jsonl directly, not from its analysis. EXP-0169's ladder and falsifier both passed on this arm. CAVEAT: one carrier only, and the `__falsifier_byte0` step (byte0 -> 0x00) changes the opcode nibble as well as the field, so it is a weak falsifier here -- as it was for the half family (DEF-0180-B).
falu2_uni	mods	hardware-run	G17P	EXP-0169	moved on 1 of 1 ladder-passing carriers
falu2_uni	opflags	hardware-run	G17P	EXP-0169	moved on 1 of 1 ladder-passing carriers
falu2_uni	opsel	hardware-run	G17P	EXP-0169	moved on 1 of 1 ladder-passing carriers
falu2_uni	srcA_reg	hardware-run	G17P	EXP-0169	moved on 1 of 1 ladder-passing carriers
falu2_uni	srcA_size	hardware-run	G17P	EXP-0169	moved on 1 of 1 ladder-passing carriers
falu2_uni	usrc	hardware-run	G17P	EXP-0169	moved on 1 of 1 ladder-passing carriers
falu2i	dst	hardware-run	G17P	EXP-0168	100.000% agreement over 16 shared values, 15 moved vs 0 disagreements (infx), ladder and falsifier passed in every run
falu2i	imm_exp	hardware-run	G17P	EXP-0169	moved on 1 of 1 ladder-passing carriers
falu2i	imm_flag	hardware-run	G17P	EXP-0169|EXP-0190	RESTORED 2026-08-30: this row returns via the committed CITATION REPAIRS, not the indexer fix -- it buckets STABLE-LIVE under the defective index too. Its previous note claimed it was "inert on the ONE carrier that had detection power", which is FALSE: 512 common per-value keys at 100.00% cross-run agreement, 0 disagreements, 7 moved in each of two gated runs, all movement in the non-fault class.
falu2i	imm_mant	hardware-run	G17P	EXP-0169	moved on 1 of 1 ladder-passing carriers
falu2i	imm_sign	hardware-run	G17P	EXP-0169	moved on 1 of 1 ladder-passing carriers
falu2i	opsel	hardware-run	G17P	EXP-0169	moved on 1 of 1 ladder-passing carriers
falu2i	srcA_reg	hardware-run	G17P	EXP-0169	moved on 1 of 1 ladder-passing carriers
falu2i	srcA_size	hardware-run	G17P	EXP-0169	moved on 1 of 1 ladder-passing carriers
falu3	ctrl_len	hardware-run	M4	EXP-0138	60/64 pre-registered predictions REFUTED; the label rests on the observed value->behaviour map, which is complete and reproduced in both runs FIELD RENAME (EXP-0138 H-FALU3-LAYOUT, HW, 1809+2321 cases): db.json's old names put the destination in a source slot. byte0 high nibble is the DESTINATION; byte+1 is the FIRST source descriptor; byte+3 the SECOND; byte+5 the THIRD; byte+4 is a CONTROL byte whose low 2 bits are the 0x09-group LENGTH selector. Same bits, same sweep -- name only.
falu3	dst	hardware-run	M4	EXP-0138	2/16 pre-registered predictions REFUTED; the label rests on the observed value->behaviour map, which is complete and reproduced in both runs FIELD RENAME (EXP-0138 H-FALU3-LAYOUT, HW, 1809+2321 cases): db.json's old names put the destination in a source slot. byte0 high nibble is the DESTINATION; byte+1 is the FIRST source descriptor; byte+3 the SECOND; byte+5 the THIRD; byte+4 is a CONTROL byte whose low 2 bits are the 0x09-group LENGTH selector. Same bits, same sweep -- name only.
falu3	srcA	hardware-run	G17P	EXP-0154	carrier SYNTH+LIFTED:k_fma@falu3[56:64]; outcomes {'wrong_value': 251, 'ok': 2}; ok at {0x5, 0x85}
falu3	srcB	hardware-run	G17P	EXP-0160	carrier SYNTH+LIFTED:k_fma@falu3[56:64]; outcomes(seed set 1) {'wrong_value': 254, 'ok': 2}; anchor value 0x05; P1=True P2=True P3=True model=M1 MASK
falu3	srcC	hardware-run	G17P	EXP-0154	carrier SYNTH+LIFTED:k_fma@falu3[56:64]; outcomes {'wrong_value': 251, 'ok': 4}; ok at {0x8-0x9, 0x88-0x89}
falu3_ext	ctrl_len	hardware-run	M4	EXP-0138	60/64 pre-registered predictions REFUTED; the label rests on the observed value->behaviour map, which is complete and reproduced in both runs FIELD RENAME (EXP-0138 H-FALU3-LAYOUT, HW, 1809+2321 cases): db.json's old names put the destination in a source slot. byte0 high nibble is the DESTINATION; byte+1 is the FIRST source descriptor; byte+3 the SECOND; byte+5 the THIRD; byte+4 is a CONTROL byte whose low 2 bits are the 0x09-group LENGTH selector. Same bits, same sweep -- name only.
falu3_ext	dst	hardware-run	M4	EXP-0138	2/16 pre-registered predictions REFUTED; the label rests on the observed value->behaviour map, which is complete and reproduced in both runs FIELD RENAME (EXP-0138 H-FALU3-LAYOUT, HW, 1809+2321 cases): db.json's old names put the destination in a source slot. byte0 high nibble is the DESTINATION; byte+1 is the FIRST source descriptor; byte+3 the SECOND; byte+5 the THIRD; byte+4 is a CONTROL byte whose low 2 bits are the 0x09-group LENGTH selector. Same bits, same sweep -- name only.
falu3_ext	ext	isolated-byte-diff	M4	EXP-0138	sweep not dense over the encodable range
falu3_ext	srcA	hardware-run	G17P	EXP-0154	carrier SYNTH+LIFTED:k_sat_fma@falu3_ext[56:66]; outcomes {'wrong_value': 254, 'ok': 2}; ok at {0x5, 0x85}
falu3_ext	srcB	hardware-run	G17P	EXP-0160	carrier SYNTH+LIFTED:k_sat_fma@falu3_ext[56:66]; outcomes(seed set 1) {'wrong_value': 254, 'ok': 2}; anchor value 0x05; P1=True P2=True P3=False model=M1 MASK
falu3_ext	srcC	hardware-run	G17P	EXP-0154	carrier SYNTH+LIFTED:k_sat_fma@falu3_ext[56:66]; outcomes {'wrong_value': 252, 'ok': 4}; ok at {0x8-0x9, 0x88-0x89}
falu3_srcmod12	dst	hardware-run	G17P	EXP-0154	carrier SYNTH+LIFTED:k_fma_abs@falu3_srcmod12[56:68]; outcomes {'ok': 1, 'wrong_value': 11, 'silent_zero': 2}; ok at {0x0}
falu3_srcmod12	ext_srcmod	isolated-byte-diff	M4	EXP-0138	sweep not dense over the encodable range
falu3_srcmod12	mod_hi	hardware-run	M4	EXP-0138	14/16 pre-registered predictions REFUTED; the label rests on the observed value->behaviour map, which is complete and reproduced in both runs
falu3_srcmod12	mod_lo	hardware-run	G17P	EXP-0154	carrier SYNTH+LIFTED:k_fma_abs@falu3_srcmod12[56:68]; outcomes {'ok': 2, 'wrong_value': 6}; ok at {0x0-0x1}
falu3_srcmod12	srcA_reg	hardware-run	G17P	EXP-0154	carrier SYNTH+LIFTED:k_fma_abs@falu3_srcmod12[56:68]; outcomes {'ok': 2, 'wrong_value': 24}; ok at {0x0, 0x40}
falu3_srcmod12	srcA_size	hardware-run	G17P	EXP-0154	carrier SYNTH+LIFTED:k_fma_abs@falu3_srcmod12[56:68]; outcomes {'wrong_value': 1, 'ok': 1}; ok at {0x1}
falu3_srcmod12	srcB_imm	hardware-run	G17P	EXP-0154	carrier SYNTH+LIFTED:k_fma_abs@falu3_srcmod12[56:68]; outcomes {'wrong_value': 1, 'ok': 1}; ok at {0x1}
falu3_srcmod12	srcB_neg	hardware-run	G17P	EXP-0154	carrier SYNTH+LIFTED:k_fma_abs@falu3_srcmod12[56:68]; outcomes {'wrong_value': 1, 'ok': 1}; ok at {0x1}
falu3_srcmod12	srcB_reg	hardware-run	G17P	EXP-0154	carrier SYNTH+LIFTED:k_fma_abs@falu3_srcmod12[56:68]; outcomes {'wrong_value': 25, 'ok': 1}; ok at {0x2}
falu3_srcmod12	srcB_size	hardware-run	G17P	EXP-0154	carrier SYNTH+LIFTED:k_fma_abs@falu3_srcmod12[56:68]; outcomes {'wrong_value': 1, 'ok': 1}; ok at {0x1}
falu_acc	cache	hardware-run	G17P	EXP-0168	100.000% agreement over 28 shared values, 28 moved vs 0 disagreements (infx), ladder and falsifier passed in every run
falu_acc	dst	hardware-run	G17P	EXP-0154	carrier SYNTH+LIFTED:k_sum@falu_acc[252:256]; outcomes {'ok': 1, 'wrong_value': 12, 'silent_zero': 1}; ok at {0x0}
falu_acc	op	hardware-run	G17P	EXP-0154	carrier SYNTH+LIFTED:k_sum@falu_acc[252:256]; outcomes {'ok': 1, 'wrong_value': 1}; ok at {0x0}
falu_acc	srcA	hardware-run	G17P	EXP-0154	carrier SYNTH+LIFTED:k_sum@falu_acc[252:256]; outcomes {'wrong_value': 254, 'ok': 2}; ok at {0x1, 0x81}
falu_acc	srcB	hardware-run	G17P	EXP-0154	carrier SYNTH+LIFTED:k_sum@falu_acc[252:256]; outcomes {'wrong_value': 251, 'ok': 2}; ok at {0x17, 0x97}
falu_srcmod12b	ctrl	hardware-run	M4	EXP-0089|EXP-0119|EXP-0138-m4-emit-falu	The hang requires the loop context. One negative data point, not an exhaustive sweep of the interaction space. | EXP-0189 citation repair: the records supporting this row live in EXP-0138-m4-emit-falu; the original citation EXP-0119, EXP-0089 has no per-value records for it. Both are kept -- the stale one is where the claim came from, the new one is where the evidence is.
falu_srcmod12b	dst	hardware-run	M4	EXP-0138	2/16 pre-registered predictions REFUTED; the label rests on the observed value->behaviour map, which is complete and reproduced in both runs
falu_srcmod12b	opsel	hardware-run	M4	EXP-0119|EXP-0138-m4-emit-falu	A field this project's own tooling modelled as an innocuous `mod` byte is, for at least one value, an out-of-spec encoding with a blast radius WIDER than the instruction's own operands. | EXP-0189 citation repair: the records supporting this row live in EXP-0138-m4-emit-falu; the original citation EXP-0119 has no per-value records for it. Both are kept -- the stale one is where the claim came from, the new one is where the evidence is.
frag_color_pack	dst	hardware-run	G17P	EXP-0168	An emitter MUST keep this field below 0xC0.
frag_color_pack	src_present_mask	hardware-run	A18	EXP-0168-g17p-dst-resweep|EXP-M4-14	RETRACTION: the 24-bit fmt_word is NOT an inert attachment-format constant. byte+7 == 0xff hard-faults the GPU. | EXP-0189 citation repair: the records supporting this row live in EXP-0168-g17p-dst-resweep; the original citation EXP-M4-14 has no per-value records for it. Both are kept -- the stale one is where the claim came from, the new one is where the evidence is.
frag_color_store	flags	hardware-run	G17P	EXP-0155	[orchestrator: representative arm re-pointed from fcs@iter0 to fcs@pack0, where the field is demonstrably live (128/128 of 256 moved, 100.0% cross-run agreement); the original arm showed it inert.]
frag_color_store	rt_index	isolated-byte-diff	A18	EXP-0029|EXP-0163-g17p-inert-liveness	EXP-0189 citation repair: the records supporting this row live in EXP-0163-g17p-inert-liveness; the original citation EXP-0029 has no per-value records for it. Both are kept -- the stale one is where the claim came from, the new one is where the evidence is.
frag_color_store	src	isolated-byte-diff	A18	EXP-0029|EXP-0163-g17p-inert-liveness	EXP-0189 citation repair: the records supporting this row live in EXP-0163-g17p-inert-liveness; the original citation EXP-0029 has no per-value records for it. Both are kept -- the stale one is where the claim came from, the new one is where the evidence is.
frame_marker_compact	b1	hardware-run	G17P	EXP-0172	LIVE: 152 of 256 values change the observation, identically in run01 and run03. b1 = 0x00 is the 4-byte spill_frame_marker, a different instruction. HAZARD: b1 = 3 and b1 = 7 hang the device on four of five carriers.
fspecial	dst	hardware-run	G17P	EXP-0161|EXP-0165	NAME MOVED BY DEF-0161-1: byte+3 is the DESTINATION register, packed reg = v >> 1. Accept rule (the values that leave the result where the baseline put it) is exactly (v & 0xFE) == 0x00 -- an exhaustive search over all 256 candidate masks returns that one and no other. Destination map from the 16-register dump: 28/28 fit, 0 misfits, in BOTH gated runs (v = 0..29 -> r0..r14; v = 12/13 write r6, whose seed already equals rsqrt(seed[r0]), so the write is invisible -- a seed aliasing artefact, not a misfit). 20/20 GENERATED `r_i = rsqrt(r_j)` encodings pass. Bit 0 is HW-tested don't-care and is NOT the project-standard is32 bit (the compiler's own f32 rsqrt encodes byte+3 = 0x00). v >= 192 names r96+, outside the 96-GPR file: 45 of those 64 values gave a genuine kIOGPUCommandBufferCallbackErrorHang, 19 were only ever observed as innocent victims, and none ever worked. NEVER EMIT v >= 192. (EXP-0165 analysis/rederive_def1_fspecial.py, def1_summary.py, rederive_gen03.py.)
fspecial	fn_hi	hardware-run	G17P	EXP-0161|EXP-0165	POSITION UNCHANGED. HW-CONFIRMED BY COMPUTED VALUE on G17P: with all other bytes held, fn_hi=0 computes log2 and fn_hi=1 computes exp2 at fnclass 2 -- so the enum is confirmed by the value the SFU produced, not by a byte pattern.
fspecial	fnclass	hardware-run	G17P	EXP-0161|EXP-0165	POSITION UNCHANGED. Map measured BY COMPUTED VALUE. fn_hi=1 (0xaf): class&3 = 1 -> rsqrt, 2 -> exp2, 3 -> rsqrt, 0 -> +inf for every input. fn_hi=0 (0x2f): 0 -> rint, 1 -> rsqrt, 2 -> log2, 3 -> NaN for 11 of 12 positive-finite inputs. Bit 3 is a DON'T-CARE (v and v+8 identical in all 8 pairs, three carriers). Bit 2 is NOT: live at class&3 = 0 on both datapaths (4/12 store nothing) and at class&3 = 1 on 0x2f (5/13 FAULT); inert elsewhere. This CORRECTS EXP-0161's db_defects DEF-0161-3, which generalised 'only the low two bits are live' from the 0xaf carrier alone (EXP-0165 analysis/rederive_def3_fnclass.py).
fspecial	fnsel	hardware-run	G17P	EXP-0161|EXP-0165	POSITION UNCHANGED. Accepted set fits (v & 0x99) == 0x90, 16 of 256, IDENTICAL in all three carriers.
fspecial	precsel	hardware-run	G17P	EXP-0161|EXP-0165	POSITION UNCHANGED. (v & 0x64) == 0x40, 32 of 256, in the two natural carriers; the synthesized carrier is looser ((v & 0x60) == 0x40, bit 2 don't-care, 64 of 256). Emit the tighter rule.
fspecial	roundmode	hardware-run	G17P	EXP-0161|EXP-0165	POSITION UNCHANGED. DEF-0161-4, re-derived in EXP-0165 with an explicit math.isnan test rather than a tolerance compare: on the rsqrt (0xaf) and log2 (0x2f) datapaths byte+8 has exactly ONE live bit -- bit 0 -- and setting it returns NaN in ALL 12 output lanes for EVERY input. 128/128 odd values all-NaN and 128/128 even values bit-matching the baseline, in two carriers x two gated runs, with no exceptions. **DO NOT EMIT bit 0.** The 0/2/4/6 round-mode enum is a claim about the DIRECT ROUND family only; on these two datapaths 2/4/6 are indistinguishable from 0, and the round-family arm (D4_FSPEC_FLOOR) was built but never run.
fspecial	sched_flag	hardware-run	G17P	EXP-0161|EXP-0165	POSITION UNCHANGED. HW-TESTED INERT over the whole exercised range: every value reproduces the unmutated result exactly. All 256 values accepted in both carriers. Role UNKNOWN -- any value is safe, but do not synthesize a meaning for it.
fspecial	src	hardware-run	G17P	EXP-0161|EXP-0165	NAME MOVED BY DEF-0161-1: byte+5 is the SOURCE register, packed reg = v >> 2 (bits 0-1 don't-care). Accept rule is exactly (v & 0xFC) == 0x00, the unique separating mask over all 256 candidates. Source map from the 16-register dump: 60/60 fit, 0 misfits, in BOTH gated runs (v = 0..59 -> r0..r14), each source identified twice over -- the computed rsqrt matches that register's seed AND that register is released to zero (56/56 where src != dst). Reaches r0..r63; r15..r63 executed without fault but are unverifiable in this carrier. 20/20 GENERATED encodings pass.
fspecial	src_cache	hardware-run	G17P	EXP-0161|EXP-0165	POSITION UNCHANGED. CARRIER-DEPENDENT: accepted set is (v & 0x02) == 0x02 (128 of 256) in D_FSPEC_INPLACE, where the operand comes straight from a device_load, and fully inert (256 of 256) in D3_FSPEC_SYNTH. Do not assume inert.
fspecial	src_class	hardware-run	G17P	EXP-0161|EXP-0165	POSITION UNCHANGED. Accepted set fits (v & 0x02) == 0x02, 128 of 256, identically in both carriers: exactly one live bit, and clearing it makes the instruction silently write zero.
fspecial	src_ext	hardware-run	G17P	EXP-0161|EXP-0165	NAME MOVED BY DEF-0161-1. This entry now labels byte+1's high nibble, which db.json called `dst` until EXP-0165. HW-TESTED INERT over the whole exercised range: every value reproduces the unmutated result exactly. All 16 values give a 16-register dump byte-identical to the baseline in both gated runs, and the result always lands in the same register, so this nibble is NOT the destination and NOT a source extension. The name is historical: a db.json field cannot be renamed without editing validation.json in the same commit. An emitter may write any value; 0 is what the compiler writes.
fspecial_est	b4	isolated-byte-diff	G17P	EXP-0161	PASSED THROUGH from EXP-0161 unchanged. E2_FSPEC_EST_RCP: accepted set fits (v & 0x03) == 0x00 (62 of 66 values) | E_FSPEC_EST: accepted set fits (v & 0x03) == 0x00 (64 of 256 values).
fspecial_est	b5	hardware-run	G17P	EXP-0161	PASSED THROUGH from EXP-0161 unchanged. Accepted set fits (v & 0xE0) == 0xC0 in both carriers (24 of 203 / 32 of 256).
fspecial_est	dst	hardware-run	G17P	EXP-0161	PASSED THROUGH from EXP-0161 unchanged; the fspecial_est descriptor is untouched by the EXP-0165 repair and EXP-0165 did not re-derive it.
fspecial_est	subop	hardware-run	G17P	EXP-0138-m4-emit-falu|EXP-0154-g17p-emit-alu|EXP-0161-g17p-carry-fspecial|EXP-0171	MOVED 255 of 256 on SYNTH:k_rsqrt@fspecial_est+18; cross-run agreement 1.0000 (256 agree / 0 disagree); 2 admitted carriers [FRAME,SYNTH | k_rsqrt]; accept-set size 1 = [15]; outcomes {"ok": 1, "silent_zero": 124, "wrong_value": 131} CAVEAT (EXP-0166 6.2): a SINGLETON accept-set establishes 'every other value breaks THIS carrier', NOT an operand/sub-op map -- and for a sub-op selector a non-ok outcome may simply mean 'a different function', not 'invalid'. | EXP-0189 citation repair: the records supporting this row live in EXP-0138-m4-emit-falu, EXP-0154-g17p-emit-alu, EXP-0161-g17p-carry-fspecial; the original citation EXP-0171 has no per-value records for it. Both are kept -- the stale one is where the claim came from, the new one is where the evidence is.
get_sr	dst	hardware-run	G17P	EXP-0168	100.000% agreement over 16 shared values, 15 moved vs 0 disagreements (infx), ladder and falsifier passed in every run
h_alu_hi	dst	hardware-run	G17P	EXP-0156	102 values reclassified `no_store` (EXP-0140 §8 rule: invalid_run in BOTH gated runs with every trial STATUS OK); half classification {'both': 103, 'hi_changed': 92, 'neither': 1, 'no_store': 60} (cross-run agree=False)
h_alu_hi	opflags	hardware-run	G17P	EXP-0156	96 values reclassified `no_store` (EXP-0140 §8 rule: invalid_run in BOTH gated runs with every trial STATUS OK); half classification {'hi_changed': 240, 'neither': 16} (cross-run agree=True)
h_alu_hi	opsel	hardware-run	G17P	EXP-0156	96 values reclassified `no_store` (EXP-0140 §8 rule: invalid_run in BOTH gated runs with every trial STATUS OK); half classification {'hi_changed': 240, 'neither': 16} (cross-run agree=True)
h_alu_hi	srcA	hardware-run	G17P	EXP-0156	half classification {'both': 4, 'hi_changed': 250, 'neither': 2} (cross-run agree=True)
h_alu_hi	srcB	hardware-run	G17P	EXP-0156	half classification {'both': 4, 'hi_changed': 250, 'neither': 2} (cross-run agree=True)
h_coord_hi	ctrl	hardware-run	G17P	EXP-0157	accepted set: (value & 0xff) == 0x04 | outcomes not_written=128, ok=1, silent_zero=36, wrong_value=90 | carrier h3mix, anchor +60, 2 agreeing captures (gate RSH)  ALSO: accepted set: (value & 0x7b) == 0x00 | outcomes fault=62, not_written=24, ok=3, silent_zero=36, wrong_value=84 | carrier h4fma, anchor +52, 2 agreeing captures (gate RSH)
h_coord_hi	dst	hardware-run	G17P	EXP-0157	outcomes not_written=1, silent_zero=14 | carrier h3mix, anchor +60, 2 agreeing captures (gate RSH)  ALSO: outcomes not_written=1, silent_zero=14 | carrier h4fma, anchor +52, 2 agreeing captures (gate RSH)
h_coord_hi	mods	hardware-run	G17P	EXP-0157	accepted set: (value & 0xff) == 0x01 | outcomes ok=1, wrong_value=254 | carrier h3mix, anchor +60, 2 agreeing captures (gate RSH)  ALSO: accepted set: (value & 0xff) == 0x88 | outcomes ok=1, silent_zero=12, wrong_value=242 | carrier h4fma, anchor +52, 2 agreeing captures (gate RSH)
h_coord_hi	opsel	hardware-run	G17P	EXP-0157	accepted set: (value & 0xd7) == 0x06 | outcomes not_written=160, ok=3, silent_zero=80, wrong_value=12 | carrier h3mix, anchor +60, 2 agreeing captures (gate RSH) | byte+2 op-select. (v & 0xd7) == 0x06 in BOTH half carriers -- the one cross-carrier constant in this instruction. Faults on 76-80 of 256 values.  ALSO: accepted set: (value & 0xd7) == 0x06 | outcomes fault=79, not_written=1, ok=3, silent_zero=87, wrong_value=4 | carrier h4fma, anchor +52, 2 agreeing captures (gate RSH) | byte+2 op-select. (v & 0xd7) == 0x06 in BOTH half carriers -- the one cross-carrier constant in this instruction. Faults on 76-80 of 256 values.
h_coord_hi	srcA	hardware-run	G17P	EXP-0157	accepted set: (value & 0xff) == 0x86 | outcomes ok=1, silent_zero=4, wrong_value=250 | carrier h3mix, anchor +60, 2 agreeing captures (gate RSH) | A real source-register field: 240 of 255 values return a DIFFERENT non-zero result. Only the compiler's own value (up to bit 7) reproduces the oracle, so it is pinned in this carrier.  ALSO: accepted set: (value & 0xff) == 0x87 | outcomes ok=1, silent_zero=14, wrong_value=240 | carrier h4fma, anchor +52, 2 agreeing captures (gate RSH) | A real source-register field: 240 of 255 values return a DIFFERENT non-zero result. Only the compiler's own value (up to bit 7) reproduces the oracle, so it is pinned in this carrier.
h_coord_hi	srcB	hardware-run	G17P	EXP-0157	accepted set: (value & 0xff) == 0x02 | outcomes ok=1, wrong_value=254 | carrier h3mix, anchor +60, 2 agreeing captures (gate RSH) | Same shape as srcA: 254 of 255 values return a different result.  ALSO: accepted set: (value & 0xff) == 0x04 | outcomes ok=1, wrong_value=254 | carrier h4fma, anchor +52, 2 agreeing captures (gate RSH) | Same shape as srcA: 254 of 255 values return a different result.
h_coord_hi_ext	dst	hardware-run	G17P	EXP-0157	outcomes not_written=1, silent_zero=14 | carrier h3mix, anchor +40, 2 agreeing captures (gate RSH)
h_coord_hi_ext	opsel	hardware-run	G17P	EXP-0157	accepted set: (value & 0xff) == 0x06 | outcomes ok=1, silent_zero=236, wrong_value=18 | carrier h3mix, anchor +40, 2 agreeing captures (gate RSH)
h_coord_hi_ext	srcA	hardware-run	G17P	EXP-0157	accepted set: (value & 0xff) == 0x00 | outcomes ok=1, wrong_value=254 | carrier h3mix, anchor +40, 2 agreeing captures (gate RSH)
h_coord_hi_ext	srcC	hardware-run	G17P	EXP-0157	accepted set: (value & 0xff) == 0x83 | outcomes ok=1, wrong_value=252 | carrier h3mix, anchor +40, 2 agreeing captures (gate RSH)
half_alu	ctrl	hardware-run	G17P	EXP-0169|EXP-0183	RENAMED FROM `srcB`, span unchanged (bits 32..39). The label and counts are EXP-0169's. The NAME changed because the operand role is REFUTED: EXP-0180's seed instructions carry byte+4 = 0x00 = h0 = r0's LOW half, which is non-zero in all 32,670 observed pre-vectors, and the observed result is exactly fp16(h[byte+1] + h[byte+3]) in 228,690 checks per run with zero mismatches -- byte+4 does not enter the arithmetic. Its low two bits are the measured LENGTH selector.
half_alu	dst	hardware-run	G17P	EXP-0138-m4-emit-falu|EXP-0180|EXP-0183	MOVED: bits 8..15 -> bits 4..7 (DEF-0180-1). The old row described byte+1, which is a SOURCE; its evidence is carried over to the new `srcA` row below, NOT to this one. COUNT CAVEAT, stated so the owner can choose: the 16-of-16 figure is from the DSTNIB arm, which varied this same byte0 on an 8-byte instance of the family; only 14 of 16 were dispatched in the 6-byte form itself. A conservative owner may prefer 14/14/16, which would set the THIN flag. | EXP-0189 citation repair: the records supporting this row live in EXP-0138-m4-emit-falu; the original citation EXP-0180, EXP-0183 has no per-value records for it. Both are kept -- the stale one is where the claim came from, the new one is where the evidence is.
half_alu	opflags	hardware-run	G17P	EXP-0169	moved on 1 of 1 ladder-passing carriers
half_alu	opsel	hardware-run	G17P	EXP-0169	moved on 1 of 1 ladder-passing carriers
half_alu	srcA	hardware-run	G17P	EXP-0169|EXP-0180|EXP-0183	RENAMED + RE-ROLED, span unchanged (bits 8..15). This is the row formerly filed as `half_alu.dst`; byte+1 is a SOURCE half-register descriptor h=(reg<<1)|is_high, not the destination. Its `untested` label was a DEFERRAL ('another experiment owns this field's verdict -> EXP-0168'), and EXP-0168's committed field_verdicts.json contains no such row, so the ruling was never made. Re-derived from EXP-0169's raw by EXP-0183.
half_alu	srcB	hardware-run	G17P	EXP-0169|EXP-0183	RENAMED, span unchanged (bits 24..31). This is the row formerly filed as `half_alu.srcA`; the name `srcA` moved to byte+1 to match the low-nibble-8 sibling `h_alu_hi`. Evidence and label are EXP-0169's, unchanged.
half_alu	src_modifier	hardware-run	G17P	EXP-0169	unchanged span; start/width added so merge_verdicts' DEF-0166-2 span guard can see this row.
half_alu_ext8	b4	isolated-byte-diff	G17P	EXP-0180|EXP-0183	RENAMED FROM `srcB_desc`, span unchanged (bits 32..39), and its RANGE TEXT WITHDRAWN. The committed text -- '0x01 required in the add+saturate instance; carries the fma srcA-negate (byte+7 0xc0 -> 0xc8)' -- is refuted twice over: '0x01 required' is a LENGTH requirement, and byte+7 is a different field entirely (DEF-0180-6, citation defect).
half_alu_ext8	b7_hi	hardware-run	G17P	EXP-0180|EXP-0183	RENAMED FROM `op_valid_marker`, span unchanged (bit 63), and its ENUM DELETED. The committed claim -- 'every byte+7 value without bit7 set nulls the op; required op-valid marker' -- is REFUTED. The op IS nullable from byte+7, but by instruction bit 60 (b7_mid bit 2), not bit 63.
half_alu_ext8	b7_mid	hardware-run	G17P	EXP-0180|EXP-0183	RANGE TEXT EXTENDED with the op-nulling rule. This is the control that `op_valid_marker` (bit 63) was wrongly believed to be.
half_alu_ext8	dst	hardware-run	G17P	EXP-0180|EXP-0183	MOVED: bits 8..15 -> bits 4..7 (DEF-0180-1). The old `dst` row's evidence describes byte+1 and is carried to `srcA`.
half_alu_ext8	mul_suppress	hardware-run	G17P	EXP-0180|EXP-0183	RENAMED FROM `saturate`, span unchanged (bit 57), and its ENUM DELETED. The committed enum -- '1 = output-clamp/saturate ON (clamps to [0,1])' -- is REFUTED at value level: a clamp to [0,1] cannot change 0.125, and this bit changes it to 0.46875. The bit suppresses the multiply term of the fma.
half_alu_ext8	opflags	hardware-run	G17P	EXP-0180|EXP-0183	range text extended with the measured fault wall.
half_alu_ext8	opsel	isolated-byte-diff	G17P	EXP-0180|EXP-0183	ENCODABLE RANGE CORRECTED from 8 to 3 (DEF-0180-2, re-derived EXP-0183 over the measured 32-cell length map).
half_alu_ext8	rsv6	hardware-run	G17P	EXP-0180|EXP-0183	RANGE TEXT WITHDRAWN AND REPLACED. The committed text -- 'byte+6 swept 0x00..0xc0, every value kept the result, fully INERT/reserved' (EXP-M4-14, which has no committed raw tree at all) -- is REFUTED. Its role is UNKNOWN; it reads inert only on the E8_ADD arm, whose base writes nothing at all and which therefore has no detection power.
half_alu_ext8	srcA	hardware-run	G17P	EXP-0180|EXP-0183	RENAMED + RE-ROLED, span unchanged (bits 8..15). Formerly `half_alu_ext8.dst`; byte+1 is a SOURCE, not the destination.
half_alu_ext8	srcB	hardware-run	G17P	EXP-0180|EXP-0183	RENAMED FROM `srcA`, span unchanged (bits 24..31). Label and counts are EXP-0180's, unchanged; only the name moved, because byte+1 took the name `srcA` to match `h_alu_hi`.
half_alu_ext8	srcC	hardware-run	G17P	EXP-0180|EXP-0183	RENAMED FROM `b5`, span unchanged (bits 40..47), and RETYPED mod -> reg. The committed text 'largely inert (bits3/4 null in this instance)' is withdrawn.
half_alu_fma12	opsel	isolated-byte-diff	G17P	EXP-0180|EXP-0183	ENCODABLE RANGE CORRECTED from 8 to 1. NOT folded into `match` even though one legal value normally means it should be (falu2_uni.uni_mode, EXP-0175): folding [16,3,6] MEASURABLY REGRESSES the corpus -- 841 -> 835 clean files, +748 leftover bytes, half_alu_fma12 firings 7 -> 0. That is the same G17P-measurement-versus-M4-corpus disagreement EXP-0182 measured for the length rule, and it sits inside EXP-0180's own stated bound. The folded variant is committed as EXP-0183 work/cand_final_plus_fold; the decision is the db owner's.
half_alu_fma12	srcA	hardware-run	G17P	EXP-0180|EXP-0183	RENAMED + RE-ROLED, span unchanged (bits 8..15). Formerly `half_alu_fma12.dst`.
half_alu_fma12	srcB	hardware-run	G17P	EXP-0180|EXP-0183	RENAMED FROM `srcA`, span unchanged (bits 24..31).
half_pack	src	hardware-run	G17P	EXP-0160	carrier SYNTH+LIFTED:k_half2@half_pack[32:42]; outcomes(seed set 1) {'ok': 224, 'wrong_value': 8, 'silent_zero': 24}; anchor value 0x18; P1=True P2=True P3=True model=M2 CLASS TABLE
hminmax	dst	hardware-run	G17P	EXP-0156	148 values reclassified `no_store` (EXP-0140 §8 rule: invalid_run in BOTH gated runs with every trial STATUS OK)
iadd2	b2_bit0	hardware-run	G17P	EXP-0154	carrier SYNTH+LIFTED:k_u32add@iadd2[32:42]; outcomes {'ok': 2}; ok at {0x0-0x1}
iadd2	lenbit	hardware-run	M4	EXP-0139	reproducibly FAULT (5/5 attempts, healthy baselines) at 1 values: 0
iadd2	opc_tail	hardware-run	M4	EXP-0146|EXP-0166	64-bit form only, carrier `k_u64sub` (`1f 01 56 00 02 08 00 50 17 05`). Dense 0..255, both gated runs agreeing on every value. Accept-set is exactly the 64 values with (v & 0x11) == 0x11; the other 192 give 16 silent zeros and 176 wrong values. This is a SECOND carrier for a field EXP-0139 established on the 32-bit form, and the accept-set is carrier-scoped: do not read it as a global rule.
iadd2	opc_tail2	hardware-run	M4	EXP-0146|EXP-0166	64-bit form only, carrier `k_u64sub`. Dense 0..255, both gated runs agreeing on every value. Accept-set is exactly the 64 values with (v & 0x05) == 0x05; the other 192 all return a wrong value (no silent zeros). Second carrier for EXP-0139's 32-bit result; the accept-set is carrier-scoped.
iadd2	srcA	hardware-run	G17P	EXP-0139-m4-emit-ialu|EXP-0146-m4-emit-int-misc|EXP-0154-g17p-emit-alu|EXP-0171	MOVED 252 of 256 on NAT:k_u32add@iadd2+32; cross-run agreement 1.0000 (256 agree / 0 disagree); 3 admitted carriers [FRAME,NAT,SYNTH | k_u32add]; accept-set size 4 = [168, 172, 184, 188]; outcomes {"fault": 64, "ok": 4, "wrong_value": 188} | EXP-0189 citation repair: the records supporting this row live in EXP-0139-m4-emit-ialu, EXP-0146-m4-emit-int-misc, EXP-0154-g17p-emit-alu; the original citation EXP-0171 has no per-value records for it. Both are kept -- the stale one is where the claim came from, the new one is where the evidence is.
iadd2	srcB_ext	hardware-run	G17P	EXP-0154	carrier SYNTH+LIFTED:k_u32add@iadd2[32:42]; outcomes {'ok': 4, 'wrong_value': 124}; ok at {0x0-0x3}
iadd2	srcB_imm_hi	hardware-run	G17P	EXP-0154	carrier SYNTH+LIFTED:k_u32add@iadd2[32:42]; outcomes {'ok': 1, 'wrong_value': 1}; ok at {0x0}
iadd2	store_en	hardware-run	G17P	EXP-0154	carrier SYNTH+LIFTED:k_u32add@iadd2[32:42]; outcomes {'ok': 2}; ok at {0x0-0x1}
ibfe	b11hi	hardware-run	M4	EXP-0139	second independent carrier IBFE_SH AGREES (hardware-run over 0..63 dense (all 64 values))
ibfe	b2_fmt	hardware-run	M4	EXP-0139	second independent carrier IBFE_SH AGREES (hardware-run over 0..63 dense (all 64 values))
ibfe	b4	hardware-run	M4	EXP-0139	3/256 values excluded as not reproducible (sibling-GPU contamination class, see RESULTS.md §3); 126 values return a silent zero; second independent carrier IBFE_SH AGREES (hardware-run over 0..255 dense (all 256 values))
ibfe	b5	hardware-run	G17P	EXP-0154	carrier SYNTH+LIFTED:k_bfe@ibfe[18:30]; outcomes {'ok': 179, 'wrong_value': 43, 'silent_zero': 3}; ok at {179 values}
ibfe	b6_bit0	hardware-run	G17P	EXP-0161	C2_IBFE_SHR_X: accepted set fits (v & 0x01) == 0x00 (1 of 2 values) | C_IBFE_BFE: accepted set fits (v & 0x01) == 0x00 (1 of 2 values)
ibfe	b7	hardware-run	M4	EXP-0139	128 values return a silent zero; second independent carrier IBFE_SH DIFFERS (isolated-byte-diff over 0..255 dense (all 256 values))
ibfe	dst	hardware-run	G17P	EXP-0154	carrier SYNTH+LIFTED:k_bfe@ibfe[18:30]; outcomes {'ok': 161, 'silent_zero': 28, 'fault': 10}; ok at {161 values}
ibfe	lenhi	isolated-byte-diff	M4	EXP-0139	1/128 values excluded as not reproducible (sibling-GPU contamination class, see RESULTS.md §3); 32 values return a silent zero; second independent carrier IBFE_SH AGREES (isolated-byte-diff over 0..127 dense (all 128 values))
ibfe	offset	hardware-run	G17P	EXP-0161	C_IBFE_BFE: accepted set fits (v & 0x3F) == 0x04 (1 of 64 values) | C_IBFE_SHR: accepted set fits (v & 0x3F) == 0x05 (1 of 64 values) | C_IBFE_SYNTH: accepted set fits (v & 0x3F) == 0x04 (1 of 64 values)
ibfe	srcA	hardware-run	G17P	EXP-0139-m4-emit-ialu|EXP-0154-g17p-emit-alu|EXP-0171	MOVED 192 of 256 on NAT:k_bfe@ibfe+18; cross-run agreement 1.0000 (256 agree / 0 disagree); 3 admitted carriers [NAT,SYNTH | k_bfe,k_bfe_s]; accept-set size 64; outcomes {"ok": 64, "wrong_value": 192} | EXP-0189 citation repair: the records supporting this row live in EXP-0139-m4-emit-ialu, EXP-0154-g17p-emit-alu; the original citation EXP-0171 has no per-value records for it. Both are kept -- the stale one is where the claim came from, the new one is where the evidence is.
ibfe	srcC_flags	isolated-byte-diff	M4	EXP-0139	64 values return a silent zero; second independent carrier IBFE_SH DIFFERS (hardware-run over 0..255 dense (all 256 values))
ibfe	store_en	hardware-run	G17P	EXP-0161	C2_IBFE_SHR_X: accepted set fits (v & 0x01) == 0x01 (1 of 2 values)
ibfe	width	hardware-run	G17P	EXP-0161	C_IBFE_SHR: accepted set is [0, 27, 28, 29, 30, 31, 32, 59, 60, 61, 62, 63] (no mask rule fits) | C_IBFE_SYNTH: accepted set is [6, 7, 8, 9, 38, 39, 40, 41] (no mask rule fits) | C_IBFE_BFE: accepted set fits (v & 0x1F) == 0x08 (2 of 64 values)
ibfe	width_lo	isolated-byte-diff	M4	EXP-0139	2 values return a silent zero; second independent carrier IBFE_SH AGREES (isolated-byte-diff over 0..15 dense (all 16 values))
ibfins	b4	hardware-run	M4	EXP-0139	128 values return a silent zero
ibfins	dst	hardware-run	G17P	EXP-0154	carrier SYNTH+LIFTED:k_rot_var@ibfins[42:54]; outcomes {'ok': 2, 'wrong_value': 190, 'fault': 4}; ok at {0x0-0x1}
ibfins	form	isolated-byte-diff	M4	EXP-0139	160 values return a silent zero
ibfins	srcC	isolated-byte-diff	M4	EXP-0139	64 values return a silent zero
ibitcount	fn_hi	hardware-run	G17P	EXP-0169	moved on 1 of 1 ladder-passing carriers
ibitcount	form	hardware-run	G17P	EXP-0169	moved on 1 of 1 ladder-passing carriers
ibitcount	op_enable	hardware-run	G17P	EXP-0169	moved on 1 of 1 ladder-passing carriers
ibitcount	src	hardware-run	G17P	EXP-0169	moved on 1 of 1 ladder-passing carriers
ibitcount	srcdesc	hardware-run	G17P	EXP-0169	moved on 1 of 1 ladder-passing carriers
ibitcount	tail	hardware-run	G17P	EXP-0169	moved on 1 of 1 ladder-passing carriers
icmp_pred	dst_pred	hardware-run	M4+A18	EXP-0104|EXP-0115|EXP-0139-m4-emit-ialu|RT-ISA-FIX	There is NO predicate register file to allocate: the compiler emits dst_pred=0 in 0/18+ compiled instances and any nonzero value silently corrupts the branch outcome. A driver must always emit 0. | EXP-0189 citation repair: the records supporting this row live in EXP-0139-m4-emit-ialu; the original citation EXP-0104, EXP-0115, RT-ISA-FIX has no per-value records for it. Both are kept -- the stale one is where the claim came from, the new one is where the evidence is.
icmpsel	dst	isolated-byte-diff	M4	EXP-0139	15 values return a silent zero
icmpsel	fmt	isolated-byte-diff	M4	EXP-0139	12 values return a silent zero
icmpsel	mark0	isolated-byte-diff	M4	EXP-0139	16 values return a silent zero
if_push	scope_kind	hardware-run	M4	EXP-0140	256/256 values executed (0 skipped by the hang budget); 242 comparable across the two gated runs (pairs where either side failed its integrity check or was skipped are excluded), 242 of those identical
ilogic	lut_a_z	hardware-run	G17P	EXP-0146-m4-emit-int-misc|EXP-0154-g17p-emit-alu|EXP-0171	MOVED 7 of 8 on NAT:k_and@ilogic+32; cross-run agreement 1.0000 (8 agree / 0 disagree); 7 admitted carriers [FRAME,NAT,SYNTH | k_and,k_andn,k_nand,k_or,k_xor]; accept-set size 1 = [0]; outcomes {"ok": 1, "silent_zero": 7} CAVEAT (EXP-0166 6.2): a SINGLETON accept-set establishes 'every other value breaks THIS carrier', NOT an operand/sub-op map -- and for a sub-op selector a non-ok outcome may simply mean 'a different function', not 'invalid'. | EXP-0189 citation repair: the records supporting this row live in EXP-0146-m4-emit-int-misc, EXP-0154-g17p-emit-alu; the original citation EXP-0171 has no per-value records for it. Both are kept -- the stale one is where the claim came from, the new one is where the evidence is.
ilogic	lut_b	hardware-run	G17P	EXP-0154	carrier SYNTH+LIFTED:k_and@ilogic[32:42]; outcomes {'ok': 16, 'wrong_value': 171, 'silent_zero': 63}; ok at {0x0, 0x8, 0x20, 0x28, 0x40, 0x48, 0x60, 0x68, 0x80, 0x88, 0xa0, 0xa8, 0xc0, 0xc8, 0xe0, 0xe8}
ilogic	op_base	hardware-run	G17P	EXP-0154	carrier SYNTH+LIFTED:k_and@ilogic[32:42]; outcomes {'wrong_value': 1, 'ok': 1}; ok at {0x1}
ilogic	outmod	hardware-run	G17P	EXP-0146-m4-emit-int-misc|EXP-0154-g17p-emit-alu|EXP-0171	MOVED 128 of 256 on NAT:k_and@ilogic+32; cross-run agreement 1.0000 (256 agree / 0 disagree); 7 admitted carriers [FRAME,NAT,SYNTH | k_and,k_andn,k_nand,k_or,k_xor]; accept-set size 128; outcomes {"ok": 128, "silent_zero": 128} | EXP-0189 citation repair: the records supporting this row live in EXP-0146-m4-emit-int-misc, EXP-0154-g17p-emit-alu; the original citation EXP-0171 has no per-value records for it. Both are kept -- the stale one is where the claim came from, the new one is where the evidence is.
ilogic	srcA	hardware-run	G17P	EXP-0154	carrier SYNTH+LIFTED:k_and@ilogic[32:42]; outcomes {'wrong_value': 248, 'ok': 4}; ok at {0x4-0x5, 0x84-0x85}
ilogic	srcB	hardware-run	G17P	EXP-0154	carrier SYNTH+LIFTED:k_and@ilogic[32:42]; outcomes {'ok': 3, 'silent_zero': 218, 'wrong_value': 32}; ok at {0x0-0x1, 0x81}
imad	b0bit7	hardware-run	G17P	EXP-0154	carrier SYNTH+LIFTED:k_imad@imad[32:44]; outcomes {'wrong_value': 1, 'ok': 1}; ok at {0x1}
imad	b9	isolated-byte-diff	M4	EXP-0139	64 values return a silent zero
imad	dst	hardware-run	G17P	EXP-0154	carrier SYNTH+LIFTED:k_imad@imad[32:44]; outcomes {'ok': 2, 'wrong_value': 28, 'silent_zero': 162, 'fault': 2}; ok at {0x0-0x1}
imad	lenbit	hardware-run	G17P	EXP-0154	carrier SYNTH+LIFTED:k_imad@imad[32:44]; outcomes {'ok': 1, 'wrong_value': 1}; ok at {0x0}
imad	mulsel	hardware-run	G17P	EXP-0154	carrier SYNTH+LIFTED:k_imad@imad[32:44]; outcomes {'ok': 8, 'wrong_value': 244, 'silent_zero': 4}; ok at {0x0, 0x10, 0x40, 0x50, 0x80, 0x90, 0xc0, 0xd0}
imad	opmode	hardware-run	M4	EXP-0139	128 values return a silent zero
imad	srcB	hardware-run	G17P	EXP-0154|EXP-0160|EXP-0165	NAME MOVED BY DEF-0160-6: this entry now labels byte+6, which EXP-0154 swept under the name `srcC_lo` and labelled from its ok-set alone without identifying a role. The role is now identified: byte+6 is a MULTIPLICAND REGISTER SELECTOR, reg = v >> 3; bit 0 = 1 makes that source read 0; bits 1 and 2 are inert. EXP-0154's ok-set {0x0, 0x2, 0x4, 0x6} is exactly the four values naming r0. Re-derived in EXP-0165 by solving r0 = m*(seed[a]*seed[b]) + A with BOTH multiplicands free and requiring one solution to satisfy both seed sets: byte+6 = 0x10 pins r2 UNIQUELY, and 0x00/0x02/0x04 -> r0, 0x08 -> r1, 0x20 -> r4, 0x40 -> r8 all contain the predicted register (10 of 11 probed values; the eleventh, 0xFF -> r31, lies outside the 16 seeded registers and is unmeasurable). **db.json modelled NO first multiplicand at all before this.**
imad	srcC_lo	hardware-run	G17P	EXP-0154	NAME MOVED BY DEF-0160-6: this entry now labels byte+5, which EXP-0154 swept under the name `srcB`. The label is unchanged and the sweep is unchanged -- only which byte the name points at. **ROLE UNRESOLVED**: in the EXP-0160 anchor byte+5 = 0x08 while the second multiplicand is demonstrably r2, which the project-standard (reg<<1)|size packing would read as r4, so either the packing here is reg<<2 or the second multiplicand is selected elsewhere. It is NOT the low half of an immediate addend -- there is no immediate addend (DEF-0160-3). Do not emit a register number here.
iminmax	dst	hardware-run	G17P	EXP-0154	carrier SYNTH+LIFTED:k_imin@iminmax[32:38]; outcomes {'ok': 1, 'wrong_value': 12, 'silent_zero': 1}; ok at {0x0}
iminmax	dst_full	hardware-run	G17P	EXP-0160|EXP-0165	NAME MOVED BY DEF-0160-2: this entry now labels byte+5, which EXP-0160 swept under the name `srcB`. **It is NOT a register selector**: bits 3, 5, 6 and 7 are INERT (0 of 512 flip-pairs differ each, re-measured in EXP-0165) and no value->register model fits (reg = v>>1 and reg = v>>2 each explain only 32 of 256 cases). Its live bits are 0, 1, 2 and 4 and its anchor value 0xc0 is falu2's standard `mods` default, so it is the SOURCE-CLASS / MODIFIER byte. The name `dst_full` is historical and wrong; a db.json field cannot be renamed without editing validation.json in the same commit.
iminmax	fmt	isolated-byte-diff	M4	EXP-0139	12 values return a silent zero
iminmax	sel	hardware-run	G17P	EXP-0154	carrier SYNTH+LIFTED:k_imin@iminmax[32:38]; outcomes {'wrong_value': 6, 'ok': 2}; ok at {0x5, 0x7}
iminmax	selhi	isolated-byte-diff	M4	EXP-0139	12 values return a silent zero
iminmax	srcA	hardware-run	G17P	EXP-0154|EXP-0160|EXP-0165	NAME MOVED BY DEF-0160-2 (a 3-cycle over byte+1/+3/+5). byte+1 is the FIRST source descriptor, (reg<<1)|size -- the falu2 slot layout. Identified in EXP-0165 from EXP-0160's anchor `02 01 1e 05 07 00`, which computes imin(r0, r2) -> r0 in BOTH seed sets (10 and 7) with byte+1 = 0x01 naming r0. The dense sweep behind the label is EXP-0154's byte+1 sweep; the ROLE is EXP-0160/EXP-0165.
iminmax	srcB	hardware-run	G17P	EXP-0154|EXP-0160|EXP-0165	NAME MOVED BY DEF-0160-2. byte+3 is the SECOND source descriptor, (reg<<1)|size. Identified by a RELEASED-REGISTER observation: at the anchor value 0x05 the register it names (r2) comes back zeroed in both seed sets, which is release-on-read and identifies it as an operand. **WARNING TO THE MERGER: validation.json's existing `iminmax.srcB` row carries EXP-0160's byte+5 sweep. That evidence now belongs to `iminmax.dst_full`; this row replaces it.**
irotate	b2	hardware-run	G17P	EXP-0172	LIVE over its two legal values, and ASYMMETRIC: 0x56 -> 0x54 changes the observation on all three arms whose baseline is 0x56; 0x54 -> 0x56 changes nothing on either arm whose baseline is 0x54. Both directions were tested. The modelled 8-bit width is a fiction (DEF-0172-1).
irotate	tail	isolated-byte-diff	M4	EXP-0146|EXP-0166	⚠ MARGINAL COVERAGE ONLY. 32-bit raw field swept BYTE-WISE — bytes +8..+11, each over all 256 values with the others at their compiled value (1024 of 2^32 combinations); neither `max` nor `max-1` was encoded, so §3.3's w>8 bar is not met (A6). Per-byte accept-sets (M4): +8 (v&0xb7)==0xb0; +9 (v&0x12)==0x10; +10 (v&0xfd)==0x09; +11 (v&0x01)==0x00. EXP-0154 left +8 and +10 `untested` on G17P; this M4 row is the only evidence for them.
isel10	cc	hardware-run	G17P	EXP-0154	carrier SYNTH+LIFTED:k_isel@isel10[32:62]; outcomes {'wrong_value': 144, 'ok': 16, 'silent_zero': 96}; ok at {0x5, 0x7, 0xd, 0xf, 0x15, 0x17, 0x1d, 0x1f, 0x85, 0x87, 0x8d, 0x8f, 0x95, 0x97, 0x9d, 0x9f}
isel10	cmpA	hardware-run	G17P	EXP-0154	carrier SYNTH+LIFTED:k_isel@isel10[32:62]; outcomes {'ok': 204, 'silent_zero': 8, 'wrong_value': 44}; ok at {204 values}
isel10	cmpB	hardware-run	G17P	EXP-0154	carrier SYNTH+LIFTED:k_isel@isel10[32:62]; outcomes {'wrong_value': 252, 'ok': 4}; ok at {0x4-0x5, 0x84-0x85}
isel10	cmp_mode	hardware-run	G17P	EXP-0154	carrier SYNTH+LIFTED:k_isel@isel10[32:62]; outcomes {'wrong_value': 252, 'ok': 4}; ok at {0x82, 0x8a, 0x92, 0x9a}
isel10	dst	hardware-run	G17P	EXP-0154	carrier SYNTH+LIFTED:k_isel@isel10[32:62]; outcomes {'ok': 1, 'wrong_value': 12, 'silent_zero': 1}; ok at {0x0}
isel10	flags	hardware-run	G17P	EXP-0154	carrier SYNTH+LIFTED:k_isel@isel10[32:62]; outcomes {'ok': 32, 'wrong_value': 208, 'silent_zero': 16}; ok at {32 values}
isel10	opsel	isolated-byte-diff	M4	EXP-0139	12 values return a silent zero
isel10	selFalse	hardware-run	G17P	EXP-0154	carrier SYNTH+LIFTED:k_isel@isel10[32:62]; outcomes {'wrong_value': 252, 'ok': 4}; ok at {0x6-0x7, 0x86-0x87}
isel10	selFalse_file	isolated-byte-diff	M4	EXP-0139	3/256 values excluded as not reproducible (sibling-GPU contamination class, see RESULTS.md §3); reproducibly FAULT (5/5 attempts, healthy baselines) at 61 values: 64-78,80,82-95,192-211,213-223
isel10	selTrue	hardware-run	G17P	EXP-0154	carrier SYNTH+LIFTED:k_isel@isel10[32:62]; outcomes {'wrong_value': 252, 'ok': 4}; ok at {0x8-0x9, 0x88-0x89}
isel8	cc	hardware-run	G17P	EXP-0154	carrier SYNTH+LIFTED:k_rsqrt@isel8[18:32]; outcomes {'ok': 64, 'wrong_value': 192}; ok at {64 values}
isel8	cmp_mode	hardware-run	G17P	EXP-0160	carrier SYNTH+LIFTED:k_rsqrt@isel8[18:32]; outcomes(seed set 1) {'wrong_value': 128, 'ok': 128}; anchor value 0x82; P1=True P2=True P3=True model=M2 CLASS TABLE
isel8	dst	hardware-run	G17P	EXP-0154	carrier SYNTH+LIFTED:k_rsqrt@isel8[18:32]; outcomes {'wrong_value': 13, 'ok': 1}; ok at {0x7}
isel8	flags	hardware-run	G17P	EXP-0154	carrier SYNTH+LIFTED:k_rsqrt@isel8[18:32]; outcomes {'ok': 128, 'wrong_value': 128}; ok at {128 values}
isel8	opsel	isolated-byte-diff	M4	EXP-0139	12 values return a silent zero
isel8	selTrue	hardware-run	G17P	EXP-0154	carrier SYNTH+LIFTED:k_rsqrt@isel8[18:32]; outcomes {'wrong_value': 52, 'ok': 201}; ok at {201 values}
isel_reg	cmpA	hardware-run	G17P	EXP-0154	carrier SYNTH+LIFTED:k_rsqrt@isel_reg[80:100]; outcomes {'ok': 228, 'silent_zero': 22}; ok at {228 values}
isel_reg	dst	hardware-run	G17P	EXP-0154	carrier SYNTH+LIFTED:k_rsqrt@isel_reg[80:100]; outcomes {'wrong_value': 12, 'ok': 1, 'silent_zero': 1}; ok at {0x4}
isel_reg	selFalse	hardware-run	G17P	EXP-0154	carrier SYNTH+LIFTED:k_rsqrt@isel_reg[80:100]; outcomes {'wrong_value': 252, 'ok': 4}; ok at {0x4-0x5, 0x84-0x85}
isel_reg	selFalse_file	isolated-byte-diff	M4	EXP-0139	1/256 values excluded as not reproducible (sibling-GPU contamination class, see RESULTS.md §3)
isel_reg	selTrue	hardware-run	G17P	EXP-0154	carrier SYNTH+LIFTED:k_rsqrt@isel_reg[80:100]; outcomes {'wrong_value': 252, 'ok': 4}; ok at {0x6-0x7, 0x86-0x87}
ishift	form	isolated-byte-diff	M4	EXP-0139	64 values return a silent zero
ishift	op8	isolated-byte-diff	M4	EXP-0139	64 values return a silent zero
ishift	opB	hardware-run	G17P	EXP-0154	carrier SYNTH+LIFTED:k_ashr@ishift[18:28]; outcomes {'ok': 4, 'wrong_value': 52, 'silent_zero': 199}; ok at {0x0-0x3}
ishift	shamt	hardware-run	M4	EXP-0139	128 values return a silent zero
ishift	srcA	hardware-run	G17P	EXP-0154	carrier SYNTH+LIFTED:k_ashr@ishift[18:28]; outcomes {'ok': 2, 'wrong_value': 28, 'silent_zero': 162, 'fault': 6}; ok at {0x0-0x1}
ishift	src_class	hardware-run	M4	EXP-0139	128 values return a silent zero
iter	dst	isolated-byte-diff	G17P	EXP-0155	swept 195/256 of the frozen value set in both runs (incomplete: a hang/deadline budget stopped it); the values that did run agree across both runs
iter	grp	hardware-run	G17P	EXP-0155	[orchestrator: representative arm re-pointed from iter@frag0W to iter@frag1, where the field is demonstrably live (255/255 of 256 moved, 100.0% cross-run agreement); the original arm showed it inert.]
iter	mode	isolated-byte-diff	A18	EXP-0029|EXP-0155-g17p-emit-tex-frag|EXP-0163-g17p-inert-liveness	Perspective-correct interpolation is a MULTI-INSTRUCTION lowering, not a mode bit. | EXP-0189 citation repair: the records supporting this row live in EXP-0155-g17p-emit-tex-frag, EXP-0163-g17p-inert-liveness; the original citation EXP-0029 has no per-value records for it. Both are kept -- the stale one is where the claim came from, the new one is where the evidence is.
iter	src_slot	isolated-byte-diff	A18	EXP-0029|EXP-0163-g17p-inert-liveness	EXP-0189 citation repair: the records supporting this row live in EXP-0163-g17p-inert-liveness; the original citation EXP-0029 has no per-value records for it. Both are kept -- the stale one is where the claim came from, the new one is where the evidence is.
iter_at	dst	isolated-byte-diff	G17P	EXP-0155	swept 195/256 of the frozen value set in both runs (incomplete: a hang/deadline budget stopped it); the values that did run agree across both runs
iter_at	grp	isolated-byte-diff	G17P	EXP-0168|EXP-0181|EXP-0183	RE-SPANNED by EXP-0181 (bits 0..7 -> bit 7) and RE-DERIVED from EXP-0168's raw by EXP-0183. EXP-0168 filed `untested` on a '5 of 256' sweep; against the field's REAL encodable range of 2 the same raw is a DENSE 2-of-2 sweep reproducible in three runs. NOT recommended for `hardware-run`: r_i8s's own baseline record says 'baseline vs HOST oracle: MISMATCH', so only one of the two carriers has a valid oracle, and EXP-0168's ladder clause (`iter_at.loc`) was not met. The two out-of-descriptor byte0 values dispatched (0x00, 0x01) HUNG the device on both carriers in all three runs -- a hardware fact about the 254 illegal byte0 values, not about this field.
iter_at	loc	hardware-run	G17P	EXP-0163	LIVE: moved the observation on 7 arm(s) across atoff4, cent4, ms4cent, ms4out. Inert on atoff1, cent1 -- i.e. the EXP-0155 null was CARRIER-LIMITED, not a property of the silicon.
iter_flat	b4	hardware-run	G17P	EXP-0155	[orchestrator: representative arm re-pointed from iter_flat@flat1 to iter_flat@flat0, where the field is demonstrably live (254/254 of 256 moved, 100.0% cross-run agreement); the original arm showed it inert.]
iter_flat	b5	isolated-byte-diff	G17P	EXP-0155	1/256 values disagree between the two gated runs; validated at points, not over a range [orchestrator: representative arm re-pointed from iter_flat@flat1 to iter_flat@flat0, where the field is demonstrably live (192/192 of 256 moved, 100.0% cross-run agreement); the original arm showed it inert.]
iter_flat	sel	isolated-byte-diff	G17P	EXP-0155	swept 127/256 of the frozen value set in both runs (incomplete: a hang/deadline budget stopped it); the values that did run agree across both runs [orchestrator: representative arm re-pointed from iter_flat@flat1 to iter_flat@flat0, where the field is demonstrably live (126/126 of 126 moved, 100.0% cross-run agreement); the original arm showed it inert.]
iunary	dst	hardware-run	M4	EXP-0139	1/272 values excluded as not reproducible (sibling-GPU contamination class, see RESULTS.md §3); reproducibly FAULT (5/5 attempts, healthy baselines) at 63 values: 192-241,243-255; 3 values return a silent zero
iunary	src	hardware-run	M4	EXP-0139	197 values return a silent zero
iunary	srcdesc	isolated-byte-diff	M4	EXP-0139	64 values return a silent zero
matrix_mac	c_neg_all	hardware-run	M4	EXP-0147	Documented A*B+C iff (b11hi & 3)==0 (32/128); bits 2-6 don't-care. The two low bits are ACCUMULATOR SIGN controls resolved per tile row: bit0 -> rows 0-3 use -C; bit1 -> all 8 rows use -C; both -> rows 0-3 +C, rows 4-7 -C. So the matrix unit performs A*B-C (multiply-subtract) and a half-tile variant, which simdgroup_multiply_accumulate never emits. FIELD-MODEL CORRECTION (EXP-0147, HW, dense 128 x2 runs): two of the seven bits are SEMANTIC accumulator-sign controls, not padding -- bit0 of the old field (byte+11 bit1) makes rows 0-3 use -C, bit1 (byte+11 bit2) makes ALL rows use -C, and both set cancel back to +C. Correct a*b+c requires both clear (32 of 128 values). The matrix unit therefore computes A*B - C, a mode Metal's simdgroup_multiply_accumulate never emits.
matrix_mac	c_neg_half	hardware-run	M4	EXP-0147	Documented A*B+C iff (b11hi & 3)==0 (32/128); bits 2-6 don't-care. The two low bits are ACCUMULATOR SIGN controls resolved per tile row: bit0 -> rows 0-3 use -C; bit1 -> all 8 rows use -C; both -> rows 0-3 +C, rows 4-7 -C. So the matrix unit performs A*B-C (multiply-subtract) and a half-tile variant, which simdgroup_multiply_accumulate never emits. FIELD-MODEL CORRECTION (EXP-0147, HW, dense 128 x2 runs): two of the seven bits are SEMANTIC accumulator-sign controls, not padding -- bit0 of the old field (byte+11 bit1) makes rows 0-3 use -C, bit1 (byte+11 bit2) makes ALL rows use -C, and both set cancel back to +C. Correct a*b+c requires both clear (32 of 128 values). The matrix unit therefore computes A*B - C, a mode Metal's simdgroup_multiply_accumulate never emits.
matrix_mac	dst_en	hardware-run	M4	EXP-0147	Correct A*B+C iff bit6==1 and bit7==0 (0x40-0x7f, 64/64). Bits 0-5 don't-care. 0x00-0x3f and 0x80-0xbf give a SILENT ZERO; 0xc0-0xff give a wrong value. Verified as an exact set identity over all 256 values in both runs. FIELD-MODEL CORRECTION (EXP-0147, HW, dense 256 x2 runs): the hardware rule is simple -- correct A*B+C iff bit6 == 1 and bit7 == 0 (0x40..0x7f, 64/64 values); bits 0-5 are don't-care; 0x00-0x3f and 0x80-0xbf give a SILENT ZERO and 0xc0-0xff a wrong value. The field was typed `raw` with no semantics.
mov_imm	dst	hardware-run	M4	EXP-0140	all 16 values executed with a host-computed oracle; four 12-register aliasing scans confirm no second register changes; 16/16 values reproduced identically across both gated runs
mov_imm	imm_top	hardware-run	G17P	EXP-0168	100.000% agreement over 6 shared values, 5 moved vs 0 disagreements (infx), ladder and falsifier passed in every run
mov_zext16	extend	hardware-run	G17P	EXP-0161|EXP-0165	FIELD NARROWED BY DEF-0161-2. The dense byte+3 sweep accepts exactly the 32 values with (v & 0x07) == 0x01 and no others, so byte+3's LOW 3 BITS are the zero-extend companion discriminator and are now part of `match`; the remaining 5 bits are HW-tested free. The old 8-bit `extend` verdict is not translated across unchanged -- 3 of its 8 bits became match bits.
mov_zext16	src_flag	hardware-run	G17P	EXP-0161|EXP-0165	FIELD MERGED BY DEF-0161-2: the old `src_reg` (bits 0-6) and `src_flag` (bit 7) are one inert byte, and db.json's name budget (a new field name hard-fails validate_labels.py without a validation.json edit) forced the merge onto this name. HW-TESTED INERT over the whole exercised range: every value reproduces the unmutated result exactly. In every one of the 129 exercised values, in all four gated sweeps, the 16-register dump is identical to the baseline -- in a carrier where the instruction is demonstrably live (its byte0 := 0x00 falsifier fires as `wrong_value`) and where fifteen device_loads and a sentinel store separate the source from the instruction, so ALU forwarding cannot explain it. This CLOSES EXP-0146's open question as '(a) byte+1 is not a source-register selector'. It is also NOT a flag; the name is historical. EXP-0146's own carrier is dead: its byte0 := 0x00 falsifier scores `ok` there.
mov_zext16	src_reg	hardware-run	G17P	EXP-0146-m4-emit-int-misc|EXP-0161|EXP-0165	NAME RE-POINTED BY DEF-0161-2: this entry now labels byte0's HIGH NIBBLE, the ONE register the instruction uses as both source and destination (r[n] = r[n] & 0xFFFF). db.json modelled that nibble as part of a fixed match (byte0 == 0x13) until EXP-0165. Measured: byte0 = 0xN3 narrows r[N] AND NOTHING ELSE for N = 0..10 -- 11/11 fits, 0 misfits, in both gated runs -- and N = 0xB..0xF execute as a NO-OP (no register changes at all), confirmed 4 independent times each. No byte0 whose LOW nibble is not 3 ever performs the narrow (all 16 low-nibble buckets checked). GENERATED: 11 of 16 `r[n] = r[n] & 0xFFFF` encodings pass a host-computed 16-register prediction; the 5 failures are exactly the no-op nibbles. ONE ANOMALY, recorded not smoothed: nibble 0x8 narrowed correctly in 4 of 5 observations and was a no-op once (gen03). The INERTNESS evidence that used to sit under this name (byte+1 bits 0-6) has moved to `mov_zext16.src_flag`, which now covers all of byte+1. (EXP-0165 analysis/rederive_def2_zext.py.) | EXP-0189 citation repair: the records supporting this row live in EXP-0146-m4-emit-int-misc; the original citation EXP-0161, EXP-0165 has no per-value records for it. Both are kept -- the stale one is where the claim came from, the new one is where the evidence is.
mov_zext16	subform	hardware-run	G17P	EXP-0161|EXP-0165	POSITION UNCHANGED. Accepted set fits (v & 0xC7) == 0x00, exactly 8 of 256, IDENTICALLY in both register forms. NOT folded into `match`: doing so was measured (EXP-0165 work/cand2) and it steals 70 firings from `frame_marker`, whose 8-bit byte0 match would lose the specificity tie-break.
n2_op10	dst	isolated-byte-diff	M4	EXP-0146|EXP-0166	Dense 0..15. Only 0x3 — the carrier's own compiled value — reproduces; the other 15 give 14 wrong values and 1 silent zero, both gated runs agreeing on every value. CAPPED at isolated-byte-diff by A7: `dst` is typed `reg`, and a singleton accept-set establishes 'every other value breaks this carrier', NOT 'value N selects register N'. A register-granularity carrier (16-register dump) is required before an emitter may choose a destination through this field. `n2_op10` has 230 live occurrences on G17P (EXP-0157 census), so a G17P re-sweep is strictly better than this row.
n2_op6	dst	hardware-run	G17P	EXP-0157	outcomes not_written=1, silent_zero=1, wrong_value=13 | carrier sfumix, anchor +60, 2 agreeing captures (gate RSH) | PINNED: no value other than the compiler's own reproduces the oracle.  ALSO: outcomes silent_zero=15 | carrier sfusin, anchor +68, 2 agreeing captures (gate RSH) | PINNED: no value other than the compiler's own reproduces the oracle.  ALSO: outcomes silent_zero=15 | carrier u64eq, anchor +50, 2 agreeing captures (gate RSH) | PINNED: no value other than the compiler's own reproduces the oracle.
n2_op6	imm_sel	hardware-run	G17P	EXP-0157	accepted set: (value & 0x7e) == 0x10 | outcomes ok=3, wrong_value=252 | carrier sfumix, anchor +60, 2 agreeing captures (gate RSH) | byte+6. In the fast::sin carrier 240 of 255 values ZERO the range-reduced row while leaving the others correct, and (v & 0x7e) == 0x00 zeroes every row -- so it selects which reduced result survives. The accepted set is (v & 0x7e) == 0x06 here and differs per carrier instance.  ALSO: accepted set: (value & 0x7e) == 0x06 | outcomes ok=3, silent_zero=244, wrong_value=8 | carrier sfusin, anchor +68, 2 agreeing captures (gate RSH) | byte+6. In the fast::sin carrier 240 of 255 values ZERO the range-reduced row while leaving the others correct, and (v & 0x7e) == 0x00 zeroes every row -- so it selects which reduced result survives. The accepted set is (v & 0x7e) == 0x06 here and differs per carrier instance.  ALSO: outcomes ok=3, silent_zero=120, wrong_value=132 | carrier u64eq, anchor +50, 2 agreeing captures (gate RSH) | byte+6. In the fast::sin carrier 240 of 255 values ZERO the range-reduced row while leaving the others correct, and (v & 0x7e) == 0x00 zeroes every row -- so it selects which reduced result survives. The accepted set is (v & 0x7e) == 0x06 here and differs per carrier instance.
n2_op6	opA	hardware-run	G17P	EXP-0157	outcomes ok=17, wrong_value=238 | carrier sfumix, anchor +60, 2 agreeing captures (gate RSH)  ALSO: accepted set: (value & 0xff) == 0x83 | outcomes ok=1, wrong_value=254 | carrier sfusin, anchor +68, 2 agreeing captures (gate RSH)  ALSO: outcomes ok=117, silent_zero=138 | carrier u64eq, anchor +50, 2 agreeing captures (gate RSH)
n2_op6	opB	hardware-run	G17P	EXP-0157	outcomes fault=64, wrong_value=191 | carrier sfumix, anchor +60, 2 agreeing captures (gate RSH)  ALSO: outcomes fault=108, ok=5, silent_zero=72, wrong_value=50 | carrier sfusin, anchor +68, 2 agreeing captures (gate RSH)  ALSO: accepted set: (value & 0xa6) == 0x26 | outcomes not_written=127, ok=15, silent_zero=96, wrong_value=16 | carrier u64eq, anchor +50, 2 agreeing captures (gate RSH)
n2_op6	opsel	hardware-run	G17P	EXP-0157	accepted set: (value & 0xcf) == 0x03 | outcomes fault=128, ok=3, wrong_value=124 | carrier sfumix, anchor +60, 2 agreeing captures (gate RSH) | byte+2, strongly constrained and the only field in the family that FAULTS on half its range in the SFU carriers. The accepted mask differs per carrier instance. Output-shape analysis in the fast::sin carrier resolves the rejected values: bit 1 SET (60 values) makes the SFU produce nothing; (v & 0xd7) == 0x13 (4 values) sign-flips one row; 122 values drop the quadrant correction for the range-reduced row. So in this lowering opsel is part of the SFU argument-reduction control, not a generic select.  ALSO: accepted set: (value & 0xd7) == 0x03 | outcomes ok=3, silent_zero=60, wrong_value=192 | carrier sfusin, anchor +68, 2 agreeing captures (gate RSH) | byte+2, strongly constrained and the only field in the family that FAULTS on half its range in the SFU carriers. The accepted mask differs per carrier instance. Output-shape analysis in the fast::sin carrier resolves the rejected values: bit 1 SET (60 values) makes the SFU produce nothing; (v & 0xd7) == 0x13 (4 values) sign-flips one row; 122 values drop the quadrant correction for the range-reduced row. So in this lowering opsel is part of the SFU argument-reduction control, not a generic select.  ALSO: accepted set: (value & 0xd5) == 0x05 | outcomes not_written=128, ok=7, silent_zero=116, wrong_value=4 | carrier u64eq, anchor +50, 2 agreeing captures (gate RSH) | byte+2, strongly constrained and the only field in the family that FAULTS on half its range in the SFU carriers. The accepted mask differs per carrier instance. Output-shape analysis in the fast::sin carrier resolves the rejected values: bit 1 SET (60 values) makes the SFU produce nothing; (v & 0xd7) == 0x13 (4 values) sign-flips one row; 122 values drop the quadrant correction for the range-reduced row. So in this lowering opsel is part of the SFU argument-reduction control, not a generic select.
n2_op6	src_desc	hardware-run	G17P	EXP-0157	accepted set: (value & 0x7e) == 0x08 | outcomes ok=3, wrong_value=252 | carrier sfumix, anchor +60, 2 agreeing captures (gate RSH)  ALSO: accepted set: (value & 0x7e) == 0x04 | outcomes ok=3, silent_zero=2, wrong_value=250 | carrier sfusin, anchor +68, 2 agreeing captures (gate RSH)  ALSO: accepted set: (value & 0x7e) == 0x00 | outcomes ok=3, wrong_value=252 | carrier u64eq, anchor +50, 2 agreeing captures (gate RSH)
n2_op8	opsel	hardware-run	M4	EXP-0146|EXP-0166	Dense 0..255, 254 comparable (2 innocent-victim), one value (0x87) disagreed across the gated runs. Accept-set is the singleton {0x49}: 91 silent zeros, 152 wrong values, 10 faults. ⚠ TARGET NOTE: `n2_op8` has NO CARRIER ON G17P — EXP-0157 found zero occurrences across 59 own-MSL programs in two provocation rounds, including 20 SFU-family programs. This M4/G16G row is the only hardware evidence for the field and G17P can neither confirm nor refute it. Clean-room rule 5 respected: only the accept/reject envelope is recorded, never the SFU range-reduction recipe.
n2_op8	srcA_desc	hardware-run	M4	EXP-0146|EXP-0166	Dense 0..255, one value (0x00) disagreed across the gated runs. Accept-set is the singleton {0xc2}: 224 silent zeros and 31 wrong values. ⚠ Same target note as `n2_op8.opsel`: no carrier exists on G17P. ⚠ A7-adjacent caution: this is a source DESCRIPTOR with a singleton accept-set, so it is typed `raw` and escapes A7's literal scope, but the same limitation applies — 'only 0xc2 works here' is not a source-operand map. Clean-room rule 5 respected.
n3_mov	companion	hardware-run	G17P	EXP-0174	db.json calls this a 'companion / second-operand descriptor' whose value 0x01 with subform 0x00 is 'the ZERO-EXTEND high-half-zero companion'. That reading is superseded for the MOVE sub-form: 0x01 does not zero anything, it selects the high half as the destination. PARTIAL REFUTATION of this experiment's frozen H4, recorded: H4 said byte+3 >= 2 must not write; measured, 0x20/0x40/0x80 write exactly like 0x00 and 0x08/0x10 write zero. The X/b3hi falsifier caught it.
n3_mov	dst	hardware-run	G17P	EXP-0174	CORRECTS EXP-0168, which reported 'a write whose 4-bit destination nibble is 15 is discarded, and the slot reads 0'. That experiment's read-back path used r15 as its device_store index register and emitted mov_imm(15, 0) immediately before EVERY store, including the one whose data_reg was 15, so r15 was zeroed one instruction before it was read and could not read anything else. Here, in the register plan whose index register is r7, r15 both holds its mov_imm seed (121) and is written correctly by dst = 15. The blind slot of each plan is excluded explicitly and is covered by the other plan.
n3_mov	srcA_reg	hardware-run	G17P	EXP-0174	DB DEFECT DEF-0174-1. db.json declares srcA_reg = bits 0..6 of byte+1 (instruction bits 8..14) and srcA_uni = bit 7. Measured, the register field is byte+1 bits 1..7 and bit 0 is the source-half select -- the modelled field is shifted by one bit, so an emitter following db.json writes the register number into the wrong bits and gets r[S/2] with a half-select it did not intend. Source registers 16..63 read as 0 in this carrier (192 of 192 cases, both plans, both runs); that is a property of a carrier that allocates 16 GPRs, not a property of the field.
n3_mov	subform	hardware-run	G17P	EXP-0174	PARTIAL REFUTATION OF THIS EXPERIMENT'S OWN FROZEN MODEL, recorded rather than smoothed: PRE_REGISTRATION.md H3 froze the move mask as (b2 & 0x03) == 1 and (b2 & 0xE0) == 0, i.e. 8 values. The 65536-case cross-product shows bit 5 is FREE, so the mask is (b2 & 0xC0) == 0 and there are 16 move values. The X/b2hi falsifier caught it independently: byte+2 = 0x21 moves, and it was pre-registered as a value that must not. Bits 2 and 4 are don't-care for the move. The generation arms used byte+2 = 0x01, which is inside both the frozen and the corrected mask, so no generated result depends on this correction.
pack_convert	b7	hardware-run	G17P	EXP-0168	100.000% agreement over 256 shared values, 188 moved vs 0 disagreements (infx), ladder and falsifier passed in every run
pack_convert	cvt_enable	hardware-run	M4	EXP-0144	Derived from the rv01 REVALIDATION only. Compared against the contaminated run03/run05 on 2312 measurements: 2 overturned by the majority vote (0.09%); where they disagree the revalidation wins. FIELD-MODEL CORRECTION (EXP-0144, HW): the former 40-bit raw `fmt_word` is five located bytes -- byte+5 = lane-0 SOURCE register (reg<<2, bits 0-1 don't-care); byte+6 = lane-1 SOURCE register (reg<<3, bits 1-2 don't-care, bit0 = 0); byte+7 rule (v & 0xfb) == 0x50, recovered by the rv01 revalidation where run03 lost it to two genuine hangs; byte+8 = conversion enable (bits 2 and 6 both set); byte+9 = FORMAT selector (bits 2-3 don't-care). Without this split an emitter following db.json cannot choose the pack format or either source register.
pack_convert	dst	hardware-run	M4	EXP-0144	Derived from the rv01 REVALIDATION only. Compared against the contaminated run03/run05 on 500 measurements: 5 overturned by the majority vote (1.00%); where they disagree the revalidation wins. OPERAND-ROLE CORRECTION (EXP-0144, HW): byte+3 is the DESTINATION register (reg<<1, bit0 don't-care) -- sweeping it redirects the result into 6 distinct observed registers, an identical map to cvt_i2f/cvt_f2i `dst`. Same bits, same sweep; the NAME was wrong.
pack_convert	fmt_sel	hardware-run	M4	EXP-0144	Derived from the rv01 REVALIDATION only. Compared against the contaminated run03/run05 on 2312 measurements: 2 overturned by the majority vote (0.09%); where they disagree the revalidation wins. FIELD-MODEL CORRECTION (EXP-0144, HW): the former 40-bit raw `fmt_word` is five located bytes -- byte+5 = lane-0 SOURCE register (reg<<2, bits 0-1 don't-care); byte+6 = lane-1 SOURCE register (reg<<3, bits 1-2 don't-care, bit0 = 0); byte+7 rule (v & 0xfb) == 0x50, recovered by the rv01 revalidation where run03 lost it to two genuine hangs; byte+8 = conversion enable (bits 2 and 6 both set); byte+9 = FORMAT selector (bits 2-3 don't-care). Without this split an emitter following db.json cannot choose the pack format or either source register.
pack_convert	mode	hardware-run	M4	EXP-0144	Derived from the rv01 REVALIDATION only. Compared against the contaminated run03/run05 on 512 measurements: 0 overturned by the majority vote (0.00%); where they disagree the revalidation wins.
pack_convert	src_desc	hardware-run	M4	EXP-0144	Derived from the rv01 REVALIDATION only. Compared against the contaminated run03/run05 on 512 measurements: 0 overturned by the majority vote (0.00%); where they disagree the revalidation wins.
pack_convert	src_lane0	hardware-run	M4	EXP-0144	Derived from the rv01 REVALIDATION only. Compared against the contaminated run03/run05 on 2312 measurements: 2 overturned by the majority vote (0.09%); where they disagree the revalidation wins. FIELD-MODEL CORRECTION (EXP-0144, HW): the former 40-bit raw `fmt_word` is five located bytes -- byte+5 = lane-0 SOURCE register (reg<<2, bits 0-1 don't-care); byte+6 = lane-1 SOURCE register (reg<<3, bits 1-2 don't-care, bit0 = 0); byte+7 rule (v & 0xfb) == 0x50, recovered by the rv01 revalidation where run03 lost it to two genuine hangs; byte+8 = conversion enable (bits 2 and 6 both set); byte+9 = FORMAT selector (bits 2-3 don't-care). Without this split an emitter following db.json cannot choose the pack format or either source register.
pack_convert	src_lane1	hardware-run	M4	EXP-0144	Derived from the rv01 REVALIDATION only. Compared against the contaminated run03/run05 on 2312 measurements: 2 overturned by the majority vote (0.09%); where they disagree the revalidation wins. FIELD-MODEL CORRECTION (EXP-0144, HW): the former 40-bit raw `fmt_word` is five located bytes -- byte+5 = lane-0 SOURCE register (reg<<2, bits 0-1 don't-care); byte+6 = lane-1 SOURCE register (reg<<3, bits 1-2 don't-care, bit0 = 0); byte+7 rule (v & 0xfb) == 0x50, recovered by the rv01 revalidation where run03 lost it to two genuine hangs; byte+8 = conversion enable (bits 2 and 6 both set); byte+9 = FORMAT selector (bits 2-3 don't-care). Without this split an emitter following db.json cannot choose the pack format or either source register.
packed_half2_hi	dst	hardware-run	G17P	EXP-0162	EXP-0144 reported this field `untested` because it gave byte0 only a bounded 24-value probe. Sweeping ONLY the high nibble covers the field exhaustively without touching the length. Outcomes: {'wrong_value': 15, 'not_written': 1}. detection power: the MODE-A synthesis is scored against a host oracle that PREDICTS THE HIGH LANE ONLY; 212 of 1304 cases fault and one dst value leaves the read-back word at its 0xDEADBEEF poison, which is a strictly stronger observation than a zero.
pixel_order	b5	hardware-run	M4	EXP-0147	Fully splice-inert: all 256 values correct on BOTH the acquire and the release member.
pixel_order	flags	hardware-run	M4	EXP-0147	ACQUIRE: correct iff bit0==0 AND (v & 0x0e)!=0 (112/256). RELEASE: correct iff (v & 0x0f)>=2 (224/256). byte+4 is therefore a REAL field with a large legal set, NOT the constant 0x06 that db.json's match clause pins it to - see db_defects.
pixel_order	scope	hardware-run	M4	EXP-0147	ACQUIRE member: correct iff bit4==1 AND (bit6 XOR bit7)==1 (64/256, baseline 0x50). RELEASE member: correct iff bit4==1 AND bit7==1 (64/256, baseline 0xd0). Low nibble don't-care in both. This settles db.json's open note 'scope {0x50,0xd0}, bit7 differs' with the full accepted set.
pop_reconverge	scope_kind	hardware-run	M4	EXP-0140	256/256 values executed (0 skipped by the hang budget); 256 comparable across the two gated runs (pairs where either side failed its integrity check or was skipped are excluded), 256 of those identical
psel	flag	hardware-run	M4	EXP-0140	512/512 comparable values reproduced identically across both gated runs (of 512 swept)
psel	mode	hardware-run	M4	EXP-0140	511/511 comparable values reproduced identically across both gated runs (of 512 swept)
psel	sel	hardware-run	M4	EXP-0140	512/512 comparable values reproduced identically across both gated runs (of 512 swept)
reg_move_cb	b3	hardware-run	G17P	EXP-0169	moved on 2 of 2 ladder-passing carriers
reg_move_cb	dst	hardware-run	G17P	EXP-0169|EXP-0183	RULING SUPPLIED, same reason as falu2_uni.dst: deferred to EXP-0168, which never filed a row. Re-derived by EXP-0183 from EXP-0169's raw.
reg_move_cb	form	hardware-run	G17P	EXP-0169|EXP-0181|EXP-0183	RE-SPANNED by EXP-0181 (bits 16..23 -> 20..23) and RE-DERIVED from EXP-0169's raw by EXP-0183. The old row's counts (256 dispatched / 256 distinct / encodable 256) counted 240 values that encode a DIFFERENT instruction, because this descriptor's own match pins byte+2's low nibble to 0xb. Honest counts are 16/16/16. The corpus emits only form 1, 2 and 3.
reg_move_cb	src	hardware-run	G17P	EXP-0169	moved on 2 of 2 ladder-passing carriers
ret	linkmode	hardware-run	G17P	EXP-0156|EXP-0179|EXP-0192	EXP-0192: survived the fault-as-movement criterion as Case A, but ONLY because a second arm exists. Its twin `ret_luse.linkmode` has identical label, range and bucket and NO second arm anywhere in the corpus -- the two were never equally supported.
ret_luse	tail	hardware-run	G17P	EXP-0156	2 values skipped as known-hang exclusions
rtq_state_move	dst	hardware-run	G17P	EXP-0157	outcomes ok=13, silent_zero=1, wrong_value=1 | carrier rq_cdist, anchor +1534, 2 agreeing captures (gate RSH)  ALSO: outcomes ok=14, silent_zero=1 | carrier rq_mtype, anchor +1556, 2 agreeing captures (gate RSH)  ALSO: outcomes ok=13, silent_zero=2 | carrier rq_all, anchor +142, 2 agreeing captures (gate B2)
rtq_state_move	src	hardware-run	G17P	EXP-0157	outcomes ok=39, silent_zero=4, wrong_value=212 | carrier rq_cdist, anchor +1534, 2 agreeing captures (gate RSH) | byte+1 IS a per-instance operand in rq_cdist -- only 39 of 256 values reproduce the oracle and 212 return a DIFFERENT value, the signature of a real register read. In rq_mtype and bb_commit the same field is almost entirely inert, so the claim is carrier-scoped.  ALSO: outcomes ok=251, silent_zero=4 | carrier rq_mtype, anchor +1556, 2 agreeing captures (gate RSH) | byte+1 IS a per-instance operand in rq_cdist -- only 39 of 256 values reproduce the oracle and 212 return a DIFFERENT value, the signature of a real register read. In rq_mtype and bb_commit the same field is almost entirely inert, so the claim is carrier-scoped.  ALSO: outcomes ok=251, silent_zero=4 | carrier rq_all, anchor +142, 2 agreeing captures (gate B2) | byte+1 IS a per-instance operand in rq_cdist -- only 39 of 256 values reproduce the oracle and 212 return a DIFFERENT value, the signature of a real register read. In rq_mtype and bb_commit the same field is almost entirely inert, so the claim is carrier-scoped.
sel	b1	hardware-run	M4	EXP-0140	db.json models `body` as one opaque 24-bit raw field; it is three located byte-fields. 255/128 byte+3 values >=0x80 and 1/128 values <0x80 matched their host-computed oracle exactly. FIELD-MODEL CORRECTION (EXP-0140, HW): `body` is not an opaque 24-bit field. byte+3 is the predicate-FALSE operand (bit7 = immediate flag, value = the byte itself; 255 immediate matches vs 1 in the register region); byte+1 and byte+2 are operand/predicate source selectors with distinct outcome classes over their full 256-value range. Same bits, same sweep; only the field boundary changed.
sel	b2	hardware-run	M4	EXP-0140	db.json models `body` as one opaque 24-bit raw field; it is three located byte-fields. 255/128 byte+3 values >=0x80 and 1/128 values <0x80 matched their host-computed oracle exactly. FIELD-MODEL CORRECTION (EXP-0140, HW): `body` is not an opaque 24-bit field. byte+3 is the predicate-FALSE operand (bit7 = immediate flag, value = the byte itself; 255 immediate matches vs 1 in the register region); byte+1 and byte+2 are operand/predicate source selectors with distinct outcome classes over their full 256-value range. Same bits, same sweep; only the field boundary changed.
sel	selFalse	hardware-run	M4	EXP-0140	db.json models `body` as one opaque 24-bit raw field; it is three located byte-fields. 255/128 byte+3 values >=0x80 and 1/128 values <0x80 matched their host-computed oracle exactly. FIELD-MODEL CORRECTION (EXP-0140, HW): `body` is not an opaque 24-bit field. byte+3 is the predicate-FALSE operand (bit7 = immediate flag, value = the byte itself; 255 immediate matches vs 1 in the register region); byte+1 and byte+2 are operand/predicate source selectors with distinct outcome classes over their full 256-value range. Same bits, same sweep; only the field boundary changed.
sfu_marker	b0_hi	hardware-run	G16G+G17P	EXP-0146|EXP-0157|EXP-0165	NEW FIELD, added to db.json by EXP-0165. The descriptor previously claimed a byte-INVARIANT token with ZERO fields, so no evidence about it could be recorded at all. Measured: byte+0 accepts only (v & 0xF7) == 0x06 (2 of 256) -- 62 values return a WRONG value and 192 silently zero -- so within this 5-bit field only its bit 0 (byte bit 3) is free and bits 4-7 of the byte must be 0. Setting byte+0 to 0x00 FLIPS THE SIGN of fast::sin on exactly the rows whose argument requires range reduction (|x| > pi/2), leaving the small-argument rows correct: at least one live bit is a quadrant/sign control.
sfu_marker	b1_hi	hardware-run	G16G+G17P	EXP-0146|EXP-0157|EXP-0165	NEW FIELD, added to db.json by EXP-0165. byte+1 accepts only (v & 0x13) == 0x02 (32 of 256), so bits 2, 3, 5, 6 and 7 of the byte are free and bit 4 (this field's bit 2) must be 0. Both bytes of this 'byte-invariant marker' are load-bearing.
shift_amt_move	dst	hardware-run	G17P	EXP-0154	carrier SYNTH+LIFTED:k_rot_var@shift_amt_move[76:80]; outcomes {'ok': 1, 'wrong_value': 14, 'silent_zero': 1}; ok at {0x0}
shift_amt_move	kind	hardware-run	G17P	EXP-0146|EXP-0154|EXP-0181	**NOT RE-DERIVED BY EXP-0183** -- carried through verbatim from EXP-0181's analysis/orphaned_validation_rows.json so the re-span is not lost, and flagged as such. Its span moved (16..23 -> 20..23) and the CURRENT row carries no start/width, so merge_verdicts' span guard CANNOT protect it: its recorded 'ok at {0x14, 0x1c, 0x34, 0x3c}' mixes two value spaces (0x14 and 0x34 are not legal under this descriptor's match at all). Target should be G16G+G17P, and G17P's accept set is a strict SUBSET of M4's -- worth stating rather than merging.
shift_amt_move	op_desc	hardware-run	G17P	EXP-0154	carrier SYNTH+LIFTED:k_rot_var@shift_amt_move[76:80]; outcomes {'wrong_value': 252, 'ok': 4}; ok at {0x4-0x5, 0x84-0x85}
shift_amt_move	src_reg	hardware-run	G17P	EXP-0154	carrier SYNTH+LIFTED:k_rot_var@shift_amt_move[76:80]; outcomes {'ok': 2, 'wrong_value': 123}; ok at {0x0-0x1}
simd_ballot	dst	isolated-byte-diff	G17P	EXP-0155	swept 195/256 of the frozen value set in both runs (incomplete: a hang/deadline budget stopped it); the values that did run agree across both runs
simd_ballot	form_sig	isolated-byte-diff	G17P	EXP-0155	swept 35/65 of the frozen value set in both runs (incomplete: a hang/deadline budget stopped it); the values that did run agree across both runs
simd_reduce	dst	isolated-byte-diff	G17P	EXP-0155	swept 195/256 of the frozen value set in both runs (incomplete: a hang/deadline budget stopped it); the values that did run agree across both runs
simd_shuffle	dst	isolated-byte-diff	G17P	EXP-0155	1/195 values disagree between the two gated runs; validated at points, not over a range
simd_shuffle	lane	hardware-run	M4	EXP-0104|EXP-0115|EXP-0163-g17p-inert-liveness|EXP-0172-g17p-onefield-tail	Out-of-range behaviour is NOT uniform across the family and NOT a wraparound: dynamic simd_shuffle aliases idx>=32 as (idx & 0x1C); the STATIC single-instruction form instead returns a HARD ZERO; simd_shuffle_xor and quad_shuffle hard-zero in both forms. | EXP-0189 citation repair: the records supporting this row live in EXP-0163-g17p-inert-liveness, EXP-0172-g17p-onefield-tail; the original citation EXP-0104, EXP-0115 has no per-value records for it. Both are kept -- the stale one is where the claim came from, the new one is where the evidence is.
simd_shuffle	mode	isolated-byte-diff	A18	EXP-0018|EXP-0163-g17p-inert-liveness|EXP-0172-g17p-onefield-tail|EXP-O2D	EXP-0189 citation repair: the records supporting this row live in EXP-0163-g17p-inert-liveness, EXP-0172-g17p-onefield-tail; the original citation EXP-0018, EXP-O2D has no per-value records for it. Both are kept -- the stale one is where the claim came from, the new one is where the evidence is.
simd_shuffle	rsv9	hardware-run	G17P	EXP-0163	LIVE: moved the observation on 2 arm(s) across stype. Inert on sball, scache, sdiv, stype -- i.e. the EXP-0155 null was CARRIER-LIMITED, not a property of the silicon.
sr_read_wide	dst	hardware-run	G17P	EXP-0157	outcomes silent_zero=15 | carrier rq_cdist, anchor +328, 2 agreeing captures (gate RSH) | Destination nibble. PINNED in all three carriers: no value other than the compiler's own reproduces the getter's result, because the following code reads exactly that register. An emitter cannot choose the destination from this evidence.  ALSO: outcomes silent_zero=15 | carrier rq_cprim, anchor +328, 2 agreeing captures (gate RSH) | Destination nibble. PINNED in all three carriers: no value other than the compiler's own reproduces the getter's result, because the following code reads exactly that register. An emitter cannot choose the destination from this evidence.  ALSO: outcomes silent_zero=15 | carrier rq_all, anchor +808, 2 agreeing captures (gate B2) | Destination nibble. PINNED in all three carriers: no value other than the compiler's own reproduces the getter's result, because the following code reads exactly that register. An emitter cannot choose the destination from this evidence.
sr_read_wide	marshal	hardware-run	G17P	EXP-0157	outcomes ok=82 | carrier rq_cdist, anchor +328, 2 agreeing captures (gate RSH) | HW-TESTED INERT, both constituent bytes dense. | HW-TESTED INERT in this carrier: every value reproduced the carrier's oracle exactly. Inert here does NOT mean don't-care in general.  ALSO: outcomes ok=82 | carrier rq_cprim, anchor +328, 2 agreeing captures (gate RSH) | HW-TESTED INERT, both constituent bytes dense. | HW-TESTED INERT in this carrier: every value reproduced the carrier's oracle exactly. Inert here does NOT mean don't-care in general.  ALSO: outcomes ok=82 | carrier rq_all, anchor +808, 2 agreeing captures (gate B2) | HW-TESTED INERT, both constituent bytes dense. | HW-TESTED INERT in this carrier: every value reproduced the carrier's oracle exactly. Inert here does NOT mean don't-care in general. [orchestrator: every swept value returned the correct oracle on all 3 carriers ['rq_all', 'rq_cdist', 'rq_cprim']; emitter-grade only within that envelope.]
sr_read_wide	operand	hardware-run	G17P	EXP-0157	outcomes ok=255 | carrier rq_cdist, anchor +328, 2 agreeing captures (gate RSH) | HW-TESTED INERT across all 256 values in both candidate-getter carriers. | HW-TESTED INERT in this carrier: every value reproduced the carrier's oracle exactly. Inert here does NOT mean don't-care in general.  ALSO: outcomes ok=255 | carrier rq_cprim, anchor +328, 2 agreeing captures (gate RSH) | HW-TESTED INERT across all 256 values in both candidate-getter carriers. | HW-TESTED INERT in this carrier: every value reproduced the carrier's oracle exactly. Inert here does NOT mean don't-care in general.  ALSO: outcomes ok=255 | carrier rq_all, anchor +808, 2 agreeing captures (gate B2) | HW-TESTED INERT across all 256 values in both candidate-getter carriers. | HW-TESTED INERT in this carrier: every value reproduced the carrier's oracle exactly. Inert here does NOT mean don't-care in general. [orchestrator: every swept value returned the correct oracle on all 3 carriers ['rq_all', 'rq_cdist', 'rq_cprim']; emitter-grade only within that envelope.]
sr_read_wide	phase	hardware-run	G17P	EXP-0157	outcomes ok=255 | carrier rq_cdist, anchor +328, 2 agreeing captures (gate RSH) | HW-TESTED INERT across all 256 values in both candidate-getter carriers. db.json reads byte+7 0x80 as the CANDIDATE-vs-COMMITTED selector; that is not observable here. | HW-TESTED INERT in this carrier: every value reproduced the carrier's oracle exactly. Inert here does NOT mean don't-care in general.  ALSO: outcomes ok=255 | carrier rq_cprim, anchor +328, 2 agreeing captures (gate RSH) | HW-TESTED INERT across all 256 values in both candidate-getter carriers. db.json reads byte+7 0x80 as the CANDIDATE-vs-COMMITTED selector; that is not observable here. | HW-TESTED INERT in this carrier: every value reproduced the carrier's oracle exactly. Inert here does NOT mean don't-care in general.  ALSO: outcomes ok=255 | carrier rq_all, anchor +808, 2 agreeing captures (gate B2) | HW-TESTED INERT across all 256 values in both candidate-getter carriers. db.json reads byte+7 0x80 as the CANDIDATE-vs-COMMITTED selector; that is not observable here. | HW-TESTED INERT in this carrier: every value reproduced the carrier's oracle exactly. Inert here does NOT mean don't-care in general. [orchestrator: every swept value returned the correct oracle on all 3 carriers ['rq_all', 'rq_cdist', 'rq_cprim']; emitter-grade only within that envelope.]
sr_read_wide	sel	hardware-run	G17P	EXP-0157	accepted set: (value & 0x87) == 0x01 | outcomes ok=15, silent_zero=112 | carrier rq_cdist, anchor +328, 2 agreeing captures (gate RSH) | byte+1 bits 0-6. Load-bearing but NOT the property selector: the low three bits must be 0b001 and bits 3-6 are don't-care, so 16 different values all return the correct property. Differential compilation locates the actual ray-query property selector at rt_ray_mem byte+10 (0xc4 barycentric.x / 0xc6 barycentric.y / 0xc8 triangle distance).  ALSO: accepted set: (value & 0x87) == 0x01 | outcomes ok=15, silent_zero=112 | carrier rq_cprim, anchor +328, 2 agreeing captures (gate RSH) | byte+1 bits 0-6. Load-bearing but NOT the property selector: the low three bits must be 0b001 and bits 3-6 are don't-care, so 16 different values all return the correct property. Differential compilation locates the actual ray-query property selector at rt_ray_mem byte+10 (0xc4 barycentric.x / 0xc6 barycentric.y / 0xc8 triangle distance).  ALSO: accepted set: (value & 0x87) == 0x01 | outcomes ok=15, silent_zero=112 | carrier rq_all, anchor +808, 2 agreeing captures (gate B2) | byte+1 bits 0-6. Load-bearing but NOT the property selector: the low three bits must be 0b001 and bits 3-6 are don't-care, so 16 different values all return the correct property. Differential compilation locates the actual ray-query property selector at rt_ray_mem byte+10 (0xc4 barycentric.x / 0xc6 barycentric.y / 0xc8 triangle distance).
sr_read_wide	width	hardware-run	G17P	EXP-0157	accepted set: (value & 0xce) == 0x06 | outcomes fault=32, ok=7, silent_zero=216 | carrier rq_cdist, anchor +328, 2 agreeing captures (gate RSH) | byte+2. Load-bearing: only a masked subset reproduces the result and 32 of 256 values FAULT. The constraint shared by both carriers is (v & 0x8e) == 0x06; bit 6 varies per instance.  ALSO: accepted set: (value & 0xce) == 0x46 | outcomes fault=32, ok=7, silent_zero=216 | carrier rq_cprim, anchor +328, 2 agreeing captures (gate RSH) | byte+2. Load-bearing: only a masked subset reproduces the result and 32 of 256 values FAULT. The constraint shared by both carriers is (v & 0x8e) == 0x06; bit 6 varies per instance.  ALSO: accepted set: (value & 0xcf) == 0x46 | outcomes fault=16, ok=3, silent_zero=236 | carrier rq_all, anchor +808, 2 agreeing captures (gate B2) | byte+2. Load-bearing: only a masked subset reproduces the result and 32 of 256 values FAULT. The constraint shared by both carriers is (v & 0x8e) == 0x06; bit 6 varies per instance.
tex_coord_setup	b5	hardware-run	G17P	EXP-0163	LIVE: moved the observation on 8 arm(s) across bits, fclass, ms4out, sball, vhalf, vsrc. Inert on fclass -- i.e. the EXP-0155 null was CARRIER-LIMITED, not a property of the silicon.
tex_coord_setup	b6	hardware-run	G17P	EXP-0163	LIVE: moved the observation on 4 arm(s) across ms4out, vhalf, vsrc. Inert on bits, fclass, sball -- i.e. the EXP-0155 null was CARRIER-LIMITED, not a property of the silicon.
tex_coord_setup	b8	hardware-run	G17P	EXP-0163	LIVE: moved the observation on 4 arm(s) across ms4out, vhalf, vsrc. Inert on bits, fclass, sball -- i.e. the EXP-0155 null was CARRIER-LIMITED, not a property of the silicon.
tex_coord_setup	idx	hardware-run	G17P	EXP-0163	LIVE: moved the observation on 1 arm(s) across vsrc. Inert on bits, fclass, ms4out, sball, vhalf, vsrc -- i.e. the EXP-0155 null was CARRIER-LIMITED, not a property of the silicon.
tex_deriv	axis	isolated-byte-diff	A18	EXP-0016|EXP-0172-g17p-onefield-tail	Fine-vs-coarse derivative decode is an open follow-up. | EXP-0189 citation repair: the records supporting this row live in EXP-0172-g17p-onefield-tail; the original citation EXP-0016 has no per-value records for it. Both are kept -- the stale one is where the claim came from, the new one is where the evidence is.
tex_sample	chain	hardware-run	G17P	EXP-0155	[orchestrator: representative arm re-pointed from tex_sample@t1_0 to tex_sample@lo_1, where the field is demonstrably live (15/15 of 16 moved, 100.0% cross-run agreement); the original arm showed it inert.]
tex_sample	comp_flags	hardware-run	G17P	EXP-0155	[orchestrator: representative arm re-pointed from tex_sample@t1_0 to tex_sample@lo_1, where the field is demonstrably live (14/14 of 16 moved, 100.0% cross-run agreement); the original arm showed it inert.]
tex_sample	coord	hardware-run	G17P	EXP-0172	LIVE. An operand byte (reg << 1) | is32: the moved set is reproduced with ZERO exceptions by (v & 1) and ((v >> 1) mod 16) in {6, 8, 10, 14}. Pointing the coordinate at a register the program does not keep live yields a SILENT unchanged result, never a fault. EXP-0155's 73-93 % cross-run instability is resolved: on derivative-free carriers the per-value partition is 100 % reproducible across runs.
tex_sample	kind	hardware-run	G17P	EXP-0155	[orchestrator: representative arm re-pointed from tex_sample@t1_0 to tex_sample@lo_1, where the field is demonstrably live (15/15 of 16 moved, 100.0% cross-run agreement); the original arm showed it inert.]
tex_sample	lod_present	hardware-run	G17P	EXP-0155	[orchestrator: representative arm re-pointed from tex_sample@t1_0 to tex_sample@lo_0, where the field is demonstrably live (128/128 of 256 moved, 100.0% cross-run agreement); the original arm showed it inert.]
tex_sample	result_desc	isolated-byte-diff	A18	EXP-0034|EXP-0172-g17p-onefield-tail	EXP-0189 citation repair: the records supporting this row live in EXP-0172-g17p-onefield-tail; the original citation EXP-0034 has no per-value records for it. Both are kept -- the stale one is where the claim came from, the new one is where the evidence is.
tex_sample	result_sel	hardware-run	G17P	EXP-0155	[orchestrator: representative arm re-pointed from tex_sample@t1_0 to tex_sample@t1_2, where the field is demonstrably live (252/252 of 256 moved, 100.0% cross-run agreement); the original arm showed it inert.]
tex_sample	samp_extra	hardware-run	G17P	EXP-0155	[orchestrator: representative arm re-pointed from tex_sample@t1_0 to tex_sample@lo_1, where the field is demonstrably live (128/128 of 256 moved, 100.0% cross-run agreement); the original arm showed it inert.]
tex_sample	samp_slot_offset	isolated-byte-diff	M4+A18	EXP-0016|EXP-0034|EXP-0106|EXP-0172-g17p-onefield-tail	Gather offset is a signed [-8,7] per-axis field, HW-confirmed affine and alias-free at all 12 boundary/corner points, and accepts a genuinely dynamic per-lane offset (EXP-0106). | EXP-0189 citation repair: the records supporting this row live in EXP-0172-g17p-onefield-tail; the original citation EXP-0016, EXP-0034, EXP-0106 has no per-value records for it. Both are kept -- the stale one is where the claim came from, the new one is where the evidence is.
tex_sample	tex_slot	hardware-run	M4	EXP-0016|EXP-0114|EXP-0172-g17p-onefield-tail	RETRACTION: op+4 is NOT a stable per-texture binding index. Textures declared at MSL indices 5/50/100 produce op4 sequence [0,128,0] - it names a short-lived compiler-assigned register/uniform slot. Field is 4 bits (upper nibble); the lower nibble is PROVABLY INERT. All 14 unpopulated nibble values are a deterministic SILENT ZERO - never a fault, never an alias. The real 0..127 binding-index selector lives in a still-UNDECODED preceding pointer-load. | EXP-0189 citation repair: the records supporting this row live in EXP-0172-g17p-onefield-tail; the original citation EXP-0114, EXP-0016 has no per-value records for it. Both are kept -- the stale one is where the claim came from, the new one is where the evidence is.
tex_sample	tex_type	hardware-run	G17P	EXP-0155	[orchestrator: representative arm re-pointed from tex_sample@t1_0 to tex_sample@lo_2, where the field is demonstrably live (254/254 of 256 moved, 100.0% cross-run agreement); the original arm showed it inert.]
tex_sample	variant	hardware-run	M4+A18	EXP-0016|EXP-0034|EXP-0172-g17p-onefield-tail|EXP-M4-10	EXP-0189 citation repair: the records supporting this row live in EXP-0172-g17p-onefield-tail; the original citation EXP-0016, EXP-0034, EXP-M4-10 has no per-value records for it. Both are kept -- the stale one is where the claim came from, the new one is where the evidence is.
tex_write	coord_pack	isolated-byte-diff	G17P	EXP-0155	2/256 values disagree between the two gated runs; validated at points, not over a range
uniform_mov	dst	hardware-run	G17P	EXP-0168	100.000% agreement over 224 shared values, 214 moved vs 0 disagreements (infx), ladder and falsifier passed in every run
uniform_mov	usrc	hardware-run	M4	EXP-0140	128/128 immediate-region values matched their host-computed oracle exactly; 8/8 mapped uniform indices returned the bound magic constant
unpack_convert	dst	hardware-run	G17P	EXP-0168	100.000% agreement over 256 shared values, 188 moved vs 0 disagreements (infx), ladder and falsifier passed in every run
unpack_convert	inert4	hardware-run	M4	EXP-0144	Derived from the rv01 REVALIDATION only. Compared against the contaminated run03/run05 on 960 measurements: 2 overturned by the majority vote (0.21%); where they disagree the revalidation wins. FIELD-MODEL CORRECTION (EXP-0144, HW): the former 32-bit raw `convert_desc` is four located bytes -- byte+3 = DESTINATION register (3 distinct registers observed); byte+4 COMPLETELY INERT over all 256 values; byte+5 = SOURCE register (reg<<3, bits 0-2 don't-care); byte+6 = opcode/descriptor (bits 0,2 == 0,1 exactly). Neither operand register was reachable from db.json before this split.
vary_slot	slot	hardware-run	G17P	EXP-0172	LIVE, but only bit 2 and only on one of four carriers. All 128 values with bit 2 set move the observation; all 128 with it clear do not; the other seven bits -- including bits 5-6, where the COMPILER encodes the varying index -- did nothing on any carrier (DEF-0172-3). An implementer should treat vary_store.out_slot as the slot lever, per EXP-0155.
vary_store	hint6	hardware-run	G17P	EXP-0163	LIVE: moved the observation on 7 arm(s) across vflat, vhalf, vmany, vsrc. Inert on vclip, vmany -- i.e. the EXP-0155 null was CARRIER-LIMITED, not a property of the silicon.
vary_store	out_slot	isolated-byte-diff	A18	EXP-0037|EXP-0163-g17p-inert-liveness|EXP-0168-g17p-dst-resweep	Position vs varying is the SLOT RANGE, not a distinct opcode. | EXP-0189 citation repair: the records supporting this row live in EXP-0163-g17p-inert-liveness, EXP-0168-g17p-dst-resweep; the original citation EXP-0037 has no per-value records for it. Both are kept -- the stale one is where the claim came from, the new one is where the evidence is.
vary_store	src	isolated-byte-diff	A18	EXP-0037|EXP-0163-g17p-inert-liveness|EXP-0168-g17p-dst-resweep	EXP-0189 citation repair: the records supporting this row live in EXP-0163-g17p-inert-liveness, EXP-0168-g17p-dst-resweep; the original citation EXP-0037 has no per-value records for it. Both are kept -- the stale one is where the claim came from, the new one is where the evidence is.
vtx_coord_xform	mode	hardware-run	M4	EXP-0147	Correct exactly when (mode & 0xf3) in {0x22,0xe2} (8/256, baseline 0x22). 240 of 256 values SUPPRESS THE DRAW ENTIRELY (no_draw, confirmed twice with a healthy device in between); 8 give a wrong pixel.
vtx_coord_xform	sel	isolated-byte-diff	M4	EXP-0147	91 of 256 correct, 143 no_draw, 19 genuine 'Caused GPU Hang Error' faults, 1 wrong value. Intra-run 255/256 stable.
