# iotrace init pid=84170 dump_dir=/Users/user/asahi_re/public/agx-re/experiments/EXP-0042-graphics-code-selection/raw/run_ab_p0/maps max_struct=65536 max_map=4194304 dump_atexit=0 n_dump_sel=0 only_conn=0x0
OPEN class=IOSurfaceRoot type=0 -> conn=1c03 ret=0x0
CALL seq=1 fn=Method conn=1c03 class=IOSurfaceRoot sel=13(0xd) inScalarCnt=0 inStructCnt=0
RET  seq=1 conn=1c03 sel=13(0xd) ret=0x0 outStructCnt=40
  OUT.struct len=40
  OUT 000000: ff3f 0000 7f00 0000 0080 0000 0000 0000 
  OUT 000010: 0040 0000 0000 0000 0040 0000 0000 0000 
  OUT 000020: 0000 0100 0000 0000                     
MEMENTRY size=0x40000 offset=0x102528000 perm=0x400001 parent=0x0 -> handle=0x1903 ret=0x0
CALL seq=2 fn=Method conn=1c03 class=IOSurfaceRoot sel=44(0x2c) inScalarCnt=1 inStructCnt=0 inScalars=[0x506]
RET  seq=2 conn=1c03 sel=44(0x2c) ret=0xe00002f0 outStructCnt=0
OPEN class=AGXAcceleratorG16G type=1048581 -> conn=2d03 ret=0x0
CALL seq=3 fn=Struct conn=2d03 class=AGXAcceleratorG16G sel=2(0x2) inScalarCnt=0 inStructCnt=0
RET  seq=3 conn=2d03 sel=2(0x2) ret=0x0 outStructCnt=536
  OUT.struct len=536
  OUT 000000: 0080 6902 0100 0000 0800 0000 0800 0000 
  OUT 000010: 0000 0000 8000 0000 0000 0000 0400 0000 
  OUT 000020: 0800 0000 0c00 0000 1000 0000 1400 0000 
  OUT 000030: 1800 0000 1c00 0000 2000 0000 2400 0000 
  OUT 000040: 2800 0000 2c00 0000 3000 0000 3400 0000 
  OUT 000050: 3800 0000 3c00 0000 4000 0000 4400 0000 
  OUT 000060: 4800 0000 4c00 0000 5000 0000 5400 0000 
  OUT 000070: 5800 0000 5c00 0000 6000 0000 6400 0000 
  OUT 000080: 6800 0000 6c00 0000 7000 0000 7400 0000 
  OUT 000090: 7800 0000 7c00 0000 8000 0000 8400 0000 
  OUT 0000a0: 8800 0000 8c00 0000 9000 0000 9400 0000 
  OUT 0000b0: 9800 0000 9c00 0000 a000 0000 a400 0000 
  OUT 0000c0: a800 0000 ac00 0000 b000 0000 b400 0000 
  OUT 0000d0: b800 0000 bc00 0000 c000 0000 c400 0000 
  OUT 0000e0: c800 0000 cc00 0000 d000 0000 d400 0000 
  OUT 0000f0: d800 0000 dc00 0000 e000 0000 e400 0000 
  OUT 000100: e800 0000 ec00 0000 f000 0000 f400 0000 
  OUT 000110: f800 0000 fc00 0000 0001 0000 0401 0000 
  OUT 000120: 0801 0000 0c01 0000 1001 0000 1401 0000 
  OUT 000130: 1801 0000 1c01 0000 2001 0000 2401 0000 
  OUT 000140: 2801 0000 2c01 0000 3001 0000 3401 0000 
  OUT 000150: 3801 0000 3c01 0000 4001 0000 4401 0000 
  OUT 000160: 4801 0000 4c01 0000 5001 0000 5401 0000 
  OUT 000170: 5801 0000 5c01 0000 6001 0000 6401 0000 
  OUT 000180: 6801 0000 6c01 0000 7001 0000 7401 0000 
  OUT 000190: 7801 0000 7c01 0000 8001 0000 8401 0000 
  OUT 0001a0: 8801 0000 8c01 0000 9001 0000 9401 0000 
  OUT 0001b0: 9801 0000 9c01 0000 a001 0000 a401 0000 
  OUT 0001c0: a801 0000 ac01 0000 b001 0000 b401 0000 
  OUT 0001d0: b801 0000 bc01 0000 c001 0000 c401 0000 
  OUT 0001e0: c801 0000 cc01 0000 d001 0000 d401 0000 
  OUT 0001f0: d801 0000 dc01 0000 e001 0000 e401 0000 
  OUT 000200: e801 0000 ec01 0000 f001 0000 f401 0000 
  OUT 000210: f801 0000 fc01 0000                     
CALL seq=4 fn=Struct conn=2d03 class=AGXAcceleratorG16G sel=0(0x0) inScalarCnt=0 inStructCnt=0
RET  seq=4 conn=2d03 sel=0(0x0) ret=0x0 outStructCnt=64
  OUT.struct len=64
  OUT 000000: 4043 0000 0000 0000 0000 0000 0000 0000 
  OUT 000010: 0000 0000 0000 0000 0200 0000 0000 0000 
  OUT 000020: 00c0 c2f5 0200 0000 0000 5238 0200 0000 
  OUT 000030: 0000 0000 0000 0000 0000 0000 0000 0000 
CALL seq=5 fn=Struct conn=2d03 class=AGXAcceleratorG16G sel=5(0x5) inScalarCnt=0 inStructCnt=0
RET  seq=5 conn=2d03 sel=5(0x5) ret=0x0 outStructCnt=32
  OUT.struct len=32
  OUT 000000: 0146 a729 0000 0000 00c0 6a02 0100 0000 
  OUT 000010: 0000 6a02 0100 0000 0040 0000 0000 0000 
CALL seq=6 fn=Method conn=1c03 class=IOSurfaceRoot sel=32(0x20) inScalarCnt=0 inStructCnt=0
RET  seq=6 conn=1c03 sel=32(0x20) ret=0x0 outScalars=[0x102524000]
CALL seq=7 fn=Struct conn=2d03 class=AGXAcceleratorG16G sel=258(0x102) inScalarCnt=0 inStructCnt=0
RET  seq=7 conn=2d03 sel=258(0x102) ret=0x0 outStructCnt=456
  OUT.struct len=456
  OUT 000000: 0000 0000 0000 0000 0000 0000 0000 0000 
  OUT 000010: 0000 0000 0000 0000 0000 0000 0000 0000 
  OUT 000020: 0000 0000 0000 0000 0000 0000 0000 0000 
  OUT 000030: 0000 0000 0000 0000 0000 0000 0000 0000 
  OUT 000040: 0000 0000 0000 0000 0000 0000 0000 0000 
  OUT 000050: 0000 0000 0000 0000 0000 0000 0000 0000 
  OUT 000060: 0000 0000 0000 0000 0000 0000 0000 0000 
  OUT 000070: 0000 0000 0000 0000 0000 0000 0000 0000 
  OUT 000080: 0000 0000 0000 0000 0000 0000 0000 0000 
  OUT 000090: 0000 0000 0000 0000 0000 0000 0000 0000 
  OUT 0000a0: 0000 0000 0000 0000 0000 0000 0000 0000 
  OUT 0000b0: 0000 0000 0000 0000 0000 0000 0000 0000 
  OUT 0000c0: 0000 0000 0000 0000 4a75 6c20 3331 2032 
  OUT 0000d0: 3032 3620 3232 3a34 333a 3233 0000 0000 
  OUT 0000e0: 0000 0000 0000 0000 7265 6c65 6173 6520 
  OUT 0000f0: 6665 6e64 6572 5f73 6372 6174 6368 5f72 
  OUT 000100: 616d 5f72 6574 656e 7469 6f6e 0000 0000 
  OUT 000110: 0000 0000 0000 0000 0000 0000 0000 0000 
  OUT 000120: 0000 0000 0000 0000 0000 0000 0000 0000 
  OUT 000130: 0000 0000 0000 0000 0000 0000 0000 0000 
  OUT 000140: 0000 0000 0000 0000 0000 0000 0000 0000 
  OUT 000150: 0000 0000 0000 0000 0000 0000 0000 0000 
  OUT 000160: 0000 0000 0000 0000 0000 0000 0000 0000 
  OUT 000170: 0000 0000 0000 0000 0000 0000 0000 0000 
  OUT 000180: 0000 0000 0000 0000 0000 0000 0000 0000 
  OUT 000190: 0000 0000 0000 0000 0000 0000 0000 0000 
  OUT 0001a0: 0000 0000 0000 0000 4a37 3733 6741 5000 
  OUT 0001b0: 0000 0000 0000 0000 0000 0000 0000 0000 
  OUT 0001c0: 0000 0000 0000 0000                     
CALL seq=8 fn=Struct conn=2d03 class=AGXAcceleratorG16G sel=256(0x100) inScalarCnt=0 inStructCnt=0
RET  seq=8 conn=2d03 sel=256(0x100) ret=0x0 outStructCnt=152
  OUT.struct len=152
  OUT 000000: 0000 0000 0000 0000 0000 0000 0000 0000 
  OUT 000010: ff03 0000 0000 0000 0000 0000 0000 0000 
  OUT 000020: 1b00 0000 0400 0000 0000 0000 0000 0000 
  OUT 000030: 0a00 0000 0400 0000 0400 0000 0400 0000 
  OUT 000040: 0000 0000 0a00 0000 0200 0000 0300 0000 
  OUT 000050: 0300 0000 0200 0000 0300 0000 0300 0000 
  OUT 000060: 1000 0000 0100 0000 0100 0000 0100 0000 
  OUT 000070: 0100 0000 0a00 0000 0a00 0000 0000 0000 
  OUT 000080: 0000 0000 0001 0100 0000 0000 0000 0300 
  OUT 000090: 0000 0000 0000 0000                     
CALL seq=9 fn=Method conn=2d03 class=AGXAcceleratorG16G sel=9(0x9) inScalarCnt=0 inStructCnt=104
  IN.struct len=104
  IN 000000: 0000 0000 0000 0000 0100 0100 0100 0000 
  IN 000010: 0101 0001 3004 0000 0000 0000 0000 0000 
  IN 000020: 0000 0000 0000 0000 0000 0000 0000 0000 
  IN 000030: 0000 0000 0000 0000 0000 0000 0000 0000 
  IN 000040: 0000 0000 0000 0000 0000 0100 0000 0000 
  IN 000050: 0000 0000 0000 0000 0000 0008 1800 0000 
  IN 000060: 0000 0000 0000 0000                     
RET  seq=9 conn=2d03 sel=9(0x9) ret=0x0 outStructCnt=88
  OUT.struct len=88
  OUT 000000: 0000 0000 0001 0000 0040 6b02 0100 0000 
  OUT 000010: c000 6a02 0100 0000 0000 0000 0000 0000 
  OUT 000020: 0000 0000 0100 0000 0000 0100 0000 0000 
  OUT 000030: 0246 a729 0000 0000 891b 5400 0000 0000 
  OUT 000040: 0000 0000 0000 0000 0000 0000 0000 0000 
  OUT 000050: 0000 0100 0000 0000                     
CALL seq=10 fn=Struct conn=2d03 class=AGXAcceleratorG16G sel=261(0x105) inScalarCnt=0 inStructCnt=72
  IN.struct len=72
  IN 000000: 0b00 0000 0000 0000 0000 0000 0000 0000 
  IN 000010: 0000 0000 0000 0000 0000 0000 0000 0000 
  IN 000020: 0000 0000 0000 0000 0000 0000 0000 0000 
  IN 000030: 0000 0000 0000 0000 0000 0000 0000 0000 
  IN 000040: 0000 0000 0000 0000                     
RET  seq=10 conn=2d03 sel=261(0x105) ret=0x0 outStructCnt=72
  OUT.struct len=72
  OUT 000000: 0b00 0000 0000 0000 0000 0000 0000 0000 
  OUT 000010: 0000 0000 0000 0000 0000 0000 0000 0000 
  OUT 000020: 0000 0000 0000 0000 0000 0000 0000 0000 
  OUT 000030: 0200 0000 0000 0000 0000 0000 0000 0000 
  OUT 000040: 0000 0000 0000 0000                     
CALL seq=11 fn=Method conn=2d03 class=AGXAcceleratorG16G sel=9(0x9) inScalarCnt=0 inStructCnt=104
  IN.struct len=104
  IN 000000: 0000 0000 0000 0000 0100 0100 0100 0000 
  IN 000010: 0101 0001 7004 0000 0000 0000 0000 0000 
  IN 000020: 0000 0000 0000 0000 0000 0000 0000 0000 
  IN 000030: 0100 0000 0000 0000 0000 0000 0000 0000 
  IN 000040: 0000 0000 0000 0000 0038 0000 0000 0000 
  IN 000050: 0000 0000 0000 0000 0000 0058 1800 0000 
  IN 000060: 0000 0000 0000 0000                     
RET  seq=11 conn=2d03 sel=9(0x9) ret=0x0 outStructCnt=88
  OUT.struct len=88
  OUT 000000: 0000 0000 6f00 0000 0040 6c02 0100 0000 
  OUT 000010: 8001 6a02 0100 0000 0000 0000 0000 0000 
  OUT 000020: 0000 0000 0200 0000 0040 0000 0000 0000 
  OUT 000030: 0346 a729 0000 0000 8a1b 5400 0000 0000 
  OUT 000040: 0000 0000 0000 0000 0000 0000 0000 0000 
  OUT 000050: 0040 0000 0000 0000                     
CALL seq=12 fn=Method conn=1c03 class=IOSurfaceRoot sel=32(0x20) inScalarCnt=0 inStructCnt=0
RET  seq=12 conn=1c03 sel=32(0x20) ret=0x0 outScalars=[0x102524000]
CALL seq=13 fn=Method conn=2d03 class=AGXAcceleratorG16G sel=9(0x9) inScalarCnt=0 inStructCnt=104
  IN.struct len=104
  IN 000000: 0000 0000 0000 0000 0100 0100 0100 0000 
  IN 000010: 0101 0001 7004 0000 0000 0000 0000 0000 
  IN 000020: 0000 0000 0000 0000 0000 0000 0000 0000 
  IN 000030: 0100 0000 0000 0000 0000 0000 0000 0000 
  IN 000040: 0000 0000 0000 0000 0000 0200 0000 0000 
  IN 000050: 0000 0000 0000 0000 0000 0000 0000 0000 
  IN 000060: 8809 1509 0100 0000                     
RET  seq=13 conn=2d03 sel=9(0x9) ret=0x0 outStructCnt=88
  OUT.struct len=88
  OUT 000000: 0080 0100 0001 0000 00c0 6f02 0100 0000 
  OUT 000010: 4002 6a02 0100 0000 0000 0000 0000 0000 
  OUT 000020: 0000 0000 0300 0000 0000 0200 0000 0000 
  OUT 000030: 8e46 a729 0000 0000 8d1b 5400 0000 0000 
  OUT 000040: 0000 0000 0000 0000 0000 0000 0000 0000 
  OUT 000050: 0000 0200 0000 0000                     
CALL seq=14 fn=Method conn=2d03 class=AGXAcceleratorG16G sel=9(0x9) inScalarCnt=0 inStructCnt=104
  IN.struct len=104
  IN 000000: 8000 0000 0000 0000 0100 0100 0100 0000 
  IN 000010: 0101 0001 300c 0000 0000 0000 0000 0000 
  IN 000020: 0000 0000 0000 0000 0000 0000 0000 0000 
  IN 000030: 0000 0000 0000 0000 00c0 6f02 0100 0000 
  IN 000040: 00c0 6f02 0100 0000 0000 0200 0000 0000 
  IN 000050: 0300 0000 0000 0000 0000 0000 1800 0000 
  IN 000060: 4015 1509 0100 0000                     
RET  seq=14 conn=2d03 sel=9(0x9) ret=0x0 outStructCnt=88
  OUT.struct len=88
  OUT 000000: 0080 0100 0001 0000 0000 0000 0000 0000 
  OUT 000010: 0003 6a02 0100 0000 0000 0000 0000 0000 
  OUT 000020: 0000 0000 0400 0000 0000 0200 0000 0000 
  OUT 000030: 8f46 a729 0000 0000 8d1b 5400 0000 0000 
  OUT 000040: 0000 0000 0000 0000 0000 0000 0000 0000 
  OUT 000050: 0000 0200 0000 0000                     
CALL seq=15 fn=Method conn=2d03 class=AGXAcceleratorG16G sel=9(0x9) inScalarCnt=0 inStructCnt=104
  IN.struct len=104
  IN 000000: 0000 0000 0000 0000 0100 0100 0100 0000 
  IN 000010: 0101 0001 3004 0000 0000 0000 0000 0000 
  IN 000020: 0000 0000 0000 0000 0000 0000 0000 0000 
  IN 000030: 0000 0000 0000 0000 0000 0000 0000 0000 
  IN 000040: 0000 0000 0000 0000 0000 0100 0000 0000 
  IN 000050: 0000 0000 0000 0000 0000 0008 1800 0000 
  IN 000060: 0000 0000 0000 0000                     
RET  seq=15 conn=2d03 sel=9(0x9) ret=0x0 outStructCnt=88
  OUT.struct len=88
  OUT 000000: 0000 0400 0001 0000 00c0 7102 0100 0000 
  OUT 000010: c003 6a02 0100 0000 0000 0000 0000 0000 
  OUT 000020: 0000 0000 0500 0000 0000 0100 0000 0000 
  OUT 000030: 9046 a729 0000 0000 8e1b 5400 0000 0000 
  OUT 000040: 0000 0000 0000 0000 0000 0000 0000 0000 
  OUT 000050: 0000 0100 0000 0000                     
CALL seq=16 fn=Method conn=2d03 class=AGXAcceleratorG16G sel=9(0x9) inScalarCnt=0 inStructCnt=104
  IN.struct len=104
  IN 000000: 0000 0000 0000 0000 0100 0100 0100 0000 
  IN 000010: 0101 0001 3084 0000 0000 0000 0000 0000 
  IN 000020: 0000 0000 0000 0000 0000 0000 0000 0000 
  IN 000030: 0000 0000 0000 0000 0000 0000 0000 0000 
  IN 000040: 0000 0000 0000 0000 0000 0100 0000 0000 
  IN 000050: 0000 0000 0000 0000 0000 0038 1800 0000 
  IN 000060: 0000 0000 0000 0000                     
RET  seq=16 conn=2d03 sel=9(0x9) ret=0x0 outStructCnt=88
  OUT.struct len=88
  OUT 000000: 0000 0000 0000 0000 00c0 7202 0100 0000 
  OUT 000010: 8004 6a02 0100 0000 0000 0000 0000 0000 
  OUT 000020: 0000 0000 0600 0000 0000 0100 0000 0000 
  OUT 000030: 9146 a729 0000 0000 8f1b 5400 0000 0000 
  OUT 000040: 0000 0000 0000 0000 0000 0000 0000 0000 
  OUT 000050: 0000 0100 0000 0000                     
CALL seq=17 fn=Method conn=2d03 class=AGXAcceleratorG16G sel=9(0x9) inScalarCnt=0 inStructCnt=104
  IN.struct len=104
  IN 000000: 8000 0000 0000 0000 0100 0100 0100 0000 
  IN 000010: 0101 0001 300c 0000 0000 0000 0000 0000 
  IN 000020: 0000 0000 0000 0000 0000 0000 0000 0000 
  IN 000030: 0000 0000 0000 0000 00c2 6f02 0100 0000 
  IN 000040: 00c0 6f02 0100 0000 0000 0200 0000 0000 
  IN 000050: 0300 0000 0000 0000 0000 0000 0000 0000 
  IN 000060: 8809 1509 0100 0000                     
RET  seq=17 conn=2d03 sel=9(0x9) ret=0x0 outStructCnt=88
  OUT.struct len=88
  OUT 000000: 0082 0100 0001 0000 0000 0000 0000 0000 
  OUT 000010: 4005 6a02 0100 0000 0000 0000 0000 0000 
  OUT 000020: 0000 0000 0700 0000 0000 0200 0000 0000 
  OUT 000030: 9246 a729 0000 0000 8d1b 5400 0000 0000 
  OUT 000040: 0000 0000 0000 0000 0000 0000 0000 0000 
  OUT 000050: 00fe 0100 0000 0000                     
CALL seq=18 fn=Method conn=2d03 class=AGXAcceleratorG16G sel=9(0x9) inScalarCnt=0 inStructCnt=104
  IN.struct len=104
  IN 000000: 8000 0000 0000 0000 0100 0100 0100 0000 
  IN 000010: 0101 0001 300c 0000 0000 0000 0000 0000 
  IN 000020: 0000 0000 0000 0000 0000 0000 0000 0000 
  IN 000030: 0000 0000 0000 0000 00c3 6f02 0100 0000 
  IN 000040: 00c0 6f02 0100 0000 0000 0200 0000 0000 
  IN 000050: 0300 0000 0000 0000 0000 0000 0000 0000 
  IN 000060: 8809 1509 0100 0000                     
RET  seq=18 conn=2d03 sel=9(0x9) ret=0x0 outStructCnt=88
  OUT.struct len=88
  OUT 000000: 0083 0100 0001 0000 0000 0000 0000 0000 
  OUT 000010: 0006 6a02 0100 0000 0000 0000 0000 0000 
  OUT 000020: 0000 0000 0800 0000 0000 0200 0000 0000 
  OUT 000030: 9346 a729 0000 0000 8d1b 5400 0000 0000 
  OUT 000040: 0000 0000 0000 0000 0000 0000 0000 0000 
  OUT 000050: 00fd 0100 0000 0000                     
CALL seq=19 fn=Method conn=2d03 class=AGXAcceleratorG16G sel=9(0x9) inScalarCnt=0 inStructCnt=104
  IN.struct len=104
  IN 000000: 8000 0000 0000 0000 0100 0100 0100 0000 
  IN 000010: 0101 0001 300c 0000 0000 0000 0000 0000 
  IN 000020: 0000 0000 0000 0000 0000 0000 0000 0000 
  IN 000030: 0000 0000 0000 0000 00c4 6f02 0100 0000 
  IN 000040: 00c0 6f02 0100 0000 0000 0200 0000 0000 
  IN 000050: 0300 0000 0000 0000 0000 0000 0000 0000 
  IN 000060: 5800 a5f5 0100 0000                     
RET  seq=19 conn=2d03 sel=9(0x9) ret=0x0 outStructCnt=88
  OUT.struct len=88
  OUT 000000: 0084 0100 0001 0000 0000 0000 0000 0000 
  OUT 000010: c006 6a02 0100 0000 0000 0000 0000 0000 
  OUT 000020: 0000 0000 0900 0000 0000 0200 0000 0000 
  OUT 000030: 9446 a729 0000 0000 8d1b 5400 0000 0000 
  OUT 000040: 0000 0000 0000 0000 0000 0000 0000 0000 
  OUT 000050: 00fc 0100 0000 0000                     
CALL seq=20 fn=Method conn=2d03 class=AGXAcceleratorG16G sel=9(0x9) inScalarCnt=0 inStructCnt=104
  IN.struct len=104
  IN 000000: 0000 0000 0000 0000 0100 0100 0100 0000 
  IN 000010: 0101 0001 7004 0000 0000 0000 0000 0000 
  IN 000020: 0000 0000 0000 0000 0000 0000 0000 0000 
  IN 000030: 0100 0000 0000 0000 0000 0000 0000 0000 
  IN 000040: 0000 0000 0000 0000 0040 0000 0000 0000 
  IN 000050: 0000 0000 0000 0000 0000 0000 0000 0000 
  IN 000060: 5800 a5f5 0100 0000                     
RET  seq=20 conn=2d03 sel=9(0x9) ret=0x0 outStructCnt=88
  OUT.struct len=88
  OUT 000000: 0080 0500 0001 0000 0040 b702 0100 0000 
  OUT 000010: 8007 6a02 0100 0000 0000 0000 0000 0000 
  OUT 000020: 0000 0000 0a00 0000 0040 0000 0000 0000 
  OUT 000030: 9546 a729 0000 0000 901b 5400 0000 0000 
  OUT 000040: 0000 0000 0000 0000 0000 0000 0000 0000 
  OUT 000050: 0040 0000 0000 0000                     
CALL seq=21 fn=Method conn=2d03 class=AGXAcceleratorG16G sel=9(0x9) inScalarCnt=0 inStructCnt=104
  IN.struct len=104
  IN 000000: 8000 0000 0000 0000 0100 0100 0100 0000 
  IN 000010: 0101 0001 300c 0000 0000 0000 0000 0000 
  IN 000020: 0000 0000 0000 0000 0000 0000 0000 0000 
  IN 000030: 0000 0000 0000 0000 00c5 6f02 0100 0000 
  IN 000040: 00c0 6f02 0100 0000 0000 0200 0000 0000 
  IN 000050: 0300 0000 0000 0000 0000 0000 1800 0000 
  IN 000060: 4015 1509 0100 0000                     
RET  seq=21 conn=2d03 sel=9(0x9) ret=0x0 outStructCnt=88
  OUT.struct len=88
  OUT 000000: 0085 0100 0001 0000 0000 0000 0000 0000 
  OUT 000010: 4008 6a02 0100 0000 0000 0000 0000 0000 
  OUT 000020: 0000 0000 0b00 0000 0000 0200 0000 0000 
  OUT 000030: 9646 a729 0000 0000 8d1b 5400 0000 0000 
  OUT 000040: 0000 0000 0000 0000 0000 0000 0000 0000 
  OUT 000050: 00fb 0100 0000 0000                     
CALL seq=22 fn=Method conn=2d03 class=AGXAcceleratorG16G sel=9(0x9) inScalarCnt=0 inStructCnt=104
  IN.struct len=104
  IN 000000: 8000 0000 0000 0000 0100 0100 0100 0000 
  IN 000010: 0101 0001 300c 0000 0000 0000 0000 0000 
  IN 000020: 0000 0000 0000 0000 0000 0000 0000 0000 
  IN 000030: 0000 0000 0000 0000 00c7 6f02 0100 0000 
  IN 000040: 00c0 6f02 0100 0000 0000 0200 0000 0000 
  IN 000050: 0300 0000 0000 0000 0000 0000 1800 0000 
  IN 000060: b81c 0905 0a00 0000                     
RET  seq=22 conn=2d03 sel=9(0x9) ret=0x0 outStructCnt=88
  OUT.struct len=88
  OUT 000000: 0087 0100 0001 0000 0000 0000 0000 0000 
  OUT 000010: 0009 6a02 0100 0000 0000 0000 0000 0000 
  OUT 000020: 0000 0000 0c00 0000 0000 0200 0000 0000 
  OUT 000030: 9746 a729 0000 0000 8d1b 5400 0000 0000 
  OUT 000040: 0000 0000 0000 0000 0000 0000 0000 0000 
  OUT 000050: 00f9 0100 0000 0000                     
CALL seq=23 fn=Method conn=2d03 class=AGXAcceleratorG16G sel=9(0x9) inScalarCnt=0 inStructCnt=104
  IN.struct len=104
  IN 000000: 8000 0000 0000 0000 0100 0100 0100 0000 
  IN 000010: 0101 0001 300c 0000 0000 0000 0000 0000 
  IN 000020: 0000 0000 0000 0000 0000 0000 0000 0000 
  IN 000030: 0000 0000 0000 0000 00c9 6f02 0100 0000 
  IN 000040: 00c0 6f02 0100 0000 0000 0200 0000 0000 
  IN 000050: 0300 0000 0000 0000 0000 0000 1800 0000 
  IN 000060: b81c 0905 0a00 0000                     
RET  seq=23 conn=2d03 sel=9(0x9) ret=0x0 outStructCnt=88
  OUT.struct len=88
  OUT 000000: 0089 0100 0001 0000 0000 0000 0000 0000 
  OUT 000010: c009 6a02 0100 0000 0000 0000 0000 0000 
  OUT 000020: 0000 0000 0d00 0000 0000 0200 0000 0000 
  OUT 000030: 9846 a729 0000 0000 8d1b 5400 0000 0000 
  OUT 000040: 0000 0000 0000 0000 0000 0000 0000 0000 
  OUT 000050: 00f7 0100 0000 0000                     
CALL seq=24 fn=Method conn=2d03 class=AGXAcceleratorG16G sel=7(0x7) inScalarCnt=0 inStructCnt=1040
  IN.struct len=1040
  IN 000000: 2f55 7365 7273 2f75 7365 722f 6173 6168 
  IN 000010: 695f 7265 2f70 7562 6c69 632f 6167 782d 
  IN 000020: 7265 2f65 7870 6572 696d 656e 7473 2f45 
  IN 000030: 5850 2d30 3034 322d 6772 6170 6869 6373 
  IN 000040: 2d63 6f64 652d 7365 6c65 6374 696f 6e2f 
  IN 000050: 6275 696c 642f 6d75 6c74 6970 6970 6500 
  IN 000060: 0000 0000 0000 0000 0000 0000 0000 0000 
  IN 000070: 0000 0000 0000 0000 0000 0000 0000 0000 
  IN 000080: 0000 0000 0000 0000 0000 0000 0000 0000 
  IN 000090: 0000 0000 0000 0000 0000 0000 0000 0000 
  IN 0000a0: 0000 0000 0000 0000 0000 0000 0000 0000 
  IN 0000b0: 0000 0000 0000 0000 0000 0000 0000 0000 
  IN 0000c0: 0000 0000 0000 0000 0000 0000 0000 0000 
  IN 0000d0: 0000 0000 0000 0000 0000 0000 0000 0000 
  IN 0000e0: 0000 0000 0000 0000 0000 0000 0000 0000 
  IN 0000f0: 0000 0000 0000 0000 0000 0000 0000 0000 
  IN 000100: 0000 0000 0000 0000 0000 0000 0000 0000 
  IN 000110: 0000 0000 0000 0000 0000 0000 0000 0000 
  IN 000120: 0000 0000 0000 0000 0000 0000 0000 0000 
  IN 000130: 0000 0000 0000 0000 0000 0000 0000 0000 
  IN 000140: 0000 0000 0000 0000 0000 0000 0000 0000 
  IN 000150: 0000 0000 0000 0000 0000 0000 0000 0000 
  IN 000160: 0000 0000 0000 0000 0000 0000 0000 0000 
  IN 000170: 0000 0000 0000 0000 0000 0000 0000 0000 
  IN 000180: 0000 0000 0000 0000 0000 0000 0000 0000 
  IN 000190: 0000 0000 0000 0000 0000 0000 0000 0000 
  IN 0001a0: 0000 0000 0000 0000 0000 0000 0000 0000 
  IN 0001b0: 0000 0000 0000 0000 0000 0000 0000 0000 
  IN 0001c0: 0000 0000 0000 0000 0000 0000 0000 0000 
  IN 0001d0: 0000 0000 0000 0000 0000 0000 0000 0000 
  IN 0001e0: 0000 0000 0000 0000 0000 0000 0000 0000 
  IN 0001f0: 0000 0000 0000 0000 0000 0000 0000 0000 
  IN 000200: 0000 0000 0000 0000 0000 0000 0000 0000 
  IN 000210: 0000 0000 0000 0000 0000 0000 0000 0000 
  IN 000220: 0000 0000 0000 0000 0000 0000 0000 0000 
  IN 000230: 0000 0000 0000 0000 0000 0000 0000 0000 
  IN 000240: 0000 0000 0000 0000 0000 0000 0000 0000 
  IN 000250: 0000 0000 0000 0000 0000 0000 0000 0000 
  IN 000260: 0000 0000 0000 0000 0000 0000 0000 0000 
  IN 000270: 0000 0000 0000 0000 0000 0000 0000 0000 
  IN 000280: 0000 0000 0000 0000 0000 0000 0000 0000 
  IN 000290: 0000 0000 0000 0000 0000 0000 0000 0000 
  IN 0002a0: 0000 0000 0000 0000 0000 0000 0000 0000 
  IN 0002b0: 0000 0000 0000 0000 0000 0000 0000 0000 
  IN 0002c0: 0000 0000 0000 0000 0000 0000 0000 0000 
  IN 0002d0: 0000 0000 0000 0000 0000 0000 0000 0000 
  IN 0002e0: 0000 0000 0000 0000 0000 0000 0000 0000 
  IN 0002f0: 0000 0000 0000 0000 0000 0000 0000 0000 
  IN 000300: 0000 0000 0000 0000 0000 0000 0000 0000 
  IN 000310: 0000 0000 0000 0000 0000 0000 0000 0000 
  IN 000320: 0000 0000 0000 0000 0000 0000 0000 0000 
  IN 000330: 0000 0000 0000 0000 0000 0000 0000 0000 
  IN 000340: 0000 0000 0000 0000 0000 0000 0000 0000 
  IN 000350: 0000 0000 0000 0000 0000 0000 0000 0000 
  IN 000360: 0000 0000 0000 0000 0000 0000 0000 0000 
  IN 000370: 0000 0000 0000 0000 0000 0000 0000 0000 
  IN 000380: 0000 0000 0000 0000 0000 0000 0000 0000 
  IN 000390: 0000 0000 0000 0000 0000 0000 0000 0000 
  IN 0003a0: 2f55 7365 7273 2f75 7365 722f 6173 6168 
  IN 0003b0: 695f 7265 2f70 7562 6c69 632f 6167 782d 
  IN 0003c0: 7265 2f65 7870 6572 696d 656e 7473 2f45 
  IN 0003d0: 5850 2d30 3034 322d 6772 6170 6869 6373 
  IN 0003e0: 2d63 6f64 652d 7365 6c65 6374 696f 6e2f 
  IN 0003f0: 6275 696c 642f 6d75 6c74 6970 6970 6500 
  IN 000400: 0200 0000 0000 0000 ffff ffff 0100 0000 
RET  seq=24 conn=2d03 sel=7(0x7) ret=0x0 outStructCnt=16
  OUT.struct len=16
  OUT 000000: 0100 0000 0000 0000 9946 a729 0000 0000 
CALL seq=25 fn=Method conn=2d03 class=AGXAcceleratorG16G sel=16(0x10) inScalarCnt=2 inStructCnt=0 inScalars=[0x100,0x28]
RET  seq=25 conn=2d03 sel=16(0x10) ret=0x0 outStructCnt=16
  OUT.struct len=16
  OUT 000000: 0080 b702 0100 0000 0100 0000 0000 0000 
CALL seq=26 fn=Method conn=2d03 class=AGXAcceleratorG16G sel=28(0x1c) inScalarCnt=2 inStructCnt=0 inScalars=[0x1,0x1]
RET  seq=26 conn=2d03 sel=28(0x1c) ret=0x0
CALL seq=27 fn=Method conn=2d03 class=AGXAcceleratorG16G sel=9(0x9) inScalarCnt=0 inStructCnt=104
  IN.struct len=104
  IN 000000: 8000 0000 0000 0000 0100 0100 0100 0000 
  IN 000010: 0101 0001 300c 0000 0000 0000 0000 0000 
  IN 000020: 0000 0000 0000 0000 0000 0000 0000 0000 
  IN 000030: 0000 0000 0000 0000 00ca 6f02 0100 0000 
  IN 000040: 00c0 6f02 0100 0000 0000 0200 0000 0000 
  IN 000050: 0300 0000 0000 0000 0000 0000 1800 0000 
  IN 000060: 3025 0905 0a00 0000                     
RET  seq=27 conn=2d03 sel=9(0x9) ret=0x0 outStructCnt=88
  OUT.struct len=88
  OUT 000000: 008a 0100 0001 0000 0000 0000 0000 0000 
  OUT 000010: 800a 6a02 0100 0000 0000 0000 0000 0000 
  OUT 000020: 0000 0000 0e00 0000 0000 0200 0000 0000 
  OUT 000030: 9c46 a729 0000 0000 8d1b 5400 0000 0000 
  OUT 000040: 0000 0000 0000 0000 0000 0000 0000 0000 
  OUT 000050: 00f6 0100 0000 0000                     
CALL seq=28 fn=Method conn=2d03 class=AGXAcceleratorG16G sel=9(0x9) inScalarCnt=0 inStructCnt=104
  IN.struct len=104
  IN 000000: 8000 0000 0000 0000 0100 0100 0100 0000 
  IN 000010: 0101 0001 300c 0000 0000 0000 0000 0000 
  IN 000020: 0000 0000 0000 0000 0000 0000 0000 0000 
  IN 000030: 0000 0000 0000 0000 00cb 6f02 0100 0000 
  IN 000040: 00c0 6f02 0100 0000 0000 0200 0000 0000 
  IN 000050: 0300 0000 0000 0000 0000 0000 1800 0000 
  IN 000060: 5028 0905 0a00 0000                     
RET  seq=28 conn=2d03 sel=9(0x9) ret=0x0 outStructCnt=88
  OUT.struct len=88
  OUT 000000: 008b 0100 0001 0000 0000 0000 0000 0000 
  OUT 000010: 400b 6a02 0100 0000 0000 0000 0000 0000 
  OUT 000020: 0000 0000 0f00 0000 0000 0200 0000 0000 
  OUT 000030: 9d46 a729 0000 0000 8d1b 5400 0000 0000 
  OUT 000040: 0000 0000 0000 0000 0000 0000 0000 0000 
  OUT 000050: 00f5 0100 0000 0000                     
CALL seq=29 fn=Method conn=2d03 class=AGXAcceleratorG16G sel=9(0x9) inScalarCnt=0 inStructCnt=104
  IN.struct len=104
  IN 000000: 8000 0000 0000 0000 0100 0100 0100 0000 
  IN 000010: 0101 0001 300c 0000 0000 0000 0000 0000 
  IN 000020: 0000 0000 0000 0000 0000 0000 0000 0000 
  IN 000030: 0000 0000 0000 0000 00cc 6f02 0100 0000 
  IN 000040: 00c0 6f02 0100 0000 0000 0200 0000 0000 
  IN 000050: 0300 0000 0000 0000 0000 0000 1800 0000 
  IN 000060: 702b 0905 0a00 0000                     
RET  seq=29 conn=2d03 sel=9(0x9) ret=0x0 outStructCnt=88
  OUT.struct len=88
  OUT 000000: 008c 0100 0001 0000 0000 0000 0000 0000 
  OUT 000010: 000c 6a02 0100 0000 0000 0000 0000 0000 
  OUT 000020: 0000 0000 1000 0000 0000 0200 0000 0000 
  OUT 000030: 9e46 a729 0000 0000 8d1b 5400 0000 0000 
  OUT 000040: 0000 0000 0000 0000 0000 0000 0000 0000 
  OUT 000050: 00f4 0100 0000 0000                     
CALL seq=30 fn=Method conn=2d03 class=AGXAcceleratorG16G sel=9(0x9) inScalarCnt=0 inStructCnt=104
  IN.struct len=104
  IN 000000: 8000 0000 0000 0000 0100 0100 0100 0000 
  IN 000010: 0101 0001 300c 0000 0000 0000 0000 0000 
  IN 000020: 0000 0000 0000 0000 0000 0000 0000 0000 
  IN 000030: 0000 0000 0000 0000 00dc 6f02 0100 0000 
  IN 000040: 00c0 6f02 0100 0000 0000 0200 0000 0000 
  IN 000050: 0300 0000 0000 0000 0000 0000 1800 0000 
  IN 000060: 902e 0905 0a00 0000                     
RET  seq=30 conn=2d03 sel=9(0x9) ret=0x0 outStructCnt=88
  OUT.struct len=88
  OUT 000000: 009c 0100 0001 0000 0000 0000 0000 0000 
  OUT 000010: c00c 6a02 0100 0000 0000 0000 0000 0000 
  OUT 000020: 0000 0000 1100 0000 0000 0200 0000 0000 
  OUT 000030: 9f46 a729 0000 0000 8d1b 5400 0000 0000 
  OUT 000040: 0000 0000 0000 0000 0000 0000 0000 0000 
  OUT 000050: 00e4 0100 0000 0000                     
CALL seq=31 fn=Method conn=2d03 class=AGXAcceleratorG16G sel=9(0x9) inScalarCnt=0 inStructCnt=104
  IN.struct len=104
  IN 000000: 8000 0000 0000 0000 0100 0100 0100 0000 
  IN 000010: 0101 0001 300c 0000 0000 0000 0000 0000 
  IN 000020: 0000 0000 0000 0000 0000 0000 0000 0000 
  IN 000030: 0000 0000 0000 0000 00dd 6f02 0100 0000 
  IN 000040: 00c0 6f02 0100 0000 0000 0200 0000 0000 
  IN 000050: 0300 0000 0000 0000 0000 0000 1800 0000 
  IN 000060: 9831 0905 0a00 0000                     
RET  seq=31 conn=2d03 sel=9(0x9) ret=0x0 outStructCnt=88
  OUT.struct len=88
  OUT 000000: 009d 0100 0001 0000 0000 0000 0000 0000 
  OUT 000010: 800d 6a02 0100 0000 0000 0000 0000 0000 
  OUT 000020: 0000 0000 1200 0000 0000 0200 0000 0000 
  OUT 000030: a046 a729 0000 0000 8d1b 5400 0000 0000 
  OUT 000040: 0000 0000 0000 0000 0000 0000 0000 0000 
  OUT 000050: 00e3 0100 0000 0000                     
CALL seq=32 fn=Method conn=2d03 class=AGXAcceleratorG16G sel=9(0x9) inScalarCnt=0 inStructCnt=104
  IN.struct len=104
  IN 000000: 8000 0000 0000 0000 0100 0100 0100 0000 
  IN 000010: 0101 0001 300c 0000 0000 0000 0000 0000 
  IN 000020: 0000 0000 0000 0000 0000 0000 0000 0000 
  IN 000030: 0000 0000 0000 0000 00de 6f02 0100 0000 
  IN 000040: 00c0 6f02 0100 0000 0000 0200 0000 0000 
  IN 000050: 0300 0000 0000 0000 0000 0000 1800 0000 
  IN 000060: a034 0905 0a00 0000                     
RET  seq=32 conn=2d03 sel=9(0x9) ret=0x0 outStructCnt=88
  OUT.struct len=88
  OUT 000000: 009e 0100 0001 0000 0000 0000 0000 0000 
  OUT 000010: 400e 6a02 0100 0000 0000 0000 0000 0000 
  OUT 000020: 0000 0000 1300 0000 0000 0200 0000 0000 
  OUT 000030: a146 a729 0000 0000 8d1b 5400 0000 0000 
  OUT 000040: 0000 0000 0000 0000 0000 0000 0000 0000 
  OUT 000050: 00e2 0100 0000 0000                     
CALL seq=33 fn=Method conn=2d03 class=AGXAcceleratorG16G sel=9(0x9) inScalarCnt=0 inStructCnt=104
  IN.struct len=104
  IN 000000: 8000 0000 0000 0000 0100 0100 0100 0000 
  IN 000010: 0101 0001 300c 0000 0000 0000 0000 0000 
  IN 000020: 0000 0000 0000 0000 0000 0000 0000 0000 
  IN 000030: 0000 0000 0000 0000 00df 6f02 0100 0000 
  IN 000040: 00c0 6f02 0100 0000 0000 0200 0000 0000 
  IN 000050: 0300 0000 0000 0000 0000 0000 1800 0000 
  IN 000060: a837 0905 0a00 0000                     
RET  seq=33 conn=2d03 sel=9(0x9) ret=0x0 outStructCnt=88
  OUT.struct len=88
  OUT 000000: 009f 0100 0001 0000 0000 0000 0000 0000 
  OUT 000010: 000f 6a02 0100 0000 0000 0000 0000 0000 
  OUT 000020: 0000 0000 1400 0000 0000 0200 0000 0000 
  OUT 000030: a246 a729 0000 0000 8d1b 5400 0000 0000 
  OUT 000040: 0000 0000 0000 0000 0000 0000 0000 0000 
  OUT 000050: 00e1 0100 0000 0000                     
CALL seq=34 fn=Method conn=2d03 class=AGXAcceleratorG16G sel=9(0x9) inScalarCnt=0 inStructCnt=104
  IN.struct len=104
  IN 000000: 8000 0000 0000 0000 0100 0100 0100 0000 
  IN 000010: 0101 0001 300c 0000 0000 0000 0000 0000 
  IN 000020: 0000 0000 0000 0000 0000 0000 0000 0000 
  IN 000030: 0000 0000 0000 0000 00e7 6f02 0100 0000 
  IN 000040: 00c0 6f02 0100 0000 0000 0200 0000 0000 
  IN 000050: 0300 0000 0000 0000 0000 0000 1800 0000 
  IN 000060: b03a 0905 0a00 0000                     
RET  seq=34 conn=2d03 sel=9(0x9) ret=0x0 outStructCnt=88
  OUT.struct len=88
  OUT 000000: 00a7 0100 0001 0000 0000 0000 0000 0000 
  OUT 000010: c00f 6a02 0100 0000 0000 0000 0000 0000 
  OUT 000020: 0000 0000 1500 0000 0000 0200 0000 0000 
  OUT 000030: a346 a729 0000 0000 8d1b 5400 0000 0000 
  OUT 000040: 0000 0000 0000 0000 0000 0000 0000 0000 
  OUT 000050: 00d9 0100 0000 0000                     
CALL seq=35 fn=Method conn=2d03 class=AGXAcceleratorG16G sel=9(0x9) inScalarCnt=0 inStructCnt=104
  IN.struct len=104
  IN 000000: 8000 0000 0000 0000 0100 0100 0100 0000 
  IN 000010: 0101 0001 300c 0000 0000 0000 0000 0000 
  IN 000020: 0000 0000 0000 0000 0000 0000 0000 0000 
  IN 000030: 0000 0000 0000 0000 00e8 6f02 0100 0000 
  IN 000040: 00c0 6f02 0100 0000 0000 0200 0000 0000 
  IN 000050: 0300 0000 0000 0000 0000 0000 1800 0000 
  IN 000060: 8809 1509 0100 0000                     
RET  seq=35 conn=2d03 sel=9(0x9) ret=0x0 outStructCnt=88
  OUT.struct len=88
  OUT 000000: 00a8 0100 0001 0000 0000 0000 0000 0000 
  OUT 000010: 8010 6a02 0100 0000 0000 0000 0000 0000 
  OUT 000020: 0000 0000 1600 0000 0000 0200 0000 0000 
  OUT 000030: a446 a729 0000 0000 8d1b 5400 0000 0000 
  OUT 000040: 0000 0000 0000 0000 0000 0000 0000 0000 
  OUT 000050: 00d8 0100 0000 0000                     
CALL seq=36 fn=Method conn=2d03 class=AGXAcceleratorG16G sel=9(0x9) inScalarCnt=0 inStructCnt=104
  IN.struct len=104
  IN 000000: 0000 0000 0000 0000 0100 0100 0100 0000 
  IN 000010: 0101 0001 7004 0000 0000 0000 0000 0000 
  IN 000020: 0000 0000 0000 0000 0000 0000 0000 0000 
  IN 000030: 0100 0000 0000 0000 0000 0000 0000 0000 
  IN 000040: 0000 0000 0000 0000 0000 0200 0000 0000 
  IN 000050: 0000 0000 0000 0000 0000 0000 0000 0000 
  IN 000060: 8809 1509 0100 0000                     
RET  seq=36 conn=2d03 sel=9(0x9) ret=0x0 outStructCnt=88
  OUT.struct len=88
  OUT 000000: 0000 0600 0001 0000 00c0 b702 0100 0000 
  OUT 000010: 4011 6a02 0100 0000 0000 0000 0000 0000 
  OUT 000020: 0000 0000 1700 0000 0000 0200 0000 0000 
  OUT 000030: a546 a729 0000 0000 931b 5400 0000 0000 
  OUT 000040: 0000 0000 0000 0000 0000 0000 0000 0000 
  OUT 000050: 0000 0200 0000 0000                     
CALL seq=37 fn=Method conn=2d03 class=AGXAcceleratorG16G sel=9(0x9) inScalarCnt=0 inStructCnt=104
  IN.struct len=104
  IN 000000: 8000 0000 0000 0000 0100 0100 0100 0000 
  IN 000010: 0101 0001 300c 0000 0000 0000 0000 0000 
  IN 000020: 0000 0000 0000 0000 0000 0000 0000 0000 
  IN 000030: 0000 0000 0000 0000 00c0 b702 0100 0000 
  IN 000040: 00c0 b702 0100 0000 0000 0200 0000 0000 
  IN 000050: 1700 0000 0000 0000 0000 0000 1800 0000 
  IN 000060: 0000 0905 0a00 0000                     
RET  seq=37 conn=2d03 sel=9(0x9) ret=0x0 outStructCnt=88
  OUT.struct len=88
  OUT 000000: 0000 0600 0001 0000 0000 0000 0000 0000 
  OUT 000010: 0012 6a02 0100 0000 0000 0000 0000 0000 
  OUT 000020: 0000 0000 1800 0000 0000 0200 0000 0000 
  OUT 000030: a646 a729 0000 0000 931b 5400 0000 0000 
  OUT 000040: 0000 0000 0000 0000 0000 0000 0000 0000 
  OUT 000050: 0000 0200 0000 0000                     
CALL seq=38 fn=Struct conn=2d03 class=AGXAcceleratorG16G sel=6(0x6) inScalarCnt=0 inStructCnt=0
RET  seq=38 conn=2d03 sel=6(0x6) ret=0x0 outStructCnt=16
  OUT.struct len=16
  OUT 000000: a746 a729 0000 0000 a746 a72a 0000 0000 
CALL seq=39 fn=Method conn=2d03 class=AGXAcceleratorG16G sel=14(0xe) inScalarCnt=2 inStructCnt=0 inScalars=[0x4000,0x0]
RET  seq=39 conn=2d03 sel=14(0xe) ret=0x0 outStructCnt=16
  OUT.struct len=16
  OUT 000000: 00c0 b902 0100 0000 0040 0000 0100 0000 
CALL seq=40 fn=Method conn=2d03 class=AGXAcceleratorG16G sel=14(0xe) inScalarCnt=2 inStructCnt=0 inScalars=[0x4000,0x1]
RET  seq=40 conn=2d03 sel=14(0xe) ret=0x0 outStructCnt=16
  OUT.struct len=16
  OUT 000000: 0000 ba02 0100 0000 0040 0000 0200 0000 
CALL seq=41 fn=Method conn=2d03 class=AGXAcceleratorG16G sel=9(0x9) inScalarCnt=0 inStructCnt=104
  IN.struct len=104
  IN 000000: 0000 0000 0000 0000 0100 0100 0100 0000 
  IN 000010: 0101 0001 3004 0000 0000 0000 0000 0000 
  IN 000020: 0000 0000 0000 0000 0000 0000 0000 0000 
  IN 000030: 0000 0000 0000 0000 0000 0000 0000 0000 
  IN 000040: 0000 0000 0000 0000 0040 0700 0000 0000 
  IN 000050: 0000 0000 0000 0000 0000 0008 1800 0000 
  IN 000060: 0000 0000 0000 0000                     
RET  seq=41 conn=2d03 sel=9(0x9) ret=0x0 outStructCnt=88
  OUT.struct len=88
  OUT 000000: 0080 0800 0001 0000 0000 0b07 0100 0000 
  OUT 000010: c012 6a02 0100 0000 0000 0000 0000 0000 
  OUT 000020: 0000 0000 1900 0000 0040 0700 0000 0000 
  OUT 000030: a746 a72a 0000 0000 941b 5400 0000 0000 
  OUT 000040: 0000 0000 0000 0000 0000 0000 0000 0000 
  OUT 000050: 0040 0700 0000 0000                     
CALL seq=42 fn=Method conn=2d03 class=AGXAcceleratorG16G sel=9(0x9) inScalarCnt=0 inStructCnt=104
  IN.struct len=104
  IN 000000: 0000 0000 0000 0000 0080 0100 0100 0000 
  IN 000010: 0101 0001 30c4 0000 0000 0000 0000 0000 
  IN 000020: 0000 0000 0000 0000 0000 0000 0000 0000 
  IN 000030: 0000 0000 0000 0000 0000 0000 0000 0000 
  IN 000040: 0000 0000 0000 0000 0080 0000 0000 0000 
  IN 000050: 0000 0000 0000 0000 0000 0038 0000 0000 
  IN 000060: 0000 0000 0000 0000                     
RET  seq=42 conn=2d03 sel=9(0x9) ret=0x0 outStructCnt=88
  OUT.struct len=88
  OUT 000000: 0080 0100 0000 0000 0040 ba02 0100 0000 
  OUT 000010: 8013 6a02 0100 0000 0000 0000 0000 0000 
  OUT 000020: 0000 0000 1a00 0000 0080 0000 0000 0000 
  OUT 000030: a846 a72a 0000 0000 951b 5400 0000 0000 
  OUT 000040: 0000 0000 0000 0000 0000 0000 0000 0000 
  OUT 000050: 0080 0000 0000 0000                     
CALL seq=43 fn=Method conn=2d03 class=AGXAcceleratorG16G sel=9(0x9) inScalarCnt=0 inStructCnt=104
  IN.struct len=104
  IN 000000: 0000 0000 0000 0000 0080 0100 0100 0000 
  IN 000010: 0101 0001 30c4 0000 0000 0000 0000 0000 
  IN 000020: 0000 0000 0000 0000 0000 0000 0000 0000 
  IN 000030: 0000 0000 0000 0000 0000 0000 0000 0000 
  IN 000040: 0000 0000 0000 0000 0080 0000 0000 0000 
  IN 000050: 0000 0000 0000 0000 0000 0038 0000 0000 
  IN 000060: 0000 0000 0000 0000                     
RET  seq=43 conn=2d03 sel=9(0x9) ret=0x0 outStructCnt=88
  OUT.struct len=88
  OUT 000000: 0080 0200 0000 0000 0040 1207 0100 0000 
  OUT 000010: 4014 6a02 0100 0000 0000 0000 0000 0000 
  OUT 000020: 0000 0000 1b00 0000 0080 0000 0000 0000 
  OUT 000030: a946 a72a 0000 0000 961b 5400 0000 0000 
  OUT 000040: 0000 0000 0000 0000 0000 0000 0000 0000 
  OUT 000050: 0080 0000 0000 0000                     
CALL seq=44 fn=Method conn=2d03 class=AGXAcceleratorG16G sel=9(0x9) inScalarCnt=0 inStructCnt=104
  IN.struct len=104
  IN 000000: 0000 0000 0000 0000 0080 0100 0100 0000 
  IN 000010: 0101 0001 30c4 0000 0000 0000 0000 0000 
  IN 000020: 0000 0000 0000 0000 0000 0000 0000 0000 
  IN 000030: 0000 0000 0000 0000 0000 0000 0000 0000 
  IN 000040: 0000 0000 0000 0000 0080 0000 0000 0000 
  IN 000050: 0000 0000 0000 0000 0000 0038 0000 0000 
  IN 000060: 0000 0000 0000 0000                     
RET  seq=44 conn=2d03 sel=9(0x9) ret=0x0 outStructCnt=88
  OUT.struct len=88
  OUT 000000: 0080 0300 0000 0000 00c0 1207 0100 0000 
  OUT 000010: 0015 6a02 0100 0000 0000 0000 0000 0000 
  OUT 000020: 0000 0000 1c00 0000 0080 0000 0000 0000 
  OUT 000030: aa46 a72a 0000 0000 971b 5400 0000 0000 
  OUT 000040: 0000 0000 0000 0000 0000 0000 0000 0000 
  OUT 000050: 0080 0000 0000 0000                     
CALL seq=45 fn=Method conn=2d03 class=AGXAcceleratorG16G sel=9(0x9) inScalarCnt=0 inStructCnt=104
  IN.struct len=104
  IN 000000: 0000 0000 0000 0000 0080 0100 0100 0000 
  IN 000010: 0101 0001 3044 0000 0000 0000 0000 0000 
  IN 000020: 0000 0000 0000 0000 0000 0000 0000 0000 
  IN 000030: 0000 0000 0000 0000 0000 0000 0000 0000 
  IN 000040: 0000 0000 0000 0000 0080 0000 0000 0000 
  IN 000050: 0000 0000 0000 0000 0000 0008 4800 0000 
  IN 000060: 0000 0000 0000 0000                     
RET  seq=45 conn=2d03 sel=9(0x9) ret=0x0 outStructCnt=88
  OUT.struct len=88
  OUT 000000: 0000 1000 0001 0000 0040 1307 0100 0000 
  OUT 000010: c015 6a02 0100 0000 0000 0000 0000 0000 
  OUT 000020: 0000 0000 1d00 0000 0080 0000 0000 0000 
  OUT 000030: ab46 a72a 0000 0000 981b 5400 0000 0000 
  OUT 000040: 0000 0000 0000 0000 0000 0000 0000 0000 
  OUT 000050: 0080 0000 0000 0000                     
CALL seq=46 fn=Method conn=2d03 class=AGXAcceleratorG16G sel=9(0x9) inScalarCnt=0 inStructCnt=104
  IN.struct len=104
  IN 000000: 0000 0000 0000 0000 0080 0100 0100 0000 
  IN 000010: 0101 0001 3044 0000 0000 0000 0000 0000 
  IN 000020: 0000 0000 0000 0000 0000 0000 0000 0000 
  IN 000030: 0000 0000 0000 0000 0000 0000 0000 0000 
  IN 000040: 0000 0000 0000 0000 0080 0000 0000 0000 
  IN 000050: 0000 0000 0000 0000 0000 0008 0000 0000 
  IN 000060: 0000 0000 0000 0000                     
RET  seq=46 conn=2d03 sel=9(0x9) ret=0x0 outStructCnt=88
  OUT.struct len=88
  OUT 000000: 0000 1100 0001 0000 00c0 1307 0100 0000 
  OUT 000010: 8016 6a02 0100 0000 0000 0000 0000 0000 
  OUT 000020: 0000 0000 1e00 0000 0080 0000 0000 0000 
  OUT 000030: ac46 a72a 0000 0000 991b 5400 0000 0000 
  OUT 000040: 0000 0000 0000 0000 0000 0000 0000 0000 
  OUT 000050: 0080 0000 0000 0000                     
CALL seq=47 fn=Method conn=2d03 class=AGXAcceleratorG16G sel=9(0x9) inScalarCnt=0 inStructCnt=104
  IN.struct len=104
  IN 000000: 0000 0000 0000 0000 0080 0100 0100 0000 
  IN 000010: 0101 0001 3044 0000 0000 0000 0000 0000 
  IN 000020: 0000 0000 0000 0000 0000 0000 0000 0000 
  IN 000030: 0000 0000 0000 0000 0000 0000 0000 0000 
  IN 000040: 0000 0000 0000 0000 0080 0000 0000 0000 
  IN 000050: 0000 0000 0000 0000 0000 0018 0000 0000 
  IN 000060: 0000 0000 0000 0000                     
RET  seq=47 conn=2d03 sel=9(0x9) ret=0x0 outStructCnt=88
  OUT.struct len=88
  OUT 000000: 0000 1200 0001 0000 0040 1407 0100 0000 
  OUT 000010: 4017 6a02 0100 0000 0000 0000 0000 0000 
  OUT 000020: 0000 0000 1f00 0000 0080 0000 0000 0000 
  OUT 000030: ad46 a72a 0000 0000 9a1b 5400 0000 0000 
  OUT 000040: 0000 0000 0000 0000 0000 0000 0000 0000 
  OUT 000050: 0080 0000 0000 0000                     
CALL seq=48 fn=Method conn=2d03 class=AGXAcceleratorG16G sel=9(0x9) inScalarCnt=0 inStructCnt=104
  IN.struct len=104
  IN 000000: 0000 0000 0000 0000 0080 0100 0100 0000 
  IN 000010: 0101 0001 3044 0000 0000 0000 0000 0000 
  IN 000020: 0000 0000 0000 0000 0000 0000 0000 0000 
  IN 000030: 0000 0000 0000 0000 0000 0000 0000 0000 
  IN 000040: 0000 0000 0000 0000 0080 0000 0000 0000 
  IN 000050: 0000 0000 0000 0000 0000 0018 0000 0000 
  IN 000060: 0000 0000 0000 0000                     
RET  seq=48 conn=2d03 sel=9(0x9) ret=0x0 outStructCnt=88
  OUT.struct len=88
  OUT 000000: 0000 1300 0001 0000 00c0 1407 0100 0000 
  OUT 000010: 0018 6a02 0100 0000 0000 0000 0000 0000 
  OUT 000020: 0000 0000 2000 0000 0080 0000 0000 0000 
  OUT 000030: ae46 a72a 0000 0000 9b1b 5400 0000 0000 
  OUT 000040: 0000 0000 0000 0000 0000 0000 0000 0000 
  OUT 000050: 0080 0000 0000 0000                     
CALL seq=49 fn=Method conn=2d03 class=AGXAcceleratorG16G sel=9(0x9) inScalarCnt=0 inStructCnt=104
  IN.struct len=104
  IN 000000: 0000 0000 0000 0000 0000 0100 0100 0000 
  IN 000010: 0101 0001 3044 0000 0000 0000 0000 0000 
  IN 000020: 0000 0000 0000 0000 0000 0000 0000 0000 
  IN 000030: 0000 0000 0000 0000 0000 0000 0000 0000 
  IN 000040: 0000 0000 0000 0000 0000 1000 0000 0000 
  IN 000050: 0000 0000 0000 0000 0000 0018 0000 0000 
  IN 000060: 0000 0000 0000 0000                     
RET  seq=49 conn=2d03 sel=9(0x9) ret=0x0 outStructCnt=88
  OUT.struct len=88
  OUT 000000: 0000 1400 0001 0000 0040 1507 0100 0000 
  OUT 000010: c018 6a02 0100 0000 0000 0000 0000 0000 
  OUT 000020: 0000 0000 2100 0000 0000 1000 0000 0000 
  OUT 000030: af46 a72a 0000 0000 9c1b 5400 0000 0000 
  OUT 000040: 0000 0000 0000 0000 0000 0000 0000 0000 
  OUT 000050: 0000 1000 0000 0000                     
CALL seq=50 fn=Method conn=2d03 class=AGXAcceleratorG16G sel=9(0x9) inScalarCnt=0 inStructCnt=104
  IN.struct len=104
  IN 000000: 0000 0000 0000 0000 0080 0100 0100 0000 
  IN 000010: 0101 0001 30c4 0000 0000 0000 0000 0000 
  IN 000020: 0000 0000 0000 0000 0000 0000 0000 0000 
  IN 000030: 0000 0000 0000 0000 0000 0000 0000 0000 
  IN 000040: 0000 0000 0000 0000 0080 0000 0000 0000 
  IN 000050: 0000 0000 0000 0000 0000 0038 0000 0000 
  IN 000060: 0000 0000 0000 0000                     
RET  seq=50 conn=2d03 sel=9(0x9) ret=0x0 outStructCnt=88
  OUT.struct len=88
  OUT 000000: 0080 0400 0000 0000 0040 2507 0100 0000 
  OUT 000010: 8019 6a02 0100 0000 0000 0000 0000 0000 
  OUT 000020: 0000 0000 2200 0000 0080 0000 0000 0000 
  OUT 000030: b046 a72a 0000 0000 9d1b 5400 0000 0000 
  OUT 000040: 0000 0000 0000 0000 0000 0000 0000 0000 
  OUT 000050: 0080 0000 0000 0000                     
CALL seq=51 fn=Method conn=2d03 class=AGXAcceleratorG16G sel=9(0x9) inScalarCnt=0 inStructCnt=104
  IN.struct len=104
  IN 000000: 0000 0000 0000 0000 0080 0100 0100 0000 
  IN 000010: 0101 0001 3044 0000 0000 0000 0000 0000 
  IN 000020: 0000 0000 0000 0000 0000 0000 0000 0000 
  IN 000030: 0000 0000 0000 0000 0000 0000 0000 0000 
  IN 000040: 0000 0000 0000 0000 0080 0000 0000 0000 
  IN 000050: 0000 0000 0000 0000 0000 0018 0000 0000 
  IN 000060: 0000 0000 0000 0000                     
RET  seq=51 conn=2d03 sel=9(0x9) ret=0x0 outStructCnt=88
  OUT.struct len=88
  OUT 000000: 0080 2400 0001 0000 00c0 2507 0100 0000 
  OUT 000010: 401a 6a02 0100 0000 0000 0000 0000 0000 
  OUT 000020: 0000 0000 2300 0000 0080 0000 0000 0000 
  OUT 000030: b146 a72a 0000 0000 9e1b 5400 0000 0000 
  OUT 000040: 0000 0000 0000 0000 0000 0000 0000 0000 
  OUT 000050: 0080 0000 0000 0000                     
CALL seq=52 fn=Method conn=2d03 class=AGXAcceleratorG16G sel=9(0x9) inScalarCnt=0 inStructCnt=104
  IN.struct len=104
  IN 000000: 0000 0000 0000 0000 0080 0100 0100 0000 
  IN 000010: 0101 0001 3044 0000 0000 0000 0000 0000 
  IN 000020: 0000 0000 0000 0000 0000 0000 0000 0000 
  IN 000030: 0000 0000 0000 0000 0000 0000 0000 0000 
  IN 000040: 0000 0000 0000 0000 0080 0000 0000 0000 
  IN 000050: 0000 0000 0000 0000 0000 0008 0000 0000 
  IN 000060: 0000 0000 0000 0000                     
RET  seq=52 conn=2d03 sel=9(0x9) ret=0x0 outStructCnt=88
  OUT.struct len=88
  OUT 000000: 0080 2500 0001 0000 0040 2607 0100 0000 
  OUT 000010: 001b 6a02 0100 0000 0000 0000 0000 0000 
  OUT 000020: 0000 0000 2400 0000 0080 0000 0000 0000 
  OUT 000030: b246 a72a 0000 0000 9f1b 5400 0000 0000 
  OUT 000040: 0000 0000 0000 0000 0000 0000 0000 0000 
  OUT 000050: 0080 0000 0000 0000                     
CALL seq=53 fn=Method conn=2d03 class=AGXAcceleratorG16G sel=9(0x9) inScalarCnt=0 inStructCnt=104
  IN.struct len=104
  IN 000000: 0000 0000 0000 0000 0080 0100 0100 0000 
  IN 000010: 0101 0001 3044 0000 0000 0000 0000 0000 
  IN 000020: 0000 0000 0000 0000 0000 0000 0000 0000 
  IN 000030: 0000 0000 0000 0000 0000 0000 0000 0000 
  IN 000040: 0000 0000 0000 0000 0080 0000 0000 0000 
  IN 000050: 0000 0000 0000 0000 0000 0008 0000 0000 
  IN 000060: 0000 0000 0000 0000                     
RET  seq=53 conn=2d03 sel=9(0x9) ret=0x0 outStructCnt=88
  OUT.struct len=88
  OUT 000000: 0080 2600 0001 0000 00c0 2607 0100 0000 
  OUT 000010: c01b 6a02 0100 0000 0000 0000 0000 0000 
  OUT 000020: 0000 0000 2500 0000 0080 0000 0000 0000 
  OUT 000030: b346 a72a 0000 0000 a01b 5400 0000 0000 
  OUT 000040: 0000 0000 0000 0000 0000 0000 0000 0000 
  OUT 000050: 0080 0000 0000 0000                     
CALL seq=54 fn=Method conn=2d03 class=AGXAcceleratorG16G sel=9(0x9) inScalarCnt=0 inStructCnt=104
  IN.struct len=104
  IN 000000: 0000 0000 0000 0000 0080 0100 0100 0000 
  IN 000010: 0101 0001 3044 0000 0000 0000 0000 0000 
  IN 000020: 0000 0000 0000 0000 0000 0000 0000 0000 
  IN 000030: 0000 0000 0000 0000 0000 0000 0000 0000 
  IN 000040: 0000 0000 0000 0000 0080 0000 0000 0000 
  IN 000050: 0000 0000 0000 0000 0000 0008 0000 0000 
  IN 000060: 0000 0000 0000 0000                     
RET  seq=54 conn=2d03 sel=9(0x9) ret=0x0 outStructCnt=88
  OUT.struct len=88
  OUT 000000: 0080 2700 0001 0000 0040 2707 0100 0000 
  OUT 000010: 801c 6a02 0100 0000 0000 0000 0000 0000 
  OUT 000020: 0000 0000 2600 0000 0080 0000 0000 0000 
  OUT 000030: b446 a72a 0000 0000 a11b 5400 0000 0000 
  OUT 000040: 0000 0000 0000 0000 0000 0000 0000 0000 
  OUT 000050: 0080 0000 0000 0000                     
CALL seq=55 fn=Method conn=2d03 class=AGXAcceleratorG16G sel=9(0x9) inScalarCnt=0 inStructCnt=104
  IN.struct len=104
  IN 000000: 0000 0000 0000 0000 0080 0100 0100 0000 
  IN 000010: 0101 0001 3044 0000 0000 0000 0000 0000 
  IN 000020: 0000 0000 0000 0000 0000 0000 0000 0000 
  IN 000030: 0000 0000 0000 0000 0000 0000 0000 0000 
  IN 000040: 0000 0000 0000 0000 0080 0000 0000 0000 
  IN 000050: 0000 0000 0000 0000 0000 0008 0000 0000 
  IN 000060: 0000 0000 0000 0000                     
RET  seq=55 conn=2d03 sel=9(0x9) ret=0x0 outStructCnt=88
  OUT.struct len=88
  OUT 000000: 0080 2800 0001 0000 00c0 2707 0100 0000 
  OUT 000010: 401d 6a02 0100 0000 0000 0000 0000 0000 
  OUT 000020: 0000 0000 2700 0000 0080 0000 0000 0000 
  OUT 000030: b546 a72a 0000 0000 a21b 5400 0000 0000 
  OUT 000040: 0000 0000 0000 0000 0000 0000 0000 0000 
  OUT 000050: 0080 0000 0000 0000                     
CALL seq=56 fn=Method conn=2d03 class=AGXAcceleratorG16G sel=9(0x9) inScalarCnt=0 inStructCnt=104
  IN.struct len=104
  IN 000000: 0000 0000 0000 0000 0080 0100 0100 0000 
  IN 000010: 0101 0001 30c4 0000 0000 0000 0000 0000 
  IN 000020: 0000 0000 0000 0000 0000 0000 0000 0000 
  IN 000030: 0000 0000 0000 0000 0000 0000 0000 0000 
  IN 000040: 0000 0000 0000 0000 0080 0000 0000 0000 
  IN 000050: 0000 0000 0000 0000 0000 0048 0000 0000 
  IN 000060: 0000 0000 0000 0000                     
RET  seq=56 conn=2d03 sel=9(0x9) ret=0x0 outStructCnt=88
  OUT.struct len=88
  OUT 000000: 0080 0500 0000 0000 0040 2807 0100 0000 
  OUT 000010: 001e 6a02 0100 0000 0000 0000 0000 0000 
  OUT 000020: 0000 0000 2800 0000 0080 0000 0000 0000 
  OUT 000030: b646 a72a 0000 0000 a31b 5400 0000 0000 
  OUT 000040: 0000 0000 0000 0000 0000 0000 0000 0000 
  OUT 000050: 0080 0000 0000 0000                     
CALL seq=57 fn=Method conn=2d03 class=AGXAcceleratorG16G sel=9(0x9) inScalarCnt=0 inStructCnt=104
  IN.struct len=104
  IN 000000: 0000 0000 0000 0000 e088 0100 0100 0000 
  IN 000010: 0101 0001 30c4 0000 0000 0000 0000 0000 
  IN 000020: 0000 0000 0000 0000 0000 0000 0000 0000 
  IN 000030: 0000 0000 0000 0000 0000 0000 0000 0000 
  IN 000040: 0000 0000 0000 0000 e088 0000 0000 0000 
  IN 000050: 0000 0000 0000 0000 0000 0048 0000 0000 
  IN 000060: 0000 0000 0000 0000                     
RET  seq=57 conn=2d03 sel=9(0x9) ret=0x0 outStructCnt=88
  OUT.struct len=88
  OUT 000000: 0080 0600 0000 0000 00c0 2807 0100 0000 
  OUT 000010: c01e 6a02 0100 0000 0000 0000 0000 0000 
  OUT 000020: 0000 0000 2900 0000 00c0 0000 0000 0000 
  OUT 000030: b746 a72a 0000 0000 a41b 5400 0000 0000 
  OUT 000040: 0000 0000 0000 0000 0000 0000 0000 0000 
  OUT 000050: 00c0 0000 0000 0000                     
CALL seq=58 fn=Method conn=2d03 class=AGXAcceleratorG16G sel=9(0x9) inScalarCnt=0 inStructCnt=104
  IN.struct len=104
  IN 000000: 0000 0000 0000 0000 0000 0100 0100 0000 
  IN 000010: 0101 0001 3044 0000 0000 0000 0000 0000 
  IN 000020: 0000 0000 0000 0000 0000 0000 0000 0000 
  IN 000030: 0000 0000 0000 0000 0000 0000 0000 0000 
  IN 000040: 0000 0000 0000 0000 0000 0c00 0000 0000 
  IN 000050: 0000 0000 0000 0000 0000 0008 0000 0000 
  IN 000060: 0000 0000 0000 0000                     
RET  seq=58 conn=2d03 sel=9(0x9) ret=0x0 outStructCnt=88
  OUT.struct len=88
  OUT 000000: 0080 2900 0001 0000 0080 2907 0100 0000 
  OUT 000010: 801f 6a02 0100 0000 0000 0000 0000 0000 
  OUT 000020: 0000 0000 2a00 0000 0000 0c00 0000 0000 
  OUT 000030: b846 a72a 0000 0000 a51b 5400 0000 0000 
  OUT 000040: 0000 0000 0000 0000 0000 0000 0000 0000 
  OUT 000050: 0000 0c00 0000 0000                     
BODUMP begin reason=sigusr1 n_bo=40
BODUMP handle=0 gpu_va=0x10000000000 cpu=0x1026b4000 size=0x10000 read=0x10000 -> /Users/user/asahi_re/public/agx-re/experiments/EXP-0042-graphics-code-selection/raw/run_ab_p0/maps/dump00/bo_sigusr1_h0_va10000000000_cpu1026b4000_sz10000.hex
BODUMP handle=0 gpu_va=0x6f00000000 cpu=0x1026c4000 size=0x3800 read=0x3800 -> /Users/user/asahi_re/public/agx-re/experiments/EXP-0042-graphics-code-selection/raw/run_ab_p0/maps/dump00/bo_sigusr1_h0_va6f00000000_cpu1026c4000_sz3800.hex
BODUMP handle=0 gpu_va=0x10000018000 cpu=0x1026fc000 size=0x20000 read=0x20000 -> /Users/user/asahi_re/public/agx-re/experiments/EXP-0042-graphics-code-selection/raw/run_ab_p0/maps/dump00/bo_sigusr1_h0_va10000018000_cpu1026fc000_sz20000.hex
BODUMP handle=0 gpu_va=0x10000040000 cpu=0x10271c000 size=0x10000 read=0x10000 -> /Users/user/asahi_re/public/agx-re/experiments/EXP-0042-graphics-code-selection/raw/run_ab_p0/maps/dump00/bo_sigusr1_h0_va10000040000_cpu10271c000_sz10000.hex
BODUMP handle=0 gpu_va=0x0 cpu=0x10272c000 size=0x10000 read=0x10000 -> /Users/user/asahi_re/public/agx-re/experiments/EXP-0042-graphics-code-selection/raw/run_ab_p0/maps/dump00/bo_sigusr1_h0_va0_cpu10272c000_sz10000.hex
BODUMP handle=0 gpu_va=0x10000018200 cpu=0x1026fc200 size=0x20000 read=0x20000 -> /Users/user/asahi_re/public/agx-re/experiments/EXP-0042-graphics-code-selection/raw/run_ab_p0/maps/dump00/bo_sigusr1_h0_va10000018200_cpu1026fc200_sz20000.hex
BODUMP handle=0 gpu_va=0x10000018300 cpu=0x1026fc300 size=0x20000 read=0x20000 -> /Users/user/asahi_re/public/agx-re/experiments/EXP-0042-graphics-code-selection/raw/run_ab_p0/maps/dump00/bo_sigusr1_h0_va10000018300_cpu1026fc300_sz20000.hex
BODUMP handle=0 gpu_va=0x10000018400 cpu=0x1026fc400 size=0x20000 read=0x20000 -> /Users/user/asahi_re/public/agx-re/experiments/EXP-0042-graphics-code-selection/raw/run_ab_p0/maps/dump00/bo_sigusr1_h0_va10000018400_cpu1026fc400_sz20000.hex
BODUMP handle=0 gpu_va=0x10000058000 cpu=0x102b74000 size=0x4000 read=0x4000 -> /Users/user/asahi_re/public/agx-re/experiments/EXP-0042-graphics-code-selection/raw/run_ab_p0/maps/dump00/bo_sigusr1_h0_va10000058000_cpu102b74000_sz4000.hex
BODUMP handle=0 gpu_va=0x10000018500 cpu=0x1026fc500 size=0x20000 read=0x20000 -> /Users/user/asahi_re/public/agx-re/experiments/EXP-0042-graphics-code-selection/raw/run_ab_p0/maps/dump00/bo_sigusr1_h0_va10000018500_cpu1026fc500_sz20000.hex
BODUMP handle=0 gpu_va=0x10000018700 cpu=0x1026fc700 size=0x20000 read=0x20000 -> /Users/user/asahi_re/public/agx-re/experiments/EXP-0042-graphics-code-selection/raw/run_ab_p0/maps/dump00/bo_sigusr1_h0_va10000018700_cpu1026fc700_sz20000.hex
BODUMP handle=0 gpu_va=0x10000018900 cpu=0x1026fc900 size=0x20000 read=0x20000 -> /Users/user/asahi_re/public/agx-re/experiments/EXP-0042-graphics-code-selection/raw/run_ab_p0/maps/dump00/bo_sigusr1_h0_va10000018900_cpu1026fc900_sz20000.hex
BODUMP handle=0 gpu_va=0x10000018a00 cpu=0x1026fca00 size=0x20000 read=0x20000 -> /Users/user/asahi_re/public/agx-re/experiments/EXP-0042-graphics-code-selection/raw/run_ab_p0/maps/dump00/bo_sigusr1_h0_va10000018a00_cpu1026fca00_sz20000.hex
BODUMP handle=0 gpu_va=0x10000018b00 cpu=0x1026fcb00 size=0x20000 read=0x20000 -> /Users/user/asahi_re/public/agx-re/experiments/EXP-0042-graphics-code-selection/raw/run_ab_p0/maps/dump00/bo_sigusr1_h0_va10000018b00_cpu1026fcb00_sz20000.hex
BODUMP handle=0 gpu_va=0x10000018c00 cpu=0x1026fcc00 size=0x20000 read=0x20000 -> /Users/user/asahi_re/public/agx-re/experiments/EXP-0042-graphics-code-selection/raw/run_ab_p0/maps/dump00/bo_sigusr1_h0_va10000018c00_cpu1026fcc00_sz20000.hex
BODUMP handle=0 gpu_va=0x10000019c00 cpu=0x1026fdc00 size=0x20000 read=0x20000 -> /Users/user/asahi_re/public/agx-re/experiments/EXP-0042-graphics-code-selection/raw/run_ab_p0/maps/dump00/bo_sigusr1_h0_va10000019c00_cpu1026fdc00_sz20000.hex
BODUMP handle=0 gpu_va=0x10000019d00 cpu=0x1026fdd00 size=0x20000 read=0x20000 -> /Users/user/asahi_re/public/agx-re/experiments/EXP-0042-graphics-code-selection/raw/run_ab_p0/maps/dump00/bo_sigusr1_h0_va10000019d00_cpu1026fdd00_sz20000.hex
BODUMP handle=0 gpu_va=0x10000019e00 cpu=0x1026fde00 size=0x20000 read=0x20000 -> /Users/user/asahi_re/public/agx-re/experiments/EXP-0042-graphics-code-selection/raw/run_ab_p0/maps/dump00/bo_sigusr1_h0_va10000019e00_cpu1026fde00_sz20000.hex
BODUMP handle=0 gpu_va=0x10000019f00 cpu=0x1026fdf00 size=0x20000 read=0x20000 -> /Users/user/asahi_re/public/agx-re/experiments/EXP-0042-graphics-code-selection/raw/run_ab_p0/maps/dump00/bo_sigusr1_h0_va10000019f00_cpu1026fdf00_sz20000.hex
BODUMP handle=0 gpu_va=0x1000001a700 cpu=0x1026fe700 size=0x20000 read=0x20000 -> /Users/user/asahi_re/public/agx-re/experiments/EXP-0042-graphics-code-selection/raw/run_ab_p0/maps/dump00/bo_sigusr1_h0_va1000001a700_cpu1026fe700_sz20000.hex
BODUMP handle=0 gpu_va=0x1000001a800 cpu=0x1026fe800 size=0x20000 read=0x20000 -> /Users/user/asahi_re/public/agx-re/experiments/EXP-0042-graphics-code-selection/raw/run_ab_p0/maps/dump00/bo_sigusr1_h0_va1000001a800_cpu1026fe800_sz20000.hex
BODUMP handle=0 gpu_va=0x10000060000 cpu=0x102b7c000 size=0x20000 read=0x20000 -> /Users/user/asahi_re/public/agx-re/experiments/EXP-0042-graphics-code-selection/raw/run_ab_p0/maps/dump00/bo_sigusr1_h0_va10000060000_cpu102b7c000_sz20000.hex
BODUMP handle=0 gpu_va=0x10000088000 cpu=0x1070b0000 size=0x74000 read=0x74000 -> /Users/user/asahi_re/public/agx-re/experiments/EXP-0042-graphics-code-selection/raw/run_ab_p0/maps/dump00/bo_sigusr1_h0_va10000088000_cpu1070b0000_sz74000.hex
BODUMP handle=0 gpu_va=0x18000 cpu=0x102ba4000 size=0x8000 read=0x8000 -> /Users/user/asahi_re/public/agx-re/experiments/EXP-0042-graphics-code-selection/raw/run_ab_p0/maps/dump00/bo_sigusr1_h0_va18000_cpu102ba4000_sz8000.hex
BODUMP handle=0 gpu_va=0x28000 cpu=0x107124000 size=0x8000 read=0x8000 -> /Users/user/asahi_re/public/agx-re/experiments/EXP-0042-graphics-code-selection/raw/run_ab_p0/maps/dump00/bo_sigusr1_h0_va28000_cpu107124000_sz8000.hex
BODUMP handle=0 gpu_va=0x38000 cpu=0x10712c000 size=0x8000 read=0x8000 -> /Users/user/asahi_re/public/agx-re/experiments/EXP-0042-graphics-code-selection/raw/run_ab_p0/maps/dump00/bo_sigusr1_h0_va38000_cpu10712c000_sz8000.hex
BODUMP handle=0 gpu_va=0x10000100000 cpu=0x107134000 size=0x8000 read=0x8000 -> /Users/user/asahi_re/public/agx-re/experiments/EXP-0042-graphics-code-selection/raw/run_ab_p0/maps/dump00/bo_sigusr1_h0_va10000100000_cpu107134000_sz8000.hex
BODUMP handle=0 gpu_va=0x10000110000 cpu=0x10713c000 size=0x8000 read=0x8000 -> /Users/user/asahi_re/public/agx-re/experiments/EXP-0042-graphics-code-selection/raw/run_ab_p0/maps/dump00/bo_sigusr1_h0_va10000110000_cpu10713c000_sz8000.hex
BODUMP handle=0 gpu_va=0x10000120000 cpu=0x107144000 size=0x8000 read=0x8000 -> /Users/user/asahi_re/public/agx-re/experiments/EXP-0042-graphics-code-selection/raw/run_ab_p0/maps/dump00/bo_sigusr1_h0_va10000120000_cpu107144000_sz8000.hex
BODUMP handle=0 gpu_va=0x10000130000 cpu=0x10714c000 size=0x8000 read=0x8000 -> /Users/user/asahi_re/public/agx-re/experiments/EXP-0042-graphics-code-selection/raw/run_ab_p0/maps/dump00/bo_sigusr1_h0_va10000130000_cpu10714c000_sz8000.hex
BODUMP handle=0 gpu_va=0x10000140000 cpu=0x107154000 size=0x100000 read=0x100000 -> /Users/user/asahi_re/public/agx-re/experiments/EXP-0042-graphics-code-selection/raw/run_ab_p0/maps/dump00/bo_sigusr1_h0_va10000140000_cpu107154000_sz100000.hex
BODUMP handle=0 gpu_va=0x48000 cpu=0x107254000 size=0x8000 read=0x8000 -> /Users/user/asahi_re/public/agx-re/experiments/EXP-0042-graphics-code-selection/raw/run_ab_p0/maps/dump00/bo_sigusr1_h0_va48000_cpu107254000_sz8000.hex
BODUMP handle=0 gpu_va=0x10000248000 cpu=0x10725c000 size=0x8000 read=0x8000 -> /Users/user/asahi_re/public/agx-re/experiments/EXP-0042-graphics-code-selection/raw/run_ab_p0/maps/dump00/bo_sigusr1_h0_va10000248000_cpu10725c000_sz8000.hex
BODUMP handle=0 gpu_va=0x10000258000 cpu=0x107264000 size=0x8000 read=0x8000 -> /Users/user/asahi_re/public/agx-re/experiments/EXP-0042-graphics-code-selection/raw/run_ab_p0/maps/dump00/bo_sigusr1_h0_va10000258000_cpu107264000_sz8000.hex
BODUMP handle=0 gpu_va=0x10000268000 cpu=0x10726c000 size=0x8000 read=0x8000 -> /Users/user/asahi_re/public/agx-re/experiments/EXP-0042-graphics-code-selection/raw/run_ab_p0/maps/dump00/bo_sigusr1_h0_va10000268000_cpu10726c000_sz8000.hex
BODUMP handle=0 gpu_va=0x10000278000 cpu=0x107274000 size=0x8000 read=0x8000 -> /Users/user/asahi_re/public/agx-re/experiments/EXP-0042-graphics-code-selection/raw/run_ab_p0/maps/dump00/bo_sigusr1_h0_va10000278000_cpu107274000_sz8000.hex
BODUMP handle=0 gpu_va=0x10000288000 cpu=0x10727c000 size=0x8000 read=0x8000 -> /Users/user/asahi_re/public/agx-re/experiments/EXP-0042-graphics-code-selection/raw/run_ab_p0/maps/dump00/bo_sigusr1_h0_va10000288000_cpu10727c000_sz8000.hex
BODUMP handle=0 gpu_va=0x58000 cpu=0x107284000 size=0x8000 read=0x8000 -> /Users/user/asahi_re/public/agx-re/experiments/EXP-0042-graphics-code-selection/raw/run_ab_p0/maps/dump00/bo_sigusr1_h0_va58000_cpu107284000_sz8000.hex
BODUMP handle=0 gpu_va=0x68000 cpu=0x10728c000 size=0x88e0 read=0x88e0 -> /Users/user/asahi_re/public/agx-re/experiments/EXP-0042-graphics-code-selection/raw/run_ab_p0/maps/dump00/bo_sigusr1_h0_va68000_cpu10728c000_sz88e0.hex
BODUMP handle=0 gpu_va=0x10000298000 cpu=0x107298000 size=0xc0000 read=0xc0000 -> /Users/user/asahi_re/public/agx-re/experiments/EXP-0042-graphics-code-selection/raw/run_ab_p0/maps/dump00/bo_sigusr1_h0_va10000298000_cpu107298000_szc0000.hex
BODUMP end reason=sigusr1
MAPDUMP reason=sigusr1 seq=58 conn=0 memType=0x00005e15 addr=0x1026ac000 size=0x4000 read=0x4000 -> /Users/user/asahi_re/public/agx-re/experiments/EXP-0042-graphics-code-selection/raw/run_ab_p0/maps/dump00/map_seq000058_conn0_type00005e15_at1026ac000_sz4000.hex
MAPDUMP reason=sigusr1 seq=58 conn=0 memType=0x00005e15 addr=0x1026a0000 size=0x4000 read=0x4000 -> /Users/user/asahi_re/public/agx-re/experiments/EXP-0042-graphics-code-selection/raw/run_ab_p0/maps/dump00/map_seq000058_conn0_type00005e15_at1026a0000_sz4000.hex
BODUMP begin reason=sigusr1 n_bo=40
BODUMP handle=0 gpu_va=0x10000000000 cpu=0x1026b4000 size=0x10000 read=0x10000 -> /Users/user/asahi_re/public/agx-re/experiments/EXP-0042-graphics-code-selection/raw/run_ab_p0/maps/dump01/bo_sigusr1_h0_va10000000000_cpu1026b4000_sz10000.hex
BODUMP handle=0 gpu_va=0x6f00000000 cpu=0x1026c4000 size=0x3800 read=0x3800 -> /Users/user/asahi_re/public/agx-re/experiments/EXP-0042-graphics-code-selection/raw/run_ab_p0/maps/dump01/bo_sigusr1_h0_va6f00000000_cpu1026c4000_sz3800.hex
BODUMP handle=0 gpu_va=0x10000018000 cpu=0x1026fc000 size=0x20000 read=0x20000 -> /Users/user/asahi_re/public/agx-re/experiments/EXP-0042-graphics-code-selection/raw/run_ab_p0/maps/dump01/bo_sigusr1_h0_va10000018000_cpu1026fc000_sz20000.hex
BODUMP handle=0 gpu_va=0x10000040000 cpu=0x10271c000 size=0x10000 read=0x10000 -> /Users/user/asahi_re/public/agx-re/experiments/EXP-0042-graphics-code-selection/raw/run_ab_p0/maps/dump01/bo_sigusr1_h0_va10000040000_cpu10271c000_sz10000.hex
BODUMP handle=0 gpu_va=0x0 cpu=0x10272c000 size=0x10000 read=0x10000 -> /Users/user/asahi_re/public/agx-re/experiments/EXP-0042-graphics-code-selection/raw/run_ab_p0/maps/dump01/bo_sigusr1_h0_va0_cpu10272c000_sz10000.hex
BODUMP handle=0 gpu_va=0x10000018200 cpu=0x1026fc200 size=0x20000 read=0x20000 -> /Users/user/asahi_re/public/agx-re/experiments/EXP-0042-graphics-code-selection/raw/run_ab_p0/maps/dump01/bo_sigusr1_h0_va10000018200_cpu1026fc200_sz20000.hex
BODUMP handle=0 gpu_va=0x10000018300 cpu=0x1026fc300 size=0x20000 read=0x20000 -> /Users/user/asahi_re/public/agx-re/experiments/EXP-0042-graphics-code-selection/raw/run_ab_p0/maps/dump01/bo_sigusr1_h0_va10000018300_cpu1026fc300_sz20000.hex
BODUMP handle=0 gpu_va=0x10000018400 cpu=0x1026fc400 size=0x20000 read=0x20000 -> /Users/user/asahi_re/public/agx-re/experiments/EXP-0042-graphics-code-selection/raw/run_ab_p0/maps/dump01/bo_sigusr1_h0_va10000018400_cpu1026fc400_sz20000.hex
BODUMP handle=0 gpu_va=0x10000058000 cpu=0x102b74000 size=0x4000 read=0x4000 -> /Users/user/asahi_re/public/agx-re/experiments/EXP-0042-graphics-code-selection/raw/run_ab_p0/maps/dump01/bo_sigusr1_h0_va10000058000_cpu102b74000_sz4000.hex
BODUMP handle=0 gpu_va=0x10000018500 cpu=0x1026fc500 size=0x20000 read=0x20000 -> /Users/user/asahi_re/public/agx-re/experiments/EXP-0042-graphics-code-selection/raw/run_ab_p0/maps/dump01/bo_sigusr1_h0_va10000018500_cpu1026fc500_sz20000.hex
BODUMP handle=0 gpu_va=0x10000018700 cpu=0x1026fc700 size=0x20000 read=0x20000 -> /Users/user/asahi_re/public/agx-re/experiments/EXP-0042-graphics-code-selection/raw/run_ab_p0/maps/dump01/bo_sigusr1_h0_va10000018700_cpu1026fc700_sz20000.hex
BODUMP handle=0 gpu_va=0x10000018900 cpu=0x1026fc900 size=0x20000 read=0x20000 -> /Users/user/asahi_re/public/agx-re/experiments/EXP-0042-graphics-code-selection/raw/run_ab_p0/maps/dump01/bo_sigusr1_h0_va10000018900_cpu1026fc900_sz20000.hex
BODUMP handle=0 gpu_va=0x10000018a00 cpu=0x1026fca00 size=0x20000 read=0x20000 -> /Users/user/asahi_re/public/agx-re/experiments/EXP-0042-graphics-code-selection/raw/run_ab_p0/maps/dump01/bo_sigusr1_h0_va10000018a00_cpu1026fca00_sz20000.hex
BODUMP handle=0 gpu_va=0x10000018b00 cpu=0x1026fcb00 size=0x20000 read=0x20000 -> /Users/user/asahi_re/public/agx-re/experiments/EXP-0042-graphics-code-selection/raw/run_ab_p0/maps/dump01/bo_sigusr1_h0_va10000018b00_cpu1026fcb00_sz20000.hex
BODUMP handle=0 gpu_va=0x10000018c00 cpu=0x1026fcc00 size=0x20000 read=0x20000 -> /Users/user/asahi_re/public/agx-re/experiments/EXP-0042-graphics-code-selection/raw/run_ab_p0/maps/dump01/bo_sigusr1_h0_va10000018c00_cpu1026fcc00_sz20000.hex
BODUMP handle=0 gpu_va=0x10000019c00 cpu=0x1026fdc00 size=0x20000 read=0x20000 -> /Users/user/asahi_re/public/agx-re/experiments/EXP-0042-graphics-code-selection/raw/run_ab_p0/maps/dump01/bo_sigusr1_h0_va10000019c00_cpu1026fdc00_sz20000.hex
BODUMP handle=0 gpu_va=0x10000019d00 cpu=0x1026fdd00 size=0x20000 read=0x20000 -> /Users/user/asahi_re/public/agx-re/experiments/EXP-0042-graphics-code-selection/raw/run_ab_p0/maps/dump01/bo_sigusr1_h0_va10000019d00_cpu1026fdd00_sz20000.hex
BODUMP handle=0 gpu_va=0x10000019e00 cpu=0x1026fde00 size=0x20000 read=0x20000 -> /Users/user/asahi_re/public/agx-re/experiments/EXP-0042-graphics-code-selection/raw/run_ab_p0/maps/dump01/bo_sigusr1_h0_va10000019e00_cpu1026fde00_sz20000.hex
BODUMP handle=0 gpu_va=0x10000019f00 cpu=0x1026fdf00 size=0x20000 read=0x20000 -> /Users/user/asahi_re/public/agx-re/experiments/EXP-0042-graphics-code-selection/raw/run_ab_p0/maps/dump01/bo_sigusr1_h0_va10000019f00_cpu1026fdf00_sz20000.hex
BODUMP handle=0 gpu_va=0x1000001a700 cpu=0x1026fe700 size=0x20000 read=0x20000 -> /Users/user/asahi_re/public/agx-re/experiments/EXP-0042-graphics-code-selection/raw/run_ab_p0/maps/dump01/bo_sigusr1_h0_va1000001a700_cpu1026fe700_sz20000.hex
BODUMP handle=0 gpu_va=0x1000001a800 cpu=0x1026fe800 size=0x20000 read=0x20000 -> /Users/user/asahi_re/public/agx-re/experiments/EXP-0042-graphics-code-selection/raw/run_ab_p0/maps/dump01/bo_sigusr1_h0_va1000001a800_cpu1026fe800_sz20000.hex
BODUMP handle=0 gpu_va=0x10000060000 cpu=0x102b7c000 size=0x20000 read=0x20000 -> /Users/user/asahi_re/public/agx-re/experiments/EXP-0042-graphics-code-selection/raw/run_ab_p0/maps/dump01/bo_sigusr1_h0_va10000060000_cpu102b7c000_sz20000.hex
BODUMP handle=0 gpu_va=0x10000088000 cpu=0x1070b0000 size=0x74000 read=0x74000 -> /Users/user/asahi_re/public/agx-re/experiments/EXP-0042-graphics-code-selection/raw/run_ab_p0/maps/dump01/bo_sigusr1_h0_va10000088000_cpu1070b0000_sz74000.hex
BODUMP handle=0 gpu_va=0x18000 cpu=0x102ba4000 size=0x8000 read=0x8000 -> /Users/user/asahi_re/public/agx-re/experiments/EXP-0042-graphics-code-selection/raw/run_ab_p0/maps/dump01/bo_sigusr1_h0_va18000_cpu102ba4000_sz8000.hex
BODUMP handle=0 gpu_va=0x28000 cpu=0x107124000 size=0x8000 read=0x8000 -> /Users/user/asahi_re/public/agx-re/experiments/EXP-0042-graphics-code-selection/raw/run_ab_p0/maps/dump01/bo_sigusr1_h0_va28000_cpu107124000_sz8000.hex
BODUMP handle=0 gpu_va=0x38000 cpu=0x10712c000 size=0x8000 read=0x8000 -> /Users/user/asahi_re/public/agx-re/experiments/EXP-0042-graphics-code-selection/raw/run_ab_p0/maps/dump01/bo_sigusr1_h0_va38000_cpu10712c000_sz8000.hex
BODUMP handle=0 gpu_va=0x10000100000 cpu=0x107134000 size=0x8000 read=0x8000 -> /Users/user/asahi_re/public/agx-re/experiments/EXP-0042-graphics-code-selection/raw/run_ab_p0/maps/dump01/bo_sigusr1_h0_va10000100000_cpu107134000_sz8000.hex
BODUMP handle=0 gpu_va=0x10000110000 cpu=0x10713c000 size=0x8000 read=0x8000 -> /Users/user/asahi_re/public/agx-re/experiments/EXP-0042-graphics-code-selection/raw/run_ab_p0/maps/dump01/bo_sigusr1_h0_va10000110000_cpu10713c000_sz8000.hex
BODUMP handle=0 gpu_va=0x10000120000 cpu=0x107144000 size=0x8000 read=0x8000 -> /Users/user/asahi_re/public/agx-re/experiments/EXP-0042-graphics-code-selection/raw/run_ab_p0/maps/dump01/bo_sigusr1_h0_va10000120000_cpu107144000_sz8000.hex
BODUMP handle=0 gpu_va=0x10000130000 cpu=0x10714c000 size=0x8000 read=0x8000 -> /Users/user/asahi_re/public/agx-re/experiments/EXP-0042-graphics-code-selection/raw/run_ab_p0/maps/dump01/bo_sigusr1_h0_va10000130000_cpu10714c000_sz8000.hex
BODUMP handle=0 gpu_va=0x10000140000 cpu=0x107154000 size=0x100000 read=0x100000 -> /Users/user/asahi_re/public/agx-re/experiments/EXP-0042-graphics-code-selection/raw/run_ab_p0/maps/dump01/bo_sigusr1_h0_va10000140000_cpu107154000_sz100000.hex
BODUMP handle=0 gpu_va=0x48000 cpu=0x107254000 size=0x8000 read=0x8000 -> /Users/user/asahi_re/public/agx-re/experiments/EXP-0042-graphics-code-selection/raw/run_ab_p0/maps/dump01/bo_sigusr1_h0_va48000_cpu107254000_sz8000.hex
BODUMP handle=0 gpu_va=0x10000248000 cpu=0x10725c000 size=0x8000 read=0x8000 -> /Users/user/asahi_re/public/agx-re/experiments/EXP-0042-graphics-code-selection/raw/run_ab_p0/maps/dump01/bo_sigusr1_h0_va10000248000_cpu10725c000_sz8000.hex
BODUMP handle=0 gpu_va=0x10000258000 cpu=0x107264000 size=0x8000 read=0x8000 -> /Users/user/asahi_re/public/agx-re/experiments/EXP-0042-graphics-code-selection/raw/run_ab_p0/maps/dump01/bo_sigusr1_h0_va10000258000_cpu107264000_sz8000.hex
BODUMP handle=0 gpu_va=0x10000268000 cpu=0x10726c000 size=0x8000 read=0x8000 -> /Users/user/asahi_re/public/agx-re/experiments/EXP-0042-graphics-code-selection/raw/run_ab_p0/maps/dump01/bo_sigusr1_h0_va10000268000_cpu10726c000_sz8000.hex
BODUMP handle=0 gpu_va=0x10000278000 cpu=0x107274000 size=0x8000 read=0x8000 -> /Users/user/asahi_re/public/agx-re/experiments/EXP-0042-graphics-code-selection/raw/run_ab_p0/maps/dump01/bo_sigusr1_h0_va10000278000_cpu107274000_sz8000.hex
BODUMP handle=0 gpu_va=0x10000288000 cpu=0x10727c000 size=0x8000 read=0x8000 -> /Users/user/asahi_re/public/agx-re/experiments/EXP-0042-graphics-code-selection/raw/run_ab_p0/maps/dump01/bo_sigusr1_h0_va10000288000_cpu10727c000_sz8000.hex
BODUMP handle=0 gpu_va=0x58000 cpu=0x107284000 size=0x8000 read=0x8000 -> /Users/user/asahi_re/public/agx-re/experiments/EXP-0042-graphics-code-selection/raw/run_ab_p0/maps/dump01/bo_sigusr1_h0_va58000_cpu107284000_sz8000.hex
BODUMP handle=0 gpu_va=0x68000 cpu=0x10728c000 size=0x88e0 read=0x88e0 -> /Users/user/asahi_re/public/agx-re/experiments/EXP-0042-graphics-code-selection/raw/run_ab_p0/maps/dump01/bo_sigusr1_h0_va68000_cpu10728c000_sz88e0.hex
BODUMP handle=0 gpu_va=0x10000298000 cpu=0x107298000 size=0xc0000 read=0xc0000 -> /Users/user/asahi_re/public/agx-re/experiments/EXP-0042-graphics-code-selection/raw/run_ab_p0/maps/dump01/bo_sigusr1_h0_va10000298000_cpu107298000_szc0000.hex
BODUMP end reason=sigusr1
MAPDUMP reason=sigusr1 seq=58 conn=0 memType=0x00005e15 addr=0x1026ac000 size=0x4000 read=0x4000 -> /Users/user/asahi_re/public/agx-re/experiments/EXP-0042-graphics-code-selection/raw/run_ab_p0/maps/dump01/map_seq000058_conn0_type00005e15_at1026ac000_sz4000.hex
MAPDUMP reason=sigusr1 seq=58 conn=0 memType=0x00005e15 addr=0x1026a0000 size=0x4000 read=0x4000 -> /Users/user/asahi_re/public/agx-re/experiments/EXP-0042-graphics-code-selection/raw/run_ab_p0/maps/dump01/map_seq000058_conn0_type00005e15_at1026a0000_sz4000.hex
BODUMP begin reason=sigusr1 n_bo=40
BODUMP handle=0 gpu_va=0x10000000000 cpu=0x1026b4000 size=0x10000 read=0x10000 -> /Users/user/asahi_re/public/agx-re/experiments/EXP-0042-graphics-code-selection/raw/run_ab_p0/maps/dump02/bo_sigusr1_h0_va10000000000_cpu1026b4000_sz10000.hex
BODUMP handle=0 gpu_va=0x6f00000000 cpu=0x1026c4000 size=0x3800 read=0x3800 -> /Users/user/asahi_re/public/agx-re/experiments/EXP-0042-graphics-code-selection/raw/run_ab_p0/maps/dump02/bo_sigusr1_h0_va6f00000000_cpu1026c4000_sz3800.hex
BODUMP handle=0 gpu_va=0x10000018000 cpu=0x1026fc000 size=0x20000 read=0x20000 -> /Users/user/asahi_re/public/agx-re/experiments/EXP-0042-graphics-code-selection/raw/run_ab_p0/maps/dump02/bo_sigusr1_h0_va10000018000_cpu1026fc000_sz20000.hex
BODUMP handle=0 gpu_va=0x10000040000 cpu=0x10271c000 size=0x10000 read=0x10000 -> /Users/user/asahi_re/public/agx-re/experiments/EXP-0042-graphics-code-selection/raw/run_ab_p0/maps/dump02/bo_sigusr1_h0_va10000040000_cpu10271c000_sz10000.hex
BODUMP handle=0 gpu_va=0x0 cpu=0x10272c000 size=0x10000 read=0x10000 -> /Users/user/asahi_re/public/agx-re/experiments/EXP-0042-graphics-code-selection/raw/run_ab_p0/maps/dump02/bo_sigusr1_h0_va0_cpu10272c000_sz10000.hex
BODUMP handle=0 gpu_va=0x10000018200 cpu=0x1026fc200 size=0x20000 read=0x20000 -> /Users/user/asahi_re/public/agx-re/experiments/EXP-0042-graphics-code-selection/raw/run_ab_p0/maps/dump02/bo_sigusr1_h0_va10000018200_cpu1026fc200_sz20000.hex
BODUMP handle=0 gpu_va=0x10000018300 cpu=0x1026fc300 size=0x20000 read=0x20000 -> /Users/user/asahi_re/public/agx-re/experiments/EXP-0042-graphics-code-selection/raw/run_ab_p0/maps/dump02/bo_sigusr1_h0_va10000018300_cpu1026fc300_sz20000.hex
BODUMP handle=0 gpu_va=0x10000018400 cpu=0x1026fc400 size=0x20000 read=0x20000 -> /Users/user/asahi_re/public/agx-re/experiments/EXP-0042-graphics-code-selection/raw/run_ab_p0/maps/dump02/bo_sigusr1_h0_va10000018400_cpu1026fc400_sz20000.hex
BODUMP handle=0 gpu_va=0x10000058000 cpu=0x102b74000 size=0x4000 read=0x4000 -> /Users/user/asahi_re/public/agx-re/experiments/EXP-0042-graphics-code-selection/raw/run_ab_p0/maps/dump02/bo_sigusr1_h0_va10000058000_cpu102b74000_sz4000.hex
BODUMP handle=0 gpu_va=0x10000018500 cpu=0x1026fc500 size=0x20000 read=0x20000 -> /Users/user/asahi_re/public/agx-re/experiments/EXP-0042-graphics-code-selection/raw/run_ab_p0/maps/dump02/bo_sigusr1_h0_va10000018500_cpu1026fc500_sz20000.hex
BODUMP handle=0 gpu_va=0x10000018700 cpu=0x1026fc700 size=0x20000 read=0x20000 -> /Users/user/asahi_re/public/agx-re/experiments/EXP-0042-graphics-code-selection/raw/run_ab_p0/maps/dump02/bo_sigusr1_h0_va10000018700_cpu1026fc700_sz20000.hex
BODUMP handle=0 gpu_va=0x10000018900 cpu=0x1026fc900 size=0x20000 read=0x20000 -> /Users/user/asahi_re/public/agx-re/experiments/EXP-0042-graphics-code-selection/raw/run_ab_p0/maps/dump02/bo_sigusr1_h0_va10000018900_cpu1026fc900_sz20000.hex
BODUMP handle=0 gpu_va=0x10000018a00 cpu=0x1026fca00 size=0x20000 read=0x20000 -> /Users/user/asahi_re/public/agx-re/experiments/EXP-0042-graphics-code-selection/raw/run_ab_p0/maps/dump02/bo_sigusr1_h0_va10000018a00_cpu1026fca00_sz20000.hex
BODUMP handle=0 gpu_va=0x10000018b00 cpu=0x1026fcb00 size=0x20000 read=0x20000 -> /Users/user/asahi_re/public/agx-re/experiments/EXP-0042-graphics-code-selection/raw/run_ab_p0/maps/dump02/bo_sigusr1_h0_va10000018b00_cpu1026fcb00_sz20000.hex
BODUMP handle=0 gpu_va=0x10000018c00 cpu=0x1026fcc00 size=0x20000 read=0x20000 -> /Users/user/asahi_re/public/agx-re/experiments/EXP-0042-graphics-code-selection/raw/run_ab_p0/maps/dump02/bo_sigusr1_h0_va10000018c00_cpu1026fcc00_sz20000.hex
BODUMP handle=0 gpu_va=0x10000019c00 cpu=0x1026fdc00 size=0x20000 read=0x20000 -> /Users/user/asahi_re/public/agx-re/experiments/EXP-0042-graphics-code-selection/raw/run_ab_p0/maps/dump02/bo_sigusr1_h0_va10000019c00_cpu1026fdc00_sz20000.hex
BODUMP handle=0 gpu_va=0x10000019d00 cpu=0x1026fdd00 size=0x20000 read=0x20000 -> /Users/user/asahi_re/public/agx-re/experiments/EXP-0042-graphics-code-selection/raw/run_ab_p0/maps/dump02/bo_sigusr1_h0_va10000019d00_cpu1026fdd00_sz20000.hex
BODUMP handle=0 gpu_va=0x10000019e00 cpu=0x1026fde00 size=0x20000 read=0x20000 -> /Users/user/asahi_re/public/agx-re/experiments/EXP-0042-graphics-code-selection/raw/run_ab_p0/maps/dump02/bo_sigusr1_h0_va10000019e00_cpu1026fde00_sz20000.hex
BODUMP handle=0 gpu_va=0x10000019f00 cpu=0x1026fdf00 size=0x20000 read=0x20000 -> /Users/user/asahi_re/public/agx-re/experiments/EXP-0042-graphics-code-selection/raw/run_ab_p0/maps/dump02/bo_sigusr1_h0_va10000019f00_cpu1026fdf00_sz20000.hex
BODUMP handle=0 gpu_va=0x1000001a700 cpu=0x1026fe700 size=0x20000 read=0x20000 -> /Users/user/asahi_re/public/agx-re/experiments/EXP-0042-graphics-code-selection/raw/run_ab_p0/maps/dump02/bo_sigusr1_h0_va1000001a700_cpu1026fe700_sz20000.hex
BODUMP handle=0 gpu_va=0x1000001a800 cpu=0x1026fe800 size=0x20000 read=0x20000 -> /Users/user/asahi_re/public/agx-re/experiments/EXP-0042-graphics-code-selection/raw/run_ab_p0/maps/dump02/bo_sigusr1_h0_va1000001a800_cpu1026fe800_sz20000.hex
BODUMP handle=0 gpu_va=0x10000060000 cpu=0x102b7c000 size=0x20000 read=0x20000 -> /Users/user/asahi_re/public/agx-re/experiments/EXP-0042-graphics-code-selection/raw/run_ab_p0/maps/dump02/bo_sigusr1_h0_va10000060000_cpu102b7c000_sz20000.hex
BODUMP handle=0 gpu_va=0x10000088000 cpu=0x1070b0000 size=0x74000 read=0x74000 -> /Users/user/asahi_re/public/agx-re/experiments/EXP-0042-graphics-code-selection/raw/run_ab_p0/maps/dump02/bo_sigusr1_h0_va10000088000_cpu1070b0000_sz74000.hex
BODUMP handle=0 gpu_va=0x18000 cpu=0x102ba4000 size=0x8000 read=0x8000 -> /Users/user/asahi_re/public/agx-re/experiments/EXP-0042-graphics-code-selection/raw/run_ab_p0/maps/dump02/bo_sigusr1_h0_va18000_cpu102ba4000_sz8000.hex
BODUMP handle=0 gpu_va=0x28000 cpu=0x107124000 size=0x8000 read=0x8000 -> /Users/user/asahi_re/public/agx-re/experiments/EXP-0042-graphics-code-selection/raw/run_ab_p0/maps/dump02/bo_sigusr1_h0_va28000_cpu107124000_sz8000.hex
BODUMP handle=0 gpu_va=0x38000 cpu=0x10712c000 size=0x8000 read=0x8000 -> /Users/user/asahi_re/public/agx-re/experiments/EXP-0042-graphics-code-selection/raw/run_ab_p0/maps/dump02/bo_sigusr1_h0_va38000_cpu10712c000_sz8000.hex
BODUMP handle=0 gpu_va=0x10000100000 cpu=0x107134000 size=0x8000 read=0x8000 -> /Users/user/asahi_re/public/agx-re/experiments/EXP-0042-graphics-code-selection/raw/run_ab_p0/maps/dump02/bo_sigusr1_h0_va10000100000_cpu107134000_sz8000.hex
BODUMP handle=0 gpu_va=0x10000110000 cpu=0x10713c000 size=0x8000 read=0x8000 -> /Users/user/asahi_re/public/agx-re/experiments/EXP-0042-graphics-code-selection/raw/run_ab_p0/maps/dump02/bo_sigusr1_h0_va10000110000_cpu10713c000_sz8000.hex
BODUMP handle=0 gpu_va=0x10000120000 cpu=0x107144000 size=0x8000 read=0x8000 -> /Users/user/asahi_re/public/agx-re/experiments/EXP-0042-graphics-code-selection/raw/run_ab_p0/maps/dump02/bo_sigusr1_h0_va10000120000_cpu107144000_sz8000.hex
BODUMP handle=0 gpu_va=0x10000130000 cpu=0x10714c000 size=0x8000 read=0x8000 -> /Users/user/asahi_re/public/agx-re/experiments/EXP-0042-graphics-code-selection/raw/run_ab_p0/maps/dump02/bo_sigusr1_h0_va10000130000_cpu10714c000_sz8000.hex
BODUMP handle=0 gpu_va=0x10000140000 cpu=0x107154000 size=0x100000 read=0x100000 -> /Users/user/asahi_re/public/agx-re/experiments/EXP-0042-graphics-code-selection/raw/run_ab_p0/maps/dump02/bo_sigusr1_h0_va10000140000_cpu107154000_sz100000.hex
BODUMP handle=0 gpu_va=0x48000 cpu=0x107254000 size=0x8000 read=0x8000 -> /Users/user/asahi_re/public/agx-re/experiments/EXP-0042-graphics-code-selection/raw/run_ab_p0/maps/dump02/bo_sigusr1_h0_va48000_cpu107254000_sz8000.hex
BODUMP handle=0 gpu_va=0x10000248000 cpu=0x10725c000 size=0x8000 read=0x8000 -> /Users/user/asahi_re/public/agx-re/experiments/EXP-0042-graphics-code-selection/raw/run_ab_p0/maps/dump02/bo_sigusr1_h0_va10000248000_cpu10725c000_sz8000.hex
BODUMP handle=0 gpu_va=0x10000258000 cpu=0x107264000 size=0x8000 read=0x8000 -> /Users/user/asahi_re/public/agx-re/experiments/EXP-0042-graphics-code-selection/raw/run_ab_p0/maps/dump02/bo_sigusr1_h0_va10000258000_cpu107264000_sz8000.hex
BODUMP handle=0 gpu_va=0x10000268000 cpu=0x10726c000 size=0x8000 read=0x8000 -> /Users/user/asahi_re/public/agx-re/experiments/EXP-0042-graphics-code-selection/raw/run_ab_p0/maps/dump02/bo_sigusr1_h0_va10000268000_cpu10726c000_sz8000.hex
BODUMP handle=0 gpu_va=0x10000278000 cpu=0x107274000 size=0x8000 read=0x8000 -> /Users/user/asahi_re/public/agx-re/experiments/EXP-0042-graphics-code-selection/raw/run_ab_p0/maps/dump02/bo_sigusr1_h0_va10000278000_cpu107274000_sz8000.hex
BODUMP handle=0 gpu_va=0x10000288000 cpu=0x10727c000 size=0x8000 read=0x8000 -> /Users/user/asahi_re/public/agx-re/experiments/EXP-0042-graphics-code-selection/raw/run_ab_p0/maps/dump02/bo_sigusr1_h0_va10000288000_cpu10727c000_sz8000.hex
BODUMP handle=0 gpu_va=0x58000 cpu=0x107284000 size=0x8000 read=0x8000 -> /Users/user/asahi_re/public/agx-re/experiments/EXP-0042-graphics-code-selection/raw/run_ab_p0/maps/dump02/bo_sigusr1_h0_va58000_cpu107284000_sz8000.hex
BODUMP handle=0 gpu_va=0x68000 cpu=0x10728c000 size=0x88e0 read=0x88e0 -> /Users/user/asahi_re/public/agx-re/experiments/EXP-0042-graphics-code-selection/raw/run_ab_p0/maps/dump02/bo_sigusr1_h0_va68000_cpu10728c000_sz88e0.hex
BODUMP handle=0 gpu_va=0x10000298000 cpu=0x107298000 size=0xc0000 read=0xc0000 -> /Users/user/asahi_re/public/agx-re/experiments/EXP-0042-graphics-code-selection/raw/run_ab_p0/maps/dump02/bo_sigusr1_h0_va10000298000_cpu107298000_szc0000.hex
BODUMP end reason=sigusr1
MAPDUMP reason=sigusr1 seq=58 conn=0 memType=0x00005e15 addr=0x1026ac000 size=0x4000 read=0x4000 -> /Users/user/asahi_re/public/agx-re/experiments/EXP-0042-graphics-code-selection/raw/run_ab_p0/maps/dump02/map_seq000058_conn0_type00005e15_at1026ac000_sz4000.hex
MAPDUMP reason=sigusr1 seq=58 conn=0 memType=0x00005e15 addr=0x1026a0000 size=0x4000 read=0x4000 -> /Users/user/asahi_re/public/agx-re/experiments/EXP-0042-graphics-code-selection/raw/run_ab_p0/maps/dump02/map_seq000058_conn0_type00005e15_at1026a0000_sz4000.hex
BODUMP begin reason=sigusr1 n_bo=40
BODUMP handle=0 gpu_va=0x10000000000 cpu=0x1026b4000 size=0x10000 read=0x10000 -> /Users/user/asahi_re/public/agx-re/experiments/EXP-0042-graphics-code-selection/raw/run_ab_p0/maps/dump03/bo_sigusr1_h0_va10000000000_cpu1026b4000_sz10000.hex
BODUMP handle=0 gpu_va=0x6f00000000 cpu=0x1026c4000 size=0x3800 read=0x3800 -> /Users/user/asahi_re/public/agx-re/experiments/EXP-0042-graphics-code-selection/raw/run_ab_p0/maps/dump03/bo_sigusr1_h0_va6f00000000_cpu1026c4000_sz3800.hex
BODUMP handle=0 gpu_va=0x10000018000 cpu=0x1026fc000 size=0x20000 read=0x20000 -> /Users/user/asahi_re/public/agx-re/experiments/EXP-0042-graphics-code-selection/raw/run_ab_p0/maps/dump03/bo_sigusr1_h0_va10000018000_cpu1026fc000_sz20000.hex
BODUMP handle=0 gpu_va=0x10000040000 cpu=0x10271c000 size=0x10000 read=0x10000 -> /Users/user/asahi_re/public/agx-re/experiments/EXP-0042-graphics-code-selection/raw/run_ab_p0/maps/dump03/bo_sigusr1_h0_va10000040000_cpu10271c000_sz10000.hex
BODUMP handle=0 gpu_va=0x0 cpu=0x10272c000 size=0x10000 read=0x10000 -> /Users/user/asahi_re/public/agx-re/experiments/EXP-0042-graphics-code-selection/raw/run_ab_p0/maps/dump03/bo_sigusr1_h0_va0_cpu10272c000_sz10000.hex
BODUMP handle=0 gpu_va=0x10000018200 cpu=0x1026fc200 size=0x20000 read=0x20000 -> /Users/user/asahi_re/public/agx-re/experiments/EXP-0042-graphics-code-selection/raw/run_ab_p0/maps/dump03/bo_sigusr1_h0_va10000018200_cpu1026fc200_sz20000.hex
BODUMP handle=0 gpu_va=0x10000018300 cpu=0x1026fc300 size=0x20000 read=0x20000 -> /Users/user/asahi_re/public/agx-re/experiments/EXP-0042-graphics-code-selection/raw/run_ab_p0/maps/dump03/bo_sigusr1_h0_va10000018300_cpu1026fc300_sz20000.hex
BODUMP handle=0 gpu_va=0x10000018400 cpu=0x1026fc400 size=0x20000 read=0x20000 -> /Users/user/asahi_re/public/agx-re/experiments/EXP-0042-graphics-code-selection/raw/run_ab_p0/maps/dump03/bo_sigusr1_h0_va10000018400_cpu1026fc400_sz20000.hex
BODUMP handle=0 gpu_va=0x10000058000 cpu=0x102b74000 size=0x4000 read=0x4000 -> /Users/user/asahi_re/public/agx-re/experiments/EXP-0042-graphics-code-selection/raw/run_ab_p0/maps/dump03/bo_sigusr1_h0_va10000058000_cpu102b74000_sz4000.hex
BODUMP handle=0 gpu_va=0x10000018500 cpu=0x1026fc500 size=0x20000 read=0x20000 -> /Users/user/asahi_re/public/agx-re/experiments/EXP-0042-graphics-code-selection/raw/run_ab_p0/maps/dump03/bo_sigusr1_h0_va10000018500_cpu1026fc500_sz20000.hex
BODUMP handle=0 gpu_va=0x10000018700 cpu=0x1026fc700 size=0x20000 read=0x20000 -> /Users/user/asahi_re/public/agx-re/experiments/EXP-0042-graphics-code-selection/raw/run_ab_p0/maps/dump03/bo_sigusr1_h0_va10000018700_cpu1026fc700_sz20000.hex
BODUMP handle=0 gpu_va=0x10000018900 cpu=0x1026fc900 size=0x20000 read=0x20000 -> /Users/user/asahi_re/public/agx-re/experiments/EXP-0042-graphics-code-selection/raw/run_ab_p0/maps/dump03/bo_sigusr1_h0_va10000018900_cpu1026fc900_sz20000.hex
BODUMP handle=0 gpu_va=0x10000018a00 cpu=0x1026fca00 size=0x20000 read=0x20000 -> /Users/user/asahi_re/public/agx-re/experiments/EXP-0042-graphics-code-selection/raw/run_ab_p0/maps/dump03/bo_sigusr1_h0_va10000018a00_cpu1026fca00_sz20000.hex
BODUMP handle=0 gpu_va=0x10000018b00 cpu=0x1026fcb00 size=0x20000 read=0x20000 -> /Users/user/asahi_re/public/agx-re/experiments/EXP-0042-graphics-code-selection/raw/run_ab_p0/maps/dump03/bo_sigusr1_h0_va10000018b00_cpu1026fcb00_sz20000.hex
BODUMP handle=0 gpu_va=0x10000018c00 cpu=0x1026fcc00 size=0x20000 read=0x20000 -> /Users/user/asahi_re/public/agx-re/experiments/EXP-0042-graphics-code-selection/raw/run_ab_p0/maps/dump03/bo_sigusr1_h0_va10000018c00_cpu1026fcc00_sz20000.hex
BODUMP handle=0 gpu_va=0x10000019c00 cpu=0x1026fdc00 size=0x20000 read=0x20000 -> /Users/user/asahi_re/public/agx-re/experiments/EXP-0042-graphics-code-selection/raw/run_ab_p0/maps/dump03/bo_sigusr1_h0_va10000019c00_cpu1026fdc00_sz20000.hex
BODUMP handle=0 gpu_va=0x10000019d00 cpu=0x1026fdd00 size=0x20000 read=0x20000 -> /Users/user/asahi_re/public/agx-re/experiments/EXP-0042-graphics-code-selection/raw/run_ab_p0/maps/dump03/bo_sigusr1_h0_va10000019d00_cpu1026fdd00_sz20000.hex
BODUMP handle=0 gpu_va=0x10000019e00 cpu=0x1026fde00 size=0x20000 read=0x20000 -> /Users/user/asahi_re/public/agx-re/experiments/EXP-0042-graphics-code-selection/raw/run_ab_p0/maps/dump03/bo_sigusr1_h0_va10000019e00_cpu1026fde00_sz20000.hex
BODUMP handle=0 gpu_va=0x10000019f00 cpu=0x1026fdf00 size=0x20000 read=0x20000 -> /Users/user/asahi_re/public/agx-re/experiments/EXP-0042-graphics-code-selection/raw/run_ab_p0/maps/dump03/bo_sigusr1_h0_va10000019f00_cpu1026fdf00_sz20000.hex
BODUMP handle=0 gpu_va=0x1000001a700 cpu=0x1026fe700 size=0x20000 read=0x20000 -> /Users/user/asahi_re/public/agx-re/experiments/EXP-0042-graphics-code-selection/raw/run_ab_p0/maps/dump03/bo_sigusr1_h0_va1000001a700_cpu1026fe700_sz20000.hex
BODUMP handle=0 gpu_va=0x1000001a800 cpu=0x1026fe800 size=0x20000 read=0x20000 -> /Users/user/asahi_re/public/agx-re/experiments/EXP-0042-graphics-code-selection/raw/run_ab_p0/maps/dump03/bo_sigusr1_h0_va1000001a800_cpu1026fe800_sz20000.hex
BODUMP handle=0 gpu_va=0x10000060000 cpu=0x102b7c000 size=0x20000 read=0x20000 -> /Users/user/asahi_re/public/agx-re/experiments/EXP-0042-graphics-code-selection/raw/run_ab_p0/maps/dump03/bo_sigusr1_h0_va10000060000_cpu102b7c000_sz20000.hex
BODUMP handle=0 gpu_va=0x10000088000 cpu=0x1070b0000 size=0x74000 read=0x74000 -> /Users/user/asahi_re/public/agx-re/experiments/EXP-0042-graphics-code-selection/raw/run_ab_p0/maps/dump03/bo_sigusr1_h0_va10000088000_cpu1070b0000_sz74000.hex
BODUMP handle=0 gpu_va=0x18000 cpu=0x102ba4000 size=0x8000 read=0x8000 -> /Users/user/asahi_re/public/agx-re/experiments/EXP-0042-graphics-code-selection/raw/run_ab_p0/maps/dump03/bo_sigusr1_h0_va18000_cpu102ba4000_sz8000.hex
BODUMP handle=0 gpu_va=0x28000 cpu=0x107124000 size=0x8000 read=0x8000 -> /Users/user/asahi_re/public/agx-re/experiments/EXP-0042-graphics-code-selection/raw/run_ab_p0/maps/dump03/bo_sigusr1_h0_va28000_cpu107124000_sz8000.hex
BODUMP handle=0 gpu_va=0x38000 cpu=0x10712c000 size=0x8000 read=0x8000 -> /Users/user/asahi_re/public/agx-re/experiments/EXP-0042-graphics-code-selection/raw/run_ab_p0/maps/dump03/bo_sigusr1_h0_va38000_cpu10712c000_sz8000.hex
BODUMP handle=0 gpu_va=0x10000100000 cpu=0x107134000 size=0x8000 read=0x8000 -> /Users/user/asahi_re/public/agx-re/experiments/EXP-0042-graphics-code-selection/raw/run_ab_p0/maps/dump03/bo_sigusr1_h0_va10000100000_cpu107134000_sz8000.hex
BODUMP handle=0 gpu_va=0x10000110000 cpu=0x10713c000 size=0x8000 read=0x8000 -> /Users/user/asahi_re/public/agx-re/experiments/EXP-0042-graphics-code-selection/raw/run_ab_p0/maps/dump03/bo_sigusr1_h0_va10000110000_cpu10713c000_sz8000.hex
BODUMP handle=0 gpu_va=0x10000120000 cpu=0x107144000 size=0x8000 read=0x8000 -> /Users/user/asahi_re/public/agx-re/experiments/EXP-0042-graphics-code-selection/raw/run_ab_p0/maps/dump03/bo_sigusr1_h0_va10000120000_cpu107144000_sz8000.hex
BODUMP handle=0 gpu_va=0x10000130000 cpu=0x10714c000 size=0x8000 read=0x8000 -> /Users/user/asahi_re/public/agx-re/experiments/EXP-0042-graphics-code-selection/raw/run_ab_p0/maps/dump03/bo_sigusr1_h0_va10000130000_cpu10714c000_sz8000.hex
BODUMP handle=0 gpu_va=0x10000140000 cpu=0x107154000 size=0x100000 read=0x100000 -> /Users/user/asahi_re/public/agx-re/experiments/EXP-0042-graphics-code-selection/raw/run_ab_p0/maps/dump03/bo_sigusr1_h0_va10000140000_cpu107154000_sz100000.hex
BODUMP handle=0 gpu_va=0x48000 cpu=0x107254000 size=0x8000 read=0x8000 -> /Users/user/asahi_re/public/agx-re/experiments/EXP-0042-graphics-code-selection/raw/run_ab_p0/maps/dump03/bo_sigusr1_h0_va48000_cpu107254000_sz8000.hex
BODUMP handle=0 gpu_va=0x10000248000 cpu=0x10725c000 size=0x8000 read=0x8000 -> /Users/user/asahi_re/public/agx-re/experiments/EXP-0042-graphics-code-selection/raw/run_ab_p0/maps/dump03/bo_sigusr1_h0_va10000248000_cpu10725c000_sz8000.hex
BODUMP handle=0 gpu_va=0x10000258000 cpu=0x107264000 size=0x8000 read=0x8000 -> /Users/user/asahi_re/public/agx-re/experiments/EXP-0042-graphics-code-selection/raw/run_ab_p0/maps/dump03/bo_sigusr1_h0_va10000258000_cpu107264000_sz8000.hex
BODUMP handle=0 gpu_va=0x10000268000 cpu=0x10726c000 size=0x8000 read=0x8000 -> /Users/user/asahi_re/public/agx-re/experiments/EXP-0042-graphics-code-selection/raw/run_ab_p0/maps/dump03/bo_sigusr1_h0_va10000268000_cpu10726c000_sz8000.hex
BODUMP handle=0 gpu_va=0x10000278000 cpu=0x107274000 size=0x8000 read=0x8000 -> /Users/user/asahi_re/public/agx-re/experiments/EXP-0042-graphics-code-selection/raw/run_ab_p0/maps/dump03/bo_sigusr1_h0_va10000278000_cpu107274000_sz8000.hex
BODUMP handle=0 gpu_va=0x10000288000 cpu=0x10727c000 size=0x8000 read=0x8000 -> /Users/user/asahi_re/public/agx-re/experiments/EXP-0042-graphics-code-selection/raw/run_ab_p0/maps/dump03/bo_sigusr1_h0_va10000288000_cpu10727c000_sz8000.hex
BODUMP handle=0 gpu_va=0x58000 cpu=0x107284000 size=0x8000 read=0x8000 -> /Users/user/asahi_re/public/agx-re/experiments/EXP-0042-graphics-code-selection/raw/run_ab_p0/maps/dump03/bo_sigusr1_h0_va58000_cpu107284000_sz8000.hex
BODUMP handle=0 gpu_va=0x68000 cpu=0x10728c000 size=0x88e0 read=0x88e0 -> /Users/user/asahi_re/public/agx-re/experiments/EXP-0042-graphics-code-selection/raw/run_ab_p0/maps/dump03/bo_sigusr1_h0_va68000_cpu10728c000_sz88e0.hex
BODUMP handle=0 gpu_va=0x10000298000 cpu=0x107298000 size=0xc0000 read=0xc0000 -> /Users/user/asahi_re/public/agx-re/experiments/EXP-0042-graphics-code-selection/raw/run_ab_p0/maps/dump03/bo_sigusr1_h0_va10000298000_cpu107298000_szc0000.hex
BODUMP end reason=sigusr1
MAPDUMP reason=sigusr1 seq=58 conn=0 memType=0x00005e15 addr=0x1026ac000 size=0x4000 read=0x4000 -> /Users/user/asahi_re/public/agx-re/experiments/EXP-0042-graphics-code-selection/raw/run_ab_p0/maps/dump03/map_seq000058_conn0_type00005e15_at1026ac000_sz4000.hex
MAPDUMP reason=sigusr1 seq=58 conn=0 memType=0x00005e15 addr=0x1026a0000 size=0x4000 read=0x4000 -> /Users/user/asahi_re/public/agx-re/experiments/EXP-0042-graphics-code-selection/raw/run_ab_p0/maps/dump03/map_seq000058_conn0_type00005e15_at1026a0000_sz4000.hex
BODUMP begin reason=sigusr1 n_bo=40
BODUMP handle=0 gpu_va=0x10000000000 cpu=0x1026b4000 size=0x10000 read=0x10000 -> /Users/user/asahi_re/public/agx-re/experiments/EXP-0042-graphics-code-selection/raw/run_ab_p0/maps/dump04/bo_sigusr1_h0_va10000000000_cpu1026b4000_sz10000.hex
BODUMP handle=0 gpu_va=0x6f00000000 cpu=0x1026c4000 size=0x3800 read=0x3800 -> /Users/user/asahi_re/public/agx-re/experiments/EXP-0042-graphics-code-selection/raw/run_ab_p0/maps/dump04/bo_sigusr1_h0_va6f00000000_cpu1026c4000_sz3800.hex
BODUMP handle=0 gpu_va=0x10000018000 cpu=0x1026fc000 size=0x20000 read=0x20000 -> /Users/user/asahi_re/public/agx-re/experiments/EXP-0042-graphics-code-selection/raw/run_ab_p0/maps/dump04/bo_sigusr1_h0_va10000018000_cpu1026fc000_sz20000.hex
BODUMP handle=0 gpu_va=0x10000040000 cpu=0x10271c000 size=0x10000 read=0x10000 -> /Users/user/asahi_re/public/agx-re/experiments/EXP-0042-graphics-code-selection/raw/run_ab_p0/maps/dump04/bo_sigusr1_h0_va10000040000_cpu10271c000_sz10000.hex
BODUMP handle=0 gpu_va=0x0 cpu=0x10272c000 size=0x10000 read=0x10000 -> /Users/user/asahi_re/public/agx-re/experiments/EXP-0042-graphics-code-selection/raw/run_ab_p0/maps/dump04/bo_sigusr1_h0_va0_cpu10272c000_sz10000.hex
BODUMP handle=0 gpu_va=0x10000018200 cpu=0x1026fc200 size=0x20000 read=0x20000 -> /Users/user/asahi_re/public/agx-re/experiments/EXP-0042-graphics-code-selection/raw/run_ab_p0/maps/dump04/bo_sigusr1_h0_va10000018200_cpu1026fc200_sz20000.hex
BODUMP handle=0 gpu_va=0x10000018300 cpu=0x1026fc300 size=0x20000 read=0x20000 -> /Users/user/asahi_re/public/agx-re/experiments/EXP-0042-graphics-code-selection/raw/run_ab_p0/maps/dump04/bo_sigusr1_h0_va10000018300_cpu1026fc300_sz20000.hex
BODUMP handle=0 gpu_va=0x10000018400 cpu=0x1026fc400 size=0x20000 read=0x20000 -> /Users/user/asahi_re/public/agx-re/experiments/EXP-0042-graphics-code-selection/raw/run_ab_p0/maps/dump04/bo_sigusr1_h0_va10000018400_cpu1026fc400_sz20000.hex
BODUMP handle=0 gpu_va=0x10000058000 cpu=0x102b74000 size=0x4000 read=0x4000 -> /Users/user/asahi_re/public/agx-re/experiments/EXP-0042-graphics-code-selection/raw/run_ab_p0/maps/dump04/bo_sigusr1_h0_va10000058000_cpu102b74000_sz4000.hex
BODUMP handle=0 gpu_va=0x10000018500 cpu=0x1026fc500 size=0x20000 read=0x20000 -> /Users/user/asahi_re/public/agx-re/experiments/EXP-0042-graphics-code-selection/raw/run_ab_p0/maps/dump04/bo_sigusr1_h0_va10000018500_cpu1026fc500_sz20000.hex
BODUMP handle=0 gpu_va=0x10000018700 cpu=0x1026fc700 size=0x20000 read=0x20000 -> /Users/user/asahi_re/public/agx-re/experiments/EXP-0042-graphics-code-selection/raw/run_ab_p0/maps/dump04/bo_sigusr1_h0_va10000018700_cpu1026fc700_sz20000.hex
BODUMP handle=0 gpu_va=0x10000018900 cpu=0x1026fc900 size=0x20000 read=0x20000 -> /Users/user/asahi_re/public/agx-re/experiments/EXP-0042-graphics-code-selection/raw/run_ab_p0/maps/dump04/bo_sigusr1_h0_va10000018900_cpu1026fc900_sz20000.hex
BODUMP handle=0 gpu_va=0x10000018a00 cpu=0x1026fca00 size=0x20000 read=0x20000 -> /Users/user/asahi_re/public/agx-re/experiments/EXP-0042-graphics-code-selection/raw/run_ab_p0/maps/dump04/bo_sigusr1_h0_va10000018a00_cpu1026fca00_sz20000.hex
BODUMP handle=0 gpu_va=0x10000018b00 cpu=0x1026fcb00 size=0x20000 read=0x20000 -> /Users/user/asahi_re/public/agx-re/experiments/EXP-0042-graphics-code-selection/raw/run_ab_p0/maps/dump04/bo_sigusr1_h0_va10000018b00_cpu1026fcb00_sz20000.hex
BODUMP handle=0 gpu_va=0x10000018c00 cpu=0x1026fcc00 size=0x20000 read=0x20000 -> /Users/user/asahi_re/public/agx-re/experiments/EXP-0042-graphics-code-selection/raw/run_ab_p0/maps/dump04/bo_sigusr1_h0_va10000018c00_cpu1026fcc00_sz20000.hex
BODUMP handle=0 gpu_va=0x10000019c00 cpu=0x1026fdc00 size=0x20000 read=0x20000 -> /Users/user/asahi_re/public/agx-re/experiments/EXP-0042-graphics-code-selection/raw/run_ab_p0/maps/dump04/bo_sigusr1_h0_va10000019c00_cpu1026fdc00_sz20000.hex
BODUMP handle=0 gpu_va=0x10000019d00 cpu=0x1026fdd00 size=0x20000 read=0x20000 -> /Users/user/asahi_re/public/agx-re/experiments/EXP-0042-graphics-code-selection/raw/run_ab_p0/maps/dump04/bo_sigusr1_h0_va10000019d00_cpu1026fdd00_sz20000.hex
BODUMP handle=0 gpu_va=0x10000019e00 cpu=0x1026fde00 size=0x20000 read=0x20000 -> /Users/user/asahi_re/public/agx-re/experiments/EXP-0042-graphics-code-selection/raw/run_ab_p0/maps/dump04/bo_sigusr1_h0_va10000019e00_cpu1026fde00_sz20000.hex
BODUMP handle=0 gpu_va=0x10000019f00 cpu=0x1026fdf00 size=0x20000 read=0x20000 -> /Users/user/asahi_re/public/agx-re/experiments/EXP-0042-graphics-code-selection/raw/run_ab_p0/maps/dump04/bo_sigusr1_h0_va10000019f00_cpu1026fdf00_sz20000.hex
BODUMP handle=0 gpu_va=0x1000001a700 cpu=0x1026fe700 size=0x20000 read=0x20000 -> /Users/user/asahi_re/public/agx-re/experiments/EXP-0042-graphics-code-selection/raw/run_ab_p0/maps/dump04/bo_sigusr1_h0_va1000001a700_cpu1026fe700_sz20000.hex
BODUMP handle=0 gpu_va=0x1000001a800 cpu=0x1026fe800 size=0x20000 read=0x20000 -> /Users/user/asahi_re/public/agx-re/experiments/EXP-0042-graphics-code-selection/raw/run_ab_p0/maps/dump04/bo_sigusr1_h0_va1000001a800_cpu1026fe800_sz20000.hex
BODUMP handle=0 gpu_va=0x10000060000 cpu=0x102b7c000 size=0x20000 read=0x20000 -> /Users/user/asahi_re/public/agx-re/experiments/EXP-0042-graphics-code-selection/raw/run_ab_p0/maps/dump04/bo_sigusr1_h0_va10000060000_cpu102b7c000_sz20000.hex
BODUMP handle=0 gpu_va=0x10000088000 cpu=0x1070b0000 size=0x74000 read=0x74000 -> /Users/user/asahi_re/public/agx-re/experiments/EXP-0042-graphics-code-selection/raw/run_ab_p0/maps/dump04/bo_sigusr1_h0_va10000088000_cpu1070b0000_sz74000.hex
BODUMP handle=0 gpu_va=0x18000 cpu=0x102ba4000 size=0x8000 read=0x8000 -> /Users/user/asahi_re/public/agx-re/experiments/EXP-0042-graphics-code-selection/raw/run_ab_p0/maps/dump04/bo_sigusr1_h0_va18000_cpu102ba4000_sz8000.hex
BODUMP handle=0 gpu_va=0x28000 cpu=0x107124000 size=0x8000 read=0x8000 -> /Users/user/asahi_re/public/agx-re/experiments/EXP-0042-graphics-code-selection/raw/run_ab_p0/maps/dump04/bo_sigusr1_h0_va28000_cpu107124000_sz8000.hex
BODUMP handle=0 gpu_va=0x38000 cpu=0x10712c000 size=0x8000 read=0x8000 -> /Users/user/asahi_re/public/agx-re/experiments/EXP-0042-graphics-code-selection/raw/run_ab_p0/maps/dump04/bo_sigusr1_h0_va38000_cpu10712c000_sz8000.hex
BODUMP handle=0 gpu_va=0x10000100000 cpu=0x107134000 size=0x8000 read=0x8000 -> /Users/user/asahi_re/public/agx-re/experiments/EXP-0042-graphics-code-selection/raw/run_ab_p0/maps/dump04/bo_sigusr1_h0_va10000100000_cpu107134000_sz8000.hex
BODUMP handle=0 gpu_va=0x10000110000 cpu=0x10713c000 size=0x8000 read=0x8000 -> /Users/user/asahi_re/public/agx-re/experiments/EXP-0042-graphics-code-selection/raw/run_ab_p0/maps/dump04/bo_sigusr1_h0_va10000110000_cpu10713c000_sz8000.hex
BODUMP handle=0 gpu_va=0x10000120000 cpu=0x107144000 size=0x8000 read=0x8000 -> /Users/user/asahi_re/public/agx-re/experiments/EXP-0042-graphics-code-selection/raw/run_ab_p0/maps/dump04/bo_sigusr1_h0_va10000120000_cpu107144000_sz8000.hex
BODUMP handle=0 gpu_va=0x10000130000 cpu=0x10714c000 size=0x8000 read=0x8000 -> /Users/user/asahi_re/public/agx-re/experiments/EXP-0042-graphics-code-selection/raw/run_ab_p0/maps/dump04/bo_sigusr1_h0_va10000130000_cpu10714c000_sz8000.hex
BODUMP handle=0 gpu_va=0x10000140000 cpu=0x107154000 size=0x100000 read=0x100000 -> /Users/user/asahi_re/public/agx-re/experiments/EXP-0042-graphics-code-selection/raw/run_ab_p0/maps/dump04/bo_sigusr1_h0_va10000140000_cpu107154000_sz100000.hex
BODUMP handle=0 gpu_va=0x48000 cpu=0x107254000 size=0x8000 read=0x8000 -> /Users/user/asahi_re/public/agx-re/experiments/EXP-0042-graphics-code-selection/raw/run_ab_p0/maps/dump04/bo_sigusr1_h0_va48000_cpu107254000_sz8000.hex
BODUMP handle=0 gpu_va=0x10000248000 cpu=0x10725c000 size=0x8000 read=0x8000 -> /Users/user/asahi_re/public/agx-re/experiments/EXP-0042-graphics-code-selection/raw/run_ab_p0/maps/dump04/bo_sigusr1_h0_va10000248000_cpu10725c000_sz8000.hex
BODUMP handle=0 gpu_va=0x10000258000 cpu=0x107264000 size=0x8000 read=0x8000 -> /Users/user/asahi_re/public/agx-re/experiments/EXP-0042-graphics-code-selection/raw/run_ab_p0/maps/dump04/bo_sigusr1_h0_va10000258000_cpu107264000_sz8000.hex
BODUMP handle=0 gpu_va=0x10000268000 cpu=0x10726c000 size=0x8000 read=0x8000 -> /Users/user/asahi_re/public/agx-re/experiments/EXP-0042-graphics-code-selection/raw/run_ab_p0/maps/dump04/bo_sigusr1_h0_va10000268000_cpu10726c000_sz8000.hex
BODUMP handle=0 gpu_va=0x10000278000 cpu=0x107274000 size=0x8000 read=0x8000 -> /Users/user/asahi_re/public/agx-re/experiments/EXP-0042-graphics-code-selection/raw/run_ab_p0/maps/dump04/bo_sigusr1_h0_va10000278000_cpu107274000_sz8000.hex
BODUMP handle=0 gpu_va=0x10000288000 cpu=0x10727c000 size=0x8000 read=0x8000 -> /Users/user/asahi_re/public/agx-re/experiments/EXP-0042-graphics-code-selection/raw/run_ab_p0/maps/dump04/bo_sigusr1_h0_va10000288000_cpu10727c000_sz8000.hex
BODUMP handle=0 gpu_va=0x58000 cpu=0x107284000 size=0x8000 read=0x8000 -> /Users/user/asahi_re/public/agx-re/experiments/EXP-0042-graphics-code-selection/raw/run_ab_p0/maps/dump04/bo_sigusr1_h0_va58000_cpu107284000_sz8000.hex
BODUMP handle=0 gpu_va=0x68000 cpu=0x10728c000 size=0x88e0 read=0x88e0 -> /Users/user/asahi_re/public/agx-re/experiments/EXP-0042-graphics-code-selection/raw/run_ab_p0/maps/dump04/bo_sigusr1_h0_va68000_cpu10728c000_sz88e0.hex
BODUMP handle=0 gpu_va=0x10000298000 cpu=0x107298000 size=0xc0000 read=0xc0000 -> /Users/user/asahi_re/public/agx-re/experiments/EXP-0042-graphics-code-selection/raw/run_ab_p0/maps/dump04/bo_sigusr1_h0_va10000298000_cpu107298000_szc0000.hex
BODUMP end reason=sigusr1
MAPDUMP reason=sigusr1 seq=58 conn=0 memType=0x00005e15 addr=0x1026ac000 size=0x4000 read=0x4000 -> /Users/user/asahi_re/public/agx-re/experiments/EXP-0042-graphics-code-selection/raw/run_ab_p0/maps/dump04/map_seq000058_conn0_type00005e15_at1026ac000_sz4000.hex
MAPDUMP reason=sigusr1 seq=58 conn=0 memType=0x00005e15 addr=0x1026a0000 size=0x4000 read=0x4000 -> /Users/user/asahi_re/public/agx-re/experiments/EXP-0042-graphics-code-selection/raw/run_ab_p0/maps/dump04/map_seq000058_conn0_type00005e15_at1026a0000_sz4000.hex
BODUMP begin reason=sigusr1 n_bo=40
BODUMP handle=0 gpu_va=0x10000000000 cpu=0x1026b4000 size=0x10000 read=0x10000 -> /Users/user/asahi_re/public/agx-re/experiments/EXP-0042-graphics-code-selection/raw/run_ab_p0/maps/dump05/bo_sigusr1_h0_va10000000000_cpu1026b4000_sz10000.hex
BODUMP handle=0 gpu_va=0x6f00000000 cpu=0x1026c4000 size=0x3800 read=0x3800 -> /Users/user/asahi_re/public/agx-re/experiments/EXP-0042-graphics-code-selection/raw/run_ab_p0/maps/dump05/bo_sigusr1_h0_va6f00000000_cpu1026c4000_sz3800.hex
BODUMP handle=0 gpu_va=0x10000018000 cpu=0x1026fc000 size=0x20000 read=0x20000 -> /Users/user/asahi_re/public/agx-re/experiments/EXP-0042-graphics-code-selection/raw/run_ab_p0/maps/dump05/bo_sigusr1_h0_va10000018000_cpu1026fc000_sz20000.hex
BODUMP handle=0 gpu_va=0x10000040000 cpu=0x10271c000 size=0x10000 read=0x10000 -> /Users/user/asahi_re/public/agx-re/experiments/EXP-0042-graphics-code-selection/raw/run_ab_p0/maps/dump05/bo_sigusr1_h0_va10000040000_cpu10271c000_sz10000.hex
BODUMP handle=0 gpu_va=0x0 cpu=0x10272c000 size=0x10000 read=0x10000 -> /Users/user/asahi_re/public/agx-re/experiments/EXP-0042-graphics-code-selection/raw/run_ab_p0/maps/dump05/bo_sigusr1_h0_va0_cpu10272c000_sz10000.hex
BODUMP handle=0 gpu_va=0x10000018200 cpu=0x1026fc200 size=0x20000 read=0x20000 -> /Users/user/asahi_re/public/agx-re/experiments/EXP-0042-graphics-code-selection/raw/run_ab_p0/maps/dump05/bo_sigusr1_h0_va10000018200_cpu1026fc200_sz20000.hex
BODUMP handle=0 gpu_va=0x10000018300 cpu=0x1026fc300 size=0x20000 read=0x20000 -> /Users/user/asahi_re/public/agx-re/experiments/EXP-0042-graphics-code-selection/raw/run_ab_p0/maps/dump05/bo_sigusr1_h0_va10000018300_cpu1026fc300_sz20000.hex
BODUMP handle=0 gpu_va=0x10000018400 cpu=0x1026fc400 size=0x20000 read=0x20000 -> /Users/user/asahi_re/public/agx-re/experiments/EXP-0042-graphics-code-selection/raw/run_ab_p0/maps/dump05/bo_sigusr1_h0_va10000018400_cpu1026fc400_sz20000.hex
BODUMP handle=0 gpu_va=0x10000058000 cpu=0x102b74000 size=0x4000 read=0x4000 -> /Users/user/asahi_re/public/agx-re/experiments/EXP-0042-graphics-code-selection/raw/run_ab_p0/maps/dump05/bo_sigusr1_h0_va10000058000_cpu102b74000_sz4000.hex
BODUMP handle=0 gpu_va=0x10000018500 cpu=0x1026fc500 size=0x20000 read=0x20000 -> /Users/user/asahi_re/public/agx-re/experiments/EXP-0042-graphics-code-selection/raw/run_ab_p0/maps/dump05/bo_sigusr1_h0_va10000018500_cpu1026fc500_sz20000.hex
BODUMP handle=0 gpu_va=0x10000018700 cpu=0x1026fc700 size=0x20000 read=0x20000 -> /Users/user/asahi_re/public/agx-re/experiments/EXP-0042-graphics-code-selection/raw/run_ab_p0/maps/dump05/bo_sigusr1_h0_va10000018700_cpu1026fc700_sz20000.hex
BODUMP handle=0 gpu_va=0x10000018900 cpu=0x1026fc900 size=0x20000 read=0x20000 -> /Users/user/asahi_re/public/agx-re/experiments/EXP-0042-graphics-code-selection/raw/run_ab_p0/maps/dump05/bo_sigusr1_h0_va10000018900_cpu1026fc900_sz20000.hex
BODUMP handle=0 gpu_va=0x10000018a00 cpu=0x1026fca00 size=0x20000 read=0x20000 -> /Users/user/asahi_re/public/agx-re/experiments/EXP-0042-graphics-code-selection/raw/run_ab_p0/maps/dump05/bo_sigusr1_h0_va10000018a00_cpu1026fca00_sz20000.hex
BODUMP handle=0 gpu_va=0x10000018b00 cpu=0x1026fcb00 size=0x20000 read=0x20000 -> /Users/user/asahi_re/public/agx-re/experiments/EXP-0042-graphics-code-selection/raw/run_ab_p0/maps/dump05/bo_sigusr1_h0_va10000018b00_cpu1026fcb00_sz20000.hex
BODUMP handle=0 gpu_va=0x10000018c00 cpu=0x1026fcc00 size=0x20000 read=0x20000 -> /Users/user/asahi_re/public/agx-re/experiments/EXP-0042-graphics-code-selection/raw/run_ab_p0/maps/dump05/bo_sigusr1_h0_va10000018c00_cpu1026fcc00_sz20000.hex
BODUMP handle=0 gpu_va=0x10000019c00 cpu=0x1026fdc00 size=0x20000 read=0x20000 -> /Users/user/asahi_re/public/agx-re/experiments/EXP-0042-graphics-code-selection/raw/run_ab_p0/maps/dump05/bo_sigusr1_h0_va10000019c00_cpu1026fdc00_sz20000.hex
BODUMP handle=0 gpu_va=0x10000019d00 cpu=0x1026fdd00 size=0x20000 read=0x20000 -> /Users/user/asahi_re/public/agx-re/experiments/EXP-0042-graphics-code-selection/raw/run_ab_p0/maps/dump05/bo_sigusr1_h0_va10000019d00_cpu1026fdd00_sz20000.hex
BODUMP handle=0 gpu_va=0x10000019e00 cpu=0x1026fde00 size=0x20000 read=0x20000 -> /Users/user/asahi_re/public/agx-re/experiments/EXP-0042-graphics-code-selection/raw/run_ab_p0/maps/dump05/bo_sigusr1_h0_va10000019e00_cpu1026fde00_sz20000.hex
BODUMP handle=0 gpu_va=0x10000019f00 cpu=0x1026fdf00 size=0x20000 read=0x20000 -> /Users/user/asahi_re/public/agx-re/experiments/EXP-0042-graphics-code-selection/raw/run_ab_p0/maps/dump05/bo_sigusr1_h0_va10000019f00_cpu1026fdf00_sz20000.hex
BODUMP handle=0 gpu_va=0x1000001a700 cpu=0x1026fe700 size=0x20000 read=0x20000 -> /Users/user/asahi_re/public/agx-re/experiments/EXP-0042-graphics-code-selection/raw/run_ab_p0/maps/dump05/bo_sigusr1_h0_va1000001a700_cpu1026fe700_sz20000.hex
BODUMP handle=0 gpu_va=0x1000001a800 cpu=0x1026fe800 size=0x20000 read=0x20000 -> /Users/user/asahi_re/public/agx-re/experiments/EXP-0042-graphics-code-selection/raw/run_ab_p0/maps/dump05/bo_sigusr1_h0_va1000001a800_cpu1026fe800_sz20000.hex
BODUMP handle=0 gpu_va=0x10000060000 cpu=0x102b7c000 size=0x20000 read=0x20000 -> /Users/user/asahi_re/public/agx-re/experiments/EXP-0042-graphics-code-selection/raw/run_ab_p0/maps/dump05/bo_sigusr1_h0_va10000060000_cpu102b7c000_sz20000.hex
BODUMP handle=0 gpu_va=0x10000088000 cpu=0x1070b0000 size=0x74000 read=0x74000 -> /Users/user/asahi_re/public/agx-re/experiments/EXP-0042-graphics-code-selection/raw/run_ab_p0/maps/dump05/bo_sigusr1_h0_va10000088000_cpu1070b0000_sz74000.hex
BODUMP handle=0 gpu_va=0x18000 cpu=0x102ba4000 size=0x8000 read=0x8000 -> /Users/user/asahi_re/public/agx-re/experiments/EXP-0042-graphics-code-selection/raw/run_ab_p0/maps/dump05/bo_sigusr1_h0_va18000_cpu102ba4000_sz8000.hex
BODUMP handle=0 gpu_va=0x28000 cpu=0x107124000 size=0x8000 read=0x8000 -> /Users/user/asahi_re/public/agx-re/experiments/EXP-0042-graphics-code-selection/raw/run_ab_p0/maps/dump05/bo_sigusr1_h0_va28000_cpu107124000_sz8000.hex
BODUMP handle=0 gpu_va=0x38000 cpu=0x10712c000 size=0x8000 read=0x8000 -> /Users/user/asahi_re/public/agx-re/experiments/EXP-0042-graphics-code-selection/raw/run_ab_p0/maps/dump05/bo_sigusr1_h0_va38000_cpu10712c000_sz8000.hex
BODUMP handle=0 gpu_va=0x10000100000 cpu=0x107134000 size=0x8000 read=0x8000 -> /Users/user/asahi_re/public/agx-re/experiments/EXP-0042-graphics-code-selection/raw/run_ab_p0/maps/dump05/bo_sigusr1_h0_va10000100000_cpu107134000_sz8000.hex
BODUMP handle=0 gpu_va=0x10000110000 cpu=0x10713c000 size=0x8000 read=0x8000 -> /Users/user/asahi_re/public/agx-re/experiments/EXP-0042-graphics-code-selection/raw/run_ab_p0/maps/dump05/bo_sigusr1_h0_va10000110000_cpu10713c000_sz8000.hex
BODUMP handle=0 gpu_va=0x10000120000 cpu=0x107144000 size=0x8000 read=0x8000 -> /Users/user/asahi_re/public/agx-re/experiments/EXP-0042-graphics-code-selection/raw/run_ab_p0/maps/dump05/bo_sigusr1_h0_va10000120000_cpu107144000_sz8000.hex
BODUMP handle=0 gpu_va=0x10000130000 cpu=0x10714c000 size=0x8000 read=0x8000 -> /Users/user/asahi_re/public/agx-re/experiments/EXP-0042-graphics-code-selection/raw/run_ab_p0/maps/dump05/bo_sigusr1_h0_va10000130000_cpu10714c000_sz8000.hex
BODUMP handle=0 gpu_va=0x10000140000 cpu=0x107154000 size=0x100000 read=0x100000 -> /Users/user/asahi_re/public/agx-re/experiments/EXP-0042-graphics-code-selection/raw/run_ab_p0/maps/dump05/bo_sigusr1_h0_va10000140000_cpu107154000_sz100000.hex
BODUMP handle=0 gpu_va=0x48000 cpu=0x107254000 size=0x8000 read=0x8000 -> /Users/user/asahi_re/public/agx-re/experiments/EXP-0042-graphics-code-selection/raw/run_ab_p0/maps/dump05/bo_sigusr1_h0_va48000_cpu107254000_sz8000.hex
BODUMP handle=0 gpu_va=0x10000248000 cpu=0x10725c000 size=0x8000 read=0x8000 -> /Users/user/asahi_re/public/agx-re/experiments/EXP-0042-graphics-code-selection/raw/run_ab_p0/maps/dump05/bo_sigusr1_h0_va10000248000_cpu10725c000_sz8000.hex
BODUMP handle=0 gpu_va=0x10000258000 cpu=0x107264000 size=0x8000 read=0x8000 -> /Users/user/asahi_re/public/agx-re/experiments/EXP-0042-graphics-code-selection/raw/run_ab_p0/maps/dump05/bo_sigusr1_h0_va10000258000_cpu107264000_sz8000.hex
BODUMP handle=0 gpu_va=0x10000268000 cpu=0x10726c000 size=0x8000 read=0x8000 -> /Users/user/asahi_re/public/agx-re/experiments/EXP-0042-graphics-code-selection/raw/run_ab_p0/maps/dump05/bo_sigusr1_h0_va10000268000_cpu10726c000_sz8000.hex
BODUMP handle=0 gpu_va=0x10000278000 cpu=0x107274000 size=0x8000 read=0x8000 -> /Users/user/asahi_re/public/agx-re/experiments/EXP-0042-graphics-code-selection/raw/run_ab_p0/maps/dump05/bo_sigusr1_h0_va10000278000_cpu107274000_sz8000.hex
BODUMP handle=0 gpu_va=0x10000288000 cpu=0x10727c000 size=0x8000 read=0x8000 -> /Users/user/asahi_re/public/agx-re/experiments/EXP-0042-graphics-code-selection/raw/run_ab_p0/maps/dump05/bo_sigusr1_h0_va10000288000_cpu10727c000_sz8000.hex
BODUMP handle=0 gpu_va=0x58000 cpu=0x107284000 size=0x8000 read=0x8000 -> /Users/user/asahi_re/public/agx-re/experiments/EXP-0042-graphics-code-selection/raw/run_ab_p0/maps/dump05/bo_sigusr1_h0_va58000_cpu107284000_sz8000.hex
BODUMP handle=0 gpu_va=0x68000 cpu=0x10728c000 size=0x88e0 read=0x88e0 -> /Users/user/asahi_re/public/agx-re/experiments/EXP-0042-graphics-code-selection/raw/run_ab_p0/maps/dump05/bo_sigusr1_h0_va68000_cpu10728c000_sz88e0.hex
BODUMP handle=0 gpu_va=0x10000298000 cpu=0x107298000 size=0xc0000 read=0xc0000 -> /Users/user/asahi_re/public/agx-re/experiments/EXP-0042-graphics-code-selection/raw/run_ab_p0/maps/dump05/bo_sigusr1_h0_va10000298000_cpu107298000_szc0000.hex
BODUMP end reason=sigusr1
MAPDUMP reason=sigusr1 seq=58 conn=0 memType=0x00005e15 addr=0x1026ac000 size=0x4000 read=0x4000 -> /Users/user/asahi_re/public/agx-re/experiments/EXP-0042-graphics-code-selection/raw/run_ab_p0/maps/dump05/map_seq000058_conn0_type00005e15_at1026ac000_sz4000.hex
MAPDUMP reason=sigusr1 seq=58 conn=0 memType=0x00005e15 addr=0x1026a0000 size=0x4000 read=0x4000 -> /Users/user/asahi_re/public/agx-re/experiments/EXP-0042-graphics-code-selection/raw/run_ab_p0/maps/dump05/map_seq000058_conn0_type00005e15_at1026a0000_sz4000.hex
BODUMP begin reason=sigusr1 n_bo=40
BODUMP handle=0 gpu_va=0x10000000000 cpu=0x1026b4000 size=0x10000 read=0x10000 -> /Users/user/asahi_re/public/agx-re/experiments/EXP-0042-graphics-code-selection/raw/run_ab_p0/maps/dump06/bo_sigusr1_h0_va10000000000_cpu1026b4000_sz10000.hex
BODUMP handle=0 gpu_va=0x6f00000000 cpu=0x1026c4000 size=0x3800 read=0x3800 -> /Users/user/asahi_re/public/agx-re/experiments/EXP-0042-graphics-code-selection/raw/run_ab_p0/maps/dump06/bo_sigusr1_h0_va6f00000000_cpu1026c4000_sz3800.hex
BODUMP handle=0 gpu_va=0x10000018000 cpu=0x1026fc000 size=0x20000 read=0x20000 -> /Users/user/asahi_re/public/agx-re/experiments/EXP-0042-graphics-code-selection/raw/run_ab_p0/maps/dump06/bo_sigusr1_h0_va10000018000_cpu1026fc000_sz20000.hex
BODUMP handle=0 gpu_va=0x10000040000 cpu=0x10271c000 size=0x10000 read=0x10000 -> /Users/user/asahi_re/public/agx-re/experiments/EXP-0042-graphics-code-selection/raw/run_ab_p0/maps/dump06/bo_sigusr1_h0_va10000040000_cpu10271c000_sz10000.hex
BODUMP handle=0 gpu_va=0x0 cpu=0x10272c000 size=0x10000 read=0x10000 -> /Users/user/asahi_re/public/agx-re/experiments/EXP-0042-graphics-code-selection/raw/run_ab_p0/maps/dump06/bo_sigusr1_h0_va0_cpu10272c000_sz10000.hex
BODUMP handle=0 gpu_va=0x10000018200 cpu=0x1026fc200 size=0x20000 read=0x20000 -> /Users/user/asahi_re/public/agx-re/experiments/EXP-0042-graphics-code-selection/raw/run_ab_p0/maps/dump06/bo_sigusr1_h0_va10000018200_cpu1026fc200_sz20000.hex
BODUMP handle=0 gpu_va=0x10000018300 cpu=0x1026fc300 size=0x20000 read=0x20000 -> /Users/user/asahi_re/public/agx-re/experiments/EXP-0042-graphics-code-selection/raw/run_ab_p0/maps/dump06/bo_sigusr1_h0_va10000018300_cpu1026fc300_sz20000.hex
BODUMP handle=0 gpu_va=0x10000018400 cpu=0x1026fc400 size=0x20000 read=0x20000 -> /Users/user/asahi_re/public/agx-re/experiments/EXP-0042-graphics-code-selection/raw/run_ab_p0/maps/dump06/bo_sigusr1_h0_va10000018400_cpu1026fc400_sz20000.hex
BODUMP handle=0 gpu_va=0x10000058000 cpu=0x102b74000 size=0x4000 read=0x4000 -> /Users/user/asahi_re/public/agx-re/experiments/EXP-0042-graphics-code-selection/raw/run_ab_p0/maps/dump06/bo_sigusr1_h0_va10000058000_cpu102b74000_sz4000.hex
BODUMP handle=0 gpu_va=0x10000018500 cpu=0x1026fc500 size=0x20000 read=0x20000 -> /Users/user/asahi_re/public/agx-re/experiments/EXP-0042-graphics-code-selection/raw/run_ab_p0/maps/dump06/bo_sigusr1_h0_va10000018500_cpu1026fc500_sz20000.hex
BODUMP handle=0 gpu_va=0x10000018700 cpu=0x1026fc700 size=0x20000 read=0x20000 -> /Users/user/asahi_re/public/agx-re/experiments/EXP-0042-graphics-code-selection/raw/run_ab_p0/maps/dump06/bo_sigusr1_h0_va10000018700_cpu1026fc700_sz20000.hex
BODUMP handle=0 gpu_va=0x10000018900 cpu=0x1026fc900 size=0x20000 read=0x20000 -> /Users/user/asahi_re/public/agx-re/experiments/EXP-0042-graphics-code-selection/raw/run_ab_p0/maps/dump06/bo_sigusr1_h0_va10000018900_cpu1026fc900_sz20000.hex
BODUMP handle=0 gpu_va=0x10000018a00 cpu=0x1026fca00 size=0x20000 read=0x20000 -> /Users/user/asahi_re/public/agx-re/experiments/EXP-0042-graphics-code-selection/raw/run_ab_p0/maps/dump06/bo_sigusr1_h0_va10000018a00_cpu1026fca00_sz20000.hex
BODUMP handle=0 gpu_va=0x10000018b00 cpu=0x1026fcb00 size=0x20000 read=0x20000 -> /Users/user/asahi_re/public/agx-re/experiments/EXP-0042-graphics-code-selection/raw/run_ab_p0/maps/dump06/bo_sigusr1_h0_va10000018b00_cpu1026fcb00_sz20000.hex
BODUMP handle=0 gpu_va=0x10000018c00 cpu=0x1026fcc00 size=0x20000 read=0x20000 -> /Users/user/asahi_re/public/agx-re/experiments/EXP-0042-graphics-code-selection/raw/run_ab_p0/maps/dump06/bo_sigusr1_h0_va10000018c00_cpu1026fcc00_sz20000.hex
BODUMP handle=0 gpu_va=0x10000019c00 cpu=0x1026fdc00 size=0x20000 read=0x20000 -> /Users/user/asahi_re/public/agx-re/experiments/EXP-0042-graphics-code-selection/raw/run_ab_p0/maps/dump06/bo_sigusr1_h0_va10000019c00_cpu1026fdc00_sz20000.hex
BODUMP handle=0 gpu_va=0x10000019d00 cpu=0x1026fdd00 size=0x20000 read=0x20000 -> /Users/user/asahi_re/public/agx-re/experiments/EXP-0042-graphics-code-selection/raw/run_ab_p0/maps/dump06/bo_sigusr1_h0_va10000019d00_cpu1026fdd00_sz20000.hex
BODUMP handle=0 gpu_va=0x10000019e00 cpu=0x1026fde00 size=0x20000 read=0x20000 -> /Users/user/asahi_re/public/agx-re/experiments/EXP-0042-graphics-code-selection/raw/run_ab_p0/maps/dump06/bo_sigusr1_h0_va10000019e00_cpu1026fde00_sz20000.hex
BODUMP handle=0 gpu_va=0x10000019f00 cpu=0x1026fdf00 size=0x20000 read=0x20000 -> /Users/user/asahi_re/public/agx-re/experiments/EXP-0042-graphics-code-selection/raw/run_ab_p0/maps/dump06/bo_sigusr1_h0_va10000019f00_cpu1026fdf00_sz20000.hex
BODUMP handle=0 gpu_va=0x1000001a700 cpu=0x1026fe700 size=0x20000 read=0x20000 -> /Users/user/asahi_re/public/agx-re/experiments/EXP-0042-graphics-code-selection/raw/run_ab_p0/maps/dump06/bo_sigusr1_h0_va1000001a700_cpu1026fe700_sz20000.hex
BODUMP handle=0 gpu_va=0x1000001a800 cpu=0x1026fe800 size=0x20000 read=0x20000 -> /Users/user/asahi_re/public/agx-re/experiments/EXP-0042-graphics-code-selection/raw/run_ab_p0/maps/dump06/bo_sigusr1_h0_va1000001a800_cpu1026fe800_sz20000.hex
BODUMP handle=0 gpu_va=0x10000060000 cpu=0x102b7c000 size=0x20000 read=0x20000 -> /Users/user/asahi_re/public/agx-re/experiments/EXP-0042-graphics-code-selection/raw/run_ab_p0/maps/dump06/bo_sigusr1_h0_va10000060000_cpu102b7c000_sz20000.hex
BODUMP handle=0 gpu_va=0x10000088000 cpu=0x1070b0000 size=0x74000 read=0x74000 -> /Users/user/asahi_re/public/agx-re/experiments/EXP-0042-graphics-code-selection/raw/run_ab_p0/maps/dump06/bo_sigusr1_h0_va10000088000_cpu1070b0000_sz74000.hex
BODUMP handle=0 gpu_va=0x18000 cpu=0x102ba4000 size=0x8000 read=0x8000 -> /Users/user/asahi_re/public/agx-re/experiments/EXP-0042-graphics-code-selection/raw/run_ab_p0/maps/dump06/bo_sigusr1_h0_va18000_cpu102ba4000_sz8000.hex
BODUMP handle=0 gpu_va=0x28000 cpu=0x107124000 size=0x8000 read=0x8000 -> /Users/user/asahi_re/public/agx-re/experiments/EXP-0042-graphics-code-selection/raw/run_ab_p0/maps/dump06/bo_sigusr1_h0_va28000_cpu107124000_sz8000.hex
BODUMP handle=0 gpu_va=0x38000 cpu=0x10712c000 size=0x8000 read=0x8000 -> /Users/user/asahi_re/public/agx-re/experiments/EXP-0042-graphics-code-selection/raw/run_ab_p0/maps/dump06/bo_sigusr1_h0_va38000_cpu10712c000_sz8000.hex
BODUMP handle=0 gpu_va=0x10000100000 cpu=0x107134000 size=0x8000 read=0x8000 -> /Users/user/asahi_re/public/agx-re/experiments/EXP-0042-graphics-code-selection/raw/run_ab_p0/maps/dump06/bo_sigusr1_h0_va10000100000_cpu107134000_sz8000.hex
BODUMP handle=0 gpu_va=0x10000110000 cpu=0x10713c000 size=0x8000 read=0x8000 -> /Users/user/asahi_re/public/agx-re/experiments/EXP-0042-graphics-code-selection/raw/run_ab_p0/maps/dump06/bo_sigusr1_h0_va10000110000_cpu10713c000_sz8000.hex
BODUMP handle=0 gpu_va=0x10000120000 cpu=0x107144000 size=0x8000 read=0x8000 -> /Users/user/asahi_re/public/agx-re/experiments/EXP-0042-graphics-code-selection/raw/run_ab_p0/maps/dump06/bo_sigusr1_h0_va10000120000_cpu107144000_sz8000.hex
BODUMP handle=0 gpu_va=0x10000130000 cpu=0x10714c000 size=0x8000 read=0x8000 -> /Users/user/asahi_re/public/agx-re/experiments/EXP-0042-graphics-code-selection/raw/run_ab_p0/maps/dump06/bo_sigusr1_h0_va10000130000_cpu10714c000_sz8000.hex
BODUMP handle=0 gpu_va=0x10000140000 cpu=0x107154000 size=0x100000 read=0x100000 -> /Users/user/asahi_re/public/agx-re/experiments/EXP-0042-graphics-code-selection/raw/run_ab_p0/maps/dump06/bo_sigusr1_h0_va10000140000_cpu107154000_sz100000.hex
BODUMP handle=0 gpu_va=0x48000 cpu=0x107254000 size=0x8000 read=0x8000 -> /Users/user/asahi_re/public/agx-re/experiments/EXP-0042-graphics-code-selection/raw/run_ab_p0/maps/dump06/bo_sigusr1_h0_va48000_cpu107254000_sz8000.hex
BODUMP handle=0 gpu_va=0x10000248000 cpu=0x10725c000 size=0x8000 read=0x8000 -> /Users/user/asahi_re/public/agx-re/experiments/EXP-0042-graphics-code-selection/raw/run_ab_p0/maps/dump06/bo_sigusr1_h0_va10000248000_cpu10725c000_sz8000.hex
BODUMP handle=0 gpu_va=0x10000258000 cpu=0x107264000 size=0x8000 read=0x8000 -> /Users/user/asahi_re/public/agx-re/experiments/EXP-0042-graphics-code-selection/raw/run_ab_p0/maps/dump06/bo_sigusr1_h0_va10000258000_cpu107264000_sz8000.hex
BODUMP handle=0 gpu_va=0x10000268000 cpu=0x10726c000 size=0x8000 read=0x8000 -> /Users/user/asahi_re/public/agx-re/experiments/EXP-0042-graphics-code-selection/raw/run_ab_p0/maps/dump06/bo_sigusr1_h0_va10000268000_cpu10726c000_sz8000.hex
BODUMP handle=0 gpu_va=0x10000278000 cpu=0x107274000 size=0x8000 read=0x8000 -> /Users/user/asahi_re/public/agx-re/experiments/EXP-0042-graphics-code-selection/raw/run_ab_p0/maps/dump06/bo_sigusr1_h0_va10000278000_cpu107274000_sz8000.hex
BODUMP handle=0 gpu_va=0x10000288000 cpu=0x10727c000 size=0x8000 read=0x8000 -> /Users/user/asahi_re/public/agx-re/experiments/EXP-0042-graphics-code-selection/raw/run_ab_p0/maps/dump06/bo_sigusr1_h0_va10000288000_cpu10727c000_sz8000.hex
BODUMP handle=0 gpu_va=0x58000 cpu=0x107284000 size=0x8000 read=0x8000 -> /Users/user/asahi_re/public/agx-re/experiments/EXP-0042-graphics-code-selection/raw/run_ab_p0/maps/dump06/bo_sigusr1_h0_va58000_cpu107284000_sz8000.hex
BODUMP handle=0 gpu_va=0x68000 cpu=0x10728c000 size=0x88e0 read=0x88e0 -> /Users/user/asahi_re/public/agx-re/experiments/EXP-0042-graphics-code-selection/raw/run_ab_p0/maps/dump06/bo_sigusr1_h0_va68000_cpu10728c000_sz88e0.hex
BODUMP handle=0 gpu_va=0x10000298000 cpu=0x107298000 size=0xc0000 read=0xc0000 -> /Users/user/asahi_re/public/agx-re/experiments/EXP-0042-graphics-code-selection/raw/run_ab_p0/maps/dump06/bo_sigusr1_h0_va10000298000_cpu107298000_szc0000.hex
BODUMP end reason=sigusr1
MAPDUMP reason=sigusr1 seq=58 conn=0 memType=0x00005e15 addr=0x1026ac000 size=0x4000 read=0x4000 -> /Users/user/asahi_re/public/agx-re/experiments/EXP-0042-graphics-code-selection/raw/run_ab_p0/maps/dump06/map_seq000058_conn0_type00005e15_at1026ac000_sz4000.hex
MAPDUMP reason=sigusr1 seq=58 conn=0 memType=0x00005e15 addr=0x1026a0000 size=0x4000 read=0x4000 -> /Users/user/asahi_re/public/agx-re/experiments/EXP-0042-graphics-code-selection/raw/run_ab_p0/maps/dump06/map_seq000058_conn0_type00005e15_at1026a0000_sz4000.hex
BODUMP begin reason=sigusr1 n_bo=40
BODUMP handle=0 gpu_va=0x10000000000 cpu=0x1026b4000 size=0x10000 read=0x10000 -> /Users/user/asahi_re/public/agx-re/experiments/EXP-0042-graphics-code-selection/raw/run_ab_p0/maps/dump07/bo_sigusr1_h0_va10000000000_cpu1026b4000_sz10000.hex
BODUMP handle=0 gpu_va=0x6f00000000 cpu=0x1026c4000 size=0x3800 read=0x3800 -> /Users/user/asahi_re/public/agx-re/experiments/EXP-0042-graphics-code-selection/raw/run_ab_p0/maps/dump07/bo_sigusr1_h0_va6f00000000_cpu1026c4000_sz3800.hex
BODUMP handle=0 gpu_va=0x10000018000 cpu=0x1026fc000 size=0x20000 read=0x20000 -> /Users/user/asahi_re/public/agx-re/experiments/EXP-0042-graphics-code-selection/raw/run_ab_p0/maps/dump07/bo_sigusr1_h0_va10000018000_cpu1026fc000_sz20000.hex
BODUMP handle=0 gpu_va=0x10000040000 cpu=0x10271c000 size=0x10000 read=0x10000 -> /Users/user/asahi_re/public/agx-re/experiments/EXP-0042-graphics-code-selection/raw/run_ab_p0/maps/dump07/bo_sigusr1_h0_va10000040000_cpu10271c000_sz10000.hex
BODUMP handle=0 gpu_va=0x0 cpu=0x10272c000 size=0x10000 read=0x10000 -> /Users/user/asahi_re/public/agx-re/experiments/EXP-0042-graphics-code-selection/raw/run_ab_p0/maps/dump07/bo_sigusr1_h0_va0_cpu10272c000_sz10000.hex
BODUMP handle=0 gpu_va=0x10000018200 cpu=0x1026fc200 size=0x20000 read=0x20000 -> /Users/user/asahi_re/public/agx-re/experiments/EXP-0042-graphics-code-selection/raw/run_ab_p0/maps/dump07/bo_sigusr1_h0_va10000018200_cpu1026fc200_sz20000.hex
BODUMP handle=0 gpu_va=0x10000018300 cpu=0x1026fc300 size=0x20000 read=0x20000 -> /Users/user/asahi_re/public/agx-re/experiments/EXP-0042-graphics-code-selection/raw/run_ab_p0/maps/dump07/bo_sigusr1_h0_va10000018300_cpu1026fc300_sz20000.hex
BODUMP handle=0 gpu_va=0x10000018400 cpu=0x1026fc400 size=0x20000 read=0x20000 -> /Users/user/asahi_re/public/agx-re/experiments/EXP-0042-graphics-code-selection/raw/run_ab_p0/maps/dump07/bo_sigusr1_h0_va10000018400_cpu1026fc400_sz20000.hex
BODUMP handle=0 gpu_va=0x10000058000 cpu=0x102b74000 size=0x4000 read=0x4000 -> /Users/user/asahi_re/public/agx-re/experiments/EXP-0042-graphics-code-selection/raw/run_ab_p0/maps/dump07/bo_sigusr1_h0_va10000058000_cpu102b74000_sz4000.hex
BODUMP handle=0 gpu_va=0x10000018500 cpu=0x1026fc500 size=0x20000 read=0x20000 -> /Users/user/asahi_re/public/agx-re/experiments/EXP-0042-graphics-code-selection/raw/run_ab_p0/maps/dump07/bo_sigusr1_h0_va10000018500_cpu1026fc500_sz20000.hex
BODUMP handle=0 gpu_va=0x10000018700 cpu=0x1026fc700 size=0x20000 read=0x20000 -> /Users/user/asahi_re/public/agx-re/experiments/EXP-0042-graphics-code-selection/raw/run_ab_p0/maps/dump07/bo_sigusr1_h0_va10000018700_cpu1026fc700_sz20000.hex
BODUMP handle=0 gpu_va=0x10000018900 cpu=0x1026fc900 size=0x20000 read=0x20000 -> /Users/user/asahi_re/public/agx-re/experiments/EXP-0042-graphics-code-selection/raw/run_ab_p0/maps/dump07/bo_sigusr1_h0_va10000018900_cpu1026fc900_sz20000.hex
BODUMP handle=0 gpu_va=0x10000018a00 cpu=0x1026fca00 size=0x20000 read=0x20000 -> /Users/user/asahi_re/public/agx-re/experiments/EXP-0042-graphics-code-selection/raw/run_ab_p0/maps/dump07/bo_sigusr1_h0_va10000018a00_cpu1026fca00_sz20000.hex
BODUMP handle=0 gpu_va=0x10000018b00 cpu=0x1026fcb00 size=0x20000 read=0x20000 -> /Users/user/asahi_re/public/agx-re/experiments/EXP-0042-graphics-code-selection/raw/run_ab_p0/maps/dump07/bo_sigusr1_h0_va10000018b00_cpu1026fcb00_sz20000.hex
BODUMP handle=0 gpu_va=0x10000018c00 cpu=0x1026fcc00 size=0x20000 read=0x20000 -> /Users/user/asahi_re/public/agx-re/experiments/EXP-0042-graphics-code-selection/raw/run_ab_p0/maps/dump07/bo_sigusr1_h0_va10000018c00_cpu1026fcc00_sz20000.hex
BODUMP handle=0 gpu_va=0x10000019c00 cpu=0x1026fdc00 size=0x20000 read=0x20000 -> /Users/user/asahi_re/public/agx-re/experiments/EXP-0042-graphics-code-selection/raw/run_ab_p0/maps/dump07/bo_sigusr1_h0_va10000019c00_cpu1026fdc00_sz20000.hex
BODUMP handle=0 gpu_va=0x10000019d00 cpu=0x1026fdd00 size=0x20000 read=0x20000 -> /Users/user/asahi_re/public/agx-re/experiments/EXP-0042-graphics-code-selection/raw/run_ab_p0/maps/dump07/bo_sigusr1_h0_va10000019d00_cpu1026fdd00_sz20000.hex
BODUMP handle=0 gpu_va=0x10000019e00 cpu=0x1026fde00 size=0x20000 read=0x20000 -> /Users/user/asahi_re/public/agx-re/experiments/EXP-0042-graphics-code-selection/raw/run_ab_p0/maps/dump07/bo_sigusr1_h0_va10000019e00_cpu1026fde00_sz20000.hex
BODUMP handle=0 gpu_va=0x10000019f00 cpu=0x1026fdf00 size=0x20000 read=0x20000 -> /Users/user/asahi_re/public/agx-re/experiments/EXP-0042-graphics-code-selection/raw/run_ab_p0/maps/dump07/bo_sigusr1_h0_va10000019f00_cpu1026fdf00_sz20000.hex
BODUMP handle=0 gpu_va=0x1000001a700 cpu=0x1026fe700 size=0x20000 read=0x20000 -> /Users/user/asahi_re/public/agx-re/experiments/EXP-0042-graphics-code-selection/raw/run_ab_p0/maps/dump07/bo_sigusr1_h0_va1000001a700_cpu1026fe700_sz20000.hex
BODUMP handle=0 gpu_va=0x1000001a800 cpu=0x1026fe800 size=0x20000 read=0x20000 -> /Users/user/asahi_re/public/agx-re/experiments/EXP-0042-graphics-code-selection/raw/run_ab_p0/maps/dump07/bo_sigusr1_h0_va1000001a800_cpu1026fe800_sz20000.hex
BODUMP handle=0 gpu_va=0x10000060000 cpu=0x102b7c000 size=0x20000 read=0x20000 -> /Users/user/asahi_re/public/agx-re/experiments/EXP-0042-graphics-code-selection/raw/run_ab_p0/maps/dump07/bo_sigusr1_h0_va10000060000_cpu102b7c000_sz20000.hex
BODUMP handle=0 gpu_va=0x10000088000 cpu=0x1070b0000 size=0x74000 read=0x74000 -> /Users/user/asahi_re/public/agx-re/experiments/EXP-0042-graphics-code-selection/raw/run_ab_p0/maps/dump07/bo_sigusr1_h0_va10000088000_cpu1070b0000_sz74000.hex
BODUMP handle=0 gpu_va=0x18000 cpu=0x102ba4000 size=0x8000 read=0x8000 -> /Users/user/asahi_re/public/agx-re/experiments/EXP-0042-graphics-code-selection/raw/run_ab_p0/maps/dump07/bo_sigusr1_h0_va18000_cpu102ba4000_sz8000.hex
BODUMP handle=0 gpu_va=0x28000 cpu=0x107124000 size=0x8000 read=0x8000 -> /Users/user/asahi_re/public/agx-re/experiments/EXP-0042-graphics-code-selection/raw/run_ab_p0/maps/dump07/bo_sigusr1_h0_va28000_cpu107124000_sz8000.hex
BODUMP handle=0 gpu_va=0x38000 cpu=0x10712c000 size=0x8000 read=0x8000 -> /Users/user/asahi_re/public/agx-re/experiments/EXP-0042-graphics-code-selection/raw/run_ab_p0/maps/dump07/bo_sigusr1_h0_va38000_cpu10712c000_sz8000.hex
BODUMP handle=0 gpu_va=0x10000100000 cpu=0x107134000 size=0x8000 read=0x8000 -> /Users/user/asahi_re/public/agx-re/experiments/EXP-0042-graphics-code-selection/raw/run_ab_p0/maps/dump07/bo_sigusr1_h0_va10000100000_cpu107134000_sz8000.hex
BODUMP handle=0 gpu_va=0x10000110000 cpu=0x10713c000 size=0x8000 read=0x8000 -> /Users/user/asahi_re/public/agx-re/experiments/EXP-0042-graphics-code-selection/raw/run_ab_p0/maps/dump07/bo_sigusr1_h0_va10000110000_cpu10713c000_sz8000.hex
BODUMP handle=0 gpu_va=0x10000120000 cpu=0x107144000 size=0x8000 read=0x8000 -> /Users/user/asahi_re/public/agx-re/experiments/EXP-0042-graphics-code-selection/raw/run_ab_p0/maps/dump07/bo_sigusr1_h0_va10000120000_cpu107144000_sz8000.hex
BODUMP handle=0 gpu_va=0x10000130000 cpu=0x10714c000 size=0x8000 read=0x8000 -> /Users/user/asahi_re/public/agx-re/experiments/EXP-0042-graphics-code-selection/raw/run_ab_p0/maps/dump07/bo_sigusr1_h0_va10000130000_cpu10714c000_sz8000.hex
BODUMP handle=0 gpu_va=0x10000140000 cpu=0x107154000 size=0x100000 read=0x100000 -> /Users/user/asahi_re/public/agx-re/experiments/EXP-0042-graphics-code-selection/raw/run_ab_p0/maps/dump07/bo_sigusr1_h0_va10000140000_cpu107154000_sz100000.hex
BODUMP handle=0 gpu_va=0x48000 cpu=0x107254000 size=0x8000 read=0x8000 -> /Users/user/asahi_re/public/agx-re/experiments/EXP-0042-graphics-code-selection/raw/run_ab_p0/maps/dump07/bo_sigusr1_h0_va48000_cpu107254000_sz8000.hex
BODUMP handle=0 gpu_va=0x10000248000 cpu=0x10725c000 size=0x8000 read=0x8000 -> /Users/user/asahi_re/public/agx-re/experiments/EXP-0042-graphics-code-selection/raw/run_ab_p0/maps/dump07/bo_sigusr1_h0_va10000248000_cpu10725c000_sz8000.hex
BODUMP handle=0 gpu_va=0x10000258000 cpu=0x107264000 size=0x8000 read=0x8000 -> /Users/user/asahi_re/public/agx-re/experiments/EXP-0042-graphics-code-selection/raw/run_ab_p0/maps/dump07/bo_sigusr1_h0_va10000258000_cpu107264000_sz8000.hex
BODUMP handle=0 gpu_va=0x10000268000 cpu=0x10726c000 size=0x8000 read=0x8000 -> /Users/user/asahi_re/public/agx-re/experiments/EXP-0042-graphics-code-selection/raw/run_ab_p0/maps/dump07/bo_sigusr1_h0_va10000268000_cpu10726c000_sz8000.hex
BODUMP handle=0 gpu_va=0x10000278000 cpu=0x107274000 size=0x8000 read=0x8000 -> /Users/user/asahi_re/public/agx-re/experiments/EXP-0042-graphics-code-selection/raw/run_ab_p0/maps/dump07/bo_sigusr1_h0_va10000278000_cpu107274000_sz8000.hex
BODUMP handle=0 gpu_va=0x10000288000 cpu=0x10727c000 size=0x8000 read=0x8000 -> /Users/user/asahi_re/public/agx-re/experiments/EXP-0042-graphics-code-selection/raw/run_ab_p0/maps/dump07/bo_sigusr1_h0_va10000288000_cpu10727c000_sz8000.hex
BODUMP handle=0 gpu_va=0x58000 cpu=0x107284000 size=0x8000 read=0x8000 -> /Users/user/asahi_re/public/agx-re/experiments/EXP-0042-graphics-code-selection/raw/run_ab_p0/maps/dump07/bo_sigusr1_h0_va58000_cpu107284000_sz8000.hex
BODUMP handle=0 gpu_va=0x68000 cpu=0x10728c000 size=0x88e0 read=0x88e0 -> /Users/user/asahi_re/public/agx-re/experiments/EXP-0042-graphics-code-selection/raw/run_ab_p0/maps/dump07/bo_sigusr1_h0_va68000_cpu10728c000_sz88e0.hex
BODUMP handle=0 gpu_va=0x10000298000 cpu=0x107298000 size=0xc0000 read=0xc0000 -> /Users/user/asahi_re/public/agx-re/experiments/EXP-0042-graphics-code-selection/raw/run_ab_p0/maps/dump07/bo_sigusr1_h0_va10000298000_cpu107298000_szc0000.hex
BODUMP end reason=sigusr1
MAPDUMP reason=sigusr1 seq=58 conn=0 memType=0x00005e15 addr=0x1026ac000 size=0x4000 read=0x4000 -> /Users/user/asahi_re/public/agx-re/experiments/EXP-0042-graphics-code-selection/raw/run_ab_p0/maps/dump07/map_seq000058_conn0_type00005e15_at1026ac000_sz4000.hex
MAPDUMP reason=sigusr1 seq=58 conn=0 memType=0x00005e15 addr=0x1026a0000 size=0x4000 read=0x4000 -> /Users/user/asahi_re/public/agx-re/experiments/EXP-0042-graphics-code-selection/raw/run_ab_p0/maps/dump07/map_seq000058_conn0_type00005e15_at1026a0000_sz4000.hex
CALL seq=59 fn=Method conn=2d03 class=AGXAcceleratorG16G sel=8(0x8) inScalarCnt=1 inStructCnt=0 inScalars=[0x1]
CALL seq=60 fn=Method conn=2d03 class=AGXAcceleratorG16G sel=17(0x11) inScalarCnt=1 inStructCnt=0 inScalars=[0x1]
RET  seq=60 conn=2d03 sel=17(0x11) ret=0x0
RET  seq=60 conn=2d03 sel=8(0x8) ret=0x0
CALL seq=61 fn=Scalar conn=2d03 class=AGXAcceleratorG16G sel=15(0xf) inScalarCnt=1 inStructCnt=0 inScalars=[0x2]
RET  seq=61 conn=2d03 sel=15(0xf) ret=0x0
CALL seq=62 fn=Scalar conn=2d03 class=AGXAcceleratorG16G sel=15(0xf) inScalarCnt=1 inStructCnt=0 inScalars=[0x1]
RET  seq=62 conn=2d03 sel=15(0xf) ret=0x0
