# BODUMP reason=sigusr1 handle=0 gpu_va=0x10000080000 cpu=0x104ea8000 size=0x40000 read=0x40000
00000000: 000000a0 010000a0 004000a0 014000a0 
00000010: 020000a0 030000a0 024000a0 034000a0 
00000020: 008000a0 018000a0 00c000a0 01c000a0 
00000030: 028000a0 038000a0 02c000a0 03c000a0 
00000040: 040000a0 050000a0 044000a0 054000a0 
00000050: 060000a0 070000a0 064000a0 074000a0 
00000060: 048000a0 058000a0 04c000a0 05c000a0 
00000070: 068000a0 078000a0 06c000a0 07c000a0 
00000080: 000001a0 010001a0 004001a0 014001a0 
00000090: 020001a0 030001a0 024001a0 034001a0 
000000a0: 008001a0 018001a0 00c001a0 01c001a0 
000000b0: 028001a0 038001a0 02c001a0 03c001a0 
000000c0: 040001a0 050001a0 044001a0 054001a0 
000000d0: 060001a0 070001a0 064001a0 074001a0 
000000e0: 048001a0 058001a0 04c001a0 05c001a0 
000000f0: 068001a0 078001a0 06c001a0 07c001a0 
00000100: 080000a0 090000a0 084000a0 094000a0 
00000110: 0a0000a0 0b0000a0 0a4000a0 0b4000a0 
00000120: 088000a0 098000a0 08c000a0 09c000a0 
00000130: 0a8000a0 0b8000a0 0ac000a0 0bc000a0 
00000140: 0c0000a0 0d0000a0 0c4000a0 0d4000a0 
00000150: 0e0000a0 0f0000a0 0e4000a0 0f4000a0 
00000160: 0c8000a0 0d8000a0 0cc000a0 0dc000a0 
00000170: 0e8000a0 0f8000a0 0ec000a0 0fc000a0 
00000180: 080001a0 090001a0 084001a0 094001a0 
00000190: 0a0001a0 0b0001a0 0a4001a0 0b4001a0 
000001a0: 088001a0 098001a0 08c001a0 09c001a0 
000001b0: 0a8001a0 0b8001a0 0ac001a0 0bc001a0 
000001c0: 0c0001a0 0d0001a0 0c4001a0 0d4001a0 
000001d0: 0e0001a0 0f0001a0 0e4001a0 0f4001a0 
000001e0: 0c8001a0 0d8001a0 0cc001a0 0dc001a0 
000001f0: 0e8001a0 0f8001a0 0ec001a0 0fc001a0 
00000200: 000002a0 010002a0 004002a0 014002a0 
00000210: 020002a0 030002a0 024002a0 034002a0 
00000220: 008002a0 018002a0 00c002a0 01c002a0 
00000230: 028002a0 038002a0 02c002a0 03c002a0 
00000240: 040002a0 050002a0 044002a0 054002a0 
00000250: 060002a0 070002a0 064002a0 074002a0 
00000260: 048002a0 058002a0 04c002a0 05c002a0 
00000270: 068002a0 078002a0 06c002a0 07c002a0 
00000280: 000003a0 010003a0 004003a0 014003a0 
00000290: 020003a0 030003a0 024003a0 034003a0 
000002a0: 008003a0 018003a0 00c003a0 01c003a0 
000002b0: 028003a0 038003a0 02c003a0 03c003a0 
000002c0: 040003a0 050003a0 044003a0 054003a0 
000002d0: 060003a0 070003a0 064003a0 074003a0 
000002e0: 048003a0 058003a0 04c003a0 05c003a0 
000002f0: 068003a0 078003a0 06c003a0 07c003a0 
00000300: 080002a0 090002a0 084002a0 094002a0 
00000310: 0a0002a0 0b0002a0 0a4002a0 0b4002a0 
00000320: 088002a0 098002a0 08c002a0 09c002a0 
00000330: 0a8002a0 0b8002a0 0ac002a0 0bc002a0 
00000340: 0c0002a0 0d0002a0 0c4002a0 0d4002a0 
00000350: 0e0002a0 0f0002a0 0e4002a0 0f4002a0 
00000360: 0c8002a0 0d8002a0 0cc002a0 0dc002a0 
00000370: 0e8002a0 0f8002a0 0ec002a0 0fc002a0 
00000380: 080003a0 090003a0 084003a0 094003a0 
00000390: 0a0003a0 0b0003a0 0a4003a0 0b4003a0 
000003a0: 088003a0 098003a0 08c003a0 09c003a0 
000003b0: 0a8003a0 0b8003a0 0ac003a0 0bc003a0 
000003c0: 0c0003a0 0d0003a0 0c4003a0 0d4003a0 
000003d0: 0e0003a0 0f0003a0 0e4003a0 0f4003a0 
000003e0: 0c8003a0 0d8003a0 0cc003a0 0dc003a0 
000003f0: 0e8003a0 0f8003a0 0ec003a0 0fc003a0 
00000400: 100000a0 110000a0 104000a0 114000a0 
00000410: 120000a0 130000a0 124000a0 134000a0 
00000420: 108000a0 118000a0 10c000a0 11c000a0 
00000430: 128000a0 138000a0 12c000a0 13c000a0 
00000440: 140000a0 150000a0 144000a0 154000a0 
00000450: 160000a0 170000a0 164000a0 174000a0 
00000460: 148000a0 158000a0 14c000a0 15c000a0 
00000470: 168000a0 178000a0 16c000a0 17c000a0 
00000480: 100001a0 110001a0 104001a0 114001a0 
00000490: 120001a0 130001a0 124001a0 134001a0 
000004a0: 108001a0 118001a0 10c001a0 11c001a0 
000004b0: 128001a0 138001a0 12c001a0 13c001a0 
000004c0: 140001a0 150001a0 144001a0 154001a0 
000004d0: 160001a0 170001a0 164001a0 174001a0 
000004e0: 148001a0 158001a0 14c001a0 15c001a0 
000004f0: 168001a0 178001a0 16c001a0 17c001a0 
00000500: 180000a0 190000a0 184000a0 194000a0 
00000510: 1a0000a0 1b0000a0 1a4000a0 1b4000a0 
00000520: 188000a0 198000a0 18c000a0 19c000a0 
00000530: 1a8000a0 1b8000a0 1ac000a0 1bc000a0 
00000540: 1c0000a0 1d0000a0 1c4000a0 1d4000a0 
00000550: 1e0000a0 1f0000a0 1e4000a0 1f4000a0 
00000560: 1c8000a0 1d8000a0 1cc000a0 1dc000a0 
00000570: 1e8000a0 1f8000a0 1ec000a0 1fc000a0 
00000580: 180001a0 190001a0 184001a0 194001a0 
00000590: 1a0001a0 1b0001a0 1a4001a0 1b4001a0 
000005a0: 188001a0 198001a0 18c001a0 19c001a0 
000005b0: 1a8001a0 1b8001a0 1ac001a0 1bc001a0 
000005c0: 1c0001a0 1d0001a0 1c4001a0 1d4001a0 
000005d0: 1e0001a0 1f0001a0 1e4001a0 1f4001a0 
000005e0: 1c8001a0 1d8001a0 1cc001a0 1dc001a0 
000005f0: 1e8001a0 1f8001a0 1ec001a0 1fc001a0 
00000600: 100002a0 110002a0 104002a0 114002a0 
00000610: 120002a0 130002a0 124002a0 134002a0 
00000620: 108002a0 118002a0 10c002a0 11c002a0 
00000630: 128002a0 138002a0 12c002a0 13c002a0 
00000640: 140002a0 150002a0 144002a0 154002a0 
00000650: 160002a0 170002a0 164002a0 174002a0 
00000660: 148002a0 158002a0 14c002a0 15c002a0 
00000670: 168002a0 178002a0 16c002a0 17c002a0 
00000680: 100003a0 110003a0 104003a0 114003a0 
00000690: 120003a0 130003a0 124003a0 134003a0 
000006a0: 108003a0 118003a0 10c003a0 11c003a0 
000006b0: 128003a0 138003a0 12c003a0 13c003a0 
000006c0: 140003a0 150003a0 144003a0 154003a0 
000006d0: 160003a0 170003a0 164003a0 174003a0 
000006e0: 148003a0 158003a0 14c003a0 15c003a0 
000006f0: 168003a0 178003a0 16c003a0 17c003a0 
00000700: 180002a0 190002a0 184002a0 194002a0 
00000710: 1a0002a0 1b0002a0 1a4002a0 1b4002a0 
00000720: 188002a0 198002a0 18c002a0 19c002a0 
00000730: 1a8002a0 1b8002a0 1ac002a0 1bc002a0 
00000740: 1c0002a0 1d0002a0 1c4002a0 1d4002a0 
00000750: 1e0002a0 1f0002a0 1e4002a0 1f4002a0 
00000760: 1c8002a0 1d8002a0 1cc002a0 1dc002a0 
00000770: 1e8002a0 1f8002a0 1ec002a0 1fc002a0 
00000780: 180003a0 190003a0 184003a0 194003a0 
00000790: 1a0003a0 1b0003a0 1a4003a0 1b4003a0 
000007a0: 188003a0 198003a0 18c003a0 19c003a0 
000007b0: 1a8003a0 1b8003a0 1ac003a0 1bc003a0 
000007c0: 1c0003a0 1d0003a0 1c4003a0 1d4003a0 
000007d0: 1e0003a0 1f0003a0 1e4003a0 1f4003a0 
000007e0: 1c8003a0 1d8003a0 1cc003a0 1dc003a0 
000007f0: 1e8003a0 1f8003a0 1ec003a0 1fc003a0 
00000800: 000004a0 010004a0 004004a0 014004a0 
00000810: 020004a0 030004a0 024004a0 034004a0 
00000820: 008004a0 018004a0 00c004a0 01c004a0 
00000830: 028004a0 038004a0 02c004a0 03c004a0 
00000840: 040004a0 050004a0 044004a0 054004a0 
00000850: 060004a0 070004a0 064004a0 074004a0 
00000860: 048004a0 058004a0 04c004a0 05c004a0 
00000870: 068004a0 078004a0 06c004a0 07c004a0 
00000880: 000005a0 010005a0 004005a0 014005a0 
00000890: 020005a0 030005a0 024005a0 034005a0 
000008a0: 008005a0 018005a0 00c005a0 01c005a0 
000008b0: 028005a0 038005a0 02c005a0 03c005a0 
000008c0: 040005a0 050005a0 044005a0 054005a0 
000008d0: 060005a0 070005a0 064005a0 074005a0 
000008e0: 048005a0 058005a0 04c005a0 05c005a0 
000008f0: 068005a0 078005a0 06c005a0 07c005a0 
00000900: 080004a0 090004a0 084004a0 094004a0 
00000910: 0a0004a0 0b0004a0 0a4004a0 0b4004a0 
00000920: 088004a0 098004a0 08c004a0 09c004a0 
00000930: 0a8004a0 0b8004a0 0ac004a0 0bc004a0 
00000940: 0c0004a0 0d0004a0 0c4004a0 0d4004a0 
00000950: 0e0004a0 0f0004a0 0e4004a0 0f4004a0 
00000960: 0c8004a0 0d8004a0 0cc004a0 0dc004a0 
00000970: 0e8004a0 0f8004a0 0ec004a0 0fc004a0 
00000980: 080005a0 090005a0 084005a0 094005a0 
00000990: 0a0005a0 0b0005a0 0a4005a0 0b4005a0 
000009a0: 088005a0 098005a0 08c005a0 09c005a0 
000009b0: 0a8005a0 0b8005a0 0ac005a0 0bc005a0 
000009c0: 0c0005a0 0d0005a0 0c4005a0 0d4005a0 
000009d0: 0e0005a0 0f0005a0 0e4005a0 0f4005a0 
000009e0: 0c8005a0 0d8005a0 0cc005a0 0dc005a0 
000009f0: 0e8005a0 0f8005a0 0ec005a0 0fc005a0 
00000a00: 000006a0 010006a0 004006a0 014006a0 
00000a10: 020006a0 030006a0 024006a0 034006a0 
00000a20: 008006a0 018006a0 00c006a0 01c006a0 
00000a30: 028006a0 038006a0 02c006a0 03c006a0 
00000a40: 040006a0 050006a0 044006a0 054006a0 
00000a50: 060006a0 070006a0 064006a0 074006a0 
00000a60: 048006a0 058006a0 04c006a0 05c006a0 
00000a70: 068006a0 078006a0 06c006a0 07c006a0 
00000a80: 000007a0 010007a0 004007a0 014007a0 
00000a90: 020007a0 030007a0 024007a0 034007a0 
00000aa0: 008007a0 018007a0 00c007a0 01c007a0 
00000ab0: 028007a0 038007a0 02c007a0 03c007a0 
00000ac0: 040007a0 050007a0 044007a0 054007a0 
00000ad0: 060007a0 070007a0 064007a0 074007a0 
00000ae0: 048007a0 058007a0 04c007a0 05c007a0 
00000af0: 068007a0 078007a0 06c007a0 07c007a0 
00000b00: 080006a0 090006a0 084006a0 094006a0 
00000b10: 0a0006a0 0b0006a0 0a4006a0 0b4006a0 
00000b20: 088006a0 098006a0 08c006a0 09c006a0 
00000b30: 0a8006a0 0b8006a0 0ac006a0 0bc006a0 
00000b40: 0c0006a0 0d0006a0 0c4006a0 0d4006a0 
00000b50: 0e0006a0 0f0006a0 0e4006a0 0f4006a0 
00000b60: 0c8006a0 0d8006a0 0cc006a0 0dc006a0 
00000b70: 0e8006a0 0f8006a0 0ec006a0 0fc006a0 
00000b80: 080007a0 090007a0 084007a0 094007a0 
00000b90: 0a0007a0 0b0007a0 0a4007a0 0b4007a0 
00000ba0: 088007a0 098007a0 08c007a0 09c007a0 
00000bb0: 0a8007a0 0b8007a0 0ac007a0 0bc007a0 
00000bc0: 0c0007a0 0d0007a0 0c4007a0 0d4007a0 
00000bd0: 0e0007a0 0f0007a0 0e4007a0 0f4007a0 
00000be0: 0c8007a0 0d8007a0 0cc007a0 0dc007a0 
00000bf0: 0e8007a0 0f8007a0 0ec007a0 0fc007a0 
00000c00: 100004a0 110004a0 104004a0 114004a0 
00000c10: 120004a0 130004a0 124004a0 134004a0 
00000c20: 108004a0 118004a0 10c004a0 11c004a0 
00000c30: 128004a0 138004a0 12c004a0 13c004a0 
00000c40: 140004a0 150004a0 144004a0 154004a0 
00000c50: 160004a0 170004a0 164004a0 174004a0 
00000c60: 148004a0 158004a0 14c004a0 15c004a0 
00000c70: 168004a0 178004a0 16c004a0 17c004a0 
00000c80: 100005a0 110005a0 104005a0 114005a0 
00000c90: 120005a0 130005a0 124005a0 134005a0 
00000ca0: 108005a0 118005a0 10c005a0 11c005a0 
00000cb0: 128005a0 138005a0 12c005a0 13c005a0 
00000cc0: 140005a0 150005a0 144005a0 154005a0 
00000cd0: 160005a0 170005a0 164005a0 174005a0 
00000ce0: 148005a0 158005a0 14c005a0 15c005a0 
00000cf0: 168005a0 178005a0 16c005a0 17c005a0 
00000d00: 180004a0 190004a0 184004a0 194004a0 
00000d10: 1a0004a0 1b0004a0 1a4004a0 1b4004a0 
00000d20: 188004a0 198004a0 18c004a0 19c004a0 
00000d30: 1a8004a0 1b8004a0 1ac004a0 1bc004a0 
00000d40: 1c0004a0 1d0004a0 1c4004a0 1d4004a0 
00000d50: 1e0004a0 1f0004a0 1e4004a0 1f4004a0 
00000d60: 1c8004a0 1d8004a0 1cc004a0 1dc004a0 
00000d70: 1e8004a0 1f8004a0 1ec004a0 1fc004a0 
00000d80: 180005a0 190005a0 184005a0 194005a0 
00000d90: 1a0005a0 1b0005a0 1a4005a0 1b4005a0 
00000da0: 188005a0 198005a0 18c005a0 19c005a0 
00000db0: 1a8005a0 1b8005a0 1ac005a0 1bc005a0 
00000dc0: 1c0005a0 1d0005a0 1c4005a0 1d4005a0 
00000dd0: 1e0005a0 1f0005a0 1e4005a0 1f4005a0 
00000de0: 1c8005a0 1d8005a0 1cc005a0 1dc005a0 
00000df0: 1e8005a0 1f8005a0 1ec005a0 1fc005a0 
00000e00: 100006a0 110006a0 104006a0 114006a0 
00000e10: 120006a0 130006a0 124006a0 134006a0 
00000e20: 108006a0 118006a0 10c006a0 11c006a0 
00000e30: 128006a0 138006a0 12c006a0 13c006a0 
00000e40: 140006a0 150006a0 144006a0 154006a0 
00000e50: 160006a0 170006a0 164006a0 174006a0 
00000e60: 148006a0 158006a0 14c006a0 15c006a0 
00000e70: 168006a0 178006a0 16c006a0 17c006a0 
00000e80: 100007a0 110007a0 104007a0 114007a0 
00000e90: 120007a0 130007a0 124007a0 134007a0 
00000ea0: 108007a0 118007a0 10c007a0 11c007a0 
00000eb0: 128007a0 138007a0 12c007a0 13c007a0 
00000ec0: 140007a0 150007a0 144007a0 154007a0 
00000ed0: 160007a0 170007a0 164007a0 174007a0 
00000ee0: 148007a0 158007a0 14c007a0 15c007a0 
00000ef0: 168007a0 178007a0 16c007a0 17c007a0 
00000f00: 180006a0 190006a0 184006a0 194006a0 
00000f10: 1a0006a0 1b0006a0 1a4006a0 1b4006a0 
00000f20: 188006a0 198006a0 18c006a0 19c006a0 
00000f30: 1a8006a0 1b8006a0 1ac006a0 1bc006a0 
00000f40: 1c0006a0 1d0006a0 1c4006a0 1d4006a0 
00000f50: 1e0006a0 1f0006a0 1e4006a0 1f4006a0 
00000f60: 1c8006a0 1d8006a0 1cc006a0 1dc006a0 
00000f70: 1e8006a0 1f8006a0 1ec006a0 1fc006a0 
00000f80: 180007a0 190007a0 184007a0 194007a0 
00000f90: 1a0007a0 1b0007a0 1a4007a0 1b4007a0 
00000fa0: 188007a0 198007a0 18c007a0 19c007a0 
00000fb0: 1a8007a0 1b8007a0 1ac007a0 1bc007a0 
00000fc0: 1c0007a0 1d0007a0 1c4007a0 1d4007a0 
00000fd0: 1e0007a0 1f0007a0 1e4007a0 1f4007a0 
00000fe0: 1c8007a0 1d8007a0 1cc007a0 1dc007a0 
00000ff0: 1e8007a0 1f8007a0 1ec007a0 1fc007a0 
00001000: 200000a0 210000a0 204000a0 214000a0 
00001010: 220000a0 230000a0 224000a0 234000a0 
00001020: 208000a0 218000a0 20c000a0 21c000a0 
00001030: 228000a0 238000a0 22c000a0 23c000a0 
00001040: 240000a0 250000a0 244000a0 254000a0 
00001050: 260000a0 270000a0 264000a0 274000a0 
00001060: 248000a0 258000a0 24c000a0 25c000a0 
00001070: 268000a0 278000a0 26c000a0 27c000a0 
00001080: 200001a0 210001a0 204001a0 214001a0 
00001090: 220001a0 230001a0 224001a0 234001a0 
000010a0: 208001a0 218001a0 20c001a0 21c001a0 
000010b0: 228001a0 238001a0 22c001a0 23c001a0 
000010c0: 240001a0 250001a0 244001a0 254001a0 
000010d0: 260001a0 270001a0 264001a0 274001a0 
000010e0: 248001a0 258001a0 24c001a0 25c001a0 
000010f0: 268001a0 278001a0 26c001a0 27c001a0 
00001100: 280000a0 290000a0 284000a0 294000a0 
00001110: 2a0000a0 2b0000a0 2a4000a0 2b4000a0 
00001120: 288000a0 298000a0 28c000a0 29c000a0 
00001130: 2a8000a0 2b8000a0 2ac000a0 2bc000a0 
00001140: 2c0000a0 2d0000a0 2c4000a0 2d4000a0 
00001150: 2e0000a0 2f0000a0 2e4000a0 2f4000a0 
00001160: 2c8000a0 2d8000a0 2cc000a0 2dc000a0 
00001170: 2e8000a0 2f8000a0 2ec000a0 2fc000a0 
00001180: 280001a0 290001a0 284001a0 294001a0 
00001190: 2a0001a0 2b0001a0 2a4001a0 2b4001a0 
000011a0: 288001a0 298001a0 28c001a0 29c001a0 
000011b0: 2a8001a0 2b8001a0 2ac001a0 2bc001a0 
000011c0: 2c0001a0 2d0001a0 2c4001a0 2d4001a0 
000011d0: 2e0001a0 2f0001a0 2e4001a0 2f4001a0 
000011e0: 2c8001a0 2d8001a0 2cc001a0 2dc001a0 
000011f0: 2e8001a0 2f8001a0 2ec001a0 2fc001a0 
00001200: 200002a0 210002a0 204002a0 214002a0 
00001210: 220002a0 230002a0 224002a0 234002a0 
00001220: 208002a0 218002a0 20c002a0 21c002a0 
00001230: 228002a0 238002a0 22c002a0 23c002a0 
00001240: 240002a0 250002a0 244002a0 254002a0 
00001250: 260002a0 270002a0 264002a0 274002a0 
00001260: 248002a0 258002a0 24c002a0 25c002a0 
00001270: 268002a0 278002a0 26c002a0 27c002a0 
00001280: 200003a0 210003a0 204003a0 214003a0 
00001290: 220003a0 230003a0 224003a0 234003a0 
000012a0: 208003a0 218003a0 20c003a0 21c003a0 
000012b0: 228003a0 238003a0 22c003a0 23c003a0 
000012c0: 240003a0 250003a0 244003a0 254003a0 
000012d0: 260003a0 270003a0 264003a0 274003a0 
000012e0: 248003a0 258003a0 24c003a0 25c003a0 
000012f0: 268003a0 278003a0 26c003a0 27c003a0 
00001300: 280002a0 290002a0 284002a0 294002a0 
00001310: 2a0002a0 2b0002a0 2a4002a0 2b4002a0 
00001320: 288002a0 298002a0 28c002a0 29c002a0 
00001330: 2a8002a0 2b8002a0 2ac002a0 2bc002a0 
00001340: 2c0002a0 2d0002a0 2c4002a0 2d4002a0 
00001350: 2e0002a0 2f0002a0 2e4002a0 2f4002a0 
00001360: 2c8002a0 2d8002a0 2cc002a0 2dc002a0 
00001370: 2e8002a0 2f8002a0 2ec002a0 2fc002a0 
00001380: 280003a0 290003a0 284003a0 294003a0 
00001390: 2a0003a0 2b0003a0 2a4003a0 2b4003a0 
000013a0: 288003a0 298003a0 28c003a0 29c003a0 
000013b0: 2a8003a0 2b8003a0 2ac003a0 2bc003a0 
000013c0: 2c0003a0 2d0003a0 2c4003a0 2d4003a0 
000013d0: 2e0003a0 2f0003a0 2e4003a0 2f4003a0 
000013e0: 2c8003a0 2d8003a0 2cc003a0 2dc003a0 
000013f0: 2e8003a0 2f8003a0 2ec003a0 2fc003a0 
00001400: 300000a0 310000a0 304000a0 314000a0 
00001410: 320000a0 330000a0 324000a0 334000a0 
00001420: 308000a0 318000a0 30c000a0 31c000a0 
00001430: 328000a0 338000a0 32c000a0 33c000a0 
00001440: 340000a0 350000a0 344000a0 354000a0 
00001450: 360000a0 370000a0 364000a0 374000a0 
00001460: 348000a0 358000a0 34c000a0 35c000a0 
00001470: 368000a0 378000a0 36c000a0 37c000a0 
00001480: 300001a0 310001a0 304001a0 314001a0 
00001490: 320001a0 330001a0 324001a0 334001a0 
000014a0: 308001a0 318001a0 30c001a0 31c001a0 
000014b0: 328001a0 338001a0 32c001a0 33c001a0 
000014c0: 340001a0 350001a0 344001a0 354001a0 
000014d0: 360001a0 370001a0 364001a0 374001a0 
000014e0: 348001a0 358001a0 34c001a0 35c001a0 
000014f0: 368001a0 378001a0 36c001a0 37c001a0 
00001500: 380000a0 390000a0 384000a0 394000a0 
00001510: 3a0000a0 3b0000a0 3a4000a0 3b4000a0 
00001520: 388000a0 398000a0 38c000a0 39c000a0 
00001530: 3a8000a0 3b8000a0 3ac000a0 3bc000a0 
00001540: 3c0000a0 3d0000a0 3c4000a0 3d4000a0 
00001550: 3e0000a0 3f0000a0 3e4000a0 3f4000a0 
00001560: 3c8000a0 3d8000a0 3cc000a0 3dc000a0 
00001570: 3e8000a0 3f8000a0 3ec000a0 3fc000a0 
00001580: 380001a0 390001a0 384001a0 394001a0 
00001590: 3a0001a0 3b0001a0 3a4001a0 3b4001a0 
000015a0: 388001a0 398001a0 38c001a0 39c001a0 
000015b0: 3a8001a0 3b8001a0 3ac001a0 3bc001a0 
000015c0: 3c0001a0 3d0001a0 3c4001a0 3d4001a0 
000015d0: 3e0001a0 3f0001a0 3e4001a0 3f4001a0 
000015e0: 3c8001a0 3d8001a0 3cc001a0 3dc001a0 
000015f0: 3e8001a0 3f8001a0 3ec001a0 3fc001a0 
00001600: 300002a0 310002a0 304002a0 314002a0 
00001610: 320002a0 330002a0 324002a0 334002a0 
00001620: 308002a0 318002a0 30c002a0 31c002a0 
00001630: 328002a0 338002a0 32c002a0 33c002a0 
00001640: 340002a0 350002a0 344002a0 354002a0 
00001650: 360002a0 370002a0 364002a0 374002a0 
00001660: 348002a0 358002a0 34c002a0 35c002a0 
00001670: 368002a0 378002a0 36c002a0 37c002a0 
00001680: 300003a0 310003a0 304003a0 314003a0 
00001690: 320003a0 330003a0 324003a0 334003a0 
000016a0: 308003a0 318003a0 30c003a0 31c003a0 
000016b0: 328003a0 338003a0 32c003a0 33c003a0 
000016c0: 340003a0 350003a0 344003a0 354003a0 
000016d0: 360003a0 370003a0 364003a0 374003a0 
000016e0: 348003a0 358003a0 34c003a0 35c003a0 
000016f0: 368003a0 378003a0 36c003a0 37c003a0 
00001700: 380002a0 390002a0 384002a0 394002a0 
00001710: 3a0002a0 3b0002a0 3a4002a0 3b4002a0 
00001720: 388002a0 398002a0 38c002a0 39c002a0 
00001730: 3a8002a0 3b8002a0 3ac002a0 3bc002a0 
00001740: 3c0002a0 3d0002a0 3c4002a0 3d4002a0 
00001750: 3e0002a0 3f0002a0 3e4002a0 3f4002a0 
00001760: 3c8002a0 3d8002a0 3cc002a0 3dc002a0 
00001770: 3e8002a0 3f8002a0 3ec002a0 3fc002a0 
00001780: 380003a0 390003a0 384003a0 394003a0 
00001790: 3a0003a0 3b0003a0 3a4003a0 3b4003a0 
000017a0: 388003a0 398003a0 38c003a0 39c003a0 
000017b0: 3a8003a0 3b8003a0 3ac003a0 3bc003a0 
000017c0: 3c0003a0 3d0003a0 3c4003a0 3d4003a0 
000017d0: 3e0003a0 3f0003a0 3e4003a0 3f4003a0 
000017e0: 3c8003a0 3d8003a0 3cc003a0 3dc003a0 
000017f0: 3e8003a0 3f8003a0 3ec003a0 3fc003a0 
00001800: 200004a0 210004a0 204004a0 214004a0 
00001810: 220004a0 230004a0 224004a0 234004a0 
00001820: 208004a0 218004a0 20c004a0 21c004a0 
00001830: 228004a0 238004a0 22c004a0 23c004a0 
00001840: 240004a0 250004a0 244004a0 254004a0 
00001850: 260004a0 270004a0 264004a0 274004a0 
00001860: 248004a0 258004a0 24c004a0 25c004a0 
00001870: 268004a0 278004a0 26c004a0 27c004a0 
00001880: 200005a0 210005a0 204005a0 214005a0 
00001890: 220005a0 230005a0 224005a0 234005a0 
000018a0: 208005a0 218005a0 20c005a0 21c005a0 
000018b0: 228005a0 238005a0 22c005a0 23c005a0 
000018c0: 240005a0 250005a0 244005a0 254005a0 
000018d0: 260005a0 270005a0 264005a0 274005a0 
000018e0: 248005a0 258005a0 24c005a0 25c005a0 
000018f0: 268005a0 278005a0 26c005a0 27c005a0 
00001900: 280004a0 290004a0 284004a0 294004a0 
00001910: 2a0004a0 2b0004a0 2a4004a0 2b4004a0 
00001920: 288004a0 298004a0 28c004a0 29c004a0 
00001930: 2a8004a0 2b8004a0 2ac004a0 2bc004a0 
00001940: 2c0004a0 2d0004a0 2c4004a0 2d4004a0 
00001950: 2e0004a0 2f0004a0 2e4004a0 2f4004a0 
00001960: 2c8004a0 2d8004a0 2cc004a0 2dc004a0 
00001970: 2e8004a0 2f8004a0 2ec004a0 2fc004a0 
00001980: 280005a0 290005a0 284005a0 294005a0 
00001990: 2a0005a0 2b0005a0 2a4005a0 2b4005a0 
000019a0: 288005a0 298005a0 28c005a0 29c005a0 
000019b0: 2a8005a0 2b8005a0 2ac005a0 2bc005a0 
000019c0: 2c0005a0 2d0005a0 2c4005a0 2d4005a0 
000019d0: 2e0005a0 2f0005a0 2e4005a0 2f4005a0 
000019e0: 2c8005a0 2d8005a0 2cc005a0 2dc005a0 
000019f0: 2e8005a0 2f8005a0 2ec005a0 2fc005a0 
00001a00: 200006a0 210006a0 204006a0 214006a0 
00001a10: 220006a0 230006a0 224006a0 234006a0 
00001a20: 208006a0 218006a0 20c006a0 21c006a0 
00001a30: 228006a0 238006a0 22c006a0 23c006a0 
00001a40: 240006a0 250006a0 244006a0 254006a0 
00001a50: 260006a0 270006a0 264006a0 274006a0 
00001a60: 248006a0 258006a0 24c006a0 25c006a0 
00001a70: 268006a0 278006a0 26c006a0 27c006a0 
00001a80: 200007a0 210007a0 204007a0 214007a0 
00001a90: 220007a0 230007a0 224007a0 234007a0 
00001aa0: 208007a0 218007a0 20c007a0 21c007a0 
00001ab0: 228007a0 238007a0 22c007a0 23c007a0 
00001ac0: 240007a0 250007a0 244007a0 254007a0 
00001ad0: 260007a0 270007a0 264007a0 274007a0 
00001ae0: 248007a0 258007a0 24c007a0 25c007a0 
00001af0: 268007a0 278007a0 26c007a0 27c007a0 
00001b00: 280006a0 290006a0 284006a0 294006a0 
00001b10: 2a0006a0 2b0006a0 2a4006a0 2b4006a0 
00001b20: 288006a0 298006a0 28c006a0 29c006a0 
00001b30: 2a8006a0 2b8006a0 2ac006a0 2bc006a0 
00001b40: 2c0006a0 2d0006a0 2c4006a0 2d4006a0 
00001b50: 2e0006a0 2f0006a0 2e4006a0 2f4006a0 
00001b60: 2c8006a0 2d8006a0 2cc006a0 2dc006a0 
00001b70: 2e8006a0 2f8006a0 2ec006a0 2fc006a0 
00001b80: 280007a0 290007a0 284007a0 294007a0 
00001b90: 2a0007a0 2b0007a0 2a4007a0 2b4007a0 
00001ba0: 288007a0 298007a0 28c007a0 29c007a0 
00001bb0: 2a8007a0 2b8007a0 2ac007a0 2bc007a0 
00001bc0: 2c0007a0 2d0007a0 2c4007a0 2d4007a0 
00001bd0: 2e0007a0 2f0007a0 2e4007a0 2f4007a0 
00001be0: 2c8007a0 2d8007a0 2cc007a0 2dc007a0 
00001bf0: 2e8007a0 2f8007a0 2ec007a0 2fc007a0 
00001c00: 300004a0 310004a0 304004a0 314004a0 
00001c10: 320004a0 330004a0 324004a0 334004a0 
00001c20: 308004a0 318004a0 30c004a0 31c004a0 
00001c30: 328004a0 338004a0 32c004a0 33c004a0 
00001c40: 340004a0 350004a0 344004a0 354004a0 
00001c50: 360004a0 370004a0 364004a0 374004a0 
00001c60: 348004a0 358004a0 34c004a0 35c004a0 
00001c70: 368004a0 378004a0 36c004a0 37c004a0 
00001c80: 300005a0 310005a0 304005a0 314005a0 
00001c90: 320005a0 330005a0 324005a0 334005a0 
00001ca0: 308005a0 318005a0 30c005a0 31c005a0 
00001cb0: 328005a0 338005a0 32c005a0 33c005a0 
00001cc0: 340005a0 350005a0 344005a0 354005a0 
00001cd0: 360005a0 370005a0 364005a0 374005a0 
00001ce0: 348005a0 358005a0 34c005a0 35c005a0 
00001cf0: 368005a0 378005a0 36c005a0 37c005a0 
00001d00: 380004a0 390004a0 384004a0 394004a0 
00001d10: 3a0004a0 3b0004a0 3a4004a0 3b4004a0 
00001d20: 388004a0 398004a0 38c004a0 39c004a0 
00001d30: 3a8004a0 3b8004a0 3ac004a0 3bc004a0 
00001d40: 3c0004a0 3d0004a0 3c4004a0 3d4004a0 
00001d50: 3e0004a0 3f0004a0 3e4004a0 3f4004a0 
00001d60: 3c8004a0 3d8004a0 3cc004a0 3dc004a0 
00001d70: 3e8004a0 3f8004a0 3ec004a0 3fc004a0 
00001d80: 380005a0 390005a0 384005a0 394005a0 
00001d90: 3a0005a0 3b0005a0 3a4005a0 3b4005a0 
00001da0: 388005a0 398005a0 38c005a0 39c005a0 
00001db0: 3a8005a0 3b8005a0 3ac005a0 3bc005a0 
00001dc0: 3c0005a0 3d0005a0 3c4005a0 3d4005a0 
00001dd0: 3e0005a0 3f0005a0 3e4005a0 3f4005a0 
00001de0: 3c8005a0 3d8005a0 3cc005a0 3dc005a0 
00001df0: 3e8005a0 3f8005a0 3ec005a0 3fc005a0 
00001e00: 300006a0 310006a0 304006a0 314006a0 
00001e10: 320006a0 330006a0 324006a0 334006a0 
00001e20: 308006a0 318006a0 30c006a0 31c006a0 
00001e30: 328006a0 338006a0 32c006a0 33c006a0 
00001e40: 340006a0 350006a0 344006a0 354006a0 
00001e50: 360006a0 370006a0 364006a0 374006a0 
00001e60: 348006a0 358006a0 34c006a0 35c006a0 
00001e70: 368006a0 378006a0 36c006a0 37c006a0 
00001e80: 300007a0 310007a0 304007a0 314007a0 
00001e90: 320007a0 330007a0 324007a0 334007a0 
00001ea0: 308007a0 318007a0 30c007a0 31c007a0 
00001eb0: 328007a0 338007a0 32c007a0 33c007a0 
00001ec0: 340007a0 350007a0 344007a0 354007a0 
00001ed0: 360007a0 370007a0 364007a0 374007a0 
00001ee0: 348007a0 358007a0 34c007a0 35c007a0 
00001ef0: 368007a0 378007a0 36c007a0 37c007a0 
00001f00: 380006a0 390006a0 384006a0 394006a0 
00001f10: 3a0006a0 3b0006a0 3a4006a0 3b4006a0 
00001f20: 388006a0 398006a0 38c006a0 39c006a0 
00001f30: 3a8006a0 3b8006a0 3ac006a0 3bc006a0 
00001f40: 3c0006a0 3d0006a0 3c4006a0 3d4006a0 
00001f50: 3e0006a0 3f0006a0 3e4006a0 3f4006a0 
00001f60: 3c8006a0 3d8006a0 3cc006a0 3dc006a0 
00001f70: 3e8006a0 3f8006a0 3ec006a0 3fc006a0 
00001f80: 380007a0 390007a0 384007a0 394007a0 
00001f90: 3a0007a0 3b0007a0 3a4007a0 3b4007a0 
00001fa0: 388007a0 398007a0 38c007a0 39c007a0 
00001fb0: 3a8007a0 3b8007a0 3ac007a0 3bc007a0 
00001fc0: 3c0007a0 3d0007a0 3c4007a0 3d4007a0 
00001fd0: 3e0007a0 3f0007a0 3e4007a0 3f4007a0 
00001fe0: 3c8007a0 3d8007a0 3cc007a0 3dc007a0 
00001ff0: 3e8007a0 3f8007a0 3ec007a0 3fc007a0 
00002000: 000008a0 010008a0 004008a0 014008a0 
00002010: 020008a0 030008a0 024008a0 034008a0 
00002020: 008008a0 018008a0 00c008a0 01c008a0 
00002030: 028008a0 038008a0 02c008a0 03c008a0 
00002040: 040008a0 050008a0 044008a0 054008a0 
00002050: 060008a0 070008a0 064008a0 074008a0 
00002060: 048008a0 058008a0 04c008a0 05c008a0 
00002070: 068008a0 078008a0 06c008a0 07c008a0 
00002080: 000009a0 010009a0 004009a0 014009a0 
00002090: 020009a0 030009a0 024009a0 034009a0 
000020a0: 008009a0 018009a0 00c009a0 01c009a0 
000020b0: 028009a0 038009a0 02c009a0 03c009a0 
000020c0: 040009a0 050009a0 044009a0 054009a0 
000020d0: 060009a0 070009a0 064009a0 074009a0 
000020e0: 048009a0 058009a0 04c009a0 05c009a0 
000020f0: 068009a0 078009a0 06c009a0 07c009a0 
00002100: 080008a0 090008a0 084008a0 094008a0 
00002110: 0a0008a0 0b0008a0 0a4008a0 0b4008a0 
00002120: 088008a0 098008a0 08c008a0 09c008a0 
00002130: 0a8008a0 0b8008a0 0ac008a0 0bc008a0 
00002140: 0c0008a0 0d0008a0 0c4008a0 0d4008a0 
00002150: 0e0008a0 0f0008a0 0e4008a0 0f4008a0 
00002160: 0c8008a0 0d8008a0 0cc008a0 0dc008a0 
00002170: 0e8008a0 0f8008a0 0ec008a0 0fc008a0 
00002180: 080009a0 090009a0 084009a0 094009a0 
00002190: 0a0009a0 0b0009a0 0a4009a0 0b4009a0 
000021a0: 088009a0 098009a0 08c009a0 09c009a0 
000021b0: 0a8009a0 0b8009a0 0ac009a0 0bc009a0 
000021c0: 0c0009a0 0d0009a0 0c4009a0 0d4009a0 
000021d0: 0e0009a0 0f0009a0 0e4009a0 0f4009a0 
000021e0: 0c8009a0 0d8009a0 0cc009a0 0dc009a0 
000021f0: 0e8009a0 0f8009a0 0ec009a0 0fc009a0 
00002200: 00000aa0 01000aa0 00400aa0 01400aa0 
00002210: 02000aa0 03000aa0 02400aa0 03400aa0 
00002220: 00800aa0 01800aa0 00c00aa0 01c00aa0 
00002230: 02800aa0 03800aa0 02c00aa0 03c00aa0 
00002240: 04000aa0 05000aa0 04400aa0 05400aa0 
00002250: 06000aa0 07000aa0 06400aa0 07400aa0 
00002260: 04800aa0 05800aa0 04c00aa0 05c00aa0 
00002270: 06800aa0 07800aa0 06c00aa0 07c00aa0 
00002280: 00000ba0 01000ba0 00400ba0 01400ba0 
00002290: 02000ba0 03000ba0 02400ba0 03400ba0 
000022a0: 00800ba0 01800ba0 00c00ba0 01c00ba0 
000022b0: 02800ba0 03800ba0 02c00ba0 03c00ba0 
000022c0: 04000ba0 05000ba0 04400ba0 05400ba0 
000022d0: 06000ba0 07000ba0 06400ba0 07400ba0 
000022e0: 04800ba0 05800ba0 04c00ba0 05c00ba0 
000022f0: 06800ba0 07800ba0 06c00ba0 07c00ba0 
00002300: 08000aa0 09000aa0 08400aa0 09400aa0 
00002310: 0a000aa0 0b000aa0 0a400aa0 0b400aa0 
00002320: 08800aa0 09800aa0 08c00aa0 09c00aa0 
00002330: 0a800aa0 0b800aa0 0ac00aa0 0bc00aa0 
00002340: 0c000aa0 0d000aa0 0c400aa0 0d400aa0 
00002350: 0e000aa0 0f000aa0 0e400aa0 0f400aa0 
00002360: 0c800aa0 0d800aa0 0cc00aa0 0dc00aa0 
00002370: 0e800aa0 0f800aa0 0ec00aa0 0fc00aa0 
00002380: 08000ba0 09000ba0 08400ba0 09400ba0 
00002390: 0a000ba0 0b000ba0 0a400ba0 0b400ba0 
000023a0: 08800ba0 09800ba0 08c00ba0 09c00ba0 
000023b0: 0a800ba0 0b800ba0 0ac00ba0 0bc00ba0 
000023c0: 0c000ba0 0d000ba0 0c400ba0 0d400ba0 
000023d0: 0e000ba0 0f000ba0 0e400ba0 0f400ba0 
000023e0: 0c800ba0 0d800ba0 0cc00ba0 0dc00ba0 
000023f0: 0e800ba0 0f800ba0 0ec00ba0 0fc00ba0 
00002400: 100008a0 110008a0 104008a0 114008a0 
00002410: 120008a0 130008a0 124008a0 134008a0 
00002420: 108008a0 118008a0 10c008a0 11c008a0 
00002430: 128008a0 138008a0 12c008a0 13c008a0 
00002440: 140008a0 150008a0 144008a0 154008a0 
00002450: 160008a0 170008a0 164008a0 174008a0 
00002460: 148008a0 158008a0 14c008a0 15c008a0 
00002470: 168008a0 178008a0 16c008a0 17c008a0 
00002480: 100009a0 110009a0 104009a0 114009a0 
00002490: 120009a0 130009a0 124009a0 134009a0 
000024a0: 108009a0 118009a0 10c009a0 11c009a0 
000024b0: 128009a0 138009a0 12c009a0 13c009a0 
000024c0: 140009a0 150009a0 144009a0 154009a0 
000024d0: 160009a0 170009a0 164009a0 174009a0 
000024e0: 148009a0 158009a0 14c009a0 15c009a0 
000024f0: 168009a0 178009a0 16c009a0 17c009a0 
00002500: 180008a0 190008a0 184008a0 194008a0 
00002510: 1a0008a0 1b0008a0 1a4008a0 1b4008a0 
00002520: 188008a0 198008a0 18c008a0 19c008a0 
00002530: 1a8008a0 1b8008a0 1ac008a0 1bc008a0 
00002540: 1c0008a0 1d0008a0 1c4008a0 1d4008a0 
00002550: 1e0008a0 1f0008a0 1e4008a0 1f4008a0 
00002560: 1c8008a0 1d8008a0 1cc008a0 1dc008a0 
00002570: 1e8008a0 1f8008a0 1ec008a0 1fc008a0 
00002580: 180009a0 190009a0 184009a0 194009a0 
00002590: 1a0009a0 1b0009a0 1a4009a0 1b4009a0 
000025a0: 188009a0 198009a0 18c009a0 19c009a0 
000025b0: 1a8009a0 1b8009a0 1ac009a0 1bc009a0 
000025c0: 1c0009a0 1d0009a0 1c4009a0 1d4009a0 
000025d0: 1e0009a0 1f0009a0 1e4009a0 1f4009a0 
000025e0: 1c8009a0 1d8009a0 1cc009a0 1dc009a0 
000025f0: 1e8009a0 1f8009a0 1ec009a0 1fc009a0 
00002600: 10000aa0 11000aa0 10400aa0 11400aa0 
00002610: 12000aa0 13000aa0 12400aa0 13400aa0 
00002620: 10800aa0 11800aa0 10c00aa0 11c00aa0 
00002630: 12800aa0 13800aa0 12c00aa0 13c00aa0 
00002640: 14000aa0 15000aa0 14400aa0 15400aa0 
00002650: 16000aa0 17000aa0 16400aa0 17400aa0 
00002660: 14800aa0 15800aa0 14c00aa0 15c00aa0 
00002670: 16800aa0 17800aa0 16c00aa0 17c00aa0 
00002680: 10000ba0 11000ba0 10400ba0 11400ba0 
00002690: 12000ba0 13000ba0 12400ba0 13400ba0 
000026a0: 10800ba0 11800ba0 10c00ba0 11c00ba0 
000026b0: 12800ba0 13800ba0 12c00ba0 13c00ba0 
000026c0: 14000ba0 15000ba0 14400ba0 15400ba0 
000026d0: 16000ba0 17000ba0 16400ba0 17400ba0 
000026e0: 14800ba0 15800ba0 14c00ba0 15c00ba0 
000026f0: 16800ba0 17800ba0 16c00ba0 17c00ba0 
00002700: 18000aa0 19000aa0 18400aa0 19400aa0 
00002710: 1a000aa0 1b000aa0 1a400aa0 1b400aa0 
00002720: 18800aa0 19800aa0 18c00aa0 19c00aa0 
00002730: 1a800aa0 1b800aa0 1ac00aa0 1bc00aa0 
00002740: 1c000aa0 1d000aa0 1c400aa0 1d400aa0 
00002750: 1e000aa0 1f000aa0 1e400aa0 1f400aa0 
00002760: 1c800aa0 1d800aa0 1cc00aa0 1dc00aa0 
00002770: 1e800aa0 1f800aa0 1ec00aa0 1fc00aa0 
00002780: 18000ba0 19000ba0 18400ba0 19400ba0 
00002790: 1a000ba0 1b000ba0 1a400ba0 1b400ba0 
000027a0: 18800ba0 19800ba0 18c00ba0 19c00ba0 
000027b0: 1a800ba0 1b800ba0 1ac00ba0 1bc00ba0 
000027c0: 1c000ba0 1d000ba0 1c400ba0 1d400ba0 
000027d0: 1e000ba0 1f000ba0 1e400ba0 1f400ba0 
000027e0: 1c800ba0 1d800ba0 1cc00ba0 1dc00ba0 
000027f0: 1e800ba0 1f800ba0 1ec00ba0 1fc00ba0 
00002800: 00000ca0 01000ca0 00400ca0 01400ca0 
00002810: 02000ca0 03000ca0 02400ca0 03400ca0 
00002820: 00800ca0 01800ca0 00c00ca0 01c00ca0 
00002830: 02800ca0 03800ca0 02c00ca0 03c00ca0 
00002840: 04000ca0 05000ca0 04400ca0 05400ca0 
00002850: 06000ca0 07000ca0 06400ca0 07400ca0 
00002860: 04800ca0 05800ca0 04c00ca0 05c00ca0 
00002870: 06800ca0 07800ca0 06c00ca0 07c00ca0 
00002880: 00000da0 01000da0 00400da0 01400da0 
00002890: 02000da0 03000da0 02400da0 03400da0 
000028a0: 00800da0 01800da0 00c00da0 01c00da0 
000028b0: 02800da0 03800da0 02c00da0 03c00da0 
000028c0: 04000da0 05000da0 04400da0 05400da0 
000028d0: 06000da0 07000da0 06400da0 07400da0 
000028e0: 04800da0 05800da0 04c00da0 05c00da0 
000028f0: 06800da0 07800da0 06c00da0 07c00da0 
00002900: 08000ca0 09000ca0 08400ca0 09400ca0 
00002910: 0a000ca0 0b000ca0 0a400ca0 0b400ca0 
00002920: 08800ca0 09800ca0 08c00ca0 09c00ca0 
00002930: 0a800ca0 0b800ca0 0ac00ca0 0bc00ca0 
00002940: 0c000ca0 0d000ca0 0c400ca0 0d400ca0 
00002950: 0e000ca0 0f000ca0 0e400ca0 0f400ca0 
00002960: 0c800ca0 0d800ca0 0cc00ca0 0dc00ca0 
00002970: 0e800ca0 0f800ca0 0ec00ca0 0fc00ca0 
00002980: 08000da0 09000da0 08400da0 09400da0 
00002990: 0a000da0 0b000da0 0a400da0 0b400da0 
000029a0: 08800da0 09800da0 08c00da0 09c00da0 
000029b0: 0a800da0 0b800da0 0ac00da0 0bc00da0 
000029c0: 0c000da0 0d000da0 0c400da0 0d400da0 
000029d0: 0e000da0 0f000da0 0e400da0 0f400da0 
000029e0: 0c800da0 0d800da0 0cc00da0 0dc00da0 
000029f0: 0e800da0 0f800da0 0ec00da0 0fc00da0 
00002a00: 00000ea0 01000ea0 00400ea0 01400ea0 
00002a10: 02000ea0 03000ea0 02400ea0 03400ea0 
00002a20: 00800ea0 01800ea0 00c00ea0 01c00ea0 
00002a30: 02800ea0 03800ea0 02c00ea0 03c00ea0 
00002a40: 04000ea0 05000ea0 04400ea0 05400ea0 
00002a50: 06000ea0 07000ea0 06400ea0 07400ea0 
00002a60: 04800ea0 05800ea0 04c00ea0 05c00ea0 
00002a70: 06800ea0 07800ea0 06c00ea0 07c00ea0 
00002a80: 00000fa0 01000fa0 00400fa0 01400fa0 
00002a90: 02000fa0 03000fa0 02400fa0 03400fa0 
00002aa0: 00800fa0 01800fa0 00c00fa0 01c00fa0 
00002ab0: 02800fa0 03800fa0 02c00fa0 03c00fa0 
00002ac0: 04000fa0 05000fa0 04400fa0 05400fa0 
00002ad0: 06000fa0 07000fa0 06400fa0 07400fa0 
00002ae0: 04800fa0 05800fa0 04c00fa0 05c00fa0 
00002af0: 06800fa0 07800fa0 06c00fa0 07c00fa0 
00002b00: 08000ea0 09000ea0 08400ea0 09400ea0 
00002b10: 0a000ea0 0b000ea0 0a400ea0 0b400ea0 
00002b20: 08800ea0 09800ea0 08c00ea0 09c00ea0 
00002b30: 0a800ea0 0b800ea0 0ac00ea0 0bc00ea0 
00002b40: 0c000ea0 0d000ea0 0c400ea0 0d400ea0 
00002b50: 0e000ea0 0f000ea0 0e400ea0 0f400ea0 
00002b60: 0c800ea0 0d800ea0 0cc00ea0 0dc00ea0 
00002b70: 0e800ea0 0f800ea0 0ec00ea0 0fc00ea0 
00002b80: 08000fa0 09000fa0 08400fa0 09400fa0 
00002b90: 0a000fa0 0b000fa0 0a400fa0 0b400fa0 
00002ba0: 08800fa0 09800fa0 08c00fa0 09c00fa0 
00002bb0: 0a800fa0 0b800fa0 0ac00fa0 0bc00fa0 
00002bc0: 0c000fa0 0d000fa0 0c400fa0 0d400fa0 
00002bd0: 0e000fa0 0f000fa0 0e400fa0 0f400fa0 
00002be0: 0c800fa0 0d800fa0 0cc00fa0 0dc00fa0 
00002bf0: 0e800fa0 0f800fa0 0ec00fa0 0fc00fa0 
00002c00: 10000ca0 11000ca0 10400ca0 11400ca0 
00002c10: 12000ca0 13000ca0 12400ca0 13400ca0 
00002c20: 10800ca0 11800ca0 10c00ca0 11c00ca0 
00002c30: 12800ca0 13800ca0 12c00ca0 13c00ca0 
00002c40: 14000ca0 15000ca0 14400ca0 15400ca0 
00002c50: 16000ca0 17000ca0 16400ca0 17400ca0 
00002c60: 14800ca0 15800ca0 14c00ca0 15c00ca0 
00002c70: 16800ca0 17800ca0 16c00ca0 17c00ca0 
00002c80: 10000da0 11000da0 10400da0 11400da0 
00002c90: 12000da0 13000da0 12400da0 13400da0 
00002ca0: 10800da0 11800da0 10c00da0 11c00da0 
00002cb0: 12800da0 13800da0 12c00da0 13c00da0 
00002cc0: 14000da0 15000da0 14400da0 15400da0 
00002cd0: 16000da0 17000da0 16400da0 17400da0 
00002ce0: 14800da0 15800da0 14c00da0 15c00da0 
00002cf0: 16800da0 17800da0 16c00da0 17c00da0 
00002d00: 18000ca0 19000ca0 18400ca0 19400ca0 
00002d10: 1a000ca0 1b000ca0 1a400ca0 1b400ca0 
00002d20: 18800ca0 19800ca0 18c00ca0 19c00ca0 
00002d30: 1a800ca0 1b800ca0 1ac00ca0 1bc00ca0 
00002d40: 1c000ca0 1d000ca0 1c400ca0 1d400ca0 
00002d50: 1e000ca0 1f000ca0 1e400ca0 1f400ca0 
00002d60: 1c800ca0 1d800ca0 1cc00ca0 1dc00ca0 
00002d70: 1e800ca0 1f800ca0 1ec00ca0 1fc00ca0 
00002d80: 18000da0 19000da0 18400da0 19400da0 
00002d90: 1a000da0 1b000da0 1a400da0 1b400da0 
00002da0: 18800da0 19800da0 18c00da0 19c00da0 
00002db0: 1a800da0 1b800da0 1ac00da0 1bc00da0 
00002dc0: 1c000da0 1d000da0 1c400da0 1d400da0 
00002dd0: 1e000da0 1f000da0 1e400da0 1f400da0 
00002de0: 1c800da0 1d800da0 1cc00da0 1dc00da0 
00002df0: 1e800da0 1f800da0 1ec00da0 1fc00da0 
00002e00: 10000ea0 11000ea0 10400ea0 11400ea0 
00002e10: 12000ea0 13000ea0 12400ea0 13400ea0 
00002e20: 10800ea0 11800ea0 10c00ea0 11c00ea0 
00002e30: 12800ea0 13800ea0 12c00ea0 13c00ea0 
00002e40: 14000ea0 15000ea0 14400ea0 15400ea0 
00002e50: 16000ea0 17000ea0 16400ea0 17400ea0 
00002e60: 14800ea0 15800ea0 14c00ea0 15c00ea0 
00002e70: 16800ea0 17800ea0 16c00ea0 17c00ea0 
00002e80: 10000fa0 11000fa0 10400fa0 11400fa0 
00002e90: 12000fa0 13000fa0 12400fa0 13400fa0 
00002ea0: 10800fa0 11800fa0 10c00fa0 11c00fa0 
00002eb0: 12800fa0 13800fa0 12c00fa0 13c00fa0 
00002ec0: 14000fa0 15000fa0 14400fa0 15400fa0 
00002ed0: 16000fa0 17000fa0 16400fa0 17400fa0 
00002ee0: 14800fa0 15800fa0 14c00fa0 15c00fa0 
00002ef0: 16800fa0 17800fa0 16c00fa0 17c00fa0 
00002f00: 18000ea0 19000ea0 18400ea0 19400ea0 
00002f10: 1a000ea0 1b000ea0 1a400ea0 1b400ea0 
00002f20: 18800ea0 19800ea0 18c00ea0 19c00ea0 
00002f30: 1a800ea0 1b800ea0 1ac00ea0 1bc00ea0 
00002f40: 1c000ea0 1d000ea0 1c400ea0 1d400ea0 
00002f50: 1e000ea0 1f000ea0 1e400ea0 1f400ea0 
00002f60: 1c800ea0 1d800ea0 1cc00ea0 1dc00ea0 
00002f70: 1e800ea0 1f800ea0 1ec00ea0 1fc00ea0 
00002f80: 18000fa0 19000fa0 18400fa0 19400fa0 
00002f90: 1a000fa0 1b000fa0 1a400fa0 1b400fa0 
00002fa0: 18800fa0 19800fa0 18c00fa0 19c00fa0 
00002fb0: 1a800fa0 1b800fa0 1ac00fa0 1bc00fa0 
00002fc0: 1c000fa0 1d000fa0 1c400fa0 1d400fa0 
00002fd0: 1e000fa0 1f000fa0 1e400fa0 1f400fa0 
00002fe0: 1c800fa0 1d800fa0 1cc00fa0 1dc00fa0 
00002ff0: 1e800fa0 1f800fa0 1ec00fa0 1fc00fa0 
00003000: 200008a0 210008a0 204008a0 214008a0 
00003010: 220008a0 230008a0 224008a0 234008a0 
00003020: 208008a0 218008a0 20c008a0 21c008a0 
00003030: 228008a0 238008a0 22c008a0 23c008a0 
00003040: 240008a0 250008a0 244008a0 254008a0 
00003050: 260008a0 270008a0 264008a0 274008a0 
00003060: 248008a0 258008a0 24c008a0 25c008a0 
00003070: 268008a0 278008a0 26c008a0 27c008a0 
00003080: 200009a0 210009a0 204009a0 214009a0 
00003090: 220009a0 230009a0 224009a0 234009a0 
000030a0: 208009a0 218009a0 20c009a0 21c009a0 
000030b0: 228009a0 238009a0 22c009a0 23c009a0 
000030c0: 240009a0 250009a0 244009a0 254009a0 
000030d0: 260009a0 270009a0 264009a0 274009a0 
000030e0: 248009a0 258009a0 24c009a0 25c009a0 
000030f0: 268009a0 278009a0 26c009a0 27c009a0 
00003100: 280008a0 290008a0 284008a0 294008a0 
00003110: 2a0008a0 2b0008a0 2a4008a0 2b4008a0 
00003120: 288008a0 298008a0 28c008a0 29c008a0 
00003130: 2a8008a0 2b8008a0 2ac008a0 2bc008a0 
00003140: 2c0008a0 2d0008a0 2c4008a0 2d4008a0 
00003150: 2e0008a0 2f0008a0 2e4008a0 2f4008a0 
00003160: 2c8008a0 2d8008a0 2cc008a0 2dc008a0 
00003170: 2e8008a0 2f8008a0 2ec008a0 2fc008a0 
00003180: 280009a0 290009a0 284009a0 294009a0 
00003190: 2a0009a0 2b0009a0 2a4009a0 2b4009a0 
000031a0: 288009a0 298009a0 28c009a0 29c009a0 
000031b0: 2a8009a0 2b8009a0 2ac009a0 2bc009a0 
000031c0: 2c0009a0 2d0009a0 2c4009a0 2d4009a0 
000031d0: 2e0009a0 2f0009a0 2e4009a0 2f4009a0 
000031e0: 2c8009a0 2d8009a0 2cc009a0 2dc009a0 
000031f0: 2e8009a0 2f8009a0 2ec009a0 2fc009a0 
00003200: 20000aa0 21000aa0 20400aa0 21400aa0 
00003210: 22000aa0 23000aa0 22400aa0 23400aa0 
00003220: 20800aa0 21800aa0 20c00aa0 21c00aa0 
00003230: 22800aa0 23800aa0 22c00aa0 23c00aa0 
00003240: 24000aa0 25000aa0 24400aa0 25400aa0 
00003250: 26000aa0 27000aa0 26400aa0 27400aa0 
00003260: 24800aa0 25800aa0 24c00aa0 25c00aa0 
00003270: 26800aa0 27800aa0 26c00aa0 27c00aa0 
00003280: 20000ba0 21000ba0 20400ba0 21400ba0 
00003290: 22000ba0 23000ba0 22400ba0 23400ba0 
000032a0: 20800ba0 21800ba0 20c00ba0 21c00ba0 
000032b0: 22800ba0 23800ba0 22c00ba0 23c00ba0 
000032c0: 24000ba0 25000ba0 24400ba0 25400ba0 
000032d0: 26000ba0 27000ba0 26400ba0 27400ba0 
000032e0: 24800ba0 25800ba0 24c00ba0 25c00ba0 
000032f0: 26800ba0 27800ba0 26c00ba0 27c00ba0 
00003300: 28000aa0 29000aa0 28400aa0 29400aa0 
00003310: 2a000aa0 2b000aa0 2a400aa0 2b400aa0 
00003320: 28800aa0 29800aa0 28c00aa0 29c00aa0 
00003330: 2a800aa0 2b800aa0 2ac00aa0 2bc00aa0 
00003340: 2c000aa0 2d000aa0 2c400aa0 2d400aa0 
00003350: 2e000aa0 2f000aa0 2e400aa0 2f400aa0 
00003360: 2c800aa0 2d800aa0 2cc00aa0 2dc00aa0 
00003370: 2e800aa0 2f800aa0 2ec00aa0 2fc00aa0 
00003380: 28000ba0 29000ba0 28400ba0 29400ba0 
00003390: 2a000ba0 2b000ba0 2a400ba0 2b400ba0 
000033a0: 28800ba0 29800ba0 28c00ba0 29c00ba0 
000033b0: 2a800ba0 2b800ba0 2ac00ba0 2bc00ba0 
000033c0: 2c000ba0 2d000ba0 2c400ba0 2d400ba0 
000033d0: 2e000ba0 2f000ba0 2e400ba0 2f400ba0 
000033e0: 2c800ba0 2d800ba0 2cc00ba0 2dc00ba0 
000033f0: 2e800ba0 2f800ba0 2ec00ba0 2fc00ba0 
00003400: 300008a0 310008a0 304008a0 314008a0 
00003410: 320008a0 330008a0 324008a0 334008a0 
00003420: 308008a0 318008a0 30c008a0 31c008a0 
00003430: 328008a0 338008a0 32c008a0 33c008a0 
00003440: 340008a0 350008a0 344008a0 354008a0 
00003450: 360008a0 370008a0 364008a0 374008a0 
00003460: 348008a0 358008a0 34c008a0 35c008a0 
00003470: 368008a0 378008a0 36c008a0 37c008a0 
00003480: 300009a0 310009a0 304009a0 314009a0 
00003490: 320009a0 330009a0 324009a0 334009a0 
000034a0: 308009a0 318009a0 30c009a0 31c009a0 
000034b0: 328009a0 338009a0 32c009a0 33c009a0 
000034c0: 340009a0 350009a0 344009a0 354009a0 
000034d0: 360009a0 370009a0 364009a0 374009a0 
000034e0: 348009a0 358009a0 34c009a0 35c009a0 
000034f0: 368009a0 378009a0 36c009a0 37c009a0 
00003500: 380008a0 390008a0 384008a0 394008a0 
00003510: 3a0008a0 3b0008a0 3a4008a0 3b4008a0 
00003520: 388008a0 398008a0 38c008a0 39c008a0 
00003530: 3a8008a0 3b8008a0 3ac008a0 3bc008a0 
00003540: 3c0008a0 3d0008a0 3c4008a0 3d4008a0 
00003550: 3e0008a0 3f0008a0 3e4008a0 3f4008a0 
00003560: 3c8008a0 3d8008a0 3cc008a0 3dc008a0 
00003570: 3e8008a0 3f8008a0 3ec008a0 3fc008a0 
00003580: 380009a0 390009a0 384009a0 394009a0 
00003590: 3a0009a0 3b0009a0 3a4009a0 3b4009a0 
000035a0: 388009a0 398009a0 38c009a0 39c009a0 
000035b0: 3a8009a0 3b8009a0 3ac009a0 3bc009a0 
000035c0: 3c0009a0 3d0009a0 3c4009a0 3d4009a0 
000035d0: 3e0009a0 3f0009a0 3e4009a0 3f4009a0 
000035e0: 3c8009a0 3d8009a0 3cc009a0 3dc009a0 
000035f0: 3e8009a0 3f8009a0 3ec009a0 3fc009a0 
00003600: 30000aa0 31000aa0 30400aa0 31400aa0 
00003610: 32000aa0 33000aa0 32400aa0 33400aa0 
00003620: 30800aa0 31800aa0 30c00aa0 31c00aa0 
00003630: 32800aa0 33800aa0 32c00aa0 33c00aa0 
00003640: 34000aa0 35000aa0 34400aa0 35400aa0 
00003650: 36000aa0 37000aa0 36400aa0 37400aa0 
00003660: 34800aa0 35800aa0 34c00aa0 35c00aa0 
00003670: 36800aa0 37800aa0 36c00aa0 37c00aa0 
00003680: 30000ba0 31000ba0 30400ba0 31400ba0 
00003690: 32000ba0 33000ba0 32400ba0 33400ba0 
000036a0: 30800ba0 31800ba0 30c00ba0 31c00ba0 
000036b0: 32800ba0 33800ba0 32c00ba0 33c00ba0 
000036c0: 34000ba0 35000ba0 34400ba0 35400ba0 
000036d0: 36000ba0 37000ba0 36400ba0 37400ba0 
000036e0: 34800ba0 35800ba0 34c00ba0 35c00ba0 
000036f0: 36800ba0 37800ba0 36c00ba0 37c00ba0 
00003700: 38000aa0 39000aa0 38400aa0 39400aa0 
00003710: 3a000aa0 3b000aa0 3a400aa0 3b400aa0 
00003720: 38800aa0 39800aa0 38c00aa0 39c00aa0 
00003730: 3a800aa0 3b800aa0 3ac00aa0 3bc00aa0 
00003740: 3c000aa0 3d000aa0 3c400aa0 3d400aa0 
00003750: 3e000aa0 3f000aa0 3e400aa0 3f400aa0 
00003760: 3c800aa0 3d800aa0 3cc00aa0 3dc00aa0 
00003770: 3e800aa0 3f800aa0 3ec00aa0 3fc00aa0 
00003780: 38000ba0 39000ba0 38400ba0 39400ba0 
00003790: 3a000ba0 3b000ba0 3a400ba0 3b400ba0 
000037a0: 38800ba0 39800ba0 38c00ba0 39c00ba0 
000037b0: 3a800ba0 3b800ba0 3ac00ba0 3bc00ba0 
000037c0: 3c000ba0 3d000ba0 3c400ba0 3d400ba0 
000037d0: 3e000ba0 3f000ba0 3e400ba0 3f400ba0 
000037e0: 3c800ba0 3d800ba0 3cc00ba0 3dc00ba0 
000037f0: 3e800ba0 3f800ba0 3ec00ba0 3fc00ba0 
00003800: 20000ca0 21000ca0 20400ca0 21400ca0 
00003810: 22000ca0 23000ca0 22400ca0 23400ca0 
00003820: 20800ca0 21800ca0 20c00ca0 21c00ca0 
00003830: 22800ca0 23800ca0 22c00ca0 23c00ca0 
00003840: 24000ca0 25000ca0 24400ca0 25400ca0 
00003850: 26000ca0 27000ca0 26400ca0 27400ca0 
00003860: 24800ca0 25800ca0 24c00ca0 25c00ca0 
00003870: 26800ca0 27800ca0 26c00ca0 27c00ca0 
00003880: 20000da0 21000da0 20400da0 21400da0 
00003890: 22000da0 23000da0 22400da0 23400da0 
000038a0: 20800da0 21800da0 20c00da0 21c00da0 
000038b0: 22800da0 23800da0 22c00da0 23c00da0 
000038c0: 24000da0 25000da0 24400da0 25400da0 
000038d0: 26000da0 27000da0 26400da0 27400da0 
000038e0: 24800da0 25800da0 24c00da0 25c00da0 
000038f0: 26800da0 27800da0 26c00da0 27c00da0 
00003900: 28000ca0 29000ca0 28400ca0 29400ca0 
00003910: 2a000ca0 2b000ca0 2a400ca0 2b400ca0 
00003920: 28800ca0 29800ca0 28c00ca0 29c00ca0 
00003930: 2a800ca0 2b800ca0 2ac00ca0 2bc00ca0 
00003940: 2c000ca0 2d000ca0 2c400ca0 2d400ca0 
00003950: 2e000ca0 2f000ca0 2e400ca0 2f400ca0 
00003960: 2c800ca0 2d800ca0 2cc00ca0 2dc00ca0 
00003970: 2e800ca0 2f800ca0 2ec00ca0 2fc00ca0 
00003980: 28000da0 29000da0 28400da0 29400da0 
00003990: 2a000da0 2b000da0 2a400da0 2b400da0 
000039a0: 28800da0 29800da0 28c00da0 29c00da0 
000039b0: 2a800da0 2b800da0 2ac00da0 2bc00da0 
000039c0: 2c000da0 2d000da0 2c400da0 2d400da0 
000039d0: 2e000da0 2f000da0 2e400da0 2f400da0 
000039e0: 2c800da0 2d800da0 2cc00da0 2dc00da0 
000039f0: 2e800da0 2f800da0 2ec00da0 2fc00da0 
00003a00: 20000ea0 21000ea0 20400ea0 21400ea0 
00003a10: 22000ea0 23000ea0 22400ea0 23400ea0 
00003a20: 20800ea0 21800ea0 20c00ea0 21c00ea0 
00003a30: 22800ea0 23800ea0 22c00ea0 23c00ea0 
00003a40: 24000ea0 25000ea0 24400ea0 25400ea0 
00003a50: 26000ea0 27000ea0 26400ea0 27400ea0 
00003a60: 24800ea0 25800ea0 24c00ea0 25c00ea0 
00003a70: 26800ea0 27800ea0 26c00ea0 27c00ea0 
00003a80: 20000fa0 21000fa0 20400fa0 21400fa0 
00003a90: 22000fa0 23000fa0 22400fa0 23400fa0 
00003aa0: 20800fa0 21800fa0 20c00fa0 21c00fa0 
00003ab0: 22800fa0 23800fa0 22c00fa0 23c00fa0 
00003ac0: 24000fa0 25000fa0 24400fa0 25400fa0 
00003ad0: 26000fa0 27000fa0 26400fa0 27400fa0 
00003ae0: 24800fa0 25800fa0 24c00fa0 25c00fa0 
00003af0: 26800fa0 27800fa0 26c00fa0 27c00fa0 
00003b00: 28000ea0 29000ea0 28400ea0 29400ea0 
00003b10: 2a000ea0 2b000ea0 2a400ea0 2b400ea0 
00003b20: 28800ea0 29800ea0 28c00ea0 29c00ea0 
00003b30: 2a800ea0 2b800ea0 2ac00ea0 2bc00ea0 
00003b40: 2c000ea0 2d000ea0 2c400ea0 2d400ea0 
00003b50: 2e000ea0 2f000ea0 2e400ea0 2f400ea0 
00003b60: 2c800ea0 2d800ea0 2cc00ea0 2dc00ea0 
00003b70: 2e800ea0 2f800ea0 2ec00ea0 2fc00ea0 
00003b80: 28000fa0 29000fa0 28400fa0 29400fa0 
00003b90: 2a000fa0 2b000fa0 2a400fa0 2b400fa0 
00003ba0: 28800fa0 29800fa0 28c00fa0 29c00fa0 
00003bb0: 2a800fa0 2b800fa0 2ac00fa0 2bc00fa0 
00003bc0: 2c000fa0 2d000fa0 2c400fa0 2d400fa0 
00003bd0: 2e000fa0 2f000fa0 2e400fa0 2f400fa0 
00003be0: 2c800fa0 2d800fa0 2cc00fa0 2dc00fa0 
00003bf0: 2e800fa0 2f800fa0 2ec00fa0 2fc00fa0 
00003c00: 30000ca0 31000ca0 30400ca0 31400ca0 
00003c10: 32000ca0 33000ca0 32400ca0 33400ca0 
00003c20: 30800ca0 31800ca0 30c00ca0 31c00ca0 
00003c30: 32800ca0 33800ca0 32c00ca0 33c00ca0 
00003c40: 34000ca0 35000ca0 34400ca0 35400ca0 
00003c50: 36000ca0 37000ca0 36400ca0 37400ca0 
00003c60: 34800ca0 35800ca0 34c00ca0 35c00ca0 
00003c70: 36800ca0 37800ca0 36c00ca0 37c00ca0 
00003c80: 30000da0 31000da0 30400da0 31400da0 
00003c90: 32000da0 33000da0 32400da0 33400da0 
00003ca0: 30800da0 31800da0 30c00da0 31c00da0 
00003cb0: 32800da0 33800da0 32c00da0 33c00da0 
00003cc0: 34000da0 35000da0 34400da0 35400da0 
00003cd0: 36000da0 37000da0 36400da0 37400da0 
00003ce0: 34800da0 35800da0 34c00da0 35c00da0 
00003cf0: 36800da0 37800da0 36c00da0 37c00da0 
00003d00: 38000ca0 39000ca0 38400ca0 39400ca0 
00003d10: 3a000ca0 3b000ca0 3a400ca0 3b400ca0 
00003d20: 38800ca0 39800ca0 38c00ca0 39c00ca0 
00003d30: 3a800ca0 3b800ca0 3ac00ca0 3bc00ca0 
00003d40: 3c000ca0 3d000ca0 3c400ca0 3d400ca0 
00003d50: 3e000ca0 3f000ca0 3e400ca0 3f400ca0 
00003d60: 3c800ca0 3d800ca0 3cc00ca0 3dc00ca0 
00003d70: 3e800ca0 3f800ca0 3ec00ca0 3fc00ca0 
00003d80: 38000da0 39000da0 38400da0 39400da0 
00003d90: 3a000da0 3b000da0 3a400da0 3b400da0 
00003da0: 38800da0 39800da0 38c00da0 39c00da0 
00003db0: 3a800da0 3b800da0 3ac00da0 3bc00da0 
00003dc0: 3c000da0 3d000da0 3c400da0 3d400da0 
00003dd0: 3e000da0 3f000da0 3e400da0 3f400da0 
00003de0: 3c800da0 3d800da0 3cc00da0 3dc00da0 
00003df0: 3e800da0 3f800da0 3ec00da0 3fc00da0 
00003e00: 30000ea0 31000ea0 30400ea0 31400ea0 
00003e10: 32000ea0 33000ea0 32400ea0 33400ea0 
00003e20: 30800ea0 31800ea0 30c00ea0 31c00ea0 
00003e30: 32800ea0 33800ea0 32c00ea0 33c00ea0 
00003e40: 34000ea0 35000ea0 34400ea0 35400ea0 
00003e50: 36000ea0 37000ea0 36400ea0 37400ea0 
00003e60: 34800ea0 35800ea0 34c00ea0 35c00ea0 
00003e70: 36800ea0 37800ea0 36c00ea0 37c00ea0 
00003e80: 30000fa0 31000fa0 30400fa0 31400fa0 
00003e90: 32000fa0 33000fa0 32400fa0 33400fa0 
00003ea0: 30800fa0 31800fa0 30c00fa0 31c00fa0 
00003eb0: 32800fa0 33800fa0 32c00fa0 33c00fa0 
00003ec0: 34000fa0 35000fa0 34400fa0 35400fa0 
00003ed0: 36000fa0 37000fa0 36400fa0 37400fa0 
00003ee0: 34800fa0 35800fa0 34c00fa0 35c00fa0 
00003ef0: 36800fa0 37800fa0 36c00fa0 37c00fa0 
00003f00: 38000ea0 39000ea0 38400ea0 39400ea0 
00003f10: 3a000ea0 3b000ea0 3a400ea0 3b400ea0 
00003f20: 38800ea0 39800ea0 38c00ea0 39c00ea0 
00003f30: 3a800ea0 3b800ea0 3ac00ea0 3bc00ea0 
00003f40: 3c000ea0 3d000ea0 3c400ea0 3d400ea0 
00003f50: 3e000ea0 3f000ea0 3e400ea0 3f400ea0 
00003f60: 3c800ea0 3d800ea0 3cc00ea0 3dc00ea0 
00003f70: 3e800ea0 3f800ea0 3ec00ea0 3fc00ea0 
00003f80: 38000fa0 39000fa0 38400fa0 39400fa0 
00003f90: 3a000fa0 3b000fa0 3a400fa0 3b400fa0 
00003fa0: 38800fa0 39800fa0 38c00fa0 39c00fa0 
00003fb0: 3a800fa0 3b800fa0 3ac00fa0 3bc00fa0 
00003fc0: 3c000fa0 3d000fa0 3c400fa0 3d400fa0 
00003fd0: 3e000fa0 3f000fa0 3e400fa0 3f400fa0 
00003fe0: 3c800fa0 3d800fa0 3cc00fa0 3dc00fa0 
00003ff0: 3e800fa0 3f800fa0 3ec00fa0 3fc00fa0 
00004000: 400000a0 410000a0 404000a0 414000a0 
00004010: 420000a0 430000a0 424000a0 434000a0 
00004020: 408000a0 418000a0 40c000a0 41c000a0 
00004030: 428000a0 438000a0 42c000a0 43c000a0 
00004040: 440000a0 450000a0 444000a0 454000a0 
00004050: 460000a0 470000a0 464000a0 474000a0 
00004060: 448000a0 458000a0 44c000a0 45c000a0 
00004070: 468000a0 478000a0 46c000a0 47c000a0 
00004080: 400001a0 410001a0 404001a0 414001a0 
00004090: 420001a0 430001a0 424001a0 434001a0 
000040a0: 408001a0 418001a0 40c001a0 41c001a0 
000040b0: 428001a0 438001a0 42c001a0 43c001a0 
000040c0: 440001a0 450001a0 444001a0 454001a0 
000040d0: 460001a0 470001a0 464001a0 474001a0 
000040e0: 448001a0 458001a0 44c001a0 45c001a0 
000040f0: 468001a0 478001a0 46c001a0 47c001a0 
00004100: 480000a0 490000a0 484000a0 494000a0 
00004110: 4a0000a0 4b0000a0 4a4000a0 4b4000a0 
00004120: 488000a0 498000a0 48c000a0 49c000a0 
00004130: 4a8000a0 4b8000a0 4ac000a0 4bc000a0 
00004140: 4c0000a0 4d0000a0 4c4000a0 4d4000a0 
00004150: 4e0000a0 4f0000a0 4e4000a0 4f4000a0 
00004160: 4c8000a0 4d8000a0 4cc000a0 4dc000a0 
00004170: 4e8000a0 4f8000a0 4ec000a0 4fc000a0 
00004180: 480001a0 490001a0 484001a0 494001a0 
00004190: 4a0001a0 4b0001a0 4a4001a0 4b4001a0 
000041a0: 488001a0 498001a0 48c001a0 49c001a0 
000041b0: 4a8001a0 4b8001a0 4ac001a0 4bc001a0 
000041c0: 4c0001a0 4d0001a0 4c4001a0 4d4001a0 
000041d0: 4e0001a0 4f0001a0 4e4001a0 4f4001a0 
000041e0: 4c8001a0 4d8001a0 4cc001a0 4dc001a0 
000041f0: 4e8001a0 4f8001a0 4ec001a0 4fc001a0 
00004200: 400002a0 410002a0 404002a0 414002a0 
00004210: 420002a0 430002a0 424002a0 434002a0 
00004220: 408002a0 418002a0 40c002a0 41c002a0 
00004230: 428002a0 438002a0 42c002a0 43c002a0 
00004240: 440002a0 450002a0 444002a0 454002a0 
00004250: 460002a0 470002a0 464002a0 474002a0 
00004260: 448002a0 458002a0 44c002a0 45c002a0 
00004270: 468002a0 478002a0 46c002a0 47c002a0 
00004280: 400003a0 410003a0 404003a0 414003a0 
00004290: 420003a0 430003a0 424003a0 434003a0 
000042a0: 408003a0 418003a0 40c003a0 41c003a0 
000042b0: 428003a0 438003a0 42c003a0 43c003a0 
000042c0: 440003a0 450003a0 444003a0 454003a0 
000042d0: 460003a0 470003a0 464003a0 474003a0 
000042e0: 448003a0 458003a0 44c003a0 45c003a0 
000042f0: 468003a0 478003a0 46c003a0 47c003a0 
00004300: 480002a0 490002a0 484002a0 494002a0 
00004310: 4a0002a0 4b0002a0 4a4002a0 4b4002a0 
00004320: 488002a0 498002a0 48c002a0 49c002a0 
00004330: 4a8002a0 4b8002a0 4ac002a0 4bc002a0 
00004340: 4c0002a0 4d0002a0 4c4002a0 4d4002a0 
00004350: 4e0002a0 4f0002a0 4e4002a0 4f4002a0 
00004360: 4c8002a0 4d8002a0 4cc002a0 4dc002a0 
00004370: 4e8002a0 4f8002a0 4ec002a0 4fc002a0 
00004380: 480003a0 490003a0 484003a0 494003a0 
00004390: 4a0003a0 4b0003a0 4a4003a0 4b4003a0 
000043a0: 488003a0 498003a0 48c003a0 49c003a0 
000043b0: 4a8003a0 4b8003a0 4ac003a0 4bc003a0 
000043c0: 4c0003a0 4d0003a0 4c4003a0 4d4003a0 
000043d0: 4e0003a0 4f0003a0 4e4003a0 4f4003a0 
000043e0: 4c8003a0 4d8003a0 4cc003a0 4dc003a0 
000043f0: 4e8003a0 4f8003a0 4ec003a0 4fc003a0 
00004400: 500000a0 510000a0 504000a0 514000a0 
00004410: 520000a0 530000a0 524000a0 534000a0 
00004420: 508000a0 518000a0 50c000a0 51c000a0 
00004430: 528000a0 538000a0 52c000a0 53c000a0 
00004440: 540000a0 550000a0 544000a0 554000a0 
00004450: 560000a0 570000a0 564000a0 574000a0 
00004460: 548000a0 558000a0 54c000a0 55c000a0 
00004470: 568000a0 578000a0 56c000a0 57c000a0 
00004480: 500001a0 510001a0 504001a0 514001a0 
00004490: 520001a0 530001a0 524001a0 534001a0 
000044a0: 508001a0 518001a0 50c001a0 51c001a0 
000044b0: 528001a0 538001a0 52c001a0 53c001a0 
000044c0: 540001a0 550001a0 544001a0 554001a0 
000044d0: 560001a0 570001a0 564001a0 574001a0 
000044e0: 548001a0 558001a0 54c001a0 55c001a0 
000044f0: 568001a0 578001a0 56c001a0 57c001a0 
00004500: 580000a0 590000a0 584000a0 594000a0 
00004510: 5a0000a0 5b0000a0 5a4000a0 5b4000a0 
00004520: 588000a0 598000a0 58c000a0 59c000a0 
00004530: 5a8000a0 5b8000a0 5ac000a0 5bc000a0 
00004540: 5c0000a0 5d0000a0 5c4000a0 5d4000a0 
00004550: 5e0000a0 5f0000a0 5e4000a0 5f4000a0 
00004560: 5c8000a0 5d8000a0 5cc000a0 5dc000a0 
00004570: 5e8000a0 5f8000a0 5ec000a0 5fc000a0 
00004580: 580001a0 590001a0 584001a0 594001a0 
00004590: 5a0001a0 5b0001a0 5a4001a0 5b4001a0 
000045a0: 588001a0 598001a0 58c001a0 59c001a0 
000045b0: 5a8001a0 5b8001a0 5ac001a0 5bc001a0 
000045c0: 5c0001a0 5d0001a0 5c4001a0 5d4001a0 
000045d0: 5e0001a0 5f0001a0 5e4001a0 5f4001a0 
000045e0: 5c8001a0 5d8001a0 5cc001a0 5dc001a0 
000045f0: 5e8001a0 5f8001a0 5ec001a0 5fc001a0 
00004600: 500002a0 510002a0 504002a0 514002a0 
00004610: 520002a0 530002a0 524002a0 534002a0 
00004620: 508002a0 518002a0 50c002a0 51c002a0 
00004630: 528002a0 538002a0 52c002a0 53c002a0 
00004640: 540002a0 550002a0 544002a0 554002a0 
00004650: 560002a0 570002a0 564002a0 574002a0 
00004660: 548002a0 558002a0 54c002a0 55c002a0 
00004670: 568002a0 578002a0 56c002a0 57c002a0 
00004680: 500003a0 510003a0 504003a0 514003a0 
00004690: 520003a0 530003a0 524003a0 534003a0 
000046a0: 508003a0 518003a0 50c003a0 51c003a0 
000046b0: 528003a0 538003a0 52c003a0 53c003a0 
000046c0: 540003a0 550003a0 544003a0 554003a0 
000046d0: 560003a0 570003a0 564003a0 574003a0 
000046e0: 548003a0 558003a0 54c003a0 55c003a0 
000046f0: 568003a0 578003a0 56c003a0 57c003a0 
00004700: 580002a0 590002a0 584002a0 594002a0 
00004710: 5a0002a0 5b0002a0 5a4002a0 5b4002a0 
00004720: 588002a0 598002a0 58c002a0 59c002a0 
00004730: 5a8002a0 5b8002a0 5ac002a0 5bc002a0 
00004740: 5c0002a0 5d0002a0 5c4002a0 5d4002a0 
00004750: 5e0002a0 5f0002a0 5e4002a0 5f4002a0 
00004760: 5c8002a0 5d8002a0 5cc002a0 5dc002a0 
00004770: 5e8002a0 5f8002a0 5ec002a0 5fc002a0 
00004780: 580003a0 590003a0 584003a0 594003a0 
00004790: 5a0003a0 5b0003a0 5a4003a0 5b4003a0 
000047a0: 588003a0 598003a0 58c003a0 59c003a0 
000047b0: 5a8003a0 5b8003a0 5ac003a0 5bc003a0 
000047c0: 5c0003a0 5d0003a0 5c4003a0 5d4003a0 
000047d0: 5e0003a0 5f0003a0 5e4003a0 5f4003a0 
000047e0: 5c8003a0 5d8003a0 5cc003a0 5dc003a0 
000047f0: 5e8003a0 5f8003a0 5ec003a0 5fc003a0 
00004800: 400004a0 410004a0 404004a0 414004a0 
00004810: 420004a0 430004a0 424004a0 434004a0 
00004820: 408004a0 418004a0 40c004a0 41c004a0 
00004830: 428004a0 438004a0 42c004a0 43c004a0 
00004840: 440004a0 450004a0 444004a0 454004a0 
00004850: 460004a0 470004a0 464004a0 474004a0 
00004860: 448004a0 458004a0 44c004a0 45c004a0 
00004870: 468004a0 478004a0 46c004a0 47c004a0 
00004880: 400005a0 410005a0 404005a0 414005a0 
00004890: 420005a0 430005a0 424005a0 434005a0 
000048a0: 408005a0 418005a0 40c005a0 41c005a0 
000048b0: 428005a0 438005a0 42c005a0 43c005a0 
000048c0: 440005a0 450005a0 444005a0 454005a0 
000048d0: 460005a0 470005a0 464005a0 474005a0 
000048e0: 448005a0 458005a0 44c005a0 45c005a0 
000048f0: 468005a0 478005a0 46c005a0 47c005a0 
00004900: 480004a0 490004a0 484004a0 494004a0 
00004910: 4a0004a0 4b0004a0 4a4004a0 4b4004a0 
00004920: 488004a0 498004a0 48c004a0 49c004a0 
00004930: 4a8004a0 4b8004a0 4ac004a0 4bc004a0 
00004940: 4c0004a0 4d0004a0 4c4004a0 4d4004a0 
00004950: 4e0004a0 4f0004a0 4e4004a0 4f4004a0 
00004960: 4c8004a0 4d8004a0 4cc004a0 4dc004a0 
00004970: 4e8004a0 4f8004a0 4ec004a0 4fc004a0 
00004980: 480005a0 490005a0 484005a0 494005a0 
00004990: 4a0005a0 4b0005a0 4a4005a0 4b4005a0 
000049a0: 488005a0 498005a0 48c005a0 49c005a0 
000049b0: 4a8005a0 4b8005a0 4ac005a0 4bc005a0 
000049c0: 4c0005a0 4d0005a0 4c4005a0 4d4005a0 
000049d0: 4e0005a0 4f0005a0 4e4005a0 4f4005a0 
000049e0: 4c8005a0 4d8005a0 4cc005a0 4dc005a0 
000049f0: 4e8005a0 4f8005a0 4ec005a0 4fc005a0 
00004a00: 400006a0 410006a0 404006a0 414006a0 
00004a10: 420006a0 430006a0 424006a0 434006a0 
00004a20: 408006a0 418006a0 40c006a0 41c006a0 
00004a30: 428006a0 438006a0 42c006a0 43c006a0 
00004a40: 440006a0 450006a0 444006a0 454006a0 
00004a50: 460006a0 470006a0 464006a0 474006a0 
00004a60: 448006a0 458006a0 44c006a0 45c006a0 
00004a70: 468006a0 478006a0 46c006a0 47c006a0 
00004a80: 400007a0 410007a0 404007a0 414007a0 
00004a90: 420007a0 430007a0 424007a0 434007a0 
00004aa0: 408007a0 418007a0 40c007a0 41c007a0 
00004ab0: 428007a0 438007a0 42c007a0 43c007a0 
00004ac0: 440007a0 450007a0 444007a0 454007a0 
00004ad0: 460007a0 470007a0 464007a0 474007a0 
00004ae0: 448007a0 458007a0 44c007a0 45c007a0 
00004af0: 468007a0 478007a0 46c007a0 47c007a0 
00004b00: 480006a0 490006a0 484006a0 494006a0 
00004b10: 4a0006a0 4b0006a0 4a4006a0 4b4006a0 
00004b20: 488006a0 498006a0 48c006a0 49c006a0 
00004b30: 4a8006a0 4b8006a0 4ac006a0 4bc006a0 
00004b40: 4c0006a0 4d0006a0 4c4006a0 4d4006a0 
00004b50: 4e0006a0 4f0006a0 4e4006a0 4f4006a0 
00004b60: 4c8006a0 4d8006a0 4cc006a0 4dc006a0 
00004b70: 4e8006a0 4f8006a0 4ec006a0 4fc006a0 
00004b80: 480007a0 490007a0 484007a0 494007a0 
00004b90: 4a0007a0 4b0007a0 4a4007a0 4b4007a0 
00004ba0: 488007a0 498007a0 48c007a0 49c007a0 
00004bb0: 4a8007a0 4b8007a0 4ac007a0 4bc007a0 
00004bc0: 4c0007a0 4d0007a0 4c4007a0 4d4007a0 
00004bd0: 4e0007a0 4f0007a0 4e4007a0 4f4007a0 
00004be0: 4c8007a0 4d8007a0 4cc007a0 4dc007a0 
00004bf0: 4e8007a0 4f8007a0 4ec007a0 4fc007a0 
00004c00: 500004a0 510004a0 504004a0 514004a0 
00004c10: 520004a0 530004a0 524004a0 534004a0 
00004c20: 508004a0 518004a0 50c004a0 51c004a0 
00004c30: 528004a0 538004a0 52c004a0 53c004a0 
00004c40: 540004a0 550004a0 544004a0 554004a0 
00004c50: 560004a0 570004a0 564004a0 574004a0 
00004c60: 548004a0 558004a0 54c004a0 55c004a0 
00004c70: 568004a0 578004a0 56c004a0 57c004a0 
00004c80: 500005a0 510005a0 504005a0 514005a0 
00004c90: 520005a0 530005a0 524005a0 534005a0 
00004ca0: 508005a0 518005a0 50c005a0 51c005a0 
00004cb0: 528005a0 538005a0 52c005a0 53c005a0 
00004cc0: 540005a0 550005a0 544005a0 554005a0 
00004cd0: 560005a0 570005a0 564005a0 574005a0 
00004ce0: 548005a0 558005a0 54c005a0 55c005a0 
00004cf0: 568005a0 578005a0 56c005a0 57c005a0 
00004d00: 580004a0 590004a0 584004a0 594004a0 
00004d10: 5a0004a0 5b0004a0 5a4004a0 5b4004a0 
00004d20: 588004a0 598004a0 58c004a0 59c004a0 
00004d30: 5a8004a0 5b8004a0 5ac004a0 5bc004a0 
00004d40: 5c0004a0 5d0004a0 5c4004a0 5d4004a0 
00004d50: 5e0004a0 5f0004a0 5e4004a0 5f4004a0 
00004d60: 5c8004a0 5d8004a0 5cc004a0 5dc004a0 
00004d70: 5e8004a0 5f8004a0 5ec004a0 5fc004a0 
00004d80: 580005a0 590005a0 584005a0 594005a0 
00004d90: 5a0005a0 5b0005a0 5a4005a0 5b4005a0 
00004da0: 588005a0 598005a0 58c005a0 59c005a0 
00004db0: 5a8005a0 5b8005a0 5ac005a0 5bc005a0 
00004dc0: 5c0005a0 5d0005a0 5c4005a0 5d4005a0 
00004dd0: 5e0005a0 5f0005a0 5e4005a0 5f4005a0 
00004de0: 5c8005a0 5d8005a0 5cc005a0 5dc005a0 
00004df0: 5e8005a0 5f8005a0 5ec005a0 5fc005a0 
00004e00: 500006a0 510006a0 504006a0 514006a0 
00004e10: 520006a0 530006a0 524006a0 534006a0 
00004e20: 508006a0 518006a0 50c006a0 51c006a0 
00004e30: 528006a0 538006a0 52c006a0 53c006a0 
00004e40: 540006a0 550006a0 544006a0 554006a0 
00004e50: 560006a0 570006a0 564006a0 574006a0 
00004e60: 548006a0 558006a0 54c006a0 55c006a0 
00004e70: 568006a0 578006a0 56c006a0 57c006a0 
00004e80: 500007a0 510007a0 504007a0 514007a0 
00004e90: 520007a0 530007a0 524007a0 534007a0 
00004ea0: 508007a0 518007a0 50c007a0 51c007a0 
00004eb0: 528007a0 538007a0 52c007a0 53c007a0 
00004ec0: 540007a0 550007a0 544007a0 554007a0 
00004ed0: 560007a0 570007a0 564007a0 574007a0 
00004ee0: 548007a0 558007a0 54c007a0 55c007a0 
00004ef0: 568007a0 578007a0 56c007a0 57c007a0 
00004f00: 580006a0 590006a0 584006a0 594006a0 
00004f10: 5a0006a0 5b0006a0 5a4006a0 5b4006a0 
00004f20: 588006a0 598006a0 58c006a0 59c006a0 
00004f30: 5a8006a0 5b8006a0 5ac006a0 5bc006a0 
00004f40: 5c0006a0 5d0006a0 5c4006a0 5d4006a0 
00004f50: 5e0006a0 5f0006a0 5e4006a0 5f4006a0 
00004f60: 5c8006a0 5d8006a0 5cc006a0 5dc006a0 
00004f70: 5e8006a0 5f8006a0 5ec006a0 5fc006a0 
00004f80: 580007a0 590007a0 584007a0 594007a0 
00004f90: 5a0007a0 5b0007a0 5a4007a0 5b4007a0 
00004fa0: 588007a0 598007a0 58c007a0 59c007a0 
00004fb0: 5a8007a0 5b8007a0 5ac007a0 5bc007a0 
00004fc0: 5c0007a0 5d0007a0 5c4007a0 5d4007a0 
00004fd0: 5e0007a0 5f0007a0 5e4007a0 5f4007a0 
00004fe0: 5c8007a0 5d8007a0 5cc007a0 5dc007a0 
00004ff0: 5e8007a0 5f8007a0 5ec007a0 5fc007a0 
00005000: 600000a0 610000a0 604000a0 614000a0 
00005010: 620000a0 630000a0 624000a0 634000a0 
00005020: 608000a0 618000a0 60c000a0 61c000a0 
00005030: 628000a0 638000a0 62c000a0 63c000a0 
00005040: 640000a0 650000a0 644000a0 654000a0 
00005050: 660000a0 670000a0 664000a0 674000a0 
00005060: 648000a0 658000a0 64c000a0 65c000a0 
00005070: 668000a0 678000a0 66c000a0 67c000a0 
00005080: 600001a0 610001a0 604001a0 614001a0 
00005090: 620001a0 630001a0 624001a0 634001a0 
000050a0: 608001a0 618001a0 60c001a0 61c001a0 
000050b0: 628001a0 638001a0 62c001a0 63c001a0 
000050c0: 640001a0 650001a0 644001a0 654001a0 
000050d0: 660001a0 670001a0 664001a0 674001a0 
000050e0: 648001a0 658001a0 64c001a0 65c001a0 
000050f0: 668001a0 678001a0 66c001a0 67c001a0 
00005100: 680000a0 690000a0 684000a0 694000a0 
00005110: 6a0000a0 6b0000a0 6a4000a0 6b4000a0 
00005120: 688000a0 698000a0 68c000a0 69c000a0 
00005130: 6a8000a0 6b8000a0 6ac000a0 6bc000a0 
00005140: 6c0000a0 6d0000a0 6c4000a0 6d4000a0 
00005150: 6e0000a0 6f0000a0 6e4000a0 6f4000a0 
00005160: 6c8000a0 6d8000a0 6cc000a0 6dc000a0 
00005170: 6e8000a0 6f8000a0 6ec000a0 6fc000a0 
00005180: 680001a0 690001a0 684001a0 694001a0 
00005190: 6a0001a0 6b0001a0 6a4001a0 6b4001a0 
000051a0: 688001a0 698001a0 68c001a0 69c001a0 
000051b0: 6a8001a0 6b8001a0 6ac001a0 6bc001a0 
000051c0: 6c0001a0 6d0001a0 6c4001a0 6d4001a0 
000051d0: 6e0001a0 6f0001a0 6e4001a0 6f4001a0 
000051e0: 6c8001a0 6d8001a0 6cc001a0 6dc001a0 
000051f0: 6e8001a0 6f8001a0 6ec001a0 6fc001a0 
00005200: 600002a0 610002a0 604002a0 614002a0 
00005210: 620002a0 630002a0 624002a0 634002a0 
00005220: 608002a0 618002a0 60c002a0 61c002a0 
00005230: 628002a0 638002a0 62c002a0 63c002a0 
00005240: 640002a0 650002a0 644002a0 654002a0 
00005250: 660002a0 670002a0 664002a0 674002a0 
00005260: 648002a0 658002a0 64c002a0 65c002a0 
00005270: 668002a0 678002a0 66c002a0 67c002a0 
00005280: 600003a0 610003a0 604003a0 614003a0 
00005290: 620003a0 630003a0 624003a0 634003a0 
000052a0: 608003a0 618003a0 60c003a0 61c003a0 
000052b0: 628003a0 638003a0 62c003a0 63c003a0 
000052c0: 640003a0 650003a0 644003a0 654003a0 
000052d0: 660003a0 670003a0 664003a0 674003a0 
000052e0: 648003a0 658003a0 64c003a0 65c003a0 
000052f0: 668003a0 678003a0 66c003a0 67c003a0 
00005300: 680002a0 690002a0 684002a0 694002a0 
00005310: 6a0002a0 6b0002a0 6a4002a0 6b4002a0 
00005320: 688002a0 698002a0 68c002a0 69c002a0 
00005330: 6a8002a0 6b8002a0 6ac002a0 6bc002a0 
00005340: 6c0002a0 6d0002a0 6c4002a0 6d4002a0 
00005350: 6e0002a0 6f0002a0 6e4002a0 6f4002a0 
00005360: 6c8002a0 6d8002a0 6cc002a0 6dc002a0 
00005370: 6e8002a0 6f8002a0 6ec002a0 6fc002a0 
00005380: 680003a0 690003a0 684003a0 694003a0 
00005390: 6a0003a0 6b0003a0 6a4003a0 6b4003a0 
000053a0: 688003a0 698003a0 68c003a0 69c003a0 
000053b0: 6a8003a0 6b8003a0 6ac003a0 6bc003a0 
000053c0: 6c0003a0 6d0003a0 6c4003a0 6d4003a0 
000053d0: 6e0003a0 6f0003a0 6e4003a0 6f4003a0 
000053e0: 6c8003a0 6d8003a0 6cc003a0 6dc003a0 
000053f0: 6e8003a0 6f8003a0 6ec003a0 6fc003a0 
00005400: 700000a0 710000a0 704000a0 714000a0 
00005410: 720000a0 730000a0 724000a0 734000a0 
00005420: 708000a0 718000a0 70c000a0 71c000a0 
00005430: 728000a0 738000a0 72c000a0 73c000a0 
00005440: 740000a0 750000a0 744000a0 754000a0 
00005450: 760000a0 770000a0 764000a0 774000a0 
00005460: 748000a0 758000a0 74c000a0 75c000a0 
00005470: 768000a0 778000a0 76c000a0 77c000a0 
00005480: 700001a0 710001a0 704001a0 714001a0 
00005490: 720001a0 730001a0 724001a0 734001a0 
000054a0: 708001a0 718001a0 70c001a0 71c001a0 
000054b0: 728001a0 738001a0 72c001a0 73c001a0 
000054c0: 740001a0 750001a0 744001a0 754001a0 
000054d0: 760001a0 770001a0 764001a0 774001a0 
000054e0: 748001a0 758001a0 74c001a0 75c001a0 
000054f0: 768001a0 778001a0 76c001a0 77c001a0 
00005500: 780000a0 790000a0 784000a0 794000a0 
00005510: 7a0000a0 7b0000a0 7a4000a0 7b4000a0 
00005520: 788000a0 798000a0 78c000a0 79c000a0 
00005530: 7a8000a0 7b8000a0 7ac000a0 7bc000a0 
00005540: 7c0000a0 7d0000a0 7c4000a0 7d4000a0 
00005550: 7e0000a0 7f0000a0 7e4000a0 7f4000a0 
00005560: 7c8000a0 7d8000a0 7cc000a0 7dc000a0 
00005570: 7e8000a0 7f8000a0 7ec000a0 7fc000a0 
00005580: 780001a0 790001a0 784001a0 794001a0 
00005590: 7a0001a0 7b0001a0 7a4001a0 7b4001a0 
000055a0: 788001a0 798001a0 78c001a0 79c001a0 
000055b0: 7a8001a0 7b8001a0 7ac001a0 7bc001a0 
000055c0: 7c0001a0 7d0001a0 7c4001a0 7d4001a0 
000055d0: 7e0001a0 7f0001a0 7e4001a0 7f4001a0 
000055e0: 7c8001a0 7d8001a0 7cc001a0 7dc001a0 
000055f0: 7e8001a0 7f8001a0 7ec001a0 7fc001a0 
00005600: 700002a0 710002a0 704002a0 714002a0 
00005610: 720002a0 730002a0 724002a0 734002a0 
00005620: 708002a0 718002a0 70c002a0 71c002a0 
00005630: 728002a0 738002a0 72c002a0 73c002a0 
00005640: 740002a0 750002a0 744002a0 754002a0 
00005650: 760002a0 770002a0 764002a0 774002a0 
00005660: 748002a0 758002a0 74c002a0 75c002a0 
00005670: 768002a0 778002a0 76c002a0 77c002a0 
00005680: 700003a0 710003a0 704003a0 714003a0 
00005690: 720003a0 730003a0 724003a0 734003a0 
000056a0: 708003a0 718003a0 70c003a0 71c003a0 
000056b0: 728003a0 738003a0 72c003a0 73c003a0 
000056c0: 740003a0 750003a0 744003a0 754003a0 
000056d0: 760003a0 770003a0 764003a0 774003a0 
000056e0: 748003a0 758003a0 74c003a0 75c003a0 
000056f0: 768003a0 778003a0 76c003a0 77c003a0 
00005700: 780002a0 790002a0 784002a0 794002a0 
00005710: 7a0002a0 7b0002a0 7a4002a0 7b4002a0 
00005720: 788002a0 798002a0 78c002a0 79c002a0 
00005730: 7a8002a0 7b8002a0 7ac002a0 7bc002a0 
00005740: 7c0002a0 7d0002a0 7c4002a0 7d4002a0 
00005750: 7e0002a0 7f0002a0 7e4002a0 7f4002a0 
00005760: 7c8002a0 7d8002a0 7cc002a0 7dc002a0 
00005770: 7e8002a0 7f8002a0 7ec002a0 7fc002a0 
00005780: 780003a0 790003a0 784003a0 794003a0 
00005790: 7a0003a0 7b0003a0 7a4003a0 7b4003a0 
000057a0: 788003a0 798003a0 78c003a0 79c003a0 
000057b0: 7a8003a0 7b8003a0 7ac003a0 7bc003a0 
000057c0: 7c0003a0 7d0003a0 7c4003a0 7d4003a0 
000057d0: 7e0003a0 7f0003a0 7e4003a0 7f4003a0 
000057e0: 7c8003a0 7d8003a0 7cc003a0 7dc003a0 
000057f0: 7e8003a0 7f8003a0 7ec003a0 7fc003a0 
00005800: 600004a0 610004a0 604004a0 614004a0 
00005810: 620004a0 630004a0 624004a0 634004a0 
00005820: 608004a0 618004a0 60c004a0 61c004a0 
00005830: 628004a0 638004a0 62c004a0 63c004a0 
00005840: 640004a0 650004a0 644004a0 654004a0 
00005850: 660004a0 670004a0 664004a0 674004a0 
00005860: 648004a0 658004a0 64c004a0 65c004a0 
00005870: 668004a0 678004a0 66c004a0 67c004a0 
00005880: 600005a0 610005a0 604005a0 614005a0 
00005890: 620005a0 630005a0 624005a0 634005a0 
000058a0: 608005a0 618005a0 60c005a0 61c005a0 
000058b0: 628005a0 638005a0 62c005a0 63c005a0 
000058c0: 640005a0 650005a0 644005a0 654005a0 
000058d0: 660005a0 670005a0 664005a0 674005a0 
000058e0: 648005a0 658005a0 64c005a0 65c005a0 
000058f0: 668005a0 678005a0 66c005a0 67c005a0 
00005900: 680004a0 690004a0 684004a0 694004a0 
00005910: 6a0004a0 6b0004a0 6a4004a0 6b4004a0 
00005920: 688004a0 698004a0 68c004a0 69c004a0 
00005930: 6a8004a0 6b8004a0 6ac004a0 6bc004a0 
00005940: 6c0004a0 6d0004a0 6c4004a0 6d4004a0 
00005950: 6e0004a0 6f0004a0 6e4004a0 6f4004a0 
00005960: 6c8004a0 6d8004a0 6cc004a0 6dc004a0 
00005970: 6e8004a0 6f8004a0 6ec004a0 6fc004a0 
00005980: 680005a0 690005a0 684005a0 694005a0 
00005990: 6a0005a0 6b0005a0 6a4005a0 6b4005a0 
000059a0: 688005a0 698005a0 68c005a0 69c005a0 
000059b0: 6a8005a0 6b8005a0 6ac005a0 6bc005a0 
000059c0: 6c0005a0 6d0005a0 6c4005a0 6d4005a0 
000059d0: 6e0005a0 6f0005a0 6e4005a0 6f4005a0 
000059e0: 6c8005a0 6d8005a0 6cc005a0 6dc005a0 
000059f0: 6e8005a0 6f8005a0 6ec005a0 6fc005a0 
00005a00: 600006a0 610006a0 604006a0 614006a0 
00005a10: 620006a0 630006a0 624006a0 634006a0 
00005a20: 608006a0 618006a0 60c006a0 61c006a0 
00005a30: 628006a0 638006a0 62c006a0 63c006a0 
00005a40: 640006a0 650006a0 644006a0 654006a0 
00005a50: 660006a0 670006a0 664006a0 674006a0 
00005a60: 648006a0 658006a0 64c006a0 65c006a0 
00005a70: 668006a0 678006a0 66c006a0 67c006a0 
00005a80: 600007a0 610007a0 604007a0 614007a0 
00005a90: 620007a0 630007a0 624007a0 634007a0 
00005aa0: 608007a0 618007a0 60c007a0 61c007a0 
00005ab0: 628007a0 638007a0 62c007a0 63c007a0 
00005ac0: 640007a0 650007a0 644007a0 654007a0 
00005ad0: 660007a0 670007a0 664007a0 674007a0 
00005ae0: 648007a0 658007a0 64c007a0 65c007a0 
00005af0: 668007a0 678007a0 66c007a0 67c007a0 
00005b00: 680006a0 690006a0 684006a0 694006a0 
00005b10: 6a0006a0 6b0006a0 6a4006a0 6b4006a0 
00005b20: 688006a0 698006a0 68c006a0 69c006a0 
00005b30: 6a8006a0 6b8006a0 6ac006a0 6bc006a0 
00005b40: 6c0006a0 6d0006a0 6c4006a0 6d4006a0 
00005b50: 6e0006a0 6f0006a0 6e4006a0 6f4006a0 
00005b60: 6c8006a0 6d8006a0 6cc006a0 6dc006a0 
00005b70: 6e8006a0 6f8006a0 6ec006a0 6fc006a0 
00005b80: 680007a0 690007a0 684007a0 694007a0 
00005b90: 6a0007a0 6b0007a0 6a4007a0 6b4007a0 
00005ba0: 688007a0 698007a0 68c007a0 69c007a0 
00005bb0: 6a8007a0 6b8007a0 6ac007a0 6bc007a0 
00005bc0: 6c0007a0 6d0007a0 6c4007a0 6d4007a0 
00005bd0: 6e0007a0 6f0007a0 6e4007a0 6f4007a0 
00005be0: 6c8007a0 6d8007a0 6cc007a0 6dc007a0 
00005bf0: 6e8007a0 6f8007a0 6ec007a0 6fc007a0 
00005c00: 700004a0 710004a0 704004a0 714004a0 
00005c10: 720004a0 730004a0 724004a0 734004a0 
00005c20: 708004a0 718004a0 70c004a0 71c004a0 
00005c30: 728004a0 738004a0 72c004a0 73c004a0 
00005c40: 740004a0 750004a0 744004a0 754004a0 
00005c50: 760004a0 770004a0 764004a0 774004a0 
00005c60: 748004a0 758004a0 74c004a0 75c004a0 
00005c70: 768004a0 778004a0 76c004a0 77c004a0 
00005c80: 700005a0 710005a0 704005a0 714005a0 
00005c90: 720005a0 730005a0 724005a0 734005a0 
00005ca0: 708005a0 718005a0 70c005a0 71c005a0 
00005cb0: 728005a0 738005a0 72c005a0 73c005a0 
00005cc0: 740005a0 750005a0 744005a0 754005a0 
00005cd0: 760005a0 770005a0 764005a0 774005a0 
00005ce0: 748005a0 758005a0 74c005a0 75c005a0 
00005cf0: 768005a0 778005a0 76c005a0 77c005a0 
00005d00: 780004a0 790004a0 784004a0 794004a0 
00005d10: 7a0004a0 7b0004a0 7a4004a0 7b4004a0 
00005d20: 788004a0 798004a0 78c004a0 79c004a0 
00005d30: 7a8004a0 7b8004a0 7ac004a0 7bc004a0 
00005d40: 7c0004a0 7d0004a0 7c4004a0 7d4004a0 
00005d50: 7e0004a0 7f0004a0 7e4004a0 7f4004a0 
00005d60: 7c8004a0 7d8004a0 7cc004a0 7dc004a0 
00005d70: 7e8004a0 7f8004a0 7ec004a0 7fc004a0 
00005d80: 780005a0 790005a0 784005a0 794005a0 
00005d90: 7a0005a0 7b0005a0 7a4005a0 7b4005a0 
00005da0: 788005a0 798005a0 78c005a0 79c005a0 
00005db0: 7a8005a0 7b8005a0 7ac005a0 7bc005a0 
00005dc0: 7c0005a0 7d0005a0 7c4005a0 7d4005a0 
00005dd0: 7e0005a0 7f0005a0 7e4005a0 7f4005a0 
00005de0: 7c8005a0 7d8005a0 7cc005a0 7dc005a0 
00005df0: 7e8005a0 7f8005a0 7ec005a0 7fc005a0 
00005e00: 700006a0 710006a0 704006a0 714006a0 
00005e10: 720006a0 730006a0 724006a0 734006a0 
00005e20: 708006a0 718006a0 70c006a0 71c006a0 
00005e30: 728006a0 738006a0 72c006a0 73c006a0 
00005e40: 740006a0 750006a0 744006a0 754006a0 
00005e50: 760006a0 770006a0 764006a0 774006a0 
00005e60: 748006a0 758006a0 74c006a0 75c006a0 
00005e70: 768006a0 778006a0 76c006a0 77c006a0 
00005e80: 700007a0 710007a0 704007a0 714007a0 
00005e90: 720007a0 730007a0 724007a0 734007a0 
00005ea0: 708007a0 718007a0 70c007a0 71c007a0 
00005eb0: 728007a0 738007a0 72c007a0 73c007a0 
00005ec0: 740007a0 750007a0 744007a0 754007a0 
00005ed0: 760007a0 770007a0 764007a0 774007a0 
00005ee0: 748007a0 758007a0 74c007a0 75c007a0 
00005ef0: 768007a0 778007a0 76c007a0 77c007a0 
00005f00: 780006a0 790006a0 784006a0 794006a0 
00005f10: 7a0006a0 7b0006a0 7a4006a0 7b4006a0 
00005f20: 788006a0 798006a0 78c006a0 79c006a0 
00005f30: 7a8006a0 7b8006a0 7ac006a0 7bc006a0 
00005f40: 7c0006a0 7d0006a0 7c4006a0 7d4006a0 
00005f50: 7e0006a0 7f0006a0 7e4006a0 7f4006a0 
00005f60: 7c8006a0 7d8006a0 7cc006a0 7dc006a0 
00005f70: 7e8006a0 7f8006a0 7ec006a0 7fc006a0 
00005f80: 780007a0 790007a0 784007a0 794007a0 
00005f90: 7a0007a0 7b0007a0 7a4007a0 7b4007a0 
00005fa0: 788007a0 798007a0 78c007a0 79c007a0 
00005fb0: 7a8007a0 7b8007a0 7ac007a0 7bc007a0 
00005fc0: 7c0007a0 7d0007a0 7c4007a0 7d4007a0 
00005fd0: 7e0007a0 7f0007a0 7e4007a0 7f4007a0 
00005fe0: 7c8007a0 7d8007a0 7cc007a0 7dc007a0 
00005ff0: 7e8007a0 7f8007a0 7ec007a0 7fc007a0 
00006000: 400008a0 410008a0 404008a0 414008a0 
00006010: 420008a0 430008a0 424008a0 434008a0 
00006020: 408008a0 418008a0 40c008a0 41c008a0 
00006030: 428008a0 438008a0 42c008a0 43c008a0 
00006040: 440008a0 450008a0 444008a0 454008a0 
00006050: 460008a0 470008a0 464008a0 474008a0 
00006060: 448008a0 458008a0 44c008a0 45c008a0 
00006070: 468008a0 478008a0 46c008a0 47c008a0 
00006080: 400009a0 410009a0 404009a0 414009a0 
00006090: 420009a0 430009a0 424009a0 434009a0 
000060a0: 408009a0 418009a0 40c009a0 41c009a0 
000060b0: 428009a0 438009a0 42c009a0 43c009a0 
000060c0: 440009a0 450009a0 444009a0 454009a0 
000060d0: 460009a0 470009a0 464009a0 474009a0 
000060e0: 448009a0 458009a0 44c009a0 45c009a0 
000060f0: 468009a0 478009a0 46c009a0 47c009a0 
00006100: 480008a0 490008a0 484008a0 494008a0 
00006110: 4a0008a0 4b0008a0 4a4008a0 4b4008a0 
00006120: 488008a0 498008a0 48c008a0 49c008a0 
00006130: 4a8008a0 4b8008a0 4ac008a0 4bc008a0 
00006140: 4c0008a0 4d0008a0 4c4008a0 4d4008a0 
00006150: 4e0008a0 4f0008a0 4e4008a0 4f4008a0 
00006160: 4c8008a0 4d8008a0 4cc008a0 4dc008a0 
00006170: 4e8008a0 4f8008a0 4ec008a0 4fc008a0 
00006180: 480009a0 490009a0 484009a0 494009a0 
00006190: 4a0009a0 4b0009a0 4a4009a0 4b4009a0 
000061a0: 488009a0 498009a0 48c009a0 49c009a0 
000061b0: 4a8009a0 4b8009a0 4ac009a0 4bc009a0 
000061c0: 4c0009a0 4d0009a0 4c4009a0 4d4009a0 
000061d0: 4e0009a0 4f0009a0 4e4009a0 4f4009a0 
000061e0: 4c8009a0 4d8009a0 4cc009a0 4dc009a0 
000061f0: 4e8009a0 4f8009a0 4ec009a0 4fc009a0 
00006200: 40000aa0 41000aa0 40400aa0 41400aa0 
00006210: 42000aa0 43000aa0 42400aa0 43400aa0 
00006220: 40800aa0 41800aa0 40c00aa0 41c00aa0 
00006230: 42800aa0 43800aa0 42c00aa0 43c00aa0 
00006240: 44000aa0 45000aa0 44400aa0 45400aa0 
00006250: 46000aa0 47000aa0 46400aa0 47400aa0 
00006260: 44800aa0 45800aa0 44c00aa0 45c00aa0 
00006270: 46800aa0 47800aa0 46c00aa0 47c00aa0 
00006280: 40000ba0 41000ba0 40400ba0 41400ba0 
00006290: 42000ba0 43000ba0 42400ba0 43400ba0 
000062a0: 40800ba0 41800ba0 40c00ba0 41c00ba0 
000062b0: 42800ba0 43800ba0 42c00ba0 43c00ba0 
000062c0: 44000ba0 45000ba0 44400ba0 45400ba0 
000062d0: 46000ba0 47000ba0 46400ba0 47400ba0 
000062e0: 44800ba0 45800ba0 44c00ba0 45c00ba0 
000062f0: 46800ba0 47800ba0 46c00ba0 47c00ba0 
00006300: 48000aa0 49000aa0 48400aa0 49400aa0 
00006310: 4a000aa0 4b000aa0 4a400aa0 4b400aa0 
00006320: 48800aa0 49800aa0 48c00aa0 49c00aa0 
00006330: 4a800aa0 4b800aa0 4ac00aa0 4bc00aa0 
00006340: 4c000aa0 4d000aa0 4c400aa0 4d400aa0 
00006350: 4e000aa0 4f000aa0 4e400aa0 4f400aa0 
00006360: 4c800aa0 4d800aa0 4cc00aa0 4dc00aa0 
00006370: 4e800aa0 4f800aa0 4ec00aa0 4fc00aa0 
00006380: 48000ba0 49000ba0 48400ba0 49400ba0 
00006390: 4a000ba0 4b000ba0 4a400ba0 4b400ba0 
000063a0: 48800ba0 49800ba0 48c00ba0 49c00ba0 
000063b0: 4a800ba0 4b800ba0 4ac00ba0 4bc00ba0 
000063c0: 4c000ba0 4d000ba0 4c400ba0 4d400ba0 
000063d0: 4e000ba0 4f000ba0 4e400ba0 4f400ba0 
000063e0: 4c800ba0 4d800ba0 4cc00ba0 4dc00ba0 
000063f0: 4e800ba0 4f800ba0 4ec00ba0 4fc00ba0 
00006400: 500008a0 510008a0 504008a0 514008a0 
00006410: 520008a0 530008a0 524008a0 534008a0 
00006420: 508008a0 518008a0 50c008a0 51c008a0 
00006430: 528008a0 538008a0 52c008a0 53c008a0 
00006440: 540008a0 550008a0 544008a0 554008a0 
00006450: 560008a0 570008a0 564008a0 574008a0 
00006460: 548008a0 558008a0 54c008a0 55c008a0 
00006470: 568008a0 578008a0 56c008a0 57c008a0 
00006480: 500009a0 510009a0 504009a0 514009a0 
00006490: 520009a0 530009a0 524009a0 534009a0 
000064a0: 508009a0 518009a0 50c009a0 51c009a0 
000064b0: 528009a0 538009a0 52c009a0 53c009a0 
000064c0: 540009a0 550009a0 544009a0 554009a0 
000064d0: 560009a0 570009a0 564009a0 574009a0 
000064e0: 548009a0 558009a0 54c009a0 55c009a0 
000064f0: 568009a0 578009a0 56c009a0 57c009a0 
00006500: 580008a0 590008a0 584008a0 594008a0 
00006510: 5a0008a0 5b0008a0 5a4008a0 5b4008a0 
00006520: 588008a0 598008a0 58c008a0 59c008a0 
00006530: 5a8008a0 5b8008a0 5ac008a0 5bc008a0 
00006540: 5c0008a0 5d0008a0 5c4008a0 5d4008a0 
00006550: 5e0008a0 5f0008a0 5e4008a0 5f4008a0 
00006560: 5c8008a0 5d8008a0 5cc008a0 5dc008a0 
00006570: 5e8008a0 5f8008a0 5ec008a0 5fc008a0 
00006580: 580009a0 590009a0 584009a0 594009a0 
00006590: 5a0009a0 5b0009a0 5a4009a0 5b4009a0 
000065a0: 588009a0 598009a0 58c009a0 59c009a0 
000065b0: 5a8009a0 5b8009a0 5ac009a0 5bc009a0 
000065c0: 5c0009a0 5d0009a0 5c4009a0 5d4009a0 
000065d0: 5e0009a0 5f0009a0 5e4009a0 5f4009a0 
000065e0: 5c8009a0 5d8009a0 5cc009a0 5dc009a0 
000065f0: 5e8009a0 5f8009a0 5ec009a0 5fc009a0 
00006600: 50000aa0 51000aa0 50400aa0 51400aa0 
00006610: 52000aa0 53000aa0 52400aa0 53400aa0 
00006620: 50800aa0 51800aa0 50c00aa0 51c00aa0 
00006630: 52800aa0 53800aa0 52c00aa0 53c00aa0 
00006640: 54000aa0 55000aa0 54400aa0 55400aa0 
00006650: 56000aa0 57000aa0 56400aa0 57400aa0 
00006660: 54800aa0 55800aa0 54c00aa0 55c00aa0 
00006670: 56800aa0 57800aa0 56c00aa0 57c00aa0 
00006680: 50000ba0 51000ba0 50400ba0 51400ba0 
00006690: 52000ba0 53000ba0 52400ba0 53400ba0 
000066a0: 50800ba0 51800ba0 50c00ba0 51c00ba0 
000066b0: 52800ba0 53800ba0 52c00ba0 53c00ba0 
000066c0: 54000ba0 55000ba0 54400ba0 55400ba0 
000066d0: 56000ba0 57000ba0 56400ba0 57400ba0 
000066e0: 54800ba0 55800ba0 54c00ba0 55c00ba0 
000066f0: 56800ba0 57800ba0 56c00ba0 57c00ba0 
00006700: 58000aa0 59000aa0 58400aa0 59400aa0 
00006710: 5a000aa0 5b000aa0 5a400aa0 5b400aa0 
00006720: 58800aa0 59800aa0 58c00aa0 59c00aa0 
00006730: 5a800aa0 5b800aa0 5ac00aa0 5bc00aa0 
00006740: 5c000aa0 5d000aa0 5c400aa0 5d400aa0 
00006750: 5e000aa0 5f000aa0 5e400aa0 5f400aa0 
00006760: 5c800aa0 5d800aa0 5cc00aa0 5dc00aa0 
00006770: 5e800aa0 5f800aa0 5ec00aa0 5fc00aa0 
00006780: 58000ba0 59000ba0 58400ba0 59400ba0 
00006790: 5a000ba0 5b000ba0 5a400ba0 5b400ba0 
000067a0: 58800ba0 59800ba0 58c00ba0 59c00ba0 
000067b0: 5a800ba0 5b800ba0 5ac00ba0 5bc00ba0 
000067c0: 5c000ba0 5d000ba0 5c400ba0 5d400ba0 
000067d0: 5e000ba0 5f000ba0 5e400ba0 5f400ba0 
000067e0: 5c800ba0 5d800ba0 5cc00ba0 5dc00ba0 
000067f0: 5e800ba0 5f800ba0 5ec00ba0 5fc00ba0 
00006800: 40000ca0 41000ca0 40400ca0 41400ca0 
00006810: 42000ca0 43000ca0 42400ca0 43400ca0 
00006820: 40800ca0 41800ca0 40c00ca0 41c00ca0 
00006830: 42800ca0 43800ca0 42c00ca0 43c00ca0 
00006840: 44000ca0 45000ca0 44400ca0 45400ca0 
00006850: 46000ca0 47000ca0 46400ca0 47400ca0 
00006860: 44800ca0 45800ca0 44c00ca0 45c00ca0 
00006870: 46800ca0 47800ca0 46c00ca0 47c00ca0 
00006880: 40000da0 41000da0 40400da0 41400da0 
00006890: 42000da0 43000da0 42400da0 43400da0 
000068a0: 40800da0 41800da0 40c00da0 41c00da0 
000068b0: 42800da0 43800da0 42c00da0 43c00da0 
000068c0: 44000da0 45000da0 44400da0 45400da0 
000068d0: 46000da0 47000da0 46400da0 47400da0 
000068e0: 44800da0 45800da0 44c00da0 45c00da0 
000068f0: 46800da0 47800da0 46c00da0 47c00da0 
00006900: 48000ca0 49000ca0 48400ca0 49400ca0 
00006910: 4a000ca0 4b000ca0 4a400ca0 4b400ca0 
00006920: 48800ca0 49800ca0 48c00ca0 49c00ca0 
00006930: 4a800ca0 4b800ca0 4ac00ca0 4bc00ca0 
00006940: 4c000ca0 4d000ca0 4c400ca0 4d400ca0 
00006950: 4e000ca0 4f000ca0 4e400ca0 4f400ca0 
00006960: 4c800ca0 4d800ca0 4cc00ca0 4dc00ca0 
00006970: 4e800ca0 4f800ca0 4ec00ca0 4fc00ca0 
00006980: 48000da0 49000da0 48400da0 49400da0 
00006990: 4a000da0 4b000da0 4a400da0 4b400da0 
000069a0: 48800da0 49800da0 48c00da0 49c00da0 
000069b0: 4a800da0 4b800da0 4ac00da0 4bc00da0 
000069c0: 4c000da0 4d000da0 4c400da0 4d400da0 
000069d0: 4e000da0 4f000da0 4e400da0 4f400da0 
000069e0: 4c800da0 4d800da0 4cc00da0 4dc00da0 
000069f0: 4e800da0 4f800da0 4ec00da0 4fc00da0 
00006a00: 40000ea0 41000ea0 40400ea0 41400ea0 
00006a10: 42000ea0 43000ea0 42400ea0 43400ea0 
00006a20: 40800ea0 41800ea0 40c00ea0 41c00ea0 
00006a30: 42800ea0 43800ea0 42c00ea0 43c00ea0 
00006a40: 44000ea0 45000ea0 44400ea0 45400ea0 
00006a50: 46000ea0 47000ea0 46400ea0 47400ea0 
00006a60: 44800ea0 45800ea0 44c00ea0 45c00ea0 
00006a70: 46800ea0 47800ea0 46c00ea0 47c00ea0 
00006a80: 40000fa0 41000fa0 40400fa0 41400fa0 
00006a90: 42000fa0 43000fa0 42400fa0 43400fa0 
00006aa0: 40800fa0 41800fa0 40c00fa0 41c00fa0 
00006ab0: 42800fa0 43800fa0 42c00fa0 43c00fa0 
00006ac0: 44000fa0 45000fa0 44400fa0 45400fa0 
00006ad0: 46000fa0 47000fa0 46400fa0 47400fa0 
00006ae0: 44800fa0 45800fa0 44c00fa0 45c00fa0 
00006af0: 46800fa0 47800fa0 46c00fa0 47c00fa0 
00006b00: 48000ea0 49000ea0 48400ea0 49400ea0 
00006b10: 4a000ea0 4b000ea0 4a400ea0 4b400ea0 
00006b20: 48800ea0 49800ea0 48c00ea0 49c00ea0 
00006b30: 4a800ea0 4b800ea0 4ac00ea0 4bc00ea0 
00006b40: 4c000ea0 4d000ea0 4c400ea0 4d400ea0 
00006b50: 4e000ea0 4f000ea0 4e400ea0 4f400ea0 
00006b60: 4c800ea0 4d800ea0 4cc00ea0 4dc00ea0 
00006b70: 4e800ea0 4f800ea0 4ec00ea0 4fc00ea0 
00006b80: 48000fa0 49000fa0 48400fa0 49400fa0 
00006b90: 4a000fa0 4b000fa0 4a400fa0 4b400fa0 
00006ba0: 48800fa0 49800fa0 48c00fa0 49c00fa0 
00006bb0: 4a800fa0 4b800fa0 4ac00fa0 4bc00fa0 
00006bc0: 4c000fa0 4d000fa0 4c400fa0 4d400fa0 
00006bd0: 4e000fa0 4f000fa0 4e400fa0 4f400fa0 
00006be0: 4c800fa0 4d800fa0 4cc00fa0 4dc00fa0 
00006bf0: 4e800fa0 4f800fa0 4ec00fa0 4fc00fa0 
00006c00: 50000ca0 51000ca0 50400ca0 51400ca0 
00006c10: 52000ca0 53000ca0 52400ca0 53400ca0 
00006c20: 50800ca0 51800ca0 50c00ca0 51c00ca0 
00006c30: 52800ca0 53800ca0 52c00ca0 53c00ca0 
00006c40: 54000ca0 55000ca0 54400ca0 55400ca0 
00006c50: 56000ca0 57000ca0 56400ca0 57400ca0 
00006c60: 54800ca0 55800ca0 54c00ca0 55c00ca0 
00006c70: 56800ca0 57800ca0 56c00ca0 57c00ca0 
00006c80: 50000da0 51000da0 50400da0 51400da0 
00006c90: 52000da0 53000da0 52400da0 53400da0 
00006ca0: 50800da0 51800da0 50c00da0 51c00da0 
00006cb0: 52800da0 53800da0 52c00da0 53c00da0 
00006cc0: 54000da0 55000da0 54400da0 55400da0 
00006cd0: 56000da0 57000da0 56400da0 57400da0 
00006ce0: 54800da0 55800da0 54c00da0 55c00da0 
00006cf0: 56800da0 57800da0 56c00da0 57c00da0 
00006d00: 58000ca0 59000ca0 58400ca0 59400ca0 
00006d10: 5a000ca0 5b000ca0 5a400ca0 5b400ca0 
00006d20: 58800ca0 59800ca0 58c00ca0 59c00ca0 
00006d30: 5a800ca0 5b800ca0 5ac00ca0 5bc00ca0 
00006d40: 5c000ca0 5d000ca0 5c400ca0 5d400ca0 
00006d50: 5e000ca0 5f000ca0 5e400ca0 5f400ca0 
00006d60: 5c800ca0 5d800ca0 5cc00ca0 5dc00ca0 
00006d70: 5e800ca0 5f800ca0 5ec00ca0 5fc00ca0 
00006d80: 58000da0 59000da0 58400da0 59400da0 
00006d90: 5a000da0 5b000da0 5a400da0 5b400da0 
00006da0: 58800da0 59800da0 58c00da0 59c00da0 
00006db0: 5a800da0 5b800da0 5ac00da0 5bc00da0 
00006dc0: 5c000da0 5d000da0 5c400da0 5d400da0 
00006dd0: 5e000da0 5f000da0 5e400da0 5f400da0 
00006de0: 5c800da0 5d800da0 5cc00da0 5dc00da0 
00006df0: 5e800da0 5f800da0 5ec00da0 5fc00da0 
00006e00: 50000ea0 51000ea0 50400ea0 51400ea0 
00006e10: 52000ea0 53000ea0 52400ea0 53400ea0 
00006e20: 50800ea0 51800ea0 50c00ea0 51c00ea0 
00006e30: 52800ea0 53800ea0 52c00ea0 53c00ea0 
00006e40: 54000ea0 55000ea0 54400ea0 55400ea0 
00006e50: 56000ea0 57000ea0 56400ea0 57400ea0 
00006e60: 54800ea0 55800ea0 54c00ea0 55c00ea0 
00006e70: 56800ea0 57800ea0 56c00ea0 57c00ea0 
00006e80: 50000fa0 51000fa0 50400fa0 51400fa0 
00006e90: 52000fa0 53000fa0 52400fa0 53400fa0 
00006ea0: 50800fa0 51800fa0 50c00fa0 51c00fa0 
00006eb0: 52800fa0 53800fa0 52c00fa0 53c00fa0 
00006ec0: 54000fa0 55000fa0 54400fa0 55400fa0 
00006ed0: 56000fa0 57000fa0 56400fa0 57400fa0 
00006ee0: 54800fa0 55800fa0 54c00fa0 55c00fa0 
00006ef0: 56800fa0 57800fa0 56c00fa0 57c00fa0 
00006f00: 58000ea0 59000ea0 58400ea0 59400ea0 
00006f10: 5a000ea0 5b000ea0 5a400ea0 5b400ea0 
00006f20: 58800ea0 59800ea0 58c00ea0 59c00ea0 
00006f30: 5a800ea0 5b800ea0 5ac00ea0 5bc00ea0 
00006f40: 5c000ea0 5d000ea0 5c400ea0 5d400ea0 
00006f50: 5e000ea0 5f000ea0 5e400ea0 5f400ea0 
00006f60: 5c800ea0 5d800ea0 5cc00ea0 5dc00ea0 
00006f70: 5e800ea0 5f800ea0 5ec00ea0 5fc00ea0 
00006f80: 58000fa0 59000fa0 58400fa0 59400fa0 
00006f90: 5a000fa0 5b000fa0 5a400fa0 5b400fa0 
00006fa0: 58800fa0 59800fa0 58c00fa0 59c00fa0 
00006fb0: 5a800fa0 5b800fa0 5ac00fa0 5bc00fa0 
00006fc0: 5c000fa0 5d000fa0 5c400fa0 5d400fa0 
00006fd0: 5e000fa0 5f000fa0 5e400fa0 5f400fa0 
00006fe0: 5c800fa0 5d800fa0 5cc00fa0 5dc00fa0 
00006ff0: 5e800fa0 5f800fa0 5ec00fa0 5fc00fa0 
00007000: 600008a0 610008a0 604008a0 614008a0 
00007010: 620008a0 630008a0 624008a0 634008a0 
00007020: 608008a0 618008a0 60c008a0 61c008a0 
00007030: 628008a0 638008a0 62c008a0 63c008a0 
00007040: 640008a0 650008a0 644008a0 654008a0 
00007050: 660008a0 670008a0 664008a0 674008a0 
00007060: 648008a0 658008a0 64c008a0 65c008a0 
00007070: 668008a0 678008a0 66c008a0 67c008a0 
00007080: 600009a0 610009a0 604009a0 614009a0 
00007090: 620009a0 630009a0 624009a0 634009a0 
000070a0: 608009a0 618009a0 60c009a0 61c009a0 
000070b0: 628009a0 638009a0 62c009a0 63c009a0 
000070c0: 640009a0 650009a0 644009a0 654009a0 
000070d0: 660009a0 670009a0 664009a0 674009a0 
000070e0: 648009a0 658009a0 64c009a0 65c009a0 
000070f0: 668009a0 678009a0 66c009a0 67c009a0 
00007100: 680008a0 690008a0 684008a0 694008a0 
00007110: 6a0008a0 6b0008a0 6a4008a0 6b4008a0 
00007120: 688008a0 698008a0 68c008a0 69c008a0 
00007130: 6a8008a0 6b8008a0 6ac008a0 6bc008a0 
00007140: 6c0008a0 6d0008a0 6c4008a0 6d4008a0 
00007150: 6e0008a0 6f0008a0 6e4008a0 6f4008a0 
00007160: 6c8008a0 6d8008a0 6cc008a0 6dc008a0 
00007170: 6e8008a0 6f8008a0 6ec008a0 6fc008a0 
00007180: 680009a0 690009a0 684009a0 694009a0 
00007190: 6a0009a0 6b0009a0 6a4009a0 6b4009a0 
000071a0: 688009a0 698009a0 68c009a0 69c009a0 
000071b0: 6a8009a0 6b8009a0 6ac009a0 6bc009a0 
000071c0: 6c0009a0 6d0009a0 6c4009a0 6d4009a0 
000071d0: 6e0009a0 6f0009a0 6e4009a0 6f4009a0 
000071e0: 6c8009a0 6d8009a0 6cc009a0 6dc009a0 
000071f0: 6e8009a0 6f8009a0 6ec009a0 6fc009a0 
00007200: 60000aa0 61000aa0 60400aa0 61400aa0 
00007210: 62000aa0 63000aa0 62400aa0 63400aa0 
00007220: 60800aa0 61800aa0 60c00aa0 61c00aa0 
00007230: 62800aa0 63800aa0 62c00aa0 63c00aa0 
00007240: 64000aa0 65000aa0 64400aa0 65400aa0 
00007250: 66000aa0 67000aa0 66400aa0 67400aa0 
00007260: 64800aa0 65800aa0 64c00aa0 65c00aa0 
00007270: 66800aa0 67800aa0 66c00aa0 67c00aa0 
00007280: 60000ba0 61000ba0 60400ba0 61400ba0 
00007290: 62000ba0 63000ba0 62400ba0 63400ba0 
000072a0: 60800ba0 61800ba0 60c00ba0 61c00ba0 
000072b0: 62800ba0 63800ba0 62c00ba0 63c00ba0 
000072c0: 64000ba0 65000ba0 64400ba0 65400ba0 
000072d0: 66000ba0 67000ba0 66400ba0 67400ba0 
000072e0: 64800ba0 65800ba0 64c00ba0 65c00ba0 
000072f0: 66800ba0 67800ba0 66c00ba0 67c00ba0 
00007300: 68000aa0 69000aa0 68400aa0 69400aa0 
00007310: 6a000aa0 6b000aa0 6a400aa0 6b400aa0 
00007320: 68800aa0 69800aa0 68c00aa0 69c00aa0 
00007330: 6a800aa0 6b800aa0 6ac00aa0 6bc00aa0 
00007340: 6c000aa0 6d000aa0 6c400aa0 6d400aa0 
00007350: 6e000aa0 6f000aa0 6e400aa0 6f400aa0 
00007360: 6c800aa0 6d800aa0 6cc00aa0 6dc00aa0 
00007370: 6e800aa0 6f800aa0 6ec00aa0 6fc00aa0 
00007380: 68000ba0 69000ba0 68400ba0 69400ba0 
00007390: 6a000ba0 6b000ba0 6a400ba0 6b400ba0 
000073a0: 68800ba0 69800ba0 68c00ba0 69c00ba0 
000073b0: 6a800ba0 6b800ba0 6ac00ba0 6bc00ba0 
000073c0: 6c000ba0 6d000ba0 6c400ba0 6d400ba0 
000073d0: 6e000ba0 6f000ba0 6e400ba0 6f400ba0 
000073e0: 6c800ba0 6d800ba0 6cc00ba0 6dc00ba0 
000073f0: 6e800ba0 6f800ba0 6ec00ba0 6fc00ba0 
00007400: 700008a0 710008a0 704008a0 714008a0 
00007410: 720008a0 730008a0 724008a0 734008a0 
00007420: 708008a0 718008a0 70c008a0 71c008a0 
00007430: 728008a0 738008a0 72c008a0 73c008a0 
00007440: 740008a0 750008a0 744008a0 754008a0 
00007450: 760008a0 770008a0 764008a0 774008a0 
00007460: 748008a0 758008a0 74c008a0 75c008a0 
00007470: 768008a0 778008a0 76c008a0 77c008a0 
00007480: 700009a0 710009a0 704009a0 714009a0 
00007490: 720009a0 730009a0 724009a0 734009a0 
000074a0: 708009a0 718009a0 70c009a0 71c009a0 
000074b0: 728009a0 738009a0 72c009a0 73c009a0 
000074c0: 740009a0 750009a0 744009a0 754009a0 
000074d0: 760009a0 770009a0 764009a0 774009a0 
000074e0: 748009a0 758009a0 74c009a0 75c009a0 
000074f0: 768009a0 778009a0 76c009a0 77c009a0 
00007500: 780008a0 790008a0 784008a0 794008a0 
00007510: 7a0008a0 7b0008a0 7a4008a0 7b4008a0 
00007520: 788008a0 798008a0 78c008a0 79c008a0 
00007530: 7a8008a0 7b8008a0 7ac008a0 7bc008a0 
00007540: 7c0008a0 7d0008a0 7c4008a0 7d4008a0 
00007550: 7e0008a0 7f0008a0 7e4008a0 7f4008a0 
00007560: 7c8008a0 7d8008a0 7cc008a0 7dc008a0 
00007570: 7e8008a0 7f8008a0 7ec008a0 7fc008a0 
00007580: 780009a0 790009a0 784009a0 794009a0 
00007590: 7a0009a0 7b0009a0 7a4009a0 7b4009a0 
000075a0: 788009a0 798009a0 78c009a0 79c009a0 
000075b0: 7a8009a0 7b8009a0 7ac009a0 7bc009a0 
000075c0: 7c0009a0 7d0009a0 7c4009a0 7d4009a0 
000075d0: 7e0009a0 7f0009a0 7e4009a0 7f4009a0 
000075e0: 7c8009a0 7d8009a0 7cc009a0 7dc009a0 
000075f0: 7e8009a0 7f8009a0 7ec009a0 7fc009a0 
00007600: 70000aa0 71000aa0 70400aa0 71400aa0 
00007610: 72000aa0 73000aa0 72400aa0 73400aa0 
00007620: 70800aa0 71800aa0 70c00aa0 71c00aa0 
00007630: 72800aa0 73800aa0 72c00aa0 73c00aa0 
00007640: 74000aa0 75000aa0 74400aa0 75400aa0 
00007650: 76000aa0 77000aa0 76400aa0 77400aa0 
00007660: 74800aa0 75800aa0 74c00aa0 75c00aa0 
00007670: 76800aa0 77800aa0 76c00aa0 77c00aa0 
00007680: 70000ba0 71000ba0 70400ba0 71400ba0 
00007690: 72000ba0 73000ba0 72400ba0 73400ba0 
000076a0: 70800ba0 71800ba0 70c00ba0 71c00ba0 
000076b0: 72800ba0 73800ba0 72c00ba0 73c00ba0 
000076c0: 74000ba0 75000ba0 74400ba0 75400ba0 
000076d0: 76000ba0 77000ba0 76400ba0 77400ba0 
000076e0: 74800ba0 75800ba0 74c00ba0 75c00ba0 
000076f0: 76800ba0 77800ba0 76c00ba0 77c00ba0 
00007700: 78000aa0 79000aa0 78400aa0 79400aa0 
00007710: 7a000aa0 7b000aa0 7a400aa0 7b400aa0 
00007720: 78800aa0 79800aa0 78c00aa0 79c00aa0 
00007730: 7a800aa0 7b800aa0 7ac00aa0 7bc00aa0 
00007740: 7c000aa0 7d000aa0 7c400aa0 7d400aa0 
00007750: 7e000aa0 7f000aa0 7e400aa0 7f400aa0 
00007760: 7c800aa0 7d800aa0 7cc00aa0 7dc00aa0 
00007770: 7e800aa0 7f800aa0 7ec00aa0 7fc00aa0 
00007780: 78000ba0 79000ba0 78400ba0 79400ba0 
00007790: 7a000ba0 7b000ba0 7a400ba0 7b400ba0 
000077a0: 78800ba0 79800ba0 78c00ba0 79c00ba0 
000077b0: 7a800ba0 7b800ba0 7ac00ba0 7bc00ba0 
000077c0: 7c000ba0 7d000ba0 7c400ba0 7d400ba0 
000077d0: 7e000ba0 7f000ba0 7e400ba0 7f400ba0 
000077e0: 7c800ba0 7d800ba0 7cc00ba0 7dc00ba0 
000077f0: 7e800ba0 7f800ba0 7ec00ba0 7fc00ba0 
00007800: 60000ca0 61000ca0 60400ca0 61400ca0 
00007810: 62000ca0 63000ca0 62400ca0 63400ca0 
00007820: 60800ca0 61800ca0 60c00ca0 61c00ca0 
00007830: 62800ca0 63800ca0 62c00ca0 63c00ca0 
00007840: 64000ca0 65000ca0 64400ca0 65400ca0 
00007850: 66000ca0 67000ca0 66400ca0 67400ca0 
00007860: 64800ca0 65800ca0 64c00ca0 65c00ca0 
00007870: 66800ca0 67800ca0 66c00ca0 67c00ca0 
00007880: 60000da0 61000da0 60400da0 61400da0 
00007890: 62000da0 63000da0 62400da0 63400da0 
000078a0: 60800da0 61800da0 60c00da0 61c00da0 
000078b0: 62800da0 63800da0 62c00da0 63c00da0 
000078c0: 64000da0 65000da0 64400da0 65400da0 
000078d0: 66000da0 67000da0 66400da0 67400da0 
000078e0: 64800da0 65800da0 64c00da0 65c00da0 
000078f0: 66800da0 67800da0 66c00da0 67c00da0 
00007900: 68000ca0 69000ca0 68400ca0 69400ca0 
00007910: 6a000ca0 6b000ca0 6a400ca0 6b400ca0 
00007920: 68800ca0 69800ca0 68c00ca0 69c00ca0 
00007930: 6a800ca0 6b800ca0 6ac00ca0 6bc00ca0 
00007940: 6c000ca0 6d000ca0 6c400ca0 6d400ca0 
00007950: 6e000ca0 6f000ca0 6e400ca0 6f400ca0 
00007960: 6c800ca0 6d800ca0 6cc00ca0 6dc00ca0 
00007970: 6e800ca0 6f800ca0 6ec00ca0 6fc00ca0 
00007980: 68000da0 69000da0 68400da0 69400da0 
00007990: 6a000da0 6b000da0 6a400da0 6b400da0 
000079a0: 68800da0 69800da0 68c00da0 69c00da0 
000079b0: 6a800da0 6b800da0 6ac00da0 6bc00da0 
000079c0: 6c000da0 6d000da0 6c400da0 6d400da0 
000079d0: 6e000da0 6f000da0 6e400da0 6f400da0 
000079e0: 6c800da0 6d800da0 6cc00da0 6dc00da0 
000079f0: 6e800da0 6f800da0 6ec00da0 6fc00da0 
00007a00: 60000ea0 61000ea0 60400ea0 61400ea0 
00007a10: 62000ea0 63000ea0 62400ea0 63400ea0 
00007a20: 60800ea0 61800ea0 60c00ea0 61c00ea0 
00007a30: 62800ea0 63800ea0 62c00ea0 63c00ea0 
00007a40: 64000ea0 65000ea0 64400ea0 65400ea0 
00007a50: 66000ea0 67000ea0 66400ea0 67400ea0 
00007a60: 64800ea0 65800ea0 64c00ea0 65c00ea0 
00007a70: 66800ea0 67800ea0 66c00ea0 67c00ea0 
00007a80: 60000fa0 61000fa0 60400fa0 61400fa0 
00007a90: 62000fa0 63000fa0 62400fa0 63400fa0 
00007aa0: 60800fa0 61800fa0 60c00fa0 61c00fa0 
00007ab0: 62800fa0 63800fa0 62c00fa0 63c00fa0 
00007ac0: 64000fa0 65000fa0 64400fa0 65400fa0 
00007ad0: 66000fa0 67000fa0 66400fa0 67400fa0 
00007ae0: 64800fa0 65800fa0 64c00fa0 65c00fa0 
00007af0: 66800fa0 67800fa0 66c00fa0 67c00fa0 
00007b00: 68000ea0 69000ea0 68400ea0 69400ea0 
00007b10: 6a000ea0 6b000ea0 6a400ea0 6b400ea0 
00007b20: 68800ea0 69800ea0 68c00ea0 69c00ea0 
00007b30: 6a800ea0 6b800ea0 6ac00ea0 6bc00ea0 
00007b40: 6c000ea0 6d000ea0 6c400ea0 6d400ea0 
00007b50: 6e000ea0 6f000ea0 6e400ea0 6f400ea0 
00007b60: 6c800ea0 6d800ea0 6cc00ea0 6dc00ea0 
00007b70: 6e800ea0 6f800ea0 6ec00ea0 6fc00ea0 
00007b80: 68000fa0 69000fa0 68400fa0 69400fa0 
00007b90: 6a000fa0 6b000fa0 6a400fa0 6b400fa0 
00007ba0: 68800fa0 69800fa0 68c00fa0 69c00fa0 
00007bb0: 6a800fa0 6b800fa0 6ac00fa0 6bc00fa0 
00007bc0: 6c000fa0 6d000fa0 6c400fa0 6d400fa0 
00007bd0: 6e000fa0 6f000fa0 6e400fa0 6f400fa0 
00007be0: 6c800fa0 6d800fa0 6cc00fa0 6dc00fa0 
00007bf0: 6e800fa0 6f800fa0 6ec00fa0 6fc00fa0 
00007c00: 70000ca0 71000ca0 70400ca0 71400ca0 
00007c10: 72000ca0 73000ca0 72400ca0 73400ca0 
00007c20: 70800ca0 71800ca0 70c00ca0 71c00ca0 
00007c30: 72800ca0 73800ca0 72c00ca0 73c00ca0 
00007c40: 74000ca0 75000ca0 74400ca0 75400ca0 
00007c50: 76000ca0 77000ca0 76400ca0 77400ca0 
00007c60: 74800ca0 75800ca0 74c00ca0 75c00ca0 
00007c70: 76800ca0 77800ca0 76c00ca0 77c00ca0 
00007c80: 70000da0 71000da0 70400da0 71400da0 
00007c90: 72000da0 73000da0 72400da0 73400da0 
00007ca0: 70800da0 71800da0 70c00da0 71c00da0 
00007cb0: 72800da0 73800da0 72c00da0 73c00da0 
00007cc0: 74000da0 75000da0 74400da0 75400da0 
00007cd0: 76000da0 77000da0 76400da0 77400da0 
00007ce0: 74800da0 75800da0 74c00da0 75c00da0 
00007cf0: 76800da0 77800da0 76c00da0 77c00da0 
00007d00: 78000ca0 79000ca0 78400ca0 79400ca0 
00007d10: 7a000ca0 7b000ca0 7a400ca0 7b400ca0 
00007d20: 78800ca0 79800ca0 78c00ca0 79c00ca0 
00007d30: 7a800ca0 7b800ca0 7ac00ca0 7bc00ca0 
00007d40: 7c000ca0 7d000ca0 7c400ca0 7d400ca0 
00007d50: 7e000ca0 7f000ca0 7e400ca0 7f400ca0 
00007d60: 7c800ca0 7d800ca0 7cc00ca0 7dc00ca0 
00007d70: 7e800ca0 7f800ca0 7ec00ca0 7fc00ca0 
00007d80: 78000da0 79000da0 78400da0 79400da0 
00007d90: 7a000da0 7b000da0 7a400da0 7b400da0 
00007da0: 78800da0 79800da0 78c00da0 79c00da0 
00007db0: 7a800da0 7b800da0 7ac00da0 7bc00da0 
00007dc0: 7c000da0 7d000da0 7c400da0 7d400da0 
00007dd0: 7e000da0 7f000da0 7e400da0 7f400da0 
00007de0: 7c800da0 7d800da0 7cc00da0 7dc00da0 
00007df0: 7e800da0 7f800da0 7ec00da0 7fc00da0 
00007e00: 70000ea0 71000ea0 70400ea0 71400ea0 
00007e10: 72000ea0 73000ea0 72400ea0 73400ea0 
00007e20: 70800ea0 71800ea0 70c00ea0 71c00ea0 
00007e30: 72800ea0 73800ea0 72c00ea0 73c00ea0 
00007e40: 74000ea0 75000ea0 74400ea0 75400ea0 
00007e50: 76000ea0 77000ea0 76400ea0 77400ea0 
00007e60: 74800ea0 75800ea0 74c00ea0 75c00ea0 
00007e70: 76800ea0 77800ea0 76c00ea0 77c00ea0 
00007e80: 70000fa0 71000fa0 70400fa0 71400fa0 
00007e90: 72000fa0 73000fa0 72400fa0 73400fa0 
00007ea0: 70800fa0 71800fa0 70c00fa0 71c00fa0 
00007eb0: 72800fa0 73800fa0 72c00fa0 73c00fa0 
00007ec0: 74000fa0 75000fa0 74400fa0 75400fa0 
00007ed0: 76000fa0 77000fa0 76400fa0 77400fa0 
00007ee0: 74800fa0 75800fa0 74c00fa0 75c00fa0 
00007ef0: 76800fa0 77800fa0 76c00fa0 77c00fa0 
00007f00: 78000ea0 79000ea0 78400ea0 79400ea0 
00007f10: 7a000ea0 7b000ea0 7a400ea0 7b400ea0 
00007f20: 78800ea0 79800ea0 78c00ea0 79c00ea0 
00007f30: 7a800ea0 7b800ea0 7ac00ea0 7bc00ea0 
00007f40: 7c000ea0 7d000ea0 7c400ea0 7d400ea0 
00007f50: 7e000ea0 7f000ea0 7e400ea0 7f400ea0 
00007f60: 7c800ea0 7d800ea0 7cc00ea0 7dc00ea0 
00007f70: 7e800ea0 7f800ea0 7ec00ea0 7fc00ea0 
00007f80: 78000fa0 79000fa0 78400fa0 79400fa0 
00007f90: 7a000fa0 7b000fa0 7a400fa0 7b400fa0 
00007fa0: 78800fa0 79800fa0 78c00fa0 79c00fa0 
00007fb0: 7a800fa0 7b800fa0 7ac00fa0 7bc00fa0 
00007fc0: 7c000fa0 7d000fa0 7c400fa0 7d400fa0 
00007fd0: 7e000fa0 7f000fa0 7e400fa0 7f400fa0 
00007fe0: 7c800fa0 7d800fa0 7cc00fa0 7dc00fa0 
00007ff0: 7e800fa0 7f800fa0 7ec00fa0 7fc00fa0 
00008000: 800000a0 810000a0 804000a0 814000a0 
00008010: 820000a0 830000a0 824000a0 834000a0 
00008020: 808000a0 818000a0 80c000a0 81c000a0 
00008030: 828000a0 838000a0 82c000a0 83c000a0 
00008040: 840000a0 850000a0 844000a0 854000a0 
00008050: 860000a0 870000a0 864000a0 874000a0 
00008060: 848000a0 858000a0 84c000a0 85c000a0 
00008070: 868000a0 878000a0 86c000a0 87c000a0 
00008080: 800001a0 810001a0 804001a0 814001a0 
00008090: 820001a0 830001a0 824001a0 834001a0 
000080a0: 808001a0 818001a0 80c001a0 81c001a0 
000080b0: 828001a0 838001a0 82c001a0 83c001a0 
000080c0: 840001a0 850001a0 844001a0 854001a0 
000080d0: 860001a0 870001a0 864001a0 874001a0 
000080e0: 848001a0 858001a0 84c001a0 85c001a0 
000080f0: 868001a0 878001a0 86c001a0 87c001a0 
00008100: 880000a0 890000a0 884000a0 894000a0 
00008110: 8a0000a0 8b0000a0 8a4000a0 8b4000a0 
00008120: 888000a0 898000a0 88c000a0 89c000a0 
00008130: 8a8000a0 8b8000a0 8ac000a0 8bc000a0 
00008140: 8c0000a0 8d0000a0 8c4000a0 8d4000a0 
00008150: 8e0000a0 8f0000a0 8e4000a0 8f4000a0 
00008160: 8c8000a0 8d8000a0 8cc000a0 8dc000a0 
00008170: 8e8000a0 8f8000a0 8ec000a0 8fc000a0 
00008180: 880001a0 890001a0 884001a0 894001a0 
00008190: 8a0001a0 8b0001a0 8a4001a0 8b4001a0 
000081a0: 888001a0 898001a0 88c001a0 89c001a0 
000081b0: 8a8001a0 8b8001a0 8ac001a0 8bc001a0 
000081c0: 8c0001a0 8d0001a0 8c4001a0 8d4001a0 
000081d0: 8e0001a0 8f0001a0 8e4001a0 8f4001a0 
000081e0: 8c8001a0 8d8001a0 8cc001a0 8dc001a0 
000081f0: 8e8001a0 8f8001a0 8ec001a0 8fc001a0 
00008200: 800002a0 810002a0 804002a0 814002a0 
00008210: 820002a0 830002a0 824002a0 834002a0 
00008220: 808002a0 818002a0 80c002a0 81c002a0 
00008230: 828002a0 838002a0 82c002a0 83c002a0 
00008240: 840002a0 850002a0 844002a0 854002a0 
00008250: 860002a0 870002a0 864002a0 874002a0 
00008260: 848002a0 858002a0 84c002a0 85c002a0 
00008270: 868002a0 878002a0 86c002a0 87c002a0 
00008280: 800003a0 810003a0 804003a0 814003a0 
00008290: 820003a0 830003a0 824003a0 834003a0 
000082a0: 808003a0 818003a0 80c003a0 81c003a0 
000082b0: 828003a0 838003a0 82c003a0 83c003a0 
000082c0: 840003a0 850003a0 844003a0 854003a0 
000082d0: 860003a0 870003a0 864003a0 874003a0 
000082e0: 848003a0 858003a0 84c003a0 85c003a0 
000082f0: 868003a0 878003a0 86c003a0 87c003a0 
00008300: 880002a0 890002a0 884002a0 894002a0 
00008310: 8a0002a0 8b0002a0 8a4002a0 8b4002a0 
00008320: 888002a0 898002a0 88c002a0 89c002a0 
00008330: 8a8002a0 8b8002a0 8ac002a0 8bc002a0 
00008340: 8c0002a0 8d0002a0 8c4002a0 8d4002a0 
00008350: 8e0002a0 8f0002a0 8e4002a0 8f4002a0 
00008360: 8c8002a0 8d8002a0 8cc002a0 8dc002a0 
00008370: 8e8002a0 8f8002a0 8ec002a0 8fc002a0 
00008380: 880003a0 890003a0 884003a0 894003a0 
00008390: 8a0003a0 8b0003a0 8a4003a0 8b4003a0 
000083a0: 888003a0 898003a0 88c003a0 89c003a0 
000083b0: 8a8003a0 8b8003a0 8ac003a0 8bc003a0 
000083c0: 8c0003a0 8d0003a0 8c4003a0 8d4003a0 
000083d0: 8e0003a0 8f0003a0 8e4003a0 8f4003a0 
000083e0: 8c8003a0 8d8003a0 8cc003a0 8dc003a0 
000083f0: 8e8003a0 8f8003a0 8ec003a0 8fc003a0 
00008400: 900000a0 910000a0 904000a0 914000a0 
00008410: 920000a0 930000a0 924000a0 934000a0 
00008420: 908000a0 918000a0 90c000a0 91c000a0 
00008430: 928000a0 938000a0 92c000a0 93c000a0 
00008440: 940000a0 950000a0 944000a0 954000a0 
00008450: 960000a0 970000a0 964000a0 974000a0 
00008460: 948000a0 958000a0 94c000a0 95c000a0 
00008470: 968000a0 978000a0 96c000a0 97c000a0 
00008480: 900001a0 910001a0 904001a0 914001a0 
00008490: 920001a0 930001a0 924001a0 934001a0 
000084a0: 908001a0 918001a0 90c001a0 91c001a0 
000084b0: 928001a0 938001a0 92c001a0 93c001a0 
000084c0: 940001a0 950001a0 944001a0 954001a0 
000084d0: 960001a0 970001a0 964001a0 974001a0 
000084e0: 948001a0 958001a0 94c001a0 95c001a0 
000084f0: 968001a0 978001a0 96c001a0 97c001a0 
00008500: 980000a0 990000a0 984000a0 994000a0 
00008510: 9a0000a0 9b0000a0 9a4000a0 9b4000a0 
00008520: 988000a0 998000a0 98c000a0 99c000a0 
00008530: 9a8000a0 9b8000a0 9ac000a0 9bc000a0 
00008540: 9c0000a0 9d0000a0 9c4000a0 9d4000a0 
00008550: 9e0000a0 9f0000a0 9e4000a0 9f4000a0 
00008560: 9c8000a0 9d8000a0 9cc000a0 9dc000a0 
00008570: 9e8000a0 9f8000a0 9ec000a0 9fc000a0 
00008580: 980001a0 990001a0 984001a0 994001a0 
00008590: 9a0001a0 9b0001a0 9a4001a0 9b4001a0 
000085a0: 988001a0 998001a0 98c001a0 99c001a0 
000085b0: 9a8001a0 9b8001a0 9ac001a0 9bc001a0 
000085c0: 9c0001a0 9d0001a0 9c4001a0 9d4001a0 
000085d0: 9e0001a0 9f0001a0 9e4001a0 9f4001a0 
000085e0: 9c8001a0 9d8001a0 9cc001a0 9dc001a0 
000085f0: 9e8001a0 9f8001a0 9ec001a0 9fc001a0 
00008600: 900002a0 910002a0 904002a0 914002a0 
00008610: 920002a0 930002a0 924002a0 934002a0 
00008620: 908002a0 918002a0 90c002a0 91c002a0 
00008630: 928002a0 938002a0 92c002a0 93c002a0 
00008640: 940002a0 950002a0 944002a0 954002a0 
00008650: 960002a0 970002a0 964002a0 974002a0 
00008660: 948002a0 958002a0 94c002a0 95c002a0 
00008670: 968002a0 978002a0 96c002a0 97c002a0 
00008680: 900003a0 910003a0 904003a0 914003a0 
00008690: 920003a0 930003a0 924003a0 934003a0 
000086a0: 908003a0 918003a0 90c003a0 91c003a0 
000086b0: 928003a0 938003a0 92c003a0 93c003a0 
000086c0: 940003a0 950003a0 944003a0 954003a0 
000086d0: 960003a0 970003a0 964003a0 974003a0 
000086e0: 948003a0 958003a0 94c003a0 95c003a0 
000086f0: 968003a0 978003a0 96c003a0 97c003a0 
00008700: 980002a0 990002a0 984002a0 994002a0 
00008710: 9a0002a0 9b0002a0 9a4002a0 9b4002a0 
00008720: 988002a0 998002a0 98c002a0 99c002a0 
00008730: 9a8002a0 9b8002a0 9ac002a0 9bc002a0 
00008740: 9c0002a0 9d0002a0 9c4002a0 9d4002a0 
00008750: 9e0002a0 9f0002a0 9e4002a0 9f4002a0 
00008760: 9c8002a0 9d8002a0 9cc002a0 9dc002a0 
00008770: 9e8002a0 9f8002a0 9ec002a0 9fc002a0 
00008780: 980003a0 990003a0 984003a0 994003a0 
00008790: 9a0003a0 9b0003a0 9a4003a0 9b4003a0 
000087a0: 988003a0 998003a0 98c003a0 99c003a0 
000087b0: 9a8003a0 9b8003a0 9ac003a0 9bc003a0 
000087c0: 9c0003a0 9d0003a0 9c4003a0 9d4003a0 
000087d0: 9e0003a0 9f0003a0 9e4003a0 9f4003a0 
000087e0: 9c8003a0 9d8003a0 9cc003a0 9dc003a0 
000087f0: 9e8003a0 9f8003a0 9ec003a0 9fc003a0 
00008800: 800004a0 810004a0 804004a0 814004a0 
00008810: 820004a0 830004a0 824004a0 834004a0 
00008820: 808004a0 818004a0 80c004a0 81c004a0 
00008830: 828004a0 838004a0 82c004a0 83c004a0 
00008840: 840004a0 850004a0 844004a0 854004a0 
00008850: 860004a0 870004a0 864004a0 874004a0 
00008860: 848004a0 858004a0 84c004a0 85c004a0 
00008870: 868004a0 878004a0 86c004a0 87c004a0 
00008880: 800005a0 810005a0 804005a0 814005a0 
00008890: 820005a0 830005a0 824005a0 834005a0 
000088a0: 808005a0 818005a0 80c005a0 81c005a0 
000088b0: 828005a0 838005a0 82c005a0 83c005a0 
000088c0: 840005a0 850005a0 844005a0 854005a0 
000088d0: 860005a0 870005a0 864005a0 874005a0 
000088e0: 848005a0 858005a0 84c005a0 85c005a0 
000088f0: 868005a0 878005a0 86c005a0 87c005a0 
00008900: 880004a0 890004a0 884004a0 894004a0 
00008910: 8a0004a0 8b0004a0 8a4004a0 8b4004a0 
00008920: 888004a0 898004a0 88c004a0 89c004a0 
00008930: 8a8004a0 8b8004a0 8ac004a0 8bc004a0 
00008940: 8c0004a0 8d0004a0 8c4004a0 8d4004a0 
00008950: 8e0004a0 8f0004a0 8e4004a0 8f4004a0 
00008960: 8c8004a0 8d8004a0 8cc004a0 8dc004a0 
00008970: 8e8004a0 8f8004a0 8ec004a0 8fc004a0 
00008980: 880005a0 890005a0 884005a0 894005a0 
00008990: 8a0005a0 8b0005a0 8a4005a0 8b4005a0 
000089a0: 888005a0 898005a0 88c005a0 89c005a0 
000089b0: 8a8005a0 8b8005a0 8ac005a0 8bc005a0 
000089c0: 8c0005a0 8d0005a0 8c4005a0 8d4005a0 
000089d0: 8e0005a0 8f0005a0 8e4005a0 8f4005a0 
000089e0: 8c8005a0 8d8005a0 8cc005a0 8dc005a0 
000089f0: 8e8005a0 8f8005a0 8ec005a0 8fc005a0 
00008a00: 800006a0 810006a0 804006a0 814006a0 
00008a10: 820006a0 830006a0 824006a0 834006a0 
00008a20: 808006a0 818006a0 80c006a0 81c006a0 
00008a30: 828006a0 838006a0 82c006a0 83c006a0 
00008a40: 840006a0 850006a0 844006a0 854006a0 
00008a50: 860006a0 870006a0 864006a0 874006a0 
00008a60: 848006a0 858006a0 84c006a0 85c006a0 
00008a70: 868006a0 878006a0 86c006a0 87c006a0 
00008a80: 800007a0 810007a0 804007a0 814007a0 
00008a90: 820007a0 830007a0 824007a0 834007a0 
00008aa0: 808007a0 818007a0 80c007a0 81c007a0 
00008ab0: 828007a0 838007a0 82c007a0 83c007a0 
00008ac0: 840007a0 850007a0 844007a0 854007a0 
00008ad0: 860007a0 870007a0 864007a0 874007a0 
00008ae0: 848007a0 858007a0 84c007a0 85c007a0 
00008af0: 868007a0 878007a0 86c007a0 87c007a0 
00008b00: 880006a0 890006a0 884006a0 894006a0 
00008b10: 8a0006a0 8b0006a0 8a4006a0 8b4006a0 
00008b20: 888006a0 898006a0 88c006a0 89c006a0 
00008b30: 8a8006a0 8b8006a0 8ac006a0 8bc006a0 
00008b40: 8c0006a0 8d0006a0 8c4006a0 8d4006a0 
00008b50: 8e0006a0 8f0006a0 8e4006a0 8f4006a0 
00008b60: 8c8006a0 8d8006a0 8cc006a0 8dc006a0 
00008b70: 8e8006a0 8f8006a0 8ec006a0 8fc006a0 
00008b80: 880007a0 890007a0 884007a0 894007a0 
00008b90: 8a0007a0 8b0007a0 8a4007a0 8b4007a0 
00008ba0: 888007a0 898007a0 88c007a0 89c007a0 
00008bb0: 8a8007a0 8b8007a0 8ac007a0 8bc007a0 
00008bc0: 8c0007a0 8d0007a0 8c4007a0 8d4007a0 
00008bd0: 8e0007a0 8f0007a0 8e4007a0 8f4007a0 
00008be0: 8c8007a0 8d8007a0 8cc007a0 8dc007a0 
00008bf0: 8e8007a0 8f8007a0 8ec007a0 8fc007a0 
00008c00: 900004a0 910004a0 904004a0 914004a0 
00008c10: 920004a0 930004a0 924004a0 934004a0 
00008c20: 908004a0 918004a0 90c004a0 91c004a0 
00008c30: 928004a0 938004a0 92c004a0 93c004a0 
00008c40: 940004a0 950004a0 944004a0 954004a0 
00008c50: 960004a0 970004a0 964004a0 974004a0 
00008c60: 948004a0 958004a0 94c004a0 95c004a0 
00008c70: 968004a0 978004a0 96c004a0 97c004a0 
00008c80: 900005a0 910005a0 904005a0 914005a0 
00008c90: 920005a0 930005a0 924005a0 934005a0 
00008ca0: 908005a0 918005a0 90c005a0 91c005a0 
00008cb0: 928005a0 938005a0 92c005a0 93c005a0 
00008cc0: 940005a0 950005a0 944005a0 954005a0 
00008cd0: 960005a0 970005a0 964005a0 974005a0 
00008ce0: 948005a0 958005a0 94c005a0 95c005a0 
00008cf0: 968005a0 978005a0 96c005a0 97c005a0 
00008d00: 980004a0 990004a0 984004a0 994004a0 
00008d10: 9a0004a0 9b0004a0 9a4004a0 9b4004a0 
00008d20: 988004a0 998004a0 98c004a0 99c004a0 
00008d30: 9a8004a0 9b8004a0 9ac004a0 9bc004a0 
00008d40: 9c0004a0 9d0004a0 9c4004a0 9d4004a0 
00008d50: 9e0004a0 9f0004a0 9e4004a0 9f4004a0 
00008d60: 9c8004a0 9d8004a0 9cc004a0 9dc004a0 
00008d70: 9e8004a0 9f8004a0 9ec004a0 9fc004a0 
00008d80: 980005a0 990005a0 984005a0 994005a0 
00008d90: 9a0005a0 9b0005a0 9a4005a0 9b4005a0 
00008da0: 988005a0 998005a0 98c005a0 99c005a0 
00008db0: 9a8005a0 9b8005a0 9ac005a0 9bc005a0 
00008dc0: 9c0005a0 9d0005a0 9c4005a0 9d4005a0 
00008dd0: 9e0005a0 9f0005a0 9e4005a0 9f4005a0 
00008de0: 9c8005a0 9d8005a0 9cc005a0 9dc005a0 
00008df0: 9e8005a0 9f8005a0 9ec005a0 9fc005a0 
00008e00: 900006a0 910006a0 904006a0 914006a0 
00008e10: 920006a0 930006a0 924006a0 934006a0 
00008e20: 908006a0 918006a0 90c006a0 91c006a0 
00008e30: 928006a0 938006a0 92c006a0 93c006a0 
00008e40: 940006a0 950006a0 944006a0 954006a0 
00008e50: 960006a0 970006a0 964006a0 974006a0 
00008e60: 948006a0 958006a0 94c006a0 95c006a0 
00008e70: 968006a0 978006a0 96c006a0 97c006a0 
00008e80: 900007a0 910007a0 904007a0 914007a0 
00008e90: 920007a0 930007a0 924007a0 934007a0 
00008ea0: 908007a0 918007a0 90c007a0 91c007a0 
00008eb0: 928007a0 938007a0 92c007a0 93c007a0 
00008ec0: 940007a0 950007a0 944007a0 954007a0 
00008ed0: 960007a0 970007a0 964007a0 974007a0 
00008ee0: 948007a0 958007a0 94c007a0 95c007a0 
00008ef0: 968007a0 978007a0 96c007a0 97c007a0 
00008f00: 980006a0 990006a0 984006a0 994006a0 
00008f10: 9a0006a0 9b0006a0 9a4006a0 9b4006a0 
00008f20: 988006a0 998006a0 98c006a0 99c006a0 
00008f30: 9a8006a0 9b8006a0 9ac006a0 9bc006a0 
00008f40: 9c0006a0 9d0006a0 9c4006a0 9d4006a0 
00008f50: 9e0006a0 9f0006a0 9e4006a0 9f4006a0 
00008f60: 9c8006a0 9d8006a0 9cc006a0 9dc006a0 
00008f70: 9e8006a0 9f8006a0 9ec006a0 9fc006a0 
00008f80: 980007a0 990007a0 984007a0 994007a0 
00008f90: 9a0007a0 9b0007a0 9a4007a0 9b4007a0 
00008fa0: 988007a0 998007a0 98c007a0 99c007a0 
00008fb0: 9a8007a0 9b8007a0 9ac007a0 9bc007a0 
00008fc0: 9c0007a0 9d0007a0 9c4007a0 9d4007a0 
00008fd0: 9e0007a0 9f0007a0 9e4007a0 9f4007a0 
00008fe0: 9c8007a0 9d8007a0 9cc007a0 9dc007a0 
00008ff0: 9e8007a0 9f8007a0 9ec007a0 9fc007a0 
00009000: a00000a0 a10000a0 a04000a0 a14000a0 
00009010: a20000a0 a30000a0 a24000a0 a34000a0 
00009020: a08000a0 a18000a0 a0c000a0 a1c000a0 
00009030: a28000a0 a38000a0 a2c000a0 a3c000a0 
00009040: a40000a0 a50000a0 a44000a0 a54000a0 
00009050: a60000a0 a70000a0 a64000a0 a74000a0 
00009060: a48000a0 a58000a0 a4c000a0 a5c000a0 
00009070: a68000a0 a78000a0 a6c000a0 a7c000a0 
00009080: a00001a0 a10001a0 a04001a0 a14001a0 
00009090: a20001a0 a30001a0 a24001a0 a34001a0 
000090a0: a08001a0 a18001a0 a0c001a0 a1c001a0 
000090b0: a28001a0 a38001a0 a2c001a0 a3c001a0 
000090c0: a40001a0 a50001a0 a44001a0 a54001a0 
000090d0: a60001a0 a70001a0 a64001a0 a74001a0 
000090e0: a48001a0 a58001a0 a4c001a0 a5c001a0 
000090f0: a68001a0 a78001a0 a6c001a0 a7c001a0 
00009100: a80000a0 a90000a0 a84000a0 a94000a0 
00009110: aa0000a0 ab0000a0 aa4000a0 ab4000a0 
00009120: a88000a0 a98000a0 a8c000a0 a9c000a0 
00009130: aa8000a0 ab8000a0 aac000a0 abc000a0 
00009140: ac0000a0 ad0000a0 ac4000a0 ad4000a0 
00009150: ae0000a0 af0000a0 ae4000a0 af4000a0 
00009160: ac8000a0 ad8000a0 acc000a0 adc000a0 
00009170: ae8000a0 af8000a0 aec000a0 afc000a0 
00009180: a80001a0 a90001a0 a84001a0 a94001a0 
00009190: aa0001a0 ab0001a0 aa4001a0 ab4001a0 
000091a0: a88001a0 a98001a0 a8c001a0 a9c001a0 
000091b0: aa8001a0 ab8001a0 aac001a0 abc001a0 
000091c0: ac0001a0 ad0001a0 ac4001a0 ad4001a0 
000091d0: ae0001a0 af0001a0 ae4001a0 af4001a0 
000091e0: ac8001a0 ad8001a0 acc001a0 adc001a0 
000091f0: ae8001a0 af8001a0 aec001a0 afc001a0 
00009200: a00002a0 a10002a0 a04002a0 a14002a0 
00009210: a20002a0 a30002a0 a24002a0 a34002a0 
00009220: a08002a0 a18002a0 a0c002a0 a1c002a0 
00009230: a28002a0 a38002a0 a2c002a0 a3c002a0 
00009240: a40002a0 a50002a0 a44002a0 a54002a0 
00009250: a60002a0 a70002a0 a64002a0 a74002a0 
00009260: a48002a0 a58002a0 a4c002a0 a5c002a0 
00009270: a68002a0 a78002a0 a6c002a0 a7c002a0 
00009280: a00003a0 a10003a0 a04003a0 a14003a0 
00009290: a20003a0 a30003a0 a24003a0 a34003a0 
000092a0: a08003a0 a18003a0 a0c003a0 a1c003a0 
000092b0: a28003a0 a38003a0 a2c003a0 a3c003a0 
000092c0: a40003a0 a50003a0 a44003a0 a54003a0 
000092d0: a60003a0 a70003a0 a64003a0 a74003a0 
000092e0: a48003a0 a58003a0 a4c003a0 a5c003a0 
000092f0: a68003a0 a78003a0 a6c003a0 a7c003a0 
00009300: a80002a0 a90002a0 a84002a0 a94002a0 
00009310: aa0002a0 ab0002a0 aa4002a0 ab4002a0 
00009320: a88002a0 a98002a0 a8c002a0 a9c002a0 
00009330: aa8002a0 ab8002a0 aac002a0 abc002a0 
00009340: ac0002a0 ad0002a0 ac4002a0 ad4002a0 
00009350: ae0002a0 af0002a0 ae4002a0 af4002a0 
00009360: ac8002a0 ad8002a0 acc002a0 adc002a0 
00009370: ae8002a0 af8002a0 aec002a0 afc002a0 
00009380: a80003a0 a90003a0 a84003a0 a94003a0 
00009390: aa0003a0 ab0003a0 aa4003a0 ab4003a0 
000093a0: a88003a0 a98003a0 a8c003a0 a9c003a0 
000093b0: aa8003a0 ab8003a0 aac003a0 abc003a0 
000093c0: ac0003a0 ad0003a0 ac4003a0 ad4003a0 
000093d0: ae0003a0 af0003a0 ae4003a0 af4003a0 
000093e0: ac8003a0 ad8003a0 acc003a0 adc003a0 
000093f0: ae8003a0 af8003a0 aec003a0 afc003a0 
00009400: b00000a0 b10000a0 b04000a0 b14000a0 
00009410: b20000a0 b30000a0 b24000a0 b34000a0 
00009420: b08000a0 b18000a0 b0c000a0 b1c000a0 
00009430: b28000a0 b38000a0 b2c000a0 b3c000a0 
00009440: b40000a0 b50000a0 b44000a0 b54000a0 
00009450: b60000a0 b70000a0 b64000a0 b74000a0 
00009460: b48000a0 b58000a0 b4c000a0 b5c000a0 
00009470: b68000a0 b78000a0 b6c000a0 b7c000a0 
00009480: b00001a0 b10001a0 b04001a0 b14001a0 
00009490: b20001a0 b30001a0 b24001a0 b34001a0 
000094a0: b08001a0 b18001a0 b0c001a0 b1c001a0 
000094b0: b28001a0 b38001a0 b2c001a0 b3c001a0 
000094c0: b40001a0 b50001a0 b44001a0 b54001a0 
000094d0: b60001a0 b70001a0 b64001a0 b74001a0 
000094e0: b48001a0 b58001a0 b4c001a0 b5c001a0 
000094f0: b68001a0 b78001a0 b6c001a0 b7c001a0 
00009500: b80000a0 b90000a0 b84000a0 b94000a0 
00009510: ba0000a0 bb0000a0 ba4000a0 bb4000a0 
00009520: b88000a0 b98000a0 b8c000a0 b9c000a0 
00009530: ba8000a0 bb8000a0 bac000a0 bbc000a0 
00009540: bc0000a0 bd0000a0 bc4000a0 bd4000a0 
00009550: be0000a0 bf0000a0 be4000a0 bf4000a0 
00009560: bc8000a0 bd8000a0 bcc000a0 bdc000a0 
00009570: be8000a0 bf8000a0 bec000a0 bfc000a0 
00009580: b80001a0 b90001a0 b84001a0 b94001a0 
00009590: ba0001a0 bb0001a0 ba4001a0 bb4001a0 
000095a0: b88001a0 b98001a0 b8c001a0 b9c001a0 
000095b0: ba8001a0 bb8001a0 bac001a0 bbc001a0 
000095c0: bc0001a0 bd0001a0 bc4001a0 bd4001a0 
000095d0: be0001a0 bf0001a0 be4001a0 bf4001a0 
000095e0: bc8001a0 bd8001a0 bcc001a0 bdc001a0 
000095f0: be8001a0 bf8001a0 bec001a0 bfc001a0 
00009600: b00002a0 b10002a0 b04002a0 b14002a0 
00009610: b20002a0 b30002a0 b24002a0 b34002a0 
00009620: b08002a0 b18002a0 b0c002a0 b1c002a0 
00009630: b28002a0 b38002a0 b2c002a0 b3c002a0 
00009640: b40002a0 b50002a0 b44002a0 b54002a0 
00009650: b60002a0 b70002a0 b64002a0 b74002a0 
00009660: b48002a0 b58002a0 b4c002a0 b5c002a0 
00009670: b68002a0 b78002a0 b6c002a0 b7c002a0 
00009680: b00003a0 b10003a0 b04003a0 b14003a0 
00009690: b20003a0 b30003a0 b24003a0 b34003a0 
000096a0: b08003a0 b18003a0 b0c003a0 b1c003a0 
000096b0: b28003a0 b38003a0 b2c003a0 b3c003a0 
000096c0: b40003a0 b50003a0 b44003a0 b54003a0 
000096d0: b60003a0 b70003a0 b64003a0 b74003a0 
000096e0: b48003a0 b58003a0 b4c003a0 b5c003a0 
000096f0: b68003a0 b78003a0 b6c003a0 b7c003a0 
00009700: b80002a0 b90002a0 b84002a0 b94002a0 
00009710: ba0002a0 bb0002a0 ba4002a0 bb4002a0 
00009720: b88002a0 b98002a0 b8c002a0 b9c002a0 
00009730: ba8002a0 bb8002a0 bac002a0 bbc002a0 
00009740: bc0002a0 bd0002a0 bc4002a0 bd4002a0 
00009750: be0002a0 bf0002a0 be4002a0 bf4002a0 
00009760: bc8002a0 bd8002a0 bcc002a0 bdc002a0 
00009770: be8002a0 bf8002a0 bec002a0 bfc002a0 
00009780: b80003a0 b90003a0 b84003a0 b94003a0 
00009790: ba0003a0 bb0003a0 ba4003a0 bb4003a0 
000097a0: b88003a0 b98003a0 b8c003a0 b9c003a0 
000097b0: ba8003a0 bb8003a0 bac003a0 bbc003a0 
000097c0: bc0003a0 bd0003a0 bc4003a0 bd4003a0 
000097d0: be0003a0 bf0003a0 be4003a0 bf4003a0 
000097e0: bc8003a0 bd8003a0 bcc003a0 bdc003a0 
000097f0: be8003a0 bf8003a0 bec003a0 bfc003a0 
00009800: a00004a0 a10004a0 a04004a0 a14004a0 
00009810: a20004a0 a30004a0 a24004a0 a34004a0 
00009820: a08004a0 a18004a0 a0c004a0 a1c004a0 
00009830: a28004a0 a38004a0 a2c004a0 a3c004a0 
00009840: a40004a0 a50004a0 a44004a0 a54004a0 
00009850: a60004a0 a70004a0 a64004a0 a74004a0 
00009860: a48004a0 a58004a0 a4c004a0 a5c004a0 
00009870: a68004a0 a78004a0 a6c004a0 a7c004a0 
00009880: a00005a0 a10005a0 a04005a0 a14005a0 
00009890: a20005a0 a30005a0 a24005a0 a34005a0 
000098a0: a08005a0 a18005a0 a0c005a0 a1c005a0 
000098b0: a28005a0 a38005a0 a2c005a0 a3c005a0 
000098c0: a40005a0 a50005a0 a44005a0 a54005a0 
000098d0: a60005a0 a70005a0 a64005a0 a74005a0 
000098e0: a48005a0 a58005a0 a4c005a0 a5c005a0 
000098f0: a68005a0 a78005a0 a6c005a0 a7c005a0 
00009900: a80004a0 a90004a0 a84004a0 a94004a0 
00009910: aa0004a0 ab0004a0 aa4004a0 ab4004a0 
00009920: a88004a0 a98004a0 a8c004a0 a9c004a0 
00009930: aa8004a0 ab8004a0 aac004a0 abc004a0 
00009940: ac0004a0 ad0004a0 ac4004a0 ad4004a0 
00009950: ae0004a0 af0004a0 ae4004a0 af4004a0 
00009960: ac8004a0 ad8004a0 acc004a0 adc004a0 
00009970: ae8004a0 af8004a0 aec004a0 afc004a0 
00009980: a80005a0 a90005a0 a84005a0 a94005a0 
00009990: aa0005a0 ab0005a0 aa4005a0 ab4005a0 
000099a0: a88005a0 a98005a0 a8c005a0 a9c005a0 
000099b0: aa8005a0 ab8005a0 aac005a0 abc005a0 
000099c0: ac0005a0 ad0005a0 ac4005a0 ad4005a0 
000099d0: ae0005a0 af0005a0 ae4005a0 af4005a0 
000099e0: ac8005a0 ad8005a0 acc005a0 adc005a0 
000099f0: ae8005a0 af8005a0 aec005a0 afc005a0 
00009a00: a00006a0 a10006a0 a04006a0 a14006a0 
00009a10: a20006a0 a30006a0 a24006a0 a34006a0 
00009a20: a08006a0 a18006a0 a0c006a0 a1c006a0 
00009a30: a28006a0 a38006a0 a2c006a0 a3c006a0 
00009a40: a40006a0 a50006a0 a44006a0 a54006a0 
00009a50: a60006a0 a70006a0 a64006a0 a74006a0 
00009a60: a48006a0 a58006a0 a4c006a0 a5c006a0 
00009a70: a68006a0 a78006a0 a6c006a0 a7c006a0 
00009a80: a00007a0 a10007a0 a04007a0 a14007a0 
00009a90: a20007a0 a30007a0 a24007a0 a34007a0 
00009aa0: a08007a0 a18007a0 a0c007a0 a1c007a0 
00009ab0: a28007a0 a38007a0 a2c007a0 a3c007a0 
00009ac0: a40007a0 a50007a0 a44007a0 a54007a0 
00009ad0: a60007a0 a70007a0 a64007a0 a74007a0 
00009ae0: a48007a0 a58007a0 a4c007a0 a5c007a0 
00009af0: a68007a0 a78007a0 a6c007a0 a7c007a0 
00009b00: a80006a0 a90006a0 a84006a0 a94006a0 
00009b10: aa0006a0 ab0006a0 aa4006a0 ab4006a0 
00009b20: a88006a0 a98006a0 a8c006a0 a9c006a0 
00009b30: aa8006a0 ab8006a0 aac006a0 abc006a0 
00009b40: ac0006a0 ad0006a0 ac4006a0 ad4006a0 
00009b50: ae0006a0 af0006a0 ae4006a0 af4006a0 
00009b60: ac8006a0 ad8006a0 acc006a0 adc006a0 
00009b70: ae8006a0 af8006a0 aec006a0 afc006a0 
00009b80: a80007a0 a90007a0 a84007a0 a94007a0 
00009b90: aa0007a0 ab0007a0 aa4007a0 ab4007a0 
00009ba0: a88007a0 a98007a0 a8c007a0 a9c007a0 
00009bb0: aa8007a0 ab8007a0 aac007a0 abc007a0 
00009bc0: ac0007a0 ad0007a0 ac4007a0 ad4007a0 
00009bd0: ae0007a0 af0007a0 ae4007a0 af4007a0 
00009be0: ac8007a0 ad8007a0 acc007a0 adc007a0 
00009bf0: ae8007a0 af8007a0 aec007a0 afc007a0 
00009c00: b00004a0 b10004a0 b04004a0 b14004a0 
00009c10: b20004a0 b30004a0 b24004a0 b34004a0 
00009c20: b08004a0 b18004a0 b0c004a0 b1c004a0 
00009c30: b28004a0 b38004a0 b2c004a0 b3c004a0 
00009c40: b40004a0 b50004a0 b44004a0 b54004a0 
00009c50: b60004a0 b70004a0 b64004a0 b74004a0 
00009c60: b48004a0 b58004a0 b4c004a0 b5c004a0 
00009c70: b68004a0 b78004a0 b6c004a0 b7c004a0 
00009c80: b00005a0 b10005a0 b04005a0 b14005a0 
00009c90: b20005a0 b30005a0 b24005a0 b34005a0 
00009ca0: b08005a0 b18005a0 b0c005a0 b1c005a0 
00009cb0: b28005a0 b38005a0 b2c005a0 b3c005a0 
00009cc0: b40005a0 b50005a0 b44005a0 b54005a0 
00009cd0: b60005a0 b70005a0 b64005a0 b74005a0 
00009ce0: b48005a0 b58005a0 b4c005a0 b5c005a0 
00009cf0: b68005a0 b78005a0 b6c005a0 b7c005a0 
00009d00: b80004a0 b90004a0 b84004a0 b94004a0 
00009d10: ba0004a0 bb0004a0 ba4004a0 bb4004a0 
00009d20: b88004a0 b98004a0 b8c004a0 b9c004a0 
00009d30: ba8004a0 bb8004a0 bac004a0 bbc004a0 
00009d40: bc0004a0 bd0004a0 bc4004a0 bd4004a0 
00009d50: be0004a0 bf0004a0 be4004a0 bf4004a0 
00009d60: bc8004a0 bd8004a0 bcc004a0 bdc004a0 
00009d70: be8004a0 bf8004a0 bec004a0 bfc004a0 
00009d80: b80005a0 b90005a0 b84005a0 b94005a0 
00009d90: ba0005a0 bb0005a0 ba4005a0 bb4005a0 
00009da0: b88005a0 b98005a0 b8c005a0 b9c005a0 
00009db0: ba8005a0 bb8005a0 bac005a0 bbc005a0 
00009dc0: bc0005a0 bd0005a0 bc4005a0 bd4005a0 
00009dd0: be0005a0 bf0005a0 be4005a0 bf4005a0 
00009de0: bc8005a0 bd8005a0 bcc005a0 bdc005a0 
00009df0: be8005a0 bf8005a0 bec005a0 bfc005a0 
00009e00: b00006a0 b10006a0 b04006a0 b14006a0 
00009e10: b20006a0 b30006a0 b24006a0 b34006a0 
00009e20: b08006a0 b18006a0 b0c006a0 b1c006a0 
00009e30: b28006a0 b38006a0 b2c006a0 b3c006a0 
00009e40: b40006a0 b50006a0 b44006a0 b54006a0 
00009e50: b60006a0 b70006a0 b64006a0 b74006a0 
00009e60: b48006a0 b58006a0 b4c006a0 b5c006a0 
00009e70: b68006a0 b78006a0 b6c006a0 b7c006a0 
00009e80: b00007a0 b10007a0 b04007a0 b14007a0 
00009e90: b20007a0 b30007a0 b24007a0 b34007a0 
00009ea0: b08007a0 b18007a0 b0c007a0 b1c007a0 
00009eb0: b28007a0 b38007a0 b2c007a0 b3c007a0 
00009ec0: b40007a0 b50007a0 b44007a0 b54007a0 
00009ed0: b60007a0 b70007a0 b64007a0 b74007a0 
00009ee0: b48007a0 b58007a0 b4c007a0 b5c007a0 
00009ef0: b68007a0 b78007a0 b6c007a0 b7c007a0 
00009f00: b80006a0 b90006a0 b84006a0 b94006a0 
00009f10: ba0006a0 bb0006a0 ba4006a0 bb4006a0 
00009f20: b88006a0 b98006a0 b8c006a0 b9c006a0 
00009f30: ba8006a0 bb8006a0 bac006a0 bbc006a0 
00009f40: bc0006a0 bd0006a0 bc4006a0 bd4006a0 
00009f50: be0006a0 bf0006a0 be4006a0 bf4006a0 
00009f60: bc8006a0 bd8006a0 bcc006a0 bdc006a0 
00009f70: be8006a0 bf8006a0 bec006a0 bfc006a0 
00009f80: b80007a0 b90007a0 b84007a0 b94007a0 
00009f90: ba0007a0 bb0007a0 ba4007a0 bb4007a0 
00009fa0: b88007a0 b98007a0 b8c007a0 b9c007a0 
00009fb0: ba8007a0 bb8007a0 bac007a0 bbc007a0 
00009fc0: bc0007a0 bd0007a0 bc4007a0 bd4007a0 
00009fd0: be0007a0 bf0007a0 be4007a0 bf4007a0 
00009fe0: bc8007a0 bd8007a0 bcc007a0 bdc007a0 
00009ff0: be8007a0 bf8007a0 bec007a0 bfc007a0 
0000a000: 800008a0 810008a0 804008a0 814008a0 
0000a010: 820008a0 830008a0 824008a0 834008a0 
0000a020: 808008a0 818008a0 80c008a0 81c008a0 
0000a030: 828008a0 838008a0 82c008a0 83c008a0 
0000a040: 840008a0 850008a0 844008a0 854008a0 
0000a050: 860008a0 870008a0 864008a0 874008a0 
0000a060: 848008a0 858008a0 84c008a0 85c008a0 
0000a070: 868008a0 878008a0 86c008a0 87c008a0 
0000a080: 800009a0 810009a0 804009a0 814009a0 
0000a090: 820009a0 830009a0 824009a0 834009a0 
0000a0a0: 808009a0 818009a0 80c009a0 81c009a0 
0000a0b0: 828009a0 838009a0 82c009a0 83c009a0 
0000a0c0: 840009a0 850009a0 844009a0 854009a0 
0000a0d0: 860009a0 870009a0 864009a0 874009a0 
0000a0e0: 848009a0 858009a0 84c009a0 85c009a0 
0000a0f0: 868009a0 878009a0 86c009a0 87c009a0 
0000a100: 880008a0 890008a0 884008a0 894008a0 
0000a110: 8a0008a0 8b0008a0 8a4008a0 8b4008a0 
0000a120: 888008a0 898008a0 88c008a0 89c008a0 
0000a130: 8a8008a0 8b8008a0 8ac008a0 8bc008a0 
0000a140: 8c0008a0 8d0008a0 8c4008a0 8d4008a0 
0000a150: 8e0008a0 8f0008a0 8e4008a0 8f4008a0 
0000a160: 8c8008a0 8d8008a0 8cc008a0 8dc008a0 
0000a170: 8e8008a0 8f8008a0 8ec008a0 8fc008a0 
0000a180: 880009a0 890009a0 884009a0 894009a0 
0000a190: 8a0009a0 8b0009a0 8a4009a0 8b4009a0 
0000a1a0: 888009a0 898009a0 88c009a0 89c009a0 
0000a1b0: 8a8009a0 8b8009a0 8ac009a0 8bc009a0 
0000a1c0: 8c0009a0 8d0009a0 8c4009a0 8d4009a0 
0000a1d0: 8e0009a0 8f0009a0 8e4009a0 8f4009a0 
0000a1e0: 8c8009a0 8d8009a0 8cc009a0 8dc009a0 
0000a1f0: 8e8009a0 8f8009a0 8ec009a0 8fc009a0 
0000a200: 80000aa0 81000aa0 80400aa0 81400aa0 
0000a210: 82000aa0 83000aa0 82400aa0 83400aa0 
0000a220: 80800aa0 81800aa0 80c00aa0 81c00aa0 
0000a230: 82800aa0 83800aa0 82c00aa0 83c00aa0 
0000a240: 84000aa0 85000aa0 84400aa0 85400aa0 
0000a250: 86000aa0 87000aa0 86400aa0 87400aa0 
0000a260: 84800aa0 85800aa0 84c00aa0 85c00aa0 
0000a270: 86800aa0 87800aa0 86c00aa0 87c00aa0 
0000a280: 80000ba0 81000ba0 80400ba0 81400ba0 
0000a290: 82000ba0 83000ba0 82400ba0 83400ba0 
0000a2a0: 80800ba0 81800ba0 80c00ba0 81c00ba0 
0000a2b0: 82800ba0 83800ba0 82c00ba0 83c00ba0 
0000a2c0: 84000ba0 85000ba0 84400ba0 85400ba0 
0000a2d0: 86000ba0 87000ba0 86400ba0 87400ba0 
0000a2e0: 84800ba0 85800ba0 84c00ba0 85c00ba0 
0000a2f0: 86800ba0 87800ba0 86c00ba0 87c00ba0 
0000a300: 88000aa0 89000aa0 88400aa0 89400aa0 
0000a310: 8a000aa0 8b000aa0 8a400aa0 8b400aa0 
0000a320: 88800aa0 89800aa0 88c00aa0 89c00aa0 
0000a330: 8a800aa0 8b800aa0 8ac00aa0 8bc00aa0 
0000a340: 8c000aa0 8d000aa0 8c400aa0 8d400aa0 
0000a350: 8e000aa0 8f000aa0 8e400aa0 8f400aa0 
0000a360: 8c800aa0 8d800aa0 8cc00aa0 8dc00aa0 
0000a370: 8e800aa0 8f800aa0 8ec00aa0 8fc00aa0 
0000a380: 88000ba0 89000ba0 88400ba0 89400ba0 
0000a390: 8a000ba0 8b000ba0 8a400ba0 8b400ba0 
0000a3a0: 88800ba0 89800ba0 88c00ba0 89c00ba0 
0000a3b0: 8a800ba0 8b800ba0 8ac00ba0 8bc00ba0 
0000a3c0: 8c000ba0 8d000ba0 8c400ba0 8d400ba0 
0000a3d0: 8e000ba0 8f000ba0 8e400ba0 8f400ba0 
0000a3e0: 8c800ba0 8d800ba0 8cc00ba0 8dc00ba0 
0000a3f0: 8e800ba0 8f800ba0 8ec00ba0 8fc00ba0 
0000a400: 900008a0 910008a0 904008a0 914008a0 
0000a410: 920008a0 930008a0 924008a0 934008a0 
0000a420: 908008a0 918008a0 90c008a0 91c008a0 
0000a430: 928008a0 938008a0 92c008a0 93c008a0 
0000a440: 940008a0 950008a0 944008a0 954008a0 
0000a450: 960008a0 970008a0 964008a0 974008a0 
0000a460: 948008a0 958008a0 94c008a0 95c008a0 
0000a470: 968008a0 978008a0 96c008a0 97c008a0 
0000a480: 900009a0 910009a0 904009a0 914009a0 
0000a490: 920009a0 930009a0 924009a0 934009a0 
0000a4a0: 908009a0 918009a0 90c009a0 91c009a0 
0000a4b0: 928009a0 938009a0 92c009a0 93c009a0 
0000a4c0: 940009a0 950009a0 944009a0 954009a0 
0000a4d0: 960009a0 970009a0 964009a0 974009a0 
0000a4e0: 948009a0 958009a0 94c009a0 95c009a0 
0000a4f0: 968009a0 978009a0 96c009a0 97c009a0 
0000a500: 980008a0 990008a0 984008a0 994008a0 
0000a510: 9a0008a0 9b0008a0 9a4008a0 9b4008a0 
0000a520: 988008a0 998008a0 98c008a0 99c008a0 
0000a530: 9a8008a0 9b8008a0 9ac008a0 9bc008a0 
0000a540: 9c0008a0 9d0008a0 9c4008a0 9d4008a0 
0000a550: 9e0008a0 9f0008a0 9e4008a0 9f4008a0 
0000a560: 9c8008a0 9d8008a0 9cc008a0 9dc008a0 
0000a570: 9e8008a0 9f8008a0 9ec008a0 9fc008a0 
0000a580: 980009a0 990009a0 984009a0 994009a0 
0000a590: 9a0009a0 9b0009a0 9a4009a0 9b4009a0 
0000a5a0: 988009a0 998009a0 98c009a0 99c009a0 
0000a5b0: 9a8009a0 9b8009a0 9ac009a0 9bc009a0 
0000a5c0: 9c0009a0 9d0009a0 9c4009a0 9d4009a0 
0000a5d0: 9e0009a0 9f0009a0 9e4009a0 9f4009a0 
0000a5e0: 9c8009a0 9d8009a0 9cc009a0 9dc009a0 
0000a5f0: 9e8009a0 9f8009a0 9ec009a0 9fc009a0 
0000a600: 90000aa0 91000aa0 90400aa0 91400aa0 
0000a610: 92000aa0 93000aa0 92400aa0 93400aa0 
0000a620: 90800aa0 91800aa0 90c00aa0 91c00aa0 
0000a630: 92800aa0 93800aa0 92c00aa0 93c00aa0 
0000a640: 94000aa0 95000aa0 94400aa0 95400aa0 
0000a650: 96000aa0 97000aa0 96400aa0 97400aa0 
0000a660: 94800aa0 95800aa0 94c00aa0 95c00aa0 
0000a670: 96800aa0 97800aa0 96c00aa0 97c00aa0 
0000a680: 90000ba0 91000ba0 90400ba0 91400ba0 
0000a690: 92000ba0 93000ba0 92400ba0 93400ba0 
0000a6a0: 90800ba0 91800ba0 90c00ba0 91c00ba0 
0000a6b0: 92800ba0 93800ba0 92c00ba0 93c00ba0 
0000a6c0: 94000ba0 95000ba0 94400ba0 95400ba0 
0000a6d0: 96000ba0 97000ba0 96400ba0 97400ba0 
0000a6e0: 94800ba0 95800ba0 94c00ba0 95c00ba0 
0000a6f0: 96800ba0 97800ba0 96c00ba0 97c00ba0 
0000a700: 98000aa0 99000aa0 98400aa0 99400aa0 
0000a710: 9a000aa0 9b000aa0 9a400aa0 9b400aa0 
0000a720: 98800aa0 99800aa0 98c00aa0 99c00aa0 
0000a730: 9a800aa0 9b800aa0 9ac00aa0 9bc00aa0 
0000a740: 9c000aa0 9d000aa0 9c400aa0 9d400aa0 
0000a750: 9e000aa0 9f000aa0 9e400aa0 9f400aa0 
0000a760: 9c800aa0 9d800aa0 9cc00aa0 9dc00aa0 
0000a770: 9e800aa0 9f800aa0 9ec00aa0 9fc00aa0 
0000a780: 98000ba0 99000ba0 98400ba0 99400ba0 
0000a790: 9a000ba0 9b000ba0 9a400ba0 9b400ba0 
0000a7a0: 98800ba0 99800ba0 98c00ba0 99c00ba0 
0000a7b0: 9a800ba0 9b800ba0 9ac00ba0 9bc00ba0 
0000a7c0: 9c000ba0 9d000ba0 9c400ba0 9d400ba0 
0000a7d0: 9e000ba0 9f000ba0 9e400ba0 9f400ba0 
0000a7e0: 9c800ba0 9d800ba0 9cc00ba0 9dc00ba0 
0000a7f0: 9e800ba0 9f800ba0 9ec00ba0 9fc00ba0 
0000a800: 80000ca0 81000ca0 80400ca0 81400ca0 
0000a810: 82000ca0 83000ca0 82400ca0 83400ca0 
0000a820: 80800ca0 81800ca0 80c00ca0 81c00ca0 
0000a830: 82800ca0 83800ca0 82c00ca0 83c00ca0 
0000a840: 84000ca0 85000ca0 84400ca0 85400ca0 
0000a850: 86000ca0 87000ca0 86400ca0 87400ca0 
0000a860: 84800ca0 85800ca0 84c00ca0 85c00ca0 
0000a870: 86800ca0 87800ca0 86c00ca0 87c00ca0 
0000a880: 80000da0 81000da0 80400da0 81400da0 
0000a890: 82000da0 83000da0 82400da0 83400da0 
0000a8a0: 80800da0 81800da0 80c00da0 81c00da0 
0000a8b0: 82800da0 83800da0 82c00da0 83c00da0 
0000a8c0: 84000da0 85000da0 84400da0 85400da0 
0000a8d0: 86000da0 87000da0 86400da0 87400da0 
0000a8e0: 84800da0 85800da0 84c00da0 85c00da0 
0000a8f0: 86800da0 87800da0 86c00da0 87c00da0 
0000a900: 88000ca0 89000ca0 88400ca0 89400ca0 
0000a910: 8a000ca0 8b000ca0 8a400ca0 8b400ca0 
0000a920: 88800ca0 89800ca0 88c00ca0 89c00ca0 
0000a930: 8a800ca0 8b800ca0 8ac00ca0 8bc00ca0 
0000a940: 8c000ca0 8d000ca0 8c400ca0 8d400ca0 
0000a950: 8e000ca0 8f000ca0 8e400ca0 8f400ca0 
0000a960: 8c800ca0 8d800ca0 8cc00ca0 8dc00ca0 
0000a970: 8e800ca0 8f800ca0 8ec00ca0 8fc00ca0 
0000a980: 88000da0 89000da0 88400da0 89400da0 
0000a990: 8a000da0 8b000da0 8a400da0 8b400da0 
0000a9a0: 88800da0 89800da0 88c00da0 89c00da0 
0000a9b0: 8a800da0 8b800da0 8ac00da0 8bc00da0 
0000a9c0: 8c000da0 8d000da0 8c400da0 8d400da0 
0000a9d0: 8e000da0 8f000da0 8e400da0 8f400da0 
0000a9e0: 8c800da0 8d800da0 8cc00da0 8dc00da0 
0000a9f0: 8e800da0 8f800da0 8ec00da0 8fc00da0 
0000aa00: 80000ea0 81000ea0 80400ea0 81400ea0 
0000aa10: 82000ea0 83000ea0 82400ea0 83400ea0 
0000aa20: 80800ea0 81800ea0 80c00ea0 81c00ea0 
0000aa30: 82800ea0 83800ea0 82c00ea0 83c00ea0 
0000aa40: 84000ea0 85000ea0 84400ea0 85400ea0 
0000aa50: 86000ea0 87000ea0 86400ea0 87400ea0 
0000aa60: 84800ea0 85800ea0 84c00ea0 85c00ea0 
0000aa70: 86800ea0 87800ea0 86c00ea0 87c00ea0 
0000aa80: 80000fa0 81000fa0 80400fa0 81400fa0 
0000aa90: 82000fa0 83000fa0 82400fa0 83400fa0 
0000aaa0: 80800fa0 81800fa0 80c00fa0 81c00fa0 
0000aab0: 82800fa0 83800fa0 82c00fa0 83c00fa0 
0000aac0: 84000fa0 85000fa0 84400fa0 85400fa0 
0000aad0: 86000fa0 87000fa0 86400fa0 87400fa0 
0000aae0: 84800fa0 85800fa0 84c00fa0 85c00fa0 
0000aaf0: 86800fa0 87800fa0 86c00fa0 87c00fa0 
0000ab00: 88000ea0 89000ea0 88400ea0 89400ea0 
0000ab10: 8a000ea0 8b000ea0 8a400ea0 8b400ea0 
0000ab20: 88800ea0 89800ea0 88c00ea0 89c00ea0 
0000ab30: 8a800ea0 8b800ea0 8ac00ea0 8bc00ea0 
0000ab40: 8c000ea0 8d000ea0 8c400ea0 8d400ea0 
0000ab50: 8e000ea0 8f000ea0 8e400ea0 8f400ea0 
0000ab60: 8c800ea0 8d800ea0 8cc00ea0 8dc00ea0 
0000ab70: 8e800ea0 8f800ea0 8ec00ea0 8fc00ea0 
0000ab80: 88000fa0 89000fa0 88400fa0 89400fa0 
0000ab90: 8a000fa0 8b000fa0 8a400fa0 8b400fa0 
0000aba0: 88800fa0 89800fa0 88c00fa0 89c00fa0 
0000abb0: 8a800fa0 8b800fa0 8ac00fa0 8bc00fa0 
0000abc0: 8c000fa0 8d000fa0 8c400fa0 8d400fa0 
0000abd0: 8e000fa0 8f000fa0 8e400fa0 8f400fa0 
0000abe0: 8c800fa0 8d800fa0 8cc00fa0 8dc00fa0 
0000abf0: 8e800fa0 8f800fa0 8ec00fa0 8fc00fa0 
0000ac00: 90000ca0 91000ca0 90400ca0 91400ca0 
0000ac10: 92000ca0 93000ca0 92400ca0 93400ca0 
0000ac20: 90800ca0 91800ca0 90c00ca0 91c00ca0 
0000ac30: 92800ca0 93800ca0 92c00ca0 93c00ca0 
0000ac40: 94000ca0 95000ca0 94400ca0 95400ca0 
0000ac50: 96000ca0 97000ca0 96400ca0 97400ca0 
0000ac60: 94800ca0 95800ca0 94c00ca0 95c00ca0 
0000ac70: 96800ca0 97800ca0 96c00ca0 97c00ca0 
0000ac80: 90000da0 91000da0 90400da0 91400da0 
0000ac90: 92000da0 93000da0 92400da0 93400da0 
0000aca0: 90800da0 91800da0 90c00da0 91c00da0 
0000acb0: 92800da0 93800da0 92c00da0 93c00da0 
0000acc0: 94000da0 95000da0 94400da0 95400da0 
0000acd0: 96000da0 97000da0 96400da0 97400da0 
0000ace0: 94800da0 95800da0 94c00da0 95c00da0 
0000acf0: 96800da0 97800da0 96c00da0 97c00da0 
0000ad00: 98000ca0 99000ca0 98400ca0 99400ca0 
0000ad10: 9a000ca0 9b000ca0 9a400ca0 9b400ca0 
0000ad20: 98800ca0 99800ca0 98c00ca0 99c00ca0 
0000ad30: 9a800ca0 9b800ca0 9ac00ca0 9bc00ca0 
0000ad40: 9c000ca0 9d000ca0 9c400ca0 9d400ca0 
0000ad50: 9e000ca0 9f000ca0 9e400ca0 9f400ca0 
0000ad60: 9c800ca0 9d800ca0 9cc00ca0 9dc00ca0 
0000ad70: 9e800ca0 9f800ca0 9ec00ca0 9fc00ca0 
0000ad80: 98000da0 99000da0 98400da0 99400da0 
0000ad90: 9a000da0 9b000da0 9a400da0 9b400da0 
0000ada0: 98800da0 99800da0 98c00da0 99c00da0 
0000adb0: 9a800da0 9b800da0 9ac00da0 9bc00da0 
0000adc0: 9c000da0 9d000da0 9c400da0 9d400da0 
0000add0: 9e000da0 9f000da0 9e400da0 9f400da0 
0000ade0: 9c800da0 9d800da0 9cc00da0 9dc00da0 
0000adf0: 9e800da0 9f800da0 9ec00da0 9fc00da0 
0000ae00: 90000ea0 91000ea0 90400ea0 91400ea0 
0000ae10: 92000ea0 93000ea0 92400ea0 93400ea0 
0000ae20: 90800ea0 91800ea0 90c00ea0 91c00ea0 
0000ae30: 92800ea0 93800ea0 92c00ea0 93c00ea0 
0000ae40: 94000ea0 95000ea0 94400ea0 95400ea0 
0000ae50: 96000ea0 97000ea0 96400ea0 97400ea0 
0000ae60: 94800ea0 95800ea0 94c00ea0 95c00ea0 
0000ae70: 96800ea0 97800ea0 96c00ea0 97c00ea0 
0000ae80: 90000fa0 91000fa0 90400fa0 91400fa0 
0000ae90: 92000fa0 93000fa0 92400fa0 93400fa0 
0000aea0: 90800fa0 91800fa0 90c00fa0 91c00fa0 
0000aeb0: 92800fa0 93800fa0 92c00fa0 93c00fa0 
0000aec0: 94000fa0 95000fa0 94400fa0 95400fa0 
0000aed0: 96000fa0 97000fa0 96400fa0 97400fa0 
0000aee0: 94800fa0 95800fa0 94c00fa0 95c00fa0 
0000aef0: 96800fa0 97800fa0 96c00fa0 97c00fa0 
0000af00: 98000ea0 99000ea0 98400ea0 99400ea0 
0000af10: 9a000ea0 9b000ea0 9a400ea0 9b400ea0 
0000af20: 98800ea0 99800ea0 98c00ea0 99c00ea0 
0000af30: 9a800ea0 9b800ea0 9ac00ea0 9bc00ea0 
0000af40: 9c000ea0 9d000ea0 9c400ea0 9d400ea0 
0000af50: 9e000ea0 9f000ea0 9e400ea0 9f400ea0 
0000af60: 9c800ea0 9d800ea0 9cc00ea0 9dc00ea0 
0000af70: 9e800ea0 9f800ea0 9ec00ea0 9fc00ea0 
0000af80: 98000fa0 99000fa0 98400fa0 99400fa0 
0000af90: 9a000fa0 9b000fa0 9a400fa0 9b400fa0 
0000afa0: 98800fa0 99800fa0 98c00fa0 99c00fa0 
0000afb0: 9a800fa0 9b800fa0 9ac00fa0 9bc00fa0 
0000afc0: 9c000fa0 9d000fa0 9c400fa0 9d400fa0 
0000afd0: 9e000fa0 9f000fa0 9e400fa0 9f400fa0 
0000afe0: 9c800fa0 9d800fa0 9cc00fa0 9dc00fa0 
0000aff0: 9e800fa0 9f800fa0 9ec00fa0 9fc00fa0 
0000b000: a00008a0 a10008a0 a04008a0 a14008a0 
0000b010: a20008a0 a30008a0 a24008a0 a34008a0 
0000b020: a08008a0 a18008a0 a0c008a0 a1c008a0 
0000b030: a28008a0 a38008a0 a2c008a0 a3c008a0 
0000b040: a40008a0 a50008a0 a44008a0 a54008a0 
0000b050: a60008a0 a70008a0 a64008a0 a74008a0 
0000b060: a48008a0 a58008a0 a4c008a0 a5c008a0 
0000b070: a68008a0 a78008a0 a6c008a0 a7c008a0 
0000b080: a00009a0 a10009a0 a04009a0 a14009a0 
0000b090: a20009a0 a30009a0 a24009a0 a34009a0 
0000b0a0: a08009a0 a18009a0 a0c009a0 a1c009a0 
0000b0b0: a28009a0 a38009a0 a2c009a0 a3c009a0 
0000b0c0: a40009a0 a50009a0 a44009a0 a54009a0 
0000b0d0: a60009a0 a70009a0 a64009a0 a74009a0 
0000b0e0: a48009a0 a58009a0 a4c009a0 a5c009a0 
0000b0f0: a68009a0 a78009a0 a6c009a0 a7c009a0 
0000b100: a80008a0 a90008a0 a84008a0 a94008a0 
0000b110: aa0008a0 ab0008a0 aa4008a0 ab4008a0 
0000b120: a88008a0 a98008a0 a8c008a0 a9c008a0 
0000b130: aa8008a0 ab8008a0 aac008a0 abc008a0 
0000b140: ac0008a0 ad0008a0 ac4008a0 ad4008a0 
0000b150: ae0008a0 af0008a0 ae4008a0 af4008a0 
0000b160: ac8008a0 ad8008a0 acc008a0 adc008a0 
0000b170: ae8008a0 af8008a0 aec008a0 afc008a0 
0000b180: a80009a0 a90009a0 a84009a0 a94009a0 
0000b190: aa0009a0 ab0009a0 aa4009a0 ab4009a0 
0000b1a0: a88009a0 a98009a0 a8c009a0 a9c009a0 
0000b1b0: aa8009a0 ab8009a0 aac009a0 abc009a0 
0000b1c0: ac0009a0 ad0009a0 ac4009a0 ad4009a0 
0000b1d0: ae0009a0 af0009a0 ae4009a0 af4009a0 
0000b1e0: ac8009a0 ad8009a0 acc009a0 adc009a0 
0000b1f0: ae8009a0 af8009a0 aec009a0 afc009a0 
0000b200: a0000aa0 a1000aa0 a0400aa0 a1400aa0 
0000b210: a2000aa0 a3000aa0 a2400aa0 a3400aa0 
0000b220: a0800aa0 a1800aa0 a0c00aa0 a1c00aa0 
0000b230: a2800aa0 a3800aa0 a2c00aa0 a3c00aa0 
0000b240: a4000aa0 a5000aa0 a4400aa0 a5400aa0 
0000b250: a6000aa0 a7000aa0 a6400aa0 a7400aa0 
0000b260: a4800aa0 a5800aa0 a4c00aa0 a5c00aa0 
0000b270: a6800aa0 a7800aa0 a6c00aa0 a7c00aa0 
0000b280: a0000ba0 a1000ba0 a0400ba0 a1400ba0 
0000b290: a2000ba0 a3000ba0 a2400ba0 a3400ba0 
0000b2a0: a0800ba0 a1800ba0 a0c00ba0 a1c00ba0 
0000b2b0: a2800ba0 a3800ba0 a2c00ba0 a3c00ba0 
0000b2c0: a4000ba0 a5000ba0 a4400ba0 a5400ba0 
0000b2d0: a6000ba0 a7000ba0 a6400ba0 a7400ba0 
0000b2e0: a4800ba0 a5800ba0 a4c00ba0 a5c00ba0 
0000b2f0: a6800ba0 a7800ba0 a6c00ba0 a7c00ba0 
0000b300: a8000aa0 a9000aa0 a8400aa0 a9400aa0 
0000b310: aa000aa0 ab000aa0 aa400aa0 ab400aa0 
0000b320: a8800aa0 a9800aa0 a8c00aa0 a9c00aa0 
0000b330: aa800aa0 ab800aa0 aac00aa0 abc00aa0 
0000b340: ac000aa0 ad000aa0 ac400aa0 ad400aa0 
0000b350: ae000aa0 af000aa0 ae400aa0 af400aa0 
0000b360: ac800aa0 ad800aa0 acc00aa0 adc00aa0 
0000b370: ae800aa0 af800aa0 aec00aa0 afc00aa0 
0000b380: a8000ba0 a9000ba0 a8400ba0 a9400ba0 
0000b390: aa000ba0 ab000ba0 aa400ba0 ab400ba0 
0000b3a0: a8800ba0 a9800ba0 a8c00ba0 a9c00ba0 
0000b3b0: aa800ba0 ab800ba0 aac00ba0 abc00ba0 
0000b3c0: ac000ba0 ad000ba0 ac400ba0 ad400ba0 
0000b3d0: ae000ba0 af000ba0 ae400ba0 af400ba0 
0000b3e0: ac800ba0 ad800ba0 acc00ba0 adc00ba0 
0000b3f0: ae800ba0 af800ba0 aec00ba0 afc00ba0 
0000b400: b00008a0 b10008a0 b04008a0 b14008a0 
0000b410: b20008a0 b30008a0 b24008a0 b34008a0 
0000b420: b08008a0 b18008a0 b0c008a0 b1c008a0 
0000b430: b28008a0 b38008a0 b2c008a0 b3c008a0 
0000b440: b40008a0 b50008a0 b44008a0 b54008a0 
0000b450: b60008a0 b70008a0 b64008a0 b74008a0 
0000b460: b48008a0 b58008a0 b4c008a0 b5c008a0 
0000b470: b68008a0 b78008a0 b6c008a0 b7c008a0 
0000b480: b00009a0 b10009a0 b04009a0 b14009a0 
0000b490: b20009a0 b30009a0 b24009a0 b34009a0 
0000b4a0: b08009a0 b18009a0 b0c009a0 b1c009a0 
0000b4b0: b28009a0 b38009a0 b2c009a0 b3c009a0 
0000b4c0: b40009a0 b50009a0 b44009a0 b54009a0 
0000b4d0: b60009a0 b70009a0 b64009a0 b74009a0 
0000b4e0: b48009a0 b58009a0 b4c009a0 b5c009a0 
0000b4f0: b68009a0 b78009a0 b6c009a0 b7c009a0 
0000b500: b80008a0 b90008a0 b84008a0 b94008a0 
0000b510: ba0008a0 bb0008a0 ba4008a0 bb4008a0 
0000b520: b88008a0 b98008a0 b8c008a0 b9c008a0 
0000b530: ba8008a0 bb8008a0 bac008a0 bbc008a0 
0000b540: bc0008a0 bd0008a0 bc4008a0 bd4008a0 
0000b550: be0008a0 bf0008a0 be4008a0 bf4008a0 
0000b560: bc8008a0 bd8008a0 bcc008a0 bdc008a0 
0000b570: be8008a0 bf8008a0 bec008a0 bfc008a0 
0000b580: b80009a0 b90009a0 b84009a0 b94009a0 
0000b590: ba0009a0 bb0009a0 ba4009a0 bb4009a0 
0000b5a0: b88009a0 b98009a0 b8c009a0 b9c009a0 
0000b5b0: ba8009a0 bb8009a0 bac009a0 bbc009a0 
0000b5c0: bc0009a0 bd0009a0 bc4009a0 bd4009a0 
0000b5d0: be0009a0 bf0009a0 be4009a0 bf4009a0 
0000b5e0: bc8009a0 bd8009a0 bcc009a0 bdc009a0 
0000b5f0: be8009a0 bf8009a0 bec009a0 bfc009a0 
0000b600: b0000aa0 b1000aa0 b0400aa0 b1400aa0 
0000b610: b2000aa0 b3000aa0 b2400aa0 b3400aa0 
0000b620: b0800aa0 b1800aa0 b0c00aa0 b1c00aa0 
0000b630: b2800aa0 b3800aa0 b2c00aa0 b3c00aa0 
0000b640: b4000aa0 b5000aa0 b4400aa0 b5400aa0 
0000b650: b6000aa0 b7000aa0 b6400aa0 b7400aa0 
0000b660: b4800aa0 b5800aa0 b4c00aa0 b5c00aa0 
0000b670: b6800aa0 b7800aa0 b6c00aa0 b7c00aa0 
0000b680: b0000ba0 b1000ba0 b0400ba0 b1400ba0 
0000b690: b2000ba0 b3000ba0 b2400ba0 b3400ba0 
0000b6a0: b0800ba0 b1800ba0 b0c00ba0 b1c00ba0 
0000b6b0: b2800ba0 b3800ba0 b2c00ba0 b3c00ba0 
0000b6c0: b4000ba0 b5000ba0 b4400ba0 b5400ba0 
0000b6d0: b6000ba0 b7000ba0 b6400ba0 b7400ba0 
0000b6e0: b4800ba0 b5800ba0 b4c00ba0 b5c00ba0 
0000b6f0: b6800ba0 b7800ba0 b6c00ba0 b7c00ba0 
0000b700: b8000aa0 b9000aa0 b8400aa0 b9400aa0 
0000b710: ba000aa0 bb000aa0 ba400aa0 bb400aa0 
0000b720: b8800aa0 b9800aa0 b8c00aa0 b9c00aa0 
0000b730: ba800aa0 bb800aa0 bac00aa0 bbc00aa0 
0000b740: bc000aa0 bd000aa0 bc400aa0 bd400aa0 
0000b750: be000aa0 bf000aa0 be400aa0 bf400aa0 
0000b760: bc800aa0 bd800aa0 bcc00aa0 bdc00aa0 
0000b770: be800aa0 bf800aa0 bec00aa0 bfc00aa0 
0000b780: b8000ba0 b9000ba0 b8400ba0 b9400ba0 
0000b790: ba000ba0 bb000ba0 ba400ba0 bb400ba0 
0000b7a0: b8800ba0 b9800ba0 b8c00ba0 b9c00ba0 
0000b7b0: ba800ba0 bb800ba0 bac00ba0 bbc00ba0 
0000b7c0: bc000ba0 bd000ba0 bc400ba0 bd400ba0 
0000b7d0: be000ba0 bf000ba0 be400ba0 bf400ba0 
0000b7e0: bc800ba0 bd800ba0 bcc00ba0 bdc00ba0 
0000b7f0: be800ba0 bf800ba0 bec00ba0 bfc00ba0 
0000b800: a0000ca0 a1000ca0 a0400ca0 a1400ca0 
0000b810: a2000ca0 a3000ca0 a2400ca0 a3400ca0 
0000b820: a0800ca0 a1800ca0 a0c00ca0 a1c00ca0 
0000b830: a2800ca0 a3800ca0 a2c00ca0 a3c00ca0 
0000b840: a4000ca0 a5000ca0 a4400ca0 a5400ca0 
0000b850: a6000ca0 a7000ca0 a6400ca0 a7400ca0 
0000b860: a4800ca0 a5800ca0 a4c00ca0 a5c00ca0 
0000b870: a6800ca0 a7800ca0 a6c00ca0 a7c00ca0 
0000b880: a0000da0 a1000da0 a0400da0 a1400da0 
0000b890: a2000da0 a3000da0 a2400da0 a3400da0 
0000b8a0: a0800da0 a1800da0 a0c00da0 a1c00da0 
0000b8b0: a2800da0 a3800da0 a2c00da0 a3c00da0 
0000b8c0: a4000da0 a5000da0 a4400da0 a5400da0 
0000b8d0: a6000da0 a7000da0 a6400da0 a7400da0 
0000b8e0: a4800da0 a5800da0 a4c00da0 a5c00da0 
0000b8f0: a6800da0 a7800da0 a6c00da0 a7c00da0 
0000b900: a8000ca0 a9000ca0 a8400ca0 a9400ca0 
0000b910: aa000ca0 ab000ca0 aa400ca0 ab400ca0 
0000b920: a8800ca0 a9800ca0 a8c00ca0 a9c00ca0 
0000b930: aa800ca0 ab800ca0 aac00ca0 abc00ca0 
0000b940: ac000ca0 ad000ca0 ac400ca0 ad400ca0 
0000b950: ae000ca0 af000ca0 ae400ca0 af400ca0 
0000b960: ac800ca0 ad800ca0 acc00ca0 adc00ca0 
0000b970: ae800ca0 af800ca0 aec00ca0 afc00ca0 
0000b980: a8000da0 a9000da0 a8400da0 a9400da0 
0000b990: aa000da0 ab000da0 aa400da0 ab400da0 
0000b9a0: a8800da0 a9800da0 a8c00da0 a9c00da0 
0000b9b0: aa800da0 ab800da0 aac00da0 abc00da0 
0000b9c0: ac000da0 ad000da0 ac400da0 ad400da0 
0000b9d0: ae000da0 af000da0 ae400da0 af400da0 
0000b9e0: ac800da0 ad800da0 acc00da0 adc00da0 
0000b9f0: ae800da0 af800da0 aec00da0 afc00da0 
0000ba00: a0000ea0 a1000ea0 a0400ea0 a1400ea0 
0000ba10: a2000ea0 a3000ea0 a2400ea0 a3400ea0 
0000ba20: a0800ea0 a1800ea0 a0c00ea0 a1c00ea0 
0000ba30: a2800ea0 a3800ea0 a2c00ea0 a3c00ea0 
0000ba40: a4000ea0 a5000ea0 a4400ea0 a5400ea0 
0000ba50: a6000ea0 a7000ea0 a6400ea0 a7400ea0 
0000ba60: a4800ea0 a5800ea0 a4c00ea0 a5c00ea0 
0000ba70: a6800ea0 a7800ea0 a6c00ea0 a7c00ea0 
0000ba80: a0000fa0 a1000fa0 a0400fa0 a1400fa0 
0000ba90: a2000fa0 a3000fa0 a2400fa0 a3400fa0 
0000baa0: a0800fa0 a1800fa0 a0c00fa0 a1c00fa0 
0000bab0: a2800fa0 a3800fa0 a2c00fa0 a3c00fa0 
0000bac0: a4000fa0 a5000fa0 a4400fa0 a5400fa0 
0000bad0: a6000fa0 a7000fa0 a6400fa0 a7400fa0 
0000bae0: a4800fa0 a5800fa0 a4c00fa0 a5c00fa0 
0000baf0: a6800fa0 a7800fa0 a6c00fa0 a7c00fa0 
0000bb00: a8000ea0 a9000ea0 a8400ea0 a9400ea0 
0000bb10: aa000ea0 ab000ea0 aa400ea0 ab400ea0 
0000bb20: a8800ea0 a9800ea0 a8c00ea0 a9c00ea0 
0000bb30: aa800ea0 ab800ea0 aac00ea0 abc00ea0 
0000bb40: ac000ea0 ad000ea0 ac400ea0 ad400ea0 
0000bb50: ae000ea0 af000ea0 ae400ea0 af400ea0 
0000bb60: ac800ea0 ad800ea0 acc00ea0 adc00ea0 
0000bb70: ae800ea0 af800ea0 aec00ea0 afc00ea0 
0000bb80: a8000fa0 a9000fa0 a8400fa0 a9400fa0 
0000bb90: aa000fa0 ab000fa0 aa400fa0 ab400fa0 
0000bba0: a8800fa0 a9800fa0 a8c00fa0 a9c00fa0 
0000bbb0: aa800fa0 ab800fa0 aac00fa0 abc00fa0 
0000bbc0: ac000fa0 ad000fa0 ac400fa0 ad400fa0 
0000bbd0: ae000fa0 af000fa0 ae400fa0 af400fa0 
0000bbe0: ac800fa0 ad800fa0 acc00fa0 adc00fa0 
0000bbf0: ae800fa0 af800fa0 aec00fa0 afc00fa0 
0000bc00: b0000ca0 b1000ca0 b0400ca0 b1400ca0 
0000bc10: b2000ca0 b3000ca0 b2400ca0 b3400ca0 
0000bc20: b0800ca0 b1800ca0 b0c00ca0 b1c00ca0 
0000bc30: b2800ca0 b3800ca0 b2c00ca0 b3c00ca0 
0000bc40: b4000ca0 b5000ca0 b4400ca0 b5400ca0 
0000bc50: b6000ca0 b7000ca0 b6400ca0 b7400ca0 
0000bc60: b4800ca0 b5800ca0 b4c00ca0 b5c00ca0 
0000bc70: b6800ca0 b7800ca0 b6c00ca0 b7c00ca0 
0000bc80: b0000da0 b1000da0 b0400da0 b1400da0 
0000bc90: b2000da0 b3000da0 b2400da0 b3400da0 
0000bca0: b0800da0 b1800da0 b0c00da0 b1c00da0 
0000bcb0: b2800da0 b3800da0 b2c00da0 b3c00da0 
0000bcc0: b4000da0 b5000da0 b4400da0 b5400da0 
0000bcd0: b6000da0 b7000da0 b6400da0 b7400da0 
0000bce0: b4800da0 b5800da0 b4c00da0 b5c00da0 
0000bcf0: b6800da0 b7800da0 b6c00da0 b7c00da0 
0000bd00: b8000ca0 b9000ca0 b8400ca0 b9400ca0 
0000bd10: ba000ca0 bb000ca0 ba400ca0 bb400ca0 
0000bd20: b8800ca0 b9800ca0 b8c00ca0 b9c00ca0 
0000bd30: ba800ca0 bb800ca0 bac00ca0 bbc00ca0 
0000bd40: bc000ca0 bd000ca0 bc400ca0 bd400ca0 
0000bd50: be000ca0 bf000ca0 be400ca0 bf400ca0 
0000bd60: bc800ca0 bd800ca0 bcc00ca0 bdc00ca0 
0000bd70: be800ca0 bf800ca0 bec00ca0 bfc00ca0 
0000bd80: b8000da0 b9000da0 b8400da0 b9400da0 
0000bd90: ba000da0 bb000da0 ba400da0 bb400da0 
0000bda0: b8800da0 b9800da0 b8c00da0 b9c00da0 
0000bdb0: ba800da0 bb800da0 bac00da0 bbc00da0 
0000bdc0: bc000da0 bd000da0 bc400da0 bd400da0 
0000bdd0: be000da0 bf000da0 be400da0 bf400da0 
0000bde0: bc800da0 bd800da0 bcc00da0 bdc00da0 
0000bdf0: be800da0 bf800da0 bec00da0 bfc00da0 
0000be00: b0000ea0 b1000ea0 b0400ea0 b1400ea0 
0000be10: b2000ea0 b3000ea0 b2400ea0 b3400ea0 
0000be20: b0800ea0 b1800ea0 b0c00ea0 b1c00ea0 
0000be30: b2800ea0 b3800ea0 b2c00ea0 b3c00ea0 
0000be40: b4000ea0 b5000ea0 b4400ea0 b5400ea0 
0000be50: b6000ea0 b7000ea0 b6400ea0 b7400ea0 
0000be60: b4800ea0 b5800ea0 b4c00ea0 b5c00ea0 
0000be70: b6800ea0 b7800ea0 b6c00ea0 b7c00ea0 
0000be80: b0000fa0 b1000fa0 b0400fa0 b1400fa0 
0000be90: b2000fa0 b3000fa0 b2400fa0 b3400fa0 
0000bea0: b0800fa0 b1800fa0 b0c00fa0 b1c00fa0 
0000beb0: b2800fa0 b3800fa0 b2c00fa0 b3c00fa0 
0000bec0: b4000fa0 b5000fa0 b4400fa0 b5400fa0 
0000bed0: b6000fa0 b7000fa0 b6400fa0 b7400fa0 
0000bee0: b4800fa0 b5800fa0 b4c00fa0 b5c00fa0 
0000bef0: b6800fa0 b7800fa0 b6c00fa0 b7c00fa0 
0000bf00: b8000ea0 b9000ea0 b8400ea0 b9400ea0 
0000bf10: ba000ea0 bb000ea0 ba400ea0 bb400ea0 
0000bf20: b8800ea0 b9800ea0 b8c00ea0 b9c00ea0 
0000bf30: ba800ea0 bb800ea0 bac00ea0 bbc00ea0 
0000bf40: bc000ea0 bd000ea0 bc400ea0 bd400ea0 
0000bf50: be000ea0 bf000ea0 be400ea0 bf400ea0 
0000bf60: bc800ea0 bd800ea0 bcc00ea0 bdc00ea0 
0000bf70: be800ea0 bf800ea0 bec00ea0 bfc00ea0 
0000bf80: b8000fa0 b9000fa0 b8400fa0 b9400fa0 
0000bf90: ba000fa0 bb000fa0 ba400fa0 bb400fa0 
0000bfa0: b8800fa0 b9800fa0 b8c00fa0 b9c00fa0 
0000bfb0: ba800fa0 bb800fa0 bac00fa0 bbc00fa0 
0000bfc0: bc000fa0 bd000fa0 bc400fa0 bd400fa0 
0000bfd0: be000fa0 bf000fa0 be400fa0 bf400fa0 
0000bfe0: bc800fa0 bd800fa0 bcc00fa0 bdc00fa0 
0000bff0: be800fa0 bf800fa0 bec00fa0 bfc00fa0 
0000c000: c00000a0 c10000a0 c04000a0 c14000a0 
0000c010: c20000a0 c30000a0 c24000a0 c34000a0 
0000c020: c08000a0 c18000a0 c0c000a0 c1c000a0 
0000c030: c28000a0 c38000a0 c2c000a0 c3c000a0 
0000c040: c40000a0 c50000a0 c44000a0 c54000a0 
0000c050: c60000a0 c70000a0 c64000a0 c74000a0 
0000c060: c48000a0 c58000a0 c4c000a0 c5c000a0 
0000c070: c68000a0 c78000a0 c6c000a0 c7c000a0 
0000c080: c00001a0 c10001a0 c04001a0 c14001a0 
0000c090: c20001a0 c30001a0 c24001a0 c34001a0 
0000c0a0: c08001a0 c18001a0 c0c001a0 c1c001a0 
0000c0b0: c28001a0 c38001a0 c2c001a0 c3c001a0 
0000c0c0: c40001a0 c50001a0 c44001a0 c54001a0 
0000c0d0: c60001a0 c70001a0 c64001a0 c74001a0 
0000c0e0: c48001a0 c58001a0 c4c001a0 c5c001a0 
0000c0f0: c68001a0 c78001a0 c6c001a0 c7c001a0 
0000c100: c80000a0 c90000a0 c84000a0 c94000a0 
0000c110: ca0000a0 cb0000a0 ca4000a0 cb4000a0 
0000c120: c88000a0 c98000a0 c8c000a0 c9c000a0 
0000c130: ca8000a0 cb8000a0 cac000a0 cbc000a0 
0000c140: cc0000a0 cd0000a0 cc4000a0 cd4000a0 
0000c150: ce0000a0 cf0000a0 ce4000a0 cf4000a0 
0000c160: cc8000a0 cd8000a0 ccc000a0 cdc000a0 
0000c170: ce8000a0 cf8000a0 cec000a0 cfc000a0 
0000c180: c80001a0 c90001a0 c84001a0 c94001a0 
0000c190: ca0001a0 cb0001a0 ca4001a0 cb4001a0 
0000c1a0: c88001a0 c98001a0 c8c001a0 c9c001a0 
0000c1b0: ca8001a0 cb8001a0 cac001a0 cbc001a0 
0000c1c0: cc0001a0 cd0001a0 cc4001a0 cd4001a0 
0000c1d0: ce0001a0 cf0001a0 ce4001a0 cf4001a0 
0000c1e0: cc8001a0 cd8001a0 ccc001a0 cdc001a0 
0000c1f0: ce8001a0 cf8001a0 cec001a0 cfc001a0 
0000c200: c00002a0 c10002a0 c04002a0 c14002a0 
0000c210: c20002a0 c30002a0 c24002a0 c34002a0 
0000c220: c08002a0 c18002a0 c0c002a0 c1c002a0 
0000c230: c28002a0 c38002a0 c2c002a0 c3c002a0 
0000c240: c40002a0 c50002a0 c44002a0 c54002a0 
0000c250: c60002a0 c70002a0 c64002a0 c74002a0 
0000c260: c48002a0 c58002a0 c4c002a0 c5c002a0 
0000c270: c68002a0 c78002a0 c6c002a0 c7c002a0 
0000c280: c00003a0 c10003a0 c04003a0 c14003a0 
0000c290: c20003a0 c30003a0 c24003a0 c34003a0 
0000c2a0: c08003a0 c18003a0 c0c003a0 c1c003a0 
0000c2b0: c28003a0 c38003a0 c2c003a0 c3c003a0 
0000c2c0: c40003a0 c50003a0 c44003a0 c54003a0 
0000c2d0: c60003a0 c70003a0 c64003a0 c74003a0 
0000c2e0: c48003a0 c58003a0 c4c003a0 c5c003a0 
0000c2f0: c68003a0 c78003a0 c6c003a0 c7c003a0 
0000c300: c80002a0 c90002a0 c84002a0 c94002a0 
0000c310: ca0002a0 cb0002a0 ca4002a0 cb4002a0 
0000c320: c88002a0 c98002a0 c8c002a0 c9c002a0 
0000c330: ca8002a0 cb8002a0 cac002a0 cbc002a0 
0000c340: cc0002a0 cd0002a0 cc4002a0 cd4002a0 
0000c350: ce0002a0 cf0002a0 ce4002a0 cf4002a0 
0000c360: cc8002a0 cd8002a0 ccc002a0 cdc002a0 
0000c370: ce8002a0 cf8002a0 cec002a0 cfc002a0 
0000c380: c80003a0 c90003a0 c84003a0 c94003a0 
0000c390: ca0003a0 cb0003a0 ca4003a0 cb4003a0 
0000c3a0: c88003a0 c98003a0 c8c003a0 c9c003a0 
0000c3b0: ca8003a0 cb8003a0 cac003a0 cbc003a0 
0000c3c0: cc0003a0 cd0003a0 cc4003a0 cd4003a0 
0000c3d0: ce0003a0 cf0003a0 ce4003a0 cf4003a0 
0000c3e0: cc8003a0 cd8003a0 ccc003a0 cdc003a0 
0000c3f0: ce8003a0 cf8003a0 cec003a0 cfc003a0 
0000c400: d00000a0 d10000a0 d04000a0 d14000a0 
0000c410: d20000a0 d30000a0 d24000a0 d34000a0 
0000c420: d08000a0 d18000a0 d0c000a0 d1c000a0 
0000c430: d28000a0 d38000a0 d2c000a0 d3c000a0 
0000c440: d40000a0 d50000a0 d44000a0 d54000a0 
0000c450: d60000a0 d70000a0 d64000a0 d74000a0 
0000c460: d48000a0 d58000a0 d4c000a0 d5c000a0 
0000c470: d68000a0 d78000a0 d6c000a0 d7c000a0 
0000c480: d00001a0 d10001a0 d04001a0 d14001a0 
0000c490: d20001a0 d30001a0 d24001a0 d34001a0 
0000c4a0: d08001a0 d18001a0 d0c001a0 d1c001a0 
0000c4b0: d28001a0 d38001a0 d2c001a0 d3c001a0 
0000c4c0: d40001a0 d50001a0 d44001a0 d54001a0 
0000c4d0: d60001a0 d70001a0 d64001a0 d74001a0 
0000c4e0: d48001a0 d58001a0 d4c001a0 d5c001a0 
0000c4f0: d68001a0 d78001a0 d6c001a0 d7c001a0 
0000c500: d80000a0 d90000a0 d84000a0 d94000a0 
0000c510: da0000a0 db0000a0 da4000a0 db4000a0 
0000c520: d88000a0 d98000a0 d8c000a0 d9c000a0 
0000c530: da8000a0 db8000a0 dac000a0 dbc000a0 
0000c540: dc0000a0 dd0000a0 dc4000a0 dd4000a0 
0000c550: de0000a0 df0000a0 de4000a0 df4000a0 
0000c560: dc8000a0 dd8000a0 dcc000a0 ddc000a0 
0000c570: de8000a0 df8000a0 dec000a0 dfc000a0 
0000c580: d80001a0 d90001a0 d84001a0 d94001a0 
0000c590: da0001a0 db0001a0 da4001a0 db4001a0 
0000c5a0: d88001a0 d98001a0 d8c001a0 d9c001a0 
0000c5b0: da8001a0 db8001a0 dac001a0 dbc001a0 
0000c5c0: dc0001a0 dd0001a0 dc4001a0 dd4001a0 
0000c5d0: de0001a0 df0001a0 de4001a0 df4001a0 
0000c5e0: dc8001a0 dd8001a0 dcc001a0 ddc001a0 
0000c5f0: de8001a0 df8001a0 dec001a0 dfc001a0 
0000c600: d00002a0 d10002a0 d04002a0 d14002a0 
0000c610: d20002a0 d30002a0 d24002a0 d34002a0 
0000c620: d08002a0 d18002a0 d0c002a0 d1c002a0 
0000c630: d28002a0 d38002a0 d2c002a0 d3c002a0 
0000c640: d40002a0 d50002a0 d44002a0 d54002a0 
0000c650: d60002a0 d70002a0 d64002a0 d74002a0 
0000c660: d48002a0 d58002a0 d4c002a0 d5c002a0 
0000c670: d68002a0 d78002a0 d6c002a0 d7c002a0 
0000c680: d00003a0 d10003a0 d04003a0 d14003a0 
0000c690: d20003a0 d30003a0 d24003a0 d34003a0 
0000c6a0: d08003a0 d18003a0 d0c003a0 d1c003a0 
0000c6b0: d28003a0 d38003a0 d2c003a0 d3c003a0 
0000c6c0: d40003a0 d50003a0 d44003a0 d54003a0 
0000c6d0: d60003a0 d70003a0 d64003a0 d74003a0 
0000c6e0: d48003a0 d58003a0 d4c003a0 d5c003a0 
0000c6f0: d68003a0 d78003a0 d6c003a0 d7c003a0 
0000c700: d80002a0 d90002a0 d84002a0 d94002a0 
0000c710: da0002a0 db0002a0 da4002a0 db4002a0 
0000c720: d88002a0 d98002a0 d8c002a0 d9c002a0 
0000c730: da8002a0 db8002a0 dac002a0 dbc002a0 
0000c740: dc0002a0 dd0002a0 dc4002a0 dd4002a0 
0000c750: de0002a0 df0002a0 de4002a0 df4002a0 
0000c760: dc8002a0 dd8002a0 dcc002a0 ddc002a0 
0000c770: de8002a0 df8002a0 dec002a0 dfc002a0 
0000c780: d80003a0 d90003a0 d84003a0 d94003a0 
0000c790: da0003a0 db0003a0 da4003a0 db4003a0 
0000c7a0: d88003a0 d98003a0 d8c003a0 d9c003a0 
0000c7b0: da8003a0 db8003a0 dac003a0 dbc003a0 
0000c7c0: dc0003a0 dd0003a0 dc4003a0 dd4003a0 
0000c7d0: de0003a0 df0003a0 de4003a0 df4003a0 
0000c7e0: dc8003a0 dd8003a0 dcc003a0 ddc003a0 
0000c7f0: de8003a0 df8003a0 dec003a0 dfc003a0 
0000c800: c00004a0 c10004a0 c04004a0 c14004a0 
0000c810: c20004a0 c30004a0 c24004a0 c34004a0 
0000c820: c08004a0 c18004a0 c0c004a0 c1c004a0 
0000c830: c28004a0 c38004a0 c2c004a0 c3c004a0 
0000c840: c40004a0 c50004a0 c44004a0 c54004a0 
0000c850: c60004a0 c70004a0 c64004a0 c74004a0 
0000c860: c48004a0 c58004a0 c4c004a0 c5c004a0 
0000c870: c68004a0 c78004a0 c6c004a0 c7c004a0 
0000c880: c00005a0 c10005a0 c04005a0 c14005a0 
0000c890: c20005a0 c30005a0 c24005a0 c34005a0 
0000c8a0: c08005a0 c18005a0 c0c005a0 c1c005a0 
0000c8b0: c28005a0 c38005a0 c2c005a0 c3c005a0 
0000c8c0: c40005a0 c50005a0 c44005a0 c54005a0 
0000c8d0: c60005a0 c70005a0 c64005a0 c74005a0 
0000c8e0: c48005a0 c58005a0 c4c005a0 c5c005a0 
0000c8f0: c68005a0 c78005a0 c6c005a0 c7c005a0 
0000c900: c80004a0 c90004a0 c84004a0 c94004a0 
0000c910: ca0004a0 cb0004a0 ca4004a0 cb4004a0 
0000c920: c88004a0 c98004a0 c8c004a0 c9c004a0 
0000c930: ca8004a0 cb8004a0 cac004a0 cbc004a0 
0000c940: cc0004a0 cd0004a0 cc4004a0 cd4004a0 
0000c950: ce0004a0 cf0004a0 ce4004a0 cf4004a0 
0000c960: cc8004a0 cd8004a0 ccc004a0 cdc004a0 
0000c970: ce8004a0 cf8004a0 cec004a0 cfc004a0 
0000c980: c80005a0 c90005a0 c84005a0 c94005a0 
0000c990: ca0005a0 cb0005a0 ca4005a0 cb4005a0 
0000c9a0: c88005a0 c98005a0 c8c005a0 c9c005a0 
0000c9b0: ca8005a0 cb8005a0 cac005a0 cbc005a0 
0000c9c0: cc0005a0 cd0005a0 cc4005a0 cd4005a0 
0000c9d0: ce0005a0 cf0005a0 ce4005a0 cf4005a0 
0000c9e0: cc8005a0 cd8005a0 ccc005a0 cdc005a0 
0000c9f0: ce8005a0 cf8005a0 cec005a0 cfc005a0 
0000ca00: c00006a0 c10006a0 c04006a0 c14006a0 
0000ca10: c20006a0 c30006a0 c24006a0 c34006a0 
0000ca20: c08006a0 c18006a0 c0c006a0 c1c006a0 
0000ca30: c28006a0 c38006a0 c2c006a0 c3c006a0 
0000ca40: c40006a0 c50006a0 c44006a0 c54006a0 
0000ca50: c60006a0 c70006a0 c64006a0 c74006a0 
0000ca60: c48006a0 c58006a0 c4c006a0 c5c006a0 
0000ca70: c68006a0 c78006a0 c6c006a0 c7c006a0 
0000ca80: c00007a0 c10007a0 c04007a0 c14007a0 
0000ca90: c20007a0 c30007a0 c24007a0 c34007a0 
0000caa0: c08007a0 c18007a0 c0c007a0 c1c007a0 
0000cab0: c28007a0 c38007a0 c2c007a0 c3c007a0 
0000cac0: c40007a0 c50007a0 c44007a0 c54007a0 
0000cad0: c60007a0 c70007a0 c64007a0 c74007a0 
0000cae0: c48007a0 c58007a0 c4c007a0 c5c007a0 
0000caf0: c68007a0 c78007a0 c6c007a0 c7c007a0 
0000cb00: c80006a0 c90006a0 c84006a0 c94006a0 
0000cb10: ca0006a0 cb0006a0 ca4006a0 cb4006a0 
0000cb20: c88006a0 c98006a0 c8c006a0 c9c006a0 
0000cb30: ca8006a0 cb8006a0 cac006a0 cbc006a0 
0000cb40: cc0006a0 cd0006a0 cc4006a0 cd4006a0 
0000cb50: ce0006a0 cf0006a0 ce4006a0 cf4006a0 
0000cb60: cc8006a0 cd8006a0 ccc006a0 cdc006a0 
0000cb70: ce8006a0 cf8006a0 cec006a0 cfc006a0 
0000cb80: c80007a0 c90007a0 c84007a0 c94007a0 
0000cb90: ca0007a0 cb0007a0 ca4007a0 cb4007a0 
0000cba0: c88007a0 c98007a0 c8c007a0 c9c007a0 
0000cbb0: ca8007a0 cb8007a0 cac007a0 cbc007a0 
0000cbc0: cc0007a0 cd0007a0 cc4007a0 cd4007a0 
0000cbd0: ce0007a0 cf0007a0 ce4007a0 cf4007a0 
0000cbe0: cc8007a0 cd8007a0 ccc007a0 cdc007a0 
0000cbf0: ce8007a0 cf8007a0 cec007a0 cfc007a0 
0000cc00: d00004a0 d10004a0 d04004a0 d14004a0 
0000cc10: d20004a0 d30004a0 d24004a0 d34004a0 
0000cc20: d08004a0 d18004a0 d0c004a0 d1c004a0 
0000cc30: d28004a0 d38004a0 d2c004a0 d3c004a0 
0000cc40: d40004a0 d50004a0 d44004a0 d54004a0 
0000cc50: d60004a0 d70004a0 d64004a0 d74004a0 
0000cc60: d48004a0 d58004a0 d4c004a0 d5c004a0 
0000cc70: d68004a0 d78004a0 d6c004a0 d7c004a0 
0000cc80: d00005a0 d10005a0 d04005a0 d14005a0 
0000cc90: d20005a0 d30005a0 d24005a0 d34005a0 
0000cca0: d08005a0 d18005a0 d0c005a0 d1c005a0 
0000ccb0: d28005a0 d38005a0 d2c005a0 d3c005a0 
0000ccc0: d40005a0 d50005a0 d44005a0 d54005a0 
0000ccd0: d60005a0 d70005a0 d64005a0 d74005a0 
0000cce0: d48005a0 d58005a0 d4c005a0 d5c005a0 
0000ccf0: d68005a0 d78005a0 d6c005a0 d7c005a0 
0000cd00: d80004a0 d90004a0 d84004a0 d94004a0 
0000cd10: da0004a0 db0004a0 da4004a0 db4004a0 
0000cd20: d88004a0 d98004a0 d8c004a0 d9c004a0 
0000cd30: da8004a0 db8004a0 dac004a0 dbc004a0 
0000cd40: dc0004a0 dd0004a0 dc4004a0 dd4004a0 
0000cd50: de0004a0 df0004a0 de4004a0 df4004a0 
0000cd60: dc8004a0 dd8004a0 dcc004a0 ddc004a0 
0000cd70: de8004a0 df8004a0 dec004a0 dfc004a0 
0000cd80: d80005a0 d90005a0 d84005a0 d94005a0 
0000cd90: da0005a0 db0005a0 da4005a0 db4005a0 
0000cda0: d88005a0 d98005a0 d8c005a0 d9c005a0 
0000cdb0: da8005a0 db8005a0 dac005a0 dbc005a0 
0000cdc0: dc0005a0 dd0005a0 dc4005a0 dd4005a0 
0000cdd0: de0005a0 df0005a0 de4005a0 df4005a0 
0000cde0: dc8005a0 dd8005a0 dcc005a0 ddc005a0 
0000cdf0: de8005a0 df8005a0 dec005a0 dfc005a0 
0000ce00: d00006a0 d10006a0 d04006a0 d14006a0 
0000ce10: d20006a0 d30006a0 d24006a0 d34006a0 
0000ce20: d08006a0 d18006a0 d0c006a0 d1c006a0 
0000ce30: d28006a0 d38006a0 d2c006a0 d3c006a0 
0000ce40: d40006a0 d50006a0 d44006a0 d54006a0 
0000ce50: d60006a0 d70006a0 d64006a0 d74006a0 
0000ce60: d48006a0 d58006a0 d4c006a0 d5c006a0 
0000ce70: d68006a0 d78006a0 d6c006a0 d7c006a0 
0000ce80: d00007a0 d10007a0 d04007a0 d14007a0 
0000ce90: d20007a0 d30007a0 d24007a0 d34007a0 
0000cea0: d08007a0 d18007a0 d0c007a0 d1c007a0 
0000ceb0: d28007a0 d38007a0 d2c007a0 d3c007a0 
0000cec0: d40007a0 d50007a0 d44007a0 d54007a0 
0000ced0: d60007a0 d70007a0 d64007a0 d74007a0 
0000cee0: d48007a0 d58007a0 d4c007a0 d5c007a0 
0000cef0: d68007a0 d78007a0 d6c007a0 d7c007a0 
0000cf00: d80006a0 d90006a0 d84006a0 d94006a0 
0000cf10: da0006a0 db0006a0 da4006a0 db4006a0 
0000cf20: d88006a0 d98006a0 d8c006a0 d9c006a0 
0000cf30: da8006a0 db8006a0 dac006a0 dbc006a0 
0000cf40: dc0006a0 dd0006a0 dc4006a0 dd4006a0 
0000cf50: de0006a0 df0006a0 de4006a0 df4006a0 
0000cf60: dc8006a0 dd8006a0 dcc006a0 ddc006a0 
0000cf70: de8006a0 df8006a0 dec006a0 dfc006a0 
0000cf80: d80007a0 d90007a0 d84007a0 d94007a0 
0000cf90: da0007a0 db0007a0 da4007a0 db4007a0 
0000cfa0: d88007a0 d98007a0 d8c007a0 d9c007a0 
0000cfb0: da8007a0 db8007a0 dac007a0 dbc007a0 
0000cfc0: dc0007a0 dd0007a0 dc4007a0 dd4007a0 
0000cfd0: de0007a0 df0007a0 de4007a0 df4007a0 
0000cfe0: dc8007a0 dd8007a0 dcc007a0 ddc007a0 
0000cff0: de8007a0 df8007a0 dec007a0 dfc007a0 
0000d000: e00000a0 e10000a0 e04000a0 e14000a0 
0000d010: e20000a0 e30000a0 e24000a0 e34000a0 
0000d020: e08000a0 e18000a0 e0c000a0 e1c000a0 
0000d030: e28000a0 e38000a0 e2c000a0 e3c000a0 
0000d040: e40000a0 e50000a0 e44000a0 e54000a0 
0000d050: e60000a0 e70000a0 e64000a0 e74000a0 
0000d060: e48000a0 e58000a0 e4c000a0 e5c000a0 
0000d070: e68000a0 e78000a0 e6c000a0 e7c000a0 
0000d080: e00001a0 e10001a0 e04001a0 e14001a0 
0000d090: e20001a0 e30001a0 e24001a0 e34001a0 
0000d0a0: e08001a0 e18001a0 e0c001a0 e1c001a0 
0000d0b0: e28001a0 e38001a0 e2c001a0 e3c001a0 
0000d0c0: e40001a0 e50001a0 e44001a0 e54001a0 
0000d0d0: e60001a0 e70001a0 e64001a0 e74001a0 
0000d0e0: e48001a0 e58001a0 e4c001a0 e5c001a0 
0000d0f0: e68001a0 e78001a0 e6c001a0 e7c001a0 
0000d100: e80000a0 e90000a0 e84000a0 e94000a0 
0000d110: ea0000a0 eb0000a0 ea4000a0 eb4000a0 
0000d120: e88000a0 e98000a0 e8c000a0 e9c000a0 
0000d130: ea8000a0 eb8000a0 eac000a0 ebc000a0 
0000d140: ec0000a0 ed0000a0 ec4000a0 ed4000a0 
0000d150: ee0000a0 ef0000a0 ee4000a0 ef4000a0 
0000d160: ec8000a0 ed8000a0 ecc000a0 edc000a0 
0000d170: ee8000a0 ef8000a0 eec000a0 efc000a0 
0000d180: e80001a0 e90001a0 e84001a0 e94001a0 
0000d190: ea0001a0 eb0001a0 ea4001a0 eb4001a0 
0000d1a0: e88001a0 e98001a0 e8c001a0 e9c001a0 
0000d1b0: ea8001a0 eb8001a0 eac001a0 ebc001a0 
0000d1c0: ec0001a0 ed0001a0 ec4001a0 ed4001a0 
0000d1d0: ee0001a0 ef0001a0 ee4001a0 ef4001a0 
0000d1e0: ec8001a0 ed8001a0 ecc001a0 edc001a0 
0000d1f0: ee8001a0 ef8001a0 eec001a0 efc001a0 
0000d200: e00002a0 e10002a0 e04002a0 e14002a0 
0000d210: e20002a0 e30002a0 e24002a0 e34002a0 
0000d220: e08002a0 e18002a0 e0c002a0 e1c002a0 
0000d230: e28002a0 e38002a0 e2c002a0 e3c002a0 
0000d240: e40002a0 e50002a0 e44002a0 e54002a0 
0000d250: e60002a0 e70002a0 e64002a0 e74002a0 
0000d260: e48002a0 e58002a0 e4c002a0 e5c002a0 
0000d270: e68002a0 e78002a0 e6c002a0 e7c002a0 
0000d280: e00003a0 e10003a0 e04003a0 e14003a0 
0000d290: e20003a0 e30003a0 e24003a0 e34003a0 
0000d2a0: e08003a0 e18003a0 e0c003a0 e1c003a0 
0000d2b0: e28003a0 e38003a0 e2c003a0 e3c003a0 
0000d2c0: e40003a0 e50003a0 e44003a0 e54003a0 
0000d2d0: e60003a0 e70003a0 e64003a0 e74003a0 
0000d2e0: e48003a0 e58003a0 e4c003a0 e5c003a0 
0000d2f0: e68003a0 e78003a0 e6c003a0 e7c003a0 
0000d300: e80002a0 e90002a0 e84002a0 e94002a0 
0000d310: ea0002a0 eb0002a0 ea4002a0 eb4002a0 
0000d320: e88002a0 e98002a0 e8c002a0 e9c002a0 
0000d330: ea8002a0 eb8002a0 eac002a0 ebc002a0 
0000d340: ec0002a0 ed0002a0 ec4002a0 ed4002a0 
0000d350: ee0002a0 ef0002a0 ee4002a0 ef4002a0 
0000d360: ec8002a0 ed8002a0 ecc002a0 edc002a0 
0000d370: ee8002a0 ef8002a0 eec002a0 efc002a0 
0000d380: e80003a0 e90003a0 e84003a0 e94003a0 
0000d390: ea0003a0 eb0003a0 ea4003a0 eb4003a0 
0000d3a0: e88003a0 e98003a0 e8c003a0 e9c003a0 
0000d3b0: ea8003a0 eb8003a0 eac003a0 ebc003a0 
0000d3c0: ec0003a0 ed0003a0 ec4003a0 ed4003a0 
0000d3d0: ee0003a0 ef0003a0 ee4003a0 ef4003a0 
0000d3e0: ec8003a0 ed8003a0 ecc003a0 edc003a0 
0000d3f0: ee8003a0 ef8003a0 eec003a0 efc003a0 
0000d400: f00000a0 f10000a0 f04000a0 f14000a0 
0000d410: f20000a0 f30000a0 f24000a0 f34000a0 
0000d420: f08000a0 f18000a0 f0c000a0 f1c000a0 
0000d430: f28000a0 f38000a0 f2c000a0 f3c000a0 
0000d440: f40000a0 f50000a0 f44000a0 f54000a0 
0000d450: f60000a0 f70000a0 f64000a0 f74000a0 
0000d460: f48000a0 f58000a0 f4c000a0 f5c000a0 
0000d470: f68000a0 f78000a0 f6c000a0 f7c000a0 
0000d480: f00001a0 f10001a0 f04001a0 f14001a0 
0000d490: f20001a0 f30001a0 f24001a0 f34001a0 
0000d4a0: f08001a0 f18001a0 f0c001a0 f1c001a0 
0000d4b0: f28001a0 f38001a0 f2c001a0 f3c001a0 
0000d4c0: f40001a0 f50001a0 f44001a0 f54001a0 
0000d4d0: f60001a0 f70001a0 f64001a0 f74001a0 
0000d4e0: f48001a0 f58001a0 f4c001a0 f5c001a0 
0000d4f0: f68001a0 f78001a0 f6c001a0 f7c001a0 
0000d500: f80000a0 f90000a0 f84000a0 f94000a0 
0000d510: fa0000a0 fb0000a0 fa4000a0 fb4000a0 
0000d520: f88000a0 f98000a0 f8c000a0 f9c000a0 
0000d530: fa8000a0 fb8000a0 fac000a0 fbc000a0 
0000d540: fc0000a0 fd0000a0 fc4000a0 fd4000a0 
0000d550: fe0000a0 ff0000a0 fe4000a0 ff4000a0 
0000d560: fc8000a0 fd8000a0 fcc000a0 fdc000a0 
0000d570: fe8000a0 ff8000a0 fec000a0 ffc000a0 
0000d580: f80001a0 f90001a0 f84001a0 f94001a0 
0000d590: fa0001a0 fb0001a0 fa4001a0 fb4001a0 
0000d5a0: f88001a0 f98001a0 f8c001a0 f9c001a0 
0000d5b0: fa8001a0 fb8001a0 fac001a0 fbc001a0 
0000d5c0: fc0001a0 fd0001a0 fc4001a0 fd4001a0 
0000d5d0: fe0001a0 ff0001a0 fe4001a0 ff4001a0 
0000d5e0: fc8001a0 fd8001a0 fcc001a0 fdc001a0 
0000d5f0: fe8001a0 ff8001a0 fec001a0 ffc001a0 
0000d600: f00002a0 f10002a0 f04002a0 f14002a0 
0000d610: f20002a0 f30002a0 f24002a0 f34002a0 
0000d620: f08002a0 f18002a0 f0c002a0 f1c002a0 
0000d630: f28002a0 f38002a0 f2c002a0 f3c002a0 
0000d640: f40002a0 f50002a0 f44002a0 f54002a0 
0000d650: f60002a0 f70002a0 f64002a0 f74002a0 
0000d660: f48002a0 f58002a0 f4c002a0 f5c002a0 
0000d670: f68002a0 f78002a0 f6c002a0 f7c002a0 
0000d680: f00003a0 f10003a0 f04003a0 f14003a0 
0000d690: f20003a0 f30003a0 f24003a0 f34003a0 
0000d6a0: f08003a0 f18003a0 f0c003a0 f1c003a0 
0000d6b0: f28003a0 f38003a0 f2c003a0 f3c003a0 
0000d6c0: f40003a0 f50003a0 f44003a0 f54003a0 
0000d6d0: f60003a0 f70003a0 f64003a0 f74003a0 
0000d6e0: f48003a0 f58003a0 f4c003a0 f5c003a0 
0000d6f0: f68003a0 f78003a0 f6c003a0 f7c003a0 
0000d700: f80002a0 f90002a0 f84002a0 f94002a0 
0000d710: fa0002a0 fb0002a0 fa4002a0 fb4002a0 
0000d720: f88002a0 f98002a0 f8c002a0 f9c002a0 
0000d730: fa8002a0 fb8002a0 fac002a0 fbc002a0 
0000d740: fc0002a0 fd0002a0 fc4002a0 fd4002a0 
0000d750: fe0002a0 ff0002a0 fe4002a0 ff4002a0 
0000d760: fc8002a0 fd8002a0 fcc002a0 fdc002a0 
0000d770: fe8002a0 ff8002a0 fec002a0 ffc002a0 
0000d780: f80003a0 f90003a0 f84003a0 f94003a0 
0000d790: fa0003a0 fb0003a0 fa4003a0 fb4003a0 
0000d7a0: f88003a0 f98003a0 f8c003a0 f9c003a0 
0000d7b0: fa8003a0 fb8003a0 fac003a0 fbc003a0 
0000d7c0: fc0003a0 fd0003a0 fc4003a0 fd4003a0 
0000d7d0: fe0003a0 ff0003a0 fe4003a0 ff4003a0 
0000d7e0: fc8003a0 fd8003a0 fcc003a0 fdc003a0 
0000d7f0: fe8003a0 ff8003a0 fec003a0 ffc003a0 
0000d800: e00004a0 e10004a0 e04004a0 e14004a0 
0000d810: e20004a0 e30004a0 e24004a0 e34004a0 
0000d820: e08004a0 e18004a0 e0c004a0 e1c004a0 
0000d830: e28004a0 e38004a0 e2c004a0 e3c004a0 
0000d840: e40004a0 e50004a0 e44004a0 e54004a0 
0000d850: e60004a0 e70004a0 e64004a0 e74004a0 
0000d860: e48004a0 e58004a0 e4c004a0 e5c004a0 
0000d870: e68004a0 e78004a0 e6c004a0 e7c004a0 
0000d880: e00005a0 e10005a0 e04005a0 e14005a0 
0000d890: e20005a0 e30005a0 e24005a0 e34005a0 
0000d8a0: e08005a0 e18005a0 e0c005a0 e1c005a0 
0000d8b0: e28005a0 e38005a0 e2c005a0 e3c005a0 
0000d8c0: e40005a0 e50005a0 e44005a0 e54005a0 
0000d8d0: e60005a0 e70005a0 e64005a0 e74005a0 
0000d8e0: e48005a0 e58005a0 e4c005a0 e5c005a0 
0000d8f0: e68005a0 e78005a0 e6c005a0 e7c005a0 
0000d900: e80004a0 e90004a0 e84004a0 e94004a0 
0000d910: ea0004a0 eb0004a0 ea4004a0 eb4004a0 
0000d920: e88004a0 e98004a0 e8c004a0 e9c004a0 
0000d930: ea8004a0 eb8004a0 eac004a0 ebc004a0 
0000d940: ec0004a0 ed0004a0 ec4004a0 ed4004a0 
0000d950: ee0004a0 ef0004a0 ee4004a0 ef4004a0 
0000d960: ec8004a0 ed8004a0 ecc004a0 edc004a0 
0000d970: ee8004a0 ef8004a0 eec004a0 efc004a0 
0000d980: e80005a0 e90005a0 e84005a0 e94005a0 
0000d990: ea0005a0 eb0005a0 ea4005a0 eb4005a0 
0000d9a0: e88005a0 e98005a0 e8c005a0 e9c005a0 
0000d9b0: ea8005a0 eb8005a0 eac005a0 ebc005a0 
0000d9c0: ec0005a0 ed0005a0 ec4005a0 ed4005a0 
0000d9d0: ee0005a0 ef0005a0 ee4005a0 ef4005a0 
0000d9e0: ec8005a0 ed8005a0 ecc005a0 edc005a0 
0000d9f0: ee8005a0 ef8005a0 eec005a0 efc005a0 
0000da00: e00006a0 e10006a0 e04006a0 e14006a0 
0000da10: e20006a0 e30006a0 e24006a0 e34006a0 
0000da20: e08006a0 e18006a0 e0c006a0 e1c006a0 
0000da30: e28006a0 e38006a0 e2c006a0 e3c006a0 
0000da40: e40006a0 e50006a0 e44006a0 e54006a0 
0000da50: e60006a0 e70006a0 e64006a0 e74006a0 
0000da60: e48006a0 e58006a0 e4c006a0 e5c006a0 
0000da70: e68006a0 e78006a0 e6c006a0 e7c006a0 
0000da80: e00007a0 e10007a0 e04007a0 e14007a0 
0000da90: e20007a0 e30007a0 e24007a0 e34007a0 
0000daa0: e08007a0 e18007a0 e0c007a0 e1c007a0 
0000dab0: e28007a0 e38007a0 e2c007a0 e3c007a0 
0000dac0: e40007a0 e50007a0 e44007a0 e54007a0 
0000dad0: e60007a0 e70007a0 e64007a0 e74007a0 
0000dae0: e48007a0 e58007a0 e4c007a0 e5c007a0 
0000daf0: e68007a0 e78007a0 e6c007a0 e7c007a0 
0000db00: e80006a0 e90006a0 e84006a0 e94006a0 
0000db10: ea0006a0 eb0006a0 ea4006a0 eb4006a0 
0000db20: e88006a0 e98006a0 e8c006a0 e9c006a0 
0000db30: ea8006a0 eb8006a0 eac006a0 ebc006a0 
0000db40: ec0006a0 ed0006a0 ec4006a0 ed4006a0 
0000db50: ee0006a0 ef0006a0 ee4006a0 ef4006a0 
0000db60: ec8006a0 ed8006a0 ecc006a0 edc006a0 
0000db70: ee8006a0 ef8006a0 eec006a0 efc006a0 
0000db80: e80007a0 e90007a0 e84007a0 e94007a0 
0000db90: ea0007a0 eb0007a0 ea4007a0 eb4007a0 
0000dba0: e88007a0 e98007a0 e8c007a0 e9c007a0 
0000dbb0: ea8007a0 eb8007a0 eac007a0 ebc007a0 
0000dbc0: ec0007a0 ed0007a0 ec4007a0 ed4007a0 
0000dbd0: ee0007a0 ef0007a0 ee4007a0 ef4007a0 
0000dbe0: ec8007a0 ed8007a0 ecc007a0 edc007a0 
0000dbf0: ee8007a0 ef8007a0 eec007a0 efc007a0 
0000dc00: f00004a0 f10004a0 f04004a0 f14004a0 
0000dc10: f20004a0 f30004a0 f24004a0 f34004a0 
0000dc20: f08004a0 f18004a0 f0c004a0 f1c004a0 
0000dc30: f28004a0 f38004a0 f2c004a0 f3c004a0 
0000dc40: f40004a0 f50004a0 f44004a0 f54004a0 
0000dc50: f60004a0 f70004a0 f64004a0 f74004a0 
0000dc60: f48004a0 f58004a0 f4c004a0 f5c004a0 
0000dc70: f68004a0 f78004a0 f6c004a0 f7c004a0 
0000dc80: f00005a0 f10005a0 f04005a0 f14005a0 
0000dc90: f20005a0 f30005a0 f24005a0 f34005a0 
0000dca0: f08005a0 f18005a0 f0c005a0 f1c005a0 
0000dcb0: f28005a0 f38005a0 f2c005a0 f3c005a0 
0000dcc0: f40005a0 f50005a0 f44005a0 f54005a0 
0000dcd0: f60005a0 f70005a0 f64005a0 f74005a0 
0000dce0: f48005a0 f58005a0 f4c005a0 f5c005a0 
0000dcf0: f68005a0 f78005a0 f6c005a0 f7c005a0 
0000dd00: f80004a0 f90004a0 f84004a0 f94004a0 
0000dd10: fa0004a0 fb0004a0 fa4004a0 fb4004a0 
0000dd20: f88004a0 f98004a0 f8c004a0 f9c004a0 
0000dd30: fa8004a0 fb8004a0 fac004a0 fbc004a0 
0000dd40: fc0004a0 fd0004a0 fc4004a0 fd4004a0 
0000dd50: fe0004a0 ff0004a0 fe4004a0 ff4004a0 
0000dd60: fc8004a0 fd8004a0 fcc004a0 fdc004a0 
0000dd70: fe8004a0 ff8004a0 fec004a0 ffc004a0 
0000dd80: f80005a0 f90005a0 f84005a0 f94005a0 
0000dd90: fa0005a0 fb0005a0 fa4005a0 fb4005a0 
0000dda0: f88005a0 f98005a0 f8c005a0 f9c005a0 
0000ddb0: fa8005a0 fb8005a0 fac005a0 fbc005a0 
0000ddc0: fc0005a0 fd0005a0 fc4005a0 fd4005a0 
0000ddd0: fe0005a0 ff0005a0 fe4005a0 ff4005a0 
0000dde0: fc8005a0 fd8005a0 fcc005a0 fdc005a0 
0000ddf0: fe8005a0 ff8005a0 fec005a0 ffc005a0 
0000de00: f00006a0 f10006a0 f04006a0 f14006a0 
0000de10: f20006a0 f30006a0 f24006a0 f34006a0 
0000de20: f08006a0 f18006a0 f0c006a0 f1c006a0 
0000de30: f28006a0 f38006a0 f2c006a0 f3c006a0 
0000de40: f40006a0 f50006a0 f44006a0 f54006a0 
0000de50: f60006a0 f70006a0 f64006a0 f74006a0 
0000de60: f48006a0 f58006a0 f4c006a0 f5c006a0 
0000de70: f68006a0 f78006a0 f6c006a0 f7c006a0 
0000de80: f00007a0 f10007a0 f04007a0 f14007a0 
0000de90: f20007a0 f30007a0 f24007a0 f34007a0 
0000dea0: f08007a0 f18007a0 f0c007a0 f1c007a0 
0000deb0: f28007a0 f38007a0 f2c007a0 f3c007a0 
0000dec0: f40007a0 f50007a0 f44007a0 f54007a0 
0000ded0: f60007a0 f70007a0 f64007a0 f74007a0 
0000dee0: f48007a0 f58007a0 f4c007a0 f5c007a0 
0000def0: f68007a0 f78007a0 f6c007a0 f7c007a0 
0000df00: f80006a0 f90006a0 f84006a0 f94006a0 
0000df10: fa0006a0 fb0006a0 fa4006a0 fb4006a0 
0000df20: f88006a0 f98006a0 f8c006a0 f9c006a0 
0000df30: fa8006a0 fb8006a0 fac006a0 fbc006a0 
0000df40: fc0006a0 fd0006a0 fc4006a0 fd4006a0 
0000df50: fe0006a0 ff0006a0 fe4006a0 ff4006a0 
0000df60: fc8006a0 fd8006a0 fcc006a0 fdc006a0 
0000df70: fe8006a0 ff8006a0 fec006a0 ffc006a0 
0000df80: f80007a0 f90007a0 f84007a0 f94007a0 
0000df90: fa0007a0 fb0007a0 fa4007a0 fb4007a0 
0000dfa0: f88007a0 f98007a0 f8c007a0 f9c007a0 
0000dfb0: fa8007a0 fb8007a0 fac007a0 fbc007a0 
0000dfc0: fc0007a0 fd0007a0 fc4007a0 fd4007a0 
0000dfd0: fe0007a0 ff0007a0 fe4007a0 ff4007a0 
0000dfe0: fc8007a0 fd8007a0 fcc007a0 fdc007a0 
0000dff0: fe8007a0 ff8007a0 fec007a0 ffc007a0 
0000e000: c00008a0 c10008a0 c04008a0 c14008a0 
0000e010: c20008a0 c30008a0 c24008a0 c34008a0 
0000e020: c08008a0 c18008a0 c0c008a0 c1c008a0 
0000e030: c28008a0 c38008a0 c2c008a0 c3c008a0 
0000e040: c40008a0 c50008a0 c44008a0 c54008a0 
0000e050: c60008a0 c70008a0 c64008a0 c74008a0 
0000e060: c48008a0 c58008a0 c4c008a0 c5c008a0 
0000e070: c68008a0 c78008a0 c6c008a0 c7c008a0 
0000e080: c00009a0 c10009a0 c04009a0 c14009a0 
0000e090: c20009a0 c30009a0 c24009a0 c34009a0 
0000e0a0: c08009a0 c18009a0 c0c009a0 c1c009a0 
0000e0b0: c28009a0 c38009a0 c2c009a0 c3c009a0 
0000e0c0: c40009a0 c50009a0 c44009a0 c54009a0 
0000e0d0: c60009a0 c70009a0 c64009a0 c74009a0 
0000e0e0: c48009a0 c58009a0 c4c009a0 c5c009a0 
0000e0f0: c68009a0 c78009a0 c6c009a0 c7c009a0 
0000e100: c80008a0 c90008a0 c84008a0 c94008a0 
0000e110: ca0008a0 cb0008a0 ca4008a0 cb4008a0 
0000e120: c88008a0 c98008a0 c8c008a0 c9c008a0 
0000e130: ca8008a0 cb8008a0 cac008a0 cbc008a0 
0000e140: cc0008a0 cd0008a0 cc4008a0 cd4008a0 
0000e150: ce0008a0 cf0008a0 ce4008a0 cf4008a0 
0000e160: cc8008a0 cd8008a0 ccc008a0 cdc008a0 
0000e170: ce8008a0 cf8008a0 cec008a0 cfc008a0 
0000e180: c80009a0 c90009a0 c84009a0 c94009a0 
0000e190: ca0009a0 cb0009a0 ca4009a0 cb4009a0 
0000e1a0: c88009a0 c98009a0 c8c009a0 c9c009a0 
0000e1b0: ca8009a0 cb8009a0 cac009a0 cbc009a0 
0000e1c0: cc0009a0 cd0009a0 cc4009a0 cd4009a0 
0000e1d0: ce0009a0 cf0009a0 ce4009a0 cf4009a0 
0000e1e0: cc8009a0 cd8009a0 ccc009a0 cdc009a0 
0000e1f0: ce8009a0 cf8009a0 cec009a0 cfc009a0 
0000e200: c0000aa0 c1000aa0 c0400aa0 c1400aa0 
0000e210: c2000aa0 c3000aa0 c2400aa0 c3400aa0 
0000e220: c0800aa0 c1800aa0 c0c00aa0 c1c00aa0 
0000e230: c2800aa0 c3800aa0 c2c00aa0 c3c00aa0 
0000e240: c4000aa0 c5000aa0 c4400aa0 c5400aa0 
0000e250: c6000aa0 c7000aa0 c6400aa0 c7400aa0 
0000e260: c4800aa0 c5800aa0 c4c00aa0 c5c00aa0 
0000e270: c6800aa0 c7800aa0 c6c00aa0 c7c00aa0 
0000e280: c0000ba0 c1000ba0 c0400ba0 c1400ba0 
0000e290: c2000ba0 c3000ba0 c2400ba0 c3400ba0 
0000e2a0: c0800ba0 c1800ba0 c0c00ba0 c1c00ba0 
0000e2b0: c2800ba0 c3800ba0 c2c00ba0 c3c00ba0 
0000e2c0: c4000ba0 c5000ba0 c4400ba0 c5400ba0 
0000e2d0: c6000ba0 c7000ba0 c6400ba0 c7400ba0 
0000e2e0: c4800ba0 c5800ba0 c4c00ba0 c5c00ba0 
0000e2f0: c6800ba0 c7800ba0 c6c00ba0 c7c00ba0 
0000e300: c8000aa0 c9000aa0 c8400aa0 c9400aa0 
0000e310: ca000aa0 cb000aa0 ca400aa0 cb400aa0 
0000e320: c8800aa0 c9800aa0 c8c00aa0 c9c00aa0 
0000e330: ca800aa0 cb800aa0 cac00aa0 cbc00aa0 
0000e340: cc000aa0 cd000aa0 cc400aa0 cd400aa0 
0000e350: ce000aa0 cf000aa0 ce400aa0 cf400aa0 
0000e360: cc800aa0 cd800aa0 ccc00aa0 cdc00aa0 
0000e370: ce800aa0 cf800aa0 cec00aa0 cfc00aa0 
0000e380: c8000ba0 c9000ba0 c8400ba0 c9400ba0 
0000e390: ca000ba0 cb000ba0 ca400ba0 cb400ba0 
0000e3a0: c8800ba0 c9800ba0 c8c00ba0 c9c00ba0 
0000e3b0: ca800ba0 cb800ba0 cac00ba0 cbc00ba0 
0000e3c0: cc000ba0 cd000ba0 cc400ba0 cd400ba0 
0000e3d0: ce000ba0 cf000ba0 ce400ba0 cf400ba0 
0000e3e0: cc800ba0 cd800ba0 ccc00ba0 cdc00ba0 
0000e3f0: ce800ba0 cf800ba0 cec00ba0 cfc00ba0 
0000e400: d00008a0 d10008a0 d04008a0 d14008a0 
0000e410: d20008a0 d30008a0 d24008a0 d34008a0 
0000e420: d08008a0 d18008a0 d0c008a0 d1c008a0 
0000e430: d28008a0 d38008a0 d2c008a0 d3c008a0 
0000e440: d40008a0 d50008a0 d44008a0 d54008a0 
0000e450: d60008a0 d70008a0 d64008a0 d74008a0 
0000e460: d48008a0 d58008a0 d4c008a0 d5c008a0 
0000e470: d68008a0 d78008a0 d6c008a0 d7c008a0 
0000e480: d00009a0 d10009a0 d04009a0 d14009a0 
0000e490: d20009a0 d30009a0 d24009a0 d34009a0 
0000e4a0: d08009a0 d18009a0 d0c009a0 d1c009a0 
0000e4b0: d28009a0 d38009a0 d2c009a0 d3c009a0 
0000e4c0: d40009a0 d50009a0 d44009a0 d54009a0 
0000e4d0: d60009a0 d70009a0 d64009a0 d74009a0 
0000e4e0: d48009a0 d58009a0 d4c009a0 d5c009a0 
0000e4f0: d68009a0 d78009a0 d6c009a0 d7c009a0 
0000e500: d80008a0 d90008a0 d84008a0 d94008a0 
0000e510: da0008a0 db0008a0 da4008a0 db4008a0 
0000e520: d88008a0 d98008a0 d8c008a0 d9c008a0 
0000e530: da8008a0 db8008a0 dac008a0 dbc008a0 
0000e540: dc0008a0 dd0008a0 dc4008a0 dd4008a0 
0000e550: de0008a0 df0008a0 de4008a0 df4008a0 
0000e560: dc8008a0 dd8008a0 dcc008a0 ddc008a0 
0000e570: de8008a0 df8008a0 dec008a0 dfc008a0 
0000e580: d80009a0 d90009a0 d84009a0 d94009a0 
0000e590: da0009a0 db0009a0 da4009a0 db4009a0 
0000e5a0: d88009a0 d98009a0 d8c009a0 d9c009a0 
0000e5b0: da8009a0 db8009a0 dac009a0 dbc009a0 
0000e5c0: dc0009a0 dd0009a0 dc4009a0 dd4009a0 
0000e5d0: de0009a0 df0009a0 de4009a0 df4009a0 
0000e5e0: dc8009a0 dd8009a0 dcc009a0 ddc009a0 
0000e5f0: de8009a0 df8009a0 dec009a0 dfc009a0 
0000e600: d0000aa0 d1000aa0 d0400aa0 d1400aa0 
0000e610: d2000aa0 d3000aa0 d2400aa0 d3400aa0 
0000e620: d0800aa0 d1800aa0 d0c00aa0 d1c00aa0 
0000e630: d2800aa0 d3800aa0 d2c00aa0 d3c00aa0 
0000e640: d4000aa0 d5000aa0 d4400aa0 d5400aa0 
0000e650: d6000aa0 d7000aa0 d6400aa0 d7400aa0 
0000e660: d4800aa0 d5800aa0 d4c00aa0 d5c00aa0 
0000e670: d6800aa0 d7800aa0 d6c00aa0 d7c00aa0 
0000e680: d0000ba0 d1000ba0 d0400ba0 d1400ba0 
0000e690: d2000ba0 d3000ba0 d2400ba0 d3400ba0 
0000e6a0: d0800ba0 d1800ba0 d0c00ba0 d1c00ba0 
0000e6b0: d2800ba0 d3800ba0 d2c00ba0 d3c00ba0 
0000e6c0: d4000ba0 d5000ba0 d4400ba0 d5400ba0 
0000e6d0: d6000ba0 d7000ba0 d6400ba0 d7400ba0 
0000e6e0: d4800ba0 d5800ba0 d4c00ba0 d5c00ba0 
0000e6f0: d6800ba0 d7800ba0 d6c00ba0 d7c00ba0 
0000e700: d8000aa0 d9000aa0 d8400aa0 d9400aa0 
0000e710: da000aa0 db000aa0 da400aa0 db400aa0 
0000e720: d8800aa0 d9800aa0 d8c00aa0 d9c00aa0 
0000e730: da800aa0 db800aa0 dac00aa0 dbc00aa0 
0000e740: dc000aa0 dd000aa0 dc400aa0 dd400aa0 
0000e750: de000aa0 df000aa0 de400aa0 df400aa0 
0000e760: dc800aa0 dd800aa0 dcc00aa0 ddc00aa0 
0000e770: de800aa0 df800aa0 dec00aa0 dfc00aa0 
0000e780: d8000ba0 d9000ba0 d8400ba0 d9400ba0 
0000e790: da000ba0 db000ba0 da400ba0 db400ba0 
0000e7a0: d8800ba0 d9800ba0 d8c00ba0 d9c00ba0 
0000e7b0: da800ba0 db800ba0 dac00ba0 dbc00ba0 
0000e7c0: dc000ba0 dd000ba0 dc400ba0 dd400ba0 
0000e7d0: de000ba0 df000ba0 de400ba0 df400ba0 
0000e7e0: dc800ba0 dd800ba0 dcc00ba0 ddc00ba0 
0000e7f0: de800ba0 df800ba0 dec00ba0 dfc00ba0 
0000e800: c0000ca0 c1000ca0 c0400ca0 c1400ca0 
0000e810: c2000ca0 c3000ca0 c2400ca0 c3400ca0 
0000e820: c0800ca0 c1800ca0 c0c00ca0 c1c00ca0 
0000e830: c2800ca0 c3800ca0 c2c00ca0 c3c00ca0 
0000e840: c4000ca0 c5000ca0 c4400ca0 c5400ca0 
0000e850: c6000ca0 c7000ca0 c6400ca0 c7400ca0 
0000e860: c4800ca0 c5800ca0 c4c00ca0 c5c00ca0 
0000e870: c6800ca0 c7800ca0 c6c00ca0 c7c00ca0 
0000e880: c0000da0 c1000da0 c0400da0 c1400da0 
0000e890: c2000da0 c3000da0 c2400da0 c3400da0 
0000e8a0: c0800da0 c1800da0 c0c00da0 c1c00da0 
0000e8b0: c2800da0 c3800da0 c2c00da0 c3c00da0 
0000e8c0: c4000da0 c5000da0 c4400da0 c5400da0 
0000e8d0: c6000da0 c7000da0 c6400da0 c7400da0 
0000e8e0: c4800da0 c5800da0 c4c00da0 c5c00da0 
0000e8f0: c6800da0 c7800da0 c6c00da0 c7c00da0 
0000e900: c8000ca0 c9000ca0 c8400ca0 c9400ca0 
0000e910: ca000ca0 cb000ca0 ca400ca0 cb400ca0 
0000e920: c8800ca0 c9800ca0 c8c00ca0 c9c00ca0 
0000e930: ca800ca0 cb800ca0 cac00ca0 cbc00ca0 
0000e940: cc000ca0 cd000ca0 cc400ca0 cd400ca0 
0000e950: ce000ca0 cf000ca0 ce400ca0 cf400ca0 
0000e960: cc800ca0 cd800ca0 ccc00ca0 cdc00ca0 
0000e970: ce800ca0 cf800ca0 cec00ca0 cfc00ca0 
0000e980: c8000da0 c9000da0 c8400da0 c9400da0 
0000e990: ca000da0 cb000da0 ca400da0 cb400da0 
0000e9a0: c8800da0 c9800da0 c8c00da0 c9c00da0 
0000e9b0: ca800da0 cb800da0 cac00da0 cbc00da0 
0000e9c0: cc000da0 cd000da0 cc400da0 cd400da0 
0000e9d0: ce000da0 cf000da0 ce400da0 cf400da0 
0000e9e0: cc800da0 cd800da0 ccc00da0 cdc00da0 
0000e9f0: ce800da0 cf800da0 cec00da0 cfc00da0 
0000ea00: c0000ea0 c1000ea0 c0400ea0 c1400ea0 
0000ea10: c2000ea0 c3000ea0 c2400ea0 c3400ea0 
0000ea20: c0800ea0 c1800ea0 c0c00ea0 c1c00ea0 
0000ea30: c2800ea0 c3800ea0 c2c00ea0 c3c00ea0 
0000ea40: c4000ea0 c5000ea0 c4400ea0 c5400ea0 
0000ea50: c6000ea0 c7000ea0 c6400ea0 c7400ea0 
0000ea60: c4800ea0 c5800ea0 c4c00ea0 c5c00ea0 
0000ea70: c6800ea0 c7800ea0 c6c00ea0 c7c00ea0 
0000ea80: c0000fa0 c1000fa0 c0400fa0 c1400fa0 
0000ea90: c2000fa0 c3000fa0 c2400fa0 c3400fa0 
0000eaa0: c0800fa0 c1800fa0 c0c00fa0 c1c00fa0 
0000eab0: c2800fa0 c3800fa0 c2c00fa0 c3c00fa0 
0000eac0: c4000fa0 c5000fa0 c4400fa0 c5400fa0 
0000ead0: c6000fa0 c7000fa0 c6400fa0 c7400fa0 
0000eae0: c4800fa0 c5800fa0 c4c00fa0 c5c00fa0 
0000eaf0: c6800fa0 c7800fa0 c6c00fa0 c7c00fa0 
0000eb00: c8000ea0 c9000ea0 c8400ea0 c9400ea0 
0000eb10: ca000ea0 cb000ea0 ca400ea0 cb400ea0 
0000eb20: c8800ea0 c9800ea0 c8c00ea0 c9c00ea0 
0000eb30: ca800ea0 cb800ea0 cac00ea0 cbc00ea0 
0000eb40: cc000ea0 cd000ea0 cc400ea0 cd400ea0 
0000eb50: ce000ea0 cf000ea0 ce400ea0 cf400ea0 
0000eb60: cc800ea0 cd800ea0 ccc00ea0 cdc00ea0 
0000eb70: ce800ea0 cf800ea0 cec00ea0 cfc00ea0 
0000eb80: c8000fa0 c9000fa0 c8400fa0 c9400fa0 
0000eb90: ca000fa0 cb000fa0 ca400fa0 cb400fa0 
0000eba0: c8800fa0 c9800fa0 c8c00fa0 c9c00fa0 
0000ebb0: ca800fa0 cb800fa0 cac00fa0 cbc00fa0 
0000ebc0: cc000fa0 cd000fa0 cc400fa0 cd400fa0 
0000ebd0: ce000fa0 cf000fa0 ce400fa0 cf400fa0 
0000ebe0: cc800fa0 cd800fa0 ccc00fa0 cdc00fa0 
0000ebf0: ce800fa0 cf800fa0 cec00fa0 cfc00fa0 
0000ec00: d0000ca0 d1000ca0 d0400ca0 d1400ca0 
0000ec10: d2000ca0 d3000ca0 d2400ca0 d3400ca0 
0000ec20: d0800ca0 d1800ca0 d0c00ca0 d1c00ca0 
0000ec30: d2800ca0 d3800ca0 d2c00ca0 d3c00ca0 
0000ec40: d4000ca0 d5000ca0 d4400ca0 d5400ca0 
0000ec50: d6000ca0 d7000ca0 d6400ca0 d7400ca0 
0000ec60: d4800ca0 d5800ca0 d4c00ca0 d5c00ca0 
0000ec70: d6800ca0 d7800ca0 d6c00ca0 d7c00ca0 
0000ec80: d0000da0 d1000da0 d0400da0 d1400da0 
0000ec90: d2000da0 d3000da0 d2400da0 d3400da0 
0000eca0: d0800da0 d1800da0 d0c00da0 d1c00da0 
0000ecb0: d2800da0 d3800da0 d2c00da0 d3c00da0 
0000ecc0: d4000da0 d5000da0 d4400da0 d5400da0 
0000ecd0: d6000da0 d7000da0 d6400da0 d7400da0 
0000ece0: d4800da0 d5800da0 d4c00da0 d5c00da0 
0000ecf0: d6800da0 d7800da0 d6c00da0 d7c00da0 
0000ed00: d8000ca0 d9000ca0 d8400ca0 d9400ca0 
0000ed10: da000ca0 db000ca0 da400ca0 db400ca0 
0000ed20: d8800ca0 d9800ca0 d8c00ca0 d9c00ca0 
0000ed30: da800ca0 db800ca0 dac00ca0 dbc00ca0 
0000ed40: dc000ca0 dd000ca0 dc400ca0 dd400ca0 
0000ed50: de000ca0 df000ca0 de400ca0 df400ca0 
0000ed60: dc800ca0 dd800ca0 dcc00ca0 ddc00ca0 
0000ed70: de800ca0 df800ca0 dec00ca0 dfc00ca0 
0000ed80: d8000da0 d9000da0 d8400da0 d9400da0 
0000ed90: da000da0 db000da0 da400da0 db400da0 
0000eda0: d8800da0 d9800da0 d8c00da0 d9c00da0 
0000edb0: da800da0 db800da0 dac00da0 dbc00da0 
0000edc0: dc000da0 dd000da0 dc400da0 dd400da0 
0000edd0: de000da0 df000da0 de400da0 df400da0 
0000ede0: dc800da0 dd800da0 dcc00da0 ddc00da0 
0000edf0: de800da0 df800da0 dec00da0 dfc00da0 
0000ee00: d0000ea0 d1000ea0 d0400ea0 d1400ea0 
0000ee10: d2000ea0 d3000ea0 d2400ea0 d3400ea0 
0000ee20: d0800ea0 d1800ea0 d0c00ea0 d1c00ea0 
0000ee30: d2800ea0 d3800ea0 d2c00ea0 d3c00ea0 
0000ee40: d4000ea0 d5000ea0 d4400ea0 d5400ea0 
0000ee50: d6000ea0 d7000ea0 d6400ea0 d7400ea0 
0000ee60: d4800ea0 d5800ea0 d4c00ea0 d5c00ea0 
0000ee70: d6800ea0 d7800ea0 d6c00ea0 d7c00ea0 
0000ee80: d0000fa0 d1000fa0 d0400fa0 d1400fa0 
0000ee90: d2000fa0 d3000fa0 d2400fa0 d3400fa0 
0000eea0: d0800fa0 d1800fa0 d0c00fa0 d1c00fa0 
0000eeb0: d2800fa0 d3800fa0 d2c00fa0 d3c00fa0 
0000eec0: d4000fa0 d5000fa0 d4400fa0 d5400fa0 
0000eed0: d6000fa0 d7000fa0 d6400fa0 d7400fa0 
0000eee0: d4800fa0 d5800fa0 d4c00fa0 d5c00fa0 
0000eef0: d6800fa0 d7800fa0 d6c00fa0 d7c00fa0 
0000ef00: d8000ea0 d9000ea0 d8400ea0 d9400ea0 
0000ef10: da000ea0 db000ea0 da400ea0 db400ea0 
0000ef20: d8800ea0 d9800ea0 d8c00ea0 d9c00ea0 
0000ef30: da800ea0 db800ea0 dac00ea0 dbc00ea0 
0000ef40: dc000ea0 dd000ea0 dc400ea0 dd400ea0 
0000ef50: de000ea0 df000ea0 de400ea0 df400ea0 
0000ef60: dc800ea0 dd800ea0 dcc00ea0 ddc00ea0 
0000ef70: de800ea0 df800ea0 dec00ea0 dfc00ea0 
0000ef80: d8000fa0 d9000fa0 d8400fa0 d9400fa0 
0000ef90: da000fa0 db000fa0 da400fa0 db400fa0 
0000efa0: d8800fa0 d9800fa0 d8c00fa0 d9c00fa0 
0000efb0: da800fa0 db800fa0 dac00fa0 dbc00fa0 
0000efc0: dc000fa0 dd000fa0 dc400fa0 dd400fa0 
0000efd0: de000fa0 df000fa0 de400fa0 df400fa0 
0000efe0: dc800fa0 dd800fa0 dcc00fa0 ddc00fa0 
0000eff0: de800fa0 df800fa0 dec00fa0 dfc00fa0 
0000f000: e00008a0 e10008a0 e04008a0 e14008a0 
0000f010: e20008a0 e30008a0 e24008a0 e34008a0 
0000f020: e08008a0 e18008a0 e0c008a0 e1c008a0 
0000f030: e28008a0 e38008a0 e2c008a0 e3c008a0 
0000f040: e40008a0 e50008a0 e44008a0 e54008a0 
0000f050: e60008a0 e70008a0 e64008a0 e74008a0 
0000f060: e48008a0 e58008a0 e4c008a0 e5c008a0 
0000f070: e68008a0 e78008a0 e6c008a0 e7c008a0 
0000f080: e00009a0 e10009a0 e04009a0 e14009a0 
0000f090: e20009a0 e30009a0 e24009a0 e34009a0 
0000f0a0: e08009a0 e18009a0 e0c009a0 e1c009a0 
0000f0b0: e28009a0 e38009a0 e2c009a0 e3c009a0 
0000f0c0: e40009a0 e50009a0 e44009a0 e54009a0 
0000f0d0: e60009a0 e70009a0 e64009a0 e74009a0 
0000f0e0: e48009a0 e58009a0 e4c009a0 e5c009a0 
0000f0f0: e68009a0 e78009a0 e6c009a0 e7c009a0 
0000f100: e80008a0 e90008a0 e84008a0 e94008a0 
0000f110: ea0008a0 eb0008a0 ea4008a0 eb4008a0 
0000f120: e88008a0 e98008a0 e8c008a0 e9c008a0 
0000f130: ea8008a0 eb8008a0 eac008a0 ebc008a0 
0000f140: ec0008a0 ed0008a0 ec4008a0 ed4008a0 
0000f150: ee0008a0 ef0008a0 ee4008a0 ef4008a0 
0000f160: ec8008a0 ed8008a0 ecc008a0 edc008a0 
0000f170: ee8008a0 ef8008a0 eec008a0 efc008a0 
0000f180: e80009a0 e90009a0 e84009a0 e94009a0 
0000f190: ea0009a0 eb0009a0 ea4009a0 eb4009a0 
0000f1a0: e88009a0 e98009a0 e8c009a0 e9c009a0 
0000f1b0: ea8009a0 eb8009a0 eac009a0 ebc009a0 
0000f1c0: ec0009a0 ed0009a0 ec4009a0 ed4009a0 
0000f1d0: ee0009a0 ef0009a0 ee4009a0 ef4009a0 
0000f1e0: ec8009a0 ed8009a0 ecc009a0 edc009a0 
0000f1f0: ee8009a0 ef8009a0 eec009a0 efc009a0 
0000f200: e0000aa0 e1000aa0 e0400aa0 e1400aa0 
0000f210: e2000aa0 e3000aa0 e2400aa0 e3400aa0 
0000f220: e0800aa0 e1800aa0 e0c00aa0 e1c00aa0 
0000f230: e2800aa0 e3800aa0 e2c00aa0 e3c00aa0 
0000f240: e4000aa0 e5000aa0 e4400aa0 e5400aa0 
0000f250: e6000aa0 e7000aa0 e6400aa0 e7400aa0 
0000f260: e4800aa0 e5800aa0 e4c00aa0 e5c00aa0 
0000f270: e6800aa0 e7800aa0 e6c00aa0 e7c00aa0 
0000f280: e0000ba0 e1000ba0 e0400ba0 e1400ba0 
0000f290: e2000ba0 e3000ba0 e2400ba0 e3400ba0 
0000f2a0: e0800ba0 e1800ba0 e0c00ba0 e1c00ba0 
0000f2b0: e2800ba0 e3800ba0 e2c00ba0 e3c00ba0 
0000f2c0: e4000ba0 e5000ba0 e4400ba0 e5400ba0 
0000f2d0: e6000ba0 e7000ba0 e6400ba0 e7400ba0 
0000f2e0: e4800ba0 e5800ba0 e4c00ba0 e5c00ba0 
0000f2f0: e6800ba0 e7800ba0 e6c00ba0 e7c00ba0 
0000f300: e8000aa0 e9000aa0 e8400aa0 e9400aa0 
0000f310: ea000aa0 eb000aa0 ea400aa0 eb400aa0 
0000f320: e8800aa0 e9800aa0 e8c00aa0 e9c00aa0 
0000f330: ea800aa0 eb800aa0 eac00aa0 ebc00aa0 
0000f340: ec000aa0 ed000aa0 ec400aa0 ed400aa0 
0000f350: ee000aa0 ef000aa0 ee400aa0 ef400aa0 
0000f360: ec800aa0 ed800aa0 ecc00aa0 edc00aa0 
0000f370: ee800aa0 ef800aa0 eec00aa0 efc00aa0 
0000f380: e8000ba0 e9000ba0 e8400ba0 e9400ba0 
0000f390: ea000ba0 eb000ba0 ea400ba0 eb400ba0 
0000f3a0: e8800ba0 e9800ba0 e8c00ba0 e9c00ba0 
0000f3b0: ea800ba0 eb800ba0 eac00ba0 ebc00ba0 
0000f3c0: ec000ba0 ed000ba0 ec400ba0 ed400ba0 
0000f3d0: ee000ba0 ef000ba0 ee400ba0 ef400ba0 
0000f3e0: ec800ba0 ed800ba0 ecc00ba0 edc00ba0 
0000f3f0: ee800ba0 ef800ba0 eec00ba0 efc00ba0 
0000f400: f00008a0 f10008a0 f04008a0 f14008a0 
0000f410: f20008a0 f30008a0 f24008a0 f34008a0 
0000f420: f08008a0 f18008a0 f0c008a0 f1c008a0 
0000f430: f28008a0 f38008a0 f2c008a0 f3c008a0 
0000f440: f40008a0 f50008a0 f44008a0 f54008a0 
0000f450: f60008a0 f70008a0 f64008a0 f74008a0 
0000f460: f48008a0 f58008a0 f4c008a0 f5c008a0 
0000f470: f68008a0 f78008a0 f6c008a0 f7c008a0 
0000f480: f00009a0 f10009a0 f04009a0 f14009a0 
0000f490: f20009a0 f30009a0 f24009a0 f34009a0 
0000f4a0: f08009a0 f18009a0 f0c009a0 f1c009a0 
0000f4b0: f28009a0 f38009a0 f2c009a0 f3c009a0 
0000f4c0: f40009a0 f50009a0 f44009a0 f54009a0 
0000f4d0: f60009a0 f70009a0 f64009a0 f74009a0 
0000f4e0: f48009a0 f58009a0 f4c009a0 f5c009a0 
0000f4f0: f68009a0 f78009a0 f6c009a0 f7c009a0 
0000f500: f80008a0 f90008a0 f84008a0 f94008a0 
0000f510: fa0008a0 fb0008a0 fa4008a0 fb4008a0 
0000f520: f88008a0 f98008a0 f8c008a0 f9c008a0 
0000f530: fa8008a0 fb8008a0 fac008a0 fbc008a0 
0000f540: fc0008a0 fd0008a0 fc4008a0 fd4008a0 
0000f550: fe0008a0 ff0008a0 fe4008a0 ff4008a0 
0000f560: fc8008a0 fd8008a0 fcc008a0 fdc008a0 
0000f570: fe8008a0 ff8008a0 fec008a0 ffc008a0 
0000f580: f80009a0 f90009a0 f84009a0 f94009a0 
0000f590: fa0009a0 fb0009a0 fa4009a0 fb4009a0 
0000f5a0: f88009a0 f98009a0 f8c009a0 f9c009a0 
0000f5b0: fa8009a0 fb8009a0 fac009a0 fbc009a0 
0000f5c0: fc0009a0 fd0009a0 fc4009a0 fd4009a0 
0000f5d0: fe0009a0 ff0009a0 fe4009a0 ff4009a0 
0000f5e0: fc8009a0 fd8009a0 fcc009a0 fdc009a0 
0000f5f0: fe8009a0 ff8009a0 fec009a0 ffc009a0 
0000f600: f0000aa0 f1000aa0 f0400aa0 f1400aa0 
0000f610: f2000aa0 f3000aa0 f2400aa0 f3400aa0 
0000f620: f0800aa0 f1800aa0 f0c00aa0 f1c00aa0 
0000f630: f2800aa0 f3800aa0 f2c00aa0 f3c00aa0 
0000f640: f4000aa0 f5000aa0 f4400aa0 f5400aa0 
0000f650: f6000aa0 f7000aa0 f6400aa0 f7400aa0 
0000f660: f4800aa0 f5800aa0 f4c00aa0 f5c00aa0 
0000f670: f6800aa0 f7800aa0 f6c00aa0 f7c00aa0 
0000f680: f0000ba0 f1000ba0 f0400ba0 f1400ba0 
0000f690: f2000ba0 f3000ba0 f2400ba0 f3400ba0 
0000f6a0: f0800ba0 f1800ba0 f0c00ba0 f1c00ba0 
0000f6b0: f2800ba0 f3800ba0 f2c00ba0 f3c00ba0 
0000f6c0: f4000ba0 f5000ba0 f4400ba0 f5400ba0 
0000f6d0: f6000ba0 f7000ba0 f6400ba0 f7400ba0 
0000f6e0: f4800ba0 f5800ba0 f4c00ba0 f5c00ba0 
0000f6f0: f6800ba0 f7800ba0 f6c00ba0 f7c00ba0 
0000f700: f8000aa0 f9000aa0 f8400aa0 f9400aa0 
0000f710: fa000aa0 fb000aa0 fa400aa0 fb400aa0 
0000f720: f8800aa0 f9800aa0 f8c00aa0 f9c00aa0 
0000f730: fa800aa0 fb800aa0 fac00aa0 fbc00aa0 
0000f740: fc000aa0 fd000aa0 fc400aa0 fd400aa0 
0000f750: fe000aa0 ff000aa0 fe400aa0 ff400aa0 
0000f760: fc800aa0 fd800aa0 fcc00aa0 fdc00aa0 
0000f770: fe800aa0 ff800aa0 fec00aa0 ffc00aa0 
0000f780: f8000ba0 f9000ba0 f8400ba0 f9400ba0 
0000f790: fa000ba0 fb000ba0 fa400ba0 fb400ba0 
0000f7a0: f8800ba0 f9800ba0 f8c00ba0 f9c00ba0 
0000f7b0: fa800ba0 fb800ba0 fac00ba0 fbc00ba0 
0000f7c0: fc000ba0 fd000ba0 fc400ba0 fd400ba0 
0000f7d0: fe000ba0 ff000ba0 fe400ba0 ff400ba0 
0000f7e0: fc800ba0 fd800ba0 fcc00ba0 fdc00ba0 
0000f7f0: fe800ba0 ff800ba0 fec00ba0 ffc00ba0 
0000f800: e0000ca0 e1000ca0 e0400ca0 e1400ca0 
0000f810: e2000ca0 e3000ca0 e2400ca0 e3400ca0 
0000f820: e0800ca0 e1800ca0 e0c00ca0 e1c00ca0 
0000f830: e2800ca0 e3800ca0 e2c00ca0 e3c00ca0 
0000f840: e4000ca0 e5000ca0 e4400ca0 e5400ca0 
0000f850: e6000ca0 e7000ca0 e6400ca0 e7400ca0 
0000f860: e4800ca0 e5800ca0 e4c00ca0 e5c00ca0 
0000f870: e6800ca0 e7800ca0 e6c00ca0 e7c00ca0 
0000f880: e0000da0 e1000da0 e0400da0 e1400da0 
0000f890: e2000da0 e3000da0 e2400da0 e3400da0 
0000f8a0: e0800da0 e1800da0 e0c00da0 e1c00da0 
0000f8b0: e2800da0 e3800da0 e2c00da0 e3c00da0 
0000f8c0: e4000da0 e5000da0 e4400da0 e5400da0 
0000f8d0: e6000da0 e7000da0 e6400da0 e7400da0 
0000f8e0: e4800da0 e5800da0 e4c00da0 e5c00da0 
0000f8f0: e6800da0 e7800da0 e6c00da0 e7c00da0 
0000f900: e8000ca0 e9000ca0 e8400ca0 e9400ca0 
0000f910: ea000ca0 eb000ca0 ea400ca0 eb400ca0 
0000f920: e8800ca0 e9800ca0 e8c00ca0 e9c00ca0 
0000f930: ea800ca0 eb800ca0 eac00ca0 ebc00ca0 
0000f940: ec000ca0 ed000ca0 ec400ca0 ed400ca0 
0000f950: ee000ca0 ef000ca0 ee400ca0 ef400ca0 
0000f960: ec800ca0 ed800ca0 ecc00ca0 edc00ca0 
0000f970: ee800ca0 ef800ca0 eec00ca0 efc00ca0 
0000f980: e8000da0 e9000da0 e8400da0 e9400da0 
0000f990: ea000da0 eb000da0 ea400da0 eb400da0 
0000f9a0: e8800da0 e9800da0 e8c00da0 e9c00da0 
0000f9b0: ea800da0 eb800da0 eac00da0 ebc00da0 
0000f9c0: ec000da0 ed000da0 ec400da0 ed400da0 
0000f9d0: ee000da0 ef000da0 ee400da0 ef400da0 
0000f9e0: ec800da0 ed800da0 ecc00da0 edc00da0 
0000f9f0: ee800da0 ef800da0 eec00da0 efc00da0 
0000fa00: e0000ea0 e1000ea0 e0400ea0 e1400ea0 
0000fa10: e2000ea0 e3000ea0 e2400ea0 e3400ea0 
0000fa20: e0800ea0 e1800ea0 e0c00ea0 e1c00ea0 
0000fa30: e2800ea0 e3800ea0 e2c00ea0 e3c00ea0 
0000fa40: e4000ea0 e5000ea0 e4400ea0 e5400ea0 
0000fa50: e6000ea0 e7000ea0 e6400ea0 e7400ea0 
0000fa60: e4800ea0 e5800ea0 e4c00ea0 e5c00ea0 
0000fa70: e6800ea0 e7800ea0 e6c00ea0 e7c00ea0 
0000fa80: e0000fa0 e1000fa0 e0400fa0 e1400fa0 
0000fa90: e2000fa0 e3000fa0 e2400fa0 e3400fa0 
0000faa0: e0800fa0 e1800fa0 e0c00fa0 e1c00fa0 
0000fab0: e2800fa0 e3800fa0 e2c00fa0 e3c00fa0 
0000fac0: e4000fa0 e5000fa0 e4400fa0 e5400fa0 
0000fad0: e6000fa0 e7000fa0 e6400fa0 e7400fa0 
0000fae0: e4800fa0 e5800fa0 e4c00fa0 e5c00fa0 
0000faf0: e6800fa0 e7800fa0 e6c00fa0 e7c00fa0 
0000fb00: e8000ea0 e9000ea0 e8400ea0 e9400ea0 
0000fb10: ea000ea0 eb000ea0 ea400ea0 eb400ea0 
0000fb20: e8800ea0 e9800ea0 e8c00ea0 e9c00ea0 
0000fb30: ea800ea0 eb800ea0 eac00ea0 ebc00ea0 
0000fb40: ec000ea0 ed000ea0 ec400ea0 ed400ea0 
0000fb50: ee000ea0 ef000ea0 ee400ea0 ef400ea0 
0000fb60: ec800ea0 ed800ea0 ecc00ea0 edc00ea0 
0000fb70: ee800ea0 ef800ea0 eec00ea0 efc00ea0 
0000fb80: e8000fa0 e9000fa0 e8400fa0 e9400fa0 
0000fb90: ea000fa0 eb000fa0 ea400fa0 eb400fa0 
0000fba0: e8800fa0 e9800fa0 e8c00fa0 e9c00fa0 
0000fbb0: ea800fa0 eb800fa0 eac00fa0 ebc00fa0 
0000fbc0: ec000fa0 ed000fa0 ec400fa0 ed400fa0 
0000fbd0: ee000fa0 ef000fa0 ee400fa0 ef400fa0 
0000fbe0: ec800fa0 ed800fa0 ecc00fa0 edc00fa0 
0000fbf0: ee800fa0 ef800fa0 eec00fa0 efc00fa0 
0000fc00: f0000ca0 f1000ca0 f0400ca0 f1400ca0 
0000fc10: f2000ca0 f3000ca0 f2400ca0 f3400ca0 
0000fc20: f0800ca0 f1800ca0 f0c00ca0 f1c00ca0 
0000fc30: f2800ca0 f3800ca0 f2c00ca0 f3c00ca0 
0000fc40: f4000ca0 f5000ca0 f4400ca0 f5400ca0 
0000fc50: f6000ca0 f7000ca0 f6400ca0 f7400ca0 
0000fc60: f4800ca0 f5800ca0 f4c00ca0 f5c00ca0 
0000fc70: f6800ca0 f7800ca0 f6c00ca0 f7c00ca0 
0000fc80: f0000da0 f1000da0 f0400da0 f1400da0 
0000fc90: f2000da0 f3000da0 f2400da0 f3400da0 
0000fca0: f0800da0 f1800da0 f0c00da0 f1c00da0 
0000fcb0: f2800da0 f3800da0 f2c00da0 f3c00da0 
0000fcc0: f4000da0 f5000da0 f4400da0 f5400da0 
0000fcd0: f6000da0 f7000da0 f6400da0 f7400da0 
0000fce0: f4800da0 f5800da0 f4c00da0 f5c00da0 
0000fcf0: f6800da0 f7800da0 f6c00da0 f7c00da0 
0000fd00: f8000ca0 f9000ca0 f8400ca0 f9400ca0 
0000fd10: fa000ca0 fb000ca0 fa400ca0 fb400ca0 
0000fd20: f8800ca0 f9800ca0 f8c00ca0 f9c00ca0 
0000fd30: fa800ca0 fb800ca0 fac00ca0 fbc00ca0 
0000fd40: fc000ca0 fd000ca0 fc400ca0 fd400ca0 
0000fd50: fe000ca0 ff000ca0 fe400ca0 ff400ca0 
0000fd60: fc800ca0 fd800ca0 fcc00ca0 fdc00ca0 
0000fd70: fe800ca0 ff800ca0 fec00ca0 ffc00ca0 
0000fd80: f8000da0 f9000da0 f8400da0 f9400da0 
0000fd90: fa000da0 fb000da0 fa400da0 fb400da0 
0000fda0: f8800da0 f9800da0 f8c00da0 f9c00da0 
0000fdb0: fa800da0 fb800da0 fac00da0 fbc00da0 
0000fdc0: fc000da0 fd000da0 fc400da0 fd400da0 
0000fdd0: fe000da0 ff000da0 fe400da0 ff400da0 
0000fde0: fc800da0 fd800da0 fcc00da0 fdc00da0 
0000fdf0: fe800da0 ff800da0 fec00da0 ffc00da0 
0000fe00: f0000ea0 f1000ea0 f0400ea0 f1400ea0 
0000fe10: f2000ea0 f3000ea0 f2400ea0 f3400ea0 
0000fe20: f0800ea0 f1800ea0 f0c00ea0 f1c00ea0 
0000fe30: f2800ea0 f3800ea0 f2c00ea0 f3c00ea0 
0000fe40: f4000ea0 f5000ea0 f4400ea0 f5400ea0 
0000fe50: f6000ea0 f7000ea0 f6400ea0 f7400ea0 
0000fe60: f4800ea0 f5800ea0 f4c00ea0 f5c00ea0 
0000fe70: f6800ea0 f7800ea0 f6c00ea0 f7c00ea0 
0000fe80: f0000fa0 f1000fa0 f0400fa0 f1400fa0 
0000fe90: f2000fa0 f3000fa0 f2400fa0 f3400fa0 
0000fea0: f0800fa0 f1800fa0 f0c00fa0 f1c00fa0 
0000feb0: f2800fa0 f3800fa0 f2c00fa0 f3c00fa0 
0000fec0: f4000fa0 f5000fa0 f4400fa0 f5400fa0 
0000fed0: f6000fa0 f7000fa0 f6400fa0 f7400fa0 
0000fee0: f4800fa0 f5800fa0 f4c00fa0 f5c00fa0 
0000fef0: f6800fa0 f7800fa0 f6c00fa0 f7c00fa0 
0000ff00: f8000ea0 f9000ea0 f8400ea0 f9400ea0 
0000ff10: fa000ea0 fb000ea0 fa400ea0 fb400ea0 
0000ff20: f8800ea0 f9800ea0 f8c00ea0 f9c00ea0 
0000ff30: fa800ea0 fb800ea0 fac00ea0 fbc00ea0 
0000ff40: fc000ea0 fd000ea0 fc400ea0 fd400ea0 
0000ff50: fe000ea0 ff000ea0 fe400ea0 ff400ea0 
0000ff60: fc800ea0 fd800ea0 fcc00ea0 fdc00ea0 
0000ff70: fe800ea0 ff800ea0 fec00ea0 ffc00ea0 
0000ff80: f8000fa0 f9000fa0 f8400fa0 f9400fa0 
0000ff90: fa000fa0 fb000fa0 fa400fa0 fb400fa0 
0000ffa0: f8800fa0 f9800fa0 f8c00fa0 f9c00fa0 
0000ffb0: fa800fa0 fb800fa0 fac00fa0 fbc00fa0 
0000ffc0: fc000fa0 fd000fa0 fc400fa0 fd400fa0 
0000ffd0: fe000fa0 ff000fa0 fe400fa0 ff400fa0 
0000ffe0: fc800fa0 fd800fa0 fcc00fa0 fdc00fa0 
0000fff0: fe800fa0 ff800fa0 fec00fa0 ffc00fa0 
00010000: 000010a0 010010a0 004010a0 014010a0 
00010010: 020010a0 030010a0 024010a0 034010a0 
00010020: 008010a0 018010a0 00c010a0 01c010a0 
00010030: 028010a0 038010a0 02c010a0 03c010a0 
00010040: 040010a0 050010a0 044010a0 054010a0 
00010050: 060010a0 070010a0 064010a0 074010a0 
00010060: 048010a0 058010a0 04c010a0 05c010a0 
00010070: 068010a0 078010a0 06c010a0 07c010a0 
00010080: 000011a0 010011a0 004011a0 014011a0 
00010090: 020011a0 030011a0 024011a0 034011a0 
000100a0: 008011a0 018011a0 00c011a0 01c011a0 
000100b0: 028011a0 038011a0 02c011a0 03c011a0 
000100c0: 040011a0 050011a0 044011a0 054011a0 
000100d0: 060011a0 070011a0 064011a0 074011a0 
000100e0: 048011a0 058011a0 04c011a0 05c011a0 
000100f0: 068011a0 078011a0 06c011a0 07c011a0 
00010100: 080010a0 090010a0 084010a0 094010a0 
00010110: 0a0010a0 0b0010a0 0a4010a0 0b4010a0 
00010120: 088010a0 098010a0 08c010a0 09c010a0 
00010130: 0a8010a0 0b8010a0 0ac010a0 0bc010a0 
00010140: 0c0010a0 0d0010a0 0c4010a0 0d4010a0 
00010150: 0e0010a0 0f0010a0 0e4010a0 0f4010a0 
00010160: 0c8010a0 0d8010a0 0cc010a0 0dc010a0 
00010170: 0e8010a0 0f8010a0 0ec010a0 0fc010a0 
00010180: 080011a0 090011a0 084011a0 094011a0 
00010190: 0a0011a0 0b0011a0 0a4011a0 0b4011a0 
000101a0: 088011a0 098011a0 08c011a0 09c011a0 
000101b0: 0a8011a0 0b8011a0 0ac011a0 0bc011a0 
000101c0: 0c0011a0 0d0011a0 0c4011a0 0d4011a0 
000101d0: 0e0011a0 0f0011a0 0e4011a0 0f4011a0 
000101e0: 0c8011a0 0d8011a0 0cc011a0 0dc011a0 
000101f0: 0e8011a0 0f8011a0 0ec011a0 0fc011a0 
00010200: 000012a0 010012a0 004012a0 014012a0 
00010210: 020012a0 030012a0 024012a0 034012a0 
00010220: 008012a0 018012a0 00c012a0 01c012a0 
00010230: 028012a0 038012a0 02c012a0 03c012a0 
00010240: 040012a0 050012a0 044012a0 054012a0 
00010250: 060012a0 070012a0 064012a0 074012a0 
00010260: 048012a0 058012a0 04c012a0 05c012a0 
00010270: 068012a0 078012a0 06c012a0 07c012a0 
00010280: 000013a0 010013a0 004013a0 014013a0 
00010290: 020013a0 030013a0 024013a0 034013a0 
000102a0: 008013a0 018013a0 00c013a0 01c013a0 
000102b0: 028013a0 038013a0 02c013a0 03c013a0 
000102c0: 040013a0 050013a0 044013a0 054013a0 
000102d0: 060013a0 070013a0 064013a0 074013a0 
000102e0: 048013a0 058013a0 04c013a0 05c013a0 
000102f0: 068013a0 078013a0 06c013a0 07c013a0 
00010300: 080012a0 090012a0 084012a0 094012a0 
00010310: 0a0012a0 0b0012a0 0a4012a0 0b4012a0 
00010320: 088012a0 098012a0 08c012a0 09c012a0 
00010330: 0a8012a0 0b8012a0 0ac012a0 0bc012a0 
00010340: 0c0012a0 0d0012a0 0c4012a0 0d4012a0 
00010350: 0e0012a0 0f0012a0 0e4012a0 0f4012a0 
00010360: 0c8012a0 0d8012a0 0cc012a0 0dc012a0 
00010370: 0e8012a0 0f8012a0 0ec012a0 0fc012a0 
00010380: 080013a0 090013a0 084013a0 094013a0 
00010390: 0a0013a0 0b0013a0 0a4013a0 0b4013a0 
000103a0: 088013a0 098013a0 08c013a0 09c013a0 
000103b0: 0a8013a0 0b8013a0 0ac013a0 0bc013a0 
000103c0: 0c0013a0 0d0013a0 0c4013a0 0d4013a0 
000103d0: 0e0013a0 0f0013a0 0e4013a0 0f4013a0 
000103e0: 0c8013a0 0d8013a0 0cc013a0 0dc013a0 
000103f0: 0e8013a0 0f8013a0 0ec013a0 0fc013a0 
00010400: 100010a0 110010a0 104010a0 114010a0 
00010410: 120010a0 130010a0 124010a0 134010a0 
00010420: 108010a0 118010a0 10c010a0 11c010a0 
00010430: 128010a0 138010a0 12c010a0 13c010a0 
00010440: 140010a0 150010a0 144010a0 154010a0 
00010450: 160010a0 170010a0 164010a0 174010a0 
00010460: 148010a0 158010a0 14c010a0 15c010a0 
00010470: 168010a0 178010a0 16c010a0 17c010a0 
00010480: 100011a0 110011a0 104011a0 114011a0 
00010490: 120011a0 130011a0 124011a0 134011a0 
000104a0: 108011a0 118011a0 10c011a0 11c011a0 
000104b0: 128011a0 138011a0 12c011a0 13c011a0 
000104c0: 140011a0 150011a0 144011a0 154011a0 
000104d0: 160011a0 170011a0 164011a0 174011a0 
000104e0: 148011a0 158011a0 14c011a0 15c011a0 
000104f0: 168011a0 178011a0 16c011a0 17c011a0 
00010500: 180010a0 190010a0 184010a0 194010a0 
00010510: 1a0010a0 1b0010a0 1a4010a0 1b4010a0 
00010520: 188010a0 198010a0 18c010a0 19c010a0 
00010530: 1a8010a0 1b8010a0 1ac010a0 1bc010a0 
00010540: 1c0010a0 1d0010a0 1c4010a0 1d4010a0 
00010550: 1e0010a0 1f0010a0 1e4010a0 1f4010a0 
00010560: 1c8010a0 1d8010a0 1cc010a0 1dc010a0 
00010570: 1e8010a0 1f8010a0 1ec010a0 1fc010a0 
00010580: 180011a0 190011a0 184011a0 194011a0 
00010590: 1a0011a0 1b0011a0 1a4011a0 1b4011a0 
000105a0: 188011a0 198011a0 18c011a0 19c011a0 
000105b0: 1a8011a0 1b8011a0 1ac011a0 1bc011a0 
000105c0: 1c0011a0 1d0011a0 1c4011a0 1d4011a0 
000105d0: 1e0011a0 1f0011a0 1e4011a0 1f4011a0 
000105e0: 1c8011a0 1d8011a0 1cc011a0 1dc011a0 
000105f0: 1e8011a0 1f8011a0 1ec011a0 1fc011a0 
00010600: 100012a0 110012a0 104012a0 114012a0 
00010610: 120012a0 130012a0 124012a0 134012a0 
00010620: 108012a0 118012a0 10c012a0 11c012a0 
00010630: 128012a0 138012a0 12c012a0 13c012a0 
00010640: 140012a0 150012a0 144012a0 154012a0 
00010650: 160012a0 170012a0 164012a0 174012a0 
00010660: 148012a0 158012a0 14c012a0 15c012a0 
00010670: 168012a0 178012a0 16c012a0 17c012a0 
00010680: 100013a0 110013a0 104013a0 114013a0 
00010690: 120013a0 130013a0 124013a0 134013a0 
000106a0: 108013a0 118013a0 10c013a0 11c013a0 
000106b0: 128013a0 138013a0 12c013a0 13c013a0 
000106c0: 140013a0 150013a0 144013a0 154013a0 
000106d0: 160013a0 170013a0 164013a0 174013a0 
000106e0: 148013a0 158013a0 14c013a0 15c013a0 
000106f0: 168013a0 178013a0 16c013a0 17c013a0 
00010700: 180012a0 190012a0 184012a0 194012a0 
00010710: 1a0012a0 1b0012a0 1a4012a0 1b4012a0 
00010720: 188012a0 198012a0 18c012a0 19c012a0 
00010730: 1a8012a0 1b8012a0 1ac012a0 1bc012a0 
00010740: 1c0012a0 1d0012a0 1c4012a0 1d4012a0 
00010750: 1e0012a0 1f0012a0 1e4012a0 1f4012a0 
00010760: 1c8012a0 1d8012a0 1cc012a0 1dc012a0 
00010770: 1e8012a0 1f8012a0 1ec012a0 1fc012a0 
00010780: 180013a0 190013a0 184013a0 194013a0 
00010790: 1a0013a0 1b0013a0 1a4013a0 1b4013a0 
000107a0: 188013a0 198013a0 18c013a0 19c013a0 
000107b0: 1a8013a0 1b8013a0 1ac013a0 1bc013a0 
000107c0: 1c0013a0 1d0013a0 1c4013a0 1d4013a0 
000107d0: 1e0013a0 1f0013a0 1e4013a0 1f4013a0 
000107e0: 1c8013a0 1d8013a0 1cc013a0 1dc013a0 
000107f0: 1e8013a0 1f8013a0 1ec013a0 1fc013a0 
00010800: 000014a0 010014a0 004014a0 014014a0 
00010810: 020014a0 030014a0 024014a0 034014a0 
00010820: 008014a0 018014a0 00c014a0 01c014a0 
00010830: 028014a0 038014a0 02c014a0 03c014a0 
00010840: 040014a0 050014a0 044014a0 054014a0 
00010850: 060014a0 070014a0 064014a0 074014a0 
00010860: 048014a0 058014a0 04c014a0 05c014a0 
00010870: 068014a0 078014a0 06c014a0 07c014a0 
00010880: 000015a0 010015a0 004015a0 014015a0 
00010890: 020015a0 030015a0 024015a0 034015a0 
000108a0: 008015a0 018015a0 00c015a0 01c015a0 
000108b0: 028015a0 038015a0 02c015a0 03c015a0 
000108c0: 040015a0 050015a0 044015a0 054015a0 
000108d0: 060015a0 070015a0 064015a0 074015a0 
000108e0: 048015a0 058015a0 04c015a0 05c015a0 
000108f0: 068015a0 078015a0 06c015a0 07c015a0 
00010900: 080014a0 090014a0 084014a0 094014a0 
00010910: 0a0014a0 0b0014a0 0a4014a0 0b4014a0 
00010920: 088014a0 098014a0 08c014a0 09c014a0 
00010930: 0a8014a0 0b8014a0 0ac014a0 0bc014a0 
00010940: 0c0014a0 0d0014a0 0c4014a0 0d4014a0 
00010950: 0e0014a0 0f0014a0 0e4014a0 0f4014a0 
00010960: 0c8014a0 0d8014a0 0cc014a0 0dc014a0 
00010970: 0e8014a0 0f8014a0 0ec014a0 0fc014a0 
00010980: 080015a0 090015a0 084015a0 094015a0 
00010990: 0a0015a0 0b0015a0 0a4015a0 0b4015a0 
000109a0: 088015a0 098015a0 08c015a0 09c015a0 
000109b0: 0a8015a0 0b8015a0 0ac015a0 0bc015a0 
000109c0: 0c0015a0 0d0015a0 0c4015a0 0d4015a0 
000109d0: 0e0015a0 0f0015a0 0e4015a0 0f4015a0 
000109e0: 0c8015a0 0d8015a0 0cc015a0 0dc015a0 
000109f0: 0e8015a0 0f8015a0 0ec015a0 0fc015a0 
00010a00: 000016a0 010016a0 004016a0 014016a0 
00010a10: 020016a0 030016a0 024016a0 034016a0 
00010a20: 008016a0 018016a0 00c016a0 01c016a0 
00010a30: 028016a0 038016a0 02c016a0 03c016a0 
00010a40: 040016a0 050016a0 044016a0 054016a0 
00010a50: 060016a0 070016a0 064016a0 074016a0 
00010a60: 048016a0 058016a0 04c016a0 05c016a0 
00010a70: 068016a0 078016a0 06c016a0 07c016a0 
00010a80: 000017a0 010017a0 004017a0 014017a0 
00010a90: 020017a0 030017a0 024017a0 034017a0 
00010aa0: 008017a0 018017a0 00c017a0 01c017a0 
00010ab0: 028017a0 038017a0 02c017a0 03c017a0 
00010ac0: 040017a0 050017a0 044017a0 054017a0 
00010ad0: 060017a0 070017a0 064017a0 074017a0 
00010ae0: 048017a0 058017a0 04c017a0 05c017a0 
00010af0: 068017a0 078017a0 06c017a0 07c017a0 
00010b00: 080016a0 090016a0 084016a0 094016a0 
00010b10: 0a0016a0 0b0016a0 0a4016a0 0b4016a0 
00010b20: 088016a0 098016a0 08c016a0 09c016a0 
00010b30: 0a8016a0 0b8016a0 0ac016a0 0bc016a0 
00010b40: 0c0016a0 0d0016a0 0c4016a0 0d4016a0 
00010b50: 0e0016a0 0f0016a0 0e4016a0 0f4016a0 
00010b60: 0c8016a0 0d8016a0 0cc016a0 0dc016a0 
00010b70: 0e8016a0 0f8016a0 0ec016a0 0fc016a0 
00010b80: 080017a0 090017a0 084017a0 094017a0 
00010b90: 0a0017a0 0b0017a0 0a4017a0 0b4017a0 
00010ba0: 088017a0 098017a0 08c017a0 09c017a0 
00010bb0: 0a8017a0 0b8017a0 0ac017a0 0bc017a0 
00010bc0: 0c0017a0 0d0017a0 0c4017a0 0d4017a0 
00010bd0: 0e0017a0 0f0017a0 0e4017a0 0f4017a0 
00010be0: 0c8017a0 0d8017a0 0cc017a0 0dc017a0 
00010bf0: 0e8017a0 0f8017a0 0ec017a0 0fc017a0 
00010c00: 100014a0 110014a0 104014a0 114014a0 
00010c10: 120014a0 130014a0 124014a0 134014a0 
00010c20: 108014a0 118014a0 10c014a0 11c014a0 
00010c30: 128014a0 138014a0 12c014a0 13c014a0 
00010c40: 140014a0 150014a0 144014a0 154014a0 
00010c50: 160014a0 170014a0 164014a0 174014a0 
00010c60: 148014a0 158014a0 14c014a0 15c014a0 
00010c70: 168014a0 178014a0 16c014a0 17c014a0 
00010c80: 100015a0 110015a0 104015a0 114015a0 
00010c90: 120015a0 130015a0 124015a0 134015a0 
00010ca0: 108015a0 118015a0 10c015a0 11c015a0 
00010cb0: 128015a0 138015a0 12c015a0 13c015a0 
00010cc0: 140015a0 150015a0 144015a0 154015a0 
00010cd0: 160015a0 170015a0 164015a0 174015a0 
00010ce0: 148015a0 158015a0 14c015a0 15c015a0 
00010cf0: 168015a0 178015a0 16c015a0 17c015a0 
00010d00: 180014a0 190014a0 184014a0 194014a0 
00010d10: 1a0014a0 1b0014a0 1a4014a0 1b4014a0 
00010d20: 188014a0 198014a0 18c014a0 19c014a0 
00010d30: 1a8014a0 1b8014a0 1ac014a0 1bc014a0 
00010d40: 1c0014a0 1d0014a0 1c4014a0 1d4014a0 
00010d50: 1e0014a0 1f0014a0 1e4014a0 1f4014a0 
00010d60: 1c8014a0 1d8014a0 1cc014a0 1dc014a0 
00010d70: 1e8014a0 1f8014a0 1ec014a0 1fc014a0 
00010d80: 180015a0 190015a0 184015a0 194015a0 
00010d90: 1a0015a0 1b0015a0 1a4015a0 1b4015a0 
00010da0: 188015a0 198015a0 18c015a0 19c015a0 
00010db0: 1a8015a0 1b8015a0 1ac015a0 1bc015a0 
00010dc0: 1c0015a0 1d0015a0 1c4015a0 1d4015a0 
00010dd0: 1e0015a0 1f0015a0 1e4015a0 1f4015a0 
00010de0: 1c8015a0 1d8015a0 1cc015a0 1dc015a0 
00010df0: 1e8015a0 1f8015a0 1ec015a0 1fc015a0 
00010e00: 100016a0 110016a0 104016a0 114016a0 
00010e10: 120016a0 130016a0 124016a0 134016a0 
00010e20: 108016a0 118016a0 10c016a0 11c016a0 
00010e30: 128016a0 138016a0 12c016a0 13c016a0 
00010e40: 140016a0 150016a0 144016a0 154016a0 
00010e50: 160016a0 170016a0 164016a0 174016a0 
00010e60: 148016a0 158016a0 14c016a0 15c016a0 
00010e70: 168016a0 178016a0 16c016a0 17c016a0 
00010e80: 100017a0 110017a0 104017a0 114017a0 
00010e90: 120017a0 130017a0 124017a0 134017a0 
00010ea0: 108017a0 118017a0 10c017a0 11c017a0 
00010eb0: 128017a0 138017a0 12c017a0 13c017a0 
00010ec0: 140017a0 150017a0 144017a0 154017a0 
00010ed0: 160017a0 170017a0 164017a0 174017a0 
00010ee0: 148017a0 158017a0 14c017a0 15c017a0 
00010ef0: 168017a0 178017a0 16c017a0 17c017a0 
00010f00: 180016a0 190016a0 184016a0 194016a0 
00010f10: 1a0016a0 1b0016a0 1a4016a0 1b4016a0 
00010f20: 188016a0 198016a0 18c016a0 19c016a0 
00010f30: 1a8016a0 1b8016a0 1ac016a0 1bc016a0 
00010f40: 1c0016a0 1d0016a0 1c4016a0 1d4016a0 
00010f50: 1e0016a0 1f0016a0 1e4016a0 1f4016a0 
00010f60: 1c8016a0 1d8016a0 1cc016a0 1dc016a0 
00010f70: 1e8016a0 1f8016a0 1ec016a0 1fc016a0 
00010f80: 180017a0 190017a0 184017a0 194017a0 
00010f90: 1a0017a0 1b0017a0 1a4017a0 1b4017a0 
00010fa0: 188017a0 198017a0 18c017a0 19c017a0 
00010fb0: 1a8017a0 1b8017a0 1ac017a0 1bc017a0 
00010fc0: 1c0017a0 1d0017a0 1c4017a0 1d4017a0 
00010fd0: 1e0017a0 1f0017a0 1e4017a0 1f4017a0 
00010fe0: 1c8017a0 1d8017a0 1cc017a0 1dc017a0 
00010ff0: 1e8017a0 1f8017a0 1ec017a0 1fc017a0 
00011000: 200010a0 210010a0 204010a0 214010a0 
00011010: 220010a0 230010a0 224010a0 234010a0 
00011020: 208010a0 218010a0 20c010a0 21c010a0 
00011030: 228010a0 238010a0 22c010a0 23c010a0 
00011040: 240010a0 250010a0 244010a0 254010a0 
00011050: 260010a0 270010a0 264010a0 274010a0 
00011060: 248010a0 258010a0 24c010a0 25c010a0 
00011070: 268010a0 278010a0 26c010a0 27c010a0 
00011080: 200011a0 210011a0 204011a0 214011a0 
00011090: 220011a0 230011a0 224011a0 234011a0 
000110a0: 208011a0 218011a0 20c011a0 21c011a0 
000110b0: 228011a0 238011a0 22c011a0 23c011a0 
000110c0: 240011a0 250011a0 244011a0 254011a0 
000110d0: 260011a0 270011a0 264011a0 274011a0 
000110e0: 248011a0 258011a0 24c011a0 25c011a0 
000110f0: 268011a0 278011a0 26c011a0 27c011a0 
00011100: 280010a0 290010a0 284010a0 294010a0 
00011110: 2a0010a0 2b0010a0 2a4010a0 2b4010a0 
00011120: 288010a0 298010a0 28c010a0 29c010a0 
00011130: 2a8010a0 2b8010a0 2ac010a0 2bc010a0 
00011140: 2c0010a0 2d0010a0 2c4010a0 2d4010a0 
00011150: 2e0010a0 2f0010a0 2e4010a0 2f4010a0 
00011160: 2c8010a0 2d8010a0 2cc010a0 2dc010a0 
00011170: 2e8010a0 2f8010a0 2ec010a0 2fc010a0 
00011180: 280011a0 290011a0 284011a0 294011a0 
00011190: 2a0011a0 2b0011a0 2a4011a0 2b4011a0 
000111a0: 288011a0 298011a0 28c011a0 29c011a0 
000111b0: 2a8011a0 2b8011a0 2ac011a0 2bc011a0 
000111c0: 2c0011a0 2d0011a0 2c4011a0 2d4011a0 
000111d0: 2e0011a0 2f0011a0 2e4011a0 2f4011a0 
000111e0: 2c8011a0 2d8011a0 2cc011a0 2dc011a0 
000111f0: 2e8011a0 2f8011a0 2ec011a0 2fc011a0 
00011200: 200012a0 210012a0 204012a0 214012a0 
00011210: 220012a0 230012a0 224012a0 234012a0 
00011220: 208012a0 218012a0 20c012a0 21c012a0 
00011230: 228012a0 238012a0 22c012a0 23c012a0 
00011240: 240012a0 250012a0 244012a0 254012a0 
00011250: 260012a0 270012a0 264012a0 274012a0 
00011260: 248012a0 258012a0 24c012a0 25c012a0 
00011270: 268012a0 278012a0 26c012a0 27c012a0 
00011280: 200013a0 210013a0 204013a0 214013a0 
00011290: 220013a0 230013a0 224013a0 234013a0 
000112a0: 208013a0 218013a0 20c013a0 21c013a0 
000112b0: 228013a0 238013a0 22c013a0 23c013a0 
000112c0: 240013a0 250013a0 244013a0 254013a0 
000112d0: 260013a0 270013a0 264013a0 274013a0 
000112e0: 248013a0 258013a0 24c013a0 25c013a0 
000112f0: 268013a0 278013a0 26c013a0 27c013a0 
00011300: 280012a0 290012a0 284012a0 294012a0 
00011310: 2a0012a0 2b0012a0 2a4012a0 2b4012a0 
00011320: 288012a0 298012a0 28c012a0 29c012a0 
00011330: 2a8012a0 2b8012a0 2ac012a0 2bc012a0 
00011340: 2c0012a0 2d0012a0 2c4012a0 2d4012a0 
00011350: 2e0012a0 2f0012a0 2e4012a0 2f4012a0 
00011360: 2c8012a0 2d8012a0 2cc012a0 2dc012a0 
00011370: 2e8012a0 2f8012a0 2ec012a0 2fc012a0 
00011380: 280013a0 290013a0 284013a0 294013a0 
00011390: 2a0013a0 2b0013a0 2a4013a0 2b4013a0 
000113a0: 288013a0 298013a0 28c013a0 29c013a0 
000113b0: 2a8013a0 2b8013a0 2ac013a0 2bc013a0 
000113c0: 2c0013a0 2d0013a0 2c4013a0 2d4013a0 
000113d0: 2e0013a0 2f0013a0 2e4013a0 2f4013a0 
000113e0: 2c8013a0 2d8013a0 2cc013a0 2dc013a0 
000113f0: 2e8013a0 2f8013a0 2ec013a0 2fc013a0 
00011400: 300010a0 310010a0 304010a0 314010a0 
00011410: 320010a0 330010a0 324010a0 334010a0 
00011420: 308010a0 318010a0 30c010a0 31c010a0 
00011430: 328010a0 338010a0 32c010a0 33c010a0 
00011440: 340010a0 350010a0 344010a0 354010a0 
00011450: 360010a0 370010a0 364010a0 374010a0 
00011460: 348010a0 358010a0 34c010a0 35c010a0 
00011470: 368010a0 378010a0 36c010a0 37c010a0 
00011480: 300011a0 310011a0 304011a0 314011a0 
00011490: 320011a0 330011a0 324011a0 334011a0 
000114a0: 308011a0 318011a0 30c011a0 31c011a0 
000114b0: 328011a0 338011a0 32c011a0 33c011a0 
000114c0: 340011a0 350011a0 344011a0 354011a0 
000114d0: 360011a0 370011a0 364011a0 374011a0 
000114e0: 348011a0 358011a0 34c011a0 35c011a0 
000114f0: 368011a0 378011a0 36c011a0 37c011a0 
00011500: 380010a0 390010a0 384010a0 394010a0 
00011510: 3a0010a0 3b0010a0 3a4010a0 3b4010a0 
00011520: 388010a0 398010a0 38c010a0 39c010a0 
00011530: 3a8010a0 3b8010a0 3ac010a0 3bc010a0 
00011540: 3c0010a0 3d0010a0 3c4010a0 3d4010a0 
00011550: 3e0010a0 3f0010a0 3e4010a0 3f4010a0 
00011560: 3c8010a0 3d8010a0 3cc010a0 3dc010a0 
00011570: 3e8010a0 3f8010a0 3ec010a0 3fc010a0 
00011580: 380011a0 390011a0 384011a0 394011a0 
00011590: 3a0011a0 3b0011a0 3a4011a0 3b4011a0 
000115a0: 388011a0 398011a0 38c011a0 39c011a0 
000115b0: 3a8011a0 3b8011a0 3ac011a0 3bc011a0 
000115c0: 3c0011a0 3d0011a0 3c4011a0 3d4011a0 
000115d0: 3e0011a0 3f0011a0 3e4011a0 3f4011a0 
000115e0: 3c8011a0 3d8011a0 3cc011a0 3dc011a0 
000115f0: 3e8011a0 3f8011a0 3ec011a0 3fc011a0 
00011600: 300012a0 310012a0 304012a0 314012a0 
00011610: 320012a0 330012a0 324012a0 334012a0 
00011620: 308012a0 318012a0 30c012a0 31c012a0 
00011630: 328012a0 338012a0 32c012a0 33c012a0 
00011640: 340012a0 350012a0 344012a0 354012a0 
00011650: 360012a0 370012a0 364012a0 374012a0 
00011660: 348012a0 358012a0 34c012a0 35c012a0 
00011670: 368012a0 378012a0 36c012a0 37c012a0 
00011680: 300013a0 310013a0 304013a0 314013a0 
00011690: 320013a0 330013a0 324013a0 334013a0 
000116a0: 308013a0 318013a0 30c013a0 31c013a0 
000116b0: 328013a0 338013a0 32c013a0 33c013a0 
000116c0: 340013a0 350013a0 344013a0 354013a0 
000116d0: 360013a0 370013a0 364013a0 374013a0 
000116e0: 348013a0 358013a0 34c013a0 35c013a0 
000116f0: 368013a0 378013a0 36c013a0 37c013a0 
00011700: 380012a0 390012a0 384012a0 394012a0 
00011710: 3a0012a0 3b0012a0 3a4012a0 3b4012a0 
00011720: 388012a0 398012a0 38c012a0 39c012a0 
00011730: 3a8012a0 3b8012a0 3ac012a0 3bc012a0 
00011740: 3c0012a0 3d0012a0 3c4012a0 3d4012a0 
00011750: 3e0012a0 3f0012a0 3e4012a0 3f4012a0 
00011760: 3c8012a0 3d8012a0 3cc012a0 3dc012a0 
00011770: 3e8012a0 3f8012a0 3ec012a0 3fc012a0 
00011780: 380013a0 390013a0 384013a0 394013a0 
00011790: 3a0013a0 3b0013a0 3a4013a0 3b4013a0 
000117a0: 388013a0 398013a0 38c013a0 39c013a0 
000117b0: 3a8013a0 3b8013a0 3ac013a0 3bc013a0 
000117c0: 3c0013a0 3d0013a0 3c4013a0 3d4013a0 
000117d0: 3e0013a0 3f0013a0 3e4013a0 3f4013a0 
000117e0: 3c8013a0 3d8013a0 3cc013a0 3dc013a0 
000117f0: 3e8013a0 3f8013a0 3ec013a0 3fc013a0 
00011800: 200014a0 210014a0 204014a0 214014a0 
00011810: 220014a0 230014a0 224014a0 234014a0 
00011820: 208014a0 218014a0 20c014a0 21c014a0 
00011830: 228014a0 238014a0 22c014a0 23c014a0 
00011840: 240014a0 250014a0 244014a0 254014a0 
00011850: 260014a0 270014a0 264014a0 274014a0 
00011860: 248014a0 258014a0 24c014a0 25c014a0 
00011870: 268014a0 278014a0 26c014a0 27c014a0 
00011880: 200015a0 210015a0 204015a0 214015a0 
00011890: 220015a0 230015a0 224015a0 234015a0 
000118a0: 208015a0 218015a0 20c015a0 21c015a0 
000118b0: 228015a0 238015a0 22c015a0 23c015a0 
000118c0: 240015a0 250015a0 244015a0 254015a0 
000118d0: 260015a0 270015a0 264015a0 274015a0 
000118e0: 248015a0 258015a0 24c015a0 25c015a0 
000118f0: 268015a0 278015a0 26c015a0 27c015a0 
00011900: 280014a0 290014a0 284014a0 294014a0 
00011910: 2a0014a0 2b0014a0 2a4014a0 2b4014a0 
00011920: 288014a0 298014a0 28c014a0 29c014a0 
00011930: 2a8014a0 2b8014a0 2ac014a0 2bc014a0 
00011940: 2c0014a0 2d0014a0 2c4014a0 2d4014a0 
00011950: 2e0014a0 2f0014a0 2e4014a0 2f4014a0 
00011960: 2c8014a0 2d8014a0 2cc014a0 2dc014a0 
00011970: 2e8014a0 2f8014a0 2ec014a0 2fc014a0 
00011980: 280015a0 290015a0 284015a0 294015a0 
00011990: 2a0015a0 2b0015a0 2a4015a0 2b4015a0 
000119a0: 288015a0 298015a0 28c015a0 29c015a0 
000119b0: 2a8015a0 2b8015a0 2ac015a0 2bc015a0 
000119c0: 2c0015a0 2d0015a0 2c4015a0 2d4015a0 
000119d0: 2e0015a0 2f0015a0 2e4015a0 2f4015a0 
000119e0: 2c8015a0 2d8015a0 2cc015a0 2dc015a0 
000119f0: 2e8015a0 2f8015a0 2ec015a0 2fc015a0 
00011a00: 200016a0 210016a0 204016a0 214016a0 
00011a10: 220016a0 230016a0 224016a0 234016a0 
00011a20: 208016a0 218016a0 20c016a0 21c016a0 
00011a30: 228016a0 238016a0 22c016a0 23c016a0 
00011a40: 240016a0 250016a0 244016a0 254016a0 
00011a50: 260016a0 270016a0 264016a0 274016a0 
00011a60: 248016a0 258016a0 24c016a0 25c016a0 
00011a70: 268016a0 278016a0 26c016a0 27c016a0 
00011a80: 200017a0 210017a0 204017a0 214017a0 
00011a90: 220017a0 230017a0 224017a0 234017a0 
00011aa0: 208017a0 218017a0 20c017a0 21c017a0 
00011ab0: 228017a0 238017a0 22c017a0 23c017a0 
00011ac0: 240017a0 250017a0 244017a0 254017a0 
00011ad0: 260017a0 270017a0 264017a0 274017a0 
00011ae0: 248017a0 258017a0 24c017a0 25c017a0 
00011af0: 268017a0 278017a0 26c017a0 27c017a0 
00011b00: 280016a0 290016a0 284016a0 294016a0 
00011b10: 2a0016a0 2b0016a0 2a4016a0 2b4016a0 
00011b20: 288016a0 298016a0 28c016a0 29c016a0 
00011b30: 2a8016a0 2b8016a0 2ac016a0 2bc016a0 
00011b40: 2c0016a0 2d0016a0 2c4016a0 2d4016a0 
00011b50: 2e0016a0 2f0016a0 2e4016a0 2f4016a0 
00011b60: 2c8016a0 2d8016a0 2cc016a0 2dc016a0 
00011b70: 2e8016a0 2f8016a0 2ec016a0 2fc016a0 
00011b80: 280017a0 290017a0 284017a0 294017a0 
00011b90: 2a0017a0 2b0017a0 2a4017a0 2b4017a0 
00011ba0: 288017a0 298017a0 28c017a0 29c017a0 
00011bb0: 2a8017a0 2b8017a0 2ac017a0 2bc017a0 
00011bc0: 2c0017a0 2d0017a0 2c4017a0 2d4017a0 
00011bd0: 2e0017a0 2f0017a0 2e4017a0 2f4017a0 
00011be0: 2c8017a0 2d8017a0 2cc017a0 2dc017a0 
00011bf0: 2e8017a0 2f8017a0 2ec017a0 2fc017a0 
00011c00: 300014a0 310014a0 304014a0 314014a0 
00011c10: 320014a0 330014a0 324014a0 334014a0 
00011c20: 308014a0 318014a0 30c014a0 31c014a0 
00011c30: 328014a0 338014a0 32c014a0 33c014a0 
00011c40: 340014a0 350014a0 344014a0 354014a0 
00011c50: 360014a0 370014a0 364014a0 374014a0 
00011c60: 348014a0 358014a0 34c014a0 35c014a0 
00011c70: 368014a0 378014a0 36c014a0 37c014a0 
00011c80: 300015a0 310015a0 304015a0 314015a0 
00011c90: 320015a0 330015a0 324015a0 334015a0 
00011ca0: 308015a0 318015a0 30c015a0 31c015a0 
00011cb0: 328015a0 338015a0 32c015a0 33c015a0 
00011cc0: 340015a0 350015a0 344015a0 354015a0 
00011cd0: 360015a0 370015a0 364015a0 374015a0 
00011ce0: 348015a0 358015a0 34c015a0 35c015a0 
00011cf0: 368015a0 378015a0 36c015a0 37c015a0 
00011d00: 380014a0 390014a0 384014a0 394014a0 
00011d10: 3a0014a0 3b0014a0 3a4014a0 3b4014a0 
00011d20: 388014a0 398014a0 38c014a0 39c014a0 
00011d30: 3a8014a0 3b8014a0 3ac014a0 3bc014a0 
00011d40: 3c0014a0 3d0014a0 3c4014a0 3d4014a0 
00011d50: 3e0014a0 3f0014a0 3e4014a0 3f4014a0 
00011d60: 3c8014a0 3d8014a0 3cc014a0 3dc014a0 
00011d70: 3e8014a0 3f8014a0 3ec014a0 3fc014a0 
00011d80: 380015a0 390015a0 384015a0 394015a0 
00011d90: 3a0015a0 3b0015a0 3a4015a0 3b4015a0 
00011da0: 388015a0 398015a0 38c015a0 39c015a0 
00011db0: 3a8015a0 3b8015a0 3ac015a0 3bc015a0 
00011dc0: 3c0015a0 3d0015a0 3c4015a0 3d4015a0 
00011dd0: 3e0015a0 3f0015a0 3e4015a0 3f4015a0 
00011de0: 3c8015a0 3d8015a0 3cc015a0 3dc015a0 
00011df0: 3e8015a0 3f8015a0 3ec015a0 3fc015a0 
00011e00: 300016a0 310016a0 304016a0 314016a0 
00011e10: 320016a0 330016a0 324016a0 334016a0 
00011e20: 308016a0 318016a0 30c016a0 31c016a0 
00011e30: 328016a0 338016a0 32c016a0 33c016a0 
00011e40: 340016a0 350016a0 344016a0 354016a0 
00011e50: 360016a0 370016a0 364016a0 374016a0 
00011e60: 348016a0 358016a0 34c016a0 35c016a0 
00011e70: 368016a0 378016a0 36c016a0 37c016a0 
00011e80: 300017a0 310017a0 304017a0 314017a0 
00011e90: 320017a0 330017a0 324017a0 334017a0 
00011ea0: 308017a0 318017a0 30c017a0 31c017a0 
00011eb0: 328017a0 338017a0 32c017a0 33c017a0 
00011ec0: 340017a0 350017a0 344017a0 354017a0 
00011ed0: 360017a0 370017a0 364017a0 374017a0 
00011ee0: 348017a0 358017a0 34c017a0 35c017a0 
00011ef0: 368017a0 378017a0 36c017a0 37c017a0 
00011f00: 380016a0 390016a0 384016a0 394016a0 
00011f10: 3a0016a0 3b0016a0 3a4016a0 3b4016a0 
00011f20: 388016a0 398016a0 38c016a0 39c016a0 
00011f30: 3a8016a0 3b8016a0 3ac016a0 3bc016a0 
00011f40: 3c0016a0 3d0016a0 3c4016a0 3d4016a0 
00011f50: 3e0016a0 3f0016a0 3e4016a0 3f4016a0 
00011f60: 3c8016a0 3d8016a0 3cc016a0 3dc016a0 
00011f70: 3e8016a0 3f8016a0 3ec016a0 3fc016a0 
00011f80: 380017a0 390017a0 384017a0 394017a0 
00011f90: 3a0017a0 3b0017a0 3a4017a0 3b4017a0 
00011fa0: 388017a0 398017a0 38c017a0 39c017a0 
00011fb0: 3a8017a0 3b8017a0 3ac017a0 3bc017a0 
00011fc0: 3c0017a0 3d0017a0 3c4017a0 3d4017a0 
00011fd0: 3e0017a0 3f0017a0 3e4017a0 3f4017a0 
00011fe0: 3c8017a0 3d8017a0 3cc017a0 3dc017a0 
00011ff0: 3e8017a0 3f8017a0 3ec017a0 3fc017a0 
00012000: 000018a0 010018a0 004018a0 014018a0 
00012010: 020018a0 030018a0 024018a0 034018a0 
00012020: 008018a0 018018a0 00c018a0 01c018a0 
00012030: 028018a0 038018a0 02c018a0 03c018a0 
00012040: 040018a0 050018a0 044018a0 054018a0 
00012050: 060018a0 070018a0 064018a0 074018a0 
00012060: 048018a0 058018a0 04c018a0 05c018a0 
00012070: 068018a0 078018a0 06c018a0 07c018a0 
00012080: 000019a0 010019a0 004019a0 014019a0 
00012090: 020019a0 030019a0 024019a0 034019a0 
000120a0: 008019a0 018019a0 00c019a0 01c019a0 
000120b0: 028019a0 038019a0 02c019a0 03c019a0 
000120c0: 040019a0 050019a0 044019a0 054019a0 
000120d0: 060019a0 070019a0 064019a0 074019a0 
000120e0: 048019a0 058019a0 04c019a0 05c019a0 
000120f0: 068019a0 078019a0 06c019a0 07c019a0 
00012100: 080018a0 090018a0 084018a0 094018a0 
00012110: 0a0018a0 0b0018a0 0a4018a0 0b4018a0 
00012120: 088018a0 098018a0 08c018a0 09c018a0 
00012130: 0a8018a0 0b8018a0 0ac018a0 0bc018a0 
00012140: 0c0018a0 0d0018a0 0c4018a0 0d4018a0 
00012150: 0e0018a0 0f0018a0 0e4018a0 0f4018a0 
00012160: 0c8018a0 0d8018a0 0cc018a0 0dc018a0 
00012170: 0e8018a0 0f8018a0 0ec018a0 0fc018a0 
00012180: 080019a0 090019a0 084019a0 094019a0 
00012190: 0a0019a0 0b0019a0 0a4019a0 0b4019a0 
000121a0: 088019a0 098019a0 08c019a0 09c019a0 
000121b0: 0a8019a0 0b8019a0 0ac019a0 0bc019a0 
000121c0: 0c0019a0 0d0019a0 0c4019a0 0d4019a0 
000121d0: 0e0019a0 0f0019a0 0e4019a0 0f4019a0 
000121e0: 0c8019a0 0d8019a0 0cc019a0 0dc019a0 
000121f0: 0e8019a0 0f8019a0 0ec019a0 0fc019a0 
00012200: 00001aa0 01001aa0 00401aa0 01401aa0 
00012210: 02001aa0 03001aa0 02401aa0 03401aa0 
00012220: 00801aa0 01801aa0 00c01aa0 01c01aa0 
00012230: 02801aa0 03801aa0 02c01aa0 03c01aa0 
00012240: 04001aa0 05001aa0 04401aa0 05401aa0 
00012250: 06001aa0 07001aa0 06401aa0 07401aa0 
00012260: 04801aa0 05801aa0 04c01aa0 05c01aa0 
00012270: 06801aa0 07801aa0 06c01aa0 07c01aa0 
00012280: 00001ba0 01001ba0 00401ba0 01401ba0 
00012290: 02001ba0 03001ba0 02401ba0 03401ba0 
000122a0: 00801ba0 01801ba0 00c01ba0 01c01ba0 
000122b0: 02801ba0 03801ba0 02c01ba0 03c01ba0 
000122c0: 04001ba0 05001ba0 04401ba0 05401ba0 
000122d0: 06001ba0 07001ba0 06401ba0 07401ba0 
000122e0: 04801ba0 05801ba0 04c01ba0 05c01ba0 
000122f0: 06801ba0 07801ba0 06c01ba0 07c01ba0 
00012300: 08001aa0 09001aa0 08401aa0 09401aa0 
00012310: 0a001aa0 0b001aa0 0a401aa0 0b401aa0 
00012320: 08801aa0 09801aa0 08c01aa0 09c01aa0 
00012330: 0a801aa0 0b801aa0 0ac01aa0 0bc01aa0 
00012340: 0c001aa0 0d001aa0 0c401aa0 0d401aa0 
00012350: 0e001aa0 0f001aa0 0e401aa0 0f401aa0 
00012360: 0c801aa0 0d801aa0 0cc01aa0 0dc01aa0 
00012370: 0e801aa0 0f801aa0 0ec01aa0 0fc01aa0 
00012380: 08001ba0 09001ba0 08401ba0 09401ba0 
00012390: 0a001ba0 0b001ba0 0a401ba0 0b401ba0 
000123a0: 08801ba0 09801ba0 08c01ba0 09c01ba0 
000123b0: 0a801ba0 0b801ba0 0ac01ba0 0bc01ba0 
000123c0: 0c001ba0 0d001ba0 0c401ba0 0d401ba0 
000123d0: 0e001ba0 0f001ba0 0e401ba0 0f401ba0 
000123e0: 0c801ba0 0d801ba0 0cc01ba0 0dc01ba0 
000123f0: 0e801ba0 0f801ba0 0ec01ba0 0fc01ba0 
00012400: 100018a0 110018a0 104018a0 114018a0 
00012410: 120018a0 130018a0 124018a0 134018a0 
00012420: 108018a0 118018a0 10c018a0 11c018a0 
00012430: 128018a0 138018a0 12c018a0 13c018a0 
00012440: 140018a0 150018a0 144018a0 154018a0 
00012450: 160018a0 170018a0 164018a0 174018a0 
00012460: 148018a0 158018a0 14c018a0 15c018a0 
00012470: 168018a0 178018a0 16c018a0 17c018a0 
00012480: 100019a0 110019a0 104019a0 114019a0 
00012490: 120019a0 130019a0 124019a0 134019a0 
000124a0: 108019a0 118019a0 10c019a0 11c019a0 
000124b0: 128019a0 138019a0 12c019a0 13c019a0 
000124c0: 140019a0 150019a0 144019a0 154019a0 
000124d0: 160019a0 170019a0 164019a0 174019a0 
000124e0: 148019a0 158019a0 14c019a0 15c019a0 
000124f0: 168019a0 178019a0 16c019a0 17c019a0 
00012500: 180018a0 190018a0 184018a0 194018a0 
00012510: 1a0018a0 1b0018a0 1a4018a0 1b4018a0 
00012520: 188018a0 198018a0 18c018a0 19c018a0 
00012530: 1a8018a0 1b8018a0 1ac018a0 1bc018a0 
00012540: 1c0018a0 1d0018a0 1c4018a0 1d4018a0 
00012550: 1e0018a0 1f0018a0 1e4018a0 1f4018a0 
00012560: 1c8018a0 1d8018a0 1cc018a0 1dc018a0 
00012570: 1e8018a0 1f8018a0 1ec018a0 1fc018a0 
00012580: 180019a0 190019a0 184019a0 194019a0 
00012590: 1a0019a0 1b0019a0 1a4019a0 1b4019a0 
000125a0: 188019a0 198019a0 18c019a0 19c019a0 
000125b0: 1a8019a0 1b8019a0 1ac019a0 1bc019a0 
000125c0: 1c0019a0 1d0019a0 1c4019a0 1d4019a0 
000125d0: 1e0019a0 1f0019a0 1e4019a0 1f4019a0 
000125e0: 1c8019a0 1d8019a0 1cc019a0 1dc019a0 
000125f0: 1e8019a0 1f8019a0 1ec019a0 1fc019a0 
00012600: 10001aa0 11001aa0 10401aa0 11401aa0 
00012610: 12001aa0 13001aa0 12401aa0 13401aa0 
00012620: 10801aa0 11801aa0 10c01aa0 11c01aa0 
00012630: 12801aa0 13801aa0 12c01aa0 13c01aa0 
00012640: 14001aa0 15001aa0 14401aa0 15401aa0 
00012650: 16001aa0 17001aa0 16401aa0 17401aa0 
00012660: 14801aa0 15801aa0 14c01aa0 15c01aa0 
00012670: 16801aa0 17801aa0 16c01aa0 17c01aa0 
00012680: 10001ba0 11001ba0 10401ba0 11401ba0 
00012690: 12001ba0 13001ba0 12401ba0 13401ba0 
000126a0: 10801ba0 11801ba0 10c01ba0 11c01ba0 
000126b0: 12801ba0 13801ba0 12c01ba0 13c01ba0 
000126c0: 14001ba0 15001ba0 14401ba0 15401ba0 
000126d0: 16001ba0 17001ba0 16401ba0 17401ba0 
000126e0: 14801ba0 15801ba0 14c01ba0 15c01ba0 
000126f0: 16801ba0 17801ba0 16c01ba0 17c01ba0 
00012700: 18001aa0 19001aa0 18401aa0 19401aa0 
00012710: 1a001aa0 1b001aa0 1a401aa0 1b401aa0 
00012720: 18801aa0 19801aa0 18c01aa0 19c01aa0 
00012730: 1a801aa0 1b801aa0 1ac01aa0 1bc01aa0 
00012740: 1c001aa0 1d001aa0 1c401aa0 1d401aa0 
00012750: 1e001aa0 1f001aa0 1e401aa0 1f401aa0 
00012760: 1c801aa0 1d801aa0 1cc01aa0 1dc01aa0 
00012770: 1e801aa0 1f801aa0 1ec01aa0 1fc01aa0 
00012780: 18001ba0 19001ba0 18401ba0 19401ba0 
00012790: 1a001ba0 1b001ba0 1a401ba0 1b401ba0 
000127a0: 18801ba0 19801ba0 18c01ba0 19c01ba0 
000127b0: 1a801ba0 1b801ba0 1ac01ba0 1bc01ba0 
000127c0: 1c001ba0 1d001ba0 1c401ba0 1d401ba0 
000127d0: 1e001ba0 1f001ba0 1e401ba0 1f401ba0 
000127e0: 1c801ba0 1d801ba0 1cc01ba0 1dc01ba0 
000127f0: 1e801ba0 1f801ba0 1ec01ba0 1fc01ba0 
00012800: 00001ca0 01001ca0 00401ca0 01401ca0 
00012810: 02001ca0 03001ca0 02401ca0 03401ca0 
00012820: 00801ca0 01801ca0 00c01ca0 01c01ca0 
00012830: 02801ca0 03801ca0 02c01ca0 03c01ca0 
00012840: 04001ca0 05001ca0 04401ca0 05401ca0 
00012850: 06001ca0 07001ca0 06401ca0 07401ca0 
00012860: 04801ca0 05801ca0 04c01ca0 05c01ca0 
00012870: 06801ca0 07801ca0 06c01ca0 07c01ca0 
00012880: 00001da0 01001da0 00401da0 01401da0 
00012890: 02001da0 03001da0 02401da0 03401da0 
000128a0: 00801da0 01801da0 00c01da0 01c01da0 
000128b0: 02801da0 03801da0 02c01da0 03c01da0 
000128c0: 04001da0 05001da0 04401da0 05401da0 
000128d0: 06001da0 07001da0 06401da0 07401da0 
000128e0: 04801da0 05801da0 04c01da0 05c01da0 
000128f0: 06801da0 07801da0 06c01da0 07c01da0 
00012900: 08001ca0 09001ca0 08401ca0 09401ca0 
00012910: 0a001ca0 0b001ca0 0a401ca0 0b401ca0 
00012920: 08801ca0 09801ca0 08c01ca0 09c01ca0 
00012930: 0a801ca0 0b801ca0 0ac01ca0 0bc01ca0 
00012940: 0c001ca0 0d001ca0 0c401ca0 0d401ca0 
00012950: 0e001ca0 0f001ca0 0e401ca0 0f401ca0 
00012960: 0c801ca0 0d801ca0 0cc01ca0 0dc01ca0 
00012970: 0e801ca0 0f801ca0 0ec01ca0 0fc01ca0 
00012980: 08001da0 09001da0 08401da0 09401da0 
00012990: 0a001da0 0b001da0 0a401da0 0b401da0 
000129a0: 08801da0 09801da0 08c01da0 09c01da0 
000129b0: 0a801da0 0b801da0 0ac01da0 0bc01da0 
000129c0: 0c001da0 0d001da0 0c401da0 0d401da0 
000129d0: 0e001da0 0f001da0 0e401da0 0f401da0 
000129e0: 0c801da0 0d801da0 0cc01da0 0dc01da0 
000129f0: 0e801da0 0f801da0 0ec01da0 0fc01da0 
00012a00: 00001ea0 01001ea0 00401ea0 01401ea0 
00012a10: 02001ea0 03001ea0 02401ea0 03401ea0 
00012a20: 00801ea0 01801ea0 00c01ea0 01c01ea0 
00012a30: 02801ea0 03801ea0 02c01ea0 03c01ea0 
00012a40: 04001ea0 05001ea0 04401ea0 05401ea0 
00012a50: 06001ea0 07001ea0 06401ea0 07401ea0 
00012a60: 04801ea0 05801ea0 04c01ea0 05c01ea0 
00012a70: 06801ea0 07801ea0 06c01ea0 07c01ea0 
00012a80: 00001fa0 01001fa0 00401fa0 01401fa0 
00012a90: 02001fa0 03001fa0 02401fa0 03401fa0 
00012aa0: 00801fa0 01801fa0 00c01fa0 01c01fa0 
00012ab0: 02801fa0 03801fa0 02c01fa0 03c01fa0 
00012ac0: 04001fa0 05001fa0 04401fa0 05401fa0 
00012ad0: 06001fa0 07001fa0 06401fa0 07401fa0 
00012ae0: 04801fa0 05801fa0 04c01fa0 05c01fa0 
00012af0: 06801fa0 07801fa0 06c01fa0 07c01fa0 
00012b00: 08001ea0 09001ea0 08401ea0 09401ea0 
00012b10: 0a001ea0 0b001ea0 0a401ea0 0b401ea0 
00012b20: 08801ea0 09801ea0 08c01ea0 09c01ea0 
00012b30: 0a801ea0 0b801ea0 0ac01ea0 0bc01ea0 
00012b40: 0c001ea0 0d001ea0 0c401ea0 0d401ea0 
00012b50: 0e001ea0 0f001ea0 0e401ea0 0f401ea0 
00012b60: 0c801ea0 0d801ea0 0cc01ea0 0dc01ea0 
00012b70: 0e801ea0 0f801ea0 0ec01ea0 0fc01ea0 
00012b80: 08001fa0 09001fa0 08401fa0 09401fa0 
00012b90: 0a001fa0 0b001fa0 0a401fa0 0b401fa0 
00012ba0: 08801fa0 09801fa0 08c01fa0 09c01fa0 
00012bb0: 0a801fa0 0b801fa0 0ac01fa0 0bc01fa0 
00012bc0: 0c001fa0 0d001fa0 0c401fa0 0d401fa0 
00012bd0: 0e001fa0 0f001fa0 0e401fa0 0f401fa0 
00012be0: 0c801fa0 0d801fa0 0cc01fa0 0dc01fa0 
00012bf0: 0e801fa0 0f801fa0 0ec01fa0 0fc01fa0 
00012c00: 10001ca0 11001ca0 10401ca0 11401ca0 
00012c10: 12001ca0 13001ca0 12401ca0 13401ca0 
00012c20: 10801ca0 11801ca0 10c01ca0 11c01ca0 
00012c30: 12801ca0 13801ca0 12c01ca0 13c01ca0 
00012c40: 14001ca0 15001ca0 14401ca0 15401ca0 
00012c50: 16001ca0 17001ca0 16401ca0 17401ca0 
00012c60: 14801ca0 15801ca0 14c01ca0 15c01ca0 
00012c70: 16801ca0 17801ca0 16c01ca0 17c01ca0 
00012c80: 10001da0 11001da0 10401da0 11401da0 
00012c90: 12001da0 13001da0 12401da0 13401da0 
00012ca0: 10801da0 11801da0 10c01da0 11c01da0 
00012cb0: 12801da0 13801da0 12c01da0 13c01da0 
00012cc0: 14001da0 15001da0 14401da0 15401da0 
00012cd0: 16001da0 17001da0 16401da0 17401da0 
00012ce0: 14801da0 15801da0 14c01da0 15c01da0 
00012cf0: 16801da0 17801da0 16c01da0 17c01da0 
00012d00: 18001ca0 19001ca0 18401ca0 19401ca0 
00012d10: 1a001ca0 1b001ca0 1a401ca0 1b401ca0 
00012d20: 18801ca0 19801ca0 18c01ca0 19c01ca0 
00012d30: 1a801ca0 1b801ca0 1ac01ca0 1bc01ca0 
00012d40: 1c001ca0 1d001ca0 1c401ca0 1d401ca0 
00012d50: 1e001ca0 1f001ca0 1e401ca0 1f401ca0 
00012d60: 1c801ca0 1d801ca0 1cc01ca0 1dc01ca0 
00012d70: 1e801ca0 1f801ca0 1ec01ca0 1fc01ca0 
00012d80: 18001da0 19001da0 18401da0 19401da0 
00012d90: 1a001da0 1b001da0 1a401da0 1b401da0 
00012da0: 18801da0 19801da0 18c01da0 19c01da0 
00012db0: 1a801da0 1b801da0 1ac01da0 1bc01da0 
00012dc0: 1c001da0 1d001da0 1c401da0 1d401da0 
00012dd0: 1e001da0 1f001da0 1e401da0 1f401da0 
00012de0: 1c801da0 1d801da0 1cc01da0 1dc01da0 
00012df0: 1e801da0 1f801da0 1ec01da0 1fc01da0 
00012e00: 10001ea0 11001ea0 10401ea0 11401ea0 
00012e10: 12001ea0 13001ea0 12401ea0 13401ea0 
00012e20: 10801ea0 11801ea0 10c01ea0 11c01ea0 
00012e30: 12801ea0 13801ea0 12c01ea0 13c01ea0 
00012e40: 14001ea0 15001ea0 14401ea0 15401ea0 
00012e50: 16001ea0 17001ea0 16401ea0 17401ea0 
00012e60: 14801ea0 15801ea0 14c01ea0 15c01ea0 
00012e70: 16801ea0 17801ea0 16c01ea0 17c01ea0 
00012e80: 10001fa0 11001fa0 10401fa0 11401fa0 
00012e90: 12001fa0 13001fa0 12401fa0 13401fa0 
00012ea0: 10801fa0 11801fa0 10c01fa0 11c01fa0 
00012eb0: 12801fa0 13801fa0 12c01fa0 13c01fa0 
00012ec0: 14001fa0 15001fa0 14401fa0 15401fa0 
00012ed0: 16001fa0 17001fa0 16401fa0 17401fa0 
00012ee0: 14801fa0 15801fa0 14c01fa0 15c01fa0 
00012ef0: 16801fa0 17801fa0 16c01fa0 17c01fa0 
00012f00: 18001ea0 19001ea0 18401ea0 19401ea0 
00012f10: 1a001ea0 1b001ea0 1a401ea0 1b401ea0 
00012f20: 18801ea0 19801ea0 18c01ea0 19c01ea0 
00012f30: 1a801ea0 1b801ea0 1ac01ea0 1bc01ea0 
00012f40: 1c001ea0 1d001ea0 1c401ea0 1d401ea0 
00012f50: 1e001ea0 1f001ea0 1e401ea0 1f401ea0 
00012f60: 1c801ea0 1d801ea0 1cc01ea0 1dc01ea0 
00012f70: 1e801ea0 1f801ea0 1ec01ea0 1fc01ea0 
00012f80: 18001fa0 19001fa0 18401fa0 19401fa0 
00012f90: 1a001fa0 1b001fa0 1a401fa0 1b401fa0 
00012fa0: 18801fa0 19801fa0 18c01fa0 19c01fa0 
00012fb0: 1a801fa0 1b801fa0 1ac01fa0 1bc01fa0 
00012fc0: 1c001fa0 1d001fa0 1c401fa0 1d401fa0 
00012fd0: 1e001fa0 1f001fa0 1e401fa0 1f401fa0 
00012fe0: 1c801fa0 1d801fa0 1cc01fa0 1dc01fa0 
00012ff0: 1e801fa0 1f801fa0 1ec01fa0 1fc01fa0 
00013000: 200018a0 210018a0 204018a0 214018a0 
00013010: 220018a0 230018a0 224018a0 234018a0 
00013020: 208018a0 218018a0 20c018a0 21c018a0 
00013030: 228018a0 238018a0 22c018a0 23c018a0 
00013040: 240018a0 250018a0 244018a0 254018a0 
00013050: 260018a0 270018a0 264018a0 274018a0 
00013060: 248018a0 258018a0 24c018a0 25c018a0 
00013070: 268018a0 278018a0 26c018a0 27c018a0 
00013080: 200019a0 210019a0 204019a0 214019a0 
00013090: 220019a0 230019a0 224019a0 234019a0 
000130a0: 208019a0 218019a0 20c019a0 21c019a0 
000130b0: 228019a0 238019a0 22c019a0 23c019a0 
000130c0: 240019a0 250019a0 244019a0 254019a0 
000130d0: 260019a0 270019a0 264019a0 274019a0 
000130e0: 248019a0 258019a0 24c019a0 25c019a0 
000130f0: 268019a0 278019a0 26c019a0 27c019a0 
00013100: 280018a0 290018a0 284018a0 294018a0 
00013110: 2a0018a0 2b0018a0 2a4018a0 2b4018a0 
00013120: 288018a0 298018a0 28c018a0 29c018a0 
00013130: 2a8018a0 2b8018a0 2ac018a0 2bc018a0 
00013140: 2c0018a0 2d0018a0 2c4018a0 2d4018a0 
00013150: 2e0018a0 2f0018a0 2e4018a0 2f4018a0 
00013160: 2c8018a0 2d8018a0 2cc018a0 2dc018a0 
00013170: 2e8018a0 2f8018a0 2ec018a0 2fc018a0 
00013180: 280019a0 290019a0 284019a0 294019a0 
00013190: 2a0019a0 2b0019a0 2a4019a0 2b4019a0 
000131a0: 288019a0 298019a0 28c019a0 29c019a0 
000131b0: 2a8019a0 2b8019a0 2ac019a0 2bc019a0 
000131c0: 2c0019a0 2d0019a0 2c4019a0 2d4019a0 
000131d0: 2e0019a0 2f0019a0 2e4019a0 2f4019a0 
000131e0: 2c8019a0 2d8019a0 2cc019a0 2dc019a0 
000131f0: 2e8019a0 2f8019a0 2ec019a0 2fc019a0 
00013200: 20001aa0 21001aa0 20401aa0 21401aa0 
00013210: 22001aa0 23001aa0 22401aa0 23401aa0 
00013220: 20801aa0 21801aa0 20c01aa0 21c01aa0 
00013230: 22801aa0 23801aa0 22c01aa0 23c01aa0 
00013240: 24001aa0 25001aa0 24401aa0 25401aa0 
00013250: 26001aa0 27001aa0 26401aa0 27401aa0 
00013260: 24801aa0 25801aa0 24c01aa0 25c01aa0 
00013270: 26801aa0 27801aa0 26c01aa0 27c01aa0 
00013280: 20001ba0 21001ba0 20401ba0 21401ba0 
00013290: 22001ba0 23001ba0 22401ba0 23401ba0 
000132a0: 20801ba0 21801ba0 20c01ba0 21c01ba0 
000132b0: 22801ba0 23801ba0 22c01ba0 23c01ba0 
000132c0: 24001ba0 25001ba0 24401ba0 25401ba0 
000132d0: 26001ba0 27001ba0 26401ba0 27401ba0 
000132e0: 24801ba0 25801ba0 24c01ba0 25c01ba0 
000132f0: 26801ba0 27801ba0 26c01ba0 27c01ba0 
00013300: 28001aa0 29001aa0 28401aa0 29401aa0 
00013310: 2a001aa0 2b001aa0 2a401aa0 2b401aa0 
00013320: 28801aa0 29801aa0 28c01aa0 29c01aa0 
00013330: 2a801aa0 2b801aa0 2ac01aa0 2bc01aa0 
00013340: 2c001aa0 2d001aa0 2c401aa0 2d401aa0 
00013350: 2e001aa0 2f001aa0 2e401aa0 2f401aa0 
00013360: 2c801aa0 2d801aa0 2cc01aa0 2dc01aa0 
00013370: 2e801aa0 2f801aa0 2ec01aa0 2fc01aa0 
00013380: 28001ba0 29001ba0 28401ba0 29401ba0 
00013390: 2a001ba0 2b001ba0 2a401ba0 2b401ba0 
000133a0: 28801ba0 29801ba0 28c01ba0 29c01ba0 
000133b0: 2a801ba0 2b801ba0 2ac01ba0 2bc01ba0 
000133c0: 2c001ba0 2d001ba0 2c401ba0 2d401ba0 
000133d0: 2e001ba0 2f001ba0 2e401ba0 2f401ba0 
000133e0: 2c801ba0 2d801ba0 2cc01ba0 2dc01ba0 
000133f0: 2e801ba0 2f801ba0 2ec01ba0 2fc01ba0 
00013400: 300018a0 310018a0 304018a0 314018a0 
00013410: 320018a0 330018a0 324018a0 334018a0 
00013420: 308018a0 318018a0 30c018a0 31c018a0 
00013430: 328018a0 338018a0 32c018a0 33c018a0 
00013440: 340018a0 350018a0 344018a0 354018a0 
00013450: 360018a0 370018a0 364018a0 374018a0 
00013460: 348018a0 358018a0 34c018a0 35c018a0 
00013470: 368018a0 378018a0 36c018a0 37c018a0 
00013480: 300019a0 310019a0 304019a0 314019a0 
00013490: 320019a0 330019a0 324019a0 334019a0 
000134a0: 308019a0 318019a0 30c019a0 31c019a0 
000134b0: 328019a0 338019a0 32c019a0 33c019a0 
000134c0: 340019a0 350019a0 344019a0 354019a0 
000134d0: 360019a0 370019a0 364019a0 374019a0 
000134e0: 348019a0 358019a0 34c019a0 35c019a0 
000134f0: 368019a0 378019a0 36c019a0 37c019a0 
00013500: 380018a0 390018a0 384018a0 394018a0 
00013510: 3a0018a0 3b0018a0 3a4018a0 3b4018a0 
00013520: 388018a0 398018a0 38c018a0 39c018a0 
00013530: 3a8018a0 3b8018a0 3ac018a0 3bc018a0 
00013540: 3c0018a0 3d0018a0 3c4018a0 3d4018a0 
00013550: 3e0018a0 3f0018a0 3e4018a0 3f4018a0 
00013560: 3c8018a0 3d8018a0 3cc018a0 3dc018a0 
00013570: 3e8018a0 3f8018a0 3ec018a0 3fc018a0 
00013580: 380019a0 390019a0 384019a0 394019a0 
00013590: 3a0019a0 3b0019a0 3a4019a0 3b4019a0 
000135a0: 388019a0 398019a0 38c019a0 39c019a0 
000135b0: 3a8019a0 3b8019a0 3ac019a0 3bc019a0 
000135c0: 3c0019a0 3d0019a0 3c4019a0 3d4019a0 
000135d0: 3e0019a0 3f0019a0 3e4019a0 3f4019a0 
000135e0: 3c8019a0 3d8019a0 3cc019a0 3dc019a0 
000135f0: 3e8019a0 3f8019a0 3ec019a0 3fc019a0 
00013600: 30001aa0 31001aa0 30401aa0 31401aa0 
00013610: 32001aa0 33001aa0 32401aa0 33401aa0 
00013620: 30801aa0 31801aa0 30c01aa0 31c01aa0 
00013630: 32801aa0 33801aa0 32c01aa0 33c01aa0 
00013640: 34001aa0 35001aa0 34401aa0 35401aa0 
00013650: 36001aa0 37001aa0 36401aa0 37401aa0 
00013660: 34801aa0 35801aa0 34c01aa0 35c01aa0 
00013670: 36801aa0 37801aa0 36c01aa0 37c01aa0 
00013680: 30001ba0 31001ba0 30401ba0 31401ba0 
00013690: 32001ba0 33001ba0 32401ba0 33401ba0 
000136a0: 30801ba0 31801ba0 30c01ba0 31c01ba0 
000136b0: 32801ba0 33801ba0 32c01ba0 33c01ba0 
000136c0: 34001ba0 35001ba0 34401ba0 35401ba0 
000136d0: 36001ba0 37001ba0 36401ba0 37401ba0 
000136e0: 34801ba0 35801ba0 34c01ba0 35c01ba0 
000136f0: 36801ba0 37801ba0 36c01ba0 37c01ba0 
00013700: 38001aa0 39001aa0 38401aa0 39401aa0 
00013710: 3a001aa0 3b001aa0 3a401aa0 3b401aa0 
00013720: 38801aa0 39801aa0 38c01aa0 39c01aa0 
00013730: 3a801aa0 3b801aa0 3ac01aa0 3bc01aa0 
00013740: 3c001aa0 3d001aa0 3c401aa0 3d401aa0 
00013750: 3e001aa0 3f001aa0 3e401aa0 3f401aa0 
00013760: 3c801aa0 3d801aa0 3cc01aa0 3dc01aa0 
00013770: 3e801aa0 3f801aa0 3ec01aa0 3fc01aa0 
00013780: 38001ba0 39001ba0 38401ba0 39401ba0 
00013790: 3a001ba0 3b001ba0 3a401ba0 3b401ba0 
000137a0: 38801ba0 39801ba0 38c01ba0 39c01ba0 
000137b0: 3a801ba0 3b801ba0 3ac01ba0 3bc01ba0 
000137c0: 3c001ba0 3d001ba0 3c401ba0 3d401ba0 
000137d0: 3e001ba0 3f001ba0 3e401ba0 3f401ba0 
000137e0: 3c801ba0 3d801ba0 3cc01ba0 3dc01ba0 
000137f0: 3e801ba0 3f801ba0 3ec01ba0 3fc01ba0 
00013800: 20001ca0 21001ca0 20401ca0 21401ca0 
00013810: 22001ca0 23001ca0 22401ca0 23401ca0 
00013820: 20801ca0 21801ca0 20c01ca0 21c01ca0 
00013830: 22801ca0 23801ca0 22c01ca0 23c01ca0 
00013840: 24001ca0 25001ca0 24401ca0 25401ca0 
00013850: 26001ca0 27001ca0 26401ca0 27401ca0 
00013860: 24801ca0 25801ca0 24c01ca0 25c01ca0 
00013870: 26801ca0 27801ca0 26c01ca0 27c01ca0 
00013880: 20001da0 21001da0 20401da0 21401da0 
00013890: 22001da0 23001da0 22401da0 23401da0 
000138a0: 20801da0 21801da0 20c01da0 21c01da0 
000138b0: 22801da0 23801da0 22c01da0 23c01da0 
000138c0: 24001da0 25001da0 24401da0 25401da0 
000138d0: 26001da0 27001da0 26401da0 27401da0 
000138e0: 24801da0 25801da0 24c01da0 25c01da0 
000138f0: 26801da0 27801da0 26c01da0 27c01da0 
00013900: 28001ca0 29001ca0 28401ca0 29401ca0 
00013910: 2a001ca0 2b001ca0 2a401ca0 2b401ca0 
00013920: 28801ca0 29801ca0 28c01ca0 29c01ca0 
00013930: 2a801ca0 2b801ca0 2ac01ca0 2bc01ca0 
00013940: 2c001ca0 2d001ca0 2c401ca0 2d401ca0 
00013950: 2e001ca0 2f001ca0 2e401ca0 2f401ca0 
00013960: 2c801ca0 2d801ca0 2cc01ca0 2dc01ca0 
00013970: 2e801ca0 2f801ca0 2ec01ca0 2fc01ca0 
00013980: 28001da0 29001da0 28401da0 29401da0 
00013990: 2a001da0 2b001da0 2a401da0 2b401da0 
000139a0: 28801da0 29801da0 28c01da0 29c01da0 
000139b0: 2a801da0 2b801da0 2ac01da0 2bc01da0 
000139c0: 2c001da0 2d001da0 2c401da0 2d401da0 
000139d0: 2e001da0 2f001da0 2e401da0 2f401da0 
000139e0: 2c801da0 2d801da0 2cc01da0 2dc01da0 
000139f0: 2e801da0 2f801da0 2ec01da0 2fc01da0 
00013a00: 20001ea0 21001ea0 20401ea0 21401ea0 
00013a10: 22001ea0 23001ea0 22401ea0 23401ea0 
00013a20: 20801ea0 21801ea0 20c01ea0 21c01ea0 
00013a30: 22801ea0 23801ea0 22c01ea0 23c01ea0 
00013a40: 24001ea0 25001ea0 24401ea0 25401ea0 
00013a50: 26001ea0 27001ea0 26401ea0 27401ea0 
00013a60: 24801ea0 25801ea0 24c01ea0 25c01ea0 
00013a70: 26801ea0 27801ea0 26c01ea0 27c01ea0 
00013a80: 20001fa0 21001fa0 20401fa0 21401fa0 
00013a90: 22001fa0 23001fa0 22401fa0 23401fa0 
00013aa0: 20801fa0 21801fa0 20c01fa0 21c01fa0 
00013ab0: 22801fa0 23801fa0 22c01fa0 23c01fa0 
00013ac0: 24001fa0 25001fa0 24401fa0 25401fa0 
00013ad0: 26001fa0 27001fa0 26401fa0 27401fa0 
00013ae0: 24801fa0 25801fa0 24c01fa0 25c01fa0 
00013af0: 26801fa0 27801fa0 26c01fa0 27c01fa0 
00013b00: 28001ea0 29001ea0 28401ea0 29401ea0 
00013b10: 2a001ea0 2b001ea0 2a401ea0 2b401ea0 
00013b20: 28801ea0 29801ea0 28c01ea0 29c01ea0 
00013b30: 2a801ea0 2b801ea0 2ac01ea0 2bc01ea0 
00013b40: 2c001ea0 2d001ea0 2c401ea0 2d401ea0 
00013b50: 2e001ea0 2f001ea0 2e401ea0 2f401ea0 
00013b60: 2c801ea0 2d801ea0 2cc01ea0 2dc01ea0 
00013b70: 2e801ea0 2f801ea0 2ec01ea0 2fc01ea0 
00013b80: 28001fa0 29001fa0 28401fa0 29401fa0 
00013b90: 2a001fa0 2b001fa0 2a401fa0 2b401fa0 
00013ba0: 28801fa0 29801fa0 28c01fa0 29c01fa0 
00013bb0: 2a801fa0 2b801fa0 2ac01fa0 2bc01fa0 
00013bc0: 2c001fa0 2d001fa0 2c401fa0 2d401fa0 
00013bd0: 2e001fa0 2f001fa0 2e401fa0 2f401fa0 
00013be0: 2c801fa0 2d801fa0 2cc01fa0 2dc01fa0 
00013bf0: 2e801fa0 2f801fa0 2ec01fa0 2fc01fa0 
00013c00: 30001ca0 31001ca0 30401ca0 31401ca0 
00013c10: 32001ca0 33001ca0 32401ca0 33401ca0 
00013c20: 30801ca0 31801ca0 30c01ca0 31c01ca0 
00013c30: 32801ca0 33801ca0 32c01ca0 33c01ca0 
00013c40: 34001ca0 35001ca0 34401ca0 35401ca0 
00013c50: 36001ca0 37001ca0 36401ca0 37401ca0 
00013c60: 34801ca0 35801ca0 34c01ca0 35c01ca0 
00013c70: 36801ca0 37801ca0 36c01ca0 37c01ca0 
00013c80: 30001da0 31001da0 30401da0 31401da0 
00013c90: 32001da0 33001da0 32401da0 33401da0 
00013ca0: 30801da0 31801da0 30c01da0 31c01da0 
00013cb0: 32801da0 33801da0 32c01da0 33c01da0 
00013cc0: 34001da0 35001da0 34401da0 35401da0 
00013cd0: 36001da0 37001da0 36401da0 37401da0 
00013ce0: 34801da0 35801da0 34c01da0 35c01da0 
00013cf0: 36801da0 37801da0 36c01da0 37c01da0 
00013d00: 38001ca0 39001ca0 38401ca0 39401ca0 
00013d10: 3a001ca0 3b001ca0 3a401ca0 3b401ca0 
00013d20: 38801ca0 39801ca0 38c01ca0 39c01ca0 
00013d30: 3a801ca0 3b801ca0 3ac01ca0 3bc01ca0 
00013d40: 3c001ca0 3d001ca0 3c401ca0 3d401ca0 
00013d50: 3e001ca0 3f001ca0 3e401ca0 3f401ca0 
00013d60: 3c801ca0 3d801ca0 3cc01ca0 3dc01ca0 
00013d70: 3e801ca0 3f801ca0 3ec01ca0 3fc01ca0 
00013d80: 38001da0 39001da0 38401da0 39401da0 
00013d90: 3a001da0 3b001da0 3a401da0 3b401da0 
00013da0: 38801da0 39801da0 38c01da0 39c01da0 
00013db0: 3a801da0 3b801da0 3ac01da0 3bc01da0 
00013dc0: 3c001da0 3d001da0 3c401da0 3d401da0 
00013dd0: 3e001da0 3f001da0 3e401da0 3f401da0 
00013de0: 3c801da0 3d801da0 3cc01da0 3dc01da0 
00013df0: 3e801da0 3f801da0 3ec01da0 3fc01da0 
00013e00: 30001ea0 31001ea0 30401ea0 31401ea0 
00013e10: 32001ea0 33001ea0 32401ea0 33401ea0 
00013e20: 30801ea0 31801ea0 30c01ea0 31c01ea0 
00013e30: 32801ea0 33801ea0 32c01ea0 33c01ea0 
00013e40: 34001ea0 35001ea0 34401ea0 35401ea0 
00013e50: 36001ea0 37001ea0 36401ea0 37401ea0 
00013e60: 34801ea0 35801ea0 34c01ea0 35c01ea0 
00013e70: 36801ea0 37801ea0 36c01ea0 37c01ea0 
00013e80: 30001fa0 31001fa0 30401fa0 31401fa0 
00013e90: 32001fa0 33001fa0 32401fa0 33401fa0 
00013ea0: 30801fa0 31801fa0 30c01fa0 31c01fa0 
00013eb0: 32801fa0 33801fa0 32c01fa0 33c01fa0 
00013ec0: 34001fa0 35001fa0 34401fa0 35401fa0 
00013ed0: 36001fa0 37001fa0 36401fa0 37401fa0 
00013ee0: 34801fa0 35801fa0 34c01fa0 35c01fa0 
00013ef0: 36801fa0 37801fa0 36c01fa0 37c01fa0 
00013f00: 38001ea0 39001ea0 38401ea0 39401ea0 
00013f10: 3a001ea0 3b001ea0 3a401ea0 3b401ea0 
00013f20: 38801ea0 39801ea0 38c01ea0 39c01ea0 
00013f30: 3a801ea0 3b801ea0 3ac01ea0 3bc01ea0 
00013f40: 3c001ea0 3d001ea0 3c401ea0 3d401ea0 
00013f50: 3e001ea0 3f001ea0 3e401ea0 3f401ea0 
00013f60: 3c801ea0 3d801ea0 3cc01ea0 3dc01ea0 
00013f70: 3e801ea0 3f801ea0 3ec01ea0 3fc01ea0 
00013f80: 38001fa0 39001fa0 38401fa0 39401fa0 
00013f90: 3a001fa0 3b001fa0 3a401fa0 3b401fa0 
00013fa0: 38801fa0 39801fa0 38c01fa0 39c01fa0 
00013fb0: 3a801fa0 3b801fa0 3ac01fa0 3bc01fa0 
00013fc0: 3c001fa0 3d001fa0 3c401fa0 3d401fa0 
00013fd0: 3e001fa0 3f001fa0 3e401fa0 3f401fa0 
00013fe0: 3c801fa0 3d801fa0 3cc01fa0 3dc01fa0 
00013ff0: 3e801fa0 3f801fa0 3ec01fa0 3fc01fa0 
00014000: 400010a0 410010a0 404010a0 414010a0 
00014010: 420010a0 430010a0 424010a0 434010a0 
00014020: 408010a0 418010a0 40c010a0 41c010a0 
00014030: 428010a0 438010a0 42c010a0 43c010a0 
00014040: 440010a0 450010a0 444010a0 454010a0 
00014050: 460010a0 470010a0 464010a0 474010a0 
00014060: 448010a0 458010a0 44c010a0 45c010a0 
00014070: 468010a0 478010a0 46c010a0 47c010a0 
00014080: 400011a0 410011a0 404011a0 414011a0 
00014090: 420011a0 430011a0 424011a0 434011a0 
000140a0: 408011a0 418011a0 40c011a0 41c011a0 
000140b0: 428011a0 438011a0 42c011a0 43c011a0 
000140c0: 440011a0 450011a0 444011a0 454011a0 
000140d0: 460011a0 470011a0 464011a0 474011a0 
000140e0: 448011a0 458011a0 44c011a0 45c011a0 
000140f0: 468011a0 478011a0 46c011a0 47c011a0 
00014100: 480010a0 490010a0 484010a0 494010a0 
00014110: 4a0010a0 4b0010a0 4a4010a0 4b4010a0 
00014120: 488010a0 498010a0 48c010a0 49c010a0 
00014130: 4a8010a0 4b8010a0 4ac010a0 4bc010a0 
00014140: 4c0010a0 4d0010a0 4c4010a0 4d4010a0 
00014150: 4e0010a0 4f0010a0 4e4010a0 4f4010a0 
00014160: 4c8010a0 4d8010a0 4cc010a0 4dc010a0 
00014170: 4e8010a0 4f8010a0 4ec010a0 4fc010a0 
00014180: 480011a0 490011a0 484011a0 494011a0 
00014190: 4a0011a0 4b0011a0 4a4011a0 4b4011a0 
000141a0: 488011a0 498011a0 48c011a0 49c011a0 
000141b0: 4a8011a0 4b8011a0 4ac011a0 4bc011a0 
000141c0: 4c0011a0 4d0011a0 4c4011a0 4d4011a0 
000141d0: 4e0011a0 4f0011a0 4e4011a0 4f4011a0 
000141e0: 4c8011a0 4d8011a0 4cc011a0 4dc011a0 
000141f0: 4e8011a0 4f8011a0 4ec011a0 4fc011a0 
00014200: 400012a0 410012a0 404012a0 414012a0 
00014210: 420012a0 430012a0 424012a0 434012a0 
00014220: 408012a0 418012a0 40c012a0 41c012a0 
00014230: 428012a0 438012a0 42c012a0 43c012a0 
00014240: 440012a0 450012a0 444012a0 454012a0 
00014250: 460012a0 470012a0 464012a0 474012a0 
00014260: 448012a0 458012a0 44c012a0 45c012a0 
00014270: 468012a0 478012a0 46c012a0 47c012a0 
00014280: 400013a0 410013a0 404013a0 414013a0 
00014290: 420013a0 430013a0 424013a0 434013a0 
000142a0: 408013a0 418013a0 40c013a0 41c013a0 
000142b0: 428013a0 438013a0 42c013a0 43c013a0 
000142c0: 440013a0 450013a0 444013a0 454013a0 
000142d0: 460013a0 470013a0 464013a0 474013a0 
000142e0: 448013a0 458013a0 44c013a0 45c013a0 
000142f0: 468013a0 478013a0 46c013a0 47c013a0 
00014300: 480012a0 490012a0 484012a0 494012a0 
00014310: 4a0012a0 4b0012a0 4a4012a0 4b4012a0 
00014320: 488012a0 498012a0 48c012a0 49c012a0 
00014330: 4a8012a0 4b8012a0 4ac012a0 4bc012a0 
00014340: 4c0012a0 4d0012a0 4c4012a0 4d4012a0 
00014350: 4e0012a0 4f0012a0 4e4012a0 4f4012a0 
00014360: 4c8012a0 4d8012a0 4cc012a0 4dc012a0 
00014370: 4e8012a0 4f8012a0 4ec012a0 4fc012a0 
00014380: 480013a0 490013a0 484013a0 494013a0 
00014390: 4a0013a0 4b0013a0 4a4013a0 4b4013a0 
000143a0: 488013a0 498013a0 48c013a0 49c013a0 
000143b0: 4a8013a0 4b8013a0 4ac013a0 4bc013a0 
000143c0: 4c0013a0 4d0013a0 4c4013a0 4d4013a0 
000143d0: 4e0013a0 4f0013a0 4e4013a0 4f4013a0 
000143e0: 4c8013a0 4d8013a0 4cc013a0 4dc013a0 
000143f0: 4e8013a0 4f8013a0 4ec013a0 4fc013a0 
00014400: 500010a0 510010a0 504010a0 514010a0 
00014410: 520010a0 530010a0 524010a0 534010a0 
00014420: 508010a0 518010a0 50c010a0 51c010a0 
00014430: 528010a0 538010a0 52c010a0 53c010a0 
00014440: 540010a0 550010a0 544010a0 554010a0 
00014450: 560010a0 570010a0 564010a0 574010a0 
00014460: 548010a0 558010a0 54c010a0 55c010a0 
00014470: 568010a0 578010a0 56c010a0 57c010a0 
00014480: 500011a0 510011a0 504011a0 514011a0 
00014490: 520011a0 530011a0 524011a0 534011a0 
000144a0: 508011a0 518011a0 50c011a0 51c011a0 
000144b0: 528011a0 538011a0 52c011a0 53c011a0 
000144c0: 540011a0 550011a0 544011a0 554011a0 
000144d0: 560011a0 570011a0 564011a0 574011a0 
000144e0: 548011a0 558011a0 54c011a0 55c011a0 
000144f0: 568011a0 578011a0 56c011a0 57c011a0 
00014500: 580010a0 590010a0 584010a0 594010a0 
00014510: 5a0010a0 5b0010a0 5a4010a0 5b4010a0 
00014520: 588010a0 598010a0 58c010a0 59c010a0 
00014530: 5a8010a0 5b8010a0 5ac010a0 5bc010a0 
00014540: 5c0010a0 5d0010a0 5c4010a0 5d4010a0 
00014550: 5e0010a0 5f0010a0 5e4010a0 5f4010a0 
00014560: 5c8010a0 5d8010a0 5cc010a0 5dc010a0 
00014570: 5e8010a0 5f8010a0 5ec010a0 5fc010a0 
00014580: 580011a0 590011a0 584011a0 594011a0 
00014590: 5a0011a0 5b0011a0 5a4011a0 5b4011a0 
000145a0: 588011a0 598011a0 58c011a0 59c011a0 
000145b0: 5a8011a0 5b8011a0 5ac011a0 5bc011a0 
000145c0: 5c0011a0 5d0011a0 5c4011a0 5d4011a0 
000145d0: 5e0011a0 5f0011a0 5e4011a0 5f4011a0 
000145e0: 5c8011a0 5d8011a0 5cc011a0 5dc011a0 
000145f0: 5e8011a0 5f8011a0 5ec011a0 5fc011a0 
00014600: 500012a0 510012a0 504012a0 514012a0 
00014610: 520012a0 530012a0 524012a0 534012a0 
00014620: 508012a0 518012a0 50c012a0 51c012a0 
00014630: 528012a0 538012a0 52c012a0 53c012a0 
00014640: 540012a0 550012a0 544012a0 554012a0 
00014650: 560012a0 570012a0 564012a0 574012a0 
00014660: 548012a0 558012a0 54c012a0 55c012a0 
00014670: 568012a0 578012a0 56c012a0 57c012a0 
00014680: 500013a0 510013a0 504013a0 514013a0 
00014690: 520013a0 530013a0 524013a0 534013a0 
000146a0: 508013a0 518013a0 50c013a0 51c013a0 
000146b0: 528013a0 538013a0 52c013a0 53c013a0 
000146c0: 540013a0 550013a0 544013a0 554013a0 
000146d0: 560013a0 570013a0 564013a0 574013a0 
000146e0: 548013a0 558013a0 54c013a0 55c013a0 
000146f0: 568013a0 578013a0 56c013a0 57c013a0 
00014700: 580012a0 590012a0 584012a0 594012a0 
00014710: 5a0012a0 5b0012a0 5a4012a0 5b4012a0 
00014720: 588012a0 598012a0 58c012a0 59c012a0 
00014730: 5a8012a0 5b8012a0 5ac012a0 5bc012a0 
00014740: 5c0012a0 5d0012a0 5c4012a0 5d4012a0 
00014750: 5e0012a0 5f0012a0 5e4012a0 5f4012a0 
00014760: 5c8012a0 5d8012a0 5cc012a0 5dc012a0 
00014770: 5e8012a0 5f8012a0 5ec012a0 5fc012a0 
00014780: 580013a0 590013a0 584013a0 594013a0 
00014790: 5a0013a0 5b0013a0 5a4013a0 5b4013a0 
000147a0: 588013a0 598013a0 58c013a0 59c013a0 
000147b0: 5a8013a0 5b8013a0 5ac013a0 5bc013a0 
000147c0: 5c0013a0 5d0013a0 5c4013a0 5d4013a0 
000147d0: 5e0013a0 5f0013a0 5e4013a0 5f4013a0 
000147e0: 5c8013a0 5d8013a0 5cc013a0 5dc013a0 
000147f0: 5e8013a0 5f8013a0 5ec013a0 5fc013a0 
00014800: 400014a0 410014a0 404014a0 414014a0 
00014810: 420014a0 430014a0 424014a0 434014a0 
00014820: 408014a0 418014a0 40c014a0 41c014a0 
00014830: 428014a0 438014a0 42c014a0 43c014a0 
00014840: 440014a0 450014a0 444014a0 454014a0 
00014850: 460014a0 470014a0 464014a0 474014a0 
00014860: 448014a0 458014a0 44c014a0 45c014a0 
00014870: 468014a0 478014a0 46c014a0 47c014a0 
00014880: 400015a0 410015a0 404015a0 414015a0 
00014890: 420015a0 430015a0 424015a0 434015a0 
000148a0: 408015a0 418015a0 40c015a0 41c015a0 
000148b0: 428015a0 438015a0 42c015a0 43c015a0 
000148c0: 440015a0 450015a0 444015a0 454015a0 
000148d0: 460015a0 470015a0 464015a0 474015a0 
000148e0: 448015a0 458015a0 44c015a0 45c015a0 
000148f0: 468015a0 478015a0 46c015a0 47c015a0 
00014900: 480014a0 490014a0 484014a0 494014a0 
00014910: 4a0014a0 4b0014a0 4a4014a0 4b4014a0 
00014920: 488014a0 498014a0 48c014a0 49c014a0 
00014930: 4a8014a0 4b8014a0 4ac014a0 4bc014a0 
00014940: 4c0014a0 4d0014a0 4c4014a0 4d4014a0 
00014950: 4e0014a0 4f0014a0 4e4014a0 4f4014a0 
00014960: 4c8014a0 4d8014a0 4cc014a0 4dc014a0 
00014970: 4e8014a0 4f8014a0 4ec014a0 4fc014a0 
00014980: 480015a0 490015a0 484015a0 494015a0 
00014990: 4a0015a0 4b0015a0 4a4015a0 4b4015a0 
000149a0: 488015a0 498015a0 48c015a0 49c015a0 
000149b0: 4a8015a0 4b8015a0 4ac015a0 4bc015a0 
000149c0: 4c0015a0 4d0015a0 4c4015a0 4d4015a0 
000149d0: 4e0015a0 4f0015a0 4e4015a0 4f4015a0 
000149e0: 4c8015a0 4d8015a0 4cc015a0 4dc015a0 
000149f0: 4e8015a0 4f8015a0 4ec015a0 4fc015a0 
00014a00: 400016a0 410016a0 404016a0 414016a0 
00014a10: 420016a0 430016a0 424016a0 434016a0 
00014a20: 408016a0 418016a0 40c016a0 41c016a0 
00014a30: 428016a0 438016a0 42c016a0 43c016a0 
00014a40: 440016a0 450016a0 444016a0 454016a0 
00014a50: 460016a0 470016a0 464016a0 474016a0 
00014a60: 448016a0 458016a0 44c016a0 45c016a0 
00014a70: 468016a0 478016a0 46c016a0 47c016a0 
00014a80: 400017a0 410017a0 404017a0 414017a0 
00014a90: 420017a0 430017a0 424017a0 434017a0 
00014aa0: 408017a0 418017a0 40c017a0 41c017a0 
00014ab0: 428017a0 438017a0 42c017a0 43c017a0 
00014ac0: 440017a0 450017a0 444017a0 454017a0 
00014ad0: 460017a0 470017a0 464017a0 474017a0 
00014ae0: 448017a0 458017a0 44c017a0 45c017a0 
00014af0: 468017a0 478017a0 46c017a0 47c017a0 
00014b00: 480016a0 490016a0 484016a0 494016a0 
00014b10: 4a0016a0 4b0016a0 4a4016a0 4b4016a0 
00014b20: 488016a0 498016a0 48c016a0 49c016a0 
00014b30: 4a8016a0 4b8016a0 4ac016a0 4bc016a0 
00014b40: 4c0016a0 4d0016a0 4c4016a0 4d4016a0 
00014b50: 4e0016a0 4f0016a0 4e4016a0 4f4016a0 
00014b60: 4c8016a0 4d8016a0 4cc016a0 4dc016a0 
00014b70: 4e8016a0 4f8016a0 4ec016a0 4fc016a0 
00014b80: 480017a0 490017a0 484017a0 494017a0 
00014b90: 4a0017a0 4b0017a0 4a4017a0 4b4017a0 
00014ba0: 488017a0 498017a0 48c017a0 49c017a0 
00014bb0: 4a8017a0 4b8017a0 4ac017a0 4bc017a0 
00014bc0: 4c0017a0 4d0017a0 4c4017a0 4d4017a0 
00014bd0: 4e0017a0 4f0017a0 4e4017a0 4f4017a0 
00014be0: 4c8017a0 4d8017a0 4cc017a0 4dc017a0 
00014bf0: 4e8017a0 4f8017a0 4ec017a0 4fc017a0 
00014c00: 500014a0 510014a0 504014a0 514014a0 
00014c10: 520014a0 530014a0 524014a0 534014a0 
00014c20: 508014a0 518014a0 50c014a0 51c014a0 
00014c30: 528014a0 538014a0 52c014a0 53c014a0 
00014c40: 540014a0 550014a0 544014a0 554014a0 
00014c50: 560014a0 570014a0 564014a0 574014a0 
00014c60: 548014a0 558014a0 54c014a0 55c014a0 
00014c70: 568014a0 578014a0 56c014a0 57c014a0 
00014c80: 500015a0 510015a0 504015a0 514015a0 
00014c90: 520015a0 530015a0 524015a0 534015a0 
00014ca0: 508015a0 518015a0 50c015a0 51c015a0 
00014cb0: 528015a0 538015a0 52c015a0 53c015a0 
00014cc0: 540015a0 550015a0 544015a0 554015a0 
00014cd0: 560015a0 570015a0 564015a0 574015a0 
00014ce0: 548015a0 558015a0 54c015a0 55c015a0 
00014cf0: 568015a0 578015a0 56c015a0 57c015a0 
00014d00: 580014a0 590014a0 584014a0 594014a0 
00014d10: 5a0014a0 5b0014a0 5a4014a0 5b4014a0 
00014d20: 588014a0 598014a0 58c014a0 59c014a0 
00014d30: 5a8014a0 5b8014a0 5ac014a0 5bc014a0 
00014d40: 5c0014a0 5d0014a0 5c4014a0 5d4014a0 
00014d50: 5e0014a0 5f0014a0 5e4014a0 5f4014a0 
00014d60: 5c8014a0 5d8014a0 5cc014a0 5dc014a0 
00014d70: 5e8014a0 5f8014a0 5ec014a0 5fc014a0 
00014d80: 580015a0 590015a0 584015a0 594015a0 
00014d90: 5a0015a0 5b0015a0 5a4015a0 5b4015a0 
00014da0: 588015a0 598015a0 58c015a0 59c015a0 
00014db0: 5a8015a0 5b8015a0 5ac015a0 5bc015a0 
00014dc0: 5c0015a0 5d0015a0 5c4015a0 5d4015a0 
00014dd0: 5e0015a0 5f0015a0 5e4015a0 5f4015a0 
00014de0: 5c8015a0 5d8015a0 5cc015a0 5dc015a0 
00014df0: 5e8015a0 5f8015a0 5ec015a0 5fc015a0 
00014e00: 500016a0 510016a0 504016a0 514016a0 
00014e10: 520016a0 530016a0 524016a0 534016a0 
00014e20: 508016a0 518016a0 50c016a0 51c016a0 
00014e30: 528016a0 538016a0 52c016a0 53c016a0 
00014e40: 540016a0 550016a0 544016a0 554016a0 
00014e50: 560016a0 570016a0 564016a0 574016a0 
00014e60: 548016a0 558016a0 54c016a0 55c016a0 
00014e70: 568016a0 578016a0 56c016a0 57c016a0 
00014e80: 500017a0 510017a0 504017a0 514017a0 
00014e90: 520017a0 530017a0 524017a0 534017a0 
00014ea0: 508017a0 518017a0 50c017a0 51c017a0 
00014eb0: 528017a0 538017a0 52c017a0 53c017a0 
00014ec0: 540017a0 550017a0 544017a0 554017a0 
00014ed0: 560017a0 570017a0 564017a0 574017a0 
00014ee0: 548017a0 558017a0 54c017a0 55c017a0 
00014ef0: 568017a0 578017a0 56c017a0 57c017a0 
00014f00: 580016a0 590016a0 584016a0 594016a0 
00014f10: 5a0016a0 5b0016a0 5a4016a0 5b4016a0 
00014f20: 588016a0 598016a0 58c016a0 59c016a0 
00014f30: 5a8016a0 5b8016a0 5ac016a0 5bc016a0 
00014f40: 5c0016a0 5d0016a0 5c4016a0 5d4016a0 
00014f50: 5e0016a0 5f0016a0 5e4016a0 5f4016a0 
00014f60: 5c8016a0 5d8016a0 5cc016a0 5dc016a0 
00014f70: 5e8016a0 5f8016a0 5ec016a0 5fc016a0 
00014f80: 580017a0 590017a0 584017a0 594017a0 
00014f90: 5a0017a0 5b0017a0 5a4017a0 5b4017a0 
00014fa0: 588017a0 598017a0 58c017a0 59c017a0 
00014fb0: 5a8017a0 5b8017a0 5ac017a0 5bc017a0 
00014fc0: 5c0017a0 5d0017a0 5c4017a0 5d4017a0 
00014fd0: 5e0017a0 5f0017a0 5e4017a0 5f4017a0 
00014fe0: 5c8017a0 5d8017a0 5cc017a0 5dc017a0 
00014ff0: 5e8017a0 5f8017a0 5ec017a0 5fc017a0 
00015000: 600010a0 610010a0 604010a0 614010a0 
00015010: 620010a0 630010a0 624010a0 634010a0 
00015020: 608010a0 618010a0 60c010a0 61c010a0 
00015030: 628010a0 638010a0 62c010a0 63c010a0 
00015040: 640010a0 650010a0 644010a0 654010a0 
00015050: 660010a0 670010a0 664010a0 674010a0 
00015060: 648010a0 658010a0 64c010a0 65c010a0 
00015070: 668010a0 678010a0 66c010a0 67c010a0 
00015080: 600011a0 610011a0 604011a0 614011a0 
00015090: 620011a0 630011a0 624011a0 634011a0 
000150a0: 608011a0 618011a0 60c011a0 61c011a0 
000150b0: 628011a0 638011a0 62c011a0 63c011a0 
000150c0: 640011a0 650011a0 644011a0 654011a0 
000150d0: 660011a0 670011a0 664011a0 674011a0 
000150e0: 648011a0 658011a0 64c011a0 65c011a0 
000150f0: 668011a0 678011a0 66c011a0 67c011a0 
00015100: 680010a0 690010a0 684010a0 694010a0 
00015110: 6a0010a0 6b0010a0 6a4010a0 6b4010a0 
00015120: 688010a0 698010a0 68c010a0 69c010a0 
00015130: 6a8010a0 6b8010a0 6ac010a0 6bc010a0 
00015140: 6c0010a0 6d0010a0 6c4010a0 6d4010a0 
00015150: 6e0010a0 6f0010a0 6e4010a0 6f4010a0 
00015160: 6c8010a0 6d8010a0 6cc010a0 6dc010a0 
00015170: 6e8010a0 6f8010a0 6ec010a0 6fc010a0 
00015180: 680011a0 690011a0 684011a0 694011a0 
00015190: 6a0011a0 6b0011a0 6a4011a0 6b4011a0 
000151a0: 688011a0 698011a0 68c011a0 69c011a0 
000151b0: 6a8011a0 6b8011a0 6ac011a0 6bc011a0 
000151c0: 6c0011a0 6d0011a0 6c4011a0 6d4011a0 
000151d0: 6e0011a0 6f0011a0 6e4011a0 6f4011a0 
000151e0: 6c8011a0 6d8011a0 6cc011a0 6dc011a0 
000151f0: 6e8011a0 6f8011a0 6ec011a0 6fc011a0 
00015200: 600012a0 610012a0 604012a0 614012a0 
00015210: 620012a0 630012a0 624012a0 634012a0 
00015220: 608012a0 618012a0 60c012a0 61c012a0 
00015230: 628012a0 638012a0 62c012a0 63c012a0 
00015240: 640012a0 650012a0 644012a0 654012a0 
00015250: 660012a0 670012a0 664012a0 674012a0 
00015260: 648012a0 658012a0 64c012a0 65c012a0 
00015270: 668012a0 678012a0 66c012a0 67c012a0 
00015280: 600013a0 610013a0 604013a0 614013a0 
00015290: 620013a0 630013a0 624013a0 634013a0 
000152a0: 608013a0 618013a0 60c013a0 61c013a0 
000152b0: 628013a0 638013a0 62c013a0 63c013a0 
000152c0: 640013a0 650013a0 644013a0 654013a0 
000152d0: 660013a0 670013a0 664013a0 674013a0 
000152e0: 648013a0 658013a0 64c013a0 65c013a0 
000152f0: 668013a0 678013a0 66c013a0 67c013a0 
00015300: 680012a0 690012a0 684012a0 694012a0 
00015310: 6a0012a0 6b0012a0 6a4012a0 6b4012a0 
00015320: 688012a0 698012a0 68c012a0 69c012a0 
00015330: 6a8012a0 6b8012a0 6ac012a0 6bc012a0 
00015340: 6c0012a0 6d0012a0 6c4012a0 6d4012a0 
00015350: 6e0012a0 6f0012a0 6e4012a0 6f4012a0 
00015360: 6c8012a0 6d8012a0 6cc012a0 6dc012a0 
00015370: 6e8012a0 6f8012a0 6ec012a0 6fc012a0 
00015380: 680013a0 690013a0 684013a0 694013a0 
00015390: 6a0013a0 6b0013a0 6a4013a0 6b4013a0 
000153a0: 688013a0 698013a0 68c013a0 69c013a0 
000153b0: 6a8013a0 6b8013a0 6ac013a0 6bc013a0 
000153c0: 6c0013a0 6d0013a0 6c4013a0 6d4013a0 
000153d0: 6e0013a0 6f0013a0 6e4013a0 6f4013a0 
000153e0: 6c8013a0 6d8013a0 6cc013a0 6dc013a0 
000153f0: 6e8013a0 6f8013a0 6ec013a0 6fc013a0 
00015400: 700010a0 710010a0 704010a0 714010a0 
00015410: 720010a0 730010a0 724010a0 734010a0 
00015420: 708010a0 718010a0 70c010a0 71c010a0 
00015430: 728010a0 738010a0 72c010a0 73c010a0 
00015440: 740010a0 750010a0 744010a0 754010a0 
00015450: 760010a0 770010a0 764010a0 774010a0 
00015460: 748010a0 758010a0 74c010a0 75c010a0 
00015470: 768010a0 778010a0 76c010a0 77c010a0 
00015480: 700011a0 710011a0 704011a0 714011a0 
00015490: 720011a0 730011a0 724011a0 734011a0 
000154a0: 708011a0 718011a0 70c011a0 71c011a0 
000154b0: 728011a0 738011a0 72c011a0 73c011a0 
000154c0: 740011a0 750011a0 744011a0 754011a0 
000154d0: 760011a0 770011a0 764011a0 774011a0 
000154e0: 748011a0 758011a0 74c011a0 75c011a0 
000154f0: 768011a0 778011a0 76c011a0 77c011a0 
00015500: 780010a0 790010a0 784010a0 794010a0 
00015510: 7a0010a0 7b0010a0 7a4010a0 7b4010a0 
00015520: 788010a0 798010a0 78c010a0 79c010a0 
00015530: 7a8010a0 7b8010a0 7ac010a0 7bc010a0 
00015540: 7c0010a0 7d0010a0 7c4010a0 7d4010a0 
00015550: 7e0010a0 7f0010a0 7e4010a0 7f4010a0 
00015560: 7c8010a0 7d8010a0 7cc010a0 7dc010a0 
00015570: 7e8010a0 7f8010a0 7ec010a0 7fc010a0 
00015580: 780011a0 790011a0 784011a0 794011a0 
00015590: 7a0011a0 7b0011a0 7a4011a0 7b4011a0 
000155a0: 788011a0 798011a0 78c011a0 79c011a0 
000155b0: 7a8011a0 7b8011a0 7ac011a0 7bc011a0 
000155c0: 7c0011a0 7d0011a0 7c4011a0 7d4011a0 
000155d0: 7e0011a0 7f0011a0 7e4011a0 7f4011a0 
000155e0: 7c8011a0 7d8011a0 7cc011a0 7dc011a0 
000155f0: 7e8011a0 7f8011a0 7ec011a0 7fc011a0 
00015600: 700012a0 710012a0 704012a0 714012a0 
00015610: 720012a0 730012a0 724012a0 734012a0 
00015620: 708012a0 718012a0 70c012a0 71c012a0 
00015630: 728012a0 738012a0 72c012a0 73c012a0 
00015640: 740012a0 750012a0 744012a0 754012a0 
00015650: 760012a0 770012a0 764012a0 774012a0 
00015660: 748012a0 758012a0 74c012a0 75c012a0 
00015670: 768012a0 778012a0 76c012a0 77c012a0 
00015680: 700013a0 710013a0 704013a0 714013a0 
00015690: 720013a0 730013a0 724013a0 734013a0 
000156a0: 708013a0 718013a0 70c013a0 71c013a0 
000156b0: 728013a0 738013a0 72c013a0 73c013a0 
000156c0: 740013a0 750013a0 744013a0 754013a0 
000156d0: 760013a0 770013a0 764013a0 774013a0 
000156e0: 748013a0 758013a0 74c013a0 75c013a0 
000156f0: 768013a0 778013a0 76c013a0 77c013a0 
00015700: 780012a0 790012a0 784012a0 794012a0 
00015710: 7a0012a0 7b0012a0 7a4012a0 7b4012a0 
00015720: 788012a0 798012a0 78c012a0 79c012a0 
00015730: 7a8012a0 7b8012a0 7ac012a0 7bc012a0 
00015740: 7c0012a0 7d0012a0 7c4012a0 7d4012a0 
00015750: 7e0012a0 7f0012a0 7e4012a0 7f4012a0 
00015760: 7c8012a0 7d8012a0 7cc012a0 7dc012a0 
00015770: 7e8012a0 7f8012a0 7ec012a0 7fc012a0 
00015780: 780013a0 790013a0 784013a0 794013a0 
00015790: 7a0013a0 7b0013a0 7a4013a0 7b4013a0 
000157a0: 788013a0 798013a0 78c013a0 79c013a0 
000157b0: 7a8013a0 7b8013a0 7ac013a0 7bc013a0 
000157c0: 7c0013a0 7d0013a0 7c4013a0 7d4013a0 
000157d0: 7e0013a0 7f0013a0 7e4013a0 7f4013a0 
000157e0: 7c8013a0 7d8013a0 7cc013a0 7dc013a0 
000157f0: 7e8013a0 7f8013a0 7ec013a0 7fc013a0 
00015800: 600014a0 610014a0 604014a0 614014a0 
00015810: 620014a0 630014a0 624014a0 634014a0 
00015820: 608014a0 618014a0 60c014a0 61c014a0 
00015830: 628014a0 638014a0 62c014a0 63c014a0 
00015840: 640014a0 650014a0 644014a0 654014a0 
00015850: 660014a0 670014a0 664014a0 674014a0 
00015860: 648014a0 658014a0 64c014a0 65c014a0 
00015870: 668014a0 678014a0 66c014a0 67c014a0 
00015880: 600015a0 610015a0 604015a0 614015a0 
00015890: 620015a0 630015a0 624015a0 634015a0 
000158a0: 608015a0 618015a0 60c015a0 61c015a0 
000158b0: 628015a0 638015a0 62c015a0 63c015a0 
000158c0: 640015a0 650015a0 644015a0 654015a0 
000158d0: 660015a0 670015a0 664015a0 674015a0 
000158e0: 648015a0 658015a0 64c015a0 65c015a0 
000158f0: 668015a0 678015a0 66c015a0 67c015a0 
00015900: 680014a0 690014a0 684014a0 694014a0 
00015910: 6a0014a0 6b0014a0 6a4014a0 6b4014a0 
00015920: 688014a0 698014a0 68c014a0 69c014a0 
00015930: 6a8014a0 6b8014a0 6ac014a0 6bc014a0 
00015940: 6c0014a0 6d0014a0 6c4014a0 6d4014a0 
00015950: 6e0014a0 6f0014a0 6e4014a0 6f4014a0 
00015960: 6c8014a0 6d8014a0 6cc014a0 6dc014a0 
00015970: 6e8014a0 6f8014a0 6ec014a0 6fc014a0 
00015980: 680015a0 690015a0 684015a0 694015a0 
00015990: 6a0015a0 6b0015a0 6a4015a0 6b4015a0 
000159a0: 688015a0 698015a0 68c015a0 69c015a0 
000159b0: 6a8015a0 6b8015a0 6ac015a0 6bc015a0 
000159c0: 6c0015a0 6d0015a0 6c4015a0 6d4015a0 
000159d0: 6e0015a0 6f0015a0 6e4015a0 6f4015a0 
000159e0: 6c8015a0 6d8015a0 6cc015a0 6dc015a0 
000159f0: 6e8015a0 6f8015a0 6ec015a0 6fc015a0 
00015a00: 600016a0 610016a0 604016a0 614016a0 
00015a10: 620016a0 630016a0 624016a0 634016a0 
00015a20: 608016a0 618016a0 60c016a0 61c016a0 
00015a30: 628016a0 638016a0 62c016a0 63c016a0 
00015a40: 640016a0 650016a0 644016a0 654016a0 
00015a50: 660016a0 670016a0 664016a0 674016a0 
00015a60: 648016a0 658016a0 64c016a0 65c016a0 
00015a70: 668016a0 678016a0 66c016a0 67c016a0 
00015a80: 600017a0 610017a0 604017a0 614017a0 
00015a90: 620017a0 630017a0 624017a0 634017a0 
00015aa0: 608017a0 618017a0 60c017a0 61c017a0 
00015ab0: 628017a0 638017a0 62c017a0 63c017a0 
00015ac0: 640017a0 650017a0 644017a0 654017a0 
00015ad0: 660017a0 670017a0 664017a0 674017a0 
00015ae0: 648017a0 658017a0 64c017a0 65c017a0 
00015af0: 668017a0 678017a0 66c017a0 67c017a0 
00015b00: 680016a0 690016a0 684016a0 694016a0 
00015b10: 6a0016a0 6b0016a0 6a4016a0 6b4016a0 
00015b20: 688016a0 698016a0 68c016a0 69c016a0 
00015b30: 6a8016a0 6b8016a0 6ac016a0 6bc016a0 
00015b40: 6c0016a0 6d0016a0 6c4016a0 6d4016a0 
00015b50: 6e0016a0 6f0016a0 6e4016a0 6f4016a0 
00015b60: 6c8016a0 6d8016a0 6cc016a0 6dc016a0 
00015b70: 6e8016a0 6f8016a0 6ec016a0 6fc016a0 
00015b80: 680017a0 690017a0 684017a0 694017a0 
00015b90: 6a0017a0 6b0017a0 6a4017a0 6b4017a0 
00015ba0: 688017a0 698017a0 68c017a0 69c017a0 
00015bb0: 6a8017a0 6b8017a0 6ac017a0 6bc017a0 
00015bc0: 6c0017a0 6d0017a0 6c4017a0 6d4017a0 
00015bd0: 6e0017a0 6f0017a0 6e4017a0 6f4017a0 
00015be0: 6c8017a0 6d8017a0 6cc017a0 6dc017a0 
00015bf0: 6e8017a0 6f8017a0 6ec017a0 6fc017a0 
00015c00: 700014a0 710014a0 704014a0 714014a0 
00015c10: 720014a0 730014a0 724014a0 734014a0 
00015c20: 708014a0 718014a0 70c014a0 71c014a0 
00015c30: 728014a0 738014a0 72c014a0 73c014a0 
00015c40: 740014a0 750014a0 744014a0 754014a0 
00015c50: 760014a0 770014a0 764014a0 774014a0 
00015c60: 748014a0 758014a0 74c014a0 75c014a0 
00015c70: 768014a0 778014a0 76c014a0 77c014a0 
00015c80: 700015a0 710015a0 704015a0 714015a0 
00015c90: 720015a0 730015a0 724015a0 734015a0 
00015ca0: 708015a0 718015a0 70c015a0 71c015a0 
00015cb0: 728015a0 738015a0 72c015a0 73c015a0 
00015cc0: 740015a0 750015a0 744015a0 754015a0 
00015cd0: 760015a0 770015a0 764015a0 774015a0 
00015ce0: 748015a0 758015a0 74c015a0 75c015a0 
00015cf0: 768015a0 778015a0 76c015a0 77c015a0 
00015d00: 780014a0 790014a0 784014a0 794014a0 
00015d10: 7a0014a0 7b0014a0 7a4014a0 7b4014a0 
00015d20: 788014a0 798014a0 78c014a0 79c014a0 
00015d30: 7a8014a0 7b8014a0 7ac014a0 7bc014a0 
00015d40: 7c0014a0 7d0014a0 7c4014a0 7d4014a0 
00015d50: 7e0014a0 7f0014a0 7e4014a0 7f4014a0 
00015d60: 7c8014a0 7d8014a0 7cc014a0 7dc014a0 
00015d70: 7e8014a0 7f8014a0 7ec014a0 7fc014a0 
00015d80: 780015a0 790015a0 784015a0 794015a0 
00015d90: 7a0015a0 7b0015a0 7a4015a0 7b4015a0 
00015da0: 788015a0 798015a0 78c015a0 79c015a0 
00015db0: 7a8015a0 7b8015a0 7ac015a0 7bc015a0 
00015dc0: 7c0015a0 7d0015a0 7c4015a0 7d4015a0 
00015dd0: 7e0015a0 7f0015a0 7e4015a0 7f4015a0 
00015de0: 7c8015a0 7d8015a0 7cc015a0 7dc015a0 
00015df0: 7e8015a0 7f8015a0 7ec015a0 7fc015a0 
00015e00: 700016a0 710016a0 704016a0 714016a0 
00015e10: 720016a0 730016a0 724016a0 734016a0 
00015e20: 708016a0 718016a0 70c016a0 71c016a0 
00015e30: 728016a0 738016a0 72c016a0 73c016a0 
00015e40: 740016a0 750016a0 744016a0 754016a0 
00015e50: 760016a0 770016a0 764016a0 774016a0 
00015e60: 748016a0 758016a0 74c016a0 75c016a0 
00015e70: 768016a0 778016a0 76c016a0 77c016a0 
00015e80: 700017a0 710017a0 704017a0 714017a0 
00015e90: 720017a0 730017a0 724017a0 734017a0 
00015ea0: 708017a0 718017a0 70c017a0 71c017a0 
00015eb0: 728017a0 738017a0 72c017a0 73c017a0 
00015ec0: 740017a0 750017a0 744017a0 754017a0 
00015ed0: 760017a0 770017a0 764017a0 774017a0 
00015ee0: 748017a0 758017a0 74c017a0 75c017a0 
00015ef0: 768017a0 778017a0 76c017a0 77c017a0 
00015f00: 780016a0 790016a0 784016a0 794016a0 
00015f10: 7a0016a0 7b0016a0 7a4016a0 7b4016a0 
00015f20: 788016a0 798016a0 78c016a0 79c016a0 
00015f30: 7a8016a0 7b8016a0 7ac016a0 7bc016a0 
00015f40: 7c0016a0 7d0016a0 7c4016a0 7d4016a0 
00015f50: 7e0016a0 7f0016a0 7e4016a0 7f4016a0 
00015f60: 7c8016a0 7d8016a0 7cc016a0 7dc016a0 
00015f70: 7e8016a0 7f8016a0 7ec016a0 7fc016a0 
00015f80: 780017a0 790017a0 784017a0 794017a0 
00015f90: 7a0017a0 7b0017a0 7a4017a0 7b4017a0 
00015fa0: 788017a0 798017a0 78c017a0 79c017a0 
00015fb0: 7a8017a0 7b8017a0 7ac017a0 7bc017a0 
00015fc0: 7c0017a0 7d0017a0 7c4017a0 7d4017a0 
00015fd0: 7e0017a0 7f0017a0 7e4017a0 7f4017a0 
00015fe0: 7c8017a0 7d8017a0 7cc017a0 7dc017a0 
00015ff0: 7e8017a0 7f8017a0 7ec017a0 7fc017a0 
00016000: 400018a0 410018a0 404018a0 414018a0 
00016010: 420018a0 430018a0 424018a0 434018a0 
00016020: 408018a0 418018a0 40c018a0 41c018a0 
00016030: 428018a0 438018a0 42c018a0 43c018a0 
00016040: 440018a0 450018a0 444018a0 454018a0 
00016050: 460018a0 470018a0 464018a0 474018a0 
00016060: 448018a0 458018a0 44c018a0 45c018a0 
00016070: 468018a0 478018a0 46c018a0 47c018a0 
00016080: 400019a0 410019a0 404019a0 414019a0 
00016090: 420019a0 430019a0 424019a0 434019a0 
000160a0: 408019a0 418019a0 40c019a0 41c019a0 
000160b0: 428019a0 438019a0 42c019a0 43c019a0 
000160c0: 440019a0 450019a0 444019a0 454019a0 
000160d0: 460019a0 470019a0 464019a0 474019a0 
000160e0: 448019a0 458019a0 44c019a0 45c019a0 
000160f0: 468019a0 478019a0 46c019a0 47c019a0 
00016100: 480018a0 490018a0 484018a0 494018a0 
00016110: 4a0018a0 4b0018a0 4a4018a0 4b4018a0 
00016120: 488018a0 498018a0 48c018a0 49c018a0 
00016130: 4a8018a0 4b8018a0 4ac018a0 4bc018a0 
00016140: 4c0018a0 4d0018a0 4c4018a0 4d4018a0 
00016150: 4e0018a0 4f0018a0 4e4018a0 4f4018a0 
00016160: 4c8018a0 4d8018a0 4cc018a0 4dc018a0 
00016170: 4e8018a0 4f8018a0 4ec018a0 4fc018a0 
00016180: 480019a0 490019a0 484019a0 494019a0 
00016190: 4a0019a0 4b0019a0 4a4019a0 4b4019a0 
000161a0: 488019a0 498019a0 48c019a0 49c019a0 
000161b0: 4a8019a0 4b8019a0 4ac019a0 4bc019a0 
000161c0: 4c0019a0 4d0019a0 4c4019a0 4d4019a0 
000161d0: 4e0019a0 4f0019a0 4e4019a0 4f4019a0 
000161e0: 4c8019a0 4d8019a0 4cc019a0 4dc019a0 
000161f0: 4e8019a0 4f8019a0 4ec019a0 4fc019a0 
00016200: 40001aa0 41001aa0 40401aa0 41401aa0 
00016210: 42001aa0 43001aa0 42401aa0 43401aa0 
00016220: 40801aa0 41801aa0 40c01aa0 41c01aa0 
00016230: 42801aa0 43801aa0 42c01aa0 43c01aa0 
00016240: 44001aa0 45001aa0 44401aa0 45401aa0 
00016250: 46001aa0 47001aa0 46401aa0 47401aa0 
00016260: 44801aa0 45801aa0 44c01aa0 45c01aa0 
00016270: 46801aa0 47801aa0 46c01aa0 47c01aa0 
00016280: 40001ba0 41001ba0 40401ba0 41401ba0 
00016290: 42001ba0 43001ba0 42401ba0 43401ba0 
000162a0: 40801ba0 41801ba0 40c01ba0 41c01ba0 
000162b0: 42801ba0 43801ba0 42c01ba0 43c01ba0 
000162c0: 44001ba0 45001ba0 44401ba0 45401ba0 
000162d0: 46001ba0 47001ba0 46401ba0 47401ba0 
000162e0: 44801ba0 45801ba0 44c01ba0 45c01ba0 
000162f0: 46801ba0 47801ba0 46c01ba0 47c01ba0 
00016300: 48001aa0 49001aa0 48401aa0 49401aa0 
00016310: 4a001aa0 4b001aa0 4a401aa0 4b401aa0 
00016320: 48801aa0 49801aa0 48c01aa0 49c01aa0 
00016330: 4a801aa0 4b801aa0 4ac01aa0 4bc01aa0 
00016340: 4c001aa0 4d001aa0 4c401aa0 4d401aa0 
00016350: 4e001aa0 4f001aa0 4e401aa0 4f401aa0 
00016360: 4c801aa0 4d801aa0 4cc01aa0 4dc01aa0 
00016370: 4e801aa0 4f801aa0 4ec01aa0 4fc01aa0 
00016380: 48001ba0 49001ba0 48401ba0 49401ba0 
00016390: 4a001ba0 4b001ba0 4a401ba0 4b401ba0 
000163a0: 48801ba0 49801ba0 48c01ba0 49c01ba0 
000163b0: 4a801ba0 4b801ba0 4ac01ba0 4bc01ba0 
000163c0: 4c001ba0 4d001ba0 4c401ba0 4d401ba0 
000163d0: 4e001ba0 4f001ba0 4e401ba0 4f401ba0 
000163e0: 4c801ba0 4d801ba0 4cc01ba0 4dc01ba0 
000163f0: 4e801ba0 4f801ba0 4ec01ba0 4fc01ba0 
00016400: 500018a0 510018a0 504018a0 514018a0 
00016410: 520018a0 530018a0 524018a0 534018a0 
00016420: 508018a0 518018a0 50c018a0 51c018a0 
00016430: 528018a0 538018a0 52c018a0 53c018a0 
00016440: 540018a0 550018a0 544018a0 554018a0 
00016450: 560018a0 570018a0 564018a0 574018a0 
00016460: 548018a0 558018a0 54c018a0 55c018a0 
00016470: 568018a0 578018a0 56c018a0 57c018a0 
00016480: 500019a0 510019a0 504019a0 514019a0 
00016490: 520019a0 530019a0 524019a0 534019a0 
000164a0: 508019a0 518019a0 50c019a0 51c019a0 
000164b0: 528019a0 538019a0 52c019a0 53c019a0 
000164c0: 540019a0 550019a0 544019a0 554019a0 
000164d0: 560019a0 570019a0 564019a0 574019a0 
000164e0: 548019a0 558019a0 54c019a0 55c019a0 
000164f0: 568019a0 578019a0 56c019a0 57c019a0 
00016500: 580018a0 590018a0 584018a0 594018a0 
00016510: 5a0018a0 5b0018a0 5a4018a0 5b4018a0 
00016520: 588018a0 598018a0 58c018a0 59c018a0 
00016530: 5a8018a0 5b8018a0 5ac018a0 5bc018a0 
00016540: 5c0018a0 5d0018a0 5c4018a0 5d4018a0 
00016550: 5e0018a0 5f0018a0 5e4018a0 5f4018a0 
00016560: 5c8018a0 5d8018a0 5cc018a0 5dc018a0 
00016570: 5e8018a0 5f8018a0 5ec018a0 5fc018a0 
00016580: 580019a0 590019a0 584019a0 594019a0 
00016590: 5a0019a0 5b0019a0 5a4019a0 5b4019a0 
000165a0: 588019a0 598019a0 58c019a0 59c019a0 
000165b0: 5a8019a0 5b8019a0 5ac019a0 5bc019a0 
000165c0: 5c0019a0 5d0019a0 5c4019a0 5d4019a0 
000165d0: 5e0019a0 5f0019a0 5e4019a0 5f4019a0 
000165e0: 5c8019a0 5d8019a0 5cc019a0 5dc019a0 
000165f0: 5e8019a0 5f8019a0 5ec019a0 5fc019a0 
00016600: 50001aa0 51001aa0 50401aa0 51401aa0 
00016610: 52001aa0 53001aa0 52401aa0 53401aa0 
00016620: 50801aa0 51801aa0 50c01aa0 51c01aa0 
00016630: 52801aa0 53801aa0 52c01aa0 53c01aa0 
00016640: 54001aa0 55001aa0 54401aa0 55401aa0 
00016650: 56001aa0 57001aa0 56401aa0 57401aa0 
00016660: 54801aa0 55801aa0 54c01aa0 55c01aa0 
00016670: 56801aa0 57801aa0 56c01aa0 57c01aa0 
00016680: 50001ba0 51001ba0 50401ba0 51401ba0 
00016690: 52001ba0 53001ba0 52401ba0 53401ba0 
000166a0: 50801ba0 51801ba0 50c01ba0 51c01ba0 
000166b0: 52801ba0 53801ba0 52c01ba0 53c01ba0 
000166c0: 54001ba0 55001ba0 54401ba0 55401ba0 
000166d0: 56001ba0 57001ba0 56401ba0 57401ba0 
000166e0: 54801ba0 55801ba0 54c01ba0 55c01ba0 
000166f0: 56801ba0 57801ba0 56c01ba0 57c01ba0 
00016700: 58001aa0 59001aa0 58401aa0 59401aa0 
00016710: 5a001aa0 5b001aa0 5a401aa0 5b401aa0 
00016720: 58801aa0 59801aa0 58c01aa0 59c01aa0 
00016730: 5a801aa0 5b801aa0 5ac01aa0 5bc01aa0 
00016740: 5c001aa0 5d001aa0 5c401aa0 5d401aa0 
00016750: 5e001aa0 5f001aa0 5e401aa0 5f401aa0 
00016760: 5c801aa0 5d801aa0 5cc01aa0 5dc01aa0 
00016770: 5e801aa0 5f801aa0 5ec01aa0 5fc01aa0 
00016780: 58001ba0 59001ba0 58401ba0 59401ba0 
00016790: 5a001ba0 5b001ba0 5a401ba0 5b401ba0 
000167a0: 58801ba0 59801ba0 58c01ba0 59c01ba0 
000167b0: 5a801ba0 5b801ba0 5ac01ba0 5bc01ba0 
000167c0: 5c001ba0 5d001ba0 5c401ba0 5d401ba0 
000167d0: 5e001ba0 5f001ba0 5e401ba0 5f401ba0 
000167e0: 5c801ba0 5d801ba0 5cc01ba0 5dc01ba0 
000167f0: 5e801ba0 5f801ba0 5ec01ba0 5fc01ba0 
00016800: 40001ca0 41001ca0 40401ca0 41401ca0 
00016810: 42001ca0 43001ca0 42401ca0 43401ca0 
00016820: 40801ca0 41801ca0 40c01ca0 41c01ca0 
00016830: 42801ca0 43801ca0 42c01ca0 43c01ca0 
00016840: 44001ca0 45001ca0 44401ca0 45401ca0 
00016850: 46001ca0 47001ca0 46401ca0 47401ca0 
00016860: 44801ca0 45801ca0 44c01ca0 45c01ca0 
00016870: 46801ca0 47801ca0 46c01ca0 47c01ca0 
00016880: 40001da0 41001da0 40401da0 41401da0 
00016890: 42001da0 43001da0 42401da0 43401da0 
000168a0: 40801da0 41801da0 40c01da0 41c01da0 
000168b0: 42801da0 43801da0 42c01da0 43c01da0 
000168c0: 44001da0 45001da0 44401da0 45401da0 
000168d0: 46001da0 47001da0 46401da0 47401da0 
000168e0: 44801da0 45801da0 44c01da0 45c01da0 
000168f0: 46801da0 47801da0 46c01da0 47c01da0 
00016900: 48001ca0 49001ca0 48401ca0 49401ca0 
00016910: 4a001ca0 4b001ca0 4a401ca0 4b401ca0 
00016920: 48801ca0 49801ca0 48c01ca0 49c01ca0 
00016930: 4a801ca0 4b801ca0 4ac01ca0 4bc01ca0 
00016940: 4c001ca0 4d001ca0 4c401ca0 4d401ca0 
00016950: 4e001ca0 4f001ca0 4e401ca0 4f401ca0 
00016960: 4c801ca0 4d801ca0 4cc01ca0 4dc01ca0 
00016970: 4e801ca0 4f801ca0 4ec01ca0 4fc01ca0 
00016980: 48001da0 49001da0 48401da0 49401da0 
00016990: 4a001da0 4b001da0 4a401da0 4b401da0 
000169a0: 48801da0 49801da0 48c01da0 49c01da0 
000169b0: 4a801da0 4b801da0 4ac01da0 4bc01da0 
000169c0: 4c001da0 4d001da0 4c401da0 4d401da0 
000169d0: 4e001da0 4f001da0 4e401da0 4f401da0 
000169e0: 4c801da0 4d801da0 4cc01da0 4dc01da0 
000169f0: 4e801da0 4f801da0 4ec01da0 4fc01da0 
00016a00: 40001ea0 41001ea0 40401ea0 41401ea0 
00016a10: 42001ea0 43001ea0 42401ea0 43401ea0 
00016a20: 40801ea0 41801ea0 40c01ea0 41c01ea0 
00016a30: 42801ea0 43801ea0 42c01ea0 43c01ea0 
00016a40: 44001ea0 45001ea0 44401ea0 45401ea0 
00016a50: 46001ea0 47001ea0 46401ea0 47401ea0 
00016a60: 44801ea0 45801ea0 44c01ea0 45c01ea0 
00016a70: 46801ea0 47801ea0 46c01ea0 47c01ea0 
00016a80: 40001fa0 41001fa0 40401fa0 41401fa0 
00016a90: 42001fa0 43001fa0 42401fa0 43401fa0 
00016aa0: 40801fa0 41801fa0 40c01fa0 41c01fa0 
00016ab0: 42801fa0 43801fa0 42c01fa0 43c01fa0 
00016ac0: 44001fa0 45001fa0 44401fa0 45401fa0 
00016ad0: 46001fa0 47001fa0 46401fa0 47401fa0 
00016ae0: 44801fa0 45801fa0 44c01fa0 45c01fa0 
00016af0: 46801fa0 47801fa0 46c01fa0 47c01fa0 
00016b00: 48001ea0 49001ea0 48401ea0 49401ea0 
00016b10: 4a001ea0 4b001ea0 4a401ea0 4b401ea0 
00016b20: 48801ea0 49801ea0 48c01ea0 49c01ea0 
00016b30: 4a801ea0 4b801ea0 4ac01ea0 4bc01ea0 
00016b40: 4c001ea0 4d001ea0 4c401ea0 4d401ea0 
00016b50: 4e001ea0 4f001ea0 4e401ea0 4f401ea0 
00016b60: 4c801ea0 4d801ea0 4cc01ea0 4dc01ea0 
00016b70: 4e801ea0 4f801ea0 4ec01ea0 4fc01ea0 
00016b80: 48001fa0 49001fa0 48401fa0 49401fa0 
00016b90: 4a001fa0 4b001fa0 4a401fa0 4b401fa0 
00016ba0: 48801fa0 49801fa0 48c01fa0 49c01fa0 
00016bb0: 4a801fa0 4b801fa0 4ac01fa0 4bc01fa0 
00016bc0: 4c001fa0 4d001fa0 4c401fa0 4d401fa0 
00016bd0: 4e001fa0 4f001fa0 4e401fa0 4f401fa0 
00016be0: 4c801fa0 4d801fa0 4cc01fa0 4dc01fa0 
00016bf0: 4e801fa0 4f801fa0 4ec01fa0 4fc01fa0 
00016c00: 50001ca0 51001ca0 50401ca0 51401ca0 
00016c10: 52001ca0 53001ca0 52401ca0 53401ca0 
00016c20: 50801ca0 51801ca0 50c01ca0 51c01ca0 
00016c30: 52801ca0 53801ca0 52c01ca0 53c01ca0 
00016c40: 54001ca0 55001ca0 54401ca0 55401ca0 
00016c50: 56001ca0 57001ca0 56401ca0 57401ca0 
00016c60: 54801ca0 55801ca0 54c01ca0 55c01ca0 
00016c70: 56801ca0 57801ca0 56c01ca0 57c01ca0 
00016c80: 50001da0 51001da0 50401da0 51401da0 
00016c90: 52001da0 53001da0 52401da0 53401da0 
00016ca0: 50801da0 51801da0 50c01da0 51c01da0 
00016cb0: 52801da0 53801da0 52c01da0 53c01da0 
00016cc0: 54001da0 55001da0 54401da0 55401da0 
00016cd0: 56001da0 57001da0 56401da0 57401da0 
00016ce0: 54801da0 55801da0 54c01da0 55c01da0 
00016cf0: 56801da0 57801da0 56c01da0 57c01da0 
00016d00: 58001ca0 59001ca0 58401ca0 59401ca0 
00016d10: 5a001ca0 5b001ca0 5a401ca0 5b401ca0 
00016d20: 58801ca0 59801ca0 58c01ca0 59c01ca0 
00016d30: 5a801ca0 5b801ca0 5ac01ca0 5bc01ca0 
00016d40: 5c001ca0 5d001ca0 5c401ca0 5d401ca0 
00016d50: 5e001ca0 5f001ca0 5e401ca0 5f401ca0 
00016d60: 5c801ca0 5d801ca0 5cc01ca0 5dc01ca0 
00016d70: 5e801ca0 5f801ca0 5ec01ca0 5fc01ca0 
00016d80: 58001da0 59001da0 58401da0 59401da0 
00016d90: 5a001da0 5b001da0 5a401da0 5b401da0 
00016da0: 58801da0 59801da0 58c01da0 59c01da0 
00016db0: 5a801da0 5b801da0 5ac01da0 5bc01da0 
00016dc0: 5c001da0 5d001da0 5c401da0 5d401da0 
00016dd0: 5e001da0 5f001da0 5e401da0 5f401da0 
00016de0: 5c801da0 5d801da0 5cc01da0 5dc01da0 
00016df0: 5e801da0 5f801da0 5ec01da0 5fc01da0 
00016e00: 50001ea0 51001ea0 50401ea0 51401ea0 
00016e10: 52001ea0 53001ea0 52401ea0 53401ea0 
00016e20: 50801ea0 51801ea0 50c01ea0 51c01ea0 
00016e30: 52801ea0 53801ea0 52c01ea0 53c01ea0 
00016e40: 54001ea0 55001ea0 54401ea0 55401ea0 
00016e50: 56001ea0 57001ea0 56401ea0 57401ea0 
00016e60: 54801ea0 55801ea0 54c01ea0 55c01ea0 
00016e70: 56801ea0 57801ea0 56c01ea0 57c01ea0 
00016e80: 50001fa0 51001fa0 50401fa0 51401fa0 
00016e90: 52001fa0 53001fa0 52401fa0 53401fa0 
00016ea0: 50801fa0 51801fa0 50c01fa0 51c01fa0 
00016eb0: 52801fa0 53801fa0 52c01fa0 53c01fa0 
00016ec0: 54001fa0 55001fa0 54401fa0 55401fa0 
00016ed0: 56001fa0 57001fa0 56401fa0 57401fa0 
00016ee0: 54801fa0 55801fa0 54c01fa0 55c01fa0 
00016ef0: 56801fa0 57801fa0 56c01fa0 57c01fa0 
00016f00: 58001ea0 59001ea0 58401ea0 59401ea0 
00016f10: 5a001ea0 5b001ea0 5a401ea0 5b401ea0 
00016f20: 58801ea0 59801ea0 58c01ea0 59c01ea0 
00016f30: 5a801ea0 5b801ea0 5ac01ea0 5bc01ea0 
00016f40: 5c001ea0 5d001ea0 5c401ea0 5d401ea0 
00016f50: 5e001ea0 5f001ea0 5e401ea0 5f401ea0 
00016f60: 5c801ea0 5d801ea0 5cc01ea0 5dc01ea0 
00016f70: 5e801ea0 5f801ea0 5ec01ea0 5fc01ea0 
00016f80: 58001fa0 59001fa0 58401fa0 59401fa0 
00016f90: 5a001fa0 5b001fa0 5a401fa0 5b401fa0 
00016fa0: 58801fa0 59801fa0 58c01fa0 59c01fa0 
00016fb0: 5a801fa0 5b801fa0 5ac01fa0 5bc01fa0 
00016fc0: 5c001fa0 5d001fa0 5c401fa0 5d401fa0 
00016fd0: 5e001fa0 5f001fa0 5e401fa0 5f401fa0 
00016fe0: 5c801fa0 5d801fa0 5cc01fa0 5dc01fa0 
00016ff0: 5e801fa0 5f801fa0 5ec01fa0 5fc01fa0 
00017000: 600018a0 610018a0 604018a0 614018a0 
00017010: 620018a0 630018a0 624018a0 634018a0 
00017020: 608018a0 618018a0 60c018a0 61c018a0 
00017030: 628018a0 638018a0 62c018a0 63c018a0 
00017040: 640018a0 650018a0 644018a0 654018a0 
00017050: 660018a0 670018a0 664018a0 674018a0 
00017060: 648018a0 658018a0 64c018a0 65c018a0 
00017070: 668018a0 678018a0 66c018a0 67c018a0 
00017080: 600019a0 610019a0 604019a0 614019a0 
00017090: 620019a0 630019a0 624019a0 634019a0 
000170a0: 608019a0 618019a0 60c019a0 61c019a0 
000170b0: 628019a0 638019a0 62c019a0 63c019a0 
000170c0: 640019a0 650019a0 644019a0 654019a0 
000170d0: 660019a0 670019a0 664019a0 674019a0 
000170e0: 648019a0 658019a0 64c019a0 65c019a0 
000170f0: 668019a0 678019a0 66c019a0 67c019a0 
00017100: 680018a0 690018a0 684018a0 694018a0 
00017110: 6a0018a0 6b0018a0 6a4018a0 6b4018a0 
00017120: 688018a0 698018a0 68c018a0 69c018a0 
00017130: 6a8018a0 6b8018a0 6ac018a0 6bc018a0 
00017140: 6c0018a0 6d0018a0 6c4018a0 6d4018a0 
00017150: 6e0018a0 6f0018a0 6e4018a0 6f4018a0 
00017160: 6c8018a0 6d8018a0 6cc018a0 6dc018a0 
00017170: 6e8018a0 6f8018a0 6ec018a0 6fc018a0 
00017180: 680019a0 690019a0 684019a0 694019a0 
00017190: 6a0019a0 6b0019a0 6a4019a0 6b4019a0 
000171a0: 688019a0 698019a0 68c019a0 69c019a0 
000171b0: 6a8019a0 6b8019a0 6ac019a0 6bc019a0 
000171c0: 6c0019a0 6d0019a0 6c4019a0 6d4019a0 
000171d0: 6e0019a0 6f0019a0 6e4019a0 6f4019a0 
000171e0: 6c8019a0 6d8019a0 6cc019a0 6dc019a0 
000171f0: 6e8019a0 6f8019a0 6ec019a0 6fc019a0 
00017200: 60001aa0 61001aa0 60401aa0 61401aa0 
00017210: 62001aa0 63001aa0 62401aa0 63401aa0 
00017220: 60801aa0 61801aa0 60c01aa0 61c01aa0 
00017230: 62801aa0 63801aa0 62c01aa0 63c01aa0 
00017240: 64001aa0 65001aa0 64401aa0 65401aa0 
00017250: 66001aa0 67001aa0 66401aa0 67401aa0 
00017260: 64801aa0 65801aa0 64c01aa0 65c01aa0 
00017270: 66801aa0 67801aa0 66c01aa0 67c01aa0 
00017280: 60001ba0 61001ba0 60401ba0 61401ba0 
00017290: 62001ba0 63001ba0 62401ba0 63401ba0 
000172a0: 60801ba0 61801ba0 60c01ba0 61c01ba0 
000172b0: 62801ba0 63801ba0 62c01ba0 63c01ba0 
000172c0: 64001ba0 65001ba0 64401ba0 65401ba0 
000172d0: 66001ba0 67001ba0 66401ba0 67401ba0 
000172e0: 64801ba0 65801ba0 64c01ba0 65c01ba0 
000172f0: 66801ba0 67801ba0 66c01ba0 67c01ba0 
00017300: 68001aa0 69001aa0 68401aa0 69401aa0 
00017310: 6a001aa0 6b001aa0 6a401aa0 6b401aa0 
00017320: 68801aa0 69801aa0 68c01aa0 69c01aa0 
00017330: 6a801aa0 6b801aa0 6ac01aa0 6bc01aa0 
00017340: 6c001aa0 6d001aa0 6c401aa0 6d401aa0 
00017350: 6e001aa0 6f001aa0 6e401aa0 6f401aa0 
00017360: 6c801aa0 6d801aa0 6cc01aa0 6dc01aa0 
00017370: 6e801aa0 6f801aa0 6ec01aa0 6fc01aa0 
00017380: 68001ba0 69001ba0 68401ba0 69401ba0 
00017390: 6a001ba0 6b001ba0 6a401ba0 6b401ba0 
000173a0: 68801ba0 69801ba0 68c01ba0 69c01ba0 
000173b0: 6a801ba0 6b801ba0 6ac01ba0 6bc01ba0 
000173c0: 6c001ba0 6d001ba0 6c401ba0 6d401ba0 
000173d0: 6e001ba0 6f001ba0 6e401ba0 6f401ba0 
000173e0: 6c801ba0 6d801ba0 6cc01ba0 6dc01ba0 
000173f0: 6e801ba0 6f801ba0 6ec01ba0 6fc01ba0 
00017400: 700018a0 710018a0 704018a0 714018a0 
00017410: 720018a0 730018a0 724018a0 734018a0 
00017420: 708018a0 718018a0 70c018a0 71c018a0 
00017430: 728018a0 738018a0 72c018a0 73c018a0 
00017440: 740018a0 750018a0 744018a0 754018a0 
00017450: 760018a0 770018a0 764018a0 774018a0 
00017460: 748018a0 758018a0 74c018a0 75c018a0 
00017470: 768018a0 778018a0 76c018a0 77c018a0 
00017480: 700019a0 710019a0 704019a0 714019a0 
00017490: 720019a0 730019a0 724019a0 734019a0 
000174a0: 708019a0 718019a0 70c019a0 71c019a0 
000174b0: 728019a0 738019a0 72c019a0 73c019a0 
000174c0: 740019a0 750019a0 744019a0 754019a0 
000174d0: 760019a0 770019a0 764019a0 774019a0 
000174e0: 748019a0 758019a0 74c019a0 75c019a0 
000174f0: 768019a0 778019a0 76c019a0 77c019a0 
00017500: 780018a0 790018a0 784018a0 794018a0 
00017510: 7a0018a0 7b0018a0 7a4018a0 7b4018a0 
00017520: 788018a0 798018a0 78c018a0 79c018a0 
00017530: 7a8018a0 7b8018a0 7ac018a0 7bc018a0 
00017540: 7c0018a0 7d0018a0 7c4018a0 7d4018a0 
00017550: 7e0018a0 7f0018a0 7e4018a0 7f4018a0 
00017560: 7c8018a0 7d8018a0 7cc018a0 7dc018a0 
00017570: 7e8018a0 7f8018a0 7ec018a0 7fc018a0 
00017580: 780019a0 790019a0 784019a0 794019a0 
00017590: 7a0019a0 7b0019a0 7a4019a0 7b4019a0 
000175a0: 788019a0 798019a0 78c019a0 79c019a0 
000175b0: 7a8019a0 7b8019a0 7ac019a0 7bc019a0 
000175c0: 7c0019a0 7d0019a0 7c4019a0 7d4019a0 
000175d0: 7e0019a0 7f0019a0 7e4019a0 7f4019a0 
000175e0: 7c8019a0 7d8019a0 7cc019a0 7dc019a0 
000175f0: 7e8019a0 7f8019a0 7ec019a0 7fc019a0 
00017600: 70001aa0 71001aa0 70401aa0 71401aa0 
00017610: 72001aa0 73001aa0 72401aa0 73401aa0 
00017620: 70801aa0 71801aa0 70c01aa0 71c01aa0 
00017630: 72801aa0 73801aa0 72c01aa0 73c01aa0 
00017640: 74001aa0 75001aa0 74401aa0 75401aa0 
00017650: 76001aa0 77001aa0 76401aa0 77401aa0 
00017660: 74801aa0 75801aa0 74c01aa0 75c01aa0 
00017670: 76801aa0 77801aa0 76c01aa0 77c01aa0 
00017680: 70001ba0 71001ba0 70401ba0 71401ba0 
00017690: 72001ba0 73001ba0 72401ba0 73401ba0 
000176a0: 70801ba0 71801ba0 70c01ba0 71c01ba0 
000176b0: 72801ba0 73801ba0 72c01ba0 73c01ba0 
000176c0: 74001ba0 75001ba0 74401ba0 75401ba0 
000176d0: 76001ba0 77001ba0 76401ba0 77401ba0 
000176e0: 74801ba0 75801ba0 74c01ba0 75c01ba0 
000176f0: 76801ba0 77801ba0 76c01ba0 77c01ba0 
00017700: 78001aa0 79001aa0 78401aa0 79401aa0 
00017710: 7a001aa0 7b001aa0 7a401aa0 7b401aa0 
00017720: 78801aa0 79801aa0 78c01aa0 79c01aa0 
00017730: 7a801aa0 7b801aa0 7ac01aa0 7bc01aa0 
00017740: 7c001aa0 7d001aa0 7c401aa0 7d401aa0 
00017750: 7e001aa0 7f001aa0 7e401aa0 7f401aa0 
00017760: 7c801aa0 7d801aa0 7cc01aa0 7dc01aa0 
00017770: 7e801aa0 7f801aa0 7ec01aa0 7fc01aa0 
00017780: 78001ba0 79001ba0 78401ba0 79401ba0 
00017790: 7a001ba0 7b001ba0 7a401ba0 7b401ba0 
000177a0: 78801ba0 79801ba0 78c01ba0 79c01ba0 
000177b0: 7a801ba0 7b801ba0 7ac01ba0 7bc01ba0 
000177c0: 7c001ba0 7d001ba0 7c401ba0 7d401ba0 
000177d0: 7e001ba0 7f001ba0 7e401ba0 7f401ba0 
000177e0: 7c801ba0 7d801ba0 7cc01ba0 7dc01ba0 
000177f0: 7e801ba0 7f801ba0 7ec01ba0 7fc01ba0 
00017800: 60001ca0 61001ca0 60401ca0 61401ca0 
00017810: 62001ca0 63001ca0 62401ca0 63401ca0 
00017820: 60801ca0 61801ca0 60c01ca0 61c01ca0 
00017830: 62801ca0 63801ca0 62c01ca0 63c01ca0 
00017840: 64001ca0 65001ca0 64401ca0 65401ca0 
00017850: 66001ca0 67001ca0 66401ca0 67401ca0 
00017860: 64801ca0 65801ca0 64c01ca0 65c01ca0 
00017870: 66801ca0 67801ca0 66c01ca0 67c01ca0 
00017880: 60001da0 61001da0 60401da0 61401da0 
00017890: 62001da0 63001da0 62401da0 63401da0 
000178a0: 60801da0 61801da0 60c01da0 61c01da0 
000178b0: 62801da0 63801da0 62c01da0 63c01da0 
000178c0: 64001da0 65001da0 64401da0 65401da0 
000178d0: 66001da0 67001da0 66401da0 67401da0 
000178e0: 64801da0 65801da0 64c01da0 65c01da0 
000178f0: 66801da0 67801da0 66c01da0 67c01da0 
00017900: 68001ca0 69001ca0 68401ca0 69401ca0 
00017910: 6a001ca0 6b001ca0 6a401ca0 6b401ca0 
00017920: 68801ca0 69801ca0 68c01ca0 69c01ca0 
00017930: 6a801ca0 6b801ca0 6ac01ca0 6bc01ca0 
00017940: 6c001ca0 6d001ca0 6c401ca0 6d401ca0 
00017950: 6e001ca0 6f001ca0 6e401ca0 6f401ca0 
00017960: 6c801ca0 6d801ca0 6cc01ca0 6dc01ca0 
00017970: 6e801ca0 6f801ca0 6ec01ca0 6fc01ca0 
00017980: 68001da0 69001da0 68401da0 69401da0 
00017990: 6a001da0 6b001da0 6a401da0 6b401da0 
000179a0: 68801da0 69801da0 68c01da0 69c01da0 
000179b0: 6a801da0 6b801da0 6ac01da0 6bc01da0 
000179c0: 6c001da0 6d001da0 6c401da0 6d401da0 
000179d0: 6e001da0 6f001da0 6e401da0 6f401da0 
000179e0: 6c801da0 6d801da0 6cc01da0 6dc01da0 
000179f0: 6e801da0 6f801da0 6ec01da0 6fc01da0 
00017a00: 60001ea0 61001ea0 60401ea0 61401ea0 
00017a10: 62001ea0 63001ea0 62401ea0 63401ea0 
00017a20: 60801ea0 61801ea0 60c01ea0 61c01ea0 
00017a30: 62801ea0 63801ea0 62c01ea0 63c01ea0 
00017a40: 64001ea0 65001ea0 64401ea0 65401ea0 
00017a50: 66001ea0 67001ea0 66401ea0 67401ea0 
00017a60: 64801ea0 65801ea0 64c01ea0 65c01ea0 
00017a70: 66801ea0 67801ea0 66c01ea0 67c01ea0 
00017a80: 60001fa0 61001fa0 60401fa0 61401fa0 
00017a90: 62001fa0 63001fa0 62401fa0 63401fa0 
00017aa0: 60801fa0 61801fa0 60c01fa0 61c01fa0 
00017ab0: 62801fa0 63801fa0 62c01fa0 63c01fa0 
00017ac0: 64001fa0 65001fa0 64401fa0 65401fa0 
00017ad0: 66001fa0 67001fa0 66401fa0 67401fa0 
00017ae0: 64801fa0 65801fa0 64c01fa0 65c01fa0 
00017af0: 66801fa0 67801fa0 66c01fa0 67c01fa0 
00017b00: 68001ea0 69001ea0 68401ea0 69401ea0 
00017b10: 6a001ea0 6b001ea0 6a401ea0 6b401ea0 
00017b20: 68801ea0 69801ea0 68c01ea0 69c01ea0 
00017b30: 6a801ea0 6b801ea0 6ac01ea0 6bc01ea0 
00017b40: 6c001ea0 6d001ea0 6c401ea0 6d401ea0 
00017b50: 6e001ea0 6f001ea0 6e401ea0 6f401ea0 
00017b60: 6c801ea0 6d801ea0 6cc01ea0 6dc01ea0 
00017b70: 6e801ea0 6f801ea0 6ec01ea0 6fc01ea0 
00017b80: 68001fa0 69001fa0 68401fa0 69401fa0 
00017b90: 6a001fa0 6b001fa0 6a401fa0 6b401fa0 
00017ba0: 68801fa0 69801fa0 68c01fa0 69c01fa0 
00017bb0: 6a801fa0 6b801fa0 6ac01fa0 6bc01fa0 
00017bc0: 6c001fa0 6d001fa0 6c401fa0 6d401fa0 
00017bd0: 6e001fa0 6f001fa0 6e401fa0 6f401fa0 
00017be0: 6c801fa0 6d801fa0 6cc01fa0 6dc01fa0 
00017bf0: 6e801fa0 6f801fa0 6ec01fa0 6fc01fa0 
00017c00: 70001ca0 71001ca0 70401ca0 71401ca0 
00017c10: 72001ca0 73001ca0 72401ca0 73401ca0 
00017c20: 70801ca0 71801ca0 70c01ca0 71c01ca0 
00017c30: 72801ca0 73801ca0 72c01ca0 73c01ca0 
00017c40: 74001ca0 75001ca0 74401ca0 75401ca0 
00017c50: 76001ca0 77001ca0 76401ca0 77401ca0 
00017c60: 74801ca0 75801ca0 74c01ca0 75c01ca0 
00017c70: 76801ca0 77801ca0 76c01ca0 77c01ca0 
00017c80: 70001da0 71001da0 70401da0 71401da0 
00017c90: 72001da0 73001da0 72401da0 73401da0 
00017ca0: 70801da0 71801da0 70c01da0 71c01da0 
00017cb0: 72801da0 73801da0 72c01da0 73c01da0 
00017cc0: 74001da0 75001da0 74401da0 75401da0 
00017cd0: 76001da0 77001da0 76401da0 77401da0 
00017ce0: 74801da0 75801da0 74c01da0 75c01da0 
00017cf0: 76801da0 77801da0 76c01da0 77c01da0 
00017d00: 78001ca0 79001ca0 78401ca0 79401ca0 
00017d10: 7a001ca0 7b001ca0 7a401ca0 7b401ca0 
00017d20: 78801ca0 79801ca0 78c01ca0 79c01ca0 
00017d30: 7a801ca0 7b801ca0 7ac01ca0 7bc01ca0 
00017d40: 7c001ca0 7d001ca0 7c401ca0 7d401ca0 
00017d50: 7e001ca0 7f001ca0 7e401ca0 7f401ca0 
00017d60: 7c801ca0 7d801ca0 7cc01ca0 7dc01ca0 
00017d70: 7e801ca0 7f801ca0 7ec01ca0 7fc01ca0 
00017d80: 78001da0 79001da0 78401da0 79401da0 
00017d90: 7a001da0 7b001da0 7a401da0 7b401da0 
00017da0: 78801da0 79801da0 78c01da0 79c01da0 
00017db0: 7a801da0 7b801da0 7ac01da0 7bc01da0 
00017dc0: 7c001da0 7d001da0 7c401da0 7d401da0 
00017dd0: 7e001da0 7f001da0 7e401da0 7f401da0 
00017de0: 7c801da0 7d801da0 7cc01da0 7dc01da0 
00017df0: 7e801da0 7f801da0 7ec01da0 7fc01da0 
00017e00: 70001ea0 71001ea0 70401ea0 71401ea0 
00017e10: 72001ea0 73001ea0 72401ea0 73401ea0 
00017e20: 70801ea0 71801ea0 70c01ea0 71c01ea0 
00017e30: 72801ea0 73801ea0 72c01ea0 73c01ea0 
00017e40: 74001ea0 75001ea0 74401ea0 75401ea0 
00017e50: 76001ea0 77001ea0 76401ea0 77401ea0 
00017e60: 74801ea0 75801ea0 74c01ea0 75c01ea0 
00017e70: 76801ea0 77801ea0 76c01ea0 77c01ea0 
00017e80: 70001fa0 71001fa0 70401fa0 71401fa0 
00017e90: 72001fa0 73001fa0 72401fa0 73401fa0 
00017ea0: 70801fa0 71801fa0 70c01fa0 71c01fa0 
00017eb0: 72801fa0 73801fa0 72c01fa0 73c01fa0 
00017ec0: 74001fa0 75001fa0 74401fa0 75401fa0 
00017ed0: 76001fa0 77001fa0 76401fa0 77401fa0 
00017ee0: 74801fa0 75801fa0 74c01fa0 75c01fa0 
00017ef0: 76801fa0 77801fa0 76c01fa0 77c01fa0 
00017f00: 78001ea0 79001ea0 78401ea0 79401ea0 
00017f10: 7a001ea0 7b001ea0 7a401ea0 7b401ea0 
00017f20: 78801ea0 79801ea0 78c01ea0 79c01ea0 
00017f30: 7a801ea0 7b801ea0 7ac01ea0 7bc01ea0 
00017f40: 7c001ea0 7d001ea0 7c401ea0 7d401ea0 
00017f50: 7e001ea0 7f001ea0 7e401ea0 7f401ea0 
00017f60: 7c801ea0 7d801ea0 7cc01ea0 7dc01ea0 
00017f70: 7e801ea0 7f801ea0 7ec01ea0 7fc01ea0 
00017f80: 78001fa0 79001fa0 78401fa0 79401fa0 
00017f90: 7a001fa0 7b001fa0 7a401fa0 7b401fa0 
00017fa0: 78801fa0 79801fa0 78c01fa0 79c01fa0 
00017fb0: 7a801fa0 7b801fa0 7ac01fa0 7bc01fa0 
00017fc0: 7c001fa0 7d001fa0 7c401fa0 7d401fa0 
00017fd0: 7e001fa0 7f001fa0 7e401fa0 7f401fa0 
00017fe0: 7c801fa0 7d801fa0 7cc01fa0 7dc01fa0 
00017ff0: 7e801fa0 7f801fa0 7ec01fa0 7fc01fa0 
00018000: 800010a0 810010a0 804010a0 814010a0 
00018010: 820010a0 830010a0 824010a0 834010a0 
00018020: 808010a0 818010a0 80c010a0 81c010a0 
00018030: 828010a0 838010a0 82c010a0 83c010a0 
00018040: 840010a0 850010a0 844010a0 854010a0 
00018050: 860010a0 870010a0 864010a0 874010a0 
00018060: 848010a0 858010a0 84c010a0 85c010a0 
00018070: 868010a0 878010a0 86c010a0 87c010a0 
00018080: 800011a0 810011a0 804011a0 814011a0 
00018090: 820011a0 830011a0 824011a0 834011a0 
000180a0: 808011a0 818011a0 80c011a0 81c011a0 
000180b0: 828011a0 838011a0 82c011a0 83c011a0 
000180c0: 840011a0 850011a0 844011a0 854011a0 
000180d0: 860011a0 870011a0 864011a0 874011a0 
000180e0: 848011a0 858011a0 84c011a0 85c011a0 
000180f0: 868011a0 878011a0 86c011a0 87c011a0 
00018100: 880010a0 890010a0 884010a0 894010a0 
00018110: 8a0010a0 8b0010a0 8a4010a0 8b4010a0 
00018120: 888010a0 898010a0 88c010a0 89c010a0 
00018130: 8a8010a0 8b8010a0 8ac010a0 8bc010a0 
00018140: 8c0010a0 8d0010a0 8c4010a0 8d4010a0 
00018150: 8e0010a0 8f0010a0 8e4010a0 8f4010a0 
00018160: 8c8010a0 8d8010a0 8cc010a0 8dc010a0 
00018170: 8e8010a0 8f8010a0 8ec010a0 8fc010a0 
00018180: 880011a0 890011a0 884011a0 894011a0 
00018190: 8a0011a0 8b0011a0 8a4011a0 8b4011a0 
000181a0: 888011a0 898011a0 88c011a0 89c011a0 
000181b0: 8a8011a0 8b8011a0 8ac011a0 8bc011a0 
000181c0: 8c0011a0 8d0011a0 8c4011a0 8d4011a0 
000181d0: 8e0011a0 8f0011a0 8e4011a0 8f4011a0 
000181e0: 8c8011a0 8d8011a0 8cc011a0 8dc011a0 
000181f0: 8e8011a0 8f8011a0 8ec011a0 8fc011a0 
00018200: 800012a0 810012a0 804012a0 814012a0 
00018210: 820012a0 830012a0 824012a0 834012a0 
00018220: 808012a0 818012a0 80c012a0 81c012a0 
00018230: 828012a0 838012a0 82c012a0 83c012a0 
00018240: 840012a0 850012a0 844012a0 854012a0 
00018250: 860012a0 870012a0 864012a0 874012a0 
00018260: 848012a0 858012a0 84c012a0 85c012a0 
00018270: 868012a0 878012a0 86c012a0 87c012a0 
00018280: 800013a0 810013a0 804013a0 814013a0 
00018290: 820013a0 830013a0 824013a0 834013a0 
000182a0: 808013a0 818013a0 80c013a0 81c013a0 
000182b0: 828013a0 838013a0 82c013a0 83c013a0 
000182c0: 840013a0 850013a0 844013a0 854013a0 
000182d0: 860013a0 870013a0 864013a0 874013a0 
000182e0: 848013a0 858013a0 84c013a0 85c013a0 
000182f0: 868013a0 878013a0 86c013a0 87c013a0 
00018300: 880012a0 890012a0 884012a0 894012a0 
00018310: 8a0012a0 8b0012a0 8a4012a0 8b4012a0 
00018320: 888012a0 898012a0 88c012a0 89c012a0 
00018330: 8a8012a0 8b8012a0 8ac012a0 8bc012a0 
00018340: 8c0012a0 8d0012a0 8c4012a0 8d4012a0 
00018350: 8e0012a0 8f0012a0 8e4012a0 8f4012a0 
00018360: 8c8012a0 8d8012a0 8cc012a0 8dc012a0 
00018370: 8e8012a0 8f8012a0 8ec012a0 8fc012a0 
00018380: 880013a0 890013a0 884013a0 894013a0 
00018390: 8a0013a0 8b0013a0 8a4013a0 8b4013a0 
000183a0: 888013a0 898013a0 88c013a0 89c013a0 
000183b0: 8a8013a0 8b8013a0 8ac013a0 8bc013a0 
000183c0: 8c0013a0 8d0013a0 8c4013a0 8d4013a0 
000183d0: 8e0013a0 8f0013a0 8e4013a0 8f4013a0 
000183e0: 8c8013a0 8d8013a0 8cc013a0 8dc013a0 
000183f0: 8e8013a0 8f8013a0 8ec013a0 8fc013a0 
00018400: 900010a0 910010a0 904010a0 914010a0 
00018410: 920010a0 930010a0 924010a0 934010a0 
00018420: 908010a0 918010a0 90c010a0 91c010a0 
00018430: 928010a0 938010a0 92c010a0 93c010a0 
00018440: 940010a0 950010a0 944010a0 954010a0 
00018450: 960010a0 970010a0 964010a0 974010a0 
00018460: 948010a0 958010a0 94c010a0 95c010a0 
00018470: 968010a0 978010a0 96c010a0 97c010a0 
00018480: 900011a0 910011a0 904011a0 914011a0 
00018490: 920011a0 930011a0 924011a0 934011a0 
000184a0: 908011a0 918011a0 90c011a0 91c011a0 
000184b0: 928011a0 938011a0 92c011a0 93c011a0 
000184c0: 940011a0 950011a0 944011a0 954011a0 
000184d0: 960011a0 970011a0 964011a0 974011a0 
000184e0: 948011a0 958011a0 94c011a0 95c011a0 
000184f0: 968011a0 978011a0 96c011a0 97c011a0 
00018500: 980010a0 990010a0 984010a0 994010a0 
00018510: 9a0010a0 9b0010a0 9a4010a0 9b4010a0 
00018520: 988010a0 998010a0 98c010a0 99c010a0 
00018530: 9a8010a0 9b8010a0 9ac010a0 9bc010a0 
00018540: 9c0010a0 9d0010a0 9c4010a0 9d4010a0 
00018550: 9e0010a0 9f0010a0 9e4010a0 9f4010a0 
00018560: 9c8010a0 9d8010a0 9cc010a0 9dc010a0 
00018570: 9e8010a0 9f8010a0 9ec010a0 9fc010a0 
00018580: 980011a0 990011a0 984011a0 994011a0 
00018590: 9a0011a0 9b0011a0 9a4011a0 9b4011a0 
000185a0: 988011a0 998011a0 98c011a0 99c011a0 
000185b0: 9a8011a0 9b8011a0 9ac011a0 9bc011a0 
000185c0: 9c0011a0 9d0011a0 9c4011a0 9d4011a0 
000185d0: 9e0011a0 9f0011a0 9e4011a0 9f4011a0 
000185e0: 9c8011a0 9d8011a0 9cc011a0 9dc011a0 
000185f0: 9e8011a0 9f8011a0 9ec011a0 9fc011a0 
00018600: 900012a0 910012a0 904012a0 914012a0 
00018610: 920012a0 930012a0 924012a0 934012a0 
00018620: 908012a0 918012a0 90c012a0 91c012a0 
00018630: 928012a0 938012a0 92c012a0 93c012a0 
00018640: 940012a0 950012a0 944012a0 954012a0 
00018650: 960012a0 970012a0 964012a0 974012a0 
00018660: 948012a0 958012a0 94c012a0 95c012a0 
00018670: 968012a0 978012a0 96c012a0 97c012a0 
00018680: 900013a0 910013a0 904013a0 914013a0 
00018690: 920013a0 930013a0 924013a0 934013a0 
000186a0: 908013a0 918013a0 90c013a0 91c013a0 
000186b0: 928013a0 938013a0 92c013a0 93c013a0 
000186c0: 940013a0 950013a0 944013a0 954013a0 
000186d0: 960013a0 970013a0 964013a0 974013a0 
000186e0: 948013a0 958013a0 94c013a0 95c013a0 
000186f0: 968013a0 978013a0 96c013a0 97c013a0 
00018700: 980012a0 990012a0 984012a0 994012a0 
00018710: 9a0012a0 9b0012a0 9a4012a0 9b4012a0 
00018720: 988012a0 998012a0 98c012a0 99c012a0 
00018730: 9a8012a0 9b8012a0 9ac012a0 9bc012a0 
00018740: 9c0012a0 9d0012a0 9c4012a0 9d4012a0 
00018750: 9e0012a0 9f0012a0 9e4012a0 9f4012a0 
00018760: 9c8012a0 9d8012a0 9cc012a0 9dc012a0 
00018770: 9e8012a0 9f8012a0 9ec012a0 9fc012a0 
00018780: 980013a0 990013a0 984013a0 994013a0 
00018790: 9a0013a0 9b0013a0 9a4013a0 9b4013a0 
000187a0: 988013a0 998013a0 98c013a0 99c013a0 
000187b0: 9a8013a0 9b8013a0 9ac013a0 9bc013a0 
000187c0: 9c0013a0 9d0013a0 9c4013a0 9d4013a0 
000187d0: 9e0013a0 9f0013a0 9e4013a0 9f4013a0 
000187e0: 9c8013a0 9d8013a0 9cc013a0 9dc013a0 
000187f0: 9e8013a0 9f8013a0 9ec013a0 9fc013a0 
00018800: 800014a0 810014a0 804014a0 814014a0 
00018810: 820014a0 830014a0 824014a0 834014a0 
00018820: 808014a0 818014a0 80c014a0 81c014a0 
00018830: 828014a0 838014a0 82c014a0 83c014a0 
00018840: 840014a0 850014a0 844014a0 854014a0 
00018850: 860014a0 870014a0 864014a0 874014a0 
00018860: 848014a0 858014a0 84c014a0 85c014a0 
00018870: 868014a0 878014a0 86c014a0 87c014a0 
00018880: 800015a0 810015a0 804015a0 814015a0 
00018890: 820015a0 830015a0 824015a0 834015a0 
000188a0: 808015a0 818015a0 80c015a0 81c015a0 
000188b0: 828015a0 838015a0 82c015a0 83c015a0 
000188c0: 840015a0 850015a0 844015a0 854015a0 
000188d0: 860015a0 870015a0 864015a0 874015a0 
000188e0: 848015a0 858015a0 84c015a0 85c015a0 
000188f0: 868015a0 878015a0 86c015a0 87c015a0 
00018900: 880014a0 890014a0 884014a0 894014a0 
00018910: 8a0014a0 8b0014a0 8a4014a0 8b4014a0 
00018920: 888014a0 898014a0 88c014a0 89c014a0 
00018930: 8a8014a0 8b8014a0 8ac014a0 8bc014a0 
00018940: 8c0014a0 8d0014a0 8c4014a0 8d4014a0 
00018950: 8e0014a0 8f0014a0 8e4014a0 8f4014a0 
00018960: 8c8014a0 8d8014a0 8cc014a0 8dc014a0 
00018970: 8e8014a0 8f8014a0 8ec014a0 8fc014a0 
00018980: 880015a0 890015a0 884015a0 894015a0 
00018990: 8a0015a0 8b0015a0 8a4015a0 8b4015a0 
000189a0: 888015a0 898015a0 88c015a0 89c015a0 
000189b0: 8a8015a0 8b8015a0 8ac015a0 8bc015a0 
000189c0: 8c0015a0 8d0015a0 8c4015a0 8d4015a0 
000189d0: 8e0015a0 8f0015a0 8e4015a0 8f4015a0 
000189e0: 8c8015a0 8d8015a0 8cc015a0 8dc015a0 
000189f0: 8e8015a0 8f8015a0 8ec015a0 8fc015a0 
00018a00: 800016a0 810016a0 804016a0 814016a0 
00018a10: 820016a0 830016a0 824016a0 834016a0 
00018a20: 808016a0 818016a0 80c016a0 81c016a0 
00018a30: 828016a0 838016a0 82c016a0 83c016a0 
00018a40: 840016a0 850016a0 844016a0 854016a0 
00018a50: 860016a0 870016a0 864016a0 874016a0 
00018a60: 848016a0 858016a0 84c016a0 85c016a0 
00018a70: 868016a0 878016a0 86c016a0 87c016a0 
00018a80: 800017a0 810017a0 804017a0 814017a0 
00018a90: 820017a0 830017a0 824017a0 834017a0 
00018aa0: 808017a0 818017a0 80c017a0 81c017a0 
00018ab0: 828017a0 838017a0 82c017a0 83c017a0 
00018ac0: 840017a0 850017a0 844017a0 854017a0 
00018ad0: 860017a0 870017a0 864017a0 874017a0 
00018ae0: 848017a0 858017a0 84c017a0 85c017a0 
00018af0: 868017a0 878017a0 86c017a0 87c017a0 
00018b00: 880016a0 890016a0 884016a0 894016a0 
00018b10: 8a0016a0 8b0016a0 8a4016a0 8b4016a0 
00018b20: 888016a0 898016a0 88c016a0 89c016a0 
00018b30: 8a8016a0 8b8016a0 8ac016a0 8bc016a0 
00018b40: 8c0016a0 8d0016a0 8c4016a0 8d4016a0 
00018b50: 8e0016a0 8f0016a0 8e4016a0 8f4016a0 
00018b60: 8c8016a0 8d8016a0 8cc016a0 8dc016a0 
00018b70: 8e8016a0 8f8016a0 8ec016a0 8fc016a0 
00018b80: 880017a0 890017a0 884017a0 894017a0 
00018b90: 8a0017a0 8b0017a0 8a4017a0 8b4017a0 
00018ba0: 888017a0 898017a0 88c017a0 89c017a0 
00018bb0: 8a8017a0 8b8017a0 8ac017a0 8bc017a0 
00018bc0: 8c0017a0 8d0017a0 8c4017a0 8d4017a0 
00018bd0: 8e0017a0 8f0017a0 8e4017a0 8f4017a0 
00018be0: 8c8017a0 8d8017a0 8cc017a0 8dc017a0 
00018bf0: 8e8017a0 8f8017a0 8ec017a0 8fc017a0 
00018c00: 900014a0 910014a0 904014a0 914014a0 
00018c10: 920014a0 930014a0 924014a0 934014a0 
00018c20: 908014a0 918014a0 90c014a0 91c014a0 
00018c30: 928014a0 938014a0 92c014a0 93c014a0 
00018c40: 940014a0 950014a0 944014a0 954014a0 
00018c50: 960014a0 970014a0 964014a0 974014a0 
00018c60: 948014a0 958014a0 94c014a0 95c014a0 
00018c70: 968014a0 978014a0 96c014a0 97c014a0 
00018c80: 900015a0 910015a0 904015a0 914015a0 
00018c90: 920015a0 930015a0 924015a0 934015a0 
00018ca0: 908015a0 918015a0 90c015a0 91c015a0 
00018cb0: 928015a0 938015a0 92c015a0 93c015a0 
00018cc0: 940015a0 950015a0 944015a0 954015a0 
00018cd0: 960015a0 970015a0 964015a0 974015a0 
00018ce0: 948015a0 958015a0 94c015a0 95c015a0 
00018cf0: 968015a0 978015a0 96c015a0 97c015a0 
00018d00: 980014a0 990014a0 984014a0 994014a0 
00018d10: 9a0014a0 9b0014a0 9a4014a0 9b4014a0 
00018d20: 988014a0 998014a0 98c014a0 99c014a0 
00018d30: 9a8014a0 9b8014a0 9ac014a0 9bc014a0 
00018d40: 9c0014a0 9d0014a0 9c4014a0 9d4014a0 
00018d50: 9e0014a0 9f0014a0 9e4014a0 9f4014a0 
00018d60: 9c8014a0 9d8014a0 9cc014a0 9dc014a0 
00018d70: 9e8014a0 9f8014a0 9ec014a0 9fc014a0 
00018d80: 980015a0 990015a0 984015a0 994015a0 
00018d90: 9a0015a0 9b0015a0 9a4015a0 9b4015a0 
00018da0: 988015a0 998015a0 98c015a0 99c015a0 
00018db0: 9a8015a0 9b8015a0 9ac015a0 9bc015a0 
00018dc0: 9c0015a0 9d0015a0 9c4015a0 9d4015a0 
00018dd0: 9e0015a0 9f0015a0 9e4015a0 9f4015a0 
00018de0: 9c8015a0 9d8015a0 9cc015a0 9dc015a0 
00018df0: 9e8015a0 9f8015a0 9ec015a0 9fc015a0 
00018e00: 900016a0 910016a0 904016a0 914016a0 
00018e10: 920016a0 930016a0 924016a0 934016a0 
00018e20: 908016a0 918016a0 90c016a0 91c016a0 
00018e30: 928016a0 938016a0 92c016a0 93c016a0 
00018e40: 940016a0 950016a0 944016a0 954016a0 
00018e50: 960016a0 970016a0 964016a0 974016a0 
00018e60: 948016a0 958016a0 94c016a0 95c016a0 
00018e70: 968016a0 978016a0 96c016a0 97c016a0 
00018e80: 900017a0 910017a0 904017a0 914017a0 
00018e90: 920017a0 930017a0 924017a0 934017a0 
00018ea0: 908017a0 918017a0 90c017a0 91c017a0 
00018eb0: 928017a0 938017a0 92c017a0 93c017a0 
00018ec0: 940017a0 950017a0 944017a0 954017a0 
00018ed0: 960017a0 970017a0 964017a0 974017a0 
00018ee0: 948017a0 958017a0 94c017a0 95c017a0 
00018ef0: 968017a0 978017a0 96c017a0 97c017a0 
00018f00: 980016a0 990016a0 984016a0 994016a0 
00018f10: 9a0016a0 9b0016a0 9a4016a0 9b4016a0 
00018f20: 988016a0 998016a0 98c016a0 99c016a0 
00018f30: 9a8016a0 9b8016a0 9ac016a0 9bc016a0 
00018f40: 9c0016a0 9d0016a0 9c4016a0 9d4016a0 
00018f50: 9e0016a0 9f0016a0 9e4016a0 9f4016a0 
00018f60: 9c8016a0 9d8016a0 9cc016a0 9dc016a0 
00018f70: 9e8016a0 9f8016a0 9ec016a0 9fc016a0 
00018f80: 980017a0 990017a0 984017a0 994017a0 
00018f90: 9a0017a0 9b0017a0 9a4017a0 9b4017a0 
00018fa0: 988017a0 998017a0 98c017a0 99c017a0 
00018fb0: 9a8017a0 9b8017a0 9ac017a0 9bc017a0 
00018fc0: 9c0017a0 9d0017a0 9c4017a0 9d4017a0 
00018fd0: 9e0017a0 9f0017a0 9e4017a0 9f4017a0 
00018fe0: 9c8017a0 9d8017a0 9cc017a0 9dc017a0 
00018ff0: 9e8017a0 9f8017a0 9ec017a0 9fc017a0 
00019000: a00010a0 a10010a0 a04010a0 a14010a0 
00019010: a20010a0 a30010a0 a24010a0 a34010a0 
00019020: a08010a0 a18010a0 a0c010a0 a1c010a0 
00019030: a28010a0 a38010a0 a2c010a0 a3c010a0 
00019040: a40010a0 a50010a0 a44010a0 a54010a0 
00019050: a60010a0 a70010a0 a64010a0 a74010a0 
00019060: a48010a0 a58010a0 a4c010a0 a5c010a0 
00019070: a68010a0 a78010a0 a6c010a0 a7c010a0 
00019080: a00011a0 a10011a0 a04011a0 a14011a0 
00019090: a20011a0 a30011a0 a24011a0 a34011a0 
000190a0: a08011a0 a18011a0 a0c011a0 a1c011a0 
000190b0: a28011a0 a38011a0 a2c011a0 a3c011a0 
000190c0: a40011a0 a50011a0 a44011a0 a54011a0 
000190d0: a60011a0 a70011a0 a64011a0 a74011a0 
000190e0: a48011a0 a58011a0 a4c011a0 a5c011a0 
000190f0: a68011a0 a78011a0 a6c011a0 a7c011a0 
00019100: a80010a0 a90010a0 a84010a0 a94010a0 
00019110: aa0010a0 ab0010a0 aa4010a0 ab4010a0 
00019120: a88010a0 a98010a0 a8c010a0 a9c010a0 
00019130: aa8010a0 ab8010a0 aac010a0 abc010a0 
00019140: ac0010a0 ad0010a0 ac4010a0 ad4010a0 
00019150: ae0010a0 af0010a0 ae4010a0 af4010a0 
00019160: ac8010a0 ad8010a0 acc010a0 adc010a0 
00019170: ae8010a0 af8010a0 aec010a0 afc010a0 
00019180: a80011a0 a90011a0 a84011a0 a94011a0 
00019190: aa0011a0 ab0011a0 aa4011a0 ab4011a0 
000191a0: a88011a0 a98011a0 a8c011a0 a9c011a0 
000191b0: aa8011a0 ab8011a0 aac011a0 abc011a0 
000191c0: ac0011a0 ad0011a0 ac4011a0 ad4011a0 
000191d0: ae0011a0 af0011a0 ae4011a0 af4011a0 
000191e0: ac8011a0 ad8011a0 acc011a0 adc011a0 
000191f0: ae8011a0 af8011a0 aec011a0 afc011a0 
00019200: a00012a0 a10012a0 a04012a0 a14012a0 
00019210: a20012a0 a30012a0 a24012a0 a34012a0 
00019220: a08012a0 a18012a0 a0c012a0 a1c012a0 
00019230: a28012a0 a38012a0 a2c012a0 a3c012a0 
00019240: a40012a0 a50012a0 a44012a0 a54012a0 
00019250: a60012a0 a70012a0 a64012a0 a74012a0 
00019260: a48012a0 a58012a0 a4c012a0 a5c012a0 
00019270: a68012a0 a78012a0 a6c012a0 a7c012a0 
00019280: a00013a0 a10013a0 a04013a0 a14013a0 
00019290: a20013a0 a30013a0 a24013a0 a34013a0 
000192a0: a08013a0 a18013a0 a0c013a0 a1c013a0 
000192b0: a28013a0 a38013a0 a2c013a0 a3c013a0 
000192c0: a40013a0 a50013a0 a44013a0 a54013a0 
000192d0: a60013a0 a70013a0 a64013a0 a74013a0 
000192e0: a48013a0 a58013a0 a4c013a0 a5c013a0 
000192f0: a68013a0 a78013a0 a6c013a0 a7c013a0 
00019300: a80012a0 a90012a0 a84012a0 a94012a0 
00019310: aa0012a0 ab0012a0 aa4012a0 ab4012a0 
00019320: a88012a0 a98012a0 a8c012a0 a9c012a0 
00019330: aa8012a0 ab8012a0 aac012a0 abc012a0 
00019340: ac0012a0 ad0012a0 ac4012a0 ad4012a0 
00019350: ae0012a0 af0012a0 ae4012a0 af4012a0 
00019360: ac8012a0 ad8012a0 acc012a0 adc012a0 
00019370: ae8012a0 af8012a0 aec012a0 afc012a0 
00019380: a80013a0 a90013a0 a84013a0 a94013a0 
00019390: aa0013a0 ab0013a0 aa4013a0 ab4013a0 
000193a0: a88013a0 a98013a0 a8c013a0 a9c013a0 
000193b0: aa8013a0 ab8013a0 aac013a0 abc013a0 
000193c0: ac0013a0 ad0013a0 ac4013a0 ad4013a0 
000193d0: ae0013a0 af0013a0 ae4013a0 af4013a0 
000193e0: ac8013a0 ad8013a0 acc013a0 adc013a0 
000193f0: ae8013a0 af8013a0 aec013a0 afc013a0 
00019400: b00010a0 b10010a0 b04010a0 b14010a0 
00019410: b20010a0 b30010a0 b24010a0 b34010a0 
00019420: b08010a0 b18010a0 b0c010a0 b1c010a0 
00019430: b28010a0 b38010a0 b2c010a0 b3c010a0 
00019440: b40010a0 b50010a0 b44010a0 b54010a0 
00019450: b60010a0 b70010a0 b64010a0 b74010a0 
00019460: b48010a0 b58010a0 b4c010a0 b5c010a0 
00019470: b68010a0 b78010a0 b6c010a0 b7c010a0 
00019480: b00011a0 b10011a0 b04011a0 b14011a0 
00019490: b20011a0 b30011a0 b24011a0 b34011a0 
000194a0: b08011a0 b18011a0 b0c011a0 b1c011a0 
000194b0: b28011a0 b38011a0 b2c011a0 b3c011a0 
000194c0: b40011a0 b50011a0 b44011a0 b54011a0 
000194d0: b60011a0 b70011a0 b64011a0 b74011a0 
000194e0: b48011a0 b58011a0 b4c011a0 b5c011a0 
000194f0: b68011a0 b78011a0 b6c011a0 b7c011a0 
00019500: b80010a0 b90010a0 b84010a0 b94010a0 
00019510: ba0010a0 bb0010a0 ba4010a0 bb4010a0 
00019520: b88010a0 b98010a0 b8c010a0 b9c010a0 
00019530: ba8010a0 bb8010a0 bac010a0 bbc010a0 
00019540: bc0010a0 bd0010a0 bc4010a0 bd4010a0 
00019550: be0010a0 bf0010a0 be4010a0 bf4010a0 
00019560: bc8010a0 bd8010a0 bcc010a0 bdc010a0 
00019570: be8010a0 bf8010a0 bec010a0 bfc010a0 
00019580: b80011a0 b90011a0 b84011a0 b94011a0 
00019590: ba0011a0 bb0011a0 ba4011a0 bb4011a0 
000195a0: b88011a0 b98011a0 b8c011a0 b9c011a0 
000195b0: ba8011a0 bb8011a0 bac011a0 bbc011a0 
000195c0: bc0011a0 bd0011a0 bc4011a0 bd4011a0 
000195d0: be0011a0 bf0011a0 be4011a0 bf4011a0 
000195e0: bc8011a0 bd8011a0 bcc011a0 bdc011a0 
000195f0: be8011a0 bf8011a0 bec011a0 bfc011a0 
00019600: b00012a0 b10012a0 b04012a0 b14012a0 
00019610: b20012a0 b30012a0 b24012a0 b34012a0 
00019620: b08012a0 b18012a0 b0c012a0 b1c012a0 
00019630: b28012a0 b38012a0 b2c012a0 b3c012a0 
00019640: b40012a0 b50012a0 b44012a0 b54012a0 
00019650: b60012a0 b70012a0 b64012a0 b74012a0 
00019660: b48012a0 b58012a0 b4c012a0 b5c012a0 
00019670: b68012a0 b78012a0 b6c012a0 b7c012a0 
00019680: b00013a0 b10013a0 b04013a0 b14013a0 
00019690: b20013a0 b30013a0 b24013a0 b34013a0 
000196a0: b08013a0 b18013a0 b0c013a0 b1c013a0 
000196b0: b28013a0 b38013a0 b2c013a0 b3c013a0 
000196c0: b40013a0 b50013a0 b44013a0 b54013a0 
000196d0: b60013a0 b70013a0 b64013a0 b74013a0 
000196e0: b48013a0 b58013a0 b4c013a0 b5c013a0 
000196f0: b68013a0 b78013a0 b6c013a0 b7c013a0 
00019700: b80012a0 b90012a0 b84012a0 b94012a0 
00019710: ba0012a0 bb0012a0 ba4012a0 bb4012a0 
00019720: b88012a0 b98012a0 b8c012a0 b9c012a0 
00019730: ba8012a0 bb8012a0 bac012a0 bbc012a0 
00019740: bc0012a0 bd0012a0 bc4012a0 bd4012a0 
00019750: be0012a0 bf0012a0 be4012a0 bf4012a0 
00019760: bc8012a0 bd8012a0 bcc012a0 bdc012a0 
00019770: be8012a0 bf8012a0 bec012a0 bfc012a0 
00019780: b80013a0 b90013a0 b84013a0 b94013a0 
00019790: ba0013a0 bb0013a0 ba4013a0 bb4013a0 
000197a0: b88013a0 b98013a0 b8c013a0 b9c013a0 
000197b0: ba8013a0 bb8013a0 bac013a0 bbc013a0 
000197c0: bc0013a0 bd0013a0 bc4013a0 bd4013a0 
000197d0: be0013a0 bf0013a0 be4013a0 bf4013a0 
000197e0: bc8013a0 bd8013a0 bcc013a0 bdc013a0 
000197f0: be8013a0 bf8013a0 bec013a0 bfc013a0 
00019800: a00014a0 a10014a0 a04014a0 a14014a0 
00019810: a20014a0 a30014a0 a24014a0 a34014a0 
00019820: a08014a0 a18014a0 a0c014a0 a1c014a0 
00019830: a28014a0 a38014a0 a2c014a0 a3c014a0 
00019840: a40014a0 a50014a0 a44014a0 a54014a0 
00019850: a60014a0 a70014a0 a64014a0 a74014a0 
00019860: a48014a0 a58014a0 a4c014a0 a5c014a0 
00019870: a68014a0 a78014a0 a6c014a0 a7c014a0 
00019880: a00015a0 a10015a0 a04015a0 a14015a0 
00019890: a20015a0 a30015a0 a24015a0 a34015a0 
000198a0: a08015a0 a18015a0 a0c015a0 a1c015a0 
000198b0: a28015a0 a38015a0 a2c015a0 a3c015a0 
000198c0: a40015a0 a50015a0 a44015a0 a54015a0 
000198d0: a60015a0 a70015a0 a64015a0 a74015a0 
000198e0: a48015a0 a58015a0 a4c015a0 a5c015a0 
000198f0: a68015a0 a78015a0 a6c015a0 a7c015a0 
00019900: a80014a0 a90014a0 a84014a0 a94014a0 
00019910: aa0014a0 ab0014a0 aa4014a0 ab4014a0 
00019920: a88014a0 a98014a0 a8c014a0 a9c014a0 
00019930: aa8014a0 ab8014a0 aac014a0 abc014a0 
00019940: ac0014a0 ad0014a0 ac4014a0 ad4014a0 
00019950: ae0014a0 af0014a0 ae4014a0 af4014a0 
00019960: ac8014a0 ad8014a0 acc014a0 adc014a0 
00019970: ae8014a0 af8014a0 aec014a0 afc014a0 
00019980: a80015a0 a90015a0 a84015a0 a94015a0 
00019990: aa0015a0 ab0015a0 aa4015a0 ab4015a0 
000199a0: a88015a0 a98015a0 a8c015a0 a9c015a0 
000199b0: aa8015a0 ab8015a0 aac015a0 abc015a0 
000199c0: ac0015a0 ad0015a0 ac4015a0 ad4015a0 
000199d0: ae0015a0 af0015a0 ae4015a0 af4015a0 
000199e0: ac8015a0 ad8015a0 acc015a0 adc015a0 
000199f0: ae8015a0 af8015a0 aec015a0 afc015a0 
00019a00: a00016a0 a10016a0 a04016a0 a14016a0 
00019a10: a20016a0 a30016a0 a24016a0 a34016a0 
00019a20: a08016a0 a18016a0 a0c016a0 a1c016a0 
00019a30: a28016a0 a38016a0 a2c016a0 a3c016a0 
00019a40: a40016a0 a50016a0 a44016a0 a54016a0 
00019a50: a60016a0 a70016a0 a64016a0 a74016a0 
00019a60: a48016a0 a58016a0 a4c016a0 a5c016a0 
00019a70: a68016a0 a78016a0 a6c016a0 a7c016a0 
00019a80: a00017a0 a10017a0 a04017a0 a14017a0 
00019a90: a20017a0 a30017a0 a24017a0 a34017a0 
00019aa0: a08017a0 a18017a0 a0c017a0 a1c017a0 
00019ab0: a28017a0 a38017a0 a2c017a0 a3c017a0 
00019ac0: a40017a0 a50017a0 a44017a0 a54017a0 
00019ad0: a60017a0 a70017a0 a64017a0 a74017a0 
00019ae0: a48017a0 a58017a0 a4c017a0 a5c017a0 
00019af0: a68017a0 a78017a0 a6c017a0 a7c017a0 
00019b00: a80016a0 a90016a0 a84016a0 a94016a0 
00019b10: aa0016a0 ab0016a0 aa4016a0 ab4016a0 
00019b20: a88016a0 a98016a0 a8c016a0 a9c016a0 
00019b30: aa8016a0 ab8016a0 aac016a0 abc016a0 
00019b40: ac0016a0 ad0016a0 ac4016a0 ad4016a0 
00019b50: ae0016a0 af0016a0 ae4016a0 af4016a0 
00019b60: ac8016a0 ad8016a0 acc016a0 adc016a0 
00019b70: ae8016a0 af8016a0 aec016a0 afc016a0 
00019b80: a80017a0 a90017a0 a84017a0 a94017a0 
00019b90: aa0017a0 ab0017a0 aa4017a0 ab4017a0 
00019ba0: a88017a0 a98017a0 a8c017a0 a9c017a0 
00019bb0: aa8017a0 ab8017a0 aac017a0 abc017a0 
00019bc0: ac0017a0 ad0017a0 ac4017a0 ad4017a0 
00019bd0: ae0017a0 af0017a0 ae4017a0 af4017a0 
00019be0: ac8017a0 ad8017a0 acc017a0 adc017a0 
00019bf0: ae8017a0 af8017a0 aec017a0 afc017a0 
00019c00: b00014a0 b10014a0 b04014a0 b14014a0 
00019c10: b20014a0 b30014a0 b24014a0 b34014a0 
00019c20: b08014a0 b18014a0 b0c014a0 b1c014a0 
00019c30: b28014a0 b38014a0 b2c014a0 b3c014a0 
00019c40: b40014a0 b50014a0 b44014a0 b54014a0 
00019c50: b60014a0 b70014a0 b64014a0 b74014a0 
00019c60: b48014a0 b58014a0 b4c014a0 b5c014a0 
00019c70: b68014a0 b78014a0 b6c014a0 b7c014a0 
00019c80: b00015a0 b10015a0 b04015a0 b14015a0 
00019c90: b20015a0 b30015a0 b24015a0 b34015a0 
00019ca0: b08015a0 b18015a0 b0c015a0 b1c015a0 
00019cb0: b28015a0 b38015a0 b2c015a0 b3c015a0 
00019cc0: b40015a0 b50015a0 b44015a0 b54015a0 
00019cd0: b60015a0 b70015a0 b64015a0 b74015a0 
00019ce0: b48015a0 b58015a0 b4c015a0 b5c015a0 
00019cf0: b68015a0 b78015a0 b6c015a0 b7c015a0 
00019d00: b80014a0 b90014a0 b84014a0 b94014a0 
00019d10: ba0014a0 bb0014a0 ba4014a0 bb4014a0 
00019d20: b88014a0 b98014a0 b8c014a0 b9c014a0 
00019d30: ba8014a0 bb8014a0 bac014a0 bbc014a0 
00019d40: bc0014a0 bd0014a0 bc4014a0 bd4014a0 
00019d50: be0014a0 bf0014a0 be4014a0 bf4014a0 
00019d60: bc8014a0 bd8014a0 bcc014a0 bdc014a0 
00019d70: be8014a0 bf8014a0 bec014a0 bfc014a0 
00019d80: b80015a0 b90015a0 b84015a0 b94015a0 
00019d90: ba0015a0 bb0015a0 ba4015a0 bb4015a0 
00019da0: b88015a0 b98015a0 b8c015a0 b9c015a0 
00019db0: ba8015a0 bb8015a0 bac015a0 bbc015a0 
00019dc0: bc0015a0 bd0015a0 bc4015a0 bd4015a0 
00019dd0: be0015a0 bf0015a0 be4015a0 bf4015a0 
00019de0: bc8015a0 bd8015a0 bcc015a0 bdc015a0 
00019df0: be8015a0 bf8015a0 bec015a0 bfc015a0 
00019e00: b00016a0 b10016a0 b04016a0 b14016a0 
00019e10: b20016a0 b30016a0 b24016a0 b34016a0 
00019e20: b08016a0 b18016a0 b0c016a0 b1c016a0 
00019e30: b28016a0 b38016a0 b2c016a0 b3c016a0 
00019e40: b40016a0 b50016a0 b44016a0 b54016a0 
00019e50: b60016a0 b70016a0 b64016a0 b74016a0 
00019e60: b48016a0 b58016a0 b4c016a0 b5c016a0 
00019e70: b68016a0 b78016a0 b6c016a0 b7c016a0 
00019e80: b00017a0 b10017a0 b04017a0 b14017a0 
00019e90: b20017a0 b30017a0 b24017a0 b34017a0 
00019ea0: b08017a0 b18017a0 b0c017a0 b1c017a0 
00019eb0: b28017a0 b38017a0 b2c017a0 b3c017a0 
00019ec0: b40017a0 b50017a0 b44017a0 b54017a0 
00019ed0: b60017a0 b70017a0 b64017a0 b74017a0 
00019ee0: b48017a0 b58017a0 b4c017a0 b5c017a0 
00019ef0: b68017a0 b78017a0 b6c017a0 b7c017a0 
00019f00: b80016a0 b90016a0 b84016a0 b94016a0 
00019f10: ba0016a0 bb0016a0 ba4016a0 bb4016a0 
00019f20: b88016a0 b98016a0 b8c016a0 b9c016a0 
00019f30: ba8016a0 bb8016a0 bac016a0 bbc016a0 
00019f40: bc0016a0 bd0016a0 bc4016a0 bd4016a0 
00019f50: be0016a0 bf0016a0 be4016a0 bf4016a0 
00019f60: bc8016a0 bd8016a0 bcc016a0 bdc016a0 
00019f70: be8016a0 bf8016a0 bec016a0 bfc016a0 
00019f80: b80017a0 b90017a0 b84017a0 b94017a0 
00019f90: ba0017a0 bb0017a0 ba4017a0 bb4017a0 
00019fa0: b88017a0 b98017a0 b8c017a0 b9c017a0 
00019fb0: ba8017a0 bb8017a0 bac017a0 bbc017a0 
00019fc0: bc0017a0 bd0017a0 bc4017a0 bd4017a0 
00019fd0: be0017a0 bf0017a0 be4017a0 bf4017a0 
00019fe0: bc8017a0 bd8017a0 bcc017a0 bdc017a0 
00019ff0: be8017a0 bf8017a0 bec017a0 bfc017a0 
0001a000: 800018a0 810018a0 804018a0 814018a0 
0001a010: 820018a0 830018a0 824018a0 834018a0 
0001a020: 808018a0 818018a0 80c018a0 81c018a0 
0001a030: 828018a0 838018a0 82c018a0 83c018a0 
0001a040: 840018a0 850018a0 844018a0 854018a0 
0001a050: 860018a0 870018a0 864018a0 874018a0 
0001a060: 848018a0 858018a0 84c018a0 85c018a0 
0001a070: 868018a0 878018a0 86c018a0 87c018a0 
0001a080: 800019a0 810019a0 804019a0 814019a0 
0001a090: 820019a0 830019a0 824019a0 834019a0 
0001a0a0: 808019a0 818019a0 80c019a0 81c019a0 
0001a0b0: 828019a0 838019a0 82c019a0 83c019a0 
0001a0c0: 840019a0 850019a0 844019a0 854019a0 
0001a0d0: 860019a0 870019a0 864019a0 874019a0 
0001a0e0: 848019a0 858019a0 84c019a0 85c019a0 
0001a0f0: 868019a0 878019a0 86c019a0 87c019a0 
0001a100: 880018a0 890018a0 884018a0 894018a0 
0001a110: 8a0018a0 8b0018a0 8a4018a0 8b4018a0 
0001a120: 888018a0 898018a0 88c018a0 89c018a0 
0001a130: 8a8018a0 8b8018a0 8ac018a0 8bc018a0 
0001a140: 8c0018a0 8d0018a0 8c4018a0 8d4018a0 
0001a150: 8e0018a0 8f0018a0 8e4018a0 8f4018a0 
0001a160: 8c8018a0 8d8018a0 8cc018a0 8dc018a0 
0001a170: 8e8018a0 8f8018a0 8ec018a0 8fc018a0 
0001a180: 880019a0 890019a0 884019a0 894019a0 
0001a190: 8a0019a0 8b0019a0 8a4019a0 8b4019a0 
0001a1a0: 888019a0 898019a0 88c019a0 89c019a0 
0001a1b0: 8a8019a0 8b8019a0 8ac019a0 8bc019a0 
0001a1c0: 8c0019a0 8d0019a0 8c4019a0 8d4019a0 
0001a1d0: 8e0019a0 8f0019a0 8e4019a0 8f4019a0 
0001a1e0: 8c8019a0 8d8019a0 8cc019a0 8dc019a0 
0001a1f0: 8e8019a0 8f8019a0 8ec019a0 8fc019a0 
0001a200: 80001aa0 81001aa0 80401aa0 81401aa0 
0001a210: 82001aa0 83001aa0 82401aa0 83401aa0 
0001a220: 80801aa0 81801aa0 80c01aa0 81c01aa0 
0001a230: 82801aa0 83801aa0 82c01aa0 83c01aa0 
0001a240: 84001aa0 85001aa0 84401aa0 85401aa0 
0001a250: 86001aa0 87001aa0 86401aa0 87401aa0 
0001a260: 84801aa0 85801aa0 84c01aa0 85c01aa0 
0001a270: 86801aa0 87801aa0 86c01aa0 87c01aa0 
0001a280: 80001ba0 81001ba0 80401ba0 81401ba0 
0001a290: 82001ba0 83001ba0 82401ba0 83401ba0 
0001a2a0: 80801ba0 81801ba0 80c01ba0 81c01ba0 
0001a2b0: 82801ba0 83801ba0 82c01ba0 83c01ba0 
0001a2c0: 84001ba0 85001ba0 84401ba0 85401ba0 
0001a2d0: 86001ba0 87001ba0 86401ba0 87401ba0 
0001a2e0: 84801ba0 85801ba0 84c01ba0 85c01ba0 
0001a2f0: 86801ba0 87801ba0 86c01ba0 87c01ba0 
0001a300: 88001aa0 89001aa0 88401aa0 89401aa0 
0001a310: 8a001aa0 8b001aa0 8a401aa0 8b401aa0 
0001a320: 88801aa0 89801aa0 88c01aa0 89c01aa0 
0001a330: 8a801aa0 8b801aa0 8ac01aa0 8bc01aa0 
0001a340: 8c001aa0 8d001aa0 8c401aa0 8d401aa0 
0001a350: 8e001aa0 8f001aa0 8e401aa0 8f401aa0 
0001a360: 8c801aa0 8d801aa0 8cc01aa0 8dc01aa0 
0001a370: 8e801aa0 8f801aa0 8ec01aa0 8fc01aa0 
0001a380: 88001ba0 89001ba0 88401ba0 89401ba0 
0001a390: 8a001ba0 8b001ba0 8a401ba0 8b401ba0 
0001a3a0: 88801ba0 89801ba0 88c01ba0 89c01ba0 
0001a3b0: 8a801ba0 8b801ba0 8ac01ba0 8bc01ba0 
0001a3c0: 8c001ba0 8d001ba0 8c401ba0 8d401ba0 
0001a3d0: 8e001ba0 8f001ba0 8e401ba0 8f401ba0 
0001a3e0: 8c801ba0 8d801ba0 8cc01ba0 8dc01ba0 
0001a3f0: 8e801ba0 8f801ba0 8ec01ba0 8fc01ba0 
0001a400: 900018a0 910018a0 904018a0 914018a0 
0001a410: 920018a0 930018a0 924018a0 934018a0 
0001a420: 908018a0 918018a0 90c018a0 91c018a0 
0001a430: 928018a0 938018a0 92c018a0 93c018a0 
0001a440: 940018a0 950018a0 944018a0 954018a0 
0001a450: 960018a0 970018a0 964018a0 974018a0 
0001a460: 948018a0 958018a0 94c018a0 95c018a0 
0001a470: 968018a0 978018a0 96c018a0 97c018a0 
0001a480: 900019a0 910019a0 904019a0 914019a0 
0001a490: 920019a0 930019a0 924019a0 934019a0 
0001a4a0: 908019a0 918019a0 90c019a0 91c019a0 
0001a4b0: 928019a0 938019a0 92c019a0 93c019a0 
0001a4c0: 940019a0 950019a0 944019a0 954019a0 
0001a4d0: 960019a0 970019a0 964019a0 974019a0 
0001a4e0: 948019a0 958019a0 94c019a0 95c019a0 
0001a4f0: 968019a0 978019a0 96c019a0 97c019a0 
0001a500: 980018a0 990018a0 984018a0 994018a0 
0001a510: 9a0018a0 9b0018a0 9a4018a0 9b4018a0 
0001a520: 988018a0 998018a0 98c018a0 99c018a0 
0001a530: 9a8018a0 9b8018a0 9ac018a0 9bc018a0 
0001a540: 9c0018a0 9d0018a0 9c4018a0 9d4018a0 
0001a550: 9e0018a0 9f0018a0 9e4018a0 9f4018a0 
0001a560: 9c8018a0 9d8018a0 9cc018a0 9dc018a0 
0001a570: 9e8018a0 9f8018a0 9ec018a0 9fc018a0 
0001a580: 980019a0 990019a0 984019a0 994019a0 
0001a590: 9a0019a0 9b0019a0 9a4019a0 9b4019a0 
0001a5a0: 988019a0 998019a0 98c019a0 99c019a0 
0001a5b0: 9a8019a0 9b8019a0 9ac019a0 9bc019a0 
0001a5c0: 9c0019a0 9d0019a0 9c4019a0 9d4019a0 
0001a5d0: 9e0019a0 9f0019a0 9e4019a0 9f4019a0 
0001a5e0: 9c8019a0 9d8019a0 9cc019a0 9dc019a0 
0001a5f0: 9e8019a0 9f8019a0 9ec019a0 9fc019a0 
0001a600: 90001aa0 91001aa0 90401aa0 91401aa0 
0001a610: 92001aa0 93001aa0 92401aa0 93401aa0 
0001a620: 90801aa0 91801aa0 90c01aa0 91c01aa0 
0001a630: 92801aa0 93801aa0 92c01aa0 93c01aa0 
0001a640: 94001aa0 95001aa0 94401aa0 95401aa0 
0001a650: 96001aa0 97001aa0 96401aa0 97401aa0 
0001a660: 94801aa0 95801aa0 94c01aa0 95c01aa0 
0001a670: 96801aa0 97801aa0 96c01aa0 97c01aa0 
0001a680: 90001ba0 91001ba0 90401ba0 91401ba0 
0001a690: 92001ba0 93001ba0 92401ba0 93401ba0 
0001a6a0: 90801ba0 91801ba0 90c01ba0 91c01ba0 
0001a6b0: 92801ba0 93801ba0 92c01ba0 93c01ba0 
0001a6c0: 94001ba0 95001ba0 94401ba0 95401ba0 
0001a6d0: 96001ba0 97001ba0 96401ba0 97401ba0 
0001a6e0: 94801ba0 95801ba0 94c01ba0 95c01ba0 
0001a6f0: 96801ba0 97801ba0 96c01ba0 97c01ba0 
0001a700: 98001aa0 99001aa0 98401aa0 99401aa0 
0001a710: 9a001aa0 9b001aa0 9a401aa0 9b401aa0 
0001a720: 98801aa0 99801aa0 98c01aa0 99c01aa0 
0001a730: 9a801aa0 9b801aa0 9ac01aa0 9bc01aa0 
0001a740: 9c001aa0 9d001aa0 9c401aa0 9d401aa0 
0001a750: 9e001aa0 9f001aa0 9e401aa0 9f401aa0 
0001a760: 9c801aa0 9d801aa0 9cc01aa0 9dc01aa0 
0001a770: 9e801aa0 9f801aa0 9ec01aa0 9fc01aa0 
0001a780: 98001ba0 99001ba0 98401ba0 99401ba0 
0001a790: 9a001ba0 9b001ba0 9a401ba0 9b401ba0 
0001a7a0: 98801ba0 99801ba0 98c01ba0 99c01ba0 
0001a7b0: 9a801ba0 9b801ba0 9ac01ba0 9bc01ba0 
0001a7c0: 9c001ba0 9d001ba0 9c401ba0 9d401ba0 
0001a7d0: 9e001ba0 9f001ba0 9e401ba0 9f401ba0 
0001a7e0: 9c801ba0 9d801ba0 9cc01ba0 9dc01ba0 
0001a7f0: 9e801ba0 9f801ba0 9ec01ba0 9fc01ba0 
0001a800: 80001ca0 81001ca0 80401ca0 81401ca0 
0001a810: 82001ca0 83001ca0 82401ca0 83401ca0 
0001a820: 80801ca0 81801ca0 80c01ca0 81c01ca0 
0001a830: 82801ca0 83801ca0 82c01ca0 83c01ca0 
0001a840: 84001ca0 85001ca0 84401ca0 85401ca0 
0001a850: 86001ca0 87001ca0 86401ca0 87401ca0 
0001a860: 84801ca0 85801ca0 84c01ca0 85c01ca0 
0001a870: 86801ca0 87801ca0 86c01ca0 87c01ca0 
0001a880: 80001da0 81001da0 80401da0 81401da0 
0001a890: 82001da0 83001da0 82401da0 83401da0 
0001a8a0: 80801da0 81801da0 80c01da0 81c01da0 
0001a8b0: 82801da0 83801da0 82c01da0 83c01da0 
0001a8c0: 84001da0 85001da0 84401da0 85401da0 
0001a8d0: 86001da0 87001da0 86401da0 87401da0 
0001a8e0: 84801da0 85801da0 84c01da0 85c01da0 
0001a8f0: 86801da0 87801da0 86c01da0 87c01da0 
0001a900: 88001ca0 89001ca0 88401ca0 89401ca0 
0001a910: 8a001ca0 8b001ca0 8a401ca0 8b401ca0 
0001a920: 88801ca0 89801ca0 88c01ca0 89c01ca0 
0001a930: 8a801ca0 8b801ca0 8ac01ca0 8bc01ca0 
0001a940: 8c001ca0 8d001ca0 8c401ca0 8d401ca0 
0001a950: 8e001ca0 8f001ca0 8e401ca0 8f401ca0 
0001a960: 8c801ca0 8d801ca0 8cc01ca0 8dc01ca0 
0001a970: 8e801ca0 8f801ca0 8ec01ca0 8fc01ca0 
0001a980: 88001da0 89001da0 88401da0 89401da0 
0001a990: 8a001da0 8b001da0 8a401da0 8b401da0 
0001a9a0: 88801da0 89801da0 88c01da0 89c01da0 
0001a9b0: 8a801da0 8b801da0 8ac01da0 8bc01da0 
0001a9c0: 8c001da0 8d001da0 8c401da0 8d401da0 
0001a9d0: 8e001da0 8f001da0 8e401da0 8f401da0 
0001a9e0: 8c801da0 8d801da0 8cc01da0 8dc01da0 
0001a9f0: 8e801da0 8f801da0 8ec01da0 8fc01da0 
0001aa00: 80001ea0 81001ea0 80401ea0 81401ea0 
0001aa10: 82001ea0 83001ea0 82401ea0 83401ea0 
0001aa20: 80801ea0 81801ea0 80c01ea0 81c01ea0 
0001aa30: 82801ea0 83801ea0 82c01ea0 83c01ea0 
0001aa40: 84001ea0 85001ea0 84401ea0 85401ea0 
0001aa50: 86001ea0 87001ea0 86401ea0 87401ea0 
0001aa60: 84801ea0 85801ea0 84c01ea0 85c01ea0 
0001aa70: 86801ea0 87801ea0 86c01ea0 87c01ea0 
0001aa80: 80001fa0 81001fa0 80401fa0 81401fa0 
0001aa90: 82001fa0 83001fa0 82401fa0 83401fa0 
0001aaa0: 80801fa0 81801fa0 80c01fa0 81c01fa0 
0001aab0: 82801fa0 83801fa0 82c01fa0 83c01fa0 
0001aac0: 84001fa0 85001fa0 84401fa0 85401fa0 
0001aad0: 86001fa0 87001fa0 86401fa0 87401fa0 
0001aae0: 84801fa0 85801fa0 84c01fa0 85c01fa0 
0001aaf0: 86801fa0 87801fa0 86c01fa0 87c01fa0 
0001ab00: 88001ea0 89001ea0 88401ea0 89401ea0 
0001ab10: 8a001ea0 8b001ea0 8a401ea0 8b401ea0 
0001ab20: 88801ea0 89801ea0 88c01ea0 89c01ea0 
0001ab30: 8a801ea0 8b801ea0 8ac01ea0 8bc01ea0 
0001ab40: 8c001ea0 8d001ea0 8c401ea0 8d401ea0 
0001ab50: 8e001ea0 8f001ea0 8e401ea0 8f401ea0 
0001ab60: 8c801ea0 8d801ea0 8cc01ea0 8dc01ea0 
0001ab70: 8e801ea0 8f801ea0 8ec01ea0 8fc01ea0 
0001ab80: 88001fa0 89001fa0 88401fa0 89401fa0 
0001ab90: 8a001fa0 8b001fa0 8a401fa0 8b401fa0 
0001aba0: 88801fa0 89801fa0 88c01fa0 89c01fa0 
0001abb0: 8a801fa0 8b801fa0 8ac01fa0 8bc01fa0 
0001abc0: 8c001fa0 8d001fa0 8c401fa0 8d401fa0 
0001abd0: 8e001fa0 8f001fa0 8e401fa0 8f401fa0 
0001abe0: 8c801fa0 8d801fa0 8cc01fa0 8dc01fa0 
0001abf0: 8e801fa0 8f801fa0 8ec01fa0 8fc01fa0 
0001ac00: 90001ca0 91001ca0 90401ca0 91401ca0 
0001ac10: 92001ca0 93001ca0 92401ca0 93401ca0 
0001ac20: 90801ca0 91801ca0 90c01ca0 91c01ca0 
0001ac30: 92801ca0 93801ca0 92c01ca0 93c01ca0 
0001ac40: 94001ca0 95001ca0 94401ca0 95401ca0 
0001ac50: 96001ca0 97001ca0 96401ca0 97401ca0 
0001ac60: 94801ca0 95801ca0 94c01ca0 95c01ca0 
0001ac70: 96801ca0 97801ca0 96c01ca0 97c01ca0 
0001ac80: 90001da0 91001da0 90401da0 91401da0 
0001ac90: 92001da0 93001da0 92401da0 93401da0 
0001aca0: 90801da0 91801da0 90c01da0 91c01da0 
0001acb0: 92801da0 93801da0 92c01da0 93c01da0 
0001acc0: 94001da0 95001da0 94401da0 95401da0 
0001acd0: 96001da0 97001da0 96401da0 97401da0 
0001ace0: 94801da0 95801da0 94c01da0 95c01da0 
0001acf0: 96801da0 97801da0 96c01da0 97c01da0 
0001ad00: 98001ca0 99001ca0 98401ca0 99401ca0 
0001ad10: 9a001ca0 9b001ca0 9a401ca0 9b401ca0 
0001ad20: 98801ca0 99801ca0 98c01ca0 99c01ca0 
0001ad30: 9a801ca0 9b801ca0 9ac01ca0 9bc01ca0 
0001ad40: 9c001ca0 9d001ca0 9c401ca0 9d401ca0 
0001ad50: 9e001ca0 9f001ca0 9e401ca0 9f401ca0 
0001ad60: 9c801ca0 9d801ca0 9cc01ca0 9dc01ca0 
0001ad70: 9e801ca0 9f801ca0 9ec01ca0 9fc01ca0 
0001ad80: 98001da0 99001da0 98401da0 99401da0 
0001ad90: 9a001da0 9b001da0 9a401da0 9b401da0 
0001ada0: 98801da0 99801da0 98c01da0 99c01da0 
0001adb0: 9a801da0 9b801da0 9ac01da0 9bc01da0 
0001adc0: 9c001da0 9d001da0 9c401da0 9d401da0 
0001add0: 9e001da0 9f001da0 9e401da0 9f401da0 
0001ade0: 9c801da0 9d801da0 9cc01da0 9dc01da0 
0001adf0: 9e801da0 9f801da0 9ec01da0 9fc01da0 
0001ae00: 90001ea0 91001ea0 90401ea0 91401ea0 
0001ae10: 92001ea0 93001ea0 92401ea0 93401ea0 
0001ae20: 90801ea0 91801ea0 90c01ea0 91c01ea0 
0001ae30: 92801ea0 93801ea0 92c01ea0 93c01ea0 
0001ae40: 94001ea0 95001ea0 94401ea0 95401ea0 
0001ae50: 96001ea0 97001ea0 96401ea0 97401ea0 
0001ae60: 94801ea0 95801ea0 94c01ea0 95c01ea0 
0001ae70: 96801ea0 97801ea0 96c01ea0 97c01ea0 
0001ae80: 90001fa0 91001fa0 90401fa0 91401fa0 
0001ae90: 92001fa0 93001fa0 92401fa0 93401fa0 
0001aea0: 90801fa0 91801fa0 90c01fa0 91c01fa0 
0001aeb0: 92801fa0 93801fa0 92c01fa0 93c01fa0 
0001aec0: 94001fa0 95001fa0 94401fa0 95401fa0 
0001aed0: 96001fa0 97001fa0 96401fa0 97401fa0 
0001aee0: 94801fa0 95801fa0 94c01fa0 95c01fa0 
0001aef0: 96801fa0 97801fa0 96c01fa0 97c01fa0 
0001af00: 98001ea0 99001ea0 98401ea0 99401ea0 
0001af10: 9a001ea0 9b001ea0 9a401ea0 9b401ea0 
0001af20: 98801ea0 99801ea0 98c01ea0 99c01ea0 
0001af30: 9a801ea0 9b801ea0 9ac01ea0 9bc01ea0 
0001af40: 9c001ea0 9d001ea0 9c401ea0 9d401ea0 
0001af50: 9e001ea0 9f001ea0 9e401ea0 9f401ea0 
0001af60: 9c801ea0 9d801ea0 9cc01ea0 9dc01ea0 
0001af70: 9e801ea0 9f801ea0 9ec01ea0 9fc01ea0 
0001af80: 98001fa0 99001fa0 98401fa0 99401fa0 
0001af90: 9a001fa0 9b001fa0 9a401fa0 9b401fa0 
0001afa0: 98801fa0 99801fa0 98c01fa0 99c01fa0 
0001afb0: 9a801fa0 9b801fa0 9ac01fa0 9bc01fa0 
0001afc0: 9c001fa0 9d001fa0 9c401fa0 9d401fa0 
0001afd0: 9e001fa0 9f001fa0 9e401fa0 9f401fa0 
0001afe0: 9c801fa0 9d801fa0 9cc01fa0 9dc01fa0 
0001aff0: 9e801fa0 9f801fa0 9ec01fa0 9fc01fa0 
0001b000: a00018a0 a10018a0 a04018a0 a14018a0 
0001b010: a20018a0 a30018a0 a24018a0 a34018a0 
0001b020: a08018a0 a18018a0 a0c018a0 a1c018a0 
0001b030: a28018a0 a38018a0 a2c018a0 a3c018a0 
0001b040: a40018a0 a50018a0 a44018a0 a54018a0 
0001b050: a60018a0 a70018a0 a64018a0 a74018a0 
0001b060: a48018a0 a58018a0 a4c018a0 a5c018a0 
0001b070: a68018a0 a78018a0 a6c018a0 a7c018a0 
0001b080: a00019a0 a10019a0 a04019a0 a14019a0 
0001b090: a20019a0 a30019a0 a24019a0 a34019a0 
0001b0a0: a08019a0 a18019a0 a0c019a0 a1c019a0 
0001b0b0: a28019a0 a38019a0 a2c019a0 a3c019a0 
0001b0c0: a40019a0 a50019a0 a44019a0 a54019a0 
0001b0d0: a60019a0 a70019a0 a64019a0 a74019a0 
0001b0e0: a48019a0 a58019a0 a4c019a0 a5c019a0 
0001b0f0: a68019a0 a78019a0 a6c019a0 a7c019a0 
0001b100: a80018a0 a90018a0 a84018a0 a94018a0 
0001b110: aa0018a0 ab0018a0 aa4018a0 ab4018a0 
0001b120: a88018a0 a98018a0 a8c018a0 a9c018a0 
0001b130: aa8018a0 ab8018a0 aac018a0 abc018a0 
0001b140: ac0018a0 ad0018a0 ac4018a0 ad4018a0 
0001b150: ae0018a0 af0018a0 ae4018a0 af4018a0 
0001b160: ac8018a0 ad8018a0 acc018a0 adc018a0 
0001b170: ae8018a0 af8018a0 aec018a0 afc018a0 
0001b180: a80019a0 a90019a0 a84019a0 a94019a0 
0001b190: aa0019a0 ab0019a0 aa4019a0 ab4019a0 
0001b1a0: a88019a0 a98019a0 a8c019a0 a9c019a0 
0001b1b0: aa8019a0 ab8019a0 aac019a0 abc019a0 
0001b1c0: ac0019a0 ad0019a0 ac4019a0 ad4019a0 
0001b1d0: ae0019a0 af0019a0 ae4019a0 af4019a0 
0001b1e0: ac8019a0 ad8019a0 acc019a0 adc019a0 
0001b1f0: ae8019a0 af8019a0 aec019a0 afc019a0 
0001b200: a0001aa0 a1001aa0 a0401aa0 a1401aa0 
0001b210: a2001aa0 a3001aa0 a2401aa0 a3401aa0 
0001b220: a0801aa0 a1801aa0 a0c01aa0 a1c01aa0 
0001b230: a2801aa0 a3801aa0 a2c01aa0 a3c01aa0 
0001b240: a4001aa0 a5001aa0 a4401aa0 a5401aa0 
0001b250: a6001aa0 a7001aa0 a6401aa0 a7401aa0 
0001b260: a4801aa0 a5801aa0 a4c01aa0 a5c01aa0 
0001b270: a6801aa0 a7801aa0 a6c01aa0 a7c01aa0 
0001b280: a0001ba0 a1001ba0 a0401ba0 a1401ba0 
0001b290: a2001ba0 a3001ba0 a2401ba0 a3401ba0 
0001b2a0: a0801ba0 a1801ba0 a0c01ba0 a1c01ba0 
0001b2b0: a2801ba0 a3801ba0 a2c01ba0 a3c01ba0 
0001b2c0: a4001ba0 a5001ba0 a4401ba0 a5401ba0 
0001b2d0: a6001ba0 a7001ba0 a6401ba0 a7401ba0 
0001b2e0: a4801ba0 a5801ba0 a4c01ba0 a5c01ba0 
0001b2f0: a6801ba0 a7801ba0 a6c01ba0 a7c01ba0 
0001b300: a8001aa0 a9001aa0 a8401aa0 a9401aa0 
0001b310: aa001aa0 ab001aa0 aa401aa0 ab401aa0 
0001b320: a8801aa0 a9801aa0 a8c01aa0 a9c01aa0 
0001b330: aa801aa0 ab801aa0 aac01aa0 abc01aa0 
0001b340: ac001aa0 ad001aa0 ac401aa0 ad401aa0 
0001b350: ae001aa0 af001aa0 ae401aa0 af401aa0 
0001b360: ac801aa0 ad801aa0 acc01aa0 adc01aa0 
0001b370: ae801aa0 af801aa0 aec01aa0 afc01aa0 
0001b380: a8001ba0 a9001ba0 a8401ba0 a9401ba0 
0001b390: aa001ba0 ab001ba0 aa401ba0 ab401ba0 
0001b3a0: a8801ba0 a9801ba0 a8c01ba0 a9c01ba0 
0001b3b0: aa801ba0 ab801ba0 aac01ba0 abc01ba0 
0001b3c0: ac001ba0 ad001ba0 ac401ba0 ad401ba0 
0001b3d0: ae001ba0 af001ba0 ae401ba0 af401ba0 
0001b3e0: ac801ba0 ad801ba0 acc01ba0 adc01ba0 
0001b3f0: ae801ba0 af801ba0 aec01ba0 afc01ba0 
0001b400: b00018a0 b10018a0 b04018a0 b14018a0 
0001b410: b20018a0 b30018a0 b24018a0 b34018a0 
0001b420: b08018a0 b18018a0 b0c018a0 b1c018a0 
0001b430: b28018a0 b38018a0 b2c018a0 b3c018a0 
0001b440: b40018a0 b50018a0 b44018a0 b54018a0 
0001b450: b60018a0 b70018a0 b64018a0 b74018a0 
0001b460: b48018a0 b58018a0 b4c018a0 b5c018a0 
0001b470: b68018a0 b78018a0 b6c018a0 b7c018a0 
0001b480: b00019a0 b10019a0 b04019a0 b14019a0 
0001b490: b20019a0 b30019a0 b24019a0 b34019a0 
0001b4a0: b08019a0 b18019a0 b0c019a0 b1c019a0 
0001b4b0: b28019a0 b38019a0 b2c019a0 b3c019a0 
0001b4c0: b40019a0 b50019a0 b44019a0 b54019a0 
0001b4d0: b60019a0 b70019a0 b64019a0 b74019a0 
0001b4e0: b48019a0 b58019a0 b4c019a0 b5c019a0 
0001b4f0: b68019a0 b78019a0 b6c019a0 b7c019a0 
0001b500: b80018a0 b90018a0 b84018a0 b94018a0 
0001b510: ba0018a0 bb0018a0 ba4018a0 bb4018a0 
0001b520: b88018a0 b98018a0 b8c018a0 b9c018a0 
0001b530: ba8018a0 bb8018a0 bac018a0 bbc018a0 
0001b540: bc0018a0 bd0018a0 bc4018a0 bd4018a0 
0001b550: be0018a0 bf0018a0 be4018a0 bf4018a0 
0001b560: bc8018a0 bd8018a0 bcc018a0 bdc018a0 
0001b570: be8018a0 bf8018a0 bec018a0 bfc018a0 
0001b580: b80019a0 b90019a0 b84019a0 b94019a0 
0001b590: ba0019a0 bb0019a0 ba4019a0 bb4019a0 
0001b5a0: b88019a0 b98019a0 b8c019a0 b9c019a0 
0001b5b0: ba8019a0 bb8019a0 bac019a0 bbc019a0 
0001b5c0: bc0019a0 bd0019a0 bc4019a0 bd4019a0 
0001b5d0: be0019a0 bf0019a0 be4019a0 bf4019a0 
0001b5e0: bc8019a0 bd8019a0 bcc019a0 bdc019a0 
0001b5f0: be8019a0 bf8019a0 bec019a0 bfc019a0 
0001b600: b0001aa0 b1001aa0 b0401aa0 b1401aa0 
0001b610: b2001aa0 b3001aa0 b2401aa0 b3401aa0 
0001b620: b0801aa0 b1801aa0 b0c01aa0 b1c01aa0 
0001b630: b2801aa0 b3801aa0 b2c01aa0 b3c01aa0 
0001b640: b4001aa0 b5001aa0 b4401aa0 b5401aa0 
0001b650: b6001aa0 b7001aa0 b6401aa0 b7401aa0 
0001b660: b4801aa0 b5801aa0 b4c01aa0 b5c01aa0 
0001b670: b6801aa0 b7801aa0 b6c01aa0 b7c01aa0 
0001b680: b0001ba0 b1001ba0 b0401ba0 b1401ba0 
0001b690: b2001ba0 b3001ba0 b2401ba0 b3401ba0 
0001b6a0: b0801ba0 b1801ba0 b0c01ba0 b1c01ba0 
0001b6b0: b2801ba0 b3801ba0 b2c01ba0 b3c01ba0 
0001b6c0: b4001ba0 b5001ba0 b4401ba0 b5401ba0 
0001b6d0: b6001ba0 b7001ba0 b6401ba0 b7401ba0 
0001b6e0: b4801ba0 b5801ba0 b4c01ba0 b5c01ba0 
0001b6f0: b6801ba0 b7801ba0 b6c01ba0 b7c01ba0 
0001b700: b8001aa0 b9001aa0 b8401aa0 b9401aa0 
0001b710: ba001aa0 bb001aa0 ba401aa0 bb401aa0 
0001b720: b8801aa0 b9801aa0 b8c01aa0 b9c01aa0 
0001b730: ba801aa0 bb801aa0 bac01aa0 bbc01aa0 
0001b740: bc001aa0 bd001aa0 bc401aa0 bd401aa0 
0001b750: be001aa0 bf001aa0 be401aa0 bf401aa0 
0001b760: bc801aa0 bd801aa0 bcc01aa0 bdc01aa0 
0001b770: be801aa0 bf801aa0 bec01aa0 bfc01aa0 
0001b780: b8001ba0 b9001ba0 b8401ba0 b9401ba0 
0001b790: ba001ba0 bb001ba0 ba401ba0 bb401ba0 
0001b7a0: b8801ba0 b9801ba0 b8c01ba0 b9c01ba0 
0001b7b0: ba801ba0 bb801ba0 bac01ba0 bbc01ba0 
0001b7c0: bc001ba0 bd001ba0 bc401ba0 bd401ba0 
0001b7d0: be001ba0 bf001ba0 be401ba0 bf401ba0 
0001b7e0: bc801ba0 bd801ba0 bcc01ba0 bdc01ba0 
0001b7f0: be801ba0 bf801ba0 bec01ba0 bfc01ba0 
0001b800: a0001ca0 a1001ca0 a0401ca0 a1401ca0 
0001b810: a2001ca0 a3001ca0 a2401ca0 a3401ca0 
0001b820: a0801ca0 a1801ca0 a0c01ca0 a1c01ca0 
0001b830: a2801ca0 a3801ca0 a2c01ca0 a3c01ca0 
0001b840: a4001ca0 a5001ca0 a4401ca0 a5401ca0 
0001b850: a6001ca0 a7001ca0 a6401ca0 a7401ca0 
0001b860: a4801ca0 a5801ca0 a4c01ca0 a5c01ca0 
0001b870: a6801ca0 a7801ca0 a6c01ca0 a7c01ca0 
0001b880: a0001da0 a1001da0 a0401da0 a1401da0 
0001b890: a2001da0 a3001da0 a2401da0 a3401da0 
0001b8a0: a0801da0 a1801da0 a0c01da0 a1c01da0 
0001b8b0: a2801da0 a3801da0 a2c01da0 a3c01da0 
0001b8c0: a4001da0 a5001da0 a4401da0 a5401da0 
0001b8d0: a6001da0 a7001da0 a6401da0 a7401da0 
0001b8e0: a4801da0 a5801da0 a4c01da0 a5c01da0 
0001b8f0: a6801da0 a7801da0 a6c01da0 a7c01da0 
0001b900: a8001ca0 a9001ca0 a8401ca0 a9401ca0 
0001b910: aa001ca0 ab001ca0 aa401ca0 ab401ca0 
0001b920: a8801ca0 a9801ca0 a8c01ca0 a9c01ca0 
0001b930: aa801ca0 ab801ca0 aac01ca0 abc01ca0 
0001b940: ac001ca0 ad001ca0 ac401ca0 ad401ca0 
0001b950: ae001ca0 af001ca0 ae401ca0 af401ca0 
0001b960: ac801ca0 ad801ca0 acc01ca0 adc01ca0 
0001b970: ae801ca0 af801ca0 aec01ca0 afc01ca0 
0001b980: a8001da0 a9001da0 a8401da0 a9401da0 
0001b990: aa001da0 ab001da0 aa401da0 ab401da0 
0001b9a0: a8801da0 a9801da0 a8c01da0 a9c01da0 
0001b9b0: aa801da0 ab801da0 aac01da0 abc01da0 
0001b9c0: ac001da0 ad001da0 ac401da0 ad401da0 
0001b9d0: ae001da0 af001da0 ae401da0 af401da0 
0001b9e0: ac801da0 ad801da0 acc01da0 adc01da0 
0001b9f0: ae801da0 af801da0 aec01da0 afc01da0 
0001ba00: a0001ea0 a1001ea0 a0401ea0 a1401ea0 
0001ba10: a2001ea0 a3001ea0 a2401ea0 a3401ea0 
0001ba20: a0801ea0 a1801ea0 a0c01ea0 a1c01ea0 
0001ba30: a2801ea0 a3801ea0 a2c01ea0 a3c01ea0 
0001ba40: a4001ea0 a5001ea0 a4401ea0 a5401ea0 
0001ba50: a6001ea0 a7001ea0 a6401ea0 a7401ea0 
0001ba60: a4801ea0 a5801ea0 a4c01ea0 a5c01ea0 
0001ba70: a6801ea0 a7801ea0 a6c01ea0 a7c01ea0 
0001ba80: a0001fa0 a1001fa0 a0401fa0 a1401fa0 
0001ba90: a2001fa0 a3001fa0 a2401fa0 a3401fa0 
0001baa0: a0801fa0 a1801fa0 a0c01fa0 a1c01fa0 
0001bab0: a2801fa0 a3801fa0 a2c01fa0 a3c01fa0 
0001bac0: a4001fa0 a5001fa0 a4401fa0 a5401fa0 
0001bad0: a6001fa0 a7001fa0 a6401fa0 a7401fa0 
0001bae0: a4801fa0 a5801fa0 a4c01fa0 a5c01fa0 
0001baf0: a6801fa0 a7801fa0 a6c01fa0 a7c01fa0 
0001bb00: a8001ea0 a9001ea0 a8401ea0 a9401ea0 
0001bb10: aa001ea0 ab001ea0 aa401ea0 ab401ea0 
0001bb20: a8801ea0 a9801ea0 a8c01ea0 a9c01ea0 
0001bb30: aa801ea0 ab801ea0 aac01ea0 abc01ea0 
0001bb40: ac001ea0 ad001ea0 ac401ea0 ad401ea0 
0001bb50: ae001ea0 af001ea0 ae401ea0 af401ea0 
0001bb60: ac801ea0 ad801ea0 acc01ea0 adc01ea0 
0001bb70: ae801ea0 af801ea0 aec01ea0 afc01ea0 
0001bb80: a8001fa0 a9001fa0 a8401fa0 a9401fa0 
0001bb90: aa001fa0 ab001fa0 aa401fa0 ab401fa0 
0001bba0: a8801fa0 a9801fa0 a8c01fa0 a9c01fa0 
0001bbb0: aa801fa0 ab801fa0 aac01fa0 abc01fa0 
0001bbc0: ac001fa0 ad001fa0 ac401fa0 ad401fa0 
0001bbd0: ae001fa0 af001fa0 ae401fa0 af401fa0 
0001bbe0: ac801fa0 ad801fa0 acc01fa0 adc01fa0 
0001bbf0: ae801fa0 af801fa0 aec01fa0 afc01fa0 
0001bc00: b0001ca0 b1001ca0 b0401ca0 b1401ca0 
0001bc10: b2001ca0 b3001ca0 b2401ca0 b3401ca0 
0001bc20: b0801ca0 b1801ca0 b0c01ca0 b1c01ca0 
0001bc30: b2801ca0 b3801ca0 b2c01ca0 b3c01ca0 
0001bc40: b4001ca0 b5001ca0 b4401ca0 b5401ca0 
0001bc50: b6001ca0 b7001ca0 b6401ca0 b7401ca0 
0001bc60: b4801ca0 b5801ca0 b4c01ca0 b5c01ca0 
0001bc70: b6801ca0 b7801ca0 b6c01ca0 b7c01ca0 
0001bc80: b0001da0 b1001da0 b0401da0 b1401da0 
0001bc90: b2001da0 b3001da0 b2401da0 b3401da0 
0001bca0: b0801da0 b1801da0 b0c01da0 b1c01da0 
0001bcb0: b2801da0 b3801da0 b2c01da0 b3c01da0 
0001bcc0: b4001da0 b5001da0 b4401da0 b5401da0 
0001bcd0: b6001da0 b7001da0 b6401da0 b7401da0 
0001bce0: b4801da0 b5801da0 b4c01da0 b5c01da0 
0001bcf0: b6801da0 b7801da0 b6c01da0 b7c01da0 
0001bd00: b8001ca0 b9001ca0 b8401ca0 b9401ca0 
0001bd10: ba001ca0 bb001ca0 ba401ca0 bb401ca0 
0001bd20: b8801ca0 b9801ca0 b8c01ca0 b9c01ca0 
0001bd30: ba801ca0 bb801ca0 bac01ca0 bbc01ca0 
0001bd40: bc001ca0 bd001ca0 bc401ca0 bd401ca0 
0001bd50: be001ca0 bf001ca0 be401ca0 bf401ca0 
0001bd60: bc801ca0 bd801ca0 bcc01ca0 bdc01ca0 
0001bd70: be801ca0 bf801ca0 bec01ca0 bfc01ca0 
0001bd80: b8001da0 b9001da0 b8401da0 b9401da0 
0001bd90: ba001da0 bb001da0 ba401da0 bb401da0 
0001bda0: b8801da0 b9801da0 b8c01da0 b9c01da0 
0001bdb0: ba801da0 bb801da0 bac01da0 bbc01da0 
0001bdc0: bc001da0 bd001da0 bc401da0 bd401da0 
0001bdd0: be001da0 bf001da0 be401da0 bf401da0 
0001bde0: bc801da0 bd801da0 bcc01da0 bdc01da0 
0001bdf0: be801da0 bf801da0 bec01da0 bfc01da0 
0001be00: b0001ea0 b1001ea0 b0401ea0 b1401ea0 
0001be10: b2001ea0 b3001ea0 b2401ea0 b3401ea0 
0001be20: b0801ea0 b1801ea0 b0c01ea0 b1c01ea0 
0001be30: b2801ea0 b3801ea0 b2c01ea0 b3c01ea0 
0001be40: b4001ea0 b5001ea0 b4401ea0 b5401ea0 
0001be50: b6001ea0 b7001ea0 b6401ea0 b7401ea0 
0001be60: b4801ea0 b5801ea0 b4c01ea0 b5c01ea0 
0001be70: b6801ea0 b7801ea0 b6c01ea0 b7c01ea0 
0001be80: b0001fa0 b1001fa0 b0401fa0 b1401fa0 
0001be90: b2001fa0 b3001fa0 b2401fa0 b3401fa0 
0001bea0: b0801fa0 b1801fa0 b0c01fa0 b1c01fa0 
0001beb0: b2801fa0 b3801fa0 b2c01fa0 b3c01fa0 
0001bec0: b4001fa0 b5001fa0 b4401fa0 b5401fa0 
0001bed0: b6001fa0 b7001fa0 b6401fa0 b7401fa0 
0001bee0: b4801fa0 b5801fa0 b4c01fa0 b5c01fa0 
0001bef0: b6801fa0 b7801fa0 b6c01fa0 b7c01fa0 
0001bf00: b8001ea0 b9001ea0 b8401ea0 b9401ea0 
0001bf10: ba001ea0 bb001ea0 ba401ea0 bb401ea0 
0001bf20: b8801ea0 b9801ea0 b8c01ea0 b9c01ea0 
0001bf30: ba801ea0 bb801ea0 bac01ea0 bbc01ea0 
0001bf40: bc001ea0 bd001ea0 bc401ea0 bd401ea0 
0001bf50: be001ea0 bf001ea0 be401ea0 bf401ea0 
0001bf60: bc801ea0 bd801ea0 bcc01ea0 bdc01ea0 
0001bf70: be801ea0 bf801ea0 bec01ea0 bfc01ea0 
0001bf80: b8001fa0 b9001fa0 b8401fa0 b9401fa0 
0001bf90: ba001fa0 bb001fa0 ba401fa0 bb401fa0 
0001bfa0: b8801fa0 b9801fa0 b8c01fa0 b9c01fa0 
0001bfb0: ba801fa0 bb801fa0 bac01fa0 bbc01fa0 
0001bfc0: bc001fa0 bd001fa0 bc401fa0 bd401fa0 
0001bfd0: be001fa0 bf001fa0 be401fa0 bf401fa0 
0001bfe0: bc801fa0 bd801fa0 bcc01fa0 bdc01fa0 
0001bff0: be801fa0 bf801fa0 bec01fa0 bfc01fa0 
0001c000: c00010a0 c10010a0 c04010a0 c14010a0 
0001c010: c20010a0 c30010a0 c24010a0 c34010a0 
0001c020: c08010a0 c18010a0 c0c010a0 c1c010a0 
0001c030: c28010a0 c38010a0 c2c010a0 c3c010a0 
0001c040: c40010a0 c50010a0 c44010a0 c54010a0 
0001c050: c60010a0 c70010a0 c64010a0 c74010a0 
0001c060: c48010a0 c58010a0 c4c010a0 c5c010a0 
0001c070: c68010a0 c78010a0 c6c010a0 c7c010a0 
0001c080: c00011a0 c10011a0 c04011a0 c14011a0 
0001c090: c20011a0 c30011a0 c24011a0 c34011a0 
0001c0a0: c08011a0 c18011a0 c0c011a0 c1c011a0 
0001c0b0: c28011a0 c38011a0 c2c011a0 c3c011a0 
0001c0c0: c40011a0 c50011a0 c44011a0 c54011a0 
0001c0d0: c60011a0 c70011a0 c64011a0 c74011a0 
0001c0e0: c48011a0 c58011a0 c4c011a0 c5c011a0 
0001c0f0: c68011a0 c78011a0 c6c011a0 c7c011a0 
0001c100: c80010a0 c90010a0 c84010a0 c94010a0 
0001c110: ca0010a0 cb0010a0 ca4010a0 cb4010a0 
0001c120: c88010a0 c98010a0 c8c010a0 c9c010a0 
0001c130: ca8010a0 cb8010a0 cac010a0 cbc010a0 
0001c140: cc0010a0 cd0010a0 cc4010a0 cd4010a0 
0001c150: ce0010a0 cf0010a0 ce4010a0 cf4010a0 
0001c160: cc8010a0 cd8010a0 ccc010a0 cdc010a0 
0001c170: ce8010a0 cf8010a0 cec010a0 cfc010a0 
0001c180: c80011a0 c90011a0 c84011a0 c94011a0 
0001c190: ca0011a0 cb0011a0 ca4011a0 cb4011a0 
0001c1a0: c88011a0 c98011a0 c8c011a0 c9c011a0 
0001c1b0: ca8011a0 cb8011a0 cac011a0 cbc011a0 
0001c1c0: cc0011a0 cd0011a0 cc4011a0 cd4011a0 
0001c1d0: ce0011a0 cf0011a0 ce4011a0 cf4011a0 
0001c1e0: cc8011a0 cd8011a0 ccc011a0 cdc011a0 
0001c1f0: ce8011a0 cf8011a0 cec011a0 cfc011a0 
0001c200: c00012a0 c10012a0 c04012a0 c14012a0 
0001c210: c20012a0 c30012a0 c24012a0 c34012a0 
0001c220: c08012a0 c18012a0 c0c012a0 c1c012a0 
0001c230: c28012a0 c38012a0 c2c012a0 c3c012a0 
0001c240: c40012a0 c50012a0 c44012a0 c54012a0 
0001c250: c60012a0 c70012a0 c64012a0 c74012a0 
0001c260: c48012a0 c58012a0 c4c012a0 c5c012a0 
0001c270: c68012a0 c78012a0 c6c012a0 c7c012a0 
0001c280: c00013a0 c10013a0 c04013a0 c14013a0 
0001c290: c20013a0 c30013a0 c24013a0 c34013a0 
0001c2a0: c08013a0 c18013a0 c0c013a0 c1c013a0 
0001c2b0: c28013a0 c38013a0 c2c013a0 c3c013a0 
0001c2c0: c40013a0 c50013a0 c44013a0 c54013a0 
0001c2d0: c60013a0 c70013a0 c64013a0 c74013a0 
0001c2e0: c48013a0 c58013a0 c4c013a0 c5c013a0 
0001c2f0: c68013a0 c78013a0 c6c013a0 c7c013a0 
0001c300: c80012a0 c90012a0 c84012a0 c94012a0 
0001c310: ca0012a0 cb0012a0 ca4012a0 cb4012a0 
0001c320: c88012a0 c98012a0 c8c012a0 c9c012a0 
0001c330: ca8012a0 cb8012a0 cac012a0 cbc012a0 
0001c340: cc0012a0 cd0012a0 cc4012a0 cd4012a0 
0001c350: ce0012a0 cf0012a0 ce4012a0 cf4012a0 
0001c360: cc8012a0 cd8012a0 ccc012a0 cdc012a0 
0001c370: ce8012a0 cf8012a0 cec012a0 cfc012a0 
0001c380: c80013a0 c90013a0 c84013a0 c94013a0 
0001c390: ca0013a0 cb0013a0 ca4013a0 cb4013a0 
0001c3a0: c88013a0 c98013a0 c8c013a0 c9c013a0 
0001c3b0: ca8013a0 cb8013a0 cac013a0 cbc013a0 
0001c3c0: cc0013a0 cd0013a0 cc4013a0 cd4013a0 
0001c3d0: ce0013a0 cf0013a0 ce4013a0 cf4013a0 
0001c3e0: cc8013a0 cd8013a0 ccc013a0 cdc013a0 
0001c3f0: ce8013a0 cf8013a0 cec013a0 cfc013a0 
0001c400: d00010a0 d10010a0 d04010a0 d14010a0 
0001c410: d20010a0 d30010a0 d24010a0 d34010a0 
0001c420: d08010a0 d18010a0 d0c010a0 d1c010a0 
0001c430: d28010a0 d38010a0 d2c010a0 d3c010a0 
0001c440: d40010a0 d50010a0 d44010a0 d54010a0 
0001c450: d60010a0 d70010a0 d64010a0 d74010a0 
0001c460: d48010a0 d58010a0 d4c010a0 d5c010a0 
0001c470: d68010a0 d78010a0 d6c010a0 d7c010a0 
0001c480: d00011a0 d10011a0 d04011a0 d14011a0 
0001c490: d20011a0 d30011a0 d24011a0 d34011a0 
0001c4a0: d08011a0 d18011a0 d0c011a0 d1c011a0 
0001c4b0: d28011a0 d38011a0 d2c011a0 d3c011a0 
0001c4c0: d40011a0 d50011a0 d44011a0 d54011a0 
0001c4d0: d60011a0 d70011a0 d64011a0 d74011a0 
0001c4e0: d48011a0 d58011a0 d4c011a0 d5c011a0 
0001c4f0: d68011a0 d78011a0 d6c011a0 d7c011a0 
0001c500: d80010a0 d90010a0 d84010a0 d94010a0 
0001c510: da0010a0 db0010a0 da4010a0 db4010a0 
0001c520: d88010a0 d98010a0 d8c010a0 d9c010a0 
0001c530: da8010a0 db8010a0 dac010a0 dbc010a0 
0001c540: dc0010a0 dd0010a0 dc4010a0 dd4010a0 
0001c550: de0010a0 df0010a0 de4010a0 df4010a0 
0001c560: dc8010a0 dd8010a0 dcc010a0 ddc010a0 
0001c570: de8010a0 df8010a0 dec010a0 dfc010a0 
0001c580: d80011a0 d90011a0 d84011a0 d94011a0 
0001c590: da0011a0 db0011a0 da4011a0 db4011a0 
0001c5a0: d88011a0 d98011a0 d8c011a0 d9c011a0 
0001c5b0: da8011a0 db8011a0 dac011a0 dbc011a0 
0001c5c0: dc0011a0 dd0011a0 dc4011a0 dd4011a0 
0001c5d0: de0011a0 df0011a0 de4011a0 df4011a0 
0001c5e0: dc8011a0 dd8011a0 dcc011a0 ddc011a0 
0001c5f0: de8011a0 df8011a0 dec011a0 dfc011a0 
0001c600: d00012a0 d10012a0 d04012a0 d14012a0 
0001c610: d20012a0 d30012a0 d24012a0 d34012a0 
0001c620: d08012a0 d18012a0 d0c012a0 d1c012a0 
0001c630: d28012a0 d38012a0 d2c012a0 d3c012a0 
0001c640: d40012a0 d50012a0 d44012a0 d54012a0 
0001c650: d60012a0 d70012a0 d64012a0 d74012a0 
0001c660: d48012a0 d58012a0 d4c012a0 d5c012a0 
0001c670: d68012a0 d78012a0 d6c012a0 d7c012a0 
0001c680: d00013a0 d10013a0 d04013a0 d14013a0 
0001c690: d20013a0 d30013a0 d24013a0 d34013a0 
0001c6a0: d08013a0 d18013a0 d0c013a0 d1c013a0 
0001c6b0: d28013a0 d38013a0 d2c013a0 d3c013a0 
0001c6c0: d40013a0 d50013a0 d44013a0 d54013a0 
0001c6d0: d60013a0 d70013a0 d64013a0 d74013a0 
0001c6e0: d48013a0 d58013a0 d4c013a0 d5c013a0 
0001c6f0: d68013a0 d78013a0 d6c013a0 d7c013a0 
0001c700: d80012a0 d90012a0 d84012a0 d94012a0 
0001c710: da0012a0 db0012a0 da4012a0 db4012a0 
0001c720: d88012a0 d98012a0 d8c012a0 d9c012a0 
0001c730: da8012a0 db8012a0 dac012a0 dbc012a0 
0001c740: dc0012a0 dd0012a0 dc4012a0 dd4012a0 
0001c750: de0012a0 df0012a0 de4012a0 df4012a0 
0001c760: dc8012a0 dd8012a0 dcc012a0 ddc012a0 
0001c770: de8012a0 df8012a0 dec012a0 dfc012a0 
0001c780: d80013a0 d90013a0 d84013a0 d94013a0 
0001c790: da0013a0 db0013a0 da4013a0 db4013a0 
0001c7a0: d88013a0 d98013a0 d8c013a0 d9c013a0 
0001c7b0: da8013a0 db8013a0 dac013a0 dbc013a0 
0001c7c0: dc0013a0 dd0013a0 dc4013a0 dd4013a0 
0001c7d0: de0013a0 df0013a0 de4013a0 df4013a0 
0001c7e0: dc8013a0 dd8013a0 dcc013a0 ddc013a0 
0001c7f0: de8013a0 df8013a0 dec013a0 dfc013a0 
0001c800: c00014a0 c10014a0 c04014a0 c14014a0 
0001c810: c20014a0 c30014a0 c24014a0 c34014a0 
0001c820: c08014a0 c18014a0 c0c014a0 c1c014a0 
0001c830: c28014a0 c38014a0 c2c014a0 c3c014a0 
0001c840: c40014a0 c50014a0 c44014a0 c54014a0 
0001c850: c60014a0 c70014a0 c64014a0 c74014a0 
0001c860: c48014a0 c58014a0 c4c014a0 c5c014a0 
0001c870: c68014a0 c78014a0 c6c014a0 c7c014a0 
0001c880: c00015a0 c10015a0 c04015a0 c14015a0 
0001c890: c20015a0 c30015a0 c24015a0 c34015a0 
0001c8a0: c08015a0 c18015a0 c0c015a0 c1c015a0 
0001c8b0: c28015a0 c38015a0 c2c015a0 c3c015a0 
0001c8c0: c40015a0 c50015a0 c44015a0 c54015a0 
0001c8d0: c60015a0 c70015a0 c64015a0 c74015a0 
0001c8e0: c48015a0 c58015a0 c4c015a0 c5c015a0 
0001c8f0: c68015a0 c78015a0 c6c015a0 c7c015a0 
0001c900: c80014a0 c90014a0 c84014a0 c94014a0 
0001c910: ca0014a0 cb0014a0 ca4014a0 cb4014a0 
0001c920: c88014a0 c98014a0 c8c014a0 c9c014a0 
0001c930: ca8014a0 cb8014a0 cac014a0 cbc014a0 
0001c940: cc0014a0 cd0014a0 cc4014a0 cd4014a0 
0001c950: ce0014a0 cf0014a0 ce4014a0 cf4014a0 
0001c960: cc8014a0 cd8014a0 ccc014a0 cdc014a0 
0001c970: ce8014a0 cf8014a0 cec014a0 cfc014a0 
0001c980: c80015a0 c90015a0 c84015a0 c94015a0 
0001c990: ca0015a0 cb0015a0 ca4015a0 cb4015a0 
0001c9a0: c88015a0 c98015a0 c8c015a0 c9c015a0 
0001c9b0: ca8015a0 cb8015a0 cac015a0 cbc015a0 
0001c9c0: cc0015a0 cd0015a0 cc4015a0 cd4015a0 
0001c9d0: ce0015a0 cf0015a0 ce4015a0 cf4015a0 
0001c9e0: cc8015a0 cd8015a0 ccc015a0 cdc015a0 
0001c9f0: ce8015a0 cf8015a0 cec015a0 cfc015a0 
0001ca00: c00016a0 c10016a0 c04016a0 c14016a0 
0001ca10: c20016a0 c30016a0 c24016a0 c34016a0 
0001ca20: c08016a0 c18016a0 c0c016a0 c1c016a0 
0001ca30: c28016a0 c38016a0 c2c016a0 c3c016a0 
0001ca40: c40016a0 c50016a0 c44016a0 c54016a0 
0001ca50: c60016a0 c70016a0 c64016a0 c74016a0 
0001ca60: c48016a0 c58016a0 c4c016a0 c5c016a0 
0001ca70: c68016a0 c78016a0 c6c016a0 c7c016a0 
0001ca80: c00017a0 c10017a0 c04017a0 c14017a0 
0001ca90: c20017a0 c30017a0 c24017a0 c34017a0 
0001caa0: c08017a0 c18017a0 c0c017a0 c1c017a0 
0001cab0: c28017a0 c38017a0 c2c017a0 c3c017a0 
0001cac0: c40017a0 c50017a0 c44017a0 c54017a0 
0001cad0: c60017a0 c70017a0 c64017a0 c74017a0 
0001cae0: c48017a0 c58017a0 c4c017a0 c5c017a0 
0001caf0: c68017a0 c78017a0 c6c017a0 c7c017a0 
0001cb00: c80016a0 c90016a0 c84016a0 c94016a0 
0001cb10: ca0016a0 cb0016a0 ca4016a0 cb4016a0 
0001cb20: c88016a0 c98016a0 c8c016a0 c9c016a0 
0001cb30: ca8016a0 cb8016a0 cac016a0 cbc016a0 
0001cb40: cc0016a0 cd0016a0 cc4016a0 cd4016a0 
0001cb50: ce0016a0 cf0016a0 ce4016a0 cf4016a0 
0001cb60: cc8016a0 cd8016a0 ccc016a0 cdc016a0 
0001cb70: ce8016a0 cf8016a0 cec016a0 cfc016a0 
0001cb80: c80017a0 c90017a0 c84017a0 c94017a0 
0001cb90: ca0017a0 cb0017a0 ca4017a0 cb4017a0 
0001cba0: c88017a0 c98017a0 c8c017a0 c9c017a0 
0001cbb0: ca8017a0 cb8017a0 cac017a0 cbc017a0 
0001cbc0: cc0017a0 cd0017a0 cc4017a0 cd4017a0 
0001cbd0: ce0017a0 cf0017a0 ce4017a0 cf4017a0 
0001cbe0: cc8017a0 cd8017a0 ccc017a0 cdc017a0 
0001cbf0: ce8017a0 cf8017a0 cec017a0 cfc017a0 
0001cc00: d00014a0 d10014a0 d04014a0 d14014a0 
0001cc10: d20014a0 d30014a0 d24014a0 d34014a0 
0001cc20: d08014a0 d18014a0 d0c014a0 d1c014a0 
0001cc30: d28014a0 d38014a0 d2c014a0 d3c014a0 
0001cc40: d40014a0 d50014a0 d44014a0 d54014a0 
0001cc50: d60014a0 d70014a0 d64014a0 d74014a0 
0001cc60: d48014a0 d58014a0 d4c014a0 d5c014a0 
0001cc70: d68014a0 d78014a0 d6c014a0 d7c014a0 
0001cc80: d00015a0 d10015a0 d04015a0 d14015a0 
0001cc90: d20015a0 d30015a0 d24015a0 d34015a0 
0001cca0: d08015a0 d18015a0 d0c015a0 d1c015a0 
0001ccb0: d28015a0 d38015a0 d2c015a0 d3c015a0 
0001ccc0: d40015a0 d50015a0 d44015a0 d54015a0 
0001ccd0: d60015a0 d70015a0 d64015a0 d74015a0 
0001cce0: d48015a0 d58015a0 d4c015a0 d5c015a0 
0001ccf0: d68015a0 d78015a0 d6c015a0 d7c015a0 
0001cd00: d80014a0 d90014a0 d84014a0 d94014a0 
0001cd10: da0014a0 db0014a0 da4014a0 db4014a0 
0001cd20: d88014a0 d98014a0 d8c014a0 d9c014a0 
0001cd30: da8014a0 db8014a0 dac014a0 dbc014a0 
0001cd40: dc0014a0 dd0014a0 dc4014a0 dd4014a0 
0001cd50: de0014a0 df0014a0 de4014a0 df4014a0 
0001cd60: dc8014a0 dd8014a0 dcc014a0 ddc014a0 
0001cd70: de8014a0 df8014a0 dec014a0 dfc014a0 
0001cd80: d80015a0 d90015a0 d84015a0 d94015a0 
0001cd90: da0015a0 db0015a0 da4015a0 db4015a0 
0001cda0: d88015a0 d98015a0 d8c015a0 d9c015a0 
0001cdb0: da8015a0 db8015a0 dac015a0 dbc015a0 
0001cdc0: dc0015a0 dd0015a0 dc4015a0 dd4015a0 
0001cdd0: de0015a0 df0015a0 de4015a0 df4015a0 
0001cde0: dc8015a0 dd8015a0 dcc015a0 ddc015a0 
0001cdf0: de8015a0 df8015a0 dec015a0 dfc015a0 
0001ce00: d00016a0 d10016a0 d04016a0 d14016a0 
0001ce10: d20016a0 d30016a0 d24016a0 d34016a0 
0001ce20: d08016a0 d18016a0 d0c016a0 d1c016a0 
0001ce30: d28016a0 d38016a0 d2c016a0 d3c016a0 
0001ce40: d40016a0 d50016a0 d44016a0 d54016a0 
0001ce50: d60016a0 d70016a0 d64016a0 d74016a0 
0001ce60: d48016a0 d58016a0 d4c016a0 d5c016a0 
0001ce70: d68016a0 d78016a0 d6c016a0 d7c016a0 
0001ce80: d00017a0 d10017a0 d04017a0 d14017a0 
0001ce90: d20017a0 d30017a0 d24017a0 d34017a0 
0001cea0: d08017a0 d18017a0 d0c017a0 d1c017a0 
0001ceb0: d28017a0 d38017a0 d2c017a0 d3c017a0 
0001cec0: d40017a0 d50017a0 d44017a0 d54017a0 
0001ced0: d60017a0 d70017a0 d64017a0 d74017a0 
0001cee0: d48017a0 d58017a0 d4c017a0 d5c017a0 
0001cef0: d68017a0 d78017a0 d6c017a0 d7c017a0 
0001cf00: d80016a0 d90016a0 d84016a0 d94016a0 
0001cf10: da0016a0 db0016a0 da4016a0 db4016a0 
0001cf20: d88016a0 d98016a0 d8c016a0 d9c016a0 
0001cf30: da8016a0 db8016a0 dac016a0 dbc016a0 
0001cf40: dc0016a0 dd0016a0 dc4016a0 dd4016a0 
0001cf50: de0016a0 df0016a0 de4016a0 df4016a0 
0001cf60: dc8016a0 dd8016a0 dcc016a0 ddc016a0 
0001cf70: de8016a0 df8016a0 dec016a0 dfc016a0 
0001cf80: d80017a0 d90017a0 d84017a0 d94017a0 
0001cf90: da0017a0 db0017a0 da4017a0 db4017a0 
0001cfa0: d88017a0 d98017a0 d8c017a0 d9c017a0 
0001cfb0: da8017a0 db8017a0 dac017a0 dbc017a0 
0001cfc0: dc0017a0 dd0017a0 dc4017a0 dd4017a0 
0001cfd0: de0017a0 df0017a0 de4017a0 df4017a0 
0001cfe0: dc8017a0 dd8017a0 dcc017a0 ddc017a0 
0001cff0: de8017a0 df8017a0 dec017a0 dfc017a0 
0001d000: e00010a0 e10010a0 e04010a0 e14010a0 
0001d010: e20010a0 e30010a0 e24010a0 e34010a0 
0001d020: e08010a0 e18010a0 e0c010a0 e1c010a0 
0001d030: e28010a0 e38010a0 e2c010a0 e3c010a0 
0001d040: e40010a0 e50010a0 e44010a0 e54010a0 
0001d050: e60010a0 e70010a0 e64010a0 e74010a0 
0001d060: e48010a0 e58010a0 e4c010a0 e5c010a0 
0001d070: e68010a0 e78010a0 e6c010a0 e7c010a0 
0001d080: e00011a0 e10011a0 e04011a0 e14011a0 
0001d090: e20011a0 e30011a0 e24011a0 e34011a0 
0001d0a0: e08011a0 e18011a0 e0c011a0 e1c011a0 
0001d0b0: e28011a0 e38011a0 e2c011a0 e3c011a0 
0001d0c0: e40011a0 e50011a0 e44011a0 e54011a0 
0001d0d0: e60011a0 e70011a0 e64011a0 e74011a0 
0001d0e0: e48011a0 e58011a0 e4c011a0 e5c011a0 
0001d0f0: e68011a0 e78011a0 e6c011a0 e7c011a0 
0001d100: e80010a0 e90010a0 e84010a0 e94010a0 
0001d110: ea0010a0 eb0010a0 ea4010a0 eb4010a0 
0001d120: e88010a0 e98010a0 e8c010a0 e9c010a0 
0001d130: ea8010a0 eb8010a0 eac010a0 ebc010a0 
0001d140: ec0010a0 ed0010a0 ec4010a0 ed4010a0 
0001d150: ee0010a0 ef0010a0 ee4010a0 ef4010a0 
0001d160: ec8010a0 ed8010a0 ecc010a0 edc010a0 
0001d170: ee8010a0 ef8010a0 eec010a0 efc010a0 
0001d180: e80011a0 e90011a0 e84011a0 e94011a0 
0001d190: ea0011a0 eb0011a0 ea4011a0 eb4011a0 
0001d1a0: e88011a0 e98011a0 e8c011a0 e9c011a0 
0001d1b0: ea8011a0 eb8011a0 eac011a0 ebc011a0 
0001d1c0: ec0011a0 ed0011a0 ec4011a0 ed4011a0 
0001d1d0: ee0011a0 ef0011a0 ee4011a0 ef4011a0 
0001d1e0: ec8011a0 ed8011a0 ecc011a0 edc011a0 
0001d1f0: ee8011a0 ef8011a0 eec011a0 efc011a0 
0001d200: e00012a0 e10012a0 e04012a0 e14012a0 
0001d210: e20012a0 e30012a0 e24012a0 e34012a0 
0001d220: e08012a0 e18012a0 e0c012a0 e1c012a0 
0001d230: e28012a0 e38012a0 e2c012a0 e3c012a0 
0001d240: e40012a0 e50012a0 e44012a0 e54012a0 
0001d250: e60012a0 e70012a0 e64012a0 e74012a0 
0001d260: e48012a0 e58012a0 e4c012a0 e5c012a0 
0001d270: e68012a0 e78012a0 e6c012a0 e7c012a0 
0001d280: e00013a0 e10013a0 e04013a0 e14013a0 
0001d290: e20013a0 e30013a0 e24013a0 e34013a0 
0001d2a0: e08013a0 e18013a0 e0c013a0 e1c013a0 
0001d2b0: e28013a0 e38013a0 e2c013a0 e3c013a0 
0001d2c0: e40013a0 e50013a0 e44013a0 e54013a0 
0001d2d0: e60013a0 e70013a0 e64013a0 e74013a0 
0001d2e0: e48013a0 e58013a0 e4c013a0 e5c013a0 
0001d2f0: e68013a0 e78013a0 e6c013a0 e7c013a0 
0001d300: e80012a0 e90012a0 e84012a0 e94012a0 
0001d310: ea0012a0 eb0012a0 ea4012a0 eb4012a0 
0001d320: e88012a0 e98012a0 e8c012a0 e9c012a0 
0001d330: ea8012a0 eb8012a0 eac012a0 ebc012a0 
0001d340: ec0012a0 ed0012a0 ec4012a0 ed4012a0 
0001d350: ee0012a0 ef0012a0 ee4012a0 ef4012a0 
0001d360: ec8012a0 ed8012a0 ecc012a0 edc012a0 
0001d370: ee8012a0 ef8012a0 eec012a0 efc012a0 
0001d380: e80013a0 e90013a0 e84013a0 e94013a0 
0001d390: ea0013a0 eb0013a0 ea4013a0 eb4013a0 
0001d3a0: e88013a0 e98013a0 e8c013a0 e9c013a0 
0001d3b0: ea8013a0 eb8013a0 eac013a0 ebc013a0 
0001d3c0: ec0013a0 ed0013a0 ec4013a0 ed4013a0 
0001d3d0: ee0013a0 ef0013a0 ee4013a0 ef4013a0 
0001d3e0: ec8013a0 ed8013a0 ecc013a0 edc013a0 
0001d3f0: ee8013a0 ef8013a0 eec013a0 efc013a0 
0001d400: f00010a0 f10010a0 f04010a0 f14010a0 
0001d410: f20010a0 f30010a0 f24010a0 f34010a0 
0001d420: f08010a0 f18010a0 f0c010a0 f1c010a0 
0001d430: f28010a0 f38010a0 f2c010a0 f3c010a0 
0001d440: f40010a0 f50010a0 f44010a0 f54010a0 
0001d450: f60010a0 f70010a0 f64010a0 f74010a0 
0001d460: f48010a0 f58010a0 f4c010a0 f5c010a0 
0001d470: f68010a0 f78010a0 f6c010a0 f7c010a0 
0001d480: f00011a0 f10011a0 f04011a0 f14011a0 
0001d490: f20011a0 f30011a0 f24011a0 f34011a0 
0001d4a0: f08011a0 f18011a0 f0c011a0 f1c011a0 
0001d4b0: f28011a0 f38011a0 f2c011a0 f3c011a0 
0001d4c0: f40011a0 f50011a0 f44011a0 f54011a0 
0001d4d0: f60011a0 f70011a0 f64011a0 f74011a0 
0001d4e0: f48011a0 f58011a0 f4c011a0 f5c011a0 
0001d4f0: f68011a0 f78011a0 f6c011a0 f7c011a0 
0001d500: f80010a0 f90010a0 f84010a0 f94010a0 
0001d510: fa0010a0 fb0010a0 fa4010a0 fb4010a0 
0001d520: f88010a0 f98010a0 f8c010a0 f9c010a0 
0001d530: fa8010a0 fb8010a0 fac010a0 fbc010a0 
0001d540: fc0010a0 fd0010a0 fc4010a0 fd4010a0 
0001d550: fe0010a0 ff0010a0 fe4010a0 ff4010a0 
0001d560: fc8010a0 fd8010a0 fcc010a0 fdc010a0 
0001d570: fe8010a0 ff8010a0 fec010a0 ffc010a0 
0001d580: f80011a0 f90011a0 f84011a0 f94011a0 
0001d590: fa0011a0 fb0011a0 fa4011a0 fb4011a0 
0001d5a0: f88011a0 f98011a0 f8c011a0 f9c011a0 
0001d5b0: fa8011a0 fb8011a0 fac011a0 fbc011a0 
0001d5c0: fc0011a0 fd0011a0 fc4011a0 fd4011a0 
0001d5d0: fe0011a0 ff0011a0 fe4011a0 ff4011a0 
0001d5e0: fc8011a0 fd8011a0 fcc011a0 fdc011a0 
0001d5f0: fe8011a0 ff8011a0 fec011a0 ffc011a0 
0001d600: f00012a0 f10012a0 f04012a0 f14012a0 
0001d610: f20012a0 f30012a0 f24012a0 f34012a0 
0001d620: f08012a0 f18012a0 f0c012a0 f1c012a0 
0001d630: f28012a0 f38012a0 f2c012a0 f3c012a0 
0001d640: f40012a0 f50012a0 f44012a0 f54012a0 
0001d650: f60012a0 f70012a0 f64012a0 f74012a0 
0001d660: f48012a0 f58012a0 f4c012a0 f5c012a0 
0001d670: f68012a0 f78012a0 f6c012a0 f7c012a0 
0001d680: f00013a0 f10013a0 f04013a0 f14013a0 
0001d690: f20013a0 f30013a0 f24013a0 f34013a0 
0001d6a0: f08013a0 f18013a0 f0c013a0 f1c013a0 
0001d6b0: f28013a0 f38013a0 f2c013a0 f3c013a0 
0001d6c0: f40013a0 f50013a0 f44013a0 f54013a0 
0001d6d0: f60013a0 f70013a0 f64013a0 f74013a0 
0001d6e0: f48013a0 f58013a0 f4c013a0 f5c013a0 
0001d6f0: f68013a0 f78013a0 f6c013a0 f7c013a0 
0001d700: f80012a0 f90012a0 f84012a0 f94012a0 
0001d710: fa0012a0 fb0012a0 fa4012a0 fb4012a0 
0001d720: f88012a0 f98012a0 f8c012a0 f9c012a0 
0001d730: fa8012a0 fb8012a0 fac012a0 fbc012a0 
0001d740: fc0012a0 fd0012a0 fc4012a0 fd4012a0 
0001d750: fe0012a0 ff0012a0 fe4012a0 ff4012a0 
0001d760: fc8012a0 fd8012a0 fcc012a0 fdc012a0 
0001d770: fe8012a0 ff8012a0 fec012a0 ffc012a0 
0001d780: f80013a0 f90013a0 f84013a0 f94013a0 
0001d790: fa0013a0 fb0013a0 fa4013a0 fb4013a0 
0001d7a0: f88013a0 f98013a0 f8c013a0 f9c013a0 
0001d7b0: fa8013a0 fb8013a0 fac013a0 fbc013a0 
0001d7c0: fc0013a0 fd0013a0 fc4013a0 fd4013a0 
0001d7d0: fe0013a0 ff0013a0 fe4013a0 ff4013a0 
0001d7e0: fc8013a0 fd8013a0 fcc013a0 fdc013a0 
0001d7f0: fe8013a0 ff8013a0 fec013a0 ffc013a0 
0001d800: e00014a0 e10014a0 e04014a0 e14014a0 
0001d810: e20014a0 e30014a0 e24014a0 e34014a0 
0001d820: e08014a0 e18014a0 e0c014a0 e1c014a0 
0001d830: e28014a0 e38014a0 e2c014a0 e3c014a0 
0001d840: e40014a0 e50014a0 e44014a0 e54014a0 
0001d850: e60014a0 e70014a0 e64014a0 e74014a0 
0001d860: e48014a0 e58014a0 e4c014a0 e5c014a0 
0001d870: e68014a0 e78014a0 e6c014a0 e7c014a0 
0001d880: e00015a0 e10015a0 e04015a0 e14015a0 
0001d890: e20015a0 e30015a0 e24015a0 e34015a0 
0001d8a0: e08015a0 e18015a0 e0c015a0 e1c015a0 
0001d8b0: e28015a0 e38015a0 e2c015a0 e3c015a0 
0001d8c0: e40015a0 e50015a0 e44015a0 e54015a0 
0001d8d0: e60015a0 e70015a0 e64015a0 e74015a0 
0001d8e0: e48015a0 e58015a0 e4c015a0 e5c015a0 
0001d8f0: e68015a0 e78015a0 e6c015a0 e7c015a0 
0001d900: e80014a0 e90014a0 e84014a0 e94014a0 
0001d910: ea0014a0 eb0014a0 ea4014a0 eb4014a0 
0001d920: e88014a0 e98014a0 e8c014a0 e9c014a0 
0001d930: ea8014a0 eb8014a0 eac014a0 ebc014a0 
0001d940: ec0014a0 ed0014a0 ec4014a0 ed4014a0 
0001d950: ee0014a0 ef0014a0 ee4014a0 ef4014a0 
0001d960: ec8014a0 ed8014a0 ecc014a0 edc014a0 
0001d970: ee8014a0 ef8014a0 eec014a0 efc014a0 
0001d980: e80015a0 e90015a0 e84015a0 e94015a0 
0001d990: ea0015a0 eb0015a0 ea4015a0 eb4015a0 
0001d9a0: e88015a0 e98015a0 e8c015a0 e9c015a0 
0001d9b0: ea8015a0 eb8015a0 eac015a0 ebc015a0 
0001d9c0: ec0015a0 ed0015a0 ec4015a0 ed4015a0 
0001d9d0: ee0015a0 ef0015a0 ee4015a0 ef4015a0 
0001d9e0: ec8015a0 ed8015a0 ecc015a0 edc015a0 
0001d9f0: ee8015a0 ef8015a0 eec015a0 efc015a0 
0001da00: e00016a0 e10016a0 e04016a0 e14016a0 
0001da10: e20016a0 e30016a0 e24016a0 e34016a0 
0001da20: e08016a0 e18016a0 e0c016a0 e1c016a0 
0001da30: e28016a0 e38016a0 e2c016a0 e3c016a0 
0001da40: e40016a0 e50016a0 e44016a0 e54016a0 
0001da50: e60016a0 e70016a0 e64016a0 e74016a0 
0001da60: e48016a0 e58016a0 e4c016a0 e5c016a0 
0001da70: e68016a0 e78016a0 e6c016a0 e7c016a0 
0001da80: e00017a0 e10017a0 e04017a0 e14017a0 
0001da90: e20017a0 e30017a0 e24017a0 e34017a0 
0001daa0: e08017a0 e18017a0 e0c017a0 e1c017a0 
0001dab0: e28017a0 e38017a0 e2c017a0 e3c017a0 
0001dac0: e40017a0 e50017a0 e44017a0 e54017a0 
0001dad0: e60017a0 e70017a0 e64017a0 e74017a0 
0001dae0: e48017a0 e58017a0 e4c017a0 e5c017a0 
0001daf0: e68017a0 e78017a0 e6c017a0 e7c017a0 
0001db00: e80016a0 e90016a0 e84016a0 e94016a0 
0001db10: ea0016a0 eb0016a0 ea4016a0 eb4016a0 
0001db20: e88016a0 e98016a0 e8c016a0 e9c016a0 
0001db30: ea8016a0 eb8016a0 eac016a0 ebc016a0 
0001db40: ec0016a0 ed0016a0 ec4016a0 ed4016a0 
0001db50: ee0016a0 ef0016a0 ee4016a0 ef4016a0 
0001db60: ec8016a0 ed8016a0 ecc016a0 edc016a0 
0001db70: ee8016a0 ef8016a0 eec016a0 efc016a0 
0001db80: e80017a0 e90017a0 e84017a0 e94017a0 
0001db90: ea0017a0 eb0017a0 ea4017a0 eb4017a0 
0001dba0: e88017a0 e98017a0 e8c017a0 e9c017a0 
0001dbb0: ea8017a0 eb8017a0 eac017a0 ebc017a0 
0001dbc0: ec0017a0 ed0017a0 ec4017a0 ed4017a0 
0001dbd0: ee0017a0 ef0017a0 ee4017a0 ef4017a0 
0001dbe0: ec8017a0 ed8017a0 ecc017a0 edc017a0 
0001dbf0: ee8017a0 ef8017a0 eec017a0 efc017a0 
0001dc00: f00014a0 f10014a0 f04014a0 f14014a0 
0001dc10: f20014a0 f30014a0 f24014a0 f34014a0 
0001dc20: f08014a0 f18014a0 f0c014a0 f1c014a0 
0001dc30: f28014a0 f38014a0 f2c014a0 f3c014a0 
0001dc40: f40014a0 f50014a0 f44014a0 f54014a0 
0001dc50: f60014a0 f70014a0 f64014a0 f74014a0 
0001dc60: f48014a0 f58014a0 f4c014a0 f5c014a0 
0001dc70: f68014a0 f78014a0 f6c014a0 f7c014a0 
0001dc80: f00015a0 f10015a0 f04015a0 f14015a0 
0001dc90: f20015a0 f30015a0 f24015a0 f34015a0 
0001dca0: f08015a0 f18015a0 f0c015a0 f1c015a0 
0001dcb0: f28015a0 f38015a0 f2c015a0 f3c015a0 
0001dcc0: f40015a0 f50015a0 f44015a0 f54015a0 
0001dcd0: f60015a0 f70015a0 f64015a0 f74015a0 
0001dce0: f48015a0 f58015a0 f4c015a0 f5c015a0 
0001dcf0: f68015a0 f78015a0 f6c015a0 f7c015a0 
0001dd00: f80014a0 f90014a0 f84014a0 f94014a0 
0001dd10: fa0014a0 fb0014a0 fa4014a0 fb4014a0 
0001dd20: f88014a0 f98014a0 f8c014a0 f9c014a0 
0001dd30: fa8014a0 fb8014a0 fac014a0 fbc014a0 
0001dd40: fc0014a0 fd0014a0 fc4014a0 fd4014a0 
0001dd50: fe0014a0 ff0014a0 fe4014a0 ff4014a0 
0001dd60: fc8014a0 fd8014a0 fcc014a0 fdc014a0 
0001dd70: fe8014a0 ff8014a0 fec014a0 ffc014a0 
0001dd80: f80015a0 f90015a0 f84015a0 f94015a0 
0001dd90: fa0015a0 fb0015a0 fa4015a0 fb4015a0 
0001dda0: f88015a0 f98015a0 f8c015a0 f9c015a0 
0001ddb0: fa8015a0 fb8015a0 fac015a0 fbc015a0 
0001ddc0: fc0015a0 fd0015a0 fc4015a0 fd4015a0 
0001ddd0: fe0015a0 ff0015a0 fe4015a0 ff4015a0 
0001dde0: fc8015a0 fd8015a0 fcc015a0 fdc015a0 
0001ddf0: fe8015a0 ff8015a0 fec015a0 ffc015a0 
0001de00: f00016a0 f10016a0 f04016a0 f14016a0 
0001de10: f20016a0 f30016a0 f24016a0 f34016a0 
0001de20: f08016a0 f18016a0 f0c016a0 f1c016a0 
0001de30: f28016a0 f38016a0 f2c016a0 f3c016a0 
0001de40: f40016a0 f50016a0 f44016a0 f54016a0 
0001de50: f60016a0 f70016a0 f64016a0 f74016a0 
0001de60: f48016a0 f58016a0 f4c016a0 f5c016a0 
0001de70: f68016a0 f78016a0 f6c016a0 f7c016a0 
0001de80: f00017a0 f10017a0 f04017a0 f14017a0 
0001de90: f20017a0 f30017a0 f24017a0 f34017a0 
0001dea0: f08017a0 f18017a0 f0c017a0 f1c017a0 
0001deb0: f28017a0 f38017a0 f2c017a0 f3c017a0 
0001dec0: f40017a0 f50017a0 f44017a0 f54017a0 
0001ded0: f60017a0 f70017a0 f64017a0 f74017a0 
0001dee0: f48017a0 f58017a0 f4c017a0 f5c017a0 
0001def0: f68017a0 f78017a0 f6c017a0 f7c017a0 
0001df00: f80016a0 f90016a0 f84016a0 f94016a0 
0001df10: fa0016a0 fb0016a0 fa4016a0 fb4016a0 
0001df20: f88016a0 f98016a0 f8c016a0 f9c016a0 
0001df30: fa8016a0 fb8016a0 fac016a0 fbc016a0 
0001df40: fc0016a0 fd0016a0 fc4016a0 fd4016a0 
0001df50: fe0016a0 ff0016a0 fe4016a0 ff4016a0 
0001df60: fc8016a0 fd8016a0 fcc016a0 fdc016a0 
0001df70: fe8016a0 ff8016a0 fec016a0 ffc016a0 
0001df80: f80017a0 f90017a0 f84017a0 f94017a0 
0001df90: fa0017a0 fb0017a0 fa4017a0 fb4017a0 
0001dfa0: f88017a0 f98017a0 f8c017a0 f9c017a0 
0001dfb0: fa8017a0 fb8017a0 fac017a0 fbc017a0 
0001dfc0: fc0017a0 fd0017a0 fc4017a0 fd4017a0 
0001dfd0: fe0017a0 ff0017a0 fe4017a0 ff4017a0 
0001dfe0: fc8017a0 fd8017a0 fcc017a0 fdc017a0 
0001dff0: fe8017a0 ff8017a0 fec017a0 ffc017a0 
0001e000: c00018a0 c10018a0 c04018a0 c14018a0 
0001e010: c20018a0 c30018a0 c24018a0 c34018a0 
0001e020: c08018a0 c18018a0 c0c018a0 c1c018a0 
0001e030: c28018a0 c38018a0 c2c018a0 c3c018a0 
0001e040: c40018a0 c50018a0 c44018a0 c54018a0 
0001e050: c60018a0 c70018a0 c64018a0 c74018a0 
0001e060: c48018a0 c58018a0 c4c018a0 c5c018a0 
0001e070: c68018a0 c78018a0 c6c018a0 c7c018a0 
0001e080: c00019a0 c10019a0 c04019a0 c14019a0 
0001e090: c20019a0 c30019a0 c24019a0 c34019a0 
0001e0a0: c08019a0 c18019a0 c0c019a0 c1c019a0 
0001e0b0: c28019a0 c38019a0 c2c019a0 c3c019a0 
0001e0c0: c40019a0 c50019a0 c44019a0 c54019a0 
0001e0d0: c60019a0 c70019a0 c64019a0 c74019a0 
0001e0e0: c48019a0 c58019a0 c4c019a0 c5c019a0 
0001e0f0: c68019a0 c78019a0 c6c019a0 c7c019a0 
0001e100: c80018a0 c90018a0 c84018a0 c94018a0 
0001e110: ca0018a0 cb0018a0 ca4018a0 cb4018a0 
0001e120: c88018a0 c98018a0 c8c018a0 c9c018a0 
0001e130: ca8018a0 cb8018a0 cac018a0 cbc018a0 
0001e140: cc0018a0 cd0018a0 cc4018a0 cd4018a0 
0001e150: ce0018a0 cf0018a0 ce4018a0 cf4018a0 
0001e160: cc8018a0 cd8018a0 ccc018a0 cdc018a0 
0001e170: ce8018a0 cf8018a0 cec018a0 cfc018a0 
0001e180: c80019a0 c90019a0 c84019a0 c94019a0 
0001e190: ca0019a0 cb0019a0 ca4019a0 cb4019a0 
0001e1a0: c88019a0 c98019a0 c8c019a0 c9c019a0 
0001e1b0: ca8019a0 cb8019a0 cac019a0 cbc019a0 
0001e1c0: cc0019a0 cd0019a0 cc4019a0 cd4019a0 
0001e1d0: ce0019a0 cf0019a0 ce4019a0 cf4019a0 
0001e1e0: cc8019a0 cd8019a0 ccc019a0 cdc019a0 
0001e1f0: ce8019a0 cf8019a0 cec019a0 cfc019a0 
0001e200: c0001aa0 c1001aa0 c0401aa0 c1401aa0 
0001e210: c2001aa0 c3001aa0 c2401aa0 c3401aa0 
0001e220: c0801aa0 c1801aa0 c0c01aa0 c1c01aa0 
0001e230: c2801aa0 c3801aa0 c2c01aa0 c3c01aa0 
0001e240: c4001aa0 c5001aa0 c4401aa0 c5401aa0 
0001e250: c6001aa0 c7001aa0 c6401aa0 c7401aa0 
0001e260: c4801aa0 c5801aa0 c4c01aa0 c5c01aa0 
0001e270: c6801aa0 c7801aa0 c6c01aa0 c7c01aa0 
0001e280: c0001ba0 c1001ba0 c0401ba0 c1401ba0 
0001e290: c2001ba0 c3001ba0 c2401ba0 c3401ba0 
0001e2a0: c0801ba0 c1801ba0 c0c01ba0 c1c01ba0 
0001e2b0: c2801ba0 c3801ba0 c2c01ba0 c3c01ba0 
0001e2c0: c4001ba0 c5001ba0 c4401ba0 c5401ba0 
0001e2d0: c6001ba0 c7001ba0 c6401ba0 c7401ba0 
0001e2e0: c4801ba0 c5801ba0 c4c01ba0 c5c01ba0 
0001e2f0: c6801ba0 c7801ba0 c6c01ba0 c7c01ba0 
0001e300: c8001aa0 c9001aa0 c8401aa0 c9401aa0 
0001e310: ca001aa0 cb001aa0 ca401aa0 cb401aa0 
0001e320: c8801aa0 c9801aa0 c8c01aa0 c9c01aa0 
0001e330: ca801aa0 cb801aa0 cac01aa0 cbc01aa0 
0001e340: cc001aa0 cd001aa0 cc401aa0 cd401aa0 
0001e350: ce001aa0 cf001aa0 ce401aa0 cf401aa0 
0001e360: cc801aa0 cd801aa0 ccc01aa0 cdc01aa0 
0001e370: ce801aa0 cf801aa0 cec01aa0 cfc01aa0 
0001e380: c8001ba0 c9001ba0 c8401ba0 c9401ba0 
0001e390: ca001ba0 cb001ba0 ca401ba0 cb401ba0 
0001e3a0: c8801ba0 c9801ba0 c8c01ba0 c9c01ba0 
0001e3b0: ca801ba0 cb801ba0 cac01ba0 cbc01ba0 
0001e3c0: cc001ba0 cd001ba0 cc401ba0 cd401ba0 
0001e3d0: ce001ba0 cf001ba0 ce401ba0 cf401ba0 
0001e3e0: cc801ba0 cd801ba0 ccc01ba0 cdc01ba0 
0001e3f0: ce801ba0 cf801ba0 cec01ba0 cfc01ba0 
0001e400: d00018a0 d10018a0 d04018a0 d14018a0 
0001e410: d20018a0 d30018a0 d24018a0 d34018a0 
0001e420: d08018a0 d18018a0 d0c018a0 d1c018a0 
0001e430: d28018a0 d38018a0 d2c018a0 d3c018a0 
0001e440: d40018a0 d50018a0 d44018a0 d54018a0 
0001e450: d60018a0 d70018a0 d64018a0 d74018a0 
0001e460: d48018a0 d58018a0 d4c018a0 d5c018a0 
0001e470: d68018a0 d78018a0 d6c018a0 d7c018a0 
0001e480: d00019a0 d10019a0 d04019a0 d14019a0 
0001e490: d20019a0 d30019a0 d24019a0 d34019a0 
0001e4a0: d08019a0 d18019a0 d0c019a0 d1c019a0 
0001e4b0: d28019a0 d38019a0 d2c019a0 d3c019a0 
0001e4c0: d40019a0 d50019a0 d44019a0 d54019a0 
0001e4d0: d60019a0 d70019a0 d64019a0 d74019a0 
0001e4e0: d48019a0 d58019a0 d4c019a0 d5c019a0 
0001e4f0: d68019a0 d78019a0 d6c019a0 d7c019a0 
0001e500: d80018a0 d90018a0 d84018a0 d94018a0 
0001e510: da0018a0 db0018a0 da4018a0 db4018a0 
0001e520: d88018a0 d98018a0 d8c018a0 d9c018a0 
0001e530: da8018a0 db8018a0 dac018a0 dbc018a0 
0001e540: dc0018a0 dd0018a0 dc4018a0 dd4018a0 
0001e550: de0018a0 df0018a0 de4018a0 df4018a0 
0001e560: dc8018a0 dd8018a0 dcc018a0 ddc018a0 
0001e570: de8018a0 df8018a0 dec018a0 dfc018a0 
0001e580: d80019a0 d90019a0 d84019a0 d94019a0 
0001e590: da0019a0 db0019a0 da4019a0 db4019a0 
0001e5a0: d88019a0 d98019a0 d8c019a0 d9c019a0 
0001e5b0: da8019a0 db8019a0 dac019a0 dbc019a0 
0001e5c0: dc0019a0 dd0019a0 dc4019a0 dd4019a0 
0001e5d0: de0019a0 df0019a0 de4019a0 df4019a0 
0001e5e0: dc8019a0 dd8019a0 dcc019a0 ddc019a0 
0001e5f0: de8019a0 df8019a0 dec019a0 dfc019a0 
0001e600: d0001aa0 d1001aa0 d0401aa0 d1401aa0 
0001e610: d2001aa0 d3001aa0 d2401aa0 d3401aa0 
0001e620: d0801aa0 d1801aa0 d0c01aa0 d1c01aa0 
0001e630: d2801aa0 d3801aa0 d2c01aa0 d3c01aa0 
0001e640: d4001aa0 d5001aa0 d4401aa0 d5401aa0 
0001e650: d6001aa0 d7001aa0 d6401aa0 d7401aa0 
0001e660: d4801aa0 d5801aa0 d4c01aa0 d5c01aa0 
0001e670: d6801aa0 d7801aa0 d6c01aa0 d7c01aa0 
0001e680: d0001ba0 d1001ba0 d0401ba0 d1401ba0 
0001e690: d2001ba0 d3001ba0 d2401ba0 d3401ba0 
0001e6a0: d0801ba0 d1801ba0 d0c01ba0 d1c01ba0 
0001e6b0: d2801ba0 d3801ba0 d2c01ba0 d3c01ba0 
0001e6c0: d4001ba0 d5001ba0 d4401ba0 d5401ba0 
0001e6d0: d6001ba0 d7001ba0 d6401ba0 d7401ba0 
0001e6e0: d4801ba0 d5801ba0 d4c01ba0 d5c01ba0 
0001e6f0: d6801ba0 d7801ba0 d6c01ba0 d7c01ba0 
0001e700: d8001aa0 d9001aa0 d8401aa0 d9401aa0 
0001e710: da001aa0 db001aa0 da401aa0 db401aa0 
0001e720: d8801aa0 d9801aa0 d8c01aa0 d9c01aa0 
0001e730: da801aa0 db801aa0 dac01aa0 dbc01aa0 
0001e740: dc001aa0 dd001aa0 dc401aa0 dd401aa0 
0001e750: de001aa0 df001aa0 de401aa0 df401aa0 
0001e760: dc801aa0 dd801aa0 dcc01aa0 ddc01aa0 
0001e770: de801aa0 df801aa0 dec01aa0 dfc01aa0 
0001e780: d8001ba0 d9001ba0 d8401ba0 d9401ba0 
0001e790: da001ba0 db001ba0 da401ba0 db401ba0 
0001e7a0: d8801ba0 d9801ba0 d8c01ba0 d9c01ba0 
0001e7b0: da801ba0 db801ba0 dac01ba0 dbc01ba0 
0001e7c0: dc001ba0 dd001ba0 dc401ba0 dd401ba0 
0001e7d0: de001ba0 df001ba0 de401ba0 df401ba0 
0001e7e0: dc801ba0 dd801ba0 dcc01ba0 ddc01ba0 
0001e7f0: de801ba0 df801ba0 dec01ba0 dfc01ba0 
0001e800: c0001ca0 c1001ca0 c0401ca0 c1401ca0 
0001e810: c2001ca0 c3001ca0 c2401ca0 c3401ca0 
0001e820: c0801ca0 c1801ca0 c0c01ca0 c1c01ca0 
0001e830: c2801ca0 c3801ca0 c2c01ca0 c3c01ca0 
0001e840: c4001ca0 c5001ca0 c4401ca0 c5401ca0 
0001e850: c6001ca0 c7001ca0 c6401ca0 c7401ca0 
0001e860: c4801ca0 c5801ca0 c4c01ca0 c5c01ca0 
0001e870: c6801ca0 c7801ca0 c6c01ca0 c7c01ca0 
0001e880: c0001da0 c1001da0 c0401da0 c1401da0 
0001e890: c2001da0 c3001da0 c2401da0 c3401da0 
0001e8a0: c0801da0 c1801da0 c0c01da0 c1c01da0 
0001e8b0: c2801da0 c3801da0 c2c01da0 c3c01da0 
0001e8c0: c4001da0 c5001da0 c4401da0 c5401da0 
0001e8d0: c6001da0 c7001da0 c6401da0 c7401da0 
0001e8e0: c4801da0 c5801da0 c4c01da0 c5c01da0 
0001e8f0: c6801da0 c7801da0 c6c01da0 c7c01da0 
0001e900: c8001ca0 c9001ca0 c8401ca0 c9401ca0 
0001e910: ca001ca0 cb001ca0 ca401ca0 cb401ca0 
0001e920: c8801ca0 c9801ca0 c8c01ca0 c9c01ca0 
0001e930: ca801ca0 cb801ca0 cac01ca0 cbc01ca0 
0001e940: cc001ca0 cd001ca0 cc401ca0 cd401ca0 
0001e950: ce001ca0 cf001ca0 ce401ca0 cf401ca0 
0001e960: cc801ca0 cd801ca0 ccc01ca0 cdc01ca0 
0001e970: ce801ca0 cf801ca0 cec01ca0 cfc01ca0 
0001e980: c8001da0 c9001da0 c8401da0 c9401da0 
0001e990: ca001da0 cb001da0 ca401da0 cb401da0 
0001e9a0: c8801da0 c9801da0 c8c01da0 c9c01da0 
0001e9b0: ca801da0 cb801da0 cac01da0 cbc01da0 
0001e9c0: cc001da0 cd001da0 cc401da0 cd401da0 
0001e9d0: ce001da0 cf001da0 ce401da0 cf401da0 
0001e9e0: cc801da0 cd801da0 ccc01da0 cdc01da0 
0001e9f0: ce801da0 cf801da0 cec01da0 cfc01da0 
0001ea00: c0001ea0 c1001ea0 c0401ea0 c1401ea0 
0001ea10: c2001ea0 c3001ea0 c2401ea0 c3401ea0 
0001ea20: c0801ea0 c1801ea0 c0c01ea0 c1c01ea0 
0001ea30: c2801ea0 c3801ea0 c2c01ea0 c3c01ea0 
0001ea40: c4001ea0 c5001ea0 c4401ea0 c5401ea0 
0001ea50: c6001ea0 c7001ea0 c6401ea0 c7401ea0 
0001ea60: c4801ea0 c5801ea0 c4c01ea0 c5c01ea0 
0001ea70: c6801ea0 c7801ea0 c6c01ea0 c7c01ea0 
0001ea80: c0001fa0 c1001fa0 c0401fa0 c1401fa0 
0001ea90: c2001fa0 c3001fa0 c2401fa0 c3401fa0 
0001eaa0: c0801fa0 c1801fa0 c0c01fa0 c1c01fa0 
0001eab0: c2801fa0 c3801fa0 c2c01fa0 c3c01fa0 
0001eac0: c4001fa0 c5001fa0 c4401fa0 c5401fa0 
0001ead0: c6001fa0 c7001fa0 c6401fa0 c7401fa0 
0001eae0: c4801fa0 c5801fa0 c4c01fa0 c5c01fa0 
0001eaf0: c6801fa0 c7801fa0 c6c01fa0 c7c01fa0 
0001eb00: c8001ea0 c9001ea0 c8401ea0 c9401ea0 
0001eb10: ca001ea0 cb001ea0 ca401ea0 cb401ea0 
0001eb20: c8801ea0 c9801ea0 c8c01ea0 c9c01ea0 
0001eb30: ca801ea0 cb801ea0 cac01ea0 cbc01ea0 
0001eb40: cc001ea0 cd001ea0 cc401ea0 cd401ea0 
0001eb50: ce001ea0 cf001ea0 ce401ea0 cf401ea0 
0001eb60: cc801ea0 cd801ea0 ccc01ea0 cdc01ea0 
0001eb70: ce801ea0 cf801ea0 cec01ea0 cfc01ea0 
0001eb80: c8001fa0 c9001fa0 c8401fa0 c9401fa0 
0001eb90: ca001fa0 cb001fa0 ca401fa0 cb401fa0 
0001eba0: c8801fa0 c9801fa0 c8c01fa0 c9c01fa0 
0001ebb0: ca801fa0 cb801fa0 cac01fa0 cbc01fa0 
0001ebc0: cc001fa0 cd001fa0 cc401fa0 cd401fa0 
0001ebd0: ce001fa0 cf001fa0 ce401fa0 cf401fa0 
0001ebe0: cc801fa0 cd801fa0 ccc01fa0 cdc01fa0 
0001ebf0: ce801fa0 cf801fa0 cec01fa0 cfc01fa0 
0001ec00: d0001ca0 d1001ca0 d0401ca0 d1401ca0 
0001ec10: d2001ca0 d3001ca0 d2401ca0 d3401ca0 
0001ec20: d0801ca0 d1801ca0 d0c01ca0 d1c01ca0 
0001ec30: d2801ca0 d3801ca0 d2c01ca0 d3c01ca0 
0001ec40: d4001ca0 d5001ca0 d4401ca0 d5401ca0 
0001ec50: d6001ca0 d7001ca0 d6401ca0 d7401ca0 
0001ec60: d4801ca0 d5801ca0 d4c01ca0 d5c01ca0 
0001ec70: d6801ca0 d7801ca0 d6c01ca0 d7c01ca0 
0001ec80: d0001da0 d1001da0 d0401da0 d1401da0 
0001ec90: d2001da0 d3001da0 d2401da0 d3401da0 
0001eca0: d0801da0 d1801da0 d0c01da0 d1c01da0 
0001ecb0: d2801da0 d3801da0 d2c01da0 d3c01da0 
0001ecc0: d4001da0 d5001da0 d4401da0 d5401da0 
0001ecd0: d6001da0 d7001da0 d6401da0 d7401da0 
0001ece0: d4801da0 d5801da0 d4c01da0 d5c01da0 
0001ecf0: d6801da0 d7801da0 d6c01da0 d7c01da0 
0001ed00: d8001ca0 d9001ca0 d8401ca0 d9401ca0 
0001ed10: da001ca0 db001ca0 da401ca0 db401ca0 
0001ed20: d8801ca0 d9801ca0 d8c01ca0 d9c01ca0 
0001ed30: da801ca0 db801ca0 dac01ca0 dbc01ca0 
0001ed40: dc001ca0 dd001ca0 dc401ca0 dd401ca0 
0001ed50: de001ca0 df001ca0 de401ca0 df401ca0 
0001ed60: dc801ca0 dd801ca0 dcc01ca0 ddc01ca0 
0001ed70: de801ca0 df801ca0 dec01ca0 dfc01ca0 
0001ed80: d8001da0 d9001da0 d8401da0 d9401da0 
0001ed90: da001da0 db001da0 da401da0 db401da0 
0001eda0: d8801da0 d9801da0 d8c01da0 d9c01da0 
0001edb0: da801da0 db801da0 dac01da0 dbc01da0 
0001edc0: dc001da0 dd001da0 dc401da0 dd401da0 
0001edd0: de001da0 df001da0 de401da0 df401da0 
0001ede0: dc801da0 dd801da0 dcc01da0 ddc01da0 
0001edf0: de801da0 df801da0 dec01da0 dfc01da0 
0001ee00: d0001ea0 d1001ea0 d0401ea0 d1401ea0 
0001ee10: d2001ea0 d3001ea0 d2401ea0 d3401ea0 
0001ee20: d0801ea0 d1801ea0 d0c01ea0 d1c01ea0 
0001ee30: d2801ea0 d3801ea0 d2c01ea0 d3c01ea0 
0001ee40: d4001ea0 d5001ea0 d4401ea0 d5401ea0 
0001ee50: d6001ea0 d7001ea0 d6401ea0 d7401ea0 
0001ee60: d4801ea0 d5801ea0 d4c01ea0 d5c01ea0 
0001ee70: d6801ea0 d7801ea0 d6c01ea0 d7c01ea0 
0001ee80: d0001fa0 d1001fa0 d0401fa0 d1401fa0 
0001ee90: d2001fa0 d3001fa0 d2401fa0 d3401fa0 
0001eea0: d0801fa0 d1801fa0 d0c01fa0 d1c01fa0 
0001eeb0: d2801fa0 d3801fa0 d2c01fa0 d3c01fa0 
0001eec0: d4001fa0 d5001fa0 d4401fa0 d5401fa0 
0001eed0: d6001fa0 d7001fa0 d6401fa0 d7401fa0 
0001eee0: d4801fa0 d5801fa0 d4c01fa0 d5c01fa0 
0001eef0: d6801fa0 d7801fa0 d6c01fa0 d7c01fa0 
0001ef00: d8001ea0 d9001ea0 d8401ea0 d9401ea0 
0001ef10: da001ea0 db001ea0 da401ea0 db401ea0 
0001ef20: d8801ea0 d9801ea0 d8c01ea0 d9c01ea0 
0001ef30: da801ea0 db801ea0 dac01ea0 dbc01ea0 
0001ef40: dc001ea0 dd001ea0 dc401ea0 dd401ea0 
0001ef50: de001ea0 df001ea0 de401ea0 df401ea0 
0001ef60: dc801ea0 dd801ea0 dcc01ea0 ddc01ea0 
0001ef70: de801ea0 df801ea0 dec01ea0 dfc01ea0 
0001ef80: d8001fa0 d9001fa0 d8401fa0 d9401fa0 
0001ef90: da001fa0 db001fa0 da401fa0 db401fa0 
0001efa0: d8801fa0 d9801fa0 d8c01fa0 d9c01fa0 
0001efb0: da801fa0 db801fa0 dac01fa0 dbc01fa0 
0001efc0: dc001fa0 dd001fa0 dc401fa0 dd401fa0 
0001efd0: de001fa0 df001fa0 de401fa0 df401fa0 
0001efe0: dc801fa0 dd801fa0 dcc01fa0 ddc01fa0 
0001eff0: de801fa0 df801fa0 dec01fa0 dfc01fa0 
0001f000: e00018a0 e10018a0 e04018a0 e14018a0 
0001f010: e20018a0 e30018a0 e24018a0 e34018a0 
0001f020: e08018a0 e18018a0 e0c018a0 e1c018a0 
0001f030: e28018a0 e38018a0 e2c018a0 e3c018a0 
0001f040: e40018a0 e50018a0 e44018a0 e54018a0 
0001f050: e60018a0 e70018a0 e64018a0 e74018a0 
0001f060: e48018a0 e58018a0 e4c018a0 e5c018a0 
0001f070: e68018a0 e78018a0 e6c018a0 e7c018a0 
0001f080: e00019a0 e10019a0 e04019a0 e14019a0 
0001f090: e20019a0 e30019a0 e24019a0 e34019a0 
0001f0a0: e08019a0 e18019a0 e0c019a0 e1c019a0 
0001f0b0: e28019a0 e38019a0 e2c019a0 e3c019a0 
0001f0c0: e40019a0 e50019a0 e44019a0 e54019a0 
0001f0d0: e60019a0 e70019a0 e64019a0 e74019a0 
0001f0e0: e48019a0 e58019a0 e4c019a0 e5c019a0 
0001f0f0: e68019a0 e78019a0 e6c019a0 e7c019a0 
0001f100: e80018a0 e90018a0 e84018a0 e94018a0 
0001f110: ea0018a0 eb0018a0 ea4018a0 eb4018a0 
0001f120: e88018a0 e98018a0 e8c018a0 e9c018a0 
0001f130: ea8018a0 eb8018a0 eac018a0 ebc018a0 
0001f140: ec0018a0 ed0018a0 ec4018a0 ed4018a0 
0001f150: ee0018a0 ef0018a0 ee4018a0 ef4018a0 
0001f160: ec8018a0 ed8018a0 ecc018a0 edc018a0 
0001f170: ee8018a0 ef8018a0 eec018a0 efc018a0 
0001f180: e80019a0 e90019a0 e84019a0 e94019a0 
0001f190: ea0019a0 eb0019a0 ea4019a0 eb4019a0 
0001f1a0: e88019a0 e98019a0 e8c019a0 e9c019a0 
0001f1b0: ea8019a0 eb8019a0 eac019a0 ebc019a0 
0001f1c0: ec0019a0 ed0019a0 ec4019a0 ed4019a0 
0001f1d0: ee0019a0 ef0019a0 ee4019a0 ef4019a0 
0001f1e0: ec8019a0 ed8019a0 ecc019a0 edc019a0 
0001f1f0: ee8019a0 ef8019a0 eec019a0 efc019a0 
0001f200: e0001aa0 e1001aa0 e0401aa0 e1401aa0 
0001f210: e2001aa0 e3001aa0 e2401aa0 e3401aa0 
0001f220: e0801aa0 e1801aa0 e0c01aa0 e1c01aa0 
0001f230: e2801aa0 e3801aa0 e2c01aa0 e3c01aa0 
0001f240: e4001aa0 e5001aa0 e4401aa0 e5401aa0 
0001f250: e6001aa0 e7001aa0 e6401aa0 e7401aa0 
0001f260: e4801aa0 e5801aa0 e4c01aa0 e5c01aa0 
0001f270: e6801aa0 e7801aa0 e6c01aa0 e7c01aa0 
0001f280: e0001ba0 e1001ba0 e0401ba0 e1401ba0 
0001f290: e2001ba0 e3001ba0 e2401ba0 e3401ba0 
0001f2a0: e0801ba0 e1801ba0 e0c01ba0 e1c01ba0 
0001f2b0: e2801ba0 e3801ba0 e2c01ba0 e3c01ba0 
0001f2c0: e4001ba0 e5001ba0 e4401ba0 e5401ba0 
0001f2d0: e6001ba0 e7001ba0 e6401ba0 e7401ba0 
0001f2e0: e4801ba0 e5801ba0 e4c01ba0 e5c01ba0 
0001f2f0: e6801ba0 e7801ba0 e6c01ba0 e7c01ba0 
0001f300: e8001aa0 e9001aa0 e8401aa0 e9401aa0 
0001f310: ea001aa0 eb001aa0 ea401aa0 eb401aa0 
0001f320: e8801aa0 e9801aa0 e8c01aa0 e9c01aa0 
0001f330: ea801aa0 eb801aa0 eac01aa0 ebc01aa0 
0001f340: ec001aa0 ed001aa0 ec401aa0 ed401aa0 
0001f350: ee001aa0 ef001aa0 ee401aa0 ef401aa0 
0001f360: ec801aa0 ed801aa0 ecc01aa0 edc01aa0 
0001f370: ee801aa0 ef801aa0 eec01aa0 efc01aa0 
0001f380: e8001ba0 e9001ba0 e8401ba0 e9401ba0 
0001f390: ea001ba0 eb001ba0 ea401ba0 eb401ba0 
0001f3a0: e8801ba0 e9801ba0 e8c01ba0 e9c01ba0 
0001f3b0: ea801ba0 eb801ba0 eac01ba0 ebc01ba0 
0001f3c0: ec001ba0 ed001ba0 ec401ba0 ed401ba0 
0001f3d0: ee001ba0 ef001ba0 ee401ba0 ef401ba0 
0001f3e0: ec801ba0 ed801ba0 ecc01ba0 edc01ba0 
0001f3f0: ee801ba0 ef801ba0 eec01ba0 efc01ba0 
0001f400: f00018a0 f10018a0 f04018a0 f14018a0 
0001f410: f20018a0 f30018a0 f24018a0 f34018a0 
0001f420: f08018a0 f18018a0 f0c018a0 f1c018a0 
0001f430: f28018a0 f38018a0 f2c018a0 f3c018a0 
0001f440: f40018a0 f50018a0 f44018a0 f54018a0 
0001f450: f60018a0 f70018a0 f64018a0 f74018a0 
0001f460: f48018a0 f58018a0 f4c018a0 f5c018a0 
0001f470: f68018a0 f78018a0 f6c018a0 f7c018a0 
0001f480: f00019a0 f10019a0 f04019a0 f14019a0 
0001f490: f20019a0 f30019a0 f24019a0 f34019a0 
0001f4a0: f08019a0 f18019a0 f0c019a0 f1c019a0 
0001f4b0: f28019a0 f38019a0 f2c019a0 f3c019a0 
0001f4c0: f40019a0 f50019a0 f44019a0 f54019a0 
0001f4d0: f60019a0 f70019a0 f64019a0 f74019a0 
0001f4e0: f48019a0 f58019a0 f4c019a0 f5c019a0 
0001f4f0: f68019a0 f78019a0 f6c019a0 f7c019a0 
0001f500: f80018a0 f90018a0 f84018a0 f94018a0 
0001f510: fa0018a0 fb0018a0 fa4018a0 fb4018a0 
0001f520: f88018a0 f98018a0 f8c018a0 f9c018a0 
0001f530: fa8018a0 fb8018a0 fac018a0 fbc018a0 
0001f540: fc0018a0 fd0018a0 fc4018a0 fd4018a0 
0001f550: fe0018a0 ff0018a0 fe4018a0 ff4018a0 
0001f560: fc8018a0 fd8018a0 fcc018a0 fdc018a0 
0001f570: fe8018a0 ff8018a0 fec018a0 ffc018a0 
0001f580: f80019a0 f90019a0 f84019a0 f94019a0 
0001f590: fa0019a0 fb0019a0 fa4019a0 fb4019a0 
0001f5a0: f88019a0 f98019a0 f8c019a0 f9c019a0 
0001f5b0: fa8019a0 fb8019a0 fac019a0 fbc019a0 
0001f5c0: fc0019a0 fd0019a0 fc4019a0 fd4019a0 
0001f5d0: fe0019a0 ff0019a0 fe4019a0 ff4019a0 
0001f5e0: fc8019a0 fd8019a0 fcc019a0 fdc019a0 
0001f5f0: fe8019a0 ff8019a0 fec019a0 ffc019a0 
0001f600: f0001aa0 f1001aa0 f0401aa0 f1401aa0 
0001f610: f2001aa0 f3001aa0 f2401aa0 f3401aa0 
0001f620: f0801aa0 f1801aa0 f0c01aa0 f1c01aa0 
0001f630: f2801aa0 f3801aa0 f2c01aa0 f3c01aa0 
0001f640: f4001aa0 f5001aa0 f4401aa0 f5401aa0 
0001f650: f6001aa0 f7001aa0 f6401aa0 f7401aa0 
0001f660: f4801aa0 f5801aa0 f4c01aa0 f5c01aa0 
0001f670: f6801aa0 f7801aa0 f6c01aa0 f7c01aa0 
0001f680: f0001ba0 f1001ba0 f0401ba0 f1401ba0 
0001f690: f2001ba0 f3001ba0 f2401ba0 f3401ba0 
0001f6a0: f0801ba0 f1801ba0 f0c01ba0 f1c01ba0 
0001f6b0: f2801ba0 f3801ba0 f2c01ba0 f3c01ba0 
0001f6c0: f4001ba0 f5001ba0 f4401ba0 f5401ba0 
0001f6d0: f6001ba0 f7001ba0 f6401ba0 f7401ba0 
0001f6e0: f4801ba0 f5801ba0 f4c01ba0 f5c01ba0 
0001f6f0: f6801ba0 f7801ba0 f6c01ba0 f7c01ba0 
0001f700: f8001aa0 f9001aa0 f8401aa0 f9401aa0 
0001f710: fa001aa0 fb001aa0 fa401aa0 fb401aa0 
0001f720: f8801aa0 f9801aa0 f8c01aa0 f9c01aa0 
0001f730: fa801aa0 fb801aa0 fac01aa0 fbc01aa0 
0001f740: fc001aa0 fd001aa0 fc401aa0 fd401aa0 
0001f750: fe001aa0 ff001aa0 fe401aa0 ff401aa0 
0001f760: fc801aa0 fd801aa0 fcc01aa0 fdc01aa0 
0001f770: fe801aa0 ff801aa0 fec01aa0 ffc01aa0 
0001f780: f8001ba0 f9001ba0 f8401ba0 f9401ba0 
0001f790: fa001ba0 fb001ba0 fa401ba0 fb401ba0 
0001f7a0: f8801ba0 f9801ba0 f8c01ba0 f9c01ba0 
0001f7b0: fa801ba0 fb801ba0 fac01ba0 fbc01ba0 
0001f7c0: fc001ba0 fd001ba0 fc401ba0 fd401ba0 
0001f7d0: fe001ba0 ff001ba0 fe401ba0 ff401ba0 
0001f7e0: fc801ba0 fd801ba0 fcc01ba0 fdc01ba0 
0001f7f0: fe801ba0 ff801ba0 fec01ba0 ffc01ba0 
0001f800: e0001ca0 e1001ca0 e0401ca0 e1401ca0 
0001f810: e2001ca0 e3001ca0 e2401ca0 e3401ca0 
0001f820: e0801ca0 e1801ca0 e0c01ca0 e1c01ca0 
0001f830: e2801ca0 e3801ca0 e2c01ca0 e3c01ca0 
0001f840: e4001ca0 e5001ca0 e4401ca0 e5401ca0 
0001f850: e6001ca0 e7001ca0 e6401ca0 e7401ca0 
0001f860: e4801ca0 e5801ca0 e4c01ca0 e5c01ca0 
0001f870: e6801ca0 e7801ca0 e6c01ca0 e7c01ca0 
0001f880: e0001da0 e1001da0 e0401da0 e1401da0 
0001f890: e2001da0 e3001da0 e2401da0 e3401da0 
0001f8a0: e0801da0 e1801da0 e0c01da0 e1c01da0 
0001f8b0: e2801da0 e3801da0 e2c01da0 e3c01da0 
0001f8c0: e4001da0 e5001da0 e4401da0 e5401da0 
0001f8d0: e6001da0 e7001da0 e6401da0 e7401da0 
0001f8e0: e4801da0 e5801da0 e4c01da0 e5c01da0 
0001f8f0: e6801da0 e7801da0 e6c01da0 e7c01da0 
0001f900: e8001ca0 e9001ca0 e8401ca0 e9401ca0 
0001f910: ea001ca0 eb001ca0 ea401ca0 eb401ca0 
0001f920: e8801ca0 e9801ca0 e8c01ca0 e9c01ca0 
0001f930: ea801ca0 eb801ca0 eac01ca0 ebc01ca0 
0001f940: ec001ca0 ed001ca0 ec401ca0 ed401ca0 
0001f950: ee001ca0 ef001ca0 ee401ca0 ef401ca0 
0001f960: ec801ca0 ed801ca0 ecc01ca0 edc01ca0 
0001f970: ee801ca0 ef801ca0 eec01ca0 efc01ca0 
0001f980: e8001da0 e9001da0 e8401da0 e9401da0 
0001f990: ea001da0 eb001da0 ea401da0 eb401da0 
0001f9a0: e8801da0 e9801da0 e8c01da0 e9c01da0 
0001f9b0: ea801da0 eb801da0 eac01da0 ebc01da0 
0001f9c0: ec001da0 ed001da0 ec401da0 ed401da0 
0001f9d0: ee001da0 ef001da0 ee401da0 ef401da0 
0001f9e0: ec801da0 ed801da0 ecc01da0 edc01da0 
0001f9f0: ee801da0 ef801da0 eec01da0 efc01da0 
0001fa00: e0001ea0 e1001ea0 e0401ea0 e1401ea0 
0001fa10: e2001ea0 e3001ea0 e2401ea0 e3401ea0 
0001fa20: e0801ea0 e1801ea0 e0c01ea0 e1c01ea0 
0001fa30: e2801ea0 e3801ea0 e2c01ea0 e3c01ea0 
0001fa40: e4001ea0 e5001ea0 e4401ea0 e5401ea0 
0001fa50: e6001ea0 e7001ea0 e6401ea0 e7401ea0 
0001fa60: e4801ea0 e5801ea0 e4c01ea0 e5c01ea0 
0001fa70: e6801ea0 e7801ea0 e6c01ea0 e7c01ea0 
0001fa80: e0001fa0 e1001fa0 e0401fa0 e1401fa0 
0001fa90: e2001fa0 e3001fa0 e2401fa0 e3401fa0 
0001faa0: e0801fa0 e1801fa0 e0c01fa0 e1c01fa0 
0001fab0: e2801fa0 e3801fa0 e2c01fa0 e3c01fa0 
0001fac0: e4001fa0 e5001fa0 e4401fa0 e5401fa0 
0001fad0: e6001fa0 e7001fa0 e6401fa0 e7401fa0 
0001fae0: e4801fa0 e5801fa0 e4c01fa0 e5c01fa0 
0001faf0: e6801fa0 e7801fa0 e6c01fa0 e7c01fa0 
0001fb00: e8001ea0 e9001ea0 e8401ea0 e9401ea0 
0001fb10: ea001ea0 eb001ea0 ea401ea0 eb401ea0 
0001fb20: e8801ea0 e9801ea0 e8c01ea0 e9c01ea0 
0001fb30: ea801ea0 eb801ea0 eac01ea0 ebc01ea0 
0001fb40: ec001ea0 ed001ea0 ec401ea0 ed401ea0 
0001fb50: ee001ea0 ef001ea0 ee401ea0 ef401ea0 
0001fb60: ec801ea0 ed801ea0 ecc01ea0 edc01ea0 
0001fb70: ee801ea0 ef801ea0 eec01ea0 efc01ea0 
0001fb80: e8001fa0 e9001fa0 e8401fa0 e9401fa0 
0001fb90: ea001fa0 eb001fa0 ea401fa0 eb401fa0 
0001fba0: e8801fa0 e9801fa0 e8c01fa0 e9c01fa0 
0001fbb0: ea801fa0 eb801fa0 eac01fa0 ebc01fa0 
0001fbc0: ec001fa0 ed001fa0 ec401fa0 ed401fa0 
0001fbd0: ee001fa0 ef001fa0 ee401fa0 ef401fa0 
0001fbe0: ec801fa0 ed801fa0 ecc01fa0 edc01fa0 
0001fbf0: ee801fa0 ef801fa0 eec01fa0 efc01fa0 
0001fc00: f0001ca0 f1001ca0 f0401ca0 f1401ca0 
0001fc10: f2001ca0 f3001ca0 f2401ca0 f3401ca0 
0001fc20: f0801ca0 f1801ca0 f0c01ca0 f1c01ca0 
0001fc30: f2801ca0 f3801ca0 f2c01ca0 f3c01ca0 
0001fc40: f4001ca0 f5001ca0 f4401ca0 f5401ca0 
0001fc50: f6001ca0 f7001ca0 f6401ca0 f7401ca0 
0001fc60: f4801ca0 f5801ca0 f4c01ca0 f5c01ca0 
0001fc70: f6801ca0 f7801ca0 f6c01ca0 f7c01ca0 
0001fc80: f0001da0 f1001da0 f0401da0 f1401da0 
0001fc90: f2001da0 f3001da0 f2401da0 f3401da0 
0001fca0: f0801da0 f1801da0 f0c01da0 f1c01da0 
0001fcb0: f2801da0 f3801da0 f2c01da0 f3c01da0 
0001fcc0: f4001da0 f5001da0 f4401da0 f5401da0 
0001fcd0: f6001da0 f7001da0 f6401da0 f7401da0 
0001fce0: f4801da0 f5801da0 f4c01da0 f5c01da0 
0001fcf0: f6801da0 f7801da0 f6c01da0 f7c01da0 
0001fd00: f8001ca0 f9001ca0 f8401ca0 f9401ca0 
0001fd10: fa001ca0 fb001ca0 fa401ca0 fb401ca0 
0001fd20: f8801ca0 f9801ca0 f8c01ca0 f9c01ca0 
0001fd30: fa801ca0 fb801ca0 fac01ca0 fbc01ca0 
0001fd40: fc001ca0 fd001ca0 fc401ca0 fd401ca0 
0001fd50: fe001ca0 ff001ca0 fe401ca0 ff401ca0 
0001fd60: fc801ca0 fd801ca0 fcc01ca0 fdc01ca0 
0001fd70: fe801ca0 ff801ca0 fec01ca0 ffc01ca0 
0001fd80: f8001da0 f9001da0 f8401da0 f9401da0 
0001fd90: fa001da0 fb001da0 fa401da0 fb401da0 
0001fda0: f8801da0 f9801da0 f8c01da0 f9c01da0 
0001fdb0: fa801da0 fb801da0 fac01da0 fbc01da0 
0001fdc0: fc001da0 fd001da0 fc401da0 fd401da0 
0001fdd0: fe001da0 ff001da0 fe401da0 ff401da0 
0001fde0: fc801da0 fd801da0 fcc01da0 fdc01da0 
0001fdf0: fe801da0 ff801da0 fec01da0 ffc01da0 
0001fe00: f0001ea0 f1001ea0 f0401ea0 f1401ea0 
0001fe10: f2001ea0 f3001ea0 f2401ea0 f3401ea0 
0001fe20: f0801ea0 f1801ea0 f0c01ea0 f1c01ea0 
0001fe30: f2801ea0 f3801ea0 f2c01ea0 f3c01ea0 
0001fe40: f4001ea0 f5001ea0 f4401ea0 f5401ea0 
0001fe50: f6001ea0 f7001ea0 f6401ea0 f7401ea0 
0001fe60: f4801ea0 f5801ea0 f4c01ea0 f5c01ea0 
0001fe70: f6801ea0 f7801ea0 f6c01ea0 f7c01ea0 
0001fe80: f0001fa0 f1001fa0 f0401fa0 f1401fa0 
0001fe90: f2001fa0 f3001fa0 f2401fa0 f3401fa0 
0001fea0: f0801fa0 f1801fa0 f0c01fa0 f1c01fa0 
0001feb0: f2801fa0 f3801fa0 f2c01fa0 f3c01fa0 
0001fec0: f4001fa0 f5001fa0 f4401fa0 f5401fa0 
0001fed0: f6001fa0 f7001fa0 f6401fa0 f7401fa0 
0001fee0: f4801fa0 f5801fa0 f4c01fa0 f5c01fa0 
0001fef0: f6801fa0 f7801fa0 f6c01fa0 f7c01fa0 
0001ff00: f8001ea0 f9001ea0 f8401ea0 f9401ea0 
0001ff10: fa001ea0 fb001ea0 fa401ea0 fb401ea0 
0001ff20: f8801ea0 f9801ea0 f8c01ea0 f9c01ea0 
0001ff30: fa801ea0 fb801ea0 fac01ea0 fbc01ea0 
0001ff40: fc001ea0 fd001ea0 fc401ea0 fd401ea0 
0001ff50: fe001ea0 ff001ea0 fe401ea0 ff401ea0 
0001ff60: fc801ea0 fd801ea0 fcc01ea0 fdc01ea0 
0001ff70: fe801ea0 ff801ea0 fec01ea0 ffc01ea0 
0001ff80: f8001fa0 f9001fa0 f8401fa0 f9401fa0 
0001ff90: fa001fa0 fb001fa0 fa401fa0 fb401fa0 
0001ffa0: f8801fa0 f9801fa0 f8c01fa0 f9c01fa0 
0001ffb0: fa801fa0 fb801fa0 fac01fa0 fbc01fa0 
0001ffc0: fc001fa0 fd001fa0 fc401fa0 fd401fa0 
0001ffd0: fe001fa0 ff001fa0 fe401fa0 ff401fa0 
0001ffe0: fc801fa0 fd801fa0 fcc01fa0 fdc01fa0 
0001fff0: fe801fa0 ff801fa0 fec01fa0 ffc01fa0 
00020000: 000020a0 010020a0 004020a0 014020a0 
00020010: 020020a0 030020a0 024020a0 034020a0 
00020020: 008020a0 018020a0 00c020a0 01c020a0 
00020030: 028020a0 038020a0 02c020a0 03c020a0 
00020040: 040020a0 050020a0 044020a0 054020a0 
00020050: 060020a0 070020a0 064020a0 074020a0 
00020060: 048020a0 058020a0 04c020a0 05c020a0 
00020070: 068020a0 078020a0 06c020a0 07c020a0 
00020080: 000021a0 010021a0 004021a0 014021a0 
00020090: 020021a0 030021a0 024021a0 034021a0 
000200a0: 008021a0 018021a0 00c021a0 01c021a0 
000200b0: 028021a0 038021a0 02c021a0 03c021a0 
000200c0: 040021a0 050021a0 044021a0 054021a0 
000200d0: 060021a0 070021a0 064021a0 074021a0 
000200e0: 048021a0 058021a0 04c021a0 05c021a0 
000200f0: 068021a0 078021a0 06c021a0 07c021a0 
00020100: 080020a0 090020a0 084020a0 094020a0 
00020110: 0a0020a0 0b0020a0 0a4020a0 0b4020a0 
00020120: 088020a0 098020a0 08c020a0 09c020a0 
00020130: 0a8020a0 0b8020a0 0ac020a0 0bc020a0 
00020140: 0c0020a0 0d0020a0 0c4020a0 0d4020a0 
00020150: 0e0020a0 0f0020a0 0e4020a0 0f4020a0 
00020160: 0c8020a0 0d8020a0 0cc020a0 0dc020a0 
00020170: 0e8020a0 0f8020a0 0ec020a0 0fc020a0 
00020180: 080021a0 090021a0 084021a0 094021a0 
00020190: 0a0021a0 0b0021a0 0a4021a0 0b4021a0 
000201a0: 088021a0 098021a0 08c021a0 09c021a0 
000201b0: 0a8021a0 0b8021a0 0ac021a0 0bc021a0 
000201c0: 0c0021a0 0d0021a0 0c4021a0 0d4021a0 
000201d0: 0e0021a0 0f0021a0 0e4021a0 0f4021a0 
000201e0: 0c8021a0 0d8021a0 0cc021a0 0dc021a0 
000201f0: 0e8021a0 0f8021a0 0ec021a0 0fc021a0 
00020200: 000022a0 010022a0 004022a0 014022a0 
00020210: 020022a0 030022a0 024022a0 034022a0 
00020220: 008022a0 018022a0 00c022a0 01c022a0 
00020230: 028022a0 038022a0 02c022a0 03c022a0 
00020240: 040022a0 050022a0 044022a0 054022a0 
00020250: 060022a0 070022a0 064022a0 074022a0 
00020260: 048022a0 058022a0 04c022a0 05c022a0 
00020270: 068022a0 078022a0 06c022a0 07c022a0 
00020280: 000023a0 010023a0 004023a0 014023a0 
00020290: 020023a0 030023a0 024023a0 034023a0 
000202a0: 008023a0 018023a0 00c023a0 01c023a0 
000202b0: 028023a0 038023a0 02c023a0 03c023a0 
000202c0: 040023a0 050023a0 044023a0 054023a0 
000202d0: 060023a0 070023a0 064023a0 074023a0 
000202e0: 048023a0 058023a0 04c023a0 05c023a0 
000202f0: 068023a0 078023a0 06c023a0 07c023a0 
00020300: 080022a0 090022a0 084022a0 094022a0 
00020310: 0a0022a0 0b0022a0 0a4022a0 0b4022a0 
00020320: 088022a0 098022a0 08c022a0 09c022a0 
00020330: 0a8022a0 0b8022a0 0ac022a0 0bc022a0 
00020340: 0c0022a0 0d0022a0 0c4022a0 0d4022a0 
00020350: 0e0022a0 0f0022a0 0e4022a0 0f4022a0 
00020360: 0c8022a0 0d8022a0 0cc022a0 0dc022a0 
00020370: 0e8022a0 0f8022a0 0ec022a0 0fc022a0 
00020380: 080023a0 090023a0 084023a0 094023a0 
00020390: 0a0023a0 0b0023a0 0a4023a0 0b4023a0 
000203a0: 088023a0 098023a0 08c023a0 09c023a0 
000203b0: 0a8023a0 0b8023a0 0ac023a0 0bc023a0 
000203c0: 0c0023a0 0d0023a0 0c4023a0 0d4023a0 
000203d0: 0e0023a0 0f0023a0 0e4023a0 0f4023a0 
000203e0: 0c8023a0 0d8023a0 0cc023a0 0dc023a0 
000203f0: 0e8023a0 0f8023a0 0ec023a0 0fc023a0 
00020400: 100020a0 110020a0 104020a0 114020a0 
00020410: 120020a0 130020a0 124020a0 134020a0 
00020420: 108020a0 118020a0 10c020a0 11c020a0 
00020430: 128020a0 138020a0 12c020a0 13c020a0 
00020440: 140020a0 150020a0 144020a0 154020a0 
00020450: 160020a0 170020a0 164020a0 174020a0 
00020460: 148020a0 158020a0 14c020a0 15c020a0 
00020470: 168020a0 178020a0 16c020a0 17c020a0 
00020480: 100021a0 110021a0 104021a0 114021a0 
00020490: 120021a0 130021a0 124021a0 134021a0 
000204a0: 108021a0 118021a0 10c021a0 11c021a0 
000204b0: 128021a0 138021a0 12c021a0 13c021a0 
000204c0: 140021a0 150021a0 144021a0 154021a0 
000204d0: 160021a0 170021a0 164021a0 174021a0 
000204e0: 148021a0 158021a0 14c021a0 15c021a0 
000204f0: 168021a0 178021a0 16c021a0 17c021a0 
00020500: 180020a0 190020a0 184020a0 194020a0 
00020510: 1a0020a0 1b0020a0 1a4020a0 1b4020a0 
00020520: 188020a0 198020a0 18c020a0 19c020a0 
00020530: 1a8020a0 1b8020a0 1ac020a0 1bc020a0 
00020540: 1c0020a0 1d0020a0 1c4020a0 1d4020a0 
00020550: 1e0020a0 1f0020a0 1e4020a0 1f4020a0 
00020560: 1c8020a0 1d8020a0 1cc020a0 1dc020a0 
00020570: 1e8020a0 1f8020a0 1ec020a0 1fc020a0 
00020580: 180021a0 190021a0 184021a0 194021a0 
00020590: 1a0021a0 1b0021a0 1a4021a0 1b4021a0 
000205a0: 188021a0 198021a0 18c021a0 19c021a0 
000205b0: 1a8021a0 1b8021a0 1ac021a0 1bc021a0 
000205c0: 1c0021a0 1d0021a0 1c4021a0 1d4021a0 
000205d0: 1e0021a0 1f0021a0 1e4021a0 1f4021a0 
000205e0: 1c8021a0 1d8021a0 1cc021a0 1dc021a0 
000205f0: 1e8021a0 1f8021a0 1ec021a0 1fc021a0 
00020600: 100022a0 110022a0 104022a0 114022a0 
00020610: 120022a0 130022a0 124022a0 134022a0 
00020620: 108022a0 118022a0 10c022a0 11c022a0 
00020630: 128022a0 138022a0 12c022a0 13c022a0 
00020640: 140022a0 150022a0 144022a0 154022a0 
00020650: 160022a0 170022a0 164022a0 174022a0 
00020660: 148022a0 158022a0 14c022a0 15c022a0 
00020670: 168022a0 178022a0 16c022a0 17c022a0 
00020680: 100023a0 110023a0 104023a0 114023a0 
00020690: 120023a0 130023a0 124023a0 134023a0 
000206a0: 108023a0 118023a0 10c023a0 11c023a0 
000206b0: 128023a0 138023a0 12c023a0 13c023a0 
000206c0: 140023a0 150023a0 144023a0 154023a0 
000206d0: 160023a0 170023a0 164023a0 174023a0 
000206e0: 148023a0 158023a0 14c023a0 15c023a0 
000206f0: 168023a0 178023a0 16c023a0 17c023a0 
00020700: 180022a0 190022a0 184022a0 194022a0 
00020710: 1a0022a0 1b0022a0 1a4022a0 1b4022a0 
00020720: 188022a0 198022a0 18c022a0 19c022a0 
00020730: 1a8022a0 1b8022a0 1ac022a0 1bc022a0 
00020740: 1c0022a0 1d0022a0 1c4022a0 1d4022a0 
00020750: 1e0022a0 1f0022a0 1e4022a0 1f4022a0 
00020760: 1c8022a0 1d8022a0 1cc022a0 1dc022a0 
00020770: 1e8022a0 1f8022a0 1ec022a0 1fc022a0 
00020780: 180023a0 190023a0 184023a0 194023a0 
00020790: 1a0023a0 1b0023a0 1a4023a0 1b4023a0 
000207a0: 188023a0 198023a0 18c023a0 19c023a0 
000207b0: 1a8023a0 1b8023a0 1ac023a0 1bc023a0 
000207c0: 1c0023a0 1d0023a0 1c4023a0 1d4023a0 
000207d0: 1e0023a0 1f0023a0 1e4023a0 1f4023a0 
000207e0: 1c8023a0 1d8023a0 1cc023a0 1dc023a0 
000207f0: 1e8023a0 1f8023a0 1ec023a0 1fc023a0 
00020800: 000024a0 010024a0 004024a0 014024a0 
00020810: 020024a0 030024a0 024024a0 034024a0 
00020820: 008024a0 018024a0 00c024a0 01c024a0 
00020830: 028024a0 038024a0 02c024a0 03c024a0 
00020840: 040024a0 050024a0 044024a0 054024a0 
00020850: 060024a0 070024a0 064024a0 074024a0 
00020860: 048024a0 058024a0 04c024a0 05c024a0 
00020870: 068024a0 078024a0 06c024a0 07c024a0 
00020880: 000025a0 010025a0 004025a0 014025a0 
00020890: 020025a0 030025a0 024025a0 034025a0 
000208a0: 008025a0 018025a0 00c025a0 01c025a0 
000208b0: 028025a0 038025a0 02c025a0 03c025a0 
000208c0: 040025a0 050025a0 044025a0 054025a0 
000208d0: 060025a0 070025a0 064025a0 074025a0 
000208e0: 048025a0 058025a0 04c025a0 05c025a0 
000208f0: 068025a0 078025a0 06c025a0 07c025a0 
00020900: 080024a0 090024a0 084024a0 094024a0 
00020910: 0a0024a0 0b0024a0 0a4024a0 0b4024a0 
00020920: 088024a0 098024a0 08c024a0 09c024a0 
00020930: 0a8024a0 0b8024a0 0ac024a0 0bc024a0 
00020940: 0c0024a0 0d0024a0 0c4024a0 0d4024a0 
00020950: 0e0024a0 0f0024a0 0e4024a0 0f4024a0 
00020960: 0c8024a0 0d8024a0 0cc024a0 0dc024a0 
00020970: 0e8024a0 0f8024a0 0ec024a0 0fc024a0 
00020980: 080025a0 090025a0 084025a0 094025a0 
00020990: 0a0025a0 0b0025a0 0a4025a0 0b4025a0 
000209a0: 088025a0 098025a0 08c025a0 09c025a0 
000209b0: 0a8025a0 0b8025a0 0ac025a0 0bc025a0 
000209c0: 0c0025a0 0d0025a0 0c4025a0 0d4025a0 
000209d0: 0e0025a0 0f0025a0 0e4025a0 0f4025a0 
000209e0: 0c8025a0 0d8025a0 0cc025a0 0dc025a0 
000209f0: 0e8025a0 0f8025a0 0ec025a0 0fc025a0 
00020a00: 000026a0 010026a0 004026a0 014026a0 
00020a10: 020026a0 030026a0 024026a0 034026a0 
00020a20: 008026a0 018026a0 00c026a0 01c026a0 
00020a30: 028026a0 038026a0 02c026a0 03c026a0 
00020a40: 040026a0 050026a0 044026a0 054026a0 
00020a50: 060026a0 070026a0 064026a0 074026a0 
00020a60: 048026a0 058026a0 04c026a0 05c026a0 
00020a70: 068026a0 078026a0 06c026a0 07c026a0 
00020a80: 000027a0 010027a0 004027a0 014027a0 
00020a90: 020027a0 030027a0 024027a0 034027a0 
00020aa0: 008027a0 018027a0 00c027a0 01c027a0 
00020ab0: 028027a0 038027a0 02c027a0 03c027a0 
00020ac0: 040027a0 050027a0 044027a0 054027a0 
00020ad0: 060027a0 070027a0 064027a0 074027a0 
00020ae0: 048027a0 058027a0 04c027a0 05c027a0 
00020af0: 068027a0 078027a0 06c027a0 07c027a0 
00020b00: 080026a0 090026a0 084026a0 094026a0 
00020b10: 0a0026a0 0b0026a0 0a4026a0 0b4026a0 
00020b20: 088026a0 098026a0 08c026a0 09c026a0 
00020b30: 0a8026a0 0b8026a0 0ac026a0 0bc026a0 
00020b40: 0c0026a0 0d0026a0 0c4026a0 0d4026a0 
00020b50: 0e0026a0 0f0026a0 0e4026a0 0f4026a0 
00020b60: 0c8026a0 0d8026a0 0cc026a0 0dc026a0 
00020b70: 0e8026a0 0f8026a0 0ec026a0 0fc026a0 
00020b80: 080027a0 090027a0 084027a0 094027a0 
00020b90: 0a0027a0 0b0027a0 0a4027a0 0b4027a0 
00020ba0: 088027a0 098027a0 08c027a0 09c027a0 
00020bb0: 0a8027a0 0b8027a0 0ac027a0 0bc027a0 
00020bc0: 0c0027a0 0d0027a0 0c4027a0 0d4027a0 
00020bd0: 0e0027a0 0f0027a0 0e4027a0 0f4027a0 
00020be0: 0c8027a0 0d8027a0 0cc027a0 0dc027a0 
00020bf0: 0e8027a0 0f8027a0 0ec027a0 0fc027a0 
00020c00: 100024a0 110024a0 104024a0 114024a0 
00020c10: 120024a0 130024a0 124024a0 134024a0 
00020c20: 108024a0 118024a0 10c024a0 11c024a0 
00020c30: 128024a0 138024a0 12c024a0 13c024a0 
00020c40: 140024a0 150024a0 144024a0 154024a0 
00020c50: 160024a0 170024a0 164024a0 174024a0 
00020c60: 148024a0 158024a0 14c024a0 15c024a0 
00020c70: 168024a0 178024a0 16c024a0 17c024a0 
00020c80: 100025a0 110025a0 104025a0 114025a0 
00020c90: 120025a0 130025a0 124025a0 134025a0 
00020ca0: 108025a0 118025a0 10c025a0 11c025a0 
00020cb0: 128025a0 138025a0 12c025a0 13c025a0 
00020cc0: 140025a0 150025a0 144025a0 154025a0 
00020cd0: 160025a0 170025a0 164025a0 174025a0 
00020ce0: 148025a0 158025a0 14c025a0 15c025a0 
00020cf0: 168025a0 178025a0 16c025a0 17c025a0 
00020d00: 180024a0 190024a0 184024a0 194024a0 
00020d10: 1a0024a0 1b0024a0 1a4024a0 1b4024a0 
00020d20: 188024a0 198024a0 18c024a0 19c024a0 
00020d30: 1a8024a0 1b8024a0 1ac024a0 1bc024a0 
00020d40: 1c0024a0 1d0024a0 1c4024a0 1d4024a0 
00020d50: 1e0024a0 1f0024a0 1e4024a0 1f4024a0 
00020d60: 1c8024a0 1d8024a0 1cc024a0 1dc024a0 
00020d70: 1e8024a0 1f8024a0 1ec024a0 1fc024a0 
00020d80: 180025a0 190025a0 184025a0 194025a0 
00020d90: 1a0025a0 1b0025a0 1a4025a0 1b4025a0 
00020da0: 188025a0 198025a0 18c025a0 19c025a0 
00020db0: 1a8025a0 1b8025a0 1ac025a0 1bc025a0 
00020dc0: 1c0025a0 1d0025a0 1c4025a0 1d4025a0 
00020dd0: 1e0025a0 1f0025a0 1e4025a0 1f4025a0 
00020de0: 1c8025a0 1d8025a0 1cc025a0 1dc025a0 
00020df0: 1e8025a0 1f8025a0 1ec025a0 1fc025a0 
00020e00: 100026a0 110026a0 104026a0 114026a0 
00020e10: 120026a0 130026a0 124026a0 134026a0 
00020e20: 108026a0 118026a0 10c026a0 11c026a0 
00020e30: 128026a0 138026a0 12c026a0 13c026a0 
00020e40: 140026a0 150026a0 144026a0 154026a0 
00020e50: 160026a0 170026a0 164026a0 174026a0 
00020e60: 148026a0 158026a0 14c026a0 15c026a0 
00020e70: 168026a0 178026a0 16c026a0 17c026a0 
00020e80: 100027a0 110027a0 104027a0 114027a0 
00020e90: 120027a0 130027a0 124027a0 134027a0 
00020ea0: 108027a0 118027a0 10c027a0 11c027a0 
00020eb0: 128027a0 138027a0 12c027a0 13c027a0 
00020ec0: 140027a0 150027a0 144027a0 154027a0 
00020ed0: 160027a0 170027a0 164027a0 174027a0 
00020ee0: 148027a0 158027a0 14c027a0 15c027a0 
00020ef0: 168027a0 178027a0 16c027a0 17c027a0 
00020f00: 180026a0 190026a0 184026a0 194026a0 
00020f10: 1a0026a0 1b0026a0 1a4026a0 1b4026a0 
00020f20: 188026a0 198026a0 18c026a0 19c026a0 
00020f30: 1a8026a0 1b8026a0 1ac026a0 1bc026a0 
00020f40: 1c0026a0 1d0026a0 1c4026a0 1d4026a0 
00020f50: 1e0026a0 1f0026a0 1e4026a0 1f4026a0 
00020f60: 1c8026a0 1d8026a0 1cc026a0 1dc026a0 
00020f70: 1e8026a0 1f8026a0 1ec026a0 1fc026a0 
00020f80: 180027a0 190027a0 184027a0 194027a0 
00020f90: 1a0027a0 1b0027a0 1a4027a0 1b4027a0 
00020fa0: 188027a0 198027a0 18c027a0 19c027a0 
00020fb0: 1a8027a0 1b8027a0 1ac027a0 1bc027a0 
00020fc0: 1c0027a0 1d0027a0 1c4027a0 1d4027a0 
00020fd0: 1e0027a0 1f0027a0 1e4027a0 1f4027a0 
00020fe0: 1c8027a0 1d8027a0 1cc027a0 1dc027a0 
00020ff0: 1e8027a0 1f8027a0 1ec027a0 1fc027a0 
00021000: 200020a0 210020a0 204020a0 214020a0 
00021010: 220020a0 230020a0 224020a0 234020a0 
00021020: 208020a0 218020a0 20c020a0 21c020a0 
00021030: 228020a0 238020a0 22c020a0 23c020a0 
00021040: 240020a0 250020a0 244020a0 254020a0 
00021050: 260020a0 270020a0 264020a0 274020a0 
00021060: 248020a0 258020a0 24c020a0 25c020a0 
00021070: 268020a0 278020a0 26c020a0 27c020a0 
00021080: 200021a0 210021a0 204021a0 214021a0 
00021090: 220021a0 230021a0 224021a0 234021a0 
000210a0: 208021a0 218021a0 20c021a0 21c021a0 
000210b0: 228021a0 238021a0 22c021a0 23c021a0 
000210c0: 240021a0 250021a0 244021a0 254021a0 
000210d0: 260021a0 270021a0 264021a0 274021a0 
000210e0: 248021a0 258021a0 24c021a0 25c021a0 
000210f0: 268021a0 278021a0 26c021a0 27c021a0 
00021100: 280020a0 290020a0 284020a0 294020a0 
00021110: 2a0020a0 2b0020a0 2a4020a0 2b4020a0 
00021120: 288020a0 298020a0 28c020a0 29c020a0 
00021130: 2a8020a0 2b8020a0 2ac020a0 2bc020a0 
00021140: 2c0020a0 2d0020a0 2c4020a0 2d4020a0 
00021150: 2e0020a0 2f0020a0 2e4020a0 2f4020a0 
00021160: 2c8020a0 2d8020a0 2cc020a0 2dc020a0 
00021170: 2e8020a0 2f8020a0 2ec020a0 2fc020a0 
00021180: 280021a0 290021a0 284021a0 294021a0 
00021190: 2a0021a0 2b0021a0 2a4021a0 2b4021a0 
000211a0: 288021a0 298021a0 28c021a0 29c021a0 
000211b0: 2a8021a0 2b8021a0 2ac021a0 2bc021a0 
000211c0: 2c0021a0 2d0021a0 2c4021a0 2d4021a0 
000211d0: 2e0021a0 2f0021a0 2e4021a0 2f4021a0 
000211e0: 2c8021a0 2d8021a0 2cc021a0 2dc021a0 
000211f0: 2e8021a0 2f8021a0 2ec021a0 2fc021a0 
00021200: 200022a0 210022a0 204022a0 214022a0 
00021210: 220022a0 230022a0 224022a0 234022a0 
00021220: 208022a0 218022a0 20c022a0 21c022a0 
00021230: 228022a0 238022a0 22c022a0 23c022a0 
00021240: 240022a0 250022a0 244022a0 254022a0 
00021250: 260022a0 270022a0 264022a0 274022a0 
00021260: 248022a0 258022a0 24c022a0 25c022a0 
00021270: 268022a0 278022a0 26c022a0 27c022a0 
00021280: 200023a0 210023a0 204023a0 214023a0 
00021290: 220023a0 230023a0 224023a0 234023a0 
000212a0: 208023a0 218023a0 20c023a0 21c023a0 
000212b0: 228023a0 238023a0 22c023a0 23c023a0 
000212c0: 240023a0 250023a0 244023a0 254023a0 
000212d0: 260023a0 270023a0 264023a0 274023a0 
000212e0: 248023a0 258023a0 24c023a0 25c023a0 
000212f0: 268023a0 278023a0 26c023a0 27c023a0 
00021300: 280022a0 290022a0 284022a0 294022a0 
00021310: 2a0022a0 2b0022a0 2a4022a0 2b4022a0 
00021320: 288022a0 298022a0 28c022a0 29c022a0 
00021330: 2a8022a0 2b8022a0 2ac022a0 2bc022a0 
00021340: 2c0022a0 2d0022a0 2c4022a0 2d4022a0 
00021350: 2e0022a0 2f0022a0 2e4022a0 2f4022a0 
00021360: 2c8022a0 2d8022a0 2cc022a0 2dc022a0 
00021370: 2e8022a0 2f8022a0 2ec022a0 2fc022a0 
00021380: 280023a0 290023a0 284023a0 294023a0 
00021390: 2a0023a0 2b0023a0 2a4023a0 2b4023a0 
000213a0: 288023a0 298023a0 28c023a0 29c023a0 
000213b0: 2a8023a0 2b8023a0 2ac023a0 2bc023a0 
000213c0: 2c0023a0 2d0023a0 2c4023a0 2d4023a0 
000213d0: 2e0023a0 2f0023a0 2e4023a0 2f4023a0 
000213e0: 2c8023a0 2d8023a0 2cc023a0 2dc023a0 
000213f0: 2e8023a0 2f8023a0 2ec023a0 2fc023a0 
00021400: 300020a0 310020a0 304020a0 314020a0 
00021410: 320020a0 330020a0 324020a0 334020a0 
00021420: 308020a0 318020a0 30c020a0 31c020a0 
00021430: 328020a0 338020a0 32c020a0 33c020a0 
00021440: 340020a0 350020a0 344020a0 354020a0 
00021450: 360020a0 370020a0 364020a0 374020a0 
00021460: 348020a0 358020a0 34c020a0 35c020a0 
00021470: 368020a0 378020a0 36c020a0 37c020a0 
00021480: 300021a0 310021a0 304021a0 314021a0 
00021490: 320021a0 330021a0 324021a0 334021a0 
000214a0: 308021a0 318021a0 30c021a0 31c021a0 
000214b0: 328021a0 338021a0 32c021a0 33c021a0 
000214c0: 340021a0 350021a0 344021a0 354021a0 
000214d0: 360021a0 370021a0 364021a0 374021a0 
000214e0: 348021a0 358021a0 34c021a0 35c021a0 
000214f0: 368021a0 378021a0 36c021a0 37c021a0 
00021500: 380020a0 390020a0 384020a0 394020a0 
00021510: 3a0020a0 3b0020a0 3a4020a0 3b4020a0 
00021520: 388020a0 398020a0 38c020a0 39c020a0 
00021530: 3a8020a0 3b8020a0 3ac020a0 3bc020a0 
00021540: 3c0020a0 3d0020a0 3c4020a0 3d4020a0 
00021550: 3e0020a0 3f0020a0 3e4020a0 3f4020a0 
00021560: 3c8020a0 3d8020a0 3cc020a0 3dc020a0 
00021570: 3e8020a0 3f8020a0 3ec020a0 3fc020a0 
00021580: 380021a0 390021a0 384021a0 394021a0 
00021590: 3a0021a0 3b0021a0 3a4021a0 3b4021a0 
000215a0: 388021a0 398021a0 38c021a0 39c021a0 
000215b0: 3a8021a0 3b8021a0 3ac021a0 3bc021a0 
000215c0: 3c0021a0 3d0021a0 3c4021a0 3d4021a0 
000215d0: 3e0021a0 3f0021a0 3e4021a0 3f4021a0 
000215e0: 3c8021a0 3d8021a0 3cc021a0 3dc021a0 
000215f0: 3e8021a0 3f8021a0 3ec021a0 3fc021a0 
00021600: 300022a0 310022a0 304022a0 314022a0 
00021610: 320022a0 330022a0 324022a0 334022a0 
00021620: 308022a0 318022a0 30c022a0 31c022a0 
00021630: 328022a0 338022a0 32c022a0 33c022a0 
00021640: 340022a0 350022a0 344022a0 354022a0 
00021650: 360022a0 370022a0 364022a0 374022a0 
00021660: 348022a0 358022a0 34c022a0 35c022a0 
00021670: 368022a0 378022a0 36c022a0 37c022a0 
00021680: 300023a0 310023a0 304023a0 314023a0 
00021690: 320023a0 330023a0 324023a0 334023a0 
000216a0: 308023a0 318023a0 30c023a0 31c023a0 
000216b0: 328023a0 338023a0 32c023a0 33c023a0 
000216c0: 340023a0 350023a0 344023a0 354023a0 
000216d0: 360023a0 370023a0 364023a0 374023a0 
000216e0: 348023a0 358023a0 34c023a0 35c023a0 
000216f0: 368023a0 378023a0 36c023a0 37c023a0 
00021700: 380022a0 390022a0 384022a0 394022a0 
00021710: 3a0022a0 3b0022a0 3a4022a0 3b4022a0 
00021720: 388022a0 398022a0 38c022a0 39c022a0 
00021730: 3a8022a0 3b8022a0 3ac022a0 3bc022a0 
00021740: 3c0022a0 3d0022a0 3c4022a0 3d4022a0 
00021750: 3e0022a0 3f0022a0 3e4022a0 3f4022a0 
00021760: 3c8022a0 3d8022a0 3cc022a0 3dc022a0 
00021770: 3e8022a0 3f8022a0 3ec022a0 3fc022a0 
00021780: 380023a0 390023a0 384023a0 394023a0 
00021790: 3a0023a0 3b0023a0 3a4023a0 3b4023a0 
000217a0: 388023a0 398023a0 38c023a0 39c023a0 
000217b0: 3a8023a0 3b8023a0 3ac023a0 3bc023a0 
000217c0: 3c0023a0 3d0023a0 3c4023a0 3d4023a0 
000217d0: 3e0023a0 3f0023a0 3e4023a0 3f4023a0 
000217e0: 3c8023a0 3d8023a0 3cc023a0 3dc023a0 
000217f0: 3e8023a0 3f8023a0 3ec023a0 3fc023a0 
00021800: 200024a0 210024a0 204024a0 214024a0 
00021810: 220024a0 230024a0 224024a0 234024a0 
00021820: 208024a0 218024a0 20c024a0 21c024a0 
00021830: 228024a0 238024a0 22c024a0 23c024a0 
00021840: 240024a0 250024a0 244024a0 254024a0 
00021850: 260024a0 270024a0 264024a0 274024a0 
00021860: 248024a0 258024a0 24c024a0 25c024a0 
00021870: 268024a0 278024a0 26c024a0 27c024a0 
00021880: 200025a0 210025a0 204025a0 214025a0 
00021890: 220025a0 230025a0 224025a0 234025a0 
000218a0: 208025a0 218025a0 20c025a0 21c025a0 
000218b0: 228025a0 238025a0 22c025a0 23c025a0 
000218c0: 240025a0 250025a0 244025a0 254025a0 
000218d0: 260025a0 270025a0 264025a0 274025a0 
000218e0: 248025a0 258025a0 24c025a0 25c025a0 
000218f0: 268025a0 278025a0 26c025a0 27c025a0 
00021900: 280024a0 290024a0 284024a0 294024a0 
00021910: 2a0024a0 2b0024a0 2a4024a0 2b4024a0 
00021920: 288024a0 298024a0 28c024a0 29c024a0 
00021930: 2a8024a0 2b8024a0 2ac024a0 2bc024a0 
00021940: 2c0024a0 2d0024a0 2c4024a0 2d4024a0 
00021950: 2e0024a0 2f0024a0 2e4024a0 2f4024a0 
00021960: 2c8024a0 2d8024a0 2cc024a0 2dc024a0 
00021970: 2e8024a0 2f8024a0 2ec024a0 2fc024a0 
00021980: 280025a0 290025a0 284025a0 294025a0 
00021990: 2a0025a0 2b0025a0 2a4025a0 2b4025a0 
000219a0: 288025a0 298025a0 28c025a0 29c025a0 
000219b0: 2a8025a0 2b8025a0 2ac025a0 2bc025a0 
000219c0: 2c0025a0 2d0025a0 2c4025a0 2d4025a0 
000219d0: 2e0025a0 2f0025a0 2e4025a0 2f4025a0 
000219e0: 2c8025a0 2d8025a0 2cc025a0 2dc025a0 
000219f0: 2e8025a0 2f8025a0 2ec025a0 2fc025a0 
00021a00: 200026a0 210026a0 204026a0 214026a0 
00021a10: 220026a0 230026a0 224026a0 234026a0 
00021a20: 208026a0 218026a0 20c026a0 21c026a0 
00021a30: 228026a0 238026a0 22c026a0 23c026a0 
00021a40: 240026a0 250026a0 244026a0 254026a0 
00021a50: 260026a0 270026a0 264026a0 274026a0 
00021a60: 248026a0 258026a0 24c026a0 25c026a0 
00021a70: 268026a0 278026a0 26c026a0 27c026a0 
00021a80: 200027a0 210027a0 204027a0 214027a0 
00021a90: 220027a0 230027a0 224027a0 234027a0 
00021aa0: 208027a0 218027a0 20c027a0 21c027a0 
00021ab0: 228027a0 238027a0 22c027a0 23c027a0 
00021ac0: 240027a0 250027a0 244027a0 254027a0 
00021ad0: 260027a0 270027a0 264027a0 274027a0 
00021ae0: 248027a0 258027a0 24c027a0 25c027a0 
00021af0: 268027a0 278027a0 26c027a0 27c027a0 
00021b00: 280026a0 290026a0 284026a0 294026a0 
00021b10: 2a0026a0 2b0026a0 2a4026a0 2b4026a0 
00021b20: 288026a0 298026a0 28c026a0 29c026a0 
00021b30: 2a8026a0 2b8026a0 2ac026a0 2bc026a0 
00021b40: 2c0026a0 2d0026a0 2c4026a0 2d4026a0 
00021b50: 2e0026a0 2f0026a0 2e4026a0 2f4026a0 
00021b60: 2c8026a0 2d8026a0 2cc026a0 2dc026a0 
00021b70: 2e8026a0 2f8026a0 2ec026a0 2fc026a0 
00021b80: 280027a0 290027a0 284027a0 294027a0 
00021b90: 2a0027a0 2b0027a0 2a4027a0 2b4027a0 
00021ba0: 288027a0 298027a0 28c027a0 29c027a0 
00021bb0: 2a8027a0 2b8027a0 2ac027a0 2bc027a0 
00021bc0: 2c0027a0 2d0027a0 2c4027a0 2d4027a0 
00021bd0: 2e0027a0 2f0027a0 2e4027a0 2f4027a0 
00021be0: 2c8027a0 2d8027a0 2cc027a0 2dc027a0 
00021bf0: 2e8027a0 2f8027a0 2ec027a0 2fc027a0 
00021c00: 300024a0 310024a0 304024a0 314024a0 
00021c10: 320024a0 330024a0 324024a0 334024a0 
00021c20: 308024a0 318024a0 30c024a0 31c024a0 
00021c30: 328024a0 338024a0 32c024a0 33c024a0 
00021c40: 340024a0 350024a0 344024a0 354024a0 
00021c50: 360024a0 370024a0 364024a0 374024a0 
00021c60: 348024a0 358024a0 34c024a0 35c024a0 
00021c70: 368024a0 378024a0 36c024a0 37c024a0 
00021c80: 300025a0 310025a0 304025a0 314025a0 
00021c90: 320025a0 330025a0 324025a0 334025a0 
00021ca0: 308025a0 318025a0 30c025a0 31c025a0 
00021cb0: 328025a0 338025a0 32c025a0 33c025a0 
00021cc0: 340025a0 350025a0 344025a0 354025a0 
00021cd0: 360025a0 370025a0 364025a0 374025a0 
00021ce0: 348025a0 358025a0 34c025a0 35c025a0 
00021cf0: 368025a0 378025a0 36c025a0 37c025a0 
00021d00: 380024a0 390024a0 384024a0 394024a0 
00021d10: 3a0024a0 3b0024a0 3a4024a0 3b4024a0 
00021d20: 388024a0 398024a0 38c024a0 39c024a0 
00021d30: 3a8024a0 3b8024a0 3ac024a0 3bc024a0 
00021d40: 3c0024a0 3d0024a0 3c4024a0 3d4024a0 
00021d50: 3e0024a0 3f0024a0 3e4024a0 3f4024a0 
00021d60: 3c8024a0 3d8024a0 3cc024a0 3dc024a0 
00021d70: 3e8024a0 3f8024a0 3ec024a0 3fc024a0 
00021d80: 380025a0 390025a0 384025a0 394025a0 
00021d90: 3a0025a0 3b0025a0 3a4025a0 3b4025a0 
00021da0: 388025a0 398025a0 38c025a0 39c025a0 
00021db0: 3a8025a0 3b8025a0 3ac025a0 3bc025a0 
00021dc0: 3c0025a0 3d0025a0 3c4025a0 3d4025a0 
00021dd0: 3e0025a0 3f0025a0 3e4025a0 3f4025a0 
00021de0: 3c8025a0 3d8025a0 3cc025a0 3dc025a0 
00021df0: 3e8025a0 3f8025a0 3ec025a0 3fc025a0 
00021e00: 300026a0 310026a0 304026a0 314026a0 
00021e10: 320026a0 330026a0 324026a0 334026a0 
00021e20: 308026a0 318026a0 30c026a0 31c026a0 
00021e30: 328026a0 338026a0 32c026a0 33c026a0 
00021e40: 340026a0 350026a0 344026a0 354026a0 
00021e50: 360026a0 370026a0 364026a0 374026a0 
00021e60: 348026a0 358026a0 34c026a0 35c026a0 
00021e70: 368026a0 378026a0 36c026a0 37c026a0 
00021e80: 300027a0 310027a0 304027a0 314027a0 
00021e90: 320027a0 330027a0 324027a0 334027a0 
00021ea0: 308027a0 318027a0 30c027a0 31c027a0 
00021eb0: 328027a0 338027a0 32c027a0 33c027a0 
00021ec0: 340027a0 350027a0 344027a0 354027a0 
00021ed0: 360027a0 370027a0 364027a0 374027a0 
00021ee0: 348027a0 358027a0 34c027a0 35c027a0 
00021ef0: 368027a0 378027a0 36c027a0 37c027a0 
00021f00: 380026a0 390026a0 384026a0 394026a0 
00021f10: 3a0026a0 3b0026a0 3a4026a0 3b4026a0 
00021f20: 388026a0 398026a0 38c026a0 39c026a0 
00021f30: 3a8026a0 3b8026a0 3ac026a0 3bc026a0 
00021f40: 3c0026a0 3d0026a0 3c4026a0 3d4026a0 
00021f50: 3e0026a0 3f0026a0 3e4026a0 3f4026a0 
00021f60: 3c8026a0 3d8026a0 3cc026a0 3dc026a0 
00021f70: 3e8026a0 3f8026a0 3ec026a0 3fc026a0 
00021f80: 380027a0 390027a0 384027a0 394027a0 
00021f90: 3a0027a0 3b0027a0 3a4027a0 3b4027a0 
00021fa0: 388027a0 398027a0 38c027a0 39c027a0 
00021fb0: 3a8027a0 3b8027a0 3ac027a0 3bc027a0 
00021fc0: 3c0027a0 3d0027a0 3c4027a0 3d4027a0 
00021fd0: 3e0027a0 3f0027a0 3e4027a0 3f4027a0 
00021fe0: 3c8027a0 3d8027a0 3cc027a0 3dc027a0 
00021ff0: 3e8027a0 3f8027a0 3ec027a0 3fc027a0 
00022000: 000028a0 010028a0 004028a0 014028a0 
00022010: 020028a0 030028a0 024028a0 034028a0 
00022020: 008028a0 018028a0 00c028a0 01c028a0 
00022030: 028028a0 038028a0 02c028a0 03c028a0 
00022040: 040028a0 050028a0 044028a0 054028a0 
00022050: 060028a0 070028a0 064028a0 074028a0 
00022060: 048028a0 058028a0 04c028a0 05c028a0 
00022070: 068028a0 078028a0 06c028a0 07c028a0 
00022080: 000029a0 010029a0 004029a0 014029a0 
00022090: 020029a0 030029a0 024029a0 034029a0 
000220a0: 008029a0 018029a0 00c029a0 01c029a0 
000220b0: 028029a0 038029a0 02c029a0 03c029a0 
000220c0: 040029a0 050029a0 044029a0 054029a0 
000220d0: 060029a0 070029a0 064029a0 074029a0 
000220e0: 048029a0 058029a0 04c029a0 05c029a0 
000220f0: 068029a0 078029a0 06c029a0 07c029a0 
00022100: 080028a0 090028a0 084028a0 094028a0 
00022110: 0a0028a0 0b0028a0 0a4028a0 0b4028a0 
00022120: 088028a0 098028a0 08c028a0 09c028a0 
00022130: 0a8028a0 0b8028a0 0ac028a0 0bc028a0 
00022140: 0c0028a0 0d0028a0 0c4028a0 0d4028a0 
00022150: 0e0028a0 0f0028a0 0e4028a0 0f4028a0 
00022160: 0c8028a0 0d8028a0 0cc028a0 0dc028a0 
00022170: 0e8028a0 0f8028a0 0ec028a0 0fc028a0 
00022180: 080029a0 090029a0 084029a0 094029a0 
00022190: 0a0029a0 0b0029a0 0a4029a0 0b4029a0 
000221a0: 088029a0 098029a0 08c029a0 09c029a0 
000221b0: 0a8029a0 0b8029a0 0ac029a0 0bc029a0 
000221c0: 0c0029a0 0d0029a0 0c4029a0 0d4029a0 
000221d0: 0e0029a0 0f0029a0 0e4029a0 0f4029a0 
000221e0: 0c8029a0 0d8029a0 0cc029a0 0dc029a0 
000221f0: 0e8029a0 0f8029a0 0ec029a0 0fc029a0 
00022200: 00002aa0 01002aa0 00402aa0 01402aa0 
00022210: 02002aa0 03002aa0 02402aa0 03402aa0 
00022220: 00802aa0 01802aa0 00c02aa0 01c02aa0 
00022230: 02802aa0 03802aa0 02c02aa0 03c02aa0 
00022240: 04002aa0 05002aa0 04402aa0 05402aa0 
00022250: 06002aa0 07002aa0 06402aa0 07402aa0 
00022260: 04802aa0 05802aa0 04c02aa0 05c02aa0 
00022270: 06802aa0 07802aa0 06c02aa0 07c02aa0 
00022280: 00002ba0 01002ba0 00402ba0 01402ba0 
00022290: 02002ba0 03002ba0 02402ba0 03402ba0 
000222a0: 00802ba0 01802ba0 00c02ba0 01c02ba0 
000222b0: 02802ba0 03802ba0 02c02ba0 03c02ba0 
000222c0: 04002ba0 05002ba0 04402ba0 05402ba0 
000222d0: 06002ba0 07002ba0 06402ba0 07402ba0 
000222e0: 04802ba0 05802ba0 04c02ba0 05c02ba0 
000222f0: 06802ba0 07802ba0 06c02ba0 07c02ba0 
00022300: 08002aa0 09002aa0 08402aa0 09402aa0 
00022310: 0a002aa0 0b002aa0 0a402aa0 0b402aa0 
00022320: 08802aa0 09802aa0 08c02aa0 09c02aa0 
00022330: 0a802aa0 0b802aa0 0ac02aa0 0bc02aa0 
00022340: 0c002aa0 0d002aa0 0c402aa0 0d402aa0 
00022350: 0e002aa0 0f002aa0 0e402aa0 0f402aa0 
00022360: 0c802aa0 0d802aa0 0cc02aa0 0dc02aa0 
00022370: 0e802aa0 0f802aa0 0ec02aa0 0fc02aa0 
00022380: 08002ba0 09002ba0 08402ba0 09402ba0 
00022390: 0a002ba0 0b002ba0 0a402ba0 0b402ba0 
000223a0: 08802ba0 09802ba0 08c02ba0 09c02ba0 
000223b0: 0a802ba0 0b802ba0 0ac02ba0 0bc02ba0 
000223c0: 0c002ba0 0d002ba0 0c402ba0 0d402ba0 
000223d0: 0e002ba0 0f002ba0 0e402ba0 0f402ba0 
000223e0: 0c802ba0 0d802ba0 0cc02ba0 0dc02ba0 
000223f0: 0e802ba0 0f802ba0 0ec02ba0 0fc02ba0 
00022400: 100028a0 110028a0 104028a0 114028a0 
00022410: 120028a0 130028a0 124028a0 134028a0 
00022420: 108028a0 118028a0 10c028a0 11c028a0 
00022430: 128028a0 138028a0 12c028a0 13c028a0 
00022440: 140028a0 150028a0 144028a0 154028a0 
00022450: 160028a0 170028a0 164028a0 174028a0 
00022460: 148028a0 158028a0 14c028a0 15c028a0 
00022470: 168028a0 178028a0 16c028a0 17c028a0 
00022480: 100029a0 110029a0 104029a0 114029a0 
00022490: 120029a0 130029a0 124029a0 134029a0 
000224a0: 108029a0 118029a0 10c029a0 11c029a0 
000224b0: 128029a0 138029a0 12c029a0 13c029a0 
000224c0: 140029a0 150029a0 144029a0 154029a0 
000224d0: 160029a0 170029a0 164029a0 174029a0 
000224e0: 148029a0 158029a0 14c029a0 15c029a0 
000224f0: 168029a0 178029a0 16c029a0 17c029a0 
00022500: 180028a0 190028a0 184028a0 194028a0 
00022510: 1a0028a0 1b0028a0 1a4028a0 1b4028a0 
00022520: 188028a0 198028a0 18c028a0 19c028a0 
00022530: 1a8028a0 1b8028a0 1ac028a0 1bc028a0 
00022540: 1c0028a0 1d0028a0 1c4028a0 1d4028a0 
00022550: 1e0028a0 1f0028a0 1e4028a0 1f4028a0 
00022560: 1c8028a0 1d8028a0 1cc028a0 1dc028a0 
00022570: 1e8028a0 1f8028a0 1ec028a0 1fc028a0 
00022580: 180029a0 190029a0 184029a0 194029a0 
00022590: 1a0029a0 1b0029a0 1a4029a0 1b4029a0 
000225a0: 188029a0 198029a0 18c029a0 19c029a0 
000225b0: 1a8029a0 1b8029a0 1ac029a0 1bc029a0 
000225c0: 1c0029a0 1d0029a0 1c4029a0 1d4029a0 
000225d0: 1e0029a0 1f0029a0 1e4029a0 1f4029a0 
000225e0: 1c8029a0 1d8029a0 1cc029a0 1dc029a0 
000225f0: 1e8029a0 1f8029a0 1ec029a0 1fc029a0 
00022600: 10002aa0 11002aa0 10402aa0 11402aa0 
00022610: 12002aa0 13002aa0 12402aa0 13402aa0 
00022620: 10802aa0 11802aa0 10c02aa0 11c02aa0 
00022630: 12802aa0 13802aa0 12c02aa0 13c02aa0 
00022640: 14002aa0 15002aa0 14402aa0 15402aa0 
00022650: 16002aa0 17002aa0 16402aa0 17402aa0 
00022660: 14802aa0 15802aa0 14c02aa0 15c02aa0 
00022670: 16802aa0 17802aa0 16c02aa0 17c02aa0 
00022680: 10002ba0 11002ba0 10402ba0 11402ba0 
00022690: 12002ba0 13002ba0 12402ba0 13402ba0 
000226a0: 10802ba0 11802ba0 10c02ba0 11c02ba0 
000226b0: 12802ba0 13802ba0 12c02ba0 13c02ba0 
000226c0: 14002ba0 15002ba0 14402ba0 15402ba0 
000226d0: 16002ba0 17002ba0 16402ba0 17402ba0 
000226e0: 14802ba0 15802ba0 14c02ba0 15c02ba0 
000226f0: 16802ba0 17802ba0 16c02ba0 17c02ba0 
00022700: 18002aa0 19002aa0 18402aa0 19402aa0 
00022710: 1a002aa0 1b002aa0 1a402aa0 1b402aa0 
00022720: 18802aa0 19802aa0 18c02aa0 19c02aa0 
00022730: 1a802aa0 1b802aa0 1ac02aa0 1bc02aa0 
00022740: 1c002aa0 1d002aa0 1c402aa0 1d402aa0 
00022750: 1e002aa0 1f002aa0 1e402aa0 1f402aa0 
00022760: 1c802aa0 1d802aa0 1cc02aa0 1dc02aa0 
00022770: 1e802aa0 1f802aa0 1ec02aa0 1fc02aa0 
00022780: 18002ba0 19002ba0 18402ba0 19402ba0 
00022790: 1a002ba0 1b002ba0 1a402ba0 1b402ba0 
000227a0: 18802ba0 19802ba0 18c02ba0 19c02ba0 
000227b0: 1a802ba0 1b802ba0 1ac02ba0 1bc02ba0 
000227c0: 1c002ba0 1d002ba0 1c402ba0 1d402ba0 
000227d0: 1e002ba0 1f002ba0 1e402ba0 1f402ba0 
000227e0: 1c802ba0 1d802ba0 1cc02ba0 1dc02ba0 
000227f0: 1e802ba0 1f802ba0 1ec02ba0 1fc02ba0 
00022800: 00002ca0 01002ca0 00402ca0 01402ca0 
00022810: 02002ca0 03002ca0 02402ca0 03402ca0 
00022820: 00802ca0 01802ca0 00c02ca0 01c02ca0 
00022830: 02802ca0 03802ca0 02c02ca0 03c02ca0 
00022840: 04002ca0 05002ca0 04402ca0 05402ca0 
00022850: 06002ca0 07002ca0 06402ca0 07402ca0 
00022860: 04802ca0 05802ca0 04c02ca0 05c02ca0 
00022870: 06802ca0 07802ca0 06c02ca0 07c02ca0 
00022880: 00002da0 01002da0 00402da0 01402da0 
00022890: 02002da0 03002da0 02402da0 03402da0 
000228a0: 00802da0 01802da0 00c02da0 01c02da0 
000228b0: 02802da0 03802da0 02c02da0 03c02da0 
000228c0: 04002da0 05002da0 04402da0 05402da0 
000228d0: 06002da0 07002da0 06402da0 07402da0 
000228e0: 04802da0 05802da0 04c02da0 05c02da0 
000228f0: 06802da0 07802da0 06c02da0 07c02da0 
00022900: 08002ca0 09002ca0 08402ca0 09402ca0 
00022910: 0a002ca0 0b002ca0 0a402ca0 0b402ca0 
00022920: 08802ca0 09802ca0 08c02ca0 09c02ca0 
00022930: 0a802ca0 0b802ca0 0ac02ca0 0bc02ca0 
00022940: 0c002ca0 0d002ca0 0c402ca0 0d402ca0 
00022950: 0e002ca0 0f002ca0 0e402ca0 0f402ca0 
00022960: 0c802ca0 0d802ca0 0cc02ca0 0dc02ca0 
00022970: 0e802ca0 0f802ca0 0ec02ca0 0fc02ca0 
00022980: 08002da0 09002da0 08402da0 09402da0 
00022990: 0a002da0 0b002da0 0a402da0 0b402da0 
000229a0: 08802da0 09802da0 08c02da0 09c02da0 
000229b0: 0a802da0 0b802da0 0ac02da0 0bc02da0 
000229c0: 0c002da0 0d002da0 0c402da0 0d402da0 
000229d0: 0e002da0 0f002da0 0e402da0 0f402da0 
000229e0: 0c802da0 0d802da0 0cc02da0 0dc02da0 
000229f0: 0e802da0 0f802da0 0ec02da0 0fc02da0 
00022a00: 00002ea0 01002ea0 00402ea0 01402ea0 
00022a10: 02002ea0 03002ea0 02402ea0 03402ea0 
00022a20: 00802ea0 01802ea0 00c02ea0 01c02ea0 
00022a30: 02802ea0 03802ea0 02c02ea0 03c02ea0 
00022a40: 04002ea0 05002ea0 04402ea0 05402ea0 
00022a50: 06002ea0 07002ea0 06402ea0 07402ea0 
00022a60: 04802ea0 05802ea0 04c02ea0 05c02ea0 
00022a70: 06802ea0 07802ea0 06c02ea0 07c02ea0 
00022a80: 00002fa0 01002fa0 00402fa0 01402fa0 
00022a90: 02002fa0 03002fa0 02402fa0 03402fa0 
00022aa0: 00802fa0 01802fa0 00c02fa0 01c02fa0 
00022ab0: 02802fa0 03802fa0 02c02fa0 03c02fa0 
00022ac0: 04002fa0 05002fa0 04402fa0 05402fa0 
00022ad0: 06002fa0 07002fa0 06402fa0 07402fa0 
00022ae0: 04802fa0 05802fa0 04c02fa0 05c02fa0 
00022af0: 06802fa0 07802fa0 06c02fa0 07c02fa0 
00022b00: 08002ea0 09002ea0 08402ea0 09402ea0 
00022b10: 0a002ea0 0b002ea0 0a402ea0 0b402ea0 
00022b20: 08802ea0 09802ea0 08c02ea0 09c02ea0 
00022b30: 0a802ea0 0b802ea0 0ac02ea0 0bc02ea0 
00022b40: 0c002ea0 0d002ea0 0c402ea0 0d402ea0 
00022b50: 0e002ea0 0f002ea0 0e402ea0 0f402ea0 
00022b60: 0c802ea0 0d802ea0 0cc02ea0 0dc02ea0 
00022b70: 0e802ea0 0f802ea0 0ec02ea0 0fc02ea0 
00022b80: 08002fa0 09002fa0 08402fa0 09402fa0 
00022b90: 0a002fa0 0b002fa0 0a402fa0 0b402fa0 
00022ba0: 08802fa0 09802fa0 08c02fa0 09c02fa0 
00022bb0: 0a802fa0 0b802fa0 0ac02fa0 0bc02fa0 
00022bc0: 0c002fa0 0d002fa0 0c402fa0 0d402fa0 
00022bd0: 0e002fa0 0f002fa0 0e402fa0 0f402fa0 
00022be0: 0c802fa0 0d802fa0 0cc02fa0 0dc02fa0 
00022bf0: 0e802fa0 0f802fa0 0ec02fa0 0fc02fa0 
00022c00: 10002ca0 11002ca0 10402ca0 11402ca0 
00022c10: 12002ca0 13002ca0 12402ca0 13402ca0 
00022c20: 10802ca0 11802ca0 10c02ca0 11c02ca0 
00022c30: 12802ca0 13802ca0 12c02ca0 13c02ca0 
00022c40: 14002ca0 15002ca0 14402ca0 15402ca0 
00022c50: 16002ca0 17002ca0 16402ca0 17402ca0 
00022c60: 14802ca0 15802ca0 14c02ca0 15c02ca0 
00022c70: 16802ca0 17802ca0 16c02ca0 17c02ca0 
00022c80: 10002da0 11002da0 10402da0 11402da0 
00022c90: 12002da0 13002da0 12402da0 13402da0 
00022ca0: 10802da0 11802da0 10c02da0 11c02da0 
00022cb0: 12802da0 13802da0 12c02da0 13c02da0 
00022cc0: 14002da0 15002da0 14402da0 15402da0 
00022cd0: 16002da0 17002da0 16402da0 17402da0 
00022ce0: 14802da0 15802da0 14c02da0 15c02da0 
00022cf0: 16802da0 17802da0 16c02da0 17c02da0 
00022d00: 18002ca0 19002ca0 18402ca0 19402ca0 
00022d10: 1a002ca0 1b002ca0 1a402ca0 1b402ca0 
00022d20: 18802ca0 19802ca0 18c02ca0 19c02ca0 
00022d30: 1a802ca0 1b802ca0 1ac02ca0 1bc02ca0 
00022d40: 1c002ca0 1d002ca0 1c402ca0 1d402ca0 
00022d50: 1e002ca0 1f002ca0 1e402ca0 1f402ca0 
00022d60: 1c802ca0 1d802ca0 1cc02ca0 1dc02ca0 
00022d70: 1e802ca0 1f802ca0 1ec02ca0 1fc02ca0 
00022d80: 18002da0 19002da0 18402da0 19402da0 
00022d90: 1a002da0 1b002da0 1a402da0 1b402da0 
00022da0: 18802da0 19802da0 18c02da0 19c02da0 
00022db0: 1a802da0 1b802da0 1ac02da0 1bc02da0 
00022dc0: 1c002da0 1d002da0 1c402da0 1d402da0 
00022dd0: 1e002da0 1f002da0 1e402da0 1f402da0 
00022de0: 1c802da0 1d802da0 1cc02da0 1dc02da0 
00022df0: 1e802da0 1f802da0 1ec02da0 1fc02da0 
00022e00: 10002ea0 11002ea0 10402ea0 11402ea0 
00022e10: 12002ea0 13002ea0 12402ea0 13402ea0 
00022e20: 10802ea0 11802ea0 10c02ea0 11c02ea0 
00022e30: 12802ea0 13802ea0 12c02ea0 13c02ea0 
00022e40: 14002ea0 15002ea0 14402ea0 15402ea0 
00022e50: 16002ea0 17002ea0 16402ea0 17402ea0 
00022e60: 14802ea0 15802ea0 14c02ea0 15c02ea0 
00022e70: 16802ea0 17802ea0 16c02ea0 17c02ea0 
00022e80: 10002fa0 11002fa0 10402fa0 11402fa0 
00022e90: 12002fa0 13002fa0 12402fa0 13402fa0 
00022ea0: 10802fa0 11802fa0 10c02fa0 11c02fa0 
00022eb0: 12802fa0 13802fa0 12c02fa0 13c02fa0 
00022ec0: 14002fa0 15002fa0 14402fa0 15402fa0 
00022ed0: 16002fa0 17002fa0 16402fa0 17402fa0 
00022ee0: 14802fa0 15802fa0 14c02fa0 15c02fa0 
00022ef0: 16802fa0 17802fa0 16c02fa0 17c02fa0 
00022f00: 18002ea0 19002ea0 18402ea0 19402ea0 
00022f10: 1a002ea0 1b002ea0 1a402ea0 1b402ea0 
00022f20: 18802ea0 19802ea0 18c02ea0 19c02ea0 
00022f30: 1a802ea0 1b802ea0 1ac02ea0 1bc02ea0 
00022f40: 1c002ea0 1d002ea0 1c402ea0 1d402ea0 
00022f50: 1e002ea0 1f002ea0 1e402ea0 1f402ea0 
00022f60: 1c802ea0 1d802ea0 1cc02ea0 1dc02ea0 
00022f70: 1e802ea0 1f802ea0 1ec02ea0 1fc02ea0 
00022f80: 18002fa0 19002fa0 18402fa0 19402fa0 
00022f90: 1a002fa0 1b002fa0 1a402fa0 1b402fa0 
00022fa0: 18802fa0 19802fa0 18c02fa0 19c02fa0 
00022fb0: 1a802fa0 1b802fa0 1ac02fa0 1bc02fa0 
00022fc0: 1c002fa0 1d002fa0 1c402fa0 1d402fa0 
00022fd0: 1e002fa0 1f002fa0 1e402fa0 1f402fa0 
00022fe0: 1c802fa0 1d802fa0 1cc02fa0 1dc02fa0 
00022ff0: 1e802fa0 1f802fa0 1ec02fa0 1fc02fa0 
00023000: 200028a0 210028a0 204028a0 214028a0 
00023010: 220028a0 230028a0 224028a0 234028a0 
00023020: 208028a0 218028a0 20c028a0 21c028a0 
00023030: 228028a0 238028a0 22c028a0 23c028a0 
00023040: 240028a0 250028a0 244028a0 254028a0 
00023050: 260028a0 270028a0 264028a0 274028a0 
00023060: 248028a0 258028a0 24c028a0 25c028a0 
00023070: 268028a0 278028a0 26c028a0 27c028a0 
00023080: 200029a0 210029a0 204029a0 214029a0 
00023090: 220029a0 230029a0 224029a0 234029a0 
000230a0: 208029a0 218029a0 20c029a0 21c029a0 
000230b0: 228029a0 238029a0 22c029a0 23c029a0 
000230c0: 240029a0 250029a0 244029a0 254029a0 
000230d0: 260029a0 270029a0 264029a0 274029a0 
000230e0: 248029a0 258029a0 24c029a0 25c029a0 
000230f0: 268029a0 278029a0 26c029a0 27c029a0 
00023100: 280028a0 290028a0 284028a0 294028a0 
00023110: 2a0028a0 2b0028a0 2a4028a0 2b4028a0 
00023120: 288028a0 298028a0 28c028a0 29c028a0 
00023130: 2a8028a0 2b8028a0 2ac028a0 2bc028a0 
00023140: 2c0028a0 2d0028a0 2c4028a0 2d4028a0 
00023150: 2e0028a0 2f0028a0 2e4028a0 2f4028a0 
00023160: 2c8028a0 2d8028a0 2cc028a0 2dc028a0 
00023170: 2e8028a0 2f8028a0 2ec028a0 2fc028a0 
00023180: 280029a0 290029a0 284029a0 294029a0 
00023190: 2a0029a0 2b0029a0 2a4029a0 2b4029a0 
000231a0: 288029a0 298029a0 28c029a0 29c029a0 
000231b0: 2a8029a0 2b8029a0 2ac029a0 2bc029a0 
000231c0: 2c0029a0 2d0029a0 2c4029a0 2d4029a0 
000231d0: 2e0029a0 2f0029a0 2e4029a0 2f4029a0 
000231e0: 2c8029a0 2d8029a0 2cc029a0 2dc029a0 
000231f0: 2e8029a0 2f8029a0 2ec029a0 2fc029a0 
00023200: 20002aa0 21002aa0 20402aa0 21402aa0 
00023210: 22002aa0 23002aa0 22402aa0 23402aa0 
00023220: 20802aa0 21802aa0 20c02aa0 21c02aa0 
00023230: 22802aa0 23802aa0 22c02aa0 23c02aa0 
00023240: 24002aa0 25002aa0 24402aa0 25402aa0 
00023250: 26002aa0 27002aa0 26402aa0 27402aa0 
00023260: 24802aa0 25802aa0 24c02aa0 25c02aa0 
00023270: 26802aa0 27802aa0 26c02aa0 27c02aa0 
00023280: 20002ba0 21002ba0 20402ba0 21402ba0 
00023290: 22002ba0 23002ba0 22402ba0 23402ba0 
000232a0: 20802ba0 21802ba0 20c02ba0 21c02ba0 
000232b0: 22802ba0 23802ba0 22c02ba0 23c02ba0 
000232c0: 24002ba0 25002ba0 24402ba0 25402ba0 
000232d0: 26002ba0 27002ba0 26402ba0 27402ba0 
000232e0: 24802ba0 25802ba0 24c02ba0 25c02ba0 
000232f0: 26802ba0 27802ba0 26c02ba0 27c02ba0 
00023300: 28002aa0 29002aa0 28402aa0 29402aa0 
00023310: 2a002aa0 2b002aa0 2a402aa0 2b402aa0 
00023320: 28802aa0 29802aa0 28c02aa0 29c02aa0 
00023330: 2a802aa0 2b802aa0 2ac02aa0 2bc02aa0 
00023340: 2c002aa0 2d002aa0 2c402aa0 2d402aa0 
00023350: 2e002aa0 2f002aa0 2e402aa0 2f402aa0 
00023360: 2c802aa0 2d802aa0 2cc02aa0 2dc02aa0 
00023370: 2e802aa0 2f802aa0 2ec02aa0 2fc02aa0 
00023380: 28002ba0 29002ba0 28402ba0 29402ba0 
00023390: 2a002ba0 2b002ba0 2a402ba0 2b402ba0 
000233a0: 28802ba0 29802ba0 28c02ba0 29c02ba0 
000233b0: 2a802ba0 2b802ba0 2ac02ba0 2bc02ba0 
000233c0: 2c002ba0 2d002ba0 2c402ba0 2d402ba0 
000233d0: 2e002ba0 2f002ba0 2e402ba0 2f402ba0 
000233e0: 2c802ba0 2d802ba0 2cc02ba0 2dc02ba0 
000233f0: 2e802ba0 2f802ba0 2ec02ba0 2fc02ba0 
00023400: 300028a0 310028a0 304028a0 314028a0 
00023410: 320028a0 330028a0 324028a0 334028a0 
00023420: 308028a0 318028a0 30c028a0 31c028a0 
00023430: 328028a0 338028a0 32c028a0 33c028a0 
00023440: 340028a0 350028a0 344028a0 354028a0 
00023450: 360028a0 370028a0 364028a0 374028a0 
00023460: 348028a0 358028a0 34c028a0 35c028a0 
00023470: 368028a0 378028a0 36c028a0 37c028a0 
00023480: 300029a0 310029a0 304029a0 314029a0 
00023490: 320029a0 330029a0 324029a0 334029a0 
000234a0: 308029a0 318029a0 30c029a0 31c029a0 
000234b0: 328029a0 338029a0 32c029a0 33c029a0 
000234c0: 340029a0 350029a0 344029a0 354029a0 
000234d0: 360029a0 370029a0 364029a0 374029a0 
000234e0: 348029a0 358029a0 34c029a0 35c029a0 
000234f0: 368029a0 378029a0 36c029a0 37c029a0 
00023500: 380028a0 390028a0 384028a0 394028a0 
00023510: 3a0028a0 3b0028a0 3a4028a0 3b4028a0 
00023520: 388028a0 398028a0 38c028a0 39c028a0 
00023530: 3a8028a0 3b8028a0 3ac028a0 3bc028a0 
00023540: 3c0028a0 3d0028a0 3c4028a0 3d4028a0 
00023550: 3e0028a0 3f0028a0 3e4028a0 3f4028a0 
00023560: 3c8028a0 3d8028a0 3cc028a0 3dc028a0 
00023570: 3e8028a0 3f8028a0 3ec028a0 3fc028a0 
00023580: 380029a0 390029a0 384029a0 394029a0 
00023590: 3a0029a0 3b0029a0 3a4029a0 3b4029a0 
000235a0: 388029a0 398029a0 38c029a0 39c029a0 
000235b0: 3a8029a0 3b8029a0 3ac029a0 3bc029a0 
000235c0: 3c0029a0 3d0029a0 3c4029a0 3d4029a0 
000235d0: 3e0029a0 3f0029a0 3e4029a0 3f4029a0 
000235e0: 3c8029a0 3d8029a0 3cc029a0 3dc029a0 
000235f0: 3e8029a0 3f8029a0 3ec029a0 3fc029a0 
00023600: 30002aa0 31002aa0 30402aa0 31402aa0 
00023610: 32002aa0 33002aa0 32402aa0 33402aa0 
00023620: 30802aa0 31802aa0 30c02aa0 31c02aa0 
00023630: 32802aa0 33802aa0 32c02aa0 33c02aa0 
00023640: 34002aa0 35002aa0 34402aa0 35402aa0 
00023650: 36002aa0 37002aa0 36402aa0 37402aa0 
00023660: 34802aa0 35802aa0 34c02aa0 35c02aa0 
00023670: 36802aa0 37802aa0 36c02aa0 37c02aa0 
00023680: 30002ba0 31002ba0 30402ba0 31402ba0 
00023690: 32002ba0 33002ba0 32402ba0 33402ba0 
000236a0: 30802ba0 31802ba0 30c02ba0 31c02ba0 
000236b0: 32802ba0 33802ba0 32c02ba0 33c02ba0 
000236c0: 34002ba0 35002ba0 34402ba0 35402ba0 
000236d0: 36002ba0 37002ba0 36402ba0 37402ba0 
000236e0: 34802ba0 35802ba0 34c02ba0 35c02ba0 
000236f0: 36802ba0 37802ba0 36c02ba0 37c02ba0 
00023700: 38002aa0 39002aa0 38402aa0 39402aa0 
00023710: 3a002aa0 3b002aa0 3a402aa0 3b402aa0 
00023720: 38802aa0 39802aa0 38c02aa0 39c02aa0 
00023730: 3a802aa0 3b802aa0 3ac02aa0 3bc02aa0 
00023740: 3c002aa0 3d002aa0 3c402aa0 3d402aa0 
00023750: 3e002aa0 3f002aa0 3e402aa0 3f402aa0 
00023760: 3c802aa0 3d802aa0 3cc02aa0 3dc02aa0 
00023770: 3e802aa0 3f802aa0 3ec02aa0 3fc02aa0 
00023780: 38002ba0 39002ba0 38402ba0 39402ba0 
00023790: 3a002ba0 3b002ba0 3a402ba0 3b402ba0 
000237a0: 38802ba0 39802ba0 38c02ba0 39c02ba0 
000237b0: 3a802ba0 3b802ba0 3ac02ba0 3bc02ba0 
000237c0: 3c002ba0 3d002ba0 3c402ba0 3d402ba0 
000237d0: 3e002ba0 3f002ba0 3e402ba0 3f402ba0 
000237e0: 3c802ba0 3d802ba0 3cc02ba0 3dc02ba0 
000237f0: 3e802ba0 3f802ba0 3ec02ba0 3fc02ba0 
00023800: 20002ca0 21002ca0 20402ca0 21402ca0 
00023810: 22002ca0 23002ca0 22402ca0 23402ca0 
00023820: 20802ca0 21802ca0 20c02ca0 21c02ca0 
00023830: 22802ca0 23802ca0 22c02ca0 23c02ca0 
00023840: 24002ca0 25002ca0 24402ca0 25402ca0 
00023850: 26002ca0 27002ca0 26402ca0 27402ca0 
00023860: 24802ca0 25802ca0 24c02ca0 25c02ca0 
00023870: 26802ca0 27802ca0 26c02ca0 27c02ca0 
00023880: 20002da0 21002da0 20402da0 21402da0 
00023890: 22002da0 23002da0 22402da0 23402da0 
000238a0: 20802da0 21802da0 20c02da0 21c02da0 
000238b0: 22802da0 23802da0 22c02da0 23c02da0 
000238c0: 24002da0 25002da0 24402da0 25402da0 
000238d0: 26002da0 27002da0 26402da0 27402da0 
000238e0: 24802da0 25802da0 24c02da0 25c02da0 
000238f0: 26802da0 27802da0 26c02da0 27c02da0 
00023900: 28002ca0 29002ca0 28402ca0 29402ca0 
00023910: 2a002ca0 2b002ca0 2a402ca0 2b402ca0 
00023920: 28802ca0 29802ca0 28c02ca0 29c02ca0 
00023930: 2a802ca0 2b802ca0 2ac02ca0 2bc02ca0 
00023940: 2c002ca0 2d002ca0 2c402ca0 2d402ca0 
00023950: 2e002ca0 2f002ca0 2e402ca0 2f402ca0 
00023960: 2c802ca0 2d802ca0 2cc02ca0 2dc02ca0 
00023970: 2e802ca0 2f802ca0 2ec02ca0 2fc02ca0 
00023980: 28002da0 29002da0 28402da0 29402da0 
00023990: 2a002da0 2b002da0 2a402da0 2b402da0 
000239a0: 28802da0 29802da0 28c02da0 29c02da0 
000239b0: 2a802da0 2b802da0 2ac02da0 2bc02da0 
000239c0: 2c002da0 2d002da0 2c402da0 2d402da0 
000239d0: 2e002da0 2f002da0 2e402da0 2f402da0 
000239e0: 2c802da0 2d802da0 2cc02da0 2dc02da0 
000239f0: 2e802da0 2f802da0 2ec02da0 2fc02da0 
00023a00: 20002ea0 21002ea0 20402ea0 21402ea0 
00023a10: 22002ea0 23002ea0 22402ea0 23402ea0 
00023a20: 20802ea0 21802ea0 20c02ea0 21c02ea0 
00023a30: 22802ea0 23802ea0 22c02ea0 23c02ea0 
00023a40: 24002ea0 25002ea0 24402ea0 25402ea0 
00023a50: 26002ea0 27002ea0 26402ea0 27402ea0 
00023a60: 24802ea0 25802ea0 24c02ea0 25c02ea0 
00023a70: 26802ea0 27802ea0 26c02ea0 27c02ea0 
00023a80: 20002fa0 21002fa0 20402fa0 21402fa0 
00023a90: 22002fa0 23002fa0 22402fa0 23402fa0 
00023aa0: 20802fa0 21802fa0 20c02fa0 21c02fa0 
00023ab0: 22802fa0 23802fa0 22c02fa0 23c02fa0 
00023ac0: 24002fa0 25002fa0 24402fa0 25402fa0 
00023ad0: 26002fa0 27002fa0 26402fa0 27402fa0 
00023ae0: 24802fa0 25802fa0 24c02fa0 25c02fa0 
00023af0: 26802fa0 27802fa0 26c02fa0 27c02fa0 
00023b00: 28002ea0 29002ea0 28402ea0 29402ea0 
00023b10: 2a002ea0 2b002ea0 2a402ea0 2b402ea0 
00023b20: 28802ea0 29802ea0 28c02ea0 29c02ea0 
00023b30: 2a802ea0 2b802ea0 2ac02ea0 2bc02ea0 
00023b40: 2c002ea0 2d002ea0 2c402ea0 2d402ea0 
00023b50: 2e002ea0 2f002ea0 2e402ea0 2f402ea0 
00023b60: 2c802ea0 2d802ea0 2cc02ea0 2dc02ea0 
00023b70: 2e802ea0 2f802ea0 2ec02ea0 2fc02ea0 
00023b80: 28002fa0 29002fa0 28402fa0 29402fa0 
00023b90: 2a002fa0 2b002fa0 2a402fa0 2b402fa0 
00023ba0: 28802fa0 29802fa0 28c02fa0 29c02fa0 
00023bb0: 2a802fa0 2b802fa0 2ac02fa0 2bc02fa0 
00023bc0: 2c002fa0 2d002fa0 2c402fa0 2d402fa0 
00023bd0: 2e002fa0 2f002fa0 2e402fa0 2f402fa0 
00023be0: 2c802fa0 2d802fa0 2cc02fa0 2dc02fa0 
00023bf0: 2e802fa0 2f802fa0 2ec02fa0 2fc02fa0 
00023c00: 30002ca0 31002ca0 30402ca0 31402ca0 
00023c10: 32002ca0 33002ca0 32402ca0 33402ca0 
00023c20: 30802ca0 31802ca0 30c02ca0 31c02ca0 
00023c30: 32802ca0 33802ca0 32c02ca0 33c02ca0 
00023c40: 34002ca0 35002ca0 34402ca0 35402ca0 
00023c50: 36002ca0 37002ca0 36402ca0 37402ca0 
00023c60: 34802ca0 35802ca0 34c02ca0 35c02ca0 
00023c70: 36802ca0 37802ca0 36c02ca0 37c02ca0 
00023c80: 30002da0 31002da0 30402da0 31402da0 
00023c90: 32002da0 33002da0 32402da0 33402da0 
00023ca0: 30802da0 31802da0 30c02da0 31c02da0 
00023cb0: 32802da0 33802da0 32c02da0 33c02da0 
00023cc0: 34002da0 35002da0 34402da0 35402da0 
00023cd0: 36002da0 37002da0 36402da0 37402da0 
00023ce0: 34802da0 35802da0 34c02da0 35c02da0 
00023cf0: 36802da0 37802da0 36c02da0 37c02da0 
00023d00: 38002ca0 39002ca0 38402ca0 39402ca0 
00023d10: 3a002ca0 3b002ca0 3a402ca0 3b402ca0 
00023d20: 38802ca0 39802ca0 38c02ca0 39c02ca0 
00023d30: 3a802ca0 3b802ca0 3ac02ca0 3bc02ca0 
00023d40: 3c002ca0 3d002ca0 3c402ca0 3d402ca0 
00023d50: 3e002ca0 3f002ca0 3e402ca0 3f402ca0 
00023d60: 3c802ca0 3d802ca0 3cc02ca0 3dc02ca0 
00023d70: 3e802ca0 3f802ca0 3ec02ca0 3fc02ca0 
00023d80: 38002da0 39002da0 38402da0 39402da0 
00023d90: 3a002da0 3b002da0 3a402da0 3b402da0 
00023da0: 38802da0 39802da0 38c02da0 39c02da0 
00023db0: 3a802da0 3b802da0 3ac02da0 3bc02da0 
00023dc0: 3c002da0 3d002da0 3c402da0 3d402da0 
00023dd0: 3e002da0 3f002da0 3e402da0 3f402da0 
00023de0: 3c802da0 3d802da0 3cc02da0 3dc02da0 
00023df0: 3e802da0 3f802da0 3ec02da0 3fc02da0 
00023e00: 30002ea0 31002ea0 30402ea0 31402ea0 
00023e10: 32002ea0 33002ea0 32402ea0 33402ea0 
00023e20: 30802ea0 31802ea0 30c02ea0 31c02ea0 
00023e30: 32802ea0 33802ea0 32c02ea0 33c02ea0 
00023e40: 34002ea0 35002ea0 34402ea0 35402ea0 
00023e50: 36002ea0 37002ea0 36402ea0 37402ea0 
00023e60: 34802ea0 35802ea0 34c02ea0 35c02ea0 
00023e70: 36802ea0 37802ea0 36c02ea0 37c02ea0 
00023e80: 30002fa0 31002fa0 30402fa0 31402fa0 
00023e90: 32002fa0 33002fa0 32402fa0 33402fa0 
00023ea0: 30802fa0 31802fa0 30c02fa0 31c02fa0 
00023eb0: 32802fa0 33802fa0 32c02fa0 33c02fa0 
00023ec0: 34002fa0 35002fa0 34402fa0 35402fa0 
00023ed0: 36002fa0 37002fa0 36402fa0 37402fa0 
00023ee0: 34802fa0 35802fa0 34c02fa0 35c02fa0 
00023ef0: 36802fa0 37802fa0 36c02fa0 37c02fa0 
00023f00: 38002ea0 39002ea0 38402ea0 39402ea0 
00023f10: 3a002ea0 3b002ea0 3a402ea0 3b402ea0 
00023f20: 38802ea0 39802ea0 38c02ea0 39c02ea0 
00023f30: 3a802ea0 3b802ea0 3ac02ea0 3bc02ea0 
00023f40: 3c002ea0 3d002ea0 3c402ea0 3d402ea0 
00023f50: 3e002ea0 3f002ea0 3e402ea0 3f402ea0 
00023f60: 3c802ea0 3d802ea0 3cc02ea0 3dc02ea0 
00023f70: 3e802ea0 3f802ea0 3ec02ea0 3fc02ea0 
00023f80: 38002fa0 39002fa0 38402fa0 39402fa0 
00023f90: 3a002fa0 3b002fa0 3a402fa0 3b402fa0 
00023fa0: 38802fa0 39802fa0 38c02fa0 39c02fa0 
00023fb0: 3a802fa0 3b802fa0 3ac02fa0 3bc02fa0 
00023fc0: 3c002fa0 3d002fa0 3c402fa0 3d402fa0 
00023fd0: 3e002fa0 3f002fa0 3e402fa0 3f402fa0 
00023fe0: 3c802fa0 3d802fa0 3cc02fa0 3dc02fa0 
00023ff0: 3e802fa0 3f802fa0 3ec02fa0 3fc02fa0 
00024000: 400020a0 410020a0 404020a0 414020a0 
00024010: 420020a0 430020a0 424020a0 434020a0 
00024020: 408020a0 418020a0 40c020a0 41c020a0 
00024030: 428020a0 438020a0 42c020a0 43c020a0 
00024040: 440020a0 450020a0 444020a0 454020a0 
00024050: 460020a0 470020a0 464020a0 474020a0 
00024060: 448020a0 458020a0 44c020a0 45c020a0 
00024070: 468020a0 478020a0 46c020a0 47c020a0 
00024080: 400021a0 410021a0 404021a0 414021a0 
00024090: 420021a0 430021a0 424021a0 434021a0 
000240a0: 408021a0 418021a0 40c021a0 41c021a0 
000240b0: 428021a0 438021a0 42c021a0 43c021a0 
000240c0: 440021a0 450021a0 444021a0 454021a0 
000240d0: 460021a0 470021a0 464021a0 474021a0 
000240e0: 448021a0 458021a0 44c021a0 45c021a0 
000240f0: 468021a0 478021a0 46c021a0 47c021a0 
00024100: 480020a0 490020a0 484020a0 494020a0 
00024110: 4a0020a0 4b0020a0 4a4020a0 4b4020a0 
00024120: 488020a0 498020a0 48c020a0 49c020a0 
00024130: 4a8020a0 4b8020a0 4ac020a0 4bc020a0 
00024140: 4c0020a0 4d0020a0 4c4020a0 4d4020a0 
00024150: 4e0020a0 4f0020a0 4e4020a0 4f4020a0 
00024160: 4c8020a0 4d8020a0 4cc020a0 4dc020a0 
00024170: 4e8020a0 4f8020a0 4ec020a0 4fc020a0 
00024180: 480021a0 490021a0 484021a0 494021a0 
00024190: 4a0021a0 4b0021a0 4a4021a0 4b4021a0 
000241a0: 488021a0 498021a0 48c021a0 49c021a0 
000241b0: 4a8021a0 4b8021a0 4ac021a0 4bc021a0 
000241c0: 4c0021a0 4d0021a0 4c4021a0 4d4021a0 
000241d0: 4e0021a0 4f0021a0 4e4021a0 4f4021a0 
000241e0: 4c8021a0 4d8021a0 4cc021a0 4dc021a0 
000241f0: 4e8021a0 4f8021a0 4ec021a0 4fc021a0 
00024200: 400022a0 410022a0 404022a0 414022a0 
00024210: 420022a0 430022a0 424022a0 434022a0 
00024220: 408022a0 418022a0 40c022a0 41c022a0 
00024230: 428022a0 438022a0 42c022a0 43c022a0 
00024240: 440022a0 450022a0 444022a0 454022a0 
00024250: 460022a0 470022a0 464022a0 474022a0 
00024260: 448022a0 458022a0 44c022a0 45c022a0 
00024270: 468022a0 478022a0 46c022a0 47c022a0 
00024280: 400023a0 410023a0 404023a0 414023a0 
00024290: 420023a0 430023a0 424023a0 434023a0 
000242a0: 408023a0 418023a0 40c023a0 41c023a0 
000242b0: 428023a0 438023a0 42c023a0 43c023a0 
000242c0: 440023a0 450023a0 444023a0 454023a0 
000242d0: 460023a0 470023a0 464023a0 474023a0 
000242e0: 448023a0 458023a0 44c023a0 45c023a0 
000242f0: 468023a0 478023a0 46c023a0 47c023a0 
00024300: 480022a0 490022a0 484022a0 494022a0 
00024310: 4a0022a0 4b0022a0 4a4022a0 4b4022a0 
00024320: 488022a0 498022a0 48c022a0 49c022a0 
00024330: 4a8022a0 4b8022a0 4ac022a0 4bc022a0 
00024340: 4c0022a0 4d0022a0 4c4022a0 4d4022a0 
00024350: 4e0022a0 4f0022a0 4e4022a0 4f4022a0 
00024360: 4c8022a0 4d8022a0 4cc022a0 4dc022a0 
00024370: 4e8022a0 4f8022a0 4ec022a0 4fc022a0 
00024380: 480023a0 490023a0 484023a0 494023a0 
00024390: 4a0023a0 4b0023a0 4a4023a0 4b4023a0 
000243a0: 488023a0 498023a0 48c023a0 49c023a0 
000243b0: 4a8023a0 4b8023a0 4ac023a0 4bc023a0 
000243c0: 4c0023a0 4d0023a0 4c4023a0 4d4023a0 
000243d0: 4e0023a0 4f0023a0 4e4023a0 4f4023a0 
000243e0: 4c8023a0 4d8023a0 4cc023a0 4dc023a0 
000243f0: 4e8023a0 4f8023a0 4ec023a0 4fc023a0 
00024400: 500020a0 510020a0 504020a0 514020a0 
00024410: 520020a0 530020a0 524020a0 534020a0 
00024420: 508020a0 518020a0 50c020a0 51c020a0 
00024430: 528020a0 538020a0 52c020a0 53c020a0 
00024440: 540020a0 550020a0 544020a0 554020a0 
00024450: 560020a0 570020a0 564020a0 574020a0 
00024460: 548020a0 558020a0 54c020a0 55c020a0 
00024470: 568020a0 578020a0 56c020a0 57c020a0 
00024480: 500021a0 510021a0 504021a0 514021a0 
00024490: 520021a0 530021a0 524021a0 534021a0 
000244a0: 508021a0 518021a0 50c021a0 51c021a0 
000244b0: 528021a0 538021a0 52c021a0 53c021a0 
000244c0: 540021a0 550021a0 544021a0 554021a0 
000244d0: 560021a0 570021a0 564021a0 574021a0 
000244e0: 548021a0 558021a0 54c021a0 55c021a0 
000244f0: 568021a0 578021a0 56c021a0 57c021a0 
00024500: 580020a0 590020a0 584020a0 594020a0 
00024510: 5a0020a0 5b0020a0 5a4020a0 5b4020a0 
00024520: 588020a0 598020a0 58c020a0 59c020a0 
00024530: 5a8020a0 5b8020a0 5ac020a0 5bc020a0 
00024540: 5c0020a0 5d0020a0 5c4020a0 5d4020a0 
00024550: 5e0020a0 5f0020a0 5e4020a0 5f4020a0 
00024560: 5c8020a0 5d8020a0 5cc020a0 5dc020a0 
00024570: 5e8020a0 5f8020a0 5ec020a0 5fc020a0 
00024580: 580021a0 590021a0 584021a0 594021a0 
00024590: 5a0021a0 5b0021a0 5a4021a0 5b4021a0 
000245a0: 588021a0 598021a0 58c021a0 59c021a0 
000245b0: 5a8021a0 5b8021a0 5ac021a0 5bc021a0 
000245c0: 5c0021a0 5d0021a0 5c4021a0 5d4021a0 
000245d0: 5e0021a0 5f0021a0 5e4021a0 5f4021a0 
000245e0: 5c8021a0 5d8021a0 5cc021a0 5dc021a0 
000245f0: 5e8021a0 5f8021a0 5ec021a0 5fc021a0 
00024600: 500022a0 510022a0 504022a0 514022a0 
00024610: 520022a0 530022a0 524022a0 534022a0 
00024620: 508022a0 518022a0 50c022a0 51c022a0 
00024630: 528022a0 538022a0 52c022a0 53c022a0 
00024640: 540022a0 550022a0 544022a0 554022a0 
00024650: 560022a0 570022a0 564022a0 574022a0 
00024660: 548022a0 558022a0 54c022a0 55c022a0 
00024670: 568022a0 578022a0 56c022a0 57c022a0 
00024680: 500023a0 510023a0 504023a0 514023a0 
00024690: 520023a0 530023a0 524023a0 534023a0 
000246a0: 508023a0 518023a0 50c023a0 51c023a0 
000246b0: 528023a0 538023a0 52c023a0 53c023a0 
000246c0: 540023a0 550023a0 544023a0 554023a0 
000246d0: 560023a0 570023a0 564023a0 574023a0 
000246e0: 548023a0 558023a0 54c023a0 55c023a0 
000246f0: 568023a0 578023a0 56c023a0 57c023a0 
00024700: 580022a0 590022a0 584022a0 594022a0 
00024710: 5a0022a0 5b0022a0 5a4022a0 5b4022a0 
00024720: 588022a0 598022a0 58c022a0 59c022a0 
00024730: 5a8022a0 5b8022a0 5ac022a0 5bc022a0 
00024740: 5c0022a0 5d0022a0 5c4022a0 5d4022a0 
00024750: 5e0022a0 5f0022a0 5e4022a0 5f4022a0 
00024760: 5c8022a0 5d8022a0 5cc022a0 5dc022a0 
00024770: 5e8022a0 5f8022a0 5ec022a0 5fc022a0 
00024780: 580023a0 590023a0 584023a0 594023a0 
00024790: 5a0023a0 5b0023a0 5a4023a0 5b4023a0 
000247a0: 588023a0 598023a0 58c023a0 59c023a0 
000247b0: 5a8023a0 5b8023a0 5ac023a0 5bc023a0 
000247c0: 5c0023a0 5d0023a0 5c4023a0 5d4023a0 
000247d0: 5e0023a0 5f0023a0 5e4023a0 5f4023a0 
000247e0: 5c8023a0 5d8023a0 5cc023a0 5dc023a0 
000247f0: 5e8023a0 5f8023a0 5ec023a0 5fc023a0 
00024800: 400024a0 410024a0 404024a0 414024a0 
00024810: 420024a0 430024a0 424024a0 434024a0 
00024820: 408024a0 418024a0 40c024a0 41c024a0 
00024830: 428024a0 438024a0 42c024a0 43c024a0 
00024840: 440024a0 450024a0 444024a0 454024a0 
00024850: 460024a0 470024a0 464024a0 474024a0 
00024860: 448024a0 458024a0 44c024a0 45c024a0 
00024870: 468024a0 478024a0 46c024a0 47c024a0 
00024880: 400025a0 410025a0 404025a0 414025a0 
00024890: 420025a0 430025a0 424025a0 434025a0 
000248a0: 408025a0 418025a0 40c025a0 41c025a0 
000248b0: 428025a0 438025a0 42c025a0 43c025a0 
000248c0: 440025a0 450025a0 444025a0 454025a0 
000248d0: 460025a0 470025a0 464025a0 474025a0 
000248e0: 448025a0 458025a0 44c025a0 45c025a0 
000248f0: 468025a0 478025a0 46c025a0 47c025a0 
00024900: 480024a0 490024a0 484024a0 494024a0 
00024910: 4a0024a0 4b0024a0 4a4024a0 4b4024a0 
00024920: 488024a0 498024a0 48c024a0 49c024a0 
00024930: 4a8024a0 4b8024a0 4ac024a0 4bc024a0 
00024940: 4c0024a0 4d0024a0 4c4024a0 4d4024a0 
00024950: 4e0024a0 4f0024a0 4e4024a0 4f4024a0 
00024960: 4c8024a0 4d8024a0 4cc024a0 4dc024a0 
00024970: 4e8024a0 4f8024a0 4ec024a0 4fc024a0 
00024980: 480025a0 490025a0 484025a0 494025a0 
00024990: 4a0025a0 4b0025a0 4a4025a0 4b4025a0 
000249a0: 488025a0 498025a0 48c025a0 49c025a0 
000249b0: 4a8025a0 4b8025a0 4ac025a0 4bc025a0 
000249c0: 4c0025a0 4d0025a0 4c4025a0 4d4025a0 
000249d0: 4e0025a0 4f0025a0 4e4025a0 4f4025a0 
000249e0: 4c8025a0 4d8025a0 4cc025a0 4dc025a0 
000249f0: 4e8025a0 4f8025a0 4ec025a0 4fc025a0 
00024a00: 400026a0 410026a0 404026a0 414026a0 
00024a10: 420026a0 430026a0 424026a0 434026a0 
00024a20: 408026a0 418026a0 40c026a0 41c026a0 
00024a30: 428026a0 438026a0 42c026a0 43c026a0 
00024a40: 440026a0 450026a0 444026a0 454026a0 
00024a50: 460026a0 470026a0 464026a0 474026a0 
00024a60: 448026a0 458026a0 44c026a0 45c026a0 
00024a70: 468026a0 478026a0 46c026a0 47c026a0 
00024a80: 400027a0 410027a0 404027a0 414027a0 
00024a90: 420027a0 430027a0 424027a0 434027a0 
00024aa0: 408027a0 418027a0 40c027a0 41c027a0 
00024ab0: 428027a0 438027a0 42c027a0 43c027a0 
00024ac0: 440027a0 450027a0 444027a0 454027a0 
00024ad0: 460027a0 470027a0 464027a0 474027a0 
00024ae0: 448027a0 458027a0 44c027a0 45c027a0 
00024af0: 468027a0 478027a0 46c027a0 47c027a0 
00024b00: 480026a0 490026a0 484026a0 494026a0 
00024b10: 4a0026a0 4b0026a0 4a4026a0 4b4026a0 
00024b20: 488026a0 498026a0 48c026a0 49c026a0 
00024b30: 4a8026a0 4b8026a0 4ac026a0 4bc026a0 
00024b40: 4c0026a0 4d0026a0 4c4026a0 4d4026a0 
00024b50: 4e0026a0 4f0026a0 4e4026a0 4f4026a0 
00024b60: 4c8026a0 4d8026a0 4cc026a0 4dc026a0 
00024b70: 4e8026a0 4f8026a0 4ec026a0 4fc026a0 
00024b80: 480027a0 490027a0 484027a0 494027a0 
00024b90: 4a0027a0 4b0027a0 4a4027a0 4b4027a0 
00024ba0: 488027a0 498027a0 48c027a0 49c027a0 
00024bb0: 4a8027a0 4b8027a0 4ac027a0 4bc027a0 
00024bc0: 4c0027a0 4d0027a0 4c4027a0 4d4027a0 
00024bd0: 4e0027a0 4f0027a0 4e4027a0 4f4027a0 
00024be0: 4c8027a0 4d8027a0 4cc027a0 4dc027a0 
00024bf0: 4e8027a0 4f8027a0 4ec027a0 4fc027a0 
00024c00: 500024a0 510024a0 504024a0 514024a0 
00024c10: 520024a0 530024a0 524024a0 534024a0 
00024c20: 508024a0 518024a0 50c024a0 51c024a0 
00024c30: 528024a0 538024a0 52c024a0 53c024a0 
00024c40: 540024a0 550024a0 544024a0 554024a0 
00024c50: 560024a0 570024a0 564024a0 574024a0 
00024c60: 548024a0 558024a0 54c024a0 55c024a0 
00024c70: 568024a0 578024a0 56c024a0 57c024a0 
00024c80: 500025a0 510025a0 504025a0 514025a0 
00024c90: 520025a0 530025a0 524025a0 534025a0 
00024ca0: 508025a0 518025a0 50c025a0 51c025a0 
00024cb0: 528025a0 538025a0 52c025a0 53c025a0 
00024cc0: 540025a0 550025a0 544025a0 554025a0 
00024cd0: 560025a0 570025a0 564025a0 574025a0 
00024ce0: 548025a0 558025a0 54c025a0 55c025a0 
00024cf0: 568025a0 578025a0 56c025a0 57c025a0 
00024d00: 580024a0 590024a0 584024a0 594024a0 
00024d10: 5a0024a0 5b0024a0 5a4024a0 5b4024a0 
00024d20: 588024a0 598024a0 58c024a0 59c024a0 
00024d30: 5a8024a0 5b8024a0 5ac024a0 5bc024a0 
00024d40: 5c0024a0 5d0024a0 5c4024a0 5d4024a0 
00024d50: 5e0024a0 5f0024a0 5e4024a0 5f4024a0 
00024d60: 5c8024a0 5d8024a0 5cc024a0 5dc024a0 
00024d70: 5e8024a0 5f8024a0 5ec024a0 5fc024a0 
00024d80: 580025a0 590025a0 584025a0 594025a0 
00024d90: 5a0025a0 5b0025a0 5a4025a0 5b4025a0 
00024da0: 588025a0 598025a0 58c025a0 59c025a0 
00024db0: 5a8025a0 5b8025a0 5ac025a0 5bc025a0 
00024dc0: 5c0025a0 5d0025a0 5c4025a0 5d4025a0 
00024dd0: 5e0025a0 5f0025a0 5e4025a0 5f4025a0 
00024de0: 5c8025a0 5d8025a0 5cc025a0 5dc025a0 
00024df0: 5e8025a0 5f8025a0 5ec025a0 5fc025a0 
00024e00: 500026a0 510026a0 504026a0 514026a0 
00024e10: 520026a0 530026a0 524026a0 534026a0 
00024e20: 508026a0 518026a0 50c026a0 51c026a0 
00024e30: 528026a0 538026a0 52c026a0 53c026a0 
00024e40: 540026a0 550026a0 544026a0 554026a0 
00024e50: 560026a0 570026a0 564026a0 574026a0 
00024e60: 548026a0 558026a0 54c026a0 55c026a0 
00024e70: 568026a0 578026a0 56c026a0 57c026a0 
00024e80: 500027a0 510027a0 504027a0 514027a0 
00024e90: 520027a0 530027a0 524027a0 534027a0 
00024ea0: 508027a0 518027a0 50c027a0 51c027a0 
00024eb0: 528027a0 538027a0 52c027a0 53c027a0 
00024ec0: 540027a0 550027a0 544027a0 554027a0 
00024ed0: 560027a0 570027a0 564027a0 574027a0 
00024ee0: 548027a0 558027a0 54c027a0 55c027a0 
00024ef0: 568027a0 578027a0 56c027a0 57c027a0 
00024f00: 580026a0 590026a0 584026a0 594026a0 
00024f10: 5a0026a0 5b0026a0 5a4026a0 5b4026a0 
00024f20: 588026a0 598026a0 58c026a0 59c026a0 
00024f30: 5a8026a0 5b8026a0 5ac026a0 5bc026a0 
00024f40: 5c0026a0 5d0026a0 5c4026a0 5d4026a0 
00024f50: 5e0026a0 5f0026a0 5e4026a0 5f4026a0 
00024f60: 5c8026a0 5d8026a0 5cc026a0 5dc026a0 
00024f70: 5e8026a0 5f8026a0 5ec026a0 5fc026a0 
00024f80: 580027a0 590027a0 584027a0 594027a0 
00024f90: 5a0027a0 5b0027a0 5a4027a0 5b4027a0 
00024fa0: 588027a0 598027a0 58c027a0 59c027a0 
00024fb0: 5a8027a0 5b8027a0 5ac027a0 5bc027a0 
00024fc0: 5c0027a0 5d0027a0 5c4027a0 5d4027a0 
00024fd0: 5e0027a0 5f0027a0 5e4027a0 5f4027a0 
00024fe0: 5c8027a0 5d8027a0 5cc027a0 5dc027a0 
00024ff0: 5e8027a0 5f8027a0 5ec027a0 5fc027a0 
00025000: 600020a0 610020a0 604020a0 614020a0 
00025010: 620020a0 630020a0 624020a0 634020a0 
00025020: 608020a0 618020a0 60c020a0 61c020a0 
00025030: 628020a0 638020a0 62c020a0 63c020a0 
00025040: 640020a0 650020a0 644020a0 654020a0 
00025050: 660020a0 670020a0 664020a0 674020a0 
00025060: 648020a0 658020a0 64c020a0 65c020a0 
00025070: 668020a0 678020a0 66c020a0 67c020a0 
00025080: 600021a0 610021a0 604021a0 614021a0 
00025090: 620021a0 630021a0 624021a0 634021a0 
000250a0: 608021a0 618021a0 60c021a0 61c021a0 
000250b0: 628021a0 638021a0 62c021a0 63c021a0 
000250c0: 640021a0 650021a0 644021a0 654021a0 
000250d0: 660021a0 670021a0 664021a0 674021a0 
000250e0: 648021a0 658021a0 64c021a0 65c021a0 
000250f0: 668021a0 678021a0 66c021a0 67c021a0 
00025100: 680020a0 690020a0 684020a0 694020a0 
00025110: 6a0020a0 6b0020a0 6a4020a0 6b4020a0 
00025120: 688020a0 698020a0 68c020a0 69c020a0 
00025130: 6a8020a0 6b8020a0 6ac020a0 6bc020a0 
00025140: 6c0020a0 6d0020a0 6c4020a0 6d4020a0 
00025150: 6e0020a0 6f0020a0 6e4020a0 6f4020a0 
00025160: 6c8020a0 6d8020a0 6cc020a0 6dc020a0 
00025170: 6e8020a0 6f8020a0 6ec020a0 6fc020a0 
00025180: 680021a0 690021a0 684021a0 694021a0 
00025190: 6a0021a0 6b0021a0 6a4021a0 6b4021a0 
000251a0: 688021a0 698021a0 68c021a0 69c021a0 
000251b0: 6a8021a0 6b8021a0 6ac021a0 6bc021a0 
000251c0: 6c0021a0 6d0021a0 6c4021a0 6d4021a0 
000251d0: 6e0021a0 6f0021a0 6e4021a0 6f4021a0 
000251e0: 6c8021a0 6d8021a0 6cc021a0 6dc021a0 
000251f0: 6e8021a0 6f8021a0 6ec021a0 6fc021a0 
00025200: 600022a0 610022a0 604022a0 614022a0 
00025210: 620022a0 630022a0 624022a0 634022a0 
00025220: 608022a0 618022a0 60c022a0 61c022a0 
00025230: 628022a0 638022a0 62c022a0 63c022a0 
00025240: 640022a0 650022a0 644022a0 654022a0 
00025250: 660022a0 670022a0 664022a0 674022a0 
00025260: 648022a0 658022a0 64c022a0 65c022a0 
00025270: 668022a0 678022a0 66c022a0 67c022a0 
00025280: 600023a0 610023a0 604023a0 614023a0 
00025290: 620023a0 630023a0 624023a0 634023a0 
000252a0: 608023a0 618023a0 60c023a0 61c023a0 
000252b0: 628023a0 638023a0 62c023a0 63c023a0 
000252c0: 640023a0 650023a0 644023a0 654023a0 
000252d0: 660023a0 670023a0 664023a0 674023a0 
000252e0: 648023a0 658023a0 64c023a0 65c023a0 
000252f0: 668023a0 678023a0 66c023a0 67c023a0 
00025300: 680022a0 690022a0 684022a0 694022a0 
00025310: 6a0022a0 6b0022a0 6a4022a0 6b4022a0 
00025320: 688022a0 698022a0 68c022a0 69c022a0 
00025330: 6a8022a0 6b8022a0 6ac022a0 6bc022a0 
00025340: 6c0022a0 6d0022a0 6c4022a0 6d4022a0 
00025350: 6e0022a0 6f0022a0 6e4022a0 6f4022a0 
00025360: 6c8022a0 6d8022a0 6cc022a0 6dc022a0 
00025370: 6e8022a0 6f8022a0 6ec022a0 6fc022a0 
00025380: 680023a0 690023a0 684023a0 694023a0 
00025390: 6a0023a0 6b0023a0 6a4023a0 6b4023a0 
000253a0: 688023a0 698023a0 68c023a0 69c023a0 
000253b0: 6a8023a0 6b8023a0 6ac023a0 6bc023a0 
000253c0: 6c0023a0 6d0023a0 6c4023a0 6d4023a0 
000253d0: 6e0023a0 6f0023a0 6e4023a0 6f4023a0 
000253e0: 6c8023a0 6d8023a0 6cc023a0 6dc023a0 
000253f0: 6e8023a0 6f8023a0 6ec023a0 6fc023a0 
00025400: 700020a0 710020a0 704020a0 714020a0 
00025410: 720020a0 730020a0 724020a0 734020a0 
00025420: 708020a0 718020a0 70c020a0 71c020a0 
00025430: 728020a0 738020a0 72c020a0 73c020a0 
00025440: 740020a0 750020a0 744020a0 754020a0 
00025450: 760020a0 770020a0 764020a0 774020a0 
00025460: 748020a0 758020a0 74c020a0 75c020a0 
00025470: 768020a0 778020a0 76c020a0 77c020a0 
00025480: 700021a0 710021a0 704021a0 714021a0 
00025490: 720021a0 730021a0 724021a0 734021a0 
000254a0: 708021a0 718021a0 70c021a0 71c021a0 
000254b0: 728021a0 738021a0 72c021a0 73c021a0 
000254c0: 740021a0 750021a0 744021a0 754021a0 
000254d0: 760021a0 770021a0 764021a0 774021a0 
000254e0: 748021a0 758021a0 74c021a0 75c021a0 
000254f0: 768021a0 778021a0 76c021a0 77c021a0 
00025500: 780020a0 790020a0 784020a0 794020a0 
00025510: 7a0020a0 7b0020a0 7a4020a0 7b4020a0 
00025520: 788020a0 798020a0 78c020a0 79c020a0 
00025530: 7a8020a0 7b8020a0 7ac020a0 7bc020a0 
00025540: 7c0020a0 7d0020a0 7c4020a0 7d4020a0 
00025550: 7e0020a0 7f0020a0 7e4020a0 7f4020a0 
00025560: 7c8020a0 7d8020a0 7cc020a0 7dc020a0 
00025570: 7e8020a0 7f8020a0 7ec020a0 7fc020a0 
00025580: 780021a0 790021a0 784021a0 794021a0 
00025590: 7a0021a0 7b0021a0 7a4021a0 7b4021a0 
000255a0: 788021a0 798021a0 78c021a0 79c021a0 
000255b0: 7a8021a0 7b8021a0 7ac021a0 7bc021a0 
000255c0: 7c0021a0 7d0021a0 7c4021a0 7d4021a0 
000255d0: 7e0021a0 7f0021a0 7e4021a0 7f4021a0 
000255e0: 7c8021a0 7d8021a0 7cc021a0 7dc021a0 
000255f0: 7e8021a0 7f8021a0 7ec021a0 7fc021a0 
00025600: 700022a0 710022a0 704022a0 714022a0 
00025610: 720022a0 730022a0 724022a0 734022a0 
00025620: 708022a0 718022a0 70c022a0 71c022a0 
00025630: 728022a0 738022a0 72c022a0 73c022a0 
00025640: 740022a0 750022a0 744022a0 754022a0 
00025650: 760022a0 770022a0 764022a0 774022a0 
00025660: 748022a0 758022a0 74c022a0 75c022a0 
00025670: 768022a0 778022a0 76c022a0 77c022a0 
00025680: 700023a0 710023a0 704023a0 714023a0 
00025690: 720023a0 730023a0 724023a0 734023a0 
000256a0: 708023a0 718023a0 70c023a0 71c023a0 
000256b0: 728023a0 738023a0 72c023a0 73c023a0 
000256c0: 740023a0 750023a0 744023a0 754023a0 
000256d0: 760023a0 770023a0 764023a0 774023a0 
000256e0: 748023a0 758023a0 74c023a0 75c023a0 
000256f0: 768023a0 778023a0 76c023a0 77c023a0 
00025700: 780022a0 790022a0 784022a0 794022a0 
00025710: 7a0022a0 7b0022a0 7a4022a0 7b4022a0 
00025720: 788022a0 798022a0 78c022a0 79c022a0 
00025730: 7a8022a0 7b8022a0 7ac022a0 7bc022a0 
00025740: 7c0022a0 7d0022a0 7c4022a0 7d4022a0 
00025750: 7e0022a0 7f0022a0 7e4022a0 7f4022a0 
00025760: 7c8022a0 7d8022a0 7cc022a0 7dc022a0 
00025770: 7e8022a0 7f8022a0 7ec022a0 7fc022a0 
00025780: 780023a0 790023a0 784023a0 794023a0 
00025790: 7a0023a0 7b0023a0 7a4023a0 7b4023a0 
000257a0: 788023a0 798023a0 78c023a0 79c023a0 
000257b0: 7a8023a0 7b8023a0 7ac023a0 7bc023a0 
000257c0: 7c0023a0 7d0023a0 7c4023a0 7d4023a0 
000257d0: 7e0023a0 7f0023a0 7e4023a0 7f4023a0 
000257e0: 7c8023a0 7d8023a0 7cc023a0 7dc023a0 
000257f0: 7e8023a0 7f8023a0 7ec023a0 7fc023a0 
00025800: 600024a0 610024a0 604024a0 614024a0 
00025810: 620024a0 630024a0 624024a0 634024a0 
00025820: 608024a0 618024a0 60c024a0 61c024a0 
00025830: 628024a0 638024a0 62c024a0 63c024a0 
00025840: 640024a0 650024a0 644024a0 654024a0 
00025850: 660024a0 670024a0 664024a0 674024a0 
00025860: 648024a0 658024a0 64c024a0 65c024a0 
00025870: 668024a0 678024a0 66c024a0 67c024a0 
00025880: 600025a0 610025a0 604025a0 614025a0 
00025890: 620025a0 630025a0 624025a0 634025a0 
000258a0: 608025a0 618025a0 60c025a0 61c025a0 
000258b0: 628025a0 638025a0 62c025a0 63c025a0 
000258c0: 640025a0 650025a0 644025a0 654025a0 
000258d0: 660025a0 670025a0 664025a0 674025a0 
000258e0: 648025a0 658025a0 64c025a0 65c025a0 
000258f0: 668025a0 678025a0 66c025a0 67c025a0 
00025900: 680024a0 690024a0 684024a0 694024a0 
00025910: 6a0024a0 6b0024a0 6a4024a0 6b4024a0 
00025920: 688024a0 698024a0 68c024a0 69c024a0 
00025930: 6a8024a0 6b8024a0 6ac024a0 6bc024a0 
00025940: 6c0024a0 6d0024a0 6c4024a0 6d4024a0 
00025950: 6e0024a0 6f0024a0 6e4024a0 6f4024a0 
00025960: 6c8024a0 6d8024a0 6cc024a0 6dc024a0 
00025970: 6e8024a0 6f8024a0 6ec024a0 6fc024a0 
00025980: 680025a0 690025a0 684025a0 694025a0 
00025990: 6a0025a0 6b0025a0 6a4025a0 6b4025a0 
000259a0: 688025a0 698025a0 68c025a0 69c025a0 
000259b0: 6a8025a0 6b8025a0 6ac025a0 6bc025a0 
000259c0: 6c0025a0 6d0025a0 6c4025a0 6d4025a0 
000259d0: 6e0025a0 6f0025a0 6e4025a0 6f4025a0 
000259e0: 6c8025a0 6d8025a0 6cc025a0 6dc025a0 
000259f0: 6e8025a0 6f8025a0 6ec025a0 6fc025a0 
00025a00: 600026a0 610026a0 604026a0 614026a0 
00025a10: 620026a0 630026a0 624026a0 634026a0 
00025a20: 608026a0 618026a0 60c026a0 61c026a0 
00025a30: 628026a0 638026a0 62c026a0 63c026a0 
00025a40: 640026a0 650026a0 644026a0 654026a0 
00025a50: 660026a0 670026a0 664026a0 674026a0 
00025a60: 648026a0 658026a0 64c026a0 65c026a0 
00025a70: 668026a0 678026a0 66c026a0 67c026a0 
00025a80: 600027a0 610027a0 604027a0 614027a0 
00025a90: 620027a0 630027a0 624027a0 634027a0 
00025aa0: 608027a0 618027a0 60c027a0 61c027a0 
00025ab0: 628027a0 638027a0 62c027a0 63c027a0 
00025ac0: 640027a0 650027a0 644027a0 654027a0 
00025ad0: 660027a0 670027a0 664027a0 674027a0 
00025ae0: 648027a0 658027a0 64c027a0 65c027a0 
00025af0: 668027a0 678027a0 66c027a0 67c027a0 
00025b00: 680026a0 690026a0 684026a0 694026a0 
00025b10: 6a0026a0 6b0026a0 6a4026a0 6b4026a0 
00025b20: 688026a0 698026a0 68c026a0 69c026a0 
00025b30: 6a8026a0 6b8026a0 6ac026a0 6bc026a0 
00025b40: 6c0026a0 6d0026a0 6c4026a0 6d4026a0 
00025b50: 6e0026a0 6f0026a0 6e4026a0 6f4026a0 
00025b60: 6c8026a0 6d8026a0 6cc026a0 6dc026a0 
00025b70: 6e8026a0 6f8026a0 6ec026a0 6fc026a0 
00025b80: 680027a0 690027a0 684027a0 694027a0 
00025b90: 6a0027a0 6b0027a0 6a4027a0 6b4027a0 
00025ba0: 688027a0 698027a0 68c027a0 69c027a0 
00025bb0: 6a8027a0 6b8027a0 6ac027a0 6bc027a0 
00025bc0: 6c0027a0 6d0027a0 6c4027a0 6d4027a0 
00025bd0: 6e0027a0 6f0027a0 6e4027a0 6f4027a0 
00025be0: 6c8027a0 6d8027a0 6cc027a0 6dc027a0 
00025bf0: 6e8027a0 6f8027a0 6ec027a0 6fc027a0 
00025c00: 700024a0 710024a0 704024a0 714024a0 
00025c10: 720024a0 730024a0 724024a0 734024a0 
00025c20: 708024a0 718024a0 70c024a0 71c024a0 
00025c30: 728024a0 738024a0 72c024a0 73c024a0 
00025c40: 740024a0 750024a0 744024a0 754024a0 
00025c50: 760024a0 770024a0 764024a0 774024a0 
00025c60: 748024a0 758024a0 74c024a0 75c024a0 
00025c70: 768024a0 778024a0 76c024a0 77c024a0 
00025c80: 700025a0 710025a0 704025a0 714025a0 
00025c90: 720025a0 730025a0 724025a0 734025a0 
00025ca0: 708025a0 718025a0 70c025a0 71c025a0 
00025cb0: 728025a0 738025a0 72c025a0 73c025a0 
00025cc0: 740025a0 750025a0 744025a0 754025a0 
00025cd0: 760025a0 770025a0 764025a0 774025a0 
00025ce0: 748025a0 758025a0 74c025a0 75c025a0 
00025cf0: 768025a0 778025a0 76c025a0 77c025a0 
00025d00: 780024a0 790024a0 784024a0 794024a0 
00025d10: 7a0024a0 7b0024a0 7a4024a0 7b4024a0 
00025d20: 788024a0 798024a0 78c024a0 79c024a0 
00025d30: 7a8024a0 7b8024a0 7ac024a0 7bc024a0 
00025d40: 7c0024a0 7d0024a0 7c4024a0 7d4024a0 
00025d50: 7e0024a0 7f0024a0 7e4024a0 7f4024a0 
00025d60: 7c8024a0 7d8024a0 7cc024a0 7dc024a0 
00025d70: 7e8024a0 7f8024a0 7ec024a0 7fc024a0 
00025d80: 780025a0 790025a0 784025a0 794025a0 
00025d90: 7a0025a0 7b0025a0 7a4025a0 7b4025a0 
00025da0: 788025a0 798025a0 78c025a0 79c025a0 
00025db0: 7a8025a0 7b8025a0 7ac025a0 7bc025a0 
00025dc0: 7c0025a0 7d0025a0 7c4025a0 7d4025a0 
00025dd0: 7e0025a0 7f0025a0 7e4025a0 7f4025a0 
00025de0: 7c8025a0 7d8025a0 7cc025a0 7dc025a0 
00025df0: 7e8025a0 7f8025a0 7ec025a0 7fc025a0 
00025e00: 700026a0 710026a0 704026a0 714026a0 
00025e10: 720026a0 730026a0 724026a0 734026a0 
00025e20: 708026a0 718026a0 70c026a0 71c026a0 
00025e30: 728026a0 738026a0 72c026a0 73c026a0 
00025e40: 740026a0 750026a0 744026a0 754026a0 
00025e50: 760026a0 770026a0 764026a0 774026a0 
00025e60: 748026a0 758026a0 74c026a0 75c026a0 
00025e70: 768026a0 778026a0 76c026a0 77c026a0 
00025e80: 700027a0 710027a0 704027a0 714027a0 
00025e90: 720027a0 730027a0 724027a0 734027a0 
00025ea0: 708027a0 718027a0 70c027a0 71c027a0 
00025eb0: 728027a0 738027a0 72c027a0 73c027a0 
00025ec0: 740027a0 750027a0 744027a0 754027a0 
00025ed0: 760027a0 770027a0 764027a0 774027a0 
00025ee0: 748027a0 758027a0 74c027a0 75c027a0 
00025ef0: 768027a0 778027a0 76c027a0 77c027a0 
00025f00: 780026a0 790026a0 784026a0 794026a0 
00025f10: 7a0026a0 7b0026a0 7a4026a0 7b4026a0 
00025f20: 788026a0 798026a0 78c026a0 79c026a0 
00025f30: 7a8026a0 7b8026a0 7ac026a0 7bc026a0 
00025f40: 7c0026a0 7d0026a0 7c4026a0 7d4026a0 
00025f50: 7e0026a0 7f0026a0 7e4026a0 7f4026a0 
00025f60: 7c8026a0 7d8026a0 7cc026a0 7dc026a0 
00025f70: 7e8026a0 7f8026a0 7ec026a0 7fc026a0 
00025f80: 780027a0 790027a0 784027a0 794027a0 
00025f90: 7a0027a0 7b0027a0 7a4027a0 7b4027a0 
00025fa0: 788027a0 798027a0 78c027a0 79c027a0 
00025fb0: 7a8027a0 7b8027a0 7ac027a0 7bc027a0 
00025fc0: 7c0027a0 7d0027a0 7c4027a0 7d4027a0 
00025fd0: 7e0027a0 7f0027a0 7e4027a0 7f4027a0 
00025fe0: 7c8027a0 7d8027a0 7cc027a0 7dc027a0 
00025ff0: 7e8027a0 7f8027a0 7ec027a0 7fc027a0 
00026000: 400028a0 410028a0 404028a0 414028a0 
00026010: 420028a0 430028a0 424028a0 434028a0 
00026020: 408028a0 418028a0 40c028a0 41c028a0 
00026030: 428028a0 438028a0 42c028a0 43c028a0 
00026040: 440028a0 450028a0 444028a0 454028a0 
00026050: 460028a0 470028a0 464028a0 474028a0 
00026060: 448028a0 458028a0 44c028a0 45c028a0 
00026070: 468028a0 478028a0 46c028a0 47c028a0 
00026080: 400029a0 410029a0 404029a0 414029a0 
00026090: 420029a0 430029a0 424029a0 434029a0 
000260a0: 408029a0 418029a0 40c029a0 41c029a0 
000260b0: 428029a0 438029a0 42c029a0 43c029a0 
000260c0: 440029a0 450029a0 444029a0 454029a0 
000260d0: 460029a0 470029a0 464029a0 474029a0 
000260e0: 448029a0 458029a0 44c029a0 45c029a0 
000260f0: 468029a0 478029a0 46c029a0 47c029a0 
00026100: 480028a0 490028a0 484028a0 494028a0 
00026110: 4a0028a0 4b0028a0 4a4028a0 4b4028a0 
00026120: 488028a0 498028a0 48c028a0 49c028a0 
00026130: 4a8028a0 4b8028a0 4ac028a0 4bc028a0 
00026140: 4c0028a0 4d0028a0 4c4028a0 4d4028a0 
00026150: 4e0028a0 4f0028a0 4e4028a0 4f4028a0 
00026160: 4c8028a0 4d8028a0 4cc028a0 4dc028a0 
00026170: 4e8028a0 4f8028a0 4ec028a0 4fc028a0 
00026180: 480029a0 490029a0 484029a0 494029a0 
00026190: 4a0029a0 4b0029a0 4a4029a0 4b4029a0 
000261a0: 488029a0 498029a0 48c029a0 49c029a0 
000261b0: 4a8029a0 4b8029a0 4ac029a0 4bc029a0 
000261c0: 4c0029a0 4d0029a0 4c4029a0 4d4029a0 
000261d0: 4e0029a0 4f0029a0 4e4029a0 4f4029a0 
000261e0: 4c8029a0 4d8029a0 4cc029a0 4dc029a0 
000261f0: 4e8029a0 4f8029a0 4ec029a0 4fc029a0 
00026200: 40002aa0 41002aa0 40402aa0 41402aa0 
00026210: 42002aa0 43002aa0 42402aa0 43402aa0 
00026220: 40802aa0 41802aa0 40c02aa0 41c02aa0 
00026230: 42802aa0 43802aa0 42c02aa0 43c02aa0 
00026240: 44002aa0 45002aa0 44402aa0 45402aa0 
00026250: 46002aa0 47002aa0 46402aa0 47402aa0 
00026260: 44802aa0 45802aa0 44c02aa0 45c02aa0 
00026270: 46802aa0 47802aa0 46c02aa0 47c02aa0 
00026280: 40002ba0 41002ba0 40402ba0 41402ba0 
00026290: 42002ba0 43002ba0 42402ba0 43402ba0 
000262a0: 40802ba0 41802ba0 40c02ba0 41c02ba0 
000262b0: 42802ba0 43802ba0 42c02ba0 43c02ba0 
000262c0: 44002ba0 45002ba0 44402ba0 45402ba0 
000262d0: 46002ba0 47002ba0 46402ba0 47402ba0 
000262e0: 44802ba0 45802ba0 44c02ba0 45c02ba0 
000262f0: 46802ba0 47802ba0 46c02ba0 47c02ba0 
00026300: 48002aa0 49002aa0 48402aa0 49402aa0 
00026310: 4a002aa0 4b002aa0 4a402aa0 4b402aa0 
00026320: 48802aa0 49802aa0 48c02aa0 49c02aa0 
00026330: 4a802aa0 4b802aa0 4ac02aa0 4bc02aa0 
00026340: 4c002aa0 4d002aa0 4c402aa0 4d402aa0 
00026350: 4e002aa0 4f002aa0 4e402aa0 4f402aa0 
00026360: 4c802aa0 4d802aa0 4cc02aa0 4dc02aa0 
00026370: 4e802aa0 4f802aa0 4ec02aa0 4fc02aa0 
00026380: 48002ba0 49002ba0 48402ba0 49402ba0 
00026390: 4a002ba0 4b002ba0 4a402ba0 4b402ba0 
000263a0: 48802ba0 49802ba0 48c02ba0 49c02ba0 
000263b0: 4a802ba0 4b802ba0 4ac02ba0 4bc02ba0 
000263c0: 4c002ba0 4d002ba0 4c402ba0 4d402ba0 
000263d0: 4e002ba0 4f002ba0 4e402ba0 4f402ba0 
000263e0: 4c802ba0 4d802ba0 4cc02ba0 4dc02ba0 
000263f0: 4e802ba0 4f802ba0 4ec02ba0 4fc02ba0 
00026400: 500028a0 510028a0 504028a0 514028a0 
00026410: 520028a0 530028a0 524028a0 534028a0 
00026420: 508028a0 518028a0 50c028a0 51c028a0 
00026430: 528028a0 538028a0 52c028a0 53c028a0 
00026440: 540028a0 550028a0 544028a0 554028a0 
00026450: 560028a0 570028a0 564028a0 574028a0 
00026460: 548028a0 558028a0 54c028a0 55c028a0 
00026470: 568028a0 578028a0 56c028a0 57c028a0 
00026480: 500029a0 510029a0 504029a0 514029a0 
00026490: 520029a0 530029a0 524029a0 534029a0 
000264a0: 508029a0 518029a0 50c029a0 51c029a0 
000264b0: 528029a0 538029a0 52c029a0 53c029a0 
000264c0: 540029a0 550029a0 544029a0 554029a0 
000264d0: 560029a0 570029a0 564029a0 574029a0 
000264e0: 548029a0 558029a0 54c029a0 55c029a0 
000264f0: 568029a0 578029a0 56c029a0 57c029a0 
00026500: 580028a0 590028a0 584028a0 594028a0 
00026510: 5a0028a0 5b0028a0 5a4028a0 5b4028a0 
00026520: 588028a0 598028a0 58c028a0 59c028a0 
00026530: 5a8028a0 5b8028a0 5ac028a0 5bc028a0 
00026540: 5c0028a0 5d0028a0 5c4028a0 5d4028a0 
00026550: 5e0028a0 5f0028a0 5e4028a0 5f4028a0 
00026560: 5c8028a0 5d8028a0 5cc028a0 5dc028a0 
00026570: 5e8028a0 5f8028a0 5ec028a0 5fc028a0 
00026580: 580029a0 590029a0 584029a0 594029a0 
00026590: 5a0029a0 5b0029a0 5a4029a0 5b4029a0 
000265a0: 588029a0 598029a0 58c029a0 59c029a0 
000265b0: 5a8029a0 5b8029a0 5ac029a0 5bc029a0 
000265c0: 5c0029a0 5d0029a0 5c4029a0 5d4029a0 
000265d0: 5e0029a0 5f0029a0 5e4029a0 5f4029a0 
000265e0: 5c8029a0 5d8029a0 5cc029a0 5dc029a0 
000265f0: 5e8029a0 5f8029a0 5ec029a0 5fc029a0 
00026600: 50002aa0 51002aa0 50402aa0 51402aa0 
00026610: 52002aa0 53002aa0 52402aa0 53402aa0 
00026620: 50802aa0 51802aa0 50c02aa0 51c02aa0 
00026630: 52802aa0 53802aa0 52c02aa0 53c02aa0 
00026640: 54002aa0 55002aa0 54402aa0 55402aa0 
00026650: 56002aa0 57002aa0 56402aa0 57402aa0 
00026660: 54802aa0 55802aa0 54c02aa0 55c02aa0 
00026670: 56802aa0 57802aa0 56c02aa0 57c02aa0 
00026680: 50002ba0 51002ba0 50402ba0 51402ba0 
00026690: 52002ba0 53002ba0 52402ba0 53402ba0 
000266a0: 50802ba0 51802ba0 50c02ba0 51c02ba0 
000266b0: 52802ba0 53802ba0 52c02ba0 53c02ba0 
000266c0: 54002ba0 55002ba0 54402ba0 55402ba0 
000266d0: 56002ba0 57002ba0 56402ba0 57402ba0 
000266e0: 54802ba0 55802ba0 54c02ba0 55c02ba0 
000266f0: 56802ba0 57802ba0 56c02ba0 57c02ba0 
00026700: 58002aa0 59002aa0 58402aa0 59402aa0 
00026710: 5a002aa0 5b002aa0 5a402aa0 5b402aa0 
00026720: 58802aa0 59802aa0 58c02aa0 59c02aa0 
00026730: 5a802aa0 5b802aa0 5ac02aa0 5bc02aa0 
00026740: 5c002aa0 5d002aa0 5c402aa0 5d402aa0 
00026750: 5e002aa0 5f002aa0 5e402aa0 5f402aa0 
00026760: 5c802aa0 5d802aa0 5cc02aa0 5dc02aa0 
00026770: 5e802aa0 5f802aa0 5ec02aa0 5fc02aa0 
00026780: 58002ba0 59002ba0 58402ba0 59402ba0 
00026790: 5a002ba0 5b002ba0 5a402ba0 5b402ba0 
000267a0: 58802ba0 59802ba0 58c02ba0 59c02ba0 
000267b0: 5a802ba0 5b802ba0 5ac02ba0 5bc02ba0 
000267c0: 5c002ba0 5d002ba0 5c402ba0 5d402ba0 
000267d0: 5e002ba0 5f002ba0 5e402ba0 5f402ba0 
000267e0: 5c802ba0 5d802ba0 5cc02ba0 5dc02ba0 
000267f0: 5e802ba0 5f802ba0 5ec02ba0 5fc02ba0 
00026800: 40002ca0 41002ca0 40402ca0 41402ca0 
00026810: 42002ca0 43002ca0 42402ca0 43402ca0 
00026820: 40802ca0 41802ca0 40c02ca0 41c02ca0 
00026830: 42802ca0 43802ca0 42c02ca0 43c02ca0 
00026840: 44002ca0 45002ca0 44402ca0 45402ca0 
00026850: 46002ca0 47002ca0 46402ca0 47402ca0 
00026860: 44802ca0 45802ca0 44c02ca0 45c02ca0 
00026870: 46802ca0 47802ca0 46c02ca0 47c02ca0 
00026880: 40002da0 41002da0 40402da0 41402da0 
00026890: 42002da0 43002da0 42402da0 43402da0 
000268a0: 40802da0 41802da0 40c02da0 41c02da0 
000268b0: 42802da0 43802da0 42c02da0 43c02da0 
000268c0: 44002da0 45002da0 44402da0 45402da0 
000268d0: 46002da0 47002da0 46402da0 47402da0 
000268e0: 44802da0 45802da0 44c02da0 45c02da0 
000268f0: 46802da0 47802da0 46c02da0 47c02da0 
00026900: 48002ca0 49002ca0 48402ca0 49402ca0 
00026910: 4a002ca0 4b002ca0 4a402ca0 4b402ca0 
00026920: 48802ca0 49802ca0 48c02ca0 49c02ca0 
00026930: 4a802ca0 4b802ca0 4ac02ca0 4bc02ca0 
00026940: 4c002ca0 4d002ca0 4c402ca0 4d402ca0 
00026950: 4e002ca0 4f002ca0 4e402ca0 4f402ca0 
00026960: 4c802ca0 4d802ca0 4cc02ca0 4dc02ca0 
00026970: 4e802ca0 4f802ca0 4ec02ca0 4fc02ca0 
00026980: 48002da0 49002da0 48402da0 49402da0 
00026990: 4a002da0 4b002da0 4a402da0 4b402da0 
000269a0: 48802da0 49802da0 48c02da0 49c02da0 
000269b0: 4a802da0 4b802da0 4ac02da0 4bc02da0 
000269c0: 4c002da0 4d002da0 4c402da0 4d402da0 
000269d0: 4e002da0 4f002da0 4e402da0 4f402da0 
000269e0: 4c802da0 4d802da0 4cc02da0 4dc02da0 
000269f0: 4e802da0 4f802da0 4ec02da0 4fc02da0 
00026a00: 40002ea0 41002ea0 40402ea0 41402ea0 
00026a10: 42002ea0 43002ea0 42402ea0 43402ea0 
00026a20: 40802ea0 41802ea0 40c02ea0 41c02ea0 
00026a30: 42802ea0 43802ea0 42c02ea0 43c02ea0 
00026a40: 44002ea0 45002ea0 44402ea0 45402ea0 
00026a50: 46002ea0 47002ea0 46402ea0 47402ea0 
00026a60: 44802ea0 45802ea0 44c02ea0 45c02ea0 
00026a70: 46802ea0 47802ea0 46c02ea0 47c02ea0 
00026a80: 40002fa0 41002fa0 40402fa0 41402fa0 
00026a90: 42002fa0 43002fa0 42402fa0 43402fa0 
00026aa0: 40802fa0 41802fa0 40c02fa0 41c02fa0 
00026ab0: 42802fa0 43802fa0 42c02fa0 43c02fa0 
00026ac0: 44002fa0 45002fa0 44402fa0 45402fa0 
00026ad0: 46002fa0 47002fa0 46402fa0 47402fa0 
00026ae0: 44802fa0 45802fa0 44c02fa0 45c02fa0 
00026af0: 46802fa0 47802fa0 46c02fa0 47c02fa0 
00026b00: 48002ea0 49002ea0 48402ea0 49402ea0 
00026b10: 4a002ea0 4b002ea0 4a402ea0 4b402ea0 
00026b20: 48802ea0 49802ea0 48c02ea0 49c02ea0 
00026b30: 4a802ea0 4b802ea0 4ac02ea0 4bc02ea0 
00026b40: 4c002ea0 4d002ea0 4c402ea0 4d402ea0 
00026b50: 4e002ea0 4f002ea0 4e402ea0 4f402ea0 
00026b60: 4c802ea0 4d802ea0 4cc02ea0 4dc02ea0 
00026b70: 4e802ea0 4f802ea0 4ec02ea0 4fc02ea0 
00026b80: 48002fa0 49002fa0 48402fa0 49402fa0 
00026b90: 4a002fa0 4b002fa0 4a402fa0 4b402fa0 
00026ba0: 48802fa0 49802fa0 48c02fa0 49c02fa0 
00026bb0: 4a802fa0 4b802fa0 4ac02fa0 4bc02fa0 
00026bc0: 4c002fa0 4d002fa0 4c402fa0 4d402fa0 
00026bd0: 4e002fa0 4f002fa0 4e402fa0 4f402fa0 
00026be0: 4c802fa0 4d802fa0 4cc02fa0 4dc02fa0 
00026bf0: 4e802fa0 4f802fa0 4ec02fa0 4fc02fa0 
00026c00: 50002ca0 51002ca0 50402ca0 51402ca0 
00026c10: 52002ca0 53002ca0 52402ca0 53402ca0 
00026c20: 50802ca0 51802ca0 50c02ca0 51c02ca0 
00026c30: 52802ca0 53802ca0 52c02ca0 53c02ca0 
00026c40: 54002ca0 55002ca0 54402ca0 55402ca0 
00026c50: 56002ca0 57002ca0 56402ca0 57402ca0 
00026c60: 54802ca0 55802ca0 54c02ca0 55c02ca0 
00026c70: 56802ca0 57802ca0 56c02ca0 57c02ca0 
00026c80: 50002da0 51002da0 50402da0 51402da0 
00026c90: 52002da0 53002da0 52402da0 53402da0 
00026ca0: 50802da0 51802da0 50c02da0 51c02da0 
00026cb0: 52802da0 53802da0 52c02da0 53c02da0 
00026cc0: 54002da0 55002da0 54402da0 55402da0 
00026cd0: 56002da0 57002da0 56402da0 57402da0 
00026ce0: 54802da0 55802da0 54c02da0 55c02da0 
00026cf0: 56802da0 57802da0 56c02da0 57c02da0 
00026d00: 58002ca0 59002ca0 58402ca0 59402ca0 
00026d10: 5a002ca0 5b002ca0 5a402ca0 5b402ca0 
00026d20: 58802ca0 59802ca0 58c02ca0 59c02ca0 
00026d30: 5a802ca0 5b802ca0 5ac02ca0 5bc02ca0 
00026d40: 5c002ca0 5d002ca0 5c402ca0 5d402ca0 
00026d50: 5e002ca0 5f002ca0 5e402ca0 5f402ca0 
00026d60: 5c802ca0 5d802ca0 5cc02ca0 5dc02ca0 
00026d70: 5e802ca0 5f802ca0 5ec02ca0 5fc02ca0 
00026d80: 58002da0 59002da0 58402da0 59402da0 
00026d90: 5a002da0 5b002da0 5a402da0 5b402da0 
00026da0: 58802da0 59802da0 58c02da0 59c02da0 
00026db0: 5a802da0 5b802da0 5ac02da0 5bc02da0 
00026dc0: 5c002da0 5d002da0 5c402da0 5d402da0 
00026dd0: 5e002da0 5f002da0 5e402da0 5f402da0 
00026de0: 5c802da0 5d802da0 5cc02da0 5dc02da0 
00026df0: 5e802da0 5f802da0 5ec02da0 5fc02da0 
00026e00: 50002ea0 51002ea0 50402ea0 51402ea0 
00026e10: 52002ea0 53002ea0 52402ea0 53402ea0 
00026e20: 50802ea0 51802ea0 50c02ea0 51c02ea0 
00026e30: 52802ea0 53802ea0 52c02ea0 53c02ea0 
00026e40: 54002ea0 55002ea0 54402ea0 55402ea0 
00026e50: 56002ea0 57002ea0 56402ea0 57402ea0 
00026e60: 54802ea0 55802ea0 54c02ea0 55c02ea0 
00026e70: 56802ea0 57802ea0 56c02ea0 57c02ea0 
00026e80: 50002fa0 51002fa0 50402fa0 51402fa0 
00026e90: 52002fa0 53002fa0 52402fa0 53402fa0 
00026ea0: 50802fa0 51802fa0 50c02fa0 51c02fa0 
00026eb0: 52802fa0 53802fa0 52c02fa0 53c02fa0 
00026ec0: 54002fa0 55002fa0 54402fa0 55402fa0 
00026ed0: 56002fa0 57002fa0 56402fa0 57402fa0 
00026ee0: 54802fa0 55802fa0 54c02fa0 55c02fa0 
00026ef0: 56802fa0 57802fa0 56c02fa0 57c02fa0 
00026f00: 58002ea0 59002ea0 58402ea0 59402ea0 
00026f10: 5a002ea0 5b002ea0 5a402ea0 5b402ea0 
00026f20: 58802ea0 59802ea0 58c02ea0 59c02ea0 
00026f30: 5a802ea0 5b802ea0 5ac02ea0 5bc02ea0 
00026f40: 5c002ea0 5d002ea0 5c402ea0 5d402ea0 
00026f50: 5e002ea0 5f002ea0 5e402ea0 5f402ea0 
00026f60: 5c802ea0 5d802ea0 5cc02ea0 5dc02ea0 
00026f70: 5e802ea0 5f802ea0 5ec02ea0 5fc02ea0 
00026f80: 58002fa0 59002fa0 58402fa0 59402fa0 
00026f90: 5a002fa0 5b002fa0 5a402fa0 5b402fa0 
00026fa0: 58802fa0 59802fa0 58c02fa0 59c02fa0 
00026fb0: 5a802fa0 5b802fa0 5ac02fa0 5bc02fa0 
00026fc0: 5c002fa0 5d002fa0 5c402fa0 5d402fa0 
00026fd0: 5e002fa0 5f002fa0 5e402fa0 5f402fa0 
00026fe0: 5c802fa0 5d802fa0 5cc02fa0 5dc02fa0 
00026ff0: 5e802fa0 5f802fa0 5ec02fa0 5fc02fa0 
00027000: 600028a0 610028a0 604028a0 614028a0 
00027010: 620028a0 630028a0 624028a0 634028a0 
00027020: 608028a0 618028a0 60c028a0 61c028a0 
00027030: 628028a0 638028a0 62c028a0 63c028a0 
00027040: 640028a0 650028a0 644028a0 654028a0 
00027050: 660028a0 670028a0 664028a0 674028a0 
00027060: 648028a0 658028a0 64c028a0 65c028a0 
00027070: 668028a0 678028a0 66c028a0 67c028a0 
00027080: 600029a0 610029a0 604029a0 614029a0 
00027090: 620029a0 630029a0 624029a0 634029a0 
000270a0: 608029a0 618029a0 60c029a0 61c029a0 
000270b0: 628029a0 638029a0 62c029a0 63c029a0 
000270c0: 640029a0 650029a0 644029a0 654029a0 
000270d0: 660029a0 670029a0 664029a0 674029a0 
000270e0: 648029a0 658029a0 64c029a0 65c029a0 
000270f0: 668029a0 678029a0 66c029a0 67c029a0 
00027100: 680028a0 690028a0 684028a0 694028a0 
00027110: 6a0028a0 6b0028a0 6a4028a0 6b4028a0 
00027120: 688028a0 698028a0 68c028a0 69c028a0 
00027130: 6a8028a0 6b8028a0 6ac028a0 6bc028a0 
00027140: 6c0028a0 6d0028a0 6c4028a0 6d4028a0 
00027150: 6e0028a0 6f0028a0 6e4028a0 6f4028a0 
00027160: 6c8028a0 6d8028a0 6cc028a0 6dc028a0 
00027170: 6e8028a0 6f8028a0 6ec028a0 6fc028a0 
00027180: 680029a0 690029a0 684029a0 694029a0 
00027190: 6a0029a0 6b0029a0 6a4029a0 6b4029a0 
000271a0: 688029a0 698029a0 68c029a0 69c029a0 
000271b0: 6a8029a0 6b8029a0 6ac029a0 6bc029a0 
000271c0: 6c0029a0 6d0029a0 6c4029a0 6d4029a0 
000271d0: 6e0029a0 6f0029a0 6e4029a0 6f4029a0 
000271e0: 6c8029a0 6d8029a0 6cc029a0 6dc029a0 
000271f0: 6e8029a0 6f8029a0 6ec029a0 6fc029a0 
00027200: 60002aa0 61002aa0 60402aa0 61402aa0 
00027210: 62002aa0 63002aa0 62402aa0 63402aa0 
00027220: 60802aa0 61802aa0 60c02aa0 61c02aa0 
00027230: 62802aa0 63802aa0 62c02aa0 63c02aa0 
00027240: 64002aa0 65002aa0 64402aa0 65402aa0 
00027250: 66002aa0 67002aa0 66402aa0 67402aa0 
00027260: 64802aa0 65802aa0 64c02aa0 65c02aa0 
00027270: 66802aa0 67802aa0 66c02aa0 67c02aa0 
00027280: 60002ba0 61002ba0 60402ba0 61402ba0 
00027290: 62002ba0 63002ba0 62402ba0 63402ba0 
000272a0: 60802ba0 61802ba0 60c02ba0 61c02ba0 
000272b0: 62802ba0 63802ba0 62c02ba0 63c02ba0 
000272c0: 64002ba0 65002ba0 64402ba0 65402ba0 
000272d0: 66002ba0 67002ba0 66402ba0 67402ba0 
000272e0: 64802ba0 65802ba0 64c02ba0 65c02ba0 
000272f0: 66802ba0 67802ba0 66c02ba0 67c02ba0 
00027300: 68002aa0 69002aa0 68402aa0 69402aa0 
00027310: 6a002aa0 6b002aa0 6a402aa0 6b402aa0 
00027320: 68802aa0 69802aa0 68c02aa0 69c02aa0 
00027330: 6a802aa0 6b802aa0 6ac02aa0 6bc02aa0 
00027340: 6c002aa0 6d002aa0 6c402aa0 6d402aa0 
00027350: 6e002aa0 6f002aa0 6e402aa0 6f402aa0 
00027360: 6c802aa0 6d802aa0 6cc02aa0 6dc02aa0 
00027370: 6e802aa0 6f802aa0 6ec02aa0 6fc02aa0 
00027380: 68002ba0 69002ba0 68402ba0 69402ba0 
00027390: 6a002ba0 6b002ba0 6a402ba0 6b402ba0 
000273a0: 68802ba0 69802ba0 68c02ba0 69c02ba0 
000273b0: 6a802ba0 6b802ba0 6ac02ba0 6bc02ba0 
000273c0: 6c002ba0 6d002ba0 6c402ba0 6d402ba0 
000273d0: 6e002ba0 6f002ba0 6e402ba0 6f402ba0 
000273e0: 6c802ba0 6d802ba0 6cc02ba0 6dc02ba0 
000273f0: 6e802ba0 6f802ba0 6ec02ba0 6fc02ba0 
00027400: 700028a0 710028a0 704028a0 714028a0 
00027410: 720028a0 730028a0 724028a0 734028a0 
00027420: 708028a0 718028a0 70c028a0 71c028a0 
00027430: 728028a0 738028a0 72c028a0 73c028a0 
00027440: 740028a0 750028a0 744028a0 754028a0 
00027450: 760028a0 770028a0 764028a0 774028a0 
00027460: 748028a0 758028a0 74c028a0 75c028a0 
00027470: 768028a0 778028a0 76c028a0 77c028a0 
00027480: 700029a0 710029a0 704029a0 714029a0 
00027490: 720029a0 730029a0 724029a0 734029a0 
000274a0: 708029a0 718029a0 70c029a0 71c029a0 
000274b0: 728029a0 738029a0 72c029a0 73c029a0 
000274c0: 740029a0 750029a0 744029a0 754029a0 
000274d0: 760029a0 770029a0 764029a0 774029a0 
000274e0: 748029a0 758029a0 74c029a0 75c029a0 
000274f0: 768029a0 778029a0 76c029a0 77c029a0 
00027500: 780028a0 790028a0 784028a0 794028a0 
00027510: 7a0028a0 7b0028a0 7a4028a0 7b4028a0 
00027520: 788028a0 798028a0 78c028a0 79c028a0 
00027530: 7a8028a0 7b8028a0 7ac028a0 7bc028a0 
00027540: 7c0028a0 7d0028a0 7c4028a0 7d4028a0 
00027550: 7e0028a0 7f0028a0 7e4028a0 7f4028a0 
00027560: 7c8028a0 7d8028a0 7cc028a0 7dc028a0 
00027570: 7e8028a0 7f8028a0 7ec028a0 7fc028a0 
00027580: 780029a0 790029a0 784029a0 794029a0 
00027590: 7a0029a0 7b0029a0 7a4029a0 7b4029a0 
000275a0: 788029a0 798029a0 78c029a0 79c029a0 
000275b0: 7a8029a0 7b8029a0 7ac029a0 7bc029a0 
000275c0: 7c0029a0 7d0029a0 7c4029a0 7d4029a0 
000275d0: 7e0029a0 7f0029a0 7e4029a0 7f4029a0 
000275e0: 7c8029a0 7d8029a0 7cc029a0 7dc029a0 
000275f0: 7e8029a0 7f8029a0 7ec029a0 7fc029a0 
00027600: 70002aa0 71002aa0 70402aa0 71402aa0 
00027610: 72002aa0 73002aa0 72402aa0 73402aa0 
00027620: 70802aa0 71802aa0 70c02aa0 71c02aa0 
00027630: 72802aa0 73802aa0 72c02aa0 73c02aa0 
00027640: 74002aa0 75002aa0 74402aa0 75402aa0 
00027650: 76002aa0 77002aa0 76402aa0 77402aa0 
00027660: 74802aa0 75802aa0 74c02aa0 75c02aa0 
00027670: 76802aa0 77802aa0 76c02aa0 77c02aa0 
00027680: 70002ba0 71002ba0 70402ba0 71402ba0 
00027690: 72002ba0 73002ba0 72402ba0 73402ba0 
000276a0: 70802ba0 71802ba0 70c02ba0 71c02ba0 
000276b0: 72802ba0 73802ba0 72c02ba0 73c02ba0 
000276c0: 74002ba0 75002ba0 74402ba0 75402ba0 
000276d0: 76002ba0 77002ba0 76402ba0 77402ba0 
000276e0: 74802ba0 75802ba0 74c02ba0 75c02ba0 
000276f0: 76802ba0 77802ba0 76c02ba0 77c02ba0 
00027700: 78002aa0 79002aa0 78402aa0 79402aa0 
00027710: 7a002aa0 7b002aa0 7a402aa0 7b402aa0 
00027720: 78802aa0 79802aa0 78c02aa0 79c02aa0 
00027730: 7a802aa0 7b802aa0 7ac02aa0 7bc02aa0 
00027740: 7c002aa0 7d002aa0 7c402aa0 7d402aa0 
00027750: 7e002aa0 7f002aa0 7e402aa0 7f402aa0 
00027760: 7c802aa0 7d802aa0 7cc02aa0 7dc02aa0 
00027770: 7e802aa0 7f802aa0 7ec02aa0 7fc02aa0 
00027780: 78002ba0 79002ba0 78402ba0 79402ba0 
00027790: 7a002ba0 7b002ba0 7a402ba0 7b402ba0 
000277a0: 78802ba0 79802ba0 78c02ba0 79c02ba0 
000277b0: 7a802ba0 7b802ba0 7ac02ba0 7bc02ba0 
000277c0: 7c002ba0 7d002ba0 7c402ba0 7d402ba0 
000277d0: 7e002ba0 7f002ba0 7e402ba0 7f402ba0 
000277e0: 7c802ba0 7d802ba0 7cc02ba0 7dc02ba0 
000277f0: 7e802ba0 7f802ba0 7ec02ba0 7fc02ba0 
00027800: 60002ca0 61002ca0 60402ca0 61402ca0 
00027810: 62002ca0 63002ca0 62402ca0 63402ca0 
00027820: 60802ca0 61802ca0 60c02ca0 61c02ca0 
00027830: 62802ca0 63802ca0 62c02ca0 63c02ca0 
00027840: 64002ca0 65002ca0 64402ca0 65402ca0 
00027850: 66002ca0 67002ca0 66402ca0 67402ca0 
00027860: 64802ca0 65802ca0 64c02ca0 65c02ca0 
00027870: 66802ca0 67802ca0 66c02ca0 67c02ca0 
00027880: 60002da0 61002da0 60402da0 61402da0 
00027890: 62002da0 63002da0 62402da0 63402da0 
000278a0: 60802da0 61802da0 60c02da0 61c02da0 
000278b0: 62802da0 63802da0 62c02da0 63c02da0 
000278c0: 64002da0 65002da0 64402da0 65402da0 
000278d0: 66002da0 67002da0 66402da0 67402da0 
000278e0: 64802da0 65802da0 64c02da0 65c02da0 
000278f0: 66802da0 67802da0 66c02da0 67c02da0 
00027900: 68002ca0 69002ca0 68402ca0 69402ca0 
00027910: 6a002ca0 6b002ca0 6a402ca0 6b402ca0 
00027920: 68802ca0 69802ca0 68c02ca0 69c02ca0 
00027930: 6a802ca0 6b802ca0 6ac02ca0 6bc02ca0 
00027940: 6c002ca0 6d002ca0 6c402ca0 6d402ca0 
00027950: 6e002ca0 6f002ca0 6e402ca0 6f402ca0 
00027960: 6c802ca0 6d802ca0 6cc02ca0 6dc02ca0 
00027970: 6e802ca0 6f802ca0 6ec02ca0 6fc02ca0 
00027980: 68002da0 69002da0 68402da0 69402da0 
00027990: 6a002da0 6b002da0 6a402da0 6b402da0 
000279a0: 68802da0 69802da0 68c02da0 69c02da0 
000279b0: 6a802da0 6b802da0 6ac02da0 6bc02da0 
000279c0: 6c002da0 6d002da0 6c402da0 6d402da0 
000279d0: 6e002da0 6f002da0 6e402da0 6f402da0 
000279e0: 6c802da0 6d802da0 6cc02da0 6dc02da0 
000279f0: 6e802da0 6f802da0 6ec02da0 6fc02da0 
00027a00: 60002ea0 61002ea0 60402ea0 61402ea0 
00027a10: 62002ea0 63002ea0 62402ea0 63402ea0 
00027a20: 60802ea0 61802ea0 60c02ea0 61c02ea0 
00027a30: 62802ea0 63802ea0 62c02ea0 63c02ea0 
00027a40: 64002ea0 65002ea0 64402ea0 65402ea0 
00027a50: 66002ea0 67002ea0 66402ea0 67402ea0 
00027a60: 64802ea0 65802ea0 64c02ea0 65c02ea0 
00027a70: 66802ea0 67802ea0 66c02ea0 67c02ea0 
00027a80: 60002fa0 61002fa0 60402fa0 61402fa0 
00027a90: 62002fa0 63002fa0 62402fa0 63402fa0 
00027aa0: 60802fa0 61802fa0 60c02fa0 61c02fa0 
00027ab0: 62802fa0 63802fa0 62c02fa0 63c02fa0 
00027ac0: 64002fa0 65002fa0 64402fa0 65402fa0 
00027ad0: 66002fa0 67002fa0 66402fa0 67402fa0 
00027ae0: 64802fa0 65802fa0 64c02fa0 65c02fa0 
00027af0: 66802fa0 67802fa0 66c02fa0 67c02fa0 
00027b00: 68002ea0 69002ea0 68402ea0 69402ea0 
00027b10: 6a002ea0 6b002ea0 6a402ea0 6b402ea0 
00027b20: 68802ea0 69802ea0 68c02ea0 69c02ea0 
00027b30: 6a802ea0 6b802ea0 6ac02ea0 6bc02ea0 
00027b40: 6c002ea0 6d002ea0 6c402ea0 6d402ea0 
00027b50: 6e002ea0 6f002ea0 6e402ea0 6f402ea0 
00027b60: 6c802ea0 6d802ea0 6cc02ea0 6dc02ea0 
00027b70: 6e802ea0 6f802ea0 6ec02ea0 6fc02ea0 
00027b80: 68002fa0 69002fa0 68402fa0 69402fa0 
00027b90: 6a002fa0 6b002fa0 6a402fa0 6b402fa0 
00027ba0: 68802fa0 69802fa0 68c02fa0 69c02fa0 
00027bb0: 6a802fa0 6b802fa0 6ac02fa0 6bc02fa0 
00027bc0: 6c002fa0 6d002fa0 6c402fa0 6d402fa0 
00027bd0: 6e002fa0 6f002fa0 6e402fa0 6f402fa0 
00027be0: 6c802fa0 6d802fa0 6cc02fa0 6dc02fa0 
00027bf0: 6e802fa0 6f802fa0 6ec02fa0 6fc02fa0 
00027c00: 70002ca0 71002ca0 70402ca0 71402ca0 
00027c10: 72002ca0 73002ca0 72402ca0 73402ca0 
00027c20: 70802ca0 71802ca0 70c02ca0 71c02ca0 
00027c30: 72802ca0 73802ca0 72c02ca0 73c02ca0 
00027c40: 74002ca0 75002ca0 74402ca0 75402ca0 
00027c50: 76002ca0 77002ca0 76402ca0 77402ca0 
00027c60: 74802ca0 75802ca0 74c02ca0 75c02ca0 
00027c70: 76802ca0 77802ca0 76c02ca0 77c02ca0 
00027c80: 70002da0 71002da0 70402da0 71402da0 
00027c90: 72002da0 73002da0 72402da0 73402da0 
00027ca0: 70802da0 71802da0 70c02da0 71c02da0 
00027cb0: 72802da0 73802da0 72c02da0 73c02da0 
00027cc0: 74002da0 75002da0 74402da0 75402da0 
00027cd0: 76002da0 77002da0 76402da0 77402da0 
00027ce0: 74802da0 75802da0 74c02da0 75c02da0 
00027cf0: 76802da0 77802da0 76c02da0 77c02da0 
00027d00: 78002ca0 79002ca0 78402ca0 79402ca0 
00027d10: 7a002ca0 7b002ca0 7a402ca0 7b402ca0 
00027d20: 78802ca0 79802ca0 78c02ca0 79c02ca0 
00027d30: 7a802ca0 7b802ca0 7ac02ca0 7bc02ca0 
00027d40: 7c002ca0 7d002ca0 7c402ca0 7d402ca0 
00027d50: 7e002ca0 7f002ca0 7e402ca0 7f402ca0 
00027d60: 7c802ca0 7d802ca0 7cc02ca0 7dc02ca0 
00027d70: 7e802ca0 7f802ca0 7ec02ca0 7fc02ca0 
00027d80: 78002da0 79002da0 78402da0 79402da0 
00027d90: 7a002da0 7b002da0 7a402da0 7b402da0 
00027da0: 78802da0 79802da0 78c02da0 79c02da0 
00027db0: 7a802da0 7b802da0 7ac02da0 7bc02da0 
00027dc0: 7c002da0 7d002da0 7c402da0 7d402da0 
00027dd0: 7e002da0 7f002da0 7e402da0 7f402da0 
00027de0: 7c802da0 7d802da0 7cc02da0 7dc02da0 
00027df0: 7e802da0 7f802da0 7ec02da0 7fc02da0 
00027e00: 70002ea0 71002ea0 70402ea0 71402ea0 
00027e10: 72002ea0 73002ea0 72402ea0 73402ea0 
00027e20: 70802ea0 71802ea0 70c02ea0 71c02ea0 
00027e30: 72802ea0 73802ea0 72c02ea0 73c02ea0 
00027e40: 74002ea0 75002ea0 74402ea0 75402ea0 
00027e50: 76002ea0 77002ea0 76402ea0 77402ea0 
00027e60: 74802ea0 75802ea0 74c02ea0 75c02ea0 
00027e70: 76802ea0 77802ea0 76c02ea0 77c02ea0 
00027e80: 70002fa0 71002fa0 70402fa0 71402fa0 
00027e90: 72002fa0 73002fa0 72402fa0 73402fa0 
00027ea0: 70802fa0 71802fa0 70c02fa0 71c02fa0 
00027eb0: 72802fa0 73802fa0 72c02fa0 73c02fa0 
00027ec0: 74002fa0 75002fa0 74402fa0 75402fa0 
00027ed0: 76002fa0 77002fa0 76402fa0 77402fa0 
00027ee0: 74802fa0 75802fa0 74c02fa0 75c02fa0 
00027ef0: 76802fa0 77802fa0 76c02fa0 77c02fa0 
00027f00: 78002ea0 79002ea0 78402ea0 79402ea0 
00027f10: 7a002ea0 7b002ea0 7a402ea0 7b402ea0 
00027f20: 78802ea0 79802ea0 78c02ea0 79c02ea0 
00027f30: 7a802ea0 7b802ea0 7ac02ea0 7bc02ea0 
00027f40: 7c002ea0 7d002ea0 7c402ea0 7d402ea0 
00027f50: 7e002ea0 7f002ea0 7e402ea0 7f402ea0 
00027f60: 7c802ea0 7d802ea0 7cc02ea0 7dc02ea0 
00027f70: 7e802ea0 7f802ea0 7ec02ea0 7fc02ea0 
00027f80: 78002fa0 79002fa0 78402fa0 79402fa0 
00027f90: 7a002fa0 7b002fa0 7a402fa0 7b402fa0 
00027fa0: 78802fa0 79802fa0 78c02fa0 79c02fa0 
00027fb0: 7a802fa0 7b802fa0 7ac02fa0 7bc02fa0 
00027fc0: 7c002fa0 7d002fa0 7c402fa0 7d402fa0 
00027fd0: 7e002fa0 7f002fa0 7e402fa0 7f402fa0 
00027fe0: 7c802fa0 7d802fa0 7cc02fa0 7dc02fa0 
00027ff0: 7e802fa0 7f802fa0 7ec02fa0 7fc02fa0 
00028000: 800020a0 810020a0 804020a0 814020a0 
00028010: 820020a0 830020a0 824020a0 834020a0 
00028020: 808020a0 818020a0 80c020a0 81c020a0 
00028030: 828020a0 838020a0 82c020a0 83c020a0 
00028040: 840020a0 850020a0 844020a0 854020a0 
00028050: 860020a0 870020a0 864020a0 874020a0 
00028060: 848020a0 858020a0 84c020a0 85c020a0 
00028070: 868020a0 878020a0 86c020a0 87c020a0 
00028080: 800021a0 810021a0 804021a0 814021a0 
00028090: 820021a0 830021a0 824021a0 834021a0 
000280a0: 808021a0 818021a0 80c021a0 81c021a0 
000280b0: 828021a0 838021a0 82c021a0 83c021a0 
000280c0: 840021a0 850021a0 844021a0 854021a0 
000280d0: 860021a0 870021a0 864021a0 874021a0 
000280e0: 848021a0 858021a0 84c021a0 85c021a0 
000280f0: 868021a0 878021a0 86c021a0 87c021a0 
00028100: 880020a0 890020a0 884020a0 894020a0 
00028110: 8a0020a0 8b0020a0 8a4020a0 8b4020a0 
00028120: 888020a0 898020a0 88c020a0 89c020a0 
00028130: 8a8020a0 8b8020a0 8ac020a0 8bc020a0 
00028140: 8c0020a0 8d0020a0 8c4020a0 8d4020a0 
00028150: 8e0020a0 8f0020a0 8e4020a0 8f4020a0 
00028160: 8c8020a0 8d8020a0 8cc020a0 8dc020a0 
00028170: 8e8020a0 8f8020a0 8ec020a0 8fc020a0 
00028180: 880021a0 890021a0 884021a0 894021a0 
00028190: 8a0021a0 8b0021a0 8a4021a0 8b4021a0 
000281a0: 888021a0 898021a0 88c021a0 89c021a0 
000281b0: 8a8021a0 8b8021a0 8ac021a0 8bc021a0 
000281c0: 8c0021a0 8d0021a0 8c4021a0 8d4021a0 
000281d0: 8e0021a0 8f0021a0 8e4021a0 8f4021a0 
000281e0: 8c8021a0 8d8021a0 8cc021a0 8dc021a0 
000281f0: 8e8021a0 8f8021a0 8ec021a0 8fc021a0 
00028200: 800022a0 810022a0 804022a0 814022a0 
00028210: 820022a0 830022a0 824022a0 834022a0 
00028220: 808022a0 818022a0 80c022a0 81c022a0 
00028230: 828022a0 838022a0 82c022a0 83c022a0 
00028240: 840022a0 850022a0 844022a0 854022a0 
00028250: 860022a0 870022a0 864022a0 874022a0 
00028260: 848022a0 858022a0 84c022a0 85c022a0 
00028270: 868022a0 878022a0 86c022a0 87c022a0 
00028280: 800023a0 810023a0 804023a0 814023a0 
00028290: 820023a0 830023a0 824023a0 834023a0 
000282a0: 808023a0 818023a0 80c023a0 81c023a0 
000282b0: 828023a0 838023a0 82c023a0 83c023a0 
000282c0: 840023a0 850023a0 844023a0 854023a0 
000282d0: 860023a0 870023a0 864023a0 874023a0 
000282e0: 848023a0 858023a0 84c023a0 85c023a0 
000282f0: 868023a0 878023a0 86c023a0 87c023a0 
00028300: 880022a0 890022a0 884022a0 894022a0 
00028310: 8a0022a0 8b0022a0 8a4022a0 8b4022a0 
00028320: 888022a0 898022a0 88c022a0 89c022a0 
00028330: 8a8022a0 8b8022a0 8ac022a0 8bc022a0 
00028340: 8c0022a0 8d0022a0 8c4022a0 8d4022a0 
00028350: 8e0022a0 8f0022a0 8e4022a0 8f4022a0 
00028360: 8c8022a0 8d8022a0 8cc022a0 8dc022a0 
00028370: 8e8022a0 8f8022a0 8ec022a0 8fc022a0 
00028380: 880023a0 890023a0 884023a0 894023a0 
00028390: 8a0023a0 8b0023a0 8a4023a0 8b4023a0 
000283a0: 888023a0 898023a0 88c023a0 89c023a0 
000283b0: 8a8023a0 8b8023a0 8ac023a0 8bc023a0 
000283c0: 8c0023a0 8d0023a0 8c4023a0 8d4023a0 
000283d0: 8e0023a0 8f0023a0 8e4023a0 8f4023a0 
000283e0: 8c8023a0 8d8023a0 8cc023a0 8dc023a0 
000283f0: 8e8023a0 8f8023a0 8ec023a0 8fc023a0 
00028400: 900020a0 910020a0 904020a0 914020a0 
00028410: 920020a0 930020a0 924020a0 934020a0 
00028420: 908020a0 918020a0 90c020a0 91c020a0 
00028430: 928020a0 938020a0 92c020a0 93c020a0 
00028440: 940020a0 950020a0 944020a0 954020a0 
00028450: 960020a0 970020a0 964020a0 974020a0 
00028460: 948020a0 958020a0 94c020a0 95c020a0 
00028470: 968020a0 978020a0 96c020a0 97c020a0 
00028480: 900021a0 910021a0 904021a0 914021a0 
00028490: 920021a0 930021a0 924021a0 934021a0 
000284a0: 908021a0 918021a0 90c021a0 91c021a0 
000284b0: 928021a0 938021a0 92c021a0 93c021a0 
000284c0: 940021a0 950021a0 944021a0 954021a0 
000284d0: 960021a0 970021a0 964021a0 974021a0 
000284e0: 948021a0 958021a0 94c021a0 95c021a0 
000284f0: 968021a0 978021a0 96c021a0 97c021a0 
00028500: 980020a0 990020a0 984020a0 994020a0 
00028510: 9a0020a0 9b0020a0 9a4020a0 9b4020a0 
00028520: 988020a0 998020a0 98c020a0 99c020a0 
00028530: 9a8020a0 9b8020a0 9ac020a0 9bc020a0 
00028540: 9c0020a0 9d0020a0 9c4020a0 9d4020a0 
00028550: 9e0020a0 9f0020a0 9e4020a0 9f4020a0 
00028560: 9c8020a0 9d8020a0 9cc020a0 9dc020a0 
00028570: 9e8020a0 9f8020a0 9ec020a0 9fc020a0 
00028580: 980021a0 990021a0 984021a0 994021a0 
00028590: 9a0021a0 9b0021a0 9a4021a0 9b4021a0 
000285a0: 988021a0 998021a0 98c021a0 99c021a0 
000285b0: 9a8021a0 9b8021a0 9ac021a0 9bc021a0 
000285c0: 9c0021a0 9d0021a0 9c4021a0 9d4021a0 
000285d0: 9e0021a0 9f0021a0 9e4021a0 9f4021a0 
000285e0: 9c8021a0 9d8021a0 9cc021a0 9dc021a0 
000285f0: 9e8021a0 9f8021a0 9ec021a0 9fc021a0 
00028600: 900022a0 910022a0 904022a0 914022a0 
00028610: 920022a0 930022a0 924022a0 934022a0 
00028620: 908022a0 918022a0 90c022a0 91c022a0 
00028630: 928022a0 938022a0 92c022a0 93c022a0 
00028640: 940022a0 950022a0 944022a0 954022a0 
00028650: 960022a0 970022a0 964022a0 974022a0 
00028660: 948022a0 958022a0 94c022a0 95c022a0 
00028670: 968022a0 978022a0 96c022a0 97c022a0 
00028680: 900023a0 910023a0 904023a0 914023a0 
00028690: 920023a0 930023a0 924023a0 934023a0 
000286a0: 908023a0 918023a0 90c023a0 91c023a0 
000286b0: 928023a0 938023a0 92c023a0 93c023a0 
000286c0: 940023a0 950023a0 944023a0 954023a0 
000286d0: 960023a0 970023a0 964023a0 974023a0 
000286e0: 948023a0 958023a0 94c023a0 95c023a0 
000286f0: 968023a0 978023a0 96c023a0 97c023a0 
00028700: 980022a0 990022a0 984022a0 994022a0 
00028710: 9a0022a0 9b0022a0 9a4022a0 9b4022a0 
00028720: 988022a0 998022a0 98c022a0 99c022a0 
00028730: 9a8022a0 9b8022a0 9ac022a0 9bc022a0 
00028740: 9c0022a0 9d0022a0 9c4022a0 9d4022a0 
00028750: 9e0022a0 9f0022a0 9e4022a0 9f4022a0 
00028760: 9c8022a0 9d8022a0 9cc022a0 9dc022a0 
00028770: 9e8022a0 9f8022a0 9ec022a0 9fc022a0 
00028780: 980023a0 990023a0 984023a0 994023a0 
00028790: 9a0023a0 9b0023a0 9a4023a0 9b4023a0 
000287a0: 988023a0 998023a0 98c023a0 99c023a0 
000287b0: 9a8023a0 9b8023a0 9ac023a0 9bc023a0 
000287c0: 9c0023a0 9d0023a0 9c4023a0 9d4023a0 
000287d0: 9e0023a0 9f0023a0 9e4023a0 9f4023a0 
000287e0: 9c8023a0 9d8023a0 9cc023a0 9dc023a0 
000287f0: 9e8023a0 9f8023a0 9ec023a0 9fc023a0 
00028800: 800024a0 810024a0 804024a0 814024a0 
00028810: 820024a0 830024a0 824024a0 834024a0 
00028820: 808024a0 818024a0 80c024a0 81c024a0 
00028830: 828024a0 838024a0 82c024a0 83c024a0 
00028840: 840024a0 850024a0 844024a0 854024a0 
00028850: 860024a0 870024a0 864024a0 874024a0 
00028860: 848024a0 858024a0 84c024a0 85c024a0 
00028870: 868024a0 878024a0 86c024a0 87c024a0 
00028880: 800025a0 810025a0 804025a0 814025a0 
00028890: 820025a0 830025a0 824025a0 834025a0 
000288a0: 808025a0 818025a0 80c025a0 81c025a0 
000288b0: 828025a0 838025a0 82c025a0 83c025a0 
000288c0: 840025a0 850025a0 844025a0 854025a0 
000288d0: 860025a0 870025a0 864025a0 874025a0 
000288e0: 848025a0 858025a0 84c025a0 85c025a0 
000288f0: 868025a0 878025a0 86c025a0 87c025a0 
00028900: 880024a0 890024a0 884024a0 894024a0 
00028910: 8a0024a0 8b0024a0 8a4024a0 8b4024a0 
00028920: 888024a0 898024a0 88c024a0 89c024a0 
00028930: 8a8024a0 8b8024a0 8ac024a0 8bc024a0 
00028940: 8c0024a0 8d0024a0 8c4024a0 8d4024a0 
00028950: 8e0024a0 8f0024a0 8e4024a0 8f4024a0 
00028960: 8c8024a0 8d8024a0 8cc024a0 8dc024a0 
00028970: 8e8024a0 8f8024a0 8ec024a0 8fc024a0 
00028980: 880025a0 890025a0 884025a0 894025a0 
00028990: 8a0025a0 8b0025a0 8a4025a0 8b4025a0 
000289a0: 888025a0 898025a0 88c025a0 89c025a0 
000289b0: 8a8025a0 8b8025a0 8ac025a0 8bc025a0 
000289c0: 8c0025a0 8d0025a0 8c4025a0 8d4025a0 
000289d0: 8e0025a0 8f0025a0 8e4025a0 8f4025a0 
000289e0: 8c8025a0 8d8025a0 8cc025a0 8dc025a0 
000289f0: 8e8025a0 8f8025a0 8ec025a0 8fc025a0 
00028a00: 800026a0 810026a0 804026a0 814026a0 
00028a10: 820026a0 830026a0 824026a0 834026a0 
00028a20: 808026a0 818026a0 80c026a0 81c026a0 
00028a30: 828026a0 838026a0 82c026a0 83c026a0 
00028a40: 840026a0 850026a0 844026a0 854026a0 
00028a50: 860026a0 870026a0 864026a0 874026a0 
00028a60: 848026a0 858026a0 84c026a0 85c026a0 
00028a70: 868026a0 878026a0 86c026a0 87c026a0 
00028a80: 800027a0 810027a0 804027a0 814027a0 
00028a90: 820027a0 830027a0 824027a0 834027a0 
00028aa0: 808027a0 818027a0 80c027a0 81c027a0 
00028ab0: 828027a0 838027a0 82c027a0 83c027a0 
00028ac0: 840027a0 850027a0 844027a0 854027a0 
00028ad0: 860027a0 870027a0 864027a0 874027a0 
00028ae0: 848027a0 858027a0 84c027a0 85c027a0 
00028af0: 868027a0 878027a0 86c027a0 87c027a0 
00028b00: 880026a0 890026a0 884026a0 894026a0 
00028b10: 8a0026a0 8b0026a0 8a4026a0 8b4026a0 
00028b20: 888026a0 898026a0 88c026a0 89c026a0 
00028b30: 8a8026a0 8b8026a0 8ac026a0 8bc026a0 
00028b40: 8c0026a0 8d0026a0 8c4026a0 8d4026a0 
00028b50: 8e0026a0 8f0026a0 8e4026a0 8f4026a0 
00028b60: 8c8026a0 8d8026a0 8cc026a0 8dc026a0 
00028b70: 8e8026a0 8f8026a0 8ec026a0 8fc026a0 
00028b80: 880027a0 890027a0 884027a0 894027a0 
00028b90: 8a0027a0 8b0027a0 8a4027a0 8b4027a0 
00028ba0: 888027a0 898027a0 88c027a0 89c027a0 
00028bb0: 8a8027a0 8b8027a0 8ac027a0 8bc027a0 
00028bc0: 8c0027a0 8d0027a0 8c4027a0 8d4027a0 
00028bd0: 8e0027a0 8f0027a0 8e4027a0 8f4027a0 
00028be0: 8c8027a0 8d8027a0 8cc027a0 8dc027a0 
00028bf0: 8e8027a0 8f8027a0 8ec027a0 8fc027a0 
00028c00: 900024a0 910024a0 904024a0 914024a0 
00028c10: 920024a0 930024a0 924024a0 934024a0 
00028c20: 908024a0 918024a0 90c024a0 91c024a0 
00028c30: 928024a0 938024a0 92c024a0 93c024a0 
00028c40: 940024a0 950024a0 944024a0 954024a0 
00028c50: 960024a0 970024a0 964024a0 974024a0 
00028c60: 948024a0 958024a0 94c024a0 95c024a0 
00028c70: 968024a0 978024a0 96c024a0 97c024a0 
00028c80: 900025a0 910025a0 904025a0 914025a0 
00028c90: 920025a0 930025a0 924025a0 934025a0 
00028ca0: 908025a0 918025a0 90c025a0 91c025a0 
00028cb0: 928025a0 938025a0 92c025a0 93c025a0 
00028cc0: 940025a0 950025a0 944025a0 954025a0 
00028cd0: 960025a0 970025a0 964025a0 974025a0 
00028ce0: 948025a0 958025a0 94c025a0 95c025a0 
00028cf0: 968025a0 978025a0 96c025a0 97c025a0 
00028d00: 980024a0 990024a0 984024a0 994024a0 
00028d10: 9a0024a0 9b0024a0 9a4024a0 9b4024a0 
00028d20: 988024a0 998024a0 98c024a0 99c024a0 
00028d30: 9a8024a0 9b8024a0 9ac024a0 9bc024a0 
00028d40: 9c0024a0 9d0024a0 9c4024a0 9d4024a0 
00028d50: 9e0024a0 9f0024a0 9e4024a0 9f4024a0 
00028d60: 9c8024a0 9d8024a0 9cc024a0 9dc024a0 
00028d70: 9e8024a0 9f8024a0 9ec024a0 9fc024a0 
00028d80: 980025a0 990025a0 984025a0 994025a0 
00028d90: 9a0025a0 9b0025a0 9a4025a0 9b4025a0 
00028da0: 988025a0 998025a0 98c025a0 99c025a0 
00028db0: 9a8025a0 9b8025a0 9ac025a0 9bc025a0 
00028dc0: 9c0025a0 9d0025a0 9c4025a0 9d4025a0 
00028dd0: 9e0025a0 9f0025a0 9e4025a0 9f4025a0 
00028de0: 9c8025a0 9d8025a0 9cc025a0 9dc025a0 
00028df0: 9e8025a0 9f8025a0 9ec025a0 9fc025a0 
00028e00: 900026a0 910026a0 904026a0 914026a0 
00028e10: 920026a0 930026a0 924026a0 934026a0 
00028e20: 908026a0 918026a0 90c026a0 91c026a0 
00028e30: 928026a0 938026a0 92c026a0 93c026a0 
00028e40: 940026a0 950026a0 944026a0 954026a0 
00028e50: 960026a0 970026a0 964026a0 974026a0 
00028e60: 948026a0 958026a0 94c026a0 95c026a0 
00028e70: 968026a0 978026a0 96c026a0 97c026a0 
00028e80: 900027a0 910027a0 904027a0 914027a0 
00028e90: 920027a0 930027a0 924027a0 934027a0 
00028ea0: 908027a0 918027a0 90c027a0 91c027a0 
00028eb0: 928027a0 938027a0 92c027a0 93c027a0 
00028ec0: 940027a0 950027a0 944027a0 954027a0 
00028ed0: 960027a0 970027a0 964027a0 974027a0 
00028ee0: 948027a0 958027a0 94c027a0 95c027a0 
00028ef0: 968027a0 978027a0 96c027a0 97c027a0 
00028f00: 980026a0 990026a0 984026a0 994026a0 
00028f10: 9a0026a0 9b0026a0 9a4026a0 9b4026a0 
00028f20: 988026a0 998026a0 98c026a0 99c026a0 
00028f30: 9a8026a0 9b8026a0 9ac026a0 9bc026a0 
00028f40: 9c0026a0 9d0026a0 9c4026a0 9d4026a0 
00028f50: 9e0026a0 9f0026a0 9e4026a0 9f4026a0 
00028f60: 9c8026a0 9d8026a0 9cc026a0 9dc026a0 
00028f70: 9e8026a0 9f8026a0 9ec026a0 9fc026a0 
00028f80: 980027a0 990027a0 984027a0 994027a0 
00028f90: 9a0027a0 9b0027a0 9a4027a0 9b4027a0 
00028fa0: 988027a0 998027a0 98c027a0 99c027a0 
00028fb0: 9a8027a0 9b8027a0 9ac027a0 9bc027a0 
00028fc0: 9c0027a0 9d0027a0 9c4027a0 9d4027a0 
00028fd0: 9e0027a0 9f0027a0 9e4027a0 9f4027a0 
00028fe0: 9c8027a0 9d8027a0 9cc027a0 9dc027a0 
00028ff0: 9e8027a0 9f8027a0 9ec027a0 9fc027a0 
00029000: a00020a0 a10020a0 a04020a0 a14020a0 
00029010: a20020a0 a30020a0 a24020a0 a34020a0 
00029020: a08020a0 a18020a0 a0c020a0 a1c020a0 
00029030: a28020a0 a38020a0 a2c020a0 a3c020a0 
00029040: a40020a0 a50020a0 a44020a0 a54020a0 
00029050: a60020a0 a70020a0 a64020a0 a74020a0 
00029060: a48020a0 a58020a0 a4c020a0 a5c020a0 
00029070: a68020a0 a78020a0 a6c020a0 a7c020a0 
00029080: a00021a0 a10021a0 a04021a0 a14021a0 
00029090: a20021a0 a30021a0 a24021a0 a34021a0 
000290a0: a08021a0 a18021a0 a0c021a0 a1c021a0 
000290b0: a28021a0 a38021a0 a2c021a0 a3c021a0 
000290c0: a40021a0 a50021a0 a44021a0 a54021a0 
000290d0: a60021a0 a70021a0 a64021a0 a74021a0 
000290e0: a48021a0 a58021a0 a4c021a0 a5c021a0 
000290f0: a68021a0 a78021a0 a6c021a0 a7c021a0 
00029100: a80020a0 a90020a0 a84020a0 a94020a0 
00029110: aa0020a0 ab0020a0 aa4020a0 ab4020a0 
00029120: a88020a0 a98020a0 a8c020a0 a9c020a0 
00029130: aa8020a0 ab8020a0 aac020a0 abc020a0 
00029140: ac0020a0 ad0020a0 ac4020a0 ad4020a0 
00029150: ae0020a0 af0020a0 ae4020a0 af4020a0 
00029160: ac8020a0 ad8020a0 acc020a0 adc020a0 
00029170: ae8020a0 af8020a0 aec020a0 afc020a0 
00029180: a80021a0 a90021a0 a84021a0 a94021a0 
00029190: aa0021a0 ab0021a0 aa4021a0 ab4021a0 
000291a0: a88021a0 a98021a0 a8c021a0 a9c021a0 
000291b0: aa8021a0 ab8021a0 aac021a0 abc021a0 
000291c0: ac0021a0 ad0021a0 ac4021a0 ad4021a0 
000291d0: ae0021a0 af0021a0 ae4021a0 af4021a0 
000291e0: ac8021a0 ad8021a0 acc021a0 adc021a0 
000291f0: ae8021a0 af8021a0 aec021a0 afc021a0 
00029200: a00022a0 a10022a0 a04022a0 a14022a0 
00029210: a20022a0 a30022a0 a24022a0 a34022a0 
00029220: a08022a0 a18022a0 a0c022a0 a1c022a0 
00029230: a28022a0 a38022a0 a2c022a0 a3c022a0 
00029240: a40022a0 a50022a0 a44022a0 a54022a0 
00029250: a60022a0 a70022a0 a64022a0 a74022a0 
00029260: a48022a0 a58022a0 a4c022a0 a5c022a0 
00029270: a68022a0 a78022a0 a6c022a0 a7c022a0 
00029280: a00023a0 a10023a0 a04023a0 a14023a0 
00029290: a20023a0 a30023a0 a24023a0 a34023a0 
000292a0: a08023a0 a18023a0 a0c023a0 a1c023a0 
000292b0: a28023a0 a38023a0 a2c023a0 a3c023a0 
000292c0: a40023a0 a50023a0 a44023a0 a54023a0 
000292d0: a60023a0 a70023a0 a64023a0 a74023a0 
000292e0: a48023a0 a58023a0 a4c023a0 a5c023a0 
000292f0: a68023a0 a78023a0 a6c023a0 a7c023a0 
00029300: a80022a0 a90022a0 a84022a0 a94022a0 
00029310: aa0022a0 ab0022a0 aa4022a0 ab4022a0 
00029320: a88022a0 a98022a0 a8c022a0 a9c022a0 
00029330: aa8022a0 ab8022a0 aac022a0 abc022a0 
00029340: ac0022a0 ad0022a0 ac4022a0 ad4022a0 
00029350: ae0022a0 af0022a0 ae4022a0 af4022a0 
00029360: ac8022a0 ad8022a0 acc022a0 adc022a0 
00029370: ae8022a0 af8022a0 aec022a0 afc022a0 
00029380: a80023a0 a90023a0 a84023a0 a94023a0 
00029390: aa0023a0 ab0023a0 aa4023a0 ab4023a0 
000293a0: a88023a0 a98023a0 a8c023a0 a9c023a0 
000293b0: aa8023a0 ab8023a0 aac023a0 abc023a0 
000293c0: ac0023a0 ad0023a0 ac4023a0 ad4023a0 
000293d0: ae0023a0 af0023a0 ae4023a0 af4023a0 
000293e0: ac8023a0 ad8023a0 acc023a0 adc023a0 
000293f0: ae8023a0 af8023a0 aec023a0 afc023a0 
00029400: b00020a0 b10020a0 b04020a0 b14020a0 
00029410: b20020a0 b30020a0 b24020a0 b34020a0 
00029420: b08020a0 b18020a0 b0c020a0 b1c020a0 
00029430: b28020a0 b38020a0 b2c020a0 b3c020a0 
00029440: b40020a0 b50020a0 b44020a0 b54020a0 
00029450: b60020a0 b70020a0 b64020a0 b74020a0 
00029460: b48020a0 b58020a0 b4c020a0 b5c020a0 
00029470: b68020a0 b78020a0 b6c020a0 b7c020a0 
00029480: b00021a0 b10021a0 b04021a0 b14021a0 
00029490: b20021a0 b30021a0 b24021a0 b34021a0 
000294a0: b08021a0 b18021a0 b0c021a0 b1c021a0 
000294b0: b28021a0 b38021a0 b2c021a0 b3c021a0 
000294c0: b40021a0 b50021a0 b44021a0 b54021a0 
000294d0: b60021a0 b70021a0 b64021a0 b74021a0 
000294e0: b48021a0 b58021a0 b4c021a0 b5c021a0 
000294f0: b68021a0 b78021a0 b6c021a0 b7c021a0 
00029500: b80020a0 b90020a0 b84020a0 b94020a0 
00029510: ba0020a0 bb0020a0 ba4020a0 bb4020a0 
00029520: b88020a0 b98020a0 b8c020a0 b9c020a0 
00029530: ba8020a0 bb8020a0 bac020a0 bbc020a0 
00029540: bc0020a0 bd0020a0 bc4020a0 bd4020a0 
00029550: be0020a0 bf0020a0 be4020a0 bf4020a0 
00029560: bc8020a0 bd8020a0 bcc020a0 bdc020a0 
00029570: be8020a0 bf8020a0 bec020a0 bfc020a0 
00029580: b80021a0 b90021a0 b84021a0 b94021a0 
00029590: ba0021a0 bb0021a0 ba4021a0 bb4021a0 
000295a0: b88021a0 b98021a0 b8c021a0 b9c021a0 
000295b0: ba8021a0 bb8021a0 bac021a0 bbc021a0 
000295c0: bc0021a0 bd0021a0 bc4021a0 bd4021a0 
000295d0: be0021a0 bf0021a0 be4021a0 bf4021a0 
000295e0: bc8021a0 bd8021a0 bcc021a0 bdc021a0 
000295f0: be8021a0 bf8021a0 bec021a0 bfc021a0 
00029600: b00022a0 b10022a0 b04022a0 b14022a0 
00029610: b20022a0 b30022a0 b24022a0 b34022a0 
00029620: b08022a0 b18022a0 b0c022a0 b1c022a0 
00029630: b28022a0 b38022a0 b2c022a0 b3c022a0 
00029640: b40022a0 b50022a0 b44022a0 b54022a0 
00029650: b60022a0 b70022a0 b64022a0 b74022a0 
00029660: b48022a0 b58022a0 b4c022a0 b5c022a0 
00029670: b68022a0 b78022a0 b6c022a0 b7c022a0 
00029680: b00023a0 b10023a0 b04023a0 b14023a0 
00029690: b20023a0 b30023a0 b24023a0 b34023a0 
000296a0: b08023a0 b18023a0 b0c023a0 b1c023a0 
000296b0: b28023a0 b38023a0 b2c023a0 b3c023a0 
000296c0: b40023a0 b50023a0 b44023a0 b54023a0 
000296d0: b60023a0 b70023a0 b64023a0 b74023a0 
000296e0: b48023a0 b58023a0 b4c023a0 b5c023a0 
000296f0: b68023a0 b78023a0 b6c023a0 b7c023a0 
00029700: b80022a0 b90022a0 b84022a0 b94022a0 
00029710: ba0022a0 bb0022a0 ba4022a0 bb4022a0 
00029720: b88022a0 b98022a0 b8c022a0 b9c022a0 
00029730: ba8022a0 bb8022a0 bac022a0 bbc022a0 
00029740: bc0022a0 bd0022a0 bc4022a0 bd4022a0 
00029750: be0022a0 bf0022a0 be4022a0 bf4022a0 
00029760: bc8022a0 bd8022a0 bcc022a0 bdc022a0 
00029770: be8022a0 bf8022a0 bec022a0 bfc022a0 
00029780: b80023a0 b90023a0 b84023a0 b94023a0 
00029790: ba0023a0 bb0023a0 ba4023a0 bb4023a0 
000297a0: b88023a0 b98023a0 b8c023a0 b9c023a0 
000297b0: ba8023a0 bb8023a0 bac023a0 bbc023a0 
000297c0: bc0023a0 bd0023a0 bc4023a0 bd4023a0 
000297d0: be0023a0 bf0023a0 be4023a0 bf4023a0 
000297e0: bc8023a0 bd8023a0 bcc023a0 bdc023a0 
000297f0: be8023a0 bf8023a0 bec023a0 bfc023a0 
00029800: a00024a0 a10024a0 a04024a0 a14024a0 
00029810: a20024a0 a30024a0 a24024a0 a34024a0 
00029820: a08024a0 a18024a0 a0c024a0 a1c024a0 
00029830: a28024a0 a38024a0 a2c024a0 a3c024a0 
00029840: a40024a0 a50024a0 a44024a0 a54024a0 
00029850: a60024a0 a70024a0 a64024a0 a74024a0 
00029860: a48024a0 a58024a0 a4c024a0 a5c024a0 
00029870: a68024a0 a78024a0 a6c024a0 a7c024a0 
00029880: a00025a0 a10025a0 a04025a0 a14025a0 
00029890: a20025a0 a30025a0 a24025a0 a34025a0 
000298a0: a08025a0 a18025a0 a0c025a0 a1c025a0 
000298b0: a28025a0 a38025a0 a2c025a0 a3c025a0 
000298c0: a40025a0 a50025a0 a44025a0 a54025a0 
000298d0: a60025a0 a70025a0 a64025a0 a74025a0 
000298e0: a48025a0 a58025a0 a4c025a0 a5c025a0 
000298f0: a68025a0 a78025a0 a6c025a0 a7c025a0 
00029900: a80024a0 a90024a0 a84024a0 a94024a0 
00029910: aa0024a0 ab0024a0 aa4024a0 ab4024a0 
00029920: a88024a0 a98024a0 a8c024a0 a9c024a0 
00029930: aa8024a0 ab8024a0 aac024a0 abc024a0 
00029940: ac0024a0 ad0024a0 ac4024a0 ad4024a0 
00029950: ae0024a0 af0024a0 ae4024a0 af4024a0 
00029960: ac8024a0 ad8024a0 acc024a0 adc024a0 
00029970: ae8024a0 af8024a0 aec024a0 afc024a0 
00029980: a80025a0 a90025a0 a84025a0 a94025a0 
00029990: aa0025a0 ab0025a0 aa4025a0 ab4025a0 
000299a0: a88025a0 a98025a0 a8c025a0 a9c025a0 
000299b0: aa8025a0 ab8025a0 aac025a0 abc025a0 
000299c0: ac0025a0 ad0025a0 ac4025a0 ad4025a0 
000299d0: ae0025a0 af0025a0 ae4025a0 af4025a0 
000299e0: ac8025a0 ad8025a0 acc025a0 adc025a0 
000299f0: ae8025a0 af8025a0 aec025a0 afc025a0 
00029a00: a00026a0 a10026a0 a04026a0 a14026a0 
00029a10: a20026a0 a30026a0 a24026a0 a34026a0 
00029a20: a08026a0 a18026a0 a0c026a0 a1c026a0 
00029a30: a28026a0 a38026a0 a2c026a0 a3c026a0 
00029a40: a40026a0 a50026a0 a44026a0 a54026a0 
00029a50: a60026a0 a70026a0 a64026a0 a74026a0 
00029a60: a48026a0 a58026a0 a4c026a0 a5c026a0 
00029a70: a68026a0 a78026a0 a6c026a0 a7c026a0 
00029a80: a00027a0 a10027a0 a04027a0 a14027a0 
00029a90: a20027a0 a30027a0 a24027a0 a34027a0 
00029aa0: a08027a0 a18027a0 a0c027a0 a1c027a0 
00029ab0: a28027a0 a38027a0 a2c027a0 a3c027a0 
00029ac0: a40027a0 a50027a0 a44027a0 a54027a0 
00029ad0: a60027a0 a70027a0 a64027a0 a74027a0 
00029ae0: a48027a0 a58027a0 a4c027a0 a5c027a0 
00029af0: a68027a0 a78027a0 a6c027a0 a7c027a0 
00029b00: a80026a0 a90026a0 a84026a0 a94026a0 
00029b10: aa0026a0 ab0026a0 aa4026a0 ab4026a0 
00029b20: a88026a0 a98026a0 a8c026a0 a9c026a0 
00029b30: aa8026a0 ab8026a0 aac026a0 abc026a0 
00029b40: ac0026a0 ad0026a0 ac4026a0 ad4026a0 
00029b50: ae0026a0 af0026a0 ae4026a0 af4026a0 
00029b60: ac8026a0 ad8026a0 acc026a0 adc026a0 
00029b70: ae8026a0 af8026a0 aec026a0 afc026a0 
00029b80: a80027a0 a90027a0 a84027a0 a94027a0 
00029b90: aa0027a0 ab0027a0 aa4027a0 ab4027a0 
00029ba0: a88027a0 a98027a0 a8c027a0 a9c027a0 
00029bb0: aa8027a0 ab8027a0 aac027a0 abc027a0 
00029bc0: ac0027a0 ad0027a0 ac4027a0 ad4027a0 
00029bd0: ae0027a0 af0027a0 ae4027a0 af4027a0 
00029be0: ac8027a0 ad8027a0 acc027a0 adc027a0 
00029bf0: ae8027a0 af8027a0 aec027a0 afc027a0 
00029c00: b00024a0 b10024a0 b04024a0 b14024a0 
00029c10: b20024a0 b30024a0 b24024a0 b34024a0 
00029c20: b08024a0 b18024a0 b0c024a0 b1c024a0 
00029c30: b28024a0 b38024a0 b2c024a0 b3c024a0 
00029c40: b40024a0 b50024a0 b44024a0 b54024a0 
00029c50: b60024a0 b70024a0 b64024a0 b74024a0 
00029c60: b48024a0 b58024a0 b4c024a0 b5c024a0 
00029c70: b68024a0 b78024a0 b6c024a0 b7c024a0 
00029c80: b00025a0 b10025a0 b04025a0 b14025a0 
00029c90: b20025a0 b30025a0 b24025a0 b34025a0 
00029ca0: b08025a0 b18025a0 b0c025a0 b1c025a0 
00029cb0: b28025a0 b38025a0 b2c025a0 b3c025a0 
00029cc0: b40025a0 b50025a0 b44025a0 b54025a0 
00029cd0: b60025a0 b70025a0 b64025a0 b74025a0 
00029ce0: b48025a0 b58025a0 b4c025a0 b5c025a0 
00029cf0: b68025a0 b78025a0 b6c025a0 b7c025a0 
00029d00: b80024a0 b90024a0 b84024a0 b94024a0 
00029d10: ba0024a0 bb0024a0 ba4024a0 bb4024a0 
00029d20: b88024a0 b98024a0 b8c024a0 b9c024a0 
00029d30: ba8024a0 bb8024a0 bac024a0 bbc024a0 
00029d40: bc0024a0 bd0024a0 bc4024a0 bd4024a0 
00029d50: be0024a0 bf0024a0 be4024a0 bf4024a0 
00029d60: bc8024a0 bd8024a0 bcc024a0 bdc024a0 
00029d70: be8024a0 bf8024a0 bec024a0 bfc024a0 
00029d80: b80025a0 b90025a0 b84025a0 b94025a0 
00029d90: ba0025a0 bb0025a0 ba4025a0 bb4025a0 
00029da0: b88025a0 b98025a0 b8c025a0 b9c025a0 
00029db0: ba8025a0 bb8025a0 bac025a0 bbc025a0 
00029dc0: bc0025a0 bd0025a0 bc4025a0 bd4025a0 
00029dd0: be0025a0 bf0025a0 be4025a0 bf4025a0 
00029de0: bc8025a0 bd8025a0 bcc025a0 bdc025a0 
00029df0: be8025a0 bf8025a0 bec025a0 bfc025a0 
00029e00: b00026a0 b10026a0 b04026a0 b14026a0 
00029e10: b20026a0 b30026a0 b24026a0 b34026a0 
00029e20: b08026a0 b18026a0 b0c026a0 b1c026a0 
00029e30: b28026a0 b38026a0 b2c026a0 b3c026a0 
00029e40: b40026a0 b50026a0 b44026a0 b54026a0 
00029e50: b60026a0 b70026a0 b64026a0 b74026a0 
00029e60: b48026a0 b58026a0 b4c026a0 b5c026a0 
00029e70: b68026a0 b78026a0 b6c026a0 b7c026a0 
00029e80: b00027a0 b10027a0 b04027a0 b14027a0 
00029e90: b20027a0 b30027a0 b24027a0 b34027a0 
00029ea0: b08027a0 b18027a0 b0c027a0 b1c027a0 
00029eb0: b28027a0 b38027a0 b2c027a0 b3c027a0 
00029ec0: b40027a0 b50027a0 b44027a0 b54027a0 
00029ed0: b60027a0 b70027a0 b64027a0 b74027a0 
00029ee0: b48027a0 b58027a0 b4c027a0 b5c027a0 
00029ef0: b68027a0 b78027a0 b6c027a0 b7c027a0 
00029f00: b80026a0 b90026a0 b84026a0 b94026a0 
00029f10: ba0026a0 bb0026a0 ba4026a0 bb4026a0 
00029f20: b88026a0 b98026a0 b8c026a0 b9c026a0 
00029f30: ba8026a0 bb8026a0 bac026a0 bbc026a0 
00029f40: bc0026a0 bd0026a0 bc4026a0 bd4026a0 
00029f50: be0026a0 bf0026a0 be4026a0 bf4026a0 
00029f60: bc8026a0 bd8026a0 bcc026a0 bdc026a0 
00029f70: be8026a0 bf8026a0 bec026a0 bfc026a0 
00029f80: b80027a0 b90027a0 b84027a0 b94027a0 
00029f90: ba0027a0 bb0027a0 ba4027a0 bb4027a0 
00029fa0: b88027a0 b98027a0 b8c027a0 b9c027a0 
00029fb0: ba8027a0 bb8027a0 bac027a0 bbc027a0 
00029fc0: bc0027a0 bd0027a0 bc4027a0 bd4027a0 
00029fd0: be0027a0 bf0027a0 be4027a0 bf4027a0 
00029fe0: bc8027a0 bd8027a0 bcc027a0 bdc027a0 
00029ff0: be8027a0 bf8027a0 bec027a0 bfc027a0 
0002a000: 800028a0 810028a0 804028a0 814028a0 
0002a010: 820028a0 830028a0 824028a0 834028a0 
0002a020: 808028a0 818028a0 80c028a0 81c028a0 
0002a030: 828028a0 838028a0 82c028a0 83c028a0 
0002a040: 840028a0 850028a0 844028a0 854028a0 
0002a050: 860028a0 870028a0 864028a0 874028a0 
0002a060: 848028a0 858028a0 84c028a0 85c028a0 
0002a070: 868028a0 878028a0 86c028a0 87c028a0 
0002a080: 800029a0 810029a0 804029a0 814029a0 
0002a090: 820029a0 830029a0 824029a0 834029a0 
0002a0a0: 808029a0 818029a0 80c029a0 81c029a0 
0002a0b0: 828029a0 838029a0 82c029a0 83c029a0 
0002a0c0: 840029a0 850029a0 844029a0 854029a0 
0002a0d0: 860029a0 870029a0 864029a0 874029a0 
0002a0e0: 848029a0 858029a0 84c029a0 85c029a0 
0002a0f0: 868029a0 878029a0 86c029a0 87c029a0 
0002a100: 880028a0 890028a0 884028a0 894028a0 
0002a110: 8a0028a0 8b0028a0 8a4028a0 8b4028a0 
0002a120: 888028a0 898028a0 88c028a0 89c028a0 
0002a130: 8a8028a0 8b8028a0 8ac028a0 8bc028a0 
0002a140: 8c0028a0 8d0028a0 8c4028a0 8d4028a0 
0002a150: 8e0028a0 8f0028a0 8e4028a0 8f4028a0 
0002a160: 8c8028a0 8d8028a0 8cc028a0 8dc028a0 
0002a170: 8e8028a0 8f8028a0 8ec028a0 8fc028a0 
0002a180: 880029a0 890029a0 884029a0 894029a0 
0002a190: 8a0029a0 8b0029a0 8a4029a0 8b4029a0 
0002a1a0: 888029a0 898029a0 88c029a0 89c029a0 
0002a1b0: 8a8029a0 8b8029a0 8ac029a0 8bc029a0 
0002a1c0: 8c0029a0 8d0029a0 8c4029a0 8d4029a0 
0002a1d0: 8e0029a0 8f0029a0 8e4029a0 8f4029a0 
0002a1e0: 8c8029a0 8d8029a0 8cc029a0 8dc029a0 
0002a1f0: 8e8029a0 8f8029a0 8ec029a0 8fc029a0 
0002a200: 80002aa0 81002aa0 80402aa0 81402aa0 
0002a210: 82002aa0 83002aa0 82402aa0 83402aa0 
0002a220: 80802aa0 81802aa0 80c02aa0 81c02aa0 
0002a230: 82802aa0 83802aa0 82c02aa0 83c02aa0 
0002a240: 84002aa0 85002aa0 84402aa0 85402aa0 
0002a250: 86002aa0 87002aa0 86402aa0 87402aa0 
0002a260: 84802aa0 85802aa0 84c02aa0 85c02aa0 
0002a270: 86802aa0 87802aa0 86c02aa0 87c02aa0 
0002a280: 80002ba0 81002ba0 80402ba0 81402ba0 
0002a290: 82002ba0 83002ba0 82402ba0 83402ba0 
0002a2a0: 80802ba0 81802ba0 80c02ba0 81c02ba0 
0002a2b0: 82802ba0 83802ba0 82c02ba0 83c02ba0 
0002a2c0: 84002ba0 85002ba0 84402ba0 85402ba0 
0002a2d0: 86002ba0 87002ba0 86402ba0 87402ba0 
0002a2e0: 84802ba0 85802ba0 84c02ba0 85c02ba0 
0002a2f0: 86802ba0 87802ba0 86c02ba0 87c02ba0 
0002a300: 88002aa0 89002aa0 88402aa0 89402aa0 
0002a310: 8a002aa0 8b002aa0 8a402aa0 8b402aa0 
0002a320: 88802aa0 89802aa0 88c02aa0 89c02aa0 
0002a330: 8a802aa0 8b802aa0 8ac02aa0 8bc02aa0 
0002a340: 8c002aa0 8d002aa0 8c402aa0 8d402aa0 
0002a350: 8e002aa0 8f002aa0 8e402aa0 8f402aa0 
0002a360: 8c802aa0 8d802aa0 8cc02aa0 8dc02aa0 
0002a370: 8e802aa0 8f802aa0 8ec02aa0 8fc02aa0 
0002a380: 88002ba0 89002ba0 88402ba0 89402ba0 
0002a390: 8a002ba0 8b002ba0 8a402ba0 8b402ba0 
0002a3a0: 88802ba0 89802ba0 88c02ba0 89c02ba0 
0002a3b0: 8a802ba0 8b802ba0 8ac02ba0 8bc02ba0 
0002a3c0: 8c002ba0 8d002ba0 8c402ba0 8d402ba0 
0002a3d0: 8e002ba0 8f002ba0 8e402ba0 8f402ba0 
0002a3e0: 8c802ba0 8d802ba0 8cc02ba0 8dc02ba0 
0002a3f0: 8e802ba0 8f802ba0 8ec02ba0 8fc02ba0 
0002a400: 900028a0 910028a0 904028a0 914028a0 
0002a410: 920028a0 930028a0 924028a0 934028a0 
0002a420: 908028a0 918028a0 90c028a0 91c028a0 
0002a430: 928028a0 938028a0 92c028a0 93c028a0 
0002a440: 940028a0 950028a0 944028a0 954028a0 
0002a450: 960028a0 970028a0 964028a0 974028a0 
0002a460: 948028a0 958028a0 94c028a0 95c028a0 
0002a470: 968028a0 978028a0 96c028a0 97c028a0 
0002a480: 900029a0 910029a0 904029a0 914029a0 
0002a490: 920029a0 930029a0 924029a0 934029a0 
0002a4a0: 908029a0 918029a0 90c029a0 91c029a0 
0002a4b0: 928029a0 938029a0 92c029a0 93c029a0 
0002a4c0: 940029a0 950029a0 944029a0 954029a0 
0002a4d0: 960029a0 970029a0 964029a0 974029a0 
0002a4e0: 948029a0 958029a0 94c029a0 95c029a0 
0002a4f0: 968029a0 978029a0 96c029a0 97c029a0 
0002a500: 980028a0 990028a0 984028a0 994028a0 
0002a510: 9a0028a0 9b0028a0 9a4028a0 9b4028a0 
0002a520: 988028a0 998028a0 98c028a0 99c028a0 
0002a530: 9a8028a0 9b8028a0 9ac028a0 9bc028a0 
0002a540: 9c0028a0 9d0028a0 9c4028a0 9d4028a0 
0002a550: 9e0028a0 9f0028a0 9e4028a0 9f4028a0 
0002a560: 9c8028a0 9d8028a0 9cc028a0 9dc028a0 
0002a570: 9e8028a0 9f8028a0 9ec028a0 9fc028a0 
0002a580: 980029a0 990029a0 984029a0 994029a0 
0002a590: 9a0029a0 9b0029a0 9a4029a0 9b4029a0 
0002a5a0: 988029a0 998029a0 98c029a0 99c029a0 
0002a5b0: 9a8029a0 9b8029a0 9ac029a0 9bc029a0 
0002a5c0: 9c0029a0 9d0029a0 9c4029a0 9d4029a0 
0002a5d0: 9e0029a0 9f0029a0 9e4029a0 9f4029a0 
0002a5e0: 9c8029a0 9d8029a0 9cc029a0 9dc029a0 
0002a5f0: 9e8029a0 9f8029a0 9ec029a0 9fc029a0 
0002a600: 90002aa0 91002aa0 90402aa0 91402aa0 
0002a610: 92002aa0 93002aa0 92402aa0 93402aa0 
0002a620: 90802aa0 91802aa0 90c02aa0 91c02aa0 
0002a630: 92802aa0 93802aa0 92c02aa0 93c02aa0 
0002a640: 94002aa0 95002aa0 94402aa0 95402aa0 
0002a650: 96002aa0 97002aa0 96402aa0 97402aa0 
0002a660: 94802aa0 95802aa0 94c02aa0 95c02aa0 
0002a670: 96802aa0 97802aa0 96c02aa0 97c02aa0 
0002a680: 90002ba0 91002ba0 90402ba0 91402ba0 
0002a690: 92002ba0 93002ba0 92402ba0 93402ba0 
0002a6a0: 90802ba0 91802ba0 90c02ba0 91c02ba0 
0002a6b0: 92802ba0 93802ba0 92c02ba0 93c02ba0 
0002a6c0: 94002ba0 95002ba0 94402ba0 95402ba0 
0002a6d0: 96002ba0 97002ba0 96402ba0 97402ba0 
0002a6e0: 94802ba0 95802ba0 94c02ba0 95c02ba0 
0002a6f0: 96802ba0 97802ba0 96c02ba0 97c02ba0 
0002a700: 98002aa0 99002aa0 98402aa0 99402aa0 
0002a710: 9a002aa0 9b002aa0 9a402aa0 9b402aa0 
0002a720: 98802aa0 99802aa0 98c02aa0 99c02aa0 
0002a730: 9a802aa0 9b802aa0 9ac02aa0 9bc02aa0 
0002a740: 9c002aa0 9d002aa0 9c402aa0 9d402aa0 
0002a750: 9e002aa0 9f002aa0 9e402aa0 9f402aa0 
0002a760: 9c802aa0 9d802aa0 9cc02aa0 9dc02aa0 
0002a770: 9e802aa0 9f802aa0 9ec02aa0 9fc02aa0 
0002a780: 98002ba0 99002ba0 98402ba0 99402ba0 
0002a790: 9a002ba0 9b002ba0 9a402ba0 9b402ba0 
0002a7a0: 98802ba0 99802ba0 98c02ba0 99c02ba0 
0002a7b0: 9a802ba0 9b802ba0 9ac02ba0 9bc02ba0 
0002a7c0: 9c002ba0 9d002ba0 9c402ba0 9d402ba0 
0002a7d0: 9e002ba0 9f002ba0 9e402ba0 9f402ba0 
0002a7e0: 9c802ba0 9d802ba0 9cc02ba0 9dc02ba0 
0002a7f0: 9e802ba0 9f802ba0 9ec02ba0 9fc02ba0 
0002a800: 80002ca0 81002ca0 80402ca0 81402ca0 
0002a810: 82002ca0 83002ca0 82402ca0 83402ca0 
0002a820: 80802ca0 81802ca0 80c02ca0 81c02ca0 
0002a830: 82802ca0 83802ca0 82c02ca0 83c02ca0 
0002a840: 84002ca0 85002ca0 84402ca0 85402ca0 
0002a850: 86002ca0 87002ca0 86402ca0 87402ca0 
0002a860: 84802ca0 85802ca0 84c02ca0 85c02ca0 
0002a870: 86802ca0 87802ca0 86c02ca0 87c02ca0 
0002a880: 80002da0 81002da0 80402da0 81402da0 
0002a890: 82002da0 83002da0 82402da0 83402da0 
0002a8a0: 80802da0 81802da0 80c02da0 81c02da0 
0002a8b0: 82802da0 83802da0 82c02da0 83c02da0 
0002a8c0: 84002da0 85002da0 84402da0 85402da0 
0002a8d0: 86002da0 87002da0 86402da0 87402da0 
0002a8e0: 84802da0 85802da0 84c02da0 85c02da0 
0002a8f0: 86802da0 87802da0 86c02da0 87c02da0 
0002a900: 88002ca0 89002ca0 88402ca0 89402ca0 
0002a910: 8a002ca0 8b002ca0 8a402ca0 8b402ca0 
0002a920: 88802ca0 89802ca0 88c02ca0 89c02ca0 
0002a930: 8a802ca0 8b802ca0 8ac02ca0 8bc02ca0 
0002a940: 8c002ca0 8d002ca0 8c402ca0 8d402ca0 
0002a950: 8e002ca0 8f002ca0 8e402ca0 8f402ca0 
0002a960: 8c802ca0 8d802ca0 8cc02ca0 8dc02ca0 
0002a970: 8e802ca0 8f802ca0 8ec02ca0 8fc02ca0 
0002a980: 88002da0 89002da0 88402da0 89402da0 
0002a990: 8a002da0 8b002da0 8a402da0 8b402da0 
0002a9a0: 88802da0 89802da0 88c02da0 89c02da0 
0002a9b0: 8a802da0 8b802da0 8ac02da0 8bc02da0 
0002a9c0: 8c002da0 8d002da0 8c402da0 8d402da0 
0002a9d0: 8e002da0 8f002da0 8e402da0 8f402da0 
0002a9e0: 8c802da0 8d802da0 8cc02da0 8dc02da0 
0002a9f0: 8e802da0 8f802da0 8ec02da0 8fc02da0 
0002aa00: 80002ea0 81002ea0 80402ea0 81402ea0 
0002aa10: 82002ea0 83002ea0 82402ea0 83402ea0 
0002aa20: 80802ea0 81802ea0 80c02ea0 81c02ea0 
0002aa30: 82802ea0 83802ea0 82c02ea0 83c02ea0 
0002aa40: 84002ea0 85002ea0 84402ea0 85402ea0 
0002aa50: 86002ea0 87002ea0 86402ea0 87402ea0 
0002aa60: 84802ea0 85802ea0 84c02ea0 85c02ea0 
0002aa70: 86802ea0 87802ea0 86c02ea0 87c02ea0 
0002aa80: 80002fa0 81002fa0 80402fa0 81402fa0 
0002aa90: 82002fa0 83002fa0 82402fa0 83402fa0 
0002aaa0: 80802fa0 81802fa0 80c02fa0 81c02fa0 
0002aab0: 82802fa0 83802fa0 82c02fa0 83c02fa0 
0002aac0: 84002fa0 85002fa0 84402fa0 85402fa0 
0002aad0: 86002fa0 87002fa0 86402fa0 87402fa0 
0002aae0: 84802fa0 85802fa0 84c02fa0 85c02fa0 
0002aaf0: 86802fa0 87802fa0 86c02fa0 87c02fa0 
0002ab00: 88002ea0 89002ea0 88402ea0 89402ea0 
0002ab10: 8a002ea0 8b002ea0 8a402ea0 8b402ea0 
0002ab20: 88802ea0 89802ea0 88c02ea0 89c02ea0 
0002ab30: 8a802ea0 8b802ea0 8ac02ea0 8bc02ea0 
0002ab40: 8c002ea0 8d002ea0 8c402ea0 8d402ea0 
0002ab50: 8e002ea0 8f002ea0 8e402ea0 8f402ea0 
0002ab60: 8c802ea0 8d802ea0 8cc02ea0 8dc02ea0 
0002ab70: 8e802ea0 8f802ea0 8ec02ea0 8fc02ea0 
0002ab80: 88002fa0 89002fa0 88402fa0 89402fa0 
0002ab90: 8a002fa0 8b002fa0 8a402fa0 8b402fa0 
0002aba0: 88802fa0 89802fa0 88c02fa0 89c02fa0 
0002abb0: 8a802fa0 8b802fa0 8ac02fa0 8bc02fa0 
0002abc0: 8c002fa0 8d002fa0 8c402fa0 8d402fa0 
0002abd0: 8e002fa0 8f002fa0 8e402fa0 8f402fa0 
0002abe0: 8c802fa0 8d802fa0 8cc02fa0 8dc02fa0 
0002abf0: 8e802fa0 8f802fa0 8ec02fa0 8fc02fa0 
0002ac00: 90002ca0 91002ca0 90402ca0 91402ca0 
0002ac10: 92002ca0 93002ca0 92402ca0 93402ca0 
0002ac20: 90802ca0 91802ca0 90c02ca0 91c02ca0 
0002ac30: 92802ca0 93802ca0 92c02ca0 93c02ca0 
0002ac40: 94002ca0 95002ca0 94402ca0 95402ca0 
0002ac50: 96002ca0 97002ca0 96402ca0 97402ca0 
0002ac60: 94802ca0 95802ca0 94c02ca0 95c02ca0 
0002ac70: 96802ca0 97802ca0 96c02ca0 97c02ca0 
0002ac80: 90002da0 91002da0 90402da0 91402da0 
0002ac90: 92002da0 93002da0 92402da0 93402da0 
0002aca0: 90802da0 91802da0 90c02da0 91c02da0 
0002acb0: 92802da0 93802da0 92c02da0 93c02da0 
0002acc0: 94002da0 95002da0 94402da0 95402da0 
0002acd0: 96002da0 97002da0 96402da0 97402da0 
0002ace0: 94802da0 95802da0 94c02da0 95c02da0 
0002acf0: 96802da0 97802da0 96c02da0 97c02da0 
0002ad00: 98002ca0 99002ca0 98402ca0 99402ca0 
0002ad10: 9a002ca0 9b002ca0 9a402ca0 9b402ca0 
0002ad20: 98802ca0 99802ca0 98c02ca0 99c02ca0 
0002ad30: 9a802ca0 9b802ca0 9ac02ca0 9bc02ca0 
0002ad40: 9c002ca0 9d002ca0 9c402ca0 9d402ca0 
0002ad50: 9e002ca0 9f002ca0 9e402ca0 9f402ca0 
0002ad60: 9c802ca0 9d802ca0 9cc02ca0 9dc02ca0 
0002ad70: 9e802ca0 9f802ca0 9ec02ca0 9fc02ca0 
0002ad80: 98002da0 99002da0 98402da0 99402da0 
0002ad90: 9a002da0 9b002da0 9a402da0 9b402da0 
0002ada0: 98802da0 99802da0 98c02da0 99c02da0 
0002adb0: 9a802da0 9b802da0 9ac02da0 9bc02da0 
0002adc0: 9c002da0 9d002da0 9c402da0 9d402da0 
0002add0: 9e002da0 9f002da0 9e402da0 9f402da0 
0002ade0: 9c802da0 9d802da0 9cc02da0 9dc02da0 
0002adf0: 9e802da0 9f802da0 9ec02da0 9fc02da0 
0002ae00: 90002ea0 91002ea0 90402ea0 91402ea0 
0002ae10: 92002ea0 93002ea0 92402ea0 93402ea0 
0002ae20: 90802ea0 91802ea0 90c02ea0 91c02ea0 
0002ae30: 92802ea0 93802ea0 92c02ea0 93c02ea0 
0002ae40: 94002ea0 95002ea0 94402ea0 95402ea0 
0002ae50: 96002ea0 97002ea0 96402ea0 97402ea0 
0002ae60: 94802ea0 95802ea0 94c02ea0 95c02ea0 
0002ae70: 96802ea0 97802ea0 96c02ea0 97c02ea0 
0002ae80: 90002fa0 91002fa0 90402fa0 91402fa0 
0002ae90: 92002fa0 93002fa0 92402fa0 93402fa0 
0002aea0: 90802fa0 91802fa0 90c02fa0 91c02fa0 
0002aeb0: 92802fa0 93802fa0 92c02fa0 93c02fa0 
0002aec0: 94002fa0 95002fa0 94402fa0 95402fa0 
0002aed0: 96002fa0 97002fa0 96402fa0 97402fa0 
0002aee0: 94802fa0 95802fa0 94c02fa0 95c02fa0 
0002aef0: 96802fa0 97802fa0 96c02fa0 97c02fa0 
0002af00: 98002ea0 99002ea0 98402ea0 99402ea0 
0002af10: 9a002ea0 9b002ea0 9a402ea0 9b402ea0 
0002af20: 98802ea0 99802ea0 98c02ea0 99c02ea0 
0002af30: 9a802ea0 9b802ea0 9ac02ea0 9bc02ea0 
0002af40: 9c002ea0 9d002ea0 9c402ea0 9d402ea0 
0002af50: 9e002ea0 9f002ea0 9e402ea0 9f402ea0 
0002af60: 9c802ea0 9d802ea0 9cc02ea0 9dc02ea0 
0002af70: 9e802ea0 9f802ea0 9ec02ea0 9fc02ea0 
0002af80: 98002fa0 99002fa0 98402fa0 99402fa0 
0002af90: 9a002fa0 9b002fa0 9a402fa0 9b402fa0 
0002afa0: 98802fa0 99802fa0 98c02fa0 99c02fa0 
0002afb0: 9a802fa0 9b802fa0 9ac02fa0 9bc02fa0 
0002afc0: 9c002fa0 9d002fa0 9c402fa0 9d402fa0 
0002afd0: 9e002fa0 9f002fa0 9e402fa0 9f402fa0 
0002afe0: 9c802fa0 9d802fa0 9cc02fa0 9dc02fa0 
0002aff0: 9e802fa0 9f802fa0 9ec02fa0 9fc02fa0 
0002b000: a00028a0 a10028a0 a04028a0 a14028a0 
0002b010: a20028a0 a30028a0 a24028a0 a34028a0 
0002b020: a08028a0 a18028a0 a0c028a0 a1c028a0 
0002b030: a28028a0 a38028a0 a2c028a0 a3c028a0 
0002b040: a40028a0 a50028a0 a44028a0 a54028a0 
0002b050: a60028a0 a70028a0 a64028a0 a74028a0 
0002b060: a48028a0 a58028a0 a4c028a0 a5c028a0 
0002b070: a68028a0 a78028a0 a6c028a0 a7c028a0 
0002b080: a00029a0 a10029a0 a04029a0 a14029a0 
0002b090: a20029a0 a30029a0 a24029a0 a34029a0 
0002b0a0: a08029a0 a18029a0 a0c029a0 a1c029a0 
0002b0b0: a28029a0 a38029a0 a2c029a0 a3c029a0 
0002b0c0: a40029a0 a50029a0 a44029a0 a54029a0 
0002b0d0: a60029a0 a70029a0 a64029a0 a74029a0 
0002b0e0: a48029a0 a58029a0 a4c029a0 a5c029a0 
0002b0f0: a68029a0 a78029a0 a6c029a0 a7c029a0 
0002b100: a80028a0 a90028a0 a84028a0 a94028a0 
0002b110: aa0028a0 ab0028a0 aa4028a0 ab4028a0 
0002b120: a88028a0 a98028a0 a8c028a0 a9c028a0 
0002b130: aa8028a0 ab8028a0 aac028a0 abc028a0 
0002b140: ac0028a0 ad0028a0 ac4028a0 ad4028a0 
0002b150: ae0028a0 af0028a0 ae4028a0 af4028a0 
0002b160: ac8028a0 ad8028a0 acc028a0 adc028a0 
0002b170: ae8028a0 af8028a0 aec028a0 afc028a0 
0002b180: a80029a0 a90029a0 a84029a0 a94029a0 
0002b190: aa0029a0 ab0029a0 aa4029a0 ab4029a0 
0002b1a0: a88029a0 a98029a0 a8c029a0 a9c029a0 
0002b1b0: aa8029a0 ab8029a0 aac029a0 abc029a0 
0002b1c0: ac0029a0 ad0029a0 ac4029a0 ad4029a0 
0002b1d0: ae0029a0 af0029a0 ae4029a0 af4029a0 
0002b1e0: ac8029a0 ad8029a0 acc029a0 adc029a0 
0002b1f0: ae8029a0 af8029a0 aec029a0 afc029a0 
0002b200: a0002aa0 a1002aa0 a0402aa0 a1402aa0 
0002b210: a2002aa0 a3002aa0 a2402aa0 a3402aa0 
0002b220: a0802aa0 a1802aa0 a0c02aa0 a1c02aa0 
0002b230: a2802aa0 a3802aa0 a2c02aa0 a3c02aa0 
0002b240: a4002aa0 a5002aa0 a4402aa0 a5402aa0 
0002b250: a6002aa0 a7002aa0 a6402aa0 a7402aa0 
0002b260: a4802aa0 a5802aa0 a4c02aa0 a5c02aa0 
0002b270: a6802aa0 a7802aa0 a6c02aa0 a7c02aa0 
0002b280: a0002ba0 a1002ba0 a0402ba0 a1402ba0 
0002b290: a2002ba0 a3002ba0 a2402ba0 a3402ba0 
0002b2a0: a0802ba0 a1802ba0 a0c02ba0 a1c02ba0 
0002b2b0: a2802ba0 a3802ba0 a2c02ba0 a3c02ba0 
0002b2c0: a4002ba0 a5002ba0 a4402ba0 a5402ba0 
0002b2d0: a6002ba0 a7002ba0 a6402ba0 a7402ba0 
0002b2e0: a4802ba0 a5802ba0 a4c02ba0 a5c02ba0 
0002b2f0: a6802ba0 a7802ba0 a6c02ba0 a7c02ba0 
0002b300: a8002aa0 a9002aa0 a8402aa0 a9402aa0 
0002b310: aa002aa0 ab002aa0 aa402aa0 ab402aa0 
0002b320: a8802aa0 a9802aa0 a8c02aa0 a9c02aa0 
0002b330: aa802aa0 ab802aa0 aac02aa0 abc02aa0 
0002b340: ac002aa0 ad002aa0 ac402aa0 ad402aa0 
0002b350: ae002aa0 af002aa0 ae402aa0 af402aa0 
0002b360: ac802aa0 ad802aa0 acc02aa0 adc02aa0 
0002b370: ae802aa0 af802aa0 aec02aa0 afc02aa0 
0002b380: a8002ba0 a9002ba0 a8402ba0 a9402ba0 
0002b390: aa002ba0 ab002ba0 aa402ba0 ab402ba0 
0002b3a0: a8802ba0 a9802ba0 a8c02ba0 a9c02ba0 
0002b3b0: aa802ba0 ab802ba0 aac02ba0 abc02ba0 
0002b3c0: ac002ba0 ad002ba0 ac402ba0 ad402ba0 
0002b3d0: ae002ba0 af002ba0 ae402ba0 af402ba0 
0002b3e0: ac802ba0 ad802ba0 acc02ba0 adc02ba0 
0002b3f0: ae802ba0 af802ba0 aec02ba0 afc02ba0 
0002b400: b00028a0 b10028a0 b04028a0 b14028a0 
0002b410: b20028a0 b30028a0 b24028a0 b34028a0 
0002b420: b08028a0 b18028a0 b0c028a0 b1c028a0 
0002b430: b28028a0 b38028a0 b2c028a0 b3c028a0 
0002b440: b40028a0 b50028a0 b44028a0 b54028a0 
0002b450: b60028a0 b70028a0 b64028a0 b74028a0 
0002b460: b48028a0 b58028a0 b4c028a0 b5c028a0 
0002b470: b68028a0 b78028a0 b6c028a0 b7c028a0 
0002b480: b00029a0 b10029a0 b04029a0 b14029a0 
0002b490: b20029a0 b30029a0 b24029a0 b34029a0 
0002b4a0: b08029a0 b18029a0 b0c029a0 b1c029a0 
0002b4b0: b28029a0 b38029a0 b2c029a0 b3c029a0 
0002b4c0: b40029a0 b50029a0 b44029a0 b54029a0 
0002b4d0: b60029a0 b70029a0 b64029a0 b74029a0 
0002b4e0: b48029a0 b58029a0 b4c029a0 b5c029a0 
0002b4f0: b68029a0 b78029a0 b6c029a0 b7c029a0 
0002b500: b80028a0 b90028a0 b84028a0 b94028a0 
0002b510: ba0028a0 bb0028a0 ba4028a0 bb4028a0 
0002b520: b88028a0 b98028a0 b8c028a0 b9c028a0 
0002b530: ba8028a0 bb8028a0 bac028a0 bbc028a0 
0002b540: bc0028a0 bd0028a0 bc4028a0 bd4028a0 
0002b550: be0028a0 bf0028a0 be4028a0 bf4028a0 
0002b560: bc8028a0 bd8028a0 bcc028a0 bdc028a0 
0002b570: be8028a0 bf8028a0 bec028a0 bfc028a0 
0002b580: b80029a0 b90029a0 b84029a0 b94029a0 
0002b590: ba0029a0 bb0029a0 ba4029a0 bb4029a0 
0002b5a0: b88029a0 b98029a0 b8c029a0 b9c029a0 
0002b5b0: ba8029a0 bb8029a0 bac029a0 bbc029a0 
0002b5c0: bc0029a0 bd0029a0 bc4029a0 bd4029a0 
0002b5d0: be0029a0 bf0029a0 be4029a0 bf4029a0 
0002b5e0: bc8029a0 bd8029a0 bcc029a0 bdc029a0 
0002b5f0: be8029a0 bf8029a0 bec029a0 bfc029a0 
0002b600: b0002aa0 b1002aa0 b0402aa0 b1402aa0 
0002b610: b2002aa0 b3002aa0 b2402aa0 b3402aa0 
0002b620: b0802aa0 b1802aa0 b0c02aa0 b1c02aa0 
0002b630: b2802aa0 b3802aa0 b2c02aa0 b3c02aa0 
0002b640: b4002aa0 b5002aa0 b4402aa0 b5402aa0 
0002b650: b6002aa0 b7002aa0 b6402aa0 b7402aa0 
0002b660: b4802aa0 b5802aa0 b4c02aa0 b5c02aa0 
0002b670: b6802aa0 b7802aa0 b6c02aa0 b7c02aa0 
0002b680: b0002ba0 b1002ba0 b0402ba0 b1402ba0 
0002b690: b2002ba0 b3002ba0 b2402ba0 b3402ba0 
0002b6a0: b0802ba0 b1802ba0 b0c02ba0 b1c02ba0 
0002b6b0: b2802ba0 b3802ba0 b2c02ba0 b3c02ba0 
0002b6c0: b4002ba0 b5002ba0 b4402ba0 b5402ba0 
0002b6d0: b6002ba0 b7002ba0 b6402ba0 b7402ba0 
0002b6e0: b4802ba0 b5802ba0 b4c02ba0 b5c02ba0 
0002b6f0: b6802ba0 b7802ba0 b6c02ba0 b7c02ba0 
0002b700: b8002aa0 b9002aa0 b8402aa0 b9402aa0 
0002b710: ba002aa0 bb002aa0 ba402aa0 bb402aa0 
0002b720: b8802aa0 b9802aa0 b8c02aa0 b9c02aa0 
0002b730: ba802aa0 bb802aa0 bac02aa0 bbc02aa0 
0002b740: bc002aa0 bd002aa0 bc402aa0 bd402aa0 
0002b750: be002aa0 bf002aa0 be402aa0 bf402aa0 
0002b760: bc802aa0 bd802aa0 bcc02aa0 bdc02aa0 
0002b770: be802aa0 bf802aa0 bec02aa0 bfc02aa0 
0002b780: b8002ba0 b9002ba0 b8402ba0 b9402ba0 
0002b790: ba002ba0 bb002ba0 ba402ba0 bb402ba0 
0002b7a0: b8802ba0 b9802ba0 b8c02ba0 b9c02ba0 
0002b7b0: ba802ba0 bb802ba0 bac02ba0 bbc02ba0 
0002b7c0: bc002ba0 bd002ba0 bc402ba0 bd402ba0 
0002b7d0: be002ba0 bf002ba0 be402ba0 bf402ba0 
0002b7e0: bc802ba0 bd802ba0 bcc02ba0 bdc02ba0 
0002b7f0: be802ba0 bf802ba0 bec02ba0 bfc02ba0 
0002b800: a0002ca0 a1002ca0 a0402ca0 a1402ca0 
0002b810: a2002ca0 a3002ca0 a2402ca0 a3402ca0 
0002b820: a0802ca0 a1802ca0 a0c02ca0 a1c02ca0 
0002b830: a2802ca0 a3802ca0 a2c02ca0 a3c02ca0 
0002b840: a4002ca0 a5002ca0 a4402ca0 a5402ca0 
0002b850: a6002ca0 a7002ca0 a6402ca0 a7402ca0 
0002b860: a4802ca0 a5802ca0 a4c02ca0 a5c02ca0 
0002b870: a6802ca0 a7802ca0 a6c02ca0 a7c02ca0 
0002b880: a0002da0 a1002da0 a0402da0 a1402da0 
0002b890: a2002da0 a3002da0 a2402da0 a3402da0 
0002b8a0: a0802da0 a1802da0 a0c02da0 a1c02da0 
0002b8b0: a2802da0 a3802da0 a2c02da0 a3c02da0 
0002b8c0: a4002da0 a5002da0 a4402da0 a5402da0 
0002b8d0: a6002da0 a7002da0 a6402da0 a7402da0 
0002b8e0: a4802da0 a5802da0 a4c02da0 a5c02da0 
0002b8f0: a6802da0 a7802da0 a6c02da0 a7c02da0 
0002b900: a8002ca0 a9002ca0 a8402ca0 a9402ca0 
0002b910: aa002ca0 ab002ca0 aa402ca0 ab402ca0 
0002b920: a8802ca0 a9802ca0 a8c02ca0 a9c02ca0 
0002b930: aa802ca0 ab802ca0 aac02ca0 abc02ca0 
0002b940: ac002ca0 ad002ca0 ac402ca0 ad402ca0 
0002b950: ae002ca0 af002ca0 ae402ca0 af402ca0 
0002b960: ac802ca0 ad802ca0 acc02ca0 adc02ca0 
0002b970: ae802ca0 af802ca0 aec02ca0 afc02ca0 
0002b980: a8002da0 a9002da0 a8402da0 a9402da0 
0002b990: aa002da0 ab002da0 aa402da0 ab402da0 
0002b9a0: a8802da0 a9802da0 a8c02da0 a9c02da0 
0002b9b0: aa802da0 ab802da0 aac02da0 abc02da0 
0002b9c0: ac002da0 ad002da0 ac402da0 ad402da0 
0002b9d0: ae002da0 af002da0 ae402da0 af402da0 
0002b9e0: ac802da0 ad802da0 acc02da0 adc02da0 
0002b9f0: ae802da0 af802da0 aec02da0 afc02da0 
0002ba00: a0002ea0 a1002ea0 a0402ea0 a1402ea0 
0002ba10: a2002ea0 a3002ea0 a2402ea0 a3402ea0 
0002ba20: a0802ea0 a1802ea0 a0c02ea0 a1c02ea0 
0002ba30: a2802ea0 a3802ea0 a2c02ea0 a3c02ea0 
0002ba40: a4002ea0 a5002ea0 a4402ea0 a5402ea0 
0002ba50: a6002ea0 a7002ea0 a6402ea0 a7402ea0 
0002ba60: a4802ea0 a5802ea0 a4c02ea0 a5c02ea0 
0002ba70: a6802ea0 a7802ea0 a6c02ea0 a7c02ea0 
0002ba80: a0002fa0 a1002fa0 a0402fa0 a1402fa0 
0002ba90: a2002fa0 a3002fa0 a2402fa0 a3402fa0 
0002baa0: a0802fa0 a1802fa0 a0c02fa0 a1c02fa0 
0002bab0: a2802fa0 a3802fa0 a2c02fa0 a3c02fa0 
0002bac0: a4002fa0 a5002fa0 a4402fa0 a5402fa0 
0002bad0: a6002fa0 a7002fa0 a6402fa0 a7402fa0 
0002bae0: a4802fa0 a5802fa0 a4c02fa0 a5c02fa0 
0002baf0: a6802fa0 a7802fa0 a6c02fa0 a7c02fa0 
0002bb00: a8002ea0 a9002ea0 a8402ea0 a9402ea0 
0002bb10: aa002ea0 ab002ea0 aa402ea0 ab402ea0 
0002bb20: a8802ea0 a9802ea0 a8c02ea0 a9c02ea0 
0002bb30: aa802ea0 ab802ea0 aac02ea0 abc02ea0 
0002bb40: ac002ea0 ad002ea0 ac402ea0 ad402ea0 
0002bb50: ae002ea0 af002ea0 ae402ea0 af402ea0 
0002bb60: ac802ea0 ad802ea0 acc02ea0 adc02ea0 
0002bb70: ae802ea0 af802ea0 aec02ea0 afc02ea0 
0002bb80: a8002fa0 a9002fa0 a8402fa0 a9402fa0 
0002bb90: aa002fa0 ab002fa0 aa402fa0 ab402fa0 
0002bba0: a8802fa0 a9802fa0 a8c02fa0 a9c02fa0 
0002bbb0: aa802fa0 ab802fa0 aac02fa0 abc02fa0 
0002bbc0: ac002fa0 ad002fa0 ac402fa0 ad402fa0 
0002bbd0: ae002fa0 af002fa0 ae402fa0 af402fa0 
0002bbe0: ac802fa0 ad802fa0 acc02fa0 adc02fa0 
0002bbf0: ae802fa0 af802fa0 aec02fa0 afc02fa0 
0002bc00: b0002ca0 b1002ca0 b0402ca0 b1402ca0 
0002bc10: b2002ca0 b3002ca0 b2402ca0 b3402ca0 
0002bc20: b0802ca0 b1802ca0 b0c02ca0 b1c02ca0 
0002bc30: b2802ca0 b3802ca0 b2c02ca0 b3c02ca0 
0002bc40: b4002ca0 b5002ca0 b4402ca0 b5402ca0 
0002bc50: b6002ca0 b7002ca0 b6402ca0 b7402ca0 
0002bc60: b4802ca0 b5802ca0 b4c02ca0 b5c02ca0 
0002bc70: b6802ca0 b7802ca0 b6c02ca0 b7c02ca0 
0002bc80: b0002da0 b1002da0 b0402da0 b1402da0 
0002bc90: b2002da0 b3002da0 b2402da0 b3402da0 
0002bca0: b0802da0 b1802da0 b0c02da0 b1c02da0 
0002bcb0: b2802da0 b3802da0 b2c02da0 b3c02da0 
0002bcc0: b4002da0 b5002da0 b4402da0 b5402da0 
0002bcd0: b6002da0 b7002da0 b6402da0 b7402da0 
0002bce0: b4802da0 b5802da0 b4c02da0 b5c02da0 
0002bcf0: b6802da0 b7802da0 b6c02da0 b7c02da0 
0002bd00: b8002ca0 b9002ca0 b8402ca0 b9402ca0 
0002bd10: ba002ca0 bb002ca0 ba402ca0 bb402ca0 
0002bd20: b8802ca0 b9802ca0 b8c02ca0 b9c02ca0 
0002bd30: ba802ca0 bb802ca0 bac02ca0 bbc02ca0 
0002bd40: bc002ca0 bd002ca0 bc402ca0 bd402ca0 
0002bd50: be002ca0 bf002ca0 be402ca0 bf402ca0 
0002bd60: bc802ca0 bd802ca0 bcc02ca0 bdc02ca0 
0002bd70: be802ca0 bf802ca0 bec02ca0 bfc02ca0 
0002bd80: b8002da0 b9002da0 b8402da0 b9402da0 
0002bd90: ba002da0 bb002da0 ba402da0 bb402da0 
0002bda0: b8802da0 b9802da0 b8c02da0 b9c02da0 
0002bdb0: ba802da0 bb802da0 bac02da0 bbc02da0 
0002bdc0: bc002da0 bd002da0 bc402da0 bd402da0 
0002bdd0: be002da0 bf002da0 be402da0 bf402da0 
0002bde0: bc802da0 bd802da0 bcc02da0 bdc02da0 
0002bdf0: be802da0 bf802da0 bec02da0 bfc02da0 
0002be00: b0002ea0 b1002ea0 b0402ea0 b1402ea0 
0002be10: b2002ea0 b3002ea0 b2402ea0 b3402ea0 
0002be20: b0802ea0 b1802ea0 b0c02ea0 b1c02ea0 
0002be30: b2802ea0 b3802ea0 b2c02ea0 b3c02ea0 
0002be40: b4002ea0 b5002ea0 b4402ea0 b5402ea0 
0002be50: b6002ea0 b7002ea0 b6402ea0 b7402ea0 
0002be60: b4802ea0 b5802ea0 b4c02ea0 b5c02ea0 
0002be70: b6802ea0 b7802ea0 b6c02ea0 b7c02ea0 
0002be80: b0002fa0 b1002fa0 b0402fa0 b1402fa0 
0002be90: b2002fa0 b3002fa0 b2402fa0 b3402fa0 
0002bea0: b0802fa0 b1802fa0 b0c02fa0 b1c02fa0 
0002beb0: b2802fa0 b3802fa0 b2c02fa0 b3c02fa0 
0002bec0: b4002fa0 b5002fa0 b4402fa0 b5402fa0 
0002bed0: b6002fa0 b7002fa0 b6402fa0 b7402fa0 
0002bee0: b4802fa0 b5802fa0 b4c02fa0 b5c02fa0 
0002bef0: b6802fa0 b7802fa0 b6c02fa0 b7c02fa0 
0002bf00: b8002ea0 b9002ea0 b8402ea0 b9402ea0 
0002bf10: ba002ea0 bb002ea0 ba402ea0 bb402ea0 
0002bf20: b8802ea0 b9802ea0 b8c02ea0 b9c02ea0 
0002bf30: ba802ea0 bb802ea0 bac02ea0 bbc02ea0 
0002bf40: bc002ea0 bd002ea0 bc402ea0 bd402ea0 
0002bf50: be002ea0 bf002ea0 be402ea0 bf402ea0 
0002bf60: bc802ea0 bd802ea0 bcc02ea0 bdc02ea0 
0002bf70: be802ea0 bf802ea0 bec02ea0 bfc02ea0 
0002bf80: b8002fa0 b9002fa0 b8402fa0 b9402fa0 
0002bf90: ba002fa0 bb002fa0 ba402fa0 bb402fa0 
0002bfa0: b8802fa0 b9802fa0 b8c02fa0 b9c02fa0 
0002bfb0: ba802fa0 bb802fa0 bac02fa0 bbc02fa0 
0002bfc0: bc002fa0 bd002fa0 bc402fa0 bd402fa0 
0002bfd0: be002fa0 bf002fa0 be402fa0 bf402fa0 
0002bfe0: bc802fa0 bd802fa0 bcc02fa0 bdc02fa0 
0002bff0: be802fa0 bf802fa0 bec02fa0 bfc02fa0 
0002c000: c00020a0 c10020a0 c04020a0 c14020a0 
0002c010: c20020a0 c30020a0 c24020a0 c34020a0 
0002c020: c08020a0 c18020a0 c0c020a0 c1c020a0 
0002c030: c28020a0 c38020a0 c2c020a0 c3c020a0 
0002c040: c40020a0 c50020a0 c44020a0 c54020a0 
0002c050: c60020a0 c70020a0 c64020a0 c74020a0 
0002c060: c48020a0 c58020a0 c4c020a0 c5c020a0 
0002c070: c68020a0 c78020a0 c6c020a0 c7c020a0 
0002c080: c00021a0 c10021a0 c04021a0 c14021a0 
0002c090: c20021a0 c30021a0 c24021a0 c34021a0 
0002c0a0: c08021a0 c18021a0 c0c021a0 c1c021a0 
0002c0b0: c28021a0 c38021a0 c2c021a0 c3c021a0 
0002c0c0: c40021a0 c50021a0 c44021a0 c54021a0 
0002c0d0: c60021a0 c70021a0 c64021a0 c74021a0 
0002c0e0: c48021a0 c58021a0 c4c021a0 c5c021a0 
0002c0f0: c68021a0 c78021a0 c6c021a0 c7c021a0 
0002c100: c80020a0 c90020a0 c84020a0 c94020a0 
0002c110: ca0020a0 cb0020a0 ca4020a0 cb4020a0 
0002c120: c88020a0 c98020a0 c8c020a0 c9c020a0 
0002c130: ca8020a0 cb8020a0 cac020a0 cbc020a0 
0002c140: cc0020a0 cd0020a0 cc4020a0 cd4020a0 
0002c150: ce0020a0 cf0020a0 ce4020a0 cf4020a0 
0002c160: cc8020a0 cd8020a0 ccc020a0 cdc020a0 
0002c170: ce8020a0 cf8020a0 cec020a0 cfc020a0 
0002c180: c80021a0 c90021a0 c84021a0 c94021a0 
0002c190: ca0021a0 cb0021a0 ca4021a0 cb4021a0 
0002c1a0: c88021a0 c98021a0 c8c021a0 c9c021a0 
0002c1b0: ca8021a0 cb8021a0 cac021a0 cbc021a0 
0002c1c0: cc0021a0 cd0021a0 cc4021a0 cd4021a0 
0002c1d0: ce0021a0 cf0021a0 ce4021a0 cf4021a0 
0002c1e0: cc8021a0 cd8021a0 ccc021a0 cdc021a0 
0002c1f0: ce8021a0 cf8021a0 cec021a0 cfc021a0 
0002c200: c00022a0 c10022a0 c04022a0 c14022a0 
0002c210: c20022a0 c30022a0 c24022a0 c34022a0 
0002c220: c08022a0 c18022a0 c0c022a0 c1c022a0 
0002c230: c28022a0 c38022a0 c2c022a0 c3c022a0 
0002c240: c40022a0 c50022a0 c44022a0 c54022a0 
0002c250: c60022a0 c70022a0 c64022a0 c74022a0 
0002c260: c48022a0 c58022a0 c4c022a0 c5c022a0 
0002c270: c68022a0 c78022a0 c6c022a0 c7c022a0 
0002c280: c00023a0 c10023a0 c04023a0 c14023a0 
0002c290: c20023a0 c30023a0 c24023a0 c34023a0 
0002c2a0: c08023a0 c18023a0 c0c023a0 c1c023a0 
0002c2b0: c28023a0 c38023a0 c2c023a0 c3c023a0 
0002c2c0: c40023a0 c50023a0 c44023a0 c54023a0 
0002c2d0: c60023a0 c70023a0 c64023a0 c74023a0 
0002c2e0: c48023a0 c58023a0 c4c023a0 c5c023a0 
0002c2f0: c68023a0 c78023a0 c6c023a0 c7c023a0 
0002c300: c80022a0 c90022a0 c84022a0 c94022a0 
0002c310: ca0022a0 cb0022a0 ca4022a0 cb4022a0 
0002c320: c88022a0 c98022a0 c8c022a0 c9c022a0 
0002c330: ca8022a0 cb8022a0 cac022a0 cbc022a0 
0002c340: cc0022a0 cd0022a0 cc4022a0 cd4022a0 
0002c350: ce0022a0 cf0022a0 ce4022a0 cf4022a0 
0002c360: cc8022a0 cd8022a0 ccc022a0 cdc022a0 
0002c370: ce8022a0 cf8022a0 cec022a0 cfc022a0 
0002c380: c80023a0 c90023a0 c84023a0 c94023a0 
0002c390: ca0023a0 cb0023a0 ca4023a0 cb4023a0 
0002c3a0: c88023a0 c98023a0 c8c023a0 c9c023a0 
0002c3b0: ca8023a0 cb8023a0 cac023a0 cbc023a0 
0002c3c0: cc0023a0 cd0023a0 cc4023a0 cd4023a0 
0002c3d0: ce0023a0 cf0023a0 ce4023a0 cf4023a0 
0002c3e0: cc8023a0 cd8023a0 ccc023a0 cdc023a0 
0002c3f0: ce8023a0 cf8023a0 cec023a0 cfc023a0 
0002c400: d00020a0 d10020a0 d04020a0 d14020a0 
0002c410: d20020a0 d30020a0 d24020a0 d34020a0 
0002c420: d08020a0 d18020a0 d0c020a0 d1c020a0 
0002c430: d28020a0 d38020a0 d2c020a0 d3c020a0 
0002c440: d40020a0 d50020a0 d44020a0 d54020a0 
0002c450: d60020a0 d70020a0 d64020a0 d74020a0 
0002c460: d48020a0 d58020a0 d4c020a0 d5c020a0 
0002c470: d68020a0 d78020a0 d6c020a0 d7c020a0 
0002c480: d00021a0 d10021a0 d04021a0 d14021a0 
0002c490: d20021a0 d30021a0 d24021a0 d34021a0 
0002c4a0: d08021a0 d18021a0 d0c021a0 d1c021a0 
0002c4b0: d28021a0 d38021a0 d2c021a0 d3c021a0 
0002c4c0: d40021a0 d50021a0 d44021a0 d54021a0 
0002c4d0: d60021a0 d70021a0 d64021a0 d74021a0 
0002c4e0: d48021a0 d58021a0 d4c021a0 d5c021a0 
0002c4f0: d68021a0 d78021a0 d6c021a0 d7c021a0 
0002c500: d80020a0 d90020a0 d84020a0 d94020a0 
0002c510: da0020a0 db0020a0 da4020a0 db4020a0 
0002c520: d88020a0 d98020a0 d8c020a0 d9c020a0 
0002c530: da8020a0 db8020a0 dac020a0 dbc020a0 
0002c540: dc0020a0 dd0020a0 dc4020a0 dd4020a0 
0002c550: de0020a0 df0020a0 de4020a0 df4020a0 
0002c560: dc8020a0 dd8020a0 dcc020a0 ddc020a0 
0002c570: de8020a0 df8020a0 dec020a0 dfc020a0 
0002c580: d80021a0 d90021a0 d84021a0 d94021a0 
0002c590: da0021a0 db0021a0 da4021a0 db4021a0 
0002c5a0: d88021a0 d98021a0 d8c021a0 d9c021a0 
0002c5b0: da8021a0 db8021a0 dac021a0 dbc021a0 
0002c5c0: dc0021a0 dd0021a0 dc4021a0 dd4021a0 
0002c5d0: de0021a0 df0021a0 de4021a0 df4021a0 
0002c5e0: dc8021a0 dd8021a0 dcc021a0 ddc021a0 
0002c5f0: de8021a0 df8021a0 dec021a0 dfc021a0 
0002c600: d00022a0 d10022a0 d04022a0 d14022a0 
0002c610: d20022a0 d30022a0 d24022a0 d34022a0 
0002c620: d08022a0 d18022a0 d0c022a0 d1c022a0 
0002c630: d28022a0 d38022a0 d2c022a0 d3c022a0 
0002c640: d40022a0 d50022a0 d44022a0 d54022a0 
0002c650: d60022a0 d70022a0 d64022a0 d74022a0 
0002c660: d48022a0 d58022a0 d4c022a0 d5c022a0 
0002c670: d68022a0 d78022a0 d6c022a0 d7c022a0 
0002c680: d00023a0 d10023a0 d04023a0 d14023a0 
0002c690: d20023a0 d30023a0 d24023a0 d34023a0 
0002c6a0: d08023a0 d18023a0 d0c023a0 d1c023a0 
0002c6b0: d28023a0 d38023a0 d2c023a0 d3c023a0 
0002c6c0: d40023a0 d50023a0 d44023a0 d54023a0 
0002c6d0: d60023a0 d70023a0 d64023a0 d74023a0 
0002c6e0: d48023a0 d58023a0 d4c023a0 d5c023a0 
0002c6f0: d68023a0 d78023a0 d6c023a0 d7c023a0 
0002c700: d80022a0 d90022a0 d84022a0 d94022a0 
0002c710: da0022a0 db0022a0 da4022a0 db4022a0 
0002c720: d88022a0 d98022a0 d8c022a0 d9c022a0 
0002c730: da8022a0 db8022a0 dac022a0 dbc022a0 
0002c740: dc0022a0 dd0022a0 dc4022a0 dd4022a0 
0002c750: de0022a0 df0022a0 de4022a0 df4022a0 
0002c760: dc8022a0 dd8022a0 dcc022a0 ddc022a0 
0002c770: de8022a0 df8022a0 dec022a0 dfc022a0 
0002c780: d80023a0 d90023a0 d84023a0 d94023a0 
0002c790: da0023a0 db0023a0 da4023a0 db4023a0 
0002c7a0: d88023a0 d98023a0 d8c023a0 d9c023a0 
0002c7b0: da8023a0 db8023a0 dac023a0 dbc023a0 
0002c7c0: dc0023a0 dd0023a0 dc4023a0 dd4023a0 
0002c7d0: de0023a0 df0023a0 de4023a0 df4023a0 
0002c7e0: dc8023a0 dd8023a0 dcc023a0 ddc023a0 
0002c7f0: de8023a0 df8023a0 dec023a0 dfc023a0 
0002c800: c00024a0 c10024a0 c04024a0 c14024a0 
0002c810: c20024a0 c30024a0 c24024a0 c34024a0 
0002c820: c08024a0 c18024a0 c0c024a0 c1c024a0 
0002c830: c28024a0 c38024a0 c2c024a0 c3c024a0 
0002c840: c40024a0 c50024a0 c44024a0 c54024a0 
0002c850: c60024a0 c70024a0 c64024a0 c74024a0 
0002c860: c48024a0 c58024a0 c4c024a0 c5c024a0 
0002c870: c68024a0 c78024a0 c6c024a0 c7c024a0 
0002c880: c00025a0 c10025a0 c04025a0 c14025a0 
0002c890: c20025a0 c30025a0 c24025a0 c34025a0 
0002c8a0: c08025a0 c18025a0 c0c025a0 c1c025a0 
0002c8b0: c28025a0 c38025a0 c2c025a0 c3c025a0 
0002c8c0: c40025a0 c50025a0 c44025a0 c54025a0 
0002c8d0: c60025a0 c70025a0 c64025a0 c74025a0 
0002c8e0: c48025a0 c58025a0 c4c025a0 c5c025a0 
0002c8f0: c68025a0 c78025a0 c6c025a0 c7c025a0 
0002c900: c80024a0 c90024a0 c84024a0 c94024a0 
0002c910: ca0024a0 cb0024a0 ca4024a0 cb4024a0 
0002c920: c88024a0 c98024a0 c8c024a0 c9c024a0 
0002c930: ca8024a0 cb8024a0 cac024a0 cbc024a0 
0002c940: cc0024a0 cd0024a0 cc4024a0 cd4024a0 
0002c950: ce0024a0 cf0024a0 ce4024a0 cf4024a0 
0002c960: cc8024a0 cd8024a0 ccc024a0 cdc024a0 
0002c970: ce8024a0 cf8024a0 cec024a0 cfc024a0 
0002c980: c80025a0 c90025a0 c84025a0 c94025a0 
0002c990: ca0025a0 cb0025a0 ca4025a0 cb4025a0 
0002c9a0: c88025a0 c98025a0 c8c025a0 c9c025a0 
0002c9b0: ca8025a0 cb8025a0 cac025a0 cbc025a0 
0002c9c0: cc0025a0 cd0025a0 cc4025a0 cd4025a0 
0002c9d0: ce0025a0 cf0025a0 ce4025a0 cf4025a0 
0002c9e0: cc8025a0 cd8025a0 ccc025a0 cdc025a0 
0002c9f0: ce8025a0 cf8025a0 cec025a0 cfc025a0 
0002ca00: c00026a0 c10026a0 c04026a0 c14026a0 
0002ca10: c20026a0 c30026a0 c24026a0 c34026a0 
0002ca20: c08026a0 c18026a0 c0c026a0 c1c026a0 
0002ca30: c28026a0 c38026a0 c2c026a0 c3c026a0 
0002ca40: c40026a0 c50026a0 c44026a0 c54026a0 
0002ca50: c60026a0 c70026a0 c64026a0 c74026a0 
0002ca60: c48026a0 c58026a0 c4c026a0 c5c026a0 
0002ca70: c68026a0 c78026a0 c6c026a0 c7c026a0 
0002ca80: c00027a0 c10027a0 c04027a0 c14027a0 
0002ca90: c20027a0 c30027a0 c24027a0 c34027a0 
0002caa0: c08027a0 c18027a0 c0c027a0 c1c027a0 
0002cab0: c28027a0 c38027a0 c2c027a0 c3c027a0 
0002cac0: c40027a0 c50027a0 c44027a0 c54027a0 
0002cad0: c60027a0 c70027a0 c64027a0 c74027a0 
0002cae0: c48027a0 c58027a0 c4c027a0 c5c027a0 
0002caf0: c68027a0 c78027a0 c6c027a0 c7c027a0 
0002cb00: c80026a0 c90026a0 c84026a0 c94026a0 
0002cb10: ca0026a0 cb0026a0 ca4026a0 cb4026a0 
0002cb20: c88026a0 c98026a0 c8c026a0 c9c026a0 
0002cb30: ca8026a0 cb8026a0 cac026a0 cbc026a0 
0002cb40: cc0026a0 cd0026a0 cc4026a0 cd4026a0 
0002cb50: ce0026a0 cf0026a0 ce4026a0 cf4026a0 
0002cb60: cc8026a0 cd8026a0 ccc026a0 cdc026a0 
0002cb70: ce8026a0 cf8026a0 cec026a0 cfc026a0 
0002cb80: c80027a0 c90027a0 c84027a0 c94027a0 
0002cb90: ca0027a0 cb0027a0 ca4027a0 cb4027a0 
0002cba0: c88027a0 c98027a0 c8c027a0 c9c027a0 
0002cbb0: ca8027a0 cb8027a0 cac027a0 cbc027a0 
0002cbc0: cc0027a0 cd0027a0 cc4027a0 cd4027a0 
0002cbd0: ce0027a0 cf0027a0 ce4027a0 cf4027a0 
0002cbe0: cc8027a0 cd8027a0 ccc027a0 cdc027a0 
0002cbf0: ce8027a0 cf8027a0 cec027a0 cfc027a0 
0002cc00: d00024a0 d10024a0 d04024a0 d14024a0 
0002cc10: d20024a0 d30024a0 d24024a0 d34024a0 
0002cc20: d08024a0 d18024a0 d0c024a0 d1c024a0 
0002cc30: d28024a0 d38024a0 d2c024a0 d3c024a0 
0002cc40: d40024a0 d50024a0 d44024a0 d54024a0 
0002cc50: d60024a0 d70024a0 d64024a0 d74024a0 
0002cc60: d48024a0 d58024a0 d4c024a0 d5c024a0 
0002cc70: d68024a0 d78024a0 d6c024a0 d7c024a0 
0002cc80: d00025a0 d10025a0 d04025a0 d14025a0 
0002cc90: d20025a0 d30025a0 d24025a0 d34025a0 
0002cca0: d08025a0 d18025a0 d0c025a0 d1c025a0 
0002ccb0: d28025a0 d38025a0 d2c025a0 d3c025a0 
0002ccc0: d40025a0 d50025a0 d44025a0 d54025a0 
0002ccd0: d60025a0 d70025a0 d64025a0 d74025a0 
0002cce0: d48025a0 d58025a0 d4c025a0 d5c025a0 
0002ccf0: d68025a0 d78025a0 d6c025a0 d7c025a0 
0002cd00: d80024a0 d90024a0 d84024a0 d94024a0 
0002cd10: da0024a0 db0024a0 da4024a0 db4024a0 
0002cd20: d88024a0 d98024a0 d8c024a0 d9c024a0 
0002cd30: da8024a0 db8024a0 dac024a0 dbc024a0 
0002cd40: dc0024a0 dd0024a0 dc4024a0 dd4024a0 
0002cd50: de0024a0 df0024a0 de4024a0 df4024a0 
0002cd60: dc8024a0 dd8024a0 dcc024a0 ddc024a0 
0002cd70: de8024a0 df8024a0 dec024a0 dfc024a0 
0002cd80: d80025a0 d90025a0 d84025a0 d94025a0 
0002cd90: da0025a0 db0025a0 da4025a0 db4025a0 
0002cda0: d88025a0 d98025a0 d8c025a0 d9c025a0 
0002cdb0: da8025a0 db8025a0 dac025a0 dbc025a0 
0002cdc0: dc0025a0 dd0025a0 dc4025a0 dd4025a0 
0002cdd0: de0025a0 df0025a0 de4025a0 df4025a0 
0002cde0: dc8025a0 dd8025a0 dcc025a0 ddc025a0 
0002cdf0: de8025a0 df8025a0 dec025a0 dfc025a0 
0002ce00: d00026a0 d10026a0 d04026a0 d14026a0 
0002ce10: d20026a0 d30026a0 d24026a0 d34026a0 
0002ce20: d08026a0 d18026a0 d0c026a0 d1c026a0 
0002ce30: d28026a0 d38026a0 d2c026a0 d3c026a0 
0002ce40: d40026a0 d50026a0 d44026a0 d54026a0 
0002ce50: d60026a0 d70026a0 d64026a0 d74026a0 
0002ce60: d48026a0 d58026a0 d4c026a0 d5c026a0 
0002ce70: d68026a0 d78026a0 d6c026a0 d7c026a0 
0002ce80: d00027a0 d10027a0 d04027a0 d14027a0 
0002ce90: d20027a0 d30027a0 d24027a0 d34027a0 
0002cea0: d08027a0 d18027a0 d0c027a0 d1c027a0 
0002ceb0: d28027a0 d38027a0 d2c027a0 d3c027a0 
0002cec0: d40027a0 d50027a0 d44027a0 d54027a0 
0002ced0: d60027a0 d70027a0 d64027a0 d74027a0 
0002cee0: d48027a0 d58027a0 d4c027a0 d5c027a0 
0002cef0: d68027a0 d78027a0 d6c027a0 d7c027a0 
0002cf00: d80026a0 d90026a0 d84026a0 d94026a0 
0002cf10: da0026a0 db0026a0 da4026a0 db4026a0 
0002cf20: d88026a0 d98026a0 d8c026a0 d9c026a0 
0002cf30: da8026a0 db8026a0 dac026a0 dbc026a0 
0002cf40: dc0026a0 dd0026a0 dc4026a0 dd4026a0 
0002cf50: de0026a0 df0026a0 de4026a0 df4026a0 
0002cf60: dc8026a0 dd8026a0 dcc026a0 ddc026a0 
0002cf70: de8026a0 df8026a0 dec026a0 dfc026a0 
0002cf80: d80027a0 d90027a0 d84027a0 d94027a0 
0002cf90: da0027a0 db0027a0 da4027a0 db4027a0 
0002cfa0: d88027a0 d98027a0 d8c027a0 d9c027a0 
0002cfb0: da8027a0 db8027a0 dac027a0 dbc027a0 
0002cfc0: dc0027a0 dd0027a0 dc4027a0 dd4027a0 
0002cfd0: de0027a0 df0027a0 de4027a0 df4027a0 
0002cfe0: dc8027a0 dd8027a0 dcc027a0 ddc027a0 
0002cff0: de8027a0 df8027a0 dec027a0 dfc027a0 
0002d000: e00020a0 e10020a0 e04020a0 e14020a0 
0002d010: e20020a0 e30020a0 e24020a0 e34020a0 
0002d020: e08020a0 e18020a0 e0c020a0 e1c020a0 
0002d030: e28020a0 e38020a0 e2c020a0 e3c020a0 
0002d040: e40020a0 e50020a0 e44020a0 e54020a0 
0002d050: e60020a0 e70020a0 e64020a0 e74020a0 
0002d060: e48020a0 e58020a0 e4c020a0 e5c020a0 
0002d070: e68020a0 e78020a0 e6c020a0 e7c020a0 
0002d080: e00021a0 e10021a0 e04021a0 e14021a0 
0002d090: e20021a0 e30021a0 e24021a0 e34021a0 
0002d0a0: e08021a0 e18021a0 e0c021a0 e1c021a0 
0002d0b0: e28021a0 e38021a0 e2c021a0 e3c021a0 
0002d0c0: e40021a0 e50021a0 e44021a0 e54021a0 
0002d0d0: e60021a0 e70021a0 e64021a0 e74021a0 
0002d0e0: e48021a0 e58021a0 e4c021a0 e5c021a0 
0002d0f0: e68021a0 e78021a0 e6c021a0 e7c021a0 
0002d100: e80020a0 e90020a0 e84020a0 e94020a0 
0002d110: ea0020a0 eb0020a0 ea4020a0 eb4020a0 
0002d120: e88020a0 e98020a0 e8c020a0 e9c020a0 
0002d130: ea8020a0 eb8020a0 eac020a0 ebc020a0 
0002d140: ec0020a0 ed0020a0 ec4020a0 ed4020a0 
0002d150: ee0020a0 ef0020a0 ee4020a0 ef4020a0 
0002d160: ec8020a0 ed8020a0 ecc020a0 edc020a0 
0002d170: ee8020a0 ef8020a0 eec020a0 efc020a0 
0002d180: e80021a0 e90021a0 e84021a0 e94021a0 
0002d190: ea0021a0 eb0021a0 ea4021a0 eb4021a0 
0002d1a0: e88021a0 e98021a0 e8c021a0 e9c021a0 
0002d1b0: ea8021a0 eb8021a0 eac021a0 ebc021a0 
0002d1c0: ec0021a0 ed0021a0 ec4021a0 ed4021a0 
0002d1d0: ee0021a0 ef0021a0 ee4021a0 ef4021a0 
0002d1e0: ec8021a0 ed8021a0 ecc021a0 edc021a0 
0002d1f0: ee8021a0 ef8021a0 eec021a0 efc021a0 
0002d200: e00022a0 e10022a0 e04022a0 e14022a0 
0002d210: e20022a0 e30022a0 e24022a0 e34022a0 
0002d220: e08022a0 e18022a0 e0c022a0 e1c022a0 
0002d230: e28022a0 e38022a0 e2c022a0 e3c022a0 
0002d240: e40022a0 e50022a0 e44022a0 e54022a0 
0002d250: e60022a0 e70022a0 e64022a0 e74022a0 
0002d260: e48022a0 e58022a0 e4c022a0 e5c022a0 
0002d270: e68022a0 e78022a0 e6c022a0 e7c022a0 
0002d280: e00023a0 e10023a0 e04023a0 e14023a0 
0002d290: e20023a0 e30023a0 e24023a0 e34023a0 
0002d2a0: e08023a0 e18023a0 e0c023a0 e1c023a0 
0002d2b0: e28023a0 e38023a0 e2c023a0 e3c023a0 
0002d2c0: e40023a0 e50023a0 e44023a0 e54023a0 
0002d2d0: e60023a0 e70023a0 e64023a0 e74023a0 
0002d2e0: e48023a0 e58023a0 e4c023a0 e5c023a0 
0002d2f0: e68023a0 e78023a0 e6c023a0 e7c023a0 
0002d300: e80022a0 e90022a0 e84022a0 e94022a0 
0002d310: ea0022a0 eb0022a0 ea4022a0 eb4022a0 
0002d320: e88022a0 e98022a0 e8c022a0 e9c022a0 
0002d330: ea8022a0 eb8022a0 eac022a0 ebc022a0 
0002d340: ec0022a0 ed0022a0 ec4022a0 ed4022a0 
0002d350: ee0022a0 ef0022a0 ee4022a0 ef4022a0 
0002d360: ec8022a0 ed8022a0 ecc022a0 edc022a0 
0002d370: ee8022a0 ef8022a0 eec022a0 efc022a0 
0002d380: e80023a0 e90023a0 e84023a0 e94023a0 
0002d390: ea0023a0 eb0023a0 ea4023a0 eb4023a0 
0002d3a0: e88023a0 e98023a0 e8c023a0 e9c023a0 
0002d3b0: ea8023a0 eb8023a0 eac023a0 ebc023a0 
0002d3c0: ec0023a0 ed0023a0 ec4023a0 ed4023a0 
0002d3d0: ee0023a0 ef0023a0 ee4023a0 ef4023a0 
0002d3e0: ec8023a0 ed8023a0 ecc023a0 edc023a0 
0002d3f0: ee8023a0 ef8023a0 eec023a0 efc023a0 
0002d400: f00020a0 f10020a0 f04020a0 f14020a0 
0002d410: f20020a0 f30020a0 f24020a0 f34020a0 
0002d420: f08020a0 f18020a0 f0c020a0 f1c020a0 
0002d430: f28020a0 f38020a0 f2c020a0 f3c020a0 
0002d440: f40020a0 f50020a0 f44020a0 f54020a0 
0002d450: f60020a0 f70020a0 f64020a0 f74020a0 
0002d460: f48020a0 f58020a0 f4c020a0 f5c020a0 
0002d470: f68020a0 f78020a0 f6c020a0 f7c020a0 
0002d480: f00021a0 f10021a0 f04021a0 f14021a0 
0002d490: f20021a0 f30021a0 f24021a0 f34021a0 
0002d4a0: f08021a0 f18021a0 f0c021a0 f1c021a0 
0002d4b0: f28021a0 f38021a0 f2c021a0 f3c021a0 
0002d4c0: f40021a0 f50021a0 f44021a0 f54021a0 
0002d4d0: f60021a0 f70021a0 f64021a0 f74021a0 
0002d4e0: f48021a0 f58021a0 f4c021a0 f5c021a0 
0002d4f0: f68021a0 f78021a0 f6c021a0 f7c021a0 
0002d500: f80020a0 f90020a0 f84020a0 f94020a0 
0002d510: fa0020a0 fb0020a0 fa4020a0 fb4020a0 
0002d520: f88020a0 f98020a0 f8c020a0 f9c020a0 
0002d530: fa8020a0 fb8020a0 fac020a0 fbc020a0 
0002d540: fc0020a0 fd0020a0 fc4020a0 fd4020a0 
0002d550: fe0020a0 ff0020a0 fe4020a0 ff4020a0 
0002d560: fc8020a0 fd8020a0 fcc020a0 fdc020a0 
0002d570: fe8020a0 ff8020a0 fec020a0 ffc020a0 
0002d580: f80021a0 f90021a0 f84021a0 f94021a0 
0002d590: fa0021a0 fb0021a0 fa4021a0 fb4021a0 
0002d5a0: f88021a0 f98021a0 f8c021a0 f9c021a0 
0002d5b0: fa8021a0 fb8021a0 fac021a0 fbc021a0 
0002d5c0: fc0021a0 fd0021a0 fc4021a0 fd4021a0 
0002d5d0: fe0021a0 ff0021a0 fe4021a0 ff4021a0 
0002d5e0: fc8021a0 fd8021a0 fcc021a0 fdc021a0 
0002d5f0: fe8021a0 ff8021a0 fec021a0 ffc021a0 
0002d600: f00022a0 f10022a0 f04022a0 f14022a0 
0002d610: f20022a0 f30022a0 f24022a0 f34022a0 
0002d620: f08022a0 f18022a0 f0c022a0 f1c022a0 
0002d630: f28022a0 f38022a0 f2c022a0 f3c022a0 
0002d640: f40022a0 f50022a0 f44022a0 f54022a0 
0002d650: f60022a0 f70022a0 f64022a0 f74022a0 
0002d660: f48022a0 f58022a0 f4c022a0 f5c022a0 
0002d670: f68022a0 f78022a0 f6c022a0 f7c022a0 
0002d680: f00023a0 f10023a0 f04023a0 f14023a0 
0002d690: f20023a0 f30023a0 f24023a0 f34023a0 
0002d6a0: f08023a0 f18023a0 f0c023a0 f1c023a0 
0002d6b0: f28023a0 f38023a0 f2c023a0 f3c023a0 
0002d6c0: f40023a0 f50023a0 f44023a0 f54023a0 
0002d6d0: f60023a0 f70023a0 f64023a0 f74023a0 
0002d6e0: f48023a0 f58023a0 f4c023a0 f5c023a0 
0002d6f0: f68023a0 f78023a0 f6c023a0 f7c023a0 
0002d700: f80022a0 f90022a0 f84022a0 f94022a0 
0002d710: fa0022a0 fb0022a0 fa4022a0 fb4022a0 
0002d720: f88022a0 f98022a0 f8c022a0 f9c022a0 
0002d730: fa8022a0 fb8022a0 fac022a0 fbc022a0 
0002d740: fc0022a0 fd0022a0 fc4022a0 fd4022a0 
0002d750: fe0022a0 ff0022a0 fe4022a0 ff4022a0 
0002d760: fc8022a0 fd8022a0 fcc022a0 fdc022a0 
0002d770: fe8022a0 ff8022a0 fec022a0 ffc022a0 
0002d780: f80023a0 f90023a0 f84023a0 f94023a0 
0002d790: fa0023a0 fb0023a0 fa4023a0 fb4023a0 
0002d7a0: f88023a0 f98023a0 f8c023a0 f9c023a0 
0002d7b0: fa8023a0 fb8023a0 fac023a0 fbc023a0 
0002d7c0: fc0023a0 fd0023a0 fc4023a0 fd4023a0 
0002d7d0: fe0023a0 ff0023a0 fe4023a0 ff4023a0 
0002d7e0: fc8023a0 fd8023a0 fcc023a0 fdc023a0 
0002d7f0: fe8023a0 ff8023a0 fec023a0 ffc023a0 
0002d800: e00024a0 e10024a0 e04024a0 e14024a0 
0002d810: e20024a0 e30024a0 e24024a0 e34024a0 
0002d820: e08024a0 e18024a0 e0c024a0 e1c024a0 
0002d830: e28024a0 e38024a0 e2c024a0 e3c024a0 
0002d840: e40024a0 e50024a0 e44024a0 e54024a0 
0002d850: e60024a0 e70024a0 e64024a0 e74024a0 
0002d860: e48024a0 e58024a0 e4c024a0 e5c024a0 
0002d870: e68024a0 e78024a0 e6c024a0 e7c024a0 
0002d880: e00025a0 e10025a0 e04025a0 e14025a0 
0002d890: e20025a0 e30025a0 e24025a0 e34025a0 
0002d8a0: e08025a0 e18025a0 e0c025a0 e1c025a0 
0002d8b0: e28025a0 e38025a0 e2c025a0 e3c025a0 
0002d8c0: e40025a0 e50025a0 e44025a0 e54025a0 
0002d8d0: e60025a0 e70025a0 e64025a0 e74025a0 
0002d8e0: e48025a0 e58025a0 e4c025a0 e5c025a0 
0002d8f0: e68025a0 e78025a0 e6c025a0 e7c025a0 
0002d900: e80024a0 e90024a0 e84024a0 e94024a0 
0002d910: ea0024a0 eb0024a0 ea4024a0 eb4024a0 
0002d920: e88024a0 e98024a0 e8c024a0 e9c024a0 
0002d930: ea8024a0 eb8024a0 eac024a0 ebc024a0 
0002d940: ec0024a0 ed0024a0 ec4024a0 ed4024a0 
0002d950: ee0024a0 ef0024a0 ee4024a0 ef4024a0 
0002d960: ec8024a0 ed8024a0 ecc024a0 edc024a0 
0002d970: ee8024a0 ef8024a0 eec024a0 efc024a0 
0002d980: e80025a0 e90025a0 e84025a0 e94025a0 
0002d990: ea0025a0 eb0025a0 ea4025a0 eb4025a0 
0002d9a0: e88025a0 e98025a0 e8c025a0 e9c025a0 
0002d9b0: ea8025a0 eb8025a0 eac025a0 ebc025a0 
0002d9c0: ec0025a0 ed0025a0 ec4025a0 ed4025a0 
0002d9d0: ee0025a0 ef0025a0 ee4025a0 ef4025a0 
0002d9e0: ec8025a0 ed8025a0 ecc025a0 edc025a0 
0002d9f0: ee8025a0 ef8025a0 eec025a0 efc025a0 
0002da00: e00026a0 e10026a0 e04026a0 e14026a0 
0002da10: e20026a0 e30026a0 e24026a0 e34026a0 
0002da20: e08026a0 e18026a0 e0c026a0 e1c026a0 
0002da30: e28026a0 e38026a0 e2c026a0 e3c026a0 
0002da40: e40026a0 e50026a0 e44026a0 e54026a0 
0002da50: e60026a0 e70026a0 e64026a0 e74026a0 
0002da60: e48026a0 e58026a0 e4c026a0 e5c026a0 
0002da70: e68026a0 e78026a0 e6c026a0 e7c026a0 
0002da80: e00027a0 e10027a0 e04027a0 e14027a0 
0002da90: e20027a0 e30027a0 e24027a0 e34027a0 
0002daa0: e08027a0 e18027a0 e0c027a0 e1c027a0 
0002dab0: e28027a0 e38027a0 e2c027a0 e3c027a0 
0002dac0: e40027a0 e50027a0 e44027a0 e54027a0 
0002dad0: e60027a0 e70027a0 e64027a0 e74027a0 
0002dae0: e48027a0 e58027a0 e4c027a0 e5c027a0 
0002daf0: e68027a0 e78027a0 e6c027a0 e7c027a0 
0002db00: e80026a0 e90026a0 e84026a0 e94026a0 
0002db10: ea0026a0 eb0026a0 ea4026a0 eb4026a0 
0002db20: e88026a0 e98026a0 e8c026a0 e9c026a0 
0002db30: ea8026a0 eb8026a0 eac026a0 ebc026a0 
0002db40: ec0026a0 ed0026a0 ec4026a0 ed4026a0 
0002db50: ee0026a0 ef0026a0 ee4026a0 ef4026a0 
0002db60: ec8026a0 ed8026a0 ecc026a0 edc026a0 
0002db70: ee8026a0 ef8026a0 eec026a0 efc026a0 
0002db80: e80027a0 e90027a0 e84027a0 e94027a0 
0002db90: ea0027a0 eb0027a0 ea4027a0 eb4027a0 
0002dba0: e88027a0 e98027a0 e8c027a0 e9c027a0 
0002dbb0: ea8027a0 eb8027a0 eac027a0 ebc027a0 
0002dbc0: ec0027a0 ed0027a0 ec4027a0 ed4027a0 
0002dbd0: ee0027a0 ef0027a0 ee4027a0 ef4027a0 
0002dbe0: ec8027a0 ed8027a0 ecc027a0 edc027a0 
0002dbf0: ee8027a0 ef8027a0 eec027a0 efc027a0 
0002dc00: f00024a0 f10024a0 f04024a0 f14024a0 
0002dc10: f20024a0 f30024a0 f24024a0 f34024a0 
0002dc20: f08024a0 f18024a0 f0c024a0 f1c024a0 
0002dc30: f28024a0 f38024a0 f2c024a0 f3c024a0 
0002dc40: f40024a0 f50024a0 f44024a0 f54024a0 
0002dc50: f60024a0 f70024a0 f64024a0 f74024a0 
0002dc60: f48024a0 f58024a0 f4c024a0 f5c024a0 
0002dc70: f68024a0 f78024a0 f6c024a0 f7c024a0 
0002dc80: f00025a0 f10025a0 f04025a0 f14025a0 
0002dc90: f20025a0 f30025a0 f24025a0 f34025a0 
0002dca0: f08025a0 f18025a0 f0c025a0 f1c025a0 
0002dcb0: f28025a0 f38025a0 f2c025a0 f3c025a0 
0002dcc0: f40025a0 f50025a0 f44025a0 f54025a0 
0002dcd0: f60025a0 f70025a0 f64025a0 f74025a0 
0002dce0: f48025a0 f58025a0 f4c025a0 f5c025a0 
0002dcf0: f68025a0 f78025a0 f6c025a0 f7c025a0 
0002dd00: f80024a0 f90024a0 f84024a0 f94024a0 
0002dd10: fa0024a0 fb0024a0 fa4024a0 fb4024a0 
0002dd20: f88024a0 f98024a0 f8c024a0 f9c024a0 
0002dd30: fa8024a0 fb8024a0 fac024a0 fbc024a0 
0002dd40: fc0024a0 fd0024a0 fc4024a0 fd4024a0 
0002dd50: fe0024a0 ff0024a0 fe4024a0 ff4024a0 
0002dd60: fc8024a0 fd8024a0 fcc024a0 fdc024a0 
0002dd70: fe8024a0 ff8024a0 fec024a0 ffc024a0 
0002dd80: f80025a0 f90025a0 f84025a0 f94025a0 
0002dd90: fa0025a0 fb0025a0 fa4025a0 fb4025a0 
0002dda0: f88025a0 f98025a0 f8c025a0 f9c025a0 
0002ddb0: fa8025a0 fb8025a0 fac025a0 fbc025a0 
0002ddc0: fc0025a0 fd0025a0 fc4025a0 fd4025a0 
0002ddd0: fe0025a0 ff0025a0 fe4025a0 ff4025a0 
0002dde0: fc8025a0 fd8025a0 fcc025a0 fdc025a0 
0002ddf0: fe8025a0 ff8025a0 fec025a0 ffc025a0 
0002de00: f00026a0 f10026a0 f04026a0 f14026a0 
0002de10: f20026a0 f30026a0 f24026a0 f34026a0 
0002de20: f08026a0 f18026a0 f0c026a0 f1c026a0 
0002de30: f28026a0 f38026a0 f2c026a0 f3c026a0 
0002de40: f40026a0 f50026a0 f44026a0 f54026a0 
0002de50: f60026a0 f70026a0 f64026a0 f74026a0 
0002de60: f48026a0 f58026a0 f4c026a0 f5c026a0 
0002de70: f68026a0 f78026a0 f6c026a0 f7c026a0 
0002de80: f00027a0 f10027a0 f04027a0 f14027a0 
0002de90: f20027a0 f30027a0 f24027a0 f34027a0 
0002dea0: f08027a0 f18027a0 f0c027a0 f1c027a0 
0002deb0: f28027a0 f38027a0 f2c027a0 f3c027a0 
0002dec0: f40027a0 f50027a0 f44027a0 f54027a0 
0002ded0: f60027a0 f70027a0 f64027a0 f74027a0 
0002dee0: f48027a0 f58027a0 f4c027a0 f5c027a0 
0002def0: f68027a0 f78027a0 f6c027a0 f7c027a0 
0002df00: f80026a0 f90026a0 f84026a0 f94026a0 
0002df10: fa0026a0 fb0026a0 fa4026a0 fb4026a0 
0002df20: f88026a0 f98026a0 f8c026a0 f9c026a0 
0002df30: fa8026a0 fb8026a0 fac026a0 fbc026a0 
0002df40: fc0026a0 fd0026a0 fc4026a0 fd4026a0 
0002df50: fe0026a0 ff0026a0 fe4026a0 ff4026a0 
0002df60: fc8026a0 fd8026a0 fcc026a0 fdc026a0 
0002df70: fe8026a0 ff8026a0 fec026a0 ffc026a0 
0002df80: f80027a0 f90027a0 f84027a0 f94027a0 
0002df90: fa0027a0 fb0027a0 fa4027a0 fb4027a0 
0002dfa0: f88027a0 f98027a0 f8c027a0 f9c027a0 
0002dfb0: fa8027a0 fb8027a0 fac027a0 fbc027a0 
0002dfc0: fc0027a0 fd0027a0 fc4027a0 fd4027a0 
0002dfd0: fe0027a0 ff0027a0 fe4027a0 ff4027a0 
0002dfe0: fc8027a0 fd8027a0 fcc027a0 fdc027a0 
0002dff0: fe8027a0 ff8027a0 fec027a0 ffc027a0 
0002e000: c00028a0 c10028a0 c04028a0 c14028a0 
0002e010: c20028a0 c30028a0 c24028a0 c34028a0 
0002e020: c08028a0 c18028a0 c0c028a0 c1c028a0 
0002e030: c28028a0 c38028a0 c2c028a0 c3c028a0 
0002e040: c40028a0 c50028a0 c44028a0 c54028a0 
0002e050: c60028a0 c70028a0 c64028a0 c74028a0 
0002e060: c48028a0 c58028a0 c4c028a0 c5c028a0 
0002e070: c68028a0 c78028a0 c6c028a0 c7c028a0 
0002e080: c00029a0 c10029a0 c04029a0 c14029a0 
0002e090: c20029a0 c30029a0 c24029a0 c34029a0 
0002e0a0: c08029a0 c18029a0 c0c029a0 c1c029a0 
0002e0b0: c28029a0 c38029a0 c2c029a0 c3c029a0 
0002e0c0: c40029a0 c50029a0 c44029a0 c54029a0 
0002e0d0: c60029a0 c70029a0 c64029a0 c74029a0 
0002e0e0: c48029a0 c58029a0 c4c029a0 c5c029a0 
0002e0f0: c68029a0 c78029a0 c6c029a0 c7c029a0 
0002e100: c80028a0 c90028a0 c84028a0 c94028a0 
0002e110: ca0028a0 cb0028a0 ca4028a0 cb4028a0 
0002e120: c88028a0 c98028a0 c8c028a0 c9c028a0 
0002e130: ca8028a0 cb8028a0 cac028a0 cbc028a0 
0002e140: cc0028a0 cd0028a0 cc4028a0 cd4028a0 
0002e150: ce0028a0 cf0028a0 ce4028a0 cf4028a0 
0002e160: cc8028a0 cd8028a0 ccc028a0 cdc028a0 
0002e170: ce8028a0 cf8028a0 cec028a0 cfc028a0 
0002e180: c80029a0 c90029a0 c84029a0 c94029a0 
0002e190: ca0029a0 cb0029a0 ca4029a0 cb4029a0 
0002e1a0: c88029a0 c98029a0 c8c029a0 c9c029a0 
0002e1b0: ca8029a0 cb8029a0 cac029a0 cbc029a0 
0002e1c0: cc0029a0 cd0029a0 cc4029a0 cd4029a0 
0002e1d0: ce0029a0 cf0029a0 ce4029a0 cf4029a0 
0002e1e0: cc8029a0 cd8029a0 ccc029a0 cdc029a0 
0002e1f0: ce8029a0 cf8029a0 cec029a0 cfc029a0 
0002e200: c0002aa0 c1002aa0 c0402aa0 c1402aa0 
0002e210: c2002aa0 c3002aa0 c2402aa0 c3402aa0 
0002e220: c0802aa0 c1802aa0 c0c02aa0 c1c02aa0 
0002e230: c2802aa0 c3802aa0 c2c02aa0 c3c02aa0 
0002e240: c4002aa0 c5002aa0 c4402aa0 c5402aa0 
0002e250: c6002aa0 c7002aa0 c6402aa0 c7402aa0 
0002e260: c4802aa0 c5802aa0 c4c02aa0 c5c02aa0 
0002e270: c6802aa0 c7802aa0 c6c02aa0 c7c02aa0 
0002e280: c0002ba0 c1002ba0 c0402ba0 c1402ba0 
0002e290: c2002ba0 c3002ba0 c2402ba0 c3402ba0 
0002e2a0: c0802ba0 c1802ba0 c0c02ba0 c1c02ba0 
0002e2b0: c2802ba0 c3802ba0 c2c02ba0 c3c02ba0 
0002e2c0: c4002ba0 c5002ba0 c4402ba0 c5402ba0 
0002e2d0: c6002ba0 c7002ba0 c6402ba0 c7402ba0 
0002e2e0: c4802ba0 c5802ba0 c4c02ba0 c5c02ba0 
0002e2f0: c6802ba0 c7802ba0 c6c02ba0 c7c02ba0 
0002e300: c8002aa0 c9002aa0 c8402aa0 c9402aa0 
0002e310: ca002aa0 cb002aa0 ca402aa0 cb402aa0 
0002e320: c8802aa0 c9802aa0 c8c02aa0 c9c02aa0 
0002e330: ca802aa0 cb802aa0 cac02aa0 cbc02aa0 
0002e340: cc002aa0 cd002aa0 cc402aa0 cd402aa0 
0002e350: ce002aa0 cf002aa0 ce402aa0 cf402aa0 
0002e360: cc802aa0 cd802aa0 ccc02aa0 cdc02aa0 
0002e370: ce802aa0 cf802aa0 cec02aa0 cfc02aa0 
0002e380: c8002ba0 c9002ba0 c8402ba0 c9402ba0 
0002e390: ca002ba0 cb002ba0 ca402ba0 cb402ba0 
0002e3a0: c8802ba0 c9802ba0 c8c02ba0 c9c02ba0 
0002e3b0: ca802ba0 cb802ba0 cac02ba0 cbc02ba0 
0002e3c0: cc002ba0 cd002ba0 cc402ba0 cd402ba0 
0002e3d0: ce002ba0 cf002ba0 ce402ba0 cf402ba0 
0002e3e0: cc802ba0 cd802ba0 ccc02ba0 cdc02ba0 
0002e3f0: ce802ba0 cf802ba0 cec02ba0 cfc02ba0 
0002e400: d00028a0 d10028a0 d04028a0 d14028a0 
0002e410: d20028a0 d30028a0 d24028a0 d34028a0 
0002e420: d08028a0 d18028a0 d0c028a0 d1c028a0 
0002e430: d28028a0 d38028a0 d2c028a0 d3c028a0 
0002e440: d40028a0 d50028a0 d44028a0 d54028a0 
0002e450: d60028a0 d70028a0 d64028a0 d74028a0 
0002e460: d48028a0 d58028a0 d4c028a0 d5c028a0 
0002e470: d68028a0 d78028a0 d6c028a0 d7c028a0 
0002e480: d00029a0 d10029a0 d04029a0 d14029a0 
0002e490: d20029a0 d30029a0 d24029a0 d34029a0 
0002e4a0: d08029a0 d18029a0 d0c029a0 d1c029a0 
0002e4b0: d28029a0 d38029a0 d2c029a0 d3c029a0 
0002e4c0: d40029a0 d50029a0 d44029a0 d54029a0 
0002e4d0: d60029a0 d70029a0 d64029a0 d74029a0 
0002e4e0: d48029a0 d58029a0 d4c029a0 d5c029a0 
0002e4f0: d68029a0 d78029a0 d6c029a0 d7c029a0 
0002e500: d80028a0 d90028a0 d84028a0 d94028a0 
0002e510: da0028a0 db0028a0 da4028a0 db4028a0 
0002e520: d88028a0 d98028a0 d8c028a0 d9c028a0 
0002e530: da8028a0 db8028a0 dac028a0 dbc028a0 
0002e540: dc0028a0 dd0028a0 dc4028a0 dd4028a0 
0002e550: de0028a0 df0028a0 de4028a0 df4028a0 
0002e560: dc8028a0 dd8028a0 dcc028a0 ddc028a0 
0002e570: de8028a0 df8028a0 dec028a0 dfc028a0 
0002e580: d80029a0 d90029a0 d84029a0 d94029a0 
0002e590: da0029a0 db0029a0 da4029a0 db4029a0 
0002e5a0: d88029a0 d98029a0 d8c029a0 d9c029a0 
0002e5b0: da8029a0 db8029a0 dac029a0 dbc029a0 
0002e5c0: dc0029a0 dd0029a0 dc4029a0 dd4029a0 
0002e5d0: de0029a0 df0029a0 de4029a0 df4029a0 
0002e5e0: dc8029a0 dd8029a0 dcc029a0 ddc029a0 
0002e5f0: de8029a0 df8029a0 dec029a0 dfc029a0 
0002e600: d0002aa0 d1002aa0 d0402aa0 d1402aa0 
0002e610: d2002aa0 d3002aa0 d2402aa0 d3402aa0 
0002e620: d0802aa0 d1802aa0 d0c02aa0 d1c02aa0 
0002e630: d2802aa0 d3802aa0 d2c02aa0 d3c02aa0 
0002e640: d4002aa0 d5002aa0 d4402aa0 d5402aa0 
0002e650: d6002aa0 d7002aa0 d6402aa0 d7402aa0 
0002e660: d4802aa0 d5802aa0 d4c02aa0 d5c02aa0 
0002e670: d6802aa0 d7802aa0 d6c02aa0 d7c02aa0 
0002e680: d0002ba0 d1002ba0 d0402ba0 d1402ba0 
0002e690: d2002ba0 d3002ba0 d2402ba0 d3402ba0 
0002e6a0: d0802ba0 d1802ba0 d0c02ba0 d1c02ba0 
0002e6b0: d2802ba0 d3802ba0 d2c02ba0 d3c02ba0 
0002e6c0: d4002ba0 d5002ba0 d4402ba0 d5402ba0 
0002e6d0: d6002ba0 d7002ba0 d6402ba0 d7402ba0 
0002e6e0: d4802ba0 d5802ba0 d4c02ba0 d5c02ba0 
0002e6f0: d6802ba0 d7802ba0 d6c02ba0 d7c02ba0 
0002e700: d8002aa0 d9002aa0 d8402aa0 d9402aa0 
0002e710: da002aa0 db002aa0 da402aa0 db402aa0 
0002e720: d8802aa0 d9802aa0 d8c02aa0 d9c02aa0 
0002e730: da802aa0 db802aa0 dac02aa0 dbc02aa0 
0002e740: dc002aa0 dd002aa0 dc402aa0 dd402aa0 
0002e750: de002aa0 df002aa0 de402aa0 df402aa0 
0002e760: dc802aa0 dd802aa0 dcc02aa0 ddc02aa0 
0002e770: de802aa0 df802aa0 dec02aa0 dfc02aa0 
0002e780: d8002ba0 d9002ba0 d8402ba0 d9402ba0 
0002e790: da002ba0 db002ba0 da402ba0 db402ba0 
0002e7a0: d8802ba0 d9802ba0 d8c02ba0 d9c02ba0 
0002e7b0: da802ba0 db802ba0 dac02ba0 dbc02ba0 
0002e7c0: dc002ba0 dd002ba0 dc402ba0 dd402ba0 
0002e7d0: de002ba0 df002ba0 de402ba0 df402ba0 
0002e7e0: dc802ba0 dd802ba0 dcc02ba0 ddc02ba0 
0002e7f0: de802ba0 df802ba0 dec02ba0 dfc02ba0 
0002e800: c0002ca0 c1002ca0 c0402ca0 c1402ca0 
0002e810: c2002ca0 c3002ca0 c2402ca0 c3402ca0 
0002e820: c0802ca0 c1802ca0 c0c02ca0 c1c02ca0 
0002e830: c2802ca0 c3802ca0 c2c02ca0 c3c02ca0 
0002e840: c4002ca0 c5002ca0 c4402ca0 c5402ca0 
0002e850: c6002ca0 c7002ca0 c6402ca0 c7402ca0 
0002e860: c4802ca0 c5802ca0 c4c02ca0 c5c02ca0 
0002e870: c6802ca0 c7802ca0 c6c02ca0 c7c02ca0 
0002e880: c0002da0 c1002da0 c0402da0 c1402da0 
0002e890: c2002da0 c3002da0 c2402da0 c3402da0 
0002e8a0: c0802da0 c1802da0 c0c02da0 c1c02da0 
0002e8b0: c2802da0 c3802da0 c2c02da0 c3c02da0 
0002e8c0: c4002da0 c5002da0 c4402da0 c5402da0 
0002e8d0: c6002da0 c7002da0 c6402da0 c7402da0 
0002e8e0: c4802da0 c5802da0 c4c02da0 c5c02da0 
0002e8f0: c6802da0 c7802da0 c6c02da0 c7c02da0 
0002e900: c8002ca0 c9002ca0 c8402ca0 c9402ca0 
0002e910: ca002ca0 cb002ca0 ca402ca0 cb402ca0 
0002e920: c8802ca0 c9802ca0 c8c02ca0 c9c02ca0 
0002e930: ca802ca0 cb802ca0 cac02ca0 cbc02ca0 
0002e940: cc002ca0 cd002ca0 cc402ca0 cd402ca0 
0002e950: ce002ca0 cf002ca0 ce402ca0 cf402ca0 
0002e960: cc802ca0 cd802ca0 ccc02ca0 cdc02ca0 
0002e970: ce802ca0 cf802ca0 cec02ca0 cfc02ca0 
0002e980: c8002da0 c9002da0 c8402da0 c9402da0 
0002e990: ca002da0 cb002da0 ca402da0 cb402da0 
0002e9a0: c8802da0 c9802da0 c8c02da0 c9c02da0 
0002e9b0: ca802da0 cb802da0 cac02da0 cbc02da0 
0002e9c0: cc002da0 cd002da0 cc402da0 cd402da0 
0002e9d0: ce002da0 cf002da0 ce402da0 cf402da0 
0002e9e0: cc802da0 cd802da0 ccc02da0 cdc02da0 
0002e9f0: ce802da0 cf802da0 cec02da0 cfc02da0 
0002ea00: c0002ea0 c1002ea0 c0402ea0 c1402ea0 
0002ea10: c2002ea0 c3002ea0 c2402ea0 c3402ea0 
0002ea20: c0802ea0 c1802ea0 c0c02ea0 c1c02ea0 
0002ea30: c2802ea0 c3802ea0 c2c02ea0 c3c02ea0 
0002ea40: c4002ea0 c5002ea0 c4402ea0 c5402ea0 
0002ea50: c6002ea0 c7002ea0 c6402ea0 c7402ea0 
0002ea60: c4802ea0 c5802ea0 c4c02ea0 c5c02ea0 
0002ea70: c6802ea0 c7802ea0 c6c02ea0 c7c02ea0 
0002ea80: c0002fa0 c1002fa0 c0402fa0 c1402fa0 
0002ea90: c2002fa0 c3002fa0 c2402fa0 c3402fa0 
0002eaa0: c0802fa0 c1802fa0 c0c02fa0 c1c02fa0 
0002eab0: c2802fa0 c3802fa0 c2c02fa0 c3c02fa0 
0002eac0: c4002fa0 c5002fa0 c4402fa0 c5402fa0 
0002ead0: c6002fa0 c7002fa0 c6402fa0 c7402fa0 
0002eae0: c4802fa0 c5802fa0 c4c02fa0 c5c02fa0 
0002eaf0: c6802fa0 c7802fa0 c6c02fa0 c7c02fa0 
0002eb00: c8002ea0 c9002ea0 c8402ea0 c9402ea0 
0002eb10: ca002ea0 cb002ea0 ca402ea0 cb402ea0 
0002eb20: c8802ea0 c9802ea0 c8c02ea0 c9c02ea0 
0002eb30: ca802ea0 cb802ea0 cac02ea0 cbc02ea0 
0002eb40: cc002ea0 cd002ea0 cc402ea0 cd402ea0 
0002eb50: ce002ea0 cf002ea0 ce402ea0 cf402ea0 
0002eb60: cc802ea0 cd802ea0 ccc02ea0 cdc02ea0 
0002eb70: ce802ea0 cf802ea0 cec02ea0 cfc02ea0 
0002eb80: c8002fa0 c9002fa0 c8402fa0 c9402fa0 
0002eb90: ca002fa0 cb002fa0 ca402fa0 cb402fa0 
0002eba0: c8802fa0 c9802fa0 c8c02fa0 c9c02fa0 
0002ebb0: ca802fa0 cb802fa0 cac02fa0 cbc02fa0 
0002ebc0: cc002fa0 cd002fa0 cc402fa0 cd402fa0 
0002ebd0: ce002fa0 cf002fa0 ce402fa0 cf402fa0 
0002ebe0: cc802fa0 cd802fa0 ccc02fa0 cdc02fa0 
0002ebf0: ce802fa0 cf802fa0 cec02fa0 cfc02fa0 
0002ec00: d0002ca0 d1002ca0 d0402ca0 d1402ca0 
0002ec10: d2002ca0 d3002ca0 d2402ca0 d3402ca0 
0002ec20: d0802ca0 d1802ca0 d0c02ca0 d1c02ca0 
0002ec30: d2802ca0 d3802ca0 d2c02ca0 d3c02ca0 
0002ec40: d4002ca0 d5002ca0 d4402ca0 d5402ca0 
0002ec50: d6002ca0 d7002ca0 d6402ca0 d7402ca0 
0002ec60: d4802ca0 d5802ca0 d4c02ca0 d5c02ca0 
0002ec70: d6802ca0 d7802ca0 d6c02ca0 d7c02ca0 
0002ec80: d0002da0 d1002da0 d0402da0 d1402da0 
0002ec90: d2002da0 d3002da0 d2402da0 d3402da0 
0002eca0: d0802da0 d1802da0 d0c02da0 d1c02da0 
0002ecb0: d2802da0 d3802da0 d2c02da0 d3c02da0 
0002ecc0: d4002da0 d5002da0 d4402da0 d5402da0 
0002ecd0: d6002da0 d7002da0 d6402da0 d7402da0 
0002ece0: d4802da0 d5802da0 d4c02da0 d5c02da0 
0002ecf0: d6802da0 d7802da0 d6c02da0 d7c02da0 
0002ed00: d8002ca0 d9002ca0 d8402ca0 d9402ca0 
0002ed10: da002ca0 db002ca0 da402ca0 db402ca0 
0002ed20: d8802ca0 d9802ca0 d8c02ca0 d9c02ca0 
0002ed30: da802ca0 db802ca0 dac02ca0 dbc02ca0 
0002ed40: dc002ca0 dd002ca0 dc402ca0 dd402ca0 
0002ed50: de002ca0 df002ca0 de402ca0 df402ca0 
0002ed60: dc802ca0 dd802ca0 dcc02ca0 ddc02ca0 
0002ed70: de802ca0 df802ca0 dec02ca0 dfc02ca0 
0002ed80: d8002da0 d9002da0 d8402da0 d9402da0 
0002ed90: da002da0 db002da0 da402da0 db402da0 
0002eda0: d8802da0 d9802da0 d8c02da0 d9c02da0 
0002edb0: da802da0 db802da0 dac02da0 dbc02da0 
0002edc0: dc002da0 dd002da0 dc402da0 dd402da0 
0002edd0: de002da0 df002da0 de402da0 df402da0 
0002ede0: dc802da0 dd802da0 dcc02da0 ddc02da0 
0002edf0: de802da0 df802da0 dec02da0 dfc02da0 
0002ee00: d0002ea0 d1002ea0 d0402ea0 d1402ea0 
0002ee10: d2002ea0 d3002ea0 d2402ea0 d3402ea0 
0002ee20: d0802ea0 d1802ea0 d0c02ea0 d1c02ea0 
0002ee30: d2802ea0 d3802ea0 d2c02ea0 d3c02ea0 
0002ee40: d4002ea0 d5002ea0 d4402ea0 d5402ea0 
0002ee50: d6002ea0 d7002ea0 d6402ea0 d7402ea0 
0002ee60: d4802ea0 d5802ea0 d4c02ea0 d5c02ea0 
0002ee70: d6802ea0 d7802ea0 d6c02ea0 d7c02ea0 
0002ee80: d0002fa0 d1002fa0 d0402fa0 d1402fa0 
0002ee90: d2002fa0 d3002fa0 d2402fa0 d3402fa0 
0002eea0: d0802fa0 d1802fa0 d0c02fa0 d1c02fa0 
0002eeb0: d2802fa0 d3802fa0 d2c02fa0 d3c02fa0 
0002eec0: d4002fa0 d5002fa0 d4402fa0 d5402fa0 
0002eed0: d6002fa0 d7002fa0 d6402fa0 d7402fa0 
0002eee0: d4802fa0 d5802fa0 d4c02fa0 d5c02fa0 
0002eef0: d6802fa0 d7802fa0 d6c02fa0 d7c02fa0 
0002ef00: d8002ea0 d9002ea0 d8402ea0 d9402ea0 
0002ef10: da002ea0 db002ea0 da402ea0 db402ea0 
0002ef20: d8802ea0 d9802ea0 d8c02ea0 d9c02ea0 
0002ef30: da802ea0 db802ea0 dac02ea0 dbc02ea0 
0002ef40: dc002ea0 dd002ea0 dc402ea0 dd402ea0 
0002ef50: de002ea0 df002ea0 de402ea0 df402ea0 
0002ef60: dc802ea0 dd802ea0 dcc02ea0 ddc02ea0 
0002ef70: de802ea0 df802ea0 dec02ea0 dfc02ea0 
0002ef80: d8002fa0 d9002fa0 d8402fa0 d9402fa0 
0002ef90: da002fa0 db002fa0 da402fa0 db402fa0 
0002efa0: d8802fa0 d9802fa0 d8c02fa0 d9c02fa0 
0002efb0: da802fa0 db802fa0 dac02fa0 dbc02fa0 
0002efc0: dc002fa0 dd002fa0 dc402fa0 dd402fa0 
0002efd0: de002fa0 df002fa0 de402fa0 df402fa0 
0002efe0: dc802fa0 dd802fa0 dcc02fa0 ddc02fa0 
0002eff0: de802fa0 df802fa0 dec02fa0 dfc02fa0 
0002f000: e00028a0 e10028a0 e04028a0 e14028a0 
0002f010: e20028a0 e30028a0 e24028a0 e34028a0 
0002f020: e08028a0 e18028a0 e0c028a0 e1c028a0 
0002f030: e28028a0 e38028a0 e2c028a0 e3c028a0 
0002f040: e40028a0 e50028a0 e44028a0 e54028a0 
0002f050: e60028a0 e70028a0 e64028a0 e74028a0 
0002f060: e48028a0 e58028a0 e4c028a0 e5c028a0 
0002f070: e68028a0 e78028a0 e6c028a0 e7c028a0 
0002f080: e00029a0 e10029a0 e04029a0 e14029a0 
0002f090: e20029a0 e30029a0 e24029a0 e34029a0 
0002f0a0: e08029a0 e18029a0 e0c029a0 e1c029a0 
0002f0b0: e28029a0 e38029a0 e2c029a0 e3c029a0 
0002f0c0: e40029a0 e50029a0 e44029a0 e54029a0 
0002f0d0: e60029a0 e70029a0 e64029a0 e74029a0 
0002f0e0: e48029a0 e58029a0 e4c029a0 e5c029a0 
0002f0f0: e68029a0 e78029a0 e6c029a0 e7c029a0 
0002f100: e80028a0 e90028a0 e84028a0 e94028a0 
0002f110: ea0028a0 eb0028a0 ea4028a0 eb4028a0 
0002f120: e88028a0 e98028a0 e8c028a0 e9c028a0 
0002f130: ea8028a0 eb8028a0 eac028a0 ebc028a0 
0002f140: ec0028a0 ed0028a0 ec4028a0 ed4028a0 
0002f150: ee0028a0 ef0028a0 ee4028a0 ef4028a0 
0002f160: ec8028a0 ed8028a0 ecc028a0 edc028a0 
0002f170: ee8028a0 ef8028a0 eec028a0 efc028a0 
0002f180: e80029a0 e90029a0 e84029a0 e94029a0 
0002f190: ea0029a0 eb0029a0 ea4029a0 eb4029a0 
0002f1a0: e88029a0 e98029a0 e8c029a0 e9c029a0 
0002f1b0: ea8029a0 eb8029a0 eac029a0 ebc029a0 
0002f1c0: ec0029a0 ed0029a0 ec4029a0 ed4029a0 
0002f1d0: ee0029a0 ef0029a0 ee4029a0 ef4029a0 
0002f1e0: ec8029a0 ed8029a0 ecc029a0 edc029a0 
0002f1f0: ee8029a0 ef8029a0 eec029a0 efc029a0 
0002f200: e0002aa0 e1002aa0 e0402aa0 e1402aa0 
0002f210: e2002aa0 e3002aa0 e2402aa0 e3402aa0 
0002f220: e0802aa0 e1802aa0 e0c02aa0 e1c02aa0 
0002f230: e2802aa0 e3802aa0 e2c02aa0 e3c02aa0 
0002f240: e4002aa0 e5002aa0 e4402aa0 e5402aa0 
0002f250: e6002aa0 e7002aa0 e6402aa0 e7402aa0 
0002f260: e4802aa0 e5802aa0 e4c02aa0 e5c02aa0 
0002f270: e6802aa0 e7802aa0 e6c02aa0 e7c02aa0 
0002f280: e0002ba0 e1002ba0 e0402ba0 e1402ba0 
0002f290: e2002ba0 e3002ba0 e2402ba0 e3402ba0 
0002f2a0: e0802ba0 e1802ba0 e0c02ba0 e1c02ba0 
0002f2b0: e2802ba0 e3802ba0 e2c02ba0 e3c02ba0 
0002f2c0: e4002ba0 e5002ba0 e4402ba0 e5402ba0 
0002f2d0: e6002ba0 e7002ba0 e6402ba0 e7402ba0 
0002f2e0: e4802ba0 e5802ba0 e4c02ba0 e5c02ba0 
0002f2f0: e6802ba0 e7802ba0 e6c02ba0 e7c02ba0 
0002f300: e8002aa0 e9002aa0 e8402aa0 e9402aa0 
0002f310: ea002aa0 eb002aa0 ea402aa0 eb402aa0 
0002f320: e8802aa0 e9802aa0 e8c02aa0 e9c02aa0 
0002f330: ea802aa0 eb802aa0 eac02aa0 ebc02aa0 
0002f340: ec002aa0 ed002aa0 ec402aa0 ed402aa0 
0002f350: ee002aa0 ef002aa0 ee402aa0 ef402aa0 
0002f360: ec802aa0 ed802aa0 ecc02aa0 edc02aa0 
0002f370: ee802aa0 ef802aa0 eec02aa0 efc02aa0 
0002f380: e8002ba0 e9002ba0 e8402ba0 e9402ba0 
0002f390: ea002ba0 eb002ba0 ea402ba0 eb402ba0 
0002f3a0: e8802ba0 e9802ba0 e8c02ba0 e9c02ba0 
0002f3b0: ea802ba0 eb802ba0 eac02ba0 ebc02ba0 
0002f3c0: ec002ba0 ed002ba0 ec402ba0 ed402ba0 
0002f3d0: ee002ba0 ef002ba0 ee402ba0 ef402ba0 
0002f3e0: ec802ba0 ed802ba0 ecc02ba0 edc02ba0 
0002f3f0: ee802ba0 ef802ba0 eec02ba0 efc02ba0 
0002f400: f00028a0 f10028a0 f04028a0 f14028a0 
0002f410: f20028a0 f30028a0 f24028a0 f34028a0 
0002f420: f08028a0 f18028a0 f0c028a0 f1c028a0 
0002f430: f28028a0 f38028a0 f2c028a0 f3c028a0 
0002f440: f40028a0 f50028a0 f44028a0 f54028a0 
0002f450: f60028a0 f70028a0 f64028a0 f74028a0 
0002f460: f48028a0 f58028a0 f4c028a0 f5c028a0 
0002f470: f68028a0 f78028a0 f6c028a0 f7c028a0 
0002f480: f00029a0 f10029a0 f04029a0 f14029a0 
0002f490: f20029a0 f30029a0 f24029a0 f34029a0 
0002f4a0: f08029a0 f18029a0 f0c029a0 f1c029a0 
0002f4b0: f28029a0 f38029a0 f2c029a0 f3c029a0 
0002f4c0: f40029a0 f50029a0 f44029a0 f54029a0 
0002f4d0: f60029a0 f70029a0 f64029a0 f74029a0 
0002f4e0: f48029a0 f58029a0 f4c029a0 f5c029a0 
0002f4f0: f68029a0 f78029a0 f6c029a0 f7c029a0 
0002f500: f80028a0 f90028a0 f84028a0 f94028a0 
0002f510: fa0028a0 fb0028a0 fa4028a0 fb4028a0 
0002f520: f88028a0 f98028a0 f8c028a0 f9c028a0 
0002f530: fa8028a0 fb8028a0 fac028a0 fbc028a0 
0002f540: fc0028a0 fd0028a0 fc4028a0 fd4028a0 
0002f550: fe0028a0 ff0028a0 fe4028a0 ff4028a0 
0002f560: fc8028a0 fd8028a0 fcc028a0 fdc028a0 
0002f570: fe8028a0 ff8028a0 fec028a0 ffc028a0 
0002f580: f80029a0 f90029a0 f84029a0 f94029a0 
0002f590: fa0029a0 fb0029a0 fa4029a0 fb4029a0 
0002f5a0: f88029a0 f98029a0 f8c029a0 f9c029a0 
0002f5b0: fa8029a0 fb8029a0 fac029a0 fbc029a0 
0002f5c0: fc0029a0 fd0029a0 fc4029a0 fd4029a0 
0002f5d0: fe0029a0 ff0029a0 fe4029a0 ff4029a0 
0002f5e0: fc8029a0 fd8029a0 fcc029a0 fdc029a0 
0002f5f0: fe8029a0 ff8029a0 fec029a0 ffc029a0 
0002f600: f0002aa0 f1002aa0 f0402aa0 f1402aa0 
0002f610: f2002aa0 f3002aa0 f2402aa0 f3402aa0 
0002f620: f0802aa0 f1802aa0 f0c02aa0 f1c02aa0 
0002f630: f2802aa0 f3802aa0 f2c02aa0 f3c02aa0 
0002f640: f4002aa0 f5002aa0 f4402aa0 f5402aa0 
0002f650: f6002aa0 f7002aa0 f6402aa0 f7402aa0 
0002f660: f4802aa0 f5802aa0 f4c02aa0 f5c02aa0 
0002f670: f6802aa0 f7802aa0 f6c02aa0 f7c02aa0 
0002f680: f0002ba0 f1002ba0 f0402ba0 f1402ba0 
0002f690: f2002ba0 f3002ba0 f2402ba0 f3402ba0 
0002f6a0: f0802ba0 f1802ba0 f0c02ba0 f1c02ba0 
0002f6b0: f2802ba0 f3802ba0 f2c02ba0 f3c02ba0 
0002f6c0: f4002ba0 f5002ba0 f4402ba0 f5402ba0 
0002f6d0: f6002ba0 f7002ba0 f6402ba0 f7402ba0 
0002f6e0: f4802ba0 f5802ba0 f4c02ba0 f5c02ba0 
0002f6f0: f6802ba0 f7802ba0 f6c02ba0 f7c02ba0 
0002f700: f8002aa0 f9002aa0 f8402aa0 f9402aa0 
0002f710: fa002aa0 fb002aa0 fa402aa0 fb402aa0 
0002f720: f8802aa0 f9802aa0 f8c02aa0 f9c02aa0 
0002f730: fa802aa0 fb802aa0 fac02aa0 fbc02aa0 
0002f740: fc002aa0 fd002aa0 fc402aa0 fd402aa0 
0002f750: fe002aa0 ff002aa0 fe402aa0 ff402aa0 
0002f760: fc802aa0 fd802aa0 fcc02aa0 fdc02aa0 
0002f770: fe802aa0 ff802aa0 fec02aa0 ffc02aa0 
0002f780: f8002ba0 f9002ba0 f8402ba0 f9402ba0 
0002f790: fa002ba0 fb002ba0 fa402ba0 fb402ba0 
0002f7a0: f8802ba0 f9802ba0 f8c02ba0 f9c02ba0 
0002f7b0: fa802ba0 fb802ba0 fac02ba0 fbc02ba0 
0002f7c0: fc002ba0 fd002ba0 fc402ba0 fd402ba0 
0002f7d0: fe002ba0 ff002ba0 fe402ba0 ff402ba0 
0002f7e0: fc802ba0 fd802ba0 fcc02ba0 fdc02ba0 
0002f7f0: fe802ba0 ff802ba0 fec02ba0 ffc02ba0 
0002f800: e0002ca0 e1002ca0 e0402ca0 e1402ca0 
0002f810: e2002ca0 e3002ca0 e2402ca0 e3402ca0 
0002f820: e0802ca0 e1802ca0 e0c02ca0 e1c02ca0 
0002f830: e2802ca0 e3802ca0 e2c02ca0 e3c02ca0 
0002f840: e4002ca0 e5002ca0 e4402ca0 e5402ca0 
0002f850: e6002ca0 e7002ca0 e6402ca0 e7402ca0 
0002f860: e4802ca0 e5802ca0 e4c02ca0 e5c02ca0 
0002f870: e6802ca0 e7802ca0 e6c02ca0 e7c02ca0 
0002f880: e0002da0 e1002da0 e0402da0 e1402da0 
0002f890: e2002da0 e3002da0 e2402da0 e3402da0 
0002f8a0: e0802da0 e1802da0 e0c02da0 e1c02da0 
0002f8b0: e2802da0 e3802da0 e2c02da0 e3c02da0 
0002f8c0: e4002da0 e5002da0 e4402da0 e5402da0 
0002f8d0: e6002da0 e7002da0 e6402da0 e7402da0 
0002f8e0: e4802da0 e5802da0 e4c02da0 e5c02da0 
0002f8f0: e6802da0 e7802da0 e6c02da0 e7c02da0 
0002f900: e8002ca0 e9002ca0 e8402ca0 e9402ca0 
0002f910: ea002ca0 eb002ca0 ea402ca0 eb402ca0 
0002f920: e8802ca0 e9802ca0 e8c02ca0 e9c02ca0 
0002f930: ea802ca0 eb802ca0 eac02ca0 ebc02ca0 
0002f940: ec002ca0 ed002ca0 ec402ca0 ed402ca0 
0002f950: ee002ca0 ef002ca0 ee402ca0 ef402ca0 
0002f960: ec802ca0 ed802ca0 ecc02ca0 edc02ca0 
0002f970: ee802ca0 ef802ca0 eec02ca0 efc02ca0 
0002f980: e8002da0 e9002da0 e8402da0 e9402da0 
0002f990: ea002da0 eb002da0 ea402da0 eb402da0 
0002f9a0: e8802da0 e9802da0 e8c02da0 e9c02da0 
0002f9b0: ea802da0 eb802da0 eac02da0 ebc02da0 
0002f9c0: ec002da0 ed002da0 ec402da0 ed402da0 
0002f9d0: ee002da0 ef002da0 ee402da0 ef402da0 
0002f9e0: ec802da0 ed802da0 ecc02da0 edc02da0 
0002f9f0: ee802da0 ef802da0 eec02da0 efc02da0 
0002fa00: e0002ea0 e1002ea0 e0402ea0 e1402ea0 
0002fa10: e2002ea0 e3002ea0 e2402ea0 e3402ea0 
0002fa20: e0802ea0 e1802ea0 e0c02ea0 e1c02ea0 
0002fa30: e2802ea0 e3802ea0 e2c02ea0 e3c02ea0 
0002fa40: e4002ea0 e5002ea0 e4402ea0 e5402ea0 
0002fa50: e6002ea0 e7002ea0 e6402ea0 e7402ea0 
0002fa60: e4802ea0 e5802ea0 e4c02ea0 e5c02ea0 
0002fa70: e6802ea0 e7802ea0 e6c02ea0 e7c02ea0 
0002fa80: e0002fa0 e1002fa0 e0402fa0 e1402fa0 
0002fa90: e2002fa0 e3002fa0 e2402fa0 e3402fa0 
0002faa0: e0802fa0 e1802fa0 e0c02fa0 e1c02fa0 
0002fab0: e2802fa0 e3802fa0 e2c02fa0 e3c02fa0 
0002fac0: e4002fa0 e5002fa0 e4402fa0 e5402fa0 
0002fad0: e6002fa0 e7002fa0 e6402fa0 e7402fa0 
0002fae0: e4802fa0 e5802fa0 e4c02fa0 e5c02fa0 
0002faf0: e6802fa0 e7802fa0 e6c02fa0 e7c02fa0 
0002fb00: e8002ea0 e9002ea0 e8402ea0 e9402ea0 
0002fb10: ea002ea0 eb002ea0 ea402ea0 eb402ea0 
0002fb20: e8802ea0 e9802ea0 e8c02ea0 e9c02ea0 
0002fb30: ea802ea0 eb802ea0 eac02ea0 ebc02ea0 
0002fb40: ec002ea0 ed002ea0 ec402ea0 ed402ea0 
0002fb50: ee002ea0 ef002ea0 ee402ea0 ef402ea0 
0002fb60: ec802ea0 ed802ea0 ecc02ea0 edc02ea0 
0002fb70: ee802ea0 ef802ea0 eec02ea0 efc02ea0 
0002fb80: e8002fa0 e9002fa0 e8402fa0 e9402fa0 
0002fb90: ea002fa0 eb002fa0 ea402fa0 eb402fa0 
0002fba0: e8802fa0 e9802fa0 e8c02fa0 e9c02fa0 
0002fbb0: ea802fa0 eb802fa0 eac02fa0 ebc02fa0 
0002fbc0: ec002fa0 ed002fa0 ec402fa0 ed402fa0 
0002fbd0: ee002fa0 ef002fa0 ee402fa0 ef402fa0 
0002fbe0: ec802fa0 ed802fa0 ecc02fa0 edc02fa0 
0002fbf0: ee802fa0 ef802fa0 eec02fa0 efc02fa0 
0002fc00: f0002ca0 f1002ca0 f0402ca0 f1402ca0 
0002fc10: f2002ca0 f3002ca0 f2402ca0 f3402ca0 
0002fc20: f0802ca0 f1802ca0 f0c02ca0 f1c02ca0 
0002fc30: f2802ca0 f3802ca0 f2c02ca0 f3c02ca0 
0002fc40: f4002ca0 f5002ca0 f4402ca0 f5402ca0 
0002fc50: f6002ca0 f7002ca0 f6402ca0 f7402ca0 
0002fc60: f4802ca0 f5802ca0 f4c02ca0 f5c02ca0 
0002fc70: f6802ca0 f7802ca0 f6c02ca0 f7c02ca0 
0002fc80: f0002da0 f1002da0 f0402da0 f1402da0 
0002fc90: f2002da0 f3002da0 f2402da0 f3402da0 
0002fca0: f0802da0 f1802da0 f0c02da0 f1c02da0 
0002fcb0: f2802da0 f3802da0 f2c02da0 f3c02da0 
0002fcc0: f4002da0 f5002da0 f4402da0 f5402da0 
0002fcd0: f6002da0 f7002da0 f6402da0 f7402da0 
0002fce0: f4802da0 f5802da0 f4c02da0 f5c02da0 
0002fcf0: f6802da0 f7802da0 f6c02da0 f7c02da0 
0002fd00: f8002ca0 f9002ca0 f8402ca0 f9402ca0 
0002fd10: fa002ca0 fb002ca0 fa402ca0 fb402ca0 
0002fd20: f8802ca0 f9802ca0 f8c02ca0 f9c02ca0 
0002fd30: fa802ca0 fb802ca0 fac02ca0 fbc02ca0 
0002fd40: fc002ca0 fd002ca0 fc402ca0 fd402ca0 
0002fd50: fe002ca0 ff002ca0 fe402ca0 ff402ca0 
0002fd60: fc802ca0 fd802ca0 fcc02ca0 fdc02ca0 
0002fd70: fe802ca0 ff802ca0 fec02ca0 ffc02ca0 
0002fd80: f8002da0 f9002da0 f8402da0 f9402da0 
0002fd90: fa002da0 fb002da0 fa402da0 fb402da0 
0002fda0: f8802da0 f9802da0 f8c02da0 f9c02da0 
0002fdb0: fa802da0 fb802da0 fac02da0 fbc02da0 
0002fdc0: fc002da0 fd002da0 fc402da0 fd402da0 
0002fdd0: fe002da0 ff002da0 fe402da0 ff402da0 
0002fde0: fc802da0 fd802da0 fcc02da0 fdc02da0 
0002fdf0: fe802da0 ff802da0 fec02da0 ffc02da0 
0002fe00: f0002ea0 f1002ea0 f0402ea0 f1402ea0 
0002fe10: f2002ea0 f3002ea0 f2402ea0 f3402ea0 
0002fe20: f0802ea0 f1802ea0 f0c02ea0 f1c02ea0 
0002fe30: f2802ea0 f3802ea0 f2c02ea0 f3c02ea0 
0002fe40: f4002ea0 f5002ea0 f4402ea0 f5402ea0 
0002fe50: f6002ea0 f7002ea0 f6402ea0 f7402ea0 
0002fe60: f4802ea0 f5802ea0 f4c02ea0 f5c02ea0 
0002fe70: f6802ea0 f7802ea0 f6c02ea0 f7c02ea0 
0002fe80: f0002fa0 f1002fa0 f0402fa0 f1402fa0 
0002fe90: f2002fa0 f3002fa0 f2402fa0 f3402fa0 
0002fea0: f0802fa0 f1802fa0 f0c02fa0 f1c02fa0 
0002feb0: f2802fa0 f3802fa0 f2c02fa0 f3c02fa0 
0002fec0: f4002fa0 f5002fa0 f4402fa0 f5402fa0 
0002fed0: f6002fa0 f7002fa0 f6402fa0 f7402fa0 
0002fee0: f4802fa0 f5802fa0 f4c02fa0 f5c02fa0 
0002fef0: f6802fa0 f7802fa0 f6c02fa0 f7c02fa0 
0002ff00: f8002ea0 f9002ea0 f8402ea0 f9402ea0 
0002ff10: fa002ea0 fb002ea0 fa402ea0 fb402ea0 
0002ff20: f8802ea0 f9802ea0 f8c02ea0 f9c02ea0 
0002ff30: fa802ea0 fb802ea0 fac02ea0 fbc02ea0 
0002ff40: fc002ea0 fd002ea0 fc402ea0 fd402ea0 
0002ff50: fe002ea0 ff002ea0 fe402ea0 ff402ea0 
0002ff60: fc802ea0 fd802ea0 fcc02ea0 fdc02ea0 
0002ff70: fe802ea0 ff802ea0 fec02ea0 ffc02ea0 
0002ff80: f8002fa0 f9002fa0 f8402fa0 f9402fa0 
0002ff90: fa002fa0 fb002fa0 fa402fa0 fb402fa0 
0002ffa0: f8802fa0 f9802fa0 f8c02fa0 f9c02fa0 
0002ffb0: fa802fa0 fb802fa0 fac02fa0 fbc02fa0 
0002ffc0: fc002fa0 fd002fa0 fc402fa0 fd402fa0 
0002ffd0: fe002fa0 ff002fa0 fe402fa0 ff402fa0 
0002ffe0: fc802fa0 fd802fa0 fcc02fa0 fdc02fa0 
0002fff0: fe802fa0 ff802fa0 fec02fa0 ffc02fa0 
00030000: 000030a0 010030a0 004030a0 014030a0 
00030010: 020030a0 030030a0 024030a0 034030a0 
00030020: 008030a0 018030a0 00c030a0 01c030a0 
00030030: 028030a0 038030a0 02c030a0 03c030a0 
00030040: 040030a0 050030a0 044030a0 054030a0 
00030050: 060030a0 070030a0 064030a0 074030a0 
00030060: 048030a0 058030a0 04c030a0 05c030a0 
00030070: 068030a0 078030a0 06c030a0 07c030a0 
00030080: 000031a0 010031a0 004031a0 014031a0 
00030090: 020031a0 030031a0 024031a0 034031a0 
000300a0: 008031a0 018031a0 00c031a0 01c031a0 
000300b0: 028031a0 038031a0 02c031a0 03c031a0 
000300c0: 040031a0 050031a0 044031a0 054031a0 
000300d0: 060031a0 070031a0 064031a0 074031a0 
000300e0: 048031a0 058031a0 04c031a0 05c031a0 
000300f0: 068031a0 078031a0 06c031a0 07c031a0 
00030100: 080030a0 090030a0 084030a0 094030a0 
00030110: 0a0030a0 0b0030a0 0a4030a0 0b4030a0 
00030120: 088030a0 098030a0 08c030a0 09c030a0 
00030130: 0a8030a0 0b8030a0 0ac030a0 0bc030a0 
00030140: 0c0030a0 0d0030a0 0c4030a0 0d4030a0 
00030150: 0e0030a0 0f0030a0 0e4030a0 0f4030a0 
00030160: 0c8030a0 0d8030a0 0cc030a0 0dc030a0 
00030170: 0e8030a0 0f8030a0 0ec030a0 0fc030a0 
00030180: 080031a0 090031a0 084031a0 094031a0 
00030190: 0a0031a0 0b0031a0 0a4031a0 0b4031a0 
000301a0: 088031a0 098031a0 08c031a0 09c031a0 
000301b0: 0a8031a0 0b8031a0 0ac031a0 0bc031a0 
000301c0: 0c0031a0 0d0031a0 0c4031a0 0d4031a0 
000301d0: 0e0031a0 0f0031a0 0e4031a0 0f4031a0 
000301e0: 0c8031a0 0d8031a0 0cc031a0 0dc031a0 
000301f0: 0e8031a0 0f8031a0 0ec031a0 0fc031a0 
00030200: 000032a0 010032a0 004032a0 014032a0 
00030210: 020032a0 030032a0 024032a0 034032a0 
00030220: 008032a0 018032a0 00c032a0 01c032a0 
00030230: 028032a0 038032a0 02c032a0 03c032a0 
00030240: 040032a0 050032a0 044032a0 054032a0 
00030250: 060032a0 070032a0 064032a0 074032a0 
00030260: 048032a0 058032a0 04c032a0 05c032a0 
00030270: 068032a0 078032a0 06c032a0 07c032a0 
00030280: 000033a0 010033a0 004033a0 014033a0 
00030290: 020033a0 030033a0 024033a0 034033a0 
000302a0: 008033a0 018033a0 00c033a0 01c033a0 
000302b0: 028033a0 038033a0 02c033a0 03c033a0 
000302c0: 040033a0 050033a0 044033a0 054033a0 
000302d0: 060033a0 070033a0 064033a0 074033a0 
000302e0: 048033a0 058033a0 04c033a0 05c033a0 
000302f0: 068033a0 078033a0 06c033a0 07c033a0 
00030300: 080032a0 090032a0 084032a0 094032a0 
00030310: 0a0032a0 0b0032a0 0a4032a0 0b4032a0 
00030320: 088032a0 098032a0 08c032a0 09c032a0 
00030330: 0a8032a0 0b8032a0 0ac032a0 0bc032a0 
00030340: 0c0032a0 0d0032a0 0c4032a0 0d4032a0 
00030350: 0e0032a0 0f0032a0 0e4032a0 0f4032a0 
00030360: 0c8032a0 0d8032a0 0cc032a0 0dc032a0 
00030370: 0e8032a0 0f8032a0 0ec032a0 0fc032a0 
00030380: 080033a0 090033a0 084033a0 094033a0 
00030390: 0a0033a0 0b0033a0 0a4033a0 0b4033a0 
000303a0: 088033a0 098033a0 08c033a0 09c033a0 
000303b0: 0a8033a0 0b8033a0 0ac033a0 0bc033a0 
000303c0: 0c0033a0 0d0033a0 0c4033a0 0d4033a0 
000303d0: 0e0033a0 0f0033a0 0e4033a0 0f4033a0 
000303e0: 0c8033a0 0d8033a0 0cc033a0 0dc033a0 
000303f0: 0e8033a0 0f8033a0 0ec033a0 0fc033a0 
00030400: 100030a0 110030a0 104030a0 114030a0 
00030410: 120030a0 130030a0 124030a0 134030a0 
00030420: 108030a0 118030a0 10c030a0 11c030a0 
00030430: 128030a0 138030a0 12c030a0 13c030a0 
00030440: 140030a0 150030a0 144030a0 154030a0 
00030450: 160030a0 170030a0 164030a0 174030a0 
00030460: 148030a0 158030a0 14c030a0 15c030a0 
00030470: 168030a0 178030a0 16c030a0 17c030a0 
00030480: 100031a0 110031a0 104031a0 114031a0 
00030490: 120031a0 130031a0 124031a0 134031a0 
000304a0: 108031a0 118031a0 10c031a0 11c031a0 
000304b0: 128031a0 138031a0 12c031a0 13c031a0 
000304c0: 140031a0 150031a0 144031a0 154031a0 
000304d0: 160031a0 170031a0 164031a0 174031a0 
000304e0: 148031a0 158031a0 14c031a0 15c031a0 
000304f0: 168031a0 178031a0 16c031a0 17c031a0 
00030500: 180030a0 190030a0 184030a0 194030a0 
00030510: 1a0030a0 1b0030a0 1a4030a0 1b4030a0 
00030520: 188030a0 198030a0 18c030a0 19c030a0 
00030530: 1a8030a0 1b8030a0 1ac030a0 1bc030a0 
00030540: 1c0030a0 1d0030a0 1c4030a0 1d4030a0 
00030550: 1e0030a0 1f0030a0 1e4030a0 1f4030a0 
00030560: 1c8030a0 1d8030a0 1cc030a0 1dc030a0 
00030570: 1e8030a0 1f8030a0 1ec030a0 1fc030a0 
00030580: 180031a0 190031a0 184031a0 194031a0 
00030590: 1a0031a0 1b0031a0 1a4031a0 1b4031a0 
000305a0: 188031a0 198031a0 18c031a0 19c031a0 
000305b0: 1a8031a0 1b8031a0 1ac031a0 1bc031a0 
000305c0: 1c0031a0 1d0031a0 1c4031a0 1d4031a0 
000305d0: 1e0031a0 1f0031a0 1e4031a0 1f4031a0 
000305e0: 1c8031a0 1d8031a0 1cc031a0 1dc031a0 
000305f0: 1e8031a0 1f8031a0 1ec031a0 1fc031a0 
00030600: 100032a0 110032a0 104032a0 114032a0 
00030610: 120032a0 130032a0 124032a0 134032a0 
00030620: 108032a0 118032a0 10c032a0 11c032a0 
00030630: 128032a0 138032a0 12c032a0 13c032a0 
00030640: 140032a0 150032a0 144032a0 154032a0 
00030650: 160032a0 170032a0 164032a0 174032a0 
00030660: 148032a0 158032a0 14c032a0 15c032a0 
00030670: 168032a0 178032a0 16c032a0 17c032a0 
00030680: 100033a0 110033a0 104033a0 114033a0 
00030690: 120033a0 130033a0 124033a0 134033a0 
000306a0: 108033a0 118033a0 10c033a0 11c033a0 
000306b0: 128033a0 138033a0 12c033a0 13c033a0 
000306c0: 140033a0 150033a0 144033a0 154033a0 
000306d0: 160033a0 170033a0 164033a0 174033a0 
000306e0: 148033a0 158033a0 14c033a0 15c033a0 
000306f0: 168033a0 178033a0 16c033a0 17c033a0 
00030700: 180032a0 190032a0 184032a0 194032a0 
00030710: 1a0032a0 1b0032a0 1a4032a0 1b4032a0 
00030720: 188032a0 198032a0 18c032a0 19c032a0 
00030730: 1a8032a0 1b8032a0 1ac032a0 1bc032a0 
00030740: 1c0032a0 1d0032a0 1c4032a0 1d4032a0 
00030750: 1e0032a0 1f0032a0 1e4032a0 1f4032a0 
00030760: 1c8032a0 1d8032a0 1cc032a0 1dc032a0 
00030770: 1e8032a0 1f8032a0 1ec032a0 1fc032a0 
00030780: 180033a0 190033a0 184033a0 194033a0 
00030790: 1a0033a0 1b0033a0 1a4033a0 1b4033a0 
000307a0: 188033a0 198033a0 18c033a0 19c033a0 
000307b0: 1a8033a0 1b8033a0 1ac033a0 1bc033a0 
000307c0: 1c0033a0 1d0033a0 1c4033a0 1d4033a0 
000307d0: 1e0033a0 1f0033a0 1e4033a0 1f4033a0 
000307e0: 1c8033a0 1d8033a0 1cc033a0 1dc033a0 
000307f0: 1e8033a0 1f8033a0 1ec033a0 1fc033a0 
00030800: 000034a0 010034a0 004034a0 014034a0 
00030810: 020034a0 030034a0 024034a0 034034a0 
00030820: 008034a0 018034a0 00c034a0 01c034a0 
00030830: 028034a0 038034a0 02c034a0 03c034a0 
00030840: 040034a0 050034a0 044034a0 054034a0 
00030850: 060034a0 070034a0 064034a0 074034a0 
00030860: 048034a0 058034a0 04c034a0 05c034a0 
00030870: 068034a0 078034a0 06c034a0 07c034a0 
00030880: 000035a0 010035a0 004035a0 014035a0 
00030890: 020035a0 030035a0 024035a0 034035a0 
000308a0: 008035a0 018035a0 00c035a0 01c035a0 
000308b0: 028035a0 038035a0 02c035a0 03c035a0 
000308c0: 040035a0 050035a0 044035a0 054035a0 
000308d0: 060035a0 070035a0 064035a0 074035a0 
000308e0: 048035a0 058035a0 04c035a0 05c035a0 
000308f0: 068035a0 078035a0 06c035a0 07c035a0 
00030900: 080034a0 090034a0 084034a0 094034a0 
00030910: 0a0034a0 0b0034a0 0a4034a0 0b4034a0 
00030920: 088034a0 098034a0 08c034a0 09c034a0 
00030930: 0a8034a0 0b8034a0 0ac034a0 0bc034a0 
00030940: 0c0034a0 0d0034a0 0c4034a0 0d4034a0 
00030950: 0e0034a0 0f0034a0 0e4034a0 0f4034a0 
00030960: 0c8034a0 0d8034a0 0cc034a0 0dc034a0 
00030970: 0e8034a0 0f8034a0 0ec034a0 0fc034a0 
00030980: 080035a0 090035a0 084035a0 094035a0 
00030990: 0a0035a0 0b0035a0 0a4035a0 0b4035a0 
000309a0: 088035a0 098035a0 08c035a0 09c035a0 
000309b0: 0a8035a0 0b8035a0 0ac035a0 0bc035a0 
000309c0: 0c0035a0 0d0035a0 0c4035a0 0d4035a0 
000309d0: 0e0035a0 0f0035a0 0e4035a0 0f4035a0 
000309e0: 0c8035a0 0d8035a0 0cc035a0 0dc035a0 
000309f0: 0e8035a0 0f8035a0 0ec035a0 0fc035a0 
00030a00: 000036a0 010036a0 004036a0 014036a0 
00030a10: 020036a0 030036a0 024036a0 034036a0 
00030a20: 008036a0 018036a0 00c036a0 01c036a0 
00030a30: 028036a0 038036a0 02c036a0 03c036a0 
00030a40: 040036a0 050036a0 044036a0 054036a0 
00030a50: 060036a0 070036a0 064036a0 074036a0 
00030a60: 048036a0 058036a0 04c036a0 05c036a0 
00030a70: 068036a0 078036a0 06c036a0 07c036a0 
00030a80: 000037a0 010037a0 004037a0 014037a0 
00030a90: 020037a0 030037a0 024037a0 034037a0 
00030aa0: 008037a0 018037a0 00c037a0 01c037a0 
00030ab0: 028037a0 038037a0 02c037a0 03c037a0 
00030ac0: 040037a0 050037a0 044037a0 054037a0 
00030ad0: 060037a0 070037a0 064037a0 074037a0 
00030ae0: 048037a0 058037a0 04c037a0 05c037a0 
00030af0: 068037a0 078037a0 06c037a0 07c037a0 
00030b00: 080036a0 090036a0 084036a0 094036a0 
00030b10: 0a0036a0 0b0036a0 0a4036a0 0b4036a0 
00030b20: 088036a0 098036a0 08c036a0 09c036a0 
00030b30: 0a8036a0 0b8036a0 0ac036a0 0bc036a0 
00030b40: 0c0036a0 0d0036a0 0c4036a0 0d4036a0 
00030b50: 0e0036a0 0f0036a0 0e4036a0 0f4036a0 
00030b60: 0c8036a0 0d8036a0 0cc036a0 0dc036a0 
00030b70: 0e8036a0 0f8036a0 0ec036a0 0fc036a0 
00030b80: 080037a0 090037a0 084037a0 094037a0 
00030b90: 0a0037a0 0b0037a0 0a4037a0 0b4037a0 
00030ba0: 088037a0 098037a0 08c037a0 09c037a0 
00030bb0: 0a8037a0 0b8037a0 0ac037a0 0bc037a0 
00030bc0: 0c0037a0 0d0037a0 0c4037a0 0d4037a0 
00030bd0: 0e0037a0 0f0037a0 0e4037a0 0f4037a0 
00030be0: 0c8037a0 0d8037a0 0cc037a0 0dc037a0 
00030bf0: 0e8037a0 0f8037a0 0ec037a0 0fc037a0 
00030c00: 100034a0 110034a0 104034a0 114034a0 
00030c10: 120034a0 130034a0 124034a0 134034a0 
00030c20: 108034a0 118034a0 10c034a0 11c034a0 
00030c30: 128034a0 138034a0 12c034a0 13c034a0 
00030c40: 140034a0 150034a0 144034a0 154034a0 
00030c50: 160034a0 170034a0 164034a0 174034a0 
00030c60: 148034a0 158034a0 14c034a0 15c034a0 
00030c70: 168034a0 178034a0 16c034a0 17c034a0 
00030c80: 100035a0 110035a0 104035a0 114035a0 
00030c90: 120035a0 130035a0 124035a0 134035a0 
00030ca0: 108035a0 118035a0 10c035a0 11c035a0 
00030cb0: 128035a0 138035a0 12c035a0 13c035a0 
00030cc0: 140035a0 150035a0 144035a0 154035a0 
00030cd0: 160035a0 170035a0 164035a0 174035a0 
00030ce0: 148035a0 158035a0 14c035a0 15c035a0 
00030cf0: 168035a0 178035a0 16c035a0 17c035a0 
00030d00: 180034a0 190034a0 184034a0 194034a0 
00030d10: 1a0034a0 1b0034a0 1a4034a0 1b4034a0 
00030d20: 188034a0 198034a0 18c034a0 19c034a0 
00030d30: 1a8034a0 1b8034a0 1ac034a0 1bc034a0 
00030d40: 1c0034a0 1d0034a0 1c4034a0 1d4034a0 
00030d50: 1e0034a0 1f0034a0 1e4034a0 1f4034a0 
00030d60: 1c8034a0 1d8034a0 1cc034a0 1dc034a0 
00030d70: 1e8034a0 1f8034a0 1ec034a0 1fc034a0 
00030d80: 180035a0 190035a0 184035a0 194035a0 
00030d90: 1a0035a0 1b0035a0 1a4035a0 1b4035a0 
00030da0: 188035a0 198035a0 18c035a0 19c035a0 
00030db0: 1a8035a0 1b8035a0 1ac035a0 1bc035a0 
00030dc0: 1c0035a0 1d0035a0 1c4035a0 1d4035a0 
00030dd0: 1e0035a0 1f0035a0 1e4035a0 1f4035a0 
00030de0: 1c8035a0 1d8035a0 1cc035a0 1dc035a0 
00030df0: 1e8035a0 1f8035a0 1ec035a0 1fc035a0 
00030e00: 100036a0 110036a0 104036a0 114036a0 
00030e10: 120036a0 130036a0 124036a0 134036a0 
00030e20: 108036a0 118036a0 10c036a0 11c036a0 
00030e30: 128036a0 138036a0 12c036a0 13c036a0 
00030e40: 140036a0 150036a0 144036a0 154036a0 
00030e50: 160036a0 170036a0 164036a0 174036a0 
00030e60: 148036a0 158036a0 14c036a0 15c036a0 
00030e70: 168036a0 178036a0 16c036a0 17c036a0 
00030e80: 100037a0 110037a0 104037a0 114037a0 
00030e90: 120037a0 130037a0 124037a0 134037a0 
00030ea0: 108037a0 118037a0 10c037a0 11c037a0 
00030eb0: 128037a0 138037a0 12c037a0 13c037a0 
00030ec0: 140037a0 150037a0 144037a0 154037a0 
00030ed0: 160037a0 170037a0 164037a0 174037a0 
00030ee0: 148037a0 158037a0 14c037a0 15c037a0 
00030ef0: 168037a0 178037a0 16c037a0 17c037a0 
00030f00: 180036a0 190036a0 184036a0 194036a0 
00030f10: 1a0036a0 1b0036a0 1a4036a0 1b4036a0 
00030f20: 188036a0 198036a0 18c036a0 19c036a0 
00030f30: 1a8036a0 1b8036a0 1ac036a0 1bc036a0 
00030f40: 1c0036a0 1d0036a0 1c4036a0 1d4036a0 
00030f50: 1e0036a0 1f0036a0 1e4036a0 1f4036a0 
00030f60: 1c8036a0 1d8036a0 1cc036a0 1dc036a0 
00030f70: 1e8036a0 1f8036a0 1ec036a0 1fc036a0 
00030f80: 180037a0 190037a0 184037a0 194037a0 
00030f90: 1a0037a0 1b0037a0 1a4037a0 1b4037a0 
00030fa0: 188037a0 198037a0 18c037a0 19c037a0 
00030fb0: 1a8037a0 1b8037a0 1ac037a0 1bc037a0 
00030fc0: 1c0037a0 1d0037a0 1c4037a0 1d4037a0 
00030fd0: 1e0037a0 1f0037a0 1e4037a0 1f4037a0 
00030fe0: 1c8037a0 1d8037a0 1cc037a0 1dc037a0 
00030ff0: 1e8037a0 1f8037a0 1ec037a0 1fc037a0 
00031000: 200030a0 210030a0 204030a0 214030a0 
00031010: 220030a0 230030a0 224030a0 234030a0 
00031020: 208030a0 218030a0 20c030a0 21c030a0 
00031030: 228030a0 238030a0 22c030a0 23c030a0 
00031040: 240030a0 250030a0 244030a0 254030a0 
00031050: 260030a0 270030a0 264030a0 274030a0 
00031060: 248030a0 258030a0 24c030a0 25c030a0 
00031070: 268030a0 278030a0 26c030a0 27c030a0 
00031080: 200031a0 210031a0 204031a0 214031a0 
00031090: 220031a0 230031a0 224031a0 234031a0 
000310a0: 208031a0 218031a0 20c031a0 21c031a0 
000310b0: 228031a0 238031a0 22c031a0 23c031a0 
000310c0: 240031a0 250031a0 244031a0 254031a0 
000310d0: 260031a0 270031a0 264031a0 274031a0 
000310e0: 248031a0 258031a0 24c031a0 25c031a0 
000310f0: 268031a0 278031a0 26c031a0 27c031a0 
00031100: 280030a0 290030a0 284030a0 294030a0 
00031110: 2a0030a0 2b0030a0 2a4030a0 2b4030a0 
00031120: 288030a0 298030a0 28c030a0 29c030a0 
00031130: 2a8030a0 2b8030a0 2ac030a0 2bc030a0 
00031140: 2c0030a0 2d0030a0 2c4030a0 2d4030a0 
00031150: 2e0030a0 2f0030a0 2e4030a0 2f4030a0 
00031160: 2c8030a0 2d8030a0 2cc030a0 2dc030a0 
00031170: 2e8030a0 2f8030a0 2ec030a0 2fc030a0 
00031180: 280031a0 290031a0 284031a0 294031a0 
00031190: 2a0031a0 2b0031a0 2a4031a0 2b4031a0 
000311a0: 288031a0 298031a0 28c031a0 29c031a0 
000311b0: 2a8031a0 2b8031a0 2ac031a0 2bc031a0 
000311c0: 2c0031a0 2d0031a0 2c4031a0 2d4031a0 
000311d0: 2e0031a0 2f0031a0 2e4031a0 2f4031a0 
000311e0: 2c8031a0 2d8031a0 2cc031a0 2dc031a0 
000311f0: 2e8031a0 2f8031a0 2ec031a0 2fc031a0 
00031200: 200032a0 210032a0 204032a0 214032a0 
00031210: 220032a0 230032a0 224032a0 234032a0 
00031220: 208032a0 218032a0 20c032a0 21c032a0 
00031230: 228032a0 238032a0 22c032a0 23c032a0 
00031240: 240032a0 250032a0 244032a0 254032a0 
00031250: 260032a0 270032a0 264032a0 274032a0 
00031260: 248032a0 258032a0 24c032a0 25c032a0 
00031270: 268032a0 278032a0 26c032a0 27c032a0 
00031280: 200033a0 210033a0 204033a0 214033a0 
00031290: 220033a0 230033a0 224033a0 234033a0 
000312a0: 208033a0 218033a0 20c033a0 21c033a0 
000312b0: 228033a0 238033a0 22c033a0 23c033a0 
000312c0: 240033a0 250033a0 244033a0 254033a0 
000312d0: 260033a0 270033a0 264033a0 274033a0 
000312e0: 248033a0 258033a0 24c033a0 25c033a0 
000312f0: 268033a0 278033a0 26c033a0 27c033a0 
00031300: 280032a0 290032a0 284032a0 294032a0 
00031310: 2a0032a0 2b0032a0 2a4032a0 2b4032a0 
00031320: 288032a0 298032a0 28c032a0 29c032a0 
00031330: 2a8032a0 2b8032a0 2ac032a0 2bc032a0 
00031340: 2c0032a0 2d0032a0 2c4032a0 2d4032a0 
00031350: 2e0032a0 2f0032a0 2e4032a0 2f4032a0 
00031360: 2c8032a0 2d8032a0 2cc032a0 2dc032a0 
00031370: 2e8032a0 2f8032a0 2ec032a0 2fc032a0 
00031380: 280033a0 290033a0 284033a0 294033a0 
00031390: 2a0033a0 2b0033a0 2a4033a0 2b4033a0 
000313a0: 288033a0 298033a0 28c033a0 29c033a0 
000313b0: 2a8033a0 2b8033a0 2ac033a0 2bc033a0 
000313c0: 2c0033a0 2d0033a0 2c4033a0 2d4033a0 
000313d0: 2e0033a0 2f0033a0 2e4033a0 2f4033a0 
000313e0: 2c8033a0 2d8033a0 2cc033a0 2dc033a0 
000313f0: 2e8033a0 2f8033a0 2ec033a0 2fc033a0 
00031400: 300030a0 310030a0 304030a0 314030a0 
00031410: 320030a0 330030a0 324030a0 334030a0 
00031420: 308030a0 318030a0 30c030a0 31c030a0 
00031430: 328030a0 338030a0 32c030a0 33c030a0 
00031440: 340030a0 350030a0 344030a0 354030a0 
00031450: 360030a0 370030a0 364030a0 374030a0 
00031460: 348030a0 358030a0 34c030a0 35c030a0 
00031470: 368030a0 378030a0 36c030a0 37c030a0 
00031480: 300031a0 310031a0 304031a0 314031a0 
00031490: 320031a0 330031a0 324031a0 334031a0 
000314a0: 308031a0 318031a0 30c031a0 31c031a0 
000314b0: 328031a0 338031a0 32c031a0 33c031a0 
000314c0: 340031a0 350031a0 344031a0 354031a0 
000314d0: 360031a0 370031a0 364031a0 374031a0 
000314e0: 348031a0 358031a0 34c031a0 35c031a0 
000314f0: 368031a0 378031a0 36c031a0 37c031a0 
00031500: 380030a0 390030a0 384030a0 394030a0 
00031510: 3a0030a0 3b0030a0 3a4030a0 3b4030a0 
00031520: 388030a0 398030a0 38c030a0 39c030a0 
00031530: 3a8030a0 3b8030a0 3ac030a0 3bc030a0 
00031540: 3c0030a0 3d0030a0 3c4030a0 3d4030a0 
00031550: 3e0030a0 3f0030a0 3e4030a0 3f4030a0 
00031560: 3c8030a0 3d8030a0 3cc030a0 3dc030a0 
00031570: 3e8030a0 3f8030a0 3ec030a0 3fc030a0 
00031580: 380031a0 390031a0 384031a0 394031a0 
00031590: 3a0031a0 3b0031a0 3a4031a0 3b4031a0 
000315a0: 388031a0 398031a0 38c031a0 39c031a0 
000315b0: 3a8031a0 3b8031a0 3ac031a0 3bc031a0 
000315c0: 3c0031a0 3d0031a0 3c4031a0 3d4031a0 
000315d0: 3e0031a0 3f0031a0 3e4031a0 3f4031a0 
000315e0: 3c8031a0 3d8031a0 3cc031a0 3dc031a0 
000315f0: 3e8031a0 3f8031a0 3ec031a0 3fc031a0 
00031600: 300032a0 310032a0 304032a0 314032a0 
00031610: 320032a0 330032a0 324032a0 334032a0 
00031620: 308032a0 318032a0 30c032a0 31c032a0 
00031630: 328032a0 338032a0 32c032a0 33c032a0 
00031640: 340032a0 350032a0 344032a0 354032a0 
00031650: 360032a0 370032a0 364032a0 374032a0 
00031660: 348032a0 358032a0 34c032a0 35c032a0 
00031670: 368032a0 378032a0 36c032a0 37c032a0 
00031680: 300033a0 310033a0 304033a0 314033a0 
00031690: 320033a0 330033a0 324033a0 334033a0 
000316a0: 308033a0 318033a0 30c033a0 31c033a0 
000316b0: 328033a0 338033a0 32c033a0 33c033a0 
000316c0: 340033a0 350033a0 344033a0 354033a0 
000316d0: 360033a0 370033a0 364033a0 374033a0 
000316e0: 348033a0 358033a0 34c033a0 35c033a0 
000316f0: 368033a0 378033a0 36c033a0 37c033a0 
00031700: 380032a0 390032a0 384032a0 394032a0 
00031710: 3a0032a0 3b0032a0 3a4032a0 3b4032a0 
00031720: 388032a0 398032a0 38c032a0 39c032a0 
00031730: 3a8032a0 3b8032a0 3ac032a0 3bc032a0 
00031740: 3c0032a0 3d0032a0 3c4032a0 3d4032a0 
00031750: 3e0032a0 3f0032a0 3e4032a0 3f4032a0 
00031760: 3c8032a0 3d8032a0 3cc032a0 3dc032a0 
00031770: 3e8032a0 3f8032a0 3ec032a0 3fc032a0 
00031780: 380033a0 390033a0 384033a0 394033a0 
00031790: 3a0033a0 3b0033a0 3a4033a0 3b4033a0 
000317a0: 388033a0 398033a0 38c033a0 39c033a0 
000317b0: 3a8033a0 3b8033a0 3ac033a0 3bc033a0 
000317c0: 3c0033a0 3d0033a0 3c4033a0 3d4033a0 
000317d0: 3e0033a0 3f0033a0 3e4033a0 3f4033a0 
000317e0: 3c8033a0 3d8033a0 3cc033a0 3dc033a0 
000317f0: 3e8033a0 3f8033a0 3ec033a0 3fc033a0 
00031800: 200034a0 210034a0 204034a0 214034a0 
00031810: 220034a0 230034a0 224034a0 234034a0 
00031820: 208034a0 218034a0 20c034a0 21c034a0 
00031830: 228034a0 238034a0 22c034a0 23c034a0 
00031840: 240034a0 250034a0 244034a0 254034a0 
00031850: 260034a0 270034a0 264034a0 274034a0 
00031860: 248034a0 258034a0 24c034a0 25c034a0 
00031870: 268034a0 278034a0 26c034a0 27c034a0 
00031880: 200035a0 210035a0 204035a0 214035a0 
00031890: 220035a0 230035a0 224035a0 234035a0 
000318a0: 208035a0 218035a0 20c035a0 21c035a0 
000318b0: 228035a0 238035a0 22c035a0 23c035a0 
000318c0: 240035a0 250035a0 244035a0 254035a0 
000318d0: 260035a0 270035a0 264035a0 274035a0 
000318e0: 248035a0 258035a0 24c035a0 25c035a0 
000318f0: 268035a0 278035a0 26c035a0 27c035a0 
00031900: 280034a0 290034a0 284034a0 294034a0 
00031910: 2a0034a0 2b0034a0 2a4034a0 2b4034a0 
00031920: 288034a0 298034a0 28c034a0 29c034a0 
00031930: 2a8034a0 2b8034a0 2ac034a0 2bc034a0 
00031940: 2c0034a0 2d0034a0 2c4034a0 2d4034a0 
00031950: 2e0034a0 2f0034a0 2e4034a0 2f4034a0 
00031960: 2c8034a0 2d8034a0 2cc034a0 2dc034a0 
00031970: 2e8034a0 2f8034a0 2ec034a0 2fc034a0 
00031980: 280035a0 290035a0 284035a0 294035a0 
00031990: 2a0035a0 2b0035a0 2a4035a0 2b4035a0 
000319a0: 288035a0 298035a0 28c035a0 29c035a0 
000319b0: 2a8035a0 2b8035a0 2ac035a0 2bc035a0 
000319c0: 2c0035a0 2d0035a0 2c4035a0 2d4035a0 
000319d0: 2e0035a0 2f0035a0 2e4035a0 2f4035a0 
000319e0: 2c8035a0 2d8035a0 2cc035a0 2dc035a0 
000319f0: 2e8035a0 2f8035a0 2ec035a0 2fc035a0 
00031a00: 200036a0 210036a0 204036a0 214036a0 
00031a10: 220036a0 230036a0 224036a0 234036a0 
00031a20: 208036a0 218036a0 20c036a0 21c036a0 
00031a30: 228036a0 238036a0 22c036a0 23c036a0 
00031a40: 240036a0 250036a0 244036a0 254036a0 
00031a50: 260036a0 270036a0 264036a0 274036a0 
00031a60: 248036a0 258036a0 24c036a0 25c036a0 
00031a70: 268036a0 278036a0 26c036a0 27c036a0 
00031a80: 200037a0 210037a0 204037a0 214037a0 
00031a90: 220037a0 230037a0 224037a0 234037a0 
00031aa0: 208037a0 218037a0 20c037a0 21c037a0 
00031ab0: 228037a0 238037a0 22c037a0 23c037a0 
00031ac0: 240037a0 250037a0 244037a0 254037a0 
00031ad0: 260037a0 270037a0 264037a0 274037a0 
00031ae0: 248037a0 258037a0 24c037a0 25c037a0 
00031af0: 268037a0 278037a0 26c037a0 27c037a0 
00031b00: 280036a0 290036a0 284036a0 294036a0 
00031b10: 2a0036a0 2b0036a0 2a4036a0 2b4036a0 
00031b20: 288036a0 298036a0 28c036a0 29c036a0 
00031b30: 2a8036a0 2b8036a0 2ac036a0 2bc036a0 
00031b40: 2c0036a0 2d0036a0 2c4036a0 2d4036a0 
00031b50: 2e0036a0 2f0036a0 2e4036a0 2f4036a0 
00031b60: 2c8036a0 2d8036a0 2cc036a0 2dc036a0 
00031b70: 2e8036a0 2f8036a0 2ec036a0 2fc036a0 
00031b80: 280037a0 290037a0 284037a0 294037a0 
00031b90: 2a0037a0 2b0037a0 2a4037a0 2b4037a0 
00031ba0: 288037a0 298037a0 28c037a0 29c037a0 
00031bb0: 2a8037a0 2b8037a0 2ac037a0 2bc037a0 
00031bc0: 2c0037a0 2d0037a0 2c4037a0 2d4037a0 
00031bd0: 2e0037a0 2f0037a0 2e4037a0 2f4037a0 
00031be0: 2c8037a0 2d8037a0 2cc037a0 2dc037a0 
00031bf0: 2e8037a0 2f8037a0 2ec037a0 2fc037a0 
00031c00: 300034a0 310034a0 304034a0 314034a0 
00031c10: 320034a0 330034a0 324034a0 334034a0 
00031c20: 308034a0 318034a0 30c034a0 31c034a0 
00031c30: 328034a0 338034a0 32c034a0 33c034a0 
00031c40: 340034a0 350034a0 344034a0 354034a0 
00031c50: 360034a0 370034a0 364034a0 374034a0 
00031c60: 348034a0 358034a0 34c034a0 35c034a0 
00031c70: 368034a0 378034a0 36c034a0 37c034a0 
00031c80: 300035a0 310035a0 304035a0 314035a0 
00031c90: 320035a0 330035a0 324035a0 334035a0 
00031ca0: 308035a0 318035a0 30c035a0 31c035a0 
00031cb0: 328035a0 338035a0 32c035a0 33c035a0 
00031cc0: 340035a0 350035a0 344035a0 354035a0 
00031cd0: 360035a0 370035a0 364035a0 374035a0 
00031ce0: 348035a0 358035a0 34c035a0 35c035a0 
00031cf0: 368035a0 378035a0 36c035a0 37c035a0 
00031d00: 380034a0 390034a0 384034a0 394034a0 
00031d10: 3a0034a0 3b0034a0 3a4034a0 3b4034a0 
00031d20: 388034a0 398034a0 38c034a0 39c034a0 
00031d30: 3a8034a0 3b8034a0 3ac034a0 3bc034a0 
00031d40: 3c0034a0 3d0034a0 3c4034a0 3d4034a0 
00031d50: 3e0034a0 3f0034a0 3e4034a0 3f4034a0 
00031d60: 3c8034a0 3d8034a0 3cc034a0 3dc034a0 
00031d70: 3e8034a0 3f8034a0 3ec034a0 3fc034a0 
00031d80: 380035a0 390035a0 384035a0 394035a0 
00031d90: 3a0035a0 3b0035a0 3a4035a0 3b4035a0 
00031da0: 388035a0 398035a0 38c035a0 39c035a0 
00031db0: 3a8035a0 3b8035a0 3ac035a0 3bc035a0 
00031dc0: 3c0035a0 3d0035a0 3c4035a0 3d4035a0 
00031dd0: 3e0035a0 3f0035a0 3e4035a0 3f4035a0 
00031de0: 3c8035a0 3d8035a0 3cc035a0 3dc035a0 
00031df0: 3e8035a0 3f8035a0 3ec035a0 3fc035a0 
00031e00: 300036a0 310036a0 304036a0 314036a0 
00031e10: 320036a0 330036a0 324036a0 334036a0 
00031e20: 308036a0 318036a0 30c036a0 31c036a0 
00031e30: 328036a0 338036a0 32c036a0 33c036a0 
00031e40: 340036a0 350036a0 344036a0 354036a0 
00031e50: 360036a0 370036a0 364036a0 374036a0 
00031e60: 348036a0 358036a0 34c036a0 35c036a0 
00031e70: 368036a0 378036a0 36c036a0 37c036a0 
00031e80: 300037a0 310037a0 304037a0 314037a0 
00031e90: 320037a0 330037a0 324037a0 334037a0 
00031ea0: 308037a0 318037a0 30c037a0 31c037a0 
00031eb0: 328037a0 338037a0 32c037a0 33c037a0 
00031ec0: 340037a0 350037a0 344037a0 354037a0 
00031ed0: 360037a0 370037a0 364037a0 374037a0 
00031ee0: 348037a0 358037a0 34c037a0 35c037a0 
00031ef0: 368037a0 378037a0 36c037a0 37c037a0 
00031f00: 380036a0 390036a0 384036a0 394036a0 
00031f10: 3a0036a0 3b0036a0 3a4036a0 3b4036a0 
00031f20: 388036a0 398036a0 38c036a0 39c036a0 
00031f30: 3a8036a0 3b8036a0 3ac036a0 3bc036a0 
00031f40: 3c0036a0 3d0036a0 3c4036a0 3d4036a0 
00031f50: 3e0036a0 3f0036a0 3e4036a0 3f4036a0 
00031f60: 3c8036a0 3d8036a0 3cc036a0 3dc036a0 
00031f70: 3e8036a0 3f8036a0 3ec036a0 3fc036a0 
00031f80: 380037a0 390037a0 384037a0 394037a0 
00031f90: 3a0037a0 3b0037a0 3a4037a0 3b4037a0 
00031fa0: 388037a0 398037a0 38c037a0 39c037a0 
00031fb0: 3a8037a0 3b8037a0 3ac037a0 3bc037a0 
00031fc0: 3c0037a0 3d0037a0 3c4037a0 3d4037a0 
00031fd0: 3e0037a0 3f0037a0 3e4037a0 3f4037a0 
00031fe0: 3c8037a0 3d8037a0 3cc037a0 3dc037a0 
00031ff0: 3e8037a0 3f8037a0 3ec037a0 3fc037a0 
00032000: 000038a0 010038a0 004038a0 014038a0 
00032010: 020038a0 030038a0 024038a0 034038a0 
00032020: 008038a0 018038a0 00c038a0 01c038a0 
00032030: 028038a0 038038a0 02c038a0 03c038a0 
00032040: 040038a0 050038a0 044038a0 054038a0 
00032050: 060038a0 070038a0 064038a0 074038a0 
00032060: 048038a0 058038a0 04c038a0 05c038a0 
00032070: 068038a0 078038a0 06c038a0 07c038a0 
00032080: 000039a0 010039a0 004039a0 014039a0 
00032090: 020039a0 030039a0 024039a0 034039a0 
000320a0: 008039a0 018039a0 00c039a0 01c039a0 
000320b0: 028039a0 038039a0 02c039a0 03c039a0 
000320c0: 040039a0 050039a0 044039a0 054039a0 
000320d0: 060039a0 070039a0 064039a0 074039a0 
000320e0: 048039a0 058039a0 04c039a0 05c039a0 
000320f0: 068039a0 078039a0 06c039a0 07c039a0 
00032100: 080038a0 090038a0 084038a0 094038a0 
00032110: 0a0038a0 0b0038a0 0a4038a0 0b4038a0 
00032120: 088038a0 098038a0 08c038a0 09c038a0 
00032130: 0a8038a0 0b8038a0 0ac038a0 0bc038a0 
00032140: 0c0038a0 0d0038a0 0c4038a0 0d4038a0 
00032150: 0e0038a0 0f0038a0 0e4038a0 0f4038a0 
00032160: 0c8038a0 0d8038a0 0cc038a0 0dc038a0 
00032170: 0e8038a0 0f8038a0 0ec038a0 0fc038a0 
00032180: 080039a0 090039a0 084039a0 094039a0 
00032190: 0a0039a0 0b0039a0 0a4039a0 0b4039a0 
000321a0: 088039a0 098039a0 08c039a0 09c039a0 
000321b0: 0a8039a0 0b8039a0 0ac039a0 0bc039a0 
000321c0: 0c0039a0 0d0039a0 0c4039a0 0d4039a0 
000321d0: 0e0039a0 0f0039a0 0e4039a0 0f4039a0 
000321e0: 0c8039a0 0d8039a0 0cc039a0 0dc039a0 
000321f0: 0e8039a0 0f8039a0 0ec039a0 0fc039a0 
00032200: 00003aa0 01003aa0 00403aa0 01403aa0 
00032210: 02003aa0 03003aa0 02403aa0 03403aa0 
00032220: 00803aa0 01803aa0 00c03aa0 01c03aa0 
00032230: 02803aa0 03803aa0 02c03aa0 03c03aa0 
00032240: 04003aa0 05003aa0 04403aa0 05403aa0 
00032250: 06003aa0 07003aa0 06403aa0 07403aa0 
00032260: 04803aa0 05803aa0 04c03aa0 05c03aa0 
00032270: 06803aa0 07803aa0 06c03aa0 07c03aa0 
00032280: 00003ba0 01003ba0 00403ba0 01403ba0 
00032290: 02003ba0 03003ba0 02403ba0 03403ba0 
000322a0: 00803ba0 01803ba0 00c03ba0 01c03ba0 
000322b0: 02803ba0 03803ba0 02c03ba0 03c03ba0 
000322c0: 04003ba0 05003ba0 04403ba0 05403ba0 
000322d0: 06003ba0 07003ba0 06403ba0 07403ba0 
000322e0: 04803ba0 05803ba0 04c03ba0 05c03ba0 
000322f0: 06803ba0 07803ba0 06c03ba0 07c03ba0 
00032300: 08003aa0 09003aa0 08403aa0 09403aa0 
00032310: 0a003aa0 0b003aa0 0a403aa0 0b403aa0 
00032320: 08803aa0 09803aa0 08c03aa0 09c03aa0 
00032330: 0a803aa0 0b803aa0 0ac03aa0 0bc03aa0 
00032340: 0c003aa0 0d003aa0 0c403aa0 0d403aa0 
00032350: 0e003aa0 0f003aa0 0e403aa0 0f403aa0 
00032360: 0c803aa0 0d803aa0 0cc03aa0 0dc03aa0 
00032370: 0e803aa0 0f803aa0 0ec03aa0 0fc03aa0 
00032380: 08003ba0 09003ba0 08403ba0 09403ba0 
00032390: 0a003ba0 0b003ba0 0a403ba0 0b403ba0 
000323a0: 08803ba0 09803ba0 08c03ba0 09c03ba0 
000323b0: 0a803ba0 0b803ba0 0ac03ba0 0bc03ba0 
000323c0: 0c003ba0 0d003ba0 0c403ba0 0d403ba0 
000323d0: 0e003ba0 0f003ba0 0e403ba0 0f403ba0 
000323e0: 0c803ba0 0d803ba0 0cc03ba0 0dc03ba0 
000323f0: 0e803ba0 0f803ba0 0ec03ba0 0fc03ba0 
00032400: 100038a0 110038a0 104038a0 114038a0 
00032410: 120038a0 130038a0 124038a0 134038a0 
00032420: 108038a0 118038a0 10c038a0 11c038a0 
00032430: 128038a0 138038a0 12c038a0 13c038a0 
00032440: 140038a0 150038a0 144038a0 154038a0 
00032450: 160038a0 170038a0 164038a0 174038a0 
00032460: 148038a0 158038a0 14c038a0 15c038a0 
00032470: 168038a0 178038a0 16c038a0 17c038a0 
00032480: 100039a0 110039a0 104039a0 114039a0 
00032490: 120039a0 130039a0 124039a0 134039a0 
000324a0: 108039a0 118039a0 10c039a0 11c039a0 
000324b0: 128039a0 138039a0 12c039a0 13c039a0 
000324c0: 140039a0 150039a0 144039a0 154039a0 
000324d0: 160039a0 170039a0 164039a0 174039a0 
000324e0: 148039a0 158039a0 14c039a0 15c039a0 
000324f0: 168039a0 178039a0 16c039a0 17c039a0 
00032500: 180038a0 190038a0 184038a0 194038a0 
00032510: 1a0038a0 1b0038a0 1a4038a0 1b4038a0 
00032520: 188038a0 198038a0 18c038a0 19c038a0 
00032530: 1a8038a0 1b8038a0 1ac038a0 1bc038a0 
00032540: 1c0038a0 1d0038a0 1c4038a0 1d4038a0 
00032550: 1e0038a0 1f0038a0 1e4038a0 1f4038a0 
00032560: 1c8038a0 1d8038a0 1cc038a0 1dc038a0 
00032570: 1e8038a0 1f8038a0 1ec038a0 1fc038a0 
00032580: 180039a0 190039a0 184039a0 194039a0 
00032590: 1a0039a0 1b0039a0 1a4039a0 1b4039a0 
000325a0: 188039a0 198039a0 18c039a0 19c039a0 
000325b0: 1a8039a0 1b8039a0 1ac039a0 1bc039a0 
000325c0: 1c0039a0 1d0039a0 1c4039a0 1d4039a0 
000325d0: 1e0039a0 1f0039a0 1e4039a0 1f4039a0 
000325e0: 1c8039a0 1d8039a0 1cc039a0 1dc039a0 
000325f0: 1e8039a0 1f8039a0 1ec039a0 1fc039a0 
00032600: 10003aa0 11003aa0 10403aa0 11403aa0 
00032610: 12003aa0 13003aa0 12403aa0 13403aa0 
00032620: 10803aa0 11803aa0 10c03aa0 11c03aa0 
00032630: 12803aa0 13803aa0 12c03aa0 13c03aa0 
00032640: 14003aa0 15003aa0 14403aa0 15403aa0 
00032650: 16003aa0 17003aa0 16403aa0 17403aa0 
00032660: 14803aa0 15803aa0 14c03aa0 15c03aa0 
00032670: 16803aa0 17803aa0 16c03aa0 17c03aa0 
00032680: 10003ba0 11003ba0 10403ba0 11403ba0 
00032690: 12003ba0 13003ba0 12403ba0 13403ba0 
000326a0: 10803ba0 11803ba0 10c03ba0 11c03ba0 
000326b0: 12803ba0 13803ba0 12c03ba0 13c03ba0 
000326c0: 14003ba0 15003ba0 14403ba0 15403ba0 
000326d0: 16003ba0 17003ba0 16403ba0 17403ba0 
000326e0: 14803ba0 15803ba0 14c03ba0 15c03ba0 
000326f0: 16803ba0 17803ba0 16c03ba0 17c03ba0 
00032700: 18003aa0 19003aa0 18403aa0 19403aa0 
00032710: 1a003aa0 1b003aa0 1a403aa0 1b403aa0 
00032720: 18803aa0 19803aa0 18c03aa0 19c03aa0 
00032730: 1a803aa0 1b803aa0 1ac03aa0 1bc03aa0 
00032740: 1c003aa0 1d003aa0 1c403aa0 1d403aa0 
00032750: 1e003aa0 1f003aa0 1e403aa0 1f403aa0 
00032760: 1c803aa0 1d803aa0 1cc03aa0 1dc03aa0 
00032770: 1e803aa0 1f803aa0 1ec03aa0 1fc03aa0 
00032780: 18003ba0 19003ba0 18403ba0 19403ba0 
00032790: 1a003ba0 1b003ba0 1a403ba0 1b403ba0 
000327a0: 18803ba0 19803ba0 18c03ba0 19c03ba0 
000327b0: 1a803ba0 1b803ba0 1ac03ba0 1bc03ba0 
000327c0: 1c003ba0 1d003ba0 1c403ba0 1d403ba0 
000327d0: 1e003ba0 1f003ba0 1e403ba0 1f403ba0 
000327e0: 1c803ba0 1d803ba0 1cc03ba0 1dc03ba0 
000327f0: 1e803ba0 1f803ba0 1ec03ba0 1fc03ba0 
00032800: 00003ca0 01003ca0 00403ca0 01403ca0 
00032810: 02003ca0 03003ca0 02403ca0 03403ca0 
00032820: 00803ca0 01803ca0 00c03ca0 01c03ca0 
00032830: 02803ca0 03803ca0 02c03ca0 03c03ca0 
00032840: 04003ca0 05003ca0 04403ca0 05403ca0 
00032850: 06003ca0 07003ca0 06403ca0 07403ca0 
00032860: 04803ca0 05803ca0 04c03ca0 05c03ca0 
00032870: 06803ca0 07803ca0 06c03ca0 07c03ca0 
00032880: 00003da0 01003da0 00403da0 01403da0 
00032890: 02003da0 03003da0 02403da0 03403da0 
000328a0: 00803da0 01803da0 00c03da0 01c03da0 
000328b0: 02803da0 03803da0 02c03da0 03c03da0 
000328c0: 04003da0 05003da0 04403da0 05403da0 
000328d0: 06003da0 07003da0 06403da0 07403da0 
000328e0: 04803da0 05803da0 04c03da0 05c03da0 
000328f0: 06803da0 07803da0 06c03da0 07c03da0 
00032900: 08003ca0 09003ca0 08403ca0 09403ca0 
00032910: 0a003ca0 0b003ca0 0a403ca0 0b403ca0 
00032920: 08803ca0 09803ca0 08c03ca0 09c03ca0 
00032930: 0a803ca0 0b803ca0 0ac03ca0 0bc03ca0 
00032940: 0c003ca0 0d003ca0 0c403ca0 0d403ca0 
00032950: 0e003ca0 0f003ca0 0e403ca0 0f403ca0 
00032960: 0c803ca0 0d803ca0 0cc03ca0 0dc03ca0 
00032970: 0e803ca0 0f803ca0 0ec03ca0 0fc03ca0 
00032980: 08003da0 09003da0 08403da0 09403da0 
00032990: 0a003da0 0b003da0 0a403da0 0b403da0 
000329a0: 08803da0 09803da0 08c03da0 09c03da0 
000329b0: 0a803da0 0b803da0 0ac03da0 0bc03da0 
000329c0: 0c003da0 0d003da0 0c403da0 0d403da0 
000329d0: 0e003da0 0f003da0 0e403da0 0f403da0 
000329e0: 0c803da0 0d803da0 0cc03da0 0dc03da0 
000329f0: 0e803da0 0f803da0 0ec03da0 0fc03da0 
00032a00: 00003ea0 01003ea0 00403ea0 01403ea0 
00032a10: 02003ea0 03003ea0 02403ea0 03403ea0 
00032a20: 00803ea0 01803ea0 00c03ea0 01c03ea0 
00032a30: 02803ea0 03803ea0 02c03ea0 03c03ea0 
00032a40: 04003ea0 05003ea0 04403ea0 05403ea0 
00032a50: 06003ea0 07003ea0 06403ea0 07403ea0 
00032a60: 04803ea0 05803ea0 04c03ea0 05c03ea0 
00032a70: 06803ea0 07803ea0 06c03ea0 07c03ea0 
00032a80: 00003fa0 01003fa0 00403fa0 01403fa0 
00032a90: 02003fa0 03003fa0 02403fa0 03403fa0 
00032aa0: 00803fa0 01803fa0 00c03fa0 01c03fa0 
00032ab0: 02803fa0 03803fa0 02c03fa0 03c03fa0 
00032ac0: 04003fa0 05003fa0 04403fa0 05403fa0 
00032ad0: 06003fa0 07003fa0 06403fa0 07403fa0 
00032ae0: 04803fa0 05803fa0 04c03fa0 05c03fa0 
00032af0: 06803fa0 07803fa0 06c03fa0 07c03fa0 
00032b00: 08003ea0 09003ea0 08403ea0 09403ea0 
00032b10: 0a003ea0 0b003ea0 0a403ea0 0b403ea0 
00032b20: 08803ea0 09803ea0 08c03ea0 09c03ea0 
00032b30: 0a803ea0 0b803ea0 0ac03ea0 0bc03ea0 
00032b40: 0c003ea0 0d003ea0 0c403ea0 0d403ea0 
00032b50: 0e003ea0 0f003ea0 0e403ea0 0f403ea0 
00032b60: 0c803ea0 0d803ea0 0cc03ea0 0dc03ea0 
00032b70: 0e803ea0 0f803ea0 0ec03ea0 0fc03ea0 
00032b80: 08003fa0 09003fa0 08403fa0 09403fa0 
00032b90: 0a003fa0 0b003fa0 0a403fa0 0b403fa0 
00032ba0: 08803fa0 09803fa0 08c03fa0 09c03fa0 
00032bb0: 0a803fa0 0b803fa0 0ac03fa0 0bc03fa0 
00032bc0: 0c003fa0 0d003fa0 0c403fa0 0d403fa0 
00032bd0: 0e003fa0 0f003fa0 0e403fa0 0f403fa0 
00032be0: 0c803fa0 0d803fa0 0cc03fa0 0dc03fa0 
00032bf0: 0e803fa0 0f803fa0 0ec03fa0 0fc03fa0 
00032c00: 10003ca0 11003ca0 10403ca0 11403ca0 
00032c10: 12003ca0 13003ca0 12403ca0 13403ca0 
00032c20: 10803ca0 11803ca0 10c03ca0 11c03ca0 
00032c30: 12803ca0 13803ca0 12c03ca0 13c03ca0 
00032c40: 14003ca0 15003ca0 14403ca0 15403ca0 
00032c50: 16003ca0 17003ca0 16403ca0 17403ca0 
00032c60: 14803ca0 15803ca0 14c03ca0 15c03ca0 
00032c70: 16803ca0 17803ca0 16c03ca0 17c03ca0 
00032c80: 10003da0 11003da0 10403da0 11403da0 
00032c90: 12003da0 13003da0 12403da0 13403da0 
00032ca0: 10803da0 11803da0 10c03da0 11c03da0 
00032cb0: 12803da0 13803da0 12c03da0 13c03da0 
00032cc0: 14003da0 15003da0 14403da0 15403da0 
00032cd0: 16003da0 17003da0 16403da0 17403da0 
00032ce0: 14803da0 15803da0 14c03da0 15c03da0 
00032cf0: 16803da0 17803da0 16c03da0 17c03da0 
00032d00: 18003ca0 19003ca0 18403ca0 19403ca0 
00032d10: 1a003ca0 1b003ca0 1a403ca0 1b403ca0 
00032d20: 18803ca0 19803ca0 18c03ca0 19c03ca0 
00032d30: 1a803ca0 1b803ca0 1ac03ca0 1bc03ca0 
00032d40: 1c003ca0 1d003ca0 1c403ca0 1d403ca0 
00032d50: 1e003ca0 1f003ca0 1e403ca0 1f403ca0 
00032d60: 1c803ca0 1d803ca0 1cc03ca0 1dc03ca0 
00032d70: 1e803ca0 1f803ca0 1ec03ca0 1fc03ca0 
00032d80: 18003da0 19003da0 18403da0 19403da0 
00032d90: 1a003da0 1b003da0 1a403da0 1b403da0 
00032da0: 18803da0 19803da0 18c03da0 19c03da0 
00032db0: 1a803da0 1b803da0 1ac03da0 1bc03da0 
00032dc0: 1c003da0 1d003da0 1c403da0 1d403da0 
00032dd0: 1e003da0 1f003da0 1e403da0 1f403da0 
00032de0: 1c803da0 1d803da0 1cc03da0 1dc03da0 
00032df0: 1e803da0 1f803da0 1ec03da0 1fc03da0 
00032e00: 10003ea0 11003ea0 10403ea0 11403ea0 
00032e10: 12003ea0 13003ea0 12403ea0 13403ea0 
00032e20: 10803ea0 11803ea0 10c03ea0 11c03ea0 
00032e30: 12803ea0 13803ea0 12c03ea0 13c03ea0 
00032e40: 14003ea0 15003ea0 14403ea0 15403ea0 
00032e50: 16003ea0 17003ea0 16403ea0 17403ea0 
00032e60: 14803ea0 15803ea0 14c03ea0 15c03ea0 
00032e70: 16803ea0 17803ea0 16c03ea0 17c03ea0 
00032e80: 10003fa0 11003fa0 10403fa0 11403fa0 
00032e90: 12003fa0 13003fa0 12403fa0 13403fa0 
00032ea0: 10803fa0 11803fa0 10c03fa0 11c03fa0 
00032eb0: 12803fa0 13803fa0 12c03fa0 13c03fa0 
00032ec0: 14003fa0 15003fa0 14403fa0 15403fa0 
00032ed0: 16003fa0 17003fa0 16403fa0 17403fa0 
00032ee0: 14803fa0 15803fa0 14c03fa0 15c03fa0 
00032ef0: 16803fa0 17803fa0 16c03fa0 17c03fa0 
00032f00: 18003ea0 19003ea0 18403ea0 19403ea0 
00032f10: 1a003ea0 1b003ea0 1a403ea0 1b403ea0 
00032f20: 18803ea0 19803ea0 18c03ea0 19c03ea0 
00032f30: 1a803ea0 1b803ea0 1ac03ea0 1bc03ea0 
00032f40: 1c003ea0 1d003ea0 1c403ea0 1d403ea0 
00032f50: 1e003ea0 1f003ea0 1e403ea0 1f403ea0 
00032f60: 1c803ea0 1d803ea0 1cc03ea0 1dc03ea0 
00032f70: 1e803ea0 1f803ea0 1ec03ea0 1fc03ea0 
00032f80: 18003fa0 19003fa0 18403fa0 19403fa0 
00032f90: 1a003fa0 1b003fa0 1a403fa0 1b403fa0 
00032fa0: 18803fa0 19803fa0 18c03fa0 19c03fa0 
00032fb0: 1a803fa0 1b803fa0 1ac03fa0 1bc03fa0 
00032fc0: 1c003fa0 1d003fa0 1c403fa0 1d403fa0 
00032fd0: 1e003fa0 1f003fa0 1e403fa0 1f403fa0 
00032fe0: 1c803fa0 1d803fa0 1cc03fa0 1dc03fa0 
00032ff0: 1e803fa0 1f803fa0 1ec03fa0 1fc03fa0 
00033000: 200038a0 210038a0 204038a0 214038a0 
00033010: 220038a0 230038a0 224038a0 234038a0 
00033020: 208038a0 218038a0 20c038a0 21c038a0 
00033030: 228038a0 238038a0 22c038a0 23c038a0 
00033040: 240038a0 250038a0 244038a0 254038a0 
00033050: 260038a0 270038a0 264038a0 274038a0 
00033060: 248038a0 258038a0 24c038a0 25c038a0 
00033070: 268038a0 278038a0 26c038a0 27c038a0 
00033080: 200039a0 210039a0 204039a0 214039a0 
00033090: 220039a0 230039a0 224039a0 234039a0 
000330a0: 208039a0 218039a0 20c039a0 21c039a0 
000330b0: 228039a0 238039a0 22c039a0 23c039a0 
000330c0: 240039a0 250039a0 244039a0 254039a0 
000330d0: 260039a0 270039a0 264039a0 274039a0 
000330e0: 248039a0 258039a0 24c039a0 25c039a0 
000330f0: 268039a0 278039a0 26c039a0 27c039a0 
00033100: 280038a0 290038a0 284038a0 294038a0 
00033110: 2a0038a0 2b0038a0 2a4038a0 2b4038a0 
00033120: 288038a0 298038a0 28c038a0 29c038a0 
00033130: 2a8038a0 2b8038a0 2ac038a0 2bc038a0 
00033140: 2c0038a0 2d0038a0 2c4038a0 2d4038a0 
00033150: 2e0038a0 2f0038a0 2e4038a0 2f4038a0 
00033160: 2c8038a0 2d8038a0 2cc038a0 2dc038a0 
00033170: 2e8038a0 2f8038a0 2ec038a0 2fc038a0 
00033180: 280039a0 290039a0 284039a0 294039a0 
00033190: 2a0039a0 2b0039a0 2a4039a0 2b4039a0 
000331a0: 288039a0 298039a0 28c039a0 29c039a0 
000331b0: 2a8039a0 2b8039a0 2ac039a0 2bc039a0 
000331c0: 2c0039a0 2d0039a0 2c4039a0 2d4039a0 
000331d0: 2e0039a0 2f0039a0 2e4039a0 2f4039a0 
000331e0: 2c8039a0 2d8039a0 2cc039a0 2dc039a0 
000331f0: 2e8039a0 2f8039a0 2ec039a0 2fc039a0 
00033200: 20003aa0 21003aa0 20403aa0 21403aa0 
00033210: 22003aa0 23003aa0 22403aa0 23403aa0 
00033220: 20803aa0 21803aa0 20c03aa0 21c03aa0 
00033230: 22803aa0 23803aa0 22c03aa0 23c03aa0 
00033240: 24003aa0 25003aa0 24403aa0 25403aa0 
00033250: 26003aa0 27003aa0 26403aa0 27403aa0 
00033260: 24803aa0 25803aa0 24c03aa0 25c03aa0 
00033270: 26803aa0 27803aa0 26c03aa0 27c03aa0 
00033280: 20003ba0 21003ba0 20403ba0 21403ba0 
00033290: 22003ba0 23003ba0 22403ba0 23403ba0 
000332a0: 20803ba0 21803ba0 20c03ba0 21c03ba0 
000332b0: 22803ba0 23803ba0 22c03ba0 23c03ba0 
000332c0: 24003ba0 25003ba0 24403ba0 25403ba0 
000332d0: 26003ba0 27003ba0 26403ba0 27403ba0 
000332e0: 24803ba0 25803ba0 24c03ba0 25c03ba0 
000332f0: 26803ba0 27803ba0 26c03ba0 27c03ba0 
00033300: 28003aa0 29003aa0 28403aa0 29403aa0 
00033310: 2a003aa0 2b003aa0 2a403aa0 2b403aa0 
00033320: 28803aa0 29803aa0 28c03aa0 29c03aa0 
00033330: 2a803aa0 2b803aa0 2ac03aa0 2bc03aa0 
00033340: 2c003aa0 2d003aa0 2c403aa0 2d403aa0 
00033350: 2e003aa0 2f003aa0 2e403aa0 2f403aa0 
00033360: 2c803aa0 2d803aa0 2cc03aa0 2dc03aa0 
00033370: 2e803aa0 2f803aa0 2ec03aa0 2fc03aa0 
00033380: 28003ba0 29003ba0 28403ba0 29403ba0 
00033390: 2a003ba0 2b003ba0 2a403ba0 2b403ba0 
000333a0: 28803ba0 29803ba0 28c03ba0 29c03ba0 
000333b0: 2a803ba0 2b803ba0 2ac03ba0 2bc03ba0 
000333c0: 2c003ba0 2d003ba0 2c403ba0 2d403ba0 
000333d0: 2e003ba0 2f003ba0 2e403ba0 2f403ba0 
000333e0: 2c803ba0 2d803ba0 2cc03ba0 2dc03ba0 
000333f0: 2e803ba0 2f803ba0 2ec03ba0 2fc03ba0 
00033400: 300038a0 310038a0 304038a0 314038a0 
00033410: 320038a0 330038a0 324038a0 334038a0 
00033420: 308038a0 318038a0 30c038a0 31c038a0 
00033430: 328038a0 338038a0 32c038a0 33c038a0 
00033440: 340038a0 350038a0 344038a0 354038a0 
00033450: 360038a0 370038a0 364038a0 374038a0 
00033460: 348038a0 358038a0 34c038a0 35c038a0 
00033470: 368038a0 378038a0 36c038a0 37c038a0 
00033480: 300039a0 310039a0 304039a0 314039a0 
00033490: 320039a0 330039a0 324039a0 334039a0 
000334a0: 308039a0 318039a0 30c039a0 31c039a0 
000334b0: 328039a0 338039a0 32c039a0 33c039a0 
000334c0: 340039a0 350039a0 344039a0 354039a0 
000334d0: 360039a0 370039a0 364039a0 374039a0 
000334e0: 348039a0 358039a0 34c039a0 35c039a0 
000334f0: 368039a0 378039a0 36c039a0 37c039a0 
00033500: 380038a0 390038a0 384038a0 394038a0 
00033510: 3a0038a0 3b0038a0 3a4038a0 3b4038a0 
00033520: 388038a0 398038a0 38c038a0 39c038a0 
00033530: 3a8038a0 3b8038a0 3ac038a0 3bc038a0 
00033540: 3c0038a0 3d0038a0 3c4038a0 3d4038a0 
00033550: 3e0038a0 3f0038a0 3e4038a0 3f4038a0 
00033560: 3c8038a0 3d8038a0 3cc038a0 3dc038a0 
00033570: 3e8038a0 3f8038a0 3ec038a0 3fc038a0 
00033580: 380039a0 390039a0 384039a0 394039a0 
00033590: 3a0039a0 3b0039a0 3a4039a0 3b4039a0 
000335a0: 388039a0 398039a0 38c039a0 39c039a0 
000335b0: 3a8039a0 3b8039a0 3ac039a0 3bc039a0 
000335c0: 3c0039a0 3d0039a0 3c4039a0 3d4039a0 
000335d0: 3e0039a0 3f0039a0 3e4039a0 3f4039a0 
000335e0: 3c8039a0 3d8039a0 3cc039a0 3dc039a0 
000335f0: 3e8039a0 3f8039a0 3ec039a0 3fc039a0 
00033600: 30003aa0 31003aa0 30403aa0 31403aa0 
00033610: 32003aa0 33003aa0 32403aa0 33403aa0 
00033620: 30803aa0 31803aa0 30c03aa0 31c03aa0 
00033630: 32803aa0 33803aa0 32c03aa0 33c03aa0 
00033640: 34003aa0 35003aa0 34403aa0 35403aa0 
00033650: 36003aa0 37003aa0 36403aa0 37403aa0 
00033660: 34803aa0 35803aa0 34c03aa0 35c03aa0 
00033670: 36803aa0 37803aa0 36c03aa0 37c03aa0 
00033680: 30003ba0 31003ba0 30403ba0 31403ba0 
00033690: 32003ba0 33003ba0 32403ba0 33403ba0 
000336a0: 30803ba0 31803ba0 30c03ba0 31c03ba0 
000336b0: 32803ba0 33803ba0 32c03ba0 33c03ba0 
000336c0: 34003ba0 35003ba0 34403ba0 35403ba0 
000336d0: 36003ba0 37003ba0 36403ba0 37403ba0 
000336e0: 34803ba0 35803ba0 34c03ba0 35c03ba0 
000336f0: 36803ba0 37803ba0 36c03ba0 37c03ba0 
00033700: 38003aa0 39003aa0 38403aa0 39403aa0 
00033710: 3a003aa0 3b003aa0 3a403aa0 3b403aa0 
00033720: 38803aa0 39803aa0 38c03aa0 39c03aa0 
00033730: 3a803aa0 3b803aa0 3ac03aa0 3bc03aa0 
00033740: 3c003aa0 3d003aa0 3c403aa0 3d403aa0 
00033750: 3e003aa0 3f003aa0 3e403aa0 3f403aa0 
00033760: 3c803aa0 3d803aa0 3cc03aa0 3dc03aa0 
00033770: 3e803aa0 3f803aa0 3ec03aa0 3fc03aa0 
00033780: 38003ba0 39003ba0 38403ba0 39403ba0 
00033790: 3a003ba0 3b003ba0 3a403ba0 3b403ba0 
000337a0: 38803ba0 39803ba0 38c03ba0 39c03ba0 
000337b0: 3a803ba0 3b803ba0 3ac03ba0 3bc03ba0 
000337c0: 3c003ba0 3d003ba0 3c403ba0 3d403ba0 
000337d0: 3e003ba0 3f003ba0 3e403ba0 3f403ba0 
000337e0: 3c803ba0 3d803ba0 3cc03ba0 3dc03ba0 
000337f0: 3e803ba0 3f803ba0 3ec03ba0 3fc03ba0 
00033800: 20003ca0 21003ca0 20403ca0 21403ca0 
00033810: 22003ca0 23003ca0 22403ca0 23403ca0 
00033820: 20803ca0 21803ca0 20c03ca0 21c03ca0 
00033830: 22803ca0 23803ca0 22c03ca0 23c03ca0 
00033840: 24003ca0 25003ca0 24403ca0 25403ca0 
00033850: 26003ca0 27003ca0 26403ca0 27403ca0 
00033860: 24803ca0 25803ca0 24c03ca0 25c03ca0 
00033870: 26803ca0 27803ca0 26c03ca0 27c03ca0 
00033880: 20003da0 21003da0 20403da0 21403da0 
00033890: 22003da0 23003da0 22403da0 23403da0 
000338a0: 20803da0 21803da0 20c03da0 21c03da0 
000338b0: 22803da0 23803da0 22c03da0 23c03da0 
000338c0: 24003da0 25003da0 24403da0 25403da0 
000338d0: 26003da0 27003da0 26403da0 27403da0 
000338e0: 24803da0 25803da0 24c03da0 25c03da0 
000338f0: 26803da0 27803da0 26c03da0 27c03da0 
00033900: 28003ca0 29003ca0 28403ca0 29403ca0 
00033910: 2a003ca0 2b003ca0 2a403ca0 2b403ca0 
00033920: 28803ca0 29803ca0 28c03ca0 29c03ca0 
00033930: 2a803ca0 2b803ca0 2ac03ca0 2bc03ca0 
00033940: 2c003ca0 2d003ca0 2c403ca0 2d403ca0 
00033950: 2e003ca0 2f003ca0 2e403ca0 2f403ca0 
00033960: 2c803ca0 2d803ca0 2cc03ca0 2dc03ca0 
00033970: 2e803ca0 2f803ca0 2ec03ca0 2fc03ca0 
00033980: 28003da0 29003da0 28403da0 29403da0 
00033990: 2a003da0 2b003da0 2a403da0 2b403da0 
000339a0: 28803da0 29803da0 28c03da0 29c03da0 
000339b0: 2a803da0 2b803da0 2ac03da0 2bc03da0 
000339c0: 2c003da0 2d003da0 2c403da0 2d403da0 
000339d0: 2e003da0 2f003da0 2e403da0 2f403da0 
000339e0: 2c803da0 2d803da0 2cc03da0 2dc03da0 
000339f0: 2e803da0 2f803da0 2ec03da0 2fc03da0 
00033a00: 20003ea0 21003ea0 20403ea0 21403ea0 
00033a10: 22003ea0 23003ea0 22403ea0 23403ea0 
00033a20: 20803ea0 21803ea0 20c03ea0 21c03ea0 
00033a30: 22803ea0 23803ea0 22c03ea0 23c03ea0 
00033a40: 24003ea0 25003ea0 24403ea0 25403ea0 
00033a50: 26003ea0 27003ea0 26403ea0 27403ea0 
00033a60: 24803ea0 25803ea0 24c03ea0 25c03ea0 
00033a70: 26803ea0 27803ea0 26c03ea0 27c03ea0 
00033a80: 20003fa0 21003fa0 20403fa0 21403fa0 
00033a90: 22003fa0 23003fa0 22403fa0 23403fa0 
00033aa0: 20803fa0 21803fa0 20c03fa0 21c03fa0 
00033ab0: 22803fa0 23803fa0 22c03fa0 23c03fa0 
00033ac0: 24003fa0 25003fa0 24403fa0 25403fa0 
00033ad0: 26003fa0 27003fa0 26403fa0 27403fa0 
00033ae0: 24803fa0 25803fa0 24c03fa0 25c03fa0 
00033af0: 26803fa0 27803fa0 26c03fa0 27c03fa0 
00033b00: 28003ea0 29003ea0 28403ea0 29403ea0 
00033b10: 2a003ea0 2b003ea0 2a403ea0 2b403ea0 
00033b20: 28803ea0 29803ea0 28c03ea0 29c03ea0 
00033b30: 2a803ea0 2b803ea0 2ac03ea0 2bc03ea0 
00033b40: 2c003ea0 2d003ea0 2c403ea0 2d403ea0 
00033b50: 2e003ea0 2f003ea0 2e403ea0 2f403ea0 
00033b60: 2c803ea0 2d803ea0 2cc03ea0 2dc03ea0 
00033b70: 2e803ea0 2f803ea0 2ec03ea0 2fc03ea0 
00033b80: 28003fa0 29003fa0 28403fa0 29403fa0 
00033b90: 2a003fa0 2b003fa0 2a403fa0 2b403fa0 
00033ba0: 28803fa0 29803fa0 28c03fa0 29c03fa0 
00033bb0: 2a803fa0 2b803fa0 2ac03fa0 2bc03fa0 
00033bc0: 2c003fa0 2d003fa0 2c403fa0 2d403fa0 
00033bd0: 2e003fa0 2f003fa0 2e403fa0 2f403fa0 
00033be0: 2c803fa0 2d803fa0 2cc03fa0 2dc03fa0 
00033bf0: 2e803fa0 2f803fa0 2ec03fa0 2fc03fa0 
00033c00: 30003ca0 31003ca0 30403ca0 31403ca0 
00033c10: 32003ca0 33003ca0 32403ca0 33403ca0 
00033c20: 30803ca0 31803ca0 30c03ca0 31c03ca0 
00033c30: 32803ca0 33803ca0 32c03ca0 33c03ca0 
00033c40: 34003ca0 35003ca0 34403ca0 35403ca0 
00033c50: 36003ca0 37003ca0 36403ca0 37403ca0 
00033c60: 34803ca0 35803ca0 34c03ca0 35c03ca0 
00033c70: 36803ca0 37803ca0 36c03ca0 37c03ca0 
00033c80: 30003da0 31003da0 30403da0 31403da0 
00033c90: 32003da0 33003da0 32403da0 33403da0 
00033ca0: 30803da0 31803da0 30c03da0 31c03da0 
00033cb0: 32803da0 33803da0 32c03da0 33c03da0 
00033cc0: 34003da0 35003da0 34403da0 35403da0 
00033cd0: 36003da0 37003da0 36403da0 37403da0 
00033ce0: 34803da0 35803da0 34c03da0 35c03da0 
00033cf0: 36803da0 37803da0 36c03da0 37c03da0 
00033d00: 38003ca0 39003ca0 38403ca0 39403ca0 
00033d10: 3a003ca0 3b003ca0 3a403ca0 3b403ca0 
00033d20: 38803ca0 39803ca0 38c03ca0 39c03ca0 
00033d30: 3a803ca0 3b803ca0 3ac03ca0 3bc03ca0 
00033d40: 3c003ca0 3d003ca0 3c403ca0 3d403ca0 
00033d50: 3e003ca0 3f003ca0 3e403ca0 3f403ca0 
00033d60: 3c803ca0 3d803ca0 3cc03ca0 3dc03ca0 
00033d70: 3e803ca0 3f803ca0 3ec03ca0 3fc03ca0 
00033d80: 38003da0 39003da0 38403da0 39403da0 
00033d90: 3a003da0 3b003da0 3a403da0 3b403da0 
00033da0: 38803da0 39803da0 38c03da0 39c03da0 
00033db0: 3a803da0 3b803da0 3ac03da0 3bc03da0 
00033dc0: 3c003da0 3d003da0 3c403da0 3d403da0 
00033dd0: 3e003da0 3f003da0 3e403da0 3f403da0 
00033de0: 3c803da0 3d803da0 3cc03da0 3dc03da0 
00033df0: 3e803da0 3f803da0 3ec03da0 3fc03da0 
00033e00: 30003ea0 31003ea0 30403ea0 31403ea0 
00033e10: 32003ea0 33003ea0 32403ea0 33403ea0 
00033e20: 30803ea0 31803ea0 30c03ea0 31c03ea0 
00033e30: 32803ea0 33803ea0 32c03ea0 33c03ea0 
00033e40: 34003ea0 35003ea0 34403ea0 35403ea0 
00033e50: 36003ea0 37003ea0 36403ea0 37403ea0 
00033e60: 34803ea0 35803ea0 34c03ea0 35c03ea0 
00033e70: 36803ea0 37803ea0 36c03ea0 37c03ea0 
00033e80: 30003fa0 31003fa0 30403fa0 31403fa0 
00033e90: 32003fa0 33003fa0 32403fa0 33403fa0 
00033ea0: 30803fa0 31803fa0 30c03fa0 31c03fa0 
00033eb0: 32803fa0 33803fa0 32c03fa0 33c03fa0 
00033ec0: 34003fa0 35003fa0 34403fa0 35403fa0 
00033ed0: 36003fa0 37003fa0 36403fa0 37403fa0 
00033ee0: 34803fa0 35803fa0 34c03fa0 35c03fa0 
00033ef0: 36803fa0 37803fa0 36c03fa0 37c03fa0 
00033f00: 38003ea0 39003ea0 38403ea0 39403ea0 
00033f10: 3a003ea0 3b003ea0 3a403ea0 3b403ea0 
00033f20: 38803ea0 39803ea0 38c03ea0 39c03ea0 
00033f30: 3a803ea0 3b803ea0 3ac03ea0 3bc03ea0 
00033f40: 3c003ea0 3d003ea0 3c403ea0 3d403ea0 
00033f50: 3e003ea0 3f003ea0 3e403ea0 3f403ea0 
00033f60: 3c803ea0 3d803ea0 3cc03ea0 3dc03ea0 
00033f70: 3e803ea0 3f803ea0 3ec03ea0 3fc03ea0 
00033f80: 38003fa0 39003fa0 38403fa0 39403fa0 
00033f90: 3a003fa0 3b003fa0 3a403fa0 3b403fa0 
00033fa0: 38803fa0 39803fa0 38c03fa0 39c03fa0 
00033fb0: 3a803fa0 3b803fa0 3ac03fa0 3bc03fa0 
00033fc0: 3c003fa0 3d003fa0 3c403fa0 3d403fa0 
00033fd0: 3e003fa0 3f003fa0 3e403fa0 3f403fa0 
00033fe0: 3c803fa0 3d803fa0 3cc03fa0 3dc03fa0 
00033ff0: 3e803fa0 3f803fa0 3ec03fa0 3fc03fa0 
00034000: 400030a0 410030a0 404030a0 414030a0 
00034010: 420030a0 430030a0 424030a0 434030a0 
00034020: 408030a0 418030a0 40c030a0 41c030a0 
00034030: 428030a0 438030a0 42c030a0 43c030a0 
00034040: 440030a0 450030a0 444030a0 454030a0 
00034050: 460030a0 470030a0 464030a0 474030a0 
00034060: 448030a0 458030a0 44c030a0 45c030a0 
00034070: 468030a0 478030a0 46c030a0 47c030a0 
00034080: 400031a0 410031a0 404031a0 414031a0 
00034090: 420031a0 430031a0 424031a0 434031a0 
000340a0: 408031a0 418031a0 40c031a0 41c031a0 
000340b0: 428031a0 438031a0 42c031a0 43c031a0 
000340c0: 440031a0 450031a0 444031a0 454031a0 
000340d0: 460031a0 470031a0 464031a0 474031a0 
000340e0: 448031a0 458031a0 44c031a0 45c031a0 
000340f0: 468031a0 478031a0 46c031a0 47c031a0 
00034100: 480030a0 490030a0 484030a0 494030a0 
00034110: 4a0030a0 4b0030a0 4a4030a0 4b4030a0 
00034120: 488030a0 498030a0 48c030a0 49c030a0 
00034130: 4a8030a0 4b8030a0 4ac030a0 4bc030a0 
00034140: 4c0030a0 4d0030a0 4c4030a0 4d4030a0 
00034150: 4e0030a0 4f0030a0 4e4030a0 4f4030a0 
00034160: 4c8030a0 4d8030a0 4cc030a0 4dc030a0 
00034170: 4e8030a0 4f8030a0 4ec030a0 4fc030a0 
00034180: 480031a0 490031a0 484031a0 494031a0 
00034190: 4a0031a0 4b0031a0 4a4031a0 4b4031a0 
000341a0: 488031a0 498031a0 48c031a0 49c031a0 
000341b0: 4a8031a0 4b8031a0 4ac031a0 4bc031a0 
000341c0: 4c0031a0 4d0031a0 4c4031a0 4d4031a0 
000341d0: 4e0031a0 4f0031a0 4e4031a0 4f4031a0 
000341e0: 4c8031a0 4d8031a0 4cc031a0 4dc031a0 
000341f0: 4e8031a0 4f8031a0 4ec031a0 4fc031a0 
00034200: 400032a0 410032a0 404032a0 414032a0 
00034210: 420032a0 430032a0 424032a0 434032a0 
00034220: 408032a0 418032a0 40c032a0 41c032a0 
00034230: 428032a0 438032a0 42c032a0 43c032a0 
00034240: 440032a0 450032a0 444032a0 454032a0 
00034250: 460032a0 470032a0 464032a0 474032a0 
00034260: 448032a0 458032a0 44c032a0 45c032a0 
00034270: 468032a0 478032a0 46c032a0 47c032a0 
00034280: 400033a0 410033a0 404033a0 414033a0 
00034290: 420033a0 430033a0 424033a0 434033a0 
000342a0: 408033a0 418033a0 40c033a0 41c033a0 
000342b0: 428033a0 438033a0 42c033a0 43c033a0 
000342c0: 440033a0 450033a0 444033a0 454033a0 
000342d0: 460033a0 470033a0 464033a0 474033a0 
000342e0: 448033a0 458033a0 44c033a0 45c033a0 
000342f0: 468033a0 478033a0 46c033a0 47c033a0 
00034300: 480032a0 490032a0 484032a0 494032a0 
00034310: 4a0032a0 4b0032a0 4a4032a0 4b4032a0 
00034320: 488032a0 498032a0 48c032a0 49c032a0 
00034330: 4a8032a0 4b8032a0 4ac032a0 4bc032a0 
00034340: 4c0032a0 4d0032a0 4c4032a0 4d4032a0 
00034350: 4e0032a0 4f0032a0 4e4032a0 4f4032a0 
00034360: 4c8032a0 4d8032a0 4cc032a0 4dc032a0 
00034370: 4e8032a0 4f8032a0 4ec032a0 4fc032a0 
00034380: 480033a0 490033a0 484033a0 494033a0 
00034390: 4a0033a0 4b0033a0 4a4033a0 4b4033a0 
000343a0: 488033a0 498033a0 48c033a0 49c033a0 
000343b0: 4a8033a0 4b8033a0 4ac033a0 4bc033a0 
000343c0: 4c0033a0 4d0033a0 4c4033a0 4d4033a0 
000343d0: 4e0033a0 4f0033a0 4e4033a0 4f4033a0 
000343e0: 4c8033a0 4d8033a0 4cc033a0 4dc033a0 
000343f0: 4e8033a0 4f8033a0 4ec033a0 4fc033a0 
00034400: 500030a0 510030a0 504030a0 514030a0 
00034410: 520030a0 530030a0 524030a0 534030a0 
00034420: 508030a0 518030a0 50c030a0 51c030a0 
00034430: 528030a0 538030a0 52c030a0 53c030a0 
00034440: 540030a0 550030a0 544030a0 554030a0 
00034450: 560030a0 570030a0 564030a0 574030a0 
00034460: 548030a0 558030a0 54c030a0 55c030a0 
00034470: 568030a0 578030a0 56c030a0 57c030a0 
00034480: 500031a0 510031a0 504031a0 514031a0 
00034490: 520031a0 530031a0 524031a0 534031a0 
000344a0: 508031a0 518031a0 50c031a0 51c031a0 
000344b0: 528031a0 538031a0 52c031a0 53c031a0 
000344c0: 540031a0 550031a0 544031a0 554031a0 
000344d0: 560031a0 570031a0 564031a0 574031a0 
000344e0: 548031a0 558031a0 54c031a0 55c031a0 
000344f0: 568031a0 578031a0 56c031a0 57c031a0 
00034500: 580030a0 590030a0 584030a0 594030a0 
00034510: 5a0030a0 5b0030a0 5a4030a0 5b4030a0 
00034520: 588030a0 598030a0 58c030a0 59c030a0 
00034530: 5a8030a0 5b8030a0 5ac030a0 5bc030a0 
00034540: 5c0030a0 5d0030a0 5c4030a0 5d4030a0 
00034550: 5e0030a0 5f0030a0 5e4030a0 5f4030a0 
00034560: 5c8030a0 5d8030a0 5cc030a0 5dc030a0 
00034570: 5e8030a0 5f8030a0 5ec030a0 5fc030a0 
00034580: 580031a0 590031a0 584031a0 594031a0 
00034590: 5a0031a0 5b0031a0 5a4031a0 5b4031a0 
000345a0: 588031a0 598031a0 58c031a0 59c031a0 
000345b0: 5a8031a0 5b8031a0 5ac031a0 5bc031a0 
000345c0: 5c0031a0 5d0031a0 5c4031a0 5d4031a0 
000345d0: 5e0031a0 5f0031a0 5e4031a0 5f4031a0 
000345e0: 5c8031a0 5d8031a0 5cc031a0 5dc031a0 
000345f0: 5e8031a0 5f8031a0 5ec031a0 5fc031a0 
00034600: 500032a0 510032a0 504032a0 514032a0 
00034610: 520032a0 530032a0 524032a0 534032a0 
00034620: 508032a0 518032a0 50c032a0 51c032a0 
00034630: 528032a0 538032a0 52c032a0 53c032a0 
00034640: 540032a0 550032a0 544032a0 554032a0 
00034650: 560032a0 570032a0 564032a0 574032a0 
00034660: 548032a0 558032a0 54c032a0 55c032a0 
00034670: 568032a0 578032a0 56c032a0 57c032a0 
00034680: 500033a0 510033a0 504033a0 514033a0 
00034690: 520033a0 530033a0 524033a0 534033a0 
000346a0: 508033a0 518033a0 50c033a0 51c033a0 
000346b0: 528033a0 538033a0 52c033a0 53c033a0 
000346c0: 540033a0 550033a0 544033a0 554033a0 
000346d0: 560033a0 570033a0 564033a0 574033a0 
000346e0: 548033a0 558033a0 54c033a0 55c033a0 
000346f0: 568033a0 578033a0 56c033a0 57c033a0 
00034700: 580032a0 590032a0 584032a0 594032a0 
00034710: 5a0032a0 5b0032a0 5a4032a0 5b4032a0 
00034720: 588032a0 598032a0 58c032a0 59c032a0 
00034730: 5a8032a0 5b8032a0 5ac032a0 5bc032a0 
00034740: 5c0032a0 5d0032a0 5c4032a0 5d4032a0 
00034750: 5e0032a0 5f0032a0 5e4032a0 5f4032a0 
00034760: 5c8032a0 5d8032a0 5cc032a0 5dc032a0 
00034770: 5e8032a0 5f8032a0 5ec032a0 5fc032a0 
00034780: 580033a0 590033a0 584033a0 594033a0 
00034790: 5a0033a0 5b0033a0 5a4033a0 5b4033a0 
000347a0: 588033a0 598033a0 58c033a0 59c033a0 
000347b0: 5a8033a0 5b8033a0 5ac033a0 5bc033a0 
000347c0: 5c0033a0 5d0033a0 5c4033a0 5d4033a0 
000347d0: 5e0033a0 5f0033a0 5e4033a0 5f4033a0 
000347e0: 5c8033a0 5d8033a0 5cc033a0 5dc033a0 
000347f0: 5e8033a0 5f8033a0 5ec033a0 5fc033a0 
00034800: 400034a0 410034a0 404034a0 414034a0 
00034810: 420034a0 430034a0 424034a0 434034a0 
00034820: 408034a0 418034a0 40c034a0 41c034a0 
00034830: 428034a0 438034a0 42c034a0 43c034a0 
00034840: 440034a0 450034a0 444034a0 454034a0 
00034850: 460034a0 470034a0 464034a0 474034a0 
00034860: 448034a0 458034a0 44c034a0 45c034a0 
00034870: 468034a0 478034a0 46c034a0 47c034a0 
00034880: 400035a0 410035a0 404035a0 414035a0 
00034890: 420035a0 430035a0 424035a0 434035a0 
000348a0: 408035a0 418035a0 40c035a0 41c035a0 
000348b0: 428035a0 438035a0 42c035a0 43c035a0 
000348c0: 440035a0 450035a0 444035a0 454035a0 
000348d0: 460035a0 470035a0 464035a0 474035a0 
000348e0: 448035a0 458035a0 44c035a0 45c035a0 
000348f0: 468035a0 478035a0 46c035a0 47c035a0 
00034900: 480034a0 490034a0 484034a0 494034a0 
00034910: 4a0034a0 4b0034a0 4a4034a0 4b4034a0 
00034920: 488034a0 498034a0 48c034a0 49c034a0 
00034930: 4a8034a0 4b8034a0 4ac034a0 4bc034a0 
00034940: 4c0034a0 4d0034a0 4c4034a0 4d4034a0 
00034950: 4e0034a0 4f0034a0 4e4034a0 4f4034a0 
00034960: 4c8034a0 4d8034a0 4cc034a0 4dc034a0 
00034970: 4e8034a0 4f8034a0 4ec034a0 4fc034a0 
00034980: 480035a0 490035a0 484035a0 494035a0 
00034990: 4a0035a0 4b0035a0 4a4035a0 4b4035a0 
000349a0: 488035a0 498035a0 48c035a0 49c035a0 
000349b0: 4a8035a0 4b8035a0 4ac035a0 4bc035a0 
000349c0: 4c0035a0 4d0035a0 4c4035a0 4d4035a0 
000349d0: 4e0035a0 4f0035a0 4e4035a0 4f4035a0 
000349e0: 4c8035a0 4d8035a0 4cc035a0 4dc035a0 
000349f0: 4e8035a0 4f8035a0 4ec035a0 4fc035a0 
00034a00: 400036a0 410036a0 404036a0 414036a0 
00034a10: 420036a0 430036a0 424036a0 434036a0 
00034a20: 408036a0 418036a0 40c036a0 41c036a0 
00034a30: 428036a0 438036a0 42c036a0 43c036a0 
00034a40: 440036a0 450036a0 444036a0 454036a0 
00034a50: 460036a0 470036a0 464036a0 474036a0 
00034a60: 448036a0 458036a0 44c036a0 45c036a0 
00034a70: 468036a0 478036a0 46c036a0 47c036a0 
00034a80: 400037a0 410037a0 404037a0 414037a0 
00034a90: 420037a0 430037a0 424037a0 434037a0 
00034aa0: 408037a0 418037a0 40c037a0 41c037a0 
00034ab0: 428037a0 438037a0 42c037a0 43c037a0 
00034ac0: 440037a0 450037a0 444037a0 454037a0 
00034ad0: 460037a0 470037a0 464037a0 474037a0 
00034ae0: 448037a0 458037a0 44c037a0 45c037a0 
00034af0: 468037a0 478037a0 46c037a0 47c037a0 
00034b00: 480036a0 490036a0 484036a0 494036a0 
00034b10: 4a0036a0 4b0036a0 4a4036a0 4b4036a0 
00034b20: 488036a0 498036a0 48c036a0 49c036a0 
00034b30: 4a8036a0 4b8036a0 4ac036a0 4bc036a0 
00034b40: 4c0036a0 4d0036a0 4c4036a0 4d4036a0 
00034b50: 4e0036a0 4f0036a0 4e4036a0 4f4036a0 
00034b60: 4c8036a0 4d8036a0 4cc036a0 4dc036a0 
00034b70: 4e8036a0 4f8036a0 4ec036a0 4fc036a0 
00034b80: 480037a0 490037a0 484037a0 494037a0 
00034b90: 4a0037a0 4b0037a0 4a4037a0 4b4037a0 
00034ba0: 488037a0 498037a0 48c037a0 49c037a0 
00034bb0: 4a8037a0 4b8037a0 4ac037a0 4bc037a0 
00034bc0: 4c0037a0 4d0037a0 4c4037a0 4d4037a0 
00034bd0: 4e0037a0 4f0037a0 4e4037a0 4f4037a0 
00034be0: 4c8037a0 4d8037a0 4cc037a0 4dc037a0 
00034bf0: 4e8037a0 4f8037a0 4ec037a0 4fc037a0 
00034c00: 500034a0 510034a0 504034a0 514034a0 
00034c10: 520034a0 530034a0 524034a0 534034a0 
00034c20: 508034a0 518034a0 50c034a0 51c034a0 
00034c30: 528034a0 538034a0 52c034a0 53c034a0 
00034c40: 540034a0 550034a0 544034a0 554034a0 
00034c50: 560034a0 570034a0 564034a0 574034a0 
00034c60: 548034a0 558034a0 54c034a0 55c034a0 
00034c70: 568034a0 578034a0 56c034a0 57c034a0 
00034c80: 500035a0 510035a0 504035a0 514035a0 
00034c90: 520035a0 530035a0 524035a0 534035a0 
00034ca0: 508035a0 518035a0 50c035a0 51c035a0 
00034cb0: 528035a0 538035a0 52c035a0 53c035a0 
00034cc0: 540035a0 550035a0 544035a0 554035a0 
00034cd0: 560035a0 570035a0 564035a0 574035a0 
00034ce0: 548035a0 558035a0 54c035a0 55c035a0 
00034cf0: 568035a0 578035a0 56c035a0 57c035a0 
00034d00: 580034a0 590034a0 584034a0 594034a0 
00034d10: 5a0034a0 5b0034a0 5a4034a0 5b4034a0 
00034d20: 588034a0 598034a0 58c034a0 59c034a0 
00034d30: 5a8034a0 5b8034a0 5ac034a0 5bc034a0 
00034d40: 5c0034a0 5d0034a0 5c4034a0 5d4034a0 
00034d50: 5e0034a0 5f0034a0 5e4034a0 5f4034a0 
00034d60: 5c8034a0 5d8034a0 5cc034a0 5dc034a0 
00034d70: 5e8034a0 5f8034a0 5ec034a0 5fc034a0 
00034d80: 580035a0 590035a0 584035a0 594035a0 
00034d90: 5a0035a0 5b0035a0 5a4035a0 5b4035a0 
00034da0: 588035a0 598035a0 58c035a0 59c035a0 
00034db0: 5a8035a0 5b8035a0 5ac035a0 5bc035a0 
00034dc0: 5c0035a0 5d0035a0 5c4035a0 5d4035a0 
00034dd0: 5e0035a0 5f0035a0 5e4035a0 5f4035a0 
00034de0: 5c8035a0 5d8035a0 5cc035a0 5dc035a0 
00034df0: 5e8035a0 5f8035a0 5ec035a0 5fc035a0 
00034e00: 500036a0 510036a0 504036a0 514036a0 
00034e10: 520036a0 530036a0 524036a0 534036a0 
00034e20: 508036a0 518036a0 50c036a0 51c036a0 
00034e30: 528036a0 538036a0 52c036a0 53c036a0 
00034e40: 540036a0 550036a0 544036a0 554036a0 
00034e50: 560036a0 570036a0 564036a0 574036a0 
00034e60: 548036a0 558036a0 54c036a0 55c036a0 
00034e70: 568036a0 578036a0 56c036a0 57c036a0 
00034e80: 500037a0 510037a0 504037a0 514037a0 
00034e90: 520037a0 530037a0 524037a0 534037a0 
00034ea0: 508037a0 518037a0 50c037a0 51c037a0 
00034eb0: 528037a0 538037a0 52c037a0 53c037a0 
00034ec0: 540037a0 550037a0 544037a0 554037a0 
00034ed0: 560037a0 570037a0 564037a0 574037a0 
00034ee0: 548037a0 558037a0 54c037a0 55c037a0 
00034ef0: 568037a0 578037a0 56c037a0 57c037a0 
00034f00: 580036a0 590036a0 584036a0 594036a0 
00034f10: 5a0036a0 5b0036a0 5a4036a0 5b4036a0 
00034f20: 588036a0 598036a0 58c036a0 59c036a0 
00034f30: 5a8036a0 5b8036a0 5ac036a0 5bc036a0 
00034f40: 5c0036a0 5d0036a0 5c4036a0 5d4036a0 
00034f50: 5e0036a0 5f0036a0 5e4036a0 5f4036a0 
00034f60: 5c8036a0 5d8036a0 5cc036a0 5dc036a0 
00034f70: 5e8036a0 5f8036a0 5ec036a0 5fc036a0 
00034f80: 580037a0 590037a0 584037a0 594037a0 
00034f90: 5a0037a0 5b0037a0 5a4037a0 5b4037a0 
00034fa0: 588037a0 598037a0 58c037a0 59c037a0 
00034fb0: 5a8037a0 5b8037a0 5ac037a0 5bc037a0 
00034fc0: 5c0037a0 5d0037a0 5c4037a0 5d4037a0 
00034fd0: 5e0037a0 5f0037a0 5e4037a0 5f4037a0 
00034fe0: 5c8037a0 5d8037a0 5cc037a0 5dc037a0 
00034ff0: 5e8037a0 5f8037a0 5ec037a0 5fc037a0 
00035000: 600030a0 610030a0 604030a0 614030a0 
00035010: 620030a0 630030a0 624030a0 634030a0 
00035020: 608030a0 618030a0 60c030a0 61c030a0 
00035030: 628030a0 638030a0 62c030a0 63c030a0 
00035040: 640030a0 650030a0 644030a0 654030a0 
00035050: 660030a0 670030a0 664030a0 674030a0 
00035060: 648030a0 658030a0 64c030a0 65c030a0 
00035070: 668030a0 678030a0 66c030a0 67c030a0 
00035080: 600031a0 610031a0 604031a0 614031a0 
00035090: 620031a0 630031a0 624031a0 634031a0 
000350a0: 608031a0 618031a0 60c031a0 61c031a0 
000350b0: 628031a0 638031a0 62c031a0 63c031a0 
000350c0: 640031a0 650031a0 644031a0 654031a0 
000350d0: 660031a0 670031a0 664031a0 674031a0 
000350e0: 648031a0 658031a0 64c031a0 65c031a0 
000350f0: 668031a0 678031a0 66c031a0 67c031a0 
00035100: 680030a0 690030a0 684030a0 694030a0 
00035110: 6a0030a0 6b0030a0 6a4030a0 6b4030a0 
00035120: 688030a0 698030a0 68c030a0 69c030a0 
00035130: 6a8030a0 6b8030a0 6ac030a0 6bc030a0 
00035140: 6c0030a0 6d0030a0 6c4030a0 6d4030a0 
00035150: 6e0030a0 6f0030a0 6e4030a0 6f4030a0 
00035160: 6c8030a0 6d8030a0 6cc030a0 6dc030a0 
00035170: 6e8030a0 6f8030a0 6ec030a0 6fc030a0 
00035180: 680031a0 690031a0 684031a0 694031a0 
00035190: 6a0031a0 6b0031a0 6a4031a0 6b4031a0 
000351a0: 688031a0 698031a0 68c031a0 69c031a0 
000351b0: 6a8031a0 6b8031a0 6ac031a0 6bc031a0 
000351c0: 6c0031a0 6d0031a0 6c4031a0 6d4031a0 
000351d0: 6e0031a0 6f0031a0 6e4031a0 6f4031a0 
000351e0: 6c8031a0 6d8031a0 6cc031a0 6dc031a0 
000351f0: 6e8031a0 6f8031a0 6ec031a0 6fc031a0 
00035200: 600032a0 610032a0 604032a0 614032a0 
00035210: 620032a0 630032a0 624032a0 634032a0 
00035220: 608032a0 618032a0 60c032a0 61c032a0 
00035230: 628032a0 638032a0 62c032a0 63c032a0 
00035240: 640032a0 650032a0 644032a0 654032a0 
00035250: 660032a0 670032a0 664032a0 674032a0 
00035260: 648032a0 658032a0 64c032a0 65c032a0 
00035270: 668032a0 678032a0 66c032a0 67c032a0 
00035280: 600033a0 610033a0 604033a0 614033a0 
00035290: 620033a0 630033a0 624033a0 634033a0 
000352a0: 608033a0 618033a0 60c033a0 61c033a0 
000352b0: 628033a0 638033a0 62c033a0 63c033a0 
000352c0: 640033a0 650033a0 644033a0 654033a0 
000352d0: 660033a0 670033a0 664033a0 674033a0 
000352e0: 648033a0 658033a0 64c033a0 65c033a0 
000352f0: 668033a0 678033a0 66c033a0 67c033a0 
00035300: 680032a0 690032a0 684032a0 694032a0 
00035310: 6a0032a0 6b0032a0 6a4032a0 6b4032a0 
00035320: 688032a0 698032a0 68c032a0 69c032a0 
00035330: 6a8032a0 6b8032a0 6ac032a0 6bc032a0 
00035340: 6c0032a0 6d0032a0 6c4032a0 6d4032a0 
00035350: 6e0032a0 6f0032a0 6e4032a0 6f4032a0 
00035360: 6c8032a0 6d8032a0 6cc032a0 6dc032a0 
00035370: 6e8032a0 6f8032a0 6ec032a0 6fc032a0 
00035380: 680033a0 690033a0 684033a0 694033a0 
00035390: 6a0033a0 6b0033a0 6a4033a0 6b4033a0 
000353a0: 688033a0 698033a0 68c033a0 69c033a0 
000353b0: 6a8033a0 6b8033a0 6ac033a0 6bc033a0 
000353c0: 6c0033a0 6d0033a0 6c4033a0 6d4033a0 
000353d0: 6e0033a0 6f0033a0 6e4033a0 6f4033a0 
000353e0: 6c8033a0 6d8033a0 6cc033a0 6dc033a0 
000353f0: 6e8033a0 6f8033a0 6ec033a0 6fc033a0 
00035400: 700030a0 710030a0 704030a0 714030a0 
00035410: 720030a0 730030a0 724030a0 734030a0 
00035420: 708030a0 718030a0 70c030a0 71c030a0 
00035430: 728030a0 738030a0 72c030a0 73c030a0 
00035440: 740030a0 750030a0 744030a0 754030a0 
00035450: 760030a0 770030a0 764030a0 774030a0 
00035460: 748030a0 758030a0 74c030a0 75c030a0 
00035470: 768030a0 778030a0 76c030a0 77c030a0 
00035480: 700031a0 710031a0 704031a0 714031a0 
00035490: 720031a0 730031a0 724031a0 734031a0 
000354a0: 708031a0 718031a0 70c031a0 71c031a0 
000354b0: 728031a0 738031a0 72c031a0 73c031a0 
000354c0: 740031a0 750031a0 744031a0 754031a0 
000354d0: 760031a0 770031a0 764031a0 774031a0 
000354e0: 748031a0 758031a0 74c031a0 75c031a0 
000354f0: 768031a0 778031a0 76c031a0 77c031a0 
00035500: 780030a0 790030a0 784030a0 794030a0 
00035510: 7a0030a0 7b0030a0 7a4030a0 7b4030a0 
00035520: 788030a0 798030a0 78c030a0 79c030a0 
00035530: 7a8030a0 7b8030a0 7ac030a0 7bc030a0 
00035540: 7c0030a0 7d0030a0 7c4030a0 7d4030a0 
00035550: 7e0030a0 7f0030a0 7e4030a0 7f4030a0 
00035560: 7c8030a0 7d8030a0 7cc030a0 7dc030a0 
00035570: 7e8030a0 7f8030a0 7ec030a0 7fc030a0 
00035580: 780031a0 790031a0 784031a0 794031a0 
00035590: 7a0031a0 7b0031a0 7a4031a0 7b4031a0 
000355a0: 788031a0 798031a0 78c031a0 79c031a0 
000355b0: 7a8031a0 7b8031a0 7ac031a0 7bc031a0 
000355c0: 7c0031a0 7d0031a0 7c4031a0 7d4031a0 
000355d0: 7e0031a0 7f0031a0 7e4031a0 7f4031a0 
000355e0: 7c8031a0 7d8031a0 7cc031a0 7dc031a0 
000355f0: 7e8031a0 7f8031a0 7ec031a0 7fc031a0 
00035600: 700032a0 710032a0 704032a0 714032a0 
00035610: 720032a0 730032a0 724032a0 734032a0 
00035620: 708032a0 718032a0 70c032a0 71c032a0 
00035630: 728032a0 738032a0 72c032a0 73c032a0 
00035640: 740032a0 750032a0 744032a0 754032a0 
00035650: 760032a0 770032a0 764032a0 774032a0 
00035660: 748032a0 758032a0 74c032a0 75c032a0 
00035670: 768032a0 778032a0 76c032a0 77c032a0 
00035680: 700033a0 710033a0 704033a0 714033a0 
00035690: 720033a0 730033a0 724033a0 734033a0 
000356a0: 708033a0 718033a0 70c033a0 71c033a0 
000356b0: 728033a0 738033a0 72c033a0 73c033a0 
000356c0: 740033a0 750033a0 744033a0 754033a0 
000356d0: 760033a0 770033a0 764033a0 774033a0 
000356e0: 748033a0 758033a0 74c033a0 75c033a0 
000356f0: 768033a0 778033a0 76c033a0 77c033a0 
00035700: 780032a0 790032a0 784032a0 794032a0 
00035710: 7a0032a0 7b0032a0 7a4032a0 7b4032a0 
00035720: 788032a0 798032a0 78c032a0 79c032a0 
00035730: 7a8032a0 7b8032a0 7ac032a0 7bc032a0 
00035740: 7c0032a0 7d0032a0 7c4032a0 7d4032a0 
00035750: 7e0032a0 7f0032a0 7e4032a0 7f4032a0 
00035760: 7c8032a0 7d8032a0 7cc032a0 7dc032a0 
00035770: 7e8032a0 7f8032a0 7ec032a0 7fc032a0 
00035780: 780033a0 790033a0 784033a0 794033a0 
00035790: 7a0033a0 7b0033a0 7a4033a0 7b4033a0 
000357a0: 788033a0 798033a0 78c033a0 79c033a0 
000357b0: 7a8033a0 7b8033a0 7ac033a0 7bc033a0 
000357c0: 7c0033a0 7d0033a0 7c4033a0 7d4033a0 
000357d0: 7e0033a0 7f0033a0 7e4033a0 7f4033a0 
000357e0: 7c8033a0 7d8033a0 7cc033a0 7dc033a0 
000357f0: 7e8033a0 7f8033a0 7ec033a0 7fc033a0 
00035800: 600034a0 610034a0 604034a0 614034a0 
00035810: 620034a0 630034a0 624034a0 634034a0 
00035820: 608034a0 618034a0 60c034a0 61c034a0 
00035830: 628034a0 638034a0 62c034a0 63c034a0 
00035840: 640034a0 650034a0 644034a0 654034a0 
00035850: 660034a0 670034a0 664034a0 674034a0 
00035860: 648034a0 658034a0 64c034a0 65c034a0 
00035870: 668034a0 678034a0 66c034a0 67c034a0 
00035880: 600035a0 610035a0 604035a0 614035a0 
00035890: 620035a0 630035a0 624035a0 634035a0 
000358a0: 608035a0 618035a0 60c035a0 61c035a0 
000358b0: 628035a0 638035a0 62c035a0 63c035a0 
000358c0: 640035a0 650035a0 644035a0 654035a0 
000358d0: 660035a0 670035a0 664035a0 674035a0 
000358e0: 648035a0 658035a0 64c035a0 65c035a0 
000358f0: 668035a0 678035a0 66c035a0 67c035a0 
00035900: 680034a0 690034a0 684034a0 694034a0 
00035910: 6a0034a0 6b0034a0 6a4034a0 6b4034a0 
00035920: 688034a0 698034a0 68c034a0 69c034a0 
00035930: 6a8034a0 6b8034a0 6ac034a0 6bc034a0 
00035940: 6c0034a0 6d0034a0 6c4034a0 6d4034a0 
00035950: 6e0034a0 6f0034a0 6e4034a0 6f4034a0 
00035960: 6c8034a0 6d8034a0 6cc034a0 6dc034a0 
00035970: 6e8034a0 6f8034a0 6ec034a0 6fc034a0 
00035980: 680035a0 690035a0 684035a0 694035a0 
00035990: 6a0035a0 6b0035a0 6a4035a0 6b4035a0 
000359a0: 688035a0 698035a0 68c035a0 69c035a0 
000359b0: 6a8035a0 6b8035a0 6ac035a0 6bc035a0 
000359c0: 6c0035a0 6d0035a0 6c4035a0 6d4035a0 
000359d0: 6e0035a0 6f0035a0 6e4035a0 6f4035a0 
000359e0: 6c8035a0 6d8035a0 6cc035a0 6dc035a0 
000359f0: 6e8035a0 6f8035a0 6ec035a0 6fc035a0 
00035a00: 600036a0 610036a0 604036a0 614036a0 
00035a10: 620036a0 630036a0 624036a0 634036a0 
00035a20: 608036a0 618036a0 60c036a0 61c036a0 
00035a30: 628036a0 638036a0 62c036a0 63c036a0 
00035a40: 640036a0 650036a0 644036a0 654036a0 
00035a50: 660036a0 670036a0 664036a0 674036a0 
00035a60: 648036a0 658036a0 64c036a0 65c036a0 
00035a70: 668036a0 678036a0 66c036a0 67c036a0 
00035a80: 600037a0 610037a0 604037a0 614037a0 
00035a90: 620037a0 630037a0 624037a0 634037a0 
00035aa0: 608037a0 618037a0 60c037a0 61c037a0 
00035ab0: 628037a0 638037a0 62c037a0 63c037a0 
00035ac0: 640037a0 650037a0 644037a0 654037a0 
00035ad0: 660037a0 670037a0 664037a0 674037a0 
00035ae0: 648037a0 658037a0 64c037a0 65c037a0 
00035af0: 668037a0 678037a0 66c037a0 67c037a0 
00035b00: 680036a0 690036a0 684036a0 694036a0 
00035b10: 6a0036a0 6b0036a0 6a4036a0 6b4036a0 
00035b20: 688036a0 698036a0 68c036a0 69c036a0 
00035b30: 6a8036a0 6b8036a0 6ac036a0 6bc036a0 
00035b40: 6c0036a0 6d0036a0 6c4036a0 6d4036a0 
00035b50: 6e0036a0 6f0036a0 6e4036a0 6f4036a0 
00035b60: 6c8036a0 6d8036a0 6cc036a0 6dc036a0 
00035b70: 6e8036a0 6f8036a0 6ec036a0 6fc036a0 
00035b80: 680037a0 690037a0 684037a0 694037a0 
00035b90: 6a0037a0 6b0037a0 6a4037a0 6b4037a0 
00035ba0: 688037a0 698037a0 68c037a0 69c037a0 
00035bb0: 6a8037a0 6b8037a0 6ac037a0 6bc037a0 
00035bc0: 6c0037a0 6d0037a0 6c4037a0 6d4037a0 
00035bd0: 6e0037a0 6f0037a0 6e4037a0 6f4037a0 
00035be0: 6c8037a0 6d8037a0 6cc037a0 6dc037a0 
00035bf0: 6e8037a0 6f8037a0 6ec037a0 6fc037a0 
00035c00: 700034a0 710034a0 704034a0 714034a0 
00035c10: 720034a0 730034a0 724034a0 734034a0 
00035c20: 708034a0 718034a0 70c034a0 71c034a0 
00035c30: 728034a0 738034a0 72c034a0 73c034a0 
00035c40: 740034a0 750034a0 744034a0 754034a0 
00035c50: 760034a0 770034a0 764034a0 774034a0 
00035c60: 748034a0 758034a0 74c034a0 75c034a0 
00035c70: 768034a0 778034a0 76c034a0 77c034a0 
00035c80: 700035a0 710035a0 704035a0 714035a0 
00035c90: 720035a0 730035a0 724035a0 734035a0 
00035ca0: 708035a0 718035a0 70c035a0 71c035a0 
00035cb0: 728035a0 738035a0 72c035a0 73c035a0 
00035cc0: 740035a0 750035a0 744035a0 754035a0 
00035cd0: 760035a0 770035a0 764035a0 774035a0 
00035ce0: 748035a0 758035a0 74c035a0 75c035a0 
00035cf0: 768035a0 778035a0 76c035a0 77c035a0 
00035d00: 780034a0 790034a0 784034a0 794034a0 
00035d10: 7a0034a0 7b0034a0 7a4034a0 7b4034a0 
00035d20: 788034a0 798034a0 78c034a0 79c034a0 
00035d30: 7a8034a0 7b8034a0 7ac034a0 7bc034a0 
00035d40: 7c0034a0 7d0034a0 7c4034a0 7d4034a0 
00035d50: 7e0034a0 7f0034a0 7e4034a0 7f4034a0 
00035d60: 7c8034a0 7d8034a0 7cc034a0 7dc034a0 
00035d70: 7e8034a0 7f8034a0 7ec034a0 7fc034a0 
00035d80: 780035a0 790035a0 784035a0 794035a0 
00035d90: 7a0035a0 7b0035a0 7a4035a0 7b4035a0 
00035da0: 788035a0 798035a0 78c035a0 79c035a0 
00035db0: 7a8035a0 7b8035a0 7ac035a0 7bc035a0 
00035dc0: 7c0035a0 7d0035a0 7c4035a0 7d4035a0 
00035dd0: 7e0035a0 7f0035a0 7e4035a0 7f4035a0 
00035de0: 7c8035a0 7d8035a0 7cc035a0 7dc035a0 
00035df0: 7e8035a0 7f8035a0 7ec035a0 7fc035a0 
00035e00: 700036a0 710036a0 704036a0 714036a0 
00035e10: 720036a0 730036a0 724036a0 734036a0 
00035e20: 708036a0 718036a0 70c036a0 71c036a0 
00035e30: 728036a0 738036a0 72c036a0 73c036a0 
00035e40: 740036a0 750036a0 744036a0 754036a0 
00035e50: 760036a0 770036a0 764036a0 774036a0 
00035e60: 748036a0 758036a0 74c036a0 75c036a0 
00035e70: 768036a0 778036a0 76c036a0 77c036a0 
00035e80: 700037a0 710037a0 704037a0 714037a0 
00035e90: 720037a0 730037a0 724037a0 734037a0 
00035ea0: 708037a0 718037a0 70c037a0 71c037a0 
00035eb0: 728037a0 738037a0 72c037a0 73c037a0 
00035ec0: 740037a0 750037a0 744037a0 754037a0 
00035ed0: 760037a0 770037a0 764037a0 774037a0 
00035ee0: 748037a0 758037a0 74c037a0 75c037a0 
00035ef0: 768037a0 778037a0 76c037a0 77c037a0 
00035f00: 780036a0 790036a0 784036a0 794036a0 
00035f10: 7a0036a0 7b0036a0 7a4036a0 7b4036a0 
00035f20: 788036a0 798036a0 78c036a0 79c036a0 
00035f30: 7a8036a0 7b8036a0 7ac036a0 7bc036a0 
00035f40: 7c0036a0 7d0036a0 7c4036a0 7d4036a0 
00035f50: 7e0036a0 7f0036a0 7e4036a0 7f4036a0 
00035f60: 7c8036a0 7d8036a0 7cc036a0 7dc036a0 
00035f70: 7e8036a0 7f8036a0 7ec036a0 7fc036a0 
00035f80: 780037a0 790037a0 784037a0 794037a0 
00035f90: 7a0037a0 7b0037a0 7a4037a0 7b4037a0 
00035fa0: 788037a0 798037a0 78c037a0 79c037a0 
00035fb0: 7a8037a0 7b8037a0 7ac037a0 7bc037a0 
00035fc0: 7c0037a0 7d0037a0 7c4037a0 7d4037a0 
00035fd0: 7e0037a0 7f0037a0 7e4037a0 7f4037a0 
00035fe0: 7c8037a0 7d8037a0 7cc037a0 7dc037a0 
00035ff0: 7e8037a0 7f8037a0 7ec037a0 7fc037a0 
00036000: 400038a0 410038a0 404038a0 414038a0 
00036010: 420038a0 430038a0 424038a0 434038a0 
00036020: 408038a0 418038a0 40c038a0 41c038a0 
00036030: 428038a0 438038a0 42c038a0 43c038a0 
00036040: 440038a0 450038a0 444038a0 454038a0 
00036050: 460038a0 470038a0 464038a0 474038a0 
00036060: 448038a0 458038a0 44c038a0 45c038a0 
00036070: 468038a0 478038a0 46c038a0 47c038a0 
00036080: 400039a0 410039a0 404039a0 414039a0 
00036090: 420039a0 430039a0 424039a0 434039a0 
000360a0: 408039a0 418039a0 40c039a0 41c039a0 
000360b0: 428039a0 438039a0 42c039a0 43c039a0 
000360c0: 440039a0 450039a0 444039a0 454039a0 
000360d0: 460039a0 470039a0 464039a0 474039a0 
000360e0: 448039a0 458039a0 44c039a0 45c039a0 
000360f0: 468039a0 478039a0 46c039a0 47c039a0 
00036100: 480038a0 490038a0 484038a0 494038a0 
00036110: 4a0038a0 4b0038a0 4a4038a0 4b4038a0 
00036120: 488038a0 498038a0 48c038a0 49c038a0 
00036130: 4a8038a0 4b8038a0 4ac038a0 4bc038a0 
00036140: 4c0038a0 4d0038a0 4c4038a0 4d4038a0 
00036150: 4e0038a0 4f0038a0 4e4038a0 4f4038a0 
00036160: 4c8038a0 4d8038a0 4cc038a0 4dc038a0 
00036170: 4e8038a0 4f8038a0 4ec038a0 4fc038a0 
00036180: 480039a0 490039a0 484039a0 494039a0 
00036190: 4a0039a0 4b0039a0 4a4039a0 4b4039a0 
000361a0: 488039a0 498039a0 48c039a0 49c039a0 
000361b0: 4a8039a0 4b8039a0 4ac039a0 4bc039a0 
000361c0: 4c0039a0 4d0039a0 4c4039a0 4d4039a0 
000361d0: 4e0039a0 4f0039a0 4e4039a0 4f4039a0 
000361e0: 4c8039a0 4d8039a0 4cc039a0 4dc039a0 
000361f0: 4e8039a0 4f8039a0 4ec039a0 4fc039a0 
00036200: 40003aa0 41003aa0 40403aa0 41403aa0 
00036210: 42003aa0 43003aa0 42403aa0 43403aa0 
00036220: 40803aa0 41803aa0 40c03aa0 41c03aa0 
00036230: 42803aa0 43803aa0 42c03aa0 43c03aa0 
00036240: 44003aa0 45003aa0 44403aa0 45403aa0 
00036250: 46003aa0 47003aa0 46403aa0 47403aa0 
00036260: 44803aa0 45803aa0 44c03aa0 45c03aa0 
00036270: 46803aa0 47803aa0 46c03aa0 47c03aa0 
00036280: 40003ba0 41003ba0 40403ba0 41403ba0 
00036290: 42003ba0 43003ba0 42403ba0 43403ba0 
000362a0: 40803ba0 41803ba0 40c03ba0 41c03ba0 
000362b0: 42803ba0 43803ba0 42c03ba0 43c03ba0 
000362c0: 44003ba0 45003ba0 44403ba0 45403ba0 
000362d0: 46003ba0 47003ba0 46403ba0 47403ba0 
000362e0: 44803ba0 45803ba0 44c03ba0 45c03ba0 
000362f0: 46803ba0 47803ba0 46c03ba0 47c03ba0 
00036300: 48003aa0 49003aa0 48403aa0 49403aa0 
00036310: 4a003aa0 4b003aa0 4a403aa0 4b403aa0 
00036320: 48803aa0 49803aa0 48c03aa0 49c03aa0 
00036330: 4a803aa0 4b803aa0 4ac03aa0 4bc03aa0 
00036340: 4c003aa0 4d003aa0 4c403aa0 4d403aa0 
00036350: 4e003aa0 4f003aa0 4e403aa0 4f403aa0 
00036360: 4c803aa0 4d803aa0 4cc03aa0 4dc03aa0 
00036370: 4e803aa0 4f803aa0 4ec03aa0 4fc03aa0 
00036380: 48003ba0 49003ba0 48403ba0 49403ba0 
00036390: 4a003ba0 4b003ba0 4a403ba0 4b403ba0 
000363a0: 48803ba0 49803ba0 48c03ba0 49c03ba0 
000363b0: 4a803ba0 4b803ba0 4ac03ba0 4bc03ba0 
000363c0: 4c003ba0 4d003ba0 4c403ba0 4d403ba0 
000363d0: 4e003ba0 4f003ba0 4e403ba0 4f403ba0 
000363e0: 4c803ba0 4d803ba0 4cc03ba0 4dc03ba0 
000363f0: 4e803ba0 4f803ba0 4ec03ba0 4fc03ba0 
00036400: 500038a0 510038a0 504038a0 514038a0 
00036410: 520038a0 530038a0 524038a0 534038a0 
00036420: 508038a0 518038a0 50c038a0 51c038a0 
00036430: 528038a0 538038a0 52c038a0 53c038a0 
00036440: 540038a0 550038a0 544038a0 554038a0 
00036450: 560038a0 570038a0 564038a0 574038a0 
00036460: 548038a0 558038a0 54c038a0 55c038a0 
00036470: 568038a0 578038a0 56c038a0 57c038a0 
00036480: 500039a0 510039a0 504039a0 514039a0 
00036490: 520039a0 530039a0 524039a0 534039a0 
000364a0: 508039a0 518039a0 50c039a0 51c039a0 
000364b0: 528039a0 538039a0 52c039a0 53c039a0 
000364c0: 540039a0 550039a0 544039a0 554039a0 
000364d0: 560039a0 570039a0 564039a0 574039a0 
000364e0: 548039a0 558039a0 54c039a0 55c039a0 
000364f0: 568039a0 578039a0 56c039a0 57c039a0 
00036500: 580038a0 590038a0 584038a0 594038a0 
00036510: 5a0038a0 5b0038a0 5a4038a0 5b4038a0 
00036520: 588038a0 598038a0 58c038a0 59c038a0 
00036530: 5a8038a0 5b8038a0 5ac038a0 5bc038a0 
00036540: 5c0038a0 5d0038a0 5c4038a0 5d4038a0 
00036550: 5e0038a0 5f0038a0 5e4038a0 5f4038a0 
00036560: 5c8038a0 5d8038a0 5cc038a0 5dc038a0 
00036570: 5e8038a0 5f8038a0 5ec038a0 5fc038a0 
00036580: 580039a0 590039a0 584039a0 594039a0 
00036590: 5a0039a0 5b0039a0 5a4039a0 5b4039a0 
000365a0: 588039a0 598039a0 58c039a0 59c039a0 
000365b0: 5a8039a0 5b8039a0 5ac039a0 5bc039a0 
000365c0: 5c0039a0 5d0039a0 5c4039a0 5d4039a0 
000365d0: 5e0039a0 5f0039a0 5e4039a0 5f4039a0 
000365e0: 5c8039a0 5d8039a0 5cc039a0 5dc039a0 
000365f0: 5e8039a0 5f8039a0 5ec039a0 5fc039a0 
00036600: 50003aa0 51003aa0 50403aa0 51403aa0 
00036610: 52003aa0 53003aa0 52403aa0 53403aa0 
00036620: 50803aa0 51803aa0 50c03aa0 51c03aa0 
00036630: 52803aa0 53803aa0 52c03aa0 53c03aa0 
00036640: 54003aa0 55003aa0 54403aa0 55403aa0 
00036650: 56003aa0 57003aa0 56403aa0 57403aa0 
00036660: 54803aa0 55803aa0 54c03aa0 55c03aa0 
00036670: 56803aa0 57803aa0 56c03aa0 57c03aa0 
00036680: 50003ba0 51003ba0 50403ba0 51403ba0 
00036690: 52003ba0 53003ba0 52403ba0 53403ba0 
000366a0: 50803ba0 51803ba0 50c03ba0 51c03ba0 
000366b0: 52803ba0 53803ba0 52c03ba0 53c03ba0 
000366c0: 54003ba0 55003ba0 54403ba0 55403ba0 
000366d0: 56003ba0 57003ba0 56403ba0 57403ba0 
000366e0: 54803ba0 55803ba0 54c03ba0 55c03ba0 
000366f0: 56803ba0 57803ba0 56c03ba0 57c03ba0 
00036700: 58003aa0 59003aa0 58403aa0 59403aa0 
00036710: 5a003aa0 5b003aa0 5a403aa0 5b403aa0 
00036720: 58803aa0 59803aa0 58c03aa0 59c03aa0 
00036730: 5a803aa0 5b803aa0 5ac03aa0 5bc03aa0 
00036740: 5c003aa0 5d003aa0 5c403aa0 5d403aa0 
00036750: 5e003aa0 5f003aa0 5e403aa0 5f403aa0 
00036760: 5c803aa0 5d803aa0 5cc03aa0 5dc03aa0 
00036770: 5e803aa0 5f803aa0 5ec03aa0 5fc03aa0 
00036780: 58003ba0 59003ba0 58403ba0 59403ba0 
00036790: 5a003ba0 5b003ba0 5a403ba0 5b403ba0 
000367a0: 58803ba0 59803ba0 58c03ba0 59c03ba0 
000367b0: 5a803ba0 5b803ba0 5ac03ba0 5bc03ba0 
000367c0: 5c003ba0 5d003ba0 5c403ba0 5d403ba0 
000367d0: 5e003ba0 5f003ba0 5e403ba0 5f403ba0 
000367e0: 5c803ba0 5d803ba0 5cc03ba0 5dc03ba0 
000367f0: 5e803ba0 5f803ba0 5ec03ba0 5fc03ba0 
00036800: 40003ca0 41003ca0 40403ca0 41403ca0 
00036810: 42003ca0 43003ca0 42403ca0 43403ca0 
00036820: 40803ca0 41803ca0 40c03ca0 41c03ca0 
00036830: 42803ca0 43803ca0 42c03ca0 43c03ca0 
00036840: 44003ca0 45003ca0 44403ca0 45403ca0 
00036850: 46003ca0 47003ca0 46403ca0 47403ca0 
00036860: 44803ca0 45803ca0 44c03ca0 45c03ca0 
00036870: 46803ca0 47803ca0 46c03ca0 47c03ca0 
00036880: 40003da0 41003da0 40403da0 41403da0 
00036890: 42003da0 43003da0 42403da0 43403da0 
000368a0: 40803da0 41803da0 40c03da0 41c03da0 
000368b0: 42803da0 43803da0 42c03da0 43c03da0 
000368c0: 44003da0 45003da0 44403da0 45403da0 
000368d0: 46003da0 47003da0 46403da0 47403da0 
000368e0: 44803da0 45803da0 44c03da0 45c03da0 
000368f0: 46803da0 47803da0 46c03da0 47c03da0 
00036900: 48003ca0 49003ca0 48403ca0 49403ca0 
00036910: 4a003ca0 4b003ca0 4a403ca0 4b403ca0 
00036920: 48803ca0 49803ca0 48c03ca0 49c03ca0 
00036930: 4a803ca0 4b803ca0 4ac03ca0 4bc03ca0 
00036940: 4c003ca0 4d003ca0 4c403ca0 4d403ca0 
00036950: 4e003ca0 4f003ca0 4e403ca0 4f403ca0 
00036960: 4c803ca0 4d803ca0 4cc03ca0 4dc03ca0 
00036970: 4e803ca0 4f803ca0 4ec03ca0 4fc03ca0 
00036980: 48003da0 49003da0 48403da0 49403da0 
00036990: 4a003da0 4b003da0 4a403da0 4b403da0 
000369a0: 48803da0 49803da0 48c03da0 49c03da0 
000369b0: 4a803da0 4b803da0 4ac03da0 4bc03da0 
000369c0: 4c003da0 4d003da0 4c403da0 4d403da0 
000369d0: 4e003da0 4f003da0 4e403da0 4f403da0 
000369e0: 4c803da0 4d803da0 4cc03da0 4dc03da0 
000369f0: 4e803da0 4f803da0 4ec03da0 4fc03da0 
00036a00: 40003ea0 41003ea0 40403ea0 41403ea0 
00036a10: 42003ea0 43003ea0 42403ea0 43403ea0 
00036a20: 40803ea0 41803ea0 40c03ea0 41c03ea0 
00036a30: 42803ea0 43803ea0 42c03ea0 43c03ea0 
00036a40: 44003ea0 45003ea0 44403ea0 45403ea0 
00036a50: 46003ea0 47003ea0 46403ea0 47403ea0 
00036a60: 44803ea0 45803ea0 44c03ea0 45c03ea0 
00036a70: 46803ea0 47803ea0 46c03ea0 47c03ea0 
00036a80: 40003fa0 41003fa0 40403fa0 41403fa0 
00036a90: 42003fa0 43003fa0 42403fa0 43403fa0 
00036aa0: 40803fa0 41803fa0 40c03fa0 41c03fa0 
00036ab0: 42803fa0 43803fa0 42c03fa0 43c03fa0 
00036ac0: 44003fa0 45003fa0 44403fa0 45403fa0 
00036ad0: 46003fa0 47003fa0 46403fa0 47403fa0 
00036ae0: 44803fa0 45803fa0 44c03fa0 45c03fa0 
00036af0: 46803fa0 47803fa0 46c03fa0 47c03fa0 
00036b00: 48003ea0 49003ea0 48403ea0 49403ea0 
00036b10: 4a003ea0 4b003ea0 4a403ea0 4b403ea0 
00036b20: 48803ea0 49803ea0 48c03ea0 49c03ea0 
00036b30: 4a803ea0 4b803ea0 4ac03ea0 4bc03ea0 
00036b40: 4c003ea0 4d003ea0 4c403ea0 4d403ea0 
00036b50: 4e003ea0 4f003ea0 4e403ea0 4f403ea0 
00036b60: 4c803ea0 4d803ea0 4cc03ea0 4dc03ea0 
00036b70: 4e803ea0 4f803ea0 4ec03ea0 4fc03ea0 
00036b80: 48003fa0 49003fa0 48403fa0 49403fa0 
00036b90: 4a003fa0 4b003fa0 4a403fa0 4b403fa0 
00036ba0: 48803fa0 49803fa0 48c03fa0 49c03fa0 
00036bb0: 4a803fa0 4b803fa0 4ac03fa0 4bc03fa0 
00036bc0: 4c003fa0 4d003fa0 4c403fa0 4d403fa0 
00036bd0: 4e003fa0 4f003fa0 4e403fa0 4f403fa0 
00036be0: 4c803fa0 4d803fa0 4cc03fa0 4dc03fa0 
00036bf0: 4e803fa0 4f803fa0 4ec03fa0 4fc03fa0 
00036c00: 50003ca0 51003ca0 50403ca0 51403ca0 
00036c10: 52003ca0 53003ca0 52403ca0 53403ca0 
00036c20: 50803ca0 51803ca0 50c03ca0 51c03ca0 
00036c30: 52803ca0 53803ca0 52c03ca0 53c03ca0 
00036c40: 54003ca0 55003ca0 54403ca0 55403ca0 
00036c50: 56003ca0 57003ca0 56403ca0 57403ca0 
00036c60: 54803ca0 55803ca0 54c03ca0 55c03ca0 
00036c70: 56803ca0 57803ca0 56c03ca0 57c03ca0 
00036c80: 50003da0 51003da0 50403da0 51403da0 
00036c90: 52003da0 53003da0 52403da0 53403da0 
00036ca0: 50803da0 51803da0 50c03da0 51c03da0 
00036cb0: 52803da0 53803da0 52c03da0 53c03da0 
00036cc0: 54003da0 55003da0 54403da0 55403da0 
00036cd0: 56003da0 57003da0 56403da0 57403da0 
00036ce0: 54803da0 55803da0 54c03da0 55c03da0 
00036cf0: 56803da0 57803da0 56c03da0 57c03da0 
00036d00: 58003ca0 59003ca0 58403ca0 59403ca0 
00036d10: 5a003ca0 5b003ca0 5a403ca0 5b403ca0 
00036d20: 58803ca0 59803ca0 58c03ca0 59c03ca0 
00036d30: 5a803ca0 5b803ca0 5ac03ca0 5bc03ca0 
00036d40: 5c003ca0 5d003ca0 5c403ca0 5d403ca0 
00036d50: 5e003ca0 5f003ca0 5e403ca0 5f403ca0 
00036d60: 5c803ca0 5d803ca0 5cc03ca0 5dc03ca0 
00036d70: 5e803ca0 5f803ca0 5ec03ca0 5fc03ca0 
00036d80: 58003da0 59003da0 58403da0 59403da0 
00036d90: 5a003da0 5b003da0 5a403da0 5b403da0 
00036da0: 58803da0 59803da0 58c03da0 59c03da0 
00036db0: 5a803da0 5b803da0 5ac03da0 5bc03da0 
00036dc0: 5c003da0 5d003da0 5c403da0 5d403da0 
00036dd0: 5e003da0 5f003da0 5e403da0 5f403da0 
00036de0: 5c803da0 5d803da0 5cc03da0 5dc03da0 
00036df0: 5e803da0 5f803da0 5ec03da0 5fc03da0 
00036e00: 50003ea0 51003ea0 50403ea0 51403ea0 
00036e10: 52003ea0 53003ea0 52403ea0 53403ea0 
00036e20: 50803ea0 51803ea0 50c03ea0 51c03ea0 
00036e30: 52803ea0 53803ea0 52c03ea0 53c03ea0 
00036e40: 54003ea0 55003ea0 54403ea0 55403ea0 
00036e50: 56003ea0 57003ea0 56403ea0 57403ea0 
00036e60: 54803ea0 55803ea0 54c03ea0 55c03ea0 
00036e70: 56803ea0 57803ea0 56c03ea0 57c03ea0 
00036e80: 50003fa0 51003fa0 50403fa0 51403fa0 
00036e90: 52003fa0 53003fa0 52403fa0 53403fa0 
00036ea0: 50803fa0 51803fa0 50c03fa0 51c03fa0 
00036eb0: 52803fa0 53803fa0 52c03fa0 53c03fa0 
00036ec0: 54003fa0 55003fa0 54403fa0 55403fa0 
00036ed0: 56003fa0 57003fa0 56403fa0 57403fa0 
00036ee0: 54803fa0 55803fa0 54c03fa0 55c03fa0 
00036ef0: 56803fa0 57803fa0 56c03fa0 57c03fa0 
00036f00: 58003ea0 59003ea0 58403ea0 59403ea0 
00036f10: 5a003ea0 5b003ea0 5a403ea0 5b403ea0 
00036f20: 58803ea0 59803ea0 58c03ea0 59c03ea0 
00036f30: 5a803ea0 5b803ea0 5ac03ea0 5bc03ea0 
00036f40: 5c003ea0 5d003ea0 5c403ea0 5d403ea0 
00036f50: 5e003ea0 5f003ea0 5e403ea0 5f403ea0 
00036f60: 5c803ea0 5d803ea0 5cc03ea0 5dc03ea0 
00036f70: 5e803ea0 5f803ea0 5ec03ea0 5fc03ea0 
00036f80: 58003fa0 59003fa0 58403fa0 59403fa0 
00036f90: 5a003fa0 5b003fa0 5a403fa0 5b403fa0 
00036fa0: 58803fa0 59803fa0 58c03fa0 59c03fa0 
00036fb0: 5a803fa0 5b803fa0 5ac03fa0 5bc03fa0 
00036fc0: 5c003fa0 5d003fa0 5c403fa0 5d403fa0 
00036fd0: 5e003fa0 5f003fa0 5e403fa0 5f403fa0 
00036fe0: 5c803fa0 5d803fa0 5cc03fa0 5dc03fa0 
00036ff0: 5e803fa0 5f803fa0 5ec03fa0 5fc03fa0 
00037000: 600038a0 610038a0 604038a0 614038a0 
00037010: 620038a0 630038a0 624038a0 634038a0 
00037020: 608038a0 618038a0 60c038a0 61c038a0 
00037030: 628038a0 638038a0 62c038a0 63c038a0 
00037040: 640038a0 650038a0 644038a0 654038a0 
00037050: 660038a0 670038a0 664038a0 674038a0 
00037060: 648038a0 658038a0 64c038a0 65c038a0 
00037070: 668038a0 678038a0 66c038a0 67c038a0 
00037080: 600039a0 610039a0 604039a0 614039a0 
00037090: 620039a0 630039a0 624039a0 634039a0 
000370a0: 608039a0 618039a0 60c039a0 61c039a0 
000370b0: 628039a0 638039a0 62c039a0 63c039a0 
000370c0: 640039a0 650039a0 644039a0 654039a0 
000370d0: 660039a0 670039a0 664039a0 674039a0 
000370e0: 648039a0 658039a0 64c039a0 65c039a0 
000370f0: 668039a0 678039a0 66c039a0 67c039a0 
00037100: 680038a0 690038a0 684038a0 694038a0 
00037110: 6a0038a0 6b0038a0 6a4038a0 6b4038a0 
00037120: 688038a0 698038a0 68c038a0 69c038a0 
00037130: 6a8038a0 6b8038a0 6ac038a0 6bc038a0 
00037140: 6c0038a0 6d0038a0 6c4038a0 6d4038a0 
00037150: 6e0038a0 6f0038a0 6e4038a0 6f4038a0 
00037160: 6c8038a0 6d8038a0 6cc038a0 6dc038a0 
00037170: 6e8038a0 6f8038a0 6ec038a0 6fc038a0 
00037180: 680039a0 690039a0 684039a0 694039a0 
00037190: 6a0039a0 6b0039a0 6a4039a0 6b4039a0 
000371a0: 688039a0 698039a0 68c039a0 69c039a0 
000371b0: 6a8039a0 6b8039a0 6ac039a0 6bc039a0 
000371c0: 6c0039a0 6d0039a0 6c4039a0 6d4039a0 
000371d0: 6e0039a0 6f0039a0 6e4039a0 6f4039a0 
000371e0: 6c8039a0 6d8039a0 6cc039a0 6dc039a0 
000371f0: 6e8039a0 6f8039a0 6ec039a0 6fc039a0 
00037200: 60003aa0 61003aa0 60403aa0 61403aa0 
00037210: 62003aa0 63003aa0 62403aa0 63403aa0 
00037220: 60803aa0 61803aa0 60c03aa0 61c03aa0 
00037230: 62803aa0 63803aa0 62c03aa0 63c03aa0 
00037240: 64003aa0 65003aa0 64403aa0 65403aa0 
00037250: 66003aa0 67003aa0 66403aa0 67403aa0 
00037260: 64803aa0 65803aa0 64c03aa0 65c03aa0 
00037270: 66803aa0 67803aa0 66c03aa0 67c03aa0 
00037280: 60003ba0 61003ba0 60403ba0 61403ba0 
00037290: 62003ba0 63003ba0 62403ba0 63403ba0 
000372a0: 60803ba0 61803ba0 60c03ba0 61c03ba0 
000372b0: 62803ba0 63803ba0 62c03ba0 63c03ba0 
000372c0: 64003ba0 65003ba0 64403ba0 65403ba0 
000372d0: 66003ba0 67003ba0 66403ba0 67403ba0 
000372e0: 64803ba0 65803ba0 64c03ba0 65c03ba0 
000372f0: 66803ba0 67803ba0 66c03ba0 67c03ba0 
00037300: 68003aa0 69003aa0 68403aa0 69403aa0 
00037310: 6a003aa0 6b003aa0 6a403aa0 6b403aa0 
00037320: 68803aa0 69803aa0 68c03aa0 69c03aa0 
00037330: 6a803aa0 6b803aa0 6ac03aa0 6bc03aa0 
00037340: 6c003aa0 6d003aa0 6c403aa0 6d403aa0 
00037350: 6e003aa0 6f003aa0 6e403aa0 6f403aa0 
00037360: 6c803aa0 6d803aa0 6cc03aa0 6dc03aa0 
00037370: 6e803aa0 6f803aa0 6ec03aa0 6fc03aa0 
00037380: 68003ba0 69003ba0 68403ba0 69403ba0 
00037390: 6a003ba0 6b003ba0 6a403ba0 6b403ba0 
000373a0: 68803ba0 69803ba0 68c03ba0 69c03ba0 
000373b0: 6a803ba0 6b803ba0 6ac03ba0 6bc03ba0 
000373c0: 6c003ba0 6d003ba0 6c403ba0 6d403ba0 
000373d0: 6e003ba0 6f003ba0 6e403ba0 6f403ba0 
000373e0: 6c803ba0 6d803ba0 6cc03ba0 6dc03ba0 
000373f0: 6e803ba0 6f803ba0 6ec03ba0 6fc03ba0 
00037400: 700038a0 710038a0 704038a0 714038a0 
00037410: 720038a0 730038a0 724038a0 734038a0 
00037420: 708038a0 718038a0 70c038a0 71c038a0 
00037430: 728038a0 738038a0 72c038a0 73c038a0 
00037440: 740038a0 750038a0 744038a0 754038a0 
00037450: 760038a0 770038a0 764038a0 774038a0 
00037460: 748038a0 758038a0 74c038a0 75c038a0 
00037470: 768038a0 778038a0 76c038a0 77c038a0 
00037480: 700039a0 710039a0 704039a0 714039a0 
00037490: 720039a0 730039a0 724039a0 734039a0 
000374a0: 708039a0 718039a0 70c039a0 71c039a0 
000374b0: 728039a0 738039a0 72c039a0 73c039a0 
000374c0: 740039a0 750039a0 744039a0 754039a0 
000374d0: 760039a0 770039a0 764039a0 774039a0 
000374e0: 748039a0 758039a0 74c039a0 75c039a0 
000374f0: 768039a0 778039a0 76c039a0 77c039a0 
00037500: 780038a0 790038a0 784038a0 794038a0 
00037510: 7a0038a0 7b0038a0 7a4038a0 7b4038a0 
00037520: 788038a0 798038a0 78c038a0 79c038a0 
00037530: 7a8038a0 7b8038a0 7ac038a0 7bc038a0 
00037540: 7c0038a0 7d0038a0 7c4038a0 7d4038a0 
00037550: 7e0038a0 7f0038a0 7e4038a0 7f4038a0 
00037560: 7c8038a0 7d8038a0 7cc038a0 7dc038a0 
00037570: 7e8038a0 7f8038a0 7ec038a0 7fc038a0 
00037580: 780039a0 790039a0 784039a0 794039a0 
00037590: 7a0039a0 7b0039a0 7a4039a0 7b4039a0 
000375a0: 788039a0 798039a0 78c039a0 79c039a0 
000375b0: 7a8039a0 7b8039a0 7ac039a0 7bc039a0 
000375c0: 7c0039a0 7d0039a0 7c4039a0 7d4039a0 
000375d0: 7e0039a0 7f0039a0 7e4039a0 7f4039a0 
000375e0: 7c8039a0 7d8039a0 7cc039a0 7dc039a0 
000375f0: 7e8039a0 7f8039a0 7ec039a0 7fc039a0 
00037600: 70003aa0 71003aa0 70403aa0 71403aa0 
00037610: 72003aa0 73003aa0 72403aa0 73403aa0 
00037620: 70803aa0 71803aa0 70c03aa0 71c03aa0 
00037630: 72803aa0 73803aa0 72c03aa0 73c03aa0 
00037640: 74003aa0 75003aa0 74403aa0 75403aa0 
00037650: 76003aa0 77003aa0 76403aa0 77403aa0 
00037660: 74803aa0 75803aa0 74c03aa0 75c03aa0 
00037670: 76803aa0 77803aa0 76c03aa0 77c03aa0 
00037680: 70003ba0 71003ba0 70403ba0 71403ba0 
00037690: 72003ba0 73003ba0 72403ba0 73403ba0 
000376a0: 70803ba0 71803ba0 70c03ba0 71c03ba0 
000376b0: 72803ba0 73803ba0 72c03ba0 73c03ba0 
000376c0: 74003ba0 75003ba0 74403ba0 75403ba0 
000376d0: 76003ba0 77003ba0 76403ba0 77403ba0 
000376e0: 74803ba0 75803ba0 74c03ba0 75c03ba0 
000376f0: 76803ba0 77803ba0 76c03ba0 77c03ba0 
00037700: 78003aa0 79003aa0 78403aa0 79403aa0 
00037710: 7a003aa0 7b003aa0 7a403aa0 7b403aa0 
00037720: 78803aa0 79803aa0 78c03aa0 79c03aa0 
00037730: 7a803aa0 7b803aa0 7ac03aa0 7bc03aa0 
00037740: 7c003aa0 7d003aa0 7c403aa0 7d403aa0 
00037750: 7e003aa0 7f003aa0 7e403aa0 7f403aa0 
00037760: 7c803aa0 7d803aa0 7cc03aa0 7dc03aa0 
00037770: 7e803aa0 7f803aa0 7ec03aa0 7fc03aa0 
00037780: 78003ba0 79003ba0 78403ba0 79403ba0 
00037790: 7a003ba0 7b003ba0 7a403ba0 7b403ba0 
000377a0: 78803ba0 79803ba0 78c03ba0 79c03ba0 
000377b0: 7a803ba0 7b803ba0 7ac03ba0 7bc03ba0 
000377c0: 7c003ba0 7d003ba0 7c403ba0 7d403ba0 
000377d0: 7e003ba0 7f003ba0 7e403ba0 7f403ba0 
000377e0: 7c803ba0 7d803ba0 7cc03ba0 7dc03ba0 
000377f0: 7e803ba0 7f803ba0 7ec03ba0 7fc03ba0 
00037800: 60003ca0 61003ca0 60403ca0 61403ca0 
00037810: 62003ca0 63003ca0 62403ca0 63403ca0 
00037820: 60803ca0 61803ca0 60c03ca0 61c03ca0 
00037830: 62803ca0 63803ca0 62c03ca0 63c03ca0 
00037840: 64003ca0 65003ca0 64403ca0 65403ca0 
00037850: 66003ca0 67003ca0 66403ca0 67403ca0 
00037860: 64803ca0 65803ca0 64c03ca0 65c03ca0 
00037870: 66803ca0 67803ca0 66c03ca0 67c03ca0 
00037880: 60003da0 61003da0 60403da0 61403da0 
00037890: 62003da0 63003da0 62403da0 63403da0 
000378a0: 60803da0 61803da0 60c03da0 61c03da0 
000378b0: 62803da0 63803da0 62c03da0 63c03da0 
000378c0: 64003da0 65003da0 64403da0 65403da0 
000378d0: 66003da0 67003da0 66403da0 67403da0 
000378e0: 64803da0 65803da0 64c03da0 65c03da0 
000378f0: 66803da0 67803da0 66c03da0 67c03da0 
00037900: 68003ca0 69003ca0 68403ca0 69403ca0 
00037910: 6a003ca0 6b003ca0 6a403ca0 6b403ca0 
00037920: 68803ca0 69803ca0 68c03ca0 69c03ca0 
00037930: 6a803ca0 6b803ca0 6ac03ca0 6bc03ca0 
00037940: 6c003ca0 6d003ca0 6c403ca0 6d403ca0 
00037950: 6e003ca0 6f003ca0 6e403ca0 6f403ca0 
00037960: 6c803ca0 6d803ca0 6cc03ca0 6dc03ca0 
00037970: 6e803ca0 6f803ca0 6ec03ca0 6fc03ca0 
00037980: 68003da0 69003da0 68403da0 69403da0 
00037990: 6a003da0 6b003da0 6a403da0 6b403da0 
000379a0: 68803da0 69803da0 68c03da0 69c03da0 
000379b0: 6a803da0 6b803da0 6ac03da0 6bc03da0 
000379c0: 6c003da0 6d003da0 6c403da0 6d403da0 
000379d0: 6e003da0 6f003da0 6e403da0 6f403da0 
000379e0: 6c803da0 6d803da0 6cc03da0 6dc03da0 
000379f0: 6e803da0 6f803da0 6ec03da0 6fc03da0 
00037a00: 60003ea0 61003ea0 60403ea0 61403ea0 
00037a10: 62003ea0 63003ea0 62403ea0 63403ea0 
00037a20: 60803ea0 61803ea0 60c03ea0 61c03ea0 
00037a30: 62803ea0 63803ea0 62c03ea0 63c03ea0 
00037a40: 64003ea0 65003ea0 64403ea0 65403ea0 
00037a50: 66003ea0 67003ea0 66403ea0 67403ea0 
00037a60: 64803ea0 65803ea0 64c03ea0 65c03ea0 
00037a70: 66803ea0 67803ea0 66c03ea0 67c03ea0 
00037a80: 60003fa0 61003fa0 60403fa0 61403fa0 
00037a90: 62003fa0 63003fa0 62403fa0 63403fa0 
00037aa0: 60803fa0 61803fa0 60c03fa0 61c03fa0 
00037ab0: 62803fa0 63803fa0 62c03fa0 63c03fa0 
00037ac0: 64003fa0 65003fa0 64403fa0 65403fa0 
00037ad0: 66003fa0 67003fa0 66403fa0 67403fa0 
00037ae0: 64803fa0 65803fa0 64c03fa0 65c03fa0 
00037af0: 66803fa0 67803fa0 66c03fa0 67c03fa0 
00037b00: 68003ea0 69003ea0 68403ea0 69403ea0 
00037b10: 6a003ea0 6b003ea0 6a403ea0 6b403ea0 
00037b20: 68803ea0 69803ea0 68c03ea0 69c03ea0 
00037b30: 6a803ea0 6b803ea0 6ac03ea0 6bc03ea0 
00037b40: 6c003ea0 6d003ea0 6c403ea0 6d403ea0 
00037b50: 6e003ea0 6f003ea0 6e403ea0 6f403ea0 
00037b60: 6c803ea0 6d803ea0 6cc03ea0 6dc03ea0 
00037b70: 6e803ea0 6f803ea0 6ec03ea0 6fc03ea0 
00037b80: 68003fa0 69003fa0 68403fa0 69403fa0 
00037b90: 6a003fa0 6b003fa0 6a403fa0 6b403fa0 
00037ba0: 68803fa0 69803fa0 68c03fa0 69c03fa0 
00037bb0: 6a803fa0 6b803fa0 6ac03fa0 6bc03fa0 
00037bc0: 6c003fa0 6d003fa0 6c403fa0 6d403fa0 
00037bd0: 6e003fa0 6f003fa0 6e403fa0 6f403fa0 
00037be0: 6c803fa0 6d803fa0 6cc03fa0 6dc03fa0 
00037bf0: 6e803fa0 6f803fa0 6ec03fa0 6fc03fa0 
00037c00: 70003ca0 71003ca0 70403ca0 71403ca0 
00037c10: 72003ca0 73003ca0 72403ca0 73403ca0 
00037c20: 70803ca0 71803ca0 70c03ca0 71c03ca0 
00037c30: 72803ca0 73803ca0 72c03ca0 73c03ca0 
00037c40: 74003ca0 75003ca0 74403ca0 75403ca0 
00037c50: 76003ca0 77003ca0 76403ca0 77403ca0 
00037c60: 74803ca0 75803ca0 74c03ca0 75c03ca0 
00037c70: 76803ca0 77803ca0 76c03ca0 77c03ca0 
00037c80: 70003da0 71003da0 70403da0 71403da0 
00037c90: 72003da0 73003da0 72403da0 73403da0 
00037ca0: 70803da0 71803da0 70c03da0 71c03da0 
00037cb0: 72803da0 73803da0 72c03da0 73c03da0 
00037cc0: 74003da0 75003da0 74403da0 75403da0 
00037cd0: 76003da0 77003da0 76403da0 77403da0 
00037ce0: 74803da0 75803da0 74c03da0 75c03da0 
00037cf0: 76803da0 77803da0 76c03da0 77c03da0 
00037d00: 78003ca0 79003ca0 78403ca0 79403ca0 
00037d10: 7a003ca0 7b003ca0 7a403ca0 7b403ca0 
00037d20: 78803ca0 79803ca0 78c03ca0 79c03ca0 
00037d30: 7a803ca0 7b803ca0 7ac03ca0 7bc03ca0 
00037d40: 7c003ca0 7d003ca0 7c403ca0 7d403ca0 
00037d50: 7e003ca0 7f003ca0 7e403ca0 7f403ca0 
00037d60: 7c803ca0 7d803ca0 7cc03ca0 7dc03ca0 
00037d70: 7e803ca0 7f803ca0 7ec03ca0 7fc03ca0 
00037d80: 78003da0 79003da0 78403da0 79403da0 
00037d90: 7a003da0 7b003da0 7a403da0 7b403da0 
00037da0: 78803da0 79803da0 78c03da0 79c03da0 
00037db0: 7a803da0 7b803da0 7ac03da0 7bc03da0 
00037dc0: 7c003da0 7d003da0 7c403da0 7d403da0 
00037dd0: 7e003da0 7f003da0 7e403da0 7f403da0 
00037de0: 7c803da0 7d803da0 7cc03da0 7dc03da0 
00037df0: 7e803da0 7f803da0 7ec03da0 7fc03da0 
00037e00: 70003ea0 71003ea0 70403ea0 71403ea0 
00037e10: 72003ea0 73003ea0 72403ea0 73403ea0 
00037e20: 70803ea0 71803ea0 70c03ea0 71c03ea0 
00037e30: 72803ea0 73803ea0 72c03ea0 73c03ea0 
00037e40: 74003ea0 75003ea0 74403ea0 75403ea0 
00037e50: 76003ea0 77003ea0 76403ea0 77403ea0 
00037e60: 74803ea0 75803ea0 74c03ea0 75c03ea0 
00037e70: 76803ea0 77803ea0 76c03ea0 77c03ea0 
00037e80: 70003fa0 71003fa0 70403fa0 71403fa0 
00037e90: 72003fa0 73003fa0 72403fa0 73403fa0 
00037ea0: 70803fa0 71803fa0 70c03fa0 71c03fa0 
00037eb0: 72803fa0 73803fa0 72c03fa0 73c03fa0 
00037ec0: 74003fa0 75003fa0 74403fa0 75403fa0 
00037ed0: 76003fa0 77003fa0 76403fa0 77403fa0 
00037ee0: 74803fa0 75803fa0 74c03fa0 75c03fa0 
00037ef0: 76803fa0 77803fa0 76c03fa0 77c03fa0 
00037f00: 78003ea0 79003ea0 78403ea0 79403ea0 
00037f10: 7a003ea0 7b003ea0 7a403ea0 7b403ea0 
00037f20: 78803ea0 79803ea0 78c03ea0 79c03ea0 
00037f30: 7a803ea0 7b803ea0 7ac03ea0 7bc03ea0 
00037f40: 7c003ea0 7d003ea0 7c403ea0 7d403ea0 
00037f50: 7e003ea0 7f003ea0 7e403ea0 7f403ea0 
00037f60: 7c803ea0 7d803ea0 7cc03ea0 7dc03ea0 
00037f70: 7e803ea0 7f803ea0 7ec03ea0 7fc03ea0 
00037f80: 78003fa0 79003fa0 78403fa0 79403fa0 
00037f90: 7a003fa0 7b003fa0 7a403fa0 7b403fa0 
00037fa0: 78803fa0 79803fa0 78c03fa0 79c03fa0 
00037fb0: 7a803fa0 7b803fa0 7ac03fa0 7bc03fa0 
00037fc0: 7c003fa0 7d003fa0 7c403fa0 7d403fa0 
00037fd0: 7e003fa0 7f003fa0 7e403fa0 7f403fa0 
00037fe0: 7c803fa0 7d803fa0 7cc03fa0 7dc03fa0 
00037ff0: 7e803fa0 7f803fa0 7ec03fa0 7fc03fa0 
00038000: 800030a0 810030a0 804030a0 814030a0 
00038010: 820030a0 830030a0 824030a0 834030a0 
00038020: 808030a0 818030a0 80c030a0 81c030a0 
00038030: 828030a0 838030a0 82c030a0 83c030a0 
00038040: 840030a0 850030a0 844030a0 854030a0 
00038050: 860030a0 870030a0 864030a0 874030a0 
00038060: 848030a0 858030a0 84c030a0 85c030a0 
00038070: 868030a0 878030a0 86c030a0 87c030a0 
00038080: 800031a0 810031a0 804031a0 814031a0 
00038090: 820031a0 830031a0 824031a0 834031a0 
000380a0: 808031a0 818031a0 80c031a0 81c031a0 
000380b0: 828031a0 838031a0 82c031a0 83c031a0 
000380c0: 840031a0 850031a0 844031a0 854031a0 
000380d0: 860031a0 870031a0 864031a0 874031a0 
000380e0: 848031a0 858031a0 84c031a0 85c031a0 
000380f0: 868031a0 878031a0 86c031a0 87c031a0 
00038100: 880030a0 890030a0 884030a0 894030a0 
00038110: 8a0030a0 8b0030a0 8a4030a0 8b4030a0 
00038120: 888030a0 898030a0 88c030a0 89c030a0 
00038130: 8a8030a0 8b8030a0 8ac030a0 8bc030a0 
00038140: 8c0030a0 8d0030a0 8c4030a0 8d4030a0 
00038150: 8e0030a0 8f0030a0 8e4030a0 8f4030a0 
00038160: 8c8030a0 8d8030a0 8cc030a0 8dc030a0 
00038170: 8e8030a0 8f8030a0 8ec030a0 8fc030a0 
00038180: 880031a0 890031a0 884031a0 894031a0 
00038190: 8a0031a0 8b0031a0 8a4031a0 8b4031a0 
000381a0: 888031a0 898031a0 88c031a0 89c031a0 
000381b0: 8a8031a0 8b8031a0 8ac031a0 8bc031a0 
000381c0: 8c0031a0 8d0031a0 8c4031a0 8d4031a0 
000381d0: 8e0031a0 8f0031a0 8e4031a0 8f4031a0 
000381e0: 8c8031a0 8d8031a0 8cc031a0 8dc031a0 
000381f0: 8e8031a0 8f8031a0 8ec031a0 8fc031a0 
00038200: 800032a0 810032a0 804032a0 814032a0 
00038210: 820032a0 830032a0 824032a0 834032a0 
00038220: 808032a0 818032a0 80c032a0 81c032a0 
00038230: 828032a0 838032a0 82c032a0 83c032a0 
00038240: 840032a0 850032a0 844032a0 854032a0 
00038250: 860032a0 870032a0 864032a0 874032a0 
00038260: 848032a0 858032a0 84c032a0 85c032a0 
00038270: 868032a0 878032a0 86c032a0 87c032a0 
00038280: 800033a0 810033a0 804033a0 814033a0 
00038290: 820033a0 830033a0 824033a0 834033a0 
000382a0: 808033a0 818033a0 80c033a0 81c033a0 
000382b0: 828033a0 838033a0 82c033a0 83c033a0 
000382c0: 840033a0 850033a0 844033a0 854033a0 
000382d0: 860033a0 870033a0 864033a0 874033a0 
000382e0: 848033a0 858033a0 84c033a0 85c033a0 
000382f0: 868033a0 878033a0 86c033a0 87c033a0 
00038300: 880032a0 890032a0 884032a0 894032a0 
00038310: 8a0032a0 8b0032a0 8a4032a0 8b4032a0 
00038320: 888032a0 898032a0 88c032a0 89c032a0 
00038330: 8a8032a0 8b8032a0 8ac032a0 8bc032a0 
00038340: 8c0032a0 8d0032a0 8c4032a0 8d4032a0 
00038350: 8e0032a0 8f0032a0 8e4032a0 8f4032a0 
00038360: 8c8032a0 8d8032a0 8cc032a0 8dc032a0 
00038370: 8e8032a0 8f8032a0 8ec032a0 8fc032a0 
00038380: 880033a0 890033a0 884033a0 894033a0 
00038390: 8a0033a0 8b0033a0 8a4033a0 8b4033a0 
000383a0: 888033a0 898033a0 88c033a0 89c033a0 
000383b0: 8a8033a0 8b8033a0 8ac033a0 8bc033a0 
000383c0: 8c0033a0 8d0033a0 8c4033a0 8d4033a0 
000383d0: 8e0033a0 8f0033a0 8e4033a0 8f4033a0 
000383e0: 8c8033a0 8d8033a0 8cc033a0 8dc033a0 
000383f0: 8e8033a0 8f8033a0 8ec033a0 8fc033a0 
00038400: 900030a0 910030a0 904030a0 914030a0 
00038410: 920030a0 930030a0 924030a0 934030a0 
00038420: 908030a0 918030a0 90c030a0 91c030a0 
00038430: 928030a0 938030a0 92c030a0 93c030a0 
00038440: 940030a0 950030a0 944030a0 954030a0 
00038450: 960030a0 970030a0 964030a0 974030a0 
00038460: 948030a0 958030a0 94c030a0 95c030a0 
00038470: 968030a0 978030a0 96c030a0 97c030a0 
00038480: 900031a0 910031a0 904031a0 914031a0 
00038490: 920031a0 930031a0 924031a0 934031a0 
000384a0: 908031a0 918031a0 90c031a0 91c031a0 
000384b0: 928031a0 938031a0 92c031a0 93c031a0 
000384c0: 940031a0 950031a0 944031a0 954031a0 
000384d0: 960031a0 970031a0 964031a0 974031a0 
000384e0: 948031a0 958031a0 94c031a0 95c031a0 
000384f0: 968031a0 978031a0 96c031a0 97c031a0 
00038500: 980030a0 990030a0 984030a0 994030a0 
00038510: 9a0030a0 9b0030a0 9a4030a0 9b4030a0 
00038520: 988030a0 998030a0 98c030a0 99c030a0 
00038530: 9a8030a0 9b8030a0 9ac030a0 9bc030a0 
00038540: 9c0030a0 9d0030a0 9c4030a0 9d4030a0 
00038550: 9e0030a0 9f0030a0 9e4030a0 9f4030a0 
00038560: 9c8030a0 9d8030a0 9cc030a0 9dc030a0 
00038570: 9e8030a0 9f8030a0 9ec030a0 9fc030a0 
00038580: 980031a0 990031a0 984031a0 994031a0 
00038590: 9a0031a0 9b0031a0 9a4031a0 9b4031a0 
000385a0: 988031a0 998031a0 98c031a0 99c031a0 
000385b0: 9a8031a0 9b8031a0 9ac031a0 9bc031a0 
000385c0: 9c0031a0 9d0031a0 9c4031a0 9d4031a0 
000385d0: 9e0031a0 9f0031a0 9e4031a0 9f4031a0 
000385e0: 9c8031a0 9d8031a0 9cc031a0 9dc031a0 
000385f0: 9e8031a0 9f8031a0 9ec031a0 9fc031a0 
00038600: 900032a0 910032a0 904032a0 914032a0 
00038610: 920032a0 930032a0 924032a0 934032a0 
00038620: 908032a0 918032a0 90c032a0 91c032a0 
00038630: 928032a0 938032a0 92c032a0 93c032a0 
00038640: 940032a0 950032a0 944032a0 954032a0 
00038650: 960032a0 970032a0 964032a0 974032a0 
00038660: 948032a0 958032a0 94c032a0 95c032a0 
00038670: 968032a0 978032a0 96c032a0 97c032a0 
00038680: 900033a0 910033a0 904033a0 914033a0 
00038690: 920033a0 930033a0 924033a0 934033a0 
000386a0: 908033a0 918033a0 90c033a0 91c033a0 
000386b0: 928033a0 938033a0 92c033a0 93c033a0 
000386c0: 940033a0 950033a0 944033a0 954033a0 
000386d0: 960033a0 970033a0 964033a0 974033a0 
000386e0: 948033a0 958033a0 94c033a0 95c033a0 
000386f0: 968033a0 978033a0 96c033a0 97c033a0 
00038700: 980032a0 990032a0 984032a0 994032a0 
00038710: 9a0032a0 9b0032a0 9a4032a0 9b4032a0 
00038720: 988032a0 998032a0 98c032a0 99c032a0 
00038730: 9a8032a0 9b8032a0 9ac032a0 9bc032a0 
00038740: 9c0032a0 9d0032a0 9c4032a0 9d4032a0 
00038750: 9e0032a0 9f0032a0 9e4032a0 9f4032a0 
00038760: 9c8032a0 9d8032a0 9cc032a0 9dc032a0 
00038770: 9e8032a0 9f8032a0 9ec032a0 9fc032a0 
00038780: 980033a0 990033a0 984033a0 994033a0 
00038790: 9a0033a0 9b0033a0 9a4033a0 9b4033a0 
000387a0: 988033a0 998033a0 98c033a0 99c033a0 
000387b0: 9a8033a0 9b8033a0 9ac033a0 9bc033a0 
000387c0: 9c0033a0 9d0033a0 9c4033a0 9d4033a0 
000387d0: 9e0033a0 9f0033a0 9e4033a0 9f4033a0 
000387e0: 9c8033a0 9d8033a0 9cc033a0 9dc033a0 
000387f0: 9e8033a0 9f8033a0 9ec033a0 9fc033a0 
00038800: 800034a0 810034a0 804034a0 814034a0 
00038810: 820034a0 830034a0 824034a0 834034a0 
00038820: 808034a0 818034a0 80c034a0 81c034a0 
00038830: 828034a0 838034a0 82c034a0 83c034a0 
00038840: 840034a0 850034a0 844034a0 854034a0 
00038850: 860034a0 870034a0 864034a0 874034a0 
00038860: 848034a0 858034a0 84c034a0 85c034a0 
00038870: 868034a0 878034a0 86c034a0 87c034a0 
00038880: 800035a0 810035a0 804035a0 814035a0 
00038890: 820035a0 830035a0 824035a0 834035a0 
000388a0: 808035a0 818035a0 80c035a0 81c035a0 
000388b0: 828035a0 838035a0 82c035a0 83c035a0 
000388c0: 840035a0 850035a0 844035a0 854035a0 
000388d0: 860035a0 870035a0 864035a0 874035a0 
000388e0: 848035a0 858035a0 84c035a0 85c035a0 
000388f0: 868035a0 878035a0 86c035a0 87c035a0 
00038900: 880034a0 890034a0 884034a0 894034a0 
00038910: 8a0034a0 8b0034a0 8a4034a0 8b4034a0 
00038920: 888034a0 898034a0 88c034a0 89c034a0 
00038930: 8a8034a0 8b8034a0 8ac034a0 8bc034a0 
00038940: 8c0034a0 8d0034a0 8c4034a0 8d4034a0 
00038950: 8e0034a0 8f0034a0 8e4034a0 8f4034a0 
00038960: 8c8034a0 8d8034a0 8cc034a0 8dc034a0 
00038970: 8e8034a0 8f8034a0 8ec034a0 8fc034a0 
00038980: 880035a0 890035a0 884035a0 894035a0 
00038990: 8a0035a0 8b0035a0 8a4035a0 8b4035a0 
000389a0: 888035a0 898035a0 88c035a0 89c035a0 
000389b0: 8a8035a0 8b8035a0 8ac035a0 8bc035a0 
000389c0: 8c0035a0 8d0035a0 8c4035a0 8d4035a0 
000389d0: 8e0035a0 8f0035a0 8e4035a0 8f4035a0 
000389e0: 8c8035a0 8d8035a0 8cc035a0 8dc035a0 
000389f0: 8e8035a0 8f8035a0 8ec035a0 8fc035a0 
00038a00: 800036a0 810036a0 804036a0 814036a0 
00038a10: 820036a0 830036a0 824036a0 834036a0 
00038a20: 808036a0 818036a0 80c036a0 81c036a0 
00038a30: 828036a0 838036a0 82c036a0 83c036a0 
00038a40: 840036a0 850036a0 844036a0 854036a0 
00038a50: 860036a0 870036a0 864036a0 874036a0 
00038a60: 848036a0 858036a0 84c036a0 85c036a0 
00038a70: 868036a0 878036a0 86c036a0 87c036a0 
00038a80: 800037a0 810037a0 804037a0 814037a0 
00038a90: 820037a0 830037a0 824037a0 834037a0 
00038aa0: 808037a0 818037a0 80c037a0 81c037a0 
00038ab0: 828037a0 838037a0 82c037a0 83c037a0 
00038ac0: 840037a0 850037a0 844037a0 854037a0 
00038ad0: 860037a0 870037a0 864037a0 874037a0 
00038ae0: 848037a0 858037a0 84c037a0 85c037a0 
00038af0: 868037a0 878037a0 86c037a0 87c037a0 
00038b00: 880036a0 890036a0 884036a0 894036a0 
00038b10: 8a0036a0 8b0036a0 8a4036a0 8b4036a0 
00038b20: 888036a0 898036a0 88c036a0 89c036a0 
00038b30: 8a8036a0 8b8036a0 8ac036a0 8bc036a0 
00038b40: 8c0036a0 8d0036a0 8c4036a0 8d4036a0 
00038b50: 8e0036a0 8f0036a0 8e4036a0 8f4036a0 
00038b60: 8c8036a0 8d8036a0 8cc036a0 8dc036a0 
00038b70: 8e8036a0 8f8036a0 8ec036a0 8fc036a0 
00038b80: 880037a0 890037a0 884037a0 894037a0 
00038b90: 8a0037a0 8b0037a0 8a4037a0 8b4037a0 
00038ba0: 888037a0 898037a0 88c037a0 89c037a0 
00038bb0: 8a8037a0 8b8037a0 8ac037a0 8bc037a0 
00038bc0: 8c0037a0 8d0037a0 8c4037a0 8d4037a0 
00038bd0: 8e0037a0 8f0037a0 8e4037a0 8f4037a0 
00038be0: 8c8037a0 8d8037a0 8cc037a0 8dc037a0 
00038bf0: 8e8037a0 8f8037a0 8ec037a0 8fc037a0 
00038c00: 900034a0 910034a0 904034a0 914034a0 
00038c10: 920034a0 930034a0 924034a0 934034a0 
00038c20: 908034a0 918034a0 90c034a0 91c034a0 
00038c30: 928034a0 938034a0 92c034a0 93c034a0 
00038c40: 940034a0 950034a0 944034a0 954034a0 
00038c50: 960034a0 970034a0 964034a0 974034a0 
00038c60: 948034a0 958034a0 94c034a0 95c034a0 
00038c70: 968034a0 978034a0 96c034a0 97c034a0 
00038c80: 900035a0 910035a0 904035a0 914035a0 
00038c90: 920035a0 930035a0 924035a0 934035a0 
00038ca0: 908035a0 918035a0 90c035a0 91c035a0 
00038cb0: 928035a0 938035a0 92c035a0 93c035a0 
00038cc0: 940035a0 950035a0 944035a0 954035a0 
00038cd0: 960035a0 970035a0 964035a0 974035a0 
00038ce0: 948035a0 958035a0 94c035a0 95c035a0 
00038cf0: 968035a0 978035a0 96c035a0 97c035a0 
00038d00: 980034a0 990034a0 984034a0 994034a0 
00038d10: 9a0034a0 9b0034a0 9a4034a0 9b4034a0 
00038d20: 988034a0 998034a0 98c034a0 99c034a0 
00038d30: 9a8034a0 9b8034a0 9ac034a0 9bc034a0 
00038d40: 9c0034a0 9d0034a0 9c4034a0 9d4034a0 
00038d50: 9e0034a0 9f0034a0 9e4034a0 9f4034a0 
00038d60: 9c8034a0 9d8034a0 9cc034a0 9dc034a0 
00038d70: 9e8034a0 9f8034a0 9ec034a0 9fc034a0 
00038d80: 980035a0 990035a0 984035a0 994035a0 
00038d90: 9a0035a0 9b0035a0 9a4035a0 9b4035a0 
00038da0: 988035a0 998035a0 98c035a0 99c035a0 
00038db0: 9a8035a0 9b8035a0 9ac035a0 9bc035a0 
00038dc0: 9c0035a0 9d0035a0 9c4035a0 9d4035a0 
00038dd0: 9e0035a0 9f0035a0 9e4035a0 9f4035a0 
00038de0: 9c8035a0 9d8035a0 9cc035a0 9dc035a0 
00038df0: 9e8035a0 9f8035a0 9ec035a0 9fc035a0 
00038e00: 900036a0 910036a0 904036a0 914036a0 
00038e10: 920036a0 930036a0 924036a0 934036a0 
00038e20: 908036a0 918036a0 90c036a0 91c036a0 
00038e30: 928036a0 938036a0 92c036a0 93c036a0 
00038e40: 940036a0 950036a0 944036a0 954036a0 
00038e50: 960036a0 970036a0 964036a0 974036a0 
00038e60: 948036a0 958036a0 94c036a0 95c036a0 
00038e70: 968036a0 978036a0 96c036a0 97c036a0 
00038e80: 900037a0 910037a0 904037a0 914037a0 
00038e90: 920037a0 930037a0 924037a0 934037a0 
00038ea0: 908037a0 918037a0 90c037a0 91c037a0 
00038eb0: 928037a0 938037a0 92c037a0 93c037a0 
00038ec0: 940037a0 950037a0 944037a0 954037a0 
00038ed0: 960037a0 970037a0 964037a0 974037a0 
00038ee0: 948037a0 958037a0 94c037a0 95c037a0 
00038ef0: 968037a0 978037a0 96c037a0 97c037a0 
00038f00: 980036a0 990036a0 984036a0 994036a0 
00038f10: 9a0036a0 9b0036a0 9a4036a0 9b4036a0 
00038f20: 988036a0 998036a0 98c036a0 99c036a0 
00038f30: 9a8036a0 9b8036a0 9ac036a0 9bc036a0 
00038f40: 9c0036a0 9d0036a0 9c4036a0 9d4036a0 
00038f50: 9e0036a0 9f0036a0 9e4036a0 9f4036a0 
00038f60: 9c8036a0 9d8036a0 9cc036a0 9dc036a0 
00038f70: 9e8036a0 9f8036a0 9ec036a0 9fc036a0 
00038f80: 980037a0 990037a0 984037a0 994037a0 
00038f90: 9a0037a0 9b0037a0 9a4037a0 9b4037a0 
00038fa0: 988037a0 998037a0 98c037a0 99c037a0 
00038fb0: 9a8037a0 9b8037a0 9ac037a0 9bc037a0 
00038fc0: 9c0037a0 9d0037a0 9c4037a0 9d4037a0 
00038fd0: 9e0037a0 9f0037a0 9e4037a0 9f4037a0 
00038fe0: 9c8037a0 9d8037a0 9cc037a0 9dc037a0 
00038ff0: 9e8037a0 9f8037a0 9ec037a0 9fc037a0 
00039000: a00030a0 a10030a0 a04030a0 a14030a0 
00039010: a20030a0 a30030a0 a24030a0 a34030a0 
00039020: a08030a0 a18030a0 a0c030a0 a1c030a0 
00039030: a28030a0 a38030a0 a2c030a0 a3c030a0 
00039040: a40030a0 a50030a0 a44030a0 a54030a0 
00039050: a60030a0 a70030a0 a64030a0 a74030a0 
00039060: a48030a0 a58030a0 a4c030a0 a5c030a0 
00039070: a68030a0 a78030a0 a6c030a0 a7c030a0 
00039080: a00031a0 a10031a0 a04031a0 a14031a0 
00039090: a20031a0 a30031a0 a24031a0 a34031a0 
000390a0: a08031a0 a18031a0 a0c031a0 a1c031a0 
000390b0: a28031a0 a38031a0 a2c031a0 a3c031a0 
000390c0: a40031a0 a50031a0 a44031a0 a54031a0 
000390d0: a60031a0 a70031a0 a64031a0 a74031a0 
000390e0: a48031a0 a58031a0 a4c031a0 a5c031a0 
000390f0: a68031a0 a78031a0 a6c031a0 a7c031a0 
00039100: a80030a0 a90030a0 a84030a0 a94030a0 
00039110: aa0030a0 ab0030a0 aa4030a0 ab4030a0 
00039120: a88030a0 a98030a0 a8c030a0 a9c030a0 
00039130: aa8030a0 ab8030a0 aac030a0 abc030a0 
00039140: ac0030a0 ad0030a0 ac4030a0 ad4030a0 
00039150: ae0030a0 af0030a0 ae4030a0 af4030a0 
00039160: ac8030a0 ad8030a0 acc030a0 adc030a0 
00039170: ae8030a0 af8030a0 aec030a0 afc030a0 
00039180: a80031a0 a90031a0 a84031a0 a94031a0 
00039190: aa0031a0 ab0031a0 aa4031a0 ab4031a0 
000391a0: a88031a0 a98031a0 a8c031a0 a9c031a0 
000391b0: aa8031a0 ab8031a0 aac031a0 abc031a0 
000391c0: ac0031a0 ad0031a0 ac4031a0 ad4031a0 
000391d0: ae0031a0 af0031a0 ae4031a0 af4031a0 
000391e0: ac8031a0 ad8031a0 acc031a0 adc031a0 
000391f0: ae8031a0 af8031a0 aec031a0 afc031a0 
00039200: a00032a0 a10032a0 a04032a0 a14032a0 
00039210: a20032a0 a30032a0 a24032a0 a34032a0 
00039220: a08032a0 a18032a0 a0c032a0 a1c032a0 
00039230: a28032a0 a38032a0 a2c032a0 a3c032a0 
00039240: a40032a0 a50032a0 a44032a0 a54032a0 
00039250: a60032a0 a70032a0 a64032a0 a74032a0 
00039260: a48032a0 a58032a0 a4c032a0 a5c032a0 
00039270: a68032a0 a78032a0 a6c032a0 a7c032a0 
00039280: a00033a0 a10033a0 a04033a0 a14033a0 
00039290: a20033a0 a30033a0 a24033a0 a34033a0 
000392a0: a08033a0 a18033a0 a0c033a0 a1c033a0 
000392b0: a28033a0 a38033a0 a2c033a0 a3c033a0 
000392c0: a40033a0 a50033a0 a44033a0 a54033a0 
000392d0: a60033a0 a70033a0 a64033a0 a74033a0 
000392e0: a48033a0 a58033a0 a4c033a0 a5c033a0 
000392f0: a68033a0 a78033a0 a6c033a0 a7c033a0 
00039300: a80032a0 a90032a0 a84032a0 a94032a0 
00039310: aa0032a0 ab0032a0 aa4032a0 ab4032a0 
00039320: a88032a0 a98032a0 a8c032a0 a9c032a0 
00039330: aa8032a0 ab8032a0 aac032a0 abc032a0 
00039340: ac0032a0 ad0032a0 ac4032a0 ad4032a0 
00039350: ae0032a0 af0032a0 ae4032a0 af4032a0 
00039360: ac8032a0 ad8032a0 acc032a0 adc032a0 
00039370: ae8032a0 af8032a0 aec032a0 afc032a0 
00039380: a80033a0 a90033a0 a84033a0 a94033a0 
00039390: aa0033a0 ab0033a0 aa4033a0 ab4033a0 
000393a0: a88033a0 a98033a0 a8c033a0 a9c033a0 
000393b0: aa8033a0 ab8033a0 aac033a0 abc033a0 
000393c0: ac0033a0 ad0033a0 ac4033a0 ad4033a0 
000393d0: ae0033a0 af0033a0 ae4033a0 af4033a0 
000393e0: ac8033a0 ad8033a0 acc033a0 adc033a0 
000393f0: ae8033a0 af8033a0 aec033a0 afc033a0 
00039400: b00030a0 b10030a0 b04030a0 b14030a0 
00039410: b20030a0 b30030a0 b24030a0 b34030a0 
00039420: b08030a0 b18030a0 b0c030a0 b1c030a0 
00039430: b28030a0 b38030a0 b2c030a0 b3c030a0 
00039440: b40030a0 b50030a0 b44030a0 b54030a0 
00039450: b60030a0 b70030a0 b64030a0 b74030a0 
00039460: b48030a0 b58030a0 b4c030a0 b5c030a0 
00039470: b68030a0 b78030a0 b6c030a0 b7c030a0 
00039480: b00031a0 b10031a0 b04031a0 b14031a0 
00039490: b20031a0 b30031a0 b24031a0 b34031a0 
000394a0: b08031a0 b18031a0 b0c031a0 b1c031a0 
000394b0: b28031a0 b38031a0 b2c031a0 b3c031a0 
000394c0: b40031a0 b50031a0 b44031a0 b54031a0 
000394d0: b60031a0 b70031a0 b64031a0 b74031a0 
000394e0: b48031a0 b58031a0 b4c031a0 b5c031a0 
000394f0: b68031a0 b78031a0 b6c031a0 b7c031a0 
00039500: b80030a0 b90030a0 b84030a0 b94030a0 
00039510: ba0030a0 bb0030a0 ba4030a0 bb4030a0 
00039520: b88030a0 b98030a0 b8c030a0 b9c030a0 
00039530: ba8030a0 bb8030a0 bac030a0 bbc030a0 
00039540: bc0030a0 bd0030a0 bc4030a0 bd4030a0 
00039550: be0030a0 bf0030a0 be4030a0 bf4030a0 
00039560: bc8030a0 bd8030a0 bcc030a0 bdc030a0 
00039570: be8030a0 bf8030a0 bec030a0 bfc030a0 
00039580: b80031a0 b90031a0 b84031a0 b94031a0 
00039590: ba0031a0 bb0031a0 ba4031a0 bb4031a0 
000395a0: b88031a0 b98031a0 b8c031a0 b9c031a0 
000395b0: ba8031a0 bb8031a0 bac031a0 bbc031a0 
000395c0: bc0031a0 bd0031a0 bc4031a0 bd4031a0 
000395d0: be0031a0 bf0031a0 be4031a0 bf4031a0 
000395e0: bc8031a0 bd8031a0 bcc031a0 bdc031a0 
000395f0: be8031a0 bf8031a0 bec031a0 bfc031a0 
00039600: b00032a0 b10032a0 b04032a0 b14032a0 
00039610: b20032a0 b30032a0 b24032a0 b34032a0 
00039620: b08032a0 b18032a0 b0c032a0 b1c032a0 
00039630: b28032a0 b38032a0 b2c032a0 b3c032a0 
00039640: b40032a0 b50032a0 b44032a0 b54032a0 
00039650: b60032a0 b70032a0 b64032a0 b74032a0 
00039660: b48032a0 b58032a0 b4c032a0 b5c032a0 
00039670: b68032a0 b78032a0 b6c032a0 b7c032a0 
00039680: b00033a0 b10033a0 b04033a0 b14033a0 
00039690: b20033a0 b30033a0 b24033a0 b34033a0 
000396a0: b08033a0 b18033a0 b0c033a0 b1c033a0 
000396b0: b28033a0 b38033a0 b2c033a0 b3c033a0 
000396c0: b40033a0 b50033a0 b44033a0 b54033a0 
000396d0: b60033a0 b70033a0 b64033a0 b74033a0 
000396e0: b48033a0 b58033a0 b4c033a0 b5c033a0 
000396f0: b68033a0 b78033a0 b6c033a0 b7c033a0 
00039700: b80032a0 b90032a0 b84032a0 b94032a0 
00039710: ba0032a0 bb0032a0 ba4032a0 bb4032a0 
00039720: b88032a0 b98032a0 b8c032a0 b9c032a0 
00039730: ba8032a0 bb8032a0 bac032a0 bbc032a0 
00039740: bc0032a0 bd0032a0 bc4032a0 bd4032a0 
00039750: be0032a0 bf0032a0 be4032a0 bf4032a0 
00039760: bc8032a0 bd8032a0 bcc032a0 bdc032a0 
00039770: be8032a0 bf8032a0 bec032a0 bfc032a0 
00039780: b80033a0 b90033a0 b84033a0 b94033a0 
00039790: ba0033a0 bb0033a0 ba4033a0 bb4033a0 
000397a0: b88033a0 b98033a0 b8c033a0 b9c033a0 
000397b0: ba8033a0 bb8033a0 bac033a0 bbc033a0 
000397c0: bc0033a0 bd0033a0 bc4033a0 bd4033a0 
000397d0: be0033a0 bf0033a0 be4033a0 bf4033a0 
000397e0: bc8033a0 bd8033a0 bcc033a0 bdc033a0 
000397f0: be8033a0 bf8033a0 bec033a0 bfc033a0 
00039800: a00034a0 a10034a0 a04034a0 a14034a0 
00039810: a20034a0 a30034a0 a24034a0 a34034a0 
00039820: a08034a0 a18034a0 a0c034a0 a1c034a0 
00039830: a28034a0 a38034a0 a2c034a0 a3c034a0 
00039840: a40034a0 a50034a0 a44034a0 a54034a0 
00039850: a60034a0 a70034a0 a64034a0 a74034a0 
00039860: a48034a0 a58034a0 a4c034a0 a5c034a0 
00039870: a68034a0 a78034a0 a6c034a0 a7c034a0 
00039880: a00035a0 a10035a0 a04035a0 a14035a0 
00039890: a20035a0 a30035a0 a24035a0 a34035a0 
000398a0: a08035a0 a18035a0 a0c035a0 a1c035a0 
000398b0: a28035a0 a38035a0 a2c035a0 a3c035a0 
000398c0: a40035a0 a50035a0 a44035a0 a54035a0 
000398d0: a60035a0 a70035a0 a64035a0 a74035a0 
000398e0: a48035a0 a58035a0 a4c035a0 a5c035a0 
000398f0: a68035a0 a78035a0 a6c035a0 a7c035a0 
00039900: a80034a0 a90034a0 a84034a0 a94034a0 
00039910: aa0034a0 ab0034a0 aa4034a0 ab4034a0 
00039920: a88034a0 a98034a0 a8c034a0 a9c034a0 
00039930: aa8034a0 ab8034a0 aac034a0 abc034a0 
00039940: ac0034a0 ad0034a0 ac4034a0 ad4034a0 
00039950: ae0034a0 af0034a0 ae4034a0 af4034a0 
00039960: ac8034a0 ad8034a0 acc034a0 adc034a0 
00039970: ae8034a0 af8034a0 aec034a0 afc034a0 
00039980: a80035a0 a90035a0 a84035a0 a94035a0 
00039990: aa0035a0 ab0035a0 aa4035a0 ab4035a0 
000399a0: a88035a0 a98035a0 a8c035a0 a9c035a0 
000399b0: aa8035a0 ab8035a0 aac035a0 abc035a0 
000399c0: ac0035a0 ad0035a0 ac4035a0 ad4035a0 
000399d0: ae0035a0 af0035a0 ae4035a0 af4035a0 
000399e0: ac8035a0 ad8035a0 acc035a0 adc035a0 
000399f0: ae8035a0 af8035a0 aec035a0 afc035a0 
00039a00: a00036a0 a10036a0 a04036a0 a14036a0 
00039a10: a20036a0 a30036a0 a24036a0 a34036a0 
00039a20: a08036a0 a18036a0 a0c036a0 a1c036a0 
00039a30: a28036a0 a38036a0 a2c036a0 a3c036a0 
00039a40: a40036a0 a50036a0 a44036a0 a54036a0 
00039a50: a60036a0 a70036a0 a64036a0 a74036a0 
00039a60: a48036a0 a58036a0 a4c036a0 a5c036a0 
00039a70: a68036a0 a78036a0 a6c036a0 a7c036a0 
00039a80: a00037a0 a10037a0 a04037a0 a14037a0 
00039a90: a20037a0 a30037a0 a24037a0 a34037a0 
00039aa0: a08037a0 a18037a0 a0c037a0 a1c037a0 
00039ab0: a28037a0 a38037a0 a2c037a0 a3c037a0 
00039ac0: a40037a0 a50037a0 a44037a0 a54037a0 
00039ad0: a60037a0 a70037a0 a64037a0 a74037a0 
00039ae0: a48037a0 a58037a0 a4c037a0 a5c037a0 
00039af0: a68037a0 a78037a0 a6c037a0 a7c037a0 
00039b00: a80036a0 a90036a0 a84036a0 a94036a0 
00039b10: aa0036a0 ab0036a0 aa4036a0 ab4036a0 
00039b20: a88036a0 a98036a0 a8c036a0 a9c036a0 
00039b30: aa8036a0 ab8036a0 aac036a0 abc036a0 
00039b40: ac0036a0 ad0036a0 ac4036a0 ad4036a0 
00039b50: ae0036a0 af0036a0 ae4036a0 af4036a0 
00039b60: ac8036a0 ad8036a0 acc036a0 adc036a0 
00039b70: ae8036a0 af8036a0 aec036a0 afc036a0 
00039b80: a80037a0 a90037a0 a84037a0 a94037a0 
00039b90: aa0037a0 ab0037a0 aa4037a0 ab4037a0 
00039ba0: a88037a0 a98037a0 a8c037a0 a9c037a0 
00039bb0: aa8037a0 ab8037a0 aac037a0 abc037a0 
00039bc0: ac0037a0 ad0037a0 ac4037a0 ad4037a0 
00039bd0: ae0037a0 af0037a0 ae4037a0 af4037a0 
00039be0: ac8037a0 ad8037a0 acc037a0 adc037a0 
00039bf0: ae8037a0 af8037a0 aec037a0 afc037a0 
00039c00: b00034a0 b10034a0 b04034a0 b14034a0 
00039c10: b20034a0 b30034a0 b24034a0 b34034a0 
00039c20: b08034a0 b18034a0 b0c034a0 b1c034a0 
00039c30: b28034a0 b38034a0 b2c034a0 b3c034a0 
00039c40: b40034a0 b50034a0 b44034a0 b54034a0 
00039c50: b60034a0 b70034a0 b64034a0 b74034a0 
00039c60: b48034a0 b58034a0 b4c034a0 b5c034a0 
00039c70: b68034a0 b78034a0 b6c034a0 b7c034a0 
00039c80: b00035a0 b10035a0 b04035a0 b14035a0 
00039c90: b20035a0 b30035a0 b24035a0 b34035a0 
00039ca0: b08035a0 b18035a0 b0c035a0 b1c035a0 
00039cb0: b28035a0 b38035a0 b2c035a0 b3c035a0 
00039cc0: b40035a0 b50035a0 b44035a0 b54035a0 
00039cd0: b60035a0 b70035a0 b64035a0 b74035a0 
00039ce0: b48035a0 b58035a0 b4c035a0 b5c035a0 
00039cf0: b68035a0 b78035a0 b6c035a0 b7c035a0 
00039d00: b80034a0 b90034a0 b84034a0 b94034a0 
00039d10: ba0034a0 bb0034a0 ba4034a0 bb4034a0 
00039d20: b88034a0 b98034a0 b8c034a0 b9c034a0 
00039d30: ba8034a0 bb8034a0 bac034a0 bbc034a0 
00039d40: bc0034a0 bd0034a0 bc4034a0 bd4034a0 
00039d50: be0034a0 bf0034a0 be4034a0 bf4034a0 
00039d60: bc8034a0 bd8034a0 bcc034a0 bdc034a0 
00039d70: be8034a0 bf8034a0 bec034a0 bfc034a0 
00039d80: b80035a0 b90035a0 b84035a0 b94035a0 
00039d90: ba0035a0 bb0035a0 ba4035a0 bb4035a0 
00039da0: b88035a0 b98035a0 b8c035a0 b9c035a0 
00039db0: ba8035a0 bb8035a0 bac035a0 bbc035a0 
00039dc0: bc0035a0 bd0035a0 bc4035a0 bd4035a0 
00039dd0: be0035a0 bf0035a0 be4035a0 bf4035a0 
00039de0: bc8035a0 bd8035a0 bcc035a0 bdc035a0 
00039df0: be8035a0 bf8035a0 bec035a0 bfc035a0 
00039e00: b00036a0 b10036a0 b04036a0 b14036a0 
00039e10: b20036a0 b30036a0 b24036a0 b34036a0 
00039e20: b08036a0 b18036a0 b0c036a0 b1c036a0 
00039e30: b28036a0 b38036a0 b2c036a0 b3c036a0 
00039e40: b40036a0 b50036a0 b44036a0 b54036a0 
00039e50: b60036a0 b70036a0 b64036a0 b74036a0 
00039e60: b48036a0 b58036a0 b4c036a0 b5c036a0 
00039e70: b68036a0 b78036a0 b6c036a0 b7c036a0 
00039e80: b00037a0 b10037a0 b04037a0 b14037a0 
00039e90: b20037a0 b30037a0 b24037a0 b34037a0 
00039ea0: b08037a0 b18037a0 b0c037a0 b1c037a0 
00039eb0: b28037a0 b38037a0 b2c037a0 b3c037a0 
00039ec0: b40037a0 b50037a0 b44037a0 b54037a0 
00039ed0: b60037a0 b70037a0 b64037a0 b74037a0 
00039ee0: b48037a0 b58037a0 b4c037a0 b5c037a0 
00039ef0: b68037a0 b78037a0 b6c037a0 b7c037a0 
00039f00: b80036a0 b90036a0 b84036a0 b94036a0 
00039f10: ba0036a0 bb0036a0 ba4036a0 bb4036a0 
00039f20: b88036a0 b98036a0 b8c036a0 b9c036a0 
00039f30: ba8036a0 bb8036a0 bac036a0 bbc036a0 
00039f40: bc0036a0 bd0036a0 bc4036a0 bd4036a0 
00039f50: be0036a0 bf0036a0 be4036a0 bf4036a0 
00039f60: bc8036a0 bd8036a0 bcc036a0 bdc036a0 
00039f70: be8036a0 bf8036a0 bec036a0 bfc036a0 
00039f80: b80037a0 b90037a0 b84037a0 b94037a0 
00039f90: ba0037a0 bb0037a0 ba4037a0 bb4037a0 
00039fa0: b88037a0 b98037a0 b8c037a0 b9c037a0 
00039fb0: ba8037a0 bb8037a0 bac037a0 bbc037a0 
00039fc0: bc0037a0 bd0037a0 bc4037a0 bd4037a0 
00039fd0: be0037a0 bf0037a0 be4037a0 bf4037a0 
00039fe0: bc8037a0 bd8037a0 bcc037a0 bdc037a0 
00039ff0: be8037a0 bf8037a0 bec037a0 bfc037a0 
0003a000: 800038a0 810038a0 804038a0 814038a0 
0003a010: 820038a0 830038a0 824038a0 834038a0 
0003a020: 808038a0 818038a0 80c038a0 81c038a0 
0003a030: 828038a0 838038a0 82c038a0 83c038a0 
0003a040: 840038a0 850038a0 844038a0 854038a0 
0003a050: 860038a0 870038a0 864038a0 874038a0 
0003a060: 848038a0 858038a0 84c038a0 85c038a0 
0003a070: 868038a0 878038a0 86c038a0 87c038a0 
0003a080: 800039a0 810039a0 804039a0 814039a0 
0003a090: 820039a0 830039a0 824039a0 834039a0 
0003a0a0: 808039a0 818039a0 80c039a0 81c039a0 
0003a0b0: 828039a0 838039a0 82c039a0 83c039a0 
0003a0c0: 840039a0 850039a0 844039a0 854039a0 
0003a0d0: 860039a0 870039a0 864039a0 874039a0 
0003a0e0: 848039a0 858039a0 84c039a0 85c039a0 
0003a0f0: 868039a0 878039a0 86c039a0 87c039a0 
0003a100: 880038a0 890038a0 884038a0 894038a0 
0003a110: 8a0038a0 8b0038a0 8a4038a0 8b4038a0 
0003a120: 888038a0 898038a0 88c038a0 89c038a0 
0003a130: 8a8038a0 8b8038a0 8ac038a0 8bc038a0 
0003a140: 8c0038a0 8d0038a0 8c4038a0 8d4038a0 
0003a150: 8e0038a0 8f0038a0 8e4038a0 8f4038a0 
0003a160: 8c8038a0 8d8038a0 8cc038a0 8dc038a0 
0003a170: 8e8038a0 8f8038a0 8ec038a0 8fc038a0 
0003a180: 880039a0 890039a0 884039a0 894039a0 
0003a190: 8a0039a0 8b0039a0 8a4039a0 8b4039a0 
0003a1a0: 888039a0 898039a0 88c039a0 89c039a0 
0003a1b0: 8a8039a0 8b8039a0 8ac039a0 8bc039a0 
0003a1c0: 8c0039a0 8d0039a0 8c4039a0 8d4039a0 
0003a1d0: 8e0039a0 8f0039a0 8e4039a0 8f4039a0 
0003a1e0: 8c8039a0 8d8039a0 8cc039a0 8dc039a0 
0003a1f0: 8e8039a0 8f8039a0 8ec039a0 8fc039a0 
0003a200: 80003aa0 81003aa0 80403aa0 81403aa0 
0003a210: 82003aa0 83003aa0 82403aa0 83403aa0 
0003a220: 80803aa0 81803aa0 80c03aa0 81c03aa0 
0003a230: 82803aa0 83803aa0 82c03aa0 83c03aa0 
0003a240: 84003aa0 85003aa0 84403aa0 85403aa0 
0003a250: 86003aa0 87003aa0 86403aa0 87403aa0 
0003a260: 84803aa0 85803aa0 84c03aa0 85c03aa0 
0003a270: 86803aa0 87803aa0 86c03aa0 87c03aa0 
0003a280: 80003ba0 81003ba0 80403ba0 81403ba0 
0003a290: 82003ba0 83003ba0 82403ba0 83403ba0 
0003a2a0: 80803ba0 81803ba0 80c03ba0 81c03ba0 
0003a2b0: 82803ba0 83803ba0 82c03ba0 83c03ba0 
0003a2c0: 84003ba0 85003ba0 84403ba0 85403ba0 
0003a2d0: 86003ba0 87003ba0 86403ba0 87403ba0 
0003a2e0: 84803ba0 85803ba0 84c03ba0 85c03ba0 
0003a2f0: 86803ba0 87803ba0 86c03ba0 87c03ba0 
0003a300: 88003aa0 89003aa0 88403aa0 89403aa0 
0003a310: 8a003aa0 8b003aa0 8a403aa0 8b403aa0 
0003a320: 88803aa0 89803aa0 88c03aa0 89c03aa0 
0003a330: 8a803aa0 8b803aa0 8ac03aa0 8bc03aa0 
0003a340: 8c003aa0 8d003aa0 8c403aa0 8d403aa0 
0003a350: 8e003aa0 8f003aa0 8e403aa0 8f403aa0 
0003a360: 8c803aa0 8d803aa0 8cc03aa0 8dc03aa0 
0003a370: 8e803aa0 8f803aa0 8ec03aa0 8fc03aa0 
0003a380: 88003ba0 89003ba0 88403ba0 89403ba0 
0003a390: 8a003ba0 8b003ba0 8a403ba0 8b403ba0 
0003a3a0: 88803ba0 89803ba0 88c03ba0 89c03ba0 
0003a3b0: 8a803ba0 8b803ba0 8ac03ba0 8bc03ba0 
0003a3c0: 8c003ba0 8d003ba0 8c403ba0 8d403ba0 
0003a3d0: 8e003ba0 8f003ba0 8e403ba0 8f403ba0 
0003a3e0: 8c803ba0 8d803ba0 8cc03ba0 8dc03ba0 
0003a3f0: 8e803ba0 8f803ba0 8ec03ba0 8fc03ba0 
0003a400: 900038a0 910038a0 904038a0 914038a0 
0003a410: 920038a0 930038a0 924038a0 934038a0 
0003a420: 908038a0 918038a0 90c038a0 91c038a0 
0003a430: 928038a0 938038a0 92c038a0 93c038a0 
0003a440: 940038a0 950038a0 944038a0 954038a0 
0003a450: 960038a0 970038a0 964038a0 974038a0 
0003a460: 948038a0 958038a0 94c038a0 95c038a0 
0003a470: 968038a0 978038a0 96c038a0 97c038a0 
0003a480: 900039a0 910039a0 904039a0 914039a0 
0003a490: 920039a0 930039a0 924039a0 934039a0 
0003a4a0: 908039a0 918039a0 90c039a0 91c039a0 
0003a4b0: 928039a0 938039a0 92c039a0 93c039a0 
0003a4c0: 940039a0 950039a0 944039a0 954039a0 
0003a4d0: 960039a0 970039a0 964039a0 974039a0 
0003a4e0: 948039a0 958039a0 94c039a0 95c039a0 
0003a4f0: 968039a0 978039a0 96c039a0 97c039a0 
0003a500: 980038a0 990038a0 984038a0 994038a0 
0003a510: 9a0038a0 9b0038a0 9a4038a0 9b4038a0 
0003a520: 988038a0 998038a0 98c038a0 99c038a0 
0003a530: 9a8038a0 9b8038a0 9ac038a0 9bc038a0 
0003a540: 9c0038a0 9d0038a0 9c4038a0 9d4038a0 
0003a550: 9e0038a0 9f0038a0 9e4038a0 9f4038a0 
0003a560: 9c8038a0 9d8038a0 9cc038a0 9dc038a0 
0003a570: 9e8038a0 9f8038a0 9ec038a0 9fc038a0 
0003a580: 980039a0 990039a0 984039a0 994039a0 
0003a590: 9a0039a0 9b0039a0 9a4039a0 9b4039a0 
0003a5a0: 988039a0 998039a0 98c039a0 99c039a0 
0003a5b0: 9a8039a0 9b8039a0 9ac039a0 9bc039a0 
0003a5c0: 9c0039a0 9d0039a0 9c4039a0 9d4039a0 
0003a5d0: 9e0039a0 9f0039a0 9e4039a0 9f4039a0 
0003a5e0: 9c8039a0 9d8039a0 9cc039a0 9dc039a0 
0003a5f0: 9e8039a0 9f8039a0 9ec039a0 9fc039a0 
0003a600: 90003aa0 91003aa0 90403aa0 91403aa0 
0003a610: 92003aa0 93003aa0 92403aa0 93403aa0 
0003a620: 90803aa0 91803aa0 90c03aa0 91c03aa0 
0003a630: 92803aa0 93803aa0 92c03aa0 93c03aa0 
0003a640: 94003aa0 95003aa0 94403aa0 95403aa0 
0003a650: 96003aa0 97003aa0 96403aa0 97403aa0 
0003a660: 94803aa0 95803aa0 94c03aa0 95c03aa0 
0003a670: 96803aa0 97803aa0 96c03aa0 97c03aa0 
0003a680: 90003ba0 91003ba0 90403ba0 91403ba0 
0003a690: 92003ba0 93003ba0 92403ba0 93403ba0 
0003a6a0: 90803ba0 91803ba0 90c03ba0 91c03ba0 
0003a6b0: 92803ba0 93803ba0 92c03ba0 93c03ba0 
0003a6c0: 94003ba0 95003ba0 94403ba0 95403ba0 
0003a6d0: 96003ba0 97003ba0 96403ba0 97403ba0 
0003a6e0: 94803ba0 95803ba0 94c03ba0 95c03ba0 
0003a6f0: 96803ba0 97803ba0 96c03ba0 97c03ba0 
0003a700: 98003aa0 99003aa0 98403aa0 99403aa0 
0003a710: 9a003aa0 9b003aa0 9a403aa0 9b403aa0 
0003a720: 98803aa0 99803aa0 98c03aa0 99c03aa0 
0003a730: 9a803aa0 9b803aa0 9ac03aa0 9bc03aa0 
0003a740: 9c003aa0 9d003aa0 9c403aa0 9d403aa0 
0003a750: 9e003aa0 9f003aa0 9e403aa0 9f403aa0 
0003a760: 9c803aa0 9d803aa0 9cc03aa0 9dc03aa0 
0003a770: 9e803aa0 9f803aa0 9ec03aa0 9fc03aa0 
0003a780: 98003ba0 99003ba0 98403ba0 99403ba0 
0003a790: 9a003ba0 9b003ba0 9a403ba0 9b403ba0 
0003a7a0: 98803ba0 99803ba0 98c03ba0 99c03ba0 
0003a7b0: 9a803ba0 9b803ba0 9ac03ba0 9bc03ba0 
0003a7c0: 9c003ba0 9d003ba0 9c403ba0 9d403ba0 
0003a7d0: 9e003ba0 9f003ba0 9e403ba0 9f403ba0 
0003a7e0: 9c803ba0 9d803ba0 9cc03ba0 9dc03ba0 
0003a7f0: 9e803ba0 9f803ba0 9ec03ba0 9fc03ba0 
0003a800: 80003ca0 81003ca0 80403ca0 81403ca0 
0003a810: 82003ca0 83003ca0 82403ca0 83403ca0 
0003a820: 80803ca0 81803ca0 80c03ca0 81c03ca0 
0003a830: 82803ca0 83803ca0 82c03ca0 83c03ca0 
0003a840: 84003ca0 85003ca0 84403ca0 85403ca0 
0003a850: 86003ca0 87003ca0 86403ca0 87403ca0 
0003a860: 84803ca0 85803ca0 84c03ca0 85c03ca0 
0003a870: 86803ca0 87803ca0 86c03ca0 87c03ca0 
0003a880: 80003da0 81003da0 80403da0 81403da0 
0003a890: 82003da0 83003da0 82403da0 83403da0 
0003a8a0: 80803da0 81803da0 80c03da0 81c03da0 
0003a8b0: 82803da0 83803da0 82c03da0 83c03da0 
0003a8c0: 84003da0 85003da0 84403da0 85403da0 
0003a8d0: 86003da0 87003da0 86403da0 87403da0 
0003a8e0: 84803da0 85803da0 84c03da0 85c03da0 
0003a8f0: 86803da0 87803da0 86c03da0 87c03da0 
0003a900: 88003ca0 89003ca0 88403ca0 89403ca0 
0003a910: 8a003ca0 8b003ca0 8a403ca0 8b403ca0 
0003a920: 88803ca0 89803ca0 88c03ca0 89c03ca0 
0003a930: 8a803ca0 8b803ca0 8ac03ca0 8bc03ca0 
0003a940: 8c003ca0 8d003ca0 8c403ca0 8d403ca0 
0003a950: 8e003ca0 8f003ca0 8e403ca0 8f403ca0 
0003a960: 8c803ca0 8d803ca0 8cc03ca0 8dc03ca0 
0003a970: 8e803ca0 8f803ca0 8ec03ca0 8fc03ca0 
0003a980: 88003da0 89003da0 88403da0 89403da0 
0003a990: 8a003da0 8b003da0 8a403da0 8b403da0 
0003a9a0: 88803da0 89803da0 88c03da0 89c03da0 
0003a9b0: 8a803da0 8b803da0 8ac03da0 8bc03da0 
0003a9c0: 8c003da0 8d003da0 8c403da0 8d403da0 
0003a9d0: 8e003da0 8f003da0 8e403da0 8f403da0 
0003a9e0: 8c803da0 8d803da0 8cc03da0 8dc03da0 
0003a9f0: 8e803da0 8f803da0 8ec03da0 8fc03da0 
0003aa00: 80003ea0 81003ea0 80403ea0 81403ea0 
0003aa10: 82003ea0 83003ea0 82403ea0 83403ea0 
0003aa20: 80803ea0 81803ea0 80c03ea0 81c03ea0 
0003aa30: 82803ea0 83803ea0 82c03ea0 83c03ea0 
0003aa40: 84003ea0 85003ea0 84403ea0 85403ea0 
0003aa50: 86003ea0 87003ea0 86403ea0 87403ea0 
0003aa60: 84803ea0 85803ea0 84c03ea0 85c03ea0 
0003aa70: 86803ea0 87803ea0 86c03ea0 87c03ea0 
0003aa80: 80003fa0 81003fa0 80403fa0 81403fa0 
0003aa90: 82003fa0 83003fa0 82403fa0 83403fa0 
0003aaa0: 80803fa0 81803fa0 80c03fa0 81c03fa0 
0003aab0: 82803fa0 83803fa0 82c03fa0 83c03fa0 
0003aac0: 84003fa0 85003fa0 84403fa0 85403fa0 
0003aad0: 86003fa0 87003fa0 86403fa0 87403fa0 
0003aae0: 84803fa0 85803fa0 84c03fa0 85c03fa0 
0003aaf0: 86803fa0 87803fa0 86c03fa0 87c03fa0 
0003ab00: 88003ea0 89003ea0 88403ea0 89403ea0 
0003ab10: 8a003ea0 8b003ea0 8a403ea0 8b403ea0 
0003ab20: 88803ea0 89803ea0 88c03ea0 89c03ea0 
0003ab30: 8a803ea0 8b803ea0 8ac03ea0 8bc03ea0 
0003ab40: 8c003ea0 8d003ea0 8c403ea0 8d403ea0 
0003ab50: 8e003ea0 8f003ea0 8e403ea0 8f403ea0 
0003ab60: 8c803ea0 8d803ea0 8cc03ea0 8dc03ea0 
0003ab70: 8e803ea0 8f803ea0 8ec03ea0 8fc03ea0 
0003ab80: 88003fa0 89003fa0 88403fa0 89403fa0 
0003ab90: 8a003fa0 8b003fa0 8a403fa0 8b403fa0 
0003aba0: 88803fa0 89803fa0 88c03fa0 89c03fa0 
0003abb0: 8a803fa0 8b803fa0 8ac03fa0 8bc03fa0 
0003abc0: 8c003fa0 8d003fa0 8c403fa0 8d403fa0 
0003abd0: 8e003fa0 8f003fa0 8e403fa0 8f403fa0 
0003abe0: 8c803fa0 8d803fa0 8cc03fa0 8dc03fa0 
0003abf0: 8e803fa0 8f803fa0 8ec03fa0 8fc03fa0 
0003ac00: 90003ca0 91003ca0 90403ca0 91403ca0 
0003ac10: 92003ca0 93003ca0 92403ca0 93403ca0 
0003ac20: 90803ca0 91803ca0 90c03ca0 91c03ca0 
0003ac30: 92803ca0 93803ca0 92c03ca0 93c03ca0 
0003ac40: 94003ca0 95003ca0 94403ca0 95403ca0 
0003ac50: 96003ca0 97003ca0 96403ca0 97403ca0 
0003ac60: 94803ca0 95803ca0 94c03ca0 95c03ca0 
0003ac70: 96803ca0 97803ca0 96c03ca0 97c03ca0 
0003ac80: 90003da0 91003da0 90403da0 91403da0 
0003ac90: 92003da0 93003da0 92403da0 93403da0 
0003aca0: 90803da0 91803da0 90c03da0 91c03da0 
0003acb0: 92803da0 93803da0 92c03da0 93c03da0 
0003acc0: 94003da0 95003da0 94403da0 95403da0 
0003acd0: 96003da0 97003da0 96403da0 97403da0 
0003ace0: 94803da0 95803da0 94c03da0 95c03da0 
0003acf0: 96803da0 97803da0 96c03da0 97c03da0 
0003ad00: 98003ca0 99003ca0 98403ca0 99403ca0 
0003ad10: 9a003ca0 9b003ca0 9a403ca0 9b403ca0 
0003ad20: 98803ca0 99803ca0 98c03ca0 99c03ca0 
0003ad30: 9a803ca0 9b803ca0 9ac03ca0 9bc03ca0 
0003ad40: 9c003ca0 9d003ca0 9c403ca0 9d403ca0 
0003ad50: 9e003ca0 9f003ca0 9e403ca0 9f403ca0 
0003ad60: 9c803ca0 9d803ca0 9cc03ca0 9dc03ca0 
0003ad70: 9e803ca0 9f803ca0 9ec03ca0 9fc03ca0 
0003ad80: 98003da0 99003da0 98403da0 99403da0 
0003ad90: 9a003da0 9b003da0 9a403da0 9b403da0 
0003ada0: 98803da0 99803da0 98c03da0 99c03da0 
0003adb0: 9a803da0 9b803da0 9ac03da0 9bc03da0 
0003adc0: 9c003da0 9d003da0 9c403da0 9d403da0 
0003add0: 9e003da0 9f003da0 9e403da0 9f403da0 
0003ade0: 9c803da0 9d803da0 9cc03da0 9dc03da0 
0003adf0: 9e803da0 9f803da0 9ec03da0 9fc03da0 
0003ae00: 90003ea0 91003ea0 90403ea0 91403ea0 
0003ae10: 92003ea0 93003ea0 92403ea0 93403ea0 
0003ae20: 90803ea0 91803ea0 90c03ea0 91c03ea0 
0003ae30: 92803ea0 93803ea0 92c03ea0 93c03ea0 
0003ae40: 94003ea0 95003ea0 94403ea0 95403ea0 
0003ae50: 96003ea0 97003ea0 96403ea0 97403ea0 
0003ae60: 94803ea0 95803ea0 94c03ea0 95c03ea0 
0003ae70: 96803ea0 97803ea0 96c03ea0 97c03ea0 
0003ae80: 90003fa0 91003fa0 90403fa0 91403fa0 
0003ae90: 92003fa0 93003fa0 92403fa0 93403fa0 
0003aea0: 90803fa0 91803fa0 90c03fa0 91c03fa0 
0003aeb0: 92803fa0 93803fa0 92c03fa0 93c03fa0 
0003aec0: 94003fa0 95003fa0 94403fa0 95403fa0 
0003aed0: 96003fa0 97003fa0 96403fa0 97403fa0 
0003aee0: 94803fa0 95803fa0 94c03fa0 95c03fa0 
0003aef0: 96803fa0 97803fa0 96c03fa0 97c03fa0 
0003af00: 98003ea0 99003ea0 98403ea0 99403ea0 
0003af10: 9a003ea0 9b003ea0 9a403ea0 9b403ea0 
0003af20: 98803ea0 99803ea0 98c03ea0 99c03ea0 
0003af30: 9a803ea0 9b803ea0 9ac03ea0 9bc03ea0 
0003af40: 9c003ea0 9d003ea0 9c403ea0 9d403ea0 
0003af50: 9e003ea0 9f003ea0 9e403ea0 9f403ea0 
0003af60: 9c803ea0 9d803ea0 9cc03ea0 9dc03ea0 
0003af70: 9e803ea0 9f803ea0 9ec03ea0 9fc03ea0 
0003af80: 98003fa0 99003fa0 98403fa0 99403fa0 
0003af90: 9a003fa0 9b003fa0 9a403fa0 9b403fa0 
0003afa0: 98803fa0 99803fa0 98c03fa0 99c03fa0 
0003afb0: 9a803fa0 9b803fa0 9ac03fa0 9bc03fa0 
0003afc0: 9c003fa0 9d003fa0 9c403fa0 9d403fa0 
0003afd0: 9e003fa0 9f003fa0 9e403fa0 9f403fa0 
0003afe0: 9c803fa0 9d803fa0 9cc03fa0 9dc03fa0 
0003aff0: 9e803fa0 9f803fa0 9ec03fa0 9fc03fa0 
0003b000: a00038a0 a10038a0 a04038a0 a14038a0 
0003b010: a20038a0 a30038a0 a24038a0 a34038a0 
0003b020: a08038a0 a18038a0 a0c038a0 a1c038a0 
0003b030: a28038a0 a38038a0 a2c038a0 a3c038a0 
0003b040: a40038a0 a50038a0 a44038a0 a54038a0 
0003b050: a60038a0 a70038a0 a64038a0 a74038a0 
0003b060: a48038a0 a58038a0 a4c038a0 a5c038a0 
0003b070: a68038a0 a78038a0 a6c038a0 a7c038a0 
0003b080: a00039a0 a10039a0 a04039a0 a14039a0 
0003b090: a20039a0 a30039a0 a24039a0 a34039a0 
0003b0a0: a08039a0 a18039a0 a0c039a0 a1c039a0 
0003b0b0: a28039a0 a38039a0 a2c039a0 a3c039a0 
0003b0c0: a40039a0 a50039a0 a44039a0 a54039a0 
0003b0d0: a60039a0 a70039a0 a64039a0 a74039a0 
0003b0e0: a48039a0 a58039a0 a4c039a0 a5c039a0 
0003b0f0: a68039a0 a78039a0 a6c039a0 a7c039a0 
0003b100: a80038a0 a90038a0 a84038a0 a94038a0 
0003b110: aa0038a0 ab0038a0 aa4038a0 ab4038a0 
0003b120: a88038a0 a98038a0 a8c038a0 a9c038a0 
0003b130: aa8038a0 ab8038a0 aac038a0 abc038a0 
0003b140: ac0038a0 ad0038a0 ac4038a0 ad4038a0 
0003b150: ae0038a0 af0038a0 ae4038a0 af4038a0 
0003b160: ac8038a0 ad8038a0 acc038a0 adc038a0 
0003b170: ae8038a0 af8038a0 aec038a0 afc038a0 
0003b180: a80039a0 a90039a0 a84039a0 a94039a0 
0003b190: aa0039a0 ab0039a0 aa4039a0 ab4039a0 
0003b1a0: a88039a0 a98039a0 a8c039a0 a9c039a0 
0003b1b0: aa8039a0 ab8039a0 aac039a0 abc039a0 
0003b1c0: ac0039a0 ad0039a0 ac4039a0 ad4039a0 
0003b1d0: ae0039a0 af0039a0 ae4039a0 af4039a0 
0003b1e0: ac8039a0 ad8039a0 acc039a0 adc039a0 
0003b1f0: ae8039a0 af8039a0 aec039a0 afc039a0 
0003b200: a0003aa0 a1003aa0 a0403aa0 a1403aa0 
0003b210: a2003aa0 a3003aa0 a2403aa0 a3403aa0 
0003b220: a0803aa0 a1803aa0 a0c03aa0 a1c03aa0 
0003b230: a2803aa0 a3803aa0 a2c03aa0 a3c03aa0 
0003b240: a4003aa0 a5003aa0 a4403aa0 a5403aa0 
0003b250: a6003aa0 a7003aa0 a6403aa0 a7403aa0 
0003b260: a4803aa0 a5803aa0 a4c03aa0 a5c03aa0 
0003b270: a6803aa0 a7803aa0 a6c03aa0 a7c03aa0 
0003b280: a0003ba0 a1003ba0 a0403ba0 a1403ba0 
0003b290: a2003ba0 a3003ba0 a2403ba0 a3403ba0 
0003b2a0: a0803ba0 a1803ba0 a0c03ba0 a1c03ba0 
0003b2b0: a2803ba0 a3803ba0 a2c03ba0 a3c03ba0 
0003b2c0: a4003ba0 a5003ba0 a4403ba0 a5403ba0 
0003b2d0: a6003ba0 a7003ba0 a6403ba0 a7403ba0 
0003b2e0: a4803ba0 a5803ba0 a4c03ba0 a5c03ba0 
0003b2f0: a6803ba0 a7803ba0 a6c03ba0 a7c03ba0 
0003b300: a8003aa0 a9003aa0 a8403aa0 a9403aa0 
0003b310: aa003aa0 ab003aa0 aa403aa0 ab403aa0 
0003b320: a8803aa0 a9803aa0 a8c03aa0 a9c03aa0 
0003b330: aa803aa0 ab803aa0 aac03aa0 abc03aa0 
0003b340: ac003aa0 ad003aa0 ac403aa0 ad403aa0 
0003b350: ae003aa0 af003aa0 ae403aa0 af403aa0 
0003b360: ac803aa0 ad803aa0 acc03aa0 adc03aa0 
0003b370: ae803aa0 af803aa0 aec03aa0 afc03aa0 
0003b380: a8003ba0 a9003ba0 a8403ba0 a9403ba0 
0003b390: aa003ba0 ab003ba0 aa403ba0 ab403ba0 
0003b3a0: a8803ba0 a9803ba0 a8c03ba0 a9c03ba0 
0003b3b0: aa803ba0 ab803ba0 aac03ba0 abc03ba0 
0003b3c0: ac003ba0 ad003ba0 ac403ba0 ad403ba0 
0003b3d0: ae003ba0 af003ba0 ae403ba0 af403ba0 
0003b3e0: ac803ba0 ad803ba0 acc03ba0 adc03ba0 
0003b3f0: ae803ba0 af803ba0 aec03ba0 afc03ba0 
0003b400: b00038a0 b10038a0 b04038a0 b14038a0 
0003b410: b20038a0 b30038a0 b24038a0 b34038a0 
0003b420: b08038a0 b18038a0 b0c038a0 b1c038a0 
0003b430: b28038a0 b38038a0 b2c038a0 b3c038a0 
0003b440: b40038a0 b50038a0 b44038a0 b54038a0 
0003b450: b60038a0 b70038a0 b64038a0 b74038a0 
0003b460: b48038a0 b58038a0 b4c038a0 b5c038a0 
0003b470: b68038a0 b78038a0 b6c038a0 b7c038a0 
0003b480: b00039a0 b10039a0 b04039a0 b14039a0 
0003b490: b20039a0 b30039a0 b24039a0 b34039a0 
0003b4a0: b08039a0 b18039a0 b0c039a0 b1c039a0 
0003b4b0: b28039a0 b38039a0 b2c039a0 b3c039a0 
0003b4c0: b40039a0 b50039a0 b44039a0 b54039a0 
0003b4d0: b60039a0 b70039a0 b64039a0 b74039a0 
0003b4e0: b48039a0 b58039a0 b4c039a0 b5c039a0 
0003b4f0: b68039a0 b78039a0 b6c039a0 b7c039a0 
0003b500: b80038a0 b90038a0 b84038a0 b94038a0 
0003b510: ba0038a0 bb0038a0 ba4038a0 bb4038a0 
0003b520: b88038a0 b98038a0 b8c038a0 b9c038a0 
0003b530: ba8038a0 bb8038a0 bac038a0 bbc038a0 
0003b540: bc0038a0 bd0038a0 bc4038a0 bd4038a0 
0003b550: be0038a0 bf0038a0 be4038a0 bf4038a0 
0003b560: bc8038a0 bd8038a0 bcc038a0 bdc038a0 
0003b570: be8038a0 bf8038a0 bec038a0 bfc038a0 
0003b580: b80039a0 b90039a0 b84039a0 b94039a0 
0003b590: ba0039a0 bb0039a0 ba4039a0 bb4039a0 
0003b5a0: b88039a0 b98039a0 b8c039a0 b9c039a0 
0003b5b0: ba8039a0 bb8039a0 bac039a0 bbc039a0 
0003b5c0: bc0039a0 bd0039a0 bc4039a0 bd4039a0 
0003b5d0: be0039a0 bf0039a0 be4039a0 bf4039a0 
0003b5e0: bc8039a0 bd8039a0 bcc039a0 bdc039a0 
0003b5f0: be8039a0 bf8039a0 bec039a0 bfc039a0 
0003b600: b0003aa0 b1003aa0 b0403aa0 b1403aa0 
0003b610: b2003aa0 b3003aa0 b2403aa0 b3403aa0 
0003b620: b0803aa0 b1803aa0 b0c03aa0 b1c03aa0 
0003b630: b2803aa0 b3803aa0 b2c03aa0 b3c03aa0 
0003b640: b4003aa0 b5003aa0 b4403aa0 b5403aa0 
0003b650: b6003aa0 b7003aa0 b6403aa0 b7403aa0 
0003b660: b4803aa0 b5803aa0 b4c03aa0 b5c03aa0 
0003b670: b6803aa0 b7803aa0 b6c03aa0 b7c03aa0 
0003b680: b0003ba0 b1003ba0 b0403ba0 b1403ba0 
0003b690: b2003ba0 b3003ba0 b2403ba0 b3403ba0 
0003b6a0: b0803ba0 b1803ba0 b0c03ba0 b1c03ba0 
0003b6b0: b2803ba0 b3803ba0 b2c03ba0 b3c03ba0 
0003b6c0: b4003ba0 b5003ba0 b4403ba0 b5403ba0 
0003b6d0: b6003ba0 b7003ba0 b6403ba0 b7403ba0 
0003b6e0: b4803ba0 b5803ba0 b4c03ba0 b5c03ba0 
0003b6f0: b6803ba0 b7803ba0 b6c03ba0 b7c03ba0 
0003b700: b8003aa0 b9003aa0 b8403aa0 b9403aa0 
0003b710: ba003aa0 bb003aa0 ba403aa0 bb403aa0 
0003b720: b8803aa0 b9803aa0 b8c03aa0 b9c03aa0 
0003b730: ba803aa0 bb803aa0 bac03aa0 bbc03aa0 
0003b740: bc003aa0 bd003aa0 bc403aa0 bd403aa0 
0003b750: be003aa0 bf003aa0 be403aa0 bf403aa0 
0003b760: bc803aa0 bd803aa0 bcc03aa0 bdc03aa0 
0003b770: be803aa0 bf803aa0 bec03aa0 bfc03aa0 
0003b780: b8003ba0 b9003ba0 b8403ba0 b9403ba0 
0003b790: ba003ba0 bb003ba0 ba403ba0 bb403ba0 
0003b7a0: b8803ba0 b9803ba0 b8c03ba0 b9c03ba0 
0003b7b0: ba803ba0 bb803ba0 bac03ba0 bbc03ba0 
0003b7c0: bc003ba0 bd003ba0 bc403ba0 bd403ba0 
0003b7d0: be003ba0 bf003ba0 be403ba0 bf403ba0 
0003b7e0: bc803ba0 bd803ba0 bcc03ba0 bdc03ba0 
0003b7f0: be803ba0 bf803ba0 bec03ba0 bfc03ba0 
0003b800: a0003ca0 a1003ca0 a0403ca0 a1403ca0 
0003b810: a2003ca0 a3003ca0 a2403ca0 a3403ca0 
0003b820: a0803ca0 a1803ca0 a0c03ca0 a1c03ca0 
0003b830: a2803ca0 a3803ca0 a2c03ca0 a3c03ca0 
0003b840: a4003ca0 a5003ca0 a4403ca0 a5403ca0 
0003b850: a6003ca0 a7003ca0 a6403ca0 a7403ca0 
0003b860: a4803ca0 a5803ca0 a4c03ca0 a5c03ca0 
0003b870: a6803ca0 a7803ca0 a6c03ca0 a7c03ca0 
0003b880: a0003da0 a1003da0 a0403da0 a1403da0 
0003b890: a2003da0 a3003da0 a2403da0 a3403da0 
0003b8a0: a0803da0 a1803da0 a0c03da0 a1c03da0 
0003b8b0: a2803da0 a3803da0 a2c03da0 a3c03da0 
0003b8c0: a4003da0 a5003da0 a4403da0 a5403da0 
0003b8d0: a6003da0 a7003da0 a6403da0 a7403da0 
0003b8e0: a4803da0 a5803da0 a4c03da0 a5c03da0 
0003b8f0: a6803da0 a7803da0 a6c03da0 a7c03da0 
0003b900: a8003ca0 a9003ca0 a8403ca0 a9403ca0 
0003b910: aa003ca0 ab003ca0 aa403ca0 ab403ca0 
0003b920: a8803ca0 a9803ca0 a8c03ca0 a9c03ca0 
0003b930: aa803ca0 ab803ca0 aac03ca0 abc03ca0 
0003b940: ac003ca0 ad003ca0 ac403ca0 ad403ca0 
0003b950: ae003ca0 af003ca0 ae403ca0 af403ca0 
0003b960: ac803ca0 ad803ca0 acc03ca0 adc03ca0 
0003b970: ae803ca0 af803ca0 aec03ca0 afc03ca0 
0003b980: a8003da0 a9003da0 a8403da0 a9403da0 
0003b990: aa003da0 ab003da0 aa403da0 ab403da0 
0003b9a0: a8803da0 a9803da0 a8c03da0 a9c03da0 
0003b9b0: aa803da0 ab803da0 aac03da0 abc03da0 
0003b9c0: ac003da0 ad003da0 ac403da0 ad403da0 
0003b9d0: ae003da0 af003da0 ae403da0 af403da0 
0003b9e0: ac803da0 ad803da0 acc03da0 adc03da0 
0003b9f0: ae803da0 af803da0 aec03da0 afc03da0 
0003ba00: a0003ea0 a1003ea0 a0403ea0 a1403ea0 
0003ba10: a2003ea0 a3003ea0 a2403ea0 a3403ea0 
0003ba20: a0803ea0 a1803ea0 a0c03ea0 a1c03ea0 
0003ba30: a2803ea0 a3803ea0 a2c03ea0 a3c03ea0 
0003ba40: a4003ea0 a5003ea0 a4403ea0 a5403ea0 
0003ba50: a6003ea0 a7003ea0 a6403ea0 a7403ea0 
0003ba60: a4803ea0 a5803ea0 a4c03ea0 a5c03ea0 
0003ba70: a6803ea0 a7803ea0 a6c03ea0 a7c03ea0 
0003ba80: a0003fa0 a1003fa0 a0403fa0 a1403fa0 
0003ba90: a2003fa0 a3003fa0 a2403fa0 a3403fa0 
0003baa0: a0803fa0 a1803fa0 a0c03fa0 a1c03fa0 
0003bab0: a2803fa0 a3803fa0 a2c03fa0 a3c03fa0 
0003bac0: a4003fa0 a5003fa0 a4403fa0 a5403fa0 
0003bad0: a6003fa0 a7003fa0 a6403fa0 a7403fa0 
0003bae0: a4803fa0 a5803fa0 a4c03fa0 a5c03fa0 
0003baf0: a6803fa0 a7803fa0 a6c03fa0 a7c03fa0 
0003bb00: a8003ea0 a9003ea0 a8403ea0 a9403ea0 
0003bb10: aa003ea0 ab003ea0 aa403ea0 ab403ea0 
0003bb20: a8803ea0 a9803ea0 a8c03ea0 a9c03ea0 
0003bb30: aa803ea0 ab803ea0 aac03ea0 abc03ea0 
0003bb40: ac003ea0 ad003ea0 ac403ea0 ad403ea0 
0003bb50: ae003ea0 af003ea0 ae403ea0 af403ea0 
0003bb60: ac803ea0 ad803ea0 acc03ea0 adc03ea0 
0003bb70: ae803ea0 af803ea0 aec03ea0 afc03ea0 
0003bb80: a8003fa0 a9003fa0 a8403fa0 a9403fa0 
0003bb90: aa003fa0 ab003fa0 aa403fa0 ab403fa0 
0003bba0: a8803fa0 a9803fa0 a8c03fa0 a9c03fa0 
0003bbb0: aa803fa0 ab803fa0 aac03fa0 abc03fa0 
0003bbc0: ac003fa0 ad003fa0 ac403fa0 ad403fa0 
0003bbd0: ae003fa0 af003fa0 ae403fa0 af403fa0 
0003bbe0: ac803fa0 ad803fa0 acc03fa0 adc03fa0 
0003bbf0: ae803fa0 af803fa0 aec03fa0 afc03fa0 
0003bc00: b0003ca0 b1003ca0 b0403ca0 b1403ca0 
0003bc10: b2003ca0 b3003ca0 b2403ca0 b3403ca0 
0003bc20: b0803ca0 b1803ca0 b0c03ca0 b1c03ca0 
0003bc30: b2803ca0 b3803ca0 b2c03ca0 b3c03ca0 
0003bc40: b4003ca0 b5003ca0 b4403ca0 b5403ca0 
0003bc50: b6003ca0 b7003ca0 b6403ca0 b7403ca0 
0003bc60: b4803ca0 b5803ca0 b4c03ca0 b5c03ca0 
0003bc70: b6803ca0 b7803ca0 b6c03ca0 b7c03ca0 
0003bc80: b0003da0 b1003da0 b0403da0 b1403da0 
0003bc90: b2003da0 b3003da0 b2403da0 b3403da0 
0003bca0: b0803da0 b1803da0 b0c03da0 b1c03da0 
0003bcb0: b2803da0 b3803da0 b2c03da0 b3c03da0 
0003bcc0: b4003da0 b5003da0 b4403da0 b5403da0 
0003bcd0: b6003da0 b7003da0 b6403da0 b7403da0 
0003bce0: b4803da0 b5803da0 b4c03da0 b5c03da0 
0003bcf0: b6803da0 b7803da0 b6c03da0 b7c03da0 
0003bd00: b8003ca0 b9003ca0 b8403ca0 b9403ca0 
0003bd10: ba003ca0 bb003ca0 ba403ca0 bb403ca0 
0003bd20: b8803ca0 b9803ca0 b8c03ca0 b9c03ca0 
0003bd30: ba803ca0 bb803ca0 bac03ca0 bbc03ca0 
0003bd40: bc003ca0 bd003ca0 bc403ca0 bd403ca0 
0003bd50: be003ca0 bf003ca0 be403ca0 bf403ca0 
0003bd60: bc803ca0 bd803ca0 bcc03ca0 bdc03ca0 
0003bd70: be803ca0 bf803ca0 bec03ca0 bfc03ca0 
0003bd80: b8003da0 b9003da0 b8403da0 b9403da0 
0003bd90: ba003da0 bb003da0 ba403da0 bb403da0 
0003bda0: b8803da0 b9803da0 b8c03da0 b9c03da0 
0003bdb0: ba803da0 bb803da0 bac03da0 bbc03da0 
0003bdc0: bc003da0 bd003da0 bc403da0 bd403da0 
0003bdd0: be003da0 bf003da0 be403da0 bf403da0 
0003bde0: bc803da0 bd803da0 bcc03da0 bdc03da0 
0003bdf0: be803da0 bf803da0 bec03da0 bfc03da0 
0003be00: b0003ea0 b1003ea0 b0403ea0 b1403ea0 
0003be10: b2003ea0 b3003ea0 b2403ea0 b3403ea0 
0003be20: b0803ea0 b1803ea0 b0c03ea0 b1c03ea0 
0003be30: b2803ea0 b3803ea0 b2c03ea0 b3c03ea0 
0003be40: b4003ea0 b5003ea0 b4403ea0 b5403ea0 
0003be50: b6003ea0 b7003ea0 b6403ea0 b7403ea0 
0003be60: b4803ea0 b5803ea0 b4c03ea0 b5c03ea0 
0003be70: b6803ea0 b7803ea0 b6c03ea0 b7c03ea0 
0003be80: b0003fa0 b1003fa0 b0403fa0 b1403fa0 
0003be90: b2003fa0 b3003fa0 b2403fa0 b3403fa0 
0003bea0: b0803fa0 b1803fa0 b0c03fa0 b1c03fa0 
0003beb0: b2803fa0 b3803fa0 b2c03fa0 b3c03fa0 
0003bec0: b4003fa0 b5003fa0 b4403fa0 b5403fa0 
0003bed0: b6003fa0 b7003fa0 b6403fa0 b7403fa0 
0003bee0: b4803fa0 b5803fa0 b4c03fa0 b5c03fa0 
0003bef0: b6803fa0 b7803fa0 b6c03fa0 b7c03fa0 
0003bf00: b8003ea0 b9003ea0 b8403ea0 b9403ea0 
0003bf10: ba003ea0 bb003ea0 ba403ea0 bb403ea0 
0003bf20: b8803ea0 b9803ea0 b8c03ea0 b9c03ea0 
0003bf30: ba803ea0 bb803ea0 bac03ea0 bbc03ea0 
0003bf40: bc003ea0 bd003ea0 bc403ea0 bd403ea0 
0003bf50: be003ea0 bf003ea0 be403ea0 bf403ea0 
0003bf60: bc803ea0 bd803ea0 bcc03ea0 bdc03ea0 
0003bf70: be803ea0 bf803ea0 bec03ea0 bfc03ea0 
0003bf80: b8003fa0 b9003fa0 b8403fa0 b9403fa0 
0003bf90: ba003fa0 bb003fa0 ba403fa0 bb403fa0 
0003bfa0: b8803fa0 b9803fa0 b8c03fa0 b9c03fa0 
0003bfb0: ba803fa0 bb803fa0 bac03fa0 bbc03fa0 
0003bfc0: bc003fa0 bd003fa0 bc403fa0 bd403fa0 
0003bfd0: be003fa0 bf003fa0 be403fa0 bf403fa0 
0003bfe0: bc803fa0 bd803fa0 bcc03fa0 bdc03fa0 
0003bff0: be803fa0 bf803fa0 bec03fa0 bfc03fa0 
0003c000: c00030a0 c10030a0 c04030a0 c14030a0 
0003c010: c20030a0 c30030a0 c24030a0 c34030a0 
0003c020: c08030a0 c18030a0 c0c030a0 c1c030a0 
0003c030: c28030a0 c38030a0 c2c030a0 c3c030a0 
0003c040: c40030a0 c50030a0 c44030a0 c54030a0 
0003c050: c60030a0 c70030a0 c64030a0 c74030a0 
0003c060: c48030a0 c58030a0 c4c030a0 c5c030a0 
0003c070: c68030a0 c78030a0 c6c030a0 c7c030a0 
0003c080: c00031a0 c10031a0 c04031a0 c14031a0 
0003c090: c20031a0 c30031a0 c24031a0 c34031a0 
0003c0a0: c08031a0 c18031a0 c0c031a0 c1c031a0 
0003c0b0: c28031a0 c38031a0 c2c031a0 c3c031a0 
0003c0c0: c40031a0 c50031a0 c44031a0 c54031a0 
0003c0d0: c60031a0 c70031a0 c64031a0 c74031a0 
0003c0e0: c48031a0 c58031a0 c4c031a0 c5c031a0 
0003c0f0: c68031a0 c78031a0 c6c031a0 c7c031a0 
0003c100: c80030a0 c90030a0 c84030a0 c94030a0 
0003c110: ca0030a0 cb0030a0 ca4030a0 cb4030a0 
0003c120: c88030a0 c98030a0 c8c030a0 c9c030a0 
0003c130: ca8030a0 cb8030a0 cac030a0 cbc030a0 
0003c140: cc0030a0 cd0030a0 cc4030a0 cd4030a0 
0003c150: ce0030a0 cf0030a0 ce4030a0 cf4030a0 
0003c160: cc8030a0 cd8030a0 ccc030a0 cdc030a0 
0003c170: ce8030a0 cf8030a0 cec030a0 cfc030a0 
0003c180: c80031a0 c90031a0 c84031a0 c94031a0 
0003c190: ca0031a0 cb0031a0 ca4031a0 cb4031a0 
0003c1a0: c88031a0 c98031a0 c8c031a0 c9c031a0 
0003c1b0: ca8031a0 cb8031a0 cac031a0 cbc031a0 
0003c1c0: cc0031a0 cd0031a0 cc4031a0 cd4031a0 
0003c1d0: ce0031a0 cf0031a0 ce4031a0 cf4031a0 
0003c1e0: cc8031a0 cd8031a0 ccc031a0 cdc031a0 
0003c1f0: ce8031a0 cf8031a0 cec031a0 cfc031a0 
0003c200: c00032a0 c10032a0 c04032a0 c14032a0 
0003c210: c20032a0 c30032a0 c24032a0 c34032a0 
0003c220: c08032a0 c18032a0 c0c032a0 c1c032a0 
0003c230: c28032a0 c38032a0 c2c032a0 c3c032a0 
0003c240: c40032a0 c50032a0 c44032a0 c54032a0 
0003c250: c60032a0 c70032a0 c64032a0 c74032a0 
0003c260: c48032a0 c58032a0 c4c032a0 c5c032a0 
0003c270: c68032a0 c78032a0 c6c032a0 c7c032a0 
0003c280: c00033a0 c10033a0 c04033a0 c14033a0 
0003c290: c20033a0 c30033a0 c24033a0 c34033a0 
0003c2a0: c08033a0 c18033a0 c0c033a0 c1c033a0 
0003c2b0: c28033a0 c38033a0 c2c033a0 c3c033a0 
0003c2c0: c40033a0 c50033a0 c44033a0 c54033a0 
0003c2d0: c60033a0 c70033a0 c64033a0 c74033a0 
0003c2e0: c48033a0 c58033a0 c4c033a0 c5c033a0 
0003c2f0: c68033a0 c78033a0 c6c033a0 c7c033a0 
0003c300: c80032a0 c90032a0 c84032a0 c94032a0 
0003c310: ca0032a0 cb0032a0 ca4032a0 cb4032a0 
0003c320: c88032a0 c98032a0 c8c032a0 c9c032a0 
0003c330: ca8032a0 cb8032a0 cac032a0 cbc032a0 
0003c340: cc0032a0 cd0032a0 cc4032a0 cd4032a0 
0003c350: ce0032a0 cf0032a0 ce4032a0 cf4032a0 
0003c360: cc8032a0 cd8032a0 ccc032a0 cdc032a0 
0003c370: ce8032a0 cf8032a0 cec032a0 cfc032a0 
0003c380: c80033a0 c90033a0 c84033a0 c94033a0 
0003c390: ca0033a0 cb0033a0 ca4033a0 cb4033a0 
0003c3a0: c88033a0 c98033a0 c8c033a0 c9c033a0 
0003c3b0: ca8033a0 cb8033a0 cac033a0 cbc033a0 
0003c3c0: cc0033a0 cd0033a0 cc4033a0 cd4033a0 
0003c3d0: ce0033a0 cf0033a0 ce4033a0 cf4033a0 
0003c3e0: cc8033a0 cd8033a0 ccc033a0 cdc033a0 
0003c3f0: ce8033a0 cf8033a0 cec033a0 cfc033a0 
0003c400: d00030a0 d10030a0 d04030a0 d14030a0 
0003c410: d20030a0 d30030a0 d24030a0 d34030a0 
0003c420: d08030a0 d18030a0 d0c030a0 d1c030a0 
0003c430: d28030a0 d38030a0 d2c030a0 d3c030a0 
0003c440: d40030a0 d50030a0 d44030a0 d54030a0 
0003c450: d60030a0 d70030a0 d64030a0 d74030a0 
0003c460: d48030a0 d58030a0 d4c030a0 d5c030a0 
0003c470: d68030a0 d78030a0 d6c030a0 d7c030a0 
0003c480: d00031a0 d10031a0 d04031a0 d14031a0 
0003c490: d20031a0 d30031a0 d24031a0 d34031a0 
0003c4a0: d08031a0 d18031a0 d0c031a0 d1c031a0 
0003c4b0: d28031a0 d38031a0 d2c031a0 d3c031a0 
0003c4c0: d40031a0 d50031a0 d44031a0 d54031a0 
0003c4d0: d60031a0 d70031a0 d64031a0 d74031a0 
0003c4e0: d48031a0 d58031a0 d4c031a0 d5c031a0 
0003c4f0: d68031a0 d78031a0 d6c031a0 d7c031a0 
0003c500: d80030a0 d90030a0 d84030a0 d94030a0 
0003c510: da0030a0 db0030a0 da4030a0 db4030a0 
0003c520: d88030a0 d98030a0 d8c030a0 d9c030a0 
0003c530: da8030a0 db8030a0 dac030a0 dbc030a0 
0003c540: dc0030a0 dd0030a0 dc4030a0 dd4030a0 
0003c550: de0030a0 df0030a0 de4030a0 df4030a0 
0003c560: dc8030a0 dd8030a0 dcc030a0 ddc030a0 
0003c570: de8030a0 df8030a0 dec030a0 dfc030a0 
0003c580: d80031a0 d90031a0 d84031a0 d94031a0 
0003c590: da0031a0 db0031a0 da4031a0 db4031a0 
0003c5a0: d88031a0 d98031a0 d8c031a0 d9c031a0 
0003c5b0: da8031a0 db8031a0 dac031a0 dbc031a0 
0003c5c0: dc0031a0 dd0031a0 dc4031a0 dd4031a0 
0003c5d0: de0031a0 df0031a0 de4031a0 df4031a0 
0003c5e0: dc8031a0 dd8031a0 dcc031a0 ddc031a0 
0003c5f0: de8031a0 df8031a0 dec031a0 dfc031a0 
0003c600: d00032a0 d10032a0 d04032a0 d14032a0 
0003c610: d20032a0 d30032a0 d24032a0 d34032a0 
0003c620: d08032a0 d18032a0 d0c032a0 d1c032a0 
0003c630: d28032a0 d38032a0 d2c032a0 d3c032a0 
0003c640: d40032a0 d50032a0 d44032a0 d54032a0 
0003c650: d60032a0 d70032a0 d64032a0 d74032a0 
0003c660: d48032a0 d58032a0 d4c032a0 d5c032a0 
0003c670: d68032a0 d78032a0 d6c032a0 d7c032a0 
0003c680: d00033a0 d10033a0 d04033a0 d14033a0 
0003c690: d20033a0 d30033a0 d24033a0 d34033a0 
0003c6a0: d08033a0 d18033a0 d0c033a0 d1c033a0 
0003c6b0: d28033a0 d38033a0 d2c033a0 d3c033a0 
0003c6c0: d40033a0 d50033a0 d44033a0 d54033a0 
0003c6d0: d60033a0 d70033a0 d64033a0 d74033a0 
0003c6e0: d48033a0 d58033a0 d4c033a0 d5c033a0 
0003c6f0: d68033a0 d78033a0 d6c033a0 d7c033a0 
0003c700: d80032a0 d90032a0 d84032a0 d94032a0 
0003c710: da0032a0 db0032a0 da4032a0 db4032a0 
0003c720: d88032a0 d98032a0 d8c032a0 d9c032a0 
0003c730: da8032a0 db8032a0 dac032a0 dbc032a0 
0003c740: dc0032a0 dd0032a0 dc4032a0 dd4032a0 
0003c750: de0032a0 df0032a0 de4032a0 df4032a0 
0003c760: dc8032a0 dd8032a0 dcc032a0 ddc032a0 
0003c770: de8032a0 df8032a0 dec032a0 dfc032a0 
0003c780: d80033a0 d90033a0 d84033a0 d94033a0 
0003c790: da0033a0 db0033a0 da4033a0 db4033a0 
0003c7a0: d88033a0 d98033a0 d8c033a0 d9c033a0 
0003c7b0: da8033a0 db8033a0 dac033a0 dbc033a0 
0003c7c0: dc0033a0 dd0033a0 dc4033a0 dd4033a0 
0003c7d0: de0033a0 df0033a0 de4033a0 df4033a0 
0003c7e0: dc8033a0 dd8033a0 dcc033a0 ddc033a0 
0003c7f0: de8033a0 df8033a0 dec033a0 dfc033a0 
0003c800: c00034a0 c10034a0 c04034a0 c14034a0 
0003c810: c20034a0 c30034a0 c24034a0 c34034a0 
0003c820: c08034a0 c18034a0 c0c034a0 c1c034a0 
0003c830: c28034a0 c38034a0 c2c034a0 c3c034a0 
0003c840: c40034a0 c50034a0 c44034a0 c54034a0 
0003c850: c60034a0 c70034a0 c64034a0 c74034a0 
0003c860: c48034a0 c58034a0 c4c034a0 c5c034a0 
0003c870: c68034a0 c78034a0 c6c034a0 c7c034a0 
0003c880: c00035a0 c10035a0 c04035a0 c14035a0 
0003c890: c20035a0 c30035a0 c24035a0 c34035a0 
0003c8a0: c08035a0 c18035a0 c0c035a0 c1c035a0 
0003c8b0: c28035a0 c38035a0 c2c035a0 c3c035a0 
0003c8c0: c40035a0 c50035a0 c44035a0 c54035a0 
0003c8d0: c60035a0 c70035a0 c64035a0 c74035a0 
0003c8e0: c48035a0 c58035a0 c4c035a0 c5c035a0 
0003c8f0: c68035a0 c78035a0 c6c035a0 c7c035a0 
0003c900: c80034a0 c90034a0 c84034a0 c94034a0 
0003c910: ca0034a0 cb0034a0 ca4034a0 cb4034a0 
0003c920: c88034a0 c98034a0 c8c034a0 c9c034a0 
0003c930: ca8034a0 cb8034a0 cac034a0 cbc034a0 
0003c940: cc0034a0 cd0034a0 cc4034a0 cd4034a0 
0003c950: ce0034a0 cf0034a0 ce4034a0 cf4034a0 
0003c960: cc8034a0 cd8034a0 ccc034a0 cdc034a0 
0003c970: ce8034a0 cf8034a0 cec034a0 cfc034a0 
0003c980: c80035a0 c90035a0 c84035a0 c94035a0 
0003c990: ca0035a0 cb0035a0 ca4035a0 cb4035a0 
0003c9a0: c88035a0 c98035a0 c8c035a0 c9c035a0 
0003c9b0: ca8035a0 cb8035a0 cac035a0 cbc035a0 
0003c9c0: cc0035a0 cd0035a0 cc4035a0 cd4035a0 
0003c9d0: ce0035a0 cf0035a0 ce4035a0 cf4035a0 
0003c9e0: cc8035a0 cd8035a0 ccc035a0 cdc035a0 
0003c9f0: ce8035a0 cf8035a0 cec035a0 cfc035a0 
0003ca00: c00036a0 c10036a0 c04036a0 c14036a0 
0003ca10: c20036a0 c30036a0 c24036a0 c34036a0 
0003ca20: c08036a0 c18036a0 c0c036a0 c1c036a0 
0003ca30: c28036a0 c38036a0 c2c036a0 c3c036a0 
0003ca40: c40036a0 c50036a0 c44036a0 c54036a0 
0003ca50: c60036a0 c70036a0 c64036a0 c74036a0 
0003ca60: c48036a0 c58036a0 c4c036a0 c5c036a0 
0003ca70: c68036a0 c78036a0 c6c036a0 c7c036a0 
0003ca80: c00037a0 c10037a0 c04037a0 c14037a0 
0003ca90: c20037a0 c30037a0 c24037a0 c34037a0 
0003caa0: c08037a0 c18037a0 c0c037a0 c1c037a0 
0003cab0: c28037a0 c38037a0 c2c037a0 c3c037a0 
0003cac0: c40037a0 c50037a0 c44037a0 c54037a0 
0003cad0: c60037a0 c70037a0 c64037a0 c74037a0 
0003cae0: c48037a0 c58037a0 c4c037a0 c5c037a0 
0003caf0: c68037a0 c78037a0 c6c037a0 c7c037a0 
0003cb00: c80036a0 c90036a0 c84036a0 c94036a0 
0003cb10: ca0036a0 cb0036a0 ca4036a0 cb4036a0 
0003cb20: c88036a0 c98036a0 c8c036a0 c9c036a0 
0003cb30: ca8036a0 cb8036a0 cac036a0 cbc036a0 
0003cb40: cc0036a0 cd0036a0 cc4036a0 cd4036a0 
0003cb50: ce0036a0 cf0036a0 ce4036a0 cf4036a0 
0003cb60: cc8036a0 cd8036a0 ccc036a0 cdc036a0 
0003cb70: ce8036a0 cf8036a0 cec036a0 cfc036a0 
0003cb80: c80037a0 c90037a0 c84037a0 c94037a0 
0003cb90: ca0037a0 cb0037a0 ca4037a0 cb4037a0 
0003cba0: c88037a0 c98037a0 c8c037a0 c9c037a0 
0003cbb0: ca8037a0 cb8037a0 cac037a0 cbc037a0 
0003cbc0: cc0037a0 cd0037a0 cc4037a0 cd4037a0 
0003cbd0: ce0037a0 cf0037a0 ce4037a0 cf4037a0 
0003cbe0: cc8037a0 cd8037a0 ccc037a0 cdc037a0 
0003cbf0: ce8037a0 cf8037a0 cec037a0 cfc037a0 
0003cc00: d00034a0 d10034a0 d04034a0 d14034a0 
0003cc10: d20034a0 d30034a0 d24034a0 d34034a0 
0003cc20: d08034a0 d18034a0 d0c034a0 d1c034a0 
0003cc30: d28034a0 d38034a0 d2c034a0 d3c034a0 
0003cc40: d40034a0 d50034a0 d44034a0 d54034a0 
0003cc50: d60034a0 d70034a0 d64034a0 d74034a0 
0003cc60: d48034a0 d58034a0 d4c034a0 d5c034a0 
0003cc70: d68034a0 d78034a0 d6c034a0 d7c034a0 
0003cc80: d00035a0 d10035a0 d04035a0 d14035a0 
0003cc90: d20035a0 d30035a0 d24035a0 d34035a0 
0003cca0: d08035a0 d18035a0 d0c035a0 d1c035a0 
0003ccb0: d28035a0 d38035a0 d2c035a0 d3c035a0 
0003ccc0: d40035a0 d50035a0 d44035a0 d54035a0 
0003ccd0: d60035a0 d70035a0 d64035a0 d74035a0 
0003cce0: d48035a0 d58035a0 d4c035a0 d5c035a0 
0003ccf0: d68035a0 d78035a0 d6c035a0 d7c035a0 
0003cd00: d80034a0 d90034a0 d84034a0 d94034a0 
0003cd10: da0034a0 db0034a0 da4034a0 db4034a0 
0003cd20: d88034a0 d98034a0 d8c034a0 d9c034a0 
0003cd30: da8034a0 db8034a0 dac034a0 dbc034a0 
0003cd40: dc0034a0 dd0034a0 dc4034a0 dd4034a0 
0003cd50: de0034a0 df0034a0 de4034a0 df4034a0 
0003cd60: dc8034a0 dd8034a0 dcc034a0 ddc034a0 
0003cd70: de8034a0 df8034a0 dec034a0 dfc034a0 
0003cd80: d80035a0 d90035a0 d84035a0 d94035a0 
0003cd90: da0035a0 db0035a0 da4035a0 db4035a0 
0003cda0: d88035a0 d98035a0 d8c035a0 d9c035a0 
0003cdb0: da8035a0 db8035a0 dac035a0 dbc035a0 
0003cdc0: dc0035a0 dd0035a0 dc4035a0 dd4035a0 
0003cdd0: de0035a0 df0035a0 de4035a0 df4035a0 
0003cde0: dc8035a0 dd8035a0 dcc035a0 ddc035a0 
0003cdf0: de8035a0 df8035a0 dec035a0 dfc035a0 
0003ce00: d00036a0 d10036a0 d04036a0 d14036a0 
0003ce10: d20036a0 d30036a0 d24036a0 d34036a0 
0003ce20: d08036a0 d18036a0 d0c036a0 d1c036a0 
0003ce30: d28036a0 d38036a0 d2c036a0 d3c036a0 
0003ce40: d40036a0 d50036a0 d44036a0 d54036a0 
0003ce50: d60036a0 d70036a0 d64036a0 d74036a0 
0003ce60: d48036a0 d58036a0 d4c036a0 d5c036a0 
0003ce70: d68036a0 d78036a0 d6c036a0 d7c036a0 
0003ce80: d00037a0 d10037a0 d04037a0 d14037a0 
0003ce90: d20037a0 d30037a0 d24037a0 d34037a0 
0003cea0: d08037a0 d18037a0 d0c037a0 d1c037a0 
0003ceb0: d28037a0 d38037a0 d2c037a0 d3c037a0 
0003cec0: d40037a0 d50037a0 d44037a0 d54037a0 
0003ced0: d60037a0 d70037a0 d64037a0 d74037a0 
0003cee0: d48037a0 d58037a0 d4c037a0 d5c037a0 
0003cef0: d68037a0 d78037a0 d6c037a0 d7c037a0 
0003cf00: d80036a0 d90036a0 d84036a0 d94036a0 
0003cf10: da0036a0 db0036a0 da4036a0 db4036a0 
0003cf20: d88036a0 d98036a0 d8c036a0 d9c036a0 
0003cf30: da8036a0 db8036a0 dac036a0 dbc036a0 
0003cf40: dc0036a0 dd0036a0 dc4036a0 dd4036a0 
0003cf50: de0036a0 df0036a0 de4036a0 df4036a0 
0003cf60: dc8036a0 dd8036a0 dcc036a0 ddc036a0 
0003cf70: de8036a0 df8036a0 dec036a0 dfc036a0 
0003cf80: d80037a0 d90037a0 d84037a0 d94037a0 
0003cf90: da0037a0 db0037a0 da4037a0 db4037a0 
0003cfa0: d88037a0 d98037a0 d8c037a0 d9c037a0 
0003cfb0: da8037a0 db8037a0 dac037a0 dbc037a0 
0003cfc0: dc0037a0 dd0037a0 dc4037a0 dd4037a0 
0003cfd0: de0037a0 df0037a0 de4037a0 df4037a0 
0003cfe0: dc8037a0 dd8037a0 dcc037a0 ddc037a0 
0003cff0: de8037a0 df8037a0 dec037a0 dfc037a0 
0003d000: e00030a0 e10030a0 e04030a0 e14030a0 
0003d010: e20030a0 e30030a0 e24030a0 e34030a0 
0003d020: e08030a0 e18030a0 e0c030a0 e1c030a0 
0003d030: e28030a0 e38030a0 e2c030a0 e3c030a0 
0003d040: e40030a0 e50030a0 e44030a0 e54030a0 
0003d050: e60030a0 e70030a0 e64030a0 e74030a0 
0003d060: e48030a0 e58030a0 e4c030a0 e5c030a0 
0003d070: e68030a0 e78030a0 e6c030a0 e7c030a0 
0003d080: e00031a0 e10031a0 e04031a0 e14031a0 
0003d090: e20031a0 e30031a0 e24031a0 e34031a0 
0003d0a0: e08031a0 e18031a0 e0c031a0 e1c031a0 
0003d0b0: e28031a0 e38031a0 e2c031a0 e3c031a0 
0003d0c0: e40031a0 e50031a0 e44031a0 e54031a0 
0003d0d0: e60031a0 e70031a0 e64031a0 e74031a0 
0003d0e0: e48031a0 e58031a0 e4c031a0 e5c031a0 
0003d0f0: e68031a0 e78031a0 e6c031a0 e7c031a0 
0003d100: e80030a0 e90030a0 e84030a0 e94030a0 
0003d110: ea0030a0 eb0030a0 ea4030a0 eb4030a0 
0003d120: e88030a0 e98030a0 e8c030a0 e9c030a0 
0003d130: ea8030a0 eb8030a0 eac030a0 ebc030a0 
0003d140: ec0030a0 ed0030a0 ec4030a0 ed4030a0 
0003d150: ee0030a0 ef0030a0 ee4030a0 ef4030a0 
0003d160: ec8030a0 ed8030a0 ecc030a0 edc030a0 
0003d170: ee8030a0 ef8030a0 eec030a0 efc030a0 
0003d180: e80031a0 e90031a0 e84031a0 e94031a0 
0003d190: ea0031a0 eb0031a0 ea4031a0 eb4031a0 
0003d1a0: e88031a0 e98031a0 e8c031a0 e9c031a0 
0003d1b0: ea8031a0 eb8031a0 eac031a0 ebc031a0 
0003d1c0: ec0031a0 ed0031a0 ec4031a0 ed4031a0 
0003d1d0: ee0031a0 ef0031a0 ee4031a0 ef4031a0 
0003d1e0: ec8031a0 ed8031a0 ecc031a0 edc031a0 
0003d1f0: ee8031a0 ef8031a0 eec031a0 efc031a0 
0003d200: e00032a0 e10032a0 e04032a0 e14032a0 
0003d210: e20032a0 e30032a0 e24032a0 e34032a0 
0003d220: e08032a0 e18032a0 e0c032a0 e1c032a0 
0003d230: e28032a0 e38032a0 e2c032a0 e3c032a0 
0003d240: e40032a0 e50032a0 e44032a0 e54032a0 
0003d250: e60032a0 e70032a0 e64032a0 e74032a0 
0003d260: e48032a0 e58032a0 e4c032a0 e5c032a0 
0003d270: e68032a0 e78032a0 e6c032a0 e7c032a0 
0003d280: e00033a0 e10033a0 e04033a0 e14033a0 
0003d290: e20033a0 e30033a0 e24033a0 e34033a0 
0003d2a0: e08033a0 e18033a0 e0c033a0 e1c033a0 
0003d2b0: e28033a0 e38033a0 e2c033a0 e3c033a0 
0003d2c0: e40033a0 e50033a0 e44033a0 e54033a0 
0003d2d0: e60033a0 e70033a0 e64033a0 e74033a0 
0003d2e0: e48033a0 e58033a0 e4c033a0 e5c033a0 
0003d2f0: e68033a0 e78033a0 e6c033a0 e7c033a0 
0003d300: e80032a0 e90032a0 e84032a0 e94032a0 
0003d310: ea0032a0 eb0032a0 ea4032a0 eb4032a0 
0003d320: e88032a0 e98032a0 e8c032a0 e9c032a0 
0003d330: ea8032a0 eb8032a0 eac032a0 ebc032a0 
0003d340: ec0032a0 ed0032a0 ec4032a0 ed4032a0 
0003d350: ee0032a0 ef0032a0 ee4032a0 ef4032a0 
0003d360: ec8032a0 ed8032a0 ecc032a0 edc032a0 
0003d370: ee8032a0 ef8032a0 eec032a0 efc032a0 
0003d380: e80033a0 e90033a0 e84033a0 e94033a0 
0003d390: ea0033a0 eb0033a0 ea4033a0 eb4033a0 
0003d3a0: e88033a0 e98033a0 e8c033a0 e9c033a0 
0003d3b0: ea8033a0 eb8033a0 eac033a0 ebc033a0 
0003d3c0: ec0033a0 ed0033a0 ec4033a0 ed4033a0 
0003d3d0: ee0033a0 ef0033a0 ee4033a0 ef4033a0 
0003d3e0: ec8033a0 ed8033a0 ecc033a0 edc033a0 
0003d3f0: ee8033a0 ef8033a0 eec033a0 efc033a0 
0003d400: f00030a0 f10030a0 f04030a0 f14030a0 
0003d410: f20030a0 f30030a0 f24030a0 f34030a0 
0003d420: f08030a0 f18030a0 f0c030a0 f1c030a0 
0003d430: f28030a0 f38030a0 f2c030a0 f3c030a0 
0003d440: f40030a0 f50030a0 f44030a0 f54030a0 
0003d450: f60030a0 f70030a0 f64030a0 f74030a0 
0003d460: f48030a0 f58030a0 f4c030a0 f5c030a0 
0003d470: f68030a0 f78030a0 f6c030a0 f7c030a0 
0003d480: f00031a0 f10031a0 f04031a0 f14031a0 
0003d490: f20031a0 f30031a0 f24031a0 f34031a0 
0003d4a0: f08031a0 f18031a0 f0c031a0 f1c031a0 
0003d4b0: f28031a0 f38031a0 f2c031a0 f3c031a0 
0003d4c0: f40031a0 f50031a0 f44031a0 f54031a0 
0003d4d0: f60031a0 f70031a0 f64031a0 f74031a0 
0003d4e0: f48031a0 f58031a0 f4c031a0 f5c031a0 
0003d4f0: f68031a0 f78031a0 f6c031a0 f7c031a0 
0003d500: f80030a0 f90030a0 f84030a0 f94030a0 
0003d510: fa0030a0 fb0030a0 fa4030a0 fb4030a0 
0003d520: f88030a0 f98030a0 f8c030a0 f9c030a0 
0003d530: fa8030a0 fb8030a0 fac030a0 fbc030a0 
0003d540: fc0030a0 fd0030a0 fc4030a0 fd4030a0 
0003d550: fe0030a0 ff0030a0 fe4030a0 ff4030a0 
0003d560: fc8030a0 fd8030a0 fcc030a0 fdc030a0 
0003d570: fe8030a0 ff8030a0 fec030a0 ffc030a0 
0003d580: f80031a0 f90031a0 f84031a0 f94031a0 
0003d590: fa0031a0 fb0031a0 fa4031a0 fb4031a0 
0003d5a0: f88031a0 f98031a0 f8c031a0 f9c031a0 
0003d5b0: fa8031a0 fb8031a0 fac031a0 fbc031a0 
0003d5c0: fc0031a0 fd0031a0 fc4031a0 fd4031a0 
0003d5d0: fe0031a0 ff0031a0 fe4031a0 ff4031a0 
0003d5e0: fc8031a0 fd8031a0 fcc031a0 fdc031a0 
0003d5f0: fe8031a0 ff8031a0 fec031a0 ffc031a0 
0003d600: f00032a0 f10032a0 f04032a0 f14032a0 
0003d610: f20032a0 f30032a0 f24032a0 f34032a0 
0003d620: f08032a0 f18032a0 f0c032a0 f1c032a0 
0003d630: f28032a0 f38032a0 f2c032a0 f3c032a0 
0003d640: f40032a0 f50032a0 f44032a0 f54032a0 
0003d650: f60032a0 f70032a0 f64032a0 f74032a0 
0003d660: f48032a0 f58032a0 f4c032a0 f5c032a0 
0003d670: f68032a0 f78032a0 f6c032a0 f7c032a0 
0003d680: f00033a0 f10033a0 f04033a0 f14033a0 
0003d690: f20033a0 f30033a0 f24033a0 f34033a0 
0003d6a0: f08033a0 f18033a0 f0c033a0 f1c033a0 
0003d6b0: f28033a0 f38033a0 f2c033a0 f3c033a0 
0003d6c0: f40033a0 f50033a0 f44033a0 f54033a0 
0003d6d0: f60033a0 f70033a0 f64033a0 f74033a0 
0003d6e0: f48033a0 f58033a0 f4c033a0 f5c033a0 
0003d6f0: f68033a0 f78033a0 f6c033a0 f7c033a0 
0003d700: f80032a0 f90032a0 f84032a0 f94032a0 
0003d710: fa0032a0 fb0032a0 fa4032a0 fb4032a0 
0003d720: f88032a0 f98032a0 f8c032a0 f9c032a0 
0003d730: fa8032a0 fb8032a0 fac032a0 fbc032a0 
0003d740: fc0032a0 fd0032a0 fc4032a0 fd4032a0 
0003d750: fe0032a0 ff0032a0 fe4032a0 ff4032a0 
0003d760: fc8032a0 fd8032a0 fcc032a0 fdc032a0 
0003d770: fe8032a0 ff8032a0 fec032a0 ffc032a0 
0003d780: f80033a0 f90033a0 f84033a0 f94033a0 
0003d790: fa0033a0 fb0033a0 fa4033a0 fb4033a0 
0003d7a0: f88033a0 f98033a0 f8c033a0 f9c033a0 
0003d7b0: fa8033a0 fb8033a0 fac033a0 fbc033a0 
0003d7c0: fc0033a0 fd0033a0 fc4033a0 fd4033a0 
0003d7d0: fe0033a0 ff0033a0 fe4033a0 ff4033a0 
0003d7e0: fc8033a0 fd8033a0 fcc033a0 fdc033a0 
0003d7f0: fe8033a0 ff8033a0 fec033a0 ffc033a0 
0003d800: e00034a0 e10034a0 e04034a0 e14034a0 
0003d810: e20034a0 e30034a0 e24034a0 e34034a0 
0003d820: e08034a0 e18034a0 e0c034a0 e1c034a0 
0003d830: e28034a0 e38034a0 e2c034a0 e3c034a0 
0003d840: e40034a0 e50034a0 e44034a0 e54034a0 
0003d850: e60034a0 e70034a0 e64034a0 e74034a0 
0003d860: e48034a0 e58034a0 e4c034a0 e5c034a0 
0003d870: e68034a0 e78034a0 e6c034a0 e7c034a0 
0003d880: e00035a0 e10035a0 e04035a0 e14035a0 
0003d890: e20035a0 e30035a0 e24035a0 e34035a0 
0003d8a0: e08035a0 e18035a0 e0c035a0 e1c035a0 
0003d8b0: e28035a0 e38035a0 e2c035a0 e3c035a0 
0003d8c0: e40035a0 e50035a0 e44035a0 e54035a0 
0003d8d0: e60035a0 e70035a0 e64035a0 e74035a0 
0003d8e0: e48035a0 e58035a0 e4c035a0 e5c035a0 
0003d8f0: e68035a0 e78035a0 e6c035a0 e7c035a0 
0003d900: e80034a0 e90034a0 e84034a0 e94034a0 
0003d910: ea0034a0 eb0034a0 ea4034a0 eb4034a0 
0003d920: e88034a0 e98034a0 e8c034a0 e9c034a0 
0003d930: ea8034a0 eb8034a0 eac034a0 ebc034a0 
0003d940: ec0034a0 ed0034a0 ec4034a0 ed4034a0 
0003d950: ee0034a0 ef0034a0 ee4034a0 ef4034a0 
0003d960: ec8034a0 ed8034a0 ecc034a0 edc034a0 
0003d970: ee8034a0 ef8034a0 eec034a0 efc034a0 
0003d980: e80035a0 e90035a0 e84035a0 e94035a0 
0003d990: ea0035a0 eb0035a0 ea4035a0 eb4035a0 
0003d9a0: e88035a0 e98035a0 e8c035a0 e9c035a0 
0003d9b0: ea8035a0 eb8035a0 eac035a0 ebc035a0 
0003d9c0: ec0035a0 ed0035a0 ec4035a0 ed4035a0 
0003d9d0: ee0035a0 ef0035a0 ee4035a0 ef4035a0 
0003d9e0: ec8035a0 ed8035a0 ecc035a0 edc035a0 
0003d9f0: ee8035a0 ef8035a0 eec035a0 efc035a0 
0003da00: e00036a0 e10036a0 e04036a0 e14036a0 
0003da10: e20036a0 e30036a0 e24036a0 e34036a0 
0003da20: e08036a0 e18036a0 e0c036a0 e1c036a0 
0003da30: e28036a0 e38036a0 e2c036a0 e3c036a0 
0003da40: e40036a0 e50036a0 e44036a0 e54036a0 
0003da50: e60036a0 e70036a0 e64036a0 e74036a0 
0003da60: e48036a0 e58036a0 e4c036a0 e5c036a0 
0003da70: e68036a0 e78036a0 e6c036a0 e7c036a0 
0003da80: e00037a0 e10037a0 e04037a0 e14037a0 
0003da90: e20037a0 e30037a0 e24037a0 e34037a0 
0003daa0: e08037a0 e18037a0 e0c037a0 e1c037a0 
0003dab0: e28037a0 e38037a0 e2c037a0 e3c037a0 
0003dac0: e40037a0 e50037a0 e44037a0 e54037a0 
0003dad0: e60037a0 e70037a0 e64037a0 e74037a0 
0003dae0: e48037a0 e58037a0 e4c037a0 e5c037a0 
0003daf0: e68037a0 e78037a0 e6c037a0 e7c037a0 
0003db00: e80036a0 e90036a0 e84036a0 e94036a0 
0003db10: ea0036a0 eb0036a0 ea4036a0 eb4036a0 
0003db20: e88036a0 e98036a0 e8c036a0 e9c036a0 
0003db30: ea8036a0 eb8036a0 eac036a0 ebc036a0 
0003db40: ec0036a0 ed0036a0 ec4036a0 ed4036a0 
0003db50: ee0036a0 ef0036a0 ee4036a0 ef4036a0 
0003db60: ec8036a0 ed8036a0 ecc036a0 edc036a0 
0003db70: ee8036a0 ef8036a0 eec036a0 efc036a0 
0003db80: e80037a0 e90037a0 e84037a0 e94037a0 
0003db90: ea0037a0 eb0037a0 ea4037a0 eb4037a0 
0003dba0: e88037a0 e98037a0 e8c037a0 e9c037a0 
0003dbb0: ea8037a0 eb8037a0 eac037a0 ebc037a0 
0003dbc0: ec0037a0 ed0037a0 ec4037a0 ed4037a0 
0003dbd0: ee0037a0 ef0037a0 ee4037a0 ef4037a0 
0003dbe0: ec8037a0 ed8037a0 ecc037a0 edc037a0 
0003dbf0: ee8037a0 ef8037a0 eec037a0 efc037a0 
0003dc00: f00034a0 f10034a0 f04034a0 f14034a0 
0003dc10: f20034a0 f30034a0 f24034a0 f34034a0 
0003dc20: f08034a0 f18034a0 f0c034a0 f1c034a0 
0003dc30: f28034a0 f38034a0 f2c034a0 f3c034a0 
0003dc40: f40034a0 f50034a0 f44034a0 f54034a0 
0003dc50: f60034a0 f70034a0 f64034a0 f74034a0 
0003dc60: f48034a0 f58034a0 f4c034a0 f5c034a0 
0003dc70: f68034a0 f78034a0 f6c034a0 f7c034a0 
0003dc80: f00035a0 f10035a0 f04035a0 f14035a0 
0003dc90: f20035a0 f30035a0 f24035a0 f34035a0 
0003dca0: f08035a0 f18035a0 f0c035a0 f1c035a0 
0003dcb0: f28035a0 f38035a0 f2c035a0 f3c035a0 
0003dcc0: f40035a0 f50035a0 f44035a0 f54035a0 
0003dcd0: f60035a0 f70035a0 f64035a0 f74035a0 
0003dce0: f48035a0 f58035a0 f4c035a0 f5c035a0 
0003dcf0: f68035a0 f78035a0 f6c035a0 f7c035a0 
0003dd00: f80034a0 f90034a0 f84034a0 f94034a0 
0003dd10: fa0034a0 fb0034a0 fa4034a0 fb4034a0 
0003dd20: f88034a0 f98034a0 f8c034a0 f9c034a0 
0003dd30: fa8034a0 fb8034a0 fac034a0 fbc034a0 
0003dd40: fc0034a0 fd0034a0 fc4034a0 fd4034a0 
0003dd50: fe0034a0 ff0034a0 fe4034a0 ff4034a0 
0003dd60: fc8034a0 fd8034a0 fcc034a0 fdc034a0 
0003dd70: fe8034a0 ff8034a0 fec034a0 ffc034a0 
0003dd80: f80035a0 f90035a0 f84035a0 f94035a0 
0003dd90: fa0035a0 fb0035a0 fa4035a0 fb4035a0 
0003dda0: f88035a0 f98035a0 f8c035a0 f9c035a0 
0003ddb0: fa8035a0 fb8035a0 fac035a0 fbc035a0 
0003ddc0: fc0035a0 fd0035a0 fc4035a0 fd4035a0 
0003ddd0: fe0035a0 ff0035a0 fe4035a0 ff4035a0 
0003dde0: fc8035a0 fd8035a0 fcc035a0 fdc035a0 
0003ddf0: fe8035a0 ff8035a0 fec035a0 ffc035a0 
0003de00: f00036a0 f10036a0 f04036a0 f14036a0 
0003de10: f20036a0 f30036a0 f24036a0 f34036a0 
0003de20: f08036a0 f18036a0 f0c036a0 f1c036a0 
0003de30: f28036a0 f38036a0 f2c036a0 f3c036a0 
0003de40: f40036a0 f50036a0 f44036a0 f54036a0 
0003de50: f60036a0 f70036a0 f64036a0 f74036a0 
0003de60: f48036a0 f58036a0 f4c036a0 f5c036a0 
0003de70: f68036a0 f78036a0 f6c036a0 f7c036a0 
0003de80: f00037a0 f10037a0 f04037a0 f14037a0 
0003de90: f20037a0 f30037a0 f24037a0 f34037a0 
0003dea0: f08037a0 f18037a0 f0c037a0 f1c037a0 
0003deb0: f28037a0 f38037a0 f2c037a0 f3c037a0 
0003dec0: f40037a0 f50037a0 f44037a0 f54037a0 
0003ded0: f60037a0 f70037a0 f64037a0 f74037a0 
0003dee0: f48037a0 f58037a0 f4c037a0 f5c037a0 
0003def0: f68037a0 f78037a0 f6c037a0 f7c037a0 
0003df00: f80036a0 f90036a0 f84036a0 f94036a0 
0003df10: fa0036a0 fb0036a0 fa4036a0 fb4036a0 
0003df20: f88036a0 f98036a0 f8c036a0 f9c036a0 
0003df30: fa8036a0 fb8036a0 fac036a0 fbc036a0 
0003df40: fc0036a0 fd0036a0 fc4036a0 fd4036a0 
0003df50: fe0036a0 ff0036a0 fe4036a0 ff4036a0 
0003df60: fc8036a0 fd8036a0 fcc036a0 fdc036a0 
0003df70: fe8036a0 ff8036a0 fec036a0 ffc036a0 
0003df80: f80037a0 f90037a0 f84037a0 f94037a0 
0003df90: fa0037a0 fb0037a0 fa4037a0 fb4037a0 
0003dfa0: f88037a0 f98037a0 f8c037a0 f9c037a0 
0003dfb0: fa8037a0 fb8037a0 fac037a0 fbc037a0 
0003dfc0: fc0037a0 fd0037a0 fc4037a0 fd4037a0 
0003dfd0: fe0037a0 ff0037a0 fe4037a0 ff4037a0 
0003dfe0: fc8037a0 fd8037a0 fcc037a0 fdc037a0 
0003dff0: fe8037a0 ff8037a0 fec037a0 ffc037a0 
0003e000: c00038a0 c10038a0 c04038a0 c14038a0 
0003e010: c20038a0 c30038a0 c24038a0 c34038a0 
0003e020: c08038a0 c18038a0 c0c038a0 c1c038a0 
0003e030: c28038a0 c38038a0 c2c038a0 c3c038a0 
0003e040: c40038a0 c50038a0 c44038a0 c54038a0 
0003e050: c60038a0 c70038a0 c64038a0 c74038a0 
0003e060: c48038a0 c58038a0 c4c038a0 c5c038a0 
0003e070: c68038a0 c78038a0 c6c038a0 c7c038a0 
0003e080: c00039a0 c10039a0 c04039a0 c14039a0 
0003e090: c20039a0 c30039a0 c24039a0 c34039a0 
0003e0a0: c08039a0 c18039a0 c0c039a0 c1c039a0 
0003e0b0: c28039a0 c38039a0 c2c039a0 c3c039a0 
0003e0c0: c40039a0 c50039a0 c44039a0 c54039a0 
0003e0d0: c60039a0 c70039a0 c64039a0 c74039a0 
0003e0e0: c48039a0 c58039a0 c4c039a0 c5c039a0 
0003e0f0: c68039a0 c78039a0 c6c039a0 c7c039a0 
0003e100: c80038a0 c90038a0 c84038a0 c94038a0 
0003e110: ca0038a0 cb0038a0 ca4038a0 cb4038a0 
0003e120: c88038a0 c98038a0 c8c038a0 c9c038a0 
0003e130: ca8038a0 cb8038a0 cac038a0 cbc038a0 
0003e140: cc0038a0 cd0038a0 cc4038a0 cd4038a0 
0003e150: ce0038a0 cf0038a0 ce4038a0 cf4038a0 
0003e160: cc8038a0 cd8038a0 ccc038a0 cdc038a0 
0003e170: ce8038a0 cf8038a0 cec038a0 cfc038a0 
0003e180: c80039a0 c90039a0 c84039a0 c94039a0 
0003e190: ca0039a0 cb0039a0 ca4039a0 cb4039a0 
0003e1a0: c88039a0 c98039a0 c8c039a0 c9c039a0 
0003e1b0: ca8039a0 cb8039a0 cac039a0 cbc039a0 
0003e1c0: cc0039a0 cd0039a0 cc4039a0 cd4039a0 
0003e1d0: ce0039a0 cf0039a0 ce4039a0 cf4039a0 
0003e1e0: cc8039a0 cd8039a0 ccc039a0 cdc039a0 
0003e1f0: ce8039a0 cf8039a0 cec039a0 cfc039a0 
0003e200: c0003aa0 c1003aa0 c0403aa0 c1403aa0 
0003e210: c2003aa0 c3003aa0 c2403aa0 c3403aa0 
0003e220: c0803aa0 c1803aa0 c0c03aa0 c1c03aa0 
0003e230: c2803aa0 c3803aa0 c2c03aa0 c3c03aa0 
0003e240: c4003aa0 c5003aa0 c4403aa0 c5403aa0 
0003e250: c6003aa0 c7003aa0 c6403aa0 c7403aa0 
0003e260: c4803aa0 c5803aa0 c4c03aa0 c5c03aa0 
0003e270: c6803aa0 c7803aa0 c6c03aa0 c7c03aa0 
0003e280: c0003ba0 c1003ba0 c0403ba0 c1403ba0 
0003e290: c2003ba0 c3003ba0 c2403ba0 c3403ba0 
0003e2a0: c0803ba0 c1803ba0 c0c03ba0 c1c03ba0 
0003e2b0: c2803ba0 c3803ba0 c2c03ba0 c3c03ba0 
0003e2c0: c4003ba0 c5003ba0 c4403ba0 c5403ba0 
0003e2d0: c6003ba0 c7003ba0 c6403ba0 c7403ba0 
0003e2e0: c4803ba0 c5803ba0 c4c03ba0 c5c03ba0 
0003e2f0: c6803ba0 c7803ba0 c6c03ba0 c7c03ba0 
0003e300: c8003aa0 c9003aa0 c8403aa0 c9403aa0 
0003e310: ca003aa0 cb003aa0 ca403aa0 cb403aa0 
0003e320: c8803aa0 c9803aa0 c8c03aa0 c9c03aa0 
0003e330: ca803aa0 cb803aa0 cac03aa0 cbc03aa0 
0003e340: cc003aa0 cd003aa0 cc403aa0 cd403aa0 
0003e350: ce003aa0 cf003aa0 ce403aa0 cf403aa0 
0003e360: cc803aa0 cd803aa0 ccc03aa0 cdc03aa0 
0003e370: ce803aa0 cf803aa0 cec03aa0 cfc03aa0 
0003e380: c8003ba0 c9003ba0 c8403ba0 c9403ba0 
0003e390: ca003ba0 cb003ba0 ca403ba0 cb403ba0 
0003e3a0: c8803ba0 c9803ba0 c8c03ba0 c9c03ba0 
0003e3b0: ca803ba0 cb803ba0 cac03ba0 cbc03ba0 
0003e3c0: cc003ba0 cd003ba0 cc403ba0 cd403ba0 
0003e3d0: ce003ba0 cf003ba0 ce403ba0 cf403ba0 
0003e3e0: cc803ba0 cd803ba0 ccc03ba0 cdc03ba0 
0003e3f0: ce803ba0 cf803ba0 cec03ba0 cfc03ba0 
0003e400: d00038a0 d10038a0 d04038a0 d14038a0 
0003e410: d20038a0 d30038a0 d24038a0 d34038a0 
0003e420: d08038a0 d18038a0 d0c038a0 d1c038a0 
0003e430: d28038a0 d38038a0 d2c038a0 d3c038a0 
0003e440: d40038a0 d50038a0 d44038a0 d54038a0 
0003e450: d60038a0 d70038a0 d64038a0 d74038a0 
0003e460: d48038a0 d58038a0 d4c038a0 d5c038a0 
0003e470: d68038a0 d78038a0 d6c038a0 d7c038a0 
0003e480: d00039a0 d10039a0 d04039a0 d14039a0 
0003e490: d20039a0 d30039a0 d24039a0 d34039a0 
0003e4a0: d08039a0 d18039a0 d0c039a0 d1c039a0 
0003e4b0: d28039a0 d38039a0 d2c039a0 d3c039a0 
0003e4c0: d40039a0 d50039a0 d44039a0 d54039a0 
0003e4d0: d60039a0 d70039a0 d64039a0 d74039a0 
0003e4e0: d48039a0 d58039a0 d4c039a0 d5c039a0 
0003e4f0: d68039a0 d78039a0 d6c039a0 d7c039a0 
0003e500: d80038a0 d90038a0 d84038a0 d94038a0 
0003e510: da0038a0 db0038a0 da4038a0 db4038a0 
0003e520: d88038a0 d98038a0 d8c038a0 d9c038a0 
0003e530: da8038a0 db8038a0 dac038a0 dbc038a0 
0003e540: dc0038a0 dd0038a0 dc4038a0 dd4038a0 
0003e550: de0038a0 df0038a0 de4038a0 df4038a0 
0003e560: dc8038a0 dd8038a0 dcc038a0 ddc038a0 
0003e570: de8038a0 df8038a0 dec038a0 dfc038a0 
0003e580: d80039a0 d90039a0 d84039a0 d94039a0 
0003e590: da0039a0 db0039a0 da4039a0 db4039a0 
0003e5a0: d88039a0 d98039a0 d8c039a0 d9c039a0 
0003e5b0: da8039a0 db8039a0 dac039a0 dbc039a0 
0003e5c0: dc0039a0 dd0039a0 dc4039a0 dd4039a0 
0003e5d0: de0039a0 df0039a0 de4039a0 df4039a0 
0003e5e0: dc8039a0 dd8039a0 dcc039a0 ddc039a0 
0003e5f0: de8039a0 df8039a0 dec039a0 dfc039a0 
0003e600: d0003aa0 d1003aa0 d0403aa0 d1403aa0 
0003e610: d2003aa0 d3003aa0 d2403aa0 d3403aa0 
0003e620: d0803aa0 d1803aa0 d0c03aa0 d1c03aa0 
0003e630: d2803aa0 d3803aa0 d2c03aa0 d3c03aa0 
0003e640: d4003aa0 d5003aa0 d4403aa0 d5403aa0 
0003e650: d6003aa0 d7003aa0 d6403aa0 d7403aa0 
0003e660: d4803aa0 d5803aa0 d4c03aa0 d5c03aa0 
0003e670: d6803aa0 d7803aa0 d6c03aa0 d7c03aa0 
0003e680: d0003ba0 d1003ba0 d0403ba0 d1403ba0 
0003e690: d2003ba0 d3003ba0 d2403ba0 d3403ba0 
0003e6a0: d0803ba0 d1803ba0 d0c03ba0 d1c03ba0 
0003e6b0: d2803ba0 d3803ba0 d2c03ba0 d3c03ba0 
0003e6c0: d4003ba0 d5003ba0 d4403ba0 d5403ba0 
0003e6d0: d6003ba0 d7003ba0 d6403ba0 d7403ba0 
0003e6e0: d4803ba0 d5803ba0 d4c03ba0 d5c03ba0 
0003e6f0: d6803ba0 d7803ba0 d6c03ba0 d7c03ba0 
0003e700: d8003aa0 d9003aa0 d8403aa0 d9403aa0 
0003e710: da003aa0 db003aa0 da403aa0 db403aa0 
0003e720: d8803aa0 d9803aa0 d8c03aa0 d9c03aa0 
0003e730: da803aa0 db803aa0 dac03aa0 dbc03aa0 
0003e740: dc003aa0 dd003aa0 dc403aa0 dd403aa0 
0003e750: de003aa0 df003aa0 de403aa0 df403aa0 
0003e760: dc803aa0 dd803aa0 dcc03aa0 ddc03aa0 
0003e770: de803aa0 df803aa0 dec03aa0 dfc03aa0 
0003e780: d8003ba0 d9003ba0 d8403ba0 d9403ba0 
0003e790: da003ba0 db003ba0 da403ba0 db403ba0 
0003e7a0: d8803ba0 d9803ba0 d8c03ba0 d9c03ba0 
0003e7b0: da803ba0 db803ba0 dac03ba0 dbc03ba0 
0003e7c0: dc003ba0 dd003ba0 dc403ba0 dd403ba0 
0003e7d0: de003ba0 df003ba0 de403ba0 df403ba0 
0003e7e0: dc803ba0 dd803ba0 dcc03ba0 ddc03ba0 
0003e7f0: de803ba0 df803ba0 dec03ba0 dfc03ba0 
0003e800: c0003ca0 c1003ca0 c0403ca0 c1403ca0 
0003e810: c2003ca0 c3003ca0 c2403ca0 c3403ca0 
0003e820: c0803ca0 c1803ca0 c0c03ca0 c1c03ca0 
0003e830: c2803ca0 c3803ca0 c2c03ca0 c3c03ca0 
0003e840: c4003ca0 c5003ca0 c4403ca0 c5403ca0 
0003e850: c6003ca0 c7003ca0 c6403ca0 c7403ca0 
0003e860: c4803ca0 c5803ca0 c4c03ca0 c5c03ca0 
0003e870: c6803ca0 c7803ca0 c6c03ca0 c7c03ca0 
0003e880: c0003da0 c1003da0 c0403da0 c1403da0 
0003e890: c2003da0 c3003da0 c2403da0 c3403da0 
0003e8a0: c0803da0 c1803da0 c0c03da0 c1c03da0 
0003e8b0: c2803da0 c3803da0 c2c03da0 c3c03da0 
0003e8c0: c4003da0 c5003da0 c4403da0 c5403da0 
0003e8d0: c6003da0 c7003da0 c6403da0 c7403da0 
0003e8e0: c4803da0 c5803da0 c4c03da0 c5c03da0 
0003e8f0: c6803da0 c7803da0 c6c03da0 c7c03da0 
0003e900: c8003ca0 c9003ca0 c8403ca0 c9403ca0 
0003e910: ca003ca0 cb003ca0 ca403ca0 cb403ca0 
0003e920: c8803ca0 c9803ca0 c8c03ca0 c9c03ca0 
0003e930: ca803ca0 cb803ca0 cac03ca0 cbc03ca0 
0003e940: cc003ca0 cd003ca0 cc403ca0 cd403ca0 
0003e950: ce003ca0 cf003ca0 ce403ca0 cf403ca0 
0003e960: cc803ca0 cd803ca0 ccc03ca0 cdc03ca0 
0003e970: ce803ca0 cf803ca0 cec03ca0 cfc03ca0 
0003e980: c8003da0 c9003da0 c8403da0 c9403da0 
0003e990: ca003da0 cb003da0 ca403da0 cb403da0 
0003e9a0: c8803da0 c9803da0 c8c03da0 c9c03da0 
0003e9b0: ca803da0 cb803da0 cac03da0 cbc03da0 
0003e9c0: cc003da0 cd003da0 cc403da0 cd403da0 
0003e9d0: ce003da0 cf003da0 ce403da0 cf403da0 
0003e9e0: cc803da0 cd803da0 ccc03da0 cdc03da0 
0003e9f0: ce803da0 cf803da0 cec03da0 cfc03da0 
0003ea00: c0003ea0 c1003ea0 c0403ea0 c1403ea0 
0003ea10: c2003ea0 c3003ea0 c2403ea0 c3403ea0 
0003ea20: c0803ea0 c1803ea0 c0c03ea0 c1c03ea0 
0003ea30: c2803ea0 c3803ea0 c2c03ea0 c3c03ea0 
0003ea40: c4003ea0 c5003ea0 c4403ea0 c5403ea0 
0003ea50: c6003ea0 c7003ea0 c6403ea0 c7403ea0 
0003ea60: c4803ea0 c5803ea0 c4c03ea0 c5c03ea0 
0003ea70: c6803ea0 c7803ea0 c6c03ea0 c7c03ea0 
0003ea80: c0003fa0 c1003fa0 c0403fa0 c1403fa0 
0003ea90: c2003fa0 c3003fa0 c2403fa0 c3403fa0 
0003eaa0: c0803fa0 c1803fa0 c0c03fa0 c1c03fa0 
0003eab0: c2803fa0 c3803fa0 c2c03fa0 c3c03fa0 
0003eac0: c4003fa0 c5003fa0 c4403fa0 c5403fa0 
0003ead0: c6003fa0 c7003fa0 c6403fa0 c7403fa0 
0003eae0: c4803fa0 c5803fa0 c4c03fa0 c5c03fa0 
0003eaf0: c6803fa0 c7803fa0 c6c03fa0 c7c03fa0 
0003eb00: c8003ea0 c9003ea0 c8403ea0 c9403ea0 
0003eb10: ca003ea0 cb003ea0 ca403ea0 cb403ea0 
0003eb20: c8803ea0 c9803ea0 c8c03ea0 c9c03ea0 
0003eb30: ca803ea0 cb803ea0 cac03ea0 cbc03ea0 
0003eb40: cc003ea0 cd003ea0 cc403ea0 cd403ea0 
0003eb50: ce003ea0 cf003ea0 ce403ea0 cf403ea0 
0003eb60: cc803ea0 cd803ea0 ccc03ea0 cdc03ea0 
0003eb70: ce803ea0 cf803ea0 cec03ea0 cfc03ea0 
0003eb80: c8003fa0 c9003fa0 c8403fa0 c9403fa0 
0003eb90: ca003fa0 cb003fa0 ca403fa0 cb403fa0 
0003eba0: c8803fa0 c9803fa0 c8c03fa0 c9c03fa0 
0003ebb0: ca803fa0 cb803fa0 cac03fa0 cbc03fa0 
0003ebc0: cc003fa0 cd003fa0 cc403fa0 cd403fa0 
0003ebd0: ce003fa0 cf003fa0 ce403fa0 cf403fa0 
0003ebe0: cc803fa0 cd803fa0 ccc03fa0 cdc03fa0 
0003ebf0: ce803fa0 cf803fa0 cec03fa0 cfc03fa0 
0003ec00: d0003ca0 d1003ca0 d0403ca0 d1403ca0 
0003ec10: d2003ca0 d3003ca0 d2403ca0 d3403ca0 
0003ec20: d0803ca0 d1803ca0 d0c03ca0 d1c03ca0 
0003ec30: d2803ca0 d3803ca0 d2c03ca0 d3c03ca0 
0003ec40: d4003ca0 d5003ca0 d4403ca0 d5403ca0 
0003ec50: d6003ca0 d7003ca0 d6403ca0 d7403ca0 
0003ec60: d4803ca0 d5803ca0 d4c03ca0 d5c03ca0 
0003ec70: d6803ca0 d7803ca0 d6c03ca0 d7c03ca0 
0003ec80: d0003da0 d1003da0 d0403da0 d1403da0 
0003ec90: d2003da0 d3003da0 d2403da0 d3403da0 
0003eca0: d0803da0 d1803da0 d0c03da0 d1c03da0 
0003ecb0: d2803da0 d3803da0 d2c03da0 d3c03da0 
0003ecc0: d4003da0 d5003da0 d4403da0 d5403da0 
0003ecd0: d6003da0 d7003da0 d6403da0 d7403da0 
0003ece0: d4803da0 d5803da0 d4c03da0 d5c03da0 
0003ecf0: d6803da0 d7803da0 d6c03da0 d7c03da0 
0003ed00: d8003ca0 d9003ca0 d8403ca0 d9403ca0 
0003ed10: da003ca0 db003ca0 da403ca0 db403ca0 
0003ed20: d8803ca0 d9803ca0 d8c03ca0 d9c03ca0 
0003ed30: da803ca0 db803ca0 dac03ca0 dbc03ca0 
0003ed40: dc003ca0 dd003ca0 dc403ca0 dd403ca0 
0003ed50: de003ca0 df003ca0 de403ca0 df403ca0 
0003ed60: dc803ca0 dd803ca0 dcc03ca0 ddc03ca0 
0003ed70: de803ca0 df803ca0 dec03ca0 dfc03ca0 
0003ed80: d8003da0 d9003da0 d8403da0 d9403da0 
0003ed90: da003da0 db003da0 da403da0 db403da0 
0003eda0: d8803da0 d9803da0 d8c03da0 d9c03da0 
0003edb0: da803da0 db803da0 dac03da0 dbc03da0 
0003edc0: dc003da0 dd003da0 dc403da0 dd403da0 
0003edd0: de003da0 df003da0 de403da0 df403da0 
0003ede0: dc803da0 dd803da0 dcc03da0 ddc03da0 
0003edf0: de803da0 df803da0 dec03da0 dfc03da0 
0003ee00: d0003ea0 d1003ea0 d0403ea0 d1403ea0 
0003ee10: d2003ea0 d3003ea0 d2403ea0 d3403ea0 
0003ee20: d0803ea0 d1803ea0 d0c03ea0 d1c03ea0 
0003ee30: d2803ea0 d3803ea0 d2c03ea0 d3c03ea0 
0003ee40: d4003ea0 d5003ea0 d4403ea0 d5403ea0 
0003ee50: d6003ea0 d7003ea0 d6403ea0 d7403ea0 
0003ee60: d4803ea0 d5803ea0 d4c03ea0 d5c03ea0 
0003ee70: d6803ea0 d7803ea0 d6c03ea0 d7c03ea0 
0003ee80: d0003fa0 d1003fa0 d0403fa0 d1403fa0 
0003ee90: d2003fa0 d3003fa0 d2403fa0 d3403fa0 
0003eea0: d0803fa0 d1803fa0 d0c03fa0 d1c03fa0 
0003eeb0: d2803fa0 d3803fa0 d2c03fa0 d3c03fa0 
0003eec0: d4003fa0 d5003fa0 d4403fa0 d5403fa0 
0003eed0: d6003fa0 d7003fa0 d6403fa0 d7403fa0 
0003eee0: d4803fa0 d5803fa0 d4c03fa0 d5c03fa0 
0003eef0: d6803fa0 d7803fa0 d6c03fa0 d7c03fa0 
0003ef00: d8003ea0 d9003ea0 d8403ea0 d9403ea0 
0003ef10: da003ea0 db003ea0 da403ea0 db403ea0 
0003ef20: d8803ea0 d9803ea0 d8c03ea0 d9c03ea0 
0003ef30: da803ea0 db803ea0 dac03ea0 dbc03ea0 
0003ef40: dc003ea0 dd003ea0 dc403ea0 dd403ea0 
0003ef50: de003ea0 df003ea0 de403ea0 df403ea0 
0003ef60: dc803ea0 dd803ea0 dcc03ea0 ddc03ea0 
0003ef70: de803ea0 df803ea0 dec03ea0 dfc03ea0 
0003ef80: d8003fa0 d9003fa0 d8403fa0 d9403fa0 
0003ef90: da003fa0 db003fa0 da403fa0 db403fa0 
0003efa0: d8803fa0 d9803fa0 d8c03fa0 d9c03fa0 
0003efb0: da803fa0 db803fa0 dac03fa0 dbc03fa0 
0003efc0: dc003fa0 dd003fa0 dc403fa0 dd403fa0 
0003efd0: de003fa0 df003fa0 de403fa0 df403fa0 
0003efe0: dc803fa0 dd803fa0 dcc03fa0 ddc03fa0 
0003eff0: de803fa0 df803fa0 dec03fa0 dfc03fa0 
0003f000: e00038a0 e10038a0 e04038a0 e14038a0 
0003f010: e20038a0 e30038a0 e24038a0 e34038a0 
0003f020: e08038a0 e18038a0 e0c038a0 e1c038a0 
0003f030: e28038a0 e38038a0 e2c038a0 e3c038a0 
0003f040: e40038a0 e50038a0 e44038a0 e54038a0 
0003f050: e60038a0 e70038a0 e64038a0 e74038a0 
0003f060: e48038a0 e58038a0 e4c038a0 e5c038a0 
0003f070: e68038a0 e78038a0 e6c038a0 e7c038a0 
0003f080: e00039a0 e10039a0 e04039a0 e14039a0 
0003f090: e20039a0 e30039a0 e24039a0 e34039a0 
0003f0a0: e08039a0 e18039a0 e0c039a0 e1c039a0 
0003f0b0: e28039a0 e38039a0 e2c039a0 e3c039a0 
0003f0c0: e40039a0 e50039a0 e44039a0 e54039a0 
0003f0d0: e60039a0 e70039a0 e64039a0 e74039a0 
0003f0e0: e48039a0 e58039a0 e4c039a0 e5c039a0 
0003f0f0: e68039a0 e78039a0 e6c039a0 e7c039a0 
0003f100: e80038a0 e90038a0 e84038a0 e94038a0 
0003f110: ea0038a0 eb0038a0 ea4038a0 eb4038a0 
0003f120: e88038a0 e98038a0 e8c038a0 e9c038a0 
0003f130: ea8038a0 eb8038a0 eac038a0 ebc038a0 
0003f140: ec0038a0 ed0038a0 ec4038a0 ed4038a0 
0003f150: ee0038a0 ef0038a0 ee4038a0 ef4038a0 
0003f160: ec8038a0 ed8038a0 ecc038a0 edc038a0 
0003f170: ee8038a0 ef8038a0 eec038a0 efc038a0 
0003f180: e80039a0 e90039a0 e84039a0 e94039a0 
0003f190: ea0039a0 eb0039a0 ea4039a0 eb4039a0 
0003f1a0: e88039a0 e98039a0 e8c039a0 e9c039a0 
0003f1b0: ea8039a0 eb8039a0 eac039a0 ebc039a0 
0003f1c0: ec0039a0 ed0039a0 ec4039a0 ed4039a0 
0003f1d0: ee0039a0 ef0039a0 ee4039a0 ef4039a0 
0003f1e0: ec8039a0 ed8039a0 ecc039a0 edc039a0 
0003f1f0: ee8039a0 ef8039a0 eec039a0 efc039a0 
0003f200: e0003aa0 e1003aa0 e0403aa0 e1403aa0 
0003f210: e2003aa0 e3003aa0 e2403aa0 e3403aa0 
0003f220: e0803aa0 e1803aa0 e0c03aa0 e1c03aa0 
0003f230: e2803aa0 e3803aa0 e2c03aa0 e3c03aa0 
0003f240: e4003aa0 e5003aa0 e4403aa0 e5403aa0 
0003f250: e6003aa0 e7003aa0 e6403aa0 e7403aa0 
0003f260: e4803aa0 e5803aa0 e4c03aa0 e5c03aa0 
0003f270: e6803aa0 e7803aa0 e6c03aa0 e7c03aa0 
0003f280: e0003ba0 e1003ba0 e0403ba0 e1403ba0 
0003f290: e2003ba0 e3003ba0 e2403ba0 e3403ba0 
0003f2a0: e0803ba0 e1803ba0 e0c03ba0 e1c03ba0 
0003f2b0: e2803ba0 e3803ba0 e2c03ba0 e3c03ba0 
0003f2c0: e4003ba0 e5003ba0 e4403ba0 e5403ba0 
0003f2d0: e6003ba0 e7003ba0 e6403ba0 e7403ba0 
0003f2e0: e4803ba0 e5803ba0 e4c03ba0 e5c03ba0 
0003f2f0: e6803ba0 e7803ba0 e6c03ba0 e7c03ba0 
0003f300: e8003aa0 e9003aa0 e8403aa0 e9403aa0 
0003f310: ea003aa0 eb003aa0 ea403aa0 eb403aa0 
0003f320: e8803aa0 e9803aa0 e8c03aa0 e9c03aa0 
0003f330: ea803aa0 eb803aa0 eac03aa0 ebc03aa0 
0003f340: ec003aa0 ed003aa0 ec403aa0 ed403aa0 
0003f350: ee003aa0 ef003aa0 ee403aa0 ef403aa0 
0003f360: ec803aa0 ed803aa0 ecc03aa0 edc03aa0 
0003f370: ee803aa0 ef803aa0 eec03aa0 efc03aa0 
0003f380: e8003ba0 e9003ba0 e8403ba0 e9403ba0 
0003f390: ea003ba0 eb003ba0 ea403ba0 eb403ba0 
0003f3a0: e8803ba0 e9803ba0 e8c03ba0 e9c03ba0 
0003f3b0: ea803ba0 eb803ba0 eac03ba0 ebc03ba0 
0003f3c0: ec003ba0 ed003ba0 ec403ba0 ed403ba0 
0003f3d0: ee003ba0 ef003ba0 ee403ba0 ef403ba0 
0003f3e0: ec803ba0 ed803ba0 ecc03ba0 edc03ba0 
0003f3f0: ee803ba0 ef803ba0 eec03ba0 efc03ba0 
0003f400: f00038a0 f10038a0 f04038a0 f14038a0 
0003f410: f20038a0 f30038a0 f24038a0 f34038a0 
0003f420: f08038a0 f18038a0 f0c038a0 f1c038a0 
0003f430: f28038a0 f38038a0 f2c038a0 f3c038a0 
0003f440: f40038a0 f50038a0 f44038a0 f54038a0 
0003f450: f60038a0 f70038a0 f64038a0 f74038a0 
0003f460: f48038a0 f58038a0 f4c038a0 f5c038a0 
0003f470: f68038a0 f78038a0 f6c038a0 f7c038a0 
0003f480: f00039a0 f10039a0 f04039a0 f14039a0 
0003f490: f20039a0 f30039a0 f24039a0 f34039a0 
0003f4a0: f08039a0 f18039a0 f0c039a0 f1c039a0 
0003f4b0: f28039a0 f38039a0 f2c039a0 f3c039a0 
0003f4c0: f40039a0 f50039a0 f44039a0 f54039a0 
0003f4d0: f60039a0 f70039a0 f64039a0 f74039a0 
0003f4e0: f48039a0 f58039a0 f4c039a0 f5c039a0 
0003f4f0: f68039a0 f78039a0 f6c039a0 f7c039a0 
0003f500: f80038a0 f90038a0 f84038a0 f94038a0 
0003f510: fa0038a0 fb0038a0 fa4038a0 fb4038a0 
0003f520: f88038a0 f98038a0 f8c038a0 f9c038a0 
0003f530: fa8038a0 fb8038a0 fac038a0 fbc038a0 
0003f540: fc0038a0 fd0038a0 fc4038a0 fd4038a0 
0003f550: fe0038a0 ff0038a0 fe4038a0 ff4038a0 
0003f560: fc8038a0 fd8038a0 fcc038a0 fdc038a0 
0003f570: fe8038a0 ff8038a0 fec038a0 ffc038a0 
0003f580: f80039a0 f90039a0 f84039a0 f94039a0 
0003f590: fa0039a0 fb0039a0 fa4039a0 fb4039a0 
0003f5a0: f88039a0 f98039a0 f8c039a0 f9c039a0 
0003f5b0: fa8039a0 fb8039a0 fac039a0 fbc039a0 
0003f5c0: fc0039a0 fd0039a0 fc4039a0 fd4039a0 
0003f5d0: fe0039a0 ff0039a0 fe4039a0 ff4039a0 
0003f5e0: fc8039a0 fd8039a0 fcc039a0 fdc039a0 
0003f5f0: fe8039a0 ff8039a0 fec039a0 ffc039a0 
0003f600: f0003aa0 f1003aa0 f0403aa0 f1403aa0 
0003f610: f2003aa0 f3003aa0 f2403aa0 f3403aa0 
0003f620: f0803aa0 f1803aa0 f0c03aa0 f1c03aa0 
0003f630: f2803aa0 f3803aa0 f2c03aa0 f3c03aa0 
0003f640: f4003aa0 f5003aa0 f4403aa0 f5403aa0 
0003f650: f6003aa0 f7003aa0 f6403aa0 f7403aa0 
0003f660: f4803aa0 f5803aa0 f4c03aa0 f5c03aa0 
0003f670: f6803aa0 f7803aa0 f6c03aa0 f7c03aa0 
0003f680: f0003ba0 f1003ba0 f0403ba0 f1403ba0 
0003f690: f2003ba0 f3003ba0 f2403ba0 f3403ba0 
0003f6a0: f0803ba0 f1803ba0 f0c03ba0 f1c03ba0 
0003f6b0: f2803ba0 f3803ba0 f2c03ba0 f3c03ba0 
0003f6c0: f4003ba0 f5003ba0 f4403ba0 f5403ba0 
0003f6d0: f6003ba0 f7003ba0 f6403ba0 f7403ba0 
0003f6e0: f4803ba0 f5803ba0 f4c03ba0 f5c03ba0 
0003f6f0: f6803ba0 f7803ba0 f6c03ba0 f7c03ba0 
0003f700: f8003aa0 f9003aa0 f8403aa0 f9403aa0 
0003f710: fa003aa0 fb003aa0 fa403aa0 fb403aa0 
0003f720: f8803aa0 f9803aa0 f8c03aa0 f9c03aa0 
0003f730: fa803aa0 fb803aa0 fac03aa0 fbc03aa0 
0003f740: fc003aa0 fd003aa0 fc403aa0 fd403aa0 
0003f750: fe003aa0 ff003aa0 fe403aa0 ff403aa0 
0003f760: fc803aa0 fd803aa0 fcc03aa0 fdc03aa0 
0003f770: fe803aa0 ff803aa0 fec03aa0 ffc03aa0 
0003f780: f8003ba0 f9003ba0 f8403ba0 f9403ba0 
0003f790: fa003ba0 fb003ba0 fa403ba0 fb403ba0 
0003f7a0: f8803ba0 f9803ba0 f8c03ba0 f9c03ba0 
0003f7b0: fa803ba0 fb803ba0 fac03ba0 fbc03ba0 
0003f7c0: fc003ba0 fd003ba0 fc403ba0 fd403ba0 
0003f7d0: fe003ba0 ff003ba0 fe403ba0 ff403ba0 
0003f7e0: fc803ba0 fd803ba0 fcc03ba0 fdc03ba0 
0003f7f0: fe803ba0 ff803ba0 fec03ba0 ffc03ba0 
0003f800: e0003ca0 e1003ca0 e0403ca0 e1403ca0 
0003f810: e2003ca0 e3003ca0 e2403ca0 e3403ca0 
0003f820: e0803ca0 e1803ca0 e0c03ca0 e1c03ca0 
0003f830: e2803ca0 e3803ca0 e2c03ca0 e3c03ca0 
0003f840: e4003ca0 e5003ca0 e4403ca0 e5403ca0 
0003f850: e6003ca0 e7003ca0 e6403ca0 e7403ca0 
0003f860: e4803ca0 e5803ca0 e4c03ca0 e5c03ca0 
0003f870: e6803ca0 e7803ca0 e6c03ca0 e7c03ca0 
0003f880: e0003da0 e1003da0 e0403da0 e1403da0 
0003f890: e2003da0 e3003da0 e2403da0 e3403da0 
0003f8a0: e0803da0 e1803da0 e0c03da0 e1c03da0 
0003f8b0: e2803da0 e3803da0 e2c03da0 e3c03da0 
0003f8c0: e4003da0 e5003da0 e4403da0 e5403da0 
0003f8d0: e6003da0 e7003da0 e6403da0 e7403da0 
0003f8e0: e4803da0 e5803da0 e4c03da0 e5c03da0 
0003f8f0: e6803da0 e7803da0 e6c03da0 e7c03da0 
0003f900: e8003ca0 e9003ca0 e8403ca0 e9403ca0 
0003f910: ea003ca0 eb003ca0 ea403ca0 eb403ca0 
0003f920: e8803ca0 e9803ca0 e8c03ca0 e9c03ca0 
0003f930: ea803ca0 eb803ca0 eac03ca0 ebc03ca0 
0003f940: ec003ca0 ed003ca0 ec403ca0 ed403ca0 
0003f950: ee003ca0 ef003ca0 ee403ca0 ef403ca0 
0003f960: ec803ca0 ed803ca0 ecc03ca0 edc03ca0 
0003f970: ee803ca0 ef803ca0 eec03ca0 efc03ca0 
0003f980: e8003da0 e9003da0 e8403da0 e9403da0 
0003f990: ea003da0 eb003da0 ea403da0 eb403da0 
0003f9a0: e8803da0 e9803da0 e8c03da0 e9c03da0 
0003f9b0: ea803da0 eb803da0 eac03da0 ebc03da0 
0003f9c0: ec003da0 ed003da0 ec403da0 ed403da0 
0003f9d0: ee003da0 ef003da0 ee403da0 ef403da0 
0003f9e0: ec803da0 ed803da0 ecc03da0 edc03da0 
0003f9f0: ee803da0 ef803da0 eec03da0 efc03da0 
0003fa00: e0003ea0 e1003ea0 e0403ea0 e1403ea0 
0003fa10: e2003ea0 e3003ea0 e2403ea0 e3403ea0 
0003fa20: e0803ea0 e1803ea0 e0c03ea0 e1c03ea0 
0003fa30: e2803ea0 e3803ea0 e2c03ea0 e3c03ea0 
0003fa40: e4003ea0 e5003ea0 e4403ea0 e5403ea0 
0003fa50: e6003ea0 e7003ea0 e6403ea0 e7403ea0 
0003fa60: e4803ea0 e5803ea0 e4c03ea0 e5c03ea0 
0003fa70: e6803ea0 e7803ea0 e6c03ea0 e7c03ea0 
0003fa80: e0003fa0 e1003fa0 e0403fa0 e1403fa0 
0003fa90: e2003fa0 e3003fa0 e2403fa0 e3403fa0 
0003faa0: e0803fa0 e1803fa0 e0c03fa0 e1c03fa0 
0003fab0: e2803fa0 e3803fa0 e2c03fa0 e3c03fa0 
0003fac0: e4003fa0 e5003fa0 e4403fa0 e5403fa0 
0003fad0: e6003fa0 e7003fa0 e6403fa0 e7403fa0 
0003fae0: e4803fa0 e5803fa0 e4c03fa0 e5c03fa0 
0003faf0: e6803fa0 e7803fa0 e6c03fa0 e7c03fa0 
0003fb00: e8003ea0 e9003ea0 e8403ea0 e9403ea0 
0003fb10: ea003ea0 eb003ea0 ea403ea0 eb403ea0 
0003fb20: e8803ea0 e9803ea0 e8c03ea0 e9c03ea0 
0003fb30: ea803ea0 eb803ea0 eac03ea0 ebc03ea0 
0003fb40: ec003ea0 ed003ea0 ec403ea0 ed403ea0 
0003fb50: ee003ea0 ef003ea0 ee403ea0 ef403ea0 
0003fb60: ec803ea0 ed803ea0 ecc03ea0 edc03ea0 
0003fb70: ee803ea0 ef803ea0 eec03ea0 efc03ea0 
0003fb80: e8003fa0 e9003fa0 e8403fa0 e9403fa0 
0003fb90: ea003fa0 eb003fa0 ea403fa0 eb403fa0 
0003fba0: e8803fa0 e9803fa0 e8c03fa0 e9c03fa0 
0003fbb0: ea803fa0 eb803fa0 eac03fa0 ebc03fa0 
0003fbc0: ec003fa0 ed003fa0 ec403fa0 ed403fa0 
0003fbd0: ee003fa0 ef003fa0 ee403fa0 ef403fa0 
0003fbe0: ec803fa0 ed803fa0 ecc03fa0 edc03fa0 
0003fbf0: ee803fa0 ef803fa0 eec03fa0 efc03fa0 
0003fc00: f0003ca0 f1003ca0 f0403ca0 f1403ca0 
0003fc10: f2003ca0 f3003ca0 f2403ca0 f3403ca0 
0003fc20: f0803ca0 f1803ca0 f0c03ca0 f1c03ca0 
0003fc30: f2803ca0 f3803ca0 f2c03ca0 f3c03ca0 
0003fc40: f4003ca0 f5003ca0 f4403ca0 f5403ca0 
0003fc50: f6003ca0 f7003ca0 f6403ca0 f7403ca0 
0003fc60: f4803ca0 f5803ca0 f4c03ca0 f5c03ca0 
0003fc70: f6803ca0 f7803ca0 f6c03ca0 f7c03ca0 
0003fc80: f0003da0 f1003da0 f0403da0 f1403da0 
0003fc90: f2003da0 f3003da0 f2403da0 f3403da0 
0003fca0: f0803da0 f1803da0 f0c03da0 f1c03da0 
0003fcb0: f2803da0 f3803da0 f2c03da0 f3c03da0 
0003fcc0: f4003da0 f5003da0 f4403da0 f5403da0 
0003fcd0: f6003da0 f7003da0 f6403da0 f7403da0 
0003fce0: f4803da0 f5803da0 f4c03da0 f5c03da0 
0003fcf0: f6803da0 f7803da0 f6c03da0 f7c03da0 
0003fd00: f8003ca0 f9003ca0 f8403ca0 f9403ca0 
0003fd10: fa003ca0 fb003ca0 fa403ca0 fb403ca0 
0003fd20: f8803ca0 f9803ca0 f8c03ca0 f9c03ca0 
0003fd30: fa803ca0 fb803ca0 fac03ca0 fbc03ca0 
0003fd40: fc003ca0 fd003ca0 fc403ca0 fd403ca0 
0003fd50: fe003ca0 ff003ca0 fe403ca0 ff403ca0 
0003fd60: fc803ca0 fd803ca0 fcc03ca0 fdc03ca0 
0003fd70: fe803ca0 ff803ca0 fec03ca0 ffc03ca0 
0003fd80: f8003da0 f9003da0 f8403da0 f9403da0 
0003fd90: fa003da0 fb003da0 fa403da0 fb403da0 
0003fda0: f8803da0 f9803da0 f8c03da0 f9c03da0 
0003fdb0: fa803da0 fb803da0 fac03da0 fbc03da0 
0003fdc0: fc003da0 fd003da0 fc403da0 fd403da0 
0003fdd0: fe003da0 ff003da0 fe403da0 ff403da0 
0003fde0: fc803da0 fd803da0 fcc03da0 fdc03da0 
0003fdf0: fe803da0 ff803da0 fec03da0 ffc03da0 
0003fe00: f0003ea0 f1003ea0 f0403ea0 f1403ea0 
0003fe10: f2003ea0 f3003ea0 f2403ea0 f3403ea0 
0003fe20: f0803ea0 f1803ea0 f0c03ea0 f1c03ea0 
0003fe30: f2803ea0 f3803ea0 f2c03ea0 f3c03ea0 
0003fe40: f4003ea0 f5003ea0 f4403ea0 f5403ea0 
0003fe50: f6003ea0 f7003ea0 f6403ea0 f7403ea0 
0003fe60: f4803ea0 f5803ea0 f4c03ea0 f5c03ea0 
0003fe70: f6803ea0 f7803ea0 f6c03ea0 f7c03ea0 
0003fe80: f0003fa0 f1003fa0 f0403fa0 f1403fa0 
0003fe90: f2003fa0 f3003fa0 f2403fa0 f3403fa0 
0003fea0: f0803fa0 f1803fa0 f0c03fa0 f1c03fa0 
0003feb0: f2803fa0 f3803fa0 f2c03fa0 f3c03fa0 
0003fec0: f4003fa0 f5003fa0 f4403fa0 f5403fa0 
0003fed0: f6003fa0 f7003fa0 f6403fa0 f7403fa0 
0003fee0: f4803fa0 f5803fa0 f4c03fa0 f5c03fa0 
0003fef0: f6803fa0 f7803fa0 f6c03fa0 f7c03fa0 
0003ff00: f8003ea0 f9003ea0 f8403ea0 f9403ea0 
0003ff10: fa003ea0 fb003ea0 fa403ea0 fb403ea0 
0003ff20: f8803ea0 f9803ea0 f8c03ea0 f9c03ea0 
0003ff30: fa803ea0 fb803ea0 fac03ea0 fbc03ea0 
0003ff40: fc003ea0 fd003ea0 fc403ea0 fd403ea0 
0003ff50: fe003ea0 ff003ea0 fe403ea0 ff403ea0 
0003ff60: fc803ea0 fd803ea0 fcc03ea0 fdc03ea0 
0003ff70: fe803ea0 ff803ea0 fec03ea0 ffc03ea0 
0003ff80: f8003fa0 f9003fa0 f8403fa0 f9403fa0 
0003ff90: fa003fa0 fb003fa0 fa403fa0 fb403fa0 
0003ffa0: f8803fa0 f9803fa0 f8c03fa0 f9c03fa0 
0003ffb0: fa803fa0 fb803fa0 fac03fa0 fbc03fa0 
0003ffc0: fc003fa0 fd003fa0 fc403fa0 fd403fa0 
0003ffd0: fe003fa0 ff003fa0 fe403fa0 ff403fa0 
0003ffe0: fc803fa0 fd803fa0 fcc03fa0 fdc03fa0 
0003fff0: fe803fa0 ff803fa0 fec03fa0 ffc03fa0 
