# BODUMP reason=sigusr1 handle=0 gpu_va=0x10000080000 cpu=0x100d00000 size=0x10000 read=0x10000
00000000: 000000a0 010000a0 004000a0 014000a0 
00000010: 020000a0 030000a0 024000a0 034000a0 
00000020: 008000a0 018000a0 00c000a0 01c000a0 
00000030: 028000a0 038000a0 02c000a0 03c000a0 
00000040: 040000a0 050000a0 044000a0 054000a0 
00000050: 060000a0 070000a0 064000a0 074000a0 
00000060: 048000a0 058000a0 04c000a0 05c000a0 
00000070: 068000a0 078000a0 06c000a0 07c000a0 
00000080: 000001a0 010001a0 004001a0 014001a0 
00000090: 020001a0 030001a0 024001a0 034001a0 
000000a0: 008001a0 018001a0 00c001a0 01c001a0 
000000b0: 028001a0 038001a0 02c001a0 03c001a0 
000000c0: 040001a0 050001a0 044001a0 054001a0 
000000d0: 060001a0 070001a0 064001a0 074001a0 
000000e0: 048001a0 058001a0 04c001a0 05c001a0 
000000f0: 068001a0 078001a0 06c001a0 07c001a0 
00000100: 080000a0 090000a0 084000a0 094000a0 
00000110: 0a0000a0 0b0000a0 0a4000a0 0b4000a0 
00000120: 088000a0 098000a0 08c000a0 09c000a0 
00000130: 0a8000a0 0b8000a0 0ac000a0 0bc000a0 
00000140: 0c0000a0 0d0000a0 0c4000a0 0d4000a0 
00000150: 0e0000a0 0f0000a0 0e4000a0 0f4000a0 
00000160: 0c8000a0 0d8000a0 0cc000a0 0dc000a0 
00000170: 0e8000a0 0f8000a0 0ec000a0 0fc000a0 
00000180: 080001a0 090001a0 084001a0 094001a0 
00000190: 0a0001a0 0b0001a0 0a4001a0 0b4001a0 
000001a0: 088001a0 098001a0 08c001a0 09c001a0 
000001b0: 0a8001a0 0b8001a0 0ac001a0 0bc001a0 
000001c0: 0c0001a0 0d0001a0 0c4001a0 0d4001a0 
000001d0: 0e0001a0 0f0001a0 0e4001a0 0f4001a0 
000001e0: 0c8001a0 0d8001a0 0cc001a0 0dc001a0 
000001f0: 0e8001a0 0f8001a0 0ec001a0 0fc001a0 
00000200: 000002a0 010002a0 004002a0 014002a0 
00000210: 020002a0 030002a0 024002a0 034002a0 
00000220: 008002a0 018002a0 00c002a0 01c002a0 
00000230: 028002a0 038002a0 02c002a0 03c002a0 
00000240: 040002a0 050002a0 044002a0 054002a0 
00000250: 060002a0 070002a0 064002a0 074002a0 
00000260: 048002a0 058002a0 04c002a0 05c002a0 
00000270: 068002a0 078002a0 06c002a0 07c002a0 
00000280: 000003a0 010003a0 004003a0 014003a0 
00000290: 020003a0 030003a0 024003a0 034003a0 
000002a0: 008003a0 018003a0 00c003a0 01c003a0 
000002b0: 028003a0 038003a0 02c003a0 03c003a0 
000002c0: 040003a0 050003a0 044003a0 054003a0 
000002d0: 060003a0 070003a0 064003a0 074003a0 
000002e0: 048003a0 058003a0 04c003a0 05c003a0 
000002f0: 068003a0 078003a0 06c003a0 07c003a0 
00000300: 080002a0 090002a0 084002a0 094002a0 
00000310: 0a0002a0 0b0002a0 0a4002a0 0b4002a0 
00000320: 088002a0 098002a0 08c002a0 09c002a0 
00000330: 0a8002a0 0b8002a0 0ac002a0 0bc002a0 
00000340: 0c0002a0 0d0002a0 0c4002a0 0d4002a0 
00000350: 0e0002a0 0f0002a0 0e4002a0 0f4002a0 
00000360: 0c8002a0 0d8002a0 0cc002a0 0dc002a0 
00000370: 0e8002a0 0f8002a0 0ec002a0 0fc002a0 
00000380: 080003a0 090003a0 084003a0 094003a0 
00000390: 0a0003a0 0b0003a0 0a4003a0 0b4003a0 
000003a0: 088003a0 098003a0 08c003a0 09c003a0 
000003b0: 0a8003a0 0b8003a0 0ac003a0 0bc003a0 
000003c0: 0c0003a0 0d0003a0 0c4003a0 0d4003a0 
000003d0: 0e0003a0 0f0003a0 0e4003a0 0f4003a0 
000003e0: 0c8003a0 0d8003a0 0cc003a0 0dc003a0 
000003f0: 0e8003a0 0f8003a0 0ec003a0 0fc003a0 
00000400: 100000a0 110000a0 104000a0 114000a0 
00000410: 120000a0 130000a0 124000a0 134000a0 
00000420: 108000a0 118000a0 10c000a0 11c000a0 
00000430: 128000a0 138000a0 12c000a0 13c000a0 
00000440: 140000a0 150000a0 144000a0 154000a0 
00000450: 160000a0 170000a0 164000a0 174000a0 
00000460: 148000a0 158000a0 14c000a0 15c000a0 
00000470: 168000a0 178000a0 16c000a0 17c000a0 
00000480: 100001a0 110001a0 104001a0 114001a0 
00000490: 120001a0 130001a0 124001a0 134001a0 
000004a0: 108001a0 118001a0 10c001a0 11c001a0 
000004b0: 128001a0 138001a0 12c001a0 13c001a0 
000004c0: 140001a0 150001a0 144001a0 154001a0 
000004d0: 160001a0 170001a0 164001a0 174001a0 
000004e0: 148001a0 158001a0 14c001a0 15c001a0 
000004f0: 168001a0 178001a0 16c001a0 17c001a0 
00000500: 180000a0 190000a0 184000a0 194000a0 
00000510: 1a0000a0 1b0000a0 1a4000a0 1b4000a0 
00000520: 188000a0 198000a0 18c000a0 19c000a0 
00000530: 1a8000a0 1b8000a0 1ac000a0 1bc000a0 
00000540: 1c0000a0 1d0000a0 1c4000a0 1d4000a0 
00000550: 1e0000a0 1f0000a0 1e4000a0 1f4000a0 
00000560: 1c8000a0 1d8000a0 1cc000a0 1dc000a0 
00000570: 1e8000a0 1f8000a0 1ec000a0 1fc000a0 
00000580: 180001a0 190001a0 184001a0 194001a0 
00000590: 1a0001a0 1b0001a0 1a4001a0 1b4001a0 
000005a0: 188001a0 198001a0 18c001a0 19c001a0 
000005b0: 1a8001a0 1b8001a0 1ac001a0 1bc001a0 
000005c0: 1c0001a0 1d0001a0 1c4001a0 1d4001a0 
000005d0: 1e0001a0 1f0001a0 1e4001a0 1f4001a0 
000005e0: 1c8001a0 1d8001a0 1cc001a0 1dc001a0 
000005f0: 1e8001a0 1f8001a0 1ec001a0 1fc001a0 
00000600: 100002a0 110002a0 104002a0 114002a0 
00000610: 120002a0 130002a0 124002a0 134002a0 
00000620: 108002a0 118002a0 10c002a0 11c002a0 
00000630: 128002a0 138002a0 12c002a0 13c002a0 
00000640: 140002a0 150002a0 144002a0 154002a0 
00000650: 160002a0 170002a0 164002a0 174002a0 
00000660: 148002a0 158002a0 14c002a0 15c002a0 
00000670: 168002a0 178002a0 16c002a0 17c002a0 
00000680: 100003a0 110003a0 104003a0 114003a0 
00000690: 120003a0 130003a0 124003a0 134003a0 
000006a0: 108003a0 118003a0 10c003a0 11c003a0 
000006b0: 128003a0 138003a0 12c003a0 13c003a0 
000006c0: 140003a0 150003a0 144003a0 154003a0 
000006d0: 160003a0 170003a0 164003a0 174003a0 
000006e0: 148003a0 158003a0 14c003a0 15c003a0 
000006f0: 168003a0 178003a0 16c003a0 17c003a0 
00000700: 180002a0 190002a0 184002a0 194002a0 
00000710: 1a0002a0 1b0002a0 1a4002a0 1b4002a0 
00000720: 188002a0 198002a0 18c002a0 19c002a0 
00000730: 1a8002a0 1b8002a0 1ac002a0 1bc002a0 
00000740: 1c0002a0 1d0002a0 1c4002a0 1d4002a0 
00000750: 1e0002a0 1f0002a0 1e4002a0 1f4002a0 
00000760: 1c8002a0 1d8002a0 1cc002a0 1dc002a0 
00000770: 1e8002a0 1f8002a0 1ec002a0 1fc002a0 
00000780: 180003a0 190003a0 184003a0 194003a0 
00000790: 1a0003a0 1b0003a0 1a4003a0 1b4003a0 
000007a0: 188003a0 198003a0 18c003a0 19c003a0 
000007b0: 1a8003a0 1b8003a0 1ac003a0 1bc003a0 
000007c0: 1c0003a0 1d0003a0 1c4003a0 1d4003a0 
000007d0: 1e0003a0 1f0003a0 1e4003a0 1f4003a0 
000007e0: 1c8003a0 1d8003a0 1cc003a0 1dc003a0 
000007f0: 1e8003a0 1f8003a0 1ec003a0 1fc003a0 
00000800: 000004a0 010004a0 004004a0 014004a0 
00000810: 020004a0 030004a0 024004a0 034004a0 
00000820: 008004a0 018004a0 00c004a0 01c004a0 
00000830: 028004a0 038004a0 02c004a0 03c004a0 
00000840: 040004a0 050004a0 044004a0 054004a0 
00000850: 060004a0 070004a0 064004a0 074004a0 
00000860: 048004a0 058004a0 04c004a0 05c004a0 
00000870: 068004a0 078004a0 06c004a0 07c004a0 
00000880: 000005a0 010005a0 004005a0 014005a0 
00000890: 020005a0 030005a0 024005a0 034005a0 
000008a0: 008005a0 018005a0 00c005a0 01c005a0 
000008b0: 028005a0 038005a0 02c005a0 03c005a0 
000008c0: 040005a0 050005a0 044005a0 054005a0 
000008d0: 060005a0 070005a0 064005a0 074005a0 
000008e0: 048005a0 058005a0 04c005a0 05c005a0 
000008f0: 068005a0 078005a0 06c005a0 07c005a0 
00000900: 080004a0 090004a0 084004a0 094004a0 
00000910: 0a0004a0 0b0004a0 0a4004a0 0b4004a0 
00000920: 088004a0 098004a0 08c004a0 09c004a0 
00000930: 0a8004a0 0b8004a0 0ac004a0 0bc004a0 
00000940: 0c0004a0 0d0004a0 0c4004a0 0d4004a0 
00000950: 0e0004a0 0f0004a0 0e4004a0 0f4004a0 
00000960: 0c8004a0 0d8004a0 0cc004a0 0dc004a0 
00000970: 0e8004a0 0f8004a0 0ec004a0 0fc004a0 
00000980: 080005a0 090005a0 084005a0 094005a0 
00000990: 0a0005a0 0b0005a0 0a4005a0 0b4005a0 
000009a0: 088005a0 098005a0 08c005a0 09c005a0 
000009b0: 0a8005a0 0b8005a0 0ac005a0 0bc005a0 
000009c0: 0c0005a0 0d0005a0 0c4005a0 0d4005a0 
000009d0: 0e0005a0 0f0005a0 0e4005a0 0f4005a0 
000009e0: 0c8005a0 0d8005a0 0cc005a0 0dc005a0 
000009f0: 0e8005a0 0f8005a0 0ec005a0 0fc005a0 
00000a00: 000006a0 010006a0 004006a0 014006a0 
00000a10: 020006a0 030006a0 024006a0 034006a0 
00000a20: 008006a0 018006a0 00c006a0 01c006a0 
00000a30: 028006a0 038006a0 02c006a0 03c006a0 
00000a40: 040006a0 050006a0 044006a0 054006a0 
00000a50: 060006a0 070006a0 064006a0 074006a0 
00000a60: 048006a0 058006a0 04c006a0 05c006a0 
00000a70: 068006a0 078006a0 06c006a0 07c006a0 
00000a80: 000007a0 010007a0 004007a0 014007a0 
00000a90: 020007a0 030007a0 024007a0 034007a0 
00000aa0: 008007a0 018007a0 00c007a0 01c007a0 
00000ab0: 028007a0 038007a0 02c007a0 03c007a0 
00000ac0: 040007a0 050007a0 044007a0 054007a0 
00000ad0: 060007a0 070007a0 064007a0 074007a0 
00000ae0: 048007a0 058007a0 04c007a0 05c007a0 
00000af0: 068007a0 078007a0 06c007a0 07c007a0 
00000b00: 080006a0 090006a0 084006a0 094006a0 
00000b10: 0a0006a0 0b0006a0 0a4006a0 0b4006a0 
00000b20: 088006a0 098006a0 08c006a0 09c006a0 
00000b30: 0a8006a0 0b8006a0 0ac006a0 0bc006a0 
00000b40: 0c0006a0 0d0006a0 0c4006a0 0d4006a0 
00000b50: 0e0006a0 0f0006a0 0e4006a0 0f4006a0 
00000b60: 0c8006a0 0d8006a0 0cc006a0 0dc006a0 
00000b70: 0e8006a0 0f8006a0 0ec006a0 0fc006a0 
00000b80: 080007a0 090007a0 084007a0 094007a0 
00000b90: 0a0007a0 0b0007a0 0a4007a0 0b4007a0 
00000ba0: 088007a0 098007a0 08c007a0 09c007a0 
00000bb0: 0a8007a0 0b8007a0 0ac007a0 0bc007a0 
00000bc0: 0c0007a0 0d0007a0 0c4007a0 0d4007a0 
00000bd0: 0e0007a0 0f0007a0 0e4007a0 0f4007a0 
00000be0: 0c8007a0 0d8007a0 0cc007a0 0dc007a0 
00000bf0: 0e8007a0 0f8007a0 0ec007a0 0fc007a0 
00000c00: 100004a0 110004a0 104004a0 114004a0 
00000c10: 120004a0 130004a0 124004a0 134004a0 
00000c20: 108004a0 118004a0 10c004a0 11c004a0 
00000c30: 128004a0 138004a0 12c004a0 13c004a0 
00000c40: 140004a0 150004a0 144004a0 154004a0 
00000c50: 160004a0 170004a0 164004a0 174004a0 
00000c60: 148004a0 158004a0 14c004a0 15c004a0 
00000c70: 168004a0 178004a0 16c004a0 17c004a0 
00000c80: 100005a0 110005a0 104005a0 114005a0 
00000c90: 120005a0 130005a0 124005a0 134005a0 
00000ca0: 108005a0 118005a0 10c005a0 11c005a0 
00000cb0: 128005a0 138005a0 12c005a0 13c005a0 
00000cc0: 140005a0 150005a0 144005a0 154005a0 
00000cd0: 160005a0 170005a0 164005a0 174005a0 
00000ce0: 148005a0 158005a0 14c005a0 15c005a0 
00000cf0: 168005a0 178005a0 16c005a0 17c005a0 
00000d00: 180004a0 190004a0 184004a0 194004a0 
00000d10: 1a0004a0 1b0004a0 1a4004a0 1b4004a0 
00000d20: 188004a0 198004a0 18c004a0 19c004a0 
00000d30: 1a8004a0 1b8004a0 1ac004a0 1bc004a0 
00000d40: 1c0004a0 1d0004a0 1c4004a0 1d4004a0 
00000d50: 1e0004a0 1f0004a0 1e4004a0 1f4004a0 
00000d60: 1c8004a0 1d8004a0 1cc004a0 1dc004a0 
00000d70: 1e8004a0 1f8004a0 1ec004a0 1fc004a0 
00000d80: 180005a0 190005a0 184005a0 194005a0 
00000d90: 1a0005a0 1b0005a0 1a4005a0 1b4005a0 
00000da0: 188005a0 198005a0 18c005a0 19c005a0 
00000db0: 1a8005a0 1b8005a0 1ac005a0 1bc005a0 
00000dc0: 1c0005a0 1d0005a0 1c4005a0 1d4005a0 
00000dd0: 1e0005a0 1f0005a0 1e4005a0 1f4005a0 
00000de0: 1c8005a0 1d8005a0 1cc005a0 1dc005a0 
00000df0: 1e8005a0 1f8005a0 1ec005a0 1fc005a0 
00000e00: 100006a0 110006a0 104006a0 114006a0 
00000e10: 120006a0 130006a0 124006a0 134006a0 
00000e20: 108006a0 118006a0 10c006a0 11c006a0 
00000e30: 128006a0 138006a0 12c006a0 13c006a0 
00000e40: 140006a0 150006a0 144006a0 154006a0 
00000e50: 160006a0 170006a0 164006a0 174006a0 
00000e60: 148006a0 158006a0 14c006a0 15c006a0 
00000e70: 168006a0 178006a0 16c006a0 17c006a0 
00000e80: 100007a0 110007a0 104007a0 114007a0 
00000e90: 120007a0 130007a0 124007a0 134007a0 
00000ea0: 108007a0 118007a0 10c007a0 11c007a0 
00000eb0: 128007a0 138007a0 12c007a0 13c007a0 
00000ec0: 140007a0 150007a0 144007a0 154007a0 
00000ed0: 160007a0 170007a0 164007a0 174007a0 
00000ee0: 148007a0 158007a0 14c007a0 15c007a0 
00000ef0: 168007a0 178007a0 16c007a0 17c007a0 
00000f00: 180006a0 190006a0 184006a0 194006a0 
00000f10: 1a0006a0 1b0006a0 1a4006a0 1b4006a0 
00000f20: 188006a0 198006a0 18c006a0 19c006a0 
00000f30: 1a8006a0 1b8006a0 1ac006a0 1bc006a0 
00000f40: 1c0006a0 1d0006a0 1c4006a0 1d4006a0 
00000f50: 1e0006a0 1f0006a0 1e4006a0 1f4006a0 
00000f60: 1c8006a0 1d8006a0 1cc006a0 1dc006a0 
00000f70: 1e8006a0 1f8006a0 1ec006a0 1fc006a0 
00000f80: 180007a0 190007a0 184007a0 194007a0 
00000f90: 1a0007a0 1b0007a0 1a4007a0 1b4007a0 
00000fa0: 188007a0 198007a0 18c007a0 19c007a0 
00000fb0: 1a8007a0 1b8007a0 1ac007a0 1bc007a0 
00000fc0: 1c0007a0 1d0007a0 1c4007a0 1d4007a0 
00000fd0: 1e0007a0 1f0007a0 1e4007a0 1f4007a0 
00000fe0: 1c8007a0 1d8007a0 1cc007a0 1dc007a0 
00000ff0: 1e8007a0 1f8007a0 1ec007a0 1fc007a0 
00001000: 200000a0 210000a0 204000a0 214000a0 
00001010: 220000a0 230000a0 224000a0 234000a0 
00001020: 208000a0 218000a0 20c000a0 21c000a0 
00001030: 228000a0 238000a0 22c000a0 23c000a0 
00001040: 240000a0 250000a0 244000a0 254000a0 
00001050: 260000a0 270000a0 264000a0 274000a0 
00001060: 248000a0 258000a0 24c000a0 25c000a0 
00001070: 268000a0 278000a0 26c000a0 27c000a0 
00001080: 200001a0 210001a0 204001a0 214001a0 
00001090: 220001a0 230001a0 224001a0 234001a0 
000010a0: 208001a0 218001a0 20c001a0 21c001a0 
000010b0: 228001a0 238001a0 22c001a0 23c001a0 
000010c0: 240001a0 250001a0 244001a0 254001a0 
000010d0: 260001a0 270001a0 264001a0 274001a0 
000010e0: 248001a0 258001a0 24c001a0 25c001a0 
000010f0: 268001a0 278001a0 26c001a0 27c001a0 
00001100: 280000a0 290000a0 284000a0 294000a0 
00001110: 2a0000a0 2b0000a0 2a4000a0 2b4000a0 
00001120: 288000a0 298000a0 28c000a0 29c000a0 
00001130: 2a8000a0 2b8000a0 2ac000a0 2bc000a0 
00001140: 2c0000a0 2d0000a0 2c4000a0 2d4000a0 
00001150: 2e0000a0 2f0000a0 2e4000a0 2f4000a0 
00001160: 2c8000a0 2d8000a0 2cc000a0 2dc000a0 
00001170: 2e8000a0 2f8000a0 2ec000a0 2fc000a0 
00001180: 280001a0 290001a0 284001a0 294001a0 
00001190: 2a0001a0 2b0001a0 2a4001a0 2b4001a0 
000011a0: 288001a0 298001a0 28c001a0 29c001a0 
000011b0: 2a8001a0 2b8001a0 2ac001a0 2bc001a0 
000011c0: 2c0001a0 2d0001a0 2c4001a0 2d4001a0 
000011d0: 2e0001a0 2f0001a0 2e4001a0 2f4001a0 
000011e0: 2c8001a0 2d8001a0 2cc001a0 2dc001a0 
000011f0: 2e8001a0 2f8001a0 2ec001a0 2fc001a0 
00001200: 200002a0 210002a0 204002a0 214002a0 
00001210: 220002a0 230002a0 224002a0 234002a0 
00001220: 208002a0 218002a0 20c002a0 21c002a0 
00001230: 228002a0 238002a0 22c002a0 23c002a0 
00001240: 240002a0 250002a0 244002a0 254002a0 
00001250: 260002a0 270002a0 264002a0 274002a0 
00001260: 248002a0 258002a0 24c002a0 25c002a0 
00001270: 268002a0 278002a0 26c002a0 27c002a0 
00001280: 200003a0 210003a0 204003a0 214003a0 
00001290: 220003a0 230003a0 224003a0 234003a0 
000012a0: 208003a0 218003a0 20c003a0 21c003a0 
000012b0: 228003a0 238003a0 22c003a0 23c003a0 
000012c0: 240003a0 250003a0 244003a0 254003a0 
000012d0: 260003a0 270003a0 264003a0 274003a0 
000012e0: 248003a0 258003a0 24c003a0 25c003a0 
000012f0: 268003a0 278003a0 26c003a0 27c003a0 
00001300: 280002a0 290002a0 284002a0 294002a0 
00001310: 2a0002a0 2b0002a0 2a4002a0 2b4002a0 
00001320: 288002a0 298002a0 28c002a0 29c002a0 
00001330: 2a8002a0 2b8002a0 2ac002a0 2bc002a0 
00001340: 2c0002a0 2d0002a0 2c4002a0 2d4002a0 
00001350: 2e0002a0 2f0002a0 2e4002a0 2f4002a0 
00001360: 2c8002a0 2d8002a0 2cc002a0 2dc002a0 
00001370: 2e8002a0 2f8002a0 2ec002a0 2fc002a0 
00001380: 280003a0 290003a0 284003a0 294003a0 
00001390: 2a0003a0 2b0003a0 2a4003a0 2b4003a0 
000013a0: 288003a0 298003a0 28c003a0 29c003a0 
000013b0: 2a8003a0 2b8003a0 2ac003a0 2bc003a0 
000013c0: 2c0003a0 2d0003a0 2c4003a0 2d4003a0 
000013d0: 2e0003a0 2f0003a0 2e4003a0 2f4003a0 
000013e0: 2c8003a0 2d8003a0 2cc003a0 2dc003a0 
000013f0: 2e8003a0 2f8003a0 2ec003a0 2fc003a0 
00001400: 300000a0 310000a0 304000a0 314000a0 
00001410: 320000a0 330000a0 324000a0 334000a0 
00001420: 308000a0 318000a0 30c000a0 31c000a0 
00001430: 328000a0 338000a0 32c000a0 33c000a0 
00001440: 340000a0 350000a0 344000a0 354000a0 
00001450: 360000a0 370000a0 364000a0 374000a0 
00001460: 348000a0 358000a0 34c000a0 35c000a0 
00001470: 368000a0 378000a0 36c000a0 37c000a0 
00001480: 300001a0 310001a0 304001a0 314001a0 
00001490: 320001a0 330001a0 324001a0 334001a0 
000014a0: 308001a0 318001a0 30c001a0 31c001a0 
000014b0: 328001a0 338001a0 32c001a0 33c001a0 
000014c0: 340001a0 350001a0 344001a0 354001a0 
000014d0: 360001a0 370001a0 364001a0 374001a0 
000014e0: 348001a0 358001a0 34c001a0 35c001a0 
000014f0: 368001a0 378001a0 36c001a0 37c001a0 
00001500: 380000a0 390000a0 384000a0 394000a0 
00001510: 3a0000a0 3b0000a0 3a4000a0 3b4000a0 
00001520: 388000a0 398000a0 38c000a0 39c000a0 
00001530: 3a8000a0 3b8000a0 3ac000a0 3bc000a0 
00001540: 3c0000a0 3d0000a0 3c4000a0 3d4000a0 
00001550: 3e0000a0 3f0000a0 3e4000a0 3f4000a0 
00001560: 3c8000a0 3d8000a0 3cc000a0 3dc000a0 
00001570: 3e8000a0 3f8000a0 3ec000a0 3fc000a0 
00001580: 380001a0 390001a0 384001a0 394001a0 
00001590: 3a0001a0 3b0001a0 3a4001a0 3b4001a0 
000015a0: 388001a0 398001a0 38c001a0 39c001a0 
000015b0: 3a8001a0 3b8001a0 3ac001a0 3bc001a0 
000015c0: 3c0001a0 3d0001a0 3c4001a0 3d4001a0 
000015d0: 3e0001a0 3f0001a0 3e4001a0 3f4001a0 
000015e0: 3c8001a0 3d8001a0 3cc001a0 3dc001a0 
000015f0: 3e8001a0 3f8001a0 3ec001a0 3fc001a0 
00001600: 300002a0 310002a0 304002a0 314002a0 
00001610: 320002a0 330002a0 324002a0 334002a0 
00001620: 308002a0 318002a0 30c002a0 31c002a0 
00001630: 328002a0 338002a0 32c002a0 33c002a0 
00001640: 340002a0 350002a0 344002a0 354002a0 
00001650: 360002a0 370002a0 364002a0 374002a0 
00001660: 348002a0 358002a0 34c002a0 35c002a0 
00001670: 368002a0 378002a0 36c002a0 37c002a0 
00001680: 300003a0 310003a0 304003a0 314003a0 
00001690: 320003a0 330003a0 324003a0 334003a0 
000016a0: 308003a0 318003a0 30c003a0 31c003a0 
000016b0: 328003a0 338003a0 32c003a0 33c003a0 
000016c0: 340003a0 350003a0 344003a0 354003a0 
000016d0: 360003a0 370003a0 364003a0 374003a0 
000016e0: 348003a0 358003a0 34c003a0 35c003a0 
000016f0: 368003a0 378003a0 36c003a0 37c003a0 
00001700: 380002a0 390002a0 384002a0 394002a0 
00001710: 3a0002a0 3b0002a0 3a4002a0 3b4002a0 
00001720: 388002a0 398002a0 38c002a0 39c002a0 
00001730: 3a8002a0 3b8002a0 3ac002a0 3bc002a0 
00001740: 3c0002a0 3d0002a0 3c4002a0 3d4002a0 
00001750: 3e0002a0 3f0002a0 3e4002a0 3f4002a0 
00001760: 3c8002a0 3d8002a0 3cc002a0 3dc002a0 
00001770: 3e8002a0 3f8002a0 3ec002a0 3fc002a0 
00001780: 380003a0 390003a0 384003a0 394003a0 
00001790: 3a0003a0 3b0003a0 3a4003a0 3b4003a0 
000017a0: 388003a0 398003a0 38c003a0 39c003a0 
000017b0: 3a8003a0 3b8003a0 3ac003a0 3bc003a0 
000017c0: 3c0003a0 3d0003a0 3c4003a0 3d4003a0 
000017d0: 3e0003a0 3f0003a0 3e4003a0 3f4003a0 
000017e0: 3c8003a0 3d8003a0 3cc003a0 3dc003a0 
000017f0: 3e8003a0 3f8003a0 3ec003a0 3fc003a0 
00001800: 200004a0 210004a0 204004a0 214004a0 
00001810: 220004a0 230004a0 224004a0 234004a0 
00001820: 208004a0 218004a0 20c004a0 21c004a0 
00001830: 228004a0 238004a0 22c004a0 23c004a0 
00001840: 240004a0 250004a0 244004a0 254004a0 
00001850: 260004a0 270004a0 264004a0 274004a0 
00001860: 248004a0 258004a0 24c004a0 25c004a0 
00001870: 268004a0 278004a0 26c004a0 27c004a0 
00001880: 200005a0 210005a0 204005a0 214005a0 
00001890: 220005a0 230005a0 224005a0 234005a0 
000018a0: 208005a0 218005a0 20c005a0 21c005a0 
000018b0: 228005a0 238005a0 22c005a0 23c005a0 
000018c0: 240005a0 250005a0 244005a0 254005a0 
000018d0: 260005a0 270005a0 264005a0 274005a0 
000018e0: 248005a0 258005a0 24c005a0 25c005a0 
000018f0: 268005a0 278005a0 26c005a0 27c005a0 
00001900: 280004a0 290004a0 284004a0 294004a0 
00001910: 2a0004a0 2b0004a0 2a4004a0 2b4004a0 
00001920: 288004a0 298004a0 28c004a0 29c004a0 
00001930: 2a8004a0 2b8004a0 2ac004a0 2bc004a0 
00001940: 2c0004a0 2d0004a0 2c4004a0 2d4004a0 
00001950: 2e0004a0 2f0004a0 2e4004a0 2f4004a0 
00001960: 2c8004a0 2d8004a0 2cc004a0 2dc004a0 
00001970: 2e8004a0 2f8004a0 2ec004a0 2fc004a0 
00001980: 280005a0 290005a0 284005a0 294005a0 
00001990: 2a0005a0 2b0005a0 2a4005a0 2b4005a0 
000019a0: 288005a0 298005a0 28c005a0 29c005a0 
000019b0: 2a8005a0 2b8005a0 2ac005a0 2bc005a0 
000019c0: 2c0005a0 2d0005a0 2c4005a0 2d4005a0 
000019d0: 2e0005a0 2f0005a0 2e4005a0 2f4005a0 
000019e0: 2c8005a0 2d8005a0 2cc005a0 2dc005a0 
000019f0: 2e8005a0 2f8005a0 2ec005a0 2fc005a0 
00001a00: 200006a0 210006a0 204006a0 214006a0 
00001a10: 220006a0 230006a0 224006a0 234006a0 
00001a20: 208006a0 218006a0 20c006a0 21c006a0 
00001a30: 228006a0 238006a0 22c006a0 23c006a0 
00001a40: 240006a0 250006a0 244006a0 254006a0 
00001a50: 260006a0 270006a0 264006a0 274006a0 
00001a60: 248006a0 258006a0 24c006a0 25c006a0 
00001a70: 268006a0 278006a0 26c006a0 27c006a0 
00001a80: 200007a0 210007a0 204007a0 214007a0 
00001a90: 220007a0 230007a0 224007a0 234007a0 
00001aa0: 208007a0 218007a0 20c007a0 21c007a0 
00001ab0: 228007a0 238007a0 22c007a0 23c007a0 
00001ac0: 240007a0 250007a0 244007a0 254007a0 
00001ad0: 260007a0 270007a0 264007a0 274007a0 
00001ae0: 248007a0 258007a0 24c007a0 25c007a0 
00001af0: 268007a0 278007a0 26c007a0 27c007a0 
00001b00: 280006a0 290006a0 284006a0 294006a0 
00001b10: 2a0006a0 2b0006a0 2a4006a0 2b4006a0 
00001b20: 288006a0 298006a0 28c006a0 29c006a0 
00001b30: 2a8006a0 2b8006a0 2ac006a0 2bc006a0 
00001b40: 2c0006a0 2d0006a0 2c4006a0 2d4006a0 
00001b50: 2e0006a0 2f0006a0 2e4006a0 2f4006a0 
00001b60: 2c8006a0 2d8006a0 2cc006a0 2dc006a0 
00001b70: 2e8006a0 2f8006a0 2ec006a0 2fc006a0 
00001b80: 280007a0 290007a0 284007a0 294007a0 
00001b90: 2a0007a0 2b0007a0 2a4007a0 2b4007a0 
00001ba0: 288007a0 298007a0 28c007a0 29c007a0 
00001bb0: 2a8007a0 2b8007a0 2ac007a0 2bc007a0 
00001bc0: 2c0007a0 2d0007a0 2c4007a0 2d4007a0 
00001bd0: 2e0007a0 2f0007a0 2e4007a0 2f4007a0 
00001be0: 2c8007a0 2d8007a0 2cc007a0 2dc007a0 
00001bf0: 2e8007a0 2f8007a0 2ec007a0 2fc007a0 
00001c00: 300004a0 310004a0 304004a0 314004a0 
00001c10: 320004a0 330004a0 324004a0 334004a0 
00001c20: 308004a0 318004a0 30c004a0 31c004a0 
00001c30: 328004a0 338004a0 32c004a0 33c004a0 
00001c40: 340004a0 350004a0 344004a0 354004a0 
00001c50: 360004a0 370004a0 364004a0 374004a0 
00001c60: 348004a0 358004a0 34c004a0 35c004a0 
00001c70: 368004a0 378004a0 36c004a0 37c004a0 
00001c80: 300005a0 310005a0 304005a0 314005a0 
00001c90: 320005a0 330005a0 324005a0 334005a0 
00001ca0: 308005a0 318005a0 30c005a0 31c005a0 
00001cb0: 328005a0 338005a0 32c005a0 33c005a0 
00001cc0: 340005a0 350005a0 344005a0 354005a0 
00001cd0: 360005a0 370005a0 364005a0 374005a0 
00001ce0: 348005a0 358005a0 34c005a0 35c005a0 
00001cf0: 368005a0 378005a0 36c005a0 37c005a0 
00001d00: 380004a0 390004a0 384004a0 394004a0 
00001d10: 3a0004a0 3b0004a0 3a4004a0 3b4004a0 
00001d20: 388004a0 398004a0 38c004a0 39c004a0 
00001d30: 3a8004a0 3b8004a0 3ac004a0 3bc004a0 
00001d40: 3c0004a0 3d0004a0 3c4004a0 3d4004a0 
00001d50: 3e0004a0 3f0004a0 3e4004a0 3f4004a0 
00001d60: 3c8004a0 3d8004a0 3cc004a0 3dc004a0 
00001d70: 3e8004a0 3f8004a0 3ec004a0 3fc004a0 
00001d80: 380005a0 390005a0 384005a0 394005a0 
00001d90: 3a0005a0 3b0005a0 3a4005a0 3b4005a0 
00001da0: 388005a0 398005a0 38c005a0 39c005a0 
00001db0: 3a8005a0 3b8005a0 3ac005a0 3bc005a0 
00001dc0: 3c0005a0 3d0005a0 3c4005a0 3d4005a0 
00001dd0: 3e0005a0 3f0005a0 3e4005a0 3f4005a0 
00001de0: 3c8005a0 3d8005a0 3cc005a0 3dc005a0 
00001df0: 3e8005a0 3f8005a0 3ec005a0 3fc005a0 
00001e00: 300006a0 310006a0 304006a0 314006a0 
00001e10: 320006a0 330006a0 324006a0 334006a0 
00001e20: 308006a0 318006a0 30c006a0 31c006a0 
00001e30: 328006a0 338006a0 32c006a0 33c006a0 
00001e40: 340006a0 350006a0 344006a0 354006a0 
00001e50: 360006a0 370006a0 364006a0 374006a0 
00001e60: 348006a0 358006a0 34c006a0 35c006a0 
00001e70: 368006a0 378006a0 36c006a0 37c006a0 
00001e80: 300007a0 310007a0 304007a0 314007a0 
00001e90: 320007a0 330007a0 324007a0 334007a0 
00001ea0: 308007a0 318007a0 30c007a0 31c007a0 
00001eb0: 328007a0 338007a0 32c007a0 33c007a0 
00001ec0: 340007a0 350007a0 344007a0 354007a0 
00001ed0: 360007a0 370007a0 364007a0 374007a0 
00001ee0: 348007a0 358007a0 34c007a0 35c007a0 
00001ef0: 368007a0 378007a0 36c007a0 37c007a0 
00001f00: 380006a0 390006a0 384006a0 394006a0 
00001f10: 3a0006a0 3b0006a0 3a4006a0 3b4006a0 
00001f20: 388006a0 398006a0 38c006a0 39c006a0 
00001f30: 3a8006a0 3b8006a0 3ac006a0 3bc006a0 
00001f40: 3c0006a0 3d0006a0 3c4006a0 3d4006a0 
00001f50: 3e0006a0 3f0006a0 3e4006a0 3f4006a0 
00001f60: 3c8006a0 3d8006a0 3cc006a0 3dc006a0 
00001f70: 3e8006a0 3f8006a0 3ec006a0 3fc006a0 
00001f80: 380007a0 390007a0 384007a0 394007a0 
00001f90: 3a0007a0 3b0007a0 3a4007a0 3b4007a0 
00001fa0: 388007a0 398007a0 38c007a0 39c007a0 
00001fb0: 3a8007a0 3b8007a0 3ac007a0 3bc007a0 
00001fc0: 3c0007a0 3d0007a0 3c4007a0 3d4007a0 
00001fd0: 3e0007a0 3f0007a0 3e4007a0 3f4007a0 
00001fe0: 3c8007a0 3d8007a0 3cc007a0 3dc007a0 
00001ff0: 3e8007a0 3f8007a0 3ec007a0 3fc007a0 
00002000: 000008a0 010008a0 004008a0 014008a0 
00002010: 020008a0 030008a0 024008a0 034008a0 
00002020: 008008a0 018008a0 00c008a0 01c008a0 
00002030: 028008a0 038008a0 02c008a0 03c008a0 
00002040: 040008a0 050008a0 044008a0 054008a0 
00002050: 060008a0 070008a0 064008a0 074008a0 
00002060: 048008a0 058008a0 04c008a0 05c008a0 
00002070: 068008a0 078008a0 06c008a0 07c008a0 
00002080: 000009a0 010009a0 004009a0 014009a0 
00002090: 020009a0 030009a0 024009a0 034009a0 
000020a0: 008009a0 018009a0 00c009a0 01c009a0 
000020b0: 028009a0 038009a0 02c009a0 03c009a0 
000020c0: 040009a0 050009a0 044009a0 054009a0 
000020d0: 060009a0 070009a0 064009a0 074009a0 
000020e0: 048009a0 058009a0 04c009a0 05c009a0 
000020f0: 068009a0 078009a0 06c009a0 07c009a0 
00002100: 080008a0 090008a0 084008a0 094008a0 
00002110: 0a0008a0 0b0008a0 0a4008a0 0b4008a0 
00002120: 088008a0 098008a0 08c008a0 09c008a0 
00002130: 0a8008a0 0b8008a0 0ac008a0 0bc008a0 
00002140: 0c0008a0 0d0008a0 0c4008a0 0d4008a0 
00002150: 0e0008a0 0f0008a0 0e4008a0 0f4008a0 
00002160: 0c8008a0 0d8008a0 0cc008a0 0dc008a0 
00002170: 0e8008a0 0f8008a0 0ec008a0 0fc008a0 
00002180: 080009a0 090009a0 084009a0 094009a0 
00002190: 0a0009a0 0b0009a0 0a4009a0 0b4009a0 
000021a0: 088009a0 098009a0 08c009a0 09c009a0 
000021b0: 0a8009a0 0b8009a0 0ac009a0 0bc009a0 
000021c0: 0c0009a0 0d0009a0 0c4009a0 0d4009a0 
000021d0: 0e0009a0 0f0009a0 0e4009a0 0f4009a0 
000021e0: 0c8009a0 0d8009a0 0cc009a0 0dc009a0 
000021f0: 0e8009a0 0f8009a0 0ec009a0 0fc009a0 
00002200: 00000aa0 01000aa0 00400aa0 01400aa0 
00002210: 02000aa0 03000aa0 02400aa0 03400aa0 
00002220: 00800aa0 01800aa0 00c00aa0 01c00aa0 
00002230: 02800aa0 03800aa0 02c00aa0 03c00aa0 
00002240: 04000aa0 05000aa0 04400aa0 05400aa0 
00002250: 06000aa0 07000aa0 06400aa0 07400aa0 
00002260: 04800aa0 05800aa0 04c00aa0 05c00aa0 
00002270: 06800aa0 07800aa0 06c00aa0 07c00aa0 
00002280: 00000ba0 01000ba0 00400ba0 01400ba0 
00002290: 02000ba0 03000ba0 02400ba0 03400ba0 
000022a0: 00800ba0 01800ba0 00c00ba0 01c00ba0 
000022b0: 02800ba0 03800ba0 02c00ba0 03c00ba0 
000022c0: 04000ba0 05000ba0 04400ba0 05400ba0 
000022d0: 06000ba0 07000ba0 06400ba0 07400ba0 
000022e0: 04800ba0 05800ba0 04c00ba0 05c00ba0 
000022f0: 06800ba0 07800ba0 06c00ba0 07c00ba0 
00002300: 08000aa0 09000aa0 08400aa0 09400aa0 
00002310: 0a000aa0 0b000aa0 0a400aa0 0b400aa0 
00002320: 08800aa0 09800aa0 08c00aa0 09c00aa0 
00002330: 0a800aa0 0b800aa0 0ac00aa0 0bc00aa0 
00002340: 0c000aa0 0d000aa0 0c400aa0 0d400aa0 
00002350: 0e000aa0 0f000aa0 0e400aa0 0f400aa0 
00002360: 0c800aa0 0d800aa0 0cc00aa0 0dc00aa0 
00002370: 0e800aa0 0f800aa0 0ec00aa0 0fc00aa0 
00002380: 08000ba0 09000ba0 08400ba0 09400ba0 
00002390: 0a000ba0 0b000ba0 0a400ba0 0b400ba0 
000023a0: 08800ba0 09800ba0 08c00ba0 09c00ba0 
000023b0: 0a800ba0 0b800ba0 0ac00ba0 0bc00ba0 
000023c0: 0c000ba0 0d000ba0 0c400ba0 0d400ba0 
000023d0: 0e000ba0 0f000ba0 0e400ba0 0f400ba0 
000023e0: 0c800ba0 0d800ba0 0cc00ba0 0dc00ba0 
000023f0: 0e800ba0 0f800ba0 0ec00ba0 0fc00ba0 
00002400: 100008a0 110008a0 104008a0 114008a0 
00002410: 120008a0 130008a0 124008a0 134008a0 
00002420: 108008a0 118008a0 10c008a0 11c008a0 
00002430: 128008a0 138008a0 12c008a0 13c008a0 
00002440: 140008a0 150008a0 144008a0 154008a0 
00002450: 160008a0 170008a0 164008a0 174008a0 
00002460: 148008a0 158008a0 14c008a0 15c008a0 
00002470: 168008a0 178008a0 16c008a0 17c008a0 
00002480: 100009a0 110009a0 104009a0 114009a0 
00002490: 120009a0 130009a0 124009a0 134009a0 
000024a0: 108009a0 118009a0 10c009a0 11c009a0 
000024b0: 128009a0 138009a0 12c009a0 13c009a0 
000024c0: 140009a0 150009a0 144009a0 154009a0 
000024d0: 160009a0 170009a0 164009a0 174009a0 
000024e0: 148009a0 158009a0 14c009a0 15c009a0 
000024f0: 168009a0 178009a0 16c009a0 17c009a0 
00002500: 180008a0 190008a0 184008a0 194008a0 
00002510: 1a0008a0 1b0008a0 1a4008a0 1b4008a0 
00002520: 188008a0 198008a0 18c008a0 19c008a0 
00002530: 1a8008a0 1b8008a0 1ac008a0 1bc008a0 
00002540: 1c0008a0 1d0008a0 1c4008a0 1d4008a0 
00002550: 1e0008a0 1f0008a0 1e4008a0 1f4008a0 
00002560: 1c8008a0 1d8008a0 1cc008a0 1dc008a0 
00002570: 1e8008a0 1f8008a0 1ec008a0 1fc008a0 
00002580: 180009a0 190009a0 184009a0 194009a0 
00002590: 1a0009a0 1b0009a0 1a4009a0 1b4009a0 
000025a0: 188009a0 198009a0 18c009a0 19c009a0 
000025b0: 1a8009a0 1b8009a0 1ac009a0 1bc009a0 
000025c0: 1c0009a0 1d0009a0 1c4009a0 1d4009a0 
000025d0: 1e0009a0 1f0009a0 1e4009a0 1f4009a0 
000025e0: 1c8009a0 1d8009a0 1cc009a0 1dc009a0 
000025f0: 1e8009a0 1f8009a0 1ec009a0 1fc009a0 
00002600: 10000aa0 11000aa0 10400aa0 11400aa0 
00002610: 12000aa0 13000aa0 12400aa0 13400aa0 
00002620: 10800aa0 11800aa0 10c00aa0 11c00aa0 
00002630: 12800aa0 13800aa0 12c00aa0 13c00aa0 
00002640: 14000aa0 15000aa0 14400aa0 15400aa0 
00002650: 16000aa0 17000aa0 16400aa0 17400aa0 
00002660: 14800aa0 15800aa0 14c00aa0 15c00aa0 
00002670: 16800aa0 17800aa0 16c00aa0 17c00aa0 
00002680: 10000ba0 11000ba0 10400ba0 11400ba0 
00002690: 12000ba0 13000ba0 12400ba0 13400ba0 
000026a0: 10800ba0 11800ba0 10c00ba0 11c00ba0 
000026b0: 12800ba0 13800ba0 12c00ba0 13c00ba0 
000026c0: 14000ba0 15000ba0 14400ba0 15400ba0 
000026d0: 16000ba0 17000ba0 16400ba0 17400ba0 
000026e0: 14800ba0 15800ba0 14c00ba0 15c00ba0 
000026f0: 16800ba0 17800ba0 16c00ba0 17c00ba0 
00002700: 18000aa0 19000aa0 18400aa0 19400aa0 
00002710: 1a000aa0 1b000aa0 1a400aa0 1b400aa0 
00002720: 18800aa0 19800aa0 18c00aa0 19c00aa0 
00002730: 1a800aa0 1b800aa0 1ac00aa0 1bc00aa0 
00002740: 1c000aa0 1d000aa0 1c400aa0 1d400aa0 
00002750: 1e000aa0 1f000aa0 1e400aa0 1f400aa0 
00002760: 1c800aa0 1d800aa0 1cc00aa0 1dc00aa0 
00002770: 1e800aa0 1f800aa0 1ec00aa0 1fc00aa0 
00002780: 18000ba0 19000ba0 18400ba0 19400ba0 
00002790: 1a000ba0 1b000ba0 1a400ba0 1b400ba0 
000027a0: 18800ba0 19800ba0 18c00ba0 19c00ba0 
000027b0: 1a800ba0 1b800ba0 1ac00ba0 1bc00ba0 
000027c0: 1c000ba0 1d000ba0 1c400ba0 1d400ba0 
000027d0: 1e000ba0 1f000ba0 1e400ba0 1f400ba0 
000027e0: 1c800ba0 1d800ba0 1cc00ba0 1dc00ba0 
000027f0: 1e800ba0 1f800ba0 1ec00ba0 1fc00ba0 
00002800: 00000ca0 01000ca0 00400ca0 01400ca0 
00002810: 02000ca0 03000ca0 02400ca0 03400ca0 
00002820: 00800ca0 01800ca0 00c00ca0 01c00ca0 
00002830: 02800ca0 03800ca0 02c00ca0 03c00ca0 
00002840: 04000ca0 05000ca0 04400ca0 05400ca0 
00002850: 06000ca0 07000ca0 06400ca0 07400ca0 
00002860: 04800ca0 05800ca0 04c00ca0 05c00ca0 
00002870: 06800ca0 07800ca0 06c00ca0 07c00ca0 
00002880: 00000da0 01000da0 00400da0 01400da0 
00002890: 02000da0 03000da0 02400da0 03400da0 
000028a0: 00800da0 01800da0 00c00da0 01c00da0 
000028b0: 02800da0 03800da0 02c00da0 03c00da0 
000028c0: 04000da0 05000da0 04400da0 05400da0 
000028d0: 06000da0 07000da0 06400da0 07400da0 
000028e0: 04800da0 05800da0 04c00da0 05c00da0 
000028f0: 06800da0 07800da0 06c00da0 07c00da0 
00002900: 08000ca0 09000ca0 08400ca0 09400ca0 
00002910: 0a000ca0 0b000ca0 0a400ca0 0b400ca0 
00002920: 08800ca0 09800ca0 08c00ca0 09c00ca0 
00002930: 0a800ca0 0b800ca0 0ac00ca0 0bc00ca0 
00002940: 0c000ca0 0d000ca0 0c400ca0 0d400ca0 
00002950: 0e000ca0 0f000ca0 0e400ca0 0f400ca0 
00002960: 0c800ca0 0d800ca0 0cc00ca0 0dc00ca0 
00002970: 0e800ca0 0f800ca0 0ec00ca0 0fc00ca0 
00002980: 08000da0 09000da0 08400da0 09400da0 
00002990: 0a000da0 0b000da0 0a400da0 0b400da0 
000029a0: 08800da0 09800da0 08c00da0 09c00da0 
000029b0: 0a800da0 0b800da0 0ac00da0 0bc00da0 
000029c0: 0c000da0 0d000da0 0c400da0 0d400da0 
000029d0: 0e000da0 0f000da0 0e400da0 0f400da0 
000029e0: 0c800da0 0d800da0 0cc00da0 0dc00da0 
000029f0: 0e800da0 0f800da0 0ec00da0 0fc00da0 
00002a00: 00000ea0 01000ea0 00400ea0 01400ea0 
00002a10: 02000ea0 03000ea0 02400ea0 03400ea0 
00002a20: 00800ea0 01800ea0 00c00ea0 01c00ea0 
00002a30: 02800ea0 03800ea0 02c00ea0 03c00ea0 
00002a40: 04000ea0 05000ea0 04400ea0 05400ea0 
00002a50: 06000ea0 07000ea0 06400ea0 07400ea0 
00002a60: 04800ea0 05800ea0 04c00ea0 05c00ea0 
00002a70: 06800ea0 07800ea0 06c00ea0 07c00ea0 
00002a80: 00000fa0 01000fa0 00400fa0 01400fa0 
00002a90: 02000fa0 03000fa0 02400fa0 03400fa0 
00002aa0: 00800fa0 01800fa0 00c00fa0 01c00fa0 
00002ab0: 02800fa0 03800fa0 02c00fa0 03c00fa0 
00002ac0: 04000fa0 05000fa0 04400fa0 05400fa0 
00002ad0: 06000fa0 07000fa0 06400fa0 07400fa0 
00002ae0: 04800fa0 05800fa0 04c00fa0 05c00fa0 
00002af0: 06800fa0 07800fa0 06c00fa0 07c00fa0 
00002b00: 08000ea0 09000ea0 08400ea0 09400ea0 
00002b10: 0a000ea0 0b000ea0 0a400ea0 0b400ea0 
00002b20: 08800ea0 09800ea0 08c00ea0 09c00ea0 
00002b30: 0a800ea0 0b800ea0 0ac00ea0 0bc00ea0 
00002b40: 0c000ea0 0d000ea0 0c400ea0 0d400ea0 
00002b50: 0e000ea0 0f000ea0 0e400ea0 0f400ea0 
00002b60: 0c800ea0 0d800ea0 0cc00ea0 0dc00ea0 
00002b70: 0e800ea0 0f800ea0 0ec00ea0 0fc00ea0 
00002b80: 08000fa0 09000fa0 08400fa0 09400fa0 
00002b90: 0a000fa0 0b000fa0 0a400fa0 0b400fa0 
00002ba0: 08800fa0 09800fa0 08c00fa0 09c00fa0 
00002bb0: 0a800fa0 0b800fa0 0ac00fa0 0bc00fa0 
00002bc0: 0c000fa0 0d000fa0 0c400fa0 0d400fa0 
00002bd0: 0e000fa0 0f000fa0 0e400fa0 0f400fa0 
00002be0: 0c800fa0 0d800fa0 0cc00fa0 0dc00fa0 
00002bf0: 0e800fa0 0f800fa0 0ec00fa0 0fc00fa0 
00002c00: 10000ca0 11000ca0 10400ca0 11400ca0 
00002c10: 12000ca0 13000ca0 12400ca0 13400ca0 
00002c20: 10800ca0 11800ca0 10c00ca0 11c00ca0 
00002c30: 12800ca0 13800ca0 12c00ca0 13c00ca0 
00002c40: 14000ca0 15000ca0 14400ca0 15400ca0 
00002c50: 16000ca0 17000ca0 16400ca0 17400ca0 
00002c60: 14800ca0 15800ca0 14c00ca0 15c00ca0 
00002c70: 16800ca0 17800ca0 16c00ca0 17c00ca0 
00002c80: 10000da0 11000da0 10400da0 11400da0 
00002c90: 12000da0 13000da0 12400da0 13400da0 
00002ca0: 10800da0 11800da0 10c00da0 11c00da0 
00002cb0: 12800da0 13800da0 12c00da0 13c00da0 
00002cc0: 14000da0 15000da0 14400da0 15400da0 
00002cd0: 16000da0 17000da0 16400da0 17400da0 
00002ce0: 14800da0 15800da0 14c00da0 15c00da0 
00002cf0: 16800da0 17800da0 16c00da0 17c00da0 
00002d00: 18000ca0 19000ca0 18400ca0 19400ca0 
00002d10: 1a000ca0 1b000ca0 1a400ca0 1b400ca0 
00002d20: 18800ca0 19800ca0 18c00ca0 19c00ca0 
00002d30: 1a800ca0 1b800ca0 1ac00ca0 1bc00ca0 
00002d40: 1c000ca0 1d000ca0 1c400ca0 1d400ca0 
00002d50: 1e000ca0 1f000ca0 1e400ca0 1f400ca0 
00002d60: 1c800ca0 1d800ca0 1cc00ca0 1dc00ca0 
00002d70: 1e800ca0 1f800ca0 1ec00ca0 1fc00ca0 
00002d80: 18000da0 19000da0 18400da0 19400da0 
00002d90: 1a000da0 1b000da0 1a400da0 1b400da0 
00002da0: 18800da0 19800da0 18c00da0 19c00da0 
00002db0: 1a800da0 1b800da0 1ac00da0 1bc00da0 
00002dc0: 1c000da0 1d000da0 1c400da0 1d400da0 
00002dd0: 1e000da0 1f000da0 1e400da0 1f400da0 
00002de0: 1c800da0 1d800da0 1cc00da0 1dc00da0 
00002df0: 1e800da0 1f800da0 1ec00da0 1fc00da0 
00002e00: 10000ea0 11000ea0 10400ea0 11400ea0 
00002e10: 12000ea0 13000ea0 12400ea0 13400ea0 
00002e20: 10800ea0 11800ea0 10c00ea0 11c00ea0 
00002e30: 12800ea0 13800ea0 12c00ea0 13c00ea0 
00002e40: 14000ea0 15000ea0 14400ea0 15400ea0 
00002e50: 16000ea0 17000ea0 16400ea0 17400ea0 
00002e60: 14800ea0 15800ea0 14c00ea0 15c00ea0 
00002e70: 16800ea0 17800ea0 16c00ea0 17c00ea0 
00002e80: 10000fa0 11000fa0 10400fa0 11400fa0 
00002e90: 12000fa0 13000fa0 12400fa0 13400fa0 
00002ea0: 10800fa0 11800fa0 10c00fa0 11c00fa0 
00002eb0: 12800fa0 13800fa0 12c00fa0 13c00fa0 
00002ec0: 14000fa0 15000fa0 14400fa0 15400fa0 
00002ed0: 16000fa0 17000fa0 16400fa0 17400fa0 
00002ee0: 14800fa0 15800fa0 14c00fa0 15c00fa0 
00002ef0: 16800fa0 17800fa0 16c00fa0 17c00fa0 
00002f00: 18000ea0 19000ea0 18400ea0 19400ea0 
00002f10: 1a000ea0 1b000ea0 1a400ea0 1b400ea0 
00002f20: 18800ea0 19800ea0 18c00ea0 19c00ea0 
00002f30: 1a800ea0 1b800ea0 1ac00ea0 1bc00ea0 
00002f40: 1c000ea0 1d000ea0 1c400ea0 1d400ea0 
00002f50: 1e000ea0 1f000ea0 1e400ea0 1f400ea0 
00002f60: 1c800ea0 1d800ea0 1cc00ea0 1dc00ea0 
00002f70: 1e800ea0 1f800ea0 1ec00ea0 1fc00ea0 
00002f80: 18000fa0 19000fa0 18400fa0 19400fa0 
00002f90: 1a000fa0 1b000fa0 1a400fa0 1b400fa0 
00002fa0: 18800fa0 19800fa0 18c00fa0 19c00fa0 
00002fb0: 1a800fa0 1b800fa0 1ac00fa0 1bc00fa0 
00002fc0: 1c000fa0 1d000fa0 1c400fa0 1d400fa0 
00002fd0: 1e000fa0 1f000fa0 1e400fa0 1f400fa0 
00002fe0: 1c800fa0 1d800fa0 1cc00fa0 1dc00fa0 
00002ff0: 1e800fa0 1f800fa0 1ec00fa0 1fc00fa0 
00003000: 200008a0 210008a0 204008a0 214008a0 
00003010: 220008a0 230008a0 224008a0 234008a0 
00003020: 208008a0 218008a0 20c008a0 21c008a0 
00003030: 228008a0 238008a0 22c008a0 23c008a0 
00003040: 240008a0 250008a0 244008a0 254008a0 
00003050: 260008a0 270008a0 264008a0 274008a0 
00003060: 248008a0 258008a0 24c008a0 25c008a0 
00003070: 268008a0 278008a0 26c008a0 27c008a0 
00003080: 200009a0 210009a0 204009a0 214009a0 
00003090: 220009a0 230009a0 224009a0 234009a0 
000030a0: 208009a0 218009a0 20c009a0 21c009a0 
000030b0: 228009a0 238009a0 22c009a0 23c009a0 
000030c0: 240009a0 250009a0 244009a0 254009a0 
000030d0: 260009a0 270009a0 264009a0 274009a0 
000030e0: 248009a0 258009a0 24c009a0 25c009a0 
000030f0: 268009a0 278009a0 26c009a0 27c009a0 
00003100: 280008a0 290008a0 284008a0 294008a0 
00003110: 2a0008a0 2b0008a0 2a4008a0 2b4008a0 
00003120: 288008a0 298008a0 28c008a0 29c008a0 
00003130: 2a8008a0 2b8008a0 2ac008a0 2bc008a0 
00003140: 2c0008a0 2d0008a0 2c4008a0 2d4008a0 
00003150: 2e0008a0 2f0008a0 2e4008a0 2f4008a0 
00003160: 2c8008a0 2d8008a0 2cc008a0 2dc008a0 
00003170: 2e8008a0 2f8008a0 2ec008a0 2fc008a0 
00003180: 280009a0 290009a0 284009a0 294009a0 
00003190: 2a0009a0 2b0009a0 2a4009a0 2b4009a0 
000031a0: 288009a0 298009a0 28c009a0 29c009a0 
000031b0: 2a8009a0 2b8009a0 2ac009a0 2bc009a0 
000031c0: 2c0009a0 2d0009a0 2c4009a0 2d4009a0 
000031d0: 2e0009a0 2f0009a0 2e4009a0 2f4009a0 
000031e0: 2c8009a0 2d8009a0 2cc009a0 2dc009a0 
000031f0: 2e8009a0 2f8009a0 2ec009a0 2fc009a0 
00003200: 20000aa0 21000aa0 20400aa0 21400aa0 
00003210: 22000aa0 23000aa0 22400aa0 23400aa0 
00003220: 20800aa0 21800aa0 20c00aa0 21c00aa0 
00003230: 22800aa0 23800aa0 22c00aa0 23c00aa0 
00003240: 24000aa0 25000aa0 24400aa0 25400aa0 
00003250: 26000aa0 27000aa0 26400aa0 27400aa0 
00003260: 24800aa0 25800aa0 24c00aa0 25c00aa0 
00003270: 26800aa0 27800aa0 26c00aa0 27c00aa0 
00003280: 20000ba0 21000ba0 20400ba0 21400ba0 
00003290: 22000ba0 23000ba0 22400ba0 23400ba0 
000032a0: 20800ba0 21800ba0 20c00ba0 21c00ba0 
000032b0: 22800ba0 23800ba0 22c00ba0 23c00ba0 
000032c0: 24000ba0 25000ba0 24400ba0 25400ba0 
000032d0: 26000ba0 27000ba0 26400ba0 27400ba0 
000032e0: 24800ba0 25800ba0 24c00ba0 25c00ba0 
000032f0: 26800ba0 27800ba0 26c00ba0 27c00ba0 
00003300: 28000aa0 29000aa0 28400aa0 29400aa0 
00003310: 2a000aa0 2b000aa0 2a400aa0 2b400aa0 
00003320: 28800aa0 29800aa0 28c00aa0 29c00aa0 
00003330: 2a800aa0 2b800aa0 2ac00aa0 2bc00aa0 
00003340: 2c000aa0 2d000aa0 2c400aa0 2d400aa0 
00003350: 2e000aa0 2f000aa0 2e400aa0 2f400aa0 
00003360: 2c800aa0 2d800aa0 2cc00aa0 2dc00aa0 
00003370: 2e800aa0 2f800aa0 2ec00aa0 2fc00aa0 
00003380: 28000ba0 29000ba0 28400ba0 29400ba0 
00003390: 2a000ba0 2b000ba0 2a400ba0 2b400ba0 
000033a0: 28800ba0 29800ba0 28c00ba0 29c00ba0 
000033b0: 2a800ba0 2b800ba0 2ac00ba0 2bc00ba0 
000033c0: 2c000ba0 2d000ba0 2c400ba0 2d400ba0 
000033d0: 2e000ba0 2f000ba0 2e400ba0 2f400ba0 
000033e0: 2c800ba0 2d800ba0 2cc00ba0 2dc00ba0 
000033f0: 2e800ba0 2f800ba0 2ec00ba0 2fc00ba0 
00003400: 300008a0 310008a0 304008a0 314008a0 
00003410: 320008a0 330008a0 324008a0 334008a0 
00003420: 308008a0 318008a0 30c008a0 31c008a0 
00003430: 328008a0 338008a0 32c008a0 33c008a0 
00003440: 340008a0 350008a0 344008a0 354008a0 
00003450: 360008a0 370008a0 364008a0 374008a0 
00003460: 348008a0 358008a0 34c008a0 35c008a0 
00003470: 368008a0 378008a0 36c008a0 37c008a0 
00003480: 300009a0 310009a0 304009a0 314009a0 
00003490: 320009a0 330009a0 324009a0 334009a0 
000034a0: 308009a0 318009a0 30c009a0 31c009a0 
000034b0: 328009a0 338009a0 32c009a0 33c009a0 
000034c0: 340009a0 350009a0 344009a0 354009a0 
000034d0: 360009a0 370009a0 364009a0 374009a0 
000034e0: 348009a0 358009a0 34c009a0 35c009a0 
000034f0: 368009a0 378009a0 36c009a0 37c009a0 
00003500: 380008a0 390008a0 384008a0 394008a0 
00003510: 3a0008a0 3b0008a0 3a4008a0 3b4008a0 
00003520: 388008a0 398008a0 38c008a0 39c008a0 
00003530: 3a8008a0 3b8008a0 3ac008a0 3bc008a0 
00003540: 3c0008a0 3d0008a0 3c4008a0 3d4008a0 
00003550: 3e0008a0 3f0008a0 3e4008a0 3f4008a0 
00003560: 3c8008a0 3d8008a0 3cc008a0 3dc008a0 
00003570: 3e8008a0 3f8008a0 3ec008a0 3fc008a0 
00003580: 380009a0 390009a0 384009a0 394009a0 
00003590: 3a0009a0 3b0009a0 3a4009a0 3b4009a0 
000035a0: 388009a0 398009a0 38c009a0 39c009a0 
000035b0: 3a8009a0 3b8009a0 3ac009a0 3bc009a0 
000035c0: 3c0009a0 3d0009a0 3c4009a0 3d4009a0 
000035d0: 3e0009a0 3f0009a0 3e4009a0 3f4009a0 
000035e0: 3c8009a0 3d8009a0 3cc009a0 3dc009a0 
000035f0: 3e8009a0 3f8009a0 3ec009a0 3fc009a0 
00003600: 30000aa0 31000aa0 30400aa0 31400aa0 
00003610: 32000aa0 33000aa0 32400aa0 33400aa0 
00003620: 30800aa0 31800aa0 30c00aa0 31c00aa0 
00003630: 32800aa0 33800aa0 32c00aa0 33c00aa0 
00003640: 34000aa0 35000aa0 34400aa0 35400aa0 
00003650: 36000aa0 37000aa0 36400aa0 37400aa0 
00003660: 34800aa0 35800aa0 34c00aa0 35c00aa0 
00003670: 36800aa0 37800aa0 36c00aa0 37c00aa0 
00003680: 30000ba0 31000ba0 30400ba0 31400ba0 
00003690: 32000ba0 33000ba0 32400ba0 33400ba0 
000036a0: 30800ba0 31800ba0 30c00ba0 31c00ba0 
000036b0: 32800ba0 33800ba0 32c00ba0 33c00ba0 
000036c0: 34000ba0 35000ba0 34400ba0 35400ba0 
000036d0: 36000ba0 37000ba0 36400ba0 37400ba0 
000036e0: 34800ba0 35800ba0 34c00ba0 35c00ba0 
000036f0: 36800ba0 37800ba0 36c00ba0 37c00ba0 
00003700: 38000aa0 39000aa0 38400aa0 39400aa0 
00003710: 3a000aa0 3b000aa0 3a400aa0 3b400aa0 
00003720: 38800aa0 39800aa0 38c00aa0 39c00aa0 
00003730: 3a800aa0 3b800aa0 3ac00aa0 3bc00aa0 
00003740: 3c000aa0 3d000aa0 3c400aa0 3d400aa0 
00003750: 3e000aa0 3f000aa0 3e400aa0 3f400aa0 
00003760: 3c800aa0 3d800aa0 3cc00aa0 3dc00aa0 
00003770: 3e800aa0 3f800aa0 3ec00aa0 3fc00aa0 
00003780: 38000ba0 39000ba0 38400ba0 39400ba0 
00003790: 3a000ba0 3b000ba0 3a400ba0 3b400ba0 
000037a0: 38800ba0 39800ba0 38c00ba0 39c00ba0 
000037b0: 3a800ba0 3b800ba0 3ac00ba0 3bc00ba0 
000037c0: 3c000ba0 3d000ba0 3c400ba0 3d400ba0 
000037d0: 3e000ba0 3f000ba0 3e400ba0 3f400ba0 
000037e0: 3c800ba0 3d800ba0 3cc00ba0 3dc00ba0 
000037f0: 3e800ba0 3f800ba0 3ec00ba0 3fc00ba0 
00003800: 20000ca0 21000ca0 20400ca0 21400ca0 
00003810: 22000ca0 23000ca0 22400ca0 23400ca0 
00003820: 20800ca0 21800ca0 20c00ca0 21c00ca0 
00003830: 22800ca0 23800ca0 22c00ca0 23c00ca0 
00003840: 24000ca0 25000ca0 24400ca0 25400ca0 
00003850: 26000ca0 27000ca0 26400ca0 27400ca0 
00003860: 24800ca0 25800ca0 24c00ca0 25c00ca0 
00003870: 26800ca0 27800ca0 26c00ca0 27c00ca0 
00003880: 20000da0 21000da0 20400da0 21400da0 
00003890: 22000da0 23000da0 22400da0 23400da0 
000038a0: 20800da0 21800da0 20c00da0 21c00da0 
000038b0: 22800da0 23800da0 22c00da0 23c00da0 
000038c0: 24000da0 25000da0 24400da0 25400da0 
000038d0: 26000da0 27000da0 26400da0 27400da0 
000038e0: 24800da0 25800da0 24c00da0 25c00da0 
000038f0: 26800da0 27800da0 26c00da0 27c00da0 
00003900: 28000ca0 29000ca0 28400ca0 29400ca0 
00003910: 2a000ca0 2b000ca0 2a400ca0 2b400ca0 
00003920: 28800ca0 29800ca0 28c00ca0 29c00ca0 
00003930: 2a800ca0 2b800ca0 2ac00ca0 2bc00ca0 
00003940: 2c000ca0 2d000ca0 2c400ca0 2d400ca0 
00003950: 2e000ca0 2f000ca0 2e400ca0 2f400ca0 
00003960: 2c800ca0 2d800ca0 2cc00ca0 2dc00ca0 
00003970: 2e800ca0 2f800ca0 2ec00ca0 2fc00ca0 
00003980: 28000da0 29000da0 28400da0 29400da0 
00003990: 2a000da0 2b000da0 2a400da0 2b400da0 
000039a0: 28800da0 29800da0 28c00da0 29c00da0 
000039b0: 2a800da0 2b800da0 2ac00da0 2bc00da0 
000039c0: 2c000da0 2d000da0 2c400da0 2d400da0 
000039d0: 2e000da0 2f000da0 2e400da0 2f400da0 
000039e0: 2c800da0 2d800da0 2cc00da0 2dc00da0 
000039f0: 2e800da0 2f800da0 2ec00da0 2fc00da0 
00003a00: 20000ea0 21000ea0 20400ea0 21400ea0 
00003a10: 22000ea0 23000ea0 22400ea0 23400ea0 
00003a20: 20800ea0 21800ea0 20c00ea0 21c00ea0 
00003a30: 22800ea0 23800ea0 22c00ea0 23c00ea0 
00003a40: 24000ea0 25000ea0 24400ea0 25400ea0 
00003a50: 26000ea0 27000ea0 26400ea0 27400ea0 
00003a60: 24800ea0 25800ea0 24c00ea0 25c00ea0 
00003a70: 26800ea0 27800ea0 26c00ea0 27c00ea0 
00003a80: 20000fa0 21000fa0 20400fa0 21400fa0 
00003a90: 22000fa0 23000fa0 22400fa0 23400fa0 
00003aa0: 20800fa0 21800fa0 20c00fa0 21c00fa0 
00003ab0: 22800fa0 23800fa0 22c00fa0 23c00fa0 
00003ac0: 24000fa0 25000fa0 24400fa0 25400fa0 
00003ad0: 26000fa0 27000fa0 26400fa0 27400fa0 
00003ae0: 24800fa0 25800fa0 24c00fa0 25c00fa0 
00003af0: 26800fa0 27800fa0 26c00fa0 27c00fa0 
00003b00: 28000ea0 29000ea0 28400ea0 29400ea0 
00003b10: 2a000ea0 2b000ea0 2a400ea0 2b400ea0 
00003b20: 28800ea0 29800ea0 28c00ea0 29c00ea0 
00003b30: 2a800ea0 2b800ea0 2ac00ea0 2bc00ea0 
00003b40: 2c000ea0 2d000ea0 2c400ea0 2d400ea0 
00003b50: 2e000ea0 2f000ea0 2e400ea0 2f400ea0 
00003b60: 2c800ea0 2d800ea0 2cc00ea0 2dc00ea0 
00003b70: 2e800ea0 2f800ea0 2ec00ea0 2fc00ea0 
00003b80: 28000fa0 29000fa0 28400fa0 29400fa0 
00003b90: 2a000fa0 2b000fa0 2a400fa0 2b400fa0 
00003ba0: 28800fa0 29800fa0 28c00fa0 29c00fa0 
00003bb0: 2a800fa0 2b800fa0 2ac00fa0 2bc00fa0 
00003bc0: 2c000fa0 2d000fa0 2c400fa0 2d400fa0 
00003bd0: 2e000fa0 2f000fa0 2e400fa0 2f400fa0 
00003be0: 2c800fa0 2d800fa0 2cc00fa0 2dc00fa0 
00003bf0: 2e800fa0 2f800fa0 2ec00fa0 2fc00fa0 
00003c00: 30000ca0 31000ca0 30400ca0 31400ca0 
00003c10: 32000ca0 33000ca0 32400ca0 33400ca0 
00003c20: 30800ca0 31800ca0 30c00ca0 31c00ca0 
00003c30: 32800ca0 33800ca0 32c00ca0 33c00ca0 
00003c40: 34000ca0 35000ca0 34400ca0 35400ca0 
00003c50: 36000ca0 37000ca0 36400ca0 37400ca0 
00003c60: 34800ca0 35800ca0 34c00ca0 35c00ca0 
00003c70: 36800ca0 37800ca0 36c00ca0 37c00ca0 
00003c80: 30000da0 31000da0 30400da0 31400da0 
00003c90: 32000da0 33000da0 32400da0 33400da0 
00003ca0: 30800da0 31800da0 30c00da0 31c00da0 
00003cb0: 32800da0 33800da0 32c00da0 33c00da0 
00003cc0: 34000da0 35000da0 34400da0 35400da0 
00003cd0: 36000da0 37000da0 36400da0 37400da0 
00003ce0: 34800da0 35800da0 34c00da0 35c00da0 
00003cf0: 36800da0 37800da0 36c00da0 37c00da0 
00003d00: 38000ca0 39000ca0 38400ca0 39400ca0 
00003d10: 3a000ca0 3b000ca0 3a400ca0 3b400ca0 
00003d20: 38800ca0 39800ca0 38c00ca0 39c00ca0 
00003d30: 3a800ca0 3b800ca0 3ac00ca0 3bc00ca0 
00003d40: 3c000ca0 3d000ca0 3c400ca0 3d400ca0 
00003d50: 3e000ca0 3f000ca0 3e400ca0 3f400ca0 
00003d60: 3c800ca0 3d800ca0 3cc00ca0 3dc00ca0 
00003d70: 3e800ca0 3f800ca0 3ec00ca0 3fc00ca0 
00003d80: 38000da0 39000da0 38400da0 39400da0 
00003d90: 3a000da0 3b000da0 3a400da0 3b400da0 
00003da0: 38800da0 39800da0 38c00da0 39c00da0 
00003db0: 3a800da0 3b800da0 3ac00da0 3bc00da0 
00003dc0: 3c000da0 3d000da0 3c400da0 3d400da0 
00003dd0: 3e000da0 3f000da0 3e400da0 3f400da0 
00003de0: 3c800da0 3d800da0 3cc00da0 3dc00da0 
00003df0: 3e800da0 3f800da0 3ec00da0 3fc00da0 
00003e00: 30000ea0 31000ea0 30400ea0 31400ea0 
00003e10: 32000ea0 33000ea0 32400ea0 33400ea0 
00003e20: 30800ea0 31800ea0 30c00ea0 31c00ea0 
00003e30: 32800ea0 33800ea0 32c00ea0 33c00ea0 
00003e40: 34000ea0 35000ea0 34400ea0 35400ea0 
00003e50: 36000ea0 37000ea0 36400ea0 37400ea0 
00003e60: 34800ea0 35800ea0 34c00ea0 35c00ea0 
00003e70: 36800ea0 37800ea0 36c00ea0 37c00ea0 
00003e80: 30000fa0 31000fa0 30400fa0 31400fa0 
00003e90: 32000fa0 33000fa0 32400fa0 33400fa0 
00003ea0: 30800fa0 31800fa0 30c00fa0 31c00fa0 
00003eb0: 32800fa0 33800fa0 32c00fa0 33c00fa0 
00003ec0: 34000fa0 35000fa0 34400fa0 35400fa0 
00003ed0: 36000fa0 37000fa0 36400fa0 37400fa0 
00003ee0: 34800fa0 35800fa0 34c00fa0 35c00fa0 
00003ef0: 36800fa0 37800fa0 36c00fa0 37c00fa0 
00003f00: 38000ea0 39000ea0 38400ea0 39400ea0 
00003f10: 3a000ea0 3b000ea0 3a400ea0 3b400ea0 
00003f20: 38800ea0 39800ea0 38c00ea0 39c00ea0 
00003f30: 3a800ea0 3b800ea0 3ac00ea0 3bc00ea0 
00003f40: 3c000ea0 3d000ea0 3c400ea0 3d400ea0 
00003f50: 3e000ea0 3f000ea0 3e400ea0 3f400ea0 
00003f60: 3c800ea0 3d800ea0 3cc00ea0 3dc00ea0 
00003f70: 3e800ea0 3f800ea0 3ec00ea0 3fc00ea0 
00003f80: 38000fa0 39000fa0 38400fa0 39400fa0 
00003f90: 3a000fa0 3b000fa0 3a400fa0 3b400fa0 
00003fa0: 38800fa0 39800fa0 38c00fa0 39c00fa0 
00003fb0: 3a800fa0 3b800fa0 3ac00fa0 3bc00fa0 
00003fc0: 3c000fa0 3d000fa0 3c400fa0 3d400fa0 
00003fd0: 3e000fa0 3f000fa0 3e400fa0 3f400fa0 
00003fe0: 3c800fa0 3d800fa0 3cc00fa0 3dc00fa0 
00003ff0: 3e800fa0 3f800fa0 3ec00fa0 3fc00fa0 
00004000: 400000a0 410000a0 404000a0 414000a0 
00004010: 420000a0 430000a0 424000a0 434000a0 
00004020: 408000a0 418000a0 40c000a0 41c000a0 
00004030: 428000a0 438000a0 42c000a0 43c000a0 
00004040: 440000a0 450000a0 444000a0 454000a0 
00004050: 460000a0 470000a0 464000a0 474000a0 
00004060: 448000a0 458000a0 44c000a0 45c000a0 
00004070: 468000a0 478000a0 46c000a0 47c000a0 
00004080: 400001a0 410001a0 404001a0 414001a0 
00004090: 420001a0 430001a0 424001a0 434001a0 
000040a0: 408001a0 418001a0 40c001a0 41c001a0 
000040b0: 428001a0 438001a0 42c001a0 43c001a0 
000040c0: 440001a0 450001a0 444001a0 454001a0 
000040d0: 460001a0 470001a0 464001a0 474001a0 
000040e0: 448001a0 458001a0 44c001a0 45c001a0 
000040f0: 468001a0 478001a0 46c001a0 47c001a0 
00004100: 480000a0 490000a0 484000a0 494000a0 
00004110: 4a0000a0 4b0000a0 4a4000a0 4b4000a0 
00004120: 488000a0 498000a0 48c000a0 49c000a0 
00004130: 4a8000a0 4b8000a0 4ac000a0 4bc000a0 
00004140: 4c0000a0 4d0000a0 4c4000a0 4d4000a0 
00004150: 4e0000a0 4f0000a0 4e4000a0 4f4000a0 
00004160: 4c8000a0 4d8000a0 4cc000a0 4dc000a0 
00004170: 4e8000a0 4f8000a0 4ec000a0 4fc000a0 
00004180: 480001a0 490001a0 484001a0 494001a0 
00004190: 4a0001a0 4b0001a0 4a4001a0 4b4001a0 
000041a0: 488001a0 498001a0 48c001a0 49c001a0 
000041b0: 4a8001a0 4b8001a0 4ac001a0 4bc001a0 
000041c0: 4c0001a0 4d0001a0 4c4001a0 4d4001a0 
000041d0: 4e0001a0 4f0001a0 4e4001a0 4f4001a0 
000041e0: 4c8001a0 4d8001a0 4cc001a0 4dc001a0 
000041f0: 4e8001a0 4f8001a0 4ec001a0 4fc001a0 
00004200: 400002a0 410002a0 404002a0 414002a0 
00004210: 420002a0 430002a0 424002a0 434002a0 
00004220: 408002a0 418002a0 40c002a0 41c002a0 
00004230: 428002a0 438002a0 42c002a0 43c002a0 
00004240: 440002a0 450002a0 444002a0 454002a0 
00004250: 460002a0 470002a0 464002a0 474002a0 
00004260: 448002a0 458002a0 44c002a0 45c002a0 
00004270: 468002a0 478002a0 46c002a0 47c002a0 
00004280: 400003a0 410003a0 404003a0 414003a0 
00004290: 420003a0 430003a0 424003a0 434003a0 
000042a0: 408003a0 418003a0 40c003a0 41c003a0 
000042b0: 428003a0 438003a0 42c003a0 43c003a0 
000042c0: 440003a0 450003a0 444003a0 454003a0 
000042d0: 460003a0 470003a0 464003a0 474003a0 
000042e0: 448003a0 458003a0 44c003a0 45c003a0 
000042f0: 468003a0 478003a0 46c003a0 47c003a0 
00004300: 480002a0 490002a0 484002a0 494002a0 
00004310: 4a0002a0 4b0002a0 4a4002a0 4b4002a0 
00004320: 488002a0 498002a0 48c002a0 49c002a0 
00004330: 4a8002a0 4b8002a0 4ac002a0 4bc002a0 
00004340: 4c0002a0 4d0002a0 4c4002a0 4d4002a0 
00004350: 4e0002a0 4f0002a0 4e4002a0 4f4002a0 
00004360: 4c8002a0 4d8002a0 4cc002a0 4dc002a0 
00004370: 4e8002a0 4f8002a0 4ec002a0 4fc002a0 
00004380: 480003a0 490003a0 484003a0 494003a0 
00004390: 4a0003a0 4b0003a0 4a4003a0 4b4003a0 
000043a0: 488003a0 498003a0 48c003a0 49c003a0 
000043b0: 4a8003a0 4b8003a0 4ac003a0 4bc003a0 
000043c0: 4c0003a0 4d0003a0 4c4003a0 4d4003a0 
000043d0: 4e0003a0 4f0003a0 4e4003a0 4f4003a0 
000043e0: 4c8003a0 4d8003a0 4cc003a0 4dc003a0 
000043f0: 4e8003a0 4f8003a0 4ec003a0 4fc003a0 
00004400: 500000a0 510000a0 504000a0 514000a0 
00004410: 520000a0 530000a0 524000a0 534000a0 
00004420: 508000a0 518000a0 50c000a0 51c000a0 
00004430: 528000a0 538000a0 52c000a0 53c000a0 
00004440: 540000a0 550000a0 544000a0 554000a0 
00004450: 560000a0 570000a0 564000a0 574000a0 
00004460: 548000a0 558000a0 54c000a0 55c000a0 
00004470: 568000a0 578000a0 56c000a0 57c000a0 
00004480: 500001a0 510001a0 504001a0 514001a0 
00004490: 520001a0 530001a0 524001a0 534001a0 
000044a0: 508001a0 518001a0 50c001a0 51c001a0 
000044b0: 528001a0 538001a0 52c001a0 53c001a0 
000044c0: 540001a0 550001a0 544001a0 554001a0 
000044d0: 560001a0 570001a0 564001a0 574001a0 
000044e0: 548001a0 558001a0 54c001a0 55c001a0 
000044f0: 568001a0 578001a0 56c001a0 57c001a0 
00004500: 580000a0 590000a0 584000a0 594000a0 
00004510: 5a0000a0 5b0000a0 5a4000a0 5b4000a0 
00004520: 588000a0 598000a0 58c000a0 59c000a0 
00004530: 5a8000a0 5b8000a0 5ac000a0 5bc000a0 
00004540: 5c0000a0 5d0000a0 5c4000a0 5d4000a0 
00004550: 5e0000a0 5f0000a0 5e4000a0 5f4000a0 
00004560: 5c8000a0 5d8000a0 5cc000a0 5dc000a0 
00004570: 5e8000a0 5f8000a0 5ec000a0 5fc000a0 
00004580: 580001a0 590001a0 584001a0 594001a0 
00004590: 5a0001a0 5b0001a0 5a4001a0 5b4001a0 
000045a0: 588001a0 598001a0 58c001a0 59c001a0 
000045b0: 5a8001a0 5b8001a0 5ac001a0 5bc001a0 
000045c0: 5c0001a0 5d0001a0 5c4001a0 5d4001a0 
000045d0: 5e0001a0 5f0001a0 5e4001a0 5f4001a0 
000045e0: 5c8001a0 5d8001a0 5cc001a0 5dc001a0 
000045f0: 5e8001a0 5f8001a0 5ec001a0 5fc001a0 
00004600: 500002a0 510002a0 504002a0 514002a0 
00004610: 520002a0 530002a0 524002a0 534002a0 
00004620: 508002a0 518002a0 50c002a0 51c002a0 
00004630: 528002a0 538002a0 52c002a0 53c002a0 
00004640: 540002a0 550002a0 544002a0 554002a0 
00004650: 560002a0 570002a0 564002a0 574002a0 
00004660: 548002a0 558002a0 54c002a0 55c002a0 
00004670: 568002a0 578002a0 56c002a0 57c002a0 
00004680: 500003a0 510003a0 504003a0 514003a0 
00004690: 520003a0 530003a0 524003a0 534003a0 
000046a0: 508003a0 518003a0 50c003a0 51c003a0 
000046b0: 528003a0 538003a0 52c003a0 53c003a0 
000046c0: 540003a0 550003a0 544003a0 554003a0 
000046d0: 560003a0 570003a0 564003a0 574003a0 
000046e0: 548003a0 558003a0 54c003a0 55c003a0 
000046f0: 568003a0 578003a0 56c003a0 57c003a0 
00004700: 580002a0 590002a0 584002a0 594002a0 
00004710: 5a0002a0 5b0002a0 5a4002a0 5b4002a0 
00004720: 588002a0 598002a0 58c002a0 59c002a0 
00004730: 5a8002a0 5b8002a0 5ac002a0 5bc002a0 
00004740: 5c0002a0 5d0002a0 5c4002a0 5d4002a0 
00004750: 5e0002a0 5f0002a0 5e4002a0 5f4002a0 
00004760: 5c8002a0 5d8002a0 5cc002a0 5dc002a0 
00004770: 5e8002a0 5f8002a0 5ec002a0 5fc002a0 
00004780: 580003a0 590003a0 584003a0 594003a0 
00004790: 5a0003a0 5b0003a0 5a4003a0 5b4003a0 
000047a0: 588003a0 598003a0 58c003a0 59c003a0 
000047b0: 5a8003a0 5b8003a0 5ac003a0 5bc003a0 
000047c0: 5c0003a0 5d0003a0 5c4003a0 5d4003a0 
000047d0: 5e0003a0 5f0003a0 5e4003a0 5f4003a0 
000047e0: 5c8003a0 5d8003a0 5cc003a0 5dc003a0 
000047f0: 5e8003a0 5f8003a0 5ec003a0 5fc003a0 
00004800: 400004a0 410004a0 404004a0 414004a0 
00004810: 420004a0 430004a0 424004a0 434004a0 
00004820: 408004a0 418004a0 40c004a0 41c004a0 
00004830: 428004a0 438004a0 42c004a0 43c004a0 
00004840: 440004a0 450004a0 444004a0 454004a0 
00004850: 460004a0 470004a0 464004a0 474004a0 
00004860: 448004a0 458004a0 44c004a0 45c004a0 
00004870: 468004a0 478004a0 46c004a0 47c004a0 
00004880: 400005a0 410005a0 404005a0 414005a0 
00004890: 420005a0 430005a0 424005a0 434005a0 
000048a0: 408005a0 418005a0 40c005a0 41c005a0 
000048b0: 428005a0 438005a0 42c005a0 43c005a0 
000048c0: 440005a0 450005a0 444005a0 454005a0 
000048d0: 460005a0 470005a0 464005a0 474005a0 
000048e0: 448005a0 458005a0 44c005a0 45c005a0 
000048f0: 468005a0 478005a0 46c005a0 47c005a0 
00004900: 480004a0 490004a0 484004a0 494004a0 
00004910: 4a0004a0 4b0004a0 4a4004a0 4b4004a0 
00004920: 488004a0 498004a0 48c004a0 49c004a0 
00004930: 4a8004a0 4b8004a0 4ac004a0 4bc004a0 
00004940: 4c0004a0 4d0004a0 4c4004a0 4d4004a0 
00004950: 4e0004a0 4f0004a0 4e4004a0 4f4004a0 
00004960: 4c8004a0 4d8004a0 4cc004a0 4dc004a0 
00004970: 4e8004a0 4f8004a0 4ec004a0 4fc004a0 
00004980: 480005a0 490005a0 484005a0 494005a0 
00004990: 4a0005a0 4b0005a0 4a4005a0 4b4005a0 
000049a0: 488005a0 498005a0 48c005a0 49c005a0 
000049b0: 4a8005a0 4b8005a0 4ac005a0 4bc005a0 
000049c0: 4c0005a0 4d0005a0 4c4005a0 4d4005a0 
000049d0: 4e0005a0 4f0005a0 4e4005a0 4f4005a0 
000049e0: 4c8005a0 4d8005a0 4cc005a0 4dc005a0 
000049f0: 4e8005a0 4f8005a0 4ec005a0 4fc005a0 
00004a00: 400006a0 410006a0 404006a0 414006a0 
00004a10: 420006a0 430006a0 424006a0 434006a0 
00004a20: 408006a0 418006a0 40c006a0 41c006a0 
00004a30: 428006a0 438006a0 42c006a0 43c006a0 
00004a40: 440006a0 450006a0 444006a0 454006a0 
00004a50: 460006a0 470006a0 464006a0 474006a0 
00004a60: 448006a0 458006a0 44c006a0 45c006a0 
00004a70: 468006a0 478006a0 46c006a0 47c006a0 
00004a80: 400007a0 410007a0 404007a0 414007a0 
00004a90: 420007a0 430007a0 424007a0 434007a0 
00004aa0: 408007a0 418007a0 40c007a0 41c007a0 
00004ab0: 428007a0 438007a0 42c007a0 43c007a0 
00004ac0: 440007a0 450007a0 444007a0 454007a0 
00004ad0: 460007a0 470007a0 464007a0 474007a0 
00004ae0: 448007a0 458007a0 44c007a0 45c007a0 
00004af0: 468007a0 478007a0 46c007a0 47c007a0 
00004b00: 480006a0 490006a0 484006a0 494006a0 
00004b10: 4a0006a0 4b0006a0 4a4006a0 4b4006a0 
00004b20: 488006a0 498006a0 48c006a0 49c006a0 
00004b30: 4a8006a0 4b8006a0 4ac006a0 4bc006a0 
00004b40: 4c0006a0 4d0006a0 4c4006a0 4d4006a0 
00004b50: 4e0006a0 4f0006a0 4e4006a0 4f4006a0 
00004b60: 4c8006a0 4d8006a0 4cc006a0 4dc006a0 
00004b70: 4e8006a0 4f8006a0 4ec006a0 4fc006a0 
00004b80: 480007a0 490007a0 484007a0 494007a0 
00004b90: 4a0007a0 4b0007a0 4a4007a0 4b4007a0 
00004ba0: 488007a0 498007a0 48c007a0 49c007a0 
00004bb0: 4a8007a0 4b8007a0 4ac007a0 4bc007a0 
00004bc0: 4c0007a0 4d0007a0 4c4007a0 4d4007a0 
00004bd0: 4e0007a0 4f0007a0 4e4007a0 4f4007a0 
00004be0: 4c8007a0 4d8007a0 4cc007a0 4dc007a0 
00004bf0: 4e8007a0 4f8007a0 4ec007a0 4fc007a0 
00004c00: 500004a0 510004a0 504004a0 514004a0 
00004c10: 520004a0 530004a0 524004a0 534004a0 
00004c20: 508004a0 518004a0 50c004a0 51c004a0 
00004c30: 528004a0 538004a0 52c004a0 53c004a0 
00004c40: 540004a0 550004a0 544004a0 554004a0 
00004c50: 560004a0 570004a0 564004a0 574004a0 
00004c60: 548004a0 558004a0 54c004a0 55c004a0 
00004c70: 568004a0 578004a0 56c004a0 57c004a0 
00004c80: 500005a0 510005a0 504005a0 514005a0 
00004c90: 520005a0 530005a0 524005a0 534005a0 
00004ca0: 508005a0 518005a0 50c005a0 51c005a0 
00004cb0: 528005a0 538005a0 52c005a0 53c005a0 
00004cc0: 540005a0 550005a0 544005a0 554005a0 
00004cd0: 560005a0 570005a0 564005a0 574005a0 
00004ce0: 548005a0 558005a0 54c005a0 55c005a0 
00004cf0: 568005a0 578005a0 56c005a0 57c005a0 
00004d00: 580004a0 590004a0 584004a0 594004a0 
00004d10: 5a0004a0 5b0004a0 5a4004a0 5b4004a0 
00004d20: 588004a0 598004a0 58c004a0 59c004a0 
00004d30: 5a8004a0 5b8004a0 5ac004a0 5bc004a0 
00004d40: 5c0004a0 5d0004a0 5c4004a0 5d4004a0 
00004d50: 5e0004a0 5f0004a0 5e4004a0 5f4004a0 
00004d60: 5c8004a0 5d8004a0 5cc004a0 5dc004a0 
00004d70: 5e8004a0 5f8004a0 5ec004a0 5fc004a0 
00004d80: 580005a0 590005a0 584005a0 594005a0 
00004d90: 5a0005a0 5b0005a0 5a4005a0 5b4005a0 
00004da0: 588005a0 598005a0 58c005a0 59c005a0 
00004db0: 5a8005a0 5b8005a0 5ac005a0 5bc005a0 
00004dc0: 5c0005a0 5d0005a0 5c4005a0 5d4005a0 
00004dd0: 5e0005a0 5f0005a0 5e4005a0 5f4005a0 
00004de0: 5c8005a0 5d8005a0 5cc005a0 5dc005a0 
00004df0: 5e8005a0 5f8005a0 5ec005a0 5fc005a0 
00004e00: 500006a0 510006a0 504006a0 514006a0 
00004e10: 520006a0 530006a0 524006a0 534006a0 
00004e20: 508006a0 518006a0 50c006a0 51c006a0 
00004e30: 528006a0 538006a0 52c006a0 53c006a0 
00004e40: 540006a0 550006a0 544006a0 554006a0 
00004e50: 560006a0 570006a0 564006a0 574006a0 
00004e60: 548006a0 558006a0 54c006a0 55c006a0 
00004e70: 568006a0 578006a0 56c006a0 57c006a0 
00004e80: 500007a0 510007a0 504007a0 514007a0 
00004e90: 520007a0 530007a0 524007a0 534007a0 
00004ea0: 508007a0 518007a0 50c007a0 51c007a0 
00004eb0: 528007a0 538007a0 52c007a0 53c007a0 
00004ec0: 540007a0 550007a0 544007a0 554007a0 
00004ed0: 560007a0 570007a0 564007a0 574007a0 
00004ee0: 548007a0 558007a0 54c007a0 55c007a0 
00004ef0: 568007a0 578007a0 56c007a0 57c007a0 
00004f00: 580006a0 590006a0 584006a0 594006a0 
00004f10: 5a0006a0 5b0006a0 5a4006a0 5b4006a0 
00004f20: 588006a0 598006a0 58c006a0 59c006a0 
00004f30: 5a8006a0 5b8006a0 5ac006a0 5bc006a0 
00004f40: 5c0006a0 5d0006a0 5c4006a0 5d4006a0 
00004f50: 5e0006a0 5f0006a0 5e4006a0 5f4006a0 
00004f60: 5c8006a0 5d8006a0 5cc006a0 5dc006a0 
00004f70: 5e8006a0 5f8006a0 5ec006a0 5fc006a0 
00004f80: 580007a0 590007a0 584007a0 594007a0 
00004f90: 5a0007a0 5b0007a0 5a4007a0 5b4007a0 
00004fa0: 588007a0 598007a0 58c007a0 59c007a0 
00004fb0: 5a8007a0 5b8007a0 5ac007a0 5bc007a0 
00004fc0: 5c0007a0 5d0007a0 5c4007a0 5d4007a0 
00004fd0: 5e0007a0 5f0007a0 5e4007a0 5f4007a0 
00004fe0: 5c8007a0 5d8007a0 5cc007a0 5dc007a0 
00004ff0: 5e8007a0 5f8007a0 5ec007a0 5fc007a0 
00005000: 600000a0 610000a0 604000a0 614000a0 
00005010: 620000a0 630000a0 624000a0 634000a0 
00005020: 608000a0 618000a0 60c000a0 61c000a0 
00005030: 628000a0 638000a0 62c000a0 63c000a0 
00005040: 640000a0 650000a0 644000a0 654000a0 
00005050: 660000a0 670000a0 664000a0 674000a0 
00005060: 648000a0 658000a0 64c000a0 65c000a0 
00005070: 668000a0 678000a0 66c000a0 67c000a0 
00005080: 600001a0 610001a0 604001a0 614001a0 
00005090: 620001a0 630001a0 624001a0 634001a0 
000050a0: 608001a0 618001a0 60c001a0 61c001a0 
000050b0: 628001a0 638001a0 62c001a0 63c001a0 
000050c0: 640001a0 650001a0 644001a0 654001a0 
000050d0: 660001a0 670001a0 664001a0 674001a0 
000050e0: 648001a0 658001a0 64c001a0 65c001a0 
000050f0: 668001a0 678001a0 66c001a0 67c001a0 
00005100: 680000a0 690000a0 684000a0 694000a0 
00005110: 6a0000a0 6b0000a0 6a4000a0 6b4000a0 
00005120: 688000a0 698000a0 68c000a0 69c000a0 
00005130: 6a8000a0 6b8000a0 6ac000a0 6bc000a0 
00005140: 6c0000a0 6d0000a0 6c4000a0 6d4000a0 
00005150: 6e0000a0 6f0000a0 6e4000a0 6f4000a0 
00005160: 6c8000a0 6d8000a0 6cc000a0 6dc000a0 
00005170: 6e8000a0 6f8000a0 6ec000a0 6fc000a0 
00005180: 680001a0 690001a0 684001a0 694001a0 
00005190: 6a0001a0 6b0001a0 6a4001a0 6b4001a0 
000051a0: 688001a0 698001a0 68c001a0 69c001a0 
000051b0: 6a8001a0 6b8001a0 6ac001a0 6bc001a0 
000051c0: 6c0001a0 6d0001a0 6c4001a0 6d4001a0 
000051d0: 6e0001a0 6f0001a0 6e4001a0 6f4001a0 
000051e0: 6c8001a0 6d8001a0 6cc001a0 6dc001a0 
000051f0: 6e8001a0 6f8001a0 6ec001a0 6fc001a0 
00005200: 600002a0 610002a0 604002a0 614002a0 
00005210: 620002a0 630002a0 624002a0 634002a0 
00005220: 608002a0 618002a0 60c002a0 61c002a0 
00005230: 628002a0 638002a0 62c002a0 63c002a0 
00005240: 640002a0 650002a0 644002a0 654002a0 
00005250: 660002a0 670002a0 664002a0 674002a0 
00005260: 648002a0 658002a0 64c002a0 65c002a0 
00005270: 668002a0 678002a0 66c002a0 67c002a0 
00005280: 600003a0 610003a0 604003a0 614003a0 
00005290: 620003a0 630003a0 624003a0 634003a0 
000052a0: 608003a0 618003a0 60c003a0 61c003a0 
000052b0: 628003a0 638003a0 62c003a0 63c003a0 
000052c0: 640003a0 650003a0 644003a0 654003a0 
000052d0: 660003a0 670003a0 664003a0 674003a0 
000052e0: 648003a0 658003a0 64c003a0 65c003a0 
000052f0: 668003a0 678003a0 66c003a0 67c003a0 
00005300: 680002a0 690002a0 684002a0 694002a0 
00005310: 6a0002a0 6b0002a0 6a4002a0 6b4002a0 
00005320: 688002a0 698002a0 68c002a0 69c002a0 
00005330: 6a8002a0 6b8002a0 6ac002a0 6bc002a0 
00005340: 6c0002a0 6d0002a0 6c4002a0 6d4002a0 
00005350: 6e0002a0 6f0002a0 6e4002a0 6f4002a0 
00005360: 6c8002a0 6d8002a0 6cc002a0 6dc002a0 
00005370: 6e8002a0 6f8002a0 6ec002a0 6fc002a0 
00005380: 680003a0 690003a0 684003a0 694003a0 
00005390: 6a0003a0 6b0003a0 6a4003a0 6b4003a0 
000053a0: 688003a0 698003a0 68c003a0 69c003a0 
000053b0: 6a8003a0 6b8003a0 6ac003a0 6bc003a0 
000053c0: 6c0003a0 6d0003a0 6c4003a0 6d4003a0 
000053d0: 6e0003a0 6f0003a0 6e4003a0 6f4003a0 
000053e0: 6c8003a0 6d8003a0 6cc003a0 6dc003a0 
000053f0: 6e8003a0 6f8003a0 6ec003a0 6fc003a0 
00005400: 700000a0 710000a0 704000a0 714000a0 
00005410: 720000a0 730000a0 724000a0 734000a0 
00005420: 708000a0 718000a0 70c000a0 71c000a0 
00005430: 728000a0 738000a0 72c000a0 73c000a0 
00005440: 740000a0 750000a0 744000a0 754000a0 
00005450: 760000a0 770000a0 764000a0 774000a0 
00005460: 748000a0 758000a0 74c000a0 75c000a0 
00005470: 768000a0 778000a0 76c000a0 77c000a0 
00005480: 700001a0 710001a0 704001a0 714001a0 
00005490: 720001a0 730001a0 724001a0 734001a0 
000054a0: 708001a0 718001a0 70c001a0 71c001a0 
000054b0: 728001a0 738001a0 72c001a0 73c001a0 
000054c0: 740001a0 750001a0 744001a0 754001a0 
000054d0: 760001a0 770001a0 764001a0 774001a0 
000054e0: 748001a0 758001a0 74c001a0 75c001a0 
000054f0: 768001a0 778001a0 76c001a0 77c001a0 
00005500: 780000a0 790000a0 784000a0 794000a0 
00005510: 7a0000a0 7b0000a0 7a4000a0 7b4000a0 
00005520: 788000a0 798000a0 78c000a0 79c000a0 
00005530: 7a8000a0 7b8000a0 7ac000a0 7bc000a0 
00005540: 7c0000a0 7d0000a0 7c4000a0 7d4000a0 
00005550: 7e0000a0 7f0000a0 7e4000a0 7f4000a0 
00005560: 7c8000a0 7d8000a0 7cc000a0 7dc000a0 
00005570: 7e8000a0 7f8000a0 7ec000a0 7fc000a0 
00005580: 780001a0 790001a0 784001a0 794001a0 
00005590: 7a0001a0 7b0001a0 7a4001a0 7b4001a0 
000055a0: 788001a0 798001a0 78c001a0 79c001a0 
000055b0: 7a8001a0 7b8001a0 7ac001a0 7bc001a0 
000055c0: 7c0001a0 7d0001a0 7c4001a0 7d4001a0 
000055d0: 7e0001a0 7f0001a0 7e4001a0 7f4001a0 
000055e0: 7c8001a0 7d8001a0 7cc001a0 7dc001a0 
000055f0: 7e8001a0 7f8001a0 7ec001a0 7fc001a0 
00005600: 700002a0 710002a0 704002a0 714002a0 
00005610: 720002a0 730002a0 724002a0 734002a0 
00005620: 708002a0 718002a0 70c002a0 71c002a0 
00005630: 728002a0 738002a0 72c002a0 73c002a0 
00005640: 740002a0 750002a0 744002a0 754002a0 
00005650: 760002a0 770002a0 764002a0 774002a0 
00005660: 748002a0 758002a0 74c002a0 75c002a0 
00005670: 768002a0 778002a0 76c002a0 77c002a0 
00005680: 700003a0 710003a0 704003a0 714003a0 
00005690: 720003a0 730003a0 724003a0 734003a0 
000056a0: 708003a0 718003a0 70c003a0 71c003a0 
000056b0: 728003a0 738003a0 72c003a0 73c003a0 
000056c0: 740003a0 750003a0 744003a0 754003a0 
000056d0: 760003a0 770003a0 764003a0 774003a0 
000056e0: 748003a0 758003a0 74c003a0 75c003a0 
000056f0: 768003a0 778003a0 76c003a0 77c003a0 
00005700: 780002a0 790002a0 784002a0 794002a0 
00005710: 7a0002a0 7b0002a0 7a4002a0 7b4002a0 
00005720: 788002a0 798002a0 78c002a0 79c002a0 
00005730: 7a8002a0 7b8002a0 7ac002a0 7bc002a0 
00005740: 7c0002a0 7d0002a0 7c4002a0 7d4002a0 
00005750: 7e0002a0 7f0002a0 7e4002a0 7f4002a0 
00005760: 7c8002a0 7d8002a0 7cc002a0 7dc002a0 
00005770: 7e8002a0 7f8002a0 7ec002a0 7fc002a0 
00005780: 780003a0 790003a0 784003a0 794003a0 
00005790: 7a0003a0 7b0003a0 7a4003a0 7b4003a0 
000057a0: 788003a0 798003a0 78c003a0 79c003a0 
000057b0: 7a8003a0 7b8003a0 7ac003a0 7bc003a0 
000057c0: 7c0003a0 7d0003a0 7c4003a0 7d4003a0 
000057d0: 7e0003a0 7f0003a0 7e4003a0 7f4003a0 
000057e0: 7c8003a0 7d8003a0 7cc003a0 7dc003a0 
000057f0: 7e8003a0 7f8003a0 7ec003a0 7fc003a0 
00005800: 600004a0 610004a0 604004a0 614004a0 
00005810: 620004a0 630004a0 624004a0 634004a0 
00005820: 608004a0 618004a0 60c004a0 61c004a0 
00005830: 628004a0 638004a0 62c004a0 63c004a0 
00005840: 640004a0 650004a0 644004a0 654004a0 
00005850: 660004a0 670004a0 664004a0 674004a0 
00005860: 648004a0 658004a0 64c004a0 65c004a0 
00005870: 668004a0 678004a0 66c004a0 67c004a0 
00005880: 600005a0 610005a0 604005a0 614005a0 
00005890: 620005a0 630005a0 624005a0 634005a0 
000058a0: 608005a0 618005a0 60c005a0 61c005a0 
000058b0: 628005a0 638005a0 62c005a0 63c005a0 
000058c0: 640005a0 650005a0 644005a0 654005a0 
000058d0: 660005a0 670005a0 664005a0 674005a0 
000058e0: 648005a0 658005a0 64c005a0 65c005a0 
000058f0: 668005a0 678005a0 66c005a0 67c005a0 
00005900: 680004a0 690004a0 684004a0 694004a0 
00005910: 6a0004a0 6b0004a0 6a4004a0 6b4004a0 
00005920: 688004a0 698004a0 68c004a0 69c004a0 
00005930: 6a8004a0 6b8004a0 6ac004a0 6bc004a0 
00005940: 6c0004a0 6d0004a0 6c4004a0 6d4004a0 
00005950: 6e0004a0 6f0004a0 6e4004a0 6f4004a0 
00005960: 6c8004a0 6d8004a0 6cc004a0 6dc004a0 
00005970: 6e8004a0 6f8004a0 6ec004a0 6fc004a0 
00005980: 680005a0 690005a0 684005a0 694005a0 
00005990: 6a0005a0 6b0005a0 6a4005a0 6b4005a0 
000059a0: 688005a0 698005a0 68c005a0 69c005a0 
000059b0: 6a8005a0 6b8005a0 6ac005a0 6bc005a0 
000059c0: 6c0005a0 6d0005a0 6c4005a0 6d4005a0 
000059d0: 6e0005a0 6f0005a0 6e4005a0 6f4005a0 
000059e0: 6c8005a0 6d8005a0 6cc005a0 6dc005a0 
000059f0: 6e8005a0 6f8005a0 6ec005a0 6fc005a0 
00005a00: 600006a0 610006a0 604006a0 614006a0 
00005a10: 620006a0 630006a0 624006a0 634006a0 
00005a20: 608006a0 618006a0 60c006a0 61c006a0 
00005a30: 628006a0 638006a0 62c006a0 63c006a0 
00005a40: 640006a0 650006a0 644006a0 654006a0 
00005a50: 660006a0 670006a0 664006a0 674006a0 
00005a60: 648006a0 658006a0 64c006a0 65c006a0 
00005a70: 668006a0 678006a0 66c006a0 67c006a0 
00005a80: 600007a0 610007a0 604007a0 614007a0 
00005a90: 620007a0 630007a0 624007a0 634007a0 
00005aa0: 608007a0 618007a0 60c007a0 61c007a0 
00005ab0: 628007a0 638007a0 62c007a0 63c007a0 
00005ac0: 640007a0 650007a0 644007a0 654007a0 
00005ad0: 660007a0 670007a0 664007a0 674007a0 
00005ae0: 648007a0 658007a0 64c007a0 65c007a0 
00005af0: 668007a0 678007a0 66c007a0 67c007a0 
00005b00: 680006a0 690006a0 684006a0 694006a0 
00005b10: 6a0006a0 6b0006a0 6a4006a0 6b4006a0 
00005b20: 688006a0 698006a0 68c006a0 69c006a0 
00005b30: 6a8006a0 6b8006a0 6ac006a0 6bc006a0 
00005b40: 6c0006a0 6d0006a0 6c4006a0 6d4006a0 
00005b50: 6e0006a0 6f0006a0 6e4006a0 6f4006a0 
00005b60: 6c8006a0 6d8006a0 6cc006a0 6dc006a0 
00005b70: 6e8006a0 6f8006a0 6ec006a0 6fc006a0 
00005b80: 680007a0 690007a0 684007a0 694007a0 
00005b90: 6a0007a0 6b0007a0 6a4007a0 6b4007a0 
00005ba0: 688007a0 698007a0 68c007a0 69c007a0 
00005bb0: 6a8007a0 6b8007a0 6ac007a0 6bc007a0 
00005bc0: 6c0007a0 6d0007a0 6c4007a0 6d4007a0 
00005bd0: 6e0007a0 6f0007a0 6e4007a0 6f4007a0 
00005be0: 6c8007a0 6d8007a0 6cc007a0 6dc007a0 
00005bf0: 6e8007a0 6f8007a0 6ec007a0 6fc007a0 
00005c00: 700004a0 710004a0 704004a0 714004a0 
00005c10: 720004a0 730004a0 724004a0 734004a0 
00005c20: 708004a0 718004a0 70c004a0 71c004a0 
00005c30: 728004a0 738004a0 72c004a0 73c004a0 
00005c40: 740004a0 750004a0 744004a0 754004a0 
00005c50: 760004a0 770004a0 764004a0 774004a0 
00005c60: 748004a0 758004a0 74c004a0 75c004a0 
00005c70: 768004a0 778004a0 76c004a0 77c004a0 
00005c80: 700005a0 710005a0 704005a0 714005a0 
00005c90: 720005a0 730005a0 724005a0 734005a0 
00005ca0: 708005a0 718005a0 70c005a0 71c005a0 
00005cb0: 728005a0 738005a0 72c005a0 73c005a0 
00005cc0: 740005a0 750005a0 744005a0 754005a0 
00005cd0: 760005a0 770005a0 764005a0 774005a0 
00005ce0: 748005a0 758005a0 74c005a0 75c005a0 
00005cf0: 768005a0 778005a0 76c005a0 77c005a0 
00005d00: 780004a0 790004a0 784004a0 794004a0 
00005d10: 7a0004a0 7b0004a0 7a4004a0 7b4004a0 
00005d20: 788004a0 798004a0 78c004a0 79c004a0 
00005d30: 7a8004a0 7b8004a0 7ac004a0 7bc004a0 
00005d40: 7c0004a0 7d0004a0 7c4004a0 7d4004a0 
00005d50: 7e0004a0 7f0004a0 7e4004a0 7f4004a0 
00005d60: 7c8004a0 7d8004a0 7cc004a0 7dc004a0 
00005d70: 7e8004a0 7f8004a0 7ec004a0 7fc004a0 
00005d80: 780005a0 790005a0 784005a0 794005a0 
00005d90: 7a0005a0 7b0005a0 7a4005a0 7b4005a0 
00005da0: 788005a0 798005a0 78c005a0 79c005a0 
00005db0: 7a8005a0 7b8005a0 7ac005a0 7bc005a0 
00005dc0: 7c0005a0 7d0005a0 7c4005a0 7d4005a0 
00005dd0: 7e0005a0 7f0005a0 7e4005a0 7f4005a0 
00005de0: 7c8005a0 7d8005a0 7cc005a0 7dc005a0 
00005df0: 7e8005a0 7f8005a0 7ec005a0 7fc005a0 
00005e00: 700006a0 710006a0 704006a0 714006a0 
00005e10: 720006a0 730006a0 724006a0 734006a0 
00005e20: 708006a0 718006a0 70c006a0 71c006a0 
00005e30: 728006a0 738006a0 72c006a0 73c006a0 
00005e40: 740006a0 750006a0 744006a0 754006a0 
00005e50: 760006a0 770006a0 764006a0 774006a0 
00005e60: 748006a0 758006a0 74c006a0 75c006a0 
00005e70: 768006a0 778006a0 76c006a0 77c006a0 
00005e80: 700007a0 710007a0 704007a0 714007a0 
00005e90: 720007a0 730007a0 724007a0 734007a0 
00005ea0: 708007a0 718007a0 70c007a0 71c007a0 
00005eb0: 728007a0 738007a0 72c007a0 73c007a0 
00005ec0: 740007a0 750007a0 744007a0 754007a0 
00005ed0: 760007a0 770007a0 764007a0 774007a0 
00005ee0: 748007a0 758007a0 74c007a0 75c007a0 
00005ef0: 768007a0 778007a0 76c007a0 77c007a0 
00005f00: 780006a0 790006a0 784006a0 794006a0 
00005f10: 7a0006a0 7b0006a0 7a4006a0 7b4006a0 
00005f20: 788006a0 798006a0 78c006a0 79c006a0 
00005f30: 7a8006a0 7b8006a0 7ac006a0 7bc006a0 
00005f40: 7c0006a0 7d0006a0 7c4006a0 7d4006a0 
00005f50: 7e0006a0 7f0006a0 7e4006a0 7f4006a0 
00005f60: 7c8006a0 7d8006a0 7cc006a0 7dc006a0 
00005f70: 7e8006a0 7f8006a0 7ec006a0 7fc006a0 
00005f80: 780007a0 790007a0 784007a0 794007a0 
00005f90: 7a0007a0 7b0007a0 7a4007a0 7b4007a0 
00005fa0: 788007a0 798007a0 78c007a0 79c007a0 
00005fb0: 7a8007a0 7b8007a0 7ac007a0 7bc007a0 
00005fc0: 7c0007a0 7d0007a0 7c4007a0 7d4007a0 
00005fd0: 7e0007a0 7f0007a0 7e4007a0 7f4007a0 
00005fe0: 7c8007a0 7d8007a0 7cc007a0 7dc007a0 
00005ff0: 7e8007a0 7f8007a0 7ec007a0 7fc007a0 
00006000: 400008a0 410008a0 404008a0 414008a0 
00006010: 420008a0 430008a0 424008a0 434008a0 
00006020: 408008a0 418008a0 40c008a0 41c008a0 
00006030: 428008a0 438008a0 42c008a0 43c008a0 
00006040: 440008a0 450008a0 444008a0 454008a0 
00006050: 460008a0 470008a0 464008a0 474008a0 
00006060: 448008a0 458008a0 44c008a0 45c008a0 
00006070: 468008a0 478008a0 46c008a0 47c008a0 
00006080: 400009a0 410009a0 404009a0 414009a0 
00006090: 420009a0 430009a0 424009a0 434009a0 
000060a0: 408009a0 418009a0 40c009a0 41c009a0 
000060b0: 428009a0 438009a0 42c009a0 43c009a0 
000060c0: 440009a0 450009a0 444009a0 454009a0 
000060d0: 460009a0 470009a0 464009a0 474009a0 
000060e0: 448009a0 458009a0 44c009a0 45c009a0 
000060f0: 468009a0 478009a0 46c009a0 47c009a0 
00006100: 480008a0 490008a0 484008a0 494008a0 
00006110: 4a0008a0 4b0008a0 4a4008a0 4b4008a0 
00006120: 488008a0 498008a0 48c008a0 49c008a0 
00006130: 4a8008a0 4b8008a0 4ac008a0 4bc008a0 
00006140: 4c0008a0 4d0008a0 4c4008a0 4d4008a0 
00006150: 4e0008a0 4f0008a0 4e4008a0 4f4008a0 
00006160: 4c8008a0 4d8008a0 4cc008a0 4dc008a0 
00006170: 4e8008a0 4f8008a0 4ec008a0 4fc008a0 
00006180: 480009a0 490009a0 484009a0 494009a0 
00006190: 4a0009a0 4b0009a0 4a4009a0 4b4009a0 
000061a0: 488009a0 498009a0 48c009a0 49c009a0 
000061b0: 4a8009a0 4b8009a0 4ac009a0 4bc009a0 
000061c0: 4c0009a0 4d0009a0 4c4009a0 4d4009a0 
000061d0: 4e0009a0 4f0009a0 4e4009a0 4f4009a0 
000061e0: 4c8009a0 4d8009a0 4cc009a0 4dc009a0 
000061f0: 4e8009a0 4f8009a0 4ec009a0 4fc009a0 
00006200: 40000aa0 41000aa0 40400aa0 41400aa0 
00006210: 42000aa0 43000aa0 42400aa0 43400aa0 
00006220: 40800aa0 41800aa0 40c00aa0 41c00aa0 
00006230: 42800aa0 43800aa0 42c00aa0 43c00aa0 
00006240: 44000aa0 45000aa0 44400aa0 45400aa0 
00006250: 46000aa0 47000aa0 46400aa0 47400aa0 
00006260: 44800aa0 45800aa0 44c00aa0 45c00aa0 
00006270: 46800aa0 47800aa0 46c00aa0 47c00aa0 
00006280: 40000ba0 41000ba0 40400ba0 41400ba0 
00006290: 42000ba0 43000ba0 42400ba0 43400ba0 
000062a0: 40800ba0 41800ba0 40c00ba0 41c00ba0 
000062b0: 42800ba0 43800ba0 42c00ba0 43c00ba0 
000062c0: 44000ba0 45000ba0 44400ba0 45400ba0 
000062d0: 46000ba0 47000ba0 46400ba0 47400ba0 
000062e0: 44800ba0 45800ba0 44c00ba0 45c00ba0 
000062f0: 46800ba0 47800ba0 46c00ba0 47c00ba0 
00006300: 48000aa0 49000aa0 48400aa0 49400aa0 
00006310: 4a000aa0 4b000aa0 4a400aa0 4b400aa0 
00006320: 48800aa0 49800aa0 48c00aa0 49c00aa0 
00006330: 4a800aa0 4b800aa0 4ac00aa0 4bc00aa0 
00006340: 4c000aa0 4d000aa0 4c400aa0 4d400aa0 
00006350: 4e000aa0 4f000aa0 4e400aa0 4f400aa0 
00006360: 4c800aa0 4d800aa0 4cc00aa0 4dc00aa0 
00006370: 4e800aa0 4f800aa0 4ec00aa0 4fc00aa0 
00006380: 48000ba0 49000ba0 48400ba0 49400ba0 
00006390: 4a000ba0 4b000ba0 4a400ba0 4b400ba0 
000063a0: 48800ba0 49800ba0 48c00ba0 49c00ba0 
000063b0: 4a800ba0 4b800ba0 4ac00ba0 4bc00ba0 
000063c0: 4c000ba0 4d000ba0 4c400ba0 4d400ba0 
000063d0: 4e000ba0 4f000ba0 4e400ba0 4f400ba0 
000063e0: 4c800ba0 4d800ba0 4cc00ba0 4dc00ba0 
000063f0: 4e800ba0 4f800ba0 4ec00ba0 4fc00ba0 
00006400: 500008a0 510008a0 504008a0 514008a0 
00006410: 520008a0 530008a0 524008a0 534008a0 
00006420: 508008a0 518008a0 50c008a0 51c008a0 
00006430: 528008a0 538008a0 52c008a0 53c008a0 
00006440: 540008a0 550008a0 544008a0 554008a0 
00006450: 560008a0 570008a0 564008a0 574008a0 
00006460: 548008a0 558008a0 54c008a0 55c008a0 
00006470: 568008a0 578008a0 56c008a0 57c008a0 
00006480: 500009a0 510009a0 504009a0 514009a0 
00006490: 520009a0 530009a0 524009a0 534009a0 
000064a0: 508009a0 518009a0 50c009a0 51c009a0 
000064b0: 528009a0 538009a0 52c009a0 53c009a0 
000064c0: 540009a0 550009a0 544009a0 554009a0 
000064d0: 560009a0 570009a0 564009a0 574009a0 
000064e0: 548009a0 558009a0 54c009a0 55c009a0 
000064f0: 568009a0 578009a0 56c009a0 57c009a0 
00006500: 580008a0 590008a0 584008a0 594008a0 
00006510: 5a0008a0 5b0008a0 5a4008a0 5b4008a0 
00006520: 588008a0 598008a0 58c008a0 59c008a0 
00006530: 5a8008a0 5b8008a0 5ac008a0 5bc008a0 
00006540: 5c0008a0 5d0008a0 5c4008a0 5d4008a0 
00006550: 5e0008a0 5f0008a0 5e4008a0 5f4008a0 
00006560: 5c8008a0 5d8008a0 5cc008a0 5dc008a0 
00006570: 5e8008a0 5f8008a0 5ec008a0 5fc008a0 
00006580: 580009a0 590009a0 584009a0 594009a0 
00006590: 5a0009a0 5b0009a0 5a4009a0 5b4009a0 
000065a0: 588009a0 598009a0 58c009a0 59c009a0 
000065b0: 5a8009a0 5b8009a0 5ac009a0 5bc009a0 
000065c0: 5c0009a0 5d0009a0 5c4009a0 5d4009a0 
000065d0: 5e0009a0 5f0009a0 5e4009a0 5f4009a0 
000065e0: 5c8009a0 5d8009a0 5cc009a0 5dc009a0 
000065f0: 5e8009a0 5f8009a0 5ec009a0 5fc009a0 
00006600: 50000aa0 51000aa0 50400aa0 51400aa0 
00006610: 52000aa0 53000aa0 52400aa0 53400aa0 
00006620: 50800aa0 51800aa0 50c00aa0 51c00aa0 
00006630: 52800aa0 53800aa0 52c00aa0 53c00aa0 
00006640: 54000aa0 55000aa0 54400aa0 55400aa0 
00006650: 56000aa0 57000aa0 56400aa0 57400aa0 
00006660: 54800aa0 55800aa0 54c00aa0 55c00aa0 
00006670: 56800aa0 57800aa0 56c00aa0 57c00aa0 
00006680: 50000ba0 51000ba0 50400ba0 51400ba0 
00006690: 52000ba0 53000ba0 52400ba0 53400ba0 
000066a0: 50800ba0 51800ba0 50c00ba0 51c00ba0 
000066b0: 52800ba0 53800ba0 52c00ba0 53c00ba0 
000066c0: 54000ba0 55000ba0 54400ba0 55400ba0 
000066d0: 56000ba0 57000ba0 56400ba0 57400ba0 
000066e0: 54800ba0 55800ba0 54c00ba0 55c00ba0 
000066f0: 56800ba0 57800ba0 56c00ba0 57c00ba0 
00006700: 58000aa0 59000aa0 58400aa0 59400aa0 
00006710: 5a000aa0 5b000aa0 5a400aa0 5b400aa0 
00006720: 58800aa0 59800aa0 58c00aa0 59c00aa0 
00006730: 5a800aa0 5b800aa0 5ac00aa0 5bc00aa0 
00006740: 5c000aa0 5d000aa0 5c400aa0 5d400aa0 
00006750: 5e000aa0 5f000aa0 5e400aa0 5f400aa0 
00006760: 5c800aa0 5d800aa0 5cc00aa0 5dc00aa0 
00006770: 5e800aa0 5f800aa0 5ec00aa0 5fc00aa0 
00006780: 58000ba0 59000ba0 58400ba0 59400ba0 
00006790: 5a000ba0 5b000ba0 5a400ba0 5b400ba0 
000067a0: 58800ba0 59800ba0 58c00ba0 59c00ba0 
000067b0: 5a800ba0 5b800ba0 5ac00ba0 5bc00ba0 
000067c0: 5c000ba0 5d000ba0 5c400ba0 5d400ba0 
000067d0: 5e000ba0 5f000ba0 5e400ba0 5f400ba0 
000067e0: 5c800ba0 5d800ba0 5cc00ba0 5dc00ba0 
000067f0: 5e800ba0 5f800ba0 5ec00ba0 5fc00ba0 
00006800: 40000ca0 41000ca0 40400ca0 41400ca0 
00006810: 42000ca0 43000ca0 42400ca0 43400ca0 
00006820: 40800ca0 41800ca0 40c00ca0 41c00ca0 
00006830: 42800ca0 43800ca0 42c00ca0 43c00ca0 
00006840: 44000ca0 45000ca0 44400ca0 45400ca0 
00006850: 46000ca0 47000ca0 46400ca0 47400ca0 
00006860: 44800ca0 45800ca0 44c00ca0 45c00ca0 
00006870: 46800ca0 47800ca0 46c00ca0 47c00ca0 
00006880: 40000da0 41000da0 40400da0 41400da0 
00006890: 42000da0 43000da0 42400da0 43400da0 
000068a0: 40800da0 41800da0 40c00da0 41c00da0 
000068b0: 42800da0 43800da0 42c00da0 43c00da0 
000068c0: 44000da0 45000da0 44400da0 45400da0 
000068d0: 46000da0 47000da0 46400da0 47400da0 
000068e0: 44800da0 45800da0 44c00da0 45c00da0 
000068f0: 46800da0 47800da0 46c00da0 47c00da0 
00006900: 48000ca0 49000ca0 48400ca0 49400ca0 
00006910: 4a000ca0 4b000ca0 4a400ca0 4b400ca0 
00006920: 48800ca0 49800ca0 48c00ca0 49c00ca0 
00006930: 4a800ca0 4b800ca0 4ac00ca0 4bc00ca0 
00006940: 4c000ca0 4d000ca0 4c400ca0 4d400ca0 
00006950: 4e000ca0 4f000ca0 4e400ca0 4f400ca0 
00006960: 4c800ca0 4d800ca0 4cc00ca0 4dc00ca0 
00006970: 4e800ca0 4f800ca0 4ec00ca0 4fc00ca0 
00006980: 48000da0 49000da0 48400da0 49400da0 
00006990: 4a000da0 4b000da0 4a400da0 4b400da0 
000069a0: 48800da0 49800da0 48c00da0 49c00da0 
000069b0: 4a800da0 4b800da0 4ac00da0 4bc00da0 
000069c0: 4c000da0 4d000da0 4c400da0 4d400da0 
000069d0: 4e000da0 4f000da0 4e400da0 4f400da0 
000069e0: 4c800da0 4d800da0 4cc00da0 4dc00da0 
000069f0: 4e800da0 4f800da0 4ec00da0 4fc00da0 
00006a00: 40000ea0 41000ea0 40400ea0 41400ea0 
00006a10: 42000ea0 43000ea0 42400ea0 43400ea0 
00006a20: 40800ea0 41800ea0 40c00ea0 41c00ea0 
00006a30: 42800ea0 43800ea0 42c00ea0 43c00ea0 
00006a40: 44000ea0 45000ea0 44400ea0 45400ea0 
00006a50: 46000ea0 47000ea0 46400ea0 47400ea0 
00006a60: 44800ea0 45800ea0 44c00ea0 45c00ea0 
00006a70: 46800ea0 47800ea0 46c00ea0 47c00ea0 
00006a80: 40000fa0 41000fa0 40400fa0 41400fa0 
00006a90: 42000fa0 43000fa0 42400fa0 43400fa0 
00006aa0: 40800fa0 41800fa0 40c00fa0 41c00fa0 
00006ab0: 42800fa0 43800fa0 42c00fa0 43c00fa0 
00006ac0: 44000fa0 45000fa0 44400fa0 45400fa0 
00006ad0: 46000fa0 47000fa0 46400fa0 47400fa0 
00006ae0: 44800fa0 45800fa0 44c00fa0 45c00fa0 
00006af0: 46800fa0 47800fa0 46c00fa0 47c00fa0 
00006b00: 48000ea0 49000ea0 48400ea0 49400ea0 
00006b10: 4a000ea0 4b000ea0 4a400ea0 4b400ea0 
00006b20: 48800ea0 49800ea0 48c00ea0 49c00ea0 
00006b30: 4a800ea0 4b800ea0 4ac00ea0 4bc00ea0 
00006b40: 4c000ea0 4d000ea0 4c400ea0 4d400ea0 
00006b50: 4e000ea0 4f000ea0 4e400ea0 4f400ea0 
00006b60: 4c800ea0 4d800ea0 4cc00ea0 4dc00ea0 
00006b70: 4e800ea0 4f800ea0 4ec00ea0 4fc00ea0 
00006b80: 48000fa0 49000fa0 48400fa0 49400fa0 
00006b90: 4a000fa0 4b000fa0 4a400fa0 4b400fa0 
00006ba0: 48800fa0 49800fa0 48c00fa0 49c00fa0 
00006bb0: 4a800fa0 4b800fa0 4ac00fa0 4bc00fa0 
00006bc0: 4c000fa0 4d000fa0 4c400fa0 4d400fa0 
00006bd0: 4e000fa0 4f000fa0 4e400fa0 4f400fa0 
00006be0: 4c800fa0 4d800fa0 4cc00fa0 4dc00fa0 
00006bf0: 4e800fa0 4f800fa0 4ec00fa0 4fc00fa0 
00006c00: 50000ca0 51000ca0 50400ca0 51400ca0 
00006c10: 52000ca0 53000ca0 52400ca0 53400ca0 
00006c20: 50800ca0 51800ca0 50c00ca0 51c00ca0 
00006c30: 52800ca0 53800ca0 52c00ca0 53c00ca0 
00006c40: 54000ca0 55000ca0 54400ca0 55400ca0 
00006c50: 56000ca0 57000ca0 56400ca0 57400ca0 
00006c60: 54800ca0 55800ca0 54c00ca0 55c00ca0 
00006c70: 56800ca0 57800ca0 56c00ca0 57c00ca0 
00006c80: 50000da0 51000da0 50400da0 51400da0 
00006c90: 52000da0 53000da0 52400da0 53400da0 
00006ca0: 50800da0 51800da0 50c00da0 51c00da0 
00006cb0: 52800da0 53800da0 52c00da0 53c00da0 
00006cc0: 54000da0 55000da0 54400da0 55400da0 
00006cd0: 56000da0 57000da0 56400da0 57400da0 
00006ce0: 54800da0 55800da0 54c00da0 55c00da0 
00006cf0: 56800da0 57800da0 56c00da0 57c00da0 
00006d00: 58000ca0 59000ca0 58400ca0 59400ca0 
00006d10: 5a000ca0 5b000ca0 5a400ca0 5b400ca0 
00006d20: 58800ca0 59800ca0 58c00ca0 59c00ca0 
00006d30: 5a800ca0 5b800ca0 5ac00ca0 5bc00ca0 
00006d40: 5c000ca0 5d000ca0 5c400ca0 5d400ca0 
00006d50: 5e000ca0 5f000ca0 5e400ca0 5f400ca0 
00006d60: 5c800ca0 5d800ca0 5cc00ca0 5dc00ca0 
00006d70: 5e800ca0 5f800ca0 5ec00ca0 5fc00ca0 
00006d80: 58000da0 59000da0 58400da0 59400da0 
00006d90: 5a000da0 5b000da0 5a400da0 5b400da0 
00006da0: 58800da0 59800da0 58c00da0 59c00da0 
00006db0: 5a800da0 5b800da0 5ac00da0 5bc00da0 
00006dc0: 5c000da0 5d000da0 5c400da0 5d400da0 
00006dd0: 5e000da0 5f000da0 5e400da0 5f400da0 
00006de0: 5c800da0 5d800da0 5cc00da0 5dc00da0 
00006df0: 5e800da0 5f800da0 5ec00da0 5fc00da0 
00006e00: 50000ea0 51000ea0 50400ea0 51400ea0 
00006e10: 52000ea0 53000ea0 52400ea0 53400ea0 
00006e20: 50800ea0 51800ea0 50c00ea0 51c00ea0 
00006e30: 52800ea0 53800ea0 52c00ea0 53c00ea0 
00006e40: 54000ea0 55000ea0 54400ea0 55400ea0 
00006e50: 56000ea0 57000ea0 56400ea0 57400ea0 
00006e60: 54800ea0 55800ea0 54c00ea0 55c00ea0 
00006e70: 56800ea0 57800ea0 56c00ea0 57c00ea0 
00006e80: 50000fa0 51000fa0 50400fa0 51400fa0 
00006e90: 52000fa0 53000fa0 52400fa0 53400fa0 
00006ea0: 50800fa0 51800fa0 50c00fa0 51c00fa0 
00006eb0: 52800fa0 53800fa0 52c00fa0 53c00fa0 
00006ec0: 54000fa0 55000fa0 54400fa0 55400fa0 
00006ed0: 56000fa0 57000fa0 56400fa0 57400fa0 
00006ee0: 54800fa0 55800fa0 54c00fa0 55c00fa0 
00006ef0: 56800fa0 57800fa0 56c00fa0 57c00fa0 
00006f00: 58000ea0 59000ea0 58400ea0 59400ea0 
00006f10: 5a000ea0 5b000ea0 5a400ea0 5b400ea0 
00006f20: 58800ea0 59800ea0 58c00ea0 59c00ea0 
00006f30: 5a800ea0 5b800ea0 5ac00ea0 5bc00ea0 
00006f40: 5c000ea0 5d000ea0 5c400ea0 5d400ea0 
00006f50: 5e000ea0 5f000ea0 5e400ea0 5f400ea0 
00006f60: 5c800ea0 5d800ea0 5cc00ea0 5dc00ea0 
00006f70: 5e800ea0 5f800ea0 5ec00ea0 5fc00ea0 
00006f80: 58000fa0 59000fa0 58400fa0 59400fa0 
00006f90: 5a000fa0 5b000fa0 5a400fa0 5b400fa0 
00006fa0: 58800fa0 59800fa0 58c00fa0 59c00fa0 
00006fb0: 5a800fa0 5b800fa0 5ac00fa0 5bc00fa0 
00006fc0: 5c000fa0 5d000fa0 5c400fa0 5d400fa0 
00006fd0: 5e000fa0 5f000fa0 5e400fa0 5f400fa0 
00006fe0: 5c800fa0 5d800fa0 5cc00fa0 5dc00fa0 
00006ff0: 5e800fa0 5f800fa0 5ec00fa0 5fc00fa0 
00007000: 600008a0 610008a0 604008a0 614008a0 
00007010: 620008a0 630008a0 624008a0 634008a0 
00007020: 608008a0 618008a0 60c008a0 61c008a0 
00007030: 628008a0 638008a0 62c008a0 63c008a0 
00007040: 640008a0 650008a0 644008a0 654008a0 
00007050: 660008a0 670008a0 664008a0 674008a0 
00007060: 648008a0 658008a0 64c008a0 65c008a0 
00007070: 668008a0 678008a0 66c008a0 67c008a0 
00007080: 600009a0 610009a0 604009a0 614009a0 
00007090: 620009a0 630009a0 624009a0 634009a0 
000070a0: 608009a0 618009a0 60c009a0 61c009a0 
000070b0: 628009a0 638009a0 62c009a0 63c009a0 
000070c0: 640009a0 650009a0 644009a0 654009a0 
000070d0: 660009a0 670009a0 664009a0 674009a0 
000070e0: 648009a0 658009a0 64c009a0 65c009a0 
000070f0: 668009a0 678009a0 66c009a0 67c009a0 
00007100: 680008a0 690008a0 684008a0 694008a0 
00007110: 6a0008a0 6b0008a0 6a4008a0 6b4008a0 
00007120: 688008a0 698008a0 68c008a0 69c008a0 
00007130: 6a8008a0 6b8008a0 6ac008a0 6bc008a0 
00007140: 6c0008a0 6d0008a0 6c4008a0 6d4008a0 
00007150: 6e0008a0 6f0008a0 6e4008a0 6f4008a0 
00007160: 6c8008a0 6d8008a0 6cc008a0 6dc008a0 
00007170: 6e8008a0 6f8008a0 6ec008a0 6fc008a0 
00007180: 680009a0 690009a0 684009a0 694009a0 
00007190: 6a0009a0 6b0009a0 6a4009a0 6b4009a0 
000071a0: 688009a0 698009a0 68c009a0 69c009a0 
000071b0: 6a8009a0 6b8009a0 6ac009a0 6bc009a0 
000071c0: 6c0009a0 6d0009a0 6c4009a0 6d4009a0 
000071d0: 6e0009a0 6f0009a0 6e4009a0 6f4009a0 
000071e0: 6c8009a0 6d8009a0 6cc009a0 6dc009a0 
000071f0: 6e8009a0 6f8009a0 6ec009a0 6fc009a0 
00007200: 60000aa0 61000aa0 60400aa0 61400aa0 
00007210: 62000aa0 63000aa0 62400aa0 63400aa0 
00007220: 60800aa0 61800aa0 60c00aa0 61c00aa0 
00007230: 62800aa0 63800aa0 62c00aa0 63c00aa0 
00007240: 64000aa0 65000aa0 64400aa0 65400aa0 
00007250: 66000aa0 67000aa0 66400aa0 67400aa0 
00007260: 64800aa0 65800aa0 64c00aa0 65c00aa0 
00007270: 66800aa0 67800aa0 66c00aa0 67c00aa0 
00007280: 60000ba0 61000ba0 60400ba0 61400ba0 
00007290: 62000ba0 63000ba0 62400ba0 63400ba0 
000072a0: 60800ba0 61800ba0 60c00ba0 61c00ba0 
000072b0: 62800ba0 63800ba0 62c00ba0 63c00ba0 
000072c0: 64000ba0 65000ba0 64400ba0 65400ba0 
000072d0: 66000ba0 67000ba0 66400ba0 67400ba0 
000072e0: 64800ba0 65800ba0 64c00ba0 65c00ba0 
000072f0: 66800ba0 67800ba0 66c00ba0 67c00ba0 
00007300: 68000aa0 69000aa0 68400aa0 69400aa0 
00007310: 6a000aa0 6b000aa0 6a400aa0 6b400aa0 
00007320: 68800aa0 69800aa0 68c00aa0 69c00aa0 
00007330: 6a800aa0 6b800aa0 6ac00aa0 6bc00aa0 
00007340: 6c000aa0 6d000aa0 6c400aa0 6d400aa0 
00007350: 6e000aa0 6f000aa0 6e400aa0 6f400aa0 
00007360: 6c800aa0 6d800aa0 6cc00aa0 6dc00aa0 
00007370: 6e800aa0 6f800aa0 6ec00aa0 6fc00aa0 
00007380: 68000ba0 69000ba0 68400ba0 69400ba0 
00007390: 6a000ba0 6b000ba0 6a400ba0 6b400ba0 
000073a0: 68800ba0 69800ba0 68c00ba0 69c00ba0 
000073b0: 6a800ba0 6b800ba0 6ac00ba0 6bc00ba0 
000073c0: 6c000ba0 6d000ba0 6c400ba0 6d400ba0 
000073d0: 6e000ba0 6f000ba0 6e400ba0 6f400ba0 
000073e0: 6c800ba0 6d800ba0 6cc00ba0 6dc00ba0 
000073f0: 6e800ba0 6f800ba0 6ec00ba0 6fc00ba0 
00007400: 700008a0 710008a0 704008a0 714008a0 
00007410: 720008a0 730008a0 724008a0 734008a0 
00007420: 708008a0 718008a0 70c008a0 71c008a0 
00007430: 728008a0 738008a0 72c008a0 73c008a0 
00007440: 740008a0 750008a0 744008a0 754008a0 
00007450: 760008a0 770008a0 764008a0 774008a0 
00007460: 748008a0 758008a0 74c008a0 75c008a0 
00007470: 768008a0 778008a0 76c008a0 77c008a0 
00007480: 700009a0 710009a0 704009a0 714009a0 
00007490: 720009a0 730009a0 724009a0 734009a0 
000074a0: 708009a0 718009a0 70c009a0 71c009a0 
000074b0: 728009a0 738009a0 72c009a0 73c009a0 
000074c0: 740009a0 750009a0 744009a0 754009a0 
000074d0: 760009a0 770009a0 764009a0 774009a0 
000074e0: 748009a0 758009a0 74c009a0 75c009a0 
000074f0: 768009a0 778009a0 76c009a0 77c009a0 
00007500: 780008a0 790008a0 784008a0 794008a0 
00007510: 7a0008a0 7b0008a0 7a4008a0 7b4008a0 
00007520: 788008a0 798008a0 78c008a0 79c008a0 
00007530: 7a8008a0 7b8008a0 7ac008a0 7bc008a0 
00007540: 7c0008a0 7d0008a0 7c4008a0 7d4008a0 
00007550: 7e0008a0 7f0008a0 7e4008a0 7f4008a0 
00007560: 7c8008a0 7d8008a0 7cc008a0 7dc008a0 
00007570: 7e8008a0 7f8008a0 7ec008a0 7fc008a0 
00007580: 780009a0 790009a0 784009a0 794009a0 
00007590: 7a0009a0 7b0009a0 7a4009a0 7b4009a0 
000075a0: 788009a0 798009a0 78c009a0 79c009a0 
000075b0: 7a8009a0 7b8009a0 7ac009a0 7bc009a0 
000075c0: 7c0009a0 7d0009a0 7c4009a0 7d4009a0 
000075d0: 7e0009a0 7f0009a0 7e4009a0 7f4009a0 
000075e0: 7c8009a0 7d8009a0 7cc009a0 7dc009a0 
000075f0: 7e8009a0 7f8009a0 7ec009a0 7fc009a0 
00007600: 70000aa0 71000aa0 70400aa0 71400aa0 
00007610: 72000aa0 73000aa0 72400aa0 73400aa0 
00007620: 70800aa0 71800aa0 70c00aa0 71c00aa0 
00007630: 72800aa0 73800aa0 72c00aa0 73c00aa0 
00007640: 74000aa0 75000aa0 74400aa0 75400aa0 
00007650: 76000aa0 77000aa0 76400aa0 77400aa0 
00007660: 74800aa0 75800aa0 74c00aa0 75c00aa0 
00007670: 76800aa0 77800aa0 76c00aa0 77c00aa0 
00007680: 70000ba0 71000ba0 70400ba0 71400ba0 
00007690: 72000ba0 73000ba0 72400ba0 73400ba0 
000076a0: 70800ba0 71800ba0 70c00ba0 71c00ba0 
000076b0: 72800ba0 73800ba0 72c00ba0 73c00ba0 
000076c0: 74000ba0 75000ba0 74400ba0 75400ba0 
000076d0: 76000ba0 77000ba0 76400ba0 77400ba0 
000076e0: 74800ba0 75800ba0 74c00ba0 75c00ba0 
000076f0: 76800ba0 77800ba0 76c00ba0 77c00ba0 
00007700: 78000aa0 79000aa0 78400aa0 79400aa0 
00007710: 7a000aa0 7b000aa0 7a400aa0 7b400aa0 
00007720: 78800aa0 79800aa0 78c00aa0 79c00aa0 
00007730: 7a800aa0 7b800aa0 7ac00aa0 7bc00aa0 
00007740: 7c000aa0 7d000aa0 7c400aa0 7d400aa0 
00007750: 7e000aa0 7f000aa0 7e400aa0 7f400aa0 
00007760: 7c800aa0 7d800aa0 7cc00aa0 7dc00aa0 
00007770: 7e800aa0 7f800aa0 7ec00aa0 7fc00aa0 
00007780: 78000ba0 79000ba0 78400ba0 79400ba0 
00007790: 7a000ba0 7b000ba0 7a400ba0 7b400ba0 
000077a0: 78800ba0 79800ba0 78c00ba0 79c00ba0 
000077b0: 7a800ba0 7b800ba0 7ac00ba0 7bc00ba0 
000077c0: 7c000ba0 7d000ba0 7c400ba0 7d400ba0 
000077d0: 7e000ba0 7f000ba0 7e400ba0 7f400ba0 
000077e0: 7c800ba0 7d800ba0 7cc00ba0 7dc00ba0 
000077f0: 7e800ba0 7f800ba0 7ec00ba0 7fc00ba0 
00007800: 60000ca0 61000ca0 60400ca0 61400ca0 
00007810: 62000ca0 63000ca0 62400ca0 63400ca0 
00007820: 60800ca0 61800ca0 60c00ca0 61c00ca0 
00007830: 62800ca0 63800ca0 62c00ca0 63c00ca0 
00007840: 64000ca0 65000ca0 64400ca0 65400ca0 
00007850: 66000ca0 67000ca0 66400ca0 67400ca0 
00007860: 64800ca0 65800ca0 64c00ca0 65c00ca0 
00007870: 66800ca0 67800ca0 66c00ca0 67c00ca0 
00007880: 60000da0 61000da0 60400da0 61400da0 
00007890: 62000da0 63000da0 62400da0 63400da0 
000078a0: 60800da0 61800da0 60c00da0 61c00da0 
000078b0: 62800da0 63800da0 62c00da0 63c00da0 
000078c0: 64000da0 65000da0 64400da0 65400da0 
000078d0: 66000da0 67000da0 66400da0 67400da0 
000078e0: 64800da0 65800da0 64c00da0 65c00da0 
000078f0: 66800da0 67800da0 66c00da0 67c00da0 
00007900: 68000ca0 69000ca0 68400ca0 69400ca0 
00007910: 6a000ca0 6b000ca0 6a400ca0 6b400ca0 
00007920: 68800ca0 69800ca0 68c00ca0 69c00ca0 
00007930: 6a800ca0 6b800ca0 6ac00ca0 6bc00ca0 
00007940: 6c000ca0 6d000ca0 6c400ca0 6d400ca0 
00007950: 6e000ca0 6f000ca0 6e400ca0 6f400ca0 
00007960: 6c800ca0 6d800ca0 6cc00ca0 6dc00ca0 
00007970: 6e800ca0 6f800ca0 6ec00ca0 6fc00ca0 
00007980: 68000da0 69000da0 68400da0 69400da0 
00007990: 6a000da0 6b000da0 6a400da0 6b400da0 
000079a0: 68800da0 69800da0 68c00da0 69c00da0 
000079b0: 6a800da0 6b800da0 6ac00da0 6bc00da0 
000079c0: 6c000da0 6d000da0 6c400da0 6d400da0 
000079d0: 6e000da0 6f000da0 6e400da0 6f400da0 
000079e0: 6c800da0 6d800da0 6cc00da0 6dc00da0 
000079f0: 6e800da0 6f800da0 6ec00da0 6fc00da0 
00007a00: 60000ea0 61000ea0 60400ea0 61400ea0 
00007a10: 62000ea0 63000ea0 62400ea0 63400ea0 
00007a20: 60800ea0 61800ea0 60c00ea0 61c00ea0 
00007a30: 62800ea0 63800ea0 62c00ea0 63c00ea0 
00007a40: 64000ea0 65000ea0 64400ea0 65400ea0 
00007a50: 66000ea0 67000ea0 66400ea0 67400ea0 
00007a60: 64800ea0 65800ea0 64c00ea0 65c00ea0 
00007a70: 66800ea0 67800ea0 66c00ea0 67c00ea0 
00007a80: 60000fa0 61000fa0 60400fa0 61400fa0 
00007a90: 62000fa0 63000fa0 62400fa0 63400fa0 
00007aa0: 60800fa0 61800fa0 60c00fa0 61c00fa0 
00007ab0: 62800fa0 63800fa0 62c00fa0 63c00fa0 
00007ac0: 64000fa0 65000fa0 64400fa0 65400fa0 
00007ad0: 66000fa0 67000fa0 66400fa0 67400fa0 
00007ae0: 64800fa0 65800fa0 64c00fa0 65c00fa0 
00007af0: 66800fa0 67800fa0 66c00fa0 67c00fa0 
00007b00: 68000ea0 69000ea0 68400ea0 69400ea0 
00007b10: 6a000ea0 6b000ea0 6a400ea0 6b400ea0 
00007b20: 68800ea0 69800ea0 68c00ea0 69c00ea0 
00007b30: 6a800ea0 6b800ea0 6ac00ea0 6bc00ea0 
00007b40: 6c000ea0 6d000ea0 6c400ea0 6d400ea0 
00007b50: 6e000ea0 6f000ea0 6e400ea0 6f400ea0 
00007b60: 6c800ea0 6d800ea0 6cc00ea0 6dc00ea0 
00007b70: 6e800ea0 6f800ea0 6ec00ea0 6fc00ea0 
00007b80: 68000fa0 69000fa0 68400fa0 69400fa0 
00007b90: 6a000fa0 6b000fa0 6a400fa0 6b400fa0 
00007ba0: 68800fa0 69800fa0 68c00fa0 69c00fa0 
00007bb0: 6a800fa0 6b800fa0 6ac00fa0 6bc00fa0 
00007bc0: 6c000fa0 6d000fa0 6c400fa0 6d400fa0 
00007bd0: 6e000fa0 6f000fa0 6e400fa0 6f400fa0 
00007be0: 6c800fa0 6d800fa0 6cc00fa0 6dc00fa0 
00007bf0: 6e800fa0 6f800fa0 6ec00fa0 6fc00fa0 
00007c00: 70000ca0 71000ca0 70400ca0 71400ca0 
00007c10: 72000ca0 73000ca0 72400ca0 73400ca0 
00007c20: 70800ca0 71800ca0 70c00ca0 71c00ca0 
00007c30: 72800ca0 73800ca0 72c00ca0 73c00ca0 
00007c40: 74000ca0 75000ca0 74400ca0 75400ca0 
00007c50: 76000ca0 77000ca0 76400ca0 77400ca0 
00007c60: 74800ca0 75800ca0 74c00ca0 75c00ca0 
00007c70: 76800ca0 77800ca0 76c00ca0 77c00ca0 
00007c80: 70000da0 71000da0 70400da0 71400da0 
00007c90: 72000da0 73000da0 72400da0 73400da0 
00007ca0: 70800da0 71800da0 70c00da0 71c00da0 
00007cb0: 72800da0 73800da0 72c00da0 73c00da0 
00007cc0: 74000da0 75000da0 74400da0 75400da0 
00007cd0: 76000da0 77000da0 76400da0 77400da0 
00007ce0: 74800da0 75800da0 74c00da0 75c00da0 
00007cf0: 76800da0 77800da0 76c00da0 77c00da0 
00007d00: 78000ca0 79000ca0 78400ca0 79400ca0 
00007d10: 7a000ca0 7b000ca0 7a400ca0 7b400ca0 
00007d20: 78800ca0 79800ca0 78c00ca0 79c00ca0 
00007d30: 7a800ca0 7b800ca0 7ac00ca0 7bc00ca0 
00007d40: 7c000ca0 7d000ca0 7c400ca0 7d400ca0 
00007d50: 7e000ca0 7f000ca0 7e400ca0 7f400ca0 
00007d60: 7c800ca0 7d800ca0 7cc00ca0 7dc00ca0 
00007d70: 7e800ca0 7f800ca0 7ec00ca0 7fc00ca0 
00007d80: 78000da0 79000da0 78400da0 79400da0 
00007d90: 7a000da0 7b000da0 7a400da0 7b400da0 
00007da0: 78800da0 79800da0 78c00da0 79c00da0 
00007db0: 7a800da0 7b800da0 7ac00da0 7bc00da0 
00007dc0: 7c000da0 7d000da0 7c400da0 7d400da0 
00007dd0: 7e000da0 7f000da0 7e400da0 7f400da0 
00007de0: 7c800da0 7d800da0 7cc00da0 7dc00da0 
00007df0: 7e800da0 7f800da0 7ec00da0 7fc00da0 
00007e00: 70000ea0 71000ea0 70400ea0 71400ea0 
00007e10: 72000ea0 73000ea0 72400ea0 73400ea0 
00007e20: 70800ea0 71800ea0 70c00ea0 71c00ea0 
00007e30: 72800ea0 73800ea0 72c00ea0 73c00ea0 
00007e40: 74000ea0 75000ea0 74400ea0 75400ea0 
00007e50: 76000ea0 77000ea0 76400ea0 77400ea0 
00007e60: 74800ea0 75800ea0 74c00ea0 75c00ea0 
00007e70: 76800ea0 77800ea0 76c00ea0 77c00ea0 
00007e80: 70000fa0 71000fa0 70400fa0 71400fa0 
00007e90: 72000fa0 73000fa0 72400fa0 73400fa0 
00007ea0: 70800fa0 71800fa0 70c00fa0 71c00fa0 
00007eb0: 72800fa0 73800fa0 72c00fa0 73c00fa0 
00007ec0: 74000fa0 75000fa0 74400fa0 75400fa0 
00007ed0: 76000fa0 77000fa0 76400fa0 77400fa0 
00007ee0: 74800fa0 75800fa0 74c00fa0 75c00fa0 
00007ef0: 76800fa0 77800fa0 76c00fa0 77c00fa0 
00007f00: 78000ea0 79000ea0 78400ea0 79400ea0 
00007f10: 7a000ea0 7b000ea0 7a400ea0 7b400ea0 
00007f20: 78800ea0 79800ea0 78c00ea0 79c00ea0 
00007f30: 7a800ea0 7b800ea0 7ac00ea0 7bc00ea0 
00007f40: 7c000ea0 7d000ea0 7c400ea0 7d400ea0 
00007f50: 7e000ea0 7f000ea0 7e400ea0 7f400ea0 
00007f60: 7c800ea0 7d800ea0 7cc00ea0 7dc00ea0 
00007f70: 7e800ea0 7f800ea0 7ec00ea0 7fc00ea0 
00007f80: 78000fa0 79000fa0 78400fa0 79400fa0 
00007f90: 7a000fa0 7b000fa0 7a400fa0 7b400fa0 
00007fa0: 78800fa0 79800fa0 78c00fa0 79c00fa0 
00007fb0: 7a800fa0 7b800fa0 7ac00fa0 7bc00fa0 
00007fc0: 7c000fa0 7d000fa0 7c400fa0 7d400fa0 
00007fd0: 7e000fa0 7f000fa0 7e400fa0 7f400fa0 
00007fe0: 7c800fa0 7d800fa0 7cc00fa0 7dc00fa0 
00007ff0: 7e800fa0 7f800fa0 7ec00fa0 7fc00fa0 
00008000: 000010a0 010010a0 004010a0 014010a0 
00008010: 020010a0 030010a0 024010a0 034010a0 
00008020: 008010a0 018010a0 00c010a0 01c010a0 
00008030: 028010a0 038010a0 02c010a0 03c010a0 
00008040: 040010a0 050010a0 044010a0 054010a0 
00008050: 060010a0 070010a0 064010a0 074010a0 
00008060: 048010a0 058010a0 04c010a0 05c010a0 
00008070: 068010a0 078010a0 06c010a0 07c010a0 
00008080: 000011a0 010011a0 004011a0 014011a0 
00008090: 020011a0 030011a0 024011a0 034011a0 
000080a0: 008011a0 018011a0 00c011a0 01c011a0 
000080b0: 028011a0 038011a0 02c011a0 03c011a0 
000080c0: 040011a0 050011a0 044011a0 054011a0 
000080d0: 060011a0 070011a0 064011a0 074011a0 
000080e0: 048011a0 058011a0 04c011a0 05c011a0 
000080f0: 068011a0 078011a0 06c011a0 07c011a0 
00008100: 080010a0 090010a0 084010a0 094010a0 
00008110: 0a0010a0 0b0010a0 0a4010a0 0b4010a0 
00008120: 088010a0 098010a0 08c010a0 09c010a0 
00008130: 0a8010a0 0b8010a0 0ac010a0 0bc010a0 
00008140: 0c0010a0 0d0010a0 0c4010a0 0d4010a0 
00008150: 0e0010a0 0f0010a0 0e4010a0 0f4010a0 
00008160: 0c8010a0 0d8010a0 0cc010a0 0dc010a0 
00008170: 0e8010a0 0f8010a0 0ec010a0 0fc010a0 
00008180: 080011a0 090011a0 084011a0 094011a0 
00008190: 0a0011a0 0b0011a0 0a4011a0 0b4011a0 
000081a0: 088011a0 098011a0 08c011a0 09c011a0 
000081b0: 0a8011a0 0b8011a0 0ac011a0 0bc011a0 
000081c0: 0c0011a0 0d0011a0 0c4011a0 0d4011a0 
000081d0: 0e0011a0 0f0011a0 0e4011a0 0f4011a0 
000081e0: 0c8011a0 0d8011a0 0cc011a0 0dc011a0 
000081f0: 0e8011a0 0f8011a0 0ec011a0 0fc011a0 
00008200: 000012a0 010012a0 004012a0 014012a0 
00008210: 020012a0 030012a0 024012a0 034012a0 
00008220: 008012a0 018012a0 00c012a0 01c012a0 
00008230: 028012a0 038012a0 02c012a0 03c012a0 
00008240: 040012a0 050012a0 044012a0 054012a0 
00008250: 060012a0 070012a0 064012a0 074012a0 
00008260: 048012a0 058012a0 04c012a0 05c012a0 
00008270: 068012a0 078012a0 06c012a0 07c012a0 
00008280: 000013a0 010013a0 004013a0 014013a0 
00008290: 020013a0 030013a0 024013a0 034013a0 
000082a0: 008013a0 018013a0 00c013a0 01c013a0 
000082b0: 028013a0 038013a0 02c013a0 03c013a0 
000082c0: 040013a0 050013a0 044013a0 054013a0 
000082d0: 060013a0 070013a0 064013a0 074013a0 
000082e0: 048013a0 058013a0 04c013a0 05c013a0 
000082f0: 068013a0 078013a0 06c013a0 07c013a0 
00008300: 080012a0 090012a0 084012a0 094012a0 
00008310: 0a0012a0 0b0012a0 0a4012a0 0b4012a0 
00008320: 088012a0 098012a0 08c012a0 09c012a0 
00008330: 0a8012a0 0b8012a0 0ac012a0 0bc012a0 
00008340: 0c0012a0 0d0012a0 0c4012a0 0d4012a0 
00008350: 0e0012a0 0f0012a0 0e4012a0 0f4012a0 
00008360: 0c8012a0 0d8012a0 0cc012a0 0dc012a0 
00008370: 0e8012a0 0f8012a0 0ec012a0 0fc012a0 
00008380: 080013a0 090013a0 084013a0 094013a0 
00008390: 0a0013a0 0b0013a0 0a4013a0 0b4013a0 
000083a0: 088013a0 098013a0 08c013a0 09c013a0 
000083b0: 0a8013a0 0b8013a0 0ac013a0 0bc013a0 
000083c0: 0c0013a0 0d0013a0 0c4013a0 0d4013a0 
000083d0: 0e0013a0 0f0013a0 0e4013a0 0f4013a0 
000083e0: 0c8013a0 0d8013a0 0cc013a0 0dc013a0 
000083f0: 0e8013a0 0f8013a0 0ec013a0 0fc013a0 
00008400: 100010a0 110010a0 104010a0 114010a0 
00008410: 120010a0 130010a0 124010a0 134010a0 
00008420: 108010a0 118010a0 10c010a0 11c010a0 
00008430: 128010a0 138010a0 12c010a0 13c010a0 
00008440: 140010a0 150010a0 144010a0 154010a0 
00008450: 160010a0 170010a0 164010a0 174010a0 
00008460: 148010a0 158010a0 14c010a0 15c010a0 
00008470: 168010a0 178010a0 16c010a0 17c010a0 
00008480: 100011a0 110011a0 104011a0 114011a0 
00008490: 120011a0 130011a0 124011a0 134011a0 
000084a0: 108011a0 118011a0 10c011a0 11c011a0 
000084b0: 128011a0 138011a0 12c011a0 13c011a0 
000084c0: 140011a0 150011a0 144011a0 154011a0 
000084d0: 160011a0 170011a0 164011a0 174011a0 
000084e0: 148011a0 158011a0 14c011a0 15c011a0 
000084f0: 168011a0 178011a0 16c011a0 17c011a0 
00008500: 180010a0 190010a0 184010a0 194010a0 
00008510: 1a0010a0 1b0010a0 1a4010a0 1b4010a0 
00008520: 188010a0 198010a0 18c010a0 19c010a0 
00008530: 1a8010a0 1b8010a0 1ac010a0 1bc010a0 
00008540: 1c0010a0 1d0010a0 1c4010a0 1d4010a0 
00008550: 1e0010a0 1f0010a0 1e4010a0 1f4010a0 
00008560: 1c8010a0 1d8010a0 1cc010a0 1dc010a0 
00008570: 1e8010a0 1f8010a0 1ec010a0 1fc010a0 
00008580: 180011a0 190011a0 184011a0 194011a0 
00008590: 1a0011a0 1b0011a0 1a4011a0 1b4011a0 
000085a0: 188011a0 198011a0 18c011a0 19c011a0 
000085b0: 1a8011a0 1b8011a0 1ac011a0 1bc011a0 
000085c0: 1c0011a0 1d0011a0 1c4011a0 1d4011a0 
000085d0: 1e0011a0 1f0011a0 1e4011a0 1f4011a0 
000085e0: 1c8011a0 1d8011a0 1cc011a0 1dc011a0 
000085f0: 1e8011a0 1f8011a0 1ec011a0 1fc011a0 
00008600: 100012a0 110012a0 104012a0 114012a0 
00008610: 120012a0 130012a0 124012a0 134012a0 
00008620: 108012a0 118012a0 10c012a0 11c012a0 
00008630: 128012a0 138012a0 12c012a0 13c012a0 
00008640: 140012a0 150012a0 144012a0 154012a0 
00008650: 160012a0 170012a0 164012a0 174012a0 
00008660: 148012a0 158012a0 14c012a0 15c012a0 
00008670: 168012a0 178012a0 16c012a0 17c012a0 
00008680: 100013a0 110013a0 104013a0 114013a0 
00008690: 120013a0 130013a0 124013a0 134013a0 
000086a0: 108013a0 118013a0 10c013a0 11c013a0 
000086b0: 128013a0 138013a0 12c013a0 13c013a0 
000086c0: 140013a0 150013a0 144013a0 154013a0 
000086d0: 160013a0 170013a0 164013a0 174013a0 
000086e0: 148013a0 158013a0 14c013a0 15c013a0 
000086f0: 168013a0 178013a0 16c013a0 17c013a0 
00008700: 180012a0 190012a0 184012a0 194012a0 
00008710: 1a0012a0 1b0012a0 1a4012a0 1b4012a0 
00008720: 188012a0 198012a0 18c012a0 19c012a0 
00008730: 1a8012a0 1b8012a0 1ac012a0 1bc012a0 
00008740: 1c0012a0 1d0012a0 1c4012a0 1d4012a0 
00008750: 1e0012a0 1f0012a0 1e4012a0 1f4012a0 
00008760: 1c8012a0 1d8012a0 1cc012a0 1dc012a0 
00008770: 1e8012a0 1f8012a0 1ec012a0 1fc012a0 
00008780: 180013a0 190013a0 184013a0 194013a0 
00008790: 1a0013a0 1b0013a0 1a4013a0 1b4013a0 
000087a0: 188013a0 198013a0 18c013a0 19c013a0 
000087b0: 1a8013a0 1b8013a0 1ac013a0 1bc013a0 
000087c0: 1c0013a0 1d0013a0 1c4013a0 1d4013a0 
000087d0: 1e0013a0 1f0013a0 1e4013a0 1f4013a0 
000087e0: 1c8013a0 1d8013a0 1cc013a0 1dc013a0 
000087f0: 1e8013a0 1f8013a0 1ec013a0 1fc013a0 
00008800: 000014a0 010014a0 004014a0 014014a0 
00008810: 020014a0 030014a0 024014a0 034014a0 
00008820: 008014a0 018014a0 00c014a0 01c014a0 
00008830: 028014a0 038014a0 02c014a0 03c014a0 
00008840: 040014a0 050014a0 044014a0 054014a0 
00008850: 060014a0 070014a0 064014a0 074014a0 
00008860: 048014a0 058014a0 04c014a0 05c014a0 
00008870: 068014a0 078014a0 06c014a0 07c014a0 
00008880: 000015a0 010015a0 004015a0 014015a0 
00008890: 020015a0 030015a0 024015a0 034015a0 
000088a0: 008015a0 018015a0 00c015a0 01c015a0 
000088b0: 028015a0 038015a0 02c015a0 03c015a0 
000088c0: 040015a0 050015a0 044015a0 054015a0 
000088d0: 060015a0 070015a0 064015a0 074015a0 
000088e0: 048015a0 058015a0 04c015a0 05c015a0 
000088f0: 068015a0 078015a0 06c015a0 07c015a0 
00008900: 080014a0 090014a0 084014a0 094014a0 
00008910: 0a0014a0 0b0014a0 0a4014a0 0b4014a0 
00008920: 088014a0 098014a0 08c014a0 09c014a0 
00008930: 0a8014a0 0b8014a0 0ac014a0 0bc014a0 
00008940: 0c0014a0 0d0014a0 0c4014a0 0d4014a0 
00008950: 0e0014a0 0f0014a0 0e4014a0 0f4014a0 
00008960: 0c8014a0 0d8014a0 0cc014a0 0dc014a0 
00008970: 0e8014a0 0f8014a0 0ec014a0 0fc014a0 
00008980: 080015a0 090015a0 084015a0 094015a0 
00008990: 0a0015a0 0b0015a0 0a4015a0 0b4015a0 
000089a0: 088015a0 098015a0 08c015a0 09c015a0 
000089b0: 0a8015a0 0b8015a0 0ac015a0 0bc015a0 
000089c0: 0c0015a0 0d0015a0 0c4015a0 0d4015a0 
000089d0: 0e0015a0 0f0015a0 0e4015a0 0f4015a0 
000089e0: 0c8015a0 0d8015a0 0cc015a0 0dc015a0 
000089f0: 0e8015a0 0f8015a0 0ec015a0 0fc015a0 
00008a00: 000016a0 010016a0 004016a0 014016a0 
00008a10: 020016a0 030016a0 024016a0 034016a0 
00008a20: 008016a0 018016a0 00c016a0 01c016a0 
00008a30: 028016a0 038016a0 02c016a0 03c016a0 
00008a40: 040016a0 050016a0 044016a0 054016a0 
00008a50: 060016a0 070016a0 064016a0 074016a0 
00008a60: 048016a0 058016a0 04c016a0 05c016a0 
00008a70: 068016a0 078016a0 06c016a0 07c016a0 
00008a80: 000017a0 010017a0 004017a0 014017a0 
00008a90: 020017a0 030017a0 024017a0 034017a0 
00008aa0: 008017a0 018017a0 00c017a0 01c017a0 
00008ab0: 028017a0 038017a0 02c017a0 03c017a0 
00008ac0: 040017a0 050017a0 044017a0 054017a0 
00008ad0: 060017a0 070017a0 064017a0 074017a0 
00008ae0: 048017a0 058017a0 04c017a0 05c017a0 
00008af0: 068017a0 078017a0 06c017a0 07c017a0 
00008b00: 080016a0 090016a0 084016a0 094016a0 
00008b10: 0a0016a0 0b0016a0 0a4016a0 0b4016a0 
00008b20: 088016a0 098016a0 08c016a0 09c016a0 
00008b30: 0a8016a0 0b8016a0 0ac016a0 0bc016a0 
00008b40: 0c0016a0 0d0016a0 0c4016a0 0d4016a0 
00008b50: 0e0016a0 0f0016a0 0e4016a0 0f4016a0 
00008b60: 0c8016a0 0d8016a0 0cc016a0 0dc016a0 
00008b70: 0e8016a0 0f8016a0 0ec016a0 0fc016a0 
00008b80: 080017a0 090017a0 084017a0 094017a0 
00008b90: 0a0017a0 0b0017a0 0a4017a0 0b4017a0 
00008ba0: 088017a0 098017a0 08c017a0 09c017a0 
00008bb0: 0a8017a0 0b8017a0 0ac017a0 0bc017a0 
00008bc0: 0c0017a0 0d0017a0 0c4017a0 0d4017a0 
00008bd0: 0e0017a0 0f0017a0 0e4017a0 0f4017a0 
00008be0: 0c8017a0 0d8017a0 0cc017a0 0dc017a0 
00008bf0: 0e8017a0 0f8017a0 0ec017a0 0fc017a0 
00008c00: 100014a0 110014a0 104014a0 114014a0 
00008c10: 120014a0 130014a0 124014a0 134014a0 
00008c20: 108014a0 118014a0 10c014a0 11c014a0 
00008c30: 128014a0 138014a0 12c014a0 13c014a0 
00008c40: 140014a0 150014a0 144014a0 154014a0 
00008c50: 160014a0 170014a0 164014a0 174014a0 
00008c60: 148014a0 158014a0 14c014a0 15c014a0 
00008c70: 168014a0 178014a0 16c014a0 17c014a0 
00008c80: 100015a0 110015a0 104015a0 114015a0 
00008c90: 120015a0 130015a0 124015a0 134015a0 
00008ca0: 108015a0 118015a0 10c015a0 11c015a0 
00008cb0: 128015a0 138015a0 12c015a0 13c015a0 
00008cc0: 140015a0 150015a0 144015a0 154015a0 
00008cd0: 160015a0 170015a0 164015a0 174015a0 
00008ce0: 148015a0 158015a0 14c015a0 15c015a0 
00008cf0: 168015a0 178015a0 16c015a0 17c015a0 
00008d00: 180014a0 190014a0 184014a0 194014a0 
00008d10: 1a0014a0 1b0014a0 1a4014a0 1b4014a0 
00008d20: 188014a0 198014a0 18c014a0 19c014a0 
00008d30: 1a8014a0 1b8014a0 1ac014a0 1bc014a0 
00008d40: 1c0014a0 1d0014a0 1c4014a0 1d4014a0 
00008d50: 1e0014a0 1f0014a0 1e4014a0 1f4014a0 
00008d60: 1c8014a0 1d8014a0 1cc014a0 1dc014a0 
00008d70: 1e8014a0 1f8014a0 1ec014a0 1fc014a0 
00008d80: 180015a0 190015a0 184015a0 194015a0 
00008d90: 1a0015a0 1b0015a0 1a4015a0 1b4015a0 
00008da0: 188015a0 198015a0 18c015a0 19c015a0 
00008db0: 1a8015a0 1b8015a0 1ac015a0 1bc015a0 
00008dc0: 1c0015a0 1d0015a0 1c4015a0 1d4015a0 
00008dd0: 1e0015a0 1f0015a0 1e4015a0 1f4015a0 
00008de0: 1c8015a0 1d8015a0 1cc015a0 1dc015a0 
00008df0: 1e8015a0 1f8015a0 1ec015a0 1fc015a0 
00008e00: 100016a0 110016a0 104016a0 114016a0 
00008e10: 120016a0 130016a0 124016a0 134016a0 
00008e20: 108016a0 118016a0 10c016a0 11c016a0 
00008e30: 128016a0 138016a0 12c016a0 13c016a0 
00008e40: 140016a0 150016a0 144016a0 154016a0 
00008e50: 160016a0 170016a0 164016a0 174016a0 
00008e60: 148016a0 158016a0 14c016a0 15c016a0 
00008e70: 168016a0 178016a0 16c016a0 17c016a0 
00008e80: 100017a0 110017a0 104017a0 114017a0 
00008e90: 120017a0 130017a0 124017a0 134017a0 
00008ea0: 108017a0 118017a0 10c017a0 11c017a0 
00008eb0: 128017a0 138017a0 12c017a0 13c017a0 
00008ec0: 140017a0 150017a0 144017a0 154017a0 
00008ed0: 160017a0 170017a0 164017a0 174017a0 
00008ee0: 148017a0 158017a0 14c017a0 15c017a0 
00008ef0: 168017a0 178017a0 16c017a0 17c017a0 
00008f00: 180016a0 190016a0 184016a0 194016a0 
00008f10: 1a0016a0 1b0016a0 1a4016a0 1b4016a0 
00008f20: 188016a0 198016a0 18c016a0 19c016a0 
00008f30: 1a8016a0 1b8016a0 1ac016a0 1bc016a0 
00008f40: 1c0016a0 1d0016a0 1c4016a0 1d4016a0 
00008f50: 1e0016a0 1f0016a0 1e4016a0 1f4016a0 
00008f60: 1c8016a0 1d8016a0 1cc016a0 1dc016a0 
00008f70: 1e8016a0 1f8016a0 1ec016a0 1fc016a0 
00008f80: 180017a0 190017a0 184017a0 194017a0 
00008f90: 1a0017a0 1b0017a0 1a4017a0 1b4017a0 
00008fa0: 188017a0 198017a0 18c017a0 19c017a0 
00008fb0: 1a8017a0 1b8017a0 1ac017a0 1bc017a0 
00008fc0: 1c0017a0 1d0017a0 1c4017a0 1d4017a0 
00008fd0: 1e0017a0 1f0017a0 1e4017a0 1f4017a0 
00008fe0: 1c8017a0 1d8017a0 1cc017a0 1dc017a0 
00008ff0: 1e8017a0 1f8017a0 1ec017a0 1fc017a0 
00009000: 200010a0 210010a0 204010a0 214010a0 
00009010: 220010a0 230010a0 224010a0 234010a0 
00009020: 208010a0 218010a0 20c010a0 21c010a0 
00009030: 228010a0 238010a0 22c010a0 23c010a0 
00009040: 240010a0 250010a0 244010a0 254010a0 
00009050: 260010a0 270010a0 264010a0 274010a0 
00009060: 248010a0 258010a0 24c010a0 25c010a0 
00009070: 268010a0 278010a0 26c010a0 27c010a0 
00009080: 200011a0 210011a0 204011a0 214011a0 
00009090: 220011a0 230011a0 224011a0 234011a0 
000090a0: 208011a0 218011a0 20c011a0 21c011a0 
000090b0: 228011a0 238011a0 22c011a0 23c011a0 
000090c0: 240011a0 250011a0 244011a0 254011a0 
000090d0: 260011a0 270011a0 264011a0 274011a0 
000090e0: 248011a0 258011a0 24c011a0 25c011a0 
000090f0: 268011a0 278011a0 26c011a0 27c011a0 
00009100: 280010a0 290010a0 284010a0 294010a0 
00009110: 2a0010a0 2b0010a0 2a4010a0 2b4010a0 
00009120: 288010a0 298010a0 28c010a0 29c010a0 
00009130: 2a8010a0 2b8010a0 2ac010a0 2bc010a0 
00009140: 2c0010a0 2d0010a0 2c4010a0 2d4010a0 
00009150: 2e0010a0 2f0010a0 2e4010a0 2f4010a0 
00009160: 2c8010a0 2d8010a0 2cc010a0 2dc010a0 
00009170: 2e8010a0 2f8010a0 2ec010a0 2fc010a0 
00009180: 280011a0 290011a0 284011a0 294011a0 
00009190: 2a0011a0 2b0011a0 2a4011a0 2b4011a0 
000091a0: 288011a0 298011a0 28c011a0 29c011a0 
000091b0: 2a8011a0 2b8011a0 2ac011a0 2bc011a0 
000091c0: 2c0011a0 2d0011a0 2c4011a0 2d4011a0 
000091d0: 2e0011a0 2f0011a0 2e4011a0 2f4011a0 
000091e0: 2c8011a0 2d8011a0 2cc011a0 2dc011a0 
000091f0: 2e8011a0 2f8011a0 2ec011a0 2fc011a0 
00009200: 200012a0 210012a0 204012a0 214012a0 
00009210: 220012a0 230012a0 224012a0 234012a0 
00009220: 208012a0 218012a0 20c012a0 21c012a0 
00009230: 228012a0 238012a0 22c012a0 23c012a0 
00009240: 240012a0 250012a0 244012a0 254012a0 
00009250: 260012a0 270012a0 264012a0 274012a0 
00009260: 248012a0 258012a0 24c012a0 25c012a0 
00009270: 268012a0 278012a0 26c012a0 27c012a0 
00009280: 200013a0 210013a0 204013a0 214013a0 
00009290: 220013a0 230013a0 224013a0 234013a0 
000092a0: 208013a0 218013a0 20c013a0 21c013a0 
000092b0: 228013a0 238013a0 22c013a0 23c013a0 
000092c0: 240013a0 250013a0 244013a0 254013a0 
000092d0: 260013a0 270013a0 264013a0 274013a0 
000092e0: 248013a0 258013a0 24c013a0 25c013a0 
000092f0: 268013a0 278013a0 26c013a0 27c013a0 
00009300: 280012a0 290012a0 284012a0 294012a0 
00009310: 2a0012a0 2b0012a0 2a4012a0 2b4012a0 
00009320: 288012a0 298012a0 28c012a0 29c012a0 
00009330: 2a8012a0 2b8012a0 2ac012a0 2bc012a0 
00009340: 2c0012a0 2d0012a0 2c4012a0 2d4012a0 
00009350: 2e0012a0 2f0012a0 2e4012a0 2f4012a0 
00009360: 2c8012a0 2d8012a0 2cc012a0 2dc012a0 
00009370: 2e8012a0 2f8012a0 2ec012a0 2fc012a0 
00009380: 280013a0 290013a0 284013a0 294013a0 
00009390: 2a0013a0 2b0013a0 2a4013a0 2b4013a0 
000093a0: 288013a0 298013a0 28c013a0 29c013a0 
000093b0: 2a8013a0 2b8013a0 2ac013a0 2bc013a0 
000093c0: 2c0013a0 2d0013a0 2c4013a0 2d4013a0 
000093d0: 2e0013a0 2f0013a0 2e4013a0 2f4013a0 
000093e0: 2c8013a0 2d8013a0 2cc013a0 2dc013a0 
000093f0: 2e8013a0 2f8013a0 2ec013a0 2fc013a0 
00009400: 300010a0 310010a0 304010a0 314010a0 
00009410: 320010a0 330010a0 324010a0 334010a0 
00009420: 308010a0 318010a0 30c010a0 31c010a0 
00009430: 328010a0 338010a0 32c010a0 33c010a0 
00009440: 340010a0 350010a0 344010a0 354010a0 
00009450: 360010a0 370010a0 364010a0 374010a0 
00009460: 348010a0 358010a0 34c010a0 35c010a0 
00009470: 368010a0 378010a0 36c010a0 37c010a0 
00009480: 300011a0 310011a0 304011a0 314011a0 
00009490: 320011a0 330011a0 324011a0 334011a0 
000094a0: 308011a0 318011a0 30c011a0 31c011a0 
000094b0: 328011a0 338011a0 32c011a0 33c011a0 
000094c0: 340011a0 350011a0 344011a0 354011a0 
000094d0: 360011a0 370011a0 364011a0 374011a0 
000094e0: 348011a0 358011a0 34c011a0 35c011a0 
000094f0: 368011a0 378011a0 36c011a0 37c011a0 
00009500: 380010a0 390010a0 384010a0 394010a0 
00009510: 3a0010a0 3b0010a0 3a4010a0 3b4010a0 
00009520: 388010a0 398010a0 38c010a0 39c010a0 
00009530: 3a8010a0 3b8010a0 3ac010a0 3bc010a0 
00009540: 3c0010a0 3d0010a0 3c4010a0 3d4010a0 
00009550: 3e0010a0 3f0010a0 3e4010a0 3f4010a0 
00009560: 3c8010a0 3d8010a0 3cc010a0 3dc010a0 
00009570: 3e8010a0 3f8010a0 3ec010a0 3fc010a0 
00009580: 380011a0 390011a0 384011a0 394011a0 
00009590: 3a0011a0 3b0011a0 3a4011a0 3b4011a0 
000095a0: 388011a0 398011a0 38c011a0 39c011a0 
000095b0: 3a8011a0 3b8011a0 3ac011a0 3bc011a0 
000095c0: 3c0011a0 3d0011a0 3c4011a0 3d4011a0 
000095d0: 3e0011a0 3f0011a0 3e4011a0 3f4011a0 
000095e0: 3c8011a0 3d8011a0 3cc011a0 3dc011a0 
000095f0: 3e8011a0 3f8011a0 3ec011a0 3fc011a0 
00009600: 300012a0 310012a0 304012a0 314012a0 
00009610: 320012a0 330012a0 324012a0 334012a0 
00009620: 308012a0 318012a0 30c012a0 31c012a0 
00009630: 328012a0 338012a0 32c012a0 33c012a0 
00009640: 340012a0 350012a0 344012a0 354012a0 
00009650: 360012a0 370012a0 364012a0 374012a0 
00009660: 348012a0 358012a0 34c012a0 35c012a0 
00009670: 368012a0 378012a0 36c012a0 37c012a0 
00009680: 300013a0 310013a0 304013a0 314013a0 
00009690: 320013a0 330013a0 324013a0 334013a0 
000096a0: 308013a0 318013a0 30c013a0 31c013a0 
000096b0: 328013a0 338013a0 32c013a0 33c013a0 
000096c0: 340013a0 350013a0 344013a0 354013a0 
000096d0: 360013a0 370013a0 364013a0 374013a0 
000096e0: 348013a0 358013a0 34c013a0 35c013a0 
000096f0: 368013a0 378013a0 36c013a0 37c013a0 
00009700: 380012a0 390012a0 384012a0 394012a0 
00009710: 3a0012a0 3b0012a0 3a4012a0 3b4012a0 
00009720: 388012a0 398012a0 38c012a0 39c012a0 
00009730: 3a8012a0 3b8012a0 3ac012a0 3bc012a0 
00009740: 3c0012a0 3d0012a0 3c4012a0 3d4012a0 
00009750: 3e0012a0 3f0012a0 3e4012a0 3f4012a0 
00009760: 3c8012a0 3d8012a0 3cc012a0 3dc012a0 
00009770: 3e8012a0 3f8012a0 3ec012a0 3fc012a0 
00009780: 380013a0 390013a0 384013a0 394013a0 
00009790: 3a0013a0 3b0013a0 3a4013a0 3b4013a0 
000097a0: 388013a0 398013a0 38c013a0 39c013a0 
000097b0: 3a8013a0 3b8013a0 3ac013a0 3bc013a0 
000097c0: 3c0013a0 3d0013a0 3c4013a0 3d4013a0 
000097d0: 3e0013a0 3f0013a0 3e4013a0 3f4013a0 
000097e0: 3c8013a0 3d8013a0 3cc013a0 3dc013a0 
000097f0: 3e8013a0 3f8013a0 3ec013a0 3fc013a0 
00009800: 200014a0 210014a0 204014a0 214014a0 
00009810: 220014a0 230014a0 224014a0 234014a0 
00009820: 208014a0 218014a0 20c014a0 21c014a0 
00009830: 228014a0 238014a0 22c014a0 23c014a0 
00009840: 240014a0 250014a0 244014a0 254014a0 
00009850: 260014a0 270014a0 264014a0 274014a0 
00009860: 248014a0 258014a0 24c014a0 25c014a0 
00009870: 268014a0 278014a0 26c014a0 27c014a0 
00009880: 200015a0 210015a0 204015a0 214015a0 
00009890: 220015a0 230015a0 224015a0 234015a0 
000098a0: 208015a0 218015a0 20c015a0 21c015a0 
000098b0: 228015a0 238015a0 22c015a0 23c015a0 
000098c0: 240015a0 250015a0 244015a0 254015a0 
000098d0: 260015a0 270015a0 264015a0 274015a0 
000098e0: 248015a0 258015a0 24c015a0 25c015a0 
000098f0: 268015a0 278015a0 26c015a0 27c015a0 
00009900: 280014a0 290014a0 284014a0 294014a0 
00009910: 2a0014a0 2b0014a0 2a4014a0 2b4014a0 
00009920: 288014a0 298014a0 28c014a0 29c014a0 
00009930: 2a8014a0 2b8014a0 2ac014a0 2bc014a0 
00009940: 2c0014a0 2d0014a0 2c4014a0 2d4014a0 
00009950: 2e0014a0 2f0014a0 2e4014a0 2f4014a0 
00009960: 2c8014a0 2d8014a0 2cc014a0 2dc014a0 
00009970: 2e8014a0 2f8014a0 2ec014a0 2fc014a0 
00009980: 280015a0 290015a0 284015a0 294015a0 
00009990: 2a0015a0 2b0015a0 2a4015a0 2b4015a0 
000099a0: 288015a0 298015a0 28c015a0 29c015a0 
000099b0: 2a8015a0 2b8015a0 2ac015a0 2bc015a0 
000099c0: 2c0015a0 2d0015a0 2c4015a0 2d4015a0 
000099d0: 2e0015a0 2f0015a0 2e4015a0 2f4015a0 
000099e0: 2c8015a0 2d8015a0 2cc015a0 2dc015a0 
000099f0: 2e8015a0 2f8015a0 2ec015a0 2fc015a0 
00009a00: 200016a0 210016a0 204016a0 214016a0 
00009a10: 220016a0 230016a0 224016a0 234016a0 
00009a20: 208016a0 218016a0 20c016a0 21c016a0 
00009a30: 228016a0 238016a0 22c016a0 23c016a0 
00009a40: 240016a0 250016a0 244016a0 254016a0 
00009a50: 260016a0 270016a0 264016a0 274016a0 
00009a60: 248016a0 258016a0 24c016a0 25c016a0 
00009a70: 268016a0 278016a0 26c016a0 27c016a0 
00009a80: 200017a0 210017a0 204017a0 214017a0 
00009a90: 220017a0 230017a0 224017a0 234017a0 
00009aa0: 208017a0 218017a0 20c017a0 21c017a0 
00009ab0: 228017a0 238017a0 22c017a0 23c017a0 
00009ac0: 240017a0 250017a0 244017a0 254017a0 
00009ad0: 260017a0 270017a0 264017a0 274017a0 
00009ae0: 248017a0 258017a0 24c017a0 25c017a0 
00009af0: 268017a0 278017a0 26c017a0 27c017a0 
00009b00: 280016a0 290016a0 284016a0 294016a0 
00009b10: 2a0016a0 2b0016a0 2a4016a0 2b4016a0 
00009b20: 288016a0 298016a0 28c016a0 29c016a0 
00009b30: 2a8016a0 2b8016a0 2ac016a0 2bc016a0 
00009b40: 2c0016a0 2d0016a0 2c4016a0 2d4016a0 
00009b50: 2e0016a0 2f0016a0 2e4016a0 2f4016a0 
00009b60: 2c8016a0 2d8016a0 2cc016a0 2dc016a0 
00009b70: 2e8016a0 2f8016a0 2ec016a0 2fc016a0 
00009b80: 280017a0 290017a0 284017a0 294017a0 
00009b90: 2a0017a0 2b0017a0 2a4017a0 2b4017a0 
00009ba0: 288017a0 298017a0 28c017a0 29c017a0 
00009bb0: 2a8017a0 2b8017a0 2ac017a0 2bc017a0 
00009bc0: 2c0017a0 2d0017a0 2c4017a0 2d4017a0 
00009bd0: 2e0017a0 2f0017a0 2e4017a0 2f4017a0 
00009be0: 2c8017a0 2d8017a0 2cc017a0 2dc017a0 
00009bf0: 2e8017a0 2f8017a0 2ec017a0 2fc017a0 
00009c00: 300014a0 310014a0 304014a0 314014a0 
00009c10: 320014a0 330014a0 324014a0 334014a0 
00009c20: 308014a0 318014a0 30c014a0 31c014a0 
00009c30: 328014a0 338014a0 32c014a0 33c014a0 
00009c40: 340014a0 350014a0 344014a0 354014a0 
00009c50: 360014a0 370014a0 364014a0 374014a0 
00009c60: 348014a0 358014a0 34c014a0 35c014a0 
00009c70: 368014a0 378014a0 36c014a0 37c014a0 
00009c80: 300015a0 310015a0 304015a0 314015a0 
00009c90: 320015a0 330015a0 324015a0 334015a0 
00009ca0: 308015a0 318015a0 30c015a0 31c015a0 
00009cb0: 328015a0 338015a0 32c015a0 33c015a0 
00009cc0: 340015a0 350015a0 344015a0 354015a0 
00009cd0: 360015a0 370015a0 364015a0 374015a0 
00009ce0: 348015a0 358015a0 34c015a0 35c015a0 
00009cf0: 368015a0 378015a0 36c015a0 37c015a0 
00009d00: 380014a0 390014a0 384014a0 394014a0 
00009d10: 3a0014a0 3b0014a0 3a4014a0 3b4014a0 
00009d20: 388014a0 398014a0 38c014a0 39c014a0 
00009d30: 3a8014a0 3b8014a0 3ac014a0 3bc014a0 
00009d40: 3c0014a0 3d0014a0 3c4014a0 3d4014a0 
00009d50: 3e0014a0 3f0014a0 3e4014a0 3f4014a0 
00009d60: 3c8014a0 3d8014a0 3cc014a0 3dc014a0 
00009d70: 3e8014a0 3f8014a0 3ec014a0 3fc014a0 
00009d80: 380015a0 390015a0 384015a0 394015a0 
00009d90: 3a0015a0 3b0015a0 3a4015a0 3b4015a0 
00009da0: 388015a0 398015a0 38c015a0 39c015a0 
00009db0: 3a8015a0 3b8015a0 3ac015a0 3bc015a0 
00009dc0: 3c0015a0 3d0015a0 3c4015a0 3d4015a0 
00009dd0: 3e0015a0 3f0015a0 3e4015a0 3f4015a0 
00009de0: 3c8015a0 3d8015a0 3cc015a0 3dc015a0 
00009df0: 3e8015a0 3f8015a0 3ec015a0 3fc015a0 
00009e00: 300016a0 310016a0 304016a0 314016a0 
00009e10: 320016a0 330016a0 324016a0 334016a0 
00009e20: 308016a0 318016a0 30c016a0 31c016a0 
00009e30: 328016a0 338016a0 32c016a0 33c016a0 
00009e40: 340016a0 350016a0 344016a0 354016a0 
00009e50: 360016a0 370016a0 364016a0 374016a0 
00009e60: 348016a0 358016a0 34c016a0 35c016a0 
00009e70: 368016a0 378016a0 36c016a0 37c016a0 
00009e80: 300017a0 310017a0 304017a0 314017a0 
00009e90: 320017a0 330017a0 324017a0 334017a0 
00009ea0: 308017a0 318017a0 30c017a0 31c017a0 
00009eb0: 328017a0 338017a0 32c017a0 33c017a0 
00009ec0: 340017a0 350017a0 344017a0 354017a0 
00009ed0: 360017a0 370017a0 364017a0 374017a0 
00009ee0: 348017a0 358017a0 34c017a0 35c017a0 
00009ef0: 368017a0 378017a0 36c017a0 37c017a0 
00009f00: 380016a0 390016a0 384016a0 394016a0 
00009f10: 3a0016a0 3b0016a0 3a4016a0 3b4016a0 
00009f20: 388016a0 398016a0 38c016a0 39c016a0 
00009f30: 3a8016a0 3b8016a0 3ac016a0 3bc016a0 
00009f40: 3c0016a0 3d0016a0 3c4016a0 3d4016a0 
00009f50: 3e0016a0 3f0016a0 3e4016a0 3f4016a0 
00009f60: 3c8016a0 3d8016a0 3cc016a0 3dc016a0 
00009f70: 3e8016a0 3f8016a0 3ec016a0 3fc016a0 
00009f80: 380017a0 390017a0 384017a0 394017a0 
00009f90: 3a0017a0 3b0017a0 3a4017a0 3b4017a0 
00009fa0: 388017a0 398017a0 38c017a0 39c017a0 
00009fb0: 3a8017a0 3b8017a0 3ac017a0 3bc017a0 
00009fc0: 3c0017a0 3d0017a0 3c4017a0 3d4017a0 
00009fd0: 3e0017a0 3f0017a0 3e4017a0 3f4017a0 
00009fe0: 3c8017a0 3d8017a0 3cc017a0 3dc017a0 
00009ff0: 3e8017a0 3f8017a0 3ec017a0 3fc017a0 
0000a000: 000018a0 010018a0 004018a0 014018a0 
0000a010: 020018a0 030018a0 024018a0 034018a0 
0000a020: 008018a0 018018a0 00c018a0 01c018a0 
0000a030: 028018a0 038018a0 02c018a0 03c018a0 
0000a040: 040018a0 050018a0 044018a0 054018a0 
0000a050: 060018a0 070018a0 064018a0 074018a0 
0000a060: 048018a0 058018a0 04c018a0 05c018a0 
0000a070: 068018a0 078018a0 06c018a0 07c018a0 
0000a080: 000019a0 010019a0 004019a0 014019a0 
0000a090: 020019a0 030019a0 024019a0 034019a0 
0000a0a0: 008019a0 018019a0 00c019a0 01c019a0 
0000a0b0: 028019a0 038019a0 02c019a0 03c019a0 
0000a0c0: 040019a0 050019a0 044019a0 054019a0 
0000a0d0: 060019a0 070019a0 064019a0 074019a0 
0000a0e0: 048019a0 058019a0 04c019a0 05c019a0 
0000a0f0: 068019a0 078019a0 06c019a0 07c019a0 
0000a100: 080018a0 090018a0 084018a0 094018a0 
0000a110: 0a0018a0 0b0018a0 0a4018a0 0b4018a0 
0000a120: 088018a0 098018a0 08c018a0 09c018a0 
0000a130: 0a8018a0 0b8018a0 0ac018a0 0bc018a0 
0000a140: 0c0018a0 0d0018a0 0c4018a0 0d4018a0 
0000a150: 0e0018a0 0f0018a0 0e4018a0 0f4018a0 
0000a160: 0c8018a0 0d8018a0 0cc018a0 0dc018a0 
0000a170: 0e8018a0 0f8018a0 0ec018a0 0fc018a0 
0000a180: 080019a0 090019a0 084019a0 094019a0 
0000a190: 0a0019a0 0b0019a0 0a4019a0 0b4019a0 
0000a1a0: 088019a0 098019a0 08c019a0 09c019a0 
0000a1b0: 0a8019a0 0b8019a0 0ac019a0 0bc019a0 
0000a1c0: 0c0019a0 0d0019a0 0c4019a0 0d4019a0 
0000a1d0: 0e0019a0 0f0019a0 0e4019a0 0f4019a0 
0000a1e0: 0c8019a0 0d8019a0 0cc019a0 0dc019a0 
0000a1f0: 0e8019a0 0f8019a0 0ec019a0 0fc019a0 
0000a200: 00001aa0 01001aa0 00401aa0 01401aa0 
0000a210: 02001aa0 03001aa0 02401aa0 03401aa0 
0000a220: 00801aa0 01801aa0 00c01aa0 01c01aa0 
0000a230: 02801aa0 03801aa0 02c01aa0 03c01aa0 
0000a240: 04001aa0 05001aa0 04401aa0 05401aa0 
0000a250: 06001aa0 07001aa0 06401aa0 07401aa0 
0000a260: 04801aa0 05801aa0 04c01aa0 05c01aa0 
0000a270: 06801aa0 07801aa0 06c01aa0 07c01aa0 
0000a280: 00001ba0 01001ba0 00401ba0 01401ba0 
0000a290: 02001ba0 03001ba0 02401ba0 03401ba0 
0000a2a0: 00801ba0 01801ba0 00c01ba0 01c01ba0 
0000a2b0: 02801ba0 03801ba0 02c01ba0 03c01ba0 
0000a2c0: 04001ba0 05001ba0 04401ba0 05401ba0 
0000a2d0: 06001ba0 07001ba0 06401ba0 07401ba0 
0000a2e0: 04801ba0 05801ba0 04c01ba0 05c01ba0 
0000a2f0: 06801ba0 07801ba0 06c01ba0 07c01ba0 
0000a300: 08001aa0 09001aa0 08401aa0 09401aa0 
0000a310: 0a001aa0 0b001aa0 0a401aa0 0b401aa0 
0000a320: 08801aa0 09801aa0 08c01aa0 09c01aa0 
0000a330: 0a801aa0 0b801aa0 0ac01aa0 0bc01aa0 
0000a340: 0c001aa0 0d001aa0 0c401aa0 0d401aa0 
0000a350: 0e001aa0 0f001aa0 0e401aa0 0f401aa0 
0000a360: 0c801aa0 0d801aa0 0cc01aa0 0dc01aa0 
0000a370: 0e801aa0 0f801aa0 0ec01aa0 0fc01aa0 
0000a380: 08001ba0 09001ba0 08401ba0 09401ba0 
0000a390: 0a001ba0 0b001ba0 0a401ba0 0b401ba0 
0000a3a0: 08801ba0 09801ba0 08c01ba0 09c01ba0 
0000a3b0: 0a801ba0 0b801ba0 0ac01ba0 0bc01ba0 
0000a3c0: 0c001ba0 0d001ba0 0c401ba0 0d401ba0 
0000a3d0: 0e001ba0 0f001ba0 0e401ba0 0f401ba0 
0000a3e0: 0c801ba0 0d801ba0 0cc01ba0 0dc01ba0 
0000a3f0: 0e801ba0 0f801ba0 0ec01ba0 0fc01ba0 
0000a400: 100018a0 110018a0 104018a0 114018a0 
0000a410: 120018a0 130018a0 124018a0 134018a0 
0000a420: 108018a0 118018a0 10c018a0 11c018a0 
0000a430: 128018a0 138018a0 12c018a0 13c018a0 
0000a440: 140018a0 150018a0 144018a0 154018a0 
0000a450: 160018a0 170018a0 164018a0 174018a0 
0000a460: 148018a0 158018a0 14c018a0 15c018a0 
0000a470: 168018a0 178018a0 16c018a0 17c018a0 
0000a480: 100019a0 110019a0 104019a0 114019a0 
0000a490: 120019a0 130019a0 124019a0 134019a0 
0000a4a0: 108019a0 118019a0 10c019a0 11c019a0 
0000a4b0: 128019a0 138019a0 12c019a0 13c019a0 
0000a4c0: 140019a0 150019a0 144019a0 154019a0 
0000a4d0: 160019a0 170019a0 164019a0 174019a0 
0000a4e0: 148019a0 158019a0 14c019a0 15c019a0 
0000a4f0: 168019a0 178019a0 16c019a0 17c019a0 
0000a500: 180018a0 190018a0 184018a0 194018a0 
0000a510: 1a0018a0 1b0018a0 1a4018a0 1b4018a0 
0000a520: 188018a0 198018a0 18c018a0 19c018a0 
0000a530: 1a8018a0 1b8018a0 1ac018a0 1bc018a0 
0000a540: 1c0018a0 1d0018a0 1c4018a0 1d4018a0 
0000a550: 1e0018a0 1f0018a0 1e4018a0 1f4018a0 
0000a560: 1c8018a0 1d8018a0 1cc018a0 1dc018a0 
0000a570: 1e8018a0 1f8018a0 1ec018a0 1fc018a0 
0000a580: 180019a0 190019a0 184019a0 194019a0 
0000a590: 1a0019a0 1b0019a0 1a4019a0 1b4019a0 
0000a5a0: 188019a0 198019a0 18c019a0 19c019a0 
0000a5b0: 1a8019a0 1b8019a0 1ac019a0 1bc019a0 
0000a5c0: 1c0019a0 1d0019a0 1c4019a0 1d4019a0 
0000a5d0: 1e0019a0 1f0019a0 1e4019a0 1f4019a0 
0000a5e0: 1c8019a0 1d8019a0 1cc019a0 1dc019a0 
0000a5f0: 1e8019a0 1f8019a0 1ec019a0 1fc019a0 
0000a600: 10001aa0 11001aa0 10401aa0 11401aa0 
0000a610: 12001aa0 13001aa0 12401aa0 13401aa0 
0000a620: 10801aa0 11801aa0 10c01aa0 11c01aa0 
0000a630: 12801aa0 13801aa0 12c01aa0 13c01aa0 
0000a640: 14001aa0 15001aa0 14401aa0 15401aa0 
0000a650: 16001aa0 17001aa0 16401aa0 17401aa0 
0000a660: 14801aa0 15801aa0 14c01aa0 15c01aa0 
0000a670: 16801aa0 17801aa0 16c01aa0 17c01aa0 
0000a680: 10001ba0 11001ba0 10401ba0 11401ba0 
0000a690: 12001ba0 13001ba0 12401ba0 13401ba0 
0000a6a0: 10801ba0 11801ba0 10c01ba0 11c01ba0 
0000a6b0: 12801ba0 13801ba0 12c01ba0 13c01ba0 
0000a6c0: 14001ba0 15001ba0 14401ba0 15401ba0 
0000a6d0: 16001ba0 17001ba0 16401ba0 17401ba0 
0000a6e0: 14801ba0 15801ba0 14c01ba0 15c01ba0 
0000a6f0: 16801ba0 17801ba0 16c01ba0 17c01ba0 
0000a700: 18001aa0 19001aa0 18401aa0 19401aa0 
0000a710: 1a001aa0 1b001aa0 1a401aa0 1b401aa0 
0000a720: 18801aa0 19801aa0 18c01aa0 19c01aa0 
0000a730: 1a801aa0 1b801aa0 1ac01aa0 1bc01aa0 
0000a740: 1c001aa0 1d001aa0 1c401aa0 1d401aa0 
0000a750: 1e001aa0 1f001aa0 1e401aa0 1f401aa0 
0000a760: 1c801aa0 1d801aa0 1cc01aa0 1dc01aa0 
0000a770: 1e801aa0 1f801aa0 1ec01aa0 1fc01aa0 
0000a780: 18001ba0 19001ba0 18401ba0 19401ba0 
0000a790: 1a001ba0 1b001ba0 1a401ba0 1b401ba0 
0000a7a0: 18801ba0 19801ba0 18c01ba0 19c01ba0 
0000a7b0: 1a801ba0 1b801ba0 1ac01ba0 1bc01ba0 
0000a7c0: 1c001ba0 1d001ba0 1c401ba0 1d401ba0 
0000a7d0: 1e001ba0 1f001ba0 1e401ba0 1f401ba0 
0000a7e0: 1c801ba0 1d801ba0 1cc01ba0 1dc01ba0 
0000a7f0: 1e801ba0 1f801ba0 1ec01ba0 1fc01ba0 
0000a800: 00001ca0 01001ca0 00401ca0 01401ca0 
0000a810: 02001ca0 03001ca0 02401ca0 03401ca0 
0000a820: 00801ca0 01801ca0 00c01ca0 01c01ca0 
0000a830: 02801ca0 03801ca0 02c01ca0 03c01ca0 
0000a840: 04001ca0 05001ca0 04401ca0 05401ca0 
0000a850: 06001ca0 07001ca0 06401ca0 07401ca0 
0000a860: 04801ca0 05801ca0 04c01ca0 05c01ca0 
0000a870: 06801ca0 07801ca0 06c01ca0 07c01ca0 
0000a880: 00001da0 01001da0 00401da0 01401da0 
0000a890: 02001da0 03001da0 02401da0 03401da0 
0000a8a0: 00801da0 01801da0 00c01da0 01c01da0 
0000a8b0: 02801da0 03801da0 02c01da0 03c01da0 
0000a8c0: 04001da0 05001da0 04401da0 05401da0 
0000a8d0: 06001da0 07001da0 06401da0 07401da0 
0000a8e0: 04801da0 05801da0 04c01da0 05c01da0 
0000a8f0: 06801da0 07801da0 06c01da0 07c01da0 
0000a900: 08001ca0 09001ca0 08401ca0 09401ca0 
0000a910: 0a001ca0 0b001ca0 0a401ca0 0b401ca0 
0000a920: 08801ca0 09801ca0 08c01ca0 09c01ca0 
0000a930: 0a801ca0 0b801ca0 0ac01ca0 0bc01ca0 
0000a940: 0c001ca0 0d001ca0 0c401ca0 0d401ca0 
0000a950: 0e001ca0 0f001ca0 0e401ca0 0f401ca0 
0000a960: 0c801ca0 0d801ca0 0cc01ca0 0dc01ca0 
0000a970: 0e801ca0 0f801ca0 0ec01ca0 0fc01ca0 
0000a980: 08001da0 09001da0 08401da0 09401da0 
0000a990: 0a001da0 0b001da0 0a401da0 0b401da0 
0000a9a0: 08801da0 09801da0 08c01da0 09c01da0 
0000a9b0: 0a801da0 0b801da0 0ac01da0 0bc01da0 
0000a9c0: 0c001da0 0d001da0 0c401da0 0d401da0 
0000a9d0: 0e001da0 0f001da0 0e401da0 0f401da0 
0000a9e0: 0c801da0 0d801da0 0cc01da0 0dc01da0 
0000a9f0: 0e801da0 0f801da0 0ec01da0 0fc01da0 
0000aa00: 00001ea0 01001ea0 00401ea0 01401ea0 
0000aa10: 02001ea0 03001ea0 02401ea0 03401ea0 
0000aa20: 00801ea0 01801ea0 00c01ea0 01c01ea0 
0000aa30: 02801ea0 03801ea0 02c01ea0 03c01ea0 
0000aa40: 04001ea0 05001ea0 04401ea0 05401ea0 
0000aa50: 06001ea0 07001ea0 06401ea0 07401ea0 
0000aa60: 04801ea0 05801ea0 04c01ea0 05c01ea0 
0000aa70: 06801ea0 07801ea0 06c01ea0 07c01ea0 
0000aa80: 00001fa0 01001fa0 00401fa0 01401fa0 
0000aa90: 02001fa0 03001fa0 02401fa0 03401fa0 
0000aaa0: 00801fa0 01801fa0 00c01fa0 01c01fa0 
0000aab0: 02801fa0 03801fa0 02c01fa0 03c01fa0 
0000aac0: 04001fa0 05001fa0 04401fa0 05401fa0 
0000aad0: 06001fa0 07001fa0 06401fa0 07401fa0 
0000aae0: 04801fa0 05801fa0 04c01fa0 05c01fa0 
0000aaf0: 06801fa0 07801fa0 06c01fa0 07c01fa0 
0000ab00: 08001ea0 09001ea0 08401ea0 09401ea0 
0000ab10: 0a001ea0 0b001ea0 0a401ea0 0b401ea0 
0000ab20: 08801ea0 09801ea0 08c01ea0 09c01ea0 
0000ab30: 0a801ea0 0b801ea0 0ac01ea0 0bc01ea0 
0000ab40: 0c001ea0 0d001ea0 0c401ea0 0d401ea0 
0000ab50: 0e001ea0 0f001ea0 0e401ea0 0f401ea0 
0000ab60: 0c801ea0 0d801ea0 0cc01ea0 0dc01ea0 
0000ab70: 0e801ea0 0f801ea0 0ec01ea0 0fc01ea0 
0000ab80: 08001fa0 09001fa0 08401fa0 09401fa0 
0000ab90: 0a001fa0 0b001fa0 0a401fa0 0b401fa0 
0000aba0: 08801fa0 09801fa0 08c01fa0 09c01fa0 
0000abb0: 0a801fa0 0b801fa0 0ac01fa0 0bc01fa0 
0000abc0: 0c001fa0 0d001fa0 0c401fa0 0d401fa0 
0000abd0: 0e001fa0 0f001fa0 0e401fa0 0f401fa0 
0000abe0: 0c801fa0 0d801fa0 0cc01fa0 0dc01fa0 
0000abf0: 0e801fa0 0f801fa0 0ec01fa0 0fc01fa0 
0000ac00: 10001ca0 11001ca0 10401ca0 11401ca0 
0000ac10: 12001ca0 13001ca0 12401ca0 13401ca0 
0000ac20: 10801ca0 11801ca0 10c01ca0 11c01ca0 
0000ac30: 12801ca0 13801ca0 12c01ca0 13c01ca0 
0000ac40: 14001ca0 15001ca0 14401ca0 15401ca0 
0000ac50: 16001ca0 17001ca0 16401ca0 17401ca0 
0000ac60: 14801ca0 15801ca0 14c01ca0 15c01ca0 
0000ac70: 16801ca0 17801ca0 16c01ca0 17c01ca0 
0000ac80: 10001da0 11001da0 10401da0 11401da0 
0000ac90: 12001da0 13001da0 12401da0 13401da0 
0000aca0: 10801da0 11801da0 10c01da0 11c01da0 
0000acb0: 12801da0 13801da0 12c01da0 13c01da0 
0000acc0: 14001da0 15001da0 14401da0 15401da0 
0000acd0: 16001da0 17001da0 16401da0 17401da0 
0000ace0: 14801da0 15801da0 14c01da0 15c01da0 
0000acf0: 16801da0 17801da0 16c01da0 17c01da0 
0000ad00: 18001ca0 19001ca0 18401ca0 19401ca0 
0000ad10: 1a001ca0 1b001ca0 1a401ca0 1b401ca0 
0000ad20: 18801ca0 19801ca0 18c01ca0 19c01ca0 
0000ad30: 1a801ca0 1b801ca0 1ac01ca0 1bc01ca0 
0000ad40: 1c001ca0 1d001ca0 1c401ca0 1d401ca0 
0000ad50: 1e001ca0 1f001ca0 1e401ca0 1f401ca0 
0000ad60: 1c801ca0 1d801ca0 1cc01ca0 1dc01ca0 
0000ad70: 1e801ca0 1f801ca0 1ec01ca0 1fc01ca0 
0000ad80: 18001da0 19001da0 18401da0 19401da0 
0000ad90: 1a001da0 1b001da0 1a401da0 1b401da0 
0000ada0: 18801da0 19801da0 18c01da0 19c01da0 
0000adb0: 1a801da0 1b801da0 1ac01da0 1bc01da0 
0000adc0: 1c001da0 1d001da0 1c401da0 1d401da0 
0000add0: 1e001da0 1f001da0 1e401da0 1f401da0 
0000ade0: 1c801da0 1d801da0 1cc01da0 1dc01da0 
0000adf0: 1e801da0 1f801da0 1ec01da0 1fc01da0 
0000ae00: 10001ea0 11001ea0 10401ea0 11401ea0 
0000ae10: 12001ea0 13001ea0 12401ea0 13401ea0 
0000ae20: 10801ea0 11801ea0 10c01ea0 11c01ea0 
0000ae30: 12801ea0 13801ea0 12c01ea0 13c01ea0 
0000ae40: 14001ea0 15001ea0 14401ea0 15401ea0 
0000ae50: 16001ea0 17001ea0 16401ea0 17401ea0 
0000ae60: 14801ea0 15801ea0 14c01ea0 15c01ea0 
0000ae70: 16801ea0 17801ea0 16c01ea0 17c01ea0 
0000ae80: 10001fa0 11001fa0 10401fa0 11401fa0 
0000ae90: 12001fa0 13001fa0 12401fa0 13401fa0 
0000aea0: 10801fa0 11801fa0 10c01fa0 11c01fa0 
0000aeb0: 12801fa0 13801fa0 12c01fa0 13c01fa0 
0000aec0: 14001fa0 15001fa0 14401fa0 15401fa0 
0000aed0: 16001fa0 17001fa0 16401fa0 17401fa0 
0000aee0: 14801fa0 15801fa0 14c01fa0 15c01fa0 
0000aef0: 16801fa0 17801fa0 16c01fa0 17c01fa0 
0000af00: 18001ea0 19001ea0 18401ea0 19401ea0 
0000af10: 1a001ea0 1b001ea0 1a401ea0 1b401ea0 
0000af20: 18801ea0 19801ea0 18c01ea0 19c01ea0 
0000af30: 1a801ea0 1b801ea0 1ac01ea0 1bc01ea0 
0000af40: 1c001ea0 1d001ea0 1c401ea0 1d401ea0 
0000af50: 1e001ea0 1f001ea0 1e401ea0 1f401ea0 
0000af60: 1c801ea0 1d801ea0 1cc01ea0 1dc01ea0 
0000af70: 1e801ea0 1f801ea0 1ec01ea0 1fc01ea0 
0000af80: 18001fa0 19001fa0 18401fa0 19401fa0 
0000af90: 1a001fa0 1b001fa0 1a401fa0 1b401fa0 
0000afa0: 18801fa0 19801fa0 18c01fa0 19c01fa0 
0000afb0: 1a801fa0 1b801fa0 1ac01fa0 1bc01fa0 
0000afc0: 1c001fa0 1d001fa0 1c401fa0 1d401fa0 
0000afd0: 1e001fa0 1f001fa0 1e401fa0 1f401fa0 
0000afe0: 1c801fa0 1d801fa0 1cc01fa0 1dc01fa0 
0000aff0: 1e801fa0 1f801fa0 1ec01fa0 1fc01fa0 
0000b000: 200018a0 210018a0 204018a0 214018a0 
0000b010: 220018a0 230018a0 224018a0 234018a0 
0000b020: 208018a0 218018a0 20c018a0 21c018a0 
0000b030: 228018a0 238018a0 22c018a0 23c018a0 
0000b040: 240018a0 250018a0 244018a0 254018a0 
0000b050: 260018a0 270018a0 264018a0 274018a0 
0000b060: 248018a0 258018a0 24c018a0 25c018a0 
0000b070: 268018a0 278018a0 26c018a0 27c018a0 
0000b080: 200019a0 210019a0 204019a0 214019a0 
0000b090: 220019a0 230019a0 224019a0 234019a0 
0000b0a0: 208019a0 218019a0 20c019a0 21c019a0 
0000b0b0: 228019a0 238019a0 22c019a0 23c019a0 
0000b0c0: 240019a0 250019a0 244019a0 254019a0 
0000b0d0: 260019a0 270019a0 264019a0 274019a0 
0000b0e0: 248019a0 258019a0 24c019a0 25c019a0 
0000b0f0: 268019a0 278019a0 26c019a0 27c019a0 
0000b100: 280018a0 290018a0 284018a0 294018a0 
0000b110: 2a0018a0 2b0018a0 2a4018a0 2b4018a0 
0000b120: 288018a0 298018a0 28c018a0 29c018a0 
0000b130: 2a8018a0 2b8018a0 2ac018a0 2bc018a0 
0000b140: 2c0018a0 2d0018a0 2c4018a0 2d4018a0 
0000b150: 2e0018a0 2f0018a0 2e4018a0 2f4018a0 
0000b160: 2c8018a0 2d8018a0 2cc018a0 2dc018a0 
0000b170: 2e8018a0 2f8018a0 2ec018a0 2fc018a0 
0000b180: 280019a0 290019a0 284019a0 294019a0 
0000b190: 2a0019a0 2b0019a0 2a4019a0 2b4019a0 
0000b1a0: 288019a0 298019a0 28c019a0 29c019a0 
0000b1b0: 2a8019a0 2b8019a0 2ac019a0 2bc019a0 
0000b1c0: 2c0019a0 2d0019a0 2c4019a0 2d4019a0 
0000b1d0: 2e0019a0 2f0019a0 2e4019a0 2f4019a0 
0000b1e0: 2c8019a0 2d8019a0 2cc019a0 2dc019a0 
0000b1f0: 2e8019a0 2f8019a0 2ec019a0 2fc019a0 
0000b200: 20001aa0 21001aa0 20401aa0 21401aa0 
0000b210: 22001aa0 23001aa0 22401aa0 23401aa0 
0000b220: 20801aa0 21801aa0 20c01aa0 21c01aa0 
0000b230: 22801aa0 23801aa0 22c01aa0 23c01aa0 
0000b240: 24001aa0 25001aa0 24401aa0 25401aa0 
0000b250: 26001aa0 27001aa0 26401aa0 27401aa0 
0000b260: 24801aa0 25801aa0 24c01aa0 25c01aa0 
0000b270: 26801aa0 27801aa0 26c01aa0 27c01aa0 
0000b280: 20001ba0 21001ba0 20401ba0 21401ba0 
0000b290: 22001ba0 23001ba0 22401ba0 23401ba0 
0000b2a0: 20801ba0 21801ba0 20c01ba0 21c01ba0 
0000b2b0: 22801ba0 23801ba0 22c01ba0 23c01ba0 
0000b2c0: 24001ba0 25001ba0 24401ba0 25401ba0 
0000b2d0: 26001ba0 27001ba0 26401ba0 27401ba0 
0000b2e0: 24801ba0 25801ba0 24c01ba0 25c01ba0 
0000b2f0: 26801ba0 27801ba0 26c01ba0 27c01ba0 
0000b300: 28001aa0 29001aa0 28401aa0 29401aa0 
0000b310: 2a001aa0 2b001aa0 2a401aa0 2b401aa0 
0000b320: 28801aa0 29801aa0 28c01aa0 29c01aa0 
0000b330: 2a801aa0 2b801aa0 2ac01aa0 2bc01aa0 
0000b340: 2c001aa0 2d001aa0 2c401aa0 2d401aa0 
0000b350: 2e001aa0 2f001aa0 2e401aa0 2f401aa0 
0000b360: 2c801aa0 2d801aa0 2cc01aa0 2dc01aa0 
0000b370: 2e801aa0 2f801aa0 2ec01aa0 2fc01aa0 
0000b380: 28001ba0 29001ba0 28401ba0 29401ba0 
0000b390: 2a001ba0 2b001ba0 2a401ba0 2b401ba0 
0000b3a0: 28801ba0 29801ba0 28c01ba0 29c01ba0 
0000b3b0: 2a801ba0 2b801ba0 2ac01ba0 2bc01ba0 
0000b3c0: 2c001ba0 2d001ba0 2c401ba0 2d401ba0 
0000b3d0: 2e001ba0 2f001ba0 2e401ba0 2f401ba0 
0000b3e0: 2c801ba0 2d801ba0 2cc01ba0 2dc01ba0 
0000b3f0: 2e801ba0 2f801ba0 2ec01ba0 2fc01ba0 
0000b400: 300018a0 310018a0 304018a0 314018a0 
0000b410: 320018a0 330018a0 324018a0 334018a0 
0000b420: 308018a0 318018a0 30c018a0 31c018a0 
0000b430: 328018a0 338018a0 32c018a0 33c018a0 
0000b440: 340018a0 350018a0 344018a0 354018a0 
0000b450: 360018a0 370018a0 364018a0 374018a0 
0000b460: 348018a0 358018a0 34c018a0 35c018a0 
0000b470: 368018a0 378018a0 36c018a0 37c018a0 
0000b480: 300019a0 310019a0 304019a0 314019a0 
0000b490: 320019a0 330019a0 324019a0 334019a0 
0000b4a0: 308019a0 318019a0 30c019a0 31c019a0 
0000b4b0: 328019a0 338019a0 32c019a0 33c019a0 
0000b4c0: 340019a0 350019a0 344019a0 354019a0 
0000b4d0: 360019a0 370019a0 364019a0 374019a0 
0000b4e0: 348019a0 358019a0 34c019a0 35c019a0 
0000b4f0: 368019a0 378019a0 36c019a0 37c019a0 
0000b500: 380018a0 390018a0 384018a0 394018a0 
0000b510: 3a0018a0 3b0018a0 3a4018a0 3b4018a0 
0000b520: 388018a0 398018a0 38c018a0 39c018a0 
0000b530: 3a8018a0 3b8018a0 3ac018a0 3bc018a0 
0000b540: 3c0018a0 3d0018a0 3c4018a0 3d4018a0 
0000b550: 3e0018a0 3f0018a0 3e4018a0 3f4018a0 
0000b560: 3c8018a0 3d8018a0 3cc018a0 3dc018a0 
0000b570: 3e8018a0 3f8018a0 3ec018a0 3fc018a0 
0000b580: 380019a0 390019a0 384019a0 394019a0 
0000b590: 3a0019a0 3b0019a0 3a4019a0 3b4019a0 
0000b5a0: 388019a0 398019a0 38c019a0 39c019a0 
0000b5b0: 3a8019a0 3b8019a0 3ac019a0 3bc019a0 
0000b5c0: 3c0019a0 3d0019a0 3c4019a0 3d4019a0 
0000b5d0: 3e0019a0 3f0019a0 3e4019a0 3f4019a0 
0000b5e0: 3c8019a0 3d8019a0 3cc019a0 3dc019a0 
0000b5f0: 3e8019a0 3f8019a0 3ec019a0 3fc019a0 
0000b600: 30001aa0 31001aa0 30401aa0 31401aa0 
0000b610: 32001aa0 33001aa0 32401aa0 33401aa0 
0000b620: 30801aa0 31801aa0 30c01aa0 31c01aa0 
0000b630: 32801aa0 33801aa0 32c01aa0 33c01aa0 
0000b640: 34001aa0 35001aa0 34401aa0 35401aa0 
0000b650: 36001aa0 37001aa0 36401aa0 37401aa0 
0000b660: 34801aa0 35801aa0 34c01aa0 35c01aa0 
0000b670: 36801aa0 37801aa0 36c01aa0 37c01aa0 
0000b680: 30001ba0 31001ba0 30401ba0 31401ba0 
0000b690: 32001ba0 33001ba0 32401ba0 33401ba0 
0000b6a0: 30801ba0 31801ba0 30c01ba0 31c01ba0 
0000b6b0: 32801ba0 33801ba0 32c01ba0 33c01ba0 
0000b6c0: 34001ba0 35001ba0 34401ba0 35401ba0 
0000b6d0: 36001ba0 37001ba0 36401ba0 37401ba0 
0000b6e0: 34801ba0 35801ba0 34c01ba0 35c01ba0 
0000b6f0: 36801ba0 37801ba0 36c01ba0 37c01ba0 
0000b700: 38001aa0 39001aa0 38401aa0 39401aa0 
0000b710: 3a001aa0 3b001aa0 3a401aa0 3b401aa0 
0000b720: 38801aa0 39801aa0 38c01aa0 39c01aa0 
0000b730: 3a801aa0 3b801aa0 3ac01aa0 3bc01aa0 
0000b740: 3c001aa0 3d001aa0 3c401aa0 3d401aa0 
0000b750: 3e001aa0 3f001aa0 3e401aa0 3f401aa0 
0000b760: 3c801aa0 3d801aa0 3cc01aa0 3dc01aa0 
0000b770: 3e801aa0 3f801aa0 3ec01aa0 3fc01aa0 
0000b780: 38001ba0 39001ba0 38401ba0 39401ba0 
0000b790: 3a001ba0 3b001ba0 3a401ba0 3b401ba0 
0000b7a0: 38801ba0 39801ba0 38c01ba0 39c01ba0 
0000b7b0: 3a801ba0 3b801ba0 3ac01ba0 3bc01ba0 
0000b7c0: 3c001ba0 3d001ba0 3c401ba0 3d401ba0 
0000b7d0: 3e001ba0 3f001ba0 3e401ba0 3f401ba0 
0000b7e0: 3c801ba0 3d801ba0 3cc01ba0 3dc01ba0 
0000b7f0: 3e801ba0 3f801ba0 3ec01ba0 3fc01ba0 
0000b800: 20001ca0 21001ca0 20401ca0 21401ca0 
0000b810: 22001ca0 23001ca0 22401ca0 23401ca0 
0000b820: 20801ca0 21801ca0 20c01ca0 21c01ca0 
0000b830: 22801ca0 23801ca0 22c01ca0 23c01ca0 
0000b840: 24001ca0 25001ca0 24401ca0 25401ca0 
0000b850: 26001ca0 27001ca0 26401ca0 27401ca0 
0000b860: 24801ca0 25801ca0 24c01ca0 25c01ca0 
0000b870: 26801ca0 27801ca0 26c01ca0 27c01ca0 
0000b880: 20001da0 21001da0 20401da0 21401da0 
0000b890: 22001da0 23001da0 22401da0 23401da0 
0000b8a0: 20801da0 21801da0 20c01da0 21c01da0 
0000b8b0: 22801da0 23801da0 22c01da0 23c01da0 
0000b8c0: 24001da0 25001da0 24401da0 25401da0 
0000b8d0: 26001da0 27001da0 26401da0 27401da0 
0000b8e0: 24801da0 25801da0 24c01da0 25c01da0 
0000b8f0: 26801da0 27801da0 26c01da0 27c01da0 
0000b900: 28001ca0 29001ca0 28401ca0 29401ca0 
0000b910: 2a001ca0 2b001ca0 2a401ca0 2b401ca0 
0000b920: 28801ca0 29801ca0 28c01ca0 29c01ca0 
0000b930: 2a801ca0 2b801ca0 2ac01ca0 2bc01ca0 
0000b940: 2c001ca0 2d001ca0 2c401ca0 2d401ca0 
0000b950: 2e001ca0 2f001ca0 2e401ca0 2f401ca0 
0000b960: 2c801ca0 2d801ca0 2cc01ca0 2dc01ca0 
0000b970: 2e801ca0 2f801ca0 2ec01ca0 2fc01ca0 
0000b980: 28001da0 29001da0 28401da0 29401da0 
0000b990: 2a001da0 2b001da0 2a401da0 2b401da0 
0000b9a0: 28801da0 29801da0 28c01da0 29c01da0 
0000b9b0: 2a801da0 2b801da0 2ac01da0 2bc01da0 
0000b9c0: 2c001da0 2d001da0 2c401da0 2d401da0 
0000b9d0: 2e001da0 2f001da0 2e401da0 2f401da0 
0000b9e0: 2c801da0 2d801da0 2cc01da0 2dc01da0 
0000b9f0: 2e801da0 2f801da0 2ec01da0 2fc01da0 
0000ba00: 20001ea0 21001ea0 20401ea0 21401ea0 
0000ba10: 22001ea0 23001ea0 22401ea0 23401ea0 
0000ba20: 20801ea0 21801ea0 20c01ea0 21c01ea0 
0000ba30: 22801ea0 23801ea0 22c01ea0 23c01ea0 
0000ba40: 24001ea0 25001ea0 24401ea0 25401ea0 
0000ba50: 26001ea0 27001ea0 26401ea0 27401ea0 
0000ba60: 24801ea0 25801ea0 24c01ea0 25c01ea0 
0000ba70: 26801ea0 27801ea0 26c01ea0 27c01ea0 
0000ba80: 20001fa0 21001fa0 20401fa0 21401fa0 
0000ba90: 22001fa0 23001fa0 22401fa0 23401fa0 
0000baa0: 20801fa0 21801fa0 20c01fa0 21c01fa0 
0000bab0: 22801fa0 23801fa0 22c01fa0 23c01fa0 
0000bac0: 24001fa0 25001fa0 24401fa0 25401fa0 
0000bad0: 26001fa0 27001fa0 26401fa0 27401fa0 
0000bae0: 24801fa0 25801fa0 24c01fa0 25c01fa0 
0000baf0: 26801fa0 27801fa0 26c01fa0 27c01fa0 
0000bb00: 28001ea0 29001ea0 28401ea0 29401ea0 
0000bb10: 2a001ea0 2b001ea0 2a401ea0 2b401ea0 
0000bb20: 28801ea0 29801ea0 28c01ea0 29c01ea0 
0000bb30: 2a801ea0 2b801ea0 2ac01ea0 2bc01ea0 
0000bb40: 2c001ea0 2d001ea0 2c401ea0 2d401ea0 
0000bb50: 2e001ea0 2f001ea0 2e401ea0 2f401ea0 
0000bb60: 2c801ea0 2d801ea0 2cc01ea0 2dc01ea0 
0000bb70: 2e801ea0 2f801ea0 2ec01ea0 2fc01ea0 
0000bb80: 28001fa0 29001fa0 28401fa0 29401fa0 
0000bb90: 2a001fa0 2b001fa0 2a401fa0 2b401fa0 
0000bba0: 28801fa0 29801fa0 28c01fa0 29c01fa0 
0000bbb0: 2a801fa0 2b801fa0 2ac01fa0 2bc01fa0 
0000bbc0: 2c001fa0 2d001fa0 2c401fa0 2d401fa0 
0000bbd0: 2e001fa0 2f001fa0 2e401fa0 2f401fa0 
0000bbe0: 2c801fa0 2d801fa0 2cc01fa0 2dc01fa0 
0000bbf0: 2e801fa0 2f801fa0 2ec01fa0 2fc01fa0 
0000bc00: 30001ca0 31001ca0 30401ca0 31401ca0 
0000bc10: 32001ca0 33001ca0 32401ca0 33401ca0 
0000bc20: 30801ca0 31801ca0 30c01ca0 31c01ca0 
0000bc30: 32801ca0 33801ca0 32c01ca0 33c01ca0 
0000bc40: 34001ca0 35001ca0 34401ca0 35401ca0 
0000bc50: 36001ca0 37001ca0 36401ca0 37401ca0 
0000bc60: 34801ca0 35801ca0 34c01ca0 35c01ca0 
0000bc70: 36801ca0 37801ca0 36c01ca0 37c01ca0 
0000bc80: 30001da0 31001da0 30401da0 31401da0 
0000bc90: 32001da0 33001da0 32401da0 33401da0 
0000bca0: 30801da0 31801da0 30c01da0 31c01da0 
0000bcb0: 32801da0 33801da0 32c01da0 33c01da0 
0000bcc0: 34001da0 35001da0 34401da0 35401da0 
0000bcd0: 36001da0 37001da0 36401da0 37401da0 
0000bce0: 34801da0 35801da0 34c01da0 35c01da0 
0000bcf0: 36801da0 37801da0 36c01da0 37c01da0 
0000bd00: 38001ca0 39001ca0 38401ca0 39401ca0 
0000bd10: 3a001ca0 3b001ca0 3a401ca0 3b401ca0 
0000bd20: 38801ca0 39801ca0 38c01ca0 39c01ca0 
0000bd30: 3a801ca0 3b801ca0 3ac01ca0 3bc01ca0 
0000bd40: 3c001ca0 3d001ca0 3c401ca0 3d401ca0 
0000bd50: 3e001ca0 3f001ca0 3e401ca0 3f401ca0 
0000bd60: 3c801ca0 3d801ca0 3cc01ca0 3dc01ca0 
0000bd70: 3e801ca0 3f801ca0 3ec01ca0 3fc01ca0 
0000bd80: 38001da0 39001da0 38401da0 39401da0 
0000bd90: 3a001da0 3b001da0 3a401da0 3b401da0 
0000bda0: 38801da0 39801da0 38c01da0 39c01da0 
0000bdb0: 3a801da0 3b801da0 3ac01da0 3bc01da0 
0000bdc0: 3c001da0 3d001da0 3c401da0 3d401da0 
0000bdd0: 3e001da0 3f001da0 3e401da0 3f401da0 
0000bde0: 3c801da0 3d801da0 3cc01da0 3dc01da0 
0000bdf0: 3e801da0 3f801da0 3ec01da0 3fc01da0 
0000be00: 30001ea0 31001ea0 30401ea0 31401ea0 
0000be10: 32001ea0 33001ea0 32401ea0 33401ea0 
0000be20: 30801ea0 31801ea0 30c01ea0 31c01ea0 
0000be30: 32801ea0 33801ea0 32c01ea0 33c01ea0 
0000be40: 34001ea0 35001ea0 34401ea0 35401ea0 
0000be50: 36001ea0 37001ea0 36401ea0 37401ea0 
0000be60: 34801ea0 35801ea0 34c01ea0 35c01ea0 
0000be70: 36801ea0 37801ea0 36c01ea0 37c01ea0 
0000be80: 30001fa0 31001fa0 30401fa0 31401fa0 
0000be90: 32001fa0 33001fa0 32401fa0 33401fa0 
0000bea0: 30801fa0 31801fa0 30c01fa0 31c01fa0 
0000beb0: 32801fa0 33801fa0 32c01fa0 33c01fa0 
0000bec0: 34001fa0 35001fa0 34401fa0 35401fa0 
0000bed0: 36001fa0 37001fa0 36401fa0 37401fa0 
0000bee0: 34801fa0 35801fa0 34c01fa0 35c01fa0 
0000bef0: 36801fa0 37801fa0 36c01fa0 37c01fa0 
0000bf00: 38001ea0 39001ea0 38401ea0 39401ea0 
0000bf10: 3a001ea0 3b001ea0 3a401ea0 3b401ea0 
0000bf20: 38801ea0 39801ea0 38c01ea0 39c01ea0 
0000bf30: 3a801ea0 3b801ea0 3ac01ea0 3bc01ea0 
0000bf40: 3c001ea0 3d001ea0 3c401ea0 3d401ea0 
0000bf50: 3e001ea0 3f001ea0 3e401ea0 3f401ea0 
0000bf60: 3c801ea0 3d801ea0 3cc01ea0 3dc01ea0 
0000bf70: 3e801ea0 3f801ea0 3ec01ea0 3fc01ea0 
0000bf80: 38001fa0 39001fa0 38401fa0 39401fa0 
0000bf90: 3a001fa0 3b001fa0 3a401fa0 3b401fa0 
0000bfa0: 38801fa0 39801fa0 38c01fa0 39c01fa0 
0000bfb0: 3a801fa0 3b801fa0 3ac01fa0 3bc01fa0 
0000bfc0: 3c001fa0 3d001fa0 3c401fa0 3d401fa0 
0000bfd0: 3e001fa0 3f001fa0 3e401fa0 3f401fa0 
0000bfe0: 3c801fa0 3d801fa0 3cc01fa0 3dc01fa0 
0000bff0: 3e801fa0 3f801fa0 3ec01fa0 3fc01fa0 
0000c000: 400010a0 410010a0 404010a0 414010a0 
0000c010: 420010a0 430010a0 424010a0 434010a0 
0000c020: 408010a0 418010a0 40c010a0 41c010a0 
0000c030: 428010a0 438010a0 42c010a0 43c010a0 
0000c040: 440010a0 450010a0 444010a0 454010a0 
0000c050: 460010a0 470010a0 464010a0 474010a0 
0000c060: 448010a0 458010a0 44c010a0 45c010a0 
0000c070: 468010a0 478010a0 46c010a0 47c010a0 
0000c080: 400011a0 410011a0 404011a0 414011a0 
0000c090: 420011a0 430011a0 424011a0 434011a0 
0000c0a0: 408011a0 418011a0 40c011a0 41c011a0 
0000c0b0: 428011a0 438011a0 42c011a0 43c011a0 
0000c0c0: 440011a0 450011a0 444011a0 454011a0 
0000c0d0: 460011a0 470011a0 464011a0 474011a0 
0000c0e0: 448011a0 458011a0 44c011a0 45c011a0 
0000c0f0: 468011a0 478011a0 46c011a0 47c011a0 
0000c100: 480010a0 490010a0 484010a0 494010a0 
0000c110: 4a0010a0 4b0010a0 4a4010a0 4b4010a0 
0000c120: 488010a0 498010a0 48c010a0 49c010a0 
0000c130: 4a8010a0 4b8010a0 4ac010a0 4bc010a0 
0000c140: 4c0010a0 4d0010a0 4c4010a0 4d4010a0 
0000c150: 4e0010a0 4f0010a0 4e4010a0 4f4010a0 
0000c160: 4c8010a0 4d8010a0 4cc010a0 4dc010a0 
0000c170: 4e8010a0 4f8010a0 4ec010a0 4fc010a0 
0000c180: 480011a0 490011a0 484011a0 494011a0 
0000c190: 4a0011a0 4b0011a0 4a4011a0 4b4011a0 
0000c1a0: 488011a0 498011a0 48c011a0 49c011a0 
0000c1b0: 4a8011a0 4b8011a0 4ac011a0 4bc011a0 
0000c1c0: 4c0011a0 4d0011a0 4c4011a0 4d4011a0 
0000c1d0: 4e0011a0 4f0011a0 4e4011a0 4f4011a0 
0000c1e0: 4c8011a0 4d8011a0 4cc011a0 4dc011a0 
0000c1f0: 4e8011a0 4f8011a0 4ec011a0 4fc011a0 
0000c200: 400012a0 410012a0 404012a0 414012a0 
0000c210: 420012a0 430012a0 424012a0 434012a0 
0000c220: 408012a0 418012a0 40c012a0 41c012a0 
0000c230: 428012a0 438012a0 42c012a0 43c012a0 
0000c240: 440012a0 450012a0 444012a0 454012a0 
0000c250: 460012a0 470012a0 464012a0 474012a0 
0000c260: 448012a0 458012a0 44c012a0 45c012a0 
0000c270: 468012a0 478012a0 46c012a0 47c012a0 
0000c280: 400013a0 410013a0 404013a0 414013a0 
0000c290: 420013a0 430013a0 424013a0 434013a0 
0000c2a0: 408013a0 418013a0 40c013a0 41c013a0 
0000c2b0: 428013a0 438013a0 42c013a0 43c013a0 
0000c2c0: 440013a0 450013a0 444013a0 454013a0 
0000c2d0: 460013a0 470013a0 464013a0 474013a0 
0000c2e0: 448013a0 458013a0 44c013a0 45c013a0 
0000c2f0: 468013a0 478013a0 46c013a0 47c013a0 
0000c300: 480012a0 490012a0 484012a0 494012a0 
0000c310: 4a0012a0 4b0012a0 4a4012a0 4b4012a0 
0000c320: 488012a0 498012a0 48c012a0 49c012a0 
0000c330: 4a8012a0 4b8012a0 4ac012a0 4bc012a0 
0000c340: 4c0012a0 4d0012a0 4c4012a0 4d4012a0 
0000c350: 4e0012a0 4f0012a0 4e4012a0 4f4012a0 
0000c360: 4c8012a0 4d8012a0 4cc012a0 4dc012a0 
0000c370: 4e8012a0 4f8012a0 4ec012a0 4fc012a0 
0000c380: 480013a0 490013a0 484013a0 494013a0 
0000c390: 4a0013a0 4b0013a0 4a4013a0 4b4013a0 
0000c3a0: 488013a0 498013a0 48c013a0 49c013a0 
0000c3b0: 4a8013a0 4b8013a0 4ac013a0 4bc013a0 
0000c3c0: 4c0013a0 4d0013a0 4c4013a0 4d4013a0 
0000c3d0: 4e0013a0 4f0013a0 4e4013a0 4f4013a0 
0000c3e0: 4c8013a0 4d8013a0 4cc013a0 4dc013a0 
0000c3f0: 4e8013a0 4f8013a0 4ec013a0 4fc013a0 
0000c400: 500010a0 510010a0 504010a0 514010a0 
0000c410: 520010a0 530010a0 524010a0 534010a0 
0000c420: 508010a0 518010a0 50c010a0 51c010a0 
0000c430: 528010a0 538010a0 52c010a0 53c010a0 
0000c440: 540010a0 550010a0 544010a0 554010a0 
0000c450: 560010a0 570010a0 564010a0 574010a0 
0000c460: 548010a0 558010a0 54c010a0 55c010a0 
0000c470: 568010a0 578010a0 56c010a0 57c010a0 
0000c480: 500011a0 510011a0 504011a0 514011a0 
0000c490: 520011a0 530011a0 524011a0 534011a0 
0000c4a0: 508011a0 518011a0 50c011a0 51c011a0 
0000c4b0: 528011a0 538011a0 52c011a0 53c011a0 
0000c4c0: 540011a0 550011a0 544011a0 554011a0 
0000c4d0: 560011a0 570011a0 564011a0 574011a0 
0000c4e0: 548011a0 558011a0 54c011a0 55c011a0 
0000c4f0: 568011a0 578011a0 56c011a0 57c011a0 
0000c500: 580010a0 590010a0 584010a0 594010a0 
0000c510: 5a0010a0 5b0010a0 5a4010a0 5b4010a0 
0000c520: 588010a0 598010a0 58c010a0 59c010a0 
0000c530: 5a8010a0 5b8010a0 5ac010a0 5bc010a0 
0000c540: 5c0010a0 5d0010a0 5c4010a0 5d4010a0 
0000c550: 5e0010a0 5f0010a0 5e4010a0 5f4010a0 
0000c560: 5c8010a0 5d8010a0 5cc010a0 5dc010a0 
0000c570: 5e8010a0 5f8010a0 5ec010a0 5fc010a0 
0000c580: 580011a0 590011a0 584011a0 594011a0 
0000c590: 5a0011a0 5b0011a0 5a4011a0 5b4011a0 
0000c5a0: 588011a0 598011a0 58c011a0 59c011a0 
0000c5b0: 5a8011a0 5b8011a0 5ac011a0 5bc011a0 
0000c5c0: 5c0011a0 5d0011a0 5c4011a0 5d4011a0 
0000c5d0: 5e0011a0 5f0011a0 5e4011a0 5f4011a0 
0000c5e0: 5c8011a0 5d8011a0 5cc011a0 5dc011a0 
0000c5f0: 5e8011a0 5f8011a0 5ec011a0 5fc011a0 
0000c600: 500012a0 510012a0 504012a0 514012a0 
0000c610: 520012a0 530012a0 524012a0 534012a0 
0000c620: 508012a0 518012a0 50c012a0 51c012a0 
0000c630: 528012a0 538012a0 52c012a0 53c012a0 
0000c640: 540012a0 550012a0 544012a0 554012a0 
0000c650: 560012a0 570012a0 564012a0 574012a0 
0000c660: 548012a0 558012a0 54c012a0 55c012a0 
0000c670: 568012a0 578012a0 56c012a0 57c012a0 
0000c680: 500013a0 510013a0 504013a0 514013a0 
0000c690: 520013a0 530013a0 524013a0 534013a0 
0000c6a0: 508013a0 518013a0 50c013a0 51c013a0 
0000c6b0: 528013a0 538013a0 52c013a0 53c013a0 
0000c6c0: 540013a0 550013a0 544013a0 554013a0 
0000c6d0: 560013a0 570013a0 564013a0 574013a0 
0000c6e0: 548013a0 558013a0 54c013a0 55c013a0 
0000c6f0: 568013a0 578013a0 56c013a0 57c013a0 
0000c700: 580012a0 590012a0 584012a0 594012a0 
0000c710: 5a0012a0 5b0012a0 5a4012a0 5b4012a0 
0000c720: 588012a0 598012a0 58c012a0 59c012a0 
0000c730: 5a8012a0 5b8012a0 5ac012a0 5bc012a0 
0000c740: 5c0012a0 5d0012a0 5c4012a0 5d4012a0 
0000c750: 5e0012a0 5f0012a0 5e4012a0 5f4012a0 
0000c760: 5c8012a0 5d8012a0 5cc012a0 5dc012a0 
0000c770: 5e8012a0 5f8012a0 5ec012a0 5fc012a0 
0000c780: 580013a0 590013a0 584013a0 594013a0 
0000c790: 5a0013a0 5b0013a0 5a4013a0 5b4013a0 
0000c7a0: 588013a0 598013a0 58c013a0 59c013a0 
0000c7b0: 5a8013a0 5b8013a0 5ac013a0 5bc013a0 
0000c7c0: 5c0013a0 5d0013a0 5c4013a0 5d4013a0 
0000c7d0: 5e0013a0 5f0013a0 5e4013a0 5f4013a0 
0000c7e0: 5c8013a0 5d8013a0 5cc013a0 5dc013a0 
0000c7f0: 5e8013a0 5f8013a0 5ec013a0 5fc013a0 
0000c800: 400014a0 410014a0 404014a0 414014a0 
0000c810: 420014a0 430014a0 424014a0 434014a0 
0000c820: 408014a0 418014a0 40c014a0 41c014a0 
0000c830: 428014a0 438014a0 42c014a0 43c014a0 
0000c840: 440014a0 450014a0 444014a0 454014a0 
0000c850: 460014a0 470014a0 464014a0 474014a0 
0000c860: 448014a0 458014a0 44c014a0 45c014a0 
0000c870: 468014a0 478014a0 46c014a0 47c014a0 
0000c880: 400015a0 410015a0 404015a0 414015a0 
0000c890: 420015a0 430015a0 424015a0 434015a0 
0000c8a0: 408015a0 418015a0 40c015a0 41c015a0 
0000c8b0: 428015a0 438015a0 42c015a0 43c015a0 
0000c8c0: 440015a0 450015a0 444015a0 454015a0 
0000c8d0: 460015a0 470015a0 464015a0 474015a0 
0000c8e0: 448015a0 458015a0 44c015a0 45c015a0 
0000c8f0: 468015a0 478015a0 46c015a0 47c015a0 
0000c900: 480014a0 490014a0 484014a0 494014a0 
0000c910: 4a0014a0 4b0014a0 4a4014a0 4b4014a0 
0000c920: 488014a0 498014a0 48c014a0 49c014a0 
0000c930: 4a8014a0 4b8014a0 4ac014a0 4bc014a0 
0000c940: 4c0014a0 4d0014a0 4c4014a0 4d4014a0 
0000c950: 4e0014a0 4f0014a0 4e4014a0 4f4014a0 
0000c960: 4c8014a0 4d8014a0 4cc014a0 4dc014a0 
0000c970: 4e8014a0 4f8014a0 4ec014a0 4fc014a0 
0000c980: 480015a0 490015a0 484015a0 494015a0 
0000c990: 4a0015a0 4b0015a0 4a4015a0 4b4015a0 
0000c9a0: 488015a0 498015a0 48c015a0 49c015a0 
0000c9b0: 4a8015a0 4b8015a0 4ac015a0 4bc015a0 
0000c9c0: 4c0015a0 4d0015a0 4c4015a0 4d4015a0 
0000c9d0: 4e0015a0 4f0015a0 4e4015a0 4f4015a0 
0000c9e0: 4c8015a0 4d8015a0 4cc015a0 4dc015a0 
0000c9f0: 4e8015a0 4f8015a0 4ec015a0 4fc015a0 
0000ca00: 400016a0 410016a0 404016a0 414016a0 
0000ca10: 420016a0 430016a0 424016a0 434016a0 
0000ca20: 408016a0 418016a0 40c016a0 41c016a0 
0000ca30: 428016a0 438016a0 42c016a0 43c016a0 
0000ca40: 440016a0 450016a0 444016a0 454016a0 
0000ca50: 460016a0 470016a0 464016a0 474016a0 
0000ca60: 448016a0 458016a0 44c016a0 45c016a0 
0000ca70: 468016a0 478016a0 46c016a0 47c016a0 
0000ca80: 400017a0 410017a0 404017a0 414017a0 
0000ca90: 420017a0 430017a0 424017a0 434017a0 
0000caa0: 408017a0 418017a0 40c017a0 41c017a0 
0000cab0: 428017a0 438017a0 42c017a0 43c017a0 
0000cac0: 440017a0 450017a0 444017a0 454017a0 
0000cad0: 460017a0 470017a0 464017a0 474017a0 
0000cae0: 448017a0 458017a0 44c017a0 45c017a0 
0000caf0: 468017a0 478017a0 46c017a0 47c017a0 
0000cb00: 480016a0 490016a0 484016a0 494016a0 
0000cb10: 4a0016a0 4b0016a0 4a4016a0 4b4016a0 
0000cb20: 488016a0 498016a0 48c016a0 49c016a0 
0000cb30: 4a8016a0 4b8016a0 4ac016a0 4bc016a0 
0000cb40: 4c0016a0 4d0016a0 4c4016a0 4d4016a0 
0000cb50: 4e0016a0 4f0016a0 4e4016a0 4f4016a0 
0000cb60: 4c8016a0 4d8016a0 4cc016a0 4dc016a0 
0000cb70: 4e8016a0 4f8016a0 4ec016a0 4fc016a0 
0000cb80: 480017a0 490017a0 484017a0 494017a0 
0000cb90: 4a0017a0 4b0017a0 4a4017a0 4b4017a0 
0000cba0: 488017a0 498017a0 48c017a0 49c017a0 
0000cbb0: 4a8017a0 4b8017a0 4ac017a0 4bc017a0 
0000cbc0: 4c0017a0 4d0017a0 4c4017a0 4d4017a0 
0000cbd0: 4e0017a0 4f0017a0 4e4017a0 4f4017a0 
0000cbe0: 4c8017a0 4d8017a0 4cc017a0 4dc017a0 
0000cbf0: 4e8017a0 4f8017a0 4ec017a0 4fc017a0 
0000cc00: 500014a0 510014a0 504014a0 514014a0 
0000cc10: 520014a0 530014a0 524014a0 534014a0 
0000cc20: 508014a0 518014a0 50c014a0 51c014a0 
0000cc30: 528014a0 538014a0 52c014a0 53c014a0 
0000cc40: 540014a0 550014a0 544014a0 554014a0 
0000cc50: 560014a0 570014a0 564014a0 574014a0 
0000cc60: 548014a0 558014a0 54c014a0 55c014a0 
0000cc70: 568014a0 578014a0 56c014a0 57c014a0 
0000cc80: 500015a0 510015a0 504015a0 514015a0 
0000cc90: 520015a0 530015a0 524015a0 534015a0 
0000cca0: 508015a0 518015a0 50c015a0 51c015a0 
0000ccb0: 528015a0 538015a0 52c015a0 53c015a0 
0000ccc0: 540015a0 550015a0 544015a0 554015a0 
0000ccd0: 560015a0 570015a0 564015a0 574015a0 
0000cce0: 548015a0 558015a0 54c015a0 55c015a0 
0000ccf0: 568015a0 578015a0 56c015a0 57c015a0 
0000cd00: 580014a0 590014a0 584014a0 594014a0 
0000cd10: 5a0014a0 5b0014a0 5a4014a0 5b4014a0 
0000cd20: 588014a0 598014a0 58c014a0 59c014a0 
0000cd30: 5a8014a0 5b8014a0 5ac014a0 5bc014a0 
0000cd40: 5c0014a0 5d0014a0 5c4014a0 5d4014a0 
0000cd50: 5e0014a0 5f0014a0 5e4014a0 5f4014a0 
0000cd60: 5c8014a0 5d8014a0 5cc014a0 5dc014a0 
0000cd70: 5e8014a0 5f8014a0 5ec014a0 5fc014a0 
0000cd80: 580015a0 590015a0 584015a0 594015a0 
0000cd90: 5a0015a0 5b0015a0 5a4015a0 5b4015a0 
0000cda0: 588015a0 598015a0 58c015a0 59c015a0 
0000cdb0: 5a8015a0 5b8015a0 5ac015a0 5bc015a0 
0000cdc0: 5c0015a0 5d0015a0 5c4015a0 5d4015a0 
0000cdd0: 5e0015a0 5f0015a0 5e4015a0 5f4015a0 
0000cde0: 5c8015a0 5d8015a0 5cc015a0 5dc015a0 
0000cdf0: 5e8015a0 5f8015a0 5ec015a0 5fc015a0 
0000ce00: 500016a0 510016a0 504016a0 514016a0 
0000ce10: 520016a0 530016a0 524016a0 534016a0 
0000ce20: 508016a0 518016a0 50c016a0 51c016a0 
0000ce30: 528016a0 538016a0 52c016a0 53c016a0 
0000ce40: 540016a0 550016a0 544016a0 554016a0 
0000ce50: 560016a0 570016a0 564016a0 574016a0 
0000ce60: 548016a0 558016a0 54c016a0 55c016a0 
0000ce70: 568016a0 578016a0 56c016a0 57c016a0 
0000ce80: 500017a0 510017a0 504017a0 514017a0 
0000ce90: 520017a0 530017a0 524017a0 534017a0 
0000cea0: 508017a0 518017a0 50c017a0 51c017a0 
0000ceb0: 528017a0 538017a0 52c017a0 53c017a0 
0000cec0: 540017a0 550017a0 544017a0 554017a0 
0000ced0: 560017a0 570017a0 564017a0 574017a0 
0000cee0: 548017a0 558017a0 54c017a0 55c017a0 
0000cef0: 568017a0 578017a0 56c017a0 57c017a0 
0000cf00: 580016a0 590016a0 584016a0 594016a0 
0000cf10: 5a0016a0 5b0016a0 5a4016a0 5b4016a0 
0000cf20: 588016a0 598016a0 58c016a0 59c016a0 
0000cf30: 5a8016a0 5b8016a0 5ac016a0 5bc016a0 
0000cf40: 5c0016a0 5d0016a0 5c4016a0 5d4016a0 
0000cf50: 5e0016a0 5f0016a0 5e4016a0 5f4016a0 
0000cf60: 5c8016a0 5d8016a0 5cc016a0 5dc016a0 
0000cf70: 5e8016a0 5f8016a0 5ec016a0 5fc016a0 
0000cf80: 580017a0 590017a0 584017a0 594017a0 
0000cf90: 5a0017a0 5b0017a0 5a4017a0 5b4017a0 
0000cfa0: 588017a0 598017a0 58c017a0 59c017a0 
0000cfb0: 5a8017a0 5b8017a0 5ac017a0 5bc017a0 
0000cfc0: 5c0017a0 5d0017a0 5c4017a0 5d4017a0 
0000cfd0: 5e0017a0 5f0017a0 5e4017a0 5f4017a0 
0000cfe0: 5c8017a0 5d8017a0 5cc017a0 5dc017a0 
0000cff0: 5e8017a0 5f8017a0 5ec017a0 5fc017a0 
0000d000: 600010a0 610010a0 604010a0 614010a0 
0000d010: 620010a0 630010a0 624010a0 634010a0 
0000d020: 608010a0 618010a0 60c010a0 61c010a0 
0000d030: 628010a0 638010a0 62c010a0 63c010a0 
0000d040: 640010a0 650010a0 644010a0 654010a0 
0000d050: 660010a0 670010a0 664010a0 674010a0 
0000d060: 648010a0 658010a0 64c010a0 65c010a0 
0000d070: 668010a0 678010a0 66c010a0 67c010a0 
0000d080: 600011a0 610011a0 604011a0 614011a0 
0000d090: 620011a0 630011a0 624011a0 634011a0 
0000d0a0: 608011a0 618011a0 60c011a0 61c011a0 
0000d0b0: 628011a0 638011a0 62c011a0 63c011a0 
0000d0c0: 640011a0 650011a0 644011a0 654011a0 
0000d0d0: 660011a0 670011a0 664011a0 674011a0 
0000d0e0: 648011a0 658011a0 64c011a0 65c011a0 
0000d0f0: 668011a0 678011a0 66c011a0 67c011a0 
0000d100: 680010a0 690010a0 684010a0 694010a0 
0000d110: 6a0010a0 6b0010a0 6a4010a0 6b4010a0 
0000d120: 688010a0 698010a0 68c010a0 69c010a0 
0000d130: 6a8010a0 6b8010a0 6ac010a0 6bc010a0 
0000d140: 6c0010a0 6d0010a0 6c4010a0 6d4010a0 
0000d150: 6e0010a0 6f0010a0 6e4010a0 6f4010a0 
0000d160: 6c8010a0 6d8010a0 6cc010a0 6dc010a0 
0000d170: 6e8010a0 6f8010a0 6ec010a0 6fc010a0 
0000d180: 680011a0 690011a0 684011a0 694011a0 
0000d190: 6a0011a0 6b0011a0 6a4011a0 6b4011a0 
0000d1a0: 688011a0 698011a0 68c011a0 69c011a0 
0000d1b0: 6a8011a0 6b8011a0 6ac011a0 6bc011a0 
0000d1c0: 6c0011a0 6d0011a0 6c4011a0 6d4011a0 
0000d1d0: 6e0011a0 6f0011a0 6e4011a0 6f4011a0 
0000d1e0: 6c8011a0 6d8011a0 6cc011a0 6dc011a0 
0000d1f0: 6e8011a0 6f8011a0 6ec011a0 6fc011a0 
0000d200: 600012a0 610012a0 604012a0 614012a0 
0000d210: 620012a0 630012a0 624012a0 634012a0 
0000d220: 608012a0 618012a0 60c012a0 61c012a0 
0000d230: 628012a0 638012a0 62c012a0 63c012a0 
0000d240: 640012a0 650012a0 644012a0 654012a0 
0000d250: 660012a0 670012a0 664012a0 674012a0 
0000d260: 648012a0 658012a0 64c012a0 65c012a0 
0000d270: 668012a0 678012a0 66c012a0 67c012a0 
0000d280: 600013a0 610013a0 604013a0 614013a0 
0000d290: 620013a0 630013a0 624013a0 634013a0 
0000d2a0: 608013a0 618013a0 60c013a0 61c013a0 
0000d2b0: 628013a0 638013a0 62c013a0 63c013a0 
0000d2c0: 640013a0 650013a0 644013a0 654013a0 
0000d2d0: 660013a0 670013a0 664013a0 674013a0 
0000d2e0: 648013a0 658013a0 64c013a0 65c013a0 
0000d2f0: 668013a0 678013a0 66c013a0 67c013a0 
0000d300: 680012a0 690012a0 684012a0 694012a0 
0000d310: 6a0012a0 6b0012a0 6a4012a0 6b4012a0 
0000d320: 688012a0 698012a0 68c012a0 69c012a0 
0000d330: 6a8012a0 6b8012a0 6ac012a0 6bc012a0 
0000d340: 6c0012a0 6d0012a0 6c4012a0 6d4012a0 
0000d350: 6e0012a0 6f0012a0 6e4012a0 6f4012a0 
0000d360: 6c8012a0 6d8012a0 6cc012a0 6dc012a0 
0000d370: 6e8012a0 6f8012a0 6ec012a0 6fc012a0 
0000d380: 680013a0 690013a0 684013a0 694013a0 
0000d390: 6a0013a0 6b0013a0 6a4013a0 6b4013a0 
0000d3a0: 688013a0 698013a0 68c013a0 69c013a0 
0000d3b0: 6a8013a0 6b8013a0 6ac013a0 6bc013a0 
0000d3c0: 6c0013a0 6d0013a0 6c4013a0 6d4013a0 
0000d3d0: 6e0013a0 6f0013a0 6e4013a0 6f4013a0 
0000d3e0: 6c8013a0 6d8013a0 6cc013a0 6dc013a0 
0000d3f0: 6e8013a0 6f8013a0 6ec013a0 6fc013a0 
0000d400: 700010a0 710010a0 704010a0 714010a0 
0000d410: 720010a0 730010a0 724010a0 734010a0 
0000d420: 708010a0 718010a0 70c010a0 71c010a0 
0000d430: 728010a0 738010a0 72c010a0 73c010a0 
0000d440: 740010a0 750010a0 744010a0 754010a0 
0000d450: 760010a0 770010a0 764010a0 774010a0 
0000d460: 748010a0 758010a0 74c010a0 75c010a0 
0000d470: 768010a0 778010a0 76c010a0 77c010a0 
0000d480: 700011a0 710011a0 704011a0 714011a0 
0000d490: 720011a0 730011a0 724011a0 734011a0 
0000d4a0: 708011a0 718011a0 70c011a0 71c011a0 
0000d4b0: 728011a0 738011a0 72c011a0 73c011a0 
0000d4c0: 740011a0 750011a0 744011a0 754011a0 
0000d4d0: 760011a0 770011a0 764011a0 774011a0 
0000d4e0: 748011a0 758011a0 74c011a0 75c011a0 
0000d4f0: 768011a0 778011a0 76c011a0 77c011a0 
0000d500: 780010a0 790010a0 784010a0 794010a0 
0000d510: 7a0010a0 7b0010a0 7a4010a0 7b4010a0 
0000d520: 788010a0 798010a0 78c010a0 79c010a0 
0000d530: 7a8010a0 7b8010a0 7ac010a0 7bc010a0 
0000d540: 7c0010a0 7d0010a0 7c4010a0 7d4010a0 
0000d550: 7e0010a0 7f0010a0 7e4010a0 7f4010a0 
0000d560: 7c8010a0 7d8010a0 7cc010a0 7dc010a0 
0000d570: 7e8010a0 7f8010a0 7ec010a0 7fc010a0 
0000d580: 780011a0 790011a0 784011a0 794011a0 
0000d590: 7a0011a0 7b0011a0 7a4011a0 7b4011a0 
0000d5a0: 788011a0 798011a0 78c011a0 79c011a0 
0000d5b0: 7a8011a0 7b8011a0 7ac011a0 7bc011a0 
0000d5c0: 7c0011a0 7d0011a0 7c4011a0 7d4011a0 
0000d5d0: 7e0011a0 7f0011a0 7e4011a0 7f4011a0 
0000d5e0: 7c8011a0 7d8011a0 7cc011a0 7dc011a0 
0000d5f0: 7e8011a0 7f8011a0 7ec011a0 7fc011a0 
0000d600: 700012a0 710012a0 704012a0 714012a0 
0000d610: 720012a0 730012a0 724012a0 734012a0 
0000d620: 708012a0 718012a0 70c012a0 71c012a0 
0000d630: 728012a0 738012a0 72c012a0 73c012a0 
0000d640: 740012a0 750012a0 744012a0 754012a0 
0000d650: 760012a0 770012a0 764012a0 774012a0 
0000d660: 748012a0 758012a0 74c012a0 75c012a0 
0000d670: 768012a0 778012a0 76c012a0 77c012a0 
0000d680: 700013a0 710013a0 704013a0 714013a0 
0000d690: 720013a0 730013a0 724013a0 734013a0 
0000d6a0: 708013a0 718013a0 70c013a0 71c013a0 
0000d6b0: 728013a0 738013a0 72c013a0 73c013a0 
0000d6c0: 740013a0 750013a0 744013a0 754013a0 
0000d6d0: 760013a0 770013a0 764013a0 774013a0 
0000d6e0: 748013a0 758013a0 74c013a0 75c013a0 
0000d6f0: 768013a0 778013a0 76c013a0 77c013a0 
0000d700: 780012a0 790012a0 784012a0 794012a0 
0000d710: 7a0012a0 7b0012a0 7a4012a0 7b4012a0 
0000d720: 788012a0 798012a0 78c012a0 79c012a0 
0000d730: 7a8012a0 7b8012a0 7ac012a0 7bc012a0 
0000d740: 7c0012a0 7d0012a0 7c4012a0 7d4012a0 
0000d750: 7e0012a0 7f0012a0 7e4012a0 7f4012a0 
0000d760: 7c8012a0 7d8012a0 7cc012a0 7dc012a0 
0000d770: 7e8012a0 7f8012a0 7ec012a0 7fc012a0 
0000d780: 780013a0 790013a0 784013a0 794013a0 
0000d790: 7a0013a0 7b0013a0 7a4013a0 7b4013a0 
0000d7a0: 788013a0 798013a0 78c013a0 79c013a0 
0000d7b0: 7a8013a0 7b8013a0 7ac013a0 7bc013a0 
0000d7c0: 7c0013a0 7d0013a0 7c4013a0 7d4013a0 
0000d7d0: 7e0013a0 7f0013a0 7e4013a0 7f4013a0 
0000d7e0: 7c8013a0 7d8013a0 7cc013a0 7dc013a0 
0000d7f0: 7e8013a0 7f8013a0 7ec013a0 7fc013a0 
0000d800: 600014a0 610014a0 604014a0 614014a0 
0000d810: 620014a0 630014a0 624014a0 634014a0 
0000d820: 608014a0 618014a0 60c014a0 61c014a0 
0000d830: 628014a0 638014a0 62c014a0 63c014a0 
0000d840: 640014a0 650014a0 644014a0 654014a0 
0000d850: 660014a0 670014a0 664014a0 674014a0 
0000d860: 648014a0 658014a0 64c014a0 65c014a0 
0000d870: 668014a0 678014a0 66c014a0 67c014a0 
0000d880: 600015a0 610015a0 604015a0 614015a0 
0000d890: 620015a0 630015a0 624015a0 634015a0 
0000d8a0: 608015a0 618015a0 60c015a0 61c015a0 
0000d8b0: 628015a0 638015a0 62c015a0 63c015a0 
0000d8c0: 640015a0 650015a0 644015a0 654015a0 
0000d8d0: 660015a0 670015a0 664015a0 674015a0 
0000d8e0: 648015a0 658015a0 64c015a0 65c015a0 
0000d8f0: 668015a0 678015a0 66c015a0 67c015a0 
0000d900: 680014a0 690014a0 684014a0 694014a0 
0000d910: 6a0014a0 6b0014a0 6a4014a0 6b4014a0 
0000d920: 688014a0 698014a0 68c014a0 69c014a0 
0000d930: 6a8014a0 6b8014a0 6ac014a0 6bc014a0 
0000d940: 6c0014a0 6d0014a0 6c4014a0 6d4014a0 
0000d950: 6e0014a0 6f0014a0 6e4014a0 6f4014a0 
0000d960: 6c8014a0 6d8014a0 6cc014a0 6dc014a0 
0000d970: 6e8014a0 6f8014a0 6ec014a0 6fc014a0 
0000d980: 680015a0 690015a0 684015a0 694015a0 
0000d990: 6a0015a0 6b0015a0 6a4015a0 6b4015a0 
0000d9a0: 688015a0 698015a0 68c015a0 69c015a0 
0000d9b0: 6a8015a0 6b8015a0 6ac015a0 6bc015a0 
0000d9c0: 6c0015a0 6d0015a0 6c4015a0 6d4015a0 
0000d9d0: 6e0015a0 6f0015a0 6e4015a0 6f4015a0 
0000d9e0: 6c8015a0 6d8015a0 6cc015a0 6dc015a0 
0000d9f0: 6e8015a0 6f8015a0 6ec015a0 6fc015a0 
0000da00: 600016a0 610016a0 604016a0 614016a0 
0000da10: 620016a0 630016a0 624016a0 634016a0 
0000da20: 608016a0 618016a0 60c016a0 61c016a0 
0000da30: 628016a0 638016a0 62c016a0 63c016a0 
0000da40: 640016a0 650016a0 644016a0 654016a0 
0000da50: 660016a0 670016a0 664016a0 674016a0 
0000da60: 648016a0 658016a0 64c016a0 65c016a0 
0000da70: 668016a0 678016a0 66c016a0 67c016a0 
0000da80: 600017a0 610017a0 604017a0 614017a0 
0000da90: 620017a0 630017a0 624017a0 634017a0 
0000daa0: 608017a0 618017a0 60c017a0 61c017a0 
0000dab0: 628017a0 638017a0 62c017a0 63c017a0 
0000dac0: 640017a0 650017a0 644017a0 654017a0 
0000dad0: 660017a0 670017a0 664017a0 674017a0 
0000dae0: 648017a0 658017a0 64c017a0 65c017a0 
0000daf0: 668017a0 678017a0 66c017a0 67c017a0 
0000db00: 680016a0 690016a0 684016a0 694016a0 
0000db10: 6a0016a0 6b0016a0 6a4016a0 6b4016a0 
0000db20: 688016a0 698016a0 68c016a0 69c016a0 
0000db30: 6a8016a0 6b8016a0 6ac016a0 6bc016a0 
0000db40: 6c0016a0 6d0016a0 6c4016a0 6d4016a0 
0000db50: 6e0016a0 6f0016a0 6e4016a0 6f4016a0 
0000db60: 6c8016a0 6d8016a0 6cc016a0 6dc016a0 
0000db70: 6e8016a0 6f8016a0 6ec016a0 6fc016a0 
0000db80: 680017a0 690017a0 684017a0 694017a0 
0000db90: 6a0017a0 6b0017a0 6a4017a0 6b4017a0 
0000dba0: 688017a0 698017a0 68c017a0 69c017a0 
0000dbb0: 6a8017a0 6b8017a0 6ac017a0 6bc017a0 
0000dbc0: 6c0017a0 6d0017a0 6c4017a0 6d4017a0 
0000dbd0: 6e0017a0 6f0017a0 6e4017a0 6f4017a0 
0000dbe0: 6c8017a0 6d8017a0 6cc017a0 6dc017a0 
0000dbf0: 6e8017a0 6f8017a0 6ec017a0 6fc017a0 
0000dc00: 700014a0 710014a0 704014a0 714014a0 
0000dc10: 720014a0 730014a0 724014a0 734014a0 
0000dc20: 708014a0 718014a0 70c014a0 71c014a0 
0000dc30: 728014a0 738014a0 72c014a0 73c014a0 
0000dc40: 740014a0 750014a0 744014a0 754014a0 
0000dc50: 760014a0 770014a0 764014a0 774014a0 
0000dc60: 748014a0 758014a0 74c014a0 75c014a0 
0000dc70: 768014a0 778014a0 76c014a0 77c014a0 
0000dc80: 700015a0 710015a0 704015a0 714015a0 
0000dc90: 720015a0 730015a0 724015a0 734015a0 
0000dca0: 708015a0 718015a0 70c015a0 71c015a0 
0000dcb0: 728015a0 738015a0 72c015a0 73c015a0 
0000dcc0: 740015a0 750015a0 744015a0 754015a0 
0000dcd0: 760015a0 770015a0 764015a0 774015a0 
0000dce0: 748015a0 758015a0 74c015a0 75c015a0 
0000dcf0: 768015a0 778015a0 76c015a0 77c015a0 
0000dd00: 780014a0 790014a0 784014a0 794014a0 
0000dd10: 7a0014a0 7b0014a0 7a4014a0 7b4014a0 
0000dd20: 788014a0 798014a0 78c014a0 79c014a0 
0000dd30: 7a8014a0 7b8014a0 7ac014a0 7bc014a0 
0000dd40: 7c0014a0 7d0014a0 7c4014a0 7d4014a0 
0000dd50: 7e0014a0 7f0014a0 7e4014a0 7f4014a0 
0000dd60: 7c8014a0 7d8014a0 7cc014a0 7dc014a0 
0000dd70: 7e8014a0 7f8014a0 7ec014a0 7fc014a0 
0000dd80: 780015a0 790015a0 784015a0 794015a0 
0000dd90: 7a0015a0 7b0015a0 7a4015a0 7b4015a0 
0000dda0: 788015a0 798015a0 78c015a0 79c015a0 
0000ddb0: 7a8015a0 7b8015a0 7ac015a0 7bc015a0 
0000ddc0: 7c0015a0 7d0015a0 7c4015a0 7d4015a0 
0000ddd0: 7e0015a0 7f0015a0 7e4015a0 7f4015a0 
0000dde0: 7c8015a0 7d8015a0 7cc015a0 7dc015a0 
0000ddf0: 7e8015a0 7f8015a0 7ec015a0 7fc015a0 
0000de00: 700016a0 710016a0 704016a0 714016a0 
0000de10: 720016a0 730016a0 724016a0 734016a0 
0000de20: 708016a0 718016a0 70c016a0 71c016a0 
0000de30: 728016a0 738016a0 72c016a0 73c016a0 
0000de40: 740016a0 750016a0 744016a0 754016a0 
0000de50: 760016a0 770016a0 764016a0 774016a0 
0000de60: 748016a0 758016a0 74c016a0 75c016a0 
0000de70: 768016a0 778016a0 76c016a0 77c016a0 
0000de80: 700017a0 710017a0 704017a0 714017a0 
0000de90: 720017a0 730017a0 724017a0 734017a0 
0000dea0: 708017a0 718017a0 70c017a0 71c017a0 
0000deb0: 728017a0 738017a0 72c017a0 73c017a0 
0000dec0: 740017a0 750017a0 744017a0 754017a0 
0000ded0: 760017a0 770017a0 764017a0 774017a0 
0000dee0: 748017a0 758017a0 74c017a0 75c017a0 
0000def0: 768017a0 778017a0 76c017a0 77c017a0 
0000df00: 780016a0 790016a0 784016a0 794016a0 
0000df10: 7a0016a0 7b0016a0 7a4016a0 7b4016a0 
0000df20: 788016a0 798016a0 78c016a0 79c016a0 
0000df30: 7a8016a0 7b8016a0 7ac016a0 7bc016a0 
0000df40: 7c0016a0 7d0016a0 7c4016a0 7d4016a0 
0000df50: 7e0016a0 7f0016a0 7e4016a0 7f4016a0 
0000df60: 7c8016a0 7d8016a0 7cc016a0 7dc016a0 
0000df70: 7e8016a0 7f8016a0 7ec016a0 7fc016a0 
0000df80: 780017a0 790017a0 784017a0 794017a0 
0000df90: 7a0017a0 7b0017a0 7a4017a0 7b4017a0 
0000dfa0: 788017a0 798017a0 78c017a0 79c017a0 
0000dfb0: 7a8017a0 7b8017a0 7ac017a0 7bc017a0 
0000dfc0: 7c0017a0 7d0017a0 7c4017a0 7d4017a0 
0000dfd0: 7e0017a0 7f0017a0 7e4017a0 7f4017a0 
0000dfe0: 7c8017a0 7d8017a0 7cc017a0 7dc017a0 
0000dff0: 7e8017a0 7f8017a0 7ec017a0 7fc017a0 
0000e000: 400018a0 410018a0 404018a0 414018a0 
0000e010: 420018a0 430018a0 424018a0 434018a0 
0000e020: 408018a0 418018a0 40c018a0 41c018a0 
0000e030: 428018a0 438018a0 42c018a0 43c018a0 
0000e040: 440018a0 450018a0 444018a0 454018a0 
0000e050: 460018a0 470018a0 464018a0 474018a0 
0000e060: 448018a0 458018a0 44c018a0 45c018a0 
0000e070: 468018a0 478018a0 46c018a0 47c018a0 
0000e080: 400019a0 410019a0 404019a0 414019a0 
0000e090: 420019a0 430019a0 424019a0 434019a0 
0000e0a0: 408019a0 418019a0 40c019a0 41c019a0 
0000e0b0: 428019a0 438019a0 42c019a0 43c019a0 
0000e0c0: 440019a0 450019a0 444019a0 454019a0 
0000e0d0: 460019a0 470019a0 464019a0 474019a0 
0000e0e0: 448019a0 458019a0 44c019a0 45c019a0 
0000e0f0: 468019a0 478019a0 46c019a0 47c019a0 
0000e100: 480018a0 490018a0 484018a0 494018a0 
0000e110: 4a0018a0 4b0018a0 4a4018a0 4b4018a0 
0000e120: 488018a0 498018a0 48c018a0 49c018a0 
0000e130: 4a8018a0 4b8018a0 4ac018a0 4bc018a0 
0000e140: 4c0018a0 4d0018a0 4c4018a0 4d4018a0 
0000e150: 4e0018a0 4f0018a0 4e4018a0 4f4018a0 
0000e160: 4c8018a0 4d8018a0 4cc018a0 4dc018a0 
0000e170: 4e8018a0 4f8018a0 4ec018a0 4fc018a0 
0000e180: 480019a0 490019a0 484019a0 494019a0 
0000e190: 4a0019a0 4b0019a0 4a4019a0 4b4019a0 
0000e1a0: 488019a0 498019a0 48c019a0 49c019a0 
0000e1b0: 4a8019a0 4b8019a0 4ac019a0 4bc019a0 
0000e1c0: 4c0019a0 4d0019a0 4c4019a0 4d4019a0 
0000e1d0: 4e0019a0 4f0019a0 4e4019a0 4f4019a0 
0000e1e0: 4c8019a0 4d8019a0 4cc019a0 4dc019a0 
0000e1f0: 4e8019a0 4f8019a0 4ec019a0 4fc019a0 
0000e200: 40001aa0 41001aa0 40401aa0 41401aa0 
0000e210: 42001aa0 43001aa0 42401aa0 43401aa0 
0000e220: 40801aa0 41801aa0 40c01aa0 41c01aa0 
0000e230: 42801aa0 43801aa0 42c01aa0 43c01aa0 
0000e240: 44001aa0 45001aa0 44401aa0 45401aa0 
0000e250: 46001aa0 47001aa0 46401aa0 47401aa0 
0000e260: 44801aa0 45801aa0 44c01aa0 45c01aa0 
0000e270: 46801aa0 47801aa0 46c01aa0 47c01aa0 
0000e280: 40001ba0 41001ba0 40401ba0 41401ba0 
0000e290: 42001ba0 43001ba0 42401ba0 43401ba0 
0000e2a0: 40801ba0 41801ba0 40c01ba0 41c01ba0 
0000e2b0: 42801ba0 43801ba0 42c01ba0 43c01ba0 
0000e2c0: 44001ba0 45001ba0 44401ba0 45401ba0 
0000e2d0: 46001ba0 47001ba0 46401ba0 47401ba0 
0000e2e0: 44801ba0 45801ba0 44c01ba0 45c01ba0 
0000e2f0: 46801ba0 47801ba0 46c01ba0 47c01ba0 
0000e300: 48001aa0 49001aa0 48401aa0 49401aa0 
0000e310: 4a001aa0 4b001aa0 4a401aa0 4b401aa0 
0000e320: 48801aa0 49801aa0 48c01aa0 49c01aa0 
0000e330: 4a801aa0 4b801aa0 4ac01aa0 4bc01aa0 
0000e340: 4c001aa0 4d001aa0 4c401aa0 4d401aa0 
0000e350: 4e001aa0 4f001aa0 4e401aa0 4f401aa0 
0000e360: 4c801aa0 4d801aa0 4cc01aa0 4dc01aa0 
0000e370: 4e801aa0 4f801aa0 4ec01aa0 4fc01aa0 
0000e380: 48001ba0 49001ba0 48401ba0 49401ba0 
0000e390: 4a001ba0 4b001ba0 4a401ba0 4b401ba0 
0000e3a0: 48801ba0 49801ba0 48c01ba0 49c01ba0 
0000e3b0: 4a801ba0 4b801ba0 4ac01ba0 4bc01ba0 
0000e3c0: 4c001ba0 4d001ba0 4c401ba0 4d401ba0 
0000e3d0: 4e001ba0 4f001ba0 4e401ba0 4f401ba0 
0000e3e0: 4c801ba0 4d801ba0 4cc01ba0 4dc01ba0 
0000e3f0: 4e801ba0 4f801ba0 4ec01ba0 4fc01ba0 
0000e400: 500018a0 510018a0 504018a0 514018a0 
0000e410: 520018a0 530018a0 524018a0 534018a0 
0000e420: 508018a0 518018a0 50c018a0 51c018a0 
0000e430: 528018a0 538018a0 52c018a0 53c018a0 
0000e440: 540018a0 550018a0 544018a0 554018a0 
0000e450: 560018a0 570018a0 564018a0 574018a0 
0000e460: 548018a0 558018a0 54c018a0 55c018a0 
0000e470: 568018a0 578018a0 56c018a0 57c018a0 
0000e480: 500019a0 510019a0 504019a0 514019a0 
0000e490: 520019a0 530019a0 524019a0 534019a0 
0000e4a0: 508019a0 518019a0 50c019a0 51c019a0 
0000e4b0: 528019a0 538019a0 52c019a0 53c019a0 
0000e4c0: 540019a0 550019a0 544019a0 554019a0 
0000e4d0: 560019a0 570019a0 564019a0 574019a0 
0000e4e0: 548019a0 558019a0 54c019a0 55c019a0 
0000e4f0: 568019a0 578019a0 56c019a0 57c019a0 
0000e500: 580018a0 590018a0 584018a0 594018a0 
0000e510: 5a0018a0 5b0018a0 5a4018a0 5b4018a0 
0000e520: 588018a0 598018a0 58c018a0 59c018a0 
0000e530: 5a8018a0 5b8018a0 5ac018a0 5bc018a0 
0000e540: 5c0018a0 5d0018a0 5c4018a0 5d4018a0 
0000e550: 5e0018a0 5f0018a0 5e4018a0 5f4018a0 
0000e560: 5c8018a0 5d8018a0 5cc018a0 5dc018a0 
0000e570: 5e8018a0 5f8018a0 5ec018a0 5fc018a0 
0000e580: 580019a0 590019a0 584019a0 594019a0 
0000e590: 5a0019a0 5b0019a0 5a4019a0 5b4019a0 
0000e5a0: 588019a0 598019a0 58c019a0 59c019a0 
0000e5b0: 5a8019a0 5b8019a0 5ac019a0 5bc019a0 
0000e5c0: 5c0019a0 5d0019a0 5c4019a0 5d4019a0 
0000e5d0: 5e0019a0 5f0019a0 5e4019a0 5f4019a0 
0000e5e0: 5c8019a0 5d8019a0 5cc019a0 5dc019a0 
0000e5f0: 5e8019a0 5f8019a0 5ec019a0 5fc019a0 
0000e600: 50001aa0 51001aa0 50401aa0 51401aa0 
0000e610: 52001aa0 53001aa0 52401aa0 53401aa0 
0000e620: 50801aa0 51801aa0 50c01aa0 51c01aa0 
0000e630: 52801aa0 53801aa0 52c01aa0 53c01aa0 
0000e640: 54001aa0 55001aa0 54401aa0 55401aa0 
0000e650: 56001aa0 57001aa0 56401aa0 57401aa0 
0000e660: 54801aa0 55801aa0 54c01aa0 55c01aa0 
0000e670: 56801aa0 57801aa0 56c01aa0 57c01aa0 
0000e680: 50001ba0 51001ba0 50401ba0 51401ba0 
0000e690: 52001ba0 53001ba0 52401ba0 53401ba0 
0000e6a0: 50801ba0 51801ba0 50c01ba0 51c01ba0 
0000e6b0: 52801ba0 53801ba0 52c01ba0 53c01ba0 
0000e6c0: 54001ba0 55001ba0 54401ba0 55401ba0 
0000e6d0: 56001ba0 57001ba0 56401ba0 57401ba0 
0000e6e0: 54801ba0 55801ba0 54c01ba0 55c01ba0 
0000e6f0: 56801ba0 57801ba0 56c01ba0 57c01ba0 
0000e700: 58001aa0 59001aa0 58401aa0 59401aa0 
0000e710: 5a001aa0 5b001aa0 5a401aa0 5b401aa0 
0000e720: 58801aa0 59801aa0 58c01aa0 59c01aa0 
0000e730: 5a801aa0 5b801aa0 5ac01aa0 5bc01aa0 
0000e740: 5c001aa0 5d001aa0 5c401aa0 5d401aa0 
0000e750: 5e001aa0 5f001aa0 5e401aa0 5f401aa0 
0000e760: 5c801aa0 5d801aa0 5cc01aa0 5dc01aa0 
0000e770: 5e801aa0 5f801aa0 5ec01aa0 5fc01aa0 
0000e780: 58001ba0 59001ba0 58401ba0 59401ba0 
0000e790: 5a001ba0 5b001ba0 5a401ba0 5b401ba0 
0000e7a0: 58801ba0 59801ba0 58c01ba0 59c01ba0 
0000e7b0: 5a801ba0 5b801ba0 5ac01ba0 5bc01ba0 
0000e7c0: 5c001ba0 5d001ba0 5c401ba0 5d401ba0 
0000e7d0: 5e001ba0 5f001ba0 5e401ba0 5f401ba0 
0000e7e0: 5c801ba0 5d801ba0 5cc01ba0 5dc01ba0 
0000e7f0: 5e801ba0 5f801ba0 5ec01ba0 5fc01ba0 
0000e800: 40001ca0 41001ca0 40401ca0 41401ca0 
0000e810: 42001ca0 43001ca0 42401ca0 43401ca0 
0000e820: 40801ca0 41801ca0 40c01ca0 41c01ca0 
0000e830: 42801ca0 43801ca0 42c01ca0 43c01ca0 
0000e840: 44001ca0 45001ca0 44401ca0 45401ca0 
0000e850: 46001ca0 47001ca0 46401ca0 47401ca0 
0000e860: 44801ca0 45801ca0 44c01ca0 45c01ca0 
0000e870: 46801ca0 47801ca0 46c01ca0 47c01ca0 
0000e880: 40001da0 41001da0 40401da0 41401da0 
0000e890: 42001da0 43001da0 42401da0 43401da0 
0000e8a0: 40801da0 41801da0 40c01da0 41c01da0 
0000e8b0: 42801da0 43801da0 42c01da0 43c01da0 
0000e8c0: 44001da0 45001da0 44401da0 45401da0 
0000e8d0: 46001da0 47001da0 46401da0 47401da0 
0000e8e0: 44801da0 45801da0 44c01da0 45c01da0 
0000e8f0: 46801da0 47801da0 46c01da0 47c01da0 
0000e900: 48001ca0 49001ca0 48401ca0 49401ca0 
0000e910: 4a001ca0 4b001ca0 4a401ca0 4b401ca0 
0000e920: 48801ca0 49801ca0 48c01ca0 49c01ca0 
0000e930: 4a801ca0 4b801ca0 4ac01ca0 4bc01ca0 
0000e940: 4c001ca0 4d001ca0 4c401ca0 4d401ca0 
0000e950: 4e001ca0 4f001ca0 4e401ca0 4f401ca0 
0000e960: 4c801ca0 4d801ca0 4cc01ca0 4dc01ca0 
0000e970: 4e801ca0 4f801ca0 4ec01ca0 4fc01ca0 
0000e980: 48001da0 49001da0 48401da0 49401da0 
0000e990: 4a001da0 4b001da0 4a401da0 4b401da0 
0000e9a0: 48801da0 49801da0 48c01da0 49c01da0 
0000e9b0: 4a801da0 4b801da0 4ac01da0 4bc01da0 
0000e9c0: 4c001da0 4d001da0 4c401da0 4d401da0 
0000e9d0: 4e001da0 4f001da0 4e401da0 4f401da0 
0000e9e0: 4c801da0 4d801da0 4cc01da0 4dc01da0 
0000e9f0: 4e801da0 4f801da0 4ec01da0 4fc01da0 
0000ea00: 40001ea0 41001ea0 40401ea0 41401ea0 
0000ea10: 42001ea0 43001ea0 42401ea0 43401ea0 
0000ea20: 40801ea0 41801ea0 40c01ea0 41c01ea0 
0000ea30: 42801ea0 43801ea0 42c01ea0 43c01ea0 
0000ea40: 44001ea0 45001ea0 44401ea0 45401ea0 
0000ea50: 46001ea0 47001ea0 46401ea0 47401ea0 
0000ea60: 44801ea0 45801ea0 44c01ea0 45c01ea0 
0000ea70: 46801ea0 47801ea0 46c01ea0 47c01ea0 
0000ea80: 40001fa0 41001fa0 40401fa0 41401fa0 
0000ea90: 42001fa0 43001fa0 42401fa0 43401fa0 
0000eaa0: 40801fa0 41801fa0 40c01fa0 41c01fa0 
0000eab0: 42801fa0 43801fa0 42c01fa0 43c01fa0 
0000eac0: 44001fa0 45001fa0 44401fa0 45401fa0 
0000ead0: 46001fa0 47001fa0 46401fa0 47401fa0 
0000eae0: 44801fa0 45801fa0 44c01fa0 45c01fa0 
0000eaf0: 46801fa0 47801fa0 46c01fa0 47c01fa0 
0000eb00: 48001ea0 49001ea0 48401ea0 49401ea0 
0000eb10: 4a001ea0 4b001ea0 4a401ea0 4b401ea0 
0000eb20: 48801ea0 49801ea0 48c01ea0 49c01ea0 
0000eb30: 4a801ea0 4b801ea0 4ac01ea0 4bc01ea0 
0000eb40: 4c001ea0 4d001ea0 4c401ea0 4d401ea0 
0000eb50: 4e001ea0 4f001ea0 4e401ea0 4f401ea0 
0000eb60: 4c801ea0 4d801ea0 4cc01ea0 4dc01ea0 
0000eb70: 4e801ea0 4f801ea0 4ec01ea0 4fc01ea0 
0000eb80: 48001fa0 49001fa0 48401fa0 49401fa0 
0000eb90: 4a001fa0 4b001fa0 4a401fa0 4b401fa0 
0000eba0: 48801fa0 49801fa0 48c01fa0 49c01fa0 
0000ebb0: 4a801fa0 4b801fa0 4ac01fa0 4bc01fa0 
0000ebc0: 4c001fa0 4d001fa0 4c401fa0 4d401fa0 
0000ebd0: 4e001fa0 4f001fa0 4e401fa0 4f401fa0 
0000ebe0: 4c801fa0 4d801fa0 4cc01fa0 4dc01fa0 
0000ebf0: 4e801fa0 4f801fa0 4ec01fa0 4fc01fa0 
0000ec00: 50001ca0 51001ca0 50401ca0 51401ca0 
0000ec10: 52001ca0 53001ca0 52401ca0 53401ca0 
0000ec20: 50801ca0 51801ca0 50c01ca0 51c01ca0 
0000ec30: 52801ca0 53801ca0 52c01ca0 53c01ca0 
0000ec40: 54001ca0 55001ca0 54401ca0 55401ca0 
0000ec50: 56001ca0 57001ca0 56401ca0 57401ca0 
0000ec60: 54801ca0 55801ca0 54c01ca0 55c01ca0 
0000ec70: 56801ca0 57801ca0 56c01ca0 57c01ca0 
0000ec80: 50001da0 51001da0 50401da0 51401da0 
0000ec90: 52001da0 53001da0 52401da0 53401da0 
0000eca0: 50801da0 51801da0 50c01da0 51c01da0 
0000ecb0: 52801da0 53801da0 52c01da0 53c01da0 
0000ecc0: 54001da0 55001da0 54401da0 55401da0 
0000ecd0: 56001da0 57001da0 56401da0 57401da0 
0000ece0: 54801da0 55801da0 54c01da0 55c01da0 
0000ecf0: 56801da0 57801da0 56c01da0 57c01da0 
0000ed00: 58001ca0 59001ca0 58401ca0 59401ca0 
0000ed10: 5a001ca0 5b001ca0 5a401ca0 5b401ca0 
0000ed20: 58801ca0 59801ca0 58c01ca0 59c01ca0 
0000ed30: 5a801ca0 5b801ca0 5ac01ca0 5bc01ca0 
0000ed40: 5c001ca0 5d001ca0 5c401ca0 5d401ca0 
0000ed50: 5e001ca0 5f001ca0 5e401ca0 5f401ca0 
0000ed60: 5c801ca0 5d801ca0 5cc01ca0 5dc01ca0 
0000ed70: 5e801ca0 5f801ca0 5ec01ca0 5fc01ca0 
0000ed80: 58001da0 59001da0 58401da0 59401da0 
0000ed90: 5a001da0 5b001da0 5a401da0 5b401da0 
0000eda0: 58801da0 59801da0 58c01da0 59c01da0 
0000edb0: 5a801da0 5b801da0 5ac01da0 5bc01da0 
0000edc0: 5c001da0 5d001da0 5c401da0 5d401da0 
0000edd0: 5e001da0 5f001da0 5e401da0 5f401da0 
0000ede0: 5c801da0 5d801da0 5cc01da0 5dc01da0 
0000edf0: 5e801da0 5f801da0 5ec01da0 5fc01da0 
0000ee00: 50001ea0 51001ea0 50401ea0 51401ea0 
0000ee10: 52001ea0 53001ea0 52401ea0 53401ea0 
0000ee20: 50801ea0 51801ea0 50c01ea0 51c01ea0 
0000ee30: 52801ea0 53801ea0 52c01ea0 53c01ea0 
0000ee40: 54001ea0 55001ea0 54401ea0 55401ea0 
0000ee50: 56001ea0 57001ea0 56401ea0 57401ea0 
0000ee60: 54801ea0 55801ea0 54c01ea0 55c01ea0 
0000ee70: 56801ea0 57801ea0 56c01ea0 57c01ea0 
0000ee80: 50001fa0 51001fa0 50401fa0 51401fa0 
0000ee90: 52001fa0 53001fa0 52401fa0 53401fa0 
0000eea0: 50801fa0 51801fa0 50c01fa0 51c01fa0 
0000eeb0: 52801fa0 53801fa0 52c01fa0 53c01fa0 
0000eec0: 54001fa0 55001fa0 54401fa0 55401fa0 
0000eed0: 56001fa0 57001fa0 56401fa0 57401fa0 
0000eee0: 54801fa0 55801fa0 54c01fa0 55c01fa0 
0000eef0: 56801fa0 57801fa0 56c01fa0 57c01fa0 
0000ef00: 58001ea0 59001ea0 58401ea0 59401ea0 
0000ef10: 5a001ea0 5b001ea0 5a401ea0 5b401ea0 
0000ef20: 58801ea0 59801ea0 58c01ea0 59c01ea0 
0000ef30: 5a801ea0 5b801ea0 5ac01ea0 5bc01ea0 
0000ef40: 5c001ea0 5d001ea0 5c401ea0 5d401ea0 
0000ef50: 5e001ea0 5f001ea0 5e401ea0 5f401ea0 
0000ef60: 5c801ea0 5d801ea0 5cc01ea0 5dc01ea0 
0000ef70: 5e801ea0 5f801ea0 5ec01ea0 5fc01ea0 
0000ef80: 58001fa0 59001fa0 58401fa0 59401fa0 
0000ef90: 5a001fa0 5b001fa0 5a401fa0 5b401fa0 
0000efa0: 58801fa0 59801fa0 58c01fa0 59c01fa0 
0000efb0: 5a801fa0 5b801fa0 5ac01fa0 5bc01fa0 
0000efc0: 5c001fa0 5d001fa0 5c401fa0 5d401fa0 
0000efd0: 5e001fa0 5f001fa0 5e401fa0 5f401fa0 
0000efe0: 5c801fa0 5d801fa0 5cc01fa0 5dc01fa0 
0000eff0: 5e801fa0 5f801fa0 5ec01fa0 5fc01fa0 
0000f000: 600018a0 610018a0 604018a0 614018a0 
0000f010: 620018a0 630018a0 624018a0 634018a0 
0000f020: 608018a0 618018a0 60c018a0 61c018a0 
0000f030: 628018a0 638018a0 62c018a0 63c018a0 
0000f040: 640018a0 650018a0 644018a0 654018a0 
0000f050: 660018a0 670018a0 664018a0 674018a0 
0000f060: 648018a0 658018a0 64c018a0 65c018a0 
0000f070: 668018a0 678018a0 66c018a0 67c018a0 
0000f080: 600019a0 610019a0 604019a0 614019a0 
0000f090: 620019a0 630019a0 624019a0 634019a0 
0000f0a0: 608019a0 618019a0 60c019a0 61c019a0 
0000f0b0: 628019a0 638019a0 62c019a0 63c019a0 
0000f0c0: 640019a0 650019a0 644019a0 654019a0 
0000f0d0: 660019a0 670019a0 664019a0 674019a0 
0000f0e0: 648019a0 658019a0 64c019a0 65c019a0 
0000f0f0: 668019a0 678019a0 66c019a0 67c019a0 
0000f100: 680018a0 690018a0 684018a0 694018a0 
0000f110: 6a0018a0 6b0018a0 6a4018a0 6b4018a0 
0000f120: 688018a0 698018a0 68c018a0 69c018a0 
0000f130: 6a8018a0 6b8018a0 6ac018a0 6bc018a0 
0000f140: 6c0018a0 6d0018a0 6c4018a0 6d4018a0 
0000f150: 6e0018a0 6f0018a0 6e4018a0 6f4018a0 
0000f160: 6c8018a0 6d8018a0 6cc018a0 6dc018a0 
0000f170: 6e8018a0 6f8018a0 6ec018a0 6fc018a0 
0000f180: 680019a0 690019a0 684019a0 694019a0 
0000f190: 6a0019a0 6b0019a0 6a4019a0 6b4019a0 
0000f1a0: 688019a0 698019a0 68c019a0 69c019a0 
0000f1b0: 6a8019a0 6b8019a0 6ac019a0 6bc019a0 
0000f1c0: 6c0019a0 6d0019a0 6c4019a0 6d4019a0 
0000f1d0: 6e0019a0 6f0019a0 6e4019a0 6f4019a0 
0000f1e0: 6c8019a0 6d8019a0 6cc019a0 6dc019a0 
0000f1f0: 6e8019a0 6f8019a0 6ec019a0 6fc019a0 
0000f200: 60001aa0 61001aa0 60401aa0 61401aa0 
0000f210: 62001aa0 63001aa0 62401aa0 63401aa0 
0000f220: 60801aa0 61801aa0 60c01aa0 61c01aa0 
0000f230: 62801aa0 63801aa0 62c01aa0 63c01aa0 
0000f240: 64001aa0 65001aa0 64401aa0 65401aa0 
0000f250: 66001aa0 67001aa0 66401aa0 67401aa0 
0000f260: 64801aa0 65801aa0 64c01aa0 65c01aa0 
0000f270: 66801aa0 67801aa0 66c01aa0 67c01aa0 
0000f280: 60001ba0 61001ba0 60401ba0 61401ba0 
0000f290: 62001ba0 63001ba0 62401ba0 63401ba0 
0000f2a0: 60801ba0 61801ba0 60c01ba0 61c01ba0 
0000f2b0: 62801ba0 63801ba0 62c01ba0 63c01ba0 
0000f2c0: 64001ba0 65001ba0 64401ba0 65401ba0 
0000f2d0: 66001ba0 67001ba0 66401ba0 67401ba0 
0000f2e0: 64801ba0 65801ba0 64c01ba0 65c01ba0 
0000f2f0: 66801ba0 67801ba0 66c01ba0 67c01ba0 
0000f300: 68001aa0 69001aa0 68401aa0 69401aa0 
0000f310: 6a001aa0 6b001aa0 6a401aa0 6b401aa0 
0000f320: 68801aa0 69801aa0 68c01aa0 69c01aa0 
0000f330: 6a801aa0 6b801aa0 6ac01aa0 6bc01aa0 
0000f340: 6c001aa0 6d001aa0 6c401aa0 6d401aa0 
0000f350: 6e001aa0 6f001aa0 6e401aa0 6f401aa0 
0000f360: 6c801aa0 6d801aa0 6cc01aa0 6dc01aa0 
0000f370: 6e801aa0 6f801aa0 6ec01aa0 6fc01aa0 
0000f380: 68001ba0 69001ba0 68401ba0 69401ba0 
0000f390: 6a001ba0 6b001ba0 6a401ba0 6b401ba0 
0000f3a0: 68801ba0 69801ba0 68c01ba0 69c01ba0 
0000f3b0: 6a801ba0 6b801ba0 6ac01ba0 6bc01ba0 
0000f3c0: 6c001ba0 6d001ba0 6c401ba0 6d401ba0 
0000f3d0: 6e001ba0 6f001ba0 6e401ba0 6f401ba0 
0000f3e0: 6c801ba0 6d801ba0 6cc01ba0 6dc01ba0 
0000f3f0: 6e801ba0 6f801ba0 6ec01ba0 6fc01ba0 
0000f400: 700018a0 710018a0 704018a0 714018a0 
0000f410: 720018a0 730018a0 724018a0 734018a0 
0000f420: 708018a0 718018a0 70c018a0 71c018a0 
0000f430: 728018a0 738018a0 72c018a0 73c018a0 
0000f440: 740018a0 750018a0 744018a0 754018a0 
0000f450: 760018a0 770018a0 764018a0 774018a0 
0000f460: 748018a0 758018a0 74c018a0 75c018a0 
0000f470: 768018a0 778018a0 76c018a0 77c018a0 
0000f480: 700019a0 710019a0 704019a0 714019a0 
0000f490: 720019a0 730019a0 724019a0 734019a0 
0000f4a0: 708019a0 718019a0 70c019a0 71c019a0 
0000f4b0: 728019a0 738019a0 72c019a0 73c019a0 
0000f4c0: 740019a0 750019a0 744019a0 754019a0 
0000f4d0: 760019a0 770019a0 764019a0 774019a0 
0000f4e0: 748019a0 758019a0 74c019a0 75c019a0 
0000f4f0: 768019a0 778019a0 76c019a0 77c019a0 
0000f500: 780018a0 790018a0 784018a0 794018a0 
0000f510: 7a0018a0 7b0018a0 7a4018a0 7b4018a0 
0000f520: 788018a0 798018a0 78c018a0 79c018a0 
0000f530: 7a8018a0 7b8018a0 7ac018a0 7bc018a0 
0000f540: 7c0018a0 7d0018a0 7c4018a0 7d4018a0 
0000f550: 7e0018a0 7f0018a0 7e4018a0 7f4018a0 
0000f560: 7c8018a0 7d8018a0 7cc018a0 7dc018a0 
0000f570: 7e8018a0 7f8018a0 7ec018a0 7fc018a0 
0000f580: 780019a0 790019a0 784019a0 794019a0 
0000f590: 7a0019a0 7b0019a0 7a4019a0 7b4019a0 
0000f5a0: 788019a0 798019a0 78c019a0 79c019a0 
0000f5b0: 7a8019a0 7b8019a0 7ac019a0 7bc019a0 
0000f5c0: 7c0019a0 7d0019a0 7c4019a0 7d4019a0 
0000f5d0: 7e0019a0 7f0019a0 7e4019a0 7f4019a0 
0000f5e0: 7c8019a0 7d8019a0 7cc019a0 7dc019a0 
0000f5f0: 7e8019a0 7f8019a0 7ec019a0 7fc019a0 
0000f600: 70001aa0 71001aa0 70401aa0 71401aa0 
0000f610: 72001aa0 73001aa0 72401aa0 73401aa0 
0000f620: 70801aa0 71801aa0 70c01aa0 71c01aa0 
0000f630: 72801aa0 73801aa0 72c01aa0 73c01aa0 
0000f640: 74001aa0 75001aa0 74401aa0 75401aa0 
0000f650: 76001aa0 77001aa0 76401aa0 77401aa0 
0000f660: 74801aa0 75801aa0 74c01aa0 75c01aa0 
0000f670: 76801aa0 77801aa0 76c01aa0 77c01aa0 
0000f680: 70001ba0 71001ba0 70401ba0 71401ba0 
0000f690: 72001ba0 73001ba0 72401ba0 73401ba0 
0000f6a0: 70801ba0 71801ba0 70c01ba0 71c01ba0 
0000f6b0: 72801ba0 73801ba0 72c01ba0 73c01ba0 
0000f6c0: 74001ba0 75001ba0 74401ba0 75401ba0 
0000f6d0: 76001ba0 77001ba0 76401ba0 77401ba0 
0000f6e0: 74801ba0 75801ba0 74c01ba0 75c01ba0 
0000f6f0: 76801ba0 77801ba0 76c01ba0 77c01ba0 
0000f700: 78001aa0 79001aa0 78401aa0 79401aa0 
0000f710: 7a001aa0 7b001aa0 7a401aa0 7b401aa0 
0000f720: 78801aa0 79801aa0 78c01aa0 79c01aa0 
0000f730: 7a801aa0 7b801aa0 7ac01aa0 7bc01aa0 
0000f740: 7c001aa0 7d001aa0 7c401aa0 7d401aa0 
0000f750: 7e001aa0 7f001aa0 7e401aa0 7f401aa0 
0000f760: 7c801aa0 7d801aa0 7cc01aa0 7dc01aa0 
0000f770: 7e801aa0 7f801aa0 7ec01aa0 7fc01aa0 
0000f780: 78001ba0 79001ba0 78401ba0 79401ba0 
0000f790: 7a001ba0 7b001ba0 7a401ba0 7b401ba0 
0000f7a0: 78801ba0 79801ba0 78c01ba0 79c01ba0 
0000f7b0: 7a801ba0 7b801ba0 7ac01ba0 7bc01ba0 
0000f7c0: 7c001ba0 7d001ba0 7c401ba0 7d401ba0 
0000f7d0: 7e001ba0 7f001ba0 7e401ba0 7f401ba0 
0000f7e0: 7c801ba0 7d801ba0 7cc01ba0 7dc01ba0 
0000f7f0: 7e801ba0 7f801ba0 7ec01ba0 7fc01ba0 
0000f800: 60001ca0 61001ca0 60401ca0 61401ca0 
0000f810: 62001ca0 63001ca0 62401ca0 63401ca0 
0000f820: 60801ca0 61801ca0 60c01ca0 61c01ca0 
0000f830: 62801ca0 63801ca0 62c01ca0 63c01ca0 
0000f840: 64001ca0 65001ca0 64401ca0 65401ca0 
0000f850: 66001ca0 67001ca0 66401ca0 67401ca0 
0000f860: 64801ca0 65801ca0 64c01ca0 65c01ca0 
0000f870: 66801ca0 67801ca0 66c01ca0 67c01ca0 
0000f880: 60001da0 61001da0 60401da0 61401da0 
0000f890: 62001da0 63001da0 62401da0 63401da0 
0000f8a0: 60801da0 61801da0 60c01da0 61c01da0 
0000f8b0: 62801da0 63801da0 62c01da0 63c01da0 
0000f8c0: 64001da0 65001da0 64401da0 65401da0 
0000f8d0: 66001da0 67001da0 66401da0 67401da0 
0000f8e0: 64801da0 65801da0 64c01da0 65c01da0 
0000f8f0: 66801da0 67801da0 66c01da0 67c01da0 
0000f900: 68001ca0 69001ca0 68401ca0 69401ca0 
0000f910: 6a001ca0 6b001ca0 6a401ca0 6b401ca0 
0000f920: 68801ca0 69801ca0 68c01ca0 69c01ca0 
0000f930: 6a801ca0 6b801ca0 6ac01ca0 6bc01ca0 
0000f940: 6c001ca0 6d001ca0 6c401ca0 6d401ca0 
0000f950: 6e001ca0 6f001ca0 6e401ca0 6f401ca0 
0000f960: 6c801ca0 6d801ca0 6cc01ca0 6dc01ca0 
0000f970: 6e801ca0 6f801ca0 6ec01ca0 6fc01ca0 
0000f980: 68001da0 69001da0 68401da0 69401da0 
0000f990: 6a001da0 6b001da0 6a401da0 6b401da0 
0000f9a0: 68801da0 69801da0 68c01da0 69c01da0 
0000f9b0: 6a801da0 6b801da0 6ac01da0 6bc01da0 
0000f9c0: 6c001da0 6d001da0 6c401da0 6d401da0 
0000f9d0: 6e001da0 6f001da0 6e401da0 6f401da0 
0000f9e0: 6c801da0 6d801da0 6cc01da0 6dc01da0 
0000f9f0: 6e801da0 6f801da0 6ec01da0 6fc01da0 
0000fa00: 60001ea0 61001ea0 60401ea0 61401ea0 
0000fa10: 62001ea0 63001ea0 62401ea0 63401ea0 
0000fa20: 60801ea0 61801ea0 60c01ea0 61c01ea0 
0000fa30: 62801ea0 63801ea0 62c01ea0 63c01ea0 
0000fa40: 64001ea0 65001ea0 64401ea0 65401ea0 
0000fa50: 66001ea0 67001ea0 66401ea0 67401ea0 
0000fa60: 64801ea0 65801ea0 64c01ea0 65c01ea0 
0000fa70: 66801ea0 67801ea0 66c01ea0 67c01ea0 
0000fa80: 60001fa0 61001fa0 60401fa0 61401fa0 
0000fa90: 62001fa0 63001fa0 62401fa0 63401fa0 
0000faa0: 60801fa0 61801fa0 60c01fa0 61c01fa0 
0000fab0: 62801fa0 63801fa0 62c01fa0 63c01fa0 
0000fac0: 64001fa0 65001fa0 64401fa0 65401fa0 
0000fad0: 66001fa0 67001fa0 66401fa0 67401fa0 
0000fae0: 64801fa0 65801fa0 64c01fa0 65c01fa0 
0000faf0: 66801fa0 67801fa0 66c01fa0 67c01fa0 
0000fb00: 68001ea0 69001ea0 68401ea0 69401ea0 
0000fb10: 6a001ea0 6b001ea0 6a401ea0 6b401ea0 
0000fb20: 68801ea0 69801ea0 68c01ea0 69c01ea0 
0000fb30: 6a801ea0 6b801ea0 6ac01ea0 6bc01ea0 
0000fb40: 6c001ea0 6d001ea0 6c401ea0 6d401ea0 
0000fb50: 6e001ea0 6f001ea0 6e401ea0 6f401ea0 
0000fb60: 6c801ea0 6d801ea0 6cc01ea0 6dc01ea0 
0000fb70: 6e801ea0 6f801ea0 6ec01ea0 6fc01ea0 
0000fb80: 68001fa0 69001fa0 68401fa0 69401fa0 
0000fb90: 6a001fa0 6b001fa0 6a401fa0 6b401fa0 
0000fba0: 68801fa0 69801fa0 68c01fa0 69c01fa0 
0000fbb0: 6a801fa0 6b801fa0 6ac01fa0 6bc01fa0 
0000fbc0: 6c001fa0 6d001fa0 6c401fa0 6d401fa0 
0000fbd0: 6e001fa0 6f001fa0 6e401fa0 6f401fa0 
0000fbe0: 6c801fa0 6d801fa0 6cc01fa0 6dc01fa0 
0000fbf0: 6e801fa0 6f801fa0 6ec01fa0 6fc01fa0 
0000fc00: 70001ca0 71001ca0 70401ca0 71401ca0 
0000fc10: 72001ca0 73001ca0 72401ca0 73401ca0 
0000fc20: 70801ca0 71801ca0 70c01ca0 71c01ca0 
0000fc30: 72801ca0 73801ca0 72c01ca0 73c01ca0 
0000fc40: 74001ca0 75001ca0 74401ca0 75401ca0 
0000fc50: 76001ca0 77001ca0 76401ca0 77401ca0 
0000fc60: 74801ca0 75801ca0 74c01ca0 75c01ca0 
0000fc70: 76801ca0 77801ca0 76c01ca0 77c01ca0 
0000fc80: 70001da0 71001da0 70401da0 71401da0 
0000fc90: 72001da0 73001da0 72401da0 73401da0 
0000fca0: 70801da0 71801da0 70c01da0 71c01da0 
0000fcb0: 72801da0 73801da0 72c01da0 73c01da0 
0000fcc0: 74001da0 75001da0 74401da0 75401da0 
0000fcd0: 76001da0 77001da0 76401da0 77401da0 
0000fce0: 74801da0 75801da0 74c01da0 75c01da0 
0000fcf0: 76801da0 77801da0 76c01da0 77c01da0 
0000fd00: 78001ca0 79001ca0 78401ca0 79401ca0 
0000fd10: 7a001ca0 7b001ca0 7a401ca0 7b401ca0 
0000fd20: 78801ca0 79801ca0 78c01ca0 79c01ca0 
0000fd30: 7a801ca0 7b801ca0 7ac01ca0 7bc01ca0 
0000fd40: 7c001ca0 7d001ca0 7c401ca0 7d401ca0 
0000fd50: 7e001ca0 7f001ca0 7e401ca0 7f401ca0 
0000fd60: 7c801ca0 7d801ca0 7cc01ca0 7dc01ca0 
0000fd70: 7e801ca0 7f801ca0 7ec01ca0 7fc01ca0 
0000fd80: 78001da0 79001da0 78401da0 79401da0 
0000fd90: 7a001da0 7b001da0 7a401da0 7b401da0 
0000fda0: 78801da0 79801da0 78c01da0 79c01da0 
0000fdb0: 7a801da0 7b801da0 7ac01da0 7bc01da0 
0000fdc0: 7c001da0 7d001da0 7c401da0 7d401da0 
0000fdd0: 7e001da0 7f001da0 7e401da0 7f401da0 
0000fde0: 7c801da0 7d801da0 7cc01da0 7dc01da0 
0000fdf0: 7e801da0 7f801da0 7ec01da0 7fc01da0 
0000fe00: 70001ea0 71001ea0 70401ea0 71401ea0 
0000fe10: 72001ea0 73001ea0 72401ea0 73401ea0 
0000fe20: 70801ea0 71801ea0 70c01ea0 71c01ea0 
0000fe30: 72801ea0 73801ea0 72c01ea0 73c01ea0 
0000fe40: 74001ea0 75001ea0 74401ea0 75401ea0 
0000fe50: 76001ea0 77001ea0 76401ea0 77401ea0 
0000fe60: 74801ea0 75801ea0 74c01ea0 75c01ea0 
0000fe70: 76801ea0 77801ea0 76c01ea0 77c01ea0 
0000fe80: 70001fa0 71001fa0 70401fa0 71401fa0 
0000fe90: 72001fa0 73001fa0 72401fa0 73401fa0 
0000fea0: 70801fa0 71801fa0 70c01fa0 71c01fa0 
0000feb0: 72801fa0 73801fa0 72c01fa0 73c01fa0 
0000fec0: 74001fa0 75001fa0 74401fa0 75401fa0 
0000fed0: 76001fa0 77001fa0 76401fa0 77401fa0 
0000fee0: 74801fa0 75801fa0 74c01fa0 75c01fa0 
0000fef0: 76801fa0 77801fa0 76c01fa0 77c01fa0 
0000ff00: 78001ea0 79001ea0 78401ea0 79401ea0 
0000ff10: 7a001ea0 7b001ea0 7a401ea0 7b401ea0 
0000ff20: 78801ea0 79801ea0 78c01ea0 79c01ea0 
0000ff30: 7a801ea0 7b801ea0 7ac01ea0 7bc01ea0 
0000ff40: 7c001ea0 7d001ea0 7c401ea0 7d401ea0 
0000ff50: 7e001ea0 7f001ea0 7e401ea0 7f401ea0 
0000ff60: 7c801ea0 7d801ea0 7cc01ea0 7dc01ea0 
0000ff70: 7e801ea0 7f801ea0 7ec01ea0 7fc01ea0 
0000ff80: 78001fa0 79001fa0 78401fa0 79401fa0 
0000ff90: 7a001fa0 7b001fa0 7a401fa0 7b401fa0 
0000ffa0: 78801fa0 79801fa0 78c01fa0 79c01fa0 
0000ffb0: 7a801fa0 7b801fa0 7ac01fa0 7bc01fa0 
0000ffc0: 7c001fa0 7d001fa0 7c401fa0 7d401fa0 
0000ffd0: 7e001fa0 7f001fa0 7e401fa0 7f401fa0 
0000ffe0: 7c801fa0 7d801fa0 7cc01fa0 7dc01fa0 
0000fff0: 7e801fa0 7f801fa0 7ec01fa0 7fc01fa0 
