# EXP-0049 fixed_allowlist=4 unknown_bo_dump=0 pointer_following=0 shader_dump=0 command_mutation=0
SERVICE_OPEN class=IOSurfaceRoot type=0
CALL class=IOSurfaceRoot sel=13 ret=0x0 in_struct=0x0 out_struct=0x28
CALL class=IOSurfaceRoot sel=44 ret=0xe00002f0 in_struct=0x0 out_struct=0x0
SERVICE_OPEN class=AGXAcceleratorG16G type=1048581
CALL class=IOSurfaceRoot sel=32 ret=0x0 in_struct=0x0 out_struct=0x0
CALL class=AGXAcceleratorG16G sel=9 ret=0x0 in_struct=0x68 out_struct=0x58
RESOURCE_MAP class=AGXAcceleratorG16G va=0x10000000000 size=0x10000 handle=0 cpu_present=0 outcpu_present=1 allowlisted=0
CALL class=AGXAcceleratorG16G sel=9 ret=0x0 in_struct=0x68 out_struct=0x58
RESOURCE_MAP class=AGXAcceleratorG16G va=0x6f00000000 size=0x3800 handle=0 cpu_present=0 outcpu_present=1 allowlisted=0
CALL class=AGXAcceleratorG16G sel=9 ret=0x0 in_struct=0x68 out_struct=0x58
RESOURCE_MAP class=AGXAcceleratorG16G va=0x10000018000 size=0x10000 handle=0 cpu_present=0 outcpu_present=1 allowlisted=0
CALL class=AGXAcceleratorG16G sel=9 ret=0x0 in_struct=0x68 out_struct=0x58
RESOURCE_MAP class=AGXAcceleratorG16G va=0x10000030000 size=0x20000 handle=0 cpu_present=0 outcpu_present=1 allowlisted=0
CALL class=AGXAcceleratorG16G sel=9 ret=0x0 in_struct=0x68 out_struct=0x58
RESOURCE_MAP class=AGXAcceleratorG16G va=0x10000030000 size=0x20000 handle=0 cpu_present=1 outcpu_present=0 allowlisted=0
CALL class=AGXAcceleratorG16G sel=9 ret=0x0 in_struct=0x68 out_struct=0x58
RESOURCE_MAP class=AGXAcceleratorG16G va=0x0 size=0x10000 handle=0 cpu_present=0 outcpu_present=1 allowlisted=0
CALL class=AGXAcceleratorG16G sel=9 ret=0x0 in_struct=0x68 out_struct=0x58
RESOURCE_MAP class=AGXAcceleratorG16G va=0x10000030200 size=0x20000 handle=0 cpu_present=1 outcpu_present=0 allowlisted=0
CALL class=AGXAcceleratorG16G sel=9 ret=0x0 in_struct=0x68 out_struct=0x58
RESOURCE_MAP class=AGXAcceleratorG16G va=0x10000030300 size=0x20000 handle=0 cpu_present=1 outcpu_present=0 allowlisted=0
CALL class=AGXAcceleratorG16G sel=9 ret=0x0 in_struct=0x68 out_struct=0x58
RESOURCE_MAP class=AGXAcceleratorG16G va=0x10000058000 size=0x4000 handle=0 cpu_present=0 outcpu_present=1 allowlisted=0
CALL class=AGXAcceleratorG16G sel=9 ret=0x0 in_struct=0x68 out_struct=0x58
RESOURCE_MAP class=AGXAcceleratorG16G va=0x10000030400 size=0x20000 handle=0 cpu_present=1 outcpu_present=0 allowlisted=0
CALL class=AGXAcceleratorG16G sel=9 ret=0x0 in_struct=0x68 out_struct=0x58
RESOURCE_MAP class=AGXAcceleratorG16G va=0x10000030600 size=0x20000 handle=0 cpu_present=1 outcpu_present=0 allowlisted=0
CALL class=AGXAcceleratorG16G sel=9 ret=0x0 in_struct=0x68 out_struct=0x58
RESOURCE_MAP class=AGXAcceleratorG16G va=0x10000030800 size=0x20000 handle=0 cpu_present=1 outcpu_present=0 allowlisted=0
CALL class=AGXAcceleratorG16G sel=9 ret=0x0 in_struct=0x68 out_struct=0x58
RESOURCE_MAP class=AGXAcceleratorG16G va=0x10000030900 size=0x20000 handle=0 cpu_present=1 outcpu_present=0 allowlisted=0
CALL class=AGXAcceleratorG16G sel=7 ret=0x0 in_struct=0x410 out_struct=0x10
CALL class=AGXAcceleratorG16G sel=16 ret=0x0 in_struct=0x0 out_struct=0x10
CALL class=AGXAcceleratorG16G sel=28 ret=0x0 in_struct=0x0 out_struct=0x0
CALL class=AGXAcceleratorG16G sel=9 ret=0x0 in_struct=0x68 out_struct=0x58
RESOURCE_MAP class=AGXAcceleratorG16G va=0x10000030a00 size=0x20000 handle=0 cpu_present=1 outcpu_present=0 allowlisted=0
CALL class=AGXAcceleratorG16G sel=9 ret=0x0 in_struct=0x68 out_struct=0x58
RESOURCE_MAP class=AGXAcceleratorG16G va=0x10000030b00 size=0x20000 handle=0 cpu_present=1 outcpu_present=0 allowlisted=0
CALL class=AGXAcceleratorG16G sel=9 ret=0x0 in_struct=0x68 out_struct=0x58
RESOURCE_MAP class=AGXAcceleratorG16G va=0x10000030c00 size=0x20000 handle=0 cpu_present=1 outcpu_present=0 allowlisted=0
CALL class=AGXAcceleratorG16G sel=9 ret=0x0 in_struct=0x68 out_struct=0x58
RESOURCE_MAP class=AGXAcceleratorG16G va=0x10000031c00 size=0x20000 handle=0 cpu_present=1 outcpu_present=0 allowlisted=0
CALL class=AGXAcceleratorG16G sel=9 ret=0x0 in_struct=0x68 out_struct=0x58
RESOURCE_MAP class=AGXAcceleratorG16G va=0x10000031d00 size=0x20000 handle=0 cpu_present=1 outcpu_present=0 allowlisted=0
CALL class=AGXAcceleratorG16G sel=9 ret=0x0 in_struct=0x68 out_struct=0x58
RESOURCE_MAP class=AGXAcceleratorG16G va=0x10000031e00 size=0x20000 handle=0 cpu_present=1 outcpu_present=0 allowlisted=0
CALL class=AGXAcceleratorG16G sel=9 ret=0x0 in_struct=0x68 out_struct=0x58
RESOURCE_MAP class=AGXAcceleratorG16G va=0x10000031f00 size=0x20000 handle=0 cpu_present=1 outcpu_present=0 allowlisted=0
CALL class=AGXAcceleratorG16G sel=9 ret=0x0 in_struct=0x68 out_struct=0x58
RESOURCE_MAP class=AGXAcceleratorG16G va=0x10000032700 size=0x20000 handle=0 cpu_present=1 outcpu_present=0 allowlisted=0
CALL class=AGXAcceleratorG16G sel=9 ret=0x0 in_struct=0x68 out_struct=0x58
RESOURCE_MAP class=AGXAcceleratorG16G va=0x10000032800 size=0x20000 handle=0 cpu_present=1 outcpu_present=0 allowlisted=0
CALL class=AGXAcceleratorG16G sel=9 ret=0x0 in_struct=0x68 out_struct=0x58
RESOURCE_MAP class=AGXAcceleratorG16G va=0x10000060000 size=0x20000 handle=0 cpu_present=0 outcpu_present=1 allowlisted=0
CALL class=AGXAcceleratorG16G sel=9 ret=0x0 in_struct=0x68 out_struct=0x58
RESOURCE_MAP class=AGXAcceleratorG16G va=0x10000060000 size=0x20000 handle=0 cpu_present=1 outcpu_present=0 allowlisted=0
CALL class=AGXAcceleratorG16G sel=14 ret=0x0 in_struct=0x0 out_struct=0x10
CALL class=AGXAcceleratorG16G sel=14 ret=0x0 in_struct=0x0 out_struct=0x10
CALL class=AGXAcceleratorG16G sel=9 ret=0x0 in_struct=0x68 out_struct=0x58
RESOURCE_MAP class=AGXAcceleratorG16G va=0x10000088000 size=0x74000 handle=0 cpu_present=0 outcpu_present=1 allowlisted=0
CALL class=AGXAcceleratorG16G sel=9 ret=0x0 in_struct=0x68 out_struct=0x58
RESOURCE_MAP class=AGXAcceleratorG16G va=0x18000 size=0x8000 handle=0 cpu_present=0 outcpu_present=1 allowlisted=1
CALL class=AGXAcceleratorG16G sel=9 ret=0x0 in_struct=0x68 out_struct=0x58
RESOURCE_MAP class=AGXAcceleratorG16G va=0x28000 size=0x8000 handle=0 cpu_present=0 outcpu_present=1 allowlisted=0
CALL class=AGXAcceleratorG16G sel=9 ret=0x0 in_struct=0x68 out_struct=0x58
RESOURCE_MAP class=AGXAcceleratorG16G va=0x38000 size=0x8000 handle=0 cpu_present=0 outcpu_present=1 allowlisted=0
CALL class=AGXAcceleratorG16G sel=9 ret=0x0 in_struct=0x68 out_struct=0x58
RESOURCE_MAP class=AGXAcceleratorG16G va=0x10000100000 size=0x8000 handle=0 cpu_present=0 outcpu_present=1 allowlisted=0
CALL class=AGXAcceleratorG16G sel=9 ret=0x0 in_struct=0x68 out_struct=0x58
RESOURCE_MAP class=AGXAcceleratorG16G va=0x10000110000 size=0x8000 handle=0 cpu_present=0 outcpu_present=1 allowlisted=0
CALL class=AGXAcceleratorG16G sel=9 ret=0x0 in_struct=0x68 out_struct=0x58
RESOURCE_MAP class=AGXAcceleratorG16G va=0x10000120000 size=0x8000 handle=0 cpu_present=0 outcpu_present=1 allowlisted=0
CALL class=AGXAcceleratorG16G sel=9 ret=0x0 in_struct=0x68 out_struct=0x58
RESOURCE_MAP class=AGXAcceleratorG16G va=0x10000130000 size=0x8000 handle=0 cpu_present=0 outcpu_present=1 allowlisted=0
CALL class=AGXAcceleratorG16G sel=9 ret=0x0 in_struct=0x68 out_struct=0x58
RESOURCE_MAP class=AGXAcceleratorG16G va=0x10000140000 size=0x100000 handle=0 cpu_present=0 outcpu_present=1 allowlisted=0
CALL class=AGXAcceleratorG16G sel=9 ret=0x0 in_struct=0x68 out_struct=0x58
RESOURCE_MAP class=AGXAcceleratorG16G va=0x48000 size=0x8000 handle=0 cpu_present=0 outcpu_present=1 allowlisted=0
CALL class=AGXAcceleratorG16G sel=9 ret=0x0 in_struct=0x68 out_struct=0x58
RESOURCE_MAP class=AGXAcceleratorG16G va=0x10000248000 size=0x8000 handle=0 cpu_present=0 outcpu_present=1 allowlisted=0
CALL class=AGXAcceleratorG16G sel=9 ret=0x0 in_struct=0x68 out_struct=0x58
RESOURCE_MAP class=AGXAcceleratorG16G va=0x10000258000 size=0x8000 handle=0 cpu_present=0 outcpu_present=1 allowlisted=0
CALL class=AGXAcceleratorG16G sel=9 ret=0x0 in_struct=0x68 out_struct=0x58
RESOURCE_MAP class=AGXAcceleratorG16G va=0x10000268000 size=0x8000 handle=0 cpu_present=0 outcpu_present=1 allowlisted=0
CALL class=AGXAcceleratorG16G sel=9 ret=0x0 in_struct=0x68 out_struct=0x58
RESOURCE_MAP class=AGXAcceleratorG16G va=0x10000278000 size=0x8000 handle=0 cpu_present=0 outcpu_present=1 allowlisted=0
CALL class=AGXAcceleratorG16G sel=9 ret=0x0 in_struct=0x68 out_struct=0x58
RESOURCE_MAP class=AGXAcceleratorG16G va=0x10000288000 size=0x8000 handle=0 cpu_present=0 outcpu_present=1 allowlisted=0
CALL class=AGXAcceleratorG16G sel=9 ret=0x0 in_struct=0x68 out_struct=0x58
RESOURCE_MAP class=AGXAcceleratorG16G va=0x58000 size=0x8000 handle=0 cpu_present=0 outcpu_present=1 allowlisted=0
CALL class=AGXAcceleratorG16G sel=9 ret=0x0 in_struct=0x68 out_struct=0x58
RESOURCE_MAP class=AGXAcceleratorG16G va=0x68000 size=0x88e0 handle=0 cpu_present=0 outcpu_present=1 allowlisted=0
CALL class=AGXAcceleratorG16G sel=9 ret=0x0 in_struct=0x68 out_struct=0x58
RESOURCE_MAP class=AGXAcceleratorG16G va=0x10000298000 size=0xc0000 handle=0 cpu_present=0 outcpu_present=1 allowlisted=0
CALL class=AGXAcceleratorG16G sel=14 ret=0x0 in_struct=0x0 out_struct=0x10
CALL class=AGXAcceleratorG16G sel=14 ret=0x0 in_struct=0x0 out_struct=0x10
CALL class=AGXAcceleratorG16G sel=9 ret=0x0 in_struct=0x68 out_struct=0x58
RESOURCE_MAP class=AGXAcceleratorG16G va=0x10000360000 size=0x8000 handle=0 cpu_present=0 outcpu_present=1 allowlisted=0
CALL class=AGXAcceleratorG16G sel=9 ret=0x0 in_struct=0x68 out_struct=0x58
RESOURCE_MAP class=AGXAcceleratorG16G va=0x78000 size=0x88e0 handle=0 cpu_present=0 outcpu_present=1 allowlisted=0
CALL class=AGXAcceleratorG16G sel=14 ret=0x0 in_struct=0x0 out_struct=0x10
CALL class=AGXAcceleratorG16G sel=9 ret=0x0 in_struct=0x68 out_struct=0x58
RESOURCE_MAP class=AGXAcceleratorG16G va=0x10000370000 size=0x8000 handle=0 cpu_present=0 outcpu_present=1 allowlisted=0
CALL class=AGXAcceleratorG16G sel=9 ret=0x0 in_struct=0x68 out_struct=0x58
RESOURCE_MAP class=AGXAcceleratorG16G va=0x88000 size=0x88e0 handle=0 cpu_present=0 outcpu_present=1 allowlisted=1
CALL class=AGXAcceleratorG16G sel=9 ret=0x0 in_struct=0x68 out_struct=0x58
RESOURCE_MAP class=AGXAcceleratorG16G va=0x10000380000 size=0x8000 handle=0 cpu_present=0 outcpu_present=1 allowlisted=0
CALL class=AGXAcceleratorG16G sel=14 ret=0x0 in_struct=0x0 out_struct=0x10
CALL class=AGXAcceleratorG16G sel=9 ret=0x0 in_struct=0x68 out_struct=0x58
RESOURCE_MAP class=AGXAcceleratorG16G va=0x10000390000 size=0x8000 handle=0 cpu_present=0 outcpu_present=1 allowlisted=0
CALL class=AGXAcceleratorG16G sel=14 ret=0x0 in_struct=0x0 out_struct=0x10
CALL class=AGXAcceleratorG16G sel=9 ret=0x0 in_struct=0x68 out_struct=0x58
RESOURCE_MAP class=AGXAcceleratorG16G va=0x98000 size=0x88e0 handle=0 cpu_present=0 outcpu_present=1 allowlisted=0
CALL class=AGXAcceleratorG16G sel=9 ret=0x0 in_struct=0x68 out_struct=0x58
RESOURCE_MAP class=AGXAcceleratorG16G va=0x100003a0000 size=0x8000 handle=0 cpu_present=0 outcpu_present=1 allowlisted=0
CALL class=AGXAcceleratorG16G sel=9 ret=0x0 in_struct=0x68 out_struct=0x58
RESOURCE_MAP class=AGXAcceleratorG16G va=0xa8000 size=0x88e0 handle=0 cpu_present=0 outcpu_present=1 allowlisted=0
CALL class=AGXAcceleratorG16G sel=9 ret=0x0 in_struct=0x68 out_struct=0x58
RESOURCE_MAP class=AGXAcceleratorG16G va=0x100003b0000 size=0x8000 handle=0 cpu_present=0 outcpu_present=1 allowlisted=0
CALL class=AGXAcceleratorG16G sel=9 ret=0x0 in_struct=0x68 out_struct=0x58
RESOURCE_MAP class=AGXAcceleratorG16G va=0x100003c0000 size=0x8000 handle=0 cpu_present=0 outcpu_present=1 allowlisted=0
CALL class=AGXAcceleratorG16G sel=9 ret=0x0 in_struct=0x68 out_struct=0x58
RESOURCE_MAP class=AGXAcceleratorG16G va=0x100003d0000 size=0x8000 handle=0 cpu_present=0 outcpu_present=1 allowlisted=0
CALL class=AGXAcceleratorG16G sel=9 ret=0x0 in_struct=0x68 out_struct=0x58
RESOURCE_MAP class=AGXAcceleratorG16G va=0xb8000 size=0x88e0 handle=0 cpu_present=0 outcpu_present=1 allowlisted=0
CALL class=AGXAcceleratorG16G sel=14 ret=0x0 in_struct=0x0 out_struct=0x10
CALL class=AGXAcceleratorG16G sel=9 ret=0x0 in_struct=0x68 out_struct=0x58
RESOURCE_MAP class=AGXAcceleratorG16G va=0x100003e0000 size=0x8000 handle=0 cpu_present=0 outcpu_present=1 allowlisted=0
CALL class=AGXAcceleratorG16G sel=14 ret=0x0 in_struct=0x0 out_struct=0x10
CALL class=AGXAcceleratorG16G sel=9 ret=0x0 in_struct=0x68 out_struct=0x58
RESOURCE_MAP class=AGXAcceleratorG16G va=0xc8000 size=0x88e0 handle=0 cpu_present=0 outcpu_present=1 allowlisted=0
CALL class=AGXAcceleratorG16G sel=9 ret=0x0 in_struct=0x68 out_struct=0x58
RESOURCE_MAP class=AGXAcceleratorG16G va=0x100003f0000 size=0x8000 handle=0 cpu_present=0 outcpu_present=1 allowlisted=0
CALL class=AGXAcceleratorG16G sel=9 ret=0x0 in_struct=0x68 out_struct=0x58
RESOURCE_MAP class=AGXAcceleratorG16G va=0x10000400000 size=0x8000 handle=0 cpu_present=0 outcpu_present=1 allowlisted=0
CALL class=AGXAcceleratorG16G sel=9 ret=0x0 in_struct=0x68 out_struct=0x58
RESOURCE_MAP class=AGXAcceleratorG16G va=0xd8000 size=0x88e0 handle=0 cpu_present=0 outcpu_present=1 allowlisted=0
CALL class=AGXAcceleratorG16G sel=9 ret=0x0 in_struct=0x68 out_struct=0x58
RESOURCE_MAP class=AGXAcceleratorG16G va=0x10000410000 size=0x8000 handle=0 cpu_present=0 outcpu_present=1 allowlisted=0
CALL class=AGXAcceleratorG16G sel=9 ret=0x0 in_struct=0x68 out_struct=0x58
RESOURCE_MAP class=AGXAcceleratorG16G va=0x10000420000 size=0x8000 handle=0 cpu_present=0 outcpu_present=1 allowlisted=0
CALL class=AGXAcceleratorG16G sel=9 ret=0x0 in_struct=0x68 out_struct=0x58
RESOURCE_MAP class=AGXAcceleratorG16G va=0x10000430000 size=0x8000 handle=0 cpu_present=0 outcpu_present=1 allowlisted=0
CALL class=AGXAcceleratorG16G sel=9 ret=0x0 in_struct=0x68 out_struct=0x58
RESOURCE_MAP class=AGXAcceleratorG16G va=0x10000440000 size=0x8000 handle=0 cpu_present=0 outcpu_present=1 allowlisted=0
CALL class=AGXAcceleratorG16G sel=9 ret=0x0 in_struct=0x68 out_struct=0x58
RESOURCE_MAP class=AGXAcceleratorG16G va=0xe8000 size=0x88e0 handle=0 cpu_present=0 outcpu_present=1 allowlisted=0
CALL class=AGXAcceleratorG16G sel=9 ret=0x0 in_struct=0x68 out_struct=0x58
RESOURCE_MAP class=AGXAcceleratorG16G va=0x10000450000 size=0x8000 handle=0 cpu_present=0 outcpu_present=1 allowlisted=0
CALL class=AGXAcceleratorG16G sel=9 ret=0x0 in_struct=0x68 out_struct=0x58
RESOURCE_MAP class=AGXAcceleratorG16G va=0x10000460000 size=0x8000 handle=0 cpu_present=0 outcpu_present=1 allowlisted=0
CALL class=AGXAcceleratorG16G sel=9 ret=0x0 in_struct=0x68 out_struct=0x58
RESOURCE_MAP class=AGXAcceleratorG16G va=0xf8000 size=0x88e0 handle=0 cpu_present=0 outcpu_present=1 allowlisted=0
CALL class=AGXAcceleratorG16G sel=9 ret=0x0 in_struct=0x68 out_struct=0x58
RESOURCE_MAP class=AGXAcceleratorG16G va=0x10000470000 size=0x8000 handle=0 cpu_present=0 outcpu_present=1 allowlisted=0
CALL class=AGXAcceleratorG16G sel=9 ret=0x0 in_struct=0x68 out_struct=0x58
RESOURCE_MAP class=AGXAcceleratorG16G va=0x10000480000 size=0x8000 handle=0 cpu_present=0 outcpu_present=1 allowlisted=0
CALL class=AGXAcceleratorG16G sel=9 ret=0x0 in_struct=0x68 out_struct=0x58
RESOURCE_MAP class=AGXAcceleratorG16G va=0x108000 size=0x88e0 handle=0 cpu_present=0 outcpu_present=1 allowlisted=0
CALL class=AGXAcceleratorG16G sel=9 ret=0x0 in_struct=0x68 out_struct=0x58
RESOURCE_MAP class=AGXAcceleratorG16G va=0x10000490000 size=0x8000 handle=0 cpu_present=0 outcpu_present=1 allowlisted=0
CALL class=AGXAcceleratorG16G sel=14 ret=0x0 in_struct=0x0 out_struct=0x10
CALL class=AGXAcceleratorG16G sel=9 ret=0x0 in_struct=0x68 out_struct=0x58
RESOURCE_MAP class=AGXAcceleratorG16G va=0x118000 size=0x88e0 handle=0 cpu_present=0 outcpu_present=1 allowlisted=0
CALL class=AGXAcceleratorG16G sel=14 ret=0x0 in_struct=0x0 out_struct=0x10
CALL class=AGXAcceleratorG16G sel=9 ret=0x0 in_struct=0x68 out_struct=0x58
RESOURCE_MAP class=AGXAcceleratorG16G va=0x100004a0000 size=0x8000 handle=0 cpu_present=0 outcpu_present=1 allowlisted=0
CALL class=AGXAcceleratorG16G sel=9 ret=0x0 in_struct=0x68 out_struct=0x58
RESOURCE_MAP class=AGXAcceleratorG16G va=0x100004b0000 size=0x8000 handle=0 cpu_present=0 outcpu_present=1 allowlisted=0
CALL class=AGXAcceleratorG16G sel=9 ret=0x0 in_struct=0x68 out_struct=0x58
RESOURCE_MAP class=AGXAcceleratorG16G va=0x128000 size=0x8000 handle=0 cpu_present=0 outcpu_present=1 allowlisted=0
CALL class=AGXAcceleratorG16G sel=9 ret=0x0 in_struct=0x68 out_struct=0x58
RESOURCE_MAP class=AGXAcceleratorG16G va=0x138000 size=0x8000 handle=0 cpu_present=0 outcpu_present=1 allowlisted=0
CALL class=AGXAcceleratorG16G sel=9 ret=0x0 in_struct=0x68 out_struct=0x58
RESOURCE_MAP class=AGXAcceleratorG16G va=0x148000 size=0x88e0 handle=0 cpu_present=0 outcpu_present=1 allowlisted=0
CALL class=AGXAcceleratorG16G sel=9 ret=0x0 in_struct=0x68 out_struct=0x58
RESOURCE_MAP class=AGXAcceleratorG16G va=0x100004c0000 size=0x8000 handle=0 cpu_present=0 outcpu_present=1 allowlisted=0
CALL class=AGXAcceleratorG16G sel=9 ret=0x0 in_struct=0x68 out_struct=0x58
RESOURCE_MAP class=AGXAcceleratorG16G va=0x158000 size=0x88e0 handle=0 cpu_present=0 outcpu_present=1 allowlisted=0
CALL class=AGXAcceleratorG16G sel=9 ret=0x0 in_struct=0x68 out_struct=0x58
RESOURCE_MAP class=AGXAcceleratorG16G va=0x100004d0000 size=0x8000 handle=0 cpu_present=0 outcpu_present=1 allowlisted=0
CALL class=AGXAcceleratorG16G sel=9 ret=0x0 in_struct=0x68 out_struct=0x58
RESOURCE_MAP class=AGXAcceleratorG16G va=0x100004e0000 size=0x8000 handle=0 cpu_present=0 outcpu_present=1 allowlisted=0
CALL class=AGXAcceleratorG16G sel=9 ret=0x0 in_struct=0x68 out_struct=0x58
RESOURCE_MAP class=AGXAcceleratorG16G va=0x100004f0000 size=0x8000 handle=0 cpu_present=0 outcpu_present=1 allowlisted=0
CALL class=AGXAcceleratorG16G sel=9 ret=0x0 in_struct=0x68 out_struct=0x58
RESOURCE_MAP class=AGXAcceleratorG16G va=0x168000 size=0x88e0 handle=0 cpu_present=0 outcpu_present=1 allowlisted=0
CALL class=AGXAcceleratorG16G sel=9 ret=0x0 in_struct=0x68 out_struct=0x58
RESOURCE_MAP class=AGXAcceleratorG16G va=0x10000500000 size=0x8000 handle=0 cpu_present=0 outcpu_present=1 allowlisted=0
CALL class=AGXAcceleratorG16G sel=9 ret=0x0 in_struct=0x68 out_struct=0x58
RESOURCE_MAP class=AGXAcceleratorG16G va=0x10000510000 size=0x8000 handle=0 cpu_present=0 outcpu_present=1 allowlisted=0
CALL class=AGXAcceleratorG16G sel=9 ret=0x0 in_struct=0x68 out_struct=0x58
RESOURCE_MAP class=AGXAcceleratorG16G va=0x178000 size=0x88e0 handle=0 cpu_present=0 outcpu_present=1 allowlisted=0
CALL class=AGXAcceleratorG16G sel=9 ret=0x0 in_struct=0x68 out_struct=0x58
RESOURCE_MAP class=AGXAcceleratorG16G va=0x10000520000 size=0x8000 handle=0 cpu_present=0 outcpu_present=1 allowlisted=0
CALL class=AGXAcceleratorG16G sel=9 ret=0x0 in_struct=0x68 out_struct=0x58
RESOURCE_MAP class=AGXAcceleratorG16G va=0x10000530000 size=0x8000 handle=0 cpu_present=0 outcpu_present=1 allowlisted=0
CALL class=AGXAcceleratorG16G sel=9 ret=0x0 in_struct=0x68 out_struct=0x58
RESOURCE_MAP class=AGXAcceleratorG16G va=0x10000540000 size=0x8000 handle=0 cpu_present=0 outcpu_present=1 allowlisted=0
CALL class=AGXAcceleratorG16G sel=9 ret=0x0 in_struct=0x68 out_struct=0x58
RESOURCE_MAP class=AGXAcceleratorG16G va=0x10000550000 size=0x8000 handle=0 cpu_present=0 outcpu_present=1 allowlisted=0
CALL class=AGXAcceleratorG16G sel=9 ret=0x0 in_struct=0x68 out_struct=0x58
RESOURCE_MAP class=AGXAcceleratorG16G va=0x188000 size=0x88e0 handle=0 cpu_present=0 outcpu_present=1 allowlisted=0
CALL class=AGXAcceleratorG16G sel=9 ret=0x0 in_struct=0x68 out_struct=0x58
RESOURCE_MAP class=AGXAcceleratorG16G va=0x10000560000 size=0x8000 handle=0 cpu_present=0 outcpu_present=1 allowlisted=0
CALL class=AGXAcceleratorG16G sel=9 ret=0x0 in_struct=0x68 out_struct=0x58
RESOURCE_MAP class=AGXAcceleratorG16G va=0x198000 size=0x88e0 handle=0 cpu_present=0 outcpu_present=1 allowlisted=0
CALL class=AGXAcceleratorG16G sel=9 ret=0x0 in_struct=0x68 out_struct=0x58
RESOURCE_MAP class=AGXAcceleratorG16G va=0x10000570000 size=0x8000 handle=0 cpu_present=0 outcpu_present=1 allowlisted=0
CALL class=AGXAcceleratorG16G sel=9 ret=0x0 in_struct=0x68 out_struct=0x58
RESOURCE_MAP class=AGXAcceleratorG16G va=0x10000580000 size=0x8000 handle=0 cpu_present=0 outcpu_present=1 allowlisted=0
CALL class=AGXAcceleratorG16G sel=9 ret=0x0 in_struct=0x68 out_struct=0x58
RESOURCE_MAP class=AGXAcceleratorG16G va=0x1a8000 size=0x88e0 handle=0 cpu_present=0 outcpu_present=1 allowlisted=0
CALL class=AGXAcceleratorG16G sel=9 ret=0x0 in_struct=0x68 out_struct=0x58
RESOURCE_MAP class=AGXAcceleratorG16G va=0x10000590000 size=0x8000 handle=0 cpu_present=0 outcpu_present=1 allowlisted=0
CALL class=AGXAcceleratorG16G sel=9 ret=0x0 in_struct=0x68 out_struct=0x58
RESOURCE_MAP class=AGXAcceleratorG16G va=0x100005a0000 size=0x8000 handle=0 cpu_present=0 outcpu_present=1 allowlisted=0
CALL class=AGXAcceleratorG16G sel=9 ret=0x0 in_struct=0x68 out_struct=0x58
RESOURCE_MAP class=AGXAcceleratorG16G va=0x1b8000 size=0x88e0 handle=0 cpu_present=0 outcpu_present=1 allowlisted=0
CALL class=AGXAcceleratorG16G sel=9 ret=0x0 in_struct=0x68 out_struct=0x58
RESOURCE_MAP class=AGXAcceleratorG16G va=0x100005b0000 size=0x8000 handle=0 cpu_present=0 outcpu_present=1 allowlisted=0
CALL class=AGXAcceleratorG16G sel=9 ret=0x0 in_struct=0x68 out_struct=0x58
RESOURCE_MAP class=AGXAcceleratorG16G va=0x1c8000 size=0x88e0 handle=0 cpu_present=0 outcpu_present=1 allowlisted=0
CALL class=AGXAcceleratorG16G sel=9 ret=0x0 in_struct=0x68 out_struct=0x58
RESOURCE_MAP class=AGXAcceleratorG16G va=0x100005c0000 size=0x8000 handle=0 cpu_present=0 outcpu_present=1 allowlisted=0
CALL class=AGXAcceleratorG16G sel=9 ret=0x0 in_struct=0x68 out_struct=0x58
RESOURCE_MAP class=AGXAcceleratorG16G va=0x100005d0000 size=0x8000 handle=0 cpu_present=0 outcpu_present=1 allowlisted=0
CALL class=AGXAcceleratorG16G sel=9 ret=0x0 in_struct=0x68 out_struct=0x58
RESOURCE_MAP class=AGXAcceleratorG16G va=0x1d8000 size=0x88e0 handle=0 cpu_present=0 outcpu_present=1 allowlisted=0
CALL class=AGXAcceleratorG16G sel=9 ret=0x0 in_struct=0x68 out_struct=0x58
RESOURCE_MAP class=AGXAcceleratorG16G va=0x100005e0000 size=0x8000 handle=0 cpu_present=0 outcpu_present=1 allowlisted=0
CALL class=AGXAcceleratorG16G sel=14 ret=0x0 in_struct=0x0 out_struct=0x10
CALL class=AGXAcceleratorG16G sel=9 ret=0x0 in_struct=0x68 out_struct=0x58
RESOURCE_MAP class=AGXAcceleratorG16G va=0x1e8000 size=0x88e0 handle=0 cpu_present=0 outcpu_present=1 allowlisted=0
CALL class=AGXAcceleratorG16G sel=9 ret=0x0 in_struct=0x68 out_struct=0x58
RESOURCE_MAP class=AGXAcceleratorG16G va=0x100005f0000 size=0x8000 handle=0 cpu_present=0 outcpu_present=1 allowlisted=0
CALL class=AGXAcceleratorG16G sel=9 ret=0x0 in_struct=0x68 out_struct=0x58
RESOURCE_MAP class=AGXAcceleratorG16G va=0x10000600000 size=0x8000 handle=0 cpu_present=0 outcpu_present=1 allowlisted=0
CALL class=AGXAcceleratorG16G sel=14 ret=0x0 in_struct=0x0 out_struct=0x10
CALL class=AGXAcceleratorG16G sel=9 ret=0x0 in_struct=0x68 out_struct=0x58
RESOURCE_MAP class=AGXAcceleratorG16G va=0x10000610000 size=0x8000 handle=0 cpu_present=0 outcpu_present=1 allowlisted=0
CALL class=AGXAcceleratorG16G sel=9 ret=0x0 in_struct=0x68 out_struct=0x58
RESOURCE_MAP class=AGXAcceleratorG16G va=0x10000620000 size=0x8000 handle=0 cpu_present=0 outcpu_present=1 allowlisted=0
CALL class=AGXAcceleratorG16G sel=9 ret=0x0 in_struct=0x68 out_struct=0x58
RESOURCE_MAP class=AGXAcceleratorG16G va=0x10000630000 size=0x8000 handle=0 cpu_present=0 outcpu_present=1 allowlisted=0
CALL class=AGXAcceleratorG16G sel=9 ret=0x0 in_struct=0x68 out_struct=0x58
RESOURCE_MAP class=AGXAcceleratorG16G va=0x10000640000 size=0x8000 handle=0 cpu_present=0 outcpu_present=1 allowlisted=0
CALL class=AGXAcceleratorG16G sel=9 ret=0x0 in_struct=0x68 out_struct=0x58
RESOURCE_MAP class=AGXAcceleratorG16G va=0x1f8000 size=0x88e0 handle=0 cpu_present=0 outcpu_present=1 allowlisted=0
CALL class=AGXAcceleratorG16G sel=9 ret=0x0 in_struct=0x68 out_struct=0x58
RESOURCE_MAP class=AGXAcceleratorG16G va=0x208000 size=0x8000 handle=0 cpu_present=0 outcpu_present=1 allowlisted=0
CALL class=AGXAcceleratorG16G sel=9 ret=0x0 in_struct=0x68 out_struct=0x58
RESOURCE_MAP class=AGXAcceleratorG16G va=0x218000 size=0x8000 handle=0 cpu_present=0 outcpu_present=1 allowlisted=0
CALL class=AGXAcceleratorG16G sel=9 ret=0x0 in_struct=0x68 out_struct=0x58
RESOURCE_MAP class=AGXAcceleratorG16G va=0x10000650000 size=0x8000 handle=0 cpu_present=0 outcpu_present=1 allowlisted=0
CALL class=AGXAcceleratorG16G sel=9 ret=0x0 in_struct=0x68 out_struct=0x58
RESOURCE_MAP class=AGXAcceleratorG16G va=0x228000 size=0x88e0 handle=0 cpu_present=0 outcpu_present=1 allowlisted=0
CALL class=AGXAcceleratorG16G sel=9 ret=0x0 in_struct=0x68 out_struct=0x58
RESOURCE_MAP class=AGXAcceleratorG16G va=0x10000660000 size=0x8000 handle=0 cpu_present=0 outcpu_present=1 allowlisted=0
CALL class=AGXAcceleratorG16G sel=9 ret=0x0 in_struct=0x68 out_struct=0x58
RESOURCE_MAP class=AGXAcceleratorG16G va=0x238000 size=0x88e0 handle=0 cpu_present=0 outcpu_present=1 allowlisted=0
CALL class=AGXAcceleratorG16G sel=9 ret=0x0 in_struct=0x68 out_struct=0x58
RESOURCE_MAP class=AGXAcceleratorG16G va=0x10000670000 size=0x8000 handle=0 cpu_present=0 outcpu_present=1 allowlisted=0
CALL class=AGXAcceleratorG16G sel=9 ret=0x0 in_struct=0x68 out_struct=0x58
RESOURCE_MAP class=AGXAcceleratorG16G va=0x10000680000 size=0x8000 handle=0 cpu_present=0 outcpu_present=1 allowlisted=0
CALL class=AGXAcceleratorG16G sel=9 ret=0x0 in_struct=0x68 out_struct=0x58
RESOURCE_MAP class=AGXAcceleratorG16G va=0x248000 size=0x88e0 handle=0 cpu_present=0 outcpu_present=1 allowlisted=0
CALL class=AGXAcceleratorG16G sel=9 ret=0x0 in_struct=0x68 out_struct=0x58
RESOURCE_MAP class=AGXAcceleratorG16G va=0x10000690000 size=0x8000 handle=0 cpu_present=0 outcpu_present=1 allowlisted=0
CALL class=AGXAcceleratorG16G sel=9 ret=0x0 in_struct=0x68 out_struct=0x58
RESOURCE_MAP class=AGXAcceleratorG16G va=0x100006a0000 size=0x8000 handle=0 cpu_present=0 outcpu_present=1 allowlisted=0
CALL class=AGXAcceleratorG16G sel=9 ret=0x0 in_struct=0x68 out_struct=0x58
RESOURCE_MAP class=AGXAcceleratorG16G va=0x258000 size=0x88e0 handle=0 cpu_present=0 outcpu_present=1 allowlisted=0
CALL class=AGXAcceleratorG16G sel=9 ret=0x0 in_struct=0x68 out_struct=0x58
RESOURCE_MAP class=AGXAcceleratorG16G va=0x100006b0000 size=0x8000 handle=0 cpu_present=0 outcpu_present=1 allowlisted=0
CALL class=AGXAcceleratorG16G sel=9 ret=0x0 in_struct=0x68 out_struct=0x58
RESOURCE_MAP class=AGXAcceleratorG16G va=0x100006c0000 size=0x8000 handle=0 cpu_present=0 outcpu_present=1 allowlisted=0
CALL class=AGXAcceleratorG16G sel=9 ret=0x0 in_struct=0x68 out_struct=0x58
RESOURCE_MAP class=AGXAcceleratorG16G va=0x268000 size=0x88e0 handle=0 cpu_present=0 outcpu_present=1 allowlisted=0
CALL class=AGXAcceleratorG16G sel=9 ret=0x0 in_struct=0x68 out_struct=0x58
RESOURCE_MAP class=AGXAcceleratorG16G va=0x100006d0000 size=0x8000 handle=0 cpu_present=0 outcpu_present=1 allowlisted=0
CALL class=AGXAcceleratorG16G sel=9 ret=0x0 in_struct=0x68 out_struct=0x58
RESOURCE_MAP class=AGXAcceleratorG16G va=0x278000 size=0x88e0 handle=0 cpu_present=0 outcpu_present=1 allowlisted=0
CALL class=AGXAcceleratorG16G sel=9 ret=0x0 in_struct=0x68 out_struct=0x58
RESOURCE_MAP class=AGXAcceleratorG16G va=0x100006e0000 size=0x8000 handle=0 cpu_present=0 outcpu_present=1 allowlisted=0
CALL class=AGXAcceleratorG16G sel=9 ret=0x0 in_struct=0x68 out_struct=0x58
RESOURCE_MAP class=AGXAcceleratorG16G va=0x100006f0000 size=0x8000 handle=0 cpu_present=0 outcpu_present=1 allowlisted=0
CALL class=AGXAcceleratorG16G sel=9 ret=0x0 in_struct=0x68 out_struct=0x58
RESOURCE_MAP class=AGXAcceleratorG16G va=0x10000700000 size=0x8000 handle=0 cpu_present=0 outcpu_present=1 allowlisted=0
CALL class=AGXAcceleratorG16G sel=9 ret=0x0 in_struct=0x68 out_struct=0x58
RESOURCE_MAP class=AGXAcceleratorG16G va=0x288000 size=0x88e0 handle=0 cpu_present=0 outcpu_present=1 allowlisted=0
CALL class=AGXAcceleratorG16G sel=9 ret=0x0 in_struct=0x68 out_struct=0x58
RESOURCE_MAP class=AGXAcceleratorG16G va=0x10000710000 size=0x8000 handle=0 cpu_present=0 outcpu_present=1 allowlisted=0
CALL class=AGXAcceleratorG16G sel=9 ret=0x0 in_struct=0x68 out_struct=0x58
RESOURCE_MAP class=AGXAcceleratorG16G va=0x10000720000 size=0x8000 handle=0 cpu_present=0 outcpu_present=1 allowlisted=0
CALL class=AGXAcceleratorG16G sel=9 ret=0x0 in_struct=0x68 out_struct=0x58
RESOURCE_MAP class=AGXAcceleratorG16G va=0x10000730000 size=0x8000 handle=0 cpu_present=0 outcpu_present=1 allowlisted=0
CALL class=AGXAcceleratorG16G sel=9 ret=0x0 in_struct=0x68 out_struct=0x58
RESOURCE_MAP class=AGXAcceleratorG16G va=0x298000 size=0x88e0 handle=0 cpu_present=0 outcpu_present=1 allowlisted=0
CALL class=AGXAcceleratorG16G sel=9 ret=0x0 in_struct=0x68 out_struct=0x58
RESOURCE_MAP class=AGXAcceleratorG16G va=0x10000740000 size=0x8000 handle=0 cpu_present=0 outcpu_present=1 allowlisted=0
CALL class=AGXAcceleratorG16G sel=9 ret=0x0 in_struct=0x68 out_struct=0x58
RESOURCE_MAP class=AGXAcceleratorG16G va=0x10000750000 size=0x8000 handle=0 cpu_present=0 outcpu_present=1 allowlisted=0
CALL class=AGXAcceleratorG16G sel=9 ret=0x0 in_struct=0x68 out_struct=0x58
RESOURCE_MAP class=AGXAcceleratorG16G va=0x10000760000 size=0x8000 handle=0 cpu_present=0 outcpu_present=1 allowlisted=0
CALL class=AGXAcceleratorG16G sel=9 ret=0x0 in_struct=0x68 out_struct=0x58
RESOURCE_MAP class=AGXAcceleratorG16G va=0x2a8000 size=0x88e0 handle=0 cpu_present=0 outcpu_present=1 allowlisted=0
CALL class=AGXAcceleratorG16G sel=9 ret=0x0 in_struct=0x68 out_struct=0x58
RESOURCE_MAP class=AGXAcceleratorG16G va=0x10000770000 size=0x8000 handle=0 cpu_present=0 outcpu_present=1 allowlisted=0
CALL class=AGXAcceleratorG16G sel=9 ret=0x0 in_struct=0x68 out_struct=0x58
RESOURCE_MAP class=AGXAcceleratorG16G va=0x2b8000 size=0x88e0 handle=0 cpu_present=0 outcpu_present=1 allowlisted=0
CALL class=AGXAcceleratorG16G sel=9 ret=0x0 in_struct=0x68 out_struct=0x58
RESOURCE_MAP class=AGXAcceleratorG16G va=0x10000780000 size=0x8000 handle=0 cpu_present=0 outcpu_present=1 allowlisted=0
CALL class=AGXAcceleratorG16G sel=9 ret=0x0 in_struct=0x68 out_struct=0x58
RESOURCE_MAP class=AGXAcceleratorG16G va=0x2c8000 size=0x88e0 handle=0 cpu_present=0 outcpu_present=1 allowlisted=0
CALL class=AGXAcceleratorG16G sel=9 ret=0x0 in_struct=0x68 out_struct=0x58
RESOURCE_MAP class=AGXAcceleratorG16G va=0x10000790000 size=0x8000 handle=0 cpu_present=0 outcpu_present=1 allowlisted=0
CALL class=AGXAcceleratorG16G sel=9 ret=0x0 in_struct=0x68 out_struct=0x58
RESOURCE_MAP class=AGXAcceleratorG16G va=0x100007a0000 size=0x8000 handle=0 cpu_present=0 outcpu_present=1 allowlisted=0
CALL class=AGXAcceleratorG16G sel=9 ret=0x0 in_struct=0x68 out_struct=0x58
RESOURCE_MAP class=AGXAcceleratorG16G va=0x2d8000 size=0x8000 handle=0 cpu_present=0 outcpu_present=1 allowlisted=0
CALL class=AGXAcceleratorG16G sel=9 ret=0x0 in_struct=0x68 out_struct=0x58
RESOURCE_MAP class=AGXAcceleratorG16G va=0x2e8000 size=0x88e0 handle=0 cpu_present=0 outcpu_present=1 allowlisted=0
CALL class=AGXAcceleratorG16G sel=9 ret=0x0 in_struct=0x68 out_struct=0x58
RESOURCE_MAP class=AGXAcceleratorG16G va=0x100007b0000 size=0x8000 handle=0 cpu_present=0 outcpu_present=1 allowlisted=0
CALL class=AGXAcceleratorG16G sel=9 ret=0x0 in_struct=0x68 out_struct=0x58
RESOURCE_MAP class=AGXAcceleratorG16G va=0x2f8000 size=0x8000 handle=0 cpu_present=0 outcpu_present=1 allowlisted=0
CALL class=AGXAcceleratorG16G sel=9 ret=0x0 in_struct=0x68 out_struct=0x58
RESOURCE_MAP class=AGXAcceleratorG16G va=0x100007c0000 size=0x8000 handle=0 cpu_present=0 outcpu_present=1 allowlisted=0
CALL class=AGXAcceleratorG16G sel=9 ret=0x0 in_struct=0x68 out_struct=0x58
RESOURCE_MAP class=AGXAcceleratorG16G va=0x308000 size=0x88e0 handle=0 cpu_present=0 outcpu_present=1 allowlisted=0
CALL class=AGXAcceleratorG16G sel=9 ret=0x0 in_struct=0x68 out_struct=0x58
RESOURCE_MAP class=AGXAcceleratorG16G va=0x100007d0000 size=0x8000 handle=0 cpu_present=0 outcpu_present=1 allowlisted=0
CALL class=AGXAcceleratorG16G sel=9 ret=0x0 in_struct=0x68 out_struct=0x58
RESOURCE_MAP class=AGXAcceleratorG16G va=0x100007e0000 size=0x8000 handle=0 cpu_present=0 outcpu_present=1 allowlisted=0
CALL class=AGXAcceleratorG16G sel=9 ret=0x0 in_struct=0x68 out_struct=0x58
RESOURCE_MAP class=AGXAcceleratorG16G va=0x318000 size=0x88e0 handle=0 cpu_present=0 outcpu_present=1 allowlisted=0
CALL class=AGXAcceleratorG16G sel=9 ret=0x0 in_struct=0x68 out_struct=0x58
RESOURCE_MAP class=AGXAcceleratorG16G va=0x100007f0000 size=0x8000 handle=0 cpu_present=0 outcpu_present=1 allowlisted=0
CALL class=AGXAcceleratorG16G sel=9 ret=0x0 in_struct=0x68 out_struct=0x58
RESOURCE_MAP class=AGXAcceleratorG16G va=0x10000800000 size=0x8000 handle=0 cpu_present=0 outcpu_present=1 allowlisted=0
CALL class=AGXAcceleratorG16G sel=9 ret=0x0 in_struct=0x68 out_struct=0x58
RESOURCE_MAP class=AGXAcceleratorG16G va=0x10000810000 size=0x8000 handle=0 cpu_present=0 outcpu_present=1 allowlisted=0
CALL class=AGXAcceleratorG16G sel=9 ret=0x0 in_struct=0x68 out_struct=0x58
RESOURCE_MAP class=AGXAcceleratorG16G va=0x10000820000 size=0x8000 handle=0 cpu_present=0 outcpu_present=1 allowlisted=0
CALL class=AGXAcceleratorG16G sel=9 ret=0x0 in_struct=0x68 out_struct=0x58
RESOURCE_MAP class=AGXAcceleratorG16G va=0x328000 size=0x88e0 handle=0 cpu_present=0 outcpu_present=1 allowlisted=0
CALL class=AGXAcceleratorG16G sel=9 ret=0x0 in_struct=0x68 out_struct=0x58
RESOURCE_MAP class=AGXAcceleratorG16G va=0x10000830000 size=0x8000 handle=0 cpu_present=0 outcpu_present=1 allowlisted=0
CALL class=AGXAcceleratorG16G sel=9 ret=0x0 in_struct=0x68 out_struct=0x58
RESOURCE_MAP class=AGXAcceleratorG16G va=0x10000840000 size=0x8000 handle=0 cpu_present=0 outcpu_present=1 allowlisted=0
CALL class=AGXAcceleratorG16G sel=9 ret=0x0 in_struct=0x68 out_struct=0x58
RESOURCE_MAP class=AGXAcceleratorG16G va=0x338000 size=0x88e0 handle=0 cpu_present=0 outcpu_present=1 allowlisted=0
CALL class=AGXAcceleratorG16G sel=9 ret=0x0 in_struct=0x68 out_struct=0x58
RESOURCE_MAP class=AGXAcceleratorG16G va=0x10000850000 size=0x8000 handle=0 cpu_present=0 outcpu_present=1 allowlisted=0
CALL class=AGXAcceleratorG16G sel=9 ret=0x0 in_struct=0x68 out_struct=0x58
RESOURCE_MAP class=AGXAcceleratorG16G va=0x348000 size=0x88e0 handle=0 cpu_present=0 outcpu_present=1 allowlisted=0
CALL class=AGXAcceleratorG16G sel=9 ret=0x0 in_struct=0x68 out_struct=0x58
RESOURCE_MAP class=AGXAcceleratorG16G va=0x10000860000 size=0x8000 handle=0 cpu_present=0 outcpu_present=1 allowlisted=0
CALL class=AGXAcceleratorG16G sel=9 ret=0x0 in_struct=0x68 out_struct=0x58
RESOURCE_MAP class=AGXAcceleratorG16G va=0x10000870000 size=0x8000 handle=0 cpu_present=0 outcpu_present=1 allowlisted=0
CALL class=AGXAcceleratorG16G sel=9 ret=0x0 in_struct=0x68 out_struct=0x58
RESOURCE_MAP class=AGXAcceleratorG16G va=0x358000 size=0x88e0 handle=0 cpu_present=0 outcpu_present=1 allowlisted=0
CALL class=AGXAcceleratorG16G sel=9 ret=0x0 in_struct=0x68 out_struct=0x58
RESOURCE_MAP class=AGXAcceleratorG16G va=0x10000880000 size=0x8000 handle=0 cpu_present=0 outcpu_present=1 allowlisted=0
CALL class=AGXAcceleratorG16G sel=9 ret=0x0 in_struct=0x68 out_struct=0x58
RESOURCE_MAP class=AGXAcceleratorG16G va=0x10000890000 size=0x8000 handle=0 cpu_present=0 outcpu_present=1 allowlisted=0
CALL class=AGXAcceleratorG16G sel=9 ret=0x0 in_struct=0x68 out_struct=0x58
RESOURCE_MAP class=AGXAcceleratorG16G va=0x368000 size=0x88e0 handle=0 cpu_present=0 outcpu_present=1 allowlisted=0
CALL class=AGXAcceleratorG16G sel=9 ret=0x0 in_struct=0x68 out_struct=0x58
RESOURCE_MAP class=AGXAcceleratorG16G va=0x100008a0000 size=0x8000 handle=0 cpu_present=0 outcpu_present=1 allowlisted=0
CALL class=AGXAcceleratorG16G sel=9 ret=0x0 in_struct=0x68 out_struct=0x58
RESOURCE_MAP class=AGXAcceleratorG16G va=0x378000 size=0x88e0 handle=0 cpu_present=0 outcpu_present=1 allowlisted=0
CALL class=AGXAcceleratorG16G sel=9 ret=0x0 in_struct=0x68 out_struct=0x58
RESOURCE_MAP class=AGXAcceleratorG16G va=0x100008b0000 size=0x8000 handle=0 cpu_present=0 outcpu_present=1 allowlisted=0
CALL class=AGXAcceleratorG16G sel=14 ret=0x0 in_struct=0x0 out_struct=0x10
CALL class=AGXAcceleratorG16G sel=9 ret=0x0 in_struct=0x68 out_struct=0x58
RESOURCE_MAP class=AGXAcceleratorG16G va=0x100008c0000 size=0x8000 handle=0 cpu_present=0 outcpu_present=1 allowlisted=0
CALL class=AGXAcceleratorG16G sel=9 ret=0x0 in_struct=0x68 out_struct=0x58
RESOURCE_MAP class=AGXAcceleratorG16G va=0x388000 size=0x88e0 handle=0 cpu_present=0 outcpu_present=1 allowlisted=0
CALL class=AGXAcceleratorG16G sel=9 ret=0x0 in_struct=0x68 out_struct=0x58
RESOURCE_MAP class=AGXAcceleratorG16G va=0x100008d0000 size=0x8000 handle=0 cpu_present=0 outcpu_present=1 allowlisted=0
CALL class=AGXAcceleratorG16G sel=14 ret=0x0 in_struct=0x0 out_struct=0x10
CALL class=AGXAcceleratorG16G sel=9 ret=0x0 in_struct=0x68 out_struct=0x58
RESOURCE_MAP class=AGXAcceleratorG16G va=0x100008e0000 size=0x8000 handle=0 cpu_present=0 outcpu_present=1 allowlisted=0
CALL class=AGXAcceleratorG16G sel=9 ret=0x0 in_struct=0x68 out_struct=0x58
RESOURCE_MAP class=AGXAcceleratorG16G va=0x100008f0000 size=0x8000 handle=0 cpu_present=0 outcpu_present=1 allowlisted=0
CALL class=AGXAcceleratorG16G sel=9 ret=0x0 in_struct=0x68 out_struct=0x58
RESOURCE_MAP class=AGXAcceleratorG16G va=0x398000 size=0x88e0 handle=0 cpu_present=0 outcpu_present=1 allowlisted=0
CALL class=AGXAcceleratorG16G sel=9 ret=0x0 in_struct=0x68 out_struct=0x58
RESOURCE_MAP class=AGXAcceleratorG16G va=0x10000900000 size=0x8000 handle=0 cpu_present=0 outcpu_present=1 allowlisted=0
CALL class=AGXAcceleratorG16G sel=9 ret=0x0 in_struct=0x68 out_struct=0x58
RESOURCE_MAP class=AGXAcceleratorG16G va=0x10000910000 size=0x8000 handle=0 cpu_present=0 outcpu_present=1 allowlisted=0
CALL class=AGXAcceleratorG16G sel=9 ret=0x0 in_struct=0x68 out_struct=0x58
RESOURCE_MAP class=AGXAcceleratorG16G va=0x10000920000 size=0x8000 handle=0 cpu_present=0 outcpu_present=1 allowlisted=0
CALL class=AGXAcceleratorG16G sel=9 ret=0x0 in_struct=0x68 out_struct=0x58
RESOURCE_MAP class=AGXAcceleratorG16G va=0x10000930000 size=0x8000 handle=0 cpu_present=0 outcpu_present=1 allowlisted=0
CALL class=AGXAcceleratorG16G sel=9 ret=0x0 in_struct=0x68 out_struct=0x58
RESOURCE_MAP class=AGXAcceleratorG16G va=0x3a8000 size=0x88e0 handle=0 cpu_present=0 outcpu_present=1 allowlisted=0
CALL class=AGXAcceleratorG16G sel=9 ret=0x0 in_struct=0x68 out_struct=0x58
RESOURCE_MAP class=AGXAcceleratorG16G va=0x3b8000 size=0x8000 handle=0 cpu_present=0 outcpu_present=1 allowlisted=0
CALL class=AGXAcceleratorG16G sel=9 ret=0x0 in_struct=0x68 out_struct=0x58
RESOURCE_MAP class=AGXAcceleratorG16G va=0x10000940000 size=0x8000 handle=0 cpu_present=0 outcpu_present=1 allowlisted=0
CALL class=AGXAcceleratorG16G sel=9 ret=0x0 in_struct=0x68 out_struct=0x58
RESOURCE_MAP class=AGXAcceleratorG16G va=0x3c8000 size=0x88e0 handle=0 cpu_present=0 outcpu_present=1 allowlisted=0
CALL class=AGXAcceleratorG16G sel=9 ret=0x0 in_struct=0x68 out_struct=0x58
RESOURCE_MAP class=AGXAcceleratorG16G va=0x3d8000 size=0x8000 handle=0 cpu_present=0 outcpu_present=1 allowlisted=0
CALL class=AGXAcceleratorG16G sel=9 ret=0x0 in_struct=0x68 out_struct=0x58
RESOURCE_MAP class=AGXAcceleratorG16G va=0x10000950000 size=0x8000 handle=0 cpu_present=0 outcpu_present=1 allowlisted=0
CALL class=AGXAcceleratorG16G sel=9 ret=0x0 in_struct=0x68 out_struct=0x58
RESOURCE_MAP class=AGXAcceleratorG16G va=0x3e8000 size=0x88e0 handle=0 cpu_present=0 outcpu_present=1 allowlisted=0
CALL class=AGXAcceleratorG16G sel=9 ret=0x0 in_struct=0x68 out_struct=0x58
RESOURCE_MAP class=AGXAcceleratorG16G va=0x10000960000 size=0x8000 handle=0 cpu_present=0 outcpu_present=1 allowlisted=0
CALL class=AGXAcceleratorG16G sel=9 ret=0x0 in_struct=0x68 out_struct=0x58
RESOURCE_MAP class=AGXAcceleratorG16G va=0x10000970000 size=0x8000 handle=0 cpu_present=0 outcpu_present=1 allowlisted=0
CALL class=AGXAcceleratorG16G sel=9 ret=0x0 in_struct=0x68 out_struct=0x58
RESOURCE_MAP class=AGXAcceleratorG16G va=0x3f8000 size=0x88e0 handle=0 cpu_present=0 outcpu_present=1 allowlisted=0
CALL class=AGXAcceleratorG16G sel=9 ret=0x0 in_struct=0x68 out_struct=0x58
RESOURCE_MAP class=AGXAcceleratorG16G va=0x10000980000 size=0x8000 handle=0 cpu_present=0 outcpu_present=1 allowlisted=0
CALL class=AGXAcceleratorG16G sel=9 ret=0x0 in_struct=0x68 out_struct=0x58
RESOURCE_MAP class=AGXAcceleratorG16G va=0x10000990000 size=0x8000 handle=0 cpu_present=0 outcpu_present=1 allowlisted=0
CALL class=AGXAcceleratorG16G sel=9 ret=0x0 in_struct=0x68 out_struct=0x58
RESOURCE_MAP class=AGXAcceleratorG16G va=0x408000 size=0x88e0 handle=0 cpu_present=0 outcpu_present=1 allowlisted=0
CALL class=AGXAcceleratorG16G sel=9 ret=0x0 in_struct=0x68 out_struct=0x58
RESOURCE_MAP class=AGXAcceleratorG16G va=0x100009a0000 size=0x8000 handle=0 cpu_present=0 outcpu_present=1 allowlisted=0
CALL class=AGXAcceleratorG16G sel=9 ret=0x0 in_struct=0x68 out_struct=0x58
RESOURCE_MAP class=AGXAcceleratorG16G va=0x100009b0000 size=0x8000 handle=0 cpu_present=0 outcpu_present=1 allowlisted=0
CALL class=AGXAcceleratorG16G sel=9 ret=0x0 in_struct=0x68 out_struct=0x58
RESOURCE_MAP class=AGXAcceleratorG16G va=0x418000 size=0x88e0 handle=0 cpu_present=0 outcpu_present=1 allowlisted=0
CALL class=AGXAcceleratorG16G sel=9 ret=0x0 in_struct=0x68 out_struct=0x58
RESOURCE_MAP class=AGXAcceleratorG16G va=0x100009c0000 size=0x8000 handle=0 cpu_present=0 outcpu_present=1 allowlisted=0
CALL class=AGXAcceleratorG16G sel=9 ret=0x0 in_struct=0x68 out_struct=0x58
RESOURCE_MAP class=AGXAcceleratorG16G va=0x428000 size=0x88e0 handle=0 cpu_present=0 outcpu_present=1 allowlisted=0
CALL class=AGXAcceleratorG16G sel=9 ret=0x0 in_struct=0x68 out_struct=0x58
RESOURCE_MAP class=AGXAcceleratorG16G va=0x100009d0000 size=0x8000 handle=0 cpu_present=0 outcpu_present=1 allowlisted=0
CALL class=AGXAcceleratorG16G sel=9 ret=0x0 in_struct=0x68 out_struct=0x58
RESOURCE_MAP class=AGXAcceleratorG16G va=0x100009e0000 size=0x8000 handle=0 cpu_present=0 outcpu_present=1 allowlisted=0
CALL class=AGXAcceleratorG16G sel=9 ret=0x0 in_struct=0x68 out_struct=0x58
RESOURCE_MAP class=AGXAcceleratorG16G va=0x100009f0000 size=0x8000 handle=0 cpu_present=0 outcpu_present=1 allowlisted=0
CALL class=AGXAcceleratorG16G sel=9 ret=0x0 in_struct=0x68 out_struct=0x58
RESOURCE_MAP class=AGXAcceleratorG16G va=0x438000 size=0x88e0 handle=0 cpu_present=0 outcpu_present=1 allowlisted=0
CALL class=AGXAcceleratorG16G sel=9 ret=0x0 in_struct=0x68 out_struct=0x58
RESOURCE_MAP class=AGXAcceleratorG16G va=0x10000a00000 size=0x8000 handle=0 cpu_present=0 outcpu_present=1 allowlisted=0
CALL class=AGXAcceleratorG16G sel=9 ret=0x0 in_struct=0x68 out_struct=0x58
RESOURCE_MAP class=AGXAcceleratorG16G va=0x10000a10000 size=0x8000 handle=0 cpu_present=0 outcpu_present=1 allowlisted=0
CALL class=AGXAcceleratorG16G sel=9 ret=0x0 in_struct=0x68 out_struct=0x58
RESOURCE_MAP class=AGXAcceleratorG16G va=0x10000a20000 size=0x8000 handle=0 cpu_present=0 outcpu_present=1 allowlisted=0
CALL class=AGXAcceleratorG16G sel=9 ret=0x0 in_struct=0x68 out_struct=0x58
RESOURCE_MAP class=AGXAcceleratorG16G va=0x10000a30000 size=0x8000 handle=0 cpu_present=0 outcpu_present=1 allowlisted=0
CALL class=AGXAcceleratorG16G sel=9 ret=0x0 in_struct=0x68 out_struct=0x58
RESOURCE_MAP class=AGXAcceleratorG16G va=0x448000 size=0x88e0 handle=0 cpu_present=0 outcpu_present=1 allowlisted=0
CALL class=AGXAcceleratorG16G sel=9 ret=0x0 in_struct=0x68 out_struct=0x58
RESOURCE_MAP class=AGXAcceleratorG16G va=0x10000a40000 size=0x8000 handle=0 cpu_present=0 outcpu_present=1 allowlisted=0
CALL class=AGXAcceleratorG16G sel=9 ret=0x0 in_struct=0x68 out_struct=0x58
RESOURCE_MAP class=AGXAcceleratorG16G va=0x10000a50000 size=0x8000 handle=0 cpu_present=0 outcpu_present=1 allowlisted=0
CALL class=AGXAcceleratorG16G sel=9 ret=0x0 in_struct=0x68 out_struct=0x58
RESOURCE_MAP class=AGXAcceleratorG16G va=0x458000 size=0x88e0 handle=0 cpu_present=0 outcpu_present=1 allowlisted=0
CALL class=AGXAcceleratorG16G sel=9 ret=0x0 in_struct=0x68 out_struct=0x58
RESOURCE_MAP class=AGXAcceleratorG16G va=0x10000a60000 size=0x8000 handle=0 cpu_present=0 outcpu_present=1 allowlisted=0
CALL class=AGXAcceleratorG16G sel=9 ret=0x0 in_struct=0x68 out_struct=0x58
RESOURCE_MAP class=AGXAcceleratorG16G va=0x468000 size=0x88e0 handle=0 cpu_present=0 outcpu_present=1 allowlisted=0
CALL class=AGXAcceleratorG16G sel=9 ret=0x0 in_struct=0x68 out_struct=0x58
RESOURCE_MAP class=AGXAcceleratorG16G va=0x10000a70000 size=0x8000 handle=0 cpu_present=0 outcpu_present=1 allowlisted=0
CALL class=AGXAcceleratorG16G sel=9 ret=0x0 in_struct=0x68 out_struct=0x58
RESOURCE_MAP class=AGXAcceleratorG16G va=0x478000 size=0x88e0 handle=0 cpu_present=0 outcpu_present=1 allowlisted=0
CALL class=AGXAcceleratorG16G sel=9 ret=0x0 in_struct=0x68 out_struct=0x58
RESOURCE_MAP class=AGXAcceleratorG16G va=0x10000a80000 size=0x8000 handle=0 cpu_present=0 outcpu_present=1 allowlisted=0
CALL class=AGXAcceleratorG16G sel=9 ret=0x0 in_struct=0x68 out_struct=0x58
RESOURCE_MAP class=AGXAcceleratorG16G va=0x10000a90000 size=0x8000 handle=0 cpu_present=0 outcpu_present=1 allowlisted=0
CALL class=AGXAcceleratorG16G sel=9 ret=0x0 in_struct=0x68 out_struct=0x58
RESOURCE_MAP class=AGXAcceleratorG16G va=0x488000 size=0x8000 handle=0 cpu_present=0 outcpu_present=1 allowlisted=0
CALL class=AGXAcceleratorG16G sel=9 ret=0x0 in_struct=0x68 out_struct=0x58
RESOURCE_MAP class=AGXAcceleratorG16G va=0x498000 size=0x88e0 handle=0 cpu_present=0 outcpu_present=1 allowlisted=0
CALL class=AGXAcceleratorG16G sel=9 ret=0x0 in_struct=0x68 out_struct=0x58
RESOURCE_MAP class=AGXAcceleratorG16G va=0x10000aa0000 size=0x8000 handle=0 cpu_present=0 outcpu_present=1 allowlisted=0
CALL class=AGXAcceleratorG16G sel=9 ret=0x0 in_struct=0x68 out_struct=0x58
RESOURCE_MAP class=AGXAcceleratorG16G va=0x10000ab0000 size=0x8000 handle=0 cpu_present=0 outcpu_present=1 allowlisted=0
CALL class=AGXAcceleratorG16G sel=9 ret=0x0 in_struct=0x68 out_struct=0x58
RESOURCE_MAP class=AGXAcceleratorG16G va=0x4a8000 size=0x88e0 handle=0 cpu_present=0 outcpu_present=1 allowlisted=0
CALL class=AGXAcceleratorG16G sel=9 ret=0x0 in_struct=0x68 out_struct=0x58
RESOURCE_MAP class=AGXAcceleratorG16G va=0x10000ac0000 size=0x8000 handle=0 cpu_present=0 outcpu_present=1 allowlisted=0
CALL class=AGXAcceleratorG16G sel=9 ret=0x0 in_struct=0x68 out_struct=0x58
RESOURCE_MAP class=AGXAcceleratorG16G va=0x4b8000 size=0x8000 handle=0 cpu_present=0 outcpu_present=1 allowlisted=0
CALL class=AGXAcceleratorG16G sel=9 ret=0x0 in_struct=0x68 out_struct=0x58
RESOURCE_MAP class=AGXAcceleratorG16G va=0x10000ad0000 size=0x8000 handle=0 cpu_present=0 outcpu_present=1 allowlisted=0
CALL class=AGXAcceleratorG16G sel=9 ret=0x0 in_struct=0x68 out_struct=0x58
RESOURCE_MAP class=AGXAcceleratorG16G va=0x10000ae0000 size=0x8000 handle=0 cpu_present=0 outcpu_present=1 allowlisted=0
CALL class=AGXAcceleratorG16G sel=9 ret=0x0 in_struct=0x68 out_struct=0x58
RESOURCE_MAP class=AGXAcceleratorG16G va=0x4c8000 size=0x88e0 handle=0 cpu_present=0 outcpu_present=1 allowlisted=0
CALL class=AGXAcceleratorG16G sel=9 ret=0x0 in_struct=0x68 out_struct=0x58
RESOURCE_MAP class=AGXAcceleratorG16G va=0x10000af0000 size=0x8000 handle=0 cpu_present=0 outcpu_present=1 allowlisted=0
CALL class=AGXAcceleratorG16G sel=9 ret=0x0 in_struct=0x68 out_struct=0x58
RESOURCE_MAP class=AGXAcceleratorG16G va=0x10000b00000 size=0x8000 handle=0 cpu_present=0 outcpu_present=1 allowlisted=0
CALL class=AGXAcceleratorG16G sel=9 ret=0x0 in_struct=0x68 out_struct=0x58
RESOURCE_MAP class=AGXAcceleratorG16G va=0x10000b10000 size=0x8000 handle=0 cpu_present=0 outcpu_present=1 allowlisted=0
CALL class=AGXAcceleratorG16G sel=9 ret=0x0 in_struct=0x68 out_struct=0x58
RESOURCE_MAP class=AGXAcceleratorG16G va=0x4d8000 size=0x88e0 handle=0 cpu_present=0 outcpu_present=1 allowlisted=0
CALL class=AGXAcceleratorG16G sel=9 ret=0x0 in_struct=0x68 out_struct=0x58
RESOURCE_MAP class=AGXAcceleratorG16G va=0x10000b20000 size=0x8000 handle=0 cpu_present=0 outcpu_present=1 allowlisted=0
CALL class=AGXAcceleratorG16G sel=9 ret=0x0 in_struct=0x68 out_struct=0x58
RESOURCE_MAP class=AGXAcceleratorG16G va=0x10000b30000 size=0x8000 handle=0 cpu_present=0 outcpu_present=1 allowlisted=0
CALL class=AGXAcceleratorG16G sel=9 ret=0x0 in_struct=0x68 out_struct=0x58
RESOURCE_MAP class=AGXAcceleratorG16G va=0x4e8000 size=0x88e0 handle=0 cpu_present=0 outcpu_present=1 allowlisted=0
CALL class=AGXAcceleratorG16G sel=9 ret=0x0 in_struct=0x68 out_struct=0x58
RESOURCE_MAP class=AGXAcceleratorG16G va=0x10000b40000 size=0x8000 handle=0 cpu_present=0 outcpu_present=1 allowlisted=0
CALL class=AGXAcceleratorG16G sel=9 ret=0x0 in_struct=0x68 out_struct=0x58
RESOURCE_MAP class=AGXAcceleratorG16G va=0x4f8000 size=0x88e0 handle=0 cpu_present=0 outcpu_present=1 allowlisted=0
CALL class=AGXAcceleratorG16G sel=9 ret=0x0 in_struct=0x68 out_struct=0x58
RESOURCE_MAP class=AGXAcceleratorG16G va=0x10000b50000 size=0x8000 handle=0 cpu_present=0 outcpu_present=1 allowlisted=0
CALL class=AGXAcceleratorG16G sel=9 ret=0x0 in_struct=0x68 out_struct=0x58
RESOURCE_MAP class=AGXAcceleratorG16G va=0x10000b60000 size=0x8000 handle=0 cpu_present=0 outcpu_present=1 allowlisted=0
CALL class=AGXAcceleratorG16G sel=9 ret=0x0 in_struct=0x68 out_struct=0x58
RESOURCE_MAP class=AGXAcceleratorG16G va=0x508000 size=0x88e0 handle=0 cpu_present=0 outcpu_present=1 allowlisted=0
CALL class=AGXAcceleratorG16G sel=9 ret=0x0 in_struct=0x68 out_struct=0x58
RESOURCE_MAP class=AGXAcceleratorG16G va=0x10000b70000 size=0x8000 handle=0 cpu_present=0 outcpu_present=1 allowlisted=0
CALL class=AGXAcceleratorG16G sel=9 ret=0x0 in_struct=0x68 out_struct=0x58
RESOURCE_MAP class=AGXAcceleratorG16G va=0x10000b80000 size=0x8000 handle=0 cpu_present=0 outcpu_present=1 allowlisted=0
CALL class=AGXAcceleratorG16G sel=9 ret=0x0 in_struct=0x68 out_struct=0x58
RESOURCE_MAP class=AGXAcceleratorG16G va=0x518000 size=0x88e0 handle=0 cpu_present=0 outcpu_present=1 allowlisted=0
CALL class=AGXAcceleratorG16G sel=9 ret=0x0 in_struct=0x68 out_struct=0x58
RESOURCE_MAP class=AGXAcceleratorG16G va=0x10000b90000 size=0x8000 handle=0 cpu_present=0 outcpu_present=1 allowlisted=0
CALL class=AGXAcceleratorG16G sel=9 ret=0x0 in_struct=0x68 out_struct=0x58
RESOURCE_MAP class=AGXAcceleratorG16G va=0x528000 size=0x88e0 handle=0 cpu_present=0 outcpu_present=1 allowlisted=0
CALL class=AGXAcceleratorG16G sel=9 ret=0x0 in_struct=0x68 out_struct=0x58
RESOURCE_MAP class=AGXAcceleratorG16G va=0x10000ba0000 size=0x8000 handle=0 cpu_present=0 outcpu_present=1 allowlisted=0
CALL class=AGXAcceleratorG16G sel=9 ret=0x0 in_struct=0x68 out_struct=0x58
RESOURCE_MAP class=AGXAcceleratorG16G va=0x10000bb0000 size=0x8000 handle=0 cpu_present=0 outcpu_present=1 allowlisted=0
CALL class=AGXAcceleratorG16G sel=9 ret=0x0 in_struct=0x68 out_struct=0x58
RESOURCE_MAP class=AGXAcceleratorG16G va=0x538000 size=0x88e0 handle=0 cpu_present=0 outcpu_present=1 allowlisted=0
CALL class=AGXAcceleratorG16G sel=9 ret=0x0 in_struct=0x68 out_struct=0x58
RESOURCE_MAP class=AGXAcceleratorG16G va=0x10000bc0000 size=0x8000 handle=0 cpu_present=0 outcpu_present=1 allowlisted=0
CALL class=AGXAcceleratorG16G sel=14 ret=0x0 in_struct=0x0 out_struct=0x10
CALL class=AGXAcceleratorG16G sel=9 ret=0x0 in_struct=0x68 out_struct=0x58
RESOURCE_MAP class=AGXAcceleratorG16G va=0x10000bd0000 size=0x8000 handle=0 cpu_present=0 outcpu_present=1 allowlisted=0
CALL class=AGXAcceleratorG16G sel=9 ret=0x0 in_struct=0x68 out_struct=0x58
RESOURCE_MAP class=AGXAcceleratorG16G va=0x10000be0000 size=0x8000 handle=0 cpu_present=0 outcpu_present=1 allowlisted=0
CALL class=AGXAcceleratorG16G sel=9 ret=0x0 in_struct=0x68 out_struct=0x58
RESOURCE_MAP class=AGXAcceleratorG16G va=0x548000 size=0x88e0 handle=0 cpu_present=0 outcpu_present=1 allowlisted=0
CALL class=AGXAcceleratorG16G sel=9 ret=0x0 in_struct=0x68 out_struct=0x58
RESOURCE_MAP class=AGXAcceleratorG16G va=0x10000bf0000 size=0x8000 handle=0 cpu_present=0 outcpu_present=1 allowlisted=0
CALL class=AGXAcceleratorG16G sel=9 ret=0x0 in_struct=0x68 out_struct=0x58
RESOURCE_MAP class=AGXAcceleratorG16G va=0x10000c00000 size=0x8000 handle=0 cpu_present=0 outcpu_present=1 allowlisted=0
CALL class=AGXAcceleratorG16G sel=9 ret=0x0 in_struct=0x68 out_struct=0x58
RESOURCE_MAP class=AGXAcceleratorG16G va=0x10000c10000 size=0x8000 handle=0 cpu_present=0 outcpu_present=1 allowlisted=0
CALL class=AGXAcceleratorG16G sel=9 ret=0x0 in_struct=0x68 out_struct=0x58
RESOURCE_MAP class=AGXAcceleratorG16G va=0x10000c20000 size=0x8000 handle=0 cpu_present=0 outcpu_present=1 allowlisted=0
CALL class=AGXAcceleratorG16G sel=9 ret=0x0 in_struct=0x68 out_struct=0x58
RESOURCE_MAP class=AGXAcceleratorG16G va=0x558000 size=0x88e0 handle=0 cpu_present=0 outcpu_present=1 allowlisted=0
CALL class=AGXAcceleratorG16G sel=9 ret=0x0 in_struct=0x68 out_struct=0x58
RESOURCE_MAP class=AGXAcceleratorG16G va=0x568000 size=0x8000 handle=0 cpu_present=0 outcpu_present=1 allowlisted=0
CALL class=AGXAcceleratorG16G sel=9 ret=0x0 in_struct=0x68 out_struct=0x58
RESOURCE_MAP class=AGXAcceleratorG16G va=0x10000c30000 size=0x8000 handle=0 cpu_present=0 outcpu_present=1 allowlisted=0
CALL class=AGXAcceleratorG16G sel=9 ret=0x0 in_struct=0x68 out_struct=0x58
RESOURCE_MAP class=AGXAcceleratorG16G va=0x578000 size=0x88e0 handle=0 cpu_present=0 outcpu_present=1 allowlisted=0
CALL class=AGXAcceleratorG16G sel=9 ret=0x0 in_struct=0x68 out_struct=0x58
RESOURCE_MAP class=AGXAcceleratorG16G va=0x10000c40000 size=0x8000 handle=0 cpu_present=0 outcpu_present=1 allowlisted=0
CALL class=AGXAcceleratorG16G sel=9 ret=0x0 in_struct=0x68 out_struct=0x58
RESOURCE_MAP class=AGXAcceleratorG16G va=0x10000c50000 size=0x8000 handle=0 cpu_present=0 outcpu_present=1 allowlisted=0
CALL class=AGXAcceleratorG16G sel=9 ret=0x0 in_struct=0x68 out_struct=0x58
RESOURCE_MAP class=AGXAcceleratorG16G va=0x588000 size=0x88e0 handle=0 cpu_present=0 outcpu_present=1 allowlisted=0
CALL class=AGXAcceleratorG16G sel=9 ret=0x0 in_struct=0x68 out_struct=0x58
RESOURCE_MAP class=AGXAcceleratorG16G va=0x598000 size=0x8000 handle=0 cpu_present=0 outcpu_present=1 allowlisted=0
CALL class=AGXAcceleratorG16G sel=9 ret=0x0 in_struct=0x68 out_struct=0x58
RESOURCE_MAP class=AGXAcceleratorG16G va=0x10000c60000 size=0x8000 handle=0 cpu_present=0 outcpu_present=1 allowlisted=0
CALL class=AGXAcceleratorG16G sel=9 ret=0x0 in_struct=0x68 out_struct=0x58
RESOURCE_MAP class=AGXAcceleratorG16G va=0x5a8000 size=0x88e0 handle=0 cpu_present=0 outcpu_present=1 allowlisted=0
CALL class=AGXAcceleratorG16G sel=9 ret=0x0 in_struct=0x68 out_struct=0x58
RESOURCE_MAP class=AGXAcceleratorG16G va=0x10000c70000 size=0x8000 handle=0 cpu_present=0 outcpu_present=1 allowlisted=0
CALL class=AGXAcceleratorG16G sel=9 ret=0x0 in_struct=0x68 out_struct=0x58
RESOURCE_MAP class=AGXAcceleratorG16G va=0x10000c80000 size=0x8000 handle=0 cpu_present=0 outcpu_present=1 allowlisted=0
CALL class=AGXAcceleratorG16G sel=9 ret=0x0 in_struct=0x68 out_struct=0x58
RESOURCE_MAP class=AGXAcceleratorG16G va=0x5b8000 size=0x88e0 handle=0 cpu_present=0 outcpu_present=1 allowlisted=0
CALL class=AGXAcceleratorG16G sel=9 ret=0x0 in_struct=0x68 out_struct=0x58
RESOURCE_MAP class=AGXAcceleratorG16G va=0x10000c90000 size=0x8000 handle=0 cpu_present=0 outcpu_present=1 allowlisted=0
CALL class=AGXAcceleratorG16G sel=9 ret=0x0 in_struct=0x68 out_struct=0x58
RESOURCE_MAP class=AGXAcceleratorG16G va=0x10000ca0000 size=0x8000 handle=0 cpu_present=0 outcpu_present=1 allowlisted=0
CALL class=AGXAcceleratorG16G sel=9 ret=0x0 in_struct=0x68 out_struct=0x58
RESOURCE_MAP class=AGXAcceleratorG16G va=0x5c8000 size=0x88e0 handle=0 cpu_present=0 outcpu_present=1 allowlisted=0
CALL class=AGXAcceleratorG16G sel=9 ret=0x0 in_struct=0x68 out_struct=0x58
RESOURCE_MAP class=AGXAcceleratorG16G va=0x10000cb0000 size=0x8000 handle=0 cpu_present=0 outcpu_present=1 allowlisted=0
CALL class=AGXAcceleratorG16G sel=9 ret=0x0 in_struct=0x68 out_struct=0x58
RESOURCE_MAP class=AGXAcceleratorG16G va=0x10000cc0000 size=0x8000 handle=0 cpu_present=0 outcpu_present=1 allowlisted=0
CALL class=AGXAcceleratorG16G sel=9 ret=0x0 in_struct=0x68 out_struct=0x58
RESOURCE_MAP class=AGXAcceleratorG16G va=0x5d8000 size=0x88e0 handle=0 cpu_present=0 outcpu_present=1 allowlisted=0
CALL class=AGXAcceleratorG16G sel=9 ret=0x0 in_struct=0x68 out_struct=0x58
RESOURCE_MAP class=AGXAcceleratorG16G va=0x10000cd0000 size=0x8000 handle=0 cpu_present=0 outcpu_present=1 allowlisted=0
CALL class=AGXAcceleratorG16G sel=9 ret=0x0 in_struct=0x68 out_struct=0x58
RESOURCE_MAP class=AGXAcceleratorG16G va=0x10000ce0000 size=0x8000 handle=0 cpu_present=0 outcpu_present=1 allowlisted=0
CALL class=AGXAcceleratorG16G sel=9 ret=0x0 in_struct=0x68 out_struct=0x58
RESOURCE_MAP class=AGXAcceleratorG16G va=0x10000cf0000 size=0x8000 handle=0 cpu_present=0 outcpu_present=1 allowlisted=0
CALL class=AGXAcceleratorG16G sel=9 ret=0x0 in_struct=0x68 out_struct=0x58
RESOURCE_MAP class=AGXAcceleratorG16G va=0x10000d00000 size=0x8000 handle=0 cpu_present=0 outcpu_present=1 allowlisted=0
CALL class=AGXAcceleratorG16G sel=9 ret=0x0 in_struct=0x68 out_struct=0x58
RESOURCE_MAP class=AGXAcceleratorG16G va=0x5e8000 size=0x88e0 handle=0 cpu_present=0 outcpu_present=1 allowlisted=0
CALL class=AGXAcceleratorG16G sel=9 ret=0x0 in_struct=0x68 out_struct=0x58
RESOURCE_MAP class=AGXAcceleratorG16G va=0x10000d10000 size=0x8000 handle=0 cpu_present=0 outcpu_present=1 allowlisted=0
CALL class=AGXAcceleratorG16G sel=9 ret=0x0 in_struct=0x68 out_struct=0x58
RESOURCE_MAP class=AGXAcceleratorG16G va=0x10000d20000 size=0x8000 handle=0 cpu_present=0 outcpu_present=1 allowlisted=0
CALL class=AGXAcceleratorG16G sel=9 ret=0x0 in_struct=0x68 out_struct=0x58
RESOURCE_MAP class=AGXAcceleratorG16G va=0x5f8000 size=0x88e0 handle=0 cpu_present=0 outcpu_present=1 allowlisted=0
CALL class=AGXAcceleratorG16G sel=9 ret=0x0 in_struct=0x68 out_struct=0x58
RESOURCE_MAP class=AGXAcceleratorG16G va=0x10000d30000 size=0x8000 handle=0 cpu_present=0 outcpu_present=1 allowlisted=0
CALL class=AGXAcceleratorG16G sel=9 ret=0x0 in_struct=0x68 out_struct=0x58
RESOURCE_MAP class=AGXAcceleratorG16G va=0x10000d40000 size=0x8000 handle=0 cpu_present=0 outcpu_present=1 allowlisted=0
CALL class=AGXAcceleratorG16G sel=9 ret=0x0 in_struct=0x68 out_struct=0x58
RESOURCE_MAP class=AGXAcceleratorG16G va=0x608000 size=0x88e0 handle=0 cpu_present=0 outcpu_present=1 allowlisted=0
CALL class=AGXAcceleratorG16G sel=9 ret=0x0 in_struct=0x68 out_struct=0x58
RESOURCE_MAP class=AGXAcceleratorG16G va=0x10000d50000 size=0x8000 handle=0 cpu_present=0 outcpu_present=1 allowlisted=0
CALL class=AGXAcceleratorG16G sel=9 ret=0x0 in_struct=0x68 out_struct=0x58
RESOURCE_MAP class=AGXAcceleratorG16G va=0x618000 size=0x88e0 handle=0 cpu_present=0 outcpu_present=1 allowlisted=0
CALL class=AGXAcceleratorG16G sel=9 ret=0x0 in_struct=0x68 out_struct=0x58
RESOURCE_MAP class=AGXAcceleratorG16G va=0x10000d60000 size=0x8000 handle=0 cpu_present=0 outcpu_present=1 allowlisted=0
CALL class=AGXAcceleratorG16G sel=9 ret=0x0 in_struct=0x68 out_struct=0x58
RESOURCE_MAP class=AGXAcceleratorG16G va=0x628000 size=0x88e0 handle=0 cpu_present=0 outcpu_present=1 allowlisted=0
CALL class=AGXAcceleratorG16G sel=9 ret=0x0 in_struct=0x68 out_struct=0x58
RESOURCE_MAP class=AGXAcceleratorG16G va=0x10000d70000 size=0x8000 handle=0 cpu_present=0 outcpu_present=1 allowlisted=0
CALL class=AGXAcceleratorG16G sel=9 ret=0x0 in_struct=0x68 out_struct=0x58
RESOURCE_MAP class=AGXAcceleratorG16G va=0x10000d80000 size=0x8000 handle=0 cpu_present=0 outcpu_present=1 allowlisted=0
CALL class=AGXAcceleratorG16G sel=9 ret=0x0 in_struct=0x68 out_struct=0x58
RESOURCE_MAP class=AGXAcceleratorG16G va=0x638000 size=0x8000 handle=0 cpu_present=0 outcpu_present=1 allowlisted=0
CALL class=AGXAcceleratorG16G sel=9 ret=0x0 in_struct=0x68 out_struct=0x58
RESOURCE_MAP class=AGXAcceleratorG16G va=0x648000 size=0x88e0 handle=0 cpu_present=0 outcpu_present=1 allowlisted=0
CALL class=AGXAcceleratorG16G sel=9 ret=0x0 in_struct=0x68 out_struct=0x58
RESOURCE_MAP class=AGXAcceleratorG16G va=0x10000d90000 size=0x8000 handle=0 cpu_present=0 outcpu_present=1 allowlisted=0
CALL class=AGXAcceleratorG16G sel=9 ret=0x0 in_struct=0x68 out_struct=0x58
RESOURCE_MAP class=AGXAcceleratorG16G va=0x10000da0000 size=0x8000 handle=0 cpu_present=0 outcpu_present=1 allowlisted=0
CALL class=AGXAcceleratorG16G sel=9 ret=0x0 in_struct=0x68 out_struct=0x58
RESOURCE_MAP class=AGXAcceleratorG16G va=0x658000 size=0x88e0 handle=0 cpu_present=0 outcpu_present=1 allowlisted=0
CALL class=AGXAcceleratorG16G sel=9 ret=0x0 in_struct=0x68 out_struct=0x58
RESOURCE_MAP class=AGXAcceleratorG16G va=0x10000db0000 size=0x8000 handle=0 cpu_present=0 outcpu_present=1 allowlisted=0
CALL class=AGXAcceleratorG16G sel=9 ret=0x0 in_struct=0x68 out_struct=0x58
RESOURCE_MAP class=AGXAcceleratorG16G va=0x10000dc0000 size=0x8000 handle=0 cpu_present=0 outcpu_present=1 allowlisted=0
CALL class=AGXAcceleratorG16G sel=9 ret=0x0 in_struct=0x68 out_struct=0x58
RESOURCE_MAP class=AGXAcceleratorG16G va=0x10000dd0000 size=0x8000 handle=0 cpu_present=0 outcpu_present=1 allowlisted=0
CALL class=AGXAcceleratorG16G sel=9 ret=0x0 in_struct=0x68 out_struct=0x58
RESOURCE_MAP class=AGXAcceleratorG16G va=0x668000 size=0x88e0 handle=0 cpu_present=0 outcpu_present=1 allowlisted=0
CALL class=AGXAcceleratorG16G sel=9 ret=0x0 in_struct=0x68 out_struct=0x58
RESOURCE_MAP class=AGXAcceleratorG16G va=0x678000 size=0x8000 handle=0 cpu_present=0 outcpu_present=1 allowlisted=0
CALL class=AGXAcceleratorG16G sel=9 ret=0x0 in_struct=0x68 out_struct=0x58
RESOURCE_MAP class=AGXAcceleratorG16G va=0x10000de0000 size=0x8000 handle=0 cpu_present=0 outcpu_present=1 allowlisted=0
CALL class=AGXAcceleratorG16G sel=9 ret=0x0 in_struct=0x68 out_struct=0x58
RESOURCE_MAP class=AGXAcceleratorG16G va=0x10000df0000 size=0x8000 handle=0 cpu_present=0 outcpu_present=1 allowlisted=0
CALL class=AGXAcceleratorG16G sel=9 ret=0x0 in_struct=0x68 out_struct=0x58
RESOURCE_MAP class=AGXAcceleratorG16G va=0x10000e00000 size=0x8000 handle=0 cpu_present=0 outcpu_present=1 allowlisted=0
CALL class=AGXAcceleratorG16G sel=9 ret=0x0 in_struct=0x68 out_struct=0x58
RESOURCE_MAP class=AGXAcceleratorG16G va=0x688000 size=0x88e0 handle=0 cpu_present=0 outcpu_present=1 allowlisted=0
CALL class=AGXAcceleratorG16G sel=9 ret=0x0 in_struct=0x68 out_struct=0x58
RESOURCE_MAP class=AGXAcceleratorG16G va=0x10000e10000 size=0x8000 handle=0 cpu_present=0 outcpu_present=1 allowlisted=0
CALL class=AGXAcceleratorG16G sel=9 ret=0x0 in_struct=0x68 out_struct=0x58
RESOURCE_MAP class=AGXAcceleratorG16G va=0x10000e20000 size=0x8000 handle=0 cpu_present=0 outcpu_present=1 allowlisted=0
CALL class=AGXAcceleratorG16G sel=9 ret=0x0 in_struct=0x68 out_struct=0x58
RESOURCE_MAP class=AGXAcceleratorG16G va=0x698000 size=0x88e0 handle=0 cpu_present=0 outcpu_present=1 allowlisted=0
CALL class=AGXAcceleratorG16G sel=9 ret=0x0 in_struct=0x68 out_struct=0x58
RESOURCE_MAP class=AGXAcceleratorG16G va=0x10000e30000 size=0x8000 handle=0 cpu_present=0 outcpu_present=1 allowlisted=0
CALL class=AGXAcceleratorG16G sel=9 ret=0x0 in_struct=0x68 out_struct=0x58
RESOURCE_MAP class=AGXAcceleratorG16G va=0x10000e40000 size=0x8000 handle=0 cpu_present=0 outcpu_present=1 allowlisted=0
CALL class=AGXAcceleratorG16G sel=9 ret=0x0 in_struct=0x68 out_struct=0x58
RESOURCE_MAP class=AGXAcceleratorG16G va=0x6a8000 size=0x88e0 handle=0 cpu_present=0 outcpu_present=1 allowlisted=0
CALL class=AGXAcceleratorG16G sel=9 ret=0x0 in_struct=0x68 out_struct=0x58
RESOURCE_MAP class=AGXAcceleratorG16G va=0x10000e50000 size=0x8000 handle=0 cpu_present=0 outcpu_present=1 allowlisted=0
CALL class=AGXAcceleratorG16G sel=9 ret=0x0 in_struct=0x68 out_struct=0x58
RESOURCE_MAP class=AGXAcceleratorG16G va=0x6b8000 size=0x88e0 handle=0 cpu_present=0 outcpu_present=1 allowlisted=0
CALL class=AGXAcceleratorG16G sel=9 ret=0x0 in_struct=0x68 out_struct=0x58
RESOURCE_MAP class=AGXAcceleratorG16G va=0x10000e60000 size=0x8000 handle=0 cpu_present=0 outcpu_present=1 allowlisted=0
CALL class=AGXAcceleratorG16G sel=14 ret=0x0 in_struct=0x0 out_struct=0x10
CALL class=AGXAcceleratorG16G sel=9 ret=0x0 in_struct=0x68 out_struct=0x58
RESOURCE_MAP class=AGXAcceleratorG16G va=0x10000e70000 size=0x8000 handle=0 cpu_present=0 outcpu_present=1 allowlisted=0
CALL class=AGXAcceleratorG16G sel=9 ret=0x0 in_struct=0x68 out_struct=0x58
RESOURCE_MAP class=AGXAcceleratorG16G va=0x6c8000 size=0x88e0 handle=0 cpu_present=0 outcpu_present=1 allowlisted=0
CALL class=AGXAcceleratorG16G sel=9 ret=0x0 in_struct=0x68 out_struct=0x58
RESOURCE_MAP class=AGXAcceleratorG16G va=0x10000e80000 size=0x8000 handle=0 cpu_present=0 outcpu_present=1 allowlisted=0
CALL class=AGXAcceleratorG16G sel=9 ret=0x0 in_struct=0x68 out_struct=0x58
RESOURCE_MAP class=AGXAcceleratorG16G va=0x6d8000 size=0x88e0 handle=0 cpu_present=0 outcpu_present=1 allowlisted=0
CALL class=AGXAcceleratorG16G sel=9 ret=0x0 in_struct=0x68 out_struct=0x58
RESOURCE_MAP class=AGXAcceleratorG16G va=0x10000e90000 size=0x8000 handle=0 cpu_present=0 outcpu_present=1 allowlisted=0
CALL class=AGXAcceleratorG16G sel=9 ret=0x0 in_struct=0x68 out_struct=0x58
RESOURCE_MAP class=AGXAcceleratorG16G va=0x10000ea0000 size=0x8000 handle=0 cpu_present=0 outcpu_present=1 allowlisted=0
CALL class=AGXAcceleratorG16G sel=14 ret=0x0 in_struct=0x0 out_struct=0x10
CALL class=AGXAcceleratorG16G sel=9 ret=0x0 in_struct=0x68 out_struct=0x58
RESOURCE_MAP class=AGXAcceleratorG16G va=0x10000eb0000 size=0x8000 handle=0 cpu_present=0 outcpu_present=1 allowlisted=0
CALL class=AGXAcceleratorG16G sel=9 ret=0x0 in_struct=0x68 out_struct=0x58
RESOURCE_MAP class=AGXAcceleratorG16G va=0x6e8000 size=0x88e0 handle=0 cpu_present=0 outcpu_present=1 allowlisted=0
CALL class=AGXAcceleratorG16G sel=9 ret=0x0 in_struct=0x68 out_struct=0x58
RESOURCE_MAP class=AGXAcceleratorG16G va=0x10000ec0000 size=0x8000 handle=0 cpu_present=0 outcpu_present=1 allowlisted=0
CALL class=AGXAcceleratorG16G sel=9 ret=0x0 in_struct=0x68 out_struct=0x58
RESOURCE_MAP class=AGXAcceleratorG16G va=0x10000ed0000 size=0x8000 handle=0 cpu_present=0 outcpu_present=1 allowlisted=0
CALL class=AGXAcceleratorG16G sel=9 ret=0x0 in_struct=0x68 out_struct=0x58
RESOURCE_MAP class=AGXAcceleratorG16G va=0x6f8000 size=0x88e0 handle=0 cpu_present=0 outcpu_present=1 allowlisted=0
CALL class=AGXAcceleratorG16G sel=9 ret=0x0 in_struct=0x68 out_struct=0x58
RESOURCE_MAP class=AGXAcceleratorG16G va=0x10000ee0000 size=0x8000 handle=0 cpu_present=0 outcpu_present=1 allowlisted=0
CALL class=AGXAcceleratorG16G sel=9 ret=0x0 in_struct=0x68 out_struct=0x58
RESOURCE_MAP class=AGXAcceleratorG16G va=0x10000ef0000 size=0x8000 handle=0 cpu_present=0 outcpu_present=1 allowlisted=0
CALL class=AGXAcceleratorG16G sel=9 ret=0x0 in_struct=0x68 out_struct=0x58
RESOURCE_MAP class=AGXAcceleratorG16G va=0x10000f00000 size=0x8000 handle=0 cpu_present=0 outcpu_present=1 allowlisted=0
CALL class=AGXAcceleratorG16G sel=9 ret=0x0 in_struct=0x68 out_struct=0x58
RESOURCE_MAP class=AGXAcceleratorG16G va=0x10000f10000 size=0x8000 handle=0 cpu_present=0 outcpu_present=1 allowlisted=0
CALL class=AGXAcceleratorG16G sel=9 ret=0x0 in_struct=0x68 out_struct=0x58
RESOURCE_MAP class=AGXAcceleratorG16G va=0x708000 size=0x88e0 handle=0 cpu_present=0 outcpu_present=1 allowlisted=0
CALL class=AGXAcceleratorG16G sel=9 ret=0x0 in_struct=0x68 out_struct=0x58
RESOURCE_MAP class=AGXAcceleratorG16G va=0x718000 size=0x8000 handle=0 cpu_present=0 outcpu_present=1 allowlisted=0
CALL class=AGXAcceleratorG16G sel=9 ret=0x0 in_struct=0x68 out_struct=0x58
RESOURCE_MAP class=AGXAcceleratorG16G va=0x10000f20000 size=0x8000 handle=0 cpu_present=0 outcpu_present=1 allowlisted=0
CALL class=AGXAcceleratorG16G sel=9 ret=0x0 in_struct=0x68 out_struct=0x58
RESOURCE_MAP class=AGXAcceleratorG16G va=0x728000 size=0x88e0 handle=0 cpu_present=0 outcpu_present=1 allowlisted=0
CALL class=AGXAcceleratorG16G sel=9 ret=0x0 in_struct=0x68 out_struct=0x58
RESOURCE_MAP class=AGXAcceleratorG16G va=0x10000f30000 size=0x8000 handle=0 cpu_present=0 outcpu_present=1 allowlisted=0
CALL class=AGXAcceleratorG16G sel=9 ret=0x0 in_struct=0x68 out_struct=0x58
RESOURCE_MAP class=AGXAcceleratorG16G va=0x10000f40000 size=0x8000 handle=0 cpu_present=0 outcpu_present=1 allowlisted=0
CALL class=AGXAcceleratorG16G sel=9 ret=0x0 in_struct=0x68 out_struct=0x58
RESOURCE_MAP class=AGXAcceleratorG16G va=0x738000 size=0x88e0 handle=0 cpu_present=0 outcpu_present=1 allowlisted=0
CALL class=AGXAcceleratorG16G sel=9 ret=0x0 in_struct=0x68 out_struct=0x58
RESOURCE_MAP class=AGXAcceleratorG16G va=0x10000f50000 size=0x8000 handle=0 cpu_present=0 outcpu_present=1 allowlisted=0
CALL class=AGXAcceleratorG16G sel=9 ret=0x0 in_struct=0x68 out_struct=0x58
RESOURCE_MAP class=AGXAcceleratorG16G va=0x10000f60000 size=0x8000 handle=0 cpu_present=0 outcpu_present=1 allowlisted=0
CALL class=AGXAcceleratorG16G sel=9 ret=0x0 in_struct=0x68 out_struct=0x58
RESOURCE_MAP class=AGXAcceleratorG16G va=0x748000 size=0x88e0 handle=0 cpu_present=0 outcpu_present=1 allowlisted=0
CALL class=AGXAcceleratorG16G sel=9 ret=0x0 in_struct=0x68 out_struct=0x58
RESOURCE_MAP class=AGXAcceleratorG16G va=0x758000 size=0x8000 handle=0 cpu_present=0 outcpu_present=1 allowlisted=0
CALL class=AGXAcceleratorG16G sel=9 ret=0x0 in_struct=0x68 out_struct=0x58
RESOURCE_MAP class=AGXAcceleratorG16G va=0x10000f70000 size=0x8000 handle=0 cpu_present=0 outcpu_present=1 allowlisted=0
CALL class=AGXAcceleratorG16G sel=9 ret=0x0 in_struct=0x68 out_struct=0x58
RESOURCE_MAP class=AGXAcceleratorG16G va=0x768000 size=0x88e0 handle=0 cpu_present=0 outcpu_present=1 allowlisted=0
CALL class=AGXAcceleratorG16G sel=9 ret=0x0 in_struct=0x68 out_struct=0x58
RESOURCE_MAP class=AGXAcceleratorG16G va=0x10000f80000 size=0x8000 handle=0 cpu_present=0 outcpu_present=1 allowlisted=0
CALL class=AGXAcceleratorG16G sel=9 ret=0x0 in_struct=0x68 out_struct=0x58
RESOURCE_MAP class=AGXAcceleratorG16G va=0x10000f90000 size=0x8000 handle=0 cpu_present=0 outcpu_present=1 allowlisted=0
CALL class=AGXAcceleratorG16G sel=9 ret=0x0 in_struct=0x68 out_struct=0x58
RESOURCE_MAP class=AGXAcceleratorG16G va=0x778000 size=0x88e0 handle=0 cpu_present=0 outcpu_present=1 allowlisted=0
CALL class=AGXAcceleratorG16G sel=9 ret=0x0 in_struct=0x68 out_struct=0x58
RESOURCE_MAP class=AGXAcceleratorG16G va=0x10000fa0000 size=0x8000 handle=0 cpu_present=0 outcpu_present=1 allowlisted=0
CALL class=AGXAcceleratorG16G sel=9 ret=0x0 in_struct=0x68 out_struct=0x58
RESOURCE_MAP class=AGXAcceleratorG16G va=0x10000fb0000 size=0x8000 handle=0 cpu_present=0 outcpu_present=1 allowlisted=0
CALL class=AGXAcceleratorG16G sel=9 ret=0x0 in_struct=0x68 out_struct=0x58
RESOURCE_MAP class=AGXAcceleratorG16G va=0x788000 size=0x88e0 handle=0 cpu_present=0 outcpu_present=1 allowlisted=0
CALL class=AGXAcceleratorG16G sel=9 ret=0x0 in_struct=0x68 out_struct=0x58
RESOURCE_MAP class=AGXAcceleratorG16G va=0x10000fc0000 size=0x8000 handle=0 cpu_present=0 outcpu_present=1 allowlisted=0
CALL class=AGXAcceleratorG16G sel=9 ret=0x0 in_struct=0x68 out_struct=0x58
RESOURCE_MAP class=AGXAcceleratorG16G va=0x10000fd0000 size=0x8000 handle=0 cpu_present=0 outcpu_present=1 allowlisted=0
CALL class=AGXAcceleratorG16G sel=9 ret=0x0 in_struct=0x68 out_struct=0x58
RESOURCE_MAP class=AGXAcceleratorG16G va=0x10000fe0000 size=0x8000 handle=0 cpu_present=0 outcpu_present=1 allowlisted=0
CALL class=AGXAcceleratorG16G sel=9 ret=0x0 in_struct=0x68 out_struct=0x58
RESOURCE_MAP class=AGXAcceleratorG16G va=0x10000ff0000 size=0x8000 handle=0 cpu_present=0 outcpu_present=1 allowlisted=0
CALL class=AGXAcceleratorG16G sel=9 ret=0x0 in_struct=0x68 out_struct=0x58
RESOURCE_MAP class=AGXAcceleratorG16G va=0x798000 size=0x88e0 handle=0 cpu_present=0 outcpu_present=1 allowlisted=0
CALL class=AGXAcceleratorG16G sel=9 ret=0x0 in_struct=0x68 out_struct=0x58
RESOURCE_MAP class=AGXAcceleratorG16G va=0x10001000000 size=0x8000 handle=0 cpu_present=0 outcpu_present=1 allowlisted=0
CALL class=AGXAcceleratorG16G sel=9 ret=0x0 in_struct=0x68 out_struct=0x58
RESOURCE_MAP class=AGXAcceleratorG16G va=0x10001010000 size=0x8000 handle=0 cpu_present=0 outcpu_present=1 allowlisted=0
CALL class=AGXAcceleratorG16G sel=9 ret=0x0 in_struct=0x68 out_struct=0x58
RESOURCE_MAP class=AGXAcceleratorG16G va=0x7a8000 size=0x88e0 handle=0 cpu_present=0 outcpu_present=1 allowlisted=0
CALL class=AGXAcceleratorG16G sel=9 ret=0x0 in_struct=0x68 out_struct=0x58
RESOURCE_MAP class=AGXAcceleratorG16G va=0x10001020000 size=0x8000 handle=0 cpu_present=0 outcpu_present=1 allowlisted=0
CALL class=AGXAcceleratorG16G sel=9 ret=0x0 in_struct=0x68 out_struct=0x58
RESOURCE_MAP class=AGXAcceleratorG16G va=0x10001030000 size=0x8000 handle=0 cpu_present=0 outcpu_present=1 allowlisted=0
CALL class=AGXAcceleratorG16G sel=9 ret=0x0 in_struct=0x68 out_struct=0x58
RESOURCE_MAP class=AGXAcceleratorG16G va=0x7b8000 size=0x88e0 handle=0 cpu_present=0 outcpu_present=1 allowlisted=0
CALL class=AGXAcceleratorG16G sel=9 ret=0x0 in_struct=0x68 out_struct=0x58
RESOURCE_MAP class=AGXAcceleratorG16G va=0x10001040000 size=0x8000 handle=0 cpu_present=0 outcpu_present=1 allowlisted=0
CALL class=AGXAcceleratorG16G sel=9 ret=0x0 in_struct=0x68 out_struct=0x58
RESOURCE_MAP class=AGXAcceleratorG16G va=0x7c8000 size=0x88e0 handle=0 cpu_present=0 outcpu_present=1 allowlisted=0
CALL class=AGXAcceleratorG16G sel=9 ret=0x0 in_struct=0x68 out_struct=0x58
RESOURCE_MAP class=AGXAcceleratorG16G va=0x10001050000 size=0x8000 handle=0 cpu_present=0 outcpu_present=1 allowlisted=0
CALL class=AGXAcceleratorG16G sel=9 ret=0x0 in_struct=0x68 out_struct=0x58
RESOURCE_MAP class=AGXAcceleratorG16G va=0x7d8000 size=0x88e0 handle=0 cpu_present=0 outcpu_present=1 allowlisted=0
CALL class=AGXAcceleratorG16G sel=9 ret=0x0 in_struct=0x68 out_struct=0x58
RESOURCE_MAP class=AGXAcceleratorG16G va=0x10001060000 size=0x8000 handle=0 cpu_present=0 outcpu_present=1 allowlisted=0
CALL class=AGXAcceleratorG16G sel=9 ret=0x0 in_struct=0x68 out_struct=0x58
RESOURCE_MAP class=AGXAcceleratorG16G va=0x10001070000 size=0x8000 handle=0 cpu_present=0 outcpu_present=1 allowlisted=0
CALL class=AGXAcceleratorG16G sel=9 ret=0x0 in_struct=0x68 out_struct=0x58
RESOURCE_MAP class=AGXAcceleratorG16G va=0x7e8000 size=0x8000 handle=0 cpu_present=0 outcpu_present=1 allowlisted=0
CALL class=AGXAcceleratorG16G sel=9 ret=0x0 in_struct=0x68 out_struct=0x58
RESOURCE_MAP class=AGXAcceleratorG16G va=0x10001080000 size=0x8000 handle=0 cpu_present=0 outcpu_present=1 allowlisted=0
CALL class=AGXAcceleratorG16G sel=9 ret=0x0 in_struct=0x68 out_struct=0x58
RESOURCE_MAP class=AGXAcceleratorG16G va=0x7f8000 size=0x88e0 handle=0 cpu_present=0 outcpu_present=1 allowlisted=0
CALL class=AGXAcceleratorG16G sel=9 ret=0x0 in_struct=0x68 out_struct=0x58
RESOURCE_MAP class=AGXAcceleratorG16G va=0x10001090000 size=0x8000 handle=0 cpu_present=0 outcpu_present=1 allowlisted=0
CALL class=AGXAcceleratorG16G sel=9 ret=0x0 in_struct=0x68 out_struct=0x58
RESOURCE_MAP class=AGXAcceleratorG16G va=0x100010a0000 size=0x8000 handle=0 cpu_present=0 outcpu_present=1 allowlisted=0
CALL class=AGXAcceleratorG16G sel=9 ret=0x0 in_struct=0x68 out_struct=0x58
RESOURCE_MAP class=AGXAcceleratorG16G va=0x808000 size=0x88e0 handle=0 cpu_present=0 outcpu_present=1 allowlisted=0
CALL class=AGXAcceleratorG16G sel=9 ret=0x0 in_struct=0x68 out_struct=0x58
RESOURCE_MAP class=AGXAcceleratorG16G va=0x100010b0000 size=0x8000 handle=0 cpu_present=0 outcpu_present=1 allowlisted=0
CALL class=AGXAcceleratorG16G sel=9 ret=0x0 in_struct=0x68 out_struct=0x58
RESOURCE_MAP class=AGXAcceleratorG16G va=0x100010c0000 size=0x8000 handle=0 cpu_present=0 outcpu_present=1 allowlisted=0
CALL class=AGXAcceleratorG16G sel=9 ret=0x0 in_struct=0x68 out_struct=0x58
RESOURCE_MAP class=AGXAcceleratorG16G va=0x818000 size=0x88e0 handle=0 cpu_present=0 outcpu_present=1 allowlisted=0
CALL class=AGXAcceleratorG16G sel=9 ret=0x0 in_struct=0x68 out_struct=0x58
RESOURCE_MAP class=AGXAcceleratorG16G va=0x100010d0000 size=0x8000 handle=0 cpu_present=0 outcpu_present=1 allowlisted=0
CALL class=AGXAcceleratorG16G sel=9 ret=0x0 in_struct=0x68 out_struct=0x58
RESOURCE_MAP class=AGXAcceleratorG16G va=0x100010e0000 size=0x8000 handle=0 cpu_present=0 outcpu_present=1 allowlisted=0
CALL class=AGXAcceleratorG16G sel=9 ret=0x0 in_struct=0x68 out_struct=0x58
RESOURCE_MAP class=AGXAcceleratorG16G va=0x100010f0000 size=0x8000 handle=0 cpu_present=0 outcpu_present=1 allowlisted=0
CALL class=AGXAcceleratorG16G sel=9 ret=0x0 in_struct=0x68 out_struct=0x58
RESOURCE_MAP class=AGXAcceleratorG16G va=0x828000 size=0x8000 handle=0 cpu_present=0 outcpu_present=1 allowlisted=0
CALL class=AGXAcceleratorG16G sel=9 ret=0x0 in_struct=0x68 out_struct=0x58
RESOURCE_MAP class=AGXAcceleratorG16G va=0x838000 size=0x88e0 handle=0 cpu_present=0 outcpu_present=1 allowlisted=0
CALL class=AGXAcceleratorG16G sel=9 ret=0x0 in_struct=0x68 out_struct=0x58
RESOURCE_MAP class=AGXAcceleratorG16G va=0x10001100000 size=0x8000 handle=0 cpu_present=0 outcpu_present=1 allowlisted=0
CALL class=AGXAcceleratorG16G sel=9 ret=0x0 in_struct=0x68 out_struct=0x58
RESOURCE_MAP class=AGXAcceleratorG16G va=0x10001110000 size=0x8000 handle=0 cpu_present=0 outcpu_present=1 allowlisted=0
CALL class=AGXAcceleratorG16G sel=9 ret=0x0 in_struct=0x68 out_struct=0x58
RESOURCE_MAP class=AGXAcceleratorG16G va=0x848000 size=0x88e0 handle=0 cpu_present=0 outcpu_present=1 allowlisted=0
CALL class=AGXAcceleratorG16G sel=9 ret=0x0 in_struct=0x68 out_struct=0x58
RESOURCE_MAP class=AGXAcceleratorG16G va=0x10001120000 size=0x8000 handle=0 cpu_present=0 outcpu_present=1 allowlisted=0
CALL class=AGXAcceleratorG16G sel=9 ret=0x0 in_struct=0x68 out_struct=0x58
RESOURCE_MAP class=AGXAcceleratorG16G va=0x10001130000 size=0x8000 handle=0 cpu_present=0 outcpu_present=1 allowlisted=0
CALL class=AGXAcceleratorG16G sel=9 ret=0x0 in_struct=0x68 out_struct=0x58
RESOURCE_MAP class=AGXAcceleratorG16G va=0x858000 size=0x88e0 handle=0 cpu_present=0 outcpu_present=1 allowlisted=0
CALL class=AGXAcceleratorG16G sel=9 ret=0x0 in_struct=0x68 out_struct=0x58
RESOURCE_MAP class=AGXAcceleratorG16G va=0x10001140000 size=0x8000 handle=0 cpu_present=0 outcpu_present=1 allowlisted=0
CALL class=AGXAcceleratorG16G sel=9 ret=0x0 in_struct=0x68 out_struct=0x58
RESOURCE_MAP class=AGXAcceleratorG16G va=0x10001150000 size=0x8000 handle=0 cpu_present=0 outcpu_present=1 allowlisted=0
CALL class=AGXAcceleratorG16G sel=9 ret=0x0 in_struct=0x68 out_struct=0x58
RESOURCE_MAP class=AGXAcceleratorG16G va=0x868000 size=0x88e0 handle=0 cpu_present=0 outcpu_present=1 allowlisted=0
CALL class=AGXAcceleratorG16G sel=9 ret=0x0 in_struct=0x68 out_struct=0x58
RESOURCE_MAP class=AGXAcceleratorG16G va=0x10001160000 size=0x8000 handle=0 cpu_present=0 outcpu_present=1 allowlisted=0
CALL class=AGXAcceleratorG16G sel=9 ret=0x0 in_struct=0x68 out_struct=0x58
RESOURCE_MAP class=AGXAcceleratorG16G va=0x878000 size=0x88e0 handle=0 cpu_present=0 outcpu_present=1 allowlisted=0
CALL class=AGXAcceleratorG16G sel=9 ret=0x0 in_struct=0x68 out_struct=0x58
RESOURCE_MAP class=AGXAcceleratorG16G va=0x10001170000 size=0x8000 handle=0 cpu_present=0 outcpu_present=1 allowlisted=0
CALL class=AGXAcceleratorG16G sel=9 ret=0x0 in_struct=0x68 out_struct=0x58
RESOURCE_MAP class=AGXAcceleratorG16G va=0x888000 size=0x88e0 handle=0 cpu_present=0 outcpu_present=1 allowlisted=0
CALL class=AGXAcceleratorG16G sel=14 ret=0x0 in_struct=0x0 out_struct=0x10
CALL class=AGXAcceleratorG16G sel=9 ret=0x0 in_struct=0x68 out_struct=0x58
RESOURCE_MAP class=AGXAcceleratorG16G va=0x10001180000 size=0x8000 handle=0 cpu_present=0 outcpu_present=1 allowlisted=0
CALL class=AGXAcceleratorG16G sel=9 ret=0x0 in_struct=0x68 out_struct=0x58
RESOURCE_MAP class=AGXAcceleratorG16G va=0x10001190000 size=0x8000 handle=0 cpu_present=0 outcpu_present=1 allowlisted=0
CALL class=AGXAcceleratorG16G sel=9 ret=0x0 in_struct=0x68 out_struct=0x58
RESOURCE_MAP class=AGXAcceleratorG16G va=0x100011a0000 size=0x8000 handle=0 cpu_present=0 outcpu_present=1 allowlisted=0
CALL class=AGXAcceleratorG16G sel=9 ret=0x0 in_struct=0x68 out_struct=0x58
RESOURCE_MAP class=AGXAcceleratorG16G va=0x100011b0000 size=0x8000 handle=0 cpu_present=0 outcpu_present=1 allowlisted=0
CALL class=AGXAcceleratorG16G sel=9 ret=0x0 in_struct=0x68 out_struct=0x58
RESOURCE_MAP class=AGXAcceleratorG16G va=0x898000 size=0x88e0 handle=0 cpu_present=0 outcpu_present=1 allowlisted=0
CALL class=AGXAcceleratorG16G sel=9 ret=0x0 in_struct=0x68 out_struct=0x58
RESOURCE_MAP class=AGXAcceleratorG16G va=0x100011c0000 size=0x8000 handle=0 cpu_present=0 outcpu_present=1 allowlisted=0
CALL class=AGXAcceleratorG16G sel=9 ret=0x0 in_struct=0x68 out_struct=0x58
RESOURCE_MAP class=AGXAcceleratorG16G va=0x100011d0000 size=0x8000 handle=0 cpu_present=0 outcpu_present=1 allowlisted=0
CALL class=AGXAcceleratorG16G sel=9 ret=0x0 in_struct=0x68 out_struct=0x58
RESOURCE_MAP class=AGXAcceleratorG16G va=0x100011e0000 size=0x8000 handle=0 cpu_present=0 outcpu_present=1 allowlisted=0
CALL class=AGXAcceleratorG16G sel=9 ret=0x0 in_struct=0x68 out_struct=0x58
RESOURCE_MAP class=AGXAcceleratorG16G va=0x8a8000 size=0x88e0 handle=0 cpu_present=0 outcpu_present=1 allowlisted=0
CALL class=AGXAcceleratorG16G sel=9 ret=0x0 in_struct=0x68 out_struct=0x58
RESOURCE_MAP class=AGXAcceleratorG16G va=0x100011f0000 size=0x8000 handle=0 cpu_present=0 outcpu_present=1 allowlisted=0
CALL class=AGXAcceleratorG16G sel=9 ret=0x0 in_struct=0x68 out_struct=0x58
RESOURCE_MAP class=AGXAcceleratorG16G va=0x10001200000 size=0x8000 handle=0 cpu_present=0 outcpu_present=1 allowlisted=0
CALL class=AGXAcceleratorG16G sel=9 ret=0x0 in_struct=0x68 out_struct=0x58
RESOURCE_MAP class=AGXAcceleratorG16G va=0x8b8000 size=0x88e0 handle=0 cpu_present=0 outcpu_present=1 allowlisted=0
CALL class=AGXAcceleratorG16G sel=9 ret=0x0 in_struct=0x68 out_struct=0x58
RESOURCE_MAP class=AGXAcceleratorG16G va=0x8c8000 size=0x8000 handle=0 cpu_present=0 outcpu_present=1 allowlisted=0
CALL class=AGXAcceleratorG16G sel=9 ret=0x0 in_struct=0x68 out_struct=0x58
RESOURCE_MAP class=AGXAcceleratorG16G va=0x10001210000 size=0x8000 handle=0 cpu_present=0 outcpu_present=1 allowlisted=0
CALL class=AGXAcceleratorG16G sel=9 ret=0x0 in_struct=0x68 out_struct=0x58
RESOURCE_MAP class=AGXAcceleratorG16G va=0x8d8000 size=0x88e0 handle=0 cpu_present=0 outcpu_present=1 allowlisted=0
CALL class=AGXAcceleratorG16G sel=9 ret=0x0 in_struct=0x68 out_struct=0x58
RESOURCE_MAP class=AGXAcceleratorG16G va=0x10001220000 size=0x8000 handle=0 cpu_present=0 outcpu_present=1 allowlisted=0
CALL class=AGXAcceleratorG16G sel=9 ret=0x0 in_struct=0x68 out_struct=0x58
RESOURCE_MAP class=AGXAcceleratorG16G va=0x10001230000 size=0x8000 handle=0 cpu_present=0 outcpu_present=1 allowlisted=0
CALL class=AGXAcceleratorG16G sel=9 ret=0x0 in_struct=0x68 out_struct=0x58
RESOURCE_MAP class=AGXAcceleratorG16G va=0x8e8000 size=0x88e0 handle=0 cpu_present=0 outcpu_present=1 allowlisted=0
CALL class=AGXAcceleratorG16G sel=9 ret=0x0 in_struct=0x68 out_struct=0x58
RESOURCE_MAP class=AGXAcceleratorG16G va=0x10001240000 size=0x8000 handle=0 cpu_present=0 outcpu_present=1 allowlisted=0
CALL class=AGXAcceleratorG16G sel=9 ret=0x0 in_struct=0x68 out_struct=0x58
RESOURCE_MAP class=AGXAcceleratorG16G va=0x10001250000 size=0x8000 handle=0 cpu_present=0 outcpu_present=1 allowlisted=0
CALL class=AGXAcceleratorG16G sel=9 ret=0x0 in_struct=0x68 out_struct=0x58
RESOURCE_MAP class=AGXAcceleratorG16G va=0x8f8000 size=0x88e0 handle=0 cpu_present=0 outcpu_present=1 allowlisted=0
CALL class=AGXAcceleratorG16G sel=9 ret=0x0 in_struct=0x68 out_struct=0x58
RESOURCE_MAP class=AGXAcceleratorG16G va=0x10001260000 size=0x8000 handle=0 cpu_present=0 outcpu_present=1 allowlisted=0
CALL class=AGXAcceleratorG16G sel=9 ret=0x0 in_struct=0x68 out_struct=0x58
RESOURCE_MAP class=AGXAcceleratorG16G va=0x908000 size=0x8000 handle=0 cpu_present=0 outcpu_present=1 allowlisted=0
CALL class=AGXAcceleratorG16G sel=9 ret=0x0 in_struct=0x68 out_struct=0x58
RESOURCE_MAP class=AGXAcceleratorG16G va=0x918000 size=0x88e0 handle=0 cpu_present=0 outcpu_present=1 allowlisted=0
CALL class=AGXAcceleratorG16G sel=9 ret=0x0 in_struct=0x68 out_struct=0x58
RESOURCE_MAP class=AGXAcceleratorG16G va=0x10001270000 size=0x8000 handle=0 cpu_present=0 outcpu_present=1 allowlisted=0
CALL class=AGXAcceleratorG16G sel=9 ret=0x0 in_struct=0x68 out_struct=0x58
RESOURCE_MAP class=AGXAcceleratorG16G va=0x10001280000 size=0x8000 handle=0 cpu_present=0 outcpu_present=1 allowlisted=0
CALL class=AGXAcceleratorG16G sel=9 ret=0x0 in_struct=0x68 out_struct=0x58
RESOURCE_MAP class=AGXAcceleratorG16G va=0x10001290000 size=0x8000 handle=0 cpu_present=0 outcpu_present=1 allowlisted=0
CALL class=AGXAcceleratorG16G sel=9 ret=0x0 in_struct=0x68 out_struct=0x58
RESOURCE_MAP class=AGXAcceleratorG16G va=0x928000 size=0x88e0 handle=0 cpu_present=0 outcpu_present=1 allowlisted=0
CALL class=AGXAcceleratorG16G sel=9 ret=0x0 in_struct=0x68 out_struct=0x58
RESOURCE_MAP class=AGXAcceleratorG16G va=0x100012a0000 size=0x8000 handle=0 cpu_present=0 outcpu_present=1 allowlisted=0
CALL class=AGXAcceleratorG16G sel=9 ret=0x0 in_struct=0x68 out_struct=0x58
RESOURCE_MAP class=AGXAcceleratorG16G va=0x938000 size=0x88e0 handle=0 cpu_present=0 outcpu_present=1 allowlisted=0
CALL class=AGXAcceleratorG16G sel=9 ret=0x0 in_struct=0x68 out_struct=0x58
RESOURCE_MAP class=AGXAcceleratorG16G va=0x100012b0000 size=0x8000 handle=0 cpu_present=0 outcpu_present=1 allowlisted=0
CALL class=AGXAcceleratorG16G sel=9 ret=0x0 in_struct=0x68 out_struct=0x58
RESOURCE_MAP class=AGXAcceleratorG16G va=0x100012c0000 size=0x8000 handle=0 cpu_present=0 outcpu_present=1 allowlisted=0
CALL class=AGXAcceleratorG16G sel=9 ret=0x0 in_struct=0x68 out_struct=0x58
RESOURCE_MAP class=AGXAcceleratorG16G va=0x100012d0000 size=0x8000 handle=0 cpu_present=0 outcpu_present=1 allowlisted=0
CALL class=AGXAcceleratorG16G sel=9 ret=0x0 in_struct=0x68 out_struct=0x58
RESOURCE_MAP class=AGXAcceleratorG16G va=0x100012e0000 size=0x8000 handle=0 cpu_present=0 outcpu_present=1 allowlisted=0
CALL class=AGXAcceleratorG16G sel=9 ret=0x0 in_struct=0x68 out_struct=0x58
RESOURCE_MAP class=AGXAcceleratorG16G va=0x100012f0000 size=0x8000 handle=0 cpu_present=0 outcpu_present=1 allowlisted=0
CALL class=AGXAcceleratorG16G sel=9 ret=0x0 in_struct=0x68 out_struct=0x58
RESOURCE_MAP class=AGXAcceleratorG16G va=0x948000 size=0x88e0 handle=0 cpu_present=0 outcpu_present=1 allowlisted=0
CALL class=AGXAcceleratorG16G sel=9 ret=0x0 in_struct=0x68 out_struct=0x58
RESOURCE_MAP class=AGXAcceleratorG16G va=0x10001300000 size=0x8000 handle=0 cpu_present=0 outcpu_present=1 allowlisted=0
CALL class=AGXAcceleratorG16G sel=9 ret=0x0 in_struct=0x68 out_struct=0x58
RESOURCE_MAP class=AGXAcceleratorG16G va=0x958000 size=0x88e0 handle=0 cpu_present=0 outcpu_present=1 allowlisted=0
CALL class=AGXAcceleratorG16G sel=9 ret=0x0 in_struct=0x68 out_struct=0x58
RESOURCE_MAP class=AGXAcceleratorG16G va=0x10001310000 size=0x8000 handle=0 cpu_present=0 outcpu_present=1 allowlisted=0
CALL class=AGXAcceleratorG16G sel=9 ret=0x0 in_struct=0x68 out_struct=0x58
RESOURCE_MAP class=AGXAcceleratorG16G va=0x10001320000 size=0x8000 handle=0 cpu_present=0 outcpu_present=1 allowlisted=0
CALL class=AGXAcceleratorG16G sel=9 ret=0x0 in_struct=0x68 out_struct=0x58
RESOURCE_MAP class=AGXAcceleratorG16G va=0x968000 size=0x88e0 handle=0 cpu_present=0 outcpu_present=1 allowlisted=0
CALL class=AGXAcceleratorG16G sel=9 ret=0x0 in_struct=0x68 out_struct=0x58
RESOURCE_MAP class=AGXAcceleratorG16G va=0x10001330000 size=0x8000 handle=0 cpu_present=0 outcpu_present=1 allowlisted=0
CALL class=AGXAcceleratorG16G sel=9 ret=0x0 in_struct=0x68 out_struct=0x58
RESOURCE_MAP class=AGXAcceleratorG16G va=0x978000 size=0x88e0 handle=0 cpu_present=0 outcpu_present=1 allowlisted=0
CALL class=AGXAcceleratorG16G sel=9 ret=0x0 in_struct=0x68 out_struct=0x58
RESOURCE_MAP class=AGXAcceleratorG16G va=0x10001340000 size=0x8000 handle=0 cpu_present=0 outcpu_present=1 allowlisted=0
CALL class=AGXAcceleratorG16G sel=9 ret=0x0 in_struct=0x68 out_struct=0x58
RESOURCE_MAP class=AGXAcceleratorG16G va=0x988000 size=0x88e0 handle=0 cpu_present=0 outcpu_present=1 allowlisted=0
CALL class=AGXAcceleratorG16G sel=9 ret=0x0 in_struct=0x68 out_struct=0x58
RESOURCE_MAP class=AGXAcceleratorG16G va=0x10001350000 size=0x8000 handle=0 cpu_present=0 outcpu_present=1 allowlisted=0
CALL class=AGXAcceleratorG16G sel=9 ret=0x0 in_struct=0x68 out_struct=0x58
RESOURCE_MAP class=AGXAcceleratorG16G va=0x10001360000 size=0x8000 handle=0 cpu_present=0 outcpu_present=1 allowlisted=0
CALL class=AGXAcceleratorG16G sel=9 ret=0x0 in_struct=0x68 out_struct=0x58
RESOURCE_MAP class=AGXAcceleratorG16G va=0x10001370000 size=0x8000 handle=0 cpu_present=0 outcpu_present=1 allowlisted=0
CALL class=AGXAcceleratorG16G sel=9 ret=0x0 in_struct=0x68 out_struct=0x58
RESOURCE_MAP class=AGXAcceleratorG16G va=0x998000 size=0x8000 handle=0 cpu_present=0 outcpu_present=1 allowlisted=0
CALL class=AGXAcceleratorG16G sel=9 ret=0x0 in_struct=0x68 out_struct=0x58
RESOURCE_MAP class=AGXAcceleratorG16G va=0x9a8000 size=0x88e0 handle=0 cpu_present=0 outcpu_present=1 allowlisted=0
CALL class=AGXAcceleratorG16G sel=9 ret=0x0 in_struct=0x68 out_struct=0x58
RESOURCE_MAP class=AGXAcceleratorG16G va=0x10001380000 size=0x8000 handle=0 cpu_present=0 outcpu_present=1 allowlisted=0
CALL class=AGXAcceleratorG16G sel=9 ret=0x0 in_struct=0x68 out_struct=0x58
RESOURCE_MAP class=AGXAcceleratorG16G va=0x10001390000 size=0x8000 handle=0 cpu_present=0 outcpu_present=1 allowlisted=0
CALL class=AGXAcceleratorG16G sel=9 ret=0x0 in_struct=0x68 out_struct=0x58
RESOURCE_MAP class=AGXAcceleratorG16G va=0x9b8000 size=0x88e0 handle=0 cpu_present=0 outcpu_present=1 allowlisted=0
CALL class=AGXAcceleratorG16G sel=9 ret=0x0 in_struct=0x68 out_struct=0x58
RESOURCE_MAP class=AGXAcceleratorG16G va=0x100013a0000 size=0x8000 handle=0 cpu_present=0 outcpu_present=1 allowlisted=0
CALL class=AGXAcceleratorG16G sel=9 ret=0x0 in_struct=0x68 out_struct=0x58
RESOURCE_MAP class=AGXAcceleratorG16G va=0x100013b0000 size=0x8000 handle=0 cpu_present=0 outcpu_present=1 allowlisted=0
CALL class=AGXAcceleratorG16G sel=9 ret=0x0 in_struct=0x68 out_struct=0x58
RESOURCE_MAP class=AGXAcceleratorG16G va=0x100013c0000 size=0x8000 handle=0 cpu_present=0 outcpu_present=1 allowlisted=0
CALL class=AGXAcceleratorG16G sel=9 ret=0x0 in_struct=0x68 out_struct=0x58
RESOURCE_MAP class=AGXAcceleratorG16G va=0x100013d0000 size=0x8000 handle=0 cpu_present=0 outcpu_present=1 allowlisted=0
CALL class=AGXAcceleratorG16G sel=9 ret=0x0 in_struct=0x68 out_struct=0x58
RESOURCE_MAP class=AGXAcceleratorG16G va=0x9c8000 size=0x88e0 handle=0 cpu_present=0 outcpu_present=1 allowlisted=0
CALL class=AGXAcceleratorG16G sel=9 ret=0x0 in_struct=0x68 out_struct=0x58
RESOURCE_MAP class=AGXAcceleratorG16G va=0x100013e0000 size=0x8000 handle=0 cpu_present=0 outcpu_present=1 allowlisted=0
CALL class=AGXAcceleratorG16G sel=9 ret=0x0 in_struct=0x68 out_struct=0x58
RESOURCE_MAP class=AGXAcceleratorG16G va=0x9d8000 size=0x88e0 handle=0 cpu_present=0 outcpu_present=1 allowlisted=0
CALL class=AGXAcceleratorG16G sel=9 ret=0x0 in_struct=0x68 out_struct=0x58
RESOURCE_MAP class=AGXAcceleratorG16G va=0x100013f0000 size=0x8000 handle=0 cpu_present=0 outcpu_present=1 allowlisted=0
CALL class=AGXAcceleratorG16G sel=9 ret=0x0 in_struct=0x68 out_struct=0x58
RESOURCE_MAP class=AGXAcceleratorG16G va=0x10001400000 size=0x8000 handle=0 cpu_present=0 outcpu_present=1 allowlisted=0
CALL class=AGXAcceleratorG16G sel=9 ret=0x0 in_struct=0x68 out_struct=0x58
RESOURCE_MAP class=AGXAcceleratorG16G va=0x9e8000 size=0x8000 handle=0 cpu_present=0 outcpu_present=1 allowlisted=0
CALL class=AGXAcceleratorG16G sel=9 ret=0x0 in_struct=0x68 out_struct=0x58
RESOURCE_MAP class=AGXAcceleratorG16G va=0x10001410000 size=0x8000 handle=0 cpu_present=0 outcpu_present=1 allowlisted=0
CALL class=AGXAcceleratorG16G sel=9 ret=0x0 in_struct=0x68 out_struct=0x58
RESOURCE_MAP class=AGXAcceleratorG16G va=0x9f8000 size=0x88e0 handle=0 cpu_present=0 outcpu_present=1 allowlisted=0
CALL class=AGXAcceleratorG16G sel=9 ret=0x0 in_struct=0x68 out_struct=0x58
RESOURCE_MAP class=AGXAcceleratorG16G va=0x10001420000 size=0x8000 handle=0 cpu_present=0 outcpu_present=1 allowlisted=0
CALL class=AGXAcceleratorG16G sel=9 ret=0x0 in_struct=0x68 out_struct=0x58
RESOURCE_MAP class=AGXAcceleratorG16G va=0xa08000 size=0x88e0 handle=0 cpu_present=0 outcpu_present=1 allowlisted=0
CALL class=AGXAcceleratorG16G sel=9 ret=0x0 in_struct=0x68 out_struct=0x58
RESOURCE_MAP class=AGXAcceleratorG16G va=0x10001430000 size=0x8000 handle=0 cpu_present=0 outcpu_present=1 allowlisted=0
CALL class=AGXAcceleratorG16G sel=9 ret=0x0 in_struct=0x68 out_struct=0x58
RESOURCE_MAP class=AGXAcceleratorG16G va=0x10001440000 size=0x8000 handle=0 cpu_present=0 outcpu_present=1 allowlisted=0
CALL class=AGXAcceleratorG16G sel=9 ret=0x0 in_struct=0x68 out_struct=0x58
RESOURCE_MAP class=AGXAcceleratorG16G va=0xa18000 size=0x88e0 handle=0 cpu_present=0 outcpu_present=1 allowlisted=0
CALL class=AGXAcceleratorG16G sel=9 ret=0x0 in_struct=0x68 out_struct=0x58
RESOURCE_MAP class=AGXAcceleratorG16G va=0x10001450000 size=0x8000 handle=0 cpu_present=0 outcpu_present=1 allowlisted=0
CALL class=AGXAcceleratorG16G sel=9 ret=0x0 in_struct=0x68 out_struct=0x58
RESOURCE_MAP class=AGXAcceleratorG16G va=0xa28000 size=0x88e0 handle=0 cpu_present=0 outcpu_present=1 allowlisted=0
CALL class=AGXAcceleratorG16G sel=9 ret=0x0 in_struct=0x68 out_struct=0x58
RESOURCE_MAP class=AGXAcceleratorG16G va=0x10001460000 size=0x8000 handle=0 cpu_present=0 outcpu_present=1 allowlisted=0
CALL class=AGXAcceleratorG16G sel=14 ret=0x0 in_struct=0x0 out_struct=0x10
CALL class=AGXAcceleratorG16G sel=9 ret=0x0 in_struct=0x68 out_struct=0x58
RESOURCE_MAP class=AGXAcceleratorG16G va=0x10001470000 size=0x8000 handle=0 cpu_present=0 outcpu_present=1 allowlisted=0
CALL class=AGXAcceleratorG16G sel=9 ret=0x0 in_struct=0x68 out_struct=0x58
RESOURCE_MAP class=AGXAcceleratorG16G va=0xa38000 size=0x88e0 handle=0 cpu_present=0 outcpu_present=1 allowlisted=0
CALL class=AGXAcceleratorG16G sel=9 ret=0x0 in_struct=0x68 out_struct=0x58
RESOURCE_MAP class=AGXAcceleratorG16G va=0x10001480000 size=0x8000 handle=0 cpu_present=0 outcpu_present=1 allowlisted=0
CALL class=AGXAcceleratorG16G sel=9 ret=0x0 in_struct=0x68 out_struct=0x58
RESOURCE_MAP class=AGXAcceleratorG16G va=0x10001490000 size=0x8000 handle=0 cpu_present=0 outcpu_present=1 allowlisted=0
CALL class=AGXAcceleratorG16G sel=9 ret=0x0 in_struct=0x68 out_struct=0x58
RESOURCE_MAP class=AGXAcceleratorG16G va=0x100014a0000 size=0x8000 handle=0 cpu_present=0 outcpu_present=1 allowlisted=0
CALL class=AGXAcceleratorG16G sel=9 ret=0x0 in_struct=0x68 out_struct=0x58
RESOURCE_MAP class=AGXAcceleratorG16G va=0xa48000 size=0x88e0 handle=0 cpu_present=0 outcpu_present=1 allowlisted=0
CALL class=AGXAcceleratorG16G sel=9 ret=0x0 in_struct=0x68 out_struct=0x58
RESOURCE_MAP class=AGXAcceleratorG16G va=0x100014b0000 size=0x8000 handle=0 cpu_present=0 outcpu_present=1 allowlisted=0
CALL class=AGXAcceleratorG16G sel=9 ret=0x0 in_struct=0x68 out_struct=0x58
RESOURCE_MAP class=AGXAcceleratorG16G va=0x100014c0000 size=0x8000 handle=0 cpu_present=0 outcpu_present=1 allowlisted=0
CALL class=AGXAcceleratorG16G sel=9 ret=0x0 in_struct=0x68 out_struct=0x58
RESOURCE_MAP class=AGXAcceleratorG16G va=0x100014d0000 size=0x8000 handle=0 cpu_present=0 outcpu_present=1 allowlisted=0
CALL class=AGXAcceleratorG16G sel=9 ret=0x0 in_struct=0x68 out_struct=0x58
RESOURCE_MAP class=AGXAcceleratorG16G va=0xa58000 size=0x88e0 handle=0 cpu_present=0 outcpu_present=1 allowlisted=0
CALL class=AGXAcceleratorG16G sel=9 ret=0x0 in_struct=0x68 out_struct=0x58
RESOURCE_MAP class=AGXAcceleratorG16G va=0x100014e0000 size=0x8000 handle=0 cpu_present=0 outcpu_present=1 allowlisted=0
CALL class=AGXAcceleratorG16G sel=9 ret=0x0 in_struct=0x68 out_struct=0x58
RESOURCE_MAP class=AGXAcceleratorG16G va=0x100014f0000 size=0x8000 handle=0 cpu_present=0 outcpu_present=1 allowlisted=0
CALL class=AGXAcceleratorG16G sel=9 ret=0x0 in_struct=0x68 out_struct=0x58
RESOURCE_MAP class=AGXAcceleratorG16G va=0xa68000 size=0x88e0 handle=0 cpu_present=0 outcpu_present=1 allowlisted=0
CALL class=AGXAcceleratorG16G sel=9 ret=0x0 in_struct=0x68 out_struct=0x58
RESOURCE_MAP class=AGXAcceleratorG16G va=0xa78000 size=0x8000 handle=0 cpu_present=0 outcpu_present=1 allowlisted=0
CALL class=AGXAcceleratorG16G sel=9 ret=0x0 in_struct=0x68 out_struct=0x58
RESOURCE_MAP class=AGXAcceleratorG16G va=0x10001500000 size=0x8000 handle=0 cpu_present=0 outcpu_present=1 allowlisted=0
CALL class=AGXAcceleratorG16G sel=9 ret=0x0 in_struct=0x68 out_struct=0x58
RESOURCE_MAP class=AGXAcceleratorG16G va=0xa88000 size=0x88e0 handle=0 cpu_present=0 outcpu_present=1 allowlisted=0
CALL class=AGXAcceleratorG16G sel=9 ret=0x0 in_struct=0x68 out_struct=0x58
RESOURCE_MAP class=AGXAcceleratorG16G va=0x10001510000 size=0x8000 handle=0 cpu_present=0 outcpu_present=1 allowlisted=0
CALL class=AGXAcceleratorG16G sel=9 ret=0x0 in_struct=0x68 out_struct=0x58
RESOURCE_MAP class=AGXAcceleratorG16G va=0x10001520000 size=0x8000 handle=0 cpu_present=0 outcpu_present=1 allowlisted=0
CALL class=AGXAcceleratorG16G sel=9 ret=0x0 in_struct=0x68 out_struct=0x58
RESOURCE_MAP class=AGXAcceleratorG16G va=0xa98000 size=0x88e0 handle=0 cpu_present=0 outcpu_present=1 allowlisted=0
CALL class=AGXAcceleratorG16G sel=9 ret=0x0 in_struct=0x68 out_struct=0x58
RESOURCE_MAP class=AGXAcceleratorG16G va=0x10001530000 size=0x8000 handle=0 cpu_present=0 outcpu_present=1 allowlisted=0
CALL class=AGXAcceleratorG16G sel=9 ret=0x0 in_struct=0x68 out_struct=0x58
RESOURCE_MAP class=AGXAcceleratorG16G va=0x10001540000 size=0x8000 handle=0 cpu_present=0 outcpu_present=1 allowlisted=0
CALL class=AGXAcceleratorG16G sel=9 ret=0x0 in_struct=0x68 out_struct=0x58
RESOURCE_MAP class=AGXAcceleratorG16G va=0xaa8000 size=0x88e0 handle=0 cpu_present=0 outcpu_present=1 allowlisted=0
CALL class=AGXAcceleratorG16G sel=9 ret=0x0 in_struct=0x68 out_struct=0x58
RESOURCE_MAP class=AGXAcceleratorG16G va=0x10001550000 size=0x8000 handle=0 cpu_present=0 outcpu_present=1 allowlisted=0
CALL class=AGXAcceleratorG16G sel=9 ret=0x0 in_struct=0x68 out_struct=0x58
RESOURCE_MAP class=AGXAcceleratorG16G va=0xab8000 size=0x88e0 handle=0 cpu_present=0 outcpu_present=1 allowlisted=0
CALL class=AGXAcceleratorG16G sel=9 ret=0x0 in_struct=0x68 out_struct=0x58
RESOURCE_MAP class=AGXAcceleratorG16G va=0x10001560000 size=0x8000 handle=0 cpu_present=0 outcpu_present=1 allowlisted=0
CALL class=AGXAcceleratorG16G sel=9 ret=0x0 in_struct=0x68 out_struct=0x58
RESOURCE_MAP class=AGXAcceleratorG16G va=0x10001570000 size=0x8000 handle=0 cpu_present=0 outcpu_present=1 allowlisted=0
CALL class=AGXAcceleratorG16G sel=9 ret=0x0 in_struct=0x68 out_struct=0x58
RESOURCE_MAP class=AGXAcceleratorG16G va=0xac8000 size=0x8000 handle=0 cpu_present=0 outcpu_present=1 allowlisted=0
CALL class=AGXAcceleratorG16G sel=9 ret=0x0 in_struct=0x68 out_struct=0x58
RESOURCE_MAP class=AGXAcceleratorG16G va=0x10001580000 size=0x8000 handle=0 cpu_present=0 outcpu_present=1 allowlisted=0
CALL class=AGXAcceleratorG16G sel=9 ret=0x0 in_struct=0x68 out_struct=0x58
RESOURCE_MAP class=AGXAcceleratorG16G va=0xad8000 size=0x88e0 handle=0 cpu_present=0 outcpu_present=1 allowlisted=0
CALL class=AGXAcceleratorG16G sel=9 ret=0x0 in_struct=0x68 out_struct=0x58
RESOURCE_MAP class=AGXAcceleratorG16G va=0x10001590000 size=0x8000 handle=0 cpu_present=0 outcpu_present=1 allowlisted=0
CALL class=AGXAcceleratorG16G sel=9 ret=0x0 in_struct=0x68 out_struct=0x58
RESOURCE_MAP class=AGXAcceleratorG16G va=0xae8000 size=0x88e0 handle=0 cpu_present=0 outcpu_present=1 allowlisted=0
CALL class=AGXAcceleratorG16G sel=9 ret=0x0 in_struct=0x68 out_struct=0x58
RESOURCE_MAP class=AGXAcceleratorG16G va=0x100015a0000 size=0x8000 handle=0 cpu_present=0 outcpu_present=1 allowlisted=0
CALL class=AGXAcceleratorG16G sel=9 ret=0x0 in_struct=0x68 out_struct=0x58
RESOURCE_MAP class=AGXAcceleratorG16G va=0x100015b0000 size=0x8000 handle=0 cpu_present=0 outcpu_present=1 allowlisted=0
CALL class=AGXAcceleratorG16G sel=9 ret=0x0 in_struct=0x68 out_struct=0x58
RESOURCE_MAP class=AGXAcceleratorG16G va=0x100015c0000 size=0x8000 handle=0 cpu_present=0 outcpu_present=1 allowlisted=0
CALL class=AGXAcceleratorG16G sel=9 ret=0x0 in_struct=0x68 out_struct=0x58
RESOURCE_MAP class=AGXAcceleratorG16G va=0x100015d0000 size=0x8000 handle=0 cpu_present=0 outcpu_present=1 allowlisted=0
CALL class=AGXAcceleratorG16G sel=9 ret=0x0 in_struct=0x68 out_struct=0x58
RESOURCE_MAP class=AGXAcceleratorG16G va=0x100015e0000 size=0x8000 handle=0 cpu_present=0 outcpu_present=1 allowlisted=0
CALL class=AGXAcceleratorG16G sel=9 ret=0x0 in_struct=0x68 out_struct=0x58
RESOURCE_MAP class=AGXAcceleratorG16G va=0xaf8000 size=0x88e0 handle=0 cpu_present=0 outcpu_present=1 allowlisted=0
CALL class=AGXAcceleratorG16G sel=9 ret=0x0 in_struct=0x68 out_struct=0x58
RESOURCE_MAP class=AGXAcceleratorG16G va=0x100015f0000 size=0x8000 handle=0 cpu_present=0 outcpu_present=1 allowlisted=0
CALL class=AGXAcceleratorG16G sel=9 ret=0x0 in_struct=0x68 out_struct=0x58
RESOURCE_MAP class=AGXAcceleratorG16G va=0xb08000 size=0x88e0 handle=0 cpu_present=0 outcpu_present=1 allowlisted=0
CALL class=AGXAcceleratorG16G sel=9 ret=0x0 in_struct=0x68 out_struct=0x58
RESOURCE_MAP class=AGXAcceleratorG16G va=0x10001600000 size=0x8000 handle=0 cpu_present=0 outcpu_present=1 allowlisted=0
CALL class=AGXAcceleratorG16G sel=9 ret=0x0 in_struct=0x68 out_struct=0x58
RESOURCE_MAP class=AGXAcceleratorG16G va=0x10001610000 size=0x8000 handle=0 cpu_present=0 outcpu_present=1 allowlisted=0
CALL class=AGXAcceleratorG16G sel=9 ret=0x0 in_struct=0x68 out_struct=0x58
RESOURCE_MAP class=AGXAcceleratorG16G va=0xb18000 size=0x88e0 handle=0 cpu_present=0 outcpu_present=1 allowlisted=0
CALL class=AGXAcceleratorG16G sel=9 ret=0x0 in_struct=0x68 out_struct=0x58
RESOURCE_MAP class=AGXAcceleratorG16G va=0x10001620000 size=0x8000 handle=0 cpu_present=0 outcpu_present=1 allowlisted=0
CALL class=AGXAcceleratorG16G sel=9 ret=0x0 in_struct=0x68 out_struct=0x58
RESOURCE_MAP class=AGXAcceleratorG16G va=0xb28000 size=0x88e0 handle=0 cpu_present=0 outcpu_present=1 allowlisted=0
CALL class=AGXAcceleratorG16G sel=9 ret=0x0 in_struct=0x68 out_struct=0x58
RESOURCE_MAP class=AGXAcceleratorG16G va=0x10001630000 size=0x8000 handle=0 cpu_present=0 outcpu_present=1 allowlisted=0
CALL class=AGXAcceleratorG16G sel=9 ret=0x0 in_struct=0x68 out_struct=0x58
RESOURCE_MAP class=AGXAcceleratorG16G va=0x10001640000 size=0x8000 handle=0 cpu_present=0 outcpu_present=1 allowlisted=0
CALL class=AGXAcceleratorG16G sel=9 ret=0x0 in_struct=0x68 out_struct=0x58
RESOURCE_MAP class=AGXAcceleratorG16G va=0xb38000 size=0x88e0 handle=0 cpu_present=0 outcpu_present=1 allowlisted=0
CALL class=AGXAcceleratorG16G sel=9 ret=0x0 in_struct=0x68 out_struct=0x58
RESOURCE_MAP class=AGXAcceleratorG16G va=0x10001650000 size=0x8000 handle=0 cpu_present=0 outcpu_present=1 allowlisted=0
CALL class=AGXAcceleratorG16G sel=9 ret=0x0 in_struct=0x68 out_struct=0x58
RESOURCE_MAP class=AGXAcceleratorG16G va=0x10001660000 size=0x8000 handle=0 cpu_present=0 outcpu_present=1 allowlisted=0
CALL class=AGXAcceleratorG16G sel=9 ret=0x0 in_struct=0x68 out_struct=0x58
RESOURCE_MAP class=AGXAcceleratorG16G va=0xb48000 size=0x8000 handle=0 cpu_present=0 outcpu_present=1 allowlisted=0
CALL class=AGXAcceleratorG16G sel=9 ret=0x0 in_struct=0x68 out_struct=0x58
RESOURCE_MAP class=AGXAcceleratorG16G va=0x10001670000 size=0x8000 handle=0 cpu_present=0 outcpu_present=1 allowlisted=0
CALL class=AGXAcceleratorG16G sel=9 ret=0x0 in_struct=0x68 out_struct=0x58
RESOURCE_MAP class=AGXAcceleratorG16G va=0xb58000 size=0x88e0 handle=0 cpu_present=0 outcpu_present=1 allowlisted=0
CALL class=AGXAcceleratorG16G sel=9 ret=0x0 in_struct=0x68 out_struct=0x58
RESOURCE_MAP class=AGXAcceleratorG16G va=0x10001680000 size=0x8000 handle=0 cpu_present=0 outcpu_present=1 allowlisted=0
CALL class=AGXAcceleratorG16G sel=9 ret=0x0 in_struct=0x68 out_struct=0x58
RESOURCE_MAP class=AGXAcceleratorG16G va=0xb68000 size=0x88e0 handle=0 cpu_present=0 outcpu_present=1 allowlisted=0
CALL class=AGXAcceleratorG16G sel=9 ret=0x0 in_struct=0x68 out_struct=0x58
RESOURCE_MAP class=AGXAcceleratorG16G va=0x10001690000 size=0x8000 handle=0 cpu_present=0 outcpu_present=1 allowlisted=0
CALL class=AGXAcceleratorG16G sel=9 ret=0x0 in_struct=0x68 out_struct=0x58
RESOURCE_MAP class=AGXAcceleratorG16G va=0x100016a0000 size=0x8000 handle=0 cpu_present=0 outcpu_present=1 allowlisted=0
CALL class=AGXAcceleratorG16G sel=9 ret=0x0 in_struct=0x68 out_struct=0x58
RESOURCE_MAP class=AGXAcceleratorG16G va=0x100016b0000 size=0x8000 handle=0 cpu_present=0 outcpu_present=1 allowlisted=0
CALL class=AGXAcceleratorG16G sel=9 ret=0x0 in_struct=0x68 out_struct=0x58
RESOURCE_MAP class=AGXAcceleratorG16G va=0x100016c0000 size=0x8000 handle=0 cpu_present=0 outcpu_present=1 allowlisted=0
CALL class=AGXAcceleratorG16G sel=9 ret=0x0 in_struct=0x68 out_struct=0x58
RESOURCE_MAP class=AGXAcceleratorG16G va=0xb78000 size=0x88e0 handle=0 cpu_present=0 outcpu_present=1 allowlisted=0
CALL class=AGXAcceleratorG16G sel=9 ret=0x0 in_struct=0x68 out_struct=0x58
RESOURCE_MAP class=AGXAcceleratorG16G va=0x100016d0000 size=0x8000 handle=0 cpu_present=0 outcpu_present=1 allowlisted=0
CALL class=AGXAcceleratorG16G sel=9 ret=0x0 in_struct=0x68 out_struct=0x58
RESOURCE_MAP class=AGXAcceleratorG16G va=0xb88000 size=0x88e0 handle=0 cpu_present=0 outcpu_present=1 allowlisted=0
CALL class=AGXAcceleratorG16G sel=9 ret=0x0 in_struct=0x68 out_struct=0x58
RESOURCE_MAP class=AGXAcceleratorG16G va=0x100016e0000 size=0x8000 handle=0 cpu_present=0 outcpu_present=1 allowlisted=0
CALL class=AGXAcceleratorG16G sel=9 ret=0x0 in_struct=0x68 out_struct=0x58
RESOURCE_MAP class=AGXAcceleratorG16G va=0x100016f0000 size=0x8000 handle=0 cpu_present=0 outcpu_present=1 allowlisted=0
CALL class=AGXAcceleratorG16G sel=9 ret=0x0 in_struct=0x68 out_struct=0x58
RESOURCE_MAP class=AGXAcceleratorG16G va=0x10001700000 size=0x8000 handle=0 cpu_present=0 outcpu_present=1 allowlisted=0
CALL class=AGXAcceleratorG16G sel=9 ret=0x0 in_struct=0x68 out_struct=0x58
RESOURCE_MAP class=AGXAcceleratorG16G va=0xb98000 size=0x88e0 handle=0 cpu_present=0 outcpu_present=1 allowlisted=0
CALL class=AGXAcceleratorG16G sel=9 ret=0x0 in_struct=0x68 out_struct=0x58
RESOURCE_MAP class=AGXAcceleratorG16G va=0x10001710000 size=0x8000 handle=0 cpu_present=0 outcpu_present=1 allowlisted=0
CALL class=AGXAcceleratorG16G sel=9 ret=0x0 in_struct=0x68 out_struct=0x58
RESOURCE_MAP class=AGXAcceleratorG16G va=0xba8000 size=0x8000 handle=0 cpu_present=0 outcpu_present=1 allowlisted=0
CALL class=AGXAcceleratorG16G sel=9 ret=0x0 in_struct=0x68 out_struct=0x58
RESOURCE_MAP class=AGXAcceleratorG16G va=0xbb8000 size=0x88e0 handle=0 cpu_present=0 outcpu_present=1 allowlisted=0
CALL class=AGXAcceleratorG16G sel=9 ret=0x0 in_struct=0x68 out_struct=0x58
RESOURCE_MAP class=AGXAcceleratorG16G va=0x10001720000 size=0x8000 handle=0 cpu_present=0 outcpu_present=1 allowlisted=0
CALL class=AGXAcceleratorG16G sel=9 ret=0x0 in_struct=0x68 out_struct=0x58
RESOURCE_MAP class=AGXAcceleratorG16G va=0x10001730000 size=0x8000 handle=0 cpu_present=0 outcpu_present=1 allowlisted=0
CALL class=AGXAcceleratorG16G sel=9 ret=0x0 in_struct=0x68 out_struct=0x58
RESOURCE_MAP class=AGXAcceleratorG16G va=0xbc8000 size=0x88e0 handle=0 cpu_present=0 outcpu_present=1 allowlisted=0
CALL class=AGXAcceleratorG16G sel=9 ret=0x0 in_struct=0x68 out_struct=0x58
RESOURCE_MAP class=AGXAcceleratorG16G va=0x10001740000 size=0x8000 handle=0 cpu_present=0 outcpu_present=1 allowlisted=0
CALL class=AGXAcceleratorG16G sel=14 ret=0x0 in_struct=0x0 out_struct=0x10
CALL class=AGXAcceleratorG16G sel=9 ret=0x0 in_struct=0x68 out_struct=0x58
RESOURCE_MAP class=AGXAcceleratorG16G va=0xbd8000 size=0x88e0 handle=0 cpu_present=0 outcpu_present=1 allowlisted=0
CALL class=AGXAcceleratorG16G sel=9 ret=0x0 in_struct=0x68 out_struct=0x58
RESOURCE_MAP class=AGXAcceleratorG16G va=0x10001750000 size=0x8000 handle=0 cpu_present=0 outcpu_present=1 allowlisted=0
CALL class=AGXAcceleratorG16G sel=9 ret=0x0 in_struct=0x68 out_struct=0x58
RESOURCE_MAP class=AGXAcceleratorG16G va=0x10001760000 size=0x8000 handle=0 cpu_present=0 outcpu_present=1 allowlisted=0
CALL class=AGXAcceleratorG16G sel=9 ret=0x0 in_struct=0x68 out_struct=0x58
RESOURCE_MAP class=AGXAcceleratorG16G va=0xbe8000 size=0x88e0 handle=0 cpu_present=0 outcpu_present=1 allowlisted=0
CALL class=AGXAcceleratorG16G sel=9 ret=0x0 in_struct=0x68 out_struct=0x58
RESOURCE_MAP class=AGXAcceleratorG16G va=0x10001770000 size=0x8000 handle=0 cpu_present=0 outcpu_present=1 allowlisted=0
CALL class=AGXAcceleratorG16G sel=9 ret=0x0 in_struct=0x68 out_struct=0x58
RESOURCE_MAP class=AGXAcceleratorG16G va=0x10001780000 size=0x8000 handle=0 cpu_present=0 outcpu_present=1 allowlisted=0
CALL class=AGXAcceleratorG16G sel=9 ret=0x0 in_struct=0x68 out_struct=0x58
RESOURCE_MAP class=AGXAcceleratorG16G va=0x10001790000 size=0x8000 handle=0 cpu_present=0 outcpu_present=1 allowlisted=0
CALL class=AGXAcceleratorG16G sel=9 ret=0x0 in_struct=0x68 out_struct=0x58
RESOURCE_MAP class=AGXAcceleratorG16G va=0xbf8000 size=0x88e0 handle=0 cpu_present=0 outcpu_present=1 allowlisted=0
CALL class=AGXAcceleratorG16G sel=9 ret=0x0 in_struct=0x68 out_struct=0x58
RESOURCE_MAP class=AGXAcceleratorG16G va=0x100017a0000 size=0x8000 handle=0 cpu_present=0 outcpu_present=1 allowlisted=0
CALL class=AGXAcceleratorG16G sel=9 ret=0x0 in_struct=0x68 out_struct=0x58
RESOURCE_MAP class=AGXAcceleratorG16G va=0x100017b0000 size=0x8000 handle=0 cpu_present=0 outcpu_present=1 allowlisted=0
CALL class=AGXAcceleratorG16G sel=9 ret=0x0 in_struct=0x68 out_struct=0x58
RESOURCE_MAP class=AGXAcceleratorG16G va=0x100017c0000 size=0x8000 handle=0 cpu_present=0 outcpu_present=1 allowlisted=0
CALL class=AGXAcceleratorG16G sel=9 ret=0x0 in_struct=0x68 out_struct=0x58
RESOURCE_MAP class=AGXAcceleratorG16G va=0xc08000 size=0x88e0 handle=0 cpu_present=0 outcpu_present=1 allowlisted=0
CALL class=AGXAcceleratorG16G sel=9 ret=0x0 in_struct=0x68 out_struct=0x58
RESOURCE_MAP class=AGXAcceleratorG16G va=0x100017d0000 size=0x8000 handle=0 cpu_present=0 outcpu_present=1 allowlisted=0
CALL class=AGXAcceleratorG16G sel=9 ret=0x0 in_struct=0x68 out_struct=0x58
RESOURCE_MAP class=AGXAcceleratorG16G va=0x100017e0000 size=0x8000 handle=0 cpu_present=0 outcpu_present=1 allowlisted=0
CALL class=AGXAcceleratorG16G sel=9 ret=0x0 in_struct=0x68 out_struct=0x58
RESOURCE_MAP class=AGXAcceleratorG16G va=0xc18000 size=0x88e0 handle=0 cpu_present=0 outcpu_present=1 allowlisted=0
CALL class=AGXAcceleratorG16G sel=9 ret=0x0 in_struct=0x68 out_struct=0x58
RESOURCE_MAP class=AGXAcceleratorG16G va=0xc28000 size=0x8000 handle=0 cpu_present=0 outcpu_present=1 allowlisted=0
CALL class=AGXAcceleratorG16G sel=9 ret=0x0 in_struct=0x68 out_struct=0x58
RESOURCE_MAP class=AGXAcceleratorG16G va=0x100017f0000 size=0x8000 handle=0 cpu_present=0 outcpu_present=1 allowlisted=0
CALL class=AGXAcceleratorG16G sel=9 ret=0x0 in_struct=0x68 out_struct=0x58
RESOURCE_MAP class=AGXAcceleratorG16G va=0xc38000 size=0x88e0 handle=0 cpu_present=0 outcpu_present=1 allowlisted=0
CALL class=AGXAcceleratorG16G sel=9 ret=0x0 in_struct=0x68 out_struct=0x58
RESOURCE_MAP class=AGXAcceleratorG16G va=0x10001800000 size=0x8000 handle=0 cpu_present=0 outcpu_present=1 allowlisted=0
CALL class=AGXAcceleratorG16G sel=9 ret=0x0 in_struct=0x68 out_struct=0x58
RESOURCE_MAP class=AGXAcceleratorG16G va=0x10001810000 size=0x8000 handle=0 cpu_present=0 outcpu_present=1 allowlisted=0
CALL class=AGXAcceleratorG16G sel=9 ret=0x0 in_struct=0x68 out_struct=0x58
RESOURCE_MAP class=AGXAcceleratorG16G va=0x10001820000 size=0x8000 handle=0 cpu_present=0 outcpu_present=1 allowlisted=0
CALL class=AGXAcceleratorG16G sel=9 ret=0x0 in_struct=0x68 out_struct=0x58
RESOURCE_MAP class=AGXAcceleratorG16G va=0xc48000 size=0x88e0 handle=0 cpu_present=0 outcpu_present=1 allowlisted=0
CALL class=AGXAcceleratorG16G sel=9 ret=0x0 in_struct=0x68 out_struct=0x58
RESOURCE_MAP class=AGXAcceleratorG16G va=0x10001830000 size=0x8000 handle=0 cpu_present=0 outcpu_present=1 allowlisted=0
CALL class=AGXAcceleratorG16G sel=9 ret=0x0 in_struct=0x68 out_struct=0x58
RESOURCE_MAP class=AGXAcceleratorG16G va=0xc58000 size=0x88e0 handle=0 cpu_present=0 outcpu_present=1 allowlisted=0
CALL class=AGXAcceleratorG16G sel=9 ret=0x0 in_struct=0x68 out_struct=0x58
RESOURCE_MAP class=AGXAcceleratorG16G va=0x10001840000 size=0x8000 handle=0 cpu_present=0 outcpu_present=1 allowlisted=0
CALL class=AGXAcceleratorG16G sel=9 ret=0x0 in_struct=0x68 out_struct=0x58
RESOURCE_MAP class=AGXAcceleratorG16G va=0x10001850000 size=0x8000 handle=0 cpu_present=0 outcpu_present=1 allowlisted=0
CALL class=AGXAcceleratorG16G sel=9 ret=0x0 in_struct=0x68 out_struct=0x58
RESOURCE_MAP class=AGXAcceleratorG16G va=0xc68000 size=0x88e0 handle=0 cpu_present=0 outcpu_present=1 allowlisted=0
CALL class=AGXAcceleratorG16G sel=9 ret=0x0 in_struct=0x68 out_struct=0x58
RESOURCE_MAP class=AGXAcceleratorG16G va=0x10001860000 size=0x8000 handle=0 cpu_present=0 outcpu_present=1 allowlisted=0
CALL class=AGXAcceleratorG16G sel=9 ret=0x0 in_struct=0x68 out_struct=0x58
RESOURCE_MAP class=AGXAcceleratorG16G va=0x10001870000 size=0x8000 handle=0 cpu_present=0 outcpu_present=1 allowlisted=0
CALL class=AGXAcceleratorG16G sel=9 ret=0x0 in_struct=0x68 out_struct=0x58
RESOURCE_MAP class=AGXAcceleratorG16G va=0xc78000 size=0x88e0 handle=0 cpu_present=0 outcpu_present=1 allowlisted=0
CALL class=AGXAcceleratorG16G sel=9 ret=0x0 in_struct=0x68 out_struct=0x58
RESOURCE_MAP class=AGXAcceleratorG16G va=0xc88000 size=0x8000 handle=0 cpu_present=0 outcpu_present=1 allowlisted=0
CALL class=AGXAcceleratorG16G sel=9 ret=0x0 in_struct=0x68 out_struct=0x58
RESOURCE_MAP class=AGXAcceleratorG16G va=0x10001880000 size=0x8000 handle=0 cpu_present=0 outcpu_present=1 allowlisted=0
CALL class=AGXAcceleratorG16G sel=9 ret=0x0 in_struct=0x68 out_struct=0x58
RESOURCE_MAP class=AGXAcceleratorG16G va=0x10001890000 size=0x8000 handle=0 cpu_present=0 outcpu_present=1 allowlisted=0
CALL class=AGXAcceleratorG16G sel=9 ret=0x0 in_struct=0x68 out_struct=0x58
RESOURCE_MAP class=AGXAcceleratorG16G va=0x100018a0000 size=0x8000 handle=0 cpu_present=0 outcpu_present=1 allowlisted=0
CALL class=AGXAcceleratorG16G sel=9 ret=0x0 in_struct=0x68 out_struct=0x58
RESOURCE_MAP class=AGXAcceleratorG16G va=0xc98000 size=0x88e0 handle=0 cpu_present=0 outcpu_present=1 allowlisted=0
CALL class=AGXAcceleratorG16G sel=9 ret=0x0 in_struct=0x68 out_struct=0x58
RESOURCE_MAP class=AGXAcceleratorG16G va=0x100018b0000 size=0x8000 handle=0 cpu_present=0 outcpu_present=1 allowlisted=0
CALL class=AGXAcceleratorG16G sel=9 ret=0x0 in_struct=0x68 out_struct=0x58
RESOURCE_MAP class=AGXAcceleratorG16G va=0x100018c0000 size=0x8000 handle=0 cpu_present=0 outcpu_present=1 allowlisted=0
CALL class=AGXAcceleratorG16G sel=9 ret=0x0 in_struct=0x68 out_struct=0x58
RESOURCE_MAP class=AGXAcceleratorG16G va=0x100018d0000 size=0x8000 handle=0 cpu_present=0 outcpu_present=1 allowlisted=0
CALL class=AGXAcceleratorG16G sel=9 ret=0x0 in_struct=0x68 out_struct=0x58
RESOURCE_MAP class=AGXAcceleratorG16G va=0xca8000 size=0x88e0 handle=0 cpu_present=0 outcpu_present=1 allowlisted=0
CALL class=AGXAcceleratorG16G sel=9 ret=0x0 in_struct=0x68 out_struct=0x58
RESOURCE_MAP class=AGXAcceleratorG16G va=0x100018e0000 size=0x8000 handle=0 cpu_present=0 outcpu_present=1 allowlisted=0
CALL class=AGXAcceleratorG16G sel=9 ret=0x0 in_struct=0x68 out_struct=0x58
RESOURCE_MAP class=AGXAcceleratorG16G va=0xcb8000 size=0x88e0 handle=0 cpu_present=0 outcpu_present=1 allowlisted=0
CALL class=AGXAcceleratorG16G sel=9 ret=0x0 in_struct=0x68 out_struct=0x58
RESOURCE_MAP class=AGXAcceleratorG16G va=0x100018f0000 size=0x8000 handle=0 cpu_present=0 outcpu_present=1 allowlisted=0
CALL class=AGXAcceleratorG16G sel=9 ret=0x0 in_struct=0x68 out_struct=0x58
RESOURCE_MAP class=AGXAcceleratorG16G va=0x10001900000 size=0x8000 handle=0 cpu_present=0 outcpu_present=1 allowlisted=0
CALL class=AGXAcceleratorG16G sel=9 ret=0x0 in_struct=0x68 out_struct=0x58
RESOURCE_MAP class=AGXAcceleratorG16G va=0xcc8000 size=0x88e0 handle=0 cpu_present=0 outcpu_present=1 allowlisted=0
CALL class=AGXAcceleratorG16G sel=9 ret=0x0 in_struct=0x68 out_struct=0x58
RESOURCE_MAP class=AGXAcceleratorG16G va=0x10001910000 size=0x8000 handle=0 cpu_present=0 outcpu_present=1 allowlisted=0
CALL class=AGXAcceleratorG16G sel=9 ret=0x0 in_struct=0x68 out_struct=0x58
RESOURCE_MAP class=AGXAcceleratorG16G va=0xcd8000 size=0x88e0 handle=0 cpu_present=0 outcpu_present=1 allowlisted=0
CALL class=AGXAcceleratorG16G sel=9 ret=0x0 in_struct=0x68 out_struct=0x58
RESOURCE_MAP class=AGXAcceleratorG16G va=0x10001920000 size=0x8000 handle=0 cpu_present=0 outcpu_present=1 allowlisted=0
CALL class=AGXAcceleratorG16G sel=9 ret=0x0 in_struct=0x68 out_struct=0x58
RESOURCE_MAP class=AGXAcceleratorG16G va=0x10001930000 size=0x8000 handle=0 cpu_present=0 outcpu_present=1 allowlisted=0
CALL class=AGXAcceleratorG16G sel=9 ret=0x0 in_struct=0x68 out_struct=0x58
RESOURCE_MAP class=AGXAcceleratorG16G va=0x10001940000 size=0x8000 handle=0 cpu_present=0 outcpu_present=1 allowlisted=0
CALL class=AGXAcceleratorG16G sel=9 ret=0x0 in_struct=0x68 out_struct=0x58
RESOURCE_MAP class=AGXAcceleratorG16G va=0xce8000 size=0x88e0 handle=0 cpu_present=0 outcpu_present=1 allowlisted=0
CALL class=AGXAcceleratorG16G sel=9 ret=0x0 in_struct=0x68 out_struct=0x58
RESOURCE_MAP class=AGXAcceleratorG16G va=0x10001950000 size=0x8000 handle=0 cpu_present=0 outcpu_present=1 allowlisted=0
CALL class=AGXAcceleratorG16G sel=9 ret=0x0 in_struct=0x68 out_struct=0x58
RESOURCE_MAP class=AGXAcceleratorG16G va=0xcf8000 size=0x8000 handle=0 cpu_present=0 outcpu_present=1 allowlisted=0
CALL class=AGXAcceleratorG16G sel=9 ret=0x0 in_struct=0x68 out_struct=0x58
RESOURCE_MAP class=AGXAcceleratorG16G va=0x10001960000 size=0x8000 handle=0 cpu_present=0 outcpu_present=1 allowlisted=0
CALL class=AGXAcceleratorG16G sel=9 ret=0x0 in_struct=0x68 out_struct=0x58
RESOURCE_MAP class=AGXAcceleratorG16G va=0xd08000 size=0x88e0 handle=0 cpu_present=0 outcpu_present=1 allowlisted=0
CALL class=AGXAcceleratorG16G sel=9 ret=0x0 in_struct=0x68 out_struct=0x58
RESOURCE_MAP class=AGXAcceleratorG16G va=0x10001970000 size=0x8000 handle=0 cpu_present=0 outcpu_present=1 allowlisted=0
CALL class=AGXAcceleratorG16G sel=9 ret=0x0 in_struct=0x68 out_struct=0x58
RESOURCE_MAP class=AGXAcceleratorG16G va=0xd18000 size=0x88e0 handle=0 cpu_present=0 outcpu_present=1 allowlisted=0
CALL class=AGXAcceleratorG16G sel=9 ret=0x0 in_struct=0x68 out_struct=0x58
RESOURCE_MAP class=AGXAcceleratorG16G va=0x10001980000 size=0x8000 handle=0 cpu_present=0 outcpu_present=1 allowlisted=0
CALL class=AGXAcceleratorG16G sel=9 ret=0x0 in_struct=0x68 out_struct=0x58
RESOURCE_MAP class=AGXAcceleratorG16G va=0x10001990000 size=0x8000 handle=0 cpu_present=0 outcpu_present=1 allowlisted=0
CALL class=AGXAcceleratorG16G sel=9 ret=0x0 in_struct=0x68 out_struct=0x58
RESOURCE_MAP class=AGXAcceleratorG16G va=0x100019a0000 size=0x8000 handle=0 cpu_present=0 outcpu_present=1 allowlisted=0
CALL class=AGXAcceleratorG16G sel=9 ret=0x0 in_struct=0x68 out_struct=0x58
RESOURCE_MAP class=AGXAcceleratorG16G va=0x100019b0000 size=0x8000 handle=0 cpu_present=0 outcpu_present=1 allowlisted=0
CALL class=AGXAcceleratorG16G sel=14 ret=0x0 in_struct=0x0 out_struct=0x10
CALL class=AGXAcceleratorG16G sel=9 ret=0x0 in_struct=0x68 out_struct=0x58
RESOURCE_MAP class=AGXAcceleratorG16G va=0xd28000 size=0x88e0 handle=0 cpu_present=0 outcpu_present=1 allowlisted=0
CALL class=AGXAcceleratorG16G sel=9 ret=0x0 in_struct=0x68 out_struct=0x58
RESOURCE_MAP class=AGXAcceleratorG16G va=0x100019c0000 size=0x8000 handle=0 cpu_present=0 outcpu_present=1 allowlisted=0
CALL class=AGXAcceleratorG16G sel=9 ret=0x0 in_struct=0x68 out_struct=0x58
RESOURCE_MAP class=AGXAcceleratorG16G va=0xd38000 size=0x88e0 handle=0 cpu_present=0 outcpu_present=1 allowlisted=0
CALL class=AGXAcceleratorG16G sel=9 ret=0x0 in_struct=0x68 out_struct=0x58
RESOURCE_MAP class=AGXAcceleratorG16G va=0x100019d0000 size=0x8000 handle=0 cpu_present=0 outcpu_present=1 allowlisted=0
CALL class=AGXAcceleratorG16G sel=9 ret=0x0 in_struct=0x68 out_struct=0x58
RESOURCE_MAP class=AGXAcceleratorG16G va=0x100019e0000 size=0x8000 handle=0 cpu_present=0 outcpu_present=1 allowlisted=0
CALL class=AGXAcceleratorG16G sel=9 ret=0x0 in_struct=0x68 out_struct=0x58
RESOURCE_MAP class=AGXAcceleratorG16G va=0x100019f0000 size=0x8000 handle=0 cpu_present=0 outcpu_present=1 allowlisted=0
CALL class=AGXAcceleratorG16G sel=9 ret=0x0 in_struct=0x68 out_struct=0x58
RESOURCE_MAP class=AGXAcceleratorG16G va=0xd48000 size=0x88e0 handle=0 cpu_present=0 outcpu_present=1 allowlisted=0
CALL class=AGXAcceleratorG16G sel=9 ret=0x0 in_struct=0x68 out_struct=0x58
RESOURCE_MAP class=AGXAcceleratorG16G va=0x10001a00000 size=0x8000 handle=0 cpu_present=0 outcpu_present=1 allowlisted=0
CALL class=AGXAcceleratorG16G sel=9 ret=0x0 in_struct=0x68 out_struct=0x58
RESOURCE_MAP class=AGXAcceleratorG16G va=0xd58000 size=0x88e0 handle=0 cpu_present=0 outcpu_present=1 allowlisted=0
CALL class=AGXAcceleratorG16G sel=9 ret=0x0 in_struct=0x68 out_struct=0x58
RESOURCE_MAP class=AGXAcceleratorG16G va=0x10001a10000 size=0x8000 handle=0 cpu_present=0 outcpu_present=1 allowlisted=0
CALL class=AGXAcceleratorG16G sel=9 ret=0x0 in_struct=0x68 out_struct=0x58
RESOURCE_MAP class=AGXAcceleratorG16G va=0xd68000 size=0x8000 handle=0 cpu_present=0 outcpu_present=1 allowlisted=0
CALL class=AGXAcceleratorG16G sel=9 ret=0x0 in_struct=0x68 out_struct=0x58
RESOURCE_MAP class=AGXAcceleratorG16G va=0x10001a20000 size=0x8000 handle=0 cpu_present=0 outcpu_present=1 allowlisted=0
CALL class=AGXAcceleratorG16G sel=9 ret=0x0 in_struct=0x68 out_struct=0x58
RESOURCE_MAP class=AGXAcceleratorG16G va=0xd78000 size=0x88e0 handle=0 cpu_present=0 outcpu_present=1 allowlisted=0
CALL class=AGXAcceleratorG16G sel=9 ret=0x0 in_struct=0x68 out_struct=0x58
RESOURCE_MAP class=AGXAcceleratorG16G va=0x10001a30000 size=0x8000 handle=0 cpu_present=0 outcpu_present=1 allowlisted=0
CALL class=AGXAcceleratorG16G sel=14 ret=0x0 in_struct=0x0 out_struct=0x10
CALL class=AGXAcceleratorG16G sel=9 ret=0x0 in_struct=0x68 out_struct=0x58
RESOURCE_MAP class=AGXAcceleratorG16G va=0x10001a40000 size=0x8000 handle=0 cpu_present=0 outcpu_present=1 allowlisted=0
CALL class=AGXAcceleratorG16G sel=9 ret=0x0 in_struct=0x68 out_struct=0x58
RESOURCE_MAP class=AGXAcceleratorG16G va=0xd88000 size=0x88e0 handle=0 cpu_present=0 outcpu_present=1 allowlisted=0
CALL class=AGXAcceleratorG16G sel=9 ret=0x0 in_struct=0x68 out_struct=0x58
RESOURCE_MAP class=AGXAcceleratorG16G va=0xd98000 size=0x8000 handle=0 cpu_present=0 outcpu_present=1 allowlisted=0
CALL class=AGXAcceleratorG16G sel=9 ret=0x0 in_struct=0x68 out_struct=0x58
RESOURCE_MAP class=AGXAcceleratorG16G va=0x10001a50000 size=0x8000 handle=0 cpu_present=0 outcpu_present=1 allowlisted=0
CALL class=AGXAcceleratorG16G sel=9 ret=0x0 in_struct=0x68 out_struct=0x58
RESOURCE_MAP class=AGXAcceleratorG16G va=0x10001a60000 size=0x8000 handle=0 cpu_present=0 outcpu_present=1 allowlisted=0
CALL class=AGXAcceleratorG16G sel=9 ret=0x0 in_struct=0x68 out_struct=0x58
RESOURCE_MAP class=AGXAcceleratorG16G va=0xda8000 size=0x88e0 handle=0 cpu_present=0 outcpu_present=1 allowlisted=0
CALL class=AGXAcceleratorG16G sel=9 ret=0x0 in_struct=0x68 out_struct=0x58
RESOURCE_MAP class=AGXAcceleratorG16G va=0x10001a70000 size=0x8000 handle=0 cpu_present=0 outcpu_present=1 allowlisted=0
CALL class=AGXAcceleratorG16G sel=9 ret=0x0 in_struct=0x68 out_struct=0x58
RESOURCE_MAP class=AGXAcceleratorG16G va=0x10001a80000 size=0x8000 handle=0 cpu_present=0 outcpu_present=1 allowlisted=0
CALL class=AGXAcceleratorG16G sel=9 ret=0x0 in_struct=0x68 out_struct=0x58
RESOURCE_MAP class=AGXAcceleratorG16G va=0xdb8000 size=0x88e0 handle=0 cpu_present=0 outcpu_present=1 allowlisted=0
CALL class=AGXAcceleratorG16G sel=9 ret=0x0 in_struct=0x68 out_struct=0x58
RESOURCE_MAP class=AGXAcceleratorG16G va=0x10001a90000 size=0x8000 handle=0 cpu_present=0 outcpu_present=1 allowlisted=0
CALL class=AGXAcceleratorG16G sel=9 ret=0x0 in_struct=0x68 out_struct=0x58
RESOURCE_MAP class=AGXAcceleratorG16G va=0x10001aa0000 size=0x8000 handle=0 cpu_present=0 outcpu_present=1 allowlisted=0
CALL class=AGXAcceleratorG16G sel=9 ret=0x0 in_struct=0x68 out_struct=0x58
RESOURCE_MAP class=AGXAcceleratorG16G va=0x10001ab0000 size=0x8000 handle=0 cpu_present=0 outcpu_present=1 allowlisted=0
CALL class=AGXAcceleratorG16G sel=9 ret=0x0 in_struct=0x68 out_struct=0x58
RESOURCE_MAP class=AGXAcceleratorG16G va=0xdc8000 size=0x88e0 handle=0 cpu_present=0 outcpu_present=1 allowlisted=0
CALL class=AGXAcceleratorG16G sel=9 ret=0x0 in_struct=0x68 out_struct=0x58
RESOURCE_MAP class=AGXAcceleratorG16G va=0x10001ac0000 size=0x8000 handle=0 cpu_present=0 outcpu_present=1 allowlisted=0
CALL class=AGXAcceleratorG16G sel=9 ret=0x0 in_struct=0x68 out_struct=0x58
RESOURCE_MAP class=AGXAcceleratorG16G va=0x10001ad0000 size=0x8000 handle=0 cpu_present=0 outcpu_present=1 allowlisted=0
CALL class=AGXAcceleratorG16G sel=9 ret=0x0 in_struct=0x68 out_struct=0x58
RESOURCE_MAP class=AGXAcceleratorG16G va=0xdd8000 size=0x88e0 handle=0 cpu_present=0 outcpu_present=1 allowlisted=0
CALL class=AGXAcceleratorG16G sel=9 ret=0x0 in_struct=0x68 out_struct=0x58
RESOURCE_MAP class=AGXAcceleratorG16G va=0x10001ae0000 size=0x8000 handle=0 cpu_present=0 outcpu_present=1 allowlisted=0
CALL class=AGXAcceleratorG16G sel=9 ret=0x0 in_struct=0x68 out_struct=0x58
RESOURCE_MAP class=AGXAcceleratorG16G va=0xde8000 size=0x8000 handle=0 cpu_present=0 outcpu_present=1 allowlisted=0
CALL class=AGXAcceleratorG16G sel=9 ret=0x0 in_struct=0x68 out_struct=0x58
RESOURCE_MAP class=AGXAcceleratorG16G va=0xdf8000 size=0x88e0 handle=0 cpu_present=0 outcpu_present=1 allowlisted=0
CALL class=AGXAcceleratorG16G sel=9 ret=0x0 in_struct=0x68 out_struct=0x58
RESOURCE_MAP class=AGXAcceleratorG16G va=0x10001af0000 size=0x8000 handle=0 cpu_present=0 outcpu_present=1 allowlisted=0
CALL class=AGXAcceleratorG16G sel=9 ret=0x0 in_struct=0x68 out_struct=0x58
RESOURCE_MAP class=AGXAcceleratorG16G va=0x10001b00000 size=0x8000 handle=0 cpu_present=0 outcpu_present=1 allowlisted=0
CALL class=AGXAcceleratorG16G sel=9 ret=0x0 in_struct=0x68 out_struct=0x58
RESOURCE_MAP class=AGXAcceleratorG16G va=0x10001b10000 size=0x8000 handle=0 cpu_present=0 outcpu_present=1 allowlisted=0
CALL class=AGXAcceleratorG16G sel=9 ret=0x0 in_struct=0x68 out_struct=0x58
RESOURCE_MAP class=AGXAcceleratorG16G va=0xe08000 size=0x88e0 handle=0 cpu_present=0 outcpu_present=1 allowlisted=0
CALL class=AGXAcceleratorG16G sel=9 ret=0x0 in_struct=0x68 out_struct=0x58
RESOURCE_MAP class=AGXAcceleratorG16G va=0x10001b20000 size=0x8000 handle=0 cpu_present=0 outcpu_present=1 allowlisted=0
CALL class=AGXAcceleratorG16G sel=9 ret=0x0 in_struct=0x68 out_struct=0x58
RESOURCE_MAP class=AGXAcceleratorG16G va=0xe18000 size=0x88e0 handle=0 cpu_present=0 outcpu_present=1 allowlisted=0
CALL class=AGXAcceleratorG16G sel=9 ret=0x0 in_struct=0x68 out_struct=0x58
RESOURCE_MAP class=AGXAcceleratorG16G va=0x10001b30000 size=0x8000 handle=0 cpu_present=0 outcpu_present=1 allowlisted=0
CALL class=AGXAcceleratorG16G sel=9 ret=0x0 in_struct=0x68 out_struct=0x58
RESOURCE_MAP class=AGXAcceleratorG16G va=0x10001b40000 size=0x8000 handle=0 cpu_present=0 outcpu_present=1 allowlisted=0
CALL class=AGXAcceleratorG16G sel=9 ret=0x0 in_struct=0x68 out_struct=0x58
RESOURCE_MAP class=AGXAcceleratorG16G va=0x10001b50000 size=0x8000 handle=0 cpu_present=0 outcpu_present=1 allowlisted=0
CALL class=AGXAcceleratorG16G sel=9 ret=0x0 in_struct=0x68 out_struct=0x58
RESOURCE_MAP class=AGXAcceleratorG16G va=0xe28000 size=0x88e0 handle=0 cpu_present=0 outcpu_present=1 allowlisted=0
CALL class=AGXAcceleratorG16G sel=9 ret=0x0 in_struct=0x68 out_struct=0x58
RESOURCE_MAP class=AGXAcceleratorG16G va=0x10001b60000 size=0x8000 handle=0 cpu_present=0 outcpu_present=1 allowlisted=0
CALL class=AGXAcceleratorG16G sel=9 ret=0x0 in_struct=0x68 out_struct=0x58
RESOURCE_MAP class=AGXAcceleratorG16G va=0xe38000 size=0x88e0 handle=0 cpu_present=0 outcpu_present=1 allowlisted=0
CALL class=AGXAcceleratorG16G sel=9 ret=0x0 in_struct=0x68 out_struct=0x58
RESOURCE_MAP class=AGXAcceleratorG16G va=0x10001b70000 size=0x8000 handle=0 cpu_present=0 outcpu_present=1 allowlisted=0
CALL class=AGXAcceleratorG16G sel=9 ret=0x0 in_struct=0x68 out_struct=0x58
RESOURCE_MAP class=AGXAcceleratorG16G va=0x10001b80000 size=0x8000 handle=0 cpu_present=0 outcpu_present=1 allowlisted=0
CALL class=AGXAcceleratorG16G sel=9 ret=0x0 in_struct=0x68 out_struct=0x58
RESOURCE_MAP class=AGXAcceleratorG16G va=0x10001b90000 size=0x8000 handle=0 cpu_present=0 outcpu_present=1 allowlisted=0
CALL class=AGXAcceleratorG16G sel=9 ret=0x0 in_struct=0x68 out_struct=0x58
RESOURCE_MAP class=AGXAcceleratorG16G va=0x10001ba0000 size=0x8000 handle=0 cpu_present=0 outcpu_present=1 allowlisted=0
CALL class=AGXAcceleratorG16G sel=9 ret=0x0 in_struct=0x68 out_struct=0x58
RESOURCE_MAP class=AGXAcceleratorG16G va=0xe48000 size=0x88e0 handle=0 cpu_present=0 outcpu_present=1 allowlisted=0
CALL class=AGXAcceleratorG16G sel=9 ret=0x0 in_struct=0x68 out_struct=0x58
RESOURCE_MAP class=AGXAcceleratorG16G va=0xe58000 size=0x8000 handle=0 cpu_present=0 outcpu_present=1 allowlisted=0
CALL class=AGXAcceleratorG16G sel=9 ret=0x0 in_struct=0x68 out_struct=0x58
RESOURCE_MAP class=AGXAcceleratorG16G va=0x10001bb0000 size=0x8000 handle=0 cpu_present=0 outcpu_present=1 allowlisted=0
CALL class=AGXAcceleratorG16G sel=9 ret=0x0 in_struct=0x68 out_struct=0x58
RESOURCE_MAP class=AGXAcceleratorG16G va=0x10001bc0000 size=0x8000 handle=0 cpu_present=0 outcpu_present=1 allowlisted=0
CALL class=AGXAcceleratorG16G sel=9 ret=0x0 in_struct=0x68 out_struct=0x58
RESOURCE_MAP class=AGXAcceleratorG16G va=0xe68000 size=0x88e0 handle=0 cpu_present=0 outcpu_present=1 allowlisted=0
CALL class=AGXAcceleratorG16G sel=9 ret=0x0 in_struct=0x68 out_struct=0x58
RESOURCE_MAP class=AGXAcceleratorG16G va=0x10001bd0000 size=0x8000 handle=0 cpu_present=0 outcpu_present=1 allowlisted=0
CALL class=AGXAcceleratorG16G sel=9 ret=0x0 in_struct=0x68 out_struct=0x58
RESOURCE_MAP class=AGXAcceleratorG16G va=0xe78000 size=0x88e0 handle=0 cpu_present=0 outcpu_present=1 allowlisted=0
CALL class=AGXAcceleratorG16G sel=9 ret=0x0 in_struct=0x68 out_struct=0x58
RESOURCE_MAP class=AGXAcceleratorG16G va=0x10001be0000 size=0x8000 handle=0 cpu_present=0 outcpu_present=1 allowlisted=0
CALL class=AGXAcceleratorG16G sel=9 ret=0x0 in_struct=0x68 out_struct=0x58
RESOURCE_MAP class=AGXAcceleratorG16G va=0x10001bf0000 size=0x8000 handle=0 cpu_present=0 outcpu_present=1 allowlisted=0
CALL class=AGXAcceleratorG16G sel=9 ret=0x0 in_struct=0x68 out_struct=0x58
RESOURCE_MAP class=AGXAcceleratorG16G va=0xe88000 size=0x88e0 handle=0 cpu_present=0 outcpu_present=1 allowlisted=0
CALL class=AGXAcceleratorG16G sel=9 ret=0x0 in_struct=0x68 out_struct=0x58
RESOURCE_MAP class=AGXAcceleratorG16G va=0x10001c00000 size=0x8000 handle=0 cpu_present=0 outcpu_present=1 allowlisted=0
CALL class=AGXAcceleratorG16G sel=9 ret=0x0 in_struct=0x68 out_struct=0x58
RESOURCE_MAP class=AGXAcceleratorG16G va=0xe98000 size=0x88e0 handle=0 cpu_present=0 outcpu_present=1 allowlisted=0
CALL class=AGXAcceleratorG16G sel=9 ret=0x0 in_struct=0x68 out_struct=0x58
RESOURCE_MAP class=AGXAcceleratorG16G va=0x10001c10000 size=0x8000 handle=0 cpu_present=0 outcpu_present=1 allowlisted=0
CALL class=AGXAcceleratorG16G sel=9 ret=0x0 in_struct=0x68 out_struct=0x58
RESOURCE_MAP class=AGXAcceleratorG16G va=0x10001c20000 size=0x8000 handle=0 cpu_present=0 outcpu_present=1 allowlisted=0
CALL class=AGXAcceleratorG16G sel=9 ret=0x0 in_struct=0x68 out_struct=0x58
RESOURCE_MAP class=AGXAcceleratorG16G va=0x10001c30000 size=0x8000 handle=0 cpu_present=0 outcpu_present=1 allowlisted=0
CALL class=AGXAcceleratorG16G sel=9 ret=0x0 in_struct=0x68 out_struct=0x58
RESOURCE_MAP class=AGXAcceleratorG16G va=0x10001c40000 size=0x8000 handle=0 cpu_present=0 outcpu_present=1 allowlisted=0
CALL class=AGXAcceleratorG16G sel=9 ret=0x0 in_struct=0x68 out_struct=0x58
RESOURCE_MAP class=AGXAcceleratorG16G va=0xea8000 size=0x88e0 handle=0 cpu_present=0 outcpu_present=1 allowlisted=0
CALL class=AGXAcceleratorG16G sel=9 ret=0x0 in_struct=0x68 out_struct=0x58
RESOURCE_MAP class=AGXAcceleratorG16G va=0x10001c50000 size=0x8000 handle=0 cpu_present=0 outcpu_present=1 allowlisted=0
CALL class=AGXAcceleratorG16G sel=9 ret=0x0 in_struct=0x68 out_struct=0x58
RESOURCE_MAP class=AGXAcceleratorG16G va=0xeb8000 size=0x8000 handle=0 cpu_present=0 outcpu_present=1 allowlisted=0
CALL class=AGXAcceleratorG16G sel=9 ret=0x0 in_struct=0x68 out_struct=0x58
RESOURCE_MAP class=AGXAcceleratorG16G va=0xec8000 size=0x88e0 handle=0 cpu_present=0 outcpu_present=1 allowlisted=0
CALL class=AGXAcceleratorG16G sel=9 ret=0x0 in_struct=0x68 out_struct=0x58
RESOURCE_MAP class=AGXAcceleratorG16G va=0x10001c60000 size=0x8000 handle=0 cpu_present=0 outcpu_present=1 allowlisted=0
CALL class=AGXAcceleratorG16G sel=9 ret=0x0 in_struct=0x68 out_struct=0x58
RESOURCE_MAP class=AGXAcceleratorG16G va=0xed8000 size=0x88e0 handle=0 cpu_present=0 outcpu_present=1 allowlisted=0
CALL class=AGXAcceleratorG16G sel=9 ret=0x0 in_struct=0x68 out_struct=0x58
RESOURCE_MAP class=AGXAcceleratorG16G va=0x10001c70000 size=0x8000 handle=0 cpu_present=0 outcpu_present=1 allowlisted=0
CALL class=AGXAcceleratorG16G sel=9 ret=0x0 in_struct=0x68 out_struct=0x58
RESOURCE_MAP class=AGXAcceleratorG16G va=0x10001c80000 size=0x8000 handle=0 cpu_present=0 outcpu_present=1 allowlisted=0
CALL class=AGXAcceleratorG16G sel=9 ret=0x0 in_struct=0x68 out_struct=0x58
RESOURCE_MAP class=AGXAcceleratorG16G va=0x10001c90000 size=0x8000 handle=0 cpu_present=0 outcpu_present=1 allowlisted=0
CALL class=AGXAcceleratorG16G sel=9 ret=0x0 in_struct=0x68 out_struct=0x58
RESOURCE_MAP class=AGXAcceleratorG16G va=0x10001ca0000 size=0x8000 handle=0 cpu_present=0 outcpu_present=1 allowlisted=0
CALL class=AGXAcceleratorG16G sel=9 ret=0x0 in_struct=0x68 out_struct=0x58
RESOURCE_MAP class=AGXAcceleratorG16G va=0xee8000 size=0x88e0 handle=0 cpu_present=0 outcpu_present=1 allowlisted=0
CALL class=AGXAcceleratorG16G sel=9 ret=0x0 in_struct=0x68 out_struct=0x58
RESOURCE_MAP class=AGXAcceleratorG16G va=0x10001cb0000 size=0x8000 handle=0 cpu_present=0 outcpu_present=1 allowlisted=0
CALL class=AGXAcceleratorG16G sel=9 ret=0x0 in_struct=0x68 out_struct=0x58
RESOURCE_MAP class=AGXAcceleratorG16G va=0x10001cc0000 size=0x8000 handle=0 cpu_present=0 outcpu_present=1 allowlisted=0
CALL class=AGXAcceleratorG16G sel=9 ret=0x0 in_struct=0x68 out_struct=0x58
RESOURCE_MAP class=AGXAcceleratorG16G va=0xef8000 size=0x88e0 handle=0 cpu_present=0 outcpu_present=1 allowlisted=0
CALL class=AGXAcceleratorG16G sel=9 ret=0x0 in_struct=0x68 out_struct=0x58
RESOURCE_MAP class=AGXAcceleratorG16G va=0x10001cd0000 size=0x8000 handle=0 cpu_present=0 outcpu_present=1 allowlisted=0
CALL class=AGXAcceleratorG16G sel=9 ret=0x0 in_struct=0x68 out_struct=0x58
RESOURCE_MAP class=AGXAcceleratorG16G va=0x10001ce0000 size=0x8000 handle=0 cpu_present=0 outcpu_present=1 allowlisted=0
CALL class=AGXAcceleratorG16G sel=9 ret=0x0 in_struct=0x68 out_struct=0x58
RESOURCE_MAP class=AGXAcceleratorG16G va=0xf08000 size=0x88e0 handle=0 cpu_present=0 outcpu_present=1 allowlisted=0
CALL class=AGXAcceleratorG16G sel=9 ret=0x0 in_struct=0x68 out_struct=0x58
RESOURCE_MAP class=AGXAcceleratorG16G va=0x10001cf0000 size=0x8000 handle=0 cpu_present=0 outcpu_present=1 allowlisted=0
CALL class=AGXAcceleratorG16G sel=9 ret=0x0 in_struct=0x68 out_struct=0x58
RESOURCE_MAP class=AGXAcceleratorG16G va=0xf18000 size=0x88e0 handle=0 cpu_present=0 outcpu_present=1 allowlisted=0
CALL class=AGXAcceleratorG16G sel=9 ret=0x0 in_struct=0x68 out_struct=0x58
RESOURCE_MAP class=AGXAcceleratorG16G va=0x10001d00000 size=0x8000 handle=0 cpu_present=0 outcpu_present=1 allowlisted=0
CALL class=AGXAcceleratorG16G sel=14 ret=0x0 in_struct=0x0 out_struct=0x10
CALL class=AGXAcceleratorG16G sel=9 ret=0x0 in_struct=0x68 out_struct=0x58
RESOURCE_MAP class=AGXAcceleratorG16G va=0x10001d10000 size=0x8000 handle=0 cpu_present=0 outcpu_present=1 allowlisted=0
CALL class=AGXAcceleratorG16G sel=9 ret=0x0 in_struct=0x68 out_struct=0x58
RESOURCE_MAP class=AGXAcceleratorG16G va=0xf28000 size=0x8000 handle=0 cpu_present=0 outcpu_present=1 allowlisted=0
CALL class=AGXAcceleratorG16G sel=9 ret=0x0 in_struct=0x68 out_struct=0x58
RESOURCE_MAP class=AGXAcceleratorG16G va=0xf38000 size=0x88e0 handle=0 cpu_present=0 outcpu_present=1 allowlisted=0
CALL class=AGXAcceleratorG16G sel=9 ret=0x0 in_struct=0x68 out_struct=0x58
RESOURCE_MAP class=AGXAcceleratorG16G va=0x10001d20000 size=0x8000 handle=0 cpu_present=0 outcpu_present=1 allowlisted=0
CALL class=AGXAcceleratorG16G sel=9 ret=0x0 in_struct=0x68 out_struct=0x58
RESOURCE_MAP class=AGXAcceleratorG16G va=0x10001d30000 size=0x8000 handle=0 cpu_present=0 outcpu_present=1 allowlisted=0
CALL class=AGXAcceleratorG16G sel=9 ret=0x0 in_struct=0x68 out_struct=0x58
RESOURCE_MAP class=AGXAcceleratorG16G va=0xf48000 size=0x88e0 handle=0 cpu_present=0 outcpu_present=1 allowlisted=0
CALL class=AGXAcceleratorG16G sel=9 ret=0x0 in_struct=0x68 out_struct=0x58
RESOURCE_MAP class=AGXAcceleratorG16G va=0x10001d40000 size=0x8000 handle=0 cpu_present=0 outcpu_present=1 allowlisted=0
CALL class=AGXAcceleratorG16G sel=9 ret=0x0 in_struct=0x68 out_struct=0x58
RESOURCE_MAP class=AGXAcceleratorG16G va=0x10001d50000 size=0x8000 handle=0 cpu_present=0 outcpu_present=1 allowlisted=0
CALL class=AGXAcceleratorG16G sel=9 ret=0x0 in_struct=0x68 out_struct=0x58
RESOURCE_MAP class=AGXAcceleratorG16G va=0xf58000 size=0x88e0 handle=0 cpu_present=0 outcpu_present=1 allowlisted=0
CALL class=AGXAcceleratorG16G sel=9 ret=0x0 in_struct=0x68 out_struct=0x58
RESOURCE_MAP class=AGXAcceleratorG16G va=0x10001d60000 size=0x8000 handle=0 cpu_present=0 outcpu_present=1 allowlisted=0
CALL class=AGXAcceleratorG16G sel=9 ret=0x0 in_struct=0x68 out_struct=0x58
RESOURCE_MAP class=AGXAcceleratorG16G va=0x10001d70000 size=0x8000 handle=0 cpu_present=0 outcpu_present=1 allowlisted=0
CALL class=AGXAcceleratorG16G sel=9 ret=0x0 in_struct=0x68 out_struct=0x58
RESOURCE_MAP class=AGXAcceleratorG16G va=0x10001d80000 size=0x8000 handle=0 cpu_present=0 outcpu_present=1 allowlisted=0
CALL class=AGXAcceleratorG16G sel=9 ret=0x0 in_struct=0x68 out_struct=0x58
RESOURCE_MAP class=AGXAcceleratorG16G va=0x10001d90000 size=0x8000 handle=0 cpu_present=0 outcpu_present=1 allowlisted=0
CALL class=AGXAcceleratorG16G sel=9 ret=0x0 in_struct=0x68 out_struct=0x58
RESOURCE_MAP class=AGXAcceleratorG16G va=0xf68000 size=0x88e0 handle=0 cpu_present=0 outcpu_present=1 allowlisted=0
CALL class=AGXAcceleratorG16G sel=9 ret=0x0 in_struct=0x68 out_struct=0x58
RESOURCE_MAP class=AGXAcceleratorG16G va=0x10001da0000 size=0x8000 handle=0 cpu_present=0 outcpu_present=1 allowlisted=0
CALL class=AGXAcceleratorG16G sel=9 ret=0x0 in_struct=0x68 out_struct=0x58
RESOURCE_MAP class=AGXAcceleratorG16G va=0xf78000 size=0x88e0 handle=0 cpu_present=0 outcpu_present=1 allowlisted=0
CALL class=AGXAcceleratorG16G sel=9 ret=0x0 in_struct=0x68 out_struct=0x58
RESOURCE_MAP class=AGXAcceleratorG16G va=0x10001db0000 size=0x8000 handle=0 cpu_present=0 outcpu_present=1 allowlisted=0
CALL class=AGXAcceleratorG16G sel=9 ret=0x0 in_struct=0x68 out_struct=0x58
RESOURCE_MAP class=AGXAcceleratorG16G va=0x10001dc0000 size=0x8000 handle=0 cpu_present=0 outcpu_present=1 allowlisted=0
CALL class=AGXAcceleratorG16G sel=9 ret=0x0 in_struct=0x68 out_struct=0x58
RESOURCE_MAP class=AGXAcceleratorG16G va=0xf88000 size=0x88e0 handle=0 cpu_present=0 outcpu_present=1 allowlisted=0
CALL class=AGXAcceleratorG16G sel=9 ret=0x0 in_struct=0x68 out_struct=0x58
RESOURCE_MAP class=AGXAcceleratorG16G va=0x10001dd0000 size=0x8000 handle=0 cpu_present=0 outcpu_present=1 allowlisted=0
CALL class=AGXAcceleratorG16G sel=9 ret=0x0 in_struct=0x68 out_struct=0x58
RESOURCE_MAP class=AGXAcceleratorG16G va=0xf98000 size=0x8000 handle=0 cpu_present=0 outcpu_present=1 allowlisted=0
CALL class=AGXAcceleratorG16G sel=9 ret=0x0 in_struct=0x68 out_struct=0x58
RESOURCE_MAP class=AGXAcceleratorG16G va=0x10001de0000 size=0x8000 handle=0 cpu_present=0 outcpu_present=1 allowlisted=0
CALL class=AGXAcceleratorG16G sel=9 ret=0x0 in_struct=0x68 out_struct=0x58
RESOURCE_MAP class=AGXAcceleratorG16G va=0xfa8000 size=0x88e0 handle=0 cpu_present=0 outcpu_present=1 allowlisted=0
CALL class=AGXAcceleratorG16G sel=9 ret=0x0 in_struct=0x68 out_struct=0x58
RESOURCE_MAP class=AGXAcceleratorG16G va=0x10001df0000 size=0x8000 handle=0 cpu_present=0 outcpu_present=1 allowlisted=0
CALL class=AGXAcceleratorG16G sel=9 ret=0x0 in_struct=0x68 out_struct=0x58
RESOURCE_MAP class=AGXAcceleratorG16G va=0x10001e00000 size=0x8000 handle=0 cpu_present=0 outcpu_present=1 allowlisted=0
CALL class=AGXAcceleratorG16G sel=9 ret=0x0 in_struct=0x68 out_struct=0x58
RESOURCE_MAP class=AGXAcceleratorG16G va=0xfb8000 size=0x88e0 handle=0 cpu_present=0 outcpu_present=1 allowlisted=0
CALL class=AGXAcceleratorG16G sel=9 ret=0x0 in_struct=0x68 out_struct=0x58
RESOURCE_MAP class=AGXAcceleratorG16G va=0x10001e10000 size=0x8000 handle=0 cpu_present=0 outcpu_present=1 allowlisted=0
CALL class=AGXAcceleratorG16G sel=9 ret=0x0 in_struct=0x68 out_struct=0x58
RESOURCE_MAP class=AGXAcceleratorG16G va=0x10001e20000 size=0x8000 handle=0 cpu_present=0 outcpu_present=1 allowlisted=0
CALL class=AGXAcceleratorG16G sel=9 ret=0x0 in_struct=0x68 out_struct=0x58
RESOURCE_MAP class=AGXAcceleratorG16G va=0xfc8000 size=0x88e0 handle=0 cpu_present=0 outcpu_present=1 allowlisted=0
CALL class=AGXAcceleratorG16G sel=9 ret=0x0 in_struct=0x68 out_struct=0x58
RESOURCE_MAP class=AGXAcceleratorG16G va=0x10001e30000 size=0x8000 handle=0 cpu_present=0 outcpu_present=1 allowlisted=0
CALL class=AGXAcceleratorG16G sel=9 ret=0x0 in_struct=0x68 out_struct=0x58
RESOURCE_MAP class=AGXAcceleratorG16G va=0x10001e40000 size=0x8000 handle=0 cpu_present=0 outcpu_present=1 allowlisted=0
CALL class=AGXAcceleratorG16G sel=9 ret=0x0 in_struct=0x68 out_struct=0x58
RESOURCE_MAP class=AGXAcceleratorG16G va=0xfd8000 size=0x88e0 handle=0 cpu_present=0 outcpu_present=1 allowlisted=0
CALL class=AGXAcceleratorG16G sel=9 ret=0x0 in_struct=0x68 out_struct=0x58
RESOURCE_MAP class=AGXAcceleratorG16G va=0x10001e50000 size=0x8000 handle=0 cpu_present=0 outcpu_present=1 allowlisted=0
CALL class=AGXAcceleratorG16G sel=9 ret=0x0 in_struct=0x68 out_struct=0x58
RESOURCE_MAP class=AGXAcceleratorG16G va=0xfe8000 size=0x88e0 handle=0 cpu_present=0 outcpu_present=1 allowlisted=0
CALL class=AGXAcceleratorG16G sel=9 ret=0x0 in_struct=0x68 out_struct=0x58
RESOURCE_MAP class=AGXAcceleratorG16G va=0x10001e60000 size=0x8000 handle=0 cpu_present=0 outcpu_present=1 allowlisted=0
CALL class=AGXAcceleratorG16G sel=9 ret=0x0 in_struct=0x68 out_struct=0x58
RESOURCE_MAP class=AGXAcceleratorG16G va=0x10001e70000 size=0x8000 handle=0 cpu_present=0 outcpu_present=1 allowlisted=0
CALL class=AGXAcceleratorG16G sel=9 ret=0x0 in_struct=0x68 out_struct=0x58
RESOURCE_MAP class=AGXAcceleratorG16G va=0x10001e80000 size=0x8000 handle=0 cpu_present=0 outcpu_present=1 allowlisted=0
CALL class=AGXAcceleratorG16G sel=9 ret=0x0 in_struct=0x68 out_struct=0x58
RESOURCE_MAP class=AGXAcceleratorG16G va=0x10001e90000 size=0x8000 handle=0 cpu_present=0 outcpu_present=1 allowlisted=0
CALL class=AGXAcceleratorG16G sel=9 ret=0x0 in_struct=0x68 out_struct=0x58
RESOURCE_MAP class=AGXAcceleratorG16G va=0xff8000 size=0x88e0 handle=0 cpu_present=0 outcpu_present=1 allowlisted=0
CALL class=AGXAcceleratorG16G sel=9 ret=0x0 in_struct=0x68 out_struct=0x58
RESOURCE_MAP class=AGXAcceleratorG16G va=0x10001ea0000 size=0x8000 handle=0 cpu_present=0 outcpu_present=1 allowlisted=0
CALL class=AGXAcceleratorG16G sel=9 ret=0x0 in_struct=0x68 out_struct=0x58
RESOURCE_MAP class=AGXAcceleratorG16G va=0x10001eb0000 size=0x8000 handle=0 cpu_present=0 outcpu_present=1 allowlisted=0
CALL class=AGXAcceleratorG16G sel=9 ret=0x0 in_struct=0x68 out_struct=0x58
RESOURCE_MAP class=AGXAcceleratorG16G va=0x1008000 size=0x8000 handle=0 cpu_present=0 outcpu_present=1 allowlisted=0
CALL class=AGXAcceleratorG16G sel=9 ret=0x0 in_struct=0x68 out_struct=0x58
RESOURCE_MAP class=AGXAcceleratorG16G va=0x1018000 size=0x88e0 handle=0 cpu_present=0 outcpu_present=1 allowlisted=0
CALL class=AGXAcceleratorG16G sel=9 ret=0x0 in_struct=0x68 out_struct=0x58
RESOURCE_MAP class=AGXAcceleratorG16G va=0x10001ec0000 size=0x8000 handle=0 cpu_present=0 outcpu_present=1 allowlisted=0
CALL class=AGXAcceleratorG16G sel=9 ret=0x0 in_struct=0x68 out_struct=0x58
RESOURCE_MAP class=AGXAcceleratorG16G va=0x1028000 size=0x88e0 handle=0 cpu_present=0 outcpu_present=1 allowlisted=0
CALL class=AGXAcceleratorG16G sel=9 ret=0x0 in_struct=0x68 out_struct=0x58
RESOURCE_MAP class=AGXAcceleratorG16G va=0x10001ed0000 size=0x8000 handle=0 cpu_present=0 outcpu_present=1 allowlisted=0
CALL class=AGXAcceleratorG16G sel=9 ret=0x0 in_struct=0x68 out_struct=0x58
RESOURCE_MAP class=AGXAcceleratorG16G va=0x10001ee0000 size=0x8000 handle=0 cpu_present=0 outcpu_present=1 allowlisted=0
CALL class=AGXAcceleratorG16G sel=9 ret=0x0 in_struct=0x68 out_struct=0x58
RESOURCE_MAP class=AGXAcceleratorG16G va=0x1038000 size=0x88e0 handle=0 cpu_present=0 outcpu_present=1 allowlisted=0
CALL class=AGXAcceleratorG16G sel=9 ret=0x0 in_struct=0x68 out_struct=0x58
RESOURCE_MAP class=AGXAcceleratorG16G va=0x10001ef0000 size=0x8000 handle=0 cpu_present=0 outcpu_present=1 allowlisted=0
CALL class=AGXAcceleratorG16G sel=9 ret=0x0 in_struct=0x68 out_struct=0x58
RESOURCE_MAP class=AGXAcceleratorG16G va=0x1048000 size=0x88e0 handle=0 cpu_present=0 outcpu_present=1 allowlisted=0
CALL class=AGXAcceleratorG16G sel=9 ret=0x0 in_struct=0x68 out_struct=0x58
RESOURCE_MAP class=AGXAcceleratorG16G va=0x10001f00000 size=0x8000 handle=0 cpu_present=0 outcpu_present=1 allowlisted=0
CALL class=AGXAcceleratorG16G sel=9 ret=0x0 in_struct=0x68 out_struct=0x58
RESOURCE_MAP class=AGXAcceleratorG16G va=0x10001f10000 size=0x8000 handle=0 cpu_present=0 outcpu_present=1 allowlisted=0
CALL class=AGXAcceleratorG16G sel=9 ret=0x0 in_struct=0x68 out_struct=0x58
RESOURCE_MAP class=AGXAcceleratorG16G va=0x10001f20000 size=0x8000 handle=0 cpu_present=0 outcpu_present=1 allowlisted=0
CALL class=AGXAcceleratorG16G sel=9 ret=0x0 in_struct=0x68 out_struct=0x58
RESOURCE_MAP class=AGXAcceleratorG16G va=0x10001f30000 size=0x8000 handle=0 cpu_present=0 outcpu_present=1 allowlisted=0
CALL class=AGXAcceleratorG16G sel=9 ret=0x0 in_struct=0x68 out_struct=0x58
RESOURCE_MAP class=AGXAcceleratorG16G va=0x1058000 size=0x88e0 handle=0 cpu_present=0 outcpu_present=1 allowlisted=0
CALL class=AGXAcceleratorG16G sel=9 ret=0x0 in_struct=0x68 out_struct=0x58
RESOURCE_MAP class=AGXAcceleratorG16G va=0x10001f40000 size=0x8000 handle=0 cpu_present=0 outcpu_present=1 allowlisted=0
CALL class=AGXAcceleratorG16G sel=9 ret=0x0 in_struct=0x68 out_struct=0x58
RESOURCE_MAP class=AGXAcceleratorG16G va=0x1068000 size=0x88e0 handle=0 cpu_present=0 outcpu_present=1 allowlisted=0
CALL class=AGXAcceleratorG16G sel=9 ret=0x0 in_struct=0x68 out_struct=0x58
RESOURCE_MAP class=AGXAcceleratorG16G va=0x1078000 size=0x8000 handle=0 cpu_present=0 outcpu_present=1 allowlisted=0
CALL class=AGXAcceleratorG16G sel=9 ret=0x0 in_struct=0x68 out_struct=0x58
RESOURCE_MAP class=AGXAcceleratorG16G va=0x10001f50000 size=0x8000 handle=0 cpu_present=0 outcpu_present=1 allowlisted=0
CALL class=AGXAcceleratorG16G sel=9 ret=0x0 in_struct=0x68 out_struct=0x58
RESOURCE_MAP class=AGXAcceleratorG16G va=0x1088000 size=0x88e0 handle=0 cpu_present=0 outcpu_present=1 allowlisted=0
CALL class=AGXAcceleratorG16G sel=9 ret=0x0 in_struct=0x68 out_struct=0x58
RESOURCE_MAP class=AGXAcceleratorG16G va=0x10001f60000 size=0x8000 handle=0 cpu_present=0 outcpu_present=1 allowlisted=0
CALL class=AGXAcceleratorG16G sel=9 ret=0x0 in_struct=0x68 out_struct=0x58
RESOURCE_MAP class=AGXAcceleratorG16G va=0x10001f70000 size=0x8000 handle=0 cpu_present=0 outcpu_present=1 allowlisted=0
CALL class=AGXAcceleratorG16G sel=9 ret=0x0 in_struct=0x68 out_struct=0x58
RESOURCE_MAP class=AGXAcceleratorG16G va=0x10001f80000 size=0x8000 handle=0 cpu_present=0 outcpu_present=1 allowlisted=0
CALL class=AGXAcceleratorG16G sel=9 ret=0x0 in_struct=0x68 out_struct=0x58
RESOURCE_MAP class=AGXAcceleratorG16G va=0x10001f90000 size=0x8000 handle=0 cpu_present=0 outcpu_present=1 allowlisted=0
CALL class=AGXAcceleratorG16G sel=9 ret=0x0 in_struct=0x68 out_struct=0x58
RESOURCE_MAP class=AGXAcceleratorG16G va=0x1098000 size=0x88e0 handle=0 cpu_present=0 outcpu_present=1 allowlisted=0
CALL class=AGXAcceleratorG16G sel=9 ret=0x0 in_struct=0x68 out_struct=0x58
RESOURCE_MAP class=AGXAcceleratorG16G va=0x10001fa0000 size=0x8000 handle=0 cpu_present=0 outcpu_present=1 allowlisted=0
CALL class=AGXAcceleratorG16G sel=9 ret=0x0 in_struct=0x68 out_struct=0x58
RESOURCE_MAP class=AGXAcceleratorG16G va=0x10001fb0000 size=0x8000 handle=0 cpu_present=0 outcpu_present=1 allowlisted=0
CALL class=AGXAcceleratorG16G sel=9 ret=0x0 in_struct=0x68 out_struct=0x58
RESOURCE_MAP class=AGXAcceleratorG16G va=0x10a8000 size=0x88e0 handle=0 cpu_present=0 outcpu_present=1 allowlisted=0
CALL class=AGXAcceleratorG16G sel=9 ret=0x0 in_struct=0x68 out_struct=0x58
RESOURCE_MAP class=AGXAcceleratorG16G va=0x10001fc0000 size=0x8000 handle=0 cpu_present=0 outcpu_present=1 allowlisted=0
CALL class=AGXAcceleratorG16G sel=9 ret=0x0 in_struct=0x68 out_struct=0x58
RESOURCE_MAP class=AGXAcceleratorG16G va=0x10001fd0000 size=0x8000 handle=0 cpu_present=0 outcpu_present=1 allowlisted=0
CALL class=AGXAcceleratorG16G sel=9 ret=0x0 in_struct=0x68 out_struct=0x58
RESOURCE_MAP class=AGXAcceleratorG16G va=0x10b8000 size=0x88e0 handle=0 cpu_present=0 outcpu_present=1 allowlisted=0
CALL class=AGXAcceleratorG16G sel=9 ret=0x0 in_struct=0x68 out_struct=0x58
RESOURCE_MAP class=AGXAcceleratorG16G va=0x10001fe0000 size=0x8000 handle=0 cpu_present=0 outcpu_present=1 allowlisted=0
CALL class=AGXAcceleratorG16G sel=9 ret=0x0 in_struct=0x68 out_struct=0x58
RESOURCE_MAP class=AGXAcceleratorG16G va=0x10c8000 size=0x88e0 handle=0 cpu_present=0 outcpu_present=1 allowlisted=0
CALL class=AGXAcceleratorG16G sel=14 ret=0x0 in_struct=0x0 out_struct=0x10
CALL class=AGXAcceleratorG16G sel=9 ret=0x0 in_struct=0x68 out_struct=0x58
RESOURCE_MAP class=AGXAcceleratorG16G va=0x10001ff0000 size=0x8000 handle=0 cpu_present=0 outcpu_present=1 allowlisted=0
CALL class=AGXAcceleratorG16G sel=9 ret=0x0 in_struct=0x68 out_struct=0x58
RESOURCE_MAP class=AGXAcceleratorG16G va=0x10002000000 size=0x8000 handle=0 cpu_present=0 outcpu_present=1 allowlisted=0
CALL class=AGXAcceleratorG16G sel=9 ret=0x0 in_struct=0x68 out_struct=0x58
RESOURCE_MAP class=AGXAcceleratorG16G va=0x10002010000 size=0x8000 handle=0 cpu_present=0 outcpu_present=1 allowlisted=0
CALL class=AGXAcceleratorG16G sel=9 ret=0x0 in_struct=0x68 out_struct=0x58
RESOURCE_MAP class=AGXAcceleratorG16G va=0x10d8000 size=0x88e0 handle=0 cpu_present=0 outcpu_present=1 allowlisted=0
CALL class=AGXAcceleratorG16G sel=9 ret=0x0 in_struct=0x68 out_struct=0x58
RESOURCE_MAP class=AGXAcceleratorG16G va=0x10e8000 size=0x8000 handle=0 cpu_present=0 outcpu_present=1 allowlisted=0
CALL class=AGXAcceleratorG16G sel=9 ret=0x0 in_struct=0x68 out_struct=0x58
RESOURCE_MAP class=AGXAcceleratorG16G va=0x10002020000 size=0x8000 handle=0 cpu_present=0 outcpu_present=1 allowlisted=0
CALL class=AGXAcceleratorG16G sel=9 ret=0x0 in_struct=0x68 out_struct=0x58
RESOURCE_MAP class=AGXAcceleratorG16G va=0x10f8000 size=0x88e0 handle=0 cpu_present=0 outcpu_present=1 allowlisted=0
CALL class=AGXAcceleratorG16G sel=9 ret=0x0 in_struct=0x68 out_struct=0x58
RESOURCE_MAP class=AGXAcceleratorG16G va=0x10002030000 size=0x8000 handle=0 cpu_present=0 outcpu_present=1 allowlisted=0
CALL class=AGXAcceleratorG16G sel=9 ret=0x0 in_struct=0x68 out_struct=0x58
RESOURCE_MAP class=AGXAcceleratorG16G va=0x10002040000 size=0x8000 handle=0 cpu_present=0 outcpu_present=1 allowlisted=0
CALL class=AGXAcceleratorG16G sel=9 ret=0x0 in_struct=0x68 out_struct=0x58
RESOURCE_MAP class=AGXAcceleratorG16G va=0x10002050000 size=0x8000 handle=0 cpu_present=0 outcpu_present=1 allowlisted=0
CALL class=AGXAcceleratorG16G sel=9 ret=0x0 in_struct=0x68 out_struct=0x58
RESOURCE_MAP class=AGXAcceleratorG16G va=0x1108000 size=0x88e0 handle=0 cpu_present=0 outcpu_present=1 allowlisted=0
CALL class=AGXAcceleratorG16G sel=9 ret=0x0 in_struct=0x68 out_struct=0x58
RESOURCE_MAP class=AGXAcceleratorG16G va=0x10002060000 size=0x8000 handle=0 cpu_present=0 outcpu_present=1 allowlisted=0
CALL class=AGXAcceleratorG16G sel=9 ret=0x0 in_struct=0x68 out_struct=0x58
RESOURCE_MAP class=AGXAcceleratorG16G va=0x10002070000 size=0x8000 handle=0 cpu_present=0 outcpu_present=1 allowlisted=0
CALL class=AGXAcceleratorG16G sel=9 ret=0x0 in_struct=0x68 out_struct=0x58
RESOURCE_MAP class=AGXAcceleratorG16G va=0x10002080000 size=0x8000 handle=0 cpu_present=0 outcpu_present=1 allowlisted=0
CALL class=AGXAcceleratorG16G sel=9 ret=0x0 in_struct=0x68 out_struct=0x58
RESOURCE_MAP class=AGXAcceleratorG16G va=0x1118000 size=0x88e0 handle=0 cpu_present=0 outcpu_present=1 allowlisted=0
CALL class=AGXAcceleratorG16G sel=9 ret=0x0 in_struct=0x68 out_struct=0x58
RESOURCE_MAP class=AGXAcceleratorG16G va=0x10002090000 size=0x8000 handle=0 cpu_present=0 outcpu_present=1 allowlisted=0
CALL class=AGXAcceleratorG16G sel=9 ret=0x0 in_struct=0x68 out_struct=0x58
RESOURCE_MAP class=AGXAcceleratorG16G va=0x1128000 size=0x88e0 handle=0 cpu_present=0 outcpu_present=1 allowlisted=0
CALL class=AGXAcceleratorG16G sel=9 ret=0x0 in_struct=0x68 out_struct=0x58
RESOURCE_MAP class=AGXAcceleratorG16G va=0x100020a0000 size=0x8000 handle=0 cpu_present=0 outcpu_present=1 allowlisted=0
CALL class=AGXAcceleratorG16G sel=9 ret=0x0 in_struct=0x68 out_struct=0x58
RESOURCE_MAP class=AGXAcceleratorG16G va=0x100020b0000 size=0x8000 handle=0 cpu_present=0 outcpu_present=1 allowlisted=0
CALL class=AGXAcceleratorG16G sel=9 ret=0x0 in_struct=0x68 out_struct=0x58
RESOURCE_MAP class=AGXAcceleratorG16G va=0x1138000 size=0x88e0 handle=0 cpu_present=0 outcpu_present=1 allowlisted=0
CALL class=AGXAcceleratorG16G sel=9 ret=0x0 in_struct=0x68 out_struct=0x58
RESOURCE_MAP class=AGXAcceleratorG16G va=0x100020c0000 size=0x8000 handle=0 cpu_present=0 outcpu_present=1 allowlisted=0
CALL class=AGXAcceleratorG16G sel=9 ret=0x0 in_struct=0x68 out_struct=0x58
RESOURCE_MAP class=AGXAcceleratorG16G va=0x1148000 size=0x8000 handle=0 cpu_present=0 outcpu_present=1 allowlisted=0
CALL class=AGXAcceleratorG16G sel=9 ret=0x0 in_struct=0x68 out_struct=0x58
RESOURCE_MAP class=AGXAcceleratorG16G va=0x100020d0000 size=0x8000 handle=0 cpu_present=0 outcpu_present=1 allowlisted=0
CALL class=AGXAcceleratorG16G sel=9 ret=0x0 in_struct=0x68 out_struct=0x58
RESOURCE_MAP class=AGXAcceleratorG16G va=0x1158000 size=0x88e0 handle=0 cpu_present=0 outcpu_present=1 allowlisted=0
CALL class=AGXAcceleratorG16G sel=9 ret=0x0 in_struct=0x68 out_struct=0x58
RESOURCE_MAP class=AGXAcceleratorG16G va=0x100020e0000 size=0x8000 handle=0 cpu_present=0 outcpu_present=1 allowlisted=0
CALL class=AGXAcceleratorG16G sel=9 ret=0x0 in_struct=0x68 out_struct=0x58
RESOURCE_MAP class=AGXAcceleratorG16G va=0x100020f0000 size=0x8000 handle=0 cpu_present=0 outcpu_present=1 allowlisted=0
CALL class=AGXAcceleratorG16G sel=9 ret=0x0 in_struct=0x68 out_struct=0x58
RESOURCE_MAP class=AGXAcceleratorG16G va=0x1168000 size=0x88e0 handle=0 cpu_present=0 outcpu_present=1 allowlisted=0
CALL class=AGXAcceleratorG16G sel=9 ret=0x0 in_struct=0x68 out_struct=0x58
RESOURCE_MAP class=AGXAcceleratorG16G va=0x10002100000 size=0x8000 handle=0 cpu_present=0 outcpu_present=1 allowlisted=0
CALL class=AGXAcceleratorG16G sel=9 ret=0x0 in_struct=0x68 out_struct=0x58
RESOURCE_MAP class=AGXAcceleratorG16G va=0x10002110000 size=0x8000 handle=0 cpu_present=0 outcpu_present=1 allowlisted=0
CALL class=AGXAcceleratorG16G sel=9 ret=0x0 in_struct=0x68 out_struct=0x58
RESOURCE_MAP class=AGXAcceleratorG16G va=0x1178000 size=0x88e0 handle=0 cpu_present=0 outcpu_present=1 allowlisted=0
CALL class=AGXAcceleratorG16G sel=9 ret=0x0 in_struct=0x68 out_struct=0x58
RESOURCE_MAP class=AGXAcceleratorG16G va=0x10002120000 size=0x8000 handle=0 cpu_present=0 outcpu_present=1 allowlisted=0
CALL class=AGXAcceleratorG16G sel=9 ret=0x0 in_struct=0x68 out_struct=0x58
RESOURCE_MAP class=AGXAcceleratorG16G va=0x10002130000 size=0x8000 handle=0 cpu_present=0 outcpu_present=1 allowlisted=0
CALL class=AGXAcceleratorG16G sel=9 ret=0x0 in_struct=0x68 out_struct=0x58
RESOURCE_MAP class=AGXAcceleratorG16G va=0x1188000 size=0x88e0 handle=0 cpu_present=0 outcpu_present=1 allowlisted=0
CALL class=AGXAcceleratorG16G sel=9 ret=0x0 in_struct=0x68 out_struct=0x58
RESOURCE_MAP class=AGXAcceleratorG16G va=0x10002140000 size=0x8000 handle=0 cpu_present=0 outcpu_present=1 allowlisted=0
CALL class=AGXAcceleratorG16G sel=9 ret=0x0 in_struct=0x68 out_struct=0x58
RESOURCE_MAP class=AGXAcceleratorG16G va=0x1198000 size=0x88e0 handle=0 cpu_present=0 outcpu_present=1 allowlisted=0
CALL class=AGXAcceleratorG16G sel=9 ret=0x0 in_struct=0x68 out_struct=0x58
RESOURCE_MAP class=AGXAcceleratorG16G va=0x10002150000 size=0x8000 handle=0 cpu_present=0 outcpu_present=1 allowlisted=0
CALL class=AGXAcceleratorG16G sel=9 ret=0x0 in_struct=0x68 out_struct=0x58
RESOURCE_MAP class=AGXAcceleratorG16G va=0x10002160000 size=0x8000 handle=0 cpu_present=0 outcpu_present=1 allowlisted=0
CALL class=AGXAcceleratorG16G sel=9 ret=0x0 in_struct=0x68 out_struct=0x58
RESOURCE_MAP class=AGXAcceleratorG16G va=0x10002170000 size=0x8000 handle=0 cpu_present=0 outcpu_present=1 allowlisted=0
CALL class=AGXAcceleratorG16G sel=9 ret=0x0 in_struct=0x68 out_struct=0x58
RESOURCE_MAP class=AGXAcceleratorG16G va=0x10002180000 size=0x8000 handle=0 cpu_present=0 outcpu_present=1 allowlisted=0
CALL class=AGXAcceleratorG16G sel=9 ret=0x0 in_struct=0x68 out_struct=0x58
RESOURCE_MAP class=AGXAcceleratorG16G va=0x11a8000 size=0x88e0 handle=0 cpu_present=0 outcpu_present=1 allowlisted=0
CALL class=AGXAcceleratorG16G sel=9 ret=0x0 in_struct=0x68 out_struct=0x58
RESOURCE_MAP class=AGXAcceleratorG16G va=0x10002190000 size=0x8000 handle=0 cpu_present=0 outcpu_present=1 allowlisted=0
CALL class=AGXAcceleratorG16G sel=9 ret=0x0 in_struct=0x68 out_struct=0x58
RESOURCE_MAP class=AGXAcceleratorG16G va=0x100021a0000 size=0x8000 handle=0 cpu_present=0 outcpu_present=1 allowlisted=0
CALL class=AGXAcceleratorG16G sel=9 ret=0x0 in_struct=0x68 out_struct=0x58
RESOURCE_MAP class=AGXAcceleratorG16G va=0x11b8000 size=0x88e0 handle=0 cpu_present=0 outcpu_present=1 allowlisted=0
CALL class=AGXAcceleratorG16G sel=9 ret=0x0 in_struct=0x68 out_struct=0x58
RESOURCE_MAP class=AGXAcceleratorG16G va=0x100021b0000 size=0x8000 handle=0 cpu_present=0 outcpu_present=1 allowlisted=0
CALL class=AGXAcceleratorG16G sel=9 ret=0x0 in_struct=0x68 out_struct=0x58
RESOURCE_MAP class=AGXAcceleratorG16G va=0x11c8000 size=0x8000 handle=0 cpu_present=0 outcpu_present=1 allowlisted=0
CALL class=AGXAcceleratorG16G sel=9 ret=0x0 in_struct=0x68 out_struct=0x58
RESOURCE_MAP class=AGXAcceleratorG16G va=0x11d8000 size=0x88e0 handle=0 cpu_present=0 outcpu_present=1 allowlisted=0
CALL class=AGXAcceleratorG16G sel=9 ret=0x0 in_struct=0x68 out_struct=0x58
RESOURCE_MAP class=AGXAcceleratorG16G va=0x100021c0000 size=0x8000 handle=0 cpu_present=0 outcpu_present=1 allowlisted=0
CALL class=AGXAcceleratorG16G sel=9 ret=0x0 in_struct=0x68 out_struct=0x58
RESOURCE_MAP class=AGXAcceleratorG16G va=0x100021d0000 size=0x8000 handle=0 cpu_present=0 outcpu_present=1 allowlisted=0
CALL class=AGXAcceleratorG16G sel=9 ret=0x0 in_struct=0x68 out_struct=0x58
RESOURCE_MAP class=AGXAcceleratorG16G va=0x11e8000 size=0x88e0 handle=0 cpu_present=0 outcpu_present=1 allowlisted=0
CALL class=AGXAcceleratorG16G sel=9 ret=0x0 in_struct=0x68 out_struct=0x58
RESOURCE_MAP class=AGXAcceleratorG16G va=0x100021e0000 size=0x8000 handle=0 cpu_present=0 outcpu_present=1 allowlisted=0
CALL class=AGXAcceleratorG16G sel=9 ret=0x0 in_struct=0x68 out_struct=0x58
RESOURCE_MAP class=AGXAcceleratorG16G va=0x100021f0000 size=0x8000 handle=0 cpu_present=0 outcpu_present=1 allowlisted=0
CALL class=AGXAcceleratorG16G sel=9 ret=0x0 in_struct=0x68 out_struct=0x58
RESOURCE_MAP class=AGXAcceleratorG16G va=0x10002200000 size=0x8000 handle=0 cpu_present=0 outcpu_present=1 allowlisted=0
CALL class=AGXAcceleratorG16G sel=9 ret=0x0 in_struct=0x68 out_struct=0x58
RESOURCE_MAP class=AGXAcceleratorG16G va=0x11f8000 size=0x88e0 handle=0 cpu_present=0 outcpu_present=1 allowlisted=0
CALL class=AGXAcceleratorG16G sel=9 ret=0x0 in_struct=0x68 out_struct=0x58
RESOURCE_MAP class=AGXAcceleratorG16G va=0x10002210000 size=0x8000 handle=0 cpu_present=0 outcpu_present=1 allowlisted=0
CALL class=AGXAcceleratorG16G sel=9 ret=0x0 in_struct=0x68 out_struct=0x58
RESOURCE_MAP class=AGXAcceleratorG16G va=0x10002220000 size=0x8000 handle=0 cpu_present=0 outcpu_present=1 allowlisted=0
ALLOWLIST_DUMP va=0x18000 alloc=0x8000 cap=0x8000 got=0x8000 role=vdm-segment-0 kr=0x0
ALLOWLIST_DUMP va=0x88000 alloc=0x88e0 cap=0x88e0 got=0x88e0 role=vdm-segment-1 kr=0x0
CALL class=AGXAcceleratorG16G sel=17 ret=0x0 in_struct=0x0 out_struct=0x0
CALL class=AGXAcceleratorG16G sel=8 ret=0x0 in_struct=0x0 out_struct=0x0
