# BODUMP reason=sigusr1 handle=0 gpu_va=0x10000140000 cpu=0x105434000 size=0x74000 read=0x20000
00000000: 80290700 00000000 00000000 00000000 
00000010: 00000000 00000000 00000000 00000000 
00000020: 00000000 00000000 00000000 00000000 
00000030: 00000000 00000000 00000000 00000000 
00000040: 8f020400 06000600 06000600 06000600 
00000050: 06000600 06000600 06000600 06000600 
00000060: 06000600 06000600 06000600 06000600 
00000070: 06000600 06000600 06000600 06000600 
00000080: 8f020400 06000600 06000600 06000600 
00000090: 06000600 06000600 06000600 06000600 
000000a0: 06000600 06000600 06000600 06000600 
000000b0: 06000600 06000600 06000600 06000600 
000000c0: 2c880927 60000080 3c8a0827 0c8c0843 
000000d0: 1c8e0807 67204406 02000000 51043140 
000000e0: 22002300 21602300 2001ab84 01042301 
000000f0: 01008b07 1fff5042 00000000 a7005412 
00000100: 00006000 f0110100 bb040904 cb031fff 
00000110: 50220000 00000e00 00000600 06000600 
00000120: 06000600 06000600 06000600 06000600 
00000130: 06000600 06000600 06000600 06000600 
00000140: 0a112380 06008702 00000f05 54210f01 
00000150: 54102807 00000000 fc9cc200 0a000000 
00000160: ecd00a00 0e000000 fcea0200 10000000 
00000170: 1cb84200 12000000 3ce04200 12000000 
00000180: 2cf24200 12000000 33000600 04100000 
00000190: 0000dcee 42001200 00003cca 82001200 
000001a0: 00003c90 c2001200 00004ca2 c2001200 
000001b0: 00004cfe 0a001000 00003c9e 4a001000 
000001c0: 00004cc4 4a001000 00005cd6 4a001000 
000001d0: 00006cb0 82001000 00000ca0 1006a717 
000001e0: 54000300 ac20e9a1 14018000 0ca11006 
000001f0: a7175400 0300ac20 44900200 08040000 
00000200: 09a15401 80002cac 82001000 0000acf6 
00000210: 4a000e00 00005c88 42001000 0000fce4 
00000220: 0a000e00 0000e480 86000000 0200acb4 
00000230: 0a000c00 00001c82 c2000e00 0000acaa 
00000240: 42000e00 00002cbc 0a000e00 0000ac94 
00000250: 82000e00 0000dcda 82000c00 00001cec 
00000260: 0a000c00 00006cea c2000c00 0000dcc8 
00000270: 0a000c00 00008cea 82000a00 00007c90 
00000280: 0a000c00 00008ca0 4a000c00 0000bcfc 
00000290: c2000a00 00009cc2 82000a00 0000ecd4 
000002a0: c2000a00 00001cb0 82000a00 00008ce6 
000002b0: c2000400 00009c80 c2000800 0000ccce 
000002c0: c2000800 00001cf6 4a000800 00009c88 
000002d0: 42000a00 00008ce0 0a000800 00005ca6 
000002e0: c2000800 0000ecb8 4a000800 00004c94 
000002f0: 42000800 00006cb4 42000600 0000bcd8 
00000300: 82000600 0000ccec 82000600 00002cc6 
00000310: 4a000600 0000fc8c 82000600 0000dc9e 
00000320: 4a000600 0000fcfa 42000400 00008cbe 
00000330: 42000400 0000bcd2 0a000400 00007480 
00000340: 42000400 00007300 40017ce0 c2001204 
00000350: 00000ce8 4a000a08 00007c9a 4a00000c 
00000360: 00005ca4 82000c0c 0000ccf9 42001408 
00000370: 00005cfa 0a001808 0000dcaa c2000e08 
00000380: 0000cce6 0a001e04 00006ce6 4a000408 
00000390: 00007ca8 82000808 00009ca4 4a000208 
000003a0: 00000ce4 0a001804 00009ca6 0a001c04 
000003b0: 0000bca2 4a001604 0000acec c2001800 
000003c0: 00002cf2 c2000404 00000c99 82000e04 
000003d0: 0000fc9e 4a001004 00004c94 82000c04 
000003e0: 0000bcf0 42001e00 00006cb2 0a000204 
000003f0: 0000ecae 42001c00 0000ccb0 4a001600 
00000400: 00000b10 e1080f05 641a1f01 240203c0 
00000410: 06281101 0b032ee1 02000000 00002705 
00000420: 54020300 5c0472e1 078026a0 07028002 
00000430: 67004418 02072000 11002d40 46000b8f 
00000440: 279f1002 00000000 27005414 03020000 
00000450: d0120400 0b952713 00020000 00000b95 
00000460: f3612a01 2b800600 07020000 0a612380 
00000470: 06000702 00000f05 54050f01 54945006 
00000480: 00000000 0b192715 80000000 00002a01 
00000490: 2b800700 07020000 00006000 0f055425 
000004a0: 0f015468 50060000 00009f00 540a021c 
000004b0: 62407028 02006700 54000500 00005701 
000004c0: 11402200 6700440a 05000000 59051340 
000004d0: 22009f01 54100300 38c81004 8b112f9f 
000004e0: 00020000 0000a700 54120328 4000f013 
000004f0: 24002a13 23820300 17020000 00006000 
00000500: 89032e1d 810c02c0 d9072e21 80100f05 
00000510: 5405d213 03802580 17028b00 00000f04 
00000520: 24196700 54020207 20005101 29404600 
00000530: 34c31026 a7275406 020ca420 89031c07 
00000540: 00c00f06 24010000 13143fff 10020000 
00000550: 00001b03 2f170002 00000000 3b000000 
00000560: 2a032b80 06000702 00006b00 00000f05 
00000570: 54250f01 54380000 00000000 67004402 
00000580: 02072000 51012940 460034c3 10262707 
00000590: 56020304 b4080200 9f21540c 020c0888 
000005a0: 17053cb8 22000000 00000f06 04010000 
000005b0: a7105402 03302200 f0101100 ab99279f 
000005c0: 10020000 0000bc9e 22000804 00001f00 
000005d0: 54140328 c0b1102b 2200a700 54160330 
000005e0: 2200f010 01001b15 3c03a700 54140330 
000005f0: 1600f010 3100bb17 2f8f0002 00000000 
00000600: 9f015416 03045828 17059f00 54160328 
00000610: 38b0502b 22009f00 54140324 20b0502b 
00000620: 2a009f01 54060328 18a81705 2a87226f 
00000630: 0700a700 54180230 3000e011 81000901 
00000640: 2e1d800a 09052a21 0f055405 0f015462 
00000650: 09030000 00002a87 22750700 0f055405 
00000660: 0f0154d8 78010000 00002a87 226d0700 
00000670: 0f059405 0f0154b0 bb000000 00001ce6 
00000680: 22000600 00002a87 32030700 0f055405 
00000690: 0f015460 51000000 00001cf4 22000400 
000006a0: 00002a87 32030700 0f055405 0f015414 
000006b0: 26000000 00001cbe 22000400 00002a87 
000006c0: 32030700 0f055405 0f0154e0 14000000 
000006d0: 00002a87 22330702 0f055405 0f015442 
000006e0: 09000000 00002a87 32f60702 0f055405 
000006f0: 0f015442 04000000 00002a87 32ea0702 
00000700: 0f055405 0f015412 02000000 00002a87 
00000710: 32e40702 0f055405 0f0154c2 00000000 
00000720: 00002a87 32e20702 0f055405 0f015452 
00000730: 00000000 00002a07 3be00600 07020000 
00000740: 0f055405 0b012f00 42000004 000005f0 
00000750: 0c201025 80000002 80000100 00280000 
00000760: 00009724 54010200 00904460 e7065401 
00000770: 000c01c2 04000010 0f068401 00000f04 
00000780: 84190f01 54520000 00000000 2a073be2 
00000790: 06000702 00000f05 54050b01 2f004200 
000007a0: 00040000 05f00c20 10258000 00028000 
000007b0: 01000028 00000000 97245401 02000090 
000007c0: 4460e706 5401000c 01d40400 00100f06 
000007d0: 84010000 0f068401 00000f04 84190f01 
000007e0: 54320100 00000000 2a8732e6 07020f05 
000007f0: 54050f01 54520000 00000000 2a073be4 
00000800: 06000702 00000f05 54050b01 2f004200 
00000810: 00040000 05f00c20 10258000 00028000 
00000820: 01000028 00000000 97245401 02000090 
00000830: 4460e706 5401000c 01c20400 00100f06 
00000840: 84010000 0f048419 0f0154c2 00000000 
00000850: 00002a87 32e80702 0f055405 0f015452 
00000860: 00000000 00002a07 3be60600 07020000 
00000870: 0f055405 0b012f00 42000004 000005f0 
00000880: 0c201025 80000002 80000100 00280000 
00000890: 00009724 54010200 00904460 e7065401 
000008a0: 000c01c2 04000010 0f068401 00000f04 
000008b0: 84190f01 54520000 00000000 2a073be8 
000008c0: 06000702 00000f05 54050b01 2f004200 
000008d0: 00040000 05f00c20 10258000 00028000 
000008e0: 01000028 00000000 97245401 02000090 
000008f0: 4460e706 5401000c 01dc0400 00100f06 
00000900: 84010000 0f068401 00000f06 84010000 
00000910: 0f068401 00000f04 84190f01 54120200 
00000920: 00000000 2a8732f0 07020f05 54050f01 
00000930: 54c20000 00000000 2a8732ee 07020f05 
00000940: 54050f01 54520000 00000000 2a073bea 
00000950: 06000702 00000f05 54050b01 2f004200 
00000960: 00040000 05f00c20 10258000 00028000 
00000970: 01000028 00000000 97245401 02000090 
00000980: 4460e706 5401000c 01d40400 00100f06 
00000990: 84010000 0f048419 0f015452 00000000 
000009a0: 00002a07 3bee0600 07020000 0f055405 
000009b0: 0b012f00 42000004 000005f0 0c283025 
000009c0: 80000002 80000100 00280000 00009724 
000009d0: 54010200 08d04562 e7065401 000c01d2 
000009e0: 04000010 0f068401 00000f06 84010000 
000009f0: 0f048419 0f015432 01000000 00002a87 
00000a00: 32f20702 0f055405 0f015452 00000000 
00000a10: 00002a07 3bf00600 07020000 0f055405 
00000a20: 0b012f00 42000004 000005f0 0c283025 
00000a30: 80000002 80000100 00280000 00009724 
00000a40: 54010204 00d04562 e7065401 000c01d8 
00000a50: 04000010 0f068401 00000f04 84190f01 
00000a60: 54c20000 00000000 2a8732f4 07020f05 
00000a70: 54050f01 54520000 00000000 2a073bf2 
00000a80: 06000702 00000f05 54050b01 2f004200 
00000a90: 00040000 05f00c28 30258000 00028000 
00000aa0: 01000028 00000000 97245401 020008d0 
00000ab0: 4562e706 5401000c 01de0400 00100f06 
00000ac0: 84010000 0f048419 0f015452 00000000 
00000ad0: 00002a07 3bf40600 07020000 0f055405 
00000ae0: 0b012f00 42000004 000005f0 0c283025 
00000af0: 80000002 80000100 00280000 00009724 
00000b00: 54010200 08d04562 e7065401 000c01d6 
00000b10: 04000010 0f068401 00000f06 84010000 
00000b20: 0f068401 00000f06 84010000 0f068401 
00000b30: 00000f04 84190f01 54e20400 00000000 
00000b40: 2a872229 07020f05 54050f01 544e0200 
00000b50: 00000000 2a8732fc 07020f05 54050f01 
00000b60: 54c20000 00000000 2a8732f8 07020f05 
00000b70: 54050f01 54520000 00000000 2a073bf6 
00000b80: 06000702 00000f05 54050b01 2f004200 
00000b90: 00040000 05f00c28 30258000 00028000 
00000ba0: 01000028 00000000 97245401 020400d0 
00000bb0: 4562e706 5401000c 01de0400 00100f06 
00000bc0: 84010000 0f048419 0f015452 00000000 
00000bd0: 00002a07 3bf80600 07020000 0f055405 
00000be0: 0b012f00 42000004 000005f0 0c283025 
00000bf0: 80000002 80000100 00280000 00009724 
00000c00: 54010204 00d04562 e7065401 000c01d6 
00000c10: 04000010 0f068401 00000f06 84010000 
00000c20: 0f048419 0f01546e 01000000 00002a87 
00000c30: 32fe0702 0f055405 0f015466 00000000 
00000c40: 00002a07 3bfc0600 07020000 0f055405 
00000c50: 0f015448 00000000 00000b01 2f004200 
00000c60: 00040000 05f00c30 30258000 00028000 
00000c70: 01000028 00000000 97245402 020008d0 
00000c80: 45629704 54030208 00904460 e7065402 
00000c90: 000c01da 04000010 0f068401 00000f04 
00000ca0: 84190f01 54ea0000 00000000 3a8732fe 
00000cb0: 16020f05 54050f01 54660000 00000000 
00000cc0: 2a073bfe 06000702 00000f05 54050f01 
00000cd0: 54480000 00000000 0b012f00 42000004 
00000ce0: 000005f0 0c303025 80000002 80000100 
00000cf0: 00280000 00009724 54020208 08d04562 
00000d00: 97045403 02000090 4460e706 5402000c 
00000d10: 01da0400 00100f06 84010000 0f048419 
00000d20: 0f015466 00000000 00002a07 2b2f0600 
00000d30: 07000000 0f055405 0f015448 00000000 
00000d40: 00000b01 2f004200 00040000 05f00c30 
00000d50: 30258000 00028000 01000028 00000000 
00000d60: 97245404 020010d0 45629704 54050204 
00000d70: 00904460 e7065404 000c01ca 04000010 
00000d80: 0f068401 00000f06 84010000 0f068401 
00000d90: 00000f06 84010000 0f048419 0f015476 
00000da0: 02000000 00002a87 222d0702 0f055405 
00000db0: 0f0154ea 00000000 00002a87 222b0702 
00000dc0: 0f055405 0f015466 00000000 00002a07 
00000dd0: 2b290600 07020000 0f055405 0f015448 
00000de0: 00000000 00000b01 2f004200 00040000 
00000df0: 05f00c30 30258000 00028000 01000028 
00000e00: 00000000 97245402 020008d0 45629704 
00000e10: 54030208 00904460 e7065402 000c01ca 
00000e20: 04000010 0f068401 00000f04 84190f01 
00000e30: 54660000 00000000 2a072b2b 06000702 
00000e40: 00000f05 54050f01 54480000 00000000 
00000e50: 0b012f00 42000004 000005f0 0c303025 
00000e60: 80000002 80000100 00280000 00009724 
00000e70: 54020204 10d04562 97045403 02000090 
00000e80: 4460e706 5402000c 01ca0400 00100f06 
00000e90: 84010000 0f068401 00000f04 84190f01 
00000ea0: 546e0100 00000000 2a87222f 07020f05 
00000eb0: 54050f01 54660000 00000000 2a072b2d 
00000ec0: 06000702 00000f05 54050f01 54480000 
00000ed0: 00000000 0b012f00 42000004 000005f0 
00000ee0: 0c303025 80000002 80000100 00280000 
00000ef0: 00009724 54020204 10d04562 97045403 
00000f00: 02000090 4460e706 5402000c 01da0400 
00000f10: 00100f06 84010000 0f048419 0f0154ea 
00000f20: 00000000 00002a87 22310702 0f055405 
00000f30: 0f015466 00000000 00002a07 2b2f0600 
00000f40: 07020000 0f055405 0f015448 00000000 
00000f50: 00000b01 2f004200 00040000 05f00c38 
00000f60: 30258000 00028000 01000028 00000000 
00000f70: 97245402 020008d0 45629704 54030208 
00000f80: 18d04562 e7065402 000c01ce 04000010 
00000f90: 0f068401 00000f04 84190f01 54660000 
00000fa0: 00000000 2a072b31 06000702 00000f05 
00000fb0: 54050f01 54480000 00000000 0b012f00 
00000fc0: 42000004 000005f0 0cb83025 80000002 
00000fd0: 80000100 00280000 00009724 54020208 
00000fe0: 08d04562 97045403 020018d0 4562e706 
00000ff0: 5402000c 01ce0400 00100f06 04010000 
00001000: 0f060401 00000f06 04010000 0f060401 
00001010: 00000f06 04010000 0f060401 00000f04 
00001020: 04190f01 54800b00 00000000 2a872247 
00001030: 07020f05 54050f01 54420500 00000000 
00001040: 2a87223d 07020f05 54050f01 54860200 
00001050: 00000000 2a872337 03000702 00000000 
00001060: 20000f05 54050f01 54ea0000 00000000 
00001070: 2a872235 07020f05 54050f01 54660000 
00001080: 00000000 2a072b33 06000702 00000f05 
00001090: 54050f01 54480000 00000000 0b012f00 
000010a0: 42000004 000005f0 0c383025 80000002 
000010b0: 80000100 00280000 00009724 540a0200 
000010c0: 18d04562 9704540b 020808d0 4562e706 
000010d0: 540a000c 01ce0400 00100f06 84010000 
000010e0: 0f048419 0f015466 00000000 00002a07 
000010f0: 2b350600 07020000 0f055405 0f015448 
00001100: 00000000 00000b01 2f004200 00040000 
00001110: 05f00c38 30258000 00028000 01000028 
00001120: 00000000 9724540a 020018d0 45629704 
00001130: 540b0204 10d04562 e706540a 000c01ce 
00001140: 04000010 0f068401 00000f06 84010000 
00001150: 0f048419 0f015476 01000000 00002a87 
00001160: 22390702 0f055405 0f015466 00000000 
00001170: 00002a07 2b370600 07020000 0f055405 
00001180: 0f015448 00000000 00000b01 2f004200 
00001190: 00040000 05f00c38 30258000 00028000 
000011a0: 01000028 00000000 97245402 020418d0 
000011b0: 45629704 54030208 00d04562 e7065402 
000011c0: 000c01ce 04000010 0f068401 00000f04 
000011d0: 84190f01 54f20000 00000000 2a87223b 
000011e0: 07020f05 54050f01 54660000 00000000 
000011f0: 2a072b39 06000702 00000f05 54050f01 
00001200: 54480000 00000000 0b012f00 42000004 
00001210: 000005f0 0c383025 80000002 80000100 
00001220: 00280000 00009724 54020204 10d04562 
00001230: 97045403 020018d0 4562e706 5402000c 
00001240: 01ce0400 00100f06 84010000 0f048419 
00001250: 0f01546e 00000000 00002a07 2b3b0600 
00001260: 07020000 0f055405 0f015450 00000000 
00001270: 0000120d 2e1b0502 17055402 00040000 
00001280: f0c40400 0b012f00 42000004 000005f0 
00001290: 0c201025 a0000002 80000100 00280000 
000012a0: 00009724 54010200 00904460 e7065401 
000012b0: 000c01c2 04000010 0f068401 00000f06 
000012c0: 84010000 0f068401 00000f06 84010000 
000012d0: 0f048419 0f01549e 02000000 00002a87 
000012e0: 22410702 0f055405 0f0154fa 00000000 
000012f0: 00002a87 223f0702 0f055405 0f01546e 
00001300: 00000000 00002a07 2b3d0600 07020000 
00001310: 0f055405 0f015450 00000000 0000120d 
00001320: 2e1b0502 17055402 00040000 f0c40400 
00001330: 0b012f00 42000004 000005f0 0c201025 
00001340: a0000002 80000100 00280000 00009724 
00001350: 54010200 00904460 e7065401 000c01d4 
00001360: 04000010 0f068401 00000f04 84190f01 
00001370: 546e0000 00000000 2a072b3f 06000702 
00001380: 00000f05 54050f01 54500000 00000000 
00001390: 120d2e1b 05021705 54020004 0000f0c4 
000013a0: 04000b01 2f004200 00040000 05f00c20 
000013b0: 1025a000 00028000 01000028 00000000 
000013c0: 97245401 02000090 4460e706 5401000c 
000013d0: 01c20400 00100f06 84010000 0f068401 
000013e0: 00000f04 84190f01 54860100 00000000 
000013f0: 2a872243 07020f05 54050f01 546e0000 
00001400: 00000000 2a072b41 06000702 00000f05 
00001410: 54050f01 54500000 00000000 120d2e1b 
00001420: 05021705 54020004 0000f0c4 04000b01 
00001430: 2f004200 00040000 05f00c20 1025a000 
00001440: 00028000 01000028 00000000 97245401 
00001450: 02000090 4460e706 5401000c 01c20400 
00001460: 00100f06 84010000 0f048419 0f0154fa 
00001470: 00000000 00002a87 22450702 0f055405 
00001480: 0f01546e 00000000 00002a07 2b430600 
00001490: 07020000 0f055405 0f015450 00000000 
000014a0: 0000120d 2e1b0502 17055402 00040000 
000014b0: f0c40400 0b012f00 42000004 000005f0 
000014c0: 0c201025 a0000002 80000100 00280000 
000014d0: 00009724 54010200 00904460 e7065401 
000014e0: 000c01dc 04000010 0f068401 00000f04 
000014f0: 84190f01 546e0000 00000000 2a072b45 
00001500: 06000702 00000f05 54050f01 54500000 
00001510: 00000000 120d2e1b 05021705 54020004 
00001520: 0000f0c4 04000b01 2f004200 00040000 
00001530: 05f00c20 1025a000 00028000 01000028 
00001540: 00000000 97245401 02000090 4460e706 
00001550: 5401000c 01d40400 00100f06 84010000 
00001560: 0f068401 00000f06 84010000 0f068401 
00001570: 00000f06 84010000 0f048419 0f015420 
00001580: 06000000 00002a87 22510702 0f055405 
00001590: 0f01549e 02000000 00002a87 224b0702 
000015a0: 0f055405 0f0154fa 00000000 00002a87 
000015b0: 22490702 0f055405 0f01546e 00000000 
000015c0: 00002a07 2b470600 07020000 0f055405 
000015d0: 0f015450 00000000 0000120d 2e1b0502 
000015e0: 17055402 00040000 f0c40400 0b012f00 
000015f0: 42000004 000005f0 0c283025 a0000002 
00001600: 80000100 00280000 00009724 54010200 
00001610: 08d04562 e7065401 000c01d2 04000010 
00001620: 0f068401 00000f04 84190f01 546e0000 
00001630: 00000000 2a072b49 06000702 00000f05 
00001640: 54050f01 54500000 00000000 120d2e1b 
00001650: 05021705 54020004 0000f0c4 04000b01 
00001660: 2f004200 00040000 05f00c28 3025a000 
00001670: 00028000 01000028 00000000 97245401 
00001680: 020400d0 4562e706 5401000c 01d80400 
00001690: 00100f06 84010000 0f068401 00000f04 
000016a0: 84190f01 54860100 00000000 2a87224d 
000016b0: 07020f05 54050f01 546e0000 00000000 
000016c0: 2a072b4b 06000702 00000f05 54050f01 
000016d0: 54500000 00000000 120d2e1b 05021705 
000016e0: 54020004 0000f0c4 04000b01 2f004200 
000016f0: 00040000 05f00c28 3025a000 00028000 
00001700: 01000028 00000000 97245401 020008d0 
00001710: 4562e706 5401000c 01de0400 00100f06 
00001720: 84010000 0f048419 0f0154fa 00000000 
00001730: 00002a87 224f0702 0f055405 0f01546e 
00001740: 00000000 00002a07 2b4d0600 07020000 
00001750: 0f055405 0f015450 00000000 0000120d 
00001760: 2e1b0502 17055402 00040000 f0c40400 
00001770: 0b012f00 42000004 000005f0 0c283025 
00001780: a0000002 80000100 00280000 00009724 
00001790: 54010200 08d04562 e7065401 000c01d6 
000017a0: 04000010 0f068401 00000f04 84190f01 
000017b0: 546e0000 00000000 2a072b4f 06000702 
000017c0: 00000f05 54050f01 54500000 00000000 
000017d0: 120d2e1b 05021705 54020004 0000f0c4 
000017e0: 04000b01 2f004200 00040000 05f00c28 
000017f0: 3025a000 00028000 01000028 00000000 
00001800: 97245401 020400d0 4562e706 5401000c 
00001810: 01de0400 00100f06 84010000 0f068401 
00001820: 00000f06 84010000 0f068401 00000f04 
00001830: 84190f01 54640300 00000000 2a872257 
00001840: 07020f05 54050f01 549a0100 00000000 
00001850: 2a872253 07020f05 54050f01 546e0000 
00001860: 00000000 2a072b51 06000702 00000f05 
00001870: 54050f01 54500000 00000000 120d2e1b 
00001880: 05021705 54020004 0000f0c4 04000b01 
00001890: 2f004200 00040000 05f00c28 3025a000 
000018a0: 00028000 01000028 00000000 97245401 
000018b0: 020400d0 4562e706 5401000c 01d60400 
000018c0: 00100f06 84010000 0f048419 0f01540e 
000018d0: 01000000 00002a87 22550702 0f055405 
000018e0: 0f015478 00000000 00002a07 2b530600 
000018f0: 07020000 0f055405 0f01545a 00000000 
00001900: 0000120d 2e1b0502 17055402 00040000 
00001910: f0c40400 0b012f00 42000004 000005f0 
00001920: 0c303025 a0000002 80000100 00280000 
00001930: 00009724 54020200 08d04562 97045403 
00001940: 02080090 4460e706 5402000c 01da0400 
00001950: 00100f06 84010000 0f048419 0f015478 
00001960: 00000000 00002a07 2b550600 07020000 
00001970: 0f055405 0f01545a 00000000 0000120d 
00001980: 2e1b0502 17055402 00040000 f0c40400 
00001990: 0b012f00 42000004 000005f0 0c303025 
000019a0: a0000002 80000100 00280000 00009724 
000019b0: 54020208 08d04562 97045403 02000090 
000019c0: 4460e706 5402000c 01da0400 00100f06 
000019d0: 84010000 0f068401 00000f06 84010000 
000019e0: 0f048419 0f0154ac 01000000 00002a87 
000019f0: 22590702 0f055405 0f015478 00000000 
00001a00: 00002a07 2b570600 07020000 0f055405 
00001a10: 0f01545a 00000000 0000120d 2e1b0502 
00001a20: 17055402 00040000 f0c40400 0b012f00 
00001a30: 42000004 000005f0 0c303025 a0000002 
00001a40: 80000100 00280000 00009724 54040200 
00001a50: 10d04562 97045405 02040090 4460e706 
00001a60: 5404000c 01ca0400 00100f06 84010000 
00001a70: 0f048419 0f015416 01000000 00001cbc 
00001a80: 22000400 00002a87 22830700 0f055405 
00001a90: 0f015478 00000000 00002a07 2b590600 
00001aa0: 07020000 0f055405 0f01545a 00000000 
00001ab0: 0000120d 2e1b0502 17055402 00040000 
00001ac0: f0c40400 0b012f00 42000004 000005f0 
00001ad0: 0c303025 a0000002 80000100 00280000 
00001ae0: 00009724 54020200 08d04562 97045403 
00001af0: 02080090 4460e706 5402000c 01ca0400 
00001b00: 00100f06 84010000 0f048419 0f015478 
00001b10: 00000000 00002a07 3b030600 07000000 
00001b20: 0f055405 0f01545a 00000000 0000120d 
00001b30: 2e1b0502 17055402 00040000 f0c40400 
00001b40: 0b012f00 42000004 000005f0 0cb03025 
00001b50: a0000002 80000100 00280000 00009724 
00001b60: 54020204 10d04562 97045403 02000090 
00001b70: 4460e706 5402000c 01ca0400 00100f06 
00001b80: 04010000 0f060401 00000f06 04010000 
00001b90: 0f060401 00000f06 04010000 0f060401 
00001ba0: 00000f06 04010000 0f040419 0f01540e 
00001bb0: 11000000 00001cdd 22000400 00002a87 
00001bc0: 32030700 0f055405 0f0154e6 08000000 
00001bd0: 00001cd3 22000400 00002a87 32030700 
00001be0: 0f055405 0f015462 05000000 00001cca 
00001bf0: 22000400 00002a87 32030700 0f055405 
00001c00: 0f015410 03000000 00001cc4 22000400 
00001c10: 00002a87 32030700 0f055405 0f015426 
00001c20: 01000000 00001cc2 22000400 00002a87 
00001c30: 23830300 07000000 00002000 0f055405 
00001c40: 0f015480 00000000 00001cbe 22000400 
00001c50: 00002a07 3b030600 07000000 0f055405 
00001c60: 0f01545a 00000000 0000120d 2e1b0502 
00001c70: 17055402 00040000 f0c40400 0b012f00 
00001c80: 42000004 000005f0 0c303025 a0000002 
00001c90: 80000100 00280000 00009724 54020204 
00001ca0: 10d04562 97045403 02000090 4460e706 
00001cb0: 5402000c 01da0400 00100f06 84010000 
00001cc0: 0f048419 0f015478 00000000 00002a07 
00001cd0: 3b030600 07000000 0f055405 0f01545a 
00001ce0: 00000000 0000120d 2e1b0502 17055402 
00001cf0: 00040000 f0c40400 0b012f00 42000004 
00001d00: 000005f0 0c383025 a0000002 80000100 
00001d10: 00280000 00009724 54020200 08d04562 
00001d20: 97045403 020818d0 4562e706 5402000c 
00001d30: 01ce0400 00100f06 84010000 0f068401 
00001d40: 00000f04 84190f01 54c40100 00000000 
00001d50: 1cc62200 04000000 2a873203 07000f05 
00001d60: 54050f01 54800000 00000000 1cc42200 
00001d70: 04000000 2a073b03 06000700 00000f05 
00001d80: 54050f01 545a0000 00000000 120d2e1b 
00001d90: 05021705 54020004 0000f0c4 04000b01 
00001da0: 2f004200 00040000 05f00c38 3025a000 
00001db0: 00028000 01000028 00000000 97245402 
00001dc0: 020808d0 45629704 54030200 18d04562 
00001dd0: e7065402 000c01ce 04000010 0f068401 
00001de0: 00000f04 84190f01 541e0100 00000000 
00001df0: 1cc82200 04000000 2a872283 07000f05 
00001e00: 54050f01 54800000 00000000 1cc62200 
00001e10: 04000000 2a073b03 06000700 00000f05 
00001e20: 54050f01 545a0000 00000000 120d2e1b 
00001e30: 05021705 54020004 0000f0c4 04000b01 
00001e40: 2f004200 00040000 05f00c38 3025a000 
00001e50: 00028000 01000028 00000000 9724540a 
00001e60: 020018d0 45629704 540b0208 08d04562 
00001e70: e706540a 000c01ce 04000010 0f068401 
00001e80: 00000f04 84190f01 54780000 00000000 
00001e90: 2a073b03 06000700 00000f05 54050f01 
00001ea0: 545a0000 00000000 120d2e1b 05021705 
00001eb0: 54020004 0000f0c4 04000b01 2f004200 
00001ec0: 00040000 05f00c38 3025a000 00028000 
00001ed0: 01000028 00000000 9724540a 020018d0 
00001ee0: 45629704 540b0204 10d04562 e706540a 
00001ef0: 000c01ce 04000010 0f068401 00000f06 
00001f00: 84010000 0f068401 00000f06 84010000 
00001f10: 0f048419 0f01542c 02000000 00001cd0 
00001f20: 22000400 00002a87 32030700 0f055405 
00001f30: 0f01541e 01000000 00001ccc 22000400 
00001f40: 00002a87 22830700 0f055405 0f015480 
00001f50: 00000000 00001cca 22000400 00002a07 
00001f60: 3b030600 07000000 0f055405 0f01545a 
00001f70: 00000000 0000120d 2e1b0502 17055402 
00001f80: 00040000 f0c40400 0b012f00 42000004 
00001f90: 000005f0 0c383025 a0000002 80000100 
00001fa0: 00280000 00009724 54020204 18d04562 
00001fb0: 97045403 020800d0 4562e706 5402000c 
00001fc0: 01ce0400 00100f06 84010000 0f048419 
00001fd0: 0f015478 00000000 00002a07 3b030600 
00001fe0: 07000000 0f055405 0f01545a 00000000 
00001ff0: 0000120d 2e1b0502 17055402 00040000 
00002000: f0c40400 0b012f00 42000004 000005f0 
00002010: 0c383025 a0000002 80000100 00280000 
00002020: 00009724 54020204 10d04562 97045403 
00002030: 020018d0 4562e706 5402000c 01ce0400 
00002040: 00100f06 84010000 0f068401 00000f04 
00002050: 84190f01 54e80000 00000000 1cd12200 
00002060: 04000000 2a073203 07000f05 54052b01 
00002070: 2f004200 00040000 05f20c20 10258000 
00002080: 00028000 01000028 00000000 97245401 
00002090: 02000090 44c0e706 5401000c 01c20400 
000020a0: 00100f04 84190f01 548e0000 00000000 
000020b0: 1cd22200 04000000 2a073a03 07000f05 
000020c0: 54052b01 2f004200 00040000 05f20c20 
000020d0: 10258000 00028000 01000028 00000000 
000020e0: 97245401 02000090 4420e706 5401000c 
000020f0: 01c20400 00100f04 84192b01 2f004200 
00002100: 00040000 05f20c20 10258000 00028000 
00002110: 01000028 00000000 97245401 02000090 
00002120: 44c0e706 5401000c 01d40400 00100f06 
00002130: 84010000 0f068401 00000f06 84010000 
00002140: 0f068401 00000f04 84190f01 545e0300 
00002150: 00000000 1cd82200 04000000 2a873203 
00002160: 07000f05 54050f01 549c0100 00000000 
00002170: 1cd52200 04000000 2a873203 07000f05 
00002180: 54050f01 548e0000 00000000 1cd42200 
00002190: 04000000 2a073a03 07000f05 54052b01 
000021a0: 2f004200 00040000 05f20c20 10258000 
000021b0: 00028000 01000028 00000000 97245401 
000021c0: 02000090 4420e706 5401000c 01d40400 
000021d0: 00100f04 84192b01 2f004200 00040000 
000021e0: 05f20c20 10258000 00028000 01000028 
000021f0: 00000000 97245401 02000090 44c0e706 
00002200: 5401000c 01c20400 00100f06 84010000 
00002210: 0f048419 0f0154e8 00000000 00001cd6 
00002220: 22000400 00002a07 32030700 0f055405 
00002230: 2b012f00 42000004 000005f2 0c201025 
00002240: 80000002 80000100 00280000 00009724 
00002250: 54010200 00904420 e7065401 000c01c2 
00002260: 04000010 0f048419 0f01548e 00000000 
00002270: 00001cd7 22000400 00002a07 3a030700 
00002280: 0f055405 2b012f00 42000004 000005f2 
00002290: 0c201025 80000002 80000100 00280000 
000022a0: 00009724 54010200 009044c0 e7065401 
000022b0: 000c01c2 04000010 0f048419 2b012f00 
000022c0: 42000004 000005f2 0c201025 80000002 
000022d0: 80000100 00280000 00009724 54010200 
000022e0: 00904420 e7065401 000c01c2 04000010 
000022f0: 0f068401 00000f06 84010000 0f068401 
00002300: 00000f04 84190f01 549c0100 00000000 
00002310: 1cda2200 04000000 2a873203 07000f05 
00002320: 54050f01 548e0000 00000000 1cd92200 
00002330: 04000000 2a073a03 07000f05 54052b01 
00002340: 2f004200 00040000 05f20c20 10258000 
00002350: 00028000 01000028 00000000 97245401 
00002360: 02000090 44c0e706 5401000c 01dc0400 
00002370: 00100f04 84192b01 2f004200 00040000 
00002380: 05f20c20 10258000 00028000 01000028 
00002390: 00000000 97245401 02000090 4400e706 
000023a0: 5401000c 01dc0400 00100f06 84010000 
000023b0: 0f048419 0f0154e8 00000000 00001cdb 
000023c0: 22000400 00002a07 32030700 0f055405 
000023d0: 2b012f00 42000004 000005f2 0c201025 
000023e0: 80000002 80000100 00280000 00009724 
000023f0: 54010200 009044c0 e7065401 000c01d4 
00002400: 04000010 0f048419 0f01548e 00000000 
00002410: 00001cdc 22000400 00002a07 3a030700 
00002420: 0f055405 2b012f00 42000004 000005f2 
00002430: 0c201025 80000002 80000100 00280000 
00002440: 00009724 54010200 00904420 e7065401 
00002450: 000c01d4 04000010 0f048419 2b012f00 
00002460: 42000004 000005f2 0c381025 80000002 
00002470: 80000100 00280000 00009724 54010200 
00002480: 009044c0 e7065401 000c01c2 04000010 
00002490: 0f068401 00000f06 84010000 0f068401 
000024a0: 00000f06 84010000 0f068401 00000f04 
000024b0: 84190f01 54020800 00000000 1ce72200 
000024c0: 04000000 2a873203 07000f05 54050f01 
000024d0: 545e0300 00000000 1ce22200 04000000 
000024e0: 2a873203 07000f05 54050f01 549c0100 
000024f0: 00000000 1cdf2200 04000000 2a873203 
00002500: 07000f05 54050f01 548e0000 00000000 
00002510: 1cde2200 04000000 2a073a03 07000f05 
00002520: 54052b01 2f004200 00040000 05f20c38 
00002530: 10258000 00028000 01000028 00000000 
00002540: 97245401 02000090 4420e706 5401000c 
00002550: 01c20400 00100f04 84192b01 2f004200 
00002560: 00040000 05f20c28 30258000 00028000 
00002570: 01000028 00000000 97245401 020008d0 
00002580: 45c2e706 5401000c 01d20400 00100f06 
00002590: 84010000 0f048419 0f0154e8 00000000 
000025a0: 00001ce0 22000400 00002a07 32030700 
000025b0: 0f055405 2b012f00 42000004 000005f2 
000025c0: 0c283025 80000002 80000100 00280000 
000025d0: 00009724 54010200 08d04522 e7065401 
000025e0: 000c01d2 04000010 0f048419 0f01548e 
000025f0: 00000000 00001ce1 22000400 00002a07 
00002600: 3a030700 0f055405 2b012f00 42000004 
00002610: 000005f2 0c283025 80000002 80000100 
00002620: 00280000 00009724 54010204 00d045c2 
00002630: e7065401 000c01d8 04000010 0f048419 
00002640: 2b012f00 42000004 000005f2 0c283025 
00002650: 80000002 80000100 00280000 00009724 
00002660: 54010204 00d04522 e7065401 000c01d8 
00002670: 04000010 0f068401 00000f06 84010000 
00002680: 0f068401 00000f04 84190f01 549c0100 
00002690: 00000000 1ce42200 04000000 2a873203 
000026a0: 07000f05 54050f01 548e0000 00000000 
000026b0: 1ce32200 04000000 2a073a03 07000f05 
000026c0: 54052b01 2f004200 00040000 05f20c28 
000026d0: 30258000 00028000 01000028 00000000 
000026e0: 97245401 020008d0 45c2e706 5401000c 
000026f0: 01de0400 00100f04 84192b01 2f004200 
00002700: 00040000 05f20c28 30258000 00028000 
00002710: 01000028 00000000 97245401 020008d0 
00002720: 45a2e706 5401000c 01de0400 00100f06 
00002730: 84010000 0f048419 0f0154e8 00000000 
00002740: 00001ce5 22000400 00002a07 32030700 
00002750: 0f055405 2b012f00 42000004 000005f2 
00002760: 0c283025 80000002 80000100 00280000 
00002770: 00009724 54010200 08d045c2 e7065401 
00002780: 000c01d6 04000010 0f048419 0f01548e 
00002790: 00000000 00001ce6 22000400 00002a07 
000027a0: 3a030700 0f055405 2b012f00 42000004 
000027b0: 000005f2 0c283025 80000002 80000100 
000027c0: 00280000 00009724 54010200 08d04522 
000027d0: e7065401 000c01d6 04000010 0f048419 
000027e0: 2b012f00 42000004 000005f2 0c283025 
000027f0: 80000002 80000100 00280000 00009724 
00002800: 54010204 00d045c2 e7065401 000c01de 
00002810: 04000010 0f068401 00000f06 84010000 
00002820: 0f068401 00000f06 84010000 0f048419 
00002830: 0f01547e 04000000 00001cee 22000400 
00002840: 00002a87 32030700 0f055405 0f0154ea 
00002850: 01000000 00001ce9 22000400 00002a87 
00002860: 32030700 0f055405 0f01548e 00000000 
00002870: 00001ce8 22000400 00002a07 3a030700 
00002880: 0f055405 2b012f00 42000004 000005f2 
00002890: 0c283025 80000002 80000100 00280000 
000028a0: 00009724 54010204 00d045a2 e7065401 
000028b0: 000c01de 04000010 0f048419 2b012f00 
000028c0: 42000004 000005f2 0c283025 80000002 
000028d0: 80000100 00280000 00009724 54010204 
000028e0: 00d045c2 e7065401 000c01d6 04000010 
000028f0: 0f068401 00000f04 84190f01 54360100 
00002900: 00000000 1cec2200 04000000 2a873203 
00002910: 07000f05 54050f01 545a0000 00000000 
00002920: 1ce92200 04000000 2a073b03 06000700 
00002930: 00000f05 54052b01 2f004200 00040000 
00002940: 05f20c28 30258000 00028000 01000028 
00002950: 00000000 97245401 020400d0 4522e706 
00002960: 5401000c 01d60400 00100f06 84010000 
00002970: 0f048419 0f0154b6 00000000 00001ced 
00002980: 22000400 00002a07 3a030700 0f055405 
00002990: 0f015448 00000000 00002b01 2f004200 
000029a0: 00040000 05f20c30 30258000 00028000 
000029b0: 01000028 00000000 97245402 020008d0 
000029c0: 45c29704 54030208 009044c0 e7065402 
000029d0: 000c01da 04000010 0f048419 0f015448 
000029e0: 00000000 00002b01 2f004200 00040000 
000029f0: 05f20c30 30258000 00028000 01000028 
00002a00: 00000000 97245402 020008d0 45229704 
00002a10: 54030208 009044a0 e7065402 000c01da 
00002a20: 04000010 0f068401 00000f06 84010000 
00002a30: 0f068401 00000f04 84190f01 546e0200 
00002a40: 00000000 1cf12200 04000000 2a873203 
00002a50: 07000f05 54050f01 54240100 00000000 
00002a60: 1cef2200 04000000 2a073203 07000f05 
00002a70: 54050f01 54480000 00000000 2b012f00 
00002a80: 42000004 000005f2 0c303025 80000002 
00002a90: 80000100 00280000 00009724 54020208 
00002aa0: 08d045c2 97045403 02000090 44c0e706 
00002ab0: 5402000c 01da0400 00100f04 84190f01 
00002ac0: 54b60000 00000000 1cf02200 04000000 
00002ad0: 2a073a03 07000f05 54050f01 54480000 
00002ae0: 00000000 2b012f00 42000004 000005f2 
00002af0: 0c303025 80000002 80000100 00280000 
00002b00: 00009724 54020208 08d04522 97045403 
00002b10: 02000090 44a0e706 5402000c 01da0400 
00002b20: 00100f04 84190f01 54480000 00000000 
00002b30: 2b012f00 42000004 000005f2 0c303025 
00002b40: 80000002 80000100 00280000 00009724 
00002b50: 54040200 10d045c2 97045405 02040090 
00002b60: 44c0e706 5404000c 01ca0400 00100f06 
00002b70: 84010000 0f068401 00000f04 84190f01 
00002b80: 54240100 00000000 1cf22200 04000000 
00002b90: 2a073203 07000f05 54050f01 54480000 
00002ba0: 00000000 2b012f00 42000004 000005f2 
00002bb0: 0c303025 80000002 80000100 00280000 
00002bc0: 00009724 54040200 10d04522 97045405 
00002bd0: 02040090 4400e706 5404000c 01ca0400 
00002be0: 00100f04 84190f01 54b60000 00000000 
00002bf0: 1cf32200 04000000 2a073a03 07000f05 
00002c00: 54050f01 54480000 00000000 2b012f00 
00002c10: 42000004 000005f2 0c303025 80000002 
00002c20: 80000100 00280000 00009724 54020200 
00002c30: 08d045c2 97045403 02080090 44c0e706 
00002c40: 5402000c 01ca0400 00100f04 84190f01 
00002c50: 54480000 00000000 2b012f00 42000004 
00002c60: 000005f2 0cb03025 80000002 80000100 
00002c70: 00280000 00009724 54020200 08d04522 
00002c80: 97045403 02080090 4400e706 5402000c 
00002c90: 01ca0400 00100f06 04010000 0f060401 
00002ca0: 00000f06 04010000 0f060401 00000f06 
00002cb0: 04010000 0f060401 00000f06 04010000 
00002cc0: 0f040419 0f015426 2b000000 00001ca1 
00002cd0: 22000600 00002a87 32030700 0f055405 
00002ce0: 0f01548c 12000000 00001c8c 22000600 
00002cf0: 00002a87 32030700 0f055405 0f0154de 
00002d00: 08000000 00001c80 22000600 00002a87 
00002d10: 32030700 0f055405 0f01544c 04000000 
00002d20: 00001cfb 22000400 00002a87 32030700 
00002d30: 0f055405 0f019426 02000000 00001cf6 
00002d40: 22000400 00002a87 32030700 0f055405 
00002d50: 0f0154b6 00000000 00001cf5 22000400 
00002d60: 00002a07 3a030700 0f055405 0f015448 
00002d70: 00000000 00002b01 2f004200 00040000 
00002d80: 05f20c30 30258000 00028000 01000028 
00002d90: 00000000 97245402 020410d0 45c29704 
00002da0: 54030200 009044c0 e7065402 000c01ca 
00002db0: 04000010 0f048419 0f015448 00000000 
00002dc0: 00002b01 2f004200 00040000 05f20c30 
00002dd0: 30258000 00028000 01000028 00000000 
00002de0: 97245402 020410d0 45229704 54030200 
00002df0: 00904400 e7065402 000c01ca 04000010 
00002e00: 0f068401 00000f04 84190f01 544a0100 
00002e10: 00000000 1cf72200 04000000 2a073203 
00002e20: 07000f05 54050f01 54480000 00000000 
00002e30: 2b012f00 42000004 000005f2 0c303025 
00002e40: 80000002 80000100 00280000 00009724 
00002e50: 54020204 10d045c2 97045403 02000090 
00002e60: 44c0e706 5402000c 01da0400 00100f04 
00002e70: 84190f01 54dc0000 00000000 1cfa2200 
00002e80: 04000000 2a873203 07000f05 54050f01 
00002e90: 546e0000 00000000 1cf72200 04000000 
00002ea0: 2a073b03 06000700 00000f05 54050f01 
00002eb0: 54480000 00000000 2b012f00 42000004 
00002ec0: 000005f2 0c303025 80000002 80000100 
00002ed0: 00280000 00009724 54020204 10d04522 
00002ee0: 97045403 02000090 44a0e706 5402000c 
00002ef0: 01da0400 00100f06 84010000 0f048419 
00002f00: 0f015448 00000000 00002b01 2f004200 
00002f10: 00040000 05f20c38 30258000 00028000 
00002f20: 01000028 00000000 97245402 020008d0 
00002f30: 45c29704 54030208 18d045c2 e7065402 
00002f40: 000c01ce 04000010 0f068401 00000f06 
00002f50: 84010000 0f068401 00000f04 84190f01 
00002f60: 54000200 00000000 1cfd2200 04000000 
00002f70: 2a873203 07000f05 54050f01 54b60000 
00002f80: 00000000 1cfc2200 04000000 2a073a03 
00002f90: 07000f05 54050f01 54480000 00000000 
00002fa0: 2b012f00 42000004 000005f2 0c383025 
00002fb0: 80000002 80000100 00280000 00009724 
00002fc0: 54020200 08d04522 97045403 020818d0 
00002fd0: 45a2e706 5402000c 01ce0400 00100f04 
00002fe0: 84190f01 54480000 00000000 2b012f00 
00002ff0: 42000004 000005f2 0c383025 80000002 
00003000: 80000100 00280000 00009724 54020208 
00003010: 08d045c2 97045403 020018d0 45c2e706 
00003020: 5402000c 01ce0400 00100f06 84010000 
00003030: 0f048419 0f015424 01000000 00001cfe 
00003040: 22000400 00002a07 32030700 0f055405 
00003050: 0f015448 00000000 00002b01 2f004200 
00003060: 00040000 05f20c38 30258000 00028000 
00003070: 01000028 00000000 97245402 020808d0 
00003080: 45229704 54030200 18d045a2 e7065402 
00003090: 000c01ce 04000010 0f048419 0f0154b6 
000030a0: 00000000 00001cff 22000400 00002a07 
000030b0: 3a030700 0f055405 0f015448 00000000 
000030c0: 00002b01 2f004200 00040000 05f20c38 
000030d0: 30258000 00028000 01000028 00000000 
000030e0: 9724540a 020018d0 45c29704 540b0208 
000030f0: 08d045c2 e706540a 000c01ce 04000010 
00003100: 0f048419 0f015448 00000000 00002b01 
00003110: 2f004200 00040000 05f20c38 30258000 
00003120: 00028000 01000028 00000000 9724540a 
00003130: 020018d0 45229704 540b0208 08d045a2 
00003140: e706540a 000c01ce 04000010 0f068401 
00003150: 00000f06 84010000 0f068401 00000f06 
00003160: 84010000 0f048419 0f01546c 04000000 
00003170: 00001c85 22000600 00002a87 32030700 
00003180: 0f055405 0f015400 02000000 00001c82 
00003190: 22000600 00002a87 32030700 0f055405 
000031a0: 0f0154b6 00000000 00001c81 22000600 
000031b0: 00002a07 3a030700 0f055405 0f015448 
000031c0: 00000000 00002b01 2f004200 00040000 
000031d0: 05f20c38 30258000 00028000 01000028 
000031e0: 00000000 9724540a 020018d0 45c29704 
000031f0: 540b0204 10d045c2 e706540a 000c01ce 
00003200: 04000010 0f048419 0f015448 00000000 
00003210: 00002b01 2f004200 00040000 05f20c38 
00003220: 30258000 00028000 01000028 00000000 
00003230: 9724540a 020018d0 45229704 540b0204 
00003240: 10d045a2 e706540a 000c01ce 04000010 
00003250: 0f068401 00000f04 84190f01 54240100 
00003260: 00000000 1c832200 06000000 2a073203 
00003270: 07000f05 54050f01 54480000 00000000 
00003280: 2b012f00 42000004 000005f2 0c383025 
00003290: 80000002 80000100 00280000 00009724 
000032a0: 54020204 18d045c2 97045403 020800d0 
000032b0: 45c2e706 5402000c 01ce0400 00100f04 
000032c0: 84190f01 54b60000 00000000 1c842200 
000032d0: 06000000 2a073a03 07000f05 54050f01 
000032e0: 54480000 00000000 2b012f00 42000004 
000032f0: 000005f2 0c383025 80000002 80000100 
00003300: 00280000 00009724 54020204 18d04522 
00003310: 97045403 020800d0 45a2e706 5402000c 
00003320: 01ce0400 00100f04 84190f01 54480000 
00003330: 00000000 2b012f00 42000004 000005f2 
00003340: 0c383025 80000002 80000100 00280000 
00003350: 00009724 54020204 10d045c2 97045403 
00003360: 020018d0 45c2e706 5402000c 01ce0400 
00003370: 00100f06 84010000 0f068401 00000f06 
00003380: 84010000 0f048419 0f015446 02000000 
00003390: 00001c89 22000600 00002a87 32030700 
000033a0: 0f055405 0f0154e4 00000000 00001c88 
000033b0: 22000600 00002a87 32030700 0f055405 
000033c0: 0f01546e 00000000 00001c85 22000600 
000033d0: 00002a07 3b030600 07000000 0f055405 
000033e0: 0f015448 00000000 00002b01 2f004200 
000033f0: 00040000 05f20c38 30258000 00028000 
00003400: 01000028 00000000 97245402 020410d0 
00003410: 45229704 54030200 18d045a2 e7065402 
00003420: 000c01ce 04000010 0f068401 00000f04 
00003430: 84190f01 54500000 00000000 120d2e1b 
00003440: 05021705 54020004 0000f0c4 04000b01 
00003450: 2f004200 00040000 05f00c20 1025a000 
00003460: 00028000 01000028 00000000 97245401 
00003470: 02000090 44c0e706 5401000c 01c20400 
00003480: 00100f06 84010000 0f048419 0f01543c 
00003490: 01000000 00001c8a 22000600 00002a07 
000034a0: 32030700 0f055405 0f015450 00000000 
000034b0: 0000120d 2e1b0502 17055402 00040000 
000034c0: f0c40400 0b012f00 42000004 000005f0 
000034d0: 0c201025 a0000002 80000100 00280000 
000034e0: 00009724 54010200 00904420 e7065401 
000034f0: 000c01c2 04000010 0f048419 0f0154c6 
00003500: 00000000 00001c8b 22000600 00002a07 
00003510: 3a030700 0f055405 0f015450 00000000 
00003520: 0000120d 2e1b0502 17055402 00040000 
00003530: f0c40400 0b012f00 42000004 000005f0 
00003540: 0c201025 a0000002 80000100 00280000 
00003550: 00009724 54010200 009044c0 e7065401 
00003560: 000c01d4 04000010 0f048419 0f015450 
00003570: 00000000 0000120d 2e1b0502 17055402 
00003580: 00040000 f0c40400 0b012f00 42000004 
00003590: 000005f0 0c201025 a0000002 80000100 
000035a0: 00280000 00009724 54010200 00904420 
000035b0: e7065401 000c01d4 04000010 0f068401 
000035c0: 00000f06 84010000 0f068401 00000f06 
000035d0: 84010000 0f068401 00000f04 84190f01 
000035e0: 54880900 00000000 1c962200 06000000 
000035f0: 2a873203 07000f05 54050f01 54760400 
00003600: 00000000 1c912200 06000000 2a873203 
00003610: 07000f05 54050f01 54280200 00000000 
00003620: 1c8e2200 06000000 2a873203 07000f05 
00003630: 54050f01 54c60000 00000000 1c8d2200 
00003640: 06000000 2a073a03 07000f05 54050f01 
00003650: 54500000 00000000 120d2e1b 05021705 
00003660: 54020004 0000f0c4 04000b01 2f004200 
00003670: 00040000 05f00c20 1025a000 00028000 
00003680: 01000028 00000000 97245401 02000090 
00003690: 44c0e706 5401000c 01c20400 00100f04 
000036a0: 84190f01 54500000 00000000 120d2e1b 
000036b0: 05021705 54020004 0000f0c4 04000b01 
000036c0: 2f004200 00040000 05f00c20 1025a000 
000036d0: 00028000 01000028 00000000 97245401 
000036e0: 02000090 4420e706 5401000c 01c20400 
000036f0: 00100f06 84010000 0f048419 0f01543c 
00003700: 01000000 00001c8f 22000600 00002a07 
00003710: 32030700 0f055405 0f015450 00000000 
00003720: 0000120d 2e1b0502 17055402 00040000 
00003730: f0c40400 0b012f00 42000004 000005f0 
00003740: 0c201025 a0000002 80000100 00280000 
00003750: 00009724 54010200 009044c0 e7065401 
00003760: 000c01c2 04000010 0f048419 0f0154c6 
00003770: 00000000 00001c90 22000600 00002a07 
00003780: 3a030700 0f055405 0f015450 00000000 
00003790: 0000120d 2e1b0502 17055402 00040000 
000037a0: f0c40400 0b012f00 42000004 000005f0 
000037b0: 0c201025 a0000002 80000100 00280000 
000037c0: 00009724 54010200 00904420 e7065401 
000037d0: 000c01c2 04000010 0f048419 0f015450 
000037e0: 00000000 0000120d 2e1b0502 17055402 
000037f0: 00040000 f0c40400 0b012f00 42000004 
00003800: 000005f0 0c201025 a0000002 80000100 
00003810: 00280000 00009724 54010200 009044c0 
00003820: e7065401 000c01dc 04000010 0f068401 
00003830: 00000f06 84010000 0f068401 00000f04 
00003840: 84190f01 54280200 00000000 1c932200 
00003850: 06000000 2a873203 07000f05 54050f01 
00003860: 54c60000 00000000 1c922200 06000000 
00003870: 2a073a03 07000f05 54050f01 54500000 
00003880: 00000000 120d2e1b 05021705 54020004 
00003890: 0000f0c4 04000b01 2f004200 00040000 
000038a0: 05f00c20 1025a000 00028000 01000028 
000038b0: 00000000 97245401 02000090 4400e706 
000038c0: 5401000c 01dc0400 00100f04 84190f01 
000038d0: 54500000 00000000 120d2e1b 05021705 
000038e0: 54020004 0000f0c4 04000b01 2f004200 
000038f0: 00040000 05f00c20 1025a000 00028000 
00003900: 01000028 00000000 97245401 02000090 
00003910: 44c0e706 5401000c 01d40400 00100f06 
00003920: 84010000 0f048419 0f01543c 01000000 
00003930: 00001c94 22000600 00002a07 32030700 
00003940: 0f055405 0f015450 00000000 0000120d 
00003950: 2e1b0502 17055402 00040000 f0c40400 
00003960: 0b012f00 42000004 000005f0 0c201025 
00003970: a0000002 80000100 00280000 00009724 
00003980: 54010200 00904420 e7065401 000c01d4 
00003990: 04000010 0f048419 0f0154c6 00000000 
000039a0: 00001c95 22000600 00002a07 3a030700 
000039b0: 0f055405 0f015450 00000000 0000120d 
000039c0: 2e1b0502 17055402 00040000 f0c40400 
000039d0: 0b012f00 42000004 000005f0 0c381025 
000039e0: a0000002 80000100 00280000 00009724 
000039f0: 54010200 009044c0 e7065401 000c01c2 
00003a00: 04000010 0f048419 0f015450 00000000 
00003a10: 0000120d 2e1b0502 17055402 00040000 
00003a20: f0c40400 0b012f00 42000004 000005f0 
00003a30: 0c381025 a0000002 80000100 00280000 
00003a40: 00009724 54010200 00904420 e7065401 
00003a50: 000c01c2 04000010 0f068401 00000f06 
00003a60: 84010000 0f068401 00000f06 84010000 
00003a70: 0f048419 0f0154ec 04000000 00001c9b 
00003a80: 22000600 00002a87 32030700 0f055405 
00003a90: 0f015428 02000000 00001c98 22000600 
00003aa0: 00002a87 32030700 0f055405 0f0154c6 
00003ab0: 00000000 00001c97 22000600 00002a07 
00003ac0: 3a030700 0f055405 0f015450 00000000 
00003ad0: 0000120d 2e1b0502 17055402 00040000 
00003ae0: f0c40400 0b012f00 42000004 000005f0 
00003af0: 0c283025 a0000002 80000100 00280000 
00003b00: 00009724 54010200 08d045c2 e7065401 
00003b10: 000c01d2 04000010 0f048419 0f015450 
00003b20: 00000000 0000120d 2e1b0502 17055402 
00003b30: 00040000 f0c40400 0b012f00 42000004 
00003b40: 000005f0 0c283025 a0000002 80000100 
00003b50: 00280000 00009724 54010200 08d04522 
00003b60: e7065401 000c01d2 04000010 0f068401 
00003b70: 00000f04 84190f01 543c0100 00000000 
00003b80: 1c992200 06000000 2a073203 07000f05 
00003b90: 54050f01 54500000 00000000 120d2e1b 
00003ba0: 05021705 54020004 0000f0c4 04000b01 
00003bb0: 2f004200 00040000 05f00c28 3025a000 
00003bc0: 00028000 01000028 00000000 97245401 
00003bd0: 020400d0 45c2e706 5401000c 01d80400 
00003be0: 00100f04 84190f01 54c60000 00000000 
00003bf0: 1c9a2200 06000000 2a073a03 07000f05 
00003c00: 54050f01 54500000 00000000 120d2e1b 
00003c10: 05021705 54020004 0000f0c4 04000b01 
00003c20: 2f004200 00040000 05f00c28 3025a000 
00003c30: 00028000 01000028 00000000 97245401 
00003c40: 020400d0 4522e706 5401000c 01d80400 
00003c50: 00100f04 84190f01 54500000 00000000 
00003c60: 120d2e1b 05021705 54020004 0000f0c4 
00003c70: 04000b01 2f004200 00040000 05f00c28 
00003c80: 3025a000 00028000 01000028 00000000 
00003c90: 97245401 020008d0 45c2e706 5401000c 
00003ca0: 01de0400 00100f06 84010000 0f068401 
00003cb0: 00000f06 84010000 0f048419 0f01549e 
00003cc0: 02000000 00001c9e 22000600 00002a87 
00003cd0: 32030700 0f055405 0f01543c 01000000 
00003ce0: 00001c9c 22000600 00002a07 32030700 
00003cf0: 0f055405 0f015450 00000000 0000120d 
00003d00: 2e1b0502 17055402 00040000 f0c40400 
00003d10: 0b012f00 42000004 000005f0 0c283025 
00003d20: a0000002 80000100 00280000 00009724 
00003d30: 54010200 08d045a2 e7065401 000c01de 
00003d40: 04000010 0f048419 0f0154c6 00000000 
00003d50: 00001c9d 22000600 00002a07 3a030700 
00003d60: 0f055405 0f015450 00000000 0000120d 
00003d70: 2e1b0502 17055402 00040000 f0c40400 
00003d80: 0b012f00 42000004 000005f0 0c283025 
00003d90: a0000002 80000100 00280000 00009724 
00003da0: 54010200 08d045c2 e7065401 000c01d6 
00003db0: 04000010 0f048419 0f015450 00000000 
00003dc0: 0000120d 2e1b0502 17055402 00040000 
00003dd0: f0c40400 0b012f00 42000004 000005f0 
00003de0: 0c283025 a0000002 80000100 00280000 
00003df0: 00009724 54010200 08d04522 e7065401 
00003e00: 000c01d6 04000010 0f068401 00000f06 
00003e10: 84010000 0f048419 0f01543c 01000000 
00003e20: 00001c9f 22000600 00002a07 32030700 
00003e30: 0f055405 0f015450 00000000 0000120d 
00003e40: 2e1b0502 17055402 00040000 f0c40400 
00003e50: 0b012f00 42000004 000005f0 0c283025 
00003e60: a0000002 80000100 00280000 00009724 
00003e70: 54010204 00d045c2 e7065401 000c01de 
00003e80: 04000010 0f048419 0f0154c6 00000000 
00003e90: 00001ca0 22000600 00002a07 3a030700 
00003ea0: 0f055405 0f015450 00000000 0000120d 
00003eb0: 2e1b0502 17055402 00040000 f0c40400 
00003ec0: 0b012f00 42000004 000005f0 0c283025 
00003ed0: a0000002 80000100 00280000 00009724 
00003ee0: 54010204 00d045a2 e7065401 000c01de 
00003ef0: 04000010 0f048419 0f015450 00000000 
00003f00: 0000120d 2e1b0502 17055402 00040000 
00003f10: f0c40400 0b012f00 42000004 000005f0 
00003f20: 0ca83025 a0000002 80000100 00280000 
00003f30: 00009724 54010204 00d045c2 e7065401 
00003f40: 000c01d6 04000010 0f060401 00000f06 
00003f50: 04010000 0f060401 00000f06 04010000 
00003f60: 0f060401 00000f06 04010000 0f040419 
00003f70: 0f015474 18000000 00001cba 22000600 
00003f80: 00002a87 32030700 0f055405 0f0154a4 
00003f90: 0a000000 00001cad 22000600 00002a87 
00003fa0: 32030700 0f055405 0f0154fe 04000000 
00003fb0: 00001ca8 22000600 00002a87 32030700 
00003fc0: 0f055405 0f01547e 02000000 00001ca5 
00003fd0: 22000600 00002a87 32030700 0f055405 
00003fe0: 0f0154fe 00000000 00001ca4 22000600 
00003ff0: 00002a87 33030300 07000000 00002000 
00004000: 0f055405 0f015476 00000000 00001ca1 
00004010: 22000600 00002a07 3b030600 07000000 
00004020: 0f055405 0f015450 00000000 0000120d 
00004030: 2e1b0502 17055402 00040000 f0c40400 
00004040: 0b012f00 42000004 000005f0 0c283025 
00004050: a0000002 80000100 00280000 00009724 
00004060: 54010204 00d04522 e7065401 000c01d6 
00004070: 04000010 0f068401 00000f04 84190f01 
00004080: 545a0000 00000000 120d2e1b 05021705 
00004090: 54020004 0000f0c4 04000b01 2f004200 
000040a0: 00040000 05f00c30 3025a000 00028000 
000040b0: 01000028 00000000 97245402 020008d0 
000040c0: 45c29704 54030208 009044c0 e7065402 
000040d0: 000c01da 04000010 0f068401 00000f04 
000040e0: 84190f01 545a0100 00000000 1ca62200 
000040f0: 06000000 2a073203 07000f05 54050f01 
00004100: 545a0000 00000000 120d2e1b 05021705 
00004110: 54020004 0000f0c4 04000b01 2f004200 
00004120: 00040000 05f00c30 3025a000 00028000 
00004130: 01000028 00000000 97245402 020008d0 
00004140: 45229704 54030208 009044a0 e7065402 
00004150: 000c01da 04000010 0f048419 0f0154da 
00004160: 00000000 00001ca7 22000600 00002a07 
00004170: 3a030700 0f055405 0f01545a 00000000 
00004180: 0000120d 2e1b0502 17055402 00040000 
00004190: f0c40400 0b012f00 42000004 000005f0 
000041a0: 0c303025 a0000002 80000100 00280000 
000041b0: 00009724 54020208 08d045c2 97045403 
000041c0: 02000090 44c0e706 5402000c 01da0400 
000041d0: 00100f04 84190f01 545a0000 00000000 
000041e0: 120d2e1b 05021705 54020004 0000f0c4 
000041f0: 04000b01 2f004200 00040000 05f00c30 
00004200: 3025a000 00028000 01000028 00000000 
00004210: 97245402 020808d0 45229704 54030200 
00004220: 009044a0 e7065402 000c01da 04000010 
00004230: 0f068401 00000f06 84010000 0f068401 
00004240: 00000f04 84190f01 545a0200 00000000 
00004250: 1caa2200 06000000 2a873203 07000f05 
00004260: 54050f01 54da0000 00000000 1ca92200 
00004270: 06000000 2a073a03 07000f05 54050f01 
00004280: 545a0000 00000000 120d2e1b 05021705 
00004290: 54020004 0000f0c4 04000b01 2f004200 
000042a0: 00040000 05f00c30 3025a000 00028000 
000042b0: 01000028 00000000 97245404 020010d0 
000042c0: 45c29704 54050204 009044c0 e7065404 
000042d0: 000c01ca 04000010 0f048419 0f01545a 
000042e0: 00000000 0000120d 2e1b0502 17055402 
000042f0: 00040000 f0c40400 0b012f00 42000004 
00004300: 000005f0 0c303025 a0000002 80000100 
00004310: 00280000 00009724 54040200 10d04522 
00004320: 97045405 02040090 4400e706 5404000c 
00004330: 01ca0400 00100f06 84010000 0f048419 
00004340: 0f01545a 01000000 00001cab 22000600 
00004350: 00002a07 32030700 0f055405 0f01545a 
00004360: 00000000 0000120d 2e1b0502 17055402 
00004370: 00040000 f0c40400 0b012f00 42000004 
00004380: 000005f0 0c303025 a0000002 80000100 
00004390: 00280000 00009724 54020200 08d045c2 
000043a0: 97045403 02080090 44c0e706 5402000c 
000043b0: 01ca0400 00100f04 84190f01 54da0000 
000043c0: 00000000 1cac2200 06000000 2a073a03 
000043d0: 07000f05 54050f01 545a0000 00000000 
000043e0: 120d2e1b 05021705 54020004 0000f0c4 
000043f0: 04000b01 2f004200 00040000 05f00c30 
00004400: 3025a000 00028000 01000028 00000000 
00004410: 97245402 020008d0 45229704 54030208 
00004420: 00904400 e7065402 000c01ca 04000010 
00004430: 0f048419 0f01545a 00000000 0000120d 
00004440: 2e1b0502 17055402 00040000 f0c40400 
00004450: 0b012f00 42000004 000005f0 0c303025 
00004460: a0000002 80000100 00280000 00009724 
00004470: 54020204 10d045c2 97045403 02000090 
00004480: 44c0e706 5402000c 01ca0400 00100f06 
00004490: 84010000 0f068401 00000f06 84010000 
000044a0: 0f068401 00000f04 84190f01 54800500 
000044b0: 00000000 1cb42200 06000000 2a873203 
000044c0: 07000f05 54050f01 54800200 00000000 
000044d0: 1caf2200 06000000 2a873203 07000f05 
000044e0: 54050f01 54da0000 00000000 1cae2200 
000044f0: 06000000 2a073a03 07000f05 54050f01 
00004500: 545a0000 00000000 120d2e1b 05021705 
00004510: 54020004 0000f0c4 04000b01 2f004200 
00004520: 00040000 05f00c30 3025a000 00028000 
00004530: 01000028 00000000 97245402 020410d0 
00004540: 45229704 54030200 00904400 e7065402 
00004550: 000c01ca 04000010 0f048419 0f01545a 
00004560: 00000000 0000120d 2e1b0502 17055402 
00004570: 00040000 f0c40400 0b012f00 42000004 
00004580: 000005f0 0c303025 a0000002 80000100 
00004590: 00280000 00009724 54020204 10d045c2 
000045a0: 97045403 02000090 44c0e706 5402000c 
000045b0: 01da0400 00100f06 84010000 0f048419 
000045c0: 0f015480 01000000 00001cb2 22000600 
000045d0: 00002a87 32030700 0f055405 0f015480 
000045e0: 00000000 00001caf 22000600 00002a07 
000045f0: 3b030600 07000000 0f055405 0f01545a 
00004600: 00000000 0000120d 2e1b0502 17055402 
00004610: 00040000 f0c40400 0b012f00 42000004 
00004620: 000005f0 0c303025 a0000002 80000100 
00004630: 00280000 00009724 54020204 10d04522 
00004640: 97045403 02000090 44a0e706 5402000c 
00004650: 01da0400 00100f06 84010000 0f048419 
00004660: 0f0154da 00000000 00001cb3 22000600 
00004670: 00002a07 3a030700 0f055405 0f01545a 
00004680: 00000000 0000120d 2e1b0502 17055402 
00004690: 00040000 f0c40400 0b012f00 42000004 
000046a0: 000005f0 0c383025 a0000002 80000100 
000046b0: 00280000 00009724 54020200 08d045c2 
000046c0: 97045403 020818d0 45c2e706 5402000c 
000046d0: 01ce0400 00100f04 84190f01 545a0000 
000046e0: 00000000 120d2e1b 05021705 54020004 
000046f0: 0000f0c4 04000b01 2f004200 00040000 
00004700: 05f00c38 3025a000 00028000 01000028 
00004710: 00000000 97245402 020008d0 45229704 
00004720: 54030208 18d045a2 e7065402 000c01ce 
00004730: 04000010 0f068401 00000f06 84010000 
00004740: 0f068401 00000f04 84190f01 54da0200 
00004750: 00000000 1cb72200 06000000 2a873203 
00004760: 07000f05 54050f01 545a0100 00000000 
00004770: 1cb52200 06000000 2a073203 07000f05 
00004780: 54050f01 545a0000 00000000 120d2e1b 
00004790: 05021705 54020004 0000f0c4 04000b01 
000047a0: 2f004200 00040000 05f00c38 3025a000 
000047b0: 00028000 01000028 00000000 97245402 
000047c0: 020808d0 45c29704 54030200 18d045c2 
000047d0: e7065402 000c01ce 04000010 0f048419 
000047e0: 0f0154da 00000000 00001cb6 22000600 
000047f0: 00002a07 3a030700 0f055405 0f01545a 
00004800: 00000000 0000120d 2e1b0502 17055402 
00004810: 00040000 f0c40400 0b012f00 42000004 
00004820: 000005f0 0c383025 a0000002 80000100 
00004830: 00280000 00009724 54020208 08d04522 
00004840: 97045403 020018d0 45a2e706 5402000c 
00004850: 01ce0400 00100f04 84190f01 545a0000 
00004860: 00000000 120d2e1b 05021705 54020004 
00004870: 0000f0c4 04000b01 2f004200 00040000 
00004880: 05f00c38 3025a000 00028000 01000028 
00004890: 00000000 9724540a 020018d0 45c29704 
000048a0: 540b0208 08d045c2 e706540a 000c01ce 
000048b0: 04000010 0f068401 00000f06 84010000 
000048c0: 0f048419 0f01545a 01000000 00001cb8 
000048d0: 22000600 00002a07 32030700 0f055405 
000048e0: 0f01545a 00000000 0000120d 2e1b0502 
000048f0: 17055402 00040000 f0c40400 0b012f00 
00004900: 42000004 000005f0 0c383025 a0000002 
00004910: 80000100 00280000 00009724 540a0200 
00004920: 18d04522 9704540b 020808d0 45a2e706 
00004930: 540a000c 01ce0400 00100f04 84190f01 
00004940: 54da0000 00000000 1cb92200 06000000 
00004950: 2a073a03 07000f05 54050f01 545a0000 
00004960: 00000000 120d2e1b 05021705 54020004 
00004970: 0000f0c4 04000b01 2f004200 00040000 
00004980: 05f00c38 3025a000 00028000 01000028 
00004990: 00000000 9724540a 020018d0 45c29704 
000049a0: 540b0204 10d045c2 e706540a 000c01ce 
000049b0: 04000010 0f048419 0f01545a 00000000 
000049c0: 0000120d 2e1b0502 17055402 00040000 
000049d0: f0c40400 0b012f00 42000004 000005f0 
000049e0: 0cb83025 a0000002 80000100 00280000 
000049f0: 00009724 540a0200 18d04522 9704540b 
00004a00: 020410d0 45a2e706 540a000c 01ce0400 
00004a10: 00100f06 04010000 0f060401 00000f06 
00004a20: 04010000 0f060401 00000f06 04010000 
00004a30: 0f040419 0f0154aa 0d000000 00001cce 
00004a40: 22000600 00002a87 32030700 0f055405 
00004a50: 0f015474 05000000 00001cc2 22000600 
00004a60: 00002a87 32030700 0f055405 0f015496 
00004a70: 02000000 00001cbc 22000600 00002a87 
00004a80: 33030300 07000000 00002000 0f055405 
00004a90: 0f0154da 00000000 00001cbb 22000600 
00004aa0: 00002a07 3a030700 0f055405 0f01545a 
00004ab0: 00000000 0000120d 2e1b0502 17055402 
00004ac0: 00040000 f0c40400 0b012f00 42000004 
00004ad0: 000005f0 0c383025 a0000002 80000100 
00004ae0: 00280000 00009724 54020204 18d045c2 
00004af0: 97045403 020800d0 45c2e706 5402000c 
00004b00: 01ce0400 00100f04 84190f01 545a0000 
00004b10: 00000000 120d2e1b 05021705 54020004 
00004b20: 0000f0c4 04000b01 2f004200 00040000 
00004b30: 05f00c38 3025a000 00028000 01000028 
00004b40: 00000000 97245402 020418d0 45229704 
00004b50: 54030208 00d045a2 e7065402 000c01ce 
00004b60: 04000010 0f068401 00000f04 84190f01 
00004b70: 548e0100 00000000 1cbd2200 06000000 
00004b80: 2a073203 07000f05 54050f01 545a0000 
00004b90: 00000000 120d2e1b 05021705 54020004 
00004ba0: 0000f0c4 04000b01 2f004200 00040000 
00004bb0: 05f00c38 3025a000 00028000 01000028 
00004bc0: 00000000 97245402 020410d0 45c29704 
00004bd0: 54030200 18d045c2 e7065402 000c01ce 
00004be0: 04000010 0f048419 0f01540e 01000000 
00004bf0: 00001cc0 22000600 00002a87 22830700 
00004c00: 0f055405 0f015480 00000000 00001cbd 
00004c10: 22000600 00002a07 3b030600 07000000 
00004c20: 0f055405 0f01545a 00000000 0000120d 
00004c30: 2e1b0502 17055402 00040000 f0c40400 
00004c40: 0b012f00 42000004 000005f0 0c383025 
00004c50: a0000002 80000100 00280000 00009724 
00004c60: 54020204 10d04522 97045403 020018d0 
00004c70: 45a2e706 5402000c 01ce0400 00100f06 
00004c80: 84010000 0f048419 0f015468 00000000 
00004c90: 00002a07 3b030600 07000000 0f055405 
00004ca0: 0f01544a 00000000 00002b01 2f004200 
00004cb0: 00040000 05f20c20 10258000 00028000 
00004cc0: 01000028 00000000 02012efe 17420201 
00004cd0: 0e210602 03001fff 14020000 0000e706 
00004ce0: 5401000c 01c20400 00100f06 84010000 
00004cf0: 0f068401 00000f06 84010000 0f068401 
00004d00: 00000f04 84190f01 54b80200 00000000 
00004d10: 1cc62200 06000000 2a873203 07000f05 
00004d20: 54050f01 54fe0000 00000000 1cc42200 
00004d30: 06000000 2a872283 07000f05 54050f01 
00004d40: 54700000 00000000 1cc22200 06000000 
00004d50: 2a073b03 06000700 00000f05 54050f01 
00004d60: 544a0000 00000000 2b012f00 42000004 
00004d70: 000005f2 0c201025 80000002 80000100 
00004d80: 00280000 00000201 2efe1742 02010e21 
00004d90: 06020300 1fff1402 00000000 e7065401 
00004da0: 000c01d4 04000010 0f068401 00000f04 
00004db0: 84190f01 54680000 00000000 2a073b03 
00004dc0: 06000700 00000f05 54050f01 544a0000 
00004dd0: 00000000 2b012f00 42000004 000005f2 
00004de0: 0c201025 80000002 80000100 00280000 
00004df0: 00000201 2efe1742 02010e21 06020300 
00004e00: 1fff1402 00000000 e7065401 000c01c2 
00004e10: 04000010 0f068401 00000f06 84010000 
00004e20: 0f048419 0f015494 01000000 00001cc8 
00004e30: 22000600 00002a87 32030700 0f055405 
00004e40: 0f015470 00000000 00001cc6 22000600 
00004e50: 00002a07 3b030600 07000000 0f055405 
00004e60: 0f01544a 00000000 00002b01 2f004200 
00004e70: 00040000 05f20c20 10258000 00028000 
00004e80: 01000028 00000000 02012efe 17420201 
00004e90: 0e210602 03001fff 14020000 0000e706 
00004ea0: 5401000c 01c20400 00100f06 84010000 
00004eb0: 0f048419 0f0154fe 00000000 00001cca 
00004ec0: 22000600 00002a87 22830700 0f055405 
00004ed0: 0f015470 00000000 00001cc8 22000600 
00004ee0: 00002a07 3b030600 07000000 0f055405 
00004ef0: 0f01544a 00000000 00002b01 2f004200 
00004f00: 00040000 05f20c20 10258000 00028000 
00004f10: 01000028 00000000 02012efe 17420201 
00004f20: 0e210602 03001fff 14020000 0000e706 
00004f30: 5401000c 01dc0400 00100f06 84010000 
00004f40: 0f048419 0f015468 00000000 00002a07 
00004f50: 3b030600 07000000 0f055405 0f01544a 
00004f60: 00000000 00002b01 2f004200 00040000 
00004f70: 05f20c20 10258000 00028000 01000028 
00004f80: 00000000 02012efe 17420201 0e210602 
00004f90: 03001fff 14020000 0000e706 5401000c 
00004fa0: 01d40400 00100f06 84010000 0f068401 
00004fb0: 00000f06 84010000 0f068401 00000f06 
00004fc0: 84010000 0f048419 0f015410 08000000 
00004fd0: 00001cd8 22000600 00002a87 32030700 
00004fe0: 0f055405 0f015462 03000000 00001cd2 
00004ff0: 22000600 00002a87 32030700 0f055405 
00005000: 0f015442 01000000 00001cd0 22000600 
00005010: 00002a87 22830700 0f055405 0f015492 
00005020: 00000000 00001cce 22000600 00002a07 
00005030: 3b030600 07000000 0f055405 0f01546c 
00005040: 00000000 00002b01 2f004200 00040000 
00005050: 05f20c28 30258000 00028000 01000028 
00005060: 00000000 22012efe 17420203 2efe1702 
00005070: 12052e21 06020201 2e210602 03023fff 
00005080: 14020000 00000300 3fff1002 00000000 
00005090: 27005401 02002008 40158900 e7065401 
000050a0: 000c01d2 04000010 0f068401 00000f04 
000050b0: 84190f01 548a0000 00000000 2a073b03 
000050c0: 06000700 00000f05 54050f01 546c0000 
000050d0: 00000000 2b012f00 42000004 000005f2 
000050e0: 0c283025 80000002 80000100 00280000 
000050f0: 00001203 2efe1742 02012efe 17021203 
00005100: 2e210602 02012e21 06020302 3fff1402 
00005110: 00000000 03003fff 10020000 00002700 
00005120: 54010200 20084015 8900e706 5401000c 
00005130: 01d80400 00100f06 84010000 0f068401 
00005140: 00000f04 84190f01 54fa0100 00000000 
00005150: 1cd42200 06000000 2a873203 07000f05 
00005160: 54050f01 54920000 00000000 1cd22200 
00005170: 06000000 2a073b03 06000700 00000f05 
00005180: 54050f01 546c0000 00000000 2b012f00 
00005190: 42000004 000005f2 0c283025 80000002 
000051a0: 80000100 00280000 00002201 2efe1742 
000051b0: 02032efe 17021205 2e210602 02012e21 
000051c0: 06020302 3fff1402 00000000 03003fff 
000051d0: 10020000 00002700 54010200 20084015 
000051e0: 8900e706 5401000c 01de0400 00100f06 
000051f0: 84010000 0f048419 0f015442 01000000 
00005200: 00001cd6 22000600 00002a87 22830700 
00005210: 0f055405 0f015492 00000000 00001cd4 
00005220: 22000600 00002a07 3b030600 07000000 
00005230: 0f055405 0f01546c 00000000 00002b01 
00005240: 2f004200 00040000 05f20c28 30258000 
00005250: 00028000 01000028 00000000 22012efe 
00005260: 17420203 2efe1702 12052e21 06020201 
00005270: 2e210602 03023fff 14020000 00000300 
00005280: 3fff1002 00000000 27005401 02002008 
00005290: 40158900 e7065401 000c01d6 04000010 
000052a0: 0f068401 00000f04 84190f01 548a0000 
000052b0: 00000000 2a073b03 06000700 00000f05 
000052c0: 54050f01 546c0000 00000000 2b012f00 
000052d0: 42000004 000005f2 0c283025 80000002 
000052e0: 80000100 00280000 00001203 2efe1742 
000052f0: 02012efe 17021203 2e210602 02012e21 
00005300: 06020302 3fff1402 00000000 03003fff 
00005310: 10020000 00002700 54010200 20084015 
00005320: 8900e706 5401000c 01de0400 00100f06 
00005330: 84010000 0f068401 00000f06 84010000 
00005340: 0f068401 00000f04 84190f01 54880400 
00005350: 00000000 1ce02200 06000000 2a873203 
00005360: 07000f05 54050f01 54260200 00000000 
00005370: 1cdc2200 06000000 2a873203 07000f05 
00005380: 54050f01 54920000 00000000 1cd82200 
00005390: 06000000 2a073b03 06000700 00000f05 
000053a0: 54050f01 546c0000 00000000 2b012f00 
000053b0: 42000004 000005f2 0c283025 80000002 
000053c0: 80000100 00280000 00001203 2efe1742 
000053d0: 02012efe 17021203 2e210602 02012e21 
000053e0: 06020302 3fff1402 00000000 03003fff 
000053f0: 10020000 00002700 54010200 20084015 
00005400: 8900e706 5401000c 01d60400 00100f06 
00005410: 84010000 0f048419 0f01546e 01000000 
00005420: 00001cde 22000600 00002a87 22830700 
00005430: 0f055405 0f0154a8 00000000 00001cdc 
00005440: 22000600 00002a07 3b030600 07000000 
00005450: 0f055405 0f015482 00000000 00002b01 
00005460: 2f004200 00040000 05f20c30 30258000 
00005470: 00028000 01000028 00000000 32012efe 
00005480: 17420203 2efe1702 12072e21 06020201 
00005490: 2e210602 13023fff 10020000 00001300 
000054a0: 3fff1402 00000000 02052efe 17022700 
000054b0: 54020206 20104015 89000201 2e210602 
000054c0: 13001fff 14020000 0000e706 5402000c 
000054d0: 01da0400 00100f06 84010000 0f048419 
000054e0: 0f0154a0 00000000 00002a07 3b030600 
000054f0: 07000000 0f055405 0f015482 00000000 
00005500: 00002b01 2f004200 00040000 05f20c30 
00005510: 30258000 00028000 01000028 00000000 
00005520: 22052efe 17421203 2efe1702 22052e21 
00005530: 06021203 2e210602 13043fff 14020000 
00005540: 00001302 3fff1002 00000000 02012efe 
00005550: 17022700 54020204 20184015 89000201 
00005560: 2e210602 13001fff 14020000 0000e706 
00005570: 5402000c 01da0400 00100f06 84010000 
00005580: 0f068401 00000f06 84010000 0f048419 
00005590: 0f01543c 02000000 00001ce2 22000600 
000055a0: 00002a87 32030700 0f055405 0f0154a8 
000055b0: 00000000 00001ce0 22000600 00002a07 
000055c0: 3b030600 07000000 0f055405 0f015482 
000055d0: 00000000 00002b01 2f004200 00040000 
000055e0: 05f20c30 30258000 00028000 01000028 
000055f0: 00000000 32012efe 17420205 2efe1702 
00005600: 22072e21 06020201 2e210602 23043fff 
00005610: 10020000 00002300 3fff1402 00000000 
00005620: 02032efe 17022700 5402020a 20204015 
00005630: 89000201 2e210602 13001fff 14020000 
00005640: 0000e706 5402000c 01ca0400 00100f06 
00005650: 84010000 0f048419 0f01546e 01000000 
00005660: 00001ce4 22000600 00002a87 22830700 
00005670: 0f055405 0f0154a8 00000000 00001ce2 
00005680: 22000600 00002a07 3b030600 07000000 
00005690: 0f055405 0f015482 00000000 00002b01 
000056a0: 2f004200 00040000 05f20c30 30258000 
000056b0: 00028000 01000028 00000000 32012efe 
000056c0: 17420203 2efe1702 12072e21 06020201 
000056d0: 2e210602 13023fff 10020000 00001300 
000056e0: 3fff1402 00000000 02052efe 17022700 
000056f0: 54020206 20104015 89000201 2e210602 
00005700: 13001fff 14020000 0000e706 5402000c 
00005710: 01ca0400 00100f06 84010000 0f048419 
00005720: 0f0154a0 00000000 00002a07 3b030600 
00005730: 07000000 0f055405 0f015482 00000000 
00005740: 00002b01 2f004200 00040000 05f20cb0 
00005750: 30258000 00028000 01000028 00000000 
00005760: 32032efe 17421205 2efe1702 22072e21 
00005770: 06021203 2e210602 13043fff 14020000 
00005780: 00001302 3fff1002 00000000 02012efe 
00005790: 17022700 54020204 20184015 89000201 
000057a0: 2e210602 13001fff 14020000 0000e706 
000057b0: 5402000c 01ca0400 00100f06 04010000 
000057c0: 0f060401 00000f06 04010000 0f060401 
000057d0: 00000f06 04010000 0f060401 00000f06 
000057e0: 04010000 0f060401 00000f06 04010000 
000057f0: 0f040419 0f01542a 6a000000 00001ca8 
00005800: 22000a00 00002a87 32030700 0f055405 
00005810: 0f0154e0 3a000000 00001cc6 22000800 
00005820: 00002a87 32030700 0f055405 0f01549c 
00005830: 1f000000 00001c96 22000800 00002a87 
00005840: 32030700 0f055405 0f0154ac 0f000000 
00005850: 00001cfe 22000600 00002a87 32030700 
00005860: 0f055405 0f015428 08000000 00001cf2 
00005870: 22000600 00002a87 32030700 0f055405 
00005880: 0f015458 04000000 00001cec 22000600 
00005890: 00002a87 32030700 0f055405 0f019490 
000058a0: 01000000 00001cea 22000600 00002a87 
000058b0: 22830700 0f055405 0f0154a8 00000000 
000058c0: 00001ce6 22000600 00002a07 3b030600 
000058d0: 07000000 0f055405 0f015482 00000000 
000058e0: 00002b01 2f004200 00040000 05f20c30 
000058f0: 30258000 00028000 01000028 00000000 
00005900: 32032efe 17421205 2efe1702 22072e21 
00005910: 06021203 2e210602 13043fff 14020000 
00005920: 00001302 3fff1002 00000000 02012efe 
00005930: 17022700 54020204 20184015 89000201 
00005940: 2e210602 13001fff 14020000 0000e706 
00005950: 5402000c 01da0400 00100f06 84010000 
00005960: 0f048419 0f0154c2 00000000 00002a07 
00005970: 3b030600 07000000 0f055405 0f0154a4 
00005980: 00000000 00002b01 2f004200 00040000 
00005990: 05f20c38 30258000 00028000 01000028 
000059a0: 00000000 02012efe 17425201 0e210602 
000059b0: 02052efe 1702530a 3fff1002 00000000 
000059c0: 22012e21 06020203 2efe1702 23043fff 
000059d0: 10020000 00001201 0e210602 02072efe 
000059e0: 17021302 3fff1002 00000000 02012e21 
000059f0: 06022700 54020204 20504015 89000300 
00005a00: 3fff1002 00000000 27005403 02002020 
00005a10: 40158900 e7065402 000c01ce 04000010 
00005a20: 0f068401 00000f06 84010000 0f048419 
00005a30: 0f0154a2 02000000 00001cee 22000600 
00005a40: 00002a87 32030700 0f055405 0f0154ca 
00005a50: 00000000 00001cec 22000600 00002a07 
00005a60: 3b030600 07000000 0f055405 0f0154a4 
00005a70: 00000000 00002b01 2f004200 00040000 
00005a80: 05f20c38 30258000 00028000 01000028 
00005a90: 00000000 22052efe 17422205 2e210602 
00005aa0: 02012efe 17025304 3fff1002 00000000 
00005ab0: 22012e21 06020203 2efe1702 23043fff 
00005ac0: 10020000 00001201 0e210602 02072efe 
00005ad0: 17021302 3fff1002 00000000 02012e21 
00005ae0: 06022700 54020204 20504015 89000300 
00005af0: 3fff1002 00000000 27005403 02002020 
00005b00: 40158900 e7065402 000c01ce 04000010 
00005b10: 0f068401 00000f04 84190f01 54b20100 
00005b20: 00000000 1cf02200 06000000 2a872283 
00005b30: 07000f05 54050f01 54ca0000 00000000 
00005b40: 1cee2200 06000000 2a073b03 06000700 
00005b50: 00000f05 54050f01 54a40000 00000000 
00005b60: 2b012f00 42000004 000005f2 0c383025 
00005b70: 80000002 80000100 00280000 00000201 
00005b80: 2efe1742 52010e21 06020205 2efe1702 
00005b90: 530a3fff 10020000 00002201 2e210602 
00005ba0: 02072efe 17023304 3fff1002 00000000 
00005bb0: 22012e21 06020203 2efe1702 13043fff 
00005bc0: 10020000 00000201 2e210602 27005402 
00005bd0: 02042050 40158900 03003fff 14020000 
00005be0: 00002700 54030202 20304015 8900e706 
00005bf0: 5402000c 01ce0400 00100f06 84010000 
00005c00: 0f048419 0f0154c2 00000000 00002a07 
00005c10: 3b030600 07000000 0f055405 0f0154a4 
00005c20: 00000000 00002b01 2f004200 00040000 
00005c30: 05f20cb8 30258000 00028000 01000028 
00005c40: 00000000 02012efe 17425201 0e210602 
00005c50: 02032efe 1702530a 3fff1002 00000000 
00005c60: 12010e21 06020207 2efe1702 33023fff 
00005c70: 10020000 00001201 0e210602 02052efe 
00005c80: 17021302 3fff1002 00000000 02012e21 
00005c90: 06022700 54020204 20504015 89000300 
00005ca0: 3fff1402 00000000 27005403 02022030 
00005cb0: 40158900 e7065402 000c01ce 04000010 
00005cc0: 0f060401 00000f06 04010000 0f060401 
00005cd0: 00000f06 04010000 0f040419 0f0154aa 
00005ce0: 03000000 00001cf8 22000600 00002a87 
00005cf0: 32030700 0f055405 0f0194b2 01000000 
00005d00: 00001cf4 22000600 00002a87 22830700 
00005d10: 0f055405 0f0154ca 00000000 00001cf2 
00005d20: 22000600 00002a07 3b030600 07000000 
00005d30: 0f055405 0f0154a4 00000000 00002b01 
00005d40: 2f004200 00040000 05f20c38 30258000 
00005d50: 00028000 01000028 00000000 12032efe 
00005d60: 17425203 0e210602 12052efe 1702530a 
00005d70: 3fff1002 00000000 22032e21 06021207 
00005d80: 2efe1702 23043fff 10020000 00001203 
00005d90: 0e210602 02012efe 17021302 3fff1002 
00005da0: 00000000 02012e21 06022700 54020204 
00005db0: 20504015 89000300 3fff1002 00000000 
00005dc0: 27005403 02002020 40158900 e7065402 
00005dd0: 000c01ce 04000010 0f068401 00000f04 
00005de0: 84190f01 54c20000 00000000 2a073b03 
00005df0: 06000700 00000f05 54050f01 54a40000 
00005e00: 00000000 2b012f00 42000004 000005f2 
00005e10: 0cb83025 80000002 80000100 00280000 
00005e20: 00001203 2efe1742 12030e21 06020201 
00005e30: 2efe1702 53023fff 10020000 00001201 
00005e40: 0e210602 02052efe 17022302 3fff1002 
00005e50: 00000000 12010e21 06020207 2efe1702 
00005e60: 13023fff 10020000 00000201 2e210602 
00005e70: 27005402 02042050 40158900 03003fff 
00005e80: 10020000 00002700 54030200 20204015 
00005e90: 8900e706 5402000c 01ce0400 00100f06 
00005ea0: 04010000 0f060401 00000f04 04190f01 
00005eb0: 54d20100 00000000 1cfa2200 06000000 
00005ec0: 2a873303 03000700 00000000 20000f05 
00005ed0: 54050f01 54820000 00000000 1cf82200 
00005ee0: 06000000 2a073b03 06000700 00000f05 
00005ef0: 54050f01 545c0000 00000000 120d2e1b 
00005f00: 05021705 54020004 0000f0c4 04000b01 
00005f10: 2f004200 00040000 05f00c20 1025a000 
00005f20: 00028000 01000028 00000000 02012efe 
00005f30: 17420201 0e210602 03001fff 14020000 
00005f40: 0000e706 5401000c 01c20400 00100f06 
00005f50: 84010000 0f048419 0f015422 01000000 
00005f60: 00001cfc 22000600 00002a87 22830700 
00005f70: 0f055405 0f015482 00000000 00001cfa 
00005f80: 22000600 00002a07 3b030600 07000000 
00005f90: 0f055405 0f01545c 00000000 0000120d 
00005fa0: 2e1b0502 17055402 00040000 f0c40400 
00005fb0: 0b012f00 42000004 000005f0 0c201025 
00005fc0: a0000002 80000100 00280000 00000201 
00005fd0: 2efe1742 02010e21 06020300 1fff1402 
00005fe0: 00000000 e7065401 000c01d4 04000010 
00005ff0: 0f068401 00000f04 84190f01 547a0000 
00006000: 00000000 2a073b03 06000700 00000f05 
00006010: 54050f01 545c0000 00000000 120d2e1b 
00006020: 05021705 54020004 0000f0c4 04000b01 
00006030: 2f004200 00040000 05f00ca0 1025a000 
00006040: 00028000 01000028 00000000 02012efe 
00006050: 17420201 0e210602 03001fff 14020000 
00006060: 0000e706 5401000c 01c20400 00100f06 
00006070: 04010000 0f060401 00000f06 04010000 
00006080: 0f060401 00000f06 04010000 0f040419 
00006090: 0f01545e 07000000 00001c8a 22000800 
000060a0: 00002a87 32030700 0f055405 0f01545e 
000060b0: 03000000 00001c82 22000800 00002a87 
000060c0: 32030700 0f055405 0f01542a 01000000 
000060d0: 00001c80 22000800 00002a87 23830300 
000060e0: 07000000 00002000 0f055405 0f015482 
000060f0: 00000000 00001cfe 22000600 00002a07 
00006100: 3b030600 07000000 0f055405 0f01545c 
00006110: 00000000 0000120d 2e1b0502 17055402 
00006120: 00040000 f0c40400 0b012f00 42000004 
00006130: 000005f0 0c201025 a0000002 80000100 
00006140: 00280000 00000201 2efe1742 02010e21 
00006150: 06020300 1fff1402 00000000 e7065401 
00006160: 000c01c2 04000010 0f068401 00000f04 
00006170: 84190f01 547a0000 00000000 2a073b03 
00006180: 06000700 00000f05 54050f01 545c0000 
00006190: 00000000 120d2e1b 05021705 54020004 
000061a0: 0000f0c4 04000b01 2f004200 00040000 
000061b0: 05f00c20 1025a000 00028000 01000028 
000061c0: 00000000 02012efe 17420201 0e210602 
000061d0: 03001fff 14020000 0000e706 5401000c 
000061e0: 01dc0400 00100f06 84010000 0f068401 
000061f0: 00000f04 84190f01 540e0200 00000000 
00006200: 1c862200 08000000 2a873203 07000f05 
00006210: 54050f01 54820000 00000000 1c822200 
00006220: 08000000 2a073b03 06000700 00000f05 
00006230: 54050f01 545c0000 00000000 120d2e1b 
00006240: 05021705 54020004 0000f0c4 04000b01 
00006250: 2f004200 00040000 05f00c20 1025a000 
00006260: 00028000 01000028 00000000 02012efe 
00006270: 17420201 0e210602 03001fff 14020000 
00006280: 0000e706 5401000c 01d40400 00100f06 
00006290: 84010000 0f048419 0f015466 01000000 
000062a0: 00001c88 22000800 00002a87 22830700 
000062b0: 0f055405 0f0154a4 00000000 00001c86 
000062c0: 22000800 00002a07 3b030600 07000000 
000062d0: 0f055405 0f01547e 00000000 0000120d 
000062e0: 2e1b0502 17055402 00040000 f0c40400 
000062f0: 0b012f00 42000004 000005f0 0c283025 
00006300: a0000002 80000100 00280000 00002201 
00006310: 2efe1742 02032efe 17021205 2e210602 
00006320: 02012e21 06020302 3fff1402 00000000 
00006330: 03003fff 10020000 00002700 54010200 
00006340: 20084015 8900e706 5401000c 01d20400 
00006350: 00100f06 84010000 0f048419 0f01549c 
00006360: 00000000 00002a07 3b030600 07000000 
00006370: 0f055405 0f01547e 00000000 0000120d 
00006380: 2e1b0502 17055402 00040000 f0c40400 
00006390: 0b012f00 42000004 000005f0 0ca83025 
000063a0: a0000002 80000100 00280000 00001203 
000063b0: 2efe1742 02012efe 17021203 2e210602 
000063c0: 02012e21 06020302 3fff1402 00000000 
000063d0: 03003fff 10020000 00002700 54010200 
000063e0: 20084015 8900e706 5401000c 01d80400 
000063f0: 00100f06 04010000 0f060401 00000f06 
00006400: 04010000 0f060401 00000f04 04190f01 
00006410: 54da0300 00000000 1c8e2200 08000000 
00006420: 2a873203 07000f05 54050f01 546e0100 
00006430: 00000000 1c8c2200 08000000 2a872383 
00006440: 03000700 00000000 20000f05 54050f01 
00006450: 54a40000 00000000 1c8a2200 08000000 
00006460: 2a073b03 06000700 00000f05 54050f01 
00006470: 547e0000 00000000 120d2e1b 05021705 
00006480: 54020004 0000f0c4 04000b01 2f004200 
00006490: 00040000 05f00c28 3025a000 00028000 
000064a0: 01000028 00000000 22012efe 17420203 
000064b0: 2efe1702 12052e21 06020201 2e210602 
000064c0: 03023fff 14020000 00000300 3fff1002 
000064d0: 00000000 27005401 02002008 40158900 
000064e0: e7065401 000c01de 04000010 0f068401 
000064f0: 00000f04 84190f01 549c0000 00000000 
00006500: 2a073b03 06000700 00000f05 54050f01 
00006510: 547e0000 00000000 120d2e1b 05021705 
00006520: 54020004 0000f0c4 04000b01 2f004200 
00006530: 00040000 05f00c28 3025a000 00028000 
00006540: 01000028 00000000 22012efe 17420203 
00006550: 2efe1702 12052e21 06020201 2e210602 
00006560: 03023fff 14020000 00000300 3fff1002 
00006570: 00000000 27005401 02002008 40158900 
00006580: e7065401 000c01d6 04000010 0f068401 
00006590: 00000f06 84010000 0f048419 0f015446 
000065a0: 02000000 00001c90 22000800 00002a87 
000065b0: 32030700 0f055405 0f0154a4 00000000 
000065c0: 00001c8e 22000800 00002a07 3b030600 
000065d0: 07000000 0f055405 0f01547e 00000000 
000065e0: 0000120d 2e1b0502 17055402 00040000 
000065f0: f0c40400 0b012f00 42000004 000005f0 
00006600: 0c283025 a0000002 80000100 00280000 
00006610: 00001203 2efe1742 02012efe 17021203 
00006620: 2e210602 02012e21 06020302 3fff1402 
00006630: 00000000 03003fff 10020000 00002700 
00006640: 54010200 20084015 8900e706 5401000c 
00006650: 01de0400 00100f06 84010000 0f048419 
00006660: 0f01547c 01000000 00001c94 22000800 
00006670: 00002a87 22830700 0f055405 0f0154a4 
00006680: 00000000 00001c90 22000800 00002a07 
00006690: 3b030600 07000000 0f055405 0f01547e 
000066a0: 00000000 0000120d 2e1b0502 17055402 
000066b0: 00040000 f0c40400 0b012f00 42000004 
000066c0: 000005f0 0c283025 a0000002 80000100 
000066d0: 00280000 00001203 2efe1742 02012efe 
000066e0: 17021203 2e210602 02012e21 06020302 
000066f0: 3fff1402 00000000 03003fff 10020000 
00006700: 00002700 54010200 20084015 8900e706 
00006710: 5401000c 01d60400 00100f06 84010000 
00006720: 0f048419 0f0154b2 00000000 00002a07 
00006730: 3b030600 07000000 0f055405 0f015494 
00006740: 00000000 0000120d 2e1b0502 17055402 
00006750: 00040000 f0c40400 0b012f00 42000004 
00006760: 000005f0 0cb03025 a0000002 80000100 
00006770: 00280000 00003201 2efe1742 02032efe 
00006780: 17021207 2e210602 02012e21 06021302 
00006790: 3fff1002 00000000 13003fff 14020000 
000067a0: 00000205 2efe1702 27005402 02062010 
000067b0: 40158900 02012e21 06021300 1fff1402 
000067c0: 00000000 e7065402 000c01da 04000010 
000067d0: 0f060401 00000f06 04010000 0f060401 
000067e0: 00000f06 04010000 0f060401 00000f06 
000067f0: 04010000 0f040419 0f0154ca 0f000000 
00006800: 00001cac 22000800 00002a87 32030700 
00006810: 0f055405 0f015444 09000000 00001ca2 
00006820: 22000800 00002a87 32030700 0f055405 
00006830: 0f015432 04000000 00001c9a 22000800 
00006840: 00002a87 32030700 0f055405 0f01549a 
00006850: 01000000 00001c98 22000800 00002a87 
00006860: 23830300 07000000 00002000 0f055405 
00006870: 0f0154ba 00000000 00001c96 22000800 
00006880: 00002a07 3b030600 07000000 0f055405 
00006890: 0f015494 00000000 0000120d 2e1b0502 
000068a0: 17055402 00040000 f0c40400 0b012f00 
000068b0: 42000004 000005f0 0c303025 a0000002 
000068c0: 80000100 00280000 00002205 2efe1742 
000068d0: 12032efe 17022205 2e210602 12032e21 
000068e0: 06021304 3fff1402 00000000 13023fff 
000068f0: 10020000 00000201 2efe1702 27005402 
00006900: 02042018 40158900 02012e21 06021300 
00006910: 1fff1402 00000000 e7065402 000c01da 
00006920: 04000010 0f068401 00000f04 84190f01 
00006930: 54b20000 00000000 2a073b03 06000700 
00006940: 00000f05 54050f01 54940000 00000000 
00006950: 120d2e1b 05021705 54020004 0000f0c4 
00006960: 04000b01 2f004200 00040000 05f00c30 
00006970: 3025a000 00028000 01000028 00000000 
00006980: 32012efe 17420205 2efe1702 22072e21 
00006990: 06020201 2e210602 23043fff 10020000 
000069a0: 00002300 3fff1402 00000000 02032efe 
000069b0: 17022700 5402020a 20204015 89000201 
000069c0: 2e210602 13001fff 14020000 0000e706 
000069d0: 5402000c 01ca0400 00100f06 84010000 
000069e0: 0f068401 00000f04 84190f01 54720200 
000069f0: 00000000 1c9c2200 08000000 2a873203 
00006a00: 07000f05 54050f01 54ba0000 00000000 
00006a10: 1c9a2200 08000000 2a073b03 06000700 
00006a20: 00000f05 54050f01 54940000 00000000 
00006a30: 120d2e1b 05021705 54020004 0000f0c4 
00006a40: 04000b01 2f004200 00040000 05f00c30 
00006a50: 3025a000 00028000 01000028 00000000 
00006a60: 32012efe 17420203 2efe1702 12072e21 
00006a70: 06020201 2e210602 13023fff 10020000 
00006a80: 00001300 3fff1402 00000000 02052efe 
00006a90: 17022700 54020206 20104015 89000201 
00006aa0: 2e210602 13001fff 14020000 0000e706 
00006ab0: 5402000c 01ca0400 00100f06 84010000 
00006ac0: 0f048419 0f015492 01000000 00001c9e 
00006ad0: 22000800 00002a87 22830700 0f055405 
00006ae0: 0f0154ba 00000000 00001c9c 22000800 
00006af0: 00002a07 3b030600 07000000 0f055405 
00006b00: 0f015494 00000000 0000120d 2e1b0502 
00006b10: 17055402 00040000 f0c40400 0b012f00 
00006b20: 42000004 000005f0 0c303025 a0000002 
00006b30: 80000100 00280000 00003203 2efe1742 
00006b40: 12052efe 17022207 2e210602 12032e21 
00006b50: 06021304 3fff1402 00000000 13023fff 
00006b60: 10020000 00000201 2efe1702 27005402 
00006b70: 02042018 40158900 02012e21 06021300 
00006b80: 1fff1402 00000000 e7065402 000c01ca 
00006b90: 04000010 0f068401 00000f04 84190f01 
00006ba0: 54b20000 00000000 2a073b03 06000700 
00006bb0: 00000f05 54050f01 54940000 00000000 
00006bc0: 120d2e1b 05021705 54020004 0000f0c4 
00006bd0: 04000b01 2f004200 00040000 05f00cb0 
00006be0: 3025a000 00028000 01000028 00000000 
00006bf0: 32032efe 17421205 2efe1702 22072e21 
00006c00: 06021203 2e210602 13043fff 14020000 
00006c10: 00001302 3fff1002 00000000 02012efe 
00006c20: 17022700 54020204 20184015 89000201 
00006c30: 2e210602 13001fff 14020000 0000e706 
00006c40: 5402000c 01da0400 00100f06 04010000 
00006c50: 0f060401 00000f06 04010000 0f060401 
00006c60: 00000f04 04190f01 54ec0400 00000000 
00006c70: 1ca62200 08000000 2a873203 07000f05 
00006c80: 54050f01 54de0100 00000000 1ca42200 
00006c90: 08000000 2a872383 03000700 00000000 
00006ca0: 20000f05 54050f01 54dc0000 00000000 
00006cb0: 1ca22200 08000000 2a073b03 06000700 
00006cc0: 00000f05 54050f01 54b60000 00000000 
00006cd0: 120d2e1b 05021705 54020004 0000f0c4 
00006ce0: 04000b01 2f004200 00040000 05f00c38 
00006cf0: 3025a000 00028000 01000028 00000000 
00006d00: 02012efe 17425201 0e210602 02052efe 
00006d10: 1702530a 3fff1002 00000000 22012e21 
00006d20: 06020203 2efe1702 23043fff 10020000 
00006d30: 00001201 0e210602 02072efe 17021302 
00006d40: 3fff1002 00000000 02012e21 06022700 
00006d50: 54020204 20504015 89000300 3fff1002 
00006d60: 00000000 27005403 02002020 40158900 
00006d70: e7065402 000c01ce 04000010 0f068401 
00006d80: 00000f04 84190f01 54d40000 00000000 
00006d90: 2a073b03 06000700 00000f05 54050f01 
00006da0: 54b60000 00000000 120d2e1b 05021705 
00006db0: 54020004 0000f0c4 04000b01 2f004200 
00006dc0: 00040000 05f00cb8 3025a000 00028000 
00006dd0: 01000028 00000000 22052efe 17422205 
00006de0: 2e210602 02012efe 17025304 3fff1002 
00006df0: 00000000 22012e21 06020203 2efe1702 
00006e00: 23043fff 10020000 00001201 0e210602 
00006e10: 02072efe 17021302 3fff1002 00000000 
00006e20: 02012e21 06022700 54020204 20504015 
00006e30: 89000300 3fff1002 00000000 27005403 
00006e40: 02002020 40158900 e7065402 000c01ce 
00006e50: 04000010 0f060401 00000f06 04010000 
00006e60: 0f040419 0f0154e8 02000000 00001ca8 
00006e70: 22000800 00002a87 33030300 07000000 
00006e80: 00002000 0f055405 0f0154dc 00000000 
00006e90: 00001ca6 22000800 00002a07 3b030600 
00006ea0: 07000000 0f055405 0f0154b6 00000000 
00006eb0: 0000120d 2e1b0502 17055402 00040000 
00006ec0: f0c40400 0b012f00 42000004 000005f0 
00006ed0: 0cb83025 a0000002 80000100 00280000 
00006ee0: 00000201 2efe1742 52010e21 06020205 
00006ef0: 2efe1702 530a3fff 10020000 00002201 
00006f00: 2e210602 02072efe 17023304 3fff1002 
00006f10: 00000000 22012e21 06020203 2efe1702 
00006f20: 13043fff 10020000 00000201 2e210602 
00006f30: 27005402 02042050 40158900 03003fff 
00006f40: 14020000 00002700 54030202 20304015 
00006f50: 8900e706 5402000c 01ce0400 00100f06 
00006f60: 04010000 0f040419 0f0154de 01000000 
00006f70: 00001caa 22000800 00002a87 23830300 
00006f80: 07000000 00002000 0f055405 0f0154dc 
00006f90: 00000000 00001ca8 22000800 00002a07 
00006fa0: 3b030600 07000000 0f055405 0f0154b6 
00006fb0: 00000000 0000120d 2e1b0502 17055402 
00006fc0: 00040000 f0c40400 0b012f00 42000004 
00006fd0: 000005f0 0c383025 a0000002 80000100 
00006fe0: 00280000 00000201 2efe1742 52010e21 
00006ff0: 06020203 2efe1702 530a3fff 10020000 
00007000: 00001201 0e210602 02072efe 17023302 
00007010: 3fff1002 00000000 12010e21 06020205 
00007020: 2efe1702 13023fff 10020000 00000201 
00007030: 2e210602 27005402 02042050 40158900 
00007040: 03003fff 14020000 00002700 54030202 
00007050: 20304015 8900e706 5402000c 01ce0400 
00007060: 00100f06 84010000 0f048419 0f0154d4 
00007070: 00000000 00002a07 3b030600 07000000 
00007080: 0f055405 0f0154b6 00000000 0000120d 
00007090: 2e1b0502 17055402 00040000 f0c40400 
000070a0: 0b012f00 42000004 000005f0 0cb83025 
000070b0: a0000002 80000100 00280000 00001203 
000070c0: 2efe1742 52030e21 06021205 2efe1702 
000070d0: 530a3fff 10020000 00002203 2e210602 
000070e0: 12072efe 17022304 3fff1002 00000000 
000070f0: 12030e21 06020201 2efe1702 13023fff 
00007100: 10020000 00000201 2e210602 27005402 
00007110: 02042050 40158900 03003fff 10020000 
00007120: 00002700 54030200 20204015 8900e706 
00007130: 5402000c 01ce0400 00100f06 04010000 
00007140: 0f060401 00000f06 04010000 0f060401 
00007150: 00000f06 04010000 0f040419 0f015460 
00007160: 06000000 00001cb8 22000800 00002a87 
00007170: 32030700 0f055405 0f0154fc 02000000 
00007180: 00001cb2 22000800 00002a87 32030700 
00007190: 0f055405 0f015466 01000000 00001cb0 
000071a0: 22000800 00002a87 23830300 07000000 
000071b0: 00002000 0f055405 0f0154dc 00000000 
000071c0: 00001cac 22000800 00002a07 3b030600 
000071d0: 07000000 0f055405 0f0154b6 00000000 
000071e0: 0000120d 2e1b0502 17055402 00040000 
000071f0: f0c40400 0b012f00 42000004 000005f0 
00007200: 0c383025 a0000002 80000100 00280000 
00007210: 00001203 2efe1742 12030e21 06020201 
00007220: 2efe1702 53023fff 10020000 00001201 
00007230: 0e210602 02052efe 17022302 3fff1002 
00007240: 00000000 12010e21 06020207 2efe1702 
00007250: 13023fff 10020000 00000201 2e210602 
00007260: 27005402 02042050 40158900 03003fff 
00007270: 10020000 00002700 54030200 20204015 
00007280: 8900e706 5402000c 01ce0400 00100f06 
00007290: 84010000 0f048419 0f01545c 00000000 
000072a0: 00002a07 3b030600 07000000 0f055405 
000072b0: 0f01543e 00000000 00002b01 2f004200 
000072c0: 00040000 05f20c20 10258000 00028000 
000072d0: 01000028 00000000 02013efe 15420300 
000072e0: 2101e706 5400000c 01c20400 00100f06 
000072f0: 84010000 0f068401 00000f04 84190f01 
00007300: 54700100 00000000 1cb42200 08000000 
00007310: 2a873203 07000f05 54050f01 54640000 
00007320: 00000000 1cb22200 08000000 2a073b03 
00007330: 06000700 00000f05 54050f01 543e0000 
00007340: 00000000 2b012f00 42000004 000005f2 
00007350: 0c201025 80000002 80000100 00280000 
00007360: 00000201 3efe1542 03002101 e7065400 
00007370: 000c01d4 04000010 0f068401 00000f04 
00007380: 84190f01 54e60000 00000000 1cb62200 
00007390: 08000000 2a872283 07000f05 54050f01 
000073a0: 54640000 00000000 1cb42200 08000000 
000073b0: 2a073b03 06000700 00000f05 54050f01 
000073c0: 543e0000 00000000 2b012f00 42000004 
000073d0: 000005f2 0c201025 80000002 80000100 
000073e0: 00280000 00000201 3efe1542 03002101 
000073f0: e7065400 000c01c2 04000010 0f068401 
00007400: 00000f04 84190f01 545c0000 00000000 
00007410: 2a073b03 06000700 00000f05 54050f01 
00007420: 543e0000 00000000 2b012f00 42000004 
00007430: 000005f2 0c201025 80000002 80000100 
00007440: 00280000 00000201 3efe1542 03002101 
00007450: e7065400 000c01c2 04000010 0f068401 
00007460: 00000f06 84010000 0f068401 00000f06 
00007470: 84010000 0f048419 0f01543e 03000000 
00007480: 00001cc0 22000800 00002a87 32030700 
00007490: 0f055405 0f01547e 01000000 00001cba 
000074a0: 22000800 00002a87 32030700 0f055405 
000074b0: 0f015464 00000000 00001cb8 22000800 
000074c0: 00002a07 3b030600 07000000 0f055405 
000074d0: 0f01543e 00000000 00002b01 2f004200 
000074e0: 00040000 05f20c20 10258000 00028000 
000074f0: 01000028 00000000 02013efe 15420300 
00007500: 2101e706 5400000c 01dc0400 00100f06 
00007510: 84010000 0f048419 0f0154f4 00000000 
00007520: 00001cbe 22000800 00002a87 22830700 
00007530: 0f055405 0f015464 00000000 00001cba 
00007540: 22000800 00002a07 3b030600 07000000 
00007550: 0f055405 0f01543e 00000000 00002b01 
00007560: 2f004200 00040000 05f20c20 10258000 
00007570: 00028000 01000028 00000000 02013efe 
00007580: 15420300 2101e706 5400000c 01d40400 
00007590: 00100f06 84010000 0f048419 0f01546a 
000075a0: 00000000 00002a07 3b030600 07000000 
000075b0: 0f055405 0f01544c 00000000 00002b01 
000075c0: 2f004200 00040000 05f20c28 30258000 
000075d0: 00028000 01000028 00000000 22013efe 
000075e0: 15420203 1efe1502 27005401 02002020 
000075f0: 40158900 e7065401 000c01d2 04000010 
00007600: 0f068401 00000f06 84010000 0f068401 
00007610: 00000f04 84190f01 549a0100 00000000 
00007620: 1cc22200 08000000 2a873203 07000f05 
00007630: 54050f01 54720000 00000000 1cc02200 
00007640: 08000000 2a073b03 06000700 00000f05 
00007650: 54050f01 544c0000 00000000 2b012f00 
00007660: 42000004 000005f2 0c283025 80000002 
00007670: 80000100 00280000 00002201 3efe1542 
00007680: 02031efe 15022700 54010208 20004015 
00007690: 8900e706 5401000c 01d80400 00100f06 
000076a0: 84010000 0f048419 0f015402 01000000 
000076b0: 00001cc4 22000800 00002a87 22830700 
000076c0: 0f055405 0f015472 00000000 00001cc2 
000076d0: 22000800 00002a07 3b030600 07000000 
000076e0: 0f055405 0f01544c 00000000 00002b01 
000076f0: 2f004200 00040000 05f20c28 30258000 
00007700: 00028000 01000028 00000000 22013efe 
00007710: 15420203 1efe1502 27005401 02002020 
00007720: 40158900 e7065401 000c01de 04000010 
00007730: 0f068401 00000f04 84190f01 546a0000 
00007740: 00000000 2a073b03 06000700 00000f05 
00007750: 54050f01 544c0000 00000000 2b012f00 
00007760: 42000004 000005f2 0ca83025 80000002 
00007770: 80000100 00280000 00002201 3efe1542 
00007780: 02031efe 15022700 54010200 20204015 
00007790: 8900e706 5401000c 01d60400 00100f06 
000077a0: 04010000 0f060401 00000f06 04010000 
000077b0: 0f060401 00000f06 04010000 0f060401 
000077c0: 00000f06 04010000 0f040419 0f01541e 
000077d0: 1b000000 00001cf8 22000800 00002a87 
000077e0: 32030700 0f055405 0f015420 0d000000 
000077f0: 00001cde 22000800 00002a87 32030700 
00007800: 0f055405 0f01542e 06000000 00001cd2 
00007810: 22000800 00002a87 32030700 0f055405 
00007820: 0f0154ec 02000000 00001ccc 22000800 
00007830: 00002a87 32030700 0f055405 0f019402 
00007840: 01000000 00001cc8 22000800 00002a87 
00007850: 22830700 0f055405 0f015472 00000000 
00007860: 00001cc6 22000800 00002a07 3b030600 
00007870: 07000000 0f055405 0f01544c 00000000 
00007880: 00002b01 2f004200 00040000 05f20c28 
00007890: 30258000 00028000 01000028 00000000 
000078a0: 22013efe 15420203 1efe1502 27005401 
000078b0: 02082000 40158900 e7065401 000c01de 
000078c0: 04000010 0f068401 00000f04 84190f01 
000078d0: 546a0000 00000000 2a073b03 06000700 
000078e0: 00000f05 54050f01 544c0000 00000000 
000078f0: 2b012f00 42000004 000005f2 0c283025 
00007900: 80000002 80000100 00280000 00002201 
00007910: 3efe1542 02031efe 15022700 54010208 
00007920: 20004015 8900e706 5401000c 01d60400 
00007930: 00100f06 84010000 0f068401 00000f04 
00007940: 84190f01 54c40100 00000000 1cce2200 
00007950: 08000000 2a873203 07000f05 54050f01 
00007960: 54800000 00000000 1ccc2200 08000000 
00007970: 2a073b03 06000700 00000f05 54050f01 
00007980: 545a0000 00000000 2b012f00 42000004 
00007990: 000005f2 0c303025 80000002 80000100 
000079a0: 00280000 00005201 1efe1542 02033efe 
000079b0: 15022700 54010300 20504015 89001205 
000079c0: 1efe1502 13020901 13010900 e7065402 
000079d0: 000c01da 04000010 0f068401 00000f04 
000079e0: 84190f01 541e0100 00000000 1cd02200 
000079f0: 08000000 2a872283 07000f05 54050f01 
00007a00: 54800000 00000000 1cce2200 08000000 
00007a10: 2a073b03 06000700 00000f05 54050f01 
00007a20: 545a0000 00000000 2b012f00 42000004 
00007a30: 000005f2 0c303025 80000002 80000100 
00007a40: 00280000 00003203 3efe1542 12053efe 
00007a50: 15022700 5403030c 20104015 89002201 
00007a60: 3efe1502 13030900 13040901 e7065402 
00007a70: 000c01da 04000010 0f068401 00000f04 
00007a80: 84190f01 54780000 00000000 2a073b03 
00007a90: 06000700 00000f05 54050f01 545a0000 
00007aa0: 00000000 2b012f00 42000004 000005f2 
00007ab0: 0c303025 80000002 80000100 00280000 
00007ac0: 00005201 1efe1542 02053efe 15022700 
00007ad0: 54010300 20504015 89001203 1efe1502 
00007ae0: 13020901 13010900 e7065402 000c01ca 
00007af0: 04000010 0f068401 00000f06 84010000 
00007b00: 0f068401 00000f06 84010000 0f048419 
00007b10: 0f01541c 03000000 00001cd6 22000800 
00007b20: 00002a87 32030700 0f055405 0f01541e 
00007b30: 01000000 00001cd4 22000800 00002a87 
00007b40: 22830700 0f055405 0f015480 00000000 
00007b50: 00001cd2 22000800 00002a07 3b030600 
00007b60: 07000000 0f055405 0f01545a 00000000 
00007b70: 00002b01 2f004200 00040000 05f20c30 
00007b80: 30258000 00028000 01000028 00000000 
00007b90: 52011efe 15420203 3efe1502 27005401 
00007ba0: 03002050 40158900 12051efe 15021302 
00007bb0: 09011301 0900e706 5402000c 01ca0400 
00007bc0: 00100f06 84010000 0f048419 0f015478 
00007bd0: 00000000 00002a07 3b030600 07000000 
00007be0: 0f055405 0f01545a 00000000 00002b01 
00007bf0: 2f004200 00040000 05f20c30 30258000 
00007c00: 00028000 01000028 00000000 32033efe 
00007c10: 15421205 3efe1502 27005403 03042030 
00007c20: 40158900 22013efe 15021303 09001304 
00007c30: 0901e706 5402000c 01ca0400 00100f06 
00007c40: 84010000 0f068401 00000f04 84190f01 
00007c50: 54d80100 00000000 1cda2200 08000000 
00007c60: 2a073203 07000f05 54050f01 54800000 
00007c70: 00000000 1cd62200 08000000 2a073b03 
00007c80: 06000700 00000f05 54050f01 545a0000 
00007c90: 00000000 2b012f00 42000004 000005f2 
00007ca0: 0c303025 80000002 80000100 00280000 
00007cb0: 00003203 3efe1542 12053efe 15022700 
00007cc0: 54030304 20304015 89002201 3efe1502 
00007cd0: 13030900 13040901 e7065402 000c01da 
00007ce0: 04000010 0f068401 00000f04 84190f01 
00007cf0: 54320100 00000000 1cdc2200 08000000 
00007d00: 2a072283 07000f05 54050f01 548a0000 
00007d10: 00000000 1cda2200 08000000 2a073b03 
00007d20: 06000700 00000f05 54050f01 54640000 
00007d30: 00000000 2b012f00 42000004 000005f2 
00007d40: 0c383025 80000002 80000100 00280000 
00007d50: 00005201 1efe1542 02033efe 15022205 
00007d60: 3efe1502 27005402 02002050 40158900 
00007d70: 02073efe 15022700 54030200 20204015 
00007d80: 8900e706 5402000c 01ce0400 00100f06 
00007d90: 84010000 0f048419 0f015482 00000000 
00007da0: 00002a07 3b030600 07000000 0f055405 
00007db0: 0f015464 00000000 00002b01 2f004200 
00007dc0: 00040000 05f20cb8 30258000 00028000 
00007dd0: 01000028 00000000 52031efe 15421205 
00007de0: 1efe1502 22013efe 15022700 54020214 
00007df0: 20104015 89000207 3efe1502 27005403 
00007e00: 02002020 40158900 e7065402 000c01ce 
00007e10: 04000010 0f060401 00000f06 04010000 
00007e20: 0f060401 00000f06 04010000 0f060401 
00007e30: 00000f04 04190f01 54cc0600 00000000 
00007e40: 1cea2200 08000000 2a873203 07000f05 
00007e50: 54050f01 54260300 00000000 1ce22200 
00007e60: 08000000 2a873203 07000f05 54050f01 
00007e70: 94320100 00000000 1ce02200 08000000 
00007e80: 2a872283 07000f05 54050f01 548a0000 
00007e90: 00000000 1cde2200 08000000 2a073b03 
00007ea0: 06000700 00000f05 54050f01 54640000 
00007eb0: 00000000 2b012f00 42000004 000005f2 
00007ec0: 0c383025 80000002 80000100 00280000 
00007ed0: 00007201 1efe1542 02073efe 15025203 
00007ee0: 1efe1502 27005402 02002070 40158900 
00007ef0: 02053efe 15022700 54030214 20004015 
00007f00: 8900e706 5402000c 01ce0400 00100f06 
00007f10: 84010000 0f048419 0f015482 00000000 
00007f20: 00002a07 3b030600 07000000 0f055405 
00007f30: 0f015464 00000000 00002b01 2f004200 
00007f40: 00040000 05f20c38 30258000 00028000 
00007f50: 01000028 00000000 72011efe 15420207 
00007f60: 3efe1502 52031efe 15022700 54020200 
00007f70: 20704015 89000205 3efe1502 27005403 
00007f80: 02002050 40158900 e7065402 000c01ce 
00007f90: 04000010 0f068401 00000f06 84010000 
00007fa0: 0f048419 0f0154ce 01000000 00001ce4 
00007fb0: 22000800 00002a87 32030700 0f055405 
00007fc0: 0f01548a 00000000 00001ce2 22000800 
00007fd0: 00002a07 3b030600 07000000 0f055405 
00007fe0: 0f015464 00000000 00002b01 2f004200 
00007ff0: 00040000 05f20c38 30258000 00028000 
00008000: 01000028 00000000 62033efe 15421207 
00008010: 1efe1502 52011efe 15022700 54020204 
00008020: 20604015 89000205 3efe1502 27005403 
00008030: 02142000 40158900 e7065402 000c01ce 
00008040: 04000010 0f068401 00000f04 84190f01 
00008050: 541e0100 00000000 1ce82200 08000000 
00008060: 2a872283 07000f05 54050f01 548a0000 
00008070: 00000000 1ce42200 08000000 2a073b03 
00008080: 06000700 00000f05 54050f01 54640000 
00008090: 00000000 2b012f00 42000004 000005f2 
000080a0: 0c383025 80000002 80000100 00280000 
000080b0: 00005203 1efe1542 12051efe 15022201 
000080c0: 3efe1502 27005402 02042050 40158900 
000080d0: 02073efe 15022700 54030200 20204015 
000080e0: 8900e706 5402000c 01ce0400 00100f06 
000080f0: 84010000 0f048419 0f01546e 00000000 
00008100: 00002a07 3b030600 07000000 0f055405 
00008110: 0f015450 00000000 0000120d 2e1b0502 
00008120: 17055402 00040000 f0c40400 0b012f00 
00008130: 42000004 000005f0 0c201025 a0000002 
00008140: 80000100 00280000 00000201 3efe1542 
00008150: 03002101 e7065400 000c01c2 04000010 
00008160: 0f068401 00000f06 84010000 0f068401 
00008170: 00000f06 84010000 0f048419 0f015480 
00008180: 03000000 00001cf0 22000800 00002a87 
00008190: 32030700 0f055405 0f0154a6 01000000 
000081a0: 00001cec 22000800 00002a87 32030700 
000081b0: 0f055405 0f015476 00000000 00001cea 
000081c0: 22000800 00002a07 3b030600 07000000 
000081d0: 0f055405 0f015450 00000000 0000120d 
000081e0: 2e1b0502 17055402 00040000 f0c40400 
000081f0: 0b012f00 42000004 000005f0 0c201025 
00008200: a0000002 80000100 00280000 00000201 
00008210: 3efe1542 03002101 e7065400 000c01d4 
00008220: 04000010 0f068401 00000f04 84190f01 
00008230: 540a0100 00000000 1cee2200 08000000 
00008240: 2a872283 07000f05 54050f01 54760000 
00008250: 00000000 1cec2200 08000000 2a073b03 
00008260: 06000700 00000f05 54050f01 54500000 
00008270: 00000000 120d2e1b 05021705 54020004 
00008280: 0000f0c4 04000b01 2f004200 00040000 
00008290: 05f00c20 1025a000 00028000 01000028 
000082a0: 00000000 02013efe 15420300 2101e706 
000082b0: 5400000c 01c20400 00100f06 84010000 
000082c0: 0f048419 0f01546e 00000000 00002a07 
000082d0: 3b030600 07000000 0f055405 0f015450 
000082e0: 00000000 0000120d 2e1b0502 17055402 
000082f0: 00040000 f0c40400 0b012f00 42000004 
00008300: 000005f0 0c201025 a0000002 80000100 
00008310: 00280000 00000201 3efe1542 03002101 
00008320: e7065400 000c01c2 04000010 0f068401 
00008330: 00000f06 84010000 0f068401 00000f04 
00008340: 84190f01 54b40100 00000000 1cf22200 
00008350: 08000000 2a873203 07000f05 54050f01 
00008360: 54760000 00000000 1cf02200 08000000 
00008370: 2a073b03 06000700 00000f05 54050f01 
00008380: 54500000 00000000 120d2e1b 05021705 
00008390: 54020004 0000f0c4 04000b01 2f004200 
000083a0: 00040000 05f00c20 1025a000 00028000 
000083b0: 01000028 00000000 02013efe 15420300 
000083c0: 2101e706 5400000c 01dc0400 00100f06 
000083d0: 84010000 0f048419 0f015418 01000000 
000083e0: 00001cf6 22000800 00002a87 22830700 
000083f0: 0f055405 0f015476 00000000 00001cf2 
00008400: 22000800 00002a07 3b030600 07000000 
00008410: 0f055405 0f015450 00000000 0000120d 
00008420: 2e1b0502 17055402 00040000 f0c40400 
00008430: 0b012f00 42000004 000005f0 0c201025 
00008440: a0000002 80000100 00280000 00000201 
00008450: 3efe1542 03002101 e7065400 000c01d4 
00008460: 04000010 0f068401 00000f04 84190f01 
00008470: 547c0000 00000000 2a073b03 06000700 
00008480: 00000f05 54050f01 545e0000 00000000 
00008490: 120d2e1b 05021705 54020004 0000f0c4 
000084a0: 04000b01 2f004200 00040000 05f00ca8 
000084b0: 3025a000 00028000 01000028 00000000 
000084c0: 22013efe 15420203 1efe1502 27005401 
000084d0: 02002020 40158900 e7065401 000c01d2 
000084e0: 04000010 0f060401 00000f06 04010000 
000084f0: 0f060401 00000f06 04010000 0f060401 
00008500: 00000f06 04010000 0f040419 0f0154d8 
00008510: 0d000000 00001c8e 22000a00 00002a87 
00008520: 32030700 0f055405 0f0154ac 06000000 
00008530: 00001c84 22000a00 00002a87 32030700 
00008540: 0f055405 0f015424 03000000 00001cfc 
00008550: 22000800 00002a87 32030700 0f055405 
00008560: 0f01542e 01000000 00001cfa 22000800 
00008570: 00002a87 23830300 07000000 00002000 
00008580: 0f055405 0f015484 00000000 00001cf8 
00008590: 22000800 00002a07 3b030600 07000000 
000085a0: 0f055405 0f01545e 00000000 0000120d 
000085b0: 2e1b0502 17055402 00040000 f0c40400 
000085c0: 0b012f00 42000004 000005f0 0c283025 
000085d0: a0000002 80000100 00280000 00002201 
000085e0: 3efe1542 02031efe 15022700 54010208 
000085f0: 20004015 8900e706 5401000c 01d80400 
00008600: 00100f06 84010000 0f048419 0f01547c 
00008610: 00000000 00002a07 3b030600 07000000 
00008620: 0f055405 0f01545e 00000000 0000120d 
00008630: 2e1b0502 17055402 00040000 f0c40400 
00008640: 0b012f00 42000004 000005f0 0c283025 
00008650: a0000002 80000100 00280000 00002201 
00008660: 3efe1542 02031efe 15022700 54010200 
00008670: 20204015 8900e706 5401000c 01de0400 
00008680: 00100f06 84010000 0f068401 00000f04 
00008690: 84190f01 54d00100 00000000 1cfe2200 
000086a0: 08000000 2a873203 07000f05 54050f01 
000086b0: 54840000 00000000 1cfc2200 08000000 
000086c0: 2a073b03 06000700 00000f05 54050f01 
000086d0: 545e0000 00000000 120d2e1b 05021705 
000086e0: 54020004 0000f0c4 04000b01 2f004200 
000086f0: 00040000 05f00c28 3025a000 00028000 
00008700: 01000028 00000000 22013efe 15420203 
00008710: 1efe1502 27005401 02002020 40158900 
00008720: e7065401 000c01d6 04000010 0f068401 
00008730: 00000f04 84190f01 54260100 00000000 
00008740: 1c802200 0a000000 2a872283 07000f05 
00008750: 54050f01 54840000 00000000 1cfe2200 
00008760: 08000000 2a073b03 06000700 00000f05 
00008770: 54050f01 545e0000 00000000 120d2e1b 
00008780: 05021705 54020004 0000f0c4 04000b01 
00008790: 2f004200 00040000 05f00c28 3025a000 
000087a0: 00028000 01000028 00000000 22013efe 
000087b0: 15420203 1efe1502 27005401 02082000 
000087c0: 40158900 e7065401 000c01de 04000010 
000087d0: 0f068401 00000f04 84190f01 547c0000 
000087e0: 00000000 2a073b03 06000700 00000f05 
000087f0: 54050f01 545e0000 00000000 120d2e1b 
00008800: 05021705 54020004 0000f0c4 04000b01 
00008810: 2f004200 00040000 05f00c28 3025a000 
00008820: 00028000 01000028 00000000 22013efe 
00008830: 15420203 1efe1502 27005401 02082000 
00008840: 40158900 e7065401 000c01d6 04000010 
00008850: 0f068401 00000f06 84010000 0f068401 
00008860: 00000f06 84010000 0f048419 0f015462 
00008870: 03000000 00001c88 22000a00 00002a87 
00008880: 32030700 0f055405 0f015442 01000000 
00008890: 00001c86 22000a00 00002a87 22830700 
000088a0: 0f055405 0f015492 00000000 00001c84 
000088b0: 22000a00 00002a07 3b030600 07000000 
000088c0: 0f055405 0f01546c 00000000 0000120d 
000088d0: 2e1b0502 17055402 00040000 f0c40400 
000088e0: 0b012f00 42000004 000005f0 0c303025 
000088f0: a0000002 80000100 00280000 00005201 
00008900: 1efe1542 02033efe 15022700 54010300 
00008910: 20504015 89001205 1efe1502 13020901 
00008920: 13010900 e7065402 000c01da 04000010 
00008930: 0f068401 00000f04 84190f01 548a0000 
00008940: 00000000 2a073b03 06000700 00000f05 
00008950: 54050f01 546c0000 00000000 120d2e1b 
00008960: 05021705 54020004 0000f0c4 04000b01 
00008970: 2f004200 00040000 05f00c30 3025a000 
00008980: 00028000 01000028 00000000 32033efe 
00008990: 15421205 3efe1502 27005403 030c2010 
000089a0: 40158900 22013efe 15021303 09001304 
000089b0: 0901e706 5402000c 01da0400 00100f06 
000089c0: 84010000 0f068401 00000f04 84190f01 
000089d0: 54fa0100 00000000 1c8a2200 0a000000 
000089e0: 2a073203 07000f05 54050f01 54920000 
000089f0: 00000000 1c882200 0a000000 2a073b03 
00008a00: 06000700 00000f05 54050f01 546c0000 
00008a10: 00000000 120d2e1b 05021705 54020004 
00008a20: 0000f0c4 04000b01 2f004200 00040000 
00008a30: 05f00c30 3025a000 00028000 01000028 
00008a40: 00000000 52011efe 15420205 3efe1502 
00008a50: 27005401 03002050 40158900 12031efe 
00008a60: 15021302 09011301 0900e706 5402000c 
00008a70: 01ca0400 00100f06 84010000 0f048419 
00008a80: 0f015442 01000000 00001c8c 22000a00 
00008a90: 00002a87 22830700 0f055405 0f015492 
00008aa0: 00000000 00001c8a 22000a00 00002a07 
00008ab0: 3b030600 07000000 0f055405 0f01546c 
00008ac0: 00000000 0000120d 2e1b0502 17055402 
00008ad0: 00040000 f0c40400 0b012f00 42000004 
00008ae0: 000005f0 0c303025 a0000002 80000100 
00008af0: 00280000 00005201 1efe1542 02033efe 
00008b00: 15022700 54010300 20504015 89001205 
00008b10: 1efe1502 13020901 13010900 e7065402 
00008b20: 000c01ca 04000010 0f068401 00000f04 
00008b30: 84190f01 548a0000 00000000 2a073b03 
00008b40: 06000700 00000f05 54050f01 546c0000 
00008b50: 00000000 120d2e1b 05021705 54020004 
00008b60: 0000f0c4 04000b01 2f004200 00040000 
00008b70: 05f00cb0 3025a000 00028000 01000028 
00008b80: 00000000 32033efe 15421205 3efe1502 
00008b90: 27005403 03042030 40158900 22013efe 
00008ba0: 15021303 09001304 0901e706 5402000c 
00008bb0: 01ca0400 00100f06 04010000 0f060401 
00008bc0: 00000f06 04010000 0f060401 00000f06 
00008bd0: 04010000 0f040419 0f015406 07000000 
00008be0: 00001c9a 22000a00 00002a07 32030700 
00008bf0: 0f055405 0f015492 03000000 00001c94 
00008c00: 22000a00 00002a87 32030700 0f055405 
00008c10: 0f015454 01000000 00001c92 22000a00 
00008c20: 00002a87 23830300 07000000 00002000 
00008c30: 0f055405 0f015492 00000000 00001c8e 
00008c40: 22000a00 00002a07 3b030600 07000000 
00008c50: 0f055405 0f01546c 00000000 0000120d 
00008c60: 2e1b0502 17055402 00040000 f0c40400 
00008c70: 0b012f00 42000004 000005f0 0c303025 
00008c80: a0000002 80000100 00280000 00003203 
00008c90: 3efe1542 12053efe 15022700 54030304 
00008ca0: 20304015 89002201 3efe1502 13030900 
00008cb0: 13040901 e7065402 000c01da 04000010 
00008cc0: 0f068401 00000f04 84190f01 54940000 
00008cd0: 00000000 2a073b03 06000700 00000f05 
00008ce0: 54050f01 54760000 00000000 120d2e1b 
00008cf0: 05021705 54020004 0000f0c4 04000b01 
00008d00: 2f004200 00040000 05f00c38 3025a000 
00008d10: 00028000 01000028 00000000 52011efe 
00008d20: 15420203 3efe1502 22053efe 15022700 
00008d30: 54020200 20504015 89000207 3efe1502 
00008d40: 27005403 02002020 40158900 e7065402 
00008d50: 000c01ce 04000010 0f068401 00000f06 
00008d60: 84010000 0f048419 0f015418 02000000 
00008d70: 00001c96 22000a00 00002a87 32030700 
00008d80: 0f055405 0f01549c 00000000 00001c94 
00008d90: 22000a00 00002a07 3b030600 07000000 
00008da0: 0f055405 0f015476 00000000 0000120d 
00008db0: 2e1b0502 17055402 00040000 f0c40400 
00008dc0: 0b012f00 42000004 000005f0 0c383025 
00008dd0: a0000002 80000100 00280000 00005203 
00008de0: 1efe1542 12051efe 15022201 3efe1502 
00008df0: 27005402 02142010 40158900 02073efe 
00008e00: 15022700 54030200 20204015 8900e706 
00008e10: 5402000c 01ce0400 00100f06 84010000 
00008e20: 0f048419 0f015456 01000000 00001c98 
00008e30: 22000a00 00002a87 22830700 0f055405 
00008e40: 0f01549c 00000000 00001c96 22000a00 
00008e50: 00002a07 3b030600 07000000 0f055405 
00008e60: 0f015476 00000000 0000120d 2e1b0502 
00008e70: 17055402 00040000 f0c40400 0b012f00 
00008e80: 42000004 000005f0 0c383025 a0000002 
00008e90: 80000100 00280000 00007201 1efe1542 
00008ea0: 02073efe 15025203 1efe1502 27005402 
00008eb0: 02002070 40158900 02053efe 15022700 
00008ec0: 54030214 20004015 8900e706 5402000c 
00008ed0: 01ce0400 00100f06 84010000 0f048419 
00008ee0: 0f015494 00000000 00002a07 3b030600 
00008ef0: 07000000 0f055405 0f015476 00000000 
00008f00: 0000120d 2e1b0502 17055402 00040000 
00008f10: f0c40400 0b012f00 42000004 000005f0 
00008f20: 0c383025 a0000002 80000100 00280000 
00008f30: 00007201 1efe1542 02073efe 15025203 
00008f40: 1efe1502 27005402 02002070 40158900 
00008f50: 02053efe 15022700 54030200 20504015 
00008f60: 8900e706 5402000c 01ce0400 00100f06 
00008f70: 84010000 0f068401 00000f06 84010000 
00008f80: 0f068401 00000f04 84190f01 544e0300 
00008f90: 00000000 1ca22200 0a000000 2a873203 
00008fa0: 07000f05 54050f01 54d60100 00000000 
00008fb0: 1c9c2200 0a000000 2a873203 07000f05 
00008fc0: 54050f01 549c0000 00000000 1c9a2200 
00008fd0: 0a000000 2a073b03 06000700 00000f05 
00008fe0: 54050f01 54760000 00000000 120d2e1b 
00008ff0: 05021705 54020004 0000f0c4 04000b01 
00009000: 2f004200 00040000 05f00c38 3025a000 
00009010: 00028000 01000028 00000000 62033efe 
00009020: 15421207 1efe1502 52011efe 15022700 
00009030: 54020204 20604015 89000205 3efe1502 
00009040: 27005403 02142000 40158900 e7065402 
00009050: 000c01ce 04000010 0f068401 00000f04 
00009060: 84190f01 54140100 00000000 1ca02200 
00009070: 0a000000 2a872283 07000f05 54050f01 
00009080: 549c0000 00000000 1c9c2200 0a000000 
00009090: 2a073b03 06000700 00000f05 54050f01 
000090a0: 54760000 00000000 120d2e1b 05021705 
000090b0: 54020004 0000f0c4 04000b01 2f004200 
000090c0: 00040000 05f00c38 3025a000 00028000 
000090d0: 01000028 00000000 52031efe 15421205 
000090e0: 1efe1502 22013efe 15022700 54020204 
000090f0: 20504015 89000207 3efe1502 27005403 
00009100: 02002020 40158900 e7065402 000c01ce 
00009110: 04000010 0f068401 00000f04 84190f01 
00009120: 54520000 00000000 2a073b03 06000700 
00009130: 00000f05 54052b01 2f004200 00040000 
00009140: 05f20c20 10258000 00028000 01000028 
00009150: 00000000 97245401 02000090 4440e706 
00009160: 5401000c 01820400 00100f06 84010000 
00009170: 0f068401 00000f06 84010000 0f048419 
00009180: 0f015452 01000000 00001ca4 22000a00 
00009190: 00002a87 32030700 0f055405 0f01545a 
000091a0: 00000000 00001ca2 22000a00 00002a07 
000091b0: 3b030600 07000000 0f055405 2b012f00 
000091c0: 42000004 000005f2 0c201025 80000002 
000091d0: 80000100 00280000 00009724 54010200 
000091e0: 00904440 e7065401 000c0194 04000010 
000091f0: 0f068401 00000f04 84190f01 54d20000 
00009200: 00000000 1ca62200 0a000000 2a872283 
00009210: 07000f05 54050f01 545a0000 00000000 
00009220: 1ca42200 0a000000 2a073b03 06000700 
00009230: 00000f05 54052b01 2f004200 00040000 
00009240: 05f20c20 10258000 00028000 01000028 
00009250: 00000000 97245401 02000090 4440e706 
00009260: 5401000c 01820400 00100f06 84010000 
00009270: 0f048419 0f015452 00000000 00002a07 
00009280: 3b030600 07000000 0f055405 2b012f00 
00009290: 42000004 000005f2 0ca01025 80000002 
000092a0: 80000100 00280000 00009724 54010200 
000092b0: 00904440 e7065401 000c0182 04000010 
000092c0: 0f060401 00000f06 04010000 0f060401 
000092d0: 00000f06 04010000 0f060401 00000f06 
000092e0: 04010000 0f060401 00000f06 04010000 
000092f0: 0f040419 0f015424 2f000000 00001c88 
00009300: 22000c00 00002a87 32030700 0f055405 
00009310: 0f015478 17000000 00001cd8 22000a00 
00009320: 00002a87 32030700 0f055405 0f01548a 
00009330: 0a000000 00001cc0 22000a00 00002a87 
00009340: 32030700 0f055405 0f0154e2 04000000 
00009350: 00001cb4 22000a00 00002a87 32030700 
00009360: 0f055405 0f01544a 02000000 00001cae 
00009370: 22000a00 00002a87 32030700 0f059405 
00009380: 0f0154d2 00000000 00001caa 22000a00 
00009390: 00002a87 22830700 0f055405 0f01545a 
000093a0: 00000000 00001ca8 22000a00 00002a07 
000093b0: 3b030600 07000000 0f055405 2b012f00 
000093c0: 42000004 000005f2 0c201025 80000002 
000093d0: 80000100 00280000 00009724 54010200 
000093e0: 00904440 e7065401 000c019c 04000010 
000093f0: 0f068401 00000f04 84190f01 54520000 
00009400: 00000000 2a073b03 06000700 00000f05 
00009410: 54052b01 2f004200 00040000 05f20c20 
00009420: 10258000 00028000 01000028 00000000 
00009430: 97245401 02000090 4440e706 5401000c 
00009440: 01940400 00100f06 84010000 0f068401 
00009450: 00000f04 84190f01 54520100 00000000 
00009460: 1cb02200 0a000000 2a873203 07000f05 
00009470: 54050f01 545a0000 00000000 1cae2200 
00009480: 0a000000 2a073b03 06000700 00000f05 
00009490: 54052b01 2f004200 00040000 05f20c28 
000094a0: 30258000 00028000 01000028 00000000 
000094b0: 97245402 020008d0 4542e706 5402000c 
000094c0: 01920400 00100f06 84010000 0f048419 
000094d0: 0f0154d2 00000000 00001cb2 22000a00 
000094e0: 00002a87 22830700 0f055405 0f01545a 
000094f0: 00000000 00001cb0 22000a00 00002a07 
00009500: 3b030600 07000000 0f055405 2b012f00 
00009510: 42000004 000005f2 0c283025 80000002 
00009520: 80000100 00280000 00009724 54020204 
00009530: 00d04542 e7065402 000c0198 04000010 
00009540: 0f068401 00000f04 84190f01 54520000 
00009550: 00000000 2a073b03 06000700 00000f05 
00009560: 54052b01 2f004200 00040000 05f20c28 
00009570: 30258000 00028000 01000028 00000000 
00009580: 97245402 020008d0 4542e706 5402000c 
00009590: 019e0400 00100f06 84010000 0f068401 
000095a0: 00000f06 84010000 0f068401 00000f04 
000095b0: 84190f01 54720200 00000000 1cb82200 
000095c0: 0a000000 2a873203 07000f05 54050f01 
000095d0: 54d20000 00000000 1cb62200 0a000000 
000095e0: 2a872283 07000f05 54050f01 545a0000 
000095f0: 00000000 1cb42200 0a000000 2a073b03 
00009600: 06000700 00000f05 54052b01 2f004200 
00009610: 00040000 05f20c28 30258000 00028000 
00009620: 01000028 00000000 97245402 020008d0 
00009630: 4542e706 5402000c 01960400 00100f06 
00009640: 84010000 0f048419 0f015452 00000000 
00009650: 00002a07 3b030600 07000000 0f055405 
00009660: 2b012f00 42000004 000005f2 0c283025 
00009670: 80000002 80000100 00280000 00009724 
00009680: 54020204 00d04542 e7065402 000c019e 
00009690: 04000010 0f068401 00000f06 84010000 
000096a0: 0f048419 0f01547a 01000000 00001cbc 
000096b0: 22000a00 00002a87 32030700 0f055405 
000096c0: 0f01545a 00000000 00001cb8 22000a00 
000096d0: 00002a07 3b030600 07000000 0f055405 
000096e0: 2b012f00 42000004 000005f2 0c283025 
000096f0: 80000002 80000100 00280000 00009724 
00009700: 54020204 00d04542 e7065402 000c0196 
00009710: 04000010 0f068401 00000f04 84190f01 
00009720: 54fa0000 00000000 1cbe2200 0a000000 
00009730: 2a872283 07000f05 54050f01 546e0000 
00009740: 00000000 1cbc2200 0a000000 2a073b03 
00009750: 06000700 00000f05 54050f01 54480000 
00009760: 00000000 2b012f00 42000004 000005f2 
00009770: 0c303025 80000002 80000100 00280000 
00009780: 00009724 54020200 08d04542 97045404 
00009790: 02080090 4440e706 5402000c 019a0400 
000097a0: 00100f06 84010000 0f048419 0f015466 
000097b0: 00000000 00002a07 3b030600 07000000 
000097c0: 0f055405 0f015448 00000000 00002b01 
000097d0: 2f004200 00040000 05f20c30 30258000 
000097e0: 00028000 01000028 00000000 97245402 
000097f0: 020808d0 45429704 54040200 00904440 
00009800: e7065402 000c019a 04000010 0f068401 
00009810: 00000f06 84010000 0f068401 00000f06 
00009820: 84010000 0f068401 00000f04 84190f01 
00009830: 54820500 00000000 1ccc2200 0a000000 
00009840: 2a873203 07000f05 54050f01 54ae0200 
00009850: 00000000 1cc42200 0a000000 2a873203 
00009860: 07000f05 54050f01 54fa0000 00000000 
00009870: 1cc22200 0a000000 2a872283 07000f05 
00009880: 54050f01 546e0000 00000000 1cc02200 
00009890: 0a000000 2a073b03 06000700 00000f05 
000098a0: 54050f01 54480000 00000000 2b012f00 
000098b0: 42000004 000005f2 0c303025 80000002 
000098c0: 80000100 00280000 00009724 54040200 
000098d0: 10d04542 97045406 02040090 4440e706 
000098e0: 5404000c 018a0400 00100f06 84010000 
000098f0: 0f048419 0f015466 00000000 00002a07 
00009900: 3b030600 07000000 0f055405 0f015448 
00009910: 00000000 00002b01 2f004200 00040000 
00009920: 05f20c30 30258000 00028000 01000028 
00009930: 00000000 97245402 020008d0 45429704 
00009940: 54040208 00904440 e7065402 000c018a 
00009950: 04000010 0f068401 00000f06 84010000 
00009960: 0f048419 0f01548e 01000000 00001cc6 
00009970: 22000a00 00002a87 32030700 0f055405 
00009980: 0f01546e 00000000 00001cc4 22000a00 
00009990: 00002a07 3b030600 07000000 0f055405 
000099a0: 0f015448 00000000 00002b01 2f004200 
000099b0: 00040000 05f20c30 30258000 00028000 
000099c0: 01000028 00000000 97245402 020410d0 
000099d0: 45429704 54040200 00904440 e7065402 
000099e0: 000c018a 04000010 0f068401 00000f04 
000099f0: 84190f01 54fa0000 00000000 1cca2200 
00009a00: 0a000000 2a872283 07000f05 54050f01 
00009a10: 546e0000 00000000 1cc62200 0a000000 
00009a20: 2a073b03 06000700 00000f05 54050f01 
00009a30: 54480000 00000000 2b012f00 42000004 
00009a40: 000005f2 0c303025 80000002 80000100 
00009a50: 00280000 00009724 54020204 10d04542 
00009a60: 97045404 02000090 4440e706 5402000c 
00009a70: 019a0400 00100f06 84010000 0f048419 
00009a80: 0f015466 00000000 00002a07 3b030600 
00009a90: 07000000 0f055405 0f015448 00000000 
00009aa0: 00002b01 2f004200 00040000 05f20c38 
00009ab0: 30258000 00028000 01000028 00000000 
00009ac0: 97245402 020008d0 45429704 54040208 
00009ad0: 18d04542 e7065402 000c018e 04000010 
00009ae0: 0f068401 00000f06 84010000 0f068401 
00009af0: 00000f06 84010000 0f048419 0f0154ae 
00009b00: 02000000 00001cd0 22000a00 00002a87 
00009b10: 32030700 0f055405 0f0154fa 00000000 
00009b20: 00001cce 22000a00 00002a87 22830700 
00009b30: 0f055405 0f01546e 00000000 00001ccc 
00009b40: 22000a00 00002a07 3b030600 07000000 
00009b50: 0f055405 0f015448 00000000 00002b01 
00009b60: 2f004200 00040000 05f20c38 30258000 
00009b70: 00028000 01000028 00000000 97245402 
00009b80: 020808d0 45429704 54040200 18d04542 
00009b90: e7065402 000c018e 04000010 0f068401 
00009ba0: 00000f04 84190f01 54660000 00000000 
00009bb0: 2a073b03 06000700 00000f05 54050f01 
00009bc0: 54480000 00000000 2b012f00 42000004 
00009bd0: 000005f2 0c383025 80000002 80000100 
00009be0: 00280000 00009724 540a0200 18d04542 
00009bf0: 9704540c 020808d0 4542e706 540a000c 
00009c00: 018e0400 00100f06 84010000 0f068401 
00009c10: 00000f04 84190f01 548e0100 00000000 
00009c20: 1cd22200 0a000000 2a873203 07000f05 
00009c30: 54050f01 546e0000 00000000 1cd02200 
00009c40: 0a000000 2a073b03 06000700 00000f05 
00009c50: 54050f01 54480000 00000000 2b012f00 
00009c60: 42000004 000005f2 0c383025 80000002 
00009c70: 80000100 00280000 00009724 540a0200 
00009c80: 18d04542 9704540c 020410d0 4542e706 
00009c90: 540a000c 018e0400 00100f06 84010000 
00009ca0: 0f048419 0f0154fa 00000000 00001cd4 
00009cb0: 22000a00 00002a87 22830700 0f055405 
00009cc0: 0f01546e 00000000 00001cd2 22000a00 
00009cd0: 00002a07 3b030600 07000000 0f055405 
00009ce0: 0f015448 00000000 00002b01 2f004200 
00009cf0: 00040000 05f20c38 30258000 00028000 
00009d00: 01000028 00000000 97245402 020418d0 
00009d10: 45429704 54040208 00d04542 e7065402 
00009d20: 000c018e 04000010 0f068401 00000f04 
00009d30: 84190f01 54660000 00000000 2a073b03 
00009d40: 06000700 00000f05 54050f01 54480000 
00009d50: 00000000 2b012f00 42000004 000005f2 
00009d60: 0cb83025 80000002 80000100 00280000 
00009d70: 00009724 54020204 10d04542 97045404 
00009d80: 020018d0 4542e706 5402000c 018e0400 
00009d90: 00100f06 04010000 0f060401 00000f06 
00009da0: 04010000 0f060401 00000f06 04010000 
00009db0: 0f060401 00000f04 04190f01 54c80c00 
00009dc0: 00000000 1cee2200 0a000000 2a873203 
00009dd0: 07000f05 54050f01 54da0500 00000000 
00009de0: 1ce22200 0a000000 2a873203 07000f05 
00009df0: 54050f01 54de0200 00000000 1cdc2200 
00009e00: 0a000000 2a873203 07000f05 54050f01 
00009e10: 54120100 00000000 1cda2200 0a000000 
00009e20: 2a872383 03000700 00000000 20000f05 
00009e30: 54050f01 54760000 00000000 1cd82200 
00009e40: 0a000000 2a073b03 06000700 00000f05 
00009e50: 54050f01 54500000 00000000 120d2e1b 
00009e60: 05021705 54020004 0000f0c4 04000b01 
00009e70: 2f004200 00040000 05f00c20 1025a000 
00009e80: 00028000 01000028 00000000 97245401 
00009e90: 02000090 4440e706 5401000c 01820400 
00009ea0: 00100f06 84010000 0f048419 0f01546e 
00009eb0: 00000000 00002a07 3b030600 07000000 
00009ec0: 0f055405 0f015450 00000000 0000120d 
00009ed0: 2e1b0502 17055402 00040000 f0c40400 
00009ee0: 0b012f00 42000004 000005f0 0c201025 
00009ef0: a0000002 80000100 00280000 00009724 
00009f00: 54010200 00904440 e7065401 000c0194 
00009f10: 04000010 0f068401 00000f06 84010000 
00009f20: 0f048419 0f0154a6 01000000 00001cde 
00009f30: 22000a00 00002a87 32030700 0f055405 
00009f40: 0f015476 00000000 00001cdc 22000a00 
00009f50: 00002a07 3b030600 07000000 0f055405 
00009f60: 0f015450 00000000 0000120d 2e1b0502 
00009f70: 17055402 00040000 f0c40400 0b012f00 
00009f80: 42000004 000005f0 0c201025 a0000002 
00009f90: 80000100 00280000 00009724 54010200 
00009fa0: 00904440 e7065401 000c0182 04000010 
00009fb0: 0f068401 00000f04 84190f01 540a0100 
00009fc0: 00000000 1ce02200 0a000000 2a872283 
00009fd0: 07000f05 54050f01 54760000 00000000 
00009fe0: 1cde2200 0a000000 2a073b03 06000700 
00009ff0: 00000f05 54050f01 54500000 00000000 
0000a000: 120d2e1b 05021705 54020004 0000f0c4 
0000a010: 04000b01 2f004200 00040000 05f00c20 
0000a020: 1025a000 00028000 01000028 00000000 
0000a030: 97245401 02000090 4440e706 5401000c 
0000a040: 01820400 00100f06 84010000 0f048419 
0000a050: 0f01546e 00000000 00002a07 3b030600 
0000a060: 07000000 0f055405 0f015450 00000000 
0000a070: 0000120d 2e1b0502 17055402 00040000 
0000a080: f0c40400 0b012f00 42000004 000005f0 
0000a090: 0c201025 a0000002 80000100 00280000 
0000a0a0: 00009724 54010200 00904440 e7065401 
0000a0b0: 000c019c 04000010 0f068401 00000f06 
0000a0c0: 84010000 0f068401 00000f06 84010000 
0000a0d0: 0f048419 0f0154d6 02000000 00001ce8 
0000a0e0: 22000a00 00002a87 32030700 0f055405 
0000a0f0: 0f01540a 01000000 00001ce6 22000a00 
0000a100: 00002a87 22830700 0f055405 0f015476 
0000a110: 00000000 00001ce2 22000a00 00002a07 
0000a120: 3b030600 07000000 0f055405 0f015450 
0000a130: 00000000 0000120d 2e1b0502 17055402 
0000a140: 00040000 f0c40400 0b012f00 42000004 
0000a150: 000005f0 0c201025 a0000002 80000100 
0000a160: 00280000 00009724 54010200 00904440 
0000a170: e7065401 000c0194 04000010 0f068401 
0000a180: 00000f04 84190f01 546e0000 00000000 
0000a190: 2a073b03 06000700 00000f05 54050f01 
0000a1a0: 54500000 00000000 120d2e1b 05021705 
0000a1b0: 54020004 0000f0c4 04000b01 2f004200 
0000a1c0: 00040000 05f00c28 3025a000 00028000 
0000a1d0: 01000028 00000000 97245402 020008d0 
0000a1e0: 4542e706 5402000c 01920400 00100f06 
0000a1f0: 84010000 0f068401 00000f04 84190f01 
0000a200: 54a60100 00000000 1cea2200 0a000000 
0000a210: 2a873203 07000f05 54050f01 54760000 
0000a220: 00000000 1ce82200 0a000000 2a073b03 
0000a230: 06000700 00000f05 54050f01 54500000 
0000a240: 00000000 120d2e1b 05021705 54020004 
0000a250: 0000f0c4 04000b01 2f004200 00040000 
0000a260: 05f00c28 3025a000 00028000 01000028 
0000a270: 00000000 97245402 020400d0 4542e706 
0000a280: 5402000c 01980400 00100f06 84010000 
0000a290: 0f048419 0f01540a 01000000 00001cec 
0000a2a0: 22000a00 00002a87 22830700 0f055405 
0000a2b0: 0f015476 00000000 00001cea 22000a00 
0000a2c0: 00002a07 3b030600 07000000 0f055405 
0000a2d0: 0f015450 00000000 0000120d 2e1b0502 
0000a2e0: 17055402 00040000 f0c40400 0b012f00 
0000a2f0: 42000004 000005f0 0c283025 a0000002 
0000a300: 80000100 00280000 00009724 54020200 
0000a310: 08d04542 e7065402 000c019e 04000010 
0000a320: 0f068401 00000f04 84190f01 546e0000 
0000a330: 00000000 2a073b03 06000700 00000f05 
0000a340: 54050f01 54500000 00000000 120d2e1b 
0000a350: 05021705 54020004 0000f0c4 04000b01 
0000a360: 2f004200 00040000 05f00c28 3025a000 
0000a370: 00028000 01000028 00000000 97245402 
0000a380: 020008d0 4542e706 5402000c 01960400 
0000a390: 00100f06 84010000 0f068401 00000f06 
0000a3a0: 84010000 0f068401 00000f06 84010000 
0000a3b0: 0f048419 0f0154c8 06000000 00001cfa 
0000a3c0: 22000a00 00002a87 32030700 0f055405 
0000a3d0: 0f0154f4 02000000 00001cf4 22000a00 
0000a3e0: 00002a87 32030700 0f055405 0f01540a 
0000a3f0: 01000000 00001cf0 22000a00 00002a87 
0000a400: 22830700 0f055405 0f015476 00000000 
0000a410: 00001cee 22000a00 00002a07 3b030600 
0000a420: 07000000 0f055405 0f015450 00000000 
0000a430: 0000120d 2e1b0502 17055402 00040000 
0000a440: f0c40400 0b012f00 42000004 000005f0 
0000a450: 0c283025 a0000002 80000100 00280000 
0000a460: 00009724 54020204 00d04542 e7065402 
0000a470: 000c019e 04000010 0f068401 00000f04 
0000a480: 84190f01 546e0000 00000000 2a073b03 
0000a490: 06000700 00000f05 54050f01 54500000 
0000a4a0: 00000000 120d2e1b 05021705 54020004 
0000a4b0: 0000f0c4 04000b01 2f004200 00040000 
0000a4c0: 05f00c28 3025a000 00028000 01000028 
0000a4d0: 00000000 97245402 020400d0 4542e706 
0000a4e0: 5402000c 01960400 00100f06 84010000 
0000a4f0: 0f068401 00000f04 84190f01 54c40100 
0000a500: 00000000 1cf62200 0a000000 2a873203 
0000a510: 07000f05 54050f01 54800000 00000000 
0000a520: 1cf42200 0a000000 2a073b03 06000700 
0000a530: 00000f05 54050f01 545a0000 00000000 
0000a540: 120d2e1b 05021705 54020004 0000f0c4 
0000a550: 04000b01 2f004200 00040000 05f00c30 
0000a560: 3025a000 00028000 01000028 00000000 
0000a570: 97245402 020008d0 45429704 54040208 
0000a580: 00904440 e7065402 000c019a 04000010 
0000a590: 0f068401 00000f04 84190f01 541e0100 
0000a5a0: 00000000 1cf82200 0a000000 2a872283 
0000a5b0: 07000f05 54050f01 54800000 00000000 
0000a5c0: 1cf62200 0a000000 2a073b03 06000700 
0000a5d0: 00000f05 54050f01 545a0000 00000000 
0000a5e0: 120d2e1b 05021705 54020004 0000f0c4 
0000a5f0: 04000b01 2f004200 00040000 05f00c30 
0000a600: 3025a000 00028000 01000028 00000000 
0000a610: 97245402 020808d0 45429704 54040200 
0000a620: 00904440 e7065402 000c019a 04000010 
0000a630: 0f068401 00000f04 84190f01 54780000 
0000a640: 00000000 2a073b03 06000700 00000f05 
0000a650: 54050f01 545a0000 00000000 120d2e1b 
0000a660: 05021705 54020004 0000f0c4 04000b01 
0000a670: 2f004200 00040000 05f00c30 3025a000 
0000a680: 00028000 01000028 00000000 97245404 
0000a690: 020010d0 45429704 54060204 00904440 
0000a6a0: e7065404 000c018a 04000010 0f068401 
0000a6b0: 00000f06 84010000 0f068401 00000f06 
0000a6c0: 84010000 0f048419 0f0154ae 03000000 
0000a6d0: 00001c82 22000c00 00002a87 32030700 
0000a6e0: 0f055405 0f0154c4 01000000 00001cfc 
0000a6f0: 22000a00 00002a87 32030700 0f055405 
0000a700: 0f015480 00000000 00001cfa 22000a00 
0000a710: 00002a07 3b030600 07000000 0f055405 
0000a720: 0f01545a 00000000 0000120d 2e1b0502 
0000a730: 17055402 00040000 f0c40400 0b012f00 
0000a740: 42000004 000005f0 0c303025 a0000002 
0000a750: 80000100 00280000 00009724 54020200 
0000a760: 08d04542 97045404 02080090 4440e706 
0000a770: 5402000c 018a0400 00100f06 84010000 
0000a780: 0f048419 0f01541e 01000000 00001cfe 
0000a790: 22000a00 00002a87 22830700 0f055405 
0000a7a0: 0f015480 00000000 00001cfc 22000a00 
0000a7b0: 00002a07 3b030600 07000000 0f055405 
0000a7c0: 0f01545a 00000000 0000120d 2e1b0502 
0000a7d0: 17055402 00040000 f0c40400 0b012f00 
0000a7e0: 42000004 000005f0 0c303025 a0000002 
0000a7f0: 80000100 00280000 00009724 54020204 
0000a800: 10d04542 97045404 02000090 4440e706 
0000a810: 5402000c 018a0400 00100f06 84010000 
0000a820: 0f048419 0f015478 00000000 00002a07 
0000a830: 3b030600 07000000 0f055405 0f01545a 
0000a840: 00000000 0000120d 2e1b0502 17055402 
0000a850: 00040000 f0c40400 0b012f00 42000004 
0000a860: 000005f0 0c303025 a0000002 80000100 
0000a870: 00280000 00009724 54020204 10d04542 
0000a880: 97045404 02000090 4440e706 5402000c 
0000a890: 019a0400 00100f06 84010000 0f068401 
0000a8a0: 00000f06 84010000 0f048419 0f0154c4 
0000a8b0: 01000000 00001c84 22000c00 00002a87 
0000a8c0: 32030700 0f055405 0f015480 00000000 
0000a8d0: 00001c82 22000c00 00002a07 3b030600 
0000a8e0: 07000000 0f055405 0f01545a 00000000 
0000a8f0: 0000120d 2e1b0502 17055402 00040000 
0000a900: f0c40400 0b012f00 42000004 000005f0 
0000a910: 0c383025 a0000002 80000100 00280000 
0000a920: 00009724 54020200 08d04542 97045404 
0000a930: 020818d0 4542e706 5402000c 018e0400 
0000a940: 00100f06 84010000 0f048419 0f01541e 
0000a950: 01000000 00001c86 22000c00 00002a87 
0000a960: 22830700 0f055405 0f015480 00000000 
0000a970: 00001c84 22000c00 00002a07 3b030600 
0000a980: 07000000 0f055405 0f01545a 00000000 
0000a990: 0000120d 2e1b0502 17055402 00040000 
0000a9a0: f0c40400 0b012f00 42000004 000005f0 
0000a9b0: 0c383025 a0000002 80000100 00280000 
0000a9c0: 00009724 54020208 08d04542 97045404 
0000a9d0: 020018d0 4542e706 5402000c 018e0400 
0000a9e0: 00100f06 84010000 0f048419 0f015478 
0000a9f0: 00000000 00002a07 3b030600 07000000 
0000aa00: 0f055405 0f01545a 00000000 0000120d 
0000aa10: 2e1b0502 17055402 00040000 f0c40400 
0000aa20: 0b012f00 42000004 000005f0 0cb83025 
0000aa30: a0000002 80000100 00280000 00009724 
0000aa40: 540a0200 18d04542 9704540c 020808d0 
0000aa50: 4542e706 540a000c 018e0400 00100f06 
0000aa60: 04010000 0f060401 00000f06 04010000 
0000aa70: 0f060401 00000f06 04010000 0f060401 
0000aa80: 00000f06 04010000 0f040419 0f015486 
0000aa90: 17000000 00001cba 22000c00 00002a87 
0000aaa0: 32030700 0f055405 0f01540c 0b000000 
0000aab0: 00001ca0 22000c00 00002a87 32030700 
0000aac0: 0f055405 0f015434 05000000 00001c94 
0000aad0: 22000c00 00002a87 32030700 0f055405 
0000aae0: 0f0154c4 02000000 00001c8c 22000c00 
0000aaf0: 00002a87 32030700 0f055405 0f015426 
0000ab00: 01000000 00001c8a 22000c00 00002a87 
0000ab10: 23830300 07000000 00002000 0f055405 
0000ab20: 0f015480 00000000 00001c88 22000c00 
0000ab30: 00002a07 3b030600 07000000 0f055405 
0000ab40: 0f01545a 00000000 0000120d 2e1b0502 
0000ab50: 17055402 00040000 f0c40400 0b012f00 
0000ab60: 42000004 000005f0 0c383025 a0000002 
0000ab70: 80000100 00280000 00009724 540a0200 
0000ab80: 18d04542 9704540c 020410d0 4542e706 
0000ab90: 540a000c 018e0400 00100f06 84010000 
0000aba0: 0f048419 0f015478 00000000 00002a07 
0000abb0: 3b030600 07000000 0f055405 0f01545a 
0000abc0: 00000000 0000120d 2e1b0502 17055402 
0000abd0: 00040000 f0c40400 0b012f00 42000004 
0000abe0: 000005f0 0c383025 a0000002 80000100 
0000abf0: 00280000 00009724 54020204 18d04542 
0000ac00: 97045404 020800d0 4542e706 5402000c 
0000ac10: 018e0400 00100f06 84010000 0f068401 
0000ac20: 00000f04 84190f01 54780100 00000000 
0000ac30: 1c902200 0c000000 2a873203 07000f05 
0000ac40: 54050f01 54800000 00000000 1c8c2200 
0000ac50: 0c000000 2a073b03 06000700 00000f05 
0000ac60: 54050f01 545a0000 00000000 120d2e1b 
0000ac70: 05021705 54020004 0000f0c4 04000b01 
0000ac80: 2f004200 00040000 05f00c38 3025a000 
0000ac90: 00028000 01000028 00000000 97245402 
0000aca0: 020410d0 45429704 54040200 18d04542 
0000acb0: e7065402 000c018e 04000010 0f068401 
0000acc0: 00000f04 84190f01 54d20000 00000000 
0000acd0: 1c922200 0c000000 2a872283 07000f05 
0000ace0: 54050f01 545a0000 00000000 1c902200 
0000acf0: 0c000000 2a073b03 06000700 00000f05 
0000ad00: 54052b01 2f004200 00040000 05f20c20 
0000ad10: 10258000 00028000 01000028 00000000 
0000ad20: 97245401 02000090 4480e706 5401000c 
0000ad30: 01820400 00100f06 84010000 0f048419 
0000ad40: 0f015452 00000000 00002a07 3b030600 
0000ad50: 07000000 0f055405 2b012f00 42000004 
0000ad60: 000005f2 0c201025 80000002 80000100 
0000ad70: 00280000 00009724 54010200 00904480 
0000ad80: e7065401 000c0194 04000010 0f068401 
0000ad90: 00000f06 84010000 0f068401 00000f06 
0000ada0: 84010000 0f048419 0f01544a 02000000 
0000adb0: 00001c98 22000c00 00002a87 32030700 
0000adc0: 0f055405 0f0154d2 00000000 00001c96 
0000add0: 22000c00 00002a87 22830700 0f055405 
0000ade0: 0f01545a 00000000 00001c94 22000c00 
0000adf0: 00002a07 3b030600 07000000 0f055405 
0000ae00: 2b012f00 42000004 000005f2 0c201025 
0000ae10: 80000002 80000100 00280000 00009724 
0000ae20: 54010200 00904480 e7065401 000c0182 
0000ae30: 04000010 0f068401 00000f04 84190f01 
0000ae40: 54520000 00000000 2a073b03 06000700 
0000ae50: 00000f05 54052b01 2f004200 00040000 
0000ae60: 05f20c20 10258000 00028000 01000028 
0000ae70: 00000000 97245401 02000090 4480e706 
0000ae80: 5401000c 01820400 00100f06 84010000 
0000ae90: 0f068401 00000f04 84190f01 54520100 
0000aea0: 00000000 1c9a2200 0c000000 2a873203 
0000aeb0: 07000f05 54050f01 545a0000 00000000 
0000aec0: 1c982200 0c000000 2a073b03 06000700 
0000aed0: 00000f05 54052b01 2f004200 00040000 
0000aee0: 05f20c20 10258000 00028000 01000028 
0000aef0: 00000000 97245401 02000090 4480e706 
0000af00: 5401000c 019c0400 00100f06 84010000 
0000af10: 0f048419 0f0154d2 00000000 00001c9e 
0000af20: 22000c00 00002a87 22830700 0f055405 
0000af30: 0f01545a 00000000 00001c9a 22000c00 
0000af40: 00002a07 3b030600 07000000 0f055405 
0000af50: 2b012f00 42000004 000005f2 0c201025 
0000af60: 80000002 80000100 00280000 00009724 
0000af70: 54010200 00904480 e7065401 000c0194 
0000af80: 04000010 0f068401 00000f04 84190f01 
0000af90: 54520000 00000000 2a073b03 06000700 
0000afa0: 00000f05 54052b01 2f004200 00040000 
0000afb0: 05f20c28 30258000 00028000 01000028 
0000afc0: 00000000 97245402 020008d0 4582e706 
0000afd0: 5402000c 01920400 00100f06 84010000 
0000afe0: 0f068401 00000f06 84010000 0f068401 
0000aff0: 00000f06 84010000 0f048419 0f0154b2 
0000b000: 05000000 00001cac 22000c00 00002a87 
0000b010: 32030700 0f055405 0f01544a 02000000 
0000b020: 00001ca4 22000c00 00002a87 32030700 
0000b030: 0f055405 0f0154d2 00000000 00001ca2 
0000b040: 22000c00 00002a87 22830700 0f055405 
0000b050: 0f01545a 00000000 00001ca0 22000c00 
0000b060: 00002a07 3b030600 07000000 0f055405 
0000b070: 2b012f00 42000004 000005f2 0c283025 
0000b080: 80000002 80000100 00280000 00009724 
0000b090: 54020204 00d04582 e7065402 000c0198 
0000b0a0: 04000010 0f068401 00000f04 84190f01 
0000b0b0: 54520000 00000000 2a073b03 06000700 
0000b0c0: 00000f05 54052b01 2f004200 00040000 
0000b0d0: 05f20c28 30258000 00028000 01000028 
0000b0e0: 00000000 97245402 020008d0 4582e706 
0000b0f0: 5402000c 019e0400 00100f06 84010000 
0000b100: 0f068401 00000f04 84190f01 54520100 
0000b110: 00000000 1ca62200 0c000000 2a873203 
0000b120: 07000f05 54050f01 545a0000 00000000 
0000b130: 1ca42200 0c000000 2a073b03 06000700 
0000b140: 00000f05 54052b01 2f004200 00040000 
0000b150: 05f20c28 30258000 00028000 01000028 
0000b160: 00000000 97245402 020008d0 4582e706 
0000b170: 5402000c 01960400 00100f06 84010000 
0000b180: 0f048419 0f0154d2 00000000 00001ca8 
0000b190: 22000c00 00002a87 22830700 0f055405 
0000b1a0: 0f01545a 00000000 00001ca6 22000c00 
0000b1b0: 00002a07 3b030600 07000000 0f055405 
0000b1c0: 2b012f00 42000004 000005f2 0c283025 
0000b1d0: 80000002 80000100 00280000 00009724 
0000b1e0: 54020204 00d04582 e7065402 000c019e 
0000b1f0: 04000010 0f068401 00000f04 84190f01 
0000b200: 54520000 00000000 2a073b03 06000700 
0000b210: 00000f05 54052b01 2f004200 00040000 
0000b220: 05f20c28 30258000 00028000 01000028 
0000b230: 00000000 97245402 020400d0 4582e706 
0000b240: 5402000c 01960400 00100f06 84010000 
0000b250: 0f068401 00000f06 84010000 0f068401 
0000b260: 00000f04 84190f01 54420300 00000000 
0000b270: 1cb22200 0c000000 2a873203 07000f05 
0000b280: 54050f01 548e0100 00000000 1cae2200 
0000b290: 0c000000 2a873203 07000f05 54050f01 
0000b2a0: 546e0000 00000000 1cac2200 0c000000 
0000b2b0: 2a073b03 06000700 00000f05 54050f01 
0000b2c0: 54480000 00000000 2b012f00 42000004 
0000b2d0: 000005f2 0c303025 80000002 80000100 
0000b2e0: 00280000 00009724 54020200 08d04582 
0000b2f0: 97045404 02080090 4480e706 5402000c 
0000b300: 019a0400 00100f06 84010000 0f048419 
0000b310: 0f0154fa 00000000 00001cb0 22000c00 
0000b320: 00002a87 22830700 0f055405 0f01546e 
0000b330: 00000000 00001cae 22000c00 00002a07 
0000b340: 3b030600 07000000 0f055405 0f015448 
0000b350: 00000000 00002b01 2f004200 00040000 
0000b360: 05f20c30 30258000 00028000 01000028 
0000b370: 00000000 97245402 020808d0 45829704 
0000b380: 54040200 00904480 e7065402 000c019a 
0000b390: 04000010 0f068401 00000f04 84190f01 
0000b3a0: 54660000 00000000 2a073b03 06000700 
0000b3b0: 00000f05 54050f01 54480000 00000000 
0000b3c0: 2b012f00 42000004 000005f2 0c303025 
0000b3d0: 80000002 80000100 00280000 00009724 
0000b3e0: 54040200 10d04582 97045406 02040090 
0000b3f0: 4480e706 5404000c 018a0400 00100f06 
0000b400: 84010000 0f068401 00000f06 84010000 
0000b410: 0f048419 0f01548e 01000000 00001cb4 
0000b420: 22000c00 00002a87 32030700 0f055405 
0000b430: 0f01546e 00000000 00001cb2 22000c00 
0000b440: 00002a07 3b030600 07000000 0f055405 
0000b450: 0f015448 00000000 00002b01 2f004200 
0000b460: 00040000 05f20c30 30258000 00028000 
0000b470: 01000028 00000000 97245402 020008d0 
0000b480: 45829704 54040208 00904480 e7065402 
0000b490: 000c018a 04000010 0f068401 00000f04 
0000b4a0: 84190f01 54fa0000 00000000 1cb62200 
0000b4b0: 0c000000 2a872283 07000f05 54050f01 
0000b4c0: 546e0000 00000000 1cb42200 0c000000 
0000b4d0: 2a073b03 06000700 00000f05 54050f01 
0000b4e0: 54480000 00000000 2b012f00 42000004 
0000b4f0: 000005f2 0c303025 80000002 80000100 
0000b500: 00280000 00009724 54020204 10d04582 
0000b510: 97045404 02000090 4480e706 5402000c 
0000b520: 018a0400 00100f06 84010000 0f048419 
0000b530: 0f015466 00000000 00002a07 3b030600 
0000b540: 07000000 0f055405 0f015448 00000000 
0000b550: 00002b01 2f004200 00040000 05f20cb0 
0000b560: 30258000 00028000 01000028 00000000 
0000b570: 97245402 020410d0 45829704 54040200 
0000b580: 00904480 e7065402 000c019a 04000010 
0000b590: 0f060401 00000f06 04010000 0f060401 
0000b5a0: 00000f06 04010000 0f060401 00000f06 
0000b5b0: 04010000 0f040419 0f015454 0c000000 
0000b5c0: 00001cd0 22000c00 00002a87 32030700 
0000b5d0: 0f055405 0f0154a2 05000000 00001cc4 
0000b5e0: 22000c00 00002a87 32030700 0f055405 
0000b5f0: 0f0154ae 02000000 00001cbe 22000c00 
0000b600: 00002a87 32030700 0f055405 0f0194fa 
0000b610: 00000000 00001cbc 22000c00 00002a87 
0000b620: 22830700 0f055405 0f01546e 00000000 
0000b630: 00001cba 22000c00 00002a07 3b030600 
0000b640: 07000000 0f055405 0f015448 00000000 
0000b650: 00002b01 2f004200 00040000 05f20c38 
0000b660: 30258000 00028000 01000028 00000000 
0000b670: 97245402 020008d0 45829704 54040208 
0000b680: 18d04582 e7065402 000c018e 04000010 
0000b690: 0f068401 00000f04 84190f01 54660000 
0000b6a0: 00000000 2a073b03 06000700 00000f05 
0000b6b0: 54050f01 54480000 00000000 2b012f00 
0000b6c0: 42000004 000005f2 0c383025 80000002 
0000b6d0: 80000100 00280000 00009724 54020208 
0000b6e0: 08d04582 97045404 020018d0 4582e706 
0000b6f0: 5402000c 018e0400 00100f06 84010000 
0000b700: 0f068401 00000f04 84190f01 548e0100 
0000b710: 00000000 1cc02200 0c000000 2a873203 
0000b720: 07000f05 54050f01 546e0000 00000000 
0000b730: 1cbe2200 0c000000 2a073b03 06000700 
0000b740: 00000f05 54050f01 54480000 00000000 
0000b750: 2b012f00 42000004 000005f2 0c383025 
0000b760: 80000002 80000100 00280000 00009724 
0000b770: 540a0200 18d04582 9704540c 020808d0 
0000b780: 4582e706 540a000c 018e0400 00100f06 
0000b790: 84010000 0f048419 0f0154fa 00000000 
0000b7a0: 00001cc2 22000c00 00002a87 22830700 
0000b7b0: 0f055405 0f01546e 00000000 00001cc0 
0000b7c0: 22000c00 00002a07 3b030600 07000000 
0000b7d0: 0f055405 0f015448 00000000 00002b01 
0000b7e0: 2f004200 00040000 05f20c38 30258000 
0000b7f0: 00028000 01000028 00000000 9724540a 
0000b800: 020018d0 45829704 540c0204 10d04582 
0000b810: e706540a 000c018e 04000010 0f068401 
0000b820: 00000f04 84190f01 54660000 00000000 
0000b830: 2a073b03 06000700 00000f05 54050f01 
0000b840: 54480000 00000000 2b012f00 42000004 
0000b850: 000005f2 0c383025 80000002 80000100 
0000b860: 00280000 00009724 54020204 18d04582 
0000b870: 97045404 020800d0 4582e706 5402000c 
0000b880: 018e0400 00100f06 84010000 0f068401 
0000b890: 00000f06 84010000 0f068401 00000f04 
0000b8a0: 84190f01 54ce0200 00000000 1cca2200 
0000b8b0: 0c000000 2a873203 07000f05 54050f01 
0000b8c0: 54020100 00000000 1cc82200 0c000000 
0000b8d0: 2a872283 07000f05 54050f01 546e0000 
0000b8e0: 00000000 1cc42200 0c000000 2a073b03 
0000b8f0: 06000700 00000f05 54050f01 54480000 
0000b900: 00000000 2b012f00 42000004 000005f2 
0000b910: 0c383025 80000002 80000100 00280000 
0000b920: 00009724 54020204 10d04582 97045404 
0000b930: 020018d0 4582e706 5402000c 018e0400 
0000b940: 00100f06 84010000 0f048419 0f01546e 
0000b950: 00000000 00002a07 3b030600 07000000 
0000b960: 0f055405 0f015450 00000000 0000120d 
0000b970: 2e1b0502 17055402 00040000 f0c40400 
0000b980: 0b012f00 42000004 000005f0 0c201025 
0000b990: a0000002 80000100 00280000 00009724 
0000b9a0: 54010200 00904480 e7065401 000c0182 
0000b9b0: 04000010 0f068401 00000f06 84010000 
0000b9c0: 0f048419 0f0154a6 01000000 00001ccc 
0000b9d0: 22000c00 00002a87 32030700 0f055405 
0000b9e0: 0f015476 00000000 00001cca 22000c00 
0000b9f0: 00002a07 3b030600 07000000 0f055405 
0000ba00: 0f015450 00000000 0000120d 2e1b0502 
0000ba10: 17055402 00040000 f0c40400 0b012f00 
0000ba20: 42000004 000005f0 0c201025 a0000002 
0000ba30: 80000100 00280000 00009724 54010200 
0000ba40: 00904480 e7065401 000c0194 04000010 
0000ba50: 0f068401 00000f04 84190f01 540a0100 
0000ba60: 00000000 1cce2200 0c000000 2a872283 
0000ba70: 07000f05 54050f01 54760000 00000000 
0000ba80: 1ccc2200 0c000000 2a073b03 06000700 
0000ba90: 00000f05 54050f01 54500000 00000000 
0000baa0: 120d2e1b 05021705 54020004 0000f0c4 
0000bab0: 04000b01 2f004200 00040000 05f00c20 
0000bac0: 1025a000 00028000 01000028 00000000 
0000bad0: 97245401 02000090 4480e706 5401000c 
0000bae0: 01820400 00100f06 84010000 0f048419 
0000baf0: 0f01546e 00000000 00002a07 3b030600 
0000bb00: 07000000 0f055405 0f015450 00000000 
0000bb10: 0000120d 2e1b0502 17055402 00040000 
0000bb20: f0c40400 0b012f00 42000004 000005f0 
0000bb30: 0c201025 a0000002 80000100 00280000 
0000bb40: 00009724 54010200 00904480 e7065401 
0000bb50: 000c0182 04000010 0f068401 00000f06 
0000bb60: 84010000 0f068401 00000f06 84010000 
0000bb70: 0f068401 00000f04 84190f01 548c0600 
0000bb80: 00000000 1cdc2200 0c000000 2a873203 
0000bb90: 07000f05 54050f01 54d60200 00000000 
0000bba0: 1cd62200 0c000000 2a873203 07000f05 
0000bbb0: 54050f01 540a0100 00000000 1cd22200 
0000bbc0: 0c000000 2a872283 07000f05 54050f01 
0000bbd0: 54760000 00000000 1cd02200 0c000000 
0000bbe0: 2a073b03 06000700 00000f05 54050f01 
0000bbf0: 54500000 00000000 120d2e1b 05021705 
0000bc00: 54020004 0000f0c4 04000b01 2f004200 
0000bc10: 00040000 05f00c20 1025a000 00028000 
0000bc20: 01000028 00000000 97245401 02000090 
0000bc30: 4480e706 5401000c 019c0400 00100f06 
0000bc40: 84010000 0f048419 0f01546e 00000000 
0000bc50: 00002a07 3b030600 07000000 0f055405 
0000bc60: 0f015450 00000000 0000120d 2e1b0502 
0000bc70: 17055402 00040000 f0c40400 0b012f00 
0000bc80: 42000004 000005f0 0c201025 a0000002 
0000bc90: 80000100 00280000 00009724 54010200 
0000bca0: 00904480 e7065401 000c0194 04000010 
0000bcb0: 0f068401 00000f06 84010000 0f048419 
0000bcc0: 0f0154a6 01000000 00001cd8 22000c00 
0000bcd0: 00002a87 32030700 0f055405 0f015476 
0000bce0: 00000000 00001cd6 22000c00 00002a07 
0000bcf0: 3b030600 07000000 0f055405 0f015450 
0000bd00: 00000000 0000120d 2e1b0502 17055402 
0000bd10: 00040000 f0c40400 0b012f00 42000004 
0000bd20: 000005f0 0c283025 a0000002 80000100 
0000bd30: 00280000 00009724 54020200 08d04582 
0000bd40: e7065402 000c0192 04000010 0f068401 
0000bd50: 00000f04 84190f01 540a0100 00000000 
0000bd60: 1cda2200 0c000000 2a872283 07000f05 
0000bd70: 54050f01 54760000 00000000 1cd82200 
0000bd80: 0c000000 2a073b03 06000700 00000f05 
0000bd90: 54050f01 54500000 00000000 120d2e1b 
0000bda0: 05021705 54020004 0000f0c4 04000b01 
0000bdb0: 2f004200 00040000 05f00c28 3025a000 
0000bdc0: 00028000 01000028 00000000 97245402 
0000bdd0: 020400d0 4582e706 5402000c 01980400 
0000bde0: 00100f06 84010000 0f048419 0f01546e 
0000bdf0: 00000000 00002a07 3b030600 07000000 
0000be00: 0f055405 0f015450 00000000 0000120d 
0000be10: 2e1b0502 17055402 00040000 f0c40400 
0000be20: 0b012f00 42000004 000005f0 0c283025 
0000be30: a0000002 80000100 00280000 00009724 
0000be40: 54020200 08d04582 e7065402 000c019e 
0000be50: 04000010 0f068401 00000f06 84010000 
0000be60: 0f068401 00000f06 84010000 0f048419 
0000be70: 0f015490 03000000 00001ce4 22000c00 
0000be80: 00002a87 32030700 0f055405 0f0154a6 
0000be90: 01000000 00001cde 22000c00 00002a87 
0000bea0: 32030700 0f055405 0f015476 00000000 
0000beb0: 00001cdc 22000c00 00002a07 3b030600 
0000bec0: 07000000 0f055405 0f015450 00000000 
0000bed0: 0000120d 2e1b0502 17055402 00040000 
0000bee0: f0c40400 0b012f00 42000004 000005f0 
0000bef0: 0c283025 a0000002 80000100 00280000 
0000bf00: 00009724 54020200 08d04582 e7065402 
0000bf10: 000c0196 04000010 0f068401 00000f04 
0000bf20: 84190f01 540a0100 00000000 1ce02200 
0000bf30: 0c000000 2a872283 07000f05 54050f01 
0000bf40: 54760000 00000000 1cde2200 0c000000 
0000bf50: 2a073b03 06000700 00000f05 54050f01 
0000bf60: 54500000 00000000 120d2e1b 05021705 
0000bf70: 54020004 0000f0c4 04000b01 2f004200 
0000bf80: 00040000 05f00c28 3025a000 00028000 
0000bf90: 01000028 00000000 97245402 020400d0 
0000bfa0: 4582e706 5402000c 019e0400 00100f06 
0000bfb0: 84010000 0f048419 0f01546e 00000000 
0000bfc0: 00002a07 3b030600 07000000 0f055405 
0000bfd0: 0f015450 00000000 0000120d 2e1b0502 
0000bfe0: 17055402 00040000 f0c40400 0b012f00 
0000bff0: 42000004 000005f0 0c283025 a0000002 
0000c000: 80000100 00280000 00009724 54020204 
0000c010: 00d04582 e7065402 000c0196 04000010 
0000c020: 0f068401 00000f06 84010000 0f068401 
0000c030: 00000f04 84190f01 54c40100 00000000 
0000c040: 1ce62200 0c000000 2a873203 07000f05 
0000c050: 54050f01 54800000 00000000 1ce42200 
0000c060: 0c000000 2a073b03 06000700 00000f05 
0000c070: 54050f01 545a0000 00000000 120d2e1b 
0000c080: 05021705 54020004 0000f0c4 04000b01 
0000c090: 2f004200 00040000 05f00c30 3025a000 
0000c0a0: 00028000 01000028 00000000 97245402 
0000c0b0: 020008d0 45829704 54040208 00904480 
0000c0c0: e7065402 000c019a 04000010 0f068401 
0000c0d0: 00000f04 84190f01 541e0100 00000000 
0000c0e0: 1ce82200 0c000000 2a872283 07000f05 
0000c0f0: 54050f01 54800000 00000000 1ce62200 
0000c100: 0c000000 2a073b03 06000700 00000f05 
0000c110: 54050f01 545a0000 00000000 120d2e1b 
0000c120: 05021705 54020004 0000f0c4 04000b01 
0000c130: 2f004200 00040000 05f00c30 3025a000 
0000c140: 00028000 01000028 00000000 97245402 
0000c150: 020808d0 45829704 54040200 00904480 
0000c160: e7065402 000c019a 04000010 0f068401 
0000c170: 00000f04 84190f01 54780000 00000000 
0000c180: 2a073b03 06000700 00000f05 54050f01 
0000c190: 545a0000 00000000 120d2e1b 05021705 
0000c1a0: 54020004 0000f0c4 04000b01 2f004200 
0000c1b0: 00040000 05f00cb0 3025a000 00028000 
0000c1c0: 01000028 00000000 97245404 020010d0 
0000c1d0: 45829704 54060204 00904480 e7065404 
0000c1e0: 000c018a 04000010 0f060401 00000f06 
0000c1f0: 04010000 0f060401 00000f06 04010000 
0000c200: 0f060401 00000f06 04010000 0f060401 
0000c210: 00000f06 04010000 0f060401 00000f06 
0000c220: 04010000 0f040419 0f01540a bd000000 
0000c230: 00002a87 223b0700 0f055405 0f0154a0 
0000c240: 61000000 00002a87 22450700 0f055405 
0000c250: 0f015420 34000000 00001cca 22000e00 
0000c260: 00002a87 32030700 0f055405 0f0154a8 
0000c270: 19000000 00001c98 22000e00 00002a87 
0000c280: 32030700 0f055405 0f0154e4 0b000000 
0000c290: 00001c82 22000e00 00002a87 32030700 
0000c2a0: 0f055405 0f015428 06000000 00001cf6 
0000c2b0: 22000c00 00002a87 32030700 0f055405 
0000c2c0: 0f015410 03000000 00001cee 22000c00 
0000c2d0: 00002a87 32030700 0f055405 0f015426 
0000c2e0: 01000000 00001cec 22000c00 00002a87 
0000c2f0: 23830300 07000000 00002000 0f055405 
0000c300: 0f015480 00000000 00001cea 22000c00 
0000c310: 00002a07 3b030600 07000000 0f055405 
0000c320: 0f01545a 00000000 0000120d 2e1b0502 
0000c330: 17055402 00040000 f0c40400 0b012f00 
0000c340: 42000004 000005f0 0c303025 a0000002 
0000c350: 80000100 00280000 00009724 54020200 
0000c360: 08d04582 97045404 02080090 4480e706 
0000c370: 5402000c 018a0400 00100f06 84010000 
0000c380: 0f048419 0f015478 00000000 00002a07 
0000c390: 3b030600 07000000 0f055405 0f01545a 
0000c3a0: 00000000 0000120d 2e1b0502 17055402 
0000c3b0: 00040000 f0c40400 0b012f00 42000004 
0000c3c0: 000005f0 0c303025 a0000002 80000100 
0000c3d0: 00280000 00009724 54020204 10d04582 
0000c3e0: 97045404 02000090 4480e706 5402000c 
0000c3f0: 018a0400 00100f06 84010000 0f068401 
0000c400: 00000f04 84190f01 54c40100 00000000 
0000c410: 1cf22200 0c000000 2a873203 07000f05 
0000c420: 54050f01 54800000 00000000 1cee2200 
0000c430: 0c000000 2a073b03 06000700 00000f05 
0000c440: 54050f01 545a0000 00000000 120d2e1b 
0000c450: 05021705 54020004 0000f0c4 04000b01 
0000c460: 2f004200 00040000 05f00c30 3025a000 
0000c470: 00028000 01000028 00000000 97245402 
0000c480: 020410d0 45829704 54040200 00904480 
0000c490: e7065402 000c019a 04000010 0f068401 
0000c4a0: 00000f04 84190f01 541e0100 00000000 
0000c4b0: 1cf42200 0c000000 2a872283 07000f05 
0000c4c0: 54050f01 54800000 00000000 1cf22200 
0000c4d0: 0c000000 2a073b03 06000700 00000f05 
0000c4e0: 54050f01 545a0000 00000000 120d2e1b 
0000c4f0: 05021705 54020004 0000f0c4 04000b01 
0000c500: 2f004200 00040000 05f00c38 3025a000 
0000c510: 00028000 01000028 00000000 97245402 
0000c520: 020008d0 45829704 54040208 18d04582 
0000c530: e7065402 000c018e 04000010 0f068401 
0000c540: 00000f04 84190f01 54780000 00000000 
0000c550: 2a073b03 06000700 00000f05 54050f01 
0000c560: 545a0000 00000000 120d2e1b 05021705 
0000c570: 54020004 0000f0c4 04000b01 2f004200 
0000c580: 00040000 05f00c38 3025a000 00028000 
0000c590: 01000028 00000000 97245402 020808d0 
0000c5a0: 45829704 54040200 18d04582 e7065402 
0000c5b0: 000c018e 04000010 0f068401 00000f06 
0000c5c0: 84010000 0f068401 00000f06 84010000 
0000c5d0: 0f048419 0f0154f2 02000000 00001cfa 
0000c5e0: 22000c00 00002a87 32030700 0f055405 
0000c5f0: 0f01541e 01000000 00001cf8 22000c00 
0000c600: 00002a87 22830700 0f055405 0f015480 
0000c610: 00000000 00001cf6 22000c00 00002a07 
0000c620: 3b030600 07000000 0f055405 0f01545a 
0000c630: 00000000 0000120d 2e1b0502 17055402 
0000c640: 00040000 f0c40400 0b012f00 42000004 
0000c650: 000005f0 0c383025 a0000002 80000100 
0000c660: 00280000 00009724 540a0200 18d04582 
0000c670: 9704540c 020808d0 4582e706 540a000c 
0000c680: 018e0400 00100f06 84010000 0f048419 
0000c690: 0f015478 00000000 00002a07 3b030600 
0000c6a0: 07000000 0f055405 0f01545a 00000000 
0000c6b0: 0000120d 2e1b0502 17055402 00040000 
0000c6c0: f0c40400 0b012f00 42000004 000005f0 
0000c6d0: 0c383025 a0000002 80000100 00280000 
0000c6e0: 00009724 540a0200 18d04582 9704540c 
0000c6f0: 020410d0 4582e706 540a000c 018e0400 
0000c700: 00100f06 84010000 0f068401 00000f04 
0000c710: 84190f01 54ae0100 00000000 1cfc2200 
0000c720: 0c000000 2a873203 07000f05 54050f01 
0000c730: 54800000 00000000 1cfa2200 0c000000 
0000c740: 2a073b03 06000700 00000f05 54050f01 
0000c750: 545a0000 00000000 120d2e1b 05021705 
0000c760: 54020004 0000f0c4 04000b01 2f004200 
0000c770: 00040000 05f00c38 3025a000 00028000 
0000c780: 01000028 00000000 97245402 020418d0 
0000c790: 45829704 54040208 00d04582 e7065402 
0000c7a0: 000c018e 04000010 0f068401 00000f04 
0000c7b0: 84190f01 54080100 00000000 1c802200 
0000c7c0: 0e000000 2a872283 07000f05 54050f01 
0000c7d0: 54800000 00000000 1cfc2200 0c000000 
0000c7e0: 2a073b03 06000700 00000f05 54050f01 
0000c7f0: 545a0000 00000000 120d2e1b 05021705 
0000c800: 54020004 0000f0c4 04000b01 2f004200 
0000c810: 00040000 05f00c38 3025a000 00028000 
0000c820: 01000028 00000000 97245402 020410d0 
0000c830: 45829704 54040200 18d04582 e7065402 
0000c840: 000c018e 04000010 0f068401 00000f04 
0000c850: 84190f01 54620000 00000000 2a073b03 
0000c860: 06000700 00000f05 54050f01 54440000 
0000c870: 00000000 2b012f00 42000004 000005f2 
0000c880: 0c201025 80000002 80000100 00280000 
0000c890: 00000201 2e1d0742 02012e1f 06020300 
0000c8a0: 2101e706 5400000c 01820400 00100f06 
0000c8b0: 84010000 0f068401 00000f06 84010000 
0000c8c0: 0f068401 00000f06 84010000 0f048419 
0000c8d0: 0f015496 05000000 00001c8e 22000e00 
0000c8e0: 00002a87 32030700 0f055405 0f01549a 
0000c8f0: 02000000 00001c86 22000e00 00002a87 
0000c900: 32030700 0f055405 0f0154f2 00000000 
0000c910: 00001c84 22000e00 00002a87 22830700 
0000c920: 0f055405 0f01546a 00000000 00001c82 
0000c930: 22000e00 00002a07 3b030600 07000000 
0000c940: 0f055405 0f015444 00000000 00002b01 
0000c950: 2f004200 00040000 05f20c20 10258000 
0000c960: 00028000 01000028 00000000 02012e1d 
0000c970: 07420201 2e1f0602 03002101 e7065400 
0000c980: 000c0194 04000010 0f068401 00000f04 
0000c990: 84190f01 54620000 00000000 2a073b03 
0000c9a0: 06000700 00000f05 54050f01 54440000 
0000c9b0: 00000000 2b012f00 42000004 000005f2 
0000c9c0: 0c201025 80000002 80000100 00280000 
0000c9d0: 00000201 2e1d0742 02012e1f 06020300 
0000c9e0: 2101e706 5400000c 01820400 00100f06 
0000c9f0: 84010000 0f068401 00000f04 84190f01 
0000ca00: 54820100 00000000 1c882200 0e000000 
0000ca10: 2a873203 07000f05 54050f01 546a0000 
0000ca20: 00000000 1c862200 0e000000 2a073b03 
0000ca30: 06000700 00000f05 54050f01 54440000 
0000ca40: 00000000 2b012f00 42000004 000005f2 
0000ca50: 0c201025 80000002 80000100 00280000 
0000ca60: 00000201 2e1d0742 02012e1f 06020300 
0000ca70: 2101e706 5400000c 01820400 00100f06 
0000ca80: 84010000 0f048419 0f0154f2 00000000 
0000ca90: 00001c8a 22000e00 00002a87 22830700 
0000caa0: 0f055405 0f01546a 00000000 00001c88 
0000cab0: 22000e00 00002a07 3b030600 07000000 
0000cac0: 0f055405 0f015444 00000000 00002b01 
0000cad0: 2f004200 00040000 05f20c20 10258000 
0000cae0: 00028000 01000028 00000000 02012e1d 
0000caf0: 07420201 2e1f0602 03002101 e7065400 
0000cb00: 000c019c 04000010 0f068401 00000f04 
0000cb10: 84190f01 54620000 00000000 2a073b03 
0000cb20: 06000700 00000f05 54050f01 54440000 
0000cb30: 00000000 2b012f00 42000004 000005f2 
0000cb40: 0c201025 80000002 80000100 00280000 
0000cb50: 00000201 2e1d0742 02012e1f 06020300 
0000cb60: 2101e706 5400000c 01940400 00100f06 
0000cb70: 84010000 0f068401 00000f06 84010000 
0000cb80: 0f068401 00000f04 84190f01 54d60200 
0000cb90: 00000000 1c922200 0e000000 2a873203 
0000cba0: 07000f05 54050f01 540a0100 00000000 
0000cbb0: 1c902200 0e000000 2a872283 07000f05 
0000cbc0: 54050f01 54760000 00000000 1c8e2200 
0000cbd0: 0e000000 2a073b03 06000700 00000f05 
0000cbe0: 54050f01 54500000 00000000 2b012f00 
0000cbf0: 42000004 000005f2 0c283025 80000002 
0000cc00: 80000100 00280000 00002203 2e1d0742 
0000cc10: 12012e1d 07020205 2e1f0602 12030e1f 
0000cc20: 06021300 0901e706 5402000c 01920400 
0000cc30: 00100f06 84010000 0f048419 0f01546e 
0000cc40: 00000000 00002a07 3b030600 07000000 
0000cc50: 0f055405 0f015450 00000000 00002b01 
0000cc60: 2f004200 00040000 05f20c28 30258000 
0000cc70: 00028000 01000028 00000000 02012e1d 
0000cc80: 07421203 2e1d0702 02012e1f 06021203 
0000cc90: 0e1f0602 13000901 e7065402 000c0198 
0000cca0: 04000010 0f068401 00000f06 84010000 
0000ccb0: 0f048419 0f0154a6 01000000 00001c94 
0000ccc0: 22000e00 00002a87 32030700 0f055405 
0000ccd0: 0f015476 00000000 00001c92 22000e00 
0000cce0: 00002a07 3b030600 07000000 0f055405 
0000ccf0: 0f015450 00000000 00002b01 2f004200 
0000cd00: 00040000 05f20c28 30258000 00028000 
0000cd10: 01000028 00000000 22032e1d 07421201 
0000cd20: 2e1d0702 02052e1f 06021203 0e1f0602 
0000cd30: 13000901 e7065402 000c019e 04000010 
0000cd40: 0f068401 00000f04 84190f01 540a0100 
0000cd50: 00000000 1c962200 0e000000 2a872283 
0000cd60: 07000f05 54050f01 54760000 00000000 
0000cd70: 1c942200 0e000000 2a073b03 06000700 
0000cd80: 00000f05 54050f01 54500000 00000000 
0000cd90: 2b012f00 42000004 000005f2 0c283025 
0000cda0: 80000002 80000100 00280000 00002203 
0000cdb0: 2e1d0742 12012e1d 07020205 2e1f0602 
0000cdc0: 12030e1f 06021300 0901e706 5402000c 
0000cdd0: 01960400 00100f06 84010000 0f048419 
0000cde0: 0f01546e 00000000 00002a07 3b030600 
0000cdf0: 07000000 0f055405 0f015450 00000000 
0000ce00: 00002b01 2f004200 00040000 05f20ca8 
0000ce10: 30258000 00028000 01000028 00000000 
0000ce20: 02012e1d 07421203 2e1d0702 02012e1f 
0000ce30: 06021203 0e1f0602 13000901 e7065402 
0000ce40: 000c019e 04000010 0f060401 00000f06 
0000ce50: 04010000 0f060401 00000f06 04010000 
0000ce60: 0f060401 00000f06 04010000 0f040419 
0000ce70: 0f01549e 0d000000 00001cb0 22000e00 
0000ce80: 00002a87 32030700 0f055405 0f01546e 
0000ce90: 06000000 00001ca4 22000e00 00002a87 
0000cea0: 32030700 0f055405 0f015406 03000000 
0000ceb0: 00001c9e 22000e00 00002a87 32030700 
0000cec0: 0f055405 0f019416 01000000 00001c9c 
0000ced0: 22000e00 00002a87 22830700 0f055405 
0000cee0: 0f015476 00000000 00001c98 22000e00 
0000cef0: 00002a07 3b030600 07000000 0f055405 
0000cf00: 0f015450 00000000 00002b01 2f004200 
0000cf10: 00040000 05f20c28 30258000 00028000 
0000cf20: 01000028 00000000 02012e1d 07421203 
0000cf30: 2e1d0702 02012e1f 06021203 0e1f0602 
0000cf40: 13000901 e7065402 000c0196 04000010 
0000cf50: 0f068401 00000f04 84190f01 547a0000 
0000cf60: 00000000 2a073b03 06000700 00000f05 
0000cf70: 54050f01 545c0000 00000000 2b012f00 
0000cf80: 42000004 000005f2 0c303025 80000002 
0000cf90: 80000100 00280000 00002205 2e1d0742 
0000cfa0: 32012e1d 07020203 2e1d0702 12070e1f 
0000cfb0: 06020201 2e1f0602 22050e1f 06021300 
0000cfc0: 0901e706 5402000c 019a0400 00100f06 
0000cfd0: 84010000 0f068401 00000f04 84190f01 
0000cfe0: 54ca0100 00000000 1ca02200 0e000000 
0000cff0: 2a873203 07000f05 54050f01 54820000 
0000d000: 00000000 1c9e2200 0e000000 2a073b03 
0000d010: 06000700 00000f05 54050f01 545c0000 
0000d020: 00000000 2b012f00 42000004 000005f2 
0000d030: 0c303025 80000002 80000100 00280000 
0000d040: 00003205 2e1d0742 22012e1d 07020203 
0000d050: 2e1d0702 22050e1f 06020201 2e1f0602 
0000d060: 12070e1f 06021300 0901e706 5402000c 
0000d070: 019a0400 00100f06 84010000 0f048419 
0000d080: 0f015422 01000000 00001ca2 22000e00 
0000d090: 00002a87 22830700 0f055405 0f015482 
0000d0a0: 00000000 00001ca0 22000e00 00002a07 
0000d0b0: 3b030600 07000000 0f055405 0f01545c 
0000d0c0: 00000000 00002b01 2f004200 00040000 
0000d0d0: 05f20c30 30258000 00028000 01000028 
0000d0e0: 00000000 32032e1d 07421201 2e1d0702 
0000d0f0: 02052e1d 07021203 0e1f0602 02012e1f 
0000d100: 06022207 0e1f0602 13000901 e7065402 
0000d110: 000c018a 04000010 0f068401 00000f04 
0000d120: 84190f01 547a0000 00000000 2a073b03 
0000d130: 06000700 00000f05 54050f01 545c0000 
0000d140: 00000000 2b012f00 42000004 000005f2 
0000d150: 0c303025 80000002 80000100 00280000 
0000d160: 00002205 2e1d0742 32012e1d 07020203 
0000d170: 2e1d0702 12070e1f 06020201 2e1f0602 
0000d180: 22050e1f 06021300 0901e706 5402000c 
0000d190: 018a0400 00100f06 84010000 0f068401 
0000d1a0: 00000f06 84010000 0f068401 00000f04 
0000d1b0: 84190f01 54420300 00000000 1caa2200 
0000d1c0: 0e000000 2a873203 07000f05 54050f01 
0000d1d0: 54220100 00000000 1ca62200 0e000000 
0000d1e0: 2a872283 07000f05 54050f01 54820000 
0000d1f0: 00000000 1ca42200 0e000000 2a073b03 
0000d200: 06000700 00000f05 54050f01 545c0000 
0000d210: 00000000 2b012f00 42000004 000005f2 
0000d220: 0c303025 80000002 80000100 00280000 
0000d230: 00001203 2e1d0742 32012e1d 07020205 
0000d240: 2e1d0702 22070e1f 06020201 2e1f0602 
0000d250: 12030e1f 06021300 0901e706 5402000c 
0000d260: 018a0400 00100f06 84010000 0f048419 
0000d270: 0f01547a 00000000 00002a07 3b030600 
0000d280: 07000000 0f055405 0f01545c 00000000 
0000d290: 00002b01 2f004200 00040000 05f20c30 
0000d2a0: 30258000 00028000 01000028 00000000 
0000d2b0: 12032e1d 07423201 2e1d0702 02052e1d 
0000d2c0: 07022207 0e1f0602 02012e1f 06021203 
0000d2d0: 0e1f0602 13000901 e7065402 000c019a 
0000d2e0: 04000010 0f068401 00000f06 84010000 
0000d2f0: 0f048419 0f0154fa 01000000 00001cac 
0000d300: 22000e00 00002a87 32030700 0f055405 
0000d310: 0f015492 00000000 00001caa 22000e00 
0000d320: 00002a07 3b030600 07000000 0f055405 
0000d330: 0f01546c 00000000 00002b01 2f004200 
0000d340: 00040000 05f20c38 30258000 00028000 
0000d350: 01000028 00000000 22052e1d 07425207 
0000d360: 2e1d0702 32012e1d 07020203 2e1d0702 
0000d370: 12070e1f 06023201 2e1f0602 22050e1f 
0000d380: 0602020b 2e1f0602 13060901 23000901 
0000d390: e7065402 000c018e 04000010 0f068401 
0000d3a0: 00000f04 84190f01 54420100 00000000 
0000d3b0: 1cae2200 0e000000 2a072283 07000f05 
0000d3c0: 54050f01 54920000 00000000 1cac2200 
0000d3d0: 0e000000 2a073b03 06000700 00000f05 
0000d3e0: 54050f01 546c0000 00000000 2b012f00 
0000d3f0: 42000004 000005f2 0c383025 80000002 
0000d400: 80000100 00280000 00006205 2e1d0742 
0000d410: 52072e1d 07022201 2e1d0702 02032e1d 
0000d420: 07022205 0e1f0602 32012e1f 0602120d 
0000d430: 0e1f0602 020b2e1f 06021306 09012300 
0000d440: 0901e706 5402000c 018e0400 00100f06 
0000d450: 84010000 0f048419 0f01548a 00000000 
0000d460: 00002a07 3b030600 07000000 0f055405 
0000d470: 0f01546c 00000000 00002b01 2f004200 
0000d480: 00040000 05f20cb8 30258000 00028000 
0000d490: 01000028 00000000 22052e1d 07423207 
0000d4a0: 2e1d0702 52012e1d 07020203 2e1d0702 
0000d4b0: 120b0e1f 06020201 2e1f0602 32072e1f 
0000d4c0: 06022205 0e1f0602 13060901 23000901 
0000d4d0: e7065402 000c018e 04000010 0f060401 
0000d4e0: 00000f06 04010000 0f060401 00000f06 
0000d4f0: 04010000 0f060401 00000f04 04190f01 
0000d500: 540a0700 00000000 1cbc2200 0e000000 
0000d510: 2a073203 07000f05 54050f01 54360300 
0000d520: 00000000 1cb42200 0e000000 2a873203 
0000d530: 07000f05 54050f01 94420100 00000000 
0000d540: 1cb22200 0e000000 2a872283 07000f05 
0000d550: 54050f01 54920000 00000000 1cb02200 
0000d560: 0e000000 2a073b03 06000700 00000f05 
0000d570: 54050f01 546c0000 00000000 2b012f00 
0000d580: 42000004 000005f2 0c383025 80000002 
0000d590: 80000100 00280000 00005201 2e1d0742 
0000d5a0: 02032e1d 0702520b 0e1f0602 62010e1f 
0000d5b0: 06021207 2e1d0702 02052e1d 07021203 
0000d5c0: 2e1f0602 02012e1f 06025302 09016300 
0000d5d0: 0901e706 540a000c 018e0400 00100f06 
0000d5e0: 84010000 0f048419 0f01548a 00000000 
0000d5f0: 00002a07 3b030600 07000000 0f055405 
0000d600: 0f01546c 00000000 00002b01 2f004200 
0000d610: 00040000 05f20c38 30258000 00028000 
0000d620: 01000028 00000000 02012e1d 07422205 
0000d630: 2e1d0702 02012e1f 06021203 2e1d0702 
0000d640: 32072e1d 07021203 0e1f0602 32072e1f 
0000d650: 06022205 0e1f0602 13060901 23000901 
0000d660: e7065402 000c018e 04000010 0f068401 
0000d670: 00000f06 84010000 0f048419 0f0154ce 
0000d680: 01000000 00001cb8 22000e00 00002a07 
0000d690: 32030700 0f055405 0f015492 00000000 
0000d6a0: 00001cb4 22000e00 00002a07 3b030600 
0000d6b0: 07000000 0f055405 0f01546c 00000000 
0000d6c0: 00002b01 2f004200 00040000 05f20c38 
0000d6d0: 30258000 00028000 01000028 00000000 
0000d6e0: 52012e1d 07420203 2e1d0702 620b0e1f 
0000d6f0: 06025201 0e1f0602 12052e1d 07020207 
0000d700: 2e1d0702 12032e1f 06020201 2e1f0602 
0000d710: 53020901 63000901 e706540a 000c018e 
0000d720: 04000010 0f068401 00000f04 84190f01 
0000d730: 54160100 00000000 1cba2200 0e000000 
0000d740: 2a872283 07000f05 54050f01 547c0000 
0000d750: 00000000 1cb82200 0e000000 2a073b03 
0000d760: 06000700 00000f05 54050f01 54560000 
0000d770: 00000000 120d2e1b 05021705 54020004 
0000d780: 0000f0c4 04000b01 2f004200 00040000 
0000d790: 05f00c20 1025a000 00028000 01000028 
0000d7a0: 00000000 02012e1d 07420201 2e1f0602 
0000d7b0: 03002101 e7065400 000c0182 04000010 
0000d7c0: 0f068401 00000f04 84190f01 54740000 
0000d7d0: 00000000 2a073b03 06000700 00000f05 
0000d7e0: 54050f01 54560000 00000000 120d2e1b 
0000d7f0: 05021705 54020004 0000f0c4 04000b01 
0000d800: 2f004200 00040000 05f00c20 1025a000 
0000d810: 00028000 01000028 00000000 02012e1d 
0000d820: 07420201 2e1f0602 03002101 e7065400 
0000d830: 000c0194 04000010 0f068401 00000f06 
0000d840: 84010000 0f068401 00000f06 84010000 
0000d850: 0f048419 0f0154ae 03000000 00001cc2 
0000d860: 22000e00 00002a87 32030700 0f055405 
0000d870: 0f0154b8 01000000 00001cbe 22000e00 
0000d880: 00002a87 32030700 0f055405 0f01547c 
0000d890: 00000000 00001cbc 22000e00 00002a07 
0000d8a0: 3b030600 07000000 0f055405 0f015456 
0000d8b0: 00000000 0000120d 2e1b0502 17055402 
0000d8c0: 00040000 f0c40400 0b012f00 42000004 
0000d8d0: 000005f0 0c201025 a0000002 80000100 
0000d8e0: 00280000 00000201 2e1d0742 02012e1f 
0000d8f0: 06020300 2101e706 5400000c 01820400 
0000d900: 00100f06 84010000 0f048419 0f015416 
0000d910: 01000000 00001cc0 22000e00 00002a87 
0000d920: 22830700 0f055405 0f01547c 00000000 
0000d930: 00001cbe 22000e00 00002a07 3b030600 
0000d940: 07000000 0f055405 0f015456 00000000 
0000d950: 0000120d 2e1b0502 17055402 00040000 
0000d960: f0c40400 0b012f00 42000004 000005f0 
0000d970: 0c201025 a0000002 80000100 00280000 
0000d980: 00000201 2e1d0742 02012e1f 06020300 
0000d990: 2101e706 5400000c 01820400 00100f06 
0000d9a0: 84010000 0f048419 0f015474 00000000 
0000d9b0: 00002a07 3b030600 07000000 0f055405 
0000d9c0: 0f015456 00000000 0000120d 2e1b0502 
0000d9d0: 17055402 00040000 f0c40400 0b012f00 
0000d9e0: 42000004 000005f0 0c201025 a0000002 
0000d9f0: 80000100 00280000 00000201 2e1d0742 
0000da00: 02012e1f 06020300 2101e706 5400000c 
0000da10: 019c0400 00100f06 84010000 0f068401 
0000da20: 00000f06 84010000 0f048419 0f0154d0 
0000da30: 01000000 00001cc6 22000e00 00002a87 
0000da40: 32030700 0f055405 0f01547c 00000000 
0000da50: 00001cc2 22000e00 00002a07 3b030600 
0000da60: 07000000 0f055405 0f015456 00000000 
0000da70: 0000120d 2e1b0502 17055402 00040000 
0000da80: f0c40400 0b012f00 42000004 000005f0 
0000da90: 0c201025 a0000002 80000100 00280000 
0000daa0: 00000201 2e1d0742 02012e1f 06020300 
0000dab0: 2101e706 5400000c 01940400 00100f06 
0000dac0: 84010000 0f048419 0f01542e 01000000 
0000dad0: 00001cc8 22000e00 00002a87 22830700 
0000dae0: 0f055405 0f015488 00000000 00001cc6 
0000daf0: 22000e00 00002a07 3b030600 07000000 
0000db00: 0f055405 0f015462 00000000 0000120d 
0000db10: 2e1b0502 17055402 00040000 f0c40400 
0000db20: 0b012f00 42000004 000005f0 0c283025 
0000db30: a0000002 80000100 00280000 00002203 
0000db40: 2e1d0742 12012e1d 07020205 2e1f0602 
0000db50: 12030e1f 06021300 0901e706 5402000c 
0000db60: 01920400 00100f06 84010000 0f048419 
0000db70: 0f015480 00000000 00002a07 3b030600 
0000db80: 07000000 0f055405 0f015462 00000000 
0000db90: 0000120d 2e1b0502 17055402 00040000 
0000dba0: f0c40400 0b012f00 42000004 000005f0 
0000dbb0: 0ca83025 a0000002 80000100 00280000 
0000dbc0: 00000201 2e1d0742 12032e1d 07020201 
0000dbd0: 2e1f0602 12030e1f 06021300 0901e706 
0000dbe0: 5402000c 01980400 00100f06 04010000 
0000dbf0: 0f060401 00000f06 04010000 0f060401 
0000dc00: 00000f06 04010000 0f060401 00000f06 
0000dc10: 04010000 0f040419 0f015452 1a000000 
0000dc20: 00001cfa 22000e00 00002a87 32030700 
0000dc30: 0f055405 0f01543c 0e000000 00001ce2 
0000dc40: 22000e00 00002a87 32030700 0f055405 
0000dc50: 0f0154de 06000000 00001cd6 22000e00 
0000dc60: 00002a87 32030700 0f055405 0f015444 
0000dc70: 03000000 00001cce 22000e00 00002a87 
0000dc80: 32030700 0f055405 0f015436 01000000 
0000dc90: 00001ccc 22000e00 00002a87 23830300 
0000dca0: 07000000 00002000 0f055405 0f015488 
0000dcb0: 00000000 00001cca 22000e00 00002a07 
0000dcc0: 3b030600 07000000 0f055405 0f015462 
0000dcd0: 00000000 0000120d 2e1b0502 17055402 
0000dce0: 00040000 f0c40400 0b012f00 42000004 
0000dcf0: 000005f0 0c283025 a0000002 80000100 
0000dd00: 00280000 00002203 2e1d0742 12012e1d 
0000dd10: 07020205 2e1f0602 12030e1f 06021300 
0000dd20: 0901e706 5402000c 019e0400 00100f06 
0000dd30: 84010000 0f048419 0f015480 00000000 
0000dd40: 00002a07 3b030600 07000000 0f055405 
0000dd50: 0f015462 00000000 0000120d 2e1b0502 
0000dd60: 17055402 00040000 f0c40400 0b012f00 
0000dd70: 42000004 000005f0 0c283025 a0000002 
0000dd80: 80000100 00280000 00002203 2e1d0742 
0000dd90: 12012e1d 07020205 2e1f0602 12030e1f 
0000dda0: 06021300 0901e706 5402000c 01960400 
0000ddb0: 00100f06 84010000 0f068401 00000f04 
0000ddc0: 84190f01 54e80100 00000000 1cd02200 
0000ddd0: 0e000000 2a873203 07000f05 54050f01 
0000dde0: 54880000 00000000 1cce2200 0e000000 
0000ddf0: 2a073b03 06000700 00000f05 54050f01 
0000de00: 54620000 00000000 120d2e1b 05021705 
0000de10: 54020004 0000f0c4 04000b01 2f004200 
0000de20: 00040000 05f00c28 3025a000 00028000 
0000de30: 01000028 00000000 02012e1d 07421203 
0000de40: 2e1d0702 02012e1f 06021203 0e1f0602 
0000de50: 13000901 e7065402 000c019e 04000010 
0000de60: 0f068401 00000f04 84190f01 543a0100 
0000de70: 00000000 1cd42200 0e000000 2a872283 
0000de80: 07000f05 54050f01 54880000 00000000 
0000de90: 1cd02200 0e000000 2a073b03 06000700 
0000dea0: 00000f05 54050f01 54620000 00000000 
0000deb0: 120d2e1b 05021705 54020004 0000f0c4 
0000dec0: 04000b01 2f004200 00040000 05f00c28 
0000ded0: 3025a000 00028000 01000028 00000000 
0000dee0: 02012e1d 07421203 2e1d0702 02012e1f 
0000def0: 06021203 0e1f0602 13000901 e7065402 
0000df00: 000c0196 04000010 0f068401 00000f04 
0000df10: 84190f01 548c0000 00000000 2a073b03 
0000df20: 06000700 00000f05 54050f01 546e0000 
0000df30: 00000000 120d2e1b 05021705 54020004 
0000df40: 0000f0c4 04000b01 2f004200 00040000 
0000df50: 05f00cb0 3025a000 00028000 01000028 
0000df60: 00000000 22052e1d 07423201 2e1d0702 
0000df70: 02032e1d 07021207 0e1f0602 02012e1f 
0000df80: 06022205 0e1f0602 13000901 e7065402 
0000df90: 000c019a 04000010 0f060401 00000f06 
0000dfa0: 04010000 0f060401 00000f06 04010000 
0000dfb0: 0f040419 0f015474 03000000 00001cda 
0000dfc0: 22000e00 00002a87 32030700 0f055405 
0000dfd0: 0f01544e 01000000 00001cd8 22000e00 
0000dfe0: 00002a87 23830300 07000000 00002000 
0000dff0: 0f055405 0f015494 00000000 00001cd6 
0000e000: 22000e00 00002a07 3b030600 07000000 
0000e010: 0f055405 0f01546e 00000000 0000120d 
0000e020: 2e1b0502 17055402 00040000 f0c40400 
0000e030: 0b012f00 42000004 000005f0 0c303025 
0000e040: a0000002 80000100 00280000 00003205 
0000e050: 2e1d0742 22012e1d 07020203 2e1d0702 
0000e060: 22050e1f 06020201 2e1f0602 12070e1f 
0000e070: 06021300 0901e706 5402000c 019a0400 
0000e080: 00100f06 84010000 0f048419 0f01548c 
0000e090: 00000000 00002a07 3b030600 07000000 
0000e0a0: 0f055405 0f01546e 00000000 0000120d 
0000e0b0: 2e1b0502 17055402 00040000 f0c40400 
0000e0c0: 0b012f00 42000004 000005f0 0c303025 
0000e0d0: a0000002 80000100 00280000 00003203 
0000e0e0: 2e1d0742 12012e1d 07020205 2e1d0702 
0000e0f0: 12030e1f 06020201 2e1f0602 22070e1f 
0000e100: 06021300 0901e706 5402000c 018a0400 
0000e110: 00100f06 84010000 0f068401 00000f04 
0000e120: 84190f01 54000200 00000000 1cdc2200 
0000e130: 0e000000 2a873203 07000f05 54050f01 
0000e140: 54940000 00000000 1cda2200 0e000000 
0000e150: 2a073b03 06000700 00000f05 54050f01 
0000e160: 546e0000 00000000 120d2e1b 05021705 
0000e170: 54020004 0000f0c4 04000b01 2f004200 
0000e180: 00040000 05f00c30 3025a000 00028000 
0000e190: 01000028 00000000 22052e1d 07423201 
0000e1a0: 2e1d0702 02032e1d 07021207 0e1f0602 
0000e1b0: 02012e1f 06022205 0e1f0602 13000901 
0000e1c0: e7065402 000c018a 04000010 0f068401 
0000e1d0: 00000f04 84190f01 54460100 00000000 
0000e1e0: 1cde2200 0e000000 2a872283 07000f05 
0000e1f0: 54050f01 54940000 00000000 1cdc2200 
0000e200: 0e000000 2a073b03 06000700 00000f05 
0000e210: 54050f01 546e0000 00000000 120d2e1b 
0000e220: 05021705 54020004 0000f0c4 04000b01 
0000e230: 2f004200 00040000 05f00c30 3025a000 
0000e240: 00028000 01000028 00000000 12032e1d 
0000e250: 07423201 2e1d0702 02052e1d 07022207 
0000e260: 0e1f0602 02012e1f 06021203 0e1f0602 
0000e270: 13000901 e7065402 000c018a 04000010 
0000e280: 0f068401 00000f04 84190f01 548c0000 
0000e290: 00000000 2a073b03 06000700 00000f05 
0000e2a0: 54050f01 546e0000 00000000 120d2e1b 
0000e2b0: 05021705 54020004 0000f0c4 04000b01 
0000e2c0: 2f004200 00040000 05f00cb0 3025a000 
0000e2d0: 00028000 01000028 00000000 12032e1d 
0000e2e0: 07423201 2e1d0702 02052e1d 07022207 
0000e2f0: 0e1f0602 02012e1f 06021203 0e1f0602 
0000e300: 13000901 e7065402 000c019a 04000010 
0000e310: 0f060401 00000f06 04010000 0f060401 
0000e320: 00000f06 04010000 0f060401 00000f04 
0000e330: 04190f01 54380700 00000000 1cec2200 
0000e340: 0e000000 2a873203 07000f05 54050f01 
0000e350: 54c40300 00000000 1ce62200 0e000000 
0000e360: 2a873203 07000f05 54050f01 546e0100 
0000e370: 00000000 1ce42200 0e000000 2a872383 
0000e380: 03000700 00000000 20000f05 54050f01 
0000e390: 54a40000 00000000 1ce22200 0e000000 
0000e3a0: 2a073b03 06000700 00000f05 54050f01 
0000e3b0: 547e0000 00000000 120d2e1b 05021705 
0000e3c0: 54020004 0000f0c4 04000b01 2f004200 
0000e3d0: 00040000 05f00c38 3025a000 00028000 
0000e3e0: 01000028 00000000 22052e1d 07425207 
0000e3f0: 2e1d0702 32012e1d 07020203 2e1d0702 
0000e400: 12070e1f 06023201 2e1f0602 22050e1f 
0000e410: 0602020b 2e1f0602 13060901 23000901 
0000e420: e7065402 000c018e 04000010 0f068401 
0000e430: 00000f04 84190f01 549c0000 00000000 
0000e440: 2a073b03 06000700 00000f05 54050f01 
0000e450: 547e0000 00000000 120d2e1b 05021705 
0000e460: 54020004 0000f0c4 04000b01 2f004200 
0000e470: 00040000 05f00c38 3025a000 00028000 
0000e480: 01000028 00000000 62052e1d 07425207 
0000e490: 2e1d0702 22012e1d 07020203 2e1d0702 
0000e4a0: 22050e1f 06023201 2e1f0602 120d0e1f 
0000e4b0: 0602020b 2e1f0602 13060901 23000901 
0000e4c0: e7065402 000c018e 04000010 0f068401 
0000e4d0: 00000f06 84010000 0f048419 0f015430 
0000e4e0: 02000000 00001ce8 22000e00 00002a07 
0000e4f0: 32030700 0f055405 0f0154a4 00000000 
0000e500: 00001ce6 22000e00 00002a07 3b030600 
0000e510: 07000000 0f055405 0f01547e 00000000 
0000e520: 0000120d 2e1b0502 17055402 00040000 
0000e530: f0c40400 0b012f00 42000004 000005f0 
0000e540: 0c383025 a0000002 80000100 00280000 
0000e550: 00002205 2e1d0742 32072e1d 07025201 
0000e560: 2e1d0702 02032e1d 0702120b 0e1f0602 
0000e570: 02012e1f 06023207 2e1f0602 22050e1f 
0000e580: 06021306 09012300 0901e706 5402000c 
0000e590: 018e0400 00100f06 84010000 0f048419 
0000e5a0: 0f015466 01000000 00001cea 22000e00 
0000e5b0: 00002a07 22830700 0f055405 0f0154a4 
0000e5c0: 00000000 00001ce8 22000e00 00002a07 
0000e5d0: 3b030600 07000000 0f055405 0f01547e 
0000e5e0: 00000000 0000120d 2e1b0502 17055402 
0000e5f0: 00040000 f0c40400 0b012f00 42000004 
0000e600: 000005f0 0c383025 a0000002 80000100 
0000e610: 00280000 00005201 2e1d0742 02032e1d 
0000e620: 0702520b 0e1f0602 62010e1f 06021207 
0000e630: 2e1d0702 02052e1d 07021203 2e1f0602 
0000e640: 02012e1f 06025302 09016300 0901e706 
0000e650: 540a000c 018e0400 00100f06 84010000 
0000e660: 0f048419 0f01549c 00000000 00002a07 
0000e670: 3b030600 07000000 0f055405 0f01547e 
0000e680: 00000000 0000120d 2e1b0502 17055402 
0000e690: 00040000 f0c40400 0b012f00 42000004 
0000e6a0: 000005f0 0cb83025 a0000002 80000100 
0000e6b0: 00280000 00000201 2e1d0742 22052e1d 
0000e6c0: 07020201 2e1f0602 12032e1d 07023207 
0000e6d0: 2e1d0702 12030e1f 06023207 2e1f0602 
0000e6e0: 22050e1f 06021306 09012300 0901e706 
0000e6f0: 5402000c 018e0400 00100f06 04010000 
0000e700: 0f060401 00000f06 04010000 0f060401 
0000e710: 00000f04 04190f01 544e0300 00000000 
0000e720: 1cf42200 0e000000 2a073203 07000f05 
0000e730: 54050f01 54b80100 00000000 1cf02200 
0000e740: 0e000000 2a873303 03000700 00000000 
0000e750: 20000f05 54050f01 54a40000 00000000 
0000e760: 1cec2200 0e000000 2a073b03 06000700 
0000e770: 00000f05 54050f01 547e0000 00000000 
0000e780: 120d2e1b 05021705 54020004 0000f0c4 
0000e790: 04000b01 2f004200 00040000 05f00c38 
0000e7a0: 3025a000 00028000 01000028 00000000 
0000e7b0: 52012e1d 07420203 2e1d0702 620b0e1f 
0000e7c0: 06025201 0e1f0602 12052e1d 07020207 
0000e7d0: 2e1d0702 12032e1f 06020201 2e1f0602 
0000e7e0: 53020901 63000901 e706540a 000c018e 
0000e7f0: 04000010 0f068401 00000f04 84190f01 
0000e800: 54e60000 00000000 1cf22200 0e000000 
0000e810: 2a872283 07000f05 54050f01 54640000 
0000e820: 00000000 1cf02200 0e000000 2a073b03 
0000e830: 06000700 00000f05 54050f01 543e0000 
0000e840: 00000000 2b012f00 42000004 000005f2 
0000e850: 0c201025 80000002 80000100 00280000 
0000e860: 00000201 2e1b0542 03002101 e7065400 
0000e870: 000c0182 04000010 0f068401 00000f04 
0000e880: 84190f01 545c0000 00000000 2a073b03 
0000e890: 06000700 00000f05 54050f01 543e0000 
0000e8a0: 00000000 2b012f00 42000004 000005f2 
0000e8b0: 0c201025 80000002 80000100 00280000 
0000e8c0: 00000201 2e1b0542 03002101 e7065400 
0000e8d0: 000c0194 04000010 0f068401 00000f06 
0000e8e0: 84010000 0f068401 00000f04 84190f01 
0000e8f0: 54700100 00000000 1cf62200 0e000000 
0000e900: 2a873203 07000f05 54050f01 54640000 
0000e910: 00000000 1cf42200 0e000000 2a073b03 
0000e920: 06000700 00000f05 54050f01 543e0000 
0000e930: 00000000 2b012f00 42000004 000005f2 
0000e940: 0c201025 80000002 80000100 00280000 
0000e950: 00000201 2e1b0542 03002101 e7065400 
0000e960: 000c0182 04000010 0f068401 00000f04 
0000e970: 84190f01 54e60000 00000000 1cf82200 
0000e980: 0e000000 2a872283 07000f05 54050f01 
0000e990: 54640000 00000000 1cf62200 0e000000 
0000e9a0: 2a073b03 06000700 00000f05 54050f01 
0000e9b0: 543e0000 00000000 2b012f00 42000004 
0000e9c0: 000005f2 0c201025 80000002 80000100 
0000e9d0: 00280000 00000201 2e1b0542 03002101 
0000e9e0: e7065400 000c0182 04000010 0f068401 
0000e9f0: 00000f04 84190f01 545c0000 00000000 
0000ea00: 2a073b03 06000700 00000f05 54050f01 
0000ea10: 543e0000 00000000 2b012f00 42000004 
0000ea20: 000005f2 0ca01025 80000002 80000100 
0000ea30: 00280000 00000201 2e1b0542 03002101 
0000ea40: e7065400 000c019c 04000010 0f060401 
0000ea50: 00000f06 04010000 0f060401 00000f06 
0000ea60: 04010000 0f060401 00000f06 04010000 
0000ea70: 0f040419 0f0154f0 0b000000 00001c92 
0000ea80: 22001000 00002a87 32030700 0f055405 
0000ea90: 0f015456 05000000 00001c86 22001000 
0000eaa0: 00002a87 32030700 0f055405 0f015484 
0000eab0: 02000000 00002a87 22270702 0f055405 
0000eac0: 0f0194ec 00000000 00001cfe 22000e00 
0000ead0: 00002a87 22830700 0f055405 0f015464 
0000eae0: 00000000 00001cfa 22000e00 00002a07 
0000eaf0: 3b030600 07000000 0f055405 0f01543e 
0000eb00: 00000000 00002b01 2f004200 00040000 
0000eb10: 05f20c20 10258000 00028000 01000028 
0000eb20: 00000000 02012e1b 05420300 2101e706 
0000eb30: 5400000c 01940400 00100f06 84010000 
0000eb40: 0f048419 0f015462 00000000 00002a07 
0000eb50: 3b030600 07000000 0f055405 0f015444 
0000eb60: 00000000 00002b01 2f004200 00040000 
0000eb70: 05f20c28 30258000 00028000 01000028 
0000eb80: 00000000 22032e1b 05421201 0e1b0502 
0000eb90: 13040901 e7065402 000c0192 04000010 
0000eba0: 0f068401 00000f06 84010000 0f048419 
0000ebb0: 0f01547a 01000000 00001c82 22001000 
0000ebc0: 00002a87 32030700 0f055405 0f015462 
0000ebd0: 00000000 00002a07 2b270600 07020000 
0000ebe0: 0f055405 0f015444 00000000 00002b01 
0000ebf0: 2f004200 00040000 05f20c28 30258000 
0000ec00: 00028000 01000028 00000000 02012e1b 
0000ec10: 05421203 0e1b0502 13000901 e7065402 
0000ec20: 000c0198 04000010 0f068401 00000f04 
0000ec30: 84190f01 54f20000 00000000 1c842200 
0000ec40: 10000000 2a872283 07000f05 54050f01 
0000ec50: 546a0000 00000000 1c822200 10000000 
0000ec60: 2a073b03 06000700 00000f05 54050f01 
0000ec70: 54440000 00000000 2b012f00 42000004 
0000ec80: 000005f2 0c283025 80000002 80000100 
0000ec90: 00280000 00002203 2e1b0542 12010e1b 
0000eca0: 05021304 0901e706 5402000c 019e0400 
0000ecb0: 00100f06 84010000 0f048419 0f015462 
0000ecc0: 00000000 00002a07 3b030600 07000000 
0000ecd0: 0f055405 0f015444 00000000 00002b01 
0000ece0: 2f004200 00040000 05f20c28 30258000 
0000ecf0: 00028000 01000028 00000000 22032e1b 
0000ed00: 05421201 0e1b0502 13040901 e7065402 
0000ed10: 000c0196 04000010 0f068401 00000f06 
0000ed20: 84010000 0f068401 00000f06 84010000 
0000ed30: 0f048419 0f0154ac 02000000 00001c8c 
0000ed40: 22001000 00002a87 32030700 0f055405 
0000ed50: 0f0154f2 00000000 00001c88 22001000 
0000ed60: 00002a87 22830700 0f055405 0f01546a 
0000ed70: 00000000 00001c86 22001000 00002a07 
0000ed80: 3b030600 07000000 0f055405 0f015444 
0000ed90: 00000000 00002b01 2f004200 00040000 
0000eda0: 05f20c28 30258000 00028000 01000028 
0000edb0: 00000000 02012e1b 05421203 0e1b0502 
0000edc0: 13000901 e7065402 000c019e 04000010 
0000edd0: 0f068401 00000f04 84190f01 54620000 
0000ede0: 00000000 2a073b03 06000700 00000f05 
0000edf0: 54050f01 54440000 00000000 2b012f00 
0000ee00: 42000004 000005f2 0c283025 80000002 
0000ee10: 80000100 00280000 00000201 2e1b0542 
0000ee20: 12030e1b 05021300 0901e706 5402000c 
0000ee30: 01960400 00100f06 84010000 0f068401 
0000ee40: 00000f04 84190f01 54940100 00000000 
0000ee50: 1c8e2200 10000000 2a873203 07000f05 
0000ee60: 54050f01 54700000 00000000 1c8c2200 
0000ee70: 10000000 2a073b03 06000700 00000f05 
0000ee80: 54050f01 544a0000 00000000 2b012f00 
0000ee90: 42000004 000005f2 0c303025 80000002 
0000eea0: 80000100 00280000 00005201 0e1b0542 
0000eeb0: 02032e1b 05026205 0e1b0502 53000901 
0000eec0: e706540a 000c019a 04000010 0f068401 
0000eed0: 00000f04 84190f01 54fe0000 00000000 
0000eee0: 1c902200 10000000 2a872283 07000f05 
0000eef0: 54050f01 54700000 00000000 1c8e2200 
0000ef00: 10000000 2a073b03 06000700 00000f05 
0000ef10: 54050f01 544a0000 00000000 2b012f00 
0000ef20: 42000004 000005f2 0c303025 80000002 
0000ef30: 80000100 00280000 00003201 0e1b0542 
0000ef40: 02032e1b 05022205 0e1b0502 23000901 
0000ef50: e7065404 000c019a 04000010 0f068401 
0000ef60: 00000f04 84190f01 54680000 00000000 
0000ef70: 2a073b03 06000700 00000f05 54050f01 
0000ef80: 544a0000 00000000 2b012f00 42000004 
0000ef90: 000005f2 0c303025 80000002 80000100 
0000efa0: 00280000 00005201 0e1b0542 02052e1b 
0000efb0: 05026203 0e1b0502 53000901 e706540a 
0000efc0: 000c018a 04000010 0f068401 00000f06 
0000efd0: 84010000 0f068401 00000f06 84010000 
0000efe0: 0f068401 00000f04 84190f01 54740600 
0000eff0: 00000000 2a872227 07040f05 54050f01 
0000f000: 54cc0200 00000000 1c962200 10000000 
0000f010: 2a873203 07000f05 54050f01 54fe0000 
0000f020: 00000000 1c942200 10000000 2a872283 
0000f030: 07000f05 54050f01 54700000 00000000 
0000f040: 1c922200 10000000 2a073b03 06000700 
0000f050: 00000f05 54050f01 544a0000 00000000 
0000f060: 2b012f00 42000004 000005f2 0c303025 
0000f070: 80000002 80000100 00280000 00005201 
0000f080: 0e1b0542 02032e1b 05026205 0e1b0502 
0000f090: 53000901 e706540a 000c018a 04000010 
0000f0a0: 0f068401 00000f04 84190f01 54680000 
0000f0b0: 00000000 2a073b03 06000700 00000f05 
0000f0c0: 54050f01 544a0000 00000000 2b012f00 
0000f0d0: 42000004 000005f2 0c303025 80000002 
0000f0e0: 80000100 00280000 00003201 0e1b0542 
0000f0f0: 02052e1b 05022203 0e1b0502 23000901 
0000f100: e7065404 000c018a 04000010 0f068401 
0000f110: 00000f06 84010000 0f048419 0f0154a8 
0000f120: 01000000 00001c9a 22001000 00002a87 
0000f130: 32030700 0f055405 0f015470 00000000 
0000f140: 00001c96 22001000 00002a07 3b030600 
0000f150: 07000000 0f055405 0f01544a 00000000 
0000f160: 00002b01 2f004200 00040000 05f20c30 
0000f170: 30258000 00028000 01000028 00000000 
0000f180: 32010e1b 05420205 2e1b0502 22030e1b 
0000f190: 05022300 0901e706 5404000c 019a0400 
0000f1a0: 00100f06 84010000 0f048419 0f015412 
0000f1b0: 01000000 00001c9c 22001000 00002a87 
0000f1c0: 22830700 0f055405 0f01547a 00000000 
0000f1d0: 00001c9a 22001000 00002a07 3b030600 
0000f1e0: 07000000 0f055405 0f015454 00000000 
0000f1f0: 00002b01 2f004200 00040000 05f20c38 
0000f200: 30258000 00028000 01000028 00000000 
0000f210: 52010e1b 05421203 2e1b0502 62050e1b 
0000f220: 05020207 2e1b0502 53020901 63000901 
0000f230: e706540a 000c018e 04000010 0f068401 
0000f240: 00000f04 84190f01 54720000 00000000 
0000f250: 2a073b03 06000700 00000f05 54050f01 
0000f260: 54540000 00000000 2b012f00 42000004 
0000f270: 000005f2 0c383025 80000002 80000100 
0000f280: 00280000 00006201 0e1b0542 12032e1b 
0000f290: 05025205 0e1b0502 02072e1b 05025302 
0000f2a0: 09016300 0901e706 540a000c 018e0400 
0000f2b0: 00100f06 84010000 0f068401 00000f06 
0000f2c0: 84010000 0f068401 00000f04 84190f01 
0000f2d0: 548a0300 00000000 1ca42200 10000000 
0000f2e0: 2a873203 07000f05 54050f01 54b20100 
0000f2f0: 00000000 1ca02200 10000000 2a873203 
0000f300: 07000f05 54050f01 547a0000 00000000 
0000f310: 1c9e2200 10000000 2a073b03 06000700 
0000f320: 00000f05 54050f01 54540000 00000000 
0000f330: 2b012f00 42000004 000005f2 0c383025 
0000f340: 80000002 80000100 00280000 00005201 
0000f350: 0e1b0542 02032e1b 05021207 2e1b0502 
0000f360: 62050e1b 05025302 09016300 0901e706 
0000f370: 540a000c 018e0400 00100f06 84010000 
0000f380: 0f048419 0f015412 01000000 00001ca2 
0000f390: 22001000 00002a87 22830700 0f055405 
0000f3a0: 0f01547a 00000000 00001ca0 22001000 
0000f3b0: 00002a07 3b030600 07000000 0f055405 
0000f3c0: 0f015454 00000000 00002b01 2f004200 
0000f3d0: 00040000 05f20c38 30258000 00028000 
0000f3e0: 01000028 00000000 52010e1b 05426203 
0000f3f0: 0e1b0502 12072e1b 05020205 2e1b0502 
0000f400: 53020901 63000901 e706540a 000c018e 
0000f410: 04000010 0f068401 00000f04 84190f01 
0000f420: 54720000 00000000 2a073b03 06000700 
0000f430: 00000f05 54050f01 54540000 00000000 
0000f440: 2b012f00 42000004 000005f2 0c383025 
0000f450: 80000002 80000100 00280000 00000201 
0000f460: 2e1b0542 12030e1b 05023207 2e1b0502 
0000f470: 22050e1b 05021306 09012300 0901e706 
0000f480: 5402000c 018e0400 00100f06 84010000 
0000f490: 0f068401 00000f06 84010000 0f048419 
0000f4a0: 0f0154b2 01000000 00001ca8 22001000 
0000f4b0: 00002a07 32030700 0f055405 0f01547a 
0000f4c0: 00000000 00001ca4 22001000 00002a07 
0000f4d0: 3b030600 07000000 0f055405 0f015454 
0000f4e0: 00000000 00002b01 2f004200 00040000 
0000f4f0: 05f20c38 30258000 00028000 01000028 
0000f500: 00000000 62010e1b 05425203 0e1b0502 
0000f510: 12052e1b 05020207 2e1b0502 53020901 
0000f520: 63000901 e706540a 000c018e 04000010 
0000f530: 0f068401 00000f04 84190f01 54120100 
0000f540: 00000000 1caa2200 10000000 2a873203 
0000f550: 07000f05 54050f01 54760000 00000000 
0000f560: 1ca82200 10000000 2a073b03 06000700 
0000f570: 00000f05 54050f01 54500000 00000000 
0000f580: 120d2e1b 05021705 54020004 0000f0c4 
0000f590: 04000b01 2f004200 00040000 05f00c20 
0000f5a0: 1025a000 00028000 01000028 00000000 
0000f5b0: 02012e1b 05420300 2101e706 5400000c 
0000f5c0: 01820400 00100f06 84010000 0f048419 
0000f5d0: 0f015476 00000000 00001caa 22001000 
0000f5e0: 00002a07 3b030600 07000000 0f055405 
0000f5f0: 0f015450 00000000 0000120d 2e1b0502 
0000f600: 17055402 00040000 f0c40400 0b012f00 
0000f610: 42000004 000005f0 0ca01025 a0000002 
0000f620: 80000100 00280000 00000201 2e1b0542 
0000f630: 03002101 e7065400 000c0194 04000010 
0000f640: 0f060401 00000f06 04010000 0f060401 
0000f650: 00000f06 04010000 0f060401 00000f06 
0000f660: 04010000 0f060401 00000f06 04010000 
0000f670: 0f040419 0f015462 2d000000 00001c8c 
0000f680: 22001200 00002a87 32030700 0f055405 
0000f690: 0f0154dc 16000000 00001cda 22001000 
0000f6a0: 00002a87 32030700 0f055405 0f015496 
0000f6b0: 0c000000 00002a87 22290704 0f055405 
0000f6c0: 0f0154fe 05000000 00001cb8 22001000 
0000f6d0: 00002a87 32030700 0f055405 0f0154d4 
0000f6e0: 02000000 00002a87 224d0700 0f055405 
0000f6f0: 0f01540a 01000000 00001cae 22003000 
0000f700: 00002a87 32030700 0f055405 0f01546e 
0000f710: 00000000 00002a07 2b450600 07000000 
0000f720: 0f055405 0f015450 00000000 0000120d 
0000f730: 2e1b0502 17055402 00040000 f0c40400 
0000f740: 0b012f00 42000004 000005f0 0c201025 
0000f750: a0000002 80000100 00280000 00000201 
0000f760: 2e1b0542 03002101 e7065400 000c0182 
0000f770: 04000010 0f068401 00000f04 84190f01 
0000f780: 54760000 00000000 1cae2200 10000000 
0000f790: 2a073b03 06000700 00000f05 54050f01 
0000f7a0: 54500000 00000000 120d2e1b 05021705 
0000f7b0: 54020004 0000f0c4 04000b01 2f004200 
0000f7c0: 00040000 05f00c20 1025a000 00028000 
0000f7d0: 01000028 00000000 02012e1b 05420300 
0000f7e0: 2101e706 5400000c 01820400 00100f06 
0000f7f0: 84010000 0f068401 00000f04 84190f01 
0000f800: 54ac0100 00000000 1cb22200 10000000 
0000f810: 2a873203 07000f05 54050f01 546e0000 
0000f820: 00000000 2a072b4d 06000700 00000f05 
0000f830: 54050f01 54500000 00000000 120d2e1b 
0000f840: 05021705 54020004 0000f0c4 04000b01 
0000f850: 2f004200 00040000 05f00c20 1025a000 
0000f860: 00028000 01000028 00000000 02012e1b 
0000f870: 05420300 2101e706 5400000c 019c0400 
0000f880: 00100f06 84010000 0f048419 0f015418 
0000f890: 01000000 00001cb6 22001000 00002a87 
0000f8a0: 32030700 0f055405 0f015476 00000000 
0000f8b0: 00001cb2 22001000 00002a07 3b030600 
0000f8c0: 07000000 0f055405 0f015450 00000000 
0000f8d0: 0000120d 2e1b0502 17055402 00040000 
0000f8e0: f0c40400 0b012f00 42000004 000005f0 
0000f8f0: 0c201025 a0000002 80000100 00280000 
0000f900: 00000201 2e1b0542 03002101 e7065400 
0000f910: 000c0194 04000010 0f068401 00000f04 
0000f920: 84190f01 547c0000 00000000 1cb62200 
0000f930: 10000000 2a073b03 06000700 00000f05 
0000f940: 54050f01 54560000 00000000 120d2e1b 
0000f950: 05021705 54020004 0000f0c4 04000b01 
0000f960: 2f004200 00040000 05f00c28 3025a000 
0000f970: 00028000 01000028 00000000 22032e1b 
0000f980: 05421201 0e1b0502 13040901 e7065402 
0000f990: 000c0192 04000010 0f068401 00000f06 
0000f9a0: 84010000 0f068401 00000f06 84010000 
0000f9b0: 0f048419 0f015404 03000000 00001cbc 
0000f9c0: 22001000 00002a87 32030700 0f055405 
0000f9d0: 0f01541e 01000000 00001cba 22001000 
0000f9e0: 00002a87 32030700 0f055405 0f01547c 
0000f9f0: 00000000 00001cb8 22001000 00002a07 
0000fa00: 3b030600 07000000 0f055405 0f015456 
0000fa10: 00000000 0000120d 2e1b0502 17055402 
0000fa20: 00040000 f0c40400 0b012f00 42000004 
0000fa30: 000005f0 0c283025 a0000002 80000100 
0000fa40: 00280000 00000201 2e1b0542 12030e1b 
0000fa50: 05021300 0901e706 5402000c 01980400 
0000fa60: 00100f06 84010000 0f048419 0f01547c 
0000fa70: 00000000 00001cba 22001000 00002a07 
0000fa80: 3b030600 07000000 0f055405 0f015456 
0000fa90: 00000000 0000120d 2e1b0502 17055402 
0000faa0: 00040000 f0c40400 0b012f00 42000004 
0000fab0: 000005f0 0c283025 a0000002 80000100 
0000fac0: 00280000 00002203 2e1b0542 12010e1b 
0000fad0: 05021304 0901e706 5402000c 019e0400 
0000fae0: 00100f06 84010000 0f068401 00000f04 
0000faf0: 84190f01 54c00100 00000000 1cbe2200 
0000fb00: 10000000 2a873203 07000f05 54050f01 
0000fb10: 547c0000 00000000 1cbc2200 10000000 
0000fb20: 2a073b03 06000700 00000f05 54050f01 
0000fb30: 54560000 00000000 120d2e1b 05021705 
0000fb40: 54020004 0000f0c4 04000b01 2f004200 
0000fb50: 00040000 05f00c28 3025a000 00028000 
0000fb60: 01000028 00000000 22032e1b 05421201 
0000fb70: 0e1b0502 13040901 e7065402 000c0196 
0000fb80: 04000010 0f068401 00000f04 84190f01 
0000fb90: 541e0100 00000000 1cc02200 10000000 
0000fba0: 2a873203 07000f05 54050f01 547c0000 
0000fbb0: 00000000 1cbe2200 10000000 2a073b03 
0000fbc0: 06000700 00000f05 54050f01 54560000 
0000fbd0: 00000000 120d2e1b 05021705 54020004 
0000fbe0: 0000f0c4 04000b01 2f004200 00040000 
0000fbf0: 05f00c28 3025a000 00028000 01000028 
0000fc00: 00000000 02012e1b 05421203 0e1b0502 
0000fc10: 13000901 e7065402 000c019e 04000010 
0000fc20: 0f068401 00000f04 84190f01 547c0000 
0000fc30: 00000000 1cc02200 10000000 2a073b03 
0000fc40: 06000700 00000f05 54050f01 54560000 
0000fc50: 00000000 120d2e1b 05021705 54020004 
0000fc60: 0000f0c4 04000b01 2f004200 00040000 
0000fc70: 05f00ca8 3025a000 00028000 01000028 
0000fc80: 00000000 02012e1b 05421203 0e1b0502 
0000fc90: 13000901 e7065402 000c0196 04000010 
0000fca0: 0f060401 00000f06 04010000 0f060401 
0000fcb0: 00000f06 04010000 0f060401 00000f04 
0000fcc0: 04190f01 547a0600 00000000 1cce2200 
0000fcd0: 10000000 2a873203 07000f05 54050f01 
0000fce0: 541a0300 00000000 1cc82200 10000000 
0000fcf0: 2a873203 07000f05 54050f01 54220100 
0000fd00: 00000000 1cc62200 30000000 2a873203 
0000fd10: 07000f05 54050f01 547a0000 00000000 
0000fd20: 2a072b29 06000704 00000f05 54050f01 
0000fd30: 545c0000 00000000 120d2e1b 05021705 
0000fd40: 54020004 0000f0c4 04000b01 2f004200 
0000fd50: 00040000 05f00c30 3025a000 00028000 
0000fd60: 01000028 00000000 52010e1b 05420203 
0000fd70: 2e1b0502 62050e1b 05025300 0901e706 
0000fd80: 540a000c 019a0400 00100f06 84010000 
0000fd90: 0f048419 0f015482 00000000 00001cc6 
0000fda0: 22001000 00002a07 3b030600 07000000 
0000fdb0: 0f055405 0f01545c 00000000 0000120d 
0000fdc0: 2e1b0502 17055402 00040000 f0c40400 
0000fdd0: 0b012f00 42000004 000005f0 0c303025 
0000fde0: a0000002 80000100 00280000 00003201 
0000fdf0: 0e1b0542 02032e1b 05022205 0e1b0502 
0000fe00: 23000901 e7065404 000c019a 04000010 
0000fe10: 0f068401 00000f06 84010000 0f048419 
0000fe20: 0f0154d2 01000000 00001cca 22001000 
0000fe30: 00002a87 32030700 0f055405 0f015482 
0000fe40: 00000000 00001cc8 22001000 00002a07 
0000fe50: 3b030600 07000000 0f055405 0f01545c 
0000fe60: 00000000 0000120d 2e1b0502 17055402 
0000fe70: 00040000 f0c40400 0b012f00 42000004 
0000fe80: 000005f0 0c303025 a0000002 80000100 
0000fe90: 00280000 00005201 0e1b0542 02052e1b 
0000fea0: 05026203 0e1b0502 53000901 e706540a 
0000feb0: 000c018a 04000010 0f068401 00000f04 
0000fec0: 84190f01 542a0100 00000000 1ccc2200 
0000fed0: 10000000 2a873203 07000f05 54050f01 
0000fee0: 54820000 00000000 1cca2200 10000000 
0000fef0: 2a073b03 06000700 00000f05 54050f01 
0000ff00: 545c0000 00000000 120d2e1b 05021705 
0000ff10: 54020004 0000f0c4 04000b01 2f004200 
0000ff20: 00040000 05f00c30 3025a000 00028000 
0000ff30: 01000028 00000000 52010e1b 05420203 
0000ff40: 2e1b0502 62050e1b 05025300 0901e706 
0000ff50: 540a000c 018a0400 00100f06 84010000 
0000ff60: 0f048419 0f015482 00000000 00001ccc 
0000ff70: 22001000 00002a07 3b030600 07000000 
0000ff80: 0f055405 0f01545c 00000000 0000120d 
0000ff90: 2e1b0502 17055402 00040000 f0c40400 
0000ffa0: 0b012f00 42000004 000005f0 0c303025 
0000ffb0: a0000002 80000100 00280000 00003201 
0000ffc0: 0e1b0542 02052e1b 05022203 0e1b0502 
0000ffd0: 23000901 e7065404 000c018a 04000010 
0000ffe0: 0f068401 00000f06 84010000 0f068401 
0000fff0: 00000f06 84010000 0f048419 0f01543a 
00010000: 03000000 00001cd4 22001000 00002a87 
00010010: 32030700 0f055405 0f015434 01000000 
00010020: 00001cd2 22001000 00002a87 32030700 
00010030: 0f055405 0f015482 00000000 00001cce 
00010040: 22001000 00002a07 3b030600 07000000 
00010050: 0f055405 0f01545c 00000000 0000120d 
00010060: 2e1b0502 17055402 00040000 f0c40400 
00010070: 0b012f00 42000004 000005f0 0c303025 
00010080: a0000002 80000100 00280000 00003201 
00010090: 0e1b0542 02052e1b 05022203 0e1b0502 
000100a0: 23000901 e7065404 000c019a 04000010 
000100b0: 0f068401 00000f04 84190f01 548c0000 
000100c0: 00000000 1cd22200 10000000 2a073b03 
000100d0: 06000700 00000f05 54050f01 54660000 
000100e0: 00000000 120d2e1b 05021705 54020004 
000100f0: 0000f0c4 04000b01 2f004200 00040000 
00010100: 05f00c38 3025a000 00028000 01000028 
00010110: 00000000 52010e1b 05421203 2e1b0502 
00010120: 62050e1b 05020207 2e1b0502 53020901 
00010130: 63000901 e706540a 000c018e 04000010 
00010140: 0f068401 00000f06 84010000 0f048419 
00010150: 0f0154e0 01000000 00002a87 222b0704 
00010160: 0f055405 0f01548c 00000000 00001cd4 
00010170: 22001000 00002a07 3b030600 07000000 
00010180: 0f055405 0f015466 00000000 0000120d 
00010190: 2e1b0502 17055402 00040000 f0c40400 
000101a0: 0b012f00 42000004 000005f0 0c383025 
000101b0: a0000002 80000100 00280000 00006201 
000101c0: 0e1b0542 12032e1b 05025205 0e1b0502 
000101d0: 02072e1b 05025302 09016300 0901e706 
000101e0: 540a000c 018e0400 00100f06 84010000 
000101f0: 0f048419 0f015436 01000000 00001cd8 
00010200: 22001000 00002a87 32030700 0f055405 
00010210: 0f015484 00000000 00002a07 2b2b0600 
00010220: 07040000 0f055405 0f015466 00000000 
00010230: 0000120d 2e1b0502 17055402 00040000 
00010240: f0c40400 0b012f00 42000004 000005f0 
00010250: 0c383025 a0000002 80000100 00280000 
00010260: 00005201 0e1b0542 02032e1b 05021207 
00010270: 2e1b0502 62050e1b 05025302 09016300 
00010280: 0901e706 540a000c 018e0400 00100f06 
00010290: 84010000 0f048419 0f01548c 00000000 
000102a0: 00001cd8 22001000 00002a07 3b030600 
000102b0: 07000000 0f055405 0f015466 00000000 
000102c0: 0000120d 2e1b0502 17055402 00040000 
000102d0: f0c40400 0b012f00 42000004 000005f0 
000102e0: 0cb83025 a0000002 80000100 00280000 
000102f0: 00005201 0e1b0542 62030e1b 05021207 
00010300: 2e1b0502 02052e1b 05025302 09016300 
00010310: 0901e706 540a000c 018e0400 00100f06 
00010320: 04010000 0f060401 00000f06 04010000 
00010330: 0f060401 00000f06 04010000 0f060401 
00010340: 00000f04 04190f01 54200a00 00000000 
00010350: 1cf22200 10000000 2a873203 07000f05 
00010360: 54050f01 54ea0400 00000000 1ce62200 
00010370: 10000000 2a873203 07000f05 54050f01 
00010380: 54a80200 00000000 1ce02200 10000000 
00010390: 2a873203 07000f05 54050f01 54460100 
000103a0: 00000000 1cdc2200 10000000 2a873303 
000103b0: 03000700 00000000 20000f05 54050f01 
000103c0: 548c0000 00000000 1cda2200 10000000 
000103d0: 2a073b03 06000700 00000f05 54050f01 
000103e0: 54660000 00000000 120d2e1b 05021705 
000103f0: 54020004 0000f0c4 04000b01 2f004200 
00010400: 00040000 05f00c38 3025a000 00028000 
00010410: 01000028 00000000 02012e1b 05421203 
00010420: 0e1b0502 32072e1b 05022205 0e1b0502 
00010430: 13060901 23000901 e7065402 000c018e 
00010440: 04000010 0f068401 00000f04 84190f01 
00010450: 548c0000 00000000 1cdc2200 10000000 
00010460: 2a073b03 06000700 00000f05 54050f01 
00010470: 54660000 00000000 120d2e1b 05021705 
00010480: 54020004 0000f0c4 04000b01 2f004200 
00010490: 00040000 05f00c38 3025a000 00028000 
000104a0: 01000028 00000000 62010e1b 05425203 
000104b0: 0e1b0502 12052e1b 05020207 2e1b0502 
000104c0: 53020901 63000901 e706540a 000c018e 
000104d0: 04000010 0f068401 00000f06 84010000 
000104e0: 0f048419 0f01543c 01000000 00001ce2 
000104f0: 22001000 00002a87 32030700 0f055405 
00010500: 0f015450 00000000 00001ce0 22001000 
00010510: 00002a07 3b030600 07000000 0f055405 
00010520: 2b012f00 42000004 00000df2 0c201025 
00010530: 80000002 80000100 00280000 0000e726 
00010540: 5402000c 01a20400 00100f06 84010000 
00010550: 0f048419 0f0154c6 00000000 00001ce4 
00010560: 22001000 00002a87 32030700 0f055405 
00010570: 0f015450 00000000 00001ce2 22001000 
00010580: 00002a07 3b030600 07000000 0f055405 
00010590: 2b012f00 42000004 00000df2 0c201025 
000105a0: 80000002 80000100 00280000 0000e726 
000105b0: 5402000c 01b40400 00100f06 84010000 
000105c0: 0f048419 0f015450 00000000 00001ce4 
000105d0: 22001000 00002a07 3b030600 07000000 
000105e0: 0f055405 2b012f00 42000004 00000df2 
000105f0: 0c201025 80000002 80000100 00280000 
00010600: 0000e726 5402000c 01a20400 00100f06 
00010610: 84010000 0f068401 00000f06 84010000 
00010620: 0f068401 00000f04 84190f01 541c0200 
00010630: 00000000 2a87221f 07000f05 54050f01 
00010640: 54c60000 00000000 1ce82200 10000000 
00010650: 2a873203 07000f05 54050f01 54500000 
00010660: 00000000 1ce62200 10000000 2a073b03 
00010670: 06000700 00000f05 54052b01 2f004200 
00010680: 00040000 0df20c20 10258000 00028000 
00010690: 01000028 00000000 e7265402 000c01a2 
000106a0: 04000010 0f068401 00000f04 84190f01 
000106b0: 54500000 00000000 1ce82200 10000000 
000106c0: 2a073b03 06000700 00000f05 54052b01 
000106d0: 2f004200 00040000 0df20c20 10258000 
000106e0: 00028000 01000028 00000000 e7265402 
000106f0: 000c01bc 04000010 0f068401 00000f06 
00010700: 84010000 0f048419 0f015438 01000000 
00010710: 00001cee 22001000 00002a87 32030700 
00010720: 0f055405 0f015448 00000000 00002a07 
00010730: 2b1f0600 07000000 0f055405 2b012f00 
00010740: 42000004 00000df2 0c201025 80000002 
00010750: 80000100 00280000 0000e726 5402000c 
00010760: 01b40400 00100f06 84010000 0f048419 
00010770: 0f0154ca 00000000 00001cf0 22001000 
00010780: 00002a87 32030700 0f055405 0f015450 
00010790: 00000000 00001cee 22001000 00002a07 
000107a0: 3b030600 07000000 0f055405 2b012f00 
000107b0: 42000004 00000df2 0c283025 80000002 
000107c0: 80000100 00280000 0000e726 5402000c 
000107d0: 01b20400 00100f06 84010000 0f048419 
000107e0: 0f015454 00000000 00001cf0 22001000 
000107f0: 00002a07 3b030600 07000000 0f055405 
00010800: 2b012f00 42000004 000005f2 0c283025 
00010810: 80000002 80000100 00280000 00002b00 
00010820: 0940e706 5402000c 01b80400 00100f06 
00010830: 84010000 0f068401 00000f06 84010000 
00010840: 0f068401 00000f06 84010000 0f048419 
00010850: 0f015410 05000000 00002a87 22090704 
00010860: 0f055405 0f015430 02000000 00001cf6 
00010870: 22001000 00002a87 32030700 0f055405 
00010880: 0f0154c6 00000000 00001cf4 22001000 
00010890: 00002a87 32030700 0f055405 0f015450 
000108a0: 00000000 00001cf2 22001000 00002a07 
000108b0: 3b030600 07000000 0f055405 2b012f00 
000108c0: 42000004 00000df2 0c283025 80000002 
000108d0: 80000100 00280000 0000e726 5402000c 
000108e0: 01be0400 00100f06 84010000 0f048419 
000108f0: 0f015450 00000000 00001cf4 22001000 
00010900: 00002a07 3b030600 07000000 0f055405 
00010910: 2b012f00 42000004 00000df2 0c283025 
00010920: 80000002 80000100 00280000 0000e726 
00010930: 5402000c 01b60400 00100f06 84010000 
00010940: 0f068401 00000f04 84190f01 54440100 
00010950: 00000000 1cf82200 10000000 2a873203 
00010960: 07000f05 54050f01 54540000 00000000 
00010970: 1cf62200 10000000 2a073b03 06000700 
00010980: 00000f05 54052b01 2f004200 00040000 
00010990: 05f20c28 30258000 00028000 01000028 
000109a0: 00000000 2b000940 e7065402 000c01be 
000109b0: 04000010 0f068401 00000f04 84190f01 
000109c0: 54ca0000 00000000 1cfc2200 10000000 
000109d0: 2a873203 07000f05 54050f01 54540000 
000109e0: 00000000 1cf82200 10000000 2a073b03 
000109f0: 06000700 00000f05 54052b01 2f004200 
00010a00: 00040000 05f20c28 30258000 00028000 
00010a10: 01000028 00000000 2b000940 e7065402 
00010a20: 000c01b6 04000010 0f068401 00000f04 
00010a30: 84190f01 54500000 00000000 1cfc2200 
00010a40: 10000000 2a073b03 06000700 00000f05 
00010a50: 54052b01 2f004200 00040000 0df20c30 
00010a60: 30258000 00028000 01000028 00000000 
00010a70: e7265402 000c01ba 04000010 0f068401 
00010a80: 00000f06 84010000 0f068401 00000f06 
00010a90: 84010000 0f048419 0f0154c2 02000000 
00010aa0: 00001c84 22001200 00002a87 32030700 
00010ab0: 0f055405 0f015458 01000000 00001c80 
00010ac0: 22001200 00002a87 32030700 0f055405 
00010ad0: 0f01545a 00000000 00002a07 2b090600 
00010ae0: 07040000 0f055405 0f01543c 00000000 
00010af0: 00002b01 2f004200 00040000 2df20c30 
00010b00: 30258000 00028000 01000028 00000000 
00010b10: 8b0c0940 9b0a0900 e706540e 000c01ba 
00010b20: 04000010 0f068401 00000f04 84190f01 
00010b30: 54d80000 00000000 1c822200 12000000 
00010b40: 2a873203 07000f05 54050f01 54620000 
00010b50: 00000000 1c802200 12000000 2a073b03 
00010b60: 06000700 00000f05 54050f01 543c0000 
00010b70: 00000000 2b012f00 42000004 000035f2 
00010b80: 0c303025 80000002 80000100 00280000 
00010b90: 00005b0c 09406b10 0900e706 540a000c 
00010ba0: 01aa0400 00100f06 84010000 0f048419 
00010bb0: 0f015450 00000000 00001c82 22001200 
00010bc0: 00002a07 3b030600 07000000 0f055405 
00010bd0: 2b012f00 42000004 00000df2 0c303025 
00010be0: 80000002 80000100 00280000 0000e726 
00010bf0: 5402000c 01aa0400 00100f06 84010000 
00010c00: 0f068401 00000f06 84010000 0f048419 
00010c10: 0f015444 01000000 00001c86 22001200 
00010c20: 00002a87 32030700 0f055405 0f015454 
00010c30: 00000000 00001c84 22001200 00002a07 
00010c40: 3b030600 07000000 0f055405 2b012f00 
00010c50: 42000004 000005f2 0c303025 80000002 
00010c60: 80000100 00280000 00003b00 0940e706 
00010c70: 5402000c 01aa0400 00100f06 84010000 
00010c80: 0f048419 0f0154ca 00000000 00001c8a 
00010c90: 22001200 00002a87 32030700 0f055405 
00010ca0: 0f015454 00000000 00001c86 22001200 
00010cb0: 00002a07 3b030600 07000000 0f055405 
00010cc0: 2b012f00 42000004 000005f2 0c303025 
00010cd0: 80000002 80000100 00280000 00003b00 
00010ce0: 0940e706 5402000c 01ba0400 00100f06 
00010cf0: 84010000 0f048419 0f015450 00000000 
00010d00: 00001c8a 22001200 00002a07 3b030600 
00010d10: 07000000 0f055405 2b012f00 42000004 
00010d20: 00002df2 0cb83025 80000002 80000100 
00010d30: 00280000 0000e726 540a000c 01ae0400 
00010d40: 00100f06 04010000 0f060401 00000f06 
00010d50: 04010000 0f060401 00000f06 04010000 
00010d60: 0f060401 00000f06 04010000 0f040419 
00010d70: 0f015460 16000000 00001cbc 22001200 
00010d80: 00002a87 32030700 0f055405 0f01549e 
00010d90: 0b000000 00002a87 22690700 0f055405 
00010da0: 0f01545c 05000000 00001c98 22001200 
00010db0: 00002a87 32030700 0f055405 0f015482 
00010dc0: 02000000 00002a87 22670700 0f055405 
00010dd0: 0f0194f2 00000000 00001c8e 22001200 
00010de0: 00002a87 32030700 0f055405 0f015466 
00010df0: 00000000 00001c8c 22001200 00002a07 
00010e00: 3b030600 07000000 0f055405 0f015440 
00010e10: 00000000 00002b01 2f004200 00040000 
00010e20: 3df20c38 30258000 00028000 01000028 
00010e30: 00000000 5b120940 6b100900 8b140900 
00010e40: e706540a 000c01ae 04000010 0f068401 
00010e50: 00000f04 84190f01 54660000 00000000 
00010e60: 1c8e2200 12000000 2a073b03 06000700 
00010e70: 00000f05 54050f01 54400000 00000000 
00010e80: 2b012f00 42000004 00003df2 0c383025 
00010e90: 80000002 80000100 00280000 00005b0e 
00010ea0: 09406b14 09007b12 0900e706 540a000c 
00010eb0: 01ae0400 00100f06 84010000 0f068401 
00010ec0: 00000f04 84190f01 54720100 00000000 
00010ed0: 1c922200 12000000 2a873203 07000f05 
00010ee0: 54050f01 545a0000 00000000 2a072b67 
00010ef0: 06000700 00000f05 54050f01 543c0000 
00010f00: 00000000 2b012f00 42000004 000035f2 
00010f10: 0c383025 80000002 80000100 00280000 
00010f20: 00005b0c 09406b12 0900e706 540a000c 
00010f30: 01ae0400 00100f06 84010000 0f048419 
00010f40: 0f0154f2 00000000 00001c94 22001200 
00010f50: 00002a87 32030700 0f055405 0f015466 
00010f60: 00000000 00001c92 22001200 00002a07 
00010f70: 3b030600 07000000 0f055405 0f015440 
00010f80: 00000000 00002b01 2f004200 00040000 
00010f90: 45f20c38 30258000 00028000 01000028 
00010fa0: 00000000 5b120940 6b160900 7b140900 
00010fb0: e706540a 000c01ae 04000010 0f068401 
00010fc0: 00000f04 84190f01 54660000 00000000 
00010fd0: 1c942200 12000000 2a073b03 06000700 
00010fe0: 00000f05 54050f01 54400000 00000000 
00010ff0: 2b012f00 42000004 00003df2 0c383025 
00011000: 80000002 80000100 00280000 00005b10 
00011010: 09406b12 09008b14 0900e706 540a000c 
00011020: 01ae0400 00100f06 84010000 0f068401 
00011030: 00000f06 84010000 0f068401 00000f04 
00011040: 84190f01 54b40200 00000000 1c9c2200 
00011050: 12000000 2a873203 07000f05 54050f01 
00011060: 54fe0000 00000000 1c9a2200 12000000 
00011070: 2a873203 07000f05 54050f01 546c0000 
00011080: 00000000 1c982200 12000000 2a073b03 
00011090: 06000700 00000f05 54050f01 54460000 
000110a0: 00000000 120d0e1b 05021705 54020004 
000110b0: 0000f0c4 04000b01 2f004200 00040000 
000110c0: 0df00c20 1025a000 00028000 01000028 
000110d0: 00000000 e7265402 000c01a2 04000010 
000110e0: 0f068401 00000f04 84190f01 546c0000 
000110f0: 00000000 1c9a2200 12000000 2a073b03 
00011100: 06000700 00000f05 54050f01 54460000 
00011110: 00000000 120d0e1b 05021705 54020004 
00011120: 0000f0c4 04000b01 2f004200 00040000 
00011130: 0df00c20 1025a000 00028000 01000028 
00011140: 00000000 e7265402 000c01b4 04000010 
00011150: 0f068401 00000f06 84010000 0f048419 
00011160: 0f015490 01000000 00001c9e 22001200 
00011170: 00002a87 32030700 0f055405 0f01546c 
00011180: 00000000 00001c9c 22001200 00002a07 
00011190: 3b030600 07000000 0f055405 0f015446 
000111a0: 00000000 0000120d 0e1b0502 17055402 
000111b0: 00040000 f0c40400 0b012f00 42000004 
000111c0: 00000df0 0c201025 a0000002 80000100 
000111d0: 00280000 0000e726 5402000c 01a20400 
000111e0: 00100f06 84010000 0f048419 0f0154fe 
000111f0: 00000000 00001ca0 22001200 00002a87 
00011200: 32030700 0f055405 0f01546c 00000000 
00011210: 00001c9e 22001200 00002a07 3b030600 
00011220: 07000000 0f055405 0f015446 00000000 
00011230: 0000120d 0e1b0502 17055402 00040000 
00011240: f0c40400 0b012f00 42000004 00000df0 
00011250: 0c201025 a0000002 80000100 00280000 
00011260: 0000e726 5402000c 01a20400 00100f06 
00011270: 84010000 0f048419 0f01546c 00000000 
00011280: 00001ca0 22001200 00002a07 3b030600 
00011290: 07000000 0f055405 0f015446 00000000 
000112a0: 0000120d 0e1b0502 17055402 00040000 
000112b0: f0c40400 0b012f00 42000004 00000df0 
000112c0: 0c201025 a0000002 80000100 00280000 
000112d0: 0000e726 5402000c 01bc0400 00100f06 
000112e0: 84010000 0f068401 00000f06 84010000 
000112f0: 0f068401 00000f06 84010000 0f048419 
00011300: 0f015424 06000000 00001cae 22001200 
00011310: 00002a87 32030700 0f055405 0f0154b0 
00011320: 02000000 00001ca8 22001200 00002a87 
00011330: 32030700 0f055405 0f0154f6 00000000 
00011340: 00001ca6 22001200 00002a87 32030700 
00011350: 0f055405 0f015464 00000000 00002a07 
00011360: 2b690600 07000000 0f055405 0f015446 
00011370: 00000000 0000120d 0e1b0502 17055402 
00011380: 00040000 f0c40400 0b012f00 42000004 
00011390: 00000df0 0c201025 a0000002 80000100 
000113a0: 00280000 0000e726 5402000c 01b40400 
000113b0: 00100f06 84010000 0f048419 0f01546c 
000113c0: 00000000 00001ca6 22001200 00002a07 
000113d0: 3b030600 07000000 0f055405 0f015446 
000113e0: 00000000 0000120d 0e1b0502 17055402 
000113f0: 00040000 f0c40400 0b012f00 42000004 
00011400: 00000df0 0c283025 a0000002 80000100 
00011410: 00280000 0000e726 5402000c 01b20400 
00011420: 00100f06 84010000 0f068401 00000f04 
00011430: 84190f01 54940100 00000000 1caa2200 
00011440: 12000000 2a873203 07000f05 54050f01 
00011450: 54700000 00000000 1ca82200 12000000 
00011460: 2a073b03 06000700 00000f05 54050f01 
00011470: 544a0000 00000000 120d0e1b 05021705 
00011480: 54020004 0000f0c4 04000b01 2f004200 
00011490: 00040000 05f00c28 3025a000 00028000 
000114a0: 01000028 00000000 2b000940 e7065402 
000114b0: 000c01b8 04000010 0f068401 00000f04 
000114c0: 84190f01 54fe0000 00000000 1cac2200 
000114d0: 12000000 2a873203 07000f05 54050f01 
000114e0: 546c0000 00000000 1caa2200 12000000 
000114f0: 2a073b03 06000700 00000f05 54050f01 
00011500: 54460000 00000000 120d0e1b 05021705 
00011510: 54020004 0000f0c4 04000b01 2f004200 
00011520: 00040000 0df00c28 3025a000 00028000 
00011530: 01000028 00000000 e7265402 000c01be 
00011540: 04000010 0f068401 00000f04 84190f01 
00011550: 546c0000 00000000 1cac2200 12000000 
00011560: 2a073b03 06000700 00000f05 54050f01 
00011570: 54460000 00000000 120d0e1b 05021705 
00011580: 54020004 0000f0c4 04000b01 2f004200 
00011590: 00040000 0df00c28 3025a000 00028000 
000115a0: 01000028 00000000 e7265402 000c01b6 
000115b0: 04000010 0f068401 00000f06 84010000 
000115c0: 0f068401 00000f06 84010000 0f048419 
000115d0: 0f01544e 03000000 00001cb6 22001200 
000115e0: 00002a87 32030700 0f055405 0f015498 
000115f0: 01000000 00001cb0 22001200 00002a87 
00011600: 32030700 0f055405 0f015470 00000000 
00011610: 00001cae 22001200 00002a07 3b030600 
00011620: 07000000 0f055405 0f01544a 00000000 
00011630: 0000120d 0e1b0502 17055402 00040000 
00011640: f0c40400 0b012f00 42000004 000005f0 
00011650: 0c283025 a0000002 80000100 00280000 
00011660: 00002b00 0940e706 5402000c 01be0400 
00011670: 00100f06 84010000 0f048419 0f015402 
00011680: 01000000 00001cb4 22001200 00002a87 
00011690: 32030700 0f055405 0f015470 00000000 
000116a0: 00001cb0 22001200 00002a07 3b030600 
000116b0: 07000000 0f055405 0f01544a 00000000 
000116c0: 0000120d 0e1b0502 17055402 00040000 
000116d0: f0c40400 0b012f00 42000004 000005f0 
000116e0: 0c283025 a0000002 80000100 00280000 
000116f0: 00002b00 0940e706 5402000c 01b60400 
00011700: 00100f06 84010000 0f048419 0f01546c 
00011710: 00000000 00001cb4 22001200 00002a07 
00011720: 3b030600 07000000 0f055405 0f015446 
00011730: 00000000 0000120d 0e1b0502 17055402 
00011740: 00040000 f0c40400 0b012f00 42000004 
00011750: 00000df0 0c303025 a0000002 80000100 
00011760: 00280000 0000e726 5402000c 01ba0400 
00011770: 00100f06 84010000 0f068401 00000f06 
00011780: 84010000 0f048419 0f015490 01000000 
00011790: 00002a87 22230700 0f055405 0f015474 
000117a0: 00000000 00001cb6 22001200 00002a07 
000117b0: 3b030600 07000000 0f055405 0f01544e 
000117c0: 00000000 0000120d 2e1b0502 17055402 
000117d0: 00040000 f0c40400 0b012f00 42000004 
000117e0: 00002df0 0c303025 a0000002 80000100 
000117f0: 00280000 00008b0c 09409b0a 0900e706 
00011800: 540e000c 01ba0400 00100f06 84010000 
00011810: 0f048419 0f0154fe 00000000 00001cba 
00011820: 22001200 00002a87 32030700 0f055405 
00011830: 0f01546c 00000000 00002a07 2b230600 
00011840: 07000000 0f055405 0f01544e 00000000 
00011850: 0000120d 2e1b0502 17055402 00040000 
00011860: f0c40400 0b012f00 42000004 000035f0 
00011870: 0c303025 a0000002 80000100 00280000 
00011880: 00005b0c 09406b10 0900e706 540a000c 
00011890: 01aa0400 00100f06 84010000 0f048419 
000118a0: 0f01546c 00000000 00001cba 22001200 
000118b0: 00002a07 3b030600 07000000 0f055405 
000118c0: 0f015446 00000000 0000120d 0e1b0502 
000118d0: 17055402 00040000 f0c40400 0b012f00 
000118e0: 42000004 00000df0 0cb03025 a0000002 
000118f0: 80000100 00280000 0000e726 5402000c 
00011900: 01aa0400 00100f06 04010000 0f060401 
00011910: 00000f06 04010000 0f060401 00000f06 
00011920: 04010000 0f060401 00000f04 04190f01 
00011930: 549c0a00 00000000 1cd42200 12000000 
00011940: 2a873203 07000f05 54050f01 548e0500 
00011950: 00000000 1cc82200 12000000 2a873203 
00011960: 07000f05 54050f01 54dc0200 00000000 
00011970: 1cc22200 12000000 2a873203 07000f05 
00011980: 54050f01 540e0100 00000000 1cbe2200 
00011990: 12000000 2a873303 03000700 00000000 
000119a0: 20000f05 54050f01 54700000 00000000 
000119b0: 1cbc2200 12000000 2a073b03 06000700 
000119c0: 00000f05 54050f01 544a0000 00000000 
000119d0: 120d0e1b 05021705 54020004 0000f0c4 
000119e0: 04000b01 2f004200 00040000 05f00c30 
000119f0: 3025a000 00028000 01000028 00000000 
00011a00: 3b000940 e7065402 000c01aa 04000010 
00011a10: 0f068401 00000f04 84190f01 54700000 
00011a20: 00000000 1cbe2200 12000000 2a073b03 
00011a30: 06000700 00000f05 54050f01 544a0000 
00011a40: 00000000 120d0e1b 05021705 54020004 
00011a50: 0000f0c4 04000b01 2f004200 00040000 
00011a60: 05f00c30 3025a000 00028000 01000028 
00011a70: 00000000 3b000940 e7065402 000c01ba 
00011a80: 04000010 0f068401 00000f06 84010000 
00011a90: 0f048419 0f0154a8 01000000 00001cc4 
00011aa0: 22001200 00002a87 32030700 0f055405 
00011ab0: 0f01546c 00000000 00001cc2 22001200 
00011ac0: 00002a07 3b030600 07000000 0f055405 
00011ad0: 0f015446 00000000 0000120d 2e1b0502 
00011ae0: 17055402 00040000 f0c40400 0b012f00 
00011af0: 42000004 00002df0 0c383025 a0000002 
00011b00: 80000100 00280000 0000e726 540a000c 
00011b10: 01ae0400 00100f06 84010000 0f048419 
00011b20: 0f015416 01000000 00001cc6 22001200 
00011b30: 00002a87 32030700 0f055405 0f015478 
00011b40: 00000000 00001cc4 22001200 00002a07 
00011b50: 3b030600 07000000 0f055405 0f015452 
00011b60: 00000000 0000120d 2e1b0502 17055402 
00011b70: 00040000 f0c40400 0b012f00 42000004 
00011b80: 00003df0 0c383025 a0000002 80000100 
00011b90: 00280000 00005b12 09406b10 09008b14 
00011ba0: 0900e706 540a000c 01ae0400 00100f06 
00011bb0: 84010000 0f048419 0f015478 00000000 
00011bc0: 00001cc6 22001200 00002a07 3b030600 
00011bd0: 07000000 0f055405 0f015452 00000000 
00011be0: 0000120d 2e1b0502 17055402 00040000 
00011bf0: f0c40400 0b012f00 42000004 00003df0 
00011c00: 0c383025 a0000002 80000100 00280000 
00011c10: 00005b0e 09406b14 09007b12 0900e706 
00011c20: 540a000c 01ae0400 00100f06 84010000 
00011c30: 0f068401 00000f06 84010000 0f068401 
00011c40: 00000f04 84190f01 548c0200 00000000 
00011c50: 1ccc2200 12000000 2a873203 07000f05 
00011c60: 54050f01 54020100 00000000 2a872247 
00011c70: 07000f05 54050f01 54740000 00000000 
00011c80: 1cc82200 12000000 2a073b03 06000700 
00011c90: 00000f05 54050f01 544e0000 00000000 
00011ca0: 120d2e1b 05021705 54020004 0000f0c4 
00011cb0: 04000b01 2f004200 00040000 35f00c38 
00011cc0: 3025a000 00028000 01000028 00000000 
00011cd0: 5b0c0940 6b120900 e706540a 000c01ae 
00011ce0: 04000010 0f068401 00000f04 84190f01 
00011cf0: 54700000 00000000 2a072b47 06000700 
00011d00: 00000f05 54050f01 54520000 00000000 
00011d10: 120d2e1b 05021705 54020004 0000f0c4 
00011d20: 04000b01 2f004200 00040000 45f00c38 
00011d30: 3025a000 00028000 01000028 00000000 
00011d40: 5b120940 6b160900 7b140900 e706540a 
00011d50: 000c01ae 04000010 0f068401 00000f06 
00011d60: 84010000 0f048419 0f015464 01000000 
00011d70: 00001cd0 22001200 00002a87 32030700 
00011d80: 0f055405 0f015478 00000000 00001ccc 
00011d90: 22001200 00002a07 3b030600 07000000 
00011da0: 0f055405 0f015452 00000000 0000120d 
00011db0: 2e1b0502 17055402 00040000 f0c40400 
00011dc0: 0b012f00 42000004 00003df0 0c383025 
00011dd0: a0000002 80000100 00280000 00005b10 
00011de0: 09406b12 09008b14 0900e706 540a000c 
00011df0: 01ae0400 00100f06 84010000 0f048419 
00011e00: 0f0154c6 00000000 00001cd2 22001200 
00011e10: 00002a87 32030700 0f055405 0f015450 
00011e20: 00000000 00001cd0 22001200 00002a07 
00011e30: 3b030600 07000000 0f055405 2b012f00 
00011e40: 42000004 00000df2 0c201025 80000002 
00011e50: 80000100 00280000 0000e726 5402000c 
00011e60: 01a20400 00100f06 84010000 0f048419 
00011e70: 0f015450 00000000 00001cd2 22001200 
00011e80: 00002a07 3b030600 07000000 0f055405 
00011e90: 2b012f00 42000004 00000df2 0c201025 
00011ea0: 80000002 80000100 00280000 0000e726 
00011eb0: 5402000c 01b40400 00100f06 84010000 
00011ec0: 0f068401 00000f06 84010000 0f068401 
00011ed0: 00000f06 84010000 0f048419 0f0154e8 
00011ee0: 04000000 00002a87 22270700 0f055405 
00011ef0: 0f015428 02000000 00001cd8 22001200 
00011f00: 00002a87 32030700 0f055405 0f0154c6 
00011f10: 00000000 00001cd6 22001200 00002a87 
00011f20: 32030700 0f055405 0f015450 00000000 
00011f30: 00001cd4 22001200 00002a07 3b030600 
00011f40: 07000000 0f055405 2b012f00 42000004 
00011f50: 00000df2 0c201025 80000002 80000100 
00011f60: 00280000 0000e726 5402000c 01a20400 
00011f70: 00100f06 84010000 0f048419 0f015450 
00011f80: 00000000 00001cd6 22001200 00002a07 
00011f90: 3b030600 07000000 0f055405 2b012f00 
00011fa0: 42000004 00000df2 0c201025 80000002 
00011fb0: 80000100 00280000 0000e726 5402000c 
00011fc0: 01a20400 00100f06 84010000 0f068401 
00011fd0: 00000f04 84190f01 543c0100 00000000 
00011fe0: 1cda2200 12000000 2a873203 07000f05 
00011ff0: 54050f01 54500000 00000000 1cd82200 
00012000: 12000000 2a073b03 06000700 00000f05 
00012010: 54052b01 2f004200 00040000 0df20c20 
00012020: 10258000 00028000 01000028 00000000 
00012030: e7265402 000c01bc 04000010 0f068401 
00012040: 00000f04 84190f01 54c60000 00000000 
00012050: 1cde2200 12000000 2a873203 07000f05 
00012060: 54050f01 54500000 00000000 1cda2200 
00012070: 12000000 2a073b03 06000700 00000f05 
00012080: 54052b01 2f004200 00040000 0df20c20 
00012090: 10258000 00028000 01000028 00000000 
000120a0: e7265402 000c01b4 04000010 0f068401 
000120b0: 00000f04 84190f01 54500000 00000000 
000120c0: 1cde2200 12000000 2a073b03 06000700 
000120d0: 00000f05 54052b01 2f004200 00040000 
000120e0: 0df20c28 30258000 00028000 01000028 
000120f0: 00000000 e7265402 000c01b2 04000010 
00012100: 0f068401 00000f06 84010000 0f068401 
00012110: 00000f06 84010000 0f048419 0f0154a2 
00012120: 02000000 00001ce6 22001200 00002a87 
00012130: 32030700 0f055405 0f015438 01000000 
00012140: 00001ce2 22001200 00002a87 32030700 
00012150: 0f055405 0f01544c 00000000 00002a07 
00012160: 2b270600 07000000 0f055405 2b012f00 
00012170: 42000004 000005f2 0c283025 80000002 
00012180: 80000100 00280000 00002b00 0940e706 
00012190: 5402000c 01b80400 00100f06 84010000 
000121a0: 0f048419 0f0154c6 00000000 00001ce4 
000121b0: 22001200 00002a87 32030700 0f055405 
000121c0: 0f015450 00000000 00001ce2 22001200 
000121d0: 00002a07 3b030600 07000000 0f055405 
000121e0: 2b012f00 42000004 00000df2 0c283025 
000121f0: 80000002 80000100 00280000 0000e726 
00012200: 5402000c 01be0400 00100f06 84010000 
00012210: 0f048419 0f015450 00000000 00001ce4 
00012220: 22001200 00002a07 3b030600 07000000 
00012230: 0f055405 2b012f00 42000004 00000df2 
00012240: 0c283025 80000002 80000100 00280000 
00012250: 0000e726 5402000c 01b60400 00100f06 
00012260: 84010000 0f068401 00000f06 84010000 
00012270: 0f048419 0f015444 01000000 00001ce8 
00012280: 22001200 00002a87 32030700 0f055405 
00012290: 0f015454 00000000 00001ce6 22001200 
000122a0: 00002a07 3b030600 07000000 0f055405 
000122b0: 2b012f00 42000004 000005f2 0c283025 
000122c0: 80000002 80000100 00280000 00002b00 
000122d0: 0940e706 5402000c 01be0400 00100f06 
000122e0: 84010000 0f048419 0f0154ca 00000000 
000122f0: 00001cec 22001200 00002a87 32030700 
00012300: 0f055405 0f015454 00000000 00001ce8 
00012310: 22001200 00002a07 3b030600 07000000 
00012320: 0f055405 2b012f00 42000004 000005f2 
00012330: 0c283025 80000002 80000100 00280000 
00012340: 00002b00 0940e706 5402000c 01b60400 
00012350: 00100f06 84010000 0f048419 0f015450 
00012360: 00000000 00001cec 22001200 00002a07 
00012370: 3b030600 07000000 0f055405 2b012f00 
00012380: 42000004 00000df2 0cb03025 80000002 
00012390: 80000100 00280000 0000e726 5402000c 
000123a0: 01ba0400 00100f06 04010000 0f060401 
000123b0: 00000f06 04010000 0f060401 00000f06 
000123c0: 04010000 0f060401 00000f06 04010000 
000123d0: 0f060401 00000f06 04010000 0f040419 
000123e0: 0f01544c 5b000000 00002a87 22390704 
000123f0: 0f055405 0f01542e 2e000000 00001cce 
00012400: 22001400 00002a87 32030700 0f055405 
00012410: 0f015442 16000000 00001c9c 22001400 
00012420: 00002a87 32030700 0f055405 0f015490 
00012430: 0a000000 00001c84 22001400 00002a87 
00012440: 32030700 0f055405 0f0154de 04000000 
00012450: 00001cfa 22001200 00002a87 32030700 
00012460: 0f055405 0f01543c 02000000 00002a87 
00012470: 22250700 0f059405 0f0154e2 00000000 
00012480: 00001cf0 22001200 00002a87 32030700 
00012490: 0f055405 0f01545a 00000000 00002a07 
000124a0: 2b3b0600 07000000 0f055405 0f01543c 
000124b0: 00000000 00002b01 2f004200 00040000 
000124c0: 2df20c30 30258000 00028000 01000028 
000124d0: 00000000 8b0c0940 9b0a0900 e706540e 
000124e0: 000c01ba 04000010 0f068401 00000f04 
000124f0: 84190f01 54620000 00000000 1cf02200 
00012500: 12000000 2a073b03 06000700 00000f05 
00012510: 54050f01 543c0000 00000000 2b012f00 
00012520: 42000004 000035f2 0c303025 80000002 
00012530: 80000100 00280000 00005b0c 09406b10 
00012540: 0900e706 540a000c 01aa0400 00100f06 
00012550: 84010000 0f068401 00000f04 84190f01 
00012560: 543c0100 00000000 1cf42200 12000000 
00012570: 2a873203 07000f05 54050f01 54480000 
00012580: 00000000 2a072b25 06000700 00000f05 
00012590: 54052b01 2f004200 00040000 0df20c30 
000125a0: 30258000 00028000 01000028 00000000 
000125b0: e7265402 000c01aa 04000010 0f068401 
000125c0: 00000f04 84190f01 54ce0000 00000000 
000125d0: 1cf62200 12000000 2a873203 07000f05 
000125e0: 54050f01 54540000 00000000 1cf42200 
000125f0: 12000000 2a073b03 06000700 00000f05 
00012600: 54052b01 2f004200 00040000 05f20c30 
00012610: 30258000 00028000 01000028 00000000 
00012620: 3b000940 e7065402 000c01aa 04000010 
00012630: 0f068401 00000f04 84190f01 54540000 
00012640: 00000000 1cf62200 12000000 2a073b03 
00012650: 06000700 00000f05 54052b01 2f004200 
00012660: 00040000 05f20c30 30258000 00028000 
00012670: 01000028 00000000 3b000940 e7065402 
00012680: 000c01ba 04000010 0f068401 00000f06 
00012690: 84010000 0f068401 00000f06 84010000 
000126a0: 0f048419 0f01547c 02000000 00001cfe 
000126b0: 22001200 00002a87 32030700 0f055405 
000126c0: 0f0154dc 00000000 00001cfc 22001200 
000126d0: 00002a87 32030700 0f055405 0f015450 
000126e0: 00000000 00001cfa 22001200 00002a07 
000126f0: 3b030600 07000000 0f055405 2b012f00 
00012700: 42000004 00002df2 0c383025 80000002 
00012710: 80000100 00280000 0000e726 540a000c 
00012720: 01ae0400 00100f06 84010000 0f048419 
00012730: 0f015466 00000000 00001cfc 22001200 
00012740: 00002a07 3b030600 07000000 0f055405 
00012750: 0f015440 00000000 00002b01 2f004200 
00012760: 00040000 3df20c38 30258000 00028000 
00012770: 01000028 00000000 5b120940 6b100900 
00012780: 8b140900 e706540a 000c01ae 04000010 
00012790: 0f068401 00000f06 84010000 0f048419 
000127a0: 0f01547a 01000000 00001c80 22001400 
000127b0: 00002a87 32030700 0f055405 0f015466 
000127c0: 00000000 00001cfe 22001200 00002a07 
000127d0: 3b030600 07000000 0f055405 0f015440 
000127e0: 00000000 00002b01 2f004200 00040000 
000127f0: 3df20c38 30258000 00028000 01000028 
00012800: 00000000 5b0e0940 6b140900 7b120900 
00012810: e706540a 000c01ae 04000010 0f068401 
00012820: 00000f04 84190f01 54ee0000 00000000 
00012830: 1c822200 14000000 2a873203 07000f05 
00012840: 54050f01 54620000 00000000 1c802200 
00012850: 14000000 2a073b03 06000700 00000f05 
00012860: 54050f01 543c0000 00000000 2b012f00 
00012870: 42000004 000035f2 0c383025 80000002 
00012880: 80000100 00280000 00005b0c 09406b12 
00012890: 0900e706 540a000c 01ae0400 00100f06 
000128a0: 84010000 0f048419 0f015466 00000000 
000128b0: 00001c82 22001400 00002a07 3b030600 
000128c0: 07000000 0f055405 0f015440 00000000 
000128d0: 00002b01 2f004200 00040000 45f20c38 
000128e0: 30258000 00028000 01000028 00000000 
000128f0: 5b120940 6b160900 7b140900 e706540a 
00012900: 000c01ae 04000010 0f068401 00000f06 
00012910: 84010000 0f068401 00000f06 84010000 
00012920: 0f068401 00000f04 84190f01 548c0500 
00012930: 00000000 1c902200 14000000 2a873203 
00012940: 07000f05 54050f01 54ae0200 00000000 
00012950: 1c8a2200 14000000 2a873203 07000f05 
00012960: 54050f01 54f80000 00000000 1c882200 
00012970: 14000000 2a873203 07000f05 54050f01 
00012980: 54660000 00000000 1c842200 14000000 
00012990: 2a073b03 06000700 00000f05 54050f01 
000129a0: 54400000 00000000 2b012f00 42000004 
000129b0: 00003df2 0c383025 80000002 80000100 
000129c0: 00280000 00005b10 09406b12 09008b14 
000129d0: 0900e706 540a000c 01ae0400 00100f06 
000129e0: 84010000 0f048419 0f01546c 00000000 
000129f0: 00001c88 22001400 00002a07 3b030600 
00012a00: 07000000 0f055405 0f015446 00000000 
00012a10: 0000120d 0e1b0502 17055402 00040000 
00012a20: f0c40400 0b012f00 42000004 00000df0 
00012a30: 0c201025 a0000002 80000100 00280000 
00012a40: 0000e726 5402000c 01a20400 00100f06 
00012a50: 84010000 0f068401 00000f04 84190f01 
00012a60: 54900100 00000000 1c8c2200 14000000 
00012a70: 2a873203 07000f05 54050f01 546c0000 
00012a80: 00000000 1c8a2200 14000000 2a073b03 
00012a90: 06000700 00000f05 54050f01 54460000 
00012aa0: 00000000 120d0e1b 05021705 54020004 
00012ab0: 0000f0c4 04000b01 2f004200 00040000 
00012ac0: 0df00c20 1025a000 00028000 01000028 
00012ad0: 00000000 e7265402 000c01b4 04000010 
00012ae0: 0f068401 00000f04 84190f01 54fe0000 
00012af0: 00000000 1c8e2200 14000000 2a873203 
00012b00: 07000f05 54050f01 546c0000 00000000 
00012b10: 1c8c2200 14000000 2a073b03 06000700 
00012b20: 00000f05 54050f01 54460000 00000000 
00012b30: 120d0e1b 05021705 54020004 0000f0c4 
00012b40: 04000b01 2f004200 00040000 0df00c20 
00012b50: 1025a000 00028000 01000028 00000000 
00012b60: e7265402 000c01a2 04000010 0f068401 
00012b70: 00000f04 84190f01 546c0000 00000000 
00012b80: 1c8e2200 14000000 2a073b03 06000700 
00012b90: 00000f05 54050f01 54460000 00000000 
00012ba0: 120d0e1b 05021705 54020004 0000f0c4 
00012bb0: 04000b01 2f004200 00040000 0df00c20 
00012bc0: 1025a000 00028000 01000028 00000000 
00012bd0: e7265402 000c01a2 04000010 0f068401 
00012be0: 00000f06 84010000 0f068401 00000f06 
00012bf0: 84010000 0f048419 0f0154b8 02000000 
00012c00: 00001c96 22001400 00002a87 32030700 
00012c10: 0f055405 0f0154fe 00000000 00001c92 
00012c20: 22001400 00002a87 32030700 0f055405 
00012c30: 0f01546c 00000000 00001c90 22001400 
00012c40: 00002a07 3b030600 07000000 0f055405 
00012c50: 0f015446 00000000 0000120d 0e1b0502 
00012c60: 17055402 00040000 f0c40400 0b012f00 
00012c70: 42000004 00000df0 0c201025 a0000002 
00012c80: 80000100 00280000 0000e726 5402000c 
00012c90: 01bc0400 00100f06 84010000 0f048419 
00012ca0: 0f01546c 00000000 00001c92 22001400 
00012cb0: 00002a07 3b030600 07000000 0f055405 
00012cc0: 0f015446 00000000 0000120d 0e1b0502 
00012cd0: 17055402 00040000 f0c40400 0b012f00 
00012ce0: 42000004 00000df0 0c201025 a0000002 
00012cf0: 80000100 00280000 0000e726 5402000c 
00012d00: 01b40400 00100f06 84010000 0f068401 
00012d10: 00000f04 84190f01 54940100 00000000 
00012d20: 1c982200 14000000 2a873203 07000f05 
00012d30: 54050f01 546c0000 00000000 1c962200 
00012d40: 14000000 2a073b03 06000700 00000f05 
00012d50: 54050f01 54460000 00000000 120d0e1b 
00012d60: 05021705 54020004 0000f0c4 04000b01 
00012d70: 2f004200 00040000 0df00c28 3025a000 
00012d80: 00028000 01000028 00000000 e7265402 
00012d90: 000c01b2 04000010 0f068401 00000f04 
00012da0: 84190f01 54020100 00000000 1c9a2200 
00012db0: 14000000 2a873203 07000f05 54050f01 
00012dc0: 54700000 00000000 1c982200 14000000 
00012dd0: 2a073b03 06000700 00000f05 54050f01 
00012de0: 544a0000 00000000 120d0e1b 05021705 
00012df0: 54020004 0000f0c4 04000b01 2f004200 
00012e00: 00040000 05f00c28 3025a000 00028000 
00012e10: 01000028 00000000 2b000940 e7065402 
00012e20: 000c01b8 04000010 0f068401 00000f04 
00012e30: 84190f01 546c0000 00000000 1c9a2200 
00012e40: 14000000 2a073b03 06000700 00000f05 
00012e50: 54050f01 54460000 00000000 120d0e1b 
00012e60: 05021705 54020004 0000f0c4 04000b01 
00012e70: 2f004200 00040000 0df00ca8 3025a000 
00012e80: 00028000 01000028 00000000 e7265402 
00012e90: 000c01be 04000010 0f060401 00000f06 
00012ea0: 04010000 0f060401 00000f06 04010000 
00012eb0: 0f060401 00000f06 04010000 0f040419 
00012ec0: 0f01548c 0b000000 00001cb4 22001400 
00012ed0: 00002a87 32030700 0f055405 0f0154b6 
00012ee0: 05000000 00001ca8 22001400 00002a87 
00012ef0: 32030700 0f055405 0f0154cc 02000000 
00012f00: 00001ca0 22001400 00002a87 32030700 
00012f10: 0f055405 0f01540a 01000000 00001c9e 
00012f20: 22001400 00002a87 33030300 07000000 
00012f30: 00002000 0f055405 0f01546c 00000000 
00012f40: 00001c9c 22001400 00002a07 3b030600 
00012f50: 07000000 0f055405 0f015446 00000000 
00012f60: 0000120d 0e1b0502 17055402 00040000 
00012f70: f0c40400 0b012f00 42000004 00000df0 
00012f80: 0c283025 a0000002 80000100 00280000 
00012f90: 0000e726 5402000c 01b60400 00100f06 
00012fa0: 84010000 0f048419 0f015470 00000000 
00012fb0: 00001c9e 22001400 00002a07 3b030600 
00012fc0: 07000000 0f055405 0f01544a 00000000 
00012fd0: 0000120d 0e1b0502 17055402 00040000 
00012fe0: f0c40400 0b012f00 42000004 000005f0 
00012ff0: 0c283025 a0000002 80000100 00280000 
00013000: 00002b00 0940e706 5402000c 01be0400 
00013010: 00100f06 84010000 0f068401 00000f04 
00013020: 84190f01 549c0100 00000000 1ca42200 
00013030: 14000000 2a873203 07000f05 54050f01 
00013040: 54700000 00000000 1ca02200 14000000 
00013050: 2a073b03 06000700 00000f05 54050f01 
00013060: 544a0000 00000000 120d0e1b 05021705 
00013070: 54020004 0000f0c4 04000b01 2f004200 
00013080: 00040000 05f00c28 3025a000 00028000 
00013090: 01000028 00000000 2b000940 e7065402 
000130a0: 000c01b6 04000010 0f068401 00000f04 
000130b0: 84190f01 54060100 00000000 1ca62200 
000130c0: 14000000 2a873203 07000f05 54050f01 
000130d0: 546c0000 00000000 1ca42200 14000000 
000130e0: 2a073b03 06000700 00000f05 54050f01 
000130f0: 54460000 00000000 120d0e1b 05021705 
00013100: 54020004 0000f0c4 04000b01 2f004200 
00013110: 00040000 0df00c30 3025a000 00028000 
00013120: 01000028 00000000 e7265402 000c01ba 
00013130: 04000010 0f068401 00000f04 84190f01 
00013140: 54740000 00000000 1ca62200 14000000 
00013150: 2a073b03 06000700 00000f05 54050f01 
00013160: 544e0000 00000000 120d2e1b 05021705 
00013170: 54020004 0000f0c4 04000b01 2f004200 
00013180: 00040000 2df00c30 3025a000 00028000 
00013190: 01000028 00000000 8b0c0940 9b0a0900 
000131a0: e706540e 000c01ba 04000010 0f068401 
000131b0: 00000f06 84010000 0f068401 00000f06 
000131c0: 84010000 0f048419 0f0154c4 02000000 
000131d0: 00001cac 22001400 00002a87 32030700 
000131e0: 0f055405 0f015406 01000000 00001caa 
000131f0: 22001400 00002a87 32030700 0f055405 
00013200: 0f015474 00000000 00001ca8 22001400 
00013210: 00002a07 3b030600 07000000 0f055405 
00013220: 0f01544e 00000000 0000120d 2e1b0502 
00013230: 17055402 00040000 f0c40400 0b012f00 
00013240: 42000004 000035f0 0c303025 a0000002 
00013250: 80000100 00280000 00005b0c 09406b10 
00013260: 0900e706 540a000c 01aa0400 00100f06 
00013270: 84010000 0f048419 0f01546c 00000000 
00013280: 00001caa 22001400 00002a07 3b030600 
00013290: 07000000 0f055405 0f015446 00000000 
000132a0: 0000120d 0e1b0502 17055402 00040000 
000132b0: f0c40400 0b012f00 42000004 00000df0 
000132c0: 0c303025 a0000002 80000100 00280000 
000132d0: 0000e726 5402000c 01aa0400 00100f06 
000132e0: 84010000 0f068401 00000f04 84190f01 
000132f0: 54980100 00000000 1cae2200 14000000 
00013300: 2a873203 07000f05 54050f01 54700000 
00013310: 00000000 1cac2200 14000000 2a073b03 
00013320: 06000700 00000f05 54050f01 544a0000 
00013330: 00000000 120d0e1b 05021705 54020004 
00013340: 0000f0c4 04000b01 2f004200 00040000 
00013350: 05f00c30 3025a000 00028000 01000028 
00013360: 00000000 3b000940 e7065402 000c01aa 
00013370: 04000010 0f068401 00000f04 84190f01 
00013380: 54020100 00000000 1cb22200 14000000 
00013390: 2a873203 07000f05 54050f01 54700000 
000133a0: 00000000 1cae2200 14000000 2a073b03 
000133b0: 06000700 00000f05 54050f01 544a0000 
000133c0: 00000000 120d0e1b 05021705 54020004 
000133d0: 0000f0c4 04000b01 2f004200 00040000 
000133e0: 05f00c30 3025a000 00028000 01000028 
000133f0: 00000000 3b000940 e7065402 000c01ba 
00013400: 04000010 0f068401 00000f04 84190f01 
00013410: 546c0000 00000000 1cb22200 14000000 
00013420: 2a073b03 06000700 00000f05 54050f01 
00013430: 54460000 00000000 120d2e1b 05021705 
00013440: 54020004 0000f0c4 04000b01 2f004200 
00013450: 00040000 2df00c38 3025a000 00028000 
00013460: 01000028 00000000 e726540a 000c01ae 
00013470: 04000010 0f068401 00000f06 84010000 
00013480: 0f068401 00000f06 84010000 0f068401 
00013490: 00000f04 84190f01 54b00500 00000000 
000134a0: 1cc02200 14000000 2a873203 07000f05 
000134b0: 54050f01 54ec0200 00000000 1cb82200 
000134c0: 14000000 2a873203 07000f05 54050f01 
000134d0: 54160100 00000000 1cb62200 14000000 
000134e0: 2a873203 07000f05 54050f01 54780000 
000134f0: 00000000 1cb42200 14000000 2a073b03 
00013500: 06000700 00000f05 54050f01 54520000 
00013510: 00000000 120d2e1b 05021705 54020004 
00013520: 0000f0c4 04000b01 2f004200 00040000 
00013530: 3df00c38 3025a000 00028000 01000028 
00013540: 00000000 5b120940 6b100900 8b140900 
00013550: e706540a 000c01ae 04000010 0f068401 
00013560: 00000f04 84190f01 54780000 00000000 
00013570: 1cb62200 14000000 2a073b03 06000700 
00013580: 00000f05 54050f01 54520000 00000000 
00013590: 120d2e1b 05021705 54020004 0000f0c4 
000135a0: 04000b01 2f004200 00040000 3df00c38 
000135b0: 3025a000 00028000 01000028 00000000 
000135c0: 5b0e0940 6b140900 7b120900 e706540a 
000135d0: 000c01ae 04000010 0f068401 00000f06 
000135e0: 84010000 0f048419 0f0154b0 01000000 
000135f0: 00001cba 22001400 00002a87 32030700 
00013600: 0f055405 0f015474 00000000 00001cb8 
00013610: 22001400 00002a07 3b030600 07000000 
00013620: 0f055405 0f01544e 00000000 0000120d 
00013630: 2e1b0502 17055402 00040000 f0c40400 
00013640: 0b012f00 42000004 000035f0 0c383025 
00013650: a0000002 80000100 00280000 00005b0c 
00013660: 09406b12 0900e706 540a000c 01ae0400 
00013670: 00100f06 84010000 0f048419 0f015416 
00013680: 01000000 00001cbc 22001400 00002a87 
00013690: 32030700 0f055405 0f015478 00000000 
000136a0: 00001cba 22001400 00002a07 3b030600 
000136b0: 07000000 0f055405 0f015452 00000000 
000136c0: 0000120d 2e1b0502 17055402 00040000 
000136d0: f0c40400 0b012f00 42000004 000045f0 
000136e0: 0c383025 a0000002 80000100 00280000 
000136f0: 00005b12 09406b16 09007b14 0900e706 
00013700: 540a000c 01ae0400 00100f06 84010000 
00013710: 0f048419 0f015478 00000000 00001cbc 
00013720: 22001400 00002a07 3b030600 07000000 
00013730: 0f055405 0f015452 00000000 0000120d 
00013740: 2e1b0502 17055402 00040000 f0c40400 
00013750: 0b012f00 42000004 00003df0 0c383025 
00013760: a0000002 80000100 00280000 00005b10 
00013770: 09406b12 09008b14 0900e706 540a000c 
00013780: 01ae0400 00100f06 84010000 0f068401 
00013790: 00000f06 84010000 0f068401 00000f04 
000137a0: 84190f01 549e0200 00000000 1cc62200 
000137b0: 14000000 2a873203 07000f05 54050f01 
000137c0: 543c0100 00000000 1cc22200 14000000 
000137d0: 2a873203 07000f05 54050f01 54500000 
000137e0: 00000000 1cc02200 14000000 2a073b03 
000137f0: 06000700 00000f05 54052b01 2f004200 
00013800: 00040000 0d720c20 10258000 00028000 
00013810: 01000028 00000000 e7265401 000c0182 
00013820: 04000010 0f068401 00000f04 84190f01 
00013830: 54c60000 00000000 1cc42200 14000000 
00013840: 2a873203 07000f05 54050f01 54500000 
00013850: 00000000 1cc22200 14000000 2a073b03 
00013860: 06000700 00000f05 54052b01 2f004200 
00013870: 00040000 0d720c20 10258000 00028000 
00013880: 01000028 00000000 e7265401 000c0194 
00013890: 04000010 0f068401 00000f04 84190f01 
000138a0: 54500000 00000000 1cc42200 14000000 
000138b0: 2a073b03 06000700 00000f05 54052b01 
000138c0: 2f004200 00040000 0d720c20 10258000 
000138d0: 00028000 01000028 00000000 e7265401 
000138e0: 000c0182 04000010 0f068401 00000f06 
000138f0: 84010000 0f068401 00000f04 84190f01 
00013900: 543c0100 00000000 1cc82200 14000000 
00013910: 2a873203 07000f05 54050f01 54500000 
00013920: 00000000 1cc62200 14000000 2a073b03 
00013930: 06000700 00000f05 54052b01 2f004200 
00013940: 00040000 0d720c20 10258000 00028000 
00013950: 01000028 00000000 e7265401 000c0182 
00013960: 04000010 0f068401 00000f04 84190f01 
00013970: 54c60000 00000000 1cca2200 14000000 
00013980: 2a873203 07000f05 54050f01 54500000 
00013990: 00000000 1cc82200 14000000 2a073b03 
000139a0: 06000700 00000f05 54052b01 2f004200 
000139b0: 00040000 0d720c20 10258000 00028000 
000139c0: 01000028 00000000 e7265401 000c019c 
000139d0: 04000010 0f068401 00000f04 84190f01 
000139e0: 54500000 00000000 1cca2200 14000000 
000139f0: 2a073b03 06000700 00000f05 54052b01 
00013a00: 2f004200 00040000 0d720ca0 10258000 
00013a10: 00028000 01000028 00000000 e7265401 
00013a20: 000c0194 04000010 0f060401 00000f06 
00013a30: 04010000 0f060401 00000f06 04010000 
00013a40: 0f060401 00000f06 04010000 0f060401 
00013a50: 00000f04 04190f01 54c61700 00000000 
00013a60: 1cfe2200 14000000 2a873203 07000f05 
00013a70: 54050f01 540c0b00 00000000 1ce42200 
00013a80: 14000000 2a873203 07000f05 54050f01 
00013a90: 54e80400 00000000 1cd82200 14000000 
00013aa0: 2a873203 07000f05 54050f01 54540200 
00013ab0: 00000000 1cd22200 14000000 2a873203 
00013ac0: 07000f05 94050f01 54dc0000 00000000 
00013ad0: 1cd02200 14000000 2a873203 07000f05 
00013ae0: 54050f01 54500000 00000000 1cce2200 
00013af0: 14000000 2a073b03 06000700 00000f05 
00013b00: 54052b01 2f004200 00040000 15720c28 
00013b10: 30258000 00028000 01000028 00000000 
00013b20: e7265402 000c0192 04000010 0f068401 
00013b30: 00000f04 84190f01 54660000 00000000 
00013b40: 1cd02200 14000000 2a073b03 06000700 
00013b50: 00000f05 54050f01 54400000 00000000 
00013b60: 2b012f00 42000004 00000572 0c283025 
00013b70: 80000002 80000100 00280000 00001300 
00013b80: 29401302 09011301 0900e706 5402000c 
00013b90: 01980400 00100f06 84010000 0f068401 
00013ba0: 00000f04 84190f01 54520100 00000000 
00013bb0: 1cd42200 14000000 2a873203 07000f05 
00013bc0: 54050f01 54500000 00000000 1cd22200 
00013bd0: 14000000 2a073b03 06000700 00000f05 
00013be0: 54052b01 2f004200 00040000 15720c28 
00013bf0: 30258000 00028000 01000028 00000000 
00013c00: e7265402 000c019e 04000010 0f068401 
00013c10: 00000f04 84190f01 54dc0000 00000000 
00013c20: 1cd62200 14000000 2a873203 07000f05 
00013c30: 54050f01 54500000 00000000 1cd42200 
00013c40: 14000000 2a073b03 06000700 00000f05 
00013c50: 54052b01 2f004200 00040000 15720c28 
00013c60: 30258000 00028000 01000028 00000000 
00013c70: e7265402 000c0196 04000010 0f068401 
00013c80: 00000f04 84190f01 54660000 00000000 
00013c90: 1cd62200 14000000 2a073b03 06000700 
00013ca0: 00000f05 54050f01 54400000 00000000 
00013cb0: 2b012f00 42000004 00000572 0c283025 
00013cc0: 80000002 80000100 00280000 00001300 
00013cd0: 29401302 09011301 0900e706 5402000c 
00013ce0: 019e0400 00100f06 84010000 0f068401 
00013cf0: 00000f06 84010000 0f068401 00000f04 
00013d00: 84190f01 546e0200 00000000 1cde2200 
00013d10: 14000000 2a873203 07000f05 54050f01 
00013d20: 54dc0000 00000000 1cdc2200 14000000 
00013d30: 2a873203 07000f05 54050f01 54660000 
00013d40: 00000000 1cd82200 14000000 2a073b03 
00013d50: 06000700 00000f05 54050f01 54400000 
00013d60: 00000000 2b012f00 42000004 00000572 
00013d70: 0c283025 80000002 80000100 00280000 
00013d80: 00001300 29401302 09011301 0900e706 
00013d90: 5402000c 01960400 00100f06 84010000 
00013da0: 0f048419 0f015450 00000000 00001cdc 
00013db0: 22001400 00002a07 3b030600 07000000 
00013dc0: 0f055405 2b012f00 42000004 00001572 
00013dd0: 0c303025 80000002 80000100 00280000 
00013de0: 0000e726 5402000c 019a0400 00100f06 
00013df0: 84010000 0f068401 00000f04 84190f01 
00013e00: 546c0100 00000000 1ce02200 14000000 
00013e10: 2a873203 07000f05 54050f01 54620000 
00013e20: 00000000 1cde2200 14000000 2a073b03 
00013e30: 06000700 00000f05 54050f01 543c0000 
00013e40: 00000000 2b012f00 42000004 00000572 
00013e50: 0c303025 80000002 80000100 00280000 
00013e60: 00001301 09412300 0900e706 5402000c 
00013e70: 019a0400 00100f06 84010000 0f048419 
00013e80: 0f0154e4 00000000 00001ce2 22001400 
00013e90: 00002a87 32030700 0f055405 0f01546e 
00013ea0: 00000000 00001ce0 22001400 00002a07 
00013eb0: 3b030600 07000000 0f055405 0f015448 
00013ec0: 00000000 00002b01 2f004200 00040000 
00013ed0: 15720c30 30258000 00028000 01000028 
00013ee0: 00000000 03022941 13042900 23030900 
00013ef0: 13020901 13010900 e7065402 000c018a 
00013f00: 04000010 0f068401 00000f04 84190f01 
00013f10: 54500000 00000000 1ce22200 14000000 
00013f20: 2a073b03 06000700 00000f05 54052b01 
00013f30: 2f004200 00040000 15720c30 30258000 
00013f40: 00028000 01000028 00000000 e7265402 
00013f50: 000c018a 04000010 0f068401 00000f06 
00013f60: 84010000 0f068401 00000f06 84010000 
00013f70: 0f068401 00000f04 84190f01 54fe0500 
00013f80: 00000000 1cf02200 14000000 2a873203 
00013f90: 07000f05 54050f01 54880200 00000000 
00013fa0: 1cea2200 14000000 2a873203 07000f05 
00013fb0: 54050f01 54fa0000 00000000 1ce62200 
00013fc0: 14000000 2a873203 07000f05 54050f01 
00013fd0: 546a0000 00000000 1ce42200 14000000 
00013fe0: 2a073b03 06000700 00000f05 54050f01 
00013ff0: 54440000 00000000 2b012f00 42000004 
00014000: 00000572 0c303025 80000002 80000100 
00014010: 00280000 00001300 29412303 09001302 
00014020: 09011301 0900e706 5402000c 018a0400 
00014030: 00100f06 84010000 0f048419 0f01546a 
00014040: 00000000 00001ce6 22001400 00002a07 
00014050: 3b030600 07000000 0f055405 0f015444 
00014060: 00000000 00002b01 2f004200 00040000 
00014070: 05720c30 30258000 00028000 01000028 
00014080: 00000000 13002941 23030900 13020901 
00014090: 13010900 e7065402 000c019a 04000010 
000140a0: 0f068401 00000f06 84010000 0f048419 
000140b0: 0f015468 01000000 00001cec 22001400 
000140c0: 00002a87 32030700 0f055405 0f015450 
000140d0: 00000000 00001cea 22001400 00002a07 
000140e0: 3b030600 07000000 0f055405 2b012f00 
000140f0: 42000004 00001572 0c383025 80000002 
00014100: 80000100 00280000 0000e726 5402000c 
00014110: 018e0400 00100f06 84010000 0f048419 
00014120: 0f0154f2 00000000 00001cee 22001400 
00014130: 00002a87 32030700 0f055405 0f015466 
00014140: 00000000 00001cec 22001400 00002a07 
00014150: 3b030600 07000000 0f055405 0f015440 
00014160: 00000000 00002b01 2f004200 00040000 
00014170: 25720c38 30258000 00028000 01000028 
00014180: 00000000 13060940 13050901 23070901 
00014190: e7065402 000c018e 04000010 0f068401 
000141a0: 00000f04 84190f01 54660000 00000000 
000141b0: 1cee2200 14000000 2a073b03 06000700 
000141c0: 00000f05 54050f01 54400000 00000000 
000141d0: 2b012f00 42000004 00002572 0c383025 
000141e0: 80000002 80000100 00280000 00001304 
000141f0: 09401307 09012306 0900e706 5402000c 
00014200: 018e0400 00100f06 84010000 0f068401 
00014210: 00000f06 84010000 0f068401 00000f04 
00014220: 84190f01 54500300 00000000 1cf82200 
00014230: 14000000 2a873203 07000f05 54050f01 
00014240: 549a0100 00000000 1cf22200 14000000 
00014250: 2a873203 07000f05 54050f01 54720000 
00014260: 00000000 1cf02200 14000000 2a073b03 
00014270: 06000700 00000f05 54050f01 544c0000 
00014280: 00000000 2b012f00 42000004 00001572 
00014290: 0c383025 80000002 80000100 00280000 
000142a0: 00000302 29411305 29002304 09012303 
000142b0: 09001302 09011301 0900e706 5402000c 
000142c0: 018e0400 00100f06 84010000 0f048419 
000142d0: 0f015402 01000000 00001cf4 22001400 
000142e0: 00002a87 32030700 0f055405 0f015476 
000142f0: 00000000 00001cf2 22001400 00002a07 
00014300: 3b030600 07000000 0f055405 0f015450 
00014310: 00000000 00002b01 2f004200 00040000 
00014320: 25720c38 30258000 00028000 01000028 
00014330: 00000000 03052941 13072900 13062901 
00014340: 23040901 23030900 13020901 13010900 
00014350: e7065402 000c018e 04000010 0f068401 
00014360: 00000f04 84190f01 54660000 00000000 
00014370: 1cf42200 14000000 2a073b03 06000700 
00014380: 00000f05 54050f01 54400000 00000000 
00014390: 2b012f00 42000004 00002572 0c383025 
000143a0: 80000002 80000100 00280000 00001305 
000143b0: 09401306 09012307 0901e706 5402000c 
000143c0: 018e0400 00100f06 84010000 0f068401 
000143d0: 00000f06 84010000 0f048419 0f015490 
000143e0: 01000000 00001cfa 22001400 00002a87 
000143f0: 32030700 0f055405 0f01546c 00000000 
00014400: 00001cf8 22001400 00002a07 3b030600 
00014410: 07000000 0f055405 0f015446 00000000 
00014420: 0000120d 2e1b0502 17055402 00040000 
00014430: f0c40400 0b012f00 42000004 00000d70 
00014440: 0c201025 a0000002 80000100 00280000 
00014450: 0000e726 5401000c 01820400 00100f06 
00014460: 84010000 0f048419 0f0154fe 00000000 
00014470: 00001cfc 22001400 00002a87 32030700 
00014480: 0f055405 0f01546c 00000000 00001cfa 
00014490: 22001400 00002a07 3b030600 07000000 
000144a0: 0f055405 0f015446 00000000 0000120d 
000144b0: 2e1b0502 17055402 00040000 f0c40400 
000144c0: 0b012f00 42000004 00000d70 0c201025 
000144d0: a0000002 80000100 00280000 0000e726 
000144e0: 5401000c 01940400 00100f06 84010000 
000144f0: 0f048419 0f01546c 00000000 00001cfc 
00014500: 22001400 00002a07 3b030600 07000000 
00014510: 0f055405 0f015446 00000000 0000120d 
00014520: 2e1b0502 17055402 00040000 f0c40400 
00014530: 0b012f00 42000004 00000d70 0ca01025 
00014540: a0000002 80000100 00280000 0000e726 
00014550: 5401000c 01820400 00100f06 04010000 
00014560: 0f060401 00000f06 04010000 0f060401 
00014570: 00000f06 04010000 0f060401 00000f04 
00014580: 04190f01 54940c00 00000000 1c962200 
00014590: 16000000 2a873203 07000f05 54050f01 
000145a0: 54ba0500 00000000 1c8a2200 16000000 
000145b0: 2a873203 07000f05 54050f01 54c80200 
000145c0: 00000000 1c822200 16000000 2a873203 
000145d0: 07000f05 54050f01 54060100 00000000 
000145e0: 1c802200 16000000 2a873303 03000700 
000145f0: 00000000 20000f05 54050f01 546c0000 
00014600: 00000000 1cfe2200 14000000 2a073b03 
00014610: 06000700 00000f05 54050f01 54460000 
00014620: 00000000 120d2e1b 05021705 54020004 
00014630: 0000f0c4 04000b01 2f004200 00040000 
00014640: 0d700c20 1025a000 00028000 01000028 
00014650: 00000000 e7265401 000c0182 04000010 
00014660: 0f068401 00000f04 84190f01 546c0000 
00014670: 00000000 1c802200 16000000 2a073b03 
00014680: 06000700 00000f05 54050f01 54460000 
00014690: 00000000 120d2e1b 05021705 54020004 
000146a0: 0000f0c4 04000b01 2f004200 00040000 
000146b0: 0d700c20 1025a000 00028000 01000028 
000146c0: 00000000 e7265401 000c019c 04000010 
000146d0: 0f068401 00000f06 84010000 0f048419 
000146e0: 0f01549c 01000000 00001c86 22001600 
000146f0: 00002a87 32030700 0f055405 0f01546c 
00014700: 00000000 00001c82 22001600 00002a07 
00014710: 3b030600 07000000 0f055405 0f015446 
00014720: 00000000 0000120d 2e1b0502 17055402 
00014730: 00040000 f0c40400 0b012f00 42000004 
00014740: 00000d70 0c201025 a0000002 80000100 
00014750: 00280000 0000e726 5401000c 01940400 
00014760: 00100f06 84010000 0f048419 0f01540a 
00014770: 01000000 00001c88 22001600 00002a87 
00014780: 32030700 0f055405 0f01546c 00000000 
00014790: 00001c86 22001600 00002a07 3b030600 
000147a0: 07000000 0f055405 0f015446 00000000 
000147b0: 0000120d 0e1b0502 17055402 00040000 
000147c0: f0c40400 0b012f00 42000004 00001570 
000147d0: 0c283025 a0000002 80000100 00280000 
000147e0: 0000e726 5402000c 01920400 00100f06 
000147f0: 84010000 0f048419 0f015478 00000000 
00014800: 00001c88 22001600 00002a07 3b030600 
00014810: 07000000 0f055405 0f015452 00000000 
00014820: 0000120d 0e1b0502 17055402 00040000 
00014830: f0c40400 0b012f00 42000004 00000570 
00014840: 0c283025 a0000002 80000100 00280000 
00014850: 00001300 29401302 09011301 0900e706 
00014860: 5402000c 01980400 00100f06 84010000 
00014870: 0f068401 00000f06 84010000 0f068401 
00014880: 00000f04 84190f01 54cc0200 00000000 
00014890: 1c8e2200 16000000 2a873203 07000f05 
000148a0: 54050f01 54fe0000 00000000 1c8c2200 
000148b0: 16000000 2a873203 07000f05 54050f01 
000148c0: 546c0000 00000000 1c8a2200 16000000 
000148d0: 2a073b03 06000700 00000f05 54050f01 
000148e0: 54460000 00000000 120d0e1b 05021705 
000148f0: 54020004 0000f0c4 04000b01 2f004200 
00014900: 00040000 15700c28 3025a000 00028000 
00014910: 01000028 00000000 e7265402 000c019e 
00014920: 04000010 0f068401 00000f04 84190f01 
00014930: 546c0000 00000000 1c8c2200 16000000 
00014940: 2a073b03 06000700 00000f05 54050f01 
00014950: 54460000 00000000 120d0e1b 05021705 
00014960: 54020004 0000f0c4 04000b01 2f004200 
00014970: 00040000 15700c28 3025a000 00028000 
00014980: 01000028 00000000 e7265402 000c0196 
00014990: 04000010 0f068401 00000f06 84010000 
000149a0: 0f048419 0f0154a8 01000000 00001c90 
000149b0: 22001600 00002a87 32030700 0f055405 
000149c0: 0f015478 00000000 00001c8e 22001600 
000149d0: 00002a07 3b030600 07000000 0f055405 
000149e0: 0f015452 00000000 0000120d 0e1b0502 
000149f0: 17055402 00040000 f0c40400 0b012f00 
00014a00: 42000004 00000570 0c283025 a0000002 
00014a10: 80000100 00280000 00001300 29401302 
00014a20: 09011301 0900e706 5402000c 019e0400 
00014a30: 00100f06 84010000 0f048419 0f01540a 
00014a40: 01000000 00001c94 22001600 00002a87 
00014a50: 32030700 0f055405 0f015478 00000000 
00014a60: 00001c90 22001600 00002a07 3b030600 
00014a70: 07000000 0f055405 0f015452 00000000 
00014a80: 0000120d 0e1b0502 17055402 00040000 
00014a90: f0c40400 0b012f00 42000004 00000570 
00014aa0: 0c283025 a0000002 80000100 00280000 
00014ab0: 00001300 29401302 09011301 0900e706 
00014ac0: 5402000c 01960400 00100f06 84010000 
00014ad0: 0f048419 0f01546c 00000000 00001c94 
00014ae0: 22001600 00002a07 3b030600 07000000 
00014af0: 0f055405 0f015446 00000000 0000120d 
00014b00: 0e1b0502 17055402 00040000 f0c40400 
00014b10: 0b012f00 42000004 00001570 0c303025 
00014b20: a0000002 80000100 00280000 0000e726 
00014b30: 5402000c 019a0400 00100f06 84010000 
00014b40: 0f068401 00000f06 84010000 0f068401 
00014b50: 00000f06 84010000 0f048419 0f0154b4 
00014b60: 06000000 00001ca2 22001600 00002a87 
00014b70: 32030700 0f055405 0f0154f0 02000000 
00014b80: 00001c9a 22001600 00002a87 32030700 
00014b90: 0f055405 0f01541a 01000000 00001c98 
00014ba0: 22001600 00002a87 32030700 0f055405 
00014bb0: 0f015474 00000000 00001c96 22001600 
00014bc0: 00002a07 3b030600 07000000 0f055405 
00014bd0: 0f01544e 00000000 0000120d 0e1b0502 
00014be0: 17055402 00040000 f0c40400 0b012f00 
00014bf0: 42000004 00000570 0c303025 a0000002 
00014c00: 80000100 00280000 00001301 09412300 
00014c10: 0900e706 5402000c 019a0400 00100f06 
00014c20: 84010000 0f048419 0f015480 00000000 
00014c30: 00001c98 22001600 00002a07 3b030600 
00014c40: 07000000 0f055405 0f01545a 00000000 
00014c50: 0000120d 2e1b0502 17055402 00040000 
00014c60: f0c40400 0b012f00 42000004 00001570 
00014c70: 0c303025 a0000002 80000100 00280000 
00014c80: 00000302 29411304 29002303 09001302 
00014c90: 09011301 0900e706 5402000c 018a0400 
00014ca0: 00100f06 84010000 0f068401 00000f04 
00014cb0: 84190f01 54b00100 00000000 1c9c2200 
00014cc0: 16000000 2a873203 07000f05 54050f01 
00014cd0: 546c0000 00000000 1c9a2200 16000000 
00014ce0: 2a073b03 06000700 00000f05 54050f01 
00014cf0: 54460000 00000000 120d0e1b 05021705 
00014d00: 54020004 0000f0c4 04000b01 2f004200 
00014d10: 00040000 15700c30 3025a000 00028000 
00014d20: 01000028 00000000 e7265402 000c018a 
00014d30: 04000010 0f068401 00000f04 84190f01 
00014d40: 541e0100 00000000 1c9e2200 16000000 
00014d50: 2a873203 07000f05 54050f01 547c0000 
00014d60: 00000000 1c9c2200 16000000 2a073b03 
00014d70: 06000700 00000f05 54050f01 54560000 
00014d80: 00000000 120d2e1b 05021705 54020004 
00014d90: 0000f0c4 04000b01 2f004200 00040000 
00014da0: 05700c30 3025a000 00028000 01000028 
00014db0: 00000000 13002941 23030900 13020901 
00014dc0: 13010900 e7065402 000c018a 04000010 
00014dd0: 0f068401 00000f04 84190f01 547c0000 
00014de0: 00000000 1c9e2200 16000000 2a073b03 
00014df0: 06000700 00000f05 54050f01 54560000 
00014e00: 00000000 120d2e1b 05021705 54020004 
00014e10: 0000f0c4 04000b01 2f004200 00040000 
00014e20: 05700c30 3025a000 00028000 01000028 
00014e30: 00000000 13002941 23030900 13020901 
00014e40: 13010900 e7065402 000c019a 04000010 
00014e50: 0f068401 00000f06 84010000 0f068401 
00014e60: 00000f06 84010000 0f048419 0f01549e 
00014e70: 03000000 00001ca8 22001600 00002a87 
00014e80: 32030700 0f055405 0f0154a8 01000000 
00014e90: 00001ca4 22001600 00002a87 32030700 
00014ea0: 0f055405 0f01546c 00000000 00001ca2 
00014eb0: 22001600 00002a07 3b030600 07000000 
00014ec0: 0f055405 0f015446 00000000 0000120d 
00014ed0: 0e1b0502 17055402 00040000 f0c40400 
00014ee0: 0b012f00 42000004 00001570 0c383025 
00014ef0: a0000002 80000100 00280000 0000e726 
00014f00: 5402000c 018e0400 00100f06 84010000 
00014f10: 0f048419 0f015416 01000000 00001ca6 
00014f20: 22001600 00002a87 32030700 0f055405 
00014f30: 0f015478 00000000 00001ca4 22001600 
00014f40: 00002a07 3b030600 07000000 0f055405 
00014f50: 0f015452 00000000 0000120d 0e1b0502 
00014f60: 17055402 00040000 f0c40400 0b012f00 
00014f70: 42000004 00002570 0c383025 a0000002 
00014f80: 80000100 00280000 00001306 09401305 
00014f90: 09012307 0901e706 5402000c 018e0400 
00014fa0: 00100f06 84010000 0f048419 0f015478 
00014fb0: 00000000 00001ca6 22001600 00002a07 
00014fc0: 3b030600 07000000 0f055405 0f015452 
00014fd0: 00000000 0000120d 0e1b0502 17055402 
00014fe0: 00040000 f0c40400 0b012f00 42000004 
00014ff0: 00002570 0c383025 a0000002 80000100 
00015000: 00280000 00001304 09401307 09012306 
00015010: 0900e706 5402000c 018e0400 00100f06 
00015020: 84010000 0f068401 00000f06 84010000 
00015030: 0f048419 0f0154d0 01000000 00001caa 
00015040: 22001600 00002a87 32030700 0f055405 
00015050: 0f015484 00000000 00001ca8 22001600 
00015060: 00002a07 3b030600 07000000 0f055405 
00015070: 0f01545e 00000000 0000120d 2e1b0502 
00015080: 17055402 00040000 f0c40400 0b012f00 
00015090: 42000004 00001570 0c383025 a0000002 
000150a0: 80000100 00280000 00000302 29411305 
000150b0: 29002304 09012303 09001302 09011301 
000150c0: 0900e706 5402000c 018e0400 00100f06 
000150d0: 84010000 0f048419 0f015426 01000000 
000150e0: 00001cac 22001600 00002a87 32030700 
000150f0: 0f055405 0f015488 00000000 00001caa 
00015100: 22001600 00002a07 3b030600 07000000 
00015110: 0f055405 0f015462 00000000 0000120d 
00015120: 2e1b0502 17055402 00040000 f0c40400 
00015130: 0b012f00 42000004 00002570 0c383025 
00015140: a0000002 80000100 00280000 00000305 
00015150: 29411307 29001306 29012304 09012303 
00015160: 09001302 09011301 0900e706 5402000c 
00015170: 018e0400 00100f06 84010000 0f048419 
00015180: 0f015478 00000000 00001cac 22001600 
00015190: 00002a07 3b030600 07000000 0f055405 
000151a0: 0f015452 00000000 0000120d 0e1b0502 
000151b0: 17055402 00040000 f0c40400 0b012f00 
000151c0: 42000004 00002570 0cb83025 a0000002 
000151d0: 80000100 00280000 00001305 09401306 
000151e0: 09012307 0901e706 5402000c 018e0400 
000151f0: 00100f06 04010000 0f060401 00000f06 
00015200: 04010000 0f060401 00000f06 04010000 
00015210: 0f060401 00000f06 04010000 0f060401 
00015220: 00000f04 04190f01 54002d00 00000000 
00015230: 1c8e2200 18000000 2a873203 07000f05 
00015240: 54050f01 541c1600 00000000 1cde2200 
00015250: 16000000 2a873203 07000f05 54050f01 
00015260: 54ce0900 00000000 1cc62200 16000000 
00015270: 2a873203 07000f05 54050f01 548c0400 
00015280: 00000000 1cba2200 16000000 2a873203 
00015290: 07000f05 54050f01 54280200 00000000 
000152a0: 1cb42200 16000000 2a873303 03000700 
000152b0: 00000000 20000f05 54050f01 54be0000 
000152c0: 00000000 1cb22200 16000000 2a873203 
000152d0: 07000f05 54050f01 54480000 00000000 
000152e0: 2a072b39 06000704 00000f05 54052b01 
000152f0: 2f004200 00040000 0d720c20 10258000 
00015300: 00028000 01000028 00000000 e7265401 
00015310: 000c0182 04000010 0f068401 00000f04 
00015320: 84190f01 54500000 00000000 1cb22200 
00015330: 16000000 2a073b03 06000700 00000f05 
00015340: 54052b01 2f004200 00040000 0d720c20 
00015350: 10258000 00028000 01000028 00000000 
00015360: e7265401 000c0194 04000010 0f068401 
00015370: 00000f06 84010000 0f048419 0f01543c 
00015380: 01000000 00001cb6 22001600 00002a87 
00015390: 32030700 0f055405 0f015450 00000000 
000153a0: 00001cb4 22001600 00002a07 3b030600 
000153b0: 07000000 0f055405 2b012f00 42000004 
000153c0: 00000d72 0c201025 80000002 80000100 
000153d0: 00280000 0000e726 5401000c 01820400 
000153e0: 00100f06 84010000 0f048419 0f0154c6 
000153f0: 00000000 00001cb8 22001600 00002a87 
00015400: 32030700 0f055405 0f015450 00000000 
00015410: 00001cb6 22001600 00002a07 3b030600 
00015420: 07000000 0f055405 2b012f00 42000004 
00015430: 00000d72 0c201025 80000002 80000100 
00015440: 00280000 0000e726 5401000c 01820400 
00015450: 00100f06 84010000 0f048419 0f015450 
00015460: 00000000 00001cb8 22001600 00002a07 
00015470: 3b030600 07000000 0f055405 2b012f00 
00015480: 42000004 00000d72 0c201025 80000002 
00015490: 80000100 00280000 0000e726 5401000c 
000154a0: 019c0400 00100f06 84010000 0f068401 
000154b0: 00000f06 84010000 0f068401 00000f04 
000154c0: 84190f01 543e0200 00000000 1cc02200 
000154d0: 16000000 2a873203 07000f05 54050f01 
000154e0: 54c60000 00000000 1cbe2200 16000000 
000154f0: 2a873203 07000f05 54050f01 54500000 
00015500: 00000000 1cba2200 16000000 2a073b03 
00015510: 06000700 00000f05 54052b01 2f004200 
00015520: 00040000 0d720c20 10258000 00028000 
00015530: 01000028 00000000 e7265401 000c0194 
00015540: 04000010 0f068401 00000f04 84190f01 
00015550: 54500000 00000000 1cbe2200 16000000 
00015560: 2a073b03 06000700 00000f05 54052b01 
00015570: 2f004200 00040000 15720c28 30258000 
00015580: 00028000 01000028 00000000 e7265402 
00015590: 000c0192 04000010 0f068401 00000f06 
000155a0: 84010000 0f048419 0f015452 01000000 
000155b0: 00001cc2 22001600 00002a87 32030700 
000155c0: 0f055405 0f015466 00000000 00001cc0 
000155d0: 22001600 00002a07 3b030600 07000000 
000155e0: 0f055405 0f015440 00000000 00002b01 
000155f0: 2f004200 00040000 05720c28 30258000 
00015600: 00028000 01000028 00000000 13002940 
00015610: 13020901 13010900 e7065402 000c0198 
00015620: 04000010 0f068401 00000f04 84190f01 
00015630: 54c60000 00000000 1cc42200 16000000 
00015640: 2a873203 07000f05 54050f01 54500000 
00015650: 00000000 1cc22200 16000000 2a073b03 
00015660: 06000700 00000f05 54052b01 2f004200 
00015670: 00040000 15720c28 30258000 00028000 
00015680: 01000028 00000000 e7265402 000c019e 
00015690: 04000010 0f068401 00000f04 84190f01 
000156a0: 54500000 00000000 1cc42200 16000000 
000156b0: 2a073b03 06000700 00000f05 54052b01 
000156c0: 2f004200 00040000 15720c28 30258000 
000156d0: 00028000 01000028 00000000 e7265402 
000156e0: 000c0196 04000010 0f068401 00000f06 
000156f0: 84010000 0f068401 00000f06 84010000 
00015700: 0f068401 00000f04 84190f01 541c0500 
00015710: 00000000 1cd22200 16000000 2a873203 
00015720: 07000f05 54050f01 54840200 00000000 
00015730: 1ccc2200 16000000 2a873203 07000f05 
00015740: 54050f01 54f20000 00000000 1cc82200 
00015750: 16000000 2a873203 07000f05 54050f01 
00015760: 54660000 00000000 1cc62200 16000000 
00015770: 2a073b03 06000700 00000f05 54050f01 
00015780: 54400000 00000000 2b012f00 42000004 
00015790: 00000572 0c283025 80000002 80000100 
000157a0: 00280000 00001300 29401302 09011301 
000157b0: 0900e706 5402000c 019e0400 00100f06 
000157c0: 84010000 0f048419 0f015466 00000000 
000157d0: 00001cc8 22001600 00002a07 3b030600 
000157e0: 07000000 0f055405 0f015440 00000000 
000157f0: 00002b01 2f004200 00040000 05720c28 
00015800: 30258000 00028000 01000028 00000000 
00015810: 13002940 13020901 13010900 e7065402 
00015820: 000c0196 04000010 0f068401 00000f06 
00015830: 84010000 0f048419 0f01546c 01000000 
00015840: 00001cce 22001600 00002a87 32030700 
00015850: 0f055405 0f015450 00000000 00001ccc 
00015860: 22001600 00002a07 3b030600 07000000 
00015870: 0f055405 2b012f00 42000004 00001572 
00015880: 0c303025 80000002 80000100 00280000 
00015890: 0000e726 5402000c 019a0400 00100f06 
000158a0: 84010000 0f048419 0f0154f6 00000000 
000158b0: 00001cd0 22001600 00002a87 32030700 
000158c0: 0f055405 0f015462 00000000 00001cce 
000158d0: 22001600 00002a07 3b030600 07000000 
000158e0: 0f055405 0f01543c 00000000 00002b01 
000158f0: 2f004200 00040000 05720c30 30258000 
00015900: 00028000 01000028 00000000 13010941 
00015910: 23000900 e7065402 000c019a 04000010 
00015920: 0f068401 00000f04 84190f01 546e0000 
00015930: 00000000 1cd02200 16000000 2a073b03 
00015940: 06000700 00000f05 54050f01 54480000 
00015950: 00000000 2b012f00 42000004 00001572 
00015960: 0c303025 80000002 80000100 00280000 
00015970: 00000302 29411304 29002303 09001302 
00015980: 09011301 0900e706 5402000c 018a0400 
00015990: 00100f06 84010000 0f068401 00000f06 
000159a0: 84010000 0f068401 00000f04 84190f01 
000159b0: 54720200 00000000 1cd62200 16000000 
000159c0: 2a873203 07000f05 54050f01 54e00000 
000159d0: 00000000 1cd42200 16000000 2a873203 
000159e0: 07000f05 54050f01 54500000 00000000 
000159f0: 1cd22200 16000000 2a073b03 06000700 
00015a00: 00000f05 54052b01 2f004200 00040000 
00015a10: 15720c30 30258000 00028000 01000028 
00015a20: 00000000 e7265402 000c018a 04000010 
00015a30: 0f068401 00000f04 84190f01 546a0000 
00015a40: 00000000 1cd42200 16000000 2a073b03 
00015a50: 06000700 00000f05 54050f01 54440000 
00015a60: 00000000 2b012f00 42000004 00000572 
00015a70: 0c303025 80000002 80000100 00280000 
00015a80: 00001300 29412303 09001302 09011301 
00015a90: 0900e706 5402000c 018a0400 00100f06 
00015aa0: 84010000 0f068401 00000f04 84190f01 
00015ab0: 546c0100 00000000 1cda2200 16000000 
00015ac0: 2a873203 07000f05 54050f01 546a0000 
00015ad0: 00000000 1cd62200 16000000 2a073b03 
00015ae0: 06000700 00000f05 54050f01 54440000 
00015af0: 00000000 2b012f00 42000004 00000572 
00015b00: 0c303025 80000002 80000100 00280000 
00015b10: 00001300 29412303 09001302 09011301 
00015b20: 0900e706 5402000c 019a0400 00100f06 
00015b30: 84010000 0f048419 0f0154dc 00000000 
00015b40: 00001cdc 22001600 00002a87 32030700 
00015b50: 0f055405 0f015450 00000000 00001cda 
00015b60: 22001600 00002a07 3b030600 07000000 
00015b70: 0f055405 2b012f00 42000004 00001572 
00015b80: 0c383025 80000002 80000100 00280000 
00015b90: 0000e726 5402000c 018e0400 00100f06 
00015ba0: 84010000 0f048419 0f015466 00000000 
00015bb0: 00001cdc 22001600 00002a07 3b030600 
00015bc0: 07000000 0f055405 0f015440 00000000 
00015bd0: 00002b01 2f004200 00040000 25720cb8 
00015be0: 30258000 00028000 01000028 00000000 
00015bf0: 13060940 13050901 23070901 e7065402 
00015c00: 000c018e 04000010 0f060401 00000f06 
00015c10: 04010000 0f060401 00000f06 04010000 
00015c20: 0f060401 00000f06 04010000 0f040419 
00015c30: 0f015428 0c000000 00001cf6 22001600 
00015c40: 00002a87 32030700 0f055405 0f015492 
00015c50: 05000000 00001cea 22001600 00002a87 
00015c60: 32030700 0f055405 0f0154b8 02000000 
00015c70: 00001ce2 22001600 00002a87 32030700 
00015c80: 0f055405 0f0194fe 00000000 00001ce0 
00015c90: 22001600 00002a87 32030700 0f055405 
00015ca0: 0f015466 00000000 00001cde 22001600 
00015cb0: 00002a07 3b030600 07000000 0f055405 
00015cc0: 0f015440 00000000 00002b01 2f004200 
00015cd0: 00040000 25720c38 30258000 00028000 
00015ce0: 01000028 00000000 13040940 13070901 
00015cf0: 23060900 e7065402 000c018e 04000010 
00015d00: 0f068401 00000f04 84190f01 54720000 
00015d10: 00000000 1ce02200 16000000 2a073b03 
00015d20: 06000700 00000f05 54050f01 544c0000 
00015d30: 00000000 2b012f00 42000004 00001572 
00015d40: 0c383025 80000002 80000100 00280000 
00015d50: 00000302 29411305 29002304 09012303 
00015d60: 09001302 09011301 0900e706 5402000c 
00015d70: 018e0400 00100f06 84010000 0f068401 
00015d80: 00000f04 84190f01 54940100 00000000 
00015d90: 1ce42200 16000000 2a873203 07000f05 
00015da0: 54050f01 54760000 00000000 1ce22200 
00015db0: 16000000 2a073b03 06000700 00000f05 
00015dc0: 54050f01 54500000 00000000 2b012f00 
00015dd0: 42000004 00002572 0c383025 80000002 
00015de0: 80000100 00280000 00000305 29411307 
00015df0: 29001306 29012304 09012303 09001302 
00015e00: 09011301 0900e706 5402000c 018e0400 
00015e10: 00100f06 84010000 0f048419 0f0154f8 
00015e20: 00000000 00001ce8 22001600 00002a87 
00015e30: 32030700 0f055405 0f015466 00000000 
00015e40: 00001ce4 22001600 00002a07 3b030600 
00015e50: 07000000 0f055405 0f015440 00000000 
00015e60: 00002b01 2f004200 00040000 25720c38 
00015e70: 30258000 00028000 01000028 00000000 
00015e80: 13050940 13060901 23070901 e7065402 
00015e90: 000c018e 04000010 0f068401 00000f04 
00015ea0: 84190f01 546c0000 00000000 1ce82200 
00015eb0: 16000000 2a073b03 06000700 00000f05 
00015ec0: 54050f01 54460000 00000000 120d2e1b 
00015ed0: 05021705 54020004 0000f0c4 04000b01 
00015ee0: 2f004200 00040000 0d700c20 1025a000 
00015ef0: 00028000 01000028 00000000 e7265401 
00015f00: 000c0182 04000010 0f068401 00000f06 
00015f10: 84010000 0f068401 00000f06 84010000 
00015f20: 0f048419 0f0154b4 02000000 00001cee 
00015f30: 22001600 00002a87 32030700 0f055405 
00015f40: 0f0154fe 00000000 00001cec 22001600 
00015f50: 00002a87 32030700 0f055405 0f01546c 
00015f60: 00000000 00001cea 22001600 00002a07 
00015f70: 3b030600 07000000 0f055405 0f015446 
00015f80: 00000000 0000120d 2e1b0502 17055402 
00015f90: 00040000 f0c40400 0b012f00 42000004 
00015fa0: 00000d70 0c201025 a0000002 80000100 
00015fb0: 00280000 0000e726 5401000c 01940400 
00015fc0: 00100f06 84010000 0f048419 0f01546c 
00015fd0: 00000000 00001cec 22001600 00002a07 
00015fe0: 3b030600 07000000 0f055405 0f015446 
00015ff0: 00000000 0000120d 2e1b0502 17055402 
00016000: 00040000 f0c40400 0b012f00 42000004 
00016010: 00000d70 0c201025 a0000002 80000100 
00016020: 00280000 0000e726 5401000c 01820400 
00016030: 00100f06 84010000 0f068401 00000f04 
00016040: 84190f01 54900100 00000000 1cf02200 
00016050: 16000000 2a873203 07000f05 54050f01 
00016060: 546c0000 00000000 1cee2200 16000000 
00016070: 2a073b03 06000700 00000f05 54050f01 
00016080: 54460000 00000000 120d2e1b 05021705 
00016090: 54020004 0000f0c4 04000b01 2f004200 
000160a0: 00040000 0d700c20 1025a000 00028000 
000160b0: 01000028 00000000 e7265401 000c0182 
000160c0: 04000010 0f068401 00000f04 84190f01 
000160d0: 54fe0000 00000000 1cf22200 16000000 
000160e0: 2a873203 07000f05 54050f01 546c0000 
000160f0: 00000000 1cf02200 16000000 2a073b03 
00016100: 06000700 00000f05 54050f01 54460000 
00016110: 00000000 120d2e1b 05021705 54020004 
00016120: 0000f0c4 04000b01 2f004200 00040000 
00016130: 0d700c20 1025a000 00028000 01000028 
00016140: 00000000 e7265401 000c019c 04000010 
00016150: 0f068401 00000f04 84190f01 546c0000 
00016160: 00000000 1cf22200 16000000 2a073b03 
00016170: 06000700 00000f05 54050f01 54460000 
00016180: 00000000 120d2e1b 05021705 54020004 
00016190: 0000f0c4 04000b01 2f004200 00040000 
000161a0: 0d700c20 1025a000 00028000 01000028 
000161b0: 00000000 e7265401 000c0194 04000010 
000161c0: 0f068401 00000f06 84010000 0f068401 
000161d0: 00000f06 84010000 0f068401 00000f04 
000161e0: 84190f01 54700600 00000000 1c802200 
000161f0: 18000000 2a873203 07000f05 54050f01 
00016200: 54cc0200 00000000 1cfa2200 16000000 
00016210: 2a873203 07000f05 54050f01 540a0100 
00016220: 00000000 1cf82200 16000000 2a873203 
00016230: 07000f05 54050f01 546c0000 00000000 
00016240: 1cf62200 16000000 2a073b03 06000700 
00016250: 00000f05 54050f01 54460000 00000000 
00016260: 120d0e1b 05021705 54020004 0000f0c4 
00016270: 04000b01 2f004200 00040000 15700c28 
00016280: 3025a000 00028000 01000028 00000000 
00016290: e7265402 000c0192 04000010 0f068401 
000162a0: 00000f04 84190f01 54780000 00000000 
000162b0: 1cf82200 16000000 2a073b03 06000700 
000162c0: 00000f05 54050f01 54520000 00000000 
000162d0: 120d0e1b 05021705 54020004 0000f0c4 
000162e0: 04000b01 2f004200 00040000 05700c28 
000162f0: 3025a000 00028000 01000028 00000000 
00016300: 13002940 13020901 13010900 e7065402 
00016310: 000c0198 04000010 0f068401 00000f06 
00016320: 84010000 0f048419 0f01549c 01000000 
00016330: 00001cfc 22001600 00002a87 32030700 
00016340: 0f055405 0f01546c 00000000 00001cfa 
00016350: 22001600 00002a07 3b030600 07000000 
00016360: 0f055405 0f015446 00000000 0000120d 
00016370: 0e1b0502 17055402 00040000 f0c40400 
00016380: 0b012f00 42000004 00001570 0c283025 
00016390: a0000002 80000100 00280000 0000e726 
000163a0: 5402000c 019e0400 00100f06 84010000 
000163b0: 0f048419 0f01540a 01000000 00001cfe 
000163c0: 22001600 00002a87 32030700 0f055405 
000163d0: 0f01546c 00000000 00001cfc 22001600 
000163e0: 00002a07 3b030600 07000000 0f055405 
000163f0: 0f015446 00000000 0000120d 0e1b0502 
00016400: 17055402 00040000 f0c40400 0b012f00 
00016410: 42000004 00001570 0c283025 a0000002 
00016420: 80000100 00280000 0000e726 5402000c 
00016430: 01960400 00100f06 84010000 0f048419 
00016440: 0f015478 00000000 00001cfe 22001600 
00016450: 00002a07 3b030600 07000000 0f055405 
00016460: 0f015452 00000000 0000120d 0e1b0502 
00016470: 17055402 00040000 f0c40400 0b012f00 
00016480: 42000004 00000570 0c283025 a0000002 
00016490: 80000100 00280000 00001300 29401302 
000164a0: 09011301 0900e706 5402000c 019e0400 
000164b0: 00100f06 84010000 0f068401 00000f06 
000164c0: 84010000 0f068401 00000f04 84190f01 
000164d0: 547e0300 00000000 1c882200 18000000 
000164e0: 2a873203 07000f05 54050f01 54a40100 
000164f0: 00000000 1c842200 18000000 2a873203 
00016500: 07000f05 54050f01 54780000 00000000 
00016510: 1c802200 18000000 2a073b03 06000700 
00016520: 00000f05 54050f01 54520000 00000000 
00016530: 120d0e1b 05021705 54020004 0000f0c4 
00016540: 04000b01 2f004200 00040000 05700c28 
00016550: 3025a000 00028000 01000028 00000000 
00016560: 13002940 13020901 13010900 e7065402 
00016570: 000c0196 04000010 0f068401 00000f04 
00016580: 84190f01 54060100 00000000 1c862200 
00016590: 18000000 2a873203 07000f05 54050f01 
000165a0: 546c0000 00000000 1c842200 18000000 
000165b0: 2a073b03 06000700 00000f05 54050f01 
000165c0: 54460000 00000000 120d0e1b 05021705 
000165d0: 54020004 0000f0c4 04000b01 2f004200 
000165e0: 00040000 15700c30 3025a000 00028000 
000165f0: 01000028 00000000 e7265402 000c019a 
00016600: 04000010 0f068401 00000f04 84190f01 
00016610: 54740000 00000000 1c862200 18000000 
00016620: 2a073b03 06000700 00000f05 54050f01 
00016630: 544e0000 00000000 120d0e1b 05021705 
00016640: 54020004 0000f0c4 04000b01 2f004200 
00016650: 00040000 05700c30 3025a000 00028000 
00016660: 01000028 00000000 13010941 23000900 
00016670: e7065402 000c019a 04000010 0f068401 
00016680: 00000f06 84010000 0f068401 00000f04 
00016690: 84190f01 54b40100 00000000 1c8a2200 
000166a0: 18000000 2a873203 07000f05 54050f01 
000166b0: 54800000 00000000 1c882200 18000000 
000166c0: 2a073b03 06000700 00000f05 54050f01 
000166d0: 545a0000 00000000 120d2e1b 05021705 
000166e0: 54020004 0000f0c4 04000b01 2f004200 
000166f0: 00040000 15700c30 3025a000 00028000 
00016700: 01000028 00000000 03022941 13042900 
00016710: 23030900 13020901 13010900 e7065402 
00016720: 000c018a 04000010 0f068401 00000f04 
00016730: 84190f01 540e0100 00000000 1c8c2200 
00016740: 18000000 2a873203 07000f05 54050f01 
00016750: 546c0000 00000000 1c8a2200 18000000 
00016760: 2a073b03 06000700 00000f05 54050f01 
00016770: 54460000 00000000 120d0e1b 05021705 
00016780: 54020004 0000f0c4 04000b01 2f004200 
00016790: 00040000 15700c30 3025a000 00028000 
000167a0: 01000028 00000000 e7265402 000c018a 
000167b0: 04000010 0f068401 00000f04 84190f01 
000167c0: 547c0000 00000000 1c8c2200 18000000 
000167d0: 2a073b03 06000700 00000f05 54050f01 
000167e0: 54560000 00000000 120d2e1b 05021705 
000167f0: 54020004 0000f0c4 04000b01 2f004200 
00016800: 00040000 05700cb0 3025a000 00028000 
00016810: 01000028 00000000 13002941 23030900 
00016820: 13020901 13010900 e7065402 000c018a 
00016830: 04000010 0f060401 00000f06 04010000 
00016840: 0f060401 00000f06 04010000 0f060401 
00016850: 00000f06 04010000 0f060401 00000f04 
00016860: 04190f01 54be1600 00000000 1cbe2200 
00016870: 18000000 2a873203 07000f05 54050f01 
00016880: 54fe0a00 00000000 1ca62200 18000000 
00016890: 2a873203 07000f05 54050f01 54aa0500 
000168a0: 00000000 1c9a2200 18000000 2a873203 
000168b0: 07000f05 54050f01 54fc0200 00000000 
000168c0: 1c942200 18000000 2a873203 07000f05 
000168d0: 54050f01 54160100 00000000 1c922200 
000168e0: 18000000 2a873303 03000700 00000000 
000168f0: 20000f05 54050f01 547c0000 00000000 
00016900: 1c8e2200 18000000 2a073b03 06000700 
00016910: 00000f05 54050f01 54560000 00000000 
00016920: 120d2e1b 05021705 54020004 0000f0c4 
00016930: 04000b01 2f004200 00040000 05700c30 
00016940: 3025a000 00028000 01000028 00000000 
00016950: 13002941 23030900 13020901 13010900 
00016960: e7065402 000c019a 04000010 0f068401 
00016970: 00000f04 84190f01 546c0000 00000000 
00016980: 1c922200 18000000 2a073b03 06000700 
00016990: 00000f05 54050f01 54460000 00000000 
000169a0: 120d0e1b 05021705 54020004 0000f0c4 
000169b0: 04000b01 2f004200 00040000 15700c38 
000169c0: 3025a000 00028000 01000028 00000000 
000169d0: e7265402 000c018e 04000010 0f068401 
000169e0: 00000f06 84010000 0f048419 0f0154c0 
000169f0: 01000000 00001c96 22001800 00002a87 
00016a00: 32030700 0f055405 0f015478 00000000 
00016a10: 00001c94 22001800 00002a07 3b030600 
00016a20: 07000000 0f055405 0f015452 00000000 
00016a30: 0000120d 0e1b0502 17055402 00040000 
00016a40: f0c40400 0b012f00 42000004 00002570 
00016a50: 0c383025 a0000002 80000100 00280000 
00016a60: 00001306 09401305 09012307 0901e706 
00016a70: 5402000c 018e0400 00100f06 84010000 
00016a80: 0f048419 0f015422 01000000 00001c98 
00016a90: 22001800 00002a87 32030700 0f055405 
00016aa0: 0f015478 00000000 00001c96 22001800 
00016ab0: 00002a07 3b030600 07000000 0f055405 
00016ac0: 0f015452 00000000 0000120d 0e1b0502 
00016ad0: 17055402 00040000 f0c40400 0b012f00 
00016ae0: 42000004 00002570 0c383025 a0000002 
00016af0: 80000100 00280000 00001304 09401307 
00016b00: 09012306 0900e706 5402000c 018e0400 
00016b10: 00100f06 84010000 0f048419 0f015484 
00016b20: 00000000 00001c98 22001800 00002a07 
00016b30: 3b030600 07000000 0f055405 0f01545e 
00016b40: 00000000 0000120d 2e1b0502 17055402 
00016b50: 00040000 f0c40400 0b012f00 42000004 
00016b60: 00001570 0c383025 a0000002 80000100 
00016b70: 00280000 00000302 29411305 29002304 
00016b80: 09012303 09001302 09011301 0900e706 
00016b90: 5402000c 018e0400 00100f06 84010000 
00016ba0: 0f068401 00000f06 84010000 0f068401 
00016bb0: 00000f04 84190f01 54880200 00000000 
00016bc0: 1ca02200 18000000 2a873203 07000f05 
00016bd0: 54050f01 54260100 00000000 1c9c2200 
00016be0: 18000000 2a873203 07000f05 54050f01 
00016bf0: 54880000 00000000 1c9a2200 18000000 
00016c00: 2a073b03 06000700 00000f05 54050f01 
00016c10: 54620000 00000000 120d2e1b 05021705 
00016c20: 54020004 0000f0c4 04000b01 2f004200 
00016c30: 00040000 25700c38 3025a000 00028000 
00016c40: 01000028 00000000 03052941 13072900 
00016c50: 13062901 23040901 23030900 13020901 
00016c60: 13010900 e7065402 000c018e 04000010 
00016c70: 0f068401 00000f04 84190f01 54780000 
00016c80: 00000000 1c9c2200 18000000 2a073b03 
00016c90: 06000700 00000f05 54050f01 54520000 
00016ca0: 00000000 120d0e1b 05021705 54020004 
00016cb0: 0000f0c4 04000b01 2f004200 00040000 
00016cc0: 25700c38 3025a000 00028000 01000028 
00016cd0: 00000000 13050940 13060901 23070901 
00016ce0: e7065402 000c018e 04000010 0f068401 
00016cf0: 00000f06 84010000 0f048419 0f01543c 
00016d00: 01000000 00001ca2 22001800 00002a87 
00016d10: 32030700 0f055405 0f015450 00000000 
00016d20: 00001ca0 22001800 00002a07 3b030600 
00016d30: 07000000 0f055405 2b012f00 42000004 
00016d40: 00000d72 0c201025 80000002 80000100 
00016d50: 00280000 0000e726 5401000c 01820400 
00016d60: 00100f06 84010000 0f048419 0f0154c6 
00016d70: 00000000 00001ca4 22001800 00002a87 
00016d80: 32030700 0f055405 0f015450 00000000 
00016d90: 00001ca2 22001800 00002a07 3b030600 
00016da0: 07000000 0f055405 2b012f00 42000004 
00016db0: 00000d72 0c201025 80000002 80000100 
00016dc0: 00280000 0000e726 5401000c 01940400 
00016dd0: 00100f06 84010000 0f048419 0f015450 
00016de0: 00000000 00001ca4 22001800 00002a07 
00016df0: 3b030600 07000000 0f055405 2b012f00 
00016e00: 42000004 00000d72 0c201025 80000002 
00016e10: 80000100 00280000 0000e726 5401000c 
00016e20: 01820400 00100f06 84010000 0f068401 
00016e30: 00000f06 84010000 0f068401 00000f06 
00016e40: 84010000 0f048419 0f01542e 05000000 
00016e50: 00001cb0 22001800 00002a87 32030700 
00016e60: 0f055405 0f015428 02000000 00001caa 
00016e70: 22001800 00002a87 32030700 0f055405 
00016e80: 0f0154c6 00000000 00001ca8 22001800 
00016e90: 00002a87 32030700 0f055405 0f015450 
00016ea0: 00000000 00001ca6 22001800 00002a07 
00016eb0: 3b030600 07000000 0f055405 2b012f00 
00016ec0: 42000004 00000d72 0c201025 80000002 
00016ed0: 80000100 00280000 0000e726 5401000c 
00016ee0: 01820400 00100f06 84010000 0f048419 
00016ef0: 0f015450 00000000 00001ca8 22001800 
00016f00: 00002a07 3b030600 07000000 0f055405 
00016f10: 2b012f00 42000004 00000d72 0c201025 
00016f20: 80000002 80000100 00280000 0000e726 
00016f30: 5401000c 019c0400 00100f06 84010000 
00016f40: 0f068401 00000f04 84190f01 543c0100 
00016f50: 00000000 1cac2200 18000000 2a873203 
00016f60: 07000f05 54050f01 54500000 00000000 
00016f70: 1caa2200 18000000 2a073b03 06000700 
00016f80: 00000f05 54052b01 2f004200 00040000 
00016f90: 0d720c20 10258000 00028000 01000028 
00016fa0: 00000000 e7265401 000c0194 04000010 
00016fb0: 0f068401 00000f04 84190f01 54c60000 
00016fc0: 00000000 1cae2200 18000000 2a873203 
00016fd0: 07000f05 54050f01 54500000 00000000 
00016fe0: 1cac2200 18000000 2a073b03 06000700 
00016ff0: 00000f05 54052b01 2f004200 00040000 
00017000: 0d720c38 10258000 00028000 01000028 
00017010: 00000000 e7265401 000c0182 04000010 
00017020: 0f068401 00000f04 84190f01 54500000 
00017030: 00000000 1cae2200 18000000 2a073b03 
00017040: 06000700 00000f05 54052b01 2f004200 
00017050: 00040000 15720c28 30258000 00028000 
00017060: 01000028 00000000 e7265402 000c0192 
00017070: 04000010 0f068401 00000f06 84010000 
00017080: 0f068401 00000f06 84010000 0f048419 
00017090: 0f0154e0 02000000 00001cb6 22001800 
000170a0: 00002a87 32030700 0f055405 0f015452 
000170b0: 01000000 00001cb2 22001800 00002a87 
000170c0: 32030700 0f055405 0f015466 00000000 
000170d0: 00001cb0 22001800 00002a07 3b030600 
000170e0: 07000000 0f055405 0f015440 00000000 
000170f0: 00002b01 2f004200 00040000 05720c28 
00017100: 30258000 00028000 01000028 00000000 
00017110: 13002940 13020901 13010900 e7065402 
00017120: 000c0198 04000010 0f068401 00000f04 
00017130: 84190f01 54c60000 00000000 1cb42200 
00017140: 18000000 2a873203 07000f05 54050f01 
00017150: 54500000 00000000 1cb22200 18000000 
00017160: 2a073b03 06000700 00000f05 54052b01 
00017170: 2f004200 00040000 15720c28 30258000 
00017180: 00028000 01000028 00000000 e7265402 
00017190: 000c019e 04000010 0f068401 00000f04 
000171a0: 84190f01 54500000 00000000 1cb42200 
000171b0: 18000000 2a073b03 06000700 00000f05 
000171c0: 54052b01 2f004200 00040000 15720c28 
000171d0: 30258000 00028000 01000028 00000000 
000171e0: e7265402 000c0196 04000010 0f068401 
000171f0: 00000f06 84010000 0f068401 00000f04 
00017200: 84190f01 54680100 00000000 1cb82200 
00017210: 18000000 2a873203 07000f05 54050f01 
00017220: 54660000 00000000 1cb62200 18000000 
00017230: 2a073b03 06000700 00000f05 54050f01 
00017240: 54400000 00000000 2b012f00 42000004 
00017250: 00000572 0c283025 80000002 80000100 
00017260: 00280000 00001300 29401302 09011301 
00017270: 0900e706 5402000c 019e0400 00100f06 
00017280: 84010000 0f048419 0f0154dc 00000000 
00017290: 00001cbc 22001800 00002a87 32030700 
000172a0: 0f055405 0f015466 00000000 00001cb8 
000172b0: 22001800 00002a07 3b030600 07000000 
000172c0: 0f055405 0f015440 00000000 00002b01 
000172d0: 2f004200 00040000 05720c28 30258000 
000172e0: 00028000 01000028 00000000 13002940 
000172f0: 13020901 13010900 e7065402 000c0196 
00017300: 04000010 0f068401 00000f04 84190f01 
00017310: 54500000 00000000 1cbc2200 18000000 
00017320: 2a073b03 06000700 00000f05 54052b01 
00017330: 2f004200 00040000 15720cb0 30258000 
00017340: 00028000 01000028 00000000 e7265402 
00017350: 000c019a 04000010 0f060401 00000f06 
00017360: 04010000 0f060401 00000f06 04010000 
00017370: 0f060401 00000f06 04010000 0f040419 
00017380: 0f01549a 0b000000 00001cd4 22001800 
00017390: 00002a87 32030700 0f055405 0f01544e 
000173a0: 05000000 00001cca 22001800 00002a87 
000173b0: 32030700 0f055405 0f01548c 02000000 
000173c0: 00001cc2 22001800 00002a87 32030700 
000173d0: 0f055405 0f0194f6 00000000 00001cc0 
000173e0: 22001800 00002a87 32030700 0f055405 
000173f0: 0f015462 00000000 00001cbe 22001800 
00017400: 00002a07 3b030600 07000000 0f055405 
00017410: 0f01543c 00000000 00002b01 2f004200 
00017420: 00040000 05720c30 30258000 00028000 
00017430: 01000028 00000000 13010941 23000900 
00017440: e7065402 000c019a 04000010 0f068401 
00017450: 00000f04 84190f01 546e0000 00000000 
00017460: 1cc02200 18000000 2a073b03 06000700 
00017470: 00000f05 54050f01 54480000 00000000 
00017480: 2b012f00 42000004 00001572 0c303025 
00017490: 80000002 80000100 00280000 00000302 
000174a0: 29411304 29002303 09001302 09011301 
000174b0: 0900e706 5402000c 018a0400 00100f06 
000174c0: 84010000 0f068401 00000f04 84190f01 
000174d0: 54700100 00000000 1cc42200 18000000 
000174e0: 2a873203 07000f05 54050f01 54500000 
000174f0: 00000000 1cc22200 18000000 2a073b03 
00017500: 06000700 00000f05 54052b01 2f004200 
00017510: 00040000 15720c30 30258000 00028000 
00017520: 01000028 00000000 e7265402 000c018a 
00017530: 04000010 0f068401 00000f04 84190f01 
00017540: 54fa0000 00000000 1cc62200 18000000 
00017550: 2a873203 07000f05 54050f01 546a0000 
00017560: 00000000 1cc42200 18000000 2a073b03 
00017570: 06000700 00000f05 54050f01 54440000 
00017580: 00000000 2b012f00 42000004 00000572 
00017590: 0c303025 80000002 80000100 00280000 
000175a0: 00001300 29412303 09001302 09011301 
000175b0: 0900e706 5402000c 018a0400 00100f06 
000175c0: 84010000 0f048419 0f01546a 00000000 
000175d0: 00001cc6 22001800 00002a07 3b030600 
000175e0: 07000000 0f055405 0f015444 00000000 
000175f0: 00002b01 2f004200 00040000 05720c30 
00017600: 30258000 00028000 01000028 00000000 
00017610: 13002941 23030900 13020901 13010900 
00017620: e7065402 000c019a 04000010 0f068401 
00017630: 00000f06 84010000 0f068401 00000f06 
00017640: 84010000 0f048419 0f01549c 02000000 
00017650: 00001cce 22001800 00002a87 32030700 
00017660: 0f055405 0f0154dc 00000000 00001ccc 
00017670: 22001800 00002a87 32030700 0f055405 
00017680: 0f015450 00000000 00001cca 22001800 
00017690: 00002a07 3b030600 07000000 0f055405 
000176a0: 2b012f00 42000004 00001572 0c383025 
000176b0: 80000002 80000100 00280000 0000e726 
000176c0: 5402000c 018e0400 00100f06 84010000 
000176d0: 0f048419 0f015466 00000000 00001ccc 
000176e0: 22001800 00002a07 3b030600 07000000 
000176f0: 0f055405 0f015440 00000000 00002b01 
00017700: 2f004200 00040000 25720c38 30258000 
00017710: 00028000 01000028 00000000 13060940 
00017720: 13050901 23070901 e7065402 000c018e 
00017730: 04000010 0f068401 00000f06 84010000 
00017740: 0f048419 0f01549a 01000000 00001cd0 
00017750: 22001800 00002a87 32030700 0f055405 
00017760: 0f015466 00000000 00001cce 22001800 
00017770: 00002a07 3b030600 07000000 0f055405 
00017780: 0f015440 00000000 00002b01 2f004200 
00017790: 00040000 25720c38 30258000 00028000 
000177a0: 01000028 00000000 13040940 13070901 
000177b0: 23060900 e7065402 000c018e 04000010 
000177c0: 0f068401 00000f04 84190f01 540e0100 
000177d0: 00000000 1cd22200 18000000 2a873203 
000177e0: 07000f05 54050f01 54720000 00000000 
000177f0: 1cd02200 18000000 2a073b03 06000700 
00017800: 00000f05 54050f01 544c0000 00000000 
00017810: 2b012f00 42000004 00001572 0c383025 
00017820: 80000002 80000100 00280000 00000302 
00017830: 29411305 29002304 09012303 09001302 
00017840: 09011301 0900e706 5402000c 018e0400 
00017850: 00100f06 84010000 0f048419 0f015476 
00017860: 00000000 00001cd2 22001800 00002a07 
00017870: 3b030600 07000000 0f055405 0f015450 
00017880: 00000000 00002b01 2f004200 00040000 
00017890: 25720cb8 30258000 00028000 01000028 
000178a0: 00000000 03052941 13072900 13062901 
000178b0: 23040901 23030900 13020901 13010900 
000178c0: e7065402 000c018e 04000010 0f060401 
000178d0: 00000f06 04010000 0f060401 00000f06 
000178e0: 04010000 0f060401 00000f04 04190f01 
000178f0: 54260600 00000000 1ce02200 18000000 
00017900: 2a873203 07000f05 54050f01 54ae0200 
00017910: 00000000 1cda2200 18000000 2a873203 
00017920: 07000f05 54050f01 94f80000 00000000 
00017930: 1cd82200 18000000 2a873203 07000f05 
00017940: 54050f01 54660000 00000000 1cd42200 
00017950: 18000000 2a073b03 06000700 00000f05 
00017960: 54050f01 54400000 00000000 2b012f00 
00017970: 42000004 00002572 0c383025 80000002 
00017980: 80000100 00280000 00001305 09401306 
00017990: 09012307 0901e706 5402000c 018e0400 
000179a0: 00100f06 84010000 0f048419 0f01546c 
000179b0: 00000000 00001cd8 22001800 00002a07 
000179c0: 3b030600 07000000 0f055405 0f015446 
000179d0: 00000000 0000120d 2e1b0502 17055402 
000179e0: 00040000 f0c40400 0b012f00 42000004 
000179f0: 00000d70 0c201025 a0000002 80000100 
00017a00: 00280000 0000e726 5401000c 01820400 
00017a10: 00100f06 84010000 0f068401 00000f04 
00017a20: 84190f01 54900100 00000000 1cdc2200 
00017a30: 18000000 2a873203 07000f05 54050f01 
00017a40: 546c0000 00000000 1cda2200 18000000 
00017a50: 2a073b03 06000700 00000f05 54050f01 
00017a60: 54460000 00000000 120d2e1b 05021705 
00017a70: 54020004 0000f0c4 04000b01 2f004200 
00017a80: 00040000 0d700c20 1025a000 00028000 
00017a90: 01000028 00000000 e7265401 000c0194 
00017aa0: 04000010 0f068401 00000f04 84190f01 
00017ab0: 54fe0000 00000000 1cde2200 18000000 
00017ac0: 2a873203 07000f05 54050f01 546c0000 
00017ad0: 00000000 1cdc2200 18000000 2a073b03 
00017ae0: 06000700 00000f05 54050f01 54460000 
00017af0: 00000000 120d2e1b 05021705 54020004 
00017b00: 0000f0c4 04000b01 2f004200 00040000 
00017b10: 0d700c20 1025a000 00028000 01000028 
00017b20: 00000000 e7265401 000c0182 04000010 
00017b30: 0f068401 00000f04 84190f01 546c0000 
00017b40: 00000000 1cde2200 18000000 2a073b03 
00017b50: 06000700 00000f05 54050f01 54460000 
00017b60: 00000000 120d2e1b 05021705 54020004 
00017b70: 0000f0c4 04000b01 2f004200 00040000 
00017b80: 0d700c20 1025a000 00028000 01000028 
00017b90: 00000000 e7265401 000c0182 04000010 
00017ba0: 0f068401 00000f06 84010000 0f068401 
00017bb0: 00000f06 84010000 0f048419 0f015452 
00017bc0: 03000000 00001ce6 22001800 00002a87 
00017bd0: 32030700 0f055405 0f015490 01000000 
00017be0: 00001ce2 22001800 00002a87 32030700 
00017bf0: 0f055405 0f01546c 00000000 00001ce0 
00017c00: 22001800 00002a07 3b030600 07000000 
00017c10: 0f055405 0f015446 00000000 0000120d 
00017c20: 2e1b0502 17055402 00040000 f0c40400 
00017c30: 0b012f00 42000004 00000d70 0c201025 
00017c40: a0000002 80000100 00280000 0000e726 
00017c50: 5401000c 019c0400 00100f06 84010000 
00017c60: 0f048419 0f0154fe 00000000 00001ce4 
00017c70: 22001800 00002a87 32030700 0f055405 
00017c80: 0f01546c 00000000 00001ce2 22001800 
00017c90: 00002a07 3b030600 07000000 0f055405 
00017ca0: 0f015446 00000000 0000120d 2e1b0502 
00017cb0: 17055402 00040000 f0c40400 0b012f00 
00017cc0: 42000004 00000d70 0c201025 a0000002 
00017cd0: 80000100 00280000 0000e726 5401000c 
00017ce0: 01940400 00100f06 84010000 0f048419 
00017cf0: 0f01546c 00000000 00001ce4 22001800 
00017d00: 00002a07 3b030600 07000000 0f055405 
00017d10: 0f015446 00000000 0000120d 2e1b0502 
00017d20: 17055402 00040000 f0c40400 0b012f00 
00017d30: 42000004 00000d70 0c381025 a0000002 
00017d40: 80000100 00280000 0000e726 5401000c 
00017d50: 01820400 00100f06 84010000 0f068401 
00017d60: 00000f06 84010000 0f048419 0f01549c 
00017d70: 01000000 00001ce8 22001800 00002a87 
00017d80: 32030700 0f055405 0f01546c 00000000 
00017d90: 00001ce6 22001800 00002a07 3b030600 
00017da0: 07000000 0f055405 0f015446 00000000 
00017db0: 0000120d 0e1b0502 17055402 00040000 
00017dc0: f0c40400 0b012f00 42000004 00001570 
00017dd0: 0c283025 a0000002 80000100 00280000 
00017de0: 0000e726 5402000c 01920400 00100f06 
00017df0: 84010000 0f048419 0f01540a 01000000 
00017e00: 00001cea 22001800 00002a87 32030700 
00017e10: 0f055405 0f015478 00000000 00001ce8 
00017e20: 22001800 00002a07 3b030600 07000000 
00017e30: 0f055405 0f015452 00000000 0000120d 
00017e40: 0e1b0502 17055402 00040000 f0c40400 
00017e50: 0b012f00 42000004 00000570 0c283025 
00017e60: a0000002 80000100 00280000 00001300 
00017e70: 29401302 09011301 0900e706 5402000c 
00017e80: 01980400 00100f06 84010000 0f048419 
00017e90: 0f01546c 00000000 00001cea 22001800 
00017ea0: 00002a07 3b030600 07000000 0f055405 
00017eb0: 0f015446 00000000 0000120d 0e1b0502 
00017ec0: 17055402 00040000 f0c40400 0b012f00 
00017ed0: 42000004 00001570 0ca83025 a0000002 
00017ee0: 80000100 00280000 0000e726 5402000c 
00017ef0: 019e0400 00100f06 04010000 0f060401 
00017f00: 00000f06 04010000 0f060401 00000f06 
00017f10: 04010000 0f060401 00000f06 04010000 
00017f20: 0f060401 00000f06 04010000 0f060401 
00017f30: 00000f06 04010000 0f040419 0f01546c 
00017f40: 90010000 00002a87 22650700 0f055405 
00017f50: 0f015496 c4000000 00002a87 22370700 
00017f60: 0f055405 0f01548a 5c000000 00002a87 
00017f70: 223d0700 0f055405 0f0154c0 2d000000 
00017f80: 00001ccc 22001a00 00002a87 32030700 
00017f90: 0f055405 0f015470 16000000 00001c9a 
00017fa0: 22001a00 00002a87 32030700 0f055405 
00017fb0: 0f01545a 0b000000 00001c84 22001a00 
00017fc0: 00002a87 32030700 0f055405 0f0154da 
00017fd0: 05000000 00001cf8 22001800 00002a87 
00017fe0: 32030700 0f055405 0f0154cc 02000000 
00017ff0: 00001cf0 22001800 00002a87 32030700 
00018000: 0f055405 0f015402 01000000 00001cee 
00018010: 22003800 00002a87 32030700 0f055405 
00018020: 0f015464 00000000 00002a07 2b750600 
00018030: 07000000 0f055405 0f015446 00000000 
00018040: 0000120d 0e1b0502 17055402 00040000 
00018050: f0c40400 0b012f00 42000004 00001570 
00018060: 0c283025 a0000002 80000100 00280000 
00018070: 0000e726 5402000c 01960400 00100f06 
00018080: 84010000 0f048419 0f015478 00000000 
00018090: 00001cee 22001800 00002a07 3b030600 
000180a0: 07000000 0f055405 0f015452 00000000 
000180b0: 0000120d 0e1b0502 17055402 00040000 
000180c0: f0c40400 0b012f00 42000004 00000570 
000180d0: 0c283025 a0000002 80000100 00280000 
000180e0: 00001300 29401302 09011301 0900e706 
000180f0: 5402000c 019e0400 00100f06 84010000 
00018100: 0f068401 00000f04 84190f01 54a40100 
00018110: 00000000 1cf42200 18000000 2a873203 
00018120: 07000f05 54050f01 54780000 00000000 
00018130: 1cf02200 18000000 2a073b03 06000700 
00018140: 00000f05 54050f01 54520000 00000000 
00018150: 120d0e1b 05021705 54020004 0000f0c4 
00018160: 04000b01 2f004200 00040000 05700c28 
00018170: 3025a000 00028000 01000028 00000000 
00018180: 13002940 13020901 13010900 e7065402 
00018190: 000c0196 04000010 0f068401 00000f04 
000181a0: 84190f01 54060100 00000000 1cf62200 
000181b0: 18000000 2a873203 07000f05 54050f01 
000181c0: 546c0000 00000000 1cf42200 18000000 
000181d0: 2a073b03 06000700 00000f05 54050f01 
000181e0: 54460000 00000000 120d0e1b 05021705 
000181f0: 54020004 0000f0c4 04000b01 2f004200 
00018200: 00040000 15700c30 3025a000 00028000 
00018210: 01000028 00000000 e7265402 000c019a 
00018220: 04000010 0f068401 00000f04 84190f01 
00018230: 54740000 00000000 1cf62200 18000000 
00018240: 2a073b03 06000700 00000f05 54050f01 
00018250: 544e0000 00000000 120d0e1b 05021705 
00018260: 54020004 0000f0c4 04000b01 2f004200 
00018270: 00040000 05700c30 3025a000 00028000 
00018280: 01000028 00000000 13010941 23000900 
00018290: e7065402 000c019a 04000010 0f068401 
000182a0: 00000f06 84010000 0f068401 00000f06 
000182b0: 84010000 0f048419 0f0154e8 02000000 
000182c0: 00001cfc 22001800 00002a87 32030700 
000182d0: 0f055405 0f015412 01000000 00001cfa 
000182e0: 22001800 00002a87 32030700 0f055405 
000182f0: 0f015480 00000000 00001cf8 22001800 
00018300: 00002a07 3b030600 07000000 0f055405 
00018310: 0f01545a 00000000 0000120d 2e1b0502 
00018320: 17055402 00040000 f0c40400 0b012f00 
00018330: 42000004 00001570 0c303025 a0000002 
00018340: 80000100 00280000 00000302 29411304 
00018350: 29002303 09001302 09011301 0900e706 
00018360: 5402000c 018a0400 00100f06 84010000 
00018370: 0f048419 0f01546c 00000000 00001cfa 
00018380: 22001800 00002a07 3b030600 07000000 
00018390: 0f055405 0f015446 00000000 0000120d 
000183a0: 0e1b0502 17055402 00040000 f0c40400 
000183b0: 0b012f00 42000004 00001570 0c303025 
000183c0: a0000002 80000100 00280000 0000e726 
000183d0: 5402000c 018a0400 00100f06 84010000 
000183e0: 0f068401 00000f04 84190f01 54b00100 
000183f0: 00000000 1cfe2200 18000000 2a873203 
00018400: 07000f05 54050f01 547c0000 00000000 
00018410: 1cfc2200 18000000 2a073b03 06000700 
00018420: 00000f05 54050f01 54560000 00000000 
00018430: 120d2e1b 05021705 54020004 0000f0c4 
00018440: 04000b01 2f004200 00040000 05700c30 
00018450: 3025a000 00028000 01000028 00000000 
00018460: 13002941 23030900 13020901 13010900 
00018470: e7065402 000c018a 04000010 0f068401 
00018480: 00000f04 84190f01 540e0100 00000000 
00018490: 1c822200 1a000000 2a873203 07000f05 
000184a0: 54050f01 547c0000 00000000 1cfe2200 
000184b0: 18000000 2a073b03 06000700 00000f05 
000184c0: 54050f01 54560000 00000000 120d2e1b 
000184d0: 05021705 54020004 0000f0c4 04000b01 
000184e0: 2f004200 00040000 05700c30 3025a000 
000184f0: 00028000 01000028 00000000 13002941 
00018500: 23030900 13020901 13010900 e7065402 
00018510: 000c019a 04000010 0f068401 00000f04 
00018520: 84190f01 546c0000 00000000 1c822200 
00018530: 1a000000 2a073b03 06000700 00000f05 
00018540: 54050f01 54460000 00000000 120d0e1b 
00018550: 05021705 54020004 0000f0c4 04000b01 
00018560: 2f004200 00040000 15700c38 3025a000 
00018570: 00028000 01000028 00000000 e7265402 
00018580: 000c018e 04000010 0f068401 00000f06 
00018590: 84010000 0f068401 00000f06 84010000 
000185a0: 0f068401 00000f04 84190f01 545a0500 
000185b0: 00000000 1c902200 1a000000 2a873203 
000185c0: 07000f05 54050f01 540c0300 00000000 
000185d0: 1c882200 1a000000 2a873203 07000f05 
000185e0: 54050f01 54160100 00000000 1c862200 
000185f0: 1a000000 2a873203 07000f05 54050f01 
00018600: 54780000 00000000 1c842200 1a000000 
00018610: 2a073b03 06000700 00000f05 54050f01 
00018620: 54520000 00000000 120d0e1b 05021705 
00018630: 54020004 0000f0c4 04000b01 2f004200 
00018640: 00040000 25700c38 3025a000 00028000 
00018650: 01000028 00000000 13060940 13050901 
00018660: 23070901 e7065402 000c018e 04000010 
00018670: 0f068401 00000f04 84190f01 54780000 
00018680: 00000000 1c862200 1a000000 2a073b03 
00018690: 06000700 00000f05 54050f01 54520000 
000186a0: 00000000 120d0e1b 05021705 54020004 
000186b0: 0000f0c4 04000b01 2f004200 00040000 
000186c0: 25700c38 3025a000 00028000 01000028 
000186d0: 00000000 13040940 13070901 23060900 
000186e0: e7065402 000c018e 04000010 0f068401 
000186f0: 00000f06 84010000 0f048419 0f0154d0 
00018700: 01000000 00001c8a 22001a00 00002a87 
00018710: 32030700 0f055405 0f015484 00000000 
00018720: 00001c88 22001a00 00002a07 3b030600 
00018730: 07000000 0f055405 0f01545e 00000000 
00018740: 0000120d 2e1b0502 17055402 00040000 
00018750: f0c40400 0b012f00 42000004 00001570 
00018760: 0c383025 a0000002 80000100 00280000 
00018770: 00000302 29411305 29002304 09012303 
00018780: 09001302 09011301 0900e706 5402000c 
00018790: 018e0400 00100f06 84010000 0f048419 
000187a0: 0f015426 01000000 00001c8c 22001a00 
000187b0: 00002a87 32030700 0f055405 0f015488 
000187c0: 00000000 00001c8a 22001a00 00002a07 
000187d0: 3b030600 07000000 0f055405 0f015462 
000187e0: 00000000 0000120d 2e1b0502 17055402 
000187f0: 00040000 f0c40400 0b012f00 42000004 
00018800: 00002570 0c383025 a0000002 80000100 
00018810: 00280000 00000305 29411307 29001306 
00018820: 29012304 09012303 09001302 09011301 
00018830: 0900e706 5402000c 018e0400 00100f06 
00018840: 84010000 0f048419 0f015478 00000000 
00018850: 00001c8c 22001a00 00002a07 3b030600 
00018860: 07000000 0f055405 0f015452 00000000 
00018870: 0000120d 0e1b0502 17055402 00040000 
00018880: f0c40400 0b012f00 42000004 00002570 
00018890: 0c383025 a0000002 80000100 00280000 
000188a0: 00001305 09401306 09012307 0901e706 
000188b0: 5402000c 018e0400 00100f06 84010000 
000188c0: 0f068401 00000f06 84010000 0f068401 
000188d0: 00000f04 84190f01 54280200 00000000 
000188e0: 1c942200 1a000000 2a873203 07000f05 
000188f0: 54050f01 54c60000 00000000 1c922200 
00018900: 1a000000 2a873203 07000f05 54050f01 
00018910: 54500000 00000000 1c902200 1a000000 
00018920: 2a073b03 06000700 00000f05 54052b01 
00018930: 2f004200 00040000 0d720c20 10258000 
00018940: 00028000 01000028 00000000 e7265401 
00018950: 000c0182 04000010 0f068401 00000f04 
00018960: 84190f01 54500000 00000000 1c922200 
00018970: 1a000000 2a073b03 06000700 00000f05 
00018980: 54052b01 2f004200 00040000 0d720c20 
00018990: 10258000 00028000 01000028 00000000 
000189a0: e7265401 000c0194 04000010 0f068401 
000189b0: 00000f06 84010000 0f048419 0f01543c 
000189c0: 01000000 00001c96 22001a00 00002a87 
000189d0: 32030700 0f055405 0f015450 00000000 
000189e0: 00001c94 22001a00 00002a07 3b030600 
000189f0: 07000000 0f055405 2b012f00 42000004 
00018a00: 00000d72 0c201025 80000002 80000100 
00018a10: 00280000 0000e726 5401000c 01820400 
00018a20: 00100f06 84010000 0f048419 0f0154c6 
00018a30: 00000000 00001c98 22001a00 00002a87 
00018a40: 32030700 0f055405 0f015450 00000000 
00018a50: 00001c96 22001a00 00002a07 3b030600 
00018a60: 07000000 0f055405 2b012f00 42000004 
00018a70: 00000d72 0c201025 80000002 80000100 
00018a80: 00280000 0000e726 5401000c 01820400 
00018a90: 00100f06 84010000 0f048419 0f015450 
00018aa0: 00000000 00001c98 22001a00 00002a07 
00018ab0: 3b030600 07000000 0f055405 2b012f00 
00018ac0: 42000004 00000d72 0ca01025 80000002 
00018ad0: 80000100 00280000 0000e726 5401000c 
00018ae0: 019c0400 00100f06 04010000 0f060401 
00018af0: 00000f06 04010000 0f060401 00000f06 
00018b00: 04010000 0f060401 00000f04 04190f01 
00018b10: 54f00a00 00000000 1cb22200 1a000000 
00018b20: 2a873203 07000f05 54050f01 54e80400 
00018b30: 00000000 1ca62200 1a000000 2a873203 
00018b40: 07000f05 54050f01 543e0200 00000000 
00018b50: 1ca02200 1a000000 2a873203 07000f05 
00018b60: 94050f01 54c60000 00000000 1c9e2200 
00018b70: 1a000000 2a873203 07000f05 54050f01 
00018b80: 54500000 00000000 1c9a2200 1a000000 
00018b90: 2a073b03 06000700 00000f05 54052b01 
00018ba0: 2f004200 00040000 0d720c20 10258000 
00018bb0: 00028000 01000028 00000000 e7265401 
00018bc0: 000c0194 04000010 0f068401 00000f04 
00018bd0: 84190f01 54500000 00000000 1c9e2200 
00018be0: 1a000000 2a073b03 06000700 00000f05 
00018bf0: 54052b01 2f004200 00040000 15720c28 
00018c00: 30258000 00028000 01000028 00000000 
00018c10: e7265402 000c0192 04000010 0f068401 
00018c20: 00000f06 84010000 0f048419 0f015452 
00018c30: 01000000 00001ca2 22001a00 00002a87 
00018c40: 32030700 0f055405 0f015466 00000000 
00018c50: 00001ca0 22001a00 00002a07 3b030600 
00018c60: 07000000 0f055405 0f015440 00000000 
00018c70: 00002b01 2f004200 00040000 05720c28 
00018c80: 30258000 00028000 01000028 00000000 
00018c90: 13002940 13020901 13010900 e7065402 
00018ca0: 000c0198 04000010 0f068401 00000f04 
00018cb0: 84190f01 54c60000 00000000 1ca42200 
00018cc0: 1a000000 2a873203 07000f05 54050f01 
00018cd0: 54500000 00000000 1ca22200 1a000000 
00018ce0: 2a073b03 06000700 00000f05 54052b01 
00018cf0: 2f004200 00040000 15720c28 30258000 
00018d00: 00028000 01000028 00000000 e7265402 
00018d10: 000c019e 04000010 0f068401 00000f04 
00018d20: 84190f01 54500000 00000000 1ca42200 
00018d30: 1a000000 2a073b03 06000700 00000f05 
00018d40: 54052b01 2f004200 00040000 15720c28 
00018d50: 30258000 00028000 01000028 00000000 
00018d60: e7265402 000c0196 04000010 0f068401 
00018d70: 00000f06 84010000 0f068401 00000f06 
00018d80: 84010000 0f048419 0f015484 02000000 
00018d90: 00001cac 22001a00 00002a87 32030700 
00018da0: 0f055405 0f0154f2 00000000 00001ca8 
00018db0: 22001a00 00002a87 32030700 0f055405 
00018dc0: 0f015466 00000000 00001ca6 22001a00 
00018dd0: 00002a07 3b030600 07000000 0f055405 
00018de0: 0f015440 00000000 00002b01 2f004200 
00018df0: 00040000 05720c28 30258000 00028000 
00018e00: 01000028 00000000 13002940 13020901 
00018e10: 13010900 e7065402 000c019e 04000010 
00018e20: 0f068401 00000f04 84190f01 54660000 
00018e30: 00000000 1ca82200 1a000000 2a073b03 
00018e40: 06000700 00000f05 54050f01 54400000 
00018e50: 00000000 2b012f00 42000004 00000572 
00018e60: 0c283025 80000002 80000100 00280000 
00018e70: 00001300 29401302 09011301 0900e706 
00018e80: 5402000c 01960400 00100f06 84010000 
00018e90: 0f068401 00000f04 84190f01 546c0100 
00018ea0: 00000000 1cae2200 1a000000 2a873203 
00018eb0: 07000f05 54050f01 54500000 00000000 
00018ec0: 1cac2200 1a000000 2a073b03 06000700 
00018ed0: 00000f05 54052b01 2f004200 00040000 
00018ee0: 15720c30 30258000 00028000 01000028 
00018ef0: 00000000 e7265402 000c019a 04000010 
00018f00: 0f068401 00000f04 84190f01 54f60000 
00018f10: 00000000 1cb02200 1a000000 2a873203 
00018f20: 07000f05 54050f01 54620000 00000000 
00018f30: 1cae2200 1a000000 2a073b03 06000700 
00018f40: 00000f05 54050f01 543c0000 00000000 
00018f50: 2b012f00 42000004 00000572 0c303025 
00018f60: 80000002 80000100 00280000 00001301 
00018f70: 09412300 0900e706 5402000c 019a0400 
00018f80: 00100f06 84010000 0f048419 0f01546e 
00018f90: 00000000 00001cb0 22001a00 00002a07 
00018fa0: 3b030600 07000000 0f055405 0f015448 
00018fb0: 00000000 00002b01 2f004200 00040000 
00018fc0: 15720cb0 30258000 00028000 01000028 
00018fd0: 00000000 03022941 13042900 23030900 
00018fe0: 13020901 13010900 e7065402 000c018a 
00018ff0: 04000010 0f060401 00000f06 04010000 
00019000: 0f060401 00000f06 04010000 0f060401 
00019010: 00000f04 04190f01 54e20500 00000000 
00019020: 1cbe2200 1a000000 2a873203 07000f05 
00019030: 54050f01 54720200 00000000 1cb62200 
00019040: 1a000000 2a873203 07000f05 94050f01 
00019050: 54e00000 00000000 1cb42200 1a000000 
00019060: 2a873203 07000f05 54050f01 54500000 
00019070: 00000000 1cb22200 1a000000 2a073b03 
00019080: 06000700 00000f05 54052b01 2f004200 
00019090: 00040000 15720c30 30258000 00028000 
000190a0: 01000028 00000000 e7265402 000c018a 
000190b0: 04000010 0f068401 00000f04 84190f01 
000190c0: 546a0000 00000000 1cb42200 1a000000 
000190d0: 2a073b03 06000700 00000f05 54050f01 
000190e0: 54440000 00000000 2b012f00 42000004 
000190f0: 00000572 0c303025 80000002 80000100 
00019100: 00280000 00001300 29412303 09001302 
00019110: 09011301 0900e706 5402000c 018a0400 
00019120: 00100f06 84010000 0f068401 00000f04 
00019130: 84190f01 546c0100 00000000 1cba2200 
00019140: 1a000000 2a873203 07000f05 54050f01 
00019150: 546a0000 00000000 1cb62200 1a000000 
00019160: 2a073b03 06000700 00000f05 54050f01 
00019170: 54440000 00000000 2b012f00 42000004 
00019180: 00000572 0c303025 80000002 80000100 
00019190: 00280000 00001300 29412303 09001302 
000191a0: 09011301 0900e706 5402000c 019a0400 
000191b0: 00100f06 84010000 0f048419 0f0154dc 
000191c0: 00000000 00001cbc 22001a00 00002a87 
000191d0: 32030700 0f055405 0f015450 00000000 
000191e0: 00001cba 22001a00 00002a07 3b030600 
000191f0: 07000000 0f055405 2b012f00 42000004 
00019200: 00001572 0c383025 80000002 80000100 
00019210: 00280000 0000e726 5402000c 018e0400 
00019220: 00100f06 84010000 0f048419 0f015466 
00019230: 00000000 00001cbc 22001a00 00002a07 
00019240: 3b030600 07000000 0f055405 0f015440 
00019250: 00000000 00002b01 2f004200 00040000 
00019260: 25720c38 30258000 00028000 01000028 
00019270: 00000000 13060940 13050901 23070901 
00019280: e7065402 000c018e 04000010 0f068401 
00019290: 00000f06 84010000 0f068401 00000f06 
000192a0: 84010000 0f048419 0f01544a 03000000 
000192b0: 00001cc4 22001a00 00002a87 32030700 
000192c0: 0f055405 0f01549a 01000000 00001cc0 
000192d0: 22001a00 00002a87 32030700 0f055405 
000192e0: 0f015466 00000000 00001cbe 22001a00 
000192f0: 00002a07 3b030600 07000000 0f055405 
00019300: 0f015440 00000000 00002b01 2f004200 
00019310: 00040000 25720c38 30258000 00028000 
00019320: 01000028 00000000 13040940 13070901 
00019330: 23060900 e7065402 000c018e 04000010 
00019340: 0f068401 00000f04 84190f01 540e0100 
00019350: 00000000 1cc22200 1a000000 2a873203 
00019360: 07000f05 54050f01 54720000 00000000 
00019370: 1cc02200 1a000000 2a073b03 06000700 
00019380: 00000f05 54050f01 544c0000 00000000 
00019390: 2b012f00 42000004 00001572 0c383025 
000193a0: 80000002 80000100 00280000 00000302 
000193b0: 29411305 29002304 09012303 09001302 
000193c0: 09011301 0900e706 5402000c 018e0400 
000193d0: 00100f06 84010000 0f048419 0f015476 
000193e0: 00000000 00001cc2 22001a00 00002a07 
000193f0: 3b030600 07000000 0f055405 0f015450 
00019400: 00000000 00002b01 2f004200 00040000 
00019410: 25720c38 30258000 00028000 01000028 
00019420: 00000000 03052941 13072900 13062901 
00019430: 23040901 23030900 13020901 13010900 
00019440: e7065402 000c018e 04000010 0f068401 
00019450: 00000f06 84010000 0f068401 00000f04 
00019460: 84190f01 548a0100 00000000 1cc82200 
00019470: 1a000000 2a873203 07000f05 54050f01 
00019480: 54660000 00000000 1cc42200 1a000000 
00019490: 2a073b03 06000700 00000f05 54050f01 
000194a0: 54400000 00000000 2b012f00 42000004 
000194b0: 00002572 0c383025 80000002 80000100 
000194c0: 00280000 00001305 09401306 09012307 
000194d0: 0901e706 5402000c 018e0400 00100f06 
000194e0: 84010000 0f048419 0f0154fe 00000000 
000194f0: 00001cca 22001a00 00002a87 32030700 
00019500: 0f055405 0f01546c 00000000 00001cc8 
00019510: 22001a00 00002a07 3b030600 07000000 
00019520: 0f055405 0f015446 00000000 0000120d 
00019530: 2e1b0502 17055402 00040000 f0c40400 
00019540: 0b012f00 42000004 00000d70 0c201025 
00019550: a0000002 80000100 00280000 0000e726 
00019560: 5401000c 01820400 00100f06 84010000 
00019570: 0f048419 0f01546c 00000000 00001cca 
00019580: 22001a00 00002a07 3b030600 07000000 
00019590: 0f055405 0f015446 00000000 0000120d 
000195a0: 2e1b0502 17055402 00040000 f0c40400 
000195b0: 0b012f00 42000004 00000d70 0ca01025 
000195c0: a0000002 80000100 00280000 0000e726 
000195d0: 5401000c 01940400 00100f06 04010000 
000195e0: 0f060401 00000f06 04010000 0f060401 
000195f0: 00000f06 04010000 0f060401 00000f06 
00019600: 04010000 0f040419 0f01542a 17000000 
00019610: 00001cfc 22001a00 00002a87 32030700 
00019620: 0f055405 0f015490 0c000000 00001ce4 
00019630: 22001a00 00002a87 32030700 0f055405 
00019640: 0f0154ba 05000000 00001cd8 22001a00 
00019650: 00002a87 32030700 0f055405 0f0154bc 
00019660: 02000000 00001cd0 22001a00 00002a87 
00019670: 32030700 0f055405 0f015406 01000000 
00019680: 00001cce 22001a00 00002a87 33030300 
00019690: 07000000 00002000 0f055405 0f01546c 
000196a0: 00000000 00001ccc 22001a00 00002a07 
000196b0: 3b030600 07000000 0f055405 0f015446 
000196c0: 00000000 0000120d 2e1b0502 17055402 
000196d0: 00040000 f0c40400 0b012f00 42000004 
000196e0: 00000d70 0c201025 a0000002 80000100 
000196f0: 00280000 0000e726 5401000c 01820400 
00019700: 00100f06 84010000 0f048419 0f01546c 
00019710: 00000000 00001cce 22001a00 00002a07 
00019720: 3b030600 07000000 0f055405 0f015446 
00019730: 00000000 0000120d 2e1b0502 17055402 
00019740: 00040000 f0c40400 0b012f00 42000004 
00019750: 00000d70 0c201025 a0000002 80000100 
00019760: 00280000 0000e726 5401000c 01820400 
00019770: 00100f06 84010000 0f068401 00000f04 
00019780: 84190f01 54900100 00000000 1cd22200 
00019790: 1a000000 2a873203 07000f05 54050f01 
000197a0: 546c0000 00000000 1cd02200 1a000000 
000197b0: 2a073b03 06000700 00000f05 54050f01 
000197c0: 54460000 00000000 120d2e1b 05021705 
000197d0: 54020004 0000f0c4 04000b01 2f004200 
000197e0: 00040000 0d700c20 1025a000 00028000 
000197f0: 01000028 00000000 e7265401 000c019c 
00019800: 04000010 0f068401 00000f04 84190f01 
00019810: 54fe0000 00000000 1cd62200 1a000000 
00019820: 2a873203 07000f05 54050f01 546c0000 
00019830: 00000000 1cd22200 1a000000 2a073b03 
00019840: 06000700 00000f05 54050f01 54460000 
00019850: 00000000 120d2e1b 05021705 54020004 
00019860: 0000f0c4 04000b01 2f004200 00040000 
00019870: 0d700c20 1025a000 00028000 01000028 
00019880: 00000000 e7265401 000c0194 04000010 
00019890: 0f068401 00000f04 84190f01 546c0000 
000198a0: 00000000 1cd62200 1a000000 2a073b03 
000198b0: 06000700 00000f05 54050f01 54460000 
000198c0: 00000000 120d0e1b 05021705 54020004 
000198d0: 0000f0c4 04000b01 2f004200 00040000 
000198e0: 15700c28 3025a000 00028000 01000028 
000198f0: 00000000 e7265402 000c0192 04000010 
00019900: 0f068401 00000f06 84010000 0f068401 
00019910: 00000f06 84010000 0f048419 0f0154d8 
00019920: 02000000 00001cdc 22001a00 00002a87 
00019930: 32030700 0f055405 0f01540a 01000000 
00019940: 00001cda 22001a00 00002a87 32030700 
00019950: 0f055405 0f015478 00000000 00001cd8 
00019960: 22001a00 00002a07 3b030600 07000000 
00019970: 0f055405 0f015452 00000000 0000120d 
00019980: 0e1b0502 17055402 00040000 f0c40400 
00019990: 0b012f00 42000004 00000570 0c283025 
000199a0: a0000002 80000100 00280000 00001300 
000199b0: 29401302 09011301 0900e706 5402000c 
000199c0: 01980400 00100f06 84010000 0f048419 
000199d0: 0f01546c 00000000 00001cda 22001a00 
000199e0: 00002a07 3b030600 07000000 0f055405 
000199f0: 0f015446 00000000 0000120d 0e1b0502 
00019a00: 17055402 00040000 f0c40400 0b012f00 
00019a10: 42000004 00001570 0c283025 a0000002 
00019a20: 80000100 00280000 0000e726 5402000c 
00019a30: 019e0400 00100f06 84010000 0f068401 
00019a40: 00000f04 84190f01 54a80100 00000000 
00019a50: 1cde2200 1a000000 2a873203 07000f05 
00019a60: 54050f01 546c0000 00000000 1cdc2200 
00019a70: 1a000000 2a073b03 06000700 00000f05 
00019a80: 54050f01 54460000 00000000 120d0e1b 
00019a90: 05021705 54020004 0000f0c4 04000b01 
00019aa0: 2f004200 00040000 15700c28 3025a000 
00019ab0: 00028000 01000028 00000000 e7265402 
00019ac0: 000c0196 04000010 0f068401 00000f04 
00019ad0: 84190f01 54160100 00000000 1ce02200 
00019ae0: 1a000000 2a873203 07000f05 54050f01 
00019af0: 54780000 00000000 1cde2200 1a000000 
00019b00: 2a073b03 06000700 00000f05 54050f01 
00019b10: 54520000 00000000 120d0e1b 05021705 
00019b20: 54020004 0000f0c4 04000b01 2f004200 
00019b30: 00040000 05700c28 3025a000 00028000 
00019b40: 01000028 00000000 13002940 13020901 
00019b50: 13010900 e7065402 000c019e 04000010 
00019b60: 0f068401 00000f04 84190f01 54780000 
00019b70: 00000000 1ce02200 1a000000 2a073b03 
00019b80: 06000700 00000f05 54050f01 54520000 
00019b90: 00000000 120d0e1b 05021705 54020004 
00019ba0: 0000f0c4 04000b01 2f004200 00040000 
00019bb0: 05700ca8 3025a000 00028000 01000028 
00019bc0: 00000000 13002940 13020901 13010900 
00019bd0: e7065402 000c0196 04000010 0f060401 
00019be0: 00000f06 04010000 0f060401 00000f06 
00019bf0: 04010000 0f060401 00000f04 04190f01 
00019c00: 54b00600 00000000 1cee2200 1a000000 
00019c10: 2a873203 07000f05 54050f01 54e80200 
00019c20: 00000000 1ce82200 1a000000 2a873203 
00019c30: 07000f05 54050f01 540e0100 00000000 
00019c40: 1ce62200 1a000000 2a873303 03000700 
00019c50: 00000000 20000f05 54050f01 546c0000 
00019c60: 00000000 1ce42200 1a000000 2a073b03 
00019c70: 06000700 00000f05 54050f01 54460000 
00019c80: 00000000 120d0e1b 05021705 54020004 
00019c90: 0000f0c4 04000b01 2f004200 00040000 
00019ca0: 15700c30 3025a000 00028000 01000028 
00019cb0: 00000000 e7265402 000c019a 04000010 
00019cc0: 0f068401 00000f04 84190f01 54740000 
00019cd0: 00000000 1ce62200 1a000000 2a073b03 
00019ce0: 06000700 00000f05 54050f01 544e0000 
00019cf0: 00000000 120d0e1b 05021705 54020004 
00019d00: 0000f0c4 04000b01 2f004200 00040000 
00019d10: 05700c30 3025a000 00028000 01000028 
00019d20: 00000000 13010941 23000900 e7065402 
00019d30: 000c019a 04000010 0f068401 00000f06 
00019d40: 84010000 0f048419 0f0154b4 01000000 
00019d50: 00001cea 22001a00 00002a87 32030700 
00019d60: 0f055405 0f015480 00000000 00001ce8 
00019d70: 22001a00 00002a07 3b030600 07000000 
00019d80: 0f055405 0f01545a 00000000 0000120d 
00019d90: 2e1b0502 17055402 00040000 f0c40400 
00019da0: 0b012f00 42000004 00001570 0c303025 
00019db0: a0000002 80000100 00280000 00000302 
00019dc0: 29411304 29002303 09001302 09011301 
00019dd0: 0900e706 5402000c 018a0400 00100f06 
00019de0: 84010000 0f048419 0f01540e 01000000 
00019df0: 00001cec 22001a00 00002a87 32030700 
00019e00: 0f055405 0f01546c 00000000 00001cea 
00019e10: 22001a00 00002a07 3b030600 07000000 
00019e20: 0f055405 0f015446 00000000 0000120d 
00019e30: 0e1b0502 17055402 00040000 f0c40400 
00019e40: 0b012f00 42000004 00001570 0c303025 
00019e50: a0000002 80000100 00280000 0000e726 
00019e60: 5402000c 018a0400 00100f06 84010000 
00019e70: 0f048419 0f01547c 00000000 00001cec 
00019e80: 22001a00 00002a07 3b030600 07000000 
00019e90: 0f055405 0f015456 00000000 0000120d 
00019ea0: 2e1b0502 17055402 00040000 f0c40400 
00019eb0: 0b012f00 42000004 00000570 0c303025 
00019ec0: a0000002 80000100 00280000 00001300 
00019ed0: 29412303 09001302 09011301 0900e706 
00019ee0: 5402000c 018a0400 00100f06 84010000 
00019ef0: 0f068401 00000f06 84010000 0f068401 
00019f00: 00000f04 84190f01 54a20300 00000000 
00019f10: 1cf62200 1a000000 2a873203 07000f05 
00019f20: 54050f01 54ac0100 00000000 1cf22200 
00019f30: 1a000000 2a873203 07000f05 54050f01 
00019f40: 547c0000 00000000 1cee2200 1a000000 
00019f50: 2a073b03 06000700 00000f05 54050f01 
00019f60: 54560000 00000000 120d2e1b 05021705 
00019f70: 54020004 0000f0c4 04000b01 2f004200 
00019f80: 00040000 05700c30 3025a000 00028000 
00019f90: 01000028 00000000 13002941 23030900 
00019fa0: 13020901 13010900 e7065402 000c019a 
00019fb0: 04000010 0f068401 00000f04 84190f01 
00019fc0: 540a0100 00000000 1cf42200 1a000000 
00019fd0: 2a873203 07000f05 54050f01 546c0000 
00019fe0: 00000000 1cf22200 1a000000 2a073b03 
00019ff0: 06000700 00000f05 54050f01 54460000 
0001a000: 00000000 120d0e1b 05021705 54020004 
0001a010: 0000f0c4 04000b01 2f004200 00040000 
0001a020: 15700c38 3025a000 00028000 01000028 
0001a030: 00000000 e7265402 000c018e 04000010 
0001a040: 0f068401 00000f04 84190f01 54780000 
0001a050: 00000000 1cf42200 1a000000 2a073b03 
0001a060: 06000700 00000f05 54050f01 54520000 
0001a070: 00000000 120d0e1b 05021705 54020004 
0001a080: 0000f0c4 04000b01 2f004200 00040000 
0001a090: 25700c38 3025a000 00028000 01000028 
0001a0a0: 00000000 13060940 13050901 23070901 
0001a0b0: e7065402 000c018e 04000010 0f068401 
0001a0c0: 00000f06 84010000 0f068401 00000f04 
0001a0d0: 84190f01 54d00100 00000000 1cf82200 
0001a0e0: 1a000000 2a873203 07000f05 54050f01 
0001a0f0: 54780000 00000000 1cf62200 1a000000 
0001a100: 2a073b03 06000700 00000f05 54050f01 
0001a110: 54520000 00000000 120d0e1b 05021705 
0001a120: 54020004 0000f0c4 04000b01 2f004200 
0001a130: 00040000 25700c38 3025a000 00028000 
0001a140: 01000028 00000000 13040940 13070901 
0001a150: 23060900 e7065402 000c018e 04000010 
0001a160: 0f068401 00000f04 84190f01 54320100 
0001a170: 00000000 1cfa2200 1a000000 2a873203 
0001a180: 07000f05 54050f01 54840000 00000000 
0001a190: 1cf82200 1a000000 2a073b03 06000700 
0001a1a0: 00000f05 54050f01 545e0000 00000000 
0001a1b0: 120d2e1b 05021705 54020004 0000f0c4 
0001a1c0: 04000b01 2f004200 00040000 15700c38 
0001a1d0: 3025a000 00028000 01000028 00000000 
0001a1e0: 03022941 13052900 23040901 23030900 
0001a1f0: 13020901 13010900 e7065402 000c018e 
0001a200: 04000010 0f068401 00000f04 84190f01 
0001a210: 54880000 00000000 1cfa2200 1a000000 
0001a220: 2a073b03 06000700 00000f05 54050f01 
0001a230: 54620000 00000000 120d2e1b 05021705 
0001a240: 54020004 0000f0c4 04000b01 2f004200 
0001a250: 00040000 25700cb8 3025a000 00028000 
0001a260: 01000028 00000000 03052941 13072900 
0001a270: 13062901 23040901 23030900 13020901 
0001a280: 13010900 e7065402 000c018e 04000010 
0001a290: 0f060401 00000f06 04010000 0f060401 
0001a2a0: 00000f06 04010000 0f060401 00000f06 
0001a2b0: 04010000 0f040419 0f015474 0a000000 
0001a2c0: 00001c94 22001c00 00002a87 32030700 
0001a2d0: 0f055405 0f0154bc 04000000 00001c88 
0001a2e0: 22001c00 00002a87 32030700 0f055405 
0001a2f0: 0f015458 02000000 00001c82 22001c00 
0001a300: 00002a87 32030700 0f055405 0f0154f6 
0001a310: 00000000 00001c80 22001c00 00002a87 
0001a320: 33030300 07000000 00002000 0f055405 
0001a330: 0f015478 00000000 00001cfc 22001a00 
0001a340: 00002a07 3b030600 07000000 0f055405 
0001a350: 0f015452 00000000 0000120d 0e1b0502 
0001a360: 17055402 00040000 f0c40400 0b012f00 
0001a370: 42000004 00002570 0c383025 a0000002 
0001a380: 80000100 00280000 00001305 09401306 
0001a390: 09012307 0901e706 5402000c 018e0400 
0001a3a0: 00100f06 84010000 0f048419 0f015450 
0001a3b0: 00000000 00001c80 22001c00 00002a07 
0001a3c0: 3b030600 07000000 0f055405 2b012f00 
0001a3d0: 42000004 00000d72 0c201025 80000002 
0001a3e0: 80000100 00280000 0000e726 5401000c 
0001a3f0: 01820400 00100f06 84010000 0f068401 
0001a400: 00000f04 84190f01 543c0100 00000000 
0001a410: 1c842200 1c000000 2a873203 07000f05 
0001a420: 54050f01 54500000 00000000 1c822200 
0001a430: 1c000000 2a073b03 06000700 00000f05 
0001a440: 54052b01 2f004200 00040000 0d720c20 
0001a450: 10258000 00028000 01000028 00000000 
0001a460: e7265401 000c0194 04000010 0f068401 
0001a470: 00000f04 84190f01 54c60000 00000000 
0001a480: 1c862200 1c000000 2a873203 07000f05 
0001a490: 54050f01 54500000 00000000 1c842200 
0001a4a0: 1c000000 2a073b03 06000700 00000f05 
0001a4b0: 54052b01 2f004200 00040000 0d720c20 
0001a4c0: 10258000 00028000 01000028 00000000 
0001a4d0: e7265401 000c0182 04000010 0f068401 
0001a4e0: 00000f04 84190f01 54500000 00000000 
0001a4f0: 1c862200 1c000000 2a073b03 06000700 
0001a500: 00000f05 54052b01 2f004200 00040000 
0001a510: 0d720c20 10258000 00028000 01000028 
0001a520: 00000000 e7265401 000c0182 04000010 
0001a530: 0f068401 00000f06 84010000 0f068401 
0001a540: 00000f06 84010000 0f048419 0f01543e 
0001a550: 02000000 00001c8e 22001c00 00002a87 
0001a560: 32030700 0f055405 0f0154c6 00000000 
0001a570: 00001c8a 22001c00 00002a87 32030700 
0001a580: 0f055405 0f015450 00000000 00001c88 
0001a590: 22001c00 00002a07 3b030600 07000000 
0001a5a0: 0f055405 2b012f00 42000004 00000d72 
0001a5b0: 0c201025 80000002 80000100 00280000 
0001a5c0: 0000e726 5401000c 019c0400 00100f06 
0001a5d0: 84010000 0f048419 0f015450 00000000 
0001a5e0: 00001c8a 22001c00 00002a07 3b030600 
0001a5f0: 07000000 0f055405 2b012f00 42000004 
0001a600: 00000d72 0c201025 80000002 80000100 
0001a610: 00280000 0000e726 5401000c 01940400 
0001a620: 00100f06 84010000 0f068401 00000f04 
0001a630: 84190f01 54520100 00000000 1c902200 
0001a640: 1c000000 2a873203 07000f05 54050f01 
0001a650: 54500000 00000000 1c8e2200 1c000000 
0001a660: 2a073b03 06000700 00000f05 54052b01 
0001a670: 2f004200 00040000 15720c28 30258000 
0001a680: 00028000 01000028 00000000 e7265402 
0001a690: 000c0192 04000010 0f068401 00000f04 
0001a6a0: 84190f01 54dc0000 00000000 1c922200 
0001a6b0: 1c000000 2a873203 07000f05 54050f01 
0001a6c0: 54660000 00000000 1c902200 1c000000 
0001a6d0: 2a073b03 06000700 00000f05 54050f01 
0001a6e0: 54400000 00000000 2b012f00 42000004 
0001a6f0: 00000572 0c283025 80000002 80000100 
0001a700: 00280000 00001300 29401302 09011301 
0001a710: 0900e706 5402000c 01980400 00100f06 
0001a720: 84010000 0f048419 0f015450 00000000 
0001a730: 00001c92 22001c00 00002a07 3b030600 
0001a740: 07000000 0f055405 2b012f00 42000004 
0001a750: 00001572 0c283025 80000002 80000100 
0001a760: 00280000 0000e726 5402000c 019e0400 
0001a770: 00100f06 84010000 0f068401 00000f06 
0001a780: 84010000 0f068401 00000f06 84010000 
0001a790: 0f048419 0f015492 05000000 00001ca0 
0001a7a0: 22001c00 00002a87 32030700 0f055405 
0001a7b0: 0f015466 02000000 00001c98 22001c00 
0001a7c0: 00002a87 32030700 0f055405 0f0154dc 
0001a7d0: 00000000 00001c96 22001c00 00002a87 
0001a7e0: 32030700 0f055405 0f015450 00000000 
0001a7f0: 00001c94 22001c00 00002a07 3b030600 
0001a800: 07000000 0f055405 2b012f00 42000004 
0001a810: 00001572 0c283025 80000002 80000100 
0001a820: 00280000 0000e726 5402000c 01960400 
0001a830: 00100f06 84010000 0f048419 0f015466 
0001a840: 00000000 00001c96 22001c00 00002a07 
0001a850: 3b030600 07000000 0f055405 0f015440 
0001a860: 00000000 00002b01 2f004200 00040000 
0001a870: 05720c28 30258000 00028000 01000028 
0001a880: 00000000 13002940 13020901 13010900 
0001a890: e7065402 000c019e 04000010 0f068401 
0001a8a0: 00000f06 84010000 0f048419 0f015464 
0001a8b0: 01000000 00001c9c 22001c00 00002a87 
0001a8c0: 32030700 0f055405 0f015466 00000000 
0001a8d0: 00001c98 22001c00 00002a07 3b030600 
0001a8e0: 07000000 0f055405 0f015440 00000000 
0001a8f0: 00002b01 2f004200 00040000 05720c28 
0001a900: 30258000 00028000 01000028 00000000 
0001a910: 13002940 13020901 13010900 e7065402 
0001a920: 000c0196 04000010 0f068401 00000f04 
0001a930: 84190f01 54d80000 00000000 1c9e2200 
0001a940: 1c000000 2a873203 07000f05 54050f01 
0001a950: 54500000 00000000 1c9c2200 1c000000 
0001a960: 2a073b03 06000700 00000f05 54052b01 
0001a970: 2f004200 00040000 15720c30 30258000 
0001a980: 00028000 01000028 00000000 e7265402 
0001a990: 000c019a 04000010 0f068401 00000f04 
0001a9a0: 84190f01 54620000 00000000 1c9e2200 
0001a9b0: 1c000000 2a073b03 06000700 00000f05 
0001a9c0: 54050f01 543c0000 00000000 2b012f00 
0001a9d0: 42000004 00000572 0c303025 80000002 
0001a9e0: 80000100 00280000 00001301 09412300 
0001a9f0: 0900e706 5402000c 019a0400 00100f06 
0001aa00: 84010000 0f068401 00000f06 84010000 
0001aa10: 0f068401 00000f04 84190f01 54060300 
0001aa20: 00000000 1ca62200 1c000000 2a873203 
0001aa30: 07000f05 54050f01 54740100 00000000 
0001aa40: 1ca22200 1c000000 2a873203 07000f05 
0001aa50: 54050f01 546e0000 00000000 1ca02200 
0001aa60: 1c000000 2a073b03 06000700 00000f05 
0001aa70: 54050f01 54480000 00000000 2b012f00 
0001aa80: 42000004 00001572 0c303025 80000002 
0001aa90: 80000100 00280000 00000302 29411304 
0001aaa0: 29002303 09001302 09011301 0900e706 
0001aab0: 5402000c 018a0400 00100f06 84010000 
0001aac0: 0f048419 0f0154e0 00000000 00001ca4 
0001aad0: 22001c00 00002a87 32030700 0f055405 
0001aae0: 0f015450 00000000 00001ca2 22001c00 
0001aaf0: 00002a07 3b030600 07000000 0f055405 
0001ab00: 2b012f00 42000004 00001572 0c303025 
0001ab10: 80000002 80000100 00280000 0000e726 
0001ab20: 5402000c 018a0400 00100f06 84010000 
0001ab30: 0f048419 0f01546a 00000000 00001ca4 
0001ab40: 22001c00 00002a07 3b030600 07000000 
0001ab50: 0f055405 0f015444 00000000 00002b01 
0001ab60: 2f004200 00040000 05720c30 30258000 
0001ab70: 00028000 01000028 00000000 13002941 
0001ab80: 23030900 13020901 13010900 e7065402 
0001ab90: 000c018a 04000010 0f068401 00000f06 
0001aba0: 84010000 0f068401 00000f04 84190f01 
0001abb0: 546c0100 00000000 1caa2200 1c000000 
0001abc0: 2a873203 07000f05 54050f01 546a0000 
0001abd0: 00000000 1ca62200 1c000000 2a073b03 
0001abe0: 06000700 00000f05 54050f01 54440000 
0001abf0: 00000000 2b012f00 42000004 00000572 
0001ac00: 0c303025 80000002 80000100 00280000 
0001ac10: 00001300 29412303 09001302 09011301 
0001ac20: 0900e706 5402000c 019a0400 00100f06 
0001ac30: 84010000 0f048419 0f0154dc 00000000 
0001ac40: 00001cac 22001c00 00002a87 32030700 
0001ac50: 0f055405 0f015450 00000000 00001caa 
0001ac60: 22001c00 00002a07 3b030600 07000000 
0001ac70: 0f055405 2b012f00 42000004 00001572 
0001ac80: 0c383025 80000002 80000100 00280000 
0001ac90: 0000e726 5402000c 018e0400 00100f06 
0001aca0: 84010000 0f048419 0f015466 00000000 
0001acb0: 00001cac 22001c00 00002a07 3b030600 
0001acc0: 07000000 0f055405 0f015440 00000000 
0001acd0: 00002b01 2f004200 00040000 25720cb8 
0001ace0: 30258000 00028000 01000028 00000000 
0001acf0: 13060940 13050901 23070901 e7065402 
0001ad00: 000c018e 04000010 0f060401 00000f06 
0001ad10: 04010000 0f060401 00000f06 04010000 
0001ad20: 0f060401 00000f06 04010000 0f060401 
0001ad30: 00000f06 04010000 0f040419 0f0154ac 
0001ad40: 2e000000 00001c8e 22001e00 00002a87 
0001ad50: 32030700 0f055405 0f015498 16000000 
0001ad60: 00001cdc 22001c00 00002a87 32030700 
0001ad70: 0f055405 0f01547e 0b000000 00001cc6 
0001ad80: 22001c00 00002a87 32030700 0f055405 
0001ad90: 0f01548a 05000000 00001cba 22001c00 
0001ada0: 00002a87 32030700 0f055405 0f0154b0 
0001adb0: 02000000 00001cb2 22001c00 00002a87 
0001adc0: 32030700 0f059405 0f0154f6 00000000 
0001add0: 00001cb0 22001c00 00002a87 32030700 
0001ade0: 0f055405 0f01545e 00000000 00002a07 
0001adf0: 2b3d0600 07000000 0f055405 0f015440 
0001ae00: 00000000 00002b01 2f004200 00040000 
0001ae10: 25720c38 30258000 00028000 01000028 
0001ae20: 00000000 13040940 13070901 23060900 
0001ae30: e7065402 000c018e 04000010 0f068401 
0001ae40: 00000f04 84190f01 54720000 00000000 
0001ae50: 1cb02200 1c000000 2a073b03 06000700 
0001ae60: 00000f05 54050f01 544c0000 00000000 
0001ae70: 2b012f00 42000004 00001572 0c383025 
0001ae80: 80000002 80000100 00280000 00000302 
0001ae90: 29411305 29002304 09012303 09001302 
0001aea0: 09011301 0900e706 5402000c 018e0400 
0001aeb0: 00100f06 84010000 0f068401 00000f04 
0001aec0: 84190f01 54940100 00000000 1cb42200 
0001aed0: 1c000000 2a873203 07000f05 54050f01 
0001aee0: 54760000 00000000 1cb22200 1c000000 
0001aef0: 2a073b03 06000700 00000f05 54050f01 
0001af00: 54500000 00000000 2b012f00 42000004 
0001af10: 00002572 0c383025 80000002 80000100 
0001af20: 00280000 00000305 29411307 29001306 
0001af30: 29012304 09012303 09001302 09011301 
0001af40: 0900e706 5402000c 018e0400 00100f06 
0001af50: 84010000 0f048419 0f0154f8 00000000 
0001af60: 00001cb8 22001c00 00002a87 32030700 
0001af70: 0f055405 0f015466 00000000 00001cb4 
0001af80: 22001c00 00002a07 3b030600 07000000 
0001af90: 0f055405 0f015440 00000000 00002b01 
0001afa0: 2f004200 00040000 25720c38 30258000 
0001afb0: 00028000 01000028 00000000 13050940 
0001afc0: 13060901 23070901 e7065402 000c018e 
0001afd0: 04000010 0f068401 00000f04 84190f01 
0001afe0: 546c0000 00000000 1cb82200 1c000000 
0001aff0: 2a073b03 06000700 00000f05 54050f01 
0001b000: 54460000 00000000 120d2e1b 05021705 
0001b010: 54020004 0000f0c4 04000b01 2f004200 
0001b020: 00040000 0d700c20 1025a000 00028000 
0001b030: 01000028 00000000 e7265401 000c0182 
0001b040: 04000010 0f068401 00000f06 84010000 
0001b050: 0f068401 00000f06 84010000 0f048419 
0001b060: 0f0154b4 02000000 00001cbe 22001c00 
0001b070: 00002a87 32030700 0f055405 0f0154fe 
0001b080: 00000000 00001cbc 22001c00 00002a87 
0001b090: 32030700 0f055405 0f01546c 00000000 
0001b0a0: 00001cba 22001c00 00002a07 3b030600 
0001b0b0: 07000000 0f055405 0f015446 00000000 
0001b0c0: 0000120d 2e1b0502 17055402 00040000 
0001b0d0: f0c40400 0b012f00 42000004 00000d70 
0001b0e0: 0c201025 a0000002 80000100 00280000 
0001b0f0: 0000e726 5401000c 01940400 00100f06 
0001b100: 84010000 0f048419 0f01546c 00000000 
0001b110: 00001cbc 22001c00 00002a07 3b030600 
0001b120: 07000000 0f055405 0f015446 00000000 
0001b130: 0000120d 2e1b0502 17055402 00040000 
0001b140: f0c40400 0b012f00 42000004 00000d70 
0001b150: 0c201025 a0000002 80000100 00280000 
0001b160: 0000e726 5401000c 01820400 00100f06 
0001b170: 84010000 0f068401 00000f04 84190f01 
0001b180: 54900100 00000000 1cc02200 1c000000 
0001b190: 2a873203 07000f05 54050f01 546c0000 
0001b1a0: 00000000 1cbe2200 1c000000 2a073b03 
0001b1b0: 06000700 00000f05 54050f01 54460000 
0001b1c0: 00000000 120d2e1b 05021705 54020004 
0001b1d0: 0000f0c4 04000b01 2f004200 00040000 
0001b1e0: 0d700c20 1025a000 00028000 01000028 
0001b1f0: 00000000 e7265401 000c0182 04000010 
0001b200: 0f068401 00000f04 84190f01 54fe0000 
0001b210: 00000000 1cc22200 1c000000 2a873203 
0001b220: 07000f05 54050f01 546c0000 00000000 
0001b230: 1cc02200 1c000000 2a073b03 06000700 
0001b240: 00000f05 54050f01 54460000 00000000 
0001b250: 120d2e1b 05021705 54020004 0000f0c4 
0001b260: 04000b01 2f004200 00040000 0d700c20 
0001b270: 1025a000 00028000 01000028 00000000 
0001b280: e7265401 000c019c 04000010 0f068401 
0001b290: 00000f04 84190f01 546c0000 00000000 
0001b2a0: 1cc22200 1c000000 2a073b03 06000700 
0001b2b0: 00000f05 54050f01 54460000 00000000 
0001b2c0: 120d2e1b 05021705 54020004 0000f0c4 
0001b2d0: 04000b01 2f004200 00040000 0d700c20 
0001b2e0: 1025a000 00028000 01000028 00000000 
0001b2f0: e7265401 000c0194 04000010 0f068401 
0001b300: 00000f06 84010000 0f068401 00000f06 
0001b310: 84010000 0f068401 00000f04 84190f01 
0001b320: 54ce0500 00000000 1cd02200 1c000000 
0001b330: 2a873203 07000f05 54050f01 54cc0200 
0001b340: 00000000 1cca2200 1c000000 2a873203 
0001b350: 07000f05 54050f01 540a0100 00000000 
0001b360: 1cc82200 1c000000 2a873203 07000f05 
0001b370: 54050f01 546c0000 00000000 1cc62200 
0001b380: 1c000000 2a073b03 06000700 00000f05 
0001b390: 54050f01 54460000 00000000 120d0e1b 
0001b3a0: 05021705 54020004 0000f0c4 04000b01 
0001b3b0: 2f004200 00040000 15700c28 3025a000 
0001b3c0: 00028000 01000028 00000000 e7265402 
0001b3d0: 000c0192 04000010 0f068401 00000f04 
0001b3e0: 84190f01 54780000 00000000 1cc82200 
0001b3f0: 1c000000 2a073b03 06000700 00000f05 
0001b400: 54050f01 54520000 00000000 120d0e1b 
0001b410: 05021705 54020004 0000f0c4 04000b01 
0001b420: 2f004200 00040000 05700c28 3025a000 
0001b430: 00028000 01000028 00000000 13002940 
0001b440: 13020901 13010900 e7065402 000c0198 
0001b450: 04000010 0f068401 00000f06 84010000 
0001b460: 0f048419 0f01549c 01000000 00001ccc 
0001b470: 22001c00 00002a87 32030700 0f055405 
0001b480: 0f01546c 00000000 00001cca 22001c00 
0001b490: 00002a07 3b030600 07000000 0f055405 
0001b4a0: 0f015446 00000000 0000120d 0e1b0502 
0001b4b0: 17055402 00040000 f0c40400 0b012f00 
0001b4c0: 42000004 00001570 0c283025 a0000002 
0001b4d0: 80000100 00280000 0000e726 5402000c 
0001b4e0: 019e0400 00100f06 84010000 0f048419 
0001b4f0: 0f01540a 01000000 00001cce 22001c00 
0001b500: 00002a87 32030700 0f055405 0f01546c 
0001b510: 00000000 00001ccc 22001c00 00002a07 
0001b520: 3b030600 07000000 0f055405 0f015446 
0001b530: 00000000 0000120d 0e1b0502 17055402 
0001b540: 00040000 f0c40400 0b012f00 42000004 
0001b550: 00001570 0c283025 a0000002 80000100 
0001b560: 00280000 0000e726 5402000c 01960400 
0001b570: 00100f06 84010000 0f048419 0f015478 
0001b580: 00000000 00001cce 22001c00 00002a07 
0001b590: 3b030600 07000000 0f055405 0f015452 
0001b5a0: 00000000 0000120d 0e1b0502 17055402 
0001b5b0: 00040000 f0c40400 0b012f00 42000004 
0001b5c0: 00000570 0c283025 a0000002 80000100 
0001b5d0: 00280000 00001300 29401302 09011301 
0001b5e0: 0900e706 5402000c 019e0400 00100f06 
0001b5f0: 84010000 0f068401 00000f06 84010000 
0001b600: 0f068401 00000f04 84190f01 54dc0200 
0001b610: 00000000 1cd62200 1c000000 2a873203 
0001b620: 07000f05 54050f01 540a0100 00000000 
0001b630: 1cd42200 1c000000 2a873203 07000f05 
0001b640: 54050f01 54780000 00000000 1cd02200 
0001b650: 1c000000 2a073b03 06000700 00000f05 
0001b660: 54050f01 54520000 00000000 120d0e1b 
0001b670: 05021705 54020004 0000f0c4 04000b01 
0001b680: 2f004200 00040000 05700c28 3025a000 
0001b690: 00028000 01000028 00000000 13002940 
0001b6a0: 13020901 13010900 e7065402 000c0196 
0001b6b0: 04000010 0f068401 00000f04 84190f01 
0001b6c0: 546c0000 00000000 1cd42200 1c000000 
0001b6d0: 2a073b03 06000700 00000f05 54050f01 
0001b6e0: 54460000 00000000 120d0e1b 05021705 
0001b6f0: 54020004 0000f0c4 04000b01 2f004200 
0001b700: 00040000 15700c30 3025a000 00028000 
0001b710: 01000028 00000000 e7265402 000c019a 
0001b720: 04000010 0f068401 00000f06 84010000 
0001b730: 0f048419 0f0154ac 01000000 00001cd8 
0001b740: 22001c00 00002a87 32030700 0f055405 
0001b750: 0f015474 00000000 00001cd6 22001c00 
0001b760: 00002a07 3b030600 07000000 0f055405 
0001b770: 0f01544e 00000000 0000120d 0e1b0502 
0001b780: 17055402 00040000 f0c40400 0b012f00 
0001b790: 42000004 00000570 0c303025 a0000002 
0001b7a0: 80000100 00280000 00001301 09412300 
0001b7b0: 0900e706 5402000c 019a0400 00100f06 
0001b7c0: 84010000 0f048419 0f015412 01000000 
0001b7d0: 00001cda 22001c00 00002a87 32030700 
0001b7e0: 0f055405 0f015480 00000000 00001cd8 
0001b7f0: 22001c00 00002a07 3b030600 07000000 
0001b800: 0f055405 0f01545a 00000000 0000120d 
0001b810: 2e1b0502 17055402 00040000 f0c40400 
0001b820: 0b012f00 42000004 00001570 0c303025 
0001b830: a0000002 80000100 00280000 00000302 
0001b840: 29411304 29002303 09001302 09011301 
0001b850: 0900e706 5402000c 018a0400 00100f06 
0001b860: 84010000 0f048419 0f01546c 00000000 
0001b870: 00001cda 22001c00 00002a07 3b030600 
0001b880: 07000000 0f055405 0f015446 00000000 
0001b890: 0000120d 0e1b0502 17055402 00040000 
0001b8a0: f0c40400 0b012f00 42000004 00001570 
0001b8b0: 0cb03025 a0000002 80000100 00280000 
0001b8c0: 0000e726 5402000c 018a0400 00100f06 
0001b8d0: 04010000 0f060401 00000f06 04010000 
0001b8e0: 0f060401 00000f06 04010000 0f060401 
0001b8f0: 00000f04 04190f01 54f40a00 00000000 
0001b900: 1cf42200 1c000000 2a873203 07000f05 
0001b910: 54050f01 54d60500 00000000 1ce82200 
0001b920: 1c000000 2a873203 07000f05 54050f01 
0001b930: 54f40200 00000000 1ce22200 1c000000 
0001b940: 2a873203 07000f05 54050f01 54260100 
0001b950: 00000000 1cde2200 1c000000 2a873303 
0001b960: 03000700 00000000 20000f05 54050f01 
0001b970: 547c0000 00000000 1cdc2200 1c000000 
0001b980: 2a073b03 06000700 00000f05 54050f01 
0001b990: 54560000 00000000 120d2e1b 05021705 
0001b9a0: 54020004 0000f0c4 04000b01 2f004200 
0001b9b0: 00040000 05700c30 3025a000 00028000 
0001b9c0: 01000028 00000000 13002941 23030900 
0001b9d0: 13020901 13010900 e7065402 000c018a 
0001b9e0: 04000010 0f068401 00000f04 84190f01 
0001b9f0: 547c0000 00000000 1cde2200 1c000000 
0001ba00: 2a073b03 06000700 00000f05 54050f01 
0001ba10: 54560000 00000000 120d2e1b 05021705 
0001ba20: 54020004 0000f0c4 04000b01 2f004200 
0001ba30: 00040000 05700c30 3025a000 00028000 
0001ba40: 01000028 00000000 13002941 23030900 
0001ba50: 13020901 13010900 e7065402 000c019a 
0001ba60: 04000010 0f068401 00000f06 84010000 
0001ba70: 0f048419 0f0154a8 01000000 00001ce4 
0001ba80: 22001c00 00002a87 32030700 0f055405 
0001ba90: 0f01546c 00000000 00001ce2 22001c00 
0001baa0: 00002a07 3b030600 07000000 0f055405 
0001bab0: 0f015446 00000000 0000120d 0e1b0502 
0001bac0: 17055402 00040000 f0c40400 0b012f00 
0001bad0: 42000004 00001570 0c383025 a0000002 
0001bae0: 80000100 00280000 0000e726 5402000c 
0001baf0: 018e0400 00100f06 84010000 0f048419 
0001bb00: 0f015416 01000000 00001ce6 22001c00 
0001bb10: 00002a87 32030700 0f055405 0f015478 
0001bb20: 00000000 00001ce4 22001c00 00002a07 
0001bb30: 3b030600 07000000 0f055405 0f015452 
0001bb40: 00000000 0000120d 0e1b0502 17055402 
0001bb50: 00040000 f0c40400 0b012f00 42000004 
0001bb60: 00002570 0c383025 a0000002 80000100 
0001bb70: 00280000 00001306 09401305 09012307 
0001bb80: 0901e706 5402000c 018e0400 00100f06 
0001bb90: 84010000 0f048419 0f015478 00000000 
0001bba0: 00001ce6 22001c00 00002a07 3b030600 
0001bbb0: 07000000 0f055405 0f015452 00000000 
0001bbc0: 0000120d 0e1b0502 17055402 00040000 
0001bbd0: f0c40400 0b012f00 42000004 00002570 
0001bbe0: 0c383025 a0000002 80000100 00280000 
0001bbf0: 00001304 09401307 09012306 0900e706 
0001bc00: 5402000c 018e0400 00100f06 84010000 
0001bc10: 0f068401 00000f06 84010000 0f068401 
0001bc20: 00000f04 84190f01 54bc0200 00000000 
0001bc30: 1cec2200 1c000000 2a873203 07000f05 
0001bc40: 54050f01 54320100 00000000 1cea2200 
0001bc50: 1c000000 2a873203 07000f05 54050f01 
0001bc60: 54840000 00000000 1ce82200 1c000000 
0001bc70: 2a073b03 06000700 00000f05 54050f01 
0001bc80: 545e0000 00000000 120d2e1b 05021705 
0001bc90: 54020004 0000f0c4 04000b01 2f004200 
0001bca0: 00040000 15700c38 3025a000 00028000 
0001bcb0: 01000028 00000000 03022941 13052900 
0001bcc0: 23040901 23030900 13020901 13010900 
0001bcd0: e7065402 000c018e 04000010 0f068401 
0001bce0: 00000f04 84190f01 54880000 00000000 
0001bcf0: 1cea2200 1c000000 2a073b03 06000700 
0001bd00: 00000f05 54050f01 54620000 00000000 
0001bd10: 120d2e1b 05021705 54020004 0000f0c4 
0001bd20: 04000b01 2f004200 00040000 25700c38 
0001bd30: 3025a000 00028000 01000028 00000000 
0001bd40: 03052941 13072900 13062901 23040901 
0001bd50: 23030900 13020901 13010900 e7065402 
0001bd60: 000c018e 04000010 0f068401 00000f06 
0001bd70: 84010000 0f048419 0f015464 01000000 
0001bd80: 00001cf0 22001c00 00002a87 32030700 
0001bd90: 0f055405 0f015478 00000000 00001cec 
0001bda0: 22001c00 00002a07 3b030600 07000000 
0001bdb0: 0f055405 0f015452 00000000 0000120d 
0001bdc0: 0e1b0502 17055402 00040000 f0c40400 
0001bdd0: 0b012f00 42000004 00002570 0c383025 
0001bde0: a0000002 80000100 00280000 00001305 
0001bdf0: 09401306 09012307 0901e706 5402000c 
0001be00: 018e0400 00100f06 84010000 0f048419 
0001be10: 0f0154c6 00000000 00001cf2 22001c00 
0001be20: 00002a87 32030700 0f055405 0f015450 
0001be30: 00000000 00001cf0 22001c00 00002a07 
0001be40: 3b030600 07000000 0f055405 2b012f00 
0001be50: 42000004 00000df2 0c201025 80000002 
0001be60: 80000100 00280000 0000e726 5402000c 
0001be70: 01a20400 00100f06 84010000 0f048419 
0001be80: 0f015450 00000000 00001cf2 22001c00 
0001be90: 00002a07 3b030600 07000000 0f055405 
0001bea0: 2b012f00 42000004 00000df2 0c201025 
0001beb0: 80000002 80000100 00280000 0000e726 
0001bec0: 5402000c 01b40400 00100f06 84010000 
0001bed0: 0f068401 00000f06 84010000 0f068401 
0001bee0: 00000f06 84010000 0f048419 0f0154f8 
0001bef0: 04000000 00001c80 22001e00 00002a87 
0001bf00: 32030700 0f055405 0f015428 02000000 
0001bf10: 00001cf8 22001c00 00002a87 32030700 
0001bf20: 0f055405 0f0154c6 00000000 00001cf6 
0001bf30: 22001c00 00002a87 32030700 0f055405 
0001bf40: 0f015450 00000000 00001cf4 22001c00 
0001bf50: 00002a07 3b030600 07000000 0f055405 
0001bf60: 2b012f00 42000004 00000df2 0c201025 
0001bf70: 80000002 80000100 00280000 0000e726 
0001bf80: 5402000c 01a20400 00100f06 84010000 
0001bf90: 0f048419 0f015450 00000000 00001cf6 
0001bfa0: 22001c00 00002a07 3b030600 07000000 
0001bfb0: 0f055405 2b012f00 42000004 00000df2 
0001bfc0: 0c201025 80000002 80000100 00280000 
0001bfd0: 0000e726 5402000c 01a20400 00100f06 
0001bfe0: 84010000 0f068401 00000f04 84190f01 
0001bff0: 543c0100 00000000 1cfa2200 1c000000 
0001c000: 2a873203 07000f05 54050f01 54500000 
0001c010: 00000000 1cf82200 1c000000 2a073b03 
0001c020: 06000700 00000f05 54052b01 2f004200 
0001c030: 00040000 0df20c20 10258000 00028000 
0001c040: 01000028 00000000 e7265402 000c01bc 
0001c050: 04000010 0f068401 00000f04 84190f01 
0001c060: 54c60000 00000000 1cfe2200 1c000000 
0001c070: 2a873203 07000f05 54050f01 54500000 
0001c080: 00000000 1cfa2200 1c000000 2a073b03 
0001c090: 06000700 00000f05 54052b01 2f004200 
0001c0a0: 00040000 0df20c20 10258000 00028000 
0001c0b0: 01000028 00000000 e7265402 000c01b4 
0001c0c0: 04000010 0f068401 00000f04 84190f01 
0001c0d0: 54500000 00000000 1cfe2200 1c000000 
0001c0e0: 2a073b03 06000700 00000f05 54052b01 
0001c0f0: 2f004200 00040000 0df20c28 30258000 
0001c100: 00028000 01000028 00000000 e7265402 
0001c110: 000c01b2 04000010 0f068401 00000f06 
0001c120: 84010000 0f068401 00000f06 84010000 
0001c130: 0f048419 0f0154aa 02000000 00001c86 
0001c140: 22001e00 00002a87 32030700 0f055405 
0001c150: 0f015440 01000000 00001c82 22001e00 
0001c160: 00002a87 32030700 0f055405 0f015454 
0001c170: 00000000 00001c80 22001e00 00002a07 
0001c180: 3b030600 07000000 0f055405 2b012f00 
0001c190: 42000004 000005f2 0c283025 80000002 
0001c1a0: 80000100 00280000 00002b00 0940e706 
0001c1b0: 5402000c 01b80400 00100f06 84010000 
0001c1c0: 0f048419 0f0154c6 00000000 00001c84 
0001c1d0: 22001e00 00002a87 32030700 0f055405 
0001c1e0: 0f015450 00000000 00001c82 22001e00 
0001c1f0: 00002a07 3b030600 07000000 0f055405 
0001c200: 2b012f00 42000004 00000df2 0c283025 
0001c210: 80000002 80000100 00280000 0000e726 
0001c220: 5402000c 01be0400 00100f06 84010000 
0001c230: 0f048419 0f015450 00000000 00001c84 
0001c240: 22001e00 00002a07 3b030600 07000000 
0001c250: 0f055405 2b012f00 42000004 00000df2 
0001c260: 0c283025 80000002 80000100 00280000 
0001c270: 0000e726 5402000c 01b60400 00100f06 
0001c280: 84010000 0f068401 00000f06 84010000 
0001c290: 0f048419 0f015444 01000000 00001c88 
0001c2a0: 22001e00 00002a87 32030700 0f055405 
0001c2b0: 0f015454 00000000 00001c86 22001e00 
0001c2c0: 00002a07 3b030600 07000000 0f055405 
0001c2d0: 2b012f00 42000004 000005f2 0c283025 
0001c2e0: 80000002 80000100 00280000 00002b00 
0001c2f0: 0940e706 5402000c 01be0400 00100f06 
0001c300: 84010000 0f048419 0f0154ca 00000000 
0001c310: 00001c8c 22001e00 00002a87 32030700 
0001c320: 0f055405 0f015454 00000000 00001c88 
0001c330: 22001e00 00002a07 3b030600 07000000 
0001c340: 0f055405 2b012f00 42000004 000005f2 
0001c350: 0c283025 80000002 80000100 00280000 
0001c360: 00002b00 0940e706 5402000c 01b60400 
0001c370: 00100f06 84010000 0f048419 0f015450 
0001c380: 00000000 00001c8c 22001e00 00002a07 
0001c390: 3b030600 07000000 0f055405 2b012f00 
0001c3a0: 42000004 00000df2 0cb03025 80000002 
0001c3b0: 80000100 00280000 0000e726 5402000c 
0001c3c0: 01ba0400 00100f06 04010000 0f060401 
0001c3d0: 00000f06 04010000 0f060401 00000f06 
0001c3e0: 04010000 0f060401 00000f06 04010000 
0001c3f0: 0f040419 0f0154ee 17000000 00001cbe 
0001c400: 22001e00 00002a87 32030700 0f055405 
0001c410: 0f01543a 0b000000 00001ca4 22001e00 
0001c420: 00002a87 32030700 0f055405 0f0154f6 
0001c430: 04000000 00001c9a 22001e00 00002a87 
0001c440: 32030700 0f055405 0f015454 02000000 
0001c450: 00001c92 22001e00 00002a87 32030700 
0001c460: 0f055405 0f0194ea 00000000 00001c90 
0001c470: 22001e00 00002a87 32030700 0f055405 
0001c480: 0f015462 00000000 00001c8e 22001e00 
0001c490: 00002a07 3b030600 07000000 0f055405 
0001c4a0: 0f01543c 00000000 00002b01 2f004200 
0001c4b0: 00040000 2df20c30 30258000 00028000 
0001c4c0: 01000028 00000000 8b0c0940 9b0a0900 
0001c4d0: e706540e 000c01ba 04000010 0f068401 
0001c4e0: 00000f04 84190f01 54620000 00000000 
0001c4f0: 1c902200 1e000000 2a073b03 06000700 
0001c500: 00000f05 54050f01 543c0000 00000000 
0001c510: 2b012f00 42000004 000035f2 0c303025 
0001c520: 80000002 80000100 00280000 00005b0c 
0001c530: 09406b10 0900e706 540a000c 01aa0400 
0001c540: 00100f06 84010000 0f068401 00000f04 
0001c550: 84190f01 54440100 00000000 1c942200 
0001c560: 1e000000 2a873203 07000f05 54050f01 
0001c570: 54500000 00000000 1c922200 1e000000 
0001c580: 2a073b03 06000700 00000f05 54052b01 
0001c590: 2f004200 00040000 0df20c30 30258000 
0001c5a0: 00028000 01000028 00000000 e7265402 
0001c5b0: 000c01aa 04000010 0f068401 00000f04 
0001c5c0: 84190f01 54ce0000 00000000 1c962200 
0001c5d0: 1e000000 2a873203 07000f05 54050f01 
0001c5e0: 54540000 00000000 1c942200 1e000000 
0001c5f0: 2a073b03 06000700 00000f05 54052b01 
0001c600: 2f004200 00040000 05f20c30 30258000 
0001c610: 00028000 01000028 00000000 3b000940 
0001c620: e7065402 000c01aa 04000010 0f068401 
0001c630: 00000f04 84190f01 54540000 00000000 
0001c640: 1c962200 1e000000 2a073b03 06000700 
0001c650: 00000f05 54052b01 2f004200 00040000 
0001c660: 05f20c30 30258000 00028000 01000028 
0001c670: 00000000 3b000940 e7065402 000c01ba 
0001c680: 04000010 0f068401 00000f06 84010000 
0001c690: 0f068401 00000f06 84010000 0f048419 
0001c6a0: 0f01547c 02000000 00001c9e 22001e00 
0001c6b0: 00002a87 32030700 0f055405 0f0154dc 
0001c6c0: 00000000 00001c9c 22001e00 00002a87 
0001c6d0: 32030700 0f055405 0f015450 00000000 
0001c6e0: 00001c9a 22001e00 00002a07 3b030600 
0001c6f0: 07000000 0f055405 2b012f00 42000004 
0001c700: 00002df2 0c383025 80000002 80000100 
0001c710: 00280000 0000e726 540a000c 01ae0400 
0001c720: 00100f06 84010000 0f048419 0f015466 
0001c730: 00000000 00001c9c 22001e00 00002a07 
0001c740: 3b030600 07000000 0f055405 0f015440 
0001c750: 00000000 00002b01 2f004200 00040000 
0001c760: 3df20c38 30258000 00028000 01000028 
0001c770: 00000000 5b120940 6b100900 8b140900 
0001c780: e706540a 000c01ae 04000010 0f068401 
0001c790: 00000f06 84010000 0f048419 0f01547a 
0001c7a0: 01000000 00001ca0 22001e00 00002a87 
0001c7b0: 32030700 0f055405 0f015466 00000000 
0001c7c0: 00001c9e 22001e00 00002a07 3b030600 
0001c7d0: 07000000 0f055405 0f015440 00000000 
0001c7e0: 00002b01 2f004200 00040000 3df20c38 
0001c7f0: 30258000 00028000 01000028 00000000 
0001c800: 5b0e0940 6b140900 7b120900 e706540a 
0001c810: 000c01ae 04000010 0f068401 00000f04 
0001c820: 84190f01 54ee0000 00000000 1ca22200 
0001c830: 1e000000 2a873203 07000f05 54050f01 
0001c840: 54620000 00000000 1ca02200 1e000000 
0001c850: 2a073b03 06000700 00000f05 54050f01 
0001c860: 543c0000 00000000 2b012f00 42000004 
0001c870: 000035f2 0c383025 80000002 80000100 
0001c880: 00280000 00005b0c 09406b12 0900e706 
0001c890: 540a000c 01ae0400 00100f06 84010000 
0001c8a0: 0f048419 0f015466 00000000 00001ca2 
0001c8b0: 22001e00 00002a07 3b030600 07000000 
0001c8c0: 0f055405 0f015440 00000000 00002b01 
0001c8d0: 2f004200 00040000 45f20c38 30258000 
0001c8e0: 00028000 01000028 00000000 5b120940 
0001c8f0: 6b160900 7b140900 e706540a 000c01ae 
0001c900: 04000010 0f068401 00000f06 84010000 
0001c910: 0f068401 00000f06 84010000 0f068401 
0001c920: 00000f04 84190f01 541e0600 00000000 
0001c930: 1cb02200 1e000000 2a873203 07000f05 
0001c940: 54050f01 54ae0200 00000000 1caa2200 
0001c950: 1e000000 2a873203 07000f05 54050f01 
0001c960: 54f80000 00000000 1ca82200 1e000000 
0001c970: 2a873203 07000f05 54050f01 54660000 
0001c980: 00000000 1ca42200 1e000000 2a073b03 
0001c990: 06000700 00000f05 54050f01 54400000 
0001c9a0: 00000000 2b012f00 42000004 00003df2 
0001c9b0: 0c383025 80000002 80000100 00280000 
0001c9c0: 00005b10 09406b12 09008b14 0900e706 
0001c9d0: 540a000c 01ae0400 00100f06 84010000 
0001c9e0: 0f048419 0f01546c 00000000 00001ca8 
0001c9f0: 22001e00 00002a07 3b030600 07000000 
0001ca00: 0f055405 0f015446 00000000 0000120d 
0001ca10: 0e1b0502 17055402 00040000 f0c40400 
0001ca20: 0b012f00 42000004 00000df0 0c201025 
0001ca30: a0000002 80000100 00280000 0000e726 
0001ca40: 5402000c 01a20400 00100f06 84010000 
0001ca50: 0f068401 00000f04 84190f01 54900100 
0001ca60: 00000000 1cac2200 1e000000 2a873203 
0001ca70: 07000f05 54050f01 546c0000 00000000 
0001ca80: 1caa2200 1e000000 2a073b03 06000700 
0001ca90: 00000f05 54050f01 54460000 00000000 
0001caa0: 120d0e1b 05021705 54020004 0000f0c4 
0001cab0: 04000b01 2f004200 00040000 0df00c20 
0001cac0: 1025a000 00028000 01000028 00000000 
0001cad0: e7265402 000c01b4 04000010 0f068401 
0001cae0: 00000f04 84190f01 54fe0000 00000000 
0001caf0: 1cae2200 1e000000 2a873203 07000f05 
0001cb00: 54050f01 546c0000 00000000 1cac2200 
0001cb10: 1e000000 2a073b03 06000700 00000f05 
0001cb20: 54050f01 54460000 00000000 120d0e1b 
0001cb30: 05021705 54020004 0000f0c4 04000b01 
0001cb40: 2f004200 00040000 0df00c20 1025a000 
0001cb50: 00028000 01000028 00000000 e7265402 
0001cb60: 000c01a2 04000010 0f068401 00000f04 
0001cb70: 84190f01 546c0000 00000000 1cae2200 
0001cb80: 1e000000 2a073b03 06000700 00000f05 
0001cb90: 54050f01 54460000 00000000 120d0e1b 
0001cba0: 05021705 54020004 0000f0c4 04000b01 
0001cbb0: 2f004200 00040000 0df00c20 1025a000 
0001cbc0: 00028000 01000028 00000000 e7265402 
0001cbd0: 000c01a2 04000010 0f068401 00000f06 
0001cbe0: 84010000 0f068401 00000f06 84010000 
0001cbf0: 0f048419 0f01544a 03000000 00001cb8 
0001cc00: 22001e00 00002a87 32030700 0f055405 
0001cc10: 0f015490 01000000 00001cb2 22001e00 
0001cc20: 00002a87 32030700 0f055405 0f01546c 
0001cc30: 00000000 00001cb0 22001e00 00002a07 
0001cc40: 3b030600 07000000 0f055405 0f015446 
0001cc50: 00000000 0000120d 0e1b0502 17055402 
0001cc60: 00040000 f0c40400 0b012f00 42000004 
0001cc70: 00000df0 0c201025 a0000002 80000100 
0001cc80: 00280000 0000e726 5402000c 01bc0400 
0001cc90: 00100f06 84010000 0f048419 0f0154fe 
0001cca0: 00000000 00001cb6 22001e00 00002a87 
0001ccb0: 32030700 0f055405 0f01546c 00000000 
0001ccc0: 00001cb2 22001e00 00002a07 3b030600 
0001ccd0: 07000000 0f055405 0f015446 00000000 
0001cce0: 0000120d 0e1b0502 17055402 00040000 
0001ccf0: f0c40400 0b012f00 42000004 00000df0 
0001cd00: 0c201025 a0000002 80000100 00280000 
0001cd10: 0000e726 5402000c 01b40400 00100f06 
0001cd20: 84010000 0f048419 0f01546c 00000000 
0001cd30: 00001cb6 22001e00 00002a07 3b030600 
0001cd40: 07000000 0f055405 0f015446 00000000 
0001cd50: 0000120d 0e1b0502 17055402 00040000 
0001cd60: f0c40400 0b012f00 42000004 00000df0 
0001cd70: 0c283025 a0000002 80000100 00280000 
0001cd80: 0000e726 5402000c 01b20400 00100f06 
0001cd90: 84010000 0f068401 00000f06 84010000 
0001cda0: 0f048419 0f015494 01000000 00001cba 
0001cdb0: 22001e00 00002a87 32030700 0f055405 
0001cdc0: 0f015470 00000000 00001cb8 22001e00 
0001cdd0: 00002a07 3b030600 07000000 0f055405 
0001cde0: 0f01544a 00000000 0000120d 0e1b0502 
0001cdf0: 17055402 00040000 f0c40400 0b012f00 
0001ce00: 42000004 000005f0 0c283025 a0000002 
0001ce10: 80000100 00280000 00002b00 0940e706 
0001ce20: 5402000c 01b80400 00100f06 84010000 
0001ce30: 0f048419 0f0154fe 00000000 00001cbc 
0001ce40: 22001e00 00002a87 32030700 0f055405 
0001ce50: 0f01546c 00000000 00001cba 22001e00 
0001ce60: 00002a07 3b030600 07000000 0f055405 
0001ce70: 0f015446 00000000 0000120d 0e1b0502 
0001ce80: 17055402 00040000 f0c40400 0b012f00 
0001ce90: 42000004 00000df0 0c283025 a0000002 
0001cea0: 80000100 00280000 0000e726 5402000c 
0001ceb0: 01be0400 00100f06 84010000 0f048419 
0001cec0: 0f01546c 00000000 00001cbc 22001e00 
0001ced0: 00002a07 3b030600 07000000 0f055405 
0001cee0: 0f015446 00000000 0000120d 0e1b0502 
0001cef0: 17055402 00040000 f0c40400 0b012f00 
0001cf00: 42000004 00000df0 0ca83025 a0000002 
0001cf10: 80000100 00280000 0000e726 5402000c 
0001cf20: 01b60400 00100f06 04010000 0f060401 
0001cf30: 00000f06 04010000 0f060401 00000f06 
0001cf40: 04010000 0f060401 00000f04 04190f01 
0001cf50: 548e0c00 00000000 1cd62200 1e000000 
0001cf60: 2a873203 07000f05 54050f01 54c20500 
0001cf70: 00000000 1cca2200 1e000000 2a873203 
0001cf80: 07000f05 54050f01 54d40200 00000000 
0001cf90: 1cc42200 1e000000 2a873203 07000f05 
0001cfa0: 54050f01 540e0100 00000000 1cc02200 
0001cfb0: 1e000000 2a873303 03000700 00000000 
0001cfc0: 20000f05 54050f01 54700000 00000000 
0001cfd0: 1cbe2200 1e000000 2a073b03 06000700 
0001cfe0: 00000f05 54050f01 544a0000 00000000 
0001cff0: 120d0e1b 05021705 54020004 0000f0c4 
0001d000: 04000b01 2f004200 00040000 05f00c28 
0001d010: 3025a000 00028000 01000028 00000000 
0001d020: 2b000940 e7065402 000c01be 04000010 
0001d030: 0f068401 00000f04 84190f01 54700000 
0001d040: 00000000 1cc02200 1e000000 2a073b03 
0001d050: 06000700 00000f05 54050f01 544a0000 
0001d060: 00000000 120d0e1b 05021705 54020004 
0001d070: 0000f0c4 04000b01 2f004200 00040000 
0001d080: 05f00c28 3025a000 00028000 01000028 
0001d090: 00000000 2b000940 e7065402 000c01b6 
0001d0a0: 04000010 0f068401 00000f06 84010000 
0001d0b0: 0f048419 0f0154a0 01000000 00001cc6 
0001d0c0: 22001e00 00002a87 32030700 0f055405 
0001d0d0: 0f01546c 00000000 00001cc4 22001e00 
0001d0e0: 00002a07 3b030600 07000000 0f055405 
0001d0f0: 0f015446 00000000 0000120d 0e1b0502 
0001d100: 17055402 00040000 f0c40400 0b012f00 
0001d110: 42000004 00000df0 0c303025 a0000002 
0001d120: 80000100 00280000 0000e726 5402000c 
0001d130: 01ba0400 00100f06 84010000 0f048419 
0001d140: 0f01540e 01000000 00001cc8 22001e00 
0001d150: 00002a87 32030700 0f055405 0f015474 
0001d160: 00000000 00001cc6 22001e00 00002a07 
0001d170: 3b030600 07000000 0f055405 0f01544e 
0001d180: 00000000 0000120d 2e1b0502 17055402 
0001d190: 00040000 f0c40400 0b012f00 42000004 
0001d1a0: 00002df0 0c303025 a0000002 80000100 
0001d1b0: 00280000 00008b0c 09409b0a 0900e706 
0001d1c0: 540e000c 01ba0400 00100f06 84010000 
0001d1d0: 0f048419 0f015474 00000000 00001cc8 
0001d1e0: 22001e00 00002a07 3b030600 07000000 
0001d1f0: 0f055405 0f01544e 00000000 0000120d 
0001d200: 2e1b0502 17055402 00040000 f0c40400 
0001d210: 0b012f00 42000004 000035f0 0c303025 
0001d220: a0000002 80000100 00280000 00005b0c 
0001d230: 09406b10 0900e706 540a000c 01aa0400 
0001d240: 00100f06 84010000 0f068401 00000f06 
0001d250: 84010000 0f068401 00000f04 84190f01 
0001d260: 54c80200 00000000 1cce2200 1e000000 
0001d270: 2a873203 07000f05 54050f01 54020100 
0001d280: 00000000 1ccc2200 1e000000 2a873203 
0001d290: 07000f05 54050f01 546c0000 00000000 
0001d2a0: 1cca2200 1e000000 2a073b03 06000700 
0001d2b0: 00000f05 54050f01 54460000 00000000 
0001d2c0: 120d0e1b 05021705 54020004 0000f0c4 
0001d2d0: 04000b01 2f004200 00040000 0df00c30 
0001d2e0: 3025a000 00028000 01000028 00000000 
0001d2f0: e7265402 000c01aa 04000010 0f068401 
0001d300: 00000f04 84190f01 54700000 00000000 
0001d310: 1ccc2200 1e000000 2a073b03 06000700 
0001d320: 00000f05 54050f01 544a0000 00000000 
0001d330: 120d0e1b 05021705 54020004 0000f0c4 
0001d340: 04000b01 2f004200 00040000 05f00c30 
0001d350: 3025a000 00028000 01000028 00000000 
0001d360: 3b000940 e7065402 000c01aa 04000010 
0001d370: 0f068401 00000f06 84010000 0f048419 
0001d380: 0f0154a0 01000000 00001cd2 22001e00 
0001d390: 00002a87 32030700 0f055405 0f015470 
0001d3a0: 00000000 00001cce 22001e00 00002a07 
0001d3b0: 3b030600 07000000 0f055405 0f01544a 
0001d3c0: 00000000 0000120d 0e1b0502 17055402 
0001d3d0: 00040000 f0c40400 0b012f00 42000004 
0001d3e0: 000005f0 0c303025 a0000002 80000100 
0001d3f0: 00280000 00003b00 0940e706 5402000c 
0001d400: 01ba0400 00100f06 84010000 0f048419 
0001d410: 0f01540a 01000000 00001cd4 22001e00 
0001d420: 00002a87 32030700 0f055405 0f01546c 
0001d430: 00000000 00001cd2 22001e00 00002a07 
0001d440: 3b030600 07000000 0f055405 0f015446 
0001d450: 00000000 0000120d 2e1b0502 17055402 
0001d460: 00040000 f0c40400 0b012f00 42000004 
0001d470: 00002df0 0c383025 a0000002 80000100 
0001d480: 00280000 0000e726 540a000c 01ae0400 
0001d490: 00100f06 84010000 0f048419 0f015478 
0001d4a0: 00000000 00001cd4 22001e00 00002a07 
0001d4b0: 3b030600 07000000 0f055405 0f015452 
0001d4c0: 00000000 0000120d 2e1b0502 17055402 
0001d4d0: 00040000 f0c40400 0b012f00 42000004 
0001d4e0: 00003df0 0cb83025 a0000002 80000100 
0001d4f0: 00280000 00005b12 09406b10 09008b14 
0001d500: 0900e706 540a000c 01ae0400 00100f06 
0001d510: 04010000 0f060401 00000f06 04010000 
0001d520: 0f060401 00000f06 04010000 0f040419 
0001d530: 0f0154a6 06000000 00001ce2 22001e00 
0001d540: 00002a87 32030700 0f055405 0f0154e2 
0001d550: 02000000 00001cda 22001e00 00002a87 
0001d560: 32030700 0f055405 0f01541a 01000000 
0001d570: 00001cd8 22001e00 00002a87 33030300 
0001d580: 07000000 00002000 0f055405 0f015478 
0001d590: 00000000 00001cd6 22001e00 00002a07 
0001d5a0: 3b030600 07000000 0f055405 0f015452 
0001d5b0: 00000000 0000120d 2e1b0502 17055402 
0001d5c0: 00040000 f0c40400 0b012f00 42000004 
0001d5d0: 00003df0 0c383025 a0000002 80000100 
0001d5e0: 00280000 00005b0e 09406b14 09007b12 
0001d5f0: 0900e706 540a000c 01ae0400 00100f06 
0001d600: 84010000 0f048419 0f015474 00000000 
0001d610: 00001cd8 22001e00 00002a07 3b030600 
0001d620: 07000000 0f055405 0f01544e 00000000 
0001d630: 0000120d 2e1b0502 17055402 00040000 
0001d640: f0c40400 0b012f00 42000004 000035f0 
0001d650: 0c383025 a0000002 80000100 00280000 
0001d660: 00005b0c 09406b12 0900e706 540a000c 
0001d670: 01ae0400 00100f06 84010000 0f068401 
0001d680: 00000f04 84190f01 54a20100 00000000 
0001d690: 1cdc2200 1e000000 2a873203 07000f05 
0001d6a0: 54050f01 54780000 00000000 1cda2200 
0001d6b0: 1e000000 2a073b03 06000700 00000f05 
0001d6c0: 54050f01 54520000 00000000 120d2e1b 
0001d6d0: 05021705 54020004 0000f0c4 04000b01 
0001d6e0: 2f004200 00040000 45f00c38 3025a000 
0001d6f0: 00028000 01000028 00000000 5b120940 
0001d700: 6b160900 7b140900 e706540a 000c01ae 
0001d710: 04000010 0f068401 00000f04 84190f01 
0001d720: 54040100 00000000 1ce02200 1e000000 
0001d730: 2a873203 07000f05 54050f01 54780000 
0001d740: 00000000 1cdc2200 1e000000 2a073b03 
0001d750: 06000700 00000f05 54050f01 54520000 
0001d760: 00000000 120d2e1b 05021705 54020004 
0001d770: 0000f0c4 04000b01 2f004200 00040000 
0001d780: 3df00c38 3025a000 00028000 01000028 
0001d790: 00000000 5b100940 6b120900 8b140900 
0001d7a0: e706540a 000c01ae 04000010 0f068401 
0001d7b0: 00000f04 84190f01 54660000 00000000 
0001d7c0: 1ce02200 1e000000 2a073b03 06000700 
0001d7d0: 00000f05 54050f01 54400000 00000000 
0001d7e0: 2b012f00 42000004 000005f2 0c201025 
0001d7f0: 80000002 80000100 00280000 00000201 
0001d800: 2e1b0542 e2008c22 0502e706 545c000c 
0001d810: 01120400 00100f06 84010000 0f068401 
0001d820: 00000f06 84010000 0f068401 00000f04 
0001d830: 84190f01 549e0300 00000000 1ce82200 
0001d840: 1e000000 2a873203 07000f05 54050f01 
0001d850: 54a80100 00000000 1ce42200 1e000000 
0001d860: 2a873203 07000f05 54050f01 547c0000 
0001d870: 00000000 1ce22200 1e000000 2a073b03 
0001d880: 06000700 00000f05 54050f01 54560000 
0001d890: 00000000 2b012f00 42000004 000005f2 
0001d8a0: 0c201025 80000002 80000100 00280000 
0001d8b0: 00000201 2e1b0542 02002c22 05022700 
0001d8c0: 54000300 5000f011 01001b01 0f25020a 
0001d8d0: 00000000 e7065402 000c0192 04000010 
0001d8e0: 0f068401 00000f04 84190f01 54060100 
0001d8f0: 00000000 1ce62200 1e000000 2a873203 
0001d900: 07000f05 54050f01 54700000 00000000 
0001d910: 1ce42200 1e000000 2a073b03 06000700 
0001d920: 00000f05 54050f01 544a0000 00000000 
0001d930: 2b012f00 42000004 000005f2 0c201025 
0001d940: 80000002 80000100 00280000 00000201 
0001d950: 2e1b0542 02002c22 05023300 0f22121a 
0001d960: 00000000 e7065486 000c0112 04000010 
0001d970: 0f068401 00000f04 84190f01 54700000 
0001d980: 00000000 1ce62200 1e000000 2a073b03 
0001d990: 06000700 00000f05 54050f01 544a0000 
0001d9a0: 00000000 2b012f00 42000004 000005f2 
0001d9b0: 0c201025 80000002 80000100 00280000 
0001d9c0: 00000201 2e1b0542 02002c22 05023300 
0001d9d0: 0f22121a 00000000 e7065486 000c0112 
0001d9e0: 04000010 0f068401 00000f06 84010000 
0001d9f0: 0f068401 00000f04 84190f01 54d00100 
0001da00: 00000000 1cea2200 1e000000 2a873203 
0001da10: 07000f05 54050f01 547c0000 00000000 
0001da20: 1ce82200 1e000000 2a073b03 06000700 
0001da30: 00000f05 54050f01 54560000 00000000 
0001da40: 2b012f00 42000004 000005f2 0c201025 
0001da50: 80000002 80000100 00280000 00000201 
0001da60: 2e1b0542 02002c82 15022700 54000300 
0001da70: 7800f011 01009f01 54020200 98a81701 
0001da80: e7065402 000c0192 04000010 0f068401 
0001da90: 00000f04 84190f01 542e0100 00000000 
0001daa0: 1cee2200 1e000000 2a873203 07000f05 
0001dab0: 54050f01 547c0000 00000000 1cea2200 
0001dac0: 1e000000 2a073b03 06000700 00000f05 
0001dad0: 54050f01 54560000 00000000 2b012f00 
0001dae0: 42000004 000005f2 0c201025 80000002 
0001daf0: 80000100 00280000 00000201 2e1b0542 
0001db00: 02002c22 05022700 54000300 5000f011 
0001db10: 01001b01 0f25020a 00000000 e7065402 
0001db20: 000c0192 04000010 0f068401 00000f04 
0001db30: 84190f01 548c0000 00000000 1cee2200 
0001db40: 1e000000 2a073b03 06000700 00000f05 
0001db50: 54050f01 54660000 00000000 2b012f00 
0001db60: 42000004 000005f2 0ca83025 80000002 
0001db70: 80000100 00280000 00001203 2e1b0542 
0001db80: 12022c22 05022700 54020304 2800d011 
0001db90: 01000201 2e1b0502 02002c22 05020b03 
0001dba0: 3c009f01 54020200 90a81701 e7065402 
0001dbb0: 000c0192 04000010 0f060401 00000f06 
0001dbc0: 04010000 0f060401 00000f06 04010000 
0001dbd0: 0f060401 00000f06 04010000 0f060401 
0001dbe0: 00000f06 04010000 0f060401 00000f04 
0001dbf0: 04190f01 54ee6700 00000000 2a87220d 
0001dc00: 07040f05 54050f01 544e3900 00000000 
0001dc10: 1cd02200 00040000 2a873203 07000f05 
0001dc20: 54050f01 54a62100 00000000 1c9e2200 
0001dc30: 00040000 2a873203 07000f05 54050f01 
0001dc40: 549e0f00 00000000 1c862200 00040000 
0001dc50: 2a873203 07000f05 54050f01 54880700 
0001dc60: 00000000 1cfc2200 1e000000 2a873203 
0001dc70: 07000f05 54050f01 54700300 00000000 
0001dc80: 1cf42200 1e000000 2a873203 07000f05 
0001dc90: 94050f01 54480100 00000000 1cf22200 
0001dca0: 1e000000 2a873203 07000f05 54050f01 
0001dcb0: 54900000 00000000 2a072b37 06000700 
0001dcc0: 00000f05 54050f01 54720000 00000000 
0001dcd0: 2b012f00 42000004 000005f2 0c283025 
0001dce0: 80000002 80000100 00280000 00001203 
0001dcf0: 2e1b0542 22022c22 05021201 2e1b0502 
0001dd00: 27005400 03082800 d0110100 12022c22 
0001dd10: 05022700 54020304 5000f011 01000b01 
0001dd20: 3c031b01 0f25020a 00000000 e7065402 
0001dd30: 000c0192 04000010 0f068401 00000f04 
0001dd40: 84190f01 54920000 00000000 1cf22200 
0001dd50: 1e000000 2a073b03 06000700 00000f05 
0001dd60: 54050f01 546c0000 00000000 2b012f00 
0001dd70: 42000004 000005f2 0c283025 80000002 
0001dd80: 80000100 00280000 00001203 0e1b0542 
0001dd90: 22022c82 15021201 0e1b0502 27005400 
0001dda0: 03087800 f0110100 12022c22 05021302 
0001ddb0: 2f22120a 00000000 9f015402 02000828 
0001ddc0: 1705e706 5402000c 01920400 00100f06 
0001ddd0: 84010000 0f068401 00000f04 84190f01 
0001dde0: 54020200 00000000 1cf62200 1e000000 
0001ddf0: 2a873203 07000f05 54050f01 54920000 
0001de00: 00000000 1cf42200 1e000000 2a073b03 
0001de10: 06000700 00000f05 54050f01 546c0000 
0001de20: 00000000 2b012f00 42000004 000005f2 
0001de30: 0c283025 80000002 80000100 00280000 
0001de40: 00001203 0e1b0542 22022c22 05021201 
0001de50: 0e1b0502 27005400 03085000 f0110100 
0001de60: 12022c22 05021302 2f22120a 00000000 
0001de70: 9f015402 02000828 1705e706 5402000c 
0001de80: 01920400 00100f06 84010000 0f048419 
0001de90: 0f01544a 01000000 00001cf8 22001e00 
0001dea0: 00002a87 32030700 0f055405 0f015492 
0001deb0: 00000000 00001cf6 22001e00 00002a07 
0001dec0: 3b030600 07000000 0f055405 0f01546c 
0001ded0: 00000000 00002b01 2f004200 00040000 
0001dee0: 05f20c28 30258000 00028000 01000028 
0001def0: 00000000 02012e1b 05420200 2c821502 
0001df00: 12030e1b 05022700 54000300 7800f011 
0001df10: 01001202 2c220502 13022f22 120a0000 
0001df20: 00009f01 54020200 08281705 e7065402 
0001df30: 000c0192 04000010 0f068401 00000f04 
0001df40: 84190f01 54920000 00000000 1cf82200 
0001df50: 1e000000 2a073b03 06000700 00000f05 
0001df60: 54050f01 546c0000 00000000 2b012f00 
0001df70: 42000004 000005f2 0c283025 80000002 
0001df80: 80000100 00280000 00000201 2e1b0542 
0001df90: 02002c22 05022700 54000300 5000f011 
0001dfa0: 01001203 0e1b0502 12022c22 05029f01 
0001dfb0: 54000300 08281705 1b010f25 020a0000 
0001dfc0: 0000e706 5402000c 01920400 00100f06 
0001dfd0: 84010000 0f068401 00000f06 84010000 
0001dfe0: 0f068401 00000f04 84190f01 54f20300 
0001dff0: 00000000 1c802200 00040000 2a873203 
0001e000: 07000f05 54050f01 54760100 00000000 
0001e010: 1cfe2200 1e000000 2a873203 07000f05 
0001e020: 54050f01 54a80000 00000000 1cfc2200 
0001e030: 1e000000 2a073b03 06000700 00000f05 
0001e040: 54050f01 54820000 00000000 2b012f00 
0001e050: 42000004 000005f2 0c303025 80000002 
0001e060: 80000100 00280000 00001203 2e1b0542 
0001e070: 32022c22 05021205 2e1b0502 27005404 
0001e080: 030c2800 d0110100 12022c22 05020201 
0001e090: 2e1b0502 27005402 03045000 f0110100 
0001e0a0: 02002c22 05020b05 3c000b01 3c031b01 
0001e0b0: 0f25020a 00000000 e7065402 000c0192 
0001e0c0: 04000010 0f068401 00000f04 84190f01 
0001e0d0: 54a80000 00000000 1cfe2200 1e000000 
0001e0e0: 2a073b03 06000700 00000f05 54050f01 
0001e0f0: 54820000 00000000 2b012f00 42000004 
0001e100: 000005f2 0c303025 80000002 80000100 
0001e110: 00280000 00001203 2e1b0542 32022c22 
0001e120: 05021201 2e1b0502 27005400 030c2800 
0001e130: d0110100 12022c22 05022205 2e1b0502 
0001e140: 27005402 03045000 f0110100 22042c22 
0001e150: 05020b01 3c040b01 3c031b01 0f25020a 
0001e160: 00000000 e7065402 000c0192 04000010 
0001e170: 0f068401 00000f06 84010000 0f048419 
0001e180: 0f015456 02000000 00001c82 22000004 
0001e190: 00002a87 32030700 0f055405 0f0154ae 
0001e1a0: 00000000 00001c80 22000004 00002a07 
0001e1b0: 3b030600 07000000 0f055405 0f015488 
0001e1c0: 00000000 00002b01 2f004200 00040000 
0001e1d0: 05f20c30 30258000 00028000 01000028 
0001e1e0: 00000000 22052e1b 05422204 2c220502 
0001e1f0: 27005404 03085000 f0110100 32032e1b 
0001e200: 05021201 2e1b0502 02062c82 15020a02 
0001e210: 2c220502 27005402 03007a00 f0100100 
0001e220: 03002f22 1a0a0000 00009f01 54000308 
0001e230: 00281705 1b011c03 e7065402 000c0192 
0001e240: 04000010 0f068401 00000f04 84190f01 
0001e250: 54820100 00000000 1c842200 00040000 
0001e260: 2a073203 07000f05 54050f01 54ae0000 
0001e270: 00000000 1c822200 00040000 2a073b03 
0001e280: 06000700 00000f05 54050f01 54880000 
0001e290: 00000000 2b012f00 42000004 000005f2 
0001e2a0: 0c303025 80000002 80000100 00280000 
0001e2b0: 00001203 2e1b0542 12022c22 05022700 
0001e2c0: 54060304 5000f011 01002205 2e1b0502 
0001e2d0: 12012e1b 05020204 2c821502 0a022c22 
0001e2e0: 05022700 54020300 7a00f010 01002300 
0001e2f0: 2f221a0a 00000000 9f015400 030c1028 
0001e300: 17051b01 1c03e706 5402000c 01920400 
0001e310: 00100f06 84010000 0f048419 0f0154ae 
0001e320: 00000000 00001c84 22000004 00002a07 
0001e330: 3b030600 07000000 0f055405 0f015488 
0001e340: 00000000 00002b01 2f004200 00040000 
0001e350: 05f20cb0 30258000 00028000 01000028 
0001e360: 00000000 22052e1b 05422204 2c220502 
0001e370: 27005404 03085000 f0110100 02012e1b 
0001e380: 05021203 2e1b0502 02002c82 15020a02 
0001e390: 2c220502 27005402 03007a00 f0100100 
0001e3a0: 03002f22 1a0a0000 00009f01 54000308 
0001e3b0: 00281705 1b011c03 e7065402 000c0192 
0001e3c0: 04000010 0f060401 00000f06 04010000 
0001e3d0: 0f060401 00000f06 04010000 0f060401 
0001e3e0: 00000f04 04190f01 54f00700 00000000 
0001e3f0: 1c922200 00040000 2a873203 07000f05 
0001e400: 54050f01 542e0400 00000000 1c8c2200 
0001e410: 00040000 2a873203 07000f05 54050f01 
0001e420: 94880100 00000000 1c8a2200 00040000 
0001e430: 2a873203 07000f05 54050f01 54a80000 
0001e440: 00000000 1c862200 00040000 2a073b03 
0001e450: 06000700 00000f05 54050f01 54820000 
0001e460: 00000000 2b012f00 42000004 000005f2 
0001e470: 0c303025 80000002 80000100 00280000 
0001e480: 00002205 2e1b0542 32042c22 05022201 
0001e490: 2e1b0502 27005400 030c2800 d0110100 
0001e4a0: 32042c22 05022203 2e1b0502 27005402 
0001e4b0: 030c5000 f0110100 22042c22 05020b01 
0001e4c0: 3c040b01 3c031b01 0f25020a 00000000 
0001e4d0: e7065402 000c0192 04000010 0f068401 
0001e4e0: 00000f04 84190f01 54ba0000 00000000 
0001e4f0: 1c8a2200 00040000 2a073b03 06000700 
0001e500: 00000f05 54050f01 54940000 00000000 
0001e510: 2b012f00 42000004 000005f2 0c383025 
0001e520: 80000002 80000100 00280000 00002205 
0001e530: 2e1b0542 22042c22 05021203 2e1b0502 
0001e540: 27005404 03085000 f0110100 12022c22 
0001e550: 05025207 2e1b0502 27005406 03042800 
0001e560: d0110100 12012e1b 0502020a 2c821502 
0001e570: 52022c22 05022700 54020300 7800f011 
0001e580: 01000b07 3c0a0b01 3c051b01 1c03e706 
0001e590: 5402000c 01920400 00100f06 84010000 
0001e5a0: 0f068401 00000f04 84190f01 54800200 
0001e5b0: 00000000 1c8e2200 00040000 2a873203 
0001e5c0: 07000f05 54050f01 54ba0000 00000000 
0001e5d0: 1c8c2200 00040000 2a073b03 06000700 
0001e5e0: 00000f05 54050f01 54940000 00000000 
0001e5f0: 2b012f00 42000004 000005f2 0c383025 
0001e600: 80000002 80000100 00280000 00000201 
0001e610: 2e1b0542 52002c22 05020203 2e1b0502 
0001e620: 2700540a 03145000 f0110100 02002c22 
0001e630: 05021207 2e1b0502 27005400 03002800 
0001e640: d0110100 22052e1b 05021202 2c821502 
0001e650: 22042c22 05022700 54020304 7800f011 
0001e660: 01000b01 3c040b01 3c0b1b01 1c03e706 
0001e670: 5402000c 01920400 00100f06 84010000 
0001e680: 0f048419 0f0154a0 01000000 00001c90 
0001e690: 22000004 00002a87 32030700 0f055405 
0001e6a0: 0f0154ba 00000000 00001c8e 22000004 
0001e6b0: 00002a07 3b030600 07000000 0f055405 
0001e6c0: 0f015494 00000000 00002b01 2f004200 
0001e6d0: 00040000 05f20c38 30258000 00028000 
0001e6e0: 01000028 00000000 22052e1b 05422204 
0001e6f0: 2c220502 32072e1b 05022700 54040308 
0001e700: 5000f011 01003206 2c220502 52032e1b 
0001e710: 05022700 5406030c 2800d011 01001201 
0001e720: 2e1b0502 020a2c82 15025202 2c220502 
0001e730: 27005402 03007800 f0110100 0b073c0a 
0001e740: 0b013c05 1b011c03 e7065402 000c0192 
0001e750: 04000010 0f068401 00000f04 84190f01 
0001e760: 54c00000 00000000 1c902200 00040000 
0001e770: 2a073b03 06000700 00000f05 54050f01 
0001e780: 549a0000 00000000 2b012f00 42000004 
0001e790: 000005f2 0cb83025 80000002 80000100 
0001e7a0: 00280000 00001203 2e1b0542 52022c22 
0001e7b0: 05021207 2e1b0502 2700540a 03145000 
0001e7c0: f0110100 12022c22 05023205 2e1b0502 
0001e7d0: 27005404 03042800 d0110100 12012e1b 
0001e7e0: 05020206 2c821502 0a022c22 05022700 
0001e7f0: 54020300 7a00f010 01000b05 3f001208 
0001e800: 00000000 0b013c0b 1b011c03 e7065402 
0001e810: 000c0192 04000010 0f060401 00000f06 
0001e820: 04010000 0f060401 00000f06 04010000 
0001e830: 0f040419 0f01549c 03000000 00001c98 
0001e840: 22000004 00002a07 32030700 0f055405 
0001e850: 0f01949a 01000000 00001c94 22000004 
0001e860: 00002a87 32030700 0f055405 0f0154ba 
0001e870: 00000000 00001c92 22000004 00002a07 
0001e880: 3b030600 07000000 0f055405 0f015494 
0001e890: 00000000 00002b01 2f004200 00040000 
0001e8a0: 05f20c38 30258000 00028000 01000028 
0001e8b0: 00000000 22052e1b 05422204 2c220502 
0001e8c0: 32072e1b 05022700 54040308 5000f011 
0001e8d0: 01003206 2c220502 52012e1b 05022700 
0001e8e0: 5400030c 2800d011 01003203 2e1b0502 
0001e8f0: 120a2c82 15025206 2c220502 27005402 
0001e900: 03047800 f0110100 0b013c0a 0b013c05 
0001e910: 1b011c03 e7065402 000c0192 04000010 
0001e920: 0f068401 00000f04 84190f01 54ba0000 
0001e930: 00000000 1c942200 00040000 2a073b03 
0001e940: 06000700 00000f05 54050f01 54940000 
0001e950: 00000000 2b012f00 42000004 000005f2 
0001e960: 0cb83025 80000002 80000100 00280000 
0001e970: 00000201 2e1b0542 52002c22 05020205 
0001e980: 2e1b0502 27005404 03145000 f0110100 
0001e990: 02002c22 05025207 2e1b0502 27005400 
0001e9a0: 03002800 d0110100 32032e1b 0502120a 
0001e9b0: 2c821502 52062c22 05022700 54020304 
0001e9c0: 7800f011 01000b01 3c0a0b01 3c051b01 
0001e9d0: 1c03e706 5402000c 01920400 00100f06 
0001e9e0: 04010000 0f060401 00000f04 04190f01 
0001e9f0: 54dc0100 00000000 1c9a2200 00040000 
0001ea00: 2a073303 03000700 00000000 20000f05 
0001ea10: 54050f01 54780000 00000000 1c982200 
0001ea20: 00040000 2a073b03 06000700 00000f05 
0001ea30: 54050f01 54520000 00000000 120d2e1b 
0001ea40: 05021705 54020004 0000f0c4 04000b01 
0001ea50: 2f004200 00040000 05f00c20 1025a000 
0001ea60: 00028000 01000028 00000000 02012e1b 
0001ea70: 0542e200 8c220502 e706545c 000c0112 
0001ea80: 04000010 0f068401 00000f04 84190f01 
0001ea90: 54360100 00000000 1c9c2200 00040000 
0001eaa0: 2a873203 07000f05 54050f01 548e0000 
0001eab0: 00000000 1c9a2200 00040000 2a073b03 
0001eac0: 06000700 00000f05 54050f01 54680000 
0001ead0: 00000000 120d0e1b 05021705 54020004 
0001eae0: 0000f0c4 04000b01 2f004200 00040000 
0001eaf0: 05f00c20 1025a000 00028000 01000028 
0001eb00: 00000000 02012e1b 05420200 2c220502 
0001eb10: 27005400 03005000 f0110100 1b010f25 
0001eb20: 020a0000 0000e706 5402000c 01920400 
0001eb30: 00100f06 84010000 0f048419 0f015482 
0001eb40: 00000000 00001c9c 22000004 00002a07 
0001eb50: 3b030600 07000000 0f055405 0f01545c 
0001eb60: 00000000 0000120d 2e1b0502 17055402 
0001eb70: 00040000 f0c40400 0b012f00 42000004 
0001eb80: 000005f0 0ca01025 a0000002 80000100 
0001eb90: 00280000 00000201 2e1b0542 02002c22 
0001eba0: 05023300 0f22121a 00000000 e7065486 
0001ebb0: 000c0112 04000010 0f060401 00000f06 
0001ebc0: 04010000 0f060401 00000f06 04010000 
0001ebd0: 0f060401 00000f06 04010000 0f040419 
0001ebe0: 0f0154e2 11000000 00001cb6 22000004 
0001ebf0: 00002a87 32030700 0f055405 0f015496 
0001ec00: 07000000 00001caa 22000004 00002a87 
0001ec10: 32030700 0f055405 0f015486 03000000 
0001ec20: 00001ca2 22000004 00002a87 32030700 
0001ec30: 0f055405 0f01543e 01000000 00001ca0 
0001ec40: 22000004 00002a87 33030300 07000000 
0001ec50: 00002000 0f055405 0f015482 00000000 
0001ec60: 00001c9e 22000004 00002a07 3b030600 
0001ec70: 07000000 0f055405 0f01545c 00000000 
0001ec80: 0000120d 2e1b0502 17055402 00040000 
0001ec90: f0c40400 0b012f00 42000004 000005f0 
0001eca0: 0c201025 a0000002 80000100 00280000 
0001ecb0: 00000201 2e1b0542 02002c22 05023300 
0001ecc0: 0f22121a 00000000 e7065486 000c0112 
0001ecd0: 04000010 0f068401 00000f04 84190f01 
0001ece0: 548e0000 00000000 1ca02200 00040000 
0001ecf0: 2a073b03 06000700 00000f05 54050f01 
0001ed00: 54680000 00000000 120d0e1b 05021705 
0001ed10: 54020004 0000f0c4 04000b01 2f004200 
0001ed20: 00040000 05f00c20 1025a000 00028000 
0001ed30: 01000028 00000000 02012e1b 05420200 
0001ed40: 2c821502 27005400 03007800 f0110100 
0001ed50: 9f015402 020098a8 1701e706 5402000c 
0001ed60: 01920400 00100f06 84010000 0f068401 
0001ed70: 00000f04 84190f01 54220200 00000000 
0001ed80: 1ca62200 00040000 2a873203 07000f05 
0001ed90: 54050f01 548e0000 00000000 1ca22200 
0001eda0: 00040000 2a073b03 06000700 00000f05 
0001edb0: 54050f01 54680000 00000000 120d0e1b 
0001edc0: 05021705 54020004 0000f0c4 04000b01 
0001edd0: 2f004200 00040000 05f00c20 1025a000 
0001ede0: 00028000 01000028 00000000 02012e1b 
0001edf0: 05420200 2c220502 27005400 03005000 
0001ee00: f0110100 1b010f25 020a0000 0000e706 
0001ee10: 5402000c 01920400 00100f06 84010000 
0001ee20: 0f048419 0f01546e 01000000 00001ca8 
0001ee30: 22000004 00002a87 32030700 0f055405 
0001ee40: 0f01549e 00000000 00001ca6 22000004 
0001ee50: 00002a07 3b030600 07000000 0f055405 
0001ee60: 0f015478 00000000 0000120d 2e1b0502 
0001ee70: 17055402 00040000 f0c40400 0b012f00 
0001ee80: 42000004 000005f0 0c283025 a0000002 
0001ee90: 80000100 00280000 00001203 2e1b0542 
0001eea0: 12022c22 05022700 54020304 2800d011 
0001eeb0: 01000201 2e1b0502 02002c22 05020b03 
0001eec0: 3c009f01 54020200 90a81701 e7065402 
0001eed0: 000c0192 04000010 0f068401 00000f04 
0001eee0: 84190f01 54aa0000 00000000 1ca82200 
0001eef0: 00040000 2a073b03 06000700 00000f05 
0001ef00: 54050f01 54840000 00000000 120d2e1b 
0001ef10: 05021705 54020004 0000f0c4 04000b01 
0001ef20: 2f004200 00040000 05f00ca8 3025a000 
0001ef30: 00028000 01000028 00000000 12032e1b 
0001ef40: 05422202 2c220502 12012e1b 05022700 
0001ef50: 54000308 2800d011 01001202 2c220502 
0001ef60: 27005402 03045000 f0110100 0b013c03 
0001ef70: 1b010f25 020a0000 0000e706 5402000c 
0001ef80: 01920400 00100f06 04010000 0f060401 
0001ef90: 00000f06 04010000 0f060401 00000f04 
0001efa0: 04190f01 54ea0300 00000000 1cae2200 
0001efb0: 00040000 2a873203 07000f05 54050f01 
0001efc0: 54760100 00000000 1cac2200 00040000 
0001efd0: 2a873303 03000700 00000000 20000f05 
0001efe0: 54050f01 54a40000 00000000 1caa2200 
0001eff0: 00040000 2a073b03 06000700 00000f05 
0001f000: 54050f01 547e0000 00000000 120d2e1b 
0001f010: 05021705 54020004 0000f0c4 04000b01 
0001f020: 2f004200 00040000 05f00c28 3025a000 
0001f030: 00028000 01000028 00000000 12030e1b 
0001f040: 05422202 2c821502 12010e1b 05022700 
0001f050: 54000308 7800f011 01001202 2c220502 
0001f060: 13022f22 120a0000 00009f01 54020200 
0001f070: 08281705 e7065402 000c0192 04000010 
0001f080: 0f068401 00000f04 84190f01 54a40000 
0001f090: 00000000 1cac2200 00040000 2a073b03 
0001f0a0: 06000700 00000f05 54050f01 547e0000 
0001f0b0: 00000000 120d2e1b 05021705 54020004 
0001f0c0: 0000f0c4 04000b01 2f004200 00040000 
0001f0d0: 05f00c28 3025a000 00028000 01000028 
0001f0e0: 00000000 12030e1b 05422202 2c220502 
0001f0f0: 12010e1b 05022700 54000308 5000f011 
0001f100: 01001202 2c220502 13022f22 120a0000 
0001f110: 00009f01 54020200 08281705 e7065402 
0001f120: 000c0192 04000010 0f068401 00000f06 
0001f130: 84010000 0f048419 0f01544e 02000000 
0001f140: 00001cb0 22000004 00002a87 32030700 
0001f150: 0f055405 0f0154a4 00000000 00001cae 
0001f160: 22000004 00002a07 3b030600 07000000 
0001f170: 0f055405 0f01547e 00000000 0000120d 
0001f180: 2e1b0502 17055402 00040000 f0c40400 
0001f190: 0b012f00 42000004 000005f0 0c283025 
0001f1a0: a0000002 80000100 00280000 00000201 
0001f1b0: 2e1b0542 02002c82 15021203 0e1b0502 
0001f1c0: 27005400 03007800 f0110100 12022c22 
0001f1d0: 05021302 2f22120a 00000000 9f015402 
0001f1e0: 02000828 1705e706 5402000c 01920400 
0001f1f0: 00100f06 84010000 0f048419 0f015484 
0001f200: 01000000 00001cb4 22000004 00002a87 
0001f210: 32030700 0f055405 0f0154a4 00000000 
0001f220: 00001cb0 22000004 00002a07 3b030600 
0001f230: 07000000 0f055405 0f01547e 00000000 
0001f240: 0000120d 2e1b0502 17055402 00040000 
0001f250: f0c40400 0b012f00 42000004 000005f0 
0001f260: 0c283025 a0000002 80000100 00280000 
0001f270: 00000201 2e1b0542 02002c22 05022700 
0001f280: 54000300 5000f011 01001203 0e1b0502 
0001f290: 12022c22 05029f01 54000300 08281705 
0001f2a0: 1b010f25 020a0000 0000e706 5402000c 
0001f2b0: 01920400 00100f06 84010000 0f048419 
0001f2c0: 0f0154ba 00000000 00001cb4 22000004 
0001f2d0: 00002a07 3b030600 07000000 0f055405 
0001f2e0: 0f015494 00000000 0000120d 2e1b0502 
0001f2f0: 17055402 00040000 f0c40400 0b012f00 
0001f300: 42000004 000005f0 0cb03025 a0000002 
0001f310: 80000100 00280000 00001203 2e1b0542 
0001f320: 32022c22 05021205 2e1b0502 27005404 
0001f330: 030c2800 d0110100 12022c22 05020201 
0001f340: 2e1b0502 27005402 03045000 f0110100 
0001f350: 02002c22 05020b05 3c000b01 3c031b01 
0001f360: 0f25020a 00000000 e7065402 000c0192 
0001f370: 04000010 0f060401 00000f06 04010000 
0001f380: 0f060401 00000f06 04010000 0f060401 
0001f390: 00000f04 04190f01 54260a00 00000000 
0001f3a0: 1cc22200 00040000 2a873203 07000f05 
0001f3b0: 54050f01 54540400 00000000 1cba2200 
0001f3c0: 00040000 2a873203 07000f05 54050f01 
0001f3d0: 54a80100 00000000 1cb82200 00040000 
0001f3e0: 2a873303 03000700 00000000 20000f05 
0001f3f0: 54050f01 54ba0000 00000000 1cb62200 
0001f400: 00040000 2a073b03 06000700 00000f05 
0001f410: 54050f01 54940000 00000000 120d2e1b 
0001f420: 05021705 54020004 0000f0c4 04000b01 
0001f430: 2f004200 00040000 05f00c30 3025a000 
0001f440: 00028000 01000028 00000000 12032e1b 
0001f450: 05423202 2c220502 12012e1b 05022700 
0001f460: 5400030c 2800d011 01001202 2c220502 
0001f470: 22052e1b 05022700 54020304 5000f011 
0001f480: 01002204 2c220502 0b013c04 0b013c03 
0001f490: 1b010f25 020a0000 0000e706 5402000c 
0001f4a0: 01920400 00100f06 84010000 0f048419 
0001f4b0: 0f0154c0 00000000 00001cb8 22000004 
0001f4c0: 00002a07 3b030600 07000000 0f055405 
0001f4d0: 0f01549a 00000000 0000120d 2e1b0502 
0001f4e0: 17055402 00040000 f0c40400 0b012f00 
0001f4f0: 42000004 000005f0 0c303025 a0000002 
0001f500: 80000100 00280000 00002205 2e1b0542 
0001f510: 22042c22 05022700 54040308 5000f011 
0001f520: 01003203 2e1b0502 12012e1b 05020206 
0001f530: 2c821502 0a022c22 05022700 54020300 
0001f540: 7a00f010 01000300 2f221a0a 00000000 
0001f550: 9f015400 03080028 17051b01 1c03e706 
0001f560: 5402000c 01920400 00100f06 84010000 
0001f570: 0f068401 00000f04 84190f01 54860200 
0001f580: 00000000 1cbc2200 00040000 2a073203 
0001f590: 07000f05 54050f01 54c00000 00000000 
0001f5a0: 1cba2200 00040000 2a073b03 06000700 
0001f5b0: 00000f05 54050f01 549a0000 00000000 
0001f5c0: 120d2e1b 05021705 54020004 0000f0c4 
0001f5d0: 04000b01 2f004200 00040000 05f00c30 
0001f5e0: 3025a000 00028000 01000028 00000000 
0001f5f0: 12032e1b 05421202 2c220502 27005406 
0001f600: 03045000 f0110100 22052e1b 05021201 
0001f610: 2e1b0502 02042c82 15020a02 2c220502 
0001f620: 27005402 03007a00 f0100100 23002f22 
0001f630: 1a0a0000 00009f01 5400030c 10281705 
0001f640: 1b011c03 e7065402 000c0192 04000010 
0001f650: 0f068401 00000f04 84190f01 54a00100 
0001f660: 00000000 1cbe2200 00040000 2a873203 
0001f670: 07000f05 54050f01 54c00000 00000000 
0001f680: 1cbc2200 00040000 2a073b03 06000700 
0001f690: 00000f05 54050f01 549a0000 00000000 
0001f6a0: 120d2e1b 05021705 54020004 0000f0c4 
0001f6b0: 04000b01 2f004200 00040000 05f00c30 
0001f6c0: 3025a000 00028000 01000028 00000000 
0001f6d0: 22052e1b 05422204 2c220502 27005404 
0001f6e0: 03085000 f0110100 02012e1b 05021203 
0001f6f0: 2e1b0502 02002c82 15020a02 2c220502 
0001f700: 27005402 03007a00 f0100100 03002f22 
0001f710: 1a0a0000 00009f01 54000308 00281705 
0001f720: 1b011c03 e7065402 000c0192 04000010 
0001f730: 0f068401 00000f04 84190f01 54ba0000 
0001f740: 00000000 1cbe2200 00040000 2a073b03 
0001f750: 06000700 00000f05 54050f01 54940000 
0001f760: 00000000 120d2e1b 05021705 54020004 
0001f770: 0000f0c4 04000b01 2f004200 00040000 
0001f780: 05f00cb0 3025a000 00028000 01000028 
0001f790: 00000000 22052e1b 05423204 2c220502 
0001f7a0: 22012e1b 05022700 5400030c 2800d011 
0001f7b0: 01003204 2c220502 22032e1b 05022700 
0001f7c0: 5402030c 5000f011 01002204 2c220502 
0001f7d0: 0b013c04 0b013c03 1b010f25 020a0000 
0001f7e0: 0000e706 5402000c 01920400 00100f06 
0001f7f0: 04010000 0f060401 00000f06 04010000 
0001f800: 0f060401 00000f04 04190f01 54ac0500 
0001f810: 00000000 1cc82200 00040000 2a873203 
0001f820: 07000f05 54050f01 54c00200 00000000 
0001f830: 1cc42200 00040000 2a873303 03000700 
0001f840: 00000000 20000f05 54050f01 54cc0000 
0001f850: 00000000 1cc22200 00040000 2a073b03 
0001f860: 06000700 00000f05 54050f01 54a60000 
0001f870: 00000000 120d2e1b 05021705 54020004 
0001f880: 0000f0c4 04000b01 2f004200 00040000 
0001f890: 05f00cb8 3025a000 00028000 01000028 
0001f8a0: 00000000 22052e1b 05422204 2c220502 
0001f8b0: 12032e1b 05022700 54040308 5000f011 
0001f8c0: 01001202 2c220502 52072e1b 05022700 
0001f8d0: 54060304 2800d011 01001201 2e1b0502 
0001f8e0: 020a2c82 15025202 2c220502 27005402 
0001f8f0: 03007800 f0110100 0b073c0a 0b013c05 
0001f900: 1b011c03 e7065402 000c0192 04000010 
0001f910: 0f060401 00000f04 04190f01 54c60100 
0001f920: 00000000 1cc62200 00040000 2a873303 
0001f930: 03000700 00000000 20000f05 54050f01 
0001f940: 54cc0000 00000000 1cc42200 00040000 
0001f950: 2a073b03 06000700 00000f05 54050f01 
0001f960: 54a60000 00000000 120d2e1b 05021705 
0001f970: 54020004 0000f0c4 04000b01 2f004200 
0001f980: 00040000 05f00c38 3025a000 00028000 
0001f990: 01000028 00000000 02012e1b 05425200 
0001f9a0: 2c220502 02032e1b 05022700 540a0314 
0001f9b0: 5000f011 01000200 2c220502 12072e1b 
0001f9c0: 05022700 54000300 2800d011 01002205 
0001f9d0: 2e1b0502 12022c82 15022204 2c220502 
0001f9e0: 27005402 03047800 f0110100 0b013c04 
0001f9f0: 0b013c0b 1b011c03 e7065402 000c0192 
0001fa00: 04000010 0f068401 00000f04 84190f01 
0001fa10: 54cc0000 00000000 1cc62200 00040000 
0001fa20: 2a073b03 06000700 00000f05 54050f01 
0001fa30: 54a60000 00000000 120d2e1b 05021705 
0001fa40: 54020004 0000f0c4 04000b01 2f004200 
0001fa50: 00040000 05f00cb8 3025a000 00028000 
0001fa60: 01000028 00000000 22052e1b 05422204 
0001fa70: 2c220502 32072e1b 05022700 54040308 
0001fa80: 5000f011 01003206 2c220502 52032e1b 
0001fa90: 05022700 5406030c 2800d011 01001201 
0001faa0: 2e1b0502 020a2c82 15025202 2c220502 
0001fab0: 27005402 03007800 f0110100 0b073c0a 
0001fac0: 0b013c05 1b011c03 e7065402 000c0192 
0001fad0: 04000010 0f060401 00000f06 04010000 
0001fae0: 0f060401 00000f04 04190f01 54c60200 
0001faf0: 00000000 1cca2200 00040000 2a873303 
0001fb00: 03000700 00000000 20000f05 54050f01 
0001fb10: 54d20000 00000000 1cc82200 00040000 
0001fb20: 2a073b03 06000700 00000f05 54050f01 
0001fb30: 54ac0000 00000000 120d2e1b 05021705 
0001fb40: 54020004 0000f0c4 04000b01 2f004200 
0001fb50: 00040000 05f00cb8 3025a000 00028000 
0001fb60: 01000028 00000000 12032e1b 05425202 
0001fb70: 2c220502 12072e1b 05022700 540a0314 
0001fb80: 5000f011 01001202 2c220502 32052e1b 
0001fb90: 05022700 54040304 2800d011 01001201 
0001fba0: 2e1b0502 02062c82 15020a02 2c220502 
0001fbb0: 27005402 03007a00 f0100100 0b053f00 
0001fbc0: 12080000 00000b01 3c0b1b01 1c03e706 
0001fbd0: 5402000c 01920400 00100f06 04010000 
0001fbe0: 0f040419 0f0154c6 01000000 00001ccc 
0001fbf0: 22000004 00002a07 33030300 07000000 
0001fc00: 00002000 0f055405 0f0154cc 00000000 
0001fc10: 00001cca 22000004 00002a07 3b030600 
0001fc20: 07000000 0f055405 0f0154a6 00000000 
0001fc30: 0000120d 2e1b0502 17055402 00040000 
0001fc40: f0c40400 0b012f00 42000004 000005f0 
0001fc50: 0c383025 a0000002 80000100 00280000 
0001fc60: 00002205 2e1b0542 22042c22 05023207 
0001fc70: 2e1b0502 27005404 03085000 f0110100 
0001fc80: 32062c22 05025201 2e1b0502 27005400 
0001fc90: 030c2800 d0110100 32032e1b 0502120a 
0001fca0: 2c821502 52062c22 05022700 54020304 
0001fcb0: 7800f011 01000b01 3c0a0b01 3c051b01 
0001fcc0: 1c03e706 5402000c 01920400 00100f06 
0001fcd0: 84010000 0f048419 0f0154cc 00000000 
0001fce0: 00001ccc 22000004 00002a07 3b030600 
0001fcf0: 07000000 0f055405 0f0154a6 00000000 
0001fd00: 0000120d 2e1b0502 17055402 00040000 
0001fd10: f0c40400 0b012f00 42000004 000005f0 
0001fd20: 0cb83025 a0000002 80000100 00280000 
0001fd30: 00000201 2e1b0542 52002c22 05020205 
0001fd40: 2e1b0502 27005404 03145000 f0110100 
0001fd50: 02002c22 05025207 0e1b0502 27005400 
0001fd60: 03002800 d0110100 32032e1b 0502120a 
0001fd70: 2c821502 52062c22 05022700 54020304 
0001fd80: 7800f011 01000b01 3c0a0b01 3c051b01 
0001fd90: 1c03e706 5402000c 01920400 00100f06 
0001fda0: 04010000 0f060401 00000f06 04010000 
0001fdb0: 0f060401 00000f06 04010000 0f060401 
0001fdc0: 00000f06 04010000 0f040419 0f015482 
0001fdd0: 17000000 00001c80 22000204 00002a07 
0001fde0: 32030700 0f055405 0f0154ae 0a000000 
0001fdf0: 00001ce6 22000004 00002a87 32030700 
0001fe00: 0f055405 0f015402 05000000 00001cda 
0001fe10: 22000004 00002a87 32030700 0f055405 
0001fe20: 0f01546e 02000000 00001cd4 22000004 
0001fe30: 00002a87 32030700 0f059405 0f0154e2 
0001fe40: 00000000 00001cd2 22000004 00002a87 
0001fe50: 32030700 0f055405 0f01545e 00000000 
0001fe60: 00001cd0 22000004 00002a07 3b030600 
0001fe70: 07000000 0f055405 2b012f00 42000004 
0001fe80: 000005f2 0c201025 80000002 80000100 
0001fe90: 00280000 0000a726 54020200 000000a3 
0001fea0: 6a880010 e7065402 000c01a2 04000010 
0001feb0: 0f068401 00000f04 84190f01 545e0000 
0001fec0: 00000000 1cd22200 00040000 2a073b03 
0001fed0: 06000700 00000f05 54052b01 2f004200 
0001fee0: 00040000 05f20c20 10258000 00028000 
0001fef0: 01000028 00000000 a7265402 02000000 
0001ff00: 00a32a09 2010e706 5402000c 01a20400 
0001ff10: 00100f06 84010000 0f068401 00000f04 
0001ff20: 84190f01 54660100 00000000 1cd62200 
0001ff30: 00040000 2a873203 07000f05 54050f01 
0001ff40: 545e0000 00000000 1cd42200 00040000 
0001ff50: 2a073b03 06000700 00000f05 54052b01 
0001ff60: 2f004200 00040000 05f20c20 10258000 
0001ff70: 00028000 01000028 00000000 a7265402 
0001ff80: 0200c000 00a06a88 0010e706 5402000c 
0001ff90: 01a20400 00100f06 84010000 0f048419 
0001ffa0: 0f0154e2 00000000 00001cd8 22000004 
0001ffb0: 00002a87 32030700 0f055405 0f01545e 
0001ffc0: 00000000 00001cd6 22000004 00002a07 
0001ffd0: 3b030600 07000000 0f055405 2b012f00 
0001ffe0: 42000004 000005f2 0c201025 80000002 
0001fff0: 80000100 00280000 0000a726 54020200 
