# BODUMP reason=sigusr1 handle=0 gpu_va=0x10000080000 cpu=0x104f7c000 size=0x24000 read=0x24000
00000000: 000000a0 010000a0 004000a0 014000a0 
00000010: 020000a0 030000a0 024000a0 034000a0 
00000020: 008000a0 018000a0 00c000a0 01c000a0 
00000030: 028000a0 038000a0 02c000a0 03c000a0 
00000040: 040000a0 050000a0 044000a0 054000a0 
00000050: 060000a0 070000a0 064000a0 074000a0 
00000060: 048000a0 058000a0 04c000a0 05c000a0 
00000070: 068000a0 078000a0 06c000a0 07c000a0 
00000080: 000001a0 010001a0 004001a0 014001a0 
00000090: 020001a0 030001a0 024001a0 034001a0 
000000a0: 008001a0 018001a0 00c001a0 01c001a0 
000000b0: 028001a0 038001a0 02c001a0 03c001a0 
000000c0: 040001a0 050001a0 044001a0 054001a0 
000000d0: 060001a0 070001a0 064001a0 074001a0 
000000e0: 048001a0 058001a0 04c001a0 05c001a0 
000000f0: 068001a0 078001a0 06c001a0 07c001a0 
00000100: 080000a0 090000a0 084000a0 094000a0 
00000110: 0a0000a0 0b0000a0 0a4000a0 0b4000a0 
00000120: 088000a0 098000a0 08c000a0 09c000a0 
00000130: 0a8000a0 0b8000a0 0ac000a0 0bc000a0 
00000140: 0c0000a0 0d0000a0 0c4000a0 0d4000a0 
00000150: 0e0000a0 0f0000a0 0e4000a0 0f4000a0 
00000160: 0c8000a0 0d8000a0 0cc000a0 0dc000a0 
00000170: 0e8000a0 0f8000a0 0ec000a0 0fc000a0 
00000180: 080001a0 090001a0 084001a0 094001a0 
00000190: 0a0001a0 0b0001a0 0a4001a0 0b4001a0 
000001a0: 088001a0 098001a0 08c001a0 09c001a0 
000001b0: 0a8001a0 0b8001a0 0ac001a0 0bc001a0 
000001c0: 0c0001a0 0d0001a0 0c4001a0 0d4001a0 
000001d0: 0e0001a0 0f0001a0 0e4001a0 0f4001a0 
000001e0: 0c8001a0 0d8001a0 0cc001a0 0dc001a0 
000001f0: 0e8001a0 0f8001a0 0ec001a0 0fc001a0 
00000200: 000002a0 010002a0 004002a0 014002a0 
00000210: 020002a0 030002a0 024002a0 034002a0 
00000220: 008002a0 018002a0 00c002a0 01c002a0 
00000230: 028002a0 038002a0 02c002a0 03c002a0 
00000240: 040002a0 050002a0 044002a0 054002a0 
00000250: 060002a0 070002a0 064002a0 074002a0 
00000260: 048002a0 058002a0 04c002a0 05c002a0 
00000270: 068002a0 078002a0 06c002a0 07c002a0 
00000280: 000003a0 010003a0 004003a0 014003a0 
00000290: 020003a0 030003a0 024003a0 034003a0 
000002a0: 008003a0 018003a0 00c003a0 01c003a0 
000002b0: 028003a0 038003a0 02c003a0 03c003a0 
000002c0: 040003a0 050003a0 044003a0 054003a0 
000002d0: 060003a0 070003a0 064003a0 074003a0 
000002e0: 048003a0 058003a0 04c003a0 05c003a0 
000002f0: 068003a0 078003a0 06c003a0 07c003a0 
00000300: 080002a0 090002a0 084002a0 094002a0 
00000310: 0a0002a0 0b0002a0 0a4002a0 0b4002a0 
00000320: 088002a0 098002a0 08c002a0 09c002a0 
00000330: 0a8002a0 0b8002a0 0ac002a0 0bc002a0 
00000340: 0c0002a0 0d0002a0 0c4002a0 0d4002a0 
00000350: 0e0002a0 0f0002a0 0e4002a0 0f4002a0 
00000360: 0c8002a0 0d8002a0 0cc002a0 0dc002a0 
00000370: 0e8002a0 0f8002a0 0ec002a0 0fc002a0 
00000380: 080003a0 090003a0 084003a0 094003a0 
00000390: 0a0003a0 0b0003a0 0a4003a0 0b4003a0 
000003a0: 088003a0 098003a0 08c003a0 09c003a0 
000003b0: 0a8003a0 0b8003a0 0ac003a0 0bc003a0 
000003c0: 0c0003a0 0d0003a0 0c4003a0 0d4003a0 
000003d0: 0e0003a0 0f0003a0 0e4003a0 0f4003a0 
000003e0: 0c8003a0 0d8003a0 0cc003a0 0dc003a0 
000003f0: 0e8003a0 0f8003a0 0ec003a0 0fc003a0 
00000400: 100000a0 110000a0 104000a0 114000a0 
00000410: 120000a0 130000a0 124000a0 134000a0 
00000420: 108000a0 118000a0 10c000a0 11c000a0 
00000430: 128000a0 138000a0 12c000a0 13c000a0 
00000440: 140000a0 150000a0 144000a0 154000a0 
00000450: 160000a0 170000a0 164000a0 174000a0 
00000460: 148000a0 158000a0 14c000a0 15c000a0 
00000470: 168000a0 178000a0 16c000a0 17c000a0 
00000480: 100001a0 110001a0 104001a0 114001a0 
00000490: 120001a0 130001a0 124001a0 134001a0 
000004a0: 108001a0 118001a0 10c001a0 11c001a0 
000004b0: 128001a0 138001a0 12c001a0 13c001a0 
000004c0: 140001a0 150001a0 144001a0 154001a0 
000004d0: 160001a0 170001a0 164001a0 174001a0 
000004e0: 148001a0 158001a0 14c001a0 15c001a0 
000004f0: 168001a0 178001a0 16c001a0 17c001a0 
00000500: 180000a0 190000a0 184000a0 194000a0 
00000510: 1a0000a0 1b0000a0 1a4000a0 1b4000a0 
00000520: 188000a0 198000a0 18c000a0 19c000a0 
00000530: 1a8000a0 1b8000a0 1ac000a0 1bc000a0 
00000540: 1c0000a0 1d0000a0 1c4000a0 1d4000a0 
00000550: 1e0000a0 1f0000a0 1e4000a0 1f4000a0 
00000560: 1c8000a0 1d8000a0 1cc000a0 1dc000a0 
00000570: 1e8000a0 1f8000a0 1ec000a0 1fc000a0 
00000580: 180001a0 190001a0 184001a0 194001a0 
00000590: 1a0001a0 1b0001a0 1a4001a0 1b4001a0 
000005a0: 188001a0 198001a0 18c001a0 19c001a0 
000005b0: 1a8001a0 1b8001a0 1ac001a0 1bc001a0 
000005c0: 1c0001a0 1d0001a0 1c4001a0 1d4001a0 
000005d0: 1e0001a0 1f0001a0 1e4001a0 1f4001a0 
000005e0: 1c8001a0 1d8001a0 1cc001a0 1dc001a0 
000005f0: 1e8001a0 1f8001a0 1ec001a0 1fc001a0 
00000600: 100002a0 110002a0 104002a0 114002a0 
00000610: 120002a0 130002a0 124002a0 134002a0 
00000620: 108002a0 118002a0 10c002a0 11c002a0 
00000630: 128002a0 138002a0 12c002a0 13c002a0 
00000640: 140002a0 150002a0 144002a0 154002a0 
00000650: 160002a0 170002a0 164002a0 174002a0 
00000660: 148002a0 158002a0 14c002a0 15c002a0 
00000670: 168002a0 178002a0 16c002a0 17c002a0 
00000680: 100003a0 110003a0 104003a0 114003a0 
00000690: 120003a0 130003a0 124003a0 134003a0 
000006a0: 108003a0 118003a0 10c003a0 11c003a0 
000006b0: 128003a0 138003a0 12c003a0 13c003a0 
000006c0: 140003a0 150003a0 144003a0 154003a0 
000006d0: 160003a0 170003a0 164003a0 174003a0 
000006e0: 148003a0 158003a0 14c003a0 15c003a0 
000006f0: 168003a0 178003a0 16c003a0 17c003a0 
00000700: 180002a0 190002a0 184002a0 194002a0 
00000710: 1a0002a0 1b0002a0 1a4002a0 1b4002a0 
00000720: 188002a0 198002a0 18c002a0 19c002a0 
00000730: 1a8002a0 1b8002a0 1ac002a0 1bc002a0 
00000740: 1c0002a0 1d0002a0 1c4002a0 1d4002a0 
00000750: 1e0002a0 1f0002a0 1e4002a0 1f4002a0 
00000760: 1c8002a0 1d8002a0 1cc002a0 1dc002a0 
00000770: 1e8002a0 1f8002a0 1ec002a0 1fc002a0 
00000780: 180003a0 190003a0 184003a0 194003a0 
00000790: 1a0003a0 1b0003a0 1a4003a0 1b4003a0 
000007a0: 188003a0 198003a0 18c003a0 19c003a0 
000007b0: 1a8003a0 1b8003a0 1ac003a0 1bc003a0 
000007c0: 1c0003a0 1d0003a0 1c4003a0 1d4003a0 
000007d0: 1e0003a0 1f0003a0 1e4003a0 1f4003a0 
000007e0: 1c8003a0 1d8003a0 1cc003a0 1dc003a0 
000007f0: 1e8003a0 1f8003a0 1ec003a0 1fc003a0 
00000800: 000004a0 010004a0 004004a0 014004a0 
00000810: 020004a0 030004a0 024004a0 034004a0 
00000820: 008004a0 018004a0 00c004a0 01c004a0 
00000830: 028004a0 038004a0 02c004a0 03c004a0 
00000840: 040004a0 050004a0 044004a0 054004a0 
00000850: 060004a0 070004a0 064004a0 074004a0 
00000860: 048004a0 058004a0 04c004a0 05c004a0 
00000870: 068004a0 078004a0 06c004a0 07c004a0 
00000880: 000005a0 010005a0 004005a0 014005a0 
00000890: 020005a0 030005a0 024005a0 034005a0 
000008a0: 008005a0 018005a0 00c005a0 01c005a0 
000008b0: 028005a0 038005a0 02c005a0 03c005a0 
000008c0: 040005a0 050005a0 044005a0 054005a0 
000008d0: 060005a0 070005a0 064005a0 074005a0 
000008e0: 048005a0 058005a0 04c005a0 05c005a0 
000008f0: 068005a0 078005a0 06c005a0 07c005a0 
00000900: 080004a0 090004a0 084004a0 094004a0 
00000910: 0a0004a0 0b0004a0 0a4004a0 0b4004a0 
00000920: 088004a0 098004a0 08c004a0 09c004a0 
00000930: 0a8004a0 0b8004a0 0ac004a0 0bc004a0 
00000940: 0c0004a0 0d0004a0 0c4004a0 0d4004a0 
00000950: 0e0004a0 0f0004a0 0e4004a0 0f4004a0 
00000960: 0c8004a0 0d8004a0 0cc004a0 0dc004a0 
00000970: 0e8004a0 0f8004a0 0ec004a0 0fc004a0 
00000980: 080005a0 090005a0 084005a0 094005a0 
00000990: 0a0005a0 0b0005a0 0a4005a0 0b4005a0 
000009a0: 088005a0 098005a0 08c005a0 09c005a0 
000009b0: 0a8005a0 0b8005a0 0ac005a0 0bc005a0 
000009c0: 0c0005a0 0d0005a0 0c4005a0 0d4005a0 
000009d0: 0e0005a0 0f0005a0 0e4005a0 0f4005a0 
000009e0: 0c8005a0 0d8005a0 0cc005a0 0dc005a0 
000009f0: 0e8005a0 0f8005a0 0ec005a0 0fc005a0 
00000a00: 000006a0 010006a0 004006a0 014006a0 
00000a10: 020006a0 030006a0 024006a0 034006a0 
00000a20: 008006a0 018006a0 00c006a0 01c006a0 
00000a30: 028006a0 038006a0 02c006a0 03c006a0 
00000a40: 040006a0 050006a0 044006a0 054006a0 
00000a50: 060006a0 070006a0 064006a0 074006a0 
00000a60: 048006a0 058006a0 04c006a0 05c006a0 
00000a70: 068006a0 078006a0 06c006a0 07c006a0 
00000a80: 000007a0 010007a0 004007a0 014007a0 
00000a90: 020007a0 030007a0 024007a0 034007a0 
00000aa0: 008007a0 018007a0 00c007a0 01c007a0 
00000ab0: 028007a0 038007a0 02c007a0 03c007a0 
00000ac0: 040007a0 050007a0 044007a0 054007a0 
00000ad0: 060007a0 070007a0 064007a0 074007a0 
00000ae0: 048007a0 058007a0 04c007a0 05c007a0 
00000af0: 068007a0 078007a0 06c007a0 07c007a0 
00000b00: 080006a0 090006a0 084006a0 094006a0 
00000b10: 0a0006a0 0b0006a0 0a4006a0 0b4006a0 
00000b20: 088006a0 098006a0 08c006a0 09c006a0 
00000b30: 0a8006a0 0b8006a0 0ac006a0 0bc006a0 
00000b40: 0c0006a0 0d0006a0 0c4006a0 0d4006a0 
00000b50: 0e0006a0 0f0006a0 0e4006a0 0f4006a0 
00000b60: 0c8006a0 0d8006a0 0cc006a0 0dc006a0 
00000b70: 0e8006a0 0f8006a0 0ec006a0 0fc006a0 
00000b80: 080007a0 090007a0 084007a0 094007a0 
00000b90: 0a0007a0 0b0007a0 0a4007a0 0b4007a0 
00000ba0: 088007a0 098007a0 08c007a0 09c007a0 
00000bb0: 0a8007a0 0b8007a0 0ac007a0 0bc007a0 
00000bc0: 0c0007a0 0d0007a0 0c4007a0 0d4007a0 
00000bd0: 0e0007a0 0f0007a0 0e4007a0 0f4007a0 
00000be0: 0c8007a0 0d8007a0 0cc007a0 0dc007a0 
00000bf0: 0e8007a0 0f8007a0 0ec007a0 0fc007a0 
00000c00: 100004a0 110004a0 104004a0 114004a0 
00000c10: 120004a0 130004a0 124004a0 134004a0 
00000c20: 108004a0 118004a0 10c004a0 11c004a0 
00000c30: 128004a0 138004a0 12c004a0 13c004a0 
00000c40: 140004a0 150004a0 144004a0 154004a0 
00000c50: 160004a0 170004a0 164004a0 174004a0 
00000c60: 148004a0 158004a0 14c004a0 15c004a0 
00000c70: 168004a0 178004a0 16c004a0 17c004a0 
00000c80: 100005a0 110005a0 104005a0 114005a0 
00000c90: 120005a0 130005a0 124005a0 134005a0 
00000ca0: 108005a0 118005a0 10c005a0 11c005a0 
00000cb0: 128005a0 138005a0 12c005a0 13c005a0 
00000cc0: 140005a0 150005a0 144005a0 154005a0 
00000cd0: 160005a0 170005a0 164005a0 174005a0 
00000ce0: 148005a0 158005a0 14c005a0 15c005a0 
00000cf0: 168005a0 178005a0 16c005a0 17c005a0 
00000d00: 180004a0 190004a0 184004a0 194004a0 
00000d10: 1a0004a0 1b0004a0 1a4004a0 1b4004a0 
00000d20: 188004a0 198004a0 18c004a0 19c004a0 
00000d30: 1a8004a0 1b8004a0 1ac004a0 1bc004a0 
00000d40: 1c0004a0 1d0004a0 1c4004a0 1d4004a0 
00000d50: 1e0004a0 1f0004a0 1e4004a0 1f4004a0 
00000d60: 1c8004a0 1d8004a0 1cc004a0 1dc004a0 
00000d70: 1e8004a0 1f8004a0 1ec004a0 1fc004a0 
00000d80: 180005a0 190005a0 184005a0 194005a0 
00000d90: 1a0005a0 1b0005a0 1a4005a0 1b4005a0 
00000da0: 188005a0 198005a0 18c005a0 19c005a0 
00000db0: 1a8005a0 1b8005a0 1ac005a0 1bc005a0 
00000dc0: 1c0005a0 1d0005a0 1c4005a0 1d4005a0 
00000dd0: 1e0005a0 1f0005a0 1e4005a0 1f4005a0 
00000de0: 1c8005a0 1d8005a0 1cc005a0 1dc005a0 
00000df0: 1e8005a0 1f8005a0 1ec005a0 1fc005a0 
00000e00: 100006a0 110006a0 104006a0 114006a0 
00000e10: 120006a0 130006a0 124006a0 134006a0 
00000e20: 108006a0 118006a0 10c006a0 11c006a0 
00000e30: 128006a0 138006a0 12c006a0 13c006a0 
00000e40: 140006a0 150006a0 144006a0 154006a0 
00000e50: 160006a0 170006a0 164006a0 174006a0 
00000e60: 148006a0 158006a0 14c006a0 15c006a0 
00000e70: 168006a0 178006a0 16c006a0 17c006a0 
00000e80: 100007a0 110007a0 104007a0 114007a0 
00000e90: 120007a0 130007a0 124007a0 134007a0 
00000ea0: 108007a0 118007a0 10c007a0 11c007a0 
00000eb0: 128007a0 138007a0 12c007a0 13c007a0 
00000ec0: 140007a0 150007a0 144007a0 154007a0 
00000ed0: 160007a0 170007a0 164007a0 174007a0 
00000ee0: 148007a0 158007a0 14c007a0 15c007a0 
00000ef0: 168007a0 178007a0 16c007a0 17c007a0 
00000f00: 180006a0 190006a0 184006a0 194006a0 
00000f10: 1a0006a0 1b0006a0 1a4006a0 1b4006a0 
00000f20: 188006a0 198006a0 18c006a0 19c006a0 
00000f30: 1a8006a0 1b8006a0 1ac006a0 1bc006a0 
00000f40: 1c0006a0 1d0006a0 1c4006a0 1d4006a0 
00000f50: 1e0006a0 1f0006a0 1e4006a0 1f4006a0 
00000f60: 1c8006a0 1d8006a0 1cc006a0 1dc006a0 
00000f70: 1e8006a0 1f8006a0 1ec006a0 1fc006a0 
00000f80: 180007a0 190007a0 184007a0 194007a0 
00000f90: 1a0007a0 1b0007a0 1a4007a0 1b4007a0 
00000fa0: 188007a0 198007a0 18c007a0 19c007a0 
00000fb0: 1a8007a0 1b8007a0 1ac007a0 1bc007a0 
00000fc0: 1c0007a0 1d0007a0 1c4007a0 1d4007a0 
00000fd0: 1e0007a0 1f0007a0 1e4007a0 1f4007a0 
00000fe0: 1c8007a0 1d8007a0 1cc007a0 1dc007a0 
00000ff0: 1e8007a0 1f8007a0 1ec007a0 1fc007a0 
00001000: 200000a0 210000a0 204000a0 214000a0 
00001010: 220000a0 230000a0 224000a0 234000a0 
00001020: 208000a0 218000a0 20c000a0 21c000a0 
00001030: 228000a0 238000a0 22c000a0 23c000a0 
00001040: 240000a0 250000a0 244000a0 254000a0 
00001050: 260000a0 270000a0 264000a0 274000a0 
00001060: 248000a0 258000a0 24c000a0 25c000a0 
00001070: 268000a0 278000a0 26c000a0 27c000a0 
00001080: 200001a0 210001a0 204001a0 214001a0 
00001090: 220001a0 230001a0 224001a0 234001a0 
000010a0: 208001a0 218001a0 20c001a0 21c001a0 
000010b0: 228001a0 238001a0 22c001a0 23c001a0 
000010c0: 240001a0 250001a0 244001a0 254001a0 
000010d0: 260001a0 270001a0 264001a0 274001a0 
000010e0: 248001a0 258001a0 24c001a0 25c001a0 
000010f0: 268001a0 278001a0 26c001a0 27c001a0 
00001100: 280000a0 290000a0 284000a0 294000a0 
00001110: 2a0000a0 2b0000a0 2a4000a0 2b4000a0 
00001120: 288000a0 298000a0 28c000a0 29c000a0 
00001130: 2a8000a0 2b8000a0 2ac000a0 2bc000a0 
00001140: 2c0000a0 2d0000a0 2c4000a0 2d4000a0 
00001150: 2e0000a0 2f0000a0 2e4000a0 2f4000a0 
00001160: 2c8000a0 2d8000a0 2cc000a0 2dc000a0 
00001170: 2e8000a0 2f8000a0 2ec000a0 2fc000a0 
00001180: 280001a0 290001a0 284001a0 294001a0 
00001190: 2a0001a0 2b0001a0 2a4001a0 2b4001a0 
000011a0: 288001a0 298001a0 28c001a0 29c001a0 
000011b0: 2a8001a0 2b8001a0 2ac001a0 2bc001a0 
000011c0: 2c0001a0 2d0001a0 2c4001a0 2d4001a0 
000011d0: 2e0001a0 2f0001a0 2e4001a0 2f4001a0 
000011e0: 2c8001a0 2d8001a0 2cc001a0 2dc001a0 
000011f0: 2e8001a0 2f8001a0 2ec001a0 2fc001a0 
00001200: 200002a0 210002a0 204002a0 214002a0 
00001210: 220002a0 230002a0 224002a0 234002a0 
00001220: 208002a0 218002a0 20c002a0 21c002a0 
00001230: 228002a0 238002a0 22c002a0 23c002a0 
00001240: 240002a0 250002a0 244002a0 254002a0 
00001250: 260002a0 270002a0 264002a0 274002a0 
00001260: 248002a0 258002a0 24c002a0 25c002a0 
00001270: 268002a0 278002a0 26c002a0 27c002a0 
00001280: 200003a0 210003a0 204003a0 214003a0 
00001290: 220003a0 230003a0 224003a0 234003a0 
000012a0: 208003a0 218003a0 20c003a0 21c003a0 
000012b0: 228003a0 238003a0 22c003a0 23c003a0 
000012c0: 240003a0 250003a0 244003a0 254003a0 
000012d0: 260003a0 270003a0 264003a0 274003a0 
000012e0: 248003a0 258003a0 24c003a0 25c003a0 
000012f0: 268003a0 278003a0 26c003a0 27c003a0 
00001300: 280002a0 290002a0 284002a0 294002a0 
00001310: 2a0002a0 2b0002a0 2a4002a0 2b4002a0 
00001320: 288002a0 298002a0 28c002a0 29c002a0 
00001330: 2a8002a0 2b8002a0 2ac002a0 2bc002a0 
00001340: 2c0002a0 2d0002a0 2c4002a0 2d4002a0 
00001350: 2e0002a0 2f0002a0 2e4002a0 2f4002a0 
00001360: 2c8002a0 2d8002a0 2cc002a0 2dc002a0 
00001370: 2e8002a0 2f8002a0 2ec002a0 2fc002a0 
00001380: 280003a0 290003a0 284003a0 294003a0 
00001390: 2a0003a0 2b0003a0 2a4003a0 2b4003a0 
000013a0: 288003a0 298003a0 28c003a0 29c003a0 
000013b0: 2a8003a0 2b8003a0 2ac003a0 2bc003a0 
000013c0: 2c0003a0 2d0003a0 2c4003a0 2d4003a0 
000013d0: 2e0003a0 2f0003a0 2e4003a0 2f4003a0 
000013e0: 2c8003a0 2d8003a0 2cc003a0 2dc003a0 
000013f0: 2e8003a0 2f8003a0 2ec003a0 2fc003a0 
00001400: 300000a0 310000a0 304000a0 314000a0 
00001410: 320000a0 330000a0 324000a0 334000a0 
00001420: 308000a0 318000a0 30c000a0 31c000a0 
00001430: 328000a0 338000a0 32c000a0 33c000a0 
00001440: 340000a0 350000a0 344000a0 354000a0 
00001450: 360000a0 370000a0 364000a0 374000a0 
00001460: 348000a0 358000a0 34c000a0 35c000a0 
00001470: 368000a0 378000a0 36c000a0 37c000a0 
00001480: 300001a0 310001a0 304001a0 314001a0 
00001490: 320001a0 330001a0 324001a0 334001a0 
000014a0: 308001a0 318001a0 30c001a0 31c001a0 
000014b0: 328001a0 338001a0 32c001a0 33c001a0 
000014c0: 340001a0 350001a0 344001a0 354001a0 
000014d0: 360001a0 370001a0 364001a0 374001a0 
000014e0: 348001a0 358001a0 34c001a0 35c001a0 
000014f0: 368001a0 378001a0 36c001a0 37c001a0 
00001500: 380000a0 390000a0 384000a0 394000a0 
00001510: 3a0000a0 3b0000a0 3a4000a0 3b4000a0 
00001520: 388000a0 398000a0 38c000a0 39c000a0 
00001530: 3a8000a0 3b8000a0 3ac000a0 3bc000a0 
00001540: 3c0000a0 3d0000a0 3c4000a0 3d4000a0 
00001550: 3e0000a0 3f0000a0 3e4000a0 3f4000a0 
00001560: 3c8000a0 3d8000a0 3cc000a0 3dc000a0 
00001570: 3e8000a0 3f8000a0 3ec000a0 3fc000a0 
00001580: 380001a0 390001a0 384001a0 394001a0 
00001590: 3a0001a0 3b0001a0 3a4001a0 3b4001a0 
000015a0: 388001a0 398001a0 38c001a0 39c001a0 
000015b0: 3a8001a0 3b8001a0 3ac001a0 3bc001a0 
000015c0: 3c0001a0 3d0001a0 3c4001a0 3d4001a0 
000015d0: 3e0001a0 3f0001a0 3e4001a0 3f4001a0 
000015e0: 3c8001a0 3d8001a0 3cc001a0 3dc001a0 
000015f0: 3e8001a0 3f8001a0 3ec001a0 3fc001a0 
00001600: 300002a0 310002a0 304002a0 314002a0 
00001610: 320002a0 330002a0 324002a0 334002a0 
00001620: 308002a0 318002a0 30c002a0 31c002a0 
00001630: 328002a0 338002a0 32c002a0 33c002a0 
00001640: 340002a0 350002a0 344002a0 354002a0 
00001650: 360002a0 370002a0 364002a0 374002a0 
00001660: 348002a0 358002a0 34c002a0 35c002a0 
00001670: 368002a0 378002a0 36c002a0 37c002a0 
00001680: 300003a0 310003a0 304003a0 314003a0 
00001690: 320003a0 330003a0 324003a0 334003a0 
000016a0: 308003a0 318003a0 30c003a0 31c003a0 
000016b0: 328003a0 338003a0 32c003a0 33c003a0 
000016c0: 340003a0 350003a0 344003a0 354003a0 
000016d0: 360003a0 370003a0 364003a0 374003a0 
000016e0: 348003a0 358003a0 34c003a0 35c003a0 
000016f0: 368003a0 378003a0 36c003a0 37c003a0 
00001700: 380002a0 390002a0 384002a0 394002a0 
00001710: 3a0002a0 3b0002a0 3a4002a0 3b4002a0 
00001720: 388002a0 398002a0 38c002a0 39c002a0 
00001730: 3a8002a0 3b8002a0 3ac002a0 3bc002a0 
00001740: 3c0002a0 3d0002a0 3c4002a0 3d4002a0 
00001750: 3e0002a0 3f0002a0 3e4002a0 3f4002a0 
00001760: 3c8002a0 3d8002a0 3cc002a0 3dc002a0 
00001770: 3e8002a0 3f8002a0 3ec002a0 3fc002a0 
00001780: 380003a0 390003a0 384003a0 394003a0 
00001790: 3a0003a0 3b0003a0 3a4003a0 3b4003a0 
000017a0: 388003a0 398003a0 38c003a0 39c003a0 
000017b0: 3a8003a0 3b8003a0 3ac003a0 3bc003a0 
000017c0: 3c0003a0 3d0003a0 3c4003a0 3d4003a0 
000017d0: 3e0003a0 3f0003a0 3e4003a0 3f4003a0 
000017e0: 3c8003a0 3d8003a0 3cc003a0 3dc003a0 
000017f0: 3e8003a0 3f8003a0 3ec003a0 3fc003a0 
00001800: 200004a0 210004a0 204004a0 214004a0 
00001810: 220004a0 230004a0 224004a0 234004a0 
00001820: 208004a0 218004a0 20c004a0 21c004a0 
00001830: 228004a0 238004a0 22c004a0 23c004a0 
00001840: 240004a0 250004a0 244004a0 254004a0 
00001850: 260004a0 270004a0 264004a0 274004a0 
00001860: 248004a0 258004a0 24c004a0 25c004a0 
00001870: 268004a0 278004a0 26c004a0 27c004a0 
00001880: 200005a0 210005a0 204005a0 214005a0 
00001890: 220005a0 230005a0 224005a0 234005a0 
000018a0: 208005a0 218005a0 20c005a0 21c005a0 
000018b0: 228005a0 238005a0 22c005a0 23c005a0 
000018c0: 240005a0 250005a0 244005a0 254005a0 
000018d0: 260005a0 270005a0 264005a0 274005a0 
000018e0: 248005a0 258005a0 24c005a0 25c005a0 
000018f0: 268005a0 278005a0 26c005a0 27c005a0 
00001900: 280004a0 290004a0 284004a0 294004a0 
00001910: 2a0004a0 2b0004a0 2a4004a0 2b4004a0 
00001920: 288004a0 298004a0 28c004a0 29c004a0 
00001930: 2a8004a0 2b8004a0 2ac004a0 2bc004a0 
00001940: 2c0004a0 2d0004a0 2c4004a0 2d4004a0 
00001950: 2e0004a0 2f0004a0 2e4004a0 2f4004a0 
00001960: 2c8004a0 2d8004a0 2cc004a0 2dc004a0 
00001970: 2e8004a0 2f8004a0 2ec004a0 2fc004a0 
00001980: 280005a0 290005a0 284005a0 294005a0 
00001990: 2a0005a0 2b0005a0 2a4005a0 2b4005a0 
000019a0: 288005a0 298005a0 28c005a0 29c005a0 
000019b0: 2a8005a0 2b8005a0 2ac005a0 2bc005a0 
000019c0: 2c0005a0 2d0005a0 2c4005a0 2d4005a0 
000019d0: 2e0005a0 2f0005a0 2e4005a0 2f4005a0 
000019e0: 2c8005a0 2d8005a0 2cc005a0 2dc005a0 
000019f0: 2e8005a0 2f8005a0 2ec005a0 2fc005a0 
00001a00: 200006a0 210006a0 204006a0 214006a0 
00001a10: 220006a0 230006a0 224006a0 234006a0 
00001a20: 208006a0 218006a0 20c006a0 21c006a0 
00001a30: 228006a0 238006a0 22c006a0 23c006a0 
00001a40: 240006a0 250006a0 244006a0 254006a0 
00001a50: 260006a0 270006a0 264006a0 274006a0 
00001a60: 248006a0 258006a0 24c006a0 25c006a0 
00001a70: 268006a0 278006a0 26c006a0 27c006a0 
00001a80: 200007a0 210007a0 204007a0 214007a0 
00001a90: 220007a0 230007a0 224007a0 234007a0 
00001aa0: 208007a0 218007a0 20c007a0 21c007a0 
00001ab0: 228007a0 238007a0 22c007a0 23c007a0 
00001ac0: 240007a0 250007a0 244007a0 254007a0 
00001ad0: 260007a0 270007a0 264007a0 274007a0 
00001ae0: 248007a0 258007a0 24c007a0 25c007a0 
00001af0: 268007a0 278007a0 26c007a0 27c007a0 
00001b00: 280006a0 290006a0 284006a0 294006a0 
00001b10: 2a0006a0 2b0006a0 2a4006a0 2b4006a0 
00001b20: 288006a0 298006a0 28c006a0 29c006a0 
00001b30: 2a8006a0 2b8006a0 2ac006a0 2bc006a0 
00001b40: 2c0006a0 2d0006a0 2c4006a0 2d4006a0 
00001b50: 2e0006a0 2f0006a0 2e4006a0 2f4006a0 
00001b60: 2c8006a0 2d8006a0 2cc006a0 2dc006a0 
00001b70: 2e8006a0 2f8006a0 2ec006a0 2fc006a0 
00001b80: 280007a0 290007a0 284007a0 294007a0 
00001b90: 2a0007a0 2b0007a0 2a4007a0 2b4007a0 
00001ba0: 288007a0 298007a0 28c007a0 29c007a0 
00001bb0: 2a8007a0 2b8007a0 2ac007a0 2bc007a0 
00001bc0: 2c0007a0 2d0007a0 2c4007a0 2d4007a0 
00001bd0: 2e0007a0 2f0007a0 2e4007a0 2f4007a0 
00001be0: 2c8007a0 2d8007a0 2cc007a0 2dc007a0 
00001bf0: 2e8007a0 2f8007a0 2ec007a0 2fc007a0 
00001c00: 300004a0 310004a0 304004a0 314004a0 
00001c10: 320004a0 330004a0 324004a0 334004a0 
00001c20: 308004a0 318004a0 30c004a0 31c004a0 
00001c30: 328004a0 338004a0 32c004a0 33c004a0 
00001c40: 340004a0 350004a0 344004a0 354004a0 
00001c50: 360004a0 370004a0 364004a0 374004a0 
00001c60: 348004a0 358004a0 34c004a0 35c004a0 
00001c70: 368004a0 378004a0 36c004a0 37c004a0 
00001c80: 300005a0 310005a0 304005a0 314005a0 
00001c90: 320005a0 330005a0 324005a0 334005a0 
00001ca0: 308005a0 318005a0 30c005a0 31c005a0 
00001cb0: 328005a0 338005a0 32c005a0 33c005a0 
00001cc0: 340005a0 350005a0 344005a0 354005a0 
00001cd0: 360005a0 370005a0 364005a0 374005a0 
00001ce0: 348005a0 358005a0 34c005a0 35c005a0 
00001cf0: 368005a0 378005a0 36c005a0 37c005a0 
00001d00: 380004a0 390004a0 384004a0 394004a0 
00001d10: 3a0004a0 3b0004a0 3a4004a0 3b4004a0 
00001d20: 388004a0 398004a0 38c004a0 39c004a0 
00001d30: 3a8004a0 3b8004a0 3ac004a0 3bc004a0 
00001d40: 3c0004a0 3d0004a0 3c4004a0 3d4004a0 
00001d50: 3e0004a0 3f0004a0 3e4004a0 3f4004a0 
00001d60: 3c8004a0 3d8004a0 3cc004a0 3dc004a0 
00001d70: 3e8004a0 3f8004a0 3ec004a0 3fc004a0 
00001d80: 380005a0 390005a0 384005a0 394005a0 
00001d90: 3a0005a0 3b0005a0 3a4005a0 3b4005a0 
00001da0: 388005a0 398005a0 38c005a0 39c005a0 
00001db0: 3a8005a0 3b8005a0 3ac005a0 3bc005a0 
00001dc0: 3c0005a0 3d0005a0 3c4005a0 3d4005a0 
00001dd0: 3e0005a0 3f0005a0 3e4005a0 3f4005a0 
00001de0: 3c8005a0 3d8005a0 3cc005a0 3dc005a0 
00001df0: 3e8005a0 3f8005a0 3ec005a0 3fc005a0 
00001e00: 300006a0 310006a0 304006a0 314006a0 
00001e10: 320006a0 330006a0 324006a0 334006a0 
00001e20: 308006a0 318006a0 30c006a0 31c006a0 
00001e30: 328006a0 338006a0 32c006a0 33c006a0 
00001e40: 340006a0 350006a0 344006a0 354006a0 
00001e50: 360006a0 370006a0 364006a0 374006a0 
00001e60: 348006a0 358006a0 34c006a0 35c006a0 
00001e70: 368006a0 378006a0 36c006a0 37c006a0 
00001e80: 300007a0 310007a0 304007a0 314007a0 
00001e90: 320007a0 330007a0 324007a0 334007a0 
00001ea0: 308007a0 318007a0 30c007a0 31c007a0 
00001eb0: 328007a0 338007a0 32c007a0 33c007a0 
00001ec0: 340007a0 350007a0 344007a0 354007a0 
00001ed0: 360007a0 370007a0 364007a0 374007a0 
00001ee0: 348007a0 358007a0 34c007a0 35c007a0 
00001ef0: 368007a0 378007a0 36c007a0 37c007a0 
00001f00: 380006a0 390006a0 384006a0 394006a0 
00001f10: 3a0006a0 3b0006a0 3a4006a0 3b4006a0 
00001f20: 388006a0 398006a0 38c006a0 39c006a0 
00001f30: 3a8006a0 3b8006a0 3ac006a0 3bc006a0 
00001f40: 3c0006a0 3d0006a0 3c4006a0 3d4006a0 
00001f50: 3e0006a0 3f0006a0 3e4006a0 3f4006a0 
00001f60: 3c8006a0 3d8006a0 3cc006a0 3dc006a0 
00001f70: 3e8006a0 3f8006a0 3ec006a0 3fc006a0 
00001f80: 380007a0 390007a0 384007a0 394007a0 
00001f90: 3a0007a0 3b0007a0 3a4007a0 3b4007a0 
00001fa0: 388007a0 398007a0 38c007a0 39c007a0 
00001fb0: 3a8007a0 3b8007a0 3ac007a0 3bc007a0 
00001fc0: 3c0007a0 3d0007a0 3c4007a0 3d4007a0 
00001fd0: 3e0007a0 3f0007a0 3e4007a0 3f4007a0 
00001fe0: 3c8007a0 3d8007a0 3cc007a0 3dc007a0 
00001ff0: 3e8007a0 3f8007a0 3ec007a0 3fc007a0 
00002000: 000008a0 010008a0 004008a0 014008a0 
00002010: 020008a0 030008a0 024008a0 034008a0 
00002020: 008008a0 018008a0 00c008a0 01c008a0 
00002030: 028008a0 038008a0 02c008a0 03c008a0 
00002040: 040008a0 050008a0 044008a0 054008a0 
00002050: 060008a0 070008a0 064008a0 074008a0 
00002060: 048008a0 058008a0 04c008a0 05c008a0 
00002070: 068008a0 078008a0 06c008a0 07c008a0 
00002080: 000009a0 010009a0 004009a0 014009a0 
00002090: 020009a0 030009a0 024009a0 034009a0 
000020a0: 008009a0 018009a0 00c009a0 01c009a0 
000020b0: 028009a0 038009a0 02c009a0 03c009a0 
000020c0: 040009a0 050009a0 044009a0 054009a0 
000020d0: 060009a0 070009a0 064009a0 074009a0 
000020e0: 048009a0 058009a0 04c009a0 05c009a0 
000020f0: 068009a0 078009a0 06c009a0 07c009a0 
00002100: 080008a0 090008a0 084008a0 094008a0 
00002110: 0a0008a0 0b0008a0 0a4008a0 0b4008a0 
00002120: 088008a0 098008a0 08c008a0 09c008a0 
00002130: 0a8008a0 0b8008a0 0ac008a0 0bc008a0 
00002140: 0c0008a0 0d0008a0 0c4008a0 0d4008a0 
00002150: 0e0008a0 0f0008a0 0e4008a0 0f4008a0 
00002160: 0c8008a0 0d8008a0 0cc008a0 0dc008a0 
00002170: 0e8008a0 0f8008a0 0ec008a0 0fc008a0 
00002180: 080009a0 090009a0 084009a0 094009a0 
00002190: 0a0009a0 0b0009a0 0a4009a0 0b4009a0 
000021a0: 088009a0 098009a0 08c009a0 09c009a0 
000021b0: 0a8009a0 0b8009a0 0ac009a0 0bc009a0 
000021c0: 0c0009a0 0d0009a0 0c4009a0 0d4009a0 
000021d0: 0e0009a0 0f0009a0 0e4009a0 0f4009a0 
000021e0: 0c8009a0 0d8009a0 0cc009a0 0dc009a0 
000021f0: 0e8009a0 0f8009a0 0ec009a0 0fc009a0 
00002200: 00000aa0 01000aa0 00400aa0 01400aa0 
00002210: 02000aa0 03000aa0 02400aa0 03400aa0 
00002220: 00800aa0 01800aa0 00c00aa0 01c00aa0 
00002230: 02800aa0 03800aa0 02c00aa0 03c00aa0 
00002240: 04000aa0 05000aa0 04400aa0 05400aa0 
00002250: 06000aa0 07000aa0 06400aa0 07400aa0 
00002260: 04800aa0 05800aa0 04c00aa0 05c00aa0 
00002270: 06800aa0 07800aa0 06c00aa0 07c00aa0 
00002280: 00000ba0 01000ba0 00400ba0 01400ba0 
00002290: 02000ba0 03000ba0 02400ba0 03400ba0 
000022a0: 00800ba0 01800ba0 00c00ba0 01c00ba0 
000022b0: 02800ba0 03800ba0 02c00ba0 03c00ba0 
000022c0: 04000ba0 05000ba0 04400ba0 05400ba0 
000022d0: 06000ba0 07000ba0 06400ba0 07400ba0 
000022e0: 04800ba0 05800ba0 04c00ba0 05c00ba0 
000022f0: 06800ba0 07800ba0 06c00ba0 07c00ba0 
00002300: 08000aa0 09000aa0 08400aa0 09400aa0 
00002310: 0a000aa0 0b000aa0 0a400aa0 0b400aa0 
00002320: 08800aa0 09800aa0 08c00aa0 09c00aa0 
00002330: 0a800aa0 0b800aa0 0ac00aa0 0bc00aa0 
00002340: 0c000aa0 0d000aa0 0c400aa0 0d400aa0 
00002350: 0e000aa0 0f000aa0 0e400aa0 0f400aa0 
00002360: 0c800aa0 0d800aa0 0cc00aa0 0dc00aa0 
00002370: 0e800aa0 0f800aa0 0ec00aa0 0fc00aa0 
00002380: 08000ba0 09000ba0 08400ba0 09400ba0 
00002390: 0a000ba0 0b000ba0 0a400ba0 0b400ba0 
000023a0: 08800ba0 09800ba0 08c00ba0 09c00ba0 
000023b0: 0a800ba0 0b800ba0 0ac00ba0 0bc00ba0 
000023c0: 0c000ba0 0d000ba0 0c400ba0 0d400ba0 
000023d0: 0e000ba0 0f000ba0 0e400ba0 0f400ba0 
000023e0: 0c800ba0 0d800ba0 0cc00ba0 0dc00ba0 
000023f0: 0e800ba0 0f800ba0 0ec00ba0 0fc00ba0 
00002400: 100008a0 110008a0 104008a0 114008a0 
00002410: 120008a0 130008a0 124008a0 134008a0 
00002420: 108008a0 118008a0 10c008a0 11c008a0 
00002430: 128008a0 138008a0 12c008a0 13c008a0 
00002440: 140008a0 150008a0 144008a0 154008a0 
00002450: 160008a0 170008a0 164008a0 174008a0 
00002460: 148008a0 158008a0 14c008a0 15c008a0 
00002470: 168008a0 178008a0 16c008a0 17c008a0 
00002480: 100009a0 110009a0 104009a0 114009a0 
00002490: 120009a0 130009a0 124009a0 134009a0 
000024a0: 108009a0 118009a0 10c009a0 11c009a0 
000024b0: 128009a0 138009a0 12c009a0 13c009a0 
000024c0: 140009a0 150009a0 144009a0 154009a0 
000024d0: 160009a0 170009a0 164009a0 174009a0 
000024e0: 148009a0 158009a0 14c009a0 15c009a0 
000024f0: 168009a0 178009a0 16c009a0 17c009a0 
00002500: 180008a0 190008a0 184008a0 194008a0 
00002510: 1a0008a0 1b0008a0 1a4008a0 1b4008a0 
00002520: 188008a0 198008a0 18c008a0 19c008a0 
00002530: 1a8008a0 1b8008a0 1ac008a0 1bc008a0 
00002540: 1c0008a0 1d0008a0 1c4008a0 1d4008a0 
00002550: 1e0008a0 1f0008a0 1e4008a0 1f4008a0 
00002560: 1c8008a0 1d8008a0 1cc008a0 1dc008a0 
00002570: 1e8008a0 1f8008a0 1ec008a0 1fc008a0 
00002580: 180009a0 190009a0 184009a0 194009a0 
00002590: 1a0009a0 1b0009a0 1a4009a0 1b4009a0 
000025a0: 188009a0 198009a0 18c009a0 19c009a0 
000025b0: 1a8009a0 1b8009a0 1ac009a0 1bc009a0 
000025c0: 1c0009a0 1d0009a0 1c4009a0 1d4009a0 
000025d0: 1e0009a0 1f0009a0 1e4009a0 1f4009a0 
000025e0: 1c8009a0 1d8009a0 1cc009a0 1dc009a0 
000025f0: 1e8009a0 1f8009a0 1ec009a0 1fc009a0 
00002600: 10000aa0 11000aa0 10400aa0 11400aa0 
00002610: 12000aa0 13000aa0 12400aa0 13400aa0 
00002620: 10800aa0 11800aa0 10c00aa0 11c00aa0 
00002630: 12800aa0 13800aa0 12c00aa0 13c00aa0 
00002640: 14000aa0 15000aa0 14400aa0 15400aa0 
00002650: 16000aa0 17000aa0 16400aa0 17400aa0 
00002660: 14800aa0 15800aa0 14c00aa0 15c00aa0 
00002670: 16800aa0 17800aa0 16c00aa0 17c00aa0 
00002680: 10000ba0 11000ba0 10400ba0 11400ba0 
00002690: 12000ba0 13000ba0 12400ba0 13400ba0 
000026a0: 10800ba0 11800ba0 10c00ba0 11c00ba0 
000026b0: 12800ba0 13800ba0 12c00ba0 13c00ba0 
000026c0: 14000ba0 15000ba0 14400ba0 15400ba0 
000026d0: 16000ba0 17000ba0 16400ba0 17400ba0 
000026e0: 14800ba0 15800ba0 14c00ba0 15c00ba0 
000026f0: 16800ba0 17800ba0 16c00ba0 17c00ba0 
00002700: 18000aa0 19000aa0 18400aa0 19400aa0 
00002710: 1a000aa0 1b000aa0 1a400aa0 1b400aa0 
00002720: 18800aa0 19800aa0 18c00aa0 19c00aa0 
00002730: 1a800aa0 1b800aa0 1ac00aa0 1bc00aa0 
00002740: 1c000aa0 1d000aa0 1c400aa0 1d400aa0 
00002750: 1e000aa0 1f000aa0 1e400aa0 1f400aa0 
00002760: 1c800aa0 1d800aa0 1cc00aa0 1dc00aa0 
00002770: 1e800aa0 1f800aa0 1ec00aa0 1fc00aa0 
00002780: 18000ba0 19000ba0 18400ba0 19400ba0 
00002790: 1a000ba0 1b000ba0 1a400ba0 1b400ba0 
000027a0: 18800ba0 19800ba0 18c00ba0 19c00ba0 
000027b0: 1a800ba0 1b800ba0 1ac00ba0 1bc00ba0 
000027c0: 1c000ba0 1d000ba0 1c400ba0 1d400ba0 
000027d0: 1e000ba0 1f000ba0 1e400ba0 1f400ba0 
000027e0: 1c800ba0 1d800ba0 1cc00ba0 1dc00ba0 
000027f0: 1e800ba0 1f800ba0 1ec00ba0 1fc00ba0 
00002800: 00000ca0 01000ca0 00400ca0 01400ca0 
00002810: 02000ca0 03000ca0 02400ca0 03400ca0 
00002820: 00800ca0 01800ca0 00c00ca0 01c00ca0 
00002830: 02800ca0 03800ca0 02c00ca0 03c00ca0 
00002840: 04000ca0 05000ca0 04400ca0 05400ca0 
00002850: 06000ca0 07000ca0 06400ca0 07400ca0 
00002860: 04800ca0 05800ca0 04c00ca0 05c00ca0 
00002870: 06800ca0 07800ca0 06c00ca0 07c00ca0 
00002880: 00000da0 01000da0 00400da0 01400da0 
00002890: 02000da0 03000da0 02400da0 03400da0 
000028a0: 00800da0 01800da0 00c00da0 01c00da0 
000028b0: 02800da0 03800da0 02c00da0 03c00da0 
000028c0: 04000da0 05000da0 04400da0 05400da0 
000028d0: 06000da0 07000da0 06400da0 07400da0 
000028e0: 04800da0 05800da0 04c00da0 05c00da0 
000028f0: 06800da0 07800da0 06c00da0 07c00da0 
00002900: 08000ca0 09000ca0 08400ca0 09400ca0 
00002910: 0a000ca0 0b000ca0 0a400ca0 0b400ca0 
00002920: 08800ca0 09800ca0 08c00ca0 09c00ca0 
00002930: 0a800ca0 0b800ca0 0ac00ca0 0bc00ca0 
00002940: 0c000ca0 0d000ca0 0c400ca0 0d400ca0 
00002950: 0e000ca0 0f000ca0 0e400ca0 0f400ca0 
00002960: 0c800ca0 0d800ca0 0cc00ca0 0dc00ca0 
00002970: 0e800ca0 0f800ca0 0ec00ca0 0fc00ca0 
00002980: 08000da0 09000da0 08400da0 09400da0 
00002990: 0a000da0 0b000da0 0a400da0 0b400da0 
000029a0: 08800da0 09800da0 08c00da0 09c00da0 
000029b0: 0a800da0 0b800da0 0ac00da0 0bc00da0 
000029c0: 0c000da0 0d000da0 0c400da0 0d400da0 
000029d0: 0e000da0 0f000da0 0e400da0 0f400da0 
000029e0: 0c800da0 0d800da0 0cc00da0 0dc00da0 
000029f0: 0e800da0 0f800da0 0ec00da0 0fc00da0 
00002a00: 00000ea0 01000ea0 00400ea0 01400ea0 
00002a10: 02000ea0 03000ea0 02400ea0 03400ea0 
00002a20: 00800ea0 01800ea0 00c00ea0 01c00ea0 
00002a30: 02800ea0 03800ea0 02c00ea0 03c00ea0 
00002a40: 04000ea0 05000ea0 04400ea0 05400ea0 
00002a50: 06000ea0 07000ea0 06400ea0 07400ea0 
00002a60: 04800ea0 05800ea0 04c00ea0 05c00ea0 
00002a70: 06800ea0 07800ea0 06c00ea0 07c00ea0 
00002a80: 00000fa0 01000fa0 00400fa0 01400fa0 
00002a90: 02000fa0 03000fa0 02400fa0 03400fa0 
00002aa0: 00800fa0 01800fa0 00c00fa0 01c00fa0 
00002ab0: 02800fa0 03800fa0 02c00fa0 03c00fa0 
00002ac0: 04000fa0 05000fa0 04400fa0 05400fa0 
00002ad0: 06000fa0 07000fa0 06400fa0 07400fa0 
00002ae0: 04800fa0 05800fa0 04c00fa0 05c00fa0 
00002af0: 06800fa0 07800fa0 06c00fa0 07c00fa0 
00002b00: 08000ea0 09000ea0 08400ea0 09400ea0 
00002b10: 0a000ea0 0b000ea0 0a400ea0 0b400ea0 
00002b20: 08800ea0 09800ea0 08c00ea0 09c00ea0 
00002b30: 0a800ea0 0b800ea0 0ac00ea0 0bc00ea0 
00002b40: 0c000ea0 0d000ea0 0c400ea0 0d400ea0 
00002b50: 0e000ea0 0f000ea0 0e400ea0 0f400ea0 
00002b60: 0c800ea0 0d800ea0 0cc00ea0 0dc00ea0 
00002b70: 0e800ea0 0f800ea0 0ec00ea0 0fc00ea0 
00002b80: 08000fa0 09000fa0 08400fa0 09400fa0 
00002b90: 0a000fa0 0b000fa0 0a400fa0 0b400fa0 
00002ba0: 08800fa0 09800fa0 08c00fa0 09c00fa0 
00002bb0: 0a800fa0 0b800fa0 0ac00fa0 0bc00fa0 
00002bc0: 0c000fa0 0d000fa0 0c400fa0 0d400fa0 
00002bd0: 0e000fa0 0f000fa0 0e400fa0 0f400fa0 
00002be0: 0c800fa0 0d800fa0 0cc00fa0 0dc00fa0 
00002bf0: 0e800fa0 0f800fa0 0ec00fa0 0fc00fa0 
00002c00: 10000ca0 11000ca0 10400ca0 11400ca0 
00002c10: 12000ca0 13000ca0 12400ca0 13400ca0 
00002c20: 10800ca0 11800ca0 10c00ca0 11c00ca0 
00002c30: 12800ca0 13800ca0 12c00ca0 13c00ca0 
00002c40: 14000ca0 15000ca0 14400ca0 15400ca0 
00002c50: 16000ca0 17000ca0 16400ca0 17400ca0 
00002c60: 14800ca0 15800ca0 14c00ca0 15c00ca0 
00002c70: 16800ca0 17800ca0 16c00ca0 17c00ca0 
00002c80: 10000da0 11000da0 10400da0 11400da0 
00002c90: 12000da0 13000da0 12400da0 13400da0 
00002ca0: 10800da0 11800da0 10c00da0 11c00da0 
00002cb0: 12800da0 13800da0 12c00da0 13c00da0 
00002cc0: 14000da0 15000da0 14400da0 15400da0 
00002cd0: 16000da0 17000da0 16400da0 17400da0 
00002ce0: 14800da0 15800da0 14c00da0 15c00da0 
00002cf0: 16800da0 17800da0 16c00da0 17c00da0 
00002d00: 18000ca0 19000ca0 18400ca0 19400ca0 
00002d10: 1a000ca0 1b000ca0 1a400ca0 1b400ca0 
00002d20: 18800ca0 19800ca0 18c00ca0 19c00ca0 
00002d30: 1a800ca0 1b800ca0 1ac00ca0 1bc00ca0 
00002d40: 1c000ca0 1d000ca0 1c400ca0 1d400ca0 
00002d50: 1e000ca0 1f000ca0 1e400ca0 1f400ca0 
00002d60: 1c800ca0 1d800ca0 1cc00ca0 1dc00ca0 
00002d70: 1e800ca0 1f800ca0 1ec00ca0 1fc00ca0 
00002d80: 18000da0 19000da0 18400da0 19400da0 
00002d90: 1a000da0 1b000da0 1a400da0 1b400da0 
00002da0: 18800da0 19800da0 18c00da0 19c00da0 
00002db0: 1a800da0 1b800da0 1ac00da0 1bc00da0 
00002dc0: 1c000da0 1d000da0 1c400da0 1d400da0 
00002dd0: 1e000da0 1f000da0 1e400da0 1f400da0 
00002de0: 1c800da0 1d800da0 1cc00da0 1dc00da0 
00002df0: 1e800da0 1f800da0 1ec00da0 1fc00da0 
00002e00: 10000ea0 11000ea0 10400ea0 11400ea0 
00002e10: 12000ea0 13000ea0 12400ea0 13400ea0 
00002e20: 10800ea0 11800ea0 10c00ea0 11c00ea0 
00002e30: 12800ea0 13800ea0 12c00ea0 13c00ea0 
00002e40: 14000ea0 15000ea0 14400ea0 15400ea0 
00002e50: 16000ea0 17000ea0 16400ea0 17400ea0 
00002e60: 14800ea0 15800ea0 14c00ea0 15c00ea0 
00002e70: 16800ea0 17800ea0 16c00ea0 17c00ea0 
00002e80: 10000fa0 11000fa0 10400fa0 11400fa0 
00002e90: 12000fa0 13000fa0 12400fa0 13400fa0 
00002ea0: 10800fa0 11800fa0 10c00fa0 11c00fa0 
00002eb0: 12800fa0 13800fa0 12c00fa0 13c00fa0 
00002ec0: 14000fa0 15000fa0 14400fa0 15400fa0 
00002ed0: 16000fa0 17000fa0 16400fa0 17400fa0 
00002ee0: 14800fa0 15800fa0 14c00fa0 15c00fa0 
00002ef0: 16800fa0 17800fa0 16c00fa0 17c00fa0 
00002f00: 18000ea0 19000ea0 18400ea0 19400ea0 
00002f10: 1a000ea0 1b000ea0 1a400ea0 1b400ea0 
00002f20: 18800ea0 19800ea0 18c00ea0 19c00ea0 
00002f30: 1a800ea0 1b800ea0 1ac00ea0 1bc00ea0 
00002f40: 1c000ea0 1d000ea0 1c400ea0 1d400ea0 
00002f50: 1e000ea0 1f000ea0 1e400ea0 1f400ea0 
00002f60: 1c800ea0 1d800ea0 1cc00ea0 1dc00ea0 
00002f70: 1e800ea0 1f800ea0 1ec00ea0 1fc00ea0 
00002f80: 18000fa0 19000fa0 18400fa0 19400fa0 
00002f90: 1a000fa0 1b000fa0 1a400fa0 1b400fa0 
00002fa0: 18800fa0 19800fa0 18c00fa0 19c00fa0 
00002fb0: 1a800fa0 1b800fa0 1ac00fa0 1bc00fa0 
00002fc0: 1c000fa0 1d000fa0 1c400fa0 1d400fa0 
00002fd0: 1e000fa0 1f000fa0 1e400fa0 1f400fa0 
00002fe0: 1c800fa0 1d800fa0 1cc00fa0 1dc00fa0 
00002ff0: 1e800fa0 1f800fa0 1ec00fa0 1fc00fa0 
00003000: 200008a0 210008a0 204008a0 214008a0 
00003010: 220008a0 230008a0 224008a0 234008a0 
00003020: 208008a0 218008a0 20c008a0 21c008a0 
00003030: 228008a0 238008a0 22c008a0 23c008a0 
00003040: 240008a0 250008a0 244008a0 254008a0 
00003050: 260008a0 270008a0 264008a0 274008a0 
00003060: 248008a0 258008a0 24c008a0 25c008a0 
00003070: 268008a0 278008a0 26c008a0 27c008a0 
00003080: 200009a0 210009a0 204009a0 214009a0 
00003090: 220009a0 230009a0 224009a0 234009a0 
000030a0: 208009a0 218009a0 20c009a0 21c009a0 
000030b0: 228009a0 238009a0 22c009a0 23c009a0 
000030c0: 240009a0 250009a0 244009a0 254009a0 
000030d0: 260009a0 270009a0 264009a0 274009a0 
000030e0: 248009a0 258009a0 24c009a0 25c009a0 
000030f0: 268009a0 278009a0 26c009a0 27c009a0 
00003100: 280008a0 290008a0 284008a0 294008a0 
00003110: 2a0008a0 2b0008a0 2a4008a0 2b4008a0 
00003120: 288008a0 298008a0 28c008a0 29c008a0 
00003130: 2a8008a0 2b8008a0 2ac008a0 2bc008a0 
00003140: 2c0008a0 2d0008a0 2c4008a0 2d4008a0 
00003150: 2e0008a0 2f0008a0 2e4008a0 2f4008a0 
00003160: 2c8008a0 2d8008a0 2cc008a0 2dc008a0 
00003170: 2e8008a0 2f8008a0 2ec008a0 2fc008a0 
00003180: 280009a0 290009a0 284009a0 294009a0 
00003190: 2a0009a0 2b0009a0 2a4009a0 2b4009a0 
000031a0: 288009a0 298009a0 28c009a0 29c009a0 
000031b0: 2a8009a0 2b8009a0 2ac009a0 2bc009a0 
000031c0: 2c0009a0 2d0009a0 2c4009a0 2d4009a0 
000031d0: 2e0009a0 2f0009a0 2e4009a0 2f4009a0 
000031e0: 2c8009a0 2d8009a0 2cc009a0 2dc009a0 
000031f0: 2e8009a0 2f8009a0 2ec009a0 2fc009a0 
00003200: 20000aa0 21000aa0 20400aa0 21400aa0 
00003210: 22000aa0 23000aa0 22400aa0 23400aa0 
00003220: 20800aa0 21800aa0 20c00aa0 21c00aa0 
00003230: 22800aa0 23800aa0 22c00aa0 23c00aa0 
00003240: 24000aa0 25000aa0 24400aa0 25400aa0 
00003250: 26000aa0 27000aa0 26400aa0 27400aa0 
00003260: 24800aa0 25800aa0 24c00aa0 25c00aa0 
00003270: 26800aa0 27800aa0 26c00aa0 27c00aa0 
00003280: 20000ba0 21000ba0 20400ba0 21400ba0 
00003290: 22000ba0 23000ba0 22400ba0 23400ba0 
000032a0: 20800ba0 21800ba0 20c00ba0 21c00ba0 
000032b0: 22800ba0 23800ba0 22c00ba0 23c00ba0 
000032c0: 24000ba0 25000ba0 24400ba0 25400ba0 
000032d0: 26000ba0 27000ba0 26400ba0 27400ba0 
000032e0: 24800ba0 25800ba0 24c00ba0 25c00ba0 
000032f0: 26800ba0 27800ba0 26c00ba0 27c00ba0 
00003300: 28000aa0 29000aa0 28400aa0 29400aa0 
00003310: 2a000aa0 2b000aa0 2a400aa0 2b400aa0 
00003320: 28800aa0 29800aa0 28c00aa0 29c00aa0 
00003330: 2a800aa0 2b800aa0 2ac00aa0 2bc00aa0 
00003340: 2c000aa0 2d000aa0 2c400aa0 2d400aa0 
00003350: 2e000aa0 2f000aa0 2e400aa0 2f400aa0 
00003360: 2c800aa0 2d800aa0 2cc00aa0 2dc00aa0 
00003370: 2e800aa0 2f800aa0 2ec00aa0 2fc00aa0 
00003380: 28000ba0 29000ba0 28400ba0 29400ba0 
00003390: 2a000ba0 2b000ba0 2a400ba0 2b400ba0 
000033a0: 28800ba0 29800ba0 28c00ba0 29c00ba0 
000033b0: 2a800ba0 2b800ba0 2ac00ba0 2bc00ba0 
000033c0: 2c000ba0 2d000ba0 2c400ba0 2d400ba0 
000033d0: 2e000ba0 2f000ba0 2e400ba0 2f400ba0 
000033e0: 2c800ba0 2d800ba0 2cc00ba0 2dc00ba0 
000033f0: 2e800ba0 2f800ba0 2ec00ba0 2fc00ba0 
00003400: 300008a0 310008a0 304008a0 314008a0 
00003410: 320008a0 330008a0 324008a0 334008a0 
00003420: 308008a0 318008a0 30c008a0 31c008a0 
00003430: 328008a0 338008a0 32c008a0 33c008a0 
00003440: 340008a0 350008a0 344008a0 354008a0 
00003450: 360008a0 370008a0 364008a0 374008a0 
00003460: 348008a0 358008a0 34c008a0 35c008a0 
00003470: 368008a0 378008a0 36c008a0 37c008a0 
00003480: 300009a0 310009a0 304009a0 314009a0 
00003490: 320009a0 330009a0 324009a0 334009a0 
000034a0: 308009a0 318009a0 30c009a0 31c009a0 
000034b0: 328009a0 338009a0 32c009a0 33c009a0 
000034c0: 340009a0 350009a0 344009a0 354009a0 
000034d0: 360009a0 370009a0 364009a0 374009a0 
000034e0: 348009a0 358009a0 34c009a0 35c009a0 
000034f0: 368009a0 378009a0 36c009a0 37c009a0 
00003500: 380008a0 390008a0 384008a0 394008a0 
00003510: 3a0008a0 3b0008a0 3a4008a0 3b4008a0 
00003520: 388008a0 398008a0 38c008a0 39c008a0 
00003530: 3a8008a0 3b8008a0 3ac008a0 3bc008a0 
00003540: 3c0008a0 3d0008a0 3c4008a0 3d4008a0 
00003550: 3e0008a0 3f0008a0 3e4008a0 3f4008a0 
00003560: 3c8008a0 3d8008a0 3cc008a0 3dc008a0 
00003570: 3e8008a0 3f8008a0 3ec008a0 3fc008a0 
00003580: 380009a0 390009a0 384009a0 394009a0 
00003590: 3a0009a0 3b0009a0 3a4009a0 3b4009a0 
000035a0: 388009a0 398009a0 38c009a0 39c009a0 
000035b0: 3a8009a0 3b8009a0 3ac009a0 3bc009a0 
000035c0: 3c0009a0 3d0009a0 3c4009a0 3d4009a0 
000035d0: 3e0009a0 3f0009a0 3e4009a0 3f4009a0 
000035e0: 3c8009a0 3d8009a0 3cc009a0 3dc009a0 
000035f0: 3e8009a0 3f8009a0 3ec009a0 3fc009a0 
00003600: 30000aa0 31000aa0 30400aa0 31400aa0 
00003610: 32000aa0 33000aa0 32400aa0 33400aa0 
00003620: 30800aa0 31800aa0 30c00aa0 31c00aa0 
00003630: 32800aa0 33800aa0 32c00aa0 33c00aa0 
00003640: 34000aa0 35000aa0 34400aa0 35400aa0 
00003650: 36000aa0 37000aa0 36400aa0 37400aa0 
00003660: 34800aa0 35800aa0 34c00aa0 35c00aa0 
00003670: 36800aa0 37800aa0 36c00aa0 37c00aa0 
00003680: 30000ba0 31000ba0 30400ba0 31400ba0 
00003690: 32000ba0 33000ba0 32400ba0 33400ba0 
000036a0: 30800ba0 31800ba0 30c00ba0 31c00ba0 
000036b0: 32800ba0 33800ba0 32c00ba0 33c00ba0 
000036c0: 34000ba0 35000ba0 34400ba0 35400ba0 
000036d0: 36000ba0 37000ba0 36400ba0 37400ba0 
000036e0: 34800ba0 35800ba0 34c00ba0 35c00ba0 
000036f0: 36800ba0 37800ba0 36c00ba0 37c00ba0 
00003700: 38000aa0 39000aa0 38400aa0 39400aa0 
00003710: 3a000aa0 3b000aa0 3a400aa0 3b400aa0 
00003720: 38800aa0 39800aa0 38c00aa0 39c00aa0 
00003730: 3a800aa0 3b800aa0 3ac00aa0 3bc00aa0 
00003740: 3c000aa0 3d000aa0 3c400aa0 3d400aa0 
00003750: 3e000aa0 3f000aa0 3e400aa0 3f400aa0 
00003760: 3c800aa0 3d800aa0 3cc00aa0 3dc00aa0 
00003770: 3e800aa0 3f800aa0 3ec00aa0 3fc00aa0 
00003780: 38000ba0 39000ba0 38400ba0 39400ba0 
00003790: 3a000ba0 3b000ba0 3a400ba0 3b400ba0 
000037a0: 38800ba0 39800ba0 38c00ba0 39c00ba0 
000037b0: 3a800ba0 3b800ba0 3ac00ba0 3bc00ba0 
000037c0: 3c000ba0 3d000ba0 3c400ba0 3d400ba0 
000037d0: 3e000ba0 3f000ba0 3e400ba0 3f400ba0 
000037e0: 3c800ba0 3d800ba0 3cc00ba0 3dc00ba0 
000037f0: 3e800ba0 3f800ba0 3ec00ba0 3fc00ba0 
00003800: 20000ca0 21000ca0 20400ca0 21400ca0 
00003810: 22000ca0 23000ca0 22400ca0 23400ca0 
00003820: 20800ca0 21800ca0 20c00ca0 21c00ca0 
00003830: 22800ca0 23800ca0 22c00ca0 23c00ca0 
00003840: 24000ca0 25000ca0 24400ca0 25400ca0 
00003850: 26000ca0 27000ca0 26400ca0 27400ca0 
00003860: 24800ca0 25800ca0 24c00ca0 25c00ca0 
00003870: 26800ca0 27800ca0 26c00ca0 27c00ca0 
00003880: 20000da0 21000da0 20400da0 21400da0 
00003890: 22000da0 23000da0 22400da0 23400da0 
000038a0: 20800da0 21800da0 20c00da0 21c00da0 
000038b0: 22800da0 23800da0 22c00da0 23c00da0 
000038c0: 24000da0 25000da0 24400da0 25400da0 
000038d0: 26000da0 27000da0 26400da0 27400da0 
000038e0: 24800da0 25800da0 24c00da0 25c00da0 
000038f0: 26800da0 27800da0 26c00da0 27c00da0 
00003900: 28000ca0 29000ca0 28400ca0 29400ca0 
00003910: 2a000ca0 2b000ca0 2a400ca0 2b400ca0 
00003920: 28800ca0 29800ca0 28c00ca0 29c00ca0 
00003930: 2a800ca0 2b800ca0 2ac00ca0 2bc00ca0 
00003940: 2c000ca0 2d000ca0 2c400ca0 2d400ca0 
00003950: 2e000ca0 2f000ca0 2e400ca0 2f400ca0 
00003960: 2c800ca0 2d800ca0 2cc00ca0 2dc00ca0 
00003970: 2e800ca0 2f800ca0 2ec00ca0 2fc00ca0 
00003980: 28000da0 29000da0 28400da0 29400da0 
00003990: 2a000da0 2b000da0 2a400da0 2b400da0 
000039a0: 28800da0 29800da0 28c00da0 29c00da0 
000039b0: 2a800da0 2b800da0 2ac00da0 2bc00da0 
000039c0: 2c000da0 2d000da0 2c400da0 2d400da0 
000039d0: 2e000da0 2f000da0 2e400da0 2f400da0 
000039e0: 2c800da0 2d800da0 2cc00da0 2dc00da0 
000039f0: 2e800da0 2f800da0 2ec00da0 2fc00da0 
00003a00: 20000ea0 21000ea0 20400ea0 21400ea0 
00003a10: 22000ea0 23000ea0 22400ea0 23400ea0 
00003a20: 20800ea0 21800ea0 20c00ea0 21c00ea0 
00003a30: 22800ea0 23800ea0 22c00ea0 23c00ea0 
00003a40: 24000ea0 25000ea0 24400ea0 25400ea0 
00003a50: 26000ea0 27000ea0 26400ea0 27400ea0 
00003a60: 24800ea0 25800ea0 24c00ea0 25c00ea0 
00003a70: 26800ea0 27800ea0 26c00ea0 27c00ea0 
00003a80: 20000fa0 21000fa0 20400fa0 21400fa0 
00003a90: 22000fa0 23000fa0 22400fa0 23400fa0 
00003aa0: 20800fa0 21800fa0 20c00fa0 21c00fa0 
00003ab0: 22800fa0 23800fa0 22c00fa0 23c00fa0 
00003ac0: 24000fa0 25000fa0 24400fa0 25400fa0 
00003ad0: 26000fa0 27000fa0 26400fa0 27400fa0 
00003ae0: 24800fa0 25800fa0 24c00fa0 25c00fa0 
00003af0: 26800fa0 27800fa0 26c00fa0 27c00fa0 
00003b00: 28000ea0 29000ea0 28400ea0 29400ea0 
00003b10: 2a000ea0 2b000ea0 2a400ea0 2b400ea0 
00003b20: 28800ea0 29800ea0 28c00ea0 29c00ea0 
00003b30: 2a800ea0 2b800ea0 2ac00ea0 2bc00ea0 
00003b40: 2c000ea0 2d000ea0 2c400ea0 2d400ea0 
00003b50: 2e000ea0 2f000ea0 2e400ea0 2f400ea0 
00003b60: 2c800ea0 2d800ea0 2cc00ea0 2dc00ea0 
00003b70: 2e800ea0 2f800ea0 2ec00ea0 2fc00ea0 
00003b80: 28000fa0 29000fa0 28400fa0 29400fa0 
00003b90: 2a000fa0 2b000fa0 2a400fa0 2b400fa0 
00003ba0: 28800fa0 29800fa0 28c00fa0 29c00fa0 
00003bb0: 2a800fa0 2b800fa0 2ac00fa0 2bc00fa0 
00003bc0: 2c000fa0 2d000fa0 2c400fa0 2d400fa0 
00003bd0: 2e000fa0 2f000fa0 2e400fa0 2f400fa0 
00003be0: 2c800fa0 2d800fa0 2cc00fa0 2dc00fa0 
00003bf0: 2e800fa0 2f800fa0 2ec00fa0 2fc00fa0 
00003c00: 30000ca0 31000ca0 30400ca0 31400ca0 
00003c10: 32000ca0 33000ca0 32400ca0 33400ca0 
00003c20: 30800ca0 31800ca0 30c00ca0 31c00ca0 
00003c30: 32800ca0 33800ca0 32c00ca0 33c00ca0 
00003c40: 34000ca0 35000ca0 34400ca0 35400ca0 
00003c50: 36000ca0 37000ca0 36400ca0 37400ca0 
00003c60: 34800ca0 35800ca0 34c00ca0 35c00ca0 
00003c70: 36800ca0 37800ca0 36c00ca0 37c00ca0 
00003c80: 30000da0 31000da0 30400da0 31400da0 
00003c90: 32000da0 33000da0 32400da0 33400da0 
00003ca0: 30800da0 31800da0 30c00da0 31c00da0 
00003cb0: 32800da0 33800da0 32c00da0 33c00da0 
00003cc0: 34000da0 35000da0 34400da0 35400da0 
00003cd0: 36000da0 37000da0 36400da0 37400da0 
00003ce0: 34800da0 35800da0 34c00da0 35c00da0 
00003cf0: 36800da0 37800da0 36c00da0 37c00da0 
00003d00: 38000ca0 39000ca0 38400ca0 39400ca0 
00003d10: 3a000ca0 3b000ca0 3a400ca0 3b400ca0 
00003d20: 38800ca0 39800ca0 38c00ca0 39c00ca0 
00003d30: 3a800ca0 3b800ca0 3ac00ca0 3bc00ca0 
00003d40: 3c000ca0 3d000ca0 3c400ca0 3d400ca0 
00003d50: 3e000ca0 3f000ca0 3e400ca0 3f400ca0 
00003d60: 3c800ca0 3d800ca0 3cc00ca0 3dc00ca0 
00003d70: 3e800ca0 3f800ca0 3ec00ca0 3fc00ca0 
00003d80: 38000da0 39000da0 38400da0 39400da0 
00003d90: 3a000da0 3b000da0 3a400da0 3b400da0 
00003da0: 38800da0 39800da0 38c00da0 39c00da0 
00003db0: 3a800da0 3b800da0 3ac00da0 3bc00da0 
00003dc0: 3c000da0 3d000da0 3c400da0 3d400da0 
00003dd0: 3e000da0 3f000da0 3e400da0 3f400da0 
00003de0: 3c800da0 3d800da0 3cc00da0 3dc00da0 
00003df0: 3e800da0 3f800da0 3ec00da0 3fc00da0 
00003e00: 30000ea0 31000ea0 30400ea0 31400ea0 
00003e10: 32000ea0 33000ea0 32400ea0 33400ea0 
00003e20: 30800ea0 31800ea0 30c00ea0 31c00ea0 
00003e30: 32800ea0 33800ea0 32c00ea0 33c00ea0 
00003e40: 34000ea0 35000ea0 34400ea0 35400ea0 
00003e50: 36000ea0 37000ea0 36400ea0 37400ea0 
00003e60: 34800ea0 35800ea0 34c00ea0 35c00ea0 
00003e70: 36800ea0 37800ea0 36c00ea0 37c00ea0 
00003e80: 30000fa0 31000fa0 30400fa0 31400fa0 
00003e90: 32000fa0 33000fa0 32400fa0 33400fa0 
00003ea0: 30800fa0 31800fa0 30c00fa0 31c00fa0 
00003eb0: 32800fa0 33800fa0 32c00fa0 33c00fa0 
00003ec0: 34000fa0 35000fa0 34400fa0 35400fa0 
00003ed0: 36000fa0 37000fa0 36400fa0 37400fa0 
00003ee0: 34800fa0 35800fa0 34c00fa0 35c00fa0 
00003ef0: 36800fa0 37800fa0 36c00fa0 37c00fa0 
00003f00: 38000ea0 39000ea0 38400ea0 39400ea0 
00003f10: 3a000ea0 3b000ea0 3a400ea0 3b400ea0 
00003f20: 38800ea0 39800ea0 38c00ea0 39c00ea0 
00003f30: 3a800ea0 3b800ea0 3ac00ea0 3bc00ea0 
00003f40: 3c000ea0 3d000ea0 3c400ea0 3d400ea0 
00003f50: 3e000ea0 3f000ea0 3e400ea0 3f400ea0 
00003f60: 3c800ea0 3d800ea0 3cc00ea0 3dc00ea0 
00003f70: 3e800ea0 3f800ea0 3ec00ea0 3fc00ea0 
00003f80: 38000fa0 39000fa0 38400fa0 39400fa0 
00003f90: 3a000fa0 3b000fa0 3a400fa0 3b400fa0 
00003fa0: 38800fa0 39800fa0 38c00fa0 39c00fa0 
00003fb0: 3a800fa0 3b800fa0 3ac00fa0 3bc00fa0 
00003fc0: 3c000fa0 3d000fa0 3c400fa0 3d400fa0 
00003fd0: 3e000fa0 3f000fa0 3e400fa0 3f400fa0 
00003fe0: 3c800fa0 3d800fa0 3cc00fa0 3dc00fa0 
00003ff0: 3e800fa0 3f800fa0 3ec00fa0 3fc00fa0 
00004000: 400000a0 410000a0 404000a0 414000a0 
00004010: 420000a0 430000a0 424000a0 434000a0 
00004020: 408000a0 418000a0 40c000a0 41c000a0 
00004030: 428000a0 438000a0 42c000a0 43c000a0 
00004040: 440000a0 450000a0 444000a0 454000a0 
00004050: 460000a0 470000a0 464000a0 474000a0 
00004060: 448000a0 458000a0 44c000a0 45c000a0 
00004070: 468000a0 478000a0 46c000a0 47c000a0 
00004080: 400001a0 410001a0 404001a0 414001a0 
00004090: 420001a0 430001a0 424001a0 434001a0 
000040a0: 408001a0 418001a0 40c001a0 41c001a0 
000040b0: 428001a0 438001a0 42c001a0 43c001a0 
000040c0: 440001a0 450001a0 444001a0 454001a0 
000040d0: 460001a0 470001a0 464001a0 474001a0 
000040e0: 448001a0 458001a0 44c001a0 45c001a0 
000040f0: 468001a0 478001a0 46c001a0 47c001a0 
00004100: 480000a0 490000a0 484000a0 494000a0 
00004110: 4a0000a0 4b0000a0 4a4000a0 4b4000a0 
00004120: 488000a0 498000a0 48c000a0 49c000a0 
00004130: 4a8000a0 4b8000a0 4ac000a0 4bc000a0 
00004140: 4c0000a0 4d0000a0 4c4000a0 4d4000a0 
00004150: 4e0000a0 4f0000a0 4e4000a0 4f4000a0 
00004160: 4c8000a0 4d8000a0 4cc000a0 4dc000a0 
00004170: 4e8000a0 4f8000a0 4ec000a0 4fc000a0 
00004180: 480001a0 490001a0 484001a0 494001a0 
00004190: 4a0001a0 4b0001a0 4a4001a0 4b4001a0 
000041a0: 488001a0 498001a0 48c001a0 49c001a0 
000041b0: 4a8001a0 4b8001a0 4ac001a0 4bc001a0 
000041c0: 4c0001a0 4d0001a0 4c4001a0 4d4001a0 
000041d0: 4e0001a0 4f0001a0 4e4001a0 4f4001a0 
000041e0: 4c8001a0 4d8001a0 4cc001a0 4dc001a0 
000041f0: 4e8001a0 4f8001a0 4ec001a0 4fc001a0 
00004200: 400002a0 410002a0 404002a0 414002a0 
00004210: 420002a0 430002a0 424002a0 434002a0 
00004220: 408002a0 418002a0 40c002a0 41c002a0 
00004230: 428002a0 438002a0 42c002a0 43c002a0 
00004240: 440002a0 450002a0 444002a0 454002a0 
00004250: 460002a0 470002a0 464002a0 474002a0 
00004260: 448002a0 458002a0 44c002a0 45c002a0 
00004270: 468002a0 478002a0 46c002a0 47c002a0 
00004280: 400003a0 410003a0 404003a0 414003a0 
00004290: 420003a0 430003a0 424003a0 434003a0 
000042a0: 408003a0 418003a0 40c003a0 41c003a0 
000042b0: 428003a0 438003a0 42c003a0 43c003a0 
000042c0: 440003a0 450003a0 444003a0 454003a0 
000042d0: 460003a0 470003a0 464003a0 474003a0 
000042e0: 448003a0 458003a0 44c003a0 45c003a0 
000042f0: 468003a0 478003a0 46c003a0 47c003a0 
00004300: 480002a0 490002a0 484002a0 494002a0 
00004310: 4a0002a0 4b0002a0 4a4002a0 4b4002a0 
00004320: 488002a0 498002a0 48c002a0 49c002a0 
00004330: 4a8002a0 4b8002a0 4ac002a0 4bc002a0 
00004340: 4c0002a0 4d0002a0 4c4002a0 4d4002a0 
00004350: 4e0002a0 4f0002a0 4e4002a0 4f4002a0 
00004360: 4c8002a0 4d8002a0 4cc002a0 4dc002a0 
00004370: 4e8002a0 4f8002a0 4ec002a0 4fc002a0 
00004380: 480003a0 490003a0 484003a0 494003a0 
00004390: 4a0003a0 4b0003a0 4a4003a0 4b4003a0 
000043a0: 488003a0 498003a0 48c003a0 49c003a0 
000043b0: 4a8003a0 4b8003a0 4ac003a0 4bc003a0 
000043c0: 4c0003a0 4d0003a0 4c4003a0 4d4003a0 
000043d0: 4e0003a0 4f0003a0 4e4003a0 4f4003a0 
000043e0: 4c8003a0 4d8003a0 4cc003a0 4dc003a0 
000043f0: 4e8003a0 4f8003a0 4ec003a0 4fc003a0 
00004400: 500000a0 510000a0 504000a0 514000a0 
00004410: 520000a0 530000a0 524000a0 534000a0 
00004420: 508000a0 518000a0 50c000a0 51c000a0 
00004430: 528000a0 538000a0 52c000a0 53c000a0 
00004440: 540000a0 550000a0 544000a0 554000a0 
00004450: 560000a0 570000a0 564000a0 574000a0 
00004460: 548000a0 558000a0 54c000a0 55c000a0 
00004470: 568000a0 578000a0 56c000a0 57c000a0 
00004480: 500001a0 510001a0 504001a0 514001a0 
00004490: 520001a0 530001a0 524001a0 534001a0 
000044a0: 508001a0 518001a0 50c001a0 51c001a0 
000044b0: 528001a0 538001a0 52c001a0 53c001a0 
000044c0: 540001a0 550001a0 544001a0 554001a0 
000044d0: 560001a0 570001a0 564001a0 574001a0 
000044e0: 548001a0 558001a0 54c001a0 55c001a0 
000044f0: 568001a0 578001a0 56c001a0 57c001a0 
00004500: 580000a0 590000a0 584000a0 594000a0 
00004510: 5a0000a0 5b0000a0 5a4000a0 5b4000a0 
00004520: 588000a0 598000a0 58c000a0 59c000a0 
00004530: 5a8000a0 5b8000a0 5ac000a0 5bc000a0 
00004540: 5c0000a0 5d0000a0 5c4000a0 5d4000a0 
00004550: 5e0000a0 5f0000a0 5e4000a0 5f4000a0 
00004560: 5c8000a0 5d8000a0 5cc000a0 5dc000a0 
00004570: 5e8000a0 5f8000a0 5ec000a0 5fc000a0 
00004580: 580001a0 590001a0 584001a0 594001a0 
00004590: 5a0001a0 5b0001a0 5a4001a0 5b4001a0 
000045a0: 588001a0 598001a0 58c001a0 59c001a0 
000045b0: 5a8001a0 5b8001a0 5ac001a0 5bc001a0 
000045c0: 5c0001a0 5d0001a0 5c4001a0 5d4001a0 
000045d0: 5e0001a0 5f0001a0 5e4001a0 5f4001a0 
000045e0: 5c8001a0 5d8001a0 5cc001a0 5dc001a0 
000045f0: 5e8001a0 5f8001a0 5ec001a0 5fc001a0 
00004600: 500002a0 510002a0 504002a0 514002a0 
00004610: 520002a0 530002a0 524002a0 534002a0 
00004620: 508002a0 518002a0 50c002a0 51c002a0 
00004630: 528002a0 538002a0 52c002a0 53c002a0 
00004640: 540002a0 550002a0 544002a0 554002a0 
00004650: 560002a0 570002a0 564002a0 574002a0 
00004660: 548002a0 558002a0 54c002a0 55c002a0 
00004670: 568002a0 578002a0 56c002a0 57c002a0 
00004680: 500003a0 510003a0 504003a0 514003a0 
00004690: 520003a0 530003a0 524003a0 534003a0 
000046a0: 508003a0 518003a0 50c003a0 51c003a0 
000046b0: 528003a0 538003a0 52c003a0 53c003a0 
000046c0: 540003a0 550003a0 544003a0 554003a0 
000046d0: 560003a0 570003a0 564003a0 574003a0 
000046e0: 548003a0 558003a0 54c003a0 55c003a0 
000046f0: 568003a0 578003a0 56c003a0 57c003a0 
00004700: 580002a0 590002a0 584002a0 594002a0 
00004710: 5a0002a0 5b0002a0 5a4002a0 5b4002a0 
00004720: 588002a0 598002a0 58c002a0 59c002a0 
00004730: 5a8002a0 5b8002a0 5ac002a0 5bc002a0 
00004740: 5c0002a0 5d0002a0 5c4002a0 5d4002a0 
00004750: 5e0002a0 5f0002a0 5e4002a0 5f4002a0 
00004760: 5c8002a0 5d8002a0 5cc002a0 5dc002a0 
00004770: 5e8002a0 5f8002a0 5ec002a0 5fc002a0 
00004780: 580003a0 590003a0 584003a0 594003a0 
00004790: 5a0003a0 5b0003a0 5a4003a0 5b4003a0 
000047a0: 588003a0 598003a0 58c003a0 59c003a0 
000047b0: 5a8003a0 5b8003a0 5ac003a0 5bc003a0 
000047c0: 5c0003a0 5d0003a0 5c4003a0 5d4003a0 
000047d0: 5e0003a0 5f0003a0 5e4003a0 5f4003a0 
000047e0: 5c8003a0 5d8003a0 5cc003a0 5dc003a0 
000047f0: 5e8003a0 5f8003a0 5ec003a0 5fc003a0 
00004800: 400004a0 410004a0 404004a0 414004a0 
00004810: 420004a0 430004a0 424004a0 434004a0 
00004820: 408004a0 418004a0 40c004a0 41c004a0 
00004830: 428004a0 438004a0 42c004a0 43c004a0 
00004840: 440004a0 450004a0 444004a0 454004a0 
00004850: 460004a0 470004a0 464004a0 474004a0 
00004860: 448004a0 458004a0 44c004a0 45c004a0 
00004870: 468004a0 478004a0 46c004a0 47c004a0 
00004880: 400005a0 410005a0 404005a0 414005a0 
00004890: 420005a0 430005a0 424005a0 434005a0 
000048a0: 408005a0 418005a0 40c005a0 41c005a0 
000048b0: 428005a0 438005a0 42c005a0 43c005a0 
000048c0: 440005a0 450005a0 444005a0 454005a0 
000048d0: 460005a0 470005a0 464005a0 474005a0 
000048e0: 448005a0 458005a0 44c005a0 45c005a0 
000048f0: 468005a0 478005a0 46c005a0 47c005a0 
00004900: 480004a0 490004a0 484004a0 494004a0 
00004910: 4a0004a0 4b0004a0 4a4004a0 4b4004a0 
00004920: 488004a0 498004a0 48c004a0 49c004a0 
00004930: 4a8004a0 4b8004a0 4ac004a0 4bc004a0 
00004940: 4c0004a0 4d0004a0 4c4004a0 4d4004a0 
00004950: 4e0004a0 4f0004a0 4e4004a0 4f4004a0 
00004960: 4c8004a0 4d8004a0 4cc004a0 4dc004a0 
00004970: 4e8004a0 4f8004a0 4ec004a0 4fc004a0 
00004980: 480005a0 490005a0 484005a0 494005a0 
00004990: 4a0005a0 4b0005a0 4a4005a0 4b4005a0 
000049a0: 488005a0 498005a0 48c005a0 49c005a0 
000049b0: 4a8005a0 4b8005a0 4ac005a0 4bc005a0 
000049c0: 4c0005a0 4d0005a0 4c4005a0 4d4005a0 
000049d0: 4e0005a0 4f0005a0 4e4005a0 4f4005a0 
000049e0: 4c8005a0 4d8005a0 4cc005a0 4dc005a0 
000049f0: 4e8005a0 4f8005a0 4ec005a0 4fc005a0 
00004a00: 400006a0 410006a0 404006a0 414006a0 
00004a10: 420006a0 430006a0 424006a0 434006a0 
00004a20: 408006a0 418006a0 40c006a0 41c006a0 
00004a30: 428006a0 438006a0 42c006a0 43c006a0 
00004a40: 440006a0 450006a0 444006a0 454006a0 
00004a50: 460006a0 470006a0 464006a0 474006a0 
00004a60: 448006a0 458006a0 44c006a0 45c006a0 
00004a70: 468006a0 478006a0 46c006a0 47c006a0 
00004a80: 400007a0 410007a0 404007a0 414007a0 
00004a90: 420007a0 430007a0 424007a0 434007a0 
00004aa0: 408007a0 418007a0 40c007a0 41c007a0 
00004ab0: 428007a0 438007a0 42c007a0 43c007a0 
00004ac0: 440007a0 450007a0 444007a0 454007a0 
00004ad0: 460007a0 470007a0 464007a0 474007a0 
00004ae0: 448007a0 458007a0 44c007a0 45c007a0 
00004af0: 468007a0 478007a0 46c007a0 47c007a0 
00004b00: 480006a0 490006a0 484006a0 494006a0 
00004b10: 4a0006a0 4b0006a0 4a4006a0 4b4006a0 
00004b20: 488006a0 498006a0 48c006a0 49c006a0 
00004b30: 4a8006a0 4b8006a0 4ac006a0 4bc006a0 
00004b40: 4c0006a0 4d0006a0 4c4006a0 4d4006a0 
00004b50: 4e0006a0 4f0006a0 4e4006a0 4f4006a0 
00004b60: 4c8006a0 4d8006a0 4cc006a0 4dc006a0 
00004b70: 4e8006a0 4f8006a0 4ec006a0 4fc006a0 
00004b80: 480007a0 490007a0 484007a0 494007a0 
00004b90: 4a0007a0 4b0007a0 4a4007a0 4b4007a0 
00004ba0: 488007a0 498007a0 48c007a0 49c007a0 
00004bb0: 4a8007a0 4b8007a0 4ac007a0 4bc007a0 
00004bc0: 4c0007a0 4d0007a0 4c4007a0 4d4007a0 
00004bd0: 4e0007a0 4f0007a0 4e4007a0 4f4007a0 
00004be0: 4c8007a0 4d8007a0 4cc007a0 4dc007a0 
00004bf0: 4e8007a0 4f8007a0 4ec007a0 4fc007a0 
00004c00: 500004a0 510004a0 504004a0 514004a0 
00004c10: 520004a0 530004a0 524004a0 534004a0 
00004c20: 508004a0 518004a0 50c004a0 51c004a0 
00004c30: 528004a0 538004a0 52c004a0 53c004a0 
00004c40: 540004a0 550004a0 544004a0 554004a0 
00004c50: 560004a0 570004a0 564004a0 574004a0 
00004c60: 548004a0 558004a0 54c004a0 55c004a0 
00004c70: 568004a0 578004a0 56c004a0 57c004a0 
00004c80: 500005a0 510005a0 504005a0 514005a0 
00004c90: 520005a0 530005a0 524005a0 534005a0 
00004ca0: 508005a0 518005a0 50c005a0 51c005a0 
00004cb0: 528005a0 538005a0 52c005a0 53c005a0 
00004cc0: 540005a0 550005a0 544005a0 554005a0 
00004cd0: 560005a0 570005a0 564005a0 574005a0 
00004ce0: 548005a0 558005a0 54c005a0 55c005a0 
00004cf0: 568005a0 578005a0 56c005a0 57c005a0 
00004d00: 580004a0 590004a0 584004a0 594004a0 
00004d10: 5a0004a0 5b0004a0 5a4004a0 5b4004a0 
00004d20: 588004a0 598004a0 58c004a0 59c004a0 
00004d30: 5a8004a0 5b8004a0 5ac004a0 5bc004a0 
00004d40: 5c0004a0 5d0004a0 5c4004a0 5d4004a0 
00004d50: 5e0004a0 5f0004a0 5e4004a0 5f4004a0 
00004d60: 5c8004a0 5d8004a0 5cc004a0 5dc004a0 
00004d70: 5e8004a0 5f8004a0 5ec004a0 5fc004a0 
00004d80: 580005a0 590005a0 584005a0 594005a0 
00004d90: 5a0005a0 5b0005a0 5a4005a0 5b4005a0 
00004da0: 588005a0 598005a0 58c005a0 59c005a0 
00004db0: 5a8005a0 5b8005a0 5ac005a0 5bc005a0 
00004dc0: 5c0005a0 5d0005a0 5c4005a0 5d4005a0 
00004dd0: 5e0005a0 5f0005a0 5e4005a0 5f4005a0 
00004de0: 5c8005a0 5d8005a0 5cc005a0 5dc005a0 
00004df0: 5e8005a0 5f8005a0 5ec005a0 5fc005a0 
00004e00: 500006a0 510006a0 504006a0 514006a0 
00004e10: 520006a0 530006a0 524006a0 534006a0 
00004e20: 508006a0 518006a0 50c006a0 51c006a0 
00004e30: 528006a0 538006a0 52c006a0 53c006a0 
00004e40: 540006a0 550006a0 544006a0 554006a0 
00004e50: 560006a0 570006a0 564006a0 574006a0 
00004e60: 548006a0 558006a0 54c006a0 55c006a0 
00004e70: 568006a0 578006a0 56c006a0 57c006a0 
00004e80: 500007a0 510007a0 504007a0 514007a0 
00004e90: 520007a0 530007a0 524007a0 534007a0 
00004ea0: 508007a0 518007a0 50c007a0 51c007a0 
00004eb0: 528007a0 538007a0 52c007a0 53c007a0 
00004ec0: 540007a0 550007a0 544007a0 554007a0 
00004ed0: 560007a0 570007a0 564007a0 574007a0 
00004ee0: 548007a0 558007a0 54c007a0 55c007a0 
00004ef0: 568007a0 578007a0 56c007a0 57c007a0 
00004f00: 580006a0 590006a0 584006a0 594006a0 
00004f10: 5a0006a0 5b0006a0 5a4006a0 5b4006a0 
00004f20: 588006a0 598006a0 58c006a0 59c006a0 
00004f30: 5a8006a0 5b8006a0 5ac006a0 5bc006a0 
00004f40: 5c0006a0 5d0006a0 5c4006a0 5d4006a0 
00004f50: 5e0006a0 5f0006a0 5e4006a0 5f4006a0 
00004f60: 5c8006a0 5d8006a0 5cc006a0 5dc006a0 
00004f70: 5e8006a0 5f8006a0 5ec006a0 5fc006a0 
00004f80: 580007a0 590007a0 584007a0 594007a0 
00004f90: 5a0007a0 5b0007a0 5a4007a0 5b4007a0 
00004fa0: 588007a0 598007a0 58c007a0 59c007a0 
00004fb0: 5a8007a0 5b8007a0 5ac007a0 5bc007a0 
00004fc0: 5c0007a0 5d0007a0 5c4007a0 5d4007a0 
00004fd0: 5e0007a0 5f0007a0 5e4007a0 5f4007a0 
00004fe0: 5c8007a0 5d8007a0 5cc007a0 5dc007a0 
00004ff0: 5e8007a0 5f8007a0 5ec007a0 5fc007a0 
00005000: 600000a0 610000a0 604000a0 614000a0 
00005010: 620000a0 630000a0 624000a0 634000a0 
00005020: 608000a0 618000a0 60c000a0 61c000a0 
00005030: 628000a0 638000a0 62c000a0 63c000a0 
00005040: 640000a0 650000a0 644000a0 654000a0 
00005050: 660000a0 670000a0 664000a0 674000a0 
00005060: 648000a0 658000a0 64c000a0 65c000a0 
00005070: 668000a0 678000a0 66c000a0 67c000a0 
00005080: 600001a0 610001a0 604001a0 614001a0 
00005090: 620001a0 630001a0 624001a0 634001a0 
000050a0: 608001a0 618001a0 60c001a0 61c001a0 
000050b0: 628001a0 638001a0 62c001a0 63c001a0 
000050c0: 640001a0 650001a0 644001a0 654001a0 
000050d0: 660001a0 670001a0 664001a0 674001a0 
000050e0: 648001a0 658001a0 64c001a0 65c001a0 
000050f0: 668001a0 678001a0 66c001a0 67c001a0 
00005100: 680000a0 690000a0 684000a0 694000a0 
00005110: 6a0000a0 6b0000a0 6a4000a0 6b4000a0 
00005120: 688000a0 698000a0 68c000a0 69c000a0 
00005130: 6a8000a0 6b8000a0 6ac000a0 6bc000a0 
00005140: 6c0000a0 6d0000a0 6c4000a0 6d4000a0 
00005150: 6e0000a0 6f0000a0 6e4000a0 6f4000a0 
00005160: 6c8000a0 6d8000a0 6cc000a0 6dc000a0 
00005170: 6e8000a0 6f8000a0 6ec000a0 6fc000a0 
00005180: 680001a0 690001a0 684001a0 694001a0 
00005190: 6a0001a0 6b0001a0 6a4001a0 6b4001a0 
000051a0: 688001a0 698001a0 68c001a0 69c001a0 
000051b0: 6a8001a0 6b8001a0 6ac001a0 6bc001a0 
000051c0: 6c0001a0 6d0001a0 6c4001a0 6d4001a0 
000051d0: 6e0001a0 6f0001a0 6e4001a0 6f4001a0 
000051e0: 6c8001a0 6d8001a0 6cc001a0 6dc001a0 
000051f0: 6e8001a0 6f8001a0 6ec001a0 6fc001a0 
00005200: 600002a0 610002a0 604002a0 614002a0 
00005210: 620002a0 630002a0 624002a0 634002a0 
00005220: 608002a0 618002a0 60c002a0 61c002a0 
00005230: 628002a0 638002a0 62c002a0 63c002a0 
00005240: 640002a0 650002a0 644002a0 654002a0 
00005250: 660002a0 670002a0 664002a0 674002a0 
00005260: 648002a0 658002a0 64c002a0 65c002a0 
00005270: 668002a0 678002a0 66c002a0 67c002a0 
00005280: 600003a0 610003a0 604003a0 614003a0 
00005290: 620003a0 630003a0 624003a0 634003a0 
000052a0: 608003a0 618003a0 60c003a0 61c003a0 
000052b0: 628003a0 638003a0 62c003a0 63c003a0 
000052c0: 640003a0 650003a0 644003a0 654003a0 
000052d0: 660003a0 670003a0 664003a0 674003a0 
000052e0: 648003a0 658003a0 64c003a0 65c003a0 
000052f0: 668003a0 678003a0 66c003a0 67c003a0 
00005300: 680002a0 690002a0 684002a0 694002a0 
00005310: 6a0002a0 6b0002a0 6a4002a0 6b4002a0 
00005320: 688002a0 698002a0 68c002a0 69c002a0 
00005330: 6a8002a0 6b8002a0 6ac002a0 6bc002a0 
00005340: 6c0002a0 6d0002a0 6c4002a0 6d4002a0 
00005350: 6e0002a0 6f0002a0 6e4002a0 6f4002a0 
00005360: 6c8002a0 6d8002a0 6cc002a0 6dc002a0 
00005370: 6e8002a0 6f8002a0 6ec002a0 6fc002a0 
00005380: 680003a0 690003a0 684003a0 694003a0 
00005390: 6a0003a0 6b0003a0 6a4003a0 6b4003a0 
000053a0: 688003a0 698003a0 68c003a0 69c003a0 
000053b0: 6a8003a0 6b8003a0 6ac003a0 6bc003a0 
000053c0: 6c0003a0 6d0003a0 6c4003a0 6d4003a0 
000053d0: 6e0003a0 6f0003a0 6e4003a0 6f4003a0 
000053e0: 6c8003a0 6d8003a0 6cc003a0 6dc003a0 
000053f0: 6e8003a0 6f8003a0 6ec003a0 6fc003a0 
00005400: 700000a0 710000a0 704000a0 714000a0 
00005410: 720000a0 730000a0 724000a0 734000a0 
00005420: 708000a0 718000a0 70c000a0 71c000a0 
00005430: 728000a0 738000a0 72c000a0 73c000a0 
00005440: 740000a0 750000a0 744000a0 754000a0 
00005450: 760000a0 770000a0 764000a0 774000a0 
00005460: 748000a0 758000a0 74c000a0 75c000a0 
00005470: 768000a0 778000a0 76c000a0 77c000a0 
00005480: 700001a0 710001a0 704001a0 714001a0 
00005490: 720001a0 730001a0 724001a0 734001a0 
000054a0: 708001a0 718001a0 70c001a0 71c001a0 
000054b0: 728001a0 738001a0 72c001a0 73c001a0 
000054c0: 740001a0 750001a0 744001a0 754001a0 
000054d0: 760001a0 770001a0 764001a0 774001a0 
000054e0: 748001a0 758001a0 74c001a0 75c001a0 
000054f0: 768001a0 778001a0 76c001a0 77c001a0 
00005500: 780000a0 790000a0 784000a0 794000a0 
00005510: 7a0000a0 7b0000a0 7a4000a0 7b4000a0 
00005520: 788000a0 798000a0 78c000a0 79c000a0 
00005530: 7a8000a0 7b8000a0 7ac000a0 7bc000a0 
00005540: 7c0000a0 7d0000a0 7c4000a0 7d4000a0 
00005550: 7e0000a0 7f0000a0 7e4000a0 7f4000a0 
00005560: 7c8000a0 7d8000a0 7cc000a0 7dc000a0 
00005570: 7e8000a0 7f8000a0 7ec000a0 7fc000a0 
00005580: 780001a0 790001a0 784001a0 794001a0 
00005590: 7a0001a0 7b0001a0 7a4001a0 7b4001a0 
000055a0: 788001a0 798001a0 78c001a0 79c001a0 
000055b0: 7a8001a0 7b8001a0 7ac001a0 7bc001a0 
000055c0: 7c0001a0 7d0001a0 7c4001a0 7d4001a0 
000055d0: 7e0001a0 7f0001a0 7e4001a0 7f4001a0 
000055e0: 7c8001a0 7d8001a0 7cc001a0 7dc001a0 
000055f0: 7e8001a0 7f8001a0 7ec001a0 7fc001a0 
00005600: 700002a0 710002a0 704002a0 714002a0 
00005610: 720002a0 730002a0 724002a0 734002a0 
00005620: 708002a0 718002a0 70c002a0 71c002a0 
00005630: 728002a0 738002a0 72c002a0 73c002a0 
00005640: 740002a0 750002a0 744002a0 754002a0 
00005650: 760002a0 770002a0 764002a0 774002a0 
00005660: 748002a0 758002a0 74c002a0 75c002a0 
00005670: 768002a0 778002a0 76c002a0 77c002a0 
00005680: 700003a0 710003a0 704003a0 714003a0 
00005690: 720003a0 730003a0 724003a0 734003a0 
000056a0: 708003a0 718003a0 70c003a0 71c003a0 
000056b0: 728003a0 738003a0 72c003a0 73c003a0 
000056c0: 740003a0 750003a0 744003a0 754003a0 
000056d0: 760003a0 770003a0 764003a0 774003a0 
000056e0: 748003a0 758003a0 74c003a0 75c003a0 
000056f0: 768003a0 778003a0 76c003a0 77c003a0 
00005700: 780002a0 790002a0 784002a0 794002a0 
00005710: 7a0002a0 7b0002a0 7a4002a0 7b4002a0 
00005720: 788002a0 798002a0 78c002a0 79c002a0 
00005730: 7a8002a0 7b8002a0 7ac002a0 7bc002a0 
00005740: 7c0002a0 7d0002a0 7c4002a0 7d4002a0 
00005750: 7e0002a0 7f0002a0 7e4002a0 7f4002a0 
00005760: 7c8002a0 7d8002a0 7cc002a0 7dc002a0 
00005770: 7e8002a0 7f8002a0 7ec002a0 7fc002a0 
00005780: 780003a0 790003a0 784003a0 794003a0 
00005790: 7a0003a0 7b0003a0 7a4003a0 7b4003a0 
000057a0: 788003a0 798003a0 78c003a0 79c003a0 
000057b0: 7a8003a0 7b8003a0 7ac003a0 7bc003a0 
000057c0: 7c0003a0 7d0003a0 7c4003a0 7d4003a0 
000057d0: 7e0003a0 7f0003a0 7e4003a0 7f4003a0 
000057e0: 7c8003a0 7d8003a0 7cc003a0 7dc003a0 
000057f0: 7e8003a0 7f8003a0 7ec003a0 7fc003a0 
00005800: 600004a0 610004a0 604004a0 614004a0 
00005810: 620004a0 630004a0 624004a0 634004a0 
00005820: 608004a0 618004a0 60c004a0 61c004a0 
00005830: 628004a0 638004a0 62c004a0 63c004a0 
00005840: 640004a0 650004a0 644004a0 654004a0 
00005850: 660004a0 670004a0 664004a0 674004a0 
00005860: 648004a0 658004a0 64c004a0 65c004a0 
00005870: 668004a0 678004a0 66c004a0 67c004a0 
00005880: 600005a0 610005a0 604005a0 614005a0 
00005890: 620005a0 630005a0 624005a0 634005a0 
000058a0: 608005a0 618005a0 60c005a0 61c005a0 
000058b0: 628005a0 638005a0 62c005a0 63c005a0 
000058c0: 640005a0 650005a0 644005a0 654005a0 
000058d0: 660005a0 670005a0 664005a0 674005a0 
000058e0: 648005a0 658005a0 64c005a0 65c005a0 
000058f0: 668005a0 678005a0 66c005a0 67c005a0 
00005900: 680004a0 690004a0 684004a0 694004a0 
00005910: 6a0004a0 6b0004a0 6a4004a0 6b4004a0 
00005920: 688004a0 698004a0 68c004a0 69c004a0 
00005930: 6a8004a0 6b8004a0 6ac004a0 6bc004a0 
00005940: 6c0004a0 6d0004a0 6c4004a0 6d4004a0 
00005950: 6e0004a0 6f0004a0 6e4004a0 6f4004a0 
00005960: 6c8004a0 6d8004a0 6cc004a0 6dc004a0 
00005970: 6e8004a0 6f8004a0 6ec004a0 6fc004a0 
00005980: 680005a0 690005a0 684005a0 694005a0 
00005990: 6a0005a0 6b0005a0 6a4005a0 6b4005a0 
000059a0: 688005a0 698005a0 68c005a0 69c005a0 
000059b0: 6a8005a0 6b8005a0 6ac005a0 6bc005a0 
000059c0: 6c0005a0 6d0005a0 6c4005a0 6d4005a0 
000059d0: 6e0005a0 6f0005a0 6e4005a0 6f4005a0 
000059e0: 6c8005a0 6d8005a0 6cc005a0 6dc005a0 
000059f0: 6e8005a0 6f8005a0 6ec005a0 6fc005a0 
00005a00: 600006a0 610006a0 604006a0 614006a0 
00005a10: 620006a0 630006a0 624006a0 634006a0 
00005a20: 608006a0 618006a0 60c006a0 61c006a0 
00005a30: 628006a0 638006a0 62c006a0 63c006a0 
00005a40: 640006a0 650006a0 644006a0 654006a0 
00005a50: 660006a0 670006a0 664006a0 674006a0 
00005a60: 648006a0 658006a0 64c006a0 65c006a0 
00005a70: 668006a0 678006a0 66c006a0 67c006a0 
00005a80: 600007a0 610007a0 604007a0 614007a0 
00005a90: 620007a0 630007a0 624007a0 634007a0 
00005aa0: 608007a0 618007a0 60c007a0 61c007a0 
00005ab0: 628007a0 638007a0 62c007a0 63c007a0 
00005ac0: 640007a0 650007a0 644007a0 654007a0 
00005ad0: 660007a0 670007a0 664007a0 674007a0 
00005ae0: 648007a0 658007a0 64c007a0 65c007a0 
00005af0: 668007a0 678007a0 66c007a0 67c007a0 
00005b00: 680006a0 690006a0 684006a0 694006a0 
00005b10: 6a0006a0 6b0006a0 6a4006a0 6b4006a0 
00005b20: 688006a0 698006a0 68c006a0 69c006a0 
00005b30: 6a8006a0 6b8006a0 6ac006a0 6bc006a0 
00005b40: 6c0006a0 6d0006a0 6c4006a0 6d4006a0 
00005b50: 6e0006a0 6f0006a0 6e4006a0 6f4006a0 
00005b60: 6c8006a0 6d8006a0 6cc006a0 6dc006a0 
00005b70: 6e8006a0 6f8006a0 6ec006a0 6fc006a0 
00005b80: 680007a0 690007a0 684007a0 694007a0 
00005b90: 6a0007a0 6b0007a0 6a4007a0 6b4007a0 
00005ba0: 688007a0 698007a0 68c007a0 69c007a0 
00005bb0: 6a8007a0 6b8007a0 6ac007a0 6bc007a0 
00005bc0: 6c0007a0 6d0007a0 6c4007a0 6d4007a0 
00005bd0: 6e0007a0 6f0007a0 6e4007a0 6f4007a0 
00005be0: 6c8007a0 6d8007a0 6cc007a0 6dc007a0 
00005bf0: 6e8007a0 6f8007a0 6ec007a0 6fc007a0 
00005c00: 700004a0 710004a0 704004a0 714004a0 
00005c10: 720004a0 730004a0 724004a0 734004a0 
00005c20: 708004a0 718004a0 70c004a0 71c004a0 
00005c30: 728004a0 738004a0 72c004a0 73c004a0 
00005c40: 740004a0 750004a0 744004a0 754004a0 
00005c50: 760004a0 770004a0 764004a0 774004a0 
00005c60: 748004a0 758004a0 74c004a0 75c004a0 
00005c70: 768004a0 778004a0 76c004a0 77c004a0 
00005c80: 700005a0 710005a0 704005a0 714005a0 
00005c90: 720005a0 730005a0 724005a0 734005a0 
00005ca0: 708005a0 718005a0 70c005a0 71c005a0 
00005cb0: 728005a0 738005a0 72c005a0 73c005a0 
00005cc0: 740005a0 750005a0 744005a0 754005a0 
00005cd0: 760005a0 770005a0 764005a0 774005a0 
00005ce0: 748005a0 758005a0 74c005a0 75c005a0 
00005cf0: 768005a0 778005a0 76c005a0 77c005a0 
00005d00: 780004a0 790004a0 784004a0 794004a0 
00005d10: 7a0004a0 7b0004a0 7a4004a0 7b4004a0 
00005d20: 788004a0 798004a0 78c004a0 79c004a0 
00005d30: 7a8004a0 7b8004a0 7ac004a0 7bc004a0 
00005d40: 7c0004a0 7d0004a0 7c4004a0 7d4004a0 
00005d50: 7e0004a0 7f0004a0 7e4004a0 7f4004a0 
00005d60: 7c8004a0 7d8004a0 7cc004a0 7dc004a0 
00005d70: 7e8004a0 7f8004a0 7ec004a0 7fc004a0 
00005d80: 780005a0 790005a0 784005a0 794005a0 
00005d90: 7a0005a0 7b0005a0 7a4005a0 7b4005a0 
00005da0: 788005a0 798005a0 78c005a0 79c005a0 
00005db0: 7a8005a0 7b8005a0 7ac005a0 7bc005a0 
00005dc0: 7c0005a0 7d0005a0 7c4005a0 7d4005a0 
00005dd0: 7e0005a0 7f0005a0 7e4005a0 7f4005a0 
00005de0: 7c8005a0 7d8005a0 7cc005a0 7dc005a0 
00005df0: 7e8005a0 7f8005a0 7ec005a0 7fc005a0 
00005e00: 700006a0 710006a0 704006a0 714006a0 
00005e10: 720006a0 730006a0 724006a0 734006a0 
00005e20: 708006a0 718006a0 70c006a0 71c006a0 
00005e30: 728006a0 738006a0 72c006a0 73c006a0 
00005e40: 740006a0 750006a0 744006a0 754006a0 
00005e50: 760006a0 770006a0 764006a0 774006a0 
00005e60: 748006a0 758006a0 74c006a0 75c006a0 
00005e70: 768006a0 778006a0 76c006a0 77c006a0 
00005e80: 700007a0 710007a0 704007a0 714007a0 
00005e90: 720007a0 730007a0 724007a0 734007a0 
00005ea0: 708007a0 718007a0 70c007a0 71c007a0 
00005eb0: 728007a0 738007a0 72c007a0 73c007a0 
00005ec0: 740007a0 750007a0 744007a0 754007a0 
00005ed0: 760007a0 770007a0 764007a0 774007a0 
00005ee0: 748007a0 758007a0 74c007a0 75c007a0 
00005ef0: 768007a0 778007a0 76c007a0 77c007a0 
00005f00: 780006a0 790006a0 784006a0 794006a0 
00005f10: 7a0006a0 7b0006a0 7a4006a0 7b4006a0 
00005f20: 788006a0 798006a0 78c006a0 79c006a0 
00005f30: 7a8006a0 7b8006a0 7ac006a0 7bc006a0 
00005f40: 7c0006a0 7d0006a0 7c4006a0 7d4006a0 
00005f50: 7e0006a0 7f0006a0 7e4006a0 7f4006a0 
00005f60: 7c8006a0 7d8006a0 7cc006a0 7dc006a0 
00005f70: 7e8006a0 7f8006a0 7ec006a0 7fc006a0 
00005f80: 780007a0 790007a0 784007a0 794007a0 
00005f90: 7a0007a0 7b0007a0 7a4007a0 7b4007a0 
00005fa0: 788007a0 798007a0 78c007a0 79c007a0 
00005fb0: 7a8007a0 7b8007a0 7ac007a0 7bc007a0 
00005fc0: 7c0007a0 7d0007a0 7c4007a0 7d4007a0 
00005fd0: 7e0007a0 7f0007a0 7e4007a0 7f4007a0 
00005fe0: 7c8007a0 7d8007a0 7cc007a0 7dc007a0 
00005ff0: 7e8007a0 7f8007a0 7ec007a0 7fc007a0 
00006000: 400008a0 410008a0 404008a0 414008a0 
00006010: 420008a0 430008a0 424008a0 434008a0 
00006020: 408008a0 418008a0 40c008a0 41c008a0 
00006030: 428008a0 438008a0 42c008a0 43c008a0 
00006040: 440008a0 450008a0 444008a0 454008a0 
00006050: 460008a0 470008a0 464008a0 474008a0 
00006060: 448008a0 458008a0 44c008a0 45c008a0 
00006070: 468008a0 478008a0 46c008a0 47c008a0 
00006080: 400009a0 410009a0 404009a0 414009a0 
00006090: 420009a0 430009a0 424009a0 434009a0 
000060a0: 408009a0 418009a0 40c009a0 41c009a0 
000060b0: 428009a0 438009a0 42c009a0 43c009a0 
000060c0: 440009a0 450009a0 444009a0 454009a0 
000060d0: 460009a0 470009a0 464009a0 474009a0 
000060e0: 448009a0 458009a0 44c009a0 45c009a0 
000060f0: 468009a0 478009a0 46c009a0 47c009a0 
00006100: 480008a0 490008a0 484008a0 494008a0 
00006110: 4a0008a0 4b0008a0 4a4008a0 4b4008a0 
00006120: 488008a0 498008a0 48c008a0 49c008a0 
00006130: 4a8008a0 4b8008a0 4ac008a0 4bc008a0 
00006140: 4c0008a0 4d0008a0 4c4008a0 4d4008a0 
00006150: 4e0008a0 4f0008a0 4e4008a0 4f4008a0 
00006160: 4c8008a0 4d8008a0 4cc008a0 4dc008a0 
00006170: 4e8008a0 4f8008a0 4ec008a0 4fc008a0 
00006180: 480009a0 490009a0 484009a0 494009a0 
00006190: 4a0009a0 4b0009a0 4a4009a0 4b4009a0 
000061a0: 488009a0 498009a0 48c009a0 49c009a0 
000061b0: 4a8009a0 4b8009a0 4ac009a0 4bc009a0 
000061c0: 4c0009a0 4d0009a0 4c4009a0 4d4009a0 
000061d0: 4e0009a0 4f0009a0 4e4009a0 4f4009a0 
000061e0: 4c8009a0 4d8009a0 4cc009a0 4dc009a0 
000061f0: 4e8009a0 4f8009a0 4ec009a0 4fc009a0 
00006200: 40000aa0 41000aa0 40400aa0 41400aa0 
00006210: 42000aa0 43000aa0 42400aa0 43400aa0 
00006220: 40800aa0 41800aa0 40c00aa0 41c00aa0 
00006230: 42800aa0 43800aa0 42c00aa0 43c00aa0 
00006240: 44000aa0 45000aa0 44400aa0 45400aa0 
00006250: 46000aa0 47000aa0 46400aa0 47400aa0 
00006260: 44800aa0 45800aa0 44c00aa0 45c00aa0 
00006270: 46800aa0 47800aa0 46c00aa0 47c00aa0 
00006280: 40000ba0 41000ba0 40400ba0 41400ba0 
00006290: 42000ba0 43000ba0 42400ba0 43400ba0 
000062a0: 40800ba0 41800ba0 40c00ba0 41c00ba0 
000062b0: 42800ba0 43800ba0 42c00ba0 43c00ba0 
000062c0: 44000ba0 45000ba0 44400ba0 45400ba0 
000062d0: 46000ba0 47000ba0 46400ba0 47400ba0 
000062e0: 44800ba0 45800ba0 44c00ba0 45c00ba0 
000062f0: 46800ba0 47800ba0 46c00ba0 47c00ba0 
00006300: 48000aa0 49000aa0 48400aa0 49400aa0 
00006310: 4a000aa0 4b000aa0 4a400aa0 4b400aa0 
00006320: 48800aa0 49800aa0 48c00aa0 49c00aa0 
00006330: 4a800aa0 4b800aa0 4ac00aa0 4bc00aa0 
00006340: 4c000aa0 4d000aa0 4c400aa0 4d400aa0 
00006350: 4e000aa0 4f000aa0 4e400aa0 4f400aa0 
00006360: 4c800aa0 4d800aa0 4cc00aa0 4dc00aa0 
00006370: 4e800aa0 4f800aa0 4ec00aa0 4fc00aa0 
00006380: 48000ba0 49000ba0 48400ba0 49400ba0 
00006390: 4a000ba0 4b000ba0 4a400ba0 4b400ba0 
000063a0: 48800ba0 49800ba0 48c00ba0 49c00ba0 
000063b0: 4a800ba0 4b800ba0 4ac00ba0 4bc00ba0 
000063c0: 4c000ba0 4d000ba0 4c400ba0 4d400ba0 
000063d0: 4e000ba0 4f000ba0 4e400ba0 4f400ba0 
000063e0: 4c800ba0 4d800ba0 4cc00ba0 4dc00ba0 
000063f0: 4e800ba0 4f800ba0 4ec00ba0 4fc00ba0 
00006400: 500008a0 510008a0 504008a0 514008a0 
00006410: 520008a0 530008a0 524008a0 534008a0 
00006420: 508008a0 518008a0 50c008a0 51c008a0 
00006430: 528008a0 538008a0 52c008a0 53c008a0 
00006440: 540008a0 550008a0 544008a0 554008a0 
00006450: 560008a0 570008a0 564008a0 574008a0 
00006460: 548008a0 558008a0 54c008a0 55c008a0 
00006470: 568008a0 578008a0 56c008a0 57c008a0 
00006480: 500009a0 510009a0 504009a0 514009a0 
00006490: 520009a0 530009a0 524009a0 534009a0 
000064a0: 508009a0 518009a0 50c009a0 51c009a0 
000064b0: 528009a0 538009a0 52c009a0 53c009a0 
000064c0: 540009a0 550009a0 544009a0 554009a0 
000064d0: 560009a0 570009a0 564009a0 574009a0 
000064e0: 548009a0 558009a0 54c009a0 55c009a0 
000064f0: 568009a0 578009a0 56c009a0 57c009a0 
00006500: 580008a0 590008a0 584008a0 594008a0 
00006510: 5a0008a0 5b0008a0 5a4008a0 5b4008a0 
00006520: 588008a0 598008a0 58c008a0 59c008a0 
00006530: 5a8008a0 5b8008a0 5ac008a0 5bc008a0 
00006540: 5c0008a0 5d0008a0 5c4008a0 5d4008a0 
00006550: 5e0008a0 5f0008a0 5e4008a0 5f4008a0 
00006560: 5c8008a0 5d8008a0 5cc008a0 5dc008a0 
00006570: 5e8008a0 5f8008a0 5ec008a0 5fc008a0 
00006580: 580009a0 590009a0 584009a0 594009a0 
00006590: 5a0009a0 5b0009a0 5a4009a0 5b4009a0 
000065a0: 588009a0 598009a0 58c009a0 59c009a0 
000065b0: 5a8009a0 5b8009a0 5ac009a0 5bc009a0 
000065c0: 5c0009a0 5d0009a0 5c4009a0 5d4009a0 
000065d0: 5e0009a0 5f0009a0 5e4009a0 5f4009a0 
000065e0: 5c8009a0 5d8009a0 5cc009a0 5dc009a0 
000065f0: 5e8009a0 5f8009a0 5ec009a0 5fc009a0 
00006600: 50000aa0 51000aa0 50400aa0 51400aa0 
00006610: 52000aa0 53000aa0 52400aa0 53400aa0 
00006620: 50800aa0 51800aa0 50c00aa0 51c00aa0 
00006630: 52800aa0 53800aa0 52c00aa0 53c00aa0 
00006640: 54000aa0 55000aa0 54400aa0 55400aa0 
00006650: 56000aa0 57000aa0 56400aa0 57400aa0 
00006660: 54800aa0 55800aa0 54c00aa0 55c00aa0 
00006670: 56800aa0 57800aa0 56c00aa0 57c00aa0 
00006680: 50000ba0 51000ba0 50400ba0 51400ba0 
00006690: 52000ba0 53000ba0 52400ba0 53400ba0 
000066a0: 50800ba0 51800ba0 50c00ba0 51c00ba0 
000066b0: 52800ba0 53800ba0 52c00ba0 53c00ba0 
000066c0: 54000ba0 55000ba0 54400ba0 55400ba0 
000066d0: 56000ba0 57000ba0 56400ba0 57400ba0 
000066e0: 54800ba0 55800ba0 54c00ba0 55c00ba0 
000066f0: 56800ba0 57800ba0 56c00ba0 57c00ba0 
00006700: 58000aa0 59000aa0 58400aa0 59400aa0 
00006710: 5a000aa0 5b000aa0 5a400aa0 5b400aa0 
00006720: 58800aa0 59800aa0 58c00aa0 59c00aa0 
00006730: 5a800aa0 5b800aa0 5ac00aa0 5bc00aa0 
00006740: 5c000aa0 5d000aa0 5c400aa0 5d400aa0 
00006750: 5e000aa0 5f000aa0 5e400aa0 5f400aa0 
00006760: 5c800aa0 5d800aa0 5cc00aa0 5dc00aa0 
00006770: 5e800aa0 5f800aa0 5ec00aa0 5fc00aa0 
00006780: 58000ba0 59000ba0 58400ba0 59400ba0 
00006790: 5a000ba0 5b000ba0 5a400ba0 5b400ba0 
000067a0: 58800ba0 59800ba0 58c00ba0 59c00ba0 
000067b0: 5a800ba0 5b800ba0 5ac00ba0 5bc00ba0 
000067c0: 5c000ba0 5d000ba0 5c400ba0 5d400ba0 
000067d0: 5e000ba0 5f000ba0 5e400ba0 5f400ba0 
000067e0: 5c800ba0 5d800ba0 5cc00ba0 5dc00ba0 
000067f0: 5e800ba0 5f800ba0 5ec00ba0 5fc00ba0 
00006800: 40000ca0 41000ca0 40400ca0 41400ca0 
00006810: 42000ca0 43000ca0 42400ca0 43400ca0 
00006820: 40800ca0 41800ca0 40c00ca0 41c00ca0 
00006830: 42800ca0 43800ca0 42c00ca0 43c00ca0 
00006840: 44000ca0 45000ca0 44400ca0 45400ca0 
00006850: 46000ca0 47000ca0 46400ca0 47400ca0 
00006860: 44800ca0 45800ca0 44c00ca0 45c00ca0 
00006870: 46800ca0 47800ca0 46c00ca0 47c00ca0 
00006880: 40000da0 41000da0 40400da0 41400da0 
00006890: 42000da0 43000da0 42400da0 43400da0 
000068a0: 40800da0 41800da0 40c00da0 41c00da0 
000068b0: 42800da0 43800da0 42c00da0 43c00da0 
000068c0: 44000da0 45000da0 44400da0 45400da0 
000068d0: 46000da0 47000da0 46400da0 47400da0 
000068e0: 44800da0 45800da0 44c00da0 45c00da0 
000068f0: 46800da0 47800da0 46c00da0 47c00da0 
00006900: 48000ca0 49000ca0 48400ca0 49400ca0 
00006910: 4a000ca0 4b000ca0 4a400ca0 4b400ca0 
00006920: 48800ca0 49800ca0 48c00ca0 49c00ca0 
00006930: 4a800ca0 4b800ca0 4ac00ca0 4bc00ca0 
00006940: 4c000ca0 4d000ca0 4c400ca0 4d400ca0 
00006950: 4e000ca0 4f000ca0 4e400ca0 4f400ca0 
00006960: 4c800ca0 4d800ca0 4cc00ca0 4dc00ca0 
00006970: 4e800ca0 4f800ca0 4ec00ca0 4fc00ca0 
00006980: 48000da0 49000da0 48400da0 49400da0 
00006990: 4a000da0 4b000da0 4a400da0 4b400da0 
000069a0: 48800da0 49800da0 48c00da0 49c00da0 
000069b0: 4a800da0 4b800da0 4ac00da0 4bc00da0 
000069c0: 4c000da0 4d000da0 4c400da0 4d400da0 
000069d0: 4e000da0 4f000da0 4e400da0 4f400da0 
000069e0: 4c800da0 4d800da0 4cc00da0 4dc00da0 
000069f0: 4e800da0 4f800da0 4ec00da0 4fc00da0 
00006a00: 40000ea0 41000ea0 40400ea0 41400ea0 
00006a10: 42000ea0 43000ea0 42400ea0 43400ea0 
00006a20: 40800ea0 41800ea0 40c00ea0 41c00ea0 
00006a30: 42800ea0 43800ea0 42c00ea0 43c00ea0 
00006a40: 44000ea0 45000ea0 44400ea0 45400ea0 
00006a50: 46000ea0 47000ea0 46400ea0 47400ea0 
00006a60: 44800ea0 45800ea0 44c00ea0 45c00ea0 
00006a70: 46800ea0 47800ea0 46c00ea0 47c00ea0 
00006a80: 40000fa0 41000fa0 40400fa0 41400fa0 
00006a90: 42000fa0 43000fa0 42400fa0 43400fa0 
00006aa0: 40800fa0 41800fa0 40c00fa0 41c00fa0 
00006ab0: 42800fa0 43800fa0 42c00fa0 43c00fa0 
00006ac0: 44000fa0 45000fa0 44400fa0 45400fa0 
00006ad0: 46000fa0 47000fa0 46400fa0 47400fa0 
00006ae0: 44800fa0 45800fa0 44c00fa0 45c00fa0 
00006af0: 46800fa0 47800fa0 46c00fa0 47c00fa0 
00006b00: 48000ea0 49000ea0 48400ea0 49400ea0 
00006b10: 4a000ea0 4b000ea0 4a400ea0 4b400ea0 
00006b20: 48800ea0 49800ea0 48c00ea0 49c00ea0 
00006b30: 4a800ea0 4b800ea0 4ac00ea0 4bc00ea0 
00006b40: 4c000ea0 4d000ea0 4c400ea0 4d400ea0 
00006b50: 4e000ea0 4f000ea0 4e400ea0 4f400ea0 
00006b60: 4c800ea0 4d800ea0 4cc00ea0 4dc00ea0 
00006b70: 4e800ea0 4f800ea0 4ec00ea0 4fc00ea0 
00006b80: 48000fa0 49000fa0 48400fa0 49400fa0 
00006b90: 4a000fa0 4b000fa0 4a400fa0 4b400fa0 
00006ba0: 48800fa0 49800fa0 48c00fa0 49c00fa0 
00006bb0: 4a800fa0 4b800fa0 4ac00fa0 4bc00fa0 
00006bc0: 4c000fa0 4d000fa0 4c400fa0 4d400fa0 
00006bd0: 4e000fa0 4f000fa0 4e400fa0 4f400fa0 
00006be0: 4c800fa0 4d800fa0 4cc00fa0 4dc00fa0 
00006bf0: 4e800fa0 4f800fa0 4ec00fa0 4fc00fa0 
00006c00: 50000ca0 51000ca0 50400ca0 51400ca0 
00006c10: 52000ca0 53000ca0 52400ca0 53400ca0 
00006c20: 50800ca0 51800ca0 50c00ca0 51c00ca0 
00006c30: 52800ca0 53800ca0 52c00ca0 53c00ca0 
00006c40: 54000ca0 55000ca0 54400ca0 55400ca0 
00006c50: 56000ca0 57000ca0 56400ca0 57400ca0 
00006c60: 54800ca0 55800ca0 54c00ca0 55c00ca0 
00006c70: 56800ca0 57800ca0 56c00ca0 57c00ca0 
00006c80: 50000da0 51000da0 50400da0 51400da0 
00006c90: 52000da0 53000da0 52400da0 53400da0 
00006ca0: 50800da0 51800da0 50c00da0 51c00da0 
00006cb0: 52800da0 53800da0 52c00da0 53c00da0 
00006cc0: 54000da0 55000da0 54400da0 55400da0 
00006cd0: 56000da0 57000da0 56400da0 57400da0 
00006ce0: 54800da0 55800da0 54c00da0 55c00da0 
00006cf0: 56800da0 57800da0 56c00da0 57c00da0 
00006d00: 58000ca0 59000ca0 58400ca0 59400ca0 
00006d10: 5a000ca0 5b000ca0 5a400ca0 5b400ca0 
00006d20: 58800ca0 59800ca0 58c00ca0 59c00ca0 
00006d30: 5a800ca0 5b800ca0 5ac00ca0 5bc00ca0 
00006d40: 5c000ca0 5d000ca0 5c400ca0 5d400ca0 
00006d50: 5e000ca0 5f000ca0 5e400ca0 5f400ca0 
00006d60: 5c800ca0 5d800ca0 5cc00ca0 5dc00ca0 
00006d70: 5e800ca0 5f800ca0 5ec00ca0 5fc00ca0 
00006d80: 58000da0 59000da0 58400da0 59400da0 
00006d90: 5a000da0 5b000da0 5a400da0 5b400da0 
00006da0: 58800da0 59800da0 58c00da0 59c00da0 
00006db0: 5a800da0 5b800da0 5ac00da0 5bc00da0 
00006dc0: 5c000da0 5d000da0 5c400da0 5d400da0 
00006dd0: 5e000da0 5f000da0 5e400da0 5f400da0 
00006de0: 5c800da0 5d800da0 5cc00da0 5dc00da0 
00006df0: 5e800da0 5f800da0 5ec00da0 5fc00da0 
00006e00: 50000ea0 51000ea0 50400ea0 51400ea0 
00006e10: 52000ea0 53000ea0 52400ea0 53400ea0 
00006e20: 50800ea0 51800ea0 50c00ea0 51c00ea0 
00006e30: 52800ea0 53800ea0 52c00ea0 53c00ea0 
00006e40: 54000ea0 55000ea0 54400ea0 55400ea0 
00006e50: 56000ea0 57000ea0 56400ea0 57400ea0 
00006e60: 54800ea0 55800ea0 54c00ea0 55c00ea0 
00006e70: 56800ea0 57800ea0 56c00ea0 57c00ea0 
00006e80: 50000fa0 51000fa0 50400fa0 51400fa0 
00006e90: 52000fa0 53000fa0 52400fa0 53400fa0 
00006ea0: 50800fa0 51800fa0 50c00fa0 51c00fa0 
00006eb0: 52800fa0 53800fa0 52c00fa0 53c00fa0 
00006ec0: 54000fa0 55000fa0 54400fa0 55400fa0 
00006ed0: 56000fa0 57000fa0 56400fa0 57400fa0 
00006ee0: 54800fa0 55800fa0 54c00fa0 55c00fa0 
00006ef0: 56800fa0 57800fa0 56c00fa0 57c00fa0 
00006f00: 58000ea0 59000ea0 58400ea0 59400ea0 
00006f10: 5a000ea0 5b000ea0 5a400ea0 5b400ea0 
00006f20: 58800ea0 59800ea0 58c00ea0 59c00ea0 
00006f30: 5a800ea0 5b800ea0 5ac00ea0 5bc00ea0 
00006f40: 5c000ea0 5d000ea0 5c400ea0 5d400ea0 
00006f50: 5e000ea0 5f000ea0 5e400ea0 5f400ea0 
00006f60: 5c800ea0 5d800ea0 5cc00ea0 5dc00ea0 
00006f70: 5e800ea0 5f800ea0 5ec00ea0 5fc00ea0 
00006f80: 58000fa0 59000fa0 58400fa0 59400fa0 
00006f90: 5a000fa0 5b000fa0 5a400fa0 5b400fa0 
00006fa0: 58800fa0 59800fa0 58c00fa0 59c00fa0 
00006fb0: 5a800fa0 5b800fa0 5ac00fa0 5bc00fa0 
00006fc0: 5c000fa0 5d000fa0 5c400fa0 5d400fa0 
00006fd0: 5e000fa0 5f000fa0 5e400fa0 5f400fa0 
00006fe0: 5c800fa0 5d800fa0 5cc00fa0 5dc00fa0 
00006ff0: 5e800fa0 5f800fa0 5ec00fa0 5fc00fa0 
00007000: 600008a0 610008a0 604008a0 614008a0 
00007010: 620008a0 630008a0 624008a0 634008a0 
00007020: 608008a0 618008a0 60c008a0 61c008a0 
00007030: 628008a0 638008a0 62c008a0 63c008a0 
00007040: 640008a0 650008a0 644008a0 654008a0 
00007050: 660008a0 670008a0 664008a0 674008a0 
00007060: 648008a0 658008a0 64c008a0 65c008a0 
00007070: 668008a0 678008a0 66c008a0 67c008a0 
00007080: 600009a0 610009a0 604009a0 614009a0 
00007090: 620009a0 630009a0 624009a0 634009a0 
000070a0: 608009a0 618009a0 60c009a0 61c009a0 
000070b0: 628009a0 638009a0 62c009a0 63c009a0 
000070c0: 640009a0 650009a0 644009a0 654009a0 
000070d0: 660009a0 670009a0 664009a0 674009a0 
000070e0: 648009a0 658009a0 64c009a0 65c009a0 
000070f0: 668009a0 678009a0 66c009a0 67c009a0 
00007100: 680008a0 690008a0 684008a0 694008a0 
00007110: 6a0008a0 6b0008a0 6a4008a0 6b4008a0 
00007120: 688008a0 698008a0 68c008a0 69c008a0 
00007130: 6a8008a0 6b8008a0 6ac008a0 6bc008a0 
00007140: 6c0008a0 6d0008a0 6c4008a0 6d4008a0 
00007150: 6e0008a0 6f0008a0 6e4008a0 6f4008a0 
00007160: 6c8008a0 6d8008a0 6cc008a0 6dc008a0 
00007170: 6e8008a0 6f8008a0 6ec008a0 6fc008a0 
00007180: 680009a0 690009a0 684009a0 694009a0 
00007190: 6a0009a0 6b0009a0 6a4009a0 6b4009a0 
000071a0: 688009a0 698009a0 68c009a0 69c009a0 
000071b0: 6a8009a0 6b8009a0 6ac009a0 6bc009a0 
000071c0: 6c0009a0 6d0009a0 6c4009a0 6d4009a0 
000071d0: 6e0009a0 6f0009a0 6e4009a0 6f4009a0 
000071e0: 6c8009a0 6d8009a0 6cc009a0 6dc009a0 
000071f0: 6e8009a0 6f8009a0 6ec009a0 6fc009a0 
00007200: 60000aa0 61000aa0 60400aa0 61400aa0 
00007210: 62000aa0 63000aa0 62400aa0 63400aa0 
00007220: 60800aa0 61800aa0 60c00aa0 61c00aa0 
00007230: 62800aa0 63800aa0 62c00aa0 63c00aa0 
00007240: 64000aa0 65000aa0 64400aa0 65400aa0 
00007250: 66000aa0 67000aa0 66400aa0 67400aa0 
00007260: 64800aa0 65800aa0 64c00aa0 65c00aa0 
00007270: 66800aa0 67800aa0 66c00aa0 67c00aa0 
00007280: 60000ba0 61000ba0 60400ba0 61400ba0 
00007290: 62000ba0 63000ba0 62400ba0 63400ba0 
000072a0: 60800ba0 61800ba0 60c00ba0 61c00ba0 
000072b0: 62800ba0 63800ba0 62c00ba0 63c00ba0 
000072c0: 64000ba0 65000ba0 64400ba0 65400ba0 
000072d0: 66000ba0 67000ba0 66400ba0 67400ba0 
000072e0: 64800ba0 65800ba0 64c00ba0 65c00ba0 
000072f0: 66800ba0 67800ba0 66c00ba0 67c00ba0 
00007300: 68000aa0 69000aa0 68400aa0 69400aa0 
00007310: 6a000aa0 6b000aa0 6a400aa0 6b400aa0 
00007320: 68800aa0 69800aa0 68c00aa0 69c00aa0 
00007330: 6a800aa0 6b800aa0 6ac00aa0 6bc00aa0 
00007340: 6c000aa0 6d000aa0 6c400aa0 6d400aa0 
00007350: 6e000aa0 6f000aa0 6e400aa0 6f400aa0 
00007360: 6c800aa0 6d800aa0 6cc00aa0 6dc00aa0 
00007370: 6e800aa0 6f800aa0 6ec00aa0 6fc00aa0 
00007380: 68000ba0 69000ba0 68400ba0 69400ba0 
00007390: 6a000ba0 6b000ba0 6a400ba0 6b400ba0 
000073a0: 68800ba0 69800ba0 68c00ba0 69c00ba0 
000073b0: 6a800ba0 6b800ba0 6ac00ba0 6bc00ba0 
000073c0: 6c000ba0 6d000ba0 6c400ba0 6d400ba0 
000073d0: 6e000ba0 6f000ba0 6e400ba0 6f400ba0 
000073e0: 6c800ba0 6d800ba0 6cc00ba0 6dc00ba0 
000073f0: 6e800ba0 6f800ba0 6ec00ba0 6fc00ba0 
00007400: 700008a0 710008a0 704008a0 714008a0 
00007410: 720008a0 730008a0 724008a0 734008a0 
00007420: 708008a0 718008a0 70c008a0 71c008a0 
00007430: 728008a0 738008a0 72c008a0 73c008a0 
00007440: 740008a0 750008a0 744008a0 754008a0 
00007450: 760008a0 770008a0 764008a0 774008a0 
00007460: 748008a0 758008a0 74c008a0 75c008a0 
00007470: 768008a0 778008a0 76c008a0 77c008a0 
00007480: 700009a0 710009a0 704009a0 714009a0 
00007490: 720009a0 730009a0 724009a0 734009a0 
000074a0: 708009a0 718009a0 70c009a0 71c009a0 
000074b0: 728009a0 738009a0 72c009a0 73c009a0 
000074c0: 740009a0 750009a0 744009a0 754009a0 
000074d0: 760009a0 770009a0 764009a0 774009a0 
000074e0: 748009a0 758009a0 74c009a0 75c009a0 
000074f0: 768009a0 778009a0 76c009a0 77c009a0 
00007500: 780008a0 790008a0 784008a0 794008a0 
00007510: 7a0008a0 7b0008a0 7a4008a0 7b4008a0 
00007520: 788008a0 798008a0 78c008a0 79c008a0 
00007530: 7a8008a0 7b8008a0 7ac008a0 7bc008a0 
00007540: 7c0008a0 7d0008a0 7c4008a0 7d4008a0 
00007550: 7e0008a0 7f0008a0 7e4008a0 7f4008a0 
00007560: 7c8008a0 7d8008a0 7cc008a0 7dc008a0 
00007570: 7e8008a0 7f8008a0 7ec008a0 7fc008a0 
00007580: 780009a0 790009a0 784009a0 794009a0 
00007590: 7a0009a0 7b0009a0 7a4009a0 7b4009a0 
000075a0: 788009a0 798009a0 78c009a0 79c009a0 
000075b0: 7a8009a0 7b8009a0 7ac009a0 7bc009a0 
000075c0: 7c0009a0 7d0009a0 7c4009a0 7d4009a0 
000075d0: 7e0009a0 7f0009a0 7e4009a0 7f4009a0 
000075e0: 7c8009a0 7d8009a0 7cc009a0 7dc009a0 
000075f0: 7e8009a0 7f8009a0 7ec009a0 7fc009a0 
00007600: 70000aa0 71000aa0 70400aa0 71400aa0 
00007610: 72000aa0 73000aa0 72400aa0 73400aa0 
00007620: 70800aa0 71800aa0 70c00aa0 71c00aa0 
00007630: 72800aa0 73800aa0 72c00aa0 73c00aa0 
00007640: 74000aa0 75000aa0 74400aa0 75400aa0 
00007650: 76000aa0 77000aa0 76400aa0 77400aa0 
00007660: 74800aa0 75800aa0 74c00aa0 75c00aa0 
00007670: 76800aa0 77800aa0 76c00aa0 77c00aa0 
00007680: 70000ba0 71000ba0 70400ba0 71400ba0 
00007690: 72000ba0 73000ba0 72400ba0 73400ba0 
000076a0: 70800ba0 71800ba0 70c00ba0 71c00ba0 
000076b0: 72800ba0 73800ba0 72c00ba0 73c00ba0 
000076c0: 74000ba0 75000ba0 74400ba0 75400ba0 
000076d0: 76000ba0 77000ba0 76400ba0 77400ba0 
000076e0: 74800ba0 75800ba0 74c00ba0 75c00ba0 
000076f0: 76800ba0 77800ba0 76c00ba0 77c00ba0 
00007700: 78000aa0 79000aa0 78400aa0 79400aa0 
00007710: 7a000aa0 7b000aa0 7a400aa0 7b400aa0 
00007720: 78800aa0 79800aa0 78c00aa0 79c00aa0 
00007730: 7a800aa0 7b800aa0 7ac00aa0 7bc00aa0 
00007740: 7c000aa0 7d000aa0 7c400aa0 7d400aa0 
00007750: 7e000aa0 7f000aa0 7e400aa0 7f400aa0 
00007760: 7c800aa0 7d800aa0 7cc00aa0 7dc00aa0 
00007770: 7e800aa0 7f800aa0 7ec00aa0 7fc00aa0 
00007780: 78000ba0 79000ba0 78400ba0 79400ba0 
00007790: 7a000ba0 7b000ba0 7a400ba0 7b400ba0 
000077a0: 78800ba0 79800ba0 78c00ba0 79c00ba0 
000077b0: 7a800ba0 7b800ba0 7ac00ba0 7bc00ba0 
000077c0: 7c000ba0 7d000ba0 7c400ba0 7d400ba0 
000077d0: 7e000ba0 7f000ba0 7e400ba0 7f400ba0 
000077e0: 7c800ba0 7d800ba0 7cc00ba0 7dc00ba0 
000077f0: 7e800ba0 7f800ba0 7ec00ba0 7fc00ba0 
00007800: 60000ca0 61000ca0 60400ca0 61400ca0 
00007810: 62000ca0 63000ca0 62400ca0 63400ca0 
00007820: 60800ca0 61800ca0 60c00ca0 61c00ca0 
00007830: 62800ca0 63800ca0 62c00ca0 63c00ca0 
00007840: 64000ca0 65000ca0 64400ca0 65400ca0 
00007850: 66000ca0 67000ca0 66400ca0 67400ca0 
00007860: 64800ca0 65800ca0 64c00ca0 65c00ca0 
00007870: 66800ca0 67800ca0 66c00ca0 67c00ca0 
00007880: 60000da0 61000da0 60400da0 61400da0 
00007890: 62000da0 63000da0 62400da0 63400da0 
000078a0: 60800da0 61800da0 60c00da0 61c00da0 
000078b0: 62800da0 63800da0 62c00da0 63c00da0 
000078c0: 64000da0 65000da0 64400da0 65400da0 
000078d0: 66000da0 67000da0 66400da0 67400da0 
000078e0: 64800da0 65800da0 64c00da0 65c00da0 
000078f0: 66800da0 67800da0 66c00da0 67c00da0 
00007900: 68000ca0 69000ca0 68400ca0 69400ca0 
00007910: 6a000ca0 6b000ca0 6a400ca0 6b400ca0 
00007920: 68800ca0 69800ca0 68c00ca0 69c00ca0 
00007930: 6a800ca0 6b800ca0 6ac00ca0 6bc00ca0 
00007940: 6c000ca0 6d000ca0 6c400ca0 6d400ca0 
00007950: 6e000ca0 6f000ca0 6e400ca0 6f400ca0 
00007960: 6c800ca0 6d800ca0 6cc00ca0 6dc00ca0 
00007970: 6e800ca0 6f800ca0 6ec00ca0 6fc00ca0 
00007980: 68000da0 69000da0 68400da0 69400da0 
00007990: 6a000da0 6b000da0 6a400da0 6b400da0 
000079a0: 68800da0 69800da0 68c00da0 69c00da0 
000079b0: 6a800da0 6b800da0 6ac00da0 6bc00da0 
000079c0: 6c000da0 6d000da0 6c400da0 6d400da0 
000079d0: 6e000da0 6f000da0 6e400da0 6f400da0 
000079e0: 6c800da0 6d800da0 6cc00da0 6dc00da0 
000079f0: 6e800da0 6f800da0 6ec00da0 6fc00da0 
00007a00: 60000ea0 61000ea0 60400ea0 61400ea0 
00007a10: 62000ea0 63000ea0 62400ea0 63400ea0 
00007a20: 60800ea0 61800ea0 60c00ea0 61c00ea0 
00007a30: 62800ea0 63800ea0 62c00ea0 63c00ea0 
00007a40: 64000ea0 65000ea0 64400ea0 65400ea0 
00007a50: 66000ea0 67000ea0 66400ea0 67400ea0 
00007a60: 64800ea0 65800ea0 64c00ea0 65c00ea0 
00007a70: 66800ea0 67800ea0 66c00ea0 67c00ea0 
00007a80: 60000fa0 61000fa0 60400fa0 61400fa0 
00007a90: 62000fa0 63000fa0 62400fa0 63400fa0 
00007aa0: 60800fa0 61800fa0 60c00fa0 61c00fa0 
00007ab0: 62800fa0 63800fa0 62c00fa0 63c00fa0 
00007ac0: 64000fa0 65000fa0 64400fa0 65400fa0 
00007ad0: 66000fa0 67000fa0 66400fa0 67400fa0 
00007ae0: 64800fa0 65800fa0 64c00fa0 65c00fa0 
00007af0: 66800fa0 67800fa0 66c00fa0 67c00fa0 
00007b00: 68000ea0 69000ea0 68400ea0 69400ea0 
00007b10: 6a000ea0 6b000ea0 6a400ea0 6b400ea0 
00007b20: 68800ea0 69800ea0 68c00ea0 69c00ea0 
00007b30: 6a800ea0 6b800ea0 6ac00ea0 6bc00ea0 
00007b40: 6c000ea0 6d000ea0 6c400ea0 6d400ea0 
00007b50: 6e000ea0 6f000ea0 6e400ea0 6f400ea0 
00007b60: 6c800ea0 6d800ea0 6cc00ea0 6dc00ea0 
00007b70: 6e800ea0 6f800ea0 6ec00ea0 6fc00ea0 
00007b80: 68000fa0 69000fa0 68400fa0 69400fa0 
00007b90: 6a000fa0 6b000fa0 6a400fa0 6b400fa0 
00007ba0: 68800fa0 69800fa0 68c00fa0 69c00fa0 
00007bb0: 6a800fa0 6b800fa0 6ac00fa0 6bc00fa0 
00007bc0: 6c000fa0 6d000fa0 6c400fa0 6d400fa0 
00007bd0: 6e000fa0 6f000fa0 6e400fa0 6f400fa0 
00007be0: 6c800fa0 6d800fa0 6cc00fa0 6dc00fa0 
00007bf0: 6e800fa0 6f800fa0 6ec00fa0 6fc00fa0 
00007c00: 70000ca0 71000ca0 70400ca0 71400ca0 
00007c10: 72000ca0 73000ca0 72400ca0 73400ca0 
00007c20: 70800ca0 71800ca0 70c00ca0 71c00ca0 
00007c30: 72800ca0 73800ca0 72c00ca0 73c00ca0 
00007c40: 74000ca0 75000ca0 74400ca0 75400ca0 
00007c50: 76000ca0 77000ca0 76400ca0 77400ca0 
00007c60: 74800ca0 75800ca0 74c00ca0 75c00ca0 
00007c70: 76800ca0 77800ca0 76c00ca0 77c00ca0 
00007c80: 70000da0 71000da0 70400da0 71400da0 
00007c90: 72000da0 73000da0 72400da0 73400da0 
00007ca0: 70800da0 71800da0 70c00da0 71c00da0 
00007cb0: 72800da0 73800da0 72c00da0 73c00da0 
00007cc0: 74000da0 75000da0 74400da0 75400da0 
00007cd0: 76000da0 77000da0 76400da0 77400da0 
00007ce0: 74800da0 75800da0 74c00da0 75c00da0 
00007cf0: 76800da0 77800da0 76c00da0 77c00da0 
00007d00: 78000ca0 79000ca0 78400ca0 79400ca0 
00007d10: 7a000ca0 7b000ca0 7a400ca0 7b400ca0 
00007d20: 78800ca0 79800ca0 78c00ca0 79c00ca0 
00007d30: 7a800ca0 7b800ca0 7ac00ca0 7bc00ca0 
00007d40: 7c000ca0 7d000ca0 7c400ca0 7d400ca0 
00007d50: 7e000ca0 7f000ca0 7e400ca0 7f400ca0 
00007d60: 7c800ca0 7d800ca0 7cc00ca0 7dc00ca0 
00007d70: 7e800ca0 7f800ca0 7ec00ca0 7fc00ca0 
00007d80: 78000da0 79000da0 78400da0 79400da0 
00007d90: 7a000da0 7b000da0 7a400da0 7b400da0 
00007da0: 78800da0 79800da0 78c00da0 79c00da0 
00007db0: 7a800da0 7b800da0 7ac00da0 7bc00da0 
00007dc0: 7c000da0 7d000da0 7c400da0 7d400da0 
00007dd0: 7e000da0 7f000da0 7e400da0 7f400da0 
00007de0: 7c800da0 7d800da0 7cc00da0 7dc00da0 
00007df0: 7e800da0 7f800da0 7ec00da0 7fc00da0 
00007e00: 70000ea0 71000ea0 70400ea0 71400ea0 
00007e10: 72000ea0 73000ea0 72400ea0 73400ea0 
00007e20: 70800ea0 71800ea0 70c00ea0 71c00ea0 
00007e30: 72800ea0 73800ea0 72c00ea0 73c00ea0 
00007e40: 74000ea0 75000ea0 74400ea0 75400ea0 
00007e50: 76000ea0 77000ea0 76400ea0 77400ea0 
00007e60: 74800ea0 75800ea0 74c00ea0 75c00ea0 
00007e70: 76800ea0 77800ea0 76c00ea0 77c00ea0 
00007e80: 70000fa0 71000fa0 70400fa0 71400fa0 
00007e90: 72000fa0 73000fa0 72400fa0 73400fa0 
00007ea0: 70800fa0 71800fa0 70c00fa0 71c00fa0 
00007eb0: 72800fa0 73800fa0 72c00fa0 73c00fa0 
00007ec0: 74000fa0 75000fa0 74400fa0 75400fa0 
00007ed0: 76000fa0 77000fa0 76400fa0 77400fa0 
00007ee0: 74800fa0 75800fa0 74c00fa0 75c00fa0 
00007ef0: 76800fa0 77800fa0 76c00fa0 77c00fa0 
00007f00: 78000ea0 79000ea0 78400ea0 79400ea0 
00007f10: 7a000ea0 7b000ea0 7a400ea0 7b400ea0 
00007f20: 78800ea0 79800ea0 78c00ea0 79c00ea0 
00007f30: 7a800ea0 7b800ea0 7ac00ea0 7bc00ea0 
00007f40: 7c000ea0 7d000ea0 7c400ea0 7d400ea0 
00007f50: 7e000ea0 7f000ea0 7e400ea0 7f400ea0 
00007f60: 7c800ea0 7d800ea0 7cc00ea0 7dc00ea0 
00007f70: 7e800ea0 7f800ea0 7ec00ea0 7fc00ea0 
00007f80: 78000fa0 79000fa0 78400fa0 79400fa0 
00007f90: 7a000fa0 7b000fa0 7a400fa0 7b400fa0 
00007fa0: 78800fa0 79800fa0 78c00fa0 79c00fa0 
00007fb0: 7a800fa0 7b800fa0 7ac00fa0 7bc00fa0 
00007fc0: 7c000fa0 7d000fa0 7c400fa0 7d400fa0 
00007fd0: 7e000fa0 7f000fa0 7e400fa0 7f400fa0 
00007fe0: 7c800fa0 7d800fa0 7cc00fa0 7dc00fa0 
00007ff0: 7e800fa0 7f800fa0 7ec00fa0 7fc00fa0 
00008000: 800000a0 810000a0 804000a0 814000a0 
00008010: 820000a0 830000a0 824000a0 834000a0 
00008020: 808000a0 818000a0 80c000a0 81c000a0 
00008030: 828000a0 838000a0 82c000a0 83c000a0 
00008040: 840000a0 850000a0 844000a0 854000a0 
00008050: 860000a0 870000a0 864000a0 874000a0 
00008060: 848000a0 858000a0 84c000a0 85c000a0 
00008070: 868000a0 878000a0 86c000a0 87c000a0 
00008080: 800001a0 810001a0 804001a0 814001a0 
00008090: 820001a0 830001a0 824001a0 834001a0 
000080a0: 808001a0 818001a0 80c001a0 81c001a0 
000080b0: 828001a0 838001a0 82c001a0 83c001a0 
000080c0: 840001a0 850001a0 844001a0 854001a0 
000080d0: 860001a0 870001a0 864001a0 874001a0 
000080e0: 848001a0 858001a0 84c001a0 85c001a0 
000080f0: 868001a0 878001a0 86c001a0 87c001a0 
00008100: 880000a0 890000a0 884000a0 894000a0 
00008110: 8a0000a0 8b0000a0 8a4000a0 8b4000a0 
00008120: 888000a0 898000a0 88c000a0 89c000a0 
00008130: 8a8000a0 8b8000a0 8ac000a0 8bc000a0 
00008140: 8c0000a0 8d0000a0 8c4000a0 8d4000a0 
00008150: 8e0000a0 8f0000a0 8e4000a0 8f4000a0 
00008160: 8c8000a0 8d8000a0 8cc000a0 8dc000a0 
00008170: 8e8000a0 8f8000a0 8ec000a0 8fc000a0 
00008180: 880001a0 890001a0 884001a0 894001a0 
00008190: 8a0001a0 8b0001a0 8a4001a0 8b4001a0 
000081a0: 888001a0 898001a0 88c001a0 89c001a0 
000081b0: 8a8001a0 8b8001a0 8ac001a0 8bc001a0 
000081c0: 8c0001a0 8d0001a0 8c4001a0 8d4001a0 
000081d0: 8e0001a0 8f0001a0 8e4001a0 8f4001a0 
000081e0: 8c8001a0 8d8001a0 8cc001a0 8dc001a0 
000081f0: 8e8001a0 8f8001a0 8ec001a0 8fc001a0 
00008200: 800002a0 810002a0 804002a0 814002a0 
00008210: 820002a0 830002a0 824002a0 834002a0 
00008220: 808002a0 818002a0 80c002a0 81c002a0 
00008230: 828002a0 838002a0 82c002a0 83c002a0 
00008240: 840002a0 850002a0 844002a0 854002a0 
00008250: 860002a0 870002a0 864002a0 874002a0 
00008260: 848002a0 858002a0 84c002a0 85c002a0 
00008270: 868002a0 878002a0 86c002a0 87c002a0 
00008280: 800003a0 810003a0 804003a0 814003a0 
00008290: 820003a0 830003a0 824003a0 834003a0 
000082a0: 808003a0 818003a0 80c003a0 81c003a0 
000082b0: 828003a0 838003a0 82c003a0 83c003a0 
000082c0: 840003a0 850003a0 844003a0 854003a0 
000082d0: 860003a0 870003a0 864003a0 874003a0 
000082e0: 848003a0 858003a0 84c003a0 85c003a0 
000082f0: 868003a0 878003a0 86c003a0 87c003a0 
00008300: 880002a0 890002a0 884002a0 894002a0 
00008310: 8a0002a0 8b0002a0 8a4002a0 8b4002a0 
00008320: 888002a0 898002a0 88c002a0 89c002a0 
00008330: 8a8002a0 8b8002a0 8ac002a0 8bc002a0 
00008340: 8c0002a0 8d0002a0 8c4002a0 8d4002a0 
00008350: 8e0002a0 8f0002a0 8e4002a0 8f4002a0 
00008360: 8c8002a0 8d8002a0 8cc002a0 8dc002a0 
00008370: 8e8002a0 8f8002a0 8ec002a0 8fc002a0 
00008380: 880003a0 890003a0 884003a0 894003a0 
00008390: 8a0003a0 8b0003a0 8a4003a0 8b4003a0 
000083a0: 888003a0 898003a0 88c003a0 89c003a0 
000083b0: 8a8003a0 8b8003a0 8ac003a0 8bc003a0 
000083c0: 8c0003a0 8d0003a0 8c4003a0 8d4003a0 
000083d0: 8e0003a0 8f0003a0 8e4003a0 8f4003a0 
000083e0: 8c8003a0 8d8003a0 8cc003a0 8dc003a0 
000083f0: 8e8003a0 8f8003a0 8ec003a0 8fc003a0 
00008400: 900000a0 910000a0 904000a0 914000a0 
00008410: 920000a0 930000a0 924000a0 934000a0 
00008420: 908000a0 918000a0 90c000a0 91c000a0 
00008430: 928000a0 938000a0 92c000a0 93c000a0 
00008440: 940000a0 950000a0 944000a0 954000a0 
00008450: 960000a0 970000a0 964000a0 974000a0 
00008460: 948000a0 958000a0 94c000a0 95c000a0 
00008470: 968000a0 978000a0 96c000a0 97c000a0 
00008480: 900001a0 910001a0 904001a0 914001a0 
00008490: 920001a0 930001a0 924001a0 934001a0 
000084a0: 908001a0 918001a0 90c001a0 91c001a0 
000084b0: 928001a0 938001a0 92c001a0 93c001a0 
000084c0: 940001a0 950001a0 944001a0 954001a0 
000084d0: 960001a0 970001a0 964001a0 974001a0 
000084e0: 948001a0 958001a0 94c001a0 95c001a0 
000084f0: 968001a0 978001a0 96c001a0 97c001a0 
00008500: 980000a0 990000a0 984000a0 994000a0 
00008510: 9a0000a0 9b0000a0 9a4000a0 9b4000a0 
00008520: 988000a0 998000a0 98c000a0 99c000a0 
00008530: 9a8000a0 9b8000a0 9ac000a0 9bc000a0 
00008540: 9c0000a0 9d0000a0 9c4000a0 9d4000a0 
00008550: 9e0000a0 9f0000a0 9e4000a0 9f4000a0 
00008560: 9c8000a0 9d8000a0 9cc000a0 9dc000a0 
00008570: 9e8000a0 9f8000a0 9ec000a0 9fc000a0 
00008580: 980001a0 990001a0 984001a0 994001a0 
00008590: 9a0001a0 9b0001a0 9a4001a0 9b4001a0 
000085a0: 988001a0 998001a0 98c001a0 99c001a0 
000085b0: 9a8001a0 9b8001a0 9ac001a0 9bc001a0 
000085c0: 9c0001a0 9d0001a0 9c4001a0 9d4001a0 
000085d0: 9e0001a0 9f0001a0 9e4001a0 9f4001a0 
000085e0: 9c8001a0 9d8001a0 9cc001a0 9dc001a0 
000085f0: 9e8001a0 9f8001a0 9ec001a0 9fc001a0 
00008600: 900002a0 910002a0 904002a0 914002a0 
00008610: 920002a0 930002a0 924002a0 934002a0 
00008620: 908002a0 918002a0 90c002a0 91c002a0 
00008630: 928002a0 938002a0 92c002a0 93c002a0 
00008640: 940002a0 950002a0 944002a0 954002a0 
00008650: 960002a0 970002a0 964002a0 974002a0 
00008660: 948002a0 958002a0 94c002a0 95c002a0 
00008670: 968002a0 978002a0 96c002a0 97c002a0 
00008680: 900003a0 910003a0 904003a0 914003a0 
00008690: 920003a0 930003a0 924003a0 934003a0 
000086a0: 908003a0 918003a0 90c003a0 91c003a0 
000086b0: 928003a0 938003a0 92c003a0 93c003a0 
000086c0: 940003a0 950003a0 944003a0 954003a0 
000086d0: 960003a0 970003a0 964003a0 974003a0 
000086e0: 948003a0 958003a0 94c003a0 95c003a0 
000086f0: 968003a0 978003a0 96c003a0 97c003a0 
00008700: 980002a0 990002a0 984002a0 994002a0 
00008710: 9a0002a0 9b0002a0 9a4002a0 9b4002a0 
00008720: 988002a0 998002a0 98c002a0 99c002a0 
00008730: 9a8002a0 9b8002a0 9ac002a0 9bc002a0 
00008740: 9c0002a0 9d0002a0 9c4002a0 9d4002a0 
00008750: 9e0002a0 9f0002a0 9e4002a0 9f4002a0 
00008760: 9c8002a0 9d8002a0 9cc002a0 9dc002a0 
00008770: 9e8002a0 9f8002a0 9ec002a0 9fc002a0 
00008780: 980003a0 990003a0 984003a0 994003a0 
00008790: 9a0003a0 9b0003a0 9a4003a0 9b4003a0 
000087a0: 988003a0 998003a0 98c003a0 99c003a0 
000087b0: 9a8003a0 9b8003a0 9ac003a0 9bc003a0 
000087c0: 9c0003a0 9d0003a0 9c4003a0 9d4003a0 
000087d0: 9e0003a0 9f0003a0 9e4003a0 9f4003a0 
000087e0: 9c8003a0 9d8003a0 9cc003a0 9dc003a0 
000087f0: 9e8003a0 9f8003a0 9ec003a0 9fc003a0 
00008800: 800004a0 810004a0 804004a0 814004a0 
00008810: 820004a0 830004a0 824004a0 834004a0 
00008820: 808004a0 818004a0 80c004a0 81c004a0 
00008830: 828004a0 838004a0 82c004a0 83c004a0 
00008840: 840004a0 850004a0 844004a0 854004a0 
00008850: 860004a0 870004a0 864004a0 874004a0 
00008860: 848004a0 858004a0 84c004a0 85c004a0 
00008870: 868004a0 878004a0 86c004a0 87c004a0 
00008880: 800005a0 810005a0 804005a0 814005a0 
00008890: 820005a0 830005a0 824005a0 834005a0 
000088a0: 808005a0 818005a0 80c005a0 81c005a0 
000088b0: 828005a0 838005a0 82c005a0 83c005a0 
000088c0: 840005a0 850005a0 844005a0 854005a0 
000088d0: 860005a0 870005a0 864005a0 874005a0 
000088e0: 848005a0 858005a0 84c005a0 85c005a0 
000088f0: 868005a0 878005a0 86c005a0 87c005a0 
00008900: 880004a0 890004a0 884004a0 894004a0 
00008910: 8a0004a0 8b0004a0 8a4004a0 8b4004a0 
00008920: 888004a0 898004a0 88c004a0 89c004a0 
00008930: 8a8004a0 8b8004a0 8ac004a0 8bc004a0 
00008940: 8c0004a0 8d0004a0 8c4004a0 8d4004a0 
00008950: 8e0004a0 8f0004a0 8e4004a0 8f4004a0 
00008960: 8c8004a0 8d8004a0 8cc004a0 8dc004a0 
00008970: 8e8004a0 8f8004a0 8ec004a0 8fc004a0 
00008980: 880005a0 890005a0 884005a0 894005a0 
00008990: 8a0005a0 8b0005a0 8a4005a0 8b4005a0 
000089a0: 888005a0 898005a0 88c005a0 89c005a0 
000089b0: 8a8005a0 8b8005a0 8ac005a0 8bc005a0 
000089c0: 8c0005a0 8d0005a0 8c4005a0 8d4005a0 
000089d0: 8e0005a0 8f0005a0 8e4005a0 8f4005a0 
000089e0: 8c8005a0 8d8005a0 8cc005a0 8dc005a0 
000089f0: 8e8005a0 8f8005a0 8ec005a0 8fc005a0 
00008a00: 800006a0 810006a0 804006a0 814006a0 
00008a10: 820006a0 830006a0 824006a0 834006a0 
00008a20: 808006a0 818006a0 80c006a0 81c006a0 
00008a30: 828006a0 838006a0 82c006a0 83c006a0 
00008a40: 840006a0 850006a0 844006a0 854006a0 
00008a50: 860006a0 870006a0 864006a0 874006a0 
00008a60: 848006a0 858006a0 84c006a0 85c006a0 
00008a70: 868006a0 878006a0 86c006a0 87c006a0 
00008a80: 800007a0 810007a0 804007a0 814007a0 
00008a90: 820007a0 830007a0 824007a0 834007a0 
00008aa0: 808007a0 818007a0 80c007a0 81c007a0 
00008ab0: 828007a0 838007a0 82c007a0 83c007a0 
00008ac0: 840007a0 850007a0 844007a0 854007a0 
00008ad0: 860007a0 870007a0 864007a0 874007a0 
00008ae0: 848007a0 858007a0 84c007a0 85c007a0 
00008af0: 868007a0 878007a0 86c007a0 87c007a0 
00008b00: 880006a0 890006a0 884006a0 894006a0 
00008b10: 8a0006a0 8b0006a0 8a4006a0 8b4006a0 
00008b20: 888006a0 898006a0 88c006a0 89c006a0 
00008b30: 8a8006a0 8b8006a0 8ac006a0 8bc006a0 
00008b40: 8c0006a0 8d0006a0 8c4006a0 8d4006a0 
00008b50: 8e0006a0 8f0006a0 8e4006a0 8f4006a0 
00008b60: 8c8006a0 8d8006a0 8cc006a0 8dc006a0 
00008b70: 8e8006a0 8f8006a0 8ec006a0 8fc006a0 
00008b80: 880007a0 890007a0 884007a0 894007a0 
00008b90: 8a0007a0 8b0007a0 8a4007a0 8b4007a0 
00008ba0: 888007a0 898007a0 88c007a0 89c007a0 
00008bb0: 8a8007a0 8b8007a0 8ac007a0 8bc007a0 
00008bc0: 8c0007a0 8d0007a0 8c4007a0 8d4007a0 
00008bd0: 8e0007a0 8f0007a0 8e4007a0 8f4007a0 
00008be0: 8c8007a0 8d8007a0 8cc007a0 8dc007a0 
00008bf0: 8e8007a0 8f8007a0 8ec007a0 8fc007a0 
00008c00: 900004a0 910004a0 904004a0 914004a0 
00008c10: 920004a0 930004a0 924004a0 934004a0 
00008c20: 908004a0 918004a0 90c004a0 91c004a0 
00008c30: 928004a0 938004a0 92c004a0 93c004a0 
00008c40: 940004a0 950004a0 944004a0 954004a0 
00008c50: 960004a0 970004a0 964004a0 974004a0 
00008c60: 948004a0 958004a0 94c004a0 95c004a0 
00008c70: 968004a0 978004a0 96c004a0 97c004a0 
00008c80: 900005a0 910005a0 904005a0 914005a0 
00008c90: 920005a0 930005a0 924005a0 934005a0 
00008ca0: 908005a0 918005a0 90c005a0 91c005a0 
00008cb0: 928005a0 938005a0 92c005a0 93c005a0 
00008cc0: 940005a0 950005a0 944005a0 954005a0 
00008cd0: 960005a0 970005a0 964005a0 974005a0 
00008ce0: 948005a0 958005a0 94c005a0 95c005a0 
00008cf0: 968005a0 978005a0 96c005a0 97c005a0 
00008d00: 980004a0 990004a0 984004a0 994004a0 
00008d10: 9a0004a0 9b0004a0 9a4004a0 9b4004a0 
00008d20: 988004a0 998004a0 98c004a0 99c004a0 
00008d30: 9a8004a0 9b8004a0 9ac004a0 9bc004a0 
00008d40: 9c0004a0 9d0004a0 9c4004a0 9d4004a0 
00008d50: 9e0004a0 9f0004a0 9e4004a0 9f4004a0 
00008d60: 9c8004a0 9d8004a0 9cc004a0 9dc004a0 
00008d70: 9e8004a0 9f8004a0 9ec004a0 9fc004a0 
00008d80: 980005a0 990005a0 984005a0 994005a0 
00008d90: 9a0005a0 9b0005a0 9a4005a0 9b4005a0 
00008da0: 988005a0 998005a0 98c005a0 99c005a0 
00008db0: 9a8005a0 9b8005a0 9ac005a0 9bc005a0 
00008dc0: 9c0005a0 9d0005a0 9c4005a0 9d4005a0 
00008dd0: 9e0005a0 9f0005a0 9e4005a0 9f4005a0 
00008de0: 9c8005a0 9d8005a0 9cc005a0 9dc005a0 
00008df0: 9e8005a0 9f8005a0 9ec005a0 9fc005a0 
00008e00: 900006a0 910006a0 904006a0 914006a0 
00008e10: 920006a0 930006a0 924006a0 934006a0 
00008e20: 908006a0 918006a0 90c006a0 91c006a0 
00008e30: 928006a0 938006a0 92c006a0 93c006a0 
00008e40: 940006a0 950006a0 944006a0 954006a0 
00008e50: 960006a0 970006a0 964006a0 974006a0 
00008e60: 948006a0 958006a0 94c006a0 95c006a0 
00008e70: 968006a0 978006a0 96c006a0 97c006a0 
00008e80: 900007a0 910007a0 904007a0 914007a0 
00008e90: 920007a0 930007a0 924007a0 934007a0 
00008ea0: 908007a0 918007a0 90c007a0 91c007a0 
00008eb0: 928007a0 938007a0 92c007a0 93c007a0 
00008ec0: 940007a0 950007a0 944007a0 954007a0 
00008ed0: 960007a0 970007a0 964007a0 974007a0 
00008ee0: 948007a0 958007a0 94c007a0 95c007a0 
00008ef0: 968007a0 978007a0 96c007a0 97c007a0 
00008f00: 980006a0 990006a0 984006a0 994006a0 
00008f10: 9a0006a0 9b0006a0 9a4006a0 9b4006a0 
00008f20: 988006a0 998006a0 98c006a0 99c006a0 
00008f30: 9a8006a0 9b8006a0 9ac006a0 9bc006a0 
00008f40: 9c0006a0 9d0006a0 9c4006a0 9d4006a0 
00008f50: 9e0006a0 9f0006a0 9e4006a0 9f4006a0 
00008f60: 9c8006a0 9d8006a0 9cc006a0 9dc006a0 
00008f70: 9e8006a0 9f8006a0 9ec006a0 9fc006a0 
00008f80: 980007a0 990007a0 984007a0 994007a0 
00008f90: 9a0007a0 9b0007a0 9a4007a0 9b4007a0 
00008fa0: 988007a0 998007a0 98c007a0 99c007a0 
00008fb0: 9a8007a0 9b8007a0 9ac007a0 9bc007a0 
00008fc0: 9c0007a0 9d0007a0 9c4007a0 9d4007a0 
00008fd0: 9e0007a0 9f0007a0 9e4007a0 9f4007a0 
00008fe0: 9c8007a0 9d8007a0 9cc007a0 9dc007a0 
00008ff0: 9e8007a0 9f8007a0 9ec007a0 9fc007a0 
00009000: a00000a0 a10000a0 a04000a0 a14000a0 
00009010: a20000a0 a30000a0 a24000a0 a34000a0 
00009020: a08000a0 a18000a0 a0c000a0 a1c000a0 
00009030: a28000a0 a38000a0 a2c000a0 a3c000a0 
00009040: a40000a0 a50000a0 a44000a0 a54000a0 
00009050: a60000a0 a70000a0 a64000a0 a74000a0 
00009060: a48000a0 a58000a0 a4c000a0 a5c000a0 
00009070: a68000a0 a78000a0 a6c000a0 a7c000a0 
00009080: a00001a0 a10001a0 a04001a0 a14001a0 
00009090: a20001a0 a30001a0 a24001a0 a34001a0 
000090a0: a08001a0 a18001a0 a0c001a0 a1c001a0 
000090b0: a28001a0 a38001a0 a2c001a0 a3c001a0 
000090c0: a40001a0 a50001a0 a44001a0 a54001a0 
000090d0: a60001a0 a70001a0 a64001a0 a74001a0 
000090e0: a48001a0 a58001a0 a4c001a0 a5c001a0 
000090f0: a68001a0 a78001a0 a6c001a0 a7c001a0 
00009100: a80000a0 a90000a0 a84000a0 a94000a0 
00009110: aa0000a0 ab0000a0 aa4000a0 ab4000a0 
00009120: a88000a0 a98000a0 a8c000a0 a9c000a0 
00009130: aa8000a0 ab8000a0 aac000a0 abc000a0 
00009140: ac0000a0 ad0000a0 ac4000a0 ad4000a0 
00009150: ae0000a0 af0000a0 ae4000a0 af4000a0 
00009160: ac8000a0 ad8000a0 acc000a0 adc000a0 
00009170: ae8000a0 af8000a0 aec000a0 afc000a0 
00009180: a80001a0 a90001a0 a84001a0 a94001a0 
00009190: aa0001a0 ab0001a0 aa4001a0 ab4001a0 
000091a0: a88001a0 a98001a0 a8c001a0 a9c001a0 
000091b0: aa8001a0 ab8001a0 aac001a0 abc001a0 
000091c0: ac0001a0 ad0001a0 ac4001a0 ad4001a0 
000091d0: ae0001a0 af0001a0 ae4001a0 af4001a0 
000091e0: ac8001a0 ad8001a0 acc001a0 adc001a0 
000091f0: ae8001a0 af8001a0 aec001a0 afc001a0 
00009200: a00002a0 a10002a0 a04002a0 a14002a0 
00009210: a20002a0 a30002a0 a24002a0 a34002a0 
00009220: a08002a0 a18002a0 a0c002a0 a1c002a0 
00009230: a28002a0 a38002a0 a2c002a0 a3c002a0 
00009240: a40002a0 a50002a0 a44002a0 a54002a0 
00009250: a60002a0 a70002a0 a64002a0 a74002a0 
00009260: a48002a0 a58002a0 a4c002a0 a5c002a0 
00009270: a68002a0 a78002a0 a6c002a0 a7c002a0 
00009280: a00003a0 a10003a0 a04003a0 a14003a0 
00009290: a20003a0 a30003a0 a24003a0 a34003a0 
000092a0: a08003a0 a18003a0 a0c003a0 a1c003a0 
000092b0: a28003a0 a38003a0 a2c003a0 a3c003a0 
000092c0: a40003a0 a50003a0 a44003a0 a54003a0 
000092d0: a60003a0 a70003a0 a64003a0 a74003a0 
000092e0: a48003a0 a58003a0 a4c003a0 a5c003a0 
000092f0: a68003a0 a78003a0 a6c003a0 a7c003a0 
00009300: a80002a0 a90002a0 a84002a0 a94002a0 
00009310: aa0002a0 ab0002a0 aa4002a0 ab4002a0 
00009320: a88002a0 a98002a0 a8c002a0 a9c002a0 
00009330: aa8002a0 ab8002a0 aac002a0 abc002a0 
00009340: ac0002a0 ad0002a0 ac4002a0 ad4002a0 
00009350: ae0002a0 af0002a0 ae4002a0 af4002a0 
00009360: ac8002a0 ad8002a0 acc002a0 adc002a0 
00009370: ae8002a0 af8002a0 aec002a0 afc002a0 
00009380: a80003a0 a90003a0 a84003a0 a94003a0 
00009390: aa0003a0 ab0003a0 aa4003a0 ab4003a0 
000093a0: a88003a0 a98003a0 a8c003a0 a9c003a0 
000093b0: aa8003a0 ab8003a0 aac003a0 abc003a0 
000093c0: ac0003a0 ad0003a0 ac4003a0 ad4003a0 
000093d0: ae0003a0 af0003a0 ae4003a0 af4003a0 
000093e0: ac8003a0 ad8003a0 acc003a0 adc003a0 
000093f0: ae8003a0 af8003a0 aec003a0 afc003a0 
00009400: b00000a0 b10000a0 b04000a0 b14000a0 
00009410: b20000a0 b30000a0 b24000a0 b34000a0 
00009420: b08000a0 b18000a0 b0c000a0 b1c000a0 
00009430: b28000a0 b38000a0 b2c000a0 b3c000a0 
00009440: b40000a0 b50000a0 b44000a0 b54000a0 
00009450: b60000a0 b70000a0 b64000a0 b74000a0 
00009460: b48000a0 b58000a0 b4c000a0 b5c000a0 
00009470: b68000a0 b78000a0 b6c000a0 b7c000a0 
00009480: b00001a0 b10001a0 b04001a0 b14001a0 
00009490: b20001a0 b30001a0 b24001a0 b34001a0 
000094a0: b08001a0 b18001a0 b0c001a0 b1c001a0 
000094b0: b28001a0 b38001a0 b2c001a0 b3c001a0 
000094c0: b40001a0 b50001a0 b44001a0 b54001a0 
000094d0: b60001a0 b70001a0 b64001a0 b74001a0 
000094e0: b48001a0 b58001a0 b4c001a0 b5c001a0 
000094f0: b68001a0 b78001a0 b6c001a0 b7c001a0 
00009500: b80000a0 b90000a0 b84000a0 b94000a0 
00009510: ba0000a0 bb0000a0 ba4000a0 bb4000a0 
00009520: b88000a0 b98000a0 b8c000a0 b9c000a0 
00009530: ba8000a0 bb8000a0 bac000a0 bbc000a0 
00009540: bc0000a0 bd0000a0 bc4000a0 bd4000a0 
00009550: be0000a0 bf0000a0 be4000a0 bf4000a0 
00009560: bc8000a0 bd8000a0 bcc000a0 bdc000a0 
00009570: be8000a0 bf8000a0 bec000a0 bfc000a0 
00009580: b80001a0 b90001a0 b84001a0 b94001a0 
00009590: ba0001a0 bb0001a0 ba4001a0 bb4001a0 
000095a0: b88001a0 b98001a0 b8c001a0 b9c001a0 
000095b0: ba8001a0 bb8001a0 bac001a0 bbc001a0 
000095c0: bc0001a0 bd0001a0 bc4001a0 bd4001a0 
000095d0: be0001a0 bf0001a0 be4001a0 bf4001a0 
000095e0: bc8001a0 bd8001a0 bcc001a0 bdc001a0 
000095f0: be8001a0 bf8001a0 bec001a0 bfc001a0 
00009600: b00002a0 b10002a0 b04002a0 b14002a0 
00009610: b20002a0 b30002a0 b24002a0 b34002a0 
00009620: b08002a0 b18002a0 b0c002a0 b1c002a0 
00009630: b28002a0 b38002a0 b2c002a0 b3c002a0 
00009640: b40002a0 b50002a0 b44002a0 b54002a0 
00009650: b60002a0 b70002a0 b64002a0 b74002a0 
00009660: b48002a0 b58002a0 b4c002a0 b5c002a0 
00009670: b68002a0 b78002a0 b6c002a0 b7c002a0 
00009680: b00003a0 b10003a0 b04003a0 b14003a0 
00009690: b20003a0 b30003a0 b24003a0 b34003a0 
000096a0: b08003a0 b18003a0 b0c003a0 b1c003a0 
000096b0: b28003a0 b38003a0 b2c003a0 b3c003a0 
000096c0: b40003a0 b50003a0 b44003a0 b54003a0 
000096d0: b60003a0 b70003a0 b64003a0 b74003a0 
000096e0: b48003a0 b58003a0 b4c003a0 b5c003a0 
000096f0: b68003a0 b78003a0 b6c003a0 b7c003a0 
00009700: b80002a0 b90002a0 b84002a0 b94002a0 
00009710: ba0002a0 bb0002a0 ba4002a0 bb4002a0 
00009720: b88002a0 b98002a0 b8c002a0 b9c002a0 
00009730: ba8002a0 bb8002a0 bac002a0 bbc002a0 
00009740: bc0002a0 bd0002a0 bc4002a0 bd4002a0 
00009750: be0002a0 bf0002a0 be4002a0 bf4002a0 
00009760: bc8002a0 bd8002a0 bcc002a0 bdc002a0 
00009770: be8002a0 bf8002a0 bec002a0 bfc002a0 
00009780: b80003a0 b90003a0 b84003a0 b94003a0 
00009790: ba0003a0 bb0003a0 ba4003a0 bb4003a0 
000097a0: b88003a0 b98003a0 b8c003a0 b9c003a0 
000097b0: ba8003a0 bb8003a0 bac003a0 bbc003a0 
000097c0: bc0003a0 bd0003a0 bc4003a0 bd4003a0 
000097d0: be0003a0 bf0003a0 be4003a0 bf4003a0 
000097e0: bc8003a0 bd8003a0 bcc003a0 bdc003a0 
000097f0: be8003a0 bf8003a0 bec003a0 bfc003a0 
00009800: a00004a0 a10004a0 a04004a0 a14004a0 
00009810: a20004a0 a30004a0 a24004a0 a34004a0 
00009820: a08004a0 a18004a0 a0c004a0 a1c004a0 
00009830: a28004a0 a38004a0 a2c004a0 a3c004a0 
00009840: a40004a0 a50004a0 a44004a0 a54004a0 
00009850: a60004a0 a70004a0 a64004a0 a74004a0 
00009860: a48004a0 a58004a0 a4c004a0 a5c004a0 
00009870: a68004a0 a78004a0 a6c004a0 a7c004a0 
00009880: a00005a0 a10005a0 a04005a0 a14005a0 
00009890: a20005a0 a30005a0 a24005a0 a34005a0 
000098a0: a08005a0 a18005a0 a0c005a0 a1c005a0 
000098b0: a28005a0 a38005a0 a2c005a0 a3c005a0 
000098c0: a40005a0 a50005a0 a44005a0 a54005a0 
000098d0: a60005a0 a70005a0 a64005a0 a74005a0 
000098e0: a48005a0 a58005a0 a4c005a0 a5c005a0 
000098f0: a68005a0 a78005a0 a6c005a0 a7c005a0 
00009900: a80004a0 a90004a0 a84004a0 a94004a0 
00009910: aa0004a0 ab0004a0 aa4004a0 ab4004a0 
00009920: a88004a0 a98004a0 a8c004a0 a9c004a0 
00009930: aa8004a0 ab8004a0 aac004a0 abc004a0 
00009940: ac0004a0 ad0004a0 ac4004a0 ad4004a0 
00009950: ae0004a0 af0004a0 ae4004a0 af4004a0 
00009960: ac8004a0 ad8004a0 acc004a0 adc004a0 
00009970: ae8004a0 af8004a0 aec004a0 afc004a0 
00009980: a80005a0 a90005a0 a84005a0 a94005a0 
00009990: aa0005a0 ab0005a0 aa4005a0 ab4005a0 
000099a0: a88005a0 a98005a0 a8c005a0 a9c005a0 
000099b0: aa8005a0 ab8005a0 aac005a0 abc005a0 
000099c0: ac0005a0 ad0005a0 ac4005a0 ad4005a0 
000099d0: ae0005a0 af0005a0 ae4005a0 af4005a0 
000099e0: ac8005a0 ad8005a0 acc005a0 adc005a0 
000099f0: ae8005a0 af8005a0 aec005a0 afc005a0 
00009a00: a00006a0 a10006a0 a04006a0 a14006a0 
00009a10: a20006a0 a30006a0 a24006a0 a34006a0 
00009a20: a08006a0 a18006a0 a0c006a0 a1c006a0 
00009a30: a28006a0 a38006a0 a2c006a0 a3c006a0 
00009a40: a40006a0 a50006a0 a44006a0 a54006a0 
00009a50: a60006a0 a70006a0 a64006a0 a74006a0 
00009a60: a48006a0 a58006a0 a4c006a0 a5c006a0 
00009a70: a68006a0 a78006a0 a6c006a0 a7c006a0 
00009a80: a00007a0 a10007a0 a04007a0 a14007a0 
00009a90: a20007a0 a30007a0 a24007a0 a34007a0 
00009aa0: a08007a0 a18007a0 a0c007a0 a1c007a0 
00009ab0: a28007a0 a38007a0 a2c007a0 a3c007a0 
00009ac0: a40007a0 a50007a0 a44007a0 a54007a0 
00009ad0: a60007a0 a70007a0 a64007a0 a74007a0 
00009ae0: a48007a0 a58007a0 a4c007a0 a5c007a0 
00009af0: a68007a0 a78007a0 a6c007a0 a7c007a0 
00009b00: a80006a0 a90006a0 a84006a0 a94006a0 
00009b10: aa0006a0 ab0006a0 aa4006a0 ab4006a0 
00009b20: a88006a0 a98006a0 a8c006a0 a9c006a0 
00009b30: aa8006a0 ab8006a0 aac006a0 abc006a0 
00009b40: ac0006a0 ad0006a0 ac4006a0 ad4006a0 
00009b50: ae0006a0 af0006a0 ae4006a0 af4006a0 
00009b60: ac8006a0 ad8006a0 acc006a0 adc006a0 
00009b70: ae8006a0 af8006a0 aec006a0 afc006a0 
00009b80: a80007a0 a90007a0 a84007a0 a94007a0 
00009b90: aa0007a0 ab0007a0 aa4007a0 ab4007a0 
00009ba0: a88007a0 a98007a0 a8c007a0 a9c007a0 
00009bb0: aa8007a0 ab8007a0 aac007a0 abc007a0 
00009bc0: ac0007a0 ad0007a0 ac4007a0 ad4007a0 
00009bd0: ae0007a0 af0007a0 ae4007a0 af4007a0 
00009be0: ac8007a0 ad8007a0 acc007a0 adc007a0 
00009bf0: ae8007a0 af8007a0 aec007a0 afc007a0 
00009c00: b00004a0 b10004a0 b04004a0 b14004a0 
00009c10: b20004a0 b30004a0 b24004a0 b34004a0 
00009c20: b08004a0 b18004a0 b0c004a0 b1c004a0 
00009c30: b28004a0 b38004a0 b2c004a0 b3c004a0 
00009c40: b40004a0 b50004a0 b44004a0 b54004a0 
00009c50: b60004a0 b70004a0 b64004a0 b74004a0 
00009c60: b48004a0 b58004a0 b4c004a0 b5c004a0 
00009c70: b68004a0 b78004a0 b6c004a0 b7c004a0 
00009c80: b00005a0 b10005a0 b04005a0 b14005a0 
00009c90: b20005a0 b30005a0 b24005a0 b34005a0 
00009ca0: b08005a0 b18005a0 b0c005a0 b1c005a0 
00009cb0: b28005a0 b38005a0 b2c005a0 b3c005a0 
00009cc0: b40005a0 b50005a0 b44005a0 b54005a0 
00009cd0: b60005a0 b70005a0 b64005a0 b74005a0 
00009ce0: b48005a0 b58005a0 b4c005a0 b5c005a0 
00009cf0: b68005a0 b78005a0 b6c005a0 b7c005a0 
00009d00: b80004a0 b90004a0 b84004a0 b94004a0 
00009d10: ba0004a0 bb0004a0 ba4004a0 bb4004a0 
00009d20: b88004a0 b98004a0 b8c004a0 b9c004a0 
00009d30: ba8004a0 bb8004a0 bac004a0 bbc004a0 
00009d40: bc0004a0 bd0004a0 bc4004a0 bd4004a0 
00009d50: be0004a0 bf0004a0 be4004a0 bf4004a0 
00009d60: bc8004a0 bd8004a0 bcc004a0 bdc004a0 
00009d70: be8004a0 bf8004a0 bec004a0 bfc004a0 
00009d80: b80005a0 b90005a0 b84005a0 b94005a0 
00009d90: ba0005a0 bb0005a0 ba4005a0 bb4005a0 
00009da0: b88005a0 b98005a0 b8c005a0 b9c005a0 
00009db0: ba8005a0 bb8005a0 bac005a0 bbc005a0 
00009dc0: bc0005a0 bd0005a0 bc4005a0 bd4005a0 
00009dd0: be0005a0 bf0005a0 be4005a0 bf4005a0 
00009de0: bc8005a0 bd8005a0 bcc005a0 bdc005a0 
00009df0: be8005a0 bf8005a0 bec005a0 bfc005a0 
00009e00: b00006a0 b10006a0 b04006a0 b14006a0 
00009e10: b20006a0 b30006a0 b24006a0 b34006a0 
00009e20: b08006a0 b18006a0 b0c006a0 b1c006a0 
00009e30: b28006a0 b38006a0 b2c006a0 b3c006a0 
00009e40: b40006a0 b50006a0 b44006a0 b54006a0 
00009e50: b60006a0 b70006a0 b64006a0 b74006a0 
00009e60: b48006a0 b58006a0 b4c006a0 b5c006a0 
00009e70: b68006a0 b78006a0 b6c006a0 b7c006a0 
00009e80: b00007a0 b10007a0 b04007a0 b14007a0 
00009e90: b20007a0 b30007a0 b24007a0 b34007a0 
00009ea0: b08007a0 b18007a0 b0c007a0 b1c007a0 
00009eb0: b28007a0 b38007a0 b2c007a0 b3c007a0 
00009ec0: b40007a0 b50007a0 b44007a0 b54007a0 
00009ed0: b60007a0 b70007a0 b64007a0 b74007a0 
00009ee0: b48007a0 b58007a0 b4c007a0 b5c007a0 
00009ef0: b68007a0 b78007a0 b6c007a0 b7c007a0 
00009f00: b80006a0 b90006a0 b84006a0 b94006a0 
00009f10: ba0006a0 bb0006a0 ba4006a0 bb4006a0 
00009f20: b88006a0 b98006a0 b8c006a0 b9c006a0 
00009f30: ba8006a0 bb8006a0 bac006a0 bbc006a0 
00009f40: bc0006a0 bd0006a0 bc4006a0 bd4006a0 
00009f50: be0006a0 bf0006a0 be4006a0 bf4006a0 
00009f60: bc8006a0 bd8006a0 bcc006a0 bdc006a0 
00009f70: be8006a0 bf8006a0 bec006a0 bfc006a0 
00009f80: b80007a0 b90007a0 b84007a0 b94007a0 
00009f90: ba0007a0 bb0007a0 ba4007a0 bb4007a0 
00009fa0: b88007a0 b98007a0 b8c007a0 b9c007a0 
00009fb0: ba8007a0 bb8007a0 bac007a0 bbc007a0 
00009fc0: bc0007a0 bd0007a0 bc4007a0 bd4007a0 
00009fd0: be0007a0 bf0007a0 be4007a0 bf4007a0 
00009fe0: bc8007a0 bd8007a0 bcc007a0 bdc007a0 
00009ff0: be8007a0 bf8007a0 bec007a0 bfc007a0 
0000a000: 800008a0 810008a0 804008a0 814008a0 
0000a010: 820008a0 830008a0 824008a0 834008a0 
0000a020: 808008a0 818008a0 80c008a0 81c008a0 
0000a030: 828008a0 838008a0 82c008a0 83c008a0 
0000a040: 840008a0 850008a0 844008a0 854008a0 
0000a050: 860008a0 870008a0 864008a0 874008a0 
0000a060: 848008a0 858008a0 84c008a0 85c008a0 
0000a070: 868008a0 878008a0 86c008a0 87c008a0 
0000a080: 800009a0 810009a0 804009a0 814009a0 
0000a090: 820009a0 830009a0 824009a0 834009a0 
0000a0a0: 808009a0 818009a0 80c009a0 81c009a0 
0000a0b0: 828009a0 838009a0 82c009a0 83c009a0 
0000a0c0: 840009a0 850009a0 844009a0 854009a0 
0000a0d0: 860009a0 870009a0 864009a0 874009a0 
0000a0e0: 848009a0 858009a0 84c009a0 85c009a0 
0000a0f0: 868009a0 878009a0 86c009a0 87c009a0 
0000a100: 880008a0 890008a0 884008a0 894008a0 
0000a110: 8a0008a0 8b0008a0 8a4008a0 8b4008a0 
0000a120: 888008a0 898008a0 88c008a0 89c008a0 
0000a130: 8a8008a0 8b8008a0 8ac008a0 8bc008a0 
0000a140: 8c0008a0 8d0008a0 8c4008a0 8d4008a0 
0000a150: 8e0008a0 8f0008a0 8e4008a0 8f4008a0 
0000a160: 8c8008a0 8d8008a0 8cc008a0 8dc008a0 
0000a170: 8e8008a0 8f8008a0 8ec008a0 8fc008a0 
0000a180: 880009a0 890009a0 884009a0 894009a0 
0000a190: 8a0009a0 8b0009a0 8a4009a0 8b4009a0 
0000a1a0: 888009a0 898009a0 88c009a0 89c009a0 
0000a1b0: 8a8009a0 8b8009a0 8ac009a0 8bc009a0 
0000a1c0: 8c0009a0 8d0009a0 8c4009a0 8d4009a0 
0000a1d0: 8e0009a0 8f0009a0 8e4009a0 8f4009a0 
0000a1e0: 8c8009a0 8d8009a0 8cc009a0 8dc009a0 
0000a1f0: 8e8009a0 8f8009a0 8ec009a0 8fc009a0 
0000a200: 80000aa0 81000aa0 80400aa0 81400aa0 
0000a210: 82000aa0 83000aa0 82400aa0 83400aa0 
0000a220: 80800aa0 81800aa0 80c00aa0 81c00aa0 
0000a230: 82800aa0 83800aa0 82c00aa0 83c00aa0 
0000a240: 84000aa0 85000aa0 84400aa0 85400aa0 
0000a250: 86000aa0 87000aa0 86400aa0 87400aa0 
0000a260: 84800aa0 85800aa0 84c00aa0 85c00aa0 
0000a270: 86800aa0 87800aa0 86c00aa0 87c00aa0 
0000a280: 80000ba0 81000ba0 80400ba0 81400ba0 
0000a290: 82000ba0 83000ba0 82400ba0 83400ba0 
0000a2a0: 80800ba0 81800ba0 80c00ba0 81c00ba0 
0000a2b0: 82800ba0 83800ba0 82c00ba0 83c00ba0 
0000a2c0: 84000ba0 85000ba0 84400ba0 85400ba0 
0000a2d0: 86000ba0 87000ba0 86400ba0 87400ba0 
0000a2e0: 84800ba0 85800ba0 84c00ba0 85c00ba0 
0000a2f0: 86800ba0 87800ba0 86c00ba0 87c00ba0 
0000a300: 88000aa0 89000aa0 88400aa0 89400aa0 
0000a310: 8a000aa0 8b000aa0 8a400aa0 8b400aa0 
0000a320: 88800aa0 89800aa0 88c00aa0 89c00aa0 
0000a330: 8a800aa0 8b800aa0 8ac00aa0 8bc00aa0 
0000a340: 8c000aa0 8d000aa0 8c400aa0 8d400aa0 
0000a350: 8e000aa0 8f000aa0 8e400aa0 8f400aa0 
0000a360: 8c800aa0 8d800aa0 8cc00aa0 8dc00aa0 
0000a370: 8e800aa0 8f800aa0 8ec00aa0 8fc00aa0 
0000a380: 88000ba0 89000ba0 88400ba0 89400ba0 
0000a390: 8a000ba0 8b000ba0 8a400ba0 8b400ba0 
0000a3a0: 88800ba0 89800ba0 88c00ba0 89c00ba0 
0000a3b0: 8a800ba0 8b800ba0 8ac00ba0 8bc00ba0 
0000a3c0: 8c000ba0 8d000ba0 8c400ba0 8d400ba0 
0000a3d0: 8e000ba0 8f000ba0 8e400ba0 8f400ba0 
0000a3e0: 8c800ba0 8d800ba0 8cc00ba0 8dc00ba0 
0000a3f0: 8e800ba0 8f800ba0 8ec00ba0 8fc00ba0 
0000a400: 900008a0 910008a0 904008a0 914008a0 
0000a410: 920008a0 930008a0 924008a0 934008a0 
0000a420: 908008a0 918008a0 90c008a0 91c008a0 
0000a430: 928008a0 938008a0 92c008a0 93c008a0 
0000a440: 940008a0 950008a0 944008a0 954008a0 
0000a450: 960008a0 970008a0 964008a0 974008a0 
0000a460: 948008a0 958008a0 94c008a0 95c008a0 
0000a470: 968008a0 978008a0 96c008a0 97c008a0 
0000a480: 900009a0 910009a0 904009a0 914009a0 
0000a490: 920009a0 930009a0 924009a0 934009a0 
0000a4a0: 908009a0 918009a0 90c009a0 91c009a0 
0000a4b0: 928009a0 938009a0 92c009a0 93c009a0 
0000a4c0: 940009a0 950009a0 944009a0 954009a0 
0000a4d0: 960009a0 970009a0 964009a0 974009a0 
0000a4e0: 948009a0 958009a0 94c009a0 95c009a0 
0000a4f0: 968009a0 978009a0 96c009a0 97c009a0 
0000a500: 980008a0 990008a0 984008a0 994008a0 
0000a510: 9a0008a0 9b0008a0 9a4008a0 9b4008a0 
0000a520: 988008a0 998008a0 98c008a0 99c008a0 
0000a530: 9a8008a0 9b8008a0 9ac008a0 9bc008a0 
0000a540: 9c0008a0 9d0008a0 9c4008a0 9d4008a0 
0000a550: 9e0008a0 9f0008a0 9e4008a0 9f4008a0 
0000a560: 9c8008a0 9d8008a0 9cc008a0 9dc008a0 
0000a570: 9e8008a0 9f8008a0 9ec008a0 9fc008a0 
0000a580: 980009a0 990009a0 984009a0 994009a0 
0000a590: 9a0009a0 9b0009a0 9a4009a0 9b4009a0 
0000a5a0: 988009a0 998009a0 98c009a0 99c009a0 
0000a5b0: 9a8009a0 9b8009a0 9ac009a0 9bc009a0 
0000a5c0: 9c0009a0 9d0009a0 9c4009a0 9d4009a0 
0000a5d0: 9e0009a0 9f0009a0 9e4009a0 9f4009a0 
0000a5e0: 9c8009a0 9d8009a0 9cc009a0 9dc009a0 
0000a5f0: 9e8009a0 9f8009a0 9ec009a0 9fc009a0 
0000a600: 90000aa0 91000aa0 90400aa0 91400aa0 
0000a610: 92000aa0 93000aa0 92400aa0 93400aa0 
0000a620: 90800aa0 91800aa0 90c00aa0 91c00aa0 
0000a630: 92800aa0 93800aa0 92c00aa0 93c00aa0 
0000a640: 94000aa0 95000aa0 94400aa0 95400aa0 
0000a650: 96000aa0 97000aa0 96400aa0 97400aa0 
0000a660: 94800aa0 95800aa0 94c00aa0 95c00aa0 
0000a670: 96800aa0 97800aa0 96c00aa0 97c00aa0 
0000a680: 90000ba0 91000ba0 90400ba0 91400ba0 
0000a690: 92000ba0 93000ba0 92400ba0 93400ba0 
0000a6a0: 90800ba0 91800ba0 90c00ba0 91c00ba0 
0000a6b0: 92800ba0 93800ba0 92c00ba0 93c00ba0 
0000a6c0: 94000ba0 95000ba0 94400ba0 95400ba0 
0000a6d0: 96000ba0 97000ba0 96400ba0 97400ba0 
0000a6e0: 94800ba0 95800ba0 94c00ba0 95c00ba0 
0000a6f0: 96800ba0 97800ba0 96c00ba0 97c00ba0 
0000a700: 98000aa0 99000aa0 98400aa0 99400aa0 
0000a710: 9a000aa0 9b000aa0 9a400aa0 9b400aa0 
0000a720: 98800aa0 99800aa0 98c00aa0 99c00aa0 
0000a730: 9a800aa0 9b800aa0 9ac00aa0 9bc00aa0 
0000a740: 9c000aa0 9d000aa0 9c400aa0 9d400aa0 
0000a750: 9e000aa0 9f000aa0 9e400aa0 9f400aa0 
0000a760: 9c800aa0 9d800aa0 9cc00aa0 9dc00aa0 
0000a770: 9e800aa0 9f800aa0 9ec00aa0 9fc00aa0 
0000a780: 98000ba0 99000ba0 98400ba0 99400ba0 
0000a790: 9a000ba0 9b000ba0 9a400ba0 9b400ba0 
0000a7a0: 98800ba0 99800ba0 98c00ba0 99c00ba0 
0000a7b0: 9a800ba0 9b800ba0 9ac00ba0 9bc00ba0 
0000a7c0: 9c000ba0 9d000ba0 9c400ba0 9d400ba0 
0000a7d0: 9e000ba0 9f000ba0 9e400ba0 9f400ba0 
0000a7e0: 9c800ba0 9d800ba0 9cc00ba0 9dc00ba0 
0000a7f0: 9e800ba0 9f800ba0 9ec00ba0 9fc00ba0 
0000a800: 80000ca0 81000ca0 80400ca0 81400ca0 
0000a810: 82000ca0 83000ca0 82400ca0 83400ca0 
0000a820: 80800ca0 81800ca0 80c00ca0 81c00ca0 
0000a830: 82800ca0 83800ca0 82c00ca0 83c00ca0 
0000a840: 84000ca0 85000ca0 84400ca0 85400ca0 
0000a850: 86000ca0 87000ca0 86400ca0 87400ca0 
0000a860: 84800ca0 85800ca0 84c00ca0 85c00ca0 
0000a870: 86800ca0 87800ca0 86c00ca0 87c00ca0 
0000a880: 80000da0 81000da0 80400da0 81400da0 
0000a890: 82000da0 83000da0 82400da0 83400da0 
0000a8a0: 80800da0 81800da0 80c00da0 81c00da0 
0000a8b0: 82800da0 83800da0 82c00da0 83c00da0 
0000a8c0: 84000da0 85000da0 84400da0 85400da0 
0000a8d0: 86000da0 87000da0 86400da0 87400da0 
0000a8e0: 84800da0 85800da0 84c00da0 85c00da0 
0000a8f0: 86800da0 87800da0 86c00da0 87c00da0 
0000a900: 88000ca0 89000ca0 88400ca0 89400ca0 
0000a910: 8a000ca0 8b000ca0 8a400ca0 8b400ca0 
0000a920: 88800ca0 89800ca0 88c00ca0 89c00ca0 
0000a930: 8a800ca0 8b800ca0 8ac00ca0 8bc00ca0 
0000a940: 8c000ca0 8d000ca0 8c400ca0 8d400ca0 
0000a950: 8e000ca0 8f000ca0 8e400ca0 8f400ca0 
0000a960: 8c800ca0 8d800ca0 8cc00ca0 8dc00ca0 
0000a970: 8e800ca0 8f800ca0 8ec00ca0 8fc00ca0 
0000a980: 88000da0 89000da0 88400da0 89400da0 
0000a990: 8a000da0 8b000da0 8a400da0 8b400da0 
0000a9a0: 88800da0 89800da0 88c00da0 89c00da0 
0000a9b0: 8a800da0 8b800da0 8ac00da0 8bc00da0 
0000a9c0: 8c000da0 8d000da0 8c400da0 8d400da0 
0000a9d0: 8e000da0 8f000da0 8e400da0 8f400da0 
0000a9e0: 8c800da0 8d800da0 8cc00da0 8dc00da0 
0000a9f0: 8e800da0 8f800da0 8ec00da0 8fc00da0 
0000aa00: 80000ea0 81000ea0 80400ea0 81400ea0 
0000aa10: 82000ea0 83000ea0 82400ea0 83400ea0 
0000aa20: 80800ea0 81800ea0 80c00ea0 81c00ea0 
0000aa30: 82800ea0 83800ea0 82c00ea0 83c00ea0 
0000aa40: 84000ea0 85000ea0 84400ea0 85400ea0 
0000aa50: 86000ea0 87000ea0 86400ea0 87400ea0 
0000aa60: 84800ea0 85800ea0 84c00ea0 85c00ea0 
0000aa70: 86800ea0 87800ea0 86c00ea0 87c00ea0 
0000aa80: 80000fa0 81000fa0 80400fa0 81400fa0 
0000aa90: 82000fa0 83000fa0 82400fa0 83400fa0 
0000aaa0: 80800fa0 81800fa0 80c00fa0 81c00fa0 
0000aab0: 82800fa0 83800fa0 82c00fa0 83c00fa0 
0000aac0: 84000fa0 85000fa0 84400fa0 85400fa0 
0000aad0: 86000fa0 87000fa0 86400fa0 87400fa0 
0000aae0: 84800fa0 85800fa0 84c00fa0 85c00fa0 
0000aaf0: 86800fa0 87800fa0 86c00fa0 87c00fa0 
0000ab00: 88000ea0 89000ea0 88400ea0 89400ea0 
0000ab10: 8a000ea0 8b000ea0 8a400ea0 8b400ea0 
0000ab20: 88800ea0 89800ea0 88c00ea0 89c00ea0 
0000ab30: 8a800ea0 8b800ea0 8ac00ea0 8bc00ea0 
0000ab40: 8c000ea0 8d000ea0 8c400ea0 8d400ea0 
0000ab50: 8e000ea0 8f000ea0 8e400ea0 8f400ea0 
0000ab60: 8c800ea0 8d800ea0 8cc00ea0 8dc00ea0 
0000ab70: 8e800ea0 8f800ea0 8ec00ea0 8fc00ea0 
0000ab80: 88000fa0 89000fa0 88400fa0 89400fa0 
0000ab90: 8a000fa0 8b000fa0 8a400fa0 8b400fa0 
0000aba0: 88800fa0 89800fa0 88c00fa0 89c00fa0 
0000abb0: 8a800fa0 8b800fa0 8ac00fa0 8bc00fa0 
0000abc0: 8c000fa0 8d000fa0 8c400fa0 8d400fa0 
0000abd0: 8e000fa0 8f000fa0 8e400fa0 8f400fa0 
0000abe0: 8c800fa0 8d800fa0 8cc00fa0 8dc00fa0 
0000abf0: 8e800fa0 8f800fa0 8ec00fa0 8fc00fa0 
0000ac00: 90000ca0 91000ca0 90400ca0 91400ca0 
0000ac10: 92000ca0 93000ca0 92400ca0 93400ca0 
0000ac20: 90800ca0 91800ca0 90c00ca0 91c00ca0 
0000ac30: 92800ca0 93800ca0 92c00ca0 93c00ca0 
0000ac40: 94000ca0 95000ca0 94400ca0 95400ca0 
0000ac50: 96000ca0 97000ca0 96400ca0 97400ca0 
0000ac60: 94800ca0 95800ca0 94c00ca0 95c00ca0 
0000ac70: 96800ca0 97800ca0 96c00ca0 97c00ca0 
0000ac80: 90000da0 91000da0 90400da0 91400da0 
0000ac90: 92000da0 93000da0 92400da0 93400da0 
0000aca0: 90800da0 91800da0 90c00da0 91c00da0 
0000acb0: 92800da0 93800da0 92c00da0 93c00da0 
0000acc0: 94000da0 95000da0 94400da0 95400da0 
0000acd0: 96000da0 97000da0 96400da0 97400da0 
0000ace0: 94800da0 95800da0 94c00da0 95c00da0 
0000acf0: 96800da0 97800da0 96c00da0 97c00da0 
0000ad00: 98000ca0 99000ca0 98400ca0 99400ca0 
0000ad10: 9a000ca0 9b000ca0 9a400ca0 9b400ca0 
0000ad20: 98800ca0 99800ca0 98c00ca0 99c00ca0 
0000ad30: 9a800ca0 9b800ca0 9ac00ca0 9bc00ca0 
0000ad40: 9c000ca0 9d000ca0 9c400ca0 9d400ca0 
0000ad50: 9e000ca0 9f000ca0 9e400ca0 9f400ca0 
0000ad60: 9c800ca0 9d800ca0 9cc00ca0 9dc00ca0 
0000ad70: 9e800ca0 9f800ca0 9ec00ca0 9fc00ca0 
0000ad80: 98000da0 99000da0 98400da0 99400da0 
0000ad90: 9a000da0 9b000da0 9a400da0 9b400da0 
0000ada0: 98800da0 99800da0 98c00da0 99c00da0 
0000adb0: 9a800da0 9b800da0 9ac00da0 9bc00da0 
0000adc0: 9c000da0 9d000da0 9c400da0 9d400da0 
0000add0: 9e000da0 9f000da0 9e400da0 9f400da0 
0000ade0: 9c800da0 9d800da0 9cc00da0 9dc00da0 
0000adf0: 9e800da0 9f800da0 9ec00da0 9fc00da0 
0000ae00: 90000ea0 91000ea0 90400ea0 91400ea0 
0000ae10: 92000ea0 93000ea0 92400ea0 93400ea0 
0000ae20: 90800ea0 91800ea0 90c00ea0 91c00ea0 
0000ae30: 92800ea0 93800ea0 92c00ea0 93c00ea0 
0000ae40: 94000ea0 95000ea0 94400ea0 95400ea0 
0000ae50: 96000ea0 97000ea0 96400ea0 97400ea0 
0000ae60: 94800ea0 95800ea0 94c00ea0 95c00ea0 
0000ae70: 96800ea0 97800ea0 96c00ea0 97c00ea0 
0000ae80: 90000fa0 91000fa0 90400fa0 91400fa0 
0000ae90: 92000fa0 93000fa0 92400fa0 93400fa0 
0000aea0: 90800fa0 91800fa0 90c00fa0 91c00fa0 
0000aeb0: 92800fa0 93800fa0 92c00fa0 93c00fa0 
0000aec0: 94000fa0 95000fa0 94400fa0 95400fa0 
0000aed0: 96000fa0 97000fa0 96400fa0 97400fa0 
0000aee0: 94800fa0 95800fa0 94c00fa0 95c00fa0 
0000aef0: 96800fa0 97800fa0 96c00fa0 97c00fa0 
0000af00: 98000ea0 99000ea0 98400ea0 99400ea0 
0000af10: 9a000ea0 9b000ea0 9a400ea0 9b400ea0 
0000af20: 98800ea0 99800ea0 98c00ea0 99c00ea0 
0000af30: 9a800ea0 9b800ea0 9ac00ea0 9bc00ea0 
0000af40: 9c000ea0 9d000ea0 9c400ea0 9d400ea0 
0000af50: 9e000ea0 9f000ea0 9e400ea0 9f400ea0 
0000af60: 9c800ea0 9d800ea0 9cc00ea0 9dc00ea0 
0000af70: 9e800ea0 9f800ea0 9ec00ea0 9fc00ea0 
0000af80: 98000fa0 99000fa0 98400fa0 99400fa0 
0000af90: 9a000fa0 9b000fa0 9a400fa0 9b400fa0 
0000afa0: 98800fa0 99800fa0 98c00fa0 99c00fa0 
0000afb0: 9a800fa0 9b800fa0 9ac00fa0 9bc00fa0 
0000afc0: 9c000fa0 9d000fa0 9c400fa0 9d400fa0 
0000afd0: 9e000fa0 9f000fa0 9e400fa0 9f400fa0 
0000afe0: 9c800fa0 9d800fa0 9cc00fa0 9dc00fa0 
0000aff0: 9e800fa0 9f800fa0 9ec00fa0 9fc00fa0 
0000b000: a00008a0 a10008a0 a04008a0 a14008a0 
0000b010: a20008a0 a30008a0 a24008a0 a34008a0 
0000b020: a08008a0 a18008a0 a0c008a0 a1c008a0 
0000b030: a28008a0 a38008a0 a2c008a0 a3c008a0 
0000b040: a40008a0 a50008a0 a44008a0 a54008a0 
0000b050: a60008a0 a70008a0 a64008a0 a74008a0 
0000b060: a48008a0 a58008a0 a4c008a0 a5c008a0 
0000b070: a68008a0 a78008a0 a6c008a0 a7c008a0 
0000b080: a00009a0 a10009a0 a04009a0 a14009a0 
0000b090: a20009a0 a30009a0 a24009a0 a34009a0 
0000b0a0: a08009a0 a18009a0 a0c009a0 a1c009a0 
0000b0b0: a28009a0 a38009a0 a2c009a0 a3c009a0 
0000b0c0: a40009a0 a50009a0 a44009a0 a54009a0 
0000b0d0: a60009a0 a70009a0 a64009a0 a74009a0 
0000b0e0: a48009a0 a58009a0 a4c009a0 a5c009a0 
0000b0f0: a68009a0 a78009a0 a6c009a0 a7c009a0 
0000b100: a80008a0 a90008a0 a84008a0 a94008a0 
0000b110: aa0008a0 ab0008a0 aa4008a0 ab4008a0 
0000b120: a88008a0 a98008a0 a8c008a0 a9c008a0 
0000b130: aa8008a0 ab8008a0 aac008a0 abc008a0 
0000b140: ac0008a0 ad0008a0 ac4008a0 ad4008a0 
0000b150: ae0008a0 af0008a0 ae4008a0 af4008a0 
0000b160: ac8008a0 ad8008a0 acc008a0 adc008a0 
0000b170: ae8008a0 af8008a0 aec008a0 afc008a0 
0000b180: a80009a0 a90009a0 a84009a0 a94009a0 
0000b190: aa0009a0 ab0009a0 aa4009a0 ab4009a0 
0000b1a0: a88009a0 a98009a0 a8c009a0 a9c009a0 
0000b1b0: aa8009a0 ab8009a0 aac009a0 abc009a0 
0000b1c0: ac0009a0 ad0009a0 ac4009a0 ad4009a0 
0000b1d0: ae0009a0 af0009a0 ae4009a0 af4009a0 
0000b1e0: ac8009a0 ad8009a0 acc009a0 adc009a0 
0000b1f0: ae8009a0 af8009a0 aec009a0 afc009a0 
0000b200: a0000aa0 a1000aa0 a0400aa0 a1400aa0 
0000b210: a2000aa0 a3000aa0 a2400aa0 a3400aa0 
0000b220: a0800aa0 a1800aa0 a0c00aa0 a1c00aa0 
0000b230: a2800aa0 a3800aa0 a2c00aa0 a3c00aa0 
0000b240: a4000aa0 a5000aa0 a4400aa0 a5400aa0 
0000b250: a6000aa0 a7000aa0 a6400aa0 a7400aa0 
0000b260: a4800aa0 a5800aa0 a4c00aa0 a5c00aa0 
0000b270: a6800aa0 a7800aa0 a6c00aa0 a7c00aa0 
0000b280: a0000ba0 a1000ba0 a0400ba0 a1400ba0 
0000b290: a2000ba0 a3000ba0 a2400ba0 a3400ba0 
0000b2a0: a0800ba0 a1800ba0 a0c00ba0 a1c00ba0 
0000b2b0: a2800ba0 a3800ba0 a2c00ba0 a3c00ba0 
0000b2c0: a4000ba0 a5000ba0 a4400ba0 a5400ba0 
0000b2d0: a6000ba0 a7000ba0 a6400ba0 a7400ba0 
0000b2e0: a4800ba0 a5800ba0 a4c00ba0 a5c00ba0 
0000b2f0: a6800ba0 a7800ba0 a6c00ba0 a7c00ba0 
0000b300: a8000aa0 a9000aa0 a8400aa0 a9400aa0 
0000b310: aa000aa0 ab000aa0 aa400aa0 ab400aa0 
0000b320: a8800aa0 a9800aa0 a8c00aa0 a9c00aa0 
0000b330: aa800aa0 ab800aa0 aac00aa0 abc00aa0 
0000b340: ac000aa0 ad000aa0 ac400aa0 ad400aa0 
0000b350: ae000aa0 af000aa0 ae400aa0 af400aa0 
0000b360: ac800aa0 ad800aa0 acc00aa0 adc00aa0 
0000b370: ae800aa0 af800aa0 aec00aa0 afc00aa0 
0000b380: a8000ba0 a9000ba0 a8400ba0 a9400ba0 
0000b390: aa000ba0 ab000ba0 aa400ba0 ab400ba0 
0000b3a0: a8800ba0 a9800ba0 a8c00ba0 a9c00ba0 
0000b3b0: aa800ba0 ab800ba0 aac00ba0 abc00ba0 
0000b3c0: ac000ba0 ad000ba0 ac400ba0 ad400ba0 
0000b3d0: ae000ba0 af000ba0 ae400ba0 af400ba0 
0000b3e0: ac800ba0 ad800ba0 acc00ba0 adc00ba0 
0000b3f0: ae800ba0 af800ba0 aec00ba0 afc00ba0 
0000b400: b00008a0 b10008a0 b04008a0 b14008a0 
0000b410: b20008a0 b30008a0 b24008a0 b34008a0 
0000b420: b08008a0 b18008a0 b0c008a0 b1c008a0 
0000b430: b28008a0 b38008a0 b2c008a0 b3c008a0 
0000b440: b40008a0 b50008a0 b44008a0 b54008a0 
0000b450: b60008a0 b70008a0 b64008a0 b74008a0 
0000b460: b48008a0 b58008a0 b4c008a0 b5c008a0 
0000b470: b68008a0 b78008a0 b6c008a0 b7c008a0 
0000b480: b00009a0 b10009a0 b04009a0 b14009a0 
0000b490: b20009a0 b30009a0 b24009a0 b34009a0 
0000b4a0: b08009a0 b18009a0 b0c009a0 b1c009a0 
0000b4b0: b28009a0 b38009a0 b2c009a0 b3c009a0 
0000b4c0: b40009a0 b50009a0 b44009a0 b54009a0 
0000b4d0: b60009a0 b70009a0 b64009a0 b74009a0 
0000b4e0: b48009a0 b58009a0 b4c009a0 b5c009a0 
0000b4f0: b68009a0 b78009a0 b6c009a0 b7c009a0 
0000b500: b80008a0 b90008a0 b84008a0 b94008a0 
0000b510: ba0008a0 bb0008a0 ba4008a0 bb4008a0 
0000b520: b88008a0 b98008a0 b8c008a0 b9c008a0 
0000b530: ba8008a0 bb8008a0 bac008a0 bbc008a0 
0000b540: bc0008a0 bd0008a0 bc4008a0 bd4008a0 
0000b550: be0008a0 bf0008a0 be4008a0 bf4008a0 
0000b560: bc8008a0 bd8008a0 bcc008a0 bdc008a0 
0000b570: be8008a0 bf8008a0 bec008a0 bfc008a0 
0000b580: b80009a0 b90009a0 b84009a0 b94009a0 
0000b590: ba0009a0 bb0009a0 ba4009a0 bb4009a0 
0000b5a0: b88009a0 b98009a0 b8c009a0 b9c009a0 
0000b5b0: ba8009a0 bb8009a0 bac009a0 bbc009a0 
0000b5c0: bc0009a0 bd0009a0 bc4009a0 bd4009a0 
0000b5d0: be0009a0 bf0009a0 be4009a0 bf4009a0 
0000b5e0: bc8009a0 bd8009a0 bcc009a0 bdc009a0 
0000b5f0: be8009a0 bf8009a0 bec009a0 bfc009a0 
0000b600: b0000aa0 b1000aa0 b0400aa0 b1400aa0 
0000b610: b2000aa0 b3000aa0 b2400aa0 b3400aa0 
0000b620: b0800aa0 b1800aa0 b0c00aa0 b1c00aa0 
0000b630: b2800aa0 b3800aa0 b2c00aa0 b3c00aa0 
0000b640: b4000aa0 b5000aa0 b4400aa0 b5400aa0 
0000b650: b6000aa0 b7000aa0 b6400aa0 b7400aa0 
0000b660: b4800aa0 b5800aa0 b4c00aa0 b5c00aa0 
0000b670: b6800aa0 b7800aa0 b6c00aa0 b7c00aa0 
0000b680: b0000ba0 b1000ba0 b0400ba0 b1400ba0 
0000b690: b2000ba0 b3000ba0 b2400ba0 b3400ba0 
0000b6a0: b0800ba0 b1800ba0 b0c00ba0 b1c00ba0 
0000b6b0: b2800ba0 b3800ba0 b2c00ba0 b3c00ba0 
0000b6c0: b4000ba0 b5000ba0 b4400ba0 b5400ba0 
0000b6d0: b6000ba0 b7000ba0 b6400ba0 b7400ba0 
0000b6e0: b4800ba0 b5800ba0 b4c00ba0 b5c00ba0 
0000b6f0: b6800ba0 b7800ba0 b6c00ba0 b7c00ba0 
0000b700: b8000aa0 b9000aa0 b8400aa0 b9400aa0 
0000b710: ba000aa0 bb000aa0 ba400aa0 bb400aa0 
0000b720: b8800aa0 b9800aa0 b8c00aa0 b9c00aa0 
0000b730: ba800aa0 bb800aa0 bac00aa0 bbc00aa0 
0000b740: bc000aa0 bd000aa0 bc400aa0 bd400aa0 
0000b750: be000aa0 bf000aa0 be400aa0 bf400aa0 
0000b760: bc800aa0 bd800aa0 bcc00aa0 bdc00aa0 
0000b770: be800aa0 bf800aa0 bec00aa0 bfc00aa0 
0000b780: b8000ba0 b9000ba0 b8400ba0 b9400ba0 
0000b790: ba000ba0 bb000ba0 ba400ba0 bb400ba0 
0000b7a0: b8800ba0 b9800ba0 b8c00ba0 b9c00ba0 
0000b7b0: ba800ba0 bb800ba0 bac00ba0 bbc00ba0 
0000b7c0: bc000ba0 bd000ba0 bc400ba0 bd400ba0 
0000b7d0: be000ba0 bf000ba0 be400ba0 bf400ba0 
0000b7e0: bc800ba0 bd800ba0 bcc00ba0 bdc00ba0 
0000b7f0: be800ba0 bf800ba0 bec00ba0 bfc00ba0 
0000b800: a0000ca0 a1000ca0 a0400ca0 a1400ca0 
0000b810: a2000ca0 a3000ca0 a2400ca0 a3400ca0 
0000b820: a0800ca0 a1800ca0 a0c00ca0 a1c00ca0 
0000b830: a2800ca0 a3800ca0 a2c00ca0 a3c00ca0 
0000b840: a4000ca0 a5000ca0 a4400ca0 a5400ca0 
0000b850: a6000ca0 a7000ca0 a6400ca0 a7400ca0 
0000b860: a4800ca0 a5800ca0 a4c00ca0 a5c00ca0 
0000b870: a6800ca0 a7800ca0 a6c00ca0 a7c00ca0 
0000b880: a0000da0 a1000da0 a0400da0 a1400da0 
0000b890: a2000da0 a3000da0 a2400da0 a3400da0 
0000b8a0: a0800da0 a1800da0 a0c00da0 a1c00da0 
0000b8b0: a2800da0 a3800da0 a2c00da0 a3c00da0 
0000b8c0: a4000da0 a5000da0 a4400da0 a5400da0 
0000b8d0: a6000da0 a7000da0 a6400da0 a7400da0 
0000b8e0: a4800da0 a5800da0 a4c00da0 a5c00da0 
0000b8f0: a6800da0 a7800da0 a6c00da0 a7c00da0 
0000b900: a8000ca0 a9000ca0 a8400ca0 a9400ca0 
0000b910: aa000ca0 ab000ca0 aa400ca0 ab400ca0 
0000b920: a8800ca0 a9800ca0 a8c00ca0 a9c00ca0 
0000b930: aa800ca0 ab800ca0 aac00ca0 abc00ca0 
0000b940: ac000ca0 ad000ca0 ac400ca0 ad400ca0 
0000b950: ae000ca0 af000ca0 ae400ca0 af400ca0 
0000b960: ac800ca0 ad800ca0 acc00ca0 adc00ca0 
0000b970: ae800ca0 af800ca0 aec00ca0 afc00ca0 
0000b980: a8000da0 a9000da0 a8400da0 a9400da0 
0000b990: aa000da0 ab000da0 aa400da0 ab400da0 
0000b9a0: a8800da0 a9800da0 a8c00da0 a9c00da0 
0000b9b0: aa800da0 ab800da0 aac00da0 abc00da0 
0000b9c0: ac000da0 ad000da0 ac400da0 ad400da0 
0000b9d0: ae000da0 af000da0 ae400da0 af400da0 
0000b9e0: ac800da0 ad800da0 acc00da0 adc00da0 
0000b9f0: ae800da0 af800da0 aec00da0 afc00da0 
0000ba00: a0000ea0 a1000ea0 a0400ea0 a1400ea0 
0000ba10: a2000ea0 a3000ea0 a2400ea0 a3400ea0 
0000ba20: a0800ea0 a1800ea0 a0c00ea0 a1c00ea0 
0000ba30: a2800ea0 a3800ea0 a2c00ea0 a3c00ea0 
0000ba40: a4000ea0 a5000ea0 a4400ea0 a5400ea0 
0000ba50: a6000ea0 a7000ea0 a6400ea0 a7400ea0 
0000ba60: a4800ea0 a5800ea0 a4c00ea0 a5c00ea0 
0000ba70: a6800ea0 a7800ea0 a6c00ea0 a7c00ea0 
0000ba80: a0000fa0 a1000fa0 a0400fa0 a1400fa0 
0000ba90: a2000fa0 a3000fa0 a2400fa0 a3400fa0 
0000baa0: a0800fa0 a1800fa0 a0c00fa0 a1c00fa0 
0000bab0: a2800fa0 a3800fa0 a2c00fa0 a3c00fa0 
0000bac0: a4000fa0 a5000fa0 a4400fa0 a5400fa0 
0000bad0: a6000fa0 a7000fa0 a6400fa0 a7400fa0 
0000bae0: a4800fa0 a5800fa0 a4c00fa0 a5c00fa0 
0000baf0: a6800fa0 a7800fa0 a6c00fa0 a7c00fa0 
0000bb00: a8000ea0 a9000ea0 a8400ea0 a9400ea0 
0000bb10: aa000ea0 ab000ea0 aa400ea0 ab400ea0 
0000bb20: a8800ea0 a9800ea0 a8c00ea0 a9c00ea0 
0000bb30: aa800ea0 ab800ea0 aac00ea0 abc00ea0 
0000bb40: ac000ea0 ad000ea0 ac400ea0 ad400ea0 
0000bb50: ae000ea0 af000ea0 ae400ea0 af400ea0 
0000bb60: ac800ea0 ad800ea0 acc00ea0 adc00ea0 
0000bb70: ae800ea0 af800ea0 aec00ea0 afc00ea0 
0000bb80: a8000fa0 a9000fa0 a8400fa0 a9400fa0 
0000bb90: aa000fa0 ab000fa0 aa400fa0 ab400fa0 
0000bba0: a8800fa0 a9800fa0 a8c00fa0 a9c00fa0 
0000bbb0: aa800fa0 ab800fa0 aac00fa0 abc00fa0 
0000bbc0: ac000fa0 ad000fa0 ac400fa0 ad400fa0 
0000bbd0: ae000fa0 af000fa0 ae400fa0 af400fa0 
0000bbe0: ac800fa0 ad800fa0 acc00fa0 adc00fa0 
0000bbf0: ae800fa0 af800fa0 aec00fa0 afc00fa0 
0000bc00: b0000ca0 b1000ca0 b0400ca0 b1400ca0 
0000bc10: b2000ca0 b3000ca0 b2400ca0 b3400ca0 
0000bc20: b0800ca0 b1800ca0 b0c00ca0 b1c00ca0 
0000bc30: b2800ca0 b3800ca0 b2c00ca0 b3c00ca0 
0000bc40: b4000ca0 b5000ca0 b4400ca0 b5400ca0 
0000bc50: b6000ca0 b7000ca0 b6400ca0 b7400ca0 
0000bc60: b4800ca0 b5800ca0 b4c00ca0 b5c00ca0 
0000bc70: b6800ca0 b7800ca0 b6c00ca0 b7c00ca0 
0000bc80: b0000da0 b1000da0 b0400da0 b1400da0 
0000bc90: b2000da0 b3000da0 b2400da0 b3400da0 
0000bca0: b0800da0 b1800da0 b0c00da0 b1c00da0 
0000bcb0: b2800da0 b3800da0 b2c00da0 b3c00da0 
0000bcc0: b4000da0 b5000da0 b4400da0 b5400da0 
0000bcd0: b6000da0 b7000da0 b6400da0 b7400da0 
0000bce0: b4800da0 b5800da0 b4c00da0 b5c00da0 
0000bcf0: b6800da0 b7800da0 b6c00da0 b7c00da0 
0000bd00: b8000ca0 b9000ca0 b8400ca0 b9400ca0 
0000bd10: ba000ca0 bb000ca0 ba400ca0 bb400ca0 
0000bd20: b8800ca0 b9800ca0 b8c00ca0 b9c00ca0 
0000bd30: ba800ca0 bb800ca0 bac00ca0 bbc00ca0 
0000bd40: bc000ca0 bd000ca0 bc400ca0 bd400ca0 
0000bd50: be000ca0 bf000ca0 be400ca0 bf400ca0 
0000bd60: bc800ca0 bd800ca0 bcc00ca0 bdc00ca0 
0000bd70: be800ca0 bf800ca0 bec00ca0 bfc00ca0 
0000bd80: b8000da0 b9000da0 b8400da0 b9400da0 
0000bd90: ba000da0 bb000da0 ba400da0 bb400da0 
0000bda0: b8800da0 b9800da0 b8c00da0 b9c00da0 
0000bdb0: ba800da0 bb800da0 bac00da0 bbc00da0 
0000bdc0: bc000da0 bd000da0 bc400da0 bd400da0 
0000bdd0: be000da0 bf000da0 be400da0 bf400da0 
0000bde0: bc800da0 bd800da0 bcc00da0 bdc00da0 
0000bdf0: be800da0 bf800da0 bec00da0 bfc00da0 
0000be00: b0000ea0 b1000ea0 b0400ea0 b1400ea0 
0000be10: b2000ea0 b3000ea0 b2400ea0 b3400ea0 
0000be20: b0800ea0 b1800ea0 b0c00ea0 b1c00ea0 
0000be30: b2800ea0 b3800ea0 b2c00ea0 b3c00ea0 
0000be40: b4000ea0 b5000ea0 b4400ea0 b5400ea0 
0000be50: b6000ea0 b7000ea0 b6400ea0 b7400ea0 
0000be60: b4800ea0 b5800ea0 b4c00ea0 b5c00ea0 
0000be70: b6800ea0 b7800ea0 b6c00ea0 b7c00ea0 
0000be80: b0000fa0 b1000fa0 b0400fa0 b1400fa0 
0000be90: b2000fa0 b3000fa0 b2400fa0 b3400fa0 
0000bea0: b0800fa0 b1800fa0 b0c00fa0 b1c00fa0 
0000beb0: b2800fa0 b3800fa0 b2c00fa0 b3c00fa0 
0000bec0: b4000fa0 b5000fa0 b4400fa0 b5400fa0 
0000bed0: b6000fa0 b7000fa0 b6400fa0 b7400fa0 
0000bee0: b4800fa0 b5800fa0 b4c00fa0 b5c00fa0 
0000bef0: b6800fa0 b7800fa0 b6c00fa0 b7c00fa0 
0000bf00: b8000ea0 b9000ea0 b8400ea0 b9400ea0 
0000bf10: ba000ea0 bb000ea0 ba400ea0 bb400ea0 
0000bf20: b8800ea0 b9800ea0 b8c00ea0 b9c00ea0 
0000bf30: ba800ea0 bb800ea0 bac00ea0 bbc00ea0 
0000bf40: bc000ea0 bd000ea0 bc400ea0 bd400ea0 
0000bf50: be000ea0 bf000ea0 be400ea0 bf400ea0 
0000bf60: bc800ea0 bd800ea0 bcc00ea0 bdc00ea0 
0000bf70: be800ea0 bf800ea0 bec00ea0 bfc00ea0 
0000bf80: b8000fa0 b9000fa0 b8400fa0 b9400fa0 
0000bf90: ba000fa0 bb000fa0 ba400fa0 bb400fa0 
0000bfa0: b8800fa0 b9800fa0 b8c00fa0 b9c00fa0 
0000bfb0: ba800fa0 bb800fa0 bac00fa0 bbc00fa0 
0000bfc0: bc000fa0 bd000fa0 bc400fa0 bd400fa0 
0000bfd0: be000fa0 bf000fa0 be400fa0 bf400fa0 
0000bfe0: bc800fa0 bd800fa0 bcc00fa0 bdc00fa0 
0000bff0: be800fa0 bf800fa0 bec00fa0 bfc00fa0 
0000c000: 000010a0 010010a0 004010a0 014010a0 
0000c010: 020010a0 030010a0 024010a0 034010a0 
0000c020: 008010a0 018010a0 00c010a0 01c010a0 
0000c030: 028010a0 038010a0 02c010a0 03c010a0 
0000c040: 040010a0 050010a0 044010a0 054010a0 
0000c050: 060010a0 070010a0 064010a0 074010a0 
0000c060: 048010a0 058010a0 04c010a0 05c010a0 
0000c070: 068010a0 078010a0 06c010a0 07c010a0 
0000c080: 000011a0 010011a0 004011a0 014011a0 
0000c090: 020011a0 030011a0 024011a0 034011a0 
0000c0a0: 008011a0 018011a0 00c011a0 01c011a0 
0000c0b0: 028011a0 038011a0 02c011a0 03c011a0 
0000c0c0: 040011a0 050011a0 044011a0 054011a0 
0000c0d0: 060011a0 070011a0 064011a0 074011a0 
0000c0e0: 048011a0 058011a0 04c011a0 05c011a0 
0000c0f0: 068011a0 078011a0 06c011a0 07c011a0 
0000c100: 080010a0 090010a0 084010a0 094010a0 
0000c110: 0a0010a0 0b0010a0 0a4010a0 0b4010a0 
0000c120: 088010a0 098010a0 08c010a0 09c010a0 
0000c130: 0a8010a0 0b8010a0 0ac010a0 0bc010a0 
0000c140: 0c0010a0 0d0010a0 0c4010a0 0d4010a0 
0000c150: 0e0010a0 0f0010a0 0e4010a0 0f4010a0 
0000c160: 0c8010a0 0d8010a0 0cc010a0 0dc010a0 
0000c170: 0e8010a0 0f8010a0 0ec010a0 0fc010a0 
0000c180: 080011a0 090011a0 084011a0 094011a0 
0000c190: 0a0011a0 0b0011a0 0a4011a0 0b4011a0 
0000c1a0: 088011a0 098011a0 08c011a0 09c011a0 
0000c1b0: 0a8011a0 0b8011a0 0ac011a0 0bc011a0 
0000c1c0: 0c0011a0 0d0011a0 0c4011a0 0d4011a0 
0000c1d0: 0e0011a0 0f0011a0 0e4011a0 0f4011a0 
0000c1e0: 0c8011a0 0d8011a0 0cc011a0 0dc011a0 
0000c1f0: 0e8011a0 0f8011a0 0ec011a0 0fc011a0 
0000c200: 000012a0 010012a0 004012a0 014012a0 
0000c210: 020012a0 030012a0 024012a0 034012a0 
0000c220: 008012a0 018012a0 00c012a0 01c012a0 
0000c230: 028012a0 038012a0 02c012a0 03c012a0 
0000c240: 040012a0 050012a0 044012a0 054012a0 
0000c250: 060012a0 070012a0 064012a0 074012a0 
0000c260: 048012a0 058012a0 04c012a0 05c012a0 
0000c270: 068012a0 078012a0 06c012a0 07c012a0 
0000c280: 000013a0 010013a0 004013a0 014013a0 
0000c290: 020013a0 030013a0 024013a0 034013a0 
0000c2a0: 008013a0 018013a0 00c013a0 01c013a0 
0000c2b0: 028013a0 038013a0 02c013a0 03c013a0 
0000c2c0: 040013a0 050013a0 044013a0 054013a0 
0000c2d0: 060013a0 070013a0 064013a0 074013a0 
0000c2e0: 048013a0 058013a0 04c013a0 05c013a0 
0000c2f0: 068013a0 078013a0 06c013a0 07c013a0 
0000c300: 080012a0 090012a0 084012a0 094012a0 
0000c310: 0a0012a0 0b0012a0 0a4012a0 0b4012a0 
0000c320: 088012a0 098012a0 08c012a0 09c012a0 
0000c330: 0a8012a0 0b8012a0 0ac012a0 0bc012a0 
0000c340: 0c0012a0 0d0012a0 0c4012a0 0d4012a0 
0000c350: 0e0012a0 0f0012a0 0e4012a0 0f4012a0 
0000c360: 0c8012a0 0d8012a0 0cc012a0 0dc012a0 
0000c370: 0e8012a0 0f8012a0 0ec012a0 0fc012a0 
0000c380: 080013a0 090013a0 084013a0 094013a0 
0000c390: 0a0013a0 0b0013a0 0a4013a0 0b4013a0 
0000c3a0: 088013a0 098013a0 08c013a0 09c013a0 
0000c3b0: 0a8013a0 0b8013a0 0ac013a0 0bc013a0 
0000c3c0: 0c0013a0 0d0013a0 0c4013a0 0d4013a0 
0000c3d0: 0e0013a0 0f0013a0 0e4013a0 0f4013a0 
0000c3e0: 0c8013a0 0d8013a0 0cc013a0 0dc013a0 
0000c3f0: 0e8013a0 0f8013a0 0ec013a0 0fc013a0 
0000c400: 100010a0 110010a0 104010a0 114010a0 
0000c410: 120010a0 130010a0 124010a0 134010a0 
0000c420: 108010a0 118010a0 10c010a0 11c010a0 
0000c430: 128010a0 138010a0 12c010a0 13c010a0 
0000c440: 140010a0 150010a0 144010a0 154010a0 
0000c450: 160010a0 170010a0 164010a0 174010a0 
0000c460: 148010a0 158010a0 14c010a0 15c010a0 
0000c470: 168010a0 178010a0 16c010a0 17c010a0 
0000c480: 100011a0 110011a0 104011a0 114011a0 
0000c490: 120011a0 130011a0 124011a0 134011a0 
0000c4a0: 108011a0 118011a0 10c011a0 11c011a0 
0000c4b0: 128011a0 138011a0 12c011a0 13c011a0 
0000c4c0: 140011a0 150011a0 144011a0 154011a0 
0000c4d0: 160011a0 170011a0 164011a0 174011a0 
0000c4e0: 148011a0 158011a0 14c011a0 15c011a0 
0000c4f0: 168011a0 178011a0 16c011a0 17c011a0 
0000c500: 180010a0 190010a0 184010a0 194010a0 
0000c510: 1a0010a0 1b0010a0 1a4010a0 1b4010a0 
0000c520: 188010a0 198010a0 18c010a0 19c010a0 
0000c530: 1a8010a0 1b8010a0 1ac010a0 1bc010a0 
0000c540: 1c0010a0 1d0010a0 1c4010a0 1d4010a0 
0000c550: 1e0010a0 1f0010a0 1e4010a0 1f4010a0 
0000c560: 1c8010a0 1d8010a0 1cc010a0 1dc010a0 
0000c570: 1e8010a0 1f8010a0 1ec010a0 1fc010a0 
0000c580: 180011a0 190011a0 184011a0 194011a0 
0000c590: 1a0011a0 1b0011a0 1a4011a0 1b4011a0 
0000c5a0: 188011a0 198011a0 18c011a0 19c011a0 
0000c5b0: 1a8011a0 1b8011a0 1ac011a0 1bc011a0 
0000c5c0: 1c0011a0 1d0011a0 1c4011a0 1d4011a0 
0000c5d0: 1e0011a0 1f0011a0 1e4011a0 1f4011a0 
0000c5e0: 1c8011a0 1d8011a0 1cc011a0 1dc011a0 
0000c5f0: 1e8011a0 1f8011a0 1ec011a0 1fc011a0 
0000c600: 100012a0 110012a0 104012a0 114012a0 
0000c610: 120012a0 130012a0 124012a0 134012a0 
0000c620: 108012a0 118012a0 10c012a0 11c012a0 
0000c630: 128012a0 138012a0 12c012a0 13c012a0 
0000c640: 140012a0 150012a0 144012a0 154012a0 
0000c650: 160012a0 170012a0 164012a0 174012a0 
0000c660: 148012a0 158012a0 14c012a0 15c012a0 
0000c670: 168012a0 178012a0 16c012a0 17c012a0 
0000c680: 100013a0 110013a0 104013a0 114013a0 
0000c690: 120013a0 130013a0 124013a0 134013a0 
0000c6a0: 108013a0 118013a0 10c013a0 11c013a0 
0000c6b0: 128013a0 138013a0 12c013a0 13c013a0 
0000c6c0: 140013a0 150013a0 144013a0 154013a0 
0000c6d0: 160013a0 170013a0 164013a0 174013a0 
0000c6e0: 148013a0 158013a0 14c013a0 15c013a0 
0000c6f0: 168013a0 178013a0 16c013a0 17c013a0 
0000c700: 180012a0 190012a0 184012a0 194012a0 
0000c710: 1a0012a0 1b0012a0 1a4012a0 1b4012a0 
0000c720: 188012a0 198012a0 18c012a0 19c012a0 
0000c730: 1a8012a0 1b8012a0 1ac012a0 1bc012a0 
0000c740: 1c0012a0 1d0012a0 1c4012a0 1d4012a0 
0000c750: 1e0012a0 1f0012a0 1e4012a0 1f4012a0 
0000c760: 1c8012a0 1d8012a0 1cc012a0 1dc012a0 
0000c770: 1e8012a0 1f8012a0 1ec012a0 1fc012a0 
0000c780: 180013a0 190013a0 184013a0 194013a0 
0000c790: 1a0013a0 1b0013a0 1a4013a0 1b4013a0 
0000c7a0: 188013a0 198013a0 18c013a0 19c013a0 
0000c7b0: 1a8013a0 1b8013a0 1ac013a0 1bc013a0 
0000c7c0: 1c0013a0 1d0013a0 1c4013a0 1d4013a0 
0000c7d0: 1e0013a0 1f0013a0 1e4013a0 1f4013a0 
0000c7e0: 1c8013a0 1d8013a0 1cc013a0 1dc013a0 
0000c7f0: 1e8013a0 1f8013a0 1ec013a0 1fc013a0 
0000c800: 000014a0 010014a0 004014a0 014014a0 
0000c810: 020014a0 030014a0 024014a0 034014a0 
0000c820: 008014a0 018014a0 00c014a0 01c014a0 
0000c830: 028014a0 038014a0 02c014a0 03c014a0 
0000c840: 040014a0 050014a0 044014a0 054014a0 
0000c850: 060014a0 070014a0 064014a0 074014a0 
0000c860: 048014a0 058014a0 04c014a0 05c014a0 
0000c870: 068014a0 078014a0 06c014a0 07c014a0 
0000c880: 000015a0 010015a0 004015a0 014015a0 
0000c890: 020015a0 030015a0 024015a0 034015a0 
0000c8a0: 008015a0 018015a0 00c015a0 01c015a0 
0000c8b0: 028015a0 038015a0 02c015a0 03c015a0 
0000c8c0: 040015a0 050015a0 044015a0 054015a0 
0000c8d0: 060015a0 070015a0 064015a0 074015a0 
0000c8e0: 048015a0 058015a0 04c015a0 05c015a0 
0000c8f0: 068015a0 078015a0 06c015a0 07c015a0 
0000c900: 080014a0 090014a0 084014a0 094014a0 
0000c910: 0a0014a0 0b0014a0 0a4014a0 0b4014a0 
0000c920: 088014a0 098014a0 08c014a0 09c014a0 
0000c930: 0a8014a0 0b8014a0 0ac014a0 0bc014a0 
0000c940: 0c0014a0 0d0014a0 0c4014a0 0d4014a0 
0000c950: 0e0014a0 0f0014a0 0e4014a0 0f4014a0 
0000c960: 0c8014a0 0d8014a0 0cc014a0 0dc014a0 
0000c970: 0e8014a0 0f8014a0 0ec014a0 0fc014a0 
0000c980: 080015a0 090015a0 084015a0 094015a0 
0000c990: 0a0015a0 0b0015a0 0a4015a0 0b4015a0 
0000c9a0: 088015a0 098015a0 08c015a0 09c015a0 
0000c9b0: 0a8015a0 0b8015a0 0ac015a0 0bc015a0 
0000c9c0: 0c0015a0 0d0015a0 0c4015a0 0d4015a0 
0000c9d0: 0e0015a0 0f0015a0 0e4015a0 0f4015a0 
0000c9e0: 0c8015a0 0d8015a0 0cc015a0 0dc015a0 
0000c9f0: 0e8015a0 0f8015a0 0ec015a0 0fc015a0 
0000ca00: 000016a0 010016a0 004016a0 014016a0 
0000ca10: 020016a0 030016a0 024016a0 034016a0 
0000ca20: 008016a0 018016a0 00c016a0 01c016a0 
0000ca30: 028016a0 038016a0 02c016a0 03c016a0 
0000ca40: 040016a0 050016a0 044016a0 054016a0 
0000ca50: 060016a0 070016a0 064016a0 074016a0 
0000ca60: 048016a0 058016a0 04c016a0 05c016a0 
0000ca70: 068016a0 078016a0 06c016a0 07c016a0 
0000ca80: 000017a0 010017a0 004017a0 014017a0 
0000ca90: 020017a0 030017a0 024017a0 034017a0 
0000caa0: 008017a0 018017a0 00c017a0 01c017a0 
0000cab0: 028017a0 038017a0 02c017a0 03c017a0 
0000cac0: 040017a0 050017a0 044017a0 054017a0 
0000cad0: 060017a0 070017a0 064017a0 074017a0 
0000cae0: 048017a0 058017a0 04c017a0 05c017a0 
0000caf0: 068017a0 078017a0 06c017a0 07c017a0 
0000cb00: 080016a0 090016a0 084016a0 094016a0 
0000cb10: 0a0016a0 0b0016a0 0a4016a0 0b4016a0 
0000cb20: 088016a0 098016a0 08c016a0 09c016a0 
0000cb30: 0a8016a0 0b8016a0 0ac016a0 0bc016a0 
0000cb40: 0c0016a0 0d0016a0 0c4016a0 0d4016a0 
0000cb50: 0e0016a0 0f0016a0 0e4016a0 0f4016a0 
0000cb60: 0c8016a0 0d8016a0 0cc016a0 0dc016a0 
0000cb70: 0e8016a0 0f8016a0 0ec016a0 0fc016a0 
0000cb80: 080017a0 090017a0 084017a0 094017a0 
0000cb90: 0a0017a0 0b0017a0 0a4017a0 0b4017a0 
0000cba0: 088017a0 098017a0 08c017a0 09c017a0 
0000cbb0: 0a8017a0 0b8017a0 0ac017a0 0bc017a0 
0000cbc0: 0c0017a0 0d0017a0 0c4017a0 0d4017a0 
0000cbd0: 0e0017a0 0f0017a0 0e4017a0 0f4017a0 
0000cbe0: 0c8017a0 0d8017a0 0cc017a0 0dc017a0 
0000cbf0: 0e8017a0 0f8017a0 0ec017a0 0fc017a0 
0000cc00: 100014a0 110014a0 104014a0 114014a0 
0000cc10: 120014a0 130014a0 124014a0 134014a0 
0000cc20: 108014a0 118014a0 10c014a0 11c014a0 
0000cc30: 128014a0 138014a0 12c014a0 13c014a0 
0000cc40: 140014a0 150014a0 144014a0 154014a0 
0000cc50: 160014a0 170014a0 164014a0 174014a0 
0000cc60: 148014a0 158014a0 14c014a0 15c014a0 
0000cc70: 168014a0 178014a0 16c014a0 17c014a0 
0000cc80: 100015a0 110015a0 104015a0 114015a0 
0000cc90: 120015a0 130015a0 124015a0 134015a0 
0000cca0: 108015a0 118015a0 10c015a0 11c015a0 
0000ccb0: 128015a0 138015a0 12c015a0 13c015a0 
0000ccc0: 140015a0 150015a0 144015a0 154015a0 
0000ccd0: 160015a0 170015a0 164015a0 174015a0 
0000cce0: 148015a0 158015a0 14c015a0 15c015a0 
0000ccf0: 168015a0 178015a0 16c015a0 17c015a0 
0000cd00: 180014a0 190014a0 184014a0 194014a0 
0000cd10: 1a0014a0 1b0014a0 1a4014a0 1b4014a0 
0000cd20: 188014a0 198014a0 18c014a0 19c014a0 
0000cd30: 1a8014a0 1b8014a0 1ac014a0 1bc014a0 
0000cd40: 1c0014a0 1d0014a0 1c4014a0 1d4014a0 
0000cd50: 1e0014a0 1f0014a0 1e4014a0 1f4014a0 
0000cd60: 1c8014a0 1d8014a0 1cc014a0 1dc014a0 
0000cd70: 1e8014a0 1f8014a0 1ec014a0 1fc014a0 
0000cd80: 180015a0 190015a0 184015a0 194015a0 
0000cd90: 1a0015a0 1b0015a0 1a4015a0 1b4015a0 
0000cda0: 188015a0 198015a0 18c015a0 19c015a0 
0000cdb0: 1a8015a0 1b8015a0 1ac015a0 1bc015a0 
0000cdc0: 1c0015a0 1d0015a0 1c4015a0 1d4015a0 
0000cdd0: 1e0015a0 1f0015a0 1e4015a0 1f4015a0 
0000cde0: 1c8015a0 1d8015a0 1cc015a0 1dc015a0 
0000cdf0: 1e8015a0 1f8015a0 1ec015a0 1fc015a0 
0000ce00: 100016a0 110016a0 104016a0 114016a0 
0000ce10: 120016a0 130016a0 124016a0 134016a0 
0000ce20: 108016a0 118016a0 10c016a0 11c016a0 
0000ce30: 128016a0 138016a0 12c016a0 13c016a0 
0000ce40: 140016a0 150016a0 144016a0 154016a0 
0000ce50: 160016a0 170016a0 164016a0 174016a0 
0000ce60: 148016a0 158016a0 14c016a0 15c016a0 
0000ce70: 168016a0 178016a0 16c016a0 17c016a0 
0000ce80: 100017a0 110017a0 104017a0 114017a0 
0000ce90: 120017a0 130017a0 124017a0 134017a0 
0000cea0: 108017a0 118017a0 10c017a0 11c017a0 
0000ceb0: 128017a0 138017a0 12c017a0 13c017a0 
0000cec0: 140017a0 150017a0 144017a0 154017a0 
0000ced0: 160017a0 170017a0 164017a0 174017a0 
0000cee0: 148017a0 158017a0 14c017a0 15c017a0 
0000cef0: 168017a0 178017a0 16c017a0 17c017a0 
0000cf00: 180016a0 190016a0 184016a0 194016a0 
0000cf10: 1a0016a0 1b0016a0 1a4016a0 1b4016a0 
0000cf20: 188016a0 198016a0 18c016a0 19c016a0 
0000cf30: 1a8016a0 1b8016a0 1ac016a0 1bc016a0 
0000cf40: 1c0016a0 1d0016a0 1c4016a0 1d4016a0 
0000cf50: 1e0016a0 1f0016a0 1e4016a0 1f4016a0 
0000cf60: 1c8016a0 1d8016a0 1cc016a0 1dc016a0 
0000cf70: 1e8016a0 1f8016a0 1ec016a0 1fc016a0 
0000cf80: 180017a0 190017a0 184017a0 194017a0 
0000cf90: 1a0017a0 1b0017a0 1a4017a0 1b4017a0 
0000cfa0: 188017a0 198017a0 18c017a0 19c017a0 
0000cfb0: 1a8017a0 1b8017a0 1ac017a0 1bc017a0 
0000cfc0: 1c0017a0 1d0017a0 1c4017a0 1d4017a0 
0000cfd0: 1e0017a0 1f0017a0 1e4017a0 1f4017a0 
0000cfe0: 1c8017a0 1d8017a0 1cc017a0 1dc017a0 
0000cff0: 1e8017a0 1f8017a0 1ec017a0 1fc017a0 
0000d000: 200010a0 210010a0 204010a0 214010a0 
0000d010: 220010a0 230010a0 224010a0 234010a0 
0000d020: 208010a0 218010a0 20c010a0 21c010a0 
0000d030: 228010a0 238010a0 22c010a0 23c010a0 
0000d040: 240010a0 250010a0 244010a0 254010a0 
0000d050: 260010a0 270010a0 264010a0 274010a0 
0000d060: 248010a0 258010a0 24c010a0 25c010a0 
0000d070: 268010a0 278010a0 26c010a0 27c010a0 
0000d080: 200011a0 210011a0 204011a0 214011a0 
0000d090: 220011a0 230011a0 224011a0 234011a0 
0000d0a0: 208011a0 218011a0 20c011a0 21c011a0 
0000d0b0: 228011a0 238011a0 22c011a0 23c011a0 
0000d0c0: 240011a0 250011a0 244011a0 254011a0 
0000d0d0: 260011a0 270011a0 264011a0 274011a0 
0000d0e0: 248011a0 258011a0 24c011a0 25c011a0 
0000d0f0: 268011a0 278011a0 26c011a0 27c011a0 
0000d100: 280010a0 290010a0 284010a0 294010a0 
0000d110: 2a0010a0 2b0010a0 2a4010a0 2b4010a0 
0000d120: 288010a0 298010a0 28c010a0 29c010a0 
0000d130: 2a8010a0 2b8010a0 2ac010a0 2bc010a0 
0000d140: 2c0010a0 2d0010a0 2c4010a0 2d4010a0 
0000d150: 2e0010a0 2f0010a0 2e4010a0 2f4010a0 
0000d160: 2c8010a0 2d8010a0 2cc010a0 2dc010a0 
0000d170: 2e8010a0 2f8010a0 2ec010a0 2fc010a0 
0000d180: 280011a0 290011a0 284011a0 294011a0 
0000d190: 2a0011a0 2b0011a0 2a4011a0 2b4011a0 
0000d1a0: 288011a0 298011a0 28c011a0 29c011a0 
0000d1b0: 2a8011a0 2b8011a0 2ac011a0 2bc011a0 
0000d1c0: 2c0011a0 2d0011a0 2c4011a0 2d4011a0 
0000d1d0: 2e0011a0 2f0011a0 2e4011a0 2f4011a0 
0000d1e0: 2c8011a0 2d8011a0 2cc011a0 2dc011a0 
0000d1f0: 2e8011a0 2f8011a0 2ec011a0 2fc011a0 
0000d200: 200012a0 210012a0 204012a0 214012a0 
0000d210: 220012a0 230012a0 224012a0 234012a0 
0000d220: 208012a0 218012a0 20c012a0 21c012a0 
0000d230: 228012a0 238012a0 22c012a0 23c012a0 
0000d240: 240012a0 250012a0 244012a0 254012a0 
0000d250: 260012a0 270012a0 264012a0 274012a0 
0000d260: 248012a0 258012a0 24c012a0 25c012a0 
0000d270: 268012a0 278012a0 26c012a0 27c012a0 
0000d280: 200013a0 210013a0 204013a0 214013a0 
0000d290: 220013a0 230013a0 224013a0 234013a0 
0000d2a0: 208013a0 218013a0 20c013a0 21c013a0 
0000d2b0: 228013a0 238013a0 22c013a0 23c013a0 
0000d2c0: 240013a0 250013a0 244013a0 254013a0 
0000d2d0: 260013a0 270013a0 264013a0 274013a0 
0000d2e0: 248013a0 258013a0 24c013a0 25c013a0 
0000d2f0: 268013a0 278013a0 26c013a0 27c013a0 
0000d300: 280012a0 290012a0 284012a0 294012a0 
0000d310: 2a0012a0 2b0012a0 2a4012a0 2b4012a0 
0000d320: 288012a0 298012a0 28c012a0 29c012a0 
0000d330: 2a8012a0 2b8012a0 2ac012a0 2bc012a0 
0000d340: 2c0012a0 2d0012a0 2c4012a0 2d4012a0 
0000d350: 2e0012a0 2f0012a0 2e4012a0 2f4012a0 
0000d360: 2c8012a0 2d8012a0 2cc012a0 2dc012a0 
0000d370: 2e8012a0 2f8012a0 2ec012a0 2fc012a0 
0000d380: 280013a0 290013a0 284013a0 294013a0 
0000d390: 2a0013a0 2b0013a0 2a4013a0 2b4013a0 
0000d3a0: 288013a0 298013a0 28c013a0 29c013a0 
0000d3b0: 2a8013a0 2b8013a0 2ac013a0 2bc013a0 
0000d3c0: 2c0013a0 2d0013a0 2c4013a0 2d4013a0 
0000d3d0: 2e0013a0 2f0013a0 2e4013a0 2f4013a0 
0000d3e0: 2c8013a0 2d8013a0 2cc013a0 2dc013a0 
0000d3f0: 2e8013a0 2f8013a0 2ec013a0 2fc013a0 
0000d400: 300010a0 310010a0 304010a0 314010a0 
0000d410: 320010a0 330010a0 324010a0 334010a0 
0000d420: 308010a0 318010a0 30c010a0 31c010a0 
0000d430: 328010a0 338010a0 32c010a0 33c010a0 
0000d440: 340010a0 350010a0 344010a0 354010a0 
0000d450: 360010a0 370010a0 364010a0 374010a0 
0000d460: 348010a0 358010a0 34c010a0 35c010a0 
0000d470: 368010a0 378010a0 36c010a0 37c010a0 
0000d480: 300011a0 310011a0 304011a0 314011a0 
0000d490: 320011a0 330011a0 324011a0 334011a0 
0000d4a0: 308011a0 318011a0 30c011a0 31c011a0 
0000d4b0: 328011a0 338011a0 32c011a0 33c011a0 
0000d4c0: 340011a0 350011a0 344011a0 354011a0 
0000d4d0: 360011a0 370011a0 364011a0 374011a0 
0000d4e0: 348011a0 358011a0 34c011a0 35c011a0 
0000d4f0: 368011a0 378011a0 36c011a0 37c011a0 
0000d500: 380010a0 390010a0 384010a0 394010a0 
0000d510: 3a0010a0 3b0010a0 3a4010a0 3b4010a0 
0000d520: 388010a0 398010a0 38c010a0 39c010a0 
0000d530: 3a8010a0 3b8010a0 3ac010a0 3bc010a0 
0000d540: 3c0010a0 3d0010a0 3c4010a0 3d4010a0 
0000d550: 3e0010a0 3f0010a0 3e4010a0 3f4010a0 
0000d560: 3c8010a0 3d8010a0 3cc010a0 3dc010a0 
0000d570: 3e8010a0 3f8010a0 3ec010a0 3fc010a0 
0000d580: 380011a0 390011a0 384011a0 394011a0 
0000d590: 3a0011a0 3b0011a0 3a4011a0 3b4011a0 
0000d5a0: 388011a0 398011a0 38c011a0 39c011a0 
0000d5b0: 3a8011a0 3b8011a0 3ac011a0 3bc011a0 
0000d5c0: 3c0011a0 3d0011a0 3c4011a0 3d4011a0 
0000d5d0: 3e0011a0 3f0011a0 3e4011a0 3f4011a0 
0000d5e0: 3c8011a0 3d8011a0 3cc011a0 3dc011a0 
0000d5f0: 3e8011a0 3f8011a0 3ec011a0 3fc011a0 
0000d600: 300012a0 310012a0 304012a0 314012a0 
0000d610: 320012a0 330012a0 324012a0 334012a0 
0000d620: 308012a0 318012a0 30c012a0 31c012a0 
0000d630: 328012a0 338012a0 32c012a0 33c012a0 
0000d640: 340012a0 350012a0 344012a0 354012a0 
0000d650: 360012a0 370012a0 364012a0 374012a0 
0000d660: 348012a0 358012a0 34c012a0 35c012a0 
0000d670: 368012a0 378012a0 36c012a0 37c012a0 
0000d680: 300013a0 310013a0 304013a0 314013a0 
0000d690: 320013a0 330013a0 324013a0 334013a0 
0000d6a0: 308013a0 318013a0 30c013a0 31c013a0 
0000d6b0: 328013a0 338013a0 32c013a0 33c013a0 
0000d6c0: 340013a0 350013a0 344013a0 354013a0 
0000d6d0: 360013a0 370013a0 364013a0 374013a0 
0000d6e0: 348013a0 358013a0 34c013a0 35c013a0 
0000d6f0: 368013a0 378013a0 36c013a0 37c013a0 
0000d700: 380012a0 390012a0 384012a0 394012a0 
0000d710: 3a0012a0 3b0012a0 3a4012a0 3b4012a0 
0000d720: 388012a0 398012a0 38c012a0 39c012a0 
0000d730: 3a8012a0 3b8012a0 3ac012a0 3bc012a0 
0000d740: 3c0012a0 3d0012a0 3c4012a0 3d4012a0 
0000d750: 3e0012a0 3f0012a0 3e4012a0 3f4012a0 
0000d760: 3c8012a0 3d8012a0 3cc012a0 3dc012a0 
0000d770: 3e8012a0 3f8012a0 3ec012a0 3fc012a0 
0000d780: 380013a0 390013a0 384013a0 394013a0 
0000d790: 3a0013a0 3b0013a0 3a4013a0 3b4013a0 
0000d7a0: 388013a0 398013a0 38c013a0 39c013a0 
0000d7b0: 3a8013a0 3b8013a0 3ac013a0 3bc013a0 
0000d7c0: 3c0013a0 3d0013a0 3c4013a0 3d4013a0 
0000d7d0: 3e0013a0 3f0013a0 3e4013a0 3f4013a0 
0000d7e0: 3c8013a0 3d8013a0 3cc013a0 3dc013a0 
0000d7f0: 3e8013a0 3f8013a0 3ec013a0 3fc013a0 
0000d800: 200014a0 210014a0 204014a0 214014a0 
0000d810: 220014a0 230014a0 224014a0 234014a0 
0000d820: 208014a0 218014a0 20c014a0 21c014a0 
0000d830: 228014a0 238014a0 22c014a0 23c014a0 
0000d840: 240014a0 250014a0 244014a0 254014a0 
0000d850: 260014a0 270014a0 264014a0 274014a0 
0000d860: 248014a0 258014a0 24c014a0 25c014a0 
0000d870: 268014a0 278014a0 26c014a0 27c014a0 
0000d880: 200015a0 210015a0 204015a0 214015a0 
0000d890: 220015a0 230015a0 224015a0 234015a0 
0000d8a0: 208015a0 218015a0 20c015a0 21c015a0 
0000d8b0: 228015a0 238015a0 22c015a0 23c015a0 
0000d8c0: 240015a0 250015a0 244015a0 254015a0 
0000d8d0: 260015a0 270015a0 264015a0 274015a0 
0000d8e0: 248015a0 258015a0 24c015a0 25c015a0 
0000d8f0: 268015a0 278015a0 26c015a0 27c015a0 
0000d900: 280014a0 290014a0 284014a0 294014a0 
0000d910: 2a0014a0 2b0014a0 2a4014a0 2b4014a0 
0000d920: 288014a0 298014a0 28c014a0 29c014a0 
0000d930: 2a8014a0 2b8014a0 2ac014a0 2bc014a0 
0000d940: 2c0014a0 2d0014a0 2c4014a0 2d4014a0 
0000d950: 2e0014a0 2f0014a0 2e4014a0 2f4014a0 
0000d960: 2c8014a0 2d8014a0 2cc014a0 2dc014a0 
0000d970: 2e8014a0 2f8014a0 2ec014a0 2fc014a0 
0000d980: 280015a0 290015a0 284015a0 294015a0 
0000d990: 2a0015a0 2b0015a0 2a4015a0 2b4015a0 
0000d9a0: 288015a0 298015a0 28c015a0 29c015a0 
0000d9b0: 2a8015a0 2b8015a0 2ac015a0 2bc015a0 
0000d9c0: 2c0015a0 2d0015a0 2c4015a0 2d4015a0 
0000d9d0: 2e0015a0 2f0015a0 2e4015a0 2f4015a0 
0000d9e0: 2c8015a0 2d8015a0 2cc015a0 2dc015a0 
0000d9f0: 2e8015a0 2f8015a0 2ec015a0 2fc015a0 
0000da00: 200016a0 210016a0 204016a0 214016a0 
0000da10: 220016a0 230016a0 224016a0 234016a0 
0000da20: 208016a0 218016a0 20c016a0 21c016a0 
0000da30: 228016a0 238016a0 22c016a0 23c016a0 
0000da40: 240016a0 250016a0 244016a0 254016a0 
0000da50: 260016a0 270016a0 264016a0 274016a0 
0000da60: 248016a0 258016a0 24c016a0 25c016a0 
0000da70: 268016a0 278016a0 26c016a0 27c016a0 
0000da80: 200017a0 210017a0 204017a0 214017a0 
0000da90: 220017a0 230017a0 224017a0 234017a0 
0000daa0: 208017a0 218017a0 20c017a0 21c017a0 
0000dab0: 228017a0 238017a0 22c017a0 23c017a0 
0000dac0: 240017a0 250017a0 244017a0 254017a0 
0000dad0: 260017a0 270017a0 264017a0 274017a0 
0000dae0: 248017a0 258017a0 24c017a0 25c017a0 
0000daf0: 268017a0 278017a0 26c017a0 27c017a0 
0000db00: 280016a0 290016a0 284016a0 294016a0 
0000db10: 2a0016a0 2b0016a0 2a4016a0 2b4016a0 
0000db20: 288016a0 298016a0 28c016a0 29c016a0 
0000db30: 2a8016a0 2b8016a0 2ac016a0 2bc016a0 
0000db40: 2c0016a0 2d0016a0 2c4016a0 2d4016a0 
0000db50: 2e0016a0 2f0016a0 2e4016a0 2f4016a0 
0000db60: 2c8016a0 2d8016a0 2cc016a0 2dc016a0 
0000db70: 2e8016a0 2f8016a0 2ec016a0 2fc016a0 
0000db80: 280017a0 290017a0 284017a0 294017a0 
0000db90: 2a0017a0 2b0017a0 2a4017a0 2b4017a0 
0000dba0: 288017a0 298017a0 28c017a0 29c017a0 
0000dbb0: 2a8017a0 2b8017a0 2ac017a0 2bc017a0 
0000dbc0: 2c0017a0 2d0017a0 2c4017a0 2d4017a0 
0000dbd0: 2e0017a0 2f0017a0 2e4017a0 2f4017a0 
0000dbe0: 2c8017a0 2d8017a0 2cc017a0 2dc017a0 
0000dbf0: 2e8017a0 2f8017a0 2ec017a0 2fc017a0 
0000dc00: 300014a0 310014a0 304014a0 314014a0 
0000dc10: 320014a0 330014a0 324014a0 334014a0 
0000dc20: 308014a0 318014a0 30c014a0 31c014a0 
0000dc30: 328014a0 338014a0 32c014a0 33c014a0 
0000dc40: 340014a0 350014a0 344014a0 354014a0 
0000dc50: 360014a0 370014a0 364014a0 374014a0 
0000dc60: 348014a0 358014a0 34c014a0 35c014a0 
0000dc70: 368014a0 378014a0 36c014a0 37c014a0 
0000dc80: 300015a0 310015a0 304015a0 314015a0 
0000dc90: 320015a0 330015a0 324015a0 334015a0 
0000dca0: 308015a0 318015a0 30c015a0 31c015a0 
0000dcb0: 328015a0 338015a0 32c015a0 33c015a0 
0000dcc0: 340015a0 350015a0 344015a0 354015a0 
0000dcd0: 360015a0 370015a0 364015a0 374015a0 
0000dce0: 348015a0 358015a0 34c015a0 35c015a0 
0000dcf0: 368015a0 378015a0 36c015a0 37c015a0 
0000dd00: 380014a0 390014a0 384014a0 394014a0 
0000dd10: 3a0014a0 3b0014a0 3a4014a0 3b4014a0 
0000dd20: 388014a0 398014a0 38c014a0 39c014a0 
0000dd30: 3a8014a0 3b8014a0 3ac014a0 3bc014a0 
0000dd40: 3c0014a0 3d0014a0 3c4014a0 3d4014a0 
0000dd50: 3e0014a0 3f0014a0 3e4014a0 3f4014a0 
0000dd60: 3c8014a0 3d8014a0 3cc014a0 3dc014a0 
0000dd70: 3e8014a0 3f8014a0 3ec014a0 3fc014a0 
0000dd80: 380015a0 390015a0 384015a0 394015a0 
0000dd90: 3a0015a0 3b0015a0 3a4015a0 3b4015a0 
0000dda0: 388015a0 398015a0 38c015a0 39c015a0 
0000ddb0: 3a8015a0 3b8015a0 3ac015a0 3bc015a0 
0000ddc0: 3c0015a0 3d0015a0 3c4015a0 3d4015a0 
0000ddd0: 3e0015a0 3f0015a0 3e4015a0 3f4015a0 
0000dde0: 3c8015a0 3d8015a0 3cc015a0 3dc015a0 
0000ddf0: 3e8015a0 3f8015a0 3ec015a0 3fc015a0 
0000de00: 300016a0 310016a0 304016a0 314016a0 
0000de10: 320016a0 330016a0 324016a0 334016a0 
0000de20: 308016a0 318016a0 30c016a0 31c016a0 
0000de30: 328016a0 338016a0 32c016a0 33c016a0 
0000de40: 340016a0 350016a0 344016a0 354016a0 
0000de50: 360016a0 370016a0 364016a0 374016a0 
0000de60: 348016a0 358016a0 34c016a0 35c016a0 
0000de70: 368016a0 378016a0 36c016a0 37c016a0 
0000de80: 300017a0 310017a0 304017a0 314017a0 
0000de90: 320017a0 330017a0 324017a0 334017a0 
0000dea0: 308017a0 318017a0 30c017a0 31c017a0 
0000deb0: 328017a0 338017a0 32c017a0 33c017a0 
0000dec0: 340017a0 350017a0 344017a0 354017a0 
0000ded0: 360017a0 370017a0 364017a0 374017a0 
0000dee0: 348017a0 358017a0 34c017a0 35c017a0 
0000def0: 368017a0 378017a0 36c017a0 37c017a0 
0000df00: 380016a0 390016a0 384016a0 394016a0 
0000df10: 3a0016a0 3b0016a0 3a4016a0 3b4016a0 
0000df20: 388016a0 398016a0 38c016a0 39c016a0 
0000df30: 3a8016a0 3b8016a0 3ac016a0 3bc016a0 
0000df40: 3c0016a0 3d0016a0 3c4016a0 3d4016a0 
0000df50: 3e0016a0 3f0016a0 3e4016a0 3f4016a0 
0000df60: 3c8016a0 3d8016a0 3cc016a0 3dc016a0 
0000df70: 3e8016a0 3f8016a0 3ec016a0 3fc016a0 
0000df80: 380017a0 390017a0 384017a0 394017a0 
0000df90: 3a0017a0 3b0017a0 3a4017a0 3b4017a0 
0000dfa0: 388017a0 398017a0 38c017a0 39c017a0 
0000dfb0: 3a8017a0 3b8017a0 3ac017a0 3bc017a0 
0000dfc0: 3c0017a0 3d0017a0 3c4017a0 3d4017a0 
0000dfd0: 3e0017a0 3f0017a0 3e4017a0 3f4017a0 
0000dfe0: 3c8017a0 3d8017a0 3cc017a0 3dc017a0 
0000dff0: 3e8017a0 3f8017a0 3ec017a0 3fc017a0 
0000e000: 000018a0 010018a0 004018a0 014018a0 
0000e010: 020018a0 030018a0 024018a0 034018a0 
0000e020: 008018a0 018018a0 00c018a0 01c018a0 
0000e030: 028018a0 038018a0 02c018a0 03c018a0 
0000e040: 040018a0 050018a0 044018a0 054018a0 
0000e050: 060018a0 070018a0 064018a0 074018a0 
0000e060: 048018a0 058018a0 04c018a0 05c018a0 
0000e070: 068018a0 078018a0 06c018a0 07c018a0 
0000e080: 000019a0 010019a0 004019a0 014019a0 
0000e090: 020019a0 030019a0 024019a0 034019a0 
0000e0a0: 008019a0 018019a0 00c019a0 01c019a0 
0000e0b0: 028019a0 038019a0 02c019a0 03c019a0 
0000e0c0: 040019a0 050019a0 044019a0 054019a0 
0000e0d0: 060019a0 070019a0 064019a0 074019a0 
0000e0e0: 048019a0 058019a0 04c019a0 05c019a0 
0000e0f0: 068019a0 078019a0 06c019a0 07c019a0 
0000e100: 080018a0 090018a0 084018a0 094018a0 
0000e110: 0a0018a0 0b0018a0 0a4018a0 0b4018a0 
0000e120: 088018a0 098018a0 08c018a0 09c018a0 
0000e130: 0a8018a0 0b8018a0 0ac018a0 0bc018a0 
0000e140: 0c0018a0 0d0018a0 0c4018a0 0d4018a0 
0000e150: 0e0018a0 0f0018a0 0e4018a0 0f4018a0 
0000e160: 0c8018a0 0d8018a0 0cc018a0 0dc018a0 
0000e170: 0e8018a0 0f8018a0 0ec018a0 0fc018a0 
0000e180: 080019a0 090019a0 084019a0 094019a0 
0000e190: 0a0019a0 0b0019a0 0a4019a0 0b4019a0 
0000e1a0: 088019a0 098019a0 08c019a0 09c019a0 
0000e1b0: 0a8019a0 0b8019a0 0ac019a0 0bc019a0 
0000e1c0: 0c0019a0 0d0019a0 0c4019a0 0d4019a0 
0000e1d0: 0e0019a0 0f0019a0 0e4019a0 0f4019a0 
0000e1e0: 0c8019a0 0d8019a0 0cc019a0 0dc019a0 
0000e1f0: 0e8019a0 0f8019a0 0ec019a0 0fc019a0 
0000e200: 00001aa0 01001aa0 00401aa0 01401aa0 
0000e210: 02001aa0 03001aa0 02401aa0 03401aa0 
0000e220: 00801aa0 01801aa0 00c01aa0 01c01aa0 
0000e230: 02801aa0 03801aa0 02c01aa0 03c01aa0 
0000e240: 04001aa0 05001aa0 04401aa0 05401aa0 
0000e250: 06001aa0 07001aa0 06401aa0 07401aa0 
0000e260: 04801aa0 05801aa0 04c01aa0 05c01aa0 
0000e270: 06801aa0 07801aa0 06c01aa0 07c01aa0 
0000e280: 00001ba0 01001ba0 00401ba0 01401ba0 
0000e290: 02001ba0 03001ba0 02401ba0 03401ba0 
0000e2a0: 00801ba0 01801ba0 00c01ba0 01c01ba0 
0000e2b0: 02801ba0 03801ba0 02c01ba0 03c01ba0 
0000e2c0: 04001ba0 05001ba0 04401ba0 05401ba0 
0000e2d0: 06001ba0 07001ba0 06401ba0 07401ba0 
0000e2e0: 04801ba0 05801ba0 04c01ba0 05c01ba0 
0000e2f0: 06801ba0 07801ba0 06c01ba0 07c01ba0 
0000e300: 08001aa0 09001aa0 08401aa0 09401aa0 
0000e310: 0a001aa0 0b001aa0 0a401aa0 0b401aa0 
0000e320: 08801aa0 09801aa0 08c01aa0 09c01aa0 
0000e330: 0a801aa0 0b801aa0 0ac01aa0 0bc01aa0 
0000e340: 0c001aa0 0d001aa0 0c401aa0 0d401aa0 
0000e350: 0e001aa0 0f001aa0 0e401aa0 0f401aa0 
0000e360: 0c801aa0 0d801aa0 0cc01aa0 0dc01aa0 
0000e370: 0e801aa0 0f801aa0 0ec01aa0 0fc01aa0 
0000e380: 08001ba0 09001ba0 08401ba0 09401ba0 
0000e390: 0a001ba0 0b001ba0 0a401ba0 0b401ba0 
0000e3a0: 08801ba0 09801ba0 08c01ba0 09c01ba0 
0000e3b0: 0a801ba0 0b801ba0 0ac01ba0 0bc01ba0 
0000e3c0: 0c001ba0 0d001ba0 0c401ba0 0d401ba0 
0000e3d0: 0e001ba0 0f001ba0 0e401ba0 0f401ba0 
0000e3e0: 0c801ba0 0d801ba0 0cc01ba0 0dc01ba0 
0000e3f0: 0e801ba0 0f801ba0 0ec01ba0 0fc01ba0 
0000e400: 100018a0 110018a0 104018a0 114018a0 
0000e410: 120018a0 130018a0 124018a0 134018a0 
0000e420: 108018a0 118018a0 10c018a0 11c018a0 
0000e430: 128018a0 138018a0 12c018a0 13c018a0 
0000e440: 140018a0 150018a0 144018a0 154018a0 
0000e450: 160018a0 170018a0 164018a0 174018a0 
0000e460: 148018a0 158018a0 14c018a0 15c018a0 
0000e470: 168018a0 178018a0 16c018a0 17c018a0 
0000e480: 100019a0 110019a0 104019a0 114019a0 
0000e490: 120019a0 130019a0 124019a0 134019a0 
0000e4a0: 108019a0 118019a0 10c019a0 11c019a0 
0000e4b0: 128019a0 138019a0 12c019a0 13c019a0 
0000e4c0: 140019a0 150019a0 144019a0 154019a0 
0000e4d0: 160019a0 170019a0 164019a0 174019a0 
0000e4e0: 148019a0 158019a0 14c019a0 15c019a0 
0000e4f0: 168019a0 178019a0 16c019a0 17c019a0 
0000e500: 180018a0 190018a0 184018a0 194018a0 
0000e510: 1a0018a0 1b0018a0 1a4018a0 1b4018a0 
0000e520: 188018a0 198018a0 18c018a0 19c018a0 
0000e530: 1a8018a0 1b8018a0 1ac018a0 1bc018a0 
0000e540: 1c0018a0 1d0018a0 1c4018a0 1d4018a0 
0000e550: 1e0018a0 1f0018a0 1e4018a0 1f4018a0 
0000e560: 1c8018a0 1d8018a0 1cc018a0 1dc018a0 
0000e570: 1e8018a0 1f8018a0 1ec018a0 1fc018a0 
0000e580: 180019a0 190019a0 184019a0 194019a0 
0000e590: 1a0019a0 1b0019a0 1a4019a0 1b4019a0 
0000e5a0: 188019a0 198019a0 18c019a0 19c019a0 
0000e5b0: 1a8019a0 1b8019a0 1ac019a0 1bc019a0 
0000e5c0: 1c0019a0 1d0019a0 1c4019a0 1d4019a0 
0000e5d0: 1e0019a0 1f0019a0 1e4019a0 1f4019a0 
0000e5e0: 1c8019a0 1d8019a0 1cc019a0 1dc019a0 
0000e5f0: 1e8019a0 1f8019a0 1ec019a0 1fc019a0 
0000e600: 10001aa0 11001aa0 10401aa0 11401aa0 
0000e610: 12001aa0 13001aa0 12401aa0 13401aa0 
0000e620: 10801aa0 11801aa0 10c01aa0 11c01aa0 
0000e630: 12801aa0 13801aa0 12c01aa0 13c01aa0 
0000e640: 14001aa0 15001aa0 14401aa0 15401aa0 
0000e650: 16001aa0 17001aa0 16401aa0 17401aa0 
0000e660: 14801aa0 15801aa0 14c01aa0 15c01aa0 
0000e670: 16801aa0 17801aa0 16c01aa0 17c01aa0 
0000e680: 10001ba0 11001ba0 10401ba0 11401ba0 
0000e690: 12001ba0 13001ba0 12401ba0 13401ba0 
0000e6a0: 10801ba0 11801ba0 10c01ba0 11c01ba0 
0000e6b0: 12801ba0 13801ba0 12c01ba0 13c01ba0 
0000e6c0: 14001ba0 15001ba0 14401ba0 15401ba0 
0000e6d0: 16001ba0 17001ba0 16401ba0 17401ba0 
0000e6e0: 14801ba0 15801ba0 14c01ba0 15c01ba0 
0000e6f0: 16801ba0 17801ba0 16c01ba0 17c01ba0 
0000e700: 18001aa0 19001aa0 18401aa0 19401aa0 
0000e710: 1a001aa0 1b001aa0 1a401aa0 1b401aa0 
0000e720: 18801aa0 19801aa0 18c01aa0 19c01aa0 
0000e730: 1a801aa0 1b801aa0 1ac01aa0 1bc01aa0 
0000e740: 1c001aa0 1d001aa0 1c401aa0 1d401aa0 
0000e750: 1e001aa0 1f001aa0 1e401aa0 1f401aa0 
0000e760: 1c801aa0 1d801aa0 1cc01aa0 1dc01aa0 
0000e770: 1e801aa0 1f801aa0 1ec01aa0 1fc01aa0 
0000e780: 18001ba0 19001ba0 18401ba0 19401ba0 
0000e790: 1a001ba0 1b001ba0 1a401ba0 1b401ba0 
0000e7a0: 18801ba0 19801ba0 18c01ba0 19c01ba0 
0000e7b0: 1a801ba0 1b801ba0 1ac01ba0 1bc01ba0 
0000e7c0: 1c001ba0 1d001ba0 1c401ba0 1d401ba0 
0000e7d0: 1e001ba0 1f001ba0 1e401ba0 1f401ba0 
0000e7e0: 1c801ba0 1d801ba0 1cc01ba0 1dc01ba0 
0000e7f0: 1e801ba0 1f801ba0 1ec01ba0 1fc01ba0 
0000e800: 00001ca0 01001ca0 00401ca0 01401ca0 
0000e810: 02001ca0 03001ca0 02401ca0 03401ca0 
0000e820: 00801ca0 01801ca0 00c01ca0 01c01ca0 
0000e830: 02801ca0 03801ca0 02c01ca0 03c01ca0 
0000e840: 04001ca0 05001ca0 04401ca0 05401ca0 
0000e850: 06001ca0 07001ca0 06401ca0 07401ca0 
0000e860: 04801ca0 05801ca0 04c01ca0 05c01ca0 
0000e870: 06801ca0 07801ca0 06c01ca0 07c01ca0 
0000e880: 00001da0 01001da0 00401da0 01401da0 
0000e890: 02001da0 03001da0 02401da0 03401da0 
0000e8a0: 00801da0 01801da0 00c01da0 01c01da0 
0000e8b0: 02801da0 03801da0 02c01da0 03c01da0 
0000e8c0: 04001da0 05001da0 04401da0 05401da0 
0000e8d0: 06001da0 07001da0 06401da0 07401da0 
0000e8e0: 04801da0 05801da0 04c01da0 05c01da0 
0000e8f0: 06801da0 07801da0 06c01da0 07c01da0 
0000e900: 08001ca0 09001ca0 08401ca0 09401ca0 
0000e910: 0a001ca0 0b001ca0 0a401ca0 0b401ca0 
0000e920: 08801ca0 09801ca0 08c01ca0 09c01ca0 
0000e930: 0a801ca0 0b801ca0 0ac01ca0 0bc01ca0 
0000e940: 0c001ca0 0d001ca0 0c401ca0 0d401ca0 
0000e950: 0e001ca0 0f001ca0 0e401ca0 0f401ca0 
0000e960: 0c801ca0 0d801ca0 0cc01ca0 0dc01ca0 
0000e970: 0e801ca0 0f801ca0 0ec01ca0 0fc01ca0 
0000e980: 08001da0 09001da0 08401da0 09401da0 
0000e990: 0a001da0 0b001da0 0a401da0 0b401da0 
0000e9a0: 08801da0 09801da0 08c01da0 09c01da0 
0000e9b0: 0a801da0 0b801da0 0ac01da0 0bc01da0 
0000e9c0: 0c001da0 0d001da0 0c401da0 0d401da0 
0000e9d0: 0e001da0 0f001da0 0e401da0 0f401da0 
0000e9e0: 0c801da0 0d801da0 0cc01da0 0dc01da0 
0000e9f0: 0e801da0 0f801da0 0ec01da0 0fc01da0 
0000ea00: 00001ea0 01001ea0 00401ea0 01401ea0 
0000ea10: 02001ea0 03001ea0 02401ea0 03401ea0 
0000ea20: 00801ea0 01801ea0 00c01ea0 01c01ea0 
0000ea30: 02801ea0 03801ea0 02c01ea0 03c01ea0 
0000ea40: 04001ea0 05001ea0 04401ea0 05401ea0 
0000ea50: 06001ea0 07001ea0 06401ea0 07401ea0 
0000ea60: 04801ea0 05801ea0 04c01ea0 05c01ea0 
0000ea70: 06801ea0 07801ea0 06c01ea0 07c01ea0 
0000ea80: 00001fa0 01001fa0 00401fa0 01401fa0 
0000ea90: 02001fa0 03001fa0 02401fa0 03401fa0 
0000eaa0: 00801fa0 01801fa0 00c01fa0 01c01fa0 
0000eab0: 02801fa0 03801fa0 02c01fa0 03c01fa0 
0000eac0: 04001fa0 05001fa0 04401fa0 05401fa0 
0000ead0: 06001fa0 07001fa0 06401fa0 07401fa0 
0000eae0: 04801fa0 05801fa0 04c01fa0 05c01fa0 
0000eaf0: 06801fa0 07801fa0 06c01fa0 07c01fa0 
0000eb00: 08001ea0 09001ea0 08401ea0 09401ea0 
0000eb10: 0a001ea0 0b001ea0 0a401ea0 0b401ea0 
0000eb20: 08801ea0 09801ea0 08c01ea0 09c01ea0 
0000eb30: 0a801ea0 0b801ea0 0ac01ea0 0bc01ea0 
0000eb40: 0c001ea0 0d001ea0 0c401ea0 0d401ea0 
0000eb50: 0e001ea0 0f001ea0 0e401ea0 0f401ea0 
0000eb60: 0c801ea0 0d801ea0 0cc01ea0 0dc01ea0 
0000eb70: 0e801ea0 0f801ea0 0ec01ea0 0fc01ea0 
0000eb80: 08001fa0 09001fa0 08401fa0 09401fa0 
0000eb90: 0a001fa0 0b001fa0 0a401fa0 0b401fa0 
0000eba0: 08801fa0 09801fa0 08c01fa0 09c01fa0 
0000ebb0: 0a801fa0 0b801fa0 0ac01fa0 0bc01fa0 
0000ebc0: 0c001fa0 0d001fa0 0c401fa0 0d401fa0 
0000ebd0: 0e001fa0 0f001fa0 0e401fa0 0f401fa0 
0000ebe0: 0c801fa0 0d801fa0 0cc01fa0 0dc01fa0 
0000ebf0: 0e801fa0 0f801fa0 0ec01fa0 0fc01fa0 
0000ec00: 10001ca0 11001ca0 10401ca0 11401ca0 
0000ec10: 12001ca0 13001ca0 12401ca0 13401ca0 
0000ec20: 10801ca0 11801ca0 10c01ca0 11c01ca0 
0000ec30: 12801ca0 13801ca0 12c01ca0 13c01ca0 
0000ec40: 14001ca0 15001ca0 14401ca0 15401ca0 
0000ec50: 16001ca0 17001ca0 16401ca0 17401ca0 
0000ec60: 14801ca0 15801ca0 14c01ca0 15c01ca0 
0000ec70: 16801ca0 17801ca0 16c01ca0 17c01ca0 
0000ec80: 10001da0 11001da0 10401da0 11401da0 
0000ec90: 12001da0 13001da0 12401da0 13401da0 
0000eca0: 10801da0 11801da0 10c01da0 11c01da0 
0000ecb0: 12801da0 13801da0 12c01da0 13c01da0 
0000ecc0: 14001da0 15001da0 14401da0 15401da0 
0000ecd0: 16001da0 17001da0 16401da0 17401da0 
0000ece0: 14801da0 15801da0 14c01da0 15c01da0 
0000ecf0: 16801da0 17801da0 16c01da0 17c01da0 
0000ed00: 18001ca0 19001ca0 18401ca0 19401ca0 
0000ed10: 1a001ca0 1b001ca0 1a401ca0 1b401ca0 
0000ed20: 18801ca0 19801ca0 18c01ca0 19c01ca0 
0000ed30: 1a801ca0 1b801ca0 1ac01ca0 1bc01ca0 
0000ed40: 1c001ca0 1d001ca0 1c401ca0 1d401ca0 
0000ed50: 1e001ca0 1f001ca0 1e401ca0 1f401ca0 
0000ed60: 1c801ca0 1d801ca0 1cc01ca0 1dc01ca0 
0000ed70: 1e801ca0 1f801ca0 1ec01ca0 1fc01ca0 
0000ed80: 18001da0 19001da0 18401da0 19401da0 
0000ed90: 1a001da0 1b001da0 1a401da0 1b401da0 
0000eda0: 18801da0 19801da0 18c01da0 19c01da0 
0000edb0: 1a801da0 1b801da0 1ac01da0 1bc01da0 
0000edc0: 1c001da0 1d001da0 1c401da0 1d401da0 
0000edd0: 1e001da0 1f001da0 1e401da0 1f401da0 
0000ede0: 1c801da0 1d801da0 1cc01da0 1dc01da0 
0000edf0: 1e801da0 1f801da0 1ec01da0 1fc01da0 
0000ee00: 10001ea0 11001ea0 10401ea0 11401ea0 
0000ee10: 12001ea0 13001ea0 12401ea0 13401ea0 
0000ee20: 10801ea0 11801ea0 10c01ea0 11c01ea0 
0000ee30: 12801ea0 13801ea0 12c01ea0 13c01ea0 
0000ee40: 14001ea0 15001ea0 14401ea0 15401ea0 
0000ee50: 16001ea0 17001ea0 16401ea0 17401ea0 
0000ee60: 14801ea0 15801ea0 14c01ea0 15c01ea0 
0000ee70: 16801ea0 17801ea0 16c01ea0 17c01ea0 
0000ee80: 10001fa0 11001fa0 10401fa0 11401fa0 
0000ee90: 12001fa0 13001fa0 12401fa0 13401fa0 
0000eea0: 10801fa0 11801fa0 10c01fa0 11c01fa0 
0000eeb0: 12801fa0 13801fa0 12c01fa0 13c01fa0 
0000eec0: 14001fa0 15001fa0 14401fa0 15401fa0 
0000eed0: 16001fa0 17001fa0 16401fa0 17401fa0 
0000eee0: 14801fa0 15801fa0 14c01fa0 15c01fa0 
0000eef0: 16801fa0 17801fa0 16c01fa0 17c01fa0 
0000ef00: 18001ea0 19001ea0 18401ea0 19401ea0 
0000ef10: 1a001ea0 1b001ea0 1a401ea0 1b401ea0 
0000ef20: 18801ea0 19801ea0 18c01ea0 19c01ea0 
0000ef30: 1a801ea0 1b801ea0 1ac01ea0 1bc01ea0 
0000ef40: 1c001ea0 1d001ea0 1c401ea0 1d401ea0 
0000ef50: 1e001ea0 1f001ea0 1e401ea0 1f401ea0 
0000ef60: 1c801ea0 1d801ea0 1cc01ea0 1dc01ea0 
0000ef70: 1e801ea0 1f801ea0 1ec01ea0 1fc01ea0 
0000ef80: 18001fa0 19001fa0 18401fa0 19401fa0 
0000ef90: 1a001fa0 1b001fa0 1a401fa0 1b401fa0 
0000efa0: 18801fa0 19801fa0 18c01fa0 19c01fa0 
0000efb0: 1a801fa0 1b801fa0 1ac01fa0 1bc01fa0 
0000efc0: 1c001fa0 1d001fa0 1c401fa0 1d401fa0 
0000efd0: 1e001fa0 1f001fa0 1e401fa0 1f401fa0 
0000efe0: 1c801fa0 1d801fa0 1cc01fa0 1dc01fa0 
0000eff0: 1e801fa0 1f801fa0 1ec01fa0 1fc01fa0 
0000f000: 200018a0 210018a0 204018a0 214018a0 
0000f010: 220018a0 230018a0 224018a0 234018a0 
0000f020: 208018a0 218018a0 20c018a0 21c018a0 
0000f030: 228018a0 238018a0 22c018a0 23c018a0 
0000f040: 240018a0 250018a0 244018a0 254018a0 
0000f050: 260018a0 270018a0 264018a0 274018a0 
0000f060: 248018a0 258018a0 24c018a0 25c018a0 
0000f070: 268018a0 278018a0 26c018a0 27c018a0 
0000f080: 200019a0 210019a0 204019a0 214019a0 
0000f090: 220019a0 230019a0 224019a0 234019a0 
0000f0a0: 208019a0 218019a0 20c019a0 21c019a0 
0000f0b0: 228019a0 238019a0 22c019a0 23c019a0 
0000f0c0: 240019a0 250019a0 244019a0 254019a0 
0000f0d0: 260019a0 270019a0 264019a0 274019a0 
0000f0e0: 248019a0 258019a0 24c019a0 25c019a0 
0000f0f0: 268019a0 278019a0 26c019a0 27c019a0 
0000f100: 280018a0 290018a0 284018a0 294018a0 
0000f110: 2a0018a0 2b0018a0 2a4018a0 2b4018a0 
0000f120: 288018a0 298018a0 28c018a0 29c018a0 
0000f130: 2a8018a0 2b8018a0 2ac018a0 2bc018a0 
0000f140: 2c0018a0 2d0018a0 2c4018a0 2d4018a0 
0000f150: 2e0018a0 2f0018a0 2e4018a0 2f4018a0 
0000f160: 2c8018a0 2d8018a0 2cc018a0 2dc018a0 
0000f170: 2e8018a0 2f8018a0 2ec018a0 2fc018a0 
0000f180: 280019a0 290019a0 284019a0 294019a0 
0000f190: 2a0019a0 2b0019a0 2a4019a0 2b4019a0 
0000f1a0: 288019a0 298019a0 28c019a0 29c019a0 
0000f1b0: 2a8019a0 2b8019a0 2ac019a0 2bc019a0 
0000f1c0: 2c0019a0 2d0019a0 2c4019a0 2d4019a0 
0000f1d0: 2e0019a0 2f0019a0 2e4019a0 2f4019a0 
0000f1e0: 2c8019a0 2d8019a0 2cc019a0 2dc019a0 
0000f1f0: 2e8019a0 2f8019a0 2ec019a0 2fc019a0 
0000f200: 20001aa0 21001aa0 20401aa0 21401aa0 
0000f210: 22001aa0 23001aa0 22401aa0 23401aa0 
0000f220: 20801aa0 21801aa0 20c01aa0 21c01aa0 
0000f230: 22801aa0 23801aa0 22c01aa0 23c01aa0 
0000f240: 24001aa0 25001aa0 24401aa0 25401aa0 
0000f250: 26001aa0 27001aa0 26401aa0 27401aa0 
0000f260: 24801aa0 25801aa0 24c01aa0 25c01aa0 
0000f270: 26801aa0 27801aa0 26c01aa0 27c01aa0 
0000f280: 20001ba0 21001ba0 20401ba0 21401ba0 
0000f290: 22001ba0 23001ba0 22401ba0 23401ba0 
0000f2a0: 20801ba0 21801ba0 20c01ba0 21c01ba0 
0000f2b0: 22801ba0 23801ba0 22c01ba0 23c01ba0 
0000f2c0: 24001ba0 25001ba0 24401ba0 25401ba0 
0000f2d0: 26001ba0 27001ba0 26401ba0 27401ba0 
0000f2e0: 24801ba0 25801ba0 24c01ba0 25c01ba0 
0000f2f0: 26801ba0 27801ba0 26c01ba0 27c01ba0 
0000f300: 28001aa0 29001aa0 28401aa0 29401aa0 
0000f310: 2a001aa0 2b001aa0 2a401aa0 2b401aa0 
0000f320: 28801aa0 29801aa0 28c01aa0 29c01aa0 
0000f330: 2a801aa0 2b801aa0 2ac01aa0 2bc01aa0 
0000f340: 2c001aa0 2d001aa0 2c401aa0 2d401aa0 
0000f350: 2e001aa0 2f001aa0 2e401aa0 2f401aa0 
0000f360: 2c801aa0 2d801aa0 2cc01aa0 2dc01aa0 
0000f370: 2e801aa0 2f801aa0 2ec01aa0 2fc01aa0 
0000f380: 28001ba0 29001ba0 28401ba0 29401ba0 
0000f390: 2a001ba0 2b001ba0 2a401ba0 2b401ba0 
0000f3a0: 28801ba0 29801ba0 28c01ba0 29c01ba0 
0000f3b0: 2a801ba0 2b801ba0 2ac01ba0 2bc01ba0 
0000f3c0: 2c001ba0 2d001ba0 2c401ba0 2d401ba0 
0000f3d0: 2e001ba0 2f001ba0 2e401ba0 2f401ba0 
0000f3e0: 2c801ba0 2d801ba0 2cc01ba0 2dc01ba0 
0000f3f0: 2e801ba0 2f801ba0 2ec01ba0 2fc01ba0 
0000f400: 300018a0 310018a0 304018a0 314018a0 
0000f410: 320018a0 330018a0 324018a0 334018a0 
0000f420: 308018a0 318018a0 30c018a0 31c018a0 
0000f430: 328018a0 338018a0 32c018a0 33c018a0 
0000f440: 340018a0 350018a0 344018a0 354018a0 
0000f450: 360018a0 370018a0 364018a0 374018a0 
0000f460: 348018a0 358018a0 34c018a0 35c018a0 
0000f470: 368018a0 378018a0 36c018a0 37c018a0 
0000f480: 300019a0 310019a0 304019a0 314019a0 
0000f490: 320019a0 330019a0 324019a0 334019a0 
0000f4a0: 308019a0 318019a0 30c019a0 31c019a0 
0000f4b0: 328019a0 338019a0 32c019a0 33c019a0 
0000f4c0: 340019a0 350019a0 344019a0 354019a0 
0000f4d0: 360019a0 370019a0 364019a0 374019a0 
0000f4e0: 348019a0 358019a0 34c019a0 35c019a0 
0000f4f0: 368019a0 378019a0 36c019a0 37c019a0 
0000f500: 380018a0 390018a0 384018a0 394018a0 
0000f510: 3a0018a0 3b0018a0 3a4018a0 3b4018a0 
0000f520: 388018a0 398018a0 38c018a0 39c018a0 
0000f530: 3a8018a0 3b8018a0 3ac018a0 3bc018a0 
0000f540: 3c0018a0 3d0018a0 3c4018a0 3d4018a0 
0000f550: 3e0018a0 3f0018a0 3e4018a0 3f4018a0 
0000f560: 3c8018a0 3d8018a0 3cc018a0 3dc018a0 
0000f570: 3e8018a0 3f8018a0 3ec018a0 3fc018a0 
0000f580: 380019a0 390019a0 384019a0 394019a0 
0000f590: 3a0019a0 3b0019a0 3a4019a0 3b4019a0 
0000f5a0: 388019a0 398019a0 38c019a0 39c019a0 
0000f5b0: 3a8019a0 3b8019a0 3ac019a0 3bc019a0 
0000f5c0: 3c0019a0 3d0019a0 3c4019a0 3d4019a0 
0000f5d0: 3e0019a0 3f0019a0 3e4019a0 3f4019a0 
0000f5e0: 3c8019a0 3d8019a0 3cc019a0 3dc019a0 
0000f5f0: 3e8019a0 3f8019a0 3ec019a0 3fc019a0 
0000f600: 30001aa0 31001aa0 30401aa0 31401aa0 
0000f610: 32001aa0 33001aa0 32401aa0 33401aa0 
0000f620: 30801aa0 31801aa0 30c01aa0 31c01aa0 
0000f630: 32801aa0 33801aa0 32c01aa0 33c01aa0 
0000f640: 34001aa0 35001aa0 34401aa0 35401aa0 
0000f650: 36001aa0 37001aa0 36401aa0 37401aa0 
0000f660: 34801aa0 35801aa0 34c01aa0 35c01aa0 
0000f670: 36801aa0 37801aa0 36c01aa0 37c01aa0 
0000f680: 30001ba0 31001ba0 30401ba0 31401ba0 
0000f690: 32001ba0 33001ba0 32401ba0 33401ba0 
0000f6a0: 30801ba0 31801ba0 30c01ba0 31c01ba0 
0000f6b0: 32801ba0 33801ba0 32c01ba0 33c01ba0 
0000f6c0: 34001ba0 35001ba0 34401ba0 35401ba0 
0000f6d0: 36001ba0 37001ba0 36401ba0 37401ba0 
0000f6e0: 34801ba0 35801ba0 34c01ba0 35c01ba0 
0000f6f0: 36801ba0 37801ba0 36c01ba0 37c01ba0 
0000f700: 38001aa0 39001aa0 38401aa0 39401aa0 
0000f710: 3a001aa0 3b001aa0 3a401aa0 3b401aa0 
0000f720: 38801aa0 39801aa0 38c01aa0 39c01aa0 
0000f730: 3a801aa0 3b801aa0 3ac01aa0 3bc01aa0 
0000f740: 3c001aa0 3d001aa0 3c401aa0 3d401aa0 
0000f750: 3e001aa0 3f001aa0 3e401aa0 3f401aa0 
0000f760: 3c801aa0 3d801aa0 3cc01aa0 3dc01aa0 
0000f770: 3e801aa0 3f801aa0 3ec01aa0 3fc01aa0 
0000f780: 38001ba0 39001ba0 38401ba0 39401ba0 
0000f790: 3a001ba0 3b001ba0 3a401ba0 3b401ba0 
0000f7a0: 38801ba0 39801ba0 38c01ba0 39c01ba0 
0000f7b0: 3a801ba0 3b801ba0 3ac01ba0 3bc01ba0 
0000f7c0: 3c001ba0 3d001ba0 3c401ba0 3d401ba0 
0000f7d0: 3e001ba0 3f001ba0 3e401ba0 3f401ba0 
0000f7e0: 3c801ba0 3d801ba0 3cc01ba0 3dc01ba0 
0000f7f0: 3e801ba0 3f801ba0 3ec01ba0 3fc01ba0 
0000f800: 20001ca0 21001ca0 20401ca0 21401ca0 
0000f810: 22001ca0 23001ca0 22401ca0 23401ca0 
0000f820: 20801ca0 21801ca0 20c01ca0 21c01ca0 
0000f830: 22801ca0 23801ca0 22c01ca0 23c01ca0 
0000f840: 24001ca0 25001ca0 24401ca0 25401ca0 
0000f850: 26001ca0 27001ca0 26401ca0 27401ca0 
0000f860: 24801ca0 25801ca0 24c01ca0 25c01ca0 
0000f870: 26801ca0 27801ca0 26c01ca0 27c01ca0 
0000f880: 20001da0 21001da0 20401da0 21401da0 
0000f890: 22001da0 23001da0 22401da0 23401da0 
0000f8a0: 20801da0 21801da0 20c01da0 21c01da0 
0000f8b0: 22801da0 23801da0 22c01da0 23c01da0 
0000f8c0: 24001da0 25001da0 24401da0 25401da0 
0000f8d0: 26001da0 27001da0 26401da0 27401da0 
0000f8e0: 24801da0 25801da0 24c01da0 25c01da0 
0000f8f0: 26801da0 27801da0 26c01da0 27c01da0 
0000f900: 28001ca0 29001ca0 28401ca0 29401ca0 
0000f910: 2a001ca0 2b001ca0 2a401ca0 2b401ca0 
0000f920: 28801ca0 29801ca0 28c01ca0 29c01ca0 
0000f930: 2a801ca0 2b801ca0 2ac01ca0 2bc01ca0 
0000f940: 2c001ca0 2d001ca0 2c401ca0 2d401ca0 
0000f950: 2e001ca0 2f001ca0 2e401ca0 2f401ca0 
0000f960: 2c801ca0 2d801ca0 2cc01ca0 2dc01ca0 
0000f970: 2e801ca0 2f801ca0 2ec01ca0 2fc01ca0 
0000f980: 28001da0 29001da0 28401da0 29401da0 
0000f990: 2a001da0 2b001da0 2a401da0 2b401da0 
0000f9a0: 28801da0 29801da0 28c01da0 29c01da0 
0000f9b0: 2a801da0 2b801da0 2ac01da0 2bc01da0 
0000f9c0: 2c001da0 2d001da0 2c401da0 2d401da0 
0000f9d0: 2e001da0 2f001da0 2e401da0 2f401da0 
0000f9e0: 2c801da0 2d801da0 2cc01da0 2dc01da0 
0000f9f0: 2e801da0 2f801da0 2ec01da0 2fc01da0 
0000fa00: 20001ea0 21001ea0 20401ea0 21401ea0 
0000fa10: 22001ea0 23001ea0 22401ea0 23401ea0 
0000fa20: 20801ea0 21801ea0 20c01ea0 21c01ea0 
0000fa30: 22801ea0 23801ea0 22c01ea0 23c01ea0 
0000fa40: 24001ea0 25001ea0 24401ea0 25401ea0 
0000fa50: 26001ea0 27001ea0 26401ea0 27401ea0 
0000fa60: 24801ea0 25801ea0 24c01ea0 25c01ea0 
0000fa70: 26801ea0 27801ea0 26c01ea0 27c01ea0 
0000fa80: 20001fa0 21001fa0 20401fa0 21401fa0 
0000fa90: 22001fa0 23001fa0 22401fa0 23401fa0 
0000faa0: 20801fa0 21801fa0 20c01fa0 21c01fa0 
0000fab0: 22801fa0 23801fa0 22c01fa0 23c01fa0 
0000fac0: 24001fa0 25001fa0 24401fa0 25401fa0 
0000fad0: 26001fa0 27001fa0 26401fa0 27401fa0 
0000fae0: 24801fa0 25801fa0 24c01fa0 25c01fa0 
0000faf0: 26801fa0 27801fa0 26c01fa0 27c01fa0 
0000fb00: 28001ea0 29001ea0 28401ea0 29401ea0 
0000fb10: 2a001ea0 2b001ea0 2a401ea0 2b401ea0 
0000fb20: 28801ea0 29801ea0 28c01ea0 29c01ea0 
0000fb30: 2a801ea0 2b801ea0 2ac01ea0 2bc01ea0 
0000fb40: 2c001ea0 2d001ea0 2c401ea0 2d401ea0 
0000fb50: 2e001ea0 2f001ea0 2e401ea0 2f401ea0 
0000fb60: 2c801ea0 2d801ea0 2cc01ea0 2dc01ea0 
0000fb70: 2e801ea0 2f801ea0 2ec01ea0 2fc01ea0 
0000fb80: 28001fa0 29001fa0 28401fa0 29401fa0 
0000fb90: 2a001fa0 2b001fa0 2a401fa0 2b401fa0 
0000fba0: 28801fa0 29801fa0 28c01fa0 29c01fa0 
0000fbb0: 2a801fa0 2b801fa0 2ac01fa0 2bc01fa0 
0000fbc0: 2c001fa0 2d001fa0 2c401fa0 2d401fa0 
0000fbd0: 2e001fa0 2f001fa0 2e401fa0 2f401fa0 
0000fbe0: 2c801fa0 2d801fa0 2cc01fa0 2dc01fa0 
0000fbf0: 2e801fa0 2f801fa0 2ec01fa0 2fc01fa0 
0000fc00: 30001ca0 31001ca0 30401ca0 31401ca0 
0000fc10: 32001ca0 33001ca0 32401ca0 33401ca0 
0000fc20: 30801ca0 31801ca0 30c01ca0 31c01ca0 
0000fc30: 32801ca0 33801ca0 32c01ca0 33c01ca0 
0000fc40: 34001ca0 35001ca0 34401ca0 35401ca0 
0000fc50: 36001ca0 37001ca0 36401ca0 37401ca0 
0000fc60: 34801ca0 35801ca0 34c01ca0 35c01ca0 
0000fc70: 36801ca0 37801ca0 36c01ca0 37c01ca0 
0000fc80: 30001da0 31001da0 30401da0 31401da0 
0000fc90: 32001da0 33001da0 32401da0 33401da0 
0000fca0: 30801da0 31801da0 30c01da0 31c01da0 
0000fcb0: 32801da0 33801da0 32c01da0 33c01da0 
0000fcc0: 34001da0 35001da0 34401da0 35401da0 
0000fcd0: 36001da0 37001da0 36401da0 37401da0 
0000fce0: 34801da0 35801da0 34c01da0 35c01da0 
0000fcf0: 36801da0 37801da0 36c01da0 37c01da0 
0000fd00: 38001ca0 39001ca0 38401ca0 39401ca0 
0000fd10: 3a001ca0 3b001ca0 3a401ca0 3b401ca0 
0000fd20: 38801ca0 39801ca0 38c01ca0 39c01ca0 
0000fd30: 3a801ca0 3b801ca0 3ac01ca0 3bc01ca0 
0000fd40: 3c001ca0 3d001ca0 3c401ca0 3d401ca0 
0000fd50: 3e001ca0 3f001ca0 3e401ca0 3f401ca0 
0000fd60: 3c801ca0 3d801ca0 3cc01ca0 3dc01ca0 
0000fd70: 3e801ca0 3f801ca0 3ec01ca0 3fc01ca0 
0000fd80: 38001da0 39001da0 38401da0 39401da0 
0000fd90: 3a001da0 3b001da0 3a401da0 3b401da0 
0000fda0: 38801da0 39801da0 38c01da0 39c01da0 
0000fdb0: 3a801da0 3b801da0 3ac01da0 3bc01da0 
0000fdc0: 3c001da0 3d001da0 3c401da0 3d401da0 
0000fdd0: 3e001da0 3f001da0 3e401da0 3f401da0 
0000fde0: 3c801da0 3d801da0 3cc01da0 3dc01da0 
0000fdf0: 3e801da0 3f801da0 3ec01da0 3fc01da0 
0000fe00: 30001ea0 31001ea0 30401ea0 31401ea0 
0000fe10: 32001ea0 33001ea0 32401ea0 33401ea0 
0000fe20: 30801ea0 31801ea0 30c01ea0 31c01ea0 
0000fe30: 32801ea0 33801ea0 32c01ea0 33c01ea0 
0000fe40: 34001ea0 35001ea0 34401ea0 35401ea0 
0000fe50: 36001ea0 37001ea0 36401ea0 37401ea0 
0000fe60: 34801ea0 35801ea0 34c01ea0 35c01ea0 
0000fe70: 36801ea0 37801ea0 36c01ea0 37c01ea0 
0000fe80: 30001fa0 31001fa0 30401fa0 31401fa0 
0000fe90: 32001fa0 33001fa0 32401fa0 33401fa0 
0000fea0: 30801fa0 31801fa0 30c01fa0 31c01fa0 
0000feb0: 32801fa0 33801fa0 32c01fa0 33c01fa0 
0000fec0: 34001fa0 35001fa0 34401fa0 35401fa0 
0000fed0: 36001fa0 37001fa0 36401fa0 37401fa0 
0000fee0: 34801fa0 35801fa0 34c01fa0 35c01fa0 
0000fef0: 36801fa0 37801fa0 36c01fa0 37c01fa0 
0000ff00: 38001ea0 39001ea0 38401ea0 39401ea0 
0000ff10: 3a001ea0 3b001ea0 3a401ea0 3b401ea0 
0000ff20: 38801ea0 39801ea0 38c01ea0 39c01ea0 
0000ff30: 3a801ea0 3b801ea0 3ac01ea0 3bc01ea0 
0000ff40: 3c001ea0 3d001ea0 3c401ea0 3d401ea0 
0000ff50: 3e001ea0 3f001ea0 3e401ea0 3f401ea0 
0000ff60: 3c801ea0 3d801ea0 3cc01ea0 3dc01ea0 
0000ff70: 3e801ea0 3f801ea0 3ec01ea0 3fc01ea0 
0000ff80: 38001fa0 39001fa0 38401fa0 39401fa0 
0000ff90: 3a001fa0 3b001fa0 3a401fa0 3b401fa0 
0000ffa0: 38801fa0 39801fa0 38c01fa0 39c01fa0 
0000ffb0: 3a801fa0 3b801fa0 3ac01fa0 3bc01fa0 
0000ffc0: 3c001fa0 3d001fa0 3c401fa0 3d401fa0 
0000ffd0: 3e001fa0 3f001fa0 3e401fa0 3f401fa0 
0000ffe0: 3c801fa0 3d801fa0 3cc01fa0 3dc01fa0 
0000fff0: 3e801fa0 3f801fa0 3ec01fa0 3fc01fa0 
00010000: 400010a0 410010a0 404010a0 414010a0 
00010010: 420010a0 430010a0 424010a0 434010a0 
00010020: 408010a0 418010a0 40c010a0 41c010a0 
00010030: 428010a0 438010a0 42c010a0 43c010a0 
00010040: 440010a0 450010a0 444010a0 454010a0 
00010050: 460010a0 470010a0 464010a0 474010a0 
00010060: 448010a0 458010a0 44c010a0 45c010a0 
00010070: 468010a0 478010a0 46c010a0 47c010a0 
00010080: 400011a0 410011a0 404011a0 414011a0 
00010090: 420011a0 430011a0 424011a0 434011a0 
000100a0: 408011a0 418011a0 40c011a0 41c011a0 
000100b0: 428011a0 438011a0 42c011a0 43c011a0 
000100c0: 440011a0 450011a0 444011a0 454011a0 
000100d0: 460011a0 470011a0 464011a0 474011a0 
000100e0: 448011a0 458011a0 44c011a0 45c011a0 
000100f0: 468011a0 478011a0 46c011a0 47c011a0 
00010100: 480010a0 490010a0 484010a0 494010a0 
00010110: 4a0010a0 4b0010a0 4a4010a0 4b4010a0 
00010120: 488010a0 498010a0 48c010a0 49c010a0 
00010130: 4a8010a0 4b8010a0 4ac010a0 4bc010a0 
00010140: 4c0010a0 4d0010a0 4c4010a0 4d4010a0 
00010150: 4e0010a0 4f0010a0 4e4010a0 4f4010a0 
00010160: 4c8010a0 4d8010a0 4cc010a0 4dc010a0 
00010170: 4e8010a0 4f8010a0 4ec010a0 4fc010a0 
00010180: 480011a0 490011a0 484011a0 494011a0 
00010190: 4a0011a0 4b0011a0 4a4011a0 4b4011a0 
000101a0: 488011a0 498011a0 48c011a0 49c011a0 
000101b0: 4a8011a0 4b8011a0 4ac011a0 4bc011a0 
000101c0: 4c0011a0 4d0011a0 4c4011a0 4d4011a0 
000101d0: 4e0011a0 4f0011a0 4e4011a0 4f4011a0 
000101e0: 4c8011a0 4d8011a0 4cc011a0 4dc011a0 
000101f0: 4e8011a0 4f8011a0 4ec011a0 4fc011a0 
00010200: 400012a0 410012a0 404012a0 414012a0 
00010210: 420012a0 430012a0 424012a0 434012a0 
00010220: 408012a0 418012a0 40c012a0 41c012a0 
00010230: 428012a0 438012a0 42c012a0 43c012a0 
00010240: 440012a0 450012a0 444012a0 454012a0 
00010250: 460012a0 470012a0 464012a0 474012a0 
00010260: 448012a0 458012a0 44c012a0 45c012a0 
00010270: 468012a0 478012a0 46c012a0 47c012a0 
00010280: 400013a0 410013a0 404013a0 414013a0 
00010290: 420013a0 430013a0 424013a0 434013a0 
000102a0: 408013a0 418013a0 40c013a0 41c013a0 
000102b0: 428013a0 438013a0 42c013a0 43c013a0 
000102c0: 440013a0 450013a0 444013a0 454013a0 
000102d0: 460013a0 470013a0 464013a0 474013a0 
000102e0: 448013a0 458013a0 44c013a0 45c013a0 
000102f0: 468013a0 478013a0 46c013a0 47c013a0 
00010300: 480012a0 490012a0 484012a0 494012a0 
00010310: 4a0012a0 4b0012a0 4a4012a0 4b4012a0 
00010320: 488012a0 498012a0 48c012a0 49c012a0 
00010330: 4a8012a0 4b8012a0 4ac012a0 4bc012a0 
00010340: 4c0012a0 4d0012a0 4c4012a0 4d4012a0 
00010350: 4e0012a0 4f0012a0 4e4012a0 4f4012a0 
00010360: 4c8012a0 4d8012a0 4cc012a0 4dc012a0 
00010370: 4e8012a0 4f8012a0 4ec012a0 4fc012a0 
00010380: 480013a0 490013a0 484013a0 494013a0 
00010390: 4a0013a0 4b0013a0 4a4013a0 4b4013a0 
000103a0: 488013a0 498013a0 48c013a0 49c013a0 
000103b0: 4a8013a0 4b8013a0 4ac013a0 4bc013a0 
000103c0: 4c0013a0 4d0013a0 4c4013a0 4d4013a0 
000103d0: 4e0013a0 4f0013a0 4e4013a0 4f4013a0 
000103e0: 4c8013a0 4d8013a0 4cc013a0 4dc013a0 
000103f0: 4e8013a0 4f8013a0 4ec013a0 4fc013a0 
00010400: 500010a0 510010a0 504010a0 514010a0 
00010410: 520010a0 530010a0 524010a0 534010a0 
00010420: 508010a0 518010a0 50c010a0 51c010a0 
00010430: 528010a0 538010a0 52c010a0 53c010a0 
00010440: 540010a0 550010a0 544010a0 554010a0 
00010450: 560010a0 570010a0 564010a0 574010a0 
00010460: 548010a0 558010a0 54c010a0 55c010a0 
00010470: 568010a0 578010a0 56c010a0 57c010a0 
00010480: 500011a0 510011a0 504011a0 514011a0 
00010490: 520011a0 530011a0 524011a0 534011a0 
000104a0: 508011a0 518011a0 50c011a0 51c011a0 
000104b0: 528011a0 538011a0 52c011a0 53c011a0 
000104c0: 540011a0 550011a0 544011a0 554011a0 
000104d0: 560011a0 570011a0 564011a0 574011a0 
000104e0: 548011a0 558011a0 54c011a0 55c011a0 
000104f0: 568011a0 578011a0 56c011a0 57c011a0 
00010500: 580010a0 590010a0 584010a0 594010a0 
00010510: 5a0010a0 5b0010a0 5a4010a0 5b4010a0 
00010520: 588010a0 598010a0 58c010a0 59c010a0 
00010530: 5a8010a0 5b8010a0 5ac010a0 5bc010a0 
00010540: 5c0010a0 5d0010a0 5c4010a0 5d4010a0 
00010550: 5e0010a0 5f0010a0 5e4010a0 5f4010a0 
00010560: 5c8010a0 5d8010a0 5cc010a0 5dc010a0 
00010570: 5e8010a0 5f8010a0 5ec010a0 5fc010a0 
00010580: 580011a0 590011a0 584011a0 594011a0 
00010590: 5a0011a0 5b0011a0 5a4011a0 5b4011a0 
000105a0: 588011a0 598011a0 58c011a0 59c011a0 
000105b0: 5a8011a0 5b8011a0 5ac011a0 5bc011a0 
000105c0: 5c0011a0 5d0011a0 5c4011a0 5d4011a0 
000105d0: 5e0011a0 5f0011a0 5e4011a0 5f4011a0 
000105e0: 5c8011a0 5d8011a0 5cc011a0 5dc011a0 
000105f0: 5e8011a0 5f8011a0 5ec011a0 5fc011a0 
00010600: 500012a0 510012a0 504012a0 514012a0 
00010610: 520012a0 530012a0 524012a0 534012a0 
00010620: 508012a0 518012a0 50c012a0 51c012a0 
00010630: 528012a0 538012a0 52c012a0 53c012a0 
00010640: 540012a0 550012a0 544012a0 554012a0 
00010650: 560012a0 570012a0 564012a0 574012a0 
00010660: 548012a0 558012a0 54c012a0 55c012a0 
00010670: 568012a0 578012a0 56c012a0 57c012a0 
00010680: 500013a0 510013a0 504013a0 514013a0 
00010690: 520013a0 530013a0 524013a0 534013a0 
000106a0: 508013a0 518013a0 50c013a0 51c013a0 
000106b0: 528013a0 538013a0 52c013a0 53c013a0 
000106c0: 540013a0 550013a0 544013a0 554013a0 
000106d0: 560013a0 570013a0 564013a0 574013a0 
000106e0: 548013a0 558013a0 54c013a0 55c013a0 
000106f0: 568013a0 578013a0 56c013a0 57c013a0 
00010700: 580012a0 590012a0 584012a0 594012a0 
00010710: 5a0012a0 5b0012a0 5a4012a0 5b4012a0 
00010720: 588012a0 598012a0 58c012a0 59c012a0 
00010730: 5a8012a0 5b8012a0 5ac012a0 5bc012a0 
00010740: 5c0012a0 5d0012a0 5c4012a0 5d4012a0 
00010750: 5e0012a0 5f0012a0 5e4012a0 5f4012a0 
00010760: 5c8012a0 5d8012a0 5cc012a0 5dc012a0 
00010770: 5e8012a0 5f8012a0 5ec012a0 5fc012a0 
00010780: 580013a0 590013a0 584013a0 594013a0 
00010790: 5a0013a0 5b0013a0 5a4013a0 5b4013a0 
000107a0: 588013a0 598013a0 58c013a0 59c013a0 
000107b0: 5a8013a0 5b8013a0 5ac013a0 5bc013a0 
000107c0: 5c0013a0 5d0013a0 5c4013a0 5d4013a0 
000107d0: 5e0013a0 5f0013a0 5e4013a0 5f4013a0 
000107e0: 5c8013a0 5d8013a0 5cc013a0 5dc013a0 
000107f0: 5e8013a0 5f8013a0 5ec013a0 5fc013a0 
00010800: 400014a0 410014a0 404014a0 414014a0 
00010810: 420014a0 430014a0 424014a0 434014a0 
00010820: 408014a0 418014a0 40c014a0 41c014a0 
00010830: 428014a0 438014a0 42c014a0 43c014a0 
00010840: 440014a0 450014a0 444014a0 454014a0 
00010850: 460014a0 470014a0 464014a0 474014a0 
00010860: 448014a0 458014a0 44c014a0 45c014a0 
00010870: 468014a0 478014a0 46c014a0 47c014a0 
00010880: 400015a0 410015a0 404015a0 414015a0 
00010890: 420015a0 430015a0 424015a0 434015a0 
000108a0: 408015a0 418015a0 40c015a0 41c015a0 
000108b0: 428015a0 438015a0 42c015a0 43c015a0 
000108c0: 440015a0 450015a0 444015a0 454015a0 
000108d0: 460015a0 470015a0 464015a0 474015a0 
000108e0: 448015a0 458015a0 44c015a0 45c015a0 
000108f0: 468015a0 478015a0 46c015a0 47c015a0 
00010900: 480014a0 490014a0 484014a0 494014a0 
00010910: 4a0014a0 4b0014a0 4a4014a0 4b4014a0 
00010920: 488014a0 498014a0 48c014a0 49c014a0 
00010930: 4a8014a0 4b8014a0 4ac014a0 4bc014a0 
00010940: 4c0014a0 4d0014a0 4c4014a0 4d4014a0 
00010950: 4e0014a0 4f0014a0 4e4014a0 4f4014a0 
00010960: 4c8014a0 4d8014a0 4cc014a0 4dc014a0 
00010970: 4e8014a0 4f8014a0 4ec014a0 4fc014a0 
00010980: 480015a0 490015a0 484015a0 494015a0 
00010990: 4a0015a0 4b0015a0 4a4015a0 4b4015a0 
000109a0: 488015a0 498015a0 48c015a0 49c015a0 
000109b0: 4a8015a0 4b8015a0 4ac015a0 4bc015a0 
000109c0: 4c0015a0 4d0015a0 4c4015a0 4d4015a0 
000109d0: 4e0015a0 4f0015a0 4e4015a0 4f4015a0 
000109e0: 4c8015a0 4d8015a0 4cc015a0 4dc015a0 
000109f0: 4e8015a0 4f8015a0 4ec015a0 4fc015a0 
00010a00: 400016a0 410016a0 404016a0 414016a0 
00010a10: 420016a0 430016a0 424016a0 434016a0 
00010a20: 408016a0 418016a0 40c016a0 41c016a0 
00010a30: 428016a0 438016a0 42c016a0 43c016a0 
00010a40: 440016a0 450016a0 444016a0 454016a0 
00010a50: 460016a0 470016a0 464016a0 474016a0 
00010a60: 448016a0 458016a0 44c016a0 45c016a0 
00010a70: 468016a0 478016a0 46c016a0 47c016a0 
00010a80: 400017a0 410017a0 404017a0 414017a0 
00010a90: 420017a0 430017a0 424017a0 434017a0 
00010aa0: 408017a0 418017a0 40c017a0 41c017a0 
00010ab0: 428017a0 438017a0 42c017a0 43c017a0 
00010ac0: 440017a0 450017a0 444017a0 454017a0 
00010ad0: 460017a0 470017a0 464017a0 474017a0 
00010ae0: 448017a0 458017a0 44c017a0 45c017a0 
00010af0: 468017a0 478017a0 46c017a0 47c017a0 
00010b00: 480016a0 490016a0 484016a0 494016a0 
00010b10: 4a0016a0 4b0016a0 4a4016a0 4b4016a0 
00010b20: 488016a0 498016a0 48c016a0 49c016a0 
00010b30: 4a8016a0 4b8016a0 4ac016a0 4bc016a0 
00010b40: 4c0016a0 4d0016a0 4c4016a0 4d4016a0 
00010b50: 4e0016a0 4f0016a0 4e4016a0 4f4016a0 
00010b60: 4c8016a0 4d8016a0 4cc016a0 4dc016a0 
00010b70: 4e8016a0 4f8016a0 4ec016a0 4fc016a0 
00010b80: 480017a0 490017a0 484017a0 494017a0 
00010b90: 4a0017a0 4b0017a0 4a4017a0 4b4017a0 
00010ba0: 488017a0 498017a0 48c017a0 49c017a0 
00010bb0: 4a8017a0 4b8017a0 4ac017a0 4bc017a0 
00010bc0: 4c0017a0 4d0017a0 4c4017a0 4d4017a0 
00010bd0: 4e0017a0 4f0017a0 4e4017a0 4f4017a0 
00010be0: 4c8017a0 4d8017a0 4cc017a0 4dc017a0 
00010bf0: 4e8017a0 4f8017a0 4ec017a0 4fc017a0 
00010c00: 500014a0 510014a0 504014a0 514014a0 
00010c10: 520014a0 530014a0 524014a0 534014a0 
00010c20: 508014a0 518014a0 50c014a0 51c014a0 
00010c30: 528014a0 538014a0 52c014a0 53c014a0 
00010c40: 540014a0 550014a0 544014a0 554014a0 
00010c50: 560014a0 570014a0 564014a0 574014a0 
00010c60: 548014a0 558014a0 54c014a0 55c014a0 
00010c70: 568014a0 578014a0 56c014a0 57c014a0 
00010c80: 500015a0 510015a0 504015a0 514015a0 
00010c90: 520015a0 530015a0 524015a0 534015a0 
00010ca0: 508015a0 518015a0 50c015a0 51c015a0 
00010cb0: 528015a0 538015a0 52c015a0 53c015a0 
00010cc0: 540015a0 550015a0 544015a0 554015a0 
00010cd0: 560015a0 570015a0 564015a0 574015a0 
00010ce0: 548015a0 558015a0 54c015a0 55c015a0 
00010cf0: 568015a0 578015a0 56c015a0 57c015a0 
00010d00: 580014a0 590014a0 584014a0 594014a0 
00010d10: 5a0014a0 5b0014a0 5a4014a0 5b4014a0 
00010d20: 588014a0 598014a0 58c014a0 59c014a0 
00010d30: 5a8014a0 5b8014a0 5ac014a0 5bc014a0 
00010d40: 5c0014a0 5d0014a0 5c4014a0 5d4014a0 
00010d50: 5e0014a0 5f0014a0 5e4014a0 5f4014a0 
00010d60: 5c8014a0 5d8014a0 5cc014a0 5dc014a0 
00010d70: 5e8014a0 5f8014a0 5ec014a0 5fc014a0 
00010d80: 580015a0 590015a0 584015a0 594015a0 
00010d90: 5a0015a0 5b0015a0 5a4015a0 5b4015a0 
00010da0: 588015a0 598015a0 58c015a0 59c015a0 
00010db0: 5a8015a0 5b8015a0 5ac015a0 5bc015a0 
00010dc0: 5c0015a0 5d0015a0 5c4015a0 5d4015a0 
00010dd0: 5e0015a0 5f0015a0 5e4015a0 5f4015a0 
00010de0: 5c8015a0 5d8015a0 5cc015a0 5dc015a0 
00010df0: 5e8015a0 5f8015a0 5ec015a0 5fc015a0 
00010e00: 500016a0 510016a0 504016a0 514016a0 
00010e10: 520016a0 530016a0 524016a0 534016a0 
00010e20: 508016a0 518016a0 50c016a0 51c016a0 
00010e30: 528016a0 538016a0 52c016a0 53c016a0 
00010e40: 540016a0 550016a0 544016a0 554016a0 
00010e50: 560016a0 570016a0 564016a0 574016a0 
00010e60: 548016a0 558016a0 54c016a0 55c016a0 
00010e70: 568016a0 578016a0 56c016a0 57c016a0 
00010e80: 500017a0 510017a0 504017a0 514017a0 
00010e90: 520017a0 530017a0 524017a0 534017a0 
00010ea0: 508017a0 518017a0 50c017a0 51c017a0 
00010eb0: 528017a0 538017a0 52c017a0 53c017a0 
00010ec0: 540017a0 550017a0 544017a0 554017a0 
00010ed0: 560017a0 570017a0 564017a0 574017a0 
00010ee0: 548017a0 558017a0 54c017a0 55c017a0 
00010ef0: 568017a0 578017a0 56c017a0 57c017a0 
00010f00: 580016a0 590016a0 584016a0 594016a0 
00010f10: 5a0016a0 5b0016a0 5a4016a0 5b4016a0 
00010f20: 588016a0 598016a0 58c016a0 59c016a0 
00010f30: 5a8016a0 5b8016a0 5ac016a0 5bc016a0 
00010f40: 5c0016a0 5d0016a0 5c4016a0 5d4016a0 
00010f50: 5e0016a0 5f0016a0 5e4016a0 5f4016a0 
00010f60: 5c8016a0 5d8016a0 5cc016a0 5dc016a0 
00010f70: 5e8016a0 5f8016a0 5ec016a0 5fc016a0 
00010f80: 580017a0 590017a0 584017a0 594017a0 
00010f90: 5a0017a0 5b0017a0 5a4017a0 5b4017a0 
00010fa0: 588017a0 598017a0 58c017a0 59c017a0 
00010fb0: 5a8017a0 5b8017a0 5ac017a0 5bc017a0 
00010fc0: 5c0017a0 5d0017a0 5c4017a0 5d4017a0 
00010fd0: 5e0017a0 5f0017a0 5e4017a0 5f4017a0 
00010fe0: 5c8017a0 5d8017a0 5cc017a0 5dc017a0 
00010ff0: 5e8017a0 5f8017a0 5ec017a0 5fc017a0 
00011000: 600010a0 610010a0 604010a0 614010a0 
00011010: 620010a0 630010a0 624010a0 634010a0 
00011020: 608010a0 618010a0 60c010a0 61c010a0 
00011030: 628010a0 638010a0 62c010a0 63c010a0 
00011040: 640010a0 650010a0 644010a0 654010a0 
00011050: 660010a0 670010a0 664010a0 674010a0 
00011060: 648010a0 658010a0 64c010a0 65c010a0 
00011070: 668010a0 678010a0 66c010a0 67c010a0 
00011080: 600011a0 610011a0 604011a0 614011a0 
00011090: 620011a0 630011a0 624011a0 634011a0 
000110a0: 608011a0 618011a0 60c011a0 61c011a0 
000110b0: 628011a0 638011a0 62c011a0 63c011a0 
000110c0: 640011a0 650011a0 644011a0 654011a0 
000110d0: 660011a0 670011a0 664011a0 674011a0 
000110e0: 648011a0 658011a0 64c011a0 65c011a0 
000110f0: 668011a0 678011a0 66c011a0 67c011a0 
00011100: 680010a0 690010a0 684010a0 694010a0 
00011110: 6a0010a0 6b0010a0 6a4010a0 6b4010a0 
00011120: 688010a0 698010a0 68c010a0 69c010a0 
00011130: 6a8010a0 6b8010a0 6ac010a0 6bc010a0 
00011140: 6c0010a0 6d0010a0 6c4010a0 6d4010a0 
00011150: 6e0010a0 6f0010a0 6e4010a0 6f4010a0 
00011160: 6c8010a0 6d8010a0 6cc010a0 6dc010a0 
00011170: 6e8010a0 6f8010a0 6ec010a0 6fc010a0 
00011180: 680011a0 690011a0 684011a0 694011a0 
00011190: 6a0011a0 6b0011a0 6a4011a0 6b4011a0 
000111a0: 688011a0 698011a0 68c011a0 69c011a0 
000111b0: 6a8011a0 6b8011a0 6ac011a0 6bc011a0 
000111c0: 6c0011a0 6d0011a0 6c4011a0 6d4011a0 
000111d0: 6e0011a0 6f0011a0 6e4011a0 6f4011a0 
000111e0: 6c8011a0 6d8011a0 6cc011a0 6dc011a0 
000111f0: 6e8011a0 6f8011a0 6ec011a0 6fc011a0 
00011200: 600012a0 610012a0 604012a0 614012a0 
00011210: 620012a0 630012a0 624012a0 634012a0 
00011220: 608012a0 618012a0 60c012a0 61c012a0 
00011230: 628012a0 638012a0 62c012a0 63c012a0 
00011240: 640012a0 650012a0 644012a0 654012a0 
00011250: 660012a0 670012a0 664012a0 674012a0 
00011260: 648012a0 658012a0 64c012a0 65c012a0 
00011270: 668012a0 678012a0 66c012a0 67c012a0 
00011280: 600013a0 610013a0 604013a0 614013a0 
00011290: 620013a0 630013a0 624013a0 634013a0 
000112a0: 608013a0 618013a0 60c013a0 61c013a0 
000112b0: 628013a0 638013a0 62c013a0 63c013a0 
000112c0: 640013a0 650013a0 644013a0 654013a0 
000112d0: 660013a0 670013a0 664013a0 674013a0 
000112e0: 648013a0 658013a0 64c013a0 65c013a0 
000112f0: 668013a0 678013a0 66c013a0 67c013a0 
00011300: 680012a0 690012a0 684012a0 694012a0 
00011310: 6a0012a0 6b0012a0 6a4012a0 6b4012a0 
00011320: 688012a0 698012a0 68c012a0 69c012a0 
00011330: 6a8012a0 6b8012a0 6ac012a0 6bc012a0 
00011340: 6c0012a0 6d0012a0 6c4012a0 6d4012a0 
00011350: 6e0012a0 6f0012a0 6e4012a0 6f4012a0 
00011360: 6c8012a0 6d8012a0 6cc012a0 6dc012a0 
00011370: 6e8012a0 6f8012a0 6ec012a0 6fc012a0 
00011380: 680013a0 690013a0 684013a0 694013a0 
00011390: 6a0013a0 6b0013a0 6a4013a0 6b4013a0 
000113a0: 688013a0 698013a0 68c013a0 69c013a0 
000113b0: 6a8013a0 6b8013a0 6ac013a0 6bc013a0 
000113c0: 6c0013a0 6d0013a0 6c4013a0 6d4013a0 
000113d0: 6e0013a0 6f0013a0 6e4013a0 6f4013a0 
000113e0: 6c8013a0 6d8013a0 6cc013a0 6dc013a0 
000113f0: 6e8013a0 6f8013a0 6ec013a0 6fc013a0 
00011400: 700010a0 710010a0 704010a0 714010a0 
00011410: 720010a0 730010a0 724010a0 734010a0 
00011420: 708010a0 718010a0 70c010a0 71c010a0 
00011430: 728010a0 738010a0 72c010a0 73c010a0 
00011440: 740010a0 750010a0 744010a0 754010a0 
00011450: 760010a0 770010a0 764010a0 774010a0 
00011460: 748010a0 758010a0 74c010a0 75c010a0 
00011470: 768010a0 778010a0 76c010a0 77c010a0 
00011480: 700011a0 710011a0 704011a0 714011a0 
00011490: 720011a0 730011a0 724011a0 734011a0 
000114a0: 708011a0 718011a0 70c011a0 71c011a0 
000114b0: 728011a0 738011a0 72c011a0 73c011a0 
000114c0: 740011a0 750011a0 744011a0 754011a0 
000114d0: 760011a0 770011a0 764011a0 774011a0 
000114e0: 748011a0 758011a0 74c011a0 75c011a0 
000114f0: 768011a0 778011a0 76c011a0 77c011a0 
00011500: 780010a0 790010a0 784010a0 794010a0 
00011510: 7a0010a0 7b0010a0 7a4010a0 7b4010a0 
00011520: 788010a0 798010a0 78c010a0 79c010a0 
00011530: 7a8010a0 7b8010a0 7ac010a0 7bc010a0 
00011540: 7c0010a0 7d0010a0 7c4010a0 7d4010a0 
00011550: 7e0010a0 7f0010a0 7e4010a0 7f4010a0 
00011560: 7c8010a0 7d8010a0 7cc010a0 7dc010a0 
00011570: 7e8010a0 7f8010a0 7ec010a0 7fc010a0 
00011580: 780011a0 790011a0 784011a0 794011a0 
00011590: 7a0011a0 7b0011a0 7a4011a0 7b4011a0 
000115a0: 788011a0 798011a0 78c011a0 79c011a0 
000115b0: 7a8011a0 7b8011a0 7ac011a0 7bc011a0 
000115c0: 7c0011a0 7d0011a0 7c4011a0 7d4011a0 
000115d0: 7e0011a0 7f0011a0 7e4011a0 7f4011a0 
000115e0: 7c8011a0 7d8011a0 7cc011a0 7dc011a0 
000115f0: 7e8011a0 7f8011a0 7ec011a0 7fc011a0 
00011600: 700012a0 710012a0 704012a0 714012a0 
00011610: 720012a0 730012a0 724012a0 734012a0 
00011620: 708012a0 718012a0 70c012a0 71c012a0 
00011630: 728012a0 738012a0 72c012a0 73c012a0 
00011640: 740012a0 750012a0 744012a0 754012a0 
00011650: 760012a0 770012a0 764012a0 774012a0 
00011660: 748012a0 758012a0 74c012a0 75c012a0 
00011670: 768012a0 778012a0 76c012a0 77c012a0 
00011680: 700013a0 710013a0 704013a0 714013a0 
00011690: 720013a0 730013a0 724013a0 734013a0 
000116a0: 708013a0 718013a0 70c013a0 71c013a0 
000116b0: 728013a0 738013a0 72c013a0 73c013a0 
000116c0: 740013a0 750013a0 744013a0 754013a0 
000116d0: 760013a0 770013a0 764013a0 774013a0 
000116e0: 748013a0 758013a0 74c013a0 75c013a0 
000116f0: 768013a0 778013a0 76c013a0 77c013a0 
00011700: 780012a0 790012a0 784012a0 794012a0 
00011710: 7a0012a0 7b0012a0 7a4012a0 7b4012a0 
00011720: 788012a0 798012a0 78c012a0 79c012a0 
00011730: 7a8012a0 7b8012a0 7ac012a0 7bc012a0 
00011740: 7c0012a0 7d0012a0 7c4012a0 7d4012a0 
00011750: 7e0012a0 7f0012a0 7e4012a0 7f4012a0 
00011760: 7c8012a0 7d8012a0 7cc012a0 7dc012a0 
00011770: 7e8012a0 7f8012a0 7ec012a0 7fc012a0 
00011780: 780013a0 790013a0 784013a0 794013a0 
00011790: 7a0013a0 7b0013a0 7a4013a0 7b4013a0 
000117a0: 788013a0 798013a0 78c013a0 79c013a0 
000117b0: 7a8013a0 7b8013a0 7ac013a0 7bc013a0 
000117c0: 7c0013a0 7d0013a0 7c4013a0 7d4013a0 
000117d0: 7e0013a0 7f0013a0 7e4013a0 7f4013a0 
000117e0: 7c8013a0 7d8013a0 7cc013a0 7dc013a0 
000117f0: 7e8013a0 7f8013a0 7ec013a0 7fc013a0 
00011800: 600014a0 610014a0 604014a0 614014a0 
00011810: 620014a0 630014a0 624014a0 634014a0 
00011820: 608014a0 618014a0 60c014a0 61c014a0 
00011830: 628014a0 638014a0 62c014a0 63c014a0 
00011840: 640014a0 650014a0 644014a0 654014a0 
00011850: 660014a0 670014a0 664014a0 674014a0 
00011860: 648014a0 658014a0 64c014a0 65c014a0 
00011870: 668014a0 678014a0 66c014a0 67c014a0 
00011880: 600015a0 610015a0 604015a0 614015a0 
00011890: 620015a0 630015a0 624015a0 634015a0 
000118a0: 608015a0 618015a0 60c015a0 61c015a0 
000118b0: 628015a0 638015a0 62c015a0 63c015a0 
000118c0: 640015a0 650015a0 644015a0 654015a0 
000118d0: 660015a0 670015a0 664015a0 674015a0 
000118e0: 648015a0 658015a0 64c015a0 65c015a0 
000118f0: 668015a0 678015a0 66c015a0 67c015a0 
00011900: 680014a0 690014a0 684014a0 694014a0 
00011910: 6a0014a0 6b0014a0 6a4014a0 6b4014a0 
00011920: 688014a0 698014a0 68c014a0 69c014a0 
00011930: 6a8014a0 6b8014a0 6ac014a0 6bc014a0 
00011940: 6c0014a0 6d0014a0 6c4014a0 6d4014a0 
00011950: 6e0014a0 6f0014a0 6e4014a0 6f4014a0 
00011960: 6c8014a0 6d8014a0 6cc014a0 6dc014a0 
00011970: 6e8014a0 6f8014a0 6ec014a0 6fc014a0 
00011980: 680015a0 690015a0 684015a0 694015a0 
00011990: 6a0015a0 6b0015a0 6a4015a0 6b4015a0 
000119a0: 688015a0 698015a0 68c015a0 69c015a0 
000119b0: 6a8015a0 6b8015a0 6ac015a0 6bc015a0 
000119c0: 6c0015a0 6d0015a0 6c4015a0 6d4015a0 
000119d0: 6e0015a0 6f0015a0 6e4015a0 6f4015a0 
000119e0: 6c8015a0 6d8015a0 6cc015a0 6dc015a0 
000119f0: 6e8015a0 6f8015a0 6ec015a0 6fc015a0 
00011a00: 600016a0 610016a0 604016a0 614016a0 
00011a10: 620016a0 630016a0 624016a0 634016a0 
00011a20: 608016a0 618016a0 60c016a0 61c016a0 
00011a30: 628016a0 638016a0 62c016a0 63c016a0 
00011a40: 640016a0 650016a0 644016a0 654016a0 
00011a50: 660016a0 670016a0 664016a0 674016a0 
00011a60: 648016a0 658016a0 64c016a0 65c016a0 
00011a70: 668016a0 678016a0 66c016a0 67c016a0 
00011a80: 600017a0 610017a0 604017a0 614017a0 
00011a90: 620017a0 630017a0 624017a0 634017a0 
00011aa0: 608017a0 618017a0 60c017a0 61c017a0 
00011ab0: 628017a0 638017a0 62c017a0 63c017a0 
00011ac0: 640017a0 650017a0 644017a0 654017a0 
00011ad0: 660017a0 670017a0 664017a0 674017a0 
00011ae0: 648017a0 658017a0 64c017a0 65c017a0 
00011af0: 668017a0 678017a0 66c017a0 67c017a0 
00011b00: 680016a0 690016a0 684016a0 694016a0 
00011b10: 6a0016a0 6b0016a0 6a4016a0 6b4016a0 
00011b20: 688016a0 698016a0 68c016a0 69c016a0 
00011b30: 6a8016a0 6b8016a0 6ac016a0 6bc016a0 
00011b40: 6c0016a0 6d0016a0 6c4016a0 6d4016a0 
00011b50: 6e0016a0 6f0016a0 6e4016a0 6f4016a0 
00011b60: 6c8016a0 6d8016a0 6cc016a0 6dc016a0 
00011b70: 6e8016a0 6f8016a0 6ec016a0 6fc016a0 
00011b80: 680017a0 690017a0 684017a0 694017a0 
00011b90: 6a0017a0 6b0017a0 6a4017a0 6b4017a0 
00011ba0: 688017a0 698017a0 68c017a0 69c017a0 
00011bb0: 6a8017a0 6b8017a0 6ac017a0 6bc017a0 
00011bc0: 6c0017a0 6d0017a0 6c4017a0 6d4017a0 
00011bd0: 6e0017a0 6f0017a0 6e4017a0 6f4017a0 
00011be0: 6c8017a0 6d8017a0 6cc017a0 6dc017a0 
00011bf0: 6e8017a0 6f8017a0 6ec017a0 6fc017a0 
00011c00: 700014a0 710014a0 704014a0 714014a0 
00011c10: 720014a0 730014a0 724014a0 734014a0 
00011c20: 708014a0 718014a0 70c014a0 71c014a0 
00011c30: 728014a0 738014a0 72c014a0 73c014a0 
00011c40: 740014a0 750014a0 744014a0 754014a0 
00011c50: 760014a0 770014a0 764014a0 774014a0 
00011c60: 748014a0 758014a0 74c014a0 75c014a0 
00011c70: 768014a0 778014a0 76c014a0 77c014a0 
00011c80: 700015a0 710015a0 704015a0 714015a0 
00011c90: 720015a0 730015a0 724015a0 734015a0 
00011ca0: 708015a0 718015a0 70c015a0 71c015a0 
00011cb0: 728015a0 738015a0 72c015a0 73c015a0 
00011cc0: 740015a0 750015a0 744015a0 754015a0 
00011cd0: 760015a0 770015a0 764015a0 774015a0 
00011ce0: 748015a0 758015a0 74c015a0 75c015a0 
00011cf0: 768015a0 778015a0 76c015a0 77c015a0 
00011d00: 780014a0 790014a0 784014a0 794014a0 
00011d10: 7a0014a0 7b0014a0 7a4014a0 7b4014a0 
00011d20: 788014a0 798014a0 78c014a0 79c014a0 
00011d30: 7a8014a0 7b8014a0 7ac014a0 7bc014a0 
00011d40: 7c0014a0 7d0014a0 7c4014a0 7d4014a0 
00011d50: 7e0014a0 7f0014a0 7e4014a0 7f4014a0 
00011d60: 7c8014a0 7d8014a0 7cc014a0 7dc014a0 
00011d70: 7e8014a0 7f8014a0 7ec014a0 7fc014a0 
00011d80: 780015a0 790015a0 784015a0 794015a0 
00011d90: 7a0015a0 7b0015a0 7a4015a0 7b4015a0 
00011da0: 788015a0 798015a0 78c015a0 79c015a0 
00011db0: 7a8015a0 7b8015a0 7ac015a0 7bc015a0 
00011dc0: 7c0015a0 7d0015a0 7c4015a0 7d4015a0 
00011dd0: 7e0015a0 7f0015a0 7e4015a0 7f4015a0 
00011de0: 7c8015a0 7d8015a0 7cc015a0 7dc015a0 
00011df0: 7e8015a0 7f8015a0 7ec015a0 7fc015a0 
00011e00: 700016a0 710016a0 704016a0 714016a0 
00011e10: 720016a0 730016a0 724016a0 734016a0 
00011e20: 708016a0 718016a0 70c016a0 71c016a0 
00011e30: 728016a0 738016a0 72c016a0 73c016a0 
00011e40: 740016a0 750016a0 744016a0 754016a0 
00011e50: 760016a0 770016a0 764016a0 774016a0 
00011e60: 748016a0 758016a0 74c016a0 75c016a0 
00011e70: 768016a0 778016a0 76c016a0 77c016a0 
00011e80: 700017a0 710017a0 704017a0 714017a0 
00011e90: 720017a0 730017a0 724017a0 734017a0 
00011ea0: 708017a0 718017a0 70c017a0 71c017a0 
00011eb0: 728017a0 738017a0 72c017a0 73c017a0 
00011ec0: 740017a0 750017a0 744017a0 754017a0 
00011ed0: 760017a0 770017a0 764017a0 774017a0 
00011ee0: 748017a0 758017a0 74c017a0 75c017a0 
00011ef0: 768017a0 778017a0 76c017a0 77c017a0 
00011f00: 780016a0 790016a0 784016a0 794016a0 
00011f10: 7a0016a0 7b0016a0 7a4016a0 7b4016a0 
00011f20: 788016a0 798016a0 78c016a0 79c016a0 
00011f30: 7a8016a0 7b8016a0 7ac016a0 7bc016a0 
00011f40: 7c0016a0 7d0016a0 7c4016a0 7d4016a0 
00011f50: 7e0016a0 7f0016a0 7e4016a0 7f4016a0 
00011f60: 7c8016a0 7d8016a0 7cc016a0 7dc016a0 
00011f70: 7e8016a0 7f8016a0 7ec016a0 7fc016a0 
00011f80: 780017a0 790017a0 784017a0 794017a0 
00011f90: 7a0017a0 7b0017a0 7a4017a0 7b4017a0 
00011fa0: 788017a0 798017a0 78c017a0 79c017a0 
00011fb0: 7a8017a0 7b8017a0 7ac017a0 7bc017a0 
00011fc0: 7c0017a0 7d0017a0 7c4017a0 7d4017a0 
00011fd0: 7e0017a0 7f0017a0 7e4017a0 7f4017a0 
00011fe0: 7c8017a0 7d8017a0 7cc017a0 7dc017a0 
00011ff0: 7e8017a0 7f8017a0 7ec017a0 7fc017a0 
00012000: 400018a0 410018a0 404018a0 414018a0 
00012010: 420018a0 430018a0 424018a0 434018a0 
00012020: 408018a0 418018a0 40c018a0 41c018a0 
00012030: 428018a0 438018a0 42c018a0 43c018a0 
00012040: 440018a0 450018a0 444018a0 454018a0 
00012050: 460018a0 470018a0 464018a0 474018a0 
00012060: 448018a0 458018a0 44c018a0 45c018a0 
00012070: 468018a0 478018a0 46c018a0 47c018a0 
00012080: 400019a0 410019a0 404019a0 414019a0 
00012090: 420019a0 430019a0 424019a0 434019a0 
000120a0: 408019a0 418019a0 40c019a0 41c019a0 
000120b0: 428019a0 438019a0 42c019a0 43c019a0 
000120c0: 440019a0 450019a0 444019a0 454019a0 
000120d0: 460019a0 470019a0 464019a0 474019a0 
000120e0: 448019a0 458019a0 44c019a0 45c019a0 
000120f0: 468019a0 478019a0 46c019a0 47c019a0 
00012100: 480018a0 490018a0 484018a0 494018a0 
00012110: 4a0018a0 4b0018a0 4a4018a0 4b4018a0 
00012120: 488018a0 498018a0 48c018a0 49c018a0 
00012130: 4a8018a0 4b8018a0 4ac018a0 4bc018a0 
00012140: 4c0018a0 4d0018a0 4c4018a0 4d4018a0 
00012150: 4e0018a0 4f0018a0 4e4018a0 4f4018a0 
00012160: 4c8018a0 4d8018a0 4cc018a0 4dc018a0 
00012170: 4e8018a0 4f8018a0 4ec018a0 4fc018a0 
00012180: 480019a0 490019a0 484019a0 494019a0 
00012190: 4a0019a0 4b0019a0 4a4019a0 4b4019a0 
000121a0: 488019a0 498019a0 48c019a0 49c019a0 
000121b0: 4a8019a0 4b8019a0 4ac019a0 4bc019a0 
000121c0: 4c0019a0 4d0019a0 4c4019a0 4d4019a0 
000121d0: 4e0019a0 4f0019a0 4e4019a0 4f4019a0 
000121e0: 4c8019a0 4d8019a0 4cc019a0 4dc019a0 
000121f0: 4e8019a0 4f8019a0 4ec019a0 4fc019a0 
00012200: 40001aa0 41001aa0 40401aa0 41401aa0 
00012210: 42001aa0 43001aa0 42401aa0 43401aa0 
00012220: 40801aa0 41801aa0 40c01aa0 41c01aa0 
00012230: 42801aa0 43801aa0 42c01aa0 43c01aa0 
00012240: 44001aa0 45001aa0 44401aa0 45401aa0 
00012250: 46001aa0 47001aa0 46401aa0 47401aa0 
00012260: 44801aa0 45801aa0 44c01aa0 45c01aa0 
00012270: 46801aa0 47801aa0 46c01aa0 47c01aa0 
00012280: 40001ba0 41001ba0 40401ba0 41401ba0 
00012290: 42001ba0 43001ba0 42401ba0 43401ba0 
000122a0: 40801ba0 41801ba0 40c01ba0 41c01ba0 
000122b0: 42801ba0 43801ba0 42c01ba0 43c01ba0 
000122c0: 44001ba0 45001ba0 44401ba0 45401ba0 
000122d0: 46001ba0 47001ba0 46401ba0 47401ba0 
000122e0: 44801ba0 45801ba0 44c01ba0 45c01ba0 
000122f0: 46801ba0 47801ba0 46c01ba0 47c01ba0 
00012300: 48001aa0 49001aa0 48401aa0 49401aa0 
00012310: 4a001aa0 4b001aa0 4a401aa0 4b401aa0 
00012320: 48801aa0 49801aa0 48c01aa0 49c01aa0 
00012330: 4a801aa0 4b801aa0 4ac01aa0 4bc01aa0 
00012340: 4c001aa0 4d001aa0 4c401aa0 4d401aa0 
00012350: 4e001aa0 4f001aa0 4e401aa0 4f401aa0 
00012360: 4c801aa0 4d801aa0 4cc01aa0 4dc01aa0 
00012370: 4e801aa0 4f801aa0 4ec01aa0 4fc01aa0 
00012380: 48001ba0 49001ba0 48401ba0 49401ba0 
00012390: 4a001ba0 4b001ba0 4a401ba0 4b401ba0 
000123a0: 48801ba0 49801ba0 48c01ba0 49c01ba0 
000123b0: 4a801ba0 4b801ba0 4ac01ba0 4bc01ba0 
000123c0: 4c001ba0 4d001ba0 4c401ba0 4d401ba0 
000123d0: 4e001ba0 4f001ba0 4e401ba0 4f401ba0 
000123e0: 4c801ba0 4d801ba0 4cc01ba0 4dc01ba0 
000123f0: 4e801ba0 4f801ba0 4ec01ba0 4fc01ba0 
00012400: 500018a0 510018a0 504018a0 514018a0 
00012410: 520018a0 530018a0 524018a0 534018a0 
00012420: 508018a0 518018a0 50c018a0 51c018a0 
00012430: 528018a0 538018a0 52c018a0 53c018a0 
00012440: 540018a0 550018a0 544018a0 554018a0 
00012450: 560018a0 570018a0 564018a0 574018a0 
00012460: 548018a0 558018a0 54c018a0 55c018a0 
00012470: 568018a0 578018a0 56c018a0 57c018a0 
00012480: 500019a0 510019a0 504019a0 514019a0 
00012490: 520019a0 530019a0 524019a0 534019a0 
000124a0: 508019a0 518019a0 50c019a0 51c019a0 
000124b0: 528019a0 538019a0 52c019a0 53c019a0 
000124c0: 540019a0 550019a0 544019a0 554019a0 
000124d0: 560019a0 570019a0 564019a0 574019a0 
000124e0: 548019a0 558019a0 54c019a0 55c019a0 
000124f0: 568019a0 578019a0 56c019a0 57c019a0 
00012500: 580018a0 590018a0 584018a0 594018a0 
00012510: 5a0018a0 5b0018a0 5a4018a0 5b4018a0 
00012520: 588018a0 598018a0 58c018a0 59c018a0 
00012530: 5a8018a0 5b8018a0 5ac018a0 5bc018a0 
00012540: 5c0018a0 5d0018a0 5c4018a0 5d4018a0 
00012550: 5e0018a0 5f0018a0 5e4018a0 5f4018a0 
00012560: 5c8018a0 5d8018a0 5cc018a0 5dc018a0 
00012570: 5e8018a0 5f8018a0 5ec018a0 5fc018a0 
00012580: 580019a0 590019a0 584019a0 594019a0 
00012590: 5a0019a0 5b0019a0 5a4019a0 5b4019a0 
000125a0: 588019a0 598019a0 58c019a0 59c019a0 
000125b0: 5a8019a0 5b8019a0 5ac019a0 5bc019a0 
000125c0: 5c0019a0 5d0019a0 5c4019a0 5d4019a0 
000125d0: 5e0019a0 5f0019a0 5e4019a0 5f4019a0 
000125e0: 5c8019a0 5d8019a0 5cc019a0 5dc019a0 
000125f0: 5e8019a0 5f8019a0 5ec019a0 5fc019a0 
00012600: 50001aa0 51001aa0 50401aa0 51401aa0 
00012610: 52001aa0 53001aa0 52401aa0 53401aa0 
00012620: 50801aa0 51801aa0 50c01aa0 51c01aa0 
00012630: 52801aa0 53801aa0 52c01aa0 53c01aa0 
00012640: 54001aa0 55001aa0 54401aa0 55401aa0 
00012650: 56001aa0 57001aa0 56401aa0 57401aa0 
00012660: 54801aa0 55801aa0 54c01aa0 55c01aa0 
00012670: 56801aa0 57801aa0 56c01aa0 57c01aa0 
00012680: 50001ba0 51001ba0 50401ba0 51401ba0 
00012690: 52001ba0 53001ba0 52401ba0 53401ba0 
000126a0: 50801ba0 51801ba0 50c01ba0 51c01ba0 
000126b0: 52801ba0 53801ba0 52c01ba0 53c01ba0 
000126c0: 54001ba0 55001ba0 54401ba0 55401ba0 
000126d0: 56001ba0 57001ba0 56401ba0 57401ba0 
000126e0: 54801ba0 55801ba0 54c01ba0 55c01ba0 
000126f0: 56801ba0 57801ba0 56c01ba0 57c01ba0 
00012700: 58001aa0 59001aa0 58401aa0 59401aa0 
00012710: 5a001aa0 5b001aa0 5a401aa0 5b401aa0 
00012720: 58801aa0 59801aa0 58c01aa0 59c01aa0 
00012730: 5a801aa0 5b801aa0 5ac01aa0 5bc01aa0 
00012740: 5c001aa0 5d001aa0 5c401aa0 5d401aa0 
00012750: 5e001aa0 5f001aa0 5e401aa0 5f401aa0 
00012760: 5c801aa0 5d801aa0 5cc01aa0 5dc01aa0 
00012770: 5e801aa0 5f801aa0 5ec01aa0 5fc01aa0 
00012780: 58001ba0 59001ba0 58401ba0 59401ba0 
00012790: 5a001ba0 5b001ba0 5a401ba0 5b401ba0 
000127a0: 58801ba0 59801ba0 58c01ba0 59c01ba0 
000127b0: 5a801ba0 5b801ba0 5ac01ba0 5bc01ba0 
000127c0: 5c001ba0 5d001ba0 5c401ba0 5d401ba0 
000127d0: 5e001ba0 5f001ba0 5e401ba0 5f401ba0 
000127e0: 5c801ba0 5d801ba0 5cc01ba0 5dc01ba0 
000127f0: 5e801ba0 5f801ba0 5ec01ba0 5fc01ba0 
00012800: 40001ca0 41001ca0 40401ca0 41401ca0 
00012810: 42001ca0 43001ca0 42401ca0 43401ca0 
00012820: 40801ca0 41801ca0 40c01ca0 41c01ca0 
00012830: 42801ca0 43801ca0 42c01ca0 43c01ca0 
00012840: 44001ca0 45001ca0 44401ca0 45401ca0 
00012850: 46001ca0 47001ca0 46401ca0 47401ca0 
00012860: 44801ca0 45801ca0 44c01ca0 45c01ca0 
00012870: 46801ca0 47801ca0 46c01ca0 47c01ca0 
00012880: 40001da0 41001da0 40401da0 41401da0 
00012890: 42001da0 43001da0 42401da0 43401da0 
000128a0: 40801da0 41801da0 40c01da0 41c01da0 
000128b0: 42801da0 43801da0 42c01da0 43c01da0 
000128c0: 44001da0 45001da0 44401da0 45401da0 
000128d0: 46001da0 47001da0 46401da0 47401da0 
000128e0: 44801da0 45801da0 44c01da0 45c01da0 
000128f0: 46801da0 47801da0 46c01da0 47c01da0 
00012900: 48001ca0 49001ca0 48401ca0 49401ca0 
00012910: 4a001ca0 4b001ca0 4a401ca0 4b401ca0 
00012920: 48801ca0 49801ca0 48c01ca0 49c01ca0 
00012930: 4a801ca0 4b801ca0 4ac01ca0 4bc01ca0 
00012940: 4c001ca0 4d001ca0 4c401ca0 4d401ca0 
00012950: 4e001ca0 4f001ca0 4e401ca0 4f401ca0 
00012960: 4c801ca0 4d801ca0 4cc01ca0 4dc01ca0 
00012970: 4e801ca0 4f801ca0 4ec01ca0 4fc01ca0 
00012980: 48001da0 49001da0 48401da0 49401da0 
00012990: 4a001da0 4b001da0 4a401da0 4b401da0 
000129a0: 48801da0 49801da0 48c01da0 49c01da0 
000129b0: 4a801da0 4b801da0 4ac01da0 4bc01da0 
000129c0: 4c001da0 4d001da0 4c401da0 4d401da0 
000129d0: 4e001da0 4f001da0 4e401da0 4f401da0 
000129e0: 4c801da0 4d801da0 4cc01da0 4dc01da0 
000129f0: 4e801da0 4f801da0 4ec01da0 4fc01da0 
00012a00: 40001ea0 41001ea0 40401ea0 41401ea0 
00012a10: 42001ea0 43001ea0 42401ea0 43401ea0 
00012a20: 40801ea0 41801ea0 40c01ea0 41c01ea0 
00012a30: 42801ea0 43801ea0 42c01ea0 43c01ea0 
00012a40: 44001ea0 45001ea0 44401ea0 45401ea0 
00012a50: 46001ea0 47001ea0 46401ea0 47401ea0 
00012a60: 44801ea0 45801ea0 44c01ea0 45c01ea0 
00012a70: 46801ea0 47801ea0 46c01ea0 47c01ea0 
00012a80: 40001fa0 41001fa0 40401fa0 41401fa0 
00012a90: 42001fa0 43001fa0 42401fa0 43401fa0 
00012aa0: 40801fa0 41801fa0 40c01fa0 41c01fa0 
00012ab0: 42801fa0 43801fa0 42c01fa0 43c01fa0 
00012ac0: 44001fa0 45001fa0 44401fa0 45401fa0 
00012ad0: 46001fa0 47001fa0 46401fa0 47401fa0 
00012ae0: 44801fa0 45801fa0 44c01fa0 45c01fa0 
00012af0: 46801fa0 47801fa0 46c01fa0 47c01fa0 
00012b00: 48001ea0 49001ea0 48401ea0 49401ea0 
00012b10: 4a001ea0 4b001ea0 4a401ea0 4b401ea0 
00012b20: 48801ea0 49801ea0 48c01ea0 49c01ea0 
00012b30: 4a801ea0 4b801ea0 4ac01ea0 4bc01ea0 
00012b40: 4c001ea0 4d001ea0 4c401ea0 4d401ea0 
00012b50: 4e001ea0 4f001ea0 4e401ea0 4f401ea0 
00012b60: 4c801ea0 4d801ea0 4cc01ea0 4dc01ea0 
00012b70: 4e801ea0 4f801ea0 4ec01ea0 4fc01ea0 
00012b80: 48001fa0 49001fa0 48401fa0 49401fa0 
00012b90: 4a001fa0 4b001fa0 4a401fa0 4b401fa0 
00012ba0: 48801fa0 49801fa0 48c01fa0 49c01fa0 
00012bb0: 4a801fa0 4b801fa0 4ac01fa0 4bc01fa0 
00012bc0: 4c001fa0 4d001fa0 4c401fa0 4d401fa0 
00012bd0: 4e001fa0 4f001fa0 4e401fa0 4f401fa0 
00012be0: 4c801fa0 4d801fa0 4cc01fa0 4dc01fa0 
00012bf0: 4e801fa0 4f801fa0 4ec01fa0 4fc01fa0 
00012c00: 50001ca0 51001ca0 50401ca0 51401ca0 
00012c10: 52001ca0 53001ca0 52401ca0 53401ca0 
00012c20: 50801ca0 51801ca0 50c01ca0 51c01ca0 
00012c30: 52801ca0 53801ca0 52c01ca0 53c01ca0 
00012c40: 54001ca0 55001ca0 54401ca0 55401ca0 
00012c50: 56001ca0 57001ca0 56401ca0 57401ca0 
00012c60: 54801ca0 55801ca0 54c01ca0 55c01ca0 
00012c70: 56801ca0 57801ca0 56c01ca0 57c01ca0 
00012c80: 50001da0 51001da0 50401da0 51401da0 
00012c90: 52001da0 53001da0 52401da0 53401da0 
00012ca0: 50801da0 51801da0 50c01da0 51c01da0 
00012cb0: 52801da0 53801da0 52c01da0 53c01da0 
00012cc0: 54001da0 55001da0 54401da0 55401da0 
00012cd0: 56001da0 57001da0 56401da0 57401da0 
00012ce0: 54801da0 55801da0 54c01da0 55c01da0 
00012cf0: 56801da0 57801da0 56c01da0 57c01da0 
00012d00: 58001ca0 59001ca0 58401ca0 59401ca0 
00012d10: 5a001ca0 5b001ca0 5a401ca0 5b401ca0 
00012d20: 58801ca0 59801ca0 58c01ca0 59c01ca0 
00012d30: 5a801ca0 5b801ca0 5ac01ca0 5bc01ca0 
00012d40: 5c001ca0 5d001ca0 5c401ca0 5d401ca0 
00012d50: 5e001ca0 5f001ca0 5e401ca0 5f401ca0 
00012d60: 5c801ca0 5d801ca0 5cc01ca0 5dc01ca0 
00012d70: 5e801ca0 5f801ca0 5ec01ca0 5fc01ca0 
00012d80: 58001da0 59001da0 58401da0 59401da0 
00012d90: 5a001da0 5b001da0 5a401da0 5b401da0 
00012da0: 58801da0 59801da0 58c01da0 59c01da0 
00012db0: 5a801da0 5b801da0 5ac01da0 5bc01da0 
00012dc0: 5c001da0 5d001da0 5c401da0 5d401da0 
00012dd0: 5e001da0 5f001da0 5e401da0 5f401da0 
00012de0: 5c801da0 5d801da0 5cc01da0 5dc01da0 
00012df0: 5e801da0 5f801da0 5ec01da0 5fc01da0 
00012e00: 50001ea0 51001ea0 50401ea0 51401ea0 
00012e10: 52001ea0 53001ea0 52401ea0 53401ea0 
00012e20: 50801ea0 51801ea0 50c01ea0 51c01ea0 
00012e30: 52801ea0 53801ea0 52c01ea0 53c01ea0 
00012e40: 54001ea0 55001ea0 54401ea0 55401ea0 
00012e50: 56001ea0 57001ea0 56401ea0 57401ea0 
00012e60: 54801ea0 55801ea0 54c01ea0 55c01ea0 
00012e70: 56801ea0 57801ea0 56c01ea0 57c01ea0 
00012e80: 50001fa0 51001fa0 50401fa0 51401fa0 
00012e90: 52001fa0 53001fa0 52401fa0 53401fa0 
00012ea0: 50801fa0 51801fa0 50c01fa0 51c01fa0 
00012eb0: 52801fa0 53801fa0 52c01fa0 53c01fa0 
00012ec0: 54001fa0 55001fa0 54401fa0 55401fa0 
00012ed0: 56001fa0 57001fa0 56401fa0 57401fa0 
00012ee0: 54801fa0 55801fa0 54c01fa0 55c01fa0 
00012ef0: 56801fa0 57801fa0 56c01fa0 57c01fa0 
00012f00: 58001ea0 59001ea0 58401ea0 59401ea0 
00012f10: 5a001ea0 5b001ea0 5a401ea0 5b401ea0 
00012f20: 58801ea0 59801ea0 58c01ea0 59c01ea0 
00012f30: 5a801ea0 5b801ea0 5ac01ea0 5bc01ea0 
00012f40: 5c001ea0 5d001ea0 5c401ea0 5d401ea0 
00012f50: 5e001ea0 5f001ea0 5e401ea0 5f401ea0 
00012f60: 5c801ea0 5d801ea0 5cc01ea0 5dc01ea0 
00012f70: 5e801ea0 5f801ea0 5ec01ea0 5fc01ea0 
00012f80: 58001fa0 59001fa0 58401fa0 59401fa0 
00012f90: 5a001fa0 5b001fa0 5a401fa0 5b401fa0 
00012fa0: 58801fa0 59801fa0 58c01fa0 59c01fa0 
00012fb0: 5a801fa0 5b801fa0 5ac01fa0 5bc01fa0 
00012fc0: 5c001fa0 5d001fa0 5c401fa0 5d401fa0 
00012fd0: 5e001fa0 5f001fa0 5e401fa0 5f401fa0 
00012fe0: 5c801fa0 5d801fa0 5cc01fa0 5dc01fa0 
00012ff0: 5e801fa0 5f801fa0 5ec01fa0 5fc01fa0 
00013000: 600018a0 610018a0 604018a0 614018a0 
00013010: 620018a0 630018a0 624018a0 634018a0 
00013020: 608018a0 618018a0 60c018a0 61c018a0 
00013030: 628018a0 638018a0 62c018a0 63c018a0 
00013040: 640018a0 650018a0 644018a0 654018a0 
00013050: 660018a0 670018a0 664018a0 674018a0 
00013060: 648018a0 658018a0 64c018a0 65c018a0 
00013070: 668018a0 678018a0 66c018a0 67c018a0 
00013080: 600019a0 610019a0 604019a0 614019a0 
00013090: 620019a0 630019a0 624019a0 634019a0 
000130a0: 608019a0 618019a0 60c019a0 61c019a0 
000130b0: 628019a0 638019a0 62c019a0 63c019a0 
000130c0: 640019a0 650019a0 644019a0 654019a0 
000130d0: 660019a0 670019a0 664019a0 674019a0 
000130e0: 648019a0 658019a0 64c019a0 65c019a0 
000130f0: 668019a0 678019a0 66c019a0 67c019a0 
00013100: 680018a0 690018a0 684018a0 694018a0 
00013110: 6a0018a0 6b0018a0 6a4018a0 6b4018a0 
00013120: 688018a0 698018a0 68c018a0 69c018a0 
00013130: 6a8018a0 6b8018a0 6ac018a0 6bc018a0 
00013140: 6c0018a0 6d0018a0 6c4018a0 6d4018a0 
00013150: 6e0018a0 6f0018a0 6e4018a0 6f4018a0 
00013160: 6c8018a0 6d8018a0 6cc018a0 6dc018a0 
00013170: 6e8018a0 6f8018a0 6ec018a0 6fc018a0 
00013180: 680019a0 690019a0 684019a0 694019a0 
00013190: 6a0019a0 6b0019a0 6a4019a0 6b4019a0 
000131a0: 688019a0 698019a0 68c019a0 69c019a0 
000131b0: 6a8019a0 6b8019a0 6ac019a0 6bc019a0 
000131c0: 6c0019a0 6d0019a0 6c4019a0 6d4019a0 
000131d0: 6e0019a0 6f0019a0 6e4019a0 6f4019a0 
000131e0: 6c8019a0 6d8019a0 6cc019a0 6dc019a0 
000131f0: 6e8019a0 6f8019a0 6ec019a0 6fc019a0 
00013200: 60001aa0 61001aa0 60401aa0 61401aa0 
00013210: 62001aa0 63001aa0 62401aa0 63401aa0 
00013220: 60801aa0 61801aa0 60c01aa0 61c01aa0 
00013230: 62801aa0 63801aa0 62c01aa0 63c01aa0 
00013240: 64001aa0 65001aa0 64401aa0 65401aa0 
00013250: 66001aa0 67001aa0 66401aa0 67401aa0 
00013260: 64801aa0 65801aa0 64c01aa0 65c01aa0 
00013270: 66801aa0 67801aa0 66c01aa0 67c01aa0 
00013280: 60001ba0 61001ba0 60401ba0 61401ba0 
00013290: 62001ba0 63001ba0 62401ba0 63401ba0 
000132a0: 60801ba0 61801ba0 60c01ba0 61c01ba0 
000132b0: 62801ba0 63801ba0 62c01ba0 63c01ba0 
000132c0: 64001ba0 65001ba0 64401ba0 65401ba0 
000132d0: 66001ba0 67001ba0 66401ba0 67401ba0 
000132e0: 64801ba0 65801ba0 64c01ba0 65c01ba0 
000132f0: 66801ba0 67801ba0 66c01ba0 67c01ba0 
00013300: 68001aa0 69001aa0 68401aa0 69401aa0 
00013310: 6a001aa0 6b001aa0 6a401aa0 6b401aa0 
00013320: 68801aa0 69801aa0 68c01aa0 69c01aa0 
00013330: 6a801aa0 6b801aa0 6ac01aa0 6bc01aa0 
00013340: 6c001aa0 6d001aa0 6c401aa0 6d401aa0 
00013350: 6e001aa0 6f001aa0 6e401aa0 6f401aa0 
00013360: 6c801aa0 6d801aa0 6cc01aa0 6dc01aa0 
00013370: 6e801aa0 6f801aa0 6ec01aa0 6fc01aa0 
00013380: 68001ba0 69001ba0 68401ba0 69401ba0 
00013390: 6a001ba0 6b001ba0 6a401ba0 6b401ba0 
000133a0: 68801ba0 69801ba0 68c01ba0 69c01ba0 
000133b0: 6a801ba0 6b801ba0 6ac01ba0 6bc01ba0 
000133c0: 6c001ba0 6d001ba0 6c401ba0 6d401ba0 
000133d0: 6e001ba0 6f001ba0 6e401ba0 6f401ba0 
000133e0: 6c801ba0 6d801ba0 6cc01ba0 6dc01ba0 
000133f0: 6e801ba0 6f801ba0 6ec01ba0 6fc01ba0 
00013400: 700018a0 710018a0 704018a0 714018a0 
00013410: 720018a0 730018a0 724018a0 734018a0 
00013420: 708018a0 718018a0 70c018a0 71c018a0 
00013430: 728018a0 738018a0 72c018a0 73c018a0 
00013440: 740018a0 750018a0 744018a0 754018a0 
00013450: 760018a0 770018a0 764018a0 774018a0 
00013460: 748018a0 758018a0 74c018a0 75c018a0 
00013470: 768018a0 778018a0 76c018a0 77c018a0 
00013480: 700019a0 710019a0 704019a0 714019a0 
00013490: 720019a0 730019a0 724019a0 734019a0 
000134a0: 708019a0 718019a0 70c019a0 71c019a0 
000134b0: 728019a0 738019a0 72c019a0 73c019a0 
000134c0: 740019a0 750019a0 744019a0 754019a0 
000134d0: 760019a0 770019a0 764019a0 774019a0 
000134e0: 748019a0 758019a0 74c019a0 75c019a0 
000134f0: 768019a0 778019a0 76c019a0 77c019a0 
00013500: 780018a0 790018a0 784018a0 794018a0 
00013510: 7a0018a0 7b0018a0 7a4018a0 7b4018a0 
00013520: 788018a0 798018a0 78c018a0 79c018a0 
00013530: 7a8018a0 7b8018a0 7ac018a0 7bc018a0 
00013540: 7c0018a0 7d0018a0 7c4018a0 7d4018a0 
00013550: 7e0018a0 7f0018a0 7e4018a0 7f4018a0 
00013560: 7c8018a0 7d8018a0 7cc018a0 7dc018a0 
00013570: 7e8018a0 7f8018a0 7ec018a0 7fc018a0 
00013580: 780019a0 790019a0 784019a0 794019a0 
00013590: 7a0019a0 7b0019a0 7a4019a0 7b4019a0 
000135a0: 788019a0 798019a0 78c019a0 79c019a0 
000135b0: 7a8019a0 7b8019a0 7ac019a0 7bc019a0 
000135c0: 7c0019a0 7d0019a0 7c4019a0 7d4019a0 
000135d0: 7e0019a0 7f0019a0 7e4019a0 7f4019a0 
000135e0: 7c8019a0 7d8019a0 7cc019a0 7dc019a0 
000135f0: 7e8019a0 7f8019a0 7ec019a0 7fc019a0 
00013600: 70001aa0 71001aa0 70401aa0 71401aa0 
00013610: 72001aa0 73001aa0 72401aa0 73401aa0 
00013620: 70801aa0 71801aa0 70c01aa0 71c01aa0 
00013630: 72801aa0 73801aa0 72c01aa0 73c01aa0 
00013640: 74001aa0 75001aa0 74401aa0 75401aa0 
00013650: 76001aa0 77001aa0 76401aa0 77401aa0 
00013660: 74801aa0 75801aa0 74c01aa0 75c01aa0 
00013670: 76801aa0 77801aa0 76c01aa0 77c01aa0 
00013680: 70001ba0 71001ba0 70401ba0 71401ba0 
00013690: 72001ba0 73001ba0 72401ba0 73401ba0 
000136a0: 70801ba0 71801ba0 70c01ba0 71c01ba0 
000136b0: 72801ba0 73801ba0 72c01ba0 73c01ba0 
000136c0: 74001ba0 75001ba0 74401ba0 75401ba0 
000136d0: 76001ba0 77001ba0 76401ba0 77401ba0 
000136e0: 74801ba0 75801ba0 74c01ba0 75c01ba0 
000136f0: 76801ba0 77801ba0 76c01ba0 77c01ba0 
00013700: 78001aa0 79001aa0 78401aa0 79401aa0 
00013710: 7a001aa0 7b001aa0 7a401aa0 7b401aa0 
00013720: 78801aa0 79801aa0 78c01aa0 79c01aa0 
00013730: 7a801aa0 7b801aa0 7ac01aa0 7bc01aa0 
00013740: 7c001aa0 7d001aa0 7c401aa0 7d401aa0 
00013750: 7e001aa0 7f001aa0 7e401aa0 7f401aa0 
00013760: 7c801aa0 7d801aa0 7cc01aa0 7dc01aa0 
00013770: 7e801aa0 7f801aa0 7ec01aa0 7fc01aa0 
00013780: 78001ba0 79001ba0 78401ba0 79401ba0 
00013790: 7a001ba0 7b001ba0 7a401ba0 7b401ba0 
000137a0: 78801ba0 79801ba0 78c01ba0 79c01ba0 
000137b0: 7a801ba0 7b801ba0 7ac01ba0 7bc01ba0 
000137c0: 7c001ba0 7d001ba0 7c401ba0 7d401ba0 
000137d0: 7e001ba0 7f001ba0 7e401ba0 7f401ba0 
000137e0: 7c801ba0 7d801ba0 7cc01ba0 7dc01ba0 
000137f0: 7e801ba0 7f801ba0 7ec01ba0 7fc01ba0 
00013800: 60001ca0 61001ca0 60401ca0 61401ca0 
00013810: 62001ca0 63001ca0 62401ca0 63401ca0 
00013820: 60801ca0 61801ca0 60c01ca0 61c01ca0 
00013830: 62801ca0 63801ca0 62c01ca0 63c01ca0 
00013840: 64001ca0 65001ca0 64401ca0 65401ca0 
00013850: 66001ca0 67001ca0 66401ca0 67401ca0 
00013860: 64801ca0 65801ca0 64c01ca0 65c01ca0 
00013870: 66801ca0 67801ca0 66c01ca0 67c01ca0 
00013880: 60001da0 61001da0 60401da0 61401da0 
00013890: 62001da0 63001da0 62401da0 63401da0 
000138a0: 60801da0 61801da0 60c01da0 61c01da0 
000138b0: 62801da0 63801da0 62c01da0 63c01da0 
000138c0: 64001da0 65001da0 64401da0 65401da0 
000138d0: 66001da0 67001da0 66401da0 67401da0 
000138e0: 64801da0 65801da0 64c01da0 65c01da0 
000138f0: 66801da0 67801da0 66c01da0 67c01da0 
00013900: 68001ca0 69001ca0 68401ca0 69401ca0 
00013910: 6a001ca0 6b001ca0 6a401ca0 6b401ca0 
00013920: 68801ca0 69801ca0 68c01ca0 69c01ca0 
00013930: 6a801ca0 6b801ca0 6ac01ca0 6bc01ca0 
00013940: 6c001ca0 6d001ca0 6c401ca0 6d401ca0 
00013950: 6e001ca0 6f001ca0 6e401ca0 6f401ca0 
00013960: 6c801ca0 6d801ca0 6cc01ca0 6dc01ca0 
00013970: 6e801ca0 6f801ca0 6ec01ca0 6fc01ca0 
00013980: 68001da0 69001da0 68401da0 69401da0 
00013990: 6a001da0 6b001da0 6a401da0 6b401da0 
000139a0: 68801da0 69801da0 68c01da0 69c01da0 
000139b0: 6a801da0 6b801da0 6ac01da0 6bc01da0 
000139c0: 6c001da0 6d001da0 6c401da0 6d401da0 
000139d0: 6e001da0 6f001da0 6e401da0 6f401da0 
000139e0: 6c801da0 6d801da0 6cc01da0 6dc01da0 
000139f0: 6e801da0 6f801da0 6ec01da0 6fc01da0 
00013a00: 60001ea0 61001ea0 60401ea0 61401ea0 
00013a10: 62001ea0 63001ea0 62401ea0 63401ea0 
00013a20: 60801ea0 61801ea0 60c01ea0 61c01ea0 
00013a30: 62801ea0 63801ea0 62c01ea0 63c01ea0 
00013a40: 64001ea0 65001ea0 64401ea0 65401ea0 
00013a50: 66001ea0 67001ea0 66401ea0 67401ea0 
00013a60: 64801ea0 65801ea0 64c01ea0 65c01ea0 
00013a70: 66801ea0 67801ea0 66c01ea0 67c01ea0 
00013a80: 60001fa0 61001fa0 60401fa0 61401fa0 
00013a90: 62001fa0 63001fa0 62401fa0 63401fa0 
00013aa0: 60801fa0 61801fa0 60c01fa0 61c01fa0 
00013ab0: 62801fa0 63801fa0 62c01fa0 63c01fa0 
00013ac0: 64001fa0 65001fa0 64401fa0 65401fa0 
00013ad0: 66001fa0 67001fa0 66401fa0 67401fa0 
00013ae0: 64801fa0 65801fa0 64c01fa0 65c01fa0 
00013af0: 66801fa0 67801fa0 66c01fa0 67c01fa0 
00013b00: 68001ea0 69001ea0 68401ea0 69401ea0 
00013b10: 6a001ea0 6b001ea0 6a401ea0 6b401ea0 
00013b20: 68801ea0 69801ea0 68c01ea0 69c01ea0 
00013b30: 6a801ea0 6b801ea0 6ac01ea0 6bc01ea0 
00013b40: 6c001ea0 6d001ea0 6c401ea0 6d401ea0 
00013b50: 6e001ea0 6f001ea0 6e401ea0 6f401ea0 
00013b60: 6c801ea0 6d801ea0 6cc01ea0 6dc01ea0 
00013b70: 6e801ea0 6f801ea0 6ec01ea0 6fc01ea0 
00013b80: 68001fa0 69001fa0 68401fa0 69401fa0 
00013b90: 6a001fa0 6b001fa0 6a401fa0 6b401fa0 
00013ba0: 68801fa0 69801fa0 68c01fa0 69c01fa0 
00013bb0: 6a801fa0 6b801fa0 6ac01fa0 6bc01fa0 
00013bc0: 6c001fa0 6d001fa0 6c401fa0 6d401fa0 
00013bd0: 6e001fa0 6f001fa0 6e401fa0 6f401fa0 
00013be0: 6c801fa0 6d801fa0 6cc01fa0 6dc01fa0 
00013bf0: 6e801fa0 6f801fa0 6ec01fa0 6fc01fa0 
00013c00: 70001ca0 71001ca0 70401ca0 71401ca0 
00013c10: 72001ca0 73001ca0 72401ca0 73401ca0 
00013c20: 70801ca0 71801ca0 70c01ca0 71c01ca0 
00013c30: 72801ca0 73801ca0 72c01ca0 73c01ca0 
00013c40: 74001ca0 75001ca0 74401ca0 75401ca0 
00013c50: 76001ca0 77001ca0 76401ca0 77401ca0 
00013c60: 74801ca0 75801ca0 74c01ca0 75c01ca0 
00013c70: 76801ca0 77801ca0 76c01ca0 77c01ca0 
00013c80: 70001da0 71001da0 70401da0 71401da0 
00013c90: 72001da0 73001da0 72401da0 73401da0 
00013ca0: 70801da0 71801da0 70c01da0 71c01da0 
00013cb0: 72801da0 73801da0 72c01da0 73c01da0 
00013cc0: 74001da0 75001da0 74401da0 75401da0 
00013cd0: 76001da0 77001da0 76401da0 77401da0 
00013ce0: 74801da0 75801da0 74c01da0 75c01da0 
00013cf0: 76801da0 77801da0 76c01da0 77c01da0 
00013d00: 78001ca0 79001ca0 78401ca0 79401ca0 
00013d10: 7a001ca0 7b001ca0 7a401ca0 7b401ca0 
00013d20: 78801ca0 79801ca0 78c01ca0 79c01ca0 
00013d30: 7a801ca0 7b801ca0 7ac01ca0 7bc01ca0 
00013d40: 7c001ca0 7d001ca0 7c401ca0 7d401ca0 
00013d50: 7e001ca0 7f001ca0 7e401ca0 7f401ca0 
00013d60: 7c801ca0 7d801ca0 7cc01ca0 7dc01ca0 
00013d70: 7e801ca0 7f801ca0 7ec01ca0 7fc01ca0 
00013d80: 78001da0 79001da0 78401da0 79401da0 
00013d90: 7a001da0 7b001da0 7a401da0 7b401da0 
00013da0: 78801da0 79801da0 78c01da0 79c01da0 
00013db0: 7a801da0 7b801da0 7ac01da0 7bc01da0 
00013dc0: 7c001da0 7d001da0 7c401da0 7d401da0 
00013dd0: 7e001da0 7f001da0 7e401da0 7f401da0 
00013de0: 7c801da0 7d801da0 7cc01da0 7dc01da0 
00013df0: 7e801da0 7f801da0 7ec01da0 7fc01da0 
00013e00: 70001ea0 71001ea0 70401ea0 71401ea0 
00013e10: 72001ea0 73001ea0 72401ea0 73401ea0 
00013e20: 70801ea0 71801ea0 70c01ea0 71c01ea0 
00013e30: 72801ea0 73801ea0 72c01ea0 73c01ea0 
00013e40: 74001ea0 75001ea0 74401ea0 75401ea0 
00013e50: 76001ea0 77001ea0 76401ea0 77401ea0 
00013e60: 74801ea0 75801ea0 74c01ea0 75c01ea0 
00013e70: 76801ea0 77801ea0 76c01ea0 77c01ea0 
00013e80: 70001fa0 71001fa0 70401fa0 71401fa0 
00013e90: 72001fa0 73001fa0 72401fa0 73401fa0 
00013ea0: 70801fa0 71801fa0 70c01fa0 71c01fa0 
00013eb0: 72801fa0 73801fa0 72c01fa0 73c01fa0 
00013ec0: 74001fa0 75001fa0 74401fa0 75401fa0 
00013ed0: 76001fa0 77001fa0 76401fa0 77401fa0 
00013ee0: 74801fa0 75801fa0 74c01fa0 75c01fa0 
00013ef0: 76801fa0 77801fa0 76c01fa0 77c01fa0 
00013f00: 78001ea0 79001ea0 78401ea0 79401ea0 
00013f10: 7a001ea0 7b001ea0 7a401ea0 7b401ea0 
00013f20: 78801ea0 79801ea0 78c01ea0 79c01ea0 
00013f30: 7a801ea0 7b801ea0 7ac01ea0 7bc01ea0 
00013f40: 7c001ea0 7d001ea0 7c401ea0 7d401ea0 
00013f50: 7e001ea0 7f001ea0 7e401ea0 7f401ea0 
00013f60: 7c801ea0 7d801ea0 7cc01ea0 7dc01ea0 
00013f70: 7e801ea0 7f801ea0 7ec01ea0 7fc01ea0 
00013f80: 78001fa0 79001fa0 78401fa0 79401fa0 
00013f90: 7a001fa0 7b001fa0 7a401fa0 7b401fa0 
00013fa0: 78801fa0 79801fa0 78c01fa0 79c01fa0 
00013fb0: 7a801fa0 7b801fa0 7ac01fa0 7bc01fa0 
00013fc0: 7c001fa0 7d001fa0 7c401fa0 7d401fa0 
00013fd0: 7e001fa0 7f001fa0 7e401fa0 7f401fa0 
00013fe0: 7c801fa0 7d801fa0 7cc01fa0 7dc01fa0 
00013ff0: 7e801fa0 7f801fa0 7ec01fa0 7fc01fa0 
00014000: 800010a0 810010a0 804010a0 814010a0 
00014010: 820010a0 830010a0 824010a0 834010a0 
00014020: 808010a0 818010a0 80c010a0 81c010a0 
00014030: 828010a0 838010a0 82c010a0 83c010a0 
00014040: 840010a0 850010a0 844010a0 854010a0 
00014050: 860010a0 870010a0 864010a0 874010a0 
00014060: 848010a0 858010a0 84c010a0 85c010a0 
00014070: 868010a0 878010a0 86c010a0 87c010a0 
00014080: 800011a0 810011a0 804011a0 814011a0 
00014090: 820011a0 830011a0 824011a0 834011a0 
000140a0: 808011a0 818011a0 80c011a0 81c011a0 
000140b0: 828011a0 838011a0 82c011a0 83c011a0 
000140c0: 840011a0 850011a0 844011a0 854011a0 
000140d0: 860011a0 870011a0 864011a0 874011a0 
000140e0: 848011a0 858011a0 84c011a0 85c011a0 
000140f0: 868011a0 878011a0 86c011a0 87c011a0 
00014100: 880010a0 890010a0 884010a0 894010a0 
00014110: 8a0010a0 8b0010a0 8a4010a0 8b4010a0 
00014120: 888010a0 898010a0 88c010a0 89c010a0 
00014130: 8a8010a0 8b8010a0 8ac010a0 8bc010a0 
00014140: 8c0010a0 8d0010a0 8c4010a0 8d4010a0 
00014150: 8e0010a0 8f0010a0 8e4010a0 8f4010a0 
00014160: 8c8010a0 8d8010a0 8cc010a0 8dc010a0 
00014170: 8e8010a0 8f8010a0 8ec010a0 8fc010a0 
00014180: 880011a0 890011a0 884011a0 894011a0 
00014190: 8a0011a0 8b0011a0 8a4011a0 8b4011a0 
000141a0: 888011a0 898011a0 88c011a0 89c011a0 
000141b0: 8a8011a0 8b8011a0 8ac011a0 8bc011a0 
000141c0: 8c0011a0 8d0011a0 8c4011a0 8d4011a0 
000141d0: 8e0011a0 8f0011a0 8e4011a0 8f4011a0 
000141e0: 8c8011a0 8d8011a0 8cc011a0 8dc011a0 
000141f0: 8e8011a0 8f8011a0 8ec011a0 8fc011a0 
00014200: 800012a0 810012a0 804012a0 814012a0 
00014210: 820012a0 830012a0 824012a0 834012a0 
00014220: 808012a0 818012a0 80c012a0 81c012a0 
00014230: 828012a0 838012a0 82c012a0 83c012a0 
00014240: 840012a0 850012a0 844012a0 854012a0 
00014250: 860012a0 870012a0 864012a0 874012a0 
00014260: 848012a0 858012a0 84c012a0 85c012a0 
00014270: 868012a0 878012a0 86c012a0 87c012a0 
00014280: 800013a0 810013a0 804013a0 814013a0 
00014290: 820013a0 830013a0 824013a0 834013a0 
000142a0: 808013a0 818013a0 80c013a0 81c013a0 
000142b0: 828013a0 838013a0 82c013a0 83c013a0 
000142c0: 840013a0 850013a0 844013a0 854013a0 
000142d0: 860013a0 870013a0 864013a0 874013a0 
000142e0: 848013a0 858013a0 84c013a0 85c013a0 
000142f0: 868013a0 878013a0 86c013a0 87c013a0 
00014300: 880012a0 890012a0 884012a0 894012a0 
00014310: 8a0012a0 8b0012a0 8a4012a0 8b4012a0 
00014320: 888012a0 898012a0 88c012a0 89c012a0 
00014330: 8a8012a0 8b8012a0 8ac012a0 8bc012a0 
00014340: 8c0012a0 8d0012a0 8c4012a0 8d4012a0 
00014350: 8e0012a0 8f0012a0 8e4012a0 8f4012a0 
00014360: 8c8012a0 8d8012a0 8cc012a0 8dc012a0 
00014370: 8e8012a0 8f8012a0 8ec012a0 8fc012a0 
00014380: 880013a0 890013a0 884013a0 894013a0 
00014390: 8a0013a0 8b0013a0 8a4013a0 8b4013a0 
000143a0: 888013a0 898013a0 88c013a0 89c013a0 
000143b0: 8a8013a0 8b8013a0 8ac013a0 8bc013a0 
000143c0: 8c0013a0 8d0013a0 8c4013a0 8d4013a0 
000143d0: 8e0013a0 8f0013a0 8e4013a0 8f4013a0 
000143e0: 8c8013a0 8d8013a0 8cc013a0 8dc013a0 
000143f0: 8e8013a0 8f8013a0 8ec013a0 8fc013a0 
00014400: 900010a0 910010a0 904010a0 914010a0 
00014410: 920010a0 930010a0 924010a0 934010a0 
00014420: 908010a0 918010a0 90c010a0 91c010a0 
00014430: 928010a0 938010a0 92c010a0 93c010a0 
00014440: 940010a0 950010a0 944010a0 954010a0 
00014450: 960010a0 970010a0 964010a0 974010a0 
00014460: 948010a0 958010a0 94c010a0 95c010a0 
00014470: 968010a0 978010a0 96c010a0 97c010a0 
00014480: 900011a0 910011a0 904011a0 914011a0 
00014490: 920011a0 930011a0 924011a0 934011a0 
000144a0: 908011a0 918011a0 90c011a0 91c011a0 
000144b0: 928011a0 938011a0 92c011a0 93c011a0 
000144c0: 940011a0 950011a0 944011a0 954011a0 
000144d0: 960011a0 970011a0 964011a0 974011a0 
000144e0: 948011a0 958011a0 94c011a0 95c011a0 
000144f0: 968011a0 978011a0 96c011a0 97c011a0 
00014500: 980010a0 990010a0 984010a0 994010a0 
00014510: 9a0010a0 9b0010a0 9a4010a0 9b4010a0 
00014520: 988010a0 998010a0 98c010a0 99c010a0 
00014530: 9a8010a0 9b8010a0 9ac010a0 9bc010a0 
00014540: 9c0010a0 9d0010a0 9c4010a0 9d4010a0 
00014550: 9e0010a0 9f0010a0 9e4010a0 9f4010a0 
00014560: 9c8010a0 9d8010a0 9cc010a0 9dc010a0 
00014570: 9e8010a0 9f8010a0 9ec010a0 9fc010a0 
00014580: 980011a0 990011a0 984011a0 994011a0 
00014590: 9a0011a0 9b0011a0 9a4011a0 9b4011a0 
000145a0: 988011a0 998011a0 98c011a0 99c011a0 
000145b0: 9a8011a0 9b8011a0 9ac011a0 9bc011a0 
000145c0: 9c0011a0 9d0011a0 9c4011a0 9d4011a0 
000145d0: 9e0011a0 9f0011a0 9e4011a0 9f4011a0 
000145e0: 9c8011a0 9d8011a0 9cc011a0 9dc011a0 
000145f0: 9e8011a0 9f8011a0 9ec011a0 9fc011a0 
00014600: 900012a0 910012a0 904012a0 914012a0 
00014610: 920012a0 930012a0 924012a0 934012a0 
00014620: 908012a0 918012a0 90c012a0 91c012a0 
00014630: 928012a0 938012a0 92c012a0 93c012a0 
00014640: 940012a0 950012a0 944012a0 954012a0 
00014650: 960012a0 970012a0 964012a0 974012a0 
00014660: 948012a0 958012a0 94c012a0 95c012a0 
00014670: 968012a0 978012a0 96c012a0 97c012a0 
00014680: 900013a0 910013a0 904013a0 914013a0 
00014690: 920013a0 930013a0 924013a0 934013a0 
000146a0: 908013a0 918013a0 90c013a0 91c013a0 
000146b0: 928013a0 938013a0 92c013a0 93c013a0 
000146c0: 940013a0 950013a0 944013a0 954013a0 
000146d0: 960013a0 970013a0 964013a0 974013a0 
000146e0: 948013a0 958013a0 94c013a0 95c013a0 
000146f0: 968013a0 978013a0 96c013a0 97c013a0 
00014700: 980012a0 990012a0 984012a0 994012a0 
00014710: 9a0012a0 9b0012a0 9a4012a0 9b4012a0 
00014720: 988012a0 998012a0 98c012a0 99c012a0 
00014730: 9a8012a0 9b8012a0 9ac012a0 9bc012a0 
00014740: 9c0012a0 9d0012a0 9c4012a0 9d4012a0 
00014750: 9e0012a0 9f0012a0 9e4012a0 9f4012a0 
00014760: 9c8012a0 9d8012a0 9cc012a0 9dc012a0 
00014770: 9e8012a0 9f8012a0 9ec012a0 9fc012a0 
00014780: 980013a0 990013a0 984013a0 994013a0 
00014790: 9a0013a0 9b0013a0 9a4013a0 9b4013a0 
000147a0: 988013a0 998013a0 98c013a0 99c013a0 
000147b0: 9a8013a0 9b8013a0 9ac013a0 9bc013a0 
000147c0: 9c0013a0 9d0013a0 9c4013a0 9d4013a0 
000147d0: 9e0013a0 9f0013a0 9e4013a0 9f4013a0 
000147e0: 9c8013a0 9d8013a0 9cc013a0 9dc013a0 
000147f0: 9e8013a0 9f8013a0 9ec013a0 9fc013a0 
00014800: 800014a0 810014a0 804014a0 814014a0 
00014810: 820014a0 830014a0 824014a0 834014a0 
00014820: 808014a0 818014a0 80c014a0 81c014a0 
00014830: 828014a0 838014a0 82c014a0 83c014a0 
00014840: 840014a0 850014a0 844014a0 854014a0 
00014850: 860014a0 870014a0 864014a0 874014a0 
00014860: 848014a0 858014a0 84c014a0 85c014a0 
00014870: 868014a0 878014a0 86c014a0 87c014a0 
00014880: 800015a0 810015a0 804015a0 814015a0 
00014890: 820015a0 830015a0 824015a0 834015a0 
000148a0: 808015a0 818015a0 80c015a0 81c015a0 
000148b0: 828015a0 838015a0 82c015a0 83c015a0 
000148c0: 840015a0 850015a0 844015a0 854015a0 
000148d0: 860015a0 870015a0 864015a0 874015a0 
000148e0: 848015a0 858015a0 84c015a0 85c015a0 
000148f0: 868015a0 878015a0 86c015a0 87c015a0 
00014900: 880014a0 890014a0 884014a0 894014a0 
00014910: 8a0014a0 8b0014a0 8a4014a0 8b4014a0 
00014920: 888014a0 898014a0 88c014a0 89c014a0 
00014930: 8a8014a0 8b8014a0 8ac014a0 8bc014a0 
00014940: 8c0014a0 8d0014a0 8c4014a0 8d4014a0 
00014950: 8e0014a0 8f0014a0 8e4014a0 8f4014a0 
00014960: 8c8014a0 8d8014a0 8cc014a0 8dc014a0 
00014970: 8e8014a0 8f8014a0 8ec014a0 8fc014a0 
00014980: 880015a0 890015a0 884015a0 894015a0 
00014990: 8a0015a0 8b0015a0 8a4015a0 8b4015a0 
000149a0: 888015a0 898015a0 88c015a0 89c015a0 
000149b0: 8a8015a0 8b8015a0 8ac015a0 8bc015a0 
000149c0: 8c0015a0 8d0015a0 8c4015a0 8d4015a0 
000149d0: 8e0015a0 8f0015a0 8e4015a0 8f4015a0 
000149e0: 8c8015a0 8d8015a0 8cc015a0 8dc015a0 
000149f0: 8e8015a0 8f8015a0 8ec015a0 8fc015a0 
00014a00: 800016a0 810016a0 804016a0 814016a0 
00014a10: 820016a0 830016a0 824016a0 834016a0 
00014a20: 808016a0 818016a0 80c016a0 81c016a0 
00014a30: 828016a0 838016a0 82c016a0 83c016a0 
00014a40: 840016a0 850016a0 844016a0 854016a0 
00014a50: 860016a0 870016a0 864016a0 874016a0 
00014a60: 848016a0 858016a0 84c016a0 85c016a0 
00014a70: 868016a0 878016a0 86c016a0 87c016a0 
00014a80: 800017a0 810017a0 804017a0 814017a0 
00014a90: 820017a0 830017a0 824017a0 834017a0 
00014aa0: 808017a0 818017a0 80c017a0 81c017a0 
00014ab0: 828017a0 838017a0 82c017a0 83c017a0 
00014ac0: 840017a0 850017a0 844017a0 854017a0 
00014ad0: 860017a0 870017a0 864017a0 874017a0 
00014ae0: 848017a0 858017a0 84c017a0 85c017a0 
00014af0: 868017a0 878017a0 86c017a0 87c017a0 
00014b00: 880016a0 890016a0 884016a0 894016a0 
00014b10: 8a0016a0 8b0016a0 8a4016a0 8b4016a0 
00014b20: 888016a0 898016a0 88c016a0 89c016a0 
00014b30: 8a8016a0 8b8016a0 8ac016a0 8bc016a0 
00014b40: 8c0016a0 8d0016a0 8c4016a0 8d4016a0 
00014b50: 8e0016a0 8f0016a0 8e4016a0 8f4016a0 
00014b60: 8c8016a0 8d8016a0 8cc016a0 8dc016a0 
00014b70: 8e8016a0 8f8016a0 8ec016a0 8fc016a0 
00014b80: 880017a0 890017a0 884017a0 894017a0 
00014b90: 8a0017a0 8b0017a0 8a4017a0 8b4017a0 
00014ba0: 888017a0 898017a0 88c017a0 89c017a0 
00014bb0: 8a8017a0 8b8017a0 8ac017a0 8bc017a0 
00014bc0: 8c0017a0 8d0017a0 8c4017a0 8d4017a0 
00014bd0: 8e0017a0 8f0017a0 8e4017a0 8f4017a0 
00014be0: 8c8017a0 8d8017a0 8cc017a0 8dc017a0 
00014bf0: 8e8017a0 8f8017a0 8ec017a0 8fc017a0 
00014c00: 900014a0 910014a0 904014a0 914014a0 
00014c10: 920014a0 930014a0 924014a0 934014a0 
00014c20: 908014a0 918014a0 90c014a0 91c014a0 
00014c30: 928014a0 938014a0 92c014a0 93c014a0 
00014c40: 940014a0 950014a0 944014a0 954014a0 
00014c50: 960014a0 970014a0 964014a0 974014a0 
00014c60: 948014a0 958014a0 94c014a0 95c014a0 
00014c70: 968014a0 978014a0 96c014a0 97c014a0 
00014c80: 900015a0 910015a0 904015a0 914015a0 
00014c90: 920015a0 930015a0 924015a0 934015a0 
00014ca0: 908015a0 918015a0 90c015a0 91c015a0 
00014cb0: 928015a0 938015a0 92c015a0 93c015a0 
00014cc0: 940015a0 950015a0 944015a0 954015a0 
00014cd0: 960015a0 970015a0 964015a0 974015a0 
00014ce0: 948015a0 958015a0 94c015a0 95c015a0 
00014cf0: 968015a0 978015a0 96c015a0 97c015a0 
00014d00: 980014a0 990014a0 984014a0 994014a0 
00014d10: 9a0014a0 9b0014a0 9a4014a0 9b4014a0 
00014d20: 988014a0 998014a0 98c014a0 99c014a0 
00014d30: 9a8014a0 9b8014a0 9ac014a0 9bc014a0 
00014d40: 9c0014a0 9d0014a0 9c4014a0 9d4014a0 
00014d50: 9e0014a0 9f0014a0 9e4014a0 9f4014a0 
00014d60: 9c8014a0 9d8014a0 9cc014a0 9dc014a0 
00014d70: 9e8014a0 9f8014a0 9ec014a0 9fc014a0 
00014d80: 980015a0 990015a0 984015a0 994015a0 
00014d90: 9a0015a0 9b0015a0 9a4015a0 9b4015a0 
00014da0: 988015a0 998015a0 98c015a0 99c015a0 
00014db0: 9a8015a0 9b8015a0 9ac015a0 9bc015a0 
00014dc0: 9c0015a0 9d0015a0 9c4015a0 9d4015a0 
00014dd0: 9e0015a0 9f0015a0 9e4015a0 9f4015a0 
00014de0: 9c8015a0 9d8015a0 9cc015a0 9dc015a0 
00014df0: 9e8015a0 9f8015a0 9ec015a0 9fc015a0 
00014e00: 900016a0 910016a0 904016a0 914016a0 
00014e10: 920016a0 930016a0 924016a0 934016a0 
00014e20: 908016a0 918016a0 90c016a0 91c016a0 
00014e30: 928016a0 938016a0 92c016a0 93c016a0 
00014e40: 940016a0 950016a0 944016a0 954016a0 
00014e50: 960016a0 970016a0 964016a0 974016a0 
00014e60: 948016a0 958016a0 94c016a0 95c016a0 
00014e70: 968016a0 978016a0 96c016a0 97c016a0 
00014e80: 900017a0 910017a0 904017a0 914017a0 
00014e90: 920017a0 930017a0 924017a0 934017a0 
00014ea0: 908017a0 918017a0 90c017a0 91c017a0 
00014eb0: 928017a0 938017a0 92c017a0 93c017a0 
00014ec0: 940017a0 950017a0 944017a0 954017a0 
00014ed0: 960017a0 970017a0 964017a0 974017a0 
00014ee0: 948017a0 958017a0 94c017a0 95c017a0 
00014ef0: 968017a0 978017a0 96c017a0 97c017a0 
00014f00: 980016a0 990016a0 984016a0 994016a0 
00014f10: 9a0016a0 9b0016a0 9a4016a0 9b4016a0 
00014f20: 988016a0 998016a0 98c016a0 99c016a0 
00014f30: 9a8016a0 9b8016a0 9ac016a0 9bc016a0 
00014f40: 9c0016a0 9d0016a0 9c4016a0 9d4016a0 
00014f50: 9e0016a0 9f0016a0 9e4016a0 9f4016a0 
00014f60: 9c8016a0 9d8016a0 9cc016a0 9dc016a0 
00014f70: 9e8016a0 9f8016a0 9ec016a0 9fc016a0 
00014f80: 980017a0 990017a0 984017a0 994017a0 
00014f90: 9a0017a0 9b0017a0 9a4017a0 9b4017a0 
00014fa0: 988017a0 998017a0 98c017a0 99c017a0 
00014fb0: 9a8017a0 9b8017a0 9ac017a0 9bc017a0 
00014fc0: 9c0017a0 9d0017a0 9c4017a0 9d4017a0 
00014fd0: 9e0017a0 9f0017a0 9e4017a0 9f4017a0 
00014fe0: 9c8017a0 9d8017a0 9cc017a0 9dc017a0 
00014ff0: 9e8017a0 9f8017a0 9ec017a0 9fc017a0 
00015000: a00010a0 a10010a0 a04010a0 a14010a0 
00015010: a20010a0 a30010a0 a24010a0 a34010a0 
00015020: a08010a0 a18010a0 a0c010a0 a1c010a0 
00015030: a28010a0 a38010a0 a2c010a0 a3c010a0 
00015040: a40010a0 a50010a0 a44010a0 a54010a0 
00015050: a60010a0 a70010a0 a64010a0 a74010a0 
00015060: a48010a0 a58010a0 a4c010a0 a5c010a0 
00015070: a68010a0 a78010a0 a6c010a0 a7c010a0 
00015080: a00011a0 a10011a0 a04011a0 a14011a0 
00015090: a20011a0 a30011a0 a24011a0 a34011a0 
000150a0: a08011a0 a18011a0 a0c011a0 a1c011a0 
000150b0: a28011a0 a38011a0 a2c011a0 a3c011a0 
000150c0: a40011a0 a50011a0 a44011a0 a54011a0 
000150d0: a60011a0 a70011a0 a64011a0 a74011a0 
000150e0: a48011a0 a58011a0 a4c011a0 a5c011a0 
000150f0: a68011a0 a78011a0 a6c011a0 a7c011a0 
00015100: a80010a0 a90010a0 a84010a0 a94010a0 
00015110: aa0010a0 ab0010a0 aa4010a0 ab4010a0 
00015120: a88010a0 a98010a0 a8c010a0 a9c010a0 
00015130: aa8010a0 ab8010a0 aac010a0 abc010a0 
00015140: ac0010a0 ad0010a0 ac4010a0 ad4010a0 
00015150: ae0010a0 af0010a0 ae4010a0 af4010a0 
00015160: ac8010a0 ad8010a0 acc010a0 adc010a0 
00015170: ae8010a0 af8010a0 aec010a0 afc010a0 
00015180: a80011a0 a90011a0 a84011a0 a94011a0 
00015190: aa0011a0 ab0011a0 aa4011a0 ab4011a0 
000151a0: a88011a0 a98011a0 a8c011a0 a9c011a0 
000151b0: aa8011a0 ab8011a0 aac011a0 abc011a0 
000151c0: ac0011a0 ad0011a0 ac4011a0 ad4011a0 
000151d0: ae0011a0 af0011a0 ae4011a0 af4011a0 
000151e0: ac8011a0 ad8011a0 acc011a0 adc011a0 
000151f0: ae8011a0 af8011a0 aec011a0 afc011a0 
00015200: a00012a0 a10012a0 a04012a0 a14012a0 
00015210: a20012a0 a30012a0 a24012a0 a34012a0 
00015220: a08012a0 a18012a0 a0c012a0 a1c012a0 
00015230: a28012a0 a38012a0 a2c012a0 a3c012a0 
00015240: a40012a0 a50012a0 a44012a0 a54012a0 
00015250: a60012a0 a70012a0 a64012a0 a74012a0 
00015260: a48012a0 a58012a0 a4c012a0 a5c012a0 
00015270: a68012a0 a78012a0 a6c012a0 a7c012a0 
00015280: a00013a0 a10013a0 a04013a0 a14013a0 
00015290: a20013a0 a30013a0 a24013a0 a34013a0 
000152a0: a08013a0 a18013a0 a0c013a0 a1c013a0 
000152b0: a28013a0 a38013a0 a2c013a0 a3c013a0 
000152c0: a40013a0 a50013a0 a44013a0 a54013a0 
000152d0: a60013a0 a70013a0 a64013a0 a74013a0 
000152e0: a48013a0 a58013a0 a4c013a0 a5c013a0 
000152f0: a68013a0 a78013a0 a6c013a0 a7c013a0 
00015300: a80012a0 a90012a0 a84012a0 a94012a0 
00015310: aa0012a0 ab0012a0 aa4012a0 ab4012a0 
00015320: a88012a0 a98012a0 a8c012a0 a9c012a0 
00015330: aa8012a0 ab8012a0 aac012a0 abc012a0 
00015340: ac0012a0 ad0012a0 ac4012a0 ad4012a0 
00015350: ae0012a0 af0012a0 ae4012a0 af4012a0 
00015360: ac8012a0 ad8012a0 acc012a0 adc012a0 
00015370: ae8012a0 af8012a0 aec012a0 afc012a0 
00015380: a80013a0 a90013a0 a84013a0 a94013a0 
00015390: aa0013a0 ab0013a0 aa4013a0 ab4013a0 
000153a0: a88013a0 a98013a0 a8c013a0 a9c013a0 
000153b0: aa8013a0 ab8013a0 aac013a0 abc013a0 
000153c0: ac0013a0 ad0013a0 ac4013a0 ad4013a0 
000153d0: ae0013a0 af0013a0 ae4013a0 af4013a0 
000153e0: ac8013a0 ad8013a0 acc013a0 adc013a0 
000153f0: ae8013a0 af8013a0 aec013a0 afc013a0 
00015400: b00010a0 b10010a0 b04010a0 b14010a0 
00015410: b20010a0 b30010a0 b24010a0 b34010a0 
00015420: b08010a0 b18010a0 b0c010a0 b1c010a0 
00015430: b28010a0 b38010a0 b2c010a0 b3c010a0 
00015440: b40010a0 b50010a0 b44010a0 b54010a0 
00015450: b60010a0 b70010a0 b64010a0 b74010a0 
00015460: b48010a0 b58010a0 b4c010a0 b5c010a0 
00015470: b68010a0 b78010a0 b6c010a0 b7c010a0 
00015480: b00011a0 b10011a0 b04011a0 b14011a0 
00015490: b20011a0 b30011a0 b24011a0 b34011a0 
000154a0: b08011a0 b18011a0 b0c011a0 b1c011a0 
000154b0: b28011a0 b38011a0 b2c011a0 b3c011a0 
000154c0: b40011a0 b50011a0 b44011a0 b54011a0 
000154d0: b60011a0 b70011a0 b64011a0 b74011a0 
000154e0: b48011a0 b58011a0 b4c011a0 b5c011a0 
000154f0: b68011a0 b78011a0 b6c011a0 b7c011a0 
00015500: b80010a0 b90010a0 b84010a0 b94010a0 
00015510: ba0010a0 bb0010a0 ba4010a0 bb4010a0 
00015520: b88010a0 b98010a0 b8c010a0 b9c010a0 
00015530: ba8010a0 bb8010a0 bac010a0 bbc010a0 
00015540: bc0010a0 bd0010a0 bc4010a0 bd4010a0 
00015550: be0010a0 bf0010a0 be4010a0 bf4010a0 
00015560: bc8010a0 bd8010a0 bcc010a0 bdc010a0 
00015570: be8010a0 bf8010a0 bec010a0 bfc010a0 
00015580: b80011a0 b90011a0 b84011a0 b94011a0 
00015590: ba0011a0 bb0011a0 ba4011a0 bb4011a0 
000155a0: b88011a0 b98011a0 b8c011a0 b9c011a0 
000155b0: ba8011a0 bb8011a0 bac011a0 bbc011a0 
000155c0: bc0011a0 bd0011a0 bc4011a0 bd4011a0 
000155d0: be0011a0 bf0011a0 be4011a0 bf4011a0 
000155e0: bc8011a0 bd8011a0 bcc011a0 bdc011a0 
000155f0: be8011a0 bf8011a0 bec011a0 bfc011a0 
00015600: b00012a0 b10012a0 b04012a0 b14012a0 
00015610: b20012a0 b30012a0 b24012a0 b34012a0 
00015620: b08012a0 b18012a0 b0c012a0 b1c012a0 
00015630: b28012a0 b38012a0 b2c012a0 b3c012a0 
00015640: b40012a0 b50012a0 b44012a0 b54012a0 
00015650: b60012a0 b70012a0 b64012a0 b74012a0 
00015660: b48012a0 b58012a0 b4c012a0 b5c012a0 
00015670: b68012a0 b78012a0 b6c012a0 b7c012a0 
00015680: b00013a0 b10013a0 b04013a0 b14013a0 
00015690: b20013a0 b30013a0 b24013a0 b34013a0 
000156a0: b08013a0 b18013a0 b0c013a0 b1c013a0 
000156b0: b28013a0 b38013a0 b2c013a0 b3c013a0 
000156c0: b40013a0 b50013a0 b44013a0 b54013a0 
000156d0: b60013a0 b70013a0 b64013a0 b74013a0 
000156e0: b48013a0 b58013a0 b4c013a0 b5c013a0 
000156f0: b68013a0 b78013a0 b6c013a0 b7c013a0 
00015700: b80012a0 b90012a0 b84012a0 b94012a0 
00015710: ba0012a0 bb0012a0 ba4012a0 bb4012a0 
00015720: b88012a0 b98012a0 b8c012a0 b9c012a0 
00015730: ba8012a0 bb8012a0 bac012a0 bbc012a0 
00015740: bc0012a0 bd0012a0 bc4012a0 bd4012a0 
00015750: be0012a0 bf0012a0 be4012a0 bf4012a0 
00015760: bc8012a0 bd8012a0 bcc012a0 bdc012a0 
00015770: be8012a0 bf8012a0 bec012a0 bfc012a0 
00015780: b80013a0 b90013a0 b84013a0 b94013a0 
00015790: ba0013a0 bb0013a0 ba4013a0 bb4013a0 
000157a0: b88013a0 b98013a0 b8c013a0 b9c013a0 
000157b0: ba8013a0 bb8013a0 bac013a0 bbc013a0 
000157c0: bc0013a0 bd0013a0 bc4013a0 bd4013a0 
000157d0: be0013a0 bf0013a0 be4013a0 bf4013a0 
000157e0: bc8013a0 bd8013a0 bcc013a0 bdc013a0 
000157f0: be8013a0 bf8013a0 bec013a0 bfc013a0 
00015800: a00014a0 a10014a0 a04014a0 a14014a0 
00015810: a20014a0 a30014a0 a24014a0 a34014a0 
00015820: a08014a0 a18014a0 a0c014a0 a1c014a0 
00015830: a28014a0 a38014a0 a2c014a0 a3c014a0 
00015840: a40014a0 a50014a0 a44014a0 a54014a0 
00015850: a60014a0 a70014a0 a64014a0 a74014a0 
00015860: a48014a0 a58014a0 a4c014a0 a5c014a0 
00015870: a68014a0 a78014a0 a6c014a0 a7c014a0 
00015880: a00015a0 a10015a0 a04015a0 a14015a0 
00015890: a20015a0 a30015a0 a24015a0 a34015a0 
000158a0: a08015a0 a18015a0 a0c015a0 a1c015a0 
000158b0: a28015a0 a38015a0 a2c015a0 a3c015a0 
000158c0: a40015a0 a50015a0 a44015a0 a54015a0 
000158d0: a60015a0 a70015a0 a64015a0 a74015a0 
000158e0: a48015a0 a58015a0 a4c015a0 a5c015a0 
000158f0: a68015a0 a78015a0 a6c015a0 a7c015a0 
00015900: a80014a0 a90014a0 a84014a0 a94014a0 
00015910: aa0014a0 ab0014a0 aa4014a0 ab4014a0 
00015920: a88014a0 a98014a0 a8c014a0 a9c014a0 
00015930: aa8014a0 ab8014a0 aac014a0 abc014a0 
00015940: ac0014a0 ad0014a0 ac4014a0 ad4014a0 
00015950: ae0014a0 af0014a0 ae4014a0 af4014a0 
00015960: ac8014a0 ad8014a0 acc014a0 adc014a0 
00015970: ae8014a0 af8014a0 aec014a0 afc014a0 
00015980: a80015a0 a90015a0 a84015a0 a94015a0 
00015990: aa0015a0 ab0015a0 aa4015a0 ab4015a0 
000159a0: a88015a0 a98015a0 a8c015a0 a9c015a0 
000159b0: aa8015a0 ab8015a0 aac015a0 abc015a0 
000159c0: ac0015a0 ad0015a0 ac4015a0 ad4015a0 
000159d0: ae0015a0 af0015a0 ae4015a0 af4015a0 
000159e0: ac8015a0 ad8015a0 acc015a0 adc015a0 
000159f0: ae8015a0 af8015a0 aec015a0 afc015a0 
00015a00: a00016a0 a10016a0 a04016a0 a14016a0 
00015a10: a20016a0 a30016a0 a24016a0 a34016a0 
00015a20: a08016a0 a18016a0 a0c016a0 a1c016a0 
00015a30: a28016a0 a38016a0 a2c016a0 a3c016a0 
00015a40: a40016a0 a50016a0 a44016a0 a54016a0 
00015a50: a60016a0 a70016a0 a64016a0 a74016a0 
00015a60: a48016a0 a58016a0 a4c016a0 a5c016a0 
00015a70: a68016a0 a78016a0 a6c016a0 a7c016a0 
00015a80: a00017a0 a10017a0 a04017a0 a14017a0 
00015a90: a20017a0 a30017a0 a24017a0 a34017a0 
00015aa0: a08017a0 a18017a0 a0c017a0 a1c017a0 
00015ab0: a28017a0 a38017a0 a2c017a0 a3c017a0 
00015ac0: a40017a0 a50017a0 a44017a0 a54017a0 
00015ad0: a60017a0 a70017a0 a64017a0 a74017a0 
00015ae0: a48017a0 a58017a0 a4c017a0 a5c017a0 
00015af0: a68017a0 a78017a0 a6c017a0 a7c017a0 
00015b00: a80016a0 a90016a0 a84016a0 a94016a0 
00015b10: aa0016a0 ab0016a0 aa4016a0 ab4016a0 
00015b20: a88016a0 a98016a0 a8c016a0 a9c016a0 
00015b30: aa8016a0 ab8016a0 aac016a0 abc016a0 
00015b40: ac0016a0 ad0016a0 ac4016a0 ad4016a0 
00015b50: ae0016a0 af0016a0 ae4016a0 af4016a0 
00015b60: ac8016a0 ad8016a0 acc016a0 adc016a0 
00015b70: ae8016a0 af8016a0 aec016a0 afc016a0 
00015b80: a80017a0 a90017a0 a84017a0 a94017a0 
00015b90: aa0017a0 ab0017a0 aa4017a0 ab4017a0 
00015ba0: a88017a0 a98017a0 a8c017a0 a9c017a0 
00015bb0: aa8017a0 ab8017a0 aac017a0 abc017a0 
00015bc0: ac0017a0 ad0017a0 ac4017a0 ad4017a0 
00015bd0: ae0017a0 af0017a0 ae4017a0 af4017a0 
00015be0: ac8017a0 ad8017a0 acc017a0 adc017a0 
00015bf0: ae8017a0 af8017a0 aec017a0 afc017a0 
00015c00: b00014a0 b10014a0 b04014a0 b14014a0 
00015c10: b20014a0 b30014a0 b24014a0 b34014a0 
00015c20: b08014a0 b18014a0 b0c014a0 b1c014a0 
00015c30: b28014a0 b38014a0 b2c014a0 b3c014a0 
00015c40: b40014a0 b50014a0 b44014a0 b54014a0 
00015c50: b60014a0 b70014a0 b64014a0 b74014a0 
00015c60: b48014a0 b58014a0 b4c014a0 b5c014a0 
00015c70: b68014a0 b78014a0 b6c014a0 b7c014a0 
00015c80: b00015a0 b10015a0 b04015a0 b14015a0 
00015c90: b20015a0 b30015a0 b24015a0 b34015a0 
00015ca0: b08015a0 b18015a0 b0c015a0 b1c015a0 
00015cb0: b28015a0 b38015a0 b2c015a0 b3c015a0 
00015cc0: b40015a0 b50015a0 b44015a0 b54015a0 
00015cd0: b60015a0 b70015a0 b64015a0 b74015a0 
00015ce0: b48015a0 b58015a0 b4c015a0 b5c015a0 
00015cf0: b68015a0 b78015a0 b6c015a0 b7c015a0 
00015d00: b80014a0 b90014a0 b84014a0 b94014a0 
00015d10: ba0014a0 bb0014a0 ba4014a0 bb4014a0 
00015d20: b88014a0 b98014a0 b8c014a0 b9c014a0 
00015d30: ba8014a0 bb8014a0 bac014a0 bbc014a0 
00015d40: bc0014a0 bd0014a0 bc4014a0 bd4014a0 
00015d50: be0014a0 bf0014a0 be4014a0 bf4014a0 
00015d60: bc8014a0 bd8014a0 bcc014a0 bdc014a0 
00015d70: be8014a0 bf8014a0 bec014a0 bfc014a0 
00015d80: b80015a0 b90015a0 b84015a0 b94015a0 
00015d90: ba0015a0 bb0015a0 ba4015a0 bb4015a0 
00015da0: b88015a0 b98015a0 b8c015a0 b9c015a0 
00015db0: ba8015a0 bb8015a0 bac015a0 bbc015a0 
00015dc0: bc0015a0 bd0015a0 bc4015a0 bd4015a0 
00015dd0: be0015a0 bf0015a0 be4015a0 bf4015a0 
00015de0: bc8015a0 bd8015a0 bcc015a0 bdc015a0 
00015df0: be8015a0 bf8015a0 bec015a0 bfc015a0 
00015e00: b00016a0 b10016a0 b04016a0 b14016a0 
00015e10: b20016a0 b30016a0 b24016a0 b34016a0 
00015e20: b08016a0 b18016a0 b0c016a0 b1c016a0 
00015e30: b28016a0 b38016a0 b2c016a0 b3c016a0 
00015e40: b40016a0 b50016a0 b44016a0 b54016a0 
00015e50: b60016a0 b70016a0 b64016a0 b74016a0 
00015e60: b48016a0 b58016a0 b4c016a0 b5c016a0 
00015e70: b68016a0 b78016a0 b6c016a0 b7c016a0 
00015e80: b00017a0 b10017a0 b04017a0 b14017a0 
00015e90: b20017a0 b30017a0 b24017a0 b34017a0 
00015ea0: b08017a0 b18017a0 b0c017a0 b1c017a0 
00015eb0: b28017a0 b38017a0 b2c017a0 b3c017a0 
00015ec0: b40017a0 b50017a0 b44017a0 b54017a0 
00015ed0: b60017a0 b70017a0 b64017a0 b74017a0 
00015ee0: b48017a0 b58017a0 b4c017a0 b5c017a0 
00015ef0: b68017a0 b78017a0 b6c017a0 b7c017a0 
00015f00: b80016a0 b90016a0 b84016a0 b94016a0 
00015f10: ba0016a0 bb0016a0 ba4016a0 bb4016a0 
00015f20: b88016a0 b98016a0 b8c016a0 b9c016a0 
00015f30: ba8016a0 bb8016a0 bac016a0 bbc016a0 
00015f40: bc0016a0 bd0016a0 bc4016a0 bd4016a0 
00015f50: be0016a0 bf0016a0 be4016a0 bf4016a0 
00015f60: bc8016a0 bd8016a0 bcc016a0 bdc016a0 
00015f70: be8016a0 bf8016a0 bec016a0 bfc016a0 
00015f80: b80017a0 b90017a0 b84017a0 b94017a0 
00015f90: ba0017a0 bb0017a0 ba4017a0 bb4017a0 
00015fa0: b88017a0 b98017a0 b8c017a0 b9c017a0 
00015fb0: ba8017a0 bb8017a0 bac017a0 bbc017a0 
00015fc0: bc0017a0 bd0017a0 bc4017a0 bd4017a0 
00015fd0: be0017a0 bf0017a0 be4017a0 bf4017a0 
00015fe0: bc8017a0 bd8017a0 bcc017a0 bdc017a0 
00015ff0: be8017a0 bf8017a0 bec017a0 bfc017a0 
00016000: 800018a0 810018a0 804018a0 814018a0 
00016010: 820018a0 830018a0 824018a0 834018a0 
00016020: 808018a0 818018a0 80c018a0 81c018a0 
00016030: 828018a0 838018a0 82c018a0 83c018a0 
00016040: 840018a0 850018a0 844018a0 854018a0 
00016050: 860018a0 870018a0 864018a0 874018a0 
00016060: 848018a0 858018a0 84c018a0 85c018a0 
00016070: 868018a0 878018a0 86c018a0 87c018a0 
00016080: 800019a0 810019a0 804019a0 814019a0 
00016090: 820019a0 830019a0 824019a0 834019a0 
000160a0: 808019a0 818019a0 80c019a0 81c019a0 
000160b0: 828019a0 838019a0 82c019a0 83c019a0 
000160c0: 840019a0 850019a0 844019a0 854019a0 
000160d0: 860019a0 870019a0 864019a0 874019a0 
000160e0: 848019a0 858019a0 84c019a0 85c019a0 
000160f0: 868019a0 878019a0 86c019a0 87c019a0 
00016100: 880018a0 890018a0 884018a0 894018a0 
00016110: 8a0018a0 8b0018a0 8a4018a0 8b4018a0 
00016120: 888018a0 898018a0 88c018a0 89c018a0 
00016130: 8a8018a0 8b8018a0 8ac018a0 8bc018a0 
00016140: 8c0018a0 8d0018a0 8c4018a0 8d4018a0 
00016150: 8e0018a0 8f0018a0 8e4018a0 8f4018a0 
00016160: 8c8018a0 8d8018a0 8cc018a0 8dc018a0 
00016170: 8e8018a0 8f8018a0 8ec018a0 8fc018a0 
00016180: 880019a0 890019a0 884019a0 894019a0 
00016190: 8a0019a0 8b0019a0 8a4019a0 8b4019a0 
000161a0: 888019a0 898019a0 88c019a0 89c019a0 
000161b0: 8a8019a0 8b8019a0 8ac019a0 8bc019a0 
000161c0: 8c0019a0 8d0019a0 8c4019a0 8d4019a0 
000161d0: 8e0019a0 8f0019a0 8e4019a0 8f4019a0 
000161e0: 8c8019a0 8d8019a0 8cc019a0 8dc019a0 
000161f0: 8e8019a0 8f8019a0 8ec019a0 8fc019a0 
00016200: 80001aa0 81001aa0 80401aa0 81401aa0 
00016210: 82001aa0 83001aa0 82401aa0 83401aa0 
00016220: 80801aa0 81801aa0 80c01aa0 81c01aa0 
00016230: 82801aa0 83801aa0 82c01aa0 83c01aa0 
00016240: 84001aa0 85001aa0 84401aa0 85401aa0 
00016250: 86001aa0 87001aa0 86401aa0 87401aa0 
00016260: 84801aa0 85801aa0 84c01aa0 85c01aa0 
00016270: 86801aa0 87801aa0 86c01aa0 87c01aa0 
00016280: 80001ba0 81001ba0 80401ba0 81401ba0 
00016290: 82001ba0 83001ba0 82401ba0 83401ba0 
000162a0: 80801ba0 81801ba0 80c01ba0 81c01ba0 
000162b0: 82801ba0 83801ba0 82c01ba0 83c01ba0 
000162c0: 84001ba0 85001ba0 84401ba0 85401ba0 
000162d0: 86001ba0 87001ba0 86401ba0 87401ba0 
000162e0: 84801ba0 85801ba0 84c01ba0 85c01ba0 
000162f0: 86801ba0 87801ba0 86c01ba0 87c01ba0 
00016300: 88001aa0 89001aa0 88401aa0 89401aa0 
00016310: 8a001aa0 8b001aa0 8a401aa0 8b401aa0 
00016320: 88801aa0 89801aa0 88c01aa0 89c01aa0 
00016330: 8a801aa0 8b801aa0 8ac01aa0 8bc01aa0 
00016340: 8c001aa0 8d001aa0 8c401aa0 8d401aa0 
00016350: 8e001aa0 8f001aa0 8e401aa0 8f401aa0 
00016360: 8c801aa0 8d801aa0 8cc01aa0 8dc01aa0 
00016370: 8e801aa0 8f801aa0 8ec01aa0 8fc01aa0 
00016380: 88001ba0 89001ba0 88401ba0 89401ba0 
00016390: 8a001ba0 8b001ba0 8a401ba0 8b401ba0 
000163a0: 88801ba0 89801ba0 88c01ba0 89c01ba0 
000163b0: 8a801ba0 8b801ba0 8ac01ba0 8bc01ba0 
000163c0: 8c001ba0 8d001ba0 8c401ba0 8d401ba0 
000163d0: 8e001ba0 8f001ba0 8e401ba0 8f401ba0 
000163e0: 8c801ba0 8d801ba0 8cc01ba0 8dc01ba0 
000163f0: 8e801ba0 8f801ba0 8ec01ba0 8fc01ba0 
00016400: 900018a0 910018a0 904018a0 914018a0 
00016410: 920018a0 930018a0 924018a0 934018a0 
00016420: 908018a0 918018a0 90c018a0 91c018a0 
00016430: 928018a0 938018a0 92c018a0 93c018a0 
00016440: 940018a0 950018a0 944018a0 954018a0 
00016450: 960018a0 970018a0 964018a0 974018a0 
00016460: 948018a0 958018a0 94c018a0 95c018a0 
00016470: 968018a0 978018a0 96c018a0 97c018a0 
00016480: 900019a0 910019a0 904019a0 914019a0 
00016490: 920019a0 930019a0 924019a0 934019a0 
000164a0: 908019a0 918019a0 90c019a0 91c019a0 
000164b0: 928019a0 938019a0 92c019a0 93c019a0 
000164c0: 940019a0 950019a0 944019a0 954019a0 
000164d0: 960019a0 970019a0 964019a0 974019a0 
000164e0: 948019a0 958019a0 94c019a0 95c019a0 
000164f0: 968019a0 978019a0 96c019a0 97c019a0 
00016500: 980018a0 990018a0 984018a0 994018a0 
00016510: 9a0018a0 9b0018a0 9a4018a0 9b4018a0 
00016520: 988018a0 998018a0 98c018a0 99c018a0 
00016530: 9a8018a0 9b8018a0 9ac018a0 9bc018a0 
00016540: 9c0018a0 9d0018a0 9c4018a0 9d4018a0 
00016550: 9e0018a0 9f0018a0 9e4018a0 9f4018a0 
00016560: 9c8018a0 9d8018a0 9cc018a0 9dc018a0 
00016570: 9e8018a0 9f8018a0 9ec018a0 9fc018a0 
00016580: 980019a0 990019a0 984019a0 994019a0 
00016590: 9a0019a0 9b0019a0 9a4019a0 9b4019a0 
000165a0: 988019a0 998019a0 98c019a0 99c019a0 
000165b0: 9a8019a0 9b8019a0 9ac019a0 9bc019a0 
000165c0: 9c0019a0 9d0019a0 9c4019a0 9d4019a0 
000165d0: 9e0019a0 9f0019a0 9e4019a0 9f4019a0 
000165e0: 9c8019a0 9d8019a0 9cc019a0 9dc019a0 
000165f0: 9e8019a0 9f8019a0 9ec019a0 9fc019a0 
00016600: 90001aa0 91001aa0 90401aa0 91401aa0 
00016610: 92001aa0 93001aa0 92401aa0 93401aa0 
00016620: 90801aa0 91801aa0 90c01aa0 91c01aa0 
00016630: 92801aa0 93801aa0 92c01aa0 93c01aa0 
00016640: 94001aa0 95001aa0 94401aa0 95401aa0 
00016650: 96001aa0 97001aa0 96401aa0 97401aa0 
00016660: 94801aa0 95801aa0 94c01aa0 95c01aa0 
00016670: 96801aa0 97801aa0 96c01aa0 97c01aa0 
00016680: 90001ba0 91001ba0 90401ba0 91401ba0 
00016690: 92001ba0 93001ba0 92401ba0 93401ba0 
000166a0: 90801ba0 91801ba0 90c01ba0 91c01ba0 
000166b0: 92801ba0 93801ba0 92c01ba0 93c01ba0 
000166c0: 94001ba0 95001ba0 94401ba0 95401ba0 
000166d0: 96001ba0 97001ba0 96401ba0 97401ba0 
000166e0: 94801ba0 95801ba0 94c01ba0 95c01ba0 
000166f0: 96801ba0 97801ba0 96c01ba0 97c01ba0 
00016700: 98001aa0 99001aa0 98401aa0 99401aa0 
00016710: 9a001aa0 9b001aa0 9a401aa0 9b401aa0 
00016720: 98801aa0 99801aa0 98c01aa0 99c01aa0 
00016730: 9a801aa0 9b801aa0 9ac01aa0 9bc01aa0 
00016740: 9c001aa0 9d001aa0 9c401aa0 9d401aa0 
00016750: 9e001aa0 9f001aa0 9e401aa0 9f401aa0 
00016760: 9c801aa0 9d801aa0 9cc01aa0 9dc01aa0 
00016770: 9e801aa0 9f801aa0 9ec01aa0 9fc01aa0 
00016780: 98001ba0 99001ba0 98401ba0 99401ba0 
00016790: 9a001ba0 9b001ba0 9a401ba0 9b401ba0 
000167a0: 98801ba0 99801ba0 98c01ba0 99c01ba0 
000167b0: 9a801ba0 9b801ba0 9ac01ba0 9bc01ba0 
000167c0: 9c001ba0 9d001ba0 9c401ba0 9d401ba0 
000167d0: 9e001ba0 9f001ba0 9e401ba0 9f401ba0 
000167e0: 9c801ba0 9d801ba0 9cc01ba0 9dc01ba0 
000167f0: 9e801ba0 9f801ba0 9ec01ba0 9fc01ba0 
00016800: 80001ca0 81001ca0 80401ca0 81401ca0 
00016810: 82001ca0 83001ca0 82401ca0 83401ca0 
00016820: 80801ca0 81801ca0 80c01ca0 81c01ca0 
00016830: 82801ca0 83801ca0 82c01ca0 83c01ca0 
00016840: 84001ca0 85001ca0 84401ca0 85401ca0 
00016850: 86001ca0 87001ca0 86401ca0 87401ca0 
00016860: 84801ca0 85801ca0 84c01ca0 85c01ca0 
00016870: 86801ca0 87801ca0 86c01ca0 87c01ca0 
00016880: 80001da0 81001da0 80401da0 81401da0 
00016890: 82001da0 83001da0 82401da0 83401da0 
000168a0: 80801da0 81801da0 80c01da0 81c01da0 
000168b0: 82801da0 83801da0 82c01da0 83c01da0 
000168c0: 84001da0 85001da0 84401da0 85401da0 
000168d0: 86001da0 87001da0 86401da0 87401da0 
000168e0: 84801da0 85801da0 84c01da0 85c01da0 
000168f0: 86801da0 87801da0 86c01da0 87c01da0 
00016900: 88001ca0 89001ca0 88401ca0 89401ca0 
00016910: 8a001ca0 8b001ca0 8a401ca0 8b401ca0 
00016920: 88801ca0 89801ca0 88c01ca0 89c01ca0 
00016930: 8a801ca0 8b801ca0 8ac01ca0 8bc01ca0 
00016940: 8c001ca0 8d001ca0 8c401ca0 8d401ca0 
00016950: 8e001ca0 8f001ca0 8e401ca0 8f401ca0 
00016960: 8c801ca0 8d801ca0 8cc01ca0 8dc01ca0 
00016970: 8e801ca0 8f801ca0 8ec01ca0 8fc01ca0 
00016980: 88001da0 89001da0 88401da0 89401da0 
00016990: 8a001da0 8b001da0 8a401da0 8b401da0 
000169a0: 88801da0 89801da0 88c01da0 89c01da0 
000169b0: 8a801da0 8b801da0 8ac01da0 8bc01da0 
000169c0: 8c001da0 8d001da0 8c401da0 8d401da0 
000169d0: 8e001da0 8f001da0 8e401da0 8f401da0 
000169e0: 8c801da0 8d801da0 8cc01da0 8dc01da0 
000169f0: 8e801da0 8f801da0 8ec01da0 8fc01da0 
00016a00: 80001ea0 81001ea0 80401ea0 81401ea0 
00016a10: 82001ea0 83001ea0 82401ea0 83401ea0 
00016a20: 80801ea0 81801ea0 80c01ea0 81c01ea0 
00016a30: 82801ea0 83801ea0 82c01ea0 83c01ea0 
00016a40: 84001ea0 85001ea0 84401ea0 85401ea0 
00016a50: 86001ea0 87001ea0 86401ea0 87401ea0 
00016a60: 84801ea0 85801ea0 84c01ea0 85c01ea0 
00016a70: 86801ea0 87801ea0 86c01ea0 87c01ea0 
00016a80: 80001fa0 81001fa0 80401fa0 81401fa0 
00016a90: 82001fa0 83001fa0 82401fa0 83401fa0 
00016aa0: 80801fa0 81801fa0 80c01fa0 81c01fa0 
00016ab0: 82801fa0 83801fa0 82c01fa0 83c01fa0 
00016ac0: 84001fa0 85001fa0 84401fa0 85401fa0 
00016ad0: 86001fa0 87001fa0 86401fa0 87401fa0 
00016ae0: 84801fa0 85801fa0 84c01fa0 85c01fa0 
00016af0: 86801fa0 87801fa0 86c01fa0 87c01fa0 
00016b00: 88001ea0 89001ea0 88401ea0 89401ea0 
00016b10: 8a001ea0 8b001ea0 8a401ea0 8b401ea0 
00016b20: 88801ea0 89801ea0 88c01ea0 89c01ea0 
00016b30: 8a801ea0 8b801ea0 8ac01ea0 8bc01ea0 
00016b40: 8c001ea0 8d001ea0 8c401ea0 8d401ea0 
00016b50: 8e001ea0 8f001ea0 8e401ea0 8f401ea0 
00016b60: 8c801ea0 8d801ea0 8cc01ea0 8dc01ea0 
00016b70: 8e801ea0 8f801ea0 8ec01ea0 8fc01ea0 
00016b80: 88001fa0 89001fa0 88401fa0 89401fa0 
00016b90: 8a001fa0 8b001fa0 8a401fa0 8b401fa0 
00016ba0: 88801fa0 89801fa0 88c01fa0 89c01fa0 
00016bb0: 8a801fa0 8b801fa0 8ac01fa0 8bc01fa0 
00016bc0: 8c001fa0 8d001fa0 8c401fa0 8d401fa0 
00016bd0: 8e001fa0 8f001fa0 8e401fa0 8f401fa0 
00016be0: 8c801fa0 8d801fa0 8cc01fa0 8dc01fa0 
00016bf0: 8e801fa0 8f801fa0 8ec01fa0 8fc01fa0 
00016c00: 90001ca0 91001ca0 90401ca0 91401ca0 
00016c10: 92001ca0 93001ca0 92401ca0 93401ca0 
00016c20: 90801ca0 91801ca0 90c01ca0 91c01ca0 
00016c30: 92801ca0 93801ca0 92c01ca0 93c01ca0 
00016c40: 94001ca0 95001ca0 94401ca0 95401ca0 
00016c50: 96001ca0 97001ca0 96401ca0 97401ca0 
00016c60: 94801ca0 95801ca0 94c01ca0 95c01ca0 
00016c70: 96801ca0 97801ca0 96c01ca0 97c01ca0 
00016c80: 90001da0 91001da0 90401da0 91401da0 
00016c90: 92001da0 93001da0 92401da0 93401da0 
00016ca0: 90801da0 91801da0 90c01da0 91c01da0 
00016cb0: 92801da0 93801da0 92c01da0 93c01da0 
00016cc0: 94001da0 95001da0 94401da0 95401da0 
00016cd0: 96001da0 97001da0 96401da0 97401da0 
00016ce0: 94801da0 95801da0 94c01da0 95c01da0 
00016cf0: 96801da0 97801da0 96c01da0 97c01da0 
00016d00: 98001ca0 99001ca0 98401ca0 99401ca0 
00016d10: 9a001ca0 9b001ca0 9a401ca0 9b401ca0 
00016d20: 98801ca0 99801ca0 98c01ca0 99c01ca0 
00016d30: 9a801ca0 9b801ca0 9ac01ca0 9bc01ca0 
00016d40: 9c001ca0 9d001ca0 9c401ca0 9d401ca0 
00016d50: 9e001ca0 9f001ca0 9e401ca0 9f401ca0 
00016d60: 9c801ca0 9d801ca0 9cc01ca0 9dc01ca0 
00016d70: 9e801ca0 9f801ca0 9ec01ca0 9fc01ca0 
00016d80: 98001da0 99001da0 98401da0 99401da0 
00016d90: 9a001da0 9b001da0 9a401da0 9b401da0 
00016da0: 98801da0 99801da0 98c01da0 99c01da0 
00016db0: 9a801da0 9b801da0 9ac01da0 9bc01da0 
00016dc0: 9c001da0 9d001da0 9c401da0 9d401da0 
00016dd0: 9e001da0 9f001da0 9e401da0 9f401da0 
00016de0: 9c801da0 9d801da0 9cc01da0 9dc01da0 
00016df0: 9e801da0 9f801da0 9ec01da0 9fc01da0 
00016e00: 90001ea0 91001ea0 90401ea0 91401ea0 
00016e10: 92001ea0 93001ea0 92401ea0 93401ea0 
00016e20: 90801ea0 91801ea0 90c01ea0 91c01ea0 
00016e30: 92801ea0 93801ea0 92c01ea0 93c01ea0 
00016e40: 94001ea0 95001ea0 94401ea0 95401ea0 
00016e50: 96001ea0 97001ea0 96401ea0 97401ea0 
00016e60: 94801ea0 95801ea0 94c01ea0 95c01ea0 
00016e70: 96801ea0 97801ea0 96c01ea0 97c01ea0 
00016e80: 90001fa0 91001fa0 90401fa0 91401fa0 
00016e90: 92001fa0 93001fa0 92401fa0 93401fa0 
00016ea0: 90801fa0 91801fa0 90c01fa0 91c01fa0 
00016eb0: 92801fa0 93801fa0 92c01fa0 93c01fa0 
00016ec0: 94001fa0 95001fa0 94401fa0 95401fa0 
00016ed0: 96001fa0 97001fa0 96401fa0 97401fa0 
00016ee0: 94801fa0 95801fa0 94c01fa0 95c01fa0 
00016ef0: 96801fa0 97801fa0 96c01fa0 97c01fa0 
00016f00: 98001ea0 99001ea0 98401ea0 99401ea0 
00016f10: 9a001ea0 9b001ea0 9a401ea0 9b401ea0 
00016f20: 98801ea0 99801ea0 98c01ea0 99c01ea0 
00016f30: 9a801ea0 9b801ea0 9ac01ea0 9bc01ea0 
00016f40: 9c001ea0 9d001ea0 9c401ea0 9d401ea0 
00016f50: 9e001ea0 9f001ea0 9e401ea0 9f401ea0 
00016f60: 9c801ea0 9d801ea0 9cc01ea0 9dc01ea0 
00016f70: 9e801ea0 9f801ea0 9ec01ea0 9fc01ea0 
00016f80: 98001fa0 99001fa0 98401fa0 99401fa0 
00016f90: 9a001fa0 9b001fa0 9a401fa0 9b401fa0 
00016fa0: 98801fa0 99801fa0 98c01fa0 99c01fa0 
00016fb0: 9a801fa0 9b801fa0 9ac01fa0 9bc01fa0 
00016fc0: 9c001fa0 9d001fa0 9c401fa0 9d401fa0 
00016fd0: 9e001fa0 9f001fa0 9e401fa0 9f401fa0 
00016fe0: 9c801fa0 9d801fa0 9cc01fa0 9dc01fa0 
00016ff0: 9e801fa0 9f801fa0 9ec01fa0 9fc01fa0 
00017000: a00018a0 a10018a0 a04018a0 a14018a0 
00017010: a20018a0 a30018a0 a24018a0 a34018a0 
00017020: a08018a0 a18018a0 a0c018a0 a1c018a0 
00017030: a28018a0 a38018a0 a2c018a0 a3c018a0 
00017040: a40018a0 a50018a0 a44018a0 a54018a0 
00017050: a60018a0 a70018a0 a64018a0 a74018a0 
00017060: a48018a0 a58018a0 a4c018a0 a5c018a0 
00017070: a68018a0 a78018a0 a6c018a0 a7c018a0 
00017080: a00019a0 a10019a0 a04019a0 a14019a0 
00017090: a20019a0 a30019a0 a24019a0 a34019a0 
000170a0: a08019a0 a18019a0 a0c019a0 a1c019a0 
000170b0: a28019a0 a38019a0 a2c019a0 a3c019a0 
000170c0: a40019a0 a50019a0 a44019a0 a54019a0 
000170d0: a60019a0 a70019a0 a64019a0 a74019a0 
000170e0: a48019a0 a58019a0 a4c019a0 a5c019a0 
000170f0: a68019a0 a78019a0 a6c019a0 a7c019a0 
00017100: a80018a0 a90018a0 a84018a0 a94018a0 
00017110: aa0018a0 ab0018a0 aa4018a0 ab4018a0 
00017120: a88018a0 a98018a0 a8c018a0 a9c018a0 
00017130: aa8018a0 ab8018a0 aac018a0 abc018a0 
00017140: ac0018a0 ad0018a0 ac4018a0 ad4018a0 
00017150: ae0018a0 af0018a0 ae4018a0 af4018a0 
00017160: ac8018a0 ad8018a0 acc018a0 adc018a0 
00017170: ae8018a0 af8018a0 aec018a0 afc018a0 
00017180: a80019a0 a90019a0 a84019a0 a94019a0 
00017190: aa0019a0 ab0019a0 aa4019a0 ab4019a0 
000171a0: a88019a0 a98019a0 a8c019a0 a9c019a0 
000171b0: aa8019a0 ab8019a0 aac019a0 abc019a0 
000171c0: ac0019a0 ad0019a0 ac4019a0 ad4019a0 
000171d0: ae0019a0 af0019a0 ae4019a0 af4019a0 
000171e0: ac8019a0 ad8019a0 acc019a0 adc019a0 
000171f0: ae8019a0 af8019a0 aec019a0 afc019a0 
00017200: a0001aa0 a1001aa0 a0401aa0 a1401aa0 
00017210: a2001aa0 a3001aa0 a2401aa0 a3401aa0 
00017220: a0801aa0 a1801aa0 a0c01aa0 a1c01aa0 
00017230: a2801aa0 a3801aa0 a2c01aa0 a3c01aa0 
00017240: a4001aa0 a5001aa0 a4401aa0 a5401aa0 
00017250: a6001aa0 a7001aa0 a6401aa0 a7401aa0 
00017260: a4801aa0 a5801aa0 a4c01aa0 a5c01aa0 
00017270: a6801aa0 a7801aa0 a6c01aa0 a7c01aa0 
00017280: a0001ba0 a1001ba0 a0401ba0 a1401ba0 
00017290: a2001ba0 a3001ba0 a2401ba0 a3401ba0 
000172a0: a0801ba0 a1801ba0 a0c01ba0 a1c01ba0 
000172b0: a2801ba0 a3801ba0 a2c01ba0 a3c01ba0 
000172c0: a4001ba0 a5001ba0 a4401ba0 a5401ba0 
000172d0: a6001ba0 a7001ba0 a6401ba0 a7401ba0 
000172e0: a4801ba0 a5801ba0 a4c01ba0 a5c01ba0 
000172f0: a6801ba0 a7801ba0 a6c01ba0 a7c01ba0 
00017300: a8001aa0 a9001aa0 a8401aa0 a9401aa0 
00017310: aa001aa0 ab001aa0 aa401aa0 ab401aa0 
00017320: a8801aa0 a9801aa0 a8c01aa0 a9c01aa0 
00017330: aa801aa0 ab801aa0 aac01aa0 abc01aa0 
00017340: ac001aa0 ad001aa0 ac401aa0 ad401aa0 
00017350: ae001aa0 af001aa0 ae401aa0 af401aa0 
00017360: ac801aa0 ad801aa0 acc01aa0 adc01aa0 
00017370: ae801aa0 af801aa0 aec01aa0 afc01aa0 
00017380: a8001ba0 a9001ba0 a8401ba0 a9401ba0 
00017390: aa001ba0 ab001ba0 aa401ba0 ab401ba0 
000173a0: a8801ba0 a9801ba0 a8c01ba0 a9c01ba0 
000173b0: aa801ba0 ab801ba0 aac01ba0 abc01ba0 
000173c0: ac001ba0 ad001ba0 ac401ba0 ad401ba0 
000173d0: ae001ba0 af001ba0 ae401ba0 af401ba0 
000173e0: ac801ba0 ad801ba0 acc01ba0 adc01ba0 
000173f0: ae801ba0 af801ba0 aec01ba0 afc01ba0 
00017400: b00018a0 b10018a0 b04018a0 b14018a0 
00017410: b20018a0 b30018a0 b24018a0 b34018a0 
00017420: b08018a0 b18018a0 b0c018a0 b1c018a0 
00017430: b28018a0 b38018a0 b2c018a0 b3c018a0 
00017440: b40018a0 b50018a0 b44018a0 b54018a0 
00017450: b60018a0 b70018a0 b64018a0 b74018a0 
00017460: b48018a0 b58018a0 b4c018a0 b5c018a0 
00017470: b68018a0 b78018a0 b6c018a0 b7c018a0 
00017480: b00019a0 b10019a0 b04019a0 b14019a0 
00017490: b20019a0 b30019a0 b24019a0 b34019a0 
000174a0: b08019a0 b18019a0 b0c019a0 b1c019a0 
000174b0: b28019a0 b38019a0 b2c019a0 b3c019a0 
000174c0: b40019a0 b50019a0 b44019a0 b54019a0 
000174d0: b60019a0 b70019a0 b64019a0 b74019a0 
000174e0: b48019a0 b58019a0 b4c019a0 b5c019a0 
000174f0: b68019a0 b78019a0 b6c019a0 b7c019a0 
00017500: b80018a0 b90018a0 b84018a0 b94018a0 
00017510: ba0018a0 bb0018a0 ba4018a0 bb4018a0 
00017520: b88018a0 b98018a0 b8c018a0 b9c018a0 
00017530: ba8018a0 bb8018a0 bac018a0 bbc018a0 
00017540: bc0018a0 bd0018a0 bc4018a0 bd4018a0 
00017550: be0018a0 bf0018a0 be4018a0 bf4018a0 
00017560: bc8018a0 bd8018a0 bcc018a0 bdc018a0 
00017570: be8018a0 bf8018a0 bec018a0 bfc018a0 
00017580: b80019a0 b90019a0 b84019a0 b94019a0 
00017590: ba0019a0 bb0019a0 ba4019a0 bb4019a0 
000175a0: b88019a0 b98019a0 b8c019a0 b9c019a0 
000175b0: ba8019a0 bb8019a0 bac019a0 bbc019a0 
000175c0: bc0019a0 bd0019a0 bc4019a0 bd4019a0 
000175d0: be0019a0 bf0019a0 be4019a0 bf4019a0 
000175e0: bc8019a0 bd8019a0 bcc019a0 bdc019a0 
000175f0: be8019a0 bf8019a0 bec019a0 bfc019a0 
00017600: b0001aa0 b1001aa0 b0401aa0 b1401aa0 
00017610: b2001aa0 b3001aa0 b2401aa0 b3401aa0 
00017620: b0801aa0 b1801aa0 b0c01aa0 b1c01aa0 
00017630: b2801aa0 b3801aa0 b2c01aa0 b3c01aa0 
00017640: b4001aa0 b5001aa0 b4401aa0 b5401aa0 
00017650: b6001aa0 b7001aa0 b6401aa0 b7401aa0 
00017660: b4801aa0 b5801aa0 b4c01aa0 b5c01aa0 
00017670: b6801aa0 b7801aa0 b6c01aa0 b7c01aa0 
00017680: b0001ba0 b1001ba0 b0401ba0 b1401ba0 
00017690: b2001ba0 b3001ba0 b2401ba0 b3401ba0 
000176a0: b0801ba0 b1801ba0 b0c01ba0 b1c01ba0 
000176b0: b2801ba0 b3801ba0 b2c01ba0 b3c01ba0 
000176c0: b4001ba0 b5001ba0 b4401ba0 b5401ba0 
000176d0: b6001ba0 b7001ba0 b6401ba0 b7401ba0 
000176e0: b4801ba0 b5801ba0 b4c01ba0 b5c01ba0 
000176f0: b6801ba0 b7801ba0 b6c01ba0 b7c01ba0 
00017700: b8001aa0 b9001aa0 b8401aa0 b9401aa0 
00017710: ba001aa0 bb001aa0 ba401aa0 bb401aa0 
00017720: b8801aa0 b9801aa0 b8c01aa0 b9c01aa0 
00017730: ba801aa0 bb801aa0 bac01aa0 bbc01aa0 
00017740: bc001aa0 bd001aa0 bc401aa0 bd401aa0 
00017750: be001aa0 bf001aa0 be401aa0 bf401aa0 
00017760: bc801aa0 bd801aa0 bcc01aa0 bdc01aa0 
00017770: be801aa0 bf801aa0 bec01aa0 bfc01aa0 
00017780: b8001ba0 b9001ba0 b8401ba0 b9401ba0 
00017790: ba001ba0 bb001ba0 ba401ba0 bb401ba0 
000177a0: b8801ba0 b9801ba0 b8c01ba0 b9c01ba0 
000177b0: ba801ba0 bb801ba0 bac01ba0 bbc01ba0 
000177c0: bc001ba0 bd001ba0 bc401ba0 bd401ba0 
000177d0: be001ba0 bf001ba0 be401ba0 bf401ba0 
000177e0: bc801ba0 bd801ba0 bcc01ba0 bdc01ba0 
000177f0: be801ba0 bf801ba0 bec01ba0 bfc01ba0 
00017800: a0001ca0 a1001ca0 a0401ca0 a1401ca0 
00017810: a2001ca0 a3001ca0 a2401ca0 a3401ca0 
00017820: a0801ca0 a1801ca0 a0c01ca0 a1c01ca0 
00017830: a2801ca0 a3801ca0 a2c01ca0 a3c01ca0 
00017840: a4001ca0 a5001ca0 a4401ca0 a5401ca0 
00017850: a6001ca0 a7001ca0 a6401ca0 a7401ca0 
00017860: a4801ca0 a5801ca0 a4c01ca0 a5c01ca0 
00017870: a6801ca0 a7801ca0 a6c01ca0 a7c01ca0 
00017880: a0001da0 a1001da0 a0401da0 a1401da0 
00017890: a2001da0 a3001da0 a2401da0 a3401da0 
000178a0: a0801da0 a1801da0 a0c01da0 a1c01da0 
000178b0: a2801da0 a3801da0 a2c01da0 a3c01da0 
000178c0: a4001da0 a5001da0 a4401da0 a5401da0 
000178d0: a6001da0 a7001da0 a6401da0 a7401da0 
000178e0: a4801da0 a5801da0 a4c01da0 a5c01da0 
000178f0: a6801da0 a7801da0 a6c01da0 a7c01da0 
00017900: a8001ca0 a9001ca0 a8401ca0 a9401ca0 
00017910: aa001ca0 ab001ca0 aa401ca0 ab401ca0 
00017920: a8801ca0 a9801ca0 a8c01ca0 a9c01ca0 
00017930: aa801ca0 ab801ca0 aac01ca0 abc01ca0 
00017940: ac001ca0 ad001ca0 ac401ca0 ad401ca0 
00017950: ae001ca0 af001ca0 ae401ca0 af401ca0 
00017960: ac801ca0 ad801ca0 acc01ca0 adc01ca0 
00017970: ae801ca0 af801ca0 aec01ca0 afc01ca0 
00017980: a8001da0 a9001da0 a8401da0 a9401da0 
00017990: aa001da0 ab001da0 aa401da0 ab401da0 
000179a0: a8801da0 a9801da0 a8c01da0 a9c01da0 
000179b0: aa801da0 ab801da0 aac01da0 abc01da0 
000179c0: ac001da0 ad001da0 ac401da0 ad401da0 
000179d0: ae001da0 af001da0 ae401da0 af401da0 
000179e0: ac801da0 ad801da0 acc01da0 adc01da0 
000179f0: ae801da0 af801da0 aec01da0 afc01da0 
00017a00: a0001ea0 a1001ea0 a0401ea0 a1401ea0 
00017a10: a2001ea0 a3001ea0 a2401ea0 a3401ea0 
00017a20: a0801ea0 a1801ea0 a0c01ea0 a1c01ea0 
00017a30: a2801ea0 a3801ea0 a2c01ea0 a3c01ea0 
00017a40: a4001ea0 a5001ea0 a4401ea0 a5401ea0 
00017a50: a6001ea0 a7001ea0 a6401ea0 a7401ea0 
00017a60: a4801ea0 a5801ea0 a4c01ea0 a5c01ea0 
00017a70: a6801ea0 a7801ea0 a6c01ea0 a7c01ea0 
00017a80: a0001fa0 a1001fa0 a0401fa0 a1401fa0 
00017a90: a2001fa0 a3001fa0 a2401fa0 a3401fa0 
00017aa0: a0801fa0 a1801fa0 a0c01fa0 a1c01fa0 
00017ab0: a2801fa0 a3801fa0 a2c01fa0 a3c01fa0 
00017ac0: a4001fa0 a5001fa0 a4401fa0 a5401fa0 
00017ad0: a6001fa0 a7001fa0 a6401fa0 a7401fa0 
00017ae0: a4801fa0 a5801fa0 a4c01fa0 a5c01fa0 
00017af0: a6801fa0 a7801fa0 a6c01fa0 a7c01fa0 
00017b00: a8001ea0 a9001ea0 a8401ea0 a9401ea0 
00017b10: aa001ea0 ab001ea0 aa401ea0 ab401ea0 
00017b20: a8801ea0 a9801ea0 a8c01ea0 a9c01ea0 
00017b30: aa801ea0 ab801ea0 aac01ea0 abc01ea0 
00017b40: ac001ea0 ad001ea0 ac401ea0 ad401ea0 
00017b50: ae001ea0 af001ea0 ae401ea0 af401ea0 
00017b60: ac801ea0 ad801ea0 acc01ea0 adc01ea0 
00017b70: ae801ea0 af801ea0 aec01ea0 afc01ea0 
00017b80: a8001fa0 a9001fa0 a8401fa0 a9401fa0 
00017b90: aa001fa0 ab001fa0 aa401fa0 ab401fa0 
00017ba0: a8801fa0 a9801fa0 a8c01fa0 a9c01fa0 
00017bb0: aa801fa0 ab801fa0 aac01fa0 abc01fa0 
00017bc0: ac001fa0 ad001fa0 ac401fa0 ad401fa0 
00017bd0: ae001fa0 af001fa0 ae401fa0 af401fa0 
00017be0: ac801fa0 ad801fa0 acc01fa0 adc01fa0 
00017bf0: ae801fa0 af801fa0 aec01fa0 afc01fa0 
00017c00: b0001ca0 b1001ca0 b0401ca0 b1401ca0 
00017c10: b2001ca0 b3001ca0 b2401ca0 b3401ca0 
00017c20: b0801ca0 b1801ca0 b0c01ca0 b1c01ca0 
00017c30: b2801ca0 b3801ca0 b2c01ca0 b3c01ca0 
00017c40: b4001ca0 b5001ca0 b4401ca0 b5401ca0 
00017c50: b6001ca0 b7001ca0 b6401ca0 b7401ca0 
00017c60: b4801ca0 b5801ca0 b4c01ca0 b5c01ca0 
00017c70: b6801ca0 b7801ca0 b6c01ca0 b7c01ca0 
00017c80: b0001da0 b1001da0 b0401da0 b1401da0 
00017c90: b2001da0 b3001da0 b2401da0 b3401da0 
00017ca0: b0801da0 b1801da0 b0c01da0 b1c01da0 
00017cb0: b2801da0 b3801da0 b2c01da0 b3c01da0 
00017cc0: b4001da0 b5001da0 b4401da0 b5401da0 
00017cd0: b6001da0 b7001da0 b6401da0 b7401da0 
00017ce0: b4801da0 b5801da0 b4c01da0 b5c01da0 
00017cf0: b6801da0 b7801da0 b6c01da0 b7c01da0 
00017d00: b8001ca0 b9001ca0 b8401ca0 b9401ca0 
00017d10: ba001ca0 bb001ca0 ba401ca0 bb401ca0 
00017d20: b8801ca0 b9801ca0 b8c01ca0 b9c01ca0 
00017d30: ba801ca0 bb801ca0 bac01ca0 bbc01ca0 
00017d40: bc001ca0 bd001ca0 bc401ca0 bd401ca0 
00017d50: be001ca0 bf001ca0 be401ca0 bf401ca0 
00017d60: bc801ca0 bd801ca0 bcc01ca0 bdc01ca0 
00017d70: be801ca0 bf801ca0 bec01ca0 bfc01ca0 
00017d80: b8001da0 b9001da0 b8401da0 b9401da0 
00017d90: ba001da0 bb001da0 ba401da0 bb401da0 
00017da0: b8801da0 b9801da0 b8c01da0 b9c01da0 
00017db0: ba801da0 bb801da0 bac01da0 bbc01da0 
00017dc0: bc001da0 bd001da0 bc401da0 bd401da0 
00017dd0: be001da0 bf001da0 be401da0 bf401da0 
00017de0: bc801da0 bd801da0 bcc01da0 bdc01da0 
00017df0: be801da0 bf801da0 bec01da0 bfc01da0 
00017e00: b0001ea0 b1001ea0 b0401ea0 b1401ea0 
00017e10: b2001ea0 b3001ea0 b2401ea0 b3401ea0 
00017e20: b0801ea0 b1801ea0 b0c01ea0 b1c01ea0 
00017e30: b2801ea0 b3801ea0 b2c01ea0 b3c01ea0 
00017e40: b4001ea0 b5001ea0 b4401ea0 b5401ea0 
00017e50: b6001ea0 b7001ea0 b6401ea0 b7401ea0 
00017e60: b4801ea0 b5801ea0 b4c01ea0 b5c01ea0 
00017e70: b6801ea0 b7801ea0 b6c01ea0 b7c01ea0 
00017e80: b0001fa0 b1001fa0 b0401fa0 b1401fa0 
00017e90: b2001fa0 b3001fa0 b2401fa0 b3401fa0 
00017ea0: b0801fa0 b1801fa0 b0c01fa0 b1c01fa0 
00017eb0: b2801fa0 b3801fa0 b2c01fa0 b3c01fa0 
00017ec0: b4001fa0 b5001fa0 b4401fa0 b5401fa0 
00017ed0: b6001fa0 b7001fa0 b6401fa0 b7401fa0 
00017ee0: b4801fa0 b5801fa0 b4c01fa0 b5c01fa0 
00017ef0: b6801fa0 b7801fa0 b6c01fa0 b7c01fa0 
00017f00: b8001ea0 b9001ea0 b8401ea0 b9401ea0 
00017f10: ba001ea0 bb001ea0 ba401ea0 bb401ea0 
00017f20: b8801ea0 b9801ea0 b8c01ea0 b9c01ea0 
00017f30: ba801ea0 bb801ea0 bac01ea0 bbc01ea0 
00017f40: bc001ea0 bd001ea0 bc401ea0 bd401ea0 
00017f50: be001ea0 bf001ea0 be401ea0 bf401ea0 
00017f60: bc801ea0 bd801ea0 bcc01ea0 bdc01ea0 
00017f70: be801ea0 bf801ea0 bec01ea0 bfc01ea0 
00017f80: b8001fa0 b9001fa0 b8401fa0 b9401fa0 
00017f90: ba001fa0 bb001fa0 ba401fa0 bb401fa0 
00017fa0: b8801fa0 b9801fa0 b8c01fa0 b9c01fa0 
00017fb0: ba801fa0 bb801fa0 bac01fa0 bbc01fa0 
00017fc0: bc001fa0 bd001fa0 bc401fa0 bd401fa0 
00017fd0: be001fa0 bf001fa0 be401fa0 bf401fa0 
00017fe0: bc801fa0 bd801fa0 bcc01fa0 bdc01fa0 
00017ff0: be801fa0 bf801fa0 bec01fa0 bfc01fa0 
00018000: 000020a0 010020a0 004020a0 014020a0 
00018010: 020020a0 030020a0 024020a0 034020a0 
00018020: 008020a0 018020a0 00c020a0 01c020a0 
00018030: 028020a0 038020a0 02c020a0 03c020a0 
00018040: 040020a0 050020a0 044020a0 054020a0 
00018050: 060020a0 070020a0 064020a0 074020a0 
00018060: 048020a0 058020a0 04c020a0 05c020a0 
00018070: 068020a0 078020a0 06c020a0 07c020a0 
00018080: 000021a0 010021a0 004021a0 014021a0 
00018090: 020021a0 030021a0 024021a0 034021a0 
000180a0: 008021a0 018021a0 00c021a0 01c021a0 
000180b0: 028021a0 038021a0 02c021a0 03c021a0 
000180c0: 040021a0 050021a0 044021a0 054021a0 
000180d0: 060021a0 070021a0 064021a0 074021a0 
000180e0: 048021a0 058021a0 04c021a0 05c021a0 
000180f0: 068021a0 078021a0 06c021a0 07c021a0 
00018100: 080020a0 090020a0 084020a0 094020a0 
00018110: 0a0020a0 0b0020a0 0a4020a0 0b4020a0 
00018120: 088020a0 098020a0 08c020a0 09c020a0 
00018130: 0a8020a0 0b8020a0 0ac020a0 0bc020a0 
00018140: 0c0020a0 0d0020a0 0c4020a0 0d4020a0 
00018150: 0e0020a0 0f0020a0 0e4020a0 0f4020a0 
00018160: 0c8020a0 0d8020a0 0cc020a0 0dc020a0 
00018170: 0e8020a0 0f8020a0 0ec020a0 0fc020a0 
00018180: 080021a0 090021a0 084021a0 094021a0 
00018190: 0a0021a0 0b0021a0 0a4021a0 0b4021a0 
000181a0: 088021a0 098021a0 08c021a0 09c021a0 
000181b0: 0a8021a0 0b8021a0 0ac021a0 0bc021a0 
000181c0: 0c0021a0 0d0021a0 0c4021a0 0d4021a0 
000181d0: 0e0021a0 0f0021a0 0e4021a0 0f4021a0 
000181e0: 0c8021a0 0d8021a0 0cc021a0 0dc021a0 
000181f0: 0e8021a0 0f8021a0 0ec021a0 0fc021a0 
00018200: 000022a0 010022a0 004022a0 014022a0 
00018210: 020022a0 030022a0 024022a0 034022a0 
00018220: 008022a0 018022a0 00c022a0 01c022a0 
00018230: 028022a0 038022a0 02c022a0 03c022a0 
00018240: 040022a0 050022a0 044022a0 054022a0 
00018250: 060022a0 070022a0 064022a0 074022a0 
00018260: 048022a0 058022a0 04c022a0 05c022a0 
00018270: 068022a0 078022a0 06c022a0 07c022a0 
00018280: 000023a0 010023a0 004023a0 014023a0 
00018290: 020023a0 030023a0 024023a0 034023a0 
000182a0: 008023a0 018023a0 00c023a0 01c023a0 
000182b0: 028023a0 038023a0 02c023a0 03c023a0 
000182c0: 040023a0 050023a0 044023a0 054023a0 
000182d0: 060023a0 070023a0 064023a0 074023a0 
000182e0: 048023a0 058023a0 04c023a0 05c023a0 
000182f0: 068023a0 078023a0 06c023a0 07c023a0 
00018300: 080022a0 090022a0 084022a0 094022a0 
00018310: 0a0022a0 0b0022a0 0a4022a0 0b4022a0 
00018320: 088022a0 098022a0 08c022a0 09c022a0 
00018330: 0a8022a0 0b8022a0 0ac022a0 0bc022a0 
00018340: 0c0022a0 0d0022a0 0c4022a0 0d4022a0 
00018350: 0e0022a0 0f0022a0 0e4022a0 0f4022a0 
00018360: 0c8022a0 0d8022a0 0cc022a0 0dc022a0 
00018370: 0e8022a0 0f8022a0 0ec022a0 0fc022a0 
00018380: 080023a0 090023a0 084023a0 094023a0 
00018390: 0a0023a0 0b0023a0 0a4023a0 0b4023a0 
000183a0: 088023a0 098023a0 08c023a0 09c023a0 
000183b0: 0a8023a0 0b8023a0 0ac023a0 0bc023a0 
000183c0: 0c0023a0 0d0023a0 0c4023a0 0d4023a0 
000183d0: 0e0023a0 0f0023a0 0e4023a0 0f4023a0 
000183e0: 0c8023a0 0d8023a0 0cc023a0 0dc023a0 
000183f0: 0e8023a0 0f8023a0 0ec023a0 0fc023a0 
00018400: 100020a0 110020a0 104020a0 114020a0 
00018410: 120020a0 130020a0 124020a0 134020a0 
00018420: 108020a0 118020a0 10c020a0 11c020a0 
00018430: 128020a0 138020a0 12c020a0 13c020a0 
00018440: 140020a0 150020a0 144020a0 154020a0 
00018450: 160020a0 170020a0 164020a0 174020a0 
00018460: 148020a0 158020a0 14c020a0 15c020a0 
00018470: 168020a0 178020a0 16c020a0 17c020a0 
00018480: 100021a0 110021a0 104021a0 114021a0 
00018490: 120021a0 130021a0 124021a0 134021a0 
000184a0: 108021a0 118021a0 10c021a0 11c021a0 
000184b0: 128021a0 138021a0 12c021a0 13c021a0 
000184c0: 140021a0 150021a0 144021a0 154021a0 
000184d0: 160021a0 170021a0 164021a0 174021a0 
000184e0: 148021a0 158021a0 14c021a0 15c021a0 
000184f0: 168021a0 178021a0 16c021a0 17c021a0 
00018500: 180020a0 190020a0 184020a0 194020a0 
00018510: 1a0020a0 1b0020a0 1a4020a0 1b4020a0 
00018520: 188020a0 198020a0 18c020a0 19c020a0 
00018530: 1a8020a0 1b8020a0 1ac020a0 1bc020a0 
00018540: 1c0020a0 1d0020a0 1c4020a0 1d4020a0 
00018550: 1e0020a0 1f0020a0 1e4020a0 1f4020a0 
00018560: 1c8020a0 1d8020a0 1cc020a0 1dc020a0 
00018570: 1e8020a0 1f8020a0 1ec020a0 1fc020a0 
00018580: 180021a0 190021a0 184021a0 194021a0 
00018590: 1a0021a0 1b0021a0 1a4021a0 1b4021a0 
000185a0: 188021a0 198021a0 18c021a0 19c021a0 
000185b0: 1a8021a0 1b8021a0 1ac021a0 1bc021a0 
000185c0: 1c0021a0 1d0021a0 1c4021a0 1d4021a0 
000185d0: 1e0021a0 1f0021a0 1e4021a0 1f4021a0 
000185e0: 1c8021a0 1d8021a0 1cc021a0 1dc021a0 
000185f0: 1e8021a0 1f8021a0 1ec021a0 1fc021a0 
00018600: 100022a0 110022a0 104022a0 114022a0 
00018610: 120022a0 130022a0 124022a0 134022a0 
00018620: 108022a0 118022a0 10c022a0 11c022a0 
00018630: 128022a0 138022a0 12c022a0 13c022a0 
00018640: 140022a0 150022a0 144022a0 154022a0 
00018650: 160022a0 170022a0 164022a0 174022a0 
00018660: 148022a0 158022a0 14c022a0 15c022a0 
00018670: 168022a0 178022a0 16c022a0 17c022a0 
00018680: 100023a0 110023a0 104023a0 114023a0 
00018690: 120023a0 130023a0 124023a0 134023a0 
000186a0: 108023a0 118023a0 10c023a0 11c023a0 
000186b0: 128023a0 138023a0 12c023a0 13c023a0 
000186c0: 140023a0 150023a0 144023a0 154023a0 
000186d0: 160023a0 170023a0 164023a0 174023a0 
000186e0: 148023a0 158023a0 14c023a0 15c023a0 
000186f0: 168023a0 178023a0 16c023a0 17c023a0 
00018700: 180022a0 190022a0 184022a0 194022a0 
00018710: 1a0022a0 1b0022a0 1a4022a0 1b4022a0 
00018720: 188022a0 198022a0 18c022a0 19c022a0 
00018730: 1a8022a0 1b8022a0 1ac022a0 1bc022a0 
00018740: 1c0022a0 1d0022a0 1c4022a0 1d4022a0 
00018750: 1e0022a0 1f0022a0 1e4022a0 1f4022a0 
00018760: 1c8022a0 1d8022a0 1cc022a0 1dc022a0 
00018770: 1e8022a0 1f8022a0 1ec022a0 1fc022a0 
00018780: 180023a0 190023a0 184023a0 194023a0 
00018790: 1a0023a0 1b0023a0 1a4023a0 1b4023a0 
000187a0: 188023a0 198023a0 18c023a0 19c023a0 
000187b0: 1a8023a0 1b8023a0 1ac023a0 1bc023a0 
000187c0: 1c0023a0 1d0023a0 1c4023a0 1d4023a0 
000187d0: 1e0023a0 1f0023a0 1e4023a0 1f4023a0 
000187e0: 1c8023a0 1d8023a0 1cc023a0 1dc023a0 
000187f0: 1e8023a0 1f8023a0 1ec023a0 1fc023a0 
00018800: 000024a0 010024a0 004024a0 014024a0 
00018810: 020024a0 030024a0 024024a0 034024a0 
00018820: 008024a0 018024a0 00c024a0 01c024a0 
00018830: 028024a0 038024a0 02c024a0 03c024a0 
00018840: 040024a0 050024a0 044024a0 054024a0 
00018850: 060024a0 070024a0 064024a0 074024a0 
00018860: 048024a0 058024a0 04c024a0 05c024a0 
00018870: 068024a0 078024a0 06c024a0 07c024a0 
00018880: 000025a0 010025a0 004025a0 014025a0 
00018890: 020025a0 030025a0 024025a0 034025a0 
000188a0: 008025a0 018025a0 00c025a0 01c025a0 
000188b0: 028025a0 038025a0 02c025a0 03c025a0 
000188c0: 040025a0 050025a0 044025a0 054025a0 
000188d0: 060025a0 070025a0 064025a0 074025a0 
000188e0: 048025a0 058025a0 04c025a0 05c025a0 
000188f0: 068025a0 078025a0 06c025a0 07c025a0 
00018900: 080024a0 090024a0 084024a0 094024a0 
00018910: 0a0024a0 0b0024a0 0a4024a0 0b4024a0 
00018920: 088024a0 098024a0 08c024a0 09c024a0 
00018930: 0a8024a0 0b8024a0 0ac024a0 0bc024a0 
00018940: 0c0024a0 0d0024a0 0c4024a0 0d4024a0 
00018950: 0e0024a0 0f0024a0 0e4024a0 0f4024a0 
00018960: 0c8024a0 0d8024a0 0cc024a0 0dc024a0 
00018970: 0e8024a0 0f8024a0 0ec024a0 0fc024a0 
00018980: 080025a0 090025a0 084025a0 094025a0 
00018990: 0a0025a0 0b0025a0 0a4025a0 0b4025a0 
000189a0: 088025a0 098025a0 08c025a0 09c025a0 
000189b0: 0a8025a0 0b8025a0 0ac025a0 0bc025a0 
000189c0: 0c0025a0 0d0025a0 0c4025a0 0d4025a0 
000189d0: 0e0025a0 0f0025a0 0e4025a0 0f4025a0 
000189e0: 0c8025a0 0d8025a0 0cc025a0 0dc025a0 
000189f0: 0e8025a0 0f8025a0 0ec025a0 0fc025a0 
00018a00: 000026a0 010026a0 004026a0 014026a0 
00018a10: 020026a0 030026a0 024026a0 034026a0 
00018a20: 008026a0 018026a0 00c026a0 01c026a0 
00018a30: 028026a0 038026a0 02c026a0 03c026a0 
00018a40: 040026a0 050026a0 044026a0 054026a0 
00018a50: 060026a0 070026a0 064026a0 074026a0 
00018a60: 048026a0 058026a0 04c026a0 05c026a0 
00018a70: 068026a0 078026a0 06c026a0 07c026a0 
00018a80: 000027a0 010027a0 004027a0 014027a0 
00018a90: 020027a0 030027a0 024027a0 034027a0 
00018aa0: 008027a0 018027a0 00c027a0 01c027a0 
00018ab0: 028027a0 038027a0 02c027a0 03c027a0 
00018ac0: 040027a0 050027a0 044027a0 054027a0 
00018ad0: 060027a0 070027a0 064027a0 074027a0 
00018ae0: 048027a0 058027a0 04c027a0 05c027a0 
00018af0: 068027a0 078027a0 06c027a0 07c027a0 
00018b00: 080026a0 090026a0 084026a0 094026a0 
00018b10: 0a0026a0 0b0026a0 0a4026a0 0b4026a0 
00018b20: 088026a0 098026a0 08c026a0 09c026a0 
00018b30: 0a8026a0 0b8026a0 0ac026a0 0bc026a0 
00018b40: 0c0026a0 0d0026a0 0c4026a0 0d4026a0 
00018b50: 0e0026a0 0f0026a0 0e4026a0 0f4026a0 
00018b60: 0c8026a0 0d8026a0 0cc026a0 0dc026a0 
00018b70: 0e8026a0 0f8026a0 0ec026a0 0fc026a0 
00018b80: 080027a0 090027a0 084027a0 094027a0 
00018b90: 0a0027a0 0b0027a0 0a4027a0 0b4027a0 
00018ba0: 088027a0 098027a0 08c027a0 09c027a0 
00018bb0: 0a8027a0 0b8027a0 0ac027a0 0bc027a0 
00018bc0: 0c0027a0 0d0027a0 0c4027a0 0d4027a0 
00018bd0: 0e0027a0 0f0027a0 0e4027a0 0f4027a0 
00018be0: 0c8027a0 0d8027a0 0cc027a0 0dc027a0 
00018bf0: 0e8027a0 0f8027a0 0ec027a0 0fc027a0 
00018c00: 100024a0 110024a0 104024a0 114024a0 
00018c10: 120024a0 130024a0 124024a0 134024a0 
00018c20: 108024a0 118024a0 10c024a0 11c024a0 
00018c30: 128024a0 138024a0 12c024a0 13c024a0 
00018c40: 140024a0 150024a0 144024a0 154024a0 
00018c50: 160024a0 170024a0 164024a0 174024a0 
00018c60: 148024a0 158024a0 14c024a0 15c024a0 
00018c70: 168024a0 178024a0 16c024a0 17c024a0 
00018c80: 100025a0 110025a0 104025a0 114025a0 
00018c90: 120025a0 130025a0 124025a0 134025a0 
00018ca0: 108025a0 118025a0 10c025a0 11c025a0 
00018cb0: 128025a0 138025a0 12c025a0 13c025a0 
00018cc0: 140025a0 150025a0 144025a0 154025a0 
00018cd0: 160025a0 170025a0 164025a0 174025a0 
00018ce0: 148025a0 158025a0 14c025a0 15c025a0 
00018cf0: 168025a0 178025a0 16c025a0 17c025a0 
00018d00: 180024a0 190024a0 184024a0 194024a0 
00018d10: 1a0024a0 1b0024a0 1a4024a0 1b4024a0 
00018d20: 188024a0 198024a0 18c024a0 19c024a0 
00018d30: 1a8024a0 1b8024a0 1ac024a0 1bc024a0 
00018d40: 1c0024a0 1d0024a0 1c4024a0 1d4024a0 
00018d50: 1e0024a0 1f0024a0 1e4024a0 1f4024a0 
00018d60: 1c8024a0 1d8024a0 1cc024a0 1dc024a0 
00018d70: 1e8024a0 1f8024a0 1ec024a0 1fc024a0 
00018d80: 180025a0 190025a0 184025a0 194025a0 
00018d90: 1a0025a0 1b0025a0 1a4025a0 1b4025a0 
00018da0: 188025a0 198025a0 18c025a0 19c025a0 
00018db0: 1a8025a0 1b8025a0 1ac025a0 1bc025a0 
00018dc0: 1c0025a0 1d0025a0 1c4025a0 1d4025a0 
00018dd0: 1e0025a0 1f0025a0 1e4025a0 1f4025a0 
00018de0: 1c8025a0 1d8025a0 1cc025a0 1dc025a0 
00018df0: 1e8025a0 1f8025a0 1ec025a0 1fc025a0 
00018e00: 100026a0 110026a0 104026a0 114026a0 
00018e10: 120026a0 130026a0 124026a0 134026a0 
00018e20: 108026a0 118026a0 10c026a0 11c026a0 
00018e30: 128026a0 138026a0 12c026a0 13c026a0 
00018e40: 140026a0 150026a0 144026a0 154026a0 
00018e50: 160026a0 170026a0 164026a0 174026a0 
00018e60: 148026a0 158026a0 14c026a0 15c026a0 
00018e70: 168026a0 178026a0 16c026a0 17c026a0 
00018e80: 100027a0 110027a0 104027a0 114027a0 
00018e90: 120027a0 130027a0 124027a0 134027a0 
00018ea0: 108027a0 118027a0 10c027a0 11c027a0 
00018eb0: 128027a0 138027a0 12c027a0 13c027a0 
00018ec0: 140027a0 150027a0 144027a0 154027a0 
00018ed0: 160027a0 170027a0 164027a0 174027a0 
00018ee0: 148027a0 158027a0 14c027a0 15c027a0 
00018ef0: 168027a0 178027a0 16c027a0 17c027a0 
00018f00: 180026a0 190026a0 184026a0 194026a0 
00018f10: 1a0026a0 1b0026a0 1a4026a0 1b4026a0 
00018f20: 188026a0 198026a0 18c026a0 19c026a0 
00018f30: 1a8026a0 1b8026a0 1ac026a0 1bc026a0 
00018f40: 1c0026a0 1d0026a0 1c4026a0 1d4026a0 
00018f50: 1e0026a0 1f0026a0 1e4026a0 1f4026a0 
00018f60: 1c8026a0 1d8026a0 1cc026a0 1dc026a0 
00018f70: 1e8026a0 1f8026a0 1ec026a0 1fc026a0 
00018f80: 180027a0 190027a0 184027a0 194027a0 
00018f90: 1a0027a0 1b0027a0 1a4027a0 1b4027a0 
00018fa0: 188027a0 198027a0 18c027a0 19c027a0 
00018fb0: 1a8027a0 1b8027a0 1ac027a0 1bc027a0 
00018fc0: 1c0027a0 1d0027a0 1c4027a0 1d4027a0 
00018fd0: 1e0027a0 1f0027a0 1e4027a0 1f4027a0 
00018fe0: 1c8027a0 1d8027a0 1cc027a0 1dc027a0 
00018ff0: 1e8027a0 1f8027a0 1ec027a0 1fc027a0 
00019000: 200020a0 210020a0 204020a0 214020a0 
00019010: 220020a0 230020a0 224020a0 234020a0 
00019020: 208020a0 218020a0 20c020a0 21c020a0 
00019030: 228020a0 238020a0 22c020a0 23c020a0 
00019040: 240020a0 250020a0 244020a0 254020a0 
00019050: 260020a0 270020a0 264020a0 274020a0 
00019060: 248020a0 258020a0 24c020a0 25c020a0 
00019070: 268020a0 278020a0 26c020a0 27c020a0 
00019080: 200021a0 210021a0 204021a0 214021a0 
00019090: 220021a0 230021a0 224021a0 234021a0 
000190a0: 208021a0 218021a0 20c021a0 21c021a0 
000190b0: 228021a0 238021a0 22c021a0 23c021a0 
000190c0: 240021a0 250021a0 244021a0 254021a0 
000190d0: 260021a0 270021a0 264021a0 274021a0 
000190e0: 248021a0 258021a0 24c021a0 25c021a0 
000190f0: 268021a0 278021a0 26c021a0 27c021a0 
00019100: 280020a0 290020a0 284020a0 294020a0 
00019110: 2a0020a0 2b0020a0 2a4020a0 2b4020a0 
00019120: 288020a0 298020a0 28c020a0 29c020a0 
00019130: 2a8020a0 2b8020a0 2ac020a0 2bc020a0 
00019140: 2c0020a0 2d0020a0 2c4020a0 2d4020a0 
00019150: 2e0020a0 2f0020a0 2e4020a0 2f4020a0 
00019160: 2c8020a0 2d8020a0 2cc020a0 2dc020a0 
00019170: 2e8020a0 2f8020a0 2ec020a0 2fc020a0 
00019180: 280021a0 290021a0 284021a0 294021a0 
00019190: 2a0021a0 2b0021a0 2a4021a0 2b4021a0 
000191a0: 288021a0 298021a0 28c021a0 29c021a0 
000191b0: 2a8021a0 2b8021a0 2ac021a0 2bc021a0 
000191c0: 2c0021a0 2d0021a0 2c4021a0 2d4021a0 
000191d0: 2e0021a0 2f0021a0 2e4021a0 2f4021a0 
000191e0: 2c8021a0 2d8021a0 2cc021a0 2dc021a0 
000191f0: 2e8021a0 2f8021a0 2ec021a0 2fc021a0 
00019200: 200022a0 210022a0 204022a0 214022a0 
00019210: 220022a0 230022a0 224022a0 234022a0 
00019220: 208022a0 218022a0 20c022a0 21c022a0 
00019230: 228022a0 238022a0 22c022a0 23c022a0 
00019240: 240022a0 250022a0 244022a0 254022a0 
00019250: 260022a0 270022a0 264022a0 274022a0 
00019260: 248022a0 258022a0 24c022a0 25c022a0 
00019270: 268022a0 278022a0 26c022a0 27c022a0 
00019280: 200023a0 210023a0 204023a0 214023a0 
00019290: 220023a0 230023a0 224023a0 234023a0 
000192a0: 208023a0 218023a0 20c023a0 21c023a0 
000192b0: 228023a0 238023a0 22c023a0 23c023a0 
000192c0: 240023a0 250023a0 244023a0 254023a0 
000192d0: 260023a0 270023a0 264023a0 274023a0 
000192e0: 248023a0 258023a0 24c023a0 25c023a0 
000192f0: 268023a0 278023a0 26c023a0 27c023a0 
00019300: 280022a0 290022a0 284022a0 294022a0 
00019310: 2a0022a0 2b0022a0 2a4022a0 2b4022a0 
00019320: 288022a0 298022a0 28c022a0 29c022a0 
00019330: 2a8022a0 2b8022a0 2ac022a0 2bc022a0 
00019340: 2c0022a0 2d0022a0 2c4022a0 2d4022a0 
00019350: 2e0022a0 2f0022a0 2e4022a0 2f4022a0 
00019360: 2c8022a0 2d8022a0 2cc022a0 2dc022a0 
00019370: 2e8022a0 2f8022a0 2ec022a0 2fc022a0 
00019380: 280023a0 290023a0 284023a0 294023a0 
00019390: 2a0023a0 2b0023a0 2a4023a0 2b4023a0 
000193a0: 288023a0 298023a0 28c023a0 29c023a0 
000193b0: 2a8023a0 2b8023a0 2ac023a0 2bc023a0 
000193c0: 2c0023a0 2d0023a0 2c4023a0 2d4023a0 
000193d0: 2e0023a0 2f0023a0 2e4023a0 2f4023a0 
000193e0: 2c8023a0 2d8023a0 2cc023a0 2dc023a0 
000193f0: 2e8023a0 2f8023a0 2ec023a0 2fc023a0 
00019400: 300020a0 310020a0 304020a0 314020a0 
00019410: 320020a0 330020a0 324020a0 334020a0 
00019420: 308020a0 318020a0 30c020a0 31c020a0 
00019430: 328020a0 338020a0 32c020a0 33c020a0 
00019440: 340020a0 350020a0 344020a0 354020a0 
00019450: 360020a0 370020a0 364020a0 374020a0 
00019460: 348020a0 358020a0 34c020a0 35c020a0 
00019470: 368020a0 378020a0 36c020a0 37c020a0 
00019480: 300021a0 310021a0 304021a0 314021a0 
00019490: 320021a0 330021a0 324021a0 334021a0 
000194a0: 308021a0 318021a0 30c021a0 31c021a0 
000194b0: 328021a0 338021a0 32c021a0 33c021a0 
000194c0: 340021a0 350021a0 344021a0 354021a0 
000194d0: 360021a0 370021a0 364021a0 374021a0 
000194e0: 348021a0 358021a0 34c021a0 35c021a0 
000194f0: 368021a0 378021a0 36c021a0 37c021a0 
00019500: 380020a0 390020a0 384020a0 394020a0 
00019510: 3a0020a0 3b0020a0 3a4020a0 3b4020a0 
00019520: 388020a0 398020a0 38c020a0 39c020a0 
00019530: 3a8020a0 3b8020a0 3ac020a0 3bc020a0 
00019540: 3c0020a0 3d0020a0 3c4020a0 3d4020a0 
00019550: 3e0020a0 3f0020a0 3e4020a0 3f4020a0 
00019560: 3c8020a0 3d8020a0 3cc020a0 3dc020a0 
00019570: 3e8020a0 3f8020a0 3ec020a0 3fc020a0 
00019580: 380021a0 390021a0 384021a0 394021a0 
00019590: 3a0021a0 3b0021a0 3a4021a0 3b4021a0 
000195a0: 388021a0 398021a0 38c021a0 39c021a0 
000195b0: 3a8021a0 3b8021a0 3ac021a0 3bc021a0 
000195c0: 3c0021a0 3d0021a0 3c4021a0 3d4021a0 
000195d0: 3e0021a0 3f0021a0 3e4021a0 3f4021a0 
000195e0: 3c8021a0 3d8021a0 3cc021a0 3dc021a0 
000195f0: 3e8021a0 3f8021a0 3ec021a0 3fc021a0 
00019600: 300022a0 310022a0 304022a0 314022a0 
00019610: 320022a0 330022a0 324022a0 334022a0 
00019620: 308022a0 318022a0 30c022a0 31c022a0 
00019630: 328022a0 338022a0 32c022a0 33c022a0 
00019640: 340022a0 350022a0 344022a0 354022a0 
00019650: 360022a0 370022a0 364022a0 374022a0 
00019660: 348022a0 358022a0 34c022a0 35c022a0 
00019670: 368022a0 378022a0 36c022a0 37c022a0 
00019680: 300023a0 310023a0 304023a0 314023a0 
00019690: 320023a0 330023a0 324023a0 334023a0 
000196a0: 308023a0 318023a0 30c023a0 31c023a0 
000196b0: 328023a0 338023a0 32c023a0 33c023a0 
000196c0: 340023a0 350023a0 344023a0 354023a0 
000196d0: 360023a0 370023a0 364023a0 374023a0 
000196e0: 348023a0 358023a0 34c023a0 35c023a0 
000196f0: 368023a0 378023a0 36c023a0 37c023a0 
00019700: 380022a0 390022a0 384022a0 394022a0 
00019710: 3a0022a0 3b0022a0 3a4022a0 3b4022a0 
00019720: 388022a0 398022a0 38c022a0 39c022a0 
00019730: 3a8022a0 3b8022a0 3ac022a0 3bc022a0 
00019740: 3c0022a0 3d0022a0 3c4022a0 3d4022a0 
00019750: 3e0022a0 3f0022a0 3e4022a0 3f4022a0 
00019760: 3c8022a0 3d8022a0 3cc022a0 3dc022a0 
00019770: 3e8022a0 3f8022a0 3ec022a0 3fc022a0 
00019780: 380023a0 390023a0 384023a0 394023a0 
00019790: 3a0023a0 3b0023a0 3a4023a0 3b4023a0 
000197a0: 388023a0 398023a0 38c023a0 39c023a0 
000197b0: 3a8023a0 3b8023a0 3ac023a0 3bc023a0 
000197c0: 3c0023a0 3d0023a0 3c4023a0 3d4023a0 
000197d0: 3e0023a0 3f0023a0 3e4023a0 3f4023a0 
000197e0: 3c8023a0 3d8023a0 3cc023a0 3dc023a0 
000197f0: 3e8023a0 3f8023a0 3ec023a0 3fc023a0 
00019800: 200024a0 210024a0 204024a0 214024a0 
00019810: 220024a0 230024a0 224024a0 234024a0 
00019820: 208024a0 218024a0 20c024a0 21c024a0 
00019830: 228024a0 238024a0 22c024a0 23c024a0 
00019840: 240024a0 250024a0 244024a0 254024a0 
00019850: 260024a0 270024a0 264024a0 274024a0 
00019860: 248024a0 258024a0 24c024a0 25c024a0 
00019870: 268024a0 278024a0 26c024a0 27c024a0 
00019880: 200025a0 210025a0 204025a0 214025a0 
00019890: 220025a0 230025a0 224025a0 234025a0 
000198a0: 208025a0 218025a0 20c025a0 21c025a0 
000198b0: 228025a0 238025a0 22c025a0 23c025a0 
000198c0: 240025a0 250025a0 244025a0 254025a0 
000198d0: 260025a0 270025a0 264025a0 274025a0 
000198e0: 248025a0 258025a0 24c025a0 25c025a0 
000198f0: 268025a0 278025a0 26c025a0 27c025a0 
00019900: 280024a0 290024a0 284024a0 294024a0 
00019910: 2a0024a0 2b0024a0 2a4024a0 2b4024a0 
00019920: 288024a0 298024a0 28c024a0 29c024a0 
00019930: 2a8024a0 2b8024a0 2ac024a0 2bc024a0 
00019940: 2c0024a0 2d0024a0 2c4024a0 2d4024a0 
00019950: 2e0024a0 2f0024a0 2e4024a0 2f4024a0 
00019960: 2c8024a0 2d8024a0 2cc024a0 2dc024a0 
00019970: 2e8024a0 2f8024a0 2ec024a0 2fc024a0 
00019980: 280025a0 290025a0 284025a0 294025a0 
00019990: 2a0025a0 2b0025a0 2a4025a0 2b4025a0 
000199a0: 288025a0 298025a0 28c025a0 29c025a0 
000199b0: 2a8025a0 2b8025a0 2ac025a0 2bc025a0 
000199c0: 2c0025a0 2d0025a0 2c4025a0 2d4025a0 
000199d0: 2e0025a0 2f0025a0 2e4025a0 2f4025a0 
000199e0: 2c8025a0 2d8025a0 2cc025a0 2dc025a0 
000199f0: 2e8025a0 2f8025a0 2ec025a0 2fc025a0 
00019a00: 200026a0 210026a0 204026a0 214026a0 
00019a10: 220026a0 230026a0 224026a0 234026a0 
00019a20: 208026a0 218026a0 20c026a0 21c026a0 
00019a30: 228026a0 238026a0 22c026a0 23c026a0 
00019a40: 240026a0 250026a0 244026a0 254026a0 
00019a50: 260026a0 270026a0 264026a0 274026a0 
00019a60: 248026a0 258026a0 24c026a0 25c026a0 
00019a70: 268026a0 278026a0 26c026a0 27c026a0 
00019a80: 200027a0 210027a0 204027a0 214027a0 
00019a90: 220027a0 230027a0 224027a0 234027a0 
00019aa0: 208027a0 218027a0 20c027a0 21c027a0 
00019ab0: 228027a0 238027a0 22c027a0 23c027a0 
00019ac0: 240027a0 250027a0 244027a0 254027a0 
00019ad0: 260027a0 270027a0 264027a0 274027a0 
00019ae0: 248027a0 258027a0 24c027a0 25c027a0 
00019af0: 268027a0 278027a0 26c027a0 27c027a0 
00019b00: 280026a0 290026a0 284026a0 294026a0 
00019b10: 2a0026a0 2b0026a0 2a4026a0 2b4026a0 
00019b20: 288026a0 298026a0 28c026a0 29c026a0 
00019b30: 2a8026a0 2b8026a0 2ac026a0 2bc026a0 
00019b40: 2c0026a0 2d0026a0 2c4026a0 2d4026a0 
00019b50: 2e0026a0 2f0026a0 2e4026a0 2f4026a0 
00019b60: 2c8026a0 2d8026a0 2cc026a0 2dc026a0 
00019b70: 2e8026a0 2f8026a0 2ec026a0 2fc026a0 
00019b80: 280027a0 290027a0 284027a0 294027a0 
00019b90: 2a0027a0 2b0027a0 2a4027a0 2b4027a0 
00019ba0: 288027a0 298027a0 28c027a0 29c027a0 
00019bb0: 2a8027a0 2b8027a0 2ac027a0 2bc027a0 
00019bc0: 2c0027a0 2d0027a0 2c4027a0 2d4027a0 
00019bd0: 2e0027a0 2f0027a0 2e4027a0 2f4027a0 
00019be0: 2c8027a0 2d8027a0 2cc027a0 2dc027a0 
00019bf0: 2e8027a0 2f8027a0 2ec027a0 2fc027a0 
00019c00: 300024a0 310024a0 304024a0 314024a0 
00019c10: 320024a0 330024a0 324024a0 334024a0 
00019c20: 308024a0 318024a0 30c024a0 31c024a0 
00019c30: 328024a0 338024a0 32c024a0 33c024a0 
00019c40: 340024a0 350024a0 344024a0 354024a0 
00019c50: 360024a0 370024a0 364024a0 374024a0 
00019c60: 348024a0 358024a0 34c024a0 35c024a0 
00019c70: 368024a0 378024a0 36c024a0 37c024a0 
00019c80: 300025a0 310025a0 304025a0 314025a0 
00019c90: 320025a0 330025a0 324025a0 334025a0 
00019ca0: 308025a0 318025a0 30c025a0 31c025a0 
00019cb0: 328025a0 338025a0 32c025a0 33c025a0 
00019cc0: 340025a0 350025a0 344025a0 354025a0 
00019cd0: 360025a0 370025a0 364025a0 374025a0 
00019ce0: 348025a0 358025a0 34c025a0 35c025a0 
00019cf0: 368025a0 378025a0 36c025a0 37c025a0 
00019d00: 380024a0 390024a0 384024a0 394024a0 
00019d10: 3a0024a0 3b0024a0 3a4024a0 3b4024a0 
00019d20: 388024a0 398024a0 38c024a0 39c024a0 
00019d30: 3a8024a0 3b8024a0 3ac024a0 3bc024a0 
00019d40: 3c0024a0 3d0024a0 3c4024a0 3d4024a0 
00019d50: 3e0024a0 3f0024a0 3e4024a0 3f4024a0 
00019d60: 3c8024a0 3d8024a0 3cc024a0 3dc024a0 
00019d70: 3e8024a0 3f8024a0 3ec024a0 3fc024a0 
00019d80: 380025a0 390025a0 384025a0 394025a0 
00019d90: 3a0025a0 3b0025a0 3a4025a0 3b4025a0 
00019da0: 388025a0 398025a0 38c025a0 39c025a0 
00019db0: 3a8025a0 3b8025a0 3ac025a0 3bc025a0 
00019dc0: 3c0025a0 3d0025a0 3c4025a0 3d4025a0 
00019dd0: 3e0025a0 3f0025a0 3e4025a0 3f4025a0 
00019de0: 3c8025a0 3d8025a0 3cc025a0 3dc025a0 
00019df0: 3e8025a0 3f8025a0 3ec025a0 3fc025a0 
00019e00: 300026a0 310026a0 304026a0 314026a0 
00019e10: 320026a0 330026a0 324026a0 334026a0 
00019e20: 308026a0 318026a0 30c026a0 31c026a0 
00019e30: 328026a0 338026a0 32c026a0 33c026a0 
00019e40: 340026a0 350026a0 344026a0 354026a0 
00019e50: 360026a0 370026a0 364026a0 374026a0 
00019e60: 348026a0 358026a0 34c026a0 35c026a0 
00019e70: 368026a0 378026a0 36c026a0 37c026a0 
00019e80: 300027a0 310027a0 304027a0 314027a0 
00019e90: 320027a0 330027a0 324027a0 334027a0 
00019ea0: 308027a0 318027a0 30c027a0 31c027a0 
00019eb0: 328027a0 338027a0 32c027a0 33c027a0 
00019ec0: 340027a0 350027a0 344027a0 354027a0 
00019ed0: 360027a0 370027a0 364027a0 374027a0 
00019ee0: 348027a0 358027a0 34c027a0 35c027a0 
00019ef0: 368027a0 378027a0 36c027a0 37c027a0 
00019f00: 380026a0 390026a0 384026a0 394026a0 
00019f10: 3a0026a0 3b0026a0 3a4026a0 3b4026a0 
00019f20: 388026a0 398026a0 38c026a0 39c026a0 
00019f30: 3a8026a0 3b8026a0 3ac026a0 3bc026a0 
00019f40: 3c0026a0 3d0026a0 3c4026a0 3d4026a0 
00019f50: 3e0026a0 3f0026a0 3e4026a0 3f4026a0 
00019f60: 3c8026a0 3d8026a0 3cc026a0 3dc026a0 
00019f70: 3e8026a0 3f8026a0 3ec026a0 3fc026a0 
00019f80: 380027a0 390027a0 384027a0 394027a0 
00019f90: 3a0027a0 3b0027a0 3a4027a0 3b4027a0 
00019fa0: 388027a0 398027a0 38c027a0 39c027a0 
00019fb0: 3a8027a0 3b8027a0 3ac027a0 3bc027a0 
00019fc0: 3c0027a0 3d0027a0 3c4027a0 3d4027a0 
00019fd0: 3e0027a0 3f0027a0 3e4027a0 3f4027a0 
00019fe0: 3c8027a0 3d8027a0 3cc027a0 3dc027a0 
00019ff0: 3e8027a0 3f8027a0 3ec027a0 3fc027a0 
0001a000: 000028a0 010028a0 004028a0 014028a0 
0001a010: 020028a0 030028a0 024028a0 034028a0 
0001a020: 008028a0 018028a0 00c028a0 01c028a0 
0001a030: 028028a0 038028a0 02c028a0 03c028a0 
0001a040: 040028a0 050028a0 044028a0 054028a0 
0001a050: 060028a0 070028a0 064028a0 074028a0 
0001a060: 048028a0 058028a0 04c028a0 05c028a0 
0001a070: 068028a0 078028a0 06c028a0 07c028a0 
0001a080: 000029a0 010029a0 004029a0 014029a0 
0001a090: 020029a0 030029a0 024029a0 034029a0 
0001a0a0: 008029a0 018029a0 00c029a0 01c029a0 
0001a0b0: 028029a0 038029a0 02c029a0 03c029a0 
0001a0c0: 040029a0 050029a0 044029a0 054029a0 
0001a0d0: 060029a0 070029a0 064029a0 074029a0 
0001a0e0: 048029a0 058029a0 04c029a0 05c029a0 
0001a0f0: 068029a0 078029a0 06c029a0 07c029a0 
0001a100: 080028a0 090028a0 084028a0 094028a0 
0001a110: 0a0028a0 0b0028a0 0a4028a0 0b4028a0 
0001a120: 088028a0 098028a0 08c028a0 09c028a0 
0001a130: 0a8028a0 0b8028a0 0ac028a0 0bc028a0 
0001a140: 0c0028a0 0d0028a0 0c4028a0 0d4028a0 
0001a150: 0e0028a0 0f0028a0 0e4028a0 0f4028a0 
0001a160: 0c8028a0 0d8028a0 0cc028a0 0dc028a0 
0001a170: 0e8028a0 0f8028a0 0ec028a0 0fc028a0 
0001a180: 080029a0 090029a0 084029a0 094029a0 
0001a190: 0a0029a0 0b0029a0 0a4029a0 0b4029a0 
0001a1a0: 088029a0 098029a0 08c029a0 09c029a0 
0001a1b0: 0a8029a0 0b8029a0 0ac029a0 0bc029a0 
0001a1c0: 0c0029a0 0d0029a0 0c4029a0 0d4029a0 
0001a1d0: 0e0029a0 0f0029a0 0e4029a0 0f4029a0 
0001a1e0: 0c8029a0 0d8029a0 0cc029a0 0dc029a0 
0001a1f0: 0e8029a0 0f8029a0 0ec029a0 0fc029a0 
0001a200: 00002aa0 01002aa0 00402aa0 01402aa0 
0001a210: 02002aa0 03002aa0 02402aa0 03402aa0 
0001a220: 00802aa0 01802aa0 00c02aa0 01c02aa0 
0001a230: 02802aa0 03802aa0 02c02aa0 03c02aa0 
0001a240: 04002aa0 05002aa0 04402aa0 05402aa0 
0001a250: 06002aa0 07002aa0 06402aa0 07402aa0 
0001a260: 04802aa0 05802aa0 04c02aa0 05c02aa0 
0001a270: 06802aa0 07802aa0 06c02aa0 07c02aa0 
0001a280: 00002ba0 01002ba0 00402ba0 01402ba0 
0001a290: 02002ba0 03002ba0 02402ba0 03402ba0 
0001a2a0: 00802ba0 01802ba0 00c02ba0 01c02ba0 
0001a2b0: 02802ba0 03802ba0 02c02ba0 03c02ba0 
0001a2c0: 04002ba0 05002ba0 04402ba0 05402ba0 
0001a2d0: 06002ba0 07002ba0 06402ba0 07402ba0 
0001a2e0: 04802ba0 05802ba0 04c02ba0 05c02ba0 
0001a2f0: 06802ba0 07802ba0 06c02ba0 07c02ba0 
0001a300: 08002aa0 09002aa0 08402aa0 09402aa0 
0001a310: 0a002aa0 0b002aa0 0a402aa0 0b402aa0 
0001a320: 08802aa0 09802aa0 08c02aa0 09c02aa0 
0001a330: 0a802aa0 0b802aa0 0ac02aa0 0bc02aa0 
0001a340: 0c002aa0 0d002aa0 0c402aa0 0d402aa0 
0001a350: 0e002aa0 0f002aa0 0e402aa0 0f402aa0 
0001a360: 0c802aa0 0d802aa0 0cc02aa0 0dc02aa0 
0001a370: 0e802aa0 0f802aa0 0ec02aa0 0fc02aa0 
0001a380: 08002ba0 09002ba0 08402ba0 09402ba0 
0001a390: 0a002ba0 0b002ba0 0a402ba0 0b402ba0 
0001a3a0: 08802ba0 09802ba0 08c02ba0 09c02ba0 
0001a3b0: 0a802ba0 0b802ba0 0ac02ba0 0bc02ba0 
0001a3c0: 0c002ba0 0d002ba0 0c402ba0 0d402ba0 
0001a3d0: 0e002ba0 0f002ba0 0e402ba0 0f402ba0 
0001a3e0: 0c802ba0 0d802ba0 0cc02ba0 0dc02ba0 
0001a3f0: 0e802ba0 0f802ba0 0ec02ba0 0fc02ba0 
0001a400: 100028a0 110028a0 104028a0 114028a0 
0001a410: 120028a0 130028a0 124028a0 134028a0 
0001a420: 108028a0 118028a0 10c028a0 11c028a0 
0001a430: 128028a0 138028a0 12c028a0 13c028a0 
0001a440: 140028a0 150028a0 144028a0 154028a0 
0001a450: 160028a0 170028a0 164028a0 174028a0 
0001a460: 148028a0 158028a0 14c028a0 15c028a0 
0001a470: 168028a0 178028a0 16c028a0 17c028a0 
0001a480: 100029a0 110029a0 104029a0 114029a0 
0001a490: 120029a0 130029a0 124029a0 134029a0 
0001a4a0: 108029a0 118029a0 10c029a0 11c029a0 
0001a4b0: 128029a0 138029a0 12c029a0 13c029a0 
0001a4c0: 140029a0 150029a0 144029a0 154029a0 
0001a4d0: 160029a0 170029a0 164029a0 174029a0 
0001a4e0: 148029a0 158029a0 14c029a0 15c029a0 
0001a4f0: 168029a0 178029a0 16c029a0 17c029a0 
0001a500: 180028a0 190028a0 184028a0 194028a0 
0001a510: 1a0028a0 1b0028a0 1a4028a0 1b4028a0 
0001a520: 188028a0 198028a0 18c028a0 19c028a0 
0001a530: 1a8028a0 1b8028a0 1ac028a0 1bc028a0 
0001a540: 1c0028a0 1d0028a0 1c4028a0 1d4028a0 
0001a550: 1e0028a0 1f0028a0 1e4028a0 1f4028a0 
0001a560: 1c8028a0 1d8028a0 1cc028a0 1dc028a0 
0001a570: 1e8028a0 1f8028a0 1ec028a0 1fc028a0 
0001a580: 180029a0 190029a0 184029a0 194029a0 
0001a590: 1a0029a0 1b0029a0 1a4029a0 1b4029a0 
0001a5a0: 188029a0 198029a0 18c029a0 19c029a0 
0001a5b0: 1a8029a0 1b8029a0 1ac029a0 1bc029a0 
0001a5c0: 1c0029a0 1d0029a0 1c4029a0 1d4029a0 
0001a5d0: 1e0029a0 1f0029a0 1e4029a0 1f4029a0 
0001a5e0: 1c8029a0 1d8029a0 1cc029a0 1dc029a0 
0001a5f0: 1e8029a0 1f8029a0 1ec029a0 1fc029a0 
0001a600: 10002aa0 11002aa0 10402aa0 11402aa0 
0001a610: 12002aa0 13002aa0 12402aa0 13402aa0 
0001a620: 10802aa0 11802aa0 10c02aa0 11c02aa0 
0001a630: 12802aa0 13802aa0 12c02aa0 13c02aa0 
0001a640: 14002aa0 15002aa0 14402aa0 15402aa0 
0001a650: 16002aa0 17002aa0 16402aa0 17402aa0 
0001a660: 14802aa0 15802aa0 14c02aa0 15c02aa0 
0001a670: 16802aa0 17802aa0 16c02aa0 17c02aa0 
0001a680: 10002ba0 11002ba0 10402ba0 11402ba0 
0001a690: 12002ba0 13002ba0 12402ba0 13402ba0 
0001a6a0: 10802ba0 11802ba0 10c02ba0 11c02ba0 
0001a6b0: 12802ba0 13802ba0 12c02ba0 13c02ba0 
0001a6c0: 14002ba0 15002ba0 14402ba0 15402ba0 
0001a6d0: 16002ba0 17002ba0 16402ba0 17402ba0 
0001a6e0: 14802ba0 15802ba0 14c02ba0 15c02ba0 
0001a6f0: 16802ba0 17802ba0 16c02ba0 17c02ba0 
0001a700: 18002aa0 19002aa0 18402aa0 19402aa0 
0001a710: 1a002aa0 1b002aa0 1a402aa0 1b402aa0 
0001a720: 18802aa0 19802aa0 18c02aa0 19c02aa0 
0001a730: 1a802aa0 1b802aa0 1ac02aa0 1bc02aa0 
0001a740: 1c002aa0 1d002aa0 1c402aa0 1d402aa0 
0001a750: 1e002aa0 1f002aa0 1e402aa0 1f402aa0 
0001a760: 1c802aa0 1d802aa0 1cc02aa0 1dc02aa0 
0001a770: 1e802aa0 1f802aa0 1ec02aa0 1fc02aa0 
0001a780: 18002ba0 19002ba0 18402ba0 19402ba0 
0001a790: 1a002ba0 1b002ba0 1a402ba0 1b402ba0 
0001a7a0: 18802ba0 19802ba0 18c02ba0 19c02ba0 
0001a7b0: 1a802ba0 1b802ba0 1ac02ba0 1bc02ba0 
0001a7c0: 1c002ba0 1d002ba0 1c402ba0 1d402ba0 
0001a7d0: 1e002ba0 1f002ba0 1e402ba0 1f402ba0 
0001a7e0: 1c802ba0 1d802ba0 1cc02ba0 1dc02ba0 
0001a7f0: 1e802ba0 1f802ba0 1ec02ba0 1fc02ba0 
0001a800: 00002ca0 01002ca0 00402ca0 01402ca0 
0001a810: 02002ca0 03002ca0 02402ca0 03402ca0 
0001a820: 00802ca0 01802ca0 00c02ca0 01c02ca0 
0001a830: 02802ca0 03802ca0 02c02ca0 03c02ca0 
0001a840: 04002ca0 05002ca0 04402ca0 05402ca0 
0001a850: 06002ca0 07002ca0 06402ca0 07402ca0 
0001a860: 04802ca0 05802ca0 04c02ca0 05c02ca0 
0001a870: 06802ca0 07802ca0 06c02ca0 07c02ca0 
0001a880: 00002da0 01002da0 00402da0 01402da0 
0001a890: 02002da0 03002da0 02402da0 03402da0 
0001a8a0: 00802da0 01802da0 00c02da0 01c02da0 
0001a8b0: 02802da0 03802da0 02c02da0 03c02da0 
0001a8c0: 04002da0 05002da0 04402da0 05402da0 
0001a8d0: 06002da0 07002da0 06402da0 07402da0 
0001a8e0: 04802da0 05802da0 04c02da0 05c02da0 
0001a8f0: 06802da0 07802da0 06c02da0 07c02da0 
0001a900: 08002ca0 09002ca0 08402ca0 09402ca0 
0001a910: 0a002ca0 0b002ca0 0a402ca0 0b402ca0 
0001a920: 08802ca0 09802ca0 08c02ca0 09c02ca0 
0001a930: 0a802ca0 0b802ca0 0ac02ca0 0bc02ca0 
0001a940: 0c002ca0 0d002ca0 0c402ca0 0d402ca0 
0001a950: 0e002ca0 0f002ca0 0e402ca0 0f402ca0 
0001a960: 0c802ca0 0d802ca0 0cc02ca0 0dc02ca0 
0001a970: 0e802ca0 0f802ca0 0ec02ca0 0fc02ca0 
0001a980: 08002da0 09002da0 08402da0 09402da0 
0001a990: 0a002da0 0b002da0 0a402da0 0b402da0 
0001a9a0: 08802da0 09802da0 08c02da0 09c02da0 
0001a9b0: 0a802da0 0b802da0 0ac02da0 0bc02da0 
0001a9c0: 0c002da0 0d002da0 0c402da0 0d402da0 
0001a9d0: 0e002da0 0f002da0 0e402da0 0f402da0 
0001a9e0: 0c802da0 0d802da0 0cc02da0 0dc02da0 
0001a9f0: 0e802da0 0f802da0 0ec02da0 0fc02da0 
0001aa00: 00002ea0 01002ea0 00402ea0 01402ea0 
0001aa10: 02002ea0 03002ea0 02402ea0 03402ea0 
0001aa20: 00802ea0 01802ea0 00c02ea0 01c02ea0 
0001aa30: 02802ea0 03802ea0 02c02ea0 03c02ea0 
0001aa40: 04002ea0 05002ea0 04402ea0 05402ea0 
0001aa50: 06002ea0 07002ea0 06402ea0 07402ea0 
0001aa60: 04802ea0 05802ea0 04c02ea0 05c02ea0 
0001aa70: 06802ea0 07802ea0 06c02ea0 07c02ea0 
0001aa80: 00002fa0 01002fa0 00402fa0 01402fa0 
0001aa90: 02002fa0 03002fa0 02402fa0 03402fa0 
0001aaa0: 00802fa0 01802fa0 00c02fa0 01c02fa0 
0001aab0: 02802fa0 03802fa0 02c02fa0 03c02fa0 
0001aac0: 04002fa0 05002fa0 04402fa0 05402fa0 
0001aad0: 06002fa0 07002fa0 06402fa0 07402fa0 
0001aae0: 04802fa0 05802fa0 04c02fa0 05c02fa0 
0001aaf0: 06802fa0 07802fa0 06c02fa0 07c02fa0 
0001ab00: 08002ea0 09002ea0 08402ea0 09402ea0 
0001ab10: 0a002ea0 0b002ea0 0a402ea0 0b402ea0 
0001ab20: 08802ea0 09802ea0 08c02ea0 09c02ea0 
0001ab30: 0a802ea0 0b802ea0 0ac02ea0 0bc02ea0 
0001ab40: 0c002ea0 0d002ea0 0c402ea0 0d402ea0 
0001ab50: 0e002ea0 0f002ea0 0e402ea0 0f402ea0 
0001ab60: 0c802ea0 0d802ea0 0cc02ea0 0dc02ea0 
0001ab70: 0e802ea0 0f802ea0 0ec02ea0 0fc02ea0 
0001ab80: 08002fa0 09002fa0 08402fa0 09402fa0 
0001ab90: 0a002fa0 0b002fa0 0a402fa0 0b402fa0 
0001aba0: 08802fa0 09802fa0 08c02fa0 09c02fa0 
0001abb0: 0a802fa0 0b802fa0 0ac02fa0 0bc02fa0 
0001abc0: 0c002fa0 0d002fa0 0c402fa0 0d402fa0 
0001abd0: 0e002fa0 0f002fa0 0e402fa0 0f402fa0 
0001abe0: 0c802fa0 0d802fa0 0cc02fa0 0dc02fa0 
0001abf0: 0e802fa0 0f802fa0 0ec02fa0 0fc02fa0 
0001ac00: 10002ca0 11002ca0 10402ca0 11402ca0 
0001ac10: 12002ca0 13002ca0 12402ca0 13402ca0 
0001ac20: 10802ca0 11802ca0 10c02ca0 11c02ca0 
0001ac30: 12802ca0 13802ca0 12c02ca0 13c02ca0 
0001ac40: 14002ca0 15002ca0 14402ca0 15402ca0 
0001ac50: 16002ca0 17002ca0 16402ca0 17402ca0 
0001ac60: 14802ca0 15802ca0 14c02ca0 15c02ca0 
0001ac70: 16802ca0 17802ca0 16c02ca0 17c02ca0 
0001ac80: 10002da0 11002da0 10402da0 11402da0 
0001ac90: 12002da0 13002da0 12402da0 13402da0 
0001aca0: 10802da0 11802da0 10c02da0 11c02da0 
0001acb0: 12802da0 13802da0 12c02da0 13c02da0 
0001acc0: 14002da0 15002da0 14402da0 15402da0 
0001acd0: 16002da0 17002da0 16402da0 17402da0 
0001ace0: 14802da0 15802da0 14c02da0 15c02da0 
0001acf0: 16802da0 17802da0 16c02da0 17c02da0 
0001ad00: 18002ca0 19002ca0 18402ca0 19402ca0 
0001ad10: 1a002ca0 1b002ca0 1a402ca0 1b402ca0 
0001ad20: 18802ca0 19802ca0 18c02ca0 19c02ca0 
0001ad30: 1a802ca0 1b802ca0 1ac02ca0 1bc02ca0 
0001ad40: 1c002ca0 1d002ca0 1c402ca0 1d402ca0 
0001ad50: 1e002ca0 1f002ca0 1e402ca0 1f402ca0 
0001ad60: 1c802ca0 1d802ca0 1cc02ca0 1dc02ca0 
0001ad70: 1e802ca0 1f802ca0 1ec02ca0 1fc02ca0 
0001ad80: 18002da0 19002da0 18402da0 19402da0 
0001ad90: 1a002da0 1b002da0 1a402da0 1b402da0 
0001ada0: 18802da0 19802da0 18c02da0 19c02da0 
0001adb0: 1a802da0 1b802da0 1ac02da0 1bc02da0 
0001adc0: 1c002da0 1d002da0 1c402da0 1d402da0 
0001add0: 1e002da0 1f002da0 1e402da0 1f402da0 
0001ade0: 1c802da0 1d802da0 1cc02da0 1dc02da0 
0001adf0: 1e802da0 1f802da0 1ec02da0 1fc02da0 
0001ae00: 10002ea0 11002ea0 10402ea0 11402ea0 
0001ae10: 12002ea0 13002ea0 12402ea0 13402ea0 
0001ae20: 10802ea0 11802ea0 10c02ea0 11c02ea0 
0001ae30: 12802ea0 13802ea0 12c02ea0 13c02ea0 
0001ae40: 14002ea0 15002ea0 14402ea0 15402ea0 
0001ae50: 16002ea0 17002ea0 16402ea0 17402ea0 
0001ae60: 14802ea0 15802ea0 14c02ea0 15c02ea0 
0001ae70: 16802ea0 17802ea0 16c02ea0 17c02ea0 
0001ae80: 10002fa0 11002fa0 10402fa0 11402fa0 
0001ae90: 12002fa0 13002fa0 12402fa0 13402fa0 
0001aea0: 10802fa0 11802fa0 10c02fa0 11c02fa0 
0001aeb0: 12802fa0 13802fa0 12c02fa0 13c02fa0 
0001aec0: 14002fa0 15002fa0 14402fa0 15402fa0 
0001aed0: 16002fa0 17002fa0 16402fa0 17402fa0 
0001aee0: 14802fa0 15802fa0 14c02fa0 15c02fa0 
0001aef0: 16802fa0 17802fa0 16c02fa0 17c02fa0 
0001af00: 18002ea0 19002ea0 18402ea0 19402ea0 
0001af10: 1a002ea0 1b002ea0 1a402ea0 1b402ea0 
0001af20: 18802ea0 19802ea0 18c02ea0 19c02ea0 
0001af30: 1a802ea0 1b802ea0 1ac02ea0 1bc02ea0 
0001af40: 1c002ea0 1d002ea0 1c402ea0 1d402ea0 
0001af50: 1e002ea0 1f002ea0 1e402ea0 1f402ea0 
0001af60: 1c802ea0 1d802ea0 1cc02ea0 1dc02ea0 
0001af70: 1e802ea0 1f802ea0 1ec02ea0 1fc02ea0 
0001af80: 18002fa0 19002fa0 18402fa0 19402fa0 
0001af90: 1a002fa0 1b002fa0 1a402fa0 1b402fa0 
0001afa0: 18802fa0 19802fa0 18c02fa0 19c02fa0 
0001afb0: 1a802fa0 1b802fa0 1ac02fa0 1bc02fa0 
0001afc0: 1c002fa0 1d002fa0 1c402fa0 1d402fa0 
0001afd0: 1e002fa0 1f002fa0 1e402fa0 1f402fa0 
0001afe0: 1c802fa0 1d802fa0 1cc02fa0 1dc02fa0 
0001aff0: 1e802fa0 1f802fa0 1ec02fa0 1fc02fa0 
0001b000: 200028a0 210028a0 204028a0 214028a0 
0001b010: 220028a0 230028a0 224028a0 234028a0 
0001b020: 208028a0 218028a0 20c028a0 21c028a0 
0001b030: 228028a0 238028a0 22c028a0 23c028a0 
0001b040: 240028a0 250028a0 244028a0 254028a0 
0001b050: 260028a0 270028a0 264028a0 274028a0 
0001b060: 248028a0 258028a0 24c028a0 25c028a0 
0001b070: 268028a0 278028a0 26c028a0 27c028a0 
0001b080: 200029a0 210029a0 204029a0 214029a0 
0001b090: 220029a0 230029a0 224029a0 234029a0 
0001b0a0: 208029a0 218029a0 20c029a0 21c029a0 
0001b0b0: 228029a0 238029a0 22c029a0 23c029a0 
0001b0c0: 240029a0 250029a0 244029a0 254029a0 
0001b0d0: 260029a0 270029a0 264029a0 274029a0 
0001b0e0: 248029a0 258029a0 24c029a0 25c029a0 
0001b0f0: 268029a0 278029a0 26c029a0 27c029a0 
0001b100: 280028a0 290028a0 284028a0 294028a0 
0001b110: 2a0028a0 2b0028a0 2a4028a0 2b4028a0 
0001b120: 288028a0 298028a0 28c028a0 29c028a0 
0001b130: 2a8028a0 2b8028a0 2ac028a0 2bc028a0 
0001b140: 2c0028a0 2d0028a0 2c4028a0 2d4028a0 
0001b150: 2e0028a0 2f0028a0 2e4028a0 2f4028a0 
0001b160: 2c8028a0 2d8028a0 2cc028a0 2dc028a0 
0001b170: 2e8028a0 2f8028a0 2ec028a0 2fc028a0 
0001b180: 280029a0 290029a0 284029a0 294029a0 
0001b190: 2a0029a0 2b0029a0 2a4029a0 2b4029a0 
0001b1a0: 288029a0 298029a0 28c029a0 29c029a0 
0001b1b0: 2a8029a0 2b8029a0 2ac029a0 2bc029a0 
0001b1c0: 2c0029a0 2d0029a0 2c4029a0 2d4029a0 
0001b1d0: 2e0029a0 2f0029a0 2e4029a0 2f4029a0 
0001b1e0: 2c8029a0 2d8029a0 2cc029a0 2dc029a0 
0001b1f0: 2e8029a0 2f8029a0 2ec029a0 2fc029a0 
0001b200: 20002aa0 21002aa0 20402aa0 21402aa0 
0001b210: 22002aa0 23002aa0 22402aa0 23402aa0 
0001b220: 20802aa0 21802aa0 20c02aa0 21c02aa0 
0001b230: 22802aa0 23802aa0 22c02aa0 23c02aa0 
0001b240: 24002aa0 25002aa0 24402aa0 25402aa0 
0001b250: 26002aa0 27002aa0 26402aa0 27402aa0 
0001b260: 24802aa0 25802aa0 24c02aa0 25c02aa0 
0001b270: 26802aa0 27802aa0 26c02aa0 27c02aa0 
0001b280: 20002ba0 21002ba0 20402ba0 21402ba0 
0001b290: 22002ba0 23002ba0 22402ba0 23402ba0 
0001b2a0: 20802ba0 21802ba0 20c02ba0 21c02ba0 
0001b2b0: 22802ba0 23802ba0 22c02ba0 23c02ba0 
0001b2c0: 24002ba0 25002ba0 24402ba0 25402ba0 
0001b2d0: 26002ba0 27002ba0 26402ba0 27402ba0 
0001b2e0: 24802ba0 25802ba0 24c02ba0 25c02ba0 
0001b2f0: 26802ba0 27802ba0 26c02ba0 27c02ba0 
0001b300: 28002aa0 29002aa0 28402aa0 29402aa0 
0001b310: 2a002aa0 2b002aa0 2a402aa0 2b402aa0 
0001b320: 28802aa0 29802aa0 28c02aa0 29c02aa0 
0001b330: 2a802aa0 2b802aa0 2ac02aa0 2bc02aa0 
0001b340: 2c002aa0 2d002aa0 2c402aa0 2d402aa0 
0001b350: 2e002aa0 2f002aa0 2e402aa0 2f402aa0 
0001b360: 2c802aa0 2d802aa0 2cc02aa0 2dc02aa0 
0001b370: 2e802aa0 2f802aa0 2ec02aa0 2fc02aa0 
0001b380: 28002ba0 29002ba0 28402ba0 29402ba0 
0001b390: 2a002ba0 2b002ba0 2a402ba0 2b402ba0 
0001b3a0: 28802ba0 29802ba0 28c02ba0 29c02ba0 
0001b3b0: 2a802ba0 2b802ba0 2ac02ba0 2bc02ba0 
0001b3c0: 2c002ba0 2d002ba0 2c402ba0 2d402ba0 
0001b3d0: 2e002ba0 2f002ba0 2e402ba0 2f402ba0 
0001b3e0: 2c802ba0 2d802ba0 2cc02ba0 2dc02ba0 
0001b3f0: 2e802ba0 2f802ba0 2ec02ba0 2fc02ba0 
0001b400: 300028a0 310028a0 304028a0 314028a0 
0001b410: 320028a0 330028a0 324028a0 334028a0 
0001b420: 308028a0 318028a0 30c028a0 31c028a0 
0001b430: 328028a0 338028a0 32c028a0 33c028a0 
0001b440: 340028a0 350028a0 344028a0 354028a0 
0001b450: 360028a0 370028a0 364028a0 374028a0 
0001b460: 348028a0 358028a0 34c028a0 35c028a0 
0001b470: 368028a0 378028a0 36c028a0 37c028a0 
0001b480: 300029a0 310029a0 304029a0 314029a0 
0001b490: 320029a0 330029a0 324029a0 334029a0 
0001b4a0: 308029a0 318029a0 30c029a0 31c029a0 
0001b4b0: 328029a0 338029a0 32c029a0 33c029a0 
0001b4c0: 340029a0 350029a0 344029a0 354029a0 
0001b4d0: 360029a0 370029a0 364029a0 374029a0 
0001b4e0: 348029a0 358029a0 34c029a0 35c029a0 
0001b4f0: 368029a0 378029a0 36c029a0 37c029a0 
0001b500: 380028a0 390028a0 384028a0 394028a0 
0001b510: 3a0028a0 3b0028a0 3a4028a0 3b4028a0 
0001b520: 388028a0 398028a0 38c028a0 39c028a0 
0001b530: 3a8028a0 3b8028a0 3ac028a0 3bc028a0 
0001b540: 3c0028a0 3d0028a0 3c4028a0 3d4028a0 
0001b550: 3e0028a0 3f0028a0 3e4028a0 3f4028a0 
0001b560: 3c8028a0 3d8028a0 3cc028a0 3dc028a0 
0001b570: 3e8028a0 3f8028a0 3ec028a0 3fc028a0 
0001b580: 380029a0 390029a0 384029a0 394029a0 
0001b590: 3a0029a0 3b0029a0 3a4029a0 3b4029a0 
0001b5a0: 388029a0 398029a0 38c029a0 39c029a0 
0001b5b0: 3a8029a0 3b8029a0 3ac029a0 3bc029a0 
0001b5c0: 3c0029a0 3d0029a0 3c4029a0 3d4029a0 
0001b5d0: 3e0029a0 3f0029a0 3e4029a0 3f4029a0 
0001b5e0: 3c8029a0 3d8029a0 3cc029a0 3dc029a0 
0001b5f0: 3e8029a0 3f8029a0 3ec029a0 3fc029a0 
0001b600: 30002aa0 31002aa0 30402aa0 31402aa0 
0001b610: 32002aa0 33002aa0 32402aa0 33402aa0 
0001b620: 30802aa0 31802aa0 30c02aa0 31c02aa0 
0001b630: 32802aa0 33802aa0 32c02aa0 33c02aa0 
0001b640: 34002aa0 35002aa0 34402aa0 35402aa0 
0001b650: 36002aa0 37002aa0 36402aa0 37402aa0 
0001b660: 34802aa0 35802aa0 34c02aa0 35c02aa0 
0001b670: 36802aa0 37802aa0 36c02aa0 37c02aa0 
0001b680: 30002ba0 31002ba0 30402ba0 31402ba0 
0001b690: 32002ba0 33002ba0 32402ba0 33402ba0 
0001b6a0: 30802ba0 31802ba0 30c02ba0 31c02ba0 
0001b6b0: 32802ba0 33802ba0 32c02ba0 33c02ba0 
0001b6c0: 34002ba0 35002ba0 34402ba0 35402ba0 
0001b6d0: 36002ba0 37002ba0 36402ba0 37402ba0 
0001b6e0: 34802ba0 35802ba0 34c02ba0 35c02ba0 
0001b6f0: 36802ba0 37802ba0 36c02ba0 37c02ba0 
0001b700: 38002aa0 39002aa0 38402aa0 39402aa0 
0001b710: 3a002aa0 3b002aa0 3a402aa0 3b402aa0 
0001b720: 38802aa0 39802aa0 38c02aa0 39c02aa0 
0001b730: 3a802aa0 3b802aa0 3ac02aa0 3bc02aa0 
0001b740: 3c002aa0 3d002aa0 3c402aa0 3d402aa0 
0001b750: 3e002aa0 3f002aa0 3e402aa0 3f402aa0 
0001b760: 3c802aa0 3d802aa0 3cc02aa0 3dc02aa0 
0001b770: 3e802aa0 3f802aa0 3ec02aa0 3fc02aa0 
0001b780: 38002ba0 39002ba0 38402ba0 39402ba0 
0001b790: 3a002ba0 3b002ba0 3a402ba0 3b402ba0 
0001b7a0: 38802ba0 39802ba0 38c02ba0 39c02ba0 
0001b7b0: 3a802ba0 3b802ba0 3ac02ba0 3bc02ba0 
0001b7c0: 3c002ba0 3d002ba0 3c402ba0 3d402ba0 
0001b7d0: 3e002ba0 3f002ba0 3e402ba0 3f402ba0 
0001b7e0: 3c802ba0 3d802ba0 3cc02ba0 3dc02ba0 
0001b7f0: 3e802ba0 3f802ba0 3ec02ba0 3fc02ba0 
0001b800: 20002ca0 21002ca0 20402ca0 21402ca0 
0001b810: 22002ca0 23002ca0 22402ca0 23402ca0 
0001b820: 20802ca0 21802ca0 20c02ca0 21c02ca0 
0001b830: 22802ca0 23802ca0 22c02ca0 23c02ca0 
0001b840: 24002ca0 25002ca0 24402ca0 25402ca0 
0001b850: 26002ca0 27002ca0 26402ca0 27402ca0 
0001b860: 24802ca0 25802ca0 24c02ca0 25c02ca0 
0001b870: 26802ca0 27802ca0 26c02ca0 27c02ca0 
0001b880: 20002da0 21002da0 20402da0 21402da0 
0001b890: 22002da0 23002da0 22402da0 23402da0 
0001b8a0: 20802da0 21802da0 20c02da0 21c02da0 
0001b8b0: 22802da0 23802da0 22c02da0 23c02da0 
0001b8c0: 24002da0 25002da0 24402da0 25402da0 
0001b8d0: 26002da0 27002da0 26402da0 27402da0 
0001b8e0: 24802da0 25802da0 24c02da0 25c02da0 
0001b8f0: 26802da0 27802da0 26c02da0 27c02da0 
0001b900: 28002ca0 29002ca0 28402ca0 29402ca0 
0001b910: 2a002ca0 2b002ca0 2a402ca0 2b402ca0 
0001b920: 28802ca0 29802ca0 28c02ca0 29c02ca0 
0001b930: 2a802ca0 2b802ca0 2ac02ca0 2bc02ca0 
0001b940: 2c002ca0 2d002ca0 2c402ca0 2d402ca0 
0001b950: 2e002ca0 2f002ca0 2e402ca0 2f402ca0 
0001b960: 2c802ca0 2d802ca0 2cc02ca0 2dc02ca0 
0001b970: 2e802ca0 2f802ca0 2ec02ca0 2fc02ca0 
0001b980: 28002da0 29002da0 28402da0 29402da0 
0001b990: 2a002da0 2b002da0 2a402da0 2b402da0 
0001b9a0: 28802da0 29802da0 28c02da0 29c02da0 
0001b9b0: 2a802da0 2b802da0 2ac02da0 2bc02da0 
0001b9c0: 2c002da0 2d002da0 2c402da0 2d402da0 
0001b9d0: 2e002da0 2f002da0 2e402da0 2f402da0 
0001b9e0: 2c802da0 2d802da0 2cc02da0 2dc02da0 
0001b9f0: 2e802da0 2f802da0 2ec02da0 2fc02da0 
0001ba00: 20002ea0 21002ea0 20402ea0 21402ea0 
0001ba10: 22002ea0 23002ea0 22402ea0 23402ea0 
0001ba20: 20802ea0 21802ea0 20c02ea0 21c02ea0 
0001ba30: 22802ea0 23802ea0 22c02ea0 23c02ea0 
0001ba40: 24002ea0 25002ea0 24402ea0 25402ea0 
0001ba50: 26002ea0 27002ea0 26402ea0 27402ea0 
0001ba60: 24802ea0 25802ea0 24c02ea0 25c02ea0 
0001ba70: 26802ea0 27802ea0 26c02ea0 27c02ea0 
0001ba80: 20002fa0 21002fa0 20402fa0 21402fa0 
0001ba90: 22002fa0 23002fa0 22402fa0 23402fa0 
0001baa0: 20802fa0 21802fa0 20c02fa0 21c02fa0 
0001bab0: 22802fa0 23802fa0 22c02fa0 23c02fa0 
0001bac0: 24002fa0 25002fa0 24402fa0 25402fa0 
0001bad0: 26002fa0 27002fa0 26402fa0 27402fa0 
0001bae0: 24802fa0 25802fa0 24c02fa0 25c02fa0 
0001baf0: 26802fa0 27802fa0 26c02fa0 27c02fa0 
0001bb00: 28002ea0 29002ea0 28402ea0 29402ea0 
0001bb10: 2a002ea0 2b002ea0 2a402ea0 2b402ea0 
0001bb20: 28802ea0 29802ea0 28c02ea0 29c02ea0 
0001bb30: 2a802ea0 2b802ea0 2ac02ea0 2bc02ea0 
0001bb40: 2c002ea0 2d002ea0 2c402ea0 2d402ea0 
0001bb50: 2e002ea0 2f002ea0 2e402ea0 2f402ea0 
0001bb60: 2c802ea0 2d802ea0 2cc02ea0 2dc02ea0 
0001bb70: 2e802ea0 2f802ea0 2ec02ea0 2fc02ea0 
0001bb80: 28002fa0 29002fa0 28402fa0 29402fa0 
0001bb90: 2a002fa0 2b002fa0 2a402fa0 2b402fa0 
0001bba0: 28802fa0 29802fa0 28c02fa0 29c02fa0 
0001bbb0: 2a802fa0 2b802fa0 2ac02fa0 2bc02fa0 
0001bbc0: 2c002fa0 2d002fa0 2c402fa0 2d402fa0 
0001bbd0: 2e002fa0 2f002fa0 2e402fa0 2f402fa0 
0001bbe0: 2c802fa0 2d802fa0 2cc02fa0 2dc02fa0 
0001bbf0: 2e802fa0 2f802fa0 2ec02fa0 2fc02fa0 
0001bc00: 30002ca0 31002ca0 30402ca0 31402ca0 
0001bc10: 32002ca0 33002ca0 32402ca0 33402ca0 
0001bc20: 30802ca0 31802ca0 30c02ca0 31c02ca0 
0001bc30: 32802ca0 33802ca0 32c02ca0 33c02ca0 
0001bc40: 34002ca0 35002ca0 34402ca0 35402ca0 
0001bc50: 36002ca0 37002ca0 36402ca0 37402ca0 
0001bc60: 34802ca0 35802ca0 34c02ca0 35c02ca0 
0001bc70: 36802ca0 37802ca0 36c02ca0 37c02ca0 
0001bc80: 30002da0 31002da0 30402da0 31402da0 
0001bc90: 32002da0 33002da0 32402da0 33402da0 
0001bca0: 30802da0 31802da0 30c02da0 31c02da0 
0001bcb0: 32802da0 33802da0 32c02da0 33c02da0 
0001bcc0: 34002da0 35002da0 34402da0 35402da0 
0001bcd0: 36002da0 37002da0 36402da0 37402da0 
0001bce0: 34802da0 35802da0 34c02da0 35c02da0 
0001bcf0: 36802da0 37802da0 36c02da0 37c02da0 
0001bd00: 38002ca0 39002ca0 38402ca0 39402ca0 
0001bd10: 3a002ca0 3b002ca0 3a402ca0 3b402ca0 
0001bd20: 38802ca0 39802ca0 38c02ca0 39c02ca0 
0001bd30: 3a802ca0 3b802ca0 3ac02ca0 3bc02ca0 
0001bd40: 3c002ca0 3d002ca0 3c402ca0 3d402ca0 
0001bd50: 3e002ca0 3f002ca0 3e402ca0 3f402ca0 
0001bd60: 3c802ca0 3d802ca0 3cc02ca0 3dc02ca0 
0001bd70: 3e802ca0 3f802ca0 3ec02ca0 3fc02ca0 
0001bd80: 38002da0 39002da0 38402da0 39402da0 
0001bd90: 3a002da0 3b002da0 3a402da0 3b402da0 
0001bda0: 38802da0 39802da0 38c02da0 39c02da0 
0001bdb0: 3a802da0 3b802da0 3ac02da0 3bc02da0 
0001bdc0: 3c002da0 3d002da0 3c402da0 3d402da0 
0001bdd0: 3e002da0 3f002da0 3e402da0 3f402da0 
0001bde0: 3c802da0 3d802da0 3cc02da0 3dc02da0 
0001bdf0: 3e802da0 3f802da0 3ec02da0 3fc02da0 
0001be00: 30002ea0 31002ea0 30402ea0 31402ea0 
0001be10: 32002ea0 33002ea0 32402ea0 33402ea0 
0001be20: 30802ea0 31802ea0 30c02ea0 31c02ea0 
0001be30: 32802ea0 33802ea0 32c02ea0 33c02ea0 
0001be40: 34002ea0 35002ea0 34402ea0 35402ea0 
0001be50: 36002ea0 37002ea0 36402ea0 37402ea0 
0001be60: 34802ea0 35802ea0 34c02ea0 35c02ea0 
0001be70: 36802ea0 37802ea0 36c02ea0 37c02ea0 
0001be80: 30002fa0 31002fa0 30402fa0 31402fa0 
0001be90: 32002fa0 33002fa0 32402fa0 33402fa0 
0001bea0: 30802fa0 31802fa0 30c02fa0 31c02fa0 
0001beb0: 32802fa0 33802fa0 32c02fa0 33c02fa0 
0001bec0: 34002fa0 35002fa0 34402fa0 35402fa0 
0001bed0: 36002fa0 37002fa0 36402fa0 37402fa0 
0001bee0: 34802fa0 35802fa0 34c02fa0 35c02fa0 
0001bef0: 36802fa0 37802fa0 36c02fa0 37c02fa0 
0001bf00: 38002ea0 39002ea0 38402ea0 39402ea0 
0001bf10: 3a002ea0 3b002ea0 3a402ea0 3b402ea0 
0001bf20: 38802ea0 39802ea0 38c02ea0 39c02ea0 
0001bf30: 3a802ea0 3b802ea0 3ac02ea0 3bc02ea0 
0001bf40: 3c002ea0 3d002ea0 3c402ea0 3d402ea0 
0001bf50: 3e002ea0 3f002ea0 3e402ea0 3f402ea0 
0001bf60: 3c802ea0 3d802ea0 3cc02ea0 3dc02ea0 
0001bf70: 3e802ea0 3f802ea0 3ec02ea0 3fc02ea0 
0001bf80: 38002fa0 39002fa0 38402fa0 39402fa0 
0001bf90: 3a002fa0 3b002fa0 3a402fa0 3b402fa0 
0001bfa0: 38802fa0 39802fa0 38c02fa0 39c02fa0 
0001bfb0: 3a802fa0 3b802fa0 3ac02fa0 3bc02fa0 
0001bfc0: 3c002fa0 3d002fa0 3c402fa0 3d402fa0 
0001bfd0: 3e002fa0 3f002fa0 3e402fa0 3f402fa0 
0001bfe0: 3c802fa0 3d802fa0 3cc02fa0 3dc02fa0 
0001bff0: 3e802fa0 3f802fa0 3ec02fa0 3fc02fa0 
0001c000: 400020a0 410020a0 404020a0 414020a0 
0001c010: 420020a0 430020a0 424020a0 434020a0 
0001c020: 408020a0 418020a0 40c020a0 41c020a0 
0001c030: 428020a0 438020a0 42c020a0 43c020a0 
0001c040: 440020a0 450020a0 444020a0 454020a0 
0001c050: 460020a0 470020a0 464020a0 474020a0 
0001c060: 448020a0 458020a0 44c020a0 45c020a0 
0001c070: 468020a0 478020a0 46c020a0 47c020a0 
0001c080: 400021a0 410021a0 404021a0 414021a0 
0001c090: 420021a0 430021a0 424021a0 434021a0 
0001c0a0: 408021a0 418021a0 40c021a0 41c021a0 
0001c0b0: 428021a0 438021a0 42c021a0 43c021a0 
0001c0c0: 440021a0 450021a0 444021a0 454021a0 
0001c0d0: 460021a0 470021a0 464021a0 474021a0 
0001c0e0: 448021a0 458021a0 44c021a0 45c021a0 
0001c0f0: 468021a0 478021a0 46c021a0 47c021a0 
0001c100: 480020a0 490020a0 484020a0 494020a0 
0001c110: 4a0020a0 4b0020a0 4a4020a0 4b4020a0 
0001c120: 488020a0 498020a0 48c020a0 49c020a0 
0001c130: 4a8020a0 4b8020a0 4ac020a0 4bc020a0 
0001c140: 4c0020a0 4d0020a0 4c4020a0 4d4020a0 
0001c150: 4e0020a0 4f0020a0 4e4020a0 4f4020a0 
0001c160: 4c8020a0 4d8020a0 4cc020a0 4dc020a0 
0001c170: 4e8020a0 4f8020a0 4ec020a0 4fc020a0 
0001c180: 480021a0 490021a0 484021a0 494021a0 
0001c190: 4a0021a0 4b0021a0 4a4021a0 4b4021a0 
0001c1a0: 488021a0 498021a0 48c021a0 49c021a0 
0001c1b0: 4a8021a0 4b8021a0 4ac021a0 4bc021a0 
0001c1c0: 4c0021a0 4d0021a0 4c4021a0 4d4021a0 
0001c1d0: 4e0021a0 4f0021a0 4e4021a0 4f4021a0 
0001c1e0: 4c8021a0 4d8021a0 4cc021a0 4dc021a0 
0001c1f0: 4e8021a0 4f8021a0 4ec021a0 4fc021a0 
0001c200: 400022a0 410022a0 404022a0 414022a0 
0001c210: 420022a0 430022a0 424022a0 434022a0 
0001c220: 408022a0 418022a0 40c022a0 41c022a0 
0001c230: 428022a0 438022a0 42c022a0 43c022a0 
0001c240: 440022a0 450022a0 444022a0 454022a0 
0001c250: 460022a0 470022a0 464022a0 474022a0 
0001c260: 448022a0 458022a0 44c022a0 45c022a0 
0001c270: 468022a0 478022a0 46c022a0 47c022a0 
0001c280: 400023a0 410023a0 404023a0 414023a0 
0001c290: 420023a0 430023a0 424023a0 434023a0 
0001c2a0: 408023a0 418023a0 40c023a0 41c023a0 
0001c2b0: 428023a0 438023a0 42c023a0 43c023a0 
0001c2c0: 440023a0 450023a0 444023a0 454023a0 
0001c2d0: 460023a0 470023a0 464023a0 474023a0 
0001c2e0: 448023a0 458023a0 44c023a0 45c023a0 
0001c2f0: 468023a0 478023a0 46c023a0 47c023a0 
0001c300: 480022a0 490022a0 484022a0 494022a0 
0001c310: 4a0022a0 4b0022a0 4a4022a0 4b4022a0 
0001c320: 488022a0 498022a0 48c022a0 49c022a0 
0001c330: 4a8022a0 4b8022a0 4ac022a0 4bc022a0 
0001c340: 4c0022a0 4d0022a0 4c4022a0 4d4022a0 
0001c350: 4e0022a0 4f0022a0 4e4022a0 4f4022a0 
0001c360: 4c8022a0 4d8022a0 4cc022a0 4dc022a0 
0001c370: 4e8022a0 4f8022a0 4ec022a0 4fc022a0 
0001c380: 480023a0 490023a0 484023a0 494023a0 
0001c390: 4a0023a0 4b0023a0 4a4023a0 4b4023a0 
0001c3a0: 488023a0 498023a0 48c023a0 49c023a0 
0001c3b0: 4a8023a0 4b8023a0 4ac023a0 4bc023a0 
0001c3c0: 4c0023a0 4d0023a0 4c4023a0 4d4023a0 
0001c3d0: 4e0023a0 4f0023a0 4e4023a0 4f4023a0 
0001c3e0: 4c8023a0 4d8023a0 4cc023a0 4dc023a0 
0001c3f0: 4e8023a0 4f8023a0 4ec023a0 4fc023a0 
0001c400: 500020a0 510020a0 504020a0 514020a0 
0001c410: 520020a0 530020a0 524020a0 534020a0 
0001c420: 508020a0 518020a0 50c020a0 51c020a0 
0001c430: 528020a0 538020a0 52c020a0 53c020a0 
0001c440: 540020a0 550020a0 544020a0 554020a0 
0001c450: 560020a0 570020a0 564020a0 574020a0 
0001c460: 548020a0 558020a0 54c020a0 55c020a0 
0001c470: 568020a0 578020a0 56c020a0 57c020a0 
0001c480: 500021a0 510021a0 504021a0 514021a0 
0001c490: 520021a0 530021a0 524021a0 534021a0 
0001c4a0: 508021a0 518021a0 50c021a0 51c021a0 
0001c4b0: 528021a0 538021a0 52c021a0 53c021a0 
0001c4c0: 540021a0 550021a0 544021a0 554021a0 
0001c4d0: 560021a0 570021a0 564021a0 574021a0 
0001c4e0: 548021a0 558021a0 54c021a0 55c021a0 
0001c4f0: 568021a0 578021a0 56c021a0 57c021a0 
0001c500: 580020a0 590020a0 584020a0 594020a0 
0001c510: 5a0020a0 5b0020a0 5a4020a0 5b4020a0 
0001c520: 588020a0 598020a0 58c020a0 59c020a0 
0001c530: 5a8020a0 5b8020a0 5ac020a0 5bc020a0 
0001c540: 5c0020a0 5d0020a0 5c4020a0 5d4020a0 
0001c550: 5e0020a0 5f0020a0 5e4020a0 5f4020a0 
0001c560: 5c8020a0 5d8020a0 5cc020a0 5dc020a0 
0001c570: 5e8020a0 5f8020a0 5ec020a0 5fc020a0 
0001c580: 580021a0 590021a0 584021a0 594021a0 
0001c590: 5a0021a0 5b0021a0 5a4021a0 5b4021a0 
0001c5a0: 588021a0 598021a0 58c021a0 59c021a0 
0001c5b0: 5a8021a0 5b8021a0 5ac021a0 5bc021a0 
0001c5c0: 5c0021a0 5d0021a0 5c4021a0 5d4021a0 
0001c5d0: 5e0021a0 5f0021a0 5e4021a0 5f4021a0 
0001c5e0: 5c8021a0 5d8021a0 5cc021a0 5dc021a0 
0001c5f0: 5e8021a0 5f8021a0 5ec021a0 5fc021a0 
0001c600: 500022a0 510022a0 504022a0 514022a0 
0001c610: 520022a0 530022a0 524022a0 534022a0 
0001c620: 508022a0 518022a0 50c022a0 51c022a0 
0001c630: 528022a0 538022a0 52c022a0 53c022a0 
0001c640: 540022a0 550022a0 544022a0 554022a0 
0001c650: 560022a0 570022a0 564022a0 574022a0 
0001c660: 548022a0 558022a0 54c022a0 55c022a0 
0001c670: 568022a0 578022a0 56c022a0 57c022a0 
0001c680: 500023a0 510023a0 504023a0 514023a0 
0001c690: 520023a0 530023a0 524023a0 534023a0 
0001c6a0: 508023a0 518023a0 50c023a0 51c023a0 
0001c6b0: 528023a0 538023a0 52c023a0 53c023a0 
0001c6c0: 540023a0 550023a0 544023a0 554023a0 
0001c6d0: 560023a0 570023a0 564023a0 574023a0 
0001c6e0: 548023a0 558023a0 54c023a0 55c023a0 
0001c6f0: 568023a0 578023a0 56c023a0 57c023a0 
0001c700: 580022a0 590022a0 584022a0 594022a0 
0001c710: 5a0022a0 5b0022a0 5a4022a0 5b4022a0 
0001c720: 588022a0 598022a0 58c022a0 59c022a0 
0001c730: 5a8022a0 5b8022a0 5ac022a0 5bc022a0 
0001c740: 5c0022a0 5d0022a0 5c4022a0 5d4022a0 
0001c750: 5e0022a0 5f0022a0 5e4022a0 5f4022a0 
0001c760: 5c8022a0 5d8022a0 5cc022a0 5dc022a0 
0001c770: 5e8022a0 5f8022a0 5ec022a0 5fc022a0 
0001c780: 580023a0 590023a0 584023a0 594023a0 
0001c790: 5a0023a0 5b0023a0 5a4023a0 5b4023a0 
0001c7a0: 588023a0 598023a0 58c023a0 59c023a0 
0001c7b0: 5a8023a0 5b8023a0 5ac023a0 5bc023a0 
0001c7c0: 5c0023a0 5d0023a0 5c4023a0 5d4023a0 
0001c7d0: 5e0023a0 5f0023a0 5e4023a0 5f4023a0 
0001c7e0: 5c8023a0 5d8023a0 5cc023a0 5dc023a0 
0001c7f0: 5e8023a0 5f8023a0 5ec023a0 5fc023a0 
0001c800: 400024a0 410024a0 404024a0 414024a0 
0001c810: 420024a0 430024a0 424024a0 434024a0 
0001c820: 408024a0 418024a0 40c024a0 41c024a0 
0001c830: 428024a0 438024a0 42c024a0 43c024a0 
0001c840: 440024a0 450024a0 444024a0 454024a0 
0001c850: 460024a0 470024a0 464024a0 474024a0 
0001c860: 448024a0 458024a0 44c024a0 45c024a0 
0001c870: 468024a0 478024a0 46c024a0 47c024a0 
0001c880: 400025a0 410025a0 404025a0 414025a0 
0001c890: 420025a0 430025a0 424025a0 434025a0 
0001c8a0: 408025a0 418025a0 40c025a0 41c025a0 
0001c8b0: 428025a0 438025a0 42c025a0 43c025a0 
0001c8c0: 440025a0 450025a0 444025a0 454025a0 
0001c8d0: 460025a0 470025a0 464025a0 474025a0 
0001c8e0: 448025a0 458025a0 44c025a0 45c025a0 
0001c8f0: 468025a0 478025a0 46c025a0 47c025a0 
0001c900: 480024a0 490024a0 484024a0 494024a0 
0001c910: 4a0024a0 4b0024a0 4a4024a0 4b4024a0 
0001c920: 488024a0 498024a0 48c024a0 49c024a0 
0001c930: 4a8024a0 4b8024a0 4ac024a0 4bc024a0 
0001c940: 4c0024a0 4d0024a0 4c4024a0 4d4024a0 
0001c950: 4e0024a0 4f0024a0 4e4024a0 4f4024a0 
0001c960: 4c8024a0 4d8024a0 4cc024a0 4dc024a0 
0001c970: 4e8024a0 4f8024a0 4ec024a0 4fc024a0 
0001c980: 480025a0 490025a0 484025a0 494025a0 
0001c990: 4a0025a0 4b0025a0 4a4025a0 4b4025a0 
0001c9a0: 488025a0 498025a0 48c025a0 49c025a0 
0001c9b0: 4a8025a0 4b8025a0 4ac025a0 4bc025a0 
0001c9c0: 4c0025a0 4d0025a0 4c4025a0 4d4025a0 
0001c9d0: 4e0025a0 4f0025a0 4e4025a0 4f4025a0 
0001c9e0: 4c8025a0 4d8025a0 4cc025a0 4dc025a0 
0001c9f0: 4e8025a0 4f8025a0 4ec025a0 4fc025a0 
0001ca00: 400026a0 410026a0 404026a0 414026a0 
0001ca10: 420026a0 430026a0 424026a0 434026a0 
0001ca20: 408026a0 418026a0 40c026a0 41c026a0 
0001ca30: 428026a0 438026a0 42c026a0 43c026a0 
0001ca40: 440026a0 450026a0 444026a0 454026a0 
0001ca50: 460026a0 470026a0 464026a0 474026a0 
0001ca60: 448026a0 458026a0 44c026a0 45c026a0 
0001ca70: 468026a0 478026a0 46c026a0 47c026a0 
0001ca80: 400027a0 410027a0 404027a0 414027a0 
0001ca90: 420027a0 430027a0 424027a0 434027a0 
0001caa0: 408027a0 418027a0 40c027a0 41c027a0 
0001cab0: 428027a0 438027a0 42c027a0 43c027a0 
0001cac0: 440027a0 450027a0 444027a0 454027a0 
0001cad0: 460027a0 470027a0 464027a0 474027a0 
0001cae0: 448027a0 458027a0 44c027a0 45c027a0 
0001caf0: 468027a0 478027a0 46c027a0 47c027a0 
0001cb00: 480026a0 490026a0 484026a0 494026a0 
0001cb10: 4a0026a0 4b0026a0 4a4026a0 4b4026a0 
0001cb20: 488026a0 498026a0 48c026a0 49c026a0 
0001cb30: 4a8026a0 4b8026a0 4ac026a0 4bc026a0 
0001cb40: 4c0026a0 4d0026a0 4c4026a0 4d4026a0 
0001cb50: 4e0026a0 4f0026a0 4e4026a0 4f4026a0 
0001cb60: 4c8026a0 4d8026a0 4cc026a0 4dc026a0 
0001cb70: 4e8026a0 4f8026a0 4ec026a0 4fc026a0 
0001cb80: 480027a0 490027a0 484027a0 494027a0 
0001cb90: 4a0027a0 4b0027a0 4a4027a0 4b4027a0 
0001cba0: 488027a0 498027a0 48c027a0 49c027a0 
0001cbb0: 4a8027a0 4b8027a0 4ac027a0 4bc027a0 
0001cbc0: 4c0027a0 4d0027a0 4c4027a0 4d4027a0 
0001cbd0: 4e0027a0 4f0027a0 4e4027a0 4f4027a0 
0001cbe0: 4c8027a0 4d8027a0 4cc027a0 4dc027a0 
0001cbf0: 4e8027a0 4f8027a0 4ec027a0 4fc027a0 
0001cc00: 500024a0 510024a0 504024a0 514024a0 
0001cc10: 520024a0 530024a0 524024a0 534024a0 
0001cc20: 508024a0 518024a0 50c024a0 51c024a0 
0001cc30: 528024a0 538024a0 52c024a0 53c024a0 
0001cc40: 540024a0 550024a0 544024a0 554024a0 
0001cc50: 560024a0 570024a0 564024a0 574024a0 
0001cc60: 548024a0 558024a0 54c024a0 55c024a0 
0001cc70: 568024a0 578024a0 56c024a0 57c024a0 
0001cc80: 500025a0 510025a0 504025a0 514025a0 
0001cc90: 520025a0 530025a0 524025a0 534025a0 
0001cca0: 508025a0 518025a0 50c025a0 51c025a0 
0001ccb0: 528025a0 538025a0 52c025a0 53c025a0 
0001ccc0: 540025a0 550025a0 544025a0 554025a0 
0001ccd0: 560025a0 570025a0 564025a0 574025a0 
0001cce0: 548025a0 558025a0 54c025a0 55c025a0 
0001ccf0: 568025a0 578025a0 56c025a0 57c025a0 
0001cd00: 580024a0 590024a0 584024a0 594024a0 
0001cd10: 5a0024a0 5b0024a0 5a4024a0 5b4024a0 
0001cd20: 588024a0 598024a0 58c024a0 59c024a0 
0001cd30: 5a8024a0 5b8024a0 5ac024a0 5bc024a0 
0001cd40: 5c0024a0 5d0024a0 5c4024a0 5d4024a0 
0001cd50: 5e0024a0 5f0024a0 5e4024a0 5f4024a0 
0001cd60: 5c8024a0 5d8024a0 5cc024a0 5dc024a0 
0001cd70: 5e8024a0 5f8024a0 5ec024a0 5fc024a0 
0001cd80: 580025a0 590025a0 584025a0 594025a0 
0001cd90: 5a0025a0 5b0025a0 5a4025a0 5b4025a0 
0001cda0: 588025a0 598025a0 58c025a0 59c025a0 
0001cdb0: 5a8025a0 5b8025a0 5ac025a0 5bc025a0 
0001cdc0: 5c0025a0 5d0025a0 5c4025a0 5d4025a0 
0001cdd0: 5e0025a0 5f0025a0 5e4025a0 5f4025a0 
0001cde0: 5c8025a0 5d8025a0 5cc025a0 5dc025a0 
0001cdf0: 5e8025a0 5f8025a0 5ec025a0 5fc025a0 
0001ce00: 500026a0 510026a0 504026a0 514026a0 
0001ce10: 520026a0 530026a0 524026a0 534026a0 
0001ce20: 508026a0 518026a0 50c026a0 51c026a0 
0001ce30: 528026a0 538026a0 52c026a0 53c026a0 
0001ce40: 540026a0 550026a0 544026a0 554026a0 
0001ce50: 560026a0 570026a0 564026a0 574026a0 
0001ce60: 548026a0 558026a0 54c026a0 55c026a0 
0001ce70: 568026a0 578026a0 56c026a0 57c026a0 
0001ce80: 500027a0 510027a0 504027a0 514027a0 
0001ce90: 520027a0 530027a0 524027a0 534027a0 
0001cea0: 508027a0 518027a0 50c027a0 51c027a0 
0001ceb0: 528027a0 538027a0 52c027a0 53c027a0 
0001cec0: 540027a0 550027a0 544027a0 554027a0 
0001ced0: 560027a0 570027a0 564027a0 574027a0 
0001cee0: 548027a0 558027a0 54c027a0 55c027a0 
0001cef0: 568027a0 578027a0 56c027a0 57c027a0 
0001cf00: 580026a0 590026a0 584026a0 594026a0 
0001cf10: 5a0026a0 5b0026a0 5a4026a0 5b4026a0 
0001cf20: 588026a0 598026a0 58c026a0 59c026a0 
0001cf30: 5a8026a0 5b8026a0 5ac026a0 5bc026a0 
0001cf40: 5c0026a0 5d0026a0 5c4026a0 5d4026a0 
0001cf50: 5e0026a0 5f0026a0 5e4026a0 5f4026a0 
0001cf60: 5c8026a0 5d8026a0 5cc026a0 5dc026a0 
0001cf70: 5e8026a0 5f8026a0 5ec026a0 5fc026a0 
0001cf80: 580027a0 590027a0 584027a0 594027a0 
0001cf90: 5a0027a0 5b0027a0 5a4027a0 5b4027a0 
0001cfa0: 588027a0 598027a0 58c027a0 59c027a0 
0001cfb0: 5a8027a0 5b8027a0 5ac027a0 5bc027a0 
0001cfc0: 5c0027a0 5d0027a0 5c4027a0 5d4027a0 
0001cfd0: 5e0027a0 5f0027a0 5e4027a0 5f4027a0 
0001cfe0: 5c8027a0 5d8027a0 5cc027a0 5dc027a0 
0001cff0: 5e8027a0 5f8027a0 5ec027a0 5fc027a0 
0001d000: 600020a0 610020a0 604020a0 614020a0 
0001d010: 620020a0 630020a0 624020a0 634020a0 
0001d020: 608020a0 618020a0 60c020a0 61c020a0 
0001d030: 628020a0 638020a0 62c020a0 63c020a0 
0001d040: 640020a0 650020a0 644020a0 654020a0 
0001d050: 660020a0 670020a0 664020a0 674020a0 
0001d060: 648020a0 658020a0 64c020a0 65c020a0 
0001d070: 668020a0 678020a0 66c020a0 67c020a0 
0001d080: 600021a0 610021a0 604021a0 614021a0 
0001d090: 620021a0 630021a0 624021a0 634021a0 
0001d0a0: 608021a0 618021a0 60c021a0 61c021a0 
0001d0b0: 628021a0 638021a0 62c021a0 63c021a0 
0001d0c0: 640021a0 650021a0 644021a0 654021a0 
0001d0d0: 660021a0 670021a0 664021a0 674021a0 
0001d0e0: 648021a0 658021a0 64c021a0 65c021a0 
0001d0f0: 668021a0 678021a0 66c021a0 67c021a0 
0001d100: 680020a0 690020a0 684020a0 694020a0 
0001d110: 6a0020a0 6b0020a0 6a4020a0 6b4020a0 
0001d120: 688020a0 698020a0 68c020a0 69c020a0 
0001d130: 6a8020a0 6b8020a0 6ac020a0 6bc020a0 
0001d140: 6c0020a0 6d0020a0 6c4020a0 6d4020a0 
0001d150: 6e0020a0 6f0020a0 6e4020a0 6f4020a0 
0001d160: 6c8020a0 6d8020a0 6cc020a0 6dc020a0 
0001d170: 6e8020a0 6f8020a0 6ec020a0 6fc020a0 
0001d180: 680021a0 690021a0 684021a0 694021a0 
0001d190: 6a0021a0 6b0021a0 6a4021a0 6b4021a0 
0001d1a0: 688021a0 698021a0 68c021a0 69c021a0 
0001d1b0: 6a8021a0 6b8021a0 6ac021a0 6bc021a0 
0001d1c0: 6c0021a0 6d0021a0 6c4021a0 6d4021a0 
0001d1d0: 6e0021a0 6f0021a0 6e4021a0 6f4021a0 
0001d1e0: 6c8021a0 6d8021a0 6cc021a0 6dc021a0 
0001d1f0: 6e8021a0 6f8021a0 6ec021a0 6fc021a0 
0001d200: 600022a0 610022a0 604022a0 614022a0 
0001d210: 620022a0 630022a0 624022a0 634022a0 
0001d220: 608022a0 618022a0 60c022a0 61c022a0 
0001d230: 628022a0 638022a0 62c022a0 63c022a0 
0001d240: 640022a0 650022a0 644022a0 654022a0 
0001d250: 660022a0 670022a0 664022a0 674022a0 
0001d260: 648022a0 658022a0 64c022a0 65c022a0 
0001d270: 668022a0 678022a0 66c022a0 67c022a0 
0001d280: 600023a0 610023a0 604023a0 614023a0 
0001d290: 620023a0 630023a0 624023a0 634023a0 
0001d2a0: 608023a0 618023a0 60c023a0 61c023a0 
0001d2b0: 628023a0 638023a0 62c023a0 63c023a0 
0001d2c0: 640023a0 650023a0 644023a0 654023a0 
0001d2d0: 660023a0 670023a0 664023a0 674023a0 
0001d2e0: 648023a0 658023a0 64c023a0 65c023a0 
0001d2f0: 668023a0 678023a0 66c023a0 67c023a0 
0001d300: 680022a0 690022a0 684022a0 694022a0 
0001d310: 6a0022a0 6b0022a0 6a4022a0 6b4022a0 
0001d320: 688022a0 698022a0 68c022a0 69c022a0 
0001d330: 6a8022a0 6b8022a0 6ac022a0 6bc022a0 
0001d340: 6c0022a0 6d0022a0 6c4022a0 6d4022a0 
0001d350: 6e0022a0 6f0022a0 6e4022a0 6f4022a0 
0001d360: 6c8022a0 6d8022a0 6cc022a0 6dc022a0 
0001d370: 6e8022a0 6f8022a0 6ec022a0 6fc022a0 
0001d380: 680023a0 690023a0 684023a0 694023a0 
0001d390: 6a0023a0 6b0023a0 6a4023a0 6b4023a0 
0001d3a0: 688023a0 698023a0 68c023a0 69c023a0 
0001d3b0: 6a8023a0 6b8023a0 6ac023a0 6bc023a0 
0001d3c0: 6c0023a0 6d0023a0 6c4023a0 6d4023a0 
0001d3d0: 6e0023a0 6f0023a0 6e4023a0 6f4023a0 
0001d3e0: 6c8023a0 6d8023a0 6cc023a0 6dc023a0 
0001d3f0: 6e8023a0 6f8023a0 6ec023a0 6fc023a0 
0001d400: 700020a0 710020a0 704020a0 714020a0 
0001d410: 720020a0 730020a0 724020a0 734020a0 
0001d420: 708020a0 718020a0 70c020a0 71c020a0 
0001d430: 728020a0 738020a0 72c020a0 73c020a0 
0001d440: 740020a0 750020a0 744020a0 754020a0 
0001d450: 760020a0 770020a0 764020a0 774020a0 
0001d460: 748020a0 758020a0 74c020a0 75c020a0 
0001d470: 768020a0 778020a0 76c020a0 77c020a0 
0001d480: 700021a0 710021a0 704021a0 714021a0 
0001d490: 720021a0 730021a0 724021a0 734021a0 
0001d4a0: 708021a0 718021a0 70c021a0 71c021a0 
0001d4b0: 728021a0 738021a0 72c021a0 73c021a0 
0001d4c0: 740021a0 750021a0 744021a0 754021a0 
0001d4d0: 760021a0 770021a0 764021a0 774021a0 
0001d4e0: 748021a0 758021a0 74c021a0 75c021a0 
0001d4f0: 768021a0 778021a0 76c021a0 77c021a0 
0001d500: 780020a0 790020a0 784020a0 794020a0 
0001d510: 7a0020a0 7b0020a0 7a4020a0 7b4020a0 
0001d520: 788020a0 798020a0 78c020a0 79c020a0 
0001d530: 7a8020a0 7b8020a0 7ac020a0 7bc020a0 
0001d540: 7c0020a0 7d0020a0 7c4020a0 7d4020a0 
0001d550: 7e0020a0 7f0020a0 7e4020a0 7f4020a0 
0001d560: 7c8020a0 7d8020a0 7cc020a0 7dc020a0 
0001d570: 7e8020a0 7f8020a0 7ec020a0 7fc020a0 
0001d580: 780021a0 790021a0 784021a0 794021a0 
0001d590: 7a0021a0 7b0021a0 7a4021a0 7b4021a0 
0001d5a0: 788021a0 798021a0 78c021a0 79c021a0 
0001d5b0: 7a8021a0 7b8021a0 7ac021a0 7bc021a0 
0001d5c0: 7c0021a0 7d0021a0 7c4021a0 7d4021a0 
0001d5d0: 7e0021a0 7f0021a0 7e4021a0 7f4021a0 
0001d5e0: 7c8021a0 7d8021a0 7cc021a0 7dc021a0 
0001d5f0: 7e8021a0 7f8021a0 7ec021a0 7fc021a0 
0001d600: 700022a0 710022a0 704022a0 714022a0 
0001d610: 720022a0 730022a0 724022a0 734022a0 
0001d620: 708022a0 718022a0 70c022a0 71c022a0 
0001d630: 728022a0 738022a0 72c022a0 73c022a0 
0001d640: 740022a0 750022a0 744022a0 754022a0 
0001d650: 760022a0 770022a0 764022a0 774022a0 
0001d660: 748022a0 758022a0 74c022a0 75c022a0 
0001d670: 768022a0 778022a0 76c022a0 77c022a0 
0001d680: 700023a0 710023a0 704023a0 714023a0 
0001d690: 720023a0 730023a0 724023a0 734023a0 
0001d6a0: 708023a0 718023a0 70c023a0 71c023a0 
0001d6b0: 728023a0 738023a0 72c023a0 73c023a0 
0001d6c0: 740023a0 750023a0 744023a0 754023a0 
0001d6d0: 760023a0 770023a0 764023a0 774023a0 
0001d6e0: 748023a0 758023a0 74c023a0 75c023a0 
0001d6f0: 768023a0 778023a0 76c023a0 77c023a0 
0001d700: 780022a0 790022a0 784022a0 794022a0 
0001d710: 7a0022a0 7b0022a0 7a4022a0 7b4022a0 
0001d720: 788022a0 798022a0 78c022a0 79c022a0 
0001d730: 7a8022a0 7b8022a0 7ac022a0 7bc022a0 
0001d740: 7c0022a0 7d0022a0 7c4022a0 7d4022a0 
0001d750: 7e0022a0 7f0022a0 7e4022a0 7f4022a0 
0001d760: 7c8022a0 7d8022a0 7cc022a0 7dc022a0 
0001d770: 7e8022a0 7f8022a0 7ec022a0 7fc022a0 
0001d780: 780023a0 790023a0 784023a0 794023a0 
0001d790: 7a0023a0 7b0023a0 7a4023a0 7b4023a0 
0001d7a0: 788023a0 798023a0 78c023a0 79c023a0 
0001d7b0: 7a8023a0 7b8023a0 7ac023a0 7bc023a0 
0001d7c0: 7c0023a0 7d0023a0 7c4023a0 7d4023a0 
0001d7d0: 7e0023a0 7f0023a0 7e4023a0 7f4023a0 
0001d7e0: 7c8023a0 7d8023a0 7cc023a0 7dc023a0 
0001d7f0: 7e8023a0 7f8023a0 7ec023a0 7fc023a0 
0001d800: 600024a0 610024a0 604024a0 614024a0 
0001d810: 620024a0 630024a0 624024a0 634024a0 
0001d820: 608024a0 618024a0 60c024a0 61c024a0 
0001d830: 628024a0 638024a0 62c024a0 63c024a0 
0001d840: 640024a0 650024a0 644024a0 654024a0 
0001d850: 660024a0 670024a0 664024a0 674024a0 
0001d860: 648024a0 658024a0 64c024a0 65c024a0 
0001d870: 668024a0 678024a0 66c024a0 67c024a0 
0001d880: 600025a0 610025a0 604025a0 614025a0 
0001d890: 620025a0 630025a0 624025a0 634025a0 
0001d8a0: 608025a0 618025a0 60c025a0 61c025a0 
0001d8b0: 628025a0 638025a0 62c025a0 63c025a0 
0001d8c0: 640025a0 650025a0 644025a0 654025a0 
0001d8d0: 660025a0 670025a0 664025a0 674025a0 
0001d8e0: 648025a0 658025a0 64c025a0 65c025a0 
0001d8f0: 668025a0 678025a0 66c025a0 67c025a0 
0001d900: 680024a0 690024a0 684024a0 694024a0 
0001d910: 6a0024a0 6b0024a0 6a4024a0 6b4024a0 
0001d920: 688024a0 698024a0 68c024a0 69c024a0 
0001d930: 6a8024a0 6b8024a0 6ac024a0 6bc024a0 
0001d940: 6c0024a0 6d0024a0 6c4024a0 6d4024a0 
0001d950: 6e0024a0 6f0024a0 6e4024a0 6f4024a0 
0001d960: 6c8024a0 6d8024a0 6cc024a0 6dc024a0 
0001d970: 6e8024a0 6f8024a0 6ec024a0 6fc024a0 
0001d980: 680025a0 690025a0 684025a0 694025a0 
0001d990: 6a0025a0 6b0025a0 6a4025a0 6b4025a0 
0001d9a0: 688025a0 698025a0 68c025a0 69c025a0 
0001d9b0: 6a8025a0 6b8025a0 6ac025a0 6bc025a0 
0001d9c0: 6c0025a0 6d0025a0 6c4025a0 6d4025a0 
0001d9d0: 6e0025a0 6f0025a0 6e4025a0 6f4025a0 
0001d9e0: 6c8025a0 6d8025a0 6cc025a0 6dc025a0 
0001d9f0: 6e8025a0 6f8025a0 6ec025a0 6fc025a0 
0001da00: 600026a0 610026a0 604026a0 614026a0 
0001da10: 620026a0 630026a0 624026a0 634026a0 
0001da20: 608026a0 618026a0 60c026a0 61c026a0 
0001da30: 628026a0 638026a0 62c026a0 63c026a0 
0001da40: 640026a0 650026a0 644026a0 654026a0 
0001da50: 660026a0 670026a0 664026a0 674026a0 
0001da60: 648026a0 658026a0 64c026a0 65c026a0 
0001da70: 668026a0 678026a0 66c026a0 67c026a0 
0001da80: 600027a0 610027a0 604027a0 614027a0 
0001da90: 620027a0 630027a0 624027a0 634027a0 
0001daa0: 608027a0 618027a0 60c027a0 61c027a0 
0001dab0: 628027a0 638027a0 62c027a0 63c027a0 
0001dac0: 640027a0 650027a0 644027a0 654027a0 
0001dad0: 660027a0 670027a0 664027a0 674027a0 
0001dae0: 648027a0 658027a0 64c027a0 65c027a0 
0001daf0: 668027a0 678027a0 66c027a0 67c027a0 
0001db00: 680026a0 690026a0 684026a0 694026a0 
0001db10: 6a0026a0 6b0026a0 6a4026a0 6b4026a0 
0001db20: 688026a0 698026a0 68c026a0 69c026a0 
0001db30: 6a8026a0 6b8026a0 6ac026a0 6bc026a0 
0001db40: 6c0026a0 6d0026a0 6c4026a0 6d4026a0 
0001db50: 6e0026a0 6f0026a0 6e4026a0 6f4026a0 
0001db60: 6c8026a0 6d8026a0 6cc026a0 6dc026a0 
0001db70: 6e8026a0 6f8026a0 6ec026a0 6fc026a0 
0001db80: 680027a0 690027a0 684027a0 694027a0 
0001db90: 6a0027a0 6b0027a0 6a4027a0 6b4027a0 
0001dba0: 688027a0 698027a0 68c027a0 69c027a0 
0001dbb0: 6a8027a0 6b8027a0 6ac027a0 6bc027a0 
0001dbc0: 6c0027a0 6d0027a0 6c4027a0 6d4027a0 
0001dbd0: 6e0027a0 6f0027a0 6e4027a0 6f4027a0 
0001dbe0: 6c8027a0 6d8027a0 6cc027a0 6dc027a0 
0001dbf0: 6e8027a0 6f8027a0 6ec027a0 6fc027a0 
0001dc00: 700024a0 710024a0 704024a0 714024a0 
0001dc10: 720024a0 730024a0 724024a0 734024a0 
0001dc20: 708024a0 718024a0 70c024a0 71c024a0 
0001dc30: 728024a0 738024a0 72c024a0 73c024a0 
0001dc40: 740024a0 750024a0 744024a0 754024a0 
0001dc50: 760024a0 770024a0 764024a0 774024a0 
0001dc60: 748024a0 758024a0 74c024a0 75c024a0 
0001dc70: 768024a0 778024a0 76c024a0 77c024a0 
0001dc80: 700025a0 710025a0 704025a0 714025a0 
0001dc90: 720025a0 730025a0 724025a0 734025a0 
0001dca0: 708025a0 718025a0 70c025a0 71c025a0 
0001dcb0: 728025a0 738025a0 72c025a0 73c025a0 
0001dcc0: 740025a0 750025a0 744025a0 754025a0 
0001dcd0: 760025a0 770025a0 764025a0 774025a0 
0001dce0: 748025a0 758025a0 74c025a0 75c025a0 
0001dcf0: 768025a0 778025a0 76c025a0 77c025a0 
0001dd00: 780024a0 790024a0 784024a0 794024a0 
0001dd10: 7a0024a0 7b0024a0 7a4024a0 7b4024a0 
0001dd20: 788024a0 798024a0 78c024a0 79c024a0 
0001dd30: 7a8024a0 7b8024a0 7ac024a0 7bc024a0 
0001dd40: 7c0024a0 7d0024a0 7c4024a0 7d4024a0 
0001dd50: 7e0024a0 7f0024a0 7e4024a0 7f4024a0 
0001dd60: 7c8024a0 7d8024a0 7cc024a0 7dc024a0 
0001dd70: 7e8024a0 7f8024a0 7ec024a0 7fc024a0 
0001dd80: 780025a0 790025a0 784025a0 794025a0 
0001dd90: 7a0025a0 7b0025a0 7a4025a0 7b4025a0 
0001dda0: 788025a0 798025a0 78c025a0 79c025a0 
0001ddb0: 7a8025a0 7b8025a0 7ac025a0 7bc025a0 
0001ddc0: 7c0025a0 7d0025a0 7c4025a0 7d4025a0 
0001ddd0: 7e0025a0 7f0025a0 7e4025a0 7f4025a0 
0001dde0: 7c8025a0 7d8025a0 7cc025a0 7dc025a0 
0001ddf0: 7e8025a0 7f8025a0 7ec025a0 7fc025a0 
0001de00: 700026a0 710026a0 704026a0 714026a0 
0001de10: 720026a0 730026a0 724026a0 734026a0 
0001de20: 708026a0 718026a0 70c026a0 71c026a0 
0001de30: 728026a0 738026a0 72c026a0 73c026a0 
0001de40: 740026a0 750026a0 744026a0 754026a0 
0001de50: 760026a0 770026a0 764026a0 774026a0 
0001de60: 748026a0 758026a0 74c026a0 75c026a0 
0001de70: 768026a0 778026a0 76c026a0 77c026a0 
0001de80: 700027a0 710027a0 704027a0 714027a0 
0001de90: 720027a0 730027a0 724027a0 734027a0 
0001dea0: 708027a0 718027a0 70c027a0 71c027a0 
0001deb0: 728027a0 738027a0 72c027a0 73c027a0 
0001dec0: 740027a0 750027a0 744027a0 754027a0 
0001ded0: 760027a0 770027a0 764027a0 774027a0 
0001dee0: 748027a0 758027a0 74c027a0 75c027a0 
0001def0: 768027a0 778027a0 76c027a0 77c027a0 
0001df00: 780026a0 790026a0 784026a0 794026a0 
0001df10: 7a0026a0 7b0026a0 7a4026a0 7b4026a0 
0001df20: 788026a0 798026a0 78c026a0 79c026a0 
0001df30: 7a8026a0 7b8026a0 7ac026a0 7bc026a0 
0001df40: 7c0026a0 7d0026a0 7c4026a0 7d4026a0 
0001df50: 7e0026a0 7f0026a0 7e4026a0 7f4026a0 
0001df60: 7c8026a0 7d8026a0 7cc026a0 7dc026a0 
0001df70: 7e8026a0 7f8026a0 7ec026a0 7fc026a0 
0001df80: 780027a0 790027a0 784027a0 794027a0 
0001df90: 7a0027a0 7b0027a0 7a4027a0 7b4027a0 
0001dfa0: 788027a0 798027a0 78c027a0 79c027a0 
0001dfb0: 7a8027a0 7b8027a0 7ac027a0 7bc027a0 
0001dfc0: 7c0027a0 7d0027a0 7c4027a0 7d4027a0 
0001dfd0: 7e0027a0 7f0027a0 7e4027a0 7f4027a0 
0001dfe0: 7c8027a0 7d8027a0 7cc027a0 7dc027a0 
0001dff0: 7e8027a0 7f8027a0 7ec027a0 7fc027a0 
0001e000: 400028a0 410028a0 404028a0 414028a0 
0001e010: 420028a0 430028a0 424028a0 434028a0 
0001e020: 408028a0 418028a0 40c028a0 41c028a0 
0001e030: 428028a0 438028a0 42c028a0 43c028a0 
0001e040: 440028a0 450028a0 444028a0 454028a0 
0001e050: 460028a0 470028a0 464028a0 474028a0 
0001e060: 448028a0 458028a0 44c028a0 45c028a0 
0001e070: 468028a0 478028a0 46c028a0 47c028a0 
0001e080: 400029a0 410029a0 404029a0 414029a0 
0001e090: 420029a0 430029a0 424029a0 434029a0 
0001e0a0: 408029a0 418029a0 40c029a0 41c029a0 
0001e0b0: 428029a0 438029a0 42c029a0 43c029a0 
0001e0c0: 440029a0 450029a0 444029a0 454029a0 
0001e0d0: 460029a0 470029a0 464029a0 474029a0 
0001e0e0: 448029a0 458029a0 44c029a0 45c029a0 
0001e0f0: 468029a0 478029a0 46c029a0 47c029a0 
0001e100: 480028a0 490028a0 484028a0 494028a0 
0001e110: 4a0028a0 4b0028a0 4a4028a0 4b4028a0 
0001e120: 488028a0 498028a0 48c028a0 49c028a0 
0001e130: 4a8028a0 4b8028a0 4ac028a0 4bc028a0 
0001e140: 4c0028a0 4d0028a0 4c4028a0 4d4028a0 
0001e150: 4e0028a0 4f0028a0 4e4028a0 4f4028a0 
0001e160: 4c8028a0 4d8028a0 4cc028a0 4dc028a0 
0001e170: 4e8028a0 4f8028a0 4ec028a0 4fc028a0 
0001e180: 480029a0 490029a0 484029a0 494029a0 
0001e190: 4a0029a0 4b0029a0 4a4029a0 4b4029a0 
0001e1a0: 488029a0 498029a0 48c029a0 49c029a0 
0001e1b0: 4a8029a0 4b8029a0 4ac029a0 4bc029a0 
0001e1c0: 4c0029a0 4d0029a0 4c4029a0 4d4029a0 
0001e1d0: 4e0029a0 4f0029a0 4e4029a0 4f4029a0 
0001e1e0: 4c8029a0 4d8029a0 4cc029a0 4dc029a0 
0001e1f0: 4e8029a0 4f8029a0 4ec029a0 4fc029a0 
0001e200: 40002aa0 41002aa0 40402aa0 41402aa0 
0001e210: 42002aa0 43002aa0 42402aa0 43402aa0 
0001e220: 40802aa0 41802aa0 40c02aa0 41c02aa0 
0001e230: 42802aa0 43802aa0 42c02aa0 43c02aa0 
0001e240: 44002aa0 45002aa0 44402aa0 45402aa0 
0001e250: 46002aa0 47002aa0 46402aa0 47402aa0 
0001e260: 44802aa0 45802aa0 44c02aa0 45c02aa0 
0001e270: 46802aa0 47802aa0 46c02aa0 47c02aa0 
0001e280: 40002ba0 41002ba0 40402ba0 41402ba0 
0001e290: 42002ba0 43002ba0 42402ba0 43402ba0 
0001e2a0: 40802ba0 41802ba0 40c02ba0 41c02ba0 
0001e2b0: 42802ba0 43802ba0 42c02ba0 43c02ba0 
0001e2c0: 44002ba0 45002ba0 44402ba0 45402ba0 
0001e2d0: 46002ba0 47002ba0 46402ba0 47402ba0 
0001e2e0: 44802ba0 45802ba0 44c02ba0 45c02ba0 
0001e2f0: 46802ba0 47802ba0 46c02ba0 47c02ba0 
0001e300: 48002aa0 49002aa0 48402aa0 49402aa0 
0001e310: 4a002aa0 4b002aa0 4a402aa0 4b402aa0 
0001e320: 48802aa0 49802aa0 48c02aa0 49c02aa0 
0001e330: 4a802aa0 4b802aa0 4ac02aa0 4bc02aa0 
0001e340: 4c002aa0 4d002aa0 4c402aa0 4d402aa0 
0001e350: 4e002aa0 4f002aa0 4e402aa0 4f402aa0 
0001e360: 4c802aa0 4d802aa0 4cc02aa0 4dc02aa0 
0001e370: 4e802aa0 4f802aa0 4ec02aa0 4fc02aa0 
0001e380: 48002ba0 49002ba0 48402ba0 49402ba0 
0001e390: 4a002ba0 4b002ba0 4a402ba0 4b402ba0 
0001e3a0: 48802ba0 49802ba0 48c02ba0 49c02ba0 
0001e3b0: 4a802ba0 4b802ba0 4ac02ba0 4bc02ba0 
0001e3c0: 4c002ba0 4d002ba0 4c402ba0 4d402ba0 
0001e3d0: 4e002ba0 4f002ba0 4e402ba0 4f402ba0 
0001e3e0: 4c802ba0 4d802ba0 4cc02ba0 4dc02ba0 
0001e3f0: 4e802ba0 4f802ba0 4ec02ba0 4fc02ba0 
0001e400: 500028a0 510028a0 504028a0 514028a0 
0001e410: 520028a0 530028a0 524028a0 534028a0 
0001e420: 508028a0 518028a0 50c028a0 51c028a0 
0001e430: 528028a0 538028a0 52c028a0 53c028a0 
0001e440: 540028a0 550028a0 544028a0 554028a0 
0001e450: 560028a0 570028a0 564028a0 574028a0 
0001e460: 548028a0 558028a0 54c028a0 55c028a0 
0001e470: 568028a0 578028a0 56c028a0 57c028a0 
0001e480: 500029a0 510029a0 504029a0 514029a0 
0001e490: 520029a0 530029a0 524029a0 534029a0 
0001e4a0: 508029a0 518029a0 50c029a0 51c029a0 
0001e4b0: 528029a0 538029a0 52c029a0 53c029a0 
0001e4c0: 540029a0 550029a0 544029a0 554029a0 
0001e4d0: 560029a0 570029a0 564029a0 574029a0 
0001e4e0: 548029a0 558029a0 54c029a0 55c029a0 
0001e4f0: 568029a0 578029a0 56c029a0 57c029a0 
0001e500: 580028a0 590028a0 584028a0 594028a0 
0001e510: 5a0028a0 5b0028a0 5a4028a0 5b4028a0 
0001e520: 588028a0 598028a0 58c028a0 59c028a0 
0001e530: 5a8028a0 5b8028a0 5ac028a0 5bc028a0 
0001e540: 5c0028a0 5d0028a0 5c4028a0 5d4028a0 
0001e550: 5e0028a0 5f0028a0 5e4028a0 5f4028a0 
0001e560: 5c8028a0 5d8028a0 5cc028a0 5dc028a0 
0001e570: 5e8028a0 5f8028a0 5ec028a0 5fc028a0 
0001e580: 580029a0 590029a0 584029a0 594029a0 
0001e590: 5a0029a0 5b0029a0 5a4029a0 5b4029a0 
0001e5a0: 588029a0 598029a0 58c029a0 59c029a0 
0001e5b0: 5a8029a0 5b8029a0 5ac029a0 5bc029a0 
0001e5c0: 5c0029a0 5d0029a0 5c4029a0 5d4029a0 
0001e5d0: 5e0029a0 5f0029a0 5e4029a0 5f4029a0 
0001e5e0: 5c8029a0 5d8029a0 5cc029a0 5dc029a0 
0001e5f0: 5e8029a0 5f8029a0 5ec029a0 5fc029a0 
0001e600: 50002aa0 51002aa0 50402aa0 51402aa0 
0001e610: 52002aa0 53002aa0 52402aa0 53402aa0 
0001e620: 50802aa0 51802aa0 50c02aa0 51c02aa0 
0001e630: 52802aa0 53802aa0 52c02aa0 53c02aa0 
0001e640: 54002aa0 55002aa0 54402aa0 55402aa0 
0001e650: 56002aa0 57002aa0 56402aa0 57402aa0 
0001e660: 54802aa0 55802aa0 54c02aa0 55c02aa0 
0001e670: 56802aa0 57802aa0 56c02aa0 57c02aa0 
0001e680: 50002ba0 51002ba0 50402ba0 51402ba0 
0001e690: 52002ba0 53002ba0 52402ba0 53402ba0 
0001e6a0: 50802ba0 51802ba0 50c02ba0 51c02ba0 
0001e6b0: 52802ba0 53802ba0 52c02ba0 53c02ba0 
0001e6c0: 54002ba0 55002ba0 54402ba0 55402ba0 
0001e6d0: 56002ba0 57002ba0 56402ba0 57402ba0 
0001e6e0: 54802ba0 55802ba0 54c02ba0 55c02ba0 
0001e6f0: 56802ba0 57802ba0 56c02ba0 57c02ba0 
0001e700: 58002aa0 59002aa0 58402aa0 59402aa0 
0001e710: 5a002aa0 5b002aa0 5a402aa0 5b402aa0 
0001e720: 58802aa0 59802aa0 58c02aa0 59c02aa0 
0001e730: 5a802aa0 5b802aa0 5ac02aa0 5bc02aa0 
0001e740: 5c002aa0 5d002aa0 5c402aa0 5d402aa0 
0001e750: 5e002aa0 5f002aa0 5e402aa0 5f402aa0 
0001e760: 5c802aa0 5d802aa0 5cc02aa0 5dc02aa0 
0001e770: 5e802aa0 5f802aa0 5ec02aa0 5fc02aa0 
0001e780: 58002ba0 59002ba0 58402ba0 59402ba0 
0001e790: 5a002ba0 5b002ba0 5a402ba0 5b402ba0 
0001e7a0: 58802ba0 59802ba0 58c02ba0 59c02ba0 
0001e7b0: 5a802ba0 5b802ba0 5ac02ba0 5bc02ba0 
0001e7c0: 5c002ba0 5d002ba0 5c402ba0 5d402ba0 
0001e7d0: 5e002ba0 5f002ba0 5e402ba0 5f402ba0 
0001e7e0: 5c802ba0 5d802ba0 5cc02ba0 5dc02ba0 
0001e7f0: 5e802ba0 5f802ba0 5ec02ba0 5fc02ba0 
0001e800: 40002ca0 41002ca0 40402ca0 41402ca0 
0001e810: 42002ca0 43002ca0 42402ca0 43402ca0 
0001e820: 40802ca0 41802ca0 40c02ca0 41c02ca0 
0001e830: 42802ca0 43802ca0 42c02ca0 43c02ca0 
0001e840: 44002ca0 45002ca0 44402ca0 45402ca0 
0001e850: 46002ca0 47002ca0 46402ca0 47402ca0 
0001e860: 44802ca0 45802ca0 44c02ca0 45c02ca0 
0001e870: 46802ca0 47802ca0 46c02ca0 47c02ca0 
0001e880: 40002da0 41002da0 40402da0 41402da0 
0001e890: 42002da0 43002da0 42402da0 43402da0 
0001e8a0: 40802da0 41802da0 40c02da0 41c02da0 
0001e8b0: 42802da0 43802da0 42c02da0 43c02da0 
0001e8c0: 44002da0 45002da0 44402da0 45402da0 
0001e8d0: 46002da0 47002da0 46402da0 47402da0 
0001e8e0: 44802da0 45802da0 44c02da0 45c02da0 
0001e8f0: 46802da0 47802da0 46c02da0 47c02da0 
0001e900: 48002ca0 49002ca0 48402ca0 49402ca0 
0001e910: 4a002ca0 4b002ca0 4a402ca0 4b402ca0 
0001e920: 48802ca0 49802ca0 48c02ca0 49c02ca0 
0001e930: 4a802ca0 4b802ca0 4ac02ca0 4bc02ca0 
0001e940: 4c002ca0 4d002ca0 4c402ca0 4d402ca0 
0001e950: 4e002ca0 4f002ca0 4e402ca0 4f402ca0 
0001e960: 4c802ca0 4d802ca0 4cc02ca0 4dc02ca0 
0001e970: 4e802ca0 4f802ca0 4ec02ca0 4fc02ca0 
0001e980: 48002da0 49002da0 48402da0 49402da0 
0001e990: 4a002da0 4b002da0 4a402da0 4b402da0 
0001e9a0: 48802da0 49802da0 48c02da0 49c02da0 
0001e9b0: 4a802da0 4b802da0 4ac02da0 4bc02da0 
0001e9c0: 4c002da0 4d002da0 4c402da0 4d402da0 
0001e9d0: 4e002da0 4f002da0 4e402da0 4f402da0 
0001e9e0: 4c802da0 4d802da0 4cc02da0 4dc02da0 
0001e9f0: 4e802da0 4f802da0 4ec02da0 4fc02da0 
0001ea00: 40002ea0 41002ea0 40402ea0 41402ea0 
0001ea10: 42002ea0 43002ea0 42402ea0 43402ea0 
0001ea20: 40802ea0 41802ea0 40c02ea0 41c02ea0 
0001ea30: 42802ea0 43802ea0 42c02ea0 43c02ea0 
0001ea40: 44002ea0 45002ea0 44402ea0 45402ea0 
0001ea50: 46002ea0 47002ea0 46402ea0 47402ea0 
0001ea60: 44802ea0 45802ea0 44c02ea0 45c02ea0 
0001ea70: 46802ea0 47802ea0 46c02ea0 47c02ea0 
0001ea80: 40002fa0 41002fa0 40402fa0 41402fa0 
0001ea90: 42002fa0 43002fa0 42402fa0 43402fa0 
0001eaa0: 40802fa0 41802fa0 40c02fa0 41c02fa0 
0001eab0: 42802fa0 43802fa0 42c02fa0 43c02fa0 
0001eac0: 44002fa0 45002fa0 44402fa0 45402fa0 
0001ead0: 46002fa0 47002fa0 46402fa0 47402fa0 
0001eae0: 44802fa0 45802fa0 44c02fa0 45c02fa0 
0001eaf0: 46802fa0 47802fa0 46c02fa0 47c02fa0 
0001eb00: 48002ea0 49002ea0 48402ea0 49402ea0 
0001eb10: 4a002ea0 4b002ea0 4a402ea0 4b402ea0 
0001eb20: 48802ea0 49802ea0 48c02ea0 49c02ea0 
0001eb30: 4a802ea0 4b802ea0 4ac02ea0 4bc02ea0 
0001eb40: 4c002ea0 4d002ea0 4c402ea0 4d402ea0 
0001eb50: 4e002ea0 4f002ea0 4e402ea0 4f402ea0 
0001eb60: 4c802ea0 4d802ea0 4cc02ea0 4dc02ea0 
0001eb70: 4e802ea0 4f802ea0 4ec02ea0 4fc02ea0 
0001eb80: 48002fa0 49002fa0 48402fa0 49402fa0 
0001eb90: 4a002fa0 4b002fa0 4a402fa0 4b402fa0 
0001eba0: 48802fa0 49802fa0 48c02fa0 49c02fa0 
0001ebb0: 4a802fa0 4b802fa0 4ac02fa0 4bc02fa0 
0001ebc0: 4c002fa0 4d002fa0 4c402fa0 4d402fa0 
0001ebd0: 4e002fa0 4f002fa0 4e402fa0 4f402fa0 
0001ebe0: 4c802fa0 4d802fa0 4cc02fa0 4dc02fa0 
0001ebf0: 4e802fa0 4f802fa0 4ec02fa0 4fc02fa0 
0001ec00: 50002ca0 51002ca0 50402ca0 51402ca0 
0001ec10: 52002ca0 53002ca0 52402ca0 53402ca0 
0001ec20: 50802ca0 51802ca0 50c02ca0 51c02ca0 
0001ec30: 52802ca0 53802ca0 52c02ca0 53c02ca0 
0001ec40: 54002ca0 55002ca0 54402ca0 55402ca0 
0001ec50: 56002ca0 57002ca0 56402ca0 57402ca0 
0001ec60: 54802ca0 55802ca0 54c02ca0 55c02ca0 
0001ec70: 56802ca0 57802ca0 56c02ca0 57c02ca0 
0001ec80: 50002da0 51002da0 50402da0 51402da0 
0001ec90: 52002da0 53002da0 52402da0 53402da0 
0001eca0: 50802da0 51802da0 50c02da0 51c02da0 
0001ecb0: 52802da0 53802da0 52c02da0 53c02da0 
0001ecc0: 54002da0 55002da0 54402da0 55402da0 
0001ecd0: 56002da0 57002da0 56402da0 57402da0 
0001ece0: 54802da0 55802da0 54c02da0 55c02da0 
0001ecf0: 56802da0 57802da0 56c02da0 57c02da0 
0001ed00: 58002ca0 59002ca0 58402ca0 59402ca0 
0001ed10: 5a002ca0 5b002ca0 5a402ca0 5b402ca0 
0001ed20: 58802ca0 59802ca0 58c02ca0 59c02ca0 
0001ed30: 5a802ca0 5b802ca0 5ac02ca0 5bc02ca0 
0001ed40: 5c002ca0 5d002ca0 5c402ca0 5d402ca0 
0001ed50: 5e002ca0 5f002ca0 5e402ca0 5f402ca0 
0001ed60: 5c802ca0 5d802ca0 5cc02ca0 5dc02ca0 
0001ed70: 5e802ca0 5f802ca0 5ec02ca0 5fc02ca0 
0001ed80: 58002da0 59002da0 58402da0 59402da0 
0001ed90: 5a002da0 5b002da0 5a402da0 5b402da0 
0001eda0: 58802da0 59802da0 58c02da0 59c02da0 
0001edb0: 5a802da0 5b802da0 5ac02da0 5bc02da0 
0001edc0: 5c002da0 5d002da0 5c402da0 5d402da0 
0001edd0: 5e002da0 5f002da0 5e402da0 5f402da0 
0001ede0: 5c802da0 5d802da0 5cc02da0 5dc02da0 
0001edf0: 5e802da0 5f802da0 5ec02da0 5fc02da0 
0001ee00: 50002ea0 51002ea0 50402ea0 51402ea0 
0001ee10: 52002ea0 53002ea0 52402ea0 53402ea0 
0001ee20: 50802ea0 51802ea0 50c02ea0 51c02ea0 
0001ee30: 52802ea0 53802ea0 52c02ea0 53c02ea0 
0001ee40: 54002ea0 55002ea0 54402ea0 55402ea0 
0001ee50: 56002ea0 57002ea0 56402ea0 57402ea0 
0001ee60: 54802ea0 55802ea0 54c02ea0 55c02ea0 
0001ee70: 56802ea0 57802ea0 56c02ea0 57c02ea0 
0001ee80: 50002fa0 51002fa0 50402fa0 51402fa0 
0001ee90: 52002fa0 53002fa0 52402fa0 53402fa0 
0001eea0: 50802fa0 51802fa0 50c02fa0 51c02fa0 
0001eeb0: 52802fa0 53802fa0 52c02fa0 53c02fa0 
0001eec0: 54002fa0 55002fa0 54402fa0 55402fa0 
0001eed0: 56002fa0 57002fa0 56402fa0 57402fa0 
0001eee0: 54802fa0 55802fa0 54c02fa0 55c02fa0 
0001eef0: 56802fa0 57802fa0 56c02fa0 57c02fa0 
0001ef00: 58002ea0 59002ea0 58402ea0 59402ea0 
0001ef10: 5a002ea0 5b002ea0 5a402ea0 5b402ea0 
0001ef20: 58802ea0 59802ea0 58c02ea0 59c02ea0 
0001ef30: 5a802ea0 5b802ea0 5ac02ea0 5bc02ea0 
0001ef40: 5c002ea0 5d002ea0 5c402ea0 5d402ea0 
0001ef50: 5e002ea0 5f002ea0 5e402ea0 5f402ea0 
0001ef60: 5c802ea0 5d802ea0 5cc02ea0 5dc02ea0 
0001ef70: 5e802ea0 5f802ea0 5ec02ea0 5fc02ea0 
0001ef80: 58002fa0 59002fa0 58402fa0 59402fa0 
0001ef90: 5a002fa0 5b002fa0 5a402fa0 5b402fa0 
0001efa0: 58802fa0 59802fa0 58c02fa0 59c02fa0 
0001efb0: 5a802fa0 5b802fa0 5ac02fa0 5bc02fa0 
0001efc0: 5c002fa0 5d002fa0 5c402fa0 5d402fa0 
0001efd0: 5e002fa0 5f002fa0 5e402fa0 5f402fa0 
0001efe0: 5c802fa0 5d802fa0 5cc02fa0 5dc02fa0 
0001eff0: 5e802fa0 5f802fa0 5ec02fa0 5fc02fa0 
0001f000: 600028a0 610028a0 604028a0 614028a0 
0001f010: 620028a0 630028a0 624028a0 634028a0 
0001f020: 608028a0 618028a0 60c028a0 61c028a0 
0001f030: 628028a0 638028a0 62c028a0 63c028a0 
0001f040: 640028a0 650028a0 644028a0 654028a0 
0001f050: 660028a0 670028a0 664028a0 674028a0 
0001f060: 648028a0 658028a0 64c028a0 65c028a0 
0001f070: 668028a0 678028a0 66c028a0 67c028a0 
0001f080: 600029a0 610029a0 604029a0 614029a0 
0001f090: 620029a0 630029a0 624029a0 634029a0 
0001f0a0: 608029a0 618029a0 60c029a0 61c029a0 
0001f0b0: 628029a0 638029a0 62c029a0 63c029a0 
0001f0c0: 640029a0 650029a0 644029a0 654029a0 
0001f0d0: 660029a0 670029a0 664029a0 674029a0 
0001f0e0: 648029a0 658029a0 64c029a0 65c029a0 
0001f0f0: 668029a0 678029a0 66c029a0 67c029a0 
0001f100: 680028a0 690028a0 684028a0 694028a0 
0001f110: 6a0028a0 6b0028a0 6a4028a0 6b4028a0 
0001f120: 688028a0 698028a0 68c028a0 69c028a0 
0001f130: 6a8028a0 6b8028a0 6ac028a0 6bc028a0 
0001f140: 6c0028a0 6d0028a0 6c4028a0 6d4028a0 
0001f150: 6e0028a0 6f0028a0 6e4028a0 6f4028a0 
0001f160: 6c8028a0 6d8028a0 6cc028a0 6dc028a0 
0001f170: 6e8028a0 6f8028a0 6ec028a0 6fc028a0 
0001f180: 680029a0 690029a0 684029a0 694029a0 
0001f190: 6a0029a0 6b0029a0 6a4029a0 6b4029a0 
0001f1a0: 688029a0 698029a0 68c029a0 69c029a0 
0001f1b0: 6a8029a0 6b8029a0 6ac029a0 6bc029a0 
0001f1c0: 6c0029a0 6d0029a0 6c4029a0 6d4029a0 
0001f1d0: 6e0029a0 6f0029a0 6e4029a0 6f4029a0 
0001f1e0: 6c8029a0 6d8029a0 6cc029a0 6dc029a0 
0001f1f0: 6e8029a0 6f8029a0 6ec029a0 6fc029a0 
0001f200: 60002aa0 61002aa0 60402aa0 61402aa0 
0001f210: 62002aa0 63002aa0 62402aa0 63402aa0 
0001f220: 60802aa0 61802aa0 60c02aa0 61c02aa0 
0001f230: 62802aa0 63802aa0 62c02aa0 63c02aa0 
0001f240: 64002aa0 65002aa0 64402aa0 65402aa0 
0001f250: 66002aa0 67002aa0 66402aa0 67402aa0 
0001f260: 64802aa0 65802aa0 64c02aa0 65c02aa0 
0001f270: 66802aa0 67802aa0 66c02aa0 67c02aa0 
0001f280: 60002ba0 61002ba0 60402ba0 61402ba0 
0001f290: 62002ba0 63002ba0 62402ba0 63402ba0 
0001f2a0: 60802ba0 61802ba0 60c02ba0 61c02ba0 
0001f2b0: 62802ba0 63802ba0 62c02ba0 63c02ba0 
0001f2c0: 64002ba0 65002ba0 64402ba0 65402ba0 
0001f2d0: 66002ba0 67002ba0 66402ba0 67402ba0 
0001f2e0: 64802ba0 65802ba0 64c02ba0 65c02ba0 
0001f2f0: 66802ba0 67802ba0 66c02ba0 67c02ba0 
0001f300: 68002aa0 69002aa0 68402aa0 69402aa0 
0001f310: 6a002aa0 6b002aa0 6a402aa0 6b402aa0 
0001f320: 68802aa0 69802aa0 68c02aa0 69c02aa0 
0001f330: 6a802aa0 6b802aa0 6ac02aa0 6bc02aa0 
0001f340: 6c002aa0 6d002aa0 6c402aa0 6d402aa0 
0001f350: 6e002aa0 6f002aa0 6e402aa0 6f402aa0 
0001f360: 6c802aa0 6d802aa0 6cc02aa0 6dc02aa0 
0001f370: 6e802aa0 6f802aa0 6ec02aa0 6fc02aa0 
0001f380: 68002ba0 69002ba0 68402ba0 69402ba0 
0001f390: 6a002ba0 6b002ba0 6a402ba0 6b402ba0 
0001f3a0: 68802ba0 69802ba0 68c02ba0 69c02ba0 
0001f3b0: 6a802ba0 6b802ba0 6ac02ba0 6bc02ba0 
0001f3c0: 6c002ba0 6d002ba0 6c402ba0 6d402ba0 
0001f3d0: 6e002ba0 6f002ba0 6e402ba0 6f402ba0 
0001f3e0: 6c802ba0 6d802ba0 6cc02ba0 6dc02ba0 
0001f3f0: 6e802ba0 6f802ba0 6ec02ba0 6fc02ba0 
0001f400: 700028a0 710028a0 704028a0 714028a0 
0001f410: 720028a0 730028a0 724028a0 734028a0 
0001f420: 708028a0 718028a0 70c028a0 71c028a0 
0001f430: 728028a0 738028a0 72c028a0 73c028a0 
0001f440: 740028a0 750028a0 744028a0 754028a0 
0001f450: 760028a0 770028a0 764028a0 774028a0 
0001f460: 748028a0 758028a0 74c028a0 75c028a0 
0001f470: 768028a0 778028a0 76c028a0 77c028a0 
0001f480: 700029a0 710029a0 704029a0 714029a0 
0001f490: 720029a0 730029a0 724029a0 734029a0 
0001f4a0: 708029a0 718029a0 70c029a0 71c029a0 
0001f4b0: 728029a0 738029a0 72c029a0 73c029a0 
0001f4c0: 740029a0 750029a0 744029a0 754029a0 
0001f4d0: 760029a0 770029a0 764029a0 774029a0 
0001f4e0: 748029a0 758029a0 74c029a0 75c029a0 
0001f4f0: 768029a0 778029a0 76c029a0 77c029a0 
0001f500: 780028a0 790028a0 784028a0 794028a0 
0001f510: 7a0028a0 7b0028a0 7a4028a0 7b4028a0 
0001f520: 788028a0 798028a0 78c028a0 79c028a0 
0001f530: 7a8028a0 7b8028a0 7ac028a0 7bc028a0 
0001f540: 7c0028a0 7d0028a0 7c4028a0 7d4028a0 
0001f550: 7e0028a0 7f0028a0 7e4028a0 7f4028a0 
0001f560: 7c8028a0 7d8028a0 7cc028a0 7dc028a0 
0001f570: 7e8028a0 7f8028a0 7ec028a0 7fc028a0 
0001f580: 780029a0 790029a0 784029a0 794029a0 
0001f590: 7a0029a0 7b0029a0 7a4029a0 7b4029a0 
0001f5a0: 788029a0 798029a0 78c029a0 79c029a0 
0001f5b0: 7a8029a0 7b8029a0 7ac029a0 7bc029a0 
0001f5c0: 7c0029a0 7d0029a0 7c4029a0 7d4029a0 
0001f5d0: 7e0029a0 7f0029a0 7e4029a0 7f4029a0 
0001f5e0: 7c8029a0 7d8029a0 7cc029a0 7dc029a0 
0001f5f0: 7e8029a0 7f8029a0 7ec029a0 7fc029a0 
0001f600: 70002aa0 71002aa0 70402aa0 71402aa0 
0001f610: 72002aa0 73002aa0 72402aa0 73402aa0 
0001f620: 70802aa0 71802aa0 70c02aa0 71c02aa0 
0001f630: 72802aa0 73802aa0 72c02aa0 73c02aa0 
0001f640: 74002aa0 75002aa0 74402aa0 75402aa0 
0001f650: 76002aa0 77002aa0 76402aa0 77402aa0 
0001f660: 74802aa0 75802aa0 74c02aa0 75c02aa0 
0001f670: 76802aa0 77802aa0 76c02aa0 77c02aa0 
0001f680: 70002ba0 71002ba0 70402ba0 71402ba0 
0001f690: 72002ba0 73002ba0 72402ba0 73402ba0 
0001f6a0: 70802ba0 71802ba0 70c02ba0 71c02ba0 
0001f6b0: 72802ba0 73802ba0 72c02ba0 73c02ba0 
0001f6c0: 74002ba0 75002ba0 74402ba0 75402ba0 
0001f6d0: 76002ba0 77002ba0 76402ba0 77402ba0 
0001f6e0: 74802ba0 75802ba0 74c02ba0 75c02ba0 
0001f6f0: 76802ba0 77802ba0 76c02ba0 77c02ba0 
0001f700: 78002aa0 79002aa0 78402aa0 79402aa0 
0001f710: 7a002aa0 7b002aa0 7a402aa0 7b402aa0 
0001f720: 78802aa0 79802aa0 78c02aa0 79c02aa0 
0001f730: 7a802aa0 7b802aa0 7ac02aa0 7bc02aa0 
0001f740: 7c002aa0 7d002aa0 7c402aa0 7d402aa0 
0001f750: 7e002aa0 7f002aa0 7e402aa0 7f402aa0 
0001f760: 7c802aa0 7d802aa0 7cc02aa0 7dc02aa0 
0001f770: 7e802aa0 7f802aa0 7ec02aa0 7fc02aa0 
0001f780: 78002ba0 79002ba0 78402ba0 79402ba0 
0001f790: 7a002ba0 7b002ba0 7a402ba0 7b402ba0 
0001f7a0: 78802ba0 79802ba0 78c02ba0 79c02ba0 
0001f7b0: 7a802ba0 7b802ba0 7ac02ba0 7bc02ba0 
0001f7c0: 7c002ba0 7d002ba0 7c402ba0 7d402ba0 
0001f7d0: 7e002ba0 7f002ba0 7e402ba0 7f402ba0 
0001f7e0: 7c802ba0 7d802ba0 7cc02ba0 7dc02ba0 
0001f7f0: 7e802ba0 7f802ba0 7ec02ba0 7fc02ba0 
0001f800: 60002ca0 61002ca0 60402ca0 61402ca0 
0001f810: 62002ca0 63002ca0 62402ca0 63402ca0 
0001f820: 60802ca0 61802ca0 60c02ca0 61c02ca0 
0001f830: 62802ca0 63802ca0 62c02ca0 63c02ca0 
0001f840: 64002ca0 65002ca0 64402ca0 65402ca0 
0001f850: 66002ca0 67002ca0 66402ca0 67402ca0 
0001f860: 64802ca0 65802ca0 64c02ca0 65c02ca0 
0001f870: 66802ca0 67802ca0 66c02ca0 67c02ca0 
0001f880: 60002da0 61002da0 60402da0 61402da0 
0001f890: 62002da0 63002da0 62402da0 63402da0 
0001f8a0: 60802da0 61802da0 60c02da0 61c02da0 
0001f8b0: 62802da0 63802da0 62c02da0 63c02da0 
0001f8c0: 64002da0 65002da0 64402da0 65402da0 
0001f8d0: 66002da0 67002da0 66402da0 67402da0 
0001f8e0: 64802da0 65802da0 64c02da0 65c02da0 
0001f8f0: 66802da0 67802da0 66c02da0 67c02da0 
0001f900: 68002ca0 69002ca0 68402ca0 69402ca0 
0001f910: 6a002ca0 6b002ca0 6a402ca0 6b402ca0 
0001f920: 68802ca0 69802ca0 68c02ca0 69c02ca0 
0001f930: 6a802ca0 6b802ca0 6ac02ca0 6bc02ca0 
0001f940: 6c002ca0 6d002ca0 6c402ca0 6d402ca0 
0001f950: 6e002ca0 6f002ca0 6e402ca0 6f402ca0 
0001f960: 6c802ca0 6d802ca0 6cc02ca0 6dc02ca0 
0001f970: 6e802ca0 6f802ca0 6ec02ca0 6fc02ca0 
0001f980: 68002da0 69002da0 68402da0 69402da0 
0001f990: 6a002da0 6b002da0 6a402da0 6b402da0 
0001f9a0: 68802da0 69802da0 68c02da0 69c02da0 
0001f9b0: 6a802da0 6b802da0 6ac02da0 6bc02da0 
0001f9c0: 6c002da0 6d002da0 6c402da0 6d402da0 
0001f9d0: 6e002da0 6f002da0 6e402da0 6f402da0 
0001f9e0: 6c802da0 6d802da0 6cc02da0 6dc02da0 
0001f9f0: 6e802da0 6f802da0 6ec02da0 6fc02da0 
0001fa00: 60002ea0 61002ea0 60402ea0 61402ea0 
0001fa10: 62002ea0 63002ea0 62402ea0 63402ea0 
0001fa20: 60802ea0 61802ea0 60c02ea0 61c02ea0 
0001fa30: 62802ea0 63802ea0 62c02ea0 63c02ea0 
0001fa40: 64002ea0 65002ea0 64402ea0 65402ea0 
0001fa50: 66002ea0 67002ea0 66402ea0 67402ea0 
0001fa60: 64802ea0 65802ea0 64c02ea0 65c02ea0 
0001fa70: 66802ea0 67802ea0 66c02ea0 67c02ea0 
0001fa80: 60002fa0 61002fa0 60402fa0 61402fa0 
0001fa90: 62002fa0 63002fa0 62402fa0 63402fa0 
0001faa0: 60802fa0 61802fa0 60c02fa0 61c02fa0 
0001fab0: 62802fa0 63802fa0 62c02fa0 63c02fa0 
0001fac0: 64002fa0 65002fa0 64402fa0 65402fa0 
0001fad0: 66002fa0 67002fa0 66402fa0 67402fa0 
0001fae0: 64802fa0 65802fa0 64c02fa0 65c02fa0 
0001faf0: 66802fa0 67802fa0 66c02fa0 67c02fa0 
0001fb00: 68002ea0 69002ea0 68402ea0 69402ea0 
0001fb10: 6a002ea0 6b002ea0 6a402ea0 6b402ea0 
0001fb20: 68802ea0 69802ea0 68c02ea0 69c02ea0 
0001fb30: 6a802ea0 6b802ea0 6ac02ea0 6bc02ea0 
0001fb40: 6c002ea0 6d002ea0 6c402ea0 6d402ea0 
0001fb50: 6e002ea0 6f002ea0 6e402ea0 6f402ea0 
0001fb60: 6c802ea0 6d802ea0 6cc02ea0 6dc02ea0 
0001fb70: 6e802ea0 6f802ea0 6ec02ea0 6fc02ea0 
0001fb80: 68002fa0 69002fa0 68402fa0 69402fa0 
0001fb90: 6a002fa0 6b002fa0 6a402fa0 6b402fa0 
0001fba0: 68802fa0 69802fa0 68c02fa0 69c02fa0 
0001fbb0: 6a802fa0 6b802fa0 6ac02fa0 6bc02fa0 
0001fbc0: 6c002fa0 6d002fa0 6c402fa0 6d402fa0 
0001fbd0: 6e002fa0 6f002fa0 6e402fa0 6f402fa0 
0001fbe0: 6c802fa0 6d802fa0 6cc02fa0 6dc02fa0 
0001fbf0: 6e802fa0 6f802fa0 6ec02fa0 6fc02fa0 
0001fc00: 70002ca0 71002ca0 70402ca0 71402ca0 
0001fc10: 72002ca0 73002ca0 72402ca0 73402ca0 
0001fc20: 70802ca0 71802ca0 70c02ca0 71c02ca0 
0001fc30: 72802ca0 73802ca0 72c02ca0 73c02ca0 
0001fc40: 74002ca0 75002ca0 74402ca0 75402ca0 
0001fc50: 76002ca0 77002ca0 76402ca0 77402ca0 
0001fc60: 74802ca0 75802ca0 74c02ca0 75c02ca0 
0001fc70: 76802ca0 77802ca0 76c02ca0 77c02ca0 
0001fc80: 70002da0 71002da0 70402da0 71402da0 
0001fc90: 72002da0 73002da0 72402da0 73402da0 
0001fca0: 70802da0 71802da0 70c02da0 71c02da0 
0001fcb0: 72802da0 73802da0 72c02da0 73c02da0 
0001fcc0: 74002da0 75002da0 74402da0 75402da0 
0001fcd0: 76002da0 77002da0 76402da0 77402da0 
0001fce0: 74802da0 75802da0 74c02da0 75c02da0 
0001fcf0: 76802da0 77802da0 76c02da0 77c02da0 
0001fd00: 78002ca0 79002ca0 78402ca0 79402ca0 
0001fd10: 7a002ca0 7b002ca0 7a402ca0 7b402ca0 
0001fd20: 78802ca0 79802ca0 78c02ca0 79c02ca0 
0001fd30: 7a802ca0 7b802ca0 7ac02ca0 7bc02ca0 
0001fd40: 7c002ca0 7d002ca0 7c402ca0 7d402ca0 
0001fd50: 7e002ca0 7f002ca0 7e402ca0 7f402ca0 
0001fd60: 7c802ca0 7d802ca0 7cc02ca0 7dc02ca0 
0001fd70: 7e802ca0 7f802ca0 7ec02ca0 7fc02ca0 
0001fd80: 78002da0 79002da0 78402da0 79402da0 
0001fd90: 7a002da0 7b002da0 7a402da0 7b402da0 
0001fda0: 78802da0 79802da0 78c02da0 79c02da0 
0001fdb0: 7a802da0 7b802da0 7ac02da0 7bc02da0 
0001fdc0: 7c002da0 7d002da0 7c402da0 7d402da0 
0001fdd0: 7e002da0 7f002da0 7e402da0 7f402da0 
0001fde0: 7c802da0 7d802da0 7cc02da0 7dc02da0 
0001fdf0: 7e802da0 7f802da0 7ec02da0 7fc02da0 
0001fe00: 70002ea0 71002ea0 70402ea0 71402ea0 
0001fe10: 72002ea0 73002ea0 72402ea0 73402ea0 
0001fe20: 70802ea0 71802ea0 70c02ea0 71c02ea0 
0001fe30: 72802ea0 73802ea0 72c02ea0 73c02ea0 
0001fe40: 74002ea0 75002ea0 74402ea0 75402ea0 
0001fe50: 76002ea0 77002ea0 76402ea0 77402ea0 
0001fe60: 74802ea0 75802ea0 74c02ea0 75c02ea0 
0001fe70: 76802ea0 77802ea0 76c02ea0 77c02ea0 
0001fe80: 70002fa0 71002fa0 70402fa0 71402fa0 
0001fe90: 72002fa0 73002fa0 72402fa0 73402fa0 
0001fea0: 70802fa0 71802fa0 70c02fa0 71c02fa0 
0001feb0: 72802fa0 73802fa0 72c02fa0 73c02fa0 
0001fec0: 74002fa0 75002fa0 74402fa0 75402fa0 
0001fed0: 76002fa0 77002fa0 76402fa0 77402fa0 
0001fee0: 74802fa0 75802fa0 74c02fa0 75c02fa0 
0001fef0: 76802fa0 77802fa0 76c02fa0 77c02fa0 
0001ff00: 78002ea0 79002ea0 78402ea0 79402ea0 
0001ff10: 7a002ea0 7b002ea0 7a402ea0 7b402ea0 
0001ff20: 78802ea0 79802ea0 78c02ea0 79c02ea0 
0001ff30: 7a802ea0 7b802ea0 7ac02ea0 7bc02ea0 
0001ff40: 7c002ea0 7d002ea0 7c402ea0 7d402ea0 
0001ff50: 7e002ea0 7f002ea0 7e402ea0 7f402ea0 
0001ff60: 7c802ea0 7d802ea0 7cc02ea0 7dc02ea0 
0001ff70: 7e802ea0 7f802ea0 7ec02ea0 7fc02ea0 
0001ff80: 78002fa0 79002fa0 78402fa0 79402fa0 
0001ff90: 7a002fa0 7b002fa0 7a402fa0 7b402fa0 
0001ffa0: 78802fa0 79802fa0 78c02fa0 79c02fa0 
0001ffb0: 7a802fa0 7b802fa0 7ac02fa0 7bc02fa0 
0001ffc0: 7c002fa0 7d002fa0 7c402fa0 7d402fa0 
0001ffd0: 7e002fa0 7f002fa0 7e402fa0 7f402fa0 
0001ffe0: 7c802fa0 7d802fa0 7cc02fa0 7dc02fa0 
0001fff0: 7e802fa0 7f802fa0 7ec02fa0 7fc02fa0 
00020000: 800020a0 810020a0 804020a0 814020a0 
00020010: 820020a0 830020a0 824020a0 834020a0 
00020020: 808020a0 818020a0 80c020a0 81c020a0 
00020030: 828020a0 838020a0 82c020a0 83c020a0 
00020040: 840020a0 850020a0 844020a0 854020a0 
00020050: 860020a0 870020a0 864020a0 874020a0 
00020060: 848020a0 858020a0 84c020a0 85c020a0 
00020070: 868020a0 878020a0 86c020a0 87c020a0 
00020080: 800021a0 810021a0 804021a0 814021a0 
00020090: 820021a0 830021a0 824021a0 834021a0 
000200a0: 808021a0 818021a0 80c021a0 81c021a0 
000200b0: 828021a0 838021a0 82c021a0 83c021a0 
000200c0: 840021a0 850021a0 844021a0 854021a0 
000200d0: 860021a0 870021a0 864021a0 874021a0 
000200e0: 848021a0 858021a0 84c021a0 85c021a0 
000200f0: 868021a0 878021a0 86c021a0 87c021a0 
00020100: 880020a0 890020a0 884020a0 894020a0 
00020110: 8a0020a0 8b0020a0 8a4020a0 8b4020a0 
00020120: 888020a0 898020a0 88c020a0 89c020a0 
00020130: 8a8020a0 8b8020a0 8ac020a0 8bc020a0 
00020140: 8c0020a0 8d0020a0 8c4020a0 8d4020a0 
00020150: 8e0020a0 8f0020a0 8e4020a0 8f4020a0 
00020160: 8c8020a0 8d8020a0 8cc020a0 8dc020a0 
00020170: 8e8020a0 8f8020a0 8ec020a0 8fc020a0 
00020180: 880021a0 890021a0 884021a0 894021a0 
00020190: 8a0021a0 8b0021a0 8a4021a0 8b4021a0 
000201a0: 888021a0 898021a0 88c021a0 89c021a0 
000201b0: 8a8021a0 8b8021a0 8ac021a0 8bc021a0 
000201c0: 8c0021a0 8d0021a0 8c4021a0 8d4021a0 
000201d0: 8e0021a0 8f0021a0 8e4021a0 8f4021a0 
000201e0: 8c8021a0 8d8021a0 8cc021a0 8dc021a0 
000201f0: 8e8021a0 8f8021a0 8ec021a0 8fc021a0 
00020200: 800022a0 810022a0 804022a0 814022a0 
00020210: 820022a0 830022a0 824022a0 834022a0 
00020220: 808022a0 818022a0 80c022a0 81c022a0 
00020230: 828022a0 838022a0 82c022a0 83c022a0 
00020240: 840022a0 850022a0 844022a0 854022a0 
00020250: 860022a0 870022a0 864022a0 874022a0 
00020260: 848022a0 858022a0 84c022a0 85c022a0 
00020270: 868022a0 878022a0 86c022a0 87c022a0 
00020280: 800023a0 810023a0 804023a0 814023a0 
00020290: 820023a0 830023a0 824023a0 834023a0 
000202a0: 808023a0 818023a0 80c023a0 81c023a0 
000202b0: 828023a0 838023a0 82c023a0 83c023a0 
000202c0: 840023a0 850023a0 844023a0 854023a0 
000202d0: 860023a0 870023a0 864023a0 874023a0 
000202e0: 848023a0 858023a0 84c023a0 85c023a0 
000202f0: 868023a0 878023a0 86c023a0 87c023a0 
00020300: 880022a0 890022a0 884022a0 894022a0 
00020310: 8a0022a0 8b0022a0 8a4022a0 8b4022a0 
00020320: 888022a0 898022a0 88c022a0 89c022a0 
00020330: 8a8022a0 8b8022a0 8ac022a0 8bc022a0 
00020340: 8c0022a0 8d0022a0 8c4022a0 8d4022a0 
00020350: 8e0022a0 8f0022a0 8e4022a0 8f4022a0 
00020360: 8c8022a0 8d8022a0 8cc022a0 8dc022a0 
00020370: 8e8022a0 8f8022a0 8ec022a0 8fc022a0 
00020380: 880023a0 890023a0 884023a0 894023a0 
00020390: 8a0023a0 8b0023a0 8a4023a0 8b4023a0 
000203a0: 888023a0 898023a0 88c023a0 89c023a0 
000203b0: 8a8023a0 8b8023a0 8ac023a0 8bc023a0 
000203c0: 8c0023a0 8d0023a0 8c4023a0 8d4023a0 
000203d0: 8e0023a0 8f0023a0 8e4023a0 8f4023a0 
000203e0: 8c8023a0 8d8023a0 8cc023a0 8dc023a0 
000203f0: 8e8023a0 8f8023a0 8ec023a0 8fc023a0 
00020400: 900020a0 910020a0 904020a0 914020a0 
00020410: 920020a0 930020a0 924020a0 934020a0 
00020420: 908020a0 918020a0 90c020a0 91c020a0 
00020430: 928020a0 938020a0 92c020a0 93c020a0 
00020440: 940020a0 950020a0 944020a0 954020a0 
00020450: 960020a0 970020a0 964020a0 974020a0 
00020460: 948020a0 958020a0 94c020a0 95c020a0 
00020470: 968020a0 978020a0 96c020a0 97c020a0 
00020480: 900021a0 910021a0 904021a0 914021a0 
00020490: 920021a0 930021a0 924021a0 934021a0 
000204a0: 908021a0 918021a0 90c021a0 91c021a0 
000204b0: 928021a0 938021a0 92c021a0 93c021a0 
000204c0: 940021a0 950021a0 944021a0 954021a0 
000204d0: 960021a0 970021a0 964021a0 974021a0 
000204e0: 948021a0 958021a0 94c021a0 95c021a0 
000204f0: 968021a0 978021a0 96c021a0 97c021a0 
00020500: 980020a0 990020a0 984020a0 994020a0 
00020510: 9a0020a0 9b0020a0 9a4020a0 9b4020a0 
00020520: 988020a0 998020a0 98c020a0 99c020a0 
00020530: 9a8020a0 9b8020a0 9ac020a0 9bc020a0 
00020540: 9c0020a0 9d0020a0 9c4020a0 9d4020a0 
00020550: 9e0020a0 9f0020a0 9e4020a0 9f4020a0 
00020560: 9c8020a0 9d8020a0 9cc020a0 9dc020a0 
00020570: 9e8020a0 9f8020a0 9ec020a0 9fc020a0 
00020580: 980021a0 990021a0 984021a0 994021a0 
00020590: 9a0021a0 9b0021a0 9a4021a0 9b4021a0 
000205a0: 988021a0 998021a0 98c021a0 99c021a0 
000205b0: 9a8021a0 9b8021a0 9ac021a0 9bc021a0 
000205c0: 9c0021a0 9d0021a0 9c4021a0 9d4021a0 
000205d0: 9e0021a0 9f0021a0 9e4021a0 9f4021a0 
000205e0: 9c8021a0 9d8021a0 9cc021a0 9dc021a0 
000205f0: 9e8021a0 9f8021a0 9ec021a0 9fc021a0 
00020600: 900022a0 910022a0 904022a0 914022a0 
00020610: 920022a0 930022a0 924022a0 934022a0 
00020620: 908022a0 918022a0 90c022a0 91c022a0 
00020630: 928022a0 938022a0 92c022a0 93c022a0 
00020640: 940022a0 950022a0 944022a0 954022a0 
00020650: 960022a0 970022a0 964022a0 974022a0 
00020660: 948022a0 958022a0 94c022a0 95c022a0 
00020670: 968022a0 978022a0 96c022a0 97c022a0 
00020680: 900023a0 910023a0 904023a0 914023a0 
00020690: 920023a0 930023a0 924023a0 934023a0 
000206a0: 908023a0 918023a0 90c023a0 91c023a0 
000206b0: 928023a0 938023a0 92c023a0 93c023a0 
000206c0: 940023a0 950023a0 944023a0 954023a0 
000206d0: 960023a0 970023a0 964023a0 974023a0 
000206e0: 948023a0 958023a0 94c023a0 95c023a0 
000206f0: 968023a0 978023a0 96c023a0 97c023a0 
00020700: 980022a0 990022a0 984022a0 994022a0 
00020710: 9a0022a0 9b0022a0 9a4022a0 9b4022a0 
00020720: 988022a0 998022a0 98c022a0 99c022a0 
00020730: 9a8022a0 9b8022a0 9ac022a0 9bc022a0 
00020740: 9c0022a0 9d0022a0 9c4022a0 9d4022a0 
00020750: 9e0022a0 9f0022a0 9e4022a0 9f4022a0 
00020760: 9c8022a0 9d8022a0 9cc022a0 9dc022a0 
00020770: 9e8022a0 9f8022a0 9ec022a0 9fc022a0 
00020780: 980023a0 990023a0 984023a0 994023a0 
00020790: 9a0023a0 9b0023a0 9a4023a0 9b4023a0 
000207a0: 988023a0 998023a0 98c023a0 99c023a0 
000207b0: 9a8023a0 9b8023a0 9ac023a0 9bc023a0 
000207c0: 9c0023a0 9d0023a0 9c4023a0 9d4023a0 
000207d0: 9e0023a0 9f0023a0 9e4023a0 9f4023a0 
000207e0: 9c8023a0 9d8023a0 9cc023a0 9dc023a0 
000207f0: 9e8023a0 9f8023a0 9ec023a0 9fc023a0 
00020800: 800024a0 810024a0 804024a0 814024a0 
00020810: 820024a0 830024a0 824024a0 834024a0 
00020820: 808024a0 818024a0 80c024a0 81c024a0 
00020830: 828024a0 838024a0 82c024a0 83c024a0 
00020840: 840024a0 850024a0 844024a0 854024a0 
00020850: 860024a0 870024a0 864024a0 874024a0 
00020860: 848024a0 858024a0 84c024a0 85c024a0 
00020870: 868024a0 878024a0 86c024a0 87c024a0 
00020880: 800025a0 810025a0 804025a0 814025a0 
00020890: 820025a0 830025a0 824025a0 834025a0 
000208a0: 808025a0 818025a0 80c025a0 81c025a0 
000208b0: 828025a0 838025a0 82c025a0 83c025a0 
000208c0: 840025a0 850025a0 844025a0 854025a0 
000208d0: 860025a0 870025a0 864025a0 874025a0 
000208e0: 848025a0 858025a0 84c025a0 85c025a0 
000208f0: 868025a0 878025a0 86c025a0 87c025a0 
00020900: 880024a0 890024a0 884024a0 894024a0 
00020910: 8a0024a0 8b0024a0 8a4024a0 8b4024a0 
00020920: 888024a0 898024a0 88c024a0 89c024a0 
00020930: 8a8024a0 8b8024a0 8ac024a0 8bc024a0 
00020940: 8c0024a0 8d0024a0 8c4024a0 8d4024a0 
00020950: 8e0024a0 8f0024a0 8e4024a0 8f4024a0 
00020960: 8c8024a0 8d8024a0 8cc024a0 8dc024a0 
00020970: 8e8024a0 8f8024a0 8ec024a0 8fc024a0 
00020980: 880025a0 890025a0 884025a0 894025a0 
00020990: 8a0025a0 8b0025a0 8a4025a0 8b4025a0 
000209a0: 888025a0 898025a0 88c025a0 89c025a0 
000209b0: 8a8025a0 8b8025a0 8ac025a0 8bc025a0 
000209c0: 8c0025a0 8d0025a0 8c4025a0 8d4025a0 
000209d0: 8e0025a0 8f0025a0 8e4025a0 8f4025a0 
000209e0: 8c8025a0 8d8025a0 8cc025a0 8dc025a0 
000209f0: 8e8025a0 8f8025a0 8ec025a0 8fc025a0 
00020a00: 800026a0 810026a0 804026a0 814026a0 
00020a10: 820026a0 830026a0 824026a0 834026a0 
00020a20: 808026a0 818026a0 80c026a0 81c026a0 
00020a30: 828026a0 838026a0 82c026a0 83c026a0 
00020a40: 840026a0 850026a0 844026a0 854026a0 
00020a50: 860026a0 870026a0 864026a0 874026a0 
00020a60: 848026a0 858026a0 84c026a0 85c026a0 
00020a70: 868026a0 878026a0 86c026a0 87c026a0 
00020a80: 800027a0 810027a0 804027a0 814027a0 
00020a90: 820027a0 830027a0 824027a0 834027a0 
00020aa0: 808027a0 818027a0 80c027a0 81c027a0 
00020ab0: 828027a0 838027a0 82c027a0 83c027a0 
00020ac0: 840027a0 850027a0 844027a0 854027a0 
00020ad0: 860027a0 870027a0 864027a0 874027a0 
00020ae0: 848027a0 858027a0 84c027a0 85c027a0 
00020af0: 868027a0 878027a0 86c027a0 87c027a0 
00020b00: 880026a0 890026a0 884026a0 894026a0 
00020b10: 8a0026a0 8b0026a0 8a4026a0 8b4026a0 
00020b20: 888026a0 898026a0 88c026a0 89c026a0 
00020b30: 8a8026a0 8b8026a0 8ac026a0 8bc026a0 
00020b40: 8c0026a0 8d0026a0 8c4026a0 8d4026a0 
00020b50: 8e0026a0 8f0026a0 8e4026a0 8f4026a0 
00020b60: 8c8026a0 8d8026a0 8cc026a0 8dc026a0 
00020b70: 8e8026a0 8f8026a0 8ec026a0 8fc026a0 
00020b80: 880027a0 890027a0 884027a0 894027a0 
00020b90: 8a0027a0 8b0027a0 8a4027a0 8b4027a0 
00020ba0: 888027a0 898027a0 88c027a0 89c027a0 
00020bb0: 8a8027a0 8b8027a0 8ac027a0 8bc027a0 
00020bc0: 8c0027a0 8d0027a0 8c4027a0 8d4027a0 
00020bd0: 8e0027a0 8f0027a0 8e4027a0 8f4027a0 
00020be0: 8c8027a0 8d8027a0 8cc027a0 8dc027a0 
00020bf0: 8e8027a0 8f8027a0 8ec027a0 8fc027a0 
00020c00: 900024a0 910024a0 904024a0 914024a0 
00020c10: 920024a0 930024a0 924024a0 934024a0 
00020c20: 908024a0 918024a0 90c024a0 91c024a0 
00020c30: 928024a0 938024a0 92c024a0 93c024a0 
00020c40: 940024a0 950024a0 944024a0 954024a0 
00020c50: 960024a0 970024a0 964024a0 974024a0 
00020c60: 948024a0 958024a0 94c024a0 95c024a0 
00020c70: 968024a0 978024a0 96c024a0 97c024a0 
00020c80: 900025a0 910025a0 904025a0 914025a0 
00020c90: 920025a0 930025a0 924025a0 934025a0 
00020ca0: 908025a0 918025a0 90c025a0 91c025a0 
00020cb0: 928025a0 938025a0 92c025a0 93c025a0 
00020cc0: 940025a0 950025a0 944025a0 954025a0 
00020cd0: 960025a0 970025a0 964025a0 974025a0 
00020ce0: 948025a0 958025a0 94c025a0 95c025a0 
00020cf0: 968025a0 978025a0 96c025a0 97c025a0 
00020d00: 980024a0 990024a0 984024a0 994024a0 
00020d10: 9a0024a0 9b0024a0 9a4024a0 9b4024a0 
00020d20: 988024a0 998024a0 98c024a0 99c024a0 
00020d30: 9a8024a0 9b8024a0 9ac024a0 9bc024a0 
00020d40: 9c0024a0 9d0024a0 9c4024a0 9d4024a0 
00020d50: 9e0024a0 9f0024a0 9e4024a0 9f4024a0 
00020d60: 9c8024a0 9d8024a0 9cc024a0 9dc024a0 
00020d70: 9e8024a0 9f8024a0 9ec024a0 9fc024a0 
00020d80: 980025a0 990025a0 984025a0 994025a0 
00020d90: 9a0025a0 9b0025a0 9a4025a0 9b4025a0 
00020da0: 988025a0 998025a0 98c025a0 99c025a0 
00020db0: 9a8025a0 9b8025a0 9ac025a0 9bc025a0 
00020dc0: 9c0025a0 9d0025a0 9c4025a0 9d4025a0 
00020dd0: 9e0025a0 9f0025a0 9e4025a0 9f4025a0 
00020de0: 9c8025a0 9d8025a0 9cc025a0 9dc025a0 
00020df0: 9e8025a0 9f8025a0 9ec025a0 9fc025a0 
00020e00: 900026a0 910026a0 904026a0 914026a0 
00020e10: 920026a0 930026a0 924026a0 934026a0 
00020e20: 908026a0 918026a0 90c026a0 91c026a0 
00020e30: 928026a0 938026a0 92c026a0 93c026a0 
00020e40: 940026a0 950026a0 944026a0 954026a0 
00020e50: 960026a0 970026a0 964026a0 974026a0 
00020e60: 948026a0 958026a0 94c026a0 95c026a0 
00020e70: 968026a0 978026a0 96c026a0 97c026a0 
00020e80: 900027a0 910027a0 904027a0 914027a0 
00020e90: 920027a0 930027a0 924027a0 934027a0 
00020ea0: 908027a0 918027a0 90c027a0 91c027a0 
00020eb0: 928027a0 938027a0 92c027a0 93c027a0 
00020ec0: 940027a0 950027a0 944027a0 954027a0 
00020ed0: 960027a0 970027a0 964027a0 974027a0 
00020ee0: 948027a0 958027a0 94c027a0 95c027a0 
00020ef0: 968027a0 978027a0 96c027a0 97c027a0 
00020f00: 980026a0 990026a0 984026a0 994026a0 
00020f10: 9a0026a0 9b0026a0 9a4026a0 9b4026a0 
00020f20: 988026a0 998026a0 98c026a0 99c026a0 
00020f30: 9a8026a0 9b8026a0 9ac026a0 9bc026a0 
00020f40: 9c0026a0 9d0026a0 9c4026a0 9d4026a0 
00020f50: 9e0026a0 9f0026a0 9e4026a0 9f4026a0 
00020f60: 9c8026a0 9d8026a0 9cc026a0 9dc026a0 
00020f70: 9e8026a0 9f8026a0 9ec026a0 9fc026a0 
00020f80: 980027a0 990027a0 984027a0 994027a0 
00020f90: 9a0027a0 9b0027a0 9a4027a0 9b4027a0 
00020fa0: 988027a0 998027a0 98c027a0 99c027a0 
00020fb0: 9a8027a0 9b8027a0 9ac027a0 9bc027a0 
00020fc0: 9c0027a0 9d0027a0 9c4027a0 9d4027a0 
00020fd0: 9e0027a0 9f0027a0 9e4027a0 9f4027a0 
00020fe0: 9c8027a0 9d8027a0 9cc027a0 9dc027a0 
00020ff0: 9e8027a0 9f8027a0 9ec027a0 9fc027a0 
00021000: a00020a0 a10020a0 a04020a0 a14020a0 
00021010: a20020a0 a30020a0 a24020a0 a34020a0 
00021020: a08020a0 a18020a0 a0c020a0 a1c020a0 
00021030: a28020a0 a38020a0 a2c020a0 a3c020a0 
00021040: a40020a0 a50020a0 a44020a0 a54020a0 
00021050: a60020a0 a70020a0 a64020a0 a74020a0 
00021060: a48020a0 a58020a0 a4c020a0 a5c020a0 
00021070: a68020a0 a78020a0 a6c020a0 a7c020a0 
00021080: a00021a0 a10021a0 a04021a0 a14021a0 
00021090: a20021a0 a30021a0 a24021a0 a34021a0 
000210a0: a08021a0 a18021a0 a0c021a0 a1c021a0 
000210b0: a28021a0 a38021a0 a2c021a0 a3c021a0 
000210c0: a40021a0 a50021a0 a44021a0 a54021a0 
000210d0: a60021a0 a70021a0 a64021a0 a74021a0 
000210e0: a48021a0 a58021a0 a4c021a0 a5c021a0 
000210f0: a68021a0 a78021a0 a6c021a0 a7c021a0 
00021100: a80020a0 a90020a0 a84020a0 a94020a0 
00021110: aa0020a0 ab0020a0 aa4020a0 ab4020a0 
00021120: a88020a0 a98020a0 a8c020a0 a9c020a0 
00021130: aa8020a0 ab8020a0 aac020a0 abc020a0 
00021140: ac0020a0 ad0020a0 ac4020a0 ad4020a0 
00021150: ae0020a0 af0020a0 ae4020a0 af4020a0 
00021160: ac8020a0 ad8020a0 acc020a0 adc020a0 
00021170: ae8020a0 af8020a0 aec020a0 afc020a0 
00021180: a80021a0 a90021a0 a84021a0 a94021a0 
00021190: aa0021a0 ab0021a0 aa4021a0 ab4021a0 
000211a0: a88021a0 a98021a0 a8c021a0 a9c021a0 
000211b0: aa8021a0 ab8021a0 aac021a0 abc021a0 
000211c0: ac0021a0 ad0021a0 ac4021a0 ad4021a0 
000211d0: ae0021a0 af0021a0 ae4021a0 af4021a0 
000211e0: ac8021a0 ad8021a0 acc021a0 adc021a0 
000211f0: ae8021a0 af8021a0 aec021a0 afc021a0 
00021200: a00022a0 a10022a0 a04022a0 a14022a0 
00021210: a20022a0 a30022a0 a24022a0 a34022a0 
00021220: a08022a0 a18022a0 a0c022a0 a1c022a0 
00021230: a28022a0 a38022a0 a2c022a0 a3c022a0 
00021240: a40022a0 a50022a0 a44022a0 a54022a0 
00021250: a60022a0 a70022a0 a64022a0 a74022a0 
00021260: a48022a0 a58022a0 a4c022a0 a5c022a0 
00021270: a68022a0 a78022a0 a6c022a0 a7c022a0 
00021280: a00023a0 a10023a0 a04023a0 a14023a0 
00021290: a20023a0 a30023a0 a24023a0 a34023a0 
000212a0: a08023a0 a18023a0 a0c023a0 a1c023a0 
000212b0: a28023a0 a38023a0 a2c023a0 a3c023a0 
000212c0: a40023a0 a50023a0 a44023a0 a54023a0 
000212d0: a60023a0 a70023a0 a64023a0 a74023a0 
000212e0: a48023a0 a58023a0 a4c023a0 a5c023a0 
000212f0: a68023a0 a78023a0 a6c023a0 a7c023a0 
00021300: a80022a0 a90022a0 a84022a0 a94022a0 
00021310: aa0022a0 ab0022a0 aa4022a0 ab4022a0 
00021320: a88022a0 a98022a0 a8c022a0 a9c022a0 
00021330: aa8022a0 ab8022a0 aac022a0 abc022a0 
00021340: ac0022a0 ad0022a0 ac4022a0 ad4022a0 
00021350: ae0022a0 af0022a0 ae4022a0 af4022a0 
00021360: ac8022a0 ad8022a0 acc022a0 adc022a0 
00021370: ae8022a0 af8022a0 aec022a0 afc022a0 
00021380: a80023a0 a90023a0 a84023a0 a94023a0 
00021390: aa0023a0 ab0023a0 aa4023a0 ab4023a0 
000213a0: a88023a0 a98023a0 a8c023a0 a9c023a0 
000213b0: aa8023a0 ab8023a0 aac023a0 abc023a0 
000213c0: ac0023a0 ad0023a0 ac4023a0 ad4023a0 
000213d0: ae0023a0 af0023a0 ae4023a0 af4023a0 
000213e0: ac8023a0 ad8023a0 acc023a0 adc023a0 
000213f0: ae8023a0 af8023a0 aec023a0 afc023a0 
00021400: b00020a0 b10020a0 b04020a0 b14020a0 
00021410: b20020a0 b30020a0 b24020a0 b34020a0 
00021420: b08020a0 b18020a0 b0c020a0 b1c020a0 
00021430: b28020a0 b38020a0 b2c020a0 b3c020a0 
00021440: b40020a0 b50020a0 b44020a0 b54020a0 
00021450: b60020a0 b70020a0 b64020a0 b74020a0 
00021460: b48020a0 b58020a0 b4c020a0 b5c020a0 
00021470: b68020a0 b78020a0 b6c020a0 b7c020a0 
00021480: b00021a0 b10021a0 b04021a0 b14021a0 
00021490: b20021a0 b30021a0 b24021a0 b34021a0 
000214a0: b08021a0 b18021a0 b0c021a0 b1c021a0 
000214b0: b28021a0 b38021a0 b2c021a0 b3c021a0 
000214c0: b40021a0 b50021a0 b44021a0 b54021a0 
000214d0: b60021a0 b70021a0 b64021a0 b74021a0 
000214e0: b48021a0 b58021a0 b4c021a0 b5c021a0 
000214f0: b68021a0 b78021a0 b6c021a0 b7c021a0 
00021500: b80020a0 b90020a0 b84020a0 b94020a0 
00021510: ba0020a0 bb0020a0 ba4020a0 bb4020a0 
00021520: b88020a0 b98020a0 b8c020a0 b9c020a0 
00021530: ba8020a0 bb8020a0 bac020a0 bbc020a0 
00021540: bc0020a0 bd0020a0 bc4020a0 bd4020a0 
00021550: be0020a0 bf0020a0 be4020a0 bf4020a0 
00021560: bc8020a0 bd8020a0 bcc020a0 bdc020a0 
00021570: be8020a0 bf8020a0 bec020a0 bfc020a0 
00021580: b80021a0 b90021a0 b84021a0 b94021a0 
00021590: ba0021a0 bb0021a0 ba4021a0 bb4021a0 
000215a0: b88021a0 b98021a0 b8c021a0 b9c021a0 
000215b0: ba8021a0 bb8021a0 bac021a0 bbc021a0 
000215c0: bc0021a0 bd0021a0 bc4021a0 bd4021a0 
000215d0: be0021a0 bf0021a0 be4021a0 bf4021a0 
000215e0: bc8021a0 bd8021a0 bcc021a0 bdc021a0 
000215f0: be8021a0 bf8021a0 bec021a0 bfc021a0 
00021600: b00022a0 b10022a0 b04022a0 b14022a0 
00021610: b20022a0 b30022a0 b24022a0 b34022a0 
00021620: b08022a0 b18022a0 b0c022a0 b1c022a0 
00021630: b28022a0 b38022a0 b2c022a0 b3c022a0 
00021640: b40022a0 b50022a0 b44022a0 b54022a0 
00021650: b60022a0 b70022a0 b64022a0 b74022a0 
00021660: b48022a0 b58022a0 b4c022a0 b5c022a0 
00021670: b68022a0 b78022a0 b6c022a0 b7c022a0 
00021680: b00023a0 b10023a0 b04023a0 b14023a0 
00021690: b20023a0 b30023a0 b24023a0 b34023a0 
000216a0: b08023a0 b18023a0 b0c023a0 b1c023a0 
000216b0: b28023a0 b38023a0 b2c023a0 b3c023a0 
000216c0: b40023a0 b50023a0 b44023a0 b54023a0 
000216d0: b60023a0 b70023a0 b64023a0 b74023a0 
000216e0: b48023a0 b58023a0 b4c023a0 b5c023a0 
000216f0: b68023a0 b78023a0 b6c023a0 b7c023a0 
00021700: b80022a0 b90022a0 b84022a0 b94022a0 
00021710: ba0022a0 bb0022a0 ba4022a0 bb4022a0 
00021720: b88022a0 b98022a0 b8c022a0 b9c022a0 
00021730: ba8022a0 bb8022a0 bac022a0 bbc022a0 
00021740: bc0022a0 bd0022a0 bc4022a0 bd4022a0 
00021750: be0022a0 bf0022a0 be4022a0 bf4022a0 
00021760: bc8022a0 bd8022a0 bcc022a0 bdc022a0 
00021770: be8022a0 bf8022a0 bec022a0 bfc022a0 
00021780: b80023a0 b90023a0 b84023a0 b94023a0 
00021790: ba0023a0 bb0023a0 ba4023a0 bb4023a0 
000217a0: b88023a0 b98023a0 b8c023a0 b9c023a0 
000217b0: ba8023a0 bb8023a0 bac023a0 bbc023a0 
000217c0: bc0023a0 bd0023a0 bc4023a0 bd4023a0 
000217d0: be0023a0 bf0023a0 be4023a0 bf4023a0 
000217e0: bc8023a0 bd8023a0 bcc023a0 bdc023a0 
000217f0: be8023a0 bf8023a0 bec023a0 bfc023a0 
00021800: a00024a0 a10024a0 a04024a0 a14024a0 
00021810: a20024a0 a30024a0 a24024a0 a34024a0 
00021820: a08024a0 a18024a0 a0c024a0 a1c024a0 
00021830: a28024a0 a38024a0 a2c024a0 a3c024a0 
00021840: a40024a0 a50024a0 a44024a0 a54024a0 
00021850: a60024a0 a70024a0 a64024a0 a74024a0 
00021860: a48024a0 a58024a0 a4c024a0 a5c024a0 
00021870: a68024a0 a78024a0 a6c024a0 a7c024a0 
00021880: a00025a0 a10025a0 a04025a0 a14025a0 
00021890: a20025a0 a30025a0 a24025a0 a34025a0 
000218a0: a08025a0 a18025a0 a0c025a0 a1c025a0 
000218b0: a28025a0 a38025a0 a2c025a0 a3c025a0 
000218c0: a40025a0 a50025a0 a44025a0 a54025a0 
000218d0: a60025a0 a70025a0 a64025a0 a74025a0 
000218e0: a48025a0 a58025a0 a4c025a0 a5c025a0 
000218f0: a68025a0 a78025a0 a6c025a0 a7c025a0 
00021900: a80024a0 a90024a0 a84024a0 a94024a0 
00021910: aa0024a0 ab0024a0 aa4024a0 ab4024a0 
00021920: a88024a0 a98024a0 a8c024a0 a9c024a0 
00021930: aa8024a0 ab8024a0 aac024a0 abc024a0 
00021940: ac0024a0 ad0024a0 ac4024a0 ad4024a0 
00021950: ae0024a0 af0024a0 ae4024a0 af4024a0 
00021960: ac8024a0 ad8024a0 acc024a0 adc024a0 
00021970: ae8024a0 af8024a0 aec024a0 afc024a0 
00021980: a80025a0 a90025a0 a84025a0 a94025a0 
00021990: aa0025a0 ab0025a0 aa4025a0 ab4025a0 
000219a0: a88025a0 a98025a0 a8c025a0 a9c025a0 
000219b0: aa8025a0 ab8025a0 aac025a0 abc025a0 
000219c0: ac0025a0 ad0025a0 ac4025a0 ad4025a0 
000219d0: ae0025a0 af0025a0 ae4025a0 af4025a0 
000219e0: ac8025a0 ad8025a0 acc025a0 adc025a0 
000219f0: ae8025a0 af8025a0 aec025a0 afc025a0 
00021a00: a00026a0 a10026a0 a04026a0 a14026a0 
00021a10: a20026a0 a30026a0 a24026a0 a34026a0 
00021a20: a08026a0 a18026a0 a0c026a0 a1c026a0 
00021a30: a28026a0 a38026a0 a2c026a0 a3c026a0 
00021a40: a40026a0 a50026a0 a44026a0 a54026a0 
00021a50: a60026a0 a70026a0 a64026a0 a74026a0 
00021a60: a48026a0 a58026a0 a4c026a0 a5c026a0 
00021a70: a68026a0 a78026a0 a6c026a0 a7c026a0 
00021a80: a00027a0 a10027a0 a04027a0 a14027a0 
00021a90: a20027a0 a30027a0 a24027a0 a34027a0 
00021aa0: a08027a0 a18027a0 a0c027a0 a1c027a0 
00021ab0: a28027a0 a38027a0 a2c027a0 a3c027a0 
00021ac0: a40027a0 a50027a0 a44027a0 a54027a0 
00021ad0: a60027a0 a70027a0 a64027a0 a74027a0 
00021ae0: a48027a0 a58027a0 a4c027a0 a5c027a0 
00021af0: a68027a0 a78027a0 a6c027a0 a7c027a0 
00021b00: a80026a0 a90026a0 a84026a0 a94026a0 
00021b10: aa0026a0 ab0026a0 aa4026a0 ab4026a0 
00021b20: a88026a0 a98026a0 a8c026a0 a9c026a0 
00021b30: aa8026a0 ab8026a0 aac026a0 abc026a0 
00021b40: ac0026a0 ad0026a0 ac4026a0 ad4026a0 
00021b50: ae0026a0 af0026a0 ae4026a0 af4026a0 
00021b60: ac8026a0 ad8026a0 acc026a0 adc026a0 
00021b70: ae8026a0 af8026a0 aec026a0 afc026a0 
00021b80: a80027a0 a90027a0 a84027a0 a94027a0 
00021b90: aa0027a0 ab0027a0 aa4027a0 ab4027a0 
00021ba0: a88027a0 a98027a0 a8c027a0 a9c027a0 
00021bb0: aa8027a0 ab8027a0 aac027a0 abc027a0 
00021bc0: ac0027a0 ad0027a0 ac4027a0 ad4027a0 
00021bd0: ae0027a0 af0027a0 ae4027a0 af4027a0 
00021be0: ac8027a0 ad8027a0 acc027a0 adc027a0 
00021bf0: ae8027a0 af8027a0 aec027a0 afc027a0 
00021c00: b00024a0 b10024a0 b04024a0 b14024a0 
00021c10: b20024a0 b30024a0 b24024a0 b34024a0 
00021c20: b08024a0 b18024a0 b0c024a0 b1c024a0 
00021c30: b28024a0 b38024a0 b2c024a0 b3c024a0 
00021c40: b40024a0 b50024a0 b44024a0 b54024a0 
00021c50: b60024a0 b70024a0 b64024a0 b74024a0 
00021c60: b48024a0 b58024a0 b4c024a0 b5c024a0 
00021c70: b68024a0 b78024a0 b6c024a0 b7c024a0 
00021c80: b00025a0 b10025a0 b04025a0 b14025a0 
00021c90: b20025a0 b30025a0 b24025a0 b34025a0 
00021ca0: b08025a0 b18025a0 b0c025a0 b1c025a0 
00021cb0: b28025a0 b38025a0 b2c025a0 b3c025a0 
00021cc0: b40025a0 b50025a0 b44025a0 b54025a0 
00021cd0: b60025a0 b70025a0 b64025a0 b74025a0 
00021ce0: b48025a0 b58025a0 b4c025a0 b5c025a0 
00021cf0: b68025a0 b78025a0 b6c025a0 b7c025a0 
00021d00: b80024a0 b90024a0 b84024a0 b94024a0 
00021d10: ba0024a0 bb0024a0 ba4024a0 bb4024a0 
00021d20: b88024a0 b98024a0 b8c024a0 b9c024a0 
00021d30: ba8024a0 bb8024a0 bac024a0 bbc024a0 
00021d40: bc0024a0 bd0024a0 bc4024a0 bd4024a0 
00021d50: be0024a0 bf0024a0 be4024a0 bf4024a0 
00021d60: bc8024a0 bd8024a0 bcc024a0 bdc024a0 
00021d70: be8024a0 bf8024a0 bec024a0 bfc024a0 
00021d80: b80025a0 b90025a0 b84025a0 b94025a0 
00021d90: ba0025a0 bb0025a0 ba4025a0 bb4025a0 
00021da0: b88025a0 b98025a0 b8c025a0 b9c025a0 
00021db0: ba8025a0 bb8025a0 bac025a0 bbc025a0 
00021dc0: bc0025a0 bd0025a0 bc4025a0 bd4025a0 
00021dd0: be0025a0 bf0025a0 be4025a0 bf4025a0 
00021de0: bc8025a0 bd8025a0 bcc025a0 bdc025a0 
00021df0: be8025a0 bf8025a0 bec025a0 bfc025a0 
00021e00: b00026a0 b10026a0 b04026a0 b14026a0 
00021e10: b20026a0 b30026a0 b24026a0 b34026a0 
00021e20: b08026a0 b18026a0 b0c026a0 b1c026a0 
00021e30: b28026a0 b38026a0 b2c026a0 b3c026a0 
00021e40: b40026a0 b50026a0 b44026a0 b54026a0 
00021e50: b60026a0 b70026a0 b64026a0 b74026a0 
00021e60: b48026a0 b58026a0 b4c026a0 b5c026a0 
00021e70: b68026a0 b78026a0 b6c026a0 b7c026a0 
00021e80: b00027a0 b10027a0 b04027a0 b14027a0 
00021e90: b20027a0 b30027a0 b24027a0 b34027a0 
00021ea0: b08027a0 b18027a0 b0c027a0 b1c027a0 
00021eb0: b28027a0 b38027a0 b2c027a0 b3c027a0 
00021ec0: b40027a0 b50027a0 b44027a0 b54027a0 
00021ed0: b60027a0 b70027a0 b64027a0 b74027a0 
00021ee0: b48027a0 b58027a0 b4c027a0 b5c027a0 
00021ef0: b68027a0 b78027a0 b6c027a0 b7c027a0 
00021f00: b80026a0 b90026a0 b84026a0 b94026a0 
00021f10: ba0026a0 bb0026a0 ba4026a0 bb4026a0 
00021f20: b88026a0 b98026a0 b8c026a0 b9c026a0 
00021f30: ba8026a0 bb8026a0 bac026a0 bbc026a0 
00021f40: bc0026a0 bd0026a0 bc4026a0 bd4026a0 
00021f50: be0026a0 bf0026a0 be4026a0 bf4026a0 
00021f60: bc8026a0 bd8026a0 bcc026a0 bdc026a0 
00021f70: be8026a0 bf8026a0 bec026a0 bfc026a0 
00021f80: b80027a0 b90027a0 b84027a0 b94027a0 
00021f90: ba0027a0 bb0027a0 ba4027a0 bb4027a0 
00021fa0: b88027a0 b98027a0 b8c027a0 b9c027a0 
00021fb0: ba8027a0 bb8027a0 bac027a0 bbc027a0 
00021fc0: bc0027a0 bd0027a0 bc4027a0 bd4027a0 
00021fd0: be0027a0 bf0027a0 be4027a0 bf4027a0 
00021fe0: bc8027a0 bd8027a0 bcc027a0 bdc027a0 
00021ff0: be8027a0 bf8027a0 bec027a0 bfc027a0 
00022000: 800028a0 810028a0 804028a0 814028a0 
00022010: 820028a0 830028a0 824028a0 834028a0 
00022020: 808028a0 818028a0 80c028a0 81c028a0 
00022030: 828028a0 838028a0 82c028a0 83c028a0 
00022040: 840028a0 850028a0 844028a0 854028a0 
00022050: 860028a0 870028a0 864028a0 874028a0 
00022060: 848028a0 858028a0 84c028a0 85c028a0 
00022070: 868028a0 878028a0 86c028a0 87c028a0 
00022080: 800029a0 810029a0 804029a0 814029a0 
00022090: 820029a0 830029a0 824029a0 834029a0 
000220a0: 808029a0 818029a0 80c029a0 81c029a0 
000220b0: 828029a0 838029a0 82c029a0 83c029a0 
000220c0: 840029a0 850029a0 844029a0 854029a0 
000220d0: 860029a0 870029a0 864029a0 874029a0 
000220e0: 848029a0 858029a0 84c029a0 85c029a0 
000220f0: 868029a0 878029a0 86c029a0 87c029a0 
00022100: 880028a0 890028a0 884028a0 894028a0 
00022110: 8a0028a0 8b0028a0 8a4028a0 8b4028a0 
00022120: 888028a0 898028a0 88c028a0 89c028a0 
00022130: 8a8028a0 8b8028a0 8ac028a0 8bc028a0 
00022140: 8c0028a0 8d0028a0 8c4028a0 8d4028a0 
00022150: 8e0028a0 8f0028a0 8e4028a0 8f4028a0 
00022160: 8c8028a0 8d8028a0 8cc028a0 8dc028a0 
00022170: 8e8028a0 8f8028a0 8ec028a0 8fc028a0 
00022180: 880029a0 890029a0 884029a0 894029a0 
00022190: 8a0029a0 8b0029a0 8a4029a0 8b4029a0 
000221a0: 888029a0 898029a0 88c029a0 89c029a0 
000221b0: 8a8029a0 8b8029a0 8ac029a0 8bc029a0 
000221c0: 8c0029a0 8d0029a0 8c4029a0 8d4029a0 
000221d0: 8e0029a0 8f0029a0 8e4029a0 8f4029a0 
000221e0: 8c8029a0 8d8029a0 8cc029a0 8dc029a0 
000221f0: 8e8029a0 8f8029a0 8ec029a0 8fc029a0 
00022200: 80002aa0 81002aa0 80402aa0 81402aa0 
00022210: 82002aa0 83002aa0 82402aa0 83402aa0 
00022220: 80802aa0 81802aa0 80c02aa0 81c02aa0 
00022230: 82802aa0 83802aa0 82c02aa0 83c02aa0 
00022240: 84002aa0 85002aa0 84402aa0 85402aa0 
00022250: 86002aa0 87002aa0 86402aa0 87402aa0 
00022260: 84802aa0 85802aa0 84c02aa0 85c02aa0 
00022270: 86802aa0 87802aa0 86c02aa0 87c02aa0 
00022280: 80002ba0 81002ba0 80402ba0 81402ba0 
00022290: 82002ba0 83002ba0 82402ba0 83402ba0 
000222a0: 80802ba0 81802ba0 80c02ba0 81c02ba0 
000222b0: 82802ba0 83802ba0 82c02ba0 83c02ba0 
000222c0: 84002ba0 85002ba0 84402ba0 85402ba0 
000222d0: 86002ba0 87002ba0 86402ba0 87402ba0 
000222e0: 84802ba0 85802ba0 84c02ba0 85c02ba0 
000222f0: 86802ba0 87802ba0 86c02ba0 87c02ba0 
00022300: 88002aa0 89002aa0 88402aa0 89402aa0 
00022310: 8a002aa0 8b002aa0 8a402aa0 8b402aa0 
00022320: 88802aa0 89802aa0 88c02aa0 89c02aa0 
00022330: 8a802aa0 8b802aa0 8ac02aa0 8bc02aa0 
00022340: 8c002aa0 8d002aa0 8c402aa0 8d402aa0 
00022350: 8e002aa0 8f002aa0 8e402aa0 8f402aa0 
00022360: 8c802aa0 8d802aa0 8cc02aa0 8dc02aa0 
00022370: 8e802aa0 8f802aa0 8ec02aa0 8fc02aa0 
00022380: 88002ba0 89002ba0 88402ba0 89402ba0 
00022390: 8a002ba0 8b002ba0 8a402ba0 8b402ba0 
000223a0: 88802ba0 89802ba0 88c02ba0 89c02ba0 
000223b0: 8a802ba0 8b802ba0 8ac02ba0 8bc02ba0 
000223c0: 8c002ba0 8d002ba0 8c402ba0 8d402ba0 
000223d0: 8e002ba0 8f002ba0 8e402ba0 8f402ba0 
000223e0: 8c802ba0 8d802ba0 8cc02ba0 8dc02ba0 
000223f0: 8e802ba0 8f802ba0 8ec02ba0 8fc02ba0 
00022400: 900028a0 910028a0 904028a0 914028a0 
00022410: 920028a0 930028a0 924028a0 934028a0 
00022420: 908028a0 918028a0 90c028a0 91c028a0 
00022430: 928028a0 938028a0 92c028a0 93c028a0 
00022440: 940028a0 950028a0 944028a0 954028a0 
00022450: 960028a0 970028a0 964028a0 974028a0 
00022460: 948028a0 958028a0 94c028a0 95c028a0 
00022470: 968028a0 978028a0 96c028a0 97c028a0 
00022480: 900029a0 910029a0 904029a0 914029a0 
00022490: 920029a0 930029a0 924029a0 934029a0 
000224a0: 908029a0 918029a0 90c029a0 91c029a0 
000224b0: 928029a0 938029a0 92c029a0 93c029a0 
000224c0: 940029a0 950029a0 944029a0 954029a0 
000224d0: 960029a0 970029a0 964029a0 974029a0 
000224e0: 948029a0 958029a0 94c029a0 95c029a0 
000224f0: 968029a0 978029a0 96c029a0 97c029a0 
00022500: 980028a0 990028a0 984028a0 994028a0 
00022510: 9a0028a0 9b0028a0 9a4028a0 9b4028a0 
00022520: 988028a0 998028a0 98c028a0 99c028a0 
00022530: 9a8028a0 9b8028a0 9ac028a0 9bc028a0 
00022540: 9c0028a0 9d0028a0 9c4028a0 9d4028a0 
00022550: 9e0028a0 9f0028a0 9e4028a0 9f4028a0 
00022560: 9c8028a0 9d8028a0 9cc028a0 9dc028a0 
00022570: 9e8028a0 9f8028a0 9ec028a0 9fc028a0 
00022580: 980029a0 990029a0 984029a0 994029a0 
00022590: 9a0029a0 9b0029a0 9a4029a0 9b4029a0 
000225a0: 988029a0 998029a0 98c029a0 99c029a0 
000225b0: 9a8029a0 9b8029a0 9ac029a0 9bc029a0 
000225c0: 9c0029a0 9d0029a0 9c4029a0 9d4029a0 
000225d0: 9e0029a0 9f0029a0 9e4029a0 9f4029a0 
000225e0: 9c8029a0 9d8029a0 9cc029a0 9dc029a0 
000225f0: 9e8029a0 9f8029a0 9ec029a0 9fc029a0 
00022600: 90002aa0 91002aa0 90402aa0 91402aa0 
00022610: 92002aa0 93002aa0 92402aa0 93402aa0 
00022620: 90802aa0 91802aa0 90c02aa0 91c02aa0 
00022630: 92802aa0 93802aa0 92c02aa0 93c02aa0 
00022640: 94002aa0 95002aa0 94402aa0 95402aa0 
00022650: 96002aa0 97002aa0 96402aa0 97402aa0 
00022660: 94802aa0 95802aa0 94c02aa0 95c02aa0 
00022670: 96802aa0 97802aa0 96c02aa0 97c02aa0 
00022680: 90002ba0 91002ba0 90402ba0 91402ba0 
00022690: 92002ba0 93002ba0 92402ba0 93402ba0 
000226a0: 90802ba0 91802ba0 90c02ba0 91c02ba0 
000226b0: 92802ba0 93802ba0 92c02ba0 93c02ba0 
000226c0: 94002ba0 95002ba0 94402ba0 95402ba0 
000226d0: 96002ba0 97002ba0 96402ba0 97402ba0 
000226e0: 94802ba0 95802ba0 94c02ba0 95c02ba0 
000226f0: 96802ba0 97802ba0 96c02ba0 97c02ba0 
00022700: 98002aa0 99002aa0 98402aa0 99402aa0 
00022710: 9a002aa0 9b002aa0 9a402aa0 9b402aa0 
00022720: 98802aa0 99802aa0 98c02aa0 99c02aa0 
00022730: 9a802aa0 9b802aa0 9ac02aa0 9bc02aa0 
00022740: 9c002aa0 9d002aa0 9c402aa0 9d402aa0 
00022750: 9e002aa0 9f002aa0 9e402aa0 9f402aa0 
00022760: 9c802aa0 9d802aa0 9cc02aa0 9dc02aa0 
00022770: 9e802aa0 9f802aa0 9ec02aa0 9fc02aa0 
00022780: 98002ba0 99002ba0 98402ba0 99402ba0 
00022790: 9a002ba0 9b002ba0 9a402ba0 9b402ba0 
000227a0: 98802ba0 99802ba0 98c02ba0 99c02ba0 
000227b0: 9a802ba0 9b802ba0 9ac02ba0 9bc02ba0 
000227c0: 9c002ba0 9d002ba0 9c402ba0 9d402ba0 
000227d0: 9e002ba0 9f002ba0 9e402ba0 9f402ba0 
000227e0: 9c802ba0 9d802ba0 9cc02ba0 9dc02ba0 
000227f0: 9e802ba0 9f802ba0 9ec02ba0 9fc02ba0 
00022800: 80002ca0 81002ca0 80402ca0 81402ca0 
00022810: 82002ca0 83002ca0 82402ca0 83402ca0 
00022820: 80802ca0 81802ca0 80c02ca0 81c02ca0 
00022830: 82802ca0 83802ca0 82c02ca0 83c02ca0 
00022840: 84002ca0 85002ca0 84402ca0 85402ca0 
00022850: 86002ca0 87002ca0 86402ca0 87402ca0 
00022860: 84802ca0 85802ca0 84c02ca0 85c02ca0 
00022870: 86802ca0 87802ca0 86c02ca0 87c02ca0 
00022880: 80002da0 81002da0 80402da0 81402da0 
00022890: 82002da0 83002da0 82402da0 83402da0 
000228a0: 80802da0 81802da0 80c02da0 81c02da0 
000228b0: 82802da0 83802da0 82c02da0 83c02da0 
000228c0: 84002da0 85002da0 84402da0 85402da0 
000228d0: 86002da0 87002da0 86402da0 87402da0 
000228e0: 84802da0 85802da0 84c02da0 85c02da0 
000228f0: 86802da0 87802da0 86c02da0 87c02da0 
00022900: 88002ca0 89002ca0 88402ca0 89402ca0 
00022910: 8a002ca0 8b002ca0 8a402ca0 8b402ca0 
00022920: 88802ca0 89802ca0 88c02ca0 89c02ca0 
00022930: 8a802ca0 8b802ca0 8ac02ca0 8bc02ca0 
00022940: 8c002ca0 8d002ca0 8c402ca0 8d402ca0 
00022950: 8e002ca0 8f002ca0 8e402ca0 8f402ca0 
00022960: 8c802ca0 8d802ca0 8cc02ca0 8dc02ca0 
00022970: 8e802ca0 8f802ca0 8ec02ca0 8fc02ca0 
00022980: 88002da0 89002da0 88402da0 89402da0 
00022990: 8a002da0 8b002da0 8a402da0 8b402da0 
000229a0: 88802da0 89802da0 88c02da0 89c02da0 
000229b0: 8a802da0 8b802da0 8ac02da0 8bc02da0 
000229c0: 8c002da0 8d002da0 8c402da0 8d402da0 
000229d0: 8e002da0 8f002da0 8e402da0 8f402da0 
000229e0: 8c802da0 8d802da0 8cc02da0 8dc02da0 
000229f0: 8e802da0 8f802da0 8ec02da0 8fc02da0 
00022a00: 80002ea0 81002ea0 80402ea0 81402ea0 
00022a10: 82002ea0 83002ea0 82402ea0 83402ea0 
00022a20: 80802ea0 81802ea0 80c02ea0 81c02ea0 
00022a30: 82802ea0 83802ea0 82c02ea0 83c02ea0 
00022a40: 84002ea0 85002ea0 84402ea0 85402ea0 
00022a50: 86002ea0 87002ea0 86402ea0 87402ea0 
00022a60: 84802ea0 85802ea0 84c02ea0 85c02ea0 
00022a70: 86802ea0 87802ea0 86c02ea0 87c02ea0 
00022a80: 80002fa0 81002fa0 80402fa0 81402fa0 
00022a90: 82002fa0 83002fa0 82402fa0 83402fa0 
00022aa0: 80802fa0 81802fa0 80c02fa0 81c02fa0 
00022ab0: 82802fa0 83802fa0 82c02fa0 83c02fa0 
00022ac0: 84002fa0 85002fa0 84402fa0 85402fa0 
00022ad0: 86002fa0 87002fa0 86402fa0 87402fa0 
00022ae0: 84802fa0 85802fa0 84c02fa0 85c02fa0 
00022af0: 86802fa0 87802fa0 86c02fa0 87c02fa0 
00022b00: 88002ea0 89002ea0 88402ea0 89402ea0 
00022b10: 8a002ea0 8b002ea0 8a402ea0 8b402ea0 
00022b20: 88802ea0 89802ea0 88c02ea0 89c02ea0 
00022b30: 8a802ea0 8b802ea0 8ac02ea0 8bc02ea0 
00022b40: 8c002ea0 8d002ea0 8c402ea0 8d402ea0 
00022b50: 8e002ea0 8f002ea0 8e402ea0 8f402ea0 
00022b60: 8c802ea0 8d802ea0 8cc02ea0 8dc02ea0 
00022b70: 8e802ea0 8f802ea0 8ec02ea0 8fc02ea0 
00022b80: 88002fa0 89002fa0 88402fa0 89402fa0 
00022b90: 8a002fa0 8b002fa0 8a402fa0 8b402fa0 
00022ba0: 88802fa0 89802fa0 88c02fa0 89c02fa0 
00022bb0: 8a802fa0 8b802fa0 8ac02fa0 8bc02fa0 
00022bc0: 8c002fa0 8d002fa0 8c402fa0 8d402fa0 
00022bd0: 8e002fa0 8f002fa0 8e402fa0 8f402fa0 
00022be0: 8c802fa0 8d802fa0 8cc02fa0 8dc02fa0 
00022bf0: 8e802fa0 8f802fa0 8ec02fa0 8fc02fa0 
00022c00: 90002ca0 91002ca0 90402ca0 91402ca0 
00022c10: 92002ca0 93002ca0 92402ca0 93402ca0 
00022c20: 90802ca0 91802ca0 90c02ca0 91c02ca0 
00022c30: 92802ca0 93802ca0 92c02ca0 93c02ca0 
00022c40: 94002ca0 95002ca0 94402ca0 95402ca0 
00022c50: 96002ca0 97002ca0 96402ca0 97402ca0 
00022c60: 94802ca0 95802ca0 94c02ca0 95c02ca0 
00022c70: 96802ca0 97802ca0 96c02ca0 97c02ca0 
00022c80: 90002da0 91002da0 90402da0 91402da0 
00022c90: 92002da0 93002da0 92402da0 93402da0 
00022ca0: 90802da0 91802da0 90c02da0 91c02da0 
00022cb0: 92802da0 93802da0 92c02da0 93c02da0 
00022cc0: 94002da0 95002da0 94402da0 95402da0 
00022cd0: 96002da0 97002da0 96402da0 97402da0 
00022ce0: 94802da0 95802da0 94c02da0 95c02da0 
00022cf0: 96802da0 97802da0 96c02da0 97c02da0 
00022d00: 98002ca0 99002ca0 98402ca0 99402ca0 
00022d10: 9a002ca0 9b002ca0 9a402ca0 9b402ca0 
00022d20: 98802ca0 99802ca0 98c02ca0 99c02ca0 
00022d30: 9a802ca0 9b802ca0 9ac02ca0 9bc02ca0 
00022d40: 9c002ca0 9d002ca0 9c402ca0 9d402ca0 
00022d50: 9e002ca0 9f002ca0 9e402ca0 9f402ca0 
00022d60: 9c802ca0 9d802ca0 9cc02ca0 9dc02ca0 
00022d70: 9e802ca0 9f802ca0 9ec02ca0 9fc02ca0 
00022d80: 98002da0 99002da0 98402da0 99402da0 
00022d90: 9a002da0 9b002da0 9a402da0 9b402da0 
00022da0: 98802da0 99802da0 98c02da0 99c02da0 
00022db0: 9a802da0 9b802da0 9ac02da0 9bc02da0 
00022dc0: 9c002da0 9d002da0 9c402da0 9d402da0 
00022dd0: 9e002da0 9f002da0 9e402da0 9f402da0 
00022de0: 9c802da0 9d802da0 9cc02da0 9dc02da0 
00022df0: 9e802da0 9f802da0 9ec02da0 9fc02da0 
00022e00: 90002ea0 91002ea0 90402ea0 91402ea0 
00022e10: 92002ea0 93002ea0 92402ea0 93402ea0 
00022e20: 90802ea0 91802ea0 90c02ea0 91c02ea0 
00022e30: 92802ea0 93802ea0 92c02ea0 93c02ea0 
00022e40: 94002ea0 95002ea0 94402ea0 95402ea0 
00022e50: 96002ea0 97002ea0 96402ea0 97402ea0 
00022e60: 94802ea0 95802ea0 94c02ea0 95c02ea0 
00022e70: 96802ea0 97802ea0 96c02ea0 97c02ea0 
00022e80: 90002fa0 91002fa0 90402fa0 91402fa0 
00022e90: 92002fa0 93002fa0 92402fa0 93402fa0 
00022ea0: 90802fa0 91802fa0 90c02fa0 91c02fa0 
00022eb0: 92802fa0 93802fa0 92c02fa0 93c02fa0 
00022ec0: 94002fa0 95002fa0 94402fa0 95402fa0 
00022ed0: 96002fa0 97002fa0 96402fa0 97402fa0 
00022ee0: 94802fa0 95802fa0 94c02fa0 95c02fa0 
00022ef0: 96802fa0 97802fa0 96c02fa0 97c02fa0 
00022f00: 98002ea0 99002ea0 98402ea0 99402ea0 
00022f10: 9a002ea0 9b002ea0 9a402ea0 9b402ea0 
00022f20: 98802ea0 99802ea0 98c02ea0 99c02ea0 
00022f30: 9a802ea0 9b802ea0 9ac02ea0 9bc02ea0 
00022f40: 9c002ea0 9d002ea0 9c402ea0 9d402ea0 
00022f50: 9e002ea0 9f002ea0 9e402ea0 9f402ea0 
00022f60: 9c802ea0 9d802ea0 9cc02ea0 9dc02ea0 
00022f70: 9e802ea0 9f802ea0 9ec02ea0 9fc02ea0 
00022f80: 98002fa0 99002fa0 98402fa0 99402fa0 
00022f90: 9a002fa0 9b002fa0 9a402fa0 9b402fa0 
00022fa0: 98802fa0 99802fa0 98c02fa0 99c02fa0 
00022fb0: 9a802fa0 9b802fa0 9ac02fa0 9bc02fa0 
00022fc0: 9c002fa0 9d002fa0 9c402fa0 9d402fa0 
00022fd0: 9e002fa0 9f002fa0 9e402fa0 9f402fa0 
00022fe0: 9c802fa0 9d802fa0 9cc02fa0 9dc02fa0 
00022ff0: 9e802fa0 9f802fa0 9ec02fa0 9fc02fa0 
00023000: a00028a0 a10028a0 a04028a0 a14028a0 
00023010: a20028a0 a30028a0 a24028a0 a34028a0 
00023020: a08028a0 a18028a0 a0c028a0 a1c028a0 
00023030: a28028a0 a38028a0 a2c028a0 a3c028a0 
00023040: a40028a0 a50028a0 a44028a0 a54028a0 
00023050: a60028a0 a70028a0 a64028a0 a74028a0 
00023060: a48028a0 a58028a0 a4c028a0 a5c028a0 
00023070: a68028a0 a78028a0 a6c028a0 a7c028a0 
00023080: a00029a0 a10029a0 a04029a0 a14029a0 
00023090: a20029a0 a30029a0 a24029a0 a34029a0 
000230a0: a08029a0 a18029a0 a0c029a0 a1c029a0 
000230b0: a28029a0 a38029a0 a2c029a0 a3c029a0 
000230c0: a40029a0 a50029a0 a44029a0 a54029a0 
000230d0: a60029a0 a70029a0 a64029a0 a74029a0 
000230e0: a48029a0 a58029a0 a4c029a0 a5c029a0 
000230f0: a68029a0 a78029a0 a6c029a0 a7c029a0 
00023100: a80028a0 a90028a0 a84028a0 a94028a0 
00023110: aa0028a0 ab0028a0 aa4028a0 ab4028a0 
00023120: a88028a0 a98028a0 a8c028a0 a9c028a0 
00023130: aa8028a0 ab8028a0 aac028a0 abc028a0 
00023140: ac0028a0 ad0028a0 ac4028a0 ad4028a0 
00023150: ae0028a0 af0028a0 ae4028a0 af4028a0 
00023160: ac8028a0 ad8028a0 acc028a0 adc028a0 
00023170: ae8028a0 af8028a0 aec028a0 afc028a0 
00023180: a80029a0 a90029a0 a84029a0 a94029a0 
00023190: aa0029a0 ab0029a0 aa4029a0 ab4029a0 
000231a0: a88029a0 a98029a0 a8c029a0 a9c029a0 
000231b0: aa8029a0 ab8029a0 aac029a0 abc029a0 
000231c0: ac0029a0 ad0029a0 ac4029a0 ad4029a0 
000231d0: ae0029a0 af0029a0 ae4029a0 af4029a0 
000231e0: ac8029a0 ad8029a0 acc029a0 adc029a0 
000231f0: ae8029a0 af8029a0 aec029a0 afc029a0 
00023200: a0002aa0 a1002aa0 a0402aa0 a1402aa0 
00023210: a2002aa0 a3002aa0 a2402aa0 a3402aa0 
00023220: a0802aa0 a1802aa0 a0c02aa0 a1c02aa0 
00023230: a2802aa0 a3802aa0 a2c02aa0 a3c02aa0 
00023240: a4002aa0 a5002aa0 a4402aa0 a5402aa0 
00023250: a6002aa0 a7002aa0 a6402aa0 a7402aa0 
00023260: a4802aa0 a5802aa0 a4c02aa0 a5c02aa0 
00023270: a6802aa0 a7802aa0 a6c02aa0 a7c02aa0 
00023280: a0002ba0 a1002ba0 a0402ba0 a1402ba0 
00023290: a2002ba0 a3002ba0 a2402ba0 a3402ba0 
000232a0: a0802ba0 a1802ba0 a0c02ba0 a1c02ba0 
000232b0: a2802ba0 a3802ba0 a2c02ba0 a3c02ba0 
000232c0: a4002ba0 a5002ba0 a4402ba0 a5402ba0 
000232d0: a6002ba0 a7002ba0 a6402ba0 a7402ba0 
000232e0: a4802ba0 a5802ba0 a4c02ba0 a5c02ba0 
000232f0: a6802ba0 a7802ba0 a6c02ba0 a7c02ba0 
00023300: a8002aa0 a9002aa0 a8402aa0 a9402aa0 
00023310: aa002aa0 ab002aa0 aa402aa0 ab402aa0 
00023320: a8802aa0 a9802aa0 a8c02aa0 a9c02aa0 
00023330: aa802aa0 ab802aa0 aac02aa0 abc02aa0 
00023340: ac002aa0 ad002aa0 ac402aa0 ad402aa0 
00023350: ae002aa0 af002aa0 ae402aa0 af402aa0 
00023360: ac802aa0 ad802aa0 acc02aa0 adc02aa0 
00023370: ae802aa0 af802aa0 aec02aa0 afc02aa0 
00023380: a8002ba0 a9002ba0 a8402ba0 a9402ba0 
00023390: aa002ba0 ab002ba0 aa402ba0 ab402ba0 
000233a0: a8802ba0 a9802ba0 a8c02ba0 a9c02ba0 
000233b0: aa802ba0 ab802ba0 aac02ba0 abc02ba0 
000233c0: ac002ba0 ad002ba0 ac402ba0 ad402ba0 
000233d0: ae002ba0 af002ba0 ae402ba0 af402ba0 
000233e0: ac802ba0 ad802ba0 acc02ba0 adc02ba0 
000233f0: ae802ba0 af802ba0 aec02ba0 afc02ba0 
00023400: b00028a0 b10028a0 b04028a0 b14028a0 
00023410: b20028a0 b30028a0 b24028a0 b34028a0 
00023420: b08028a0 b18028a0 b0c028a0 b1c028a0 
00023430: b28028a0 b38028a0 b2c028a0 b3c028a0 
00023440: b40028a0 b50028a0 b44028a0 b54028a0 
00023450: b60028a0 b70028a0 b64028a0 b74028a0 
00023460: b48028a0 b58028a0 b4c028a0 b5c028a0 
00023470: b68028a0 b78028a0 b6c028a0 b7c028a0 
00023480: b00029a0 b10029a0 b04029a0 b14029a0 
00023490: b20029a0 b30029a0 b24029a0 b34029a0 
000234a0: b08029a0 b18029a0 b0c029a0 b1c029a0 
000234b0: b28029a0 b38029a0 b2c029a0 b3c029a0 
000234c0: b40029a0 b50029a0 b44029a0 b54029a0 
000234d0: b60029a0 b70029a0 b64029a0 b74029a0 
000234e0: b48029a0 b58029a0 b4c029a0 b5c029a0 
000234f0: b68029a0 b78029a0 b6c029a0 b7c029a0 
00023500: b80028a0 b90028a0 b84028a0 b94028a0 
00023510: ba0028a0 bb0028a0 ba4028a0 bb4028a0 
00023520: b88028a0 b98028a0 b8c028a0 b9c028a0 
00023530: ba8028a0 bb8028a0 bac028a0 bbc028a0 
00023540: bc0028a0 bd0028a0 bc4028a0 bd4028a0 
00023550: be0028a0 bf0028a0 be4028a0 bf4028a0 
00023560: bc8028a0 bd8028a0 bcc028a0 bdc028a0 
00023570: be8028a0 bf8028a0 bec028a0 bfc028a0 
00023580: b80029a0 b90029a0 b84029a0 b94029a0 
00023590: ba0029a0 bb0029a0 ba4029a0 bb4029a0 
000235a0: b88029a0 b98029a0 b8c029a0 b9c029a0 
000235b0: ba8029a0 bb8029a0 bac029a0 bbc029a0 
000235c0: bc0029a0 bd0029a0 bc4029a0 bd4029a0 
000235d0: be0029a0 bf0029a0 be4029a0 bf4029a0 
000235e0: bc8029a0 bd8029a0 bcc029a0 bdc029a0 
000235f0: be8029a0 bf8029a0 bec029a0 bfc029a0 
00023600: b0002aa0 b1002aa0 b0402aa0 b1402aa0 
00023610: b2002aa0 b3002aa0 b2402aa0 b3402aa0 
00023620: b0802aa0 b1802aa0 b0c02aa0 b1c02aa0 
00023630: b2802aa0 b3802aa0 b2c02aa0 b3c02aa0 
00023640: b4002aa0 b5002aa0 b4402aa0 b5402aa0 
00023650: b6002aa0 b7002aa0 b6402aa0 b7402aa0 
00023660: b4802aa0 b5802aa0 b4c02aa0 b5c02aa0 
00023670: b6802aa0 b7802aa0 b6c02aa0 b7c02aa0 
00023680: b0002ba0 b1002ba0 b0402ba0 b1402ba0 
00023690: b2002ba0 b3002ba0 b2402ba0 b3402ba0 
000236a0: b0802ba0 b1802ba0 b0c02ba0 b1c02ba0 
000236b0: b2802ba0 b3802ba0 b2c02ba0 b3c02ba0 
000236c0: b4002ba0 b5002ba0 b4402ba0 b5402ba0 
000236d0: b6002ba0 b7002ba0 b6402ba0 b7402ba0 
000236e0: b4802ba0 b5802ba0 b4c02ba0 b5c02ba0 
000236f0: b6802ba0 b7802ba0 b6c02ba0 b7c02ba0 
00023700: b8002aa0 b9002aa0 b8402aa0 b9402aa0 
00023710: ba002aa0 bb002aa0 ba402aa0 bb402aa0 
00023720: b8802aa0 b9802aa0 b8c02aa0 b9c02aa0 
00023730: ba802aa0 bb802aa0 bac02aa0 bbc02aa0 
00023740: bc002aa0 bd002aa0 bc402aa0 bd402aa0 
00023750: be002aa0 bf002aa0 be402aa0 bf402aa0 
00023760: bc802aa0 bd802aa0 bcc02aa0 bdc02aa0 
00023770: be802aa0 bf802aa0 bec02aa0 bfc02aa0 
00023780: b8002ba0 b9002ba0 b8402ba0 b9402ba0 
00023790: ba002ba0 bb002ba0 ba402ba0 bb402ba0 
000237a0: b8802ba0 b9802ba0 b8c02ba0 b9c02ba0 
000237b0: ba802ba0 bb802ba0 bac02ba0 bbc02ba0 
000237c0: bc002ba0 bd002ba0 bc402ba0 bd402ba0 
000237d0: be002ba0 bf002ba0 be402ba0 bf402ba0 
000237e0: bc802ba0 bd802ba0 bcc02ba0 bdc02ba0 
000237f0: be802ba0 bf802ba0 bec02ba0 bfc02ba0 
00023800: a0002ca0 a1002ca0 a0402ca0 a1402ca0 
00023810: a2002ca0 a3002ca0 a2402ca0 a3402ca0 
00023820: a0802ca0 a1802ca0 a0c02ca0 a1c02ca0 
00023830: a2802ca0 a3802ca0 a2c02ca0 a3c02ca0 
00023840: a4002ca0 a5002ca0 a4402ca0 a5402ca0 
00023850: a6002ca0 a7002ca0 a6402ca0 a7402ca0 
00023860: a4802ca0 a5802ca0 a4c02ca0 a5c02ca0 
00023870: a6802ca0 a7802ca0 a6c02ca0 a7c02ca0 
00023880: a0002da0 a1002da0 a0402da0 a1402da0 
00023890: a2002da0 a3002da0 a2402da0 a3402da0 
000238a0: a0802da0 a1802da0 a0c02da0 a1c02da0 
000238b0: a2802da0 a3802da0 a2c02da0 a3c02da0 
000238c0: a4002da0 a5002da0 a4402da0 a5402da0 
000238d0: a6002da0 a7002da0 a6402da0 a7402da0 
000238e0: a4802da0 a5802da0 a4c02da0 a5c02da0 
000238f0: a6802da0 a7802da0 a6c02da0 a7c02da0 
00023900: a8002ca0 a9002ca0 a8402ca0 a9402ca0 
00023910: aa002ca0 ab002ca0 aa402ca0 ab402ca0 
00023920: a8802ca0 a9802ca0 a8c02ca0 a9c02ca0 
00023930: aa802ca0 ab802ca0 aac02ca0 abc02ca0 
00023940: ac002ca0 ad002ca0 ac402ca0 ad402ca0 
00023950: ae002ca0 af002ca0 ae402ca0 af402ca0 
00023960: ac802ca0 ad802ca0 acc02ca0 adc02ca0 
00023970: ae802ca0 af802ca0 aec02ca0 afc02ca0 
00023980: a8002da0 a9002da0 a8402da0 a9402da0 
00023990: aa002da0 ab002da0 aa402da0 ab402da0 
000239a0: a8802da0 a9802da0 a8c02da0 a9c02da0 
000239b0: aa802da0 ab802da0 aac02da0 abc02da0 
000239c0: ac002da0 ad002da0 ac402da0 ad402da0 
000239d0: ae002da0 af002da0 ae402da0 af402da0 
000239e0: ac802da0 ad802da0 acc02da0 adc02da0 
000239f0: ae802da0 af802da0 aec02da0 afc02da0 
00023a00: a0002ea0 a1002ea0 a0402ea0 a1402ea0 
00023a10: a2002ea0 a3002ea0 a2402ea0 a3402ea0 
00023a20: a0802ea0 a1802ea0 a0c02ea0 a1c02ea0 
00023a30: a2802ea0 a3802ea0 a2c02ea0 a3c02ea0 
00023a40: a4002ea0 a5002ea0 a4402ea0 a5402ea0 
00023a50: a6002ea0 a7002ea0 a6402ea0 a7402ea0 
00023a60: a4802ea0 a5802ea0 a4c02ea0 a5c02ea0 
00023a70: a6802ea0 a7802ea0 a6c02ea0 a7c02ea0 
00023a80: a0002fa0 a1002fa0 a0402fa0 a1402fa0 
00023a90: a2002fa0 a3002fa0 a2402fa0 a3402fa0 
00023aa0: a0802fa0 a1802fa0 a0c02fa0 a1c02fa0 
00023ab0: a2802fa0 a3802fa0 a2c02fa0 a3c02fa0 
00023ac0: a4002fa0 a5002fa0 a4402fa0 a5402fa0 
00023ad0: a6002fa0 a7002fa0 a6402fa0 a7402fa0 
00023ae0: a4802fa0 a5802fa0 a4c02fa0 a5c02fa0 
00023af0: a6802fa0 a7802fa0 a6c02fa0 a7c02fa0 
00023b00: a8002ea0 a9002ea0 a8402ea0 a9402ea0 
00023b10: aa002ea0 ab002ea0 aa402ea0 ab402ea0 
00023b20: a8802ea0 a9802ea0 a8c02ea0 a9c02ea0 
00023b30: aa802ea0 ab802ea0 aac02ea0 abc02ea0 
00023b40: ac002ea0 ad002ea0 ac402ea0 ad402ea0 
00023b50: ae002ea0 af002ea0 ae402ea0 af402ea0 
00023b60: ac802ea0 ad802ea0 acc02ea0 adc02ea0 
00023b70: ae802ea0 af802ea0 aec02ea0 afc02ea0 
00023b80: a8002fa0 a9002fa0 a8402fa0 a9402fa0 
00023b90: aa002fa0 ab002fa0 aa402fa0 ab402fa0 
00023ba0: a8802fa0 a9802fa0 a8c02fa0 a9c02fa0 
00023bb0: aa802fa0 ab802fa0 aac02fa0 abc02fa0 
00023bc0: ac002fa0 ad002fa0 ac402fa0 ad402fa0 
00023bd0: ae002fa0 af002fa0 ae402fa0 af402fa0 
00023be0: ac802fa0 ad802fa0 acc02fa0 adc02fa0 
00023bf0: ae802fa0 af802fa0 aec02fa0 afc02fa0 
00023c00: b0002ca0 b1002ca0 b0402ca0 b1402ca0 
00023c10: b2002ca0 b3002ca0 b2402ca0 b3402ca0 
00023c20: b0802ca0 b1802ca0 b0c02ca0 b1c02ca0 
00023c30: b2802ca0 b3802ca0 b2c02ca0 b3c02ca0 
00023c40: b4002ca0 b5002ca0 b4402ca0 b5402ca0 
00023c50: b6002ca0 b7002ca0 b6402ca0 b7402ca0 
00023c60: b4802ca0 b5802ca0 b4c02ca0 b5c02ca0 
00023c70: b6802ca0 b7802ca0 b6c02ca0 b7c02ca0 
00023c80: b0002da0 b1002da0 b0402da0 b1402da0 
00023c90: b2002da0 b3002da0 b2402da0 b3402da0 
00023ca0: b0802da0 b1802da0 b0c02da0 b1c02da0 
00023cb0: b2802da0 b3802da0 b2c02da0 b3c02da0 
00023cc0: b4002da0 b5002da0 b4402da0 b5402da0 
00023cd0: b6002da0 b7002da0 b6402da0 b7402da0 
00023ce0: b4802da0 b5802da0 b4c02da0 b5c02da0 
00023cf0: b6802da0 b7802da0 b6c02da0 b7c02da0 
00023d00: b8002ca0 b9002ca0 b8402ca0 b9402ca0 
00023d10: ba002ca0 bb002ca0 ba402ca0 bb402ca0 
00023d20: b8802ca0 b9802ca0 b8c02ca0 b9c02ca0 
00023d30: ba802ca0 bb802ca0 bac02ca0 bbc02ca0 
00023d40: bc002ca0 bd002ca0 bc402ca0 bd402ca0 
00023d50: be002ca0 bf002ca0 be402ca0 bf402ca0 
00023d60: bc802ca0 bd802ca0 bcc02ca0 bdc02ca0 
00023d70: be802ca0 bf802ca0 bec02ca0 bfc02ca0 
00023d80: b8002da0 b9002da0 b8402da0 b9402da0 
00023d90: ba002da0 bb002da0 ba402da0 bb402da0 
00023da0: b8802da0 b9802da0 b8c02da0 b9c02da0 
00023db0: ba802da0 bb802da0 bac02da0 bbc02da0 
00023dc0: bc002da0 bd002da0 bc402da0 bd402da0 
00023dd0: be002da0 bf002da0 be402da0 bf402da0 
00023de0: bc802da0 bd802da0 bcc02da0 bdc02da0 
00023df0: be802da0 bf802da0 bec02da0 bfc02da0 
00023e00: b0002ea0 b1002ea0 b0402ea0 b1402ea0 
00023e10: b2002ea0 b3002ea0 b2402ea0 b3402ea0 
00023e20: b0802ea0 b1802ea0 b0c02ea0 b1c02ea0 
00023e30: b2802ea0 b3802ea0 b2c02ea0 b3c02ea0 
00023e40: b4002ea0 b5002ea0 b4402ea0 b5402ea0 
00023e50: b6002ea0 b7002ea0 b6402ea0 b7402ea0 
00023e60: b4802ea0 b5802ea0 b4c02ea0 b5c02ea0 
00023e70: b6802ea0 b7802ea0 b6c02ea0 b7c02ea0 
00023e80: b0002fa0 b1002fa0 b0402fa0 b1402fa0 
00023e90: b2002fa0 b3002fa0 b2402fa0 b3402fa0 
00023ea0: b0802fa0 b1802fa0 b0c02fa0 b1c02fa0 
00023eb0: b2802fa0 b3802fa0 b2c02fa0 b3c02fa0 
00023ec0: b4002fa0 b5002fa0 b4402fa0 b5402fa0 
00023ed0: b6002fa0 b7002fa0 b6402fa0 b7402fa0 
00023ee0: b4802fa0 b5802fa0 b4c02fa0 b5c02fa0 
00023ef0: b6802fa0 b7802fa0 b6c02fa0 b7c02fa0 
00023f00: b8002ea0 b9002ea0 b8402ea0 b9402ea0 
00023f10: ba002ea0 bb002ea0 ba402ea0 bb402ea0 
00023f20: b8802ea0 b9802ea0 b8c02ea0 b9c02ea0 
00023f30: ba802ea0 bb802ea0 bac02ea0 bbc02ea0 
00023f40: bc002ea0 bd002ea0 bc402ea0 bd402ea0 
00023f50: be002ea0 bf002ea0 be402ea0 bf402ea0 
00023f60: bc802ea0 bd802ea0 bcc02ea0 bdc02ea0 
00023f70: be802ea0 bf802ea0 bec02ea0 bfc02ea0 
00023f80: b8002fa0 b9002fa0 b8402fa0 b9402fa0 
00023f90: ba002fa0 bb002fa0 ba402fa0 bb402fa0 
00023fa0: b8802fa0 b9802fa0 b8c02fa0 b9c02fa0 
00023fb0: ba802fa0 bb802fa0 bac02fa0 bbc02fa0 
00023fc0: bc002fa0 bd002fa0 bc402fa0 bd402fa0 
00023fd0: be002fa0 bf002fa0 be402fa0 bf402fa0 
00023fe0: bc802fa0 bd802fa0 bcc02fa0 bdc02fa0 
00023ff0: be802fa0 bf802fa0 bec02fa0 bfc02fa0 
