# BODUMP reason=sigusr1 handle=0 gpu_va=0x10000080000 cpu=0x10093c000 size=0x24000 read=0x24000
00000000: 00000000 00000000 01000000 00000000 
00000010: 00000000 01000000 01000000 01000000 
00000020: 02000000 00000000 03000000 00000000 
00000030: 02000000 01000000 03000000 01000000 
00000040: 00000000 02000000 01000000 02000000 
00000050: 00000000 03000000 01000000 03000000 
00000060: 02000000 02000000 03000000 02000000 
00000070: 02000000 03000000 03000000 03000000 
00000080: 04000000 00000000 05000000 00000000 
00000090: 04000000 01000000 05000000 01000000 
000000a0: 06000000 00000000 07000000 00000000 
000000b0: 06000000 01000000 07000000 01000000 
000000c0: 04000000 02000000 05000000 02000000 
000000d0: 04000000 03000000 05000000 03000000 
000000e0: 06000000 02000000 07000000 02000000 
000000f0: 06000000 03000000 07000000 03000000 
00000100: 00000000 04000000 01000000 04000000 
00000110: 00000000 05000000 01000000 05000000 
00000120: 02000000 04000000 03000000 04000000 
00000130: 02000000 05000000 03000000 05000000 
00000140: 00000000 06000000 01000000 06000000 
00000150: 00000000 07000000 01000000 07000000 
00000160: 02000000 06000000 03000000 06000000 
00000170: 02000000 07000000 03000000 07000000 
00000180: 04000000 04000000 05000000 04000000 
00000190: 04000000 05000000 05000000 05000000 
000001a0: 06000000 04000000 07000000 04000000 
000001b0: 06000000 05000000 07000000 05000000 
000001c0: 04000000 06000000 05000000 06000000 
000001d0: 04000000 07000000 05000000 07000000 
000001e0: 06000000 06000000 07000000 06000000 
000001f0: 06000000 07000000 07000000 07000000 
00000200: 08000000 00000000 09000000 00000000 
00000210: 08000000 01000000 09000000 01000000 
00000220: 0a000000 00000000 0b000000 00000000 
00000230: 0a000000 01000000 0b000000 01000000 
00000240: 08000000 02000000 09000000 02000000 
00000250: 08000000 03000000 09000000 03000000 
00000260: 0a000000 02000000 0b000000 02000000 
00000270: 0a000000 03000000 0b000000 03000000 
00000280: 0c000000 00000000 0d000000 00000000 
00000290: 0c000000 01000000 0d000000 01000000 
000002a0: 0e000000 00000000 0f000000 00000000 
000002b0: 0e000000 01000000 0f000000 01000000 
000002c0: 0c000000 02000000 0d000000 02000000 
000002d0: 0c000000 03000000 0d000000 03000000 
000002e0: 0e000000 02000000 0f000000 02000000 
000002f0: 0e000000 03000000 0f000000 03000000 
00000300: 08000000 04000000 09000000 04000000 
00000310: 08000000 05000000 09000000 05000000 
00000320: 0a000000 04000000 0b000000 04000000 
00000330: 0a000000 05000000 0b000000 05000000 
00000340: 08000000 06000000 09000000 06000000 
00000350: 08000000 07000000 09000000 07000000 
00000360: 0a000000 06000000 0b000000 06000000 
00000370: 0a000000 07000000 0b000000 07000000 
00000380: 0c000000 04000000 0d000000 04000000 
00000390: 0c000000 05000000 0d000000 05000000 
000003a0: 0e000000 04000000 0f000000 04000000 
000003b0: 0e000000 05000000 0f000000 05000000 
000003c0: 0c000000 06000000 0d000000 06000000 
000003d0: 0c000000 07000000 0d000000 07000000 
000003e0: 0e000000 06000000 0f000000 06000000 
000003f0: 0e000000 07000000 0f000000 07000000 
00000400: 00000000 08000000 01000000 08000000 
00000410: 00000000 09000000 01000000 09000000 
00000420: 02000000 08000000 03000000 08000000 
00000430: 02000000 09000000 03000000 09000000 
00000440: 00000000 0a000000 01000000 0a000000 
00000450: 00000000 0b000000 01000000 0b000000 
00000460: 02000000 0a000000 03000000 0a000000 
00000470: 02000000 0b000000 03000000 0b000000 
00000480: 04000000 08000000 05000000 08000000 
00000490: 04000000 09000000 05000000 09000000 
000004a0: 06000000 08000000 07000000 08000000 
000004b0: 06000000 09000000 07000000 09000000 
000004c0: 04000000 0a000000 05000000 0a000000 
000004d0: 04000000 0b000000 05000000 0b000000 
000004e0: 06000000 0a000000 07000000 0a000000 
000004f0: 06000000 0b000000 07000000 0b000000 
00000500: 00000000 0c000000 01000000 0c000000 
00000510: 00000000 0d000000 01000000 0d000000 
00000520: 02000000 0c000000 03000000 0c000000 
00000530: 02000000 0d000000 03000000 0d000000 
00000540: 00000000 0e000000 01000000 0e000000 
00000550: 00000000 0f000000 01000000 0f000000 
00000560: 02000000 0e000000 03000000 0e000000 
00000570: 02000000 0f000000 03000000 0f000000 
00000580: 04000000 0c000000 05000000 0c000000 
00000590: 04000000 0d000000 05000000 0d000000 
000005a0: 06000000 0c000000 07000000 0c000000 
000005b0: 06000000 0d000000 07000000 0d000000 
000005c0: 04000000 0e000000 05000000 0e000000 
000005d0: 04000000 0f000000 05000000 0f000000 
000005e0: 06000000 0e000000 07000000 0e000000 
000005f0: 06000000 0f000000 07000000 0f000000 
00000600: 08000000 08000000 09000000 08000000 
00000610: 08000000 09000000 09000000 09000000 
00000620: 0a000000 08000000 0b000000 08000000 
00000630: 0a000000 09000000 0b000000 09000000 
00000640: 08000000 0a000000 09000000 0a000000 
00000650: 08000000 0b000000 09000000 0b000000 
00000660: 0a000000 0a000000 0b000000 0a000000 
00000670: 0a000000 0b000000 0b000000 0b000000 
00000680: 0c000000 08000000 0d000000 08000000 
00000690: 0c000000 09000000 0d000000 09000000 
000006a0: 0e000000 08000000 0f000000 08000000 
000006b0: 0e000000 09000000 0f000000 09000000 
000006c0: 0c000000 0a000000 0d000000 0a000000 
000006d0: 0c000000 0b000000 0d000000 0b000000 
000006e0: 0e000000 0a000000 0f000000 0a000000 
000006f0: 0e000000 0b000000 0f000000 0b000000 
00000700: 08000000 0c000000 09000000 0c000000 
00000710: 08000000 0d000000 09000000 0d000000 
00000720: 0a000000 0c000000 0b000000 0c000000 
00000730: 0a000000 0d000000 0b000000 0d000000 
00000740: 08000000 0e000000 09000000 0e000000 
00000750: 08000000 0f000000 09000000 0f000000 
00000760: 0a000000 0e000000 0b000000 0e000000 
00000770: 0a000000 0f000000 0b000000 0f000000 
00000780: 0c000000 0c000000 0d000000 0c000000 
00000790: 0c000000 0d000000 0d000000 0d000000 
000007a0: 0e000000 0c000000 0f000000 0c000000 
000007b0: 0e000000 0d000000 0f000000 0d000000 
000007c0: 0c000000 0e000000 0d000000 0e000000 
000007d0: 0c000000 0f000000 0d000000 0f000000 
000007e0: 0e000000 0e000000 0f000000 0e000000 
000007f0: 0e000000 0f000000 0f000000 0f000000 
00000800: 10000000 00000000 11000000 00000000 
00000810: 10000000 01000000 11000000 01000000 
00000820: 12000000 00000000 13000000 00000000 
00000830: 12000000 01000000 13000000 01000000 
00000840: 10000000 02000000 11000000 02000000 
00000850: 10000000 03000000 11000000 03000000 
00000860: 12000000 02000000 13000000 02000000 
00000870: 12000000 03000000 13000000 03000000 
00000880: 14000000 00000000 15000000 00000000 
00000890: 14000000 01000000 15000000 01000000 
000008a0: 16000000 00000000 17000000 00000000 
000008b0: 16000000 01000000 17000000 01000000 
000008c0: 14000000 02000000 15000000 02000000 
000008d0: 14000000 03000000 15000000 03000000 
000008e0: 16000000 02000000 17000000 02000000 
000008f0: 16000000 03000000 17000000 03000000 
00000900: 10000000 04000000 11000000 04000000 
00000910: 10000000 05000000 11000000 05000000 
00000920: 12000000 04000000 13000000 04000000 
00000930: 12000000 05000000 13000000 05000000 
00000940: 10000000 06000000 11000000 06000000 
00000950: 10000000 07000000 11000000 07000000 
00000960: 12000000 06000000 13000000 06000000 
00000970: 12000000 07000000 13000000 07000000 
00000980: 14000000 04000000 15000000 04000000 
00000990: 14000000 05000000 15000000 05000000 
000009a0: 16000000 04000000 17000000 04000000 
000009b0: 16000000 05000000 17000000 05000000 
000009c0: 14000000 06000000 15000000 06000000 
000009d0: 14000000 07000000 15000000 07000000 
000009e0: 16000000 06000000 17000000 06000000 
000009f0: 16000000 07000000 17000000 07000000 
00000a00: 18000000 00000000 19000000 00000000 
00000a10: 18000000 01000000 19000000 01000000 
00000a20: 1a000000 00000000 1b000000 00000000 
00000a30: 1a000000 01000000 1b000000 01000000 
00000a40: 18000000 02000000 19000000 02000000 
00000a50: 18000000 03000000 19000000 03000000 
00000a60: 1a000000 02000000 1b000000 02000000 
00000a70: 1a000000 03000000 1b000000 03000000 
00000a80: 1c000000 00000000 1d000000 00000000 
00000a90: 1c000000 01000000 1d000000 01000000 
00000aa0: 1e000000 00000000 1f000000 00000000 
00000ab0: 1e000000 01000000 1f000000 01000000 
00000ac0: 1c000000 02000000 1d000000 02000000 
00000ad0: 1c000000 03000000 1d000000 03000000 
00000ae0: 1e000000 02000000 1f000000 02000000 
00000af0: 1e000000 03000000 1f000000 03000000 
00000b00: 18000000 04000000 19000000 04000000 
00000b10: 18000000 05000000 19000000 05000000 
00000b20: 1a000000 04000000 1b000000 04000000 
00000b30: 1a000000 05000000 1b000000 05000000 
00000b40: 18000000 06000000 19000000 06000000 
00000b50: 18000000 07000000 19000000 07000000 
00000b60: 1a000000 06000000 1b000000 06000000 
00000b70: 1a000000 07000000 1b000000 07000000 
00000b80: 1c000000 04000000 1d000000 04000000 
00000b90: 1c000000 05000000 1d000000 05000000 
00000ba0: 1e000000 04000000 1f000000 04000000 
00000bb0: 1e000000 05000000 1f000000 05000000 
00000bc0: 1c000000 06000000 1d000000 06000000 
00000bd0: 1c000000 07000000 1d000000 07000000 
00000be0: 1e000000 06000000 1f000000 06000000 
00000bf0: 1e000000 07000000 1f000000 07000000 
00000c00: 10000000 08000000 11000000 08000000 
00000c10: 10000000 09000000 11000000 09000000 
00000c20: 12000000 08000000 13000000 08000000 
00000c30: 12000000 09000000 13000000 09000000 
00000c40: 10000000 0a000000 11000000 0a000000 
00000c50: 10000000 0b000000 11000000 0b000000 
00000c60: 12000000 0a000000 13000000 0a000000 
00000c70: 12000000 0b000000 13000000 0b000000 
00000c80: 14000000 08000000 15000000 08000000 
00000c90: 14000000 09000000 15000000 09000000 
00000ca0: 16000000 08000000 17000000 08000000 
00000cb0: 16000000 09000000 17000000 09000000 
00000cc0: 14000000 0a000000 15000000 0a000000 
00000cd0: 14000000 0b000000 15000000 0b000000 
00000ce0: 16000000 0a000000 17000000 0a000000 
00000cf0: 16000000 0b000000 17000000 0b000000 
00000d00: 10000000 0c000000 11000000 0c000000 
00000d10: 10000000 0d000000 11000000 0d000000 
00000d20: 12000000 0c000000 13000000 0c000000 
00000d30: 12000000 0d000000 13000000 0d000000 
00000d40: 10000000 0e000000 11000000 0e000000 
00000d50: 10000000 0f000000 11000000 0f000000 
00000d60: 12000000 0e000000 13000000 0e000000 
00000d70: 12000000 0f000000 13000000 0f000000 
00000d80: 14000000 0c000000 15000000 0c000000 
00000d90: 14000000 0d000000 15000000 0d000000 
00000da0: 16000000 0c000000 17000000 0c000000 
00000db0: 16000000 0d000000 17000000 0d000000 
00000dc0: 14000000 0e000000 15000000 0e000000 
00000dd0: 14000000 0f000000 15000000 0f000000 
00000de0: 16000000 0e000000 17000000 0e000000 
00000df0: 16000000 0f000000 17000000 0f000000 
00000e00: 18000000 08000000 19000000 08000000 
00000e10: 18000000 09000000 19000000 09000000 
00000e20: 1a000000 08000000 1b000000 08000000 
00000e30: 1a000000 09000000 1b000000 09000000 
00000e40: 18000000 0a000000 19000000 0a000000 
00000e50: 18000000 0b000000 19000000 0b000000 
00000e60: 1a000000 0a000000 1b000000 0a000000 
00000e70: 1a000000 0b000000 1b000000 0b000000 
00000e80: 1c000000 08000000 1d000000 08000000 
00000e90: 1c000000 09000000 1d000000 09000000 
00000ea0: 1e000000 08000000 1f000000 08000000 
00000eb0: 1e000000 09000000 1f000000 09000000 
00000ec0: 1c000000 0a000000 1d000000 0a000000 
00000ed0: 1c000000 0b000000 1d000000 0b000000 
00000ee0: 1e000000 0a000000 1f000000 0a000000 
00000ef0: 1e000000 0b000000 1f000000 0b000000 
00000f00: 18000000 0c000000 19000000 0c000000 
00000f10: 18000000 0d000000 19000000 0d000000 
00000f20: 1a000000 0c000000 1b000000 0c000000 
00000f30: 1a000000 0d000000 1b000000 0d000000 
00000f40: 18000000 0e000000 19000000 0e000000 
00000f50: 18000000 0f000000 19000000 0f000000 
00000f60: 1a000000 0e000000 1b000000 0e000000 
00000f70: 1a000000 0f000000 1b000000 0f000000 
00000f80: 1c000000 0c000000 1d000000 0c000000 
00000f90: 1c000000 0d000000 1d000000 0d000000 
00000fa0: 1e000000 0c000000 1f000000 0c000000 
00000fb0: 1e000000 0d000000 1f000000 0d000000 
00000fc0: 1c000000 0e000000 1d000000 0e000000 
00000fd0: 1c000000 0f000000 1d000000 0f000000 
00000fe0: 1e000000 0e000000 1f000000 0e000000 
00000ff0: 1e000000 0f000000 1f000000 0f000000 
00001000: 00000000 10000000 01000000 10000000 
00001010: 00000000 11000000 01000000 11000000 
00001020: 02000000 10000000 03000000 10000000 
00001030: 02000000 11000000 03000000 11000000 
00001040: 00000000 12000000 01000000 12000000 
00001050: 00000000 13000000 01000000 13000000 
00001060: 02000000 12000000 03000000 12000000 
00001070: 02000000 13000000 03000000 13000000 
00001080: 04000000 10000000 05000000 10000000 
00001090: 04000000 11000000 05000000 11000000 
000010a0: 06000000 10000000 07000000 10000000 
000010b0: 06000000 11000000 07000000 11000000 
000010c0: 04000000 12000000 05000000 12000000 
000010d0: 04000000 13000000 05000000 13000000 
000010e0: 06000000 12000000 07000000 12000000 
000010f0: 06000000 13000000 07000000 13000000 
00001100: 00000000 14000000 01000000 14000000 
00001110: 00000000 15000000 01000000 15000000 
00001120: 02000000 14000000 03000000 14000000 
00001130: 02000000 15000000 03000000 15000000 
00001140: 00000000 16000000 01000000 16000000 
00001150: 00000000 17000000 01000000 17000000 
00001160: 02000000 16000000 03000000 16000000 
00001170: 02000000 17000000 03000000 17000000 
00001180: 04000000 14000000 05000000 14000000 
00001190: 04000000 15000000 05000000 15000000 
000011a0: 06000000 14000000 07000000 14000000 
000011b0: 06000000 15000000 07000000 15000000 
000011c0: 04000000 16000000 05000000 16000000 
000011d0: 04000000 17000000 05000000 17000000 
000011e0: 06000000 16000000 07000000 16000000 
000011f0: 06000000 17000000 07000000 17000000 
00001200: 08000000 10000000 09000000 10000000 
00001210: 08000000 11000000 09000000 11000000 
00001220: 0a000000 10000000 0b000000 10000000 
00001230: 0a000000 11000000 0b000000 11000000 
00001240: 08000000 12000000 09000000 12000000 
00001250: 08000000 13000000 09000000 13000000 
00001260: 0a000000 12000000 0b000000 12000000 
00001270: 0a000000 13000000 0b000000 13000000 
00001280: 0c000000 10000000 0d000000 10000000 
00001290: 0c000000 11000000 0d000000 11000000 
000012a0: 0e000000 10000000 0f000000 10000000 
000012b0: 0e000000 11000000 0f000000 11000000 
000012c0: 0c000000 12000000 0d000000 12000000 
000012d0: 0c000000 13000000 0d000000 13000000 
000012e0: 0e000000 12000000 0f000000 12000000 
000012f0: 0e000000 13000000 0f000000 13000000 
00001300: 08000000 14000000 09000000 14000000 
00001310: 08000000 15000000 09000000 15000000 
00001320: 0a000000 14000000 0b000000 14000000 
00001330: 0a000000 15000000 0b000000 15000000 
00001340: 08000000 16000000 09000000 16000000 
00001350: 08000000 17000000 09000000 17000000 
00001360: 0a000000 16000000 0b000000 16000000 
00001370: 0a000000 17000000 0b000000 17000000 
00001380: 0c000000 14000000 0d000000 14000000 
00001390: 0c000000 15000000 0d000000 15000000 
000013a0: 0e000000 14000000 0f000000 14000000 
000013b0: 0e000000 15000000 0f000000 15000000 
000013c0: 0c000000 16000000 0d000000 16000000 
000013d0: 0c000000 17000000 0d000000 17000000 
000013e0: 0e000000 16000000 0f000000 16000000 
000013f0: 0e000000 17000000 0f000000 17000000 
00001400: 00000000 18000000 01000000 18000000 
00001410: 00000000 19000000 01000000 19000000 
00001420: 02000000 18000000 03000000 18000000 
00001430: 02000000 19000000 03000000 19000000 
00001440: 00000000 1a000000 01000000 1a000000 
00001450: 00000000 1b000000 01000000 1b000000 
00001460: 02000000 1a000000 03000000 1a000000 
00001470: 02000000 1b000000 03000000 1b000000 
00001480: 04000000 18000000 05000000 18000000 
00001490: 04000000 19000000 05000000 19000000 
000014a0: 06000000 18000000 07000000 18000000 
000014b0: 06000000 19000000 07000000 19000000 
000014c0: 04000000 1a000000 05000000 1a000000 
000014d0: 04000000 1b000000 05000000 1b000000 
000014e0: 06000000 1a000000 07000000 1a000000 
000014f0: 06000000 1b000000 07000000 1b000000 
00001500: 00000000 1c000000 01000000 1c000000 
00001510: 00000000 1d000000 01000000 1d000000 
00001520: 02000000 1c000000 03000000 1c000000 
00001530: 02000000 1d000000 03000000 1d000000 
00001540: 00000000 1e000000 01000000 1e000000 
00001550: 00000000 1f000000 01000000 1f000000 
00001560: 02000000 1e000000 03000000 1e000000 
00001570: 02000000 1f000000 03000000 1f000000 
00001580: 04000000 1c000000 05000000 1c000000 
00001590: 04000000 1d000000 05000000 1d000000 
000015a0: 06000000 1c000000 07000000 1c000000 
000015b0: 06000000 1d000000 07000000 1d000000 
000015c0: 04000000 1e000000 05000000 1e000000 
000015d0: 04000000 1f000000 05000000 1f000000 
000015e0: 06000000 1e000000 07000000 1e000000 
000015f0: 06000000 1f000000 07000000 1f000000 
00001600: 08000000 18000000 09000000 18000000 
00001610: 08000000 19000000 09000000 19000000 
00001620: 0a000000 18000000 0b000000 18000000 
00001630: 0a000000 19000000 0b000000 19000000 
00001640: 08000000 1a000000 09000000 1a000000 
00001650: 08000000 1b000000 09000000 1b000000 
00001660: 0a000000 1a000000 0b000000 1a000000 
00001670: 0a000000 1b000000 0b000000 1b000000 
00001680: 0c000000 18000000 0d000000 18000000 
00001690: 0c000000 19000000 0d000000 19000000 
000016a0: 0e000000 18000000 0f000000 18000000 
000016b0: 0e000000 19000000 0f000000 19000000 
000016c0: 0c000000 1a000000 0d000000 1a000000 
000016d0: 0c000000 1b000000 0d000000 1b000000 
000016e0: 0e000000 1a000000 0f000000 1a000000 
000016f0: 0e000000 1b000000 0f000000 1b000000 
00001700: 08000000 1c000000 09000000 1c000000 
00001710: 08000000 1d000000 09000000 1d000000 
00001720: 0a000000 1c000000 0b000000 1c000000 
00001730: 0a000000 1d000000 0b000000 1d000000 
00001740: 08000000 1e000000 09000000 1e000000 
00001750: 08000000 1f000000 09000000 1f000000 
00001760: 0a000000 1e000000 0b000000 1e000000 
00001770: 0a000000 1f000000 0b000000 1f000000 
00001780: 0c000000 1c000000 0d000000 1c000000 
00001790: 0c000000 1d000000 0d000000 1d000000 
000017a0: 0e000000 1c000000 0f000000 1c000000 
000017b0: 0e000000 1d000000 0f000000 1d000000 
000017c0: 0c000000 1e000000 0d000000 1e000000 
000017d0: 0c000000 1f000000 0d000000 1f000000 
000017e0: 0e000000 1e000000 0f000000 1e000000 
000017f0: 0e000000 1f000000 0f000000 1f000000 
00001800: 10000000 10000000 11000000 10000000 
00001810: 10000000 11000000 11000000 11000000 
00001820: 12000000 10000000 13000000 10000000 
00001830: 12000000 11000000 13000000 11000000 
00001840: 10000000 12000000 11000000 12000000 
00001850: 10000000 13000000 11000000 13000000 
00001860: 12000000 12000000 13000000 12000000 
00001870: 12000000 13000000 13000000 13000000 
00001880: 14000000 10000000 15000000 10000000 
00001890: 14000000 11000000 15000000 11000000 
000018a0: 16000000 10000000 17000000 10000000 
000018b0: 16000000 11000000 17000000 11000000 
000018c0: 14000000 12000000 15000000 12000000 
000018d0: 14000000 13000000 15000000 13000000 
000018e0: 16000000 12000000 17000000 12000000 
000018f0: 16000000 13000000 17000000 13000000 
00001900: 10000000 14000000 11000000 14000000 
00001910: 10000000 15000000 11000000 15000000 
00001920: 12000000 14000000 13000000 14000000 
00001930: 12000000 15000000 13000000 15000000 
00001940: 10000000 16000000 11000000 16000000 
00001950: 10000000 17000000 11000000 17000000 
00001960: 12000000 16000000 13000000 16000000 
00001970: 12000000 17000000 13000000 17000000 
00001980: 14000000 14000000 15000000 14000000 
00001990: 14000000 15000000 15000000 15000000 
000019a0: 16000000 14000000 17000000 14000000 
000019b0: 16000000 15000000 17000000 15000000 
000019c0: 14000000 16000000 15000000 16000000 
000019d0: 14000000 17000000 15000000 17000000 
000019e0: 16000000 16000000 17000000 16000000 
000019f0: 16000000 17000000 17000000 17000000 
00001a00: 18000000 10000000 19000000 10000000 
00001a10: 18000000 11000000 19000000 11000000 
00001a20: 1a000000 10000000 1b000000 10000000 
00001a30: 1a000000 11000000 1b000000 11000000 
00001a40: 18000000 12000000 19000000 12000000 
00001a50: 18000000 13000000 19000000 13000000 
00001a60: 1a000000 12000000 1b000000 12000000 
00001a70: 1a000000 13000000 1b000000 13000000 
00001a80: 1c000000 10000000 1d000000 10000000 
00001a90: 1c000000 11000000 1d000000 11000000 
00001aa0: 1e000000 10000000 1f000000 10000000 
00001ab0: 1e000000 11000000 1f000000 11000000 
00001ac0: 1c000000 12000000 1d000000 12000000 
00001ad0: 1c000000 13000000 1d000000 13000000 
00001ae0: 1e000000 12000000 1f000000 12000000 
00001af0: 1e000000 13000000 1f000000 13000000 
00001b00: 18000000 14000000 19000000 14000000 
00001b10: 18000000 15000000 19000000 15000000 
00001b20: 1a000000 14000000 1b000000 14000000 
00001b30: 1a000000 15000000 1b000000 15000000 
00001b40: 18000000 16000000 19000000 16000000 
00001b50: 18000000 17000000 19000000 17000000 
00001b60: 1a000000 16000000 1b000000 16000000 
00001b70: 1a000000 17000000 1b000000 17000000 
00001b80: 1c000000 14000000 1d000000 14000000 
00001b90: 1c000000 15000000 1d000000 15000000 
00001ba0: 1e000000 14000000 1f000000 14000000 
00001bb0: 1e000000 15000000 1f000000 15000000 
00001bc0: 1c000000 16000000 1d000000 16000000 
00001bd0: 1c000000 17000000 1d000000 17000000 
00001be0: 1e000000 16000000 1f000000 16000000 
00001bf0: 1e000000 17000000 1f000000 17000000 
00001c00: 10000000 18000000 11000000 18000000 
00001c10: 10000000 19000000 11000000 19000000 
00001c20: 12000000 18000000 13000000 18000000 
00001c30: 12000000 19000000 13000000 19000000 
00001c40: 10000000 1a000000 11000000 1a000000 
00001c50: 10000000 1b000000 11000000 1b000000 
00001c60: 12000000 1a000000 13000000 1a000000 
00001c70: 12000000 1b000000 13000000 1b000000 
00001c80: 14000000 18000000 15000000 18000000 
00001c90: 14000000 19000000 15000000 19000000 
00001ca0: 16000000 18000000 17000000 18000000 
00001cb0: 16000000 19000000 17000000 19000000 
00001cc0: 14000000 1a000000 15000000 1a000000 
00001cd0: 14000000 1b000000 15000000 1b000000 
00001ce0: 16000000 1a000000 17000000 1a000000 
00001cf0: 16000000 1b000000 17000000 1b000000 
00001d00: 10000000 1c000000 11000000 1c000000 
00001d10: 10000000 1d000000 11000000 1d000000 
00001d20: 12000000 1c000000 13000000 1c000000 
00001d30: 12000000 1d000000 13000000 1d000000 
00001d40: 10000000 1e000000 11000000 1e000000 
00001d50: 10000000 1f000000 11000000 1f000000 
00001d60: 12000000 1e000000 13000000 1e000000 
00001d70: 12000000 1f000000 13000000 1f000000 
00001d80: 14000000 1c000000 15000000 1c000000 
00001d90: 14000000 1d000000 15000000 1d000000 
00001da0: 16000000 1c000000 17000000 1c000000 
00001db0: 16000000 1d000000 17000000 1d000000 
00001dc0: 14000000 1e000000 15000000 1e000000 
00001dd0: 14000000 1f000000 15000000 1f000000 
00001de0: 16000000 1e000000 17000000 1e000000 
00001df0: 16000000 1f000000 17000000 1f000000 
00001e00: 18000000 18000000 19000000 18000000 
00001e10: 18000000 19000000 19000000 19000000 
00001e20: 1a000000 18000000 1b000000 18000000 
00001e30: 1a000000 19000000 1b000000 19000000 
00001e40: 18000000 1a000000 19000000 1a000000 
00001e50: 18000000 1b000000 19000000 1b000000 
00001e60: 1a000000 1a000000 1b000000 1a000000 
00001e70: 1a000000 1b000000 1b000000 1b000000 
00001e80: 1c000000 18000000 1d000000 18000000 
00001e90: 1c000000 19000000 1d000000 19000000 
00001ea0: 1e000000 18000000 1f000000 18000000 
00001eb0: 1e000000 19000000 1f000000 19000000 
00001ec0: 1c000000 1a000000 1d000000 1a000000 
00001ed0: 1c000000 1b000000 1d000000 1b000000 
00001ee0: 1e000000 1a000000 1f000000 1a000000 
00001ef0: 1e000000 1b000000 1f000000 1b000000 
00001f00: 18000000 1c000000 19000000 1c000000 
00001f10: 18000000 1d000000 19000000 1d000000 
00001f20: 1a000000 1c000000 1b000000 1c000000 
00001f30: 1a000000 1d000000 1b000000 1d000000 
00001f40: 18000000 1e000000 19000000 1e000000 
00001f50: 18000000 1f000000 19000000 1f000000 
00001f60: 1a000000 1e000000 1b000000 1e000000 
00001f70: 1a000000 1f000000 1b000000 1f000000 
00001f80: 1c000000 1c000000 1d000000 1c000000 
00001f90: 1c000000 1d000000 1d000000 1d000000 
00001fa0: 1e000000 1c000000 1f000000 1c000000 
00001fb0: 1e000000 1d000000 1f000000 1d000000 
00001fc0: 1c000000 1e000000 1d000000 1e000000 
00001fd0: 1c000000 1f000000 1d000000 1f000000 
00001fe0: 1e000000 1e000000 1f000000 1e000000 
00001ff0: 1e000000 1f000000 1f000000 1f000000 
00002000: 20000000 00000000 21000000 00000000 
00002010: 20000000 01000000 21000000 01000000 
00002020: 22000000 00000000 23000000 00000000 
00002030: 22000000 01000000 23000000 01000000 
00002040: 20000000 02000000 21000000 02000000 
00002050: 20000000 03000000 21000000 03000000 
00002060: 22000000 02000000 23000000 02000000 
00002070: 22000000 03000000 23000000 03000000 
00002080: 24000000 00000000 25000000 00000000 
00002090: 24000000 01000000 25000000 01000000 
000020a0: 26000000 00000000 27000000 00000000 
000020b0: 26000000 01000000 27000000 01000000 
000020c0: 24000000 02000000 25000000 02000000 
000020d0: 24000000 03000000 25000000 03000000 
000020e0: 26000000 02000000 27000000 02000000 
000020f0: 26000000 03000000 27000000 03000000 
00002100: 20000000 04000000 21000000 04000000 
00002110: 20000000 05000000 21000000 05000000 
00002120: 22000000 04000000 23000000 04000000 
00002130: 22000000 05000000 23000000 05000000 
00002140: 20000000 06000000 21000000 06000000 
00002150: 20000000 07000000 21000000 07000000 
00002160: 22000000 06000000 23000000 06000000 
00002170: 22000000 07000000 23000000 07000000 
00002180: 24000000 04000000 25000000 04000000 
00002190: 24000000 05000000 25000000 05000000 
000021a0: 26000000 04000000 27000000 04000000 
000021b0: 26000000 05000000 27000000 05000000 
000021c0: 24000000 06000000 25000000 06000000 
000021d0: 24000000 07000000 25000000 07000000 
000021e0: 26000000 06000000 27000000 06000000 
000021f0: 26000000 07000000 27000000 07000000 
00002200: 28000000 00000000 29000000 00000000 
00002210: 28000000 01000000 29000000 01000000 
00002220: 2a000000 00000000 2b000000 00000000 
00002230: 2a000000 01000000 2b000000 01000000 
00002240: 28000000 02000000 29000000 02000000 
00002250: 28000000 03000000 29000000 03000000 
00002260: 2a000000 02000000 2b000000 02000000 
00002270: 2a000000 03000000 2b000000 03000000 
00002280: 2c000000 00000000 2d000000 00000000 
00002290: 2c000000 01000000 2d000000 01000000 
000022a0: 2e000000 00000000 2f000000 00000000 
000022b0: 2e000000 01000000 2f000000 01000000 
000022c0: 2c000000 02000000 2d000000 02000000 
000022d0: 2c000000 03000000 2d000000 03000000 
000022e0: 2e000000 02000000 2f000000 02000000 
000022f0: 2e000000 03000000 2f000000 03000000 
00002300: 28000000 04000000 29000000 04000000 
00002310: 28000000 05000000 29000000 05000000 
00002320: 2a000000 04000000 2b000000 04000000 
00002330: 2a000000 05000000 2b000000 05000000 
00002340: 28000000 06000000 29000000 06000000 
00002350: 28000000 07000000 29000000 07000000 
00002360: 2a000000 06000000 2b000000 06000000 
00002370: 2a000000 07000000 2b000000 07000000 
00002380: 2c000000 04000000 2d000000 04000000 
00002390: 2c000000 05000000 2d000000 05000000 
000023a0: 2e000000 04000000 2f000000 04000000 
000023b0: 2e000000 05000000 2f000000 05000000 
000023c0: 2c000000 06000000 2d000000 06000000 
000023d0: 2c000000 07000000 2d000000 07000000 
000023e0: 2e000000 06000000 2f000000 06000000 
000023f0: 2e000000 07000000 2f000000 07000000 
00002400: 20000000 08000000 21000000 08000000 
00002410: 20000000 09000000 21000000 09000000 
00002420: 22000000 08000000 23000000 08000000 
00002430: 22000000 09000000 23000000 09000000 
00002440: 20000000 0a000000 21000000 0a000000 
00002450: 20000000 0b000000 21000000 0b000000 
00002460: 22000000 0a000000 23000000 0a000000 
00002470: 22000000 0b000000 23000000 0b000000 
00002480: 24000000 08000000 25000000 08000000 
00002490: 24000000 09000000 25000000 09000000 
000024a0: 26000000 08000000 27000000 08000000 
000024b0: 26000000 09000000 27000000 09000000 
000024c0: 24000000 0a000000 25000000 0a000000 
000024d0: 24000000 0b000000 25000000 0b000000 
000024e0: 26000000 0a000000 27000000 0a000000 
000024f0: 26000000 0b000000 27000000 0b000000 
00002500: 20000000 0c000000 21000000 0c000000 
00002510: 20000000 0d000000 21000000 0d000000 
00002520: 22000000 0c000000 23000000 0c000000 
00002530: 22000000 0d000000 23000000 0d000000 
00002540: 20000000 0e000000 21000000 0e000000 
00002550: 20000000 0f000000 21000000 0f000000 
00002560: 22000000 0e000000 23000000 0e000000 
00002570: 22000000 0f000000 23000000 0f000000 
00002580: 24000000 0c000000 25000000 0c000000 
00002590: 24000000 0d000000 25000000 0d000000 
000025a0: 26000000 0c000000 27000000 0c000000 
000025b0: 26000000 0d000000 27000000 0d000000 
000025c0: 24000000 0e000000 25000000 0e000000 
000025d0: 24000000 0f000000 25000000 0f000000 
000025e0: 26000000 0e000000 27000000 0e000000 
000025f0: 26000000 0f000000 27000000 0f000000 
00002600: 28000000 08000000 29000000 08000000 
00002610: 28000000 09000000 29000000 09000000 
00002620: 2a000000 08000000 2b000000 08000000 
00002630: 2a000000 09000000 2b000000 09000000 
00002640: 28000000 0a000000 29000000 0a000000 
00002650: 28000000 0b000000 29000000 0b000000 
00002660: 2a000000 0a000000 2b000000 0a000000 
00002670: 2a000000 0b000000 2b000000 0b000000 
00002680: 2c000000 08000000 2d000000 08000000 
00002690: 2c000000 09000000 2d000000 09000000 
000026a0: 2e000000 08000000 2f000000 08000000 
000026b0: 2e000000 09000000 2f000000 09000000 
000026c0: 2c000000 0a000000 2d000000 0a000000 
000026d0: 2c000000 0b000000 2d000000 0b000000 
000026e0: 2e000000 0a000000 2f000000 0a000000 
000026f0: 2e000000 0b000000 2f000000 0b000000 
00002700: 28000000 0c000000 29000000 0c000000 
00002710: 28000000 0d000000 29000000 0d000000 
00002720: 2a000000 0c000000 2b000000 0c000000 
00002730: 2a000000 0d000000 2b000000 0d000000 
00002740: 28000000 0e000000 29000000 0e000000 
00002750: 28000000 0f000000 29000000 0f000000 
00002760: 2a000000 0e000000 2b000000 0e000000 
00002770: 2a000000 0f000000 2b000000 0f000000 
00002780: 2c000000 0c000000 2d000000 0c000000 
00002790: 2c000000 0d000000 2d000000 0d000000 
000027a0: 2e000000 0c000000 2f000000 0c000000 
000027b0: 2e000000 0d000000 2f000000 0d000000 
000027c0: 2c000000 0e000000 2d000000 0e000000 
000027d0: 2c000000 0f000000 2d000000 0f000000 
000027e0: 2e000000 0e000000 2f000000 0e000000 
000027f0: 2e000000 0f000000 2f000000 0f000000 
00002800: 30000000 00000000 31000000 00000000 
00002810: 30000000 01000000 31000000 01000000 
00002820: 32000000 00000000 33000000 00000000 
00002830: 32000000 01000000 33000000 01000000 
00002840: 30000000 02000000 31000000 02000000 
00002850: 30000000 03000000 31000000 03000000 
00002860: 32000000 02000000 33000000 02000000 
00002870: 32000000 03000000 33000000 03000000 
00002880: 34000000 00000000 35000000 00000000 
00002890: 34000000 01000000 35000000 01000000 
000028a0: 36000000 00000000 37000000 00000000 
000028b0: 36000000 01000000 37000000 01000000 
000028c0: 34000000 02000000 35000000 02000000 
000028d0: 34000000 03000000 35000000 03000000 
000028e0: 36000000 02000000 37000000 02000000 
000028f0: 36000000 03000000 37000000 03000000 
00002900: 30000000 04000000 31000000 04000000 
00002910: 30000000 05000000 31000000 05000000 
00002920: 32000000 04000000 33000000 04000000 
00002930: 32000000 05000000 33000000 05000000 
00002940: 30000000 06000000 31000000 06000000 
00002950: 30000000 07000000 31000000 07000000 
00002960: 32000000 06000000 33000000 06000000 
00002970: 32000000 07000000 33000000 07000000 
00002980: 34000000 04000000 35000000 04000000 
00002990: 34000000 05000000 35000000 05000000 
000029a0: 36000000 04000000 37000000 04000000 
000029b0: 36000000 05000000 37000000 05000000 
000029c0: 34000000 06000000 35000000 06000000 
000029d0: 34000000 07000000 35000000 07000000 
000029e0: 36000000 06000000 37000000 06000000 
000029f0: 36000000 07000000 37000000 07000000 
00002a00: 38000000 00000000 39000000 00000000 
00002a10: 38000000 01000000 39000000 01000000 
00002a20: 3a000000 00000000 3b000000 00000000 
00002a30: 3a000000 01000000 3b000000 01000000 
00002a40: 38000000 02000000 39000000 02000000 
00002a50: 38000000 03000000 39000000 03000000 
00002a60: 3a000000 02000000 3b000000 02000000 
00002a70: 3a000000 03000000 3b000000 03000000 
00002a80: 3c000000 00000000 3d000000 00000000 
00002a90: 3c000000 01000000 3d000000 01000000 
00002aa0: 3e000000 00000000 3f000000 00000000 
00002ab0: 3e000000 01000000 3f000000 01000000 
00002ac0: 3c000000 02000000 3d000000 02000000 
00002ad0: 3c000000 03000000 3d000000 03000000 
00002ae0: 3e000000 02000000 3f000000 02000000 
00002af0: 3e000000 03000000 3f000000 03000000 
00002b00: 38000000 04000000 39000000 04000000 
00002b10: 38000000 05000000 39000000 05000000 
00002b20: 3a000000 04000000 3b000000 04000000 
00002b30: 3a000000 05000000 3b000000 05000000 
00002b40: 38000000 06000000 39000000 06000000 
00002b50: 38000000 07000000 39000000 07000000 
00002b60: 3a000000 06000000 3b000000 06000000 
00002b70: 3a000000 07000000 3b000000 07000000 
00002b80: 3c000000 04000000 3d000000 04000000 
00002b90: 3c000000 05000000 3d000000 05000000 
00002ba0: 3e000000 04000000 3f000000 04000000 
00002bb0: 3e000000 05000000 3f000000 05000000 
00002bc0: 3c000000 06000000 3d000000 06000000 
00002bd0: 3c000000 07000000 3d000000 07000000 
00002be0: 3e000000 06000000 3f000000 06000000 
00002bf0: 3e000000 07000000 3f000000 07000000 
00002c00: 30000000 08000000 31000000 08000000 
00002c10: 30000000 09000000 31000000 09000000 
00002c20: 32000000 08000000 33000000 08000000 
00002c30: 32000000 09000000 33000000 09000000 
00002c40: 30000000 0a000000 31000000 0a000000 
00002c50: 30000000 0b000000 31000000 0b000000 
00002c60: 32000000 0a000000 33000000 0a000000 
00002c70: 32000000 0b000000 33000000 0b000000 
00002c80: 34000000 08000000 35000000 08000000 
00002c90: 34000000 09000000 35000000 09000000 
00002ca0: 36000000 08000000 37000000 08000000 
00002cb0: 36000000 09000000 37000000 09000000 
00002cc0: 34000000 0a000000 35000000 0a000000 
00002cd0: 34000000 0b000000 35000000 0b000000 
00002ce0: 36000000 0a000000 37000000 0a000000 
00002cf0: 36000000 0b000000 37000000 0b000000 
00002d00: 30000000 0c000000 31000000 0c000000 
00002d10: 30000000 0d000000 31000000 0d000000 
00002d20: 32000000 0c000000 33000000 0c000000 
00002d30: 32000000 0d000000 33000000 0d000000 
00002d40: 30000000 0e000000 31000000 0e000000 
00002d50: 30000000 0f000000 31000000 0f000000 
00002d60: 32000000 0e000000 33000000 0e000000 
00002d70: 32000000 0f000000 33000000 0f000000 
00002d80: 34000000 0c000000 35000000 0c000000 
00002d90: 34000000 0d000000 35000000 0d000000 
00002da0: 36000000 0c000000 37000000 0c000000 
00002db0: 36000000 0d000000 37000000 0d000000 
00002dc0: 34000000 0e000000 35000000 0e000000 
00002dd0: 34000000 0f000000 35000000 0f000000 
00002de0: 36000000 0e000000 37000000 0e000000 
00002df0: 36000000 0f000000 37000000 0f000000 
00002e00: 38000000 08000000 39000000 08000000 
00002e10: 38000000 09000000 39000000 09000000 
00002e20: 3a000000 08000000 3b000000 08000000 
00002e30: 3a000000 09000000 3b000000 09000000 
00002e40: 38000000 0a000000 39000000 0a000000 
00002e50: 38000000 0b000000 39000000 0b000000 
00002e60: 3a000000 0a000000 3b000000 0a000000 
00002e70: 3a000000 0b000000 3b000000 0b000000 
00002e80: 3c000000 08000000 3d000000 08000000 
00002e90: 3c000000 09000000 3d000000 09000000 
00002ea0: 3e000000 08000000 3f000000 08000000 
00002eb0: 3e000000 09000000 3f000000 09000000 
00002ec0: 3c000000 0a000000 3d000000 0a000000 
00002ed0: 3c000000 0b000000 3d000000 0b000000 
00002ee0: 3e000000 0a000000 3f000000 0a000000 
00002ef0: 3e000000 0b000000 3f000000 0b000000 
00002f00: 38000000 0c000000 39000000 0c000000 
00002f10: 38000000 0d000000 39000000 0d000000 
00002f20: 3a000000 0c000000 3b000000 0c000000 
00002f30: 3a000000 0d000000 3b000000 0d000000 
00002f40: 38000000 0e000000 39000000 0e000000 
00002f50: 38000000 0f000000 39000000 0f000000 
00002f60: 3a000000 0e000000 3b000000 0e000000 
00002f70: 3a000000 0f000000 3b000000 0f000000 
00002f80: 3c000000 0c000000 3d000000 0c000000 
00002f90: 3c000000 0d000000 3d000000 0d000000 
00002fa0: 3e000000 0c000000 3f000000 0c000000 
00002fb0: 3e000000 0d000000 3f000000 0d000000 
00002fc0: 3c000000 0e000000 3d000000 0e000000 
00002fd0: 3c000000 0f000000 3d000000 0f000000 
00002fe0: 3e000000 0e000000 3f000000 0e000000 
00002ff0: 3e000000 0f000000 3f000000 0f000000 
00003000: 20000000 10000000 21000000 10000000 
00003010: 20000000 11000000 21000000 11000000 
00003020: 22000000 10000000 23000000 10000000 
00003030: 22000000 11000000 23000000 11000000 
00003040: 20000000 12000000 21000000 12000000 
00003050: 20000000 13000000 21000000 13000000 
00003060: 22000000 12000000 23000000 12000000 
00003070: 22000000 13000000 23000000 13000000 
00003080: 24000000 10000000 25000000 10000000 
00003090: 24000000 11000000 25000000 11000000 
000030a0: 26000000 10000000 27000000 10000000 
000030b0: 26000000 11000000 27000000 11000000 
000030c0: 24000000 12000000 25000000 12000000 
000030d0: 24000000 13000000 25000000 13000000 
000030e0: 26000000 12000000 27000000 12000000 
000030f0: 26000000 13000000 27000000 13000000 
00003100: 20000000 14000000 21000000 14000000 
00003110: 20000000 15000000 21000000 15000000 
00003120: 22000000 14000000 23000000 14000000 
00003130: 22000000 15000000 23000000 15000000 
00003140: 20000000 16000000 21000000 16000000 
00003150: 20000000 17000000 21000000 17000000 
00003160: 22000000 16000000 23000000 16000000 
00003170: 22000000 17000000 23000000 17000000 
00003180: 24000000 14000000 25000000 14000000 
00003190: 24000000 15000000 25000000 15000000 
000031a0: 26000000 14000000 27000000 14000000 
000031b0: 26000000 15000000 27000000 15000000 
000031c0: 24000000 16000000 25000000 16000000 
000031d0: 24000000 17000000 25000000 17000000 
000031e0: 26000000 16000000 27000000 16000000 
000031f0: 26000000 17000000 27000000 17000000 
00003200: 28000000 10000000 29000000 10000000 
00003210: 28000000 11000000 29000000 11000000 
00003220: 2a000000 10000000 2b000000 10000000 
00003230: 2a000000 11000000 2b000000 11000000 
00003240: 28000000 12000000 29000000 12000000 
00003250: 28000000 13000000 29000000 13000000 
00003260: 2a000000 12000000 2b000000 12000000 
00003270: 2a000000 13000000 2b000000 13000000 
00003280: 2c000000 10000000 2d000000 10000000 
00003290: 2c000000 11000000 2d000000 11000000 
000032a0: 2e000000 10000000 2f000000 10000000 
000032b0: 2e000000 11000000 2f000000 11000000 
000032c0: 2c000000 12000000 2d000000 12000000 
000032d0: 2c000000 13000000 2d000000 13000000 
000032e0: 2e000000 12000000 2f000000 12000000 
000032f0: 2e000000 13000000 2f000000 13000000 
00003300: 28000000 14000000 29000000 14000000 
00003310: 28000000 15000000 29000000 15000000 
00003320: 2a000000 14000000 2b000000 14000000 
00003330: 2a000000 15000000 2b000000 15000000 
00003340: 28000000 16000000 29000000 16000000 
00003350: 28000000 17000000 29000000 17000000 
00003360: 2a000000 16000000 2b000000 16000000 
00003370: 2a000000 17000000 2b000000 17000000 
00003380: 2c000000 14000000 2d000000 14000000 
00003390: 2c000000 15000000 2d000000 15000000 
000033a0: 2e000000 14000000 2f000000 14000000 
000033b0: 2e000000 15000000 2f000000 15000000 
000033c0: 2c000000 16000000 2d000000 16000000 
000033d0: 2c000000 17000000 2d000000 17000000 
000033e0: 2e000000 16000000 2f000000 16000000 
000033f0: 2e000000 17000000 2f000000 17000000 
00003400: 20000000 18000000 21000000 18000000 
00003410: 20000000 19000000 21000000 19000000 
00003420: 22000000 18000000 23000000 18000000 
00003430: 22000000 19000000 23000000 19000000 
00003440: 20000000 1a000000 21000000 1a000000 
00003450: 20000000 1b000000 21000000 1b000000 
00003460: 22000000 1a000000 23000000 1a000000 
00003470: 22000000 1b000000 23000000 1b000000 
00003480: 24000000 18000000 25000000 18000000 
00003490: 24000000 19000000 25000000 19000000 
000034a0: 26000000 18000000 27000000 18000000 
000034b0: 26000000 19000000 27000000 19000000 
000034c0: 24000000 1a000000 25000000 1a000000 
000034d0: 24000000 1b000000 25000000 1b000000 
000034e0: 26000000 1a000000 27000000 1a000000 
000034f0: 26000000 1b000000 27000000 1b000000 
00003500: 20000000 1c000000 21000000 1c000000 
00003510: 20000000 1d000000 21000000 1d000000 
00003520: 22000000 1c000000 23000000 1c000000 
00003530: 22000000 1d000000 23000000 1d000000 
00003540: 20000000 1e000000 21000000 1e000000 
00003550: 20000000 1f000000 21000000 1f000000 
00003560: 22000000 1e000000 23000000 1e000000 
00003570: 22000000 1f000000 23000000 1f000000 
00003580: 24000000 1c000000 25000000 1c000000 
00003590: 24000000 1d000000 25000000 1d000000 
000035a0: 26000000 1c000000 27000000 1c000000 
000035b0: 26000000 1d000000 27000000 1d000000 
000035c0: 24000000 1e000000 25000000 1e000000 
000035d0: 24000000 1f000000 25000000 1f000000 
000035e0: 26000000 1e000000 27000000 1e000000 
000035f0: 26000000 1f000000 27000000 1f000000 
00003600: 28000000 18000000 29000000 18000000 
00003610: 28000000 19000000 29000000 19000000 
00003620: 2a000000 18000000 2b000000 18000000 
00003630: 2a000000 19000000 2b000000 19000000 
00003640: 28000000 1a000000 29000000 1a000000 
00003650: 28000000 1b000000 29000000 1b000000 
00003660: 2a000000 1a000000 2b000000 1a000000 
00003670: 2a000000 1b000000 2b000000 1b000000 
00003680: 2c000000 18000000 2d000000 18000000 
00003690: 2c000000 19000000 2d000000 19000000 
000036a0: 2e000000 18000000 2f000000 18000000 
000036b0: 2e000000 19000000 2f000000 19000000 
000036c0: 2c000000 1a000000 2d000000 1a000000 
000036d0: 2c000000 1b000000 2d000000 1b000000 
000036e0: 2e000000 1a000000 2f000000 1a000000 
000036f0: 2e000000 1b000000 2f000000 1b000000 
00003700: 28000000 1c000000 29000000 1c000000 
00003710: 28000000 1d000000 29000000 1d000000 
00003720: 2a000000 1c000000 2b000000 1c000000 
00003730: 2a000000 1d000000 2b000000 1d000000 
00003740: 28000000 1e000000 29000000 1e000000 
00003750: 28000000 1f000000 29000000 1f000000 
00003760: 2a000000 1e000000 2b000000 1e000000 
00003770: 2a000000 1f000000 2b000000 1f000000 
00003780: 2c000000 1c000000 2d000000 1c000000 
00003790: 2c000000 1d000000 2d000000 1d000000 
000037a0: 2e000000 1c000000 2f000000 1c000000 
000037b0: 2e000000 1d000000 2f000000 1d000000 
000037c0: 2c000000 1e000000 2d000000 1e000000 
000037d0: 2c000000 1f000000 2d000000 1f000000 
000037e0: 2e000000 1e000000 2f000000 1e000000 
000037f0: 2e000000 1f000000 2f000000 1f000000 
00003800: 30000000 10000000 31000000 10000000 
00003810: 30000000 11000000 31000000 11000000 
00003820: 32000000 10000000 33000000 10000000 
00003830: 32000000 11000000 33000000 11000000 
00003840: 30000000 12000000 31000000 12000000 
00003850: 30000000 13000000 31000000 13000000 
00003860: 32000000 12000000 33000000 12000000 
00003870: 32000000 13000000 33000000 13000000 
00003880: 34000000 10000000 35000000 10000000 
00003890: 34000000 11000000 35000000 11000000 
000038a0: 36000000 10000000 37000000 10000000 
000038b0: 36000000 11000000 37000000 11000000 
000038c0: 34000000 12000000 35000000 12000000 
000038d0: 34000000 13000000 35000000 13000000 
000038e0: 36000000 12000000 37000000 12000000 
000038f0: 36000000 13000000 37000000 13000000 
00003900: 30000000 14000000 31000000 14000000 
00003910: 30000000 15000000 31000000 15000000 
00003920: 32000000 14000000 33000000 14000000 
00003930: 32000000 15000000 33000000 15000000 
00003940: 30000000 16000000 31000000 16000000 
00003950: 30000000 17000000 31000000 17000000 
00003960: 32000000 16000000 33000000 16000000 
00003970: 32000000 17000000 33000000 17000000 
00003980: 34000000 14000000 35000000 14000000 
00003990: 34000000 15000000 35000000 15000000 
000039a0: 36000000 14000000 37000000 14000000 
000039b0: 36000000 15000000 37000000 15000000 
000039c0: 34000000 16000000 35000000 16000000 
000039d0: 34000000 17000000 35000000 17000000 
000039e0: 36000000 16000000 37000000 16000000 
000039f0: 36000000 17000000 37000000 17000000 
00003a00: 38000000 10000000 39000000 10000000 
00003a10: 38000000 11000000 39000000 11000000 
00003a20: 3a000000 10000000 3b000000 10000000 
00003a30: 3a000000 11000000 3b000000 11000000 
00003a40: 38000000 12000000 39000000 12000000 
00003a50: 38000000 13000000 39000000 13000000 
00003a60: 3a000000 12000000 3b000000 12000000 
00003a70: 3a000000 13000000 3b000000 13000000 
00003a80: 3c000000 10000000 3d000000 10000000 
00003a90: 3c000000 11000000 3d000000 11000000 
00003aa0: 3e000000 10000000 3f000000 10000000 
00003ab0: 3e000000 11000000 3f000000 11000000 
00003ac0: 3c000000 12000000 3d000000 12000000 
00003ad0: 3c000000 13000000 3d000000 13000000 
00003ae0: 3e000000 12000000 3f000000 12000000 
00003af0: 3e000000 13000000 3f000000 13000000 
00003b00: 38000000 14000000 39000000 14000000 
00003b10: 38000000 15000000 39000000 15000000 
00003b20: 3a000000 14000000 3b000000 14000000 
00003b30: 3a000000 15000000 3b000000 15000000 
00003b40: 38000000 16000000 39000000 16000000 
00003b50: 38000000 17000000 39000000 17000000 
00003b60: 3a000000 16000000 3b000000 16000000 
00003b70: 3a000000 17000000 3b000000 17000000 
00003b80: 3c000000 14000000 3d000000 14000000 
00003b90: 3c000000 15000000 3d000000 15000000 
00003ba0: 3e000000 14000000 3f000000 14000000 
00003bb0: 3e000000 15000000 3f000000 15000000 
00003bc0: 3c000000 16000000 3d000000 16000000 
00003bd0: 3c000000 17000000 3d000000 17000000 
00003be0: 3e000000 16000000 3f000000 16000000 
00003bf0: 3e000000 17000000 3f000000 17000000 
00003c00: 30000000 18000000 31000000 18000000 
00003c10: 30000000 19000000 31000000 19000000 
00003c20: 32000000 18000000 33000000 18000000 
00003c30: 32000000 19000000 33000000 19000000 
00003c40: 30000000 1a000000 31000000 1a000000 
00003c50: 30000000 1b000000 31000000 1b000000 
00003c60: 32000000 1a000000 33000000 1a000000 
00003c70: 32000000 1b000000 33000000 1b000000 
00003c80: 34000000 18000000 35000000 18000000 
00003c90: 34000000 19000000 35000000 19000000 
00003ca0: 36000000 18000000 37000000 18000000 
00003cb0: 36000000 19000000 37000000 19000000 
00003cc0: 34000000 1a000000 35000000 1a000000 
00003cd0: 34000000 1b000000 35000000 1b000000 
00003ce0: 36000000 1a000000 37000000 1a000000 
00003cf0: 36000000 1b000000 37000000 1b000000 
00003d00: 30000000 1c000000 31000000 1c000000 
00003d10: 30000000 1d000000 31000000 1d000000 
00003d20: 32000000 1c000000 33000000 1c000000 
00003d30: 32000000 1d000000 33000000 1d000000 
00003d40: 30000000 1e000000 31000000 1e000000 
00003d50: 30000000 1f000000 31000000 1f000000 
00003d60: 32000000 1e000000 33000000 1e000000 
00003d70: 32000000 1f000000 33000000 1f000000 
00003d80: 34000000 1c000000 35000000 1c000000 
00003d90: 34000000 1d000000 35000000 1d000000 
00003da0: 36000000 1c000000 37000000 1c000000 
00003db0: 36000000 1d000000 37000000 1d000000 
00003dc0: 34000000 1e000000 35000000 1e000000 
00003dd0: 34000000 1f000000 35000000 1f000000 
00003de0: 36000000 1e000000 37000000 1e000000 
00003df0: 36000000 1f000000 37000000 1f000000 
00003e00: 38000000 18000000 39000000 18000000 
00003e10: 38000000 19000000 39000000 19000000 
00003e20: 3a000000 18000000 3b000000 18000000 
00003e30: 3a000000 19000000 3b000000 19000000 
00003e40: 38000000 1a000000 39000000 1a000000 
00003e50: 38000000 1b000000 39000000 1b000000 
00003e60: 3a000000 1a000000 3b000000 1a000000 
00003e70: 3a000000 1b000000 3b000000 1b000000 
00003e80: 3c000000 18000000 3d000000 18000000 
00003e90: 3c000000 19000000 3d000000 19000000 
00003ea0: 3e000000 18000000 3f000000 18000000 
00003eb0: 3e000000 19000000 3f000000 19000000 
00003ec0: 3c000000 1a000000 3d000000 1a000000 
00003ed0: 3c000000 1b000000 3d000000 1b000000 
00003ee0: 3e000000 1a000000 3f000000 1a000000 
00003ef0: 3e000000 1b000000 3f000000 1b000000 
00003f00: 38000000 1c000000 39000000 1c000000 
00003f10: 38000000 1d000000 39000000 1d000000 
00003f20: 3a000000 1c000000 3b000000 1c000000 
00003f30: 3a000000 1d000000 3b000000 1d000000 
00003f40: 38000000 1e000000 39000000 1e000000 
00003f50: 38000000 1f000000 39000000 1f000000 
00003f60: 3a000000 1e000000 3b000000 1e000000 
00003f70: 3a000000 1f000000 3b000000 1f000000 
00003f80: 3c000000 1c000000 3d000000 1c000000 
00003f90: 3c000000 1d000000 3d000000 1d000000 
00003fa0: 3e000000 1c000000 3f000000 1c000000 
00003fb0: 3e000000 1d000000 3f000000 1d000000 
00003fc0: 3c000000 1e000000 3d000000 1e000000 
00003fd0: 3c000000 1f000000 3d000000 1f000000 
00003fe0: 3e000000 1e000000 3f000000 1e000000 
00003ff0: 3e000000 1f000000 3f000000 1f000000 
00004000: 40000000 00000000 41000000 00000000 
00004010: 40000000 01000000 41000000 01000000 
00004020: 42000000 00000000 43000000 00000000 
00004030: 42000000 01000000 43000000 01000000 
00004040: 40000000 02000000 41000000 02000000 
00004050: 40000000 03000000 41000000 03000000 
00004060: 42000000 02000000 43000000 02000000 
00004070: 42000000 03000000 43000000 03000000 
00004080: 44000000 00000000 45000000 00000000 
00004090: 44000000 01000000 45000000 01000000 
000040a0: 46000000 00000000 47000000 00000000 
000040b0: 46000000 01000000 47000000 01000000 
000040c0: 44000000 02000000 45000000 02000000 
000040d0: 44000000 03000000 45000000 03000000 
000040e0: 46000000 02000000 47000000 02000000 
000040f0: 46000000 03000000 47000000 03000000 
00004100: 40000000 04000000 41000000 04000000 
00004110: 40000000 05000000 41000000 05000000 
00004120: 42000000 04000000 43000000 04000000 
00004130: 42000000 05000000 43000000 05000000 
00004140: 40000000 06000000 41000000 06000000 
00004150: 40000000 07000000 41000000 07000000 
00004160: 42000000 06000000 43000000 06000000 
00004170: 42000000 07000000 43000000 07000000 
00004180: 44000000 04000000 45000000 04000000 
00004190: 44000000 05000000 45000000 05000000 
000041a0: 46000000 04000000 47000000 04000000 
000041b0: 46000000 05000000 47000000 05000000 
000041c0: 44000000 06000000 45000000 06000000 
000041d0: 44000000 07000000 45000000 07000000 
000041e0: 46000000 06000000 47000000 06000000 
000041f0: 46000000 07000000 47000000 07000000 
00004200: 48000000 00000000 49000000 00000000 
00004210: 48000000 01000000 49000000 01000000 
00004220: 4a000000 00000000 4b000000 00000000 
00004230: 4a000000 01000000 4b000000 01000000 
00004240: 48000000 02000000 49000000 02000000 
00004250: 48000000 03000000 49000000 03000000 
00004260: 4a000000 02000000 4b000000 02000000 
00004270: 4a000000 03000000 4b000000 03000000 
00004280: 4c000000 00000000 4d000000 00000000 
00004290: 4c000000 01000000 4d000000 01000000 
000042a0: 4e000000 00000000 4f000000 00000000 
000042b0: 4e000000 01000000 4f000000 01000000 
000042c0: 4c000000 02000000 4d000000 02000000 
000042d0: 4c000000 03000000 4d000000 03000000 
000042e0: 4e000000 02000000 4f000000 02000000 
000042f0: 4e000000 03000000 4f000000 03000000 
00004300: 48000000 04000000 49000000 04000000 
00004310: 48000000 05000000 49000000 05000000 
00004320: 4a000000 04000000 4b000000 04000000 
00004330: 4a000000 05000000 4b000000 05000000 
00004340: 48000000 06000000 49000000 06000000 
00004350: 48000000 07000000 49000000 07000000 
00004360: 4a000000 06000000 4b000000 06000000 
00004370: 4a000000 07000000 4b000000 07000000 
00004380: 4c000000 04000000 4d000000 04000000 
00004390: 4c000000 05000000 4d000000 05000000 
000043a0: 4e000000 04000000 4f000000 04000000 
000043b0: 4e000000 05000000 4f000000 05000000 
000043c0: 4c000000 06000000 4d000000 06000000 
000043d0: 4c000000 07000000 4d000000 07000000 
000043e0: 4e000000 06000000 4f000000 06000000 
000043f0: 4e000000 07000000 4f000000 07000000 
00004400: 40000000 08000000 41000000 08000000 
00004410: 40000000 09000000 41000000 09000000 
00004420: 42000000 08000000 43000000 08000000 
00004430: 42000000 09000000 43000000 09000000 
00004440: 40000000 0a000000 41000000 0a000000 
00004450: 40000000 0b000000 41000000 0b000000 
00004460: 42000000 0a000000 43000000 0a000000 
00004470: 42000000 0b000000 43000000 0b000000 
00004480: 44000000 08000000 45000000 08000000 
00004490: 44000000 09000000 45000000 09000000 
000044a0: 46000000 08000000 47000000 08000000 
000044b0: 46000000 09000000 47000000 09000000 
000044c0: 44000000 0a000000 45000000 0a000000 
000044d0: 44000000 0b000000 45000000 0b000000 
000044e0: 46000000 0a000000 47000000 0a000000 
000044f0: 46000000 0b000000 47000000 0b000000 
00004500: 40000000 0c000000 41000000 0c000000 
00004510: 40000000 0d000000 41000000 0d000000 
00004520: 42000000 0c000000 43000000 0c000000 
00004530: 42000000 0d000000 43000000 0d000000 
00004540: 40000000 0e000000 41000000 0e000000 
00004550: 40000000 0f000000 41000000 0f000000 
00004560: 42000000 0e000000 43000000 0e000000 
00004570: 42000000 0f000000 43000000 0f000000 
00004580: 44000000 0c000000 45000000 0c000000 
00004590: 44000000 0d000000 45000000 0d000000 
000045a0: 46000000 0c000000 47000000 0c000000 
000045b0: 46000000 0d000000 47000000 0d000000 
000045c0: 44000000 0e000000 45000000 0e000000 
000045d0: 44000000 0f000000 45000000 0f000000 
000045e0: 46000000 0e000000 47000000 0e000000 
000045f0: 46000000 0f000000 47000000 0f000000 
00004600: 48000000 08000000 49000000 08000000 
00004610: 48000000 09000000 49000000 09000000 
00004620: 4a000000 08000000 4b000000 08000000 
00004630: 4a000000 09000000 4b000000 09000000 
00004640: 48000000 0a000000 49000000 0a000000 
00004650: 48000000 0b000000 49000000 0b000000 
00004660: 4a000000 0a000000 4b000000 0a000000 
00004670: 4a000000 0b000000 4b000000 0b000000 
00004680: 4c000000 08000000 4d000000 08000000 
00004690: 4c000000 09000000 4d000000 09000000 
000046a0: 4e000000 08000000 4f000000 08000000 
000046b0: 4e000000 09000000 4f000000 09000000 
000046c0: 4c000000 0a000000 4d000000 0a000000 
000046d0: 4c000000 0b000000 4d000000 0b000000 
000046e0: 4e000000 0a000000 4f000000 0a000000 
000046f0: 4e000000 0b000000 4f000000 0b000000 
00004700: 48000000 0c000000 49000000 0c000000 
00004710: 48000000 0d000000 49000000 0d000000 
00004720: 4a000000 0c000000 4b000000 0c000000 
00004730: 4a000000 0d000000 4b000000 0d000000 
00004740: 48000000 0e000000 49000000 0e000000 
00004750: 48000000 0f000000 49000000 0f000000 
00004760: 4a000000 0e000000 4b000000 0e000000 
00004770: 4a000000 0f000000 4b000000 0f000000 
00004780: 4c000000 0c000000 4d000000 0c000000 
00004790: 4c000000 0d000000 4d000000 0d000000 
000047a0: 4e000000 0c000000 4f000000 0c000000 
000047b0: 4e000000 0d000000 4f000000 0d000000 
000047c0: 4c000000 0e000000 4d000000 0e000000 
000047d0: 4c000000 0f000000 4d000000 0f000000 
000047e0: 4e000000 0e000000 4f000000 0e000000 
000047f0: 4e000000 0f000000 4f000000 0f000000 
00004800: 50000000 00000000 51000000 00000000 
00004810: 50000000 01000000 51000000 01000000 
00004820: 52000000 00000000 53000000 00000000 
00004830: 52000000 01000000 53000000 01000000 
00004840: 50000000 02000000 51000000 02000000 
00004850: 50000000 03000000 51000000 03000000 
00004860: 52000000 02000000 53000000 02000000 
00004870: 52000000 03000000 53000000 03000000 
00004880: 54000000 00000000 55000000 00000000 
00004890: 54000000 01000000 55000000 01000000 
000048a0: 56000000 00000000 57000000 00000000 
000048b0: 56000000 01000000 57000000 01000000 
000048c0: 54000000 02000000 55000000 02000000 
000048d0: 54000000 03000000 55000000 03000000 
000048e0: 56000000 02000000 57000000 02000000 
000048f0: 56000000 03000000 57000000 03000000 
00004900: 50000000 04000000 51000000 04000000 
00004910: 50000000 05000000 51000000 05000000 
00004920: 52000000 04000000 53000000 04000000 
00004930: 52000000 05000000 53000000 05000000 
00004940: 50000000 06000000 51000000 06000000 
00004950: 50000000 07000000 51000000 07000000 
00004960: 52000000 06000000 53000000 06000000 
00004970: 52000000 07000000 53000000 07000000 
00004980: 54000000 04000000 55000000 04000000 
00004990: 54000000 05000000 55000000 05000000 
000049a0: 56000000 04000000 57000000 04000000 
000049b0: 56000000 05000000 57000000 05000000 
000049c0: 54000000 06000000 55000000 06000000 
000049d0: 54000000 07000000 55000000 07000000 
000049e0: 56000000 06000000 57000000 06000000 
000049f0: 56000000 07000000 57000000 07000000 
00004a00: 58000000 00000000 59000000 00000000 
00004a10: 58000000 01000000 59000000 01000000 
00004a20: 5a000000 00000000 5b000000 00000000 
00004a30: 5a000000 01000000 5b000000 01000000 
00004a40: 58000000 02000000 59000000 02000000 
00004a50: 58000000 03000000 59000000 03000000 
00004a60: 5a000000 02000000 5b000000 02000000 
00004a70: 5a000000 03000000 5b000000 03000000 
00004a80: 5c000000 00000000 5d000000 00000000 
00004a90: 5c000000 01000000 5d000000 01000000 
00004aa0: 5e000000 00000000 5f000000 00000000 
00004ab0: 5e000000 01000000 5f000000 01000000 
00004ac0: 5c000000 02000000 5d000000 02000000 
00004ad0: 5c000000 03000000 5d000000 03000000 
00004ae0: 5e000000 02000000 5f000000 02000000 
00004af0: 5e000000 03000000 5f000000 03000000 
00004b00: 58000000 04000000 59000000 04000000 
00004b10: 58000000 05000000 59000000 05000000 
00004b20: 5a000000 04000000 5b000000 04000000 
00004b30: 5a000000 05000000 5b000000 05000000 
00004b40: 58000000 06000000 59000000 06000000 
00004b50: 58000000 07000000 59000000 07000000 
00004b60: 5a000000 06000000 5b000000 06000000 
00004b70: 5a000000 07000000 5b000000 07000000 
00004b80: 5c000000 04000000 5d000000 04000000 
00004b90: 5c000000 05000000 5d000000 05000000 
00004ba0: 5e000000 04000000 5f000000 04000000 
00004bb0: 5e000000 05000000 5f000000 05000000 
00004bc0: 5c000000 06000000 5d000000 06000000 
00004bd0: 5c000000 07000000 5d000000 07000000 
00004be0: 5e000000 06000000 5f000000 06000000 
00004bf0: 5e000000 07000000 5f000000 07000000 
00004c00: 50000000 08000000 51000000 08000000 
00004c10: 50000000 09000000 51000000 09000000 
00004c20: 52000000 08000000 53000000 08000000 
00004c30: 52000000 09000000 53000000 09000000 
00004c40: 50000000 0a000000 51000000 0a000000 
00004c50: 50000000 0b000000 51000000 0b000000 
00004c60: 52000000 0a000000 53000000 0a000000 
00004c70: 52000000 0b000000 53000000 0b000000 
00004c80: 54000000 08000000 55000000 08000000 
00004c90: 54000000 09000000 55000000 09000000 
00004ca0: 56000000 08000000 57000000 08000000 
00004cb0: 56000000 09000000 57000000 09000000 
00004cc0: 54000000 0a000000 55000000 0a000000 
00004cd0: 54000000 0b000000 55000000 0b000000 
00004ce0: 56000000 0a000000 57000000 0a000000 
00004cf0: 56000000 0b000000 57000000 0b000000 
00004d00: 50000000 0c000000 51000000 0c000000 
00004d10: 50000000 0d000000 51000000 0d000000 
00004d20: 52000000 0c000000 53000000 0c000000 
00004d30: 52000000 0d000000 53000000 0d000000 
00004d40: 50000000 0e000000 51000000 0e000000 
00004d50: 50000000 0f000000 51000000 0f000000 
00004d60: 52000000 0e000000 53000000 0e000000 
00004d70: 52000000 0f000000 53000000 0f000000 
00004d80: 54000000 0c000000 55000000 0c000000 
00004d90: 54000000 0d000000 55000000 0d000000 
00004da0: 56000000 0c000000 57000000 0c000000 
00004db0: 56000000 0d000000 57000000 0d000000 
00004dc0: 54000000 0e000000 55000000 0e000000 
00004dd0: 54000000 0f000000 55000000 0f000000 
00004de0: 56000000 0e000000 57000000 0e000000 
00004df0: 56000000 0f000000 57000000 0f000000 
00004e00: 58000000 08000000 59000000 08000000 
00004e10: 58000000 09000000 59000000 09000000 
00004e20: 5a000000 08000000 5b000000 08000000 
00004e30: 5a000000 09000000 5b000000 09000000 
00004e40: 58000000 0a000000 59000000 0a000000 
00004e50: 58000000 0b000000 59000000 0b000000 
00004e60: 5a000000 0a000000 5b000000 0a000000 
00004e70: 5a000000 0b000000 5b000000 0b000000 
00004e80: 5c000000 08000000 5d000000 08000000 
00004e90: 5c000000 09000000 5d000000 09000000 
00004ea0: 5e000000 08000000 5f000000 08000000 
00004eb0: 5e000000 09000000 5f000000 09000000 
00004ec0: 5c000000 0a000000 5d000000 0a000000 
00004ed0: 5c000000 0b000000 5d000000 0b000000 
00004ee0: 5e000000 0a000000 5f000000 0a000000 
00004ef0: 5e000000 0b000000 5f000000 0b000000 
00004f00: 58000000 0c000000 59000000 0c000000 
00004f10: 58000000 0d000000 59000000 0d000000 
00004f20: 5a000000 0c000000 5b000000 0c000000 
00004f30: 5a000000 0d000000 5b000000 0d000000 
00004f40: 58000000 0e000000 59000000 0e000000 
00004f50: 58000000 0f000000 59000000 0f000000 
00004f60: 5a000000 0e000000 5b000000 0e000000 
00004f70: 5a000000 0f000000 5b000000 0f000000 
00004f80: 5c000000 0c000000 5d000000 0c000000 
00004f90: 5c000000 0d000000 5d000000 0d000000 
00004fa0: 5e000000 0c000000 5f000000 0c000000 
00004fb0: 5e000000 0d000000 5f000000 0d000000 
00004fc0: 5c000000 0e000000 5d000000 0e000000 
00004fd0: 5c000000 0f000000 5d000000 0f000000 
00004fe0: 5e000000 0e000000 5f000000 0e000000 
00004ff0: 5e000000 0f000000 5f000000 0f000000 
00005000: 40000000 10000000 41000000 10000000 
00005010: 40000000 11000000 41000000 11000000 
00005020: 42000000 10000000 43000000 10000000 
00005030: 42000000 11000000 43000000 11000000 
00005040: 40000000 12000000 41000000 12000000 
00005050: 40000000 13000000 41000000 13000000 
00005060: 42000000 12000000 43000000 12000000 
00005070: 42000000 13000000 43000000 13000000 
00005080: 44000000 10000000 45000000 10000000 
00005090: 44000000 11000000 45000000 11000000 
000050a0: 46000000 10000000 47000000 10000000 
000050b0: 46000000 11000000 47000000 11000000 
000050c0: 44000000 12000000 45000000 12000000 
000050d0: 44000000 13000000 45000000 13000000 
000050e0: 46000000 12000000 47000000 12000000 
000050f0: 46000000 13000000 47000000 13000000 
00005100: 40000000 14000000 41000000 14000000 
00005110: 40000000 15000000 41000000 15000000 
00005120: 42000000 14000000 43000000 14000000 
00005130: 42000000 15000000 43000000 15000000 
00005140: 40000000 16000000 41000000 16000000 
00005150: 40000000 17000000 41000000 17000000 
00005160: 42000000 16000000 43000000 16000000 
00005170: 42000000 17000000 43000000 17000000 
00005180: 44000000 14000000 45000000 14000000 
00005190: 44000000 15000000 45000000 15000000 
000051a0: 46000000 14000000 47000000 14000000 
000051b0: 46000000 15000000 47000000 15000000 
000051c0: 44000000 16000000 45000000 16000000 
000051d0: 44000000 17000000 45000000 17000000 
000051e0: 46000000 16000000 47000000 16000000 
000051f0: 46000000 17000000 47000000 17000000 
00005200: 48000000 10000000 49000000 10000000 
00005210: 48000000 11000000 49000000 11000000 
00005220: 4a000000 10000000 4b000000 10000000 
00005230: 4a000000 11000000 4b000000 11000000 
00005240: 48000000 12000000 49000000 12000000 
00005250: 48000000 13000000 49000000 13000000 
00005260: 4a000000 12000000 4b000000 12000000 
00005270: 4a000000 13000000 4b000000 13000000 
00005280: 4c000000 10000000 4d000000 10000000 
00005290: 4c000000 11000000 4d000000 11000000 
000052a0: 4e000000 10000000 4f000000 10000000 
000052b0: 4e000000 11000000 4f000000 11000000 
000052c0: 4c000000 12000000 4d000000 12000000 
000052d0: 4c000000 13000000 4d000000 13000000 
000052e0: 4e000000 12000000 4f000000 12000000 
000052f0: 4e000000 13000000 4f000000 13000000 
00005300: 48000000 14000000 49000000 14000000 
00005310: 48000000 15000000 49000000 15000000 
00005320: 4a000000 14000000 4b000000 14000000 
00005330: 4a000000 15000000 4b000000 15000000 
00005340: 48000000 16000000 49000000 16000000 
00005350: 48000000 17000000 49000000 17000000 
00005360: 4a000000 16000000 4b000000 16000000 
00005370: 4a000000 17000000 4b000000 17000000 
00005380: 4c000000 14000000 4d000000 14000000 
00005390: 4c000000 15000000 4d000000 15000000 
000053a0: 4e000000 14000000 4f000000 14000000 
000053b0: 4e000000 15000000 4f000000 15000000 
000053c0: 4c000000 16000000 4d000000 16000000 
000053d0: 4c000000 17000000 4d000000 17000000 
000053e0: 4e000000 16000000 4f000000 16000000 
000053f0: 4e000000 17000000 4f000000 17000000 
00005400: 40000000 18000000 41000000 18000000 
00005410: 40000000 19000000 41000000 19000000 
00005420: 42000000 18000000 43000000 18000000 
00005430: 42000000 19000000 43000000 19000000 
00005440: 40000000 1a000000 41000000 1a000000 
00005450: 40000000 1b000000 41000000 1b000000 
00005460: 42000000 1a000000 43000000 1a000000 
00005470: 42000000 1b000000 43000000 1b000000 
00005480: 44000000 18000000 45000000 18000000 
00005490: 44000000 19000000 45000000 19000000 
000054a0: 46000000 18000000 47000000 18000000 
000054b0: 46000000 19000000 47000000 19000000 
000054c0: 44000000 1a000000 45000000 1a000000 
000054d0: 44000000 1b000000 45000000 1b000000 
000054e0: 46000000 1a000000 47000000 1a000000 
000054f0: 46000000 1b000000 47000000 1b000000 
00005500: 40000000 1c000000 41000000 1c000000 
00005510: 40000000 1d000000 41000000 1d000000 
00005520: 42000000 1c000000 43000000 1c000000 
00005530: 42000000 1d000000 43000000 1d000000 
00005540: 40000000 1e000000 41000000 1e000000 
00005550: 40000000 1f000000 41000000 1f000000 
00005560: 42000000 1e000000 43000000 1e000000 
00005570: 42000000 1f000000 43000000 1f000000 
00005580: 44000000 1c000000 45000000 1c000000 
00005590: 44000000 1d000000 45000000 1d000000 
000055a0: 46000000 1c000000 47000000 1c000000 
000055b0: 46000000 1d000000 47000000 1d000000 
000055c0: 44000000 1e000000 45000000 1e000000 
000055d0: 44000000 1f000000 45000000 1f000000 
000055e0: 46000000 1e000000 47000000 1e000000 
000055f0: 46000000 1f000000 47000000 1f000000 
00005600: 48000000 18000000 49000000 18000000 
00005610: 48000000 19000000 49000000 19000000 
00005620: 4a000000 18000000 4b000000 18000000 
00005630: 4a000000 19000000 4b000000 19000000 
00005640: 48000000 1a000000 49000000 1a000000 
00005650: 48000000 1b000000 49000000 1b000000 
00005660: 4a000000 1a000000 4b000000 1a000000 
00005670: 4a000000 1b000000 4b000000 1b000000 
00005680: 4c000000 18000000 4d000000 18000000 
00005690: 4c000000 19000000 4d000000 19000000 
000056a0: 4e000000 18000000 4f000000 18000000 
000056b0: 4e000000 19000000 4f000000 19000000 
000056c0: 4c000000 1a000000 4d000000 1a000000 
000056d0: 4c000000 1b000000 4d000000 1b000000 
000056e0: 4e000000 1a000000 4f000000 1a000000 
000056f0: 4e000000 1b000000 4f000000 1b000000 
00005700: 48000000 1c000000 49000000 1c000000 
00005710: 48000000 1d000000 49000000 1d000000 
00005720: 4a000000 1c000000 4b000000 1c000000 
00005730: 4a000000 1d000000 4b000000 1d000000 
00005740: 48000000 1e000000 49000000 1e000000 
00005750: 48000000 1f000000 49000000 1f000000 
00005760: 4a000000 1e000000 4b000000 1e000000 
00005770: 4a000000 1f000000 4b000000 1f000000 
00005780: 4c000000 1c000000 4d000000 1c000000 
00005790: 4c000000 1d000000 4d000000 1d000000 
000057a0: 4e000000 1c000000 4f000000 1c000000 
000057b0: 4e000000 1d000000 4f000000 1d000000 
000057c0: 4c000000 1e000000 4d000000 1e000000 
000057d0: 4c000000 1f000000 4d000000 1f000000 
000057e0: 4e000000 1e000000 4f000000 1e000000 
000057f0: 4e000000 1f000000 4f000000 1f000000 
00005800: 50000000 10000000 51000000 10000000 
00005810: 50000000 11000000 51000000 11000000 
00005820: 52000000 10000000 53000000 10000000 
00005830: 52000000 11000000 53000000 11000000 
00005840: 50000000 12000000 51000000 12000000 
00005850: 50000000 13000000 51000000 13000000 
00005860: 52000000 12000000 53000000 12000000 
00005870: 52000000 13000000 53000000 13000000 
00005880: 54000000 10000000 55000000 10000000 
00005890: 54000000 11000000 55000000 11000000 
000058a0: 56000000 10000000 57000000 10000000 
000058b0: 56000000 11000000 57000000 11000000 
000058c0: 54000000 12000000 55000000 12000000 
000058d0: 54000000 13000000 55000000 13000000 
000058e0: 56000000 12000000 57000000 12000000 
000058f0: 56000000 13000000 57000000 13000000 
00005900: 50000000 14000000 51000000 14000000 
00005910: 50000000 15000000 51000000 15000000 
00005920: 52000000 14000000 53000000 14000000 
00005930: 52000000 15000000 53000000 15000000 
00005940: 50000000 16000000 51000000 16000000 
00005950: 50000000 17000000 51000000 17000000 
00005960: 52000000 16000000 53000000 16000000 
00005970: 52000000 17000000 53000000 17000000 
00005980: 54000000 14000000 55000000 14000000 
00005990: 54000000 15000000 55000000 15000000 
000059a0: 56000000 14000000 57000000 14000000 
000059b0: 56000000 15000000 57000000 15000000 
000059c0: 54000000 16000000 55000000 16000000 
000059d0: 54000000 17000000 55000000 17000000 
000059e0: 56000000 16000000 57000000 16000000 
000059f0: 56000000 17000000 57000000 17000000 
00005a00: 58000000 10000000 59000000 10000000 
00005a10: 58000000 11000000 59000000 11000000 
00005a20: 5a000000 10000000 5b000000 10000000 
00005a30: 5a000000 11000000 5b000000 11000000 
00005a40: 58000000 12000000 59000000 12000000 
00005a50: 58000000 13000000 59000000 13000000 
00005a60: 5a000000 12000000 5b000000 12000000 
00005a70: 5a000000 13000000 5b000000 13000000 
00005a80: 5c000000 10000000 5d000000 10000000 
00005a90: 5c000000 11000000 5d000000 11000000 
00005aa0: 5e000000 10000000 5f000000 10000000 
00005ab0: 5e000000 11000000 5f000000 11000000 
00005ac0: 5c000000 12000000 5d000000 12000000 
00005ad0: 5c000000 13000000 5d000000 13000000 
00005ae0: 5e000000 12000000 5f000000 12000000 
00005af0: 5e000000 13000000 5f000000 13000000 
00005b00: 58000000 14000000 59000000 14000000 
00005b10: 58000000 15000000 59000000 15000000 
00005b20: 5a000000 14000000 5b000000 14000000 
00005b30: 5a000000 15000000 5b000000 15000000 
00005b40: 58000000 16000000 59000000 16000000 
00005b50: 58000000 17000000 59000000 17000000 
00005b60: 5a000000 16000000 5b000000 16000000 
00005b70: 5a000000 17000000 5b000000 17000000 
00005b80: 5c000000 14000000 5d000000 14000000 
00005b90: 5c000000 15000000 5d000000 15000000 
00005ba0: 5e000000 14000000 5f000000 14000000 
00005bb0: 5e000000 15000000 5f000000 15000000 
00005bc0: 5c000000 16000000 5d000000 16000000 
00005bd0: 5c000000 17000000 5d000000 17000000 
00005be0: 5e000000 16000000 5f000000 16000000 
00005bf0: 5e000000 17000000 5f000000 17000000 
00005c00: 50000000 18000000 51000000 18000000 
00005c10: 50000000 19000000 51000000 19000000 
00005c20: 52000000 18000000 53000000 18000000 
00005c30: 52000000 19000000 53000000 19000000 
00005c40: 50000000 1a000000 51000000 1a000000 
00005c50: 50000000 1b000000 51000000 1b000000 
00005c60: 52000000 1a000000 53000000 1a000000 
00005c70: 52000000 1b000000 53000000 1b000000 
00005c80: 54000000 18000000 55000000 18000000 
00005c90: 54000000 19000000 55000000 19000000 
00005ca0: 56000000 18000000 57000000 18000000 
00005cb0: 56000000 19000000 57000000 19000000 
00005cc0: 54000000 1a000000 55000000 1a000000 
00005cd0: 54000000 1b000000 55000000 1b000000 
00005ce0: 56000000 1a000000 57000000 1a000000 
00005cf0: 56000000 1b000000 57000000 1b000000 
00005d00: 50000000 1c000000 51000000 1c000000 
00005d10: 50000000 1d000000 51000000 1d000000 
00005d20: 52000000 1c000000 53000000 1c000000 
00005d30: 52000000 1d000000 53000000 1d000000 
00005d40: 50000000 1e000000 51000000 1e000000 
00005d50: 50000000 1f000000 51000000 1f000000 
00005d60: 52000000 1e000000 53000000 1e000000 
00005d70: 52000000 1f000000 53000000 1f000000 
00005d80: 54000000 1c000000 55000000 1c000000 
00005d90: 54000000 1d000000 55000000 1d000000 
00005da0: 56000000 1c000000 57000000 1c000000 
00005db0: 56000000 1d000000 57000000 1d000000 
00005dc0: 54000000 1e000000 55000000 1e000000 
00005dd0: 54000000 1f000000 55000000 1f000000 
00005de0: 56000000 1e000000 57000000 1e000000 
00005df0: 56000000 1f000000 57000000 1f000000 
00005e00: 58000000 18000000 59000000 18000000 
00005e10: 58000000 19000000 59000000 19000000 
00005e20: 5a000000 18000000 5b000000 18000000 
00005e30: 5a000000 19000000 5b000000 19000000 
00005e40: 58000000 1a000000 59000000 1a000000 
00005e50: 58000000 1b000000 59000000 1b000000 
00005e60: 5a000000 1a000000 5b000000 1a000000 
00005e70: 5a000000 1b000000 5b000000 1b000000 
00005e80: 5c000000 18000000 5d000000 18000000 
00005e90: 5c000000 19000000 5d000000 19000000 
00005ea0: 5e000000 18000000 5f000000 18000000 
00005eb0: 5e000000 19000000 5f000000 19000000 
00005ec0: 5c000000 1a000000 5d000000 1a000000 
00005ed0: 5c000000 1b000000 5d000000 1b000000 
00005ee0: 5e000000 1a000000 5f000000 1a000000 
00005ef0: 5e000000 1b000000 5f000000 1b000000 
00005f00: 58000000 1c000000 59000000 1c000000 
00005f10: 58000000 1d000000 59000000 1d000000 
00005f20: 5a000000 1c000000 5b000000 1c000000 
00005f30: 5a000000 1d000000 5b000000 1d000000 
00005f40: 58000000 1e000000 59000000 1e000000 
00005f50: 58000000 1f000000 59000000 1f000000 
00005f60: 5a000000 1e000000 5b000000 1e000000 
00005f70: 5a000000 1f000000 5b000000 1f000000 
00005f80: 5c000000 1c000000 5d000000 1c000000 
00005f90: 5c000000 1d000000 5d000000 1d000000 
00005fa0: 5e000000 1c000000 5f000000 1c000000 
00005fb0: 5e000000 1d000000 5f000000 1d000000 
00005fc0: 5c000000 1e000000 5d000000 1e000000 
00005fd0: 5c000000 1f000000 5d000000 1f000000 
00005fe0: 5e000000 1e000000 5f000000 1e000000 
00005ff0: 5e000000 1f000000 5f000000 1f000000 
00006000: 60000000 00000000 61000000 00000000 
00006010: 60000000 01000000 61000000 01000000 
00006020: 62000000 00000000 63000000 00000000 
00006030: 62000000 01000000 63000000 01000000 
00006040: 60000000 02000000 61000000 02000000 
00006050: 60000000 03000000 61000000 03000000 
00006060: 62000000 02000000 63000000 02000000 
00006070: 62000000 03000000 63000000 03000000 
00006080: 64000000 00000000 65000000 00000000 
00006090: 64000000 01000000 65000000 01000000 
000060a0: 66000000 00000000 67000000 00000000 
000060b0: 66000000 01000000 67000000 01000000 
000060c0: 64000000 02000000 65000000 02000000 
000060d0: 64000000 03000000 65000000 03000000 
000060e0: 66000000 02000000 67000000 02000000 
000060f0: 66000000 03000000 67000000 03000000 
00006100: 60000000 04000000 61000000 04000000 
00006110: 60000000 05000000 61000000 05000000 
00006120: 62000000 04000000 63000000 04000000 
00006130: 62000000 05000000 63000000 05000000 
00006140: 60000000 06000000 61000000 06000000 
00006150: 60000000 07000000 61000000 07000000 
00006160: 62000000 06000000 63000000 06000000 
00006170: 62000000 07000000 63000000 07000000 
00006180: 64000000 04000000 65000000 04000000 
00006190: 64000000 05000000 65000000 05000000 
000061a0: 66000000 04000000 67000000 04000000 
000061b0: 66000000 05000000 67000000 05000000 
000061c0: 64000000 06000000 65000000 06000000 
000061d0: 64000000 07000000 65000000 07000000 
000061e0: 66000000 06000000 67000000 06000000 
000061f0: 66000000 07000000 67000000 07000000 
00006200: 68000000 00000000 69000000 00000000 
00006210: 68000000 01000000 69000000 01000000 
00006220: 6a000000 00000000 6b000000 00000000 
00006230: 6a000000 01000000 6b000000 01000000 
00006240: 68000000 02000000 69000000 02000000 
00006250: 68000000 03000000 69000000 03000000 
00006260: 6a000000 02000000 6b000000 02000000 
00006270: 6a000000 03000000 6b000000 03000000 
00006280: 6c000000 00000000 6d000000 00000000 
00006290: 6c000000 01000000 6d000000 01000000 
000062a0: 6e000000 00000000 6f000000 00000000 
000062b0: 6e000000 01000000 6f000000 01000000 
000062c0: 6c000000 02000000 6d000000 02000000 
000062d0: 6c000000 03000000 6d000000 03000000 
000062e0: 6e000000 02000000 6f000000 02000000 
000062f0: 6e000000 03000000 6f000000 03000000 
00006300: 68000000 04000000 69000000 04000000 
00006310: 68000000 05000000 69000000 05000000 
00006320: 6a000000 04000000 6b000000 04000000 
00006330: 6a000000 05000000 6b000000 05000000 
00006340: 68000000 06000000 69000000 06000000 
00006350: 68000000 07000000 69000000 07000000 
00006360: 6a000000 06000000 6b000000 06000000 
00006370: 6a000000 07000000 6b000000 07000000 
00006380: 6c000000 04000000 6d000000 04000000 
00006390: 6c000000 05000000 6d000000 05000000 
000063a0: 6e000000 04000000 6f000000 04000000 
000063b0: 6e000000 05000000 6f000000 05000000 
000063c0: 6c000000 06000000 6d000000 06000000 
000063d0: 6c000000 07000000 6d000000 07000000 
000063e0: 6e000000 06000000 6f000000 06000000 
000063f0: 6e000000 07000000 6f000000 07000000 
00006400: 60000000 08000000 61000000 08000000 
00006410: 60000000 09000000 61000000 09000000 
00006420: 62000000 08000000 63000000 08000000 
00006430: 62000000 09000000 63000000 09000000 
00006440: 60000000 0a000000 61000000 0a000000 
00006450: 60000000 0b000000 61000000 0b000000 
00006460: 62000000 0a000000 63000000 0a000000 
00006470: 62000000 0b000000 63000000 0b000000 
00006480: 64000000 08000000 65000000 08000000 
00006490: 64000000 09000000 65000000 09000000 
000064a0: 66000000 08000000 67000000 08000000 
000064b0: 66000000 09000000 67000000 09000000 
000064c0: 64000000 0a000000 65000000 0a000000 
000064d0: 64000000 0b000000 65000000 0b000000 
000064e0: 66000000 0a000000 67000000 0a000000 
000064f0: 66000000 0b000000 67000000 0b000000 
00006500: 60000000 0c000000 61000000 0c000000 
00006510: 60000000 0d000000 61000000 0d000000 
00006520: 62000000 0c000000 63000000 0c000000 
00006530: 62000000 0d000000 63000000 0d000000 
00006540: 60000000 0e000000 61000000 0e000000 
00006550: 60000000 0f000000 61000000 0f000000 
00006560: 62000000 0e000000 63000000 0e000000 
00006570: 62000000 0f000000 63000000 0f000000 
00006580: 64000000 0c000000 65000000 0c000000 
00006590: 64000000 0d000000 65000000 0d000000 
000065a0: 66000000 0c000000 67000000 0c000000 
000065b0: 66000000 0d000000 67000000 0d000000 
000065c0: 64000000 0e000000 65000000 0e000000 
000065d0: 64000000 0f000000 65000000 0f000000 
000065e0: 66000000 0e000000 67000000 0e000000 
000065f0: 66000000 0f000000 67000000 0f000000 
00006600: 68000000 08000000 69000000 08000000 
00006610: 68000000 09000000 69000000 09000000 
00006620: 6a000000 08000000 6b000000 08000000 
00006630: 6a000000 09000000 6b000000 09000000 
00006640: 68000000 0a000000 69000000 0a000000 
00006650: 68000000 0b000000 69000000 0b000000 
00006660: 6a000000 0a000000 6b000000 0a000000 
00006670: 6a000000 0b000000 6b000000 0b000000 
00006680: 6c000000 08000000 6d000000 08000000 
00006690: 6c000000 09000000 6d000000 09000000 
000066a0: 6e000000 08000000 6f000000 08000000 
000066b0: 6e000000 09000000 6f000000 09000000 
000066c0: 6c000000 0a000000 6d000000 0a000000 
000066d0: 6c000000 0b000000 6d000000 0b000000 
000066e0: 6e000000 0a000000 6f000000 0a000000 
000066f0: 6e000000 0b000000 6f000000 0b000000 
00006700: 68000000 0c000000 69000000 0c000000 
00006710: 68000000 0d000000 69000000 0d000000 
00006720: 6a000000 0c000000 6b000000 0c000000 
00006730: 6a000000 0d000000 6b000000 0d000000 
00006740: 68000000 0e000000 69000000 0e000000 
00006750: 68000000 0f000000 69000000 0f000000 
00006760: 6a000000 0e000000 6b000000 0e000000 
00006770: 6a000000 0f000000 6b000000 0f000000 
00006780: 6c000000 0c000000 6d000000 0c000000 
00006790: 6c000000 0d000000 6d000000 0d000000 
000067a0: 6e000000 0c000000 6f000000 0c000000 
000067b0: 6e000000 0d000000 6f000000 0d000000 
000067c0: 6c000000 0e000000 6d000000 0e000000 
000067d0: 6c000000 0f000000 6d000000 0f000000 
000067e0: 6e000000 0e000000 6f000000 0e000000 
000067f0: 6e000000 0f000000 6f000000 0f000000 
00006800: 70000000 00000000 71000000 00000000 
00006810: 70000000 01000000 71000000 01000000 
00006820: 72000000 00000000 73000000 00000000 
00006830: 72000000 01000000 73000000 01000000 
00006840: 70000000 02000000 71000000 02000000 
00006850: 70000000 03000000 71000000 03000000 
00006860: 72000000 02000000 73000000 02000000 
00006870: 72000000 03000000 73000000 03000000 
00006880: 74000000 00000000 75000000 00000000 
00006890: 74000000 01000000 75000000 01000000 
000068a0: 76000000 00000000 77000000 00000000 
000068b0: 76000000 01000000 77000000 01000000 
000068c0: 74000000 02000000 75000000 02000000 
000068d0: 74000000 03000000 75000000 03000000 
000068e0: 76000000 02000000 77000000 02000000 
000068f0: 76000000 03000000 77000000 03000000 
00006900: 70000000 04000000 71000000 04000000 
00006910: 70000000 05000000 71000000 05000000 
00006920: 72000000 04000000 73000000 04000000 
00006930: 72000000 05000000 73000000 05000000 
00006940: 70000000 06000000 71000000 06000000 
00006950: 70000000 07000000 71000000 07000000 
00006960: 72000000 06000000 73000000 06000000 
00006970: 72000000 07000000 73000000 07000000 
00006980: 74000000 04000000 75000000 04000000 
00006990: 74000000 05000000 75000000 05000000 
000069a0: 76000000 04000000 77000000 04000000 
000069b0: 76000000 05000000 77000000 05000000 
000069c0: 74000000 06000000 75000000 06000000 
000069d0: 74000000 07000000 75000000 07000000 
000069e0: 76000000 06000000 77000000 06000000 
000069f0: 76000000 07000000 77000000 07000000 
00006a00: 78000000 00000000 79000000 00000000 
00006a10: 78000000 01000000 79000000 01000000 
00006a20: 7a000000 00000000 7b000000 00000000 
00006a30: 7a000000 01000000 7b000000 01000000 
00006a40: 78000000 02000000 79000000 02000000 
00006a50: 78000000 03000000 79000000 03000000 
00006a60: 7a000000 02000000 7b000000 02000000 
00006a70: 7a000000 03000000 7b000000 03000000 
00006a80: 7c000000 00000000 7d000000 00000000 
00006a90: 7c000000 01000000 7d000000 01000000 
00006aa0: 7e000000 00000000 7f000000 00000000 
00006ab0: 7e000000 01000000 7f000000 01000000 
00006ac0: 7c000000 02000000 7d000000 02000000 
00006ad0: 7c000000 03000000 7d000000 03000000 
00006ae0: 7e000000 02000000 7f000000 02000000 
00006af0: 7e000000 03000000 7f000000 03000000 
00006b00: 78000000 04000000 79000000 04000000 
00006b10: 78000000 05000000 79000000 05000000 
00006b20: 7a000000 04000000 7b000000 04000000 
00006b30: 7a000000 05000000 7b000000 05000000 
00006b40: 78000000 06000000 79000000 06000000 
00006b50: 78000000 07000000 79000000 07000000 
00006b60: 7a000000 06000000 7b000000 06000000 
00006b70: 7a000000 07000000 7b000000 07000000 
00006b80: 7c000000 04000000 7d000000 04000000 
00006b90: 7c000000 05000000 7d000000 05000000 
00006ba0: 7e000000 04000000 7f000000 04000000 
00006bb0: 7e000000 05000000 7f000000 05000000 
00006bc0: 7c000000 06000000 7d000000 06000000 
00006bd0: 7c000000 07000000 7d000000 07000000 
00006be0: 7e000000 06000000 7f000000 06000000 
00006bf0: 7e000000 07000000 7f000000 07000000 
00006c00: 70000000 08000000 71000000 08000000 
00006c10: 70000000 09000000 71000000 09000000 
00006c20: 72000000 08000000 73000000 08000000 
00006c30: 72000000 09000000 73000000 09000000 
00006c40: 70000000 0a000000 71000000 0a000000 
00006c50: 70000000 0b000000 71000000 0b000000 
00006c60: 72000000 0a000000 73000000 0a000000 
00006c70: 72000000 0b000000 73000000 0b000000 
00006c80: 74000000 08000000 75000000 08000000 
00006c90: 74000000 09000000 75000000 09000000 
00006ca0: 76000000 08000000 77000000 08000000 
00006cb0: 76000000 09000000 77000000 09000000 
00006cc0: 74000000 0a000000 75000000 0a000000 
00006cd0: 74000000 0b000000 75000000 0b000000 
00006ce0: 76000000 0a000000 77000000 0a000000 
00006cf0: 76000000 0b000000 77000000 0b000000 
00006d00: 70000000 0c000000 71000000 0c000000 
00006d10: 70000000 0d000000 71000000 0d000000 
00006d20: 72000000 0c000000 73000000 0c000000 
00006d30: 72000000 0d000000 73000000 0d000000 
00006d40: 70000000 0e000000 71000000 0e000000 
00006d50: 70000000 0f000000 71000000 0f000000 
00006d60: 72000000 0e000000 73000000 0e000000 
00006d70: 72000000 0f000000 73000000 0f000000 
00006d80: 74000000 0c000000 75000000 0c000000 
00006d90: 74000000 0d000000 75000000 0d000000 
00006da0: 76000000 0c000000 77000000 0c000000 
00006db0: 76000000 0d000000 77000000 0d000000 
00006dc0: 74000000 0e000000 75000000 0e000000 
00006dd0: 74000000 0f000000 75000000 0f000000 
00006de0: 76000000 0e000000 77000000 0e000000 
00006df0: 76000000 0f000000 77000000 0f000000 
00006e00: 78000000 08000000 79000000 08000000 
00006e10: 78000000 09000000 79000000 09000000 
00006e20: 7a000000 08000000 7b000000 08000000 
00006e30: 7a000000 09000000 7b000000 09000000 
00006e40: 78000000 0a000000 79000000 0a000000 
00006e50: 78000000 0b000000 79000000 0b000000 
00006e60: 7a000000 0a000000 7b000000 0a000000 
00006e70: 7a000000 0b000000 7b000000 0b000000 
00006e80: 7c000000 08000000 7d000000 08000000 
00006e90: 7c000000 09000000 7d000000 09000000 
00006ea0: 7e000000 08000000 7f000000 08000000 
00006eb0: 7e000000 09000000 7f000000 09000000 
00006ec0: 7c000000 0a000000 7d000000 0a000000 
00006ed0: 7c000000 0b000000 7d000000 0b000000 
00006ee0: 7e000000 0a000000 7f000000 0a000000 
00006ef0: 7e000000 0b000000 7f000000 0b000000 
00006f00: 78000000 0c000000 79000000 0c000000 
00006f10: 78000000 0d000000 79000000 0d000000 
00006f20: 7a000000 0c000000 7b000000 0c000000 
00006f30: 7a000000 0d000000 7b000000 0d000000 
00006f40: 78000000 0e000000 79000000 0e000000 
00006f50: 78000000 0f000000 79000000 0f000000 
00006f60: 7a000000 0e000000 7b000000 0e000000 
00006f70: 7a000000 0f000000 7b000000 0f000000 
00006f80: 7c000000 0c000000 7d000000 0c000000 
00006f90: 7c000000 0d000000 7d000000 0d000000 
00006fa0: 7e000000 0c000000 7f000000 0c000000 
00006fb0: 7e000000 0d000000 7f000000 0d000000 
00006fc0: 7c000000 0e000000 7d000000 0e000000 
00006fd0: 7c000000 0f000000 7d000000 0f000000 
00006fe0: 7e000000 0e000000 7f000000 0e000000 
00006ff0: 7e000000 0f000000 7f000000 0f000000 
00007000: 60000000 10000000 61000000 10000000 
00007010: 60000000 11000000 61000000 11000000 
00007020: 62000000 10000000 63000000 10000000 
00007030: 62000000 11000000 63000000 11000000 
00007040: 60000000 12000000 61000000 12000000 
00007050: 60000000 13000000 61000000 13000000 
00007060: 62000000 12000000 63000000 12000000 
00007070: 62000000 13000000 63000000 13000000 
00007080: 64000000 10000000 65000000 10000000 
00007090: 64000000 11000000 65000000 11000000 
000070a0: 66000000 10000000 67000000 10000000 
000070b0: 66000000 11000000 67000000 11000000 
000070c0: 64000000 12000000 65000000 12000000 
000070d0: 64000000 13000000 65000000 13000000 
000070e0: 66000000 12000000 67000000 12000000 
000070f0: 66000000 13000000 67000000 13000000 
00007100: 60000000 14000000 61000000 14000000 
00007110: 60000000 15000000 61000000 15000000 
00007120: 62000000 14000000 63000000 14000000 
00007130: 62000000 15000000 63000000 15000000 
00007140: 60000000 16000000 61000000 16000000 
00007150: 60000000 17000000 61000000 17000000 
00007160: 62000000 16000000 63000000 16000000 
00007170: 62000000 17000000 63000000 17000000 
00007180: 64000000 14000000 65000000 14000000 
00007190: 64000000 15000000 65000000 15000000 
000071a0: 66000000 14000000 67000000 14000000 
000071b0: 66000000 15000000 67000000 15000000 
000071c0: 64000000 16000000 65000000 16000000 
000071d0: 64000000 17000000 65000000 17000000 
000071e0: 66000000 16000000 67000000 16000000 
000071f0: 66000000 17000000 67000000 17000000 
00007200: 68000000 10000000 69000000 10000000 
00007210: 68000000 11000000 69000000 11000000 
00007220: 6a000000 10000000 6b000000 10000000 
00007230: 6a000000 11000000 6b000000 11000000 
00007240: 68000000 12000000 69000000 12000000 
00007250: 68000000 13000000 69000000 13000000 
00007260: 6a000000 12000000 6b000000 12000000 
00007270: 6a000000 13000000 6b000000 13000000 
00007280: 6c000000 10000000 6d000000 10000000 
00007290: 6c000000 11000000 6d000000 11000000 
000072a0: 6e000000 10000000 6f000000 10000000 
000072b0: 6e000000 11000000 6f000000 11000000 
000072c0: 6c000000 12000000 6d000000 12000000 
000072d0: 6c000000 13000000 6d000000 13000000 
000072e0: 6e000000 12000000 6f000000 12000000 
000072f0: 6e000000 13000000 6f000000 13000000 
00007300: 68000000 14000000 69000000 14000000 
00007310: 68000000 15000000 69000000 15000000 
00007320: 6a000000 14000000 6b000000 14000000 
00007330: 6a000000 15000000 6b000000 15000000 
00007340: 68000000 16000000 69000000 16000000 
00007350: 68000000 17000000 69000000 17000000 
00007360: 6a000000 16000000 6b000000 16000000 
00007370: 6a000000 17000000 6b000000 17000000 
00007380: 6c000000 14000000 6d000000 14000000 
00007390: 6c000000 15000000 6d000000 15000000 
000073a0: 6e000000 14000000 6f000000 14000000 
000073b0: 6e000000 15000000 6f000000 15000000 
000073c0: 6c000000 16000000 6d000000 16000000 
000073d0: 6c000000 17000000 6d000000 17000000 
000073e0: 6e000000 16000000 6f000000 16000000 
000073f0: 6e000000 17000000 6f000000 17000000 
00007400: 60000000 18000000 61000000 18000000 
00007410: 60000000 19000000 61000000 19000000 
00007420: 62000000 18000000 63000000 18000000 
00007430: 62000000 19000000 63000000 19000000 
00007440: 60000000 1a000000 61000000 1a000000 
00007450: 60000000 1b000000 61000000 1b000000 
00007460: 62000000 1a000000 63000000 1a000000 
00007470: 62000000 1b000000 63000000 1b000000 
00007480: 64000000 18000000 65000000 18000000 
00007490: 64000000 19000000 65000000 19000000 
000074a0: 66000000 18000000 67000000 18000000 
000074b0: 66000000 19000000 67000000 19000000 
000074c0: 64000000 1a000000 65000000 1a000000 
000074d0: 64000000 1b000000 65000000 1b000000 
000074e0: 66000000 1a000000 67000000 1a000000 
000074f0: 66000000 1b000000 67000000 1b000000 
00007500: 60000000 1c000000 61000000 1c000000 
00007510: 60000000 1d000000 61000000 1d000000 
00007520: 62000000 1c000000 63000000 1c000000 
00007530: 62000000 1d000000 63000000 1d000000 
00007540: 60000000 1e000000 61000000 1e000000 
00007550: 60000000 1f000000 61000000 1f000000 
00007560: 62000000 1e000000 63000000 1e000000 
00007570: 62000000 1f000000 63000000 1f000000 
00007580: 64000000 1c000000 65000000 1c000000 
00007590: 64000000 1d000000 65000000 1d000000 
000075a0: 66000000 1c000000 67000000 1c000000 
000075b0: 66000000 1d000000 67000000 1d000000 
000075c0: 64000000 1e000000 65000000 1e000000 
000075d0: 64000000 1f000000 65000000 1f000000 
000075e0: 66000000 1e000000 67000000 1e000000 
000075f0: 66000000 1f000000 67000000 1f000000 
00007600: 68000000 18000000 69000000 18000000 
00007610: 68000000 19000000 69000000 19000000 
00007620: 6a000000 18000000 6b000000 18000000 
00007630: 6a000000 19000000 6b000000 19000000 
00007640: 68000000 1a000000 69000000 1a000000 
00007650: 68000000 1b000000 69000000 1b000000 
00007660: 6a000000 1a000000 6b000000 1a000000 
00007670: 6a000000 1b000000 6b000000 1b000000 
00007680: 6c000000 18000000 6d000000 18000000 
00007690: 6c000000 19000000 6d000000 19000000 
000076a0: 6e000000 18000000 6f000000 18000000 
000076b0: 6e000000 19000000 6f000000 19000000 
000076c0: 6c000000 1a000000 6d000000 1a000000 
000076d0: 6c000000 1b000000 6d000000 1b000000 
000076e0: 6e000000 1a000000 6f000000 1a000000 
000076f0: 6e000000 1b000000 6f000000 1b000000 
00007700: 68000000 1c000000 69000000 1c000000 
00007710: 68000000 1d000000 69000000 1d000000 
00007720: 6a000000 1c000000 6b000000 1c000000 
00007730: 6a000000 1d000000 6b000000 1d000000 
00007740: 68000000 1e000000 69000000 1e000000 
00007750: 68000000 1f000000 69000000 1f000000 
00007760: 6a000000 1e000000 6b000000 1e000000 
00007770: 6a000000 1f000000 6b000000 1f000000 
00007780: 6c000000 1c000000 6d000000 1c000000 
00007790: 6c000000 1d000000 6d000000 1d000000 
000077a0: 6e000000 1c000000 6f000000 1c000000 
000077b0: 6e000000 1d000000 6f000000 1d000000 
000077c0: 6c000000 1e000000 6d000000 1e000000 
000077d0: 6c000000 1f000000 6d000000 1f000000 
000077e0: 6e000000 1e000000 6f000000 1e000000 
000077f0: 6e000000 1f000000 6f000000 1f000000 
00007800: 70000000 10000000 71000000 10000000 
00007810: 70000000 11000000 71000000 11000000 
00007820: 72000000 10000000 73000000 10000000 
00007830: 72000000 11000000 73000000 11000000 
00007840: 70000000 12000000 71000000 12000000 
00007850: 70000000 13000000 71000000 13000000 
00007860: 72000000 12000000 73000000 12000000 
00007870: 72000000 13000000 73000000 13000000 
00007880: 74000000 10000000 75000000 10000000 
00007890: 74000000 11000000 75000000 11000000 
000078a0: 76000000 10000000 77000000 10000000 
000078b0: 76000000 11000000 77000000 11000000 
000078c0: 74000000 12000000 75000000 12000000 
000078d0: 74000000 13000000 75000000 13000000 
000078e0: 76000000 12000000 77000000 12000000 
000078f0: 76000000 13000000 77000000 13000000 
00007900: 70000000 14000000 71000000 14000000 
00007910: 70000000 15000000 71000000 15000000 
00007920: 72000000 14000000 73000000 14000000 
00007930: 72000000 15000000 73000000 15000000 
00007940: 70000000 16000000 71000000 16000000 
00007950: 70000000 17000000 71000000 17000000 
00007960: 72000000 16000000 73000000 16000000 
00007970: 72000000 17000000 73000000 17000000 
00007980: 74000000 14000000 75000000 14000000 
00007990: 74000000 15000000 75000000 15000000 
000079a0: 76000000 14000000 77000000 14000000 
000079b0: 76000000 15000000 77000000 15000000 
000079c0: 74000000 16000000 75000000 16000000 
000079d0: 74000000 17000000 75000000 17000000 
000079e0: 76000000 16000000 77000000 16000000 
000079f0: 76000000 17000000 77000000 17000000 
00007a00: 78000000 10000000 79000000 10000000 
00007a10: 78000000 11000000 79000000 11000000 
00007a20: 7a000000 10000000 7b000000 10000000 
00007a30: 7a000000 11000000 7b000000 11000000 
00007a40: 78000000 12000000 79000000 12000000 
00007a50: 78000000 13000000 79000000 13000000 
00007a60: 7a000000 12000000 7b000000 12000000 
00007a70: 7a000000 13000000 7b000000 13000000 
00007a80: 7c000000 10000000 7d000000 10000000 
00007a90: 7c000000 11000000 7d000000 11000000 
00007aa0: 7e000000 10000000 7f000000 10000000 
00007ab0: 7e000000 11000000 7f000000 11000000 
00007ac0: 7c000000 12000000 7d000000 12000000 
00007ad0: 7c000000 13000000 7d000000 13000000 
00007ae0: 7e000000 12000000 7f000000 12000000 
00007af0: 7e000000 13000000 7f000000 13000000 
00007b00: 78000000 14000000 79000000 14000000 
00007b10: 78000000 15000000 79000000 15000000 
00007b20: 7a000000 14000000 7b000000 14000000 
00007b30: 7a000000 15000000 7b000000 15000000 
00007b40: 78000000 16000000 79000000 16000000 
00007b50: 78000000 17000000 79000000 17000000 
00007b60: 7a000000 16000000 7b000000 16000000 
00007b70: 7a000000 17000000 7b000000 17000000 
00007b80: 7c000000 14000000 7d000000 14000000 
00007b90: 7c000000 15000000 7d000000 15000000 
00007ba0: 7e000000 14000000 7f000000 14000000 
00007bb0: 7e000000 15000000 7f000000 15000000 
00007bc0: 7c000000 16000000 7d000000 16000000 
00007bd0: 7c000000 17000000 7d000000 17000000 
00007be0: 7e000000 16000000 7f000000 16000000 
00007bf0: 7e000000 17000000 7f000000 17000000 
00007c00: 70000000 18000000 71000000 18000000 
00007c10: 70000000 19000000 71000000 19000000 
00007c20: 72000000 18000000 73000000 18000000 
00007c30: 72000000 19000000 73000000 19000000 
00007c40: 70000000 1a000000 71000000 1a000000 
00007c50: 70000000 1b000000 71000000 1b000000 
00007c60: 72000000 1a000000 73000000 1a000000 
00007c70: 72000000 1b000000 73000000 1b000000 
00007c80: 74000000 18000000 75000000 18000000 
00007c90: 74000000 19000000 75000000 19000000 
00007ca0: 76000000 18000000 77000000 18000000 
00007cb0: 76000000 19000000 77000000 19000000 
00007cc0: 74000000 1a000000 75000000 1a000000 
00007cd0: 74000000 1b000000 75000000 1b000000 
00007ce0: 76000000 1a000000 77000000 1a000000 
00007cf0: 76000000 1b000000 77000000 1b000000 
00007d00: 70000000 1c000000 71000000 1c000000 
00007d10: 70000000 1d000000 71000000 1d000000 
00007d20: 72000000 1c000000 73000000 1c000000 
00007d30: 72000000 1d000000 73000000 1d000000 
00007d40: 70000000 1e000000 71000000 1e000000 
00007d50: 70000000 1f000000 71000000 1f000000 
00007d60: 72000000 1e000000 73000000 1e000000 
00007d70: 72000000 1f000000 73000000 1f000000 
00007d80: 74000000 1c000000 75000000 1c000000 
00007d90: 74000000 1d000000 75000000 1d000000 
00007da0: 76000000 1c000000 77000000 1c000000 
00007db0: 76000000 1d000000 77000000 1d000000 
00007dc0: 74000000 1e000000 75000000 1e000000 
00007dd0: 74000000 1f000000 75000000 1f000000 
00007de0: 76000000 1e000000 77000000 1e000000 
00007df0: 76000000 1f000000 77000000 1f000000 
00007e00: 78000000 18000000 79000000 18000000 
00007e10: 78000000 19000000 79000000 19000000 
00007e20: 7a000000 18000000 7b000000 18000000 
00007e30: 7a000000 19000000 7b000000 19000000 
00007e40: 78000000 1a000000 79000000 1a000000 
00007e50: 78000000 1b000000 79000000 1b000000 
00007e60: 7a000000 1a000000 7b000000 1a000000 
00007e70: 7a000000 1b000000 7b000000 1b000000 
00007e80: 7c000000 18000000 7d000000 18000000 
00007e90: 7c000000 19000000 7d000000 19000000 
00007ea0: 7e000000 18000000 7f000000 18000000 
00007eb0: 7e000000 19000000 7f000000 19000000 
00007ec0: 7c000000 1a000000 7d000000 1a000000 
00007ed0: 7c000000 1b000000 7d000000 1b000000 
00007ee0: 7e000000 1a000000 7f000000 1a000000 
00007ef0: 7e000000 1b000000 7f000000 1b000000 
00007f00: 78000000 1c000000 79000000 1c000000 
00007f10: 78000000 1d000000 79000000 1d000000 
00007f20: 7a000000 1c000000 7b000000 1c000000 
00007f30: 7a000000 1d000000 7b000000 1d000000 
00007f40: 78000000 1e000000 79000000 1e000000 
00007f50: 78000000 1f000000 79000000 1f000000 
00007f60: 7a000000 1e000000 7b000000 1e000000 
00007f70: 7a000000 1f000000 7b000000 1f000000 
00007f80: 7c000000 1c000000 7d000000 1c000000 
00007f90: 7c000000 1d000000 7d000000 1d000000 
00007fa0: 7e000000 1c000000 7f000000 1c000000 
00007fb0: 7e000000 1d000000 7f000000 1d000000 
00007fc0: 7c000000 1e000000 7d000000 1e000000 
00007fd0: 7c000000 1f000000 7d000000 1f000000 
00007fe0: 7e000000 1e000000 7f000000 1e000000 
00007ff0: 7e000000 1f000000 7f000000 1f000000 
00008000: 80000000 00000000 81000000 00000000 
00008010: 80000000 01000000 81000000 01000000 
00008020: 82000000 00000000 83000000 00000000 
00008030: 82000000 01000000 83000000 01000000 
00008040: 80000000 02000000 81000000 02000000 
00008050: 80000000 03000000 81000000 03000000 
00008060: 82000000 02000000 83000000 02000000 
00008070: 82000000 03000000 83000000 03000000 
00008080: 84000000 00000000 85000000 00000000 
00008090: 84000000 01000000 85000000 01000000 
000080a0: 86000000 00000000 87000000 00000000 
000080b0: 86000000 01000000 87000000 01000000 
000080c0: 84000000 02000000 85000000 02000000 
000080d0: 84000000 03000000 85000000 03000000 
000080e0: 86000000 02000000 87000000 02000000 
000080f0: 86000000 03000000 87000000 03000000 
00008100: 80000000 04000000 81000000 04000000 
00008110: 80000000 05000000 81000000 05000000 
00008120: 82000000 04000000 83000000 04000000 
00008130: 82000000 05000000 83000000 05000000 
00008140: 80000000 06000000 81000000 06000000 
00008150: 80000000 07000000 81000000 07000000 
00008160: 82000000 06000000 83000000 06000000 
00008170: 82000000 07000000 83000000 07000000 
00008180: 84000000 04000000 85000000 04000000 
00008190: 84000000 05000000 85000000 05000000 
000081a0: 86000000 04000000 87000000 04000000 
000081b0: 86000000 05000000 87000000 05000000 
000081c0: 84000000 06000000 85000000 06000000 
000081d0: 84000000 07000000 85000000 07000000 
000081e0: 86000000 06000000 87000000 06000000 
000081f0: 86000000 07000000 87000000 07000000 
00008200: 88000000 00000000 89000000 00000000 
00008210: 88000000 01000000 89000000 01000000 
00008220: 8a000000 00000000 8b000000 00000000 
00008230: 8a000000 01000000 8b000000 01000000 
00008240: 88000000 02000000 89000000 02000000 
00008250: 88000000 03000000 89000000 03000000 
00008260: 8a000000 02000000 8b000000 02000000 
00008270: 8a000000 03000000 8b000000 03000000 
00008280: 8c000000 00000000 8d000000 00000000 
00008290: 8c000000 01000000 8d000000 01000000 
000082a0: 8e000000 00000000 8f000000 00000000 
000082b0: 8e000000 01000000 8f000000 01000000 
000082c0: 8c000000 02000000 8d000000 02000000 
000082d0: 8c000000 03000000 8d000000 03000000 
000082e0: 8e000000 02000000 8f000000 02000000 
000082f0: 8e000000 03000000 8f000000 03000000 
00008300: 88000000 04000000 89000000 04000000 
00008310: 88000000 05000000 89000000 05000000 
00008320: 8a000000 04000000 8b000000 04000000 
00008330: 8a000000 05000000 8b000000 05000000 
00008340: 88000000 06000000 89000000 06000000 
00008350: 88000000 07000000 89000000 07000000 
00008360: 8a000000 06000000 8b000000 06000000 
00008370: 8a000000 07000000 8b000000 07000000 
00008380: 8c000000 04000000 8d000000 04000000 
00008390: 8c000000 05000000 8d000000 05000000 
000083a0: 8e000000 04000000 8f000000 04000000 
000083b0: 8e000000 05000000 8f000000 05000000 
000083c0: 8c000000 06000000 8d000000 06000000 
000083d0: 8c000000 07000000 8d000000 07000000 
000083e0: 8e000000 06000000 8f000000 06000000 
000083f0: 8e000000 07000000 8f000000 07000000 
00008400: 80000000 08000000 81000000 08000000 
00008410: 80000000 09000000 81000000 09000000 
00008420: 82000000 08000000 83000000 08000000 
00008430: 82000000 09000000 83000000 09000000 
00008440: 80000000 0a000000 81000000 0a000000 
00008450: 80000000 0b000000 81000000 0b000000 
00008460: 82000000 0a000000 83000000 0a000000 
00008470: 82000000 0b000000 83000000 0b000000 
00008480: 84000000 08000000 85000000 08000000 
00008490: 84000000 09000000 85000000 09000000 
000084a0: 86000000 08000000 87000000 08000000 
000084b0: 86000000 09000000 87000000 09000000 
000084c0: 84000000 0a000000 85000000 0a000000 
000084d0: 84000000 0b000000 85000000 0b000000 
000084e0: 86000000 0a000000 87000000 0a000000 
000084f0: 86000000 0b000000 87000000 0b000000 
00008500: 80000000 0c000000 81000000 0c000000 
00008510: 80000000 0d000000 81000000 0d000000 
00008520: 82000000 0c000000 83000000 0c000000 
00008530: 82000000 0d000000 83000000 0d000000 
00008540: 80000000 0e000000 81000000 0e000000 
00008550: 80000000 0f000000 81000000 0f000000 
00008560: 82000000 0e000000 83000000 0e000000 
00008570: 82000000 0f000000 83000000 0f000000 
00008580: 84000000 0c000000 85000000 0c000000 
00008590: 84000000 0d000000 85000000 0d000000 
000085a0: 86000000 0c000000 87000000 0c000000 
000085b0: 86000000 0d000000 87000000 0d000000 
000085c0: 84000000 0e000000 85000000 0e000000 
000085d0: 84000000 0f000000 85000000 0f000000 
000085e0: 86000000 0e000000 87000000 0e000000 
000085f0: 86000000 0f000000 87000000 0f000000 
00008600: 88000000 08000000 89000000 08000000 
00008610: 88000000 09000000 89000000 09000000 
00008620: 8a000000 08000000 8b000000 08000000 
00008630: 8a000000 09000000 8b000000 09000000 
00008640: 88000000 0a000000 89000000 0a000000 
00008650: 88000000 0b000000 89000000 0b000000 
00008660: 8a000000 0a000000 8b000000 0a000000 
00008670: 8a000000 0b000000 8b000000 0b000000 
00008680: 8c000000 08000000 8d000000 08000000 
00008690: 8c000000 09000000 8d000000 09000000 
000086a0: 8e000000 08000000 8f000000 08000000 
000086b0: 8e000000 09000000 8f000000 09000000 
000086c0: 8c000000 0a000000 8d000000 0a000000 
000086d0: 8c000000 0b000000 8d000000 0b000000 
000086e0: 8e000000 0a000000 8f000000 0a000000 
000086f0: 8e000000 0b000000 8f000000 0b000000 
00008700: 88000000 0c000000 89000000 0c000000 
00008710: 88000000 0d000000 89000000 0d000000 
00008720: 8a000000 0c000000 8b000000 0c000000 
00008730: 8a000000 0d000000 8b000000 0d000000 
00008740: 88000000 0e000000 89000000 0e000000 
00008750: 88000000 0f000000 89000000 0f000000 
00008760: 8a000000 0e000000 8b000000 0e000000 
00008770: 8a000000 0f000000 8b000000 0f000000 
00008780: 8c000000 0c000000 8d000000 0c000000 
00008790: 8c000000 0d000000 8d000000 0d000000 
000087a0: 8e000000 0c000000 8f000000 0c000000 
000087b0: 8e000000 0d000000 8f000000 0d000000 
000087c0: 8c000000 0e000000 8d000000 0e000000 
000087d0: 8c000000 0f000000 8d000000 0f000000 
000087e0: 8e000000 0e000000 8f000000 0e000000 
000087f0: 8e000000 0f000000 8f000000 0f000000 
00008800: 90000000 00000000 91000000 00000000 
00008810: 90000000 01000000 91000000 01000000 
00008820: 92000000 00000000 93000000 00000000 
00008830: 92000000 01000000 93000000 01000000 
00008840: 90000000 02000000 91000000 02000000 
00008850: 90000000 03000000 91000000 03000000 
00008860: 92000000 02000000 93000000 02000000 
00008870: 92000000 03000000 93000000 03000000 
00008880: 94000000 00000000 95000000 00000000 
00008890: 94000000 01000000 95000000 01000000 
000088a0: 96000000 00000000 97000000 00000000 
000088b0: 96000000 01000000 97000000 01000000 
000088c0: 94000000 02000000 95000000 02000000 
000088d0: 94000000 03000000 95000000 03000000 
000088e0: 96000000 02000000 97000000 02000000 
000088f0: 96000000 03000000 97000000 03000000 
00008900: 90000000 04000000 91000000 04000000 
00008910: 90000000 05000000 91000000 05000000 
00008920: 92000000 04000000 93000000 04000000 
00008930: 92000000 05000000 93000000 05000000 
00008940: 90000000 06000000 91000000 06000000 
00008950: 90000000 07000000 91000000 07000000 
00008960: 92000000 06000000 93000000 06000000 
00008970: 92000000 07000000 93000000 07000000 
00008980: 94000000 04000000 95000000 04000000 
00008990: 94000000 05000000 95000000 05000000 
000089a0: 96000000 04000000 97000000 04000000 
000089b0: 96000000 05000000 97000000 05000000 
000089c0: 94000000 06000000 95000000 06000000 
000089d0: 94000000 07000000 95000000 07000000 
000089e0: 96000000 06000000 97000000 06000000 
000089f0: 96000000 07000000 97000000 07000000 
00008a00: 98000000 00000000 99000000 00000000 
00008a10: 98000000 01000000 99000000 01000000 
00008a20: 9a000000 00000000 9b000000 00000000 
00008a30: 9a000000 01000000 9b000000 01000000 
00008a40: 98000000 02000000 99000000 02000000 
00008a50: 98000000 03000000 99000000 03000000 
00008a60: 9a000000 02000000 9b000000 02000000 
00008a70: 9a000000 03000000 9b000000 03000000 
00008a80: 9c000000 00000000 9d000000 00000000 
00008a90: 9c000000 01000000 9d000000 01000000 
00008aa0: 9e000000 00000000 9f000000 00000000 
00008ab0: 9e000000 01000000 9f000000 01000000 
00008ac0: 9c000000 02000000 9d000000 02000000 
00008ad0: 9c000000 03000000 9d000000 03000000 
00008ae0: 9e000000 02000000 9f000000 02000000 
00008af0: 9e000000 03000000 9f000000 03000000 
00008b00: 98000000 04000000 99000000 04000000 
00008b10: 98000000 05000000 99000000 05000000 
00008b20: 9a000000 04000000 9b000000 04000000 
00008b30: 9a000000 05000000 9b000000 05000000 
00008b40: 98000000 06000000 99000000 06000000 
00008b50: 98000000 07000000 99000000 07000000 
00008b60: 9a000000 06000000 9b000000 06000000 
00008b70: 9a000000 07000000 9b000000 07000000 
00008b80: 9c000000 04000000 9d000000 04000000 
00008b90: 9c000000 05000000 9d000000 05000000 
00008ba0: 9e000000 04000000 9f000000 04000000 
00008bb0: 9e000000 05000000 9f000000 05000000 
00008bc0: 9c000000 06000000 9d000000 06000000 
00008bd0: 9c000000 07000000 9d000000 07000000 
00008be0: 9e000000 06000000 9f000000 06000000 
00008bf0: 9e000000 07000000 9f000000 07000000 
00008c00: 90000000 08000000 91000000 08000000 
00008c10: 90000000 09000000 91000000 09000000 
00008c20: 92000000 08000000 93000000 08000000 
00008c30: 92000000 09000000 93000000 09000000 
00008c40: 90000000 0a000000 91000000 0a000000 
00008c50: 90000000 0b000000 91000000 0b000000 
00008c60: 92000000 0a000000 93000000 0a000000 
00008c70: 92000000 0b000000 93000000 0b000000 
00008c80: 94000000 08000000 95000000 08000000 
00008c90: 94000000 09000000 95000000 09000000 
00008ca0: 96000000 08000000 97000000 08000000 
00008cb0: 96000000 09000000 97000000 09000000 
00008cc0: 94000000 0a000000 95000000 0a000000 
00008cd0: 94000000 0b000000 95000000 0b000000 
00008ce0: 96000000 0a000000 97000000 0a000000 
00008cf0: 96000000 0b000000 97000000 0b000000 
00008d00: 90000000 0c000000 91000000 0c000000 
00008d10: 90000000 0d000000 91000000 0d000000 
00008d20: 92000000 0c000000 93000000 0c000000 
00008d30: 92000000 0d000000 93000000 0d000000 
00008d40: 90000000 0e000000 91000000 0e000000 
00008d50: 90000000 0f000000 91000000 0f000000 
00008d60: 92000000 0e000000 93000000 0e000000 
00008d70: 92000000 0f000000 93000000 0f000000 
00008d80: 94000000 0c000000 95000000 0c000000 
00008d90: 94000000 0d000000 95000000 0d000000 
00008da0: 96000000 0c000000 97000000 0c000000 
00008db0: 96000000 0d000000 97000000 0d000000 
00008dc0: 94000000 0e000000 95000000 0e000000 
00008dd0: 94000000 0f000000 95000000 0f000000 
00008de0: 96000000 0e000000 97000000 0e000000 
00008df0: 96000000 0f000000 97000000 0f000000 
00008e00: 98000000 08000000 99000000 08000000 
00008e10: 98000000 09000000 99000000 09000000 
00008e20: 9a000000 08000000 9b000000 08000000 
00008e30: 9a000000 09000000 9b000000 09000000 
00008e40: 98000000 0a000000 99000000 0a000000 
00008e50: 98000000 0b000000 99000000 0b000000 
00008e60: 9a000000 0a000000 9b000000 0a000000 
00008e70: 9a000000 0b000000 9b000000 0b000000 
00008e80: 9c000000 08000000 9d000000 08000000 
00008e90: 9c000000 09000000 9d000000 09000000 
00008ea0: 9e000000 08000000 9f000000 08000000 
00008eb0: 9e000000 09000000 9f000000 09000000 
00008ec0: 9c000000 0a000000 9d000000 0a000000 
00008ed0: 9c000000 0b000000 9d000000 0b000000 
00008ee0: 9e000000 0a000000 9f000000 0a000000 
00008ef0: 9e000000 0b000000 9f000000 0b000000 
00008f00: 98000000 0c000000 99000000 0c000000 
00008f10: 98000000 0d000000 99000000 0d000000 
00008f20: 9a000000 0c000000 9b000000 0c000000 
00008f30: 9a000000 0d000000 9b000000 0d000000 
00008f40: 98000000 0e000000 99000000 0e000000 
00008f50: 98000000 0f000000 99000000 0f000000 
00008f60: 9a000000 0e000000 9b000000 0e000000 
00008f70: 9a000000 0f000000 9b000000 0f000000 
00008f80: 9c000000 0c000000 9d000000 0c000000 
00008f90: 9c000000 0d000000 9d000000 0d000000 
00008fa0: 9e000000 0c000000 9f000000 0c000000 
00008fb0: 9e000000 0d000000 9f000000 0d000000 
00008fc0: 9c000000 0e000000 9d000000 0e000000 
00008fd0: 9c000000 0f000000 9d000000 0f000000 
00008fe0: 9e000000 0e000000 9f000000 0e000000 
00008ff0: 9e000000 0f000000 9f000000 0f000000 
00009000: 80000000 10000000 81000000 10000000 
00009010: 80000000 11000000 81000000 11000000 
00009020: 82000000 10000000 83000000 10000000 
00009030: 82000000 11000000 83000000 11000000 
00009040: 80000000 12000000 81000000 12000000 
00009050: 80000000 13000000 81000000 13000000 
00009060: 82000000 12000000 83000000 12000000 
00009070: 82000000 13000000 83000000 13000000 
00009080: 84000000 10000000 85000000 10000000 
00009090: 84000000 11000000 85000000 11000000 
000090a0: 86000000 10000000 87000000 10000000 
000090b0: 86000000 11000000 87000000 11000000 
000090c0: 84000000 12000000 85000000 12000000 
000090d0: 84000000 13000000 85000000 13000000 
000090e0: 86000000 12000000 87000000 12000000 
000090f0: 86000000 13000000 87000000 13000000 
00009100: 80000000 14000000 81000000 14000000 
00009110: 80000000 15000000 81000000 15000000 
00009120: 82000000 14000000 83000000 14000000 
00009130: 82000000 15000000 83000000 15000000 
00009140: 80000000 16000000 81000000 16000000 
00009150: 80000000 17000000 81000000 17000000 
00009160: 82000000 16000000 83000000 16000000 
00009170: 82000000 17000000 83000000 17000000 
00009180: 84000000 14000000 85000000 14000000 
00009190: 84000000 15000000 85000000 15000000 
000091a0: 86000000 14000000 87000000 14000000 
000091b0: 86000000 15000000 87000000 15000000 
000091c0: 84000000 16000000 85000000 16000000 
000091d0: 84000000 17000000 85000000 17000000 
000091e0: 86000000 16000000 87000000 16000000 
000091f0: 86000000 17000000 87000000 17000000 
00009200: 88000000 10000000 89000000 10000000 
00009210: 88000000 11000000 89000000 11000000 
00009220: 8a000000 10000000 8b000000 10000000 
00009230: 8a000000 11000000 8b000000 11000000 
00009240: 88000000 12000000 89000000 12000000 
00009250: 88000000 13000000 89000000 13000000 
00009260: 8a000000 12000000 8b000000 12000000 
00009270: 8a000000 13000000 8b000000 13000000 
00009280: 8c000000 10000000 8d000000 10000000 
00009290: 8c000000 11000000 8d000000 11000000 
000092a0: 8e000000 10000000 8f000000 10000000 
000092b0: 8e000000 11000000 8f000000 11000000 
000092c0: 8c000000 12000000 8d000000 12000000 
000092d0: 8c000000 13000000 8d000000 13000000 
000092e0: 8e000000 12000000 8f000000 12000000 
000092f0: 8e000000 13000000 8f000000 13000000 
00009300: 88000000 14000000 89000000 14000000 
00009310: 88000000 15000000 89000000 15000000 
00009320: 8a000000 14000000 8b000000 14000000 
00009330: 8a000000 15000000 8b000000 15000000 
00009340: 88000000 16000000 89000000 16000000 
00009350: 88000000 17000000 89000000 17000000 
00009360: 8a000000 16000000 8b000000 16000000 
00009370: 8a000000 17000000 8b000000 17000000 
00009380: 8c000000 14000000 8d000000 14000000 
00009390: 8c000000 15000000 8d000000 15000000 
000093a0: 8e000000 14000000 8f000000 14000000 
000093b0: 8e000000 15000000 8f000000 15000000 
000093c0: 8c000000 16000000 8d000000 16000000 
000093d0: 8c000000 17000000 8d000000 17000000 
000093e0: 8e000000 16000000 8f000000 16000000 
000093f0: 8e000000 17000000 8f000000 17000000 
00009400: 80000000 18000000 81000000 18000000 
00009410: 80000000 19000000 81000000 19000000 
00009420: 82000000 18000000 83000000 18000000 
00009430: 82000000 19000000 83000000 19000000 
00009440: 80000000 1a000000 81000000 1a000000 
00009450: 80000000 1b000000 81000000 1b000000 
00009460: 82000000 1a000000 83000000 1a000000 
00009470: 82000000 1b000000 83000000 1b000000 
00009480: 84000000 18000000 85000000 18000000 
00009490: 84000000 19000000 85000000 19000000 
000094a0: 86000000 18000000 87000000 18000000 
000094b0: 86000000 19000000 87000000 19000000 
000094c0: 84000000 1a000000 85000000 1a000000 
000094d0: 84000000 1b000000 85000000 1b000000 
000094e0: 86000000 1a000000 87000000 1a000000 
000094f0: 86000000 1b000000 87000000 1b000000 
00009500: 80000000 1c000000 81000000 1c000000 
00009510: 80000000 1d000000 81000000 1d000000 
00009520: 82000000 1c000000 83000000 1c000000 
00009530: 82000000 1d000000 83000000 1d000000 
00009540: 80000000 1e000000 81000000 1e000000 
00009550: 80000000 1f000000 81000000 1f000000 
00009560: 82000000 1e000000 83000000 1e000000 
00009570: 82000000 1f000000 83000000 1f000000 
00009580: 84000000 1c000000 85000000 1c000000 
00009590: 84000000 1d000000 85000000 1d000000 
000095a0: 86000000 1c000000 87000000 1c000000 
000095b0: 86000000 1d000000 87000000 1d000000 
000095c0: 84000000 1e000000 85000000 1e000000 
000095d0: 84000000 1f000000 85000000 1f000000 
000095e0: 86000000 1e000000 87000000 1e000000 
000095f0: 86000000 1f000000 87000000 1f000000 
00009600: 88000000 18000000 89000000 18000000 
00009610: 88000000 19000000 89000000 19000000 
00009620: 8a000000 18000000 8b000000 18000000 
00009630: 8a000000 19000000 8b000000 19000000 
00009640: 88000000 1a000000 89000000 1a000000 
00009650: 88000000 1b000000 89000000 1b000000 
00009660: 8a000000 1a000000 8b000000 1a000000 
00009670: 8a000000 1b000000 8b000000 1b000000 
00009680: 8c000000 18000000 8d000000 18000000 
00009690: 8c000000 19000000 8d000000 19000000 
000096a0: 8e000000 18000000 8f000000 18000000 
000096b0: 8e000000 19000000 8f000000 19000000 
000096c0: 8c000000 1a000000 8d000000 1a000000 
000096d0: 8c000000 1b000000 8d000000 1b000000 
000096e0: 8e000000 1a000000 8f000000 1a000000 
000096f0: 8e000000 1b000000 8f000000 1b000000 
00009700: 88000000 1c000000 89000000 1c000000 
00009710: 88000000 1d000000 89000000 1d000000 
00009720: 8a000000 1c000000 8b000000 1c000000 
00009730: 8a000000 1d000000 8b000000 1d000000 
00009740: 88000000 1e000000 89000000 1e000000 
00009750: 88000000 1f000000 89000000 1f000000 
00009760: 8a000000 1e000000 8b000000 1e000000 
00009770: 8a000000 1f000000 8b000000 1f000000 
00009780: 8c000000 1c000000 8d000000 1c000000 
00009790: 8c000000 1d000000 8d000000 1d000000 
000097a0: 8e000000 1c000000 8f000000 1c000000 
000097b0: 8e000000 1d000000 8f000000 1d000000 
000097c0: 8c000000 1e000000 8d000000 1e000000 
000097d0: 8c000000 1f000000 8d000000 1f000000 
000097e0: 8e000000 1e000000 8f000000 1e000000 
000097f0: 8e000000 1f000000 8f000000 1f000000 
00009800: 90000000 10000000 91000000 10000000 
00009810: 90000000 11000000 91000000 11000000 
00009820: 92000000 10000000 93000000 10000000 
00009830: 92000000 11000000 93000000 11000000 
00009840: 90000000 12000000 91000000 12000000 
00009850: 90000000 13000000 91000000 13000000 
00009860: 92000000 12000000 93000000 12000000 
00009870: 92000000 13000000 93000000 13000000 
00009880: 94000000 10000000 95000000 10000000 
00009890: 94000000 11000000 95000000 11000000 
000098a0: 96000000 10000000 97000000 10000000 
000098b0: 96000000 11000000 97000000 11000000 
000098c0: 94000000 12000000 95000000 12000000 
000098d0: 94000000 13000000 95000000 13000000 
000098e0: 96000000 12000000 97000000 12000000 
000098f0: 96000000 13000000 97000000 13000000 
00009900: 90000000 14000000 91000000 14000000 
00009910: 90000000 15000000 91000000 15000000 
00009920: 92000000 14000000 93000000 14000000 
00009930: 92000000 15000000 93000000 15000000 
00009940: 90000000 16000000 91000000 16000000 
00009950: 90000000 17000000 91000000 17000000 
00009960: 92000000 16000000 93000000 16000000 
00009970: 92000000 17000000 93000000 17000000 
00009980: 94000000 14000000 95000000 14000000 
00009990: 94000000 15000000 95000000 15000000 
000099a0: 96000000 14000000 97000000 14000000 
000099b0: 96000000 15000000 97000000 15000000 
000099c0: 94000000 16000000 95000000 16000000 
000099d0: 94000000 17000000 95000000 17000000 
000099e0: 96000000 16000000 97000000 16000000 
000099f0: 96000000 17000000 97000000 17000000 
00009a00: 98000000 10000000 99000000 10000000 
00009a10: 98000000 11000000 99000000 11000000 
00009a20: 9a000000 10000000 9b000000 10000000 
00009a30: 9a000000 11000000 9b000000 11000000 
00009a40: 98000000 12000000 99000000 12000000 
00009a50: 98000000 13000000 99000000 13000000 
00009a60: 9a000000 12000000 9b000000 12000000 
00009a70: 9a000000 13000000 9b000000 13000000 
00009a80: 9c000000 10000000 9d000000 10000000 
00009a90: 9c000000 11000000 9d000000 11000000 
00009aa0: 9e000000 10000000 9f000000 10000000 
00009ab0: 9e000000 11000000 9f000000 11000000 
00009ac0: 9c000000 12000000 9d000000 12000000 
00009ad0: 9c000000 13000000 9d000000 13000000 
00009ae0: 9e000000 12000000 9f000000 12000000 
00009af0: 9e000000 13000000 9f000000 13000000 
00009b00: 98000000 14000000 99000000 14000000 
00009b10: 98000000 15000000 99000000 15000000 
00009b20: 9a000000 14000000 9b000000 14000000 
00009b30: 9a000000 15000000 9b000000 15000000 
00009b40: 98000000 16000000 99000000 16000000 
00009b50: 98000000 17000000 99000000 17000000 
00009b60: 9a000000 16000000 9b000000 16000000 
00009b70: 9a000000 17000000 9b000000 17000000 
00009b80: 9c000000 14000000 9d000000 14000000 
00009b90: 9c000000 15000000 9d000000 15000000 
00009ba0: 9e000000 14000000 9f000000 14000000 
00009bb0: 9e000000 15000000 9f000000 15000000 
00009bc0: 9c000000 16000000 9d000000 16000000 
00009bd0: 9c000000 17000000 9d000000 17000000 
00009be0: 9e000000 16000000 9f000000 16000000 
00009bf0: 9e000000 17000000 9f000000 17000000 
00009c00: 90000000 18000000 91000000 18000000 
00009c10: 90000000 19000000 91000000 19000000 
00009c20: 92000000 18000000 93000000 18000000 
00009c30: 92000000 19000000 93000000 19000000 
00009c40: 90000000 1a000000 91000000 1a000000 
00009c50: 90000000 1b000000 91000000 1b000000 
00009c60: 92000000 1a000000 93000000 1a000000 
00009c70: 92000000 1b000000 93000000 1b000000 
00009c80: 94000000 18000000 95000000 18000000 
00009c90: 94000000 19000000 95000000 19000000 
00009ca0: 96000000 18000000 97000000 18000000 
00009cb0: 96000000 19000000 97000000 19000000 
00009cc0: 94000000 1a000000 95000000 1a000000 
00009cd0: 94000000 1b000000 95000000 1b000000 
00009ce0: 96000000 1a000000 97000000 1a000000 
00009cf0: 96000000 1b000000 97000000 1b000000 
00009d00: 90000000 1c000000 91000000 1c000000 
00009d10: 90000000 1d000000 91000000 1d000000 
00009d20: 92000000 1c000000 93000000 1c000000 
00009d30: 92000000 1d000000 93000000 1d000000 
00009d40: 90000000 1e000000 91000000 1e000000 
00009d50: 90000000 1f000000 91000000 1f000000 
00009d60: 92000000 1e000000 93000000 1e000000 
00009d70: 92000000 1f000000 93000000 1f000000 
00009d80: 94000000 1c000000 95000000 1c000000 
00009d90: 94000000 1d000000 95000000 1d000000 
00009da0: 96000000 1c000000 97000000 1c000000 
00009db0: 96000000 1d000000 97000000 1d000000 
00009dc0: 94000000 1e000000 95000000 1e000000 
00009dd0: 94000000 1f000000 95000000 1f000000 
00009de0: 96000000 1e000000 97000000 1e000000 
00009df0: 96000000 1f000000 97000000 1f000000 
00009e00: 98000000 18000000 99000000 18000000 
00009e10: 98000000 19000000 99000000 19000000 
00009e20: 9a000000 18000000 9b000000 18000000 
00009e30: 9a000000 19000000 9b000000 19000000 
00009e40: 98000000 1a000000 99000000 1a000000 
00009e50: 98000000 1b000000 99000000 1b000000 
00009e60: 9a000000 1a000000 9b000000 1a000000 
00009e70: 9a000000 1b000000 9b000000 1b000000 
00009e80: 9c000000 18000000 9d000000 18000000 
00009e90: 9c000000 19000000 9d000000 19000000 
00009ea0: 9e000000 18000000 9f000000 18000000 
00009eb0: 9e000000 19000000 9f000000 19000000 
00009ec0: 9c000000 1a000000 9d000000 1a000000 
00009ed0: 9c000000 1b000000 9d000000 1b000000 
00009ee0: 9e000000 1a000000 9f000000 1a000000 
00009ef0: 9e000000 1b000000 9f000000 1b000000 
00009f00: 98000000 1c000000 99000000 1c000000 
00009f10: 98000000 1d000000 99000000 1d000000 
00009f20: 9a000000 1c000000 9b000000 1c000000 
00009f30: 9a000000 1d000000 9b000000 1d000000 
00009f40: 98000000 1e000000 99000000 1e000000 
00009f50: 98000000 1f000000 99000000 1f000000 
00009f60: 9a000000 1e000000 9b000000 1e000000 
00009f70: 9a000000 1f000000 9b000000 1f000000 
00009f80: 9c000000 1c000000 9d000000 1c000000 
00009f90: 9c000000 1d000000 9d000000 1d000000 
00009fa0: 9e000000 1c000000 9f000000 1c000000 
00009fb0: 9e000000 1d000000 9f000000 1d000000 
00009fc0: 9c000000 1e000000 9d000000 1e000000 
00009fd0: 9c000000 1f000000 9d000000 1f000000 
00009fe0: 9e000000 1e000000 9f000000 1e000000 
00009ff0: 9e000000 1f000000 9f000000 1f000000 
0000a000: 00000000 00000000 00000000 00000000 
0000a010: 00000000 00000000 00000000 00000000 
0000a020: 00000000 00000000 00000000 00000000 
0000a030: 00000000 00000000 00000000 00000000 
0000a040: 00000000 00000000 00000000 00000000 
0000a050: 00000000 00000000 00000000 00000000 
0000a060: 00000000 00000000 00000000 00000000 
0000a070: 00000000 00000000 00000000 00000000 
0000a080: 00000000 00000000 00000000 00000000 
0000a090: 00000000 00000000 00000000 00000000 
0000a0a0: 00000000 00000000 00000000 00000000 
0000a0b0: 00000000 00000000 00000000 00000000 
0000a0c0: 00000000 00000000 00000000 00000000 
0000a0d0: 00000000 00000000 00000000 00000000 
0000a0e0: 00000000 00000000 00000000 00000000 
0000a0f0: 00000000 00000000 00000000 00000000 
0000a100: 00000000 00000000 00000000 00000000 
0000a110: 00000000 00000000 00000000 00000000 
0000a120: 00000000 00000000 00000000 00000000 
0000a130: 00000000 00000000 00000000 00000000 
0000a140: 00000000 00000000 00000000 00000000 
0000a150: 00000000 00000000 00000000 00000000 
0000a160: 00000000 00000000 00000000 00000000 
0000a170: 00000000 00000000 00000000 00000000 
0000a180: 00000000 00000000 00000000 00000000 
0000a190: 00000000 00000000 00000000 00000000 
0000a1a0: 00000000 00000000 00000000 00000000 
0000a1b0: 00000000 00000000 00000000 00000000 
0000a1c0: 00000000 00000000 00000000 00000000 
0000a1d0: 00000000 00000000 00000000 00000000 
0000a1e0: 00000000 00000000 00000000 00000000 
0000a1f0: 00000000 00000000 00000000 00000000 
0000a200: 00000000 00000000 00000000 00000000 
0000a210: 00000000 00000000 00000000 00000000 
0000a220: 00000000 00000000 00000000 00000000 
0000a230: 00000000 00000000 00000000 00000000 
0000a240: 00000000 00000000 00000000 00000000 
0000a250: 00000000 00000000 00000000 00000000 
0000a260: 00000000 00000000 00000000 00000000 
0000a270: 00000000 00000000 00000000 00000000 
0000a280: 00000000 00000000 00000000 00000000 
0000a290: 00000000 00000000 00000000 00000000 
0000a2a0: 00000000 00000000 00000000 00000000 
0000a2b0: 00000000 00000000 00000000 00000000 
0000a2c0: 00000000 00000000 00000000 00000000 
0000a2d0: 00000000 00000000 00000000 00000000 
0000a2e0: 00000000 00000000 00000000 00000000 
0000a2f0: 00000000 00000000 00000000 00000000 
0000a300: 00000000 00000000 00000000 00000000 
0000a310: 00000000 00000000 00000000 00000000 
0000a320: 00000000 00000000 00000000 00000000 
0000a330: 00000000 00000000 00000000 00000000 
0000a340: 00000000 00000000 00000000 00000000 
0000a350: 00000000 00000000 00000000 00000000 
0000a360: 00000000 00000000 00000000 00000000 
0000a370: 00000000 00000000 00000000 00000000 
0000a380: 00000000 00000000 00000000 00000000 
0000a390: 00000000 00000000 00000000 00000000 
0000a3a0: 00000000 00000000 00000000 00000000 
0000a3b0: 00000000 00000000 00000000 00000000 
0000a3c0: 00000000 00000000 00000000 00000000 
0000a3d0: 00000000 00000000 00000000 00000000 
0000a3e0: 00000000 00000000 00000000 00000000 
0000a3f0: 00000000 00000000 00000000 00000000 
0000a400: 00000000 00000000 00000000 00000000 
0000a410: 00000000 00000000 00000000 00000000 
0000a420: 00000000 00000000 00000000 00000000 
0000a430: 00000000 00000000 00000000 00000000 
0000a440: 00000000 00000000 00000000 00000000 
0000a450: 00000000 00000000 00000000 00000000 
0000a460: 00000000 00000000 00000000 00000000 
0000a470: 00000000 00000000 00000000 00000000 
0000a480: 00000000 00000000 00000000 00000000 
0000a490: 00000000 00000000 00000000 00000000 
0000a4a0: 00000000 00000000 00000000 00000000 
0000a4b0: 00000000 00000000 00000000 00000000 
0000a4c0: 00000000 00000000 00000000 00000000 
0000a4d0: 00000000 00000000 00000000 00000000 
0000a4e0: 00000000 00000000 00000000 00000000 
0000a4f0: 00000000 00000000 00000000 00000000 
0000a500: 00000000 00000000 00000000 00000000 
0000a510: 00000000 00000000 00000000 00000000 
0000a520: 00000000 00000000 00000000 00000000 
0000a530: 00000000 00000000 00000000 00000000 
0000a540: 00000000 00000000 00000000 00000000 
0000a550: 00000000 00000000 00000000 00000000 
0000a560: 00000000 00000000 00000000 00000000 
0000a570: 00000000 00000000 00000000 00000000 
0000a580: 00000000 00000000 00000000 00000000 
0000a590: 00000000 00000000 00000000 00000000 
0000a5a0: 00000000 00000000 00000000 00000000 
0000a5b0: 00000000 00000000 00000000 00000000 
0000a5c0: 00000000 00000000 00000000 00000000 
0000a5d0: 00000000 00000000 00000000 00000000 
0000a5e0: 00000000 00000000 00000000 00000000 
0000a5f0: 00000000 00000000 00000000 00000000 
0000a600: 00000000 00000000 00000000 00000000 
0000a610: 00000000 00000000 00000000 00000000 
0000a620: 00000000 00000000 00000000 00000000 
0000a630: 00000000 00000000 00000000 00000000 
0000a640: 00000000 00000000 00000000 00000000 
0000a650: 00000000 00000000 00000000 00000000 
0000a660: 00000000 00000000 00000000 00000000 
0000a670: 00000000 00000000 00000000 00000000 
0000a680: 00000000 00000000 00000000 00000000 
0000a690: 00000000 00000000 00000000 00000000 
0000a6a0: 00000000 00000000 00000000 00000000 
0000a6b0: 00000000 00000000 00000000 00000000 
0000a6c0: 00000000 00000000 00000000 00000000 
0000a6d0: 00000000 00000000 00000000 00000000 
0000a6e0: 00000000 00000000 00000000 00000000 
0000a6f0: 00000000 00000000 00000000 00000000 
0000a700: 00000000 00000000 00000000 00000000 
0000a710: 00000000 00000000 00000000 00000000 
0000a720: 00000000 00000000 00000000 00000000 
0000a730: 00000000 00000000 00000000 00000000 
0000a740: 00000000 00000000 00000000 00000000 
0000a750: 00000000 00000000 00000000 00000000 
0000a760: 00000000 00000000 00000000 00000000 
0000a770: 00000000 00000000 00000000 00000000 
0000a780: 00000000 00000000 00000000 00000000 
0000a790: 00000000 00000000 00000000 00000000 
0000a7a0: 00000000 00000000 00000000 00000000 
0000a7b0: 00000000 00000000 00000000 00000000 
0000a7c0: 00000000 00000000 00000000 00000000 
0000a7d0: 00000000 00000000 00000000 00000000 
0000a7e0: 00000000 00000000 00000000 00000000 
0000a7f0: 00000000 00000000 00000000 00000000 
0000a800: 00000000 00000000 00000000 00000000 
0000a810: 00000000 00000000 00000000 00000000 
0000a820: 00000000 00000000 00000000 00000000 
0000a830: 00000000 00000000 00000000 00000000 
0000a840: 00000000 00000000 00000000 00000000 
0000a850: 00000000 00000000 00000000 00000000 
0000a860: 00000000 00000000 00000000 00000000 
0000a870: 00000000 00000000 00000000 00000000 
0000a880: 00000000 00000000 00000000 00000000 
0000a890: 00000000 00000000 00000000 00000000 
0000a8a0: 00000000 00000000 00000000 00000000 
0000a8b0: 00000000 00000000 00000000 00000000 
0000a8c0: 00000000 00000000 00000000 00000000 
0000a8d0: 00000000 00000000 00000000 00000000 
0000a8e0: 00000000 00000000 00000000 00000000 
0000a8f0: 00000000 00000000 00000000 00000000 
0000a900: 00000000 00000000 00000000 00000000 
0000a910: 00000000 00000000 00000000 00000000 
0000a920: 00000000 00000000 00000000 00000000 
0000a930: 00000000 00000000 00000000 00000000 
0000a940: 00000000 00000000 00000000 00000000 
0000a950: 00000000 00000000 00000000 00000000 
0000a960: 00000000 00000000 00000000 00000000 
0000a970: 00000000 00000000 00000000 00000000 
0000a980: 00000000 00000000 00000000 00000000 
0000a990: 00000000 00000000 00000000 00000000 
0000a9a0: 00000000 00000000 00000000 00000000 
0000a9b0: 00000000 00000000 00000000 00000000 
0000a9c0: 00000000 00000000 00000000 00000000 
0000a9d0: 00000000 00000000 00000000 00000000 
0000a9e0: 00000000 00000000 00000000 00000000 
0000a9f0: 00000000 00000000 00000000 00000000 
0000aa00: 00000000 00000000 00000000 00000000 
0000aa10: 00000000 00000000 00000000 00000000 
0000aa20: 00000000 00000000 00000000 00000000 
0000aa30: 00000000 00000000 00000000 00000000 
0000aa40: 00000000 00000000 00000000 00000000 
0000aa50: 00000000 00000000 00000000 00000000 
0000aa60: 00000000 00000000 00000000 00000000 
0000aa70: 00000000 00000000 00000000 00000000 
0000aa80: 00000000 00000000 00000000 00000000 
0000aa90: 00000000 00000000 00000000 00000000 
0000aaa0: 00000000 00000000 00000000 00000000 
0000aab0: 00000000 00000000 00000000 00000000 
0000aac0: 00000000 00000000 00000000 00000000 
0000aad0: 00000000 00000000 00000000 00000000 
0000aae0: 00000000 00000000 00000000 00000000 
0000aaf0: 00000000 00000000 00000000 00000000 
0000ab00: 00000000 00000000 00000000 00000000 
0000ab10: 00000000 00000000 00000000 00000000 
0000ab20: 00000000 00000000 00000000 00000000 
0000ab30: 00000000 00000000 00000000 00000000 
0000ab40: 00000000 00000000 00000000 00000000 
0000ab50: 00000000 00000000 00000000 00000000 
0000ab60: 00000000 00000000 00000000 00000000 
0000ab70: 00000000 00000000 00000000 00000000 
0000ab80: 00000000 00000000 00000000 00000000 
0000ab90: 00000000 00000000 00000000 00000000 
0000aba0: 00000000 00000000 00000000 00000000 
0000abb0: 00000000 00000000 00000000 00000000 
0000abc0: 00000000 00000000 00000000 00000000 
0000abd0: 00000000 00000000 00000000 00000000 
0000abe0: 00000000 00000000 00000000 00000000 
0000abf0: 00000000 00000000 00000000 00000000 
0000ac00: 00000000 00000000 00000000 00000000 
0000ac10: 00000000 00000000 00000000 00000000 
0000ac20: 00000000 00000000 00000000 00000000 
0000ac30: 00000000 00000000 00000000 00000000 
0000ac40: 00000000 00000000 00000000 00000000 
0000ac50: 00000000 00000000 00000000 00000000 
0000ac60: 00000000 00000000 00000000 00000000 
0000ac70: 00000000 00000000 00000000 00000000 
0000ac80: 00000000 00000000 00000000 00000000 
0000ac90: 00000000 00000000 00000000 00000000 
0000aca0: 00000000 00000000 00000000 00000000 
0000acb0: 00000000 00000000 00000000 00000000 
0000acc0: 00000000 00000000 00000000 00000000 
0000acd0: 00000000 00000000 00000000 00000000 
0000ace0: 00000000 00000000 00000000 00000000 
0000acf0: 00000000 00000000 00000000 00000000 
0000ad00: 00000000 00000000 00000000 00000000 
0000ad10: 00000000 00000000 00000000 00000000 
0000ad20: 00000000 00000000 00000000 00000000 
0000ad30: 00000000 00000000 00000000 00000000 
0000ad40: 00000000 00000000 00000000 00000000 
0000ad50: 00000000 00000000 00000000 00000000 
0000ad60: 00000000 00000000 00000000 00000000 
0000ad70: 00000000 00000000 00000000 00000000 
0000ad80: 00000000 00000000 00000000 00000000 
0000ad90: 00000000 00000000 00000000 00000000 
0000ada0: 00000000 00000000 00000000 00000000 
0000adb0: 00000000 00000000 00000000 00000000 
0000adc0: 00000000 00000000 00000000 00000000 
0000add0: 00000000 00000000 00000000 00000000 
0000ade0: 00000000 00000000 00000000 00000000 
0000adf0: 00000000 00000000 00000000 00000000 
0000ae00: 00000000 00000000 00000000 00000000 
0000ae10: 00000000 00000000 00000000 00000000 
0000ae20: 00000000 00000000 00000000 00000000 
0000ae30: 00000000 00000000 00000000 00000000 
0000ae40: 00000000 00000000 00000000 00000000 
0000ae50: 00000000 00000000 00000000 00000000 
0000ae60: 00000000 00000000 00000000 00000000 
0000ae70: 00000000 00000000 00000000 00000000 
0000ae80: 00000000 00000000 00000000 00000000 
0000ae90: 00000000 00000000 00000000 00000000 
0000aea0: 00000000 00000000 00000000 00000000 
0000aeb0: 00000000 00000000 00000000 00000000 
0000aec0: 00000000 00000000 00000000 00000000 
0000aed0: 00000000 00000000 00000000 00000000 
0000aee0: 00000000 00000000 00000000 00000000 
0000aef0: 00000000 00000000 00000000 00000000 
0000af00: 00000000 00000000 00000000 00000000 
0000af10: 00000000 00000000 00000000 00000000 
0000af20: 00000000 00000000 00000000 00000000 
0000af30: 00000000 00000000 00000000 00000000 
0000af40: 00000000 00000000 00000000 00000000 
0000af50: 00000000 00000000 00000000 00000000 
0000af60: 00000000 00000000 00000000 00000000 
0000af70: 00000000 00000000 00000000 00000000 
0000af80: 00000000 00000000 00000000 00000000 
0000af90: 00000000 00000000 00000000 00000000 
0000afa0: 00000000 00000000 00000000 00000000 
0000afb0: 00000000 00000000 00000000 00000000 
0000afc0: 00000000 00000000 00000000 00000000 
0000afd0: 00000000 00000000 00000000 00000000 
0000afe0: 00000000 00000000 00000000 00000000 
0000aff0: 00000000 00000000 00000000 00000000 
0000b000: 00000000 00000000 00000000 00000000 
0000b010: 00000000 00000000 00000000 00000000 
0000b020: 00000000 00000000 00000000 00000000 
0000b030: 00000000 00000000 00000000 00000000 
0000b040: 00000000 00000000 00000000 00000000 
0000b050: 00000000 00000000 00000000 00000000 
0000b060: 00000000 00000000 00000000 00000000 
0000b070: 00000000 00000000 00000000 00000000 
0000b080: 00000000 00000000 00000000 00000000 
0000b090: 00000000 00000000 00000000 00000000 
0000b0a0: 00000000 00000000 00000000 00000000 
0000b0b0: 00000000 00000000 00000000 00000000 
0000b0c0: 00000000 00000000 00000000 00000000 
0000b0d0: 00000000 00000000 00000000 00000000 
0000b0e0: 00000000 00000000 00000000 00000000 
0000b0f0: 00000000 00000000 00000000 00000000 
0000b100: 00000000 00000000 00000000 00000000 
0000b110: 00000000 00000000 00000000 00000000 
0000b120: 00000000 00000000 00000000 00000000 
0000b130: 00000000 00000000 00000000 00000000 
0000b140: 00000000 00000000 00000000 00000000 
0000b150: 00000000 00000000 00000000 00000000 
0000b160: 00000000 00000000 00000000 00000000 
0000b170: 00000000 00000000 00000000 00000000 
0000b180: 00000000 00000000 00000000 00000000 
0000b190: 00000000 00000000 00000000 00000000 
0000b1a0: 00000000 00000000 00000000 00000000 
0000b1b0: 00000000 00000000 00000000 00000000 
0000b1c0: 00000000 00000000 00000000 00000000 
0000b1d0: 00000000 00000000 00000000 00000000 
0000b1e0: 00000000 00000000 00000000 00000000 
0000b1f0: 00000000 00000000 00000000 00000000 
0000b200: 00000000 00000000 00000000 00000000 
0000b210: 00000000 00000000 00000000 00000000 
0000b220: 00000000 00000000 00000000 00000000 
0000b230: 00000000 00000000 00000000 00000000 
0000b240: 00000000 00000000 00000000 00000000 
0000b250: 00000000 00000000 00000000 00000000 
0000b260: 00000000 00000000 00000000 00000000 
0000b270: 00000000 00000000 00000000 00000000 
0000b280: 00000000 00000000 00000000 00000000 
0000b290: 00000000 00000000 00000000 00000000 
0000b2a0: 00000000 00000000 00000000 00000000 
0000b2b0: 00000000 00000000 00000000 00000000 
0000b2c0: 00000000 00000000 00000000 00000000 
0000b2d0: 00000000 00000000 00000000 00000000 
0000b2e0: 00000000 00000000 00000000 00000000 
0000b2f0: 00000000 00000000 00000000 00000000 
0000b300: 00000000 00000000 00000000 00000000 
0000b310: 00000000 00000000 00000000 00000000 
0000b320: 00000000 00000000 00000000 00000000 
0000b330: 00000000 00000000 00000000 00000000 
0000b340: 00000000 00000000 00000000 00000000 
0000b350: 00000000 00000000 00000000 00000000 
0000b360: 00000000 00000000 00000000 00000000 
0000b370: 00000000 00000000 00000000 00000000 
0000b380: 00000000 00000000 00000000 00000000 
0000b390: 00000000 00000000 00000000 00000000 
0000b3a0: 00000000 00000000 00000000 00000000 
0000b3b0: 00000000 00000000 00000000 00000000 
0000b3c0: 00000000 00000000 00000000 00000000 
0000b3d0: 00000000 00000000 00000000 00000000 
0000b3e0: 00000000 00000000 00000000 00000000 
0000b3f0: 00000000 00000000 00000000 00000000 
0000b400: 00000000 00000000 00000000 00000000 
0000b410: 00000000 00000000 00000000 00000000 
0000b420: 00000000 00000000 00000000 00000000 
0000b430: 00000000 00000000 00000000 00000000 
0000b440: 00000000 00000000 00000000 00000000 
0000b450: 00000000 00000000 00000000 00000000 
0000b460: 00000000 00000000 00000000 00000000 
0000b470: 00000000 00000000 00000000 00000000 
0000b480: 00000000 00000000 00000000 00000000 
0000b490: 00000000 00000000 00000000 00000000 
0000b4a0: 00000000 00000000 00000000 00000000 
0000b4b0: 00000000 00000000 00000000 00000000 
0000b4c0: 00000000 00000000 00000000 00000000 
0000b4d0: 00000000 00000000 00000000 00000000 
0000b4e0: 00000000 00000000 00000000 00000000 
0000b4f0: 00000000 00000000 00000000 00000000 
0000b500: 00000000 00000000 00000000 00000000 
0000b510: 00000000 00000000 00000000 00000000 
0000b520: 00000000 00000000 00000000 00000000 
0000b530: 00000000 00000000 00000000 00000000 
0000b540: 00000000 00000000 00000000 00000000 
0000b550: 00000000 00000000 00000000 00000000 
0000b560: 00000000 00000000 00000000 00000000 
0000b570: 00000000 00000000 00000000 00000000 
0000b580: 00000000 00000000 00000000 00000000 
0000b590: 00000000 00000000 00000000 00000000 
0000b5a0: 00000000 00000000 00000000 00000000 
0000b5b0: 00000000 00000000 00000000 00000000 
0000b5c0: 00000000 00000000 00000000 00000000 
0000b5d0: 00000000 00000000 00000000 00000000 
0000b5e0: 00000000 00000000 00000000 00000000 
0000b5f0: 00000000 00000000 00000000 00000000 
0000b600: 00000000 00000000 00000000 00000000 
0000b610: 00000000 00000000 00000000 00000000 
0000b620: 00000000 00000000 00000000 00000000 
0000b630: 00000000 00000000 00000000 00000000 
0000b640: 00000000 00000000 00000000 00000000 
0000b650: 00000000 00000000 00000000 00000000 
0000b660: 00000000 00000000 00000000 00000000 
0000b670: 00000000 00000000 00000000 00000000 
0000b680: 00000000 00000000 00000000 00000000 
0000b690: 00000000 00000000 00000000 00000000 
0000b6a0: 00000000 00000000 00000000 00000000 
0000b6b0: 00000000 00000000 00000000 00000000 
0000b6c0: 00000000 00000000 00000000 00000000 
0000b6d0: 00000000 00000000 00000000 00000000 
0000b6e0: 00000000 00000000 00000000 00000000 
0000b6f0: 00000000 00000000 00000000 00000000 
0000b700: 00000000 00000000 00000000 00000000 
0000b710: 00000000 00000000 00000000 00000000 
0000b720: 00000000 00000000 00000000 00000000 
0000b730: 00000000 00000000 00000000 00000000 
0000b740: 00000000 00000000 00000000 00000000 
0000b750: 00000000 00000000 00000000 00000000 
0000b760: 00000000 00000000 00000000 00000000 
0000b770: 00000000 00000000 00000000 00000000 
0000b780: 00000000 00000000 00000000 00000000 
0000b790: 00000000 00000000 00000000 00000000 
0000b7a0: 00000000 00000000 00000000 00000000 
0000b7b0: 00000000 00000000 00000000 00000000 
0000b7c0: 00000000 00000000 00000000 00000000 
0000b7d0: 00000000 00000000 00000000 00000000 
0000b7e0: 00000000 00000000 00000000 00000000 
0000b7f0: 00000000 00000000 00000000 00000000 
0000b800: 00000000 00000000 00000000 00000000 
0000b810: 00000000 00000000 00000000 00000000 
0000b820: 00000000 00000000 00000000 00000000 
0000b830: 00000000 00000000 00000000 00000000 
0000b840: 00000000 00000000 00000000 00000000 
0000b850: 00000000 00000000 00000000 00000000 
0000b860: 00000000 00000000 00000000 00000000 
0000b870: 00000000 00000000 00000000 00000000 
0000b880: 00000000 00000000 00000000 00000000 
0000b890: 00000000 00000000 00000000 00000000 
0000b8a0: 00000000 00000000 00000000 00000000 
0000b8b0: 00000000 00000000 00000000 00000000 
0000b8c0: 00000000 00000000 00000000 00000000 
0000b8d0: 00000000 00000000 00000000 00000000 
0000b8e0: 00000000 00000000 00000000 00000000 
0000b8f0: 00000000 00000000 00000000 00000000 
0000b900: 00000000 00000000 00000000 00000000 
0000b910: 00000000 00000000 00000000 00000000 
0000b920: 00000000 00000000 00000000 00000000 
0000b930: 00000000 00000000 00000000 00000000 
0000b940: 00000000 00000000 00000000 00000000 
0000b950: 00000000 00000000 00000000 00000000 
0000b960: 00000000 00000000 00000000 00000000 
0000b970: 00000000 00000000 00000000 00000000 
0000b980: 00000000 00000000 00000000 00000000 
0000b990: 00000000 00000000 00000000 00000000 
0000b9a0: 00000000 00000000 00000000 00000000 
0000b9b0: 00000000 00000000 00000000 00000000 
0000b9c0: 00000000 00000000 00000000 00000000 
0000b9d0: 00000000 00000000 00000000 00000000 
0000b9e0: 00000000 00000000 00000000 00000000 
0000b9f0: 00000000 00000000 00000000 00000000 
0000ba00: 00000000 00000000 00000000 00000000 
0000ba10: 00000000 00000000 00000000 00000000 
0000ba20: 00000000 00000000 00000000 00000000 
0000ba30: 00000000 00000000 00000000 00000000 
0000ba40: 00000000 00000000 00000000 00000000 
0000ba50: 00000000 00000000 00000000 00000000 
0000ba60: 00000000 00000000 00000000 00000000 
0000ba70: 00000000 00000000 00000000 00000000 
0000ba80: 00000000 00000000 00000000 00000000 
0000ba90: 00000000 00000000 00000000 00000000 
0000baa0: 00000000 00000000 00000000 00000000 
0000bab0: 00000000 00000000 00000000 00000000 
0000bac0: 00000000 00000000 00000000 00000000 
0000bad0: 00000000 00000000 00000000 00000000 
0000bae0: 00000000 00000000 00000000 00000000 
0000baf0: 00000000 00000000 00000000 00000000 
0000bb00: 00000000 00000000 00000000 00000000 
0000bb10: 00000000 00000000 00000000 00000000 
0000bb20: 00000000 00000000 00000000 00000000 
0000bb30: 00000000 00000000 00000000 00000000 
0000bb40: 00000000 00000000 00000000 00000000 
0000bb50: 00000000 00000000 00000000 00000000 
0000bb60: 00000000 00000000 00000000 00000000 
0000bb70: 00000000 00000000 00000000 00000000 
0000bb80: 00000000 00000000 00000000 00000000 
0000bb90: 00000000 00000000 00000000 00000000 
0000bba0: 00000000 00000000 00000000 00000000 
0000bbb0: 00000000 00000000 00000000 00000000 
0000bbc0: 00000000 00000000 00000000 00000000 
0000bbd0: 00000000 00000000 00000000 00000000 
0000bbe0: 00000000 00000000 00000000 00000000 
0000bbf0: 00000000 00000000 00000000 00000000 
0000bc00: 00000000 00000000 00000000 00000000 
0000bc10: 00000000 00000000 00000000 00000000 
0000bc20: 00000000 00000000 00000000 00000000 
0000bc30: 00000000 00000000 00000000 00000000 
0000bc40: 00000000 00000000 00000000 00000000 
0000bc50: 00000000 00000000 00000000 00000000 
0000bc60: 00000000 00000000 00000000 00000000 
0000bc70: 00000000 00000000 00000000 00000000 
0000bc80: 00000000 00000000 00000000 00000000 
0000bc90: 00000000 00000000 00000000 00000000 
0000bca0: 00000000 00000000 00000000 00000000 
0000bcb0: 00000000 00000000 00000000 00000000 
0000bcc0: 00000000 00000000 00000000 00000000 
0000bcd0: 00000000 00000000 00000000 00000000 
0000bce0: 00000000 00000000 00000000 00000000 
0000bcf0: 00000000 00000000 00000000 00000000 
0000bd00: 00000000 00000000 00000000 00000000 
0000bd10: 00000000 00000000 00000000 00000000 
0000bd20: 00000000 00000000 00000000 00000000 
0000bd30: 00000000 00000000 00000000 00000000 
0000bd40: 00000000 00000000 00000000 00000000 
0000bd50: 00000000 00000000 00000000 00000000 
0000bd60: 00000000 00000000 00000000 00000000 
0000bd70: 00000000 00000000 00000000 00000000 
0000bd80: 00000000 00000000 00000000 00000000 
0000bd90: 00000000 00000000 00000000 00000000 
0000bda0: 00000000 00000000 00000000 00000000 
0000bdb0: 00000000 00000000 00000000 00000000 
0000bdc0: 00000000 00000000 00000000 00000000 
0000bdd0: 00000000 00000000 00000000 00000000 
0000bde0: 00000000 00000000 00000000 00000000 
0000bdf0: 00000000 00000000 00000000 00000000 
0000be00: 00000000 00000000 00000000 00000000 
0000be10: 00000000 00000000 00000000 00000000 
0000be20: 00000000 00000000 00000000 00000000 
0000be30: 00000000 00000000 00000000 00000000 
0000be40: 00000000 00000000 00000000 00000000 
0000be50: 00000000 00000000 00000000 00000000 
0000be60: 00000000 00000000 00000000 00000000 
0000be70: 00000000 00000000 00000000 00000000 
0000be80: 00000000 00000000 00000000 00000000 
0000be90: 00000000 00000000 00000000 00000000 
0000bea0: 00000000 00000000 00000000 00000000 
0000beb0: 00000000 00000000 00000000 00000000 
0000bec0: 00000000 00000000 00000000 00000000 
0000bed0: 00000000 00000000 00000000 00000000 
0000bee0: 00000000 00000000 00000000 00000000 
0000bef0: 00000000 00000000 00000000 00000000 
0000bf00: 00000000 00000000 00000000 00000000 
0000bf10: 00000000 00000000 00000000 00000000 
0000bf20: 00000000 00000000 00000000 00000000 
0000bf30: 00000000 00000000 00000000 00000000 
0000bf40: 00000000 00000000 00000000 00000000 
0000bf50: 00000000 00000000 00000000 00000000 
0000bf60: 00000000 00000000 00000000 00000000 
0000bf70: 00000000 00000000 00000000 00000000 
0000bf80: 00000000 00000000 00000000 00000000 
0000bf90: 00000000 00000000 00000000 00000000 
0000bfa0: 00000000 00000000 00000000 00000000 
0000bfb0: 00000000 00000000 00000000 00000000 
0000bfc0: 00000000 00000000 00000000 00000000 
0000bfd0: 00000000 00000000 00000000 00000000 
0000bfe0: 00000000 00000000 00000000 00000000 
0000bff0: 00000000 00000000 00000000 00000000 
0000c000: 00000000 20000000 01000000 20000000 
0000c010: 00000000 21000000 01000000 21000000 
0000c020: 02000000 20000000 03000000 20000000 
0000c030: 02000000 21000000 03000000 21000000 
0000c040: 00000000 22000000 01000000 22000000 
0000c050: 00000000 23000000 01000000 23000000 
0000c060: 02000000 22000000 03000000 22000000 
0000c070: 02000000 23000000 03000000 23000000 
0000c080: 04000000 20000000 05000000 20000000 
0000c090: 04000000 21000000 05000000 21000000 
0000c0a0: 06000000 20000000 07000000 20000000 
0000c0b0: 06000000 21000000 07000000 21000000 
0000c0c0: 04000000 22000000 05000000 22000000 
0000c0d0: 04000000 23000000 05000000 23000000 
0000c0e0: 06000000 22000000 07000000 22000000 
0000c0f0: 06000000 23000000 07000000 23000000 
0000c100: 00000000 24000000 01000000 24000000 
0000c110: 00000000 25000000 01000000 25000000 
0000c120: 02000000 24000000 03000000 24000000 
0000c130: 02000000 25000000 03000000 25000000 
0000c140: 00000000 26000000 01000000 26000000 
0000c150: 00000000 27000000 01000000 27000000 
0000c160: 02000000 26000000 03000000 26000000 
0000c170: 02000000 27000000 03000000 27000000 
0000c180: 04000000 24000000 05000000 24000000 
0000c190: 04000000 25000000 05000000 25000000 
0000c1a0: 06000000 24000000 07000000 24000000 
0000c1b0: 06000000 25000000 07000000 25000000 
0000c1c0: 04000000 26000000 05000000 26000000 
0000c1d0: 04000000 27000000 05000000 27000000 
0000c1e0: 06000000 26000000 07000000 26000000 
0000c1f0: 06000000 27000000 07000000 27000000 
0000c200: 08000000 20000000 09000000 20000000 
0000c210: 08000000 21000000 09000000 21000000 
0000c220: 0a000000 20000000 0b000000 20000000 
0000c230: 0a000000 21000000 0b000000 21000000 
0000c240: 08000000 22000000 09000000 22000000 
0000c250: 08000000 23000000 09000000 23000000 
0000c260: 0a000000 22000000 0b000000 22000000 
0000c270: 0a000000 23000000 0b000000 23000000 
0000c280: 0c000000 20000000 0d000000 20000000 
0000c290: 0c000000 21000000 0d000000 21000000 
0000c2a0: 0e000000 20000000 0f000000 20000000 
0000c2b0: 0e000000 21000000 0f000000 21000000 
0000c2c0: 0c000000 22000000 0d000000 22000000 
0000c2d0: 0c000000 23000000 0d000000 23000000 
0000c2e0: 0e000000 22000000 0f000000 22000000 
0000c2f0: 0e000000 23000000 0f000000 23000000 
0000c300: 08000000 24000000 09000000 24000000 
0000c310: 08000000 25000000 09000000 25000000 
0000c320: 0a000000 24000000 0b000000 24000000 
0000c330: 0a000000 25000000 0b000000 25000000 
0000c340: 08000000 26000000 09000000 26000000 
0000c350: 08000000 27000000 09000000 27000000 
0000c360: 0a000000 26000000 0b000000 26000000 
0000c370: 0a000000 27000000 0b000000 27000000 
0000c380: 0c000000 24000000 0d000000 24000000 
0000c390: 0c000000 25000000 0d000000 25000000 
0000c3a0: 0e000000 24000000 0f000000 24000000 
0000c3b0: 0e000000 25000000 0f000000 25000000 
0000c3c0: 0c000000 26000000 0d000000 26000000 
0000c3d0: 0c000000 27000000 0d000000 27000000 
0000c3e0: 0e000000 26000000 0f000000 26000000 
0000c3f0: 0e000000 27000000 0f000000 27000000 
0000c400: 00000000 28000000 01000000 28000000 
0000c410: 00000000 29000000 01000000 29000000 
0000c420: 02000000 28000000 03000000 28000000 
0000c430: 02000000 29000000 03000000 29000000 
0000c440: 00000000 2a000000 01000000 2a000000 
0000c450: 00000000 2b000000 01000000 2b000000 
0000c460: 02000000 2a000000 03000000 2a000000 
0000c470: 02000000 2b000000 03000000 2b000000 
0000c480: 04000000 28000000 05000000 28000000 
0000c490: 04000000 29000000 05000000 29000000 
0000c4a0: 06000000 28000000 07000000 28000000 
0000c4b0: 06000000 29000000 07000000 29000000 
0000c4c0: 04000000 2a000000 05000000 2a000000 
0000c4d0: 04000000 2b000000 05000000 2b000000 
0000c4e0: 06000000 2a000000 07000000 2a000000 
0000c4f0: 06000000 2b000000 07000000 2b000000 
0000c500: 00000000 2c000000 01000000 2c000000 
0000c510: 00000000 2d000000 01000000 2d000000 
0000c520: 02000000 2c000000 03000000 2c000000 
0000c530: 02000000 2d000000 03000000 2d000000 
0000c540: 00000000 2e000000 01000000 2e000000 
0000c550: 00000000 2f000000 01000000 2f000000 
0000c560: 02000000 2e000000 03000000 2e000000 
0000c570: 02000000 2f000000 03000000 2f000000 
0000c580: 04000000 2c000000 05000000 2c000000 
0000c590: 04000000 2d000000 05000000 2d000000 
0000c5a0: 06000000 2c000000 07000000 2c000000 
0000c5b0: 06000000 2d000000 07000000 2d000000 
0000c5c0: 04000000 2e000000 05000000 2e000000 
0000c5d0: 04000000 2f000000 05000000 2f000000 
0000c5e0: 06000000 2e000000 07000000 2e000000 
0000c5f0: 06000000 2f000000 07000000 2f000000 
0000c600: 08000000 28000000 09000000 28000000 
0000c610: 08000000 29000000 09000000 29000000 
0000c620: 0a000000 28000000 0b000000 28000000 
0000c630: 0a000000 29000000 0b000000 29000000 
0000c640: 08000000 2a000000 09000000 2a000000 
0000c650: 08000000 2b000000 09000000 2b000000 
0000c660: 0a000000 2a000000 0b000000 2a000000 
0000c670: 0a000000 2b000000 0b000000 2b000000 
0000c680: 0c000000 28000000 0d000000 28000000 
0000c690: 0c000000 29000000 0d000000 29000000 
0000c6a0: 0e000000 28000000 0f000000 28000000 
0000c6b0: 0e000000 29000000 0f000000 29000000 
0000c6c0: 0c000000 2a000000 0d000000 2a000000 
0000c6d0: 0c000000 2b000000 0d000000 2b000000 
0000c6e0: 0e000000 2a000000 0f000000 2a000000 
0000c6f0: 0e000000 2b000000 0f000000 2b000000 
0000c700: 08000000 2c000000 09000000 2c000000 
0000c710: 08000000 2d000000 09000000 2d000000 
0000c720: 0a000000 2c000000 0b000000 2c000000 
0000c730: 0a000000 2d000000 0b000000 2d000000 
0000c740: 08000000 2e000000 09000000 2e000000 
0000c750: 08000000 2f000000 09000000 2f000000 
0000c760: 0a000000 2e000000 0b000000 2e000000 
0000c770: 0a000000 2f000000 0b000000 2f000000 
0000c780: 0c000000 2c000000 0d000000 2c000000 
0000c790: 0c000000 2d000000 0d000000 2d000000 
0000c7a0: 0e000000 2c000000 0f000000 2c000000 
0000c7b0: 0e000000 2d000000 0f000000 2d000000 
0000c7c0: 0c000000 2e000000 0d000000 2e000000 
0000c7d0: 0c000000 2f000000 0d000000 2f000000 
0000c7e0: 0e000000 2e000000 0f000000 2e000000 
0000c7f0: 0e000000 2f000000 0f000000 2f000000 
0000c800: 10000000 20000000 11000000 20000000 
0000c810: 10000000 21000000 11000000 21000000 
0000c820: 12000000 20000000 13000000 20000000 
0000c830: 12000000 21000000 13000000 21000000 
0000c840: 10000000 22000000 11000000 22000000 
0000c850: 10000000 23000000 11000000 23000000 
0000c860: 12000000 22000000 13000000 22000000 
0000c870: 12000000 23000000 13000000 23000000 
0000c880: 14000000 20000000 15000000 20000000 
0000c890: 14000000 21000000 15000000 21000000 
0000c8a0: 16000000 20000000 17000000 20000000 
0000c8b0: 16000000 21000000 17000000 21000000 
0000c8c0: 14000000 22000000 15000000 22000000 
0000c8d0: 14000000 23000000 15000000 23000000 
0000c8e0: 16000000 22000000 17000000 22000000 
0000c8f0: 16000000 23000000 17000000 23000000 
0000c900: 10000000 24000000 11000000 24000000 
0000c910: 10000000 25000000 11000000 25000000 
0000c920: 12000000 24000000 13000000 24000000 
0000c930: 12000000 25000000 13000000 25000000 
0000c940: 10000000 26000000 11000000 26000000 
0000c950: 10000000 27000000 11000000 27000000 
0000c960: 12000000 26000000 13000000 26000000 
0000c970: 12000000 27000000 13000000 27000000 
0000c980: 14000000 24000000 15000000 24000000 
0000c990: 14000000 25000000 15000000 25000000 
0000c9a0: 16000000 24000000 17000000 24000000 
0000c9b0: 16000000 25000000 17000000 25000000 
0000c9c0: 14000000 26000000 15000000 26000000 
0000c9d0: 14000000 27000000 15000000 27000000 
0000c9e0: 16000000 26000000 17000000 26000000 
0000c9f0: 16000000 27000000 17000000 27000000 
0000ca00: 18000000 20000000 19000000 20000000 
0000ca10: 18000000 21000000 19000000 21000000 
0000ca20: 1a000000 20000000 1b000000 20000000 
0000ca30: 1a000000 21000000 1b000000 21000000 
0000ca40: 18000000 22000000 19000000 22000000 
0000ca50: 18000000 23000000 19000000 23000000 
0000ca60: 1a000000 22000000 1b000000 22000000 
0000ca70: 1a000000 23000000 1b000000 23000000 
0000ca80: 1c000000 20000000 1d000000 20000000 
0000ca90: 1c000000 21000000 1d000000 21000000 
0000caa0: 1e000000 20000000 1f000000 20000000 
0000cab0: 1e000000 21000000 1f000000 21000000 
0000cac0: 1c000000 22000000 1d000000 22000000 
0000cad0: 1c000000 23000000 1d000000 23000000 
0000cae0: 1e000000 22000000 1f000000 22000000 
0000caf0: 1e000000 23000000 1f000000 23000000 
0000cb00: 18000000 24000000 19000000 24000000 
0000cb10: 18000000 25000000 19000000 25000000 
0000cb20: 1a000000 24000000 1b000000 24000000 
0000cb30: 1a000000 25000000 1b000000 25000000 
0000cb40: 18000000 26000000 19000000 26000000 
0000cb50: 18000000 27000000 19000000 27000000 
0000cb60: 1a000000 26000000 1b000000 26000000 
0000cb70: 1a000000 27000000 1b000000 27000000 
0000cb80: 1c000000 24000000 1d000000 24000000 
0000cb90: 1c000000 25000000 1d000000 25000000 
0000cba0: 1e000000 24000000 1f000000 24000000 
0000cbb0: 1e000000 25000000 1f000000 25000000 
0000cbc0: 1c000000 26000000 1d000000 26000000 
0000cbd0: 1c000000 27000000 1d000000 27000000 
0000cbe0: 1e000000 26000000 1f000000 26000000 
0000cbf0: 1e000000 27000000 1f000000 27000000 
0000cc00: 10000000 28000000 11000000 28000000 
0000cc10: 10000000 29000000 11000000 29000000 
0000cc20: 12000000 28000000 13000000 28000000 
0000cc30: 12000000 29000000 13000000 29000000 
0000cc40: 10000000 2a000000 11000000 2a000000 
0000cc50: 10000000 2b000000 11000000 2b000000 
0000cc60: 12000000 2a000000 13000000 2a000000 
0000cc70: 12000000 2b000000 13000000 2b000000 
0000cc80: 14000000 28000000 15000000 28000000 
0000cc90: 14000000 29000000 15000000 29000000 
0000cca0: 16000000 28000000 17000000 28000000 
0000ccb0: 16000000 29000000 17000000 29000000 
0000ccc0: 14000000 2a000000 15000000 2a000000 
0000ccd0: 14000000 2b000000 15000000 2b000000 
0000cce0: 16000000 2a000000 17000000 2a000000 
0000ccf0: 16000000 2b000000 17000000 2b000000 
0000cd00: 10000000 2c000000 11000000 2c000000 
0000cd10: 10000000 2d000000 11000000 2d000000 
0000cd20: 12000000 2c000000 13000000 2c000000 
0000cd30: 12000000 2d000000 13000000 2d000000 
0000cd40: 10000000 2e000000 11000000 2e000000 
0000cd50: 10000000 2f000000 11000000 2f000000 
0000cd60: 12000000 2e000000 13000000 2e000000 
0000cd70: 12000000 2f000000 13000000 2f000000 
0000cd80: 14000000 2c000000 15000000 2c000000 
0000cd90: 14000000 2d000000 15000000 2d000000 
0000cda0: 16000000 2c000000 17000000 2c000000 
0000cdb0: 16000000 2d000000 17000000 2d000000 
0000cdc0: 14000000 2e000000 15000000 2e000000 
0000cdd0: 14000000 2f000000 15000000 2f000000 
0000cde0: 16000000 2e000000 17000000 2e000000 
0000cdf0: 16000000 2f000000 17000000 2f000000 
0000ce00: 18000000 28000000 19000000 28000000 
0000ce10: 18000000 29000000 19000000 29000000 
0000ce20: 1a000000 28000000 1b000000 28000000 
0000ce30: 1a000000 29000000 1b000000 29000000 
0000ce40: 18000000 2a000000 19000000 2a000000 
0000ce50: 18000000 2b000000 19000000 2b000000 
0000ce60: 1a000000 2a000000 1b000000 2a000000 
0000ce70: 1a000000 2b000000 1b000000 2b000000 
0000ce80: 1c000000 28000000 1d000000 28000000 
0000ce90: 1c000000 29000000 1d000000 29000000 
0000cea0: 1e000000 28000000 1f000000 28000000 
0000ceb0: 1e000000 29000000 1f000000 29000000 
0000cec0: 1c000000 2a000000 1d000000 2a000000 
0000ced0: 1c000000 2b000000 1d000000 2b000000 
0000cee0: 1e000000 2a000000 1f000000 2a000000 
0000cef0: 1e000000 2b000000 1f000000 2b000000 
0000cf00: 18000000 2c000000 19000000 2c000000 
0000cf10: 18000000 2d000000 19000000 2d000000 
0000cf20: 1a000000 2c000000 1b000000 2c000000 
0000cf30: 1a000000 2d000000 1b000000 2d000000 
0000cf40: 18000000 2e000000 19000000 2e000000 
0000cf50: 18000000 2f000000 19000000 2f000000 
0000cf60: 1a000000 2e000000 1b000000 2e000000 
0000cf70: 1a000000 2f000000 1b000000 2f000000 
0000cf80: 1c000000 2c000000 1d000000 2c000000 
0000cf90: 1c000000 2d000000 1d000000 2d000000 
0000cfa0: 1e000000 2c000000 1f000000 2c000000 
0000cfb0: 1e000000 2d000000 1f000000 2d000000 
0000cfc0: 1c000000 2e000000 1d000000 2e000000 
0000cfd0: 1c000000 2f000000 1d000000 2f000000 
0000cfe0: 1e000000 2e000000 1f000000 2e000000 
0000cff0: 1e000000 2f000000 1f000000 2f000000 
0000d000: 00000000 30000000 01000000 30000000 
0000d010: 00000000 31000000 01000000 31000000 
0000d020: 02000000 30000000 03000000 30000000 
0000d030: 02000000 31000000 03000000 31000000 
0000d040: 00000000 32000000 01000000 32000000 
0000d050: 00000000 33000000 01000000 33000000 
0000d060: 02000000 32000000 03000000 32000000 
0000d070: 02000000 33000000 03000000 33000000 
0000d080: 04000000 30000000 05000000 30000000 
0000d090: 04000000 31000000 05000000 31000000 
0000d0a0: 06000000 30000000 07000000 30000000 
0000d0b0: 06000000 31000000 07000000 31000000 
0000d0c0: 04000000 32000000 05000000 32000000 
0000d0d0: 04000000 33000000 05000000 33000000 
0000d0e0: 06000000 32000000 07000000 32000000 
0000d0f0: 06000000 33000000 07000000 33000000 
0000d100: 00000000 34000000 01000000 34000000 
0000d110: 00000000 35000000 01000000 35000000 
0000d120: 02000000 34000000 03000000 34000000 
0000d130: 02000000 35000000 03000000 35000000 
0000d140: 00000000 36000000 01000000 36000000 
0000d150: 00000000 37000000 01000000 37000000 
0000d160: 02000000 36000000 03000000 36000000 
0000d170: 02000000 37000000 03000000 37000000 
0000d180: 04000000 34000000 05000000 34000000 
0000d190: 04000000 35000000 05000000 35000000 
0000d1a0: 06000000 34000000 07000000 34000000 
0000d1b0: 06000000 35000000 07000000 35000000 
0000d1c0: 04000000 36000000 05000000 36000000 
0000d1d0: 04000000 37000000 05000000 37000000 
0000d1e0: 06000000 36000000 07000000 36000000 
0000d1f0: 06000000 37000000 07000000 37000000 
0000d200: 08000000 30000000 09000000 30000000 
0000d210: 08000000 31000000 09000000 31000000 
0000d220: 0a000000 30000000 0b000000 30000000 
0000d230: 0a000000 31000000 0b000000 31000000 
0000d240: 08000000 32000000 09000000 32000000 
0000d250: 08000000 33000000 09000000 33000000 
0000d260: 0a000000 32000000 0b000000 32000000 
0000d270: 0a000000 33000000 0b000000 33000000 
0000d280: 0c000000 30000000 0d000000 30000000 
0000d290: 0c000000 31000000 0d000000 31000000 
0000d2a0: 0e000000 30000000 0f000000 30000000 
0000d2b0: 0e000000 31000000 0f000000 31000000 
0000d2c0: 0c000000 32000000 0d000000 32000000 
0000d2d0: 0c000000 33000000 0d000000 33000000 
0000d2e0: 0e000000 32000000 0f000000 32000000 
0000d2f0: 0e000000 33000000 0f000000 33000000 
0000d300: 08000000 34000000 09000000 34000000 
0000d310: 08000000 35000000 09000000 35000000 
0000d320: 0a000000 34000000 0b000000 34000000 
0000d330: 0a000000 35000000 0b000000 35000000 
0000d340: 08000000 36000000 09000000 36000000 
0000d350: 08000000 37000000 09000000 37000000 
0000d360: 0a000000 36000000 0b000000 36000000 
0000d370: 0a000000 37000000 0b000000 37000000 
0000d380: 0c000000 34000000 0d000000 34000000 
0000d390: 0c000000 35000000 0d000000 35000000 
0000d3a0: 0e000000 34000000 0f000000 34000000 
0000d3b0: 0e000000 35000000 0f000000 35000000 
0000d3c0: 0c000000 36000000 0d000000 36000000 
0000d3d0: 0c000000 37000000 0d000000 37000000 
0000d3e0: 0e000000 36000000 0f000000 36000000 
0000d3f0: 0e000000 37000000 0f000000 37000000 
0000d400: 00000000 38000000 01000000 38000000 
0000d410: 00000000 39000000 01000000 39000000 
0000d420: 02000000 38000000 03000000 38000000 
0000d430: 02000000 39000000 03000000 39000000 
0000d440: 00000000 3a000000 01000000 3a000000 
0000d450: 00000000 3b000000 01000000 3b000000 
0000d460: 02000000 3a000000 03000000 3a000000 
0000d470: 02000000 3b000000 03000000 3b000000 
0000d480: 04000000 38000000 05000000 38000000 
0000d490: 04000000 39000000 05000000 39000000 
0000d4a0: 06000000 38000000 07000000 38000000 
0000d4b0: 06000000 39000000 07000000 39000000 
0000d4c0: 04000000 3a000000 05000000 3a000000 
0000d4d0: 04000000 3b000000 05000000 3b000000 
0000d4e0: 06000000 3a000000 07000000 3a000000 
0000d4f0: 06000000 3b000000 07000000 3b000000 
0000d500: 00000000 3c000000 01000000 3c000000 
0000d510: 00000000 3d000000 01000000 3d000000 
0000d520: 02000000 3c000000 03000000 3c000000 
0000d530: 02000000 3d000000 03000000 3d000000 
0000d540: 00000000 3e000000 01000000 3e000000 
0000d550: 00000000 3f000000 01000000 3f000000 
0000d560: 02000000 3e000000 03000000 3e000000 
0000d570: 02000000 3f000000 03000000 3f000000 
0000d580: 04000000 3c000000 05000000 3c000000 
0000d590: 04000000 3d000000 05000000 3d000000 
0000d5a0: 06000000 3c000000 07000000 3c000000 
0000d5b0: 06000000 3d000000 07000000 3d000000 
0000d5c0: 04000000 3e000000 05000000 3e000000 
0000d5d0: 04000000 3f000000 05000000 3f000000 
0000d5e0: 06000000 3e000000 07000000 3e000000 
0000d5f0: 06000000 3f000000 07000000 3f000000 
0000d600: 08000000 38000000 09000000 38000000 
0000d610: 08000000 39000000 09000000 39000000 
0000d620: 0a000000 38000000 0b000000 38000000 
0000d630: 0a000000 39000000 0b000000 39000000 
0000d640: 08000000 3a000000 09000000 3a000000 
0000d650: 08000000 3b000000 09000000 3b000000 
0000d660: 0a000000 3a000000 0b000000 3a000000 
0000d670: 0a000000 3b000000 0b000000 3b000000 
0000d680: 0c000000 38000000 0d000000 38000000 
0000d690: 0c000000 39000000 0d000000 39000000 
0000d6a0: 0e000000 38000000 0f000000 38000000 
0000d6b0: 0e000000 39000000 0f000000 39000000 
0000d6c0: 0c000000 3a000000 0d000000 3a000000 
0000d6d0: 0c000000 3b000000 0d000000 3b000000 
0000d6e0: 0e000000 3a000000 0f000000 3a000000 
0000d6f0: 0e000000 3b000000 0f000000 3b000000 
0000d700: 08000000 3c000000 09000000 3c000000 
0000d710: 08000000 3d000000 09000000 3d000000 
0000d720: 0a000000 3c000000 0b000000 3c000000 
0000d730: 0a000000 3d000000 0b000000 3d000000 
0000d740: 08000000 3e000000 09000000 3e000000 
0000d750: 08000000 3f000000 09000000 3f000000 
0000d760: 0a000000 3e000000 0b000000 3e000000 
0000d770: 0a000000 3f000000 0b000000 3f000000 
0000d780: 0c000000 3c000000 0d000000 3c000000 
0000d790: 0c000000 3d000000 0d000000 3d000000 
0000d7a0: 0e000000 3c000000 0f000000 3c000000 
0000d7b0: 0e000000 3d000000 0f000000 3d000000 
0000d7c0: 0c000000 3e000000 0d000000 3e000000 
0000d7d0: 0c000000 3f000000 0d000000 3f000000 
0000d7e0: 0e000000 3e000000 0f000000 3e000000 
0000d7f0: 0e000000 3f000000 0f000000 3f000000 
0000d800: 10000000 30000000 11000000 30000000 
0000d810: 10000000 31000000 11000000 31000000 
0000d820: 12000000 30000000 13000000 30000000 
0000d830: 12000000 31000000 13000000 31000000 
0000d840: 10000000 32000000 11000000 32000000 
0000d850: 10000000 33000000 11000000 33000000 
0000d860: 12000000 32000000 13000000 32000000 
0000d870: 12000000 33000000 13000000 33000000 
0000d880: 14000000 30000000 15000000 30000000 
0000d890: 14000000 31000000 15000000 31000000 
0000d8a0: 16000000 30000000 17000000 30000000 
0000d8b0: 16000000 31000000 17000000 31000000 
0000d8c0: 14000000 32000000 15000000 32000000 
0000d8d0: 14000000 33000000 15000000 33000000 
0000d8e0: 16000000 32000000 17000000 32000000 
0000d8f0: 16000000 33000000 17000000 33000000 
0000d900: 10000000 34000000 11000000 34000000 
0000d910: 10000000 35000000 11000000 35000000 
0000d920: 12000000 34000000 13000000 34000000 
0000d930: 12000000 35000000 13000000 35000000 
0000d940: 10000000 36000000 11000000 36000000 
0000d950: 10000000 37000000 11000000 37000000 
0000d960: 12000000 36000000 13000000 36000000 
0000d970: 12000000 37000000 13000000 37000000 
0000d980: 14000000 34000000 15000000 34000000 
0000d990: 14000000 35000000 15000000 35000000 
0000d9a0: 16000000 34000000 17000000 34000000 
0000d9b0: 16000000 35000000 17000000 35000000 
0000d9c0: 14000000 36000000 15000000 36000000 
0000d9d0: 14000000 37000000 15000000 37000000 
0000d9e0: 16000000 36000000 17000000 36000000 
0000d9f0: 16000000 37000000 17000000 37000000 
0000da00: 18000000 30000000 19000000 30000000 
0000da10: 18000000 31000000 19000000 31000000 
0000da20: 1a000000 30000000 1b000000 30000000 
0000da30: 1a000000 31000000 1b000000 31000000 
0000da40: 18000000 32000000 19000000 32000000 
0000da50: 18000000 33000000 19000000 33000000 
0000da60: 1a000000 32000000 1b000000 32000000 
0000da70: 1a000000 33000000 1b000000 33000000 
0000da80: 1c000000 30000000 1d000000 30000000 
0000da90: 1c000000 31000000 1d000000 31000000 
0000daa0: 1e000000 30000000 1f000000 30000000 
0000dab0: 1e000000 31000000 1f000000 31000000 
0000dac0: 1c000000 32000000 1d000000 32000000 
0000dad0: 1c000000 33000000 1d000000 33000000 
0000dae0: 1e000000 32000000 1f000000 32000000 
0000daf0: 1e000000 33000000 1f000000 33000000 
0000db00: 18000000 34000000 19000000 34000000 
0000db10: 18000000 35000000 19000000 35000000 
0000db20: 1a000000 34000000 1b000000 34000000 
0000db30: 1a000000 35000000 1b000000 35000000 
0000db40: 18000000 36000000 19000000 36000000 
0000db50: 18000000 37000000 19000000 37000000 
0000db60: 1a000000 36000000 1b000000 36000000 
0000db70: 1a000000 37000000 1b000000 37000000 
0000db80: 1c000000 34000000 1d000000 34000000 
0000db90: 1c000000 35000000 1d000000 35000000 
0000dba0: 1e000000 34000000 1f000000 34000000 
0000dbb0: 1e000000 35000000 1f000000 35000000 
0000dbc0: 1c000000 36000000 1d000000 36000000 
0000dbd0: 1c000000 37000000 1d000000 37000000 
0000dbe0: 1e000000 36000000 1f000000 36000000 
0000dbf0: 1e000000 37000000 1f000000 37000000 
0000dc00: 10000000 38000000 11000000 38000000 
0000dc10: 10000000 39000000 11000000 39000000 
0000dc20: 12000000 38000000 13000000 38000000 
0000dc30: 12000000 39000000 13000000 39000000 
0000dc40: 10000000 3a000000 11000000 3a000000 
0000dc50: 10000000 3b000000 11000000 3b000000 
0000dc60: 12000000 3a000000 13000000 3a000000 
0000dc70: 12000000 3b000000 13000000 3b000000 
0000dc80: 14000000 38000000 15000000 38000000 
0000dc90: 14000000 39000000 15000000 39000000 
0000dca0: 16000000 38000000 17000000 38000000 
0000dcb0: 16000000 39000000 17000000 39000000 
0000dcc0: 14000000 3a000000 15000000 3a000000 
0000dcd0: 14000000 3b000000 15000000 3b000000 
0000dce0: 16000000 3a000000 17000000 3a000000 
0000dcf0: 16000000 3b000000 17000000 3b000000 
0000dd00: 10000000 3c000000 11000000 3c000000 
0000dd10: 10000000 3d000000 11000000 3d000000 
0000dd20: 12000000 3c000000 13000000 3c000000 
0000dd30: 12000000 3d000000 13000000 3d000000 
0000dd40: 10000000 3e000000 11000000 3e000000 
0000dd50: 10000000 3f000000 11000000 3f000000 
0000dd60: 12000000 3e000000 13000000 3e000000 
0000dd70: 12000000 3f000000 13000000 3f000000 
0000dd80: 14000000 3c000000 15000000 3c000000 
0000dd90: 14000000 3d000000 15000000 3d000000 
0000dda0: 16000000 3c000000 17000000 3c000000 
0000ddb0: 16000000 3d000000 17000000 3d000000 
0000ddc0: 14000000 3e000000 15000000 3e000000 
0000ddd0: 14000000 3f000000 15000000 3f000000 
0000dde0: 16000000 3e000000 17000000 3e000000 
0000ddf0: 16000000 3f000000 17000000 3f000000 
0000de00: 18000000 38000000 19000000 38000000 
0000de10: 18000000 39000000 19000000 39000000 
0000de20: 1a000000 38000000 1b000000 38000000 
0000de30: 1a000000 39000000 1b000000 39000000 
0000de40: 18000000 3a000000 19000000 3a000000 
0000de50: 18000000 3b000000 19000000 3b000000 
0000de60: 1a000000 3a000000 1b000000 3a000000 
0000de70: 1a000000 3b000000 1b000000 3b000000 
0000de80: 1c000000 38000000 1d000000 38000000 
0000de90: 1c000000 39000000 1d000000 39000000 
0000dea0: 1e000000 38000000 1f000000 38000000 
0000deb0: 1e000000 39000000 1f000000 39000000 
0000dec0: 1c000000 3a000000 1d000000 3a000000 
0000ded0: 1c000000 3b000000 1d000000 3b000000 
0000dee0: 1e000000 3a000000 1f000000 3a000000 
0000def0: 1e000000 3b000000 1f000000 3b000000 
0000df00: 18000000 3c000000 19000000 3c000000 
0000df10: 18000000 3d000000 19000000 3d000000 
0000df20: 1a000000 3c000000 1b000000 3c000000 
0000df30: 1a000000 3d000000 1b000000 3d000000 
0000df40: 18000000 3e000000 19000000 3e000000 
0000df50: 18000000 3f000000 19000000 3f000000 
0000df60: 1a000000 3e000000 1b000000 3e000000 
0000df70: 1a000000 3f000000 1b000000 3f000000 
0000df80: 1c000000 3c000000 1d000000 3c000000 
0000df90: 1c000000 3d000000 1d000000 3d000000 
0000dfa0: 1e000000 3c000000 1f000000 3c000000 
0000dfb0: 1e000000 3d000000 1f000000 3d000000 
0000dfc0: 1c000000 3e000000 1d000000 3e000000 
0000dfd0: 1c000000 3f000000 1d000000 3f000000 
0000dfe0: 1e000000 3e000000 1f000000 3e000000 
0000dff0: 1e000000 3f000000 1f000000 3f000000 
0000e000: 20000000 20000000 21000000 20000000 
0000e010: 20000000 21000000 21000000 21000000 
0000e020: 22000000 20000000 23000000 20000000 
0000e030: 22000000 21000000 23000000 21000000 
0000e040: 20000000 22000000 21000000 22000000 
0000e050: 20000000 23000000 21000000 23000000 
0000e060: 22000000 22000000 23000000 22000000 
0000e070: 22000000 23000000 23000000 23000000 
0000e080: 24000000 20000000 25000000 20000000 
0000e090: 24000000 21000000 25000000 21000000 
0000e0a0: 26000000 20000000 27000000 20000000 
0000e0b0: 26000000 21000000 27000000 21000000 
0000e0c0: 24000000 22000000 25000000 22000000 
0000e0d0: 24000000 23000000 25000000 23000000 
0000e0e0: 26000000 22000000 27000000 22000000 
0000e0f0: 26000000 23000000 27000000 23000000 
0000e100: 20000000 24000000 21000000 24000000 
0000e110: 20000000 25000000 21000000 25000000 
0000e120: 22000000 24000000 23000000 24000000 
0000e130: 22000000 25000000 23000000 25000000 
0000e140: 20000000 26000000 21000000 26000000 
0000e150: 20000000 27000000 21000000 27000000 
0000e160: 22000000 26000000 23000000 26000000 
0000e170: 22000000 27000000 23000000 27000000 
0000e180: 24000000 24000000 25000000 24000000 
0000e190: 24000000 25000000 25000000 25000000 
0000e1a0: 26000000 24000000 27000000 24000000 
0000e1b0: 26000000 25000000 27000000 25000000 
0000e1c0: 24000000 26000000 25000000 26000000 
0000e1d0: 24000000 27000000 25000000 27000000 
0000e1e0: 26000000 26000000 27000000 26000000 
0000e1f0: 26000000 27000000 27000000 27000000 
0000e200: 28000000 20000000 29000000 20000000 
0000e210: 28000000 21000000 29000000 21000000 
0000e220: 2a000000 20000000 2b000000 20000000 
0000e230: 2a000000 21000000 2b000000 21000000 
0000e240: 28000000 22000000 29000000 22000000 
0000e250: 28000000 23000000 29000000 23000000 
0000e260: 2a000000 22000000 2b000000 22000000 
0000e270: 2a000000 23000000 2b000000 23000000 
0000e280: 2c000000 20000000 2d000000 20000000 
0000e290: 2c000000 21000000 2d000000 21000000 
0000e2a0: 2e000000 20000000 2f000000 20000000 
0000e2b0: 2e000000 21000000 2f000000 21000000 
0000e2c0: 2c000000 22000000 2d000000 22000000 
0000e2d0: 2c000000 23000000 2d000000 23000000 
0000e2e0: 2e000000 22000000 2f000000 22000000 
0000e2f0: 2e000000 23000000 2f000000 23000000 
0000e300: 28000000 24000000 29000000 24000000 
0000e310: 28000000 25000000 29000000 25000000 
0000e320: 2a000000 24000000 2b000000 24000000 
0000e330: 2a000000 25000000 2b000000 25000000 
0000e340: 28000000 26000000 29000000 26000000 
0000e350: 28000000 27000000 29000000 27000000 
0000e360: 2a000000 26000000 2b000000 26000000 
0000e370: 2a000000 27000000 2b000000 27000000 
0000e380: 2c000000 24000000 2d000000 24000000 
0000e390: 2c000000 25000000 2d000000 25000000 
0000e3a0: 2e000000 24000000 2f000000 24000000 
0000e3b0: 2e000000 25000000 2f000000 25000000 
0000e3c0: 2c000000 26000000 2d000000 26000000 
0000e3d0: 2c000000 27000000 2d000000 27000000 
0000e3e0: 2e000000 26000000 2f000000 26000000 
0000e3f0: 2e000000 27000000 2f000000 27000000 
0000e400: 20000000 28000000 21000000 28000000 
0000e410: 20000000 29000000 21000000 29000000 
0000e420: 22000000 28000000 23000000 28000000 
0000e430: 22000000 29000000 23000000 29000000 
0000e440: 20000000 2a000000 21000000 2a000000 
0000e450: 20000000 2b000000 21000000 2b000000 
0000e460: 22000000 2a000000 23000000 2a000000 
0000e470: 22000000 2b000000 23000000 2b000000 
0000e480: 24000000 28000000 25000000 28000000 
0000e490: 24000000 29000000 25000000 29000000 
0000e4a0: 26000000 28000000 27000000 28000000 
0000e4b0: 26000000 29000000 27000000 29000000 
0000e4c0: 24000000 2a000000 25000000 2a000000 
0000e4d0: 24000000 2b000000 25000000 2b000000 
0000e4e0: 26000000 2a000000 27000000 2a000000 
0000e4f0: 26000000 2b000000 27000000 2b000000 
0000e500: 20000000 2c000000 21000000 2c000000 
0000e510: 20000000 2d000000 21000000 2d000000 
0000e520: 22000000 2c000000 23000000 2c000000 
0000e530: 22000000 2d000000 23000000 2d000000 
0000e540: 20000000 2e000000 21000000 2e000000 
0000e550: 20000000 2f000000 21000000 2f000000 
0000e560: 22000000 2e000000 23000000 2e000000 
0000e570: 22000000 2f000000 23000000 2f000000 
0000e580: 24000000 2c000000 25000000 2c000000 
0000e590: 24000000 2d000000 25000000 2d000000 
0000e5a0: 26000000 2c000000 27000000 2c000000 
0000e5b0: 26000000 2d000000 27000000 2d000000 
0000e5c0: 24000000 2e000000 25000000 2e000000 
0000e5d0: 24000000 2f000000 25000000 2f000000 
0000e5e0: 26000000 2e000000 27000000 2e000000 
0000e5f0: 26000000 2f000000 27000000 2f000000 
0000e600: 28000000 28000000 29000000 28000000 
0000e610: 28000000 29000000 29000000 29000000 
0000e620: 2a000000 28000000 2b000000 28000000 
0000e630: 2a000000 29000000 2b000000 29000000 
0000e640: 28000000 2a000000 29000000 2a000000 
0000e650: 28000000 2b000000 29000000 2b000000 
0000e660: 2a000000 2a000000 2b000000 2a000000 
0000e670: 2a000000 2b000000 2b000000 2b000000 
0000e680: 2c000000 28000000 2d000000 28000000 
0000e690: 2c000000 29000000 2d000000 29000000 
0000e6a0: 2e000000 28000000 2f000000 28000000 
0000e6b0: 2e000000 29000000 2f000000 29000000 
0000e6c0: 2c000000 2a000000 2d000000 2a000000 
0000e6d0: 2c000000 2b000000 2d000000 2b000000 
0000e6e0: 2e000000 2a000000 2f000000 2a000000 
0000e6f0: 2e000000 2b000000 2f000000 2b000000 
0000e700: 28000000 2c000000 29000000 2c000000 
0000e710: 28000000 2d000000 29000000 2d000000 
0000e720: 2a000000 2c000000 2b000000 2c000000 
0000e730: 2a000000 2d000000 2b000000 2d000000 
0000e740: 28000000 2e000000 29000000 2e000000 
0000e750: 28000000 2f000000 29000000 2f000000 
0000e760: 2a000000 2e000000 2b000000 2e000000 
0000e770: 2a000000 2f000000 2b000000 2f000000 
0000e780: 2c000000 2c000000 2d000000 2c000000 
0000e790: 2c000000 2d000000 2d000000 2d000000 
0000e7a0: 2e000000 2c000000 2f000000 2c000000 
0000e7b0: 2e000000 2d000000 2f000000 2d000000 
0000e7c0: 2c000000 2e000000 2d000000 2e000000 
0000e7d0: 2c000000 2f000000 2d000000 2f000000 
0000e7e0: 2e000000 2e000000 2f000000 2e000000 
0000e7f0: 2e000000 2f000000 2f000000 2f000000 
0000e800: 30000000 20000000 31000000 20000000 
0000e810: 30000000 21000000 31000000 21000000 
0000e820: 32000000 20000000 33000000 20000000 
0000e830: 32000000 21000000 33000000 21000000 
0000e840: 30000000 22000000 31000000 22000000 
0000e850: 30000000 23000000 31000000 23000000 
0000e860: 32000000 22000000 33000000 22000000 
0000e870: 32000000 23000000 33000000 23000000 
0000e880: 34000000 20000000 35000000 20000000 
0000e890: 34000000 21000000 35000000 21000000 
0000e8a0: 36000000 20000000 37000000 20000000 
0000e8b0: 36000000 21000000 37000000 21000000 
0000e8c0: 34000000 22000000 35000000 22000000 
0000e8d0: 34000000 23000000 35000000 23000000 
0000e8e0: 36000000 22000000 37000000 22000000 
0000e8f0: 36000000 23000000 37000000 23000000 
0000e900: 30000000 24000000 31000000 24000000 
0000e910: 30000000 25000000 31000000 25000000 
0000e920: 32000000 24000000 33000000 24000000 
0000e930: 32000000 25000000 33000000 25000000 
0000e940: 30000000 26000000 31000000 26000000 
0000e950: 30000000 27000000 31000000 27000000 
0000e960: 32000000 26000000 33000000 26000000 
0000e970: 32000000 27000000 33000000 27000000 
0000e980: 34000000 24000000 35000000 24000000 
0000e990: 34000000 25000000 35000000 25000000 
0000e9a0: 36000000 24000000 37000000 24000000 
0000e9b0: 36000000 25000000 37000000 25000000 
0000e9c0: 34000000 26000000 35000000 26000000 
0000e9d0: 34000000 27000000 35000000 27000000 
0000e9e0: 36000000 26000000 37000000 26000000 
0000e9f0: 36000000 27000000 37000000 27000000 
0000ea00: 38000000 20000000 39000000 20000000 
0000ea10: 38000000 21000000 39000000 21000000 
0000ea20: 3a000000 20000000 3b000000 20000000 
0000ea30: 3a000000 21000000 3b000000 21000000 
0000ea40: 38000000 22000000 39000000 22000000 
0000ea50: 38000000 23000000 39000000 23000000 
0000ea60: 3a000000 22000000 3b000000 22000000 
0000ea70: 3a000000 23000000 3b000000 23000000 
0000ea80: 3c000000 20000000 3d000000 20000000 
0000ea90: 3c000000 21000000 3d000000 21000000 
0000eaa0: 3e000000 20000000 3f000000 20000000 
0000eab0: 3e000000 21000000 3f000000 21000000 
0000eac0: 3c000000 22000000 3d000000 22000000 
0000ead0: 3c000000 23000000 3d000000 23000000 
0000eae0: 3e000000 22000000 3f000000 22000000 
0000eaf0: 3e000000 23000000 3f000000 23000000 
0000eb00: 38000000 24000000 39000000 24000000 
0000eb10: 38000000 25000000 39000000 25000000 
0000eb20: 3a000000 24000000 3b000000 24000000 
0000eb30: 3a000000 25000000 3b000000 25000000 
0000eb40: 38000000 26000000 39000000 26000000 
0000eb50: 38000000 27000000 39000000 27000000 
0000eb60: 3a000000 26000000 3b000000 26000000 
0000eb70: 3a000000 27000000 3b000000 27000000 
0000eb80: 3c000000 24000000 3d000000 24000000 
0000eb90: 3c000000 25000000 3d000000 25000000 
0000eba0: 3e000000 24000000 3f000000 24000000 
0000ebb0: 3e000000 25000000 3f000000 25000000 
0000ebc0: 3c000000 26000000 3d000000 26000000 
0000ebd0: 3c000000 27000000 3d000000 27000000 
0000ebe0: 3e000000 26000000 3f000000 26000000 
0000ebf0: 3e000000 27000000 3f000000 27000000 
0000ec00: 30000000 28000000 31000000 28000000 
0000ec10: 30000000 29000000 31000000 29000000 
0000ec20: 32000000 28000000 33000000 28000000 
0000ec30: 32000000 29000000 33000000 29000000 
0000ec40: 30000000 2a000000 31000000 2a000000 
0000ec50: 30000000 2b000000 31000000 2b000000 
0000ec60: 32000000 2a000000 33000000 2a000000 
0000ec70: 32000000 2b000000 33000000 2b000000 
0000ec80: 34000000 28000000 35000000 28000000 
0000ec90: 34000000 29000000 35000000 29000000 
0000eca0: 36000000 28000000 37000000 28000000 
0000ecb0: 36000000 29000000 37000000 29000000 
0000ecc0: 34000000 2a000000 35000000 2a000000 
0000ecd0: 34000000 2b000000 35000000 2b000000 
0000ece0: 36000000 2a000000 37000000 2a000000 
0000ecf0: 36000000 2b000000 37000000 2b000000 
0000ed00: 30000000 2c000000 31000000 2c000000 
0000ed10: 30000000 2d000000 31000000 2d000000 
0000ed20: 32000000 2c000000 33000000 2c000000 
0000ed30: 32000000 2d000000 33000000 2d000000 
0000ed40: 30000000 2e000000 31000000 2e000000 
0000ed50: 30000000 2f000000 31000000 2f000000 
0000ed60: 32000000 2e000000 33000000 2e000000 
0000ed70: 32000000 2f000000 33000000 2f000000 
0000ed80: 34000000 2c000000 35000000 2c000000 
0000ed90: 34000000 2d000000 35000000 2d000000 
0000eda0: 36000000 2c000000 37000000 2c000000 
0000edb0: 36000000 2d000000 37000000 2d000000 
0000edc0: 34000000 2e000000 35000000 2e000000 
0000edd0: 34000000 2f000000 35000000 2f000000 
0000ede0: 36000000 2e000000 37000000 2e000000 
0000edf0: 36000000 2f000000 37000000 2f000000 
0000ee00: 38000000 28000000 39000000 28000000 
0000ee10: 38000000 29000000 39000000 29000000 
0000ee20: 3a000000 28000000 3b000000 28000000 
0000ee30: 3a000000 29000000 3b000000 29000000 
0000ee40: 38000000 2a000000 39000000 2a000000 
0000ee50: 38000000 2b000000 39000000 2b000000 
0000ee60: 3a000000 2a000000 3b000000 2a000000 
0000ee70: 3a000000 2b000000 3b000000 2b000000 
0000ee80: 3c000000 28000000 3d000000 28000000 
0000ee90: 3c000000 29000000 3d000000 29000000 
0000eea0: 3e000000 28000000 3f000000 28000000 
0000eeb0: 3e000000 29000000 3f000000 29000000 
0000eec0: 3c000000 2a000000 3d000000 2a000000 
0000eed0: 3c000000 2b000000 3d000000 2b000000 
0000eee0: 3e000000 2a000000 3f000000 2a000000 
0000eef0: 3e000000 2b000000 3f000000 2b000000 
0000ef00: 38000000 2c000000 39000000 2c000000 
0000ef10: 38000000 2d000000 39000000 2d000000 
0000ef20: 3a000000 2c000000 3b000000 2c000000 
0000ef30: 3a000000 2d000000 3b000000 2d000000 
0000ef40: 38000000 2e000000 39000000 2e000000 
0000ef50: 38000000 2f000000 39000000 2f000000 
0000ef60: 3a000000 2e000000 3b000000 2e000000 
0000ef70: 3a000000 2f000000 3b000000 2f000000 
0000ef80: 3c000000 2c000000 3d000000 2c000000 
0000ef90: 3c000000 2d000000 3d000000 2d000000 
0000efa0: 3e000000 2c000000 3f000000 2c000000 
0000efb0: 3e000000 2d000000 3f000000 2d000000 
0000efc0: 3c000000 2e000000 3d000000 2e000000 
0000efd0: 3c000000 2f000000 3d000000 2f000000 
0000efe0: 3e000000 2e000000 3f000000 2e000000 
0000eff0: 3e000000 2f000000 3f000000 2f000000 
0000f000: 20000000 30000000 21000000 30000000 
0000f010: 20000000 31000000 21000000 31000000 
0000f020: 22000000 30000000 23000000 30000000 
0000f030: 22000000 31000000 23000000 31000000 
0000f040: 20000000 32000000 21000000 32000000 
0000f050: 20000000 33000000 21000000 33000000 
0000f060: 22000000 32000000 23000000 32000000 
0000f070: 22000000 33000000 23000000 33000000 
0000f080: 24000000 30000000 25000000 30000000 
0000f090: 24000000 31000000 25000000 31000000 
0000f0a0: 26000000 30000000 27000000 30000000 
0000f0b0: 26000000 31000000 27000000 31000000 
0000f0c0: 24000000 32000000 25000000 32000000 
0000f0d0: 24000000 33000000 25000000 33000000 
0000f0e0: 26000000 32000000 27000000 32000000 
0000f0f0: 26000000 33000000 27000000 33000000 
0000f100: 20000000 34000000 21000000 34000000 
0000f110: 20000000 35000000 21000000 35000000 
0000f120: 22000000 34000000 23000000 34000000 
0000f130: 22000000 35000000 23000000 35000000 
0000f140: 20000000 36000000 21000000 36000000 
0000f150: 20000000 37000000 21000000 37000000 
0000f160: 22000000 36000000 23000000 36000000 
0000f170: 22000000 37000000 23000000 37000000 
0000f180: 24000000 34000000 25000000 34000000 
0000f190: 24000000 35000000 25000000 35000000 
0000f1a0: 26000000 34000000 27000000 34000000 
0000f1b0: 26000000 35000000 27000000 35000000 
0000f1c0: 24000000 36000000 25000000 36000000 
0000f1d0: 24000000 37000000 25000000 37000000 
0000f1e0: 26000000 36000000 27000000 36000000 
0000f1f0: 26000000 37000000 27000000 37000000 
0000f200: 28000000 30000000 29000000 30000000 
0000f210: 28000000 31000000 29000000 31000000 
0000f220: 2a000000 30000000 2b000000 30000000 
0000f230: 2a000000 31000000 2b000000 31000000 
0000f240: 28000000 32000000 29000000 32000000 
0000f250: 28000000 33000000 29000000 33000000 
0000f260: 2a000000 32000000 2b000000 32000000 
0000f270: 2a000000 33000000 2b000000 33000000 
0000f280: 2c000000 30000000 2d000000 30000000 
0000f290: 2c000000 31000000 2d000000 31000000 
0000f2a0: 2e000000 30000000 2f000000 30000000 
0000f2b0: 2e000000 31000000 2f000000 31000000 
0000f2c0: 2c000000 32000000 2d000000 32000000 
0000f2d0: 2c000000 33000000 2d000000 33000000 
0000f2e0: 2e000000 32000000 2f000000 32000000 
0000f2f0: 2e000000 33000000 2f000000 33000000 
0000f300: 28000000 34000000 29000000 34000000 
0000f310: 28000000 35000000 29000000 35000000 
0000f320: 2a000000 34000000 2b000000 34000000 
0000f330: 2a000000 35000000 2b000000 35000000 
0000f340: 28000000 36000000 29000000 36000000 
0000f350: 28000000 37000000 29000000 37000000 
0000f360: 2a000000 36000000 2b000000 36000000 
0000f370: 2a000000 37000000 2b000000 37000000 
0000f380: 2c000000 34000000 2d000000 34000000 
0000f390: 2c000000 35000000 2d000000 35000000 
0000f3a0: 2e000000 34000000 2f000000 34000000 
0000f3b0: 2e000000 35000000 2f000000 35000000 
0000f3c0: 2c000000 36000000 2d000000 36000000 
0000f3d0: 2c000000 37000000 2d000000 37000000 
0000f3e0: 2e000000 36000000 2f000000 36000000 
0000f3f0: 2e000000 37000000 2f000000 37000000 
0000f400: 20000000 38000000 21000000 38000000 
0000f410: 20000000 39000000 21000000 39000000 
0000f420: 22000000 38000000 23000000 38000000 
0000f430: 22000000 39000000 23000000 39000000 
0000f440: 20000000 3a000000 21000000 3a000000 
0000f450: 20000000 3b000000 21000000 3b000000 
0000f460: 22000000 3a000000 23000000 3a000000 
0000f470: 22000000 3b000000 23000000 3b000000 
0000f480: 24000000 38000000 25000000 38000000 
0000f490: 24000000 39000000 25000000 39000000 
0000f4a0: 26000000 38000000 27000000 38000000 
0000f4b0: 26000000 39000000 27000000 39000000 
0000f4c0: 24000000 3a000000 25000000 3a000000 
0000f4d0: 24000000 3b000000 25000000 3b000000 
0000f4e0: 26000000 3a000000 27000000 3a000000 
0000f4f0: 26000000 3b000000 27000000 3b000000 
0000f500: 20000000 3c000000 21000000 3c000000 
0000f510: 20000000 3d000000 21000000 3d000000 
0000f520: 22000000 3c000000 23000000 3c000000 
0000f530: 22000000 3d000000 23000000 3d000000 
0000f540: 20000000 3e000000 21000000 3e000000 
0000f550: 20000000 3f000000 21000000 3f000000 
0000f560: 22000000 3e000000 23000000 3e000000 
0000f570: 22000000 3f000000 23000000 3f000000 
0000f580: 24000000 3c000000 25000000 3c000000 
0000f590: 24000000 3d000000 25000000 3d000000 
0000f5a0: 26000000 3c000000 27000000 3c000000 
0000f5b0: 26000000 3d000000 27000000 3d000000 
0000f5c0: 24000000 3e000000 25000000 3e000000 
0000f5d0: 24000000 3f000000 25000000 3f000000 
0000f5e0: 26000000 3e000000 27000000 3e000000 
0000f5f0: 26000000 3f000000 27000000 3f000000 
0000f600: 28000000 38000000 29000000 38000000 
0000f610: 28000000 39000000 29000000 39000000 
0000f620: 2a000000 38000000 2b000000 38000000 
0000f630: 2a000000 39000000 2b000000 39000000 
0000f640: 28000000 3a000000 29000000 3a000000 
0000f650: 28000000 3b000000 29000000 3b000000 
0000f660: 2a000000 3a000000 2b000000 3a000000 
0000f670: 2a000000 3b000000 2b000000 3b000000 
0000f680: 2c000000 38000000 2d000000 38000000 
0000f690: 2c000000 39000000 2d000000 39000000 
0000f6a0: 2e000000 38000000 2f000000 38000000 
0000f6b0: 2e000000 39000000 2f000000 39000000 
0000f6c0: 2c000000 3a000000 2d000000 3a000000 
0000f6d0: 2c000000 3b000000 2d000000 3b000000 
0000f6e0: 2e000000 3a000000 2f000000 3a000000 
0000f6f0: 2e000000 3b000000 2f000000 3b000000 
0000f700: 28000000 3c000000 29000000 3c000000 
0000f710: 28000000 3d000000 29000000 3d000000 
0000f720: 2a000000 3c000000 2b000000 3c000000 
0000f730: 2a000000 3d000000 2b000000 3d000000 
0000f740: 28000000 3e000000 29000000 3e000000 
0000f750: 28000000 3f000000 29000000 3f000000 
0000f760: 2a000000 3e000000 2b000000 3e000000 
0000f770: 2a000000 3f000000 2b000000 3f000000 
0000f780: 2c000000 3c000000 2d000000 3c000000 
0000f790: 2c000000 3d000000 2d000000 3d000000 
0000f7a0: 2e000000 3c000000 2f000000 3c000000 
0000f7b0: 2e000000 3d000000 2f000000 3d000000 
0000f7c0: 2c000000 3e000000 2d000000 3e000000 
0000f7d0: 2c000000 3f000000 2d000000 3f000000 
0000f7e0: 2e000000 3e000000 2f000000 3e000000 
0000f7f0: 2e000000 3f000000 2f000000 3f000000 
0000f800: 30000000 30000000 31000000 30000000 
0000f810: 30000000 31000000 31000000 31000000 
0000f820: 32000000 30000000 33000000 30000000 
0000f830: 32000000 31000000 33000000 31000000 
0000f840: 30000000 32000000 31000000 32000000 
0000f850: 30000000 33000000 31000000 33000000 
0000f860: 32000000 32000000 33000000 32000000 
0000f870: 32000000 33000000 33000000 33000000 
0000f880: 34000000 30000000 35000000 30000000 
0000f890: 34000000 31000000 35000000 31000000 
0000f8a0: 36000000 30000000 37000000 30000000 
0000f8b0: 36000000 31000000 37000000 31000000 
0000f8c0: 34000000 32000000 35000000 32000000 
0000f8d0: 34000000 33000000 35000000 33000000 
0000f8e0: 36000000 32000000 37000000 32000000 
0000f8f0: 36000000 33000000 37000000 33000000 
0000f900: 30000000 34000000 31000000 34000000 
0000f910: 30000000 35000000 31000000 35000000 
0000f920: 32000000 34000000 33000000 34000000 
0000f930: 32000000 35000000 33000000 35000000 
0000f940: 30000000 36000000 31000000 36000000 
0000f950: 30000000 37000000 31000000 37000000 
0000f960: 32000000 36000000 33000000 36000000 
0000f970: 32000000 37000000 33000000 37000000 
0000f980: 34000000 34000000 35000000 34000000 
0000f990: 34000000 35000000 35000000 35000000 
0000f9a0: 36000000 34000000 37000000 34000000 
0000f9b0: 36000000 35000000 37000000 35000000 
0000f9c0: 34000000 36000000 35000000 36000000 
0000f9d0: 34000000 37000000 35000000 37000000 
0000f9e0: 36000000 36000000 37000000 36000000 
0000f9f0: 36000000 37000000 37000000 37000000 
0000fa00: 38000000 30000000 39000000 30000000 
0000fa10: 38000000 31000000 39000000 31000000 
0000fa20: 3a000000 30000000 3b000000 30000000 
0000fa30: 3a000000 31000000 3b000000 31000000 
0000fa40: 38000000 32000000 39000000 32000000 
0000fa50: 38000000 33000000 39000000 33000000 
0000fa60: 3a000000 32000000 3b000000 32000000 
0000fa70: 3a000000 33000000 3b000000 33000000 
0000fa80: 3c000000 30000000 3d000000 30000000 
0000fa90: 3c000000 31000000 3d000000 31000000 
0000faa0: 3e000000 30000000 3f000000 30000000 
0000fab0: 3e000000 31000000 3f000000 31000000 
0000fac0: 3c000000 32000000 3d000000 32000000 
0000fad0: 3c000000 33000000 3d000000 33000000 
0000fae0: 3e000000 32000000 3f000000 32000000 
0000faf0: 3e000000 33000000 3f000000 33000000 
0000fb00: 38000000 34000000 39000000 34000000 
0000fb10: 38000000 35000000 39000000 35000000 
0000fb20: 3a000000 34000000 3b000000 34000000 
0000fb30: 3a000000 35000000 3b000000 35000000 
0000fb40: 38000000 36000000 39000000 36000000 
0000fb50: 38000000 37000000 39000000 37000000 
0000fb60: 3a000000 36000000 3b000000 36000000 
0000fb70: 3a000000 37000000 3b000000 37000000 
0000fb80: 3c000000 34000000 3d000000 34000000 
0000fb90: 3c000000 35000000 3d000000 35000000 
0000fba0: 3e000000 34000000 3f000000 34000000 
0000fbb0: 3e000000 35000000 3f000000 35000000 
0000fbc0: 3c000000 36000000 3d000000 36000000 
0000fbd0: 3c000000 37000000 3d000000 37000000 
0000fbe0: 3e000000 36000000 3f000000 36000000 
0000fbf0: 3e000000 37000000 3f000000 37000000 
0000fc00: 30000000 38000000 31000000 38000000 
0000fc10: 30000000 39000000 31000000 39000000 
0000fc20: 32000000 38000000 33000000 38000000 
0000fc30: 32000000 39000000 33000000 39000000 
0000fc40: 30000000 3a000000 31000000 3a000000 
0000fc50: 30000000 3b000000 31000000 3b000000 
0000fc60: 32000000 3a000000 33000000 3a000000 
0000fc70: 32000000 3b000000 33000000 3b000000 
0000fc80: 34000000 38000000 35000000 38000000 
0000fc90: 34000000 39000000 35000000 39000000 
0000fca0: 36000000 38000000 37000000 38000000 
0000fcb0: 36000000 39000000 37000000 39000000 
0000fcc0: 34000000 3a000000 35000000 3a000000 
0000fcd0: 34000000 3b000000 35000000 3b000000 
0000fce0: 36000000 3a000000 37000000 3a000000 
0000fcf0: 36000000 3b000000 37000000 3b000000 
0000fd00: 30000000 3c000000 31000000 3c000000 
0000fd10: 30000000 3d000000 31000000 3d000000 
0000fd20: 32000000 3c000000 33000000 3c000000 
0000fd30: 32000000 3d000000 33000000 3d000000 
0000fd40: 30000000 3e000000 31000000 3e000000 
0000fd50: 30000000 3f000000 31000000 3f000000 
0000fd60: 32000000 3e000000 33000000 3e000000 
0000fd70: 32000000 3f000000 33000000 3f000000 
0000fd80: 34000000 3c000000 35000000 3c000000 
0000fd90: 34000000 3d000000 35000000 3d000000 
0000fda0: 36000000 3c000000 37000000 3c000000 
0000fdb0: 36000000 3d000000 37000000 3d000000 
0000fdc0: 34000000 3e000000 35000000 3e000000 
0000fdd0: 34000000 3f000000 35000000 3f000000 
0000fde0: 36000000 3e000000 37000000 3e000000 
0000fdf0: 36000000 3f000000 37000000 3f000000 
0000fe00: 38000000 38000000 39000000 38000000 
0000fe10: 38000000 39000000 39000000 39000000 
0000fe20: 3a000000 38000000 3b000000 38000000 
0000fe30: 3a000000 39000000 3b000000 39000000 
0000fe40: 38000000 3a000000 39000000 3a000000 
0000fe50: 38000000 3b000000 39000000 3b000000 
0000fe60: 3a000000 3a000000 3b000000 3a000000 
0000fe70: 3a000000 3b000000 3b000000 3b000000 
0000fe80: 3c000000 38000000 3d000000 38000000 
0000fe90: 3c000000 39000000 3d000000 39000000 
0000fea0: 3e000000 38000000 3f000000 38000000 
0000feb0: 3e000000 39000000 3f000000 39000000 
0000fec0: 3c000000 3a000000 3d000000 3a000000 
0000fed0: 3c000000 3b000000 3d000000 3b000000 
0000fee0: 3e000000 3a000000 3f000000 3a000000 
0000fef0: 3e000000 3b000000 3f000000 3b000000 
0000ff00: 38000000 3c000000 39000000 3c000000 
0000ff10: 38000000 3d000000 39000000 3d000000 
0000ff20: 3a000000 3c000000 3b000000 3c000000 
0000ff30: 3a000000 3d000000 3b000000 3d000000 
0000ff40: 38000000 3e000000 39000000 3e000000 
0000ff50: 38000000 3f000000 39000000 3f000000 
0000ff60: 3a000000 3e000000 3b000000 3e000000 
0000ff70: 3a000000 3f000000 3b000000 3f000000 
0000ff80: 3c000000 3c000000 3d000000 3c000000 
0000ff90: 3c000000 3d000000 3d000000 3d000000 
0000ffa0: 3e000000 3c000000 3f000000 3c000000 
0000ffb0: 3e000000 3d000000 3f000000 3d000000 
0000ffc0: 3c000000 3e000000 3d000000 3e000000 
0000ffd0: 3c000000 3f000000 3d000000 3f000000 
0000ffe0: 3e000000 3e000000 3f000000 3e000000 
0000fff0: 3e000000 3f000000 3f000000 3f000000 
00010000: 40000000 20000000 41000000 20000000 
00010010: 40000000 21000000 41000000 21000000 
00010020: 42000000 20000000 43000000 20000000 
00010030: 42000000 21000000 43000000 21000000 
00010040: 40000000 22000000 41000000 22000000 
00010050: 40000000 23000000 41000000 23000000 
00010060: 42000000 22000000 43000000 22000000 
00010070: 42000000 23000000 43000000 23000000 
00010080: 44000000 20000000 45000000 20000000 
00010090: 44000000 21000000 45000000 21000000 
000100a0: 46000000 20000000 47000000 20000000 
000100b0: 46000000 21000000 47000000 21000000 
000100c0: 44000000 22000000 45000000 22000000 
000100d0: 44000000 23000000 45000000 23000000 
000100e0: 46000000 22000000 47000000 22000000 
000100f0: 46000000 23000000 47000000 23000000 
00010100: 40000000 24000000 41000000 24000000 
00010110: 40000000 25000000 41000000 25000000 
00010120: 42000000 24000000 43000000 24000000 
00010130: 42000000 25000000 43000000 25000000 
00010140: 40000000 26000000 41000000 26000000 
00010150: 40000000 27000000 41000000 27000000 
00010160: 42000000 26000000 43000000 26000000 
00010170: 42000000 27000000 43000000 27000000 
00010180: 44000000 24000000 45000000 24000000 
00010190: 44000000 25000000 45000000 25000000 
000101a0: 46000000 24000000 47000000 24000000 
000101b0: 46000000 25000000 47000000 25000000 
000101c0: 44000000 26000000 45000000 26000000 
000101d0: 44000000 27000000 45000000 27000000 
000101e0: 46000000 26000000 47000000 26000000 
000101f0: 46000000 27000000 47000000 27000000 
00010200: 48000000 20000000 49000000 20000000 
00010210: 48000000 21000000 49000000 21000000 
00010220: 4a000000 20000000 4b000000 20000000 
00010230: 4a000000 21000000 4b000000 21000000 
00010240: 48000000 22000000 49000000 22000000 
00010250: 48000000 23000000 49000000 23000000 
00010260: 4a000000 22000000 4b000000 22000000 
00010270: 4a000000 23000000 4b000000 23000000 
00010280: 4c000000 20000000 4d000000 20000000 
00010290: 4c000000 21000000 4d000000 21000000 
000102a0: 4e000000 20000000 4f000000 20000000 
000102b0: 4e000000 21000000 4f000000 21000000 
000102c0: 4c000000 22000000 4d000000 22000000 
000102d0: 4c000000 23000000 4d000000 23000000 
000102e0: 4e000000 22000000 4f000000 22000000 
000102f0: 4e000000 23000000 4f000000 23000000 
00010300: 48000000 24000000 49000000 24000000 
00010310: 48000000 25000000 49000000 25000000 
00010320: 4a000000 24000000 4b000000 24000000 
00010330: 4a000000 25000000 4b000000 25000000 
00010340: 48000000 26000000 49000000 26000000 
00010350: 48000000 27000000 49000000 27000000 
00010360: 4a000000 26000000 4b000000 26000000 
00010370: 4a000000 27000000 4b000000 27000000 
00010380: 4c000000 24000000 4d000000 24000000 
00010390: 4c000000 25000000 4d000000 25000000 
000103a0: 4e000000 24000000 4f000000 24000000 
000103b0: 4e000000 25000000 4f000000 25000000 
000103c0: 4c000000 26000000 4d000000 26000000 
000103d0: 4c000000 27000000 4d000000 27000000 
000103e0: 4e000000 26000000 4f000000 26000000 
000103f0: 4e000000 27000000 4f000000 27000000 
00010400: 40000000 28000000 41000000 28000000 
00010410: 40000000 29000000 41000000 29000000 
00010420: 42000000 28000000 43000000 28000000 
00010430: 42000000 29000000 43000000 29000000 
00010440: 40000000 2a000000 41000000 2a000000 
00010450: 40000000 2b000000 41000000 2b000000 
00010460: 42000000 2a000000 43000000 2a000000 
00010470: 42000000 2b000000 43000000 2b000000 
00010480: 44000000 28000000 45000000 28000000 
00010490: 44000000 29000000 45000000 29000000 
000104a0: 46000000 28000000 47000000 28000000 
000104b0: 46000000 29000000 47000000 29000000 
000104c0: 44000000 2a000000 45000000 2a000000 
000104d0: 44000000 2b000000 45000000 2b000000 
000104e0: 46000000 2a000000 47000000 2a000000 
000104f0: 46000000 2b000000 47000000 2b000000 
00010500: 40000000 2c000000 41000000 2c000000 
00010510: 40000000 2d000000 41000000 2d000000 
00010520: 42000000 2c000000 43000000 2c000000 
00010530: 42000000 2d000000 43000000 2d000000 
00010540: 40000000 2e000000 41000000 2e000000 
00010550: 40000000 2f000000 41000000 2f000000 
00010560: 42000000 2e000000 43000000 2e000000 
00010570: 42000000 2f000000 43000000 2f000000 
00010580: 44000000 2c000000 45000000 2c000000 
00010590: 44000000 2d000000 45000000 2d000000 
000105a0: 46000000 2c000000 47000000 2c000000 
000105b0: 46000000 2d000000 47000000 2d000000 
000105c0: 44000000 2e000000 45000000 2e000000 
000105d0: 44000000 2f000000 45000000 2f000000 
000105e0: 46000000 2e000000 47000000 2e000000 
000105f0: 46000000 2f000000 47000000 2f000000 
00010600: 48000000 28000000 49000000 28000000 
00010610: 48000000 29000000 49000000 29000000 
00010620: 4a000000 28000000 4b000000 28000000 
00010630: 4a000000 29000000 4b000000 29000000 
00010640: 48000000 2a000000 49000000 2a000000 
00010650: 48000000 2b000000 49000000 2b000000 
00010660: 4a000000 2a000000 4b000000 2a000000 
00010670: 4a000000 2b000000 4b000000 2b000000 
00010680: 4c000000 28000000 4d000000 28000000 
00010690: 4c000000 29000000 4d000000 29000000 
000106a0: 4e000000 28000000 4f000000 28000000 
000106b0: 4e000000 29000000 4f000000 29000000 
000106c0: 4c000000 2a000000 4d000000 2a000000 
000106d0: 4c000000 2b000000 4d000000 2b000000 
000106e0: 4e000000 2a000000 4f000000 2a000000 
000106f0: 4e000000 2b000000 4f000000 2b000000 
00010700: 48000000 2c000000 49000000 2c000000 
00010710: 48000000 2d000000 49000000 2d000000 
00010720: 4a000000 2c000000 4b000000 2c000000 
00010730: 4a000000 2d000000 4b000000 2d000000 
00010740: 48000000 2e000000 49000000 2e000000 
00010750: 48000000 2f000000 49000000 2f000000 
00010760: 4a000000 2e000000 4b000000 2e000000 
00010770: 4a000000 2f000000 4b000000 2f000000 
00010780: 4c000000 2c000000 4d000000 2c000000 
00010790: 4c000000 2d000000 4d000000 2d000000 
000107a0: 4e000000 2c000000 4f000000 2c000000 
000107b0: 4e000000 2d000000 4f000000 2d000000 
000107c0: 4c000000 2e000000 4d000000 2e000000 
000107d0: 4c000000 2f000000 4d000000 2f000000 
000107e0: 4e000000 2e000000 4f000000 2e000000 
000107f0: 4e000000 2f000000 4f000000 2f000000 
00010800: 50000000 20000000 51000000 20000000 
00010810: 50000000 21000000 51000000 21000000 
00010820: 52000000 20000000 53000000 20000000 
00010830: 52000000 21000000 53000000 21000000 
00010840: 50000000 22000000 51000000 22000000 
00010850: 50000000 23000000 51000000 23000000 
00010860: 52000000 22000000 53000000 22000000 
00010870: 52000000 23000000 53000000 23000000 
00010880: 54000000 20000000 55000000 20000000 
00010890: 54000000 21000000 55000000 21000000 
000108a0: 56000000 20000000 57000000 20000000 
000108b0: 56000000 21000000 57000000 21000000 
000108c0: 54000000 22000000 55000000 22000000 
000108d0: 54000000 23000000 55000000 23000000 
000108e0: 56000000 22000000 57000000 22000000 
000108f0: 56000000 23000000 57000000 23000000 
00010900: 50000000 24000000 51000000 24000000 
00010910: 50000000 25000000 51000000 25000000 
00010920: 52000000 24000000 53000000 24000000 
00010930: 52000000 25000000 53000000 25000000 
00010940: 50000000 26000000 51000000 26000000 
00010950: 50000000 27000000 51000000 27000000 
00010960: 52000000 26000000 53000000 26000000 
00010970: 52000000 27000000 53000000 27000000 
00010980: 54000000 24000000 55000000 24000000 
00010990: 54000000 25000000 55000000 25000000 
000109a0: 56000000 24000000 57000000 24000000 
000109b0: 56000000 25000000 57000000 25000000 
000109c0: 54000000 26000000 55000000 26000000 
000109d0: 54000000 27000000 55000000 27000000 
000109e0: 56000000 26000000 57000000 26000000 
000109f0: 56000000 27000000 57000000 27000000 
00010a00: 58000000 20000000 59000000 20000000 
00010a10: 58000000 21000000 59000000 21000000 
00010a20: 5a000000 20000000 5b000000 20000000 
00010a30: 5a000000 21000000 5b000000 21000000 
00010a40: 58000000 22000000 59000000 22000000 
00010a50: 58000000 23000000 59000000 23000000 
00010a60: 5a000000 22000000 5b000000 22000000 
00010a70: 5a000000 23000000 5b000000 23000000 
00010a80: 5c000000 20000000 5d000000 20000000 
00010a90: 5c000000 21000000 5d000000 21000000 
00010aa0: 5e000000 20000000 5f000000 20000000 
00010ab0: 5e000000 21000000 5f000000 21000000 
00010ac0: 5c000000 22000000 5d000000 22000000 
00010ad0: 5c000000 23000000 5d000000 23000000 
00010ae0: 5e000000 22000000 5f000000 22000000 
00010af0: 5e000000 23000000 5f000000 23000000 
00010b00: 58000000 24000000 59000000 24000000 
00010b10: 58000000 25000000 59000000 25000000 
00010b20: 5a000000 24000000 5b000000 24000000 
00010b30: 5a000000 25000000 5b000000 25000000 
00010b40: 58000000 26000000 59000000 26000000 
00010b50: 58000000 27000000 59000000 27000000 
00010b60: 5a000000 26000000 5b000000 26000000 
00010b70: 5a000000 27000000 5b000000 27000000 
00010b80: 5c000000 24000000 5d000000 24000000 
00010b90: 5c000000 25000000 5d000000 25000000 
00010ba0: 5e000000 24000000 5f000000 24000000 
00010bb0: 5e000000 25000000 5f000000 25000000 
00010bc0: 5c000000 26000000 5d000000 26000000 
00010bd0: 5c000000 27000000 5d000000 27000000 
00010be0: 5e000000 26000000 5f000000 26000000 
00010bf0: 5e000000 27000000 5f000000 27000000 
00010c00: 50000000 28000000 51000000 28000000 
00010c10: 50000000 29000000 51000000 29000000 
00010c20: 52000000 28000000 53000000 28000000 
00010c30: 52000000 29000000 53000000 29000000 
00010c40: 50000000 2a000000 51000000 2a000000 
00010c50: 50000000 2b000000 51000000 2b000000 
00010c60: 52000000 2a000000 53000000 2a000000 
00010c70: 52000000 2b000000 53000000 2b000000 
00010c80: 54000000 28000000 55000000 28000000 
00010c90: 54000000 29000000 55000000 29000000 
00010ca0: 56000000 28000000 57000000 28000000 
00010cb0: 56000000 29000000 57000000 29000000 
00010cc0: 54000000 2a000000 55000000 2a000000 
00010cd0: 54000000 2b000000 55000000 2b000000 
00010ce0: 56000000 2a000000 57000000 2a000000 
00010cf0: 56000000 2b000000 57000000 2b000000 
00010d00: 50000000 2c000000 51000000 2c000000 
00010d10: 50000000 2d000000 51000000 2d000000 
00010d20: 52000000 2c000000 53000000 2c000000 
00010d30: 52000000 2d000000 53000000 2d000000 
00010d40: 50000000 2e000000 51000000 2e000000 
00010d50: 50000000 2f000000 51000000 2f000000 
00010d60: 52000000 2e000000 53000000 2e000000 
00010d70: 52000000 2f000000 53000000 2f000000 
00010d80: 54000000 2c000000 55000000 2c000000 
00010d90: 54000000 2d000000 55000000 2d000000 
00010da0: 56000000 2c000000 57000000 2c000000 
00010db0: 56000000 2d000000 57000000 2d000000 
00010dc0: 54000000 2e000000 55000000 2e000000 
00010dd0: 54000000 2f000000 55000000 2f000000 
00010de0: 56000000 2e000000 57000000 2e000000 
00010df0: 56000000 2f000000 57000000 2f000000 
00010e00: 58000000 28000000 59000000 28000000 
00010e10: 58000000 29000000 59000000 29000000 
00010e20: 5a000000 28000000 5b000000 28000000 
00010e30: 5a000000 29000000 5b000000 29000000 
00010e40: 58000000 2a000000 59000000 2a000000 
00010e50: 58000000 2b000000 59000000 2b000000 
00010e60: 5a000000 2a000000 5b000000 2a000000 
00010e70: 5a000000 2b000000 5b000000 2b000000 
00010e80: 5c000000 28000000 5d000000 28000000 
00010e90: 5c000000 29000000 5d000000 29000000 
00010ea0: 5e000000 28000000 5f000000 28000000 
00010eb0: 5e000000 29000000 5f000000 29000000 
00010ec0: 5c000000 2a000000 5d000000 2a000000 
00010ed0: 5c000000 2b000000 5d000000 2b000000 
00010ee0: 5e000000 2a000000 5f000000 2a000000 
00010ef0: 5e000000 2b000000 5f000000 2b000000 
00010f00: 58000000 2c000000 59000000 2c000000 
00010f10: 58000000 2d000000 59000000 2d000000 
00010f20: 5a000000 2c000000 5b000000 2c000000 
00010f30: 5a000000 2d000000 5b000000 2d000000 
00010f40: 58000000 2e000000 59000000 2e000000 
00010f50: 58000000 2f000000 59000000 2f000000 
00010f60: 5a000000 2e000000 5b000000 2e000000 
00010f70: 5a000000 2f000000 5b000000 2f000000 
00010f80: 5c000000 2c000000 5d000000 2c000000 
00010f90: 5c000000 2d000000 5d000000 2d000000 
00010fa0: 5e000000 2c000000 5f000000 2c000000 
00010fb0: 5e000000 2d000000 5f000000 2d000000 
00010fc0: 5c000000 2e000000 5d000000 2e000000 
00010fd0: 5c000000 2f000000 5d000000 2f000000 
00010fe0: 5e000000 2e000000 5f000000 2e000000 
00010ff0: 5e000000 2f000000 5f000000 2f000000 
00011000: 40000000 30000000 41000000 30000000 
00011010: 40000000 31000000 41000000 31000000 
00011020: 42000000 30000000 43000000 30000000 
00011030: 42000000 31000000 43000000 31000000 
00011040: 40000000 32000000 41000000 32000000 
00011050: 40000000 33000000 41000000 33000000 
00011060: 42000000 32000000 43000000 32000000 
00011070: 42000000 33000000 43000000 33000000 
00011080: 44000000 30000000 45000000 30000000 
00011090: 44000000 31000000 45000000 31000000 
000110a0: 46000000 30000000 47000000 30000000 
000110b0: 46000000 31000000 47000000 31000000 
000110c0: 44000000 32000000 45000000 32000000 
000110d0: 44000000 33000000 45000000 33000000 
000110e0: 46000000 32000000 47000000 32000000 
000110f0: 46000000 33000000 47000000 33000000 
00011100: 40000000 34000000 41000000 34000000 
00011110: 40000000 35000000 41000000 35000000 
00011120: 42000000 34000000 43000000 34000000 
00011130: 42000000 35000000 43000000 35000000 
00011140: 40000000 36000000 41000000 36000000 
00011150: 40000000 37000000 41000000 37000000 
00011160: 42000000 36000000 43000000 36000000 
00011170: 42000000 37000000 43000000 37000000 
00011180: 44000000 34000000 45000000 34000000 
00011190: 44000000 35000000 45000000 35000000 
000111a0: 46000000 34000000 47000000 34000000 
000111b0: 46000000 35000000 47000000 35000000 
000111c0: 44000000 36000000 45000000 36000000 
000111d0: 44000000 37000000 45000000 37000000 
000111e0: 46000000 36000000 47000000 36000000 
000111f0: 46000000 37000000 47000000 37000000 
00011200: 48000000 30000000 49000000 30000000 
00011210: 48000000 31000000 49000000 31000000 
00011220: 4a000000 30000000 4b000000 30000000 
00011230: 4a000000 31000000 4b000000 31000000 
00011240: 48000000 32000000 49000000 32000000 
00011250: 48000000 33000000 49000000 33000000 
00011260: 4a000000 32000000 4b000000 32000000 
00011270: 4a000000 33000000 4b000000 33000000 
00011280: 4c000000 30000000 4d000000 30000000 
00011290: 4c000000 31000000 4d000000 31000000 
000112a0: 4e000000 30000000 4f000000 30000000 
000112b0: 4e000000 31000000 4f000000 31000000 
000112c0: 4c000000 32000000 4d000000 32000000 
000112d0: 4c000000 33000000 4d000000 33000000 
000112e0: 4e000000 32000000 4f000000 32000000 
000112f0: 4e000000 33000000 4f000000 33000000 
00011300: 48000000 34000000 49000000 34000000 
00011310: 48000000 35000000 49000000 35000000 
00011320: 4a000000 34000000 4b000000 34000000 
00011330: 4a000000 35000000 4b000000 35000000 
00011340: 48000000 36000000 49000000 36000000 
00011350: 48000000 37000000 49000000 37000000 
00011360: 4a000000 36000000 4b000000 36000000 
00011370: 4a000000 37000000 4b000000 37000000 
00011380: 4c000000 34000000 4d000000 34000000 
00011390: 4c000000 35000000 4d000000 35000000 
000113a0: 4e000000 34000000 4f000000 34000000 
000113b0: 4e000000 35000000 4f000000 35000000 
000113c0: 4c000000 36000000 4d000000 36000000 
000113d0: 4c000000 37000000 4d000000 37000000 
000113e0: 4e000000 36000000 4f000000 36000000 
000113f0: 4e000000 37000000 4f000000 37000000 
00011400: 40000000 38000000 41000000 38000000 
00011410: 40000000 39000000 41000000 39000000 
00011420: 42000000 38000000 43000000 38000000 
00011430: 42000000 39000000 43000000 39000000 
00011440: 40000000 3a000000 41000000 3a000000 
00011450: 40000000 3b000000 41000000 3b000000 
00011460: 42000000 3a000000 43000000 3a000000 
00011470: 42000000 3b000000 43000000 3b000000 
00011480: 44000000 38000000 45000000 38000000 
00011490: 44000000 39000000 45000000 39000000 
000114a0: 46000000 38000000 47000000 38000000 
000114b0: 46000000 39000000 47000000 39000000 
000114c0: 44000000 3a000000 45000000 3a000000 
000114d0: 44000000 3b000000 45000000 3b000000 
000114e0: 46000000 3a000000 47000000 3a000000 
000114f0: 46000000 3b000000 47000000 3b000000 
00011500: 40000000 3c000000 41000000 3c000000 
00011510: 40000000 3d000000 41000000 3d000000 
00011520: 42000000 3c000000 43000000 3c000000 
00011530: 42000000 3d000000 43000000 3d000000 
00011540: 40000000 3e000000 41000000 3e000000 
00011550: 40000000 3f000000 41000000 3f000000 
00011560: 42000000 3e000000 43000000 3e000000 
00011570: 42000000 3f000000 43000000 3f000000 
00011580: 44000000 3c000000 45000000 3c000000 
00011590: 44000000 3d000000 45000000 3d000000 
000115a0: 46000000 3c000000 47000000 3c000000 
000115b0: 46000000 3d000000 47000000 3d000000 
000115c0: 44000000 3e000000 45000000 3e000000 
000115d0: 44000000 3f000000 45000000 3f000000 
000115e0: 46000000 3e000000 47000000 3e000000 
000115f0: 46000000 3f000000 47000000 3f000000 
00011600: 48000000 38000000 49000000 38000000 
00011610: 48000000 39000000 49000000 39000000 
00011620: 4a000000 38000000 4b000000 38000000 
00011630: 4a000000 39000000 4b000000 39000000 
00011640: 48000000 3a000000 49000000 3a000000 
00011650: 48000000 3b000000 49000000 3b000000 
00011660: 4a000000 3a000000 4b000000 3a000000 
00011670: 4a000000 3b000000 4b000000 3b000000 
00011680: 4c000000 38000000 4d000000 38000000 
00011690: 4c000000 39000000 4d000000 39000000 
000116a0: 4e000000 38000000 4f000000 38000000 
000116b0: 4e000000 39000000 4f000000 39000000 
000116c0: 4c000000 3a000000 4d000000 3a000000 
000116d0: 4c000000 3b000000 4d000000 3b000000 
000116e0: 4e000000 3a000000 4f000000 3a000000 
000116f0: 4e000000 3b000000 4f000000 3b000000 
00011700: 48000000 3c000000 49000000 3c000000 
00011710: 48000000 3d000000 49000000 3d000000 
00011720: 4a000000 3c000000 4b000000 3c000000 
00011730: 4a000000 3d000000 4b000000 3d000000 
00011740: 48000000 3e000000 49000000 3e000000 
00011750: 48000000 3f000000 49000000 3f000000 
00011760: 4a000000 3e000000 4b000000 3e000000 
00011770: 4a000000 3f000000 4b000000 3f000000 
00011780: 4c000000 3c000000 4d000000 3c000000 
00011790: 4c000000 3d000000 4d000000 3d000000 
000117a0: 4e000000 3c000000 4f000000 3c000000 
000117b0: 4e000000 3d000000 4f000000 3d000000 
000117c0: 4c000000 3e000000 4d000000 3e000000 
000117d0: 4c000000 3f000000 4d000000 3f000000 
000117e0: 4e000000 3e000000 4f000000 3e000000 
000117f0: 4e000000 3f000000 4f000000 3f000000 
00011800: 50000000 30000000 51000000 30000000 
00011810: 50000000 31000000 51000000 31000000 
00011820: 52000000 30000000 53000000 30000000 
00011830: 52000000 31000000 53000000 31000000 
00011840: 50000000 32000000 51000000 32000000 
00011850: 50000000 33000000 51000000 33000000 
00011860: 52000000 32000000 53000000 32000000 
00011870: 52000000 33000000 53000000 33000000 
00011880: 54000000 30000000 55000000 30000000 
00011890: 54000000 31000000 55000000 31000000 
000118a0: 56000000 30000000 57000000 30000000 
000118b0: 56000000 31000000 57000000 31000000 
000118c0: 54000000 32000000 55000000 32000000 
000118d0: 54000000 33000000 55000000 33000000 
000118e0: 56000000 32000000 57000000 32000000 
000118f0: 56000000 33000000 57000000 33000000 
00011900: 50000000 34000000 51000000 34000000 
00011910: 50000000 35000000 51000000 35000000 
00011920: 52000000 34000000 53000000 34000000 
00011930: 52000000 35000000 53000000 35000000 
00011940: 50000000 36000000 51000000 36000000 
00011950: 50000000 37000000 51000000 37000000 
00011960: 52000000 36000000 53000000 36000000 
00011970: 52000000 37000000 53000000 37000000 
00011980: 54000000 34000000 55000000 34000000 
00011990: 54000000 35000000 55000000 35000000 
000119a0: 56000000 34000000 57000000 34000000 
000119b0: 56000000 35000000 57000000 35000000 
000119c0: 54000000 36000000 55000000 36000000 
000119d0: 54000000 37000000 55000000 37000000 
000119e0: 56000000 36000000 57000000 36000000 
000119f0: 56000000 37000000 57000000 37000000 
00011a00: 58000000 30000000 59000000 30000000 
00011a10: 58000000 31000000 59000000 31000000 
00011a20: 5a000000 30000000 5b000000 30000000 
00011a30: 5a000000 31000000 5b000000 31000000 
00011a40: 58000000 32000000 59000000 32000000 
00011a50: 58000000 33000000 59000000 33000000 
00011a60: 5a000000 32000000 5b000000 32000000 
00011a70: 5a000000 33000000 5b000000 33000000 
00011a80: 5c000000 30000000 5d000000 30000000 
00011a90: 5c000000 31000000 5d000000 31000000 
00011aa0: 5e000000 30000000 5f000000 30000000 
00011ab0: 5e000000 31000000 5f000000 31000000 
00011ac0: 5c000000 32000000 5d000000 32000000 
00011ad0: 5c000000 33000000 5d000000 33000000 
00011ae0: 5e000000 32000000 5f000000 32000000 
00011af0: 5e000000 33000000 5f000000 33000000 
00011b00: 58000000 34000000 59000000 34000000 
00011b10: 58000000 35000000 59000000 35000000 
00011b20: 5a000000 34000000 5b000000 34000000 
00011b30: 5a000000 35000000 5b000000 35000000 
00011b40: 58000000 36000000 59000000 36000000 
00011b50: 58000000 37000000 59000000 37000000 
00011b60: 5a000000 36000000 5b000000 36000000 
00011b70: 5a000000 37000000 5b000000 37000000 
00011b80: 5c000000 34000000 5d000000 34000000 
00011b90: 5c000000 35000000 5d000000 35000000 
00011ba0: 5e000000 34000000 5f000000 34000000 
00011bb0: 5e000000 35000000 5f000000 35000000 
00011bc0: 5c000000 36000000 5d000000 36000000 
00011bd0: 5c000000 37000000 5d000000 37000000 
00011be0: 5e000000 36000000 5f000000 36000000 
00011bf0: 5e000000 37000000 5f000000 37000000 
00011c00: 50000000 38000000 51000000 38000000 
00011c10: 50000000 39000000 51000000 39000000 
00011c20: 52000000 38000000 53000000 38000000 
00011c30: 52000000 39000000 53000000 39000000 
00011c40: 50000000 3a000000 51000000 3a000000 
00011c50: 50000000 3b000000 51000000 3b000000 
00011c60: 52000000 3a000000 53000000 3a000000 
00011c70: 52000000 3b000000 53000000 3b000000 
00011c80: 54000000 38000000 55000000 38000000 
00011c90: 54000000 39000000 55000000 39000000 
00011ca0: 56000000 38000000 57000000 38000000 
00011cb0: 56000000 39000000 57000000 39000000 
00011cc0: 54000000 3a000000 55000000 3a000000 
00011cd0: 54000000 3b000000 55000000 3b000000 
00011ce0: 56000000 3a000000 57000000 3a000000 
00011cf0: 56000000 3b000000 57000000 3b000000 
00011d00: 50000000 3c000000 51000000 3c000000 
00011d10: 50000000 3d000000 51000000 3d000000 
00011d20: 52000000 3c000000 53000000 3c000000 
00011d30: 52000000 3d000000 53000000 3d000000 
00011d40: 50000000 3e000000 51000000 3e000000 
00011d50: 50000000 3f000000 51000000 3f000000 
00011d60: 52000000 3e000000 53000000 3e000000 
00011d70: 52000000 3f000000 53000000 3f000000 
00011d80: 54000000 3c000000 55000000 3c000000 
00011d90: 54000000 3d000000 55000000 3d000000 
00011da0: 56000000 3c000000 57000000 3c000000 
00011db0: 56000000 3d000000 57000000 3d000000 
00011dc0: 54000000 3e000000 55000000 3e000000 
00011dd0: 54000000 3f000000 55000000 3f000000 
00011de0: 56000000 3e000000 57000000 3e000000 
00011df0: 56000000 3f000000 57000000 3f000000 
00011e00: 58000000 38000000 59000000 38000000 
00011e10: 58000000 39000000 59000000 39000000 
00011e20: 5a000000 38000000 5b000000 38000000 
00011e30: 5a000000 39000000 5b000000 39000000 
00011e40: 58000000 3a000000 59000000 3a000000 
00011e50: 58000000 3b000000 59000000 3b000000 
00011e60: 5a000000 3a000000 5b000000 3a000000 
00011e70: 5a000000 3b000000 5b000000 3b000000 
00011e80: 5c000000 38000000 5d000000 38000000 
00011e90: 5c000000 39000000 5d000000 39000000 
00011ea0: 5e000000 38000000 5f000000 38000000 
00011eb0: 5e000000 39000000 5f000000 39000000 
00011ec0: 5c000000 3a000000 5d000000 3a000000 
00011ed0: 5c000000 3b000000 5d000000 3b000000 
00011ee0: 5e000000 3a000000 5f000000 3a000000 
00011ef0: 5e000000 3b000000 5f000000 3b000000 
00011f00: 58000000 3c000000 59000000 3c000000 
00011f10: 58000000 3d000000 59000000 3d000000 
00011f20: 5a000000 3c000000 5b000000 3c000000 
00011f30: 5a000000 3d000000 5b000000 3d000000 
00011f40: 58000000 3e000000 59000000 3e000000 
00011f50: 58000000 3f000000 59000000 3f000000 
00011f60: 5a000000 3e000000 5b000000 3e000000 
00011f70: 5a000000 3f000000 5b000000 3f000000 
00011f80: 5c000000 3c000000 5d000000 3c000000 
00011f90: 5c000000 3d000000 5d000000 3d000000 
00011fa0: 5e000000 3c000000 5f000000 3c000000 
00011fb0: 5e000000 3d000000 5f000000 3d000000 
00011fc0: 5c000000 3e000000 5d000000 3e000000 
00011fd0: 5c000000 3f000000 5d000000 3f000000 
00011fe0: 5e000000 3e000000 5f000000 3e000000 
00011ff0: 5e000000 3f000000 5f000000 3f000000 
00012000: 60000000 20000000 61000000 20000000 
00012010: 60000000 21000000 61000000 21000000 
00012020: 62000000 20000000 63000000 20000000 
00012030: 62000000 21000000 63000000 21000000 
00012040: 60000000 22000000 61000000 22000000 
00012050: 60000000 23000000 61000000 23000000 
00012060: 62000000 22000000 63000000 22000000 
00012070: 62000000 23000000 63000000 23000000 
00012080: 64000000 20000000 65000000 20000000 
00012090: 64000000 21000000 65000000 21000000 
000120a0: 66000000 20000000 67000000 20000000 
000120b0: 66000000 21000000 67000000 21000000 
000120c0: 64000000 22000000 65000000 22000000 
000120d0: 64000000 23000000 65000000 23000000 
000120e0: 66000000 22000000 67000000 22000000 
000120f0: 66000000 23000000 67000000 23000000 
00012100: 60000000 24000000 61000000 24000000 
00012110: 60000000 25000000 61000000 25000000 
00012120: 62000000 24000000 63000000 24000000 
00012130: 62000000 25000000 63000000 25000000 
00012140: 60000000 26000000 61000000 26000000 
00012150: 60000000 27000000 61000000 27000000 
00012160: 62000000 26000000 63000000 26000000 
00012170: 62000000 27000000 63000000 27000000 
00012180: 64000000 24000000 65000000 24000000 
00012190: 64000000 25000000 65000000 25000000 
000121a0: 66000000 24000000 67000000 24000000 
000121b0: 66000000 25000000 67000000 25000000 
000121c0: 64000000 26000000 65000000 26000000 
000121d0: 64000000 27000000 65000000 27000000 
000121e0: 66000000 26000000 67000000 26000000 
000121f0: 66000000 27000000 67000000 27000000 
00012200: 68000000 20000000 69000000 20000000 
00012210: 68000000 21000000 69000000 21000000 
00012220: 6a000000 20000000 6b000000 20000000 
00012230: 6a000000 21000000 6b000000 21000000 
00012240: 68000000 22000000 69000000 22000000 
00012250: 68000000 23000000 69000000 23000000 
00012260: 6a000000 22000000 6b000000 22000000 
00012270: 6a000000 23000000 6b000000 23000000 
00012280: 6c000000 20000000 6d000000 20000000 
00012290: 6c000000 21000000 6d000000 21000000 
000122a0: 6e000000 20000000 6f000000 20000000 
000122b0: 6e000000 21000000 6f000000 21000000 
000122c0: 6c000000 22000000 6d000000 22000000 
000122d0: 6c000000 23000000 6d000000 23000000 
000122e0: 6e000000 22000000 6f000000 22000000 
000122f0: 6e000000 23000000 6f000000 23000000 
00012300: 68000000 24000000 69000000 24000000 
00012310: 68000000 25000000 69000000 25000000 
00012320: 6a000000 24000000 6b000000 24000000 
00012330: 6a000000 25000000 6b000000 25000000 
00012340: 68000000 26000000 69000000 26000000 
00012350: 68000000 27000000 69000000 27000000 
00012360: 6a000000 26000000 6b000000 26000000 
00012370: 6a000000 27000000 6b000000 27000000 
00012380: 6c000000 24000000 6d000000 24000000 
00012390: 6c000000 25000000 6d000000 25000000 
000123a0: 6e000000 24000000 6f000000 24000000 
000123b0: 6e000000 25000000 6f000000 25000000 
000123c0: 6c000000 26000000 6d000000 26000000 
000123d0: 6c000000 27000000 6d000000 27000000 
000123e0: 6e000000 26000000 6f000000 26000000 
000123f0: 6e000000 27000000 6f000000 27000000 
00012400: 60000000 28000000 61000000 28000000 
00012410: 60000000 29000000 61000000 29000000 
00012420: 62000000 28000000 63000000 28000000 
00012430: 62000000 29000000 63000000 29000000 
00012440: 60000000 2a000000 61000000 2a000000 
00012450: 60000000 2b000000 61000000 2b000000 
00012460: 62000000 2a000000 63000000 2a000000 
00012470: 62000000 2b000000 63000000 2b000000 
00012480: 64000000 28000000 65000000 28000000 
00012490: 64000000 29000000 65000000 29000000 
000124a0: 66000000 28000000 67000000 28000000 
000124b0: 66000000 29000000 67000000 29000000 
000124c0: 64000000 2a000000 65000000 2a000000 
000124d0: 64000000 2b000000 65000000 2b000000 
000124e0: 66000000 2a000000 67000000 2a000000 
000124f0: 66000000 2b000000 67000000 2b000000 
00012500: 60000000 2c000000 61000000 2c000000 
00012510: 60000000 2d000000 61000000 2d000000 
00012520: 62000000 2c000000 63000000 2c000000 
00012530: 62000000 2d000000 63000000 2d000000 
00012540: 60000000 2e000000 61000000 2e000000 
00012550: 60000000 2f000000 61000000 2f000000 
00012560: 62000000 2e000000 63000000 2e000000 
00012570: 62000000 2f000000 63000000 2f000000 
00012580: 64000000 2c000000 65000000 2c000000 
00012590: 64000000 2d000000 65000000 2d000000 
000125a0: 66000000 2c000000 67000000 2c000000 
000125b0: 66000000 2d000000 67000000 2d000000 
000125c0: 64000000 2e000000 65000000 2e000000 
000125d0: 64000000 2f000000 65000000 2f000000 
000125e0: 66000000 2e000000 67000000 2e000000 
000125f0: 66000000 2f000000 67000000 2f000000 
00012600: 68000000 28000000 69000000 28000000 
00012610: 68000000 29000000 69000000 29000000 
00012620: 6a000000 28000000 6b000000 28000000 
00012630: 6a000000 29000000 6b000000 29000000 
00012640: 68000000 2a000000 69000000 2a000000 
00012650: 68000000 2b000000 69000000 2b000000 
00012660: 6a000000 2a000000 6b000000 2a000000 
00012670: 6a000000 2b000000 6b000000 2b000000 
00012680: 6c000000 28000000 6d000000 28000000 
00012690: 6c000000 29000000 6d000000 29000000 
000126a0: 6e000000 28000000 6f000000 28000000 
000126b0: 6e000000 29000000 6f000000 29000000 
000126c0: 6c000000 2a000000 6d000000 2a000000 
000126d0: 6c000000 2b000000 6d000000 2b000000 
000126e0: 6e000000 2a000000 6f000000 2a000000 
000126f0: 6e000000 2b000000 6f000000 2b000000 
00012700: 68000000 2c000000 69000000 2c000000 
00012710: 68000000 2d000000 69000000 2d000000 
00012720: 6a000000 2c000000 6b000000 2c000000 
00012730: 6a000000 2d000000 6b000000 2d000000 
00012740: 68000000 2e000000 69000000 2e000000 
00012750: 68000000 2f000000 69000000 2f000000 
00012760: 6a000000 2e000000 6b000000 2e000000 
00012770: 6a000000 2f000000 6b000000 2f000000 
00012780: 6c000000 2c000000 6d000000 2c000000 
00012790: 6c000000 2d000000 6d000000 2d000000 
000127a0: 6e000000 2c000000 6f000000 2c000000 
000127b0: 6e000000 2d000000 6f000000 2d000000 
000127c0: 6c000000 2e000000 6d000000 2e000000 
000127d0: 6c000000 2f000000 6d000000 2f000000 
000127e0: 6e000000 2e000000 6f000000 2e000000 
000127f0: 6e000000 2f000000 6f000000 2f000000 
00012800: 70000000 20000000 71000000 20000000 
00012810: 70000000 21000000 71000000 21000000 
00012820: 72000000 20000000 73000000 20000000 
00012830: 72000000 21000000 73000000 21000000 
00012840: 70000000 22000000 71000000 22000000 
00012850: 70000000 23000000 71000000 23000000 
00012860: 72000000 22000000 73000000 22000000 
00012870: 72000000 23000000 73000000 23000000 
00012880: 74000000 20000000 75000000 20000000 
00012890: 74000000 21000000 75000000 21000000 
000128a0: 76000000 20000000 77000000 20000000 
000128b0: 76000000 21000000 77000000 21000000 
000128c0: 74000000 22000000 75000000 22000000 
000128d0: 74000000 23000000 75000000 23000000 
000128e0: 76000000 22000000 77000000 22000000 
000128f0: 76000000 23000000 77000000 23000000 
00012900: 70000000 24000000 71000000 24000000 
00012910: 70000000 25000000 71000000 25000000 
00012920: 72000000 24000000 73000000 24000000 
00012930: 72000000 25000000 73000000 25000000 
00012940: 70000000 26000000 71000000 26000000 
00012950: 70000000 27000000 71000000 27000000 
00012960: 72000000 26000000 73000000 26000000 
00012970: 72000000 27000000 73000000 27000000 
00012980: 74000000 24000000 75000000 24000000 
00012990: 74000000 25000000 75000000 25000000 
000129a0: 76000000 24000000 77000000 24000000 
000129b0: 76000000 25000000 77000000 25000000 
000129c0: 74000000 26000000 75000000 26000000 
000129d0: 74000000 27000000 75000000 27000000 
000129e0: 76000000 26000000 77000000 26000000 
000129f0: 76000000 27000000 77000000 27000000 
00012a00: 78000000 20000000 79000000 20000000 
00012a10: 78000000 21000000 79000000 21000000 
00012a20: 7a000000 20000000 7b000000 20000000 
00012a30: 7a000000 21000000 7b000000 21000000 
00012a40: 78000000 22000000 79000000 22000000 
00012a50: 78000000 23000000 79000000 23000000 
00012a60: 7a000000 22000000 7b000000 22000000 
00012a70: 7a000000 23000000 7b000000 23000000 
00012a80: 7c000000 20000000 7d000000 20000000 
00012a90: 7c000000 21000000 7d000000 21000000 
00012aa0: 7e000000 20000000 7f000000 20000000 
00012ab0: 7e000000 21000000 7f000000 21000000 
00012ac0: 7c000000 22000000 7d000000 22000000 
00012ad0: 7c000000 23000000 7d000000 23000000 
00012ae0: 7e000000 22000000 7f000000 22000000 
00012af0: 7e000000 23000000 7f000000 23000000 
00012b00: 78000000 24000000 79000000 24000000 
00012b10: 78000000 25000000 79000000 25000000 
00012b20: 7a000000 24000000 7b000000 24000000 
00012b30: 7a000000 25000000 7b000000 25000000 
00012b40: 78000000 26000000 79000000 26000000 
00012b50: 78000000 27000000 79000000 27000000 
00012b60: 7a000000 26000000 7b000000 26000000 
00012b70: 7a000000 27000000 7b000000 27000000 
00012b80: 7c000000 24000000 7d000000 24000000 
00012b90: 7c000000 25000000 7d000000 25000000 
00012ba0: 7e000000 24000000 7f000000 24000000 
00012bb0: 7e000000 25000000 7f000000 25000000 
00012bc0: 7c000000 26000000 7d000000 26000000 
00012bd0: 7c000000 27000000 7d000000 27000000 
00012be0: 7e000000 26000000 7f000000 26000000 
00012bf0: 7e000000 27000000 7f000000 27000000 
00012c00: 70000000 28000000 71000000 28000000 
00012c10: 70000000 29000000 71000000 29000000 
00012c20: 72000000 28000000 73000000 28000000 
00012c30: 72000000 29000000 73000000 29000000 
00012c40: 70000000 2a000000 71000000 2a000000 
00012c50: 70000000 2b000000 71000000 2b000000 
00012c60: 72000000 2a000000 73000000 2a000000 
00012c70: 72000000 2b000000 73000000 2b000000 
00012c80: 74000000 28000000 75000000 28000000 
00012c90: 74000000 29000000 75000000 29000000 
00012ca0: 76000000 28000000 77000000 28000000 
00012cb0: 76000000 29000000 77000000 29000000 
00012cc0: 74000000 2a000000 75000000 2a000000 
00012cd0: 74000000 2b000000 75000000 2b000000 
00012ce0: 76000000 2a000000 77000000 2a000000 
00012cf0: 76000000 2b000000 77000000 2b000000 
00012d00: 70000000 2c000000 71000000 2c000000 
00012d10: 70000000 2d000000 71000000 2d000000 
00012d20: 72000000 2c000000 73000000 2c000000 
00012d30: 72000000 2d000000 73000000 2d000000 
00012d40: 70000000 2e000000 71000000 2e000000 
00012d50: 70000000 2f000000 71000000 2f000000 
00012d60: 72000000 2e000000 73000000 2e000000 
00012d70: 72000000 2f000000 73000000 2f000000 
00012d80: 74000000 2c000000 75000000 2c000000 
00012d90: 74000000 2d000000 75000000 2d000000 
00012da0: 76000000 2c000000 77000000 2c000000 
00012db0: 76000000 2d000000 77000000 2d000000 
00012dc0: 74000000 2e000000 75000000 2e000000 
00012dd0: 74000000 2f000000 75000000 2f000000 
00012de0: 76000000 2e000000 77000000 2e000000 
00012df0: 76000000 2f000000 77000000 2f000000 
00012e00: 78000000 28000000 79000000 28000000 
00012e10: 78000000 29000000 79000000 29000000 
00012e20: 7a000000 28000000 7b000000 28000000 
00012e30: 7a000000 29000000 7b000000 29000000 
00012e40: 78000000 2a000000 79000000 2a000000 
00012e50: 78000000 2b000000 79000000 2b000000 
00012e60: 7a000000 2a000000 7b000000 2a000000 
00012e70: 7a000000 2b000000 7b000000 2b000000 
00012e80: 7c000000 28000000 7d000000 28000000 
00012e90: 7c000000 29000000 7d000000 29000000 
00012ea0: 7e000000 28000000 7f000000 28000000 
00012eb0: 7e000000 29000000 7f000000 29000000 
00012ec0: 7c000000 2a000000 7d000000 2a000000 
00012ed0: 7c000000 2b000000 7d000000 2b000000 
00012ee0: 7e000000 2a000000 7f000000 2a000000 
00012ef0: 7e000000 2b000000 7f000000 2b000000 
00012f00: 78000000 2c000000 79000000 2c000000 
00012f10: 78000000 2d000000 79000000 2d000000 
00012f20: 7a000000 2c000000 7b000000 2c000000 
00012f30: 7a000000 2d000000 7b000000 2d000000 
00012f40: 78000000 2e000000 79000000 2e000000 
00012f50: 78000000 2f000000 79000000 2f000000 
00012f60: 7a000000 2e000000 7b000000 2e000000 
00012f70: 7a000000 2f000000 7b000000 2f000000 
00012f80: 7c000000 2c000000 7d000000 2c000000 
00012f90: 7c000000 2d000000 7d000000 2d000000 
00012fa0: 7e000000 2c000000 7f000000 2c000000 
00012fb0: 7e000000 2d000000 7f000000 2d000000 
00012fc0: 7c000000 2e000000 7d000000 2e000000 
00012fd0: 7c000000 2f000000 7d000000 2f000000 
00012fe0: 7e000000 2e000000 7f000000 2e000000 
00012ff0: 7e000000 2f000000 7f000000 2f000000 
00013000: 60000000 30000000 61000000 30000000 
00013010: 60000000 31000000 61000000 31000000 
00013020: 62000000 30000000 63000000 30000000 
00013030: 62000000 31000000 63000000 31000000 
00013040: 60000000 32000000 61000000 32000000 
00013050: 60000000 33000000 61000000 33000000 
00013060: 62000000 32000000 63000000 32000000 
00013070: 62000000 33000000 63000000 33000000 
00013080: 64000000 30000000 65000000 30000000 
00013090: 64000000 31000000 65000000 31000000 
000130a0: 66000000 30000000 67000000 30000000 
000130b0: 66000000 31000000 67000000 31000000 
000130c0: 64000000 32000000 65000000 32000000 
000130d0: 64000000 33000000 65000000 33000000 
000130e0: 66000000 32000000 67000000 32000000 
000130f0: 66000000 33000000 67000000 33000000 
00013100: 60000000 34000000 61000000 34000000 
00013110: 60000000 35000000 61000000 35000000 
00013120: 62000000 34000000 63000000 34000000 
00013130: 62000000 35000000 63000000 35000000 
00013140: 60000000 36000000 61000000 36000000 
00013150: 60000000 37000000 61000000 37000000 
00013160: 62000000 36000000 63000000 36000000 
00013170: 62000000 37000000 63000000 37000000 
00013180: 64000000 34000000 65000000 34000000 
00013190: 64000000 35000000 65000000 35000000 
000131a0: 66000000 34000000 67000000 34000000 
000131b0: 66000000 35000000 67000000 35000000 
000131c0: 64000000 36000000 65000000 36000000 
000131d0: 64000000 37000000 65000000 37000000 
000131e0: 66000000 36000000 67000000 36000000 
000131f0: 66000000 37000000 67000000 37000000 
00013200: 68000000 30000000 69000000 30000000 
00013210: 68000000 31000000 69000000 31000000 
00013220: 6a000000 30000000 6b000000 30000000 
00013230: 6a000000 31000000 6b000000 31000000 
00013240: 68000000 32000000 69000000 32000000 
00013250: 68000000 33000000 69000000 33000000 
00013260: 6a000000 32000000 6b000000 32000000 
00013270: 6a000000 33000000 6b000000 33000000 
00013280: 6c000000 30000000 6d000000 30000000 
00013290: 6c000000 31000000 6d000000 31000000 
000132a0: 6e000000 30000000 6f000000 30000000 
000132b0: 6e000000 31000000 6f000000 31000000 
000132c0: 6c000000 32000000 6d000000 32000000 
000132d0: 6c000000 33000000 6d000000 33000000 
000132e0: 6e000000 32000000 6f000000 32000000 
000132f0: 6e000000 33000000 6f000000 33000000 
00013300: 68000000 34000000 69000000 34000000 
00013310: 68000000 35000000 69000000 35000000 
00013320: 6a000000 34000000 6b000000 34000000 
00013330: 6a000000 35000000 6b000000 35000000 
00013340: 68000000 36000000 69000000 36000000 
00013350: 68000000 37000000 69000000 37000000 
00013360: 6a000000 36000000 6b000000 36000000 
00013370: 6a000000 37000000 6b000000 37000000 
00013380: 6c000000 34000000 6d000000 34000000 
00013390: 6c000000 35000000 6d000000 35000000 
000133a0: 6e000000 34000000 6f000000 34000000 
000133b0: 6e000000 35000000 6f000000 35000000 
000133c0: 6c000000 36000000 6d000000 36000000 
000133d0: 6c000000 37000000 6d000000 37000000 
000133e0: 6e000000 36000000 6f000000 36000000 
000133f0: 6e000000 37000000 6f000000 37000000 
00013400: 60000000 38000000 61000000 38000000 
00013410: 60000000 39000000 61000000 39000000 
00013420: 62000000 38000000 63000000 38000000 
00013430: 62000000 39000000 63000000 39000000 
00013440: 60000000 3a000000 61000000 3a000000 
00013450: 60000000 3b000000 61000000 3b000000 
00013460: 62000000 3a000000 63000000 3a000000 
00013470: 62000000 3b000000 63000000 3b000000 
00013480: 64000000 38000000 65000000 38000000 
00013490: 64000000 39000000 65000000 39000000 
000134a0: 66000000 38000000 67000000 38000000 
000134b0: 66000000 39000000 67000000 39000000 
000134c0: 64000000 3a000000 65000000 3a000000 
000134d0: 64000000 3b000000 65000000 3b000000 
000134e0: 66000000 3a000000 67000000 3a000000 
000134f0: 66000000 3b000000 67000000 3b000000 
00013500: 60000000 3c000000 61000000 3c000000 
00013510: 60000000 3d000000 61000000 3d000000 
00013520: 62000000 3c000000 63000000 3c000000 
00013530: 62000000 3d000000 63000000 3d000000 
00013540: 60000000 3e000000 61000000 3e000000 
00013550: 60000000 3f000000 61000000 3f000000 
00013560: 62000000 3e000000 63000000 3e000000 
00013570: 62000000 3f000000 63000000 3f000000 
00013580: 64000000 3c000000 65000000 3c000000 
00013590: 64000000 3d000000 65000000 3d000000 
000135a0: 66000000 3c000000 67000000 3c000000 
000135b0: 66000000 3d000000 67000000 3d000000 
000135c0: 64000000 3e000000 65000000 3e000000 
000135d0: 64000000 3f000000 65000000 3f000000 
000135e0: 66000000 3e000000 67000000 3e000000 
000135f0: 66000000 3f000000 67000000 3f000000 
00013600: 68000000 38000000 69000000 38000000 
00013610: 68000000 39000000 69000000 39000000 
00013620: 6a000000 38000000 6b000000 38000000 
00013630: 6a000000 39000000 6b000000 39000000 
00013640: 68000000 3a000000 69000000 3a000000 
00013650: 68000000 3b000000 69000000 3b000000 
00013660: 6a000000 3a000000 6b000000 3a000000 
00013670: 6a000000 3b000000 6b000000 3b000000 
00013680: 6c000000 38000000 6d000000 38000000 
00013690: 6c000000 39000000 6d000000 39000000 
000136a0: 6e000000 38000000 6f000000 38000000 
000136b0: 6e000000 39000000 6f000000 39000000 
000136c0: 6c000000 3a000000 6d000000 3a000000 
000136d0: 6c000000 3b000000 6d000000 3b000000 
000136e0: 6e000000 3a000000 6f000000 3a000000 
000136f0: 6e000000 3b000000 6f000000 3b000000 
00013700: 68000000 3c000000 69000000 3c000000 
00013710: 68000000 3d000000 69000000 3d000000 
00013720: 6a000000 3c000000 6b000000 3c000000 
00013730: 6a000000 3d000000 6b000000 3d000000 
00013740: 68000000 3e000000 69000000 3e000000 
00013750: 68000000 3f000000 69000000 3f000000 
00013760: 6a000000 3e000000 6b000000 3e000000 
00013770: 6a000000 3f000000 6b000000 3f000000 
00013780: 6c000000 3c000000 6d000000 3c000000 
00013790: 6c000000 3d000000 6d000000 3d000000 
000137a0: 6e000000 3c000000 6f000000 3c000000 
000137b0: 6e000000 3d000000 6f000000 3d000000 
000137c0: 6c000000 3e000000 6d000000 3e000000 
000137d0: 6c000000 3f000000 6d000000 3f000000 
000137e0: 6e000000 3e000000 6f000000 3e000000 
000137f0: 6e000000 3f000000 6f000000 3f000000 
00013800: 70000000 30000000 71000000 30000000 
00013810: 70000000 31000000 71000000 31000000 
00013820: 72000000 30000000 73000000 30000000 
00013830: 72000000 31000000 73000000 31000000 
00013840: 70000000 32000000 71000000 32000000 
00013850: 70000000 33000000 71000000 33000000 
00013860: 72000000 32000000 73000000 32000000 
00013870: 72000000 33000000 73000000 33000000 
00013880: 74000000 30000000 75000000 30000000 
00013890: 74000000 31000000 75000000 31000000 
000138a0: 76000000 30000000 77000000 30000000 
000138b0: 76000000 31000000 77000000 31000000 
000138c0: 74000000 32000000 75000000 32000000 
000138d0: 74000000 33000000 75000000 33000000 
000138e0: 76000000 32000000 77000000 32000000 
000138f0: 76000000 33000000 77000000 33000000 
00013900: 70000000 34000000 71000000 34000000 
00013910: 70000000 35000000 71000000 35000000 
00013920: 72000000 34000000 73000000 34000000 
00013930: 72000000 35000000 73000000 35000000 
00013940: 70000000 36000000 71000000 36000000 
00013950: 70000000 37000000 71000000 37000000 
00013960: 72000000 36000000 73000000 36000000 
00013970: 72000000 37000000 73000000 37000000 
00013980: 74000000 34000000 75000000 34000000 
00013990: 74000000 35000000 75000000 35000000 
000139a0: 76000000 34000000 77000000 34000000 
000139b0: 76000000 35000000 77000000 35000000 
000139c0: 74000000 36000000 75000000 36000000 
000139d0: 74000000 37000000 75000000 37000000 
000139e0: 76000000 36000000 77000000 36000000 
000139f0: 76000000 37000000 77000000 37000000 
00013a00: 78000000 30000000 79000000 30000000 
00013a10: 78000000 31000000 79000000 31000000 
00013a20: 7a000000 30000000 7b000000 30000000 
00013a30: 7a000000 31000000 7b000000 31000000 
00013a40: 78000000 32000000 79000000 32000000 
00013a50: 78000000 33000000 79000000 33000000 
00013a60: 7a000000 32000000 7b000000 32000000 
00013a70: 7a000000 33000000 7b000000 33000000 
00013a80: 7c000000 30000000 7d000000 30000000 
00013a90: 7c000000 31000000 7d000000 31000000 
00013aa0: 7e000000 30000000 7f000000 30000000 
00013ab0: 7e000000 31000000 7f000000 31000000 
00013ac0: 7c000000 32000000 7d000000 32000000 
00013ad0: 7c000000 33000000 7d000000 33000000 
00013ae0: 7e000000 32000000 7f000000 32000000 
00013af0: 7e000000 33000000 7f000000 33000000 
00013b00: 78000000 34000000 79000000 34000000 
00013b10: 78000000 35000000 79000000 35000000 
00013b20: 7a000000 34000000 7b000000 34000000 
00013b30: 7a000000 35000000 7b000000 35000000 
00013b40: 78000000 36000000 79000000 36000000 
00013b50: 78000000 37000000 79000000 37000000 
00013b60: 7a000000 36000000 7b000000 36000000 
00013b70: 7a000000 37000000 7b000000 37000000 
00013b80: 7c000000 34000000 7d000000 34000000 
00013b90: 7c000000 35000000 7d000000 35000000 
00013ba0: 7e000000 34000000 7f000000 34000000 
00013bb0: 7e000000 35000000 7f000000 35000000 
00013bc0: 7c000000 36000000 7d000000 36000000 
00013bd0: 7c000000 37000000 7d000000 37000000 
00013be0: 7e000000 36000000 7f000000 36000000 
00013bf0: 7e000000 37000000 7f000000 37000000 
00013c00: 70000000 38000000 71000000 38000000 
00013c10: 70000000 39000000 71000000 39000000 
00013c20: 72000000 38000000 73000000 38000000 
00013c30: 72000000 39000000 73000000 39000000 
00013c40: 70000000 3a000000 71000000 3a000000 
00013c50: 70000000 3b000000 71000000 3b000000 
00013c60: 72000000 3a000000 73000000 3a000000 
00013c70: 72000000 3b000000 73000000 3b000000 
00013c80: 74000000 38000000 75000000 38000000 
00013c90: 74000000 39000000 75000000 39000000 
00013ca0: 76000000 38000000 77000000 38000000 
00013cb0: 76000000 39000000 77000000 39000000 
00013cc0: 74000000 3a000000 75000000 3a000000 
00013cd0: 74000000 3b000000 75000000 3b000000 
00013ce0: 76000000 3a000000 77000000 3a000000 
00013cf0: 76000000 3b000000 77000000 3b000000 
00013d00: 70000000 3c000000 71000000 3c000000 
00013d10: 70000000 3d000000 71000000 3d000000 
00013d20: 72000000 3c000000 73000000 3c000000 
00013d30: 72000000 3d000000 73000000 3d000000 
00013d40: 70000000 3e000000 71000000 3e000000 
00013d50: 70000000 3f000000 71000000 3f000000 
00013d60: 72000000 3e000000 73000000 3e000000 
00013d70: 72000000 3f000000 73000000 3f000000 
00013d80: 74000000 3c000000 75000000 3c000000 
00013d90: 74000000 3d000000 75000000 3d000000 
00013da0: 76000000 3c000000 77000000 3c000000 
00013db0: 76000000 3d000000 77000000 3d000000 
00013dc0: 74000000 3e000000 75000000 3e000000 
00013dd0: 74000000 3f000000 75000000 3f000000 
00013de0: 76000000 3e000000 77000000 3e000000 
00013df0: 76000000 3f000000 77000000 3f000000 
00013e00: 78000000 38000000 79000000 38000000 
00013e10: 78000000 39000000 79000000 39000000 
00013e20: 7a000000 38000000 7b000000 38000000 
00013e30: 7a000000 39000000 7b000000 39000000 
00013e40: 78000000 3a000000 79000000 3a000000 
00013e50: 78000000 3b000000 79000000 3b000000 
00013e60: 7a000000 3a000000 7b000000 3a000000 
00013e70: 7a000000 3b000000 7b000000 3b000000 
00013e80: 7c000000 38000000 7d000000 38000000 
00013e90: 7c000000 39000000 7d000000 39000000 
00013ea0: 7e000000 38000000 7f000000 38000000 
00013eb0: 7e000000 39000000 7f000000 39000000 
00013ec0: 7c000000 3a000000 7d000000 3a000000 
00013ed0: 7c000000 3b000000 7d000000 3b000000 
00013ee0: 7e000000 3a000000 7f000000 3a000000 
00013ef0: 7e000000 3b000000 7f000000 3b000000 
00013f00: 78000000 3c000000 79000000 3c000000 
00013f10: 78000000 3d000000 79000000 3d000000 
00013f20: 7a000000 3c000000 7b000000 3c000000 
00013f30: 7a000000 3d000000 7b000000 3d000000 
00013f40: 78000000 3e000000 79000000 3e000000 
00013f50: 78000000 3f000000 79000000 3f000000 
00013f60: 7a000000 3e000000 7b000000 3e000000 
00013f70: 7a000000 3f000000 7b000000 3f000000 
00013f80: 7c000000 3c000000 7d000000 3c000000 
00013f90: 7c000000 3d000000 7d000000 3d000000 
00013fa0: 7e000000 3c000000 7f000000 3c000000 
00013fb0: 7e000000 3d000000 7f000000 3d000000 
00013fc0: 7c000000 3e000000 7d000000 3e000000 
00013fd0: 7c000000 3f000000 7d000000 3f000000 
00013fe0: 7e000000 3e000000 7f000000 3e000000 
00013ff0: 7e000000 3f000000 7f000000 3f000000 
00014000: 80000000 20000000 81000000 20000000 
00014010: 80000000 21000000 81000000 21000000 
00014020: 82000000 20000000 83000000 20000000 
00014030: 82000000 21000000 83000000 21000000 
00014040: 80000000 22000000 81000000 22000000 
00014050: 80000000 23000000 81000000 23000000 
00014060: 82000000 22000000 83000000 22000000 
00014070: 82000000 23000000 83000000 23000000 
00014080: 84000000 20000000 85000000 20000000 
00014090: 84000000 21000000 85000000 21000000 
000140a0: 86000000 20000000 87000000 20000000 
000140b0: 86000000 21000000 87000000 21000000 
000140c0: 84000000 22000000 85000000 22000000 
000140d0: 84000000 23000000 85000000 23000000 
000140e0: 86000000 22000000 87000000 22000000 
000140f0: 86000000 23000000 87000000 23000000 
00014100: 80000000 24000000 81000000 24000000 
00014110: 80000000 25000000 81000000 25000000 
00014120: 82000000 24000000 83000000 24000000 
00014130: 82000000 25000000 83000000 25000000 
00014140: 80000000 26000000 81000000 26000000 
00014150: 80000000 27000000 81000000 27000000 
00014160: 82000000 26000000 83000000 26000000 
00014170: 82000000 27000000 83000000 27000000 
00014180: 84000000 24000000 85000000 24000000 
00014190: 84000000 25000000 85000000 25000000 
000141a0: 86000000 24000000 87000000 24000000 
000141b0: 86000000 25000000 87000000 25000000 
000141c0: 84000000 26000000 85000000 26000000 
000141d0: 84000000 27000000 85000000 27000000 
000141e0: 86000000 26000000 87000000 26000000 
000141f0: 86000000 27000000 87000000 27000000 
00014200: 88000000 20000000 89000000 20000000 
00014210: 88000000 21000000 89000000 21000000 
00014220: 8a000000 20000000 8b000000 20000000 
00014230: 8a000000 21000000 8b000000 21000000 
00014240: 88000000 22000000 89000000 22000000 
00014250: 88000000 23000000 89000000 23000000 
00014260: 8a000000 22000000 8b000000 22000000 
00014270: 8a000000 23000000 8b000000 23000000 
00014280: 8c000000 20000000 8d000000 20000000 
00014290: 8c000000 21000000 8d000000 21000000 
000142a0: 8e000000 20000000 8f000000 20000000 
000142b0: 8e000000 21000000 8f000000 21000000 
000142c0: 8c000000 22000000 8d000000 22000000 
000142d0: 8c000000 23000000 8d000000 23000000 
000142e0: 8e000000 22000000 8f000000 22000000 
000142f0: 8e000000 23000000 8f000000 23000000 
00014300: 88000000 24000000 89000000 24000000 
00014310: 88000000 25000000 89000000 25000000 
00014320: 8a000000 24000000 8b000000 24000000 
00014330: 8a000000 25000000 8b000000 25000000 
00014340: 88000000 26000000 89000000 26000000 
00014350: 88000000 27000000 89000000 27000000 
00014360: 8a000000 26000000 8b000000 26000000 
00014370: 8a000000 27000000 8b000000 27000000 
00014380: 8c000000 24000000 8d000000 24000000 
00014390: 8c000000 25000000 8d000000 25000000 
000143a0: 8e000000 24000000 8f000000 24000000 
000143b0: 8e000000 25000000 8f000000 25000000 
000143c0: 8c000000 26000000 8d000000 26000000 
000143d0: 8c000000 27000000 8d000000 27000000 
000143e0: 8e000000 26000000 8f000000 26000000 
000143f0: 8e000000 27000000 8f000000 27000000 
00014400: 80000000 28000000 81000000 28000000 
00014410: 80000000 29000000 81000000 29000000 
00014420: 82000000 28000000 83000000 28000000 
00014430: 82000000 29000000 83000000 29000000 
00014440: 80000000 2a000000 81000000 2a000000 
00014450: 80000000 2b000000 81000000 2b000000 
00014460: 82000000 2a000000 83000000 2a000000 
00014470: 82000000 2b000000 83000000 2b000000 
00014480: 84000000 28000000 85000000 28000000 
00014490: 84000000 29000000 85000000 29000000 
000144a0: 86000000 28000000 87000000 28000000 
000144b0: 86000000 29000000 87000000 29000000 
000144c0: 84000000 2a000000 85000000 2a000000 
000144d0: 84000000 2b000000 85000000 2b000000 
000144e0: 86000000 2a000000 87000000 2a000000 
000144f0: 86000000 2b000000 87000000 2b000000 
00014500: 80000000 2c000000 81000000 2c000000 
00014510: 80000000 2d000000 81000000 2d000000 
00014520: 82000000 2c000000 83000000 2c000000 
00014530: 82000000 2d000000 83000000 2d000000 
00014540: 80000000 2e000000 81000000 2e000000 
00014550: 80000000 2f000000 81000000 2f000000 
00014560: 82000000 2e000000 83000000 2e000000 
00014570: 82000000 2f000000 83000000 2f000000 
00014580: 84000000 2c000000 85000000 2c000000 
00014590: 84000000 2d000000 85000000 2d000000 
000145a0: 86000000 2c000000 87000000 2c000000 
000145b0: 86000000 2d000000 87000000 2d000000 
000145c0: 84000000 2e000000 85000000 2e000000 
000145d0: 84000000 2f000000 85000000 2f000000 
000145e0: 86000000 2e000000 87000000 2e000000 
000145f0: 86000000 2f000000 87000000 2f000000 
00014600: 88000000 28000000 89000000 28000000 
00014610: 88000000 29000000 89000000 29000000 
00014620: 8a000000 28000000 8b000000 28000000 
00014630: 8a000000 29000000 8b000000 29000000 
00014640: 88000000 2a000000 89000000 2a000000 
00014650: 88000000 2b000000 89000000 2b000000 
00014660: 8a000000 2a000000 8b000000 2a000000 
00014670: 8a000000 2b000000 8b000000 2b000000 
00014680: 8c000000 28000000 8d000000 28000000 
00014690: 8c000000 29000000 8d000000 29000000 
000146a0: 8e000000 28000000 8f000000 28000000 
000146b0: 8e000000 29000000 8f000000 29000000 
000146c0: 8c000000 2a000000 8d000000 2a000000 
000146d0: 8c000000 2b000000 8d000000 2b000000 
000146e0: 8e000000 2a000000 8f000000 2a000000 
000146f0: 8e000000 2b000000 8f000000 2b000000 
00014700: 88000000 2c000000 89000000 2c000000 
00014710: 88000000 2d000000 89000000 2d000000 
00014720: 8a000000 2c000000 8b000000 2c000000 
00014730: 8a000000 2d000000 8b000000 2d000000 
00014740: 88000000 2e000000 89000000 2e000000 
00014750: 88000000 2f000000 89000000 2f000000 
00014760: 8a000000 2e000000 8b000000 2e000000 
00014770: 8a000000 2f000000 8b000000 2f000000 
00014780: 8c000000 2c000000 8d000000 2c000000 
00014790: 8c000000 2d000000 8d000000 2d000000 
000147a0: 8e000000 2c000000 8f000000 2c000000 
000147b0: 8e000000 2d000000 8f000000 2d000000 
000147c0: 8c000000 2e000000 8d000000 2e000000 
000147d0: 8c000000 2f000000 8d000000 2f000000 
000147e0: 8e000000 2e000000 8f000000 2e000000 
000147f0: 8e000000 2f000000 8f000000 2f000000 
00014800: 90000000 20000000 91000000 20000000 
00014810: 90000000 21000000 91000000 21000000 
00014820: 92000000 20000000 93000000 20000000 
00014830: 92000000 21000000 93000000 21000000 
00014840: 90000000 22000000 91000000 22000000 
00014850: 90000000 23000000 91000000 23000000 
00014860: 92000000 22000000 93000000 22000000 
00014870: 92000000 23000000 93000000 23000000 
00014880: 94000000 20000000 95000000 20000000 
00014890: 94000000 21000000 95000000 21000000 
000148a0: 96000000 20000000 97000000 20000000 
000148b0: 96000000 21000000 97000000 21000000 
000148c0: 94000000 22000000 95000000 22000000 
000148d0: 94000000 23000000 95000000 23000000 
000148e0: 96000000 22000000 97000000 22000000 
000148f0: 96000000 23000000 97000000 23000000 
00014900: 90000000 24000000 91000000 24000000 
00014910: 90000000 25000000 91000000 25000000 
00014920: 92000000 24000000 93000000 24000000 
00014930: 92000000 25000000 93000000 25000000 
00014940: 90000000 26000000 91000000 26000000 
00014950: 90000000 27000000 91000000 27000000 
00014960: 92000000 26000000 93000000 26000000 
00014970: 92000000 27000000 93000000 27000000 
00014980: 94000000 24000000 95000000 24000000 
00014990: 94000000 25000000 95000000 25000000 
000149a0: 96000000 24000000 97000000 24000000 
000149b0: 96000000 25000000 97000000 25000000 
000149c0: 94000000 26000000 95000000 26000000 
000149d0: 94000000 27000000 95000000 27000000 
000149e0: 96000000 26000000 97000000 26000000 
000149f0: 96000000 27000000 97000000 27000000 
00014a00: 98000000 20000000 99000000 20000000 
00014a10: 98000000 21000000 99000000 21000000 
00014a20: 9a000000 20000000 9b000000 20000000 
00014a30: 9a000000 21000000 9b000000 21000000 
00014a40: 98000000 22000000 99000000 22000000 
00014a50: 98000000 23000000 99000000 23000000 
00014a60: 9a000000 22000000 9b000000 22000000 
00014a70: 9a000000 23000000 9b000000 23000000 
00014a80: 9c000000 20000000 9d000000 20000000 
00014a90: 9c000000 21000000 9d000000 21000000 
00014aa0: 9e000000 20000000 9f000000 20000000 
00014ab0: 9e000000 21000000 9f000000 21000000 
00014ac0: 9c000000 22000000 9d000000 22000000 
00014ad0: 9c000000 23000000 9d000000 23000000 
00014ae0: 9e000000 22000000 9f000000 22000000 
00014af0: 9e000000 23000000 9f000000 23000000 
00014b00: 98000000 24000000 99000000 24000000 
00014b10: 98000000 25000000 99000000 25000000 
00014b20: 9a000000 24000000 9b000000 24000000 
00014b30: 9a000000 25000000 9b000000 25000000 
00014b40: 98000000 26000000 99000000 26000000 
00014b50: 98000000 27000000 99000000 27000000 
00014b60: 9a000000 26000000 9b000000 26000000 
00014b70: 9a000000 27000000 9b000000 27000000 
00014b80: 9c000000 24000000 9d000000 24000000 
00014b90: 9c000000 25000000 9d000000 25000000 
00014ba0: 9e000000 24000000 9f000000 24000000 
00014bb0: 9e000000 25000000 9f000000 25000000 
00014bc0: 9c000000 26000000 9d000000 26000000 
00014bd0: 9c000000 27000000 9d000000 27000000 
00014be0: 9e000000 26000000 9f000000 26000000 
00014bf0: 9e000000 27000000 9f000000 27000000 
00014c00: 90000000 28000000 91000000 28000000 
00014c10: 90000000 29000000 91000000 29000000 
00014c20: 92000000 28000000 93000000 28000000 
00014c30: 92000000 29000000 93000000 29000000 
00014c40: 90000000 2a000000 91000000 2a000000 
00014c50: 90000000 2b000000 91000000 2b000000 
00014c60: 92000000 2a000000 93000000 2a000000 
00014c70: 92000000 2b000000 93000000 2b000000 
00014c80: 94000000 28000000 95000000 28000000 
00014c90: 94000000 29000000 95000000 29000000 
00014ca0: 96000000 28000000 97000000 28000000 
00014cb0: 96000000 29000000 97000000 29000000 
00014cc0: 94000000 2a000000 95000000 2a000000 
00014cd0: 94000000 2b000000 95000000 2b000000 
00014ce0: 96000000 2a000000 97000000 2a000000 
00014cf0: 96000000 2b000000 97000000 2b000000 
00014d00: 90000000 2c000000 91000000 2c000000 
00014d10: 90000000 2d000000 91000000 2d000000 
00014d20: 92000000 2c000000 93000000 2c000000 
00014d30: 92000000 2d000000 93000000 2d000000 
00014d40: 90000000 2e000000 91000000 2e000000 
00014d50: 90000000 2f000000 91000000 2f000000 
00014d60: 92000000 2e000000 93000000 2e000000 
00014d70: 92000000 2f000000 93000000 2f000000 
00014d80: 94000000 2c000000 95000000 2c000000 
00014d90: 94000000 2d000000 95000000 2d000000 
00014da0: 96000000 2c000000 97000000 2c000000 
00014db0: 96000000 2d000000 97000000 2d000000 
00014dc0: 94000000 2e000000 95000000 2e000000 
00014dd0: 94000000 2f000000 95000000 2f000000 
00014de0: 96000000 2e000000 97000000 2e000000 
00014df0: 96000000 2f000000 97000000 2f000000 
00014e00: 98000000 28000000 99000000 28000000 
00014e10: 98000000 29000000 99000000 29000000 
00014e20: 9a000000 28000000 9b000000 28000000 
00014e30: 9a000000 29000000 9b000000 29000000 
00014e40: 98000000 2a000000 99000000 2a000000 
00014e50: 98000000 2b000000 99000000 2b000000 
00014e60: 9a000000 2a000000 9b000000 2a000000 
00014e70: 9a000000 2b000000 9b000000 2b000000 
00014e80: 9c000000 28000000 9d000000 28000000 
00014e90: 9c000000 29000000 9d000000 29000000 
00014ea0: 9e000000 28000000 9f000000 28000000 
00014eb0: 9e000000 29000000 9f000000 29000000 
00014ec0: 9c000000 2a000000 9d000000 2a000000 
00014ed0: 9c000000 2b000000 9d000000 2b000000 
00014ee0: 9e000000 2a000000 9f000000 2a000000 
00014ef0: 9e000000 2b000000 9f000000 2b000000 
00014f00: 98000000 2c000000 99000000 2c000000 
00014f10: 98000000 2d000000 99000000 2d000000 
00014f20: 9a000000 2c000000 9b000000 2c000000 
00014f30: 9a000000 2d000000 9b000000 2d000000 
00014f40: 98000000 2e000000 99000000 2e000000 
00014f50: 98000000 2f000000 99000000 2f000000 
00014f60: 9a000000 2e000000 9b000000 2e000000 
00014f70: 9a000000 2f000000 9b000000 2f000000 
00014f80: 9c000000 2c000000 9d000000 2c000000 
00014f90: 9c000000 2d000000 9d000000 2d000000 
00014fa0: 9e000000 2c000000 9f000000 2c000000 
00014fb0: 9e000000 2d000000 9f000000 2d000000 
00014fc0: 9c000000 2e000000 9d000000 2e000000 
00014fd0: 9c000000 2f000000 9d000000 2f000000 
00014fe0: 9e000000 2e000000 9f000000 2e000000 
00014ff0: 9e000000 2f000000 9f000000 2f000000 
00015000: 80000000 30000000 81000000 30000000 
00015010: 80000000 31000000 81000000 31000000 
00015020: 82000000 30000000 83000000 30000000 
00015030: 82000000 31000000 83000000 31000000 
00015040: 80000000 32000000 81000000 32000000 
00015050: 80000000 33000000 81000000 33000000 
00015060: 82000000 32000000 83000000 32000000 
00015070: 82000000 33000000 83000000 33000000 
00015080: 84000000 30000000 85000000 30000000 
00015090: 84000000 31000000 85000000 31000000 
000150a0: 86000000 30000000 87000000 30000000 
000150b0: 86000000 31000000 87000000 31000000 
000150c0: 84000000 32000000 85000000 32000000 
000150d0: 84000000 33000000 85000000 33000000 
000150e0: 86000000 32000000 87000000 32000000 
000150f0: 86000000 33000000 87000000 33000000 
00015100: 80000000 34000000 81000000 34000000 
00015110: 80000000 35000000 81000000 35000000 
00015120: 82000000 34000000 83000000 34000000 
00015130: 82000000 35000000 83000000 35000000 
00015140: 80000000 36000000 81000000 36000000 
00015150: 80000000 37000000 81000000 37000000 
00015160: 82000000 36000000 83000000 36000000 
00015170: 82000000 37000000 83000000 37000000 
00015180: 84000000 34000000 85000000 34000000 
00015190: 84000000 35000000 85000000 35000000 
000151a0: 86000000 34000000 87000000 34000000 
000151b0: 86000000 35000000 87000000 35000000 
000151c0: 84000000 36000000 85000000 36000000 
000151d0: 84000000 37000000 85000000 37000000 
000151e0: 86000000 36000000 87000000 36000000 
000151f0: 86000000 37000000 87000000 37000000 
00015200: 88000000 30000000 89000000 30000000 
00015210: 88000000 31000000 89000000 31000000 
00015220: 8a000000 30000000 8b000000 30000000 
00015230: 8a000000 31000000 8b000000 31000000 
00015240: 88000000 32000000 89000000 32000000 
00015250: 88000000 33000000 89000000 33000000 
00015260: 8a000000 32000000 8b000000 32000000 
00015270: 8a000000 33000000 8b000000 33000000 
00015280: 8c000000 30000000 8d000000 30000000 
00015290: 8c000000 31000000 8d000000 31000000 
000152a0: 8e000000 30000000 8f000000 30000000 
000152b0: 8e000000 31000000 8f000000 31000000 
000152c0: 8c000000 32000000 8d000000 32000000 
000152d0: 8c000000 33000000 8d000000 33000000 
000152e0: 8e000000 32000000 8f000000 32000000 
000152f0: 8e000000 33000000 8f000000 33000000 
00015300: 88000000 34000000 89000000 34000000 
00015310: 88000000 35000000 89000000 35000000 
00015320: 8a000000 34000000 8b000000 34000000 
00015330: 8a000000 35000000 8b000000 35000000 
00015340: 88000000 36000000 89000000 36000000 
00015350: 88000000 37000000 89000000 37000000 
00015360: 8a000000 36000000 8b000000 36000000 
00015370: 8a000000 37000000 8b000000 37000000 
00015380: 8c000000 34000000 8d000000 34000000 
00015390: 8c000000 35000000 8d000000 35000000 
000153a0: 8e000000 34000000 8f000000 34000000 
000153b0: 8e000000 35000000 8f000000 35000000 
000153c0: 8c000000 36000000 8d000000 36000000 
000153d0: 8c000000 37000000 8d000000 37000000 
000153e0: 8e000000 36000000 8f000000 36000000 
000153f0: 8e000000 37000000 8f000000 37000000 
00015400: 80000000 38000000 81000000 38000000 
00015410: 80000000 39000000 81000000 39000000 
00015420: 82000000 38000000 83000000 38000000 
00015430: 82000000 39000000 83000000 39000000 
00015440: 80000000 3a000000 81000000 3a000000 
00015450: 80000000 3b000000 81000000 3b000000 
00015460: 82000000 3a000000 83000000 3a000000 
00015470: 82000000 3b000000 83000000 3b000000 
00015480: 84000000 38000000 85000000 38000000 
00015490: 84000000 39000000 85000000 39000000 
000154a0: 86000000 38000000 87000000 38000000 
000154b0: 86000000 39000000 87000000 39000000 
000154c0: 84000000 3a000000 85000000 3a000000 
000154d0: 84000000 3b000000 85000000 3b000000 
000154e0: 86000000 3a000000 87000000 3a000000 
000154f0: 86000000 3b000000 87000000 3b000000 
00015500: 80000000 3c000000 81000000 3c000000 
00015510: 80000000 3d000000 81000000 3d000000 
00015520: 82000000 3c000000 83000000 3c000000 
00015530: 82000000 3d000000 83000000 3d000000 
00015540: 80000000 3e000000 81000000 3e000000 
00015550: 80000000 3f000000 81000000 3f000000 
00015560: 82000000 3e000000 83000000 3e000000 
00015570: 82000000 3f000000 83000000 3f000000 
00015580: 84000000 3c000000 85000000 3c000000 
00015590: 84000000 3d000000 85000000 3d000000 
000155a0: 86000000 3c000000 87000000 3c000000 
000155b0: 86000000 3d000000 87000000 3d000000 
000155c0: 84000000 3e000000 85000000 3e000000 
000155d0: 84000000 3f000000 85000000 3f000000 
000155e0: 86000000 3e000000 87000000 3e000000 
000155f0: 86000000 3f000000 87000000 3f000000 
00015600: 88000000 38000000 89000000 38000000 
00015610: 88000000 39000000 89000000 39000000 
00015620: 8a000000 38000000 8b000000 38000000 
00015630: 8a000000 39000000 8b000000 39000000 
00015640: 88000000 3a000000 89000000 3a000000 
00015650: 88000000 3b000000 89000000 3b000000 
00015660: 8a000000 3a000000 8b000000 3a000000 
00015670: 8a000000 3b000000 8b000000 3b000000 
00015680: 8c000000 38000000 8d000000 38000000 
00015690: 8c000000 39000000 8d000000 39000000 
000156a0: 8e000000 38000000 8f000000 38000000 
000156b0: 8e000000 39000000 8f000000 39000000 
000156c0: 8c000000 3a000000 8d000000 3a000000 
000156d0: 8c000000 3b000000 8d000000 3b000000 
000156e0: 8e000000 3a000000 8f000000 3a000000 
000156f0: 8e000000 3b000000 8f000000 3b000000 
00015700: 88000000 3c000000 89000000 3c000000 
00015710: 88000000 3d000000 89000000 3d000000 
00015720: 8a000000 3c000000 8b000000 3c000000 
00015730: 8a000000 3d000000 8b000000 3d000000 
00015740: 88000000 3e000000 89000000 3e000000 
00015750: 88000000 3f000000 89000000 3f000000 
00015760: 8a000000 3e000000 8b000000 3e000000 
00015770: 8a000000 3f000000 8b000000 3f000000 
00015780: 8c000000 3c000000 8d000000 3c000000 
00015790: 8c000000 3d000000 8d000000 3d000000 
000157a0: 8e000000 3c000000 8f000000 3c000000 
000157b0: 8e000000 3d000000 8f000000 3d000000 
000157c0: 8c000000 3e000000 8d000000 3e000000 
000157d0: 8c000000 3f000000 8d000000 3f000000 
000157e0: 8e000000 3e000000 8f000000 3e000000 
000157f0: 8e000000 3f000000 8f000000 3f000000 
00015800: 90000000 30000000 91000000 30000000 
00015810: 90000000 31000000 91000000 31000000 
00015820: 92000000 30000000 93000000 30000000 
00015830: 92000000 31000000 93000000 31000000 
00015840: 90000000 32000000 91000000 32000000 
00015850: 90000000 33000000 91000000 33000000 
00015860: 92000000 32000000 93000000 32000000 
00015870: 92000000 33000000 93000000 33000000 
00015880: 94000000 30000000 95000000 30000000 
00015890: 94000000 31000000 95000000 31000000 
000158a0: 96000000 30000000 97000000 30000000 
000158b0: 96000000 31000000 97000000 31000000 
000158c0: 94000000 32000000 95000000 32000000 
000158d0: 94000000 33000000 95000000 33000000 
000158e0: 96000000 32000000 97000000 32000000 
000158f0: 96000000 33000000 97000000 33000000 
00015900: 90000000 34000000 91000000 34000000 
00015910: 90000000 35000000 91000000 35000000 
00015920: 92000000 34000000 93000000 34000000 
00015930: 92000000 35000000 93000000 35000000 
00015940: 90000000 36000000 91000000 36000000 
00015950: 90000000 37000000 91000000 37000000 
00015960: 92000000 36000000 93000000 36000000 
00015970: 92000000 37000000 93000000 37000000 
00015980: 94000000 34000000 95000000 34000000 
00015990: 94000000 35000000 95000000 35000000 
000159a0: 96000000 34000000 97000000 34000000 
000159b0: 96000000 35000000 97000000 35000000 
000159c0: 94000000 36000000 95000000 36000000 
000159d0: 94000000 37000000 95000000 37000000 
000159e0: 96000000 36000000 97000000 36000000 
000159f0: 96000000 37000000 97000000 37000000 
00015a00: 98000000 30000000 99000000 30000000 
00015a10: 98000000 31000000 99000000 31000000 
00015a20: 9a000000 30000000 9b000000 30000000 
00015a30: 9a000000 31000000 9b000000 31000000 
00015a40: 98000000 32000000 99000000 32000000 
00015a50: 98000000 33000000 99000000 33000000 
00015a60: 9a000000 32000000 9b000000 32000000 
00015a70: 9a000000 33000000 9b000000 33000000 
00015a80: 9c000000 30000000 9d000000 30000000 
00015a90: 9c000000 31000000 9d000000 31000000 
00015aa0: 9e000000 30000000 9f000000 30000000 
00015ab0: 9e000000 31000000 9f000000 31000000 
00015ac0: 9c000000 32000000 9d000000 32000000 
00015ad0: 9c000000 33000000 9d000000 33000000 
00015ae0: 9e000000 32000000 9f000000 32000000 
00015af0: 9e000000 33000000 9f000000 33000000 
00015b00: 98000000 34000000 99000000 34000000 
00015b10: 98000000 35000000 99000000 35000000 
00015b20: 9a000000 34000000 9b000000 34000000 
00015b30: 9a000000 35000000 9b000000 35000000 
00015b40: 98000000 36000000 99000000 36000000 
00015b50: 98000000 37000000 99000000 37000000 
00015b60: 9a000000 36000000 9b000000 36000000 
00015b70: 9a000000 37000000 9b000000 37000000 
00015b80: 9c000000 34000000 9d000000 34000000 
00015b90: 9c000000 35000000 9d000000 35000000 
00015ba0: 9e000000 34000000 9f000000 34000000 
00015bb0: 9e000000 35000000 9f000000 35000000 
00015bc0: 9c000000 36000000 9d000000 36000000 
00015bd0: 9c000000 37000000 9d000000 37000000 
00015be0: 9e000000 36000000 9f000000 36000000 
00015bf0: 9e000000 37000000 9f000000 37000000 
00015c00: 90000000 38000000 91000000 38000000 
00015c10: 90000000 39000000 91000000 39000000 
00015c20: 92000000 38000000 93000000 38000000 
00015c30: 92000000 39000000 93000000 39000000 
00015c40: 90000000 3a000000 91000000 3a000000 
00015c50: 90000000 3b000000 91000000 3b000000 
00015c60: 92000000 3a000000 93000000 3a000000 
00015c70: 92000000 3b000000 93000000 3b000000 
00015c80: 94000000 38000000 95000000 38000000 
00015c90: 94000000 39000000 95000000 39000000 
00015ca0: 96000000 38000000 97000000 38000000 
00015cb0: 96000000 39000000 97000000 39000000 
00015cc0: 94000000 3a000000 95000000 3a000000 
00015cd0: 94000000 3b000000 95000000 3b000000 
00015ce0: 96000000 3a000000 97000000 3a000000 
00015cf0: 96000000 3b000000 97000000 3b000000 
00015d00: 90000000 3c000000 91000000 3c000000 
00015d10: 90000000 3d000000 91000000 3d000000 
00015d20: 92000000 3c000000 93000000 3c000000 
00015d30: 92000000 3d000000 93000000 3d000000 
00015d40: 90000000 3e000000 91000000 3e000000 
00015d50: 90000000 3f000000 91000000 3f000000 
00015d60: 92000000 3e000000 93000000 3e000000 
00015d70: 92000000 3f000000 93000000 3f000000 
00015d80: 94000000 3c000000 95000000 3c000000 
00015d90: 94000000 3d000000 95000000 3d000000 
00015da0: 96000000 3c000000 97000000 3c000000 
00015db0: 96000000 3d000000 97000000 3d000000 
00015dc0: 94000000 3e000000 95000000 3e000000 
00015dd0: 94000000 3f000000 95000000 3f000000 
00015de0: 96000000 3e000000 97000000 3e000000 
00015df0: 96000000 3f000000 97000000 3f000000 
00015e00: 98000000 38000000 99000000 38000000 
00015e10: 98000000 39000000 99000000 39000000 
00015e20: 9a000000 38000000 9b000000 38000000 
00015e30: 9a000000 39000000 9b000000 39000000 
00015e40: 98000000 3a000000 99000000 3a000000 
00015e50: 98000000 3b000000 99000000 3b000000 
00015e60: 9a000000 3a000000 9b000000 3a000000 
00015e70: 9a000000 3b000000 9b000000 3b000000 
00015e80: 9c000000 38000000 9d000000 38000000 
00015e90: 9c000000 39000000 9d000000 39000000 
00015ea0: 9e000000 38000000 9f000000 38000000 
00015eb0: 9e000000 39000000 9f000000 39000000 
00015ec0: 9c000000 3a000000 9d000000 3a000000 
00015ed0: 9c000000 3b000000 9d000000 3b000000 
00015ee0: 9e000000 3a000000 9f000000 3a000000 
00015ef0: 9e000000 3b000000 9f000000 3b000000 
00015f00: 98000000 3c000000 99000000 3c000000 
00015f10: 98000000 3d000000 99000000 3d000000 
00015f20: 9a000000 3c000000 9b000000 3c000000 
00015f30: 9a000000 3d000000 9b000000 3d000000 
00015f40: 98000000 3e000000 99000000 3e000000 
00015f50: 98000000 3f000000 99000000 3f000000 
00015f60: 9a000000 3e000000 9b000000 3e000000 
00015f70: 9a000000 3f000000 9b000000 3f000000 
00015f80: 9c000000 3c000000 9d000000 3c000000 
00015f90: 9c000000 3d000000 9d000000 3d000000 
00015fa0: 9e000000 3c000000 9f000000 3c000000 
00015fb0: 9e000000 3d000000 9f000000 3d000000 
00015fc0: 9c000000 3e000000 9d000000 3e000000 
00015fd0: 9c000000 3f000000 9d000000 3f000000 
00015fe0: 9e000000 3e000000 9f000000 3e000000 
00015ff0: 9e000000 3f000000 9f000000 3f000000 
00016000: 00000000 00000000 00000000 00000000 
00016010: 00000000 00000000 00000000 00000000 
00016020: 00000000 00000000 00000000 00000000 
00016030: 00000000 00000000 00000000 00000000 
00016040: 00000000 00000000 00000000 00000000 
00016050: 00000000 00000000 00000000 00000000 
00016060: 00000000 00000000 00000000 00000000 
00016070: 00000000 00000000 00000000 00000000 
00016080: 00000000 00000000 00000000 00000000 
00016090: 00000000 00000000 00000000 00000000 
000160a0: 00000000 00000000 00000000 00000000 
000160b0: 00000000 00000000 00000000 00000000 
000160c0: 00000000 00000000 00000000 00000000 
000160d0: 00000000 00000000 00000000 00000000 
000160e0: 00000000 00000000 00000000 00000000 
000160f0: 00000000 00000000 00000000 00000000 
00016100: 00000000 00000000 00000000 00000000 
00016110: 00000000 00000000 00000000 00000000 
00016120: 00000000 00000000 00000000 00000000 
00016130: 00000000 00000000 00000000 00000000 
00016140: 00000000 00000000 00000000 00000000 
00016150: 00000000 00000000 00000000 00000000 
00016160: 00000000 00000000 00000000 00000000 
00016170: 00000000 00000000 00000000 00000000 
00016180: 00000000 00000000 00000000 00000000 
00016190: 00000000 00000000 00000000 00000000 
000161a0: 00000000 00000000 00000000 00000000 
000161b0: 00000000 00000000 00000000 00000000 
000161c0: 00000000 00000000 00000000 00000000 
000161d0: 00000000 00000000 00000000 00000000 
000161e0: 00000000 00000000 00000000 00000000 
000161f0: 00000000 00000000 00000000 00000000 
00016200: 00000000 00000000 00000000 00000000 
00016210: 00000000 00000000 00000000 00000000 
00016220: 00000000 00000000 00000000 00000000 
00016230: 00000000 00000000 00000000 00000000 
00016240: 00000000 00000000 00000000 00000000 
00016250: 00000000 00000000 00000000 00000000 
00016260: 00000000 00000000 00000000 00000000 
00016270: 00000000 00000000 00000000 00000000 
00016280: 00000000 00000000 00000000 00000000 
00016290: 00000000 00000000 00000000 00000000 
000162a0: 00000000 00000000 00000000 00000000 
000162b0: 00000000 00000000 00000000 00000000 
000162c0: 00000000 00000000 00000000 00000000 
000162d0: 00000000 00000000 00000000 00000000 
000162e0: 00000000 00000000 00000000 00000000 
000162f0: 00000000 00000000 00000000 00000000 
00016300: 00000000 00000000 00000000 00000000 
00016310: 00000000 00000000 00000000 00000000 
00016320: 00000000 00000000 00000000 00000000 
00016330: 00000000 00000000 00000000 00000000 
00016340: 00000000 00000000 00000000 00000000 
00016350: 00000000 00000000 00000000 00000000 
00016360: 00000000 00000000 00000000 00000000 
00016370: 00000000 00000000 00000000 00000000 
00016380: 00000000 00000000 00000000 00000000 
00016390: 00000000 00000000 00000000 00000000 
000163a0: 00000000 00000000 00000000 00000000 
000163b0: 00000000 00000000 00000000 00000000 
000163c0: 00000000 00000000 00000000 00000000 
000163d0: 00000000 00000000 00000000 00000000 
000163e0: 00000000 00000000 00000000 00000000 
000163f0: 00000000 00000000 00000000 00000000 
00016400: 00000000 00000000 00000000 00000000 
00016410: 00000000 00000000 00000000 00000000 
00016420: 00000000 00000000 00000000 00000000 
00016430: 00000000 00000000 00000000 00000000 
00016440: 00000000 00000000 00000000 00000000 
00016450: 00000000 00000000 00000000 00000000 
00016460: 00000000 00000000 00000000 00000000 
00016470: 00000000 00000000 00000000 00000000 
00016480: 00000000 00000000 00000000 00000000 
00016490: 00000000 00000000 00000000 00000000 
000164a0: 00000000 00000000 00000000 00000000 
000164b0: 00000000 00000000 00000000 00000000 
000164c0: 00000000 00000000 00000000 00000000 
000164d0: 00000000 00000000 00000000 00000000 
000164e0: 00000000 00000000 00000000 00000000 
000164f0: 00000000 00000000 00000000 00000000 
00016500: 00000000 00000000 00000000 00000000 
00016510: 00000000 00000000 00000000 00000000 
00016520: 00000000 00000000 00000000 00000000 
00016530: 00000000 00000000 00000000 00000000 
00016540: 00000000 00000000 00000000 00000000 
00016550: 00000000 00000000 00000000 00000000 
00016560: 00000000 00000000 00000000 00000000 
00016570: 00000000 00000000 00000000 00000000 
00016580: 00000000 00000000 00000000 00000000 
00016590: 00000000 00000000 00000000 00000000 
000165a0: 00000000 00000000 00000000 00000000 
000165b0: 00000000 00000000 00000000 00000000 
000165c0: 00000000 00000000 00000000 00000000 
000165d0: 00000000 00000000 00000000 00000000 
000165e0: 00000000 00000000 00000000 00000000 
000165f0: 00000000 00000000 00000000 00000000 
00016600: 00000000 00000000 00000000 00000000 
00016610: 00000000 00000000 00000000 00000000 
00016620: 00000000 00000000 00000000 00000000 
00016630: 00000000 00000000 00000000 00000000 
00016640: 00000000 00000000 00000000 00000000 
00016650: 00000000 00000000 00000000 00000000 
00016660: 00000000 00000000 00000000 00000000 
00016670: 00000000 00000000 00000000 00000000 
00016680: 00000000 00000000 00000000 00000000 
00016690: 00000000 00000000 00000000 00000000 
000166a0: 00000000 00000000 00000000 00000000 
000166b0: 00000000 00000000 00000000 00000000 
000166c0: 00000000 00000000 00000000 00000000 
000166d0: 00000000 00000000 00000000 00000000 
000166e0: 00000000 00000000 00000000 00000000 
000166f0: 00000000 00000000 00000000 00000000 
00016700: 00000000 00000000 00000000 00000000 
00016710: 00000000 00000000 00000000 00000000 
00016720: 00000000 00000000 00000000 00000000 
00016730: 00000000 00000000 00000000 00000000 
00016740: 00000000 00000000 00000000 00000000 
00016750: 00000000 00000000 00000000 00000000 
00016760: 00000000 00000000 00000000 00000000 
00016770: 00000000 00000000 00000000 00000000 
00016780: 00000000 00000000 00000000 00000000 
00016790: 00000000 00000000 00000000 00000000 
000167a0: 00000000 00000000 00000000 00000000 
000167b0: 00000000 00000000 00000000 00000000 
000167c0: 00000000 00000000 00000000 00000000 
000167d0: 00000000 00000000 00000000 00000000 
000167e0: 00000000 00000000 00000000 00000000 
000167f0: 00000000 00000000 00000000 00000000 
00016800: 00000000 00000000 00000000 00000000 
00016810: 00000000 00000000 00000000 00000000 
00016820: 00000000 00000000 00000000 00000000 
00016830: 00000000 00000000 00000000 00000000 
00016840: 00000000 00000000 00000000 00000000 
00016850: 00000000 00000000 00000000 00000000 
00016860: 00000000 00000000 00000000 00000000 
00016870: 00000000 00000000 00000000 00000000 
00016880: 00000000 00000000 00000000 00000000 
00016890: 00000000 00000000 00000000 00000000 
000168a0: 00000000 00000000 00000000 00000000 
000168b0: 00000000 00000000 00000000 00000000 
000168c0: 00000000 00000000 00000000 00000000 
000168d0: 00000000 00000000 00000000 00000000 
000168e0: 00000000 00000000 00000000 00000000 
000168f0: 00000000 00000000 00000000 00000000 
00016900: 00000000 00000000 00000000 00000000 
00016910: 00000000 00000000 00000000 00000000 
00016920: 00000000 00000000 00000000 00000000 
00016930: 00000000 00000000 00000000 00000000 
00016940: 00000000 00000000 00000000 00000000 
00016950: 00000000 00000000 00000000 00000000 
00016960: 00000000 00000000 00000000 00000000 
00016970: 00000000 00000000 00000000 00000000 
00016980: 00000000 00000000 00000000 00000000 
00016990: 00000000 00000000 00000000 00000000 
000169a0: 00000000 00000000 00000000 00000000 
000169b0: 00000000 00000000 00000000 00000000 
000169c0: 00000000 00000000 00000000 00000000 
000169d0: 00000000 00000000 00000000 00000000 
000169e0: 00000000 00000000 00000000 00000000 
000169f0: 00000000 00000000 00000000 00000000 
00016a00: 00000000 00000000 00000000 00000000 
00016a10: 00000000 00000000 00000000 00000000 
00016a20: 00000000 00000000 00000000 00000000 
00016a30: 00000000 00000000 00000000 00000000 
00016a40: 00000000 00000000 00000000 00000000 
00016a50: 00000000 00000000 00000000 00000000 
00016a60: 00000000 00000000 00000000 00000000 
00016a70: 00000000 00000000 00000000 00000000 
00016a80: 00000000 00000000 00000000 00000000 
00016a90: 00000000 00000000 00000000 00000000 
00016aa0: 00000000 00000000 00000000 00000000 
00016ab0: 00000000 00000000 00000000 00000000 
00016ac0: 00000000 00000000 00000000 00000000 
00016ad0: 00000000 00000000 00000000 00000000 
00016ae0: 00000000 00000000 00000000 00000000 
00016af0: 00000000 00000000 00000000 00000000 
00016b00: 00000000 00000000 00000000 00000000 
00016b10: 00000000 00000000 00000000 00000000 
00016b20: 00000000 00000000 00000000 00000000 
00016b30: 00000000 00000000 00000000 00000000 
00016b40: 00000000 00000000 00000000 00000000 
00016b50: 00000000 00000000 00000000 00000000 
00016b60: 00000000 00000000 00000000 00000000 
00016b70: 00000000 00000000 00000000 00000000 
00016b80: 00000000 00000000 00000000 00000000 
00016b90: 00000000 00000000 00000000 00000000 
00016ba0: 00000000 00000000 00000000 00000000 
00016bb0: 00000000 00000000 00000000 00000000 
00016bc0: 00000000 00000000 00000000 00000000 
00016bd0: 00000000 00000000 00000000 00000000 
00016be0: 00000000 00000000 00000000 00000000 
00016bf0: 00000000 00000000 00000000 00000000 
00016c00: 00000000 00000000 00000000 00000000 
00016c10: 00000000 00000000 00000000 00000000 
00016c20: 00000000 00000000 00000000 00000000 
00016c30: 00000000 00000000 00000000 00000000 
00016c40: 00000000 00000000 00000000 00000000 
00016c50: 00000000 00000000 00000000 00000000 
00016c60: 00000000 00000000 00000000 00000000 
00016c70: 00000000 00000000 00000000 00000000 
00016c80: 00000000 00000000 00000000 00000000 
00016c90: 00000000 00000000 00000000 00000000 
00016ca0: 00000000 00000000 00000000 00000000 
00016cb0: 00000000 00000000 00000000 00000000 
00016cc0: 00000000 00000000 00000000 00000000 
00016cd0: 00000000 00000000 00000000 00000000 
00016ce0: 00000000 00000000 00000000 00000000 
00016cf0: 00000000 00000000 00000000 00000000 
00016d00: 00000000 00000000 00000000 00000000 
00016d10: 00000000 00000000 00000000 00000000 
00016d20: 00000000 00000000 00000000 00000000 
00016d30: 00000000 00000000 00000000 00000000 
00016d40: 00000000 00000000 00000000 00000000 
00016d50: 00000000 00000000 00000000 00000000 
00016d60: 00000000 00000000 00000000 00000000 
00016d70: 00000000 00000000 00000000 00000000 
00016d80: 00000000 00000000 00000000 00000000 
00016d90: 00000000 00000000 00000000 00000000 
00016da0: 00000000 00000000 00000000 00000000 
00016db0: 00000000 00000000 00000000 00000000 
00016dc0: 00000000 00000000 00000000 00000000 
00016dd0: 00000000 00000000 00000000 00000000 
00016de0: 00000000 00000000 00000000 00000000 
00016df0: 00000000 00000000 00000000 00000000 
00016e00: 00000000 00000000 00000000 00000000 
00016e10: 00000000 00000000 00000000 00000000 
00016e20: 00000000 00000000 00000000 00000000 
00016e30: 00000000 00000000 00000000 00000000 
00016e40: 00000000 00000000 00000000 00000000 
00016e50: 00000000 00000000 00000000 00000000 
00016e60: 00000000 00000000 00000000 00000000 
00016e70: 00000000 00000000 00000000 00000000 
00016e80: 00000000 00000000 00000000 00000000 
00016e90: 00000000 00000000 00000000 00000000 
00016ea0: 00000000 00000000 00000000 00000000 
00016eb0: 00000000 00000000 00000000 00000000 
00016ec0: 00000000 00000000 00000000 00000000 
00016ed0: 00000000 00000000 00000000 00000000 
00016ee0: 00000000 00000000 00000000 00000000 
00016ef0: 00000000 00000000 00000000 00000000 
00016f00: 00000000 00000000 00000000 00000000 
00016f10: 00000000 00000000 00000000 00000000 
00016f20: 00000000 00000000 00000000 00000000 
00016f30: 00000000 00000000 00000000 00000000 
00016f40: 00000000 00000000 00000000 00000000 
00016f50: 00000000 00000000 00000000 00000000 
00016f60: 00000000 00000000 00000000 00000000 
00016f70: 00000000 00000000 00000000 00000000 
00016f80: 00000000 00000000 00000000 00000000 
00016f90: 00000000 00000000 00000000 00000000 
00016fa0: 00000000 00000000 00000000 00000000 
00016fb0: 00000000 00000000 00000000 00000000 
00016fc0: 00000000 00000000 00000000 00000000 
00016fd0: 00000000 00000000 00000000 00000000 
00016fe0: 00000000 00000000 00000000 00000000 
00016ff0: 00000000 00000000 00000000 00000000 
00017000: 00000000 00000000 00000000 00000000 
00017010: 00000000 00000000 00000000 00000000 
00017020: 00000000 00000000 00000000 00000000 
00017030: 00000000 00000000 00000000 00000000 
00017040: 00000000 00000000 00000000 00000000 
00017050: 00000000 00000000 00000000 00000000 
00017060: 00000000 00000000 00000000 00000000 
00017070: 00000000 00000000 00000000 00000000 
00017080: 00000000 00000000 00000000 00000000 
00017090: 00000000 00000000 00000000 00000000 
000170a0: 00000000 00000000 00000000 00000000 
000170b0: 00000000 00000000 00000000 00000000 
000170c0: 00000000 00000000 00000000 00000000 
000170d0: 00000000 00000000 00000000 00000000 
000170e0: 00000000 00000000 00000000 00000000 
000170f0: 00000000 00000000 00000000 00000000 
00017100: 00000000 00000000 00000000 00000000 
00017110: 00000000 00000000 00000000 00000000 
00017120: 00000000 00000000 00000000 00000000 
00017130: 00000000 00000000 00000000 00000000 
00017140: 00000000 00000000 00000000 00000000 
00017150: 00000000 00000000 00000000 00000000 
00017160: 00000000 00000000 00000000 00000000 
00017170: 00000000 00000000 00000000 00000000 
00017180: 00000000 00000000 00000000 00000000 
00017190: 00000000 00000000 00000000 00000000 
000171a0: 00000000 00000000 00000000 00000000 
000171b0: 00000000 00000000 00000000 00000000 
000171c0: 00000000 00000000 00000000 00000000 
000171d0: 00000000 00000000 00000000 00000000 
000171e0: 00000000 00000000 00000000 00000000 
000171f0: 00000000 00000000 00000000 00000000 
00017200: 00000000 00000000 00000000 00000000 
00017210: 00000000 00000000 00000000 00000000 
00017220: 00000000 00000000 00000000 00000000 
00017230: 00000000 00000000 00000000 00000000 
00017240: 00000000 00000000 00000000 00000000 
00017250: 00000000 00000000 00000000 00000000 
00017260: 00000000 00000000 00000000 00000000 
00017270: 00000000 00000000 00000000 00000000 
00017280: 00000000 00000000 00000000 00000000 
00017290: 00000000 00000000 00000000 00000000 
000172a0: 00000000 00000000 00000000 00000000 
000172b0: 00000000 00000000 00000000 00000000 
000172c0: 00000000 00000000 00000000 00000000 
000172d0: 00000000 00000000 00000000 00000000 
000172e0: 00000000 00000000 00000000 00000000 
000172f0: 00000000 00000000 00000000 00000000 
00017300: 00000000 00000000 00000000 00000000 
00017310: 00000000 00000000 00000000 00000000 
00017320: 00000000 00000000 00000000 00000000 
00017330: 00000000 00000000 00000000 00000000 
00017340: 00000000 00000000 00000000 00000000 
00017350: 00000000 00000000 00000000 00000000 
00017360: 00000000 00000000 00000000 00000000 
00017370: 00000000 00000000 00000000 00000000 
00017380: 00000000 00000000 00000000 00000000 
00017390: 00000000 00000000 00000000 00000000 
000173a0: 00000000 00000000 00000000 00000000 
000173b0: 00000000 00000000 00000000 00000000 
000173c0: 00000000 00000000 00000000 00000000 
000173d0: 00000000 00000000 00000000 00000000 
000173e0: 00000000 00000000 00000000 00000000 
000173f0: 00000000 00000000 00000000 00000000 
00017400: 00000000 00000000 00000000 00000000 
00017410: 00000000 00000000 00000000 00000000 
00017420: 00000000 00000000 00000000 00000000 
00017430: 00000000 00000000 00000000 00000000 
00017440: 00000000 00000000 00000000 00000000 
00017450: 00000000 00000000 00000000 00000000 
00017460: 00000000 00000000 00000000 00000000 
00017470: 00000000 00000000 00000000 00000000 
00017480: 00000000 00000000 00000000 00000000 
00017490: 00000000 00000000 00000000 00000000 
000174a0: 00000000 00000000 00000000 00000000 
000174b0: 00000000 00000000 00000000 00000000 
000174c0: 00000000 00000000 00000000 00000000 
000174d0: 00000000 00000000 00000000 00000000 
000174e0: 00000000 00000000 00000000 00000000 
000174f0: 00000000 00000000 00000000 00000000 
00017500: 00000000 00000000 00000000 00000000 
00017510: 00000000 00000000 00000000 00000000 
00017520: 00000000 00000000 00000000 00000000 
00017530: 00000000 00000000 00000000 00000000 
00017540: 00000000 00000000 00000000 00000000 
00017550: 00000000 00000000 00000000 00000000 
00017560: 00000000 00000000 00000000 00000000 
00017570: 00000000 00000000 00000000 00000000 
00017580: 00000000 00000000 00000000 00000000 
00017590: 00000000 00000000 00000000 00000000 
000175a0: 00000000 00000000 00000000 00000000 
000175b0: 00000000 00000000 00000000 00000000 
000175c0: 00000000 00000000 00000000 00000000 
000175d0: 00000000 00000000 00000000 00000000 
000175e0: 00000000 00000000 00000000 00000000 
000175f0: 00000000 00000000 00000000 00000000 
00017600: 00000000 00000000 00000000 00000000 
00017610: 00000000 00000000 00000000 00000000 
00017620: 00000000 00000000 00000000 00000000 
00017630: 00000000 00000000 00000000 00000000 
00017640: 00000000 00000000 00000000 00000000 
00017650: 00000000 00000000 00000000 00000000 
00017660: 00000000 00000000 00000000 00000000 
00017670: 00000000 00000000 00000000 00000000 
00017680: 00000000 00000000 00000000 00000000 
00017690: 00000000 00000000 00000000 00000000 
000176a0: 00000000 00000000 00000000 00000000 
000176b0: 00000000 00000000 00000000 00000000 
000176c0: 00000000 00000000 00000000 00000000 
000176d0: 00000000 00000000 00000000 00000000 
000176e0: 00000000 00000000 00000000 00000000 
000176f0: 00000000 00000000 00000000 00000000 
00017700: 00000000 00000000 00000000 00000000 
00017710: 00000000 00000000 00000000 00000000 
00017720: 00000000 00000000 00000000 00000000 
00017730: 00000000 00000000 00000000 00000000 
00017740: 00000000 00000000 00000000 00000000 
00017750: 00000000 00000000 00000000 00000000 
00017760: 00000000 00000000 00000000 00000000 
00017770: 00000000 00000000 00000000 00000000 
00017780: 00000000 00000000 00000000 00000000 
00017790: 00000000 00000000 00000000 00000000 
000177a0: 00000000 00000000 00000000 00000000 
000177b0: 00000000 00000000 00000000 00000000 
000177c0: 00000000 00000000 00000000 00000000 
000177d0: 00000000 00000000 00000000 00000000 
000177e0: 00000000 00000000 00000000 00000000 
000177f0: 00000000 00000000 00000000 00000000 
00017800: 00000000 00000000 00000000 00000000 
00017810: 00000000 00000000 00000000 00000000 
00017820: 00000000 00000000 00000000 00000000 
00017830: 00000000 00000000 00000000 00000000 
00017840: 00000000 00000000 00000000 00000000 
00017850: 00000000 00000000 00000000 00000000 
00017860: 00000000 00000000 00000000 00000000 
00017870: 00000000 00000000 00000000 00000000 
00017880: 00000000 00000000 00000000 00000000 
00017890: 00000000 00000000 00000000 00000000 
000178a0: 00000000 00000000 00000000 00000000 
000178b0: 00000000 00000000 00000000 00000000 
000178c0: 00000000 00000000 00000000 00000000 
000178d0: 00000000 00000000 00000000 00000000 
000178e0: 00000000 00000000 00000000 00000000 
000178f0: 00000000 00000000 00000000 00000000 
00017900: 00000000 00000000 00000000 00000000 
00017910: 00000000 00000000 00000000 00000000 
00017920: 00000000 00000000 00000000 00000000 
00017930: 00000000 00000000 00000000 00000000 
00017940: 00000000 00000000 00000000 00000000 
00017950: 00000000 00000000 00000000 00000000 
00017960: 00000000 00000000 00000000 00000000 
00017970: 00000000 00000000 00000000 00000000 
00017980: 00000000 00000000 00000000 00000000 
00017990: 00000000 00000000 00000000 00000000 
000179a0: 00000000 00000000 00000000 00000000 
000179b0: 00000000 00000000 00000000 00000000 
000179c0: 00000000 00000000 00000000 00000000 
000179d0: 00000000 00000000 00000000 00000000 
000179e0: 00000000 00000000 00000000 00000000 
000179f0: 00000000 00000000 00000000 00000000 
00017a00: 00000000 00000000 00000000 00000000 
00017a10: 00000000 00000000 00000000 00000000 
00017a20: 00000000 00000000 00000000 00000000 
00017a30: 00000000 00000000 00000000 00000000 
00017a40: 00000000 00000000 00000000 00000000 
00017a50: 00000000 00000000 00000000 00000000 
00017a60: 00000000 00000000 00000000 00000000 
00017a70: 00000000 00000000 00000000 00000000 
00017a80: 00000000 00000000 00000000 00000000 
00017a90: 00000000 00000000 00000000 00000000 
00017aa0: 00000000 00000000 00000000 00000000 
00017ab0: 00000000 00000000 00000000 00000000 
00017ac0: 00000000 00000000 00000000 00000000 
00017ad0: 00000000 00000000 00000000 00000000 
00017ae0: 00000000 00000000 00000000 00000000 
00017af0: 00000000 00000000 00000000 00000000 
00017b00: 00000000 00000000 00000000 00000000 
00017b10: 00000000 00000000 00000000 00000000 
00017b20: 00000000 00000000 00000000 00000000 
00017b30: 00000000 00000000 00000000 00000000 
00017b40: 00000000 00000000 00000000 00000000 
00017b50: 00000000 00000000 00000000 00000000 
00017b60: 00000000 00000000 00000000 00000000 
00017b70: 00000000 00000000 00000000 00000000 
00017b80: 00000000 00000000 00000000 00000000 
00017b90: 00000000 00000000 00000000 00000000 
00017ba0: 00000000 00000000 00000000 00000000 
00017bb0: 00000000 00000000 00000000 00000000 
00017bc0: 00000000 00000000 00000000 00000000 
00017bd0: 00000000 00000000 00000000 00000000 
00017be0: 00000000 00000000 00000000 00000000 
00017bf0: 00000000 00000000 00000000 00000000 
00017c00: 00000000 00000000 00000000 00000000 
00017c10: 00000000 00000000 00000000 00000000 
00017c20: 00000000 00000000 00000000 00000000 
00017c30: 00000000 00000000 00000000 00000000 
00017c40: 00000000 00000000 00000000 00000000 
00017c50: 00000000 00000000 00000000 00000000 
00017c60: 00000000 00000000 00000000 00000000 
00017c70: 00000000 00000000 00000000 00000000 
00017c80: 00000000 00000000 00000000 00000000 
00017c90: 00000000 00000000 00000000 00000000 
00017ca0: 00000000 00000000 00000000 00000000 
00017cb0: 00000000 00000000 00000000 00000000 
00017cc0: 00000000 00000000 00000000 00000000 
00017cd0: 00000000 00000000 00000000 00000000 
00017ce0: 00000000 00000000 00000000 00000000 
00017cf0: 00000000 00000000 00000000 00000000 
00017d00: 00000000 00000000 00000000 00000000 
00017d10: 00000000 00000000 00000000 00000000 
00017d20: 00000000 00000000 00000000 00000000 
00017d30: 00000000 00000000 00000000 00000000 
00017d40: 00000000 00000000 00000000 00000000 
00017d50: 00000000 00000000 00000000 00000000 
00017d60: 00000000 00000000 00000000 00000000 
00017d70: 00000000 00000000 00000000 00000000 
00017d80: 00000000 00000000 00000000 00000000 
00017d90: 00000000 00000000 00000000 00000000 
00017da0: 00000000 00000000 00000000 00000000 
00017db0: 00000000 00000000 00000000 00000000 
00017dc0: 00000000 00000000 00000000 00000000 
00017dd0: 00000000 00000000 00000000 00000000 
00017de0: 00000000 00000000 00000000 00000000 
00017df0: 00000000 00000000 00000000 00000000 
00017e00: 00000000 00000000 00000000 00000000 
00017e10: 00000000 00000000 00000000 00000000 
00017e20: 00000000 00000000 00000000 00000000 
00017e30: 00000000 00000000 00000000 00000000 
00017e40: 00000000 00000000 00000000 00000000 
00017e50: 00000000 00000000 00000000 00000000 
00017e60: 00000000 00000000 00000000 00000000 
00017e70: 00000000 00000000 00000000 00000000 
00017e80: 00000000 00000000 00000000 00000000 
00017e90: 00000000 00000000 00000000 00000000 
00017ea0: 00000000 00000000 00000000 00000000 
00017eb0: 00000000 00000000 00000000 00000000 
00017ec0: 00000000 00000000 00000000 00000000 
00017ed0: 00000000 00000000 00000000 00000000 
00017ee0: 00000000 00000000 00000000 00000000 
00017ef0: 00000000 00000000 00000000 00000000 
00017f00: 00000000 00000000 00000000 00000000 
00017f10: 00000000 00000000 00000000 00000000 
00017f20: 00000000 00000000 00000000 00000000 
00017f30: 00000000 00000000 00000000 00000000 
00017f40: 00000000 00000000 00000000 00000000 
00017f50: 00000000 00000000 00000000 00000000 
00017f60: 00000000 00000000 00000000 00000000 
00017f70: 00000000 00000000 00000000 00000000 
00017f80: 00000000 00000000 00000000 00000000 
00017f90: 00000000 00000000 00000000 00000000 
00017fa0: 00000000 00000000 00000000 00000000 
00017fb0: 00000000 00000000 00000000 00000000 
00017fc0: 00000000 00000000 00000000 00000000 
00017fd0: 00000000 00000000 00000000 00000000 
00017fe0: 00000000 00000000 00000000 00000000 
00017ff0: 00000000 00000000 00000000 00000000 
00018000: 00000000 40000000 01000000 40000000 
00018010: 00000000 41000000 01000000 41000000 
00018020: 02000000 40000000 03000000 40000000 
00018030: 02000000 41000000 03000000 41000000 
00018040: 00000000 42000000 01000000 42000000 
00018050: 00000000 43000000 01000000 43000000 
00018060: 02000000 42000000 03000000 42000000 
00018070: 02000000 43000000 03000000 43000000 
00018080: 04000000 40000000 05000000 40000000 
00018090: 04000000 41000000 05000000 41000000 
000180a0: 06000000 40000000 07000000 40000000 
000180b0: 06000000 41000000 07000000 41000000 
000180c0: 04000000 42000000 05000000 42000000 
000180d0: 04000000 43000000 05000000 43000000 
000180e0: 06000000 42000000 07000000 42000000 
000180f0: 06000000 43000000 07000000 43000000 
00018100: 00000000 44000000 01000000 44000000 
00018110: 00000000 45000000 01000000 45000000 
00018120: 02000000 44000000 03000000 44000000 
00018130: 02000000 45000000 03000000 45000000 
00018140: 00000000 46000000 01000000 46000000 
00018150: 00000000 47000000 01000000 47000000 
00018160: 02000000 46000000 03000000 46000000 
00018170: 02000000 47000000 03000000 47000000 
00018180: 04000000 44000000 05000000 44000000 
00018190: 04000000 45000000 05000000 45000000 
000181a0: 06000000 44000000 07000000 44000000 
000181b0: 06000000 45000000 07000000 45000000 
000181c0: 04000000 46000000 05000000 46000000 
000181d0: 04000000 47000000 05000000 47000000 
000181e0: 06000000 46000000 07000000 46000000 
000181f0: 06000000 47000000 07000000 47000000 
00018200: 08000000 40000000 09000000 40000000 
00018210: 08000000 41000000 09000000 41000000 
00018220: 0a000000 40000000 0b000000 40000000 
00018230: 0a000000 41000000 0b000000 41000000 
00018240: 08000000 42000000 09000000 42000000 
00018250: 08000000 43000000 09000000 43000000 
00018260: 0a000000 42000000 0b000000 42000000 
00018270: 0a000000 43000000 0b000000 43000000 
00018280: 0c000000 40000000 0d000000 40000000 
00018290: 0c000000 41000000 0d000000 41000000 
000182a0: 0e000000 40000000 0f000000 40000000 
000182b0: 0e000000 41000000 0f000000 41000000 
000182c0: 0c000000 42000000 0d000000 42000000 
000182d0: 0c000000 43000000 0d000000 43000000 
000182e0: 0e000000 42000000 0f000000 42000000 
000182f0: 0e000000 43000000 0f000000 43000000 
00018300: 08000000 44000000 09000000 44000000 
00018310: 08000000 45000000 09000000 45000000 
00018320: 0a000000 44000000 0b000000 44000000 
00018330: 0a000000 45000000 0b000000 45000000 
00018340: 08000000 46000000 09000000 46000000 
00018350: 08000000 47000000 09000000 47000000 
00018360: 0a000000 46000000 0b000000 46000000 
00018370: 0a000000 47000000 0b000000 47000000 
00018380: 0c000000 44000000 0d000000 44000000 
00018390: 0c000000 45000000 0d000000 45000000 
000183a0: 0e000000 44000000 0f000000 44000000 
000183b0: 0e000000 45000000 0f000000 45000000 
000183c0: 0c000000 46000000 0d000000 46000000 
000183d0: 0c000000 47000000 0d000000 47000000 
000183e0: 0e000000 46000000 0f000000 46000000 
000183f0: 0e000000 47000000 0f000000 47000000 
00018400: 00000000 48000000 01000000 48000000 
00018410: 00000000 49000000 01000000 49000000 
00018420: 02000000 48000000 03000000 48000000 
00018430: 02000000 49000000 03000000 49000000 
00018440: 00000000 4a000000 01000000 4a000000 
00018450: 00000000 4b000000 01000000 4b000000 
00018460: 02000000 4a000000 03000000 4a000000 
00018470: 02000000 4b000000 03000000 4b000000 
00018480: 04000000 48000000 05000000 48000000 
00018490: 04000000 49000000 05000000 49000000 
000184a0: 06000000 48000000 07000000 48000000 
000184b0: 06000000 49000000 07000000 49000000 
000184c0: 04000000 4a000000 05000000 4a000000 
000184d0: 04000000 4b000000 05000000 4b000000 
000184e0: 06000000 4a000000 07000000 4a000000 
000184f0: 06000000 4b000000 07000000 4b000000 
00018500: 00000000 4c000000 01000000 4c000000 
00018510: 00000000 4d000000 01000000 4d000000 
00018520: 02000000 4c000000 03000000 4c000000 
00018530: 02000000 4d000000 03000000 4d000000 
00018540: 00000000 4e000000 01000000 4e000000 
00018550: 00000000 4f000000 01000000 4f000000 
00018560: 02000000 4e000000 03000000 4e000000 
00018570: 02000000 4f000000 03000000 4f000000 
00018580: 04000000 4c000000 05000000 4c000000 
00018590: 04000000 4d000000 05000000 4d000000 
000185a0: 06000000 4c000000 07000000 4c000000 
000185b0: 06000000 4d000000 07000000 4d000000 
000185c0: 04000000 4e000000 05000000 4e000000 
000185d0: 04000000 4f000000 05000000 4f000000 
000185e0: 06000000 4e000000 07000000 4e000000 
000185f0: 06000000 4f000000 07000000 4f000000 
00018600: 08000000 48000000 09000000 48000000 
00018610: 08000000 49000000 09000000 49000000 
00018620: 0a000000 48000000 0b000000 48000000 
00018630: 0a000000 49000000 0b000000 49000000 
00018640: 08000000 4a000000 09000000 4a000000 
00018650: 08000000 4b000000 09000000 4b000000 
00018660: 0a000000 4a000000 0b000000 4a000000 
00018670: 0a000000 4b000000 0b000000 4b000000 
00018680: 0c000000 48000000 0d000000 48000000 
00018690: 0c000000 49000000 0d000000 49000000 
000186a0: 0e000000 48000000 0f000000 48000000 
000186b0: 0e000000 49000000 0f000000 49000000 
000186c0: 0c000000 4a000000 0d000000 4a000000 
000186d0: 0c000000 4b000000 0d000000 4b000000 
000186e0: 0e000000 4a000000 0f000000 4a000000 
000186f0: 0e000000 4b000000 0f000000 4b000000 
00018700: 08000000 4c000000 09000000 4c000000 
00018710: 08000000 4d000000 09000000 4d000000 
00018720: 0a000000 4c000000 0b000000 4c000000 
00018730: 0a000000 4d000000 0b000000 4d000000 
00018740: 08000000 4e000000 09000000 4e000000 
00018750: 08000000 4f000000 09000000 4f000000 
00018760: 0a000000 4e000000 0b000000 4e000000 
00018770: 0a000000 4f000000 0b000000 4f000000 
00018780: 0c000000 4c000000 0d000000 4c000000 
00018790: 0c000000 4d000000 0d000000 4d000000 
000187a0: 0e000000 4c000000 0f000000 4c000000 
000187b0: 0e000000 4d000000 0f000000 4d000000 
000187c0: 0c000000 4e000000 0d000000 4e000000 
000187d0: 0c000000 4f000000 0d000000 4f000000 
000187e0: 0e000000 4e000000 0f000000 4e000000 
000187f0: 0e000000 4f000000 0f000000 4f000000 
00018800: 10000000 40000000 11000000 40000000 
00018810: 10000000 41000000 11000000 41000000 
00018820: 12000000 40000000 13000000 40000000 
00018830: 12000000 41000000 13000000 41000000 
00018840: 10000000 42000000 11000000 42000000 
00018850: 10000000 43000000 11000000 43000000 
00018860: 12000000 42000000 13000000 42000000 
00018870: 12000000 43000000 13000000 43000000 
00018880: 14000000 40000000 15000000 40000000 
00018890: 14000000 41000000 15000000 41000000 
000188a0: 16000000 40000000 17000000 40000000 
000188b0: 16000000 41000000 17000000 41000000 
000188c0: 14000000 42000000 15000000 42000000 
000188d0: 14000000 43000000 15000000 43000000 
000188e0: 16000000 42000000 17000000 42000000 
000188f0: 16000000 43000000 17000000 43000000 
00018900: 10000000 44000000 11000000 44000000 
00018910: 10000000 45000000 11000000 45000000 
00018920: 12000000 44000000 13000000 44000000 
00018930: 12000000 45000000 13000000 45000000 
00018940: 10000000 46000000 11000000 46000000 
00018950: 10000000 47000000 11000000 47000000 
00018960: 12000000 46000000 13000000 46000000 
00018970: 12000000 47000000 13000000 47000000 
00018980: 14000000 44000000 15000000 44000000 
00018990: 14000000 45000000 15000000 45000000 
000189a0: 16000000 44000000 17000000 44000000 
000189b0: 16000000 45000000 17000000 45000000 
000189c0: 14000000 46000000 15000000 46000000 
000189d0: 14000000 47000000 15000000 47000000 
000189e0: 16000000 46000000 17000000 46000000 
000189f0: 16000000 47000000 17000000 47000000 
00018a00: 18000000 40000000 19000000 40000000 
00018a10: 18000000 41000000 19000000 41000000 
00018a20: 1a000000 40000000 1b000000 40000000 
00018a30: 1a000000 41000000 1b000000 41000000 
00018a40: 18000000 42000000 19000000 42000000 
00018a50: 18000000 43000000 19000000 43000000 
00018a60: 1a000000 42000000 1b000000 42000000 
00018a70: 1a000000 43000000 1b000000 43000000 
00018a80: 1c000000 40000000 1d000000 40000000 
00018a90: 1c000000 41000000 1d000000 41000000 
00018aa0: 1e000000 40000000 1f000000 40000000 
00018ab0: 1e000000 41000000 1f000000 41000000 
00018ac0: 1c000000 42000000 1d000000 42000000 
00018ad0: 1c000000 43000000 1d000000 43000000 
00018ae0: 1e000000 42000000 1f000000 42000000 
00018af0: 1e000000 43000000 1f000000 43000000 
00018b00: 18000000 44000000 19000000 44000000 
00018b10: 18000000 45000000 19000000 45000000 
00018b20: 1a000000 44000000 1b000000 44000000 
00018b30: 1a000000 45000000 1b000000 45000000 
00018b40: 18000000 46000000 19000000 46000000 
00018b50: 18000000 47000000 19000000 47000000 
00018b60: 1a000000 46000000 1b000000 46000000 
00018b70: 1a000000 47000000 1b000000 47000000 
00018b80: 1c000000 44000000 1d000000 44000000 
00018b90: 1c000000 45000000 1d000000 45000000 
00018ba0: 1e000000 44000000 1f000000 44000000 
00018bb0: 1e000000 45000000 1f000000 45000000 
00018bc0: 1c000000 46000000 1d000000 46000000 
00018bd0: 1c000000 47000000 1d000000 47000000 
00018be0: 1e000000 46000000 1f000000 46000000 
00018bf0: 1e000000 47000000 1f000000 47000000 
00018c00: 10000000 48000000 11000000 48000000 
00018c10: 10000000 49000000 11000000 49000000 
00018c20: 12000000 48000000 13000000 48000000 
00018c30: 12000000 49000000 13000000 49000000 
00018c40: 10000000 4a000000 11000000 4a000000 
00018c50: 10000000 4b000000 11000000 4b000000 
00018c60: 12000000 4a000000 13000000 4a000000 
00018c70: 12000000 4b000000 13000000 4b000000 
00018c80: 14000000 48000000 15000000 48000000 
00018c90: 14000000 49000000 15000000 49000000 
00018ca0: 16000000 48000000 17000000 48000000 
00018cb0: 16000000 49000000 17000000 49000000 
00018cc0: 14000000 4a000000 15000000 4a000000 
00018cd0: 14000000 4b000000 15000000 4b000000 
00018ce0: 16000000 4a000000 17000000 4a000000 
00018cf0: 16000000 4b000000 17000000 4b000000 
00018d00: 10000000 4c000000 11000000 4c000000 
00018d10: 10000000 4d000000 11000000 4d000000 
00018d20: 12000000 4c000000 13000000 4c000000 
00018d30: 12000000 4d000000 13000000 4d000000 
00018d40: 10000000 4e000000 11000000 4e000000 
00018d50: 10000000 4f000000 11000000 4f000000 
00018d60: 12000000 4e000000 13000000 4e000000 
00018d70: 12000000 4f000000 13000000 4f000000 
00018d80: 14000000 4c000000 15000000 4c000000 
00018d90: 14000000 4d000000 15000000 4d000000 
00018da0: 16000000 4c000000 17000000 4c000000 
00018db0: 16000000 4d000000 17000000 4d000000 
00018dc0: 14000000 4e000000 15000000 4e000000 
00018dd0: 14000000 4f000000 15000000 4f000000 
00018de0: 16000000 4e000000 17000000 4e000000 
00018df0: 16000000 4f000000 17000000 4f000000 
00018e00: 18000000 48000000 19000000 48000000 
00018e10: 18000000 49000000 19000000 49000000 
00018e20: 1a000000 48000000 1b000000 48000000 
00018e30: 1a000000 49000000 1b000000 49000000 
00018e40: 18000000 4a000000 19000000 4a000000 
00018e50: 18000000 4b000000 19000000 4b000000 
00018e60: 1a000000 4a000000 1b000000 4a000000 
00018e70: 1a000000 4b000000 1b000000 4b000000 
00018e80: 1c000000 48000000 1d000000 48000000 
00018e90: 1c000000 49000000 1d000000 49000000 
00018ea0: 1e000000 48000000 1f000000 48000000 
00018eb0: 1e000000 49000000 1f000000 49000000 
00018ec0: 1c000000 4a000000 1d000000 4a000000 
00018ed0: 1c000000 4b000000 1d000000 4b000000 
00018ee0: 1e000000 4a000000 1f000000 4a000000 
00018ef0: 1e000000 4b000000 1f000000 4b000000 
00018f00: 18000000 4c000000 19000000 4c000000 
00018f10: 18000000 4d000000 19000000 4d000000 
00018f20: 1a000000 4c000000 1b000000 4c000000 
00018f30: 1a000000 4d000000 1b000000 4d000000 
00018f40: 18000000 4e000000 19000000 4e000000 
00018f50: 18000000 4f000000 19000000 4f000000 
00018f60: 1a000000 4e000000 1b000000 4e000000 
00018f70: 1a000000 4f000000 1b000000 4f000000 
00018f80: 1c000000 4c000000 1d000000 4c000000 
00018f90: 1c000000 4d000000 1d000000 4d000000 
00018fa0: 1e000000 4c000000 1f000000 4c000000 
00018fb0: 1e000000 4d000000 1f000000 4d000000 
00018fc0: 1c000000 4e000000 1d000000 4e000000 
00018fd0: 1c000000 4f000000 1d000000 4f000000 
00018fe0: 1e000000 4e000000 1f000000 4e000000 
00018ff0: 1e000000 4f000000 1f000000 4f000000 
00019000: 00000000 50000000 01000000 50000000 
00019010: 00000000 51000000 01000000 51000000 
00019020: 02000000 50000000 03000000 50000000 
00019030: 02000000 51000000 03000000 51000000 
00019040: 00000000 52000000 01000000 52000000 
00019050: 00000000 53000000 01000000 53000000 
00019060: 02000000 52000000 03000000 52000000 
00019070: 02000000 53000000 03000000 53000000 
00019080: 04000000 50000000 05000000 50000000 
00019090: 04000000 51000000 05000000 51000000 
000190a0: 06000000 50000000 07000000 50000000 
000190b0: 06000000 51000000 07000000 51000000 
000190c0: 04000000 52000000 05000000 52000000 
000190d0: 04000000 53000000 05000000 53000000 
000190e0: 06000000 52000000 07000000 52000000 
000190f0: 06000000 53000000 07000000 53000000 
00019100: 00000000 54000000 01000000 54000000 
00019110: 00000000 55000000 01000000 55000000 
00019120: 02000000 54000000 03000000 54000000 
00019130: 02000000 55000000 03000000 55000000 
00019140: 00000000 56000000 01000000 56000000 
00019150: 00000000 57000000 01000000 57000000 
00019160: 02000000 56000000 03000000 56000000 
00019170: 02000000 57000000 03000000 57000000 
00019180: 04000000 54000000 05000000 54000000 
00019190: 04000000 55000000 05000000 55000000 
000191a0: 06000000 54000000 07000000 54000000 
000191b0: 06000000 55000000 07000000 55000000 
000191c0: 04000000 56000000 05000000 56000000 
000191d0: 04000000 57000000 05000000 57000000 
000191e0: 06000000 56000000 07000000 56000000 
000191f0: 06000000 57000000 07000000 57000000 
00019200: 08000000 50000000 09000000 50000000 
00019210: 08000000 51000000 09000000 51000000 
00019220: 0a000000 50000000 0b000000 50000000 
00019230: 0a000000 51000000 0b000000 51000000 
00019240: 08000000 52000000 09000000 52000000 
00019250: 08000000 53000000 09000000 53000000 
00019260: 0a000000 52000000 0b000000 52000000 
00019270: 0a000000 53000000 0b000000 53000000 
00019280: 0c000000 50000000 0d000000 50000000 
00019290: 0c000000 51000000 0d000000 51000000 
000192a0: 0e000000 50000000 0f000000 50000000 
000192b0: 0e000000 51000000 0f000000 51000000 
000192c0: 0c000000 52000000 0d000000 52000000 
000192d0: 0c000000 53000000 0d000000 53000000 
000192e0: 0e000000 52000000 0f000000 52000000 
000192f0: 0e000000 53000000 0f000000 53000000 
00019300: 08000000 54000000 09000000 54000000 
00019310: 08000000 55000000 09000000 55000000 
00019320: 0a000000 54000000 0b000000 54000000 
00019330: 0a000000 55000000 0b000000 55000000 
00019340: 08000000 56000000 09000000 56000000 
00019350: 08000000 57000000 09000000 57000000 
00019360: 0a000000 56000000 0b000000 56000000 
00019370: 0a000000 57000000 0b000000 57000000 
00019380: 0c000000 54000000 0d000000 54000000 
00019390: 0c000000 55000000 0d000000 55000000 
000193a0: 0e000000 54000000 0f000000 54000000 
000193b0: 0e000000 55000000 0f000000 55000000 
000193c0: 0c000000 56000000 0d000000 56000000 
000193d0: 0c000000 57000000 0d000000 57000000 
000193e0: 0e000000 56000000 0f000000 56000000 
000193f0: 0e000000 57000000 0f000000 57000000 
00019400: 00000000 58000000 01000000 58000000 
00019410: 00000000 59000000 01000000 59000000 
00019420: 02000000 58000000 03000000 58000000 
00019430: 02000000 59000000 03000000 59000000 
00019440: 00000000 5a000000 01000000 5a000000 
00019450: 00000000 5b000000 01000000 5b000000 
00019460: 02000000 5a000000 03000000 5a000000 
00019470: 02000000 5b000000 03000000 5b000000 
00019480: 04000000 58000000 05000000 58000000 
00019490: 04000000 59000000 05000000 59000000 
000194a0: 06000000 58000000 07000000 58000000 
000194b0: 06000000 59000000 07000000 59000000 
000194c0: 04000000 5a000000 05000000 5a000000 
000194d0: 04000000 5b000000 05000000 5b000000 
000194e0: 06000000 5a000000 07000000 5a000000 
000194f0: 06000000 5b000000 07000000 5b000000 
00019500: 00000000 5c000000 01000000 5c000000 
00019510: 00000000 5d000000 01000000 5d000000 
00019520: 02000000 5c000000 03000000 5c000000 
00019530: 02000000 5d000000 03000000 5d000000 
00019540: 00000000 5e000000 01000000 5e000000 
00019550: 00000000 5f000000 01000000 5f000000 
00019560: 02000000 5e000000 03000000 5e000000 
00019570: 02000000 5f000000 03000000 5f000000 
00019580: 04000000 5c000000 05000000 5c000000 
00019590: 04000000 5d000000 05000000 5d000000 
000195a0: 06000000 5c000000 07000000 5c000000 
000195b0: 06000000 5d000000 07000000 5d000000 
000195c0: 04000000 5e000000 05000000 5e000000 
000195d0: 04000000 5f000000 05000000 5f000000 
000195e0: 06000000 5e000000 07000000 5e000000 
000195f0: 06000000 5f000000 07000000 5f000000 
00019600: 08000000 58000000 09000000 58000000 
00019610: 08000000 59000000 09000000 59000000 
00019620: 0a000000 58000000 0b000000 58000000 
00019630: 0a000000 59000000 0b000000 59000000 
00019640: 08000000 5a000000 09000000 5a000000 
00019650: 08000000 5b000000 09000000 5b000000 
00019660: 0a000000 5a000000 0b000000 5a000000 
00019670: 0a000000 5b000000 0b000000 5b000000 
00019680: 0c000000 58000000 0d000000 58000000 
00019690: 0c000000 59000000 0d000000 59000000 
000196a0: 0e000000 58000000 0f000000 58000000 
000196b0: 0e000000 59000000 0f000000 59000000 
000196c0: 0c000000 5a000000 0d000000 5a000000 
000196d0: 0c000000 5b000000 0d000000 5b000000 
000196e0: 0e000000 5a000000 0f000000 5a000000 
000196f0: 0e000000 5b000000 0f000000 5b000000 
00019700: 08000000 5c000000 09000000 5c000000 
00019710: 08000000 5d000000 09000000 5d000000 
00019720: 0a000000 5c000000 0b000000 5c000000 
00019730: 0a000000 5d000000 0b000000 5d000000 
00019740: 08000000 5e000000 09000000 5e000000 
00019750: 08000000 5f000000 09000000 5f000000 
00019760: 0a000000 5e000000 0b000000 5e000000 
00019770: 0a000000 5f000000 0b000000 5f000000 
00019780: 0c000000 5c000000 0d000000 5c000000 
00019790: 0c000000 5d000000 0d000000 5d000000 
000197a0: 0e000000 5c000000 0f000000 5c000000 
000197b0: 0e000000 5d000000 0f000000 5d000000 
000197c0: 0c000000 5e000000 0d000000 5e000000 
000197d0: 0c000000 5f000000 0d000000 5f000000 
000197e0: 0e000000 5e000000 0f000000 5e000000 
000197f0: 0e000000 5f000000 0f000000 5f000000 
00019800: 10000000 50000000 11000000 50000000 
00019810: 10000000 51000000 11000000 51000000 
00019820: 12000000 50000000 13000000 50000000 
00019830: 12000000 51000000 13000000 51000000 
00019840: 10000000 52000000 11000000 52000000 
00019850: 10000000 53000000 11000000 53000000 
00019860: 12000000 52000000 13000000 52000000 
00019870: 12000000 53000000 13000000 53000000 
00019880: 14000000 50000000 15000000 50000000 
00019890: 14000000 51000000 15000000 51000000 
000198a0: 16000000 50000000 17000000 50000000 
000198b0: 16000000 51000000 17000000 51000000 
000198c0: 14000000 52000000 15000000 52000000 
000198d0: 14000000 53000000 15000000 53000000 
000198e0: 16000000 52000000 17000000 52000000 
000198f0: 16000000 53000000 17000000 53000000 
00019900: 10000000 54000000 11000000 54000000 
00019910: 10000000 55000000 11000000 55000000 
00019920: 12000000 54000000 13000000 54000000 
00019930: 12000000 55000000 13000000 55000000 
00019940: 10000000 56000000 11000000 56000000 
00019950: 10000000 57000000 11000000 57000000 
00019960: 12000000 56000000 13000000 56000000 
00019970: 12000000 57000000 13000000 57000000 
00019980: 14000000 54000000 15000000 54000000 
00019990: 14000000 55000000 15000000 55000000 
000199a0: 16000000 54000000 17000000 54000000 
000199b0: 16000000 55000000 17000000 55000000 
000199c0: 14000000 56000000 15000000 56000000 
000199d0: 14000000 57000000 15000000 57000000 
000199e0: 16000000 56000000 17000000 56000000 
000199f0: 16000000 57000000 17000000 57000000 
00019a00: 18000000 50000000 19000000 50000000 
00019a10: 18000000 51000000 19000000 51000000 
00019a20: 1a000000 50000000 1b000000 50000000 
00019a30: 1a000000 51000000 1b000000 51000000 
00019a40: 18000000 52000000 19000000 52000000 
00019a50: 18000000 53000000 19000000 53000000 
00019a60: 1a000000 52000000 1b000000 52000000 
00019a70: 1a000000 53000000 1b000000 53000000 
00019a80: 1c000000 50000000 1d000000 50000000 
00019a90: 1c000000 51000000 1d000000 51000000 
00019aa0: 1e000000 50000000 1f000000 50000000 
00019ab0: 1e000000 51000000 1f000000 51000000 
00019ac0: 1c000000 52000000 1d000000 52000000 
00019ad0: 1c000000 53000000 1d000000 53000000 
00019ae0: 1e000000 52000000 1f000000 52000000 
00019af0: 1e000000 53000000 1f000000 53000000 
00019b00: 18000000 54000000 19000000 54000000 
00019b10: 18000000 55000000 19000000 55000000 
00019b20: 1a000000 54000000 1b000000 54000000 
00019b30: 1a000000 55000000 1b000000 55000000 
00019b40: 18000000 56000000 19000000 56000000 
00019b50: 18000000 57000000 19000000 57000000 
00019b60: 1a000000 56000000 1b000000 56000000 
00019b70: 1a000000 57000000 1b000000 57000000 
00019b80: 1c000000 54000000 1d000000 54000000 
00019b90: 1c000000 55000000 1d000000 55000000 
00019ba0: 1e000000 54000000 1f000000 54000000 
00019bb0: 1e000000 55000000 1f000000 55000000 
00019bc0: 1c000000 56000000 1d000000 56000000 
00019bd0: 1c000000 57000000 1d000000 57000000 
00019be0: 1e000000 56000000 1f000000 56000000 
00019bf0: 1e000000 57000000 1f000000 57000000 
00019c00: 10000000 58000000 11000000 58000000 
00019c10: 10000000 59000000 11000000 59000000 
00019c20: 12000000 58000000 13000000 58000000 
00019c30: 12000000 59000000 13000000 59000000 
00019c40: 10000000 5a000000 11000000 5a000000 
00019c50: 10000000 5b000000 11000000 5b000000 
00019c60: 12000000 5a000000 13000000 5a000000 
00019c70: 12000000 5b000000 13000000 5b000000 
00019c80: 14000000 58000000 15000000 58000000 
00019c90: 14000000 59000000 15000000 59000000 
00019ca0: 16000000 58000000 17000000 58000000 
00019cb0: 16000000 59000000 17000000 59000000 
00019cc0: 14000000 5a000000 15000000 5a000000 
00019cd0: 14000000 5b000000 15000000 5b000000 
00019ce0: 16000000 5a000000 17000000 5a000000 
00019cf0: 16000000 5b000000 17000000 5b000000 
00019d00: 10000000 5c000000 11000000 5c000000 
00019d10: 10000000 5d000000 11000000 5d000000 
00019d20: 12000000 5c000000 13000000 5c000000 
00019d30: 12000000 5d000000 13000000 5d000000 
00019d40: 10000000 5e000000 11000000 5e000000 
00019d50: 10000000 5f000000 11000000 5f000000 
00019d60: 12000000 5e000000 13000000 5e000000 
00019d70: 12000000 5f000000 13000000 5f000000 
00019d80: 14000000 5c000000 15000000 5c000000 
00019d90: 14000000 5d000000 15000000 5d000000 
00019da0: 16000000 5c000000 17000000 5c000000 
00019db0: 16000000 5d000000 17000000 5d000000 
00019dc0: 14000000 5e000000 15000000 5e000000 
00019dd0: 14000000 5f000000 15000000 5f000000 
00019de0: 16000000 5e000000 17000000 5e000000 
00019df0: 16000000 5f000000 17000000 5f000000 
00019e00: 18000000 58000000 19000000 58000000 
00019e10: 18000000 59000000 19000000 59000000 
00019e20: 1a000000 58000000 1b000000 58000000 
00019e30: 1a000000 59000000 1b000000 59000000 
00019e40: 18000000 5a000000 19000000 5a000000 
00019e50: 18000000 5b000000 19000000 5b000000 
00019e60: 1a000000 5a000000 1b000000 5a000000 
00019e70: 1a000000 5b000000 1b000000 5b000000 
00019e80: 1c000000 58000000 1d000000 58000000 
00019e90: 1c000000 59000000 1d000000 59000000 
00019ea0: 1e000000 58000000 1f000000 58000000 
00019eb0: 1e000000 59000000 1f000000 59000000 
00019ec0: 1c000000 5a000000 1d000000 5a000000 
00019ed0: 1c000000 5b000000 1d000000 5b000000 
00019ee0: 1e000000 5a000000 1f000000 5a000000 
00019ef0: 1e000000 5b000000 1f000000 5b000000 
00019f00: 18000000 5c000000 19000000 5c000000 
00019f10: 18000000 5d000000 19000000 5d000000 
00019f20: 1a000000 5c000000 1b000000 5c000000 
00019f30: 1a000000 5d000000 1b000000 5d000000 
00019f40: 18000000 5e000000 19000000 5e000000 
00019f50: 18000000 5f000000 19000000 5f000000 
00019f60: 1a000000 5e000000 1b000000 5e000000 
00019f70: 1a000000 5f000000 1b000000 5f000000 
00019f80: 1c000000 5c000000 1d000000 5c000000 
00019f90: 1c000000 5d000000 1d000000 5d000000 
00019fa0: 1e000000 5c000000 1f000000 5c000000 
00019fb0: 1e000000 5d000000 1f000000 5d000000 
00019fc0: 1c000000 5e000000 1d000000 5e000000 
00019fd0: 1c000000 5f000000 1d000000 5f000000 
00019fe0: 1e000000 5e000000 1f000000 5e000000 
00019ff0: 1e000000 5f000000 1f000000 5f000000 
0001a000: 20000000 40000000 21000000 40000000 
0001a010: 20000000 41000000 21000000 41000000 
0001a020: 22000000 40000000 23000000 40000000 
0001a030: 22000000 41000000 23000000 41000000 
0001a040: 20000000 42000000 21000000 42000000 
0001a050: 20000000 43000000 21000000 43000000 
0001a060: 22000000 42000000 23000000 42000000 
0001a070: 22000000 43000000 23000000 43000000 
0001a080: 24000000 40000000 25000000 40000000 
0001a090: 24000000 41000000 25000000 41000000 
0001a0a0: 26000000 40000000 27000000 40000000 
0001a0b0: 26000000 41000000 27000000 41000000 
0001a0c0: 24000000 42000000 25000000 42000000 
0001a0d0: 24000000 43000000 25000000 43000000 
0001a0e0: 26000000 42000000 27000000 42000000 
0001a0f0: 26000000 43000000 27000000 43000000 
0001a100: 20000000 44000000 21000000 44000000 
0001a110: 20000000 45000000 21000000 45000000 
0001a120: 22000000 44000000 23000000 44000000 
0001a130: 22000000 45000000 23000000 45000000 
0001a140: 20000000 46000000 21000000 46000000 
0001a150: 20000000 47000000 21000000 47000000 
0001a160: 22000000 46000000 23000000 46000000 
0001a170: 22000000 47000000 23000000 47000000 
0001a180: 24000000 44000000 25000000 44000000 
0001a190: 24000000 45000000 25000000 45000000 
0001a1a0: 26000000 44000000 27000000 44000000 
0001a1b0: 26000000 45000000 27000000 45000000 
0001a1c0: 24000000 46000000 25000000 46000000 
0001a1d0: 24000000 47000000 25000000 47000000 
0001a1e0: 26000000 46000000 27000000 46000000 
0001a1f0: 26000000 47000000 27000000 47000000 
0001a200: 28000000 40000000 29000000 40000000 
0001a210: 28000000 41000000 29000000 41000000 
0001a220: 2a000000 40000000 2b000000 40000000 
0001a230: 2a000000 41000000 2b000000 41000000 
0001a240: 28000000 42000000 29000000 42000000 
0001a250: 28000000 43000000 29000000 43000000 
0001a260: 2a000000 42000000 2b000000 42000000 
0001a270: 2a000000 43000000 2b000000 43000000 
0001a280: 2c000000 40000000 2d000000 40000000 
0001a290: 2c000000 41000000 2d000000 41000000 
0001a2a0: 2e000000 40000000 2f000000 40000000 
0001a2b0: 2e000000 41000000 2f000000 41000000 
0001a2c0: 2c000000 42000000 2d000000 42000000 
0001a2d0: 2c000000 43000000 2d000000 43000000 
0001a2e0: 2e000000 42000000 2f000000 42000000 
0001a2f0: 2e000000 43000000 2f000000 43000000 
0001a300: 28000000 44000000 29000000 44000000 
0001a310: 28000000 45000000 29000000 45000000 
0001a320: 2a000000 44000000 2b000000 44000000 
0001a330: 2a000000 45000000 2b000000 45000000 
0001a340: 28000000 46000000 29000000 46000000 
0001a350: 28000000 47000000 29000000 47000000 
0001a360: 2a000000 46000000 2b000000 46000000 
0001a370: 2a000000 47000000 2b000000 47000000 
0001a380: 2c000000 44000000 2d000000 44000000 
0001a390: 2c000000 45000000 2d000000 45000000 
0001a3a0: 2e000000 44000000 2f000000 44000000 
0001a3b0: 2e000000 45000000 2f000000 45000000 
0001a3c0: 2c000000 46000000 2d000000 46000000 
0001a3d0: 2c000000 47000000 2d000000 47000000 
0001a3e0: 2e000000 46000000 2f000000 46000000 
0001a3f0: 2e000000 47000000 2f000000 47000000 
0001a400: 20000000 48000000 21000000 48000000 
0001a410: 20000000 49000000 21000000 49000000 
0001a420: 22000000 48000000 23000000 48000000 
0001a430: 22000000 49000000 23000000 49000000 
0001a440: 20000000 4a000000 21000000 4a000000 
0001a450: 20000000 4b000000 21000000 4b000000 
0001a460: 22000000 4a000000 23000000 4a000000 
0001a470: 22000000 4b000000 23000000 4b000000 
0001a480: 24000000 48000000 25000000 48000000 
0001a490: 24000000 49000000 25000000 49000000 
0001a4a0: 26000000 48000000 27000000 48000000 
0001a4b0: 26000000 49000000 27000000 49000000 
0001a4c0: 24000000 4a000000 25000000 4a000000 
0001a4d0: 24000000 4b000000 25000000 4b000000 
0001a4e0: 26000000 4a000000 27000000 4a000000 
0001a4f0: 26000000 4b000000 27000000 4b000000 
0001a500: 20000000 4c000000 21000000 4c000000 
0001a510: 20000000 4d000000 21000000 4d000000 
0001a520: 22000000 4c000000 23000000 4c000000 
0001a530: 22000000 4d000000 23000000 4d000000 
0001a540: 20000000 4e000000 21000000 4e000000 
0001a550: 20000000 4f000000 21000000 4f000000 
0001a560: 22000000 4e000000 23000000 4e000000 
0001a570: 22000000 4f000000 23000000 4f000000 
0001a580: 24000000 4c000000 25000000 4c000000 
0001a590: 24000000 4d000000 25000000 4d000000 
0001a5a0: 26000000 4c000000 27000000 4c000000 
0001a5b0: 26000000 4d000000 27000000 4d000000 
0001a5c0: 24000000 4e000000 25000000 4e000000 
0001a5d0: 24000000 4f000000 25000000 4f000000 
0001a5e0: 26000000 4e000000 27000000 4e000000 
0001a5f0: 26000000 4f000000 27000000 4f000000 
0001a600: 28000000 48000000 29000000 48000000 
0001a610: 28000000 49000000 29000000 49000000 
0001a620: 2a000000 48000000 2b000000 48000000 
0001a630: 2a000000 49000000 2b000000 49000000 
0001a640: 28000000 4a000000 29000000 4a000000 
0001a650: 28000000 4b000000 29000000 4b000000 
0001a660: 2a000000 4a000000 2b000000 4a000000 
0001a670: 2a000000 4b000000 2b000000 4b000000 
0001a680: 2c000000 48000000 2d000000 48000000 
0001a690: 2c000000 49000000 2d000000 49000000 
0001a6a0: 2e000000 48000000 2f000000 48000000 
0001a6b0: 2e000000 49000000 2f000000 49000000 
0001a6c0: 2c000000 4a000000 2d000000 4a000000 
0001a6d0: 2c000000 4b000000 2d000000 4b000000 
0001a6e0: 2e000000 4a000000 2f000000 4a000000 
0001a6f0: 2e000000 4b000000 2f000000 4b000000 
0001a700: 28000000 4c000000 29000000 4c000000 
0001a710: 28000000 4d000000 29000000 4d000000 
0001a720: 2a000000 4c000000 2b000000 4c000000 
0001a730: 2a000000 4d000000 2b000000 4d000000 
0001a740: 28000000 4e000000 29000000 4e000000 
0001a750: 28000000 4f000000 29000000 4f000000 
0001a760: 2a000000 4e000000 2b000000 4e000000 
0001a770: 2a000000 4f000000 2b000000 4f000000 
0001a780: 2c000000 4c000000 2d000000 4c000000 
0001a790: 2c000000 4d000000 2d000000 4d000000 
0001a7a0: 2e000000 4c000000 2f000000 4c000000 
0001a7b0: 2e000000 4d000000 2f000000 4d000000 
0001a7c0: 2c000000 4e000000 2d000000 4e000000 
0001a7d0: 2c000000 4f000000 2d000000 4f000000 
0001a7e0: 2e000000 4e000000 2f000000 4e000000 
0001a7f0: 2e000000 4f000000 2f000000 4f000000 
0001a800: 30000000 40000000 31000000 40000000 
0001a810: 30000000 41000000 31000000 41000000 
0001a820: 32000000 40000000 33000000 40000000 
0001a830: 32000000 41000000 33000000 41000000 
0001a840: 30000000 42000000 31000000 42000000 
0001a850: 30000000 43000000 31000000 43000000 
0001a860: 32000000 42000000 33000000 42000000 
0001a870: 32000000 43000000 33000000 43000000 
0001a880: 34000000 40000000 35000000 40000000 
0001a890: 34000000 41000000 35000000 41000000 
0001a8a0: 36000000 40000000 37000000 40000000 
0001a8b0: 36000000 41000000 37000000 41000000 
0001a8c0: 34000000 42000000 35000000 42000000 
0001a8d0: 34000000 43000000 35000000 43000000 
0001a8e0: 36000000 42000000 37000000 42000000 
0001a8f0: 36000000 43000000 37000000 43000000 
0001a900: 30000000 44000000 31000000 44000000 
0001a910: 30000000 45000000 31000000 45000000 
0001a920: 32000000 44000000 33000000 44000000 
0001a930: 32000000 45000000 33000000 45000000 
0001a940: 30000000 46000000 31000000 46000000 
0001a950: 30000000 47000000 31000000 47000000 
0001a960: 32000000 46000000 33000000 46000000 
0001a970: 32000000 47000000 33000000 47000000 
0001a980: 34000000 44000000 35000000 44000000 
0001a990: 34000000 45000000 35000000 45000000 
0001a9a0: 36000000 44000000 37000000 44000000 
0001a9b0: 36000000 45000000 37000000 45000000 
0001a9c0: 34000000 46000000 35000000 46000000 
0001a9d0: 34000000 47000000 35000000 47000000 
0001a9e0: 36000000 46000000 37000000 46000000 
0001a9f0: 36000000 47000000 37000000 47000000 
0001aa00: 38000000 40000000 39000000 40000000 
0001aa10: 38000000 41000000 39000000 41000000 
0001aa20: 3a000000 40000000 3b000000 40000000 
0001aa30: 3a000000 41000000 3b000000 41000000 
0001aa40: 38000000 42000000 39000000 42000000 
0001aa50: 38000000 43000000 39000000 43000000 
0001aa60: 3a000000 42000000 3b000000 42000000 
0001aa70: 3a000000 43000000 3b000000 43000000 
0001aa80: 3c000000 40000000 3d000000 40000000 
0001aa90: 3c000000 41000000 3d000000 41000000 
0001aaa0: 3e000000 40000000 3f000000 40000000 
0001aab0: 3e000000 41000000 3f000000 41000000 
0001aac0: 3c000000 42000000 3d000000 42000000 
0001aad0: 3c000000 43000000 3d000000 43000000 
0001aae0: 3e000000 42000000 3f000000 42000000 
0001aaf0: 3e000000 43000000 3f000000 43000000 
0001ab00: 38000000 44000000 39000000 44000000 
0001ab10: 38000000 45000000 39000000 45000000 
0001ab20: 3a000000 44000000 3b000000 44000000 
0001ab30: 3a000000 45000000 3b000000 45000000 
0001ab40: 38000000 46000000 39000000 46000000 
0001ab50: 38000000 47000000 39000000 47000000 
0001ab60: 3a000000 46000000 3b000000 46000000 
0001ab70: 3a000000 47000000 3b000000 47000000 
0001ab80: 3c000000 44000000 3d000000 44000000 
0001ab90: 3c000000 45000000 3d000000 45000000 
0001aba0: 3e000000 44000000 3f000000 44000000 
0001abb0: 3e000000 45000000 3f000000 45000000 
0001abc0: 3c000000 46000000 3d000000 46000000 
0001abd0: 3c000000 47000000 3d000000 47000000 
0001abe0: 3e000000 46000000 3f000000 46000000 
0001abf0: 3e000000 47000000 3f000000 47000000 
0001ac00: 30000000 48000000 31000000 48000000 
0001ac10: 30000000 49000000 31000000 49000000 
0001ac20: 32000000 48000000 33000000 48000000 
0001ac30: 32000000 49000000 33000000 49000000 
0001ac40: 30000000 4a000000 31000000 4a000000 
0001ac50: 30000000 4b000000 31000000 4b000000 
0001ac60: 32000000 4a000000 33000000 4a000000 
0001ac70: 32000000 4b000000 33000000 4b000000 
0001ac80: 34000000 48000000 35000000 48000000 
0001ac90: 34000000 49000000 35000000 49000000 
0001aca0: 36000000 48000000 37000000 48000000 
0001acb0: 36000000 49000000 37000000 49000000 
0001acc0: 34000000 4a000000 35000000 4a000000 
0001acd0: 34000000 4b000000 35000000 4b000000 
0001ace0: 36000000 4a000000 37000000 4a000000 
0001acf0: 36000000 4b000000 37000000 4b000000 
0001ad00: 30000000 4c000000 31000000 4c000000 
0001ad10: 30000000 4d000000 31000000 4d000000 
0001ad20: 32000000 4c000000 33000000 4c000000 
0001ad30: 32000000 4d000000 33000000 4d000000 
0001ad40: 30000000 4e000000 31000000 4e000000 
0001ad50: 30000000 4f000000 31000000 4f000000 
0001ad60: 32000000 4e000000 33000000 4e000000 
0001ad70: 32000000 4f000000 33000000 4f000000 
0001ad80: 34000000 4c000000 35000000 4c000000 
0001ad90: 34000000 4d000000 35000000 4d000000 
0001ada0: 36000000 4c000000 37000000 4c000000 
0001adb0: 36000000 4d000000 37000000 4d000000 
0001adc0: 34000000 4e000000 35000000 4e000000 
0001add0: 34000000 4f000000 35000000 4f000000 
0001ade0: 36000000 4e000000 37000000 4e000000 
0001adf0: 36000000 4f000000 37000000 4f000000 
0001ae00: 38000000 48000000 39000000 48000000 
0001ae10: 38000000 49000000 39000000 49000000 
0001ae20: 3a000000 48000000 3b000000 48000000 
0001ae30: 3a000000 49000000 3b000000 49000000 
0001ae40: 38000000 4a000000 39000000 4a000000 
0001ae50: 38000000 4b000000 39000000 4b000000 
0001ae60: 3a000000 4a000000 3b000000 4a000000 
0001ae70: 3a000000 4b000000 3b000000 4b000000 
0001ae80: 3c000000 48000000 3d000000 48000000 
0001ae90: 3c000000 49000000 3d000000 49000000 
0001aea0: 3e000000 48000000 3f000000 48000000 
0001aeb0: 3e000000 49000000 3f000000 49000000 
0001aec0: 3c000000 4a000000 3d000000 4a000000 
0001aed0: 3c000000 4b000000 3d000000 4b000000 
0001aee0: 3e000000 4a000000 3f000000 4a000000 
0001aef0: 3e000000 4b000000 3f000000 4b000000 
0001af00: 38000000 4c000000 39000000 4c000000 
0001af10: 38000000 4d000000 39000000 4d000000 
0001af20: 3a000000 4c000000 3b000000 4c000000 
0001af30: 3a000000 4d000000 3b000000 4d000000 
0001af40: 38000000 4e000000 39000000 4e000000 
0001af50: 38000000 4f000000 39000000 4f000000 
0001af60: 3a000000 4e000000 3b000000 4e000000 
0001af70: 3a000000 4f000000 3b000000 4f000000 
0001af80: 3c000000 4c000000 3d000000 4c000000 
0001af90: 3c000000 4d000000 3d000000 4d000000 
0001afa0: 3e000000 4c000000 3f000000 4c000000 
0001afb0: 3e000000 4d000000 3f000000 4d000000 
0001afc0: 3c000000 4e000000 3d000000 4e000000 
0001afd0: 3c000000 4f000000 3d000000 4f000000 
0001afe0: 3e000000 4e000000 3f000000 4e000000 
0001aff0: 3e000000 4f000000 3f000000 4f000000 
0001b000: 20000000 50000000 21000000 50000000 
0001b010: 20000000 51000000 21000000 51000000 
0001b020: 22000000 50000000 23000000 50000000 
0001b030: 22000000 51000000 23000000 51000000 
0001b040: 20000000 52000000 21000000 52000000 
0001b050: 20000000 53000000 21000000 53000000 
0001b060: 22000000 52000000 23000000 52000000 
0001b070: 22000000 53000000 23000000 53000000 
0001b080: 24000000 50000000 25000000 50000000 
0001b090: 24000000 51000000 25000000 51000000 
0001b0a0: 26000000 50000000 27000000 50000000 
0001b0b0: 26000000 51000000 27000000 51000000 
0001b0c0: 24000000 52000000 25000000 52000000 
0001b0d0: 24000000 53000000 25000000 53000000 
0001b0e0: 26000000 52000000 27000000 52000000 
0001b0f0: 26000000 53000000 27000000 53000000 
0001b100: 20000000 54000000 21000000 54000000 
0001b110: 20000000 55000000 21000000 55000000 
0001b120: 22000000 54000000 23000000 54000000 
0001b130: 22000000 55000000 23000000 55000000 
0001b140: 20000000 56000000 21000000 56000000 
0001b150: 20000000 57000000 21000000 57000000 
0001b160: 22000000 56000000 23000000 56000000 
0001b170: 22000000 57000000 23000000 57000000 
0001b180: 24000000 54000000 25000000 54000000 
0001b190: 24000000 55000000 25000000 55000000 
0001b1a0: 26000000 54000000 27000000 54000000 
0001b1b0: 26000000 55000000 27000000 55000000 
0001b1c0: 24000000 56000000 25000000 56000000 
0001b1d0: 24000000 57000000 25000000 57000000 
0001b1e0: 26000000 56000000 27000000 56000000 
0001b1f0: 26000000 57000000 27000000 57000000 
0001b200: 28000000 50000000 29000000 50000000 
0001b210: 28000000 51000000 29000000 51000000 
0001b220: 2a000000 50000000 2b000000 50000000 
0001b230: 2a000000 51000000 2b000000 51000000 
0001b240: 28000000 52000000 29000000 52000000 
0001b250: 28000000 53000000 29000000 53000000 
0001b260: 2a000000 52000000 2b000000 52000000 
0001b270: 2a000000 53000000 2b000000 53000000 
0001b280: 2c000000 50000000 2d000000 50000000 
0001b290: 2c000000 51000000 2d000000 51000000 
0001b2a0: 2e000000 50000000 2f000000 50000000 
0001b2b0: 2e000000 51000000 2f000000 51000000 
0001b2c0: 2c000000 52000000 2d000000 52000000 
0001b2d0: 2c000000 53000000 2d000000 53000000 
0001b2e0: 2e000000 52000000 2f000000 52000000 
0001b2f0: 2e000000 53000000 2f000000 53000000 
0001b300: 28000000 54000000 29000000 54000000 
0001b310: 28000000 55000000 29000000 55000000 
0001b320: 2a000000 54000000 2b000000 54000000 
0001b330: 2a000000 55000000 2b000000 55000000 
0001b340: 28000000 56000000 29000000 56000000 
0001b350: 28000000 57000000 29000000 57000000 
0001b360: 2a000000 56000000 2b000000 56000000 
0001b370: 2a000000 57000000 2b000000 57000000 
0001b380: 2c000000 54000000 2d000000 54000000 
0001b390: 2c000000 55000000 2d000000 55000000 
0001b3a0: 2e000000 54000000 2f000000 54000000 
0001b3b0: 2e000000 55000000 2f000000 55000000 
0001b3c0: 2c000000 56000000 2d000000 56000000 
0001b3d0: 2c000000 57000000 2d000000 57000000 
0001b3e0: 2e000000 56000000 2f000000 56000000 
0001b3f0: 2e000000 57000000 2f000000 57000000 
0001b400: 20000000 58000000 21000000 58000000 
0001b410: 20000000 59000000 21000000 59000000 
0001b420: 22000000 58000000 23000000 58000000 
0001b430: 22000000 59000000 23000000 59000000 
0001b440: 20000000 5a000000 21000000 5a000000 
0001b450: 20000000 5b000000 21000000 5b000000 
0001b460: 22000000 5a000000 23000000 5a000000 
0001b470: 22000000 5b000000 23000000 5b000000 
0001b480: 24000000 58000000 25000000 58000000 
0001b490: 24000000 59000000 25000000 59000000 
0001b4a0: 26000000 58000000 27000000 58000000 
0001b4b0: 26000000 59000000 27000000 59000000 
0001b4c0: 24000000 5a000000 25000000 5a000000 
0001b4d0: 24000000 5b000000 25000000 5b000000 
0001b4e0: 26000000 5a000000 27000000 5a000000 
0001b4f0: 26000000 5b000000 27000000 5b000000 
0001b500: 20000000 5c000000 21000000 5c000000 
0001b510: 20000000 5d000000 21000000 5d000000 
0001b520: 22000000 5c000000 23000000 5c000000 
0001b530: 22000000 5d000000 23000000 5d000000 
0001b540: 20000000 5e000000 21000000 5e000000 
0001b550: 20000000 5f000000 21000000 5f000000 
0001b560: 22000000 5e000000 23000000 5e000000 
0001b570: 22000000 5f000000 23000000 5f000000 
0001b580: 24000000 5c000000 25000000 5c000000 
0001b590: 24000000 5d000000 25000000 5d000000 
0001b5a0: 26000000 5c000000 27000000 5c000000 
0001b5b0: 26000000 5d000000 27000000 5d000000 
0001b5c0: 24000000 5e000000 25000000 5e000000 
0001b5d0: 24000000 5f000000 25000000 5f000000 
0001b5e0: 26000000 5e000000 27000000 5e000000 
0001b5f0: 26000000 5f000000 27000000 5f000000 
0001b600: 28000000 58000000 29000000 58000000 
0001b610: 28000000 59000000 29000000 59000000 
0001b620: 2a000000 58000000 2b000000 58000000 
0001b630: 2a000000 59000000 2b000000 59000000 
0001b640: 28000000 5a000000 29000000 5a000000 
0001b650: 28000000 5b000000 29000000 5b000000 
0001b660: 2a000000 5a000000 2b000000 5a000000 
0001b670: 2a000000 5b000000 2b000000 5b000000 
0001b680: 2c000000 58000000 2d000000 58000000 
0001b690: 2c000000 59000000 2d000000 59000000 
0001b6a0: 2e000000 58000000 2f000000 58000000 
0001b6b0: 2e000000 59000000 2f000000 59000000 
0001b6c0: 2c000000 5a000000 2d000000 5a000000 
0001b6d0: 2c000000 5b000000 2d000000 5b000000 
0001b6e0: 2e000000 5a000000 2f000000 5a000000 
0001b6f0: 2e000000 5b000000 2f000000 5b000000 
0001b700: 28000000 5c000000 29000000 5c000000 
0001b710: 28000000 5d000000 29000000 5d000000 
0001b720: 2a000000 5c000000 2b000000 5c000000 
0001b730: 2a000000 5d000000 2b000000 5d000000 
0001b740: 28000000 5e000000 29000000 5e000000 
0001b750: 28000000 5f000000 29000000 5f000000 
0001b760: 2a000000 5e000000 2b000000 5e000000 
0001b770: 2a000000 5f000000 2b000000 5f000000 
0001b780: 2c000000 5c000000 2d000000 5c000000 
0001b790: 2c000000 5d000000 2d000000 5d000000 
0001b7a0: 2e000000 5c000000 2f000000 5c000000 
0001b7b0: 2e000000 5d000000 2f000000 5d000000 
0001b7c0: 2c000000 5e000000 2d000000 5e000000 
0001b7d0: 2c000000 5f000000 2d000000 5f000000 
0001b7e0: 2e000000 5e000000 2f000000 5e000000 
0001b7f0: 2e000000 5f000000 2f000000 5f000000 
0001b800: 30000000 50000000 31000000 50000000 
0001b810: 30000000 51000000 31000000 51000000 
0001b820: 32000000 50000000 33000000 50000000 
0001b830: 32000000 51000000 33000000 51000000 
0001b840: 30000000 52000000 31000000 52000000 
0001b850: 30000000 53000000 31000000 53000000 
0001b860: 32000000 52000000 33000000 52000000 
0001b870: 32000000 53000000 33000000 53000000 
0001b880: 34000000 50000000 35000000 50000000 
0001b890: 34000000 51000000 35000000 51000000 
0001b8a0: 36000000 50000000 37000000 50000000 
0001b8b0: 36000000 51000000 37000000 51000000 
0001b8c0: 34000000 52000000 35000000 52000000 
0001b8d0: 34000000 53000000 35000000 53000000 
0001b8e0: 36000000 52000000 37000000 52000000 
0001b8f0: 36000000 53000000 37000000 53000000 
0001b900: 30000000 54000000 31000000 54000000 
0001b910: 30000000 55000000 31000000 55000000 
0001b920: 32000000 54000000 33000000 54000000 
0001b930: 32000000 55000000 33000000 55000000 
0001b940: 30000000 56000000 31000000 56000000 
0001b950: 30000000 57000000 31000000 57000000 
0001b960: 32000000 56000000 33000000 56000000 
0001b970: 32000000 57000000 33000000 57000000 
0001b980: 34000000 54000000 35000000 54000000 
0001b990: 34000000 55000000 35000000 55000000 
0001b9a0: 36000000 54000000 37000000 54000000 
0001b9b0: 36000000 55000000 37000000 55000000 
0001b9c0: 34000000 56000000 35000000 56000000 
0001b9d0: 34000000 57000000 35000000 57000000 
0001b9e0: 36000000 56000000 37000000 56000000 
0001b9f0: 36000000 57000000 37000000 57000000 
0001ba00: 38000000 50000000 39000000 50000000 
0001ba10: 38000000 51000000 39000000 51000000 
0001ba20: 3a000000 50000000 3b000000 50000000 
0001ba30: 3a000000 51000000 3b000000 51000000 
0001ba40: 38000000 52000000 39000000 52000000 
0001ba50: 38000000 53000000 39000000 53000000 
0001ba60: 3a000000 52000000 3b000000 52000000 
0001ba70: 3a000000 53000000 3b000000 53000000 
0001ba80: 3c000000 50000000 3d000000 50000000 
0001ba90: 3c000000 51000000 3d000000 51000000 
0001baa0: 3e000000 50000000 3f000000 50000000 
0001bab0: 3e000000 51000000 3f000000 51000000 
0001bac0: 3c000000 52000000 3d000000 52000000 
0001bad0: 3c000000 53000000 3d000000 53000000 
0001bae0: 3e000000 52000000 3f000000 52000000 
0001baf0: 3e000000 53000000 3f000000 53000000 
0001bb00: 38000000 54000000 39000000 54000000 
0001bb10: 38000000 55000000 39000000 55000000 
0001bb20: 3a000000 54000000 3b000000 54000000 
0001bb30: 3a000000 55000000 3b000000 55000000 
0001bb40: 38000000 56000000 39000000 56000000 
0001bb50: 38000000 57000000 39000000 57000000 
0001bb60: 3a000000 56000000 3b000000 56000000 
0001bb70: 3a000000 57000000 3b000000 57000000 
0001bb80: 3c000000 54000000 3d000000 54000000 
0001bb90: 3c000000 55000000 3d000000 55000000 
0001bba0: 3e000000 54000000 3f000000 54000000 
0001bbb0: 3e000000 55000000 3f000000 55000000 
0001bbc0: 3c000000 56000000 3d000000 56000000 
0001bbd0: 3c000000 57000000 3d000000 57000000 
0001bbe0: 3e000000 56000000 3f000000 56000000 
0001bbf0: 3e000000 57000000 3f000000 57000000 
0001bc00: 30000000 58000000 31000000 58000000 
0001bc10: 30000000 59000000 31000000 59000000 
0001bc20: 32000000 58000000 33000000 58000000 
0001bc30: 32000000 59000000 33000000 59000000 
0001bc40: 30000000 5a000000 31000000 5a000000 
0001bc50: 30000000 5b000000 31000000 5b000000 
0001bc60: 32000000 5a000000 33000000 5a000000 
0001bc70: 32000000 5b000000 33000000 5b000000 
0001bc80: 34000000 58000000 35000000 58000000 
0001bc90: 34000000 59000000 35000000 59000000 
0001bca0: 36000000 58000000 37000000 58000000 
0001bcb0: 36000000 59000000 37000000 59000000 
0001bcc0: 34000000 5a000000 35000000 5a000000 
0001bcd0: 34000000 5b000000 35000000 5b000000 
0001bce0: 36000000 5a000000 37000000 5a000000 
0001bcf0: 36000000 5b000000 37000000 5b000000 
0001bd00: 30000000 5c000000 31000000 5c000000 
0001bd10: 30000000 5d000000 31000000 5d000000 
0001bd20: 32000000 5c000000 33000000 5c000000 
0001bd30: 32000000 5d000000 33000000 5d000000 
0001bd40: 30000000 5e000000 31000000 5e000000 
0001bd50: 30000000 5f000000 31000000 5f000000 
0001bd60: 32000000 5e000000 33000000 5e000000 
0001bd70: 32000000 5f000000 33000000 5f000000 
0001bd80: 34000000 5c000000 35000000 5c000000 
0001bd90: 34000000 5d000000 35000000 5d000000 
0001bda0: 36000000 5c000000 37000000 5c000000 
0001bdb0: 36000000 5d000000 37000000 5d000000 
0001bdc0: 34000000 5e000000 35000000 5e000000 
0001bdd0: 34000000 5f000000 35000000 5f000000 
0001bde0: 36000000 5e000000 37000000 5e000000 
0001bdf0: 36000000 5f000000 37000000 5f000000 
0001be00: 38000000 58000000 39000000 58000000 
0001be10: 38000000 59000000 39000000 59000000 
0001be20: 3a000000 58000000 3b000000 58000000 
0001be30: 3a000000 59000000 3b000000 59000000 
0001be40: 38000000 5a000000 39000000 5a000000 
0001be50: 38000000 5b000000 39000000 5b000000 
0001be60: 3a000000 5a000000 3b000000 5a000000 
0001be70: 3a000000 5b000000 3b000000 5b000000 
0001be80: 3c000000 58000000 3d000000 58000000 
0001be90: 3c000000 59000000 3d000000 59000000 
0001bea0: 3e000000 58000000 3f000000 58000000 
0001beb0: 3e000000 59000000 3f000000 59000000 
0001bec0: 3c000000 5a000000 3d000000 5a000000 
0001bed0: 3c000000 5b000000 3d000000 5b000000 
0001bee0: 3e000000 5a000000 3f000000 5a000000 
0001bef0: 3e000000 5b000000 3f000000 5b000000 
0001bf00: 38000000 5c000000 39000000 5c000000 
0001bf10: 38000000 5d000000 39000000 5d000000 
0001bf20: 3a000000 5c000000 3b000000 5c000000 
0001bf30: 3a000000 5d000000 3b000000 5d000000 
0001bf40: 38000000 5e000000 39000000 5e000000 
0001bf50: 38000000 5f000000 39000000 5f000000 
0001bf60: 3a000000 5e000000 3b000000 5e000000 
0001bf70: 3a000000 5f000000 3b000000 5f000000 
0001bf80: 3c000000 5c000000 3d000000 5c000000 
0001bf90: 3c000000 5d000000 3d000000 5d000000 
0001bfa0: 3e000000 5c000000 3f000000 5c000000 
0001bfb0: 3e000000 5d000000 3f000000 5d000000 
0001bfc0: 3c000000 5e000000 3d000000 5e000000 
0001bfd0: 3c000000 5f000000 3d000000 5f000000 
0001bfe0: 3e000000 5e000000 3f000000 5e000000 
0001bff0: 3e000000 5f000000 3f000000 5f000000 
0001c000: 40000000 40000000 41000000 40000000 
0001c010: 40000000 41000000 41000000 41000000 
0001c020: 42000000 40000000 43000000 40000000 
0001c030: 42000000 41000000 43000000 41000000 
0001c040: 40000000 42000000 41000000 42000000 
0001c050: 40000000 43000000 41000000 43000000 
0001c060: 42000000 42000000 43000000 42000000 
0001c070: 42000000 43000000 43000000 43000000 
0001c080: 44000000 40000000 45000000 40000000 
0001c090: 44000000 41000000 45000000 41000000 
0001c0a0: 46000000 40000000 47000000 40000000 
0001c0b0: 46000000 41000000 47000000 41000000 
0001c0c0: 44000000 42000000 45000000 42000000 
0001c0d0: 44000000 43000000 45000000 43000000 
0001c0e0: 46000000 42000000 47000000 42000000 
0001c0f0: 46000000 43000000 47000000 43000000 
0001c100: 40000000 44000000 41000000 44000000 
0001c110: 40000000 45000000 41000000 45000000 
0001c120: 42000000 44000000 43000000 44000000 
0001c130: 42000000 45000000 43000000 45000000 
0001c140: 40000000 46000000 41000000 46000000 
0001c150: 40000000 47000000 41000000 47000000 
0001c160: 42000000 46000000 43000000 46000000 
0001c170: 42000000 47000000 43000000 47000000 
0001c180: 44000000 44000000 45000000 44000000 
0001c190: 44000000 45000000 45000000 45000000 
0001c1a0: 46000000 44000000 47000000 44000000 
0001c1b0: 46000000 45000000 47000000 45000000 
0001c1c0: 44000000 46000000 45000000 46000000 
0001c1d0: 44000000 47000000 45000000 47000000 
0001c1e0: 46000000 46000000 47000000 46000000 
0001c1f0: 46000000 47000000 47000000 47000000 
0001c200: 48000000 40000000 49000000 40000000 
0001c210: 48000000 41000000 49000000 41000000 
0001c220: 4a000000 40000000 4b000000 40000000 
0001c230: 4a000000 41000000 4b000000 41000000 
0001c240: 48000000 42000000 49000000 42000000 
0001c250: 48000000 43000000 49000000 43000000 
0001c260: 4a000000 42000000 4b000000 42000000 
0001c270: 4a000000 43000000 4b000000 43000000 
0001c280: 4c000000 40000000 4d000000 40000000 
0001c290: 4c000000 41000000 4d000000 41000000 
0001c2a0: 4e000000 40000000 4f000000 40000000 
0001c2b0: 4e000000 41000000 4f000000 41000000 
0001c2c0: 4c000000 42000000 4d000000 42000000 
0001c2d0: 4c000000 43000000 4d000000 43000000 
0001c2e0: 4e000000 42000000 4f000000 42000000 
0001c2f0: 4e000000 43000000 4f000000 43000000 
0001c300: 48000000 44000000 49000000 44000000 
0001c310: 48000000 45000000 49000000 45000000 
0001c320: 4a000000 44000000 4b000000 44000000 
0001c330: 4a000000 45000000 4b000000 45000000 
0001c340: 48000000 46000000 49000000 46000000 
0001c350: 48000000 47000000 49000000 47000000 
0001c360: 4a000000 46000000 4b000000 46000000 
0001c370: 4a000000 47000000 4b000000 47000000 
0001c380: 4c000000 44000000 4d000000 44000000 
0001c390: 4c000000 45000000 4d000000 45000000 
0001c3a0: 4e000000 44000000 4f000000 44000000 
0001c3b0: 4e000000 45000000 4f000000 45000000 
0001c3c0: 4c000000 46000000 4d000000 46000000 
0001c3d0: 4c000000 47000000 4d000000 47000000 
0001c3e0: 4e000000 46000000 4f000000 46000000 
0001c3f0: 4e000000 47000000 4f000000 47000000 
0001c400: 40000000 48000000 41000000 48000000 
0001c410: 40000000 49000000 41000000 49000000 
0001c420: 42000000 48000000 43000000 48000000 
0001c430: 42000000 49000000 43000000 49000000 
0001c440: 40000000 4a000000 41000000 4a000000 
0001c450: 40000000 4b000000 41000000 4b000000 
0001c460: 42000000 4a000000 43000000 4a000000 
0001c470: 42000000 4b000000 43000000 4b000000 
0001c480: 44000000 48000000 45000000 48000000 
0001c490: 44000000 49000000 45000000 49000000 
0001c4a0: 46000000 48000000 47000000 48000000 
0001c4b0: 46000000 49000000 47000000 49000000 
0001c4c0: 44000000 4a000000 45000000 4a000000 
0001c4d0: 44000000 4b000000 45000000 4b000000 
0001c4e0: 46000000 4a000000 47000000 4a000000 
0001c4f0: 46000000 4b000000 47000000 4b000000 
0001c500: 40000000 4c000000 41000000 4c000000 
0001c510: 40000000 4d000000 41000000 4d000000 
0001c520: 42000000 4c000000 43000000 4c000000 
0001c530: 42000000 4d000000 43000000 4d000000 
0001c540: 40000000 4e000000 41000000 4e000000 
0001c550: 40000000 4f000000 41000000 4f000000 
0001c560: 42000000 4e000000 43000000 4e000000 
0001c570: 42000000 4f000000 43000000 4f000000 
0001c580: 44000000 4c000000 45000000 4c000000 
0001c590: 44000000 4d000000 45000000 4d000000 
0001c5a0: 46000000 4c000000 47000000 4c000000 
0001c5b0: 46000000 4d000000 47000000 4d000000 
0001c5c0: 44000000 4e000000 45000000 4e000000 
0001c5d0: 44000000 4f000000 45000000 4f000000 
0001c5e0: 46000000 4e000000 47000000 4e000000 
0001c5f0: 46000000 4f000000 47000000 4f000000 
0001c600: 48000000 48000000 49000000 48000000 
0001c610: 48000000 49000000 49000000 49000000 
0001c620: 4a000000 48000000 4b000000 48000000 
0001c630: 4a000000 49000000 4b000000 49000000 
0001c640: 48000000 4a000000 49000000 4a000000 
0001c650: 48000000 4b000000 49000000 4b000000 
0001c660: 4a000000 4a000000 4b000000 4a000000 
0001c670: 4a000000 4b000000 4b000000 4b000000 
0001c680: 4c000000 48000000 4d000000 48000000 
0001c690: 4c000000 49000000 4d000000 49000000 
0001c6a0: 4e000000 48000000 4f000000 48000000 
0001c6b0: 4e000000 49000000 4f000000 49000000 
0001c6c0: 4c000000 4a000000 4d000000 4a000000 
0001c6d0: 4c000000 4b000000 4d000000 4b000000 
0001c6e0: 4e000000 4a000000 4f000000 4a000000 
0001c6f0: 4e000000 4b000000 4f000000 4b000000 
0001c700: 48000000 4c000000 49000000 4c000000 
0001c710: 48000000 4d000000 49000000 4d000000 
0001c720: 4a000000 4c000000 4b000000 4c000000 
0001c730: 4a000000 4d000000 4b000000 4d000000 
0001c740: 48000000 4e000000 49000000 4e000000 
0001c750: 48000000 4f000000 49000000 4f000000 
0001c760: 4a000000 4e000000 4b000000 4e000000 
0001c770: 4a000000 4f000000 4b000000 4f000000 
0001c780: 4c000000 4c000000 4d000000 4c000000 
0001c790: 4c000000 4d000000 4d000000 4d000000 
0001c7a0: 4e000000 4c000000 4f000000 4c000000 
0001c7b0: 4e000000 4d000000 4f000000 4d000000 
0001c7c0: 4c000000 4e000000 4d000000 4e000000 
0001c7d0: 4c000000 4f000000 4d000000 4f000000 
0001c7e0: 4e000000 4e000000 4f000000 4e000000 
0001c7f0: 4e000000 4f000000 4f000000 4f000000 
0001c800: 50000000 40000000 51000000 40000000 
0001c810: 50000000 41000000 51000000 41000000 
0001c820: 52000000 40000000 53000000 40000000 
0001c830: 52000000 41000000 53000000 41000000 
0001c840: 50000000 42000000 51000000 42000000 
0001c850: 50000000 43000000 51000000 43000000 
0001c860: 52000000 42000000 53000000 42000000 
0001c870: 52000000 43000000 53000000 43000000 
0001c880: 54000000 40000000 55000000 40000000 
0001c890: 54000000 41000000 55000000 41000000 
0001c8a0: 56000000 40000000 57000000 40000000 
0001c8b0: 56000000 41000000 57000000 41000000 
0001c8c0: 54000000 42000000 55000000 42000000 
0001c8d0: 54000000 43000000 55000000 43000000 
0001c8e0: 56000000 42000000 57000000 42000000 
0001c8f0: 56000000 43000000 57000000 43000000 
0001c900: 50000000 44000000 51000000 44000000 
0001c910: 50000000 45000000 51000000 45000000 
0001c920: 52000000 44000000 53000000 44000000 
0001c930: 52000000 45000000 53000000 45000000 
0001c940: 50000000 46000000 51000000 46000000 
0001c950: 50000000 47000000 51000000 47000000 
0001c960: 52000000 46000000 53000000 46000000 
0001c970: 52000000 47000000 53000000 47000000 
0001c980: 54000000 44000000 55000000 44000000 
0001c990: 54000000 45000000 55000000 45000000 
0001c9a0: 56000000 44000000 57000000 44000000 
0001c9b0: 56000000 45000000 57000000 45000000 
0001c9c0: 54000000 46000000 55000000 46000000 
0001c9d0: 54000000 47000000 55000000 47000000 
0001c9e0: 56000000 46000000 57000000 46000000 
0001c9f0: 56000000 47000000 57000000 47000000 
0001ca00: 58000000 40000000 59000000 40000000 
0001ca10: 58000000 41000000 59000000 41000000 
0001ca20: 5a000000 40000000 5b000000 40000000 
0001ca30: 5a000000 41000000 5b000000 41000000 
0001ca40: 58000000 42000000 59000000 42000000 
0001ca50: 58000000 43000000 59000000 43000000 
0001ca60: 5a000000 42000000 5b000000 42000000 
0001ca70: 5a000000 43000000 5b000000 43000000 
0001ca80: 5c000000 40000000 5d000000 40000000 
0001ca90: 5c000000 41000000 5d000000 41000000 
0001caa0: 5e000000 40000000 5f000000 40000000 
0001cab0: 5e000000 41000000 5f000000 41000000 
0001cac0: 5c000000 42000000 5d000000 42000000 
0001cad0: 5c000000 43000000 5d000000 43000000 
0001cae0: 5e000000 42000000 5f000000 42000000 
0001caf0: 5e000000 43000000 5f000000 43000000 
0001cb00: 58000000 44000000 59000000 44000000 
0001cb10: 58000000 45000000 59000000 45000000 
0001cb20: 5a000000 44000000 5b000000 44000000 
0001cb30: 5a000000 45000000 5b000000 45000000 
0001cb40: 58000000 46000000 59000000 46000000 
0001cb50: 58000000 47000000 59000000 47000000 
0001cb60: 5a000000 46000000 5b000000 46000000 
0001cb70: 5a000000 47000000 5b000000 47000000 
0001cb80: 5c000000 44000000 5d000000 44000000 
0001cb90: 5c000000 45000000 5d000000 45000000 
0001cba0: 5e000000 44000000 5f000000 44000000 
0001cbb0: 5e000000 45000000 5f000000 45000000 
0001cbc0: 5c000000 46000000 5d000000 46000000 
0001cbd0: 5c000000 47000000 5d000000 47000000 
0001cbe0: 5e000000 46000000 5f000000 46000000 
0001cbf0: 5e000000 47000000 5f000000 47000000 
0001cc00: 50000000 48000000 51000000 48000000 
0001cc10: 50000000 49000000 51000000 49000000 
0001cc20: 52000000 48000000 53000000 48000000 
0001cc30: 52000000 49000000 53000000 49000000 
0001cc40: 50000000 4a000000 51000000 4a000000 
0001cc50: 50000000 4b000000 51000000 4b000000 
0001cc60: 52000000 4a000000 53000000 4a000000 
0001cc70: 52000000 4b000000 53000000 4b000000 
0001cc80: 54000000 48000000 55000000 48000000 
0001cc90: 54000000 49000000 55000000 49000000 
0001cca0: 56000000 48000000 57000000 48000000 
0001ccb0: 56000000 49000000 57000000 49000000 
0001ccc0: 54000000 4a000000 55000000 4a000000 
0001ccd0: 54000000 4b000000 55000000 4b000000 
0001cce0: 56000000 4a000000 57000000 4a000000 
0001ccf0: 56000000 4b000000 57000000 4b000000 
0001cd00: 50000000 4c000000 51000000 4c000000 
0001cd10: 50000000 4d000000 51000000 4d000000 
0001cd20: 52000000 4c000000 53000000 4c000000 
0001cd30: 52000000 4d000000 53000000 4d000000 
0001cd40: 50000000 4e000000 51000000 4e000000 
0001cd50: 50000000 4f000000 51000000 4f000000 
0001cd60: 52000000 4e000000 53000000 4e000000 
0001cd70: 52000000 4f000000 53000000 4f000000 
0001cd80: 54000000 4c000000 55000000 4c000000 
0001cd90: 54000000 4d000000 55000000 4d000000 
0001cda0: 56000000 4c000000 57000000 4c000000 
0001cdb0: 56000000 4d000000 57000000 4d000000 
0001cdc0: 54000000 4e000000 55000000 4e000000 
0001cdd0: 54000000 4f000000 55000000 4f000000 
0001cde0: 56000000 4e000000 57000000 4e000000 
0001cdf0: 56000000 4f000000 57000000 4f000000 
0001ce00: 58000000 48000000 59000000 48000000 
0001ce10: 58000000 49000000 59000000 49000000 
0001ce20: 5a000000 48000000 5b000000 48000000 
0001ce30: 5a000000 49000000 5b000000 49000000 
0001ce40: 58000000 4a000000 59000000 4a000000 
0001ce50: 58000000 4b000000 59000000 4b000000 
0001ce60: 5a000000 4a000000 5b000000 4a000000 
0001ce70: 5a000000 4b000000 5b000000 4b000000 
0001ce80: 5c000000 48000000 5d000000 48000000 
0001ce90: 5c000000 49000000 5d000000 49000000 
0001cea0: 5e000000 48000000 5f000000 48000000 
0001ceb0: 5e000000 49000000 5f000000 49000000 
0001cec0: 5c000000 4a000000 5d000000 4a000000 
0001ced0: 5c000000 4b000000 5d000000 4b000000 
0001cee0: 5e000000 4a000000 5f000000 4a000000 
0001cef0: 5e000000 4b000000 5f000000 4b000000 
0001cf00: 58000000 4c000000 59000000 4c000000 
0001cf10: 58000000 4d000000 59000000 4d000000 
0001cf20: 5a000000 4c000000 5b000000 4c000000 
0001cf30: 5a000000 4d000000 5b000000 4d000000 
0001cf40: 58000000 4e000000 59000000 4e000000 
0001cf50: 58000000 4f000000 59000000 4f000000 
0001cf60: 5a000000 4e000000 5b000000 4e000000 
0001cf70: 5a000000 4f000000 5b000000 4f000000 
0001cf80: 5c000000 4c000000 5d000000 4c000000 
0001cf90: 5c000000 4d000000 5d000000 4d000000 
0001cfa0: 5e000000 4c000000 5f000000 4c000000 
0001cfb0: 5e000000 4d000000 5f000000 4d000000 
0001cfc0: 5c000000 4e000000 5d000000 4e000000 
0001cfd0: 5c000000 4f000000 5d000000 4f000000 
0001cfe0: 5e000000 4e000000 5f000000 4e000000 
0001cff0: 5e000000 4f000000 5f000000 4f000000 
0001d000: 40000000 50000000 41000000 50000000 
0001d010: 40000000 51000000 41000000 51000000 
0001d020: 42000000 50000000 43000000 50000000 
0001d030: 42000000 51000000 43000000 51000000 
0001d040: 40000000 52000000 41000000 52000000 
0001d050: 40000000 53000000 41000000 53000000 
0001d060: 42000000 52000000 43000000 52000000 
0001d070: 42000000 53000000 43000000 53000000 
0001d080: 44000000 50000000 45000000 50000000 
0001d090: 44000000 51000000 45000000 51000000 
0001d0a0: 46000000 50000000 47000000 50000000 
0001d0b0: 46000000 51000000 47000000 51000000 
0001d0c0: 44000000 52000000 45000000 52000000 
0001d0d0: 44000000 53000000 45000000 53000000 
0001d0e0: 46000000 52000000 47000000 52000000 
0001d0f0: 46000000 53000000 47000000 53000000 
0001d100: 40000000 54000000 41000000 54000000 
0001d110: 40000000 55000000 41000000 55000000 
0001d120: 42000000 54000000 43000000 54000000 
0001d130: 42000000 55000000 43000000 55000000 
0001d140: 40000000 56000000 41000000 56000000 
0001d150: 40000000 57000000 41000000 57000000 
0001d160: 42000000 56000000 43000000 56000000 
0001d170: 42000000 57000000 43000000 57000000 
0001d180: 44000000 54000000 45000000 54000000 
0001d190: 44000000 55000000 45000000 55000000 
0001d1a0: 46000000 54000000 47000000 54000000 
0001d1b0: 46000000 55000000 47000000 55000000 
0001d1c0: 44000000 56000000 45000000 56000000 
0001d1d0: 44000000 57000000 45000000 57000000 
0001d1e0: 46000000 56000000 47000000 56000000 
0001d1f0: 46000000 57000000 47000000 57000000 
0001d200: 48000000 50000000 49000000 50000000 
0001d210: 48000000 51000000 49000000 51000000 
0001d220: 4a000000 50000000 4b000000 50000000 
0001d230: 4a000000 51000000 4b000000 51000000 
0001d240: 48000000 52000000 49000000 52000000 
0001d250: 48000000 53000000 49000000 53000000 
0001d260: 4a000000 52000000 4b000000 52000000 
0001d270: 4a000000 53000000 4b000000 53000000 
0001d280: 4c000000 50000000 4d000000 50000000 
0001d290: 4c000000 51000000 4d000000 51000000 
0001d2a0: 4e000000 50000000 4f000000 50000000 
0001d2b0: 4e000000 51000000 4f000000 51000000 
0001d2c0: 4c000000 52000000 4d000000 52000000 
0001d2d0: 4c000000 53000000 4d000000 53000000 
0001d2e0: 4e000000 52000000 4f000000 52000000 
0001d2f0: 4e000000 53000000 4f000000 53000000 
0001d300: 48000000 54000000 49000000 54000000 
0001d310: 48000000 55000000 49000000 55000000 
0001d320: 4a000000 54000000 4b000000 54000000 
0001d330: 4a000000 55000000 4b000000 55000000 
0001d340: 48000000 56000000 49000000 56000000 
0001d350: 48000000 57000000 49000000 57000000 
0001d360: 4a000000 56000000 4b000000 56000000 
0001d370: 4a000000 57000000 4b000000 57000000 
0001d380: 4c000000 54000000 4d000000 54000000 
0001d390: 4c000000 55000000 4d000000 55000000 
0001d3a0: 4e000000 54000000 4f000000 54000000 
0001d3b0: 4e000000 55000000 4f000000 55000000 
0001d3c0: 4c000000 56000000 4d000000 56000000 
0001d3d0: 4c000000 57000000 4d000000 57000000 
0001d3e0: 4e000000 56000000 4f000000 56000000 
0001d3f0: 4e000000 57000000 4f000000 57000000 
0001d400: 40000000 58000000 41000000 58000000 
0001d410: 40000000 59000000 41000000 59000000 
0001d420: 42000000 58000000 43000000 58000000 
0001d430: 42000000 59000000 43000000 59000000 
0001d440: 40000000 5a000000 41000000 5a000000 
0001d450: 40000000 5b000000 41000000 5b000000 
0001d460: 42000000 5a000000 43000000 5a000000 
0001d470: 42000000 5b000000 43000000 5b000000 
0001d480: 44000000 58000000 45000000 58000000 
0001d490: 44000000 59000000 45000000 59000000 
0001d4a0: 46000000 58000000 47000000 58000000 
0001d4b0: 46000000 59000000 47000000 59000000 
0001d4c0: 44000000 5a000000 45000000 5a000000 
0001d4d0: 44000000 5b000000 45000000 5b000000 
0001d4e0: 46000000 5a000000 47000000 5a000000 
0001d4f0: 46000000 5b000000 47000000 5b000000 
0001d500: 40000000 5c000000 41000000 5c000000 
0001d510: 40000000 5d000000 41000000 5d000000 
0001d520: 42000000 5c000000 43000000 5c000000 
0001d530: 42000000 5d000000 43000000 5d000000 
0001d540: 40000000 5e000000 41000000 5e000000 
0001d550: 40000000 5f000000 41000000 5f000000 
0001d560: 42000000 5e000000 43000000 5e000000 
0001d570: 42000000 5f000000 43000000 5f000000 
0001d580: 44000000 5c000000 45000000 5c000000 
0001d590: 44000000 5d000000 45000000 5d000000 
0001d5a0: 46000000 5c000000 47000000 5c000000 
0001d5b0: 46000000 5d000000 47000000 5d000000 
0001d5c0: 44000000 5e000000 45000000 5e000000 
0001d5d0: 44000000 5f000000 45000000 5f000000 
0001d5e0: 46000000 5e000000 47000000 5e000000 
0001d5f0: 46000000 5f000000 47000000 5f000000 
0001d600: 48000000 58000000 49000000 58000000 
0001d610: 48000000 59000000 49000000 59000000 
0001d620: 4a000000 58000000 4b000000 58000000 
0001d630: 4a000000 59000000 4b000000 59000000 
0001d640: 48000000 5a000000 49000000 5a000000 
0001d650: 48000000 5b000000 49000000 5b000000 
0001d660: 4a000000 5a000000 4b000000 5a000000 
0001d670: 4a000000 5b000000 4b000000 5b000000 
0001d680: 4c000000 58000000 4d000000 58000000 
0001d690: 4c000000 59000000 4d000000 59000000 
0001d6a0: 4e000000 58000000 4f000000 58000000 
0001d6b0: 4e000000 59000000 4f000000 59000000 
0001d6c0: 4c000000 5a000000 4d000000 5a000000 
0001d6d0: 4c000000 5b000000 4d000000 5b000000 
0001d6e0: 4e000000 5a000000 4f000000 5a000000 
0001d6f0: 4e000000 5b000000 4f000000 5b000000 
0001d700: 48000000 5c000000 49000000 5c000000 
0001d710: 48000000 5d000000 49000000 5d000000 
0001d720: 4a000000 5c000000 4b000000 5c000000 
0001d730: 4a000000 5d000000 4b000000 5d000000 
0001d740: 48000000 5e000000 49000000 5e000000 
0001d750: 48000000 5f000000 49000000 5f000000 
0001d760: 4a000000 5e000000 4b000000 5e000000 
0001d770: 4a000000 5f000000 4b000000 5f000000 
0001d780: 4c000000 5c000000 4d000000 5c000000 
0001d790: 4c000000 5d000000 4d000000 5d000000 
0001d7a0: 4e000000 5c000000 4f000000 5c000000 
0001d7b0: 4e000000 5d000000 4f000000 5d000000 
0001d7c0: 4c000000 5e000000 4d000000 5e000000 
0001d7d0: 4c000000 5f000000 4d000000 5f000000 
0001d7e0: 4e000000 5e000000 4f000000 5e000000 
0001d7f0: 4e000000 5f000000 4f000000 5f000000 
0001d800: 50000000 50000000 51000000 50000000 
0001d810: 50000000 51000000 51000000 51000000 
0001d820: 52000000 50000000 53000000 50000000 
0001d830: 52000000 51000000 53000000 51000000 
0001d840: 50000000 52000000 51000000 52000000 
0001d850: 50000000 53000000 51000000 53000000 
0001d860: 52000000 52000000 53000000 52000000 
0001d870: 52000000 53000000 53000000 53000000 
0001d880: 54000000 50000000 55000000 50000000 
0001d890: 54000000 51000000 55000000 51000000 
0001d8a0: 56000000 50000000 57000000 50000000 
0001d8b0: 56000000 51000000 57000000 51000000 
0001d8c0: 54000000 52000000 55000000 52000000 
0001d8d0: 54000000 53000000 55000000 53000000 
0001d8e0: 56000000 52000000 57000000 52000000 
0001d8f0: 56000000 53000000 57000000 53000000 
0001d900: 50000000 54000000 51000000 54000000 
0001d910: 50000000 55000000 51000000 55000000 
0001d920: 52000000 54000000 53000000 54000000 
0001d930: 52000000 55000000 53000000 55000000 
0001d940: 50000000 56000000 51000000 56000000 
0001d950: 50000000 57000000 51000000 57000000 
0001d960: 52000000 56000000 53000000 56000000 
0001d970: 52000000 57000000 53000000 57000000 
0001d980: 54000000 54000000 55000000 54000000 
0001d990: 54000000 55000000 55000000 55000000 
0001d9a0: 56000000 54000000 57000000 54000000 
0001d9b0: 56000000 55000000 57000000 55000000 
0001d9c0: 54000000 56000000 55000000 56000000 
0001d9d0: 54000000 57000000 55000000 57000000 
0001d9e0: 56000000 56000000 57000000 56000000 
0001d9f0: 56000000 57000000 57000000 57000000 
0001da00: 58000000 50000000 59000000 50000000 
0001da10: 58000000 51000000 59000000 51000000 
0001da20: 5a000000 50000000 5b000000 50000000 
0001da30: 5a000000 51000000 5b000000 51000000 
0001da40: 58000000 52000000 59000000 52000000 
0001da50: 58000000 53000000 59000000 53000000 
0001da60: 5a000000 52000000 5b000000 52000000 
0001da70: 5a000000 53000000 5b000000 53000000 
0001da80: 5c000000 50000000 5d000000 50000000 
0001da90: 5c000000 51000000 5d000000 51000000 
0001daa0: 5e000000 50000000 5f000000 50000000 
0001dab0: 5e000000 51000000 5f000000 51000000 
0001dac0: 5c000000 52000000 5d000000 52000000 
0001dad0: 5c000000 53000000 5d000000 53000000 
0001dae0: 5e000000 52000000 5f000000 52000000 
0001daf0: 5e000000 53000000 5f000000 53000000 
0001db00: 58000000 54000000 59000000 54000000 
0001db10: 58000000 55000000 59000000 55000000 
0001db20: 5a000000 54000000 5b000000 54000000 
0001db30: 5a000000 55000000 5b000000 55000000 
0001db40: 58000000 56000000 59000000 56000000 
0001db50: 58000000 57000000 59000000 57000000 
0001db60: 5a000000 56000000 5b000000 56000000 
0001db70: 5a000000 57000000 5b000000 57000000 
0001db80: 5c000000 54000000 5d000000 54000000 
0001db90: 5c000000 55000000 5d000000 55000000 
0001dba0: 5e000000 54000000 5f000000 54000000 
0001dbb0: 5e000000 55000000 5f000000 55000000 
0001dbc0: 5c000000 56000000 5d000000 56000000 
0001dbd0: 5c000000 57000000 5d000000 57000000 
0001dbe0: 5e000000 56000000 5f000000 56000000 
0001dbf0: 5e000000 57000000 5f000000 57000000 
0001dc00: 50000000 58000000 51000000 58000000 
0001dc10: 50000000 59000000 51000000 59000000 
0001dc20: 52000000 58000000 53000000 58000000 
0001dc30: 52000000 59000000 53000000 59000000 
0001dc40: 50000000 5a000000 51000000 5a000000 
0001dc50: 50000000 5b000000 51000000 5b000000 
0001dc60: 52000000 5a000000 53000000 5a000000 
0001dc70: 52000000 5b000000 53000000 5b000000 
0001dc80: 54000000 58000000 55000000 58000000 
0001dc90: 54000000 59000000 55000000 59000000 
0001dca0: 56000000 58000000 57000000 58000000 
0001dcb0: 56000000 59000000 57000000 59000000 
0001dcc0: 54000000 5a000000 55000000 5a000000 
0001dcd0: 54000000 5b000000 55000000 5b000000 
0001dce0: 56000000 5a000000 57000000 5a000000 
0001dcf0: 56000000 5b000000 57000000 5b000000 
0001dd00: 50000000 5c000000 51000000 5c000000 
0001dd10: 50000000 5d000000 51000000 5d000000 
0001dd20: 52000000 5c000000 53000000 5c000000 
0001dd30: 52000000 5d000000 53000000 5d000000 
0001dd40: 50000000 5e000000 51000000 5e000000 
0001dd50: 50000000 5f000000 51000000 5f000000 
0001dd60: 52000000 5e000000 53000000 5e000000 
0001dd70: 52000000 5f000000 53000000 5f000000 
0001dd80: 54000000 5c000000 55000000 5c000000 
0001dd90: 54000000 5d000000 55000000 5d000000 
0001dda0: 56000000 5c000000 57000000 5c000000 
0001ddb0: 56000000 5d000000 57000000 5d000000 
0001ddc0: 54000000 5e000000 55000000 5e000000 
0001ddd0: 54000000 5f000000 55000000 5f000000 
0001dde0: 56000000 5e000000 57000000 5e000000 
0001ddf0: 56000000 5f000000 57000000 5f000000 
0001de00: 58000000 58000000 59000000 58000000 
0001de10: 58000000 59000000 59000000 59000000 
0001de20: 5a000000 58000000 5b000000 58000000 
0001de30: 5a000000 59000000 5b000000 59000000 
0001de40: 58000000 5a000000 59000000 5a000000 
0001de50: 58000000 5b000000 59000000 5b000000 
0001de60: 5a000000 5a000000 5b000000 5a000000 
0001de70: 5a000000 5b000000 5b000000 5b000000 
0001de80: 5c000000 58000000 5d000000 58000000 
0001de90: 5c000000 59000000 5d000000 59000000 
0001dea0: 5e000000 58000000 5f000000 58000000 
0001deb0: 5e000000 59000000 5f000000 59000000 
0001dec0: 5c000000 5a000000 5d000000 5a000000 
0001ded0: 5c000000 5b000000 5d000000 5b000000 
0001dee0: 5e000000 5a000000 5f000000 5a000000 
0001def0: 5e000000 5b000000 5f000000 5b000000 
0001df00: 58000000 5c000000 59000000 5c000000 
0001df10: 58000000 5d000000 59000000 5d000000 
0001df20: 5a000000 5c000000 5b000000 5c000000 
0001df30: 5a000000 5d000000 5b000000 5d000000 
0001df40: 58000000 5e000000 59000000 5e000000 
0001df50: 58000000 5f000000 59000000 5f000000 
0001df60: 5a000000 5e000000 5b000000 5e000000 
0001df70: 5a000000 5f000000 5b000000 5f000000 
0001df80: 5c000000 5c000000 5d000000 5c000000 
0001df90: 5c000000 5d000000 5d000000 5d000000 
0001dfa0: 5e000000 5c000000 5f000000 5c000000 
0001dfb0: 5e000000 5d000000 5f000000 5d000000 
0001dfc0: 5c000000 5e000000 5d000000 5e000000 
0001dfd0: 5c000000 5f000000 5d000000 5f000000 
0001dfe0: 5e000000 5e000000 5f000000 5e000000 
0001dff0: 5e000000 5f000000 5f000000 5f000000 
0001e000: 60000000 40000000 61000000 40000000 
0001e010: 60000000 41000000 61000000 41000000 
0001e020: 62000000 40000000 63000000 40000000 
0001e030: 62000000 41000000 63000000 41000000 
0001e040: 60000000 42000000 61000000 42000000 
0001e050: 60000000 43000000 61000000 43000000 
0001e060: 62000000 42000000 63000000 42000000 
0001e070: 62000000 43000000 63000000 43000000 
0001e080: 64000000 40000000 65000000 40000000 
0001e090: 64000000 41000000 65000000 41000000 
0001e0a0: 66000000 40000000 67000000 40000000 
0001e0b0: 66000000 41000000 67000000 41000000 
0001e0c0: 64000000 42000000 65000000 42000000 
0001e0d0: 64000000 43000000 65000000 43000000 
0001e0e0: 66000000 42000000 67000000 42000000 
0001e0f0: 66000000 43000000 67000000 43000000 
0001e100: 60000000 44000000 61000000 44000000 
0001e110: 60000000 45000000 61000000 45000000 
0001e120: 62000000 44000000 63000000 44000000 
0001e130: 62000000 45000000 63000000 45000000 
0001e140: 60000000 46000000 61000000 46000000 
0001e150: 60000000 47000000 61000000 47000000 
0001e160: 62000000 46000000 63000000 46000000 
0001e170: 62000000 47000000 63000000 47000000 
0001e180: 64000000 44000000 65000000 44000000 
0001e190: 64000000 45000000 65000000 45000000 
0001e1a0: 66000000 44000000 67000000 44000000 
0001e1b0: 66000000 45000000 67000000 45000000 
0001e1c0: 64000000 46000000 65000000 46000000 
0001e1d0: 64000000 47000000 65000000 47000000 
0001e1e0: 66000000 46000000 67000000 46000000 
0001e1f0: 66000000 47000000 67000000 47000000 
0001e200: 68000000 40000000 69000000 40000000 
0001e210: 68000000 41000000 69000000 41000000 
0001e220: 6a000000 40000000 6b000000 40000000 
0001e230: 6a000000 41000000 6b000000 41000000 
0001e240: 68000000 42000000 69000000 42000000 
0001e250: 68000000 43000000 69000000 43000000 
0001e260: 6a000000 42000000 6b000000 42000000 
0001e270: 6a000000 43000000 6b000000 43000000 
0001e280: 6c000000 40000000 6d000000 40000000 
0001e290: 6c000000 41000000 6d000000 41000000 
0001e2a0: 6e000000 40000000 6f000000 40000000 
0001e2b0: 6e000000 41000000 6f000000 41000000 
0001e2c0: 6c000000 42000000 6d000000 42000000 
0001e2d0: 6c000000 43000000 6d000000 43000000 
0001e2e0: 6e000000 42000000 6f000000 42000000 
0001e2f0: 6e000000 43000000 6f000000 43000000 
0001e300: 68000000 44000000 69000000 44000000 
0001e310: 68000000 45000000 69000000 45000000 
0001e320: 6a000000 44000000 6b000000 44000000 
0001e330: 6a000000 45000000 6b000000 45000000 
0001e340: 68000000 46000000 69000000 46000000 
0001e350: 68000000 47000000 69000000 47000000 
0001e360: 6a000000 46000000 6b000000 46000000 
0001e370: 6a000000 47000000 6b000000 47000000 
0001e380: 6c000000 44000000 6d000000 44000000 
0001e390: 6c000000 45000000 6d000000 45000000 
0001e3a0: 6e000000 44000000 6f000000 44000000 
0001e3b0: 6e000000 45000000 6f000000 45000000 
0001e3c0: 6c000000 46000000 6d000000 46000000 
0001e3d0: 6c000000 47000000 6d000000 47000000 
0001e3e0: 6e000000 46000000 6f000000 46000000 
0001e3f0: 6e000000 47000000 6f000000 47000000 
0001e400: 60000000 48000000 61000000 48000000 
0001e410: 60000000 49000000 61000000 49000000 
0001e420: 62000000 48000000 63000000 48000000 
0001e430: 62000000 49000000 63000000 49000000 
0001e440: 60000000 4a000000 61000000 4a000000 
0001e450: 60000000 4b000000 61000000 4b000000 
0001e460: 62000000 4a000000 63000000 4a000000 
0001e470: 62000000 4b000000 63000000 4b000000 
0001e480: 64000000 48000000 65000000 48000000 
0001e490: 64000000 49000000 65000000 49000000 
0001e4a0: 66000000 48000000 67000000 48000000 
0001e4b0: 66000000 49000000 67000000 49000000 
0001e4c0: 64000000 4a000000 65000000 4a000000 
0001e4d0: 64000000 4b000000 65000000 4b000000 
0001e4e0: 66000000 4a000000 67000000 4a000000 
0001e4f0: 66000000 4b000000 67000000 4b000000 
0001e500: 60000000 4c000000 61000000 4c000000 
0001e510: 60000000 4d000000 61000000 4d000000 
0001e520: 62000000 4c000000 63000000 4c000000 
0001e530: 62000000 4d000000 63000000 4d000000 
0001e540: 60000000 4e000000 61000000 4e000000 
0001e550: 60000000 4f000000 61000000 4f000000 
0001e560: 62000000 4e000000 63000000 4e000000 
0001e570: 62000000 4f000000 63000000 4f000000 
0001e580: 64000000 4c000000 65000000 4c000000 
0001e590: 64000000 4d000000 65000000 4d000000 
0001e5a0: 66000000 4c000000 67000000 4c000000 
0001e5b0: 66000000 4d000000 67000000 4d000000 
0001e5c0: 64000000 4e000000 65000000 4e000000 
0001e5d0: 64000000 4f000000 65000000 4f000000 
0001e5e0: 66000000 4e000000 67000000 4e000000 
0001e5f0: 66000000 4f000000 67000000 4f000000 
0001e600: 68000000 48000000 69000000 48000000 
0001e610: 68000000 49000000 69000000 49000000 
0001e620: 6a000000 48000000 6b000000 48000000 
0001e630: 6a000000 49000000 6b000000 49000000 
0001e640: 68000000 4a000000 69000000 4a000000 
0001e650: 68000000 4b000000 69000000 4b000000 
0001e660: 6a000000 4a000000 6b000000 4a000000 
0001e670: 6a000000 4b000000 6b000000 4b000000 
0001e680: 6c000000 48000000 6d000000 48000000 
0001e690: 6c000000 49000000 6d000000 49000000 
0001e6a0: 6e000000 48000000 6f000000 48000000 
0001e6b0: 6e000000 49000000 6f000000 49000000 
0001e6c0: 6c000000 4a000000 6d000000 4a000000 
0001e6d0: 6c000000 4b000000 6d000000 4b000000 
0001e6e0: 6e000000 4a000000 6f000000 4a000000 
0001e6f0: 6e000000 4b000000 6f000000 4b000000 
0001e700: 68000000 4c000000 69000000 4c000000 
0001e710: 68000000 4d000000 69000000 4d000000 
0001e720: 6a000000 4c000000 6b000000 4c000000 
0001e730: 6a000000 4d000000 6b000000 4d000000 
0001e740: 68000000 4e000000 69000000 4e000000 
0001e750: 68000000 4f000000 69000000 4f000000 
0001e760: 6a000000 4e000000 6b000000 4e000000 
0001e770: 6a000000 4f000000 6b000000 4f000000 
0001e780: 6c000000 4c000000 6d000000 4c000000 
0001e790: 6c000000 4d000000 6d000000 4d000000 
0001e7a0: 6e000000 4c000000 6f000000 4c000000 
0001e7b0: 6e000000 4d000000 6f000000 4d000000 
0001e7c0: 6c000000 4e000000 6d000000 4e000000 
0001e7d0: 6c000000 4f000000 6d000000 4f000000 
0001e7e0: 6e000000 4e000000 6f000000 4e000000 
0001e7f0: 6e000000 4f000000 6f000000 4f000000 
0001e800: 70000000 40000000 71000000 40000000 
0001e810: 70000000 41000000 71000000 41000000 
0001e820: 72000000 40000000 73000000 40000000 
0001e830: 72000000 41000000 73000000 41000000 
0001e840: 70000000 42000000 71000000 42000000 
0001e850: 70000000 43000000 71000000 43000000 
0001e860: 72000000 42000000 73000000 42000000 
0001e870: 72000000 43000000 73000000 43000000 
0001e880: 74000000 40000000 75000000 40000000 
0001e890: 74000000 41000000 75000000 41000000 
0001e8a0: 76000000 40000000 77000000 40000000 
0001e8b0: 76000000 41000000 77000000 41000000 
0001e8c0: 74000000 42000000 75000000 42000000 
0001e8d0: 74000000 43000000 75000000 43000000 
0001e8e0: 76000000 42000000 77000000 42000000 
0001e8f0: 76000000 43000000 77000000 43000000 
0001e900: 70000000 44000000 71000000 44000000 
0001e910: 70000000 45000000 71000000 45000000 
0001e920: 72000000 44000000 73000000 44000000 
0001e930: 72000000 45000000 73000000 45000000 
0001e940: 70000000 46000000 71000000 46000000 
0001e950: 70000000 47000000 71000000 47000000 
0001e960: 72000000 46000000 73000000 46000000 
0001e970: 72000000 47000000 73000000 47000000 
0001e980: 74000000 44000000 75000000 44000000 
0001e990: 74000000 45000000 75000000 45000000 
0001e9a0: 76000000 44000000 77000000 44000000 
0001e9b0: 76000000 45000000 77000000 45000000 
0001e9c0: 74000000 46000000 75000000 46000000 
0001e9d0: 74000000 47000000 75000000 47000000 
0001e9e0: 76000000 46000000 77000000 46000000 
0001e9f0: 76000000 47000000 77000000 47000000 
0001ea00: 78000000 40000000 79000000 40000000 
0001ea10: 78000000 41000000 79000000 41000000 
0001ea20: 7a000000 40000000 7b000000 40000000 
0001ea30: 7a000000 41000000 7b000000 41000000 
0001ea40: 78000000 42000000 79000000 42000000 
0001ea50: 78000000 43000000 79000000 43000000 
0001ea60: 7a000000 42000000 7b000000 42000000 
0001ea70: 7a000000 43000000 7b000000 43000000 
0001ea80: 7c000000 40000000 7d000000 40000000 
0001ea90: 7c000000 41000000 7d000000 41000000 
0001eaa0: 7e000000 40000000 7f000000 40000000 
0001eab0: 7e000000 41000000 7f000000 41000000 
0001eac0: 7c000000 42000000 7d000000 42000000 
0001ead0: 7c000000 43000000 7d000000 43000000 
0001eae0: 7e000000 42000000 7f000000 42000000 
0001eaf0: 7e000000 43000000 7f000000 43000000 
0001eb00: 78000000 44000000 79000000 44000000 
0001eb10: 78000000 45000000 79000000 45000000 
0001eb20: 7a000000 44000000 7b000000 44000000 
0001eb30: 7a000000 45000000 7b000000 45000000 
0001eb40: 78000000 46000000 79000000 46000000 
0001eb50: 78000000 47000000 79000000 47000000 
0001eb60: 7a000000 46000000 7b000000 46000000 
0001eb70: 7a000000 47000000 7b000000 47000000 
0001eb80: 7c000000 44000000 7d000000 44000000 
0001eb90: 7c000000 45000000 7d000000 45000000 
0001eba0: 7e000000 44000000 7f000000 44000000 
0001ebb0: 7e000000 45000000 7f000000 45000000 
0001ebc0: 7c000000 46000000 7d000000 46000000 
0001ebd0: 7c000000 47000000 7d000000 47000000 
0001ebe0: 7e000000 46000000 7f000000 46000000 
0001ebf0: 7e000000 47000000 7f000000 47000000 
0001ec00: 70000000 48000000 71000000 48000000 
0001ec10: 70000000 49000000 71000000 49000000 
0001ec20: 72000000 48000000 73000000 48000000 
0001ec30: 72000000 49000000 73000000 49000000 
0001ec40: 70000000 4a000000 71000000 4a000000 
0001ec50: 70000000 4b000000 71000000 4b000000 
0001ec60: 72000000 4a000000 73000000 4a000000 
0001ec70: 72000000 4b000000 73000000 4b000000 
0001ec80: 74000000 48000000 75000000 48000000 
0001ec90: 74000000 49000000 75000000 49000000 
0001eca0: 76000000 48000000 77000000 48000000 
0001ecb0: 76000000 49000000 77000000 49000000 
0001ecc0: 74000000 4a000000 75000000 4a000000 
0001ecd0: 74000000 4b000000 75000000 4b000000 
0001ece0: 76000000 4a000000 77000000 4a000000 
0001ecf0: 76000000 4b000000 77000000 4b000000 
0001ed00: 70000000 4c000000 71000000 4c000000 
0001ed10: 70000000 4d000000 71000000 4d000000 
0001ed20: 72000000 4c000000 73000000 4c000000 
0001ed30: 72000000 4d000000 73000000 4d000000 
0001ed40: 70000000 4e000000 71000000 4e000000 
0001ed50: 70000000 4f000000 71000000 4f000000 
0001ed60: 72000000 4e000000 73000000 4e000000 
0001ed70: 72000000 4f000000 73000000 4f000000 
0001ed80: 74000000 4c000000 75000000 4c000000 
0001ed90: 74000000 4d000000 75000000 4d000000 
0001eda0: 76000000 4c000000 77000000 4c000000 
0001edb0: 76000000 4d000000 77000000 4d000000 
0001edc0: 74000000 4e000000 75000000 4e000000 
0001edd0: 74000000 4f000000 75000000 4f000000 
0001ede0: 76000000 4e000000 77000000 4e000000 
0001edf0: 76000000 4f000000 77000000 4f000000 
0001ee00: 78000000 48000000 79000000 48000000 
0001ee10: 78000000 49000000 79000000 49000000 
0001ee20: 7a000000 48000000 7b000000 48000000 
0001ee30: 7a000000 49000000 7b000000 49000000 
0001ee40: 78000000 4a000000 79000000 4a000000 
0001ee50: 78000000 4b000000 79000000 4b000000 
0001ee60: 7a000000 4a000000 7b000000 4a000000 
0001ee70: 7a000000 4b000000 7b000000 4b000000 
0001ee80: 7c000000 48000000 7d000000 48000000 
0001ee90: 7c000000 49000000 7d000000 49000000 
0001eea0: 7e000000 48000000 7f000000 48000000 
0001eeb0: 7e000000 49000000 7f000000 49000000 
0001eec0: 7c000000 4a000000 7d000000 4a000000 
0001eed0: 7c000000 4b000000 7d000000 4b000000 
0001eee0: 7e000000 4a000000 7f000000 4a000000 
0001eef0: 7e000000 4b000000 7f000000 4b000000 
0001ef00: 78000000 4c000000 79000000 4c000000 
0001ef10: 78000000 4d000000 79000000 4d000000 
0001ef20: 7a000000 4c000000 7b000000 4c000000 
0001ef30: 7a000000 4d000000 7b000000 4d000000 
0001ef40: 78000000 4e000000 79000000 4e000000 
0001ef50: 78000000 4f000000 79000000 4f000000 
0001ef60: 7a000000 4e000000 7b000000 4e000000 
0001ef70: 7a000000 4f000000 7b000000 4f000000 
0001ef80: 7c000000 4c000000 7d000000 4c000000 
0001ef90: 7c000000 4d000000 7d000000 4d000000 
0001efa0: 7e000000 4c000000 7f000000 4c000000 
0001efb0: 7e000000 4d000000 7f000000 4d000000 
0001efc0: 7c000000 4e000000 7d000000 4e000000 
0001efd0: 7c000000 4f000000 7d000000 4f000000 
0001efe0: 7e000000 4e000000 7f000000 4e000000 
0001eff0: 7e000000 4f000000 7f000000 4f000000 
0001f000: 60000000 50000000 61000000 50000000 
0001f010: 60000000 51000000 61000000 51000000 
0001f020: 62000000 50000000 63000000 50000000 
0001f030: 62000000 51000000 63000000 51000000 
0001f040: 60000000 52000000 61000000 52000000 
0001f050: 60000000 53000000 61000000 53000000 
0001f060: 62000000 52000000 63000000 52000000 
0001f070: 62000000 53000000 63000000 53000000 
0001f080: 64000000 50000000 65000000 50000000 
0001f090: 64000000 51000000 65000000 51000000 
0001f0a0: 66000000 50000000 67000000 50000000 
0001f0b0: 66000000 51000000 67000000 51000000 
0001f0c0: 64000000 52000000 65000000 52000000 
0001f0d0: 64000000 53000000 65000000 53000000 
0001f0e0: 66000000 52000000 67000000 52000000 
0001f0f0: 66000000 53000000 67000000 53000000 
0001f100: 60000000 54000000 61000000 54000000 
0001f110: 60000000 55000000 61000000 55000000 
0001f120: 62000000 54000000 63000000 54000000 
0001f130: 62000000 55000000 63000000 55000000 
0001f140: 60000000 56000000 61000000 56000000 
0001f150: 60000000 57000000 61000000 57000000 
0001f160: 62000000 56000000 63000000 56000000 
0001f170: 62000000 57000000 63000000 57000000 
0001f180: 64000000 54000000 65000000 54000000 
0001f190: 64000000 55000000 65000000 55000000 
0001f1a0: 66000000 54000000 67000000 54000000 
0001f1b0: 66000000 55000000 67000000 55000000 
0001f1c0: 64000000 56000000 65000000 56000000 
0001f1d0: 64000000 57000000 65000000 57000000 
0001f1e0: 66000000 56000000 67000000 56000000 
0001f1f0: 66000000 57000000 67000000 57000000 
0001f200: 68000000 50000000 69000000 50000000 
0001f210: 68000000 51000000 69000000 51000000 
0001f220: 6a000000 50000000 6b000000 50000000 
0001f230: 6a000000 51000000 6b000000 51000000 
0001f240: 68000000 52000000 69000000 52000000 
0001f250: 68000000 53000000 69000000 53000000 
0001f260: 6a000000 52000000 6b000000 52000000 
0001f270: 6a000000 53000000 6b000000 53000000 
0001f280: 6c000000 50000000 6d000000 50000000 
0001f290: 6c000000 51000000 6d000000 51000000 
0001f2a0: 6e000000 50000000 6f000000 50000000 
0001f2b0: 6e000000 51000000 6f000000 51000000 
0001f2c0: 6c000000 52000000 6d000000 52000000 
0001f2d0: 6c000000 53000000 6d000000 53000000 
0001f2e0: 6e000000 52000000 6f000000 52000000 
0001f2f0: 6e000000 53000000 6f000000 53000000 
0001f300: 68000000 54000000 69000000 54000000 
0001f310: 68000000 55000000 69000000 55000000 
0001f320: 6a000000 54000000 6b000000 54000000 
0001f330: 6a000000 55000000 6b000000 55000000 
0001f340: 68000000 56000000 69000000 56000000 
0001f350: 68000000 57000000 69000000 57000000 
0001f360: 6a000000 56000000 6b000000 56000000 
0001f370: 6a000000 57000000 6b000000 57000000 
0001f380: 6c000000 54000000 6d000000 54000000 
0001f390: 6c000000 55000000 6d000000 55000000 
0001f3a0: 6e000000 54000000 6f000000 54000000 
0001f3b0: 6e000000 55000000 6f000000 55000000 
0001f3c0: 6c000000 56000000 6d000000 56000000 
0001f3d0: 6c000000 57000000 6d000000 57000000 
0001f3e0: 6e000000 56000000 6f000000 56000000 
0001f3f0: 6e000000 57000000 6f000000 57000000 
0001f400: 60000000 58000000 61000000 58000000 
0001f410: 60000000 59000000 61000000 59000000 
0001f420: 62000000 58000000 63000000 58000000 
0001f430: 62000000 59000000 63000000 59000000 
0001f440: 60000000 5a000000 61000000 5a000000 
0001f450: 60000000 5b000000 61000000 5b000000 
0001f460: 62000000 5a000000 63000000 5a000000 
0001f470: 62000000 5b000000 63000000 5b000000 
0001f480: 64000000 58000000 65000000 58000000 
0001f490: 64000000 59000000 65000000 59000000 
0001f4a0: 66000000 58000000 67000000 58000000 
0001f4b0: 66000000 59000000 67000000 59000000 
0001f4c0: 64000000 5a000000 65000000 5a000000 
0001f4d0: 64000000 5b000000 65000000 5b000000 
0001f4e0: 66000000 5a000000 67000000 5a000000 
0001f4f0: 66000000 5b000000 67000000 5b000000 
0001f500: 60000000 5c000000 61000000 5c000000 
0001f510: 60000000 5d000000 61000000 5d000000 
0001f520: 62000000 5c000000 63000000 5c000000 
0001f530: 62000000 5d000000 63000000 5d000000 
0001f540: 60000000 5e000000 61000000 5e000000 
0001f550: 60000000 5f000000 61000000 5f000000 
0001f560: 62000000 5e000000 63000000 5e000000 
0001f570: 62000000 5f000000 63000000 5f000000 
0001f580: 64000000 5c000000 65000000 5c000000 
0001f590: 64000000 5d000000 65000000 5d000000 
0001f5a0: 66000000 5c000000 67000000 5c000000 
0001f5b0: 66000000 5d000000 67000000 5d000000 
0001f5c0: 64000000 5e000000 65000000 5e000000 
0001f5d0: 64000000 5f000000 65000000 5f000000 
0001f5e0: 66000000 5e000000 67000000 5e000000 
0001f5f0: 66000000 5f000000 67000000 5f000000 
0001f600: 68000000 58000000 69000000 58000000 
0001f610: 68000000 59000000 69000000 59000000 
0001f620: 6a000000 58000000 6b000000 58000000 
0001f630: 6a000000 59000000 6b000000 59000000 
0001f640: 68000000 5a000000 69000000 5a000000 
0001f650: 68000000 5b000000 69000000 5b000000 
0001f660: 6a000000 5a000000 6b000000 5a000000 
0001f670: 6a000000 5b000000 6b000000 5b000000 
0001f680: 6c000000 58000000 6d000000 58000000 
0001f690: 6c000000 59000000 6d000000 59000000 
0001f6a0: 6e000000 58000000 6f000000 58000000 
0001f6b0: 6e000000 59000000 6f000000 59000000 
0001f6c0: 6c000000 5a000000 6d000000 5a000000 
0001f6d0: 6c000000 5b000000 6d000000 5b000000 
0001f6e0: 6e000000 5a000000 6f000000 5a000000 
0001f6f0: 6e000000 5b000000 6f000000 5b000000 
0001f700: 68000000 5c000000 69000000 5c000000 
0001f710: 68000000 5d000000 69000000 5d000000 
0001f720: 6a000000 5c000000 6b000000 5c000000 
0001f730: 6a000000 5d000000 6b000000 5d000000 
0001f740: 68000000 5e000000 69000000 5e000000 
0001f750: 68000000 5f000000 69000000 5f000000 
0001f760: 6a000000 5e000000 6b000000 5e000000 
0001f770: 6a000000 5f000000 6b000000 5f000000 
0001f780: 6c000000 5c000000 6d000000 5c000000 
0001f790: 6c000000 5d000000 6d000000 5d000000 
0001f7a0: 6e000000 5c000000 6f000000 5c000000 
0001f7b0: 6e000000 5d000000 6f000000 5d000000 
0001f7c0: 6c000000 5e000000 6d000000 5e000000 
0001f7d0: 6c000000 5f000000 6d000000 5f000000 
0001f7e0: 6e000000 5e000000 6f000000 5e000000 
0001f7f0: 6e000000 5f000000 6f000000 5f000000 
0001f800: 70000000 50000000 71000000 50000000 
0001f810: 70000000 51000000 71000000 51000000 
0001f820: 72000000 50000000 73000000 50000000 
0001f830: 72000000 51000000 73000000 51000000 
0001f840: 70000000 52000000 71000000 52000000 
0001f850: 70000000 53000000 71000000 53000000 
0001f860: 72000000 52000000 73000000 52000000 
0001f870: 72000000 53000000 73000000 53000000 
0001f880: 74000000 50000000 75000000 50000000 
0001f890: 74000000 51000000 75000000 51000000 
0001f8a0: 76000000 50000000 77000000 50000000 
0001f8b0: 76000000 51000000 77000000 51000000 
0001f8c0: 74000000 52000000 75000000 52000000 
0001f8d0: 74000000 53000000 75000000 53000000 
0001f8e0: 76000000 52000000 77000000 52000000 
0001f8f0: 76000000 53000000 77000000 53000000 
0001f900: 70000000 54000000 71000000 54000000 
0001f910: 70000000 55000000 71000000 55000000 
0001f920: 72000000 54000000 73000000 54000000 
0001f930: 72000000 55000000 73000000 55000000 
0001f940: 70000000 56000000 71000000 56000000 
0001f950: 70000000 57000000 71000000 57000000 
0001f960: 72000000 56000000 73000000 56000000 
0001f970: 72000000 57000000 73000000 57000000 
0001f980: 74000000 54000000 75000000 54000000 
0001f990: 74000000 55000000 75000000 55000000 
0001f9a0: 76000000 54000000 77000000 54000000 
0001f9b0: 76000000 55000000 77000000 55000000 
0001f9c0: 74000000 56000000 75000000 56000000 
0001f9d0: 74000000 57000000 75000000 57000000 
0001f9e0: 76000000 56000000 77000000 56000000 
0001f9f0: 76000000 57000000 77000000 57000000 
0001fa00: 78000000 50000000 79000000 50000000 
0001fa10: 78000000 51000000 79000000 51000000 
0001fa20: 7a000000 50000000 7b000000 50000000 
0001fa30: 7a000000 51000000 7b000000 51000000 
0001fa40: 78000000 52000000 79000000 52000000 
0001fa50: 78000000 53000000 79000000 53000000 
0001fa60: 7a000000 52000000 7b000000 52000000 
0001fa70: 7a000000 53000000 7b000000 53000000 
0001fa80: 7c000000 50000000 7d000000 50000000 
0001fa90: 7c000000 51000000 7d000000 51000000 
0001faa0: 7e000000 50000000 7f000000 50000000 
0001fab0: 7e000000 51000000 7f000000 51000000 
0001fac0: 7c000000 52000000 7d000000 52000000 
0001fad0: 7c000000 53000000 7d000000 53000000 
0001fae0: 7e000000 52000000 7f000000 52000000 
0001faf0: 7e000000 53000000 7f000000 53000000 
0001fb00: 78000000 54000000 79000000 54000000 
0001fb10: 78000000 55000000 79000000 55000000 
0001fb20: 7a000000 54000000 7b000000 54000000 
0001fb30: 7a000000 55000000 7b000000 55000000 
0001fb40: 78000000 56000000 79000000 56000000 
0001fb50: 78000000 57000000 79000000 57000000 
0001fb60: 7a000000 56000000 7b000000 56000000 
0001fb70: 7a000000 57000000 7b000000 57000000 
0001fb80: 7c000000 54000000 7d000000 54000000 
0001fb90: 7c000000 55000000 7d000000 55000000 
0001fba0: 7e000000 54000000 7f000000 54000000 
0001fbb0: 7e000000 55000000 7f000000 55000000 
0001fbc0: 7c000000 56000000 7d000000 56000000 
0001fbd0: 7c000000 57000000 7d000000 57000000 
0001fbe0: 7e000000 56000000 7f000000 56000000 
0001fbf0: 7e000000 57000000 7f000000 57000000 
0001fc00: 70000000 58000000 71000000 58000000 
0001fc10: 70000000 59000000 71000000 59000000 
0001fc20: 72000000 58000000 73000000 58000000 
0001fc30: 72000000 59000000 73000000 59000000 
0001fc40: 70000000 5a000000 71000000 5a000000 
0001fc50: 70000000 5b000000 71000000 5b000000 
0001fc60: 72000000 5a000000 73000000 5a000000 
0001fc70: 72000000 5b000000 73000000 5b000000 
0001fc80: 74000000 58000000 75000000 58000000 
0001fc90: 74000000 59000000 75000000 59000000 
0001fca0: 76000000 58000000 77000000 58000000 
0001fcb0: 76000000 59000000 77000000 59000000 
0001fcc0: 74000000 5a000000 75000000 5a000000 
0001fcd0: 74000000 5b000000 75000000 5b000000 
0001fce0: 76000000 5a000000 77000000 5a000000 
0001fcf0: 76000000 5b000000 77000000 5b000000 
0001fd00: 70000000 5c000000 71000000 5c000000 
0001fd10: 70000000 5d000000 71000000 5d000000 
0001fd20: 72000000 5c000000 73000000 5c000000 
0001fd30: 72000000 5d000000 73000000 5d000000 
0001fd40: 70000000 5e000000 71000000 5e000000 
0001fd50: 70000000 5f000000 71000000 5f000000 
0001fd60: 72000000 5e000000 73000000 5e000000 
0001fd70: 72000000 5f000000 73000000 5f000000 
0001fd80: 74000000 5c000000 75000000 5c000000 
0001fd90: 74000000 5d000000 75000000 5d000000 
0001fda0: 76000000 5c000000 77000000 5c000000 
0001fdb0: 76000000 5d000000 77000000 5d000000 
0001fdc0: 74000000 5e000000 75000000 5e000000 
0001fdd0: 74000000 5f000000 75000000 5f000000 
0001fde0: 76000000 5e000000 77000000 5e000000 
0001fdf0: 76000000 5f000000 77000000 5f000000 
0001fe00: 78000000 58000000 79000000 58000000 
0001fe10: 78000000 59000000 79000000 59000000 
0001fe20: 7a000000 58000000 7b000000 58000000 
0001fe30: 7a000000 59000000 7b000000 59000000 
0001fe40: 78000000 5a000000 79000000 5a000000 
0001fe50: 78000000 5b000000 79000000 5b000000 
0001fe60: 7a000000 5a000000 7b000000 5a000000 
0001fe70: 7a000000 5b000000 7b000000 5b000000 
0001fe80: 7c000000 58000000 7d000000 58000000 
0001fe90: 7c000000 59000000 7d000000 59000000 
0001fea0: 7e000000 58000000 7f000000 58000000 
0001feb0: 7e000000 59000000 7f000000 59000000 
0001fec0: 7c000000 5a000000 7d000000 5a000000 
0001fed0: 7c000000 5b000000 7d000000 5b000000 
0001fee0: 7e000000 5a000000 7f000000 5a000000 
0001fef0: 7e000000 5b000000 7f000000 5b000000 
0001ff00: 78000000 5c000000 79000000 5c000000 
0001ff10: 78000000 5d000000 79000000 5d000000 
0001ff20: 7a000000 5c000000 7b000000 5c000000 
0001ff30: 7a000000 5d000000 7b000000 5d000000 
0001ff40: 78000000 5e000000 79000000 5e000000 
0001ff50: 78000000 5f000000 79000000 5f000000 
0001ff60: 7a000000 5e000000 7b000000 5e000000 
0001ff70: 7a000000 5f000000 7b000000 5f000000 
0001ff80: 7c000000 5c000000 7d000000 5c000000 
0001ff90: 7c000000 5d000000 7d000000 5d000000 
0001ffa0: 7e000000 5c000000 7f000000 5c000000 
0001ffb0: 7e000000 5d000000 7f000000 5d000000 
0001ffc0: 7c000000 5e000000 7d000000 5e000000 
0001ffd0: 7c000000 5f000000 7d000000 5f000000 
0001ffe0: 7e000000 5e000000 7f000000 5e000000 
0001fff0: 7e000000 5f000000 7f000000 5f000000 
00020000: 80000000 40000000 81000000 40000000 
00020010: 80000000 41000000 81000000 41000000 
00020020: 82000000 40000000 83000000 40000000 
00020030: 82000000 41000000 83000000 41000000 
00020040: 80000000 42000000 81000000 42000000 
00020050: 80000000 43000000 81000000 43000000 
00020060: 82000000 42000000 83000000 42000000 
00020070: 82000000 43000000 83000000 43000000 
00020080: 84000000 40000000 85000000 40000000 
00020090: 84000000 41000000 85000000 41000000 
000200a0: 86000000 40000000 87000000 40000000 
000200b0: 86000000 41000000 87000000 41000000 
000200c0: 84000000 42000000 85000000 42000000 
000200d0: 84000000 43000000 85000000 43000000 
000200e0: 86000000 42000000 87000000 42000000 
000200f0: 86000000 43000000 87000000 43000000 
00020100: 80000000 44000000 81000000 44000000 
00020110: 80000000 45000000 81000000 45000000 
00020120: 82000000 44000000 83000000 44000000 
00020130: 82000000 45000000 83000000 45000000 
00020140: 80000000 46000000 81000000 46000000 
00020150: 80000000 47000000 81000000 47000000 
00020160: 82000000 46000000 83000000 46000000 
00020170: 82000000 47000000 83000000 47000000 
00020180: 84000000 44000000 85000000 44000000 
00020190: 84000000 45000000 85000000 45000000 
000201a0: 86000000 44000000 87000000 44000000 
000201b0: 86000000 45000000 87000000 45000000 
000201c0: 84000000 46000000 85000000 46000000 
000201d0: 84000000 47000000 85000000 47000000 
000201e0: 86000000 46000000 87000000 46000000 
000201f0: 86000000 47000000 87000000 47000000 
00020200: 88000000 40000000 89000000 40000000 
00020210: 88000000 41000000 89000000 41000000 
00020220: 8a000000 40000000 8b000000 40000000 
00020230: 8a000000 41000000 8b000000 41000000 
00020240: 88000000 42000000 89000000 42000000 
00020250: 88000000 43000000 89000000 43000000 
00020260: 8a000000 42000000 8b000000 42000000 
00020270: 8a000000 43000000 8b000000 43000000 
00020280: 8c000000 40000000 8d000000 40000000 
00020290: 8c000000 41000000 8d000000 41000000 
000202a0: 8e000000 40000000 8f000000 40000000 
000202b0: 8e000000 41000000 8f000000 41000000 
000202c0: 8c000000 42000000 8d000000 42000000 
000202d0: 8c000000 43000000 8d000000 43000000 
000202e0: 8e000000 42000000 8f000000 42000000 
000202f0: 8e000000 43000000 8f000000 43000000 
00020300: 88000000 44000000 89000000 44000000 
00020310: 88000000 45000000 89000000 45000000 
00020320: 8a000000 44000000 8b000000 44000000 
00020330: 8a000000 45000000 8b000000 45000000 
00020340: 88000000 46000000 89000000 46000000 
00020350: 88000000 47000000 89000000 47000000 
00020360: 8a000000 46000000 8b000000 46000000 
00020370: 8a000000 47000000 8b000000 47000000 
00020380: 8c000000 44000000 8d000000 44000000 
00020390: 8c000000 45000000 8d000000 45000000 
000203a0: 8e000000 44000000 8f000000 44000000 
000203b0: 8e000000 45000000 8f000000 45000000 
000203c0: 8c000000 46000000 8d000000 46000000 
000203d0: 8c000000 47000000 8d000000 47000000 
000203e0: 8e000000 46000000 8f000000 46000000 
000203f0: 8e000000 47000000 8f000000 47000000 
00020400: 80000000 48000000 81000000 48000000 
00020410: 80000000 49000000 81000000 49000000 
00020420: 82000000 48000000 83000000 48000000 
00020430: 82000000 49000000 83000000 49000000 
00020440: 80000000 4a000000 81000000 4a000000 
00020450: 80000000 4b000000 81000000 4b000000 
00020460: 82000000 4a000000 83000000 4a000000 
00020470: 82000000 4b000000 83000000 4b000000 
00020480: 84000000 48000000 85000000 48000000 
00020490: 84000000 49000000 85000000 49000000 
000204a0: 86000000 48000000 87000000 48000000 
000204b0: 86000000 49000000 87000000 49000000 
000204c0: 84000000 4a000000 85000000 4a000000 
000204d0: 84000000 4b000000 85000000 4b000000 
000204e0: 86000000 4a000000 87000000 4a000000 
000204f0: 86000000 4b000000 87000000 4b000000 
00020500: 80000000 4c000000 81000000 4c000000 
00020510: 80000000 4d000000 81000000 4d000000 
00020520: 82000000 4c000000 83000000 4c000000 
00020530: 82000000 4d000000 83000000 4d000000 
00020540: 80000000 4e000000 81000000 4e000000 
00020550: 80000000 4f000000 81000000 4f000000 
00020560: 82000000 4e000000 83000000 4e000000 
00020570: 82000000 4f000000 83000000 4f000000 
00020580: 84000000 4c000000 85000000 4c000000 
00020590: 84000000 4d000000 85000000 4d000000 
000205a0: 86000000 4c000000 87000000 4c000000 
000205b0: 86000000 4d000000 87000000 4d000000 
000205c0: 84000000 4e000000 85000000 4e000000 
000205d0: 84000000 4f000000 85000000 4f000000 
000205e0: 86000000 4e000000 87000000 4e000000 
000205f0: 86000000 4f000000 87000000 4f000000 
00020600: 88000000 48000000 89000000 48000000 
00020610: 88000000 49000000 89000000 49000000 
00020620: 8a000000 48000000 8b000000 48000000 
00020630: 8a000000 49000000 8b000000 49000000 
00020640: 88000000 4a000000 89000000 4a000000 
00020650: 88000000 4b000000 89000000 4b000000 
00020660: 8a000000 4a000000 8b000000 4a000000 
00020670: 8a000000 4b000000 8b000000 4b000000 
00020680: 8c000000 48000000 8d000000 48000000 
00020690: 8c000000 49000000 8d000000 49000000 
000206a0: 8e000000 48000000 8f000000 48000000 
000206b0: 8e000000 49000000 8f000000 49000000 
000206c0: 8c000000 4a000000 8d000000 4a000000 
000206d0: 8c000000 4b000000 8d000000 4b000000 
000206e0: 8e000000 4a000000 8f000000 4a000000 
000206f0: 8e000000 4b000000 8f000000 4b000000 
00020700: 88000000 4c000000 89000000 4c000000 
00020710: 88000000 4d000000 89000000 4d000000 
00020720: 8a000000 4c000000 8b000000 4c000000 
00020730: 8a000000 4d000000 8b000000 4d000000 
00020740: 88000000 4e000000 89000000 4e000000 
00020750: 88000000 4f000000 89000000 4f000000 
00020760: 8a000000 4e000000 8b000000 4e000000 
00020770: 8a000000 4f000000 8b000000 4f000000 
00020780: 8c000000 4c000000 8d000000 4c000000 
00020790: 8c000000 4d000000 8d000000 4d000000 
000207a0: 8e000000 4c000000 8f000000 4c000000 
000207b0: 8e000000 4d000000 8f000000 4d000000 
000207c0: 8c000000 4e000000 8d000000 4e000000 
000207d0: 8c000000 4f000000 8d000000 4f000000 
000207e0: 8e000000 4e000000 8f000000 4e000000 
000207f0: 8e000000 4f000000 8f000000 4f000000 
00020800: 90000000 40000000 91000000 40000000 
00020810: 90000000 41000000 91000000 41000000 
00020820: 92000000 40000000 93000000 40000000 
00020830: 92000000 41000000 93000000 41000000 
00020840: 90000000 42000000 91000000 42000000 
00020850: 90000000 43000000 91000000 43000000 
00020860: 92000000 42000000 93000000 42000000 
00020870: 92000000 43000000 93000000 43000000 
00020880: 94000000 40000000 95000000 40000000 
00020890: 94000000 41000000 95000000 41000000 
000208a0: 96000000 40000000 97000000 40000000 
000208b0: 96000000 41000000 97000000 41000000 
000208c0: 94000000 42000000 95000000 42000000 
000208d0: 94000000 43000000 95000000 43000000 
000208e0: 96000000 42000000 97000000 42000000 
000208f0: 96000000 43000000 97000000 43000000 
00020900: 90000000 44000000 91000000 44000000 
00020910: 90000000 45000000 91000000 45000000 
00020920: 92000000 44000000 93000000 44000000 
00020930: 92000000 45000000 93000000 45000000 
00020940: 90000000 46000000 91000000 46000000 
00020950: 90000000 47000000 91000000 47000000 
00020960: 92000000 46000000 93000000 46000000 
00020970: 92000000 47000000 93000000 47000000 
00020980: 94000000 44000000 95000000 44000000 
00020990: 94000000 45000000 95000000 45000000 
000209a0: 96000000 44000000 97000000 44000000 
000209b0: 96000000 45000000 97000000 45000000 
000209c0: 94000000 46000000 95000000 46000000 
000209d0: 94000000 47000000 95000000 47000000 
000209e0: 96000000 46000000 97000000 46000000 
000209f0: 96000000 47000000 97000000 47000000 
00020a00: 98000000 40000000 99000000 40000000 
00020a10: 98000000 41000000 99000000 41000000 
00020a20: 9a000000 40000000 9b000000 40000000 
00020a30: 9a000000 41000000 9b000000 41000000 
00020a40: 98000000 42000000 99000000 42000000 
00020a50: 98000000 43000000 99000000 43000000 
00020a60: 9a000000 42000000 9b000000 42000000 
00020a70: 9a000000 43000000 9b000000 43000000 
00020a80: 9c000000 40000000 9d000000 40000000 
00020a90: 9c000000 41000000 9d000000 41000000 
00020aa0: 9e000000 40000000 9f000000 40000000 
00020ab0: 9e000000 41000000 9f000000 41000000 
00020ac0: 9c000000 42000000 9d000000 42000000 
00020ad0: 9c000000 43000000 9d000000 43000000 
00020ae0: 9e000000 42000000 9f000000 42000000 
00020af0: 9e000000 43000000 9f000000 43000000 
00020b00: 98000000 44000000 99000000 44000000 
00020b10: 98000000 45000000 99000000 45000000 
00020b20: 9a000000 44000000 9b000000 44000000 
00020b30: 9a000000 45000000 9b000000 45000000 
00020b40: 98000000 46000000 99000000 46000000 
00020b50: 98000000 47000000 99000000 47000000 
00020b60: 9a000000 46000000 9b000000 46000000 
00020b70: 9a000000 47000000 9b000000 47000000 
00020b80: 9c000000 44000000 9d000000 44000000 
00020b90: 9c000000 45000000 9d000000 45000000 
00020ba0: 9e000000 44000000 9f000000 44000000 
00020bb0: 9e000000 45000000 9f000000 45000000 
00020bc0: 9c000000 46000000 9d000000 46000000 
00020bd0: 9c000000 47000000 9d000000 47000000 
00020be0: 9e000000 46000000 9f000000 46000000 
00020bf0: 9e000000 47000000 9f000000 47000000 
00020c00: 90000000 48000000 91000000 48000000 
00020c10: 90000000 49000000 91000000 49000000 
00020c20: 92000000 48000000 93000000 48000000 
00020c30: 92000000 49000000 93000000 49000000 
00020c40: 90000000 4a000000 91000000 4a000000 
00020c50: 90000000 4b000000 91000000 4b000000 
00020c60: 92000000 4a000000 93000000 4a000000 
00020c70: 92000000 4b000000 93000000 4b000000 
00020c80: 94000000 48000000 95000000 48000000 
00020c90: 94000000 49000000 95000000 49000000 
00020ca0: 96000000 48000000 97000000 48000000 
00020cb0: 96000000 49000000 97000000 49000000 
00020cc0: 94000000 4a000000 95000000 4a000000 
00020cd0: 94000000 4b000000 95000000 4b000000 
00020ce0: 96000000 4a000000 97000000 4a000000 
00020cf0: 96000000 4b000000 97000000 4b000000 
00020d00: 90000000 4c000000 91000000 4c000000 
00020d10: 90000000 4d000000 91000000 4d000000 
00020d20: 92000000 4c000000 93000000 4c000000 
00020d30: 92000000 4d000000 93000000 4d000000 
00020d40: 90000000 4e000000 91000000 4e000000 
00020d50: 90000000 4f000000 91000000 4f000000 
00020d60: 92000000 4e000000 93000000 4e000000 
00020d70: 92000000 4f000000 93000000 4f000000 
00020d80: 94000000 4c000000 95000000 4c000000 
00020d90: 94000000 4d000000 95000000 4d000000 
00020da0: 96000000 4c000000 97000000 4c000000 
00020db0: 96000000 4d000000 97000000 4d000000 
00020dc0: 94000000 4e000000 95000000 4e000000 
00020dd0: 94000000 4f000000 95000000 4f000000 
00020de0: 96000000 4e000000 97000000 4e000000 
00020df0: 96000000 4f000000 97000000 4f000000 
00020e00: 98000000 48000000 99000000 48000000 
00020e10: 98000000 49000000 99000000 49000000 
00020e20: 9a000000 48000000 9b000000 48000000 
00020e30: 9a000000 49000000 9b000000 49000000 
00020e40: 98000000 4a000000 99000000 4a000000 
00020e50: 98000000 4b000000 99000000 4b000000 
00020e60: 9a000000 4a000000 9b000000 4a000000 
00020e70: 9a000000 4b000000 9b000000 4b000000 
00020e80: 9c000000 48000000 9d000000 48000000 
00020e90: 9c000000 49000000 9d000000 49000000 
00020ea0: 9e000000 48000000 9f000000 48000000 
00020eb0: 9e000000 49000000 9f000000 49000000 
00020ec0: 9c000000 4a000000 9d000000 4a000000 
00020ed0: 9c000000 4b000000 9d000000 4b000000 
00020ee0: 9e000000 4a000000 9f000000 4a000000 
00020ef0: 9e000000 4b000000 9f000000 4b000000 
00020f00: 98000000 4c000000 99000000 4c000000 
00020f10: 98000000 4d000000 99000000 4d000000 
00020f20: 9a000000 4c000000 9b000000 4c000000 
00020f30: 9a000000 4d000000 9b000000 4d000000 
00020f40: 98000000 4e000000 99000000 4e000000 
00020f50: 98000000 4f000000 99000000 4f000000 
00020f60: 9a000000 4e000000 9b000000 4e000000 
00020f70: 9a000000 4f000000 9b000000 4f000000 
00020f80: 9c000000 4c000000 9d000000 4c000000 
00020f90: 9c000000 4d000000 9d000000 4d000000 
00020fa0: 9e000000 4c000000 9f000000 4c000000 
00020fb0: 9e000000 4d000000 9f000000 4d000000 
00020fc0: 9c000000 4e000000 9d000000 4e000000 
00020fd0: 9c000000 4f000000 9d000000 4f000000 
00020fe0: 9e000000 4e000000 9f000000 4e000000 
00020ff0: 9e000000 4f000000 9f000000 4f000000 
00021000: 80000000 50000000 81000000 50000000 
00021010: 80000000 51000000 81000000 51000000 
00021020: 82000000 50000000 83000000 50000000 
00021030: 82000000 51000000 83000000 51000000 
00021040: 80000000 52000000 81000000 52000000 
00021050: 80000000 53000000 81000000 53000000 
00021060: 82000000 52000000 83000000 52000000 
00021070: 82000000 53000000 83000000 53000000 
00021080: 84000000 50000000 85000000 50000000 
00021090: 84000000 51000000 85000000 51000000 
000210a0: 86000000 50000000 87000000 50000000 
000210b0: 86000000 51000000 87000000 51000000 
000210c0: 84000000 52000000 85000000 52000000 
000210d0: 84000000 53000000 85000000 53000000 
000210e0: 86000000 52000000 87000000 52000000 
000210f0: 86000000 53000000 87000000 53000000 
00021100: 80000000 54000000 81000000 54000000 
00021110: 80000000 55000000 81000000 55000000 
00021120: 82000000 54000000 83000000 54000000 
00021130: 82000000 55000000 83000000 55000000 
00021140: 80000000 56000000 81000000 56000000 
00021150: 80000000 57000000 81000000 57000000 
00021160: 82000000 56000000 83000000 56000000 
00021170: 82000000 57000000 83000000 57000000 
00021180: 84000000 54000000 85000000 54000000 
00021190: 84000000 55000000 85000000 55000000 
000211a0: 86000000 54000000 87000000 54000000 
000211b0: 86000000 55000000 87000000 55000000 
000211c0: 84000000 56000000 85000000 56000000 
000211d0: 84000000 57000000 85000000 57000000 
000211e0: 86000000 56000000 87000000 56000000 
000211f0: 86000000 57000000 87000000 57000000 
00021200: 88000000 50000000 89000000 50000000 
00021210: 88000000 51000000 89000000 51000000 
00021220: 8a000000 50000000 8b000000 50000000 
00021230: 8a000000 51000000 8b000000 51000000 
00021240: 88000000 52000000 89000000 52000000 
00021250: 88000000 53000000 89000000 53000000 
00021260: 8a000000 52000000 8b000000 52000000 
00021270: 8a000000 53000000 8b000000 53000000 
00021280: 8c000000 50000000 8d000000 50000000 
00021290: 8c000000 51000000 8d000000 51000000 
000212a0: 8e000000 50000000 8f000000 50000000 
000212b0: 8e000000 51000000 8f000000 51000000 
000212c0: 8c000000 52000000 8d000000 52000000 
000212d0: 8c000000 53000000 8d000000 53000000 
000212e0: 8e000000 52000000 8f000000 52000000 
000212f0: 8e000000 53000000 8f000000 53000000 
00021300: 88000000 54000000 89000000 54000000 
00021310: 88000000 55000000 89000000 55000000 
00021320: 8a000000 54000000 8b000000 54000000 
00021330: 8a000000 55000000 8b000000 55000000 
00021340: 88000000 56000000 89000000 56000000 
00021350: 88000000 57000000 89000000 57000000 
00021360: 8a000000 56000000 8b000000 56000000 
00021370: 8a000000 57000000 8b000000 57000000 
00021380: 8c000000 54000000 8d000000 54000000 
00021390: 8c000000 55000000 8d000000 55000000 
000213a0: 8e000000 54000000 8f000000 54000000 
000213b0: 8e000000 55000000 8f000000 55000000 
000213c0: 8c000000 56000000 8d000000 56000000 
000213d0: 8c000000 57000000 8d000000 57000000 
000213e0: 8e000000 56000000 8f000000 56000000 
000213f0: 8e000000 57000000 8f000000 57000000 
00021400: 80000000 58000000 81000000 58000000 
00021410: 80000000 59000000 81000000 59000000 
00021420: 82000000 58000000 83000000 58000000 
00021430: 82000000 59000000 83000000 59000000 
00021440: 80000000 5a000000 81000000 5a000000 
00021450: 80000000 5b000000 81000000 5b000000 
00021460: 82000000 5a000000 83000000 5a000000 
00021470: 82000000 5b000000 83000000 5b000000 
00021480: 84000000 58000000 85000000 58000000 
00021490: 84000000 59000000 85000000 59000000 
000214a0: 86000000 58000000 87000000 58000000 
000214b0: 86000000 59000000 87000000 59000000 
000214c0: 84000000 5a000000 85000000 5a000000 
000214d0: 84000000 5b000000 85000000 5b000000 
000214e0: 86000000 5a000000 87000000 5a000000 
000214f0: 86000000 5b000000 87000000 5b000000 
00021500: 80000000 5c000000 81000000 5c000000 
00021510: 80000000 5d000000 81000000 5d000000 
00021520: 82000000 5c000000 83000000 5c000000 
00021530: 82000000 5d000000 83000000 5d000000 
00021540: 80000000 5e000000 81000000 5e000000 
00021550: 80000000 5f000000 81000000 5f000000 
00021560: 82000000 5e000000 83000000 5e000000 
00021570: 82000000 5f000000 83000000 5f000000 
00021580: 84000000 5c000000 85000000 5c000000 
00021590: 84000000 5d000000 85000000 5d000000 
000215a0: 86000000 5c000000 87000000 5c000000 
000215b0: 86000000 5d000000 87000000 5d000000 
000215c0: 84000000 5e000000 85000000 5e000000 
000215d0: 84000000 5f000000 85000000 5f000000 
000215e0: 86000000 5e000000 87000000 5e000000 
000215f0: 86000000 5f000000 87000000 5f000000 
00021600: 88000000 58000000 89000000 58000000 
00021610: 88000000 59000000 89000000 59000000 
00021620: 8a000000 58000000 8b000000 58000000 
00021630: 8a000000 59000000 8b000000 59000000 
00021640: 88000000 5a000000 89000000 5a000000 
00021650: 88000000 5b000000 89000000 5b000000 
00021660: 8a000000 5a000000 8b000000 5a000000 
00021670: 8a000000 5b000000 8b000000 5b000000 
00021680: 8c000000 58000000 8d000000 58000000 
00021690: 8c000000 59000000 8d000000 59000000 
000216a0: 8e000000 58000000 8f000000 58000000 
000216b0: 8e000000 59000000 8f000000 59000000 
000216c0: 8c000000 5a000000 8d000000 5a000000 
000216d0: 8c000000 5b000000 8d000000 5b000000 
000216e0: 8e000000 5a000000 8f000000 5a000000 
000216f0: 8e000000 5b000000 8f000000 5b000000 
00021700: 88000000 5c000000 89000000 5c000000 
00021710: 88000000 5d000000 89000000 5d000000 
00021720: 8a000000 5c000000 8b000000 5c000000 
00021730: 8a000000 5d000000 8b000000 5d000000 
00021740: 88000000 5e000000 89000000 5e000000 
00021750: 88000000 5f000000 89000000 5f000000 
00021760: 8a000000 5e000000 8b000000 5e000000 
00021770: 8a000000 5f000000 8b000000 5f000000 
00021780: 8c000000 5c000000 8d000000 5c000000 
00021790: 8c000000 5d000000 8d000000 5d000000 
000217a0: 8e000000 5c000000 8f000000 5c000000 
000217b0: 8e000000 5d000000 8f000000 5d000000 
000217c0: 8c000000 5e000000 8d000000 5e000000 
000217d0: 8c000000 5f000000 8d000000 5f000000 
000217e0: 8e000000 5e000000 8f000000 5e000000 
000217f0: 8e000000 5f000000 8f000000 5f000000 
00021800: 90000000 50000000 91000000 50000000 
00021810: 90000000 51000000 91000000 51000000 
00021820: 92000000 50000000 93000000 50000000 
00021830: 92000000 51000000 93000000 51000000 
00021840: 90000000 52000000 91000000 52000000 
00021850: 90000000 53000000 91000000 53000000 
00021860: 92000000 52000000 93000000 52000000 
00021870: 92000000 53000000 93000000 53000000 
00021880: 94000000 50000000 95000000 50000000 
00021890: 94000000 51000000 95000000 51000000 
000218a0: 96000000 50000000 97000000 50000000 
000218b0: 96000000 51000000 97000000 51000000 
000218c0: 94000000 52000000 95000000 52000000 
000218d0: 94000000 53000000 95000000 53000000 
000218e0: 96000000 52000000 97000000 52000000 
000218f0: 96000000 53000000 97000000 53000000 
00021900: 90000000 54000000 91000000 54000000 
00021910: 90000000 55000000 91000000 55000000 
00021920: 92000000 54000000 93000000 54000000 
00021930: 92000000 55000000 93000000 55000000 
00021940: 90000000 56000000 91000000 56000000 
00021950: 90000000 57000000 91000000 57000000 
00021960: 92000000 56000000 93000000 56000000 
00021970: 92000000 57000000 93000000 57000000 
00021980: 94000000 54000000 95000000 54000000 
00021990: 94000000 55000000 95000000 55000000 
000219a0: 96000000 54000000 97000000 54000000 
000219b0: 96000000 55000000 97000000 55000000 
000219c0: 94000000 56000000 95000000 56000000 
000219d0: 94000000 57000000 95000000 57000000 
000219e0: 96000000 56000000 97000000 56000000 
000219f0: 96000000 57000000 97000000 57000000 
00021a00: 98000000 50000000 99000000 50000000 
00021a10: 98000000 51000000 99000000 51000000 
00021a20: 9a000000 50000000 9b000000 50000000 
00021a30: 9a000000 51000000 9b000000 51000000 
00021a40: 98000000 52000000 99000000 52000000 
00021a50: 98000000 53000000 99000000 53000000 
00021a60: 9a000000 52000000 9b000000 52000000 
00021a70: 9a000000 53000000 9b000000 53000000 
00021a80: 9c000000 50000000 9d000000 50000000 
00021a90: 9c000000 51000000 9d000000 51000000 
00021aa0: 9e000000 50000000 9f000000 50000000 
00021ab0: 9e000000 51000000 9f000000 51000000 
00021ac0: 9c000000 52000000 9d000000 52000000 
00021ad0: 9c000000 53000000 9d000000 53000000 
00021ae0: 9e000000 52000000 9f000000 52000000 
00021af0: 9e000000 53000000 9f000000 53000000 
00021b00: 98000000 54000000 99000000 54000000 
00021b10: 98000000 55000000 99000000 55000000 
00021b20: 9a000000 54000000 9b000000 54000000 
00021b30: 9a000000 55000000 9b000000 55000000 
00021b40: 98000000 56000000 99000000 56000000 
00021b50: 98000000 57000000 99000000 57000000 
00021b60: 9a000000 56000000 9b000000 56000000 
00021b70: 9a000000 57000000 9b000000 57000000 
00021b80: 9c000000 54000000 9d000000 54000000 
00021b90: 9c000000 55000000 9d000000 55000000 
00021ba0: 9e000000 54000000 9f000000 54000000 
00021bb0: 9e000000 55000000 9f000000 55000000 
00021bc0: 9c000000 56000000 9d000000 56000000 
00021bd0: 9c000000 57000000 9d000000 57000000 
00021be0: 9e000000 56000000 9f000000 56000000 
00021bf0: 9e000000 57000000 9f000000 57000000 
00021c00: 90000000 58000000 91000000 58000000 
00021c10: 90000000 59000000 91000000 59000000 
00021c20: 92000000 58000000 93000000 58000000 
00021c30: 92000000 59000000 93000000 59000000 
00021c40: 90000000 5a000000 91000000 5a000000 
00021c50: 90000000 5b000000 91000000 5b000000 
00021c60: 92000000 5a000000 93000000 5a000000 
00021c70: 92000000 5b000000 93000000 5b000000 
00021c80: 94000000 58000000 95000000 58000000 
00021c90: 94000000 59000000 95000000 59000000 
00021ca0: 96000000 58000000 97000000 58000000 
00021cb0: 96000000 59000000 97000000 59000000 
00021cc0: 94000000 5a000000 95000000 5a000000 
00021cd0: 94000000 5b000000 95000000 5b000000 
00021ce0: 96000000 5a000000 97000000 5a000000 
00021cf0: 96000000 5b000000 97000000 5b000000 
00021d00: 90000000 5c000000 91000000 5c000000 
00021d10: 90000000 5d000000 91000000 5d000000 
00021d20: 92000000 5c000000 93000000 5c000000 
00021d30: 92000000 5d000000 93000000 5d000000 
00021d40: 90000000 5e000000 91000000 5e000000 
00021d50: 90000000 5f000000 91000000 5f000000 
00021d60: 92000000 5e000000 93000000 5e000000 
00021d70: 92000000 5f000000 93000000 5f000000 
00021d80: 94000000 5c000000 95000000 5c000000 
00021d90: 94000000 5d000000 95000000 5d000000 
00021da0: 96000000 5c000000 97000000 5c000000 
00021db0: 96000000 5d000000 97000000 5d000000 
00021dc0: 94000000 5e000000 95000000 5e000000 
00021dd0: 94000000 5f000000 95000000 5f000000 
00021de0: 96000000 5e000000 97000000 5e000000 
00021df0: 96000000 5f000000 97000000 5f000000 
00021e00: 98000000 58000000 99000000 58000000 
00021e10: 98000000 59000000 99000000 59000000 
00021e20: 9a000000 58000000 9b000000 58000000 
00021e30: 9a000000 59000000 9b000000 59000000 
00021e40: 98000000 5a000000 99000000 5a000000 
00021e50: 98000000 5b000000 99000000 5b000000 
00021e60: 9a000000 5a000000 9b000000 5a000000 
00021e70: 9a000000 5b000000 9b000000 5b000000 
00021e80: 9c000000 58000000 9d000000 58000000 
00021e90: 9c000000 59000000 9d000000 59000000 
00021ea0: 9e000000 58000000 9f000000 58000000 
00021eb0: 9e000000 59000000 9f000000 59000000 
00021ec0: 9c000000 5a000000 9d000000 5a000000 
00021ed0: 9c000000 5b000000 9d000000 5b000000 
00021ee0: 9e000000 5a000000 9f000000 5a000000 
00021ef0: 9e000000 5b000000 9f000000 5b000000 
00021f00: 98000000 5c000000 99000000 5c000000 
00021f10: 98000000 5d000000 99000000 5d000000 
00021f20: 9a000000 5c000000 9b000000 5c000000 
00021f30: 9a000000 5d000000 9b000000 5d000000 
00021f40: 98000000 5e000000 99000000 5e000000 
00021f50: 98000000 5f000000 99000000 5f000000 
00021f60: 9a000000 5e000000 9b000000 5e000000 
00021f70: 9a000000 5f000000 9b000000 5f000000 
00021f80: 9c000000 5c000000 9d000000 5c000000 
00021f90: 9c000000 5d000000 9d000000 5d000000 
00021fa0: 9e000000 5c000000 9f000000 5c000000 
00021fb0: 9e000000 5d000000 9f000000 5d000000 
00021fc0: 9c000000 5e000000 9d000000 5e000000 
00021fd0: 9c000000 5f000000 9d000000 5f000000 
00021fe0: 9e000000 5e000000 9f000000 5e000000 
00021ff0: 9e000000 5f000000 9f000000 5f000000 
00022000: 00000000 00000000 00000000 00000000 
00022010: 00000000 00000000 00000000 00000000 
00022020: 00000000 00000000 00000000 00000000 
00022030: 00000000 00000000 00000000 00000000 
00022040: 00000000 00000000 00000000 00000000 
00022050: 00000000 00000000 00000000 00000000 
00022060: 00000000 00000000 00000000 00000000 
00022070: 00000000 00000000 00000000 00000000 
00022080: 00000000 00000000 00000000 00000000 
00022090: 00000000 00000000 00000000 00000000 
000220a0: 00000000 00000000 00000000 00000000 
000220b0: 00000000 00000000 00000000 00000000 
000220c0: 00000000 00000000 00000000 00000000 
000220d0: 00000000 00000000 00000000 00000000 
000220e0: 00000000 00000000 00000000 00000000 
000220f0: 00000000 00000000 00000000 00000000 
00022100: 00000000 00000000 00000000 00000000 
00022110: 00000000 00000000 00000000 00000000 
00022120: 00000000 00000000 00000000 00000000 
00022130: 00000000 00000000 00000000 00000000 
00022140: 00000000 00000000 00000000 00000000 
00022150: 00000000 00000000 00000000 00000000 
00022160: 00000000 00000000 00000000 00000000 
00022170: 00000000 00000000 00000000 00000000 
00022180: 00000000 00000000 00000000 00000000 
00022190: 00000000 00000000 00000000 00000000 
000221a0: 00000000 00000000 00000000 00000000 
000221b0: 00000000 00000000 00000000 00000000 
000221c0: 00000000 00000000 00000000 00000000 
000221d0: 00000000 00000000 00000000 00000000 
000221e0: 00000000 00000000 00000000 00000000 
000221f0: 00000000 00000000 00000000 00000000 
00022200: 00000000 00000000 00000000 00000000 
00022210: 00000000 00000000 00000000 00000000 
00022220: 00000000 00000000 00000000 00000000 
00022230: 00000000 00000000 00000000 00000000 
00022240: 00000000 00000000 00000000 00000000 
00022250: 00000000 00000000 00000000 00000000 
00022260: 00000000 00000000 00000000 00000000 
00022270: 00000000 00000000 00000000 00000000 
00022280: 00000000 00000000 00000000 00000000 
00022290: 00000000 00000000 00000000 00000000 
000222a0: 00000000 00000000 00000000 00000000 
000222b0: 00000000 00000000 00000000 00000000 
000222c0: 00000000 00000000 00000000 00000000 
000222d0: 00000000 00000000 00000000 00000000 
000222e0: 00000000 00000000 00000000 00000000 
000222f0: 00000000 00000000 00000000 00000000 
00022300: 00000000 00000000 00000000 00000000 
00022310: 00000000 00000000 00000000 00000000 
00022320: 00000000 00000000 00000000 00000000 
00022330: 00000000 00000000 00000000 00000000 
00022340: 00000000 00000000 00000000 00000000 
00022350: 00000000 00000000 00000000 00000000 
00022360: 00000000 00000000 00000000 00000000 
00022370: 00000000 00000000 00000000 00000000 
00022380: 00000000 00000000 00000000 00000000 
00022390: 00000000 00000000 00000000 00000000 
000223a0: 00000000 00000000 00000000 00000000 
000223b0: 00000000 00000000 00000000 00000000 
000223c0: 00000000 00000000 00000000 00000000 
000223d0: 00000000 00000000 00000000 00000000 
000223e0: 00000000 00000000 00000000 00000000 
000223f0: 00000000 00000000 00000000 00000000 
00022400: 00000000 00000000 00000000 00000000 
00022410: 00000000 00000000 00000000 00000000 
00022420: 00000000 00000000 00000000 00000000 
00022430: 00000000 00000000 00000000 00000000 
00022440: 00000000 00000000 00000000 00000000 
00022450: 00000000 00000000 00000000 00000000 
00022460: 00000000 00000000 00000000 00000000 
00022470: 00000000 00000000 00000000 00000000 
00022480: 00000000 00000000 00000000 00000000 
00022490: 00000000 00000000 00000000 00000000 
000224a0: 00000000 00000000 00000000 00000000 
000224b0: 00000000 00000000 00000000 00000000 
000224c0: 00000000 00000000 00000000 00000000 
000224d0: 00000000 00000000 00000000 00000000 
000224e0: 00000000 00000000 00000000 00000000 
000224f0: 00000000 00000000 00000000 00000000 
00022500: 00000000 00000000 00000000 00000000 
00022510: 00000000 00000000 00000000 00000000 
00022520: 00000000 00000000 00000000 00000000 
00022530: 00000000 00000000 00000000 00000000 
00022540: 00000000 00000000 00000000 00000000 
00022550: 00000000 00000000 00000000 00000000 
00022560: 00000000 00000000 00000000 00000000 
00022570: 00000000 00000000 00000000 00000000 
00022580: 00000000 00000000 00000000 00000000 
00022590: 00000000 00000000 00000000 00000000 
000225a0: 00000000 00000000 00000000 00000000 
000225b0: 00000000 00000000 00000000 00000000 
000225c0: 00000000 00000000 00000000 00000000 
000225d0: 00000000 00000000 00000000 00000000 
000225e0: 00000000 00000000 00000000 00000000 
000225f0: 00000000 00000000 00000000 00000000 
00022600: 00000000 00000000 00000000 00000000 
00022610: 00000000 00000000 00000000 00000000 
00022620: 00000000 00000000 00000000 00000000 
00022630: 00000000 00000000 00000000 00000000 
00022640: 00000000 00000000 00000000 00000000 
00022650: 00000000 00000000 00000000 00000000 
00022660: 00000000 00000000 00000000 00000000 
00022670: 00000000 00000000 00000000 00000000 
00022680: 00000000 00000000 00000000 00000000 
00022690: 00000000 00000000 00000000 00000000 
000226a0: 00000000 00000000 00000000 00000000 
000226b0: 00000000 00000000 00000000 00000000 
000226c0: 00000000 00000000 00000000 00000000 
000226d0: 00000000 00000000 00000000 00000000 
000226e0: 00000000 00000000 00000000 00000000 
000226f0: 00000000 00000000 00000000 00000000 
00022700: 00000000 00000000 00000000 00000000 
00022710: 00000000 00000000 00000000 00000000 
00022720: 00000000 00000000 00000000 00000000 
00022730: 00000000 00000000 00000000 00000000 
00022740: 00000000 00000000 00000000 00000000 
00022750: 00000000 00000000 00000000 00000000 
00022760: 00000000 00000000 00000000 00000000 
00022770: 00000000 00000000 00000000 00000000 
00022780: 00000000 00000000 00000000 00000000 
00022790: 00000000 00000000 00000000 00000000 
000227a0: 00000000 00000000 00000000 00000000 
000227b0: 00000000 00000000 00000000 00000000 
000227c0: 00000000 00000000 00000000 00000000 
000227d0: 00000000 00000000 00000000 00000000 
000227e0: 00000000 00000000 00000000 00000000 
000227f0: 00000000 00000000 00000000 00000000 
00022800: 00000000 00000000 00000000 00000000 
00022810: 00000000 00000000 00000000 00000000 
00022820: 00000000 00000000 00000000 00000000 
00022830: 00000000 00000000 00000000 00000000 
00022840: 00000000 00000000 00000000 00000000 
00022850: 00000000 00000000 00000000 00000000 
00022860: 00000000 00000000 00000000 00000000 
00022870: 00000000 00000000 00000000 00000000 
00022880: 00000000 00000000 00000000 00000000 
00022890: 00000000 00000000 00000000 00000000 
000228a0: 00000000 00000000 00000000 00000000 
000228b0: 00000000 00000000 00000000 00000000 
000228c0: 00000000 00000000 00000000 00000000 
000228d0: 00000000 00000000 00000000 00000000 
000228e0: 00000000 00000000 00000000 00000000 
000228f0: 00000000 00000000 00000000 00000000 
00022900: 00000000 00000000 00000000 00000000 
00022910: 00000000 00000000 00000000 00000000 
00022920: 00000000 00000000 00000000 00000000 
00022930: 00000000 00000000 00000000 00000000 
00022940: 00000000 00000000 00000000 00000000 
00022950: 00000000 00000000 00000000 00000000 
00022960: 00000000 00000000 00000000 00000000 
00022970: 00000000 00000000 00000000 00000000 
00022980: 00000000 00000000 00000000 00000000 
00022990: 00000000 00000000 00000000 00000000 
000229a0: 00000000 00000000 00000000 00000000 
000229b0: 00000000 00000000 00000000 00000000 
000229c0: 00000000 00000000 00000000 00000000 
000229d0: 00000000 00000000 00000000 00000000 
000229e0: 00000000 00000000 00000000 00000000 
000229f0: 00000000 00000000 00000000 00000000 
00022a00: 00000000 00000000 00000000 00000000 
00022a10: 00000000 00000000 00000000 00000000 
00022a20: 00000000 00000000 00000000 00000000 
00022a30: 00000000 00000000 00000000 00000000 
00022a40: 00000000 00000000 00000000 00000000 
00022a50: 00000000 00000000 00000000 00000000 
00022a60: 00000000 00000000 00000000 00000000 
00022a70: 00000000 00000000 00000000 00000000 
00022a80: 00000000 00000000 00000000 00000000 
00022a90: 00000000 00000000 00000000 00000000 
00022aa0: 00000000 00000000 00000000 00000000 
00022ab0: 00000000 00000000 00000000 00000000 
00022ac0: 00000000 00000000 00000000 00000000 
00022ad0: 00000000 00000000 00000000 00000000 
00022ae0: 00000000 00000000 00000000 00000000 
00022af0: 00000000 00000000 00000000 00000000 
00022b00: 00000000 00000000 00000000 00000000 
00022b10: 00000000 00000000 00000000 00000000 
00022b20: 00000000 00000000 00000000 00000000 
00022b30: 00000000 00000000 00000000 00000000 
00022b40: 00000000 00000000 00000000 00000000 
00022b50: 00000000 00000000 00000000 00000000 
00022b60: 00000000 00000000 00000000 00000000 
00022b70: 00000000 00000000 00000000 00000000 
00022b80: 00000000 00000000 00000000 00000000 
00022b90: 00000000 00000000 00000000 00000000 
00022ba0: 00000000 00000000 00000000 00000000 
00022bb0: 00000000 00000000 00000000 00000000 
00022bc0: 00000000 00000000 00000000 00000000 
00022bd0: 00000000 00000000 00000000 00000000 
00022be0: 00000000 00000000 00000000 00000000 
00022bf0: 00000000 00000000 00000000 00000000 
00022c00: 00000000 00000000 00000000 00000000 
00022c10: 00000000 00000000 00000000 00000000 
00022c20: 00000000 00000000 00000000 00000000 
00022c30: 00000000 00000000 00000000 00000000 
00022c40: 00000000 00000000 00000000 00000000 
00022c50: 00000000 00000000 00000000 00000000 
00022c60: 00000000 00000000 00000000 00000000 
00022c70: 00000000 00000000 00000000 00000000 
00022c80: 00000000 00000000 00000000 00000000 
00022c90: 00000000 00000000 00000000 00000000 
00022ca0: 00000000 00000000 00000000 00000000 
00022cb0: 00000000 00000000 00000000 00000000 
00022cc0: 00000000 00000000 00000000 00000000 
00022cd0: 00000000 00000000 00000000 00000000 
00022ce0: 00000000 00000000 00000000 00000000 
00022cf0: 00000000 00000000 00000000 00000000 
00022d00: 00000000 00000000 00000000 00000000 
00022d10: 00000000 00000000 00000000 00000000 
00022d20: 00000000 00000000 00000000 00000000 
00022d30: 00000000 00000000 00000000 00000000 
00022d40: 00000000 00000000 00000000 00000000 
00022d50: 00000000 00000000 00000000 00000000 
00022d60: 00000000 00000000 00000000 00000000 
00022d70: 00000000 00000000 00000000 00000000 
00022d80: 00000000 00000000 00000000 00000000 
00022d90: 00000000 00000000 00000000 00000000 
00022da0: 00000000 00000000 00000000 00000000 
00022db0: 00000000 00000000 00000000 00000000 
00022dc0: 00000000 00000000 00000000 00000000 
00022dd0: 00000000 00000000 00000000 00000000 
00022de0: 00000000 00000000 00000000 00000000 
00022df0: 00000000 00000000 00000000 00000000 
00022e00: 00000000 00000000 00000000 00000000 
00022e10: 00000000 00000000 00000000 00000000 
00022e20: 00000000 00000000 00000000 00000000 
00022e30: 00000000 00000000 00000000 00000000 
00022e40: 00000000 00000000 00000000 00000000 
00022e50: 00000000 00000000 00000000 00000000 
00022e60: 00000000 00000000 00000000 00000000 
00022e70: 00000000 00000000 00000000 00000000 
00022e80: 00000000 00000000 00000000 00000000 
00022e90: 00000000 00000000 00000000 00000000 
00022ea0: 00000000 00000000 00000000 00000000 
00022eb0: 00000000 00000000 00000000 00000000 
00022ec0: 00000000 00000000 00000000 00000000 
00022ed0: 00000000 00000000 00000000 00000000 
00022ee0: 00000000 00000000 00000000 00000000 
00022ef0: 00000000 00000000 00000000 00000000 
00022f00: 00000000 00000000 00000000 00000000 
00022f10: 00000000 00000000 00000000 00000000 
00022f20: 00000000 00000000 00000000 00000000 
00022f30: 00000000 00000000 00000000 00000000 
00022f40: 00000000 00000000 00000000 00000000 
00022f50: 00000000 00000000 00000000 00000000 
00022f60: 00000000 00000000 00000000 00000000 
00022f70: 00000000 00000000 00000000 00000000 
00022f80: 00000000 00000000 00000000 00000000 
00022f90: 00000000 00000000 00000000 00000000 
00022fa0: 00000000 00000000 00000000 00000000 
00022fb0: 00000000 00000000 00000000 00000000 
00022fc0: 00000000 00000000 00000000 00000000 
00022fd0: 00000000 00000000 00000000 00000000 
00022fe0: 00000000 00000000 00000000 00000000 
00022ff0: 00000000 00000000 00000000 00000000 
00023000: 00000000 00000000 00000000 00000000 
00023010: 00000000 00000000 00000000 00000000 
00023020: 00000000 00000000 00000000 00000000 
00023030: 00000000 00000000 00000000 00000000 
00023040: 00000000 00000000 00000000 00000000 
00023050: 00000000 00000000 00000000 00000000 
00023060: 00000000 00000000 00000000 00000000 
00023070: 00000000 00000000 00000000 00000000 
00023080: 00000000 00000000 00000000 00000000 
00023090: 00000000 00000000 00000000 00000000 
000230a0: 00000000 00000000 00000000 00000000 
000230b0: 00000000 00000000 00000000 00000000 
000230c0: 00000000 00000000 00000000 00000000 
000230d0: 00000000 00000000 00000000 00000000 
000230e0: 00000000 00000000 00000000 00000000 
000230f0: 00000000 00000000 00000000 00000000 
00023100: 00000000 00000000 00000000 00000000 
00023110: 00000000 00000000 00000000 00000000 
00023120: 00000000 00000000 00000000 00000000 
00023130: 00000000 00000000 00000000 00000000 
00023140: 00000000 00000000 00000000 00000000 
00023150: 00000000 00000000 00000000 00000000 
00023160: 00000000 00000000 00000000 00000000 
00023170: 00000000 00000000 00000000 00000000 
00023180: 00000000 00000000 00000000 00000000 
00023190: 00000000 00000000 00000000 00000000 
000231a0: 00000000 00000000 00000000 00000000 
000231b0: 00000000 00000000 00000000 00000000 
000231c0: 00000000 00000000 00000000 00000000 
000231d0: 00000000 00000000 00000000 00000000 
000231e0: 00000000 00000000 00000000 00000000 
000231f0: 00000000 00000000 00000000 00000000 
00023200: 00000000 00000000 00000000 00000000 
00023210: 00000000 00000000 00000000 00000000 
00023220: 00000000 00000000 00000000 00000000 
00023230: 00000000 00000000 00000000 00000000 
00023240: 00000000 00000000 00000000 00000000 
00023250: 00000000 00000000 00000000 00000000 
00023260: 00000000 00000000 00000000 00000000 
00023270: 00000000 00000000 00000000 00000000 
00023280: 00000000 00000000 00000000 00000000 
00023290: 00000000 00000000 00000000 00000000 
000232a0: 00000000 00000000 00000000 00000000 
000232b0: 00000000 00000000 00000000 00000000 
000232c0: 00000000 00000000 00000000 00000000 
000232d0: 00000000 00000000 00000000 00000000 
000232e0: 00000000 00000000 00000000 00000000 
000232f0: 00000000 00000000 00000000 00000000 
00023300: 00000000 00000000 00000000 00000000 
00023310: 00000000 00000000 00000000 00000000 
00023320: 00000000 00000000 00000000 00000000 
00023330: 00000000 00000000 00000000 00000000 
00023340: 00000000 00000000 00000000 00000000 
00023350: 00000000 00000000 00000000 00000000 
00023360: 00000000 00000000 00000000 00000000 
00023370: 00000000 00000000 00000000 00000000 
00023380: 00000000 00000000 00000000 00000000 
00023390: 00000000 00000000 00000000 00000000 
000233a0: 00000000 00000000 00000000 00000000 
000233b0: 00000000 00000000 00000000 00000000 
000233c0: 00000000 00000000 00000000 00000000 
000233d0: 00000000 00000000 00000000 00000000 
000233e0: 00000000 00000000 00000000 00000000 
000233f0: 00000000 00000000 00000000 00000000 
00023400: 00000000 00000000 00000000 00000000 
00023410: 00000000 00000000 00000000 00000000 
00023420: 00000000 00000000 00000000 00000000 
00023430: 00000000 00000000 00000000 00000000 
00023440: 00000000 00000000 00000000 00000000 
00023450: 00000000 00000000 00000000 00000000 
00023460: 00000000 00000000 00000000 00000000 
00023470: 00000000 00000000 00000000 00000000 
00023480: 00000000 00000000 00000000 00000000 
00023490: 00000000 00000000 00000000 00000000 
000234a0: 00000000 00000000 00000000 00000000 
000234b0: 00000000 00000000 00000000 00000000 
000234c0: 00000000 00000000 00000000 00000000 
000234d0: 00000000 00000000 00000000 00000000 
000234e0: 00000000 00000000 00000000 00000000 
000234f0: 00000000 00000000 00000000 00000000 
00023500: 00000000 00000000 00000000 00000000 
00023510: 00000000 00000000 00000000 00000000 
00023520: 00000000 00000000 00000000 00000000 
00023530: 00000000 00000000 00000000 00000000 
00023540: 00000000 00000000 00000000 00000000 
00023550: 00000000 00000000 00000000 00000000 
00023560: 00000000 00000000 00000000 00000000 
00023570: 00000000 00000000 00000000 00000000 
00023580: 00000000 00000000 00000000 00000000 
00023590: 00000000 00000000 00000000 00000000 
000235a0: 00000000 00000000 00000000 00000000 
000235b0: 00000000 00000000 00000000 00000000 
000235c0: 00000000 00000000 00000000 00000000 
000235d0: 00000000 00000000 00000000 00000000 
000235e0: 00000000 00000000 00000000 00000000 
000235f0: 00000000 00000000 00000000 00000000 
00023600: 00000000 00000000 00000000 00000000 
00023610: 00000000 00000000 00000000 00000000 
00023620: 00000000 00000000 00000000 00000000 
00023630: 00000000 00000000 00000000 00000000 
00023640: 00000000 00000000 00000000 00000000 
00023650: 00000000 00000000 00000000 00000000 
00023660: 00000000 00000000 00000000 00000000 
00023670: 00000000 00000000 00000000 00000000 
00023680: 00000000 00000000 00000000 00000000 
00023690: 00000000 00000000 00000000 00000000 
000236a0: 00000000 00000000 00000000 00000000 
000236b0: 00000000 00000000 00000000 00000000 
000236c0: 00000000 00000000 00000000 00000000 
000236d0: 00000000 00000000 00000000 00000000 
000236e0: 00000000 00000000 00000000 00000000 
000236f0: 00000000 00000000 00000000 00000000 
00023700: 00000000 00000000 00000000 00000000 
00023710: 00000000 00000000 00000000 00000000 
00023720: 00000000 00000000 00000000 00000000 
00023730: 00000000 00000000 00000000 00000000 
00023740: 00000000 00000000 00000000 00000000 
00023750: 00000000 00000000 00000000 00000000 
00023760: 00000000 00000000 00000000 00000000 
00023770: 00000000 00000000 00000000 00000000 
00023780: 00000000 00000000 00000000 00000000 
00023790: 00000000 00000000 00000000 00000000 
000237a0: 00000000 00000000 00000000 00000000 
000237b0: 00000000 00000000 00000000 00000000 
000237c0: 00000000 00000000 00000000 00000000 
000237d0: 00000000 00000000 00000000 00000000 
000237e0: 00000000 00000000 00000000 00000000 
000237f0: 00000000 00000000 00000000 00000000 
00023800: 00000000 00000000 00000000 00000000 
00023810: 00000000 00000000 00000000 00000000 
00023820: 00000000 00000000 00000000 00000000 
00023830: 00000000 00000000 00000000 00000000 
00023840: 00000000 00000000 00000000 00000000 
00023850: 00000000 00000000 00000000 00000000 
00023860: 00000000 00000000 00000000 00000000 
00023870: 00000000 00000000 00000000 00000000 
00023880: 00000000 00000000 00000000 00000000 
00023890: 00000000 00000000 00000000 00000000 
000238a0: 00000000 00000000 00000000 00000000 
000238b0: 00000000 00000000 00000000 00000000 
000238c0: 00000000 00000000 00000000 00000000 
000238d0: 00000000 00000000 00000000 00000000 
000238e0: 00000000 00000000 00000000 00000000 
000238f0: 00000000 00000000 00000000 00000000 
00023900: 00000000 00000000 00000000 00000000 
00023910: 00000000 00000000 00000000 00000000 
00023920: 00000000 00000000 00000000 00000000 
00023930: 00000000 00000000 00000000 00000000 
00023940: 00000000 00000000 00000000 00000000 
00023950: 00000000 00000000 00000000 00000000 
00023960: 00000000 00000000 00000000 00000000 
00023970: 00000000 00000000 00000000 00000000 
00023980: 00000000 00000000 00000000 00000000 
00023990: 00000000 00000000 00000000 00000000 
000239a0: 00000000 00000000 00000000 00000000 
000239b0: 00000000 00000000 00000000 00000000 
000239c0: 00000000 00000000 00000000 00000000 
000239d0: 00000000 00000000 00000000 00000000 
000239e0: 00000000 00000000 00000000 00000000 
000239f0: 00000000 00000000 00000000 00000000 
00023a00: 00000000 00000000 00000000 00000000 
00023a10: 00000000 00000000 00000000 00000000 
00023a20: 00000000 00000000 00000000 00000000 
00023a30: 00000000 00000000 00000000 00000000 
00023a40: 00000000 00000000 00000000 00000000 
00023a50: 00000000 00000000 00000000 00000000 
00023a60: 00000000 00000000 00000000 00000000 
00023a70: 00000000 00000000 00000000 00000000 
00023a80: 00000000 00000000 00000000 00000000 
00023a90: 00000000 00000000 00000000 00000000 
00023aa0: 00000000 00000000 00000000 00000000 
00023ab0: 00000000 00000000 00000000 00000000 
00023ac0: 00000000 00000000 00000000 00000000 
00023ad0: 00000000 00000000 00000000 00000000 
00023ae0: 00000000 00000000 00000000 00000000 
00023af0: 00000000 00000000 00000000 00000000 
00023b00: 00000000 00000000 00000000 00000000 
00023b10: 00000000 00000000 00000000 00000000 
00023b20: 00000000 00000000 00000000 00000000 
00023b30: 00000000 00000000 00000000 00000000 
00023b40: 00000000 00000000 00000000 00000000 
00023b50: 00000000 00000000 00000000 00000000 
00023b60: 00000000 00000000 00000000 00000000 
00023b70: 00000000 00000000 00000000 00000000 
00023b80: 00000000 00000000 00000000 00000000 
00023b90: 00000000 00000000 00000000 00000000 
00023ba0: 00000000 00000000 00000000 00000000 
00023bb0: 00000000 00000000 00000000 00000000 
00023bc0: 00000000 00000000 00000000 00000000 
00023bd0: 00000000 00000000 00000000 00000000 
00023be0: 00000000 00000000 00000000 00000000 
00023bf0: 00000000 00000000 00000000 00000000 
00023c00: 00000000 00000000 00000000 00000000 
00023c10: 00000000 00000000 00000000 00000000 
00023c20: 00000000 00000000 00000000 00000000 
00023c30: 00000000 00000000 00000000 00000000 
00023c40: 00000000 00000000 00000000 00000000 
00023c50: 00000000 00000000 00000000 00000000 
00023c60: 00000000 00000000 00000000 00000000 
00023c70: 00000000 00000000 00000000 00000000 
00023c80: 00000000 00000000 00000000 00000000 
00023c90: 00000000 00000000 00000000 00000000 
00023ca0: 00000000 00000000 00000000 00000000 
00023cb0: 00000000 00000000 00000000 00000000 
00023cc0: 00000000 00000000 00000000 00000000 
00023cd0: 00000000 00000000 00000000 00000000 
00023ce0: 00000000 00000000 00000000 00000000 
00023cf0: 00000000 00000000 00000000 00000000 
00023d00: 00000000 00000000 00000000 00000000 
00023d10: 00000000 00000000 00000000 00000000 
00023d20: 00000000 00000000 00000000 00000000 
00023d30: 00000000 00000000 00000000 00000000 
00023d40: 00000000 00000000 00000000 00000000 
00023d50: 00000000 00000000 00000000 00000000 
00023d60: 00000000 00000000 00000000 00000000 
00023d70: 00000000 00000000 00000000 00000000 
00023d80: 00000000 00000000 00000000 00000000 
00023d90: 00000000 00000000 00000000 00000000 
00023da0: 00000000 00000000 00000000 00000000 
00023db0: 00000000 00000000 00000000 00000000 
00023dc0: 00000000 00000000 00000000 00000000 
00023dd0: 00000000 00000000 00000000 00000000 
00023de0: 00000000 00000000 00000000 00000000 
00023df0: 00000000 00000000 00000000 00000000 
00023e00: 00000000 00000000 00000000 00000000 
00023e10: 00000000 00000000 00000000 00000000 
00023e20: 00000000 00000000 00000000 00000000 
00023e30: 00000000 00000000 00000000 00000000 
00023e40: 00000000 00000000 00000000 00000000 
00023e50: 00000000 00000000 00000000 00000000 
00023e60: 00000000 00000000 00000000 00000000 
00023e70: 00000000 00000000 00000000 00000000 
00023e80: 00000000 00000000 00000000 00000000 
00023e90: 00000000 00000000 00000000 00000000 
00023ea0: 00000000 00000000 00000000 00000000 
00023eb0: 00000000 00000000 00000000 00000000 
00023ec0: 00000000 00000000 00000000 00000000 
00023ed0: 00000000 00000000 00000000 00000000 
00023ee0: 00000000 00000000 00000000 00000000 
00023ef0: 00000000 00000000 00000000 00000000 
00023f00: 00000000 00000000 00000000 00000000 
00023f10: 00000000 00000000 00000000 00000000 
00023f20: 00000000 00000000 00000000 00000000 
00023f30: 00000000 00000000 00000000 00000000 
00023f40: 00000000 00000000 00000000 00000000 
00023f50: 00000000 00000000 00000000 00000000 
00023f60: 00000000 00000000 00000000 00000000 
00023f70: 00000000 00000000 00000000 00000000 
00023f80: 00000000 00000000 00000000 00000000 
00023f90: 00000000 00000000 00000000 00000000 
00023fa0: 00000000 00000000 00000000 00000000 
00023fb0: 00000000 00000000 00000000 00000000 
00023fc0: 00000000 00000000 00000000 00000000 
00023fd0: 00000000 00000000 00000000 00000000 
00023fe0: 00000000 00000000 00000000 00000000 
00023ff0: 00000000 00000000 00000000 00000000 
