# BODUMP reason=sigusr1 handle=0 gpu_va=0x10000080000 cpu=0x10431c000 size=0x24000 read=0x24000
00000000: 00000000 00000000 bebafeca efbeadde 
00000010: 01000000 00000000 bebafeca efbeadde 
00000020: 00000000 01000000 bebafeca efbeadde 
00000030: 01000000 01000000 bebafeca efbeadde 
00000040: 02000000 00000000 bebafeca efbeadde 
00000050: 03000000 00000000 bebafeca efbeadde 
00000060: 02000000 01000000 bebafeca efbeadde 
00000070: 03000000 01000000 bebafeca efbeadde 
00000080: 00000000 02000000 bebafeca efbeadde 
00000090: 01000000 02000000 bebafeca efbeadde 
000000a0: 00000000 03000000 bebafeca efbeadde 
000000b0: 01000000 03000000 bebafeca efbeadde 
000000c0: 02000000 02000000 bebafeca efbeadde 
000000d0: 03000000 02000000 bebafeca efbeadde 
000000e0: 02000000 03000000 bebafeca efbeadde 
000000f0: 03000000 03000000 bebafeca efbeadde 
00000100: 04000000 00000000 bebafeca efbeadde 
00000110: 05000000 00000000 bebafeca efbeadde 
00000120: 04000000 01000000 bebafeca efbeadde 
00000130: 05000000 01000000 bebafeca efbeadde 
00000140: 06000000 00000000 bebafeca efbeadde 
00000150: 07000000 00000000 bebafeca efbeadde 
00000160: 06000000 01000000 bebafeca efbeadde 
00000170: 07000000 01000000 bebafeca efbeadde 
00000180: 04000000 02000000 bebafeca efbeadde 
00000190: 05000000 02000000 bebafeca efbeadde 
000001a0: 04000000 03000000 bebafeca efbeadde 
000001b0: 05000000 03000000 bebafeca efbeadde 
000001c0: 06000000 02000000 bebafeca efbeadde 
000001d0: 07000000 02000000 bebafeca efbeadde 
000001e0: 06000000 03000000 bebafeca efbeadde 
000001f0: 07000000 03000000 bebafeca efbeadde 
00000200: 00000000 04000000 bebafeca efbeadde 
00000210: 01000000 04000000 bebafeca efbeadde 
00000220: 00000000 05000000 bebafeca efbeadde 
00000230: 01000000 05000000 bebafeca efbeadde 
00000240: 02000000 04000000 bebafeca efbeadde 
00000250: 03000000 04000000 bebafeca efbeadde 
00000260: 02000000 05000000 bebafeca efbeadde 
00000270: 03000000 05000000 bebafeca efbeadde 
00000280: 00000000 06000000 bebafeca efbeadde 
00000290: 01000000 06000000 bebafeca efbeadde 
000002a0: 00000000 07000000 bebafeca efbeadde 
000002b0: 01000000 07000000 bebafeca efbeadde 
000002c0: 02000000 06000000 bebafeca efbeadde 
000002d0: 03000000 06000000 bebafeca efbeadde 
000002e0: 02000000 07000000 bebafeca efbeadde 
000002f0: 03000000 07000000 bebafeca efbeadde 
00000300: 04000000 04000000 bebafeca efbeadde 
00000310: 05000000 04000000 bebafeca efbeadde 
00000320: 04000000 05000000 bebafeca efbeadde 
00000330: 05000000 05000000 bebafeca efbeadde 
00000340: 06000000 04000000 bebafeca efbeadde 
00000350: 07000000 04000000 bebafeca efbeadde 
00000360: 06000000 05000000 bebafeca efbeadde 
00000370: 07000000 05000000 bebafeca efbeadde 
00000380: 04000000 06000000 bebafeca efbeadde 
00000390: 05000000 06000000 bebafeca efbeadde 
000003a0: 04000000 07000000 bebafeca efbeadde 
000003b0: 05000000 07000000 bebafeca efbeadde 
000003c0: 06000000 06000000 bebafeca efbeadde 
000003d0: 07000000 06000000 bebafeca efbeadde 
000003e0: 06000000 07000000 bebafeca efbeadde 
000003f0: 07000000 07000000 bebafeca efbeadde 
00000400: 08000000 00000000 bebafeca efbeadde 
00000410: 09000000 00000000 bebafeca efbeadde 
00000420: 08000000 01000000 bebafeca efbeadde 
00000430: 09000000 01000000 bebafeca efbeadde 
00000440: 0a000000 00000000 bebafeca efbeadde 
00000450: 0b000000 00000000 bebafeca efbeadde 
00000460: 0a000000 01000000 bebafeca efbeadde 
00000470: 0b000000 01000000 bebafeca efbeadde 
00000480: 08000000 02000000 bebafeca efbeadde 
00000490: 09000000 02000000 bebafeca efbeadde 
000004a0: 08000000 03000000 bebafeca efbeadde 
000004b0: 09000000 03000000 bebafeca efbeadde 
000004c0: 0a000000 02000000 bebafeca efbeadde 
000004d0: 0b000000 02000000 bebafeca efbeadde 
000004e0: 0a000000 03000000 bebafeca efbeadde 
000004f0: 0b000000 03000000 bebafeca efbeadde 
00000500: 0c000000 00000000 bebafeca efbeadde 
00000510: 0d000000 00000000 bebafeca efbeadde 
00000520: 0c000000 01000000 bebafeca efbeadde 
00000530: 0d000000 01000000 bebafeca efbeadde 
00000540: 0e000000 00000000 bebafeca efbeadde 
00000550: 0f000000 00000000 bebafeca efbeadde 
00000560: 0e000000 01000000 bebafeca efbeadde 
00000570: 0f000000 01000000 bebafeca efbeadde 
00000580: 0c000000 02000000 bebafeca efbeadde 
00000590: 0d000000 02000000 bebafeca efbeadde 
000005a0: 0c000000 03000000 bebafeca efbeadde 
000005b0: 0d000000 03000000 bebafeca efbeadde 
000005c0: 0e000000 02000000 bebafeca efbeadde 
000005d0: 0f000000 02000000 bebafeca efbeadde 
000005e0: 0e000000 03000000 bebafeca efbeadde 
000005f0: 0f000000 03000000 bebafeca efbeadde 
00000600: 08000000 04000000 bebafeca efbeadde 
00000610: 09000000 04000000 bebafeca efbeadde 
00000620: 08000000 05000000 bebafeca efbeadde 
00000630: 09000000 05000000 bebafeca efbeadde 
00000640: 0a000000 04000000 bebafeca efbeadde 
00000650: 0b000000 04000000 bebafeca efbeadde 
00000660: 0a000000 05000000 bebafeca efbeadde 
00000670: 0b000000 05000000 bebafeca efbeadde 
00000680: 08000000 06000000 bebafeca efbeadde 
00000690: 09000000 06000000 bebafeca efbeadde 
000006a0: 08000000 07000000 bebafeca efbeadde 
000006b0: 09000000 07000000 bebafeca efbeadde 
000006c0: 0a000000 06000000 bebafeca efbeadde 
000006d0: 0b000000 06000000 bebafeca efbeadde 
000006e0: 0a000000 07000000 bebafeca efbeadde 
000006f0: 0b000000 07000000 bebafeca efbeadde 
00000700: 0c000000 04000000 bebafeca efbeadde 
00000710: 0d000000 04000000 bebafeca efbeadde 
00000720: 0c000000 05000000 bebafeca efbeadde 
00000730: 0d000000 05000000 bebafeca efbeadde 
00000740: 0e000000 04000000 bebafeca efbeadde 
00000750: 0f000000 04000000 bebafeca efbeadde 
00000760: 0e000000 05000000 bebafeca efbeadde 
00000770: 0f000000 05000000 bebafeca efbeadde 
00000780: 0c000000 06000000 bebafeca efbeadde 
00000790: 0d000000 06000000 bebafeca efbeadde 
000007a0: 0c000000 07000000 bebafeca efbeadde 
000007b0: 0d000000 07000000 bebafeca efbeadde 
000007c0: 0e000000 06000000 bebafeca efbeadde 
000007d0: 0f000000 06000000 bebafeca efbeadde 
000007e0: 0e000000 07000000 bebafeca efbeadde 
000007f0: 0f000000 07000000 bebafeca efbeadde 
00000800: 00000000 08000000 bebafeca efbeadde 
00000810: 01000000 08000000 bebafeca efbeadde 
00000820: 00000000 09000000 bebafeca efbeadde 
00000830: 01000000 09000000 bebafeca efbeadde 
00000840: 02000000 08000000 bebafeca efbeadde 
00000850: 03000000 08000000 bebafeca efbeadde 
00000860: 02000000 09000000 bebafeca efbeadde 
00000870: 03000000 09000000 bebafeca efbeadde 
00000880: 00000000 0a000000 bebafeca efbeadde 
00000890: 01000000 0a000000 bebafeca efbeadde 
000008a0: 00000000 0b000000 bebafeca efbeadde 
000008b0: 01000000 0b000000 bebafeca efbeadde 
000008c0: 02000000 0a000000 bebafeca efbeadde 
000008d0: 03000000 0a000000 bebafeca efbeadde 
000008e0: 02000000 0b000000 bebafeca efbeadde 
000008f0: 03000000 0b000000 bebafeca efbeadde 
00000900: 04000000 08000000 bebafeca efbeadde 
00000910: 05000000 08000000 bebafeca efbeadde 
00000920: 04000000 09000000 bebafeca efbeadde 
00000930: 05000000 09000000 bebafeca efbeadde 
00000940: 06000000 08000000 bebafeca efbeadde 
00000950: 07000000 08000000 bebafeca efbeadde 
00000960: 06000000 09000000 bebafeca efbeadde 
00000970: 07000000 09000000 bebafeca efbeadde 
00000980: 04000000 0a000000 bebafeca efbeadde 
00000990: 05000000 0a000000 bebafeca efbeadde 
000009a0: 04000000 0b000000 bebafeca efbeadde 
000009b0: 05000000 0b000000 bebafeca efbeadde 
000009c0: 06000000 0a000000 bebafeca efbeadde 
000009d0: 07000000 0a000000 bebafeca efbeadde 
000009e0: 06000000 0b000000 bebafeca efbeadde 
000009f0: 07000000 0b000000 bebafeca efbeadde 
00000a00: 00000000 0c000000 bebafeca efbeadde 
00000a10: 01000000 0c000000 bebafeca efbeadde 
00000a20: 00000000 0d000000 bebafeca efbeadde 
00000a30: 01000000 0d000000 bebafeca efbeadde 
00000a40: 02000000 0c000000 bebafeca efbeadde 
00000a50: 03000000 0c000000 bebafeca efbeadde 
00000a60: 02000000 0d000000 bebafeca efbeadde 
00000a70: 03000000 0d000000 bebafeca efbeadde 
00000a80: 00000000 0e000000 bebafeca efbeadde 
00000a90: 01000000 0e000000 bebafeca efbeadde 
00000aa0: 00000000 0f000000 bebafeca efbeadde 
00000ab0: 01000000 0f000000 bebafeca efbeadde 
00000ac0: 02000000 0e000000 bebafeca efbeadde 
00000ad0: 03000000 0e000000 bebafeca efbeadde 
00000ae0: 02000000 0f000000 bebafeca efbeadde 
00000af0: 03000000 0f000000 bebafeca efbeadde 
00000b00: 04000000 0c000000 bebafeca efbeadde 
00000b10: 05000000 0c000000 bebafeca efbeadde 
00000b20: 04000000 0d000000 bebafeca efbeadde 
00000b30: 05000000 0d000000 bebafeca efbeadde 
00000b40: 06000000 0c000000 bebafeca efbeadde 
00000b50: 07000000 0c000000 bebafeca efbeadde 
00000b60: 06000000 0d000000 bebafeca efbeadde 
00000b70: 07000000 0d000000 bebafeca efbeadde 
00000b80: 04000000 0e000000 bebafeca efbeadde 
00000b90: 05000000 0e000000 bebafeca efbeadde 
00000ba0: 04000000 0f000000 bebafeca efbeadde 
00000bb0: 05000000 0f000000 bebafeca efbeadde 
00000bc0: 06000000 0e000000 bebafeca efbeadde 
00000bd0: 07000000 0e000000 bebafeca efbeadde 
00000be0: 06000000 0f000000 bebafeca efbeadde 
00000bf0: 07000000 0f000000 bebafeca efbeadde 
00000c00: 08000000 08000000 bebafeca efbeadde 
00000c10: 09000000 08000000 bebafeca efbeadde 
00000c20: 08000000 09000000 bebafeca efbeadde 
00000c30: 09000000 09000000 bebafeca efbeadde 
00000c40: 0a000000 08000000 bebafeca efbeadde 
00000c50: 0b000000 08000000 bebafeca efbeadde 
00000c60: 0a000000 09000000 bebafeca efbeadde 
00000c70: 0b000000 09000000 bebafeca efbeadde 
00000c80: 08000000 0a000000 bebafeca efbeadde 
00000c90: 09000000 0a000000 bebafeca efbeadde 
00000ca0: 08000000 0b000000 bebafeca efbeadde 
00000cb0: 09000000 0b000000 bebafeca efbeadde 
00000cc0: 0a000000 0a000000 bebafeca efbeadde 
00000cd0: 0b000000 0a000000 bebafeca efbeadde 
00000ce0: 0a000000 0b000000 bebafeca efbeadde 
00000cf0: 0b000000 0b000000 bebafeca efbeadde 
00000d00: 0c000000 08000000 bebafeca efbeadde 
00000d10: 0d000000 08000000 bebafeca efbeadde 
00000d20: 0c000000 09000000 bebafeca efbeadde 
00000d30: 0d000000 09000000 bebafeca efbeadde 
00000d40: 0e000000 08000000 bebafeca efbeadde 
00000d50: 0f000000 08000000 bebafeca efbeadde 
00000d60: 0e000000 09000000 bebafeca efbeadde 
00000d70: 0f000000 09000000 bebafeca efbeadde 
00000d80: 0c000000 0a000000 bebafeca efbeadde 
00000d90: 0d000000 0a000000 bebafeca efbeadde 
00000da0: 0c000000 0b000000 bebafeca efbeadde 
00000db0: 0d000000 0b000000 bebafeca efbeadde 
00000dc0: 0e000000 0a000000 bebafeca efbeadde 
00000dd0: 0f000000 0a000000 bebafeca efbeadde 
00000de0: 0e000000 0b000000 bebafeca efbeadde 
00000df0: 0f000000 0b000000 bebafeca efbeadde 
00000e00: 08000000 0c000000 bebafeca efbeadde 
00000e10: 09000000 0c000000 bebafeca efbeadde 
00000e20: 08000000 0d000000 bebafeca efbeadde 
00000e30: 09000000 0d000000 bebafeca efbeadde 
00000e40: 0a000000 0c000000 bebafeca efbeadde 
00000e50: 0b000000 0c000000 bebafeca efbeadde 
00000e60: 0a000000 0d000000 bebafeca efbeadde 
00000e70: 0b000000 0d000000 bebafeca efbeadde 
00000e80: 08000000 0e000000 bebafeca efbeadde 
00000e90: 09000000 0e000000 bebafeca efbeadde 
00000ea0: 08000000 0f000000 bebafeca efbeadde 
00000eb0: 09000000 0f000000 bebafeca efbeadde 
00000ec0: 0a000000 0e000000 bebafeca efbeadde 
00000ed0: 0b000000 0e000000 bebafeca efbeadde 
00000ee0: 0a000000 0f000000 bebafeca efbeadde 
00000ef0: 0b000000 0f000000 bebafeca efbeadde 
00000f00: 0c000000 0c000000 bebafeca efbeadde 
00000f10: 0d000000 0c000000 bebafeca efbeadde 
00000f20: 0c000000 0d000000 bebafeca efbeadde 
00000f30: 0d000000 0d000000 bebafeca efbeadde 
00000f40: 0e000000 0c000000 bebafeca efbeadde 
00000f50: 0f000000 0c000000 bebafeca efbeadde 
00000f60: 0e000000 0d000000 bebafeca efbeadde 
00000f70: 0f000000 0d000000 bebafeca efbeadde 
00000f80: 0c000000 0e000000 bebafeca efbeadde 
00000f90: 0d000000 0e000000 bebafeca efbeadde 
00000fa0: 0c000000 0f000000 bebafeca efbeadde 
00000fb0: 0d000000 0f000000 bebafeca efbeadde 
00000fc0: 0e000000 0e000000 bebafeca efbeadde 
00000fd0: 0f000000 0e000000 bebafeca efbeadde 
00000fe0: 0e000000 0f000000 bebafeca efbeadde 
00000ff0: 0f000000 0f000000 bebafeca efbeadde 
00001000: 10000000 00000000 bebafeca efbeadde 
00001010: 11000000 00000000 bebafeca efbeadde 
00001020: 10000000 01000000 bebafeca efbeadde 
00001030: 11000000 01000000 bebafeca efbeadde 
00001040: 12000000 00000000 bebafeca efbeadde 
00001050: 13000000 00000000 bebafeca efbeadde 
00001060: 12000000 01000000 bebafeca efbeadde 
00001070: 13000000 01000000 bebafeca efbeadde 
00001080: 10000000 02000000 bebafeca efbeadde 
00001090: 11000000 02000000 bebafeca efbeadde 
000010a0: 10000000 03000000 bebafeca efbeadde 
000010b0: 11000000 03000000 bebafeca efbeadde 
000010c0: 12000000 02000000 bebafeca efbeadde 
000010d0: 13000000 02000000 bebafeca efbeadde 
000010e0: 12000000 03000000 bebafeca efbeadde 
000010f0: 13000000 03000000 bebafeca efbeadde 
00001100: 14000000 00000000 bebafeca efbeadde 
00001110: 15000000 00000000 bebafeca efbeadde 
00001120: 14000000 01000000 bebafeca efbeadde 
00001130: 15000000 01000000 bebafeca efbeadde 
00001140: 16000000 00000000 bebafeca efbeadde 
00001150: 17000000 00000000 bebafeca efbeadde 
00001160: 16000000 01000000 bebafeca efbeadde 
00001170: 17000000 01000000 bebafeca efbeadde 
00001180: 14000000 02000000 bebafeca efbeadde 
00001190: 15000000 02000000 bebafeca efbeadde 
000011a0: 14000000 03000000 bebafeca efbeadde 
000011b0: 15000000 03000000 bebafeca efbeadde 
000011c0: 16000000 02000000 bebafeca efbeadde 
000011d0: 17000000 02000000 bebafeca efbeadde 
000011e0: 16000000 03000000 bebafeca efbeadde 
000011f0: 17000000 03000000 bebafeca efbeadde 
00001200: 10000000 04000000 bebafeca efbeadde 
00001210: 11000000 04000000 bebafeca efbeadde 
00001220: 10000000 05000000 bebafeca efbeadde 
00001230: 11000000 05000000 bebafeca efbeadde 
00001240: 12000000 04000000 bebafeca efbeadde 
00001250: 13000000 04000000 bebafeca efbeadde 
00001260: 12000000 05000000 bebafeca efbeadde 
00001270: 13000000 05000000 bebafeca efbeadde 
00001280: 10000000 06000000 bebafeca efbeadde 
00001290: 11000000 06000000 bebafeca efbeadde 
000012a0: 10000000 07000000 bebafeca efbeadde 
000012b0: 11000000 07000000 bebafeca efbeadde 
000012c0: 12000000 06000000 bebafeca efbeadde 
000012d0: 13000000 06000000 bebafeca efbeadde 
000012e0: 12000000 07000000 bebafeca efbeadde 
000012f0: 13000000 07000000 bebafeca efbeadde 
00001300: 14000000 04000000 bebafeca efbeadde 
00001310: 15000000 04000000 bebafeca efbeadde 
00001320: 14000000 05000000 bebafeca efbeadde 
00001330: 15000000 05000000 bebafeca efbeadde 
00001340: 16000000 04000000 bebafeca efbeadde 
00001350: 17000000 04000000 bebafeca efbeadde 
00001360: 16000000 05000000 bebafeca efbeadde 
00001370: 17000000 05000000 bebafeca efbeadde 
00001380: 14000000 06000000 bebafeca efbeadde 
00001390: 15000000 06000000 bebafeca efbeadde 
000013a0: 14000000 07000000 bebafeca efbeadde 
000013b0: 15000000 07000000 bebafeca efbeadde 
000013c0: 16000000 06000000 bebafeca efbeadde 
000013d0: 17000000 06000000 bebafeca efbeadde 
000013e0: 16000000 07000000 bebafeca efbeadde 
000013f0: 17000000 07000000 bebafeca efbeadde 
00001400: 18000000 00000000 bebafeca efbeadde 
00001410: 19000000 00000000 bebafeca efbeadde 
00001420: 18000000 01000000 bebafeca efbeadde 
00001430: 19000000 01000000 bebafeca efbeadde 
00001440: 1a000000 00000000 bebafeca efbeadde 
00001450: 1b000000 00000000 bebafeca efbeadde 
00001460: 1a000000 01000000 bebafeca efbeadde 
00001470: 1b000000 01000000 bebafeca efbeadde 
00001480: 18000000 02000000 bebafeca efbeadde 
00001490: 19000000 02000000 bebafeca efbeadde 
000014a0: 18000000 03000000 bebafeca efbeadde 
000014b0: 19000000 03000000 bebafeca efbeadde 
000014c0: 1a000000 02000000 bebafeca efbeadde 
000014d0: 1b000000 02000000 bebafeca efbeadde 
000014e0: 1a000000 03000000 bebafeca efbeadde 
000014f0: 1b000000 03000000 bebafeca efbeadde 
00001500: 1c000000 00000000 bebafeca efbeadde 
00001510: 1d000000 00000000 bebafeca efbeadde 
00001520: 1c000000 01000000 bebafeca efbeadde 
00001530: 1d000000 01000000 bebafeca efbeadde 
00001540: 1e000000 00000000 bebafeca efbeadde 
00001550: 1f000000 00000000 bebafeca efbeadde 
00001560: 1e000000 01000000 bebafeca efbeadde 
00001570: 1f000000 01000000 bebafeca efbeadde 
00001580: 1c000000 02000000 bebafeca efbeadde 
00001590: 1d000000 02000000 bebafeca efbeadde 
000015a0: 1c000000 03000000 bebafeca efbeadde 
000015b0: 1d000000 03000000 bebafeca efbeadde 
000015c0: 1e000000 02000000 bebafeca efbeadde 
000015d0: 1f000000 02000000 bebafeca efbeadde 
000015e0: 1e000000 03000000 bebafeca efbeadde 
000015f0: 1f000000 03000000 bebafeca efbeadde 
00001600: 18000000 04000000 bebafeca efbeadde 
00001610: 19000000 04000000 bebafeca efbeadde 
00001620: 18000000 05000000 bebafeca efbeadde 
00001630: 19000000 05000000 bebafeca efbeadde 
00001640: 1a000000 04000000 bebafeca efbeadde 
00001650: 1b000000 04000000 bebafeca efbeadde 
00001660: 1a000000 05000000 bebafeca efbeadde 
00001670: 1b000000 05000000 bebafeca efbeadde 
00001680: 18000000 06000000 bebafeca efbeadde 
00001690: 19000000 06000000 bebafeca efbeadde 
000016a0: 18000000 07000000 bebafeca efbeadde 
000016b0: 19000000 07000000 bebafeca efbeadde 
000016c0: 1a000000 06000000 bebafeca efbeadde 
000016d0: 1b000000 06000000 bebafeca efbeadde 
000016e0: 1a000000 07000000 bebafeca efbeadde 
000016f0: 1b000000 07000000 bebafeca efbeadde 
00001700: 1c000000 04000000 bebafeca efbeadde 
00001710: 1d000000 04000000 bebafeca efbeadde 
00001720: 1c000000 05000000 bebafeca efbeadde 
00001730: 1d000000 05000000 bebafeca efbeadde 
00001740: 1e000000 04000000 bebafeca efbeadde 
00001750: 1f000000 04000000 bebafeca efbeadde 
00001760: 1e000000 05000000 bebafeca efbeadde 
00001770: 1f000000 05000000 bebafeca efbeadde 
00001780: 1c000000 06000000 bebafeca efbeadde 
00001790: 1d000000 06000000 bebafeca efbeadde 
000017a0: 1c000000 07000000 bebafeca efbeadde 
000017b0: 1d000000 07000000 bebafeca efbeadde 
000017c0: 1e000000 06000000 bebafeca efbeadde 
000017d0: 1f000000 06000000 bebafeca efbeadde 
000017e0: 1e000000 07000000 bebafeca efbeadde 
000017f0: 1f000000 07000000 bebafeca efbeadde 
00001800: 10000000 08000000 bebafeca efbeadde 
00001810: 11000000 08000000 bebafeca efbeadde 
00001820: 10000000 09000000 bebafeca efbeadde 
00001830: 11000000 09000000 bebafeca efbeadde 
00001840: 12000000 08000000 bebafeca efbeadde 
00001850: 13000000 08000000 bebafeca efbeadde 
00001860: 12000000 09000000 bebafeca efbeadde 
00001870: 13000000 09000000 bebafeca efbeadde 
00001880: 10000000 0a000000 bebafeca efbeadde 
00001890: 11000000 0a000000 bebafeca efbeadde 
000018a0: 10000000 0b000000 bebafeca efbeadde 
000018b0: 11000000 0b000000 bebafeca efbeadde 
000018c0: 12000000 0a000000 bebafeca efbeadde 
000018d0: 13000000 0a000000 bebafeca efbeadde 
000018e0: 12000000 0b000000 bebafeca efbeadde 
000018f0: 13000000 0b000000 bebafeca efbeadde 
00001900: 14000000 08000000 bebafeca efbeadde 
00001910: 15000000 08000000 bebafeca efbeadde 
00001920: 14000000 09000000 bebafeca efbeadde 
00001930: 15000000 09000000 bebafeca efbeadde 
00001940: 16000000 08000000 bebafeca efbeadde 
00001950: 17000000 08000000 bebafeca efbeadde 
00001960: 16000000 09000000 bebafeca efbeadde 
00001970: 17000000 09000000 bebafeca efbeadde 
00001980: 14000000 0a000000 bebafeca efbeadde 
00001990: 15000000 0a000000 bebafeca efbeadde 
000019a0: 14000000 0b000000 bebafeca efbeadde 
000019b0: 15000000 0b000000 bebafeca efbeadde 
000019c0: 16000000 0a000000 bebafeca efbeadde 
000019d0: 17000000 0a000000 bebafeca efbeadde 
000019e0: 16000000 0b000000 bebafeca efbeadde 
000019f0: 17000000 0b000000 bebafeca efbeadde 
00001a00: 10000000 0c000000 bebafeca efbeadde 
00001a10: 11000000 0c000000 bebafeca efbeadde 
00001a20: 10000000 0d000000 bebafeca efbeadde 
00001a30: 11000000 0d000000 bebafeca efbeadde 
00001a40: 12000000 0c000000 bebafeca efbeadde 
00001a50: 13000000 0c000000 bebafeca efbeadde 
00001a60: 12000000 0d000000 bebafeca efbeadde 
00001a70: 13000000 0d000000 bebafeca efbeadde 
00001a80: 10000000 0e000000 bebafeca efbeadde 
00001a90: 11000000 0e000000 bebafeca efbeadde 
00001aa0: 10000000 0f000000 bebafeca efbeadde 
00001ab0: 11000000 0f000000 bebafeca efbeadde 
00001ac0: 12000000 0e000000 bebafeca efbeadde 
00001ad0: 13000000 0e000000 bebafeca efbeadde 
00001ae0: 12000000 0f000000 bebafeca efbeadde 
00001af0: 13000000 0f000000 bebafeca efbeadde 
00001b00: 14000000 0c000000 bebafeca efbeadde 
00001b10: 15000000 0c000000 bebafeca efbeadde 
00001b20: 14000000 0d000000 bebafeca efbeadde 
00001b30: 15000000 0d000000 bebafeca efbeadde 
00001b40: 16000000 0c000000 bebafeca efbeadde 
00001b50: 17000000 0c000000 bebafeca efbeadde 
00001b60: 16000000 0d000000 bebafeca efbeadde 
00001b70: 17000000 0d000000 bebafeca efbeadde 
00001b80: 14000000 0e000000 bebafeca efbeadde 
00001b90: 15000000 0e000000 bebafeca efbeadde 
00001ba0: 14000000 0f000000 bebafeca efbeadde 
00001bb0: 15000000 0f000000 bebafeca efbeadde 
00001bc0: 16000000 0e000000 bebafeca efbeadde 
00001bd0: 17000000 0e000000 bebafeca efbeadde 
00001be0: 16000000 0f000000 bebafeca efbeadde 
00001bf0: 17000000 0f000000 bebafeca efbeadde 
00001c00: 18000000 08000000 bebafeca efbeadde 
00001c10: 19000000 08000000 bebafeca efbeadde 
00001c20: 18000000 09000000 bebafeca efbeadde 
00001c30: 19000000 09000000 bebafeca efbeadde 
00001c40: 1a000000 08000000 bebafeca efbeadde 
00001c50: 1b000000 08000000 bebafeca efbeadde 
00001c60: 1a000000 09000000 bebafeca efbeadde 
00001c70: 1b000000 09000000 bebafeca efbeadde 
00001c80: 18000000 0a000000 bebafeca efbeadde 
00001c90: 19000000 0a000000 bebafeca efbeadde 
00001ca0: 18000000 0b000000 bebafeca efbeadde 
00001cb0: 19000000 0b000000 bebafeca efbeadde 
00001cc0: 1a000000 0a000000 bebafeca efbeadde 
00001cd0: 1b000000 0a000000 bebafeca efbeadde 
00001ce0: 1a000000 0b000000 bebafeca efbeadde 
00001cf0: 1b000000 0b000000 bebafeca efbeadde 
00001d00: 1c000000 08000000 bebafeca efbeadde 
00001d10: 1d000000 08000000 bebafeca efbeadde 
00001d20: 1c000000 09000000 bebafeca efbeadde 
00001d30: 1d000000 09000000 bebafeca efbeadde 
00001d40: 1e000000 08000000 bebafeca efbeadde 
00001d50: 1f000000 08000000 bebafeca efbeadde 
00001d60: 1e000000 09000000 bebafeca efbeadde 
00001d70: 1f000000 09000000 bebafeca efbeadde 
00001d80: 1c000000 0a000000 bebafeca efbeadde 
00001d90: 1d000000 0a000000 bebafeca efbeadde 
00001da0: 1c000000 0b000000 bebafeca efbeadde 
00001db0: 1d000000 0b000000 bebafeca efbeadde 
00001dc0: 1e000000 0a000000 bebafeca efbeadde 
00001dd0: 1f000000 0a000000 bebafeca efbeadde 
00001de0: 1e000000 0b000000 bebafeca efbeadde 
00001df0: 1f000000 0b000000 bebafeca efbeadde 
00001e00: 18000000 0c000000 bebafeca efbeadde 
00001e10: 19000000 0c000000 bebafeca efbeadde 
00001e20: 18000000 0d000000 bebafeca efbeadde 
00001e30: 19000000 0d000000 bebafeca efbeadde 
00001e40: 1a000000 0c000000 bebafeca efbeadde 
00001e50: 1b000000 0c000000 bebafeca efbeadde 
00001e60: 1a000000 0d000000 bebafeca efbeadde 
00001e70: 1b000000 0d000000 bebafeca efbeadde 
00001e80: 18000000 0e000000 bebafeca efbeadde 
00001e90: 19000000 0e000000 bebafeca efbeadde 
00001ea0: 18000000 0f000000 bebafeca efbeadde 
00001eb0: 19000000 0f000000 bebafeca efbeadde 
00001ec0: 1a000000 0e000000 bebafeca efbeadde 
00001ed0: 1b000000 0e000000 bebafeca efbeadde 
00001ee0: 1a000000 0f000000 bebafeca efbeadde 
00001ef0: 1b000000 0f000000 bebafeca efbeadde 
00001f00: 1c000000 0c000000 bebafeca efbeadde 
00001f10: 1d000000 0c000000 bebafeca efbeadde 
00001f20: 1c000000 0d000000 bebafeca efbeadde 
00001f30: 1d000000 0d000000 bebafeca efbeadde 
00001f40: 1e000000 0c000000 bebafeca efbeadde 
00001f50: 1f000000 0c000000 bebafeca efbeadde 
00001f60: 1e000000 0d000000 bebafeca efbeadde 
00001f70: 1f000000 0d000000 bebafeca efbeadde 
00001f80: 1c000000 0e000000 bebafeca efbeadde 
00001f90: 1d000000 0e000000 bebafeca efbeadde 
00001fa0: 1c000000 0f000000 bebafeca efbeadde 
00001fb0: 1d000000 0f000000 bebafeca efbeadde 
00001fc0: 1e000000 0e000000 bebafeca efbeadde 
00001fd0: 1f000000 0e000000 bebafeca efbeadde 
00001fe0: 1e000000 0f000000 bebafeca efbeadde 
00001ff0: 1f000000 0f000000 bebafeca efbeadde 
00002000: 00000000 10000000 bebafeca efbeadde 
00002010: 01000000 10000000 bebafeca efbeadde 
00002020: 00000000 11000000 bebafeca efbeadde 
00002030: 01000000 11000000 bebafeca efbeadde 
00002040: 02000000 10000000 bebafeca efbeadde 
00002050: 03000000 10000000 bebafeca efbeadde 
00002060: 02000000 11000000 bebafeca efbeadde 
00002070: 03000000 11000000 bebafeca efbeadde 
00002080: 00000000 12000000 bebafeca efbeadde 
00002090: 01000000 12000000 bebafeca efbeadde 
000020a0: 00000000 13000000 bebafeca efbeadde 
000020b0: 01000000 13000000 bebafeca efbeadde 
000020c0: 02000000 12000000 bebafeca efbeadde 
000020d0: 03000000 12000000 bebafeca efbeadde 
000020e0: 02000000 13000000 bebafeca efbeadde 
000020f0: 03000000 13000000 bebafeca efbeadde 
00002100: 04000000 10000000 bebafeca efbeadde 
00002110: 05000000 10000000 bebafeca efbeadde 
00002120: 04000000 11000000 bebafeca efbeadde 
00002130: 05000000 11000000 bebafeca efbeadde 
00002140: 06000000 10000000 bebafeca efbeadde 
00002150: 07000000 10000000 bebafeca efbeadde 
00002160: 06000000 11000000 bebafeca efbeadde 
00002170: 07000000 11000000 bebafeca efbeadde 
00002180: 04000000 12000000 bebafeca efbeadde 
00002190: 05000000 12000000 bebafeca efbeadde 
000021a0: 04000000 13000000 bebafeca efbeadde 
000021b0: 05000000 13000000 bebafeca efbeadde 
000021c0: 06000000 12000000 bebafeca efbeadde 
000021d0: 07000000 12000000 bebafeca efbeadde 
000021e0: 06000000 13000000 bebafeca efbeadde 
000021f0: 07000000 13000000 bebafeca efbeadde 
00002200: 00000000 14000000 bebafeca efbeadde 
00002210: 01000000 14000000 bebafeca efbeadde 
00002220: 00000000 15000000 bebafeca efbeadde 
00002230: 01000000 15000000 bebafeca efbeadde 
00002240: 02000000 14000000 bebafeca efbeadde 
00002250: 03000000 14000000 bebafeca efbeadde 
00002260: 02000000 15000000 bebafeca efbeadde 
00002270: 03000000 15000000 bebafeca efbeadde 
00002280: 00000000 16000000 bebafeca efbeadde 
00002290: 01000000 16000000 bebafeca efbeadde 
000022a0: 00000000 17000000 bebafeca efbeadde 
000022b0: 01000000 17000000 bebafeca efbeadde 
000022c0: 02000000 16000000 bebafeca efbeadde 
000022d0: 03000000 16000000 bebafeca efbeadde 
000022e0: 02000000 17000000 bebafeca efbeadde 
000022f0: 03000000 17000000 bebafeca efbeadde 
00002300: 04000000 14000000 bebafeca efbeadde 
00002310: 05000000 14000000 bebafeca efbeadde 
00002320: 04000000 15000000 bebafeca efbeadde 
00002330: 05000000 15000000 bebafeca efbeadde 
00002340: 06000000 14000000 bebafeca efbeadde 
00002350: 07000000 14000000 bebafeca efbeadde 
00002360: 06000000 15000000 bebafeca efbeadde 
00002370: 07000000 15000000 bebafeca efbeadde 
00002380: 04000000 16000000 bebafeca efbeadde 
00002390: 05000000 16000000 bebafeca efbeadde 
000023a0: 04000000 17000000 bebafeca efbeadde 
000023b0: 05000000 17000000 bebafeca efbeadde 
000023c0: 06000000 16000000 bebafeca efbeadde 
000023d0: 07000000 16000000 bebafeca efbeadde 
000023e0: 06000000 17000000 bebafeca efbeadde 
000023f0: 07000000 17000000 bebafeca efbeadde 
00002400: 08000000 10000000 bebafeca efbeadde 
00002410: 09000000 10000000 bebafeca efbeadde 
00002420: 08000000 11000000 bebafeca efbeadde 
00002430: 09000000 11000000 bebafeca efbeadde 
00002440: 0a000000 10000000 bebafeca efbeadde 
00002450: 0b000000 10000000 bebafeca efbeadde 
00002460: 0a000000 11000000 bebafeca efbeadde 
00002470: 0b000000 11000000 bebafeca efbeadde 
00002480: 08000000 12000000 bebafeca efbeadde 
00002490: 09000000 12000000 bebafeca efbeadde 
000024a0: 08000000 13000000 bebafeca efbeadde 
000024b0: 09000000 13000000 bebafeca efbeadde 
000024c0: 0a000000 12000000 bebafeca efbeadde 
000024d0: 0b000000 12000000 bebafeca efbeadde 
000024e0: 0a000000 13000000 bebafeca efbeadde 
000024f0: 0b000000 13000000 bebafeca efbeadde 
00002500: 0c000000 10000000 bebafeca efbeadde 
00002510: 0d000000 10000000 bebafeca efbeadde 
00002520: 0c000000 11000000 bebafeca efbeadde 
00002530: 0d000000 11000000 bebafeca efbeadde 
00002540: 0e000000 10000000 bebafeca efbeadde 
00002550: 0f000000 10000000 bebafeca efbeadde 
00002560: 0e000000 11000000 bebafeca efbeadde 
00002570: 0f000000 11000000 bebafeca efbeadde 
00002580: 0c000000 12000000 bebafeca efbeadde 
00002590: 0d000000 12000000 bebafeca efbeadde 
000025a0: 0c000000 13000000 bebafeca efbeadde 
000025b0: 0d000000 13000000 bebafeca efbeadde 
000025c0: 0e000000 12000000 bebafeca efbeadde 
000025d0: 0f000000 12000000 bebafeca efbeadde 
000025e0: 0e000000 13000000 bebafeca efbeadde 
000025f0: 0f000000 13000000 bebafeca efbeadde 
00002600: 08000000 14000000 bebafeca efbeadde 
00002610: 09000000 14000000 bebafeca efbeadde 
00002620: 08000000 15000000 bebafeca efbeadde 
00002630: 09000000 15000000 bebafeca efbeadde 
00002640: 0a000000 14000000 bebafeca efbeadde 
00002650: 0b000000 14000000 bebafeca efbeadde 
00002660: 0a000000 15000000 bebafeca efbeadde 
00002670: 0b000000 15000000 bebafeca efbeadde 
00002680: 08000000 16000000 bebafeca efbeadde 
00002690: 09000000 16000000 bebafeca efbeadde 
000026a0: 08000000 17000000 bebafeca efbeadde 
000026b0: 09000000 17000000 bebafeca efbeadde 
000026c0: 0a000000 16000000 bebafeca efbeadde 
000026d0: 0b000000 16000000 bebafeca efbeadde 
000026e0: 0a000000 17000000 bebafeca efbeadde 
000026f0: 0b000000 17000000 bebafeca efbeadde 
00002700: 0c000000 14000000 bebafeca efbeadde 
00002710: 0d000000 14000000 bebafeca efbeadde 
00002720: 0c000000 15000000 bebafeca efbeadde 
00002730: 0d000000 15000000 bebafeca efbeadde 
00002740: 0e000000 14000000 bebafeca efbeadde 
00002750: 0f000000 14000000 bebafeca efbeadde 
00002760: 0e000000 15000000 bebafeca efbeadde 
00002770: 0f000000 15000000 bebafeca efbeadde 
00002780: 0c000000 16000000 bebafeca efbeadde 
00002790: 0d000000 16000000 bebafeca efbeadde 
000027a0: 0c000000 17000000 bebafeca efbeadde 
000027b0: 0d000000 17000000 bebafeca efbeadde 
000027c0: 0e000000 16000000 bebafeca efbeadde 
000027d0: 0f000000 16000000 bebafeca efbeadde 
000027e0: 0e000000 17000000 bebafeca efbeadde 
000027f0: 0f000000 17000000 bebafeca efbeadde 
00002800: 00000000 18000000 bebafeca efbeadde 
00002810: 01000000 18000000 bebafeca efbeadde 
00002820: 00000000 19000000 bebafeca efbeadde 
00002830: 01000000 19000000 bebafeca efbeadde 
00002840: 02000000 18000000 bebafeca efbeadde 
00002850: 03000000 18000000 bebafeca efbeadde 
00002860: 02000000 19000000 bebafeca efbeadde 
00002870: 03000000 19000000 bebafeca efbeadde 
00002880: 00000000 1a000000 bebafeca efbeadde 
00002890: 01000000 1a000000 bebafeca efbeadde 
000028a0: 00000000 1b000000 bebafeca efbeadde 
000028b0: 01000000 1b000000 bebafeca efbeadde 
000028c0: 02000000 1a000000 bebafeca efbeadde 
000028d0: 03000000 1a000000 bebafeca efbeadde 
000028e0: 02000000 1b000000 bebafeca efbeadde 
000028f0: 03000000 1b000000 bebafeca efbeadde 
00002900: 04000000 18000000 bebafeca efbeadde 
00002910: 05000000 18000000 bebafeca efbeadde 
00002920: 04000000 19000000 bebafeca efbeadde 
00002930: 05000000 19000000 bebafeca efbeadde 
00002940: 06000000 18000000 bebafeca efbeadde 
00002950: 07000000 18000000 bebafeca efbeadde 
00002960: 06000000 19000000 bebafeca efbeadde 
00002970: 07000000 19000000 bebafeca efbeadde 
00002980: 04000000 1a000000 bebafeca efbeadde 
00002990: 05000000 1a000000 bebafeca efbeadde 
000029a0: 04000000 1b000000 bebafeca efbeadde 
000029b0: 05000000 1b000000 bebafeca efbeadde 
000029c0: 06000000 1a000000 bebafeca efbeadde 
000029d0: 07000000 1a000000 bebafeca efbeadde 
000029e0: 06000000 1b000000 bebafeca efbeadde 
000029f0: 07000000 1b000000 bebafeca efbeadde 
00002a00: 00000000 1c000000 bebafeca efbeadde 
00002a10: 01000000 1c000000 bebafeca efbeadde 
00002a20: 00000000 1d000000 bebafeca efbeadde 
00002a30: 01000000 1d000000 bebafeca efbeadde 
00002a40: 02000000 1c000000 bebafeca efbeadde 
00002a50: 03000000 1c000000 bebafeca efbeadde 
00002a60: 02000000 1d000000 bebafeca efbeadde 
00002a70: 03000000 1d000000 bebafeca efbeadde 
00002a80: 00000000 1e000000 bebafeca efbeadde 
00002a90: 01000000 1e000000 bebafeca efbeadde 
00002aa0: 00000000 1f000000 bebafeca efbeadde 
00002ab0: 01000000 1f000000 bebafeca efbeadde 
00002ac0: 02000000 1e000000 bebafeca efbeadde 
00002ad0: 03000000 1e000000 bebafeca efbeadde 
00002ae0: 02000000 1f000000 bebafeca efbeadde 
00002af0: 03000000 1f000000 bebafeca efbeadde 
00002b00: 04000000 1c000000 bebafeca efbeadde 
00002b10: 05000000 1c000000 bebafeca efbeadde 
00002b20: 04000000 1d000000 bebafeca efbeadde 
00002b30: 05000000 1d000000 bebafeca efbeadde 
00002b40: 06000000 1c000000 bebafeca efbeadde 
00002b50: 07000000 1c000000 bebafeca efbeadde 
00002b60: 06000000 1d000000 bebafeca efbeadde 
00002b70: 07000000 1d000000 bebafeca efbeadde 
00002b80: 04000000 1e000000 bebafeca efbeadde 
00002b90: 05000000 1e000000 bebafeca efbeadde 
00002ba0: 04000000 1f000000 bebafeca efbeadde 
00002bb0: 05000000 1f000000 bebafeca efbeadde 
00002bc0: 06000000 1e000000 bebafeca efbeadde 
00002bd0: 07000000 1e000000 bebafeca efbeadde 
00002be0: 06000000 1f000000 bebafeca efbeadde 
00002bf0: 07000000 1f000000 bebafeca efbeadde 
00002c00: 08000000 18000000 bebafeca efbeadde 
00002c10: 09000000 18000000 bebafeca efbeadde 
00002c20: 08000000 19000000 bebafeca efbeadde 
00002c30: 09000000 19000000 bebafeca efbeadde 
00002c40: 0a000000 18000000 bebafeca efbeadde 
00002c50: 0b000000 18000000 bebafeca efbeadde 
00002c60: 0a000000 19000000 bebafeca efbeadde 
00002c70: 0b000000 19000000 bebafeca efbeadde 
00002c80: 08000000 1a000000 bebafeca efbeadde 
00002c90: 09000000 1a000000 bebafeca efbeadde 
00002ca0: 08000000 1b000000 bebafeca efbeadde 
00002cb0: 09000000 1b000000 bebafeca efbeadde 
00002cc0: 0a000000 1a000000 bebafeca efbeadde 
00002cd0: 0b000000 1a000000 bebafeca efbeadde 
00002ce0: 0a000000 1b000000 bebafeca efbeadde 
00002cf0: 0b000000 1b000000 bebafeca efbeadde 
00002d00: 0c000000 18000000 bebafeca efbeadde 
00002d10: 0d000000 18000000 bebafeca efbeadde 
00002d20: 0c000000 19000000 bebafeca efbeadde 
00002d30: 0d000000 19000000 bebafeca efbeadde 
00002d40: 0e000000 18000000 bebafeca efbeadde 
00002d50: 0f000000 18000000 bebafeca efbeadde 
00002d60: 0e000000 19000000 bebafeca efbeadde 
00002d70: 0f000000 19000000 bebafeca efbeadde 
00002d80: 0c000000 1a000000 bebafeca efbeadde 
00002d90: 0d000000 1a000000 bebafeca efbeadde 
00002da0: 0c000000 1b000000 bebafeca efbeadde 
00002db0: 0d000000 1b000000 bebafeca efbeadde 
00002dc0: 0e000000 1a000000 bebafeca efbeadde 
00002dd0: 0f000000 1a000000 bebafeca efbeadde 
00002de0: 0e000000 1b000000 bebafeca efbeadde 
00002df0: 0f000000 1b000000 bebafeca efbeadde 
00002e00: 08000000 1c000000 bebafeca efbeadde 
00002e10: 09000000 1c000000 bebafeca efbeadde 
00002e20: 08000000 1d000000 bebafeca efbeadde 
00002e30: 09000000 1d000000 bebafeca efbeadde 
00002e40: 0a000000 1c000000 bebafeca efbeadde 
00002e50: 0b000000 1c000000 bebafeca efbeadde 
00002e60: 0a000000 1d000000 bebafeca efbeadde 
00002e70: 0b000000 1d000000 bebafeca efbeadde 
00002e80: 08000000 1e000000 bebafeca efbeadde 
00002e90: 09000000 1e000000 bebafeca efbeadde 
00002ea0: 08000000 1f000000 bebafeca efbeadde 
00002eb0: 09000000 1f000000 bebafeca efbeadde 
00002ec0: 0a000000 1e000000 bebafeca efbeadde 
00002ed0: 0b000000 1e000000 bebafeca efbeadde 
00002ee0: 0a000000 1f000000 bebafeca efbeadde 
00002ef0: 0b000000 1f000000 bebafeca efbeadde 
00002f00: 0c000000 1c000000 bebafeca efbeadde 
00002f10: 0d000000 1c000000 bebafeca efbeadde 
00002f20: 0c000000 1d000000 bebafeca efbeadde 
00002f30: 0d000000 1d000000 bebafeca efbeadde 
00002f40: 0e000000 1c000000 bebafeca efbeadde 
00002f50: 0f000000 1c000000 bebafeca efbeadde 
00002f60: 0e000000 1d000000 bebafeca efbeadde 
00002f70: 0f000000 1d000000 bebafeca efbeadde 
00002f80: 0c000000 1e000000 bebafeca efbeadde 
00002f90: 0d000000 1e000000 bebafeca efbeadde 
00002fa0: 0c000000 1f000000 bebafeca efbeadde 
00002fb0: 0d000000 1f000000 bebafeca efbeadde 
00002fc0: 0e000000 1e000000 bebafeca efbeadde 
00002fd0: 0f000000 1e000000 bebafeca efbeadde 
00002fe0: 0e000000 1f000000 bebafeca efbeadde 
00002ff0: 0f000000 1f000000 bebafeca efbeadde 
00003000: 10000000 10000000 bebafeca efbeadde 
00003010: 11000000 10000000 bebafeca efbeadde 
00003020: 10000000 11000000 bebafeca efbeadde 
00003030: 11000000 11000000 bebafeca efbeadde 
00003040: 12000000 10000000 bebafeca efbeadde 
00003050: 13000000 10000000 bebafeca efbeadde 
00003060: 12000000 11000000 bebafeca efbeadde 
00003070: 13000000 11000000 bebafeca efbeadde 
00003080: 10000000 12000000 bebafeca efbeadde 
00003090: 11000000 12000000 bebafeca efbeadde 
000030a0: 10000000 13000000 bebafeca efbeadde 
000030b0: 11000000 13000000 bebafeca efbeadde 
000030c0: 12000000 12000000 bebafeca efbeadde 
000030d0: 13000000 12000000 bebafeca efbeadde 
000030e0: 12000000 13000000 bebafeca efbeadde 
000030f0: 13000000 13000000 bebafeca efbeadde 
00003100: 14000000 10000000 bebafeca efbeadde 
00003110: 15000000 10000000 bebafeca efbeadde 
00003120: 14000000 11000000 bebafeca efbeadde 
00003130: 15000000 11000000 bebafeca efbeadde 
00003140: 16000000 10000000 bebafeca efbeadde 
00003150: 17000000 10000000 bebafeca efbeadde 
00003160: 16000000 11000000 bebafeca efbeadde 
00003170: 17000000 11000000 bebafeca efbeadde 
00003180: 14000000 12000000 bebafeca efbeadde 
00003190: 15000000 12000000 bebafeca efbeadde 
000031a0: 14000000 13000000 bebafeca efbeadde 
000031b0: 15000000 13000000 bebafeca efbeadde 
000031c0: 16000000 12000000 bebafeca efbeadde 
000031d0: 17000000 12000000 bebafeca efbeadde 
000031e0: 16000000 13000000 bebafeca efbeadde 
000031f0: 17000000 13000000 bebafeca efbeadde 
00003200: 10000000 14000000 bebafeca efbeadde 
00003210: 11000000 14000000 bebafeca efbeadde 
00003220: 10000000 15000000 bebafeca efbeadde 
00003230: 11000000 15000000 bebafeca efbeadde 
00003240: 12000000 14000000 bebafeca efbeadde 
00003250: 13000000 14000000 bebafeca efbeadde 
00003260: 12000000 15000000 bebafeca efbeadde 
00003270: 13000000 15000000 bebafeca efbeadde 
00003280: 10000000 16000000 bebafeca efbeadde 
00003290: 11000000 16000000 bebafeca efbeadde 
000032a0: 10000000 17000000 bebafeca efbeadde 
000032b0: 11000000 17000000 bebafeca efbeadde 
000032c0: 12000000 16000000 bebafeca efbeadde 
000032d0: 13000000 16000000 bebafeca efbeadde 
000032e0: 12000000 17000000 bebafeca efbeadde 
000032f0: 13000000 17000000 bebafeca efbeadde 
00003300: 14000000 14000000 bebafeca efbeadde 
00003310: 15000000 14000000 bebafeca efbeadde 
00003320: 14000000 15000000 bebafeca efbeadde 
00003330: 15000000 15000000 bebafeca efbeadde 
00003340: 16000000 14000000 bebafeca efbeadde 
00003350: 17000000 14000000 bebafeca efbeadde 
00003360: 16000000 15000000 bebafeca efbeadde 
00003370: 17000000 15000000 bebafeca efbeadde 
00003380: 14000000 16000000 bebafeca efbeadde 
00003390: 15000000 16000000 bebafeca efbeadde 
000033a0: 14000000 17000000 bebafeca efbeadde 
000033b0: 15000000 17000000 bebafeca efbeadde 
000033c0: 16000000 16000000 bebafeca efbeadde 
000033d0: 17000000 16000000 bebafeca efbeadde 
000033e0: 16000000 17000000 bebafeca efbeadde 
000033f0: 17000000 17000000 bebafeca efbeadde 
00003400: 18000000 10000000 bebafeca efbeadde 
00003410: 19000000 10000000 bebafeca efbeadde 
00003420: 18000000 11000000 bebafeca efbeadde 
00003430: 19000000 11000000 bebafeca efbeadde 
00003440: 1a000000 10000000 bebafeca efbeadde 
00003450: 1b000000 10000000 bebafeca efbeadde 
00003460: 1a000000 11000000 bebafeca efbeadde 
00003470: 1b000000 11000000 bebafeca efbeadde 
00003480: 18000000 12000000 bebafeca efbeadde 
00003490: 19000000 12000000 bebafeca efbeadde 
000034a0: 18000000 13000000 bebafeca efbeadde 
000034b0: 19000000 13000000 bebafeca efbeadde 
000034c0: 1a000000 12000000 bebafeca efbeadde 
000034d0: 1b000000 12000000 bebafeca efbeadde 
000034e0: 1a000000 13000000 bebafeca efbeadde 
000034f0: 1b000000 13000000 bebafeca efbeadde 
00003500: 1c000000 10000000 bebafeca efbeadde 
00003510: 1d000000 10000000 bebafeca efbeadde 
00003520: 1c000000 11000000 bebafeca efbeadde 
00003530: 1d000000 11000000 bebafeca efbeadde 
00003540: 1e000000 10000000 bebafeca efbeadde 
00003550: 1f000000 10000000 bebafeca efbeadde 
00003560: 1e000000 11000000 bebafeca efbeadde 
00003570: 1f000000 11000000 bebafeca efbeadde 
00003580: 1c000000 12000000 bebafeca efbeadde 
00003590: 1d000000 12000000 bebafeca efbeadde 
000035a0: 1c000000 13000000 bebafeca efbeadde 
000035b0: 1d000000 13000000 bebafeca efbeadde 
000035c0: 1e000000 12000000 bebafeca efbeadde 
000035d0: 1f000000 12000000 bebafeca efbeadde 
000035e0: 1e000000 13000000 bebafeca efbeadde 
000035f0: 1f000000 13000000 bebafeca efbeadde 
00003600: 18000000 14000000 bebafeca efbeadde 
00003610: 19000000 14000000 bebafeca efbeadde 
00003620: 18000000 15000000 bebafeca efbeadde 
00003630: 19000000 15000000 bebafeca efbeadde 
00003640: 1a000000 14000000 bebafeca efbeadde 
00003650: 1b000000 14000000 bebafeca efbeadde 
00003660: 1a000000 15000000 bebafeca efbeadde 
00003670: 1b000000 15000000 bebafeca efbeadde 
00003680: 18000000 16000000 bebafeca efbeadde 
00003690: 19000000 16000000 bebafeca efbeadde 
000036a0: 18000000 17000000 bebafeca efbeadde 
000036b0: 19000000 17000000 bebafeca efbeadde 
000036c0: 1a000000 16000000 bebafeca efbeadde 
000036d0: 1b000000 16000000 bebafeca efbeadde 
000036e0: 1a000000 17000000 bebafeca efbeadde 
000036f0: 1b000000 17000000 bebafeca efbeadde 
00003700: 1c000000 14000000 bebafeca efbeadde 
00003710: 1d000000 14000000 bebafeca efbeadde 
00003720: 1c000000 15000000 bebafeca efbeadde 
00003730: 1d000000 15000000 bebafeca efbeadde 
00003740: 1e000000 14000000 bebafeca efbeadde 
00003750: 1f000000 14000000 bebafeca efbeadde 
00003760: 1e000000 15000000 bebafeca efbeadde 
00003770: 1f000000 15000000 bebafeca efbeadde 
00003780: 1c000000 16000000 bebafeca efbeadde 
00003790: 1d000000 16000000 bebafeca efbeadde 
000037a0: 1c000000 17000000 bebafeca efbeadde 
000037b0: 1d000000 17000000 bebafeca efbeadde 
000037c0: 1e000000 16000000 bebafeca efbeadde 
000037d0: 1f000000 16000000 bebafeca efbeadde 
000037e0: 1e000000 17000000 bebafeca efbeadde 
000037f0: 1f000000 17000000 bebafeca efbeadde 
00003800: 10000000 18000000 bebafeca efbeadde 
00003810: 11000000 18000000 bebafeca efbeadde 
00003820: 10000000 19000000 bebafeca efbeadde 
00003830: 11000000 19000000 bebafeca efbeadde 
00003840: 12000000 18000000 bebafeca efbeadde 
00003850: 13000000 18000000 bebafeca efbeadde 
00003860: 12000000 19000000 bebafeca efbeadde 
00003870: 13000000 19000000 bebafeca efbeadde 
00003880: 10000000 1a000000 bebafeca efbeadde 
00003890: 11000000 1a000000 bebafeca efbeadde 
000038a0: 10000000 1b000000 bebafeca efbeadde 
000038b0: 11000000 1b000000 bebafeca efbeadde 
000038c0: 12000000 1a000000 bebafeca efbeadde 
000038d0: 13000000 1a000000 bebafeca efbeadde 
000038e0: 12000000 1b000000 bebafeca efbeadde 
000038f0: 13000000 1b000000 bebafeca efbeadde 
00003900: 14000000 18000000 bebafeca efbeadde 
00003910: 15000000 18000000 bebafeca efbeadde 
00003920: 14000000 19000000 bebafeca efbeadde 
00003930: 15000000 19000000 bebafeca efbeadde 
00003940: 16000000 18000000 bebafeca efbeadde 
00003950: 17000000 18000000 bebafeca efbeadde 
00003960: 16000000 19000000 bebafeca efbeadde 
00003970: 17000000 19000000 bebafeca efbeadde 
00003980: 14000000 1a000000 bebafeca efbeadde 
00003990: 15000000 1a000000 bebafeca efbeadde 
000039a0: 14000000 1b000000 bebafeca efbeadde 
000039b0: 15000000 1b000000 bebafeca efbeadde 
000039c0: 16000000 1a000000 bebafeca efbeadde 
000039d0: 17000000 1a000000 bebafeca efbeadde 
000039e0: 16000000 1b000000 bebafeca efbeadde 
000039f0: 17000000 1b000000 bebafeca efbeadde 
00003a00: 10000000 1c000000 bebafeca efbeadde 
00003a10: 11000000 1c000000 bebafeca efbeadde 
00003a20: 10000000 1d000000 bebafeca efbeadde 
00003a30: 11000000 1d000000 bebafeca efbeadde 
00003a40: 12000000 1c000000 bebafeca efbeadde 
00003a50: 13000000 1c000000 bebafeca efbeadde 
00003a60: 12000000 1d000000 bebafeca efbeadde 
00003a70: 13000000 1d000000 bebafeca efbeadde 
00003a80: 10000000 1e000000 bebafeca efbeadde 
00003a90: 11000000 1e000000 bebafeca efbeadde 
00003aa0: 10000000 1f000000 bebafeca efbeadde 
00003ab0: 11000000 1f000000 bebafeca efbeadde 
00003ac0: 12000000 1e000000 bebafeca efbeadde 
00003ad0: 13000000 1e000000 bebafeca efbeadde 
00003ae0: 12000000 1f000000 bebafeca efbeadde 
00003af0: 13000000 1f000000 bebafeca efbeadde 
00003b00: 14000000 1c000000 bebafeca efbeadde 
00003b10: 15000000 1c000000 bebafeca efbeadde 
00003b20: 14000000 1d000000 bebafeca efbeadde 
00003b30: 15000000 1d000000 bebafeca efbeadde 
00003b40: 16000000 1c000000 bebafeca efbeadde 
00003b50: 17000000 1c000000 bebafeca efbeadde 
00003b60: 16000000 1d000000 bebafeca efbeadde 
00003b70: 17000000 1d000000 bebafeca efbeadde 
00003b80: 14000000 1e000000 bebafeca efbeadde 
00003b90: 15000000 1e000000 bebafeca efbeadde 
00003ba0: 14000000 1f000000 bebafeca efbeadde 
00003bb0: 15000000 1f000000 bebafeca efbeadde 
00003bc0: 16000000 1e000000 bebafeca efbeadde 
00003bd0: 17000000 1e000000 bebafeca efbeadde 
00003be0: 16000000 1f000000 bebafeca efbeadde 
00003bf0: 17000000 1f000000 bebafeca efbeadde 
00003c00: 18000000 18000000 bebafeca efbeadde 
00003c10: 19000000 18000000 bebafeca efbeadde 
00003c20: 18000000 19000000 bebafeca efbeadde 
00003c30: 19000000 19000000 bebafeca efbeadde 
00003c40: 1a000000 18000000 bebafeca efbeadde 
00003c50: 1b000000 18000000 bebafeca efbeadde 
00003c60: 1a000000 19000000 bebafeca efbeadde 
00003c70: 1b000000 19000000 bebafeca efbeadde 
00003c80: 18000000 1a000000 bebafeca efbeadde 
00003c90: 19000000 1a000000 bebafeca efbeadde 
00003ca0: 18000000 1b000000 bebafeca efbeadde 
00003cb0: 19000000 1b000000 bebafeca efbeadde 
00003cc0: 1a000000 1a000000 bebafeca efbeadde 
00003cd0: 1b000000 1a000000 bebafeca efbeadde 
00003ce0: 1a000000 1b000000 bebafeca efbeadde 
00003cf0: 1b000000 1b000000 bebafeca efbeadde 
00003d00: 1c000000 18000000 bebafeca efbeadde 
00003d10: 1d000000 18000000 bebafeca efbeadde 
00003d20: 1c000000 19000000 bebafeca efbeadde 
00003d30: 1d000000 19000000 bebafeca efbeadde 
00003d40: 1e000000 18000000 bebafeca efbeadde 
00003d50: 1f000000 18000000 bebafeca efbeadde 
00003d60: 1e000000 19000000 bebafeca efbeadde 
00003d70: 1f000000 19000000 bebafeca efbeadde 
00003d80: 1c000000 1a000000 bebafeca efbeadde 
00003d90: 1d000000 1a000000 bebafeca efbeadde 
00003da0: 1c000000 1b000000 bebafeca efbeadde 
00003db0: 1d000000 1b000000 bebafeca efbeadde 
00003dc0: 1e000000 1a000000 bebafeca efbeadde 
00003dd0: 1f000000 1a000000 bebafeca efbeadde 
00003de0: 1e000000 1b000000 bebafeca efbeadde 
00003df0: 1f000000 1b000000 bebafeca efbeadde 
00003e00: 18000000 1c000000 bebafeca efbeadde 
00003e10: 19000000 1c000000 bebafeca efbeadde 
00003e20: 18000000 1d000000 bebafeca efbeadde 
00003e30: 19000000 1d000000 bebafeca efbeadde 
00003e40: 1a000000 1c000000 bebafeca efbeadde 
00003e50: 1b000000 1c000000 bebafeca efbeadde 
00003e60: 1a000000 1d000000 bebafeca efbeadde 
00003e70: 1b000000 1d000000 bebafeca efbeadde 
00003e80: 18000000 1e000000 bebafeca efbeadde 
00003e90: 19000000 1e000000 bebafeca efbeadde 
00003ea0: 18000000 1f000000 bebafeca efbeadde 
00003eb0: 19000000 1f000000 bebafeca efbeadde 
00003ec0: 1a000000 1e000000 bebafeca efbeadde 
00003ed0: 1b000000 1e000000 bebafeca efbeadde 
00003ee0: 1a000000 1f000000 bebafeca efbeadde 
00003ef0: 1b000000 1f000000 bebafeca efbeadde 
00003f00: 1c000000 1c000000 bebafeca efbeadde 
00003f10: 1d000000 1c000000 bebafeca efbeadde 
00003f20: 1c000000 1d000000 bebafeca efbeadde 
00003f30: 1d000000 1d000000 bebafeca efbeadde 
00003f40: 1e000000 1c000000 bebafeca efbeadde 
00003f50: 1f000000 1c000000 bebafeca efbeadde 
00003f60: 1e000000 1d000000 bebafeca efbeadde 
00003f70: 1f000000 1d000000 bebafeca efbeadde 
00003f80: 1c000000 1e000000 bebafeca efbeadde 
00003f90: 1d000000 1e000000 bebafeca efbeadde 
00003fa0: 1c000000 1f000000 bebafeca efbeadde 
00003fb0: 1d000000 1f000000 bebafeca efbeadde 
00003fc0: 1e000000 1e000000 bebafeca efbeadde 
00003fd0: 1f000000 1e000000 bebafeca efbeadde 
00003fe0: 1e000000 1f000000 bebafeca efbeadde 
00003ff0: 1f000000 1f000000 bebafeca efbeadde 
00004000: 20000000 00000000 bebafeca efbeadde 
00004010: 21000000 00000000 bebafeca efbeadde 
00004020: 20000000 01000000 bebafeca efbeadde 
00004030: 21000000 01000000 bebafeca efbeadde 
00004040: 22000000 00000000 bebafeca efbeadde 
00004050: 23000000 00000000 bebafeca efbeadde 
00004060: 22000000 01000000 bebafeca efbeadde 
00004070: 23000000 01000000 bebafeca efbeadde 
00004080: 20000000 02000000 bebafeca efbeadde 
00004090: 21000000 02000000 bebafeca efbeadde 
000040a0: 20000000 03000000 bebafeca efbeadde 
000040b0: 21000000 03000000 bebafeca efbeadde 
000040c0: 22000000 02000000 bebafeca efbeadde 
000040d0: 23000000 02000000 bebafeca efbeadde 
000040e0: 22000000 03000000 bebafeca efbeadde 
000040f0: 23000000 03000000 bebafeca efbeadde 
00004100: 24000000 00000000 bebafeca efbeadde 
00004110: 25000000 00000000 bebafeca efbeadde 
00004120: 24000000 01000000 bebafeca efbeadde 
00004130: 25000000 01000000 bebafeca efbeadde 
00004140: 26000000 00000000 bebafeca efbeadde 
00004150: 27000000 00000000 bebafeca efbeadde 
00004160: 26000000 01000000 bebafeca efbeadde 
00004170: 27000000 01000000 bebafeca efbeadde 
00004180: 24000000 02000000 bebafeca efbeadde 
00004190: 25000000 02000000 bebafeca efbeadde 
000041a0: 24000000 03000000 bebafeca efbeadde 
000041b0: 25000000 03000000 bebafeca efbeadde 
000041c0: 26000000 02000000 bebafeca efbeadde 
000041d0: 27000000 02000000 bebafeca efbeadde 
000041e0: 26000000 03000000 bebafeca efbeadde 
000041f0: 27000000 03000000 bebafeca efbeadde 
00004200: 20000000 04000000 bebafeca efbeadde 
00004210: 21000000 04000000 bebafeca efbeadde 
00004220: 20000000 05000000 bebafeca efbeadde 
00004230: 21000000 05000000 bebafeca efbeadde 
00004240: 22000000 04000000 bebafeca efbeadde 
00004250: 23000000 04000000 bebafeca efbeadde 
00004260: 22000000 05000000 bebafeca efbeadde 
00004270: 23000000 05000000 bebafeca efbeadde 
00004280: 20000000 06000000 bebafeca efbeadde 
00004290: 21000000 06000000 bebafeca efbeadde 
000042a0: 20000000 07000000 bebafeca efbeadde 
000042b0: 21000000 07000000 bebafeca efbeadde 
000042c0: 22000000 06000000 bebafeca efbeadde 
000042d0: 23000000 06000000 bebafeca efbeadde 
000042e0: 22000000 07000000 bebafeca efbeadde 
000042f0: 23000000 07000000 bebafeca efbeadde 
00004300: 24000000 04000000 bebafeca efbeadde 
00004310: 25000000 04000000 bebafeca efbeadde 
00004320: 24000000 05000000 bebafeca efbeadde 
00004330: 25000000 05000000 bebafeca efbeadde 
00004340: 26000000 04000000 bebafeca efbeadde 
00004350: 27000000 04000000 bebafeca efbeadde 
00004360: 26000000 05000000 bebafeca efbeadde 
00004370: 27000000 05000000 bebafeca efbeadde 
00004380: 24000000 06000000 bebafeca efbeadde 
00004390: 25000000 06000000 bebafeca efbeadde 
000043a0: 24000000 07000000 bebafeca efbeadde 
000043b0: 25000000 07000000 bebafeca efbeadde 
000043c0: 26000000 06000000 bebafeca efbeadde 
000043d0: 27000000 06000000 bebafeca efbeadde 
000043e0: 26000000 07000000 bebafeca efbeadde 
000043f0: 27000000 07000000 bebafeca efbeadde 
00004400: 28000000 00000000 bebafeca efbeadde 
00004410: 29000000 00000000 bebafeca efbeadde 
00004420: 28000000 01000000 bebafeca efbeadde 
00004430: 29000000 01000000 bebafeca efbeadde 
00004440: 2a000000 00000000 bebafeca efbeadde 
00004450: 2b000000 00000000 bebafeca efbeadde 
00004460: 2a000000 01000000 bebafeca efbeadde 
00004470: 2b000000 01000000 bebafeca efbeadde 
00004480: 28000000 02000000 bebafeca efbeadde 
00004490: 29000000 02000000 bebafeca efbeadde 
000044a0: 28000000 03000000 bebafeca efbeadde 
000044b0: 29000000 03000000 bebafeca efbeadde 
000044c0: 2a000000 02000000 bebafeca efbeadde 
000044d0: 2b000000 02000000 bebafeca efbeadde 
000044e0: 2a000000 03000000 bebafeca efbeadde 
000044f0: 2b000000 03000000 bebafeca efbeadde 
00004500: 2c000000 00000000 bebafeca efbeadde 
00004510: 2d000000 00000000 bebafeca efbeadde 
00004520: 2c000000 01000000 bebafeca efbeadde 
00004530: 2d000000 01000000 bebafeca efbeadde 
00004540: 2e000000 00000000 bebafeca efbeadde 
00004550: 2f000000 00000000 bebafeca efbeadde 
00004560: 2e000000 01000000 bebafeca efbeadde 
00004570: 2f000000 01000000 bebafeca efbeadde 
00004580: 2c000000 02000000 bebafeca efbeadde 
00004590: 2d000000 02000000 bebafeca efbeadde 
000045a0: 2c000000 03000000 bebafeca efbeadde 
000045b0: 2d000000 03000000 bebafeca efbeadde 
000045c0: 2e000000 02000000 bebafeca efbeadde 
000045d0: 2f000000 02000000 bebafeca efbeadde 
000045e0: 2e000000 03000000 bebafeca efbeadde 
000045f0: 2f000000 03000000 bebafeca efbeadde 
00004600: 28000000 04000000 bebafeca efbeadde 
00004610: 29000000 04000000 bebafeca efbeadde 
00004620: 28000000 05000000 bebafeca efbeadde 
00004630: 29000000 05000000 bebafeca efbeadde 
00004640: 2a000000 04000000 bebafeca efbeadde 
00004650: 2b000000 04000000 bebafeca efbeadde 
00004660: 2a000000 05000000 bebafeca efbeadde 
00004670: 2b000000 05000000 bebafeca efbeadde 
00004680: 28000000 06000000 bebafeca efbeadde 
00004690: 29000000 06000000 bebafeca efbeadde 
000046a0: 28000000 07000000 bebafeca efbeadde 
000046b0: 29000000 07000000 bebafeca efbeadde 
000046c0: 2a000000 06000000 bebafeca efbeadde 
000046d0: 2b000000 06000000 bebafeca efbeadde 
000046e0: 2a000000 07000000 bebafeca efbeadde 
000046f0: 2b000000 07000000 bebafeca efbeadde 
00004700: 2c000000 04000000 bebafeca efbeadde 
00004710: 2d000000 04000000 bebafeca efbeadde 
00004720: 2c000000 05000000 bebafeca efbeadde 
00004730: 2d000000 05000000 bebafeca efbeadde 
00004740: 2e000000 04000000 bebafeca efbeadde 
00004750: 2f000000 04000000 bebafeca efbeadde 
00004760: 2e000000 05000000 bebafeca efbeadde 
00004770: 2f000000 05000000 bebafeca efbeadde 
00004780: 2c000000 06000000 bebafeca efbeadde 
00004790: 2d000000 06000000 bebafeca efbeadde 
000047a0: 2c000000 07000000 bebafeca efbeadde 
000047b0: 2d000000 07000000 bebafeca efbeadde 
000047c0: 2e000000 06000000 bebafeca efbeadde 
000047d0: 2f000000 06000000 bebafeca efbeadde 
000047e0: 2e000000 07000000 bebafeca efbeadde 
000047f0: 2f000000 07000000 bebafeca efbeadde 
00004800: 20000000 08000000 bebafeca efbeadde 
00004810: 21000000 08000000 bebafeca efbeadde 
00004820: 20000000 09000000 bebafeca efbeadde 
00004830: 21000000 09000000 bebafeca efbeadde 
00004840: 22000000 08000000 bebafeca efbeadde 
00004850: 23000000 08000000 bebafeca efbeadde 
00004860: 22000000 09000000 bebafeca efbeadde 
00004870: 23000000 09000000 bebafeca efbeadde 
00004880: 20000000 0a000000 bebafeca efbeadde 
00004890: 21000000 0a000000 bebafeca efbeadde 
000048a0: 20000000 0b000000 bebafeca efbeadde 
000048b0: 21000000 0b000000 bebafeca efbeadde 
000048c0: 22000000 0a000000 bebafeca efbeadde 
000048d0: 23000000 0a000000 bebafeca efbeadde 
000048e0: 22000000 0b000000 bebafeca efbeadde 
000048f0: 23000000 0b000000 bebafeca efbeadde 
00004900: 24000000 08000000 bebafeca efbeadde 
00004910: 25000000 08000000 bebafeca efbeadde 
00004920: 24000000 09000000 bebafeca efbeadde 
00004930: 25000000 09000000 bebafeca efbeadde 
00004940: 26000000 08000000 bebafeca efbeadde 
00004950: 27000000 08000000 bebafeca efbeadde 
00004960: 26000000 09000000 bebafeca efbeadde 
00004970: 27000000 09000000 bebafeca efbeadde 
00004980: 24000000 0a000000 bebafeca efbeadde 
00004990: 25000000 0a000000 bebafeca efbeadde 
000049a0: 24000000 0b000000 bebafeca efbeadde 
000049b0: 25000000 0b000000 bebafeca efbeadde 
000049c0: 26000000 0a000000 bebafeca efbeadde 
000049d0: 27000000 0a000000 bebafeca efbeadde 
000049e0: 26000000 0b000000 bebafeca efbeadde 
000049f0: 27000000 0b000000 bebafeca efbeadde 
00004a00: 20000000 0c000000 bebafeca efbeadde 
00004a10: 21000000 0c000000 bebafeca efbeadde 
00004a20: 20000000 0d000000 bebafeca efbeadde 
00004a30: 21000000 0d000000 bebafeca efbeadde 
00004a40: 22000000 0c000000 bebafeca efbeadde 
00004a50: 23000000 0c000000 bebafeca efbeadde 
00004a60: 22000000 0d000000 bebafeca efbeadde 
00004a70: 23000000 0d000000 bebafeca efbeadde 
00004a80: 20000000 0e000000 bebafeca efbeadde 
00004a90: 21000000 0e000000 bebafeca efbeadde 
00004aa0: 20000000 0f000000 bebafeca efbeadde 
00004ab0: 21000000 0f000000 bebafeca efbeadde 
00004ac0: 22000000 0e000000 bebafeca efbeadde 
00004ad0: 23000000 0e000000 bebafeca efbeadde 
00004ae0: 22000000 0f000000 bebafeca efbeadde 
00004af0: 23000000 0f000000 bebafeca efbeadde 
00004b00: 24000000 0c000000 bebafeca efbeadde 
00004b10: 25000000 0c000000 bebafeca efbeadde 
00004b20: 24000000 0d000000 bebafeca efbeadde 
00004b30: 25000000 0d000000 bebafeca efbeadde 
00004b40: 26000000 0c000000 bebafeca efbeadde 
00004b50: 27000000 0c000000 bebafeca efbeadde 
00004b60: 26000000 0d000000 bebafeca efbeadde 
00004b70: 27000000 0d000000 bebafeca efbeadde 
00004b80: 24000000 0e000000 bebafeca efbeadde 
00004b90: 25000000 0e000000 bebafeca efbeadde 
00004ba0: 24000000 0f000000 bebafeca efbeadde 
00004bb0: 25000000 0f000000 bebafeca efbeadde 
00004bc0: 26000000 0e000000 bebafeca efbeadde 
00004bd0: 27000000 0e000000 bebafeca efbeadde 
00004be0: 26000000 0f000000 bebafeca efbeadde 
00004bf0: 27000000 0f000000 bebafeca efbeadde 
00004c00: 28000000 08000000 bebafeca efbeadde 
00004c10: 29000000 08000000 bebafeca efbeadde 
00004c20: 28000000 09000000 bebafeca efbeadde 
00004c30: 29000000 09000000 bebafeca efbeadde 
00004c40: 2a000000 08000000 bebafeca efbeadde 
00004c50: 2b000000 08000000 bebafeca efbeadde 
00004c60: 2a000000 09000000 bebafeca efbeadde 
00004c70: 2b000000 09000000 bebafeca efbeadde 
00004c80: 28000000 0a000000 bebafeca efbeadde 
00004c90: 29000000 0a000000 bebafeca efbeadde 
00004ca0: 28000000 0b000000 bebafeca efbeadde 
00004cb0: 29000000 0b000000 bebafeca efbeadde 
00004cc0: 2a000000 0a000000 bebafeca efbeadde 
00004cd0: 2b000000 0a000000 bebafeca efbeadde 
00004ce0: 2a000000 0b000000 bebafeca efbeadde 
00004cf0: 2b000000 0b000000 bebafeca efbeadde 
00004d00: 2c000000 08000000 bebafeca efbeadde 
00004d10: 2d000000 08000000 bebafeca efbeadde 
00004d20: 2c000000 09000000 bebafeca efbeadde 
00004d30: 2d000000 09000000 bebafeca efbeadde 
00004d40: 2e000000 08000000 bebafeca efbeadde 
00004d50: 2f000000 08000000 bebafeca efbeadde 
00004d60: 2e000000 09000000 bebafeca efbeadde 
00004d70: 2f000000 09000000 bebafeca efbeadde 
00004d80: 2c000000 0a000000 bebafeca efbeadde 
00004d90: 2d000000 0a000000 bebafeca efbeadde 
00004da0: 2c000000 0b000000 bebafeca efbeadde 
00004db0: 2d000000 0b000000 bebafeca efbeadde 
00004dc0: 2e000000 0a000000 bebafeca efbeadde 
00004dd0: 2f000000 0a000000 bebafeca efbeadde 
00004de0: 2e000000 0b000000 bebafeca efbeadde 
00004df0: 2f000000 0b000000 bebafeca efbeadde 
00004e00: 28000000 0c000000 bebafeca efbeadde 
00004e10: 29000000 0c000000 bebafeca efbeadde 
00004e20: 28000000 0d000000 bebafeca efbeadde 
00004e30: 29000000 0d000000 bebafeca efbeadde 
00004e40: 2a000000 0c000000 bebafeca efbeadde 
00004e50: 2b000000 0c000000 bebafeca efbeadde 
00004e60: 2a000000 0d000000 bebafeca efbeadde 
00004e70: 2b000000 0d000000 bebafeca efbeadde 
00004e80: 28000000 0e000000 bebafeca efbeadde 
00004e90: 29000000 0e000000 bebafeca efbeadde 
00004ea0: 28000000 0f000000 bebafeca efbeadde 
00004eb0: 29000000 0f000000 bebafeca efbeadde 
00004ec0: 2a000000 0e000000 bebafeca efbeadde 
00004ed0: 2b000000 0e000000 bebafeca efbeadde 
00004ee0: 2a000000 0f000000 bebafeca efbeadde 
00004ef0: 2b000000 0f000000 bebafeca efbeadde 
00004f00: 2c000000 0c000000 bebafeca efbeadde 
00004f10: 2d000000 0c000000 bebafeca efbeadde 
00004f20: 2c000000 0d000000 bebafeca efbeadde 
00004f30: 2d000000 0d000000 bebafeca efbeadde 
00004f40: 2e000000 0c000000 bebafeca efbeadde 
00004f50: 2f000000 0c000000 bebafeca efbeadde 
00004f60: 2e000000 0d000000 bebafeca efbeadde 
00004f70: 2f000000 0d000000 bebafeca efbeadde 
00004f80: 2c000000 0e000000 bebafeca efbeadde 
00004f90: 2d000000 0e000000 bebafeca efbeadde 
00004fa0: 2c000000 0f000000 bebafeca efbeadde 
00004fb0: 2d000000 0f000000 bebafeca efbeadde 
00004fc0: 2e000000 0e000000 bebafeca efbeadde 
00004fd0: 2f000000 0e000000 bebafeca efbeadde 
00004fe0: 2e000000 0f000000 bebafeca efbeadde 
00004ff0: 2f000000 0f000000 bebafeca efbeadde 
00005000: 30000000 00000000 bebafeca efbeadde 
00005010: 31000000 00000000 bebafeca efbeadde 
00005020: 30000000 01000000 bebafeca efbeadde 
00005030: 31000000 01000000 bebafeca efbeadde 
00005040: 32000000 00000000 bebafeca efbeadde 
00005050: 33000000 00000000 bebafeca efbeadde 
00005060: 32000000 01000000 bebafeca efbeadde 
00005070: 33000000 01000000 bebafeca efbeadde 
00005080: 30000000 02000000 bebafeca efbeadde 
00005090: 31000000 02000000 bebafeca efbeadde 
000050a0: 30000000 03000000 bebafeca efbeadde 
000050b0: 31000000 03000000 bebafeca efbeadde 
000050c0: 32000000 02000000 bebafeca efbeadde 
000050d0: 33000000 02000000 bebafeca efbeadde 
000050e0: 32000000 03000000 bebafeca efbeadde 
000050f0: 33000000 03000000 bebafeca efbeadde 
00005100: 34000000 00000000 bebafeca efbeadde 
00005110: 35000000 00000000 bebafeca efbeadde 
00005120: 34000000 01000000 bebafeca efbeadde 
00005130: 35000000 01000000 bebafeca efbeadde 
00005140: 36000000 00000000 bebafeca efbeadde 
00005150: 37000000 00000000 bebafeca efbeadde 
00005160: 36000000 01000000 bebafeca efbeadde 
00005170: 37000000 01000000 bebafeca efbeadde 
00005180: 34000000 02000000 bebafeca efbeadde 
00005190: 35000000 02000000 bebafeca efbeadde 
000051a0: 34000000 03000000 bebafeca efbeadde 
000051b0: 35000000 03000000 bebafeca efbeadde 
000051c0: 36000000 02000000 bebafeca efbeadde 
000051d0: 37000000 02000000 bebafeca efbeadde 
000051e0: 36000000 03000000 bebafeca efbeadde 
000051f0: 37000000 03000000 bebafeca efbeadde 
00005200: 30000000 04000000 bebafeca efbeadde 
00005210: 31000000 04000000 bebafeca efbeadde 
00005220: 30000000 05000000 bebafeca efbeadde 
00005230: 31000000 05000000 bebafeca efbeadde 
00005240: 32000000 04000000 bebafeca efbeadde 
00005250: 33000000 04000000 bebafeca efbeadde 
00005260: 32000000 05000000 bebafeca efbeadde 
00005270: 33000000 05000000 bebafeca efbeadde 
00005280: 30000000 06000000 bebafeca efbeadde 
00005290: 31000000 06000000 bebafeca efbeadde 
000052a0: 30000000 07000000 bebafeca efbeadde 
000052b0: 31000000 07000000 bebafeca efbeadde 
000052c0: 32000000 06000000 bebafeca efbeadde 
000052d0: 33000000 06000000 bebafeca efbeadde 
000052e0: 32000000 07000000 bebafeca efbeadde 
000052f0: 33000000 07000000 bebafeca efbeadde 
00005300: 34000000 04000000 bebafeca efbeadde 
00005310: 35000000 04000000 bebafeca efbeadde 
00005320: 34000000 05000000 bebafeca efbeadde 
00005330: 35000000 05000000 bebafeca efbeadde 
00005340: 36000000 04000000 bebafeca efbeadde 
00005350: 37000000 04000000 bebafeca efbeadde 
00005360: 36000000 05000000 bebafeca efbeadde 
00005370: 37000000 05000000 bebafeca efbeadde 
00005380: 34000000 06000000 bebafeca efbeadde 
00005390: 35000000 06000000 bebafeca efbeadde 
000053a0: 34000000 07000000 bebafeca efbeadde 
000053b0: 35000000 07000000 bebafeca efbeadde 
000053c0: 36000000 06000000 bebafeca efbeadde 
000053d0: 37000000 06000000 bebafeca efbeadde 
000053e0: 36000000 07000000 bebafeca efbeadde 
000053f0: 37000000 07000000 bebafeca efbeadde 
00005400: 38000000 00000000 bebafeca efbeadde 
00005410: 39000000 00000000 bebafeca efbeadde 
00005420: 38000000 01000000 bebafeca efbeadde 
00005430: 39000000 01000000 bebafeca efbeadde 
00005440: 3a000000 00000000 bebafeca efbeadde 
00005450: 3b000000 00000000 bebafeca efbeadde 
00005460: 3a000000 01000000 bebafeca efbeadde 
00005470: 3b000000 01000000 bebafeca efbeadde 
00005480: 38000000 02000000 bebafeca efbeadde 
00005490: 39000000 02000000 bebafeca efbeadde 
000054a0: 38000000 03000000 bebafeca efbeadde 
000054b0: 39000000 03000000 bebafeca efbeadde 
000054c0: 3a000000 02000000 bebafeca efbeadde 
000054d0: 3b000000 02000000 bebafeca efbeadde 
000054e0: 3a000000 03000000 bebafeca efbeadde 
000054f0: 3b000000 03000000 bebafeca efbeadde 
00005500: 3c000000 00000000 bebafeca efbeadde 
00005510: 3d000000 00000000 bebafeca efbeadde 
00005520: 3c000000 01000000 bebafeca efbeadde 
00005530: 3d000000 01000000 bebafeca efbeadde 
00005540: 3e000000 00000000 bebafeca efbeadde 
00005550: 3f000000 00000000 bebafeca efbeadde 
00005560: 3e000000 01000000 bebafeca efbeadde 
00005570: 3f000000 01000000 bebafeca efbeadde 
00005580: 3c000000 02000000 bebafeca efbeadde 
00005590: 3d000000 02000000 bebafeca efbeadde 
000055a0: 3c000000 03000000 bebafeca efbeadde 
000055b0: 3d000000 03000000 bebafeca efbeadde 
000055c0: 3e000000 02000000 bebafeca efbeadde 
000055d0: 3f000000 02000000 bebafeca efbeadde 
000055e0: 3e000000 03000000 bebafeca efbeadde 
000055f0: 3f000000 03000000 bebafeca efbeadde 
00005600: 38000000 04000000 bebafeca efbeadde 
00005610: 39000000 04000000 bebafeca efbeadde 
00005620: 38000000 05000000 bebafeca efbeadde 
00005630: 39000000 05000000 bebafeca efbeadde 
00005640: 3a000000 04000000 bebafeca efbeadde 
00005650: 3b000000 04000000 bebafeca efbeadde 
00005660: 3a000000 05000000 bebafeca efbeadde 
00005670: 3b000000 05000000 bebafeca efbeadde 
00005680: 38000000 06000000 bebafeca efbeadde 
00005690: 39000000 06000000 bebafeca efbeadde 
000056a0: 38000000 07000000 bebafeca efbeadde 
000056b0: 39000000 07000000 bebafeca efbeadde 
000056c0: 3a000000 06000000 bebafeca efbeadde 
000056d0: 3b000000 06000000 bebafeca efbeadde 
000056e0: 3a000000 07000000 bebafeca efbeadde 
000056f0: 3b000000 07000000 bebafeca efbeadde 
00005700: 3c000000 04000000 bebafeca efbeadde 
00005710: 3d000000 04000000 bebafeca efbeadde 
00005720: 3c000000 05000000 bebafeca efbeadde 
00005730: 3d000000 05000000 bebafeca efbeadde 
00005740: 3e000000 04000000 bebafeca efbeadde 
00005750: 3f000000 04000000 bebafeca efbeadde 
00005760: 3e000000 05000000 bebafeca efbeadde 
00005770: 3f000000 05000000 bebafeca efbeadde 
00005780: 3c000000 06000000 bebafeca efbeadde 
00005790: 3d000000 06000000 bebafeca efbeadde 
000057a0: 3c000000 07000000 bebafeca efbeadde 
000057b0: 3d000000 07000000 bebafeca efbeadde 
000057c0: 3e000000 06000000 bebafeca efbeadde 
000057d0: 3f000000 06000000 bebafeca efbeadde 
000057e0: 3e000000 07000000 bebafeca efbeadde 
000057f0: 3f000000 07000000 bebafeca efbeadde 
00005800: 30000000 08000000 bebafeca efbeadde 
00005810: 31000000 08000000 bebafeca efbeadde 
00005820: 30000000 09000000 bebafeca efbeadde 
00005830: 31000000 09000000 bebafeca efbeadde 
00005840: 32000000 08000000 bebafeca efbeadde 
00005850: 33000000 08000000 bebafeca efbeadde 
00005860: 32000000 09000000 bebafeca efbeadde 
00005870: 33000000 09000000 bebafeca efbeadde 
00005880: 30000000 0a000000 bebafeca efbeadde 
00005890: 31000000 0a000000 bebafeca efbeadde 
000058a0: 30000000 0b000000 bebafeca efbeadde 
000058b0: 31000000 0b000000 bebafeca efbeadde 
000058c0: 32000000 0a000000 bebafeca efbeadde 
000058d0: 33000000 0a000000 bebafeca efbeadde 
000058e0: 32000000 0b000000 bebafeca efbeadde 
000058f0: 33000000 0b000000 bebafeca efbeadde 
00005900: 34000000 08000000 bebafeca efbeadde 
00005910: 35000000 08000000 bebafeca efbeadde 
00005920: 34000000 09000000 bebafeca efbeadde 
00005930: 35000000 09000000 bebafeca efbeadde 
00005940: 36000000 08000000 bebafeca efbeadde 
00005950: 37000000 08000000 bebafeca efbeadde 
00005960: 36000000 09000000 bebafeca efbeadde 
00005970: 37000000 09000000 bebafeca efbeadde 
00005980: 34000000 0a000000 bebafeca efbeadde 
00005990: 35000000 0a000000 bebafeca efbeadde 
000059a0: 34000000 0b000000 bebafeca efbeadde 
000059b0: 35000000 0b000000 bebafeca efbeadde 
000059c0: 36000000 0a000000 bebafeca efbeadde 
000059d0: 37000000 0a000000 bebafeca efbeadde 
000059e0: 36000000 0b000000 bebafeca efbeadde 
000059f0: 37000000 0b000000 bebafeca efbeadde 
00005a00: 30000000 0c000000 bebafeca efbeadde 
00005a10: 31000000 0c000000 bebafeca efbeadde 
00005a20: 30000000 0d000000 bebafeca efbeadde 
00005a30: 31000000 0d000000 bebafeca efbeadde 
00005a40: 32000000 0c000000 bebafeca efbeadde 
00005a50: 33000000 0c000000 bebafeca efbeadde 
00005a60: 32000000 0d000000 bebafeca efbeadde 
00005a70: 33000000 0d000000 bebafeca efbeadde 
00005a80: 30000000 0e000000 bebafeca efbeadde 
00005a90: 31000000 0e000000 bebafeca efbeadde 
00005aa0: 30000000 0f000000 bebafeca efbeadde 
00005ab0: 31000000 0f000000 bebafeca efbeadde 
00005ac0: 32000000 0e000000 bebafeca efbeadde 
00005ad0: 33000000 0e000000 bebafeca efbeadde 
00005ae0: 32000000 0f000000 bebafeca efbeadde 
00005af0: 33000000 0f000000 bebafeca efbeadde 
00005b00: 34000000 0c000000 bebafeca efbeadde 
00005b10: 35000000 0c000000 bebafeca efbeadde 
00005b20: 34000000 0d000000 bebafeca efbeadde 
00005b30: 35000000 0d000000 bebafeca efbeadde 
00005b40: 36000000 0c000000 bebafeca efbeadde 
00005b50: 37000000 0c000000 bebafeca efbeadde 
00005b60: 36000000 0d000000 bebafeca efbeadde 
00005b70: 37000000 0d000000 bebafeca efbeadde 
00005b80: 34000000 0e000000 bebafeca efbeadde 
00005b90: 35000000 0e000000 bebafeca efbeadde 
00005ba0: 34000000 0f000000 bebafeca efbeadde 
00005bb0: 35000000 0f000000 bebafeca efbeadde 
00005bc0: 36000000 0e000000 bebafeca efbeadde 
00005bd0: 37000000 0e000000 bebafeca efbeadde 
00005be0: 36000000 0f000000 bebafeca efbeadde 
00005bf0: 37000000 0f000000 bebafeca efbeadde 
00005c00: 38000000 08000000 bebafeca efbeadde 
00005c10: 39000000 08000000 bebafeca efbeadde 
00005c20: 38000000 09000000 bebafeca efbeadde 
00005c30: 39000000 09000000 bebafeca efbeadde 
00005c40: 3a000000 08000000 bebafeca efbeadde 
00005c50: 3b000000 08000000 bebafeca efbeadde 
00005c60: 3a000000 09000000 bebafeca efbeadde 
00005c70: 3b000000 09000000 bebafeca efbeadde 
00005c80: 38000000 0a000000 bebafeca efbeadde 
00005c90: 39000000 0a000000 bebafeca efbeadde 
00005ca0: 38000000 0b000000 bebafeca efbeadde 
00005cb0: 39000000 0b000000 bebafeca efbeadde 
00005cc0: 3a000000 0a000000 bebafeca efbeadde 
00005cd0: 3b000000 0a000000 bebafeca efbeadde 
00005ce0: 3a000000 0b000000 bebafeca efbeadde 
00005cf0: 3b000000 0b000000 bebafeca efbeadde 
00005d00: 3c000000 08000000 bebafeca efbeadde 
00005d10: 3d000000 08000000 bebafeca efbeadde 
00005d20: 3c000000 09000000 bebafeca efbeadde 
00005d30: 3d000000 09000000 bebafeca efbeadde 
00005d40: 3e000000 08000000 bebafeca efbeadde 
00005d50: 3f000000 08000000 bebafeca efbeadde 
00005d60: 3e000000 09000000 bebafeca efbeadde 
00005d70: 3f000000 09000000 bebafeca efbeadde 
00005d80: 3c000000 0a000000 bebafeca efbeadde 
00005d90: 3d000000 0a000000 bebafeca efbeadde 
00005da0: 3c000000 0b000000 bebafeca efbeadde 
00005db0: 3d000000 0b000000 bebafeca efbeadde 
00005dc0: 3e000000 0a000000 bebafeca efbeadde 
00005dd0: 3f000000 0a000000 bebafeca efbeadde 
00005de0: 3e000000 0b000000 bebafeca efbeadde 
00005df0: 3f000000 0b000000 bebafeca efbeadde 
00005e00: 38000000 0c000000 bebafeca efbeadde 
00005e10: 39000000 0c000000 bebafeca efbeadde 
00005e20: 38000000 0d000000 bebafeca efbeadde 
00005e30: 39000000 0d000000 bebafeca efbeadde 
00005e40: 3a000000 0c000000 bebafeca efbeadde 
00005e50: 3b000000 0c000000 bebafeca efbeadde 
00005e60: 3a000000 0d000000 bebafeca efbeadde 
00005e70: 3b000000 0d000000 bebafeca efbeadde 
00005e80: 38000000 0e000000 bebafeca efbeadde 
00005e90: 39000000 0e000000 bebafeca efbeadde 
00005ea0: 38000000 0f000000 bebafeca efbeadde 
00005eb0: 39000000 0f000000 bebafeca efbeadde 
00005ec0: 3a000000 0e000000 bebafeca efbeadde 
00005ed0: 3b000000 0e000000 bebafeca efbeadde 
00005ee0: 3a000000 0f000000 bebafeca efbeadde 
00005ef0: 3b000000 0f000000 bebafeca efbeadde 
00005f00: 3c000000 0c000000 bebafeca efbeadde 
00005f10: 3d000000 0c000000 bebafeca efbeadde 
00005f20: 3c000000 0d000000 bebafeca efbeadde 
00005f30: 3d000000 0d000000 bebafeca efbeadde 
00005f40: 3e000000 0c000000 bebafeca efbeadde 
00005f50: 3f000000 0c000000 bebafeca efbeadde 
00005f60: 3e000000 0d000000 bebafeca efbeadde 
00005f70: 3f000000 0d000000 bebafeca efbeadde 
00005f80: 3c000000 0e000000 bebafeca efbeadde 
00005f90: 3d000000 0e000000 bebafeca efbeadde 
00005fa0: 3c000000 0f000000 bebafeca efbeadde 
00005fb0: 3d000000 0f000000 bebafeca efbeadde 
00005fc0: 3e000000 0e000000 bebafeca efbeadde 
00005fd0: 3f000000 0e000000 bebafeca efbeadde 
00005fe0: 3e000000 0f000000 bebafeca efbeadde 
00005ff0: 3f000000 0f000000 bebafeca efbeadde 
00006000: 20000000 10000000 bebafeca efbeadde 
00006010: 21000000 10000000 bebafeca efbeadde 
00006020: 20000000 11000000 bebafeca efbeadde 
00006030: 21000000 11000000 bebafeca efbeadde 
00006040: 22000000 10000000 bebafeca efbeadde 
00006050: 23000000 10000000 bebafeca efbeadde 
00006060: 22000000 11000000 bebafeca efbeadde 
00006070: 23000000 11000000 bebafeca efbeadde 
00006080: 20000000 12000000 bebafeca efbeadde 
00006090: 21000000 12000000 bebafeca efbeadde 
000060a0: 20000000 13000000 bebafeca efbeadde 
000060b0: 21000000 13000000 bebafeca efbeadde 
000060c0: 22000000 12000000 bebafeca efbeadde 
000060d0: 23000000 12000000 bebafeca efbeadde 
000060e0: 22000000 13000000 bebafeca efbeadde 
000060f0: 23000000 13000000 bebafeca efbeadde 
00006100: 24000000 10000000 bebafeca efbeadde 
00006110: 25000000 10000000 bebafeca efbeadde 
00006120: 24000000 11000000 bebafeca efbeadde 
00006130: 25000000 11000000 bebafeca efbeadde 
00006140: 26000000 10000000 bebafeca efbeadde 
00006150: 27000000 10000000 bebafeca efbeadde 
00006160: 26000000 11000000 bebafeca efbeadde 
00006170: 27000000 11000000 bebafeca efbeadde 
00006180: 24000000 12000000 bebafeca efbeadde 
00006190: 25000000 12000000 bebafeca efbeadde 
000061a0: 24000000 13000000 bebafeca efbeadde 
000061b0: 25000000 13000000 bebafeca efbeadde 
000061c0: 26000000 12000000 bebafeca efbeadde 
000061d0: 27000000 12000000 bebafeca efbeadde 
000061e0: 26000000 13000000 bebafeca efbeadde 
000061f0: 27000000 13000000 bebafeca efbeadde 
00006200: 20000000 14000000 bebafeca efbeadde 
00006210: 21000000 14000000 bebafeca efbeadde 
00006220: 20000000 15000000 bebafeca efbeadde 
00006230: 21000000 15000000 bebafeca efbeadde 
00006240: 22000000 14000000 bebafeca efbeadde 
00006250: 23000000 14000000 bebafeca efbeadde 
00006260: 22000000 15000000 bebafeca efbeadde 
00006270: 23000000 15000000 bebafeca efbeadde 
00006280: 20000000 16000000 bebafeca efbeadde 
00006290: 21000000 16000000 bebafeca efbeadde 
000062a0: 20000000 17000000 bebafeca efbeadde 
000062b0: 21000000 17000000 bebafeca efbeadde 
000062c0: 22000000 16000000 bebafeca efbeadde 
000062d0: 23000000 16000000 bebafeca efbeadde 
000062e0: 22000000 17000000 bebafeca efbeadde 
000062f0: 23000000 17000000 bebafeca efbeadde 
00006300: 24000000 14000000 bebafeca efbeadde 
00006310: 25000000 14000000 bebafeca efbeadde 
00006320: 24000000 15000000 bebafeca efbeadde 
00006330: 25000000 15000000 bebafeca efbeadde 
00006340: 26000000 14000000 bebafeca efbeadde 
00006350: 27000000 14000000 bebafeca efbeadde 
00006360: 26000000 15000000 bebafeca efbeadde 
00006370: 27000000 15000000 bebafeca efbeadde 
00006380: 24000000 16000000 bebafeca efbeadde 
00006390: 25000000 16000000 bebafeca efbeadde 
000063a0: 24000000 17000000 bebafeca efbeadde 
000063b0: 25000000 17000000 bebafeca efbeadde 
000063c0: 26000000 16000000 bebafeca efbeadde 
000063d0: 27000000 16000000 bebafeca efbeadde 
000063e0: 26000000 17000000 bebafeca efbeadde 
000063f0: 27000000 17000000 bebafeca efbeadde 
00006400: 28000000 10000000 bebafeca efbeadde 
00006410: 29000000 10000000 bebafeca efbeadde 
00006420: 28000000 11000000 bebafeca efbeadde 
00006430: 29000000 11000000 bebafeca efbeadde 
00006440: 2a000000 10000000 bebafeca efbeadde 
00006450: 2b000000 10000000 bebafeca efbeadde 
00006460: 2a000000 11000000 bebafeca efbeadde 
00006470: 2b000000 11000000 bebafeca efbeadde 
00006480: 28000000 12000000 bebafeca efbeadde 
00006490: 29000000 12000000 bebafeca efbeadde 
000064a0: 28000000 13000000 bebafeca efbeadde 
000064b0: 29000000 13000000 bebafeca efbeadde 
000064c0: 2a000000 12000000 bebafeca efbeadde 
000064d0: 2b000000 12000000 bebafeca efbeadde 
000064e0: 2a000000 13000000 bebafeca efbeadde 
000064f0: 2b000000 13000000 bebafeca efbeadde 
00006500: 2c000000 10000000 bebafeca efbeadde 
00006510: 2d000000 10000000 bebafeca efbeadde 
00006520: 2c000000 11000000 bebafeca efbeadde 
00006530: 2d000000 11000000 bebafeca efbeadde 
00006540: 2e000000 10000000 bebafeca efbeadde 
00006550: 2f000000 10000000 bebafeca efbeadde 
00006560: 2e000000 11000000 bebafeca efbeadde 
00006570: 2f000000 11000000 bebafeca efbeadde 
00006580: 2c000000 12000000 bebafeca efbeadde 
00006590: 2d000000 12000000 bebafeca efbeadde 
000065a0: 2c000000 13000000 bebafeca efbeadde 
000065b0: 2d000000 13000000 bebafeca efbeadde 
000065c0: 2e000000 12000000 bebafeca efbeadde 
000065d0: 2f000000 12000000 bebafeca efbeadde 
000065e0: 2e000000 13000000 bebafeca efbeadde 
000065f0: 2f000000 13000000 bebafeca efbeadde 
00006600: 28000000 14000000 bebafeca efbeadde 
00006610: 29000000 14000000 bebafeca efbeadde 
00006620: 28000000 15000000 bebafeca efbeadde 
00006630: 29000000 15000000 bebafeca efbeadde 
00006640: 2a000000 14000000 bebafeca efbeadde 
00006650: 2b000000 14000000 bebafeca efbeadde 
00006660: 2a000000 15000000 bebafeca efbeadde 
00006670: 2b000000 15000000 bebafeca efbeadde 
00006680: 28000000 16000000 bebafeca efbeadde 
00006690: 29000000 16000000 bebafeca efbeadde 
000066a0: 28000000 17000000 bebafeca efbeadde 
000066b0: 29000000 17000000 bebafeca efbeadde 
000066c0: 2a000000 16000000 bebafeca efbeadde 
000066d0: 2b000000 16000000 bebafeca efbeadde 
000066e0: 2a000000 17000000 bebafeca efbeadde 
000066f0: 2b000000 17000000 bebafeca efbeadde 
00006700: 2c000000 14000000 bebafeca efbeadde 
00006710: 2d000000 14000000 bebafeca efbeadde 
00006720: 2c000000 15000000 bebafeca efbeadde 
00006730: 2d000000 15000000 bebafeca efbeadde 
00006740: 2e000000 14000000 bebafeca efbeadde 
00006750: 2f000000 14000000 bebafeca efbeadde 
00006760: 2e000000 15000000 bebafeca efbeadde 
00006770: 2f000000 15000000 bebafeca efbeadde 
00006780: 2c000000 16000000 bebafeca efbeadde 
00006790: 2d000000 16000000 bebafeca efbeadde 
000067a0: 2c000000 17000000 bebafeca efbeadde 
000067b0: 2d000000 17000000 bebafeca efbeadde 
000067c0: 2e000000 16000000 bebafeca efbeadde 
000067d0: 2f000000 16000000 bebafeca efbeadde 
000067e0: 2e000000 17000000 bebafeca efbeadde 
000067f0: 2f000000 17000000 bebafeca efbeadde 
00006800: 20000000 18000000 bebafeca efbeadde 
00006810: 21000000 18000000 bebafeca efbeadde 
00006820: 20000000 19000000 bebafeca efbeadde 
00006830: 21000000 19000000 bebafeca efbeadde 
00006840: 22000000 18000000 bebafeca efbeadde 
00006850: 23000000 18000000 bebafeca efbeadde 
00006860: 22000000 19000000 bebafeca efbeadde 
00006870: 23000000 19000000 bebafeca efbeadde 
00006880: 20000000 1a000000 bebafeca efbeadde 
00006890: 21000000 1a000000 bebafeca efbeadde 
000068a0: 20000000 1b000000 bebafeca efbeadde 
000068b0: 21000000 1b000000 bebafeca efbeadde 
000068c0: 22000000 1a000000 bebafeca efbeadde 
000068d0: 23000000 1a000000 bebafeca efbeadde 
000068e0: 22000000 1b000000 bebafeca efbeadde 
000068f0: 23000000 1b000000 bebafeca efbeadde 
00006900: 24000000 18000000 bebafeca efbeadde 
00006910: 25000000 18000000 bebafeca efbeadde 
00006920: 24000000 19000000 bebafeca efbeadde 
00006930: 25000000 19000000 bebafeca efbeadde 
00006940: 26000000 18000000 bebafeca efbeadde 
00006950: 27000000 18000000 bebafeca efbeadde 
00006960: 26000000 19000000 bebafeca efbeadde 
00006970: 27000000 19000000 bebafeca efbeadde 
00006980: 24000000 1a000000 bebafeca efbeadde 
00006990: 25000000 1a000000 bebafeca efbeadde 
000069a0: 24000000 1b000000 bebafeca efbeadde 
000069b0: 25000000 1b000000 bebafeca efbeadde 
000069c0: 26000000 1a000000 bebafeca efbeadde 
000069d0: 27000000 1a000000 bebafeca efbeadde 
000069e0: 26000000 1b000000 bebafeca efbeadde 
000069f0: 27000000 1b000000 bebafeca efbeadde 
00006a00: 20000000 1c000000 bebafeca efbeadde 
00006a10: 21000000 1c000000 bebafeca efbeadde 
00006a20: 20000000 1d000000 bebafeca efbeadde 
00006a30: 21000000 1d000000 bebafeca efbeadde 
00006a40: 22000000 1c000000 bebafeca efbeadde 
00006a50: 23000000 1c000000 bebafeca efbeadde 
00006a60: 22000000 1d000000 bebafeca efbeadde 
00006a70: 23000000 1d000000 bebafeca efbeadde 
00006a80: 20000000 1e000000 bebafeca efbeadde 
00006a90: 21000000 1e000000 bebafeca efbeadde 
00006aa0: 20000000 1f000000 bebafeca efbeadde 
00006ab0: 21000000 1f000000 bebafeca efbeadde 
00006ac0: 22000000 1e000000 bebafeca efbeadde 
00006ad0: 23000000 1e000000 bebafeca efbeadde 
00006ae0: 22000000 1f000000 bebafeca efbeadde 
00006af0: 23000000 1f000000 bebafeca efbeadde 
00006b00: 24000000 1c000000 bebafeca efbeadde 
00006b10: 25000000 1c000000 bebafeca efbeadde 
00006b20: 24000000 1d000000 bebafeca efbeadde 
00006b30: 25000000 1d000000 bebafeca efbeadde 
00006b40: 26000000 1c000000 bebafeca efbeadde 
00006b50: 27000000 1c000000 bebafeca efbeadde 
00006b60: 26000000 1d000000 bebafeca efbeadde 
00006b70: 27000000 1d000000 bebafeca efbeadde 
00006b80: 24000000 1e000000 bebafeca efbeadde 
00006b90: 25000000 1e000000 bebafeca efbeadde 
00006ba0: 24000000 1f000000 bebafeca efbeadde 
00006bb0: 25000000 1f000000 bebafeca efbeadde 
00006bc0: 26000000 1e000000 bebafeca efbeadde 
00006bd0: 27000000 1e000000 bebafeca efbeadde 
00006be0: 26000000 1f000000 bebafeca efbeadde 
00006bf0: 27000000 1f000000 bebafeca efbeadde 
00006c00: 28000000 18000000 bebafeca efbeadde 
00006c10: 29000000 18000000 bebafeca efbeadde 
00006c20: 28000000 19000000 bebafeca efbeadde 
00006c30: 29000000 19000000 bebafeca efbeadde 
00006c40: 2a000000 18000000 bebafeca efbeadde 
00006c50: 2b000000 18000000 bebafeca efbeadde 
00006c60: 2a000000 19000000 bebafeca efbeadde 
00006c70: 2b000000 19000000 bebafeca efbeadde 
00006c80: 28000000 1a000000 bebafeca efbeadde 
00006c90: 29000000 1a000000 bebafeca efbeadde 
00006ca0: 28000000 1b000000 bebafeca efbeadde 
00006cb0: 29000000 1b000000 bebafeca efbeadde 
00006cc0: 2a000000 1a000000 bebafeca efbeadde 
00006cd0: 2b000000 1a000000 bebafeca efbeadde 
00006ce0: 2a000000 1b000000 bebafeca efbeadde 
00006cf0: 2b000000 1b000000 bebafeca efbeadde 
00006d00: 2c000000 18000000 bebafeca efbeadde 
00006d10: 2d000000 18000000 bebafeca efbeadde 
00006d20: 2c000000 19000000 bebafeca efbeadde 
00006d30: 2d000000 19000000 bebafeca efbeadde 
00006d40: 2e000000 18000000 bebafeca efbeadde 
00006d50: 2f000000 18000000 bebafeca efbeadde 
00006d60: 2e000000 19000000 bebafeca efbeadde 
00006d70: 2f000000 19000000 bebafeca efbeadde 
00006d80: 2c000000 1a000000 bebafeca efbeadde 
00006d90: 2d000000 1a000000 bebafeca efbeadde 
00006da0: 2c000000 1b000000 bebafeca efbeadde 
00006db0: 2d000000 1b000000 bebafeca efbeadde 
00006dc0: 2e000000 1a000000 bebafeca efbeadde 
00006dd0: 2f000000 1a000000 bebafeca efbeadde 
00006de0: 2e000000 1b000000 bebafeca efbeadde 
00006df0: 2f000000 1b000000 bebafeca efbeadde 
00006e00: 28000000 1c000000 bebafeca efbeadde 
00006e10: 29000000 1c000000 bebafeca efbeadde 
00006e20: 28000000 1d000000 bebafeca efbeadde 
00006e30: 29000000 1d000000 bebafeca efbeadde 
00006e40: 2a000000 1c000000 bebafeca efbeadde 
00006e50: 2b000000 1c000000 bebafeca efbeadde 
00006e60: 2a000000 1d000000 bebafeca efbeadde 
00006e70: 2b000000 1d000000 bebafeca efbeadde 
00006e80: 28000000 1e000000 bebafeca efbeadde 
00006e90: 29000000 1e000000 bebafeca efbeadde 
00006ea0: 28000000 1f000000 bebafeca efbeadde 
00006eb0: 29000000 1f000000 bebafeca efbeadde 
00006ec0: 2a000000 1e000000 bebafeca efbeadde 
00006ed0: 2b000000 1e000000 bebafeca efbeadde 
00006ee0: 2a000000 1f000000 bebafeca efbeadde 
00006ef0: 2b000000 1f000000 bebafeca efbeadde 
00006f00: 2c000000 1c000000 bebafeca efbeadde 
00006f10: 2d000000 1c000000 bebafeca efbeadde 
00006f20: 2c000000 1d000000 bebafeca efbeadde 
00006f30: 2d000000 1d000000 bebafeca efbeadde 
00006f40: 2e000000 1c000000 bebafeca efbeadde 
00006f50: 2f000000 1c000000 bebafeca efbeadde 
00006f60: 2e000000 1d000000 bebafeca efbeadde 
00006f70: 2f000000 1d000000 bebafeca efbeadde 
00006f80: 2c000000 1e000000 bebafeca efbeadde 
00006f90: 2d000000 1e000000 bebafeca efbeadde 
00006fa0: 2c000000 1f000000 bebafeca efbeadde 
00006fb0: 2d000000 1f000000 bebafeca efbeadde 
00006fc0: 2e000000 1e000000 bebafeca efbeadde 
00006fd0: 2f000000 1e000000 bebafeca efbeadde 
00006fe0: 2e000000 1f000000 bebafeca efbeadde 
00006ff0: 2f000000 1f000000 bebafeca efbeadde 
00007000: 30000000 10000000 bebafeca efbeadde 
00007010: 31000000 10000000 bebafeca efbeadde 
00007020: 30000000 11000000 bebafeca efbeadde 
00007030: 31000000 11000000 bebafeca efbeadde 
00007040: 32000000 10000000 bebafeca efbeadde 
00007050: 33000000 10000000 bebafeca efbeadde 
00007060: 32000000 11000000 bebafeca efbeadde 
00007070: 33000000 11000000 bebafeca efbeadde 
00007080: 30000000 12000000 bebafeca efbeadde 
00007090: 31000000 12000000 bebafeca efbeadde 
000070a0: 30000000 13000000 bebafeca efbeadde 
000070b0: 31000000 13000000 bebafeca efbeadde 
000070c0: 32000000 12000000 bebafeca efbeadde 
000070d0: 33000000 12000000 bebafeca efbeadde 
000070e0: 32000000 13000000 bebafeca efbeadde 
000070f0: 33000000 13000000 bebafeca efbeadde 
00007100: 34000000 10000000 bebafeca efbeadde 
00007110: 35000000 10000000 bebafeca efbeadde 
00007120: 34000000 11000000 bebafeca efbeadde 
00007130: 35000000 11000000 bebafeca efbeadde 
00007140: 36000000 10000000 bebafeca efbeadde 
00007150: 37000000 10000000 bebafeca efbeadde 
00007160: 36000000 11000000 bebafeca efbeadde 
00007170: 37000000 11000000 bebafeca efbeadde 
00007180: 34000000 12000000 bebafeca efbeadde 
00007190: 35000000 12000000 bebafeca efbeadde 
000071a0: 34000000 13000000 bebafeca efbeadde 
000071b0: 35000000 13000000 bebafeca efbeadde 
000071c0: 36000000 12000000 bebafeca efbeadde 
000071d0: 37000000 12000000 bebafeca efbeadde 
000071e0: 36000000 13000000 bebafeca efbeadde 
000071f0: 37000000 13000000 bebafeca efbeadde 
00007200: 30000000 14000000 bebafeca efbeadde 
00007210: 31000000 14000000 bebafeca efbeadde 
00007220: 30000000 15000000 bebafeca efbeadde 
00007230: 31000000 15000000 bebafeca efbeadde 
00007240: 32000000 14000000 bebafeca efbeadde 
00007250: 33000000 14000000 bebafeca efbeadde 
00007260: 32000000 15000000 bebafeca efbeadde 
00007270: 33000000 15000000 bebafeca efbeadde 
00007280: 30000000 16000000 bebafeca efbeadde 
00007290: 31000000 16000000 bebafeca efbeadde 
000072a0: 30000000 17000000 bebafeca efbeadde 
000072b0: 31000000 17000000 bebafeca efbeadde 
000072c0: 32000000 16000000 bebafeca efbeadde 
000072d0: 33000000 16000000 bebafeca efbeadde 
000072e0: 32000000 17000000 bebafeca efbeadde 
000072f0: 33000000 17000000 bebafeca efbeadde 
00007300: 34000000 14000000 bebafeca efbeadde 
00007310: 35000000 14000000 bebafeca efbeadde 
00007320: 34000000 15000000 bebafeca efbeadde 
00007330: 35000000 15000000 bebafeca efbeadde 
00007340: 36000000 14000000 bebafeca efbeadde 
00007350: 37000000 14000000 bebafeca efbeadde 
00007360: 36000000 15000000 bebafeca efbeadde 
00007370: 37000000 15000000 bebafeca efbeadde 
00007380: 34000000 16000000 bebafeca efbeadde 
00007390: 35000000 16000000 bebafeca efbeadde 
000073a0: 34000000 17000000 bebafeca efbeadde 
000073b0: 35000000 17000000 bebafeca efbeadde 
000073c0: 36000000 16000000 bebafeca efbeadde 
000073d0: 37000000 16000000 bebafeca efbeadde 
000073e0: 36000000 17000000 bebafeca efbeadde 
000073f0: 37000000 17000000 bebafeca efbeadde 
00007400: 38000000 10000000 bebafeca efbeadde 
00007410: 39000000 10000000 bebafeca efbeadde 
00007420: 38000000 11000000 bebafeca efbeadde 
00007430: 39000000 11000000 bebafeca efbeadde 
00007440: 3a000000 10000000 bebafeca efbeadde 
00007450: 3b000000 10000000 bebafeca efbeadde 
00007460: 3a000000 11000000 bebafeca efbeadde 
00007470: 3b000000 11000000 bebafeca efbeadde 
00007480: 38000000 12000000 bebafeca efbeadde 
00007490: 39000000 12000000 bebafeca efbeadde 
000074a0: 38000000 13000000 bebafeca efbeadde 
000074b0: 39000000 13000000 bebafeca efbeadde 
000074c0: 3a000000 12000000 bebafeca efbeadde 
000074d0: 3b000000 12000000 bebafeca efbeadde 
000074e0: 3a000000 13000000 bebafeca efbeadde 
000074f0: 3b000000 13000000 bebafeca efbeadde 
00007500: 3c000000 10000000 bebafeca efbeadde 
00007510: 3d000000 10000000 bebafeca efbeadde 
00007520: 3c000000 11000000 bebafeca efbeadde 
00007530: 3d000000 11000000 bebafeca efbeadde 
00007540: 3e000000 10000000 bebafeca efbeadde 
00007550: 3f000000 10000000 bebafeca efbeadde 
00007560: 3e000000 11000000 bebafeca efbeadde 
00007570: 3f000000 11000000 bebafeca efbeadde 
00007580: 3c000000 12000000 bebafeca efbeadde 
00007590: 3d000000 12000000 bebafeca efbeadde 
000075a0: 3c000000 13000000 bebafeca efbeadde 
000075b0: 3d000000 13000000 bebafeca efbeadde 
000075c0: 3e000000 12000000 bebafeca efbeadde 
000075d0: 3f000000 12000000 bebafeca efbeadde 
000075e0: 3e000000 13000000 bebafeca efbeadde 
000075f0: 3f000000 13000000 bebafeca efbeadde 
00007600: 38000000 14000000 bebafeca efbeadde 
00007610: 39000000 14000000 bebafeca efbeadde 
00007620: 38000000 15000000 bebafeca efbeadde 
00007630: 39000000 15000000 bebafeca efbeadde 
00007640: 3a000000 14000000 bebafeca efbeadde 
00007650: 3b000000 14000000 bebafeca efbeadde 
00007660: 3a000000 15000000 bebafeca efbeadde 
00007670: 3b000000 15000000 bebafeca efbeadde 
00007680: 38000000 16000000 bebafeca efbeadde 
00007690: 39000000 16000000 bebafeca efbeadde 
000076a0: 38000000 17000000 bebafeca efbeadde 
000076b0: 39000000 17000000 bebafeca efbeadde 
000076c0: 3a000000 16000000 bebafeca efbeadde 
000076d0: 3b000000 16000000 bebafeca efbeadde 
000076e0: 3a000000 17000000 bebafeca efbeadde 
000076f0: 3b000000 17000000 bebafeca efbeadde 
00007700: 3c000000 14000000 bebafeca efbeadde 
00007710: 3d000000 14000000 bebafeca efbeadde 
00007720: 3c000000 15000000 bebafeca efbeadde 
00007730: 3d000000 15000000 bebafeca efbeadde 
00007740: 3e000000 14000000 bebafeca efbeadde 
00007750: 3f000000 14000000 bebafeca efbeadde 
00007760: 3e000000 15000000 bebafeca efbeadde 
00007770: 3f000000 15000000 bebafeca efbeadde 
00007780: 3c000000 16000000 bebafeca efbeadde 
00007790: 3d000000 16000000 bebafeca efbeadde 
000077a0: 3c000000 17000000 bebafeca efbeadde 
000077b0: 3d000000 17000000 bebafeca efbeadde 
000077c0: 3e000000 16000000 bebafeca efbeadde 
000077d0: 3f000000 16000000 bebafeca efbeadde 
000077e0: 3e000000 17000000 bebafeca efbeadde 
000077f0: 3f000000 17000000 bebafeca efbeadde 
00007800: 30000000 18000000 bebafeca efbeadde 
00007810: 31000000 18000000 bebafeca efbeadde 
00007820: 30000000 19000000 bebafeca efbeadde 
00007830: 31000000 19000000 bebafeca efbeadde 
00007840: 32000000 18000000 bebafeca efbeadde 
00007850: 33000000 18000000 bebafeca efbeadde 
00007860: 32000000 19000000 bebafeca efbeadde 
00007870: 33000000 19000000 bebafeca efbeadde 
00007880: 30000000 1a000000 bebafeca efbeadde 
00007890: 31000000 1a000000 bebafeca efbeadde 
000078a0: 30000000 1b000000 bebafeca efbeadde 
000078b0: 31000000 1b000000 bebafeca efbeadde 
000078c0: 32000000 1a000000 bebafeca efbeadde 
000078d0: 33000000 1a000000 bebafeca efbeadde 
000078e0: 32000000 1b000000 bebafeca efbeadde 
000078f0: 33000000 1b000000 bebafeca efbeadde 
00007900: 34000000 18000000 bebafeca efbeadde 
00007910: 35000000 18000000 bebafeca efbeadde 
00007920: 34000000 19000000 bebafeca efbeadde 
00007930: 35000000 19000000 bebafeca efbeadde 
00007940: 36000000 18000000 bebafeca efbeadde 
00007950: 37000000 18000000 bebafeca efbeadde 
00007960: 36000000 19000000 bebafeca efbeadde 
00007970: 37000000 19000000 bebafeca efbeadde 
00007980: 34000000 1a000000 bebafeca efbeadde 
00007990: 35000000 1a000000 bebafeca efbeadde 
000079a0: 34000000 1b000000 bebafeca efbeadde 
000079b0: 35000000 1b000000 bebafeca efbeadde 
000079c0: 36000000 1a000000 bebafeca efbeadde 
000079d0: 37000000 1a000000 bebafeca efbeadde 
000079e0: 36000000 1b000000 bebafeca efbeadde 
000079f0: 37000000 1b000000 bebafeca efbeadde 
00007a00: 30000000 1c000000 bebafeca efbeadde 
00007a10: 31000000 1c000000 bebafeca efbeadde 
00007a20: 30000000 1d000000 bebafeca efbeadde 
00007a30: 31000000 1d000000 bebafeca efbeadde 
00007a40: 32000000 1c000000 bebafeca efbeadde 
00007a50: 33000000 1c000000 bebafeca efbeadde 
00007a60: 32000000 1d000000 bebafeca efbeadde 
00007a70: 33000000 1d000000 bebafeca efbeadde 
00007a80: 30000000 1e000000 bebafeca efbeadde 
00007a90: 31000000 1e000000 bebafeca efbeadde 
00007aa0: 30000000 1f000000 bebafeca efbeadde 
00007ab0: 31000000 1f000000 bebafeca efbeadde 
00007ac0: 32000000 1e000000 bebafeca efbeadde 
00007ad0: 33000000 1e000000 bebafeca efbeadde 
00007ae0: 32000000 1f000000 bebafeca efbeadde 
00007af0: 33000000 1f000000 bebafeca efbeadde 
00007b00: 34000000 1c000000 bebafeca efbeadde 
00007b10: 35000000 1c000000 bebafeca efbeadde 
00007b20: 34000000 1d000000 bebafeca efbeadde 
00007b30: 35000000 1d000000 bebafeca efbeadde 
00007b40: 36000000 1c000000 bebafeca efbeadde 
00007b50: 37000000 1c000000 bebafeca efbeadde 
00007b60: 36000000 1d000000 bebafeca efbeadde 
00007b70: 37000000 1d000000 bebafeca efbeadde 
00007b80: 34000000 1e000000 bebafeca efbeadde 
00007b90: 35000000 1e000000 bebafeca efbeadde 
00007ba0: 34000000 1f000000 bebafeca efbeadde 
00007bb0: 35000000 1f000000 bebafeca efbeadde 
00007bc0: 36000000 1e000000 bebafeca efbeadde 
00007bd0: 37000000 1e000000 bebafeca efbeadde 
00007be0: 36000000 1f000000 bebafeca efbeadde 
00007bf0: 37000000 1f000000 bebafeca efbeadde 
00007c00: 38000000 18000000 bebafeca efbeadde 
00007c10: 39000000 18000000 bebafeca efbeadde 
00007c20: 38000000 19000000 bebafeca efbeadde 
00007c30: 39000000 19000000 bebafeca efbeadde 
00007c40: 3a000000 18000000 bebafeca efbeadde 
00007c50: 3b000000 18000000 bebafeca efbeadde 
00007c60: 3a000000 19000000 bebafeca efbeadde 
00007c70: 3b000000 19000000 bebafeca efbeadde 
00007c80: 38000000 1a000000 bebafeca efbeadde 
00007c90: 39000000 1a000000 bebafeca efbeadde 
00007ca0: 38000000 1b000000 bebafeca efbeadde 
00007cb0: 39000000 1b000000 bebafeca efbeadde 
00007cc0: 3a000000 1a000000 bebafeca efbeadde 
00007cd0: 3b000000 1a000000 bebafeca efbeadde 
00007ce0: 3a000000 1b000000 bebafeca efbeadde 
00007cf0: 3b000000 1b000000 bebafeca efbeadde 
00007d00: 3c000000 18000000 bebafeca efbeadde 
00007d10: 3d000000 18000000 bebafeca efbeadde 
00007d20: 3c000000 19000000 bebafeca efbeadde 
00007d30: 3d000000 19000000 bebafeca efbeadde 
00007d40: 3e000000 18000000 bebafeca efbeadde 
00007d50: 3f000000 18000000 bebafeca efbeadde 
00007d60: 3e000000 19000000 bebafeca efbeadde 
00007d70: 3f000000 19000000 bebafeca efbeadde 
00007d80: 3c000000 1a000000 bebafeca efbeadde 
00007d90: 3d000000 1a000000 bebafeca efbeadde 
00007da0: 3c000000 1b000000 bebafeca efbeadde 
00007db0: 3d000000 1b000000 bebafeca efbeadde 
00007dc0: 3e000000 1a000000 bebafeca efbeadde 
00007dd0: 3f000000 1a000000 bebafeca efbeadde 
00007de0: 3e000000 1b000000 bebafeca efbeadde 
00007df0: 3f000000 1b000000 bebafeca efbeadde 
00007e00: 38000000 1c000000 bebafeca efbeadde 
00007e10: 39000000 1c000000 bebafeca efbeadde 
00007e20: 38000000 1d000000 bebafeca efbeadde 
00007e30: 39000000 1d000000 bebafeca efbeadde 
00007e40: 3a000000 1c000000 bebafeca efbeadde 
00007e50: 3b000000 1c000000 bebafeca efbeadde 
00007e60: 3a000000 1d000000 bebafeca efbeadde 
00007e70: 3b000000 1d000000 bebafeca efbeadde 
00007e80: 38000000 1e000000 bebafeca efbeadde 
00007e90: 39000000 1e000000 bebafeca efbeadde 
00007ea0: 38000000 1f000000 bebafeca efbeadde 
00007eb0: 39000000 1f000000 bebafeca efbeadde 
00007ec0: 3a000000 1e000000 bebafeca efbeadde 
00007ed0: 3b000000 1e000000 bebafeca efbeadde 
00007ee0: 3a000000 1f000000 bebafeca efbeadde 
00007ef0: 3b000000 1f000000 bebafeca efbeadde 
00007f00: 3c000000 1c000000 bebafeca efbeadde 
00007f10: 3d000000 1c000000 bebafeca efbeadde 
00007f20: 3c000000 1d000000 bebafeca efbeadde 
00007f30: 3d000000 1d000000 bebafeca efbeadde 
00007f40: 3e000000 1c000000 bebafeca efbeadde 
00007f50: 3f000000 1c000000 bebafeca efbeadde 
00007f60: 3e000000 1d000000 bebafeca efbeadde 
00007f70: 3f000000 1d000000 bebafeca efbeadde 
00007f80: 3c000000 1e000000 bebafeca efbeadde 
00007f90: 3d000000 1e000000 bebafeca efbeadde 
00007fa0: 3c000000 1f000000 bebafeca efbeadde 
00007fb0: 3d000000 1f000000 bebafeca efbeadde 
00007fc0: 3e000000 1e000000 bebafeca efbeadde 
00007fd0: 3f000000 1e000000 bebafeca efbeadde 
00007fe0: 3e000000 1f000000 bebafeca efbeadde 
00007ff0: 3f000000 1f000000 bebafeca efbeadde 
00008000: 40000000 00000000 bebafeca efbeadde 
00008010: 41000000 00000000 bebafeca efbeadde 
00008020: 40000000 01000000 bebafeca efbeadde 
00008030: 41000000 01000000 bebafeca efbeadde 
00008040: 42000000 00000000 bebafeca efbeadde 
00008050: 43000000 00000000 bebafeca efbeadde 
00008060: 42000000 01000000 bebafeca efbeadde 
00008070: 43000000 01000000 bebafeca efbeadde 
00008080: 40000000 02000000 bebafeca efbeadde 
00008090: 41000000 02000000 bebafeca efbeadde 
000080a0: 40000000 03000000 bebafeca efbeadde 
000080b0: 41000000 03000000 bebafeca efbeadde 
000080c0: 42000000 02000000 bebafeca efbeadde 
000080d0: 43000000 02000000 bebafeca efbeadde 
000080e0: 42000000 03000000 bebafeca efbeadde 
000080f0: 43000000 03000000 bebafeca efbeadde 
00008100: 44000000 00000000 bebafeca efbeadde 
00008110: 45000000 00000000 bebafeca efbeadde 
00008120: 44000000 01000000 bebafeca efbeadde 
00008130: 45000000 01000000 bebafeca efbeadde 
00008140: 46000000 00000000 bebafeca efbeadde 
00008150: 47000000 00000000 bebafeca efbeadde 
00008160: 46000000 01000000 bebafeca efbeadde 
00008170: 47000000 01000000 bebafeca efbeadde 
00008180: 44000000 02000000 bebafeca efbeadde 
00008190: 45000000 02000000 bebafeca efbeadde 
000081a0: 44000000 03000000 bebafeca efbeadde 
000081b0: 45000000 03000000 bebafeca efbeadde 
000081c0: 46000000 02000000 bebafeca efbeadde 
000081d0: 47000000 02000000 bebafeca efbeadde 
000081e0: 46000000 03000000 bebafeca efbeadde 
000081f0: 47000000 03000000 bebafeca efbeadde 
00008200: 40000000 04000000 bebafeca efbeadde 
00008210: 41000000 04000000 bebafeca efbeadde 
00008220: 40000000 05000000 bebafeca efbeadde 
00008230: 41000000 05000000 bebafeca efbeadde 
00008240: 42000000 04000000 bebafeca efbeadde 
00008250: 43000000 04000000 bebafeca efbeadde 
00008260: 42000000 05000000 bebafeca efbeadde 
00008270: 43000000 05000000 bebafeca efbeadde 
00008280: 40000000 06000000 bebafeca efbeadde 
00008290: 41000000 06000000 bebafeca efbeadde 
000082a0: 40000000 07000000 bebafeca efbeadde 
000082b0: 41000000 07000000 bebafeca efbeadde 
000082c0: 42000000 06000000 bebafeca efbeadde 
000082d0: 43000000 06000000 bebafeca efbeadde 
000082e0: 42000000 07000000 bebafeca efbeadde 
000082f0: 43000000 07000000 bebafeca efbeadde 
00008300: 44000000 04000000 bebafeca efbeadde 
00008310: 45000000 04000000 bebafeca efbeadde 
00008320: 44000000 05000000 bebafeca efbeadde 
00008330: 45000000 05000000 bebafeca efbeadde 
00008340: 46000000 04000000 bebafeca efbeadde 
00008350: 47000000 04000000 bebafeca efbeadde 
00008360: 46000000 05000000 bebafeca efbeadde 
00008370: 47000000 05000000 bebafeca efbeadde 
00008380: 44000000 06000000 bebafeca efbeadde 
00008390: 45000000 06000000 bebafeca efbeadde 
000083a0: 44000000 07000000 bebafeca efbeadde 
000083b0: 45000000 07000000 bebafeca efbeadde 
000083c0: 46000000 06000000 bebafeca efbeadde 
000083d0: 47000000 06000000 bebafeca efbeadde 
000083e0: 46000000 07000000 bebafeca efbeadde 
000083f0: 47000000 07000000 bebafeca efbeadde 
00008400: 48000000 00000000 bebafeca efbeadde 
00008410: 49000000 00000000 bebafeca efbeadde 
00008420: 48000000 01000000 bebafeca efbeadde 
00008430: 49000000 01000000 bebafeca efbeadde 
00008440: 4a000000 00000000 bebafeca efbeadde 
00008450: 4b000000 00000000 bebafeca efbeadde 
00008460: 4a000000 01000000 bebafeca efbeadde 
00008470: 4b000000 01000000 bebafeca efbeadde 
00008480: 48000000 02000000 bebafeca efbeadde 
00008490: 49000000 02000000 bebafeca efbeadde 
000084a0: 48000000 03000000 bebafeca efbeadde 
000084b0: 49000000 03000000 bebafeca efbeadde 
000084c0: 4a000000 02000000 bebafeca efbeadde 
000084d0: 4b000000 02000000 bebafeca efbeadde 
000084e0: 4a000000 03000000 bebafeca efbeadde 
000084f0: 4b000000 03000000 bebafeca efbeadde 
00008500: 4c000000 00000000 bebafeca efbeadde 
00008510: 4d000000 00000000 bebafeca efbeadde 
00008520: 4c000000 01000000 bebafeca efbeadde 
00008530: 4d000000 01000000 bebafeca efbeadde 
00008540: 4e000000 00000000 bebafeca efbeadde 
00008550: 4f000000 00000000 bebafeca efbeadde 
00008560: 4e000000 01000000 bebafeca efbeadde 
00008570: 4f000000 01000000 bebafeca efbeadde 
00008580: 4c000000 02000000 bebafeca efbeadde 
00008590: 4d000000 02000000 bebafeca efbeadde 
000085a0: 4c000000 03000000 bebafeca efbeadde 
000085b0: 4d000000 03000000 bebafeca efbeadde 
000085c0: 4e000000 02000000 bebafeca efbeadde 
000085d0: 4f000000 02000000 bebafeca efbeadde 
000085e0: 4e000000 03000000 bebafeca efbeadde 
000085f0: 4f000000 03000000 bebafeca efbeadde 
00008600: 48000000 04000000 bebafeca efbeadde 
00008610: 49000000 04000000 bebafeca efbeadde 
00008620: 48000000 05000000 bebafeca efbeadde 
00008630: 49000000 05000000 bebafeca efbeadde 
00008640: 4a000000 04000000 bebafeca efbeadde 
00008650: 4b000000 04000000 bebafeca efbeadde 
00008660: 4a000000 05000000 bebafeca efbeadde 
00008670: 4b000000 05000000 bebafeca efbeadde 
00008680: 48000000 06000000 bebafeca efbeadde 
00008690: 49000000 06000000 bebafeca efbeadde 
000086a0: 48000000 07000000 bebafeca efbeadde 
000086b0: 49000000 07000000 bebafeca efbeadde 
000086c0: 4a000000 06000000 bebafeca efbeadde 
000086d0: 4b000000 06000000 bebafeca efbeadde 
000086e0: 4a000000 07000000 bebafeca efbeadde 
000086f0: 4b000000 07000000 bebafeca efbeadde 
00008700: 4c000000 04000000 bebafeca efbeadde 
00008710: 4d000000 04000000 bebafeca efbeadde 
00008720: 4c000000 05000000 bebafeca efbeadde 
00008730: 4d000000 05000000 bebafeca efbeadde 
00008740: 4e000000 04000000 bebafeca efbeadde 
00008750: 4f000000 04000000 bebafeca efbeadde 
00008760: 4e000000 05000000 bebafeca efbeadde 
00008770: 4f000000 05000000 bebafeca efbeadde 
00008780: 4c000000 06000000 bebafeca efbeadde 
00008790: 4d000000 06000000 bebafeca efbeadde 
000087a0: 4c000000 07000000 bebafeca efbeadde 
000087b0: 4d000000 07000000 bebafeca efbeadde 
000087c0: 4e000000 06000000 bebafeca efbeadde 
000087d0: 4f000000 06000000 bebafeca efbeadde 
000087e0: 4e000000 07000000 bebafeca efbeadde 
000087f0: 4f000000 07000000 bebafeca efbeadde 
00008800: 40000000 08000000 bebafeca efbeadde 
00008810: 41000000 08000000 bebafeca efbeadde 
00008820: 40000000 09000000 bebafeca efbeadde 
00008830: 41000000 09000000 bebafeca efbeadde 
00008840: 42000000 08000000 bebafeca efbeadde 
00008850: 43000000 08000000 bebafeca efbeadde 
00008860: 42000000 09000000 bebafeca efbeadde 
00008870: 43000000 09000000 bebafeca efbeadde 
00008880: 40000000 0a000000 bebafeca efbeadde 
00008890: 41000000 0a000000 bebafeca efbeadde 
000088a0: 40000000 0b000000 bebafeca efbeadde 
000088b0: 41000000 0b000000 bebafeca efbeadde 
000088c0: 42000000 0a000000 bebafeca efbeadde 
000088d0: 43000000 0a000000 bebafeca efbeadde 
000088e0: 42000000 0b000000 bebafeca efbeadde 
000088f0: 43000000 0b000000 bebafeca efbeadde 
00008900: 44000000 08000000 bebafeca efbeadde 
00008910: 45000000 08000000 bebafeca efbeadde 
00008920: 44000000 09000000 bebafeca efbeadde 
00008930: 45000000 09000000 bebafeca efbeadde 
00008940: 46000000 08000000 bebafeca efbeadde 
00008950: 47000000 08000000 bebafeca efbeadde 
00008960: 46000000 09000000 bebafeca efbeadde 
