# BODUMP reason=sigusr1 handle=0 gpu_va=0x10000080000 cpu=0x1022f8000 size=0x24000 read=0x24000
00000000: 000000a5 010000a5 001000a5 011000a5 
00000010: 020000a5 030000a5 021000a5 031000a5 
00000020: 002000a5 012000a5 003000a5 013000a5 
00000030: 022000a5 032000a5 023000a5 033000a5 
00000040: 040000a5 050000a5 041000a5 051000a5 
00000050: 060000a5 070000a5 061000a5 071000a5 
00000060: 042000a5 052000a5 043000a5 053000a5 
00000070: 062000a5 072000a5 063000a5 073000a5 
00000080: 004000a5 014000a5 005000a5 015000a5 
00000090: 024000a5 034000a5 025000a5 035000a5 
000000a0: 006000a5 016000a5 007000a5 017000a5 
000000b0: 026000a5 036000a5 027000a5 037000a5 
000000c0: 044000a5 054000a5 045000a5 055000a5 
000000d0: 064000a5 074000a5 065000a5 075000a5 
000000e0: 046000a5 056000a5 047000a5 057000a5 
000000f0: 066000a5 076000a5 067000a5 077000a5 
00000100: 080000a5 090000a5 081000a5 091000a5 
00000110: 0a0000a5 0b0000a5 0a1000a5 0b1000a5 
00000120: 082000a5 092000a5 083000a5 093000a5 
00000130: 0a2000a5 0b2000a5 0a3000a5 0b3000a5 
00000140: 0c0000a5 0d0000a5 0c1000a5 0d1000a5 
00000150: 0e0000a5 0f0000a5 0e1000a5 0f1000a5 
00000160: 0c2000a5 0d2000a5 0c3000a5 0d3000a5 
00000170: 0e2000a5 0f2000a5 0e3000a5 0f3000a5 
00000180: 084000a5 094000a5 085000a5 095000a5 
00000190: 0a4000a5 0b4000a5 0a5000a5 0b5000a5 
000001a0: 086000a5 096000a5 087000a5 097000a5 
000001b0: 0a6000a5 0b6000a5 0a7000a5 0b7000a5 
000001c0: 0c4000a5 0d4000a5 0c5000a5 0d5000a5 
000001d0: 0e4000a5 0f4000a5 0e5000a5 0f5000a5 
000001e0: 0c6000a5 0d6000a5 0c7000a5 0d7000a5 
000001f0: 0e6000a5 0f6000a5 0e7000a5 0f7000a5 
00000200: 008000a5 018000a5 009000a5 019000a5 
00000210: 028000a5 038000a5 029000a5 039000a5 
00000220: 00a000a5 01a000a5 00b000a5 01b000a5 
00000230: 02a000a5 03a000a5 02b000a5 03b000a5 
00000240: 048000a5 058000a5 049000a5 059000a5 
00000250: 068000a5 078000a5 069000a5 079000a5 
00000260: 04a000a5 05a000a5 04b000a5 05b000a5 
00000270: 06a000a5 07a000a5 06b000a5 07b000a5 
00000280: 00c000a5 01c000a5 00d000a5 01d000a5 
00000290: 02c000a5 03c000a5 02d000a5 03d000a5 
000002a0: 00e000a5 01e000a5 00f000a5 01f000a5 
000002b0: 02e000a5 03e000a5 02f000a5 03f000a5 
000002c0: 04c000a5 05c000a5 04d000a5 05d000a5 
000002d0: 06c000a5 07c000a5 06d000a5 07d000a5 
000002e0: 04e000a5 05e000a5 04f000a5 05f000a5 
000002f0: 06e000a5 07e000a5 06f000a5 07f000a5 
00000300: 088000a5 098000a5 089000a5 099000a5 
00000310: 0a8000a5 0b8000a5 0a9000a5 0b9000a5 
00000320: 08a000a5 09a000a5 08b000a5 09b000a5 
00000330: 0aa000a5 0ba000a5 0ab000a5 0bb000a5 
00000340: 0c8000a5 0d8000a5 0c9000a5 0d9000a5 
00000350: 0e8000a5 0f8000a5 0e9000a5 0f9000a5 
00000360: 0ca000a5 0da000a5 0cb000a5 0db000a5 
00000370: 0ea000a5 0fa000a5 0eb000a5 0fb000a5 
00000380: 08c000a5 09c000a5 08d000a5 09d000a5 
00000390: 0ac000a5 0bc000a5 0ad000a5 0bd000a5 
000003a0: 08e000a5 09e000a5 08f000a5 09f000a5 
000003b0: 0ae000a5 0be000a5 0af000a5 0bf000a5 
000003c0: 0cc000a5 0dc000a5 0cd000a5 0dd000a5 
000003d0: 0ec000a5 0fc000a5 0ed000a5 0fd000a5 
000003e0: 0ce000a5 0de000a5 0cf000a5 0df000a5 
000003f0: 0ee000a5 0fe000a5 0ef000a5 0ff000a5 
00000400: 100000a5 110000a5 101000a5 111000a5 
00000410: 120000a5 130000a5 121000a5 131000a5 
00000420: 102000a5 112000a5 103000a5 113000a5 
00000430: 122000a5 132000a5 123000a5 133000a5 
00000440: 140000a5 150000a5 141000a5 151000a5 
00000450: 160000a5 170000a5 161000a5 171000a5 
00000460: 142000a5 152000a5 143000a5 153000a5 
00000470: 162000a5 172000a5 163000a5 173000a5 
00000480: 104000a5 114000a5 105000a5 115000a5 
00000490: 124000a5 134000a5 125000a5 135000a5 
000004a0: 106000a5 116000a5 107000a5 117000a5 
000004b0: 126000a5 136000a5 127000a5 137000a5 
000004c0: 144000a5 154000a5 145000a5 155000a5 
000004d0: 164000a5 174000a5 165000a5 175000a5 
000004e0: 146000a5 156000a5 147000a5 157000a5 
000004f0: 166000a5 176000a5 167000a5 177000a5 
00000500: 180000a5 190000a5 181000a5 191000a5 
00000510: 1a0000a5 1b0000a5 1a1000a5 1b1000a5 
00000520: 182000a5 192000a5 183000a5 193000a5 
00000530: 1a2000a5 1b2000a5 1a3000a5 1b3000a5 
00000540: 1c0000a5 1d0000a5 1c1000a5 1d1000a5 
00000550: 1e0000a5 1f0000a5 1e1000a5 1f1000a5 
00000560: 1c2000a5 1d2000a5 1c3000a5 1d3000a5 
00000570: 1e2000a5 1f2000a5 1e3000a5 1f3000a5 
00000580: 184000a5 194000a5 185000a5 195000a5 
00000590: 1a4000a5 1b4000a5 1a5000a5 1b5000a5 
000005a0: 186000a5 196000a5 187000a5 197000a5 
000005b0: 1a6000a5 1b6000a5 1a7000a5 1b7000a5 
000005c0: 1c4000a5 1d4000a5 1c5000a5 1d5000a5 
000005d0: 1e4000a5 1f4000a5 1e5000a5 1f5000a5 
000005e0: 1c6000a5 1d6000a5 1c7000a5 1d7000a5 
000005f0: 1e6000a5 1f6000a5 1e7000a5 1f7000a5 
00000600: 108000a5 118000a5 109000a5 119000a5 
00000610: 128000a5 138000a5 129000a5 139000a5 
00000620: 10a000a5 11a000a5 10b000a5 11b000a5 
00000630: 12a000a5 13a000a5 12b000a5 13b000a5 
00000640: 148000a5 158000a5 149000a5 159000a5 
00000650: 168000a5 178000a5 169000a5 179000a5 
00000660: 14a000a5 15a000a5 14b000a5 15b000a5 
00000670: 16a000a5 17a000a5 16b000a5 17b000a5 
00000680: 10c000a5 11c000a5 10d000a5 11d000a5 
00000690: 12c000a5 13c000a5 12d000a5 13d000a5 
000006a0: 10e000a5 11e000a5 10f000a5 11f000a5 
000006b0: 12e000a5 13e000a5 12f000a5 13f000a5 
000006c0: 14c000a5 15c000a5 14d000a5 15d000a5 
000006d0: 16c000a5 17c000a5 16d000a5 17d000a5 
000006e0: 14e000a5 15e000a5 14f000a5 15f000a5 
000006f0: 16e000a5 17e000a5 16f000a5 17f000a5 
00000700: 188000a5 198000a5 189000a5 199000a5 
00000710: 1a8000a5 1b8000a5 1a9000a5 1b9000a5 
00000720: 18a000a5 19a000a5 18b000a5 19b000a5 
00000730: 1aa000a5 1ba000a5 1ab000a5 1bb000a5 
00000740: 1c8000a5 1d8000a5 1c9000a5 1d9000a5 
00000750: 1e8000a5 1f8000a5 1e9000a5 1f9000a5 
00000760: 1ca000a5 1da000a5 1cb000a5 1db000a5 
00000770: 1ea000a5 1fa000a5 1eb000a5 1fb000a5 
00000780: 18c000a5 19c000a5 18d000a5 19d000a5 
00000790: 1ac000a5 1bc000a5 1ad000a5 1bd000a5 
000007a0: 18e000a5 19e000a5 18f000a5 19f000a5 
000007b0: 1ae000a5 1be000a5 1af000a5 1bf000a5 
000007c0: 1cc000a5 1dc000a5 1cd000a5 1dd000a5 
000007d0: 1ec000a5 1fc000a5 1ed000a5 1fd000a5 
000007e0: 1ce000a5 1de000a5 1cf000a5 1df000a5 
000007f0: 1ee000a5 1fe000a5 1ef000a5 1ff000a5 
00000800: 000001a5 010001a5 001001a5 011001a5 
00000810: 020001a5 030001a5 021001a5 031001a5 
00000820: 002001a5 012001a5 003001a5 013001a5 
00000830: 022001a5 032001a5 023001a5 033001a5 
00000840: 040001a5 050001a5 041001a5 051001a5 
00000850: 060001a5 070001a5 061001a5 071001a5 
00000860: 042001a5 052001a5 043001a5 053001a5 
00000870: 062001a5 072001a5 063001a5 073001a5 
00000880: 004001a5 014001a5 005001a5 015001a5 
00000890: 024001a5 034001a5 025001a5 035001a5 
000008a0: 006001a5 016001a5 007001a5 017001a5 
000008b0: 026001a5 036001a5 027001a5 037001a5 
000008c0: 044001a5 054001a5 045001a5 055001a5 
000008d0: 064001a5 074001a5 065001a5 075001a5 
000008e0: 046001a5 056001a5 047001a5 057001a5 
000008f0: 066001a5 076001a5 067001a5 077001a5 
00000900: 080001a5 090001a5 081001a5 091001a5 
00000910: 0a0001a5 0b0001a5 0a1001a5 0b1001a5 
00000920: 082001a5 092001a5 083001a5 093001a5 
00000930: 0a2001a5 0b2001a5 0a3001a5 0b3001a5 
00000940: 0c0001a5 0d0001a5 0c1001a5 0d1001a5 
00000950: 0e0001a5 0f0001a5 0e1001a5 0f1001a5 
00000960: 0c2001a5 0d2001a5 0c3001a5 0d3001a5 
00000970: 0e2001a5 0f2001a5 0e3001a5 0f3001a5 
00000980: 084001a5 094001a5 085001a5 095001a5 
00000990: 0a4001a5 0b4001a5 0a5001a5 0b5001a5 
000009a0: 086001a5 096001a5 087001a5 097001a5 
000009b0: 0a6001a5 0b6001a5 0a7001a5 0b7001a5 
000009c0: 0c4001a5 0d4001a5 0c5001a5 0d5001a5 
000009d0: 0e4001a5 0f4001a5 0e5001a5 0f5001a5 
000009e0: 0c6001a5 0d6001a5 0c7001a5 0d7001a5 
000009f0: 0e6001a5 0f6001a5 0e7001a5 0f7001a5 
00000a00: 008001a5 018001a5 009001a5 019001a5 
00000a10: 028001a5 038001a5 029001a5 039001a5 
00000a20: 00a001a5 01a001a5 00b001a5 01b001a5 
00000a30: 02a001a5 03a001a5 02b001a5 03b001a5 
00000a40: 048001a5 058001a5 049001a5 059001a5 
00000a50: 068001a5 078001a5 069001a5 079001a5 
00000a60: 04a001a5 05a001a5 04b001a5 05b001a5 
00000a70: 06a001a5 07a001a5 06b001a5 07b001a5 
00000a80: 00c001a5 01c001a5 00d001a5 01d001a5 
00000a90: 02c001a5 03c001a5 02d001a5 03d001a5 
00000aa0: 00e001a5 01e001a5 00f001a5 01f001a5 
00000ab0: 02e001a5 03e001a5 02f001a5 03f001a5 
00000ac0: 04c001a5 05c001a5 04d001a5 05d001a5 
00000ad0: 06c001a5 07c001a5 06d001a5 07d001a5 
00000ae0: 04e001a5 05e001a5 04f001a5 05f001a5 
00000af0: 06e001a5 07e001a5 06f001a5 07f001a5 
00000b00: 088001a5 098001a5 089001a5 099001a5 
00000b10: 0a8001a5 0b8001a5 0a9001a5 0b9001a5 
00000b20: 08a001a5 09a001a5 08b001a5 09b001a5 
00000b30: 0aa001a5 0ba001a5 0ab001a5 0bb001a5 
00000b40: 0c8001a5 0d8001a5 0c9001a5 0d9001a5 
00000b50: 0e8001a5 0f8001a5 0e9001a5 0f9001a5 
00000b60: 0ca001a5 0da001a5 0cb001a5 0db001a5 
00000b70: 0ea001a5 0fa001a5 0eb001a5 0fb001a5 
00000b80: 08c001a5 09c001a5 08d001a5 09d001a5 
00000b90: 0ac001a5 0bc001a5 0ad001a5 0bd001a5 
00000ba0: 08e001a5 09e001a5 08f001a5 09f001a5 
00000bb0: 0ae001a5 0be001a5 0af001a5 0bf001a5 
00000bc0: 0cc001a5 0dc001a5 0cd001a5 0dd001a5 
00000bd0: 0ec001a5 0fc001a5 0ed001a5 0fd001a5 
00000be0: 0ce001a5 0de001a5 0cf001a5 0df001a5 
00000bf0: 0ee001a5 0fe001a5 0ef001a5 0ff001a5 
00000c00: 100001a5 110001a5 101001a5 111001a5 
00000c10: 120001a5 130001a5 121001a5 131001a5 
00000c20: 102001a5 112001a5 103001a5 113001a5 
00000c30: 122001a5 132001a5 123001a5 133001a5 
00000c40: 140001a5 150001a5 141001a5 151001a5 
00000c50: 160001a5 170001a5 161001a5 171001a5 
00000c60: 142001a5 152001a5 143001a5 153001a5 
00000c70: 162001a5 172001a5 163001a5 173001a5 
00000c80: 104001a5 114001a5 105001a5 115001a5 
00000c90: 124001a5 134001a5 125001a5 135001a5 
00000ca0: 106001a5 116001a5 107001a5 117001a5 
00000cb0: 126001a5 136001a5 127001a5 137001a5 
00000cc0: 144001a5 154001a5 145001a5 155001a5 
00000cd0: 164001a5 174001a5 165001a5 175001a5 
00000ce0: 146001a5 156001a5 147001a5 157001a5 
00000cf0: 166001a5 176001a5 167001a5 177001a5 
00000d00: 180001a5 190001a5 181001a5 191001a5 
00000d10: 1a0001a5 1b0001a5 1a1001a5 1b1001a5 
00000d20: 182001a5 192001a5 183001a5 193001a5 
00000d30: 1a2001a5 1b2001a5 1a3001a5 1b3001a5 
00000d40: 1c0001a5 1d0001a5 1c1001a5 1d1001a5 
00000d50: 1e0001a5 1f0001a5 1e1001a5 1f1001a5 
00000d60: 1c2001a5 1d2001a5 1c3001a5 1d3001a5 
00000d70: 1e2001a5 1f2001a5 1e3001a5 1f3001a5 
00000d80: 184001a5 194001a5 185001a5 195001a5 
00000d90: 1a4001a5 1b4001a5 1a5001a5 1b5001a5 
00000da0: 186001a5 196001a5 187001a5 197001a5 
00000db0: 1a6001a5 1b6001a5 1a7001a5 1b7001a5 
00000dc0: 1c4001a5 1d4001a5 1c5001a5 1d5001a5 
00000dd0: 1e4001a5 1f4001a5 1e5001a5 1f5001a5 
00000de0: 1c6001a5 1d6001a5 1c7001a5 1d7001a5 
00000df0: 1e6001a5 1f6001a5 1e7001a5 1f7001a5 
00000e00: 108001a5 118001a5 109001a5 119001a5 
00000e10: 128001a5 138001a5 129001a5 139001a5 
00000e20: 10a001a5 11a001a5 10b001a5 11b001a5 
00000e30: 12a001a5 13a001a5 12b001a5 13b001a5 
00000e40: 148001a5 158001a5 149001a5 159001a5 
00000e50: 168001a5 178001a5 169001a5 179001a5 
00000e60: 14a001a5 15a001a5 14b001a5 15b001a5 
00000e70: 16a001a5 17a001a5 16b001a5 17b001a5 
00000e80: 10c001a5 11c001a5 10d001a5 11d001a5 
00000e90: 12c001a5 13c001a5 12d001a5 13d001a5 
00000ea0: 10e001a5 11e001a5 10f001a5 11f001a5 
00000eb0: 12e001a5 13e001a5 12f001a5 13f001a5 
00000ec0: 14c001a5 15c001a5 14d001a5 15d001a5 
00000ed0: 16c001a5 17c001a5 16d001a5 17d001a5 
00000ee0: 14e001a5 15e001a5 14f001a5 15f001a5 
00000ef0: 16e001a5 17e001a5 16f001a5 17f001a5 
00000f00: 188001a5 198001a5 189001a5 199001a5 
00000f10: 1a8001a5 1b8001a5 1a9001a5 1b9001a5 
00000f20: 18a001a5 19a001a5 18b001a5 19b001a5 
00000f30: 1aa001a5 1ba001a5 1ab001a5 1bb001a5 
00000f40: 1c8001a5 1d8001a5 1c9001a5 1d9001a5 
00000f50: 1e8001a5 1f8001a5 1e9001a5 1f9001a5 
00000f60: 1ca001a5 1da001a5 1cb001a5 1db001a5 
00000f70: 1ea001a5 1fa001a5 1eb001a5 1fb001a5 
00000f80: 18c001a5 19c001a5 18d001a5 19d001a5 
00000f90: 1ac001a5 1bc001a5 1ad001a5 1bd001a5 
00000fa0: 18e001a5 19e001a5 18f001a5 19f001a5 
00000fb0: 1ae001a5 1be001a5 1af001a5 1bf001a5 
00000fc0: 1cc001a5 1dc001a5 1cd001a5 1dd001a5 
00000fd0: 1ec001a5 1fc001a5 1ed001a5 1fd001a5 
00000fe0: 1ce001a5 1de001a5 1cf001a5 1df001a5 
00000ff0: 1ee001a5 1fe001a5 1ef001a5 1ff001a5 
00001000: 200000a5 210000a5 201000a5 211000a5 
00001010: 220000a5 230000a5 221000a5 231000a5 
00001020: 202000a5 212000a5 203000a5 213000a5 
00001030: 222000a5 232000a5 223000a5 233000a5 
00001040: 240000a5 250000a5 241000a5 251000a5 
00001050: 260000a5 270000a5 261000a5 271000a5 
00001060: 242000a5 252000a5 243000a5 253000a5 
00001070: 262000a5 272000a5 263000a5 273000a5 
00001080: 204000a5 214000a5 205000a5 215000a5 
00001090: 224000a5 234000a5 225000a5 235000a5 
000010a0: 206000a5 216000a5 207000a5 217000a5 
000010b0: 226000a5 236000a5 227000a5 237000a5 
000010c0: 244000a5 254000a5 245000a5 255000a5 
000010d0: 264000a5 274000a5 265000a5 275000a5 
000010e0: 246000a5 256000a5 247000a5 257000a5 
000010f0: 266000a5 276000a5 267000a5 277000a5 
00001100: 280000a5 290000a5 281000a5 291000a5 
00001110: 2a0000a5 2b0000a5 2a1000a5 2b1000a5 
00001120: 282000a5 292000a5 283000a5 293000a5 
00001130: 2a2000a5 2b2000a5 2a3000a5 2b3000a5 
00001140: 2c0000a5 2d0000a5 2c1000a5 2d1000a5 
00001150: 2e0000a5 2f0000a5 2e1000a5 2f1000a5 
00001160: 2c2000a5 2d2000a5 2c3000a5 2d3000a5 
00001170: 2e2000a5 2f2000a5 2e3000a5 2f3000a5 
00001180: 284000a5 294000a5 285000a5 295000a5 
00001190: 2a4000a5 2b4000a5 2a5000a5 2b5000a5 
000011a0: 286000a5 296000a5 287000a5 297000a5 
000011b0: 2a6000a5 2b6000a5 2a7000a5 2b7000a5 
000011c0: 2c4000a5 2d4000a5 2c5000a5 2d5000a5 
000011d0: 2e4000a5 2f4000a5 2e5000a5 2f5000a5 
000011e0: 2c6000a5 2d6000a5 2c7000a5 2d7000a5 
000011f0: 2e6000a5 2f6000a5 2e7000a5 2f7000a5 
00001200: 208000a5 218000a5 209000a5 219000a5 
00001210: 228000a5 238000a5 229000a5 239000a5 
00001220: 20a000a5 21a000a5 20b000a5 21b000a5 
00001230: 22a000a5 23a000a5 22b000a5 23b000a5 
00001240: 248000a5 258000a5 249000a5 259000a5 
00001250: 268000a5 278000a5 269000a5 279000a5 
00001260: 24a000a5 25a000a5 24b000a5 25b000a5 
00001270: 26a000a5 27a000a5 26b000a5 27b000a5 
00001280: 20c000a5 21c000a5 20d000a5 21d000a5 
00001290: 22c000a5 23c000a5 22d000a5 23d000a5 
000012a0: 20e000a5 21e000a5 20f000a5 21f000a5 
000012b0: 22e000a5 23e000a5 22f000a5 23f000a5 
000012c0: 24c000a5 25c000a5 24d000a5 25d000a5 
000012d0: 26c000a5 27c000a5 26d000a5 27d000a5 
000012e0: 24e000a5 25e000a5 24f000a5 25f000a5 
000012f0: 26e000a5 27e000a5 26f000a5 27f000a5 
00001300: 288000a5 298000a5 289000a5 299000a5 
00001310: 2a8000a5 2b8000a5 2a9000a5 2b9000a5 
00001320: 28a000a5 29a000a5 28b000a5 29b000a5 
00001330: 2aa000a5 2ba000a5 2ab000a5 2bb000a5 
00001340: 2c8000a5 2d8000a5 2c9000a5 2d9000a5 
00001350: 2e8000a5 2f8000a5 2e9000a5 2f9000a5 
00001360: 2ca000a5 2da000a5 2cb000a5 2db000a5 
00001370: 2ea000a5 2fa000a5 2eb000a5 2fb000a5 
00001380: 28c000a5 29c000a5 28d000a5 29d000a5 
00001390: 2ac000a5 2bc000a5 2ad000a5 2bd000a5 
000013a0: 28e000a5 29e000a5 28f000a5 29f000a5 
000013b0: 2ae000a5 2be000a5 2af000a5 2bf000a5 
000013c0: 2cc000a5 2dc000a5 2cd000a5 2dd000a5 
000013d0: 2ec000a5 2fc000a5 2ed000a5 2fd000a5 
000013e0: 2ce000a5 2de000a5 2cf000a5 2df000a5 
000013f0: 2ee000a5 2fe000a5 2ef000a5 2ff000a5 
00001400: 300000a5 310000a5 301000a5 311000a5 
00001410: 320000a5 330000a5 321000a5 331000a5 
00001420: 302000a5 312000a5 303000a5 313000a5 
00001430: 322000a5 332000a5 323000a5 333000a5 
00001440: 340000a5 350000a5 341000a5 351000a5 
00001450: 360000a5 370000a5 361000a5 371000a5 
00001460: 342000a5 352000a5 343000a5 353000a5 
00001470: 362000a5 372000a5 363000a5 373000a5 
00001480: 304000a5 314000a5 305000a5 315000a5 
00001490: 324000a5 334000a5 325000a5 335000a5 
000014a0: 306000a5 316000a5 307000a5 317000a5 
000014b0: 326000a5 336000a5 327000a5 337000a5 
000014c0: 344000a5 354000a5 345000a5 355000a5 
000014d0: 364000a5 374000a5 365000a5 375000a5 
000014e0: 346000a5 356000a5 347000a5 357000a5 
000014f0: 366000a5 376000a5 367000a5 377000a5 
00001500: 380000a5 390000a5 381000a5 391000a5 
00001510: 3a0000a5 3b0000a5 3a1000a5 3b1000a5 
00001520: 382000a5 392000a5 383000a5 393000a5 
00001530: 3a2000a5 3b2000a5 3a3000a5 3b3000a5 
00001540: 3c0000a5 3d0000a5 3c1000a5 3d1000a5 
00001550: 3e0000a5 3f0000a5 3e1000a5 3f1000a5 
00001560: 3c2000a5 3d2000a5 3c3000a5 3d3000a5 
00001570: 3e2000a5 3f2000a5 3e3000a5 3f3000a5 
00001580: 384000a5 394000a5 385000a5 395000a5 
00001590: 3a4000a5 3b4000a5 3a5000a5 3b5000a5 
000015a0: 386000a5 396000a5 387000a5 397000a5 
000015b0: 3a6000a5 3b6000a5 3a7000a5 3b7000a5 
000015c0: 3c4000a5 3d4000a5 3c5000a5 3d5000a5 
000015d0: 3e4000a5 3f4000a5 3e5000a5 3f5000a5 
000015e0: 3c6000a5 3d6000a5 3c7000a5 3d7000a5 
000015f0: 3e6000a5 3f6000a5 3e7000a5 3f7000a5 
00001600: 308000a5 318000a5 309000a5 319000a5 
00001610: 328000a5 338000a5 329000a5 339000a5 
00001620: 30a000a5 31a000a5 30b000a5 31b000a5 
00001630: 32a000a5 33a000a5 32b000a5 33b000a5 
00001640: 348000a5 358000a5 349000a5 359000a5 
00001650: 368000a5 378000a5 369000a5 379000a5 
00001660: 34a000a5 35a000a5 34b000a5 35b000a5 
00001670: 36a000a5 37a000a5 36b000a5 37b000a5 
00001680: 30c000a5 31c000a5 30d000a5 31d000a5 
00001690: 32c000a5 33c000a5 32d000a5 33d000a5 
000016a0: 30e000a5 31e000a5 30f000a5 31f000a5 
000016b0: 32e000a5 33e000a5 32f000a5 33f000a5 
000016c0: 34c000a5 35c000a5 34d000a5 35d000a5 
000016d0: 36c000a5 37c000a5 36d000a5 37d000a5 
000016e0: 34e000a5 35e000a5 34f000a5 35f000a5 
000016f0: 36e000a5 37e000a5 36f000a5 37f000a5 
00001700: 388000a5 398000a5 389000a5 399000a5 
00001710: 3a8000a5 3b8000a5 3a9000a5 3b9000a5 
00001720: 38a000a5 39a000a5 38b000a5 39b000a5 
00001730: 3aa000a5 3ba000a5 3ab000a5 3bb000a5 
00001740: 3c8000a5 3d8000a5 3c9000a5 3d9000a5 
00001750: 3e8000a5 3f8000a5 3e9000a5 3f9000a5 
00001760: 3ca000a5 3da000a5 3cb000a5 3db000a5 
00001770: 3ea000a5 3fa000a5 3eb000a5 3fb000a5 
00001780: 38c000a5 39c000a5 38d000a5 39d000a5 
00001790: 3ac000a5 3bc000a5 3ad000a5 3bd000a5 
000017a0: 38e000a5 39e000a5 38f000a5 39f000a5 
000017b0: 3ae000a5 3be000a5 3af000a5 3bf000a5 
000017c0: 3cc000a5 3dc000a5 3cd000a5 3dd000a5 
000017d0: 3ec000a5 3fc000a5 3ed000a5 3fd000a5 
000017e0: 3ce000a5 3de000a5 3cf000a5 3df000a5 
000017f0: 3ee000a5 3fe000a5 3ef000a5 3ff000a5 
00001800: 200001a5 210001a5 201001a5 211001a5 
00001810: 220001a5 230001a5 221001a5 231001a5 
00001820: 202001a5 212001a5 203001a5 213001a5 
00001830: 222001a5 232001a5 223001a5 233001a5 
00001840: 240001a5 250001a5 241001a5 251001a5 
00001850: 260001a5 270001a5 261001a5 271001a5 
00001860: 242001a5 252001a5 243001a5 253001a5 
00001870: 262001a5 272001a5 263001a5 273001a5 
00001880: 204001a5 214001a5 205001a5 215001a5 
00001890: 224001a5 234001a5 225001a5 235001a5 
000018a0: 206001a5 216001a5 207001a5 217001a5 
000018b0: 226001a5 236001a5 227001a5 237001a5 
000018c0: 244001a5 254001a5 245001a5 255001a5 
000018d0: 264001a5 274001a5 265001a5 275001a5 
000018e0: 246001a5 256001a5 247001a5 257001a5 
000018f0: 266001a5 276001a5 267001a5 277001a5 
00001900: 280001a5 290001a5 281001a5 291001a5 
00001910: 2a0001a5 2b0001a5 2a1001a5 2b1001a5 
00001920: 282001a5 292001a5 283001a5 293001a5 
00001930: 2a2001a5 2b2001a5 2a3001a5 2b3001a5 
00001940: 2c0001a5 2d0001a5 2c1001a5 2d1001a5 
00001950: 2e0001a5 2f0001a5 2e1001a5 2f1001a5 
00001960: 2c2001a5 2d2001a5 2c3001a5 2d3001a5 
00001970: 2e2001a5 2f2001a5 2e3001a5 2f3001a5 
00001980: 284001a5 294001a5 285001a5 295001a5 
00001990: 2a4001a5 2b4001a5 2a5001a5 2b5001a5 
000019a0: 286001a5 296001a5 287001a5 297001a5 
000019b0: 2a6001a5 2b6001a5 2a7001a5 2b7001a5 
000019c0: 2c4001a5 2d4001a5 2c5001a5 2d5001a5 
000019d0: 2e4001a5 2f4001a5 2e5001a5 2f5001a5 
000019e0: 2c6001a5 2d6001a5 2c7001a5 2d7001a5 
000019f0: 2e6001a5 2f6001a5 2e7001a5 2f7001a5 
00001a00: 208001a5 218001a5 209001a5 219001a5 
00001a10: 228001a5 238001a5 229001a5 239001a5 
00001a20: 20a001a5 21a001a5 20b001a5 21b001a5 
00001a30: 22a001a5 23a001a5 22b001a5 23b001a5 
00001a40: 248001a5 258001a5 249001a5 259001a5 
00001a50: 268001a5 278001a5 269001a5 279001a5 
00001a60: 24a001a5 25a001a5 24b001a5 25b001a5 
00001a70: 26a001a5 27a001a5 26b001a5 27b001a5 
00001a80: 20c001a5 21c001a5 20d001a5 21d001a5 
00001a90: 22c001a5 23c001a5 22d001a5 23d001a5 
00001aa0: 20e001a5 21e001a5 20f001a5 21f001a5 
00001ab0: 22e001a5 23e001a5 22f001a5 23f001a5 
00001ac0: 24c001a5 25c001a5 24d001a5 25d001a5 
00001ad0: 26c001a5 27c001a5 26d001a5 27d001a5 
00001ae0: 24e001a5 25e001a5 24f001a5 25f001a5 
00001af0: 26e001a5 27e001a5 26f001a5 27f001a5 
00001b00: 288001a5 298001a5 289001a5 299001a5 
00001b10: 2a8001a5 2b8001a5 2a9001a5 2b9001a5 
00001b20: 28a001a5 29a001a5 28b001a5 29b001a5 
00001b30: 2aa001a5 2ba001a5 2ab001a5 2bb001a5 
00001b40: 2c8001a5 2d8001a5 2c9001a5 2d9001a5 
00001b50: 2e8001a5 2f8001a5 2e9001a5 2f9001a5 
00001b60: 2ca001a5 2da001a5 2cb001a5 2db001a5 
00001b70: 2ea001a5 2fa001a5 2eb001a5 2fb001a5 
00001b80: 28c001a5 29c001a5 28d001a5 29d001a5 
00001b90: 2ac001a5 2bc001a5 2ad001a5 2bd001a5 
00001ba0: 28e001a5 29e001a5 28f001a5 29f001a5 
00001bb0: 2ae001a5 2be001a5 2af001a5 2bf001a5 
00001bc0: 2cc001a5 2dc001a5 2cd001a5 2dd001a5 
00001bd0: 2ec001a5 2fc001a5 2ed001a5 2fd001a5 
00001be0: 2ce001a5 2de001a5 2cf001a5 2df001a5 
00001bf0: 2ee001a5 2fe001a5 2ef001a5 2ff001a5 
00001c00: 300001a5 310001a5 301001a5 311001a5 
00001c10: 320001a5 330001a5 321001a5 331001a5 
00001c20: 302001a5 312001a5 303001a5 313001a5 
00001c30: 322001a5 332001a5 323001a5 333001a5 
00001c40: 340001a5 350001a5 341001a5 351001a5 
00001c50: 360001a5 370001a5 361001a5 371001a5 
00001c60: 342001a5 352001a5 343001a5 353001a5 
00001c70: 362001a5 372001a5 363001a5 373001a5 
00001c80: 304001a5 314001a5 305001a5 315001a5 
00001c90: 324001a5 334001a5 325001a5 335001a5 
00001ca0: 306001a5 316001a5 307001a5 317001a5 
00001cb0: 326001a5 336001a5 327001a5 337001a5 
00001cc0: 344001a5 354001a5 345001a5 355001a5 
00001cd0: 364001a5 374001a5 365001a5 375001a5 
00001ce0: 346001a5 356001a5 347001a5 357001a5 
00001cf0: 366001a5 376001a5 367001a5 377001a5 
00001d00: 380001a5 390001a5 381001a5 391001a5 
00001d10: 3a0001a5 3b0001a5 3a1001a5 3b1001a5 
00001d20: 382001a5 392001a5 383001a5 393001a5 
00001d30: 3a2001a5 3b2001a5 3a3001a5 3b3001a5 
00001d40: 3c0001a5 3d0001a5 3c1001a5 3d1001a5 
00001d50: 3e0001a5 3f0001a5 3e1001a5 3f1001a5 
00001d60: 3c2001a5 3d2001a5 3c3001a5 3d3001a5 
00001d70: 3e2001a5 3f2001a5 3e3001a5 3f3001a5 
00001d80: 384001a5 394001a5 385001a5 395001a5 
00001d90: 3a4001a5 3b4001a5 3a5001a5 3b5001a5 
00001da0: 386001a5 396001a5 387001a5 397001a5 
00001db0: 3a6001a5 3b6001a5 3a7001a5 3b7001a5 
00001dc0: 3c4001a5 3d4001a5 3c5001a5 3d5001a5 
00001dd0: 3e4001a5 3f4001a5 3e5001a5 3f5001a5 
00001de0: 3c6001a5 3d6001a5 3c7001a5 3d7001a5 
00001df0: 3e6001a5 3f6001a5 3e7001a5 3f7001a5 
00001e00: 308001a5 318001a5 309001a5 319001a5 
00001e10: 328001a5 338001a5 329001a5 339001a5 
00001e20: 30a001a5 31a001a5 30b001a5 31b001a5 
00001e30: 32a001a5 33a001a5 32b001a5 33b001a5 
00001e40: 348001a5 358001a5 349001a5 359001a5 
00001e50: 368001a5 378001a5 369001a5 379001a5 
00001e60: 34a001a5 35a001a5 34b001a5 35b001a5 
00001e70: 36a001a5 37a001a5 36b001a5 37b001a5 
00001e80: 30c001a5 31c001a5 30d001a5 31d001a5 
00001e90: 32c001a5 33c001a5 32d001a5 33d001a5 
00001ea0: 30e001a5 31e001a5 30f001a5 31f001a5 
00001eb0: 32e001a5 33e001a5 32f001a5 33f001a5 
00001ec0: 34c001a5 35c001a5 34d001a5 35d001a5 
00001ed0: 36c001a5 37c001a5 36d001a5 37d001a5 
00001ee0: 34e001a5 35e001a5 34f001a5 35f001a5 
00001ef0: 36e001a5 37e001a5 36f001a5 37f001a5 
00001f00: 388001a5 398001a5 389001a5 399001a5 
00001f10: 3a8001a5 3b8001a5 3a9001a5 3b9001a5 
00001f20: 38a001a5 39a001a5 38b001a5 39b001a5 
00001f30: 3aa001a5 3ba001a5 3ab001a5 3bb001a5 
00001f40: 3c8001a5 3d8001a5 3c9001a5 3d9001a5 
00001f50: 3e8001a5 3f8001a5 3e9001a5 3f9001a5 
00001f60: 3ca001a5 3da001a5 3cb001a5 3db001a5 
00001f70: 3ea001a5 3fa001a5 3eb001a5 3fb001a5 
00001f80: 38c001a5 39c001a5 38d001a5 39d001a5 
00001f90: 3ac001a5 3bc001a5 3ad001a5 3bd001a5 
00001fa0: 38e001a5 39e001a5 38f001a5 39f001a5 
00001fb0: 3ae001a5 3be001a5 3af001a5 3bf001a5 
00001fc0: 3cc001a5 3dc001a5 3cd001a5 3dd001a5 
00001fd0: 3ec001a5 3fc001a5 3ed001a5 3fd001a5 
00001fe0: 3ce001a5 3de001a5 3cf001a5 3df001a5 
00001ff0: 3ee001a5 3fe001a5 3ef001a5 3ff001a5 
00002000: 000002a5 010002a5 001002a5 011002a5 
00002010: 020002a5 030002a5 021002a5 031002a5 
00002020: 002002a5 012002a5 003002a5 013002a5 
00002030: 022002a5 032002a5 023002a5 033002a5 
00002040: 040002a5 050002a5 041002a5 051002a5 
00002050: 060002a5 070002a5 061002a5 071002a5 
00002060: 042002a5 052002a5 043002a5 053002a5 
00002070: 062002a5 072002a5 063002a5 073002a5 
00002080: 004002a5 014002a5 005002a5 015002a5 
00002090: 024002a5 034002a5 025002a5 035002a5 
000020a0: 006002a5 016002a5 007002a5 017002a5 
000020b0: 026002a5 036002a5 027002a5 037002a5 
000020c0: 044002a5 054002a5 045002a5 055002a5 
000020d0: 064002a5 074002a5 065002a5 075002a5 
000020e0: 046002a5 056002a5 047002a5 057002a5 
000020f0: 066002a5 076002a5 067002a5 077002a5 
00002100: 080002a5 090002a5 081002a5 091002a5 
00002110: 0a0002a5 0b0002a5 0a1002a5 0b1002a5 
00002120: 082002a5 092002a5 083002a5 093002a5 
00002130: 0a2002a5 0b2002a5 0a3002a5 0b3002a5 
00002140: 0c0002a5 0d0002a5 0c1002a5 0d1002a5 
00002150: 0e0002a5 0f0002a5 0e1002a5 0f1002a5 
00002160: 0c2002a5 0d2002a5 0c3002a5 0d3002a5 
00002170: 0e2002a5 0f2002a5 0e3002a5 0f3002a5 
00002180: 084002a5 094002a5 085002a5 095002a5 
00002190: 0a4002a5 0b4002a5 0a5002a5 0b5002a5 
000021a0: 086002a5 096002a5 087002a5 097002a5 
000021b0: 0a6002a5 0b6002a5 0a7002a5 0b7002a5 
000021c0: 0c4002a5 0d4002a5 0c5002a5 0d5002a5 
000021d0: 0e4002a5 0f4002a5 0e5002a5 0f5002a5 
000021e0: 0c6002a5 0d6002a5 0c7002a5 0d7002a5 
000021f0: 0e6002a5 0f6002a5 0e7002a5 0f7002a5 
00002200: 008002a5 018002a5 009002a5 019002a5 
00002210: 028002a5 038002a5 029002a5 039002a5 
00002220: 00a002a5 01a002a5 00b002a5 01b002a5 
00002230: 02a002a5 03a002a5 02b002a5 03b002a5 
00002240: 048002a5 058002a5 049002a5 059002a5 
00002250: 068002a5 078002a5 069002a5 079002a5 
00002260: 04a002a5 05a002a5 04b002a5 05b002a5 
00002270: 06a002a5 07a002a5 06b002a5 07b002a5 
00002280: 00c002a5 01c002a5 00d002a5 01d002a5 
00002290: 02c002a5 03c002a5 02d002a5 03d002a5 
000022a0: 00e002a5 01e002a5 00f002a5 01f002a5 
000022b0: 02e002a5 03e002a5 02f002a5 03f002a5 
000022c0: 04c002a5 05c002a5 04d002a5 05d002a5 
000022d0: 06c002a5 07c002a5 06d002a5 07d002a5 
000022e0: 04e002a5 05e002a5 04f002a5 05f002a5 
000022f0: 06e002a5 07e002a5 06f002a5 07f002a5 
00002300: 088002a5 098002a5 089002a5 099002a5 
00002310: 0a8002a5 0b8002a5 0a9002a5 0b9002a5 
00002320: 08a002a5 09a002a5 08b002a5 09b002a5 
00002330: 0aa002a5 0ba002a5 0ab002a5 0bb002a5 
00002340: 0c8002a5 0d8002a5 0c9002a5 0d9002a5 
00002350: 0e8002a5 0f8002a5 0e9002a5 0f9002a5 
00002360: 0ca002a5 0da002a5 0cb002a5 0db002a5 
00002370: 0ea002a5 0fa002a5 0eb002a5 0fb002a5 
00002380: 08c002a5 09c002a5 08d002a5 09d002a5 
00002390: 0ac002a5 0bc002a5 0ad002a5 0bd002a5 
000023a0: 08e002a5 09e002a5 08f002a5 09f002a5 
000023b0: 0ae002a5 0be002a5 0af002a5 0bf002a5 
000023c0: 0cc002a5 0dc002a5 0cd002a5 0dd002a5 
000023d0: 0ec002a5 0fc002a5 0ed002a5 0fd002a5 
000023e0: 0ce002a5 0de002a5 0cf002a5 0df002a5 
000023f0: 0ee002a5 0fe002a5 0ef002a5 0ff002a5 
00002400: 100002a5 110002a5 101002a5 111002a5 
00002410: 120002a5 130002a5 121002a5 131002a5 
00002420: 102002a5 112002a5 103002a5 113002a5 
00002430: 122002a5 132002a5 123002a5 133002a5 
00002440: 140002a5 150002a5 141002a5 151002a5 
00002450: 160002a5 170002a5 161002a5 171002a5 
00002460: 142002a5 152002a5 143002a5 153002a5 
00002470: 162002a5 172002a5 163002a5 173002a5 
00002480: 104002a5 114002a5 105002a5 115002a5 
00002490: 124002a5 134002a5 125002a5 135002a5 
000024a0: 106002a5 116002a5 107002a5 117002a5 
000024b0: 126002a5 136002a5 127002a5 137002a5 
000024c0: 144002a5 154002a5 145002a5 155002a5 
000024d0: 164002a5 174002a5 165002a5 175002a5 
000024e0: 146002a5 156002a5 147002a5 157002a5 
000024f0: 166002a5 176002a5 167002a5 177002a5 
00002500: 180002a5 190002a5 181002a5 191002a5 
00002510: 1a0002a5 1b0002a5 1a1002a5 1b1002a5 
00002520: 182002a5 192002a5 183002a5 193002a5 
00002530: 1a2002a5 1b2002a5 1a3002a5 1b3002a5 
00002540: 1c0002a5 1d0002a5 1c1002a5 1d1002a5 
00002550: 1e0002a5 1f0002a5 1e1002a5 1f1002a5 
00002560: 1c2002a5 1d2002a5 1c3002a5 1d3002a5 
00002570: 1e2002a5 1f2002a5 1e3002a5 1f3002a5 
00002580: 184002a5 194002a5 185002a5 195002a5 
00002590: 1a4002a5 1b4002a5 1a5002a5 1b5002a5 
000025a0: 186002a5 196002a5 187002a5 197002a5 
000025b0: 1a6002a5 1b6002a5 1a7002a5 1b7002a5 
000025c0: 1c4002a5 1d4002a5 1c5002a5 1d5002a5 
000025d0: 1e4002a5 1f4002a5 1e5002a5 1f5002a5 
000025e0: 1c6002a5 1d6002a5 1c7002a5 1d7002a5 
000025f0: 1e6002a5 1f6002a5 1e7002a5 1f7002a5 
00002600: 108002a5 118002a5 109002a5 119002a5 
00002610: 128002a5 138002a5 129002a5 139002a5 
00002620: 10a002a5 11a002a5 10b002a5 11b002a5 
00002630: 12a002a5 13a002a5 12b002a5 13b002a5 
00002640: 148002a5 158002a5 149002a5 159002a5 
00002650: 168002a5 178002a5 169002a5 179002a5 
00002660: 14a002a5 15a002a5 14b002a5 15b002a5 
00002670: 16a002a5 17a002a5 16b002a5 17b002a5 
00002680: 10c002a5 11c002a5 10d002a5 11d002a5 
00002690: 12c002a5 13c002a5 12d002a5 13d002a5 
000026a0: 10e002a5 11e002a5 10f002a5 11f002a5 
000026b0: 12e002a5 13e002a5 12f002a5 13f002a5 
000026c0: 14c002a5 15c002a5 14d002a5 15d002a5 
000026d0: 16c002a5 17c002a5 16d002a5 17d002a5 
000026e0: 14e002a5 15e002a5 14f002a5 15f002a5 
000026f0: 16e002a5 17e002a5 16f002a5 17f002a5 
00002700: 188002a5 198002a5 189002a5 199002a5 
00002710: 1a8002a5 1b8002a5 1a9002a5 1b9002a5 
00002720: 18a002a5 19a002a5 18b002a5 19b002a5 
00002730: 1aa002a5 1ba002a5 1ab002a5 1bb002a5 
00002740: 1c8002a5 1d8002a5 1c9002a5 1d9002a5 
00002750: 1e8002a5 1f8002a5 1e9002a5 1f9002a5 
00002760: 1ca002a5 1da002a5 1cb002a5 1db002a5 
00002770: 1ea002a5 1fa002a5 1eb002a5 1fb002a5 
00002780: 18c002a5 19c002a5 18d002a5 19d002a5 
00002790: 1ac002a5 1bc002a5 1ad002a5 1bd002a5 
000027a0: 18e002a5 19e002a5 18f002a5 19f002a5 
000027b0: 1ae002a5 1be002a5 1af002a5 1bf002a5 
000027c0: 1cc002a5 1dc002a5 1cd002a5 1dd002a5 
000027d0: 1ec002a5 1fc002a5 1ed002a5 1fd002a5 
000027e0: 1ce002a5 1de002a5 1cf002a5 1df002a5 
000027f0: 1ee002a5 1fe002a5 1ef002a5 1ff002a5 
00002800: 000003a5 010003a5 001003a5 011003a5 
00002810: 020003a5 030003a5 021003a5 031003a5 
00002820: 002003a5 012003a5 003003a5 013003a5 
00002830: 022003a5 032003a5 023003a5 033003a5 
00002840: 040003a5 050003a5 041003a5 051003a5 
00002850: 060003a5 070003a5 061003a5 071003a5 
00002860: 042003a5 052003a5 043003a5 053003a5 
00002870: 062003a5 072003a5 063003a5 073003a5 
00002880: 004003a5 014003a5 005003a5 015003a5 
00002890: 024003a5 034003a5 025003a5 035003a5 
000028a0: 006003a5 016003a5 007003a5 017003a5 
000028b0: 026003a5 036003a5 027003a5 037003a5 
000028c0: 044003a5 054003a5 045003a5 055003a5 
000028d0: 064003a5 074003a5 065003a5 075003a5 
000028e0: 046003a5 056003a5 047003a5 057003a5 
000028f0: 066003a5 076003a5 067003a5 077003a5 
00002900: 080003a5 090003a5 081003a5 091003a5 
00002910: 0a0003a5 0b0003a5 0a1003a5 0b1003a5 
00002920: 082003a5 092003a5 083003a5 093003a5 
00002930: 0a2003a5 0b2003a5 0a3003a5 0b3003a5 
00002940: 0c0003a5 0d0003a5 0c1003a5 0d1003a5 
00002950: 0e0003a5 0f0003a5 0e1003a5 0f1003a5 
00002960: 0c2003a5 0d2003a5 0c3003a5 0d3003a5 
00002970: 0e2003a5 0f2003a5 0e3003a5 0f3003a5 
00002980: 084003a5 094003a5 085003a5 095003a5 
00002990: 0a4003a5 0b4003a5 0a5003a5 0b5003a5 
000029a0: 086003a5 096003a5 087003a5 097003a5 
000029b0: 0a6003a5 0b6003a5 0a7003a5 0b7003a5 
000029c0: 0c4003a5 0d4003a5 0c5003a5 0d5003a5 
000029d0: 0e4003a5 0f4003a5 0e5003a5 0f5003a5 
000029e0: 0c6003a5 0d6003a5 0c7003a5 0d7003a5 
000029f0: 0e6003a5 0f6003a5 0e7003a5 0f7003a5 
00002a00: 008003a5 018003a5 009003a5 019003a5 
00002a10: 028003a5 038003a5 029003a5 039003a5 
00002a20: 00a003a5 01a003a5 00b003a5 01b003a5 
00002a30: 02a003a5 03a003a5 02b003a5 03b003a5 
00002a40: 048003a5 058003a5 049003a5 059003a5 
00002a50: 068003a5 078003a5 069003a5 079003a5 
00002a60: 04a003a5 05a003a5 04b003a5 05b003a5 
00002a70: 06a003a5 07a003a5 06b003a5 07b003a5 
00002a80: 00c003a5 01c003a5 00d003a5 01d003a5 
00002a90: 02c003a5 03c003a5 02d003a5 03d003a5 
00002aa0: 00e003a5 01e003a5 00f003a5 01f003a5 
00002ab0: 02e003a5 03e003a5 02f003a5 03f003a5 
00002ac0: 04c003a5 05c003a5 04d003a5 05d003a5 
00002ad0: 06c003a5 07c003a5 06d003a5 07d003a5 
00002ae0: 04e003a5 05e003a5 04f003a5 05f003a5 
00002af0: 06e003a5 07e003a5 06f003a5 07f003a5 
00002b00: 088003a5 098003a5 089003a5 099003a5 
00002b10: 0a8003a5 0b8003a5 0a9003a5 0b9003a5 
00002b20: 08a003a5 09a003a5 08b003a5 09b003a5 
00002b30: 0aa003a5 0ba003a5 0ab003a5 0bb003a5 
00002b40: 0c8003a5 0d8003a5 0c9003a5 0d9003a5 
00002b50: 0e8003a5 0f8003a5 0e9003a5 0f9003a5 
00002b60: 0ca003a5 0da003a5 0cb003a5 0db003a5 
00002b70: 0ea003a5 0fa003a5 0eb003a5 0fb003a5 
00002b80: 08c003a5 09c003a5 08d003a5 09d003a5 
00002b90: 0ac003a5 0bc003a5 0ad003a5 0bd003a5 
00002ba0: 08e003a5 09e003a5 08f003a5 09f003a5 
00002bb0: 0ae003a5 0be003a5 0af003a5 0bf003a5 
00002bc0: 0cc003a5 0dc003a5 0cd003a5 0dd003a5 
00002bd0: 0ec003a5 0fc003a5 0ed003a5 0fd003a5 
00002be0: 0ce003a5 0de003a5 0cf003a5 0df003a5 
00002bf0: 0ee003a5 0fe003a5 0ef003a5 0ff003a5 
00002c00: 100003a5 110003a5 101003a5 111003a5 
00002c10: 120003a5 130003a5 121003a5 131003a5 
00002c20: 102003a5 112003a5 103003a5 113003a5 
00002c30: 122003a5 132003a5 123003a5 133003a5 
00002c40: 140003a5 150003a5 141003a5 151003a5 
00002c50: 160003a5 170003a5 161003a5 171003a5 
00002c60: 142003a5 152003a5 143003a5 153003a5 
00002c70: 162003a5 172003a5 163003a5 173003a5 
00002c80: 104003a5 114003a5 105003a5 115003a5 
00002c90: 124003a5 134003a5 125003a5 135003a5 
00002ca0: 106003a5 116003a5 107003a5 117003a5 
00002cb0: 126003a5 136003a5 127003a5 137003a5 
00002cc0: 144003a5 154003a5 145003a5 155003a5 
00002cd0: 164003a5 174003a5 165003a5 175003a5 
00002ce0: 146003a5 156003a5 147003a5 157003a5 
00002cf0: 166003a5 176003a5 167003a5 177003a5 
00002d00: 180003a5 190003a5 181003a5 191003a5 
00002d10: 1a0003a5 1b0003a5 1a1003a5 1b1003a5 
00002d20: 182003a5 192003a5 183003a5 193003a5 
00002d30: 1a2003a5 1b2003a5 1a3003a5 1b3003a5 
00002d40: 1c0003a5 1d0003a5 1c1003a5 1d1003a5 
00002d50: 1e0003a5 1f0003a5 1e1003a5 1f1003a5 
00002d60: 1c2003a5 1d2003a5 1c3003a5 1d3003a5 
00002d70: 1e2003a5 1f2003a5 1e3003a5 1f3003a5 
00002d80: 184003a5 194003a5 185003a5 195003a5 
00002d90: 1a4003a5 1b4003a5 1a5003a5 1b5003a5 
00002da0: 186003a5 196003a5 187003a5 197003a5 
00002db0: 1a6003a5 1b6003a5 1a7003a5 1b7003a5 
00002dc0: 1c4003a5 1d4003a5 1c5003a5 1d5003a5 
00002dd0: 1e4003a5 1f4003a5 1e5003a5 1f5003a5 
00002de0: 1c6003a5 1d6003a5 1c7003a5 1d7003a5 
00002df0: 1e6003a5 1f6003a5 1e7003a5 1f7003a5 
00002e00: 108003a5 118003a5 109003a5 119003a5 
00002e10: 128003a5 138003a5 129003a5 139003a5 
00002e20: 10a003a5 11a003a5 10b003a5 11b003a5 
00002e30: 12a003a5 13a003a5 12b003a5 13b003a5 
00002e40: 148003a5 158003a5 149003a5 159003a5 
00002e50: 168003a5 178003a5 169003a5 179003a5 
00002e60: 14a003a5 15a003a5 14b003a5 15b003a5 
00002e70: 16a003a5 17a003a5 16b003a5 17b003a5 
00002e80: 10c003a5 11c003a5 10d003a5 11d003a5 
00002e90: 12c003a5 13c003a5 12d003a5 13d003a5 
00002ea0: 10e003a5 11e003a5 10f003a5 11f003a5 
00002eb0: 12e003a5 13e003a5 12f003a5 13f003a5 
00002ec0: 14c003a5 15c003a5 14d003a5 15d003a5 
00002ed0: 16c003a5 17c003a5 16d003a5 17d003a5 
00002ee0: 14e003a5 15e003a5 14f003a5 15f003a5 
00002ef0: 16e003a5 17e003a5 16f003a5 17f003a5 
00002f00: 188003a5 198003a5 189003a5 199003a5 
00002f10: 1a8003a5 1b8003a5 1a9003a5 1b9003a5 
00002f20: 18a003a5 19a003a5 18b003a5 19b003a5 
00002f30: 1aa003a5 1ba003a5 1ab003a5 1bb003a5 
00002f40: 1c8003a5 1d8003a5 1c9003a5 1d9003a5 
00002f50: 1e8003a5 1f8003a5 1e9003a5 1f9003a5 
00002f60: 1ca003a5 1da003a5 1cb003a5 1db003a5 
00002f70: 1ea003a5 1fa003a5 1eb003a5 1fb003a5 
00002f80: 18c003a5 19c003a5 18d003a5 19d003a5 
00002f90: 1ac003a5 1bc003a5 1ad003a5 1bd003a5 
00002fa0: 18e003a5 19e003a5 18f003a5 19f003a5 
00002fb0: 1ae003a5 1be003a5 1af003a5 1bf003a5 
00002fc0: 1cc003a5 1dc003a5 1cd003a5 1dd003a5 
00002fd0: 1ec003a5 1fc003a5 1ed003a5 1fd003a5 
00002fe0: 1ce003a5 1de003a5 1cf003a5 1df003a5 
00002ff0: 1ee003a5 1fe003a5 1ef003a5 1ff003a5 
00003000: 200002a5 210002a5 201002a5 211002a5 
00003010: 220002a5 230002a5 221002a5 231002a5 
00003020: 202002a5 212002a5 203002a5 213002a5 
00003030: 222002a5 232002a5 223002a5 233002a5 
00003040: 240002a5 250002a5 241002a5 251002a5 
00003050: 260002a5 270002a5 261002a5 271002a5 
00003060: 242002a5 252002a5 243002a5 253002a5 
00003070: 262002a5 272002a5 263002a5 273002a5 
00003080: 204002a5 214002a5 205002a5 215002a5 
00003090: 224002a5 234002a5 225002a5 235002a5 
000030a0: 206002a5 216002a5 207002a5 217002a5 
000030b0: 226002a5 236002a5 227002a5 237002a5 
000030c0: 244002a5 254002a5 245002a5 255002a5 
000030d0: 264002a5 274002a5 265002a5 275002a5 
000030e0: 246002a5 256002a5 247002a5 257002a5 
000030f0: 266002a5 276002a5 267002a5 277002a5 
00003100: 280002a5 290002a5 281002a5 291002a5 
00003110: 2a0002a5 2b0002a5 2a1002a5 2b1002a5 
00003120: 282002a5 292002a5 283002a5 293002a5 
00003130: 2a2002a5 2b2002a5 2a3002a5 2b3002a5 
00003140: 2c0002a5 2d0002a5 2c1002a5 2d1002a5 
00003150: 2e0002a5 2f0002a5 2e1002a5 2f1002a5 
00003160: 2c2002a5 2d2002a5 2c3002a5 2d3002a5 
00003170: 2e2002a5 2f2002a5 2e3002a5 2f3002a5 
00003180: 284002a5 294002a5 285002a5 295002a5 
00003190: 2a4002a5 2b4002a5 2a5002a5 2b5002a5 
000031a0: 286002a5 296002a5 287002a5 297002a5 
000031b0: 2a6002a5 2b6002a5 2a7002a5 2b7002a5 
000031c0: 2c4002a5 2d4002a5 2c5002a5 2d5002a5 
000031d0: 2e4002a5 2f4002a5 2e5002a5 2f5002a5 
000031e0: 2c6002a5 2d6002a5 2c7002a5 2d7002a5 
000031f0: 2e6002a5 2f6002a5 2e7002a5 2f7002a5 
00003200: 208002a5 218002a5 209002a5 219002a5 
00003210: 228002a5 238002a5 229002a5 239002a5 
00003220: 20a002a5 21a002a5 20b002a5 21b002a5 
00003230: 22a002a5 23a002a5 22b002a5 23b002a5 
00003240: 248002a5 258002a5 249002a5 259002a5 
00003250: 268002a5 278002a5 269002a5 279002a5 
00003260: 24a002a5 25a002a5 24b002a5 25b002a5 
00003270: 26a002a5 27a002a5 26b002a5 27b002a5 
00003280: 20c002a5 21c002a5 20d002a5 21d002a5 
00003290: 22c002a5 23c002a5 22d002a5 23d002a5 
000032a0: 20e002a5 21e002a5 20f002a5 21f002a5 
000032b0: 22e002a5 23e002a5 22f002a5 23f002a5 
000032c0: 24c002a5 25c002a5 24d002a5 25d002a5 
000032d0: 26c002a5 27c002a5 26d002a5 27d002a5 
000032e0: 24e002a5 25e002a5 24f002a5 25f002a5 
000032f0: 26e002a5 27e002a5 26f002a5 27f002a5 
00003300: 288002a5 298002a5 289002a5 299002a5 
00003310: 2a8002a5 2b8002a5 2a9002a5 2b9002a5 
00003320: 28a002a5 29a002a5 28b002a5 29b002a5 
00003330: 2aa002a5 2ba002a5 2ab002a5 2bb002a5 
00003340: 2c8002a5 2d8002a5 2c9002a5 2d9002a5 
00003350: 2e8002a5 2f8002a5 2e9002a5 2f9002a5 
00003360: 2ca002a5 2da002a5 2cb002a5 2db002a5 
00003370: 2ea002a5 2fa002a5 2eb002a5 2fb002a5 
00003380: 28c002a5 29c002a5 28d002a5 29d002a5 
00003390: 2ac002a5 2bc002a5 2ad002a5 2bd002a5 
000033a0: 28e002a5 29e002a5 28f002a5 29f002a5 
000033b0: 2ae002a5 2be002a5 2af002a5 2bf002a5 
000033c0: 2cc002a5 2dc002a5 2cd002a5 2dd002a5 
000033d0: 2ec002a5 2fc002a5 2ed002a5 2fd002a5 
000033e0: 2ce002a5 2de002a5 2cf002a5 2df002a5 
000033f0: 2ee002a5 2fe002a5 2ef002a5 2ff002a5 
00003400: 300002a5 310002a5 301002a5 311002a5 
00003410: 320002a5 330002a5 321002a5 331002a5 
00003420: 302002a5 312002a5 303002a5 313002a5 
00003430: 322002a5 332002a5 323002a5 333002a5 
00003440: 340002a5 350002a5 341002a5 351002a5 
00003450: 360002a5 370002a5 361002a5 371002a5 
00003460: 342002a5 352002a5 343002a5 353002a5 
00003470: 362002a5 372002a5 363002a5 373002a5 
00003480: 304002a5 314002a5 305002a5 315002a5 
00003490: 324002a5 334002a5 325002a5 335002a5 
000034a0: 306002a5 316002a5 307002a5 317002a5 
000034b0: 326002a5 336002a5 327002a5 337002a5 
000034c0: 344002a5 354002a5 345002a5 355002a5 
000034d0: 364002a5 374002a5 365002a5 375002a5 
000034e0: 346002a5 356002a5 347002a5 357002a5 
000034f0: 366002a5 376002a5 367002a5 377002a5 
00003500: 380002a5 390002a5 381002a5 391002a5 
00003510: 3a0002a5 3b0002a5 3a1002a5 3b1002a5 
00003520: 382002a5 392002a5 383002a5 393002a5 
00003530: 3a2002a5 3b2002a5 3a3002a5 3b3002a5 
00003540: 3c0002a5 3d0002a5 3c1002a5 3d1002a5 
00003550: 3e0002a5 3f0002a5 3e1002a5 3f1002a5 
00003560: 3c2002a5 3d2002a5 3c3002a5 3d3002a5 
00003570: 3e2002a5 3f2002a5 3e3002a5 3f3002a5 
00003580: 384002a5 394002a5 385002a5 395002a5 
00003590: 3a4002a5 3b4002a5 3a5002a5 3b5002a5 
000035a0: 386002a5 396002a5 387002a5 397002a5 
000035b0: 3a6002a5 3b6002a5 3a7002a5 3b7002a5 
000035c0: 3c4002a5 3d4002a5 3c5002a5 3d5002a5 
000035d0: 3e4002a5 3f4002a5 3e5002a5 3f5002a5 
000035e0: 3c6002a5 3d6002a5 3c7002a5 3d7002a5 
000035f0: 3e6002a5 3f6002a5 3e7002a5 3f7002a5 
00003600: 308002a5 318002a5 309002a5 319002a5 
00003610: 328002a5 338002a5 329002a5 339002a5 
00003620: 30a002a5 31a002a5 30b002a5 31b002a5 
00003630: 32a002a5 33a002a5 32b002a5 33b002a5 
00003640: 348002a5 358002a5 349002a5 359002a5 
00003650: 368002a5 378002a5 369002a5 379002a5 
00003660: 34a002a5 35a002a5 34b002a5 35b002a5 
00003670: 36a002a5 37a002a5 36b002a5 37b002a5 
00003680: 30c002a5 31c002a5 30d002a5 31d002a5 
00003690: 32c002a5 33c002a5 32d002a5 33d002a5 
000036a0: 30e002a5 31e002a5 30f002a5 31f002a5 
000036b0: 32e002a5 33e002a5 32f002a5 33f002a5 
000036c0: 34c002a5 35c002a5 34d002a5 35d002a5 
000036d0: 36c002a5 37c002a5 36d002a5 37d002a5 
000036e0: 34e002a5 35e002a5 34f002a5 35f002a5 
000036f0: 36e002a5 37e002a5 36f002a5 37f002a5 
00003700: 388002a5 398002a5 389002a5 399002a5 
00003710: 3a8002a5 3b8002a5 3a9002a5 3b9002a5 
00003720: 38a002a5 39a002a5 38b002a5 39b002a5 
00003730: 3aa002a5 3ba002a5 3ab002a5 3bb002a5 
00003740: 3c8002a5 3d8002a5 3c9002a5 3d9002a5 
00003750: 3e8002a5 3f8002a5 3e9002a5 3f9002a5 
00003760: 3ca002a5 3da002a5 3cb002a5 3db002a5 
00003770: 3ea002a5 3fa002a5 3eb002a5 3fb002a5 
00003780: 38c002a5 39c002a5 38d002a5 39d002a5 
00003790: 3ac002a5 3bc002a5 3ad002a5 3bd002a5 
000037a0: 38e002a5 39e002a5 38f002a5 39f002a5 
000037b0: 3ae002a5 3be002a5 3af002a5 3bf002a5 
000037c0: 3cc002a5 3dc002a5 3cd002a5 3dd002a5 
000037d0: 3ec002a5 3fc002a5 3ed002a5 3fd002a5 
000037e0: 3ce002a5 3de002a5 3cf002a5 3df002a5 
000037f0: 3ee002a5 3fe002a5 3ef002a5 3ff002a5 
00003800: 200003a5 210003a5 201003a5 211003a5 
00003810: 220003a5 230003a5 221003a5 231003a5 
00003820: 202003a5 212003a5 203003a5 213003a5 
00003830: 222003a5 232003a5 223003a5 233003a5 
00003840: 240003a5 250003a5 241003a5 251003a5 
00003850: 260003a5 270003a5 261003a5 271003a5 
00003860: 242003a5 252003a5 243003a5 253003a5 
00003870: 262003a5 272003a5 263003a5 273003a5 
00003880: 204003a5 214003a5 205003a5 215003a5 
00003890: 224003a5 234003a5 225003a5 235003a5 
000038a0: 206003a5 216003a5 207003a5 217003a5 
000038b0: 226003a5 236003a5 227003a5 237003a5 
000038c0: 244003a5 254003a5 245003a5 255003a5 
000038d0: 264003a5 274003a5 265003a5 275003a5 
000038e0: 246003a5 256003a5 247003a5 257003a5 
000038f0: 266003a5 276003a5 267003a5 277003a5 
00003900: 280003a5 290003a5 281003a5 291003a5 
00003910: 2a0003a5 2b0003a5 2a1003a5 2b1003a5 
00003920: 282003a5 292003a5 283003a5 293003a5 
00003930: 2a2003a5 2b2003a5 2a3003a5 2b3003a5 
00003940: 2c0003a5 2d0003a5 2c1003a5 2d1003a5 
00003950: 2e0003a5 2f0003a5 2e1003a5 2f1003a5 
00003960: 2c2003a5 2d2003a5 2c3003a5 2d3003a5 
00003970: 2e2003a5 2f2003a5 2e3003a5 2f3003a5 
00003980: 284003a5 294003a5 285003a5 295003a5 
00003990: 2a4003a5 2b4003a5 2a5003a5 2b5003a5 
000039a0: 286003a5 296003a5 287003a5 297003a5 
000039b0: 2a6003a5 2b6003a5 2a7003a5 2b7003a5 
000039c0: 2c4003a5 2d4003a5 2c5003a5 2d5003a5 
000039d0: 2e4003a5 2f4003a5 2e5003a5 2f5003a5 
000039e0: 2c6003a5 2d6003a5 2c7003a5 2d7003a5 
000039f0: 2e6003a5 2f6003a5 2e7003a5 2f7003a5 
00003a00: 208003a5 218003a5 209003a5 219003a5 
00003a10: 228003a5 238003a5 229003a5 239003a5 
00003a20: 20a003a5 21a003a5 20b003a5 21b003a5 
00003a30: 22a003a5 23a003a5 22b003a5 23b003a5 
00003a40: 248003a5 258003a5 249003a5 259003a5 
00003a50: 268003a5 278003a5 269003a5 279003a5 
00003a60: 24a003a5 25a003a5 24b003a5 25b003a5 
00003a70: 26a003a5 27a003a5 26b003a5 27b003a5 
00003a80: 20c003a5 21c003a5 20d003a5 21d003a5 
00003a90: 22c003a5 23c003a5 22d003a5 23d003a5 
00003aa0: 20e003a5 21e003a5 20f003a5 21f003a5 
00003ab0: 22e003a5 23e003a5 22f003a5 23f003a5 
00003ac0: 24c003a5 25c003a5 24d003a5 25d003a5 
00003ad0: 26c003a5 27c003a5 26d003a5 27d003a5 
00003ae0: 24e003a5 25e003a5 24f003a5 25f003a5 
00003af0: 26e003a5 27e003a5 26f003a5 27f003a5 
00003b00: 288003a5 298003a5 289003a5 299003a5 
00003b10: 2a8003a5 2b8003a5 2a9003a5 2b9003a5 
00003b20: 28a003a5 29a003a5 28b003a5 29b003a5 
00003b30: 2aa003a5 2ba003a5 2ab003a5 2bb003a5 
00003b40: 2c8003a5 2d8003a5 2c9003a5 2d9003a5 
00003b50: 2e8003a5 2f8003a5 2e9003a5 2f9003a5 
00003b60: 2ca003a5 2da003a5 2cb003a5 2db003a5 
00003b70: 2ea003a5 2fa003a5 2eb003a5 2fb003a5 
00003b80: 28c003a5 29c003a5 28d003a5 29d003a5 
00003b90: 2ac003a5 2bc003a5 2ad003a5 2bd003a5 
00003ba0: 28e003a5 29e003a5 28f003a5 29f003a5 
00003bb0: 2ae003a5 2be003a5 2af003a5 2bf003a5 
00003bc0: 2cc003a5 2dc003a5 2cd003a5 2dd003a5 
00003bd0: 2ec003a5 2fc003a5 2ed003a5 2fd003a5 
00003be0: 2ce003a5 2de003a5 2cf003a5 2df003a5 
00003bf0: 2ee003a5 2fe003a5 2ef003a5 2ff003a5 
00003c00: 300003a5 310003a5 301003a5 311003a5 
00003c10: 320003a5 330003a5 321003a5 331003a5 
00003c20: 302003a5 312003a5 303003a5 313003a5 
00003c30: 322003a5 332003a5 323003a5 333003a5 
00003c40: 340003a5 350003a5 341003a5 351003a5 
00003c50: 360003a5 370003a5 361003a5 371003a5 
00003c60: 342003a5 352003a5 343003a5 353003a5 
00003c70: 362003a5 372003a5 363003a5 373003a5 
00003c80: 304003a5 314003a5 305003a5 315003a5 
00003c90: 324003a5 334003a5 325003a5 335003a5 
00003ca0: 306003a5 316003a5 307003a5 317003a5 
00003cb0: 326003a5 336003a5 327003a5 337003a5 
00003cc0: 344003a5 354003a5 345003a5 355003a5 
00003cd0: 364003a5 374003a5 365003a5 375003a5 
00003ce0: 346003a5 356003a5 347003a5 357003a5 
00003cf0: 366003a5 376003a5 367003a5 377003a5 
00003d00: 380003a5 390003a5 381003a5 391003a5 
00003d10: 3a0003a5 3b0003a5 3a1003a5 3b1003a5 
00003d20: 382003a5 392003a5 383003a5 393003a5 
00003d30: 3a2003a5 3b2003a5 3a3003a5 3b3003a5 
00003d40: 3c0003a5 3d0003a5 3c1003a5 3d1003a5 
00003d50: 3e0003a5 3f0003a5 3e1003a5 3f1003a5 
00003d60: 3c2003a5 3d2003a5 3c3003a5 3d3003a5 
00003d70: 3e2003a5 3f2003a5 3e3003a5 3f3003a5 
00003d80: 384003a5 394003a5 385003a5 395003a5 
00003d90: 3a4003a5 3b4003a5 3a5003a5 3b5003a5 
00003da0: 386003a5 396003a5 387003a5 397003a5 
00003db0: 3a6003a5 3b6003a5 3a7003a5 3b7003a5 
00003dc0: 3c4003a5 3d4003a5 3c5003a5 3d5003a5 
00003dd0: 3e4003a5 3f4003a5 3e5003a5 3f5003a5 
00003de0: 3c6003a5 3d6003a5 3c7003a5 3d7003a5 
00003df0: 3e6003a5 3f6003a5 3e7003a5 3f7003a5 
00003e00: 308003a5 318003a5 309003a5 319003a5 
00003e10: 328003a5 338003a5 329003a5 339003a5 
00003e20: 30a003a5 31a003a5 30b003a5 31b003a5 
00003e30: 32a003a5 33a003a5 32b003a5 33b003a5 
00003e40: 348003a5 358003a5 349003a5 359003a5 
00003e50: 368003a5 378003a5 369003a5 379003a5 
00003e60: 34a003a5 35a003a5 34b003a5 35b003a5 
00003e70: 36a003a5 37a003a5 36b003a5 37b003a5 
00003e80: 30c003a5 31c003a5 30d003a5 31d003a5 
00003e90: 32c003a5 33c003a5 32d003a5 33d003a5 
00003ea0: 30e003a5 31e003a5 30f003a5 31f003a5 
00003eb0: 32e003a5 33e003a5 32f003a5 33f003a5 
00003ec0: 34c003a5 35c003a5 34d003a5 35d003a5 
00003ed0: 36c003a5 37c003a5 36d003a5 37d003a5 
00003ee0: 34e003a5 35e003a5 34f003a5 35f003a5 
00003ef0: 36e003a5 37e003a5 36f003a5 37f003a5 
00003f00: 388003a5 398003a5 389003a5 399003a5 
00003f10: 3a8003a5 3b8003a5 3a9003a5 3b9003a5 
00003f20: 38a003a5 39a003a5 38b003a5 39b003a5 
00003f30: 3aa003a5 3ba003a5 3ab003a5 3bb003a5 
00003f40: 3c8003a5 3d8003a5 3c9003a5 3d9003a5 
00003f50: 3e8003a5 3f8003a5 3e9003a5 3f9003a5 
00003f60: 3ca003a5 3da003a5 3cb003a5 3db003a5 
00003f70: 3ea003a5 3fa003a5 3eb003a5 3fb003a5 
00003f80: 38c003a5 39c003a5 38d003a5 39d003a5 
00003f90: 3ac003a5 3bc003a5 3ad003a5 3bd003a5 
00003fa0: 38e003a5 39e003a5 38f003a5 39f003a5 
00003fb0: 3ae003a5 3be003a5 3af003a5 3bf003a5 
00003fc0: 3cc003a5 3dc003a5 3cd003a5 3dd003a5 
00003fd0: 3ec003a5 3fc003a5 3ed003a5 3fd003a5 
00003fe0: 3ce003a5 3de003a5 3cf003a5 3df003a5 
00003ff0: 3ee003a5 3fe003a5 3ef003a5 3ff003a5 
00004000: 400000a5 410000a5 401000a5 411000a5 
00004010: 420000a5 430000a5 421000a5 431000a5 
00004020: 402000a5 412000a5 403000a5 413000a5 
00004030: 422000a5 432000a5 423000a5 433000a5 
00004040: 440000a5 450000a5 441000a5 451000a5 
00004050: 460000a5 470000a5 461000a5 471000a5 
00004060: 442000a5 452000a5 443000a5 453000a5 
00004070: 462000a5 472000a5 463000a5 473000a5 
00004080: 404000a5 414000a5 405000a5 415000a5 
00004090: 424000a5 434000a5 425000a5 435000a5 
000040a0: 406000a5 416000a5 407000a5 417000a5 
000040b0: 426000a5 436000a5 427000a5 437000a5 
000040c0: 444000a5 454000a5 445000a5 455000a5 
000040d0: 464000a5 474000a5 465000a5 475000a5 
000040e0: 446000a5 456000a5 447000a5 457000a5 
000040f0: 466000a5 476000a5 467000a5 477000a5 
00004100: 480000a5 490000a5 481000a5 491000a5 
00004110: 4a0000a5 4b0000a5 4a1000a5 4b1000a5 
00004120: 482000a5 492000a5 483000a5 493000a5 
00004130: 4a2000a5 4b2000a5 4a3000a5 4b3000a5 
00004140: 4c0000a5 4d0000a5 4c1000a5 4d1000a5 
00004150: 4e0000a5 4f0000a5 4e1000a5 4f1000a5 
00004160: 4c2000a5 4d2000a5 4c3000a5 4d3000a5 
00004170: 4e2000a5 4f2000a5 4e3000a5 4f3000a5 
00004180: 484000a5 494000a5 485000a5 495000a5 
00004190: 4a4000a5 4b4000a5 4a5000a5 4b5000a5 
000041a0: 486000a5 496000a5 487000a5 497000a5 
000041b0: 4a6000a5 4b6000a5 4a7000a5 4b7000a5 
000041c0: 4c4000a5 4d4000a5 4c5000a5 4d5000a5 
000041d0: 4e4000a5 4f4000a5 4e5000a5 4f5000a5 
000041e0: 4c6000a5 4d6000a5 4c7000a5 4d7000a5 
000041f0: 4e6000a5 4f6000a5 4e7000a5 4f7000a5 
00004200: 408000a5 418000a5 409000a5 419000a5 
00004210: 428000a5 438000a5 429000a5 439000a5 
00004220: 40a000a5 41a000a5 40b000a5 41b000a5 
00004230: 42a000a5 43a000a5 42b000a5 43b000a5 
00004240: 448000a5 458000a5 449000a5 459000a5 
00004250: 468000a5 478000a5 469000a5 479000a5 
00004260: 44a000a5 45a000a5 44b000a5 45b000a5 
00004270: 46a000a5 47a000a5 46b000a5 47b000a5 
00004280: 40c000a5 41c000a5 40d000a5 41d000a5 
00004290: 42c000a5 43c000a5 42d000a5 43d000a5 
000042a0: 40e000a5 41e000a5 40f000a5 41f000a5 
000042b0: 42e000a5 43e000a5 42f000a5 43f000a5 
000042c0: 44c000a5 45c000a5 44d000a5 45d000a5 
000042d0: 46c000a5 47c000a5 46d000a5 47d000a5 
000042e0: 44e000a5 45e000a5 44f000a5 45f000a5 
000042f0: 46e000a5 47e000a5 46f000a5 47f000a5 
00004300: 488000a5 498000a5 489000a5 499000a5 
00004310: 4a8000a5 4b8000a5 4a9000a5 4b9000a5 
00004320: 48a000a5 49a000a5 48b000a5 49b000a5 
00004330: 4aa000a5 4ba000a5 4ab000a5 4bb000a5 
00004340: 4c8000a5 4d8000a5 4c9000a5 4d9000a5 
00004350: 4e8000a5 4f8000a5 4e9000a5 4f9000a5 
00004360: 4ca000a5 4da000a5 4cb000a5 4db000a5 
00004370: 4ea000a5 4fa000a5 4eb000a5 4fb000a5 
00004380: 48c000a5 49c000a5 48d000a5 49d000a5 
00004390: 4ac000a5 4bc000a5 4ad000a5 4bd000a5 
000043a0: 48e000a5 49e000a5 48f000a5 49f000a5 
000043b0: 4ae000a5 4be000a5 4af000a5 4bf000a5 
000043c0: 4cc000a5 4dc000a5 4cd000a5 4dd000a5 
000043d0: 4ec000a5 4fc000a5 4ed000a5 4fd000a5 
000043e0: 4ce000a5 4de000a5 4cf000a5 4df000a5 
000043f0: 4ee000a5 4fe000a5 4ef000a5 4ff000a5 
00004400: 500000a5 510000a5 501000a5 511000a5 
00004410: 520000a5 530000a5 521000a5 531000a5 
00004420: 502000a5 512000a5 503000a5 513000a5 
00004430: 522000a5 532000a5 523000a5 533000a5 
00004440: 540000a5 550000a5 541000a5 551000a5 
00004450: 560000a5 570000a5 561000a5 571000a5 
00004460: 542000a5 552000a5 543000a5 553000a5 
00004470: 562000a5 572000a5 563000a5 573000a5 
00004480: 504000a5 514000a5 505000a5 515000a5 
00004490: 524000a5 534000a5 525000a5 535000a5 
000044a0: 506000a5 516000a5 507000a5 517000a5 
000044b0: 526000a5 536000a5 527000a5 537000a5 
000044c0: 544000a5 554000a5 545000a5 555000a5 
000044d0: 564000a5 574000a5 565000a5 575000a5 
000044e0: 546000a5 556000a5 547000a5 557000a5 
000044f0: 566000a5 576000a5 567000a5 577000a5 
00004500: 580000a5 590000a5 581000a5 591000a5 
00004510: 5a0000a5 5b0000a5 5a1000a5 5b1000a5 
00004520: 582000a5 592000a5 583000a5 593000a5 
00004530: 5a2000a5 5b2000a5 5a3000a5 5b3000a5 
00004540: 5c0000a5 5d0000a5 5c1000a5 5d1000a5 
00004550: 5e0000a5 5f0000a5 5e1000a5 5f1000a5 
00004560: 5c2000a5 5d2000a5 5c3000a5 5d3000a5 
00004570: 5e2000a5 5f2000a5 5e3000a5 5f3000a5 
00004580: 584000a5 594000a5 585000a5 595000a5 
00004590: 5a4000a5 5b4000a5 5a5000a5 5b5000a5 
000045a0: 586000a5 596000a5 587000a5 597000a5 
000045b0: 5a6000a5 5b6000a5 5a7000a5 5b7000a5 
000045c0: 5c4000a5 5d4000a5 5c5000a5 5d5000a5 
000045d0: 5e4000a5 5f4000a5 5e5000a5 5f5000a5 
000045e0: 5c6000a5 5d6000a5 5c7000a5 5d7000a5 
000045f0: 5e6000a5 5f6000a5 5e7000a5 5f7000a5 
00004600: 508000a5 518000a5 509000a5 519000a5 
00004610: 528000a5 538000a5 529000a5 539000a5 
00004620: 50a000a5 51a000a5 50b000a5 51b000a5 
00004630: 52a000a5 53a000a5 52b000a5 53b000a5 
00004640: 548000a5 558000a5 549000a5 559000a5 
00004650: 568000a5 578000a5 569000a5 579000a5 
00004660: 54a000a5 55a000a5 54b000a5 55b000a5 
00004670: 56a000a5 57a000a5 56b000a5 57b000a5 
00004680: 50c000a5 51c000a5 50d000a5 51d000a5 
00004690: 52c000a5 53c000a5 52d000a5 53d000a5 
000046a0: 50e000a5 51e000a5 50f000a5 51f000a5 
000046b0: 52e000a5 53e000a5 52f000a5 53f000a5 
000046c0: 54c000a5 55c000a5 54d000a5 55d000a5 
000046d0: 56c000a5 57c000a5 56d000a5 57d000a5 
000046e0: 54e000a5 55e000a5 54f000a5 55f000a5 
000046f0: 56e000a5 57e000a5 56f000a5 57f000a5 
00004700: 588000a5 598000a5 589000a5 599000a5 
00004710: 5a8000a5 5b8000a5 5a9000a5 5b9000a5 
00004720: 58a000a5 59a000a5 58b000a5 59b000a5 
00004730: 5aa000a5 5ba000a5 5ab000a5 5bb000a5 
00004740: 5c8000a5 5d8000a5 5c9000a5 5d9000a5 
00004750: 5e8000a5 5f8000a5 5e9000a5 5f9000a5 
00004760: 5ca000a5 5da000a5 5cb000a5 5db000a5 
00004770: 5ea000a5 5fa000a5 5eb000a5 5fb000a5 
00004780: 58c000a5 59c000a5 58d000a5 59d000a5 
00004790: 5ac000a5 5bc000a5 5ad000a5 5bd000a5 
000047a0: 58e000a5 59e000a5 58f000a5 59f000a5 
000047b0: 5ae000a5 5be000a5 5af000a5 5bf000a5 
000047c0: 5cc000a5 5dc000a5 5cd000a5 5dd000a5 
000047d0: 5ec000a5 5fc000a5 5ed000a5 5fd000a5 
000047e0: 5ce000a5 5de000a5 5cf000a5 5df000a5 
000047f0: 5ee000a5 5fe000a5 5ef000a5 5ff000a5 
00004800: 400001a5 410001a5 401001a5 411001a5 
00004810: 420001a5 430001a5 421001a5 431001a5 
00004820: 402001a5 412001a5 403001a5 413001a5 
00004830: 422001a5 432001a5 423001a5 433001a5 
00004840: 440001a5 450001a5 441001a5 451001a5 
00004850: 460001a5 470001a5 461001a5 471001a5 
00004860: 442001a5 452001a5 443001a5 453001a5 
00004870: 462001a5 472001a5 463001a5 473001a5 
00004880: 404001a5 414001a5 405001a5 415001a5 
00004890: 424001a5 434001a5 425001a5 435001a5 
000048a0: 406001a5 416001a5 407001a5 417001a5 
000048b0: 426001a5 436001a5 427001a5 437001a5 
000048c0: 444001a5 454001a5 445001a5 455001a5 
000048d0: 464001a5 474001a5 465001a5 475001a5 
000048e0: 446001a5 456001a5 447001a5 457001a5 
000048f0: 466001a5 476001a5 467001a5 477001a5 
00004900: 480001a5 490001a5 481001a5 491001a5 
00004910: 4a0001a5 4b0001a5 4a1001a5 4b1001a5 
00004920: 482001a5 492001a5 483001a5 493001a5 
00004930: 4a2001a5 4b2001a5 4a3001a5 4b3001a5 
00004940: 4c0001a5 4d0001a5 4c1001a5 4d1001a5 
00004950: 4e0001a5 4f0001a5 4e1001a5 4f1001a5 
00004960: 4c2001a5 4d2001a5 4c3001a5 4d3001a5 
00004970: 4e2001a5 4f2001a5 4e3001a5 4f3001a5 
00004980: 484001a5 494001a5 485001a5 495001a5 
00004990: 4a4001a5 4b4001a5 4a5001a5 4b5001a5 
000049a0: 486001a5 496001a5 487001a5 497001a5 
000049b0: 4a6001a5 4b6001a5 4a7001a5 4b7001a5 
000049c0: 4c4001a5 4d4001a5 4c5001a5 4d5001a5 
000049d0: 4e4001a5 4f4001a5 4e5001a5 4f5001a5 
000049e0: 4c6001a5 4d6001a5 4c7001a5 4d7001a5 
000049f0: 4e6001a5 4f6001a5 4e7001a5 4f7001a5 
00004a00: 408001a5 418001a5 409001a5 419001a5 
00004a10: 428001a5 438001a5 429001a5 439001a5 
00004a20: 40a001a5 41a001a5 40b001a5 41b001a5 
00004a30: 42a001a5 43a001a5 42b001a5 43b001a5 
00004a40: 448001a5 458001a5 449001a5 459001a5 
00004a50: 468001a5 478001a5 469001a5 479001a5 
00004a60: 44a001a5 45a001a5 44b001a5 45b001a5 
00004a70: 46a001a5 47a001a5 46b001a5 47b001a5 
00004a80: 40c001a5 41c001a5 40d001a5 41d001a5 
00004a90: 42c001a5 43c001a5 42d001a5 43d001a5 
00004aa0: 40e001a5 41e001a5 40f001a5 41f001a5 
00004ab0: 42e001a5 43e001a5 42f001a5 43f001a5 
00004ac0: 44c001a5 45c001a5 44d001a5 45d001a5 
00004ad0: 46c001a5 47c001a5 46d001a5 47d001a5 
00004ae0: 44e001a5 45e001a5 44f001a5 45f001a5 
00004af0: 46e001a5 47e001a5 46f001a5 47f001a5 
00004b00: 488001a5 498001a5 489001a5 499001a5 
00004b10: 4a8001a5 4b8001a5 4a9001a5 4b9001a5 
00004b20: 48a001a5 49a001a5 48b001a5 49b001a5 
00004b30: 4aa001a5 4ba001a5 4ab001a5 4bb001a5 
00004b40: 4c8001a5 4d8001a5 4c9001a5 4d9001a5 
00004b50: 4e8001a5 4f8001a5 4e9001a5 4f9001a5 
00004b60: 4ca001a5 4da001a5 4cb001a5 4db001a5 
00004b70: 4ea001a5 4fa001a5 4eb001a5 4fb001a5 
00004b80: 48c001a5 49c001a5 48d001a5 49d001a5 
00004b90: 4ac001a5 4bc001a5 4ad001a5 4bd001a5 
00004ba0: 48e001a5 49e001a5 48f001a5 49f001a5 
00004bb0: 4ae001a5 4be001a5 4af001a5 4bf001a5 
00004bc0: 4cc001a5 4dc001a5 4cd001a5 4dd001a5 
00004bd0: 4ec001a5 4fc001a5 4ed001a5 4fd001a5 
00004be0: 4ce001a5 4de001a5 4cf001a5 4df001a5 
00004bf0: 4ee001a5 4fe001a5 4ef001a5 4ff001a5 
00004c00: 500001a5 510001a5 501001a5 511001a5 
00004c10: 520001a5 530001a5 521001a5 531001a5 
00004c20: 502001a5 512001a5 503001a5 513001a5 
00004c30: 522001a5 532001a5 523001a5 533001a5 
00004c40: 540001a5 550001a5 541001a5 551001a5 
00004c50: 560001a5 570001a5 561001a5 571001a5 
00004c60: 542001a5 552001a5 543001a5 553001a5 
00004c70: 562001a5 572001a5 563001a5 573001a5 
00004c80: 504001a5 514001a5 505001a5 515001a5 
00004c90: 524001a5 534001a5 525001a5 535001a5 
00004ca0: 506001a5 516001a5 507001a5 517001a5 
00004cb0: 526001a5 536001a5 527001a5 537001a5 
00004cc0: 544001a5 554001a5 545001a5 555001a5 
00004cd0: 564001a5 574001a5 565001a5 575001a5 
00004ce0: 546001a5 556001a5 547001a5 557001a5 
00004cf0: 566001a5 576001a5 567001a5 577001a5 
00004d00: 580001a5 590001a5 581001a5 591001a5 
00004d10: 5a0001a5 5b0001a5 5a1001a5 5b1001a5 
00004d20: 582001a5 592001a5 583001a5 593001a5 
00004d30: 5a2001a5 5b2001a5 5a3001a5 5b3001a5 
00004d40: 5c0001a5 5d0001a5 5c1001a5 5d1001a5 
00004d50: 5e0001a5 5f0001a5 5e1001a5 5f1001a5 
00004d60: 5c2001a5 5d2001a5 5c3001a5 5d3001a5 
00004d70: 5e2001a5 5f2001a5 5e3001a5 5f3001a5 
00004d80: 584001a5 594001a5 585001a5 595001a5 
00004d90: 5a4001a5 5b4001a5 5a5001a5 5b5001a5 
00004da0: 586001a5 596001a5 587001a5 597001a5 
00004db0: 5a6001a5 5b6001a5 5a7001a5 5b7001a5 
00004dc0: 5c4001a5 5d4001a5 5c5001a5 5d5001a5 
00004dd0: 5e4001a5 5f4001a5 5e5001a5 5f5001a5 
00004de0: 5c6001a5 5d6001a5 5c7001a5 5d7001a5 
00004df0: 5e6001a5 5f6001a5 5e7001a5 5f7001a5 
00004e00: 508001a5 518001a5 509001a5 519001a5 
00004e10: 528001a5 538001a5 529001a5 539001a5 
00004e20: 50a001a5 51a001a5 50b001a5 51b001a5 
00004e30: 52a001a5 53a001a5 52b001a5 53b001a5 
00004e40: 548001a5 558001a5 549001a5 559001a5 
00004e50: 568001a5 578001a5 569001a5 579001a5 
00004e60: 54a001a5 55a001a5 54b001a5 55b001a5 
00004e70: 56a001a5 57a001a5 56b001a5 57b001a5 
00004e80: 50c001a5 51c001a5 50d001a5 51d001a5 
00004e90: 52c001a5 53c001a5 52d001a5 53d001a5 
00004ea0: 50e001a5 51e001a5 50f001a5 51f001a5 
00004eb0: 52e001a5 53e001a5 52f001a5 53f001a5 
00004ec0: 54c001a5 55c001a5 54d001a5 55d001a5 
00004ed0: 56c001a5 57c001a5 56d001a5 57d001a5 
00004ee0: 54e001a5 55e001a5 54f001a5 55f001a5 
00004ef0: 56e001a5 57e001a5 56f001a5 57f001a5 
00004f00: 588001a5 598001a5 589001a5 599001a5 
00004f10: 5a8001a5 5b8001a5 5a9001a5 5b9001a5 
00004f20: 58a001a5 59a001a5 58b001a5 59b001a5 
00004f30: 5aa001a5 5ba001a5 5ab001a5 5bb001a5 
00004f40: 5c8001a5 5d8001a5 5c9001a5 5d9001a5 
00004f50: 5e8001a5 5f8001a5 5e9001a5 5f9001a5 
00004f60: 5ca001a5 5da001a5 5cb001a5 5db001a5 
00004f70: 5ea001a5 5fa001a5 5eb001a5 5fb001a5 
00004f80: 58c001a5 59c001a5 58d001a5 59d001a5 
00004f90: 5ac001a5 5bc001a5 5ad001a5 5bd001a5 
00004fa0: 58e001a5 59e001a5 58f001a5 59f001a5 
00004fb0: 5ae001a5 5be001a5 5af001a5 5bf001a5 
00004fc0: 5cc001a5 5dc001a5 5cd001a5 5dd001a5 
00004fd0: 5ec001a5 5fc001a5 5ed001a5 5fd001a5 
00004fe0: 5ce001a5 5de001a5 5cf001a5 5df001a5 
00004ff0: 5ee001a5 5fe001a5 5ef001a5 5ff001a5 
00005000: 600000a5 610000a5 601000a5 611000a5 
00005010: 620000a5 630000a5 621000a5 631000a5 
00005020: 602000a5 612000a5 603000a5 613000a5 
00005030: 622000a5 632000a5 623000a5 633000a5 
00005040: 640000a5 650000a5 641000a5 651000a5 
00005050: 660000a5 670000a5 661000a5 671000a5 
00005060: 642000a5 652000a5 643000a5 653000a5 
00005070: 662000a5 672000a5 663000a5 673000a5 
00005080: 604000a5 614000a5 605000a5 615000a5 
00005090: 624000a5 634000a5 625000a5 635000a5 
000050a0: 606000a5 616000a5 607000a5 617000a5 
000050b0: 626000a5 636000a5 627000a5 637000a5 
000050c0: 644000a5 654000a5 645000a5 655000a5 
000050d0: 664000a5 674000a5 665000a5 675000a5 
000050e0: 646000a5 656000a5 647000a5 657000a5 
000050f0: 666000a5 676000a5 667000a5 677000a5 
00005100: 680000a5 690000a5 681000a5 691000a5 
00005110: 6a0000a5 6b0000a5 6a1000a5 6b1000a5 
00005120: 682000a5 692000a5 683000a5 693000a5 
00005130: 6a2000a5 6b2000a5 6a3000a5 6b3000a5 
00005140: 6c0000a5 6d0000a5 6c1000a5 6d1000a5 
00005150: 6e0000a5 6f0000a5 6e1000a5 6f1000a5 
00005160: 6c2000a5 6d2000a5 6c3000a5 6d3000a5 
00005170: 6e2000a5 6f2000a5 6e3000a5 6f3000a5 
00005180: 684000a5 694000a5 685000a5 695000a5 
00005190: 6a4000a5 6b4000a5 6a5000a5 6b5000a5 
000051a0: 686000a5 696000a5 687000a5 697000a5 
000051b0: 6a6000a5 6b6000a5 6a7000a5 6b7000a5 
000051c0: 6c4000a5 6d4000a5 6c5000a5 6d5000a5 
000051d0: 6e4000a5 6f4000a5 6e5000a5 6f5000a5 
000051e0: 6c6000a5 6d6000a5 6c7000a5 6d7000a5 
000051f0: 6e6000a5 6f6000a5 6e7000a5 6f7000a5 
00005200: 608000a5 618000a5 609000a5 619000a5 
00005210: 628000a5 638000a5 629000a5 639000a5 
00005220: 60a000a5 61a000a5 60b000a5 61b000a5 
00005230: 62a000a5 63a000a5 62b000a5 63b000a5 
00005240: 648000a5 658000a5 649000a5 659000a5 
00005250: 668000a5 678000a5 669000a5 679000a5 
00005260: 64a000a5 65a000a5 64b000a5 65b000a5 
00005270: 66a000a5 67a000a5 66b000a5 67b000a5 
00005280: 60c000a5 61c000a5 60d000a5 61d000a5 
00005290: 62c000a5 63c000a5 62d000a5 63d000a5 
000052a0: 60e000a5 61e000a5 60f000a5 61f000a5 
000052b0: 62e000a5 63e000a5 62f000a5 63f000a5 
000052c0: 64c000a5 65c000a5 64d000a5 65d000a5 
000052d0: 66c000a5 67c000a5 66d000a5 67d000a5 
000052e0: 64e000a5 65e000a5 64f000a5 65f000a5 
000052f0: 66e000a5 67e000a5 66f000a5 67f000a5 
00005300: 688000a5 698000a5 689000a5 699000a5 
00005310: 6a8000a5 6b8000a5 6a9000a5 6b9000a5 
00005320: 68a000a5 69a000a5 68b000a5 69b000a5 
00005330: 6aa000a5 6ba000a5 6ab000a5 6bb000a5 
00005340: 6c8000a5 6d8000a5 6c9000a5 6d9000a5 
00005350: 6e8000a5 6f8000a5 6e9000a5 6f9000a5 
00005360: 6ca000a5 6da000a5 6cb000a5 6db000a5 
00005370: 6ea000a5 6fa000a5 6eb000a5 6fb000a5 
00005380: 68c000a5 69c000a5 68d000a5 69d000a5 
00005390: 6ac000a5 6bc000a5 6ad000a5 6bd000a5 
000053a0: 68e000a5 69e000a5 68f000a5 69f000a5 
000053b0: 6ae000a5 6be000a5 6af000a5 6bf000a5 
000053c0: 6cc000a5 6dc000a5 6cd000a5 6dd000a5 
000053d0: 6ec000a5 6fc000a5 6ed000a5 6fd000a5 
000053e0: 6ce000a5 6de000a5 6cf000a5 6df000a5 
000053f0: 6ee000a5 6fe000a5 6ef000a5 6ff000a5 
00005400: 700000a5 710000a5 701000a5 711000a5 
00005410: 720000a5 730000a5 721000a5 731000a5 
00005420: 702000a5 712000a5 703000a5 713000a5 
00005430: 722000a5 732000a5 723000a5 733000a5 
00005440: 740000a5 750000a5 741000a5 751000a5 
00005450: 760000a5 770000a5 761000a5 771000a5 
00005460: 742000a5 752000a5 743000a5 753000a5 
00005470: 762000a5 772000a5 763000a5 773000a5 
00005480: 704000a5 714000a5 705000a5 715000a5 
00005490: 724000a5 734000a5 725000a5 735000a5 
000054a0: 706000a5 716000a5 707000a5 717000a5 
000054b0: 726000a5 736000a5 727000a5 737000a5 
000054c0: 744000a5 754000a5 745000a5 755000a5 
000054d0: 764000a5 774000a5 765000a5 775000a5 
000054e0: 746000a5 756000a5 747000a5 757000a5 
000054f0: 766000a5 776000a5 767000a5 777000a5 
00005500: 780000a5 790000a5 781000a5 791000a5 
00005510: 7a0000a5 7b0000a5 7a1000a5 7b1000a5 
00005520: 782000a5 792000a5 783000a5 793000a5 
00005530: 7a2000a5 7b2000a5 7a3000a5 7b3000a5 
00005540: 7c0000a5 7d0000a5 7c1000a5 7d1000a5 
00005550: 7e0000a5 7f0000a5 7e1000a5 7f1000a5 
00005560: 7c2000a5 7d2000a5 7c3000a5 7d3000a5 
00005570: 7e2000a5 7f2000a5 7e3000a5 7f3000a5 
00005580: 784000a5 794000a5 785000a5 795000a5 
00005590: 7a4000a5 7b4000a5 7a5000a5 7b5000a5 
000055a0: 786000a5 796000a5 787000a5 797000a5 
000055b0: 7a6000a5 7b6000a5 7a7000a5 7b7000a5 
000055c0: 7c4000a5 7d4000a5 7c5000a5 7d5000a5 
000055d0: 7e4000a5 7f4000a5 7e5000a5 7f5000a5 
000055e0: 7c6000a5 7d6000a5 7c7000a5 7d7000a5 
000055f0: 7e6000a5 7f6000a5 7e7000a5 7f7000a5 
00005600: 708000a5 718000a5 709000a5 719000a5 
00005610: 728000a5 738000a5 729000a5 739000a5 
00005620: 70a000a5 71a000a5 70b000a5 71b000a5 
00005630: 72a000a5 73a000a5 72b000a5 73b000a5 
00005640: 748000a5 758000a5 749000a5 759000a5 
00005650: 768000a5 778000a5 769000a5 779000a5 
00005660: 74a000a5 75a000a5 74b000a5 75b000a5 
00005670: 76a000a5 77a000a5 76b000a5 77b000a5 
00005680: 70c000a5 71c000a5 70d000a5 71d000a5 
00005690: 72c000a5 73c000a5 72d000a5 73d000a5 
000056a0: 70e000a5 71e000a5 70f000a5 71f000a5 
000056b0: 72e000a5 73e000a5 72f000a5 73f000a5 
000056c0: 74c000a5 75c000a5 74d000a5 75d000a5 
000056d0: 76c000a5 77c000a5 76d000a5 77d000a5 
000056e0: 74e000a5 75e000a5 74f000a5 75f000a5 
000056f0: 76e000a5 77e000a5 76f000a5 77f000a5 
00005700: 788000a5 798000a5 789000a5 799000a5 
00005710: 7a8000a5 7b8000a5 7a9000a5 7b9000a5 
00005720: 78a000a5 79a000a5 78b000a5 79b000a5 
00005730: 7aa000a5 7ba000a5 7ab000a5 7bb000a5 
00005740: 7c8000a5 7d8000a5 7c9000a5 7d9000a5 
00005750: 7e8000a5 7f8000a5 7e9000a5 7f9000a5 
00005760: 7ca000a5 7da000a5 7cb000a5 7db000a5 
00005770: 7ea000a5 7fa000a5 7eb000a5 7fb000a5 
00005780: 78c000a5 79c000a5 78d000a5 79d000a5 
00005790: 7ac000a5 7bc000a5 7ad000a5 7bd000a5 
000057a0: 78e000a5 79e000a5 78f000a5 79f000a5 
000057b0: 7ae000a5 7be000a5 7af000a5 7bf000a5 
000057c0: 7cc000a5 7dc000a5 7cd000a5 7dd000a5 
000057d0: 7ec000a5 7fc000a5 7ed000a5 7fd000a5 
000057e0: 7ce000a5 7de000a5 7cf000a5 7df000a5 
000057f0: 7ee000a5 7fe000a5 7ef000a5 7ff000a5 
00005800: 600001a5 610001a5 601001a5 611001a5 
00005810: 620001a5 630001a5 621001a5 631001a5 
00005820: 602001a5 612001a5 603001a5 613001a5 
00005830: 622001a5 632001a5 623001a5 633001a5 
00005840: 640001a5 650001a5 641001a5 651001a5 
00005850: 660001a5 670001a5 661001a5 671001a5 
00005860: 642001a5 652001a5 643001a5 653001a5 
00005870: 662001a5 672001a5 663001a5 673001a5 
00005880: 604001a5 614001a5 605001a5 615001a5 
00005890: 624001a5 634001a5 625001a5 635001a5 
000058a0: 606001a5 616001a5 607001a5 617001a5 
000058b0: 626001a5 636001a5 627001a5 637001a5 
000058c0: 644001a5 654001a5 645001a5 655001a5 
000058d0: 664001a5 674001a5 665001a5 675001a5 
000058e0: 646001a5 656001a5 647001a5 657001a5 
000058f0: 666001a5 676001a5 667001a5 677001a5 
00005900: 680001a5 690001a5 681001a5 691001a5 
00005910: 6a0001a5 6b0001a5 6a1001a5 6b1001a5 
00005920: 682001a5 692001a5 683001a5 693001a5 
00005930: 6a2001a5 6b2001a5 6a3001a5 6b3001a5 
00005940: 6c0001a5 6d0001a5 6c1001a5 6d1001a5 
00005950: 6e0001a5 6f0001a5 6e1001a5 6f1001a5 
00005960: 6c2001a5 6d2001a5 6c3001a5 6d3001a5 
00005970: 6e2001a5 6f2001a5 6e3001a5 6f3001a5 
00005980: 684001a5 694001a5 685001a5 695001a5 
00005990: 6a4001a5 6b4001a5 6a5001a5 6b5001a5 
000059a0: 686001a5 696001a5 687001a5 697001a5 
000059b0: 6a6001a5 6b6001a5 6a7001a5 6b7001a5 
000059c0: 6c4001a5 6d4001a5 6c5001a5 6d5001a5 
000059d0: 6e4001a5 6f4001a5 6e5001a5 6f5001a5 
000059e0: 6c6001a5 6d6001a5 6c7001a5 6d7001a5 
000059f0: 6e6001a5 6f6001a5 6e7001a5 6f7001a5 
00005a00: 608001a5 618001a5 609001a5 619001a5 
00005a10: 628001a5 638001a5 629001a5 639001a5 
00005a20: 60a001a5 61a001a5 60b001a5 61b001a5 
00005a30: 62a001a5 63a001a5 62b001a5 63b001a5 
00005a40: 648001a5 658001a5 649001a5 659001a5 
00005a50: 668001a5 678001a5 669001a5 679001a5 
00005a60: 64a001a5 65a001a5 64b001a5 65b001a5 
00005a70: 66a001a5 67a001a5 66b001a5 67b001a5 
00005a80: 60c001a5 61c001a5 60d001a5 61d001a5 
00005a90: 62c001a5 63c001a5 62d001a5 63d001a5 
00005aa0: 60e001a5 61e001a5 60f001a5 61f001a5 
00005ab0: 62e001a5 63e001a5 62f001a5 63f001a5 
00005ac0: 64c001a5 65c001a5 64d001a5 65d001a5 
00005ad0: 66c001a5 67c001a5 66d001a5 67d001a5 
00005ae0: 64e001a5 65e001a5 64f001a5 65f001a5 
00005af0: 66e001a5 67e001a5 66f001a5 67f001a5 
00005b00: 688001a5 698001a5 689001a5 699001a5 
00005b10: 6a8001a5 6b8001a5 6a9001a5 6b9001a5 
00005b20: 68a001a5 69a001a5 68b001a5 69b001a5 
00005b30: 6aa001a5 6ba001a5 6ab001a5 6bb001a5 
00005b40: 6c8001a5 6d8001a5 6c9001a5 6d9001a5 
00005b50: 6e8001a5 6f8001a5 6e9001a5 6f9001a5 
00005b60: 6ca001a5 6da001a5 6cb001a5 6db001a5 
00005b70: 6ea001a5 6fa001a5 6eb001a5 6fb001a5 
00005b80: 68c001a5 69c001a5 68d001a5 69d001a5 
00005b90: 6ac001a5 6bc001a5 6ad001a5 6bd001a5 
00005ba0: 68e001a5 69e001a5 68f001a5 69f001a5 
00005bb0: 6ae001a5 6be001a5 6af001a5 6bf001a5 
00005bc0: 6cc001a5 6dc001a5 6cd001a5 6dd001a5 
00005bd0: 6ec001a5 6fc001a5 6ed001a5 6fd001a5 
00005be0: 6ce001a5 6de001a5 6cf001a5 6df001a5 
00005bf0: 6ee001a5 6fe001a5 6ef001a5 6ff001a5 
00005c00: 700001a5 710001a5 701001a5 711001a5 
00005c10: 720001a5 730001a5 721001a5 731001a5 
00005c20: 702001a5 712001a5 703001a5 713001a5 
00005c30: 722001a5 732001a5 723001a5 733001a5 
00005c40: 740001a5 750001a5 741001a5 751001a5 
00005c50: 760001a5 770001a5 761001a5 771001a5 
00005c60: 742001a5 752001a5 743001a5 753001a5 
00005c70: 762001a5 772001a5 763001a5 773001a5 
00005c80: 704001a5 714001a5 705001a5 715001a5 
00005c90: 724001a5 734001a5 725001a5 735001a5 
00005ca0: 706001a5 716001a5 707001a5 717001a5 
00005cb0: 726001a5 736001a5 727001a5 737001a5 
00005cc0: 744001a5 754001a5 745001a5 755001a5 
00005cd0: 764001a5 774001a5 765001a5 775001a5 
00005ce0: 746001a5 756001a5 747001a5 757001a5 
00005cf0: 766001a5 776001a5 767001a5 777001a5 
00005d00: 780001a5 790001a5 781001a5 791001a5 
00005d10: 7a0001a5 7b0001a5 7a1001a5 7b1001a5 
00005d20: 782001a5 792001a5 783001a5 793001a5 
00005d30: 7a2001a5 7b2001a5 7a3001a5 7b3001a5 
00005d40: 7c0001a5 7d0001a5 7c1001a5 7d1001a5 
00005d50: 7e0001a5 7f0001a5 7e1001a5 7f1001a5 
00005d60: 7c2001a5 7d2001a5 7c3001a5 7d3001a5 
00005d70: 7e2001a5 7f2001a5 7e3001a5 7f3001a5 
00005d80: 784001a5 794001a5 785001a5 795001a5 
00005d90: 7a4001a5 7b4001a5 7a5001a5 7b5001a5 
00005da0: 786001a5 796001a5 787001a5 797001a5 
00005db0: 7a6001a5 7b6001a5 7a7001a5 7b7001a5 
00005dc0: 7c4001a5 7d4001a5 7c5001a5 7d5001a5 
00005dd0: 7e4001a5 7f4001a5 7e5001a5 7f5001a5 
00005de0: 7c6001a5 7d6001a5 7c7001a5 7d7001a5 
00005df0: 7e6001a5 7f6001a5 7e7001a5 7f7001a5 
00005e00: 708001a5 718001a5 709001a5 719001a5 
00005e10: 728001a5 738001a5 729001a5 739001a5 
00005e20: 70a001a5 71a001a5 70b001a5 71b001a5 
00005e30: 72a001a5 73a001a5 72b001a5 73b001a5 
00005e40: 748001a5 758001a5 749001a5 759001a5 
00005e50: 768001a5 778001a5 769001a5 779001a5 
00005e60: 74a001a5 75a001a5 74b001a5 75b001a5 
00005e70: 76a001a5 77a001a5 76b001a5 77b001a5 
00005e80: 70c001a5 71c001a5 70d001a5 71d001a5 
00005e90: 72c001a5 73c001a5 72d001a5 73d001a5 
00005ea0: 70e001a5 71e001a5 70f001a5 71f001a5 
00005eb0: 72e001a5 73e001a5 72f001a5 73f001a5 
00005ec0: 74c001a5 75c001a5 74d001a5 75d001a5 
00005ed0: 76c001a5 77c001a5 76d001a5 77d001a5 
00005ee0: 74e001a5 75e001a5 74f001a5 75f001a5 
00005ef0: 76e001a5 77e001a5 76f001a5 77f001a5 
00005f00: 788001a5 798001a5 789001a5 799001a5 
00005f10: 7a8001a5 7b8001a5 7a9001a5 7b9001a5 
00005f20: 78a001a5 79a001a5 78b001a5 79b001a5 
00005f30: 7aa001a5 7ba001a5 7ab001a5 7bb001a5 
00005f40: 7c8001a5 7d8001a5 7c9001a5 7d9001a5 
00005f50: 7e8001a5 7f8001a5 7e9001a5 7f9001a5 
00005f60: 7ca001a5 7da001a5 7cb001a5 7db001a5 
00005f70: 7ea001a5 7fa001a5 7eb001a5 7fb001a5 
00005f80: 78c001a5 79c001a5 78d001a5 79d001a5 
00005f90: 7ac001a5 7bc001a5 7ad001a5 7bd001a5 
00005fa0: 78e001a5 79e001a5 78f001a5 79f001a5 
00005fb0: 7ae001a5 7be001a5 7af001a5 7bf001a5 
00005fc0: 7cc001a5 7dc001a5 7cd001a5 7dd001a5 
00005fd0: 7ec001a5 7fc001a5 7ed001a5 7fd001a5 
00005fe0: 7ce001a5 7de001a5 7cf001a5 7df001a5 
00005ff0: 7ee001a5 7fe001a5 7ef001a5 7ff001a5 
00006000: 400002a5 410002a5 401002a5 411002a5 
00006010: 420002a5 430002a5 421002a5 431002a5 
00006020: 402002a5 412002a5 403002a5 413002a5 
00006030: 422002a5 432002a5 423002a5 433002a5 
00006040: 440002a5 450002a5 441002a5 451002a5 
00006050: 460002a5 470002a5 461002a5 471002a5 
00006060: 442002a5 452002a5 443002a5 453002a5 
00006070: 462002a5 472002a5 463002a5 473002a5 
00006080: 404002a5 414002a5 405002a5 415002a5 
00006090: 424002a5 434002a5 425002a5 435002a5 
000060a0: 406002a5 416002a5 407002a5 417002a5 
000060b0: 426002a5 436002a5 427002a5 437002a5 
000060c0: 444002a5 454002a5 445002a5 455002a5 
000060d0: 464002a5 474002a5 465002a5 475002a5 
000060e0: 446002a5 456002a5 447002a5 457002a5 
000060f0: 466002a5 476002a5 467002a5 477002a5 
00006100: 480002a5 490002a5 481002a5 491002a5 
00006110: 4a0002a5 4b0002a5 4a1002a5 4b1002a5 
00006120: 482002a5 492002a5 483002a5 493002a5 
00006130: 4a2002a5 4b2002a5 4a3002a5 4b3002a5 
00006140: 4c0002a5 4d0002a5 4c1002a5 4d1002a5 
00006150: 4e0002a5 4f0002a5 4e1002a5 4f1002a5 
00006160: 4c2002a5 4d2002a5 4c3002a5 4d3002a5 
00006170: 4e2002a5 4f2002a5 4e3002a5 4f3002a5 
00006180: 484002a5 494002a5 485002a5 495002a5 
00006190: 4a4002a5 4b4002a5 4a5002a5 4b5002a5 
000061a0: 486002a5 496002a5 487002a5 497002a5 
000061b0: 4a6002a5 4b6002a5 4a7002a5 4b7002a5 
000061c0: 4c4002a5 4d4002a5 4c5002a5 4d5002a5 
000061d0: 4e4002a5 4f4002a5 4e5002a5 4f5002a5 
000061e0: 4c6002a5 4d6002a5 4c7002a5 4d7002a5 
000061f0: 4e6002a5 4f6002a5 4e7002a5 4f7002a5 
00006200: 408002a5 418002a5 409002a5 419002a5 
00006210: 428002a5 438002a5 429002a5 439002a5 
00006220: 40a002a5 41a002a5 40b002a5 41b002a5 
00006230: 42a002a5 43a002a5 42b002a5 43b002a5 
00006240: 448002a5 458002a5 449002a5 459002a5 
00006250: 468002a5 478002a5 469002a5 479002a5 
00006260: 44a002a5 45a002a5 44b002a5 45b002a5 
00006270: 46a002a5 47a002a5 46b002a5 47b002a5 
00006280: 40c002a5 41c002a5 40d002a5 41d002a5 
00006290: 42c002a5 43c002a5 42d002a5 43d002a5 
000062a0: 40e002a5 41e002a5 40f002a5 41f002a5 
000062b0: 42e002a5 43e002a5 42f002a5 43f002a5 
000062c0: 44c002a5 45c002a5 44d002a5 45d002a5 
000062d0: 46c002a5 47c002a5 46d002a5 47d002a5 
000062e0: 44e002a5 45e002a5 44f002a5 45f002a5 
000062f0: 46e002a5 47e002a5 46f002a5 47f002a5 
00006300: 488002a5 498002a5 489002a5 499002a5 
00006310: 4a8002a5 4b8002a5 4a9002a5 4b9002a5 
00006320: 48a002a5 49a002a5 48b002a5 49b002a5 
00006330: 4aa002a5 4ba002a5 4ab002a5 4bb002a5 
00006340: 4c8002a5 4d8002a5 4c9002a5 4d9002a5 
00006350: 4e8002a5 4f8002a5 4e9002a5 4f9002a5 
00006360: 4ca002a5 4da002a5 4cb002a5 4db002a5 
00006370: 4ea002a5 4fa002a5 4eb002a5 4fb002a5 
00006380: 48c002a5 49c002a5 48d002a5 49d002a5 
00006390: 4ac002a5 4bc002a5 4ad002a5 4bd002a5 
000063a0: 48e002a5 49e002a5 48f002a5 49f002a5 
000063b0: 4ae002a5 4be002a5 4af002a5 4bf002a5 
000063c0: 4cc002a5 4dc002a5 4cd002a5 4dd002a5 
000063d0: 4ec002a5 4fc002a5 4ed002a5 4fd002a5 
000063e0: 4ce002a5 4de002a5 4cf002a5 4df002a5 
000063f0: 4ee002a5 4fe002a5 4ef002a5 4ff002a5 
00006400: 500002a5 510002a5 501002a5 511002a5 
00006410: 520002a5 530002a5 521002a5 531002a5 
00006420: 502002a5 512002a5 503002a5 513002a5 
00006430: 522002a5 532002a5 523002a5 533002a5 
00006440: 540002a5 550002a5 541002a5 551002a5 
00006450: 560002a5 570002a5 561002a5 571002a5 
00006460: 542002a5 552002a5 543002a5 553002a5 
00006470: 562002a5 572002a5 563002a5 573002a5 
00006480: 504002a5 514002a5 505002a5 515002a5 
00006490: 524002a5 534002a5 525002a5 535002a5 
000064a0: 506002a5 516002a5 507002a5 517002a5 
000064b0: 526002a5 536002a5 527002a5 537002a5 
000064c0: 544002a5 554002a5 545002a5 555002a5 
000064d0: 564002a5 574002a5 565002a5 575002a5 
000064e0: 546002a5 556002a5 547002a5 557002a5 
000064f0: 566002a5 576002a5 567002a5 577002a5 
00006500: 580002a5 590002a5 581002a5 591002a5 
00006510: 5a0002a5 5b0002a5 5a1002a5 5b1002a5 
00006520: 582002a5 592002a5 583002a5 593002a5 
00006530: 5a2002a5 5b2002a5 5a3002a5 5b3002a5 
00006540: 5c0002a5 5d0002a5 5c1002a5 5d1002a5 
00006550: 5e0002a5 5f0002a5 5e1002a5 5f1002a5 
00006560: 5c2002a5 5d2002a5 5c3002a5 5d3002a5 
00006570: 5e2002a5 5f2002a5 5e3002a5 5f3002a5 
00006580: 584002a5 594002a5 585002a5 595002a5 
00006590: 5a4002a5 5b4002a5 5a5002a5 5b5002a5 
000065a0: 586002a5 596002a5 587002a5 597002a5 
000065b0: 5a6002a5 5b6002a5 5a7002a5 5b7002a5 
000065c0: 5c4002a5 5d4002a5 5c5002a5 5d5002a5 
000065d0: 5e4002a5 5f4002a5 5e5002a5 5f5002a5 
000065e0: 5c6002a5 5d6002a5 5c7002a5 5d7002a5 
000065f0: 5e6002a5 5f6002a5 5e7002a5 5f7002a5 
00006600: 508002a5 518002a5 509002a5 519002a5 
00006610: 528002a5 538002a5 529002a5 539002a5 
00006620: 50a002a5 51a002a5 50b002a5 51b002a5 
00006630: 52a002a5 53a002a5 52b002a5 53b002a5 
00006640: 548002a5 558002a5 549002a5 559002a5 
00006650: 568002a5 578002a5 569002a5 579002a5 
00006660: 54a002a5 55a002a5 54b002a5 55b002a5 
00006670: 56a002a5 57a002a5 56b002a5 57b002a5 
00006680: 50c002a5 51c002a5 50d002a5 51d002a5 
00006690: 52c002a5 53c002a5 52d002a5 53d002a5 
000066a0: 50e002a5 51e002a5 50f002a5 51f002a5 
000066b0: 52e002a5 53e002a5 52f002a5 53f002a5 
000066c0: 54c002a5 55c002a5 54d002a5 55d002a5 
000066d0: 56c002a5 57c002a5 56d002a5 57d002a5 
000066e0: 54e002a5 55e002a5 54f002a5 55f002a5 
000066f0: 56e002a5 57e002a5 56f002a5 57f002a5 
00006700: 588002a5 598002a5 589002a5 599002a5 
00006710: 5a8002a5 5b8002a5 5a9002a5 5b9002a5 
00006720: 58a002a5 59a002a5 58b002a5 59b002a5 
00006730: 5aa002a5 5ba002a5 5ab002a5 5bb002a5 
00006740: 5c8002a5 5d8002a5 5c9002a5 5d9002a5 
00006750: 5e8002a5 5f8002a5 5e9002a5 5f9002a5 
00006760: 5ca002a5 5da002a5 5cb002a5 5db002a5 
00006770: 5ea002a5 5fa002a5 5eb002a5 5fb002a5 
00006780: 58c002a5 59c002a5 58d002a5 59d002a5 
00006790: 5ac002a5 5bc002a5 5ad002a5 5bd002a5 
000067a0: 58e002a5 59e002a5 58f002a5 59f002a5 
000067b0: 5ae002a5 5be002a5 5af002a5 5bf002a5 
000067c0: 5cc002a5 5dc002a5 5cd002a5 5dd002a5 
000067d0: 5ec002a5 5fc002a5 5ed002a5 5fd002a5 
000067e0: 5ce002a5 5de002a5 5cf002a5 5df002a5 
000067f0: 5ee002a5 5fe002a5 5ef002a5 5ff002a5 
00006800: 400003a5 410003a5 401003a5 411003a5 
00006810: 420003a5 430003a5 421003a5 431003a5 
00006820: 402003a5 412003a5 403003a5 413003a5 
00006830: 422003a5 432003a5 423003a5 433003a5 
00006840: 440003a5 450003a5 441003a5 451003a5 
00006850: 460003a5 470003a5 461003a5 471003a5 
00006860: 442003a5 452003a5 443003a5 453003a5 
00006870: 462003a5 472003a5 463003a5 473003a5 
00006880: 404003a5 414003a5 405003a5 415003a5 
00006890: 424003a5 434003a5 425003a5 435003a5 
000068a0: 406003a5 416003a5 407003a5 417003a5 
000068b0: 426003a5 436003a5 427003a5 437003a5 
000068c0: 444003a5 454003a5 445003a5 455003a5 
000068d0: 464003a5 474003a5 465003a5 475003a5 
000068e0: 446003a5 456003a5 447003a5 457003a5 
000068f0: 466003a5 476003a5 467003a5 477003a5 
00006900: 480003a5 490003a5 481003a5 491003a5 
00006910: 4a0003a5 4b0003a5 4a1003a5 4b1003a5 
00006920: 482003a5 492003a5 483003a5 493003a5 
00006930: 4a2003a5 4b2003a5 4a3003a5 4b3003a5 
00006940: 4c0003a5 4d0003a5 4c1003a5 4d1003a5 
00006950: 4e0003a5 4f0003a5 4e1003a5 4f1003a5 
00006960: 4c2003a5 4d2003a5 4c3003a5 4d3003a5 
00006970: 4e2003a5 4f2003a5 4e3003a5 4f3003a5 
00006980: 484003a5 494003a5 485003a5 495003a5 
00006990: 4a4003a5 4b4003a5 4a5003a5 4b5003a5 
000069a0: 486003a5 496003a5 487003a5 497003a5 
000069b0: 4a6003a5 4b6003a5 4a7003a5 4b7003a5 
000069c0: 4c4003a5 4d4003a5 4c5003a5 4d5003a5 
000069d0: 4e4003a5 4f4003a5 4e5003a5 4f5003a5 
000069e0: 4c6003a5 4d6003a5 4c7003a5 4d7003a5 
000069f0: 4e6003a5 4f6003a5 4e7003a5 4f7003a5 
00006a00: 408003a5 418003a5 409003a5 419003a5 
00006a10: 428003a5 438003a5 429003a5 439003a5 
00006a20: 40a003a5 41a003a5 40b003a5 41b003a5 
00006a30: 42a003a5 43a003a5 42b003a5 43b003a5 
00006a40: 448003a5 458003a5 449003a5 459003a5 
00006a50: 468003a5 478003a5 469003a5 479003a5 
00006a60: 44a003a5 45a003a5 44b003a5 45b003a5 
00006a70: 46a003a5 47a003a5 46b003a5 47b003a5 
00006a80: 40c003a5 41c003a5 40d003a5 41d003a5 
00006a90: 42c003a5 43c003a5 42d003a5 43d003a5 
00006aa0: 40e003a5 41e003a5 40f003a5 41f003a5 
00006ab0: 42e003a5 43e003a5 42f003a5 43f003a5 
00006ac0: 44c003a5 45c003a5 44d003a5 45d003a5 
00006ad0: 46c003a5 47c003a5 46d003a5 47d003a5 
00006ae0: 44e003a5 45e003a5 44f003a5 45f003a5 
00006af0: 46e003a5 47e003a5 46f003a5 47f003a5 
00006b00: 488003a5 498003a5 489003a5 499003a5 
00006b10: 4a8003a5 4b8003a5 4a9003a5 4b9003a5 
00006b20: 48a003a5 49a003a5 48b003a5 49b003a5 
00006b30: 4aa003a5 4ba003a5 4ab003a5 4bb003a5 
00006b40: 4c8003a5 4d8003a5 4c9003a5 4d9003a5 
00006b50: 4e8003a5 4f8003a5 4e9003a5 4f9003a5 
00006b60: 4ca003a5 4da003a5 4cb003a5 4db003a5 
00006b70: 4ea003a5 4fa003a5 4eb003a5 4fb003a5 
00006b80: 48c003a5 49c003a5 48d003a5 49d003a5 
00006b90: 4ac003a5 4bc003a5 4ad003a5 4bd003a5 
00006ba0: 48e003a5 49e003a5 48f003a5 49f003a5 
00006bb0: 4ae003a5 4be003a5 4af003a5 4bf003a5 
00006bc0: 4cc003a5 4dc003a5 4cd003a5 4dd003a5 
00006bd0: 4ec003a5 4fc003a5 4ed003a5 4fd003a5 
00006be0: 4ce003a5 4de003a5 4cf003a5 4df003a5 
00006bf0: 4ee003a5 4fe003a5 4ef003a5 4ff003a5 
00006c00: 500003a5 510003a5 501003a5 511003a5 
00006c10: 520003a5 530003a5 521003a5 531003a5 
00006c20: 502003a5 512003a5 503003a5 513003a5 
00006c30: 522003a5 532003a5 523003a5 533003a5 
00006c40: 540003a5 550003a5 541003a5 551003a5 
00006c50: 560003a5 570003a5 561003a5 571003a5 
00006c60: 542003a5 552003a5 543003a5 553003a5 
00006c70: 562003a5 572003a5 563003a5 573003a5 
00006c80: 504003a5 514003a5 505003a5 515003a5 
00006c90: 524003a5 534003a5 525003a5 535003a5 
00006ca0: 506003a5 516003a5 507003a5 517003a5 
00006cb0: 526003a5 536003a5 527003a5 537003a5 
00006cc0: 544003a5 554003a5 545003a5 555003a5 
00006cd0: 564003a5 574003a5 565003a5 575003a5 
00006ce0: 546003a5 556003a5 547003a5 557003a5 
00006cf0: 566003a5 576003a5 567003a5 577003a5 
00006d00: 580003a5 590003a5 581003a5 591003a5 
00006d10: 5a0003a5 5b0003a5 5a1003a5 5b1003a5 
00006d20: 582003a5 592003a5 583003a5 593003a5 
00006d30: 5a2003a5 5b2003a5 5a3003a5 5b3003a5 
00006d40: 5c0003a5 5d0003a5 5c1003a5 5d1003a5 
00006d50: 5e0003a5 5f0003a5 5e1003a5 5f1003a5 
00006d60: 5c2003a5 5d2003a5 5c3003a5 5d3003a5 
00006d70: 5e2003a5 5f2003a5 5e3003a5 5f3003a5 
00006d80: 584003a5 594003a5 585003a5 595003a5 
00006d90: 5a4003a5 5b4003a5 5a5003a5 5b5003a5 
00006da0: 586003a5 596003a5 587003a5 597003a5 
00006db0: 5a6003a5 5b6003a5 5a7003a5 5b7003a5 
00006dc0: 5c4003a5 5d4003a5 5c5003a5 5d5003a5 
00006dd0: 5e4003a5 5f4003a5 5e5003a5 5f5003a5 
00006de0: 5c6003a5 5d6003a5 5c7003a5 5d7003a5 
00006df0: 5e6003a5 5f6003a5 5e7003a5 5f7003a5 
00006e00: 508003a5 518003a5 509003a5 519003a5 
00006e10: 528003a5 538003a5 529003a5 539003a5 
00006e20: 50a003a5 51a003a5 50b003a5 51b003a5 
00006e30: 52a003a5 53a003a5 52b003a5 53b003a5 
00006e40: 548003a5 558003a5 549003a5 559003a5 
00006e50: 568003a5 578003a5 569003a5 579003a5 
00006e60: 54a003a5 55a003a5 54b003a5 55b003a5 
00006e70: 56a003a5 57a003a5 56b003a5 57b003a5 
00006e80: 50c003a5 51c003a5 50d003a5 51d003a5 
00006e90: 52c003a5 53c003a5 52d003a5 53d003a5 
00006ea0: 50e003a5 51e003a5 50f003a5 51f003a5 
00006eb0: 52e003a5 53e003a5 52f003a5 53f003a5 
00006ec0: 54c003a5 55c003a5 54d003a5 55d003a5 
00006ed0: 56c003a5 57c003a5 56d003a5 57d003a5 
00006ee0: 54e003a5 55e003a5 54f003a5 55f003a5 
00006ef0: 56e003a5 57e003a5 56f003a5 57f003a5 
00006f00: 588003a5 598003a5 589003a5 599003a5 
00006f10: 5a8003a5 5b8003a5 5a9003a5 5b9003a5 
00006f20: 58a003a5 59a003a5 58b003a5 59b003a5 
00006f30: 5aa003a5 5ba003a5 5ab003a5 5bb003a5 
00006f40: 5c8003a5 5d8003a5 5c9003a5 5d9003a5 
00006f50: 5e8003a5 5f8003a5 5e9003a5 5f9003a5 
00006f60: 5ca003a5 5da003a5 5cb003a5 5db003a5 
00006f70: 5ea003a5 5fa003a5 5eb003a5 5fb003a5 
00006f80: 58c003a5 59c003a5 58d003a5 59d003a5 
00006f90: 5ac003a5 5bc003a5 5ad003a5 5bd003a5 
00006fa0: 58e003a5 59e003a5 58f003a5 59f003a5 
00006fb0: 5ae003a5 5be003a5 5af003a5 5bf003a5 
00006fc0: 5cc003a5 5dc003a5 5cd003a5 5dd003a5 
00006fd0: 5ec003a5 5fc003a5 5ed003a5 5fd003a5 
00006fe0: 5ce003a5 5de003a5 5cf003a5 5df003a5 
00006ff0: 5ee003a5 5fe003a5 5ef003a5 5ff003a5 
00007000: 600002a5 610002a5 601002a5 611002a5 
00007010: 620002a5 630002a5 621002a5 631002a5 
00007020: 602002a5 612002a5 603002a5 613002a5 
00007030: 622002a5 632002a5 623002a5 633002a5 
00007040: 640002a5 650002a5 641002a5 651002a5 
00007050: 660002a5 670002a5 661002a5 671002a5 
00007060: 642002a5 652002a5 643002a5 653002a5 
00007070: 662002a5 672002a5 663002a5 673002a5 
00007080: 604002a5 614002a5 605002a5 615002a5 
00007090: 624002a5 634002a5 625002a5 635002a5 
000070a0: 606002a5 616002a5 607002a5 617002a5 
000070b0: 626002a5 636002a5 627002a5 637002a5 
000070c0: 644002a5 654002a5 645002a5 655002a5 
000070d0: 664002a5 674002a5 665002a5 675002a5 
000070e0: 646002a5 656002a5 647002a5 657002a5 
000070f0: 666002a5 676002a5 667002a5 677002a5 
00007100: 680002a5 690002a5 681002a5 691002a5 
00007110: 6a0002a5 6b0002a5 6a1002a5 6b1002a5 
00007120: 682002a5 692002a5 683002a5 693002a5 
00007130: 6a2002a5 6b2002a5 6a3002a5 6b3002a5 
00007140: 6c0002a5 6d0002a5 6c1002a5 6d1002a5 
00007150: 6e0002a5 6f0002a5 6e1002a5 6f1002a5 
00007160: 6c2002a5 6d2002a5 6c3002a5 6d3002a5 
00007170: 6e2002a5 6f2002a5 6e3002a5 6f3002a5 
00007180: 684002a5 694002a5 685002a5 695002a5 
00007190: 6a4002a5 6b4002a5 6a5002a5 6b5002a5 
000071a0: 686002a5 696002a5 687002a5 697002a5 
000071b0: 6a6002a5 6b6002a5 6a7002a5 6b7002a5 
000071c0: 6c4002a5 6d4002a5 6c5002a5 6d5002a5 
000071d0: 6e4002a5 6f4002a5 6e5002a5 6f5002a5 
000071e0: 6c6002a5 6d6002a5 6c7002a5 6d7002a5 
000071f0: 6e6002a5 6f6002a5 6e7002a5 6f7002a5 
00007200: 608002a5 618002a5 609002a5 619002a5 
00007210: 628002a5 638002a5 629002a5 639002a5 
00007220: 60a002a5 61a002a5 60b002a5 61b002a5 
00007230: 62a002a5 63a002a5 62b002a5 63b002a5 
00007240: 648002a5 658002a5 649002a5 659002a5 
00007250: 668002a5 678002a5 669002a5 679002a5 
00007260: 64a002a5 65a002a5 64b002a5 65b002a5 
00007270: 66a002a5 67a002a5 66b002a5 67b002a5 
00007280: 60c002a5 61c002a5 60d002a5 61d002a5 
00007290: 62c002a5 63c002a5 62d002a5 63d002a5 
000072a0: 60e002a5 61e002a5 60f002a5 61f002a5 
000072b0: 62e002a5 63e002a5 62f002a5 63f002a5 
000072c0: 64c002a5 65c002a5 64d002a5 65d002a5 
000072d0: 66c002a5 67c002a5 66d002a5 67d002a5 
000072e0: 64e002a5 65e002a5 64f002a5 65f002a5 
000072f0: 66e002a5 67e002a5 66f002a5 67f002a5 
00007300: 688002a5 698002a5 689002a5 699002a5 
00007310: 6a8002a5 6b8002a5 6a9002a5 6b9002a5 
00007320: 68a002a5 69a002a5 68b002a5 69b002a5 
00007330: 6aa002a5 6ba002a5 6ab002a5 6bb002a5 
00007340: 6c8002a5 6d8002a5 6c9002a5 6d9002a5 
00007350: 6e8002a5 6f8002a5 6e9002a5 6f9002a5 
00007360: 6ca002a5 6da002a5 6cb002a5 6db002a5 
00007370: 6ea002a5 6fa002a5 6eb002a5 6fb002a5 
00007380: 68c002a5 69c002a5 68d002a5 69d002a5 
00007390: 6ac002a5 6bc002a5 6ad002a5 6bd002a5 
000073a0: 68e002a5 69e002a5 68f002a5 69f002a5 
000073b0: 6ae002a5 6be002a5 6af002a5 6bf002a5 
000073c0: 6cc002a5 6dc002a5 6cd002a5 6dd002a5 
000073d0: 6ec002a5 6fc002a5 6ed002a5 6fd002a5 
000073e0: 6ce002a5 6de002a5 6cf002a5 6df002a5 
000073f0: 6ee002a5 6fe002a5 6ef002a5 6ff002a5 
00007400: 700002a5 710002a5 701002a5 711002a5 
00007410: 720002a5 730002a5 721002a5 731002a5 
00007420: 702002a5 712002a5 703002a5 713002a5 
00007430: 722002a5 732002a5 723002a5 733002a5 
00007440: 740002a5 750002a5 741002a5 751002a5 
00007450: 760002a5 770002a5 761002a5 771002a5 
00007460: 742002a5 752002a5 743002a5 753002a5 
00007470: 762002a5 772002a5 763002a5 773002a5 
00007480: 704002a5 714002a5 705002a5 715002a5 
00007490: 724002a5 734002a5 725002a5 735002a5 
000074a0: 706002a5 716002a5 707002a5 717002a5 
000074b0: 726002a5 736002a5 727002a5 737002a5 
000074c0: 744002a5 754002a5 745002a5 755002a5 
000074d0: 764002a5 774002a5 765002a5 775002a5 
000074e0: 746002a5 756002a5 747002a5 757002a5 
000074f0: 766002a5 776002a5 767002a5 777002a5 
00007500: 780002a5 790002a5 781002a5 791002a5 
00007510: 7a0002a5 7b0002a5 7a1002a5 7b1002a5 
00007520: 782002a5 792002a5 783002a5 793002a5 
00007530: 7a2002a5 7b2002a5 7a3002a5 7b3002a5 
00007540: 7c0002a5 7d0002a5 7c1002a5 7d1002a5 
00007550: 7e0002a5 7f0002a5 7e1002a5 7f1002a5 
00007560: 7c2002a5 7d2002a5 7c3002a5 7d3002a5 
00007570: 7e2002a5 7f2002a5 7e3002a5 7f3002a5 
00007580: 784002a5 794002a5 785002a5 795002a5 
00007590: 7a4002a5 7b4002a5 7a5002a5 7b5002a5 
000075a0: 786002a5 796002a5 787002a5 797002a5 
000075b0: 7a6002a5 7b6002a5 7a7002a5 7b7002a5 
000075c0: 7c4002a5 7d4002a5 7c5002a5 7d5002a5 
000075d0: 7e4002a5 7f4002a5 7e5002a5 7f5002a5 
000075e0: 7c6002a5 7d6002a5 7c7002a5 7d7002a5 
000075f0: 7e6002a5 7f6002a5 7e7002a5 7f7002a5 
00007600: 708002a5 718002a5 709002a5 719002a5 
00007610: 728002a5 738002a5 729002a5 739002a5 
00007620: 70a002a5 71a002a5 70b002a5 71b002a5 
00007630: 72a002a5 73a002a5 72b002a5 73b002a5 
00007640: 748002a5 758002a5 749002a5 759002a5 
00007650: 768002a5 778002a5 769002a5 779002a5 
00007660: 74a002a5 75a002a5 74b002a5 75b002a5 
00007670: 76a002a5 77a002a5 76b002a5 77b002a5 
00007680: 70c002a5 71c002a5 70d002a5 71d002a5 
00007690: 72c002a5 73c002a5 72d002a5 73d002a5 
000076a0: 70e002a5 71e002a5 70f002a5 71f002a5 
000076b0: 72e002a5 73e002a5 72f002a5 73f002a5 
000076c0: 74c002a5 75c002a5 74d002a5 75d002a5 
000076d0: 76c002a5 77c002a5 76d002a5 77d002a5 
000076e0: 74e002a5 75e002a5 74f002a5 75f002a5 
000076f0: 76e002a5 77e002a5 76f002a5 77f002a5 
00007700: 788002a5 798002a5 789002a5 799002a5 
00007710: 7a8002a5 7b8002a5 7a9002a5 7b9002a5 
00007720: 78a002a5 79a002a5 78b002a5 79b002a5 
00007730: 7aa002a5 7ba002a5 7ab002a5 7bb002a5 
00007740: 7c8002a5 7d8002a5 7c9002a5 7d9002a5 
00007750: 7e8002a5 7f8002a5 7e9002a5 7f9002a5 
00007760: 7ca002a5 7da002a5 7cb002a5 7db002a5 
00007770: 7ea002a5 7fa002a5 7eb002a5 7fb002a5 
00007780: 78c002a5 79c002a5 78d002a5 79d002a5 
00007790: 7ac002a5 7bc002a5 7ad002a5 7bd002a5 
000077a0: 78e002a5 79e002a5 78f002a5 79f002a5 
000077b0: 7ae002a5 7be002a5 7af002a5 7bf002a5 
000077c0: 7cc002a5 7dc002a5 7cd002a5 7dd002a5 
000077d0: 7ec002a5 7fc002a5 7ed002a5 7fd002a5 
000077e0: 7ce002a5 7de002a5 7cf002a5 7df002a5 
000077f0: 7ee002a5 7fe002a5 7ef002a5 7ff002a5 
00007800: 600003a5 610003a5 601003a5 611003a5 
00007810: 620003a5 630003a5 621003a5 631003a5 
00007820: 602003a5 612003a5 603003a5 613003a5 
00007830: 622003a5 632003a5 623003a5 633003a5 
00007840: 640003a5 650003a5 641003a5 651003a5 
00007850: 660003a5 670003a5 661003a5 671003a5 
00007860: 642003a5 652003a5 643003a5 653003a5 
00007870: 662003a5 672003a5 663003a5 673003a5 
00007880: 604003a5 614003a5 605003a5 615003a5 
00007890: 624003a5 634003a5 625003a5 635003a5 
000078a0: 606003a5 616003a5 607003a5 617003a5 
000078b0: 626003a5 636003a5 627003a5 637003a5 
000078c0: 644003a5 654003a5 645003a5 655003a5 
000078d0: 664003a5 674003a5 665003a5 675003a5 
000078e0: 646003a5 656003a5 647003a5 657003a5 
000078f0: 666003a5 676003a5 667003a5 677003a5 
00007900: 680003a5 690003a5 681003a5 691003a5 
00007910: 6a0003a5 6b0003a5 6a1003a5 6b1003a5 
00007920: 682003a5 692003a5 683003a5 693003a5 
00007930: 6a2003a5 6b2003a5 6a3003a5 6b3003a5 
00007940: 6c0003a5 6d0003a5 6c1003a5 6d1003a5 
00007950: 6e0003a5 6f0003a5 6e1003a5 6f1003a5 
00007960: 6c2003a5 6d2003a5 6c3003a5 6d3003a5 
00007970: 6e2003a5 6f2003a5 6e3003a5 6f3003a5 
00007980: 684003a5 694003a5 685003a5 695003a5 
00007990: 6a4003a5 6b4003a5 6a5003a5 6b5003a5 
000079a0: 686003a5 696003a5 687003a5 697003a5 
000079b0: 6a6003a5 6b6003a5 6a7003a5 6b7003a5 
000079c0: 6c4003a5 6d4003a5 6c5003a5 6d5003a5 
000079d0: 6e4003a5 6f4003a5 6e5003a5 6f5003a5 
000079e0: 6c6003a5 6d6003a5 6c7003a5 6d7003a5 
000079f0: 6e6003a5 6f6003a5 6e7003a5 6f7003a5 
00007a00: 608003a5 618003a5 609003a5 619003a5 
00007a10: 628003a5 638003a5 629003a5 639003a5 
00007a20: 60a003a5 61a003a5 60b003a5 61b003a5 
00007a30: 62a003a5 63a003a5 62b003a5 63b003a5 
00007a40: 648003a5 658003a5 649003a5 659003a5 
00007a50: 668003a5 678003a5 669003a5 679003a5 
00007a60: 64a003a5 65a003a5 64b003a5 65b003a5 
00007a70: 66a003a5 67a003a5 66b003a5 67b003a5 
00007a80: 60c003a5 61c003a5 60d003a5 61d003a5 
00007a90: 62c003a5 63c003a5 62d003a5 63d003a5 
00007aa0: 60e003a5 61e003a5 60f003a5 61f003a5 
00007ab0: 62e003a5 63e003a5 62f003a5 63f003a5 
00007ac0: 64c003a5 65c003a5 64d003a5 65d003a5 
00007ad0: 66c003a5 67c003a5 66d003a5 67d003a5 
00007ae0: 64e003a5 65e003a5 64f003a5 65f003a5 
00007af0: 66e003a5 67e003a5 66f003a5 67f003a5 
00007b00: 688003a5 698003a5 689003a5 699003a5 
00007b10: 6a8003a5 6b8003a5 6a9003a5 6b9003a5 
00007b20: 68a003a5 69a003a5 68b003a5 69b003a5 
00007b30: 6aa003a5 6ba003a5 6ab003a5 6bb003a5 
00007b40: 6c8003a5 6d8003a5 6c9003a5 6d9003a5 
00007b50: 6e8003a5 6f8003a5 6e9003a5 6f9003a5 
00007b60: 6ca003a5 6da003a5 6cb003a5 6db003a5 
00007b70: 6ea003a5 6fa003a5 6eb003a5 6fb003a5 
00007b80: 68c003a5 69c003a5 68d003a5 69d003a5 
00007b90: 6ac003a5 6bc003a5 6ad003a5 6bd003a5 
00007ba0: 68e003a5 69e003a5 68f003a5 69f003a5 
00007bb0: 6ae003a5 6be003a5 6af003a5 6bf003a5 
00007bc0: 6cc003a5 6dc003a5 6cd003a5 6dd003a5 
00007bd0: 6ec003a5 6fc003a5 6ed003a5 6fd003a5 
00007be0: 6ce003a5 6de003a5 6cf003a5 6df003a5 
00007bf0: 6ee003a5 6fe003a5 6ef003a5 6ff003a5 
00007c00: 700003a5 710003a5 701003a5 711003a5 
00007c10: 720003a5 730003a5 721003a5 731003a5 
00007c20: 702003a5 712003a5 703003a5 713003a5 
00007c30: 722003a5 732003a5 723003a5 733003a5 
00007c40: 740003a5 750003a5 741003a5 751003a5 
00007c50: 760003a5 770003a5 761003a5 771003a5 
00007c60: 742003a5 752003a5 743003a5 753003a5 
00007c70: 762003a5 772003a5 763003a5 773003a5 
00007c80: 704003a5 714003a5 705003a5 715003a5 
00007c90: 724003a5 734003a5 725003a5 735003a5 
00007ca0: 706003a5 716003a5 707003a5 717003a5 
00007cb0: 726003a5 736003a5 727003a5 737003a5 
00007cc0: 744003a5 754003a5 745003a5 755003a5 
00007cd0: 764003a5 774003a5 765003a5 775003a5 
00007ce0: 746003a5 756003a5 747003a5 757003a5 
00007cf0: 766003a5 776003a5 767003a5 777003a5 
00007d00: 780003a5 790003a5 781003a5 791003a5 
00007d10: 7a0003a5 7b0003a5 7a1003a5 7b1003a5 
00007d20: 782003a5 792003a5 783003a5 793003a5 
00007d30: 7a2003a5 7b2003a5 7a3003a5 7b3003a5 
00007d40: 7c0003a5 7d0003a5 7c1003a5 7d1003a5 
00007d50: 7e0003a5 7f0003a5 7e1003a5 7f1003a5 
00007d60: 7c2003a5 7d2003a5 7c3003a5 7d3003a5 
00007d70: 7e2003a5 7f2003a5 7e3003a5 7f3003a5 
00007d80: 784003a5 794003a5 785003a5 795003a5 
00007d90: 7a4003a5 7b4003a5 7a5003a5 7b5003a5 
00007da0: 786003a5 796003a5 787003a5 797003a5 
00007db0: 7a6003a5 7b6003a5 7a7003a5 7b7003a5 
00007dc0: 7c4003a5 7d4003a5 7c5003a5 7d5003a5 
00007dd0: 7e4003a5 7f4003a5 7e5003a5 7f5003a5 
00007de0: 7c6003a5 7d6003a5 7c7003a5 7d7003a5 
00007df0: 7e6003a5 7f6003a5 7e7003a5 7f7003a5 
00007e00: 708003a5 718003a5 709003a5 719003a5 
00007e10: 728003a5 738003a5 729003a5 739003a5 
00007e20: 70a003a5 71a003a5 70b003a5 71b003a5 
00007e30: 72a003a5 73a003a5 72b003a5 73b003a5 
00007e40: 748003a5 758003a5 749003a5 759003a5 
00007e50: 768003a5 778003a5 769003a5 779003a5 
00007e60: 74a003a5 75a003a5 74b003a5 75b003a5 
00007e70: 76a003a5 77a003a5 76b003a5 77b003a5 
00007e80: 70c003a5 71c003a5 70d003a5 71d003a5 
00007e90: 72c003a5 73c003a5 72d003a5 73d003a5 
00007ea0: 70e003a5 71e003a5 70f003a5 71f003a5 
00007eb0: 72e003a5 73e003a5 72f003a5 73f003a5 
00007ec0: 74c003a5 75c003a5 74d003a5 75d003a5 
00007ed0: 76c003a5 77c003a5 76d003a5 77d003a5 
00007ee0: 74e003a5 75e003a5 74f003a5 75f003a5 
00007ef0: 76e003a5 77e003a5 76f003a5 77f003a5 
00007f00: 788003a5 798003a5 789003a5 799003a5 
00007f10: 7a8003a5 7b8003a5 7a9003a5 7b9003a5 
00007f20: 78a003a5 79a003a5 78b003a5 79b003a5 
00007f30: 7aa003a5 7ba003a5 7ab003a5 7bb003a5 
00007f40: 7c8003a5 7d8003a5 7c9003a5 7d9003a5 
00007f50: 7e8003a5 7f8003a5 7e9003a5 7f9003a5 
00007f60: 7ca003a5 7da003a5 7cb003a5 7db003a5 
00007f70: 7ea003a5 7fa003a5 7eb003a5 7fb003a5 
00007f80: 78c003a5 79c003a5 78d003a5 79d003a5 
00007f90: 7ac003a5 7bc003a5 7ad003a5 7bd003a5 
00007fa0: 78e003a5 79e003a5 78f003a5 79f003a5 
00007fb0: 7ae003a5 7be003a5 7af003a5 7bf003a5 
00007fc0: 7cc003a5 7dc003a5 7cd003a5 7dd003a5 
00007fd0: 7ec003a5 7fc003a5 7ed003a5 7fd003a5 
00007fe0: 7ce003a5 7de003a5 7cf003a5 7df003a5 
00007ff0: 7ee003a5 7fe003a5 7ef003a5 7ff003a5 
00008000: 800000a5 810000a5 801000a5 811000a5 
00008010: 820000a5 830000a5 821000a5 831000a5 
00008020: 802000a5 812000a5 803000a5 813000a5 
00008030: 822000a5 832000a5 823000a5 833000a5 
00008040: 840000a5 850000a5 841000a5 851000a5 
00008050: 860000a5 870000a5 861000a5 871000a5 
00008060: 842000a5 852000a5 843000a5 853000a5 
00008070: 862000a5 872000a5 863000a5 873000a5 
00008080: 804000a5 814000a5 805000a5 815000a5 
00008090: 824000a5 834000a5 825000a5 835000a5 
000080a0: 806000a5 816000a5 807000a5 817000a5 
000080b0: 826000a5 836000a5 827000a5 837000a5 
000080c0: 844000a5 854000a5 845000a5 855000a5 
000080d0: 864000a5 874000a5 865000a5 875000a5 
000080e0: 846000a5 856000a5 847000a5 857000a5 
000080f0: 866000a5 876000a5 867000a5 877000a5 
00008100: 880000a5 890000a5 881000a5 891000a5 
00008110: 8a0000a5 8b0000a5 8a1000a5 8b1000a5 
00008120: 882000a5 892000a5 883000a5 893000a5 
00008130: 8a2000a5 8b2000a5 8a3000a5 8b3000a5 
00008140: 8c0000a5 8d0000a5 8c1000a5 8d1000a5 
00008150: 8e0000a5 8f0000a5 8e1000a5 8f1000a5 
00008160: 8c2000a5 8d2000a5 8c3000a5 8d3000a5 
00008170: 8e2000a5 8f2000a5 8e3000a5 8f3000a5 
00008180: 884000a5 894000a5 885000a5 895000a5 
00008190: 8a4000a5 8b4000a5 8a5000a5 8b5000a5 
000081a0: 886000a5 896000a5 887000a5 897000a5 
000081b0: 8a6000a5 8b6000a5 8a7000a5 8b7000a5 
000081c0: 8c4000a5 8d4000a5 8c5000a5 8d5000a5 
000081d0: 8e4000a5 8f4000a5 8e5000a5 8f5000a5 
000081e0: 8c6000a5 8d6000a5 8c7000a5 8d7000a5 
000081f0: 8e6000a5 8f6000a5 8e7000a5 8f7000a5 
00008200: 808000a5 818000a5 809000a5 819000a5 
00008210: 828000a5 838000a5 829000a5 839000a5 
00008220: 80a000a5 81a000a5 80b000a5 81b000a5 
00008230: 82a000a5 83a000a5 82b000a5 83b000a5 
00008240: 848000a5 858000a5 849000a5 859000a5 
00008250: 868000a5 878000a5 869000a5 879000a5 
00008260: 84a000a5 85a000a5 84b000a5 85b000a5 
00008270: 86a000a5 87a000a5 86b000a5 87b000a5 
00008280: 80c000a5 81c000a5 80d000a5 81d000a5 
00008290: 82c000a5 83c000a5 82d000a5 83d000a5 
000082a0: 80e000a5 81e000a5 80f000a5 81f000a5 
000082b0: 82e000a5 83e000a5 82f000a5 83f000a5 
000082c0: 84c000a5 85c000a5 84d000a5 85d000a5 
000082d0: 86c000a5 87c000a5 86d000a5 87d000a5 
000082e0: 84e000a5 85e000a5 84f000a5 85f000a5 
000082f0: 86e000a5 87e000a5 86f000a5 87f000a5 
00008300: 888000a5 898000a5 889000a5 899000a5 
00008310: 8a8000a5 8b8000a5 8a9000a5 8b9000a5 
00008320: 88a000a5 89a000a5 88b000a5 89b000a5 
00008330: 8aa000a5 8ba000a5 8ab000a5 8bb000a5 
00008340: 8c8000a5 8d8000a5 8c9000a5 8d9000a5 
00008350: 8e8000a5 8f8000a5 8e9000a5 8f9000a5 
00008360: 8ca000a5 8da000a5 8cb000a5 8db000a5 
00008370: 8ea000a5 8fa000a5 8eb000a5 8fb000a5 
00008380: 88c000a5 89c000a5 88d000a5 89d000a5 
00008390: 8ac000a5 8bc000a5 8ad000a5 8bd000a5 
000083a0: 88e000a5 89e000a5 88f000a5 89f000a5 
000083b0: 8ae000a5 8be000a5 8af000a5 8bf000a5 
000083c0: 8cc000a5 8dc000a5 8cd000a5 8dd000a5 
000083d0: 8ec000a5 8fc000a5 8ed000a5 8fd000a5 
000083e0: 8ce000a5 8de000a5 8cf000a5 8df000a5 
000083f0: 8ee000a5 8fe000a5 8ef000a5 8ff000a5 
00008400: 900000a5 910000a5 901000a5 911000a5 
00008410: 920000a5 930000a5 921000a5 931000a5 
00008420: 902000a5 912000a5 903000a5 913000a5 
00008430: 922000a5 932000a5 923000a5 933000a5 
00008440: 940000a5 950000a5 941000a5 951000a5 
00008450: 960000a5 970000a5 961000a5 971000a5 
00008460: 942000a5 952000a5 943000a5 953000a5 
00008470: 962000a5 972000a5 963000a5 973000a5 
00008480: 904000a5 914000a5 905000a5 915000a5 
00008490: 924000a5 934000a5 925000a5 935000a5 
000084a0: 906000a5 916000a5 907000a5 917000a5 
000084b0: 926000a5 936000a5 927000a5 937000a5 
000084c0: 944000a5 954000a5 945000a5 955000a5 
000084d0: 964000a5 974000a5 965000a5 975000a5 
000084e0: 946000a5 956000a5 947000a5 957000a5 
000084f0: 966000a5 976000a5 967000a5 977000a5 
00008500: 980000a5 990000a5 981000a5 991000a5 
00008510: 9a0000a5 9b0000a5 9a1000a5 9b1000a5 
00008520: 982000a5 992000a5 983000a5 993000a5 
00008530: 9a2000a5 9b2000a5 9a3000a5 9b3000a5 
00008540: 9c0000a5 9d0000a5 9c1000a5 9d1000a5 
00008550: 9e0000a5 9f0000a5 9e1000a5 9f1000a5 
00008560: 9c2000a5 9d2000a5 9c3000a5 9d3000a5 
00008570: 9e2000a5 9f2000a5 9e3000a5 9f3000a5 
00008580: 984000a5 994000a5 985000a5 995000a5 
00008590: 9a4000a5 9b4000a5 9a5000a5 9b5000a5 
000085a0: 986000a5 996000a5 987000a5 997000a5 
000085b0: 9a6000a5 9b6000a5 9a7000a5 9b7000a5 
000085c0: 9c4000a5 9d4000a5 9c5000a5 9d5000a5 
000085d0: 9e4000a5 9f4000a5 9e5000a5 9f5000a5 
000085e0: 9c6000a5 9d6000a5 9c7000a5 9d7000a5 
000085f0: 9e6000a5 9f6000a5 9e7000a5 9f7000a5 
00008600: 908000a5 918000a5 909000a5 919000a5 
00008610: 928000a5 938000a5 929000a5 939000a5 
00008620: 90a000a5 91a000a5 90b000a5 91b000a5 
00008630: 92a000a5 93a000a5 92b000a5 93b000a5 
00008640: 948000a5 958000a5 949000a5 959000a5 
00008650: 968000a5 978000a5 969000a5 979000a5 
00008660: 94a000a5 95a000a5 94b000a5 95b000a5 
00008670: 96a000a5 97a000a5 96b000a5 97b000a5 
00008680: 90c000a5 91c000a5 90d000a5 91d000a5 
00008690: 92c000a5 93c000a5 92d000a5 93d000a5 
000086a0: 90e000a5 91e000a5 90f000a5 91f000a5 
000086b0: 92e000a5 93e000a5 92f000a5 93f000a5 
000086c0: 94c000a5 95c000a5 94d000a5 95d000a5 
000086d0: 96c000a5 97c000a5 96d000a5 97d000a5 
000086e0: 94e000a5 95e000a5 94f000a5 95f000a5 
000086f0: 96e000a5 97e000a5 96f000a5 97f000a5 
00008700: 988000a5 998000a5 989000a5 999000a5 
00008710: 9a8000a5 9b8000a5 9a9000a5 9b9000a5 
00008720: 98a000a5 99a000a5 98b000a5 99b000a5 
00008730: 9aa000a5 9ba000a5 9ab000a5 9bb000a5 
00008740: 9c8000a5 9d8000a5 9c9000a5 9d9000a5 
00008750: 9e8000a5 9f8000a5 9e9000a5 9f9000a5 
00008760: 9ca000a5 9da000a5 9cb000a5 9db000a5 
00008770: 9ea000a5 9fa000a5 9eb000a5 9fb000a5 
00008780: 98c000a5 99c000a5 98d000a5 99d000a5 
00008790: 9ac000a5 9bc000a5 9ad000a5 9bd000a5 
000087a0: 98e000a5 99e000a5 98f000a5 99f000a5 
000087b0: 9ae000a5 9be000a5 9af000a5 9bf000a5 
000087c0: 9cc000a5 9dc000a5 9cd000a5 9dd000a5 
000087d0: 9ec000a5 9fc000a5 9ed000a5 9fd000a5 
000087e0: 9ce000a5 9de000a5 9cf000a5 9df000a5 
000087f0: 9ee000a5 9fe000a5 9ef000a5 9ff000a5 
00008800: 800001a5 810001a5 801001a5 811001a5 
00008810: 820001a5 830001a5 821001a5 831001a5 
00008820: 802001a5 812001a5 803001a5 813001a5 
00008830: 822001a5 832001a5 823001a5 833001a5 
00008840: 840001a5 850001a5 841001a5 851001a5 
00008850: 860001a5 870001a5 861001a5 871001a5 
00008860: 842001a5 852001a5 843001a5 853001a5 
00008870: 862001a5 872001a5 863001a5 873001a5 
00008880: 804001a5 814001a5 805001a5 815001a5 
00008890: 824001a5 834001a5 825001a5 835001a5 
000088a0: 806001a5 816001a5 807001a5 817001a5 
000088b0: 826001a5 836001a5 827001a5 837001a5 
000088c0: 844001a5 854001a5 845001a5 855001a5 
000088d0: 864001a5 874001a5 865001a5 875001a5 
000088e0: 846001a5 856001a5 847001a5 857001a5 
000088f0: 866001a5 876001a5 867001a5 877001a5 
00008900: 880001a5 890001a5 881001a5 891001a5 
00008910: 8a0001a5 8b0001a5 8a1001a5 8b1001a5 
00008920: 882001a5 892001a5 883001a5 893001a5 
00008930: 8a2001a5 8b2001a5 8a3001a5 8b3001a5 
00008940: 8c0001a5 8d0001a5 8c1001a5 8d1001a5 
00008950: 8e0001a5 8f0001a5 8e1001a5 8f1001a5 
00008960: 8c2001a5 8d2001a5 8c3001a5 8d3001a5 
