# BODUMP reason=sigusr1 handle=0 gpu_va=0x10000080000 cpu=0x1023ec000 size=0xb4000 read=0xb4000
00000000: 00000000 00000000 01000000 00000000 
00000010: 00000000 01000000 01000000 01000000 
00000020: 02000000 00000000 03000000 00000000 
00000030: 02000000 01000000 03000000 01000000 
00000040: 00000000 02000000 01000000 02000000 
00000050: 00000000 03000000 01000000 03000000 
00000060: 02000000 02000000 03000000 02000000 
00000070: 02000000 03000000 03000000 03000000 
00000080: 04000000 00000000 05000000 00000000 
00000090: 04000000 01000000 05000000 01000000 
000000a0: 06000000 00000000 07000000 00000000 
000000b0: 06000000 01000000 07000000 01000000 
000000c0: 04000000 02000000 05000000 02000000 
000000d0: 04000000 03000000 05000000 03000000 
000000e0: 06000000 02000000 07000000 02000000 
000000f0: 06000000 03000000 07000000 03000000 
00000100: 00000000 04000000 01000000 04000000 
00000110: 00000000 05000000 01000000 05000000 
00000120: 02000000 04000000 03000000 04000000 
00000130: 02000000 05000000 03000000 05000000 
00000140: 00000000 06000000 01000000 06000000 
00000150: 00000000 07000000 01000000 07000000 
00000160: 02000000 06000000 03000000 06000000 
00000170: 02000000 07000000 03000000 07000000 
00000180: 04000000 04000000 05000000 04000000 
00000190: 04000000 05000000 05000000 05000000 
000001a0: 06000000 04000000 07000000 04000000 
000001b0: 06000000 05000000 07000000 05000000 
000001c0: 04000000 06000000 05000000 06000000 
000001d0: 04000000 07000000 05000000 07000000 
000001e0: 06000000 06000000 07000000 06000000 
000001f0: 06000000 07000000 07000000 07000000 
00000200: 08000000 00000000 09000000 00000000 
00000210: 08000000 01000000 09000000 01000000 
00000220: 0a000000 00000000 0b000000 00000000 
00000230: 0a000000 01000000 0b000000 01000000 
00000240: 08000000 02000000 09000000 02000000 
00000250: 08000000 03000000 09000000 03000000 
00000260: 0a000000 02000000 0b000000 02000000 
00000270: 0a000000 03000000 0b000000 03000000 
00000280: 0c000000 00000000 0d000000 00000000 
00000290: 0c000000 01000000 0d000000 01000000 
000002a0: 0e000000 00000000 0f000000 00000000 
000002b0: 0e000000 01000000 0f000000 01000000 
000002c0: 0c000000 02000000 0d000000 02000000 
000002d0: 0c000000 03000000 0d000000 03000000 
000002e0: 0e000000 02000000 0f000000 02000000 
000002f0: 0e000000 03000000 0f000000 03000000 
00000300: 08000000 04000000 09000000 04000000 
00000310: 08000000 05000000 09000000 05000000 
00000320: 0a000000 04000000 0b000000 04000000 
00000330: 0a000000 05000000 0b000000 05000000 
00000340: 08000000 06000000 09000000 06000000 
00000350: 08000000 07000000 09000000 07000000 
00000360: 0a000000 06000000 0b000000 06000000 
00000370: 0a000000 07000000 0b000000 07000000 
00000380: 0c000000 04000000 0d000000 04000000 
00000390: 0c000000 05000000 0d000000 05000000 
000003a0: 0e000000 04000000 0f000000 04000000 
000003b0: 0e000000 05000000 0f000000 05000000 
000003c0: 0c000000 06000000 0d000000 06000000 
000003d0: 0c000000 07000000 0d000000 07000000 
000003e0: 0e000000 06000000 0f000000 06000000 
000003f0: 0e000000 07000000 0f000000 07000000 
00000400: 00000000 08000000 01000000 08000000 
00000410: 00000000 09000000 01000000 09000000 
00000420: 02000000 08000000 03000000 08000000 
00000430: 02000000 09000000 03000000 09000000 
00000440: 00000000 0a000000 01000000 0a000000 
00000450: 00000000 0b000000 01000000 0b000000 
00000460: 02000000 0a000000 03000000 0a000000 
00000470: 02000000 0b000000 03000000 0b000000 
00000480: 04000000 08000000 05000000 08000000 
00000490: 04000000 09000000 05000000 09000000 
000004a0: 06000000 08000000 07000000 08000000 
000004b0: 06000000 09000000 07000000 09000000 
000004c0: 04000000 0a000000 05000000 0a000000 
000004d0: 04000000 0b000000 05000000 0b000000 
000004e0: 06000000 0a000000 07000000 0a000000 
000004f0: 06000000 0b000000 07000000 0b000000 
00000500: 00000000 0c000000 01000000 0c000000 
00000510: 00000000 0d000000 01000000 0d000000 
00000520: 02000000 0c000000 03000000 0c000000 
00000530: 02000000 0d000000 03000000 0d000000 
00000540: 00000000 0e000000 01000000 0e000000 
00000550: 00000000 0f000000 01000000 0f000000 
00000560: 02000000 0e000000 03000000 0e000000 
00000570: 02000000 0f000000 03000000 0f000000 
00000580: 04000000 0c000000 05000000 0c000000 
00000590: 04000000 0d000000 05000000 0d000000 
000005a0: 06000000 0c000000 07000000 0c000000 
000005b0: 06000000 0d000000 07000000 0d000000 
000005c0: 04000000 0e000000 05000000 0e000000 
000005d0: 04000000 0f000000 05000000 0f000000 
000005e0: 06000000 0e000000 07000000 0e000000 
000005f0: 06000000 0f000000 07000000 0f000000 
00000600: 08000000 08000000 09000000 08000000 
00000610: 08000000 09000000 09000000 09000000 
00000620: 0a000000 08000000 0b000000 08000000 
00000630: 0a000000 09000000 0b000000 09000000 
00000640: 08000000 0a000000 09000000 0a000000 
00000650: 08000000 0b000000 09000000 0b000000 
00000660: 0a000000 0a000000 0b000000 0a000000 
00000670: 0a000000 0b000000 0b000000 0b000000 
00000680: 0c000000 08000000 0d000000 08000000 
00000690: 0c000000 09000000 0d000000 09000000 
000006a0: 0e000000 08000000 0f000000 08000000 
000006b0: 0e000000 09000000 0f000000 09000000 
000006c0: 0c000000 0a000000 0d000000 0a000000 
000006d0: 0c000000 0b000000 0d000000 0b000000 
000006e0: 0e000000 0a000000 0f000000 0a000000 
000006f0: 0e000000 0b000000 0f000000 0b000000 
00000700: 08000000 0c000000 09000000 0c000000 
00000710: 08000000 0d000000 09000000 0d000000 
00000720: 0a000000 0c000000 0b000000 0c000000 
00000730: 0a000000 0d000000 0b000000 0d000000 
00000740: 08000000 0e000000 09000000 0e000000 
00000750: 08000000 0f000000 09000000 0f000000 
00000760: 0a000000 0e000000 0b000000 0e000000 
00000770: 0a000000 0f000000 0b000000 0f000000 
00000780: 0c000000 0c000000 0d000000 0c000000 
00000790: 0c000000 0d000000 0d000000 0d000000 
000007a0: 0e000000 0c000000 0f000000 0c000000 
000007b0: 0e000000 0d000000 0f000000 0d000000 
000007c0: 0c000000 0e000000 0d000000 0e000000 
000007d0: 0c000000 0f000000 0d000000 0f000000 
000007e0: 0e000000 0e000000 0f000000 0e000000 
000007f0: 0e000000 0f000000 0f000000 0f000000 
00000800: 10000000 00000000 11000000 00000000 
00000810: 10000000 01000000 11000000 01000000 
00000820: 12000000 00000000 13000000 00000000 
00000830: 12000000 01000000 13000000 01000000 
00000840: 10000000 02000000 11000000 02000000 
00000850: 10000000 03000000 11000000 03000000 
00000860: 12000000 02000000 13000000 02000000 
00000870: 12000000 03000000 13000000 03000000 
00000880: 14000000 00000000 15000000 00000000 
00000890: 14000000 01000000 15000000 01000000 
000008a0: 16000000 00000000 17000000 00000000 
000008b0: 16000000 01000000 17000000 01000000 
000008c0: 14000000 02000000 15000000 02000000 
000008d0: 14000000 03000000 15000000 03000000 
000008e0: 16000000 02000000 17000000 02000000 
000008f0: 16000000 03000000 17000000 03000000 
00000900: 10000000 04000000 11000000 04000000 
00000910: 10000000 05000000 11000000 05000000 
00000920: 12000000 04000000 13000000 04000000 
00000930: 12000000 05000000 13000000 05000000 
00000940: 10000000 06000000 11000000 06000000 
00000950: 10000000 07000000 11000000 07000000 
00000960: 12000000 06000000 13000000 06000000 
00000970: 12000000 07000000 13000000 07000000 
00000980: 14000000 04000000 15000000 04000000 
00000990: 14000000 05000000 15000000 05000000 
000009a0: 16000000 04000000 17000000 04000000 
000009b0: 16000000 05000000 17000000 05000000 
000009c0: 14000000 06000000 15000000 06000000 
000009d0: 14000000 07000000 15000000 07000000 
000009e0: 16000000 06000000 17000000 06000000 
000009f0: 16000000 07000000 17000000 07000000 
00000a00: 18000000 00000000 19000000 00000000 
00000a10: 18000000 01000000 19000000 01000000 
00000a20: 1a000000 00000000 1b000000 00000000 
00000a30: 1a000000 01000000 1b000000 01000000 
00000a40: 18000000 02000000 19000000 02000000 
00000a50: 18000000 03000000 19000000 03000000 
00000a60: 1a000000 02000000 1b000000 02000000 
00000a70: 1a000000 03000000 1b000000 03000000 
00000a80: 1c000000 00000000 1d000000 00000000 
00000a90: 1c000000 01000000 1d000000 01000000 
00000aa0: 1e000000 00000000 1f000000 00000000 
00000ab0: 1e000000 01000000 1f000000 01000000 
00000ac0: 1c000000 02000000 1d000000 02000000 
00000ad0: 1c000000 03000000 1d000000 03000000 
00000ae0: 1e000000 02000000 1f000000 02000000 
00000af0: 1e000000 03000000 1f000000 03000000 
00000b00: 18000000 04000000 19000000 04000000 
00000b10: 18000000 05000000 19000000 05000000 
00000b20: 1a000000 04000000 1b000000 04000000 
00000b30: 1a000000 05000000 1b000000 05000000 
00000b40: 18000000 06000000 19000000 06000000 
00000b50: 18000000 07000000 19000000 07000000 
00000b60: 1a000000 06000000 1b000000 06000000 
00000b70: 1a000000 07000000 1b000000 07000000 
00000b80: 1c000000 04000000 1d000000 04000000 
00000b90: 1c000000 05000000 1d000000 05000000 
00000ba0: 1e000000 04000000 1f000000 04000000 
00000bb0: 1e000000 05000000 1f000000 05000000 
00000bc0: 1c000000 06000000 1d000000 06000000 
00000bd0: 1c000000 07000000 1d000000 07000000 
00000be0: 1e000000 06000000 1f000000 06000000 
00000bf0: 1e000000 07000000 1f000000 07000000 
00000c00: 10000000 08000000 11000000 08000000 
00000c10: 10000000 09000000 11000000 09000000 
00000c20: 12000000 08000000 13000000 08000000 
00000c30: 12000000 09000000 13000000 09000000 
00000c40: 10000000 0a000000 11000000 0a000000 
00000c50: 10000000 0b000000 11000000 0b000000 
00000c60: 12000000 0a000000 13000000 0a000000 
00000c70: 12000000 0b000000 13000000 0b000000 
00000c80: 14000000 08000000 15000000 08000000 
00000c90: 14000000 09000000 15000000 09000000 
00000ca0: 16000000 08000000 17000000 08000000 
00000cb0: 16000000 09000000 17000000 09000000 
00000cc0: 14000000 0a000000 15000000 0a000000 
00000cd0: 14000000 0b000000 15000000 0b000000 
00000ce0: 16000000 0a000000 17000000 0a000000 
00000cf0: 16000000 0b000000 17000000 0b000000 
00000d00: 10000000 0c000000 11000000 0c000000 
00000d10: 10000000 0d000000 11000000 0d000000 
00000d20: 12000000 0c000000 13000000 0c000000 
00000d30: 12000000 0d000000 13000000 0d000000 
00000d40: 10000000 0e000000 11000000 0e000000 
00000d50: 10000000 0f000000 11000000 0f000000 
00000d60: 12000000 0e000000 13000000 0e000000 
00000d70: 12000000 0f000000 13000000 0f000000 
00000d80: 14000000 0c000000 15000000 0c000000 
00000d90: 14000000 0d000000 15000000 0d000000 
00000da0: 16000000 0c000000 17000000 0c000000 
00000db0: 16000000 0d000000 17000000 0d000000 
00000dc0: 14000000 0e000000 15000000 0e000000 
00000dd0: 14000000 0f000000 15000000 0f000000 
00000de0: 16000000 0e000000 17000000 0e000000 
00000df0: 16000000 0f000000 17000000 0f000000 
00000e00: 18000000 08000000 19000000 08000000 
00000e10: 18000000 09000000 19000000 09000000 
00000e20: 1a000000 08000000 1b000000 08000000 
00000e30: 1a000000 09000000 1b000000 09000000 
00000e40: 18000000 0a000000 19000000 0a000000 
00000e50: 18000000 0b000000 19000000 0b000000 
00000e60: 1a000000 0a000000 1b000000 0a000000 
00000e70: 1a000000 0b000000 1b000000 0b000000 
00000e80: 1c000000 08000000 1d000000 08000000 
00000e90: 1c000000 09000000 1d000000 09000000 
00000ea0: 1e000000 08000000 1f000000 08000000 
00000eb0: 1e000000 09000000 1f000000 09000000 
00000ec0: 1c000000 0a000000 1d000000 0a000000 
00000ed0: 1c000000 0b000000 1d000000 0b000000 
00000ee0: 1e000000 0a000000 1f000000 0a000000 
00000ef0: 1e000000 0b000000 1f000000 0b000000 
00000f00: 18000000 0c000000 19000000 0c000000 
00000f10: 18000000 0d000000 19000000 0d000000 
00000f20: 1a000000 0c000000 1b000000 0c000000 
00000f30: 1a000000 0d000000 1b000000 0d000000 
00000f40: 18000000 0e000000 19000000 0e000000 
00000f50: 18000000 0f000000 19000000 0f000000 
00000f60: 1a000000 0e000000 1b000000 0e000000 
00000f70: 1a000000 0f000000 1b000000 0f000000 
00000f80: 1c000000 0c000000 1d000000 0c000000 
00000f90: 1c000000 0d000000 1d000000 0d000000 
00000fa0: 1e000000 0c000000 1f000000 0c000000 
00000fb0: 1e000000 0d000000 1f000000 0d000000 
00000fc0: 1c000000 0e000000 1d000000 0e000000 
00000fd0: 1c000000 0f000000 1d000000 0f000000 
00000fe0: 1e000000 0e000000 1f000000 0e000000 
00000ff0: 1e000000 0f000000 1f000000 0f000000 
00001000: 00000000 10000000 01000000 10000000 
00001010: 00000000 11000000 01000000 11000000 
00001020: 02000000 10000000 03000000 10000000 
00001030: 02000000 11000000 03000000 11000000 
00001040: 00000000 12000000 01000000 12000000 
00001050: 00000000 13000000 01000000 13000000 
00001060: 02000000 12000000 03000000 12000000 
00001070: 02000000 13000000 03000000 13000000 
00001080: 04000000 10000000 05000000 10000000 
00001090: 04000000 11000000 05000000 11000000 
000010a0: 06000000 10000000 07000000 10000000 
000010b0: 06000000 11000000 07000000 11000000 
000010c0: 04000000 12000000 05000000 12000000 
000010d0: 04000000 13000000 05000000 13000000 
000010e0: 06000000 12000000 07000000 12000000 
000010f0: 06000000 13000000 07000000 13000000 
00001100: 00000000 14000000 01000000 14000000 
00001110: 00000000 15000000 01000000 15000000 
00001120: 02000000 14000000 03000000 14000000 
00001130: 02000000 15000000 03000000 15000000 
00001140: 00000000 16000000 01000000 16000000 
00001150: 00000000 17000000 01000000 17000000 
00001160: 02000000 16000000 03000000 16000000 
00001170: 02000000 17000000 03000000 17000000 
00001180: 04000000 14000000 05000000 14000000 
00001190: 04000000 15000000 05000000 15000000 
000011a0: 06000000 14000000 07000000 14000000 
000011b0: 06000000 15000000 07000000 15000000 
000011c0: 04000000 16000000 05000000 16000000 
000011d0: 04000000 17000000 05000000 17000000 
000011e0: 06000000 16000000 07000000 16000000 
000011f0: 06000000 17000000 07000000 17000000 
00001200: 08000000 10000000 09000000 10000000 
00001210: 08000000 11000000 09000000 11000000 
00001220: 0a000000 10000000 0b000000 10000000 
00001230: 0a000000 11000000 0b000000 11000000 
00001240: 08000000 12000000 09000000 12000000 
00001250: 08000000 13000000 09000000 13000000 
00001260: 0a000000 12000000 0b000000 12000000 
00001270: 0a000000 13000000 0b000000 13000000 
00001280: 0c000000 10000000 0d000000 10000000 
00001290: 0c000000 11000000 0d000000 11000000 
000012a0: 0e000000 10000000 0f000000 10000000 
000012b0: 0e000000 11000000 0f000000 11000000 
000012c0: 0c000000 12000000 0d000000 12000000 
000012d0: 0c000000 13000000 0d000000 13000000 
000012e0: 0e000000 12000000 0f000000 12000000 
000012f0: 0e000000 13000000 0f000000 13000000 
00001300: 08000000 14000000 09000000 14000000 
00001310: 08000000 15000000 09000000 15000000 
00001320: 0a000000 14000000 0b000000 14000000 
00001330: 0a000000 15000000 0b000000 15000000 
00001340: 08000000 16000000 09000000 16000000 
00001350: 08000000 17000000 09000000 17000000 
00001360: 0a000000 16000000 0b000000 16000000 
00001370: 0a000000 17000000 0b000000 17000000 
00001380: 0c000000 14000000 0d000000 14000000 
00001390: 0c000000 15000000 0d000000 15000000 
000013a0: 0e000000 14000000 0f000000 14000000 
000013b0: 0e000000 15000000 0f000000 15000000 
000013c0: 0c000000 16000000 0d000000 16000000 
000013d0: 0c000000 17000000 0d000000 17000000 
000013e0: 0e000000 16000000 0f000000 16000000 
000013f0: 0e000000 17000000 0f000000 17000000 
00001400: 00000000 18000000 01000000 18000000 
00001410: 00000000 19000000 01000000 19000000 
00001420: 02000000 18000000 03000000 18000000 
00001430: 02000000 19000000 03000000 19000000 
00001440: 00000000 1a000000 01000000 1a000000 
00001450: 00000000 1b000000 01000000 1b000000 
00001460: 02000000 1a000000 03000000 1a000000 
00001470: 02000000 1b000000 03000000 1b000000 
00001480: 04000000 18000000 05000000 18000000 
00001490: 04000000 19000000 05000000 19000000 
000014a0: 06000000 18000000 07000000 18000000 
000014b0: 06000000 19000000 07000000 19000000 
000014c0: 04000000 1a000000 05000000 1a000000 
000014d0: 04000000 1b000000 05000000 1b000000 
000014e0: 06000000 1a000000 07000000 1a000000 
000014f0: 06000000 1b000000 07000000 1b000000 
00001500: 00000000 1c000000 01000000 1c000000 
00001510: 00000000 1d000000 01000000 1d000000 
00001520: 02000000 1c000000 03000000 1c000000 
00001530: 02000000 1d000000 03000000 1d000000 
00001540: 00000000 1e000000 01000000 1e000000 
00001550: 00000000 1f000000 01000000 1f000000 
00001560: 02000000 1e000000 03000000 1e000000 
00001570: 02000000 1f000000 03000000 1f000000 
00001580: 04000000 1c000000 05000000 1c000000 
00001590: 04000000 1d000000 05000000 1d000000 
000015a0: 06000000 1c000000 07000000 1c000000 
000015b0: 06000000 1d000000 07000000 1d000000 
000015c0: 04000000 1e000000 05000000 1e000000 
000015d0: 04000000 1f000000 05000000 1f000000 
000015e0: 06000000 1e000000 07000000 1e000000 
000015f0: 06000000 1f000000 07000000 1f000000 
00001600: 08000000 18000000 09000000 18000000 
00001610: 08000000 19000000 09000000 19000000 
00001620: 0a000000 18000000 0b000000 18000000 
00001630: 0a000000 19000000 0b000000 19000000 
00001640: 08000000 1a000000 09000000 1a000000 
00001650: 08000000 1b000000 09000000 1b000000 
00001660: 0a000000 1a000000 0b000000 1a000000 
00001670: 0a000000 1b000000 0b000000 1b000000 
00001680: 0c000000 18000000 0d000000 18000000 
00001690: 0c000000 19000000 0d000000 19000000 
000016a0: 0e000000 18000000 0f000000 18000000 
000016b0: 0e000000 19000000 0f000000 19000000 
000016c0: 0c000000 1a000000 0d000000 1a000000 
000016d0: 0c000000 1b000000 0d000000 1b000000 
000016e0: 0e000000 1a000000 0f000000 1a000000 
000016f0: 0e000000 1b000000 0f000000 1b000000 
00001700: 08000000 1c000000 09000000 1c000000 
00001710: 08000000 1d000000 09000000 1d000000 
00001720: 0a000000 1c000000 0b000000 1c000000 
00001730: 0a000000 1d000000 0b000000 1d000000 
00001740: 08000000 1e000000 09000000 1e000000 
00001750: 08000000 1f000000 09000000 1f000000 
00001760: 0a000000 1e000000 0b000000 1e000000 
00001770: 0a000000 1f000000 0b000000 1f000000 
00001780: 0c000000 1c000000 0d000000 1c000000 
00001790: 0c000000 1d000000 0d000000 1d000000 
000017a0: 0e000000 1c000000 0f000000 1c000000 
000017b0: 0e000000 1d000000 0f000000 1d000000 
000017c0: 0c000000 1e000000 0d000000 1e000000 
000017d0: 0c000000 1f000000 0d000000 1f000000 
000017e0: 0e000000 1e000000 0f000000 1e000000 
000017f0: 0e000000 1f000000 0f000000 1f000000 
00001800: 10000000 10000000 11000000 10000000 
00001810: 10000000 11000000 11000000 11000000 
00001820: 12000000 10000000 13000000 10000000 
00001830: 12000000 11000000 13000000 11000000 
00001840: 10000000 12000000 11000000 12000000 
00001850: 10000000 13000000 11000000 13000000 
00001860: 12000000 12000000 13000000 12000000 
00001870: 12000000 13000000 13000000 13000000 
00001880: 14000000 10000000 15000000 10000000 
00001890: 14000000 11000000 15000000 11000000 
000018a0: 16000000 10000000 17000000 10000000 
000018b0: 16000000 11000000 17000000 11000000 
000018c0: 14000000 12000000 15000000 12000000 
000018d0: 14000000 13000000 15000000 13000000 
000018e0: 16000000 12000000 17000000 12000000 
000018f0: 16000000 13000000 17000000 13000000 
00001900: 10000000 14000000 11000000 14000000 
00001910: 10000000 15000000 11000000 15000000 
00001920: 12000000 14000000 13000000 14000000 
00001930: 12000000 15000000 13000000 15000000 
00001940: 10000000 16000000 11000000 16000000 
00001950: 10000000 17000000 11000000 17000000 
00001960: 12000000 16000000 13000000 16000000 
00001970: 12000000 17000000 13000000 17000000 
00001980: 14000000 14000000 15000000 14000000 
00001990: 14000000 15000000 15000000 15000000 
000019a0: 16000000 14000000 17000000 14000000 
000019b0: 16000000 15000000 17000000 15000000 
000019c0: 14000000 16000000 15000000 16000000 
000019d0: 14000000 17000000 15000000 17000000 
000019e0: 16000000 16000000 17000000 16000000 
000019f0: 16000000 17000000 17000000 17000000 
00001a00: 18000000 10000000 19000000 10000000 
00001a10: 18000000 11000000 19000000 11000000 
00001a20: 1a000000 10000000 1b000000 10000000 
00001a30: 1a000000 11000000 1b000000 11000000 
00001a40: 18000000 12000000 19000000 12000000 
00001a50: 18000000 13000000 19000000 13000000 
00001a60: 1a000000 12000000 1b000000 12000000 
00001a70: 1a000000 13000000 1b000000 13000000 
00001a80: 1c000000 10000000 1d000000 10000000 
00001a90: 1c000000 11000000 1d000000 11000000 
00001aa0: 1e000000 10000000 1f000000 10000000 
00001ab0: 1e000000 11000000 1f000000 11000000 
00001ac0: 1c000000 12000000 1d000000 12000000 
00001ad0: 1c000000 13000000 1d000000 13000000 
00001ae0: 1e000000 12000000 1f000000 12000000 
00001af0: 1e000000 13000000 1f000000 13000000 
00001b00: 18000000 14000000 19000000 14000000 
00001b10: 18000000 15000000 19000000 15000000 
00001b20: 1a000000 14000000 1b000000 14000000 
00001b30: 1a000000 15000000 1b000000 15000000 
00001b40: 18000000 16000000 19000000 16000000 
00001b50: 18000000 17000000 19000000 17000000 
00001b60: 1a000000 16000000 1b000000 16000000 
00001b70: 1a000000 17000000 1b000000 17000000 
00001b80: 1c000000 14000000 1d000000 14000000 
00001b90: 1c000000 15000000 1d000000 15000000 
00001ba0: 1e000000 14000000 1f000000 14000000 
00001bb0: 1e000000 15000000 1f000000 15000000 
00001bc0: 1c000000 16000000 1d000000 16000000 
00001bd0: 1c000000 17000000 1d000000 17000000 
00001be0: 1e000000 16000000 1f000000 16000000 
00001bf0: 1e000000 17000000 1f000000 17000000 
00001c00: 10000000 18000000 11000000 18000000 
00001c10: 10000000 19000000 11000000 19000000 
00001c20: 12000000 18000000 13000000 18000000 
00001c30: 12000000 19000000 13000000 19000000 
00001c40: 10000000 1a000000 11000000 1a000000 
00001c50: 10000000 1b000000 11000000 1b000000 
00001c60: 12000000 1a000000 13000000 1a000000 
00001c70: 12000000 1b000000 13000000 1b000000 
00001c80: 14000000 18000000 15000000 18000000 
00001c90: 14000000 19000000 15000000 19000000 
00001ca0: 16000000 18000000 17000000 18000000 
00001cb0: 16000000 19000000 17000000 19000000 
00001cc0: 14000000 1a000000 15000000 1a000000 
00001cd0: 14000000 1b000000 15000000 1b000000 
00001ce0: 16000000 1a000000 17000000 1a000000 
00001cf0: 16000000 1b000000 17000000 1b000000 
00001d00: 10000000 1c000000 11000000 1c000000 
00001d10: 10000000 1d000000 11000000 1d000000 
00001d20: 12000000 1c000000 13000000 1c000000 
00001d30: 12000000 1d000000 13000000 1d000000 
00001d40: 10000000 1e000000 11000000 1e000000 
00001d50: 10000000 1f000000 11000000 1f000000 
00001d60: 12000000 1e000000 13000000 1e000000 
00001d70: 12000000 1f000000 13000000 1f000000 
00001d80: 14000000 1c000000 15000000 1c000000 
00001d90: 14000000 1d000000 15000000 1d000000 
00001da0: 16000000 1c000000 17000000 1c000000 
00001db0: 16000000 1d000000 17000000 1d000000 
00001dc0: 14000000 1e000000 15000000 1e000000 
00001dd0: 14000000 1f000000 15000000 1f000000 
00001de0: 16000000 1e000000 17000000 1e000000 
00001df0: 16000000 1f000000 17000000 1f000000 
00001e00: 18000000 18000000 19000000 18000000 
00001e10: 18000000 19000000 19000000 19000000 
00001e20: 1a000000 18000000 1b000000 18000000 
00001e30: 1a000000 19000000 1b000000 19000000 
00001e40: 18000000 1a000000 19000000 1a000000 
00001e50: 18000000 1b000000 19000000 1b000000 
00001e60: 1a000000 1a000000 1b000000 1a000000 
00001e70: 1a000000 1b000000 1b000000 1b000000 
00001e80: 1c000000 18000000 1d000000 18000000 
00001e90: 1c000000 19000000 1d000000 19000000 
00001ea0: 1e000000 18000000 1f000000 18000000 
00001eb0: 1e000000 19000000 1f000000 19000000 
00001ec0: 1c000000 1a000000 1d000000 1a000000 
00001ed0: 1c000000 1b000000 1d000000 1b000000 
00001ee0: 1e000000 1a000000 1f000000 1a000000 
00001ef0: 1e000000 1b000000 1f000000 1b000000 
00001f00: 18000000 1c000000 19000000 1c000000 
00001f10: 18000000 1d000000 19000000 1d000000 
00001f20: 1a000000 1c000000 1b000000 1c000000 
00001f30: 1a000000 1d000000 1b000000 1d000000 
00001f40: 18000000 1e000000 19000000 1e000000 
00001f50: 18000000 1f000000 19000000 1f000000 
00001f60: 1a000000 1e000000 1b000000 1e000000 
00001f70: 1a000000 1f000000 1b000000 1f000000 
00001f80: 1c000000 1c000000 1d000000 1c000000 
00001f90: 1c000000 1d000000 1d000000 1d000000 
00001fa0: 1e000000 1c000000 1f000000 1c000000 
00001fb0: 1e000000 1d000000 1f000000 1d000000 
00001fc0: 1c000000 1e000000 1d000000 1e000000 
00001fd0: 1c000000 1f000000 1d000000 1f000000 
00001fe0: 1e000000 1e000000 1f000000 1e000000 
00001ff0: 1e000000 1f000000 1f000000 1f000000 
00002000: 20000000 00000000 21000000 00000000 
00002010: 20000000 01000000 21000000 01000000 
00002020: 22000000 00000000 23000000 00000000 
00002030: 22000000 01000000 23000000 01000000 
00002040: 20000000 02000000 21000000 02000000 
00002050: 20000000 03000000 21000000 03000000 
00002060: 22000000 02000000 23000000 02000000 
00002070: 22000000 03000000 23000000 03000000 
00002080: 24000000 00000000 25000000 00000000 
00002090: 24000000 01000000 25000000 01000000 
000020a0: 26000000 00000000 27000000 00000000 
000020b0: 26000000 01000000 27000000 01000000 
000020c0: 24000000 02000000 25000000 02000000 
000020d0: 24000000 03000000 25000000 03000000 
000020e0: 26000000 02000000 27000000 02000000 
000020f0: 26000000 03000000 27000000 03000000 
00002100: 20000000 04000000 21000000 04000000 
00002110: 20000000 05000000 21000000 05000000 
00002120: 22000000 04000000 23000000 04000000 
00002130: 22000000 05000000 23000000 05000000 
00002140: 20000000 06000000 21000000 06000000 
00002150: 20000000 07000000 21000000 07000000 
00002160: 22000000 06000000 23000000 06000000 
00002170: 22000000 07000000 23000000 07000000 
00002180: 24000000 04000000 25000000 04000000 
00002190: 24000000 05000000 25000000 05000000 
000021a0: 26000000 04000000 27000000 04000000 
000021b0: 26000000 05000000 27000000 05000000 
000021c0: 24000000 06000000 25000000 06000000 
000021d0: 24000000 07000000 25000000 07000000 
000021e0: 26000000 06000000 27000000 06000000 
000021f0: 26000000 07000000 27000000 07000000 
00002200: 28000000 00000000 29000000 00000000 
00002210: 28000000 01000000 29000000 01000000 
00002220: 2a000000 00000000 2b000000 00000000 
00002230: 2a000000 01000000 2b000000 01000000 
00002240: 28000000 02000000 29000000 02000000 
00002250: 28000000 03000000 29000000 03000000 
00002260: 2a000000 02000000 2b000000 02000000 
00002270: 2a000000 03000000 2b000000 03000000 
00002280: 2c000000 00000000 2d000000 00000000 
00002290: 2c000000 01000000 2d000000 01000000 
000022a0: 2e000000 00000000 2f000000 00000000 
000022b0: 2e000000 01000000 2f000000 01000000 
000022c0: 2c000000 02000000 2d000000 02000000 
000022d0: 2c000000 03000000 2d000000 03000000 
000022e0: 2e000000 02000000 2f000000 02000000 
000022f0: 2e000000 03000000 2f000000 03000000 
00002300: 28000000 04000000 29000000 04000000 
00002310: 28000000 05000000 29000000 05000000 
00002320: 2a000000 04000000 2b000000 04000000 
00002330: 2a000000 05000000 2b000000 05000000 
00002340: 28000000 06000000 29000000 06000000 
00002350: 28000000 07000000 29000000 07000000 
00002360: 2a000000 06000000 2b000000 06000000 
00002370: 2a000000 07000000 2b000000 07000000 
00002380: 2c000000 04000000 2d000000 04000000 
00002390: 2c000000 05000000 2d000000 05000000 
000023a0: 2e000000 04000000 2f000000 04000000 
000023b0: 2e000000 05000000 2f000000 05000000 
000023c0: 2c000000 06000000 2d000000 06000000 
000023d0: 2c000000 07000000 2d000000 07000000 
000023e0: 2e000000 06000000 2f000000 06000000 
000023f0: 2e000000 07000000 2f000000 07000000 
00002400: 20000000 08000000 21000000 08000000 
00002410: 20000000 09000000 21000000 09000000 
00002420: 22000000 08000000 23000000 08000000 
00002430: 22000000 09000000 23000000 09000000 
00002440: 20000000 0a000000 21000000 0a000000 
00002450: 20000000 0b000000 21000000 0b000000 
00002460: 22000000 0a000000 23000000 0a000000 
00002470: 22000000 0b000000 23000000 0b000000 
00002480: 24000000 08000000 25000000 08000000 
00002490: 24000000 09000000 25000000 09000000 
000024a0: 26000000 08000000 27000000 08000000 
000024b0: 26000000 09000000 27000000 09000000 
000024c0: 24000000 0a000000 25000000 0a000000 
000024d0: 24000000 0b000000 25000000 0b000000 
000024e0: 26000000 0a000000 27000000 0a000000 
000024f0: 26000000 0b000000 27000000 0b000000 
00002500: 20000000 0c000000 21000000 0c000000 
00002510: 20000000 0d000000 21000000 0d000000 
00002520: 22000000 0c000000 23000000 0c000000 
00002530: 22000000 0d000000 23000000 0d000000 
00002540: 20000000 0e000000 21000000 0e000000 
00002550: 20000000 0f000000 21000000 0f000000 
00002560: 22000000 0e000000 23000000 0e000000 
00002570: 22000000 0f000000 23000000 0f000000 
00002580: 24000000 0c000000 25000000 0c000000 
00002590: 24000000 0d000000 25000000 0d000000 
000025a0: 26000000 0c000000 27000000 0c000000 
000025b0: 26000000 0d000000 27000000 0d000000 
000025c0: 24000000 0e000000 25000000 0e000000 
000025d0: 24000000 0f000000 25000000 0f000000 
000025e0: 26000000 0e000000 27000000 0e000000 
000025f0: 26000000 0f000000 27000000 0f000000 
00002600: 28000000 08000000 29000000 08000000 
00002610: 28000000 09000000 29000000 09000000 
00002620: 2a000000 08000000 2b000000 08000000 
00002630: 2a000000 09000000 2b000000 09000000 
00002640: 28000000 0a000000 29000000 0a000000 
00002650: 28000000 0b000000 29000000 0b000000 
00002660: 2a000000 0a000000 2b000000 0a000000 
00002670: 2a000000 0b000000 2b000000 0b000000 
00002680: 2c000000 08000000 2d000000 08000000 
00002690: 2c000000 09000000 2d000000 09000000 
000026a0: 2e000000 08000000 2f000000 08000000 
000026b0: 2e000000 09000000 2f000000 09000000 
000026c0: 2c000000 0a000000 2d000000 0a000000 
000026d0: 2c000000 0b000000 2d000000 0b000000 
000026e0: 2e000000 0a000000 2f000000 0a000000 
000026f0: 2e000000 0b000000 2f000000 0b000000 
00002700: 28000000 0c000000 29000000 0c000000 
00002710: 28000000 0d000000 29000000 0d000000 
00002720: 2a000000 0c000000 2b000000 0c000000 
00002730: 2a000000 0d000000 2b000000 0d000000 
00002740: 28000000 0e000000 29000000 0e000000 
00002750: 28000000 0f000000 29000000 0f000000 
00002760: 2a000000 0e000000 2b000000 0e000000 
00002770: 2a000000 0f000000 2b000000 0f000000 
00002780: 2c000000 0c000000 2d000000 0c000000 
00002790: 2c000000 0d000000 2d000000 0d000000 
000027a0: 2e000000 0c000000 2f000000 0c000000 
000027b0: 2e000000 0d000000 2f000000 0d000000 
000027c0: 2c000000 0e000000 2d000000 0e000000 
000027d0: 2c000000 0f000000 2d000000 0f000000 
000027e0: 2e000000 0e000000 2f000000 0e000000 
000027f0: 2e000000 0f000000 2f000000 0f000000 
00002800: 30000000 00000000 31000000 00000000 
00002810: 30000000 01000000 31000000 01000000 
00002820: 32000000 00000000 33000000 00000000 
00002830: 32000000 01000000 33000000 01000000 
00002840: 30000000 02000000 31000000 02000000 
00002850: 30000000 03000000 31000000 03000000 
00002860: 32000000 02000000 33000000 02000000 
00002870: 32000000 03000000 33000000 03000000 
00002880: 34000000 00000000 35000000 00000000 
00002890: 34000000 01000000 35000000 01000000 
000028a0: 36000000 00000000 37000000 00000000 
000028b0: 36000000 01000000 37000000 01000000 
000028c0: 34000000 02000000 35000000 02000000 
000028d0: 34000000 03000000 35000000 03000000 
000028e0: 36000000 02000000 37000000 02000000 
000028f0: 36000000 03000000 37000000 03000000 
00002900: 30000000 04000000 31000000 04000000 
00002910: 30000000 05000000 31000000 05000000 
00002920: 32000000 04000000 33000000 04000000 
00002930: 32000000 05000000 33000000 05000000 
00002940: 30000000 06000000 31000000 06000000 
00002950: 30000000 07000000 31000000 07000000 
00002960: 32000000 06000000 33000000 06000000 
00002970: 32000000 07000000 33000000 07000000 
00002980: 34000000 04000000 35000000 04000000 
00002990: 34000000 05000000 35000000 05000000 
000029a0: 36000000 04000000 37000000 04000000 
000029b0: 36000000 05000000 37000000 05000000 
000029c0: 34000000 06000000 35000000 06000000 
000029d0: 34000000 07000000 35000000 07000000 
000029e0: 36000000 06000000 37000000 06000000 
000029f0: 36000000 07000000 37000000 07000000 
00002a00: 38000000 00000000 39000000 00000000 
00002a10: 38000000 01000000 39000000 01000000 
00002a20: 3a000000 00000000 3b000000 00000000 
00002a30: 3a000000 01000000 3b000000 01000000 
00002a40: 38000000 02000000 39000000 02000000 
00002a50: 38000000 03000000 39000000 03000000 
00002a60: 3a000000 02000000 3b000000 02000000 
00002a70: 3a000000 03000000 3b000000 03000000 
00002a80: 3c000000 00000000 3d000000 00000000 
00002a90: 3c000000 01000000 3d000000 01000000 
00002aa0: 3e000000 00000000 3f000000 00000000 
00002ab0: 3e000000 01000000 3f000000 01000000 
00002ac0: 3c000000 02000000 3d000000 02000000 
00002ad0: 3c000000 03000000 3d000000 03000000 
00002ae0: 3e000000 02000000 3f000000 02000000 
00002af0: 3e000000 03000000 3f000000 03000000 
00002b00: 38000000 04000000 39000000 04000000 
00002b10: 38000000 05000000 39000000 05000000 
00002b20: 3a000000 04000000 3b000000 04000000 
00002b30: 3a000000 05000000 3b000000 05000000 
00002b40: 38000000 06000000 39000000 06000000 
00002b50: 38000000 07000000 39000000 07000000 
00002b60: 3a000000 06000000 3b000000 06000000 
00002b70: 3a000000 07000000 3b000000 07000000 
00002b80: 3c000000 04000000 3d000000 04000000 
00002b90: 3c000000 05000000 3d000000 05000000 
00002ba0: 3e000000 04000000 3f000000 04000000 
00002bb0: 3e000000 05000000 3f000000 05000000 
00002bc0: 3c000000 06000000 3d000000 06000000 
00002bd0: 3c000000 07000000 3d000000 07000000 
00002be0: 3e000000 06000000 3f000000 06000000 
00002bf0: 3e000000 07000000 3f000000 07000000 
00002c00: 30000000 08000000 31000000 08000000 
00002c10: 30000000 09000000 31000000 09000000 
00002c20: 32000000 08000000 33000000 08000000 
00002c30: 32000000 09000000 33000000 09000000 
00002c40: 30000000 0a000000 31000000 0a000000 
00002c50: 30000000 0b000000 31000000 0b000000 
00002c60: 32000000 0a000000 33000000 0a000000 
00002c70: 32000000 0b000000 33000000 0b000000 
00002c80: 34000000 08000000 35000000 08000000 
00002c90: 34000000 09000000 35000000 09000000 
00002ca0: 36000000 08000000 37000000 08000000 
00002cb0: 36000000 09000000 37000000 09000000 
00002cc0: 34000000 0a000000 35000000 0a000000 
00002cd0: 34000000 0b000000 35000000 0b000000 
00002ce0: 36000000 0a000000 37000000 0a000000 
00002cf0: 36000000 0b000000 37000000 0b000000 
00002d00: 30000000 0c000000 31000000 0c000000 
00002d10: 30000000 0d000000 31000000 0d000000 
00002d20: 32000000 0c000000 33000000 0c000000 
00002d30: 32000000 0d000000 33000000 0d000000 
00002d40: 30000000 0e000000 31000000 0e000000 
00002d50: 30000000 0f000000 31000000 0f000000 
00002d60: 32000000 0e000000 33000000 0e000000 
00002d70: 32000000 0f000000 33000000 0f000000 
00002d80: 34000000 0c000000 35000000 0c000000 
00002d90: 34000000 0d000000 35000000 0d000000 
00002da0: 36000000 0c000000 37000000 0c000000 
00002db0: 36000000 0d000000 37000000 0d000000 
00002dc0: 34000000 0e000000 35000000 0e000000 
00002dd0: 34000000 0f000000 35000000 0f000000 
00002de0: 36000000 0e000000 37000000 0e000000 
00002df0: 36000000 0f000000 37000000 0f000000 
00002e00: 38000000 08000000 39000000 08000000 
00002e10: 38000000 09000000 39000000 09000000 
00002e20: 3a000000 08000000 3b000000 08000000 
00002e30: 3a000000 09000000 3b000000 09000000 
00002e40: 38000000 0a000000 39000000 0a000000 
00002e50: 38000000 0b000000 39000000 0b000000 
00002e60: 3a000000 0a000000 3b000000 0a000000 
00002e70: 3a000000 0b000000 3b000000 0b000000 
00002e80: 3c000000 08000000 3d000000 08000000 
00002e90: 3c000000 09000000 3d000000 09000000 
00002ea0: 3e000000 08000000 3f000000 08000000 
00002eb0: 3e000000 09000000 3f000000 09000000 
00002ec0: 3c000000 0a000000 3d000000 0a000000 
00002ed0: 3c000000 0b000000 3d000000 0b000000 
00002ee0: 3e000000 0a000000 3f000000 0a000000 
00002ef0: 3e000000 0b000000 3f000000 0b000000 
00002f00: 38000000 0c000000 39000000 0c000000 
00002f10: 38000000 0d000000 39000000 0d000000 
00002f20: 3a000000 0c000000 3b000000 0c000000 
00002f30: 3a000000 0d000000 3b000000 0d000000 
00002f40: 38000000 0e000000 39000000 0e000000 
00002f50: 38000000 0f000000 39000000 0f000000 
00002f60: 3a000000 0e000000 3b000000 0e000000 
00002f70: 3a000000 0f000000 3b000000 0f000000 
00002f80: 3c000000 0c000000 3d000000 0c000000 
00002f90: 3c000000 0d000000 3d000000 0d000000 
00002fa0: 3e000000 0c000000 3f000000 0c000000 
00002fb0: 3e000000 0d000000 3f000000 0d000000 
00002fc0: 3c000000 0e000000 3d000000 0e000000 
00002fd0: 3c000000 0f000000 3d000000 0f000000 
00002fe0: 3e000000 0e000000 3f000000 0e000000 
00002ff0: 3e000000 0f000000 3f000000 0f000000 
00003000: 20000000 10000000 21000000 10000000 
00003010: 20000000 11000000 21000000 11000000 
00003020: 22000000 10000000 23000000 10000000 
00003030: 22000000 11000000 23000000 11000000 
00003040: 20000000 12000000 21000000 12000000 
00003050: 20000000 13000000 21000000 13000000 
00003060: 22000000 12000000 23000000 12000000 
00003070: 22000000 13000000 23000000 13000000 
00003080: 24000000 10000000 25000000 10000000 
00003090: 24000000 11000000 25000000 11000000 
000030a0: 26000000 10000000 27000000 10000000 
000030b0: 26000000 11000000 27000000 11000000 
000030c0: 24000000 12000000 25000000 12000000 
000030d0: 24000000 13000000 25000000 13000000 
000030e0: 26000000 12000000 27000000 12000000 
000030f0: 26000000 13000000 27000000 13000000 
00003100: 20000000 14000000 21000000 14000000 
00003110: 20000000 15000000 21000000 15000000 
00003120: 22000000 14000000 23000000 14000000 
00003130: 22000000 15000000 23000000 15000000 
00003140: 20000000 16000000 21000000 16000000 
00003150: 20000000 17000000 21000000 17000000 
00003160: 22000000 16000000 23000000 16000000 
00003170: 22000000 17000000 23000000 17000000 
00003180: 24000000 14000000 25000000 14000000 
00003190: 24000000 15000000 25000000 15000000 
000031a0: 26000000 14000000 27000000 14000000 
000031b0: 26000000 15000000 27000000 15000000 
000031c0: 24000000 16000000 25000000 16000000 
000031d0: 24000000 17000000 25000000 17000000 
000031e0: 26000000 16000000 27000000 16000000 
000031f0: 26000000 17000000 27000000 17000000 
00003200: 28000000 10000000 29000000 10000000 
00003210: 28000000 11000000 29000000 11000000 
00003220: 2a000000 10000000 2b000000 10000000 
00003230: 2a000000 11000000 2b000000 11000000 
00003240: 28000000 12000000 29000000 12000000 
00003250: 28000000 13000000 29000000 13000000 
00003260: 2a000000 12000000 2b000000 12000000 
00003270: 2a000000 13000000 2b000000 13000000 
00003280: 2c000000 10000000 2d000000 10000000 
00003290: 2c000000 11000000 2d000000 11000000 
000032a0: 2e000000 10000000 2f000000 10000000 
000032b0: 2e000000 11000000 2f000000 11000000 
000032c0: 2c000000 12000000 2d000000 12000000 
000032d0: 2c000000 13000000 2d000000 13000000 
000032e0: 2e000000 12000000 2f000000 12000000 
000032f0: 2e000000 13000000 2f000000 13000000 
00003300: 28000000 14000000 29000000 14000000 
00003310: 28000000 15000000 29000000 15000000 
00003320: 2a000000 14000000 2b000000 14000000 
00003330: 2a000000 15000000 2b000000 15000000 
00003340: 28000000 16000000 29000000 16000000 
00003350: 28000000 17000000 29000000 17000000 
00003360: 2a000000 16000000 2b000000 16000000 
00003370: 2a000000 17000000 2b000000 17000000 
00003380: 2c000000 14000000 2d000000 14000000 
00003390: 2c000000 15000000 2d000000 15000000 
000033a0: 2e000000 14000000 2f000000 14000000 
000033b0: 2e000000 15000000 2f000000 15000000 
000033c0: 2c000000 16000000 2d000000 16000000 
000033d0: 2c000000 17000000 2d000000 17000000 
000033e0: 2e000000 16000000 2f000000 16000000 
000033f0: 2e000000 17000000 2f000000 17000000 
00003400: 20000000 18000000 21000000 18000000 
00003410: 20000000 19000000 21000000 19000000 
00003420: 22000000 18000000 23000000 18000000 
00003430: 22000000 19000000 23000000 19000000 
00003440: 20000000 1a000000 21000000 1a000000 
00003450: 20000000 1b000000 21000000 1b000000 
00003460: 22000000 1a000000 23000000 1a000000 
00003470: 22000000 1b000000 23000000 1b000000 
00003480: 24000000 18000000 25000000 18000000 
00003490: 24000000 19000000 25000000 19000000 
000034a0: 26000000 18000000 27000000 18000000 
000034b0: 26000000 19000000 27000000 19000000 
000034c0: 24000000 1a000000 25000000 1a000000 
000034d0: 24000000 1b000000 25000000 1b000000 
000034e0: 26000000 1a000000 27000000 1a000000 
000034f0: 26000000 1b000000 27000000 1b000000 
00003500: 20000000 1c000000 21000000 1c000000 
00003510: 20000000 1d000000 21000000 1d000000 
00003520: 22000000 1c000000 23000000 1c000000 
00003530: 22000000 1d000000 23000000 1d000000 
00003540: 20000000 1e000000 21000000 1e000000 
00003550: 20000000 1f000000 21000000 1f000000 
00003560: 22000000 1e000000 23000000 1e000000 
00003570: 22000000 1f000000 23000000 1f000000 
00003580: 24000000 1c000000 25000000 1c000000 
00003590: 24000000 1d000000 25000000 1d000000 
000035a0: 26000000 1c000000 27000000 1c000000 
000035b0: 26000000 1d000000 27000000 1d000000 
000035c0: 24000000 1e000000 25000000 1e000000 
000035d0: 24000000 1f000000 25000000 1f000000 
000035e0: 26000000 1e000000 27000000 1e000000 
000035f0: 26000000 1f000000 27000000 1f000000 
00003600: 28000000 18000000 29000000 18000000 
00003610: 28000000 19000000 29000000 19000000 
00003620: 2a000000 18000000 2b000000 18000000 
00003630: 2a000000 19000000 2b000000 19000000 
00003640: 28000000 1a000000 29000000 1a000000 
00003650: 28000000 1b000000 29000000 1b000000 
00003660: 2a000000 1a000000 2b000000 1a000000 
00003670: 2a000000 1b000000 2b000000 1b000000 
00003680: 2c000000 18000000 2d000000 18000000 
00003690: 2c000000 19000000 2d000000 19000000 
000036a0: 2e000000 18000000 2f000000 18000000 
000036b0: 2e000000 19000000 2f000000 19000000 
000036c0: 2c000000 1a000000 2d000000 1a000000 
000036d0: 2c000000 1b000000 2d000000 1b000000 
000036e0: 2e000000 1a000000 2f000000 1a000000 
000036f0: 2e000000 1b000000 2f000000 1b000000 
00003700: 28000000 1c000000 29000000 1c000000 
00003710: 28000000 1d000000 29000000 1d000000 
00003720: 2a000000 1c000000 2b000000 1c000000 
00003730: 2a000000 1d000000 2b000000 1d000000 
00003740: 28000000 1e000000 29000000 1e000000 
00003750: 28000000 1f000000 29000000 1f000000 
00003760: 2a000000 1e000000 2b000000 1e000000 
00003770: 2a000000 1f000000 2b000000 1f000000 
00003780: 2c000000 1c000000 2d000000 1c000000 
00003790: 2c000000 1d000000 2d000000 1d000000 
000037a0: 2e000000 1c000000 2f000000 1c000000 
000037b0: 2e000000 1d000000 2f000000 1d000000 
000037c0: 2c000000 1e000000 2d000000 1e000000 
000037d0: 2c000000 1f000000 2d000000 1f000000 
000037e0: 2e000000 1e000000 2f000000 1e000000 
000037f0: 2e000000 1f000000 2f000000 1f000000 
00003800: 30000000 10000000 31000000 10000000 
00003810: 30000000 11000000 31000000 11000000 
00003820: 32000000 10000000 33000000 10000000 
00003830: 32000000 11000000 33000000 11000000 
00003840: 30000000 12000000 31000000 12000000 
00003850: 30000000 13000000 31000000 13000000 
00003860: 32000000 12000000 33000000 12000000 
00003870: 32000000 13000000 33000000 13000000 
00003880: 34000000 10000000 35000000 10000000 
00003890: 34000000 11000000 35000000 11000000 
000038a0: 36000000 10000000 37000000 10000000 
000038b0: 36000000 11000000 37000000 11000000 
000038c0: 34000000 12000000 35000000 12000000 
000038d0: 34000000 13000000 35000000 13000000 
000038e0: 36000000 12000000 37000000 12000000 
000038f0: 36000000 13000000 37000000 13000000 
00003900: 30000000 14000000 31000000 14000000 
00003910: 30000000 15000000 31000000 15000000 
00003920: 32000000 14000000 33000000 14000000 
00003930: 32000000 15000000 33000000 15000000 
00003940: 30000000 16000000 31000000 16000000 
00003950: 30000000 17000000 31000000 17000000 
00003960: 32000000 16000000 33000000 16000000 
00003970: 32000000 17000000 33000000 17000000 
00003980: 34000000 14000000 35000000 14000000 
00003990: 34000000 15000000 35000000 15000000 
000039a0: 36000000 14000000 37000000 14000000 
000039b0: 36000000 15000000 37000000 15000000 
000039c0: 34000000 16000000 35000000 16000000 
000039d0: 34000000 17000000 35000000 17000000 
000039e0: 36000000 16000000 37000000 16000000 
000039f0: 36000000 17000000 37000000 17000000 
00003a00: 38000000 10000000 39000000 10000000 
00003a10: 38000000 11000000 39000000 11000000 
00003a20: 3a000000 10000000 3b000000 10000000 
00003a30: 3a000000 11000000 3b000000 11000000 
00003a40: 38000000 12000000 39000000 12000000 
00003a50: 38000000 13000000 39000000 13000000 
00003a60: 3a000000 12000000 3b000000 12000000 
00003a70: 3a000000 13000000 3b000000 13000000 
00003a80: 3c000000 10000000 3d000000 10000000 
00003a90: 3c000000 11000000 3d000000 11000000 
00003aa0: 3e000000 10000000 3f000000 10000000 
00003ab0: 3e000000 11000000 3f000000 11000000 
00003ac0: 3c000000 12000000 3d000000 12000000 
00003ad0: 3c000000 13000000 3d000000 13000000 
00003ae0: 3e000000 12000000 3f000000 12000000 
00003af0: 3e000000 13000000 3f000000 13000000 
00003b00: 38000000 14000000 39000000 14000000 
00003b10: 38000000 15000000 39000000 15000000 
00003b20: 3a000000 14000000 3b000000 14000000 
00003b30: 3a000000 15000000 3b000000 15000000 
00003b40: 38000000 16000000 39000000 16000000 
00003b50: 38000000 17000000 39000000 17000000 
00003b60: 3a000000 16000000 3b000000 16000000 
00003b70: 3a000000 17000000 3b000000 17000000 
00003b80: 3c000000 14000000 3d000000 14000000 
00003b90: 3c000000 15000000 3d000000 15000000 
00003ba0: 3e000000 14000000 3f000000 14000000 
00003bb0: 3e000000 15000000 3f000000 15000000 
00003bc0: 3c000000 16000000 3d000000 16000000 
00003bd0: 3c000000 17000000 3d000000 17000000 
00003be0: 3e000000 16000000 3f000000 16000000 
00003bf0: 3e000000 17000000 3f000000 17000000 
00003c00: 30000000 18000000 31000000 18000000 
00003c10: 30000000 19000000 31000000 19000000 
00003c20: 32000000 18000000 33000000 18000000 
00003c30: 32000000 19000000 33000000 19000000 
00003c40: 30000000 1a000000 31000000 1a000000 
00003c50: 30000000 1b000000 31000000 1b000000 
00003c60: 32000000 1a000000 33000000 1a000000 
00003c70: 32000000 1b000000 33000000 1b000000 
00003c80: 34000000 18000000 35000000 18000000 
00003c90: 34000000 19000000 35000000 19000000 
00003ca0: 36000000 18000000 37000000 18000000 
00003cb0: 36000000 19000000 37000000 19000000 
00003cc0: 34000000 1a000000 35000000 1a000000 
00003cd0: 34000000 1b000000 35000000 1b000000 
00003ce0: 36000000 1a000000 37000000 1a000000 
00003cf0: 36000000 1b000000 37000000 1b000000 
00003d00: 30000000 1c000000 31000000 1c000000 
00003d10: 30000000 1d000000 31000000 1d000000 
00003d20: 32000000 1c000000 33000000 1c000000 
00003d30: 32000000 1d000000 33000000 1d000000 
00003d40: 30000000 1e000000 31000000 1e000000 
00003d50: 30000000 1f000000 31000000 1f000000 
00003d60: 32000000 1e000000 33000000 1e000000 
00003d70: 32000000 1f000000 33000000 1f000000 
00003d80: 34000000 1c000000 35000000 1c000000 
00003d90: 34000000 1d000000 35000000 1d000000 
00003da0: 36000000 1c000000 37000000 1c000000 
00003db0: 36000000 1d000000 37000000 1d000000 
00003dc0: 34000000 1e000000 35000000 1e000000 
00003dd0: 34000000 1f000000 35000000 1f000000 
00003de0: 36000000 1e000000 37000000 1e000000 
00003df0: 36000000 1f000000 37000000 1f000000 
00003e00: 38000000 18000000 39000000 18000000 
00003e10: 38000000 19000000 39000000 19000000 
00003e20: 3a000000 18000000 3b000000 18000000 
00003e30: 3a000000 19000000 3b000000 19000000 
00003e40: 38000000 1a000000 39000000 1a000000 
00003e50: 38000000 1b000000 39000000 1b000000 
00003e60: 3a000000 1a000000 3b000000 1a000000 
00003e70: 3a000000 1b000000 3b000000 1b000000 
00003e80: 3c000000 18000000 3d000000 18000000 
00003e90: 3c000000 19000000 3d000000 19000000 
00003ea0: 3e000000 18000000 3f000000 18000000 
00003eb0: 3e000000 19000000 3f000000 19000000 
00003ec0: 3c000000 1a000000 3d000000 1a000000 
00003ed0: 3c000000 1b000000 3d000000 1b000000 
00003ee0: 3e000000 1a000000 3f000000 1a000000 
00003ef0: 3e000000 1b000000 3f000000 1b000000 
00003f00: 38000000 1c000000 39000000 1c000000 
00003f10: 38000000 1d000000 39000000 1d000000 
00003f20: 3a000000 1c000000 3b000000 1c000000 
00003f30: 3a000000 1d000000 3b000000 1d000000 
00003f40: 38000000 1e000000 39000000 1e000000 
00003f50: 38000000 1f000000 39000000 1f000000 
00003f60: 3a000000 1e000000 3b000000 1e000000 
00003f70: 3a000000 1f000000 3b000000 1f000000 
00003f80: 3c000000 1c000000 3d000000 1c000000 
00003f90: 3c000000 1d000000 3d000000 1d000000 
00003fa0: 3e000000 1c000000 3f000000 1c000000 
00003fb0: 3e000000 1d000000 3f000000 1d000000 
00003fc0: 3c000000 1e000000 3d000000 1e000000 
00003fd0: 3c000000 1f000000 3d000000 1f000000 
00003fe0: 3e000000 1e000000 3f000000 1e000000 
00003ff0: 3e000000 1f000000 3f000000 1f000000 
00004000: 40000000 00000000 41000000 00000000 
00004010: 40000000 01000000 41000000 01000000 
00004020: 42000000 00000000 43000000 00000000 
00004030: 42000000 01000000 43000000 01000000 
00004040: 40000000 02000000 41000000 02000000 
00004050: 40000000 03000000 41000000 03000000 
00004060: 42000000 02000000 43000000 02000000 
00004070: 42000000 03000000 43000000 03000000 
00004080: 44000000 00000000 45000000 00000000 
00004090: 44000000 01000000 45000000 01000000 
000040a0: 46000000 00000000 47000000 00000000 
000040b0: 46000000 01000000 47000000 01000000 
000040c0: 44000000 02000000 45000000 02000000 
000040d0: 44000000 03000000 45000000 03000000 
000040e0: 46000000 02000000 47000000 02000000 
000040f0: 46000000 03000000 47000000 03000000 
00004100: 40000000 04000000 41000000 04000000 
00004110: 40000000 05000000 41000000 05000000 
00004120: 42000000 04000000 43000000 04000000 
00004130: 42000000 05000000 43000000 05000000 
00004140: 40000000 06000000 41000000 06000000 
00004150: 40000000 07000000 41000000 07000000 
00004160: 42000000 06000000 43000000 06000000 
00004170: 42000000 07000000 43000000 07000000 
00004180: 44000000 04000000 45000000 04000000 
00004190: 44000000 05000000 45000000 05000000 
000041a0: 46000000 04000000 47000000 04000000 
000041b0: 46000000 05000000 47000000 05000000 
000041c0: 44000000 06000000 45000000 06000000 
000041d0: 44000000 07000000 45000000 07000000 
000041e0: 46000000 06000000 47000000 06000000 
000041f0: 46000000 07000000 47000000 07000000 
00004200: 48000000 00000000 49000000 00000000 
00004210: 48000000 01000000 49000000 01000000 
00004220: 4a000000 00000000 4b000000 00000000 
00004230: 4a000000 01000000 4b000000 01000000 
00004240: 48000000 02000000 49000000 02000000 
00004250: 48000000 03000000 49000000 03000000 
00004260: 4a000000 02000000 4b000000 02000000 
00004270: 4a000000 03000000 4b000000 03000000 
00004280: 4c000000 00000000 4d000000 00000000 
00004290: 4c000000 01000000 4d000000 01000000 
000042a0: 4e000000 00000000 4f000000 00000000 
000042b0: 4e000000 01000000 4f000000 01000000 
000042c0: 4c000000 02000000 4d000000 02000000 
000042d0: 4c000000 03000000 4d000000 03000000 
000042e0: 4e000000 02000000 4f000000 02000000 
000042f0: 4e000000 03000000 4f000000 03000000 
00004300: 48000000 04000000 49000000 04000000 
00004310: 48000000 05000000 49000000 05000000 
00004320: 4a000000 04000000 4b000000 04000000 
00004330: 4a000000 05000000 4b000000 05000000 
00004340: 48000000 06000000 49000000 06000000 
00004350: 48000000 07000000 49000000 07000000 
00004360: 4a000000 06000000 4b000000 06000000 
00004370: 4a000000 07000000 4b000000 07000000 
00004380: 4c000000 04000000 4d000000 04000000 
00004390: 4c000000 05000000 4d000000 05000000 
000043a0: 4e000000 04000000 4f000000 04000000 
000043b0: 4e000000 05000000 4f000000 05000000 
000043c0: 4c000000 06000000 4d000000 06000000 
000043d0: 4c000000 07000000 4d000000 07000000 
000043e0: 4e000000 06000000 4f000000 06000000 
000043f0: 4e000000 07000000 4f000000 07000000 
00004400: 40000000 08000000 41000000 08000000 
00004410: 40000000 09000000 41000000 09000000 
00004420: 42000000 08000000 43000000 08000000 
00004430: 42000000 09000000 43000000 09000000 
00004440: 40000000 0a000000 41000000 0a000000 
00004450: 40000000 0b000000 41000000 0b000000 
00004460: 42000000 0a000000 43000000 0a000000 
00004470: 42000000 0b000000 43000000 0b000000 
00004480: 44000000 08000000 45000000 08000000 
00004490: 44000000 09000000 45000000 09000000 
000044a0: 46000000 08000000 47000000 08000000 
000044b0: 46000000 09000000 47000000 09000000 
000044c0: 44000000 0a000000 45000000 0a000000 
000044d0: 44000000 0b000000 45000000 0b000000 
000044e0: 46000000 0a000000 47000000 0a000000 
000044f0: 46000000 0b000000 47000000 0b000000 
00004500: 40000000 0c000000 41000000 0c000000 
00004510: 40000000 0d000000 41000000 0d000000 
00004520: 42000000 0c000000 43000000 0c000000 
00004530: 42000000 0d000000 43000000 0d000000 
00004540: 40000000 0e000000 41000000 0e000000 
00004550: 40000000 0f000000 41000000 0f000000 
00004560: 42000000 0e000000 43000000 0e000000 
00004570: 42000000 0f000000 43000000 0f000000 
00004580: 44000000 0c000000 45000000 0c000000 
00004590: 44000000 0d000000 45000000 0d000000 
000045a0: 46000000 0c000000 47000000 0c000000 
000045b0: 46000000 0d000000 47000000 0d000000 
000045c0: 44000000 0e000000 45000000 0e000000 
000045d0: 44000000 0f000000 45000000 0f000000 
000045e0: 46000000 0e000000 47000000 0e000000 
000045f0: 46000000 0f000000 47000000 0f000000 
00004600: 48000000 08000000 49000000 08000000 
00004610: 48000000 09000000 49000000 09000000 
00004620: 4a000000 08000000 4b000000 08000000 
00004630: 4a000000 09000000 4b000000 09000000 
00004640: 48000000 0a000000 49000000 0a000000 
00004650: 48000000 0b000000 49000000 0b000000 
00004660: 4a000000 0a000000 4b000000 0a000000 
00004670: 4a000000 0b000000 4b000000 0b000000 
00004680: 4c000000 08000000 4d000000 08000000 
00004690: 4c000000 09000000 4d000000 09000000 
000046a0: 4e000000 08000000 4f000000 08000000 
000046b0: 4e000000 09000000 4f000000 09000000 
000046c0: 4c000000 0a000000 4d000000 0a000000 
000046d0: 4c000000 0b000000 4d000000 0b000000 
000046e0: 4e000000 0a000000 4f000000 0a000000 
000046f0: 4e000000 0b000000 4f000000 0b000000 
00004700: 48000000 0c000000 49000000 0c000000 
00004710: 48000000 0d000000 49000000 0d000000 
00004720: 4a000000 0c000000 4b000000 0c000000 
00004730: 4a000000 0d000000 4b000000 0d000000 
00004740: 48000000 0e000000 49000000 0e000000 
00004750: 48000000 0f000000 49000000 0f000000 
00004760: 4a000000 0e000000 4b000000 0e000000 
00004770: 4a000000 0f000000 4b000000 0f000000 
00004780: 4c000000 0c000000 4d000000 0c000000 
00004790: 4c000000 0d000000 4d000000 0d000000 
000047a0: 4e000000 0c000000 4f000000 0c000000 
000047b0: 4e000000 0d000000 4f000000 0d000000 
000047c0: 4c000000 0e000000 4d000000 0e000000 
000047d0: 4c000000 0f000000 4d000000 0f000000 
000047e0: 4e000000 0e000000 4f000000 0e000000 
000047f0: 4e000000 0f000000 4f000000 0f000000 
00004800: 50000000 00000000 51000000 00000000 
00004810: 50000000 01000000 51000000 01000000 
00004820: 52000000 00000000 53000000 00000000 
00004830: 52000000 01000000 53000000 01000000 
00004840: 50000000 02000000 51000000 02000000 
00004850: 50000000 03000000 51000000 03000000 
00004860: 52000000 02000000 53000000 02000000 
00004870: 52000000 03000000 53000000 03000000 
00004880: 54000000 00000000 55000000 00000000 
00004890: 54000000 01000000 55000000 01000000 
000048a0: 56000000 00000000 57000000 00000000 
000048b0: 56000000 01000000 57000000 01000000 
000048c0: 54000000 02000000 55000000 02000000 
000048d0: 54000000 03000000 55000000 03000000 
000048e0: 56000000 02000000 57000000 02000000 
000048f0: 56000000 03000000 57000000 03000000 
00004900: 50000000 04000000 51000000 04000000 
00004910: 50000000 05000000 51000000 05000000 
00004920: 52000000 04000000 53000000 04000000 
00004930: 52000000 05000000 53000000 05000000 
00004940: 50000000 06000000 51000000 06000000 
00004950: 50000000 07000000 51000000 07000000 
00004960: 52000000 06000000 53000000 06000000 
00004970: 52000000 07000000 53000000 07000000 
00004980: 54000000 04000000 55000000 04000000 
00004990: 54000000 05000000 55000000 05000000 
000049a0: 56000000 04000000 57000000 04000000 
000049b0: 56000000 05000000 57000000 05000000 
000049c0: 54000000 06000000 55000000 06000000 
000049d0: 54000000 07000000 55000000 07000000 
000049e0: 56000000 06000000 57000000 06000000 
000049f0: 56000000 07000000 57000000 07000000 
00004a00: 58000000 00000000 59000000 00000000 
00004a10: 58000000 01000000 59000000 01000000 
00004a20: 5a000000 00000000 5b000000 00000000 
00004a30: 5a000000 01000000 5b000000 01000000 
00004a40: 58000000 02000000 59000000 02000000 
00004a50: 58000000 03000000 59000000 03000000 
00004a60: 5a000000 02000000 5b000000 02000000 
00004a70: 5a000000 03000000 5b000000 03000000 
00004a80: 5c000000 00000000 5d000000 00000000 
00004a90: 5c000000 01000000 5d000000 01000000 
00004aa0: 5e000000 00000000 5f000000 00000000 
00004ab0: 5e000000 01000000 5f000000 01000000 
00004ac0: 5c000000 02000000 5d000000 02000000 
00004ad0: 5c000000 03000000 5d000000 03000000 
00004ae0: 5e000000 02000000 5f000000 02000000 
00004af0: 5e000000 03000000 5f000000 03000000 
00004b00: 58000000 04000000 59000000 04000000 
00004b10: 58000000 05000000 59000000 05000000 
00004b20: 5a000000 04000000 5b000000 04000000 
00004b30: 5a000000 05000000 5b000000 05000000 
00004b40: 58000000 06000000 59000000 06000000 
00004b50: 58000000 07000000 59000000 07000000 
00004b60: 5a000000 06000000 5b000000 06000000 
00004b70: 5a000000 07000000 5b000000 07000000 
00004b80: 5c000000 04000000 5d000000 04000000 
00004b90: 5c000000 05000000 5d000000 05000000 
00004ba0: 5e000000 04000000 5f000000 04000000 
00004bb0: 5e000000 05000000 5f000000 05000000 
00004bc0: 5c000000 06000000 5d000000 06000000 
00004bd0: 5c000000 07000000 5d000000 07000000 
00004be0: 5e000000 06000000 5f000000 06000000 
00004bf0: 5e000000 07000000 5f000000 07000000 
00004c00: 50000000 08000000 51000000 08000000 
00004c10: 50000000 09000000 51000000 09000000 
00004c20: 52000000 08000000 53000000 08000000 
00004c30: 52000000 09000000 53000000 09000000 
00004c40: 50000000 0a000000 51000000 0a000000 
00004c50: 50000000 0b000000 51000000 0b000000 
00004c60: 52000000 0a000000 53000000 0a000000 
00004c70: 52000000 0b000000 53000000 0b000000 
00004c80: 54000000 08000000 55000000 08000000 
00004c90: 54000000 09000000 55000000 09000000 
00004ca0: 56000000 08000000 57000000 08000000 
00004cb0: 56000000 09000000 57000000 09000000 
00004cc0: 54000000 0a000000 55000000 0a000000 
00004cd0: 54000000 0b000000 55000000 0b000000 
00004ce0: 56000000 0a000000 57000000 0a000000 
00004cf0: 56000000 0b000000 57000000 0b000000 
00004d00: 50000000 0c000000 51000000 0c000000 
00004d10: 50000000 0d000000 51000000 0d000000 
00004d20: 52000000 0c000000 53000000 0c000000 
00004d30: 52000000 0d000000 53000000 0d000000 
00004d40: 50000000 0e000000 51000000 0e000000 
00004d50: 50000000 0f000000 51000000 0f000000 
00004d60: 52000000 0e000000 53000000 0e000000 
00004d70: 52000000 0f000000 53000000 0f000000 
00004d80: 54000000 0c000000 55000000 0c000000 
00004d90: 54000000 0d000000 55000000 0d000000 
00004da0: 56000000 0c000000 57000000 0c000000 
00004db0: 56000000 0d000000 57000000 0d000000 
00004dc0: 54000000 0e000000 55000000 0e000000 
00004dd0: 54000000 0f000000 55000000 0f000000 
00004de0: 56000000 0e000000 57000000 0e000000 
00004df0: 56000000 0f000000 57000000 0f000000 
00004e00: 58000000 08000000 59000000 08000000 
00004e10: 58000000 09000000 59000000 09000000 
00004e20: 5a000000 08000000 5b000000 08000000 
00004e30: 5a000000 09000000 5b000000 09000000 
00004e40: 58000000 0a000000 59000000 0a000000 
00004e50: 58000000 0b000000 59000000 0b000000 
00004e60: 5a000000 0a000000 5b000000 0a000000 
00004e70: 5a000000 0b000000 5b000000 0b000000 
00004e80: 5c000000 08000000 5d000000 08000000 
00004e90: 5c000000 09000000 5d000000 09000000 
00004ea0: 5e000000 08000000 5f000000 08000000 
00004eb0: 5e000000 09000000 5f000000 09000000 
00004ec0: 5c000000 0a000000 5d000000 0a000000 
00004ed0: 5c000000 0b000000 5d000000 0b000000 
00004ee0: 5e000000 0a000000 5f000000 0a000000 
00004ef0: 5e000000 0b000000 5f000000 0b000000 
00004f00: 58000000 0c000000 59000000 0c000000 
00004f10: 58000000 0d000000 59000000 0d000000 
00004f20: 5a000000 0c000000 5b000000 0c000000 
00004f30: 5a000000 0d000000 5b000000 0d000000 
00004f40: 58000000 0e000000 59000000 0e000000 
00004f50: 58000000 0f000000 59000000 0f000000 
00004f60: 5a000000 0e000000 5b000000 0e000000 
00004f70: 5a000000 0f000000 5b000000 0f000000 
00004f80: 5c000000 0c000000 5d000000 0c000000 
00004f90: 5c000000 0d000000 5d000000 0d000000 
00004fa0: 5e000000 0c000000 5f000000 0c000000 
00004fb0: 5e000000 0d000000 5f000000 0d000000 
00004fc0: 5c000000 0e000000 5d000000 0e000000 
00004fd0: 5c000000 0f000000 5d000000 0f000000 
00004fe0: 5e000000 0e000000 5f000000 0e000000 
00004ff0: 5e000000 0f000000 5f000000 0f000000 
00005000: 40000000 10000000 41000000 10000000 
00005010: 40000000 11000000 41000000 11000000 
00005020: 42000000 10000000 43000000 10000000 
00005030: 42000000 11000000 43000000 11000000 
00005040: 40000000 12000000 41000000 12000000 
00005050: 40000000 13000000 41000000 13000000 
00005060: 42000000 12000000 43000000 12000000 
00005070: 42000000 13000000 43000000 13000000 
00005080: 44000000 10000000 45000000 10000000 
00005090: 44000000 11000000 45000000 11000000 
000050a0: 46000000 10000000 47000000 10000000 
000050b0: 46000000 11000000 47000000 11000000 
000050c0: 44000000 12000000 45000000 12000000 
000050d0: 44000000 13000000 45000000 13000000 
000050e0: 46000000 12000000 47000000 12000000 
000050f0: 46000000 13000000 47000000 13000000 
00005100: 40000000 14000000 41000000 14000000 
00005110: 40000000 15000000 41000000 15000000 
00005120: 42000000 14000000 43000000 14000000 
00005130: 42000000 15000000 43000000 15000000 
00005140: 40000000 16000000 41000000 16000000 
00005150: 40000000 17000000 41000000 17000000 
00005160: 42000000 16000000 43000000 16000000 
00005170: 42000000 17000000 43000000 17000000 
00005180: 44000000 14000000 45000000 14000000 
00005190: 44000000 15000000 45000000 15000000 
000051a0: 46000000 14000000 47000000 14000000 
000051b0: 46000000 15000000 47000000 15000000 
000051c0: 44000000 16000000 45000000 16000000 
000051d0: 44000000 17000000 45000000 17000000 
000051e0: 46000000 16000000 47000000 16000000 
000051f0: 46000000 17000000 47000000 17000000 
00005200: 48000000 10000000 49000000 10000000 
00005210: 48000000 11000000 49000000 11000000 
00005220: 4a000000 10000000 4b000000 10000000 
00005230: 4a000000 11000000 4b000000 11000000 
00005240: 48000000 12000000 49000000 12000000 
00005250: 48000000 13000000 49000000 13000000 
00005260: 4a000000 12000000 4b000000 12000000 
00005270: 4a000000 13000000 4b000000 13000000 
00005280: 4c000000 10000000 4d000000 10000000 
00005290: 4c000000 11000000 4d000000 11000000 
000052a0: 4e000000 10000000 4f000000 10000000 
000052b0: 4e000000 11000000 4f000000 11000000 
000052c0: 4c000000 12000000 4d000000 12000000 
000052d0: 4c000000 13000000 4d000000 13000000 
000052e0: 4e000000 12000000 4f000000 12000000 
000052f0: 4e000000 13000000 4f000000 13000000 
00005300: 48000000 14000000 49000000 14000000 
00005310: 48000000 15000000 49000000 15000000 
00005320: 4a000000 14000000 4b000000 14000000 
00005330: 4a000000 15000000 4b000000 15000000 
00005340: 48000000 16000000 49000000 16000000 
00005350: 48000000 17000000 49000000 17000000 
00005360: 4a000000 16000000 4b000000 16000000 
00005370: 4a000000 17000000 4b000000 17000000 
00005380: 4c000000 14000000 4d000000 14000000 
00005390: 4c000000 15000000 4d000000 15000000 
000053a0: 4e000000 14000000 4f000000 14000000 
000053b0: 4e000000 15000000 4f000000 15000000 
000053c0: 4c000000 16000000 4d000000 16000000 
000053d0: 4c000000 17000000 4d000000 17000000 
000053e0: 4e000000 16000000 4f000000 16000000 
000053f0: 4e000000 17000000 4f000000 17000000 
00005400: 40000000 18000000 41000000 18000000 
00005410: 40000000 19000000 41000000 19000000 
00005420: 42000000 18000000 43000000 18000000 
00005430: 42000000 19000000 43000000 19000000 
00005440: 40000000 1a000000 41000000 1a000000 
00005450: 40000000 1b000000 41000000 1b000000 
00005460: 42000000 1a000000 43000000 1a000000 
00005470: 42000000 1b000000 43000000 1b000000 
00005480: 44000000 18000000 45000000 18000000 
00005490: 44000000 19000000 45000000 19000000 
000054a0: 46000000 18000000 47000000 18000000 
000054b0: 46000000 19000000 47000000 19000000 
000054c0: 44000000 1a000000 45000000 1a000000 
000054d0: 44000000 1b000000 45000000 1b000000 
000054e0: 46000000 1a000000 47000000 1a000000 
000054f0: 46000000 1b000000 47000000 1b000000 
00005500: 40000000 1c000000 41000000 1c000000 
00005510: 40000000 1d000000 41000000 1d000000 
00005520: 42000000 1c000000 43000000 1c000000 
00005530: 42000000 1d000000 43000000 1d000000 
00005540: 40000000 1e000000 41000000 1e000000 
00005550: 40000000 1f000000 41000000 1f000000 
00005560: 42000000 1e000000 43000000 1e000000 
00005570: 42000000 1f000000 43000000 1f000000 
00005580: 44000000 1c000000 45000000 1c000000 
00005590: 44000000 1d000000 45000000 1d000000 
000055a0: 46000000 1c000000 47000000 1c000000 
000055b0: 46000000 1d000000 47000000 1d000000 
000055c0: 44000000 1e000000 45000000 1e000000 
000055d0: 44000000 1f000000 45000000 1f000000 
000055e0: 46000000 1e000000 47000000 1e000000 
000055f0: 46000000 1f000000 47000000 1f000000 
00005600: 48000000 18000000 49000000 18000000 
00005610: 48000000 19000000 49000000 19000000 
00005620: 4a000000 18000000 4b000000 18000000 
00005630: 4a000000 19000000 4b000000 19000000 
00005640: 48000000 1a000000 49000000 1a000000 
00005650: 48000000 1b000000 49000000 1b000000 
00005660: 4a000000 1a000000 4b000000 1a000000 
00005670: 4a000000 1b000000 4b000000 1b000000 
00005680: 4c000000 18000000 4d000000 18000000 
00005690: 4c000000 19000000 4d000000 19000000 
000056a0: 4e000000 18000000 4f000000 18000000 
000056b0: 4e000000 19000000 4f000000 19000000 
000056c0: 4c000000 1a000000 4d000000 1a000000 
000056d0: 4c000000 1b000000 4d000000 1b000000 
000056e0: 4e000000 1a000000 4f000000 1a000000 
000056f0: 4e000000 1b000000 4f000000 1b000000 
00005700: 48000000 1c000000 49000000 1c000000 
00005710: 48000000 1d000000 49000000 1d000000 
00005720: 4a000000 1c000000 4b000000 1c000000 
00005730: 4a000000 1d000000 4b000000 1d000000 
00005740: 48000000 1e000000 49000000 1e000000 
00005750: 48000000 1f000000 49000000 1f000000 
00005760: 4a000000 1e000000 4b000000 1e000000 
00005770: 4a000000 1f000000 4b000000 1f000000 
00005780: 4c000000 1c000000 4d000000 1c000000 
00005790: 4c000000 1d000000 4d000000 1d000000 
000057a0: 4e000000 1c000000 4f000000 1c000000 
000057b0: 4e000000 1d000000 4f000000 1d000000 
000057c0: 4c000000 1e000000 4d000000 1e000000 
000057d0: 4c000000 1f000000 4d000000 1f000000 
000057e0: 4e000000 1e000000 4f000000 1e000000 
000057f0: 4e000000 1f000000 4f000000 1f000000 
00005800: 50000000 10000000 51000000 10000000 
00005810: 50000000 11000000 51000000 11000000 
00005820: 52000000 10000000 53000000 10000000 
00005830: 52000000 11000000 53000000 11000000 
00005840: 50000000 12000000 51000000 12000000 
00005850: 50000000 13000000 51000000 13000000 
00005860: 52000000 12000000 53000000 12000000 
00005870: 52000000 13000000 53000000 13000000 
00005880: 54000000 10000000 55000000 10000000 
00005890: 54000000 11000000 55000000 11000000 
000058a0: 56000000 10000000 57000000 10000000 
000058b0: 56000000 11000000 57000000 11000000 
000058c0: 54000000 12000000 55000000 12000000 
000058d0: 54000000 13000000 55000000 13000000 
000058e0: 56000000 12000000 57000000 12000000 
000058f0: 56000000 13000000 57000000 13000000 
00005900: 50000000 14000000 51000000 14000000 
00005910: 50000000 15000000 51000000 15000000 
00005920: 52000000 14000000 53000000 14000000 
00005930: 52000000 15000000 53000000 15000000 
00005940: 50000000 16000000 51000000 16000000 
00005950: 50000000 17000000 51000000 17000000 
00005960: 52000000 16000000 53000000 16000000 
00005970: 52000000 17000000 53000000 17000000 
00005980: 54000000 14000000 55000000 14000000 
00005990: 54000000 15000000 55000000 15000000 
000059a0: 56000000 14000000 57000000 14000000 
000059b0: 56000000 15000000 57000000 15000000 
000059c0: 54000000 16000000 55000000 16000000 
000059d0: 54000000 17000000 55000000 17000000 
000059e0: 56000000 16000000 57000000 16000000 
000059f0: 56000000 17000000 57000000 17000000 
00005a00: 58000000 10000000 59000000 10000000 
00005a10: 58000000 11000000 59000000 11000000 
00005a20: 5a000000 10000000 5b000000 10000000 
00005a30: 5a000000 11000000 5b000000 11000000 
00005a40: 58000000 12000000 59000000 12000000 
00005a50: 58000000 13000000 59000000 13000000 
00005a60: 5a000000 12000000 5b000000 12000000 
00005a70: 5a000000 13000000 5b000000 13000000 
00005a80: 5c000000 10000000 5d000000 10000000 
00005a90: 5c000000 11000000 5d000000 11000000 
00005aa0: 5e000000 10000000 5f000000 10000000 
00005ab0: 5e000000 11000000 5f000000 11000000 
00005ac0: 5c000000 12000000 5d000000 12000000 
00005ad0: 5c000000 13000000 5d000000 13000000 
00005ae0: 5e000000 12000000 5f000000 12000000 
00005af0: 5e000000 13000000 5f000000 13000000 
00005b00: 58000000 14000000 59000000 14000000 
00005b10: 58000000 15000000 59000000 15000000 
00005b20: 5a000000 14000000 5b000000 14000000 
00005b30: 5a000000 15000000 5b000000 15000000 
00005b40: 58000000 16000000 59000000 16000000 
00005b50: 58000000 17000000 59000000 17000000 
00005b60: 5a000000 16000000 5b000000 16000000 
00005b70: 5a000000 17000000 5b000000 17000000 
00005b80: 5c000000 14000000 5d000000 14000000 
00005b90: 5c000000 15000000 5d000000 15000000 
00005ba0: 5e000000 14000000 5f000000 14000000 
00005bb0: 5e000000 15000000 5f000000 15000000 
00005bc0: 5c000000 16000000 5d000000 16000000 
00005bd0: 5c000000 17000000 5d000000 17000000 
00005be0: 5e000000 16000000 5f000000 16000000 
00005bf0: 5e000000 17000000 5f000000 17000000 
00005c00: 50000000 18000000 51000000 18000000 
00005c10: 50000000 19000000 51000000 19000000 
00005c20: 52000000 18000000 53000000 18000000 
00005c30: 52000000 19000000 53000000 19000000 
00005c40: 50000000 1a000000 51000000 1a000000 
00005c50: 50000000 1b000000 51000000 1b000000 
00005c60: 52000000 1a000000 53000000 1a000000 
00005c70: 52000000 1b000000 53000000 1b000000 
00005c80: 54000000 18000000 55000000 18000000 
00005c90: 54000000 19000000 55000000 19000000 
00005ca0: 56000000 18000000 57000000 18000000 
00005cb0: 56000000 19000000 57000000 19000000 
00005cc0: 54000000 1a000000 55000000 1a000000 
00005cd0: 54000000 1b000000 55000000 1b000000 
00005ce0: 56000000 1a000000 57000000 1a000000 
00005cf0: 56000000 1b000000 57000000 1b000000 
00005d00: 50000000 1c000000 51000000 1c000000 
00005d10: 50000000 1d000000 51000000 1d000000 
00005d20: 52000000 1c000000 53000000 1c000000 
00005d30: 52000000 1d000000 53000000 1d000000 
00005d40: 50000000 1e000000 51000000 1e000000 
00005d50: 50000000 1f000000 51000000 1f000000 
00005d60: 52000000 1e000000 53000000 1e000000 
00005d70: 52000000 1f000000 53000000 1f000000 
00005d80: 54000000 1c000000 55000000 1c000000 
00005d90: 54000000 1d000000 55000000 1d000000 
00005da0: 56000000 1c000000 57000000 1c000000 
00005db0: 56000000 1d000000 57000000 1d000000 
00005dc0: 54000000 1e000000 55000000 1e000000 
00005dd0: 54000000 1f000000 55000000 1f000000 
00005de0: 56000000 1e000000 57000000 1e000000 
00005df0: 56000000 1f000000 57000000 1f000000 
00005e00: 58000000 18000000 59000000 18000000 
00005e10: 58000000 19000000 59000000 19000000 
00005e20: 5a000000 18000000 5b000000 18000000 
00005e30: 5a000000 19000000 5b000000 19000000 
00005e40: 58000000 1a000000 59000000 1a000000 
00005e50: 58000000 1b000000 59000000 1b000000 
00005e60: 5a000000 1a000000 5b000000 1a000000 
00005e70: 5a000000 1b000000 5b000000 1b000000 
00005e80: 5c000000 18000000 5d000000 18000000 
00005e90: 5c000000 19000000 5d000000 19000000 
00005ea0: 5e000000 18000000 5f000000 18000000 
00005eb0: 5e000000 19000000 5f000000 19000000 
00005ec0: 5c000000 1a000000 5d000000 1a000000 
00005ed0: 5c000000 1b000000 5d000000 1b000000 
00005ee0: 5e000000 1a000000 5f000000 1a000000 
00005ef0: 5e000000 1b000000 5f000000 1b000000 
00005f00: 58000000 1c000000 59000000 1c000000 
00005f10: 58000000 1d000000 59000000 1d000000 
00005f20: 5a000000 1c000000 5b000000 1c000000 
00005f30: 5a000000 1d000000 5b000000 1d000000 
00005f40: 58000000 1e000000 59000000 1e000000 
00005f50: 58000000 1f000000 59000000 1f000000 
00005f60: 5a000000 1e000000 5b000000 1e000000 
00005f70: 5a000000 1f000000 5b000000 1f000000 
00005f80: 5c000000 1c000000 5d000000 1c000000 
00005f90: 5c000000 1d000000 5d000000 1d000000 
00005fa0: 5e000000 1c000000 5f000000 1c000000 
00005fb0: 5e000000 1d000000 5f000000 1d000000 
00005fc0: 5c000000 1e000000 5d000000 1e000000 
00005fd0: 5c000000 1f000000 5d000000 1f000000 
00005fe0: 5e000000 1e000000 5f000000 1e000000 
00005ff0: 5e000000 1f000000 5f000000 1f000000 
00006000: 60000000 00000000 61000000 00000000 
00006010: 60000000 01000000 61000000 01000000 
00006020: 62000000 00000000 63000000 00000000 
00006030: 62000000 01000000 63000000 01000000 
00006040: 60000000 02000000 61000000 02000000 
00006050: 60000000 03000000 61000000 03000000 
00006060: 62000000 02000000 63000000 02000000 
00006070: 62000000 03000000 63000000 03000000 
00006080: 64000000 00000000 65000000 00000000 
00006090: 64000000 01000000 65000000 01000000 
000060a0: 66000000 00000000 67000000 00000000 
000060b0: 66000000 01000000 67000000 01000000 
000060c0: 64000000 02000000 65000000 02000000 
000060d0: 64000000 03000000 65000000 03000000 
000060e0: 66000000 02000000 67000000 02000000 
000060f0: 66000000 03000000 67000000 03000000 
00006100: 60000000 04000000 61000000 04000000 
00006110: 60000000 05000000 61000000 05000000 
00006120: 62000000 04000000 63000000 04000000 
00006130: 62000000 05000000 63000000 05000000 
00006140: 60000000 06000000 61000000 06000000 
00006150: 60000000 07000000 61000000 07000000 
00006160: 62000000 06000000 63000000 06000000 
00006170: 62000000 07000000 63000000 07000000 
00006180: 64000000 04000000 65000000 04000000 
00006190: 64000000 05000000 65000000 05000000 
000061a0: 66000000 04000000 67000000 04000000 
000061b0: 66000000 05000000 67000000 05000000 
000061c0: 64000000 06000000 65000000 06000000 
000061d0: 64000000 07000000 65000000 07000000 
000061e0: 66000000 06000000 67000000 06000000 
000061f0: 66000000 07000000 67000000 07000000 
00006200: 68000000 00000000 69000000 00000000 
00006210: 68000000 01000000 69000000 01000000 
00006220: 6a000000 00000000 6b000000 00000000 
00006230: 6a000000 01000000 6b000000 01000000 
00006240: 68000000 02000000 69000000 02000000 
00006250: 68000000 03000000 69000000 03000000 
00006260: 6a000000 02000000 6b000000 02000000 
00006270: 6a000000 03000000 6b000000 03000000 
00006280: 6c000000 00000000 6d000000 00000000 
00006290: 6c000000 01000000 6d000000 01000000 
000062a0: 6e000000 00000000 6f000000 00000000 
000062b0: 6e000000 01000000 6f000000 01000000 
000062c0: 6c000000 02000000 6d000000 02000000 
000062d0: 6c000000 03000000 6d000000 03000000 
000062e0: 6e000000 02000000 6f000000 02000000 
000062f0: 6e000000 03000000 6f000000 03000000 
00006300: 68000000 04000000 69000000 04000000 
00006310: 68000000 05000000 69000000 05000000 
00006320: 6a000000 04000000 6b000000 04000000 
00006330: 6a000000 05000000 6b000000 05000000 
00006340: 68000000 06000000 69000000 06000000 
00006350: 68000000 07000000 69000000 07000000 
00006360: 6a000000 06000000 6b000000 06000000 
00006370: 6a000000 07000000 6b000000 07000000 
00006380: 6c000000 04000000 6d000000 04000000 
00006390: 6c000000 05000000 6d000000 05000000 
000063a0: 6e000000 04000000 6f000000 04000000 
000063b0: 6e000000 05000000 6f000000 05000000 
000063c0: 6c000000 06000000 6d000000 06000000 
000063d0: 6c000000 07000000 6d000000 07000000 
000063e0: 6e000000 06000000 6f000000 06000000 
000063f0: 6e000000 07000000 6f000000 07000000 
00006400: 60000000 08000000 61000000 08000000 
00006410: 60000000 09000000 61000000 09000000 
00006420: 62000000 08000000 63000000 08000000 
00006430: 62000000 09000000 63000000 09000000 
00006440: 60000000 0a000000 61000000 0a000000 
00006450: 60000000 0b000000 61000000 0b000000 
00006460: 62000000 0a000000 63000000 0a000000 
00006470: 62000000 0b000000 63000000 0b000000 
00006480: 64000000 08000000 65000000 08000000 
00006490: 64000000 09000000 65000000 09000000 
000064a0: 66000000 08000000 67000000 08000000 
000064b0: 66000000 09000000 67000000 09000000 
000064c0: 64000000 0a000000 65000000 0a000000 
000064d0: 64000000 0b000000 65000000 0b000000 
000064e0: 66000000 0a000000 67000000 0a000000 
000064f0: 66000000 0b000000 67000000 0b000000 
00006500: 60000000 0c000000 61000000 0c000000 
00006510: 60000000 0d000000 61000000 0d000000 
00006520: 62000000 0c000000 63000000 0c000000 
00006530: 62000000 0d000000 63000000 0d000000 
00006540: 60000000 0e000000 61000000 0e000000 
00006550: 60000000 0f000000 61000000 0f000000 
00006560: 62000000 0e000000 63000000 0e000000 
00006570: 62000000 0f000000 63000000 0f000000 
00006580: 64000000 0c000000 65000000 0c000000 
00006590: 64000000 0d000000 65000000 0d000000 
000065a0: 66000000 0c000000 67000000 0c000000 
000065b0: 66000000 0d000000 67000000 0d000000 
000065c0: 64000000 0e000000 65000000 0e000000 
000065d0: 64000000 0f000000 65000000 0f000000 
000065e0: 66000000 0e000000 67000000 0e000000 
000065f0: 66000000 0f000000 67000000 0f000000 
00006600: 68000000 08000000 69000000 08000000 
00006610: 68000000 09000000 69000000 09000000 
00006620: 6a000000 08000000 6b000000 08000000 
00006630: 6a000000 09000000 6b000000 09000000 
00006640: 68000000 0a000000 69000000 0a000000 
00006650: 68000000 0b000000 69000000 0b000000 
00006660: 6a000000 0a000000 6b000000 0a000000 
00006670: 6a000000 0b000000 6b000000 0b000000 
00006680: 6c000000 08000000 6d000000 08000000 
00006690: 6c000000 09000000 6d000000 09000000 
000066a0: 6e000000 08000000 6f000000 08000000 
000066b0: 6e000000 09000000 6f000000 09000000 
000066c0: 6c000000 0a000000 6d000000 0a000000 
000066d0: 6c000000 0b000000 6d000000 0b000000 
000066e0: 6e000000 0a000000 6f000000 0a000000 
000066f0: 6e000000 0b000000 6f000000 0b000000 
00006700: 68000000 0c000000 69000000 0c000000 
00006710: 68000000 0d000000 69000000 0d000000 
00006720: 6a000000 0c000000 6b000000 0c000000 
00006730: 6a000000 0d000000 6b000000 0d000000 
00006740: 68000000 0e000000 69000000 0e000000 
00006750: 68000000 0f000000 69000000 0f000000 
00006760: 6a000000 0e000000 6b000000 0e000000 
00006770: 6a000000 0f000000 6b000000 0f000000 
00006780: 6c000000 0c000000 6d000000 0c000000 
00006790: 6c000000 0d000000 6d000000 0d000000 
000067a0: 6e000000 0c000000 6f000000 0c000000 
000067b0: 6e000000 0d000000 6f000000 0d000000 
000067c0: 6c000000 0e000000 6d000000 0e000000 
000067d0: 6c000000 0f000000 6d000000 0f000000 
000067e0: 6e000000 0e000000 6f000000 0e000000 
000067f0: 6e000000 0f000000 6f000000 0f000000 
00006800: 70000000 00000000 71000000 00000000 
00006810: 70000000 01000000 71000000 01000000 
00006820: 72000000 00000000 73000000 00000000 
00006830: 72000000 01000000 73000000 01000000 
00006840: 70000000 02000000 71000000 02000000 
00006850: 70000000 03000000 71000000 03000000 
00006860: 72000000 02000000 73000000 02000000 
00006870: 72000000 03000000 73000000 03000000 
00006880: 74000000 00000000 75000000 00000000 
00006890: 74000000 01000000 75000000 01000000 
000068a0: 76000000 00000000 77000000 00000000 
000068b0: 76000000 01000000 77000000 01000000 
000068c0: 74000000 02000000 75000000 02000000 
000068d0: 74000000 03000000 75000000 03000000 
000068e0: 76000000 02000000 77000000 02000000 
000068f0: 76000000 03000000 77000000 03000000 
00006900: 70000000 04000000 71000000 04000000 
00006910: 70000000 05000000 71000000 05000000 
00006920: 72000000 04000000 73000000 04000000 
00006930: 72000000 05000000 73000000 05000000 
00006940: 70000000 06000000 71000000 06000000 
00006950: 70000000 07000000 71000000 07000000 
00006960: 72000000 06000000 73000000 06000000 
00006970: 72000000 07000000 73000000 07000000 
00006980: 74000000 04000000 75000000 04000000 
00006990: 74000000 05000000 75000000 05000000 
000069a0: 76000000 04000000 77000000 04000000 
000069b0: 76000000 05000000 77000000 05000000 
000069c0: 74000000 06000000 75000000 06000000 
000069d0: 74000000 07000000 75000000 07000000 
000069e0: 76000000 06000000 77000000 06000000 
000069f0: 76000000 07000000 77000000 07000000 
00006a00: 78000000 00000000 79000000 00000000 
00006a10: 78000000 01000000 79000000 01000000 
00006a20: 7a000000 00000000 7b000000 00000000 
00006a30: 7a000000 01000000 7b000000 01000000 
00006a40: 78000000 02000000 79000000 02000000 
00006a50: 78000000 03000000 79000000 03000000 
00006a60: 7a000000 02000000 7b000000 02000000 
00006a70: 7a000000 03000000 7b000000 03000000 
00006a80: 7c000000 00000000 7d000000 00000000 
00006a90: 7c000000 01000000 7d000000 01000000 
00006aa0: 7e000000 00000000 7f000000 00000000 
00006ab0: 7e000000 01000000 7f000000 01000000 
00006ac0: 7c000000 02000000 7d000000 02000000 
00006ad0: 7c000000 03000000 7d000000 03000000 
00006ae0: 7e000000 02000000 7f000000 02000000 
00006af0: 7e000000 03000000 7f000000 03000000 
00006b00: 78000000 04000000 79000000 04000000 
00006b10: 78000000 05000000 79000000 05000000 
00006b20: 7a000000 04000000 7b000000 04000000 
00006b30: 7a000000 05000000 7b000000 05000000 
00006b40: 78000000 06000000 79000000 06000000 
00006b50: 78000000 07000000 79000000 07000000 
00006b60: 7a000000 06000000 7b000000 06000000 
00006b70: 7a000000 07000000 7b000000 07000000 
00006b80: 7c000000 04000000 7d000000 04000000 
00006b90: 7c000000 05000000 7d000000 05000000 
00006ba0: 7e000000 04000000 7f000000 04000000 
00006bb0: 7e000000 05000000 7f000000 05000000 
00006bc0: 7c000000 06000000 7d000000 06000000 
00006bd0: 7c000000 07000000 7d000000 07000000 
00006be0: 7e000000 06000000 7f000000 06000000 
00006bf0: 7e000000 07000000 7f000000 07000000 
00006c00: 70000000 08000000 71000000 08000000 
00006c10: 70000000 09000000 71000000 09000000 
00006c20: 72000000 08000000 73000000 08000000 
00006c30: 72000000 09000000 73000000 09000000 
00006c40: 70000000 0a000000 71000000 0a000000 
00006c50: 70000000 0b000000 71000000 0b000000 
00006c60: 72000000 0a000000 73000000 0a000000 
00006c70: 72000000 0b000000 73000000 0b000000 
00006c80: 74000000 08000000 75000000 08000000 
00006c90: 74000000 09000000 75000000 09000000 
00006ca0: 76000000 08000000 77000000 08000000 
00006cb0: 76000000 09000000 77000000 09000000 
00006cc0: 74000000 0a000000 75000000 0a000000 
00006cd0: 74000000 0b000000 75000000 0b000000 
00006ce0: 76000000 0a000000 77000000 0a000000 
00006cf0: 76000000 0b000000 77000000 0b000000 
00006d00: 70000000 0c000000 71000000 0c000000 
00006d10: 70000000 0d000000 71000000 0d000000 
00006d20: 72000000 0c000000 73000000 0c000000 
00006d30: 72000000 0d000000 73000000 0d000000 
00006d40: 70000000 0e000000 71000000 0e000000 
00006d50: 70000000 0f000000 71000000 0f000000 
00006d60: 72000000 0e000000 73000000 0e000000 
00006d70: 72000000 0f000000 73000000 0f000000 
00006d80: 74000000 0c000000 75000000 0c000000 
00006d90: 74000000 0d000000 75000000 0d000000 
00006da0: 76000000 0c000000 77000000 0c000000 
00006db0: 76000000 0d000000 77000000 0d000000 
00006dc0: 74000000 0e000000 75000000 0e000000 
00006dd0: 74000000 0f000000 75000000 0f000000 
00006de0: 76000000 0e000000 77000000 0e000000 
00006df0: 76000000 0f000000 77000000 0f000000 
00006e00: 78000000 08000000 79000000 08000000 
00006e10: 78000000 09000000 79000000 09000000 
00006e20: 7a000000 08000000 7b000000 08000000 
00006e30: 7a000000 09000000 7b000000 09000000 
00006e40: 78000000 0a000000 79000000 0a000000 
00006e50: 78000000 0b000000 79000000 0b000000 
00006e60: 7a000000 0a000000 7b000000 0a000000 
00006e70: 7a000000 0b000000 7b000000 0b000000 
00006e80: 7c000000 08000000 7d000000 08000000 
00006e90: 7c000000 09000000 7d000000 09000000 
00006ea0: 7e000000 08000000 7f000000 08000000 
00006eb0: 7e000000 09000000 7f000000 09000000 
00006ec0: 7c000000 0a000000 7d000000 0a000000 
00006ed0: 7c000000 0b000000 7d000000 0b000000 
00006ee0: 7e000000 0a000000 7f000000 0a000000 
00006ef0: 7e000000 0b000000 7f000000 0b000000 
00006f00: 78000000 0c000000 79000000 0c000000 
00006f10: 78000000 0d000000 79000000 0d000000 
00006f20: 7a000000 0c000000 7b000000 0c000000 
00006f30: 7a000000 0d000000 7b000000 0d000000 
00006f40: 78000000 0e000000 79000000 0e000000 
00006f50: 78000000 0f000000 79000000 0f000000 
00006f60: 7a000000 0e000000 7b000000 0e000000 
00006f70: 7a000000 0f000000 7b000000 0f000000 
00006f80: 7c000000 0c000000 7d000000 0c000000 
00006f90: 7c000000 0d000000 7d000000 0d000000 
00006fa0: 7e000000 0c000000 7f000000 0c000000 
00006fb0: 7e000000 0d000000 7f000000 0d000000 
00006fc0: 7c000000 0e000000 7d000000 0e000000 
00006fd0: 7c000000 0f000000 7d000000 0f000000 
00006fe0: 7e000000 0e000000 7f000000 0e000000 
00006ff0: 7e000000 0f000000 7f000000 0f000000 
00007000: 60000000 10000000 61000000 10000000 
00007010: 60000000 11000000 61000000 11000000 
00007020: 62000000 10000000 63000000 10000000 
00007030: 62000000 11000000 63000000 11000000 
00007040: 60000000 12000000 61000000 12000000 
00007050: 60000000 13000000 61000000 13000000 
00007060: 62000000 12000000 63000000 12000000 
00007070: 62000000 13000000 63000000 13000000 
00007080: 64000000 10000000 65000000 10000000 
00007090: 64000000 11000000 65000000 11000000 
000070a0: 66000000 10000000 67000000 10000000 
000070b0: 66000000 11000000 67000000 11000000 
000070c0: 64000000 12000000 65000000 12000000 
000070d0: 64000000 13000000 65000000 13000000 
000070e0: 66000000 12000000 67000000 12000000 
000070f0: 66000000 13000000 67000000 13000000 
00007100: 60000000 14000000 61000000 14000000 
00007110: 60000000 15000000 61000000 15000000 
00007120: 62000000 14000000 63000000 14000000 
00007130: 62000000 15000000 63000000 15000000 
00007140: 60000000 16000000 61000000 16000000 
00007150: 60000000 17000000 61000000 17000000 
00007160: 62000000 16000000 63000000 16000000 
00007170: 62000000 17000000 63000000 17000000 
00007180: 64000000 14000000 65000000 14000000 
00007190: 64000000 15000000 65000000 15000000 
000071a0: 66000000 14000000 67000000 14000000 
000071b0: 66000000 15000000 67000000 15000000 
000071c0: 64000000 16000000 65000000 16000000 
000071d0: 64000000 17000000 65000000 17000000 
000071e0: 66000000 16000000 67000000 16000000 
000071f0: 66000000 17000000 67000000 17000000 
00007200: 68000000 10000000 69000000 10000000 
00007210: 68000000 11000000 69000000 11000000 
00007220: 6a000000 10000000 6b000000 10000000 
00007230: 6a000000 11000000 6b000000 11000000 
00007240: 68000000 12000000 69000000 12000000 
00007250: 68000000 13000000 69000000 13000000 
00007260: 6a000000 12000000 6b000000 12000000 
00007270: 6a000000 13000000 6b000000 13000000 
00007280: 6c000000 10000000 6d000000 10000000 
00007290: 6c000000 11000000 6d000000 11000000 
000072a0: 6e000000 10000000 6f000000 10000000 
000072b0: 6e000000 11000000 6f000000 11000000 
000072c0: 6c000000 12000000 6d000000 12000000 
000072d0: 6c000000 13000000 6d000000 13000000 
000072e0: 6e000000 12000000 6f000000 12000000 
000072f0: 6e000000 13000000 6f000000 13000000 
00007300: 68000000 14000000 69000000 14000000 
00007310: 68000000 15000000 69000000 15000000 
00007320: 6a000000 14000000 6b000000 14000000 
00007330: 6a000000 15000000 6b000000 15000000 
00007340: 68000000 16000000 69000000 16000000 
00007350: 68000000 17000000 69000000 17000000 
00007360: 6a000000 16000000 6b000000 16000000 
00007370: 6a000000 17000000 6b000000 17000000 
00007380: 6c000000 14000000 6d000000 14000000 
00007390: 6c000000 15000000 6d000000 15000000 
000073a0: 6e000000 14000000 6f000000 14000000 
000073b0: 6e000000 15000000 6f000000 15000000 
000073c0: 6c000000 16000000 6d000000 16000000 
000073d0: 6c000000 17000000 6d000000 17000000 
000073e0: 6e000000 16000000 6f000000 16000000 
000073f0: 6e000000 17000000 6f000000 17000000 
00007400: 60000000 18000000 61000000 18000000 
00007410: 60000000 19000000 61000000 19000000 
00007420: 62000000 18000000 63000000 18000000 
00007430: 62000000 19000000 63000000 19000000 
00007440: 60000000 1a000000 61000000 1a000000 
00007450: 60000000 1b000000 61000000 1b000000 
00007460: 62000000 1a000000 63000000 1a000000 
00007470: 62000000 1b000000 63000000 1b000000 
00007480: 64000000 18000000 65000000 18000000 
00007490: 64000000 19000000 65000000 19000000 
000074a0: 66000000 18000000 67000000 18000000 
000074b0: 66000000 19000000 67000000 19000000 
000074c0: 64000000 1a000000 65000000 1a000000 
000074d0: 64000000 1b000000 65000000 1b000000 
000074e0: 66000000 1a000000 67000000 1a000000 
000074f0: 66000000 1b000000 67000000 1b000000 
00007500: 60000000 1c000000 61000000 1c000000 
00007510: 60000000 1d000000 61000000 1d000000 
00007520: 62000000 1c000000 63000000 1c000000 
00007530: 62000000 1d000000 63000000 1d000000 
00007540: 60000000 1e000000 61000000 1e000000 
00007550: 60000000 1f000000 61000000 1f000000 
00007560: 62000000 1e000000 63000000 1e000000 
00007570: 62000000 1f000000 63000000 1f000000 
00007580: 64000000 1c000000 65000000 1c000000 
00007590: 64000000 1d000000 65000000 1d000000 
000075a0: 66000000 1c000000 67000000 1c000000 
000075b0: 66000000 1d000000 67000000 1d000000 
000075c0: 64000000 1e000000 65000000 1e000000 
000075d0: 64000000 1f000000 65000000 1f000000 
000075e0: 66000000 1e000000 67000000 1e000000 
000075f0: 66000000 1f000000 67000000 1f000000 
00007600: 68000000 18000000 69000000 18000000 
00007610: 68000000 19000000 69000000 19000000 
00007620: 6a000000 18000000 6b000000 18000000 
00007630: 6a000000 19000000 6b000000 19000000 
00007640: 68000000 1a000000 69000000 1a000000 
00007650: 68000000 1b000000 69000000 1b000000 
00007660: 6a000000 1a000000 6b000000 1a000000 
00007670: 6a000000 1b000000 6b000000 1b000000 
00007680: 6c000000 18000000 6d000000 18000000 
00007690: 6c000000 19000000 6d000000 19000000 
000076a0: 6e000000 18000000 6f000000 18000000 
000076b0: 6e000000 19000000 6f000000 19000000 
000076c0: 6c000000 1a000000 6d000000 1a000000 
000076d0: 6c000000 1b000000 6d000000 1b000000 
000076e0: 6e000000 1a000000 6f000000 1a000000 
000076f0: 6e000000 1b000000 6f000000 1b000000 
00007700: 68000000 1c000000 69000000 1c000000 
00007710: 68000000 1d000000 69000000 1d000000 
00007720: 6a000000 1c000000 6b000000 1c000000 
00007730: 6a000000 1d000000 6b000000 1d000000 
00007740: 68000000 1e000000 69000000 1e000000 
00007750: 68000000 1f000000 69000000 1f000000 
00007760: 6a000000 1e000000 6b000000 1e000000 
00007770: 6a000000 1f000000 6b000000 1f000000 
00007780: 6c000000 1c000000 6d000000 1c000000 
00007790: 6c000000 1d000000 6d000000 1d000000 
000077a0: 6e000000 1c000000 6f000000 1c000000 
000077b0: 6e000000 1d000000 6f000000 1d000000 
000077c0: 6c000000 1e000000 6d000000 1e000000 
000077d0: 6c000000 1f000000 6d000000 1f000000 
000077e0: 6e000000 1e000000 6f000000 1e000000 
000077f0: 6e000000 1f000000 6f000000 1f000000 
00007800: 70000000 10000000 71000000 10000000 
00007810: 70000000 11000000 71000000 11000000 
00007820: 72000000 10000000 73000000 10000000 
00007830: 72000000 11000000 73000000 11000000 
00007840: 70000000 12000000 71000000 12000000 
00007850: 70000000 13000000 71000000 13000000 
00007860: 72000000 12000000 73000000 12000000 
00007870: 72000000 13000000 73000000 13000000 
00007880: 74000000 10000000 75000000 10000000 
00007890: 74000000 11000000 75000000 11000000 
000078a0: 76000000 10000000 77000000 10000000 
000078b0: 76000000 11000000 77000000 11000000 
000078c0: 74000000 12000000 75000000 12000000 
000078d0: 74000000 13000000 75000000 13000000 
000078e0: 76000000 12000000 77000000 12000000 
000078f0: 76000000 13000000 77000000 13000000 
00007900: 70000000 14000000 71000000 14000000 
00007910: 70000000 15000000 71000000 15000000 
00007920: 72000000 14000000 73000000 14000000 
00007930: 72000000 15000000 73000000 15000000 
00007940: 70000000 16000000 71000000 16000000 
00007950: 70000000 17000000 71000000 17000000 
00007960: 72000000 16000000 73000000 16000000 
00007970: 72000000 17000000 73000000 17000000 
00007980: 74000000 14000000 75000000 14000000 
00007990: 74000000 15000000 75000000 15000000 
000079a0: 76000000 14000000 77000000 14000000 
000079b0: 76000000 15000000 77000000 15000000 
000079c0: 74000000 16000000 75000000 16000000 
000079d0: 74000000 17000000 75000000 17000000 
000079e0: 76000000 16000000 77000000 16000000 
000079f0: 76000000 17000000 77000000 17000000 
00007a00: 78000000 10000000 79000000 10000000 
00007a10: 78000000 11000000 79000000 11000000 
00007a20: 7a000000 10000000 7b000000 10000000 
00007a30: 7a000000 11000000 7b000000 11000000 
00007a40: 78000000 12000000 79000000 12000000 
00007a50: 78000000 13000000 79000000 13000000 
00007a60: 7a000000 12000000 7b000000 12000000 
00007a70: 7a000000 13000000 7b000000 13000000 
00007a80: 7c000000 10000000 7d000000 10000000 
00007a90: 7c000000 11000000 7d000000 11000000 
00007aa0: 7e000000 10000000 7f000000 10000000 
00007ab0: 7e000000 11000000 7f000000 11000000 
00007ac0: 7c000000 12000000 7d000000 12000000 
00007ad0: 7c000000 13000000 7d000000 13000000 
00007ae0: 7e000000 12000000 7f000000 12000000 
00007af0: 7e000000 13000000 7f000000 13000000 
00007b00: 78000000 14000000 79000000 14000000 
00007b10: 78000000 15000000 79000000 15000000 
00007b20: 7a000000 14000000 7b000000 14000000 
00007b30: 7a000000 15000000 7b000000 15000000 
00007b40: 78000000 16000000 79000000 16000000 
00007b50: 78000000 17000000 79000000 17000000 
00007b60: 7a000000 16000000 7b000000 16000000 
00007b70: 7a000000 17000000 7b000000 17000000 
00007b80: 7c000000 14000000 7d000000 14000000 
00007b90: 7c000000 15000000 7d000000 15000000 
00007ba0: 7e000000 14000000 7f000000 14000000 
00007bb0: 7e000000 15000000 7f000000 15000000 
00007bc0: 7c000000 16000000 7d000000 16000000 
00007bd0: 7c000000 17000000 7d000000 17000000 
00007be0: 7e000000 16000000 7f000000 16000000 
00007bf0: 7e000000 17000000 7f000000 17000000 
00007c00: 70000000 18000000 71000000 18000000 
00007c10: 70000000 19000000 71000000 19000000 
00007c20: 72000000 18000000 73000000 18000000 
00007c30: 72000000 19000000 73000000 19000000 
00007c40: 70000000 1a000000 71000000 1a000000 
00007c50: 70000000 1b000000 71000000 1b000000 
00007c60: 72000000 1a000000 73000000 1a000000 
00007c70: 72000000 1b000000 73000000 1b000000 
00007c80: 74000000 18000000 75000000 18000000 
00007c90: 74000000 19000000 75000000 19000000 
00007ca0: 76000000 18000000 77000000 18000000 
00007cb0: 76000000 19000000 77000000 19000000 
00007cc0: 74000000 1a000000 75000000 1a000000 
00007cd0: 74000000 1b000000 75000000 1b000000 
00007ce0: 76000000 1a000000 77000000 1a000000 
00007cf0: 76000000 1b000000 77000000 1b000000 
00007d00: 70000000 1c000000 71000000 1c000000 
00007d10: 70000000 1d000000 71000000 1d000000 
00007d20: 72000000 1c000000 73000000 1c000000 
00007d30: 72000000 1d000000 73000000 1d000000 
00007d40: 70000000 1e000000 71000000 1e000000 
00007d50: 70000000 1f000000 71000000 1f000000 
00007d60: 72000000 1e000000 73000000 1e000000 
00007d70: 72000000 1f000000 73000000 1f000000 
00007d80: 74000000 1c000000 75000000 1c000000 
00007d90: 74000000 1d000000 75000000 1d000000 
00007da0: 76000000 1c000000 77000000 1c000000 
00007db0: 76000000 1d000000 77000000 1d000000 
00007dc0: 74000000 1e000000 75000000 1e000000 
00007dd0: 74000000 1f000000 75000000 1f000000 
00007de0: 76000000 1e000000 77000000 1e000000 
00007df0: 76000000 1f000000 77000000 1f000000 
00007e00: 78000000 18000000 79000000 18000000 
00007e10: 78000000 19000000 79000000 19000000 
00007e20: 7a000000 18000000 7b000000 18000000 
00007e30: 7a000000 19000000 7b000000 19000000 
00007e40: 78000000 1a000000 79000000 1a000000 
00007e50: 78000000 1b000000 79000000 1b000000 
00007e60: 7a000000 1a000000 7b000000 1a000000 
00007e70: 7a000000 1b000000 7b000000 1b000000 
00007e80: 7c000000 18000000 7d000000 18000000 
00007e90: 7c000000 19000000 7d000000 19000000 
00007ea0: 7e000000 18000000 7f000000 18000000 
00007eb0: 7e000000 19000000 7f000000 19000000 
00007ec0: 7c000000 1a000000 7d000000 1a000000 
00007ed0: 7c000000 1b000000 7d000000 1b000000 
00007ee0: 7e000000 1a000000 7f000000 1a000000 
00007ef0: 7e000000 1b000000 7f000000 1b000000 
00007f00: 78000000 1c000000 79000000 1c000000 
00007f10: 78000000 1d000000 79000000 1d000000 
00007f20: 7a000000 1c000000 7b000000 1c000000 
00007f30: 7a000000 1d000000 7b000000 1d000000 
00007f40: 78000000 1e000000 79000000 1e000000 
00007f50: 78000000 1f000000 79000000 1f000000 
00007f60: 7a000000 1e000000 7b000000 1e000000 
00007f70: 7a000000 1f000000 7b000000 1f000000 
00007f80: 7c000000 1c000000 7d000000 1c000000 
00007f90: 7c000000 1d000000 7d000000 1d000000 
00007fa0: 7e000000 1c000000 7f000000 1c000000 
00007fb0: 7e000000 1d000000 7f000000 1d000000 
00007fc0: 7c000000 1e000000 7d000000 1e000000 
00007fd0: 7c000000 1f000000 7d000000 1f000000 
00007fe0: 7e000000 1e000000 7f000000 1e000000 
00007ff0: 7e000000 1f000000 7f000000 1f000000 
00008000: 80000000 00000000 81000000 00000000 
00008010: 80000000 01000000 81000000 01000000 
00008020: 82000000 00000000 83000000 00000000 
00008030: 82000000 01000000 83000000 01000000 
00008040: 80000000 02000000 81000000 02000000 
00008050: 80000000 03000000 81000000 03000000 
00008060: 82000000 02000000 83000000 02000000 
00008070: 82000000 03000000 83000000 03000000 
00008080: 84000000 00000000 85000000 00000000 
00008090: 84000000 01000000 85000000 01000000 
000080a0: 86000000 00000000 87000000 00000000 
000080b0: 86000000 01000000 87000000 01000000 
000080c0: 84000000 02000000 85000000 02000000 
000080d0: 84000000 03000000 85000000 03000000 
000080e0: 86000000 02000000 87000000 02000000 
000080f0: 86000000 03000000 87000000 03000000 
00008100: 80000000 04000000 81000000 04000000 
00008110: 80000000 05000000 81000000 05000000 
00008120: 82000000 04000000 83000000 04000000 
00008130: 82000000 05000000 83000000 05000000 
00008140: 80000000 06000000 81000000 06000000 
00008150: 80000000 07000000 81000000 07000000 
00008160: 82000000 06000000 83000000 06000000 
00008170: 82000000 07000000 83000000 07000000 
00008180: 84000000 04000000 85000000 04000000 
00008190: 84000000 05000000 85000000 05000000 
000081a0: 86000000 04000000 87000000 04000000 
000081b0: 86000000 05000000 87000000 05000000 
000081c0: 84000000 06000000 85000000 06000000 
000081d0: 84000000 07000000 85000000 07000000 
000081e0: 86000000 06000000 87000000 06000000 
000081f0: 86000000 07000000 87000000 07000000 
00008200: 88000000 00000000 89000000 00000000 
00008210: 88000000 01000000 89000000 01000000 
00008220: 8a000000 00000000 8b000000 00000000 
00008230: 8a000000 01000000 8b000000 01000000 
00008240: 88000000 02000000 89000000 02000000 
00008250: 88000000 03000000 89000000 03000000 
00008260: 8a000000 02000000 8b000000 02000000 
00008270: 8a000000 03000000 8b000000 03000000 
00008280: 8c000000 00000000 8d000000 00000000 
00008290: 8c000000 01000000 8d000000 01000000 
000082a0: 8e000000 00000000 8f000000 00000000 
000082b0: 8e000000 01000000 8f000000 01000000 
000082c0: 8c000000 02000000 8d000000 02000000 
000082d0: 8c000000 03000000 8d000000 03000000 
000082e0: 8e000000 02000000 8f000000 02000000 
000082f0: 8e000000 03000000 8f000000 03000000 
00008300: 88000000 04000000 89000000 04000000 
00008310: 88000000 05000000 89000000 05000000 
00008320: 8a000000 04000000 8b000000 04000000 
00008330: 8a000000 05000000 8b000000 05000000 
00008340: 88000000 06000000 89000000 06000000 
00008350: 88000000 07000000 89000000 07000000 
00008360: 8a000000 06000000 8b000000 06000000 
00008370: 8a000000 07000000 8b000000 07000000 
00008380: 8c000000 04000000 8d000000 04000000 
00008390: 8c000000 05000000 8d000000 05000000 
000083a0: 8e000000 04000000 8f000000 04000000 
000083b0: 8e000000 05000000 8f000000 05000000 
000083c0: 8c000000 06000000 8d000000 06000000 
000083d0: 8c000000 07000000 8d000000 07000000 
000083e0: 8e000000 06000000 8f000000 06000000 
000083f0: 8e000000 07000000 8f000000 07000000 
00008400: 80000000 08000000 81000000 08000000 
00008410: 80000000 09000000 81000000 09000000 
00008420: 82000000 08000000 83000000 08000000 
00008430: 82000000 09000000 83000000 09000000 
00008440: 80000000 0a000000 81000000 0a000000 
00008450: 80000000 0b000000 81000000 0b000000 
00008460: 82000000 0a000000 83000000 0a000000 
00008470: 82000000 0b000000 83000000 0b000000 
00008480: 84000000 08000000 85000000 08000000 
00008490: 84000000 09000000 85000000 09000000 
000084a0: 86000000 08000000 87000000 08000000 
000084b0: 86000000 09000000 87000000 09000000 
000084c0: 84000000 0a000000 85000000 0a000000 
000084d0: 84000000 0b000000 85000000 0b000000 
000084e0: 86000000 0a000000 87000000 0a000000 
000084f0: 86000000 0b000000 87000000 0b000000 
00008500: 80000000 0c000000 81000000 0c000000 
00008510: 80000000 0d000000 81000000 0d000000 
00008520: 82000000 0c000000 83000000 0c000000 
00008530: 82000000 0d000000 83000000 0d000000 
00008540: 80000000 0e000000 81000000 0e000000 
00008550: 80000000 0f000000 81000000 0f000000 
00008560: 82000000 0e000000 83000000 0e000000 
00008570: 82000000 0f000000 83000000 0f000000 
00008580: 84000000 0c000000 85000000 0c000000 
00008590: 84000000 0d000000 85000000 0d000000 
000085a0: 86000000 0c000000 87000000 0c000000 
000085b0: 86000000 0d000000 87000000 0d000000 
000085c0: 84000000 0e000000 85000000 0e000000 
000085d0: 84000000 0f000000 85000000 0f000000 
000085e0: 86000000 0e000000 87000000 0e000000 
000085f0: 86000000 0f000000 87000000 0f000000 
00008600: 88000000 08000000 89000000 08000000 
00008610: 88000000 09000000 89000000 09000000 
00008620: 8a000000 08000000 8b000000 08000000 
00008630: 8a000000 09000000 8b000000 09000000 
00008640: 88000000 0a000000 89000000 0a000000 
00008650: 88000000 0b000000 89000000 0b000000 
00008660: 8a000000 0a000000 8b000000 0a000000 
00008670: 8a000000 0b000000 8b000000 0b000000 
00008680: 8c000000 08000000 8d000000 08000000 
00008690: 8c000000 09000000 8d000000 09000000 
000086a0: 8e000000 08000000 8f000000 08000000 
000086b0: 8e000000 09000000 8f000000 09000000 
000086c0: 8c000000 0a000000 8d000000 0a000000 
000086d0: 8c000000 0b000000 8d000000 0b000000 
000086e0: 8e000000 0a000000 8f000000 0a000000 
000086f0: 8e000000 0b000000 8f000000 0b000000 
00008700: 88000000 0c000000 89000000 0c000000 
00008710: 88000000 0d000000 89000000 0d000000 
00008720: 8a000000 0c000000 8b000000 0c000000 
00008730: 8a000000 0d000000 8b000000 0d000000 
00008740: 88000000 0e000000 89000000 0e000000 
00008750: 88000000 0f000000 89000000 0f000000 
00008760: 8a000000 0e000000 8b000000 0e000000 
00008770: 8a000000 0f000000 8b000000 0f000000 
00008780: 8c000000 0c000000 8d000000 0c000000 
00008790: 8c000000 0d000000 8d000000 0d000000 
000087a0: 8e000000 0c000000 8f000000 0c000000 
000087b0: 8e000000 0d000000 8f000000 0d000000 
000087c0: 8c000000 0e000000 8d000000 0e000000 
000087d0: 8c000000 0f000000 8d000000 0f000000 
000087e0: 8e000000 0e000000 8f000000 0e000000 
000087f0: 8e000000 0f000000 8f000000 0f000000 
00008800: 90000000 00000000 91000000 00000000 
00008810: 90000000 01000000 91000000 01000000 
00008820: 92000000 00000000 93000000 00000000 
00008830: 92000000 01000000 93000000 01000000 
00008840: 90000000 02000000 91000000 02000000 
00008850: 90000000 03000000 91000000 03000000 
00008860: 92000000 02000000 93000000 02000000 
00008870: 92000000 03000000 93000000 03000000 
00008880: 94000000 00000000 95000000 00000000 
00008890: 94000000 01000000 95000000 01000000 
000088a0: 96000000 00000000 97000000 00000000 
000088b0: 96000000 01000000 97000000 01000000 
000088c0: 94000000 02000000 95000000 02000000 
000088d0: 94000000 03000000 95000000 03000000 
000088e0: 96000000 02000000 97000000 02000000 
000088f0: 96000000 03000000 97000000 03000000 
00008900: 90000000 04000000 91000000 04000000 
00008910: 90000000 05000000 91000000 05000000 
00008920: 92000000 04000000 93000000 04000000 
00008930: 92000000 05000000 93000000 05000000 
00008940: 90000000 06000000 91000000 06000000 
00008950: 90000000 07000000 91000000 07000000 
00008960: 92000000 06000000 93000000 06000000 
