# iotrace init pid=84295 dump_dir=/Users/user/asahi_re/public/agx-re/experiments/EXP-0042-graphics-code-selection/raw/run_ab_p17/maps max_struct=65536 max_map=4194304 dump_atexit=0 n_dump_sel=0 only_conn=0x0
OPEN class=IOSurfaceRoot type=0 -> conn=b03 ret=0x0
CALL seq=1 fn=Method conn=b03 class=IOSurfaceRoot sel=13(0xd) inScalarCnt=0 inStructCnt=0
RET  seq=1 conn=b03 sel=13(0xd) ret=0x0 outStructCnt=40
  OUT.struct len=40
  OUT 000000: ff3f 0000 7f00 0000 0080 0000 0000 0000 
  OUT 000010: 0040 0000 0000 0000 0040 0000 0000 0000 
  OUT 000020: 0000 0100 0000 0000                     
MEMENTRY size=0x40000 offset=0x102400000 perm=0x400001 parent=0x0 -> handle=0x1803 ret=0x0
CALL seq=2 fn=Method conn=b03 class=IOSurfaceRoot sel=44(0x2c) inScalarCnt=1 inStructCnt=0 inScalars=[0x506]
RET  seq=2 conn=b03 sel=44(0x2c) ret=0xe00002f0 outStructCnt=0
OPEN class=AGXAcceleratorG16G type=1048581 -> conn=3b03 ret=0x0
CALL seq=3 fn=Struct conn=3b03 class=AGXAcceleratorG16G sel=2(0x2) inScalarCnt=0 inStructCnt=0
RET  seq=3 conn=3b03 sel=2(0x2) ret=0x0 outStructCnt=536
  OUT.struct len=536
  OUT 000000: 0000 5702 0100 0000 0800 0000 0800 0000 
  OUT 000010: 0000 0000 8000 0000 0000 0000 0400 0000 
  OUT 000020: 0800 0000 0c00 0000 1000 0000 1400 0000 
  OUT 000030: 1800 0000 1c00 0000 2000 0000 2400 0000 
  OUT 000040: 2800 0000 2c00 0000 3000 0000 3400 0000 
  OUT 000050: 3800 0000 3c00 0000 4000 0000 4400 0000 
  OUT 000060: 4800 0000 4c00 0000 5000 0000 5400 0000 
  OUT 000070: 5800 0000 5c00 0000 6000 0000 6400 0000 
  OUT 000080: 6800 0000 6c00 0000 7000 0000 7400 0000 
  OUT 000090: 7800 0000 7c00 0000 8000 0000 8400 0000 
  OUT 0000a0: 8800 0000 8c00 0000 9000 0000 9400 0000 
  OUT 0000b0: 9800 0000 9c00 0000 a000 0000 a400 0000 
  OUT 0000c0: a800 0000 ac00 0000 b000 0000 b400 0000 
  OUT 0000d0: b800 0000 bc00 0000 c000 0000 c400 0000 
  OUT 0000e0: c800 0000 cc00 0000 d000 0000 d400 0000 
  OUT 0000f0: d800 0000 dc00 0000 e000 0000 e400 0000 
  OUT 000100: e800 0000 ec00 0000 f000 0000 f400 0000 
  OUT 000110: f800 0000 fc00 0000 0001 0000 0401 0000 
  OUT 000120: 0801 0000 0c01 0000 1001 0000 1401 0000 
  OUT 000130: 1801 0000 1c01 0000 2001 0000 2401 0000 
  OUT 000140: 2801 0000 2c01 0000 3001 0000 3401 0000 
  OUT 000150: 3801 0000 3c01 0000 4001 0000 4401 0000 
  OUT 000160: 4801 0000 4c01 0000 5001 0000 5401 0000 
  OUT 000170: 5801 0000 5c01 0000 6001 0000 6401 0000 
  OUT 000180: 6801 0000 6c01 0000 7001 0000 7401 0000 
  OUT 000190: 7801 0000 7c01 0000 8001 0000 8401 0000 
  OUT 0001a0: 8801 0000 8c01 0000 9001 0000 9401 0000 
  OUT 0001b0: 9801 0000 9c01 0000 a001 0000 a401 0000 
  OUT 0001c0: a801 0000 ac01 0000 b001 0000 b401 0000 
  OUT 0001d0: b801 0000 bc01 0000 c001 0000 c401 0000 
  OUT 0001e0: c801 0000 cc01 0000 d001 0000 d401 0000 
  OUT 0001f0: d801 0000 dc01 0000 e001 0000 e401 0000 
  OUT 000200: e801 0000 ec01 0000 f001 0000 f401 0000 
  OUT 000210: f801 0000 fc01 0000                     
CALL seq=4 fn=Struct conn=3b03 class=AGXAcceleratorG16G sel=0(0x0) inScalarCnt=0 inStructCnt=0
RET  seq=4 conn=3b03 sel=0(0x0) ret=0x0 outStructCnt=64
  OUT.struct len=64
  OUT 000000: 4043 0000 0000 0000 0000 0000 0000 0000 
  OUT 000010: 0000 0000 0000 0000 0200 0000 0000 0000 
  OUT 000020: 00c0 c2f5 0200 0000 0000 5238 0200 0000 
  OUT 000030: 0000 0000 0000 0000 0000 0000 0000 0000 
CALL seq=5 fn=Struct conn=3b03 class=AGXAcceleratorG16G sel=5(0x5) inScalarCnt=0 inStructCnt=0
RET  seq=5 conn=3b03 sel=5(0x5) ret=0x0 outStructCnt=32
  OUT.struct len=32
  OUT 000000: f097 a72a 0000 0000 0040 5802 0100 0000 
  OUT 000010: 0080 5702 0100 0000 0040 0000 0000 0000 
CALL seq=6 fn=Method conn=b03 class=IOSurfaceRoot sel=32(0x20) inScalarCnt=0 inStructCnt=0
RET  seq=6 conn=b03 sel=32(0x20) ret=0x0 outScalars=[0x1023fc000]
CALL seq=7 fn=Struct conn=3b03 class=AGXAcceleratorG16G sel=258(0x102) inScalarCnt=0 inStructCnt=0
RET  seq=7 conn=3b03 sel=258(0x102) ret=0x0 outStructCnt=456
  OUT.struct len=456
  OUT 000000: 0000 0000 0000 0000 0000 0000 0000 0000 
  OUT 000010: 0000 0000 0000 0000 0000 0000 0000 0000 
  OUT 000020: 0000 0000 0000 0000 0000 0000 0000 0000 
  OUT 000030: 0000 0000 0000 0000 0000 0000 0000 0000 
  OUT 000040: 0000 0000 0000 0000 0000 0000 0000 0000 
  OUT 000050: 0000 0000 0000 0000 0000 0000 0000 0000 
  OUT 000060: 0000 0000 0000 0000 0000 0000 0000 0000 
  OUT 000070: 0000 0000 0000 0000 0000 0000 0000 0000 
  OUT 000080: 0000 0000 0000 0000 0000 0000 0000 0000 
  OUT 000090: 0000 0000 0000 0000 0000 0000 0000 0000 
  OUT 0000a0: 0000 0000 0000 0000 0000 0000 0000 0000 
  OUT 0000b0: 0000 0000 0000 0000 0000 0000 0000 0000 
  OUT 0000c0: 0000 0000 0000 0000 4a75 6c20 3331 2032 
  OUT 0000d0: 3032 3620 3232 3a34 333a 3233 0000 0000 
  OUT 0000e0: 0000 0000 0000 0000 7265 6c65 6173 6520 
  OUT 0000f0: 6665 6e64 6572 5f73 6372 6174 6368 5f72 
  OUT 000100: 616d 5f72 6574 656e 7469 6f6e 0000 0000 
  OUT 000110: 0000 0000 0000 0000 0000 0000 0000 0000 
  OUT 000120: 0000 0000 0000 0000 0000 0000 0000 0000 
  OUT 000130: 0000 0000 0000 0000 0000 0000 0000 0000 
  OUT 000140: 0000 0000 0000 0000 0000 0000 0000 0000 
  OUT 000150: 0000 0000 0000 0000 0000 0000 0000 0000 
  OUT 000160: 0000 0000 0000 0000 0000 0000 0000 0000 
  OUT 000170: 0000 0000 0000 0000 0000 0000 0000 0000 
  OUT 000180: 0000 0000 0000 0000 0000 0000 0000 0000 
  OUT 000190: 0000 0000 0000 0000 0000 0000 0000 0000 
  OUT 0001a0: 0000 0000 0000 0000 4a37 3733 6741 5000 
  OUT 0001b0: 0000 0000 0000 0000 0000 0000 0000 0000 
  OUT 0001c0: 0000 0000 0000 0000                     
CALL seq=8 fn=Struct conn=3b03 class=AGXAcceleratorG16G sel=256(0x100) inScalarCnt=0 inStructCnt=0
RET  seq=8 conn=3b03 sel=256(0x100) ret=0x0 outStructCnt=152
  OUT.struct len=152
  OUT 000000: 0000 0000 0000 0000 0000 0000 0000 0000 
  OUT 000010: ff03 0000 0000 0000 0000 0000 0000 0000 
  OUT 000020: 1b00 0000 0400 0000 0000 0000 0000 0000 
  OUT 000030: 0a00 0000 0400 0000 0400 0000 0400 0000 
  OUT 000040: 0000 0000 0a00 0000 0200 0000 0300 0000 
  OUT 000050: 0300 0000 0200 0000 0300 0000 0300 0000 
  OUT 000060: 1000 0000 0100 0000 0100 0000 0100 0000 
  OUT 000070: 0100 0000 0a00 0000 0a00 0000 0000 0000 
  OUT 000080: 0000 0000 0001 0100 0000 0000 0000 0300 
  OUT 000090: 0000 0000 0000 0000                     
CALL seq=9 fn=Method conn=3b03 class=AGXAcceleratorG16G sel=9(0x9) inScalarCnt=0 inStructCnt=104
  IN.struct len=104
  IN 000000: 0000 0000 0000 0000 0100 0100 0100 0000 
  IN 000010: 0101 0001 3004 0000 0000 0000 0000 0000 
  IN 000020: 0000 0000 0000 0000 0000 0000 0000 0000 
  IN 000030: 0000 0000 0000 0000 0000 0000 0000 0000 
  IN 000040: 0000 0000 0000 0000 0000 0100 0000 0000 
  IN 000050: 0000 0000 0000 0000 0000 0008 1800 0000 
  IN 000060: 0000 0000 0000 0000                     
RET  seq=9 conn=3b03 sel=9(0x9) ret=0x0 outStructCnt=88
  OUT.struct len=88
  OUT 000000: 0000 0000 0001 0000 00c0 5802 0100 0000 
  OUT 000010: c080 5702 0100 0000 0000 0000 0000 0000 
  OUT 000020: 0000 0000 0100 0000 0000 0100 0000 0000 
  OUT 000030: f297 a72a 0000 0000 5c1d 5400 0000 0000 
  OUT 000040: 0000 0000 0000 0000 0000 0000 0000 0000 
  OUT 000050: 0000 0100 0000 0000                     
CALL seq=10 fn=Struct conn=3b03 class=AGXAcceleratorG16G sel=261(0x105) inScalarCnt=0 inStructCnt=72
  IN.struct len=72
  IN 000000: 0b00 0000 0000 0000 0000 0000 0000 0000 
  IN 000010: 0000 0000 0000 0000 0000 0000 0000 0000 
  IN 000020: 0000 0000 0000 0000 0000 0000 0000 0000 
  IN 000030: 0000 0000 0000 0000 0000 0000 0000 0000 
  IN 000040: 0000 0000 0000 0000                     
RET  seq=10 conn=3b03 sel=261(0x105) ret=0x0 outStructCnt=72
  OUT.struct len=72
  OUT 000000: 0b00 0000 0000 0000 0000 0000 0000 0000 
  OUT 000010: 0000 0000 0000 0000 0000 0000 0000 0000 
  OUT 000020: 0000 0000 0000 0000 0000 0000 0000 0000 
  OUT 000030: 0200 0000 0000 0000 0000 0000 0000 0000 
  OUT 000040: 0000 0000 0000 0000                     
CALL seq=11 fn=Method conn=3b03 class=AGXAcceleratorG16G sel=9(0x9) inScalarCnt=0 inStructCnt=104
  IN.struct len=104
  IN 000000: 0000 0000 0000 0000 0100 0100 0100 0000 
  IN 000010: 0101 0001 7004 0000 0000 0000 0000 0000 
  IN 000020: 0000 0000 0000 0000 0000 0000 0000 0000 
  IN 000030: 0100 0000 0000 0000 0000 0000 0000 0000 
  IN 000040: 0000 0000 0000 0000 0038 0000 0000 0000 
  IN 000050: 0000 0000 0000 0000 0000 0058 1800 0000 
  IN 000060: 0000 0000 0000 0000                     
RET  seq=11 conn=3b03 sel=9(0x9) ret=0x0 outStructCnt=88
  OUT.struct len=88
  OUT 000000: 0000 0000 6f00 0000 00c0 5902 0100 0000 
  OUT 000010: 8081 5702 0100 0000 0000 0000 0000 0000 
  OUT 000020: 0000 0000 0200 0000 0040 0000 0000 0000 
  OUT 000030: f497 a72a 0000 0000 5e1d 5400 0000 0000 
  OUT 000040: 0000 0000 0000 0000 0000 0000 0000 0000 
  OUT 000050: 0040 0000 0000 0000                     
CALL seq=12 fn=Method conn=3b03 class=AGXAcceleratorG16G sel=9(0x9) inScalarCnt=0 inStructCnt=104
  IN.struct len=104
  IN 000000: 0000 0000 0000 0000 0100 0100 0100 0000 
  IN 000010: 0101 0001 7004 0000 0000 0000 0000 0000 
  IN 000020: 0000 0000 0000 0000 0000 0000 0000 0000 
  IN 000030: 0100 0000 0000 0000 0000 0000 0000 0000 
  IN 000040: 0000 0000 0000 0000 0000 0200 0000 0000 
  IN 000050: 0000 0000 0000 0000 0000 0000 0000 0000 
  IN 000060: 8809 ed08 0100 0000                     
RET  seq=12 conn=3b03 sel=9(0x9) ret=0x0 outStructCnt=88
  OUT.struct len=88
  OUT 000000: 0080 0100 0001 0000 0080 7602 0100 0000 
  OUT 000010: 4082 5702 0100 0000 0000 0000 0000 0000 
  OUT 000020: 0000 0000 0300 0000 0000 0200 0000 0000 
  OUT 000030: f997 a72a 0000 0000 5f1d 5400 0000 0000 
  OUT 000040: 0000 0000 0000 0000 0000 0000 0000 0000 
  OUT 000050: 0000 0200 0000 0000                     
CALL seq=13 fn=Method conn=3b03 class=AGXAcceleratorG16G sel=9(0x9) inScalarCnt=0 inStructCnt=104
  IN.struct len=104
  IN 000000: 8000 0000 0000 0000 0100 0100 0100 0000 
  IN 000010: 0101 0001 300c 0000 0000 0000 0000 0000 
  IN 000020: 0000 0000 0000 0000 0000 0000 0000 0000 
  IN 000030: 0000 0000 0000 0000 0080 7602 0100 0000 
  IN 000040: 0080 7602 0100 0000 0000 0200 0000 0000 
  IN 000050: 0300 0000 0000 0000 0000 0000 0000 0000 
  IN 000060: 8809 ed08 0100 0000                     
RET  seq=13 conn=3b03 sel=9(0x9) ret=0x0 outStructCnt=88
  OUT.struct len=88
  OUT 000000: 0080 0100 0001 0000 0000 0000 0000 0000 
  OUT 000010: 0083 5702 0100 0000 0000 0000 0000 0000 
  OUT 000020: 0000 0000 0400 0000 0000 0200 0000 0000 
  OUT 000030: fa97 a72a 0000 0000 5f1d 5400 0000 0000 
  OUT 000040: 0000 0000 0000 0000 0000 0000 0000 0000 
  OUT 000050: 0000 0200 0000 0000                     
CALL seq=14 fn=Method conn=3b03 class=AGXAcceleratorG16G sel=9(0x9) inScalarCnt=0 inStructCnt=104
  IN.struct len=104
  IN 000000: 8000 0000 0000 0000 0100 0100 0100 0000 
  IN 000010: 0101 0001 300c 0000 0000 0000 0000 0000 
  IN 000020: 0000 0000 0000 0000 0000 0000 0000 0000 
  IN 000030: 0000 0000 0000 0000 0090 7602 0100 0000 
  IN 000040: 0080 7602 0100 0000 0000 0200 0000 0000 
  IN 000050: 0300 0000 0000 0000 0000 0000 0000 0000 
  IN 000060: 8809 ed08 0100 0000                     
RET  seq=14 conn=3b03 sel=9(0x9) ret=0x0 outStructCnt=88
  OUT.struct len=88
  OUT 000000: 0090 0100 0001 0000 0000 0000 0000 0000 
  OUT 000010: c083 5702 0100 0000 0000 0000 0000 0000 
  OUT 000020: 0000 0000 0500 0000 0000 0200 0000 0000 
  OUT 000030: fb97 a72a 0000 0000 5f1d 5400 0000 0000 
  OUT 000040: 0000 0000 0000 0000 0000 0000 0000 0000 
  OUT 000050: 00f0 0100 0000 0000                     
CALL seq=15 fn=Method conn=3b03 class=AGXAcceleratorG16G sel=9(0x9) inScalarCnt=0 inStructCnt=104
  IN.struct len=104
  IN 000000: 8000 0000 0000 0000 0100 0100 0100 0000 
  IN 000010: 0101 0001 300c 0000 0000 0000 0000 0000 
  IN 000020: 0000 0000 0000 0000 0000 0000 0000 0000 
  IN 000030: 0000 0000 0000 0000 00a1 7602 0100 0000 
  IN 000040: 0080 7602 0100 0000 0000 0200 0000 0000 
  IN 000050: 0300 0000 0000 0000 0000 0000 0000 0000 
  IN 000060: 5800 a5f5 0100 0000                     
RET  seq=15 conn=3b03 sel=9(0x9) ret=0x0 outStructCnt=88
  OUT.struct len=88
  OUT 000000: 00a1 0100 0001 0000 0000 0000 0000 0000 
  OUT 000010: 8084 5702 0100 0000 0000 0000 0000 0000 
  OUT 000020: 0000 0000 0600 0000 0000 0200 0000 0000 
  OUT 000030: fc97 a72a 0000 0000 5f1d 5400 0000 0000 
  OUT 000040: 0000 0000 0000 0000 0000 0000 0000 0000 
  OUT 000050: 00df 0100 0000 0000                     
CALL seq=16 fn=Method conn=3b03 class=AGXAcceleratorG16G sel=9(0x9) inScalarCnt=0 inStructCnt=104
  IN.struct len=104
  IN 000000: 8000 0000 0000 0000 0100 0100 0100 0000 
  IN 000010: 0101 0001 300c 0000 0000 0000 0000 0000 
  IN 000020: 0000 0000 0000 0000 0000 0000 0000 0000 
  IN 000030: 0000 0000 0000 0000 00b3 7602 0100 0000 
  IN 000040: 0080 7602 0100 0000 0000 0200 0000 0000 
  IN 000050: 0300 0000 0000 0000 0000 0000 0000 0000 
  IN 000060: 5800 a5f5 0100 0000                     
RET  seq=16 conn=3b03 sel=9(0x9) ret=0x0 outStructCnt=88
  OUT.struct len=88
  OUT 000000: 00b3 0100 0001 0000 0000 0000 0000 0000 
  OUT 000010: 4085 5702 0100 0000 0000 0000 0000 0000 
  OUT 000020: 0000 0000 0700 0000 0000 0200 0000 0000 
  OUT 000030: fd97 a72a 0000 0000 5f1d 5400 0000 0000 
  OUT 000040: 0000 0000 0000 0000 0000 0000 0000 0000 
  OUT 000050: 00cd 0100 0000 0000                     
CALL seq=17 fn=Method conn=3b03 class=AGXAcceleratorG16G sel=9(0x9) inScalarCnt=0 inStructCnt=104
  IN.struct len=104
  IN 000000: 8000 0000 0000 0000 0100 0100 0100 0000 
  IN 000010: 0101 0001 300c 0000 0000 0000 0000 0000 
  IN 000020: 0000 0000 0000 0000 0000 0000 0000 0000 
  IN 000030: 0000 0000 0000 0000 00c6 7602 0100 0000 
  IN 000040: 0080 7602 0100 0000 0000 0200 0000 0000 
  IN 000050: 0300 0000 0000 0000 0000 0000 0000 0000 
  IN 000060: 5800 a5f5 0100 0000                     
RET  seq=17 conn=3b03 sel=9(0x9) ret=0x0 outStructCnt=88
  OUT.struct len=88
  OUT 000000: 00c6 0100 0001 0000 0000 0000 0000 0000 
  OUT 000010: 0086 5702 0100 0000 0000 0000 0000 0000 
  OUT 000020: 0000 0000 0800 0000 0000 0200 0000 0000 
  OUT 000030: fe97 a72a 0000 0000 5f1d 5400 0000 0000 
  OUT 000040: 0000 0000 0000 0000 0000 0000 0000 0000 
  OUT 000050: 00ba 0100 0000 0000                     
CALL seq=18 fn=Method conn=3b03 class=AGXAcceleratorG16G sel=9(0x9) inScalarCnt=0 inStructCnt=104
  IN.struct len=104
  IN 000000: 8000 0000 0000 0000 0100 0100 0100 0000 
  IN 000010: 0101 0001 300c 0000 0000 0000 0000 0000 
  IN 000020: 0000 0000 0000 0000 0000 0000 0000 0000 
  IN 000030: 0000 0000 0000 0000 00da 7602 0100 0000 
  IN 000040: 0080 7602 0100 0000 0000 0200 0000 0000 
  IN 000050: 0300 0000 0000 0000 0000 0000 0000 0000 
  IN 000060: 5800 a5f5 0100 0000                     
RET  seq=18 conn=3b03 sel=9(0x9) ret=0x0 outStructCnt=88
  OUT.struct len=88
  OUT 000000: 00da 0100 0001 0000 0000 0000 0000 0000 
  OUT 000010: c086 5702 0100 0000 0000 0000 0000 0000 
  OUT 000020: 0000 0000 0900 0000 0000 0200 0000 0000 
  OUT 000030: ff97 a72a 0000 0000 5f1d 5400 0000 0000 
  OUT 000040: 0000 0000 0000 0000 0000 0000 0000 0000 
  OUT 000050: 00a6 0100 0000 0000                     
CALL seq=19 fn=Method conn=3b03 class=AGXAcceleratorG16G sel=9(0x9) inScalarCnt=0 inStructCnt=104
  IN.struct len=104
  IN 000000: 8000 0000 0000 0000 0100 0100 0100 0000 
  IN 000010: 0101 0001 300c 0000 0000 0000 0000 0000 
  IN 000020: 0000 0000 0000 0000 0000 0000 0000 0000 
  IN 000030: 0000 0000 0000 0000 00ef 7602 0100 0000 
  IN 000040: 0080 7602 0100 0000 0000 0200 0000 0000 
  IN 000050: 0300 0000 0000 0000 0000 0000 0000 0000 
  IN 000060: 5800 a5f5 0100 0000                     
RET  seq=19 conn=3b03 sel=9(0x9) ret=0x0 outStructCnt=88
  OUT.struct len=88
  OUT 000000: 00ef 0100 0001 0000 0000 0000 0000 0000 
  OUT 000010: 8087 5702 0100 0000 0000 0000 0000 0000 
  OUT 000020: 0000 0000 0a00 0000 0000 0200 0000 0000 
  OUT 000030: 0098 a72a 0000 0000 5f1d 5400 0000 0000 
  OUT 000040: 0000 0000 0000 0000 0000 0000 0000 0000 
  OUT 000050: 0091 0100 0000 0000                     
CALL seq=20 fn=Method conn=3b03 class=AGXAcceleratorG16G sel=9(0x9) inScalarCnt=0 inStructCnt=104
  IN.struct len=104
  IN 000000: 8000 0000 0000 0000 0100 0100 0100 0000 
  IN 000010: 0101 0001 300c 0000 0000 0000 0000 0000 
  IN 000020: 0000 0000 0000 0000 0000 0000 0000 0000 
  IN 000030: 0000 0000 0000 0000 0005 7702 0100 0000 
  IN 000040: 0080 7602 0100 0000 0000 0200 0000 0000 
  IN 000050: 0300 0000 0000 0000 0000 0000 0000 0000 
  IN 000060: 5800 a5f5 0100 0000                     
RET  seq=20 conn=3b03 sel=9(0x9) ret=0x0 outStructCnt=88
  OUT.struct len=88
  OUT 000000: 0005 0200 0001 0000 0000 0000 0000 0000 
  OUT 000010: 4088 5702 0100 0000 0000 0000 0000 0000 
  OUT 000020: 0000 0000 0b00 0000 0000 0200 0000 0000 
  OUT 000030: 0198 a72a 0000 0000 5f1d 5400 0000 0000 
  OUT 000040: 0000 0000 0000 0000 0000 0000 0000 0000 
  OUT 000050: 007b 0100 0000 0000                     
CALL seq=21 fn=Method conn=3b03 class=AGXAcceleratorG16G sel=9(0x9) inScalarCnt=0 inStructCnt=104
  IN.struct len=104
  IN 000000: 8000 0000 0000 0000 0100 0100 0100 0000 
  IN 000010: 0101 0001 300c 0000 0000 0000 0000 0000 
  IN 000020: 0000 0000 0000 0000 0000 0000 0000 0000 
  IN 000030: 0000 0000 0000 0000 001c 7702 0100 0000 
  IN 000040: 0080 7602 0100 0000 0000 0200 0000 0000 
  IN 000050: 0300 0000 0000 0000 0000 0000 0000 0000 
  IN 000060: 5800 a5f5 0100 0000                     
RET  seq=21 conn=3b03 sel=9(0x9) ret=0x0 outStructCnt=88
  OUT.struct len=88
  OUT 000000: 001c 0200 0001 0000 0000 0000 0000 0000 
  OUT 000010: 0089 5702 0100 0000 0000 0000 0000 0000 
  OUT 000020: 0000 0000 0c00 0000 0000 0200 0000 0000 
  OUT 000030: 0298 a72a 0000 0000 5f1d 5400 0000 0000 
  OUT 000040: 0000 0000 0000 0000 0000 0000 0000 0000 
  OUT 000050: 0064 0100 0000 0000                     
CALL seq=22 fn=Method conn=3b03 class=AGXAcceleratorG16G sel=9(0x9) inScalarCnt=0 inStructCnt=104
  IN.struct len=104
  IN 000000: 8000 0000 0000 0000 0100 0100 0100 0000 
  IN 000010: 0101 0001 300c 0000 0000 0000 0000 0000 
  IN 000020: 0000 0000 0000 0000 0000 0000 0000 0000 
  IN 000030: 0000 0000 0000 0000 0034 7702 0100 0000 
  IN 000040: 0080 7602 0100 0000 0000 0200 0000 0000 
  IN 000050: 0300 0000 0000 0000 0000 0000 0000 0000 
  IN 000060: 5800 a5f5 0100 0000                     
RET  seq=22 conn=3b03 sel=9(0x9) ret=0x0 outStructCnt=88
  OUT.struct len=88
  OUT 000000: 0034 0200 0001 0000 0000 0000 0000 0000 
  OUT 000010: c089 5702 0100 0000 0000 0000 0000 0000 
  OUT 000020: 0000 0000 0d00 0000 0000 0200 0000 0000 
  OUT 000030: 0398 a72a 0000 0000 5f1d 5400 0000 0000 
  OUT 000040: 0000 0000 0000 0000 0000 0000 0000 0000 
  OUT 000050: 004c 0100 0000 0000                     
CALL seq=23 fn=Method conn=3b03 class=AGXAcceleratorG16G sel=9(0x9) inScalarCnt=0 inStructCnt=104
  IN.struct len=104
  IN 000000: 8000 0000 0000 0000 0100 0100 0100 0000 
  IN 000010: 0101 0001 300c 0000 0000 0000 0000 0000 
  IN 000020: 0000 0000 0000 0000 0000 0000 0000 0000 
  IN 000030: 0000 0000 0000 0000 004d 7702 0100 0000 
  IN 000040: 0080 7602 0100 0000 0000 0200 0000 0000 
  IN 000050: 0300 0000 0000 0000 0000 0000 0000 0000 
  IN 000060: 5800 a5f5 0100 0000                     
RET  seq=23 conn=3b03 sel=9(0x9) ret=0x0 outStructCnt=88
  OUT.struct len=88
  OUT 000000: 004d 0200 0001 0000 0000 0000 0000 0000 
  OUT 000010: 808a 5702 0100 0000 0000 0000 0000 0000 
  OUT 000020: 0000 0000 0e00 0000 0000 0200 0000 0000 
  OUT 000030: 0498 a72a 0000 0000 5f1d 5400 0000 0000 
  OUT 000040: 0000 0000 0000 0000 0000 0000 0000 0000 
  OUT 000050: 0033 0100 0000 0000                     
CALL seq=24 fn=Method conn=3b03 class=AGXAcceleratorG16G sel=9(0x9) inScalarCnt=0 inStructCnt=104
  IN.struct len=104
  IN 000000: 8000 0000 0000 0000 0100 0100 0100 0000 
  IN 000010: 0101 0001 300c 0000 0000 0000 0000 0000 
  IN 000020: 0000 0000 0000 0000 0000 0000 0000 0000 
  IN 000030: 0000 0000 0000 0000 0067 7702 0100 0000 
  IN 000040: 0080 7602 0100 0000 0000 0200 0000 0000 
  IN 000050: 0300 0000 0000 0000 0000 0000 0000 0000 
  IN 000060: 5800 a5f5 0100 0000                     
RET  seq=24 conn=3b03 sel=9(0x9) ret=0x0 outStructCnt=88
  OUT.struct len=88
  OUT 000000: 0067 0200 0001 0000 0000 0000 0000 0000 
  OUT 000010: 408b 5702 0100 0000 0000 0000 0000 0000 
  OUT 000020: 0000 0000 0f00 0000 0000 0200 0000 0000 
  OUT 000030: 0598 a72a 0000 0000 5f1d 5400 0000 0000 
  OUT 000040: 0000 0000 0000 0000 0000 0000 0000 0000 
  OUT 000050: 0019 0100 0000 0000                     
CALL seq=25 fn=Method conn=3b03 class=AGXAcceleratorG16G sel=9(0x9) inScalarCnt=0 inStructCnt=104
  IN.struct len=104
  IN 000000: 8000 0000 0000 0000 0100 0100 0100 0000 
  IN 000010: 0101 0001 300c 0000 0000 0000 0000 0000 
  IN 000020: 0000 0000 0000 0000 0000 0000 0000 0000 
  IN 000030: 0000 0000 0000 0000 0082 7702 0100 0000 
  IN 000040: 0080 7602 0100 0000 0000 0200 0000 0000 
  IN 000050: 0300 0000 0000 0000 0000 0000 0000 0000 
  IN 000060: 5800 a5f5 0100 0000                     
RET  seq=25 conn=3b03 sel=9(0x9) ret=0x0 outStructCnt=88
  OUT.struct len=88
  OUT 000000: 0082 0200 0001 0000 0000 0000 0000 0000 
  OUT 000010: 008c 5702 0100 0000 0000 0000 0000 0000 
  OUT 000020: 0000 0000 1000 0000 0000 0200 0000 0000 
  OUT 000030: 0698 a72a 0000 0000 5f1d 5400 0000 0000 
  OUT 000040: 0000 0000 0000 0000 0000 0000 0000 0000 
  OUT 000050: 00fe 0000 0000 0000                     
CALL seq=26 fn=Method conn=3b03 class=AGXAcceleratorG16G sel=9(0x9) inScalarCnt=0 inStructCnt=104
  IN.struct len=104
  IN 000000: 8000 0000 0000 0000 0100 0100 0100 0000 
  IN 000010: 0101 0001 300c 0000 0000 0000 0000 0000 
  IN 000020: 0000 0000 0000 0000 0000 0000 0000 0000 
  IN 000030: 0000 0000 0000 0000 009e 7702 0100 0000 
  IN 000040: 0080 7602 0100 0000 0000 0200 0000 0000 
  IN 000050: 0300 0000 0000 0000 0000 0000 0000 0000 
  IN 000060: 5800 a5f5 0100 0000                     
RET  seq=26 conn=3b03 sel=9(0x9) ret=0x0 outStructCnt=88
  OUT.struct len=88
  OUT 000000: 009e 0200 0001 0000 0000 0000 0000 0000 
  OUT 000010: c08c 5702 0100 0000 0000 0000 0000 0000 
  OUT 000020: 0000 0000 1100 0000 0000 0200 0000 0000 
  OUT 000030: 0798 a72a 0000 0000 5f1d 5400 0000 0000 
  OUT 000040: 0000 0000 0000 0000 0000 0000 0000 0000 
  OUT 000050: 00e2 0000 0000 0000                     
CALL seq=27 fn=Method conn=3b03 class=AGXAcceleratorG16G sel=9(0x9) inScalarCnt=0 inStructCnt=104
  IN.struct len=104
  IN 000000: 8000 0000 0000 0000 0100 0100 0100 0000 
  IN 000010: 0101 0001 300c 0000 0000 0000 0000 0000 
  IN 000020: 0000 0000 0000 0000 0000 0000 0000 0000 
  IN 000030: 0000 0000 0000 0000 00bb 7702 0100 0000 
  IN 000040: 0080 7602 0100 0000 0000 0200 0000 0000 
  IN 000050: 0300 0000 0000 0000 0000 0000 0000 0000 
  IN 000060: 5800 a5f5 0100 0000                     
RET  seq=27 conn=3b03 sel=9(0x9) ret=0x0 outStructCnt=88
  OUT.struct len=88
  OUT 000000: 00bb 0200 0001 0000 0000 0000 0000 0000 
  OUT 000010: 808d 5702 0100 0000 0000 0000 0000 0000 
  OUT 000020: 0000 0000 1200 0000 0000 0200 0000 0000 
  OUT 000030: 0898 a72a 0000 0000 5f1d 5400 0000 0000 
  OUT 000040: 0000 0000 0000 0000 0000 0000 0000 0000 
  OUT 000050: 00c5 0000 0000 0000                     
CALL seq=28 fn=Method conn=3b03 class=AGXAcceleratorG16G sel=9(0x9) inScalarCnt=0 inStructCnt=104
  IN.struct len=104
  IN 000000: 8000 0000 0000 0000 0100 0100 0100 0000 
  IN 000010: 0101 0001 300c 0000 0000 0000 0000 0000 
  IN 000020: 0000 0000 0000 0000 0000 0000 0000 0000 
  IN 000030: 0000 0000 0000 0000 00d9 7702 0100 0000 
  IN 000040: 0080 7602 0100 0000 0000 0200 0000 0000 
  IN 000050: 0300 0000 0000 0000 0000 0000 0000 0000 
  IN 000060: 5800 a5f5 0100 0000                     
RET  seq=28 conn=3b03 sel=9(0x9) ret=0x0 outStructCnt=88
  OUT.struct len=88
  OUT 000000: 00d9 0200 0001 0000 0000 0000 0000 0000 
  OUT 000010: 408e 5702 0100 0000 0000 0000 0000 0000 
  OUT 000020: 0000 0000 1300 0000 0000 0200 0000 0000 
  OUT 000030: 0998 a72a 0000 0000 5f1d 5400 0000 0000 
  OUT 000040: 0000 0000 0000 0000 0000 0000 0000 0000 
  OUT 000050: 00a7 0000 0000 0000                     
CALL seq=29 fn=Method conn=3b03 class=AGXAcceleratorG16G sel=9(0x9) inScalarCnt=0 inStructCnt=104
  IN.struct len=104
  IN 000000: 8000 0000 0000 0000 0100 0100 0100 0000 
  IN 000010: 0101 0001 300c 0000 0000 0000 0000 0000 
  IN 000020: 0000 0000 0000 0000 0000 0000 0000 0000 
  IN 000030: 0000 0000 0000 0000 00f8 7702 0100 0000 
  IN 000040: 0080 7602 0100 0000 0000 0200 0000 0000 
  IN 000050: 0300 0000 0000 0000 0000 0000 0000 0000 
  IN 000060: 5800 a5f5 0100 0000                     
RET  seq=29 conn=3b03 sel=9(0x9) ret=0x0 outStructCnt=88
  OUT.struct len=88
  OUT 000000: 00f8 0200 0001 0000 0000 0000 0000 0000 
  OUT 000010: 008f 5702 0100 0000 0000 0000 0000 0000 
  OUT 000020: 0000 0000 1400 0000 0000 0200 0000 0000 
  OUT 000030: 0a98 a72a 0000 0000 5f1d 5400 0000 0000 
  OUT 000040: 0000 0000 0000 0000 0000 0000 0000 0000 
  OUT 000050: 0088 0000 0000 0000                     
CALL seq=30 fn=Method conn=b03 class=IOSurfaceRoot sel=32(0x20) inScalarCnt=0 inStructCnt=0
RET  seq=30 conn=b03 sel=32(0x20) ret=0x0 outScalars=[0x1023fc000]
CALL seq=31 fn=Method conn=3b03 class=AGXAcceleratorG16G sel=9(0x9) inScalarCnt=0 inStructCnt=104
  IN.struct len=104
  IN 000000: 8000 0000 0000 0000 0100 0100 0100 0000 
  IN 000010: 0101 0001 300c 0000 0000 0000 0000 0000 
  IN 000020: 0000 0000 0000 0000 0000 0000 0000 0000 
  IN 000030: 0000 0000 0000 0000 0018 7802 0100 0000 
  IN 000040: 0080 7602 0100 0000 0000 0200 0000 0000 
  IN 000050: 0300 0000 0000 0000 0000 0000 1800 0000 
  IN 000060: 4015 ed08 0100 0000                     
RET  seq=31 conn=3b03 sel=9(0x9) ret=0x0 outStructCnt=88
  OUT.struct len=88
  OUT 000000: 0018 0300 0001 0000 0000 0000 0000 0000 
  OUT 000010: c08f 5702 0100 0000 0000 0000 0000 0000 
  OUT 000020: 0000 0000 1500 0000 0000 0200 0000 0000 
  OUT 000030: a298 a72b 0000 0000 5f1d 5400 0000 0000 
  OUT 000040: 0000 0000 0000 0000 0000 0000 0000 0000 
  OUT 000050: 0068 0000 0000 0000                     
CALL seq=32 fn=Method conn=3b03 class=AGXAcceleratorG16G sel=9(0x9) inScalarCnt=0 inStructCnt=104
  IN.struct len=104
  IN 000000: 0000 0000 0000 0000 0100 0100 0100 0000 
  IN 000010: 0101 0001 3004 0000 0000 0000 0000 0000 
  IN 000020: 0000 0000 0000 0000 0000 0000 0000 0000 
  IN 000030: 0000 0000 0000 0000 0000 0000 0000 0000 
  IN 000040: 0000 0000 0000 0000 0000 0100 0000 0000 
  IN 000050: 0000 0000 0000 0000 0000 0008 1800 0000 
  IN 000060: 0000 0000 0000 0000                     
RET  seq=32 conn=3b03 sel=9(0x9) ret=0x0 outStructCnt=88
  OUT.struct len=88
  OUT 000000: 0000 0400 0001 0000 0000 e406 0100 0000 
  OUT 000010: 8090 5702 0100 0000 0000 0000 0000 0000 
  OUT 000020: 0000 0000 1600 0000 0000 0100 0000 0000 
  OUT 000030: a398 a72b 0000 0000 b01d 5400 0000 0000 
  OUT 000040: 0000 0000 0000 0000 0000 0000 0000 0000 
  OUT 000050: 0000 0100 0000 0000                     
CALL seq=33 fn=Method conn=3b03 class=AGXAcceleratorG16G sel=9(0x9) inScalarCnt=0 inStructCnt=104
  IN.struct len=104
  IN 000000: 0000 0000 0000 0000 0100 0100 0100 0000 
  IN 000010: 0101 0001 3084 0000 0000 0000 0000 0000 
  IN 000020: 0000 0000 0000 0000 0000 0000 0000 0000 
  IN 000030: 0000 0000 0000 0000 0000 0000 0000 0000 
  IN 000040: 0000 0000 0000 0000 0000 0100 0000 0000 
  IN 000050: 0000 0000 0000 0000 0000 0038 1800 0000 
  IN 000060: 0000 0000 0000 0000                     
RET  seq=33 conn=3b03 sel=9(0x9) ret=0x0 outStructCnt=88
  OUT.struct len=88
  OUT 000000: 0000 0000 0000 0000 0000 e506 0100 0000 
  OUT 000010: 4091 5702 0100 0000 0000 0000 0000 0000 
  OUT 000020: 0000 0000 1700 0000 0000 0100 0000 0000 
  OUT 000030: a498 a72b 0000 0000 b11d 5400 0000 0000 
  OUT 000040: 0000 0000 0000 0000 0000 0000 0000 0000 
  OUT 000050: 0000 0100 0000 0000                     
CALL seq=34 fn=Method conn=3b03 class=AGXAcceleratorG16G sel=9(0x9) inScalarCnt=0 inStructCnt=104
  IN.struct len=104
  IN 000000: 8000 0000 0000 0000 0100 0100 0100 0000 
  IN 000010: 0101 0001 300c 0000 0000 0000 0000 0000 
  IN 000020: 0000 0000 0000 0000 0000 0000 0000 0000 
  IN 000030: 0000 0000 0000 0000 001a 7802 0100 0000 
  IN 000040: 0080 7602 0100 0000 0000 0200 0000 0000 
  IN 000050: 0300 0000 0000 0000 0000 0000 0000 0000 
  IN 000060: 8809 ed08 0100 0000                     
RET  seq=34 conn=3b03 sel=9(0x9) ret=0x0 outStructCnt=88
  OUT.struct len=88
  OUT 000000: 001a 0300 0001 0000 0000 0000 0000 0000 
  OUT 000010: 0092 5702 0100 0000 0000 0000 0000 0000 
  OUT 000020: 0000 0000 1800 0000 0000 0200 0000 0000 
  OUT 000030: a598 a72b 0000 0000 5f1d 5400 0000 0000 
  OUT 000040: 0000 0000 0000 0000 0000 0000 0000 0000 
  OUT 000050: 0066 0000 0000 0000                     
CALL seq=35 fn=Method conn=3b03 class=AGXAcceleratorG16G sel=9(0x9) inScalarCnt=0 inStructCnt=104
  IN.struct len=104
  IN 000000: 8000 0000 0000 0000 0100 0100 0100 0000 
  IN 000010: 0101 0001 300c 0000 0000 0000 0000 0000 
  IN 000020: 0000 0000 0000 0000 0000 0000 0000 0000 
  IN 000030: 0000 0000 0000 0000 001b 7802 0100 0000 
  IN 000040: 0080 7602 0100 0000 0000 0200 0000 0000 
  IN 000050: 0300 0000 0000 0000 0000 0000 0000 0000 
  IN 000060: 5800 a5f5 0100 0000                     
RET  seq=35 conn=3b03 sel=9(0x9) ret=0x0 outStructCnt=88
  OUT.struct len=88
  OUT 000000: 001b 0300 0001 0000 0000 0000 0000 0000 
  OUT 000010: c092 5702 0100 0000 0000 0000 0000 0000 
  OUT 000020: 0000 0000 1900 0000 0000 0200 0000 0000 
  OUT 000030: a698 a72b 0000 0000 5f1d 5400 0000 0000 
  OUT 000040: 0000 0000 0000 0000 0000 0000 0000 0000 
  OUT 000050: 0065 0000 0000 0000                     
CALL seq=36 fn=Method conn=3b03 class=AGXAcceleratorG16G sel=9(0x9) inScalarCnt=0 inStructCnt=104
  IN.struct len=104
  IN 000000: 8000 0000 0000 0000 0100 0100 0100 0000 
  IN 000010: 0101 0001 300c 0000 0000 0000 0000 0000 
  IN 000020: 0000 0000 0000 0000 0000 0000 0000 0000 
  IN 000030: 0000 0000 0000 0000 001c 7802 0100 0000 
  IN 000040: 0080 7602 0100 0000 0000 0200 0000 0000 
  IN 000050: 0300 0000 0000 0000 0000 0000 0000 0000 
  IN 000060: 5800 a5f5 0100 0000                     
RET  seq=36 conn=3b03 sel=9(0x9) ret=0x0 outStructCnt=88
  OUT.struct len=88
  OUT 000000: 001c 0300 0001 0000 0000 0000 0000 0000 
  OUT 000010: 8093 5702 0100 0000 0000 0000 0000 0000 
  OUT 000020: 0000 0000 1a00 0000 0000 0200 0000 0000 
  OUT 000030: a798 a72b 0000 0000 5f1d 5400 0000 0000 
  OUT 000040: 0000 0000 0000 0000 0000 0000 0000 0000 
  OUT 000050: 0064 0000 0000 0000                     
CALL seq=37 fn=Method conn=3b03 class=AGXAcceleratorG16G sel=9(0x9) inScalarCnt=0 inStructCnt=104
  IN.struct len=104
  IN 000000: 0000 0000 0000 0000 0100 0100 0100 0000 
  IN 000010: 0101 0001 7004 0000 0000 0000 0000 0000 
  IN 000020: 0000 0000 0000 0000 0000 0000 0000 0000 
  IN 000030: 0100 0000 0000 0000 0000 0000 0000 0000 
  IN 000040: 0000 0000 0000 0000 0040 0000 0000 0000 
  IN 000050: 0000 0000 0000 0000 0000 0000 0000 0000 
  IN 000060: 5800 a5f5 0100 0000                     
RET  seq=37 conn=3b03 sel=9(0x9) ret=0x0 outStructCnt=88
  OUT.struct len=88
  OUT 000000: 0080 0500 0001 0000 0080 7902 0100 0000 
  OUT 000010: 4094 5702 0100 0000 0000 0000 0000 0000 
  OUT 000020: 0000 0000 1b00 0000 0040 0000 0000 0000 
  OUT 000030: a898 a72b 0000 0000 b21d 5400 0000 0000 
  OUT 000040: 0000 0000 0000 0000 0000 0000 0000 0000 
  OUT 000050: 0040 0000 0000 0000                     
CALL seq=38 fn=Method conn=3b03 class=AGXAcceleratorG16G sel=9(0x9) inScalarCnt=0 inStructCnt=104
  IN.struct len=104
  IN 000000: 8000 0000 0000 0000 0100 0100 0100 0000 
  IN 000010: 0101 0001 300c 0000 0000 0000 0000 0000 
  IN 000020: 0000 0000 0000 0000 0000 0000 0000 0000 
  IN 000030: 0000 0000 0000 0000 001d 7802 0100 0000 
  IN 000040: 0080 7602 0100 0000 0000 0200 0000 0000 
  IN 000050: 0300 0000 0000 0000 0000 0000 1800 0000 
  IN 000060: 4015 ed08 0100 0000                     
RET  seq=38 conn=3b03 sel=9(0x9) ret=0x0 outStructCnt=88
  OUT.struct len=88
  OUT 000000: 001d 0300 0001 0000 0000 0000 0000 0000 
  OUT 000010: 0095 5702 0100 0000 0000 0000 0000 0000 
  OUT 000020: 0000 0000 1c00 0000 0000 0200 0000 0000 
  OUT 000030: a998 a72b 0000 0000 5f1d 5400 0000 0000 
  OUT 000040: 0000 0000 0000 0000 0000 0000 0000 0000 
  OUT 000050: 0063 0000 0000 0000                     
CALL seq=39 fn=Method conn=3b03 class=AGXAcceleratorG16G sel=9(0x9) inScalarCnt=0 inStructCnt=104
  IN.struct len=104
  IN 000000: 8000 0000 0000 0000 0100 0100 0100 0000 
  IN 000010: 0101 0001 300c 0000 0000 0000 0000 0000 
  IN 000020: 0000 0000 0000 0000 0000 0000 0000 0000 
  IN 000030: 0000 0000 0000 0000 001f 7802 0100 0000 
  IN 000040: 0080 7602 0100 0000 0000 0200 0000 0000 
  IN 000050: 0300 0000 0000 0000 0000 0000 1800 0000 
  IN 000060: b81c 4823 0b00 0000                     
RET  seq=39 conn=3b03 sel=9(0x9) ret=0x0 outStructCnt=88
  OUT.struct len=88
  OUT 000000: 001f 0300 0001 0000 0000 0000 0000 0000 
  OUT 000010: c095 5702 0100 0000 0000 0000 0000 0000 
  OUT 000020: 0000 0000 1d00 0000 0000 0200 0000 0000 
  OUT 000030: aa98 a72b 0000 0000 5f1d 5400 0000 0000 
  OUT 000040: 0000 0000 0000 0000 0000 0000 0000 0000 
  OUT 000050: 0061 0000 0000 0000                     
CALL seq=40 fn=Method conn=3b03 class=AGXAcceleratorG16G sel=9(0x9) inScalarCnt=0 inStructCnt=104
  IN.struct len=104
  IN 000000: 8000 0000 0000 0000 0100 0100 0100 0000 
  IN 000010: 0101 0001 300c 0000 0000 0000 0000 0000 
  IN 000020: 0000 0000 0000 0000 0000 0000 0000 0000 
  IN 000030: 0000 0000 0000 0000 0021 7802 0100 0000 
  IN 000040: 0080 7602 0100 0000 0000 0200 0000 0000 
  IN 000050: 0300 0000 0000 0000 0000 0000 1800 0000 
  IN 000060: b81c 4823 0b00 0000                     
RET  seq=40 conn=3b03 sel=9(0x9) ret=0x0 outStructCnt=88
  OUT.struct len=88
  OUT 000000: 0021 0300 0001 0000 0000 0000 0000 0000 
  OUT 000010: 8096 5702 0100 0000 0000 0000 0000 0000 
  OUT 000020: 0000 0000 1e00 0000 0000 0200 0000 0000 
  OUT 000030: ab98 a72b 0000 0000 5f1d 5400 0000 0000 
  OUT 000040: 0000 0000 0000 0000 0000 0000 0000 0000 
  OUT 000050: 005f 0000 0000 0000                     
CALL seq=41 fn=Method conn=3b03 class=AGXAcceleratorG16G sel=7(0x7) inScalarCnt=0 inStructCnt=1040
  IN.struct len=1040
  IN 000000: 2f55 7365 7273 2f75 7365 722f 6173 6168 
  IN 000010: 695f 7265 2f70 7562 6c69 632f 6167 782d 
  IN 000020: 7265 2f65 7870 6572 696d 656e 7473 2f45 
  IN 000030: 5850 2d30 3034 322d 6772 6170 6869 6373 
  IN 000040: 2d63 6f64 652d 7365 6c65 6374 696f 6e2f 
  IN 000050: 6275 696c 642f 6d75 6c74 6970 6970 6500 
  IN 000060: 0000 0000 0000 0000 0000 0000 0000 0000 
  IN 000070: 0000 0000 0000 0000 0000 0000 0000 0000 
  IN 000080: 0000 0000 0000 0000 0000 0000 0000 0000 
  IN 000090: 0000 0000 0000 0000 0000 0000 0000 0000 
  IN 0000a0: 0000 0000 0000 0000 0000 0000 0000 0000 
  IN 0000b0: 0000 0000 0000 0000 0000 0000 0000 0000 
  IN 0000c0: 0000 0000 0000 0000 0000 0000 0000 0000 
  IN 0000d0: 0000 0000 0000 0000 0000 0000 0000 0000 
  IN 0000e0: 0000 0000 0000 0000 0000 0000 0000 0000 
  IN 0000f0: 0000 0000 0000 0000 0000 0000 0000 0000 
  IN 000100: 0000 0000 0000 0000 0000 0000 0000 0000 
  IN 000110: 0000 0000 0000 0000 0000 0000 0000 0000 
  IN 000120: 0000 0000 0000 0000 0000 0000 0000 0000 
  IN 000130: 0000 0000 0000 0000 0000 0000 0000 0000 
  IN 000140: 0000 0000 0000 0000 0000 0000 0000 0000 
  IN 000150: 0000 0000 0000 0000 0000 0000 0000 0000 
  IN 000160: 0000 0000 0000 0000 0000 0000 0000 0000 
  IN 000170: 0000 0000 0000 0000 0000 0000 0000 0000 
  IN 000180: 0000 0000 0000 0000 0000 0000 0000 0000 
  IN 000190: 0000 0000 0000 0000 0000 0000 0000 0000 
  IN 0001a0: 0000 0000 0000 0000 0000 0000 0000 0000 
  IN 0001b0: 0000 0000 0000 0000 0000 0000 0000 0000 
  IN 0001c0: 0000 0000 0000 0000 0000 0000 0000 0000 
  IN 0001d0: 0000 0000 0000 0000 0000 0000 0000 0000 
  IN 0001e0: 0000 0000 0000 0000 0000 0000 0000 0000 
  IN 0001f0: 0000 0000 0000 0000 0000 0000 0000 0000 
  IN 000200: 0000 0000 0000 0000 0000 0000 0000 0000 
  IN 000210: 0000 0000 0000 0000 0000 0000 0000 0000 
  IN 000220: 0000 0000 0000 0000 0000 0000 0000 0000 
  IN 000230: 0000 0000 0000 0000 0000 0000 0000 0000 
  IN 000240: 0000 0000 0000 0000 0000 0000 0000 0000 
  IN 000250: 0000 0000 0000 0000 0000 0000 0000 0000 
  IN 000260: 0000 0000 0000 0000 0000 0000 0000 0000 
  IN 000270: 0000 0000 0000 0000 0000 0000 0000 0000 
  IN 000280: 0000 0000 0000 0000 0000 0000 0000 0000 
  IN 000290: 0000 0000 0000 0000 0000 0000 0000 0000 
  IN 0002a0: 0000 0000 0000 0000 0000 0000 0000 0000 
  IN 0002b0: 0000 0000 0000 0000 0000 0000 0000 0000 
  IN 0002c0: 0000 0000 0000 0000 0000 0000 0000 0000 
  IN 0002d0: 0000 0000 0000 0000 0000 0000 0000 0000 
  IN 0002e0: 0000 0000 0000 0000 0000 0000 0000 0000 
  IN 0002f0: 0000 0000 0000 0000 0000 0000 0000 0000 
  IN 000300: 0000 0000 0000 0000 0000 0000 0000 0000 
  IN 000310: 0000 0000 0000 0000 0000 0000 0000 0000 
  IN 000320: 0000 0000 0000 0000 0000 0000 0000 0000 
  IN 000330: 0000 0000 0000 0000 0000 0000 0000 0000 
  IN 000340: 0000 0000 0000 0000 0000 0000 0000 0000 
  IN 000350: 0000 0000 0000 0000 0000 0000 0000 0000 
  IN 000360: 0000 0000 0000 0000 0000 0000 0000 0000 
  IN 000370: 0000 0000 0000 0000 0000 0000 0000 0000 
  IN 000380: 0000 0000 0000 0000 0000 0000 0000 0000 
  IN 000390: 0000 0000 0000 0000 0000 0000 0000 0000 
  IN 0003a0: 2f55 7365 7273 2f75 7365 722f 6173 6168 
  IN 0003b0: 695f 7265 2f70 7562 6c69 632f 6167 782d 
  IN 0003c0: 7265 2f65 7870 6572 696d 656e 7473 2f45 
  IN 0003d0: 5850 2d30 3034 322d 6772 6170 6869 6373 
  IN 0003e0: 2d63 6f64 652d 7365 6c65 6374 696f 6e2f 
  IN 0003f0: 6275 696c 642f 6d75 6c74 6970 6970 6500 
  IN 000400: 0200 0000 0000 0000 ffff ffff 0100 0000 
RET  seq=41 conn=3b03 sel=7(0x7) ret=0x0 outStructCnt=16
  OUT.struct len=16
  OUT 000000: 0100 0000 0000 0000 ac98 a72b 0000 0000 
CALL seq=42 fn=Method conn=3b03 class=AGXAcceleratorG16G sel=16(0x10) inScalarCnt=2 inStructCnt=0 inScalars=[0x100,0x28]
RET  seq=42 conn=3b03 sel=16(0x10) ret=0x0 outStructCnt=16
  OUT.struct len=16
  OUT 000000: 0000 e606 0100 0000 0100 0000 0000 0000 
CALL seq=43 fn=Method conn=3b03 class=AGXAcceleratorG16G sel=28(0x1c) inScalarCnt=2 inStructCnt=0 inScalars=[0x1,0x1]
RET  seq=43 conn=3b03 sel=28(0x1c) ret=0x0
CALL seq=44 fn=Method conn=3b03 class=AGXAcceleratorG16G sel=9(0x9) inScalarCnt=0 inStructCnt=104
  IN.struct len=104
  IN 000000: 8000 0000 0000 0000 0100 0100 0100 0000 
  IN 000010: 0101 0001 300c 0000 0000 0000 0000 0000 
  IN 000020: 0000 0000 0000 0000 0000 0000 0000 0000 
  IN 000030: 0000 0000 0000 0000 0022 7802 0100 0000 
  IN 000040: 0080 7602 0100 0000 0000 0200 0000 0000 
  IN 000050: 0300 0000 0000 0000 0000 0000 1800 0000 
  IN 000060: 3025 4823 0b00 0000                     
RET  seq=44 conn=3b03 sel=9(0x9) ret=0x0 outStructCnt=88
  OUT.struct len=88
  OUT 000000: 0022 0300 0001 0000 0000 0000 0000 0000 
  OUT 000010: 4097 5702 0100 0000 0000 0000 0000 0000 
  OUT 000020: 0000 0000 1f00 0000 0000 0200 0000 0000 
  OUT 000030: af98 a72b 0000 0000 5f1d 5400 0000 0000 
  OUT 000040: 0000 0000 0000 0000 0000 0000 0000 0000 
  OUT 000050: 005e 0000 0000 0000                     
CALL seq=45 fn=Method conn=3b03 class=AGXAcceleratorG16G sel=9(0x9) inScalarCnt=0 inStructCnt=104
  IN.struct len=104
  IN 000000: 8000 0000 0000 0000 0100 0100 0100 0000 
  IN 000010: 0101 0001 300c 0000 0000 0000 0000 0000 
  IN 000020: 0000 0000 0000 0000 0000 0000 0000 0000 
  IN 000030: 0000 0000 0000 0000 0023 7802 0100 0000 
  IN 000040: 0080 7602 0100 0000 0000 0200 0000 0000 
  IN 000050: 0300 0000 0000 0000 0000 0000 1800 0000 
  IN 000060: 5028 4823 0b00 0000                     
RET  seq=45 conn=3b03 sel=9(0x9) ret=0x0 outStructCnt=88
  OUT.struct len=88
  OUT 000000: 0023 0300 0001 0000 0000 0000 0000 0000 
  OUT 000010: 0098 5702 0100 0000 0000 0000 0000 0000 
  OUT 000020: 0000 0000 2000 0000 0000 0200 0000 0000 
  OUT 000030: b098 a72b 0000 0000 5f1d 5400 0000 0000 
  OUT 000040: 0000 0000 0000 0000 0000 0000 0000 0000 
  OUT 000050: 005d 0000 0000 0000                     
CALL seq=46 fn=Method conn=3b03 class=AGXAcceleratorG16G sel=9(0x9) inScalarCnt=0 inStructCnt=104
  IN.struct len=104
  IN 000000: 8000 0000 0000 0000 0100 0100 0100 0000 
  IN 000010: 0101 0001 300c 0000 0000 0000 0000 0000 
  IN 000020: 0000 0000 0000 0000 0000 0000 0000 0000 
  IN 000030: 0000 0000 0000 0000 0024 7802 0100 0000 
  IN 000040: 0080 7602 0100 0000 0000 0200 0000 0000 
  IN 000050: 0300 0000 0000 0000 0000 0000 1800 0000 
  IN 000060: 702b 4823 0b00 0000                     
RET  seq=46 conn=3b03 sel=9(0x9) ret=0x0 outStructCnt=88
  OUT.struct len=88
  OUT 000000: 0024 0300 0001 0000 0000 0000 0000 0000 
  OUT 000010: c098 5702 0100 0000 0000 0000 0000 0000 
  OUT 000020: 0000 0000 2100 0000 0000 0200 0000 0000 
  OUT 000030: b198 a72b 0000 0000 5f1d 5400 0000 0000 
  OUT 000040: 0000 0000 0000 0000 0000 0000 0000 0000 
  OUT 000050: 005c 0000 0000 0000                     
CALL seq=47 fn=Method conn=3b03 class=AGXAcceleratorG16G sel=9(0x9) inScalarCnt=0 inStructCnt=104
  IN.struct len=104
  IN 000000: 8000 0000 0000 0000 0100 0100 0100 0000 
  IN 000010: 0101 0001 300c 0000 0000 0000 0000 0000 
  IN 000020: 0000 0000 0000 0000 0000 0000 0000 0000 
  IN 000030: 0000 0000 0000 0000 0034 7802 0100 0000 
  IN 000040: 0080 7602 0100 0000 0000 0200 0000 0000 
  IN 000050: 0300 0000 0000 0000 0000 0000 1800 0000 
  IN 000060: 902e 4823 0b00 0000                     
RET  seq=47 conn=3b03 sel=9(0x9) ret=0x0 outStructCnt=88
  OUT.struct len=88
  OUT 000000: 0034 0300 0001 0000 0000 0000 0000 0000 
  OUT 000010: 8099 5702 0100 0000 0000 0000 0000 0000 
  OUT 000020: 0000 0000 2200 0000 0000 0200 0000 0000 
  OUT 000030: b298 a72b 0000 0000 5f1d 5400 0000 0000 
  OUT 000040: 0000 0000 0000 0000 0000 0000 0000 0000 
  OUT 000050: 004c 0000 0000 0000                     
CALL seq=48 fn=Method conn=3b03 class=AGXAcceleratorG16G sel=9(0x9) inScalarCnt=0 inStructCnt=104
  IN.struct len=104
  IN 000000: 8000 0000 0000 0000 0100 0100 0100 0000 
  IN 000010: 0101 0001 300c 0000 0000 0000 0000 0000 
  IN 000020: 0000 0000 0000 0000 0000 0000 0000 0000 
  IN 000030: 0000 0000 0000 0000 0035 7802 0100 0000 
  IN 000040: 0080 7602 0100 0000 0000 0200 0000 0000 
  IN 000050: 0300 0000 0000 0000 0000 0000 1800 0000 
  IN 000060: 9831 4823 0b00 0000                     
RET  seq=48 conn=3b03 sel=9(0x9) ret=0x0 outStructCnt=88
  OUT.struct len=88
  OUT 000000: 0035 0300 0001 0000 0000 0000 0000 0000 
  OUT 000010: 409a 5702 0100 0000 0000 0000 0000 0000 
  OUT 000020: 0000 0000 2300 0000 0000 0200 0000 0000 
  OUT 000030: b398 a72b 0000 0000 5f1d 5400 0000 0000 
  OUT 000040: 0000 0000 0000 0000 0000 0000 0000 0000 
  OUT 000050: 004b 0000 0000 0000                     
CALL seq=49 fn=Method conn=3b03 class=AGXAcceleratorG16G sel=9(0x9) inScalarCnt=0 inStructCnt=104
  IN.struct len=104
  IN 000000: 8000 0000 0000 0000 0100 0100 0100 0000 
  IN 000010: 0101 0001 300c 0000 0000 0000 0000 0000 
  IN 000020: 0000 0000 0000 0000 0000 0000 0000 0000 
  IN 000030: 0000 0000 0000 0000 0036 7802 0100 0000 
  IN 000040: 0080 7602 0100 0000 0000 0200 0000 0000 
  IN 000050: 0300 0000 0000 0000 0000 0000 1800 0000 
  IN 000060: a034 4823 0b00 0000                     
RET  seq=49 conn=3b03 sel=9(0x9) ret=0x0 outStructCnt=88
  OUT.struct len=88
  OUT 000000: 0036 0300 0001 0000 0000 0000 0000 0000 
  OUT 000010: 009b 5702 0100 0000 0000 0000 0000 0000 
  OUT 000020: 0000 0000 2400 0000 0000 0200 0000 0000 
  OUT 000030: b498 a72b 0000 0000 5f1d 5400 0000 0000 
  OUT 000040: 0000 0000 0000 0000 0000 0000 0000 0000 
  OUT 000050: 004a 0000 0000 0000                     
CALL seq=50 fn=Method conn=3b03 class=AGXAcceleratorG16G sel=9(0x9) inScalarCnt=0 inStructCnt=104
  IN.struct len=104
  IN 000000: 8000 0000 0000 0000 0100 0100 0100 0000 
  IN 000010: 0101 0001 300c 0000 0000 0000 0000 0000 
  IN 000020: 0000 0000 0000 0000 0000 0000 0000 0000 
  IN 000030: 0000 0000 0000 0000 0037 7802 0100 0000 
  IN 000040: 0080 7602 0100 0000 0000 0200 0000 0000 
  IN 000050: 0300 0000 0000 0000 0000 0000 1800 0000 
  IN 000060: a837 4823 0b00 0000                     
RET  seq=50 conn=3b03 sel=9(0x9) ret=0x0 outStructCnt=88
  OUT.struct len=88
  OUT 000000: 0037 0300 0001 0000 0000 0000 0000 0000 
  OUT 000010: c09b 5702 0100 0000 0000 0000 0000 0000 
  OUT 000020: 0000 0000 2500 0000 0000 0200 0000 0000 
  OUT 000030: b598 a72b 0000 0000 5f1d 5400 0000 0000 
  OUT 000040: 0000 0000 0000 0000 0000 0000 0000 0000 
  OUT 000050: 0049 0000 0000 0000                     
CALL seq=51 fn=Method conn=3b03 class=AGXAcceleratorG16G sel=9(0x9) inScalarCnt=0 inStructCnt=104
  IN.struct len=104
  IN 000000: 8000 0000 0000 0000 0100 0100 0100 0000 
  IN 000010: 0101 0001 300c 0000 0000 0000 0000 0000 
  IN 000020: 0000 0000 0000 0000 0000 0000 0000 0000 
  IN 000030: 0000 0000 0000 0000 003f 7802 0100 0000 
  IN 000040: 0080 7602 0100 0000 0000 0200 0000 0000 
  IN 000050: 0300 0000 0000 0000 0000 0000 1800 0000 
  IN 000060: b03a 4823 0b00 0000                     
RET  seq=51 conn=3b03 sel=9(0x9) ret=0x0 outStructCnt=88
  OUT.struct len=88
  OUT 000000: 003f 0300 0001 0000 0000 0000 0000 0000 
  OUT 000010: 809c 5702 0100 0000 0000 0000 0000 0000 
  OUT 000020: 0000 0000 2600 0000 0000 0200 0000 0000 
  OUT 000030: b698 a72b 0000 0000 5f1d 5400 0000 0000 
  OUT 000040: 0000 0000 0000 0000 0000 0000 0000 0000 
  OUT 000050: 0041 0000 0000 0000                     
CALL seq=52 fn=Method conn=3b03 class=AGXAcceleratorG16G sel=9(0x9) inScalarCnt=0 inStructCnt=104
  IN.struct len=104
  IN 000000: 8000 0000 0000 0000 0100 0100 0100 0000 
  IN 000010: 0101 0001 300c 0000 0000 0000 0000 0000 
  IN 000020: 0000 0000 0000 0000 0000 0000 0000 0000 
  IN 000030: 0000 0000 0000 0000 0040 7802 0100 0000 
  IN 000040: 0080 7602 0100 0000 0000 0200 0000 0000 
  IN 000050: 0300 0000 0000 0000 0000 0000 1800 0000 
  IN 000060: 8809 ed08 0100 0000                     
RET  seq=52 conn=3b03 sel=9(0x9) ret=0x0 outStructCnt=88
  OUT.struct len=88
  OUT 000000: 0040 0300 0001 0000 0000 0000 0000 0000 
  OUT 000010: 409d 5702 0100 0000 0000 0000 0000 0000 
  OUT 000020: 0000 0000 2700 0000 0000 0200 0000 0000 
  OUT 000030: b798 a72b 0000 0000 5f1d 5400 0000 0000 
  OUT 000040: 0000 0000 0000 0000 0000 0000 0000 0000 
  OUT 000050: 0040 0000 0000 0000                     
CALL seq=53 fn=Method conn=3b03 class=AGXAcceleratorG16G sel=9(0x9) inScalarCnt=0 inStructCnt=104
  IN.struct len=104
  IN 000000: 0000 0000 0000 0000 0100 0100 0100 0000 
  IN 000010: 0101 0001 7004 0000 0000 0000 0000 0000 
  IN 000020: 0000 0000 0000 0000 0000 0000 0000 0000 
  IN 000030: 0100 0000 0000 0000 0000 0000 0000 0000 
  IN 000040: 0000 0000 0000 0000 0000 0200 0000 0000 
  IN 000050: 0000 0000 0000 0000 0000 0000 0000 0000 
  IN 000060: 8809 ed08 0100 0000                     
RET  seq=53 conn=3b03 sel=9(0x9) ret=0x0 outStructCnt=88
  OUT.struct len=88
  OUT 000000: 0000 0600 0001 0000 0040 e606 0100 0000 
  OUT 000010: 009e 5702 0100 0000 0000 0000 0000 0000 
  OUT 000020: 0000 0000 2800 0000 0000 0200 0000 0000 
  OUT 000030: b898 a72b 0000 0000 b51d 5400 0000 0000 
  OUT 000040: 0000 0000 0000 0000 0000 0000 0000 0000 
  OUT 000050: 0000 0200 0000 0000                     
CALL seq=54 fn=Method conn=3b03 class=AGXAcceleratorG16G sel=9(0x9) inScalarCnt=0 inStructCnt=104
  IN.struct len=104
  IN 000000: 8000 0000 0000 0000 0100 0100 0100 0000 
  IN 000010: 0101 0001 300c 0000 0000 0000 0000 0000 
  IN 000020: 0000 0000 0000 0000 0000 0000 0000 0000 
  IN 000030: 0000 0000 0000 0000 0040 e606 0100 0000 
  IN 000040: 0040 e606 0100 0000 0000 0200 0000 0000 
  IN 000050: 2800 0000 0000 0000 0000 0000 1800 0000 
  IN 000060: 0000 4823 0b00 0000                     
RET  seq=54 conn=3b03 sel=9(0x9) ret=0x0 outStructCnt=88
  OUT.struct len=88
  OUT 000000: 0000 0600 0001 0000 0000 0000 0000 0000 
  OUT 000010: c09e 5702 0100 0000 0000 0000 0000 0000 
  OUT 000020: 0000 0000 2900 0000 0000 0200 0000 0000 
  OUT 000030: b998 a72b 0000 0000 b51d 5400 0000 0000 
  OUT 000040: 0000 0000 0000 0000 0000 0000 0000 0000 
  OUT 000050: 0000 0200 0000 0000                     
CALL seq=55 fn=Struct conn=3b03 class=AGXAcceleratorG16G sel=6(0x6) inScalarCnt=0 inStructCnt=0
RET  seq=55 conn=3b03 sel=6(0x6) ret=0x0 outStructCnt=16
  OUT.struct len=16
  OUT 000000: ba98 a72b 0000 0000 ba98 a72c 0000 0000 
CALL seq=56 fn=Method conn=3b03 class=AGXAcceleratorG16G sel=14(0xe) inScalarCnt=2 inStructCnt=0 inScalars=[0x4000,0x0]
RET  seq=56 conn=3b03 sel=14(0xe) ret=0x0 outStructCnt=16
  OUT.struct len=16
  OUT 000000: 0040 e806 0100 0000 0040 0000 0100 0000 
CALL seq=57 fn=Method conn=3b03 class=AGXAcceleratorG16G sel=14(0xe) inScalarCnt=2 inStructCnt=0 inScalars=[0x4000,0x1]
RET  seq=57 conn=3b03 sel=14(0xe) ret=0x0 outStructCnt=16
  OUT.struct len=16
  OUT 000000: 0080 e806 0100 0000 0040 0000 0200 0000 
CALL seq=58 fn=Method conn=3b03 class=AGXAcceleratorG16G sel=9(0x9) inScalarCnt=0 inStructCnt=104
  IN.struct len=104
  IN 000000: 0000 0000 0000 0000 0100 0100 0100 0000 
  IN 000010: 0101 0001 3004 0000 0000 0000 0000 0000 
  IN 000020: 0000 0000 0000 0000 0000 0000 0000 0000 
  IN 000030: 0000 0000 0000 0000 0000 0000 0000 0000 
  IN 000040: 0000 0000 0000 0000 0040 0700 0000 0000 
  IN 000050: 0000 0000 0000 0000 0000 0008 1800 0000 
  IN 000060: 0000 0000 0000 0000                     
RET  seq=58 conn=3b03 sel=9(0x9) ret=0x0 outStructCnt=88
  OUT.struct len=88
  OUT 000000: 0080 0800 0001 0000 00c0 e806 0100 0000 
  OUT 000010: 809f 5702 0100 0000 0000 0000 0000 0000 
  OUT 000020: 0000 0000 2a00 0000 0040 0700 0000 0000 
  OUT 000030: ba98 a72c 0000 0000 b61d 5400 0000 0000 
  OUT 000040: 0000 0000 0000 0000 0000 0000 0000 0000 
  OUT 000050: 0040 0700 0000 0000                     
CALL seq=59 fn=Method conn=3b03 class=AGXAcceleratorG16G sel=9(0x9) inScalarCnt=0 inStructCnt=104
  IN.struct len=104
  IN 000000: 0000 0000 0000 0000 0080 0100 0100 0000 
  IN 000010: 0101 0001 30c4 0000 0000 0000 0000 0000 
  IN 000020: 0000 0000 0000 0000 0000 0000 0000 0000 
  IN 000030: 0000 0000 0000 0000 0000 0000 0000 0000 
  IN 000040: 0000 0000 0000 0000 0080 0000 0000 0000 
  IN 000050: 0000 0000 0000 0000 0000 0038 0000 0000 
  IN 000060: 0000 0000 0000 0000                     
RET  seq=59 conn=3b03 sel=9(0x9) ret=0x0 outStructCnt=88
  OUT.struct len=88
  OUT 000000: 0080 0100 0000 0000 0000 f006 0100 0000 
  OUT 000010: 40a0 5702 0100 0000 0000 0000 0000 0000 
  OUT 000020: 0000 0000 2b00 0000 0080 0000 0000 0000 
  OUT 000030: bb98 a72c 0000 0000 b71d 5400 0000 0000 
  OUT 000040: 0000 0000 0000 0000 0000 0000 0000 0000 
  OUT 000050: 0080 0000 0000 0000                     
CALL seq=60 fn=Method conn=3b03 class=AGXAcceleratorG16G sel=9(0x9) inScalarCnt=0 inStructCnt=104
  IN.struct len=104
  IN 000000: 0000 0000 0000 0000 0080 0100 0100 0000 
  IN 000010: 0101 0001 30c4 0000 0000 0000 0000 0000 
  IN 000020: 0000 0000 0000 0000 0000 0000 0000 0000 
  IN 000030: 0000 0000 0000 0000 0000 0000 0000 0000 
  IN 000040: 0000 0000 0000 0000 0080 0000 0000 0000 
  IN 000050: 0000 0000 0000 0000 0000 0038 0000 0000 
  IN 000060: 0000 0000 0000 0000                     
RET  seq=60 conn=3b03 sel=9(0x9) ret=0x0 outStructCnt=88
  OUT.struct len=88
  OUT 000000: 0080 0200 0000 0000 0080 f006 0100 0000 
  OUT 000010: 00a1 5702 0100 0000 0000 0000 0000 0000 
  OUT 000020: 0000 0000 2c00 0000 0080 0000 0000 0000 
  OUT 000030: bc98 a72c 0000 0000 b81d 5400 0000 0000 
  OUT 000040: 0000 0000 0000 0000 0000 0000 0000 0000 
  OUT 000050: 0080 0000 0000 0000                     
CALL seq=61 fn=Method conn=3b03 class=AGXAcceleratorG16G sel=9(0x9) inScalarCnt=0 inStructCnt=104
  IN.struct len=104
  IN 000000: 0000 0000 0000 0000 0080 0100 0100 0000 
  IN 000010: 0101 0001 30c4 0000 0000 0000 0000 0000 
  IN 000020: 0000 0000 0000 0000 0000 0000 0000 0000 
  IN 000030: 0000 0000 0000 0000 0000 0000 0000 0000 
  IN 000040: 0000 0000 0000 0000 0080 0000 0000 0000 
  IN 000050: 0000 0000 0000 0000 0000 0038 0000 0000 
  IN 000060: 0000 0000 0000 0000                     
RET  seq=61 conn=3b03 sel=9(0x9) ret=0x0 outStructCnt=88
  OUT.struct len=88
  OUT 000000: 0080 0300 0000 0000 0000 f106 0100 0000 
  OUT 000010: c0a1 5702 0100 0000 0000 0000 0000 0000 
  OUT 000020: 0000 0000 2d00 0000 0080 0000 0000 0000 
  OUT 000030: bd98 a72c 0000 0000 b91d 5400 0000 0000 
  OUT 000040: 0000 0000 0000 0000 0000 0000 0000 0000 
  OUT 000050: 0080 0000 0000 0000                     
CALL seq=62 fn=Method conn=3b03 class=AGXAcceleratorG16G sel=9(0x9) inScalarCnt=0 inStructCnt=104
  IN.struct len=104
  IN 000000: 0000 0000 0000 0000 0080 0100 0100 0000 
  IN 000010: 0101 0001 3044 0000 0000 0000 0000 0000 
  IN 000020: 0000 0000 0000 0000 0000 0000 0000 0000 
  IN 000030: 0000 0000 0000 0000 0000 0000 0000 0000 
  IN 000040: 0000 0000 0000 0000 0080 0000 0000 0000 
  IN 000050: 0000 0000 0000 0000 0000 0008 4800 0000 
  IN 000060: 0000 0000 0000 0000                     
RET  seq=62 conn=3b03 sel=9(0x9) ret=0x0 outStructCnt=88
  OUT.struct len=88
  OUT 000000: 0000 1000 0001 0000 0080 f106 0100 0000 
  OUT 000010: 80a2 5702 0100 0000 0000 0000 0000 0000 
  OUT 000020: 0000 0000 2e00 0000 0080 0000 0000 0000 
  OUT 000030: be98 a72c 0000 0000 ba1d 5400 0000 0000 
  OUT 000040: 0000 0000 0000 0000 0000 0000 0000 0000 
  OUT 000050: 0080 0000 0000 0000                     
CALL seq=63 fn=Method conn=3b03 class=AGXAcceleratorG16G sel=9(0x9) inScalarCnt=0 inStructCnt=104
  IN.struct len=104
  IN 000000: 0000 0000 0000 0000 0080 0100 0100 0000 
  IN 000010: 0101 0001 3044 0000 0000 0000 0000 0000 
  IN 000020: 0000 0000 0000 0000 0000 0000 0000 0000 
  IN 000030: 0000 0000 0000 0000 0000 0000 0000 0000 
  IN 000040: 0000 0000 0000 0000 0080 0000 0000 0000 
  IN 000050: 0000 0000 0000 0000 0000 0008 0000 0000 
  IN 000060: 0000 0000 0000 0000                     
RET  seq=63 conn=3b03 sel=9(0x9) ret=0x0 outStructCnt=88
  OUT.struct len=88
  OUT 000000: 0000 1100 0001 0000 0000 f206 0100 0000 
  OUT 000010: 40a3 5702 0100 0000 0000 0000 0000 0000 
  OUT 000020: 0000 0000 2f00 0000 0080 0000 0000 0000 
  OUT 000030: bf98 a72c 0000 0000 bb1d 5400 0000 0000 
  OUT 000040: 0000 0000 0000 0000 0000 0000 0000 0000 
  OUT 000050: 0080 0000 0000 0000                     
CALL seq=64 fn=Method conn=3b03 class=AGXAcceleratorG16G sel=9(0x9) inScalarCnt=0 inStructCnt=104
  IN.struct len=104
  IN 000000: 0000 0000 0000 0000 0080 0100 0100 0000 
  IN 000010: 0101 0001 3044 0000 0000 0000 0000 0000 
  IN 000020: 0000 0000 0000 0000 0000 0000 0000 0000 
  IN 000030: 0000 0000 0000 0000 0000 0000 0000 0000 
  IN 000040: 0000 0000 0000 0000 0080 0000 0000 0000 
  IN 000050: 0000 0000 0000 0000 0000 0018 0000 0000 
  IN 000060: 0000 0000 0000 0000                     
RET  seq=64 conn=3b03 sel=9(0x9) ret=0x0 outStructCnt=88
  OUT.struct len=88
  OUT 000000: 0000 1200 0001 0000 0080 f206 0100 0000 
  OUT 000010: 00a4 5702 0100 0000 0000 0000 0000 0000 
  OUT 000020: 0000 0000 3000 0000 0080 0000 0000 0000 
  OUT 000030: c098 a72c 0000 0000 bc1d 5400 0000 0000 
  OUT 000040: 0000 0000 0000 0000 0000 0000 0000 0000 
  OUT 000050: 0080 0000 0000 0000                     
CALL seq=65 fn=Method conn=3b03 class=AGXAcceleratorG16G sel=9(0x9) inScalarCnt=0 inStructCnt=104
  IN.struct len=104
  IN 000000: 0000 0000 0000 0000 0080 0100 0100 0000 
  IN 000010: 0101 0001 3044 0000 0000 0000 0000 0000 
  IN 000020: 0000 0000 0000 0000 0000 0000 0000 0000 
  IN 000030: 0000 0000 0000 0000 0000 0000 0000 0000 
  IN 000040: 0000 0000 0000 0000 0080 0000 0000 0000 
  IN 000050: 0000 0000 0000 0000 0000 0018 0000 0000 
  IN 000060: 0000 0000 0000 0000                     
RET  seq=65 conn=3b03 sel=9(0x9) ret=0x0 outStructCnt=88
  OUT.struct len=88
  OUT 000000: 0000 1300 0001 0000 0000 f306 0100 0000 
  OUT 000010: c0a4 5702 0100 0000 0000 0000 0000 0000 
  OUT 000020: 0000 0000 3100 0000 0080 0000 0000 0000 
  OUT 000030: c198 a72c 0000 0000 bd1d 5400 0000 0000 
  OUT 000040: 0000 0000 0000 0000 0000 0000 0000 0000 
  OUT 000050: 0080 0000 0000 0000                     
CALL seq=66 fn=Method conn=3b03 class=AGXAcceleratorG16G sel=9(0x9) inScalarCnt=0 inStructCnt=104
  IN.struct len=104
  IN 000000: 0000 0000 0000 0000 0000 0100 0100 0000 
  IN 000010: 0101 0001 3044 0000 0000 0000 0000 0000 
  IN 000020: 0000 0000 0000 0000 0000 0000 0000 0000 
  IN 000030: 0000 0000 0000 0000 0000 0000 0000 0000 
  IN 000040: 0000 0000 0000 0000 0000 1000 0000 0000 
  IN 000050: 0000 0000 0000 0000 0000 0018 0000 0000 
  IN 000060: 0000 0000 0000 0000                     
RET  seq=66 conn=3b03 sel=9(0x9) ret=0x0 outStructCnt=88
  OUT.struct len=88
  OUT 000000: 0000 1400 0001 0000 0080 f306 0100 0000 
  OUT 000010: 80a5 5702 0100 0000 0000 0000 0000 0000 
  OUT 000020: 0000 0000 3200 0000 0000 1000 0000 0000 
  OUT 000030: c298 a72c 0000 0000 be1d 5400 0000 0000 
  OUT 000040: 0000 0000 0000 0000 0000 0000 0000 0000 
  OUT 000050: 0000 1000 0000 0000                     
CALL seq=67 fn=Method conn=3b03 class=AGXAcceleratorG16G sel=9(0x9) inScalarCnt=0 inStructCnt=104
  IN.struct len=104
  IN 000000: 0000 0000 0000 0000 0080 0100 0100 0000 
  IN 000010: 0101 0001 30c4 0000 0000 0000 0000 0000 
  IN 000020: 0000 0000 0000 0000 0000 0000 0000 0000 
  IN 000030: 0000 0000 0000 0000 0000 0000 0000 0000 
  IN 000040: 0000 0000 0000 0000 0080 0000 0000 0000 
  IN 000050: 0000 0000 0000 0000 0000 0038 0000 0000 
  IN 000060: 0000 0000 0000 0000                     
RET  seq=67 conn=3b03 sel=9(0x9) ret=0x0 outStructCnt=88
  OUT.struct len=88
  OUT 000000: 0080 0400 0000 0000 0080 0307 0100 0000 
  OUT 000010: 40a6 5702 0100 0000 0000 0000 0000 0000 
  OUT 000020: 0000 0000 3300 0000 0080 0000 0000 0000 
  OUT 000030: c398 a72c 0000 0000 bf1d 5400 0000 0000 
  OUT 000040: 0000 0000 0000 0000 0000 0000 0000 0000 
  OUT 000050: 0080 0000 0000 0000                     
CALL seq=68 fn=Method conn=3b03 class=AGXAcceleratorG16G sel=9(0x9) inScalarCnt=0 inStructCnt=104
  IN.struct len=104
  IN 000000: 0000 0000 0000 0000 0080 0100 0100 0000 
  IN 000010: 0101 0001 3044 0000 0000 0000 0000 0000 
  IN 000020: 0000 0000 0000 0000 0000 0000 0000 0000 
  IN 000030: 0000 0000 0000 0000 0000 0000 0000 0000 
  IN 000040: 0000 0000 0000 0000 0080 0000 0000 0000 
  IN 000050: 0000 0000 0000 0000 0000 0018 0000 0000 
  IN 000060: 0000 0000 0000 0000                     
RET  seq=68 conn=3b03 sel=9(0x9) ret=0x0 outStructCnt=88
  OUT.struct len=88
  OUT 000000: 0080 2400 0001 0000 0000 0407 0100 0000 
  OUT 000010: 00a7 5702 0100 0000 0000 0000 0000 0000 
  OUT 000020: 0000 0000 3400 0000 0080 0000 0000 0000 
  OUT 000030: c498 a72c 0000 0000 c01d 5400 0000 0000 
  OUT 000040: 0000 0000 0000 0000 0000 0000 0000 0000 
  OUT 000050: 0080 0000 0000 0000                     
CALL seq=69 fn=Method conn=3b03 class=AGXAcceleratorG16G sel=9(0x9) inScalarCnt=0 inStructCnt=104
  IN.struct len=104
  IN 000000: 0000 0000 0000 0000 0080 0100 0100 0000 
  IN 000010: 0101 0001 3044 0000 0000 0000 0000 0000 
  IN 000020: 0000 0000 0000 0000 0000 0000 0000 0000 
  IN 000030: 0000 0000 0000 0000 0000 0000 0000 0000 
  IN 000040: 0000 0000 0000 0000 0080 0000 0000 0000 
  IN 000050: 0000 0000 0000 0000 0000 0008 0000 0000 
  IN 000060: 0000 0000 0000 0000                     
RET  seq=69 conn=3b03 sel=9(0x9) ret=0x0 outStructCnt=88
  OUT.struct len=88
  OUT 000000: 0080 2500 0001 0000 0080 0407 0100 0000 
  OUT 000010: c0a7 5702 0100 0000 0000 0000 0000 0000 
  OUT 000020: 0000 0000 3500 0000 0080 0000 0000 0000 
  OUT 000030: c598 a72c 0000 0000 c11d 5400 0000 0000 
  OUT 000040: 0000 0000 0000 0000 0000 0000 0000 0000 
  OUT 000050: 0080 0000 0000 0000                     
CALL seq=70 fn=Method conn=3b03 class=AGXAcceleratorG16G sel=9(0x9) inScalarCnt=0 inStructCnt=104
  IN.struct len=104
  IN 000000: 0000 0000 0000 0000 0080 0100 0100 0000 
  IN 000010: 0101 0001 3044 0000 0000 0000 0000 0000 
  IN 000020: 0000 0000 0000 0000 0000 0000 0000 0000 
  IN 000030: 0000 0000 0000 0000 0000 0000 0000 0000 
  IN 000040: 0000 0000 0000 0000 0080 0000 0000 0000 
  IN 000050: 0000 0000 0000 0000 0000 0008 0000 0000 
  IN 000060: 0000 0000 0000 0000                     
RET  seq=70 conn=3b03 sel=9(0x9) ret=0x0 outStructCnt=88
  OUT.struct len=88
  OUT 000000: 0080 2600 0001 0000 0000 0507 0100 0000 
  OUT 000010: 80a8 5702 0100 0000 0000 0000 0000 0000 
  OUT 000020: 0000 0000 3600 0000 0080 0000 0000 0000 
  OUT 000030: c698 a72c 0000 0000 c21d 5400 0000 0000 
  OUT 000040: 0000 0000 0000 0000 0000 0000 0000 0000 
  OUT 000050: 0080 0000 0000 0000                     
CALL seq=71 fn=Method conn=3b03 class=AGXAcceleratorG16G sel=9(0x9) inScalarCnt=0 inStructCnt=104
  IN.struct len=104
  IN 000000: 0000 0000 0000 0000 0080 0100 0100 0000 
  IN 000010: 0101 0001 3044 0000 0000 0000 0000 0000 
  IN 000020: 0000 0000 0000 0000 0000 0000 0000 0000 
  IN 000030: 0000 0000 0000 0000 0000 0000 0000 0000 
  IN 000040: 0000 0000 0000 0000 0080 0000 0000 0000 
  IN 000050: 0000 0000 0000 0000 0000 0008 0000 0000 
  IN 000060: 0000 0000 0000 0000                     
RET  seq=71 conn=3b03 sel=9(0x9) ret=0x0 outStructCnt=88
  OUT.struct len=88
  OUT 000000: 0080 2700 0001 0000 0080 0507 0100 0000 
  OUT 000010: 40a9 5702 0100 0000 0000 0000 0000 0000 
  OUT 000020: 0000 0000 3700 0000 0080 0000 0000 0000 
  OUT 000030: c798 a72c 0000 0000 c31d 5400 0000 0000 
  OUT 000040: 0000 0000 0000 0000 0000 0000 0000 0000 
  OUT 000050: 0080 0000 0000 0000                     
CALL seq=72 fn=Method conn=3b03 class=AGXAcceleratorG16G sel=9(0x9) inScalarCnt=0 inStructCnt=104
  IN.struct len=104
  IN 000000: 0000 0000 0000 0000 0080 0100 0100 0000 
  IN 000010: 0101 0001 3044 0000 0000 0000 0000 0000 
  IN 000020: 0000 0000 0000 0000 0000 0000 0000 0000 
  IN 000030: 0000 0000 0000 0000 0000 0000 0000 0000 
  IN 000040: 0000 0000 0000 0000 0080 0000 0000 0000 
  IN 000050: 0000 0000 0000 0000 0000 0008 0000 0000 
  IN 000060: 0000 0000 0000 0000                     
RET  seq=72 conn=3b03 sel=9(0x9) ret=0x0 outStructCnt=88
  OUT.struct len=88
  OUT 000000: 0080 2800 0001 0000 0000 0607 0100 0000 
  OUT 000010: 00aa 5702 0100 0000 0000 0000 0000 0000 
  OUT 000020: 0000 0000 3800 0000 0080 0000 0000 0000 
  OUT 000030: c898 a72c 0000 0000 c41d 5400 0000 0000 
  OUT 000040: 0000 0000 0000 0000 0000 0000 0000 0000 
  OUT 000050: 0080 0000 0000 0000                     
CALL seq=73 fn=Method conn=3b03 class=AGXAcceleratorG16G sel=9(0x9) inScalarCnt=0 inStructCnt=104
  IN.struct len=104
  IN 000000: 0000 0000 0000 0000 0080 0100 0100 0000 
  IN 000010: 0101 0001 30c4 0000 0000 0000 0000 0000 
  IN 000020: 0000 0000 0000 0000 0000 0000 0000 0000 
  IN 000030: 0000 0000 0000 0000 0000 0000 0000 0000 
  IN 000040: 0000 0000 0000 0000 0080 0000 0000 0000 
  IN 000050: 0000 0000 0000 0000 0000 0048 0000 0000 
  IN 000060: 0000 0000 0000 0000                     
RET  seq=73 conn=3b03 sel=9(0x9) ret=0x0 outStructCnt=88
  OUT.struct len=88
  OUT 000000: 0080 0500 0000 0000 0080 0607 0100 0000 
  OUT 000010: c0aa 5702 0100 0000 0000 0000 0000 0000 
  OUT 000020: 0000 0000 3900 0000 0080 0000 0000 0000 
  OUT 000030: c998 a72c 0000 0000 c51d 5400 0000 0000 
  OUT 000040: 0000 0000 0000 0000 0000 0000 0000 0000 
  OUT 000050: 0080 0000 0000 0000                     
CALL seq=74 fn=Method conn=3b03 class=AGXAcceleratorG16G sel=9(0x9) inScalarCnt=0 inStructCnt=104
  IN.struct len=104
  IN 000000: 0000 0000 0000 0000 e088 0100 0100 0000 
  IN 000010: 0101 0001 30c4 0000 0000 0000 0000 0000 
  IN 000020: 0000 0000 0000 0000 0000 0000 0000 0000 
  IN 000030: 0000 0000 0000 0000 0000 0000 0000 0000 
  IN 000040: 0000 0000 0000 0000 e088 0000 0000 0000 
  IN 000050: 0000 0000 0000 0000 0000 0048 0000 0000 
  IN 000060: 0000 0000 0000 0000                     
RET  seq=74 conn=3b03 sel=9(0x9) ret=0x0 outStructCnt=88
  OUT.struct len=88
  OUT 000000: 0080 0600 0000 0000 0000 0707 0100 0000 
  OUT 000010: 80ab 5702 0100 0000 0000 0000 0000 0000 
  OUT 000020: 0000 0000 3a00 0000 00c0 0000 0000 0000 
  OUT 000030: ca98 a72c 0000 0000 c61d 5400 0000 0000 
  OUT 000040: 0000 0000 0000 0000 0000 0000 0000 0000 
  OUT 000050: 00c0 0000 0000 0000                     
CALL seq=75 fn=Method conn=3b03 class=AGXAcceleratorG16G sel=9(0x9) inScalarCnt=0 inStructCnt=104
  IN.struct len=104
  IN 000000: 0000 0000 0000 0000 0000 0100 0100 0000 
  IN 000010: 0101 0001 3044 0000 0000 0000 0000 0000 
  IN 000020: 0000 0000 0000 0000 0000 0000 0000 0000 
  IN 000030: 0000 0000 0000 0000 0000 0000 0000 0000 
  IN 000040: 0000 0000 0000 0000 0000 0c00 0000 0000 
  IN 000050: 0000 0000 0000 0000 0000 0008 0000 0000 
  IN 000060: 0000 0000 0000 0000                     
RET  seq=75 conn=3b03 sel=9(0x9) ret=0x0 outStructCnt=88
  OUT.struct len=88
  OUT 000000: 0080 2900 0001 0000 00c0 0707 0100 0000 
  OUT 000010: 40ac 5702 0100 0000 0000 0000 0000 0000 
  OUT 000020: 0000 0000 3b00 0000 0000 0c00 0000 0000 
  OUT 000030: cb98 a72c 0000 0000 c71d 5400 0000 0000 
  OUT 000040: 0000 0000 0000 0000 0000 0000 0000 0000 
  OUT 000050: 0000 0c00 0000 0000                     
BODUMP begin reason=sigusr1 n_bo=57
BODUMP handle=0 gpu_va=0x10000000000 cpu=0x10258c000 size=0x10000 read=0x10000 -> /Users/user/asahi_re/public/agx-re/experiments/EXP-0042-graphics-code-selection/raw/run_ab_p17/maps/dump00/bo_sigusr1_h0_va10000000000_cpu10258c000_sz10000.hex
BODUMP handle=0 gpu_va=0x6f00000000 cpu=0x10259c000 size=0x3800 read=0x3800 -> /Users/user/asahi_re/public/agx-re/experiments/EXP-0042-graphics-code-selection/raw/run_ab_p17/maps/dump00/bo_sigusr1_h0_va6f00000000_cpu10259c000_sz3800.hex
BODUMP handle=0 gpu_va=0x10000018000 cpu=0x102768000 size=0x20000 read=0x20000 -> /Users/user/asahi_re/public/agx-re/experiments/EXP-0042-graphics-code-selection/raw/run_ab_p17/maps/dump00/bo_sigusr1_h0_va10000018000_cpu102768000_sz20000.hex
BODUMP handle=0 gpu_va=0x10000019000 cpu=0x102769000 size=0x20000 read=0x20000 -> /Users/user/asahi_re/public/agx-re/experiments/EXP-0042-graphics-code-selection/raw/run_ab_p17/maps/dump00/bo_sigusr1_h0_va10000019000_cpu102769000_sz20000.hex
BODUMP handle=0 gpu_va=0x1000001a100 cpu=0x10276a100 size=0x20000 read=0x20000 -> /Users/user/asahi_re/public/agx-re/experiments/EXP-0042-graphics-code-selection/raw/run_ab_p17/maps/dump00/bo_sigusr1_h0_va1000001a100_cpu10276a100_sz20000.hex
BODUMP handle=0 gpu_va=0x1000001b300 cpu=0x10276b300 size=0x20000 read=0x20000 -> /Users/user/asahi_re/public/agx-re/experiments/EXP-0042-graphics-code-selection/raw/run_ab_p17/maps/dump00/bo_sigusr1_h0_va1000001b300_cpu10276b300_sz20000.hex
BODUMP handle=0 gpu_va=0x1000001c600 cpu=0x10276c600 size=0x20000 read=0x20000 -> /Users/user/asahi_re/public/agx-re/experiments/EXP-0042-graphics-code-selection/raw/run_ab_p17/maps/dump00/bo_sigusr1_h0_va1000001c600_cpu10276c600_sz20000.hex
BODUMP handle=0 gpu_va=0x1000001da00 cpu=0x10276da00 size=0x20000 read=0x20000 -> /Users/user/asahi_re/public/agx-re/experiments/EXP-0042-graphics-code-selection/raw/run_ab_p17/maps/dump00/bo_sigusr1_h0_va1000001da00_cpu10276da00_sz20000.hex
BODUMP handle=0 gpu_va=0x1000001ef00 cpu=0x10276ef00 size=0x20000 read=0x20000 -> /Users/user/asahi_re/public/agx-re/experiments/EXP-0042-graphics-code-selection/raw/run_ab_p17/maps/dump00/bo_sigusr1_h0_va1000001ef00_cpu10276ef00_sz20000.hex
BODUMP handle=0 gpu_va=0x10000020500 cpu=0x102770500 size=0x20000 read=0x20000 -> /Users/user/asahi_re/public/agx-re/experiments/EXP-0042-graphics-code-selection/raw/run_ab_p17/maps/dump00/bo_sigusr1_h0_va10000020500_cpu102770500_sz20000.hex
BODUMP handle=0 gpu_va=0x10000021c00 cpu=0x102771c00 size=0x20000 read=0x20000 -> /Users/user/asahi_re/public/agx-re/experiments/EXP-0042-graphics-code-selection/raw/run_ab_p17/maps/dump00/bo_sigusr1_h0_va10000021c00_cpu102771c00_sz20000.hex
BODUMP handle=0 gpu_va=0x10000023400 cpu=0x102773400 size=0x20000 read=0x20000 -> /Users/user/asahi_re/public/agx-re/experiments/EXP-0042-graphics-code-selection/raw/run_ab_p17/maps/dump00/bo_sigusr1_h0_va10000023400_cpu102773400_sz20000.hex
BODUMP handle=0 gpu_va=0x10000024d00 cpu=0x102774d00 size=0x20000 read=0x20000 -> /Users/user/asahi_re/public/agx-re/experiments/EXP-0042-graphics-code-selection/raw/run_ab_p17/maps/dump00/bo_sigusr1_h0_va10000024d00_cpu102774d00_sz20000.hex
BODUMP handle=0 gpu_va=0x10000026700 cpu=0x102776700 size=0x20000 read=0x20000 -> /Users/user/asahi_re/public/agx-re/experiments/EXP-0042-graphics-code-selection/raw/run_ab_p17/maps/dump00/bo_sigusr1_h0_va10000026700_cpu102776700_sz20000.hex
BODUMP handle=0 gpu_va=0x10000028200 cpu=0x102778200 size=0x20000 read=0x20000 -> /Users/user/asahi_re/public/agx-re/experiments/EXP-0042-graphics-code-selection/raw/run_ab_p17/maps/dump00/bo_sigusr1_h0_va10000028200_cpu102778200_sz20000.hex
BODUMP handle=0 gpu_va=0x10000029e00 cpu=0x102779e00 size=0x20000 read=0x20000 -> /Users/user/asahi_re/public/agx-re/experiments/EXP-0042-graphics-code-selection/raw/run_ab_p17/maps/dump00/bo_sigusr1_h0_va10000029e00_cpu102779e00_sz20000.hex
BODUMP handle=0 gpu_va=0x1000002bb00 cpu=0x10277bb00 size=0x20000 read=0x20000 -> /Users/user/asahi_re/public/agx-re/experiments/EXP-0042-graphics-code-selection/raw/run_ab_p17/maps/dump00/bo_sigusr1_h0_va1000002bb00_cpu10277bb00_sz20000.hex
BODUMP handle=0 gpu_va=0x10000040000 cpu=0x106e40000 size=0x10000 read=0x10000 -> /Users/user/asahi_re/public/agx-re/experiments/EXP-0042-graphics-code-selection/raw/run_ab_p17/maps/dump00/bo_sigusr1_h0_va10000040000_cpu106e40000_sz10000.hex
BODUMP handle=0 gpu_va=0x0 cpu=0x106e50000 size=0x10000 read=0x10000 -> /Users/user/asahi_re/public/agx-re/experiments/EXP-0042-graphics-code-selection/raw/run_ab_p17/maps/dump00/bo_sigusr1_h0_va0_cpu106e50000_sz10000.hex
BODUMP handle=0 gpu_va=0x10000058000 cpu=0x102798000 size=0x4000 read=0x4000 -> /Users/user/asahi_re/public/agx-re/experiments/EXP-0042-graphics-code-selection/raw/run_ab_p17/maps/dump00/bo_sigusr1_h0_va10000058000_cpu102798000_sz4000.hex
BODUMP handle=0 gpu_va=0x10000060000 cpu=0x106e64000 size=0x20000 read=0x20000 -> /Users/user/asahi_re/public/agx-re/experiments/EXP-0042-graphics-code-selection/raw/run_ab_p17/maps/dump00/bo_sigusr1_h0_va10000060000_cpu106e64000_sz20000.hex
BODUMP handle=0 gpu_va=0x10000088000 cpu=0x106e8c000 size=0x74000 read=0x74000 -> /Users/user/asahi_re/public/agx-re/experiments/EXP-0042-graphics-code-selection/raw/run_ab_p17/maps/dump00/bo_sigusr1_h0_va10000088000_cpu106e8c000_sz74000.hex
BODUMP handle=0 gpu_va=0x18000 cpu=0x106f00000 size=0x8000 read=0x8000 -> /Users/user/asahi_re/public/agx-re/experiments/EXP-0042-graphics-code-selection/raw/run_ab_p17/maps/dump00/bo_sigusr1_h0_va18000_cpu106f00000_sz8000.hex
BODUMP handle=0 gpu_va=0x28000 cpu=0x106f08000 size=0x8000 read=0x8000 -> /Users/user/asahi_re/public/agx-re/experiments/EXP-0042-graphics-code-selection/raw/run_ab_p17/maps/dump00/bo_sigusr1_h0_va28000_cpu106f08000_sz8000.hex
BODUMP handle=0 gpu_va=0x38000 cpu=0x106f10000 size=0x8000 read=0x8000 -> /Users/user/asahi_re/public/agx-re/experiments/EXP-0042-graphics-code-selection/raw/run_ab_p17/maps/dump00/bo_sigusr1_h0_va38000_cpu106f10000_sz8000.hex
BODUMP handle=0 gpu_va=0x10000100000 cpu=0x106f18000 size=0x8000 read=0x8000 -> /Users/user/asahi_re/public/agx-re/experiments/EXP-0042-graphics-code-selection/raw/run_ab_p17/maps/dump00/bo_sigusr1_h0_va10000100000_cpu106f18000_sz8000.hex
BODUMP handle=0 gpu_va=0x10000110000 cpu=0x106f20000 size=0x8000 read=0x8000 -> /Users/user/asahi_re/public/agx-re/experiments/EXP-0042-graphics-code-selection/raw/run_ab_p17/maps/dump00/bo_sigusr1_h0_va10000110000_cpu106f20000_sz8000.hex
BODUMP handle=0 gpu_va=0x10000120000 cpu=0x106f28000 size=0x8000 read=0x8000 -> /Users/user/asahi_re/public/agx-re/experiments/EXP-0042-graphics-code-selection/raw/run_ab_p17/maps/dump00/bo_sigusr1_h0_va10000120000_cpu106f28000_sz8000.hex
BODUMP handle=0 gpu_va=0x10000130000 cpu=0x106f30000 size=0x8000 read=0x8000 -> /Users/user/asahi_re/public/agx-re/experiments/EXP-0042-graphics-code-selection/raw/run_ab_p17/maps/dump00/bo_sigusr1_h0_va10000130000_cpu106f30000_sz8000.hex
BODUMP handle=0 gpu_va=0x10000140000 cpu=0x106f38000 size=0x100000 read=0x100000 -> /Users/user/asahi_re/public/agx-re/experiments/EXP-0042-graphics-code-selection/raw/run_ab_p17/maps/dump00/bo_sigusr1_h0_va10000140000_cpu106f38000_sz100000.hex
BODUMP handle=0 gpu_va=0x48000 cpu=0x107038000 size=0x8000 read=0x8000 -> /Users/user/asahi_re/public/agx-re/experiments/EXP-0042-graphics-code-selection/raw/run_ab_p17/maps/dump00/bo_sigusr1_h0_va48000_cpu107038000_sz8000.hex
BODUMP handle=0 gpu_va=0x10000248000 cpu=0x107040000 size=0x8000 read=0x8000 -> /Users/user/asahi_re/public/agx-re/experiments/EXP-0042-graphics-code-selection/raw/run_ab_p17/maps/dump00/bo_sigusr1_h0_va10000248000_cpu107040000_sz8000.hex
BODUMP handle=0 gpu_va=0x10000258000 cpu=0x107048000 size=0x8000 read=0x8000 -> /Users/user/asahi_re/public/agx-re/experiments/EXP-0042-graphics-code-selection/raw/run_ab_p17/maps/dump00/bo_sigusr1_h0_va10000258000_cpu107048000_sz8000.hex
BODUMP handle=0 gpu_va=0x10000268000 cpu=0x107050000 size=0x8000 read=0x8000 -> /Users/user/asahi_re/public/agx-re/experiments/EXP-0042-graphics-code-selection/raw/run_ab_p17/maps/dump00/bo_sigusr1_h0_va10000268000_cpu107050000_sz8000.hex
BODUMP handle=0 gpu_va=0x10000278000 cpu=0x107058000 size=0x8000 read=0x8000 -> /Users/user/asahi_re/public/agx-re/experiments/EXP-0042-graphics-code-selection/raw/run_ab_p17/maps/dump00/bo_sigusr1_h0_va10000278000_cpu107058000_sz8000.hex
BODUMP handle=0 gpu_va=0x10000288000 cpu=0x107060000 size=0x8000 read=0x8000 -> /Users/user/asahi_re/public/agx-re/experiments/EXP-0042-graphics-code-selection/raw/run_ab_p17/maps/dump00/bo_sigusr1_h0_va10000288000_cpu107060000_sz8000.hex
BODUMP handle=0 gpu_va=0x58000 cpu=0x107068000 size=0x8000 read=0x8000 -> /Users/user/asahi_re/public/agx-re/experiments/EXP-0042-graphics-code-selection/raw/run_ab_p17/maps/dump00/bo_sigusr1_h0_va58000_cpu107068000_sz8000.hex
BODUMP handle=0 gpu_va=0x68000 cpu=0x107070000 size=0x88e0 read=0x88e0 -> /Users/user/asahi_re/public/agx-re/experiments/EXP-0042-graphics-code-selection/raw/run_ab_p17/maps/dump00/bo_sigusr1_h0_va68000_cpu107070000_sz88e0.hex
BODUMP handle=0 gpu_va=0x10000298000 cpu=0x10707c000 size=0xc0000 read=0xc0000 -> /Users/user/asahi_re/public/agx-re/experiments/EXP-0042-graphics-code-selection/raw/run_ab_p17/maps/dump00/bo_sigusr1_h0_va10000298000_cpu10707c000_szc0000.hex
BODUMP end reason=sigusr1
MAPDUMP reason=sigusr1 seq=75 conn=0 memType=0x00005e15 addr=0x102584000 size=0x4000 read=0x4000 -> /Users/user/asahi_re/public/agx-re/experiments/EXP-0042-graphics-code-selection/raw/run_ab_p17/maps/dump00/map_seq000075_conn0_type00005e15_at102584000_sz4000.hex
MAPDUMP reason=sigusr1 seq=75 conn=0 memType=0x00005e15 addr=0x102578000 size=0x4000 read=0x4000 -> /Users/user/asahi_re/public/agx-re/experiments/EXP-0042-graphics-code-selection/raw/run_ab_p17/maps/dump00/map_seq000075_conn0_type00005e15_at102578000_sz4000.hex
BODUMP begin reason=sigusr1 n_bo=57
BODUMP handle=0 gpu_va=0x10000000000 cpu=0x10258c000 size=0x10000 read=0x10000 -> /Users/user/asahi_re/public/agx-re/experiments/EXP-0042-graphics-code-selection/raw/run_ab_p17/maps/dump01/bo_sigusr1_h0_va10000000000_cpu10258c000_sz10000.hex
BODUMP handle=0 gpu_va=0x6f00000000 cpu=0x10259c000 size=0x3800 read=0x3800 -> /Users/user/asahi_re/public/agx-re/experiments/EXP-0042-graphics-code-selection/raw/run_ab_p17/maps/dump01/bo_sigusr1_h0_va6f00000000_cpu10259c000_sz3800.hex
BODUMP handle=0 gpu_va=0x10000018000 cpu=0x102768000 size=0x20000 read=0x20000 -> /Users/user/asahi_re/public/agx-re/experiments/EXP-0042-graphics-code-selection/raw/run_ab_p17/maps/dump01/bo_sigusr1_h0_va10000018000_cpu102768000_sz20000.hex
BODUMP handle=0 gpu_va=0x10000019000 cpu=0x102769000 size=0x20000 read=0x20000 -> /Users/user/asahi_re/public/agx-re/experiments/EXP-0042-graphics-code-selection/raw/run_ab_p17/maps/dump01/bo_sigusr1_h0_va10000019000_cpu102769000_sz20000.hex
BODUMP handle=0 gpu_va=0x1000001a100 cpu=0x10276a100 size=0x20000 read=0x20000 -> /Users/user/asahi_re/public/agx-re/experiments/EXP-0042-graphics-code-selection/raw/run_ab_p17/maps/dump01/bo_sigusr1_h0_va1000001a100_cpu10276a100_sz20000.hex
BODUMP handle=0 gpu_va=0x1000001b300 cpu=0x10276b300 size=0x20000 read=0x20000 -> /Users/user/asahi_re/public/agx-re/experiments/EXP-0042-graphics-code-selection/raw/run_ab_p17/maps/dump01/bo_sigusr1_h0_va1000001b300_cpu10276b300_sz20000.hex
BODUMP handle=0 gpu_va=0x1000001c600 cpu=0x10276c600 size=0x20000 read=0x20000 -> /Users/user/asahi_re/public/agx-re/experiments/EXP-0042-graphics-code-selection/raw/run_ab_p17/maps/dump01/bo_sigusr1_h0_va1000001c600_cpu10276c600_sz20000.hex
BODUMP handle=0 gpu_va=0x1000001da00 cpu=0x10276da00 size=0x20000 read=0x20000 -> /Users/user/asahi_re/public/agx-re/experiments/EXP-0042-graphics-code-selection/raw/run_ab_p17/maps/dump01/bo_sigusr1_h0_va1000001da00_cpu10276da00_sz20000.hex
BODUMP handle=0 gpu_va=0x1000001ef00 cpu=0x10276ef00 size=0x20000 read=0x20000 -> /Users/user/asahi_re/public/agx-re/experiments/EXP-0042-graphics-code-selection/raw/run_ab_p17/maps/dump01/bo_sigusr1_h0_va1000001ef00_cpu10276ef00_sz20000.hex
BODUMP handle=0 gpu_va=0x10000020500 cpu=0x102770500 size=0x20000 read=0x20000 -> /Users/user/asahi_re/public/agx-re/experiments/EXP-0042-graphics-code-selection/raw/run_ab_p17/maps/dump01/bo_sigusr1_h0_va10000020500_cpu102770500_sz20000.hex
BODUMP handle=0 gpu_va=0x10000021c00 cpu=0x102771c00 size=0x20000 read=0x20000 -> /Users/user/asahi_re/public/agx-re/experiments/EXP-0042-graphics-code-selection/raw/run_ab_p17/maps/dump01/bo_sigusr1_h0_va10000021c00_cpu102771c00_sz20000.hex
BODUMP handle=0 gpu_va=0x10000023400 cpu=0x102773400 size=0x20000 read=0x20000 -> /Users/user/asahi_re/public/agx-re/experiments/EXP-0042-graphics-code-selection/raw/run_ab_p17/maps/dump01/bo_sigusr1_h0_va10000023400_cpu102773400_sz20000.hex
BODUMP handle=0 gpu_va=0x10000024d00 cpu=0x102774d00 size=0x20000 read=0x20000 -> /Users/user/asahi_re/public/agx-re/experiments/EXP-0042-graphics-code-selection/raw/run_ab_p17/maps/dump01/bo_sigusr1_h0_va10000024d00_cpu102774d00_sz20000.hex
BODUMP handle=0 gpu_va=0x10000026700 cpu=0x102776700 size=0x20000 read=0x20000 -> /Users/user/asahi_re/public/agx-re/experiments/EXP-0042-graphics-code-selection/raw/run_ab_p17/maps/dump01/bo_sigusr1_h0_va10000026700_cpu102776700_sz20000.hex
BODUMP handle=0 gpu_va=0x10000028200 cpu=0x102778200 size=0x20000 read=0x20000 -> /Users/user/asahi_re/public/agx-re/experiments/EXP-0042-graphics-code-selection/raw/run_ab_p17/maps/dump01/bo_sigusr1_h0_va10000028200_cpu102778200_sz20000.hex
BODUMP handle=0 gpu_va=0x10000029e00 cpu=0x102779e00 size=0x20000 read=0x20000 -> /Users/user/asahi_re/public/agx-re/experiments/EXP-0042-graphics-code-selection/raw/run_ab_p17/maps/dump01/bo_sigusr1_h0_va10000029e00_cpu102779e00_sz20000.hex
BODUMP handle=0 gpu_va=0x1000002bb00 cpu=0x10277bb00 size=0x20000 read=0x20000 -> /Users/user/asahi_re/public/agx-re/experiments/EXP-0042-graphics-code-selection/raw/run_ab_p17/maps/dump01/bo_sigusr1_h0_va1000002bb00_cpu10277bb00_sz20000.hex
BODUMP handle=0 gpu_va=0x10000040000 cpu=0x106e40000 size=0x10000 read=0x10000 -> /Users/user/asahi_re/public/agx-re/experiments/EXP-0042-graphics-code-selection/raw/run_ab_p17/maps/dump01/bo_sigusr1_h0_va10000040000_cpu106e40000_sz10000.hex
BODUMP handle=0 gpu_va=0x0 cpu=0x106e50000 size=0x10000 read=0x10000 -> /Users/user/asahi_re/public/agx-re/experiments/EXP-0042-graphics-code-selection/raw/run_ab_p17/maps/dump01/bo_sigusr1_h0_va0_cpu106e50000_sz10000.hex
BODUMP handle=0 gpu_va=0x10000058000 cpu=0x102798000 size=0x4000 read=0x4000 -> /Users/user/asahi_re/public/agx-re/experiments/EXP-0042-graphics-code-selection/raw/run_ab_p17/maps/dump01/bo_sigusr1_h0_va10000058000_cpu102798000_sz4000.hex
BODUMP handle=0 gpu_va=0x10000060000 cpu=0x106e64000 size=0x20000 read=0x20000 -> /Users/user/asahi_re/public/agx-re/experiments/EXP-0042-graphics-code-selection/raw/run_ab_p17/maps/dump01/bo_sigusr1_h0_va10000060000_cpu106e64000_sz20000.hex
BODUMP handle=0 gpu_va=0x10000088000 cpu=0x106e8c000 size=0x74000 read=0x74000 -> /Users/user/asahi_re/public/agx-re/experiments/EXP-0042-graphics-code-selection/raw/run_ab_p17/maps/dump01/bo_sigusr1_h0_va10000088000_cpu106e8c000_sz74000.hex
BODUMP handle=0 gpu_va=0x18000 cpu=0x106f00000 size=0x8000 read=0x8000 -> /Users/user/asahi_re/public/agx-re/experiments/EXP-0042-graphics-code-selection/raw/run_ab_p17/maps/dump01/bo_sigusr1_h0_va18000_cpu106f00000_sz8000.hex
BODUMP handle=0 gpu_va=0x28000 cpu=0x106f08000 size=0x8000 read=0x8000 -> /Users/user/asahi_re/public/agx-re/experiments/EXP-0042-graphics-code-selection/raw/run_ab_p17/maps/dump01/bo_sigusr1_h0_va28000_cpu106f08000_sz8000.hex
BODUMP handle=0 gpu_va=0x38000 cpu=0x106f10000 size=0x8000 read=0x8000 -> /Users/user/asahi_re/public/agx-re/experiments/EXP-0042-graphics-code-selection/raw/run_ab_p17/maps/dump01/bo_sigusr1_h0_va38000_cpu106f10000_sz8000.hex
BODUMP handle=0 gpu_va=0x10000100000 cpu=0x106f18000 size=0x8000 read=0x8000 -> /Users/user/asahi_re/public/agx-re/experiments/EXP-0042-graphics-code-selection/raw/run_ab_p17/maps/dump01/bo_sigusr1_h0_va10000100000_cpu106f18000_sz8000.hex
BODUMP handle=0 gpu_va=0x10000110000 cpu=0x106f20000 size=0x8000 read=0x8000 -> /Users/user/asahi_re/public/agx-re/experiments/EXP-0042-graphics-code-selection/raw/run_ab_p17/maps/dump01/bo_sigusr1_h0_va10000110000_cpu106f20000_sz8000.hex
BODUMP handle=0 gpu_va=0x10000120000 cpu=0x106f28000 size=0x8000 read=0x8000 -> /Users/user/asahi_re/public/agx-re/experiments/EXP-0042-graphics-code-selection/raw/run_ab_p17/maps/dump01/bo_sigusr1_h0_va10000120000_cpu106f28000_sz8000.hex
BODUMP handle=0 gpu_va=0x10000130000 cpu=0x106f30000 size=0x8000 read=0x8000 -> /Users/user/asahi_re/public/agx-re/experiments/EXP-0042-graphics-code-selection/raw/run_ab_p17/maps/dump01/bo_sigusr1_h0_va10000130000_cpu106f30000_sz8000.hex
BODUMP handle=0 gpu_va=0x10000140000 cpu=0x106f38000 size=0x100000 read=0x100000 -> /Users/user/asahi_re/public/agx-re/experiments/EXP-0042-graphics-code-selection/raw/run_ab_p17/maps/dump01/bo_sigusr1_h0_va10000140000_cpu106f38000_sz100000.hex
BODUMP handle=0 gpu_va=0x48000 cpu=0x107038000 size=0x8000 read=0x8000 -> /Users/user/asahi_re/public/agx-re/experiments/EXP-0042-graphics-code-selection/raw/run_ab_p17/maps/dump01/bo_sigusr1_h0_va48000_cpu107038000_sz8000.hex
BODUMP handle=0 gpu_va=0x10000248000 cpu=0x107040000 size=0x8000 read=0x8000 -> /Users/user/asahi_re/public/agx-re/experiments/EXP-0042-graphics-code-selection/raw/run_ab_p17/maps/dump01/bo_sigusr1_h0_va10000248000_cpu107040000_sz8000.hex
BODUMP handle=0 gpu_va=0x10000258000 cpu=0x107048000 size=0x8000 read=0x8000 -> /Users/user/asahi_re/public/agx-re/experiments/EXP-0042-graphics-code-selection/raw/run_ab_p17/maps/dump01/bo_sigusr1_h0_va10000258000_cpu107048000_sz8000.hex
BODUMP handle=0 gpu_va=0x10000268000 cpu=0x107050000 size=0x8000 read=0x8000 -> /Users/user/asahi_re/public/agx-re/experiments/EXP-0042-graphics-code-selection/raw/run_ab_p17/maps/dump01/bo_sigusr1_h0_va10000268000_cpu107050000_sz8000.hex
BODUMP handle=0 gpu_va=0x10000278000 cpu=0x107058000 size=0x8000 read=0x8000 -> /Users/user/asahi_re/public/agx-re/experiments/EXP-0042-graphics-code-selection/raw/run_ab_p17/maps/dump01/bo_sigusr1_h0_va10000278000_cpu107058000_sz8000.hex
BODUMP handle=0 gpu_va=0x10000288000 cpu=0x107060000 size=0x8000 read=0x8000 -> /Users/user/asahi_re/public/agx-re/experiments/EXP-0042-graphics-code-selection/raw/run_ab_p17/maps/dump01/bo_sigusr1_h0_va10000288000_cpu107060000_sz8000.hex
BODUMP handle=0 gpu_va=0x58000 cpu=0x107068000 size=0x8000 read=0x8000 -> /Users/user/asahi_re/public/agx-re/experiments/EXP-0042-graphics-code-selection/raw/run_ab_p17/maps/dump01/bo_sigusr1_h0_va58000_cpu107068000_sz8000.hex
BODUMP handle=0 gpu_va=0x68000 cpu=0x107070000 size=0x88e0 read=0x88e0 -> /Users/user/asahi_re/public/agx-re/experiments/EXP-0042-graphics-code-selection/raw/run_ab_p17/maps/dump01/bo_sigusr1_h0_va68000_cpu107070000_sz88e0.hex
BODUMP handle=0 gpu_va=0x10000298000 cpu=0x10707c000 size=0xc0000 read=0xc0000 -> /Users/user/asahi_re/public/agx-re/experiments/EXP-0042-graphics-code-selection/raw/run_ab_p17/maps/dump01/bo_sigusr1_h0_va10000298000_cpu10707c000_szc0000.hex
BODUMP end reason=sigusr1
MAPDUMP reason=sigusr1 seq=75 conn=0 memType=0x00005e15 addr=0x102584000 size=0x4000 read=0x4000 -> /Users/user/asahi_re/public/agx-re/experiments/EXP-0042-graphics-code-selection/raw/run_ab_p17/maps/dump01/map_seq000075_conn0_type00005e15_at102584000_sz4000.hex
MAPDUMP reason=sigusr1 seq=75 conn=0 memType=0x00005e15 addr=0x102578000 size=0x4000 read=0x4000 -> /Users/user/asahi_re/public/agx-re/experiments/EXP-0042-graphics-code-selection/raw/run_ab_p17/maps/dump01/map_seq000075_conn0_type00005e15_at102578000_sz4000.hex
BODUMP begin reason=sigusr1 n_bo=57
BODUMP handle=0 gpu_va=0x10000000000 cpu=0x10258c000 size=0x10000 read=0x10000 -> /Users/user/asahi_re/public/agx-re/experiments/EXP-0042-graphics-code-selection/raw/run_ab_p17/maps/dump02/bo_sigusr1_h0_va10000000000_cpu10258c000_sz10000.hex
BODUMP handle=0 gpu_va=0x6f00000000 cpu=0x10259c000 size=0x3800 read=0x3800 -> /Users/user/asahi_re/public/agx-re/experiments/EXP-0042-graphics-code-selection/raw/run_ab_p17/maps/dump02/bo_sigusr1_h0_va6f00000000_cpu10259c000_sz3800.hex
BODUMP handle=0 gpu_va=0x10000018000 cpu=0x102768000 size=0x20000 read=0x20000 -> /Users/user/asahi_re/public/agx-re/experiments/EXP-0042-graphics-code-selection/raw/run_ab_p17/maps/dump02/bo_sigusr1_h0_va10000018000_cpu102768000_sz20000.hex
BODUMP handle=0 gpu_va=0x10000019000 cpu=0x102769000 size=0x20000 read=0x20000 -> /Users/user/asahi_re/public/agx-re/experiments/EXP-0042-graphics-code-selection/raw/run_ab_p17/maps/dump02/bo_sigusr1_h0_va10000019000_cpu102769000_sz20000.hex
BODUMP handle=0 gpu_va=0x1000001a100 cpu=0x10276a100 size=0x20000 read=0x20000 -> /Users/user/asahi_re/public/agx-re/experiments/EXP-0042-graphics-code-selection/raw/run_ab_p17/maps/dump02/bo_sigusr1_h0_va1000001a100_cpu10276a100_sz20000.hex
BODUMP handle=0 gpu_va=0x1000001b300 cpu=0x10276b300 size=0x20000 read=0x20000 -> /Users/user/asahi_re/public/agx-re/experiments/EXP-0042-graphics-code-selection/raw/run_ab_p17/maps/dump02/bo_sigusr1_h0_va1000001b300_cpu10276b300_sz20000.hex
BODUMP handle=0 gpu_va=0x1000001c600 cpu=0x10276c600 size=0x20000 read=0x20000 -> /Users/user/asahi_re/public/agx-re/experiments/EXP-0042-graphics-code-selection/raw/run_ab_p17/maps/dump02/bo_sigusr1_h0_va1000001c600_cpu10276c600_sz20000.hex
BODUMP handle=0 gpu_va=0x1000001da00 cpu=0x10276da00 size=0x20000 read=0x20000 -> /Users/user/asahi_re/public/agx-re/experiments/EXP-0042-graphics-code-selection/raw/run_ab_p17/maps/dump02/bo_sigusr1_h0_va1000001da00_cpu10276da00_sz20000.hex
BODUMP handle=0 gpu_va=0x1000001ef00 cpu=0x10276ef00 size=0x20000 read=0x20000 -> /Users/user/asahi_re/public/agx-re/experiments/EXP-0042-graphics-code-selection/raw/run_ab_p17/maps/dump02/bo_sigusr1_h0_va1000001ef00_cpu10276ef00_sz20000.hex
BODUMP handle=0 gpu_va=0x10000020500 cpu=0x102770500 size=0x20000 read=0x20000 -> /Users/user/asahi_re/public/agx-re/experiments/EXP-0042-graphics-code-selection/raw/run_ab_p17/maps/dump02/bo_sigusr1_h0_va10000020500_cpu102770500_sz20000.hex
BODUMP handle=0 gpu_va=0x10000021c00 cpu=0x102771c00 size=0x20000 read=0x20000 -> /Users/user/asahi_re/public/agx-re/experiments/EXP-0042-graphics-code-selection/raw/run_ab_p17/maps/dump02/bo_sigusr1_h0_va10000021c00_cpu102771c00_sz20000.hex
BODUMP handle=0 gpu_va=0x10000023400 cpu=0x102773400 size=0x20000 read=0x20000 -> /Users/user/asahi_re/public/agx-re/experiments/EXP-0042-graphics-code-selection/raw/run_ab_p17/maps/dump02/bo_sigusr1_h0_va10000023400_cpu102773400_sz20000.hex
BODUMP handle=0 gpu_va=0x10000024d00 cpu=0x102774d00 size=0x20000 read=0x20000 -> /Users/user/asahi_re/public/agx-re/experiments/EXP-0042-graphics-code-selection/raw/run_ab_p17/maps/dump02/bo_sigusr1_h0_va10000024d00_cpu102774d00_sz20000.hex
BODUMP handle=0 gpu_va=0x10000026700 cpu=0x102776700 size=0x20000 read=0x20000 -> /Users/user/asahi_re/public/agx-re/experiments/EXP-0042-graphics-code-selection/raw/run_ab_p17/maps/dump02/bo_sigusr1_h0_va10000026700_cpu102776700_sz20000.hex
BODUMP handle=0 gpu_va=0x10000028200 cpu=0x102778200 size=0x20000 read=0x20000 -> /Users/user/asahi_re/public/agx-re/experiments/EXP-0042-graphics-code-selection/raw/run_ab_p17/maps/dump02/bo_sigusr1_h0_va10000028200_cpu102778200_sz20000.hex
BODUMP handle=0 gpu_va=0x10000029e00 cpu=0x102779e00 size=0x20000 read=0x20000 -> /Users/user/asahi_re/public/agx-re/experiments/EXP-0042-graphics-code-selection/raw/run_ab_p17/maps/dump02/bo_sigusr1_h0_va10000029e00_cpu102779e00_sz20000.hex
BODUMP handle=0 gpu_va=0x1000002bb00 cpu=0x10277bb00 size=0x20000 read=0x20000 -> /Users/user/asahi_re/public/agx-re/experiments/EXP-0042-graphics-code-selection/raw/run_ab_p17/maps/dump02/bo_sigusr1_h0_va1000002bb00_cpu10277bb00_sz20000.hex
BODUMP handle=0 gpu_va=0x10000040000 cpu=0x106e40000 size=0x10000 read=0x10000 -> /Users/user/asahi_re/public/agx-re/experiments/EXP-0042-graphics-code-selection/raw/run_ab_p17/maps/dump02/bo_sigusr1_h0_va10000040000_cpu106e40000_sz10000.hex
BODUMP handle=0 gpu_va=0x0 cpu=0x106e50000 size=0x10000 read=0x10000 -> /Users/user/asahi_re/public/agx-re/experiments/EXP-0042-graphics-code-selection/raw/run_ab_p17/maps/dump02/bo_sigusr1_h0_va0_cpu106e50000_sz10000.hex
BODUMP handle=0 gpu_va=0x10000058000 cpu=0x102798000 size=0x4000 read=0x4000 -> /Users/user/asahi_re/public/agx-re/experiments/EXP-0042-graphics-code-selection/raw/run_ab_p17/maps/dump02/bo_sigusr1_h0_va10000058000_cpu102798000_sz4000.hex
BODUMP handle=0 gpu_va=0x10000060000 cpu=0x106e64000 size=0x20000 read=0x20000 -> /Users/user/asahi_re/public/agx-re/experiments/EXP-0042-graphics-code-selection/raw/run_ab_p17/maps/dump02/bo_sigusr1_h0_va10000060000_cpu106e64000_sz20000.hex
BODUMP handle=0 gpu_va=0x10000088000 cpu=0x106e8c000 size=0x74000 read=0x74000 -> /Users/user/asahi_re/public/agx-re/experiments/EXP-0042-graphics-code-selection/raw/run_ab_p17/maps/dump02/bo_sigusr1_h0_va10000088000_cpu106e8c000_sz74000.hex
BODUMP handle=0 gpu_va=0x18000 cpu=0x106f00000 size=0x8000 read=0x8000 -> /Users/user/asahi_re/public/agx-re/experiments/EXP-0042-graphics-code-selection/raw/run_ab_p17/maps/dump02/bo_sigusr1_h0_va18000_cpu106f00000_sz8000.hex
BODUMP handle=0 gpu_va=0x28000 cpu=0x106f08000 size=0x8000 read=0x8000 -> /Users/user/asahi_re/public/agx-re/experiments/EXP-0042-graphics-code-selection/raw/run_ab_p17/maps/dump02/bo_sigusr1_h0_va28000_cpu106f08000_sz8000.hex
BODUMP handle=0 gpu_va=0x38000 cpu=0x106f10000 size=0x8000 read=0x8000 -> /Users/user/asahi_re/public/agx-re/experiments/EXP-0042-graphics-code-selection/raw/run_ab_p17/maps/dump02/bo_sigusr1_h0_va38000_cpu106f10000_sz8000.hex
BODUMP handle=0 gpu_va=0x10000100000 cpu=0x106f18000 size=0x8000 read=0x8000 -> /Users/user/asahi_re/public/agx-re/experiments/EXP-0042-graphics-code-selection/raw/run_ab_p17/maps/dump02/bo_sigusr1_h0_va10000100000_cpu106f18000_sz8000.hex
BODUMP handle=0 gpu_va=0x10000110000 cpu=0x106f20000 size=0x8000 read=0x8000 -> /Users/user/asahi_re/public/agx-re/experiments/EXP-0042-graphics-code-selection/raw/run_ab_p17/maps/dump02/bo_sigusr1_h0_va10000110000_cpu106f20000_sz8000.hex
BODUMP handle=0 gpu_va=0x10000120000 cpu=0x106f28000 size=0x8000 read=0x8000 -> /Users/user/asahi_re/public/agx-re/experiments/EXP-0042-graphics-code-selection/raw/run_ab_p17/maps/dump02/bo_sigusr1_h0_va10000120000_cpu106f28000_sz8000.hex
BODUMP handle=0 gpu_va=0x10000130000 cpu=0x106f30000 size=0x8000 read=0x8000 -> /Users/user/asahi_re/public/agx-re/experiments/EXP-0042-graphics-code-selection/raw/run_ab_p17/maps/dump02/bo_sigusr1_h0_va10000130000_cpu106f30000_sz8000.hex
BODUMP handle=0 gpu_va=0x10000140000 cpu=0x106f38000 size=0x100000 read=0x100000 -> /Users/user/asahi_re/public/agx-re/experiments/EXP-0042-graphics-code-selection/raw/run_ab_p17/maps/dump02/bo_sigusr1_h0_va10000140000_cpu106f38000_sz100000.hex
BODUMP handle=0 gpu_va=0x48000 cpu=0x107038000 size=0x8000 read=0x8000 -> /Users/user/asahi_re/public/agx-re/experiments/EXP-0042-graphics-code-selection/raw/run_ab_p17/maps/dump02/bo_sigusr1_h0_va48000_cpu107038000_sz8000.hex
BODUMP handle=0 gpu_va=0x10000248000 cpu=0x107040000 size=0x8000 read=0x8000 -> /Users/user/asahi_re/public/agx-re/experiments/EXP-0042-graphics-code-selection/raw/run_ab_p17/maps/dump02/bo_sigusr1_h0_va10000248000_cpu107040000_sz8000.hex
BODUMP handle=0 gpu_va=0x10000258000 cpu=0x107048000 size=0x8000 read=0x8000 -> /Users/user/asahi_re/public/agx-re/experiments/EXP-0042-graphics-code-selection/raw/run_ab_p17/maps/dump02/bo_sigusr1_h0_va10000258000_cpu107048000_sz8000.hex
BODUMP handle=0 gpu_va=0x10000268000 cpu=0x107050000 size=0x8000 read=0x8000 -> /Users/user/asahi_re/public/agx-re/experiments/EXP-0042-graphics-code-selection/raw/run_ab_p17/maps/dump02/bo_sigusr1_h0_va10000268000_cpu107050000_sz8000.hex
BODUMP handle=0 gpu_va=0x10000278000 cpu=0x107058000 size=0x8000 read=0x8000 -> /Users/user/asahi_re/public/agx-re/experiments/EXP-0042-graphics-code-selection/raw/run_ab_p17/maps/dump02/bo_sigusr1_h0_va10000278000_cpu107058000_sz8000.hex
BODUMP handle=0 gpu_va=0x10000288000 cpu=0x107060000 size=0x8000 read=0x8000 -> /Users/user/asahi_re/public/agx-re/experiments/EXP-0042-graphics-code-selection/raw/run_ab_p17/maps/dump02/bo_sigusr1_h0_va10000288000_cpu107060000_sz8000.hex
BODUMP handle=0 gpu_va=0x58000 cpu=0x107068000 size=0x8000 read=0x8000 -> /Users/user/asahi_re/public/agx-re/experiments/EXP-0042-graphics-code-selection/raw/run_ab_p17/maps/dump02/bo_sigusr1_h0_va58000_cpu107068000_sz8000.hex
BODUMP handle=0 gpu_va=0x68000 cpu=0x107070000 size=0x88e0 read=0x88e0 -> /Users/user/asahi_re/public/agx-re/experiments/EXP-0042-graphics-code-selection/raw/run_ab_p17/maps/dump02/bo_sigusr1_h0_va68000_cpu107070000_sz88e0.hex
BODUMP handle=0 gpu_va=0x10000298000 cpu=0x10707c000 size=0xc0000 read=0xc0000 -> /Users/user/asahi_re/public/agx-re/experiments/EXP-0042-graphics-code-selection/raw/run_ab_p17/maps/dump02/bo_sigusr1_h0_va10000298000_cpu10707c000_szc0000.hex
BODUMP end reason=sigusr1
MAPDUMP reason=sigusr1 seq=75 conn=0 memType=0x00005e15 addr=0x102584000 size=0x4000 read=0x4000 -> /Users/user/asahi_re/public/agx-re/experiments/EXP-0042-graphics-code-selection/raw/run_ab_p17/maps/dump02/map_seq000075_conn0_type00005e15_at102584000_sz4000.hex
MAPDUMP reason=sigusr1 seq=75 conn=0 memType=0x00005e15 addr=0x102578000 size=0x4000 read=0x4000 -> /Users/user/asahi_re/public/agx-re/experiments/EXP-0042-graphics-code-selection/raw/run_ab_p17/maps/dump02/map_seq000075_conn0_type00005e15_at102578000_sz4000.hex
BODUMP begin reason=sigusr1 n_bo=57
BODUMP handle=0 gpu_va=0x10000000000 cpu=0x10258c000 size=0x10000 read=0x10000 -> /Users/user/asahi_re/public/agx-re/experiments/EXP-0042-graphics-code-selection/raw/run_ab_p17/maps/dump03/bo_sigusr1_h0_va10000000000_cpu10258c000_sz10000.hex
BODUMP handle=0 gpu_va=0x6f00000000 cpu=0x10259c000 size=0x3800 read=0x3800 -> /Users/user/asahi_re/public/agx-re/experiments/EXP-0042-graphics-code-selection/raw/run_ab_p17/maps/dump03/bo_sigusr1_h0_va6f00000000_cpu10259c000_sz3800.hex
BODUMP handle=0 gpu_va=0x10000018000 cpu=0x102768000 size=0x20000 read=0x20000 -> /Users/user/asahi_re/public/agx-re/experiments/EXP-0042-graphics-code-selection/raw/run_ab_p17/maps/dump03/bo_sigusr1_h0_va10000018000_cpu102768000_sz20000.hex
BODUMP handle=0 gpu_va=0x10000019000 cpu=0x102769000 size=0x20000 read=0x20000 -> /Users/user/asahi_re/public/agx-re/experiments/EXP-0042-graphics-code-selection/raw/run_ab_p17/maps/dump03/bo_sigusr1_h0_va10000019000_cpu102769000_sz20000.hex
BODUMP handle=0 gpu_va=0x1000001a100 cpu=0x10276a100 size=0x20000 read=0x20000 -> /Users/user/asahi_re/public/agx-re/experiments/EXP-0042-graphics-code-selection/raw/run_ab_p17/maps/dump03/bo_sigusr1_h0_va1000001a100_cpu10276a100_sz20000.hex
BODUMP handle=0 gpu_va=0x1000001b300 cpu=0x10276b300 size=0x20000 read=0x20000 -> /Users/user/asahi_re/public/agx-re/experiments/EXP-0042-graphics-code-selection/raw/run_ab_p17/maps/dump03/bo_sigusr1_h0_va1000001b300_cpu10276b300_sz20000.hex
BODUMP handle=0 gpu_va=0x1000001c600 cpu=0x10276c600 size=0x20000 read=0x20000 -> /Users/user/asahi_re/public/agx-re/experiments/EXP-0042-graphics-code-selection/raw/run_ab_p17/maps/dump03/bo_sigusr1_h0_va1000001c600_cpu10276c600_sz20000.hex
BODUMP handle=0 gpu_va=0x1000001da00 cpu=0x10276da00 size=0x20000 read=0x20000 -> /Users/user/asahi_re/public/agx-re/experiments/EXP-0042-graphics-code-selection/raw/run_ab_p17/maps/dump03/bo_sigusr1_h0_va1000001da00_cpu10276da00_sz20000.hex
BODUMP handle=0 gpu_va=0x1000001ef00 cpu=0x10276ef00 size=0x20000 read=0x20000 -> /Users/user/asahi_re/public/agx-re/experiments/EXP-0042-graphics-code-selection/raw/run_ab_p17/maps/dump03/bo_sigusr1_h0_va1000001ef00_cpu10276ef00_sz20000.hex
BODUMP handle=0 gpu_va=0x10000020500 cpu=0x102770500 size=0x20000 read=0x20000 -> /Users/user/asahi_re/public/agx-re/experiments/EXP-0042-graphics-code-selection/raw/run_ab_p17/maps/dump03/bo_sigusr1_h0_va10000020500_cpu102770500_sz20000.hex
BODUMP handle=0 gpu_va=0x10000021c00 cpu=0x102771c00 size=0x20000 read=0x20000 -> /Users/user/asahi_re/public/agx-re/experiments/EXP-0042-graphics-code-selection/raw/run_ab_p17/maps/dump03/bo_sigusr1_h0_va10000021c00_cpu102771c00_sz20000.hex
BODUMP handle=0 gpu_va=0x10000023400 cpu=0x102773400 size=0x20000 read=0x20000 -> /Users/user/asahi_re/public/agx-re/experiments/EXP-0042-graphics-code-selection/raw/run_ab_p17/maps/dump03/bo_sigusr1_h0_va10000023400_cpu102773400_sz20000.hex
BODUMP handle=0 gpu_va=0x10000024d00 cpu=0x102774d00 size=0x20000 read=0x20000 -> /Users/user/asahi_re/public/agx-re/experiments/EXP-0042-graphics-code-selection/raw/run_ab_p17/maps/dump03/bo_sigusr1_h0_va10000024d00_cpu102774d00_sz20000.hex
BODUMP handle=0 gpu_va=0x10000026700 cpu=0x102776700 size=0x20000 read=0x20000 -> /Users/user/asahi_re/public/agx-re/experiments/EXP-0042-graphics-code-selection/raw/run_ab_p17/maps/dump03/bo_sigusr1_h0_va10000026700_cpu102776700_sz20000.hex
BODUMP handle=0 gpu_va=0x10000028200 cpu=0x102778200 size=0x20000 read=0x20000 -> /Users/user/asahi_re/public/agx-re/experiments/EXP-0042-graphics-code-selection/raw/run_ab_p17/maps/dump03/bo_sigusr1_h0_va10000028200_cpu102778200_sz20000.hex
BODUMP handle=0 gpu_va=0x10000029e00 cpu=0x102779e00 size=0x20000 read=0x20000 -> /Users/user/asahi_re/public/agx-re/experiments/EXP-0042-graphics-code-selection/raw/run_ab_p17/maps/dump03/bo_sigusr1_h0_va10000029e00_cpu102779e00_sz20000.hex
BODUMP handle=0 gpu_va=0x1000002bb00 cpu=0x10277bb00 size=0x20000 read=0x20000 -> /Users/user/asahi_re/public/agx-re/experiments/EXP-0042-graphics-code-selection/raw/run_ab_p17/maps/dump03/bo_sigusr1_h0_va1000002bb00_cpu10277bb00_sz20000.hex
BODUMP handle=0 gpu_va=0x10000040000 cpu=0x106e40000 size=0x10000 read=0x10000 -> /Users/user/asahi_re/public/agx-re/experiments/EXP-0042-graphics-code-selection/raw/run_ab_p17/maps/dump03/bo_sigusr1_h0_va10000040000_cpu106e40000_sz10000.hex
BODUMP handle=0 gpu_va=0x0 cpu=0x106e50000 size=0x10000 read=0x10000 -> /Users/user/asahi_re/public/agx-re/experiments/EXP-0042-graphics-code-selection/raw/run_ab_p17/maps/dump03/bo_sigusr1_h0_va0_cpu106e50000_sz10000.hex
BODUMP handle=0 gpu_va=0x10000058000 cpu=0x102798000 size=0x4000 read=0x4000 -> /Users/user/asahi_re/public/agx-re/experiments/EXP-0042-graphics-code-selection/raw/run_ab_p17/maps/dump03/bo_sigusr1_h0_va10000058000_cpu102798000_sz4000.hex
BODUMP handle=0 gpu_va=0x10000060000 cpu=0x106e64000 size=0x20000 read=0x20000 -> /Users/user/asahi_re/public/agx-re/experiments/EXP-0042-graphics-code-selection/raw/run_ab_p17/maps/dump03/bo_sigusr1_h0_va10000060000_cpu106e64000_sz20000.hex
BODUMP handle=0 gpu_va=0x10000088000 cpu=0x106e8c000 size=0x74000 read=0x74000 -> /Users/user/asahi_re/public/agx-re/experiments/EXP-0042-graphics-code-selection/raw/run_ab_p17/maps/dump03/bo_sigusr1_h0_va10000088000_cpu106e8c000_sz74000.hex
BODUMP handle=0 gpu_va=0x18000 cpu=0x106f00000 size=0x8000 read=0x8000 -> /Users/user/asahi_re/public/agx-re/experiments/EXP-0042-graphics-code-selection/raw/run_ab_p17/maps/dump03/bo_sigusr1_h0_va18000_cpu106f00000_sz8000.hex
BODUMP handle=0 gpu_va=0x28000 cpu=0x106f08000 size=0x8000 read=0x8000 -> /Users/user/asahi_re/public/agx-re/experiments/EXP-0042-graphics-code-selection/raw/run_ab_p17/maps/dump03/bo_sigusr1_h0_va28000_cpu106f08000_sz8000.hex
BODUMP handle=0 gpu_va=0x38000 cpu=0x106f10000 size=0x8000 read=0x8000 -> /Users/user/asahi_re/public/agx-re/experiments/EXP-0042-graphics-code-selection/raw/run_ab_p17/maps/dump03/bo_sigusr1_h0_va38000_cpu106f10000_sz8000.hex
BODUMP handle=0 gpu_va=0x10000100000 cpu=0x106f18000 size=0x8000 read=0x8000 -> /Users/user/asahi_re/public/agx-re/experiments/EXP-0042-graphics-code-selection/raw/run_ab_p17/maps/dump03/bo_sigusr1_h0_va10000100000_cpu106f18000_sz8000.hex
BODUMP handle=0 gpu_va=0x10000110000 cpu=0x106f20000 size=0x8000 read=0x8000 -> /Users/user/asahi_re/public/agx-re/experiments/EXP-0042-graphics-code-selection/raw/run_ab_p17/maps/dump03/bo_sigusr1_h0_va10000110000_cpu106f20000_sz8000.hex
BODUMP handle=0 gpu_va=0x10000120000 cpu=0x106f28000 size=0x8000 read=0x8000 -> /Users/user/asahi_re/public/agx-re/experiments/EXP-0042-graphics-code-selection/raw/run_ab_p17/maps/dump03/bo_sigusr1_h0_va10000120000_cpu106f28000_sz8000.hex
BODUMP handle=0 gpu_va=0x10000130000 cpu=0x106f30000 size=0x8000 read=0x8000 -> /Users/user/asahi_re/public/agx-re/experiments/EXP-0042-graphics-code-selection/raw/run_ab_p17/maps/dump03/bo_sigusr1_h0_va10000130000_cpu106f30000_sz8000.hex
BODUMP handle=0 gpu_va=0x10000140000 cpu=0x106f38000 size=0x100000 read=0x100000 -> /Users/user/asahi_re/public/agx-re/experiments/EXP-0042-graphics-code-selection/raw/run_ab_p17/maps/dump03/bo_sigusr1_h0_va10000140000_cpu106f38000_sz100000.hex
BODUMP handle=0 gpu_va=0x48000 cpu=0x107038000 size=0x8000 read=0x8000 -> /Users/user/asahi_re/public/agx-re/experiments/EXP-0042-graphics-code-selection/raw/run_ab_p17/maps/dump03/bo_sigusr1_h0_va48000_cpu107038000_sz8000.hex
BODUMP handle=0 gpu_va=0x10000248000 cpu=0x107040000 size=0x8000 read=0x8000 -> /Users/user/asahi_re/public/agx-re/experiments/EXP-0042-graphics-code-selection/raw/run_ab_p17/maps/dump03/bo_sigusr1_h0_va10000248000_cpu107040000_sz8000.hex
BODUMP handle=0 gpu_va=0x10000258000 cpu=0x107048000 size=0x8000 read=0x8000 -> /Users/user/asahi_re/public/agx-re/experiments/EXP-0042-graphics-code-selection/raw/run_ab_p17/maps/dump03/bo_sigusr1_h0_va10000258000_cpu107048000_sz8000.hex
BODUMP handle=0 gpu_va=0x10000268000 cpu=0x107050000 size=0x8000 read=0x8000 -> /Users/user/asahi_re/public/agx-re/experiments/EXP-0042-graphics-code-selection/raw/run_ab_p17/maps/dump03/bo_sigusr1_h0_va10000268000_cpu107050000_sz8000.hex
BODUMP handle=0 gpu_va=0x10000278000 cpu=0x107058000 size=0x8000 read=0x8000 -> /Users/user/asahi_re/public/agx-re/experiments/EXP-0042-graphics-code-selection/raw/run_ab_p17/maps/dump03/bo_sigusr1_h0_va10000278000_cpu107058000_sz8000.hex
BODUMP handle=0 gpu_va=0x10000288000 cpu=0x107060000 size=0x8000 read=0x8000 -> /Users/user/asahi_re/public/agx-re/experiments/EXP-0042-graphics-code-selection/raw/run_ab_p17/maps/dump03/bo_sigusr1_h0_va10000288000_cpu107060000_sz8000.hex
BODUMP handle=0 gpu_va=0x58000 cpu=0x107068000 size=0x8000 read=0x8000 -> /Users/user/asahi_re/public/agx-re/experiments/EXP-0042-graphics-code-selection/raw/run_ab_p17/maps/dump03/bo_sigusr1_h0_va58000_cpu107068000_sz8000.hex
BODUMP handle=0 gpu_va=0x68000 cpu=0x107070000 size=0x88e0 read=0x88e0 -> /Users/user/asahi_re/public/agx-re/experiments/EXP-0042-graphics-code-selection/raw/run_ab_p17/maps/dump03/bo_sigusr1_h0_va68000_cpu107070000_sz88e0.hex
BODUMP handle=0 gpu_va=0x10000298000 cpu=0x10707c000 size=0xc0000 read=0xc0000 -> /Users/user/asahi_re/public/agx-re/experiments/EXP-0042-graphics-code-selection/raw/run_ab_p17/maps/dump03/bo_sigusr1_h0_va10000298000_cpu10707c000_szc0000.hex
BODUMP end reason=sigusr1
MAPDUMP reason=sigusr1 seq=75 conn=0 memType=0x00005e15 addr=0x102584000 size=0x4000 read=0x4000 -> /Users/user/asahi_re/public/agx-re/experiments/EXP-0042-graphics-code-selection/raw/run_ab_p17/maps/dump03/map_seq000075_conn0_type00005e15_at102584000_sz4000.hex
MAPDUMP reason=sigusr1 seq=75 conn=0 memType=0x00005e15 addr=0x102578000 size=0x4000 read=0x4000 -> /Users/user/asahi_re/public/agx-re/experiments/EXP-0042-graphics-code-selection/raw/run_ab_p17/maps/dump03/map_seq000075_conn0_type00005e15_at102578000_sz4000.hex
BODUMP begin reason=sigusr1 n_bo=57
BODUMP handle=0 gpu_va=0x10000000000 cpu=0x10258c000 size=0x10000 read=0x10000 -> /Users/user/asahi_re/public/agx-re/experiments/EXP-0042-graphics-code-selection/raw/run_ab_p17/maps/dump04/bo_sigusr1_h0_va10000000000_cpu10258c000_sz10000.hex
BODUMP handle=0 gpu_va=0x6f00000000 cpu=0x10259c000 size=0x3800 read=0x3800 -> /Users/user/asahi_re/public/agx-re/experiments/EXP-0042-graphics-code-selection/raw/run_ab_p17/maps/dump04/bo_sigusr1_h0_va6f00000000_cpu10259c000_sz3800.hex
BODUMP handle=0 gpu_va=0x10000018000 cpu=0x102768000 size=0x20000 read=0x20000 -> /Users/user/asahi_re/public/agx-re/experiments/EXP-0042-graphics-code-selection/raw/run_ab_p17/maps/dump04/bo_sigusr1_h0_va10000018000_cpu102768000_sz20000.hex
BODUMP handle=0 gpu_va=0x10000019000 cpu=0x102769000 size=0x20000 read=0x20000 -> /Users/user/asahi_re/public/agx-re/experiments/EXP-0042-graphics-code-selection/raw/run_ab_p17/maps/dump04/bo_sigusr1_h0_va10000019000_cpu102769000_sz20000.hex
BODUMP handle=0 gpu_va=0x1000001a100 cpu=0x10276a100 size=0x20000 read=0x20000 -> /Users/user/asahi_re/public/agx-re/experiments/EXP-0042-graphics-code-selection/raw/run_ab_p17/maps/dump04/bo_sigusr1_h0_va1000001a100_cpu10276a100_sz20000.hex
BODUMP handle=0 gpu_va=0x1000001b300 cpu=0x10276b300 size=0x20000 read=0x20000 -> /Users/user/asahi_re/public/agx-re/experiments/EXP-0042-graphics-code-selection/raw/run_ab_p17/maps/dump04/bo_sigusr1_h0_va1000001b300_cpu10276b300_sz20000.hex
BODUMP handle=0 gpu_va=0x1000001c600 cpu=0x10276c600 size=0x20000 read=0x20000 -> /Users/user/asahi_re/public/agx-re/experiments/EXP-0042-graphics-code-selection/raw/run_ab_p17/maps/dump04/bo_sigusr1_h0_va1000001c600_cpu10276c600_sz20000.hex
BODUMP handle=0 gpu_va=0x1000001da00 cpu=0x10276da00 size=0x20000 read=0x20000 -> /Users/user/asahi_re/public/agx-re/experiments/EXP-0042-graphics-code-selection/raw/run_ab_p17/maps/dump04/bo_sigusr1_h0_va1000001da00_cpu10276da00_sz20000.hex
BODUMP handle=0 gpu_va=0x1000001ef00 cpu=0x10276ef00 size=0x20000 read=0x20000 -> /Users/user/asahi_re/public/agx-re/experiments/EXP-0042-graphics-code-selection/raw/run_ab_p17/maps/dump04/bo_sigusr1_h0_va1000001ef00_cpu10276ef00_sz20000.hex
BODUMP handle=0 gpu_va=0x10000020500 cpu=0x102770500 size=0x20000 read=0x20000 -> /Users/user/asahi_re/public/agx-re/experiments/EXP-0042-graphics-code-selection/raw/run_ab_p17/maps/dump04/bo_sigusr1_h0_va10000020500_cpu102770500_sz20000.hex
BODUMP handle=0 gpu_va=0x10000021c00 cpu=0x102771c00 size=0x20000 read=0x20000 -> /Users/user/asahi_re/public/agx-re/experiments/EXP-0042-graphics-code-selection/raw/run_ab_p17/maps/dump04/bo_sigusr1_h0_va10000021c00_cpu102771c00_sz20000.hex
BODUMP handle=0 gpu_va=0x10000023400 cpu=0x102773400 size=0x20000 read=0x20000 -> /Users/user/asahi_re/public/agx-re/experiments/EXP-0042-graphics-code-selection/raw/run_ab_p17/maps/dump04/bo_sigusr1_h0_va10000023400_cpu102773400_sz20000.hex
BODUMP handle=0 gpu_va=0x10000024d00 cpu=0x102774d00 size=0x20000 read=0x20000 -> /Users/user/asahi_re/public/agx-re/experiments/EXP-0042-graphics-code-selection/raw/run_ab_p17/maps/dump04/bo_sigusr1_h0_va10000024d00_cpu102774d00_sz20000.hex
BODUMP handle=0 gpu_va=0x10000026700 cpu=0x102776700 size=0x20000 read=0x20000 -> /Users/user/asahi_re/public/agx-re/experiments/EXP-0042-graphics-code-selection/raw/run_ab_p17/maps/dump04/bo_sigusr1_h0_va10000026700_cpu102776700_sz20000.hex
BODUMP handle=0 gpu_va=0x10000028200 cpu=0x102778200 size=0x20000 read=0x20000 -> /Users/user/asahi_re/public/agx-re/experiments/EXP-0042-graphics-code-selection/raw/run_ab_p17/maps/dump04/bo_sigusr1_h0_va10000028200_cpu102778200_sz20000.hex
BODUMP handle=0 gpu_va=0x10000029e00 cpu=0x102779e00 size=0x20000 read=0x20000 -> /Users/user/asahi_re/public/agx-re/experiments/EXP-0042-graphics-code-selection/raw/run_ab_p17/maps/dump04/bo_sigusr1_h0_va10000029e00_cpu102779e00_sz20000.hex
BODUMP handle=0 gpu_va=0x1000002bb00 cpu=0x10277bb00 size=0x20000 read=0x20000 -> /Users/user/asahi_re/public/agx-re/experiments/EXP-0042-graphics-code-selection/raw/run_ab_p17/maps/dump04/bo_sigusr1_h0_va1000002bb00_cpu10277bb00_sz20000.hex
BODUMP handle=0 gpu_va=0x10000040000 cpu=0x106e40000 size=0x10000 read=0x10000 -> /Users/user/asahi_re/public/agx-re/experiments/EXP-0042-graphics-code-selection/raw/run_ab_p17/maps/dump04/bo_sigusr1_h0_va10000040000_cpu106e40000_sz10000.hex
BODUMP handle=0 gpu_va=0x0 cpu=0x106e50000 size=0x10000 read=0x10000 -> /Users/user/asahi_re/public/agx-re/experiments/EXP-0042-graphics-code-selection/raw/run_ab_p17/maps/dump04/bo_sigusr1_h0_va0_cpu106e50000_sz10000.hex
BODUMP handle=0 gpu_va=0x10000058000 cpu=0x102798000 size=0x4000 read=0x4000 -> /Users/user/asahi_re/public/agx-re/experiments/EXP-0042-graphics-code-selection/raw/run_ab_p17/maps/dump04/bo_sigusr1_h0_va10000058000_cpu102798000_sz4000.hex
BODUMP handle=0 gpu_va=0x10000060000 cpu=0x106e64000 size=0x20000 read=0x20000 -> /Users/user/asahi_re/public/agx-re/experiments/EXP-0042-graphics-code-selection/raw/run_ab_p17/maps/dump04/bo_sigusr1_h0_va10000060000_cpu106e64000_sz20000.hex
BODUMP handle=0 gpu_va=0x10000088000 cpu=0x106e8c000 size=0x74000 read=0x74000 -> /Users/user/asahi_re/public/agx-re/experiments/EXP-0042-graphics-code-selection/raw/run_ab_p17/maps/dump04/bo_sigusr1_h0_va10000088000_cpu106e8c000_sz74000.hex
BODUMP handle=0 gpu_va=0x18000 cpu=0x106f00000 size=0x8000 read=0x8000 -> /Users/user/asahi_re/public/agx-re/experiments/EXP-0042-graphics-code-selection/raw/run_ab_p17/maps/dump04/bo_sigusr1_h0_va18000_cpu106f00000_sz8000.hex
BODUMP handle=0 gpu_va=0x28000 cpu=0x106f08000 size=0x8000 read=0x8000 -> /Users/user/asahi_re/public/agx-re/experiments/EXP-0042-graphics-code-selection/raw/run_ab_p17/maps/dump04/bo_sigusr1_h0_va28000_cpu106f08000_sz8000.hex
BODUMP handle=0 gpu_va=0x38000 cpu=0x106f10000 size=0x8000 read=0x8000 -> /Users/user/asahi_re/public/agx-re/experiments/EXP-0042-graphics-code-selection/raw/run_ab_p17/maps/dump04/bo_sigusr1_h0_va38000_cpu106f10000_sz8000.hex
BODUMP handle=0 gpu_va=0x10000100000 cpu=0x106f18000 size=0x8000 read=0x8000 -> /Users/user/asahi_re/public/agx-re/experiments/EXP-0042-graphics-code-selection/raw/run_ab_p17/maps/dump04/bo_sigusr1_h0_va10000100000_cpu106f18000_sz8000.hex
BODUMP handle=0 gpu_va=0x10000110000 cpu=0x106f20000 size=0x8000 read=0x8000 -> /Users/user/asahi_re/public/agx-re/experiments/EXP-0042-graphics-code-selection/raw/run_ab_p17/maps/dump04/bo_sigusr1_h0_va10000110000_cpu106f20000_sz8000.hex
BODUMP handle=0 gpu_va=0x10000120000 cpu=0x106f28000 size=0x8000 read=0x8000 -> /Users/user/asahi_re/public/agx-re/experiments/EXP-0042-graphics-code-selection/raw/run_ab_p17/maps/dump04/bo_sigusr1_h0_va10000120000_cpu106f28000_sz8000.hex
BODUMP handle=0 gpu_va=0x10000130000 cpu=0x106f30000 size=0x8000 read=0x8000 -> /Users/user/asahi_re/public/agx-re/experiments/EXP-0042-graphics-code-selection/raw/run_ab_p17/maps/dump04/bo_sigusr1_h0_va10000130000_cpu106f30000_sz8000.hex
BODUMP handle=0 gpu_va=0x10000140000 cpu=0x106f38000 size=0x100000 read=0x100000 -> /Users/user/asahi_re/public/agx-re/experiments/EXP-0042-graphics-code-selection/raw/run_ab_p17/maps/dump04/bo_sigusr1_h0_va10000140000_cpu106f38000_sz100000.hex
BODUMP handle=0 gpu_va=0x48000 cpu=0x107038000 size=0x8000 read=0x8000 -> /Users/user/asahi_re/public/agx-re/experiments/EXP-0042-graphics-code-selection/raw/run_ab_p17/maps/dump04/bo_sigusr1_h0_va48000_cpu107038000_sz8000.hex
BODUMP handle=0 gpu_va=0x10000248000 cpu=0x107040000 size=0x8000 read=0x8000 -> /Users/user/asahi_re/public/agx-re/experiments/EXP-0042-graphics-code-selection/raw/run_ab_p17/maps/dump04/bo_sigusr1_h0_va10000248000_cpu107040000_sz8000.hex
BODUMP handle=0 gpu_va=0x10000258000 cpu=0x107048000 size=0x8000 read=0x8000 -> /Users/user/asahi_re/public/agx-re/experiments/EXP-0042-graphics-code-selection/raw/run_ab_p17/maps/dump04/bo_sigusr1_h0_va10000258000_cpu107048000_sz8000.hex
BODUMP handle=0 gpu_va=0x10000268000 cpu=0x107050000 size=0x8000 read=0x8000 -> /Users/user/asahi_re/public/agx-re/experiments/EXP-0042-graphics-code-selection/raw/run_ab_p17/maps/dump04/bo_sigusr1_h0_va10000268000_cpu107050000_sz8000.hex
BODUMP handle=0 gpu_va=0x10000278000 cpu=0x107058000 size=0x8000 read=0x8000 -> /Users/user/asahi_re/public/agx-re/experiments/EXP-0042-graphics-code-selection/raw/run_ab_p17/maps/dump04/bo_sigusr1_h0_va10000278000_cpu107058000_sz8000.hex
BODUMP handle=0 gpu_va=0x10000288000 cpu=0x107060000 size=0x8000 read=0x8000 -> /Users/user/asahi_re/public/agx-re/experiments/EXP-0042-graphics-code-selection/raw/run_ab_p17/maps/dump04/bo_sigusr1_h0_va10000288000_cpu107060000_sz8000.hex
BODUMP handle=0 gpu_va=0x58000 cpu=0x107068000 size=0x8000 read=0x8000 -> /Users/user/asahi_re/public/agx-re/experiments/EXP-0042-graphics-code-selection/raw/run_ab_p17/maps/dump04/bo_sigusr1_h0_va58000_cpu107068000_sz8000.hex
BODUMP handle=0 gpu_va=0x68000 cpu=0x107070000 size=0x88e0 read=0x88e0 -> /Users/user/asahi_re/public/agx-re/experiments/EXP-0042-graphics-code-selection/raw/run_ab_p17/maps/dump04/bo_sigusr1_h0_va68000_cpu107070000_sz88e0.hex
BODUMP handle=0 gpu_va=0x10000298000 cpu=0x10707c000 size=0xc0000 read=0xc0000 -> /Users/user/asahi_re/public/agx-re/experiments/EXP-0042-graphics-code-selection/raw/run_ab_p17/maps/dump04/bo_sigusr1_h0_va10000298000_cpu10707c000_szc0000.hex
BODUMP end reason=sigusr1
MAPDUMP reason=sigusr1 seq=75 conn=0 memType=0x00005e15 addr=0x102584000 size=0x4000 read=0x4000 -> /Users/user/asahi_re/public/agx-re/experiments/EXP-0042-graphics-code-selection/raw/run_ab_p17/maps/dump04/map_seq000075_conn0_type00005e15_at102584000_sz4000.hex
MAPDUMP reason=sigusr1 seq=75 conn=0 memType=0x00005e15 addr=0x102578000 size=0x4000 read=0x4000 -> /Users/user/asahi_re/public/agx-re/experiments/EXP-0042-graphics-code-selection/raw/run_ab_p17/maps/dump04/map_seq000075_conn0_type00005e15_at102578000_sz4000.hex
BODUMP begin reason=sigusr1 n_bo=57
BODUMP handle=0 gpu_va=0x10000000000 cpu=0x10258c000 size=0x10000 read=0x10000 -> /Users/user/asahi_re/public/agx-re/experiments/EXP-0042-graphics-code-selection/raw/run_ab_p17/maps/dump05/bo_sigusr1_h0_va10000000000_cpu10258c000_sz10000.hex
BODUMP handle=0 gpu_va=0x6f00000000 cpu=0x10259c000 size=0x3800 read=0x3800 -> /Users/user/asahi_re/public/agx-re/experiments/EXP-0042-graphics-code-selection/raw/run_ab_p17/maps/dump05/bo_sigusr1_h0_va6f00000000_cpu10259c000_sz3800.hex
BODUMP handle=0 gpu_va=0x10000018000 cpu=0x102768000 size=0x20000 read=0x20000 -> /Users/user/asahi_re/public/agx-re/experiments/EXP-0042-graphics-code-selection/raw/run_ab_p17/maps/dump05/bo_sigusr1_h0_va10000018000_cpu102768000_sz20000.hex
BODUMP handle=0 gpu_va=0x10000019000 cpu=0x102769000 size=0x20000 read=0x20000 -> /Users/user/asahi_re/public/agx-re/experiments/EXP-0042-graphics-code-selection/raw/run_ab_p17/maps/dump05/bo_sigusr1_h0_va10000019000_cpu102769000_sz20000.hex
BODUMP handle=0 gpu_va=0x1000001a100 cpu=0x10276a100 size=0x20000 read=0x20000 -> /Users/user/asahi_re/public/agx-re/experiments/EXP-0042-graphics-code-selection/raw/run_ab_p17/maps/dump05/bo_sigusr1_h0_va1000001a100_cpu10276a100_sz20000.hex
BODUMP handle=0 gpu_va=0x1000001b300 cpu=0x10276b300 size=0x20000 read=0x20000 -> /Users/user/asahi_re/public/agx-re/experiments/EXP-0042-graphics-code-selection/raw/run_ab_p17/maps/dump05/bo_sigusr1_h0_va1000001b300_cpu10276b300_sz20000.hex
BODUMP handle=0 gpu_va=0x1000001c600 cpu=0x10276c600 size=0x20000 read=0x20000 -> /Users/user/asahi_re/public/agx-re/experiments/EXP-0042-graphics-code-selection/raw/run_ab_p17/maps/dump05/bo_sigusr1_h0_va1000001c600_cpu10276c600_sz20000.hex
BODUMP handle=0 gpu_va=0x1000001da00 cpu=0x10276da00 size=0x20000 read=0x20000 -> /Users/user/asahi_re/public/agx-re/experiments/EXP-0042-graphics-code-selection/raw/run_ab_p17/maps/dump05/bo_sigusr1_h0_va1000001da00_cpu10276da00_sz20000.hex
BODUMP handle=0 gpu_va=0x1000001ef00 cpu=0x10276ef00 size=0x20000 read=0x20000 -> /Users/user/asahi_re/public/agx-re/experiments/EXP-0042-graphics-code-selection/raw/run_ab_p17/maps/dump05/bo_sigusr1_h0_va1000001ef00_cpu10276ef00_sz20000.hex
BODUMP handle=0 gpu_va=0x10000020500 cpu=0x102770500 size=0x20000 read=0x20000 -> /Users/user/asahi_re/public/agx-re/experiments/EXP-0042-graphics-code-selection/raw/run_ab_p17/maps/dump05/bo_sigusr1_h0_va10000020500_cpu102770500_sz20000.hex
BODUMP handle=0 gpu_va=0x10000021c00 cpu=0x102771c00 size=0x20000 read=0x20000 -> /Users/user/asahi_re/public/agx-re/experiments/EXP-0042-graphics-code-selection/raw/run_ab_p17/maps/dump05/bo_sigusr1_h0_va10000021c00_cpu102771c00_sz20000.hex
BODUMP handle=0 gpu_va=0x10000023400 cpu=0x102773400 size=0x20000 read=0x20000 -> /Users/user/asahi_re/public/agx-re/experiments/EXP-0042-graphics-code-selection/raw/run_ab_p17/maps/dump05/bo_sigusr1_h0_va10000023400_cpu102773400_sz20000.hex
BODUMP handle=0 gpu_va=0x10000024d00 cpu=0x102774d00 size=0x20000 read=0x20000 -> /Users/user/asahi_re/public/agx-re/experiments/EXP-0042-graphics-code-selection/raw/run_ab_p17/maps/dump05/bo_sigusr1_h0_va10000024d00_cpu102774d00_sz20000.hex
BODUMP handle=0 gpu_va=0x10000026700 cpu=0x102776700 size=0x20000 read=0x20000 -> /Users/user/asahi_re/public/agx-re/experiments/EXP-0042-graphics-code-selection/raw/run_ab_p17/maps/dump05/bo_sigusr1_h0_va10000026700_cpu102776700_sz20000.hex
BODUMP handle=0 gpu_va=0x10000028200 cpu=0x102778200 size=0x20000 read=0x20000 -> /Users/user/asahi_re/public/agx-re/experiments/EXP-0042-graphics-code-selection/raw/run_ab_p17/maps/dump05/bo_sigusr1_h0_va10000028200_cpu102778200_sz20000.hex
BODUMP handle=0 gpu_va=0x10000029e00 cpu=0x102779e00 size=0x20000 read=0x20000 -> /Users/user/asahi_re/public/agx-re/experiments/EXP-0042-graphics-code-selection/raw/run_ab_p17/maps/dump05/bo_sigusr1_h0_va10000029e00_cpu102779e00_sz20000.hex
BODUMP handle=0 gpu_va=0x1000002bb00 cpu=0x10277bb00 size=0x20000 read=0x20000 -> /Users/user/asahi_re/public/agx-re/experiments/EXP-0042-graphics-code-selection/raw/run_ab_p17/maps/dump05/bo_sigusr1_h0_va1000002bb00_cpu10277bb00_sz20000.hex
BODUMP handle=0 gpu_va=0x10000040000 cpu=0x106e40000 size=0x10000 read=0x10000 -> /Users/user/asahi_re/public/agx-re/experiments/EXP-0042-graphics-code-selection/raw/run_ab_p17/maps/dump05/bo_sigusr1_h0_va10000040000_cpu106e40000_sz10000.hex
BODUMP handle=0 gpu_va=0x0 cpu=0x106e50000 size=0x10000 read=0x10000 -> /Users/user/asahi_re/public/agx-re/experiments/EXP-0042-graphics-code-selection/raw/run_ab_p17/maps/dump05/bo_sigusr1_h0_va0_cpu106e50000_sz10000.hex
BODUMP handle=0 gpu_va=0x10000058000 cpu=0x102798000 size=0x4000 read=0x4000 -> /Users/user/asahi_re/public/agx-re/experiments/EXP-0042-graphics-code-selection/raw/run_ab_p17/maps/dump05/bo_sigusr1_h0_va10000058000_cpu102798000_sz4000.hex
BODUMP handle=0 gpu_va=0x10000060000 cpu=0x106e64000 size=0x20000 read=0x20000 -> /Users/user/asahi_re/public/agx-re/experiments/EXP-0042-graphics-code-selection/raw/run_ab_p17/maps/dump05/bo_sigusr1_h0_va10000060000_cpu106e64000_sz20000.hex
BODUMP handle=0 gpu_va=0x10000088000 cpu=0x106e8c000 size=0x74000 read=0x74000 -> /Users/user/asahi_re/public/agx-re/experiments/EXP-0042-graphics-code-selection/raw/run_ab_p17/maps/dump05/bo_sigusr1_h0_va10000088000_cpu106e8c000_sz74000.hex
BODUMP handle=0 gpu_va=0x18000 cpu=0x106f00000 size=0x8000 read=0x8000 -> /Users/user/asahi_re/public/agx-re/experiments/EXP-0042-graphics-code-selection/raw/run_ab_p17/maps/dump05/bo_sigusr1_h0_va18000_cpu106f00000_sz8000.hex
BODUMP handle=0 gpu_va=0x28000 cpu=0x106f08000 size=0x8000 read=0x8000 -> /Users/user/asahi_re/public/agx-re/experiments/EXP-0042-graphics-code-selection/raw/run_ab_p17/maps/dump05/bo_sigusr1_h0_va28000_cpu106f08000_sz8000.hex
BODUMP handle=0 gpu_va=0x38000 cpu=0x106f10000 size=0x8000 read=0x8000 -> /Users/user/asahi_re/public/agx-re/experiments/EXP-0042-graphics-code-selection/raw/run_ab_p17/maps/dump05/bo_sigusr1_h0_va38000_cpu106f10000_sz8000.hex
BODUMP handle=0 gpu_va=0x10000100000 cpu=0x106f18000 size=0x8000 read=0x8000 -> /Users/user/asahi_re/public/agx-re/experiments/EXP-0042-graphics-code-selection/raw/run_ab_p17/maps/dump05/bo_sigusr1_h0_va10000100000_cpu106f18000_sz8000.hex
BODUMP handle=0 gpu_va=0x10000110000 cpu=0x106f20000 size=0x8000 read=0x8000 -> /Users/user/asahi_re/public/agx-re/experiments/EXP-0042-graphics-code-selection/raw/run_ab_p17/maps/dump05/bo_sigusr1_h0_va10000110000_cpu106f20000_sz8000.hex
BODUMP handle=0 gpu_va=0x10000120000 cpu=0x106f28000 size=0x8000 read=0x8000 -> /Users/user/asahi_re/public/agx-re/experiments/EXP-0042-graphics-code-selection/raw/run_ab_p17/maps/dump05/bo_sigusr1_h0_va10000120000_cpu106f28000_sz8000.hex
BODUMP handle=0 gpu_va=0x10000130000 cpu=0x106f30000 size=0x8000 read=0x8000 -> /Users/user/asahi_re/public/agx-re/experiments/EXP-0042-graphics-code-selection/raw/run_ab_p17/maps/dump05/bo_sigusr1_h0_va10000130000_cpu106f30000_sz8000.hex
BODUMP handle=0 gpu_va=0x10000140000 cpu=0x106f38000 size=0x100000 read=0x100000 -> /Users/user/asahi_re/public/agx-re/experiments/EXP-0042-graphics-code-selection/raw/run_ab_p17/maps/dump05/bo_sigusr1_h0_va10000140000_cpu106f38000_sz100000.hex
BODUMP handle=0 gpu_va=0x48000 cpu=0x107038000 size=0x8000 read=0x8000 -> /Users/user/asahi_re/public/agx-re/experiments/EXP-0042-graphics-code-selection/raw/run_ab_p17/maps/dump05/bo_sigusr1_h0_va48000_cpu107038000_sz8000.hex
BODUMP handle=0 gpu_va=0x10000248000 cpu=0x107040000 size=0x8000 read=0x8000 -> /Users/user/asahi_re/public/agx-re/experiments/EXP-0042-graphics-code-selection/raw/run_ab_p17/maps/dump05/bo_sigusr1_h0_va10000248000_cpu107040000_sz8000.hex
BODUMP handle=0 gpu_va=0x10000258000 cpu=0x107048000 size=0x8000 read=0x8000 -> /Users/user/asahi_re/public/agx-re/experiments/EXP-0042-graphics-code-selection/raw/run_ab_p17/maps/dump05/bo_sigusr1_h0_va10000258000_cpu107048000_sz8000.hex
BODUMP handle=0 gpu_va=0x10000268000 cpu=0x107050000 size=0x8000 read=0x8000 -> /Users/user/asahi_re/public/agx-re/experiments/EXP-0042-graphics-code-selection/raw/run_ab_p17/maps/dump05/bo_sigusr1_h0_va10000268000_cpu107050000_sz8000.hex
BODUMP handle=0 gpu_va=0x10000278000 cpu=0x107058000 size=0x8000 read=0x8000 -> /Users/user/asahi_re/public/agx-re/experiments/EXP-0042-graphics-code-selection/raw/run_ab_p17/maps/dump05/bo_sigusr1_h0_va10000278000_cpu107058000_sz8000.hex
BODUMP handle=0 gpu_va=0x10000288000 cpu=0x107060000 size=0x8000 read=0x8000 -> /Users/user/asahi_re/public/agx-re/experiments/EXP-0042-graphics-code-selection/raw/run_ab_p17/maps/dump05/bo_sigusr1_h0_va10000288000_cpu107060000_sz8000.hex
BODUMP handle=0 gpu_va=0x58000 cpu=0x107068000 size=0x8000 read=0x8000 -> /Users/user/asahi_re/public/agx-re/experiments/EXP-0042-graphics-code-selection/raw/run_ab_p17/maps/dump05/bo_sigusr1_h0_va58000_cpu107068000_sz8000.hex
BODUMP handle=0 gpu_va=0x68000 cpu=0x107070000 size=0x88e0 read=0x88e0 -> /Users/user/asahi_re/public/agx-re/experiments/EXP-0042-graphics-code-selection/raw/run_ab_p17/maps/dump05/bo_sigusr1_h0_va68000_cpu107070000_sz88e0.hex
BODUMP handle=0 gpu_va=0x10000298000 cpu=0x10707c000 size=0xc0000 read=0xc0000 -> /Users/user/asahi_re/public/agx-re/experiments/EXP-0042-graphics-code-selection/raw/run_ab_p17/maps/dump05/bo_sigusr1_h0_va10000298000_cpu10707c000_szc0000.hex
BODUMP end reason=sigusr1
MAPDUMP reason=sigusr1 seq=75 conn=0 memType=0x00005e15 addr=0x102584000 size=0x4000 read=0x4000 -> /Users/user/asahi_re/public/agx-re/experiments/EXP-0042-graphics-code-selection/raw/run_ab_p17/maps/dump05/map_seq000075_conn0_type00005e15_at102584000_sz4000.hex
MAPDUMP reason=sigusr1 seq=75 conn=0 memType=0x00005e15 addr=0x102578000 size=0x4000 read=0x4000 -> /Users/user/asahi_re/public/agx-re/experiments/EXP-0042-graphics-code-selection/raw/run_ab_p17/maps/dump05/map_seq000075_conn0_type00005e15_at102578000_sz4000.hex
BODUMP begin reason=sigusr1 n_bo=57
BODUMP handle=0 gpu_va=0x10000000000 cpu=0x10258c000 size=0x10000 read=0x10000 -> /Users/user/asahi_re/public/agx-re/experiments/EXP-0042-graphics-code-selection/raw/run_ab_p17/maps/dump06/bo_sigusr1_h0_va10000000000_cpu10258c000_sz10000.hex
BODUMP handle=0 gpu_va=0x6f00000000 cpu=0x10259c000 size=0x3800 read=0x3800 -> /Users/user/asahi_re/public/agx-re/experiments/EXP-0042-graphics-code-selection/raw/run_ab_p17/maps/dump06/bo_sigusr1_h0_va6f00000000_cpu10259c000_sz3800.hex
BODUMP handle=0 gpu_va=0x10000018000 cpu=0x102768000 size=0x20000 read=0x20000 -> /Users/user/asahi_re/public/agx-re/experiments/EXP-0042-graphics-code-selection/raw/run_ab_p17/maps/dump06/bo_sigusr1_h0_va10000018000_cpu102768000_sz20000.hex
BODUMP handle=0 gpu_va=0x10000019000 cpu=0x102769000 size=0x20000 read=0x20000 -> /Users/user/asahi_re/public/agx-re/experiments/EXP-0042-graphics-code-selection/raw/run_ab_p17/maps/dump06/bo_sigusr1_h0_va10000019000_cpu102769000_sz20000.hex
BODUMP handle=0 gpu_va=0x1000001a100 cpu=0x10276a100 size=0x20000 read=0x20000 -> /Users/user/asahi_re/public/agx-re/experiments/EXP-0042-graphics-code-selection/raw/run_ab_p17/maps/dump06/bo_sigusr1_h0_va1000001a100_cpu10276a100_sz20000.hex
BODUMP handle=0 gpu_va=0x1000001b300 cpu=0x10276b300 size=0x20000 read=0x20000 -> /Users/user/asahi_re/public/agx-re/experiments/EXP-0042-graphics-code-selection/raw/run_ab_p17/maps/dump06/bo_sigusr1_h0_va1000001b300_cpu10276b300_sz20000.hex
BODUMP handle=0 gpu_va=0x1000001c600 cpu=0x10276c600 size=0x20000 read=0x20000 -> /Users/user/asahi_re/public/agx-re/experiments/EXP-0042-graphics-code-selection/raw/run_ab_p17/maps/dump06/bo_sigusr1_h0_va1000001c600_cpu10276c600_sz20000.hex
BODUMP handle=0 gpu_va=0x1000001da00 cpu=0x10276da00 size=0x20000 read=0x20000 -> /Users/user/asahi_re/public/agx-re/experiments/EXP-0042-graphics-code-selection/raw/run_ab_p17/maps/dump06/bo_sigusr1_h0_va1000001da00_cpu10276da00_sz20000.hex
BODUMP handle=0 gpu_va=0x1000001ef00 cpu=0x10276ef00 size=0x20000 read=0x20000 -> /Users/user/asahi_re/public/agx-re/experiments/EXP-0042-graphics-code-selection/raw/run_ab_p17/maps/dump06/bo_sigusr1_h0_va1000001ef00_cpu10276ef00_sz20000.hex
BODUMP handle=0 gpu_va=0x10000020500 cpu=0x102770500 size=0x20000 read=0x20000 -> /Users/user/asahi_re/public/agx-re/experiments/EXP-0042-graphics-code-selection/raw/run_ab_p17/maps/dump06/bo_sigusr1_h0_va10000020500_cpu102770500_sz20000.hex
BODUMP handle=0 gpu_va=0x10000021c00 cpu=0x102771c00 size=0x20000 read=0x20000 -> /Users/user/asahi_re/public/agx-re/experiments/EXP-0042-graphics-code-selection/raw/run_ab_p17/maps/dump06/bo_sigusr1_h0_va10000021c00_cpu102771c00_sz20000.hex
BODUMP handle=0 gpu_va=0x10000023400 cpu=0x102773400 size=0x20000 read=0x20000 -> /Users/user/asahi_re/public/agx-re/experiments/EXP-0042-graphics-code-selection/raw/run_ab_p17/maps/dump06/bo_sigusr1_h0_va10000023400_cpu102773400_sz20000.hex
BODUMP handle=0 gpu_va=0x10000024d00 cpu=0x102774d00 size=0x20000 read=0x20000 -> /Users/user/asahi_re/public/agx-re/experiments/EXP-0042-graphics-code-selection/raw/run_ab_p17/maps/dump06/bo_sigusr1_h0_va10000024d00_cpu102774d00_sz20000.hex
BODUMP handle=0 gpu_va=0x10000026700 cpu=0x102776700 size=0x20000 read=0x20000 -> /Users/user/asahi_re/public/agx-re/experiments/EXP-0042-graphics-code-selection/raw/run_ab_p17/maps/dump06/bo_sigusr1_h0_va10000026700_cpu102776700_sz20000.hex
BODUMP handle=0 gpu_va=0x10000028200 cpu=0x102778200 size=0x20000 read=0x20000 -> /Users/user/asahi_re/public/agx-re/experiments/EXP-0042-graphics-code-selection/raw/run_ab_p17/maps/dump06/bo_sigusr1_h0_va10000028200_cpu102778200_sz20000.hex
BODUMP handle=0 gpu_va=0x10000029e00 cpu=0x102779e00 size=0x20000 read=0x20000 -> /Users/user/asahi_re/public/agx-re/experiments/EXP-0042-graphics-code-selection/raw/run_ab_p17/maps/dump06/bo_sigusr1_h0_va10000029e00_cpu102779e00_sz20000.hex
BODUMP handle=0 gpu_va=0x1000002bb00 cpu=0x10277bb00 size=0x20000 read=0x20000 -> /Users/user/asahi_re/public/agx-re/experiments/EXP-0042-graphics-code-selection/raw/run_ab_p17/maps/dump06/bo_sigusr1_h0_va1000002bb00_cpu10277bb00_sz20000.hex
BODUMP handle=0 gpu_va=0x10000040000 cpu=0x106e40000 size=0x10000 read=0x10000 -> /Users/user/asahi_re/public/agx-re/experiments/EXP-0042-graphics-code-selection/raw/run_ab_p17/maps/dump06/bo_sigusr1_h0_va10000040000_cpu106e40000_sz10000.hex
BODUMP handle=0 gpu_va=0x0 cpu=0x106e50000 size=0x10000 read=0x10000 -> /Users/user/asahi_re/public/agx-re/experiments/EXP-0042-graphics-code-selection/raw/run_ab_p17/maps/dump06/bo_sigusr1_h0_va0_cpu106e50000_sz10000.hex
BODUMP handle=0 gpu_va=0x10000058000 cpu=0x102798000 size=0x4000 read=0x4000 -> /Users/user/asahi_re/public/agx-re/experiments/EXP-0042-graphics-code-selection/raw/run_ab_p17/maps/dump06/bo_sigusr1_h0_va10000058000_cpu102798000_sz4000.hex
BODUMP handle=0 gpu_va=0x10000060000 cpu=0x106e64000 size=0x20000 read=0x20000 -> /Users/user/asahi_re/public/agx-re/experiments/EXP-0042-graphics-code-selection/raw/run_ab_p17/maps/dump06/bo_sigusr1_h0_va10000060000_cpu106e64000_sz20000.hex
BODUMP handle=0 gpu_va=0x10000088000 cpu=0x106e8c000 size=0x74000 read=0x74000 -> /Users/user/asahi_re/public/agx-re/experiments/EXP-0042-graphics-code-selection/raw/run_ab_p17/maps/dump06/bo_sigusr1_h0_va10000088000_cpu106e8c000_sz74000.hex
BODUMP handle=0 gpu_va=0x18000 cpu=0x106f00000 size=0x8000 read=0x8000 -> /Users/user/asahi_re/public/agx-re/experiments/EXP-0042-graphics-code-selection/raw/run_ab_p17/maps/dump06/bo_sigusr1_h0_va18000_cpu106f00000_sz8000.hex
BODUMP handle=0 gpu_va=0x28000 cpu=0x106f08000 size=0x8000 read=0x8000 -> /Users/user/asahi_re/public/agx-re/experiments/EXP-0042-graphics-code-selection/raw/run_ab_p17/maps/dump06/bo_sigusr1_h0_va28000_cpu106f08000_sz8000.hex
BODUMP handle=0 gpu_va=0x38000 cpu=0x106f10000 size=0x8000 read=0x8000 -> /Users/user/asahi_re/public/agx-re/experiments/EXP-0042-graphics-code-selection/raw/run_ab_p17/maps/dump06/bo_sigusr1_h0_va38000_cpu106f10000_sz8000.hex
BODUMP handle=0 gpu_va=0x10000100000 cpu=0x106f18000 size=0x8000 read=0x8000 -> /Users/user/asahi_re/public/agx-re/experiments/EXP-0042-graphics-code-selection/raw/run_ab_p17/maps/dump06/bo_sigusr1_h0_va10000100000_cpu106f18000_sz8000.hex
BODUMP handle=0 gpu_va=0x10000110000 cpu=0x106f20000 size=0x8000 read=0x8000 -> /Users/user/asahi_re/public/agx-re/experiments/EXP-0042-graphics-code-selection/raw/run_ab_p17/maps/dump06/bo_sigusr1_h0_va10000110000_cpu106f20000_sz8000.hex
BODUMP handle=0 gpu_va=0x10000120000 cpu=0x106f28000 size=0x8000 read=0x8000 -> /Users/user/asahi_re/public/agx-re/experiments/EXP-0042-graphics-code-selection/raw/run_ab_p17/maps/dump06/bo_sigusr1_h0_va10000120000_cpu106f28000_sz8000.hex
BODUMP handle=0 gpu_va=0x10000130000 cpu=0x106f30000 size=0x8000 read=0x8000 -> /Users/user/asahi_re/public/agx-re/experiments/EXP-0042-graphics-code-selection/raw/run_ab_p17/maps/dump06/bo_sigusr1_h0_va10000130000_cpu106f30000_sz8000.hex
BODUMP handle=0 gpu_va=0x10000140000 cpu=0x106f38000 size=0x100000 read=0x100000 -> /Users/user/asahi_re/public/agx-re/experiments/EXP-0042-graphics-code-selection/raw/run_ab_p17/maps/dump06/bo_sigusr1_h0_va10000140000_cpu106f38000_sz100000.hex
BODUMP handle=0 gpu_va=0x48000 cpu=0x107038000 size=0x8000 read=0x8000 -> /Users/user/asahi_re/public/agx-re/experiments/EXP-0042-graphics-code-selection/raw/run_ab_p17/maps/dump06/bo_sigusr1_h0_va48000_cpu107038000_sz8000.hex
BODUMP handle=0 gpu_va=0x10000248000 cpu=0x107040000 size=0x8000 read=0x8000 -> /Users/user/asahi_re/public/agx-re/experiments/EXP-0042-graphics-code-selection/raw/run_ab_p17/maps/dump06/bo_sigusr1_h0_va10000248000_cpu107040000_sz8000.hex
BODUMP handle=0 gpu_va=0x10000258000 cpu=0x107048000 size=0x8000 read=0x8000 -> /Users/user/asahi_re/public/agx-re/experiments/EXP-0042-graphics-code-selection/raw/run_ab_p17/maps/dump06/bo_sigusr1_h0_va10000258000_cpu107048000_sz8000.hex
BODUMP handle=0 gpu_va=0x10000268000 cpu=0x107050000 size=0x8000 read=0x8000 -> /Users/user/asahi_re/public/agx-re/experiments/EXP-0042-graphics-code-selection/raw/run_ab_p17/maps/dump06/bo_sigusr1_h0_va10000268000_cpu107050000_sz8000.hex
BODUMP handle=0 gpu_va=0x10000278000 cpu=0x107058000 size=0x8000 read=0x8000 -> /Users/user/asahi_re/public/agx-re/experiments/EXP-0042-graphics-code-selection/raw/run_ab_p17/maps/dump06/bo_sigusr1_h0_va10000278000_cpu107058000_sz8000.hex
BODUMP handle=0 gpu_va=0x10000288000 cpu=0x107060000 size=0x8000 read=0x8000 -> /Users/user/asahi_re/public/agx-re/experiments/EXP-0042-graphics-code-selection/raw/run_ab_p17/maps/dump06/bo_sigusr1_h0_va10000288000_cpu107060000_sz8000.hex
BODUMP handle=0 gpu_va=0x58000 cpu=0x107068000 size=0x8000 read=0x8000 -> /Users/user/asahi_re/public/agx-re/experiments/EXP-0042-graphics-code-selection/raw/run_ab_p17/maps/dump06/bo_sigusr1_h0_va58000_cpu107068000_sz8000.hex
BODUMP handle=0 gpu_va=0x68000 cpu=0x107070000 size=0x88e0 read=0x88e0 -> /Users/user/asahi_re/public/agx-re/experiments/EXP-0042-graphics-code-selection/raw/run_ab_p17/maps/dump06/bo_sigusr1_h0_va68000_cpu107070000_sz88e0.hex
BODUMP handle=0 gpu_va=0x10000298000 cpu=0x10707c000 size=0xc0000 read=0xc0000 -> /Users/user/asahi_re/public/agx-re/experiments/EXP-0042-graphics-code-selection/raw/run_ab_p17/maps/dump06/bo_sigusr1_h0_va10000298000_cpu10707c000_szc0000.hex
BODUMP end reason=sigusr1
MAPDUMP reason=sigusr1 seq=75 conn=0 memType=0x00005e15 addr=0x102584000 size=0x4000 read=0x4000 -> /Users/user/asahi_re/public/agx-re/experiments/EXP-0042-graphics-code-selection/raw/run_ab_p17/maps/dump06/map_seq000075_conn0_type00005e15_at102584000_sz4000.hex
MAPDUMP reason=sigusr1 seq=75 conn=0 memType=0x00005e15 addr=0x102578000 size=0x4000 read=0x4000 -> /Users/user/asahi_re/public/agx-re/experiments/EXP-0042-graphics-code-selection/raw/run_ab_p17/maps/dump06/map_seq000075_conn0_type00005e15_at102578000_sz4000.hex
BODUMP begin reason=sigusr1 n_bo=57
BODUMP handle=0 gpu_va=0x10000000000 cpu=0x10258c000 size=0x10000 read=0x10000 -> /Users/user/asahi_re/public/agx-re/experiments/EXP-0042-graphics-code-selection/raw/run_ab_p17/maps/dump07/bo_sigusr1_h0_va10000000000_cpu10258c000_sz10000.hex
BODUMP handle=0 gpu_va=0x6f00000000 cpu=0x10259c000 size=0x3800 read=0x3800 -> /Users/user/asahi_re/public/agx-re/experiments/EXP-0042-graphics-code-selection/raw/run_ab_p17/maps/dump07/bo_sigusr1_h0_va6f00000000_cpu10259c000_sz3800.hex
BODUMP handle=0 gpu_va=0x10000018000 cpu=0x102768000 size=0x20000 read=0x20000 -> /Users/user/asahi_re/public/agx-re/experiments/EXP-0042-graphics-code-selection/raw/run_ab_p17/maps/dump07/bo_sigusr1_h0_va10000018000_cpu102768000_sz20000.hex
BODUMP handle=0 gpu_va=0x10000019000 cpu=0x102769000 size=0x20000 read=0x20000 -> /Users/user/asahi_re/public/agx-re/experiments/EXP-0042-graphics-code-selection/raw/run_ab_p17/maps/dump07/bo_sigusr1_h0_va10000019000_cpu102769000_sz20000.hex
BODUMP handle=0 gpu_va=0x1000001a100 cpu=0x10276a100 size=0x20000 read=0x20000 -> /Users/user/asahi_re/public/agx-re/experiments/EXP-0042-graphics-code-selection/raw/run_ab_p17/maps/dump07/bo_sigusr1_h0_va1000001a100_cpu10276a100_sz20000.hex
BODUMP handle=0 gpu_va=0x1000001b300 cpu=0x10276b300 size=0x20000 read=0x20000 -> /Users/user/asahi_re/public/agx-re/experiments/EXP-0042-graphics-code-selection/raw/run_ab_p17/maps/dump07/bo_sigusr1_h0_va1000001b300_cpu10276b300_sz20000.hex
BODUMP handle=0 gpu_va=0x1000001c600 cpu=0x10276c600 size=0x20000 read=0x20000 -> /Users/user/asahi_re/public/agx-re/experiments/EXP-0042-graphics-code-selection/raw/run_ab_p17/maps/dump07/bo_sigusr1_h0_va1000001c600_cpu10276c600_sz20000.hex
BODUMP handle=0 gpu_va=0x1000001da00 cpu=0x10276da00 size=0x20000 read=0x20000 -> /Users/user/asahi_re/public/agx-re/experiments/EXP-0042-graphics-code-selection/raw/run_ab_p17/maps/dump07/bo_sigusr1_h0_va1000001da00_cpu10276da00_sz20000.hex
BODUMP handle=0 gpu_va=0x1000001ef00 cpu=0x10276ef00 size=0x20000 read=0x20000 -> /Users/user/asahi_re/public/agx-re/experiments/EXP-0042-graphics-code-selection/raw/run_ab_p17/maps/dump07/bo_sigusr1_h0_va1000001ef00_cpu10276ef00_sz20000.hex
BODUMP handle=0 gpu_va=0x10000020500 cpu=0x102770500 size=0x20000 read=0x20000 -> /Users/user/asahi_re/public/agx-re/experiments/EXP-0042-graphics-code-selection/raw/run_ab_p17/maps/dump07/bo_sigusr1_h0_va10000020500_cpu102770500_sz20000.hex
BODUMP handle=0 gpu_va=0x10000021c00 cpu=0x102771c00 size=0x20000 read=0x20000 -> /Users/user/asahi_re/public/agx-re/experiments/EXP-0042-graphics-code-selection/raw/run_ab_p17/maps/dump07/bo_sigusr1_h0_va10000021c00_cpu102771c00_sz20000.hex
BODUMP handle=0 gpu_va=0x10000023400 cpu=0x102773400 size=0x20000 read=0x20000 -> /Users/user/asahi_re/public/agx-re/experiments/EXP-0042-graphics-code-selection/raw/run_ab_p17/maps/dump07/bo_sigusr1_h0_va10000023400_cpu102773400_sz20000.hex
BODUMP handle=0 gpu_va=0x10000024d00 cpu=0x102774d00 size=0x20000 read=0x20000 -> /Users/user/asahi_re/public/agx-re/experiments/EXP-0042-graphics-code-selection/raw/run_ab_p17/maps/dump07/bo_sigusr1_h0_va10000024d00_cpu102774d00_sz20000.hex
BODUMP handle=0 gpu_va=0x10000026700 cpu=0x102776700 size=0x20000 read=0x20000 -> /Users/user/asahi_re/public/agx-re/experiments/EXP-0042-graphics-code-selection/raw/run_ab_p17/maps/dump07/bo_sigusr1_h0_va10000026700_cpu102776700_sz20000.hex
BODUMP handle=0 gpu_va=0x10000028200 cpu=0x102778200 size=0x20000 read=0x20000 -> /Users/user/asahi_re/public/agx-re/experiments/EXP-0042-graphics-code-selection/raw/run_ab_p17/maps/dump07/bo_sigusr1_h0_va10000028200_cpu102778200_sz20000.hex
BODUMP handle=0 gpu_va=0x10000029e00 cpu=0x102779e00 size=0x20000 read=0x20000 -> /Users/user/asahi_re/public/agx-re/experiments/EXP-0042-graphics-code-selection/raw/run_ab_p17/maps/dump07/bo_sigusr1_h0_va10000029e00_cpu102779e00_sz20000.hex
BODUMP handle=0 gpu_va=0x1000002bb00 cpu=0x10277bb00 size=0x20000 read=0x20000 -> /Users/user/asahi_re/public/agx-re/experiments/EXP-0042-graphics-code-selection/raw/run_ab_p17/maps/dump07/bo_sigusr1_h0_va1000002bb00_cpu10277bb00_sz20000.hex
BODUMP handle=0 gpu_va=0x10000040000 cpu=0x106e40000 size=0x10000 read=0x10000 -> /Users/user/asahi_re/public/agx-re/experiments/EXP-0042-graphics-code-selection/raw/run_ab_p17/maps/dump07/bo_sigusr1_h0_va10000040000_cpu106e40000_sz10000.hex
BODUMP handle=0 gpu_va=0x0 cpu=0x106e50000 size=0x10000 read=0x10000 -> /Users/user/asahi_re/public/agx-re/experiments/EXP-0042-graphics-code-selection/raw/run_ab_p17/maps/dump07/bo_sigusr1_h0_va0_cpu106e50000_sz10000.hex
BODUMP handle=0 gpu_va=0x10000058000 cpu=0x102798000 size=0x4000 read=0x4000 -> /Users/user/asahi_re/public/agx-re/experiments/EXP-0042-graphics-code-selection/raw/run_ab_p17/maps/dump07/bo_sigusr1_h0_va10000058000_cpu102798000_sz4000.hex
BODUMP handle=0 gpu_va=0x10000060000 cpu=0x106e64000 size=0x20000 read=0x20000 -> /Users/user/asahi_re/public/agx-re/experiments/EXP-0042-graphics-code-selection/raw/run_ab_p17/maps/dump07/bo_sigusr1_h0_va10000060000_cpu106e64000_sz20000.hex
BODUMP handle=0 gpu_va=0x10000088000 cpu=0x106e8c000 size=0x74000 read=0x74000 -> /Users/user/asahi_re/public/agx-re/experiments/EXP-0042-graphics-code-selection/raw/run_ab_p17/maps/dump07/bo_sigusr1_h0_va10000088000_cpu106e8c000_sz74000.hex
BODUMP handle=0 gpu_va=0x18000 cpu=0x106f00000 size=0x8000 read=0x8000 -> /Users/user/asahi_re/public/agx-re/experiments/EXP-0042-graphics-code-selection/raw/run_ab_p17/maps/dump07/bo_sigusr1_h0_va18000_cpu106f00000_sz8000.hex
BODUMP handle=0 gpu_va=0x28000 cpu=0x106f08000 size=0x8000 read=0x8000 -> /Users/user/asahi_re/public/agx-re/experiments/EXP-0042-graphics-code-selection/raw/run_ab_p17/maps/dump07/bo_sigusr1_h0_va28000_cpu106f08000_sz8000.hex
BODUMP handle=0 gpu_va=0x38000 cpu=0x106f10000 size=0x8000 read=0x8000 -> /Users/user/asahi_re/public/agx-re/experiments/EXP-0042-graphics-code-selection/raw/run_ab_p17/maps/dump07/bo_sigusr1_h0_va38000_cpu106f10000_sz8000.hex
BODUMP handle=0 gpu_va=0x10000100000 cpu=0x106f18000 size=0x8000 read=0x8000 -> /Users/user/asahi_re/public/agx-re/experiments/EXP-0042-graphics-code-selection/raw/run_ab_p17/maps/dump07/bo_sigusr1_h0_va10000100000_cpu106f18000_sz8000.hex
BODUMP handle=0 gpu_va=0x10000110000 cpu=0x106f20000 size=0x8000 read=0x8000 -> /Users/user/asahi_re/public/agx-re/experiments/EXP-0042-graphics-code-selection/raw/run_ab_p17/maps/dump07/bo_sigusr1_h0_va10000110000_cpu106f20000_sz8000.hex
BODUMP handle=0 gpu_va=0x10000120000 cpu=0x106f28000 size=0x8000 read=0x8000 -> /Users/user/asahi_re/public/agx-re/experiments/EXP-0042-graphics-code-selection/raw/run_ab_p17/maps/dump07/bo_sigusr1_h0_va10000120000_cpu106f28000_sz8000.hex
BODUMP handle=0 gpu_va=0x10000130000 cpu=0x106f30000 size=0x8000 read=0x8000 -> /Users/user/asahi_re/public/agx-re/experiments/EXP-0042-graphics-code-selection/raw/run_ab_p17/maps/dump07/bo_sigusr1_h0_va10000130000_cpu106f30000_sz8000.hex
BODUMP handle=0 gpu_va=0x10000140000 cpu=0x106f38000 size=0x100000 read=0x100000 -> /Users/user/asahi_re/public/agx-re/experiments/EXP-0042-graphics-code-selection/raw/run_ab_p17/maps/dump07/bo_sigusr1_h0_va10000140000_cpu106f38000_sz100000.hex
BODUMP handle=0 gpu_va=0x48000 cpu=0x107038000 size=0x8000 read=0x8000 -> /Users/user/asahi_re/public/agx-re/experiments/EXP-0042-graphics-code-selection/raw/run_ab_p17/maps/dump07/bo_sigusr1_h0_va48000_cpu107038000_sz8000.hex
BODUMP handle=0 gpu_va=0x10000248000 cpu=0x107040000 size=0x8000 read=0x8000 -> /Users/user/asahi_re/public/agx-re/experiments/EXP-0042-graphics-code-selection/raw/run_ab_p17/maps/dump07/bo_sigusr1_h0_va10000248000_cpu107040000_sz8000.hex
BODUMP handle=0 gpu_va=0x10000258000 cpu=0x107048000 size=0x8000 read=0x8000 -> /Users/user/asahi_re/public/agx-re/experiments/EXP-0042-graphics-code-selection/raw/run_ab_p17/maps/dump07/bo_sigusr1_h0_va10000258000_cpu107048000_sz8000.hex
BODUMP handle=0 gpu_va=0x10000268000 cpu=0x107050000 size=0x8000 read=0x8000 -> /Users/user/asahi_re/public/agx-re/experiments/EXP-0042-graphics-code-selection/raw/run_ab_p17/maps/dump07/bo_sigusr1_h0_va10000268000_cpu107050000_sz8000.hex
BODUMP handle=0 gpu_va=0x10000278000 cpu=0x107058000 size=0x8000 read=0x8000 -> /Users/user/asahi_re/public/agx-re/experiments/EXP-0042-graphics-code-selection/raw/run_ab_p17/maps/dump07/bo_sigusr1_h0_va10000278000_cpu107058000_sz8000.hex
BODUMP handle=0 gpu_va=0x10000288000 cpu=0x107060000 size=0x8000 read=0x8000 -> /Users/user/asahi_re/public/agx-re/experiments/EXP-0042-graphics-code-selection/raw/run_ab_p17/maps/dump07/bo_sigusr1_h0_va10000288000_cpu107060000_sz8000.hex
BODUMP handle=0 gpu_va=0x58000 cpu=0x107068000 size=0x8000 read=0x8000 -> /Users/user/asahi_re/public/agx-re/experiments/EXP-0042-graphics-code-selection/raw/run_ab_p17/maps/dump07/bo_sigusr1_h0_va58000_cpu107068000_sz8000.hex
BODUMP handle=0 gpu_va=0x68000 cpu=0x107070000 size=0x88e0 read=0x88e0 -> /Users/user/asahi_re/public/agx-re/experiments/EXP-0042-graphics-code-selection/raw/run_ab_p17/maps/dump07/bo_sigusr1_h0_va68000_cpu107070000_sz88e0.hex
BODUMP handle=0 gpu_va=0x10000298000 cpu=0x10707c000 size=0xc0000 read=0xc0000 -> /Users/user/asahi_re/public/agx-re/experiments/EXP-0042-graphics-code-selection/raw/run_ab_p17/maps/dump07/bo_sigusr1_h0_va10000298000_cpu10707c000_szc0000.hex
BODUMP end reason=sigusr1
MAPDUMP reason=sigusr1 seq=75 conn=0 memType=0x00005e15 addr=0x102584000 size=0x4000 read=0x4000 -> /Users/user/asahi_re/public/agx-re/experiments/EXP-0042-graphics-code-selection/raw/run_ab_p17/maps/dump07/map_seq000075_conn0_type00005e15_at102584000_sz4000.hex
MAPDUMP reason=sigusr1 seq=75 conn=0 memType=0x00005e15 addr=0x102578000 size=0x4000 read=0x4000 -> /Users/user/asahi_re/public/agx-re/experiments/EXP-0042-graphics-code-selection/raw/run_ab_p17/maps/dump07/map_seq000075_conn0_type00005e15_at102578000_sz4000.hex
CALL seq=76 fn=Method conn=3b03 class=AGXAcceleratorG16G sel=8(0x8) inScalarCnt=1 inStructCnt=0 inScalars=[0x1]
CALL seq=77 fn=Method conn=3b03 class=AGXAcceleratorG16G sel=17(0x11) inScalarCnt=1 inStructCnt=0 inScalars=[0x1]
RET  seq=77 conn=3b03 sel=17(0x11) ret=0x0
RET  seq=77 conn=3b03 sel=8(0x8) ret=0x0
CALL seq=78 fn=Scalar conn=3b03 class=AGXAcceleratorG16G sel=15(0xf) inScalarCnt=1 inStructCnt=0 inScalars=[0x2]
RET  seq=78 conn=3b03 sel=15(0xf) ret=0x0
CALL seq=79 fn=Scalar conn=3b03 class=AGXAcceleratorG16G sel=15(0xf) inScalarCnt=1 inStructCnt=0 inScalars=[0x1]
RET  seq=79 conn=3b03 sel=15(0xf) ret=0x0
